<?xml version="1.0" encoding="UTF-8"?>
<billStatus>
  <bill>
    <policyArea>
      <name>Government Operations and Politics</name>
    </policyArea>
    <introducedDate>2017-03-08</introducedDate>
    <cosponsors>
      <item>
        <fullName>Sen. Perdue, David [R-GA]</fullName>
        <lastName>Perdue</lastName>
        <bioguideId>P000612</bioguideId>
        <isOriginalCosponsor>True</isOriginalCosponsor>
        <middleName>Alfred</middleName>
        <state>GA</state>
        <firstName>David</firstName>
        <sponsorshipDate>2017-03-08</sponsorshipDate>
        <sponsorshipWithdrawnDate />
        <party>R</party>
        <identifiers>
          <lisID>2286</lisID>
          <bioguideId>P000612</bioguideId>
          <gpoId />
        </identifiers>
      </item>
      <item>
        <fullName>Sen. Leahy, Patrick J. [D-VT]</fullName>
        <lastName>LEAHY</lastName>
        <bioguideId>L000174</bioguideId>
        <isOriginalCosponsor>True</isOriginalCosponsor>
        <middleName>JOSEPH</middleName>
        <state>VT</state>
        <firstName>PATRICK</firstName>
        <sponsorshipDate>2017-03-08</sponsorshipDate>
        <sponsorshipWithdrawnDate />
        <party>D</party>
        <identifiers>
          <bioguideId>L000174</bioguideId>
          <gpoId>8244</gpoId>
          <lisID>1383</lisID>
        </identifiers>
      </item>
    </cosponsors>
    <congress>115</congress>
    <recordedVotes />
    <amendments />
    <laws>
      <item>
        <number>115-29</number>
        <type>Public Law</type>
      </item>
    </laws>
    <cboCostEstimates />
    <actions>
      <actionByCounts>
        <senate>7</senate>
        <houseOfRepresentatives>9</houseOfRepresentatives>
      </actionByCounts>
      <actionTypeCounts>
        <passedAgreedToInSenate>1</passedAgreedToInSenate>
        <passageOfAMeasure>1</passageOfAMeasure>
        <receivedInTheHouse>1</receivedInTheHouse>
        <houseCommitteeDischarged>1</houseCommitteeDischarged>
        <senateCommitteeDischarged>1</senateCommitteeDischarged>
        <considerationByHouse>1</considerationByHouse>
        <unanimousConsentRequestToConsider>1</unanimousConsentRequestToConsider>
        <introducedInSenate>1</introducedInSenate>
        <passedAgreedToInHouse>1</passedAgreedToInHouse>
        <billReferrals>1</billReferrals>
        <placeholderTextForE>3</placeholderTextForE>
        <passedSenate>1</passedSenate>
        <sentToHouse>1</sentToHouse>
        <referredToCommittee>1</referredToCommittee>
        <committeeDischarged>2</committeeDischarged>
        <becamePublicLaw>2</becamePublicLaw>
        <presentedToPresident>1</presentedToPresident>
        <motionToReconsiderResults>1</motionToReconsiderResults>
      </actionTypeCounts>
      <item>
        <actionDate>2017-04-19</actionDate>
        <text>Became Public Law No: 115-29.</text>
        <sourceSystem>
          <name>House floor actions</name>
          <code>2</code>
        </sourceSystem>
        <committee />
        <links>
          <link>
            <name>Public Law No: 115-29</name>
            <url>https://www.congress.gov/bill/115th-congress/senate-joint-resolution/36/text/pl</url>
          </link>
        </links>
        <actionCode>E40000</actionCode>
        <type>President</type>
      </item>
      <item>
        <actionDate>2017-04-19</actionDate>
        <text>Became Public Law No: 115-29.</text>
        <sourceSystem>
          <name>Library of Congress</name>
          <code>9</code>
        </sourceSystem>
        <committee />
        <links>
          <link>
            <name>Public Law No: 115-29</name>
            <url>https://www.congress.gov/bill/115th-congress/senate-joint-resolution/36/text/pl</url>
          </link>
        </links>
        <actionCode>36000</actionCode>
        <type>BecameLaw</type>
      </item>
      <item>
        <actionDate>2017-04-19</actionDate>
        <text>Signed by President.</text>
        <sourceSystem>
          <name>House floor actions</name>
          <code>2</code>
        </sourceSystem>
        <committee />
        <links />
        <actionCode>E30000</actionCode>
        <type>President</type>
      </item>
      <item>
        <actionDate>2017-04-19</actionDate>
        <text>Signed by President.</text>
        <sourceSystem>
          <name>Library of Congress</name>
          <code>9</code>
        </sourceSystem>
        <committee />
        <links />
        <actionCode>36000</actionCode>
        <type>BecameLaw</type>
      </item>
      <item>
        <actionDate>2017-04-07</actionDate>
        <text>Presented to President.</text>
        <sourceSystem>
          <name>House floor actions</name>
          <code>2</code>
        </sourceSystem>
        <committee />
        <links />
        <actionCode>E20000</actionCode>
        <type>Floor</type>
      </item>
      <item>
        <actionDate>2017-04-07</actionDate>
        <text>Presented to President.</text>
        <sourceSystem>
          <name>Library of Congress</name>
          <code>9</code>
        </sourceSystem>
        <committee />
        <links />
        <actionCode>28000</actionCode>
        <type>President</type>
      </item>
      <item>
        <actionDate>2017-04-06</actionDate>
        <text>Motion to reconsider laid on the table Agreed to without objection.</text>
        <sourceSystem>
          <name>House floor actions</name>
          <code>2</code>
        </sourceSystem>
        <committee />
        <links />
        <actionCode>H38310</actionCode>
        <type>Floor</type>
        <actionTime>10:37:33</actionTime>
      </item>
      <item>
        <actionDate>2017-04-06</actionDate>
        <text>On passage Passed without objection. (text: CR H2767)</text>
        <sourceSystem>
          <name>House floor actions</name>
          <code>2</code>
        </sourceSystem>
        <committee />
        <links>
          <link>
            <name>H2767</name>
            <url>https://www.congress.gov/congressional-record/volume-163/house-section/page/H2767</url>
          </link>
        </links>
        <actionCode>H37100</actionCode>
        <type>Floor</type>
        <actionTime>10:37:32</actionTime>
      </item>
      <item>
        <actionDate>2017-04-06</actionDate>
        <text>Passed/agreed to in House: On passage Passed without objection.(text: CR H2767)</text>
        <sourceSystem>
          <name>Library of Congress</name>
          <code>9</code>
        </sourceSystem>
        <committee />
        <links>
          <link>
            <name>H2767</name>
            <url>https://www.congress.gov/congressional-record/volume-163/house-section/page/H2767</url>
          </link>
        </links>
        <actionCode>8000</actionCode>
        <type>Floor</type>
        <actionTime>10:37:32</actionTime>
      </item>
      <item>
        <actionDate>2017-04-06</actionDate>
        <text>Considered by unanimous consent. (consideration: CR H2767)</text>
        <sourceSystem>
          <name>House floor actions</name>
          <code>2</code>
        </sourceSystem>
        <committee />
        <links>
          <link>
            <name>H2767</name>
            <url>https://www.congress.gov/congressional-record/volume-163/house-section/page/H2767</url>
          </link>
        </links>
        <actionCode>H30000</actionCode>
        <type>Floor</type>
        <actionTime>10:36:58</actionTime>
      </item>
      <item>
        <actionDate>2017-04-06</actionDate>
        <text>Committee on House Administration discharged.</text>
        <sourceSystem>
          <name>House floor actions</name>
          <code>2</code>
        </sourceSystem>
        <committee>
          <systemCode>hsha00</systemCode>
          <name>House Administration Committee</name>
        </committee>
        <links />
        <actionCode>H12300</actionCode>
        <type>Discharge</type>
      </item>
      <item>
        <actionDate>2017-04-06</actionDate>
        <text>Committee on House Administration discharged.</text>
        <sourceSystem>
          <name>Library of Congress</name>
          <code>9</code>
        </sourceSystem>
        <committee>
          <systemCode>hsha00</systemCode>
          <name>House Administration Committee</name>
        </committee>
        <links />
        <actionCode>5500</actionCode>
        <type>Committee</type>
      </item>
      <item>
        <actionDate>2017-04-06</actionDate>
        <text>Mr. Harper asked unanimous consent to discharge from committee and consider.</text>
        <sourceSystem>
          <name>House floor actions</name>
          <code>2</code>
        </sourceSystem>
        <committee />
        <links />
        <actionCode>H30200</actionCode>
        <type>Floor</type>
        <actionTime>10:36:50</actionTime>
      </item>
      <item>
        <actionDate>2017-03-28</actionDate>
        <text>Referred to the House Committee on House Administration.</text>
        <sourceSystem>
          <name>House floor actions</name>
          <code>2</code>
        </sourceSystem>
        <committee>
          <systemCode>hsha00</systemCode>
          <name>House Administration Committee</name>
        </committee>
        <links />
        <actionCode>H11100</actionCode>
        <type>IntroReferral</type>
      </item>
      <item>
        <actionDate>2017-03-28</actionDate>
        <text>Received in the House.</text>
        <sourceSystem>
          <name>House floor actions</name>
          <code>2</code>
        </sourceSystem>
        <committee />
        <links />
        <actionCode>H14000</actionCode>
        <type>Floor</type>
        <actionTime>12:22:28</actionTime>
      </item>
      <item>
        <actionDate>2017-03-28</actionDate>
        <committee />
        <links />
        <sourceSystem>
          <name>Senate</name>
          <code>0</code>
        </sourceSystem>
        <text>Message on Senate action sent to the House.</text>
        <type>Floor</type>
      </item>
      <item>
        <actionDate>2017-03-27</actionDate>
        <committee />
        <links>
          <link>
            <name>S2004</name>
            <url>https://www.congress.gov/congressional-record/volume-163/senate-section/page/S2004</url>
          </link>
        </links>
        <sourceSystem>
          <name>Senate</name>
          <code>0</code>
        </sourceSystem>
        <text>Passed Senate without amendment by Unanimous Consent. (text: CR S2004)</text>
        <type>Floor</type>
      </item>
      <item>
        <actionDate>2017-03-27</actionDate>
        <text>Passed/agreed to in Senate: Passed Senate without amendment by Unanimous Consent.(text: CR S2004)</text>
        <sourceSystem>
          <name>Library of Congress</name>
          <code>9</code>
        </sourceSystem>
        <committee />
        <links>
          <link>
            <name>S2004</name>
            <url>https://www.congress.gov/congressional-record/volume-163/senate-section/page/S2004</url>
          </link>
        </links>
        <actionCode>17000</actionCode>
        <type>Floor</type>
      </item>
      <item>
        <actionDate>2017-03-27</actionDate>
        <committee>
          <systemCode>ssra00</systemCode>
          <name>Rules and Administration Committee</name>
        </committee>
        <links>
          <link>
            <name>S2004</name>
            <url>https://www.congress.gov/congressional-record/volume-163/senate-section/page/S2004</url>
          </link>
        </links>
        <sourceSystem>
          <name>Senate</name>
          <code>0</code>
        </sourceSystem>
        <text>Senate Committee on Rules and Administration discharged by Unanimous Consent. (consideration: CR S2004)</text>
        <type>Discharge</type>
      </item>
      <item>
        <actionDate>2017-03-27</actionDate>
        <text>Senate Committee on Rules and Administration discharged by Unanimous Consent.(consideration: CR S2004)</text>
        <sourceSystem>
          <name>Library of Congress</name>
          <code>9</code>
        </sourceSystem>
        <committee>
          <systemCode>ssra00</systemCode>
          <name>Rules and Administration Committee</name>
        </committee>
        <links>
          <link>
            <name>S2004</name>
            <url>https://www.congress.gov/congressional-record/volume-163/senate-section/page/S2004</url>
          </link>
        </links>
        <actionCode>14500</actionCode>
        <type>Committee</type>
      </item>
      <item>
        <actionDate>2017-03-08</actionDate>
        <committee>
          <systemCode>ssra00</systemCode>
          <name>Rules and Administration Committee</name>
        </committee>
        <links />
        <sourceSystem>
          <name>Senate</name>
          <code>0</code>
        </sourceSystem>
        <text>Read twice and referred to the Committee on Rules and Administration.</text>
        <type>IntroReferral</type>
      </item>
      <item>
        <actionDate>2017-03-08</actionDate>
        <text>Introduced in Senate</text>
        <sourceSystem>
          <name>Library of Congress</name>
          <code>9</code>
        </sourceSystem>
        <committee />
        <links />
        <actionCode>10000</actionCode>
        <type>IntroReferral</type>
      </item>
    </actions>
    <latestAction>
      <text>Became Public Law No: 115-29.</text>
      <actionDate>2017-04-19</actionDate>
      <links>
        <link>
          <name>Public Law No: 115-29</name>
          <url>https://www.congress.gov/bill/115th-congress/senate-joint-resolution/36/text/pl</url>
        </link>
      </links>
    </latestAction>
    <titles>
      <item>
        <chamberName />
        <parentTitleType />
        <chamberCode />
        <titleType>Official Title as Introduced</titleType>
        <title>A joint resolution providing for the appointment of Roger W. Ferguson as a citizen regent of the Board of Regents of the Smithsonian Institution.</title>
      </item>
      <item>
        <chamberName />
        <parentTitleType />
        <chamberCode />
        <titleType>Display Title</titleType>
        <title>A joint resolution providing for the appointment of Roger W. Ferguson as a citizen regent of the Board of Regents of the Smithsonian Institution.</title>
      </item>
    </titles>
    <summaries>
      <billSummaries>
        <item>
          <versionCode>00</versionCode>
          <text><![CDATA[<p>This joint resolution appoints Roger W. Ferguson as a citizen regent of the Board of Regents of the Smithsonian Institution. </p>]]></text>
          <actionDesc>Introduced in Senate</actionDesc>
          <actionDate>2017-03-08</actionDate>
          <lastSummaryUpdateDate>2017-04-12T18:18:29Z</lastSummaryUpdateDate>
          <name>Introduced in Senate</name>
          <updateDate>2017-03-08T05:00:00Z</updateDate>
        </item>
        <item>
          <versionCode>82</versionCode>
          <text><![CDATA[<p>(This measure has not been amended since it was introduced. The summary of that version is repeated here.)</p> <p>This joint resolution appoints Roger W. Ferguson as a citizen regent of the Board of Regents of the Smithsonian Institution. </p>]]></text>
          <actionDesc>Passed Senate without amendment</actionDesc>
          <actionDate>2017-03-27</actionDate>
          <lastSummaryUpdateDate>2017-04-12T18:19:28Z</lastSummaryUpdateDate>
          <name>Passed Senate without amendment</name>
          <updateDate>2017-03-27T22:24:30Z</updateDate>
        </item>
        <item>
          <versionCode>81</versionCode>
          <text><![CDATA[<p>(This measure has not been amended since it was introduced. The summary of that version is repeated here.)</p> <p>This joint resolution appoints Roger W. Ferguson as a citizen regent of the Board of Regents of the Smithsonian Institution. </p>]]></text>
          <actionDesc>Passed House without amendment</actionDesc>
          <actionDate>2017-04-06</actionDate>
          <lastSummaryUpdateDate>2017-04-25T17:46:56Z</lastSummaryUpdateDate>
          <name>Passed House without amendment</name>
          <updateDate>2017-04-06T14:39:15Z</updateDate>
        </item>
        <item>
          <versionCode>49</versionCode>
          <text><![CDATA[<p>(This measure has not been amended since it was introduced. The summary of that version is repeated here.)</p> <p>This joint resolution appoints Roger W. Ferguson as a citizen regent of the Board of Regents of the Smithsonian Institution. </p>]]></text>
          <actionDesc>Public Law</actionDesc>
          <actionDate>2017-04-19</actionDate>
          <lastSummaryUpdateDate>2017-05-01T18:53:04Z</lastSummaryUpdateDate>
          <name>Public Law</name>
          <updateDate>2017-04-20T03:59:58Z</updateDate>
        </item>
      </billSummaries>
    </summaries>
    <title>A joint resolution providing for the appointment of Roger W. Ferguson as a citizen regent of the Board of Regents of the Smithsonian Institution.</title>
    <calendarNumbers />
    <originChamber>Senate</originChamber>
    <updateDate>2018-02-06T16:44:21Z</updateDate>
    <notes />
    <billType>SJRES</billType>
    <committees>
      <billCommittees>
        <item>
          <subcommittees />
          <type>Standing</type>
          <systemCode>hsha00</systemCode>
          <activities>
            <item>
              <name>Discharged from</name>
              <date>2017-04-06T14:36:57Z</date>
            </item>
            <item>
              <name>Referred to</name>
              <date>2017-03-28T22:24:01Z</date>
            </item>
          </activities>
          <name>House Administration Committee</name>
          <chamber>House</chamber>
        </item>
        <item>
          <subcommittees />
          <type>Standing</type>
          <systemCode>ssra00</systemCode>
          <activities>
            <item>
              <name>Discharged from</name>
              <date>2017-03-27T22:24:21Z</date>
            </item>
            <item>
              <name>Referred to</name>
              <date>2017-03-08T17:26:54Z</date>
            </item>
          </activities>
          <name>Rules and Administration Committee</name>
          <chamber>Senate</chamber>
        </item>
      </billCommittees>
    </committees>
    <relatedBills>
      <item>
        <number>80</number>
        <type>HJRES</type>
        <latestAction>
          <text>Referred to the House Committee on House Administration.</text>
          <actionDate>2017-02-16</actionDate>
        </latestAction>
        <congress>115</congress>
        <latestTitle>Providing for the appointment of Roger W. Ferguson as a citizen regent of the Board of Regents of the Smithsonian Institution.</latestTitle>
        <relationshipDetails>
          <item>
            <identifiedBy>CRS</identifiedBy>
            <type>Identical bill</type>
          </item>
        </relationshipDetails>
      </item>
    </relatedBills>
    <committeeReports />
    <billNumber>36</billNumber>
    <sponsors>
      <item>
        <byRequestType />
        <state>AR</state>
        <bioguideId>B001236</bioguideId>
        <identifiers>
          <lisID>1687</lisID>
          <bioguideId>B001236</bioguideId>
          <gpoId>8247</gpoId>
        </identifiers>
        <fullName>Sen. Boozman, John [R-AR]</fullName>
        <lastName>Boozman</lastName>
        <firstName>John</firstName>
        <middleName />
        <party>R</party>
      </item>
    </sponsors>
    <createDate>2017-03-09T05:25:14Z</createDate>
    <version>1.0.0</version>
    <subjects>
      <billSubjects>
        <policyArea>
          <name>Government Operations and Politics</name>
        </policyArea>
        <legislativeSubjects>
          <item>
            <name>Federal officials</name>
          </item>
          <item>
            <name>Museums, exhibitions, cultural centers</name>
          </item>
          <item>
            <name>Smithsonian Institution</name>
          </item>
        </legislativeSubjects>
      </billSubjects>
    </subjects>
  </bill>
  <dublinCore xmlns:dc="http://purl.org/dc/elements/1.1/">
    <dc:format>text/xml</dc:format>
    <dc:language>EN</dc:language>
    <dc:rights>Pursuant to Title 17 Section 105 of the United States Code, this file is not subject to copyright protection and is in the public domain.</dc:rights>
    <dc:contributor>Congressional Research Service, Library of Congress</dc:contributor>
    <dc:description>This file contains bill summaries and statuses for federal legislation. A bill summary describes the most significant provisions of a piece of legislation and details the effects the legislative text may have on current law and federal programs. Bill summaries are authored by the Congressional Research Service (CRS) of the Library of Congress. As stated in Public Law 91-510 (2 USC 166 (d)(6)), one of the duties of CRS is "to prepare summaries and digests of bills and resolutions of a public general nature introduced in the Senate or House of Representatives". For more information, refer to the User Guide that accompanies this file.</dc:description>
  </dublinCore>
</billStatus>

