<?xml version="1.0" encoding="UTF-8"?>
<billStatus>
  <bill>
    <cosponsors>
      <item>
        <isOriginalCosponsor>True</isOriginalCosponsor>
        <fullName>Sen. Cotton, Tom [R-AR]</fullName>
        <middleName />
        <state>AR</state>
        <sponsorshipDate>2017-02-01</sponsorshipDate>
        <firstName>Tom</firstName>
        <bioguideId>C001095</bioguideId>
        <party>R</party>
        <lastName>Cotton</lastName>
        <sponsorshipWithdrawnDate />
        <identifiers>
          <lisID>2098</lisID>
          <bioguideId>C001095</bioguideId>
          <gpoId />
        </identifiers>
      </item>
      <item>
        <isOriginalCosponsor>True</isOriginalCosponsor>
        <fullName>Sen. Isakson, Johnny [R-GA]</fullName>
        <middleName />
        <state>GA</state>
        <sponsorshipDate>2017-02-01</sponsorshipDate>
        <firstName>Johnny</firstName>
        <bioguideId>I000055</bioguideId>
        <party>R</party>
        <lastName>Isakson</lastName>
        <sponsorshipWithdrawnDate />
        <identifiers>
          <bioguideId>I000055</bioguideId>
          <gpoId>8323</gpoId>
          <lisID>1608</lisID>
        </identifiers>
      </item>
      <item>
        <isOriginalCosponsor>True</isOriginalCosponsor>
        <fullName>Sen. Johnson, Ron [R-WI]</fullName>
        <middleName />
        <state>WI</state>
        <sponsorshipDate>2017-02-01</sponsorshipDate>
        <firstName>Ron</firstName>
        <bioguideId>J000293</bioguideId>
        <party>R</party>
        <lastName>Johnson</lastName>
        <sponsorshipWithdrawnDate />
        <identifiers>
          <lisID>2086</lisID>
          <bioguideId>J000293</bioguideId>
          <gpoId>8355</gpoId>
        </identifiers>
      </item>
      <item>
        <isOriginalCosponsor>True</isOriginalCosponsor>
        <fullName>Sen. Lankford, James [R-OK]</fullName>
        <middleName />
        <state>OK</state>
        <sponsorshipDate>2017-02-01</sponsorshipDate>
        <firstName>James</firstName>
        <bioguideId>L000575</bioguideId>
        <party>R</party>
        <lastName>Lankford</lastName>
        <sponsorshipWithdrawnDate />
        <identifiers>
          <gpoId>8113</gpoId>
          <lisID>2050</lisID>
          <bioguideId>L000575</bioguideId>
        </identifiers>
      </item>
      <item>
        <isOriginalCosponsor>True</isOriginalCosponsor>
        <fullName>Sen. Lee, Mike [R-UT]</fullName>
        <middleName />
        <state>UT</state>
        <sponsorshipDate>2017-02-01</sponsorshipDate>
        <firstName>Mike</firstName>
        <bioguideId>L000577</bioguideId>
        <party>R</party>
        <lastName>Lee</lastName>
        <sponsorshipWithdrawnDate />
        <identifiers>
          <lisID>2080</lisID>
          <bioguideId>L000577</bioguideId>
          <gpoId>8303</gpoId>
        </identifiers>
      </item>
      <item>
        <isOriginalCosponsor>True</isOriginalCosponsor>
        <fullName>Sen. Rounds, Mike  [R-SD]</fullName>
        <middleName />
        <state>SD</state>
        <sponsorshipDate>2017-02-01</sponsorshipDate>
        <firstName>Mike</firstName>
        <bioguideId>R000605</bioguideId>
        <party>R</party>
        <lastName>Rounds</lastName>
        <sponsorshipWithdrawnDate />
        <identifiers>
          <lisID>2288</lisID>
          <gpoId />
          <bioguideId>R000605</bioguideId>
        </identifiers>
      </item>
      <item>
        <isOriginalCosponsor>False</isOriginalCosponsor>
        <fullName>Sen. Enzi, Michael B. [R-WY]</fullName>
        <middleName>B.</middleName>
        <state>WY</state>
        <sponsorshipDate>2017-02-02</sponsorshipDate>
        <firstName>MICHAEL</firstName>
        <bioguideId>E000285</bioguideId>
        <party>R</party>
        <lastName>ENZI</lastName>
        <sponsorshipWithdrawnDate />
        <identifiers>
          <bioguideId>E000285</bioguideId>
          <lisID>1542</lisID>
          <gpoId>8328</gpoId>
        </identifiers>
      </item>
      <item>
        <isOriginalCosponsor>False</isOriginalCosponsor>
        <fullName>Sen. Kennedy, John [R-LA]</fullName>
        <middleName>Neely</middleName>
        <state>LA</state>
        <sponsorshipDate>2017-02-06</sponsorshipDate>
        <firstName>John</firstName>
        <bioguideId>K000393</bioguideId>
        <party>R</party>
        <lastName>Kennedy</lastName>
        <sponsorshipWithdrawnDate />
        <identifiers>
          <lisID>2303</lisID>
          <bioguideId>K000393</bioguideId>
          <gpoId />
        </identifiers>
      </item>
      <item>
        <isOriginalCosponsor>False</isOriginalCosponsor>
        <fullName>Sen. Flake, Jeff [R-AZ]</fullName>
        <middleName />
        <state>AZ</state>
        <sponsorshipDate>2017-02-09</sponsorshipDate>
        <firstName>JEFF</firstName>
        <bioguideId>F000444</bioguideId>
        <party>R</party>
        <lastName>FLAKE</lastName>
        <sponsorshipWithdrawnDate />
        <identifiers>
          <bioguideId>F000444</bioguideId>
          <lisID>1633</lisID>
          <gpoId>7803</gpoId>
        </identifiers>
      </item>
      <item>
        <isOriginalCosponsor>False</isOriginalCosponsor>
        <fullName>Sen. McCain, John [R-AZ]</fullName>
        <middleName>SIDNEY</middleName>
        <state>AZ</state>
        <sponsorshipDate>2017-02-27</sponsorshipDate>
        <firstName>JOHN</firstName>
        <bioguideId>M000303</bioguideId>
        <party>R</party>
        <lastName>MCCAIN</lastName>
        <sponsorshipWithdrawnDate />
        <identifiers>
          <gpoId>8253</gpoId>
          <lisID>754</lisID>
          <bioguideId>M000303</bioguideId>
        </identifiers>
      </item>
      <item>
        <isOriginalCosponsor>False</isOriginalCosponsor>
        <fullName>Sen. Cruz, Ted [R-TX]</fullName>
        <middleName />
        <state>TX</state>
        <sponsorshipDate>2017-03-28</sponsorshipDate>
        <firstName>Ted</firstName>
        <bioguideId>C001098</bioguideId>
        <party>R</party>
        <lastName>Cruz</lastName>
        <sponsorshipWithdrawnDate />
        <identifiers>
          <bioguideId>C001098</bioguideId>
          <lisID>2175</lisID>
          <gpoId />
        </identifiers>
      </item>
    </cosponsors>
    <congress>115</congress>
    <committees>
      <billCommittees>
        <item>
          <systemCode>ssbk00</systemCode>
          <chamber>Senate</chamber>
          <type>Standing</type>
          <activities>
            <item>
              <date>2017-03-30T16:13:11Z</date>
              <name>Discharged from</name>
            </item>
            <item>
              <date>2017-02-01T21:37:30Z</date>
              <name>Referred to</name>
            </item>
          </activities>
          <name>Banking, Housing, and Urban Affairs Committee</name>
          <subcommittees />
        </item>
      </billCommittees>
    </committees>
    <laws />
    <titles>
      <item>
        <titleType>Official Title as Introduced</titleType>
        <title>A joint resolution providing for congressional disapproval under chapter 8 of title 5, United States Code, of the rule submitted by the Bureau of Consumer Financial Protection relating to prepaid accounts under the Electronic Fund Transfer Act and the Truth in Lending Act.</title>
        <chamberCode />
        <parentTitleType />
        <chamberName />
      </item>
      <item>
        <titleType>Display Title</titleType>
        <title>A joint resolution providing for congressional disapproval under chapter 8 of title 5, United States Code, of the rule submitted by the Bureau of Consumer Financial Protection relating to prepaid accounts under the Electronic Fund Transfer Act and the Truth in Lending Act.</title>
        <chamberCode />
        <parentTitleType />
        <chamberName />
      </item>
    </titles>
    <billType>SJRES</billType>
    <amendments />
    <recordedVotes />
    <actions>
      <actionByCounts>
        <senate>5</senate>
      </actionByCounts>
      <actionTypeCounts>
        <referredToCommittee>1</referredToCommittee>
        <placedOnCalendarGeneralOrders>1</placedOnCalendarGeneralOrders>
        <committeeDischarged>1</committeeDischarged>
        <introducedInSenate>1</introducedInSenate>
        <senateCommitteeDischarged>1</senateCommitteeDischarged>
      </actionTypeCounts>
      <item>
        <actionDate>2017-03-30</actionDate>
        <committee />
        <links />
        <sourceSystem>
          <name>Senate</name>
          <code>0</code>
        </sourceSystem>
        <text>Placed on Senate Legislative Calendar under General Orders. Calendar No. 28.</text>
        <type>Calendars</type>
      </item>
      <item>
        <actionDate>2017-03-30</actionDate>
        <committee>
          <systemCode>ssbk00</systemCode>
          <name>Banking, Housing, and Urban Affairs Committee</name>
        </committee>
        <links>
          <link>
            <name>S2149</name>
            <url>https://www.congress.gov/congressional-record/volume-163/senate-section/page/S2149</url>
          </link>
        </links>
        <sourceSystem>
          <name>Senate</name>
          <code>0</code>
        </sourceSystem>
        <text>Senate Committee on Banking, Housing, and Urban Affairs discharged by petition pursuant to 5 U.S.C. 802(c). (consideration: CR S2149; text: CR S2149)</text>
        <type>Discharge</type>
      </item>
      <item>
        <sourceSystem>
          <name>Library of Congress</name>
          <code>9</code>
        </sourceSystem>
        <actionDate>2017-03-30</actionDate>
        <text>Senate Committee on Banking, Housing, and Urban Affairs discharged by petition pursuant to 5 U.S.C. 802(c).(consideration: CR S2149; text: CR2149)</text>
        <type>Committee</type>
        <links>
          <link>
            <name>S2149</name>
            <url>https://www.congress.gov/congressional-record/volume-163/senate-section/page/S2149</url>
          </link>
        </links>
        <committee>
          <systemCode>ssbk00</systemCode>
          <name>Banking, Housing, and Urban Affairs Committee</name>
        </committee>
        <actionCode>14500</actionCode>
      </item>
      <item>
        <actionDate>2017-02-01</actionDate>
        <committee>
          <systemCode>ssbk00</systemCode>
          <name>Banking, Housing, and Urban Affairs Committee</name>
        </committee>
        <links />
        <sourceSystem>
          <name>Senate</name>
          <code>0</code>
        </sourceSystem>
        <text>Read twice and referred to the Committee on Banking, Housing, and Urban Affairs.</text>
        <type>IntroReferral</type>
      </item>
      <item>
        <sourceSystem>
          <name>Library of Congress</name>
          <code>9</code>
        </sourceSystem>
        <actionDate>2017-02-01</actionDate>
        <text>Introduced in Senate</text>
        <type>IntroReferral</type>
        <links />
        <committee />
        <actionCode>10000</actionCode>
      </item>
    </actions>
    <introducedDate>2017-02-01</introducedDate>
    <relatedBills>
      <item>
        <congress>115</congress>
        <latestTitle>Providing for congressional disapproval under chapter 8 of title 5, United States Code, of the rule submitted by the Bureau of Consumer Financial Protection relating to prepaid accounts under the Electronic Fund Transfer Act and the Truth in Lending Act.</latestTitle>
        <number>73</number>
        <type>HJRES</type>
        <latestAction>
          <text>Referred to the House Committee on Financial Services.</text>
          <actionDate>2017-02-14</actionDate>
        </latestAction>
        <relationshipDetails>
          <item>
            <type>Identical bill</type>
            <identifiedBy>CRS</identifiedBy>
          </item>
        </relationshipDetails>
      </item>
      <item>
        <congress>115</congress>
        <latestTitle>Providing for congressional disapproval under chapter 8 of title 5, United States Code, of the rule submitted by the Bureau of Consumer Financial Protection relating to prepaid accounts under the Electronic Fund Transfer Act and the Truth in Lending Act.</latestTitle>
        <number>62</number>
        <type>HJRES</type>
        <latestAction>
          <text>Referred to the House Committee on Financial Services.</text>
          <actionDate>2017-02-03</actionDate>
        </latestAction>
        <relationshipDetails>
          <item>
            <type>Identical bill</type>
            <identifiedBy>CRS</identifiedBy>
          </item>
        </relationshipDetails>
      </item>
    </relatedBills>
    <committeeReports />
    <calendarNumbers>
      <item>
        <calendar>Senate Calendar of Business</calendar>
        <number>0028</number>
      </item>
    </calendarNumbers>
    <billNumber>19</billNumber>
    <summaries>
      <billSummaries>
        <item>
          <versionCode>00</versionCode>
          <updateDate>2017-02-01T05:00:00Z</updateDate>
          <actionDate>2017-02-01</actionDate>
          <text><![CDATA[<p>This joint resolution nullifies the rule finalized by the Consumer Financial Protection Bureau on November 22, 2016, relating to prepaid accounts under the Electronic Fund Transfer Act and the Truth in Lending Act. The rule establishes various consumer protections with respect to prepaid accounts.</p>]]></text>
          <actionDesc>Introduced in Senate</actionDesc>
          <lastSummaryUpdateDate>2017-03-06T19:18:35Z</lastSummaryUpdateDate>
          <name>Introduced in Senate</name>
        </item>
      </billSummaries>
    </summaries>
    <cboCostEstimates />
    <updateDate>2018-02-06T16:44:19Z</updateDate>
    <policyArea>
      <name>Finance and Financial Sector</name>
    </policyArea>
    <latestAction>
      <text>Placed on Senate Legislative Calendar under General Orders. Calendar No. 28.</text>
      <actionDate>2017-03-30</actionDate>
      <links />
    </latestAction>
    <subjects>
      <billSubjects>
        <policyArea>
          <name>Finance and Financial Sector</name>
        </policyArea>
        <legislativeSubjects>
          <item>
            <name>Administrative law and regulatory procedures</name>
          </item>
          <item>
            <name>Bank accounts, deposits, capital</name>
          </item>
          <item>
            <name>Congressional oversight</name>
          </item>
          <item>
            <name>Consumer Financial Protection Bureau</name>
          </item>
          <item>
            <name>Consumer credit</name>
          </item>
        </legislativeSubjects>
      </billSubjects>
    </subjects>
    <title>A joint resolution providing for congressional disapproval under chapter 8 of title 5, United States Code, of the rule submitted by the Bureau of Consumer Financial Protection relating to prepaid accounts under the Electronic Fund Transfer Act and the Truth in Lending Act.</title>
    <version>1.0.0</version>
    <sponsors>
      <item>
        <byRequestType />
        <party>R</party>
        <fullName>Sen. Perdue, David [R-GA]</fullName>
        <bioguideId>P000612</bioguideId>
        <state>GA</state>
        <lastName>Perdue</lastName>
        <middleName>Alfred</middleName>
        <firstName>David</firstName>
        <identifiers>
          <lisID>2286</lisID>
          <bioguideId>P000612</bioguideId>
          <gpoId />
        </identifiers>
      </item>
    </sponsors>
    <notes />
    <createDate>2017-02-02T05:28:47Z</createDate>
    <originChamber>Senate</originChamber>
  </bill>
  <dublinCore xmlns:dc="http://purl.org/dc/elements/1.1/">
    <dc:format>text/xml</dc:format>
    <dc:language>EN</dc:language>
    <dc:rights>Pursuant to Title 17 Section 105 of the United States Code, this file is not subject to copyright protection and is in the public domain.</dc:rights>
    <dc:contributor>Congressional Research Service, Library of Congress</dc:contributor>
    <dc:description>This file contains bill summaries and statuses for federal legislation. A bill summary describes the most significant provisions of a piece of legislation and details the effects the legislative text may have on current law and federal programs. Bill summaries are authored by the Congressional Research Service (CRS) of the Library of Congress. As stated in Public Law 91-510 (2 USC 166 (d)(6)), one of the duties of CRS is "to prepare summaries and digests of bills and resolutions of a public general nature introduced in the Senate or House of Representatives". For more information, refer to the User Guide that accompanies this file.</dc:description>
  </dublinCore>
</billStatus>

