<?xml version="1.0" encoding="UTF-8"?>
<billStatus>
  <bill>
    <subjects>
      <billSubjects>
        <legislativeSubjects>
          <item>
            <name>Constitution and constitutional amendments</name>
          </item>
          <item>
            <name>First Amendment rights</name>
          </item>
          <item>
            <name>National symbols</name>
          </item>
        </legislativeSubjects>
        <policyArea>
          <name>Civil Rights and Liberties, Minority Issues</name>
        </policyArea>
      </billSubjects>
    </subjects>
    <cosponsors>
      <item>
        <party>R</party>
        <fullName>Sen. Graham, Lindsey [R-SC]</fullName>
        <sponsorshipWithdrawnDate />
        <lastName>GRAHAM</lastName>
        <sponsorshipDate>2017-06-14</sponsorshipDate>
        <identifiers>
          <lisID>452</lisID>
          <gpoId>8335</gpoId>
          <bioguideId>G000359</bioguideId>
        </identifiers>
        <isOriginalCosponsor>True</isOriginalCosponsor>
        <firstName>LINDSEY</firstName>
        <middleName>O.</middleName>
        <bioguideId>G000359</bioguideId>
        <state>SC</state>
      </item>
      <item>
        <party>R</party>
        <fullName>Sen. Cornyn, John [R-TX]</fullName>
        <sponsorshipWithdrawnDate />
        <lastName>Cornyn</lastName>
        <sponsorshipDate>2017-06-14</sponsorshipDate>
        <identifiers>
          <lisID>1692</lisID>
          <bioguideId>C001056</bioguideId>
          <gpoId>8295</gpoId>
        </identifiers>
        <isOriginalCosponsor>True</isOriginalCosponsor>
        <firstName>John</firstName>
        <middleName />
        <bioguideId>C001056</bioguideId>
        <state>TX</state>
      </item>
      <item>
        <party>R</party>
        <fullName>Sen. Heller, Dean [R-NV]</fullName>
        <sponsorshipWithdrawnDate />
        <lastName>Heller</lastName>
        <sponsorshipDate>2017-06-14</sponsorshipDate>
        <identifiers>
          <gpoId>8060</gpoId>
          <lisID>1863</lisID>
          <bioguideId>H001041</bioguideId>
        </identifiers>
        <isOriginalCosponsor>True</isOriginalCosponsor>
        <firstName>Dean</firstName>
        <middleName />
        <bioguideId>H001041</bioguideId>
        <state>NV</state>
      </item>
      <item>
        <party>R</party>
        <fullName>Sen. Hatch, Orrin G. [R-UT]</fullName>
        <sponsorshipWithdrawnDate />
        <lastName>HATCH</lastName>
        <sponsorshipDate>2017-06-14</sponsorshipDate>
        <identifiers>
          <bioguideId>H000338</bioguideId>
          <lisID>1351</lisID>
          <gpoId>8314</gpoId>
        </identifiers>
        <isOriginalCosponsor>True</isOriginalCosponsor>
        <firstName>ORRIN</firstName>
        <middleName>GRANT</middleName>
        <bioguideId>H000338</bioguideId>
        <state>UT</state>
      </item>
      <item>
        <party>R</party>
        <fullName>Sen. Crapo, Mike [R-ID]</fullName>
        <sponsorshipWithdrawnDate />
        <lastName>CRAPO</lastName>
        <sponsorshipDate>2017-06-14</sponsorshipDate>
        <identifiers>
          <bioguideId>C000880</bioguideId>
          <lisID>250</lisID>
          <gpoId>8289</gpoId>
        </identifiers>
        <isOriginalCosponsor>True</isOriginalCosponsor>
        <firstName>MICHAEL</firstName>
        <middleName>D.</middleName>
        <bioguideId>C000880</bioguideId>
        <state>ID</state>
      </item>
      <item>
        <party>R</party>
        <fullName>Sen. Grassley, Chuck [R-IA]</fullName>
        <sponsorshipWithdrawnDate />
        <lastName>GRASSLEY</lastName>
        <sponsorshipDate>2017-06-14</sponsorshipDate>
        <identifiers>
          <bioguideId>G000386</bioguideId>
          <lisID>457</lisID>
          <gpoId>8316</gpoId>
        </identifiers>
        <isOriginalCosponsor>True</isOriginalCosponsor>
        <firstName>CHARLES</firstName>
        <middleName>ERNEST</middleName>
        <bioguideId>G000386</bioguideId>
        <state>IA</state>
      </item>
      <item>
        <party>R</party>
        <fullName>Sen. Isakson, Johnny [R-GA]</fullName>
        <sponsorshipWithdrawnDate />
        <lastName>Isakson</lastName>
        <sponsorshipDate>2017-06-14</sponsorshipDate>
        <identifiers>
          <bioguideId>I000055</bioguideId>
          <lisID>1608</lisID>
          <gpoId>8323</gpoId>
        </identifiers>
        <isOriginalCosponsor>True</isOriginalCosponsor>
        <firstName>Johnny</firstName>
        <middleName />
        <bioguideId>I000055</bioguideId>
        <state>GA</state>
      </item>
      <item>
        <party>R</party>
        <fullName>Sen. Rubio, Marco [R-FL]</fullName>
        <sponsorshipWithdrawnDate />
        <lastName>Rubio</lastName>
        <sponsorshipDate>2017-06-14</sponsorshipDate>
        <identifiers>
          <bioguideId>R000595</bioguideId>
          <lisID>2084</lisID>
          <gpoId>8242</gpoId>
        </identifiers>
        <isOriginalCosponsor>True</isOriginalCosponsor>
        <firstName>Marco</firstName>
        <middleName />
        <bioguideId>R000595</bioguideId>
        <state>FL</state>
      </item>
      <item>
        <party>R</party>
        <fullName>Sen. Perdue, David [R-GA]</fullName>
        <sponsorshipWithdrawnDate />
        <lastName>Perdue</lastName>
        <sponsorshipDate>2017-06-19</sponsorshipDate>
        <identifiers>
          <lisID>2286</lisID>
          <gpoId />
          <bioguideId>P000612</bioguideId>
        </identifiers>
        <isOriginalCosponsor>False</isOriginalCosponsor>
        <firstName>David</firstName>
        <middleName>Alfred</middleName>
        <bioguideId>P000612</bioguideId>
        <state>GA</state>
      </item>
      <item>
        <party>R</party>
        <fullName>Sen. Toomey, Pat [R-PA]</fullName>
        <sponsorshipWithdrawnDate />
        <lastName>Toomey</lastName>
        <sponsorshipDate>2017-06-20</sponsorshipDate>
        <identifiers>
          <gpoId />
          <bioguideId>T000461</bioguideId>
          <lisID>1594</lisID>
        </identifiers>
        <isOriginalCosponsor>False</isOriginalCosponsor>
        <firstName>Pat</firstName>
        <middleName />
        <bioguideId>T000461</bioguideId>
        <state>PA</state>
      </item>
      <item>
        <party>R</party>
        <fullName>Sen. Fischer, Deb [R-NE]</fullName>
        <sponsorshipWithdrawnDate />
        <lastName>Fischer</lastName>
        <sponsorshipDate>2017-06-21</sponsorshipDate>
        <identifiers>
          <lisID>2179</lisID>
          <gpoId />
          <bioguideId>F000463</bioguideId>
        </identifiers>
        <isOriginalCosponsor>False</isOriginalCosponsor>
        <firstName>Deb</firstName>
        <middleName />
        <bioguideId>F000463</bioguideId>
        <state>NE</state>
      </item>
      <item>
        <party>R</party>
        <fullName>Sen. Blunt, Roy [R-MO]</fullName>
        <sponsorshipWithdrawnDate />
        <lastName>Blunt</lastName>
        <sponsorshipDate>2018-02-28</sponsorshipDate>
        <identifiers>
          <lisID>1464</lisID>
          <gpoId>8313</gpoId>
          <bioguideId>B000575</bioguideId>
        </identifiers>
        <isOriginalCosponsor>False</isOriginalCosponsor>
        <firstName>Roy</firstName>
        <middleName />
        <bioguideId>B000575</bioguideId>
        <state>MO</state>
      </item>
      <item>
        <party>R</party>
        <fullName>Sen. Cotton, Tom [R-AR]</fullName>
        <sponsorshipWithdrawnDate />
        <lastName>Cotton</lastName>
        <sponsorshipDate>2018-02-28</sponsorshipDate>
        <identifiers>
          <gpoId />
          <bioguideId>C001095</bioguideId>
          <lisID>2098</lisID>
        </identifiers>
        <isOriginalCosponsor>False</isOriginalCosponsor>
        <firstName>Tom</firstName>
        <middleName />
        <bioguideId>C001095</bioguideId>
        <state>AR</state>
      </item>
    </cosponsors>
    <introducedDate>2017-06-14</introducedDate>
    <cboCostEstimates />
    <latestAction>
      <text>Read twice and referred to the Committee on the Judiciary. (Sponsor introductory remarks on measure: CR S3491)</text>
      <actionDate>2017-06-14</actionDate>
      <links />
    </latestAction>
    <notes />
    <billType>SJRES</billType>
    <originChamber>Senate</originChamber>
    <summaries>
      <billSummaries>
        <item>
          <name>Introduced in Senate</name>
          <versionCode>00</versionCode>
          <actionDate>2017-06-14</actionDate>
          <updateDate>2017-06-14T04:00:00Z</updateDate>
          <lastSummaryUpdateDate>2017-07-17T13:02:35Z</lastSummaryUpdateDate>
          <text><![CDATA[<p><b>Constitutional Amendment </b></p> <p>This joint resolution grants Congress the power to prohibit the physical desecration of the U.S. flag.</p>]]></text>
          <actionDesc>Introduced in Senate</actionDesc>
        </item>
      </billSummaries>
    </summaries>
    <amendments />
    <relatedBills>
      <item>
        <type>HJRES</type>
        <latestAction>
          <text>Referred to the Subcommittee on the Constitution and Civil Justice.</text>
          <actionDate>2017-02-08</actionDate>
        </latestAction>
        <relationshipDetails>
          <item>
            <type>Identical bill</type>
            <identifiedBy>CRS</identifiedBy>
          </item>
        </relationshipDetails>
        <latestTitle>Proposing an amendment to the Constitution of the United States giving Congress power to prohibit the physical desecration of the flag of the United States.</latestTitle>
        <congress>115</congress>
        <number>61</number>
      </item>
    </relatedBills>
    <updateDate>2018-03-01T06:01:36Z</updateDate>
    <policyArea>
      <name>Civil Rights and Liberties, Minority Issues</name>
    </policyArea>
    <sponsors>
      <item>
        <firstName>Steve</firstName>
        <middleName />
        <lastName>Daines</lastName>
        <fullName>Sen. Daines, Steve [R-MT]</fullName>
        <bioguideId>D000618</bioguideId>
        <state>MT</state>
        <byRequestType />
        <identifiers>
          <lisID>2138</lisID>
          <gpoId />
          <bioguideId>D000618</bioguideId>
        </identifiers>
        <party>R</party>
      </item>
    </sponsors>
    <committeeReports />
    <billNumber>46</billNumber>
    <titles>
      <item>
        <parentTitleType />
        <title>A joint resolution proposing an amendment to the Constitution of the United States authorizing the Congress to prohibit the physical desecration of the flag of the United States.</title>
        <titleType>Official Title as Introduced</titleType>
        <chamberName />
        <chamberCode />
      </item>
      <item>
        <parentTitleType />
        <title>A joint resolution proposing an amendment to the Constitution of the United States authorizing the Congress to prohibit the physical desecration of the flag of the United States.</title>
        <titleType>Display Title</titleType>
        <chamberName />
        <chamberCode />
      </item>
    </titles>
    <calendarNumbers />
    <createDate>2017-06-15T00:26:35Z</createDate>
    <title>A joint resolution proposing an amendment to the Constitution of the United States authorizing the Congress to prohibit the physical desecration of the flag of the United States.</title>
    <congress>115</congress>
    <version>1.0.0</version>
    <committees>
      <billCommittees>
        <item>
          <activities>
            <item>
              <name>Referred to</name>
              <date>2017-06-14T20:29:48Z</date>
            </item>
          </activities>
          <chamber>Senate</chamber>
          <subcommittees />
          <systemCode>ssju00</systemCode>
          <name>Judiciary Committee</name>
          <type>Standing</type>
        </item>
      </billCommittees>
    </committees>
    <laws />
    <actions>
      <actionByCounts>
        <senate>2</senate>
      </actionByCounts>
      <actionTypeCounts>
        <referredToCommittee>1</referredToCommittee>
        <introducedInSenate>1</introducedInSenate>
      </actionTypeCounts>
      <item>
        <actionDate>2017-06-14</actionDate>
        <committee>
          <systemCode>ssju00</systemCode>
          <name>Judiciary Committee</name>
        </committee>
        <links>
          <link>
            <name>S3491</name>
            <url>https://www.congress.gov/congressional-record/volume-163/senate-section/page/S3491</url>
          </link>
        </links>
        <sourceSystem>
          <name>Senate</name>
          <code>0</code>
        </sourceSystem>
        <text>Read twice and referred to the Committee on the Judiciary. (Sponsor introductory remarks on measure: CR S3491)</text>
        <type>IntroReferral</type>
      </item>
      <item>
        <type>IntroReferral</type>
        <links />
        <committee />
        <text>Introduced in Senate</text>
        <actionCode>10000</actionCode>
        <actionDate>2017-06-14</actionDate>
        <sourceSystem>
          <name>Library of Congress</name>
          <code>9</code>
        </sourceSystem>
      </item>
    </actions>
    <recordedVotes />
  </bill>
  <dublinCore xmlns:dc="http://purl.org/dc/elements/1.1/">
    <dc:format>text/xml</dc:format>
    <dc:language>EN</dc:language>
    <dc:rights>Pursuant to Title 17 Section 105 of the United States Code, this file is not subject to copyright protection and is in the public domain.</dc:rights>
    <dc:contributor>Congressional Research Service, Library of Congress</dc:contributor>
    <dc:description>This file contains bill summaries and statuses for federal legislation. A bill summary describes the most significant provisions of a piece of legislation and details the effects the legislative text may have on current law and federal programs. Bill summaries are authored by the Congressional Research Service (CRS) of the Library of Congress. As stated in Public Law 91-510 (2 USC 166 (d)(6)), one of the duties of CRS is "to prepare summaries and digests of bills and resolutions of a public general nature introduced in the Senate or House of Representatives". For more information, refer to the User Guide that accompanies this file.</dc:description>
  </dublinCore>
</billStatus>

