<?xml version="1.0" encoding="UTF-8"?>
<billStatus>
  <bill>
    <relatedBills>
      <item>
        <number>11</number>
        <type>HJRES</type>
        <latestAction>
          <text>Referred to the House Committee on Natural Resources.</text>
          <actionDate>2017-01-03</actionDate>
        </latestAction>
        <congress>115</congress>
        <latestTitle>Disapproving the rule submitted by the Department of the Interior known as the Stream Protection Rule.</latestTitle>
        <relationshipDetails>
          <item>
            <identifiedBy>CRS</identifiedBy>
            <type>Related bill</type>
          </item>
        </relationshipDetails>
      </item>
      <item>
        <number>16</number>
        <type>HJRES</type>
        <latestAction>
          <text>Referred to the House Committee on Natural Resources.</text>
          <actionDate>2017-01-04</actionDate>
        </latestAction>
        <congress>115</congress>
        <latestTitle>Disapproving a rule submitted by the Department of the Interior known as the "Stream Protection Rule".</latestTitle>
        <relationshipDetails>
          <item>
            <identifiedBy>CRS</identifiedBy>
            <type>Related bill</type>
          </item>
        </relationshipDetails>
      </item>
      <item>
        <number>38</number>
        <type>HJRES</type>
        <latestAction>
          <text>Became Public Law No: 115-5.</text>
          <actionDate>2017-02-16</actionDate>
        </latestAction>
        <congress>115</congress>
        <latestTitle>Disapproving the rule submitted by the Department of the Interior known as the Stream Protection Rule.</latestTitle>
        <relationshipDetails>
          <item>
            <identifiedBy>CRS</identifiedBy>
            <type>Related bill</type>
          </item>
        </relationshipDetails>
      </item>
    </relatedBills>
    <originChamber>Senate</originChamber>
    <recordedVotes />
    <latestAction>
      <text>Read twice and referred to the Committee on Energy and Natural Resources.</text>
      <links />
      <actionDate>2017-01-30</actionDate>
    </latestAction>
    <createDate>2017-01-31T05:23:10Z</createDate>
    <title>A joint resolution providing for congressional disapproval under chapter 8 of title 5, United States Code, of the final rule submitted by the Secretary of the Interior relating to stream protection.</title>
    <summaries>
      <billSummaries>
        <item>
          <text><![CDATA[<p>This joint resolution nullifies the Stream Protection Rule finalized by the Department of the Interior on December 20, 2016. The rule addresses the impacts of surface coal mining operations on surface water, groundwater, and the productivity of mining operation sites.</p>]]></text>
          <actionDate>2017-01-30</actionDate>
          <updateDate>2017-01-30T05:00:00Z</updateDate>
          <lastSummaryUpdateDate>2017-02-06T19:33:39Z</lastSummaryUpdateDate>
          <name>Introduced in Senate</name>
          <actionDesc>Introduced in Senate</actionDesc>
          <versionCode>00</versionCode>
        </item>
      </billSummaries>
    </summaries>
    <actions>
      <item>
        <actionDate>2017-01-30</actionDate>
        <committee>
          <systemCode>sseg00</systemCode>
          <name>Energy and Natural Resources Committee</name>
        </committee>
        <links />
        <sourceSystem>
          <name>Senate</name>
          <code>0</code>
        </sourceSystem>
        <text>Read twice and referred to the Committee on Energy and Natural Resources.</text>
        <type>IntroReferral</type>
      </item>
      <item>
        <sourceSystem>
          <name>Library of Congress</name>
          <code>9</code>
        </sourceSystem>
        <actionDate>2017-01-30</actionDate>
        <links />
        <text>Introduced in Senate</text>
        <committee />
        <actionCode>10000</actionCode>
        <type>IntroReferral</type>
      </item>
      <actionByCounts>
        <senate>2</senate>
      </actionByCounts>
      <actionTypeCounts>
        <referredToCommittee>1</referredToCommittee>
        <introducedInSenate>1</introducedInSenate>
      </actionTypeCounts>
    </actions>
    <updateDate>2018-02-06T16:44:19Z</updateDate>
    <amendments />
    <notes />
    <sponsors>
      <item>
        <bioguideId>M000355</bioguideId>
        <middleName />
        <byRequestType />
        <firstName>MITCH</firstName>
        <lastName>MCCONNELL</lastName>
        <state>KY</state>
        <party>R</party>
        <identifiers>
          <lisID>1395</lisID>
          <bioguideId>M000355</bioguideId>
          <gpoId>8254</gpoId>
        </identifiers>
        <fullName>Sen. McConnell, Mitch [R-KY]</fullName>
      </item>
    </sponsors>
    <committees>
      <billCommittees>
        <item>
          <systemCode>sseg00</systemCode>
          <name>Energy and Natural Resources Committee</name>
          <type>Standing</type>
          <activities>
            <item>
              <name>Referred to</name>
              <date>2017-01-30T20:58:34Z</date>
            </item>
          </activities>
          <chamber>Senate</chamber>
          <subcommittees />
        </item>
      </billCommittees>
    </committees>
    <cosponsors>
      <item>
        <identifiers>
          <lisID>1676</lisID>
          <gpoId>8223</gpoId>
          <bioguideId>C001047</bioguideId>
        </identifiers>
        <bioguideId>C001047</bioguideId>
        <sponsorshipDate>2017-01-30</sponsorshipDate>
        <middleName>MOORE</middleName>
        <fullName>Sen. Capito, Shelley Moore [R-WV]</fullName>
        <sponsorshipWithdrawnDate />
        <state>WV</state>
        <party>R</party>
        <firstName>SHELLEY</firstName>
        <isOriginalCosponsor>True</isOriginalCosponsor>
        <lastName>CAPITO</lastName>
      </item>
      <item>
        <identifiers>
          <lisID>1983</lisID>
          <gpoId>8256</gpoId>
          <bioguideId>M001183</bioguideId>
        </identifiers>
        <bioguideId>M001183</bioguideId>
        <sponsorshipDate>2017-01-30</sponsorshipDate>
        <middleName />
        <fullName>Sen. Manchin, Joe, III [D-WV]</fullName>
        <sponsorshipWithdrawnDate />
        <state>WV</state>
        <party>D</party>
        <firstName>Joe</firstName>
        <isOriginalCosponsor>True</isOriginalCosponsor>
        <lastName>Manchin</lastName>
      </item>
      <item>
        <identifiers>
          <gpoId />
          <lisID>2174</lisID>
          <bioguideId>H001069</bioguideId>
        </identifiers>
        <bioguideId>H001069</bioguideId>
        <sponsorshipDate>2017-01-30</sponsorshipDate>
        <middleName />
        <fullName>Sen. Heitkamp, Heidi [D-ND]</fullName>
        <sponsorshipWithdrawnDate />
        <state>ND</state>
        <party>D</party>
        <firstName>Heidi</firstName>
        <isOriginalCosponsor>True</isOriginalCosponsor>
        <lastName>Heitkamp</lastName>
      </item>
      <item>
        <identifiers>
          <bioguideId>H001061</bioguideId>
          <lisID>2079</lisID>
          <gpoId>8331</gpoId>
        </identifiers>
        <bioguideId>H001061</bioguideId>
        <sponsorshipDate>2017-01-30</sponsorshipDate>
        <middleName />
        <fullName>Sen. Hoeven, John [R-ND]</fullName>
        <sponsorshipWithdrawnDate />
        <state>ND</state>
        <party>R</party>
        <firstName>John</firstName>
        <isOriginalCosponsor>True</isOriginalCosponsor>
        <lastName>Hoeven</lastName>
      </item>
      <item>
        <identifiers>
          <bioguideId>P000603</bioguideId>
          <lisID>2082</lisID>
          <gpoId>8308</gpoId>
        </identifiers>
        <bioguideId>P000603</bioguideId>
        <sponsorshipDate>2017-01-30</sponsorshipDate>
        <middleName />
        <fullName>Sen. Paul, Rand [R-KY]</fullName>
        <sponsorshipWithdrawnDate />
        <state>KY</state>
        <party>R</party>
        <firstName>Rand</firstName>
        <isOriginalCosponsor>True</isOriginalCosponsor>
        <lastName>Paul</lastName>
      </item>
      <item>
        <identifiers>
          <lisID>1881</lisID>
          <gpoId>8300</gpoId>
          <bioguideId>B001261</bioguideId>
        </identifiers>
        <bioguideId>B001261</bioguideId>
        <sponsorshipDate>2017-01-30</sponsorshipDate>
        <middleName />
        <fullName>Sen. Barrasso, John [R-WY]</fullName>
        <sponsorshipWithdrawnDate />
        <state>WY</state>
        <party>R</party>
        <firstName>John</firstName>
        <isOriginalCosponsor>True</isOriginalCosponsor>
        <lastName>Barrasso</lastName>
      </item>
      <item>
        <identifiers>
          <lisID>583</lisID>
          <gpoId>8322</gpoId>
          <bioguideId>I000024</bioguideId>
        </identifiers>
        <bioguideId>I000024</bioguideId>
        <sponsorshipDate>2017-01-30</sponsorshipDate>
        <middleName />
        <fullName>Sen. Inhofe, James M. [R-OK]</fullName>
        <sponsorshipWithdrawnDate />
        <state>OK</state>
        <party>R</party>
        <firstName>JIM</firstName>
        <isOriginalCosponsor>True</isOriginalCosponsor>
        <lastName>INHOFE</lastName>
      </item>
      <item>
        <identifiers>
          <lisID>1694</lisID>
          <gpoId>8234</gpoId>
          <bioguideId>M001153</bioguideId>
        </identifiers>
        <bioguideId>M001153</bioguideId>
        <sponsorshipDate>2017-01-30</sponsorshipDate>
        <middleName />
        <fullName>Sen. Murkowski, Lisa [R-AK]</fullName>
        <sponsorshipWithdrawnDate />
        <state>AK</state>
        <party>R</party>
        <firstName>Lisa</firstName>
        <isOriginalCosponsor>True</isOriginalCosponsor>
        <lastName>Murkowski</lastName>
      </item>
      <item>
        <identifiers>
          <lisID>1464</lisID>
          <gpoId>8313</gpoId>
          <bioguideId>B000575</bioguideId>
        </identifiers>
        <bioguideId>B000575</bioguideId>
        <sponsorshipDate>2017-01-30</sponsorshipDate>
        <middleName />
        <fullName>Sen. Blunt, Roy [R-MO]</fullName>
        <sponsorshipWithdrawnDate />
        <state>MO</state>
        <party>R</party>
        <firstName>Roy</firstName>
        <isOriginalCosponsor>True</isOriginalCosponsor>
        <lastName>Blunt</lastName>
      </item>
      <item>
        <identifiers>
          <gpoId />
          <bioguideId>S001198</bioguideId>
          <lisID>2290</lisID>
        </identifiers>
        <bioguideId>S001198</bioguideId>
        <sponsorshipDate>2017-01-30</sponsorshipDate>
        <middleName />
        <fullName>Sen. Sullivan, Dan  [R-AK]</fullName>
        <sponsorshipWithdrawnDate />
        <state>AK</state>
        <party>R</party>
        <firstName>Dan</firstName>
        <isOriginalCosponsor>True</isOriginalCosponsor>
        <lastName>Sullivan</lastName>
      </item>
      <item>
        <identifiers>
          <bioguideId>S000320</bioguideId>
          <lisID>1049</lisID>
          <gpoId>8277</gpoId>
        </identifiers>
        <bioguideId>S000320</bioguideId>
        <sponsorshipDate>2017-01-30</sponsorshipDate>
        <middleName>CRAIG</middleName>
        <fullName>Sen. Shelby, Richard C. [R-AL]</fullName>
        <sponsorshipWithdrawnDate />
        <state>AL</state>
        <party>R</party>
        <firstName>RICHARD</firstName>
        <isOriginalCosponsor>True</isOriginalCosponsor>
        <lastName>SHELBY</lastName>
      </item>
      <item>
        <identifiers>
          <lisID>2291</lisID>
          <bioguideId>T000476</bioguideId>
          <gpoId />
        </identifiers>
        <bioguideId>T000476</bioguideId>
        <sponsorshipDate>2017-01-30</sponsorshipDate>
        <middleName>Roland</middleName>
        <fullName>Sen. Tillis, Thom [R-NC]</fullName>
        <sponsorshipWithdrawnDate />
        <state>NC</state>
        <party>R</party>
        <firstName>Thomas</firstName>
        <isOriginalCosponsor>True</isOriginalCosponsor>
        <lastName>Tillis</lastName>
      </item>
      <item>
        <identifiers>
          <lisID>2086</lisID>
          <bioguideId>J000293</bioguideId>
          <gpoId>8355</gpoId>
        </identifiers>
        <bioguideId>J000293</bioguideId>
        <sponsorshipDate>2017-01-30</sponsorshipDate>
        <middleName />
        <fullName>Sen. Johnson, Ron [R-WI]</fullName>
        <sponsorshipWithdrawnDate />
        <state>WI</state>
        <party>R</party>
        <firstName>Ron</firstName>
        <isOriginalCosponsor>True</isOriginalCosponsor>
        <lastName>Johnson</lastName>
      </item>
      <item>
        <identifiers>
          <bioguideId>T000461</bioguideId>
          <lisID>1594</lisID>
          <gpoId />
        </identifiers>
        <bioguideId>T000461</bioguideId>
        <sponsorshipDate>2017-01-30</sponsorshipDate>
        <middleName />
        <fullName>Sen. Toomey, Pat [R-PA]</fullName>
        <sponsorshipWithdrawnDate />
        <state>PA</state>
        <party>R</party>
        <firstName>Pat</firstName>
        <isOriginalCosponsor>True</isOriginalCosponsor>
        <lastName>Toomey</lastName>
      </item>
      <item>
        <identifiers>
          <bioguideId>W000437</bioguideId>
          <lisID>1226</lisID>
          <gpoId>8263</gpoId>
        </identifiers>
        <bioguideId>W000437</bioguideId>
        <sponsorshipDate>2017-01-30</sponsorshipDate>
        <middleName>F.</middleName>
        <fullName>Sen. Wicker, Roger F. [R-MS]</fullName>
        <sponsorshipWithdrawnDate />
        <state>MS</state>
        <party>R</party>
        <firstName>ROGER</firstName>
        <isOriginalCosponsor>True</isOriginalCosponsor>
        <lastName>WICKER</lastName>
      </item>
      <item>
        <identifiers>
          <lisID>1896</lisID>
          <bioguideId>R000584</bioguideId>
          <gpoId>8274</gpoId>
        </identifiers>
        <bioguideId>R000584</bioguideId>
        <sponsorshipDate>2017-01-30</sponsorshipDate>
        <middleName>E.</middleName>
        <fullName>Sen. Risch, James E. [R-ID]</fullName>
        <sponsorshipWithdrawnDate />
        <state>ID</state>
        <party>R</party>
        <firstName>James</firstName>
        <isOriginalCosponsor>True</isOriginalCosponsor>
        <lastName>Risch</lastName>
      </item>
      <item>
        <identifiers>
          <bioguideId>F000444</bioguideId>
          <lisID>1633</lisID>
          <gpoId>7803</gpoId>
        </identifiers>
        <bioguideId>F000444</bioguideId>
        <sponsorshipDate>2017-01-30</sponsorshipDate>
        <middleName />
        <fullName>Sen. Flake, Jeff [R-AZ]</fullName>
        <sponsorshipWithdrawnDate />
        <state>AZ</state>
        <party>R</party>
        <firstName>JEFF</firstName>
        <isOriginalCosponsor>True</isOriginalCosponsor>
        <lastName>FLAKE</lastName>
      </item>
      <item>
        <identifiers>
          <lisID>1687</lisID>
          <bioguideId>B001236</bioguideId>
          <gpoId>8247</gpoId>
        </identifiers>
        <bioguideId>B001236</bioguideId>
        <sponsorshipDate>2017-01-30</sponsorshipDate>
        <middleName />
        <fullName>Sen. Boozman, John [R-AR]</fullName>
        <sponsorshipWithdrawnDate />
        <state>AR</state>
        <party>R</party>
        <firstName>John</firstName>
        <isOriginalCosponsor>True</isOriginalCosponsor>
        <lastName>Boozman</lastName>
      </item>
      <item>
        <identifiers>
          <lisID>2138</lisID>
          <gpoId />
          <bioguideId>D000618</bioguideId>
        </identifiers>
        <bioguideId>D000618</bioguideId>
        <sponsorshipDate>2017-01-30</sponsorshipDate>
        <middleName />
        <fullName>Sen. Daines, Steve [R-MT]</fullName>
        <sponsorshipWithdrawnDate />
        <state>MT</state>
        <party>R</party>
        <firstName>Steve</firstName>
        <isOriginalCosponsor>True</isOriginalCosponsor>
        <lastName>Daines</lastName>
      </item>
      <item>
        <identifiers>
          <lisID>250</lisID>
          <bioguideId>C000880</bioguideId>
          <gpoId>8289</gpoId>
        </identifiers>
        <bioguideId>C000880</bioguideId>
        <sponsorshipDate>2017-01-30</sponsorshipDate>
        <middleName>D.</middleName>
        <fullName>Sen. Crapo, Mike [R-ID]</fullName>
        <sponsorshipWithdrawnDate />
        <state>ID</state>
        <party>R</party>
        <firstName>MICHAEL</firstName>
        <isOriginalCosponsor>True</isOriginalCosponsor>
        <lastName>CRAPO</lastName>
      </item>
      <item>
        <identifiers>
          <bioguideId>M000934</bioguideId>
          <lisID>1507</lisID>
          <gpoId>8307</gpoId>
        </identifiers>
        <bioguideId>M000934</bioguideId>
        <sponsorshipDate>2017-01-30</sponsorshipDate>
        <middleName />
        <fullName>Sen. Moran, Jerry [R-KS]</fullName>
        <sponsorshipWithdrawnDate />
        <state>KS</state>
        <party>R</party>
        <firstName>JERRY</firstName>
        <isOriginalCosponsor>True</isOriginalCosponsor>
        <lastName>MORAN</lastName>
      </item>
      <item>
        <identifiers>
          <gpoId>8113</gpoId>
          <lisID>2050</lisID>
          <bioguideId>L000575</bioguideId>
        </identifiers>
        <bioguideId>L000575</bioguideId>
        <sponsorshipDate>2017-01-30</sponsorshipDate>
        <middleName />
        <fullName>Sen. Lankford, James [R-OK]</fullName>
        <sponsorshipWithdrawnDate />
        <state>OK</state>
        <party>R</party>
        <firstName>James</firstName>
        <isOriginalCosponsor>True</isOriginalCosponsor>
        <lastName>Lankford</lastName>
      </item>
      <item>
        <identifiers>
          <gpoId>7948</gpoId>
          <lisID>2019</lisID>
          <bioguideId>Y000064</bioguideId>
        </identifiers>
        <bioguideId>Y000064</bioguideId>
        <sponsorshipDate>2017-01-30</sponsorshipDate>
        <middleName>C.</middleName>
        <fullName>Sen. Young, Todd C. [R-IN]</fullName>
        <sponsorshipWithdrawnDate />
        <state>IN</state>
        <party>R</party>
        <firstName>Todd</firstName>
        <isOriginalCosponsor>True</isOriginalCosponsor>
        <lastName>Young</lastName>
      </item>
      <item>
        <identifiers>
          <lisID>2098</lisID>
          <bioguideId>C001095</bioguideId>
          <gpoId />
        </identifiers>
        <bioguideId>C001095</bioguideId>
        <sponsorshipDate>2017-01-30</sponsorshipDate>
        <middleName />
        <fullName>Sen. Cotton, Tom [R-AR]</fullName>
        <sponsorshipWithdrawnDate />
        <state>AR</state>
        <party>R</party>
        <firstName>Tom</firstName>
        <isOriginalCosponsor>True</isOriginalCosponsor>
        <lastName>Cotton</lastName>
      </item>
      <item>
        <identifiers>
          <lisID>968</lisID>
          <bioguideId>R000307</bioguideId>
          <gpoId>8275</gpoId>
        </identifiers>
        <bioguideId>R000307</bioguideId>
        <sponsorshipDate>2017-01-30</sponsorshipDate>
        <middleName />
        <fullName>Sen. Roberts, Pat [R-KS]</fullName>
        <sponsorshipWithdrawnDate />
        <state>KS</state>
        <party>R</party>
        <firstName>PAT</firstName>
        <isOriginalCosponsor>True</isOriginalCosponsor>
        <lastName>ROBERTS</lastName>
      </item>
      <item>
        <identifiers>
          <bioguideId>E000285</bioguideId>
          <lisID>1542</lisID>
          <gpoId>8328</gpoId>
        </identifiers>
        <bioguideId>E000285</bioguideId>
        <sponsorshipDate>2017-01-30</sponsorshipDate>
        <middleName>B.</middleName>
        <fullName>Sen. Enzi, Michael B. [R-WY]</fullName>
        <sponsorshipWithdrawnDate />
        <state>WY</state>
        <party>R</party>
        <firstName>MICHAEL</firstName>
        <isOriginalCosponsor>True</isOriginalCosponsor>
        <lastName>ENZI</lastName>
      </item>
      <item>
        <identifiers>
          <bioguideId>E000295</bioguideId>
          <lisID>2283</lisID>
          <gpoId />
        </identifiers>
        <bioguideId>E000295</bioguideId>
        <sponsorshipDate>2017-01-30</sponsorshipDate>
        <middleName />
        <fullName>Sen. Ernst, Joni  [R-IA]</fullName>
        <sponsorshipWithdrawnDate />
        <state>IA</state>
        <party>R</party>
        <firstName>Joni</firstName>
        <isOriginalCosponsor>True</isOriginalCosponsor>
        <lastName>Ernst</lastName>
      </item>
      <item>
        <identifiers>
          <lisID>1692</lisID>
          <bioguideId>C001056</bioguideId>
          <gpoId>8295</gpoId>
        </identifiers>
        <bioguideId>C001056</bioguideId>
        <sponsorshipDate>2017-01-30</sponsorshipDate>
        <middleName />
        <fullName>Sen. Cornyn, John [R-TX]</fullName>
        <sponsorshipWithdrawnDate />
        <state>TX</state>
        <party>R</party>
        <firstName>John</firstName>
        <isOriginalCosponsor>True</isOriginalCosponsor>
        <lastName>Cornyn</lastName>
      </item>
      <item>
        <identifiers>
          <gpoId>8257</gpoId>
          <lisID>1534</lisID>
          <bioguideId>T000250</bioguideId>
        </identifiers>
        <bioguideId>T000250</bioguideId>
        <sponsorshipDate>2017-02-01</sponsorshipDate>
        <middleName>R.</middleName>
        <fullName>Sen. Thune, John [R-SD]</fullName>
        <sponsorshipWithdrawnDate />
        <state>SD</state>
        <party>R</party>
        <firstName>JOHN</firstName>
        <isOriginalCosponsor>False</isOriginalCosponsor>
        <lastName>THUNE</lastName>
      </item>
    </cosponsors>
    <laws />
    <policyArea>
      <name>Environmental Protection</name>
    </policyArea>
    <cboCostEstimates />
    <billNumber>10</billNumber>
    <congress>115</congress>
    <version>1.0.0</version>
    <introducedDate>2017-01-30</introducedDate>
    <committeeReports />
    <titles>
      <item>
        <title>A joint resolution providing for congressional disapproval under chapter 8 of title 5, United States Code, of the final rule submitted by the Secretary of the Interior relating to stream protection.</title>
        <titleType>Official Title as Introduced</titleType>
        <parentTitleType />
        <chamberCode />
        <chamberName />
      </item>
      <item>
        <title>A joint resolution providing for congressional disapproval under chapter 8 of title 5, United States Code, of the final rule submitted by the Secretary of the Interior relating to stream protection.</title>
        <titleType>Display Title</titleType>
        <parentTitleType />
        <chamberCode />
        <chamberName />
      </item>
    </titles>
    <calendarNumbers />
    <subjects>
      <billSubjects>
        <policyArea>
          <name>Environmental Protection</name>
        </policyArea>
        <legislativeSubjects>
          <item>
            <name>Administrative law and regulatory procedures</name>
          </item>
          <item>
            <name>Coal</name>
          </item>
          <item>
            <name>Congressional oversight</name>
          </item>
          <item>
            <name>Department of the Interior</name>
          </item>
          <item>
            <name>Environmental assessment, monitoring, research</name>
          </item>
          <item>
            <name>Environmental regulatory procedures</name>
          </item>
          <item>
            <name>Hydrology and hydrography</name>
          </item>
          <item>
            <name>Lakes and rivers</name>
          </item>
          <item>
            <name>Licensing and registrations</name>
          </item>
          <item>
            <name>Mining</name>
          </item>
          <item>
            <name>Water quality</name>
          </item>
        </legislativeSubjects>
      </billSubjects>
    </subjects>
    <billType>SJRES</billType>
  </bill>
  <dublinCore xmlns:dc="http://purl.org/dc/elements/1.1/">
    <dc:format>text/xml</dc:format>
    <dc:language>EN</dc:language>
    <dc:rights>Pursuant to Title 17 Section 105 of the United States Code, this file is not subject to copyright protection and is in the public domain.</dc:rights>
    <dc:contributor>Congressional Research Service, Library of Congress</dc:contributor>
    <dc:description>This file contains bill summaries and statuses for federal legislation. A bill summary describes the most significant provisions of a piece of legislation and details the effects the legislative text may have on current law and federal programs. Bill summaries are authored by the Congressional Research Service (CRS) of the Library of Congress. As stated in Public Law 91-510 (2 USC 166 (d)(6)), one of the duties of CRS is "to prepare summaries and digests of bills and resolutions of a public general nature introduced in the Senate or House of Representatives". For more information, refer to the User Guide that accompanies this file.</dc:description>
  </dublinCore>
</billStatus>

