<?xml version="1.0" encoding="UTF-8"?>
<billStatus>
  <bill>
    <committeeReports />
    <originChamber>Senate</originChamber>
    <billNumber>42</billNumber>
    <actions>
      <actionTypeCounts>
        <motionToDischarge>2</motionToDischarge>
        <introducedInSenate>1</introducedInSenate>
        <referredToCommittee>1</referredToCommittee>
      </actionTypeCounts>
      <item>
        <actionDate>2017-06-13</actionDate>
        <committee>
          <systemCode>ssfr00</systemCode>
          <name>Foreign Relations Committee</name>
        </committee>
        <links>
          <link>
            <name>Record Vote Number: 143</name>
            <url>http://www.senate.gov/legislative/LIS/roll_call_lists/roll_call_vote_cfm.cfm?congress=115&amp;session=1&amp;vote=00143</url>
          </link>
          <link>
            <name>S3428</name>
            <url>https://www.congress.gov/congressional-record/volume-163/senate-section/page/S3428</url>
          </link>
        </links>
        <sourceSystem>
          <name>Senate</name>
          <code>0</code>
        </sourceSystem>
        <text>Motion to discharge Senate Committee on Foreign Relations rejected by Yea-Nay Vote. 47 - 53. Record Vote Number: 143. (consideration: CR S3428)</text>
        <type>Discharge</type>
      </item>
      <item>
        <actionDate>2017-06-13</actionDate>
        <committee>
          <systemCode>ssfr00</systemCode>
          <name>Foreign Relations Committee</name>
        </committee>
        <links>
          <link>
            <name>S3416-3428</name>
            <url>https://www.congress.gov/congressional-record/volume-163/senate-section/page/S3416-3428</url>
          </link>
        </links>
        <sourceSystem>
          <name>Senate</name>
          <code>0</code>
        </sourceSystem>
        <text>Motion to discharge Senate Committee on Foreign Relations made. (consideration: CR S3416-3428)</text>
        <type>Discharge</type>
      </item>
      <item>
        <actionDate>2017-05-25</actionDate>
        <committee>
          <systemCode>ssfr00</systemCode>
          <name>Foreign Relations Committee</name>
        </committee>
        <links />
        <sourceSystem>
          <name>Senate</name>
          <code>0</code>
        </sourceSystem>
        <text>Read twice and referred to the Committee on Foreign Relations.</text>
        <type>IntroReferral</type>
      </item>
      <item>
        <type>IntroReferral</type>
        <links />
        <text>Introduced in Senate</text>
        <committee />
        <actionDate>2017-05-25</actionDate>
        <sourceSystem>
          <name>Library of Congress</name>
          <code>9</code>
        </sourceSystem>
        <actionCode>10000</actionCode>
      </item>
      <actionByCounts>
        <senate>4</senate>
      </actionByCounts>
    </actions>
    <calendarNumbers />
    <updateDate>2018-02-06T16:44:21Z</updateDate>
    <cosponsors>
      <item>
        <state>CT</state>
        <identifiers>
          <lisID>1837</lisID>
          <bioguideId>M001169</bioguideId>
          <gpoId>7870</gpoId>
        </identifiers>
        <bioguideId>M001169</bioguideId>
        <sponsorshipDate>2017-05-25</sponsorshipDate>
        <lastName>Murphy</lastName>
        <fullName>Sen. Murphy, Christopher [D-CT]</fullName>
        <firstName>Christopher</firstName>
        <party>D</party>
        <middleName />
        <isOriginalCosponsor>True</isOriginalCosponsor>
        <sponsorshipWithdrawnDate />
      </item>
      <item>
        <state>MN</state>
        <identifiers>
          <lisID>1969</lisID>
          <bioguideId>F000457</bioguideId>
          <gpoId>8339</gpoId>
        </identifiers>
        <bioguideId>F000457</bioguideId>
        <sponsorshipDate>2017-05-25</sponsorshipDate>
        <lastName>Franken</lastName>
        <fullName>Sen. Franken, Al [D-MN]</fullName>
        <firstName>Al</firstName>
        <party>D</party>
        <middleName />
        <isOriginalCosponsor>True</isOriginalCosponsor>
        <sponsorshipWithdrawnDate />
      </item>
      <item>
        <state>OR</state>
        <identifiers>
          <bioguideId>M001176</bioguideId>
          <gpoId>8238</gpoId>
          <lisID>1900</lisID>
        </identifiers>
        <bioguideId>M001176</bioguideId>
        <sponsorshipDate>2017-06-07</sponsorshipDate>
        <lastName>Merkley</lastName>
        <fullName>Sen. Merkley, Jeff [D-OR]</fullName>
        <firstName>Jeff</firstName>
        <party>D</party>
        <middleName />
        <isOriginalCosponsor>False</isOriginalCosponsor>
        <sponsorshipWithdrawnDate />
      </item>
      <item>
        <state>MA</state>
        <identifiers>
          <gpoId />
          <lisID>2182</lisID>
          <bioguideId>W000817</bioguideId>
        </identifiers>
        <bioguideId>W000817</bioguideId>
        <sponsorshipDate>2017-06-13</sponsorshipDate>
        <lastName>Warren</lastName>
        <fullName>Sen. Warren, Elizabeth [D-MA]</fullName>
        <firstName>Elizabeth</firstName>
        <party>D</party>
        <middleName>A.</middleName>
        <isOriginalCosponsor>False</isOriginalCosponsor>
        <sponsorshipWithdrawnDate />
      </item>
    </cosponsors>
    <notes />
    <subjects>
      <billSubjects>
        <policyArea>
          <name>International Affairs</name>
        </policyArea>
        <legislativeSubjects>
          <item>
            <name>Congressional oversight</name>
          </item>
          <item>
            <name>Foreign aid and international relief</name>
          </item>
          <item>
            <name>Middle East</name>
          </item>
          <item>
            <name>Military assistance, sales, and agreements</name>
          </item>
          <item>
            <name>Military operations and strategy</name>
          </item>
          <item>
            <name>Saudi Arabia</name>
          </item>
          <item>
            <name>Trade restrictions</name>
          </item>
        </legislativeSubjects>
      </billSubjects>
    </subjects>
    <committees>
      <billCommittees>
        <item>
          <type>Standing</type>
          <systemCode>ssfr00</systemCode>
          <subcommittees />
          <activities>
            <item>
              <date>2017-05-25T16:27:48Z</date>
              <name>Referred to</name>
            </item>
          </activities>
          <chamber>Senate</chamber>
          <name>Foreign Relations Committee</name>
        </item>
      </billCommittees>
    </committees>
    <version>1.0.0</version>
    <recordedVotes>
      <recordedVote>
        <rollNumber>143</rollNumber>
        <chamber>Senate</chamber>
        <date>2017-06-13T18:58:20Z</date>
        <url>http://www.senate.gov/legislative/LIS/roll_call_lists/roll_call_vote_cfm.cfm?&amp;congress=115&amp;session=1&amp;vote=00143</url>
        <congress>115</congress>
        <sessionNumber>1</sessionNumber>
        <fullActionName>MOTION TO DISCHARGE</fullActionName>
      </recordedVote>
    </recordedVotes>
    <policyArea>
      <name>International Affairs</name>
    </policyArea>
    <cboCostEstimates />
    <introducedDate>2017-05-25</introducedDate>
    <title>A joint resolution relating to the disapproval of the proposed export to the Government of the Kingdom of Saudi Arabia of certain defense articles.</title>
    <amendments />
    <congress>115</congress>
    <billType>SJRES</billType>
    <createDate>2017-05-26T00:41:37Z</createDate>
    <sponsors>
      <item>
        <lastName>Paul</lastName>
        <party>R</party>
        <state>KY</state>
        <bioguideId>P000603</bioguideId>
        <middleName />
        <byRequestType />
        <fullName>Sen. Paul, Rand [R-KY]</fullName>
        <firstName>Rand</firstName>
        <identifiers>
          <bioguideId>P000603</bioguideId>
          <lisID>2082</lisID>
          <gpoId>8308</gpoId>
        </identifiers>
      </item>
    </sponsors>
    <latestAction>
      <text>Motion to discharge Senate Committee on Foreign Relations rejected by Yea-Nay Vote. 47 - 53. Record Vote Number: 143. (consideration: CR S3428)</text>
      <links />
      <actionDate>2017-06-13</actionDate>
    </latestAction>
    <relatedBills>
      <item>
        <number>102</number>
        <type>HJRES</type>
        <latestAction>
          <text>Referred to the House Committee on Foreign Affairs.</text>
          <actionDate>2017-05-25</actionDate>
        </latestAction>
        <congress>115</congress>
        <latestTitle>Relating to the disapproval of the proposed export to the Government of the Kingdom of Saudi Arabia of certain defense articles.</latestTitle>
        <relationshipDetails>
          <item>
            <identifiedBy>CRS</identifiedBy>
            <type>Related bill</type>
          </item>
        </relationshipDetails>
      </item>
    </relatedBills>
    <laws />
    <titles>
      <item>
        <chamberName />
        <parentTitleType />
        <chamberCode />
        <titleType>Official Title as Introduced</titleType>
        <title>A joint resolution relating to the disapproval of the proposed export to the Government of the Kingdom of Saudi Arabia of certain defense articles.</title>
      </item>
      <item>
        <chamberName />
        <parentTitleType />
        <chamberCode />
        <titleType>Display Title</titleType>
        <title>A joint resolution relating to the disapproval of the proposed export to the Government of the Kingdom of Saudi Arabia of certain defense articles.</title>
      </item>
    </titles>
    <summaries>
      <billSummaries>
        <item>
          <versionCode>00</versionCode>
          <text><![CDATA[<p>This joint resolution prohibits the issuance of a letter of offer for the following proposed exports to the government of Saudi Arabia:</p> <ul> <li>the transfer of certain technical data, hardware, and defense services to the Royal Saudi Air Force and Boeing Saudi Arabia to support the deployment of the Joint Direct Attack Munition off Saudi Arabia's western made aircraft platforms;</li> <li>the transfer of certain technical data, hardware, and defense services to the Royal Saudi Air Force to support the integration of the FMU-152A/B JPB Fuze System into the MK-80, BLU-109, and BLU-100 series warhead family of weapons; and</li> <li>the transfer of defense articles, defense services, and technical data to support the Paveway II and III, Enhanced Paveway II and III, and Paveway IV Weapons Systems for the Royal Saudi Air Force F-15, Tornado, and Typhoon Aircraft.</li> </ul> <ul> </ul>]]></text>
          <actionDesc>Introduced in Senate</actionDesc>
          <actionDate>2017-05-25</actionDate>
          <lastSummaryUpdateDate>2017-07-07T18:34:48Z</lastSummaryUpdateDate>
          <name>Introduced in Senate</name>
          <updateDate>2017-05-25T04:00:00Z</updateDate>
        </item>
      </billSummaries>
    </summaries>
  </bill>
  <dublinCore xmlns:dc="http://purl.org/dc/elements/1.1/">
    <dc:format>text/xml</dc:format>
    <dc:language>EN</dc:language>
    <dc:rights>Pursuant to Title 17 Section 105 of the United States Code, this file is not subject to copyright protection and is in the public domain.</dc:rights>
    <dc:contributor>Congressional Research Service, Library of Congress</dc:contributor>
    <dc:description>This file contains bill summaries and statuses for federal legislation. A bill summary describes the most significant provisions of a piece of legislation and details the effects the legislative text may have on current law and federal programs. Bill summaries are authored by the Congressional Research Service (CRS) of the Library of Congress. As stated in Public Law 91-510 (2 USC 166 (d)(6)), one of the duties of CRS is "to prepare summaries and digests of bills and resolutions of a public general nature introduced in the Senate or House of Representatives". For more information, refer to the User Guide that accompanies this file.</dc:description>
  </dublinCore>
</billStatus>

