<?xml version="1.0" encoding="UTF-8"?>
<billStatus>
  <bill>
    <createDate>2017-02-16T08:49:52Z</createDate>
    <introducedDate>2017-02-15</introducedDate>
    <congress>115</congress>
    <latestAction>
      <actionDate>2017-05-17</actionDate>
      <actionTime>20:20:43</actionTime>
      <links />
      <text>Held at the desk.</text>
    </latestAction>
    <originChamber>Senate</originChamber>
    <billNumber>22</billNumber>
    <sponsors>
      <item>
        <state>VA</state>
        <identifiers>
          <gpoId />
          <lisID>2176</lisID>
          <bioguideId>K000384</bioguideId>
        </identifiers>
        <bioguideId>K000384</bioguideId>
        <lastName>Kaine</lastName>
        <fullName>Sen. Kaine, Tim [D-VA]</fullName>
        <firstName>Timothy</firstName>
        <party>D</party>
        <middleName />
        <byRequestType />
      </item>
    </sponsors>
    <title>A joint resolution granting the consent and approval of Congress to the Commonwealth of Virginia, the State of Maryland, and the District of Columbia to enter into a compact relating to the establishment of the Washington Metrorail Safety Commission.</title>
    <relatedBills>
      <item>
        <relationshipDetails>
          <item>
            <identifiedBy>CRS</identifiedBy>
            <type>Related bill</type>
          </item>
          <item>
            <identifiedBy>House</identifiedBy>
            <type>Related bill</type>
          </item>
        </relationshipDetails>
        <latestAction>
          <actionDate>2017-08-22</actionDate>
          <text>Became Public Law No: 115-54.</text>
        </latestAction>
        <type>HJRES</type>
        <number>76</number>
        <latestTitle>Granting the consent and approval of Congress for the Commonwealth of Virginia, the State of Maryland, and the District of Columbia to enter into a compact relating to the establishment of the Washington Metrorail Safety Commission.</latestTitle>
        <congress>115</congress>
      </item>
    </relatedBills>
    <titles>
      <item>
        <chamberCode />
        <titleType>Official Title as Introduced</titleType>
        <parentTitleType />
        <chamberName />
        <title>A joint resolution granting the consent and approval of Congress to the Commonwealth of Virginia, the State of Maryland, and the District of Columbia to enter into a compact relating to the establishment of the Washington Metrorail Safety Commission.</title>
      </item>
      <item>
        <chamberCode />
        <titleType>Display Title</titleType>
        <parentTitleType />
        <chamberName />
        <title>A joint resolution granting the consent and approval of Congress to the Commonwealth of Virginia, the State of Maryland, and the District of Columbia to enter into a compact relating to the establishment of the Washington Metrorail Safety Commission.</title>
      </item>
    </titles>
    <billType>SJRES</billType>
    <summaries>
      <billSummaries>
        <item>
          <text><![CDATA[<p><b>Interstate Compact</b></p> <p>This joint resolution grants congressional consent and approval for the Commonwealth of Virginia, the state of Maryland, and the District of Columbia to enter into a Metrorail Safety Commission (MSC) Interstate Compact.</p> <p>The MSC Compact establishes a Washington Metrorail Safety Commission for the safety oversight of the Washington Metropolitan Area Transit Authority Rail (Metrorail) system.</p>]]></text>
          <name>Introduced in Senate</name>
          <lastSummaryUpdateDate>2017-06-01T21:39:43Z</lastSummaryUpdateDate>
          <versionCode>00</versionCode>
          <actionDesc>Introduced in Senate</actionDesc>
          <updateDate>2017-02-15T05:00:00Z</updateDate>
          <actionDate>2017-02-15</actionDate>
        </item>
        <item>
          <text><![CDATA[<p>(This measure has not been amended since it was introduced. The summary has been expanded because action occurred on the measure.)</p> <p><b>Interstate Compact</b></p> <p>This joint resolution grants congressional consent and approval for the Commonwealth of Virginia, the state of Maryland, and the District of Columbia to enter into a Metrorail Safety Commission (MSC) Interstate Compact.</p> <p>The MSC Compact establishes a Washington Metrorail Safety Commission for the safety oversight of the Washington Metropolitan Area Transit Authority (WMATA) Rail (Metrorail) system.</p> <p>The commission shall:</p> <ul> <li>distribute a written State Safety Oversight Program;</li> <li>enforce implementation of WMATA's Public Transportation Agency Safety Plan, as well as audit triennially WMATA's compliance with such plan;</li> <li>enforce implementation of any Corrective Action Plans;</li> <li>enforce relevant federal and state laws and regulations relating to Metrorail safety;</li> <li>publish annually a Metrorail safety report, including updates of Corrective Action Plans, Commission directives, and on-going investigations; and</li> <li>publish annually a report on commission operations.</li> </ul> <p>An independent annual audit shall be made of commission financial accounts.</p> <p>Any signatory may withdraw from the MSC Compact, which shall constitute its termination.</p>]]></text>
          <name>Passed Senate without amendment</name>
          <lastSummaryUpdateDate>2017-07-20T17:09:26Z</lastSummaryUpdateDate>
          <versionCode>82</versionCode>
          <actionDesc>Passed Senate without amendment</actionDesc>
          <updateDate>2017-05-16T12:39:46Z</updateDate>
          <actionDate>2017-05-16</actionDate>
        </item>
      </billSummaries>
    </summaries>
    <committeeReports />
    <laws />
    <subjects>
      <billSubjects>
        <policyArea>
          <name>Transportation and Public Works</name>
        </policyArea>
        <legislativeSubjects>
          <item>
            <name>Accidents</name>
          </item>
          <item>
            <name>District of Columbia</name>
          </item>
          <item>
            <name>Intergovernmental relations</name>
          </item>
          <item>
            <name>Maryland</name>
          </item>
          <item>
            <name>Public transit</name>
          </item>
          <item>
            <name>Regional and metropolitan planning</name>
          </item>
          <item>
            <name>State and local government operations</name>
          </item>
          <item>
            <name>Transportation safety and security</name>
          </item>
          <item>
            <name>Virginia</name>
          </item>
        </legislativeSubjects>
      </billSubjects>
    </subjects>
    <committees>
      <billCommittees>
        <item>
          <type>Standing</type>
          <systemCode>ssju00</systemCode>
          <subcommittees />
          <activities>
            <item>
              <date>2017-05-16T19:20:30Z</date>
              <name>Discharged from</name>
            </item>
            <item>
              <date>2017-02-16T01:14:10Z</date>
              <name>Referred to</name>
            </item>
          </activities>
          <chamber>Senate</chamber>
          <name>Judiciary Committee</name>
        </item>
      </billCommittees>
    </committees>
    <version>1.0.0</version>
    <recordedVotes />
    <updateDate>2018-02-06T16:44:20Z</updateDate>
    <calendarNumbers />
    <cboCostEstimates />
    <actions>
      <actionByCounts>
        <senate>7</senate>
        <houseOfRepresentatives>2</houseOfRepresentatives>
      </actionByCounts>
      <actionTypeCounts>
        <receivedInTheHouse>1</receivedInTheHouse>
        <passedAgreedToInSenate>1</passedAgreedToInSenate>
        <committeeDischarged>1</committeeDischarged>
        <sentToHouse>1</sentToHouse>
        <senateCommitteeDischarged>1</senateCommitteeDischarged>
        <passedSenate>1</passedSenate>
        <referredToCommittee>1</referredToCommittee>
        <heldAtTheDesk>1</heldAtTheDesk>
        <introducedInSenate>1</introducedInSenate>
      </actionTypeCounts>
      <item>
        <sourceSystem>
          <name>House floor actions</name>
          <code>2</code>
        </sourceSystem>
        <actionDate>2017-05-17</actionDate>
        <text>Held at the desk.</text>
        <type>Floor</type>
        <links />
        <committee />
        <actionCode>H15000</actionCode>
        <actionTime>20:20:43</actionTime>
      </item>
      <item>
        <sourceSystem>
          <name>House floor actions</name>
          <code>2</code>
        </sourceSystem>
        <actionDate>2017-05-17</actionDate>
        <text>Received in the House.</text>
        <type>Floor</type>
        <links />
        <committee />
        <actionCode>H14000</actionCode>
        <actionTime>12:38:05</actionTime>
      </item>
      <item>
        <actionDate>2017-05-17</actionDate>
        <committee />
        <links />
        <sourceSystem>
          <name>Senate</name>
          <code>0</code>
        </sourceSystem>
        <text>Message on Senate action sent to the House.</text>
        <type>Floor</type>
      </item>
      <item>
        <actionDate>2017-05-16</actionDate>
        <committee />
        <links>
          <link>
            <name>S2956-2959</name>
            <url>https://www.congress.gov/congressional-record/volume-163/senate-section/page/S2956-2959</url>
          </link>
        </links>
        <sourceSystem>
          <name>Senate</name>
          <code>0</code>
        </sourceSystem>
        <text>Passed Senate without amendment and with a preamble by Unanimous Consent. (text: CR S2956-2959)</text>
        <type>Floor</type>
      </item>
      <item>
        <sourceSystem>
          <name>Library of Congress</name>
          <code>9</code>
        </sourceSystem>
        <actionDate>2017-05-16</actionDate>
        <text>Passed/agreed to in Senate: Passed Senate without amendment and with a preamble by Unanimous Consent.</text>
        <type>Floor</type>
        <links />
        <committee />
        <actionCode>17000</actionCode>
      </item>
      <item>
        <actionDate>2017-05-16</actionDate>
        <committee>
          <systemCode>ssju00</systemCode>
          <name>Judiciary Committee</name>
        </committee>
        <links>
          <link>
            <name>S2955-2959</name>
            <url>https://www.congress.gov/congressional-record/volume-163/senate-section/page/S2955-2959</url>
          </link>
        </links>
        <sourceSystem>
          <name>Senate</name>
          <code>0</code>
        </sourceSystem>
        <text>Senate Committee on the Judiciary discharged by Unanimous Consent. (consideration: CR S2955-2959)</text>
        <type>Discharge</type>
      </item>
      <item>
        <sourceSystem>
          <name>Library of Congress</name>
          <code>9</code>
        </sourceSystem>
        <actionDate>2017-05-16</actionDate>
        <text>Senate Committee on the Judiciary discharged by Unanimous Consent.</text>
        <type>Committee</type>
        <links />
        <committee>
          <systemCode>ssju00</systemCode>
          <name>Judiciary Committee</name>
        </committee>
        <actionCode>14500</actionCode>
      </item>
      <item>
        <actionDate>2017-02-15</actionDate>
        <committee>
          <systemCode>ssju00</systemCode>
          <name>Judiciary Committee</name>
        </committee>
        <links>
          <link>
            <name>S1220</name>
            <url>https://www.congress.gov/congressional-record/volume-163/senate-section/page/S1220</url>
          </link>
        </links>
        <sourceSystem>
          <name>Senate</name>
          <code>0</code>
        </sourceSystem>
        <text>Read twice and referred to the Committee on the Judiciary. (Sponsor introductory remarks on measure: CR S1220)</text>
        <type>IntroReferral</type>
      </item>
      <item>
        <sourceSystem>
          <name>Library of Congress</name>
          <code>9</code>
        </sourceSystem>
        <actionDate>2017-02-15</actionDate>
        <text>Introduced in Senate</text>
        <type>IntroReferral</type>
        <links />
        <committee />
        <actionCode>10000</actionCode>
      </item>
    </actions>
    <amendments />
    <notes />
    <policyArea>
      <name>Transportation and Public Works</name>
    </policyArea>
    <cosponsors>
      <item>
        <lastName>Warner</lastName>
        <sponsorshipDate>2017-02-15</sponsorshipDate>
        <party>D</party>
        <state>VA</state>
        <bioguideId>W000805</bioguideId>
        <middleName>R.</middleName>
        <sponsorshipWithdrawnDate />
        <fullName>Sen. Warner, Mark R. [D-VA]</fullName>
        <firstName>Mark</firstName>
        <isOriginalCosponsor>True</isOriginalCosponsor>
        <identifiers>
          <lisID>1897</lisID>
          <bioguideId>W000805</bioguideId>
          <gpoId>8269</gpoId>
        </identifiers>
      </item>
      <item>
        <lastName>CARDIN</lastName>
        <sponsorshipDate>2017-02-15</sponsorshipDate>
        <party>D</party>
        <state>MD</state>
        <bioguideId>C000141</bioguideId>
        <middleName>L.</middleName>
        <sponsorshipWithdrawnDate />
        <fullName>Sen. Cardin, Benjamin L. [D-MD]</fullName>
        <firstName>BENJAMIN</firstName>
        <isOriginalCosponsor>True</isOriginalCosponsor>
        <identifiers>
          <lisID>174</lisID>
          <bioguideId>C000141</bioguideId>
          <gpoId>8287</gpoId>
        </identifiers>
      </item>
      <item>
        <lastName>Van Hollen</lastName>
        <sponsorshipDate>2017-02-15</sponsorshipDate>
        <party>D</party>
        <state>MD</state>
        <bioguideId>V000128</bioguideId>
        <middleName />
        <sponsorshipWithdrawnDate />
        <fullName>Sen. Van Hollen, Chris [D-MD]</fullName>
        <firstName>Chris</firstName>
        <isOriginalCosponsor>True</isOriginalCosponsor>
        <identifiers>
          <bioguideId>V000128</bioguideId>
          <gpoId>7983</gpoId>
          <lisID>1729</lisID>
        </identifiers>
      </item>
    </cosponsors>
  </bill>
  <dublinCore xmlns:dc="http://purl.org/dc/elements/1.1/">
    <dc:format>text/xml</dc:format>
    <dc:language>EN</dc:language>
    <dc:rights>Pursuant to Title 17 Section 105 of the United States Code, this file is not subject to copyright protection and is in the public domain.</dc:rights>
    <dc:contributor>Congressional Research Service, Library of Congress</dc:contributor>
    <dc:description>This file contains bill summaries and statuses for federal legislation. A bill summary describes the most significant provisions of a piece of legislation and details the effects the legislative text may have on current law and federal programs. Bill summaries are authored by the Congressional Research Service (CRS) of the Library of Congress. As stated in Public Law 91-510 (2 USC 166 (d)(6)), one of the duties of CRS is "to prepare summaries and digests of bills and resolutions of a public general nature introduced in the Senate or House of Representatives". For more information, refer to the User Guide that accompanies this file.</dc:description>
  </dublinCore>
</billStatus>

