<?xml version="1.0" encoding="UTF-8"?>
<billStatus>
  <bill>
    <policyArea>
      <name>Energy</name>
    </policyArea>
    <introducedDate>2017-01-30</introducedDate>
    <cosponsors>
      <item>
        <isOriginalCosponsor>True</isOriginalCosponsor>
        <fullName>Sen. Daines, Steve [R-MT]</fullName>
        <middleName />
        <state>MT</state>
        <sponsorshipDate>2017-01-30</sponsorshipDate>
        <firstName>Steve</firstName>
        <bioguideId>D000618</bioguideId>
        <party>R</party>
        <lastName>Daines</lastName>
        <sponsorshipWithdrawnDate />
        <identifiers>
          <lisID>2138</lisID>
          <gpoId />
          <bioguideId>D000618</bioguideId>
        </identifiers>
      </item>
      <item>
        <isOriginalCosponsor>True</isOriginalCosponsor>
        <fullName>Sen. Inhofe, James M. [R-OK]</fullName>
        <middleName />
        <state>OK</state>
        <sponsorshipDate>2017-01-30</sponsorshipDate>
        <firstName>JIM</firstName>
        <bioguideId>I000024</bioguideId>
        <party>R</party>
        <lastName>INHOFE</lastName>
        <sponsorshipWithdrawnDate />
        <identifiers>
          <lisID>583</lisID>
          <gpoId>8322</gpoId>
          <bioguideId>I000024</bioguideId>
        </identifiers>
      </item>
      <item>
        <isOriginalCosponsor>True</isOriginalCosponsor>
        <fullName>Sen. Hoeven, John [R-ND]</fullName>
        <middleName />
        <state>ND</state>
        <sponsorshipDate>2017-01-30</sponsorshipDate>
        <firstName>John</firstName>
        <bioguideId>H001061</bioguideId>
        <party>R</party>
        <lastName>Hoeven</lastName>
        <sponsorshipWithdrawnDate />
        <identifiers>
          <bioguideId>H001061</bioguideId>
          <lisID>2079</lisID>
          <gpoId>8331</gpoId>
        </identifiers>
      </item>
      <item>
        <isOriginalCosponsor>True</isOriginalCosponsor>
        <fullName>Sen. Enzi, Michael B. [R-WY]</fullName>
        <middleName>B.</middleName>
        <state>WY</state>
        <sponsorshipDate>2017-01-30</sponsorshipDate>
        <firstName>MICHAEL</firstName>
        <bioguideId>E000285</bioguideId>
        <party>R</party>
        <lastName>ENZI</lastName>
        <sponsorshipWithdrawnDate />
        <identifiers>
          <bioguideId>E000285</bioguideId>
          <lisID>1542</lisID>
          <gpoId>8328</gpoId>
        </identifiers>
      </item>
      <item>
        <isOriginalCosponsor>True</isOriginalCosponsor>
        <fullName>Sen. Capito, Shelley Moore [R-WV]</fullName>
        <middleName>MOORE</middleName>
        <state>WV</state>
        <sponsorshipDate>2017-01-30</sponsorshipDate>
        <firstName>SHELLEY</firstName>
        <bioguideId>C001047</bioguideId>
        <party>R</party>
        <lastName>CAPITO</lastName>
        <sponsorshipWithdrawnDate />
        <identifiers>
          <lisID>1676</lisID>
          <gpoId>8223</gpoId>
          <bioguideId>C001047</bioguideId>
        </identifiers>
      </item>
      <item>
        <isOriginalCosponsor>True</isOriginalCosponsor>
        <fullName>Sen. McConnell, Mitch [R-KY]</fullName>
        <middleName />
        <state>KY</state>
        <sponsorshipDate>2017-01-30</sponsorshipDate>
        <firstName>MITCH</firstName>
        <bioguideId>M000355</bioguideId>
        <party>R</party>
        <lastName>MCCONNELL</lastName>
        <sponsorshipWithdrawnDate />
        <identifiers>
          <lisID>1395</lisID>
          <bioguideId>M000355</bioguideId>
          <gpoId>8254</gpoId>
        </identifiers>
      </item>
      <item>
        <isOriginalCosponsor>True</isOriginalCosponsor>
        <fullName>Sen. Lee, Mike [R-UT]</fullName>
        <middleName />
        <state>UT</state>
        <sponsorshipDate>2017-01-30</sponsorshipDate>
        <firstName>Mike</firstName>
        <bioguideId>L000577</bioguideId>
        <party>R</party>
        <lastName>Lee</lastName>
        <sponsorshipWithdrawnDate />
        <identifiers>
          <lisID>2080</lisID>
          <bioguideId>L000577</bioguideId>
          <gpoId>8303</gpoId>
        </identifiers>
      </item>
      <item>
        <isOriginalCosponsor>True</isOriginalCosponsor>
        <fullName>Sen. Sullivan, Dan  [R-AK]</fullName>
        <middleName />
        <state>AK</state>
        <sponsorshipDate>2017-01-30</sponsorshipDate>
        <firstName>Dan</firstName>
        <bioguideId>S001198</bioguideId>
        <party>R</party>
        <lastName>Sullivan</lastName>
        <sponsorshipWithdrawnDate />
        <identifiers>
          <gpoId />
          <bioguideId>S001198</bioguideId>
          <lisID>2290</lisID>
        </identifiers>
      </item>
      <item>
        <isOriginalCosponsor>True</isOriginalCosponsor>
        <fullName>Sen. Cruz, Ted [R-TX]</fullName>
        <middleName />
        <state>TX</state>
        <sponsorshipDate>2017-01-30</sponsorshipDate>
        <firstName>Ted</firstName>
        <bioguideId>C001098</bioguideId>
        <party>R</party>
        <lastName>Cruz</lastName>
        <sponsorshipWithdrawnDate />
        <identifiers>
          <bioguideId>C001098</bioguideId>
          <lisID>2175</lisID>
          <gpoId />
        </identifiers>
      </item>
      <item>
        <isOriginalCosponsor>True</isOriginalCosponsor>
        <fullName>Sen. Murkowski, Lisa [R-AK]</fullName>
        <middleName />
        <state>AK</state>
        <sponsorshipDate>2017-01-30</sponsorshipDate>
        <firstName>Lisa</firstName>
        <bioguideId>M001153</bioguideId>
        <party>R</party>
        <lastName>Murkowski</lastName>
        <sponsorshipWithdrawnDate />
        <identifiers>
          <lisID>1694</lisID>
          <gpoId>8234</gpoId>
          <bioguideId>M001153</bioguideId>
        </identifiers>
      </item>
      <item>
        <isOriginalCosponsor>True</isOriginalCosponsor>
        <fullName>Sen. Cornyn, John [R-TX]</fullName>
        <middleName />
        <state>TX</state>
        <sponsorshipDate>2017-01-30</sponsorshipDate>
        <firstName>John</firstName>
        <bioguideId>C001056</bioguideId>
        <party>R</party>
        <lastName>Cornyn</lastName>
        <sponsorshipWithdrawnDate />
        <identifiers>
          <lisID>1692</lisID>
          <bioguideId>C001056</bioguideId>
          <gpoId>8295</gpoId>
        </identifiers>
      </item>
      <item>
        <isOriginalCosponsor>True</isOriginalCosponsor>
        <fullName>Sen. Hatch, Orrin G. [R-UT]</fullName>
        <middleName>GRANT</middleName>
        <state>UT</state>
        <sponsorshipDate>2017-01-30</sponsorshipDate>
        <firstName>ORRIN</firstName>
        <bioguideId>H000338</bioguideId>
        <party>R</party>
        <lastName>HATCH</lastName>
        <sponsorshipWithdrawnDate />
        <identifiers>
          <bioguideId>H000338</bioguideId>
          <lisID>1351</lisID>
          <gpoId>8314</gpoId>
        </identifiers>
      </item>
      <item>
        <isOriginalCosponsor>False</isOriginalCosponsor>
        <fullName>Sen. Risch, James E. [R-ID]</fullName>
        <middleName>E.</middleName>
        <state>ID</state>
        <sponsorshipDate>2017-02-02</sponsorshipDate>
        <firstName>James</firstName>
        <bioguideId>R000584</bioguideId>
        <party>R</party>
        <lastName>Risch</lastName>
        <sponsorshipWithdrawnDate />
        <identifiers>
          <lisID>1896</lisID>
          <bioguideId>R000584</bioguideId>
          <gpoId>8274</gpoId>
        </identifiers>
      </item>
      <item>
        <isOriginalCosponsor>False</isOriginalCosponsor>
        <fullName>Sen. Lankford, James [R-OK]</fullName>
        <middleName />
        <state>OK</state>
        <sponsorshipDate>2017-02-03</sponsorshipDate>
        <firstName>James</firstName>
        <bioguideId>L000575</bioguideId>
        <party>R</party>
        <lastName>Lankford</lastName>
        <sponsorshipWithdrawnDate />
        <identifiers>
          <gpoId>8113</gpoId>
          <lisID>2050</lisID>
          <bioguideId>L000575</bioguideId>
        </identifiers>
      </item>
      <item>
        <isOriginalCosponsor>False</isOriginalCosponsor>
        <fullName>Sen. Scott, Tim [R-SC]</fullName>
        <middleName />
        <state>SC</state>
        <sponsorshipDate>2017-03-01</sponsorshipDate>
        <firstName>Tim</firstName>
        <bioguideId>S001184</bioguideId>
        <party>R</party>
        <lastName>Scott</lastName>
        <sponsorshipWithdrawnDate />
        <identifiers>
          <bioguideId>S001184</bioguideId>
          <gpoId>8141</gpoId>
          <lisID>2056</lisID>
        </identifiers>
      </item>
      <item>
        <isOriginalCosponsor>False</isOriginalCosponsor>
        <fullName>Sen. Tillis, Thom [R-NC]</fullName>
        <middleName>Roland</middleName>
        <state>NC</state>
        <sponsorshipDate>2017-04-03</sponsorshipDate>
        <firstName>Thomas</firstName>
        <bioguideId>T000476</bioguideId>
        <party>R</party>
        <lastName>Tillis</lastName>
        <sponsorshipWithdrawnDate />
        <identifiers>
          <lisID>2291</lisID>
          <bioguideId>T000476</bioguideId>
          <gpoId />
        </identifiers>
      </item>
    </cosponsors>
    <congress>115</congress>
    <recordedVotes />
    <amendments />
    <laws />
    <cboCostEstimates />
    <actions>
      <item>
        <actionDate>2017-01-30</actionDate>
        <committee>
          <systemCode>sseg00</systemCode>
          <name>Energy and Natural Resources Committee</name>
        </committee>
        <links />
        <sourceSystem>
          <name>Senate</name>
          <code>0</code>
        </sourceSystem>
        <text>Read twice and referred to the Committee on Energy and Natural Resources.</text>
        <type>IntroReferral</type>
      </item>
      <item>
        <links />
        <actionDate>2017-01-30</actionDate>
        <type>IntroReferral</type>
        <text>Introduced in Senate</text>
        <actionCode>10000</actionCode>
        <sourceSystem>
          <name>Library of Congress</name>
          <code>9</code>
        </sourceSystem>
        <committee />
      </item>
      <actionByCounts>
        <senate>2</senate>
      </actionByCounts>
      <actionTypeCounts>
        <introducedInSenate>1</introducedInSenate>
        <referredToCommittee>1</referredToCommittee>
      </actionTypeCounts>
    </actions>
    <latestAction>
      <text>Read twice and referred to the Committee on Energy and Natural Resources.</text>
      <actionDate>2017-01-30</actionDate>
      <links />
    </latestAction>
    <titles>
      <item>
        <chamberCode />
        <chamberName />
        <parentTitleType />
        <titleType>Official Title as Introduced</titleType>
        <title>A joint resolution providing for congressional disapproval under chapter 8 of title 5, United States Code, of the final rule of the Bureau of Land Management relating to "Waste Prevention, Production Subject to Royalties, and Resource Conservation".</title>
      </item>
      <item>
        <chamberCode />
        <chamberName />
        <parentTitleType />
        <titleType>Display Title</titleType>
        <title>A joint resolution providing for congressional disapproval under chapter 8 of title 5, United States Code, of the final rule of the Bureau of Land Management relating to "Waste Prevention, Production Subject to Royalties, and Resource Conservation".</title>
      </item>
    </titles>
    <summaries>
      <billSummaries>
        <item>
          <lastSummaryUpdateDate>2017-06-28T15:43:51Z</lastSummaryUpdateDate>
          <updateDate>2017-01-30T05:00:00Z</updateDate>
          <versionCode>00</versionCode>
          <text><![CDATA[<p>This joint resolution nullifies the rule submitted by the Bureau of Land Management titled &quot;Waste Prevention, Production Subject to Royalties, and Resource Conservation.&quot;The rule published in the Federal Register on November 18, 2016, addresses waste generated during oil and gas production.</p>]]></text>
          <name>Introduced in Senate</name>
          <actionDesc>Introduced in Senate</actionDesc>
          <actionDate>2017-01-30</actionDate>
        </item>
      </billSummaries>
    </summaries>
    <title>A joint resolution providing for congressional disapproval under chapter 8 of title 5, United States Code, of the final rule of the Bureau of Land Management relating to "Waste Prevention, Production Subject to Royalties, and Resource Conservation".</title>
    <calendarNumbers />
    <originChamber>Senate</originChamber>
    <updateDate>2018-02-06T16:44:19Z</updateDate>
    <notes />
    <billType>SJRES</billType>
    <committees>
      <billCommittees>
        <item>
          <name>Energy and Natural Resources Committee</name>
          <chamber>Senate</chamber>
          <type>Standing</type>
          <subcommittees />
          <systemCode>sseg00</systemCode>
          <activities>
            <item>
              <name>Referred to</name>
              <date>2017-01-30T20:56:33Z</date>
            </item>
          </activities>
        </item>
      </billCommittees>
    </committees>
    <relatedBills>
      <item>
        <number>36</number>
        <latestTitle>Providing for congressional disapproval under chapter 8 of title 5, United States Code, of the final rule of the Bureau of Land Management relating to "Waste Prevention, Production Subject to Royalties, and Resource Conservation".</latestTitle>
        <type>HJRES</type>
        <relationshipDetails>
          <item>
            <identifiedBy>CRS</identifiedBy>
            <type>Identical bill</type>
          </item>
        </relationshipDetails>
        <congress>115</congress>
        <latestAction>
          <text>Read twice and referred to the Committee on Energy and Natural Resources.</text>
          <actionDate>2018-01-04</actionDate>
        </latestAction>
      </item>
    </relatedBills>
    <committeeReports />
    <billNumber>11</billNumber>
    <sponsors>
      <item>
        <byRequestType />
        <state>WY</state>
        <bioguideId>B001261</bioguideId>
        <identifiers>
          <lisID>1881</lisID>
          <gpoId>8300</gpoId>
          <bioguideId>B001261</bioguideId>
        </identifiers>
        <fullName>Sen. Barrasso, John [R-WY]</fullName>
        <lastName>Barrasso</lastName>
        <firstName>John</firstName>
        <middleName />
        <party>R</party>
      </item>
    </sponsors>
    <createDate>2017-01-31T05:23:10Z</createDate>
    <version>1.0.0</version>
    <subjects>
      <billSubjects>
        <legislativeSubjects>
          <item>
            <name>Administrative law and regulatory procedures</name>
          </item>
          <item>
            <name>Air quality</name>
          </item>
          <item>
            <name>Climate change and greenhouse gases</name>
          </item>
          <item>
            <name>Congressional oversight</name>
          </item>
          <item>
            <name>Department of the Interior</name>
          </item>
          <item>
            <name>Energy efficiency and conservation</name>
          </item>
          <item>
            <name>Energy revenues and royalties</name>
          </item>
          <item>
            <name>Energy storage, supplies, demand</name>
          </item>
          <item>
            <name>Oil and gas</name>
          </item>
        </legislativeSubjects>
        <policyArea>
          <name>Energy</name>
        </policyArea>
      </billSubjects>
    </subjects>
  </bill>
  <dublinCore xmlns:dc="http://purl.org/dc/elements/1.1/">
    <dc:format>text/xml</dc:format>
    <dc:language>EN</dc:language>
    <dc:rights>Pursuant to Title 17 Section 105 of the United States Code, this file is not subject to copyright protection and is in the public domain.</dc:rights>
    <dc:contributor>Congressional Research Service, Library of Congress</dc:contributor>
    <dc:description>This file contains bill summaries and statuses for federal legislation. A bill summary describes the most significant provisions of a piece of legislation and details the effects the legislative text may have on current law and federal programs. Bill summaries are authored by the Congressional Research Service (CRS) of the Library of Congress. As stated in Public Law 91-510 (2 USC 166 (d)(6)), one of the duties of CRS is "to prepare summaries and digests of bills and resolutions of a public general nature introduced in the Senate or House of Representatives". For more information, refer to the User Guide that accompanies this file.</dc:description>
  </dublinCore>
</billStatus>

