<?xml version="1.0" encoding="UTF-8"?>
<billStatus>
  <bill>
    <policyArea>
      <name>Civil Rights and Liberties, Minority Issues</name>
    </policyArea>
    <committeeReports />
    <congress>115</congress>
    <sponsors>
      <item>
        <identifiers>
          <lisID>1829</lisID>
          <bioguideId>T000464</bioguideId>
          <gpoId>8258</gpoId>
        </identifiers>
        <middleName />
        <byRequestType />
        <fullName>Sen. Tester, Jon [D-MT]</fullName>
        <bioguideId>T000464</bioguideId>
        <state>MT</state>
        <party>D</party>
        <firstName>Jon</firstName>
        <lastName>Tester</lastName>
      </item>
    </sponsors>
    <calendarNumbers />
    <amendments />
    <relatedBills>
      <item>
        <type>HJRES</type>
        <latestAction>
          <text>Referred to the Subcommittee on the Constitution and Civil Justice.</text>
          <actionDate>2017-03-10</actionDate>
        </latestAction>
        <latestTitle>Proposing an amendment to the Constitution of the United States to clarify the authority of Congress and the States to regulate corporations, limited liability companies or other corporate entities established by the laws of any State, the United States, or any foreign state.</latestTitle>
        <relationshipDetails>
          <item>
            <type>Related bill</type>
            <identifiedBy>CRS</identifiedBy>
          </item>
        </relationshipDetails>
        <congress>115</congress>
        <number>88</number>
      </item>
    </relatedBills>
    <notes />
    <originChamber>Senate</originChamber>
    <version>1.0.0</version>
    <billNumber>20</billNumber>
    <title>A joint resolution proposing an amendment to the Constitution of the United States to clarify the authority of Congress and the States to regulate corporations, limited liability companies, and other corporate entities established by the laws of any State, the United States, or any foreign state.</title>
    <cosponsors>
      <item>
        <fullName>Sen. Whitehouse, Sheldon [D-RI]</fullName>
        <lastName>Whitehouse</lastName>
        <bioguideId>W000802</bioguideId>
        <isOriginalCosponsor>True</isOriginalCosponsor>
        <middleName />
        <state>RI</state>
        <firstName>Sheldon</firstName>
        <sponsorshipDate>2017-02-03</sponsorshipDate>
        <sponsorshipWithdrawnDate />
        <party>D</party>
        <identifiers>
          <gpoId>8264</gpoId>
          <bioguideId>W000802</bioguideId>
          <lisID>1823</lisID>
        </identifiers>
      </item>
    </cosponsors>
    <subjects>
      <billSubjects>
        <legislativeSubjects>
          <item>
            <name>Constitution and constitutional amendments</name>
          </item>
          <item>
            <name>Corporate finance and management</name>
          </item>
          <item>
            <name>Elections, voting, political campaign regulation</name>
          </item>
          <item>
            <name>First Amendment rights</name>
          </item>
          <item>
            <name>Political advertising</name>
          </item>
        </legislativeSubjects>
        <policyArea>
          <name>Civil Rights and Liberties, Minority Issues</name>
        </policyArea>
      </billSubjects>
    </subjects>
    <laws />
    <actions>
      <actionTypeCounts>
        <introducedInSenate>1</introducedInSenate>
        <referredToCommittee>1</referredToCommittee>
      </actionTypeCounts>
      <item>
        <actionDate>2017-02-03</actionDate>
        <committee>
          <systemCode>ssju00</systemCode>
          <name>Judiciary Committee</name>
        </committee>
        <links />
        <sourceSystem>
          <name>Senate</name>
          <code>0</code>
        </sourceSystem>
        <text>Read twice and referred to the Committee on the Judiciary.</text>
        <type>IntroReferral</type>
      </item>
      <item>
        <type>IntroReferral</type>
        <links />
        <text>Introduced in Senate</text>
        <committee />
        <actionDate>2017-02-03</actionDate>
        <sourceSystem>
          <name>Library of Congress</name>
          <code>9</code>
        </sourceSystem>
        <actionCode>10000</actionCode>
      </item>
      <actionByCounts>
        <senate>2</senate>
      </actionByCounts>
    </actions>
    <titles>
      <item>
        <chamberName />
        <titleType>Official Title as Introduced</titleType>
        <title>A joint resolution proposing an amendment to the Constitution of the United States to clarify the authority of Congress and the States to regulate corporations, limited liability companies, and other corporate entities established by the laws of any State, the United States, or any foreign state.</title>
        <parentTitleType />
        <chamberCode />
      </item>
      <item>
        <chamberName />
        <titleType>Display Title</titleType>
        <title>A joint resolution proposing an amendment to the Constitution of the United States to clarify the authority of Congress and the States to regulate corporations, limited liability companies, and other corporate entities established by the laws of any State, the United States, or any foreign state.</title>
        <parentTitleType />
        <chamberCode />
      </item>
    </titles>
    <summaries>
      <billSummaries>
        <item>
          <versionCode>00</versionCode>
          <actionDate>2017-02-03</actionDate>
          <updateDate>2017-02-03T05:00:00Z</updateDate>
          <text><![CDATA[<p><b>Constitutional Amendment </b></p> <p>This joint resolution proposes a constitutional amendment declaring that: (1) the rights enumerated in the Constitution and other rights retained by the people are the rights of natural persons; (2) the terms &quot;people,&quot; &quot;person,&quot; and &quot;citizen&quot; as used in the Constitution do not include corporate entities established by the laws of any state, the United States, or any foreign state; and (3) corporate entities are subject to such regulation as the people, through representatives in Congress and state representatives, may determine reasonable, consistent with the powers of Congress and the states.</p> <p>The amendment prohibits the Constitution from being construed to limit such rights enumerated in the Constitution and other rights retained by the people, which are unalienable.</p>]]></text>
          <actionDesc>Introduced in Senate</actionDesc>
          <name>Introduced in Senate</name>
          <lastSummaryUpdateDate>2017-04-21T18:16:46Z</lastSummaryUpdateDate>
        </item>
      </billSummaries>
    </summaries>
    <committees>
      <billCommittees>
        <item>
          <chamber>Senate</chamber>
          <subcommittees />
          <type>Standing</type>
          <activities>
            <item>
              <date>2017-02-03T15:45:50Z</date>
              <name>Referred to</name>
            </item>
          </activities>
          <systemCode>ssju00</systemCode>
          <name>Judiciary Committee</name>
        </item>
      </billCommittees>
    </committees>
    <introducedDate>2017-02-03</introducedDate>
    <updateDate>2018-02-06T16:44:19Z</updateDate>
    <cboCostEstimates />
    <recordedVotes />
    <billType>SJRES</billType>
    <createDate>2017-02-04T05:07:08Z</createDate>
    <latestAction>
      <text>Read twice and referred to the Committee on the Judiciary.</text>
      <links />
      <actionDate>2017-02-03</actionDate>
    </latestAction>
  </bill>
  <dublinCore xmlns:dc="http://purl.org/dc/elements/1.1/">
    <dc:format>text/xml</dc:format>
    <dc:language>EN</dc:language>
    <dc:rights>Pursuant to Title 17 Section 105 of the United States Code, this file is not subject to copyright protection and is in the public domain.</dc:rights>
    <dc:contributor>Congressional Research Service, Library of Congress</dc:contributor>
    <dc:description>This file contains bill summaries and statuses for federal legislation. A bill summary describes the most significant provisions of a piece of legislation and details the effects the legislative text may have on current law and federal programs. Bill summaries are authored by the Congressional Research Service (CRS) of the Library of Congress. As stated in Public Law 91-510 (2 USC 166 (d)(6)), one of the duties of CRS is "to prepare summaries and digests of bills and resolutions of a public general nature introduced in the Senate or House of Representatives". For more information, refer to the User Guide that accompanies this file.</dc:description>
  </dublinCore>
</billStatus>

