<?xml version="1.0" encoding="UTF-8"?>
<billStatus>
  <bill>
    <policyArea>
      <name>International Affairs</name>
    </policyArea>
    <committeeReports />
    <congress>115</congress>
    <sponsors>
      <item>
        <identifiers>
          <gpoId>7948</gpoId>
          <lisID>2019</lisID>
          <bioguideId>Y000064</bioguideId>
        </identifiers>
        <middleName>C.</middleName>
        <byRequestType />
        <fullName>Sen. Young, Todd C. [R-IN]</fullName>
        <bioguideId>Y000064</bioguideId>
        <state>IN</state>
        <party>R</party>
        <firstName>Todd</firstName>
        <lastName>Young</lastName>
      </item>
    </sponsors>
    <calendarNumbers />
    <amendments />
    <relatedBills>
      <item>
        <relationshipDetails>
          <item>
            <identifiedBy>CRS</identifiedBy>
            <type>Identical bill</type>
          </item>
        </relationshipDetails>
        <latestAction>
          <actionDate>2017-03-15</actionDate>
          <text>Referred to the House Committee on Foreign Affairs.</text>
        </latestAction>
        <type>HJRES</type>
        <number>89</number>
        <latestTitle>Authorization for Use of Military Force Against al-Qaeda, the Taliban, and the Islamic State of Iraq and Syria</latestTitle>
        <congress>115</congress>
      </item>
      <item>
        <relationshipDetails>
          <item>
            <identifiedBy>CRS</identifiedBy>
            <type>Related bill</type>
          </item>
        </relationshipDetails>
        <latestAction>
          <actionDate>2017-10-12</actionDate>
          <text>Referred to the House Committee on Foreign Affairs.</text>
        </latestAction>
        <type>HJRES</type>
        <number>118</number>
        <latestTitle>Authorization for Use of Military Force Against al-Qaeda, the Taliban, and the Islamic State of Iraq and Syria</latestTitle>
        <congress>115</congress>
      </item>
    </relatedBills>
    <notes />
    <originChamber>Senate</originChamber>
    <version>1.0.0</version>
    <billNumber>31</billNumber>
    <title>Authorization for Use of Military Force Against al-Qaeda, the Taliban, and the Islamic State of Iraq and Syria</title>
    <cosponsors />
    <subjects>
      <billSubjects>
        <policyArea>
          <name>International Affairs</name>
        </policyArea>
        <legislativeSubjects>
          <item>
            <name>Conflicts and wars</name>
          </item>
          <item>
            <name>Congressional oversight</name>
          </item>
          <item>
            <name>Criminal investigation, prosecution, interrogation</name>
          </item>
          <item>
            <name>Detention of persons</name>
          </item>
          <item>
            <name>Diplomacy, foreign officials, Americans abroad</name>
          </item>
          <item>
            <name>Energy revenues and royalties</name>
          </item>
          <item>
            <name>Foreign aid and international relief</name>
          </item>
          <item>
            <name>Foreign and international banking</name>
          </item>
          <item>
            <name>Foreign property</name>
          </item>
          <item>
            <name>Fraud offenses and financial crimes</name>
          </item>
          <item>
            <name>Historical and cultural resources</name>
          </item>
          <item>
            <name>Human trafficking</name>
          </item>
          <item>
            <name>Iraq</name>
          </item>
          <item>
            <name>Middle East</name>
          </item>
          <item>
            <name>Military law</name>
          </item>
          <item>
            <name>Military operations and strategy</name>
          </item>
          <item>
            <name>Oil and gas</name>
          </item>
          <item>
            <name>Refugees, asylum, displaced persons</name>
          </item>
          <item>
            <name>Syria</name>
          </item>
          <item>
            <name>Terrorism</name>
          </item>
          <item>
            <name>War and emergency powers</name>
          </item>
        </legislativeSubjects>
      </billSubjects>
    </subjects>
    <laws />
    <actions>
      <actionTypeCounts>
        <introducedInSenate>1</introducedInSenate>
        <referredToCommittee>1</referredToCommittee>
      </actionTypeCounts>
      <item>
        <actionDate>2017-03-02</actionDate>
        <committee>
          <systemCode>ssfr00</systemCode>
          <name>Foreign Relations Committee</name>
        </committee>
        <links />
        <sourceSystem>
          <name>Senate</name>
          <code>0</code>
        </sourceSystem>
        <text>Read twice and referred to the Committee on Foreign Relations.</text>
        <type>IntroReferral</type>
      </item>
      <item>
        <type>IntroReferral</type>
        <links />
        <text>Introduced in Senate</text>
        <committee />
        <actionDate>2017-03-02</actionDate>
        <sourceSystem>
          <name>Library of Congress</name>
          <code>9</code>
        </sourceSystem>
        <actionCode>10000</actionCode>
      </item>
      <actionByCounts>
        <senate>2</senate>
      </actionByCounts>
    </actions>
    <titles>
      <item>
        <parentTitleType />
        <chamberCode />
        <titleType>(Extracted from GPO) Short Titles as Introduced</titleType>
        <chamberName />
        <title>Authorization for Use of Military Force Against al-Qaeda, the Taliban, and the Islamic State of Iraq and Syria</title>
      </item>
      <item>
        <parentTitleType />
        <chamberCode />
        <titleType>Short Titles as Introduced</titleType>
        <chamberName />
        <title>Authorization for Use of Military Force Against al-Qaeda, the Taliban, and the Islamic State of Iraq and Syria</title>
      </item>
      <item>
        <parentTitleType />
        <chamberCode />
        <titleType>Official Title as Introduced</titleType>
        <chamberName />
        <title>A joint resolution to authorize the use of United States Armed Forces against al-Qaeda, the Taliban, the Islamic State of Iraq and Syria, successor organizations, and associated forces.</title>
      </item>
      <item>
        <parentTitleType />
        <chamberCode />
        <titleType>Display Title</titleType>
        <chamberName />
        <title>Authorization for Use of Military Force Against al-Qaeda, the Taliban, and the Islamic State of Iraq and Syria</title>
      </item>
    </titles>
    <summaries>
      <billSummaries>
        <item>
          <updateDate>2017-03-02T05:00:00Z</updateDate>
          <lastSummaryUpdateDate>2017-10-16T15:06:07Z</lastSummaryUpdateDate>
          <actionDate>2017-03-02</actionDate>
          <name>Introduced in Senate</name>
          <actionDesc>Introduced in Senate</actionDesc>
          <versionCode>00</versionCode>
          <text><![CDATA[<p><strong>Authorization for Use of Military Force Against al-Qaeda, the Taliban, and the Islamic State of Iraq and Syria</strong></p> <p>This joint resolution: (1) authorizes the President to use all necessary and appropriate force against al-Qaeda, the Taliban, the Islamic State of Iraq and Syria (ISIS), successor organizations, and associated forces; and (2) grants specific statutory authorization to introduce U.S. Armed Forces into hostilities or into situations wherein involvement in hostilities is clearly indicated by the circumstances, within the meaning of the War Powers Resolution.</p> <p>Such grant of authority includes the authority for the Armed Forces to detain, pending disposition under the law of war, persons who are a part of or substantially supported al-Qaeda, the Taliban, ISIS, any successor organization, or any associated force of those organizations.</p> <p>The President must submit to specified congressional committees a comprehensive strategy to defeat ISIS, detailing specified elements.</p> <p>The President must report to Congress on matters relevant to this joint resolution, including actions taken pursuant to the exercise of authority granted by this resolution, at least every 60 days.</p> <p>The bill repeals: (1) the Authorization for Use of Military Force, and (2) the Authorization for Use of Military Force Against Iraq Resolution of 2002.</p>]]></text>
        </item>
      </billSummaries>
    </summaries>
    <committees>
      <billCommittees>
        <item>
          <systemCode>ssfr00</systemCode>
          <name>Foreign Relations Committee</name>
          <type>Standing</type>
          <activities>
            <item>
              <name>Referred to</name>
              <date>2017-03-02T21:40:57Z</date>
            </item>
          </activities>
          <chamber>Senate</chamber>
          <subcommittees />
        </item>
      </billCommittees>
    </committees>
    <introducedDate>2017-03-02</introducedDate>
    <updateDate>2018-02-06T16:44:20Z</updateDate>
    <cboCostEstimates />
    <recordedVotes />
    <billType>SJRES</billType>
    <createDate>2017-03-03T05:11:26Z</createDate>
    <latestAction>
      <text>Read twice and referred to the Committee on Foreign Relations.</text>
      <links />
      <actionDate>2017-03-02</actionDate>
    </latestAction>
  </bill>
  <dublinCore xmlns:dc="http://purl.org/dc/elements/1.1/">
    <dc:format>text/xml</dc:format>
    <dc:language>EN</dc:language>
    <dc:rights>Pursuant to Title 17 Section 105 of the United States Code, this file is not subject to copyright protection and is in the public domain.</dc:rights>
    <dc:contributor>Congressional Research Service, Library of Congress</dc:contributor>
    <dc:description>This file contains bill summaries and statuses for federal legislation. A bill summary describes the most significant provisions of a piece of legislation and details the effects the legislative text may have on current law and federal programs. Bill summaries are authored by the Congressional Research Service (CRS) of the Library of Congress. As stated in Public Law 91-510 (2 USC 166 (d)(6)), one of the duties of CRS is "to prepare summaries and digests of bills and resolutions of a public general nature introduced in the Senate or House of Representatives". For more information, refer to the User Guide that accompanies this file.</dc:description>
  </dublinCore>
</billStatus>

