<?xml version="1.0" encoding="UTF-8"?>
<billStatus>
  <bill>
    <policyArea>
      <name>Civil Rights and Liberties, Minority Issues</name>
    </policyArea>
    <committeeReports />
    <congress>115</congress>
    <sponsors>
      <item>
        <identifiers>
          <lisID>1897</lisID>
          <bioguideId>W000805</bioguideId>
          <gpoId>8269</gpoId>
        </identifiers>
        <middleName>R.</middleName>
        <byRequestType />
        <fullName>Sen. Warner, Mark R. [D-VA]</fullName>
        <bioguideId>W000805</bioguideId>
        <state>VA</state>
        <party>D</party>
        <firstName>Mark</firstName>
        <lastName>Warner</lastName>
      </item>
    </sponsors>
    <calendarNumbers>
      <item>
        <calendar>Senate Calendar of Business</calendar>
        <number />
      </item>
      <item>
        <calendar>Senate Calendar of Business</calendar>
        <number>0212</number>
      </item>
    </calendarNumbers>
    <amendments />
    <relatedBills>
      <item>
        <congress>115</congress>
        <latestAction>
          <actionDate>2017-09-07</actionDate>
          <text>Referred to the House Committee on the Judiciary.</text>
        </latestAction>
        <type>HJRES</type>
        <latestTitle>Condemning the violence and domestic terrorist attack that took place during events between August 11 and August 12, 2017, in Charlottesville, Virginia, recognizing the first responders who lost their lives while monitoring the events, offering deepest condolences to the families and friends of those individuals who were killed and deepest sympathies and support to those individuals who were injured in the attack, expressing support for the Charlottesville community, rejecting White nationalists, White supremacists, the Ku Klux Klan, neo-Nazis, and other hate groups, and urging the President and the President's Cabinet to use all available resources to address the threats posed by those groups.</latestTitle>
        <number>117</number>
        <relationshipDetails>
          <item>
            <type>Identical bill</type>
            <identifiedBy>CRS</identifiedBy>
          </item>
        </relationshipDetails>
      </item>
    </relatedBills>
    <notes />
    <originChamber>Senate</originChamber>
    <version>1.0.0</version>
    <billNumber>49</billNumber>
    <title>A joint resolution condemning the violence and domestic terrorist attack that took place during events between August 11 and August 12, 2017, in Charlottesville, Virginia, recognizing the first responders who lost their lives while monitoring the events, offering deepest condolences to the families and friends of those individuals who were killed and deepest sympathies and support to those individuals who were injured by the violence, expressing support for the Charlottesville community, rejecting White nationalists, White supremacists, the Ku Klux Klan, neo-Nazis, and other hate groups, and urging the President and the President's Cabinet to use all available resources to address the threats posed by those groups.</title>
    <cosponsors>
      <item>
        <isOriginalCosponsor>True</isOriginalCosponsor>
        <fullName>Sen. Kaine, Tim [D-VA]</fullName>
        <firstName>Timothy</firstName>
        <identifiers>
          <gpoId />
          <lisID>2176</lisID>
          <bioguideId>K000384</bioguideId>
        </identifiers>
        <party>D</party>
        <sponsorshipDate>2017-09-06</sponsorshipDate>
        <lastName>Kaine</lastName>
        <bioguideId>K000384</bioguideId>
        <state>VA</state>
        <middleName />
        <sponsorshipWithdrawnDate />
      </item>
      <item>
        <isOriginalCosponsor>True</isOriginalCosponsor>
        <fullName>Sen. Gardner, Cory [R-CO]</fullName>
        <firstName>Cory</firstName>
        <identifiers>
          <bioguideId>G000562</bioguideId>
          <lisID>1998</lisID>
          <gpoId>7862</gpoId>
        </identifiers>
        <party>R</party>
        <sponsorshipDate>2017-09-06</sponsorshipDate>
        <lastName>Gardner</lastName>
        <bioguideId>G000562</bioguideId>
        <state>CO</state>
        <middleName />
        <sponsorshipWithdrawnDate />
      </item>
      <item>
        <isOriginalCosponsor>True</isOriginalCosponsor>
        <fullName>Sen. Isakson, Johnny [R-GA]</fullName>
        <firstName>Johnny</firstName>
        <identifiers>
          <bioguideId>I000055</bioguideId>
          <gpoId>8323</gpoId>
          <lisID>1608</lisID>
        </identifiers>
        <party>R</party>
        <sponsorshipDate>2017-09-06</sponsorshipDate>
        <lastName>Isakson</lastName>
        <bioguideId>I000055</bioguideId>
        <state>GA</state>
        <middleName />
        <sponsorshipWithdrawnDate />
      </item>
      <item>
        <isOriginalCosponsor>True</isOriginalCosponsor>
        <fullName>Sen. Murkowski, Lisa [R-AK]</fullName>
        <firstName>Lisa</firstName>
        <identifiers>
          <lisID>1694</lisID>
          <gpoId>8234</gpoId>
          <bioguideId>M001153</bioguideId>
        </identifiers>
        <party>R</party>
        <sponsorshipDate>2017-09-06</sponsorshipDate>
        <lastName>Murkowski</lastName>
        <bioguideId>M001153</bioguideId>
        <state>AK</state>
        <middleName />
        <sponsorshipWithdrawnDate />
      </item>
      <item>
        <isOriginalCosponsor>True</isOriginalCosponsor>
        <fullName>Sen. Blumenthal, Richard [D-CT]</fullName>
        <firstName>Richard</firstName>
        <identifiers>
          <lisID>2076</lisID>
          <gpoId>8332</gpoId>
          <bioguideId>B001277</bioguideId>
        </identifiers>
        <party>D</party>
        <sponsorshipDate>2017-09-06</sponsorshipDate>
        <lastName>Blumenthal</lastName>
        <bioguideId>B001277</bioguideId>
        <state>CT</state>
        <middleName />
        <sponsorshipWithdrawnDate />
      </item>
      <item>
        <isOriginalCosponsor>False</isOriginalCosponsor>
        <fullName>Sen. McConnell, Mitch [R-KY]</fullName>
        <firstName>MITCH</firstName>
        <identifiers>
          <lisID>1395</lisID>
          <bioguideId>M000355</bioguideId>
          <gpoId>8254</gpoId>
        </identifiers>
        <party>R</party>
        <sponsorshipDate>2017-09-07</sponsorshipDate>
        <lastName>MCCONNELL</lastName>
        <bioguideId>M000355</bioguideId>
        <state>KY</state>
        <middleName />
        <sponsorshipWithdrawnDate />
      </item>
      <item>
        <isOriginalCosponsor>False</isOriginalCosponsor>
        <fullName>Sen. Baldwin, Tammy [D-WI]</fullName>
        <firstName>TAMMY</firstName>
        <identifiers>
          <lisID>1558</lisID>
          <gpoId>8215</gpoId>
          <bioguideId>B001230</bioguideId>
        </identifiers>
        <party>D</party>
        <sponsorshipDate>2017-09-07</sponsorshipDate>
        <lastName>BALDWIN</lastName>
        <bioguideId>B001230</bioguideId>
        <state>WI</state>
        <middleName />
        <sponsorshipWithdrawnDate />
      </item>
      <item>
        <isOriginalCosponsor>False</isOriginalCosponsor>
        <fullName>Sen. Bennet, Michael F. [D-CO]</fullName>
        <firstName>Michael</firstName>
        <identifiers>
          <gpoId>8302</gpoId>
          <lisID>1965</lisID>
          <bioguideId>B001267</bioguideId>
        </identifiers>
        <party>D</party>
        <sponsorshipDate>2017-09-07</sponsorshipDate>
        <lastName>Bennet</lastName>
        <bioguideId>B001267</bioguideId>
        <state>CO</state>
        <middleName>F.</middleName>
        <sponsorshipWithdrawnDate />
      </item>
      <item>
        <isOriginalCosponsor>False</isOriginalCosponsor>
        <fullName>Sen. Booker, Cory A. [D-NJ]</fullName>
        <firstName>Cory</firstName>
        <identifiers>
          <bioguideId>B001288</bioguideId>
          <lisID>2194</lisID>
          <gpoId />
        </identifiers>
        <party>D</party>
        <sponsorshipDate>2017-09-07</sponsorshipDate>
        <lastName>Booker</lastName>
        <bioguideId>B001288</bioguideId>
        <state>NJ</state>
        <middleName>A.</middleName>
        <sponsorshipWithdrawnDate />
      </item>
      <item>
        <isOriginalCosponsor>False</isOriginalCosponsor>
        <fullName>Sen. Cardin, Benjamin L. [D-MD]</fullName>
        <firstName>BENJAMIN</firstName>
        <identifiers>
          <lisID>174</lisID>
          <bioguideId>C000141</bioguideId>
          <gpoId>8287</gpoId>
        </identifiers>
        <party>D</party>
        <sponsorshipDate>2017-09-07</sponsorshipDate>
        <lastName>CARDIN</lastName>
        <bioguideId>C000141</bioguideId>
        <state>MD</state>
        <middleName>L.</middleName>
        <sponsorshipWithdrawnDate />
      </item>
      <item>
        <isOriginalCosponsor>False</isOriginalCosponsor>
        <fullName>Sen. Collins, Susan M. [R-ME]</fullName>
        <firstName>SUSAN</firstName>
        <identifiers>
          <gpoId>8291</gpoId>
          <bioguideId>C001035</bioguideId>
          <lisID>1541</lisID>
        </identifiers>
        <party>R</party>
        <sponsorshipDate>2017-09-07</sponsorshipDate>
        <lastName>COLLINS</lastName>
        <bioguideId>C001035</bioguideId>
        <state>ME</state>
        <middleName>MARGARET</middleName>
        <sponsorshipWithdrawnDate />
      </item>
      <item>
        <isOriginalCosponsor>False</isOriginalCosponsor>
        <fullName>Sen. Coons, Christopher A. [D-DE]</fullName>
        <firstName>Christopher</firstName>
        <identifiers>
          <lisID>1984</lisID>
          <gpoId>8297</gpoId>
          <bioguideId>C001088</bioguideId>
        </identifiers>
        <party>D</party>
        <sponsorshipDate>2017-09-07</sponsorshipDate>
        <lastName>Coons</lastName>
        <bioguideId>C001088</bioguideId>
        <state>DE</state>
        <middleName>A.</middleName>
        <sponsorshipWithdrawnDate />
      </item>
      <item>
        <isOriginalCosponsor>False</isOriginalCosponsor>
        <fullName>Sen. Donnelly, Joe [D-IN]</fullName>
        <firstName>Joe</firstName>
        <identifiers>
          <lisID>1850</lisID>
          <bioguideId>D000607</bioguideId>
          <gpoId>7941</gpoId>
        </identifiers>
        <party>D</party>
        <sponsorshipDate>2017-09-07</sponsorshipDate>
        <lastName>Donnelly</lastName>
        <bioguideId>D000607</bioguideId>
        <state>IN</state>
        <middleName />
        <sponsorshipWithdrawnDate />
      </item>
      <item>
        <isOriginalCosponsor>False</isOriginalCosponsor>
        <fullName>Sen. Duckworth, Tammy [D-IL]</fullName>
        <firstName>Tammy</firstName>
        <identifiers>
          <lisID>2123</lisID>
          <gpoId />
          <bioguideId>D000622</bioguideId>
        </identifiers>
        <party>D</party>
        <sponsorshipDate>2017-09-07</sponsorshipDate>
        <lastName>Duckworth</lastName>
        <bioguideId>D000622</bioguideId>
        <state>IL</state>
        <middleName />
        <sponsorshipWithdrawnDate />
      </item>
      <item>
        <isOriginalCosponsor>False</isOriginalCosponsor>
        <fullName>Sen. Durbin, Richard J. [D-IL]</fullName>
        <firstName>RICHARD</firstName>
        <identifiers>
          <bioguideId>D000563</bioguideId>
          <lisID>326</lisID>
          <gpoId>8326</gpoId>
        </identifiers>
        <party>D</party>
        <sponsorshipDate>2017-09-07</sponsorshipDate>
        <lastName>DURBIN</lastName>
        <bioguideId>D000563</bioguideId>
        <state>IL</state>
        <middleName>J.</middleName>
        <sponsorshipWithdrawnDate />
      </item>
      <item>
        <isOriginalCosponsor>False</isOriginalCosponsor>
        <fullName>Sen. Gillibrand, Kirsten E. [D-NY]</fullName>
        <firstName>Kirsten</firstName>
        <identifiers>
          <lisID>1866</lisID>
          <gpoId>8336</gpoId>
          <bioguideId>G000555</bioguideId>
        </identifiers>
        <party>D</party>
        <sponsorshipDate>2017-09-07</sponsorshipDate>
        <lastName>Gillibrand</lastName>
        <bioguideId>G000555</bioguideId>
        <state>NY</state>
        <middleName>E.</middleName>
        <sponsorshipWithdrawnDate />
      </item>
      <item>
        <isOriginalCosponsor>False</isOriginalCosponsor>
        <fullName>Sen. Harris, Kamala D. [D-CA]</fullName>
        <firstName>Kamala</firstName>
        <identifiers>
          <lisID>2301</lisID>
          <bioguideId>H001075</bioguideId>
          <gpoId />
        </identifiers>
        <party>D</party>
        <sponsorshipDate>2017-09-07</sponsorshipDate>
        <lastName>Harris</lastName>
        <bioguideId>H001075</bioguideId>
        <state>CA</state>
        <middleName>D.</middleName>
        <sponsorshipWithdrawnDate />
      </item>
      <item>
        <isOriginalCosponsor>False</isOriginalCosponsor>
        <fullName>Sen. Hassan, Margaret Wood [D-NH]</fullName>
        <firstName>Margaret</firstName>
        <identifiers>
          <lisID>2302</lisID>
          <gpoId />
          <bioguideId>H001076</bioguideId>
        </identifiers>
        <party>D</party>
        <sponsorshipDate>2017-09-07</sponsorshipDate>
        <lastName>Hassan</lastName>
        <bioguideId>H001076</bioguideId>
        <state>NH</state>
        <middleName>Wood</middleName>
        <sponsorshipWithdrawnDate />
      </item>
      <item>
        <isOriginalCosponsor>False</isOriginalCosponsor>
        <fullName>Sen. Klobuchar, Amy [D-MN]</fullName>
        <firstName>Amy</firstName>
        <identifiers>
          <lisID>1826</lisID>
          <bioguideId>K000367</bioguideId>
          <gpoId>8249</gpoId>
        </identifiers>
        <party>D</party>
        <sponsorshipDate>2017-09-07</sponsorshipDate>
        <lastName>Klobuchar</lastName>
        <bioguideId>K000367</bioguideId>
        <state>MN</state>
        <middleName />
        <sponsorshipWithdrawnDate />
      </item>
      <item>
        <isOriginalCosponsor>False</isOriginalCosponsor>
        <fullName>Sen. Markey, Edward J. [D-MA]</fullName>
        <firstName>EDWARD</firstName>
        <identifiers>
          <lisID>735</lisID>
          <gpoId>7972</gpoId>
          <bioguideId>M000133</bioguideId>
        </identifiers>
        <party>D</party>
        <sponsorshipDate>2017-09-07</sponsorshipDate>
        <lastName>MARKEY</lastName>
        <bioguideId>M000133</bioguideId>
        <state>MA</state>
        <middleName>J.</middleName>
        <sponsorshipWithdrawnDate />
      </item>
      <item>
        <isOriginalCosponsor>False</isOriginalCosponsor>
        <fullName>Sen. McCain, John [R-AZ]</fullName>
        <firstName>JOHN</firstName>
        <identifiers>
          <gpoId>8253</gpoId>
          <lisID>754</lisID>
          <bioguideId>M000303</bioguideId>
        </identifiers>
        <party>R</party>
        <sponsorshipDate>2017-09-07</sponsorshipDate>
        <lastName>MCCAIN</lastName>
        <bioguideId>M000303</bioguideId>
        <state>AZ</state>
        <middleName>SIDNEY</middleName>
        <sponsorshipWithdrawnDate />
      </item>
      <item>
        <isOriginalCosponsor>False</isOriginalCosponsor>
        <fullName>Sen. McCaskill, Claire [D-MO]</fullName>
        <firstName>Claire</firstName>
        <identifiers>
          <bioguideId>M001170</bioguideId>
          <lisID>1820</lisID>
          <gpoId>8252</gpoId>
        </identifiers>
        <party>D</party>
        <sponsorshipDate>2017-09-07</sponsorshipDate>
        <lastName>McCaskill</lastName>
        <bioguideId>M001170</bioguideId>
        <state>MO</state>
        <middleName />
        <sponsorshipWithdrawnDate />
      </item>
      <item>
        <isOriginalCosponsor>False</isOriginalCosponsor>
        <fullName>Sen. Udall, Tom [D-NM]</fullName>
        <firstName>TOM</firstName>
        <identifiers>
          <lisID>1567</lisID>
          <gpoId>8260</gpoId>
          <bioguideId>U000039</bioguideId>
        </identifiers>
        <party>D</party>
        <sponsorshipDate>2017-09-07</sponsorshipDate>
        <lastName>UDALL</lastName>
        <bioguideId>U000039</bioguideId>
        <state>NM</state>
        <middleName />
        <sponsorshipWithdrawnDate />
      </item>
      <item>
        <isOriginalCosponsor>False</isOriginalCosponsor>
        <fullName>Sen. Van Hollen, Chris [D-MD]</fullName>
        <firstName>Chris</firstName>
        <identifiers>
          <bioguideId>V000128</bioguideId>
          <gpoId>7983</gpoId>
          <lisID>1729</lisID>
        </identifiers>
        <party>D</party>
        <sponsorshipDate>2017-09-07</sponsorshipDate>
        <lastName>Van Hollen</lastName>
        <bioguideId>V000128</bioguideId>
        <state>MD</state>
        <middleName />
        <sponsorshipWithdrawnDate />
      </item>
      <item>
        <isOriginalCosponsor>False</isOriginalCosponsor>
        <fullName>Sen. Warren, Elizabeth [D-MA]</fullName>
        <firstName>Elizabeth</firstName>
        <identifiers>
          <gpoId />
          <lisID>2182</lisID>
          <bioguideId>W000817</bioguideId>
        </identifiers>
        <party>D</party>
        <sponsorshipDate>2017-09-07</sponsorshipDate>
        <lastName>Warren</lastName>
        <bioguideId>W000817</bioguideId>
        <state>MA</state>
        <middleName>A.</middleName>
        <sponsorshipWithdrawnDate />
      </item>
      <item>
        <isOriginalCosponsor>False</isOriginalCosponsor>
        <fullName>Sen. Wyden, Ron [D-OR]</fullName>
        <firstName>RON</firstName>
        <identifiers>
          <bioguideId>W000779</bioguideId>
          <gpoId>8265</gpoId>
          <lisID>1247</lisID>
        </identifiers>
        <party>D</party>
        <sponsorshipDate>2017-09-07</sponsorshipDate>
        <lastName>WYDEN</lastName>
        <bioguideId>W000779</bioguideId>
        <state>OR</state>
        <middleName />
        <sponsorshipWithdrawnDate />
      </item>
      <item>
        <isOriginalCosponsor>False</isOriginalCosponsor>
        <fullName>Sen. Rounds, Mike  [R-SD]</fullName>
        <firstName>Mike</firstName>
        <identifiers>
          <lisID>2288</lisID>
          <gpoId />
          <bioguideId>R000605</bioguideId>
        </identifiers>
        <party>R</party>
        <sponsorshipDate>2017-09-07</sponsorshipDate>
        <lastName>Rounds</lastName>
        <bioguideId>R000605</bioguideId>
        <state>SD</state>
        <middleName />
        <sponsorshipWithdrawnDate />
      </item>
      <item>
        <isOriginalCosponsor>False</isOriginalCosponsor>
        <fullName>Sen. Shaheen, Jeanne [D-NH]</fullName>
        <firstName>Jeanne</firstName>
        <identifiers>
          <bioguideId>S001181</bioguideId>
          <lisID>1901</lisID>
          <gpoId>8276</gpoId>
        </identifiers>
        <party>D</party>
        <sponsorshipDate>2017-09-07</sponsorshipDate>
        <lastName>Shaheen</lastName>
        <bioguideId>S001181</bioguideId>
        <state>NH</state>
        <middleName />
        <sponsorshipWithdrawnDate />
      </item>
      <item>
        <isOriginalCosponsor>False</isOriginalCosponsor>
        <fullName>Sen. Brown, Sherrod [D-OH]</fullName>
        <firstName>SHERROD</firstName>
        <identifiers>
          <lisID>136</lisID>
          <gpoId>8309</gpoId>
          <bioguideId>B000944</bioguideId>
        </identifiers>
        <party>D</party>
        <sponsorshipDate>2017-09-07</sponsorshipDate>
        <lastName>BROWN</lastName>
        <bioguideId>B000944</bioguideId>
        <state>OH</state>
        <middleName />
        <sponsorshipWithdrawnDate />
      </item>
      <item>
        <isOriginalCosponsor>False</isOriginalCosponsor>
        <fullName>Sen. Cantwell, Maria [D-WA]</fullName>
        <firstName>MARIA</firstName>
        <identifiers>
          <lisID>172</lisID>
          <bioguideId>C000127</bioguideId>
          <gpoId>8288</gpoId>
        </identifiers>
        <party>D</party>
        <sponsorshipDate>2017-09-07</sponsorshipDate>
        <lastName>CANTWELL</lastName>
        <bioguideId>C000127</bioguideId>
        <state>WA</state>
        <middleName />
        <sponsorshipWithdrawnDate />
      </item>
      <item>
        <isOriginalCosponsor>False</isOriginalCosponsor>
        <fullName>Sen. Carper, Thomas R. [D-DE]</fullName>
        <firstName>THOMAS</firstName>
        <identifiers>
          <lisID>179</lisID>
          <gpoId>8283</gpoId>
          <bioguideId>C000174</bioguideId>
        </identifiers>
        <party>D</party>
        <sponsorshipDate>2017-09-07</sponsorshipDate>
        <lastName>CARPER</lastName>
        <bioguideId>C000174</bioguideId>
        <state>DE</state>
        <middleName>R.</middleName>
        <sponsorshipWithdrawnDate />
      </item>
      <item>
        <isOriginalCosponsor>False</isOriginalCosponsor>
        <fullName>Sen. Casey, Robert P., Jr. [D-PA]</fullName>
        <firstName>Bob</firstName>
        <identifiers>
          <bioguideId>C001070</bioguideId>
          <lisID>1828</lisID>
          <gpoId>8282</gpoId>
        </identifiers>
        <party>D</party>
        <sponsorshipDate>2017-09-07</sponsorshipDate>
        <lastName>Casey</lastName>
        <bioguideId>C001070</bioguideId>
        <state>PA</state>
        <middleName />
        <sponsorshipWithdrawnDate />
      </item>
      <item>
        <isOriginalCosponsor>False</isOriginalCosponsor>
        <fullName>Sen. Cortez Masto, Catherine  [D-NV]</fullName>
        <firstName>Catherine</firstName>
        <identifiers>
          <lisID>2299</lisID>
          <gpoId />
          <bioguideId>C001113</bioguideId>
        </identifiers>
        <party>D</party>
        <sponsorshipDate>2017-09-07</sponsorshipDate>
        <lastName>Cortez Masto</lastName>
        <bioguideId>C001113</bioguideId>
        <state>NV</state>
        <middleName />
        <sponsorshipWithdrawnDate />
      </item>
      <item>
        <isOriginalCosponsor>False</isOriginalCosponsor>
        <fullName>Sen. Feinstein, Dianne [D-CA]</fullName>
        <firstName>DIANNE</firstName>
        <identifiers>
          <bioguideId>F000062</bioguideId>
          <lisID>1332</lisID>
          <gpoId>8338</gpoId>
        </identifiers>
        <party>D</party>
        <sponsorshipDate>2017-09-07</sponsorshipDate>
        <lastName>FEINSTEIN</lastName>
        <bioguideId>F000062</bioguideId>
        <state>CA</state>
        <middleName />
        <sponsorshipWithdrawnDate />
      </item>
      <item>
        <isOriginalCosponsor>False</isOriginalCosponsor>
        <fullName>Sen. Franken, Al [D-MN]</fullName>
        <firstName>Al</firstName>
        <identifiers>
          <lisID>1969</lisID>
          <bioguideId>F000457</bioguideId>
          <gpoId>8339</gpoId>
        </identifiers>
        <party>D</party>
        <sponsorshipDate>2017-09-07</sponsorshipDate>
        <lastName>Franken</lastName>
        <bioguideId>F000457</bioguideId>
        <state>MN</state>
        <middleName />
        <sponsorshipWithdrawnDate />
      </item>
      <item>
        <isOriginalCosponsor>False</isOriginalCosponsor>
        <fullName>Sen. Heinrich, Martin [D-NM]</fullName>
        <firstName>Martin</firstName>
        <identifiers>
          <gpoId>8056</gpoId>
          <lisID>1937</lisID>
          <bioguideId>H001046</bioguideId>
        </identifiers>
        <party>D</party>
        <sponsorshipDate>2017-09-07</sponsorshipDate>
        <lastName>Heinrich</lastName>
        <bioguideId>H001046</bioguideId>
        <state>NM</state>
        <middleName />
        <sponsorshipWithdrawnDate />
      </item>
      <item>
        <isOriginalCosponsor>False</isOriginalCosponsor>
        <fullName>Sen. Heitkamp, Heidi [D-ND]</fullName>
        <firstName>Heidi</firstName>
        <identifiers>
          <gpoId />
          <lisID>2174</lisID>
          <bioguideId>H001069</bioguideId>
        </identifiers>
        <party>D</party>
        <sponsorshipDate>2017-09-07</sponsorshipDate>
        <lastName>Heitkamp</lastName>
        <bioguideId>H001069</bioguideId>
        <state>ND</state>
        <middleName />
        <sponsorshipWithdrawnDate />
      </item>
      <item>
        <isOriginalCosponsor>False</isOriginalCosponsor>
        <fullName>Sen. Hirono, Mazie K. [D-HI]</fullName>
        <firstName>Mazie</firstName>
        <identifiers>
          <lisID>1844</lisID>
          <bioguideId>H001042</bioguideId>
          <gpoId>7913</gpoId>
        </identifiers>
        <party>D</party>
        <sponsorshipDate>2017-09-07</sponsorshipDate>
        <lastName>Hirono</lastName>
        <bioguideId>H001042</bioguideId>
        <state>HI</state>
        <middleName>K.</middleName>
        <sponsorshipWithdrawnDate />
      </item>
      <item>
        <isOriginalCosponsor>False</isOriginalCosponsor>
        <fullName>Sen. Leahy, Patrick J. [D-VT]</fullName>
        <firstName>PATRICK</firstName>
        <identifiers>
          <bioguideId>L000174</bioguideId>
          <gpoId>8244</gpoId>
          <lisID>1383</lisID>
        </identifiers>
        <party>D</party>
        <sponsorshipDate>2017-09-07</sponsorshipDate>
        <lastName>LEAHY</lastName>
        <bioguideId>L000174</bioguideId>
        <state>VT</state>
        <middleName>JOSEPH</middleName>
        <sponsorshipWithdrawnDate />
      </item>
      <item>
        <isOriginalCosponsor>False</isOriginalCosponsor>
        <fullName>Sen. Manchin, Joe, III [D-WV]</fullName>
        <firstName>Joe</firstName>
        <identifiers>
          <lisID>1983</lisID>
          <gpoId>8256</gpoId>
          <bioguideId>M001183</bioguideId>
        </identifiers>
        <party>D</party>
        <sponsorshipDate>2017-09-07</sponsorshipDate>
        <lastName>Manchin</lastName>
        <bioguideId>M001183</bioguideId>
        <state>WV</state>
        <middleName />
        <sponsorshipWithdrawnDate />
      </item>
      <item>
        <isOriginalCosponsor>False</isOriginalCosponsor>
        <fullName>Sen. Menendez, Robert [D-NJ]</fullName>
        <firstName>ROBERT</firstName>
        <identifiers>
          <lisID>791</lisID>
          <bioguideId>M000639</bioguideId>
          <gpoId>8239</gpoId>
        </identifiers>
        <party>D</party>
        <sponsorshipDate>2017-09-07</sponsorshipDate>
        <lastName>MENENDEZ</lastName>
        <bioguideId>M000639</bioguideId>
        <state>NJ</state>
        <middleName />
        <sponsorshipWithdrawnDate />
      </item>
      <item>
        <isOriginalCosponsor>False</isOriginalCosponsor>
        <fullName>Sen. Merkley, Jeff [D-OR]</fullName>
        <firstName>Jeff</firstName>
        <identifiers>
          <bioguideId>M001176</bioguideId>
          <gpoId>8238</gpoId>
          <lisID>1900</lisID>
        </identifiers>
        <party>D</party>
        <sponsorshipDate>2017-09-07</sponsorshipDate>
        <lastName>Merkley</lastName>
        <bioguideId>M001176</bioguideId>
        <state>OR</state>
        <middleName />
        <sponsorshipWithdrawnDate />
      </item>
      <item>
        <isOriginalCosponsor>False</isOriginalCosponsor>
        <fullName>Sen. Murphy, Christopher [D-CT]</fullName>
        <firstName>Christopher</firstName>
        <identifiers>
          <lisID>1837</lisID>
          <bioguideId>M001169</bioguideId>
          <gpoId>7870</gpoId>
        </identifiers>
        <party>D</party>
        <sponsorshipDate>2017-09-07</sponsorshipDate>
        <lastName>Murphy</lastName>
        <bioguideId>M001169</bioguideId>
        <state>CT</state>
        <middleName />
        <sponsorshipWithdrawnDate />
      </item>
      <item>
        <isOriginalCosponsor>False</isOriginalCosponsor>
        <fullName>Sen. Murray, Patty [D-WA]</fullName>
        <firstName>PATTY</firstName>
        <identifiers>
          <gpoId>8237</gpoId>
          <lisID>1409</lisID>
          <bioguideId>M001111</bioguideId>
        </identifiers>
        <party>D</party>
        <sponsorshipDate>2017-09-07</sponsorshipDate>
        <lastName>MURRAY</lastName>
        <bioguideId>M001111</bioguideId>
        <state>WA</state>
        <middleName />
        <sponsorshipWithdrawnDate />
      </item>
      <item>
        <isOriginalCosponsor>False</isOriginalCosponsor>
        <fullName>Sen. Nelson, Bill [D-FL]</fullName>
        <firstName>CLARENCE</firstName>
        <identifiers>
          <gpoId>8236</gpoId>
          <bioguideId>N000032</bioguideId>
          <lisID>859</lisID>
        </identifiers>
        <party>D</party>
        <sponsorshipDate>2017-09-07</sponsorshipDate>
        <lastName>NELSON</lastName>
        <bioguideId>N000032</bioguideId>
        <state>FL</state>
        <middleName>WILLIAM</middleName>
        <sponsorshipWithdrawnDate />
      </item>
      <item>
        <isOriginalCosponsor>False</isOriginalCosponsor>
        <fullName>Sen. Peters, Gary C. [D-MI]</fullName>
        <firstName>Gary</firstName>
        <identifiers>
          <lisID>1929</lisID>
          <bioguideId>P000595</bioguideId>
          <gpoId>7994</gpoId>
        </identifiers>
        <party>D</party>
        <sponsorshipDate>2017-09-07</sponsorshipDate>
        <lastName>Peters</lastName>
        <bioguideId>P000595</bioguideId>
        <state>MI</state>
        <middleName>C.</middleName>
        <sponsorshipWithdrawnDate />
      </item>
      <item>
        <isOriginalCosponsor>False</isOriginalCosponsor>
        <fullName>Sen. Reed, Jack [D-RI]</fullName>
        <firstName>JOHN</firstName>
        <identifiers>
          <lisID>949</lisID>
          <bioguideId>R000122</bioguideId>
          <gpoId>8272</gpoId>
        </identifiers>
        <party>D</party>
        <sponsorshipDate>2017-09-07</sponsorshipDate>
        <lastName>REED</lastName>
        <bioguideId>R000122</bioguideId>
        <state>RI</state>
        <middleName>F.</middleName>
        <sponsorshipWithdrawnDate />
      </item>
      <item>
        <isOriginalCosponsor>False</isOriginalCosponsor>
        <fullName>Sen. Schatz, Brian [D-HI]</fullName>
        <firstName>Brian</firstName>
        <identifiers>
          <lisID>2173</lisID>
          <bioguideId>S001194</bioguideId>
          <gpoId />
        </identifiers>
        <party>D</party>
        <sponsorshipDate>2017-09-07</sponsorshipDate>
        <lastName>Schatz</lastName>
        <bioguideId>S001194</bioguideId>
        <state>HI</state>
        <middleName />
        <sponsorshipWithdrawnDate />
      </item>
      <item>
        <isOriginalCosponsor>False</isOriginalCosponsor>
        <fullName>Sen. Schumer, Charles E. [D-NY]</fullName>
        <firstName>CHARLES</firstName>
        <identifiers>
          <bioguideId>S000148</bioguideId>
          <gpoId>8279</gpoId>
          <lisID>1036</lisID>
        </identifiers>
        <party>D</party>
        <sponsorshipDate>2017-09-07</sponsorshipDate>
        <lastName>SCHUMER</lastName>
        <bioguideId>S000148</bioguideId>
        <state>NY</state>
        <middleName>E.</middleName>
        <sponsorshipWithdrawnDate />
      </item>
      <item>
        <isOriginalCosponsor>False</isOriginalCosponsor>
        <fullName>Sen. Stabenow, Debbie [D-MI]</fullName>
        <firstName>DEBORAH</firstName>
        <identifiers>
          <lisID>1531</lisID>
          <gpoId>8261</gpoId>
          <bioguideId>S000770</bioguideId>
        </identifiers>
        <party>D</party>
        <sponsorshipDate>2017-09-07</sponsorshipDate>
        <lastName>STABENOW</lastName>
        <bioguideId>S000770</bioguideId>
        <state>MI</state>
        <middleName>ANN</middleName>
        <sponsorshipWithdrawnDate />
      </item>
      <item>
        <isOriginalCosponsor>False</isOriginalCosponsor>
        <fullName>Sen. Tester, Jon [D-MT]</fullName>
        <firstName>Jon</firstName>
        <identifiers>
          <lisID>1829</lisID>
          <bioguideId>T000464</bioguideId>
          <gpoId>8258</gpoId>
        </identifiers>
        <party>D</party>
        <sponsorshipDate>2017-09-07</sponsorshipDate>
        <lastName>Tester</lastName>
        <bioguideId>T000464</bioguideId>
        <state>MT</state>
        <middleName />
        <sponsorshipWithdrawnDate />
      </item>
      <item>
        <isOriginalCosponsor>False</isOriginalCosponsor>
        <fullName>Sen. Whitehouse, Sheldon [D-RI]</fullName>
        <firstName>Sheldon</firstName>
        <identifiers>
          <gpoId>8264</gpoId>
          <bioguideId>W000802</bioguideId>
          <lisID>1823</lisID>
        </identifiers>
        <party>D</party>
        <sponsorshipDate>2017-09-07</sponsorshipDate>
        <lastName>Whitehouse</lastName>
        <bioguideId>W000802</bioguideId>
        <state>RI</state>
        <middleName />
        <sponsorshipWithdrawnDate />
      </item>
      <item>
        <isOriginalCosponsor>False</isOriginalCosponsor>
        <fullName>Sen. King, Angus S., Jr. [I-ME]</fullName>
        <firstName>Angus</firstName>
        <identifiers>
          <lisID>2185</lisID>
          <bioguideId>K000383</bioguideId>
          <gpoId />
        </identifiers>
        <party>I</party>
        <sponsorshipDate>2017-09-07</sponsorshipDate>
        <lastName>King</lastName>
        <bioguideId>K000383</bioguideId>
        <state>ME</state>
        <middleName />
        <sponsorshipWithdrawnDate />
      </item>
      <item>
        <isOriginalCosponsor>False</isOriginalCosponsor>
        <fullName>Sen. Sanders, Bernard [I-VT]</fullName>
        <firstName>BERNARD</firstName>
        <identifiers>
          <lisID>1010</lisID>
          <gpoId>8270</gpoId>
          <bioguideId>S000033</bioguideId>
        </identifiers>
        <party>I</party>
        <sponsorshipDate>2017-09-07</sponsorshipDate>
        <lastName>SANDERS</lastName>
        <bioguideId>S000033</bioguideId>
        <state>VT</state>
        <middleName />
        <sponsorshipWithdrawnDate />
      </item>
      <item>
        <isOriginalCosponsor>False</isOriginalCosponsor>
        <fullName>Sen. Grassley, Chuck [R-IA]</fullName>
        <firstName>CHARLES</firstName>
        <identifiers>
          <lisID>457</lisID>
          <gpoId>8316</gpoId>
          <bioguideId>G000386</bioguideId>
        </identifiers>
        <party>R</party>
        <sponsorshipDate>2017-09-11</sponsorshipDate>
        <lastName>GRASSLEY</lastName>
        <bioguideId>G000386</bioguideId>
        <state>IA</state>
        <middleName>ERNEST</middleName>
        <sponsorshipWithdrawnDate />
      </item>
      <item>
        <isOriginalCosponsor>False</isOriginalCosponsor>
        <fullName>Sen. Sullivan, Dan  [R-AK]</fullName>
        <firstName>Dan</firstName>
        <identifiers>
          <gpoId />
          <bioguideId>S001198</bioguideId>
          <lisID>2290</lisID>
        </identifiers>
        <party>R</party>
        <sponsorshipDate>2017-09-11</sponsorshipDate>
        <lastName>Sullivan</lastName>
        <bioguideId>S001198</bioguideId>
        <state>AK</state>
        <middleName />
        <sponsorshipWithdrawnDate />
      </item>
    </cosponsors>
    <subjects>
      <billSubjects>
        <policyArea>
          <name>Civil Rights and Liberties, Minority Issues</name>
        </policyArea>
        <legislativeSubjects>
          <item>
            <name>Congressional tributes</name>
          </item>
          <item>
            <name>Crime prevention</name>
          </item>
          <item>
            <name>Crime victims</name>
          </item>
          <item>
            <name>Criminal investigation, prosecution, interrogation</name>
          </item>
          <item>
            <name>Criminal justice information and records</name>
          </item>
          <item>
            <name>Hate crimes</name>
          </item>
          <item>
            <name>Law enforcement officers</name>
          </item>
          <item>
            <name>Political movements and philosophies</name>
          </item>
          <item>
            <name>Presidential administrations</name>
          </item>
          <item>
            <name>Presidents and presidential powers, Vice Presidents</name>
          </item>
          <item>
            <name>Racial and ethnic relations</name>
          </item>
          <item>
            <name>State and local government operations</name>
          </item>
          <item>
            <name>Terrorism</name>
          </item>
          <item>
            <name>Virginia</name>
          </item>
        </legislativeSubjects>
      </billSubjects>
    </subjects>
    <laws>
      <item>
        <type>Public Law</type>
        <number>115-58</number>
      </item>
    </laws>
    <actions>
      <actionByCounts>
        <senate>6</senate>
        <houseOfRepresentatives>7</houseOfRepresentatives>
      </actionByCounts>
      <actionTypeCounts>
        <receivedInTheHouse>1</receivedInTheHouse>
        <placeholderTextForE>3</placeholderTextForE>
        <becamePublicLaw>2</becamePublicLaw>
        <heldAtTheDesk>1</heldAtTheDesk>
        <introducedInSenate>1</introducedInSenate>
        <presentedToPresident>1</presentedToPresident>
        <motionToReconsiderResults>1</motionToReconsiderResults>
        <passedAgreedToInHouse>1</passedAgreedToInHouse>
        <passageOfAMeasure>1</passageOfAMeasure>
        <considerationByHouse>1</considerationByHouse>
        <sentToHouse>1</sentToHouse>
        <unanimousConsentRequestToConsider>1</unanimousConsentRequestToConsider>
        <passedSenate>1</passedSenate>
        <placedOnCalendarSection>2</placedOnCalendarSection>
        <passedAgreedToInSenate>1</passedAgreedToInSenate>
      </actionTypeCounts>
      <item>
        <sourceSystem>
          <name>House floor actions</name>
          <code>2</code>
        </sourceSystem>
        <actionDate>2017-09-14</actionDate>
        <text>Became Public Law No: 115-58.</text>
        <type>President</type>
        <links>
          <link>
            <name>Public Law No: 115-58</name>
            <url>https://www.congress.gov/bill/115th-congress/senate-joint-resolution/49/text/pl</url>
          </link>
        </links>
        <committee />
        <actionCode>E40000</actionCode>
      </item>
      <item>
        <sourceSystem>
          <name>Library of Congress</name>
          <code>9</code>
        </sourceSystem>
        <actionDate>2017-09-14</actionDate>
        <text>Became Public Law No: 115-58.</text>
        <type>BecameLaw</type>
        <links>
          <link>
            <name>Public Law No: 115-58</name>
            <url>https://www.congress.gov/bill/115th-congress/senate-joint-resolution/49/text/pl</url>
          </link>
        </links>
        <committee />
        <actionCode>36000</actionCode>
      </item>
      <item>
        <sourceSystem>
          <name>House floor actions</name>
          <code>2</code>
        </sourceSystem>
        <actionDate>2017-09-14</actionDate>
        <text>Signed by President.</text>
        <type>President</type>
        <links />
        <committee />
        <actionCode>E30000</actionCode>
      </item>
      <item>
        <sourceSystem>
          <name>Library of Congress</name>
          <code>9</code>
        </sourceSystem>
        <actionDate>2017-09-14</actionDate>
        <text>Signed by President.</text>
        <type>BecameLaw</type>
        <links />
        <committee />
        <actionCode>36000</actionCode>
      </item>
      <item>
        <sourceSystem>
          <name>House floor actions</name>
          <code>2</code>
        </sourceSystem>
        <actionDate>2017-09-14</actionDate>
        <text>Presented to President.</text>
        <type>Floor</type>
        <links />
        <committee />
        <actionCode>E20000</actionCode>
      </item>
      <item>
        <sourceSystem>
          <name>Library of Congress</name>
          <code>9</code>
        </sourceSystem>
        <actionDate>2017-09-14</actionDate>
        <text>Presented to President.</text>
        <type>President</type>
        <links />
        <committee />
        <actionCode>28000</actionCode>
      </item>
      <item>
        <sourceSystem>
          <name>House floor actions</name>
          <code>2</code>
        </sourceSystem>
        <actionDate>2017-09-12</actionDate>
        <text>Motion to reconsider laid on the table Agreed to without objection.</text>
        <type>Floor</type>
        <links />
        <committee />
        <actionCode>H38310</actionCode>
        <actionTime>18:55:23</actionTime>
      </item>
      <item>
        <sourceSystem>
          <name>House floor actions</name>
          <code>2</code>
        </sourceSystem>
        <actionDate>2017-09-12</actionDate>
        <text>On passage Passed without objection. (text: CR H7288)</text>
        <type>Floor</type>
        <links>
          <link>
            <name>H7288</name>
            <url>https://www.congress.gov/congressional-record/volume-163/house-section/page/H7288</url>
          </link>
        </links>
        <committee />
        <actionCode>H37100</actionCode>
        <actionTime>18:55:22</actionTime>
      </item>
      <item>
        <sourceSystem>
          <name>Library of Congress</name>
          <code>9</code>
        </sourceSystem>
        <actionDate>2017-09-12</actionDate>
        <text>Passed/agreed to in House: On passage Passed without objection.</text>
        <type>Floor</type>
        <links />
        <committee />
        <actionCode>8000</actionCode>
        <actionTime>18:55:22</actionTime>
      </item>
      <item>
        <sourceSystem>
          <name>House floor actions</name>
          <code>2</code>
        </sourceSystem>
        <actionDate>2017-09-12</actionDate>
        <text>Considered by unanimous consent. (consideration: CR H7287-7288)</text>
        <type>Floor</type>
        <links>
          <link>
            <name>H7287-7288</name>
            <url>https://www.congress.gov/congressional-record/volume-163/house-section/page/H7287-7288</url>
          </link>
        </links>
        <committee />
        <actionCode>H30000</actionCode>
        <actionTime>18:54:21</actionTime>
      </item>
      <item>
        <sourceSystem>
          <name>House floor actions</name>
          <code>2</code>
        </sourceSystem>
        <actionDate>2017-09-12</actionDate>
        <text>Mr. Goodlatte asked unanimous consent to take from the Speaker's table and consider.</text>
        <type>Floor</type>
        <links />
        <committee />
        <actionCode>H30200</actionCode>
        <actionTime>18:54:21</actionTime>
      </item>
      <item>
        <sourceSystem>
          <name>House floor actions</name>
          <code>2</code>
        </sourceSystem>
        <actionDate>2017-09-12</actionDate>
        <text>Held at the desk.</text>
        <type>Floor</type>
        <links />
        <committee />
        <actionCode>H15000</actionCode>
        <actionTime>17:20:53</actionTime>
      </item>
      <item>
        <actionDate>2017-09-12</actionDate>
        <committee />
        <links />
        <sourceSystem>
          <name>Senate</name>
          <code>0</code>
        </sourceSystem>
        <text>Message on Senate action sent to the House.</text>
        <type>Floor</type>
      </item>
      <item>
        <sourceSystem>
          <name>House floor actions</name>
          <code>2</code>
        </sourceSystem>
        <actionDate>2017-09-12</actionDate>
        <text>Received in the House.</text>
        <type>Floor</type>
        <links />
        <committee />
        <actionCode>H14000</actionCode>
        <actionTime>17:06:14</actionTime>
      </item>
      <item>
        <actionDate>2017-09-11</actionDate>
        <committee />
        <links>
          <link>
            <name>S5165</name>
            <url>https://www.congress.gov/congressional-record/volume-163/senate-section/page/S5165</url>
          </link>
        </links>
        <sourceSystem>
          <name>Senate</name>
          <code>0</code>
        </sourceSystem>
        <text>Passed Senate without amendment and with a preamble by Unanimous Consent. (consideration: CR S5165; text: CR S5165)</text>
        <type>Floor</type>
      </item>
      <item>
        <sourceSystem>
          <name>Library of Congress</name>
          <code>9</code>
        </sourceSystem>
        <actionDate>2017-09-11</actionDate>
        <text>Passed/agreed to in Senate: Passed Senate without amendment and with a preamble by Unanimous Consent.(consideration: CR S5165; text: CR S5165)</text>
        <type>Floor</type>
        <links>
          <link>
            <name>S5165</name>
            <url>https://www.congress.gov/congressional-record/volume-163/senate-section/page/S5165</url>
          </link>
        </links>
        <committee />
        <actionCode>17000</actionCode>
      </item>
      <item>
        <actionDate>2017-09-07</actionDate>
        <committee />
        <links />
        <sourceSystem>
          <name>Senate</name>
          <code>0</code>
        </sourceSystem>
        <text>Read the second time. Placed on Senate Legislative Calendar under General Orders. Calendar No. 212.</text>
        <type>Calendars</type>
      </item>
      <item>
        <actionDate>2017-09-06</actionDate>
        <committee />
        <links>
          <link>
            <name>S5006</name>
            <url>https://www.congress.gov/congressional-record/volume-163/senate-section/page/S5006</url>
          </link>
        </links>
        <sourceSystem>
          <name>Senate</name>
          <code>0</code>
        </sourceSystem>
        <text>Introduced in the Senate. Read the first time. Placed on Senate Legislative Calendar under Read the First Time. (Sponsor introductory remarks on measure: CR S5006)</text>
        <type>Calendars</type>
      </item>
      <item>
        <sourceSystem>
          <name>Library of Congress</name>
          <code>9</code>
        </sourceSystem>
        <actionDate>2017-09-06</actionDate>
        <text>Introduced in Senate</text>
        <type>IntroReferral</type>
        <links />
        <committee />
        <actionCode>10000</actionCode>
      </item>
    </actions>
    <titles>
      <item>
        <titleType>Official Title as Introduced</titleType>
        <parentTitleType />
        <chamberName />
        <title>A joint resolution condemning the violence and domestic terrorist attack that took place during events between August 11 and August 12, 2017, in Charlottesville, Virginia, recognizing the first responders who lost their lives while monitoring the events, offering deepest condolences to the families and friends of those individuals who were killed and deepest sympathies and support to those individuals who were injured by the violence, expressing support for the Charlottesville community, rejecting White nationalists, White supremacists, the Ku Klux Klan, neo-Nazis, and other hate groups, and urging the President and the President's Cabinet to use all available resources to address the threats posed by those groups.</title>
        <chamberCode />
      </item>
      <item>
        <titleType>Display Title</titleType>
        <parentTitleType />
        <chamberName />
        <title>A joint resolution condemning the violence and domestic terrorist attack that took place during events between August 11 and August 12, 2017, in Charlottesville, Virginia, recognizing the first responders who lost their lives while monitoring the events, offering deepest condolences to the families and friends of those individuals who were killed and deepest sympathies and support to those individuals who were injured by the violence, expressing support for the Charlottesville community, rejecting White nationalists, White supremacists, the Ku Klux Klan, neo-Nazis, and other hate groups, and urging the President and the President's Cabinet to use all available resources to address the threats posed by those groups.</title>
        <chamberCode />
      </item>
    </titles>
    <summaries>
      <billSummaries>
        <item>
          <text><![CDATA[<p>This joint resolution condemns the&nbsp;racist violence and domestic terror attack in Charlottesville, Virginia, and rejects white nationalism, white supremacy, and neo-Nazism sentiments as antithetical to U.S. values.&nbsp;</p> <p>Congress offers condolences to the families of those who died in Charlottesville and sympathy and support for those injured, and expresses support to the Charlottesville community.</p> <p>Congress urges the President and the Administration to speak out against hate groups and use all available resources to address the growing prevalence of domestic hate groups.</p>]]></text>
          <name>Introduced in Senate</name>
          <lastSummaryUpdateDate>2017-10-20T15:48:26Z</lastSummaryUpdateDate>
          <versionCode>00</versionCode>
          <actionDesc>Introduced in Senate</actionDesc>
          <updateDate>2017-09-06T04:00:00Z</updateDate>
          <actionDate>2017-09-06</actionDate>
        </item>
        <item>
          <text><![CDATA[<p>(This measure has not been amended since it was introduced. The summary of that version is repeated here.)</p> <p>This joint resolution condemns the&nbsp;racist violence and domestic terror attack in Charlottesville, Virginia, and rejects white nationalism, white supremacy, and neo-Nazism sentiments as antithetical to U.S. values.&nbsp;</p> <p>Congress offers condolences to the families of those who died in Charlottesville and sympathy and support for those injured, and expresses support to the Charlottesville community.</p> <p>Congress urges the President and the Administration to speak out against hate groups and use all available resources to address the growing prevalence of domestic hate groups.</p>]]></text>
          <name>Passed Senate without amendment</name>
          <lastSummaryUpdateDate>2017-10-20T16:23:52Z</lastSummaryUpdateDate>
          <versionCode>82</versionCode>
          <actionDesc>Passed Senate without amendment</actionDesc>
          <updateDate>2017-09-11T12:26:16Z</updateDate>
          <actionDate>2017-09-11</actionDate>
        </item>
        <item>
          <text><![CDATA[<p>(This measure has not been amended since it was introduced. The summary of that version is repeated here.)</p> <p>This joint resolution condemns the&nbsp;racist violence and domestic terror attack in Charlottesville, Virginia, and rejects white nationalism, white supremacy, and neo-Nazism sentiments as antithetical to U.S. values.&nbsp;</p> <p>Congress offers condolences to the families of those who died in Charlottesville and sympathy and support for those injured, and expresses support to the Charlottesville community.</p> <p>Congress urges the President and the Administration to speak out against hate groups and use all available resources to address the growing prevalence of domestic hate groups.</p>]]></text>
          <name>Passed House without amendment</name>
          <lastSummaryUpdateDate>2017-10-20T16:01:49Z</lastSummaryUpdateDate>
          <versionCode>81</versionCode>
          <actionDesc>Passed House without amendment</actionDesc>
          <updateDate>2017-09-12T15:30:54Z</updateDate>
          <actionDate>2017-09-12</actionDate>
        </item>
        <item>
          <text><![CDATA[<p>(This measure has not been amended since it was introduced. The summary of that version is repeated here.)</p> <p>This joint resolution condemns the&nbsp;racist violence and domestic terror attack in Charlottesville, Virginia, and rejects white nationalism, white supremacy, and neo-Nazism sentiments as antithetical to U.S. values.&nbsp;</p> <p>Congress offers condolences to the families of those who died in Charlottesville and sympathy and support for those injured, and expresses support to the Charlottesville community.</p> <p>Congress urges the President and the Administration to speak out against hate groups and use all available resources to address the growing prevalence of domestic hate groups.</p>]]></text>
          <name>Public Law</name>
          <lastSummaryUpdateDate>2017-10-20T15:59:05Z</lastSummaryUpdateDate>
          <versionCode>49</versionCode>
          <actionDesc>Public Law</actionDesc>
          <updateDate>2017-09-15T03:59:58Z</updateDate>
          <actionDate>2017-09-14</actionDate>
        </item>
      </billSummaries>
    </summaries>
    <committees>
      <billCommittees />
    </committees>
    <introducedDate>2017-09-06</introducedDate>
    <updateDate>2018-02-06T16:44:21Z</updateDate>
    <cboCostEstimates />
    <recordedVotes />
    <billType>SJRES</billType>
    <createDate>2017-09-07T02:11:30Z</createDate>
    <latestAction>
      <text>Became Public Law No: 115-58.</text>
      <links>
        <link>
          <url>https://www.congress.gov/bill/115th-congress/senate-joint-resolution/49/text/pl</url>
          <name>Public Law No: 115-58</name>
        </link>
      </links>
      <actionDate>2017-09-14</actionDate>
    </latestAction>
  </bill>
  <dublinCore xmlns:dc="http://purl.org/dc/elements/1.1/">
    <dc:format>text/xml</dc:format>
    <dc:language>EN</dc:language>
    <dc:rights>Pursuant to Title 17 Section 105 of the United States Code, this file is not subject to copyright protection and is in the public domain.</dc:rights>
    <dc:contributor>Congressional Research Service, Library of Congress</dc:contributor>
    <dc:description>This file contains bill summaries and statuses for federal legislation. A bill summary describes the most significant provisions of a piece of legislation and details the effects the legislative text may have on current law and federal programs. Bill summaries are authored by the Congressional Research Service (CRS) of the Library of Congress. As stated in Public Law 91-510 (2 USC 166 (d)(6)), one of the duties of CRS is "to prepare summaries and digests of bills and resolutions of a public general nature introduced in the Senate or House of Representatives". For more information, refer to the User Guide that accompanies this file.</dc:description>
  </dublinCore>
</billStatus>

