<?xml version="1.0" encoding="UTF-8"?>
<billStatus>
  <bill>
    <policyArea>
      <name>Environmental Protection</name>
    </policyArea>
    <introducedDate>2017-03-13</introducedDate>
    <cosponsors>
      <item>
        <bioguideId>H000338</bioguideId>
        <sponsorshipDate>2017-03-13</sponsorshipDate>
        <isOriginalCosponsor>True</isOriginalCosponsor>
        <middleName>GRANT</middleName>
        <sponsorshipWithdrawnDate />
        <firstName>ORRIN</firstName>
        <lastName>HATCH</lastName>
        <state>UT</state>
        <party>R</party>
        <identifiers>
          <bioguideId>H000338</bioguideId>
          <lisID>1351</lisID>
          <gpoId>8314</gpoId>
        </identifiers>
        <fullName>Sen. Hatch, Orrin G. [R-UT]</fullName>
      </item>
    </cosponsors>
    <congress>115</congress>
    <recordedVotes />
    <amendments />
    <laws />
    <cboCostEstimates />
    <actions>
      <actionByCounts>
        <senate>2</senate>
      </actionByCounts>
      <item>
        <actionDate>2017-03-13</actionDate>
        <committee>
          <name>Environment and Public Works Committee</name>
          <systemCode>ssev00</systemCode>
        </committee>
        <links>
          <link>
            <name>S1781</name>
            <url>https://www.congress.gov/congressional-record/volume-163/senate-section/page/S1781</url>
          </link>
        </links>
        <sourceSystem>
          <name>Senate</name>
          <code>0</code>
        </sourceSystem>
        <text>Read twice and referred to the Committee on Environment and Public Works. (Sponsor introductory remarks on measure: CR S1781)</text>
        <type>IntroReferral</type>
      </item>
      <item>
        <text>Introduced in Senate</text>
        <type>IntroReferral</type>
        <sourceSystem>
          <name>Library of Congress</name>
          <code>9</code>
        </sourceSystem>
        <committee />
        <actionCode>10000</actionCode>
        <actionDate>2017-03-13</actionDate>
        <links />
      </item>
      <actionTypeCounts>
        <referredToCommittee>1</referredToCommittee>
        <introducedInSenate>1</introducedInSenate>
      </actionTypeCounts>
    </actions>
    <latestAction>
      <text>Read twice and referred to the Committee on Environment and Public Works. (Sponsor introductory remarks on measure: CR S1781)</text>
      <actionDate>2017-03-13</actionDate>
      <links />
    </latestAction>
    <titles>
      <item>
        <parentTitleType />
        <chamberCode />
        <titleType>Official Title as Introduced</titleType>
        <chamberName />
        <title>A joint resolution providing for congressional disapproval under chapter 8 of title 5, United States Code, of the rule submitted by the Environmental Protection Agency relating to "Approval, Disapproval and Promulgation of Air Quality Implementation Plans; Partial Approval and Partial Disapproval of Air Quality Implementation Plans and Federal Implementation Plan; Utah; Revisions to Regional Haze State Implementation Plan; Federal Implementation Plan for Regional Haze".</title>
      </item>
      <item>
        <parentTitleType />
        <chamberCode />
        <titleType>Display Title</titleType>
        <chamberName />
        <title>A joint resolution providing for congressional disapproval under chapter 8 of title 5, United States Code, of the rule submitted by the Environmental Protection Agency relating to "Approval, Disapproval and Promulgation of Air Quality Implementation Plans; Partial Approval and Partial Disapproval of Air Quality Implementation Plans and Federal Implementation Plan; Utah; Revisions to Regional Haze State Implementation Plan; Federal Implementation Plan for Regional Haze".</title>
      </item>
    </titles>
    <summaries>
      <billSummaries>
        <item>
          <updateDate>2017-03-13T04:00:00Z</updateDate>
          <actionDesc>Introduced in Senate</actionDesc>
          <versionCode>00</versionCode>
          <name>Introduced in Senate</name>
          <text><![CDATA[<p>This joint resolution nullifies the rule issued by the Environmental Protection Agency on July 5, 2016, relating to a revised state implementation plan for regional haze that was submitted by Utah under the Clean Air Act.</p>]]></text>
          <lastSummaryUpdateDate>2017-05-25T19:38:35Z</lastSummaryUpdateDate>
          <actionDate>2017-03-13</actionDate>
        </item>
      </billSummaries>
    </summaries>
    <title>A joint resolution providing for congressional disapproval under chapter 8 of title 5, United States Code, of the rule submitted by the Environmental Protection Agency relating to "Approval, Disapproval and Promulgation of Air Quality Implementation Plans; Partial Approval and Partial Disapproval of Air Quality Implementation Plans and Federal Implementation Plan; Utah; Revisions to Regional Haze State Implementation Plan; Federal Implementation Plan for Regional Haze".</title>
    <calendarNumbers />
    <originChamber>Senate</originChamber>
    <updateDate>2018-02-06T16:44:21Z</updateDate>
    <notes />
    <billType>SJRES</billType>
    <committees>
      <billCommittees>
        <item>
          <type>Standing</type>
          <systemCode>ssev00</systemCode>
          <subcommittees />
          <activities>
            <item>
              <date>2017-03-13T18:54:07Z</date>
              <name>Referred to</name>
            </item>
          </activities>
          <chamber>Senate</chamber>
          <name>Environment and Public Works Committee</name>
        </item>
      </billCommittees>
    </committees>
    <relatedBills>
      <item>
        <number>87</number>
        <congress>115</congress>
        <relationshipDetails>
          <item>
            <type>Identical bill</type>
            <identifiedBy>CRS</identifiedBy>
          </item>
        </relationshipDetails>
        <latestTitle>Providing for congressional disapproval under chapter 8 of title 5, United States Code, of the rule submitted by the Environmental Protection Agency relating to "Approval, Disapproval and Promulgation of Air Quality Implementation Plans; Partial Approval and Partial Disapproval of Air Quality Implementation Plans and Federal Implementation Plan; Utah; Revisions to Regional Haze State Implementation Plan; Federal Implementation Plan for Regional Haze".</latestTitle>
        <latestAction>
          <text>Referred to the Subcommittee on Environment.</text>
          <actionDate>2017-03-17</actionDate>
        </latestAction>
        <type>HJRES</type>
      </item>
    </relatedBills>
    <committeeReports />
    <billNumber>38</billNumber>
    <sponsors>
      <item>
        <byRequestType />
        <state>UT</state>
        <bioguideId>L000577</bioguideId>
        <identifiers>
          <lisID>2080</lisID>
          <bioguideId>L000577</bioguideId>
          <gpoId>8303</gpoId>
        </identifiers>
        <fullName>Sen. Lee, Mike [R-UT]</fullName>
        <lastName>Lee</lastName>
        <firstName>Mike</firstName>
        <middleName />
        <party>R</party>
      </item>
    </sponsors>
    <createDate>2017-03-14T05:27:23Z</createDate>
    <version>1.0.0</version>
    <subjects>
      <billSubjects>
        <legislativeSubjects>
          <item>
            <name>Administrative law and regulatory procedures</name>
          </item>
          <item>
            <name>Air quality</name>
          </item>
          <item>
            <name>Congressional oversight</name>
          </item>
          <item>
            <name>Environmental Protection Agency (EPA)</name>
          </item>
          <item>
            <name>Environmental regulatory procedures</name>
          </item>
          <item>
            <name>Utah</name>
          </item>
        </legislativeSubjects>
        <policyArea>
          <name>Environmental Protection</name>
        </policyArea>
      </billSubjects>
    </subjects>
  </bill>
  <dublinCore xmlns:dc="http://purl.org/dc/elements/1.1/">
    <dc:format>text/xml</dc:format>
    <dc:language>EN</dc:language>
    <dc:rights>Pursuant to Title 17 Section 105 of the United States Code, this file is not subject to copyright protection and is in the public domain.</dc:rights>
    <dc:contributor>Congressional Research Service, Library of Congress</dc:contributor>
    <dc:description>This file contains bill summaries and statuses for federal legislation. A bill summary describes the most significant provisions of a piece of legislation and details the effects the legislative text may have on current law and federal programs. Bill summaries are authored by the Congressional Research Service (CRS) of the Library of Congress. As stated in Public Law 91-510 (2 USC 166 (d)(6)), one of the duties of CRS is "to prepare summaries and digests of bills and resolutions of a public general nature introduced in the Senate or House of Representatives". For more information, refer to the User Guide that accompanies this file.</dc:description>
  </dublinCore>
</billStatus>

