<?xml version="1.0" encoding="UTF-8"?>
<billStatus>
  <bill>
    <sponsors>
      <item>
        <fullName>Sen. Boozman, John [R-AR]</fullName>
        <lastName>Boozman</lastName>
        <bioguideId>B001236</bioguideId>
        <party>R</party>
        <middleName />
        <state>AR</state>
        <firstName>John</firstName>
        <byRequestType />
        <identifiers>
          <lisID>1687</lisID>
          <bioguideId>B001236</bioguideId>
          <gpoId>8247</gpoId>
        </identifiers>
      </item>
    </sponsors>
    <laws>
      <item>
        <type>Public Law</type>
        <number>115-28</number>
      </item>
    </laws>
    <version>1.0.0</version>
    <introducedDate>2017-03-08</introducedDate>
    <cboCostEstimates />
    <titles>
      <item>
        <chamberCode />
        <titleType>Official Title as Introduced</titleType>
        <parentTitleType />
        <chamberName />
        <title>A joint resolution providing for the appointment of Michael Govan as a citizen regent of the Board of Regents of the Smithsonian Institution.</title>
      </item>
      <item>
        <chamberCode />
        <titleType>Display Title</titleType>
        <parentTitleType />
        <chamberName />
        <title>A joint resolution providing for the appointment of Michael Govan as a citizen regent of the Board of Regents of the Smithsonian Institution.</title>
      </item>
    </titles>
    <amendments />
    <recordedVotes />
    <relatedBills>
      <item>
        <congress>115</congress>
        <number>79</number>
        <type>HJRES</type>
        <relationshipDetails>
          <item>
            <type>Related bill</type>
            <identifiedBy>CRS</identifiedBy>
          </item>
        </relationshipDetails>
        <latestTitle>Providing for the appointment of Michael Govan as a citizen regent of the Board of Regents of the Smithsonian Institution.</latestTitle>
        <latestAction>
          <text>Referred to the House Committee on House Administration.</text>
          <actionDate>2017-02-16</actionDate>
        </latestAction>
      </item>
    </relatedBills>
    <congress>115</congress>
    <billType>SJRES</billType>
    <actions>
      <actionTypeCounts>
        <passedAgreedToInHouse>1</passedAgreedToInHouse>
        <passedAgreedToInSenate>1</passedAgreedToInSenate>
        <unanimousConsentRequestToConsider>1</unanimousConsentRequestToConsider>
        <houseCommitteeDischarged>1</houseCommitteeDischarged>
        <senateCommitteeDischarged>1</senateCommitteeDischarged>
        <receivedInTheHouse>1</receivedInTheHouse>
        <presentedToPresident>1</presentedToPresident>
        <passedSenate>1</passedSenate>
        <passageOfAMeasure>1</passageOfAMeasure>
        <motionToReconsiderResults>1</motionToReconsiderResults>
        <introducedInSenate>1</introducedInSenate>
        <committeeDischarged>2</committeeDischarged>
        <sentToHouse>1</sentToHouse>
        <considerationByHouse>1</considerationByHouse>
        <referredToCommittee>1</referredToCommittee>
        <billReferrals>1</billReferrals>
        <becamePublicLaw>2</becamePublicLaw>
        <placeholderTextForE>3</placeholderTextForE>
      </actionTypeCounts>
      <item>
        <type>President</type>
        <text>Became Public Law No: 115-28.</text>
        <links>
          <link>
            <name>Public Law No: 115-28</name>
            <url>https://www.congress.gov/bill/115th-congress/senate-joint-resolution/35/text/pl</url>
          </link>
        </links>
        <committee />
        <sourceSystem>
          <code>2</code>
          <name>House floor actions</name>
        </sourceSystem>
        <actionDate>2017-04-19</actionDate>
        <actionCode>E40000</actionCode>
      </item>
      <item>
        <type>BecameLaw</type>
        <text>Became Public Law No: 115-28.</text>
        <links>
          <link>
            <name>Public Law No: 115-28</name>
            <url>https://www.congress.gov/bill/115th-congress/senate-joint-resolution/35/text/pl</url>
          </link>
        </links>
        <committee />
        <sourceSystem>
          <code>9</code>
          <name>Library of Congress</name>
        </sourceSystem>
        <actionDate>2017-04-19</actionDate>
        <actionCode>36000</actionCode>
      </item>
      <item>
        <type>President</type>
        <text>Signed by President.</text>
        <links />
        <committee />
        <sourceSystem>
          <code>2</code>
          <name>House floor actions</name>
        </sourceSystem>
        <actionDate>2017-04-19</actionDate>
        <actionCode>E30000</actionCode>
      </item>
      <item>
        <type>BecameLaw</type>
        <text>Signed by President.</text>
        <links />
        <committee />
        <sourceSystem>
          <code>9</code>
          <name>Library of Congress</name>
        </sourceSystem>
        <actionDate>2017-04-19</actionDate>
        <actionCode>36000</actionCode>
      </item>
      <item>
        <type>Floor</type>
        <text>Presented to President.</text>
        <links />
        <committee />
        <sourceSystem>
          <code>2</code>
          <name>House floor actions</name>
        </sourceSystem>
        <actionDate>2017-04-07</actionDate>
        <actionCode>E20000</actionCode>
      </item>
      <item>
        <type>President</type>
        <text>Presented to President.</text>
        <links />
        <committee />
        <sourceSystem>
          <code>9</code>
          <name>Library of Congress</name>
        </sourceSystem>
        <actionDate>2017-04-07</actionDate>
        <actionCode>28000</actionCode>
      </item>
      <item>
        <type>Floor</type>
        <text>Motion to reconsider laid on the table Agreed to without objection.</text>
        <links />
        <committee />
        <actionTime>10:36:46</actionTime>
        <sourceSystem>
          <code>2</code>
          <name>House floor actions</name>
        </sourceSystem>
        <actionDate>2017-04-06</actionDate>
        <actionCode>H38310</actionCode>
      </item>
      <item>
        <type>Floor</type>
        <text>On passage Passed without objection. (text: CR H2767)</text>
        <links>
          <link>
            <name>H2767</name>
            <url>https://www.congress.gov/congressional-record/volume-163/house-section/page/H2767</url>
          </link>
        </links>
        <committee />
        <actionTime>10:36:45</actionTime>
        <sourceSystem>
          <code>2</code>
          <name>House floor actions</name>
        </sourceSystem>
        <actionDate>2017-04-06</actionDate>
        <actionCode>H37100</actionCode>
      </item>
      <item>
        <type>Floor</type>
        <text>Passed/agreed to in House: On passage Passed without objection.(text: CR H2767)</text>
        <links>
          <link>
            <name>H2767</name>
            <url>https://www.congress.gov/congressional-record/volume-163/house-section/page/H2767</url>
          </link>
        </links>
        <committee />
        <actionTime>10:36:45</actionTime>
        <sourceSystem>
          <code>9</code>
          <name>Library of Congress</name>
        </sourceSystem>
        <actionDate>2017-04-06</actionDate>
        <actionCode>8000</actionCode>
      </item>
      <item>
        <type>Floor</type>
        <text>Considered by unanimous consent. (consideration: CR H2767)</text>
        <links>
          <link>
            <name>H2767</name>
            <url>https://www.congress.gov/congressional-record/volume-163/house-section/page/H2767</url>
          </link>
        </links>
        <committee />
        <actionTime>10:36:32</actionTime>
        <sourceSystem>
          <code>2</code>
          <name>House floor actions</name>
        </sourceSystem>
        <actionDate>2017-04-06</actionDate>
        <actionCode>H30000</actionCode>
      </item>
      <item>
        <type>Discharge</type>
        <text>Committee on House Administration discharged.</text>
        <links />
        <committee>
          <systemCode>hsha00</systemCode>
          <name>House Administration Committee</name>
        </committee>
        <sourceSystem>
          <code>2</code>
          <name>House floor actions</name>
        </sourceSystem>
        <actionDate>2017-04-06</actionDate>
        <actionCode>H12300</actionCode>
      </item>
      <item>
        <type>Committee</type>
        <text>Committee on House Administration discharged.</text>
        <links />
        <committee>
          <systemCode>hsha00</systemCode>
          <name>House Administration Committee</name>
        </committee>
        <sourceSystem>
          <code>9</code>
          <name>Library of Congress</name>
        </sourceSystem>
        <actionDate>2017-04-06</actionDate>
        <actionCode>5500</actionCode>
      </item>
      <item>
        <type>Floor</type>
        <text>Mr. Harper asked unanimous consent to discharge from committee and consider.</text>
        <links />
        <committee />
        <actionTime>10:36:28</actionTime>
        <sourceSystem>
          <code>2</code>
          <name>House floor actions</name>
        </sourceSystem>
        <actionDate>2017-04-06</actionDate>
        <actionCode>H30200</actionCode>
      </item>
      <item>
        <type>IntroReferral</type>
        <text>Referred to the House Committee on House Administration.</text>
        <links />
        <committee>
          <systemCode>hsha00</systemCode>
          <name>House Administration Committee</name>
        </committee>
        <sourceSystem>
          <code>2</code>
          <name>House floor actions</name>
        </sourceSystem>
        <actionDate>2017-03-28</actionDate>
        <actionCode>H11100</actionCode>
      </item>
      <item>
        <type>Floor</type>
        <text>Received in the House.</text>
        <links />
        <committee />
        <actionTime>12:22:27</actionTime>
        <sourceSystem>
          <code>2</code>
          <name>House floor actions</name>
        </sourceSystem>
        <actionDate>2017-03-28</actionDate>
        <actionCode>H14000</actionCode>
      </item>
      <item>
        <actionDate>2017-03-28</actionDate>
        <committee />
        <links />
        <sourceSystem>
          <code>0</code>
          <name>Senate</name>
        </sourceSystem>
        <text>Message on Senate action sent to the House.</text>
        <type>Floor</type>
      </item>
      <item>
        <actionDate>2017-03-27</actionDate>
        <committee />
        <links>
          <link>
            <name>S2004</name>
            <url>https://www.congress.gov/congressional-record/volume-163/senate-section/page/S2004</url>
          </link>
        </links>
        <sourceSystem>
          <code>0</code>
          <name>Senate</name>
        </sourceSystem>
        <text>Passed Senate without amendment by Unanimous Consent. (text: CR S2004)</text>
        <type>Floor</type>
      </item>
      <item>
        <type>Floor</type>
        <text>Passed/agreed to in Senate: Passed Senate without amendment by Unanimous Consent.(text: CR S2004)</text>
        <links>
          <link>
            <name>S2004</name>
            <url>https://www.congress.gov/congressional-record/volume-163/senate-section/page/S2004</url>
          </link>
        </links>
        <committee />
        <sourceSystem>
          <code>9</code>
          <name>Library of Congress</name>
        </sourceSystem>
        <actionDate>2017-03-27</actionDate>
        <actionCode>17000</actionCode>
      </item>
      <item>
        <actionDate>2017-03-27</actionDate>
        <committee>
          <systemCode>ssra00</systemCode>
          <name>Rules and Administration Committee</name>
        </committee>
        <links>
          <link>
            <name>S2003-2004</name>
            <url>https://www.congress.gov/congressional-record/volume-163/senate-section/page/S2003-2004</url>
          </link>
        </links>
        <sourceSystem>
          <code>0</code>
          <name>Senate</name>
        </sourceSystem>
        <text>Senate Committee on Rules and Administration discharged by Unanimous Consent. (consideration: CR S2003-2004)</text>
        <type>Discharge</type>
      </item>
      <item>
        <type>Committee</type>
        <text>Senate Committee on Rules and Administration discharged by Unanimous Consent.(consideration: CR S2003-2004)</text>
        <links>
          <link>
            <name>S2003-2004</name>
            <url>https://www.congress.gov/congressional-record/volume-163/senate-section/page/S2003-2004</url>
          </link>
        </links>
        <committee>
          <systemCode>ssra00</systemCode>
          <name>Rules and Administration Committee</name>
        </committee>
        <sourceSystem>
          <code>9</code>
          <name>Library of Congress</name>
        </sourceSystem>
        <actionDate>2017-03-27</actionDate>
        <actionCode>14500</actionCode>
      </item>
      <item>
        <actionDate>2017-03-08</actionDate>
        <committee>
          <systemCode>ssra00</systemCode>
          <name>Rules and Administration Committee</name>
        </committee>
        <links />
        <sourceSystem>
          <code>0</code>
          <name>Senate</name>
        </sourceSystem>
        <text>Read twice and referred to the Committee on Rules and Administration.</text>
        <type>IntroReferral</type>
      </item>
      <item>
        <type>IntroReferral</type>
        <text>Introduced in Senate</text>
        <links />
        <committee />
        <sourceSystem>
          <code>9</code>
          <name>Library of Congress</name>
        </sourceSystem>
        <actionDate>2017-03-08</actionDate>
        <actionCode>10000</actionCode>
      </item>
      <actionByCounts>
        <houseOfRepresentatives>9</houseOfRepresentatives>
        <senate>7</senate>
      </actionByCounts>
    </actions>
    <notes />
    <originChamber>Senate</originChamber>
    <title>A joint resolution providing for the appointment of Michael Govan as a citizen regent of the Board of Regents of the Smithsonian Institution.</title>
    <billNumber>35</billNumber>
    <cosponsors>
      <item>
        <state>GA</state>
        <party>R</party>
        <fullName>Sen. Perdue, David [R-GA]</fullName>
        <lastName>Perdue</lastName>
        <isOriginalCosponsor>True</isOriginalCosponsor>
        <bioguideId>P000612</bioguideId>
        <sponsorshipWithdrawnDate />
        <middleName>Alfred</middleName>
        <identifiers>
          <lisID>2286</lisID>
          <bioguideId>P000612</bioguideId>
          <gpoId />
        </identifiers>
        <firstName>David</firstName>
        <sponsorshipDate>2017-03-08</sponsorshipDate>
      </item>
      <item>
        <state>VT</state>
        <party>D</party>
        <fullName>Sen. Leahy, Patrick J. [D-VT]</fullName>
        <lastName>LEAHY</lastName>
        <isOriginalCosponsor>True</isOriginalCosponsor>
        <bioguideId>L000174</bioguideId>
        <sponsorshipWithdrawnDate />
        <middleName>JOSEPH</middleName>
        <identifiers>
          <bioguideId>L000174</bioguideId>
          <gpoId>8244</gpoId>
          <lisID>1383</lisID>
        </identifiers>
        <firstName>PATRICK</firstName>
        <sponsorshipDate>2017-03-08</sponsorshipDate>
      </item>
    </cosponsors>
    <summaries>
      <billSummaries>
        <item>
          <text><![CDATA[<p>This joint resolution appoints Michael Govan as a citizen regent of the Board of Regents of the Smithsonian Institution. </p>]]></text>
          <versionCode>00</versionCode>
          <actionDate>2017-03-08</actionDate>
          <name>Introduced in Senate</name>
          <actionDesc>Introduced in Senate</actionDesc>
          <lastSummaryUpdateDate>2017-04-12T18:16:34Z</lastSummaryUpdateDate>
          <updateDate>2017-03-08T05:00:00Z</updateDate>
        </item>
        <item>
          <text><![CDATA[<p>(This measure has not been amended since it was introduced. The summary of that version is repeated here.)</p> <p>This joint resolution appoints Michael Govan as a citizen regent of the Board of Regents of the Smithsonian Institution. </p>]]></text>
          <versionCode>82</versionCode>
          <actionDate>2017-03-27</actionDate>
          <name>Passed Senate without amendment</name>
          <actionDesc>Passed Senate without amendment</actionDesc>
          <lastSummaryUpdateDate>2017-04-12T18:17:20Z</lastSummaryUpdateDate>
          <updateDate>2017-03-27T15:13:24Z</updateDate>
        </item>
        <item>
          <text><![CDATA[<p>(This measure has not been amended since it was introduced. The summary of that version is repeated here.)</p> <p>This joint resolution appoints Michael Govan as a citizen regent of the Board of Regents of the Smithsonian Institution. </p>]]></text>
          <versionCode>81</versionCode>
          <actionDate>2017-04-06</actionDate>
          <name>Passed House without amendment</name>
          <actionDesc>Passed House without amendment</actionDesc>
          <lastSummaryUpdateDate>2017-04-25T17:46:14Z</lastSummaryUpdateDate>
          <updateDate>2017-04-06T14:32:46Z</updateDate>
        </item>
        <item>
          <text><![CDATA[<p>(This measure has not been amended since it was introduced. The summary of that version is repeated here.)</p> <p>This joint resolution appoints Michael Govan as a citizen regent of the Board of Regents of the Smithsonian Institution. </p>]]></text>
          <versionCode>49</versionCode>
          <actionDate>2017-04-19</actionDate>
          <name>Public Law</name>
          <actionDesc>Public Law</actionDesc>
          <lastSummaryUpdateDate>2017-05-01T18:52:25Z</lastSummaryUpdateDate>
          <updateDate>2017-04-20T03:59:58Z</updateDate>
        </item>
      </billSummaries>
    </summaries>
    <policyArea>
      <name>Government Operations and Politics</name>
    </policyArea>
    <latestAction>
      <links>
        <link>
          <url>https://www.congress.gov/bill/115th-congress/senate-joint-resolution/35/text/pl</url>
          <name>Public Law No: 115-28</name>
        </link>
      </links>
      <actionDate>2017-04-19</actionDate>
      <text>Became Public Law No: 115-28.</text>
    </latestAction>
    <updateDate>2018-02-06T16:44:20Z</updateDate>
    <committees>
      <billCommittees>
        <item>
          <chamber>House</chamber>
          <subcommittees />
          <systemCode>hsha00</systemCode>
          <name>House Administration Committee</name>
          <activities>
            <item>
              <name>Discharged from</name>
              <date>2017-04-06T14:36:30Z</date>
            </item>
            <item>
              <name>Referred to</name>
              <date>2017-03-28T22:23:48Z</date>
            </item>
          </activities>
          <type>Standing</type>
        </item>
        <item>
          <chamber>Senate</chamber>
          <subcommittees />
          <systemCode>ssra00</systemCode>
          <name>Rules and Administration Committee</name>
          <activities>
            <item>
              <name>Discharged from</name>
              <date>2017-03-27T22:23:48Z</date>
            </item>
            <item>
              <name>Referred to</name>
              <date>2017-03-08T17:25:23Z</date>
            </item>
          </activities>
          <type>Standing</type>
        </item>
      </billCommittees>
    </committees>
    <createDate>2017-03-09T05:25:14Z</createDate>
    <subjects>
      <billSubjects>
        <legislativeSubjects>
          <item>
            <name>Federal officials</name>
          </item>
          <item>
            <name>Museums, exhibitions, cultural centers</name>
          </item>
          <item>
            <name>Smithsonian Institution</name>
          </item>
        </legislativeSubjects>
        <policyArea>
          <name>Government Operations and Politics</name>
        </policyArea>
      </billSubjects>
    </subjects>
    <committeeReports />
    <calendarNumbers />
  </bill>
  <dublinCore xmlns:dc="http://purl.org/dc/elements/1.1/">
    <dc:format>text/xml</dc:format>
    <dc:language>EN</dc:language>
    <dc:rights>Pursuant to Title 17 Section 105 of the United States Code, this file is not subject to copyright protection and is in the public domain.</dc:rights>
    <dc:contributor>Congressional Research Service, Library of Congress</dc:contributor>
    <dc:description>This file contains bill summaries and statuses for federal legislation. A bill summary describes the most significant provisions of a piece of legislation and details the effects the legislative text may have on current law and federal programs. Bill summaries are authored by the Congressional Research Service (CRS) of the Library of Congress. As stated in Public Law 91-510 (2 USC 166 (d)(6)), one of the duties of CRS is "to prepare summaries and digests of bills and resolutions of a public general nature introduced in the Senate or House of Representatives". For more information, refer to the User Guide that accompanies this file.</dc:description>
  </dublinCore>
</billStatus>

