<?xml version="1.0" encoding="UTF-8"?>
<billStatus>
  <bill>
    <titles>
      <item>
        <chamberCode />
        <titleType>Official Title as Introduced</titleType>
        <parentTitleType />
        <chamberName />
        <title>A joint resolution providing for congressional disapproval under chapter 8 of title 5, United States Code, of the rule submitted by Bureau of Consumer Financial Protection relating to "Arbitration Agreements".</title>
      </item>
      <item>
        <chamberCode />
        <titleType>Display Title</titleType>
        <parentTitleType />
        <chamberName />
        <title>A joint resolution providing for congressional disapproval under chapter 8 of title 5, United States Code, of the rule submitted by Bureau of Consumer Financial Protection relating to "Arbitration Agreements".</title>
      </item>
    </titles>
    <committeeReports />
    <sponsors>
      <item>
        <firstName>MICHAEL</firstName>
        <identifiers>
          <lisID>250</lisID>
          <bioguideId>C000880</bioguideId>
          <gpoId>8289</gpoId>
        </identifiers>
        <party>R</party>
        <bioguideId>C000880</bioguideId>
        <lastName>CRAPO</lastName>
        <fullName>Sen. Crapo, Mike [R-ID]</fullName>
        <byRequestType />
        <middleName>D.</middleName>
        <state>ID</state>
      </item>
    </sponsors>
    <title>A joint resolution providing for congressional disapproval under chapter 8 of title 5, United States Code, of the rule submitted by Bureau of Consumer Financial Protection relating to "Arbitration Agreements".</title>
    <actions>
      <actionTypeCounts>
        <referredToCommittee>1</referredToCommittee>
        <introducedInSenate>1</introducedInSenate>
      </actionTypeCounts>
      <item>
        <actionDate>2017-07-20</actionDate>
        <committee>
          <systemCode>ssbk00</systemCode>
          <name>Banking, Housing, and Urban Affairs Committee</name>
        </committee>
        <links />
        <sourceSystem>
          <name>Senate</name>
          <code>0</code>
        </sourceSystem>
        <text>Read twice and referred to the Committee on Banking, Housing, and Urban Affairs.</text>
        <type>IntroReferral</type>
      </item>
      <item>
        <text>Introduced in Senate</text>
        <links />
        <actionDate>2017-07-20</actionDate>
        <committee />
        <sourceSystem>
          <name>Library of Congress</name>
          <code>9</code>
        </sourceSystem>
        <type>IntroReferral</type>
        <actionCode>10000</actionCode>
      </item>
      <actionByCounts>
        <senate>2</senate>
      </actionByCounts>
    </actions>
    <summaries>
      <billSummaries>
        <item>
          <text><![CDATA[<p>This joint resolution nullifies a rule submitted by the Consumer Financial Protection Bureau (CFPB) regarding arbitration agreements. </p> <p>(The rule regulates the use of arbitration agreements in contracts for specific consumer financial products and services. It prohibits the use of a predispute arbitration agreement to prevent a consumer from filing or participating in certain class action suits. The rule also requires consumer financial product and service providers to furnish the CFPB with particular information regarding arbitrations.)</p>]]></text>
          <name>Introduced in Senate</name>
          <lastSummaryUpdateDate>2017-07-26T14:10:26Z</lastSummaryUpdateDate>
          <versionCode>00</versionCode>
          <actionDesc>Introduced in Senate</actionDesc>
          <updateDate>2017-07-20T04:00:00Z</updateDate>
          <actionDate>2017-07-20</actionDate>
        </item>
      </billSummaries>
    </summaries>
    <recordedVotes />
    <billNumber>47</billNumber>
    <calendarNumbers />
    <cosponsors>
      <item>
        <lastName>Perdue</lastName>
        <sponsorshipDate>2017-07-20</sponsorshipDate>
        <party>R</party>
        <state>GA</state>
        <bioguideId>P000612</bioguideId>
        <middleName>Alfred</middleName>
        <sponsorshipWithdrawnDate />
        <fullName>Sen. Perdue, David [R-GA]</fullName>
        <firstName>David</firstName>
        <isOriginalCosponsor>True</isOriginalCosponsor>
        <identifiers>
          <lisID>2286</lisID>
          <bioguideId>P000612</bioguideId>
          <gpoId />
        </identifiers>
      </item>
      <item>
        <lastName>Tillis</lastName>
        <sponsorshipDate>2017-07-20</sponsorshipDate>
        <party>R</party>
        <state>NC</state>
        <bioguideId>T000476</bioguideId>
        <middleName>Roland</middleName>
        <sponsorshipWithdrawnDate />
        <fullName>Sen. Tillis, Thom [R-NC]</fullName>
        <firstName>Thomas</firstName>
        <isOriginalCosponsor>True</isOriginalCosponsor>
        <identifiers>
          <lisID>2291</lisID>
          <bioguideId>T000476</bioguideId>
          <gpoId />
        </identifiers>
      </item>
      <item>
        <lastName>Cotton</lastName>
        <sponsorshipDate>2017-07-20</sponsorshipDate>
        <party>R</party>
        <state>AR</state>
        <bioguideId>C001095</bioguideId>
        <middleName />
        <sponsorshipWithdrawnDate />
        <fullName>Sen. Cotton, Tom [R-AR]</fullName>
        <firstName>Tom</firstName>
        <isOriginalCosponsor>True</isOriginalCosponsor>
        <identifiers>
          <lisID>2098</lisID>
          <bioguideId>C001095</bioguideId>
          <gpoId />
        </identifiers>
      </item>
      <item>
        <lastName>Scott</lastName>
        <sponsorshipDate>2017-07-20</sponsorshipDate>
        <party>R</party>
        <state>SC</state>
        <bioguideId>S001184</bioguideId>
        <middleName />
        <sponsorshipWithdrawnDate />
        <fullName>Sen. Scott, Tim [R-SC]</fullName>
        <firstName>Tim</firstName>
        <isOriginalCosponsor>True</isOriginalCosponsor>
        <identifiers>
          <lisID>2056</lisID>
          <gpoId>8141</gpoId>
          <bioguideId>S001184</bioguideId>
        </identifiers>
      </item>
      <item>
        <lastName>Heller</lastName>
        <sponsorshipDate>2017-07-20</sponsorshipDate>
        <party>R</party>
        <state>NV</state>
        <bioguideId>H001041</bioguideId>
        <middleName />
        <sponsorshipWithdrawnDate />
        <fullName>Sen. Heller, Dean [R-NV]</fullName>
        <firstName>Dean</firstName>
        <isOriginalCosponsor>True</isOriginalCosponsor>
        <identifiers>
          <bioguideId>H001041</bioguideId>
          <lisID>1863</lisID>
          <gpoId>8060</gpoId>
        </identifiers>
      </item>
      <item>
        <lastName>Rounds</lastName>
        <sponsorshipDate>2017-07-20</sponsorshipDate>
        <party>R</party>
        <state>SD</state>
        <bioguideId>R000605</bioguideId>
        <middleName />
        <sponsorshipWithdrawnDate />
        <fullName>Sen. Rounds, Mike  [R-SD]</fullName>
        <firstName>Mike</firstName>
        <isOriginalCosponsor>True</isOriginalCosponsor>
        <identifiers>
          <lisID>2288</lisID>
          <gpoId />
          <bioguideId>R000605</bioguideId>
        </identifiers>
      </item>
      <item>
        <lastName>Toomey</lastName>
        <sponsorshipDate>2017-07-20</sponsorshipDate>
        <party>R</party>
        <state>PA</state>
        <bioguideId>T000461</bioguideId>
        <middleName />
        <sponsorshipWithdrawnDate />
        <fullName>Sen. Toomey, Pat [R-PA]</fullName>
        <firstName>Pat</firstName>
        <isOriginalCosponsor>True</isOriginalCosponsor>
        <identifiers>
          <bioguideId>T000461</bioguideId>
          <lisID>1594</lisID>
          <gpoId />
        </identifiers>
      </item>
      <item>
        <lastName>SHELBY</lastName>
        <sponsorshipDate>2017-07-20</sponsorshipDate>
        <party>R</party>
        <state>AL</state>
        <bioguideId>S000320</bioguideId>
        <middleName>CRAIG</middleName>
        <sponsorshipWithdrawnDate />
        <fullName>Sen. Shelby, Richard C. [R-AL]</fullName>
        <firstName>RICHARD</firstName>
        <isOriginalCosponsor>True</isOriginalCosponsor>
        <identifiers>
          <bioguideId>S000320</bioguideId>
          <lisID>1049</lisID>
          <gpoId>8277</gpoId>
        </identifiers>
      </item>
      <item>
        <lastName>Corker</lastName>
        <sponsorshipDate>2017-07-20</sponsorshipDate>
        <party>R</party>
        <state>TN</state>
        <bioguideId>C001071</bioguideId>
        <middleName />
        <sponsorshipWithdrawnDate />
        <fullName>Sen. Corker, Bob [R-TN]</fullName>
        <firstName>Bob</firstName>
        <isOriginalCosponsor>True</isOriginalCosponsor>
        <identifiers>
          <lisID>1825</lisID>
          <bioguideId>C001071</bioguideId>
          <gpoId>8294</gpoId>
        </identifiers>
      </item>
      <item>
        <lastName>Sasse</lastName>
        <sponsorshipDate>2017-07-20</sponsorshipDate>
        <party>R</party>
        <state>NE</state>
        <bioguideId>S001197</bioguideId>
        <middleName />
        <sponsorshipWithdrawnDate />
        <fullName>Sen. Sasse, Ben  [R-NE]</fullName>
        <firstName>Ben</firstName>
        <isOriginalCosponsor>True</isOriginalCosponsor>
        <identifiers>
          <lisID>2289</lisID>
          <bioguideId>S001197</bioguideId>
          <gpoId />
        </identifiers>
      </item>
      <item>
        <lastName>MORAN</lastName>
        <sponsorshipDate>2017-07-20</sponsorshipDate>
        <party>R</party>
        <state>KS</state>
        <bioguideId>M000934</bioguideId>
        <middleName />
        <sponsorshipWithdrawnDate />
        <fullName>Sen. Moran, Jerry [R-KS]</fullName>
        <firstName>JERRY</firstName>
        <isOriginalCosponsor>True</isOriginalCosponsor>
        <identifiers>
          <bioguideId>M000934</bioguideId>
          <lisID>1507</lisID>
          <gpoId>8307</gpoId>
        </identifiers>
      </item>
      <item>
        <lastName>CAPITO</lastName>
        <sponsorshipDate>2017-07-20</sponsorshipDate>
        <party>R</party>
        <state>WV</state>
        <bioguideId>C001047</bioguideId>
        <middleName>MOORE</middleName>
        <sponsorshipWithdrawnDate />
        <fullName>Sen. Capito, Shelley Moore [R-WV]</fullName>
        <firstName>SHELLEY</firstName>
        <isOriginalCosponsor>True</isOriginalCosponsor>
        <identifiers>
          <lisID>1676</lisID>
          <gpoId>8223</gpoId>
          <bioguideId>C001047</bioguideId>
        </identifiers>
      </item>
      <item>
        <lastName>HATCH</lastName>
        <sponsorshipDate>2017-07-20</sponsorshipDate>
        <party>R</party>
        <state>UT</state>
        <bioguideId>H000338</bioguideId>
        <middleName>GRANT</middleName>
        <sponsorshipWithdrawnDate />
        <fullName>Sen. Hatch, Orrin G. [R-UT]</fullName>
        <firstName>ORRIN</firstName>
        <isOriginalCosponsor>True</isOriginalCosponsor>
        <identifiers>
          <bioguideId>H000338</bioguideId>
          <lisID>1351</lisID>
          <gpoId>8314</gpoId>
        </identifiers>
      </item>
      <item>
        <lastName>Isakson</lastName>
        <sponsorshipDate>2017-07-20</sponsorshipDate>
        <party>R</party>
        <state>GA</state>
        <bioguideId>I000055</bioguideId>
        <middleName />
        <sponsorshipWithdrawnDate />
        <fullName>Sen. Isakson, Johnny [R-GA]</fullName>
        <firstName>Johnny</firstName>
        <isOriginalCosponsor>True</isOriginalCosponsor>
        <identifiers>
          <bioguideId>I000055</bioguideId>
          <gpoId>8323</gpoId>
          <lisID>1608</lisID>
        </identifiers>
      </item>
      <item>
        <lastName>Barrasso</lastName>
        <sponsorshipDate>2017-07-20</sponsorshipDate>
        <party>R</party>
        <state>WY</state>
        <bioguideId>B001261</bioguideId>
        <middleName />
        <sponsorshipWithdrawnDate />
        <fullName>Sen. Barrasso, John [R-WY]</fullName>
        <firstName>John</firstName>
        <isOriginalCosponsor>True</isOriginalCosponsor>
        <identifiers>
          <lisID>1881</lisID>
          <gpoId>8300</gpoId>
          <bioguideId>B001261</bioguideId>
        </identifiers>
      </item>
      <item>
        <lastName>WICKER</lastName>
        <sponsorshipDate>2017-07-20</sponsorshipDate>
        <party>R</party>
        <state>MS</state>
        <bioguideId>W000437</bioguideId>
        <middleName>F.</middleName>
        <sponsorshipWithdrawnDate />
        <fullName>Sen. Wicker, Roger F. [R-MS]</fullName>
        <firstName>ROGER</firstName>
        <isOriginalCosponsor>True</isOriginalCosponsor>
        <identifiers>
          <bioguideId>W000437</bioguideId>
          <lisID>1226</lisID>
          <gpoId>8263</gpoId>
        </identifiers>
      </item>
      <item>
        <lastName>ENZI</lastName>
        <sponsorshipDate>2017-07-20</sponsorshipDate>
        <party>R</party>
        <state>WY</state>
        <bioguideId>E000285</bioguideId>
        <middleName>B.</middleName>
        <sponsorshipWithdrawnDate />
        <fullName>Sen. Enzi, Michael B. [R-WY]</fullName>
        <firstName>MICHAEL</firstName>
        <isOriginalCosponsor>True</isOriginalCosponsor>
        <identifiers>
          <bioguideId>E000285</bioguideId>
          <lisID>1542</lisID>
          <gpoId>8328</gpoId>
        </identifiers>
      </item>
      <item>
        <lastName>Rubio</lastName>
        <sponsorshipDate>2017-07-20</sponsorshipDate>
        <party>R</party>
        <state>FL</state>
        <bioguideId>R000595</bioguideId>
        <middleName />
        <sponsorshipWithdrawnDate />
        <fullName>Sen. Rubio, Marco [R-FL]</fullName>
        <firstName>Marco</firstName>
        <isOriginalCosponsor>True</isOriginalCosponsor>
        <identifiers>
          <lisID>2084</lisID>
          <gpoId>8242</gpoId>
          <bioguideId>R000595</bioguideId>
        </identifiers>
      </item>
      <item>
        <lastName>Blunt</lastName>
        <sponsorshipDate>2017-07-20</sponsorshipDate>
        <party>R</party>
        <state>MO</state>
        <bioguideId>B000575</bioguideId>
        <middleName />
        <sponsorshipWithdrawnDate />
        <fullName>Sen. Blunt, Roy [R-MO]</fullName>
        <firstName>Roy</firstName>
        <isOriginalCosponsor>True</isOriginalCosponsor>
        <identifiers>
          <lisID>1464</lisID>
          <gpoId>8313</gpoId>
          <bioguideId>B000575</bioguideId>
        </identifiers>
      </item>
      <item>
        <lastName>Cruz</lastName>
        <sponsorshipDate>2017-07-20</sponsorshipDate>
        <party>R</party>
        <state>TX</state>
        <bioguideId>C001098</bioguideId>
        <middleName />
        <sponsorshipWithdrawnDate />
        <fullName>Sen. Cruz, Ted [R-TX]</fullName>
        <firstName>Ted</firstName>
        <isOriginalCosponsor>True</isOriginalCosponsor>
        <identifiers>
          <lisID>2175</lisID>
          <bioguideId>C001098</bioguideId>
          <gpoId />
        </identifiers>
      </item>
      <item>
        <lastName>Lankford</lastName>
        <sponsorshipDate>2017-07-20</sponsorshipDate>
        <party>R</party>
        <state>OK</state>
        <bioguideId>L000575</bioguideId>
        <middleName />
        <sponsorshipWithdrawnDate />
        <fullName>Sen. Lankford, James [R-OK]</fullName>
        <firstName>James</firstName>
        <isOriginalCosponsor>True</isOriginalCosponsor>
        <identifiers>
          <gpoId>8113</gpoId>
          <lisID>2050</lisID>
          <bioguideId>L000575</bioguideId>
        </identifiers>
      </item>
      <item>
        <lastName>Strange</lastName>
        <sponsorshipDate>2017-07-20</sponsorshipDate>
        <party>R</party>
        <state>AL</state>
        <bioguideId>S001202</bioguideId>
        <middleName />
        <sponsorshipWithdrawnDate />
        <fullName>Sen. Strange, Luther [R-AL]</fullName>
        <firstName>Luther</firstName>
        <isOriginalCosponsor>True</isOriginalCosponsor>
        <identifiers>
          <bioguideId>S001202</bioguideId>
          <lisID>2357</lisID>
          <gpoId />
        </identifiers>
      </item>
      <item>
        <lastName>Cochran</lastName>
        <sponsorshipDate>2017-07-20</sponsorshipDate>
        <party>R</party>
        <state>MS</state>
        <bioguideId>C000567</bioguideId>
        <middleName />
        <sponsorshipWithdrawnDate />
        <fullName>Sen. Cochran, Thad [R-MS]</fullName>
        <firstName>Thad</firstName>
        <isOriginalCosponsor>True</isOriginalCosponsor>
        <identifiers>
          <gpoId>8292</gpoId>
          <lisID>213</lisID>
          <bioguideId>C000567</bioguideId>
        </identifiers>
      </item>
      <item>
        <lastName>INHOFE</lastName>
        <sponsorshipDate>2017-07-24</sponsorshipDate>
        <party>R</party>
        <state>OK</state>
        <bioguideId>I000024</bioguideId>
        <middleName />
        <sponsorshipWithdrawnDate />
        <fullName>Sen. Inhofe, James M. [R-OK]</fullName>
        <firstName>JIM</firstName>
        <isOriginalCosponsor>False</isOriginalCosponsor>
        <identifiers>
          <lisID>583</lisID>
          <gpoId>8322</gpoId>
          <bioguideId>I000024</bioguideId>
        </identifiers>
      </item>
      <item>
        <lastName>Boozman</lastName>
        <sponsorshipDate>2017-07-24</sponsorshipDate>
        <party>R</party>
        <state>AR</state>
        <bioguideId>B001236</bioguideId>
        <middleName />
        <sponsorshipWithdrawnDate />
        <fullName>Sen. Boozman, John [R-AR]</fullName>
        <firstName>John</firstName>
        <isOriginalCosponsor>False</isOriginalCosponsor>
        <identifiers>
          <lisID>1687</lisID>
          <bioguideId>B001236</bioguideId>
          <gpoId>8247</gpoId>
        </identifiers>
      </item>
      <item>
        <lastName>Lee</lastName>
        <sponsorshipDate>2017-07-26</sponsorshipDate>
        <party>R</party>
        <state>UT</state>
        <bioguideId>L000577</bioguideId>
        <middleName />
        <sponsorshipWithdrawnDate />
        <fullName>Sen. Lee, Mike [R-UT]</fullName>
        <firstName>Mike</firstName>
        <isOriginalCosponsor>False</isOriginalCosponsor>
        <identifiers>
          <lisID>2080</lisID>
          <bioguideId>L000577</bioguideId>
          <gpoId>8303</gpoId>
        </identifiers>
      </item>
      <item>
        <lastName>ROBERTS</lastName>
        <sponsorshipDate>2017-07-27</sponsorshipDate>
        <party>R</party>
        <state>KS</state>
        <bioguideId>R000307</bioguideId>
        <middleName />
        <sponsorshipWithdrawnDate />
        <fullName>Sen. Roberts, Pat [R-KS]</fullName>
        <firstName>PAT</firstName>
        <isOriginalCosponsor>False</isOriginalCosponsor>
        <identifiers>
          <lisID>968</lisID>
          <bioguideId>R000307</bioguideId>
          <gpoId>8275</gpoId>
        </identifiers>
      </item>
      <item>
        <lastName>Sullivan</lastName>
        <sponsorshipDate>2017-07-27</sponsorshipDate>
        <party>R</party>
        <state>AK</state>
        <bioguideId>S001198</bioguideId>
        <middleName />
        <sponsorshipWithdrawnDate />
        <fullName>Sen. Sullivan, Dan  [R-AK]</fullName>
        <firstName>Dan</firstName>
        <isOriginalCosponsor>False</isOriginalCosponsor>
        <identifiers>
          <gpoId />
          <bioguideId>S001198</bioguideId>
          <lisID>2290</lisID>
        </identifiers>
      </item>
      <item>
        <lastName>Johnson</lastName>
        <sponsorshipDate>2017-07-27</sponsorshipDate>
        <party>R</party>
        <state>WI</state>
        <bioguideId>J000293</bioguideId>
        <middleName />
        <sponsorshipWithdrawnDate />
        <fullName>Sen. Johnson, Ron [R-WI]</fullName>
        <firstName>Ron</firstName>
        <isOriginalCosponsor>False</isOriginalCosponsor>
        <identifiers>
          <lisID>2086</lisID>
          <bioguideId>J000293</bioguideId>
          <gpoId>8355</gpoId>
        </identifiers>
      </item>
      <item>
        <lastName>Risch</lastName>
        <sponsorshipDate>2017-07-27</sponsorshipDate>
        <party>R</party>
        <state>ID</state>
        <bioguideId>R000584</bioguideId>
        <middleName>E.</middleName>
        <sponsorshipWithdrawnDate />
        <fullName>Sen. Risch, James E. [R-ID]</fullName>
        <firstName>James</firstName>
        <isOriginalCosponsor>False</isOriginalCosponsor>
        <identifiers>
          <lisID>1896</lisID>
          <bioguideId>R000584</bioguideId>
          <gpoId>8274</gpoId>
        </identifiers>
      </item>
      <item>
        <lastName>Paul</lastName>
        <sponsorshipDate>2017-09-05</sponsorshipDate>
        <party>R</party>
        <state>KY</state>
        <bioguideId>P000603</bioguideId>
        <middleName />
        <sponsorshipWithdrawnDate />
        <fullName>Sen. Paul, Rand [R-KY]</fullName>
        <firstName>Rand</firstName>
        <isOriginalCosponsor>False</isOriginalCosponsor>
        <identifiers>
          <bioguideId>P000603</bioguideId>
          <lisID>2082</lisID>
          <gpoId>8308</gpoId>
        </identifiers>
      </item>
      <item>
        <lastName>THUNE</lastName>
        <sponsorshipDate>2017-10-23</sponsorshipDate>
        <party>R</party>
        <state>SD</state>
        <bioguideId>T000250</bioguideId>
        <middleName>R.</middleName>
        <sponsorshipWithdrawnDate />
        <fullName>Sen. Thune, John [R-SD]</fullName>
        <firstName>JOHN</firstName>
        <isOriginalCosponsor>False</isOriginalCosponsor>
        <identifiers>
          <gpoId>8257</gpoId>
          <bioguideId>T000250</bioguideId>
          <lisID>1534</lisID>
        </identifiers>
      </item>
    </cosponsors>
    <version>1.0.0</version>
    <subjects>
      <billSubjects>
        <legislativeSubjects>
          <item>
            <name>Administrative law and regulatory procedures</name>
          </item>
          <item>
            <name>Alternative dispute resolution, mediation, arbitration</name>
          </item>
          <item>
            <name>Business records</name>
          </item>
          <item>
            <name>Congressional oversight</name>
          </item>
          <item>
            <name>Consumer Financial Protection Bureau</name>
          </item>
          <item>
            <name>Consumer credit</name>
          </item>
          <item>
            <name>Financial services and investments</name>
          </item>
          <item>
            <name>Government information and archives</name>
          </item>
        </legislativeSubjects>
        <policyArea>
          <name>Finance and Financial Sector</name>
        </policyArea>
      </billSubjects>
    </subjects>
    <latestAction>
      <text>Read twice and referred to the Committee on Banking, Housing, and Urban Affairs.</text>
      <links />
      <actionDate>2017-07-20</actionDate>
    </latestAction>
    <originChamber>Senate</originChamber>
    <laws />
    <notes />
    <createDate>2017-07-21T00:56:43Z</createDate>
    <billType>SJRES</billType>
    <updateDate>2018-02-06T16:44:21Z</updateDate>
    <policyArea>
      <name>Finance and Financial Sector</name>
    </policyArea>
    <cboCostEstimates />
    <introducedDate>2017-07-20</introducedDate>
    <amendments />
    <relatedBills>
      <item>
        <congress>115</congress>
        <latestTitle>Providing for congressional disapproval under chapter 8 of title 5, United States Code, of the rule submitted by Bureau of Consumer Financial Protection relating to "Arbitration Agreements".</latestTitle>
        <number>111</number>
        <type>HJRES</type>
        <latestAction>
          <text>Became Public Law No: 115-74.</text>
          <actionDate>2017-11-01</actionDate>
        </latestAction>
        <relationshipDetails>
          <item>
            <type>Identical bill</type>
            <identifiedBy>CRS</identifiedBy>
          </item>
        </relationshipDetails>
      </item>
    </relatedBills>
    <congress>115</congress>
    <committees>
      <billCommittees>
        <item>
          <subcommittees />
          <type>Standing</type>
          <systemCode>ssbk00</systemCode>
          <activities>
            <item>
              <name>Referred to</name>
              <date>2017-07-20T14:51:25Z</date>
            </item>
          </activities>
          <name>Banking, Housing, and Urban Affairs Committee</name>
          <chamber>Senate</chamber>
        </item>
      </billCommittees>
    </committees>
  </bill>
  <dublinCore xmlns:dc="http://purl.org/dc/elements/1.1/">
    <dc:format>text/xml</dc:format>
    <dc:language>EN</dc:language>
    <dc:rights>Pursuant to Title 17 Section 105 of the United States Code, this file is not subject to copyright protection and is in the public domain.</dc:rights>
    <dc:contributor>Congressional Research Service, Library of Congress</dc:contributor>
    <dc:description>This file contains bill summaries and statuses for federal legislation. A bill summary describes the most significant provisions of a piece of legislation and details the effects the legislative text may have on current law and federal programs. Bill summaries are authored by the Congressional Research Service (CRS) of the Library of Congress. As stated in Public Law 91-510 (2 USC 166 (d)(6)), one of the duties of CRS is "to prepare summaries and digests of bills and resolutions of a public general nature introduced in the Senate or House of Representatives". For more information, refer to the User Guide that accompanies this file.</dc:description>
  </dublinCore>
</billStatus>

