<?xml version="1.0" encoding="UTF-8"?>
<billStatus>
  <bill>
    <cosponsors>
      <item>
        <party>D</party>
        <bioguideId>F000062</bioguideId>
        <isOriginalCosponsor>True</isOriginalCosponsor>
        <firstName>DIANNE</firstName>
        <middleName />
        <sponsorshipWithdrawnDate />
        <sponsorshipDate>2017-01-17</sponsorshipDate>
        <fullName>Sen. Feinstein, Dianne [D-CA]</fullName>
        <identifiers>
          <bioguideId>F000062</bioguideId>
          <lisID>1332</lisID>
          <gpoId>8338</gpoId>
        </identifiers>
        <lastName>FEINSTEIN</lastName>
        <state>CA</state>
      </item>
      <item>
        <party>D</party>
        <bioguideId>G000555</bioguideId>
        <isOriginalCosponsor>True</isOriginalCosponsor>
        <firstName>Kirsten</firstName>
        <middleName>E.</middleName>
        <sponsorshipWithdrawnDate />
        <sponsorshipDate>2017-01-17</sponsorshipDate>
        <fullName>Sen. Gillibrand, Kirsten E. [D-NY]</fullName>
        <identifiers>
          <lisID>1866</lisID>
          <gpoId>8336</gpoId>
          <bioguideId>G000555</bioguideId>
        </identifiers>
        <lastName>Gillibrand</lastName>
        <state>NY</state>
      </item>
      <item>
        <party>D</party>
        <bioguideId>B001230</bioguideId>
        <isOriginalCosponsor>True</isOriginalCosponsor>
        <firstName>TAMMY</firstName>
        <middleName />
        <sponsorshipWithdrawnDate />
        <sponsorshipDate>2017-01-17</sponsorshipDate>
        <fullName>Sen. Baldwin, Tammy [D-WI]</fullName>
        <identifiers>
          <lisID>1558</lisID>
          <gpoId>8215</gpoId>
          <bioguideId>B001230</bioguideId>
        </identifiers>
        <lastName>BALDWIN</lastName>
        <state>WI</state>
      </item>
      <item>
        <party>D</party>
        <bioguideId>B000944</bioguideId>
        <isOriginalCosponsor>True</isOriginalCosponsor>
        <firstName>SHERROD</firstName>
        <middleName />
        <sponsorshipWithdrawnDate />
        <sponsorshipDate>2017-01-17</sponsorshipDate>
        <fullName>Sen. Brown, Sherrod [D-OH]</fullName>
        <identifiers>
          <lisID>136</lisID>
          <gpoId>8309</gpoId>
          <bioguideId>B000944</bioguideId>
        </identifiers>
        <lastName>BROWN</lastName>
        <state>OH</state>
      </item>
      <item>
        <party>D</party>
        <bioguideId>W000802</bioguideId>
        <isOriginalCosponsor>True</isOriginalCosponsor>
        <firstName>Sheldon</firstName>
        <middleName />
        <sponsorshipWithdrawnDate />
        <sponsorshipDate>2017-01-17</sponsorshipDate>
        <fullName>Sen. Whitehouse, Sheldon [D-RI]</fullName>
        <identifiers>
          <gpoId>8264</gpoId>
          <bioguideId>W000802</bioguideId>
          <lisID>1823</lisID>
        </identifiers>
        <lastName>Whitehouse</lastName>
        <state>RI</state>
      </item>
      <item>
        <party>D</party>
        <bioguideId>R000122</bioguideId>
        <isOriginalCosponsor>True</isOriginalCosponsor>
        <firstName>JOHN</firstName>
        <middleName>F.</middleName>
        <sponsorshipWithdrawnDate />
        <sponsorshipDate>2017-01-17</sponsorshipDate>
        <fullName>Sen. Reed, Jack [D-RI]</fullName>
        <identifiers>
          <lisID>949</lisID>
          <bioguideId>R000122</bioguideId>
          <gpoId>8272</gpoId>
        </identifiers>
        <lastName>REED</lastName>
        <state>RI</state>
      </item>
      <item>
        <party>D</party>
        <bioguideId>W000779</bioguideId>
        <isOriginalCosponsor>True</isOriginalCosponsor>
        <firstName>RON</firstName>
        <middleName />
        <sponsorshipWithdrawnDate />
        <sponsorshipDate>2017-01-17</sponsorshipDate>
        <fullName>Sen. Wyden, Ron [D-OR]</fullName>
        <identifiers>
          <bioguideId>W000779</bioguideId>
          <gpoId>8265</gpoId>
          <lisID>1247</lisID>
        </identifiers>
        <lastName>WYDEN</lastName>
        <state>OR</state>
      </item>
      <item>
        <party>D</party>
        <bioguideId>F000457</bioguideId>
        <isOriginalCosponsor>True</isOriginalCosponsor>
        <firstName>Al</firstName>
        <middleName />
        <sponsorshipWithdrawnDate />
        <sponsorshipDate>2017-01-17</sponsorshipDate>
        <fullName>Sen. Franken, Al [D-MN]</fullName>
        <identifiers>
          <lisID>1969</lisID>
          <bioguideId>F000457</bioguideId>
          <gpoId>8339</gpoId>
        </identifiers>
        <lastName>Franken</lastName>
        <state>MN</state>
      </item>
      <item>
        <party>D</party>
        <bioguideId>S000770</bioguideId>
        <isOriginalCosponsor>True</isOriginalCosponsor>
        <firstName>DEBORAH</firstName>
        <middleName>ANN</middleName>
        <sponsorshipWithdrawnDate />
        <sponsorshipDate>2017-01-17</sponsorshipDate>
        <fullName>Sen. Stabenow, Debbie [D-MI]</fullName>
        <identifiers>
          <lisID>1531</lisID>
          <gpoId>8261</gpoId>
          <bioguideId>S000770</bioguideId>
        </identifiers>
        <lastName>STABENOW</lastName>
        <state>MI</state>
      </item>
      <item>
        <party>D</party>
        <bioguideId>M000133</bioguideId>
        <isOriginalCosponsor>True</isOriginalCosponsor>
        <firstName>EDWARD</firstName>
        <middleName>J.</middleName>
        <sponsorshipWithdrawnDate />
        <sponsorshipDate>2017-01-17</sponsorshipDate>
        <fullName>Sen. Markey, Edward J. [D-MA]</fullName>
        <identifiers>
          <lisID>735</lisID>
          <gpoId>7972</gpoId>
          <bioguideId>M000133</bioguideId>
        </identifiers>
        <lastName>MARKEY</lastName>
        <state>MA</state>
      </item>
      <item>
        <party>D</party>
        <bioguideId>U000039</bioguideId>
        <isOriginalCosponsor>True</isOriginalCosponsor>
        <firstName>TOM</firstName>
        <middleName />
        <sponsorshipWithdrawnDate />
        <sponsorshipDate>2017-01-17</sponsorshipDate>
        <fullName>Sen. Udall, Tom [D-NM]</fullName>
        <identifiers>
          <lisID>1567</lisID>
          <gpoId>8260</gpoId>
          <bioguideId>U000039</bioguideId>
        </identifiers>
        <lastName>UDALL</lastName>
        <state>NM</state>
      </item>
      <item>
        <party>D</party>
        <bioguideId>K000367</bioguideId>
        <isOriginalCosponsor>True</isOriginalCosponsor>
        <firstName>Amy</firstName>
        <middleName />
        <sponsorshipWithdrawnDate />
        <sponsorshipDate>2017-01-17</sponsorshipDate>
        <fullName>Sen. Klobuchar, Amy [D-MN]</fullName>
        <identifiers>
          <lisID>1826</lisID>
          <bioguideId>K000367</bioguideId>
          <gpoId>8249</gpoId>
        </identifiers>
        <lastName>Klobuchar</lastName>
        <state>MN</state>
      </item>
      <item>
        <party>D</party>
        <bioguideId>K000384</bioguideId>
        <isOriginalCosponsor>True</isOriginalCosponsor>
        <firstName>Timothy</firstName>
        <middleName />
        <sponsorshipWithdrawnDate />
        <sponsorshipDate>2017-01-17</sponsorshipDate>
        <fullName>Sen. Kaine, Tim [D-VA]</fullName>
        <identifiers>
          <gpoId />
          <lisID>2176</lisID>
          <bioguideId>K000384</bioguideId>
        </identifiers>
        <lastName>Kaine</lastName>
        <state>VA</state>
      </item>
      <item>
        <party>D</party>
        <bioguideId>M001176</bioguideId>
        <isOriginalCosponsor>True</isOriginalCosponsor>
        <firstName>Jeff</firstName>
        <middleName />
        <sponsorshipWithdrawnDate />
        <sponsorshipDate>2017-01-17</sponsorshipDate>
        <fullName>Sen. Merkley, Jeff [D-OR]</fullName>
        <identifiers>
          <bioguideId>M001176</bioguideId>
          <gpoId>8238</gpoId>
          <lisID>1900</lisID>
        </identifiers>
        <lastName>Merkley</lastName>
        <state>OR</state>
      </item>
      <item>
        <party>D</party>
        <bioguideId>B001288</bioguideId>
        <isOriginalCosponsor>True</isOriginalCosponsor>
        <firstName>Cory</firstName>
        <middleName>A.</middleName>
        <sponsorshipWithdrawnDate />
        <sponsorshipDate>2017-01-17</sponsorshipDate>
        <fullName>Sen. Booker, Cory A. [D-NJ]</fullName>
        <identifiers>
          <bioguideId>B001288</bioguideId>
          <lisID>2194</lisID>
          <gpoId />
        </identifiers>
        <lastName>Booker</lastName>
        <state>NJ</state>
      </item>
      <item>
        <party>D</party>
        <bioguideId>W000805</bioguideId>
        <isOriginalCosponsor>True</isOriginalCosponsor>
        <firstName>Mark</firstName>
        <middleName>R.</middleName>
        <sponsorshipWithdrawnDate />
        <sponsorshipDate>2017-01-17</sponsorshipDate>
        <fullName>Sen. Warner, Mark R. [D-VA]</fullName>
        <identifiers>
          <lisID>1897</lisID>
          <bioguideId>W000805</bioguideId>
          <gpoId>8269</gpoId>
        </identifiers>
        <lastName>Warner</lastName>
        <state>VA</state>
      </item>
      <item>
        <party>D</party>
        <bioguideId>W000817</bioguideId>
        <isOriginalCosponsor>True</isOriginalCosponsor>
        <firstName>Elizabeth</firstName>
        <middleName>A.</middleName>
        <sponsorshipWithdrawnDate />
        <sponsorshipDate>2017-01-17</sponsorshipDate>
        <fullName>Sen. Warren, Elizabeth [D-MA]</fullName>
        <identifiers>
          <gpoId />
          <lisID>2182</lisID>
          <bioguideId>W000817</bioguideId>
        </identifiers>
        <lastName>Warren</lastName>
        <state>MA</state>
      </item>
      <item>
        <party>I</party>
        <bioguideId>S000033</bioguideId>
        <isOriginalCosponsor>True</isOriginalCosponsor>
        <firstName>BERNARD</firstName>
        <middleName />
        <sponsorshipWithdrawnDate />
        <sponsorshipDate>2017-01-17</sponsorshipDate>
        <fullName>Sen. Sanders, Bernard [I-VT]</fullName>
        <identifiers>
          <lisID>1010</lisID>
          <gpoId>8270</gpoId>
          <bioguideId>S000033</bioguideId>
        </identifiers>
        <lastName>SANDERS</lastName>
        <state>VT</state>
      </item>
      <item>
        <party>D</party>
        <bioguideId>V000128</bioguideId>
        <isOriginalCosponsor>True</isOriginalCosponsor>
        <firstName>Chris</firstName>
        <middleName />
        <sponsorshipWithdrawnDate />
        <sponsorshipDate>2017-01-17</sponsorshipDate>
        <fullName>Sen. Van Hollen, Chris [D-MD]</fullName>
        <identifiers>
          <bioguideId>V000128</bioguideId>
          <gpoId>7983</gpoId>
          <lisID>1729</lisID>
        </identifiers>
        <lastName>Van Hollen</lastName>
        <state>MD</state>
      </item>
      <item>
        <party>D</party>
        <bioguideId>M000639</bioguideId>
        <isOriginalCosponsor>True</isOriginalCosponsor>
        <firstName>ROBERT</firstName>
        <middleName />
        <sponsorshipWithdrawnDate />
        <sponsorshipDate>2017-01-17</sponsorshipDate>
        <fullName>Sen. Menendez, Robert [D-NJ]</fullName>
        <identifiers>
          <lisID>791</lisID>
          <bioguideId>M000639</bioguideId>
          <gpoId>8239</gpoId>
        </identifiers>
        <lastName>MENENDEZ</lastName>
        <state>NJ</state>
      </item>
      <item>
        <party>D</party>
        <bioguideId>H001075</bioguideId>
        <isOriginalCosponsor>False</isOriginalCosponsor>
        <firstName>Kamala</firstName>
        <middleName>D.</middleName>
        <sponsorshipWithdrawnDate />
        <sponsorshipDate>2017-01-24</sponsorshipDate>
        <fullName>Sen. Harris, Kamala D. [D-CA]</fullName>
        <identifiers>
          <gpoId />
          <lisID>2301</lisID>
          <bioguideId>H001075</bioguideId>
        </identifiers>
        <lastName>Harris</lastName>
        <state>CA</state>
      </item>
      <item>
        <party>D</party>
        <bioguideId>H001076</bioguideId>
        <isOriginalCosponsor>False</isOriginalCosponsor>
        <firstName>Margaret</firstName>
        <middleName>Wood</middleName>
        <sponsorshipWithdrawnDate />
        <sponsorshipDate>2017-01-24</sponsorshipDate>
        <fullName>Sen. Hassan, Margaret Wood [D-NH]</fullName>
        <identifiers>
          <lisID>2302</lisID>
          <gpoId />
          <bioguideId>H001076</bioguideId>
        </identifiers>
        <lastName>Hassan</lastName>
        <state>NH</state>
      </item>
      <item>
        <party>D</party>
        <bioguideId>H001046</bioguideId>
        <isOriginalCosponsor>False</isOriginalCosponsor>
        <firstName>Martin</firstName>
        <middleName />
        <sponsorshipWithdrawnDate />
        <sponsorshipDate>2017-01-24</sponsorshipDate>
        <fullName>Sen. Heinrich, Martin [D-NM]</fullName>
        <identifiers>
          <gpoId>8056</gpoId>
          <lisID>1937</lisID>
          <bioguideId>H001046</bioguideId>
        </identifiers>
        <lastName>Heinrich</lastName>
        <state>NM</state>
      </item>
      <item>
        <party>D</party>
        <bioguideId>D000563</bioguideId>
        <isOriginalCosponsor>False</isOriginalCosponsor>
        <firstName>RICHARD</firstName>
        <middleName>J.</middleName>
        <sponsorshipWithdrawnDate />
        <sponsorshipDate>2017-01-24</sponsorshipDate>
        <fullName>Sen. Durbin, Richard J. [D-IL]</fullName>
        <identifiers>
          <bioguideId>D000563</bioguideId>
          <lisID>326</lisID>
          <gpoId>8326</gpoId>
        </identifiers>
        <lastName>DURBIN</lastName>
        <state>IL</state>
      </item>
      <item>
        <party>D</party>
        <bioguideId>S001181</bioguideId>
        <isOriginalCosponsor>False</isOriginalCosponsor>
        <firstName>Jeanne</firstName>
        <middleName />
        <sponsorshipWithdrawnDate />
        <sponsorshipDate>2017-01-24</sponsorshipDate>
        <fullName>Sen. Shaheen, Jeanne [D-NH]</fullName>
        <identifiers>
          <bioguideId>S001181</bioguideId>
          <lisID>1901</lisID>
          <gpoId>8276</gpoId>
        </identifiers>
        <lastName>Shaheen</lastName>
        <state>NH</state>
      </item>
      <item>
        <party>D</party>
        <bioguideId>H001042</bioguideId>
        <isOriginalCosponsor>False</isOriginalCosponsor>
        <firstName>Mazie</firstName>
        <middleName>K.</middleName>
        <sponsorshipWithdrawnDate />
        <sponsorshipDate>2017-02-02</sponsorshipDate>
        <fullName>Sen. Hirono, Mazie K. [D-HI]</fullName>
        <identifiers>
          <lisID>1844</lisID>
          <bioguideId>H001042</bioguideId>
          <gpoId>7913</gpoId>
        </identifiers>
        <lastName>Hirono</lastName>
        <state>HI</state>
      </item>
      <item>
        <party>D</party>
        <bioguideId>B001277</bioguideId>
        <isOriginalCosponsor>False</isOriginalCosponsor>
        <firstName>Richard</firstName>
        <middleName />
        <sponsorshipWithdrawnDate />
        <sponsorshipDate>2017-02-02</sponsorshipDate>
        <fullName>Sen. Blumenthal, Richard [D-CT]</fullName>
        <identifiers>
          <lisID>2076</lisID>
          <gpoId>8332</gpoId>
          <bioguideId>B001277</bioguideId>
        </identifiers>
        <lastName>Blumenthal</lastName>
        <state>CT</state>
      </item>
      <item>
        <party>D</party>
        <bioguideId>M001169</bioguideId>
        <isOriginalCosponsor>False</isOriginalCosponsor>
        <firstName>Christopher</firstName>
        <middleName />
        <sponsorshipWithdrawnDate />
        <sponsorshipDate>2017-02-16</sponsorshipDate>
        <fullName>Sen. Murphy, Christopher [D-CT]</fullName>
        <identifiers>
          <lisID>1837</lisID>
          <bioguideId>M001169</bioguideId>
          <gpoId>7870</gpoId>
        </identifiers>
        <lastName>Murphy</lastName>
        <state>CT</state>
      </item>
      <item>
        <party>D</party>
        <bioguideId>C001113</bioguideId>
        <isOriginalCosponsor>False</isOriginalCosponsor>
        <firstName>Catherine</firstName>
        <middleName />
        <sponsorshipWithdrawnDate />
        <sponsorshipDate>2017-04-04</sponsorshipDate>
        <fullName>Sen. Cortez Masto, Catherine  [D-NV]</fullName>
        <identifiers>
          <lisID>2299</lisID>
          <gpoId />
          <bioguideId>C001113</bioguideId>
        </identifiers>
        <lastName>Cortez Masto</lastName>
        <state>NV</state>
      </item>
      <item>
        <party>D</party>
        <bioguideId>D000622</bioguideId>
        <isOriginalCosponsor>False</isOriginalCosponsor>
        <firstName>Tammy</firstName>
        <middleName />
        <sponsorshipWithdrawnDate />
        <sponsorshipDate>2017-04-05</sponsorshipDate>
        <fullName>Sen. Duckworth, Tammy [D-IL]</fullName>
        <identifiers>
          <lisID>2123</lisID>
          <gpoId />
          <bioguideId>D000622</bioguideId>
        </identifiers>
        <lastName>Duckworth</lastName>
        <state>IL</state>
      </item>
      <item>
        <party>D</party>
        <bioguideId>P000595</bioguideId>
        <isOriginalCosponsor>False</isOriginalCosponsor>
        <firstName>Gary</firstName>
        <middleName>C.</middleName>
        <sponsorshipWithdrawnDate />
        <sponsorshipDate>2017-06-26</sponsorshipDate>
        <fullName>Sen. Peters, Gary C. [D-MI]</fullName>
        <identifiers>
          <lisID>1929</lisID>
          <bioguideId>P000595</bioguideId>
          <gpoId>7994</gpoId>
        </identifiers>
        <lastName>Peters</lastName>
        <state>MI</state>
      </item>
      <item>
        <party>D</party>
        <bioguideId>S001194</bioguideId>
        <isOriginalCosponsor>False</isOriginalCosponsor>
        <firstName>Brian</firstName>
        <middleName />
        <sponsorshipWithdrawnDate />
        <sponsorshipDate>2017-06-26</sponsorshipDate>
        <fullName>Sen. Schatz, Brian [D-HI]</fullName>
        <identifiers>
          <lisID>2173</lisID>
          <bioguideId>S001194</bioguideId>
          <gpoId />
        </identifiers>
        <lastName>Schatz</lastName>
        <state>HI</state>
      </item>
      <item>
        <party>D</party>
        <bioguideId>C000127</bioguideId>
        <isOriginalCosponsor>False</isOriginalCosponsor>
        <firstName>MARIA</firstName>
        <middleName />
        <sponsorshipWithdrawnDate />
        <sponsorshipDate>2017-06-28</sponsorshipDate>
        <fullName>Sen. Cantwell, Maria [D-WA]</fullName>
        <identifiers>
          <lisID>172</lisID>
          <bioguideId>C000127</bioguideId>
          <gpoId>8288</gpoId>
        </identifiers>
        <lastName>CANTWELL</lastName>
        <state>WA</state>
      </item>
      <item>
        <party>D</party>
        <bioguideId>M001111</bioguideId>
        <isOriginalCosponsor>False</isOriginalCosponsor>
        <firstName>PATTY</firstName>
        <middleName />
        <sponsorshipWithdrawnDate />
        <sponsorshipDate>2017-10-16</sponsorshipDate>
        <fullName>Sen. Murray, Patty [D-WA]</fullName>
        <identifiers>
          <gpoId>8237</gpoId>
          <lisID>1409</lisID>
          <bioguideId>M001111</bioguideId>
        </identifiers>
        <lastName>MURRAY</lastName>
        <state>WA</state>
      </item>
    </cosponsors>
    <congress>115</congress>
    <committees>
      <billCommittees>
        <item>
          <chamber>Senate</chamber>
          <name>Judiciary Committee</name>
          <systemCode>ssju00</systemCode>
          <type>Standing</type>
          <subcommittees />
          <activities>
            <item>
              <name>Referred to</name>
              <date>2017-01-17T21:10:32Z</date>
            </item>
          </activities>
        </item>
      </billCommittees>
    </committees>
    <laws />
    <titles>
      <item>
        <title>A joint resolution removing the deadline for the ratification of the equal rights amendment.</title>
        <titleType>Official Title as Introduced</titleType>
        <parentTitleType />
        <chamberCode />
        <chamberName />
      </item>
      <item>
        <title>A joint resolution removing the deadline for the ratification of the equal rights amendment.</title>
        <titleType>Display Title</titleType>
        <parentTitleType />
        <chamberCode />
        <chamberName />
      </item>
    </titles>
    <billType>SJRES</billType>
    <amendments />
    <recordedVotes />
    <actions>
      <item>
        <actionDate>2017-01-17</actionDate>
        <committee>
          <systemCode>ssju00</systemCode>
          <name>Judiciary Committee</name>
        </committee>
        <links />
        <sourceSystem>
          <code>0</code>
          <name>Senate</name>
        </sourceSystem>
        <text>Read twice and referred to the Committee on the Judiciary.</text>
        <type>IntroReferral</type>
      </item>
      <item>
        <committee />
        <sourceSystem>
          <code>9</code>
          <name>Library of Congress</name>
        </sourceSystem>
        <actionDate>2017-01-17</actionDate>
        <text>Introduced in Senate</text>
        <links />
        <type>IntroReferral</type>
        <actionCode>10000</actionCode>
      </item>
      <actionByCounts>
        <senate>2</senate>
      </actionByCounts>
      <actionTypeCounts>
        <referredToCommittee>1</referredToCommittee>
        <introducedInSenate>1</introducedInSenate>
      </actionTypeCounts>
    </actions>
    <introducedDate>2017-01-17</introducedDate>
    <relatedBills>
      <item>
        <number>53</number>
        <congress>115</congress>
        <relationshipDetails>
          <item>
            <type>Identical bill</type>
            <identifiedBy>House</identifiedBy>
          </item>
        </relationshipDetails>
        <latestTitle>Removing the deadline for the ratification of the equal rights amendment.</latestTitle>
        <latestAction>
          <text>Referred to the Subcommittee on the Constitution and Civil Justice.</text>
          <actionDate>2017-02-08</actionDate>
        </latestAction>
        <type>HJRES</type>
      </item>
    </relatedBills>
    <committeeReports />
    <calendarNumbers />
    <billNumber>5</billNumber>
    <summaries>
      <billSummaries>
        <item>
          <text><![CDATA[<p>This joint resolution eliminates the time limit for ratification of the equal rights amendment (prohibits discrimination on account of sex) proposed to the states in House Joint Resolution 208 of the 92nd Congress, as agreed to in the Senate on March 22, 1972. The amendment shall be part of the Constitution whenever ratified by the legislatures of three-fourths of the states. </p>]]></text>
          <versionCode>00</versionCode>
          <actionDate>2017-01-17</actionDate>
          <name>Introduced in Senate</name>
          <actionDesc>Introduced in Senate</actionDesc>
          <lastSummaryUpdateDate>2017-02-02T16:30:10Z</lastSummaryUpdateDate>
          <updateDate>2017-01-17T05:00:00Z</updateDate>
        </item>
      </billSummaries>
    </summaries>
    <cboCostEstimates />
    <updateDate>2018-02-06T16:44:19Z</updateDate>
    <policyArea>
      <name>Civil Rights and Liberties, Minority Issues</name>
    </policyArea>
    <latestAction>
      <text>Read twice and referred to the Committee on the Judiciary.</text>
      <actionDate>2017-01-17</actionDate>
      <links />
    </latestAction>
    <subjects>
      <billSubjects>
        <policyArea>
          <name>Civil Rights and Liberties, Minority Issues</name>
        </policyArea>
        <legislativeSubjects>
          <item>
            <name>Constitution and constitutional amendments</name>
          </item>
          <item>
            <name>Due process and equal protection</name>
          </item>
          <item>
            <name>Sex, gender, sexual orientation discrimination</name>
          </item>
          <item>
            <name>Women's rights</name>
          </item>
        </legislativeSubjects>
      </billSubjects>
    </subjects>
    <title>A joint resolution removing the deadline for the ratification of the equal rights amendment.</title>
    <version>1.0.0</version>
    <sponsors>
      <item>
        <byRequestType />
        <party>D</party>
        <fullName>Sen. Cardin, Benjamin L. [D-MD]</fullName>
        <bioguideId>C000141</bioguideId>
        <state>MD</state>
        <lastName>CARDIN</lastName>
        <middleName>L.</middleName>
        <firstName>BENJAMIN</firstName>
        <identifiers>
          <lisID>174</lisID>
          <bioguideId>C000141</bioguideId>
          <gpoId>8287</gpoId>
        </identifiers>
      </item>
    </sponsors>
    <notes />
    <createDate>2017-01-18T05:04:58Z</createDate>
    <originChamber>Senate</originChamber>
  </bill>
  <dublinCore xmlns:dc="http://purl.org/dc/elements/1.1/">
    <dc:format>text/xml</dc:format>
    <dc:language>EN</dc:language>
    <dc:rights>Pursuant to Title 17 Section 105 of the United States Code, this file is not subject to copyright protection and is in the public domain.</dc:rights>
    <dc:contributor>Congressional Research Service, Library of Congress</dc:contributor>
    <dc:description>This file contains bill summaries and statuses for federal legislation. A bill summary describes the most significant provisions of a piece of legislation and details the effects the legislative text may have on current law and federal programs. Bill summaries are authored by the Congressional Research Service (CRS) of the Library of Congress. As stated in Public Law 91-510 (2 USC 166 (d)(6)), one of the duties of CRS is "to prepare summaries and digests of bills and resolutions of a public general nature introduced in the Senate or House of Representatives". For more information, refer to the User Guide that accompanies this file.</dc:description>
  </dublinCore>
</billStatus>

