<?xml version="1.0" encoding="UTF-8"?>
<billStatus>
  <bill>
    <amendments />
    <title>A joint resolution to direct the removal of United States Armed Forces from hostilities in the Republic of Yemen that have not been authorized by Congress.</title>
    <sponsors>
      <item>
        <fullName>Sen. Sanders, Bernard [I-VT]</fullName>
        <middleName />
        <firstName>BERNARD</firstName>
        <bioguideId>S000033</bioguideId>
        <party>I</party>
        <state>VT</state>
        <lastName>SANDERS</lastName>
        <identifiers>
          <gpoId>8270</gpoId>
          <lisID>1010</lisID>
          <bioguideId>S000033</bioguideId>
        </identifiers>
        <byRequestType />
      </item>
    </sponsors>
    <cboCostEstimates />
    <laws />
    <version>1.0.0</version>
    <committees>
      <billCommittees>
        <item>
          <type>Standing</type>
          <subcommittees />
          <chamber>Senate</chamber>
          <activities>
            <item>
              <date>2018-02-28T23:03:58Z</date>
              <name>Referred to</name>
            </item>
          </activities>
          <name>Foreign Relations Committee</name>
          <systemCode>ssfr00</systemCode>
        </item>
      </billCommittees>
    </committees>
    <subjects>
      <billSubjects>
        <legislativeSubjects />
      </billSubjects>
    </subjects>
    <cosponsors>
      <item>
        <fullName>Sen. Lee, Mike [R-UT]</fullName>
        <lastName>Lee</lastName>
        <sponsorshipDate>2018-02-28</sponsorshipDate>
        <isOriginalCosponsor>True</isOriginalCosponsor>
        <bioguideId>L000577</bioguideId>
        <party>R</party>
        <middleName />
        <state>UT</state>
        <sponsorshipWithdrawnDate />
        <firstName>Mike</firstName>
        <identifiers>
          <gpoId>8303</gpoId>
          <bioguideId>L000577</bioguideId>
          <lisID>2080</lisID>
        </identifiers>
      </item>
      <item>
        <fullName>Sen. Murphy, Christopher [D-CT]</fullName>
        <lastName>Murphy</lastName>
        <sponsorshipDate>2018-02-28</sponsorshipDate>
        <isOriginalCosponsor>True</isOriginalCosponsor>
        <bioguideId>M001169</bioguideId>
        <party>D</party>
        <middleName />
        <state>CT</state>
        <sponsorshipWithdrawnDate />
        <firstName>Christopher</firstName>
        <identifiers>
          <gpoId>7870</gpoId>
          <lisID>1837</lisID>
          <bioguideId>M001169</bioguideId>
        </identifiers>
      </item>
      <item>
        <fullName>Sen. Booker, Cory A. [D-NJ]</fullName>
        <lastName>Booker</lastName>
        <sponsorshipDate>2018-03-01</sponsorshipDate>
        <isOriginalCosponsor>False</isOriginalCosponsor>
        <bioguideId>B001288</bioguideId>
        <party>D</party>
        <middleName>A.</middleName>
        <state>NJ</state>
        <sponsorshipWithdrawnDate />
        <firstName>Cory</firstName>
        <identifiers>
          <bioguideId>B001288</bioguideId>
          <lisID>2194</lisID>
          <gpoId />
        </identifiers>
      </item>
      <item>
        <fullName>Sen. Durbin, Richard J. [D-IL]</fullName>
        <lastName>DURBIN</lastName>
        <sponsorshipDate>2018-03-01</sponsorshipDate>
        <isOriginalCosponsor>False</isOriginalCosponsor>
        <bioguideId>D000563</bioguideId>
        <party>D</party>
        <middleName>J.</middleName>
        <state>IL</state>
        <sponsorshipWithdrawnDate />
        <firstName>RICHARD</firstName>
        <identifiers>
          <lisID>326</lisID>
          <gpoId>8326</gpoId>
          <bioguideId>D000563</bioguideId>
        </identifiers>
      </item>
      <item>
        <fullName>Sen. Warren, Elizabeth [D-MA]</fullName>
        <lastName>Warren</lastName>
        <sponsorshipDate>2018-03-01</sponsorshipDate>
        <isOriginalCosponsor>False</isOriginalCosponsor>
        <bioguideId>W000817</bioguideId>
        <party>D</party>
        <middleName>A.</middleName>
        <state>MA</state>
        <sponsorshipWithdrawnDate />
        <firstName>Elizabeth</firstName>
        <identifiers>
          <bioguideId>W000817</bioguideId>
          <gpoId />
          <lisID>2182</lisID>
        </identifiers>
      </item>
    </cosponsors>
    <updateDate>2018-03-02T05:47:24Z</updateDate>
    <originChamber>Senate</originChamber>
    <createDate>2018-03-01T05:41:03Z</createDate>
    <recordedVotes />
    <relatedBills />
    <notes />
    <introducedDate>2018-02-28</introducedDate>
    <latestAction>
      <actionDate>2018-02-28</actionDate>
      <text>Read twice and referred to the Committee on Foreign Relations.</text>
      <links />
    </latestAction>
    <calendarNumbers />
    <billNumber>54</billNumber>
    <policyArea />
    <titles>
      <item>
        <titleType>Official Title as Introduced</titleType>
        <chamberCode />
        <parentTitleType />
        <title>A joint resolution to direct the removal of United States Armed Forces from hostilities in the Republic of Yemen that have not been authorized by Congress.</title>
        <chamberName />
      </item>
      <item>
        <titleType>Display Title</titleType>
        <chamberCode />
        <parentTitleType />
        <title>A joint resolution to direct the removal of United States Armed Forces from hostilities in the Republic of Yemen that have not been authorized by Congress.</title>
        <chamberName />
      </item>
    </titles>
    <congress>115</congress>
    <actions>
      <actionByCounts>
        <senate>2</senate>
      </actionByCounts>
      <actionTypeCounts>
        <referredToCommittee>1</referredToCommittee>
        <introducedInSenate>1</introducedInSenate>
      </actionTypeCounts>
      <item>
        <actionDate>2018-02-28</actionDate>
        <committee>
          <name>Foreign Relations Committee</name>
          <systemCode>ssfr00</systemCode>
        </committee>
        <links />
        <sourceSystem>
          <name>Senate</name>
          <code>0</code>
        </sourceSystem>
        <text>Read twice and referred to the Committee on Foreign Relations.</text>
        <type>IntroReferral</type>
      </item>
      <item>
        <type>IntroReferral</type>
        <text>Introduced in Senate</text>
        <sourceSystem>
          <name>Library of Congress</name>
          <code>9</code>
        </sourceSystem>
        <actionCode>10000</actionCode>
        <links />
        <committee />
        <actionDate>2018-02-28</actionDate>
      </item>
    </actions>
    <summaries>
      <billSummaries />
    </summaries>
    <billType>SJRES</billType>
    <committeeReports />
  </bill>
  <dublinCore xmlns:dc="http://purl.org/dc/elements/1.1/">
    <dc:format>text/xml</dc:format>
    <dc:language>EN</dc:language>
    <dc:rights>Pursuant to Title 17 Section 105 of the United States Code, this file is not subject to copyright protection and is in the public domain.</dc:rights>
    <dc:contributor>Congressional Research Service, Library of Congress</dc:contributor>
    <dc:description>This file contains bill summaries and statuses for federal legislation. A bill summary describes the most significant provisions of a piece of legislation and details the effects the legislative text may have on current law and federal programs. Bill summaries are authored by the Congressional Research Service (CRS) of the Library of Congress. As stated in Public Law 91-510 (2 USC 166 (d)(6)), one of the duties of CRS is "to prepare summaries and digests of bills and resolutions of a public general nature introduced in the Senate or House of Representatives". For more information, refer to the User Guide that accompanies this file.</dc:description>
  </dublinCore>
</billStatus>

