<?xml version="1.0" encoding="UTF-8"?>
<billStatus>
  <bill>
    <titles>
      <item>
        <titleType>Official Title as Introduced</titleType>
        <parentTitleType />
        <chamberName />
        <title>A joint resolution providing for congressional disapproval under chapter 8 of title 5, United States Code, of the rule submitted by the Administrator of the Environmental Protection Agency relating to accidental release prevention requirements of risk management programs under the Clean Air Act.</title>
        <chamberCode />
      </item>
      <item>
        <titleType>Display Title</titleType>
        <parentTitleType />
        <chamberName />
        <title>A joint resolution providing for congressional disapproval under chapter 8 of title 5, United States Code, of the rule submitted by the Administrator of the Environmental Protection Agency relating to accidental release prevention requirements of risk management programs under the Clean Air Act.</title>
        <chamberCode />
      </item>
    </titles>
    <committeeReports />
    <sponsors>
      <item>
        <firstName>JIM</firstName>
        <identifiers>
          <lisID>583</lisID>
          <gpoId>8322</gpoId>
          <bioguideId>I000024</bioguideId>
        </identifiers>
        <party>R</party>
        <bioguideId>I000024</bioguideId>
        <lastName>INHOFE</lastName>
        <fullName>Sen. Inhofe, James M. [R-OK]</fullName>
        <byRequestType />
        <middleName />
        <state>OK</state>
      </item>
    </sponsors>
    <title>A joint resolution providing for congressional disapproval under chapter 8 of title 5, United States Code, of the rule submitted by the Administrator of the Environmental Protection Agency relating to accidental release prevention requirements of risk management programs under the Clean Air Act.</title>
    <actions>
      <item>
        <actionDate>2017-03-02</actionDate>
        <committee>
          <systemCode>ssev00</systemCode>
          <name>Environment and Public Works Committee</name>
        </committee>
        <links />
        <sourceSystem>
          <name>Senate</name>
          <code>0</code>
        </sourceSystem>
        <text>Read twice and referred to the Committee on Environment and Public Works.</text>
        <type>IntroReferral</type>
      </item>
      <item>
        <links />
        <actionDate>2017-03-02</actionDate>
        <type>IntroReferral</type>
        <text>Introduced in Senate</text>
        <actionCode>10000</actionCode>
        <sourceSystem>
          <name>Library of Congress</name>
          <code>9</code>
        </sourceSystem>
        <committee />
      </item>
      <actionByCounts>
        <senate>2</senate>
      </actionByCounts>
      <actionTypeCounts>
        <introducedInSenate>1</introducedInSenate>
        <referredToCommittee>1</referredToCommittee>
      </actionTypeCounts>
    </actions>
    <summaries>
      <billSummaries>
        <item>
          <versionCode>00</versionCode>
          <text><![CDATA[<p>This joint resolution nullifies the Environmental Protection Agency's rule entitled, &quot;Accidental Release Prevention Requirements: Risk Management Programs under the Clean Air Act.&quot; The rule addresses safety at facilities that use and distribute hazardous chemicals. It was published on January 13, 2017.</p>]]></text>
          <actionDesc>Introduced in Senate</actionDesc>
          <actionDate>2017-03-02</actionDate>
          <lastSummaryUpdateDate>2017-05-18T15:07:20Z</lastSummaryUpdateDate>
          <name>Introduced in Senate</name>
          <updateDate>2017-03-02T05:00:00Z</updateDate>
        </item>
      </billSummaries>
    </summaries>
    <recordedVotes />
    <billNumber>28</billNumber>
    <calendarNumbers />
    <cosponsors>
      <item>
        <party>R</party>
        <bioguideId>C001056</bioguideId>
        <isOriginalCosponsor>True</isOriginalCosponsor>
        <firstName>John</firstName>
        <middleName />
        <sponsorshipWithdrawnDate />
        <sponsorshipDate>2017-03-02</sponsorshipDate>
        <fullName>Sen. Cornyn, John [R-TX]</fullName>
        <identifiers>
          <lisID>1692</lisID>
          <bioguideId>C001056</bioguideId>
          <gpoId>8295</gpoId>
        </identifiers>
        <lastName>Cornyn</lastName>
        <state>TX</state>
      </item>
      <item>
        <party>R</party>
        <bioguideId>B001261</bioguideId>
        <isOriginalCosponsor>True</isOriginalCosponsor>
        <firstName>John</firstName>
        <middleName />
        <sponsorshipWithdrawnDate />
        <sponsorshipDate>2017-03-02</sponsorshipDate>
        <fullName>Sen. Barrasso, John [R-WY]</fullName>
        <identifiers>
          <lisID>1881</lisID>
          <gpoId>8300</gpoId>
          <bioguideId>B001261</bioguideId>
        </identifiers>
        <lastName>Barrasso</lastName>
        <state>WY</state>
      </item>
      <item>
        <party>R</party>
        <bioguideId>J000293</bioguideId>
        <isOriginalCosponsor>True</isOriginalCosponsor>
        <firstName>Ron</firstName>
        <middleName />
        <sponsorshipWithdrawnDate />
        <sponsorshipDate>2017-03-02</sponsorshipDate>
        <fullName>Sen. Johnson, Ron [R-WI]</fullName>
        <identifiers>
          <lisID>2086</lisID>
          <bioguideId>J000293</bioguideId>
          <gpoId>8355</gpoId>
        </identifiers>
        <lastName>Johnson</lastName>
        <state>WI</state>
      </item>
      <item>
        <party>R</party>
        <bioguideId>M000934</bioguideId>
        <isOriginalCosponsor>True</isOriginalCosponsor>
        <firstName>JERRY</firstName>
        <middleName />
        <sponsorshipWithdrawnDate />
        <sponsorshipDate>2017-03-02</sponsorshipDate>
        <fullName>Sen. Moran, Jerry [R-KS]</fullName>
        <identifiers>
          <bioguideId>M000934</bioguideId>
          <lisID>1507</lisID>
          <gpoId>8307</gpoId>
        </identifiers>
        <lastName>MORAN</lastName>
        <state>KS</state>
      </item>
      <item>
        <party>R</party>
        <bioguideId>F000463</bioguideId>
        <isOriginalCosponsor>True</isOriginalCosponsor>
        <firstName>Deb</firstName>
        <middleName />
        <sponsorshipWithdrawnDate />
        <sponsorshipDate>2017-03-02</sponsorshipDate>
        <fullName>Sen. Fischer, Deb [R-NE]</fullName>
        <identifiers>
          <gpoId />
          <bioguideId>F000463</bioguideId>
          <lisID>2179</lisID>
        </identifiers>
        <lastName>Fischer</lastName>
        <state>NE</state>
      </item>
      <item>
        <party>R</party>
        <bioguideId>C001047</bioguideId>
        <isOriginalCosponsor>False</isOriginalCosponsor>
        <firstName>SHELLEY</firstName>
        <middleName>MOORE</middleName>
        <sponsorshipWithdrawnDate />
        <sponsorshipDate>2017-03-07</sponsorshipDate>
        <fullName>Sen. Capito, Shelley Moore [R-WV]</fullName>
        <identifiers>
          <lisID>1676</lisID>
          <gpoId>8223</gpoId>
          <bioguideId>C001047</bioguideId>
        </identifiers>
        <lastName>CAPITO</lastName>
        <state>WV</state>
      </item>
      <item>
        <party>R</party>
        <bioguideId>K000393</bioguideId>
        <isOriginalCosponsor>False</isOriginalCosponsor>
        <firstName>John</firstName>
        <middleName>Neely</middleName>
        <sponsorshipWithdrawnDate />
        <sponsorshipDate>2017-03-07</sponsorshipDate>
        <fullName>Sen. Kennedy, John [R-LA]</fullName>
        <identifiers>
          <lisID>2303</lisID>
          <bioguideId>K000393</bioguideId>
          <gpoId />
        </identifiers>
        <lastName>Kennedy</lastName>
        <state>LA</state>
      </item>
      <item>
        <party>R</party>
        <bioguideId>S001184</bioguideId>
        <isOriginalCosponsor>False</isOriginalCosponsor>
        <firstName>Tim</firstName>
        <middleName />
        <sponsorshipWithdrawnDate />
        <sponsorshipDate>2017-03-07</sponsorshipDate>
        <fullName>Sen. Scott, Tim [R-SC]</fullName>
        <identifiers>
          <bioguideId>S001184</bioguideId>
          <gpoId>8141</gpoId>
          <lisID>2056</lisID>
        </identifiers>
        <lastName>Scott</lastName>
        <state>SC</state>
      </item>
      <item>
        <party>R</party>
        <bioguideId>E000295</bioguideId>
        <isOriginalCosponsor>False</isOriginalCosponsor>
        <firstName>Joni</firstName>
        <middleName />
        <sponsorshipWithdrawnDate />
        <sponsorshipDate>2017-03-09</sponsorshipDate>
        <fullName>Sen. Ernst, Joni  [R-IA]</fullName>
        <identifiers>
          <bioguideId>E000295</bioguideId>
          <lisID>2283</lisID>
          <gpoId />
        </identifiers>
        <lastName>Ernst</lastName>
        <state>IA</state>
      </item>
      <item>
        <party>R</party>
        <bioguideId>H000338</bioguideId>
        <isOriginalCosponsor>False</isOriginalCosponsor>
        <firstName>ORRIN</firstName>
        <middleName>GRANT</middleName>
        <sponsorshipWithdrawnDate />
        <sponsorshipDate>2017-03-09</sponsorshipDate>
        <fullName>Sen. Hatch, Orrin G. [R-UT]</fullName>
        <identifiers>
          <bioguideId>H000338</bioguideId>
          <lisID>1351</lisID>
          <gpoId>8314</gpoId>
        </identifiers>
        <lastName>HATCH</lastName>
        <state>UT</state>
      </item>
      <item>
        <party>R</party>
        <bioguideId>C000567</bioguideId>
        <isOriginalCosponsor>False</isOriginalCosponsor>
        <firstName>Thad</firstName>
        <middleName />
        <sponsorshipWithdrawnDate />
        <sponsorshipDate>2017-03-09</sponsorshipDate>
        <fullName>Sen. Cochran, Thad [R-MS]</fullName>
        <identifiers>
          <gpoId>8292</gpoId>
          <lisID>213</lisID>
          <bioguideId>C000567</bioguideId>
        </identifiers>
        <lastName>Cochran</lastName>
        <state>MS</state>
      </item>
      <item>
        <party>R</party>
        <bioguideId>R000605</bioguideId>
        <isOriginalCosponsor>False</isOriginalCosponsor>
        <firstName>Mike</firstName>
        <middleName />
        <sponsorshipWithdrawnDate />
        <sponsorshipDate>2017-03-09</sponsorshipDate>
        <fullName>Sen. Rounds, Mike  [R-SD]</fullName>
        <identifiers>
          <lisID>2288</lisID>
          <gpoId />
          <bioguideId>R000605</bioguideId>
        </identifiers>
        <lastName>Rounds</lastName>
        <state>SD</state>
      </item>
      <item>
        <party>R</party>
        <bioguideId>W000437</bioguideId>
        <isOriginalCosponsor>False</isOriginalCosponsor>
        <firstName>ROGER</firstName>
        <middleName>F.</middleName>
        <sponsorshipWithdrawnDate />
        <sponsorshipDate>2017-03-09</sponsorshipDate>
        <fullName>Sen. Wicker, Roger F. [R-MS]</fullName>
        <identifiers>
          <bioguideId>W000437</bioguideId>
          <lisID>1226</lisID>
          <gpoId>8263</gpoId>
        </identifiers>
        <lastName>WICKER</lastName>
        <state>MS</state>
      </item>
      <item>
        <party>R</party>
        <bioguideId>E000285</bioguideId>
        <isOriginalCosponsor>False</isOriginalCosponsor>
        <firstName>MICHAEL</firstName>
        <middleName>B.</middleName>
        <sponsorshipWithdrawnDate />
        <sponsorshipDate>2017-03-14</sponsorshipDate>
        <fullName>Sen. Enzi, Michael B. [R-WY]</fullName>
        <identifiers>
          <bioguideId>E000285</bioguideId>
          <lisID>1542</lisID>
          <gpoId>8328</gpoId>
        </identifiers>
        <lastName>ENZI</lastName>
        <state>WY</state>
      </item>
      <item>
        <party>R</party>
        <bioguideId>B000575</bioguideId>
        <isOriginalCosponsor>False</isOriginalCosponsor>
        <firstName>Roy</firstName>
        <middleName />
        <sponsorshipWithdrawnDate />
        <sponsorshipDate>2017-03-14</sponsorshipDate>
        <fullName>Sen. Blunt, Roy [R-MO]</fullName>
        <identifiers>
          <lisID>1464</lisID>
          <gpoId>8313</gpoId>
          <bioguideId>B000575</bioguideId>
        </identifiers>
        <lastName>Blunt</lastName>
        <state>MO</state>
      </item>
      <item>
        <party>R</party>
        <bioguideId>C001098</bioguideId>
        <isOriginalCosponsor>False</isOriginalCosponsor>
        <firstName>Ted</firstName>
        <middleName />
        <sponsorshipWithdrawnDate />
        <sponsorshipDate>2017-04-05</sponsorshipDate>
        <fullName>Sen. Cruz, Ted [R-TX]</fullName>
        <identifiers>
          <bioguideId>C001098</bioguideId>
          <lisID>2175</lisID>
          <gpoId />
        </identifiers>
        <lastName>Cruz</lastName>
        <state>TX</state>
      </item>
    </cosponsors>
    <version>1.0.0</version>
    <subjects>
      <billSubjects>
        <legislativeSubjects>
          <item>
            <name>Accidents</name>
          </item>
          <item>
            <name>Administrative law and regulatory procedures</name>
          </item>
          <item>
            <name>Air quality</name>
          </item>
          <item>
            <name>Congressional oversight</name>
          </item>
          <item>
            <name>Environmental Protection Agency (EPA)</name>
          </item>
          <item>
            <name>Environmental regulatory procedures</name>
          </item>
          <item>
            <name>Environmental technology</name>
          </item>
          <item>
            <name>Hazardous wastes and toxic substances</name>
          </item>
          <item>
            <name>Industrial facilities</name>
          </item>
          <item>
            <name>Manufacturing</name>
          </item>
        </legislativeSubjects>
        <policyArea>
          <name>Environmental Protection</name>
        </policyArea>
      </billSubjects>
    </subjects>
    <latestAction>
      <text>Read twice and referred to the Committee on Environment and Public Works.</text>
      <links />
      <actionDate>2017-03-02</actionDate>
    </latestAction>
    <originChamber>Senate</originChamber>
    <laws />
    <notes />
    <createDate>2017-03-03T05:11:26Z</createDate>
    <billType>SJRES</billType>
    <updateDate>2018-02-06T16:44:20Z</updateDate>
    <policyArea>
      <name>Environmental Protection</name>
    </policyArea>
    <cboCostEstimates />
    <introducedDate>2017-03-02</introducedDate>
    <amendments />
    <relatedBills>
      <item>
        <type>HJRES</type>
        <latestAction>
          <text>Referred to the Subcommittee on Environment.</text>
          <actionDate>2017-02-03</actionDate>
        </latestAction>
        <latestTitle>Providing for congressional disapproval under chapter 8 of title 5, United States Code, of the rule submitted by the Environmental Protection Agency relating to "Accidental Release Prevention Requirements: Risk Management Programs under the Clean Air Act".</latestTitle>
        <relationshipDetails>
          <item>
            <type>Related bill</type>
            <identifiedBy>CRS</identifiedBy>
          </item>
        </relationshipDetails>
        <congress>115</congress>
        <number>59</number>
      </item>
    </relatedBills>
    <congress>115</congress>
    <committees>
      <billCommittees>
        <item>
          <subcommittees />
          <type>Standing</type>
          <systemCode>ssev00</systemCode>
          <activities>
            <item>
              <name>Referred to</name>
              <date>2017-03-02T20:25:25Z</date>
            </item>
          </activities>
          <name>Environment and Public Works Committee</name>
          <chamber>Senate</chamber>
        </item>
      </billCommittees>
    </committees>
  </bill>
  <dublinCore xmlns:dc="http://purl.org/dc/elements/1.1/">
    <dc:format>text/xml</dc:format>
    <dc:language>EN</dc:language>
    <dc:rights>Pursuant to Title 17 Section 105 of the United States Code, this file is not subject to copyright protection and is in the public domain.</dc:rights>
    <dc:contributor>Congressional Research Service, Library of Congress</dc:contributor>
    <dc:description>This file contains bill summaries and statuses for federal legislation. A bill summary describes the most significant provisions of a piece of legislation and details the effects the legislative text may have on current law and federal programs. Bill summaries are authored by the Congressional Research Service (CRS) of the Library of Congress. As stated in Public Law 91-510 (2 USC 166 (d)(6)), one of the duties of CRS is "to prepare summaries and digests of bills and resolutions of a public general nature introduced in the Senate or House of Representatives". For more information, refer to the User Guide that accompanies this file.</dc:description>
  </dublinCore>
</billStatus>

