<?xml version="1.0" encoding="UTF-8"?>
<billStatus>
  <bill>
    <committeeReports />
    <originChamber>House</originChamber>
    <billNumber>38</billNumber>
    <actions>
      <actionByCounts>
        <senate>7</senate>
        <houseOfRepresentatives>14</houseOfRepresentatives>
      </actionByCounts>
      <item>
        <text>Became Public Law No: 115-5.</text>
        <type>President</type>
        <sourceSystem>
          <name>House floor actions</name>
          <code>2</code>
        </sourceSystem>
        <committee />
        <actionCode>E40000</actionCode>
        <actionDate>2017-02-16</actionDate>
        <links>
          <link>
            <name>Public Law No: 115-5</name>
            <url>https://www.congress.gov/bill/115th-congress/house-joint-resolution/38/text/pl</url>
          </link>
        </links>
      </item>
      <item>
        <text>Became Public Law No: 115-5.</text>
        <type>BecameLaw</type>
        <sourceSystem>
          <name>Library of Congress</name>
          <code>9</code>
        </sourceSystem>
        <committee />
        <actionCode>36000</actionCode>
        <actionDate>2017-02-16</actionDate>
        <links>
          <link>
            <name>Public Law No: 115-5</name>
            <url>https://www.congress.gov/bill/115th-congress/house-joint-resolution/38/text/pl</url>
          </link>
        </links>
      </item>
      <item>
        <text>Signed by President.</text>
        <type>President</type>
        <sourceSystem>
          <name>House floor actions</name>
          <code>2</code>
        </sourceSystem>
        <committee />
        <actionCode>E30000</actionCode>
        <actionDate>2017-02-16</actionDate>
        <links />
      </item>
      <item>
        <text>Signed by President.</text>
        <type>BecameLaw</type>
        <sourceSystem>
          <name>Library of Congress</name>
          <code>9</code>
        </sourceSystem>
        <committee />
        <actionCode>36000</actionCode>
        <actionDate>2017-02-16</actionDate>
        <links />
      </item>
      <item>
        <text>Presented to President.</text>
        <type>Floor</type>
        <sourceSystem>
          <name>House floor actions</name>
          <code>2</code>
        </sourceSystem>
        <committee />
        <actionCode>E20000</actionCode>
        <actionDate>2017-02-06</actionDate>
        <links />
      </item>
      <item>
        <text>Presented to President.</text>
        <type>President</type>
        <sourceSystem>
          <name>Library of Congress</name>
          <code>9</code>
        </sourceSystem>
        <committee />
        <actionCode>28000</actionCode>
        <actionDate>2017-02-06</actionDate>
        <links />
      </item>
      <item>
        <actionDate>2017-02-02</actionDate>
        <committee />
        <links />
        <sourceSystem>
          <name>Senate</name>
          <code>0</code>
        </sourceSystem>
        <text>Message on Senate action sent to the House.</text>
        <type>Floor</type>
      </item>
      <item>
        <actionDate>2017-02-02</actionDate>
        <committee />
        <links>
          <link>
            <name>Record Vote Number: 43</name>
            <url>http://www.senate.gov/legislative/LIS/roll_call_lists/roll_call_vote_cfm.cfm?congress=115&amp;session=1&amp;vote=00043</url>
          </link>
        </links>
        <sourceSystem>
          <name>Senate</name>
          <code>0</code>
        </sourceSystem>
        <text>Passed Senate without amendment by Yea-Nay Vote. 54 - 45. Record Vote Number: 43.</text>
        <type>Floor</type>
      </item>
      <item>
        <text>Passed/agreed to in Senate: Passed Senate without amendment by Yea-Nay Vote. 54 - 45. Record Vote Number: 43.</text>
        <type>Floor</type>
        <sourceSystem>
          <name>Library of Congress</name>
          <code>9</code>
        </sourceSystem>
        <committee />
        <actionCode>17000</actionCode>
        <actionDate>2017-02-02</actionDate>
        <links>
          <link>
            <name>Record Vote Number: 43</name>
            <url>http://www.senate.gov/legislative/LIS/roll_call_lists/roll_call_vote_cfm.cfm?congress=115&amp;session=1&amp;vote=00043</url>
          </link>
        </links>
      </item>
      <item>
        <actionDate>2017-02-02</actionDate>
        <committee />
        <links>
          <link>
            <name>S611-632</name>
            <url>https://www.congress.gov/congressional-record/volume-163/senate-section/page/S611-632</url>
          </link>
        </links>
        <sourceSystem>
          <name>Senate</name>
          <code>0</code>
        </sourceSystem>
        <text>Considered by Senate. (consideration: CR S611-632)</text>
        <type>Floor</type>
      </item>
      <item>
        <actionDate>2017-02-01</actionDate>
        <committee />
        <links>
          <link>
            <name>S562-574</name>
            <url>https://www.congress.gov/congressional-record/volume-163/senate-section/page/S562-574</url>
          </link>
        </links>
        <sourceSystem>
          <name>Senate</name>
          <code>0</code>
        </sourceSystem>
        <text>Measure laid before Senate by motion. (consideration: CR S562-574)</text>
        <type>Floor</type>
      </item>
      <item>
        <actionDate>2017-02-01</actionDate>
        <committee />
        <links>
          <link>
            <name>Record Vote Number: 42</name>
            <url>http://www.senate.gov/legislative/LIS/roll_call_lists/roll_call_vote_cfm.cfm?congress=115&amp;session=1&amp;vote=00042</url>
          </link>
          <link>
            <name>S561-562</name>
            <url>https://www.congress.gov/congressional-record/volume-163/senate-section/page/S561-562</url>
          </link>
        </links>
        <sourceSystem>
          <name>Senate</name>
          <code>0</code>
        </sourceSystem>
        <text>Motion to proceed to consideration of measure agreed to in Senate by Yea-Nay Vote. 56 - 42. Record Vote Number: 42. (consideration: CR S561-562)</text>
        <type>Floor</type>
      </item>
      <item>
        <actionDate>2017-02-01</actionDate>
        <committee />
        <links />
        <sourceSystem>
          <name>Senate</name>
          <code>0</code>
        </sourceSystem>
        <text>Received in the Senate, read twice.</text>
        <type>IntroReferral</type>
      </item>
      <item>
        <text>Motion to reconsider laid on the table Agreed to without objection.</text>
        <type>Floor</type>
        <sourceSystem>
          <name>House floor actions</name>
          <code>2</code>
        </sourceSystem>
        <committee />
        <actionTime>16:51:05</actionTime>
        <actionCode>H38310</actionCode>
        <actionDate>2017-02-01</actionDate>
        <links />
      </item>
      <item>
        <text>On passage Passed by the Yeas and Nays: 228 - 194 (Roll no. 73). (text: CR H840)</text>
        <type>Floor</type>
        <sourceSystem>
          <name>House floor actions</name>
          <code>2</code>
        </sourceSystem>
        <committee />
        <actionTime>16:51:03</actionTime>
        <actionCode>H37100</actionCode>
        <actionDate>2017-02-01</actionDate>
        <links>
          <link>
            <name>H840</name>
            <url>https://www.congress.gov/congressional-record/volume-163/house-section/page/H840</url>
          </link>
          <link>
            <name>Roll no. 73</name>
            <url>http://clerk.house.gov/evs/2017/roll073.xml</url>
          </link>
        </links>
      </item>
      <item>
        <text>Passed/agreed to in House: On passage Passed by the Yeas and Nays: 228 - 194 (Roll no. 73).(text: CR H840)</text>
        <type>Floor</type>
        <sourceSystem>
          <name>Library of Congress</name>
          <code>9</code>
        </sourceSystem>
        <committee />
        <actionTime>16:51:03</actionTime>
        <actionCode>8000</actionCode>
        <actionDate>2017-02-01</actionDate>
        <links>
          <link>
            <name>H840</name>
            <url>https://www.congress.gov/congressional-record/volume-163/house-section/page/H840</url>
          </link>
          <link>
            <name>Roll no. 73</name>
            <url>http://clerk.house.gov/evs/2017/roll073.xml</url>
          </link>
        </links>
      </item>
      <item>
        <text>Considered as unfinished business. (consideration: CR H859)</text>
        <type>Floor</type>
        <sourceSystem>
          <name>House floor actions</name>
          <code>2</code>
        </sourceSystem>
        <committee />
        <actionTime>16:44:22</actionTime>
        <actionCode>H30000</actionCode>
        <actionDate>2017-02-01</actionDate>
        <links>
          <link>
            <name>H859</name>
            <url>https://www.congress.gov/congressional-record/volume-163/house-section/page/H859</url>
          </link>
        </links>
      </item>
      <item>
        <text>POSTPONED PROCEEDINGS - At the conclusion of debate on H.J.Res. 38, the Chair put the question on passage and by voice vote, announced that the ayes had prevailed. Mr. Grijalva demanded the yeas and nays and the Chair postponed further proceedings on passage until a time to be announced.</text>
        <type>Floor</type>
        <sourceSystem>
          <name>House floor actions</name>
          <code>2</code>
        </sourceSystem>
        <committee />
        <actionTime>15:07:37</actionTime>
        <actionCode>H8D000</actionCode>
        <actionDate>2017-02-01</actionDate>
        <links>
          <link>
            <name>H.J.Res. 38</name>
            <url>https://www.congress.gov/bill/115th-congress/house-joint-resolution/38</url>
          </link>
        </links>
      </item>
      <item>
        <text>The previous question was ordered pursuant to the rule. (consideration: CR H848)</text>
        <type>Floor</type>
        <sourceSystem>
          <name>House floor actions</name>
          <code>2</code>
        </sourceSystem>
        <committee />
        <actionTime>15:07:09</actionTime>
        <actionCode>H35000</actionCode>
        <actionDate>2017-02-01</actionDate>
        <links>
          <link>
            <name>H848</name>
            <url>https://www.congress.gov/congressional-record/volume-163/house-section/page/H848</url>
          </link>
        </links>
      </item>
      <item>
        <text>DEBATE - The House proceeded with one hour of debate on H.J. Res. 38.</text>
        <type>Floor</type>
        <sourceSystem>
          <name>House floor actions</name>
          <code>2</code>
        </sourceSystem>
        <committee />
        <actionTime>13:55:21</actionTime>
        <actionCode>H8D000</actionCode>
        <actionDate>2017-02-01</actionDate>
        <links>
          <link>
            <name>H.J. Res. 38</name>
            <url>https://www.congress.gov/bill/115th-congress/house-joint-resolution/38</url>
          </link>
        </links>
      </item>
      <item>
        <text>Rule provides for consideration of H.J. Res. 38 with 1 hour of general debate. Previous question shall be considered as ordered without intervening motions except motion to recommit.</text>
        <type>Floor</type>
        <sourceSystem>
          <name>House floor actions</name>
          <code>2</code>
        </sourceSystem>
        <committee />
        <actionTime>13:55:06</actionTime>
        <actionCode>H8D000</actionCode>
        <actionDate>2017-02-01</actionDate>
        <links>
          <link>
            <name>H.J. Res. 38</name>
            <url>https://www.congress.gov/bill/115th-congress/house-joint-resolution/38</url>
          </link>
        </links>
      </item>
      <item>
        <text>Considered under the provisions of rule H. Res. 70. (consideration: CR H840-848)</text>
        <type>Floor</type>
        <sourceSystem>
          <name>House floor actions</name>
          <code>2</code>
        </sourceSystem>
        <committee />
        <actionTime>13:55:01</actionTime>
        <actionCode>H30000</actionCode>
        <actionDate>2017-02-01</actionDate>
        <links>
          <link>
            <name>H. Res. 70</name>
            <url>https://www.congress.gov/bill/115th-congress/house-resolution/70</url>
          </link>
          <link>
            <name>H840-848</name>
            <url>https://www.congress.gov/congressional-record/volume-163/house-section/page/H840-848</url>
          </link>
        </links>
      </item>
      <item>
        <text>Rule H. Res. 70 passed House.</text>
        <type>Floor</type>
        <sourceSystem>
          <name>House floor actions</name>
          <code>2</code>
        </sourceSystem>
        <committee />
        <actionTime>17:26:17</actionTime>
        <actionCode>H1L220</actionCode>
        <actionDate>2017-01-31</actionDate>
        <links>
          <link>
            <name>H. Res. 70</name>
            <url>https://www.congress.gov/bill/115th-congress/house-resolution/70</url>
          </link>
        </links>
      </item>
      <item>
        <text>Rules Committee Resolution H. Res. 70 Reported to House. Rule provides for consideration of H.J. Res. 38 with 1 hour of general debate. Previous question shall be considered as ordered without intervening motions except motion to recommit.</text>
        <type>Floor</type>
        <sourceSystem>
          <name>House floor actions</name>
          <code>2</code>
        </sourceSystem>
        <committee />
        <actionTime>18:39:44</actionTime>
        <actionCode>H1L210</actionCode>
        <actionDate>2017-01-30</actionDate>
        <links>
          <link>
            <name>H. Res. 70</name>
            <url>https://www.congress.gov/bill/115th-congress/house-resolution/70</url>
          </link>
          <link>
            <name>H.J. Res. 38</name>
            <url>https://www.congress.gov/bill/115th-congress/house-joint-resolution/38</url>
          </link>
        </links>
      </item>
      <item>
        <text>Referred to the House Committee on Natural Resources.</text>
        <type>IntroReferral</type>
        <sourceSystem>
          <name>House floor actions</name>
          <code>2</code>
        </sourceSystem>
        <committee>
          <name>Natural Resources Committee</name>
          <systemCode>hsii00</systemCode>
        </committee>
        <actionCode>H11100</actionCode>
        <actionDate>2017-01-30</actionDate>
        <links />
      </item>
      <item>
        <text>Introduced in House</text>
        <type>IntroReferral</type>
        <sourceSystem>
          <name>Library of Congress</name>
          <code>9</code>
        </sourceSystem>
        <committee />
        <actionCode>Intro-H</actionCode>
        <actionDate>2017-01-30</actionDate>
        <links />
      </item>
      <item>
        <text>Introduced in House</text>
        <type>IntroReferral</type>
        <sourceSystem>
          <name>Library of Congress</name>
          <code>9</code>
        </sourceSystem>
        <committee />
        <actionCode>1000</actionCode>
        <actionDate>2017-01-30</actionDate>
        <links />
      </item>
      <actionTypeCounts>
        <motionToReconsiderResults>1</motionToReconsiderResults>
        <presentedToPresident>1</presentedToPresident>
        <sentToHouse>1</sentToHouse>
        <passedAgreedToInSenate>1</passedAgreedToInSenate>
        <generalDebate>3</generalDebate>
        <placeholderTextForHL>1</placeholderTextForHL>
        <consideredBySenate>1</consideredBySenate>
        <introducedInTheHouse>1</introducedInTheHouse>
        <motionForPreviousQuestion>1</motionForPreviousQuestion>
        <introducedInSenate>1</introducedInSenate>
        <introducedInHouse>1</introducedInHouse>
        <motionToConsider>1</motionToConsider>
        <measureLaidBeforeSenate>1</measureLaidBeforeSenate>
        <passageOfAMeasure>1</passageOfAMeasure>
        <ruleForConsiderationOfBillReportedToHouse>1</ruleForConsiderationOfBillReportedToHouse>
        <considerationByHouse>2</considerationByHouse>
        <passedAgreedToInHouse>1</passedAgreedToInHouse>
        <billReferrals>1</billReferrals>
        <becamePublicLaw>2</becamePublicLaw>
        <passedSenate>1</passedSenate>
        <placeholderTextForE>3</placeholderTextForE>
      </actionTypeCounts>
    </actions>
    <calendarNumbers />
    <updateDate>2018-02-06T16:40:08Z</updateDate>
    <cosponsors>
      <item>
        <isOriginalCosponsor>True</isOriginalCosponsor>
        <firstName>Evan</firstName>
        <party>R</party>
        <sponsorshipDate>2017-01-30</sponsorshipDate>
        <lastName>Jenkins</lastName>
        <bioguideId>J000297</bioguideId>
        <middleName>H.</middleName>
        <identifiers>
          <gpoId />
          <bioguideId>J000297</bioguideId>
          <lisID>2278</lisID>
        </identifiers>
        <fullName>Rep. Jenkins, Evan H. [R-WV-3]</fullName>
        <state>WV</state>
        <district>3</district>
        <sponsorshipWithdrawnDate />
      </item>
      <item>
        <isOriginalCosponsor>True</isOriginalCosponsor>
        <firstName>David</firstName>
        <party>R</party>
        <sponsorshipDate>2017-01-30</sponsorshipDate>
        <lastName>McKinley</lastName>
        <bioguideId>M001180</bioguideId>
        <middleName>B.</middleName>
        <identifiers>
          <bioguideId>M001180</bioguideId>
          <lisID>2074</lisID>
          <gpoId>8222</gpoId>
        </identifiers>
        <fullName>Rep. McKinley, David B. [R-WV-1]</fullName>
        <state>WV</state>
        <district>1</district>
        <sponsorshipWithdrawnDate />
      </item>
      <item>
        <isOriginalCosponsor>True</isOriginalCosponsor>
        <firstName>Tom</firstName>
        <party>R</party>
        <sponsorshipDate>2017-01-30</sponsorshipDate>
        <lastName>Marino</lastName>
        <bioguideId>M001179</bioguideId>
        <middleName />
        <identifiers>
          <lisID>2053</lisID>
          <bioguideId>M001179</bioguideId>
          <gpoId>8128</gpoId>
        </identifiers>
        <fullName>Rep. Marino, Tom [R-PA-10]</fullName>
        <state>PA</state>
        <district>10</district>
        <sponsorshipWithdrawnDate />
      </item>
      <item>
        <isOriginalCosponsor>True</isOriginalCosponsor>
        <firstName>Clay</firstName>
        <party>R</party>
        <sponsorshipDate>2017-01-30</sponsorshipDate>
        <lastName>Higgins</lastName>
        <bioguideId>H001077</bioguideId>
        <middleName />
        <identifiers>
          <bioguideId>H001077</bioguideId>
          <gpoId />
          <lisID>2329</lisID>
        </identifiers>
        <fullName>Rep. Higgins, Clay [R-LA-3]</fullName>
        <state>LA</state>
        <district>3</district>
        <sponsorshipWithdrawnDate />
      </item>
      <item>
        <isOriginalCosponsor>True</isOriginalCosponsor>
        <firstName>Bruce</firstName>
        <party>R</party>
        <sponsorshipDate>2017-01-30</sponsorshipDate>
        <lastName>Westerman</lastName>
        <bioguideId>W000821</bioguideId>
        <middleName />
        <identifiers>
          <lisID>2224</lisID>
          <bioguideId>W000821</bioguideId>
          <gpoId />
        </identifiers>
        <fullName>Rep. Westerman, Bruce [R-AR-4]</fullName>
        <state>AR</state>
        <district>4</district>
        <sponsorshipWithdrawnDate />
      </item>
      <item>
        <isOriginalCosponsor>True</isOriginalCosponsor>
        <firstName>Glenn</firstName>
        <party>R</party>
        <sponsorshipDate>2017-01-30</sponsorshipDate>
        <lastName>Thompson</lastName>
        <bioguideId>T000467</bioguideId>
        <middleName />
        <identifiers>
          <gpoId>8123</gpoId>
          <bioguideId>T000467</bioguideId>
          <lisID>1952</lisID>
        </identifiers>
        <fullName>Rep. Thompson, Glenn [R-PA-5]</fullName>
        <state>PA</state>
        <district>5</district>
        <sponsorshipWithdrawnDate />
      </item>
      <item>
        <isOriginalCosponsor>True</isOriginalCosponsor>
        <firstName>Bill</firstName>
        <party>R</party>
        <sponsorshipDate>2017-01-30</sponsorshipDate>
        <lastName>Shuster</lastName>
        <bioguideId>S001154</bioguideId>
        <middleName />
        <identifiers>
          <gpoId>8127</gpoId>
          <bioguideId>S001154</bioguideId>
          <lisID>1681</lisID>
        </identifiers>
        <fullName>Rep. Shuster, Bill [R-PA-9]</fullName>
        <state>PA</state>
        <district>9</district>
        <sponsorshipWithdrawnDate />
      </item>
      <item>
        <isOriginalCosponsor>True</isOriginalCosponsor>
        <firstName>Roger</firstName>
        <party>R</party>
        <sponsorshipDate>2017-01-30</sponsorshipDate>
        <lastName>Williams</lastName>
        <bioguideId>W000816</bioguideId>
        <middleName />
        <identifiers>
          <lisID>2165</lisID>
          <gpoId />
          <bioguideId>W000816</bioguideId>
        </identifiers>
        <fullName>Rep. Williams, Roger [R-TX-25]</fullName>
        <state>TX</state>
        <district>25</district>
        <sponsorshipWithdrawnDate />
      </item>
      <item>
        <isOriginalCosponsor>True</isOriginalCosponsor>
        <firstName>Mark</firstName>
        <party>R</party>
        <sponsorshipDate>2017-01-30</sponsorshipDate>
        <lastName>Amodei</lastName>
        <bioguideId>A000369</bioguideId>
        <middleName>E.</middleName>
        <identifiers>
          <lisID>2090</lisID>
          <gpoId>8366</gpoId>
          <bioguideId>A000369</bioguideId>
        </identifiers>
        <fullName>Rep. Amodei, Mark E. [R-NV-2]</fullName>
        <state>NV</state>
        <district>2</district>
        <sponsorshipWithdrawnDate />
      </item>
      <item>
        <isOriginalCosponsor>True</isOriginalCosponsor>
        <firstName>Mike</firstName>
        <party>R</party>
        <sponsorshipDate>2017-01-30</sponsorshipDate>
        <lastName>Kelly</lastName>
        <bioguideId>K000376</bioguideId>
        <middleName />
        <identifiers>
          <gpoId>8708</gpoId>
          <bioguideId>K000376</bioguideId>
          <lisID>2051</lisID>
        </identifiers>
        <fullName>Rep. Kelly, Mike [R-PA-3]</fullName>
        <state>PA</state>
        <district>3</district>
        <sponsorshipWithdrawnDate />
      </item>
      <item>
        <isOriginalCosponsor>True</isOriginalCosponsor>
        <firstName>Larry</firstName>
        <party>R</party>
        <sponsorshipDate>2017-01-30</sponsorshipDate>
        <lastName>Bucshon</lastName>
        <bioguideId>B001275</bioguideId>
        <middleName />
        <identifiers>
          <lisID>2018</lisID>
          <gpoId>7947</gpoId>
          <bioguideId>B001275</bioguideId>
        </identifiers>
        <fullName>Rep. Bucshon, Larry [R-IN-8]</fullName>
        <state>IN</state>
        <district>8</district>
        <sponsorshipWithdrawnDate />
      </item>
      <item>
        <isOriginalCosponsor>True</isOriginalCosponsor>
        <firstName>Andy</firstName>
        <party>R</party>
        <sponsorshipDate>2017-01-30</sponsorshipDate>
        <lastName>Barr</lastName>
        <bioguideId>B001282</bioguideId>
        <middleName />
        <identifiers>
          <lisID>2131</lisID>
          <bioguideId>B001282</bioguideId>
          <gpoId />
        </identifiers>
        <fullName>Rep. Barr, Andy [R-KY-6]</fullName>
        <state>KY</state>
        <district>6</district>
        <sponsorshipWithdrawnDate />
      </item>
      <item>
        <isOriginalCosponsor>True</isOriginalCosponsor>
        <firstName>H.</firstName>
        <party>R</party>
        <sponsorshipDate>2017-01-30</sponsorshipDate>
        <lastName>Griffith</lastName>
        <bioguideId>G000568</bioguideId>
        <middleName>Morgan</middleName>
        <identifiers>
          <bioguideId>G000568</bioguideId>
          <lisID>2070</lisID>
          <gpoId>8200</gpoId>
        </identifiers>
        <fullName>Rep. Griffith, H. Morgan [R-VA-9]</fullName>
        <state>VA</state>
        <district>9</district>
        <sponsorshipWithdrawnDate />
      </item>
      <item>
        <isOriginalCosponsor>True</isOriginalCosponsor>
        <firstName>Darin</firstName>
        <party>R</party>
        <sponsorshipDate>2017-01-30</sponsorshipDate>
        <lastName>LaHood</lastName>
        <bioguideId>L000585</bioguideId>
        <middleName />
        <identifiers>
          <lisID>2295</lisID>
          <bioguideId>L000585</bioguideId>
          <gpoId />
        </identifiers>
        <fullName>Rep. LaHood, Darin [R-IL-18]</fullName>
        <state>IL</state>
        <district>18</district>
        <sponsorshipWithdrawnDate />
      </item>
      <item>
        <isOriginalCosponsor>True</isOriginalCosponsor>
        <firstName>Rodney</firstName>
        <party>R</party>
        <sponsorshipDate>2017-01-30</sponsorshipDate>
        <lastName>Davis</lastName>
        <bioguideId>D000619</bioguideId>
        <middleName />
        <identifiers>
          <lisID>2126</lisID>
          <gpoId />
          <bioguideId>D000619</bioguideId>
        </identifiers>
        <fullName>Rep. Davis, Rodney [R-IL-13]</fullName>
        <state>IL</state>
        <district>13</district>
        <sponsorshipWithdrawnDate />
      </item>
      <item>
        <isOriginalCosponsor>True</isOriginalCosponsor>
        <firstName>James</firstName>
        <party>R</party>
        <sponsorshipDate>2017-01-30</sponsorshipDate>
        <lastName>Renacci</lastName>
        <bioguideId>R000586</bioguideId>
        <middleName>B.</middleName>
        <identifiers>
          <lisID>2048</lisID>
          <gpoId>8106</gpoId>
          <bioguideId>R000586</bioguideId>
        </identifiers>
        <fullName>Rep. Renacci, James B. [R-OH-16]</fullName>
        <state>OH</state>
        <district>16</district>
        <sponsorshipWithdrawnDate />
      </item>
      <item>
        <isOriginalCosponsor>True</isOriginalCosponsor>
        <firstName>Scott</firstName>
        <party>R</party>
        <sponsorshipDate>2017-01-30</sponsorshipDate>
        <lastName>Perry</lastName>
        <bioguideId>P000605</bioguideId>
        <middleName />
        <identifiers>
          <gpoId />
          <bioguideId>P000605</bioguideId>
          <lisID>2157</lisID>
        </identifiers>
        <fullName>Rep. Perry, Scott [R-PA-4]</fullName>
        <state>PA</state>
        <district>4</district>
        <sponsorshipWithdrawnDate />
      </item>
      <item>
        <isOriginalCosponsor>True</isOriginalCosponsor>
        <firstName>Rob</firstName>
        <party>R</party>
        <sponsorshipDate>2017-01-30</sponsorshipDate>
        <lastName>Bishop</lastName>
        <bioguideId>B001250</bioguideId>
        <middleName />
        <identifiers>
          <bioguideId>B001250</bioguideId>
          <lisID>1753</lisID>
          <gpoId>8189</gpoId>
        </identifiers>
        <fullName>Rep. Bishop, Rob [R-UT-1]</fullName>
        <state>UT</state>
        <district>1</district>
        <sponsorshipWithdrawnDate />
      </item>
      <item>
        <isOriginalCosponsor>True</isOriginalCosponsor>
        <firstName>Keith</firstName>
        <party>R</party>
        <sponsorshipDate>2017-01-30</sponsorshipDate>
        <lastName>Rothfus</lastName>
        <bioguideId>R000598</bioguideId>
        <middleName>J.</middleName>
        <identifiers>
          <lisID>2158</lisID>
          <gpoId />
          <bioguideId>R000598</bioguideId>
        </identifiers>
        <fullName>Rep. Rothfus, Keith J. [R-PA-12]</fullName>
        <state>PA</state>
        <district>12</district>
        <sponsorshipWithdrawnDate />
      </item>
      <item>
        <isOriginalCosponsor>True</isOriginalCosponsor>
        <firstName>Steve</firstName>
        <party>R</party>
        <sponsorshipDate>2017-01-30</sponsorshipDate>
        <lastName>Stivers</lastName>
        <bioguideId>S001187</bioguideId>
        <middleName />
        <identifiers>
          <lisID>2047</lisID>
          <gpoId>8105</gpoId>
          <bioguideId>S001187</bioguideId>
        </identifiers>
        <fullName>Rep. Stivers, Steve [R-OH-15]</fullName>
        <state>OH</state>
        <district>15</district>
        <sponsorshipWithdrawnDate />
      </item>
      <item>
        <isOriginalCosponsor>True</isOriginalCosponsor>
        <firstName>Lou</firstName>
        <party>R</party>
        <sponsorshipDate>2017-01-30</sponsorshipDate>
        <lastName>Barletta</lastName>
        <bioguideId>B001269</bioguideId>
        <middleName />
        <identifiers>
          <bioguideId>B001269</bioguideId>
          <gpoId>8129</gpoId>
          <lisID>2054</lisID>
        </identifiers>
        <fullName>Rep. Barletta, Lou [R-PA-11]</fullName>
        <state>PA</state>
        <district>11</district>
        <sponsorshipWithdrawnDate />
      </item>
      <item>
        <isOriginalCosponsor>True</isOriginalCosponsor>
        <firstName>Bob</firstName>
        <party>R</party>
        <sponsorshipDate>2017-01-30</sponsorshipDate>
        <lastName>Gibbs</lastName>
        <bioguideId>G000563</bioguideId>
        <middleName />
        <identifiers>
          <gpoId>8108</gpoId>
          <lisID>2049</lisID>
          <bioguideId>G000563</bioguideId>
        </identifiers>
        <fullName>Rep. Gibbs, Bob [R-OH-7]</fullName>
        <state>OH</state>
        <district>7</district>
        <sponsorshipWithdrawnDate />
      </item>
      <item>
        <isOriginalCosponsor>True</isOriginalCosponsor>
        <firstName>Kevin</firstName>
        <party>R</party>
        <sponsorshipDate>2017-01-30</sponsorshipDate>
        <lastName>Cramer</lastName>
        <bioguideId>C001096</bioguideId>
        <middleName />
        <identifiers>
          <lisID>2144</lisID>
          <gpoId />
          <bioguideId>C001096</bioguideId>
        </identifiers>
        <fullName>Rep. Cramer, Kevin [R-ND-At Large]</fullName>
        <state>ND</state>
        <district>0</district>
        <sponsorshipWithdrawnDate />
      </item>
      <item>
        <isOriginalCosponsor>True</isOriginalCosponsor>
        <firstName>David</firstName>
        <party>R</party>
        <sponsorshipDate>2017-01-30</sponsorshipDate>
        <lastName>Joyce</lastName>
        <bioguideId>J000295</bioguideId>
        <middleName>P.</middleName>
        <identifiers>
          <lisID>2154</lisID>
          <bioguideId>J000295</bioguideId>
          <gpoId />
        </identifiers>
        <fullName>Rep. Joyce, David P. [R-OH-14]</fullName>
        <state>OH</state>
        <district>14</district>
        <sponsorshipWithdrawnDate />
      </item>
      <item>
        <isOriginalCosponsor>True</isOriginalCosponsor>
        <firstName>Brad</firstName>
        <party>R</party>
        <sponsorshipDate>2017-01-30</sponsorshipDate>
        <lastName>Wenstrup</lastName>
        <bioguideId>W000815</bioguideId>
        <middleName>R.</middleName>
        <identifiers>
          <lisID>2152</lisID>
          <bioguideId>W000815</bioguideId>
          <gpoId />
        </identifiers>
        <fullName>Rep. Wenstrup, Brad R. [R-OH-2]</fullName>
        <state>OH</state>
        <district>2</district>
        <sponsorshipWithdrawnDate />
      </item>
      <item>
        <isOriginalCosponsor>True</isOriginalCosponsor>
        <firstName>Paul</firstName>
        <party>R</party>
        <sponsorshipDate>2017-01-30</sponsorshipDate>
        <lastName>Gosar</lastName>
        <bioguideId>G000565</bioguideId>
        <middleName>A.</middleName>
        <identifiers>
          <bioguideId>G000565</bioguideId>
          <gpoId>7798</gpoId>
          <lisID>1992</lisID>
        </identifiers>
        <fullName>Rep. Gosar, Paul A. [R-AZ-4]</fullName>
        <state>AZ</state>
        <district>4</district>
        <sponsorshipWithdrawnDate />
      </item>
      <item>
        <isOriginalCosponsor>True</isOriginalCosponsor>
        <firstName>HAROLD</firstName>
        <party>R</party>
        <sponsorshipDate>2017-01-30</sponsorshipDate>
        <lastName>ROGERS</lastName>
        <bioguideId>R000395</bioguideId>
        <middleName />
        <identifiers>
          <lisID>977</lisID>
          <gpoId>7957</gpoId>
          <bioguideId>R000395</bioguideId>
        </identifiers>
        <fullName>Rep. Rogers, Harold [R-KY-5]</fullName>
        <state>KY</state>
        <district>5</district>
        <sponsorshipWithdrawnDate />
      </item>
      <item>
        <isOriginalCosponsor>True</isOriginalCosponsor>
        <firstName>PATRICK</firstName>
        <party>R</party>
        <sponsorshipDate>2017-01-30</sponsorshipDate>
        <lastName>TIBERI</lastName>
        <bioguideId>T000462</bioguideId>
        <middleName>J.</middleName>
        <identifiers>
          <gpoId>8102</gpoId>
          <lisID>1664</lisID>
          <bioguideId>T000462</bioguideId>
        </identifiers>
        <fullName>Rep. Tiberi, Patrick J. [R-OH-12]</fullName>
        <state>OH</state>
        <district>12</district>
        <sponsorshipWithdrawnDate />
      </item>
      <item>
        <isOriginalCosponsor>True</isOriginalCosponsor>
        <firstName>Brett</firstName>
        <party>R</party>
        <sponsorshipDate>2017-01-30</sponsorshipDate>
        <lastName>Guthrie</lastName>
        <bioguideId>G000558</bioguideId>
        <middleName />
        <identifiers>
          <bioguideId>G000558</bioguideId>
          <gpoId>7954</gpoId>
          <lisID>1922</lisID>
        </identifiers>
        <fullName>Rep. Guthrie, Brett [R-KY-2]</fullName>
        <state>KY</state>
        <district>2</district>
        <sponsorshipWithdrawnDate />
      </item>
      <item>
        <isOriginalCosponsor>True</isOriginalCosponsor>
        <firstName>Robert</firstName>
        <party>R</party>
        <sponsorshipDate>2017-01-30</sponsorshipDate>
        <lastName>Latta</lastName>
        <bioguideId>L000566</bioguideId>
        <middleName>E.</middleName>
        <identifiers>
          <lisID>1885</lisID>
          <bioguideId>L000566</bioguideId>
          <gpoId>8095</gpoId>
        </identifiers>
        <fullName>Rep. Latta, Robert E. [R-OH-5]</fullName>
        <state>OH</state>
        <district>5</district>
        <sponsorshipWithdrawnDate />
      </item>
      <item>
        <isOriginalCosponsor>True</isOriginalCosponsor>
        <firstName>Todd</firstName>
        <party>R</party>
        <sponsorshipDate>2017-01-30</sponsorshipDate>
        <lastName>Rokita</lastName>
        <bioguideId>R000592</bioguideId>
        <middleName />
        <identifiers>
          <lisID>2017</lisID>
          <gpoId>7943</gpoId>
          <bioguideId>R000592</bioguideId>
        </identifiers>
        <fullName>Rep. Rokita, Todd [R-IN-4]</fullName>
        <state>IN</state>
        <district>4</district>
        <sponsorshipWithdrawnDate />
      </item>
      <item>
        <isOriginalCosponsor>True</isOriginalCosponsor>
        <firstName>JOHN</firstName>
        <party>R</party>
        <sponsorshipDate>2017-01-30</sponsorshipDate>
        <lastName>SHIMKUS</lastName>
        <bioguideId>S000364</bioguideId>
        <middleName>M.</middleName>
        <identifiers>
          <lisID>1527</lisID>
          <bioguideId>S000364</bioguideId>
          <gpoId>7939</gpoId>
        </identifiers>
        <fullName>Rep. Shimkus, John [R-IL-15]</fullName>
        <state>IL</state>
        <district>15</district>
        <sponsorshipWithdrawnDate />
      </item>
      <item>
        <isOriginalCosponsor>True</isOriginalCosponsor>
        <firstName>David</firstName>
        <party>R</party>
        <sponsorshipDate>2017-01-30</sponsorshipDate>
        <lastName>Roe</lastName>
        <bioguideId>R000582</bioguideId>
        <middleName>P.</middleName>
        <identifiers>
          <lisID>1954</lisID>
          <gpoId>8148</gpoId>
          <bioguideId>R000582</bioguideId>
        </identifiers>
        <fullName>Rep. Roe, David P. [R-TN-1]</fullName>
        <state>TN</state>
        <district>1</district>
        <sponsorshipWithdrawnDate />
      </item>
      <item>
        <isOriginalCosponsor>True</isOriginalCosponsor>
        <firstName>Alexander</firstName>
        <party>R</party>
        <sponsorshipDate>2017-01-30</sponsorshipDate>
        <lastName>Mooney</lastName>
        <bioguideId>M001195</bioguideId>
        <middleName>X.</middleName>
        <identifiers>
          <lisID>2277</lisID>
          <bioguideId>M001195</bioguideId>
          <gpoId />
        </identifiers>
        <fullName>Rep. Mooney, Alexander X. [R-WV-2]</fullName>
        <state>WV</state>
        <district>2</district>
        <sponsorshipWithdrawnDate />
      </item>
      <item>
        <isOriginalCosponsor>True</isOriginalCosponsor>
        <firstName>Jim</firstName>
        <party>R</party>
        <sponsorshipDate>2017-01-30</sponsorshipDate>
        <lastName>Jordan</lastName>
        <bioguideId>J000289</bioguideId>
        <middleName />
        <identifiers>
          <gpoId>8094</gpoId>
          <bioguideId>J000289</bioguideId>
          <lisID>1868</lisID>
        </identifiers>
        <fullName>Rep. Jordan, Jim [R-OH-4]</fullName>
        <state>OH</state>
        <district>4</district>
        <sponsorshipWithdrawnDate />
      </item>
      <item>
        <isOriginalCosponsor>True</isOriginalCosponsor>
        <firstName>Bill</firstName>
        <party>R</party>
        <sponsorshipDate>2017-01-30</sponsorshipDate>
        <lastName>Flores</lastName>
        <bioguideId>F000461</bioguideId>
        <middleName />
        <identifiers>
          <lisID>2065</lisID>
          <gpoId>8173</gpoId>
          <bioguideId>F000461</bioguideId>
        </identifiers>
        <fullName>Rep. Flores, Bill [R-TX-17]</fullName>
        <state>TX</state>
        <district>17</district>
        <sponsorshipWithdrawnDate />
      </item>
      <item>
        <isOriginalCosponsor>True</isOriginalCosponsor>
        <firstName>Pete</firstName>
        <party>R</party>
        <sponsorshipDate>2017-01-30</sponsorshipDate>
        <lastName>Olson</lastName>
        <bioguideId>O000168</bioguideId>
        <middleName />
        <identifiers>
          <gpoId>8178</gpoId>
          <lisID>1955</lisID>
          <bioguideId>O000168</bioguideId>
        </identifiers>
        <fullName>Rep. Olson, Pete [R-TX-22]</fullName>
        <state>TX</state>
        <district>22</district>
        <sponsorshipWithdrawnDate />
      </item>
      <item>
        <isOriginalCosponsor>True</isOriginalCosponsor>
        <firstName>Mike</firstName>
        <party>R</party>
        <sponsorshipDate>2017-01-30</sponsorshipDate>
        <lastName>Bost</lastName>
        <bioguideId>B001295</bioguideId>
        <middleName />
        <identifiers>
          <bioguideId>B001295</bioguideId>
          <lisID>2243</lisID>
          <gpoId />
        </identifiers>
        <fullName>Rep. Bost, Mike [R-IL-12]</fullName>
        <state>IL</state>
        <district>12</district>
        <sponsorshipWithdrawnDate />
      </item>
      <item>
        <isOriginalCosponsor>True</isOriginalCosponsor>
        <firstName>Scott</firstName>
        <party>R</party>
        <sponsorshipDate>2017-01-30</sponsorshipDate>
        <lastName>Tipton</lastName>
        <bioguideId>T000470</bioguideId>
        <middleName>R.</middleName>
        <identifiers>
          <lisID>1997</lisID>
          <bioguideId>T000470</bioguideId>
          <gpoId>7861</gpoId>
        </identifiers>
        <fullName>Rep. Tipton, Scott  R. [R-CO-3]</fullName>
        <state>CO</state>
        <district>3</district>
        <sponsorshipWithdrawnDate />
      </item>
      <item>
        <isOriginalCosponsor>True</isOriginalCosponsor>
        <firstName>Jeff</firstName>
        <party>R</party>
        <sponsorshipDate>2017-01-30</sponsorshipDate>
        <lastName>Duncan</lastName>
        <bioguideId>D000615</bioguideId>
        <middleName />
        <identifiers>
          <lisID>2057</lisID>
          <gpoId>8143</gpoId>
          <bioguideId>D000615</bioguideId>
        </identifiers>
        <fullName>Rep. Duncan, Jeff [R-SC-3]</fullName>
        <state>SC</state>
        <district>3</district>
        <sponsorshipWithdrawnDate />
      </item>
      <item>
        <isOriginalCosponsor>True</isOriginalCosponsor>
        <firstName>Randy</firstName>
        <party>R</party>
        <sponsorshipDate>2017-01-30</sponsorshipDate>
        <lastName>Weber</lastName>
        <bioguideId>W000814</bioguideId>
        <middleName>K.</middleName>
        <identifiers>
          <bioguideId>W000814</bioguideId>
          <lisID>2161</lisID>
          <gpoId />
        </identifiers>
        <fullName>Rep. Weber, Randy K., Sr. [R-TX-14]</fullName>
        <state>TX</state>
        <district>14</district>
        <sponsorshipWithdrawnDate />
      </item>
      <item>
        <isOriginalCosponsor>True</isOriginalCosponsor>
        <firstName>Andy</firstName>
        <party>R</party>
        <sponsorshipDate>2017-01-30</sponsorshipDate>
        <lastName>Harris</lastName>
        <bioguideId>H001052</bioguideId>
        <middleName />
        <identifiers>
          <lisID>2026</lisID>
          <bioguideId>H001052</bioguideId>
          <gpoId>7976</gpoId>
        </identifiers>
        <fullName>Rep. Harris, Andy [R-MD-1]</fullName>
        <state>MD</state>
        <district>1</district>
        <sponsorshipWithdrawnDate />
      </item>
      <item>
        <isOriginalCosponsor>True</isOriginalCosponsor>
        <firstName>Trent</firstName>
        <party>R</party>
        <sponsorshipDate>2017-01-30</sponsorshipDate>
        <lastName>Franks</lastName>
        <bioguideId>F000448</bioguideId>
        <middleName />
        <identifiers>
          <bioguideId>F000448</bioguideId>
          <gpoId>7799</gpoId>
          <lisID>1707</lisID>
        </identifiers>
        <fullName>Rep. Franks, Trent [R-AZ-8]</fullName>
        <state>AZ</state>
        <district>8</district>
        <sponsorshipWithdrawnDate />
      </item>
      <item>
        <isOriginalCosponsor>True</isOriginalCosponsor>
        <firstName>Neal</firstName>
        <party>R</party>
        <sponsorshipDate>2017-01-30</sponsorshipDate>
        <lastName>Dunn</lastName>
        <bioguideId>D000628</bioguideId>
        <middleName>P.</middleName>
        <identifiers>
          <lisID>2315</lisID>
          <gpoId />
          <bioguideId>D000628</bioguideId>
        </identifiers>
        <fullName>Rep. Dunn, Neal P. [R-FL-2]</fullName>
        <state>FL</state>
        <district>2</district>
        <sponsorshipWithdrawnDate />
      </item>
      <item>
        <isOriginalCosponsor>True</isOriginalCosponsor>
        <firstName>Doug</firstName>
        <party>R</party>
        <sponsorshipDate>2017-01-30</sponsorshipDate>
        <lastName>LaMalfa</lastName>
        <bioguideId>L000578</bioguideId>
        <middleName />
        <identifiers>
          <lisID>2100</lisID>
          <bioguideId>L000578</bioguideId>
          <gpoId />
        </identifiers>
        <fullName>Rep. LaMalfa, Doug [R-CA-1]</fullName>
        <state>CA</state>
        <district>1</district>
        <sponsorshipWithdrawnDate />
      </item>
      <item>
        <isOriginalCosponsor>True</isOriginalCosponsor>
        <firstName>Bradley</firstName>
        <party>R</party>
        <sponsorshipDate>2017-01-30</sponsorshipDate>
        <lastName>Byrne</lastName>
        <bioguideId>B001289</bioguideId>
        <middleName />
        <identifiers>
          <lisID>2197</lisID>
          <bioguideId>B001289</bioguideId>
          <gpoId />
        </identifiers>
        <fullName>Rep. Byrne, Bradley [R-AL-1]</fullName>
        <state>AL</state>
        <district>1</district>
        <sponsorshipWithdrawnDate />
      </item>
      <item>
        <isOriginalCosponsor>True</isOriginalCosponsor>
        <firstName>Paul</firstName>
        <party>R</party>
        <sponsorshipDate>2017-01-30</sponsorshipDate>
        <lastName>Cook</lastName>
        <bioguideId>C001094</bioguideId>
        <middleName />
        <identifiers>
          <lisID>2103</lisID>
          <bioguideId>C001094</bioguideId>
          <gpoId />
        </identifiers>
        <fullName>Rep. Cook, Paul [R-CA-8]</fullName>
        <state>CA</state>
        <district>8</district>
        <sponsorshipWithdrawnDate />
      </item>
      <item>
        <isOriginalCosponsor>True</isOriginalCosponsor>
        <firstName>Charles</firstName>
        <party>R</party>
        <sponsorshipDate>2017-01-30</sponsorshipDate>
        <lastName>Fleischmann</lastName>
        <bioguideId>F000459</bioguideId>
        <middleName>J. "Chuck"</middleName>
        <identifiers>
          <lisID>2061</lisID>
          <bioguideId>F000459</bioguideId>
          <gpoId>8150</gpoId>
        </identifiers>
        <fullName>Rep. Fleischmann, Charles J. "Chuck" [R-TN-3]</fullName>
        <state>TN</state>
        <district>3</district>
        <sponsorshipWithdrawnDate />
      </item>
      <item>
        <isOriginalCosponsor>True</isOriginalCosponsor>
        <firstName>Tom</firstName>
        <party>R</party>
        <sponsorshipDate>2017-01-30</sponsorshipDate>
        <lastName>McClintock</lastName>
        <bioguideId>M001177</bioguideId>
        <middleName />
        <identifiers>
          <lisID>1908</lisID>
          <gpoId>7809</gpoId>
          <bioguideId>M001177</bioguideId>
        </identifiers>
        <fullName>Rep. McClintock, Tom [R-CA-4]</fullName>
        <state>CA</state>
        <district>4</district>
        <sponsorshipWithdrawnDate />
      </item>
      <item>
        <isOriginalCosponsor>True</isOriginalCosponsor>
        <firstName>Ann</firstName>
        <party>R</party>
        <sponsorshipDate>2017-01-30</sponsorshipDate>
        <lastName>Wagner</lastName>
        <bioguideId>W000812</bioguideId>
        <middleName />
        <identifiers>
          <gpoId />
          <bioguideId>W000812</bioguideId>
          <lisID>2137</lisID>
        </identifiers>
        <fullName>Rep. Wagner, Ann [R-MO-2]</fullName>
        <state>MO</state>
        <district>2</district>
        <sponsorshipWithdrawnDate />
      </item>
      <item>
        <isOriginalCosponsor>True</isOriginalCosponsor>
        <firstName>Steve</firstName>
        <party>R</party>
        <sponsorshipDate>2017-01-30</sponsorshipDate>
        <lastName>Womack</lastName>
        <bioguideId>W000809</bioguideId>
        <middleName />
        <identifiers>
          <lisID>1991</lisID>
          <gpoId>7795</gpoId>
          <bioguideId>W000809</bioguideId>
        </identifiers>
        <fullName>Rep. Womack, Steve [R-AR-3]</fullName>
        <state>AR</state>
        <district>3</district>
        <sponsorshipWithdrawnDate />
      </item>
      <item>
        <isOriginalCosponsor>True</isOriginalCosponsor>
        <firstName>Louie</firstName>
        <party>R</party>
        <sponsorshipDate>2017-01-30</sponsorshipDate>
        <lastName>Gohmert</lastName>
        <bioguideId>G000552</bioguideId>
        <middleName />
        <identifiers>
          <lisID>1801</lisID>
          <gpoId>8157</gpoId>
          <bioguideId>G000552</bioguideId>
        </identifiers>
        <fullName>Rep. Gohmert, Louie [R-TX-1]</fullName>
        <state>TX</state>
        <district>1</district>
        <sponsorshipWithdrawnDate />
      </item>
      <item>
        <isOriginalCosponsor>True</isOriginalCosponsor>
        <firstName>James</firstName>
        <party>R</party>
        <sponsorshipDate>2017-01-30</sponsorshipDate>
        <lastName>Comer</lastName>
        <bioguideId>C001108</bioguideId>
        <middleName />
        <identifiers>
          <lisID>2297</lisID>
          <gpoId />
          <bioguideId>C001108</bioguideId>
        </identifiers>
        <fullName>Rep. Comer, James [R-KY-1]</fullName>
        <state>KY</state>
        <district>1</district>
        <sponsorshipWithdrawnDate />
      </item>
      <item>
        <isOriginalCosponsor>True</isOriginalCosponsor>
        <firstName>Tom</firstName>
        <party>R</party>
        <sponsorshipDate>2017-01-30</sponsorshipDate>
        <lastName>Emmer</lastName>
        <bioguideId>E000294</bioguideId>
        <middleName />
        <identifiers>
          <gpoId />
          <lisID>2253</lisID>
          <bioguideId>E000294</bioguideId>
        </identifiers>
        <fullName>Rep. Emmer, Tom [R-MN-6]</fullName>
        <state>MN</state>
        <district>6</district>
        <sponsorshipWithdrawnDate />
      </item>
      <item>
        <isOriginalCosponsor>True</isOriginalCosponsor>
        <firstName>Trey</firstName>
        <party>R</party>
        <sponsorshipDate>2017-01-30</sponsorshipDate>
        <lastName>Hollingsworth</lastName>
        <bioguideId>H001074</bioguideId>
        <middleName />
        <identifiers>
          <gpoId />
          <bioguideId>H001074</bioguideId>
          <lisID>2327</lisID>
        </identifiers>
        <fullName>Rep. Hollingsworth, Trey [R-IN-9]</fullName>
        <state>IN</state>
        <district>9</district>
        <sponsorshipWithdrawnDate />
      </item>
      <item>
        <isOriginalCosponsor>True</isOriginalCosponsor>
        <firstName>PETE</firstName>
        <party>R</party>
        <sponsorshipDate>2017-01-30</sponsorshipDate>
        <lastName>SESSIONS</lastName>
        <bioguideId>S000250</bioguideId>
        <middleName />
        <identifiers>
          <lisID>1525</lisID>
          <bioguideId>S000250</bioguideId>
          <gpoId>8188</gpoId>
        </identifiers>
        <fullName>Rep. Sessions, Pete [R-TX-32]</fullName>
        <state>TX</state>
        <district>32</district>
        <sponsorshipWithdrawnDate />
      </item>
      <item>
        <isOriginalCosponsor>True</isOriginalCosponsor>
        <firstName>STEVE</firstName>
        <party>R</party>
        <sponsorshipDate>2017-01-30</sponsorshipDate>
        <lastName>CHABOT</lastName>
        <bioguideId>C000266</bioguideId>
        <middleName />
        <identifiers>
          <lisID>186</lisID>
          <bioguideId>C000266</bioguideId>
          <gpoId>8091</gpoId>
        </identifiers>
        <fullName>Rep. Chabot, Steve [R-OH-1]</fullName>
        <state>OH</state>
        <district>1</district>
        <sponsorshipWithdrawnDate />
      </item>
      <item>
        <isOriginalCosponsor>True</isOriginalCosponsor>
        <firstName>Stevan</firstName>
        <party>R</party>
        <sponsorshipDate>2017-01-30</sponsorshipDate>
        <lastName>Pearce</lastName>
        <bioguideId>P000588</bioguideId>
        <middleName />
        <identifiers>
          <gpoId>8057</gpoId>
          <bioguideId>P000588</bioguideId>
          <lisID>1738</lisID>
        </identifiers>
        <fullName>Rep. Pearce, Stevan [R-NM-2]</fullName>
        <state>NM</state>
        <district>2</district>
        <sponsorshipWithdrawnDate />
      </item>
      <item>
        <isOriginalCosponsor>True</isOriginalCosponsor>
        <firstName>K.</firstName>
        <party>R</party>
        <sponsorshipDate>2017-01-30</sponsorshipDate>
        <lastName>Conaway</lastName>
        <bioguideId>C001062</bioguideId>
        <middleName>Michael</middleName>
        <identifiers>
          <lisID>1805</lisID>
          <gpoId>8167</gpoId>
          <bioguideId>C001062</bioguideId>
        </identifiers>
        <fullName>Rep. Conaway, K. Michael [R-TX-11]</fullName>
        <state>TX</state>
        <district>11</district>
        <sponsorshipWithdrawnDate />
      </item>
      <item>
        <isOriginalCosponsor>True</isOriginalCosponsor>
        <firstName>DON</firstName>
        <party>R</party>
        <sponsorshipDate>2017-01-30</sponsorshipDate>
        <lastName>YOUNG</lastName>
        <bioguideId>Y000033</bioguideId>
        <middleName>E.</middleName>
        <identifiers>
          <bioguideId>Y000033</bioguideId>
          <lisID>1256</lisID>
          <gpoId>7785</gpoId>
        </identifiers>
        <fullName>Rep. Young, Don [R-AK-At Large]</fullName>
        <state>AK</state>
        <district>0</district>
        <sponsorshipWithdrawnDate />
      </item>
      <item>
        <isOriginalCosponsor>True</isOriginalCosponsor>
        <firstName>Doug</firstName>
        <party>R</party>
        <sponsorshipDate>2017-01-30</sponsorshipDate>
        <lastName>Lamborn</lastName>
        <bioguideId>L000564</bioguideId>
        <middleName />
        <identifiers>
          <lisID>1834</lisID>
          <gpoId>7863</gpoId>
          <bioguideId>L000564</bioguideId>
        </identifiers>
        <fullName>Rep. Lamborn, Doug [R-CO-5]</fullName>
        <state>CO</state>
        <district>5</district>
        <sponsorshipWithdrawnDate />
      </item>
      <item>
        <isOriginalCosponsor>True</isOriginalCosponsor>
        <firstName>Aumua Amata</firstName>
        <party>R</party>
        <sponsorshipDate>2017-01-30</sponsorshipDate>
        <lastName>Radewagen</lastName>
        <bioguideId>R000600</bioguideId>
        <middleName>Coleman</middleName>
        <identifiers>
          <gpoId />
          <bioguideId>R000600</bioguideId>
          <lisID>2222</lisID>
        </identifiers>
        <fullName>Rep. Radewagen, Aumua Amata Coleman [R-AS-At Large]</fullName>
        <state>AS</state>
        <district>0</district>
        <sponsorshipWithdrawnDate />
      </item>
      <item>
        <isOriginalCosponsor>True</isOriginalCosponsor>
        <firstName>Tim</firstName>
        <party>R</party>
        <sponsorshipDate>2017-01-30</sponsorshipDate>
        <lastName>Murphy</lastName>
        <bioguideId>M001151</bioguideId>
        <middleName />
        <identifiers>
          <lisID>1744</lisID>
          <gpoId>8723</gpoId>
          <bioguideId>M001151</bioguideId>
        </identifiers>
        <fullName>Rep. Murphy, Tim [R-PA-18]</fullName>
        <state>PA</state>
        <district>18</district>
        <sponsorshipWithdrawnDate />
      </item>
      <item>
        <isOriginalCosponsor>True</isOriginalCosponsor>
        <firstName>Liz</firstName>
        <party>R</party>
        <sponsorshipDate>2017-01-30</sponsorshipDate>
        <lastName>Cheney</lastName>
        <bioguideId>C001109</bioguideId>
        <middleName />
        <identifiers>
          <bioguideId>C001109</bioguideId>
          <gpoId />
          <lisID>2356</lisID>
        </identifiers>
        <fullName>Rep. Cheney, Liz [R-WY-At Large]</fullName>
        <state>WY</state>
        <district>0</district>
        <sponsorshipWithdrawnDate />
      </item>
      <item>
        <isOriginalCosponsor>True</isOriginalCosponsor>
        <firstName>Marsha</firstName>
        <party>R</party>
        <sponsorshipDate>2017-01-30</sponsorshipDate>
        <lastName>Blackburn</lastName>
        <bioguideId>B001243</bioguideId>
        <middleName />
        <identifiers>
          <lisID>1748</lisID>
          <gpoId>8154</gpoId>
          <bioguideId>B001243</bioguideId>
        </identifiers>
        <fullName>Rep. Blackburn, Marsha [R-TN-7]</fullName>
        <state>TN</state>
        <district>7</district>
        <sponsorshipWithdrawnDate />
      </item>
      <item>
        <isOriginalCosponsor>True</isOriginalCosponsor>
        <firstName>Chris</firstName>
        <party>R</party>
        <sponsorshipDate>2017-01-30</sponsorshipDate>
        <lastName>Stewart</lastName>
        <bioguideId>S001192</bioguideId>
        <middleName />
        <identifiers>
          <bioguideId>S001192</bioguideId>
          <lisID>2168</lisID>
          <gpoId />
        </identifiers>
        <fullName>Rep. Stewart, Chris [R-UT-2]</fullName>
        <state>UT</state>
        <district>2</district>
        <sponsorshipWithdrawnDate />
      </item>
      <item>
        <isOriginalCosponsor>True</isOriginalCosponsor>
        <firstName>Dave</firstName>
        <party>R</party>
        <sponsorshipDate>2017-01-30</sponsorshipDate>
        <lastName>Brat</lastName>
        <bioguideId>B001290</bioguideId>
        <middleName />
        <identifiers>
          <bioguideId>B001290</bioguideId>
          <lisID>2203</lisID>
          <gpoId />
        </identifiers>
        <fullName>Rep. Brat, Dave [R-VA-7]</fullName>
        <state>VA</state>
        <district>7</district>
        <sponsorshipWithdrawnDate />
      </item>
      <item>
        <isOriginalCosponsor>False</isOriginalCosponsor>
        <firstName>Dan</firstName>
        <party>R</party>
        <sponsorshipDate>2017-02-01</sponsorshipDate>
        <lastName>Newhouse</lastName>
        <bioguideId>N000189</bioguideId>
        <middleName />
        <identifiers>
          <gpoId />
          <bioguideId>N000189</bioguideId>
          <lisID>2275</lisID>
        </identifiers>
        <fullName>Rep. Newhouse, Dan [R-WA-4]</fullName>
        <state>WA</state>
        <district>4</district>
        <sponsorshipWithdrawnDate />
      </item>
      <item>
        <isOriginalCosponsor>False</isOriginalCosponsor>
        <firstName>Ted</firstName>
        <party>R</party>
        <sponsorshipDate>2017-02-01</sponsorshipDate>
        <lastName>Yoho</lastName>
        <bioguideId>Y000065</bioguideId>
        <middleName>S.</middleName>
        <identifiers>
          <lisID>2115</lisID>
          <bioguideId>Y000065</bioguideId>
          <gpoId />
        </identifiers>
        <fullName>Rep. Yoho, Ted S. [R-FL-3]</fullName>
        <state>FL</state>
        <district>3</district>
        <sponsorshipWithdrawnDate />
      </item>
      <item>
        <isOriginalCosponsor>False</isOriginalCosponsor>
        <firstName>Rob</firstName>
        <party>R</party>
        <sponsorshipDate>2017-02-01</sponsorshipDate>
        <lastName>Woodall</lastName>
        <bioguideId>W000810</bioguideId>
        <middleName />
        <identifiers>
          <bioguideId>W000810</bioguideId>
          <lisID>2008</lisID>
          <gpoId>7904</gpoId>
        </identifiers>
        <fullName>Rep. Woodall, Rob [R-GA-7]</fullName>
        <state>GA</state>
        <district>7</district>
        <sponsorshipWithdrawnDate />
      </item>
      <item>
        <isOriginalCosponsor>False</isOriginalCosponsor>
        <firstName>Ralph</firstName>
        <party>R</party>
        <sponsorshipDate>2017-02-01</sponsorshipDate>
        <lastName>Abraham</lastName>
        <bioguideId>A000374</bioguideId>
        <middleName>Lee</middleName>
        <identifiers>
          <gpoId />
          <lisID>2244</lisID>
          <bioguideId>A000374</bioguideId>
        </identifiers>
        <fullName>Rep. Abraham, Ralph Lee [R-LA-5]</fullName>
        <state>LA</state>
        <district>5</district>
        <sponsorshipWithdrawnDate />
      </item>
    </cosponsors>
    <notes />
    <subjects>
      <billSubjects>
        <legislativeSubjects>
          <item>
            <name>Administrative law and regulatory procedures</name>
          </item>
          <item>
            <name>Coal</name>
          </item>
          <item>
            <name>Congressional oversight</name>
          </item>
          <item>
            <name>Department of the Interior</name>
          </item>
          <item>
            <name>Environmental assessment, monitoring, research</name>
          </item>
          <item>
            <name>Environmental regulatory procedures</name>
          </item>
          <item>
            <name>Hydrology and hydrography</name>
          </item>
          <item>
            <name>Lakes and rivers</name>
          </item>
          <item>
            <name>Licensing and registrations</name>
          </item>
          <item>
            <name>Mining</name>
          </item>
          <item>
            <name>Water quality</name>
          </item>
        </legislativeSubjects>
        <policyArea>
          <name>Environmental Protection</name>
        </policyArea>
      </billSubjects>
    </subjects>
    <committees>
      <billCommittees>
        <item>
          <systemCode>hsii00</systemCode>
          <name>Natural Resources Committee</name>
          <type>Standing</type>
          <activities>
            <item>
              <name>Referred to</name>
              <date>2017-01-30T17:01:10Z</date>
            </item>
          </activities>
          <chamber>House</chamber>
          <subcommittees />
        </item>
      </billCommittees>
    </committees>
    <version>1.0.0</version>
    <recordedVotes>
      <recordedVote>
        <rollNumber>43</rollNumber>
        <chamber>Senate</chamber>
        <date>2017-02-02T20:08:00Z</date>
        <url>http://www.senate.gov/legislative/LIS/roll_call_lists/roll_call_vote_cfm.cfm?&amp;congress=115&amp;session=1&amp;vote=00043</url>
        <congress>115</congress>
        <sessionNumber>1</sessionNumber>
        <fullActionName>PASSED SENATE</fullActionName>
      </recordedVote>
      <recordedVote>
        <rollNumber>42</rollNumber>
        <chamber>Senate</chamber>
        <date>2017-02-01T23:46:52Z</date>
        <url>http://www.senate.gov/legislative/LIS/roll_call_lists/roll_call_vote_cfm.cfm?&amp;congress=115&amp;session=1&amp;vote=00042</url>
        <congress>115</congress>
        <sessionNumber>1</sessionNumber>
        <fullActionName>MOTION TO CONSIDER</fullActionName>
      </recordedVote>
      <recordedVote>
        <rollNumber>73</rollNumber>
        <chamber>House</chamber>
        <date>2017-02-01T21:51:03Z</date>
        <url>http://clerk.house.gov/evs/2017/roll073.xml</url>
        <congress>115</congress>
        <sessionNumber>1</sessionNumber>
        <fullActionName>Passage of a Measure</fullActionName>
      </recordedVote>
    </recordedVotes>
    <policyArea>
      <name>Environmental Protection</name>
    </policyArea>
    <cboCostEstimates />
    <introducedDate>2017-01-30</introducedDate>
    <title>Disapproving the rule submitted by the Department of the Interior known as the Stream Protection Rule.</title>
    <amendments />
    <latestAction>
      <text>Became Public Law No: 115-5.</text>
      <links>
        <link>
          <name>Public Law No: 115-5</name>
          <url>https://www.congress.gov/bill/115th-congress/house-joint-resolution/38/text/pl</url>
        </link>
      </links>
      <actionDate>2017-02-16</actionDate>
    </latestAction>
    <congress>115</congress>
    <billType>HJRES</billType>
    <createDate>2017-01-31T05:23:06Z</createDate>
    <sponsors>
      <item>
        <lastName>Johnson</lastName>
        <party>R</party>
        <state>OH</state>
        <bioguideId>J000292</bioguideId>
        <middleName />
        <byRequestType />
        <fullName>Rep. Johnson, Bill [R-OH-6]</fullName>
        <firstName>Bill</firstName>
        <district>6</district>
        <identifiers>
          <lisID>2046</lisID>
          <bioguideId>J000292</bioguideId>
          <gpoId>8096</gpoId>
        </identifiers>
      </item>
    </sponsors>
    <constitutionalAuthorityStatementText><![CDATA[<pre>From the Congressional Record Online through the Government Publishing Office [<a href='http://www.gpo.gov'>www.gpo.gov</a>]By Mr. JOHNSON of Ohio:H.J. Res. 38.Congress has the power to enact this legislation pursuantto the following:Article I, Section 1, and Article I, Section 8, clause 18[Page H746]</pre>]]></constitutionalAuthorityStatementText>
    <relatedBills>
      <item>
        <number>70</number>
        <type>HRES</type>
        <latestAction>
          <actionTime>17:26:18</actionTime>
          <text>Motion to reconsider laid on the table Agreed to without objection.</text>
          <actionDate>2017-01-31</actionDate>
        </latestAction>
        <congress>115</congress>
        <latestTitle>Providing for consideration of the joint resolution (H.J. Res. 38) disapproving the rule submitted by the Department of the Interior known as the Stream Protection Rule.</latestTitle>
        <relationshipDetails>
          <item>
            <identifiedBy>House</identifiedBy>
            <type>Procedurally-related</type>
          </item>
        </relationshipDetails>
      </item>
      <item>
        <number>10</number>
        <type>SJRES</type>
        <latestAction>
          <text>Read twice and referred to the Committee on Energy and Natural Resources.</text>
          <actionDate>2017-01-30</actionDate>
        </latestAction>
        <congress>115</congress>
        <latestTitle>A joint resolution providing for congressional disapproval under chapter 8 of title 5, United States Code, of the final rule submitted by the Secretary of the Interior relating to stream protection.</latestTitle>
        <relationshipDetails>
          <item>
            <identifiedBy>CRS</identifiedBy>
            <type>Related bill</type>
          </item>
        </relationshipDetails>
      </item>
      <item>
        <number>11</number>
        <type>HJRES</type>
        <latestAction>
          <text>Referred to the House Committee on Natural Resources.</text>
          <actionDate>2017-01-03</actionDate>
        </latestAction>
        <congress>115</congress>
        <latestTitle>Disapproving the rule submitted by the Department of the Interior known as the Stream Protection Rule.</latestTitle>
        <relationshipDetails>
          <item>
            <identifiedBy>CRS</identifiedBy>
            <type>Identical bill</type>
          </item>
        </relationshipDetails>
      </item>
    </relatedBills>
    <laws>
      <item>
        <number>115-5</number>
        <type>Public Law</type>
      </item>
    </laws>
    <titles>
      <item>
        <titleType>Official Title as Introduced</titleType>
        <parentTitleType />
        <chamberName />
        <title>Disapproving the rule submitted by the Department of the Interior known as the Stream Protection Rule.</title>
        <chamberCode />
      </item>
      <item>
        <titleType>Display Title</titleType>
        <parentTitleType />
        <chamberName />
        <title>Disapproving the rule submitted by the Department of the Interior known as the Stream Protection Rule.</title>
        <chamberCode />
      </item>
    </titles>
    <summaries>
      <billSummaries>
        <item>
          <versionCode>00</versionCode>
          <actionDate>2017-01-30</actionDate>
          <updateDate>2017-01-30T05:00:00Z</updateDate>
          <text><![CDATA[<p>This joint resolution nullifies the Stream Protection Rule finalized by the Department of the Interior's Office of Surface Mining Reclamation and Enforcement on December 20, 2016. The rule addresses the impacts of surface coal mining operations on surface water, groundwater, and the productivity of mining operation sites.</p>]]></text>
          <actionDesc>Introduced in House</actionDesc>
          <name>Introduced in House</name>
          <lastSummaryUpdateDate>2017-02-01T15:10:09Z</lastSummaryUpdateDate>
        </item>
        <item>
          <versionCode>81</versionCode>
          <actionDate>2017-02-01</actionDate>
          <updateDate>2017-02-01T15:20:29Z</updateDate>
          <text><![CDATA[<p>(This measure has not been amended since it was introduced. The summary of that version is repeated here.)</p> <p>This joint resolution nullifies the Stream Protection Rule finalized by the Department of the Interior's Office of Surface Mining Reclamation and Enforcement on December 20, 2016. The rule addresses the impacts of surface coal mining operations on surface water, groundwater, and the productivity of mining operation sites.</p>]]></text>
          <actionDesc>Passed House without amendment</actionDesc>
          <name>Passed House without amendment</name>
          <lastSummaryUpdateDate>2017-02-06T19:32:02Z</lastSummaryUpdateDate>
        </item>
        <item>
          <versionCode>82</versionCode>
          <actionDate>2017-02-02</actionDate>
          <updateDate>2017-02-02T16:42:28Z</updateDate>
          <text><![CDATA[<p>(This measure has not been amended since it was introduced. The summary of that version is repeated here.)</p> <p>This joint resolution nullifies the Stream Protection Rule finalized by the Department of the Interior's Office of Surface Mining Reclamation and Enforcement on December 20, 2016. The rule addresses the impacts of surface coal mining operations on surface water, groundwater, and the productivity of mining operation sites.</p>]]></text>
          <actionDesc>Passed Senate without amendment</actionDesc>
          <name>Passed Senate without amendment</name>
          <lastSummaryUpdateDate>2017-02-06T19:32:37Z</lastSummaryUpdateDate>
        </item>
        <item>
          <versionCode>49</versionCode>
          <actionDate>2017-02-16</actionDate>
          <updateDate>2017-02-17T04:59:59Z</updateDate>
          <text><![CDATA[<p>(This measure has not been amended since it was introduced. The summary of that version is repeated here.)</p> <p>This joint resolution nullifies the Stream Protection Rule finalized by the Department of the Interior's Office of Surface Mining Reclamation and Enforcement on December 20, 2016. The rule addresses the impacts of surface coal mining operations on surface water, groundwater, and the productivity of mining operation sites.</p>]]></text>
          <actionDesc>Public Law</actionDesc>
          <name>Public Law</name>
          <lastSummaryUpdateDate>2017-02-27T13:44:28Z</lastSummaryUpdateDate>
        </item>
      </billSummaries>
    </summaries>
  </bill>
  <dublinCore xmlns:dc="http://purl.org/dc/elements/1.1/">
    <dc:format>text/xml</dc:format>
    <dc:language>EN</dc:language>
    <dc:rights>Pursuant to Title 17 Section 105 of the United States Code, this file is not subject to copyright protection and is in the public domain.</dc:rights>
    <dc:contributor>Congressional Research Service, Library of Congress</dc:contributor>
    <dc:description>This file contains bill summaries and statuses for federal legislation. A bill summary describes the most significant provisions of a piece of legislation and details the effects the legislative text may have on current law and federal programs. Bill summaries are authored by the Congressional Research Service (CRS) of the Library of Congress. As stated in Public Law 91-510 (2 USC 166 (d)(6)), one of the duties of CRS is "to prepare summaries and digests of bills and resolutions of a public general nature introduced in the Senate or House of Representatives". For more information, refer to the User Guide that accompanies this file.</dc:description>
  </dublinCore>
</billStatus>

