<?xml version="1.0" encoding="UTF-8"?>
<billStatus>
  <bill>
    <policyArea>
      <name>Congress</name>
    </policyArea>
    <committeeReports />
    <congress>115</congress>
    <sponsors>
      <item>
        <identifiers>
          <bioguideId>F000466</bioguideId>
          <lisID>2345</lisID>
          <gpoId />
        </identifiers>
        <district>8</district>
        <middleName>K.</middleName>
        <byRequestType />
        <fullName>Rep. Fitzpatrick, Brian K. [R-PA-8]</fullName>
        <bioguideId>F000466</bioguideId>
        <state>PA</state>
        <party>R</party>
        <firstName>Brian</firstName>
        <lastName>Fitzpatrick</lastName>
      </item>
    </sponsors>
    <calendarNumbers />
    <amendments />
    <relatedBills>
      <item>
        <number>24</number>
        <type>HJRES</type>
        <latestAction>
          <text>Referred to the Subcommittee on the Constitution and Civil Justice.</text>
          <actionDate>2017-01-12</actionDate>
        </latestAction>
        <congress>115</congress>
        <latestTitle>Proposing an amendment to the Constitution of the United States to limit the number of years an individual may serve as a Member of Congress.</latestTitle>
        <relationshipDetails>
          <item>
            <identifiedBy>CRS</identifiedBy>
            <type>Related bill</type>
          </item>
        </relationshipDetails>
      </item>
    </relatedBills>
    <notes />
    <originChamber>House</originChamber>
    <version>1.0.0</version>
    <billNumber>7</billNumber>
    <title>Proposing an amendment to the Constitution of the United States to limit the number of years an individual may serve as a Member of Congress.</title>
    <cosponsors>
      <item>
        <isOriginalCosponsor>False</isOriginalCosponsor>
        <fullName>Rep. Gaetz, Matt [R-FL-1]</fullName>
        <middleName />
        <sponsorshipDate>2017-02-27</sponsorshipDate>
        <bioguideId>G000578</bioguideId>
        <lastName>Gaetz</lastName>
        <party>R</party>
        <district>1</district>
        <firstName>Matt</firstName>
        <state>FL</state>
        <identifiers>
          <gpoId />
          <lisID>2314</lisID>
          <bioguideId>G000578</bioguideId>
        </identifiers>
        <sponsorshipWithdrawnDate />
      </item>
      <item>
        <isOriginalCosponsor>False</isOriginalCosponsor>
        <fullName>Rep. Gallagher, Mike [R-WI-8]</fullName>
        <middleName />
        <sponsorshipDate>2017-03-21</sponsorshipDate>
        <bioguideId>G000579</bioguideId>
        <lastName>Gallagher</lastName>
        <party>R</party>
        <district>8</district>
        <firstName>Mike</firstName>
        <state>WI</state>
        <identifiers>
          <lisID>2355</lisID>
          <gpoId />
          <bioguideId>G000579</bioguideId>
        </identifiers>
        <sponsorshipWithdrawnDate />
      </item>
      <item>
        <isOriginalCosponsor>False</isOriginalCosponsor>
        <fullName>Rep. Hollingsworth, Trey [R-IN-9]</fullName>
        <middleName />
        <sponsorshipDate>2017-06-02</sponsorshipDate>
        <bioguideId>H001074</bioguideId>
        <lastName>Hollingsworth</lastName>
        <party>R</party>
        <district>9</district>
        <firstName>Trey</firstName>
        <state>IN</state>
        <identifiers>
          <gpoId />
          <bioguideId>H001074</bioguideId>
          <lisID>2327</lisID>
        </identifiers>
        <sponsorshipWithdrawnDate />
      </item>
    </cosponsors>
    <subjects>
      <billSubjects>
        <policyArea>
          <name>Congress</name>
        </policyArea>
        <legislativeSubjects>
          <item>
            <name>Congressional elections</name>
          </item>
          <item>
            <name>Constitution and constitutional amendments</name>
          </item>
          <item>
            <name>House of Representatives</name>
          </item>
          <item>
            <name>Members of Congress</name>
          </item>
          <item>
            <name>Senate</name>
          </item>
        </legislativeSubjects>
      </billSubjects>
    </subjects>
    <constitutionalAuthorityStatementText><![CDATA[<pre>From the Congressional Record Online through the Government Publishing Office [<a href='http://www.gpo.gov'>www.gpo.gov</a>]By Mr. FITZPATRICK:H.J. Res. 7.Congress has the power to enact this legislation pursuantto the following:Article V, U.S. Constitution[Page H53]</pre>]]></constitutionalAuthorityStatementText>
    <laws />
    <actions>
      <actionTypeCounts>
        <introducedInTheHouse>1</introducedInTheHouse>
        <billReferrals>1</billReferrals>
        <introducedInHouse>1</introducedInHouse>
        <placeholderTextForH>1</placeholderTextForH>
      </actionTypeCounts>
      <item>
        <actionDate>2017-01-11</actionDate>
        <committee>
          <systemCode>hsju10</systemCode>
          <name>Constitution and Civil Justice Subcommittee</name>
        </committee>
        <links />
        <sourceSystem>
          <name>House committee actions</name>
          <code>1</code>
        </sourceSystem>
        <text>Referred to the Subcommittee on the Constitution and Civil Justice.</text>
        <type>Committee</type>
      </item>
      <item>
        <type>IntroReferral</type>
        <links />
        <text>Referred to the House Committee on the Judiciary.</text>
        <committee>
          <systemCode>hsju00</systemCode>
          <name>Judiciary Committee</name>
        </committee>
        <actionDate>2017-01-03</actionDate>
        <sourceSystem>
          <name>House floor actions</name>
          <code>2</code>
        </sourceSystem>
        <actionCode>H11100</actionCode>
      </item>
      <item>
        <type>IntroReferral</type>
        <links />
        <text>Introduced in House</text>
        <committee />
        <actionDate>2017-01-03</actionDate>
        <sourceSystem>
          <name>Library of Congress</name>
          <code>9</code>
        </sourceSystem>
        <actionCode>Intro-H</actionCode>
      </item>
      <item>
        <type>IntroReferral</type>
        <links />
        <text>Introduced in House</text>
        <committee />
        <actionDate>2017-01-03</actionDate>
        <sourceSystem>
          <name>Library of Congress</name>
          <code>9</code>
        </sourceSystem>
        <actionCode>1000</actionCode>
      </item>
      <actionByCounts>
        <houseOfRepresentatives>4</houseOfRepresentatives>
      </actionByCounts>
    </actions>
    <titles>
      <item>
        <chamberName />
        <parentTitleType />
        <chamberCode />
        <titleType>Official Title as Introduced</titleType>
        <title>Proposing an amendment to the Constitution of the United States to limit the number of years an individual may serve as a Member of Congress.</title>
      </item>
      <item>
        <chamberName />
        <parentTitleType />
        <chamberCode />
        <titleType>Display Title</titleType>
        <title>Proposing an amendment to the Constitution of the United States to limit the number of years an individual may serve as a Member of Congress.</title>
      </item>
    </titles>
    <summaries>
      <billSummaries>
        <item>
          <updateDate>2017-01-03T05:00:00Z</updateDate>
          <actionDesc>Introduced in House</actionDesc>
          <versionCode>00</versionCode>
          <name>Introduced in House</name>
          <text><![CDATA[<p><b>Constitutional Amendment</b></p> <p>This joint resolution proposes a constitutional amendment limiting the total period an individual may serve as a Member of Congress to 12 years. </p>]]></text>
          <lastSummaryUpdateDate>2017-01-23T22:35:45Z</lastSummaryUpdateDate>
          <actionDate>2017-01-03</actionDate>
        </item>
      </billSummaries>
    </summaries>
    <committees>
      <billCommittees>
        <item>
          <systemCode>hsju00</systemCode>
          <chamber>House</chamber>
          <type>Standing</type>
          <activities>
            <item>
              <name>Referred to</name>
              <date>2017-01-03T17:11:50Z</date>
            </item>
          </activities>
          <name>Judiciary Committee</name>
          <subcommittees>
            <item>
              <systemCode>hsju10</systemCode>
              <name>Constitution and Civil Justice Subcommittee</name>
              <activities>
                <item>
                  <name>Referred to</name>
                  <date>2017-01-11T19:03:58Z</date>
                </item>
              </activities>
            </item>
          </subcommittees>
        </item>
      </billCommittees>
    </committees>
    <introducedDate>2017-01-03</introducedDate>
    <updateDate>2018-02-06T16:40:06Z</updateDate>
    <cboCostEstimates />
    <recordedVotes />
    <billType>HJRES</billType>
    <createDate>2017-01-04T07:01:08Z</createDate>
    <latestAction>
      <text>Referred to the Subcommittee on the Constitution and Civil Justice.</text>
      <links />
      <actionDate>2017-01-11</actionDate>
    </latestAction>
  </bill>
  <dublinCore xmlns:dc="http://purl.org/dc/elements/1.1/">
    <dc:format>text/xml</dc:format>
    <dc:language>EN</dc:language>
    <dc:rights>Pursuant to Title 17 Section 105 of the United States Code, this file is not subject to copyright protection and is in the public domain.</dc:rights>
    <dc:contributor>Congressional Research Service, Library of Congress</dc:contributor>
    <dc:description>This file contains bill summaries and statuses for federal legislation. A bill summary describes the most significant provisions of a piece of legislation and details the effects the legislative text may have on current law and federal programs. Bill summaries are authored by the Congressional Research Service (CRS) of the Library of Congress. As stated in Public Law 91-510 (2 USC 166 (d)(6)), one of the duties of CRS is "to prepare summaries and digests of bills and resolutions of a public general nature introduced in the Senate or House of Representatives". For more information, refer to the User Guide that accompanies this file.</dc:description>
  </dublinCore>
</billStatus>

