<?xml version="1.0" encoding="UTF-8"?>
<billStatus>
  <bill>
    <sponsors>
      <item>
        <fullName>Rep. Young, Don [R-AK-At Large]</fullName>
        <lastName>YOUNG</lastName>
        <bioguideId>Y000033</bioguideId>
        <party>R</party>
        <middleName>E.</middleName>
        <state>AK</state>
        <firstName>DON</firstName>
        <district>0</district>
        <byRequestType />
        <identifiers>
          <bioguideId>Y000033</bioguideId>
          <lisID>1256</lisID>
          <gpoId>7785</gpoId>
        </identifiers>
      </item>
    </sponsors>
    <laws />
    <version>1.0.0</version>
    <introducedDate>2017-01-30</introducedDate>
    <cboCostEstimates />
    <titles>
      <item>
        <parentTitleType />
        <chamberCode />
        <chamberName />
        <titleType>Official Title as Introduced</titleType>
        <title>Disapproving the rule submitted by the Department of the Interior regarding requirements for exploratory drilling on the Arctic Outer Continental Shelf.</title>
      </item>
      <item>
        <parentTitleType />
        <chamberCode />
        <chamberName />
        <titleType>Display Title</titleType>
        <title>Disapproving the rule submitted by the Department of the Interior regarding requirements for exploratory drilling on the Arctic Outer Continental Shelf.</title>
      </item>
    </titles>
    <amendments />
    <recordedVotes />
    <relatedBills>
      <item>
        <congress>115</congress>
        <latestTitle>Disapproving the rule submitted by the Department of the Interior regarding requirements for exploratory drilling on the Arctic Outer Continental Shelf.</latestTitle>
        <number>70</number>
        <type>HJRES</type>
        <latestAction>
          <text>Referred to the House Committee on Natural Resources.</text>
          <actionDate>2017-02-09</actionDate>
        </latestAction>
        <relationshipDetails>
          <item>
            <type>Identical bill</type>
            <identifiedBy>CRS</identifiedBy>
          </item>
          <item>
            <type>Related bill</type>
            <identifiedBy>CRS</identifiedBy>
          </item>
        </relationshipDetails>
      </item>
      <item>
        <congress>115</congress>
        <latestTitle>Disapproving the rule submitted by the Department of the Interior regarding requirements for exploratory drilling on the Arctic Outer Continental Shelf.</latestTitle>
        <number>34</number>
        <type>HJRES</type>
        <latestAction>
          <text>Referred to the House Committee on Natural Resources.</text>
          <actionDate>2017-01-27</actionDate>
        </latestAction>
        <relationshipDetails>
          <item>
            <type>Identical bill</type>
            <identifiedBy>CRS</identifiedBy>
          </item>
        </relationshipDetails>
      </item>
    </relatedBills>
    <constitutionalAuthorityStatementText><![CDATA[<pre>From the Congressional Record Online through the Government Publishing Office [<a href='http://www.gpo.gov'>www.gpo.gov</a>]By Mr. YOUNG of Alaska:H.J. Res. 47.Congress has the power to enact this legislation pursuantto the following:Article I, Section 8, Clause 18``To make all Laws which shall be necessary and proper forcarrying into Execution the foregoing Powers, and all otherPowers vested by this Constitution in the Government of theUnited States, or in any Department or Officer thereof..''[Page H746]</pre>]]></constitutionalAuthorityStatementText>
    <billType>HJRES</billType>
    <actions>
      <actionByCounts>
        <houseOfRepresentatives>3</houseOfRepresentatives>
      </actionByCounts>
      <actionTypeCounts>
        <introducedInTheHouse>1</introducedInTheHouse>
        <billReferrals>1</billReferrals>
        <introducedInHouse>1</introducedInHouse>
      </actionTypeCounts>
      <item>
        <actionDate>2017-01-30</actionDate>
        <text>Referred to the House Committee on Natural Resources.</text>
        <sourceSystem>
          <name>House floor actions</name>
          <code>2</code>
        </sourceSystem>
        <committee>
          <systemCode>hsii00</systemCode>
          <name>Natural Resources Committee</name>
        </committee>
        <links />
        <actionCode>H11100</actionCode>
        <type>IntroReferral</type>
      </item>
      <item>
        <actionDate>2017-01-30</actionDate>
        <text>Introduced in House</text>
        <sourceSystem>
          <name>Library of Congress</name>
          <code>9</code>
        </sourceSystem>
        <committee />
        <links />
        <actionCode>Intro-H</actionCode>
        <type>IntroReferral</type>
      </item>
      <item>
        <actionDate>2017-01-30</actionDate>
        <text>Introduced in House</text>
        <sourceSystem>
          <name>Library of Congress</name>
          <code>9</code>
        </sourceSystem>
        <committee />
        <links />
        <actionCode>1000</actionCode>
        <type>IntroReferral</type>
      </item>
    </actions>
    <notes />
    <originChamber>House</originChamber>
    <congress>115</congress>
    <subjects>
      <billSubjects>
        <policyArea>
          <name>Energy</name>
        </policyArea>
        <legislativeSubjects>
          <item>
            <name>Administrative law and regulatory procedures</name>
          </item>
          <item>
            <name>Alaska</name>
          </item>
          <item>
            <name>Arctic and polar regions</name>
          </item>
          <item>
            <name>Congressional oversight</name>
          </item>
          <item>
            <name>Department of the Interior</name>
          </item>
          <item>
            <name>Marine and coastal resources, fisheries</name>
          </item>
          <item>
            <name>Oil and gas</name>
          </item>
        </legislativeSubjects>
      </billSubjects>
    </subjects>
    <billNumber>47</billNumber>
    <cosponsors>
      <item>
        <identifiers>
          <gpoId>8057</gpoId>
          <bioguideId>P000588</bioguideId>
          <lisID>1738</lisID>
        </identifiers>
        <sponsorshipDate>2017-01-30</sponsorshipDate>
        <district>2</district>
        <middleName />
        <sponsorshipWithdrawnDate />
        <fullName>Rep. Pearce, Stevan [R-NM-2]</fullName>
        <party>R</party>
        <firstName>Stevan</firstName>
        <isOriginalCosponsor>True</isOriginalCosponsor>
        <lastName>Pearce</lastName>
        <state>NM</state>
        <bioguideId>P000588</bioguideId>
      </item>
      <item>
        <identifiers>
          <lisID>1992</lisID>
          <bioguideId>G000565</bioguideId>
          <gpoId>7798</gpoId>
        </identifiers>
        <sponsorshipDate>2017-01-30</sponsorshipDate>
        <district>4</district>
        <middleName>A.</middleName>
        <sponsorshipWithdrawnDate />
        <fullName>Rep. Gosar, Paul A. [R-AZ-4]</fullName>
        <party>R</party>
        <firstName>Paul</firstName>
        <isOriginalCosponsor>True</isOriginalCosponsor>
        <lastName>Gosar</lastName>
        <state>AZ</state>
        <bioguideId>G000565</bioguideId>
      </item>
      <item>
        <identifiers>
          <lisID>2144</lisID>
          <gpoId />
          <bioguideId>C001096</bioguideId>
        </identifiers>
        <sponsorshipDate>2017-01-30</sponsorshipDate>
        <district>0</district>
        <middleName />
        <sponsorshipWithdrawnDate />
        <fullName>Rep. Cramer, Kevin [R-ND-At Large]</fullName>
        <party>R</party>
        <firstName>Kevin</firstName>
        <isOriginalCosponsor>True</isOriginalCosponsor>
        <lastName>Cramer</lastName>
        <state>ND</state>
        <bioguideId>C001096</bioguideId>
      </item>
      <item>
        <identifiers>
          <gpoId />
          <bioguideId>R000600</bioguideId>
          <lisID>2222</lisID>
        </identifiers>
        <sponsorshipDate>2017-01-30</sponsorshipDate>
        <district>0</district>
        <middleName>Coleman</middleName>
        <sponsorshipWithdrawnDate />
        <fullName>Rep. Radewagen, Aumua Amata Coleman [R-AS-At Large]</fullName>
        <party>R</party>
        <firstName>Aumua Amata</firstName>
        <isOriginalCosponsor>True</isOriginalCosponsor>
        <lastName>Radewagen</lastName>
        <state>AS</state>
        <bioguideId>R000600</bioguideId>
      </item>
      <item>
        <identifiers>
          <gpoId />
          <bioguideId>N000189</bioguideId>
          <lisID>2275</lisID>
        </identifiers>
        <sponsorshipDate>2017-01-31</sponsorshipDate>
        <district>4</district>
        <middleName />
        <sponsorshipWithdrawnDate />
        <fullName>Rep. Newhouse, Dan [R-WA-4]</fullName>
        <party>R</party>
        <firstName>Dan</firstName>
        <isOriginalCosponsor>False</isOriginalCosponsor>
        <lastName>Newhouse</lastName>
        <state>WA</state>
        <bioguideId>N000189</bioguideId>
      </item>
      <item>
        <identifiers>
          <bioguideId>B001302</bioguideId>
          <lisID>2307</lisID>
          <gpoId />
        </identifiers>
        <sponsorshipDate>2017-01-31</sponsorshipDate>
        <district>5</district>
        <middleName />
        <sponsorshipWithdrawnDate />
        <fullName>Rep. Biggs, Andy [R-AZ-5]</fullName>
        <party>R</party>
        <firstName>Andy</firstName>
        <isOriginalCosponsor>False</isOriginalCosponsor>
        <lastName>Biggs</lastName>
        <state>AZ</state>
        <bioguideId>B001302</bioguideId>
      </item>
    </cosponsors>
    <summaries>
      <billSummaries>
        <item>
          <text><![CDATA[<p>This joint resolution nullifies the rule submitted by the Bureau of Safety and Environmental Enforcement and Bureau of Ocean Energy Management titled &quot;Oil and Gas and Sulfur Operations on the Outer Continental Shelf Requirements for Exploratory Drilling on the Arctic Outer Continental Shelf.&quot; The rule published in the Federal Register on July 15, 2016, limits exploration of oil and gas resources in the Arctic Outer Continental Shelf.</p>]]></text>
          <actionDate>2017-01-30</actionDate>
          <updateDate>2017-01-30T05:00:00Z</updateDate>
          <lastSummaryUpdateDate>2017-06-28T15:42:38Z</lastSummaryUpdateDate>
          <name>Introduced in House</name>
          <actionDesc>Introduced in House</actionDesc>
          <versionCode>00</versionCode>
        </item>
      </billSummaries>
    </summaries>
    <policyArea>
      <name>Energy</name>
    </policyArea>
    <latestAction>
      <links />
      <actionDate>2017-01-30</actionDate>
      <text>Referred to the House Committee on Natural Resources.</text>
    </latestAction>
    <updateDate>2018-02-06T16:40:09Z</updateDate>
    <committees>
      <billCommittees>
        <item>
          <chamber>House</chamber>
          <name>Natural Resources Committee</name>
          <systemCode>hsii00</systemCode>
          <activities>
            <item>
              <date>2017-01-30T17:03:40Z</date>
              <name>Referred to</name>
            </item>
          </activities>
          <type>Standing</type>
          <subcommittees />
        </item>
      </billCommittees>
    </committees>
    <createDate>2017-01-31T05:23:06Z</createDate>
    <title>Disapproving the rule submitted by the Department of the Interior regarding requirements for exploratory drilling on the Arctic Outer Continental Shelf.</title>
    <committeeReports />
    <calendarNumbers />
  </bill>
  <dublinCore xmlns:dc="http://purl.org/dc/elements/1.1/">
    <dc:format>text/xml</dc:format>
    <dc:language>EN</dc:language>
    <dc:rights>Pursuant to Title 17 Section 105 of the United States Code, this file is not subject to copyright protection and is in the public domain.</dc:rights>
    <dc:contributor>Congressional Research Service, Library of Congress</dc:contributor>
    <dc:description>This file contains bill summaries and statuses for federal legislation. A bill summary describes the most significant provisions of a piece of legislation and details the effects the legislative text may have on current law and federal programs. Bill summaries are authored by the Congressional Research Service (CRS) of the Library of Congress. As stated in Public Law 91-510 (2 USC 166 (d)(6)), one of the duties of CRS is "to prepare summaries and digests of bills and resolutions of a public general nature introduced in the Senate or House of Representatives". For more information, refer to the User Guide that accompanies this file.</dc:description>
  </dublinCore>
</billStatus>

