<?xml version="1.0" encoding="UTF-8"?>
<billStatus>
  <bill>
    <cosponsors>
      <item>
        <district>13</district>
        <sponsorshipWithdrawnDate />
        <party>D</party>
        <fullName>Rep. Boyle, Brendan F. [D-PA-13]</fullName>
        <sponsorshipDate>2017-01-24</sponsorshipDate>
        <bioguideId>B001296</bioguideId>
        <middleName>F.</middleName>
        <identifiers>
          <lisID>2267</lisID>
          <bioguideId>B001296</bioguideId>
          <gpoId />
        </identifiers>
        <lastName>Boyle</lastName>
        <isOriginalCosponsor>True</isOriginalCosponsor>
        <firstName>Brendan</firstName>
        <state>PA</state>
      </item>
      <item>
        <district>18</district>
        <sponsorshipWithdrawnDate />
        <party>D</party>
        <fullName>Rep. Jackson Lee, Sheila [D-TX-18]</fullName>
        <sponsorshipDate>2017-01-24</sponsorshipDate>
        <bioguideId>J000032</bioguideId>
        <middleName />
        <identifiers>
          <lisID>588</lisID>
          <bioguideId>J000032</bioguideId>
          <gpoId>8174</gpoId>
        </identifiers>
        <lastName>JACKSON LEE</lastName>
        <isOriginalCosponsor>True</isOriginalCosponsor>
        <firstName>SHEILA</firstName>
        <state>TX</state>
      </item>
      <item>
        <district>3</district>
        <sponsorshipWithdrawnDate />
        <party>D</party>
        <fullName>Rep. Sarbanes, John P. [D-MD-3]</fullName>
        <sponsorshipDate>2017-01-24</sponsorshipDate>
        <bioguideId>S001168</bioguideId>
        <middleName>P.</middleName>
        <identifiers>
          <lisID>1854</lisID>
          <bioguideId>S001168</bioguideId>
          <gpoId>7978</gpoId>
        </identifiers>
        <lastName>Sarbanes</lastName>
        <isOriginalCosponsor>True</isOriginalCosponsor>
        <firstName>John</firstName>
        <state>MD</state>
      </item>
      <item>
        <district>13</district>
        <sponsorshipWithdrawnDate />
        <party>D</party>
        <fullName>Rep. Conyers, John, Jr. [D-MI-13]</fullName>
        <sponsorshipDate>2017-01-24</sponsorshipDate>
        <bioguideId>C000714</bioguideId>
        <middleName />
        <identifiers>
          <bioguideId>C000714</bioguideId>
          <lisID>229</lisID>
          <gpoId>7999</gpoId>
        </identifiers>
        <lastName>CONYERS</lastName>
        <isOriginalCosponsor>True</isOriginalCosponsor>
        <firstName>JOHN</firstName>
        <state>MI</state>
      </item>
      <item>
        <district>14</district>
        <sponsorshipWithdrawnDate />
        <party>D</party>
        <fullName>Rep. Castor, Kathy [D-FL-14]</fullName>
        <sponsorshipDate>2017-01-24</sponsorshipDate>
        <bioguideId>C001066</bioguideId>
        <middleName />
        <identifiers>
          <lisID>1839</lisID>
          <gpoId>7883</gpoId>
          <bioguideId>C001066</bioguideId>
        </identifiers>
        <lastName>Castor</lastName>
        <isOriginalCosponsor>True</isOriginalCosponsor>
        <firstName>Kathy</firstName>
        <state>FL</state>
      </item>
      <item>
        <district>11</district>
        <sponsorshipWithdrawnDate />
        <party>R</party>
        <fullName>Rep. Frelinghuysen, Rodney P. [R-NJ-11]</fullName>
        <sponsorshipDate>2017-01-24</sponsorshipDate>
        <bioguideId>F000372</bioguideId>
        <middleName />
        <identifiers>
          <gpoId>8053</gpoId>
          <bioguideId>F000372</bioguideId>
          <lisID>414</lisID>
        </identifiers>
        <lastName>FRELINGHUYSEN</lastName>
        <isOriginalCosponsor>True</isOriginalCosponsor>
        <firstName>RODNEY</firstName>
        <state>NJ</state>
      </item>
      <item>
        <district>7</district>
        <sponsorshipWithdrawnDate />
        <party>D</party>
        <fullName>Rep. Davis, Danny K. [D-IL-7]</fullName>
        <sponsorshipDate>2017-01-24</sponsorshipDate>
        <bioguideId>D000096</bioguideId>
        <middleName>K.</middleName>
        <identifiers>
          <lisID>1477</lisID>
          <gpoId>7927</gpoId>
          <bioguideId>D000096</bioguideId>
        </identifiers>
        <lastName>DAVIS</lastName>
        <isOriginalCosponsor>True</isOriginalCosponsor>
        <firstName>DANNY</firstName>
        <state>IL</state>
      </item>
      <item>
        <district>2</district>
        <sponsorshipWithdrawnDate />
        <party>D</party>
        <fullName>Rep. Courtney, Joe [D-CT-2]</fullName>
        <sponsorshipDate>2017-01-24</sponsorshipDate>
        <bioguideId>C001069</bioguideId>
        <middleName />
        <identifiers>
          <gpoId>7867</gpoId>
          <lisID>1836</lisID>
          <bioguideId>C001069</bioguideId>
        </identifiers>
        <lastName>Courtney</lastName>
        <isOriginalCosponsor>True</isOriginalCosponsor>
        <firstName>Joe</firstName>
        <state>CT</state>
      </item>
      <item>
        <district>41</district>
        <sponsorshipWithdrawnDate />
        <party>D</party>
        <fullName>Rep. Takano, Mark [D-CA-41]</fullName>
        <sponsorshipDate>2017-01-24</sponsorshipDate>
        <bioguideId>T000472</bioguideId>
        <middleName />
        <identifiers>
          <bioguideId>T000472</bioguideId>
          <gpoId />
          <lisID>2110</lisID>
        </identifiers>
        <lastName>Takano</lastName>
        <isOriginalCosponsor>True</isOriginalCosponsor>
        <firstName>Mark</firstName>
        <state>CA</state>
      </item>
      <item>
        <district>26</district>
        <sponsorshipWithdrawnDate />
        <party>D</party>
        <fullName>Rep. Higgins, Brian [D-NY-26]</fullName>
        <sponsorshipDate>2017-01-24</sponsorshipDate>
        <bioguideId>H001038</bioguideId>
        <middleName />
        <identifiers>
          <gpoId>8088</gpoId>
          <bioguideId>H001038</bioguideId>
          <lisID>1794</lisID>
        </identifiers>
        <lastName>Higgins</lastName>
        <isOriginalCosponsor>True</isOriginalCosponsor>
        <firstName>Brian</firstName>
        <state>NY</state>
      </item>
      <item>
        <district>7</district>
        <sponsorshipWithdrawnDate />
        <party>D</party>
        <fullName>Rep. Gallego, Ruben [D-AZ-7]</fullName>
        <sponsorshipDate>2017-01-24</sponsorshipDate>
        <bioguideId>G000574</bioguideId>
        <middleName />
        <identifiers>
          <lisID>2226</lisID>
          <bioguideId>G000574</bioguideId>
          <gpoId />
        </identifiers>
        <lastName>Gallego</lastName>
        <isOriginalCosponsor>True</isOriginalCosponsor>
        <firstName>Ruben</firstName>
        <state>AZ</state>
      </item>
      <item>
        <district>14</district>
        <sponsorshipWithdrawnDate />
        <party>D</party>
        <fullName>Rep. Crowley, Joseph [D-NY-14]</fullName>
        <sponsorshipDate>2017-01-24</sponsorshipDate>
        <bioguideId>C001038</bioguideId>
        <middleName />
        <identifiers>
          <gpoId>8068</gpoId>
          <lisID>1604</lisID>
          <bioguideId>C001038</bioguideId>
        </identifiers>
        <lastName>CROWLEY</lastName>
        <isOriginalCosponsor>True</isOriginalCosponsor>
        <firstName>JOSEPH</firstName>
        <state>NY</state>
      </item>
      <item>
        <district>10</district>
        <sponsorshipWithdrawnDate />
        <party>D</party>
        <fullName>Rep. Nadler, Jerrold [D-NY-10]</fullName>
        <sponsorshipDate>2017-01-24</sponsorshipDate>
        <bioguideId>N000002</bioguideId>
        <middleName />
        <identifiers>
          <lisID>850</lisID>
          <gpoId>8069</gpoId>
          <bioguideId>N000002</bioguideId>
        </identifiers>
        <lastName>NADLER</lastName>
        <isOriginalCosponsor>True</isOriginalCosponsor>
        <firstName>JERROLD</firstName>
        <state>NY</state>
      </item>
      <item>
        <district>13</district>
        <sponsorshipWithdrawnDate />
        <party>D</party>
        <fullName>Rep. Crist, Charlie [D-FL-13]</fullName>
        <sponsorshipDate>2017-01-24</sponsorshipDate>
        <bioguideId>C001111</bioguideId>
        <middleName />
        <identifiers>
          <lisID>2321</lisID>
          <bioguideId>C001111</bioguideId>
          <gpoId />
        </identifiers>
        <lastName>Crist</lastName>
        <isOriginalCosponsor>True</isOriginalCosponsor>
        <firstName>Charlie</firstName>
        <state>FL</state>
      </item>
      <item>
        <district>11</district>
        <sponsorshipWithdrawnDate />
        <party>D</party>
        <fullName>Rep. Connolly, Gerald E. [D-VA-11]</fullName>
        <sponsorshipDate>2017-01-24</sponsorshipDate>
        <bioguideId>C001078</bioguideId>
        <middleName>E.</middleName>
        <identifiers>
          <lisID>1959</lisID>
          <gpoId>8202</gpoId>
          <bioguideId>C001078</bioguideId>
        </identifiers>
        <lastName>Connolly</lastName>
        <isOriginalCosponsor>True</isOriginalCosponsor>
        <firstName>Gerald</firstName>
        <state>VA</state>
      </item>
      <item>
        <district>1</district>
        <sponsorshipWithdrawnDate />
        <party>D</party>
        <fullName>Rep. Clay, Wm. Lacy [D-MO-1]</fullName>
        <sponsorshipDate>2017-01-24</sponsorshipDate>
        <bioguideId>C001049</bioguideId>
        <middleName>LACY</middleName>
        <identifiers>
          <gpoId>8009</gpoId>
          <lisID>1654</lisID>
          <bioguideId>C001049</bioguideId>
        </identifiers>
        <lastName>CLAY</lastName>
        <isOriginalCosponsor>True</isOriginalCosponsor>
        <firstName>WM.</firstName>
        <state>MO</state>
      </item>
      <item>
        <district>7</district>
        <sponsorshipWithdrawnDate />
        <party>D</party>
        <fullName>Rep. Cummings, Elijah E. [D-MD-7]</fullName>
        <sponsorshipDate>2017-01-24</sponsorshipDate>
        <bioguideId>C000984</bioguideId>
        <middleName>E.</middleName>
        <identifiers>
          <lisID>256</lisID>
          <gpoId>7982</gpoId>
          <bioguideId>C000984</bioguideId>
        </identifiers>
        <lastName>CUMMINGS</lastName>
        <isOriginalCosponsor>True</isOriginalCosponsor>
        <firstName>ELIJAH</firstName>
        <state>MD</state>
      </item>
      <item>
        <district>12</district>
        <sponsorshipWithdrawnDate />
        <party>D</party>
        <fullName>Rep. Watson Coleman, Bonnie [D-NJ-12]</fullName>
        <sponsorshipDate>2017-01-24</sponsorshipDate>
        <bioguideId>W000822</bioguideId>
        <middleName />
        <identifiers>
          <bioguideId>W000822</bioguideId>
          <lisID>2259</lisID>
          <gpoId />
        </identifiers>
        <lastName>Watson Coleman</lastName>
        <isOriginalCosponsor>True</isOriginalCosponsor>
        <firstName>Bonnie</firstName>
        <state>NJ</state>
      </item>
      <item>
        <district>15</district>
        <sponsorshipWithdrawnDate />
        <party>R</party>
        <fullName>Rep. Dent, Charles W. [R-PA-15]</fullName>
        <sponsorshipDate>2017-01-24</sponsorshipDate>
        <bioguideId>D000604</bioguideId>
        <middleName>W.</middleName>
        <identifiers>
          <bioguideId>D000604</bioguideId>
          <lisID>1799</lisID>
          <gpoId>8133</gpoId>
        </identifiers>
        <lastName>Dent</lastName>
        <isOriginalCosponsor>True</isOriginalCosponsor>
        <firstName>Charles</firstName>
        <state>PA</state>
      </item>
      <item>
        <district>19</district>
        <sponsorshipWithdrawnDate />
        <party>D</party>
        <fullName>Rep. Lofgren, Zoe [D-CA-19]</fullName>
        <sponsorshipDate>2017-01-24</sponsorshipDate>
        <bioguideId>L000397</bioguideId>
        <middleName />
        <identifiers>
          <bioguideId>L000397</bioguideId>
          <lisID>701</lisID>
          <gpoId>7821</gpoId>
        </identifiers>
        <lastName>LOFGREN</lastName>
        <isOriginalCosponsor>True</isOriginalCosponsor>
        <firstName>ZOE</firstName>
        <state>CA</state>
      </item>
      <item>
        <district>5</district>
        <sponsorshipWithdrawnDate />
        <party>D</party>
        <fullName>Rep. Gottheimer, Josh [D-NJ-5]</fullName>
        <sponsorshipDate>2017-01-24</sponsorshipDate>
        <bioguideId>G000583</bioguideId>
        <middleName />
        <identifiers>
          <lisID>2338</lisID>
          <bioguideId>G000583</bioguideId>
          <gpoId />
        </identifiers>
        <lastName>Gottheimer</lastName>
        <isOriginalCosponsor>True</isOriginalCosponsor>
        <firstName>Josh</firstName>
        <state>NJ</state>
      </item>
      <item>
        <district>2</district>
        <sponsorshipWithdrawnDate />
        <party>D</party>
        <fullName>Rep. Huffman, Jared [D-CA-2]</fullName>
        <sponsorshipDate>2017-01-24</sponsorshipDate>
        <bioguideId>H001068</bioguideId>
        <middleName />
        <identifiers>
          <bioguideId>H001068</bioguideId>
          <lisID>2101</lisID>
          <gpoId />
        </identifiers>
        <lastName>Huffman</lastName>
        <isOriginalCosponsor>True</isOriginalCosponsor>
        <firstName>Jared</firstName>
        <state>CA</state>
      </item>
      <item>
        <district>2</district>
        <sponsorshipWithdrawnDate />
        <party>D</party>
        <fullName>Rep. Thompson, Bennie G. [D-MS-2]</fullName>
        <sponsorshipDate>2017-01-24</sponsorshipDate>
        <bioguideId>T000193</bioguideId>
        <middleName />
        <identifiers>
          <gpoId>8020</gpoId>
          <bioguideId>T000193</bioguideId>
          <lisID>1151</lisID>
        </identifiers>
        <lastName>THOMPSON</lastName>
        <isOriginalCosponsor>True</isOriginalCosponsor>
        <firstName>BENNIE</firstName>
        <state>MS</state>
      </item>
      <item>
        <district>4</district>
        <sponsorshipWithdrawnDate />
        <party>D</party>
        <fullName>Rep. McEachin, A. Donald [D-VA-4]</fullName>
        <sponsorshipDate>2017-01-24</sponsorshipDate>
        <bioguideId>M001200</bioguideId>
        <middleName>Donald</middleName>
        <identifiers>
          <bioguideId>M001200</bioguideId>
          <lisID>2352</lisID>
          <gpoId />
        </identifiers>
        <lastName>McEachin</lastName>
        <isOriginalCosponsor>True</isOriginalCosponsor>
        <firstName>A.</firstName>
        <state>VA</state>
      </item>
      <item>
        <district>3</district>
        <sponsorshipWithdrawnDate />
        <party>D</party>
        <fullName>Rep. Kind, Ron [D-WI-3]</fullName>
        <sponsorshipDate>2017-01-24</sponsorshipDate>
        <bioguideId>K000188</bioguideId>
        <middleName />
        <identifiers>
          <lisID>1498</lisID>
          <bioguideId>K000188</bioguideId>
          <gpoId>8216</gpoId>
        </identifiers>
        <lastName>KIND</lastName>
        <isOriginalCosponsor>True</isOriginalCosponsor>
        <firstName>RON</firstName>
        <state>WI</state>
      </item>
      <item>
        <district>0</district>
        <sponsorshipWithdrawnDate />
        <party>D</party>
        <fullName>Rep. Blunt Rochester, Lisa [D-DE-At Large]</fullName>
        <sponsorshipDate>2017-01-24</sponsorshipDate>
        <bioguideId>B001303</bioguideId>
        <middleName />
        <identifiers>
          <lisID>2313</lisID>
          <gpoId />
          <bioguideId>B001303</bioguideId>
        </identifiers>
        <lastName>Blunt Rochester</lastName>
        <isOriginalCosponsor>True</isOriginalCosponsor>
        <firstName>Lisa</firstName>
        <state>DE</state>
      </item>
      <item>
        <district>4</district>
        <sponsorshipWithdrawnDate />
        <party>D</party>
        <fullName>Rep. Johnson, Henry C. "Hank," Jr. [D-GA-4]</fullName>
        <sponsorshipDate>2017-01-24</sponsorshipDate>
        <bioguideId>J000288</bioguideId>
        <middleName>C. "Hank"</middleName>
        <identifiers>
          <lisID>1843</lisID>
          <bioguideId>J000288</bioguideId>
          <gpoId>7901</gpoId>
        </identifiers>
        <lastName>Johnson</lastName>
        <isOriginalCosponsor>True</isOriginalCosponsor>
        <firstName>Henry</firstName>
        <state>GA</state>
      </item>
      <item>
        <district>1</district>
        <sponsorshipWithdrawnDate />
        <party>D</party>
        <fullName>Rep. Shea-Porter, Carol [D-NH-1]</fullName>
        <sponsorshipDate>2017-01-24</sponsorshipDate>
        <bioguideId>S001170</bioguideId>
        <middleName />
        <identifiers>
          <lisID>1861</lisID>
          <bioguideId>S001170</bioguideId>
          <gpoId>7528</gpoId>
        </identifiers>
        <lastName>Shea-Porter</lastName>
        <isOriginalCosponsor>True</isOriginalCosponsor>
        <firstName>Carol</firstName>
        <state>NH</state>
      </item>
      <item>
        <district>1</district>
        <sponsorshipWithdrawnDate />
        <party>D</party>
        <fullName>Rep. Walz, Timothy J. [D-MN-1]</fullName>
        <sponsorshipDate>2017-01-24</sponsorshipDate>
        <bioguideId>W000799</bioguideId>
        <middleName>J.</middleName>
        <identifiers>
          <gpoId>8001</gpoId>
          <lisID>1856</lisID>
          <bioguideId>W000799</bioguideId>
        </identifiers>
        <lastName>Walz</lastName>
        <isOriginalCosponsor>True</isOriginalCosponsor>
        <firstName>Timothy</firstName>
        <state>MN</state>
      </item>
      <item>
        <district>11</district>
        <sponsorshipWithdrawnDate />
        <party>D</party>
        <fullName>Rep. Fudge, Marcia L. [D-OH-11]</fullName>
        <sponsorshipDate>2017-01-24</sponsorshipDate>
        <bioguideId>F000455</bioguideId>
        <middleName>L.</middleName>
        <identifiers>
          <lisID>1895</lisID>
          <gpoId>8101</gpoId>
          <bioguideId>F000455</bioguideId>
        </identifiers>
        <lastName>Fudge</lastName>
        <isOriginalCosponsor>True</isOriginalCosponsor>
        <firstName>Marcia</firstName>
        <state>OH</state>
      </item>
      <item>
        <district>11</district>
        <sponsorshipWithdrawnDate />
        <party>D</party>
        <fullName>Rep. DeSaulnier, Mark [D-CA-11]</fullName>
        <sponsorshipDate>2017-01-24</sponsorshipDate>
        <bioguideId>D000623</bioguideId>
        <middleName />
        <identifiers>
          <gpoId />
          <bioguideId>D000623</bioguideId>
          <lisID>2227</lisID>
        </identifiers>
        <lastName>DeSaulnier</lastName>
        <isOriginalCosponsor>True</isOriginalCosponsor>
        <firstName>Mark</firstName>
        <state>CA</state>
      </item>
      <item>
        <district>3</district>
        <sponsorshipWithdrawnDate />
        <party>D</party>
        <fullName>Rep. Grijalva, Raul M. [D-AZ-3]</fullName>
        <sponsorshipDate>2017-01-24</sponsorshipDate>
        <bioguideId>G000551</bioguideId>
        <middleName>M.</middleName>
        <identifiers>
          <gpoId>7804</gpoId>
          <lisID>1708</lisID>
          <bioguideId>G000551</bioguideId>
        </identifiers>
        <lastName>Grijalva</lastName>
        <isOriginalCosponsor>True</isOriginalCosponsor>
        <firstName>Raul</firstName>
        <state>AZ</state>
      </item>
      <item>
        <district>20</district>
        <sponsorshipWithdrawnDate />
        <party>D</party>
        <fullName>Rep. Hastings, Alcee L. [D-FL-20]</fullName>
        <sponsorshipDate>2017-01-24</sponsorshipDate>
        <bioguideId>H000324</bioguideId>
        <middleName>L.</middleName>
        <identifiers>
          <bioguideId>H000324</bioguideId>
          <lisID>511</lisID>
          <gpoId>7895</gpoId>
        </identifiers>
        <lastName>HASTINGS</lastName>
        <isOriginalCosponsor>True</isOriginalCosponsor>
        <firstName>ALCEE</firstName>
        <state>FL</state>
      </item>
      <item>
        <district>8</district>
        <sponsorshipWithdrawnDate />
        <party>D</party>
        <fullName>Rep. Raskin, Jamie [D-MD-8]</fullName>
        <sponsorshipDate>2017-01-24</sponsorshipDate>
        <bioguideId>R000606</bioguideId>
        <middleName />
        <identifiers>
          <bioguideId>R000606</bioguideId>
          <gpoId />
          <lisID>2332</lisID>
        </identifiers>
        <lastName>Raskin</lastName>
        <isOriginalCosponsor>True</isOriginalCosponsor>
        <firstName>Jamie</firstName>
        <state>MD</state>
      </item>
      <item>
        <district>8</district>
        <sponsorshipWithdrawnDate />
        <party>D</party>
        <fullName>Rep. Jeffries, Hakeem S. [D-NY-8]</fullName>
        <sponsorshipDate>2017-01-24</sponsorshipDate>
        <bioguideId>J000294</bioguideId>
        <middleName>S.</middleName>
        <identifiers>
          <bioguideId>J000294</bioguideId>
          <lisID>2149</lisID>
          <gpoId />
        </identifiers>
        <lastName>Jeffries</lastName>
        <isOriginalCosponsor>True</isOriginalCosponsor>
        <firstName>Hakeem</firstName>
        <state>NY</state>
      </item>
      <item>
        <district>2</district>
        <sponsorshipWithdrawnDate />
        <party>D</party>
        <fullName>Rep. Kuster, Ann M. [D-NH-2]</fullName>
        <sponsorshipDate>2017-01-24</sponsorshipDate>
        <bioguideId>K000382</bioguideId>
        <middleName>M.</middleName>
        <identifiers>
          <bioguideId>K000382</bioguideId>
          <lisID>2145</lisID>
          <gpoId />
        </identifiers>
        <lastName>Kuster</lastName>
        <isOriginalCosponsor>True</isOriginalCosponsor>
        <firstName>Ann</firstName>
        <state>NH</state>
      </item>
      <item>
        <district>2</district>
        <sponsorshipWithdrawnDate />
        <party>D</party>
        <fullName>Rep. Kelly, Robin L. [D-IL-2]</fullName>
        <sponsorshipDate>2017-01-24</sponsorshipDate>
        <bioguideId>K000385</bioguideId>
        <middleName>L.</middleName>
        <identifiers>
          <bioguideId>K000385</bioguideId>
          <lisID>2190</lisID>
          <gpoId />
        </identifiers>
        <lastName>Kelly</lastName>
        <isOriginalCosponsor>True</isOriginalCosponsor>
        <firstName>Robin</firstName>
        <state>IL</state>
      </item>
      <item>
        <district>28</district>
        <sponsorshipWithdrawnDate />
        <party>D</party>
        <fullName>Rep. Schiff, Adam B. [D-CA-28]</fullName>
        <sponsorshipDate>2017-01-24</sponsorshipDate>
        <bioguideId>S001150</bioguideId>
        <middleName>B.</middleName>
        <identifiers>
          <gpoId>7834</gpoId>
          <bioguideId>S001150</bioguideId>
          <lisID>1635</lisID>
        </identifiers>
        <lastName>SCHIFF</lastName>
        <isOriginalCosponsor>True</isOriginalCosponsor>
        <firstName>ADAM</firstName>
        <state>CA</state>
      </item>
      <item>
        <district>2</district>
        <sponsorshipWithdrawnDate />
        <party>D</party>
        <fullName>Rep. Bishop, Sanford D., Jr. [D-GA-2]</fullName>
        <sponsorshipDate>2017-01-24</sponsorshipDate>
        <bioguideId>B000490</bioguideId>
        <middleName>D.</middleName>
        <identifiers>
          <bioguideId>B000490</bioguideId>
          <gpoId>7899</gpoId>
          <lisID>91</lisID>
        </identifiers>
        <lastName>BISHOP</lastName>
        <isOriginalCosponsor>True</isOriginalCosponsor>
        <firstName>SANFORD</firstName>
        <state>GA</state>
      </item>
      <item>
        <district>23</district>
        <sponsorshipWithdrawnDate />
        <party>R</party>
        <fullName>Rep. Reed, Tom [R-NY-23]</fullName>
        <sponsorshipDate>2017-01-24</sponsorshipDate>
        <bioguideId>R000585</bioguideId>
        <middleName />
        <identifiers>
          <lisID>1982</lisID>
          <gpoId>8090</gpoId>
          <bioguideId>R000585</bioguideId>
        </identifiers>
        <lastName>Reed</lastName>
        <isOriginalCosponsor>True</isOriginalCosponsor>
        <firstName>Tom</firstName>
        <state>NY</state>
      </item>
      <item>
        <district>7</district>
        <sponsorshipWithdrawnDate />
        <party>R</party>
        <fullName>Rep. Lance, Leonard [R-NJ-7]</fullName>
        <sponsorshipDate>2017-01-24</sponsorshipDate>
        <bioguideId>L000567</bioguideId>
        <middleName />
        <identifiers>
          <lisID>1936</lisID>
          <gpoId>8049</gpoId>
          <bioguideId>L000567</bioguideId>
        </identifiers>
        <lastName>Lance</lastName>
        <isOriginalCosponsor>True</isOriginalCosponsor>
        <firstName>Leonard</firstName>
        <state>NJ</state>
      </item>
      <item>
        <district>5</district>
        <sponsorshipWithdrawnDate />
        <party>D</party>
        <fullName>Rep. Hoyer, Steny H. [D-MD-5]</fullName>
        <sponsorshipDate>2017-01-24</sponsorshipDate>
        <bioguideId>H000874</bioguideId>
        <middleName>H.</middleName>
        <identifiers>
          <lisID>566</lisID>
          <bioguideId>H000874</bioguideId>
          <gpoId>7980</gpoId>
        </identifiers>
        <lastName>HOYER</lastName>
        <isOriginalCosponsor>True</isOriginalCosponsor>
        <firstName>STENY</firstName>
        <state>MD</state>
      </item>
      <item>
        <district>6</district>
        <sponsorshipWithdrawnDate />
        <party>D</party>
        <fullName>Rep. Delaney, John K. [D-MD-6]</fullName>
        <sponsorshipDate>2017-01-24</sponsorshipDate>
        <bioguideId>D000620</bioguideId>
        <middleName>K.</middleName>
        <identifiers>
          <lisID>2133</lisID>
          <bioguideId>D000620</bioguideId>
          <gpoId />
        </identifiers>
        <lastName>Delaney</lastName>
        <isOriginalCosponsor>True</isOriginalCosponsor>
        <firstName>John</firstName>
        <state>MD</state>
      </item>
      <item>
        <district>1</district>
        <sponsorshipWithdrawnDate />
        <party>D</party>
        <fullName>Rep. Larson, John B. [D-CT-1]</fullName>
        <sponsorshipDate>2017-01-24</sponsorshipDate>
        <bioguideId>L000557</bioguideId>
        <middleName>B.</middleName>
        <identifiers>
          <lisID>1583</lisID>
          <bioguideId>L000557</bioguideId>
          <gpoId>7866</gpoId>
        </identifiers>
        <lastName>LARSON</lastName>
        <isOriginalCosponsor>True</isOriginalCosponsor>
        <firstName>JOHN</firstName>
        <state>CT</state>
      </item>
      <item>
        <district>6</district>
        <sponsorshipWithdrawnDate />
        <party>D</party>
        <fullName>Rep. Pallone, Frank, Jr. [D-NJ-6]</fullName>
        <sponsorshipDate>2017-01-24</sponsorshipDate>
        <bioguideId>P000034</bioguideId>
        <middleName />
        <identifiers>
          <lisID>887</lisID>
          <gpoId>8048</gpoId>
          <bioguideId>P000034</bioguideId>
        </identifiers>
        <lastName>PALLONE</lastName>
        <isOriginalCosponsor>True</isOriginalCosponsor>
        <firstName>FRANK</firstName>
        <state>NJ</state>
      </item>
      <item>
        <district>12</district>
        <sponsorshipWithdrawnDate />
        <party>D</party>
        <fullName>Rep. Dingell, Debbie [D-MI-12]</fullName>
        <sponsorshipDate>2017-01-24</sponsorshipDate>
        <bioguideId>D000624</bioguideId>
        <middleName />
        <identifiers>
          <bioguideId>D000624</bioguideId>
          <gpoId />
          <lisID>2251</lisID>
        </identifiers>
        <lastName>Dingell</lastName>
        <isOriginalCosponsor>True</isOriginalCosponsor>
        <firstName>Debbie</firstName>
        <state>MI</state>
      </item>
      <item>
        <district>17</district>
        <sponsorshipWithdrawnDate />
        <party>D</party>
        <fullName>Rep. Lowey, Nita M. [D-NY-17]</fullName>
        <sponsorshipDate>2017-01-24</sponsorshipDate>
        <bioguideId>L000480</bioguideId>
        <middleName>M.</middleName>
        <identifiers>
          <bioguideId>L000480</bioguideId>
          <lisID>709</lisID>
          <gpoId>8079</gpoId>
        </identifiers>
        <lastName>LOWEY</lastName>
        <isOriginalCosponsor>True</isOriginalCosponsor>
        <firstName>NITA</firstName>
        <state>NY</state>
      </item>
      <item>
        <district>1</district>
        <sponsorshipWithdrawnDate />
        <party>D</party>
        <fullName>Rep. Norcross, Donald [D-NJ-1]</fullName>
        <sponsorshipDate>2017-01-24</sponsorshipDate>
        <bioguideId>N000188</bioguideId>
        <middleName />
        <identifiers>
          <lisID>2202</lisID>
          <gpoId />
          <bioguideId>N000188</bioguideId>
        </identifiers>
        <lastName>Norcross</lastName>
        <isOriginalCosponsor>True</isOriginalCosponsor>
        <firstName>Donald</firstName>
        <state>NJ</state>
      </item>
      <item>
        <district>6</district>
        <sponsorshipWithdrawnDate />
        <party>D</party>
        <fullName>Rep. Meng, Grace [D-NY-6]</fullName>
        <sponsorshipDate>2017-01-24</sponsorshipDate>
        <bioguideId>M001188</bioguideId>
        <middleName />
        <identifiers>
          <gpoId />
          <bioguideId>M001188</bioguideId>
          <lisID>2148</lisID>
        </identifiers>
        <lastName>Meng</lastName>
        <isOriginalCosponsor>True</isOriginalCosponsor>
        <firstName>Grace</firstName>
        <state>NY</state>
      </item>
      <item>
        <district>5</district>
        <sponsorshipWithdrawnDate />
        <party>D</party>
        <fullName>Rep. Lawson, Al, Jr. [D-FL-5]</fullName>
        <sponsorshipDate>2017-01-24</sponsorshipDate>
        <bioguideId>L000586</bioguideId>
        <middleName />
        <identifiers>
          <lisID>2317</lisID>
          <gpoId />
          <bioguideId>L000586</bioguideId>
        </identifiers>
        <lastName>Lawson</lastName>
        <isOriginalCosponsor>True</isOriginalCosponsor>
        <firstName>Al</firstName>
        <state>FL</state>
      </item>
      <item>
        <district>22</district>
        <sponsorshipWithdrawnDate />
        <party>D</party>
        <fullName>Rep. Deutch, Theodore E. [D-FL-22]</fullName>
        <sponsorshipDate>2017-01-24</sponsorshipDate>
        <bioguideId>D000610</bioguideId>
        <middleName>E.</middleName>
        <identifiers>
          <lisID>1976</lisID>
          <bioguideId>D000610</bioguideId>
          <gpoId>7891</gpoId>
        </identifiers>
        <lastName>Deutch</lastName>
        <isOriginalCosponsor>True</isOriginalCosponsor>
        <firstName>Theodore</firstName>
        <state>FL</state>
      </item>
      <item>
        <district>13</district>
        <sponsorshipWithdrawnDate />
        <party>D</party>
        <fullName>Rep. Espaillat, Adriano [D-NY-13]</fullName>
        <sponsorshipDate>2017-01-24</sponsorshipDate>
        <bioguideId>E000297</bioguideId>
        <middleName />
        <identifiers>
          <gpoId />
          <bioguideId>E000297</bioguideId>
          <lisID>2342</lisID>
        </identifiers>
        <lastName>Espaillat</lastName>
        <isOriginalCosponsor>True</isOriginalCosponsor>
        <firstName>Adriano</firstName>
        <state>NY</state>
      </item>
      <item>
        <district>9</district>
        <sponsorshipWithdrawnDate />
        <party>D</party>
        <fullName>Rep. Clarke, Yvette D. [D-NY-9]</fullName>
        <sponsorshipDate>2017-01-24</sponsorshipDate>
        <bioguideId>C001067</bioguideId>
        <middleName>D.</middleName>
        <identifiers>
          <lisID>1864</lisID>
          <bioguideId>C001067</bioguideId>
          <gpoId>8072</gpoId>
        </identifiers>
        <lastName>Clarke</lastName>
        <isOriginalCosponsor>True</isOriginalCosponsor>
        <firstName>Yvette</firstName>
        <state>NY</state>
      </item>
      <item>
        <district>2</district>
        <sponsorshipWithdrawnDate />
        <party>D</party>
        <fullName>Rep. Larsen, Rick [D-WA-2]</fullName>
        <sponsorshipDate>2017-01-24</sponsorshipDate>
        <bioguideId>L000560</bioguideId>
        <middleName />
        <identifiers>
          <bioguideId>L000560</bioguideId>
          <gpoId>8206</gpoId>
          <lisID>1675</lisID>
        </identifiers>
        <lastName>LARSEN</lastName>
        <isOriginalCosponsor>True</isOriginalCosponsor>
        <firstName>RICK</firstName>
        <state>WA</state>
      </item>
      <item>
        <district>9</district>
        <sponsorshipWithdrawnDate />
        <party>D</party>
        <fullName>Rep. Keating, William R. [D-MA-9]</fullName>
        <sponsorshipDate>2017-01-24</sponsorshipDate>
        <bioguideId>K000375</bioguideId>
        <middleName>R.</middleName>
        <identifiers>
          <bioguideId>K000375</bioguideId>
          <lisID>2025</lisID>
          <gpoId>7975</gpoId>
        </identifiers>
        <lastName>Keating</lastName>
        <isOriginalCosponsor>True</isOriginalCosponsor>
        <firstName>William</firstName>
        <state>MA</state>
      </item>
      <item>
        <district>12</district>
        <sponsorshipWithdrawnDate />
        <party>D</party>
        <fullName>Rep. Adams, Alma S. [D-NC-12]</fullName>
        <sponsorshipDate>2017-01-24</sponsorshipDate>
        <bioguideId>A000370</bioguideId>
        <middleName>S.</middleName>
        <identifiers>
          <lisID>2201</lisID>
          <bioguideId>A000370</bioguideId>
          <gpoId />
        </identifiers>
        <lastName>Adams</lastName>
        <isOriginalCosponsor>True</isOriginalCosponsor>
        <firstName>Alma</firstName>
        <state>NC</state>
      </item>
      <item>
        <district>14</district>
        <sponsorshipWithdrawnDate />
        <party>D</party>
        <fullName>Rep. Lawrence, Brenda L. [D-MI-14]</fullName>
        <sponsorshipDate>2017-01-24</sponsorshipDate>
        <bioguideId>L000581</bioguideId>
        <middleName>L.</middleName>
        <identifiers>
          <lisID>2252</lisID>
          <gpoId />
          <bioguideId>L000581</bioguideId>
        </identifiers>
        <lastName>Lawrence</lastName>
        <isOriginalCosponsor>True</isOriginalCosponsor>
        <firstName>Brenda</firstName>
        <state>MI</state>
      </item>
      <item>
        <district>24</district>
        <sponsorshipWithdrawnDate />
        <party>D</party>
        <fullName>Rep. Wilson, Frederica S. [D-FL-24]</fullName>
        <sponsorshipDate>2017-01-24</sponsorshipDate>
        <bioguideId>W000808</bioguideId>
        <middleName>S.</middleName>
        <identifiers>
          <bioguideId>W000808</bioguideId>
          <lisID>2004</lisID>
          <gpoId>7889</gpoId>
        </identifiers>
        <lastName>Wilson</lastName>
        <isOriginalCosponsor>True</isOriginalCosponsor>
        <firstName>Frederica</firstName>
        <state>FL</state>
      </item>
      <item>
        <district>6</district>
        <sponsorshipWithdrawnDate />
        <party>D</party>
        <fullName>Rep. Matsui, Doris O. [D-CA-6]</fullName>
        <sponsorshipDate>2017-01-24</sponsorshipDate>
        <bioguideId>M001163</bioguideId>
        <middleName>O.</middleName>
        <identifiers>
          <lisID>1814</lisID>
          <bioguideId>M001163</bioguideId>
          <gpoId>7810</gpoId>
        </identifiers>
        <lastName>Matsui</lastName>
        <isOriginalCosponsor>True</isOriginalCosponsor>
        <firstName>Doris</firstName>
        <state>CA</state>
      </item>
      <item>
        <district>53</district>
        <sponsorshipWithdrawnDate />
        <party>D</party>
        <fullName>Rep. Davis, Susan A. [D-CA-53]</fullName>
        <sponsorshipDate>2017-01-24</sponsorshipDate>
        <bioguideId>D000598</bioguideId>
        <middleName>A.</middleName>
        <identifiers>
          <lisID>1641</lisID>
          <bioguideId>D000598</bioguideId>
          <gpoId>7858</gpoId>
        </identifiers>
        <lastName>DAVIS</lastName>
        <isOriginalCosponsor>True</isOriginalCosponsor>
        <firstName>SUSAN</firstName>
        <state>CA</state>
      </item>
      <item>
        <district>38</district>
        <sponsorshipWithdrawnDate />
        <party>D</party>
        <fullName>Rep. Sanchez, Linda T. [D-CA-38]</fullName>
        <sponsorshipDate>2017-01-24</sponsorshipDate>
        <bioguideId>S001156</bioguideId>
        <middleName>T.</middleName>
        <identifiers>
          <bioguideId>S001156</bioguideId>
          <lisID>1757</lisID>
          <gpoId>7844</gpoId>
        </identifiers>
        <lastName>SANCHEZ</lastName>
        <isOriginalCosponsor>True</isOriginalCosponsor>
        <firstName>LINDA</firstName>
        <state>CA</state>
      </item>
      <item>
        <district>1</district>
        <sponsorshipWithdrawnDate />
        <party>D</party>
        <fullName>Rep. Cicilline, David N. [D-RI-1]</fullName>
        <sponsorshipDate>2017-01-24</sponsorshipDate>
        <bioguideId>C001084</bioguideId>
        <middleName>N.</middleName>
        <identifiers>
          <gpoId>8139</gpoId>
          <bioguideId>C001084</bioguideId>
          <lisID>2055</lisID>
        </identifiers>
        <lastName>Cicilline</lastName>
        <isOriginalCosponsor>True</isOriginalCosponsor>
        <firstName>David</firstName>
        <state>RI</state>
      </item>
      <item>
        <district>1</district>
        <sponsorshipWithdrawnDate />
        <party>D</party>
        <fullName>Rep. Bonamici, Suzanne [D-OR-1]</fullName>
        <sponsorshipDate>2017-01-24</sponsorshipDate>
        <bioguideId>B001278</bioguideId>
        <middleName />
        <identifiers>
          <bioguideId>B001278</bioguideId>
          <lisID>2092</lisID>
          <gpoId>8367</gpoId>
        </identifiers>
        <lastName>Bonamici</lastName>
        <isOriginalCosponsor>True</isOriginalCosponsor>
        <firstName>Suzanne</firstName>
        <state>OR</state>
      </item>
      <item>
        <district>13</district>
        <sponsorshipWithdrawnDate />
        <party>D</party>
        <fullName>Rep. Lee, Barbara [D-CA-13]</fullName>
        <sponsorshipDate>2017-01-24</sponsorshipDate>
        <bioguideId>L000551</bioguideId>
        <middleName />
        <identifiers>
          <bioguideId>L000551</bioguideId>
          <lisID>1501</lisID>
          <gpoId>7814</gpoId>
        </identifiers>
        <lastName>LEE</lastName>
        <isOriginalCosponsor>True</isOriginalCosponsor>
        <firstName>BARBARA</firstName>
        <state>CA</state>
      </item>
      <item>
        <district>5</district>
        <sponsorshipWithdrawnDate />
        <party>D</party>
        <fullName>Rep. Kildee, Daniel T. [D-MI-5]</fullName>
        <sponsorshipDate>2017-01-24</sponsorshipDate>
        <bioguideId>K000380</bioguideId>
        <middleName>T.</middleName>
        <identifiers>
          <bioguideId>K000380</bioguideId>
          <lisID>2134</lisID>
          <gpoId />
        </identifiers>
        <lastName>Kildee</lastName>
        <isOriginalCosponsor>True</isOriginalCosponsor>
        <firstName>Daniel</firstName>
        <state>MI</state>
      </item>
      <item>
        <district>18</district>
        <sponsorshipWithdrawnDate />
        <party>D</party>
        <fullName>Rep. Eshoo, Anna G. [D-CA-18]</fullName>
        <sponsorshipDate>2017-01-24</sponsorshipDate>
        <bioguideId>E000215</bioguideId>
        <middleName>G.</middleName>
        <identifiers>
          <bioguideId>E000215</bioguideId>
          <gpoId>7819</gpoId>
          <lisID>355</lisID>
        </identifiers>
        <lastName>ESHOO</lastName>
        <isOriginalCosponsor>True</isOriginalCosponsor>
        <firstName>ANNA</firstName>
        <state>CA</state>
      </item>
      <item>
        <district>4</district>
        <sponsorshipWithdrawnDate />
        <party>D</party>
        <fullName>Rep. Kennedy, Joseph P., III [D-MA-4]</fullName>
        <sponsorshipDate>2017-01-24</sponsorshipDate>
        <bioguideId>K000379</bioguideId>
        <middleName>P.</middleName>
        <identifiers>
          <lisID>2172</lisID>
          <bioguideId>K000379</bioguideId>
          <gpoId />
        </identifiers>
        <lastName>Kennedy</lastName>
        <isOriginalCosponsor>True</isOriginalCosponsor>
        <firstName>Joseph</firstName>
        <state>MA</state>
      </item>
      <item>
        <district>2</district>
        <sponsorshipWithdrawnDate />
        <party>D</party>
        <fullName>Rep. McGovern, James P. [D-MA-2]</fullName>
        <sponsorshipDate>2017-01-24</sponsorshipDate>
        <bioguideId>M000312</bioguideId>
        <middleName>P.</middleName>
        <identifiers>
          <lisID>1504</lisID>
          <gpoId>7968</gpoId>
          <bioguideId>M000312</bioguideId>
        </identifiers>
        <lastName>MCGOVERN</lastName>
        <isOriginalCosponsor>True</isOriginalCosponsor>
        <firstName>JAMES</firstName>
        <state>MA</state>
      </item>
      <item>
        <district>0</district>
        <sponsorshipWithdrawnDate />
        <party>D</party>
        <fullName>Rep. Norton, Eleanor Holmes [D-DC-At Large]</fullName>
        <sponsorshipDate>2017-01-24</sponsorshipDate>
        <bioguideId>N000147</bioguideId>
        <middleName>HOLMES</middleName>
        <identifiers>
          <bioguideId>N000147</bioguideId>
          <lisID>868</lisID>
          <gpoId>7871</gpoId>
        </identifiers>
        <lastName>NORTON</lastName>
        <isOriginalCosponsor>True</isOriginalCosponsor>
        <firstName>ELEANOR</firstName>
        <state>DC</state>
      </item>
      <item>
        <district>4</district>
        <sponsorshipWithdrawnDate />
        <party>D</party>
        <fullName>Rep. Rice, Kathleen M. [D-NY-4]</fullName>
        <sponsorshipDate>2017-01-24</sponsorshipDate>
        <bioguideId>R000602</bioguideId>
        <middleName>M.</middleName>
        <identifiers>
          <lisID>2262</lisID>
          <gpoId />
          <bioguideId>R000602</bioguideId>
        </identifiers>
        <lastName>Rice</lastName>
        <isOriginalCosponsor>True</isOriginalCosponsor>
        <firstName>Kathleen</firstName>
        <state>NY</state>
      </item>
      <item>
        <district>15</district>
        <sponsorshipWithdrawnDate />
        <party>D</party>
        <fullName>Rep. Swalwell, Eric [D-CA-15]</fullName>
        <sponsorshipDate>2017-01-24</sponsorshipDate>
        <bioguideId>S001193</bioguideId>
        <middleName />
        <identifiers>
          <lisID>2104</lisID>
          <bioguideId>S001193</bioguideId>
          <gpoId />
        </identifiers>
        <lastName>Swalwell</lastName>
        <isOriginalCosponsor>True</isOriginalCosponsor>
        <firstName>Eric</firstName>
        <state>CA</state>
      </item>
      <item>
        <district>16</district>
        <sponsorshipWithdrawnDate />
        <party>D</party>
        <fullName>Rep. Engel, Eliot L. [D-NY-16]</fullName>
        <sponsorshipDate>2017-01-24</sponsorshipDate>
        <bioguideId>E000179</bioguideId>
        <middleName>L.</middleName>
        <identifiers>
          <bioguideId>E000179</bioguideId>
          <lisID>344</lisID>
          <gpoId>8078</gpoId>
        </identifiers>
        <lastName>ENGEL</lastName>
        <isOriginalCosponsor>True</isOriginalCosponsor>
        <firstName>ELIOT</firstName>
        <state>NY</state>
      </item>
      <item>
        <district>8</district>
        <sponsorshipWithdrawnDate />
        <party>D</party>
        <fullName>Rep. Sires, Albio [D-NJ-8]</fullName>
        <sponsorshipDate>2017-01-24</sponsorshipDate>
        <bioguideId>S001165</bioguideId>
        <middleName />
        <identifiers>
          <lisID>1818</lisID>
          <bioguideId>S001165</bioguideId>
          <gpoId>8055</gpoId>
        </identifiers>
        <lastName>Sires</lastName>
        <isOriginalCosponsor>True</isOriginalCosponsor>
        <firstName>Albio</firstName>
        <state>NJ</state>
      </item>
      <item>
        <district>33</district>
        <sponsorshipWithdrawnDate />
        <party>D</party>
        <fullName>Rep. Lieu, Ted [D-CA-33]</fullName>
        <sponsorshipDate>2017-01-24</sponsorshipDate>
        <bioguideId>L000582</bioguideId>
        <middleName />
        <identifiers>
          <lisID>2230</lisID>
          <bioguideId>L000582</bioguideId>
          <gpoId />
        </identifiers>
        <lastName>Lieu</lastName>
        <isOriginalCosponsor>True</isOriginalCosponsor>
        <firstName>Ted</firstName>
        <state>CA</state>
      </item>
      <item>
        <district>2</district>
        <sponsorshipWithdrawnDate />
        <party>D</party>
        <fullName>Rep. Pocan, Mark [D-WI-2]</fullName>
        <sponsorshipDate>2017-01-24</sponsorshipDate>
        <bioguideId>P000607</bioguideId>
        <middleName />
        <identifiers>
          <lisID>2171</lisID>
          <gpoId />
          <bioguideId>P000607</bioguideId>
        </identifiers>
        <lastName>Pocan</lastName>
        <isOriginalCosponsor>True</isOriginalCosponsor>
        <firstName>Mark</firstName>
        <state>WI</state>
      </item>
      <item>
        <district>1</district>
        <sponsorshipWithdrawnDate />
        <party>D</party>
        <fullName>Rep. DeGette, Diana [D-CO-1]</fullName>
        <sponsorshipDate>2017-01-24</sponsorshipDate>
        <bioguideId>D000197</bioguideId>
        <middleName />
        <identifiers>
          <bioguideId>D000197</bioguideId>
          <gpoId>7859</gpoId>
          <lisID>1479</lisID>
        </identifiers>
        <lastName>DEGETTE</lastName>
        <isOriginalCosponsor>True</isOriginalCosponsor>
        <firstName>DIANA</firstName>
        <state>CO</state>
      </item>
      <item>
        <district>3</district>
        <sponsorshipWithdrawnDate />
        <party>D</party>
        <fullName>Rep. Tsongas, Niki [D-MA-3]</fullName>
        <sponsorshipDate>2017-01-24</sponsorshipDate>
        <bioguideId>T000465</bioguideId>
        <middleName />
        <identifiers>
          <gpoId>7970</gpoId>
          <lisID>1884</lisID>
          <bioguideId>T000465</bioguideId>
        </identifiers>
        <lastName>Tsongas</lastName>
        <isOriginalCosponsor>True</isOriginalCosponsor>
        <firstName>Niki</firstName>
        <state>MA</state>
      </item>
      <item>
        <district>8</district>
        <sponsorshipWithdrawnDate />
        <party>D</party>
        <fullName>Rep. Lynch, Stephen F. [D-MA-8]</fullName>
        <sponsorshipDate>2017-01-24</sponsorshipDate>
        <bioguideId>L000562</bioguideId>
        <middleName>F.</middleName>
        <identifiers>
          <bioguideId>L000562</bioguideId>
          <lisID>1686</lisID>
          <gpoId>7974</gpoId>
        </identifiers>
        <lastName>Lynch</lastName>
        <isOriginalCosponsor>True</isOriginalCosponsor>
        <firstName>Stephen</firstName>
        <state>MA</state>
      </item>
      <item>
        <district>1</district>
        <sponsorshipWithdrawnDate />
        <party>D</party>
        <fullName>Rep. Lujan Grisham, Michelle [D-NM-1]</fullName>
        <sponsorshipDate>2017-01-24</sponsorshipDate>
        <bioguideId>L000580</bioguideId>
        <middleName />
        <identifiers>
          <bioguideId>L000580</bioguideId>
          <gpoId />
          <lisID>2146</lisID>
        </identifiers>
        <lastName>Lujan Grisham</lastName>
        <isOriginalCosponsor>True</isOriginalCosponsor>
        <firstName>Michelle</firstName>
        <state>NM</state>
      </item>
      <item>
        <district>31</district>
        <sponsorshipWithdrawnDate />
        <party>D</party>
        <fullName>Rep. Aguilar, Pete [D-CA-31]</fullName>
        <sponsorshipDate>2017-01-24</sponsorshipDate>
        <bioguideId>A000371</bioguideId>
        <middleName />
        <identifiers>
          <lisID>2229</lisID>
          <bioguideId>A000371</bioguideId>
          <gpoId />
        </identifiers>
        <lastName>Aguilar</lastName>
        <isOriginalCosponsor>True</isOriginalCosponsor>
        <firstName>Pete</firstName>
        <state>CA</state>
      </item>
      <item>
        <district>29</district>
        <sponsorshipWithdrawnDate />
        <party>D</party>
        <fullName>Rep. Cardenas, Tony [D-CA-29]</fullName>
        <sponsorshipDate>2017-01-24</sponsorshipDate>
        <bioguideId>C001097</bioguideId>
        <middleName />
        <identifiers>
          <lisID>2107</lisID>
          <gpoId />
          <bioguideId>C001097</bioguideId>
        </identifiers>
        <lastName>Cardenas</lastName>
        <isOriginalCosponsor>True</isOriginalCosponsor>
        <firstName>Tony</firstName>
        <state>CA</state>
      </item>
      <item>
        <district>9</district>
        <sponsorshipWithdrawnDate />
        <party>D</party>
        <fullName>Rep. Schakowsky, Janice D. [D-IL-9]</fullName>
        <sponsorshipDate>2017-01-24</sponsorshipDate>
        <bioguideId>S001145</bioguideId>
        <middleName>D.</middleName>
        <identifiers>
          <gpoId>7929</gpoId>
          <bioguideId>S001145</bioguideId>
          <lisID>1588</lisID>
        </identifiers>
        <lastName>SCHAKOWSKY</lastName>
        <isOriginalCosponsor>True</isOriginalCosponsor>
        <firstName>JANICE</firstName>
        <state>IL</state>
      </item>
      <item>
        <district>8</district>
        <sponsorshipWithdrawnDate />
        <party>D</party>
        <fullName>Rep. Beyer, Donald S., Jr. [D-VA-8]</fullName>
        <sponsorshipDate>2017-01-24</sponsorshipDate>
        <bioguideId>B001292</bioguideId>
        <middleName>S.</middleName>
        <identifiers>
          <gpoId />
          <lisID>2272</lisID>
          <bioguideId>B001292</bioguideId>
        </identifiers>
        <lastName>Beyer</lastName>
        <isOriginalCosponsor>True</isOriginalCosponsor>
        <firstName>Donald</firstName>
        <state>VA</state>
      </item>
      <item>
        <district>5</district>
        <sponsorshipWithdrawnDate />
        <party>D</party>
        <fullName>Rep. Cooper, Jim [D-TN-5]</fullName>
        <sponsorshipDate>2017-01-24</sponsorshipDate>
        <bioguideId>C000754</bioguideId>
        <middleName>H.</middleName>
        <identifiers>
          <gpoId>8152</gpoId>
          <bioguideId>C000754</bioguideId>
          <lisID>231</lisID>
        </identifiers>
        <lastName>COOPER</lastName>
        <isOriginalCosponsor>True</isOriginalCosponsor>
        <firstName>JAMES</firstName>
        <state>TN</state>
      </item>
      <item>
        <district>9</district>
        <sponsorshipWithdrawnDate />
        <party>D</party>
        <fullName>Rep. Cohen, Steve [D-TN-9]</fullName>
        <sponsorshipDate>2017-01-24</sponsorshipDate>
        <bioguideId>C001068</bioguideId>
        <middleName />
        <identifiers>
          <lisID>1878</lisID>
          <bioguideId>C001068</bioguideId>
          <gpoId>8156</gpoId>
        </identifiers>
        <lastName>Cohen</lastName>
        <isOriginalCosponsor>True</isOriginalCosponsor>
        <firstName>Steve</firstName>
        <state>TN</state>
      </item>
      <item>
        <district>6</district>
        <sponsorshipWithdrawnDate />
        <party>D</party>
        <fullName>Rep. Moulton, Seth [D-MA-6]</fullName>
        <sponsorshipDate>2017-02-03</sponsorshipDate>
        <bioguideId>M001196</bioguideId>
        <middleName />
        <identifiers>
          <lisID>2246</lisID>
          <bioguideId>M001196</bioguideId>
          <gpoId />
        </identifiers>
        <lastName>Moulton</lastName>
        <isOriginalCosponsor>False</isOriginalCosponsor>
        <firstName>Seth</firstName>
        <state>MA</state>
      </item>
      <item>
        <district>17</district>
        <sponsorshipWithdrawnDate />
        <party>D</party>
        <fullName>Rep. Cartwright, Matt [D-PA-17]</fullName>
        <sponsorshipDate>2017-02-03</sponsorshipDate>
        <bioguideId>C001090</bioguideId>
        <middleName />
        <identifiers>
          <gpoId />
          <lisID>2159</lisID>
          <bioguideId>C001090</bioguideId>
        </identifiers>
        <lastName>Cartwright</lastName>
        <isOriginalCosponsor>False</isOriginalCosponsor>
        <firstName>Matt</firstName>
        <state>PA</state>
      </item>
      <item>
        <district>5</district>
        <sponsorshipWithdrawnDate />
        <party>D</party>
        <fullName>Rep. Thompson, Mike [D-CA-5]</fullName>
        <sponsorshipDate>2017-02-03</sponsorshipDate>
        <bioguideId>T000460</bioguideId>
        <middleName />
        <identifiers>
          <gpoId>7806</gpoId>
          <lisID>1593</lisID>
          <bioguideId>T000460</bioguideId>
        </identifiers>
        <lastName>THOMPSON</lastName>
        <isOriginalCosponsor>False</isOriginalCosponsor>
        <firstName>MIKE</firstName>
        <state>CA</state>
      </item>
      <item>
        <district>1</district>
        <sponsorshipWithdrawnDate />
        <party>D</party>
        <fullName>Rep. Pingree, Chellie [D-ME-1]</fullName>
        <sponsorshipDate>2017-02-03</sponsorshipDate>
        <bioguideId>P000597</bioguideId>
        <middleName />
        <identifiers>
          <bioguideId>P000597</bioguideId>
          <lisID>1927</lisID>
          <gpoId>7984</gpoId>
        </identifiers>
        <lastName>Pingree</lastName>
        <isOriginalCosponsor>False</isOriginalCosponsor>
        <firstName>Chellie</firstName>
        <state>ME</state>
      </item>
      <item>
        <district>15</district>
        <sponsorshipWithdrawnDate />
        <party>D</party>
        <fullName>Rep. Serrano, Jose E. [D-NY-15]</fullName>
        <sponsorshipDate>2017-02-03</sponsorshipDate>
        <bioguideId>S000248</bioguideId>
        <middleName>E.</middleName>
        <identifiers>
          <bioguideId>S000248</bioguideId>
          <lisID>1042</lisID>
          <gpoId>8077</gpoId>
        </identifiers>
        <lastName>SERRANO</lastName>
        <isOriginalCosponsor>False</isOriginalCosponsor>
        <firstName>JOSE</firstName>
        <state>NY</state>
      </item>
      <item>
        <district>2</district>
        <sponsorshipWithdrawnDate />
        <party>D</party>
        <fullName>Rep. Loebsack, David [D-IA-2]</fullName>
        <sponsorshipDate>2017-02-03</sponsorshipDate>
        <bioguideId>L000565</bioguideId>
        <middleName />
        <identifiers>
          <lisID>1846</lisID>
          <bioguideId>L000565</bioguideId>
          <gpoId>7915</gpoId>
        </identifiers>
        <lastName>Loebsack</lastName>
        <isOriginalCosponsor>False</isOriginalCosponsor>
        <firstName>David</firstName>
        <state>IA</state>
      </item>
      <item>
        <district>2</district>
        <sponsorshipWithdrawnDate />
        <party>D</party>
        <fullName>Rep. Polis, Jared [D-CO-2]</fullName>
        <sponsorshipDate>2017-02-03</sponsorshipDate>
        <bioguideId>P000598</bioguideId>
        <middleName />
        <identifiers>
          <gpoId>7860</gpoId>
          <lisID>1910</lisID>
          <bioguideId>P000598</bioguideId>
        </identifiers>
        <lastName>Polis</lastName>
        <isOriginalCosponsor>False</isOriginalCosponsor>
        <firstName>Jared</firstName>
        <state>CO</state>
      </item>
      <item>
        <district>13</district>
        <sponsorshipWithdrawnDate />
        <party>D</party>
        <fullName>Rep. Scott, David [D-GA-13]</fullName>
        <sponsorshipDate>2017-02-03</sponsorshipDate>
        <bioguideId>S001157</bioguideId>
        <middleName />
        <identifiers>
          <bioguideId>S001157</bioguideId>
          <lisID>1722</lisID>
          <gpoId>7910</gpoId>
        </identifiers>
        <lastName>Scott</lastName>
        <isOriginalCosponsor>False</isOriginalCosponsor>
        <firstName>David</firstName>
        <state>GA</state>
      </item>
      <item>
        <district>4</district>
        <sponsorshipWithdrawnDate />
        <party>D</party>
        <fullName>Rep. Gutierrez, Luis V. [D-IL-4]</fullName>
        <sponsorshipDate>2017-02-03</sponsorshipDate>
        <bioguideId>G000535</bioguideId>
        <middleName>V.</middleName>
        <identifiers>
          <bioguideId>G000535</bioguideId>
          <lisID>478</lisID>
          <gpoId>7924</gpoId>
        </identifiers>
        <lastName>GUTIERREZ</lastName>
        <isOriginalCosponsor>False</isOriginalCosponsor>
        <firstName>LUIS</firstName>
        <state>IL</state>
      </item>
      <item>
        <district>1</district>
        <sponsorshipWithdrawnDate />
        <party>D</party>
        <fullName>Rep. Hanabusa, Colleen [D-HI-1]</fullName>
        <sponsorshipDate>2017-02-03</sponsorshipDate>
        <bioguideId>H001050</bioguideId>
        <middleName />
        <identifiers>
          <lisID>2010</lisID>
          <bioguideId>H001050</bioguideId>
          <gpoId>7912</gpoId>
        </identifiers>
        <lastName>Hanabusa</lastName>
        <isOriginalCosponsor>False</isOriginalCosponsor>
        <firstName>Colleen</firstName>
        <state>HI</state>
      </item>
      <item>
        <district>10</district>
        <sponsorshipWithdrawnDate />
        <party>D</party>
        <fullName>Rep. Demings, Val Butler [D-FL-10]</fullName>
        <sponsorshipDate>2017-02-03</sponsorshipDate>
        <bioguideId>D000627</bioguideId>
        <middleName>Butler</middleName>
        <identifiers>
          <lisID>2320</lisID>
          <gpoId />
          <bioguideId>D000627</bioguideId>
        </identifiers>
        <lastName>Demings</lastName>
        <isOriginalCosponsor>False</isOriginalCosponsor>
        <firstName>Val</firstName>
        <state>FL</state>
      </item>
      <item>
        <district>2</district>
        <sponsorshipWithdrawnDate />
        <party>R</party>
        <fullName>Rep. LoBiondo, Frank A. [R-NJ-2]</fullName>
        <sponsorshipDate>2017-02-14</sponsorshipDate>
        <bioguideId>L000554</bioguideId>
        <middleName>A.</middleName>
        <identifiers>
          <gpoId>8044</gpoId>
          <lisID>699</lisID>
          <bioguideId>L000554</bioguideId>
        </identifiers>
        <lastName>LOBIONDO</lastName>
        <isOriginalCosponsor>False</isOriginalCosponsor>
        <firstName>FRANK</firstName>
        <state>NJ</state>
      </item>
      <item>
        <district>7</district>
        <sponsorshipWithdrawnDate />
        <party>D</party>
        <fullName>Rep. Velazquez, Nydia M. [D-NY-7]</fullName>
        <sponsorshipDate>2017-02-14</sponsorshipDate>
        <bioguideId>V000081</bioguideId>
        <middleName>M.</middleName>
        <identifiers>
          <lisID>1184</lisID>
          <bioguideId>V000081</bioguideId>
          <gpoId>8073</gpoId>
        </identifiers>
        <lastName>VELAZQUEZ</lastName>
        <isOriginalCosponsor>False</isOriginalCosponsor>
        <firstName>NYDIA</firstName>
        <state>NY</state>
      </item>
      <item>
        <district>30</district>
        <sponsorshipWithdrawnDate />
        <party>D</party>
        <fullName>Rep. Sherman, Brad [D-CA-30]</fullName>
        <sponsorshipDate>2017-03-17</sponsorshipDate>
        <bioguideId>S000344</bioguideId>
        <middleName />
        <identifiers>
          <lisID>1526</lisID>
          <bioguideId>S000344</bioguideId>
          <gpoId>7832</gpoId>
        </identifiers>
        <lastName>SHERMAN</lastName>
        <isOriginalCosponsor>False</isOriginalCosponsor>
        <firstName>BRAD</firstName>
        <state>CA</state>
      </item>
      <item>
        <district>26</district>
        <sponsorshipWithdrawnDate />
        <party>D</party>
        <fullName>Rep. Brownley, Julia [D-CA-26]</fullName>
        <sponsorshipDate>2017-03-17</sponsorshipDate>
        <bioguideId>B001285</bioguideId>
        <middleName />
        <identifiers>
          <bioguideId>B001285</bioguideId>
          <lisID>2106</lisID>
          <gpoId />
        </identifiers>
        <lastName>Brownley</lastName>
        <isOriginalCosponsor>False</isOriginalCosponsor>
        <firstName>Julia</firstName>
        <state>CA</state>
      </item>
      <item>
        <district>24</district>
        <sponsorshipWithdrawnDate />
        <party>D</party>
        <fullName>Rep. Carbajal, Salud O. [D-CA-24]</fullName>
        <sponsorshipDate>2017-04-03</sponsorshipDate>
        <bioguideId>C001112</bioguideId>
        <middleName>O.</middleName>
        <identifiers>
          <lisID>2310</lisID>
          <bioguideId>C001112</bioguideId>
          <gpoId />
        </identifiers>
        <lastName>Carbajal</lastName>
        <isOriginalCosponsor>False</isOriginalCosponsor>
        <firstName>Salud</firstName>
        <state>CA</state>
      </item>
      <item>
        <district>0</district>
        <sponsorshipWithdrawnDate />
        <party>D</party>
        <fullName>Rep. Plaskett, Stacey E. [D-VI-At Large]</fullName>
        <sponsorshipDate>2017-04-25</sponsorshipDate>
        <bioguideId>P000610</bioguideId>
        <middleName>E.</middleName>
        <identifiers>
          <lisID>2274</lisID>
          <bioguideId>P000610</bioguideId>
          <gpoId />
        </identifiers>
        <lastName>Plaskett</lastName>
        <isOriginalCosponsor>False</isOriginalCosponsor>
        <firstName>Stacey</firstName>
        <state>VI</state>
      </item>
      <item>
        <district>10</district>
        <sponsorshipWithdrawnDate />
        <party>D</party>
        <fullName>Rep. Schneider, Bradley Scott [D-IL-10]</fullName>
        <sponsorshipDate>2017-04-28</sponsorshipDate>
        <bioguideId>S001190</bioguideId>
        <middleName>Scott</middleName>
        <identifiers>
          <lisID>2124</lisID>
          <bioguideId>S001190</bioguideId>
          <gpoId />
        </identifiers>
        <lastName>Schneider</lastName>
        <isOriginalCosponsor>False</isOriginalCosponsor>
        <firstName>Bradley</firstName>
        <state>IL</state>
      </item>
      <item>
        <district>7</district>
        <sponsorshipWithdrawnDate />
        <party>D</party>
        <fullName>Rep. Jayapal, Pramila [D-WA-7]</fullName>
        <sponsorshipDate>2017-06-20</sponsorshipDate>
        <bioguideId>J000298</bioguideId>
        <middleName />
        <identifiers>
          <lisID>2354</lisID>
          <gpoId />
          <bioguideId>J000298</bioguideId>
        </identifiers>
        <lastName>Jayapal</lastName>
        <isOriginalCosponsor>False</isOriginalCosponsor>
        <firstName>Pramila</firstName>
        <state>WA</state>
      </item>
      <item>
        <district>17</district>
        <sponsorshipWithdrawnDate />
        <party>D</party>
        <fullName>Rep. Khanna, Ro [D-CA-17]</fullName>
        <sponsorshipDate>2017-06-27</sponsorshipDate>
        <bioguideId>K000389</bioguideId>
        <middleName />
        <identifiers>
          <bioguideId>K000389</bioguideId>
          <gpoId />
          <lisID>2308</lisID>
        </identifiers>
        <lastName>Khanna</lastName>
        <isOriginalCosponsor>False</isOriginalCosponsor>
        <firstName>Ro</firstName>
        <state>CA</state>
      </item>
      <item>
        <district>14</district>
        <sponsorshipWithdrawnDate />
        <party>D</party>
        <fullName>Rep. Speier, Jackie [D-CA-14]</fullName>
        <sponsorshipDate>2017-07-11</sponsorshipDate>
        <bioguideId>S001175</bioguideId>
        <middleName />
        <identifiers>
          <gpoId>7817</gpoId>
          <bioguideId>S001175</bioguideId>
          <lisID>1890</lisID>
        </identifiers>
        <lastName>Speier</lastName>
        <isOriginalCosponsor>False</isOriginalCosponsor>
        <firstName>Jackie</firstName>
        <state>CA</state>
      </item>
      <item>
        <district>9</district>
        <sponsorshipWithdrawnDate />
        <party>D</party>
        <fullName>Rep. Green, Al [D-TX-9]</fullName>
        <sponsorshipDate>2017-07-24</sponsorshipDate>
        <bioguideId>G000553</bioguideId>
        <middleName />
        <identifiers>
          <lisID>1803</lisID>
          <bioguideId>G000553</bioguideId>
          <gpoId>8165</gpoId>
        </identifiers>
        <lastName>Green</lastName>
        <isOriginalCosponsor>False</isOriginalCosponsor>
        <firstName>Al</firstName>
        <state>TX</state>
      </item>
      <item>
        <district>9</district>
        <sponsorshipWithdrawnDate />
        <party>D</party>
        <fullName>Rep. Pascrell, Bill, Jr. [D-NJ-9]</fullName>
        <sponsorshipDate>2017-10-11</sponsorshipDate>
        <bioguideId>P000096</bioguideId>
        <middleName>J.</middleName>
        <identifiers>
          <lisID>1510</lisID>
          <gpoId>8050</gpoId>
          <bioguideId>P000096</bioguideId>
        </identifiers>
        <lastName>PASCRELL</lastName>
        <isOriginalCosponsor>False</isOriginalCosponsor>
        <firstName>WILLIAM</firstName>
        <state>NJ</state>
      </item>
      <item>
        <district>4</district>
        <sponsorshipWithdrawnDate />
        <party>D</party>
        <fullName>Rep. Kihuen, Ruben J. [D-NV-4]</fullName>
        <sponsorshipDate>2017-12-14</sponsorshipDate>
        <bioguideId>K000390</bioguideId>
        <middleName>J.</middleName>
        <identifiers>
          <bioguideId>K000390</bioguideId>
          <lisID>2340</lisID>
          <gpoId />
        </identifiers>
        <lastName>Kihuen</lastName>
        <isOriginalCosponsor>False</isOriginalCosponsor>
        <firstName>Ruben</firstName>
        <state>NV</state>
      </item>
      <item>
        <district>5</district>
        <sponsorshipWithdrawnDate />
        <party>D</party>
        <fullName>Rep. Esty, Elizabeth H. [D-CT-5]</fullName>
        <sponsorshipDate>2017-12-14</sponsorshipDate>
        <bioguideId>E000293</bioguideId>
        <middleName>H.</middleName>
        <identifiers>
          <lisID>2114</lisID>
          <bioguideId>E000293</bioguideId>
          <gpoId />
        </identifiers>
        <lastName>Esty</lastName>
        <isOriginalCosponsor>False</isOriginalCosponsor>
        <firstName>Elizabeth</firstName>
        <state>CT</state>
      </item>
      <item>
        <district>34</district>
        <sponsorshipWithdrawnDate />
        <party>D</party>
        <fullName>Rep. Gomez, Jimmy [D-CA-34]</fullName>
        <sponsorshipDate>2017-12-14</sponsorshipDate>
        <bioguideId>G000585</bioguideId>
        <middleName />
        <identifiers>
          <gpoId />
          <bioguideId>G000585</bioguideId>
          <lisID>2362</lisID>
        </identifiers>
        <lastName>Gomez</lastName>
        <isOriginalCosponsor>False</isOriginalCosponsor>
        <firstName>Jimmy</firstName>
        <state>CA</state>
      </item>
      <item>
        <district>5</district>
        <sponsorshipWithdrawnDate />
        <party>D</party>
        <fullName>Rep. Quigley, Mike [D-IL-5]</fullName>
        <sponsorshipDate>2017-12-14</sponsorshipDate>
        <bioguideId>Q000023</bioguideId>
        <middleName />
        <identifiers>
          <gpoId>7925</gpoId>
          <lisID>1967</lisID>
          <bioguideId>Q000023</bioguideId>
        </identifiers>
        <lastName>Quigley</lastName>
        <isOriginalCosponsor>False</isOriginalCosponsor>
        <firstName>Mike</firstName>
        <state>IL</state>
      </item>
      <item>
        <district>2</district>
        <sponsorshipWithdrawnDate />
        <party>D</party>
        <fullName>Rep. Langevin, James R. [D-RI-2]</fullName>
        <sponsorshipDate>2017-12-14</sponsorshipDate>
        <bioguideId>L000559</bioguideId>
        <middleName>R.</middleName>
        <identifiers>
          <gpoId>8140</gpoId>
          <bioguideId>L000559</bioguideId>
          <lisID>1668</lisID>
        </identifiers>
        <lastName>LANGEVIN</lastName>
        <isOriginalCosponsor>False</isOriginalCosponsor>
        <firstName>JAMES</firstName>
        <state>RI</state>
      </item>
      <item>
        <district>3</district>
        <sponsorshipWithdrawnDate />
        <party>D</party>
        <fullName>Rep. Blumenauer, Earl [D-OR-3]</fullName>
        <sponsorshipDate>2017-12-21</sponsorshipDate>
        <bioguideId>B000574</bioguideId>
        <middleName />
        <identifiers>
          <bioguideId>B000574</bioguideId>
          <lisID>99</lisID>
          <gpoId>8116</gpoId>
        </identifiers>
        <lastName>BLUMENAUER</lastName>
        <isOriginalCosponsor>False</isOriginalCosponsor>
        <firstName>EARL</firstName>
        <state>OR</state>
      </item>
      <item>
        <district>1</district>
        <sponsorshipWithdrawnDate />
        <party>D</party>
        <fullName>Rep. DelBene, Suzan K. [D-WA-1]</fullName>
        <sponsorshipDate>2017-12-21</sponsorshipDate>
        <bioguideId>D000617</bioguideId>
        <middleName>K.</middleName>
        <identifiers>
          <bioguideId>D000617</bioguideId>
          <lisID>2096</lisID>
          <gpoId>8374</gpoId>
        </identifiers>
        <lastName>DelBene</lastName>
        <isOriginalCosponsor>False</isOriginalCosponsor>
        <firstName>Suzan</firstName>
        <state>WA</state>
      </item>
      <item>
        <district>11</district>
        <sponsorshipWithdrawnDate />
        <party>D</party>
        <fullName>Rep. Foster, Bill [D-IL-11]</fullName>
        <sponsorshipDate>2018-01-29</sponsorshipDate>
        <bioguideId>F000454</bioguideId>
        <middleName />
        <identifiers>
          <bioguideId>F000454</bioguideId>
          <lisID>1888</lisID>
          <gpoId>7355</gpoId>
        </identifiers>
        <lastName>Foster</lastName>
        <isOriginalCosponsor>False</isOriginalCosponsor>
        <firstName>Bill</firstName>
        <state>IL</state>
      </item>
    </cosponsors>
    <congress>115</congress>
    <committees>
      <billCommittees>
        <item>
          <chamber>House</chamber>
          <name>Judiciary Committee</name>
          <systemCode>hsju00</systemCode>
          <activities>
            <item>
              <date>2017-01-24T15:10:50Z</date>
              <name>Referred to</name>
            </item>
          </activities>
          <type>Standing</type>
          <subcommittees>
            <item>
              <systemCode>hsju10</systemCode>
              <activities>
                <item>
                  <date>2017-02-06T22:30:56Z</date>
                  <name>Referred to</name>
                </item>
              </activities>
              <name>Constitution and Civil Justice Subcommittee</name>
            </item>
          </subcommittees>
        </item>
      </billCommittees>
    </committees>
    <constitutionalAuthorityStatementText><![CDATA[<pre>From the Congressional Record Online through the Government Publishing Office [<a href='http://www.gpo.gov'>www.gpo.gov</a>]By Mrs. CAROLYN B. MALONEY of New York:H.J. Res. 33.Congress has the power to enact this legislation pursuantto the following:Article V--Amendment. The Congress, whenever two thirds ofboth Houses shall deem it necessary, shall propose Amendmentsto this Constitution, or, on the Application of theLegislatures of two thirds of the several States, shall calla Convention for proposing Amendments, which, in either Case,shall be valid to all Intents and Purposes, as Part of thisConstitution, when ratified by the Legislatures of threefourths of the several States or by Conventions in threefourths thereof, as the one or the other Mode of Ratificationmay be proposed by the Congress; Provided that no Amendmentwhich may be made prior to the Year One thousand eighthundred and eight shall in any Manner affect the first andfourth Clauses in the Ninth Section of the first Article; andthat no State, without its Consent, shall be deprived of itsequal Suffrage in the Senate.____________________[Page H690]</pre>]]></constitutionalAuthorityStatementText>
    <laws />
    <titles>
      <item>
        <chamberCode />
        <titleType>Official Title as Introduced</titleType>
        <parentTitleType />
        <chamberName />
        <title>Proposing an amendment to the Constitution of the United States relative to equal rights for men and women.</title>
      </item>
      <item>
        <chamberCode />
        <titleType>Display Title</titleType>
        <parentTitleType />
        <chamberName />
        <title>Proposing an amendment to the Constitution of the United States relative to equal rights for men and women.</title>
      </item>
    </titles>
    <billType>HJRES</billType>
    <amendments />
    <recordedVotes />
    <actions>
      <actionByCounts>
        <houseOfRepresentatives>4</houseOfRepresentatives>
      </actionByCounts>
      <actionTypeCounts>
        <placeholderTextForH>1</placeholderTextForH>
        <billReferrals>1</billReferrals>
        <introducedInHouse>1</introducedInHouse>
        <introducedInTheHouse>1</introducedInTheHouse>
      </actionTypeCounts>
      <item>
        <actionDate>2017-02-06</actionDate>
        <committee>
          <systemCode>hsju10</systemCode>
          <name>Constitution and Civil Justice Subcommittee</name>
        </committee>
        <links />
        <sourceSystem>
          <name>House committee actions</name>
          <code>1</code>
        </sourceSystem>
        <text>Referred to the Subcommittee on the Constitution and Civil Justice.</text>
        <type>Committee</type>
      </item>
      <item>
        <sourceSystem>
          <name>House floor actions</name>
          <code>2</code>
        </sourceSystem>
        <actionDate>2017-01-24</actionDate>
        <text>Referred to the House Committee on the Judiciary.</text>
        <type>IntroReferral</type>
        <links />
        <committee>
          <systemCode>hsju00</systemCode>
          <name>Judiciary Committee</name>
        </committee>
        <actionCode>H11100</actionCode>
      </item>
      <item>
        <sourceSystem>
          <name>Library of Congress</name>
          <code>9</code>
        </sourceSystem>
        <actionDate>2017-01-24</actionDate>
        <text>Introduced in House</text>
        <type>IntroReferral</type>
        <links />
        <committee />
        <actionCode>Intro-H</actionCode>
      </item>
      <item>
        <sourceSystem>
          <name>Library of Congress</name>
          <code>9</code>
        </sourceSystem>
        <actionDate>2017-01-24</actionDate>
        <text>Introduced in House</text>
        <type>IntroReferral</type>
        <links />
        <committee />
        <actionCode>1000</actionCode>
      </item>
    </actions>
    <introducedDate>2017-01-24</introducedDate>
    <relatedBills>
      <item>
        <number>6</number>
        <congress>115</congress>
        <relationshipDetails>
          <item>
            <type>Related bill</type>
            <identifiedBy>CRS</identifiedBy>
          </item>
        </relationshipDetails>
        <latestTitle>A joint resolution proposing an amendment to the Constitution of the United States relative to equal rights for men and women.</latestTitle>
        <latestAction>
          <text>Read twice and referred to the Committee on the Judiciary.</text>
          <actionDate>2017-01-20</actionDate>
        </latestAction>
        <type>SJRES</type>
      </item>
    </relatedBills>
    <committeeReports />
    <calendarNumbers />
    <billNumber>33</billNumber>
    <summaries>
      <billSummaries>
        <item>
          <text><![CDATA[<p><strong>Constitutional Amendment</strong></p> <p>This joint resolution proposes a constitutional amendment declaring that women shall have equal rights in the United States and every place subject to its jurisdiction.&nbsp; </p> <p>The amendment prohibits the United States or any state from denying or abridging equal rights under the law on account of sex. </p>]]></text>
          <actionDate>2017-01-24</actionDate>
          <updateDate>2017-01-24T05:00:00Z</updateDate>
          <lastSummaryUpdateDate>2017-01-26T21:28:43Z</lastSummaryUpdateDate>
          <name>Introduced in House</name>
          <actionDesc>Introduced in House</actionDesc>
          <versionCode>00</versionCode>
        </item>
      </billSummaries>
    </summaries>
    <cboCostEstimates />
    <updateDate>2018-02-06T16:40:08Z</updateDate>
    <policyArea>
      <name>Civil Rights and Liberties, Minority Issues</name>
    </policyArea>
    <latestAction>
      <text>Referred to the Subcommittee on the Constitution and Civil Justice.</text>
      <actionDate>2017-02-06</actionDate>
      <links />
    </latestAction>
    <version>1.0.0</version>
    <subjects>
      <billSubjects>
        <policyArea>
          <name>Civil Rights and Liberties, Minority Issues</name>
        </policyArea>
        <legislativeSubjects>
          <item>
            <name>Constitution and constitutional amendments</name>
          </item>
          <item>
            <name>Due process and equal protection</name>
          </item>
          <item>
            <name>Sex, gender, sexual orientation discrimination</name>
          </item>
          <item>
            <name>Women's rights</name>
          </item>
        </legislativeSubjects>
      </billSubjects>
    </subjects>
    <title>Proposing an amendment to the Constitution of the United States relative to equal rights for men and women.</title>
    <originChamber>House</originChamber>
    <sponsors>
      <item>
        <byRequestType />
        <district>12</district>
        <party>D</party>
        <fullName>Rep. Maloney, Carolyn B. [D-NY-12]</fullName>
        <lastName>MALONEY</lastName>
        <state>NY</state>
        <bioguideId>M000087</bioguideId>
        <middleName>B.</middleName>
        <firstName>CAROLYN</firstName>
        <identifiers>
          <lisID>729</lisID>
          <bioguideId>M000087</bioguideId>
          <gpoId>8075</gpoId>
        </identifiers>
      </item>
    </sponsors>
    <notes />
    <createDate>2017-01-25T04:45:51Z</createDate>
  </bill>
  <dublinCore xmlns:dc="http://purl.org/dc/elements/1.1/">
    <dc:format>text/xml</dc:format>
    <dc:language>EN</dc:language>
    <dc:rights>Pursuant to Title 17 Section 105 of the United States Code, this file is not subject to copyright protection and is in the public domain.</dc:rights>
    <dc:contributor>Congressional Research Service, Library of Congress</dc:contributor>
    <dc:description>This file contains bill summaries and statuses for federal legislation. A bill summary describes the most significant provisions of a piece of legislation and details the effects the legislative text may have on current law and federal programs. Bill summaries are authored by the Congressional Research Service (CRS) of the Library of Congress. As stated in Public Law 91-510 (2 USC 166 (d)(6)), one of the duties of CRS is "to prepare summaries and digests of bills and resolutions of a public general nature introduced in the Senate or House of Representatives". For more information, refer to the User Guide that accompanies this file.</dc:description>
  </dublinCore>
</billStatus>

