<?xml version="1.0" encoding="UTF-8"?>
<billStatus>
  <bill>
    <calendarNumbers />
    <constitutionalAuthorityStatementText><![CDATA[<pre>From the Congressional Record Online through the Government Publishing Office [<a href='http://www.gpo.gov'>www.gpo.gov</a>]By Mr. JENKINS of West Virginia:H.J. Res. 11.Congress has the power to enact this legislation pursuantto the following:Article 1, Section 8, Clause 18[Page H53]</pre>]]></constitutionalAuthorityStatementText>
    <congress>115</congress>
    <titles>
      <item>
        <chamberCode />
        <chamberName />
        <parentTitleType />
        <titleType>Official Title as Introduced</titleType>
        <title>Disapproving the rule submitted by the Department of the Interior known as the Stream Protection Rule.</title>
      </item>
      <item>
        <chamberCode />
        <chamberName />
        <parentTitleType />
        <titleType>Display Title</titleType>
        <title>Disapproving the rule submitted by the Department of the Interior known as the Stream Protection Rule.</title>
      </item>
    </titles>
    <introducedDate>2017-01-03</introducedDate>
    <latestAction>
      <actionDate>2017-01-03</actionDate>
      <text>Referred to the House Committee on Natural Resources.</text>
      <links />
    </latestAction>
    <title>Disapproving the rule submitted by the Department of the Interior known as the Stream Protection Rule.</title>
    <subjects>
      <billSubjects>
        <policyArea>
          <name>Environmental Protection</name>
        </policyArea>
        <legislativeSubjects>
          <item>
            <name>Administrative law and regulatory procedures</name>
          </item>
          <item>
            <name>Coal</name>
          </item>
          <item>
            <name>Congressional oversight</name>
          </item>
          <item>
            <name>Department of the Interior</name>
          </item>
          <item>
            <name>Environmental assessment, monitoring, research</name>
          </item>
          <item>
            <name>Environmental regulatory procedures</name>
          </item>
          <item>
            <name>Hydrology and hydrography</name>
          </item>
          <item>
            <name>Lakes and rivers</name>
          </item>
          <item>
            <name>Licensing and registrations</name>
          </item>
          <item>
            <name>Mining</name>
          </item>
          <item>
            <name>Water quality</name>
          </item>
        </legislativeSubjects>
      </billSubjects>
    </subjects>
    <relatedBills>
      <item>
        <latestTitle>Disapproving a rule submitted by the Department of the Interior known as the "Stream Protection Rule".</latestTitle>
        <number>16</number>
        <congress>115</congress>
        <latestAction>
          <actionDate>2017-01-04</actionDate>
          <text>Referred to the House Committee on Natural Resources.</text>
        </latestAction>
        <type>HJRES</type>
        <relationshipDetails>
          <item>
            <type>Identical bill</type>
            <identifiedBy>CRS</identifiedBy>
          </item>
        </relationshipDetails>
      </item>
      <item>
        <latestTitle>A joint resolution providing for congressional disapproval under chapter 8 of title 5, United States Code, of the final rule submitted by the Secretary of the Interior relating to stream protection.</latestTitle>
        <number>10</number>
        <congress>115</congress>
        <latestAction>
          <actionDate>2017-01-30</actionDate>
          <text>Read twice and referred to the Committee on Energy and Natural Resources.</text>
        </latestAction>
        <type>SJRES</type>
        <relationshipDetails>
          <item>
            <type>Related bill</type>
            <identifiedBy>CRS</identifiedBy>
          </item>
        </relationshipDetails>
      </item>
      <item>
        <latestTitle>Disapproving the rule submitted by the Department of the Interior known as the Stream Protection Rule.</latestTitle>
        <number>38</number>
        <congress>115</congress>
        <latestAction>
          <actionDate>2017-02-16</actionDate>
          <text>Became Public Law No: 115-5.</text>
        </latestAction>
        <type>HJRES</type>
        <relationshipDetails>
          <item>
            <type>Identical bill</type>
            <identifiedBy>CRS</identifiedBy>
          </item>
        </relationshipDetails>
      </item>
    </relatedBills>
    <updateDate>2018-02-06T16:40:07Z</updateDate>
    <committeeReports />
    <notes />
    <recordedVotes />
    <amendments />
    <billType>HJRES</billType>
    <committees>
      <billCommittees>
        <item>
          <systemCode>hsii00</systemCode>
          <chamber>House</chamber>
          <type>Standing</type>
          <activities>
            <item>
              <date>2017-01-03T17:04:10Z</date>
              <name>Referred to</name>
            </item>
          </activities>
          <name>Natural Resources Committee</name>
          <subcommittees />
        </item>
      </billCommittees>
    </committees>
    <cboCostEstimates />
    <billNumber>11</billNumber>
    <policyArea>
      <name>Environmental Protection</name>
    </policyArea>
    <version>1.0.0</version>
    <createDate>2017-01-04T07:01:08Z</createDate>
    <originChamber>House</originChamber>
    <actions>
      <actionByCounts>
        <houseOfRepresentatives>3</houseOfRepresentatives>
      </actionByCounts>
      <actionTypeCounts>
        <introducedInTheHouse>1</introducedInTheHouse>
        <billReferrals>1</billReferrals>
        <introducedInHouse>1</introducedInHouse>
      </actionTypeCounts>
      <item>
        <sourceSystem>
          <name>House floor actions</name>
          <code>2</code>
        </sourceSystem>
        <actionDate>2017-01-03</actionDate>
        <text>Referred to the House Committee on Natural Resources.</text>
        <type>IntroReferral</type>
        <links />
        <committee>
          <systemCode>hsii00</systemCode>
          <name>Natural Resources Committee</name>
        </committee>
        <actionCode>H11100</actionCode>
      </item>
      <item>
        <sourceSystem>
          <name>Library of Congress</name>
          <code>9</code>
        </sourceSystem>
        <actionDate>2017-01-03</actionDate>
        <text>Introduced in House</text>
        <type>IntroReferral</type>
        <links />
        <committee />
        <actionCode>Intro-H</actionCode>
      </item>
      <item>
        <sourceSystem>
          <name>Library of Congress</name>
          <code>9</code>
        </sourceSystem>
        <actionDate>2017-01-03</actionDate>
        <text>Introduced in House</text>
        <type>IntroReferral</type>
        <links />
        <committee />
        <actionCode>1000</actionCode>
      </item>
    </actions>
    <sponsors>
      <item>
        <party>R</party>
        <bioguideId>J000297</bioguideId>
        <district>3</district>
        <firstName>Evan</firstName>
        <middleName>H.</middleName>
        <state>WV</state>
        <fullName>Rep. Jenkins, Evan H. [R-WV-3]</fullName>
        <identifiers>
          <gpoId />
          <bioguideId>J000297</bioguideId>
          <lisID>2278</lisID>
        </identifiers>
        <lastName>Jenkins</lastName>
        <byRequestType />
      </item>
    </sponsors>
    <summaries>
      <billSummaries>
        <item>
          <text><![CDATA[<p>This joint resolution nullifies the Stream Protection Rule finalized by the Department of the Interior's Office of Surface Mining Reclamation and Enforcement on December 20, 2016. The rule addresses the impacts of surface coal mining operations on surface water, groundwater, and the productivity of mining operation sites.</p>]]></text>
          <name>Introduced in House</name>
          <lastSummaryUpdateDate>2017-01-26T16:44:54Z</lastSummaryUpdateDate>
          <versionCode>00</versionCode>
          <actionDesc>Introduced in House</actionDesc>
          <updateDate>2017-01-03T05:00:00Z</updateDate>
          <actionDate>2017-01-03</actionDate>
        </item>
      </billSummaries>
    </summaries>
    <laws />
    <cosponsors>
      <item>
        <bioguideId>B001282</bioguideId>
        <district>6</district>
        <isOriginalCosponsor>True</isOriginalCosponsor>
        <sponsorshipWithdrawnDate />
        <lastName>Barr</lastName>
        <state>KY</state>
        <fullName>Rep. Barr, Andy [R-KY-6]</fullName>
        <sponsorshipDate>2017-01-03</sponsorshipDate>
        <middleName />
        <firstName>Andy</firstName>
        <party>R</party>
        <identifiers>
          <bioguideId>B001282</bioguideId>
          <lisID>2131</lisID>
          <gpoId />
        </identifiers>
      </item>
      <item>
        <bioguideId>R000395</bioguideId>
        <district>5</district>
        <isOriginalCosponsor>True</isOriginalCosponsor>
        <sponsorshipWithdrawnDate />
        <lastName>ROGERS</lastName>
        <state>KY</state>
        <fullName>Rep. Rogers, Harold [R-KY-5]</fullName>
        <sponsorshipDate>2017-01-03</sponsorshipDate>
        <middleName />
        <firstName>HAROLD</firstName>
        <party>R</party>
        <identifiers>
          <lisID>977</lisID>
          <gpoId>7957</gpoId>
          <bioguideId>R000395</bioguideId>
        </identifiers>
      </item>
      <item>
        <bioguideId>G000568</bioguideId>
        <district>9</district>
        <isOriginalCosponsor>True</isOriginalCosponsor>
        <sponsorshipWithdrawnDate />
        <lastName>Griffith</lastName>
        <state>VA</state>
        <fullName>Rep. Griffith, H. Morgan [R-VA-9]</fullName>
        <sponsorshipDate>2017-01-03</sponsorshipDate>
        <middleName>Morgan</middleName>
        <firstName>H.</firstName>
        <party>R</party>
        <identifiers>
          <bioguideId>G000568</bioguideId>
          <lisID>2070</lisID>
          <gpoId>8200</gpoId>
        </identifiers>
      </item>
      <item>
        <bioguideId>T000470</bioguideId>
        <district>3</district>
        <isOriginalCosponsor>True</isOriginalCosponsor>
        <sponsorshipWithdrawnDate />
        <lastName>Tipton</lastName>
        <state>CO</state>
        <fullName>Rep. Tipton, Scott  R. [R-CO-3]</fullName>
        <sponsorshipDate>2017-01-03</sponsorshipDate>
        <middleName>R.</middleName>
        <firstName>Scott</firstName>
        <party>R</party>
        <identifiers>
          <lisID>1997</lisID>
          <bioguideId>T000470</bioguideId>
          <gpoId>7861</gpoId>
        </identifiers>
      </item>
      <item>
        <bioguideId>M001195</bioguideId>
        <district>2</district>
        <isOriginalCosponsor>False</isOriginalCosponsor>
        <sponsorshipWithdrawnDate />
        <lastName>Mooney</lastName>
        <state>WV</state>
        <fullName>Rep. Mooney, Alexander X. [R-WV-2]</fullName>
        <sponsorshipDate>2017-01-04</sponsorshipDate>
        <middleName>X.</middleName>
        <firstName>Alexander</firstName>
        <party>R</party>
        <identifiers>
          <lisID>2277</lisID>
          <bioguideId>M001195</bioguideId>
          <gpoId />
        </identifiers>
      </item>
      <item>
        <bioguideId>K000376</bioguideId>
        <district>3</district>
        <isOriginalCosponsor>False</isOriginalCosponsor>
        <sponsorshipWithdrawnDate />
        <lastName>Kelly</lastName>
        <state>PA</state>
        <fullName>Rep. Kelly, Mike [R-PA-3]</fullName>
        <sponsorshipDate>2017-01-04</sponsorshipDate>
        <middleName />
        <firstName>Mike</firstName>
        <party>R</party>
        <identifiers>
          <gpoId>8708</gpoId>
          <bioguideId>K000376</bioguideId>
          <lisID>2051</lisID>
        </identifiers>
      </item>
      <item>
        <bioguideId>J000295</bioguideId>
        <district>14</district>
        <isOriginalCosponsor>False</isOriginalCosponsor>
        <sponsorshipWithdrawnDate />
        <lastName>Joyce</lastName>
        <state>OH</state>
        <fullName>Rep. Joyce, David P. [R-OH-14]</fullName>
        <sponsorshipDate>2017-01-04</sponsorshipDate>
        <middleName>P.</middleName>
        <firstName>David</firstName>
        <party>R</party>
        <identifiers>
          <lisID>2154</lisID>
          <bioguideId>J000295</bioguideId>
          <gpoId />
        </identifiers>
      </item>
      <item>
        <bioguideId>W000812</bioguideId>
        <district>2</district>
        <isOriginalCosponsor>False</isOriginalCosponsor>
        <sponsorshipWithdrawnDate />
        <lastName>Wagner</lastName>
        <state>MO</state>
        <fullName>Rep. Wagner, Ann [R-MO-2]</fullName>
        <sponsorshipDate>2017-01-04</sponsorshipDate>
        <middleName />
        <firstName>Ann</firstName>
        <party>R</party>
        <identifiers>
          <gpoId />
          <bioguideId>W000812</bioguideId>
          <lisID>2137</lisID>
        </identifiers>
      </item>
      <item>
        <bioguideId>B001275</bioguideId>
        <district>8</district>
        <isOriginalCosponsor>False</isOriginalCosponsor>
        <sponsorshipWithdrawnDate />
        <lastName>Bucshon</lastName>
        <state>IN</state>
        <fullName>Rep. Bucshon, Larry [R-IN-8]</fullName>
        <sponsorshipDate>2017-01-04</sponsorshipDate>
        <middleName />
        <firstName>Larry</firstName>
        <party>R</party>
        <identifiers>
          <lisID>2018</lisID>
          <gpoId>7947</gpoId>
          <bioguideId>B001275</bioguideId>
        </identifiers>
      </item>
      <item>
        <bioguideId>F000459</bioguideId>
        <district>3</district>
        <isOriginalCosponsor>False</isOriginalCosponsor>
        <sponsorshipWithdrawnDate />
        <lastName>Fleischmann</lastName>
        <state>TN</state>
        <fullName>Rep. Fleischmann, Charles J. "Chuck" [R-TN-3]</fullName>
        <sponsorshipDate>2017-01-04</sponsorshipDate>
        <middleName>J. "Chuck"</middleName>
        <firstName>Charles</firstName>
        <party>R</party>
        <identifiers>
          <lisID>2061</lisID>
          <bioguideId>F000459</bioguideId>
          <gpoId>8150</gpoId>
        </identifiers>
      </item>
      <item>
        <bioguideId>T000467</bioguideId>
        <district>5</district>
        <isOriginalCosponsor>False</isOriginalCosponsor>
        <sponsorshipWithdrawnDate />
        <lastName>Thompson</lastName>
        <state>PA</state>
        <fullName>Rep. Thompson, Glenn [R-PA-5]</fullName>
        <sponsorshipDate>2017-01-04</sponsorshipDate>
        <middleName />
        <firstName>Glenn</firstName>
        <party>R</party>
        <identifiers>
          <gpoId>8123</gpoId>
          <bioguideId>T000467</bioguideId>
          <lisID>1952</lisID>
        </identifiers>
      </item>
      <item>
        <bioguideId>M001177</bioguideId>
        <district>4</district>
        <isOriginalCosponsor>False</isOriginalCosponsor>
        <sponsorshipWithdrawnDate />
        <lastName>McClintock</lastName>
        <state>CA</state>
        <fullName>Rep. McClintock, Tom [R-CA-4]</fullName>
        <sponsorshipDate>2017-01-04</sponsorshipDate>
        <middleName />
        <firstName>Tom</firstName>
        <party>R</party>
        <identifiers>
          <lisID>1908</lisID>
          <gpoId>7809</gpoId>
          <bioguideId>M001177</bioguideId>
        </identifiers>
      </item>
      <item>
        <bioguideId>B001289</bioguideId>
        <district>1</district>
        <isOriginalCosponsor>False</isOriginalCosponsor>
        <sponsorshipWithdrawnDate />
        <lastName>Byrne</lastName>
        <state>AL</state>
        <fullName>Rep. Byrne, Bradley [R-AL-1]</fullName>
        <sponsorshipDate>2017-01-05</sponsorshipDate>
        <middleName />
        <firstName>Bradley</firstName>
        <party>R</party>
        <identifiers>
          <gpoId />
          <lisID>2197</lisID>
          <bioguideId>B001289</bioguideId>
        </identifiers>
      </item>
      <item>
        <bioguideId>C001096</bioguideId>
        <district>0</district>
        <isOriginalCosponsor>False</isOriginalCosponsor>
        <sponsorshipWithdrawnDate />
        <lastName>Cramer</lastName>
        <state>ND</state>
        <fullName>Rep. Cramer, Kevin [R-ND-At Large]</fullName>
        <sponsorshipDate>2017-01-05</sponsorshipDate>
        <middleName />
        <firstName>Kevin</firstName>
        <party>R</party>
        <identifiers>
          <bioguideId>C001096</bioguideId>
          <gpoId />
          <lisID>2144</lisID>
        </identifiers>
      </item>
      <item>
        <bioguideId>H001052</bioguideId>
        <district>1</district>
        <isOriginalCosponsor>False</isOriginalCosponsor>
        <sponsorshipWithdrawnDate />
        <lastName>Harris</lastName>
        <state>MD</state>
        <fullName>Rep. Harris, Andy [R-MD-1]</fullName>
        <sponsorshipDate>2017-01-05</sponsorshipDate>
        <middleName />
        <firstName>Andy</firstName>
        <party>R</party>
        <identifiers>
          <gpoId>7976</gpoId>
          <bioguideId>H001052</bioguideId>
          <lisID>2026</lisID>
        </identifiers>
      </item>
      <item>
        <bioguideId>D000619</bioguideId>
        <district>13</district>
        <isOriginalCosponsor>False</isOriginalCosponsor>
        <sponsorshipWithdrawnDate />
        <lastName>Davis</lastName>
        <state>IL</state>
        <fullName>Rep. Davis, Rodney [R-IL-13]</fullName>
        <sponsorshipDate>2017-01-06</sponsorshipDate>
        <middleName />
        <firstName>Rodney</firstName>
        <party>R</party>
        <identifiers>
          <lisID>2126</lisID>
          <gpoId />
          <bioguideId>D000619</bioguideId>
        </identifiers>
      </item>
      <item>
        <bioguideId>S000364</bioguideId>
        <district>15</district>
        <isOriginalCosponsor>False</isOriginalCosponsor>
        <sponsorshipWithdrawnDate />
        <lastName>SHIMKUS</lastName>
        <state>IL</state>
        <fullName>Rep. Shimkus, John [R-IL-15]</fullName>
        <sponsorshipDate>2017-01-06</sponsorshipDate>
        <middleName>M.</middleName>
        <firstName>JOHN</firstName>
        <party>R</party>
        <identifiers>
          <lisID>1527</lisID>
          <bioguideId>S000364</bioguideId>
          <gpoId>7939</gpoId>
        </identifiers>
      </item>
      <item>
        <bioguideId>G000565</bioguideId>
        <district>4</district>
        <isOriginalCosponsor>False</isOriginalCosponsor>
        <sponsorshipWithdrawnDate />
        <lastName>Gosar</lastName>
        <state>AZ</state>
        <fullName>Rep. Gosar, Paul A. [R-AZ-4]</fullName>
        <sponsorshipDate>2017-01-06</sponsorshipDate>
        <middleName>A.</middleName>
        <firstName>Paul</firstName>
        <party>R</party>
        <identifiers>
          <bioguideId>G000565</bioguideId>
          <gpoId>7798</gpoId>
          <lisID>1992</lisID>
        </identifiers>
      </item>
      <item>
        <bioguideId>L000585</bioguideId>
        <district>18</district>
        <isOriginalCosponsor>False</isOriginalCosponsor>
        <sponsorshipWithdrawnDate />
        <lastName>LaHood</lastName>
        <state>IL</state>
        <fullName>Rep. LaHood, Darin [R-IL-18]</fullName>
        <sponsorshipDate>2017-01-06</sponsorshipDate>
        <middleName />
        <firstName>Darin</firstName>
        <party>R</party>
        <identifiers>
          <lisID>2295</lisID>
          <bioguideId>L000585</bioguideId>
          <gpoId />
        </identifiers>
      </item>
      <item>
        <bioguideId>W000821</bioguideId>
        <district>4</district>
        <isOriginalCosponsor>False</isOriginalCosponsor>
        <sponsorshipWithdrawnDate />
        <lastName>Westerman</lastName>
        <state>AR</state>
        <fullName>Rep. Westerman, Bruce [R-AR-4]</fullName>
        <sponsorshipDate>2017-01-06</sponsorshipDate>
        <middleName />
        <firstName>Bruce</firstName>
        <party>R</party>
        <identifiers>
          <lisID>2224</lisID>
          <bioguideId>W000821</bioguideId>
          <gpoId />
        </identifiers>
      </item>
      <item>
        <bioguideId>S001187</bioguideId>
        <district>15</district>
        <isOriginalCosponsor>False</isOriginalCosponsor>
        <sponsorshipWithdrawnDate />
        <lastName>Stivers</lastName>
        <state>OH</state>
        <fullName>Rep. Stivers, Steve [R-OH-15]</fullName>
        <sponsorshipDate>2017-01-06</sponsorshipDate>
        <middleName />
        <firstName>Steve</firstName>
        <party>R</party>
        <identifiers>
          <lisID>2047</lisID>
          <gpoId>8105</gpoId>
          <bioguideId>S001187</bioguideId>
        </identifiers>
      </item>
      <item>
        <bioguideId>C001094</bioguideId>
        <district>8</district>
        <isOriginalCosponsor>False</isOriginalCosponsor>
        <sponsorshipWithdrawnDate />
        <lastName>Cook</lastName>
        <state>CA</state>
        <fullName>Rep. Cook, Paul [R-CA-8]</fullName>
        <sponsorshipDate>2017-01-06</sponsorshipDate>
        <middleName />
        <firstName>Paul</firstName>
        <party>R</party>
        <identifiers>
          <lisID>2103</lisID>
          <bioguideId>C001094</bioguideId>
          <gpoId />
        </identifiers>
      </item>
      <item>
        <bioguideId>B001295</bioguideId>
        <district>12</district>
        <isOriginalCosponsor>False</isOriginalCosponsor>
        <sponsorshipWithdrawnDate />
        <lastName>Bost</lastName>
        <state>IL</state>
        <fullName>Rep. Bost, Mike [R-IL-12]</fullName>
        <sponsorshipDate>2017-01-10</sponsorshipDate>
        <middleName />
        <firstName>Mike</firstName>
        <party>R</party>
        <identifiers>
          <bioguideId>B001295</bioguideId>
          <lisID>2243</lisID>
          <gpoId />
        </identifiers>
      </item>
      <item>
        <bioguideId>K000378</bioguideId>
        <district>16</district>
        <isOriginalCosponsor>False</isOriginalCosponsor>
        <sponsorshipWithdrawnDate />
        <lastName>Kinzinger</lastName>
        <state>IL</state>
        <fullName>Rep. Kinzinger, Adam [R-IL-16]</fullName>
        <sponsorshipDate>2017-01-12</sponsorshipDate>
        <middleName />
        <firstName>Adam</firstName>
        <party>R</party>
        <identifiers>
          <lisID>2014</lisID>
          <gpoId>7931</gpoId>
          <bioguideId>K000378</bioguideId>
        </identifiers>
      </item>
      <item>
        <bioguideId>W000809</bioguideId>
        <district>3</district>
        <isOriginalCosponsor>False</isOriginalCosponsor>
        <sponsorshipWithdrawnDate />
        <lastName>Womack</lastName>
        <state>AR</state>
        <fullName>Rep. Womack, Steve [R-AR-3]</fullName>
        <sponsorshipDate>2017-01-12</sponsorshipDate>
        <middleName />
        <firstName>Steve</firstName>
        <party>R</party>
        <identifiers>
          <lisID>1991</lisID>
          <gpoId>7795</gpoId>
          <bioguideId>W000809</bioguideId>
        </identifiers>
      </item>
      <item>
        <bioguideId>F000461</bioguideId>
        <district>17</district>
        <isOriginalCosponsor>False</isOriginalCosponsor>
        <sponsorshipWithdrawnDate />
        <lastName>Flores</lastName>
        <state>TX</state>
        <fullName>Rep. Flores, Bill [R-TX-17]</fullName>
        <sponsorshipDate>2017-01-13</sponsorshipDate>
        <middleName />
        <firstName>Bill</firstName>
        <party>R</party>
        <identifiers>
          <lisID>2065</lisID>
          <gpoId>8173</gpoId>
          <bioguideId>F000461</bioguideId>
        </identifiers>
      </item>
    </cosponsors>
  </bill>
  <dublinCore xmlns:dc="http://purl.org/dc/elements/1.1/">
    <dc:format>text/xml</dc:format>
    <dc:language>EN</dc:language>
    <dc:rights>Pursuant to Title 17 Section 105 of the United States Code, this file is not subject to copyright protection and is in the public domain.</dc:rights>
    <dc:contributor>Congressional Research Service, Library of Congress</dc:contributor>
    <dc:description>This file contains bill summaries and statuses for federal legislation. A bill summary describes the most significant provisions of a piece of legislation and details the effects the legislative text may have on current law and federal programs. Bill summaries are authored by the Congressional Research Service (CRS) of the Library of Congress. As stated in Public Law 91-510 (2 USC 166 (d)(6)), one of the duties of CRS is "to prepare summaries and digests of bills and resolutions of a public general nature introduced in the Senate or House of Representatives". For more information, refer to the User Guide that accompanies this file.</dc:description>
  </dublinCore>
</billStatus>

