<?xml version="1.0" encoding="UTF-8"?>
<billStatus>
  <bill>
    <constitutionalAuthorityStatementText><![CDATA[<pre>From the Congressional Record Online through the Government Publishing Office [<a href='http://www.gpo.gov'>www.gpo.gov</a>]By Mrs. BLACKBURN:H.J. Res. 86.Congress has the power to enact this legislation pursuantto the following:Article I, Section 8--``necessary and proper'' clause.____________________[Page H1949]</pre>]]></constitutionalAuthorityStatementText>
    <originChamber>House</originChamber>
    <subjects>
      <billSubjects>
        <legislativeSubjects>
          <item>
            <name>Administrative law and regulatory procedures</name>
          </item>
          <item>
            <name>Congressional oversight</name>
          </item>
          <item>
            <name>Consumer affairs</name>
          </item>
          <item>
            <name>Federal Communications Commission (FCC)</name>
          </item>
          <item>
            <name>Internet and video services</name>
          </item>
          <item>
            <name>Marketing and advertising</name>
          </item>
          <item>
            <name>Right of privacy</name>
          </item>
          <item>
            <name>Telephone and wireless communication</name>
          </item>
        </legislativeSubjects>
        <policyArea>
          <name>Science, Technology, Communications</name>
        </policyArea>
      </billSubjects>
    </subjects>
    <cosponsors>
      <item>
        <lastName>Flores</lastName>
        <sponsorshipDate>2017-03-08</sponsorshipDate>
        <bioguideId>F000461</bioguideId>
        <middleName />
        <identifiers>
          <gpoId>8173</gpoId>
          <bioguideId>F000461</bioguideId>
          <lisID>2065</lisID>
        </identifiers>
        <district>17</district>
        <party>R</party>
        <state>TX</state>
        <firstName>Bill</firstName>
        <sponsorshipWithdrawnDate />
        <isOriginalCosponsor>True</isOriginalCosponsor>
        <fullName>Rep. Flores, Bill [R-TX-17]</fullName>
      </item>
      <item>
        <lastName>Olson</lastName>
        <sponsorshipDate>2017-03-08</sponsorshipDate>
        <bioguideId>O000168</bioguideId>
        <middleName />
        <identifiers>
          <gpoId>8178</gpoId>
          <lisID>1955</lisID>
          <bioguideId>O000168</bioguideId>
        </identifiers>
        <district>22</district>
        <party>R</party>
        <state>TX</state>
        <firstName>Pete</firstName>
        <sponsorshipWithdrawnDate />
        <isOriginalCosponsor>True</isOriginalCosponsor>
        <fullName>Rep. Olson, Pete [R-TX-22]</fullName>
      </item>
      <item>
        <lastName>Lance</lastName>
        <sponsorshipDate>2017-03-08</sponsorshipDate>
        <bioguideId>L000567</bioguideId>
        <middleName />
        <identifiers>
          <gpoId>8049</gpoId>
          <lisID>1936</lisID>
          <bioguideId>L000567</bioguideId>
        </identifiers>
        <district>7</district>
        <party>R</party>
        <state>NJ</state>
        <firstName>Leonard</firstName>
        <sponsorshipWithdrawnDate />
        <isOriginalCosponsor>True</isOriginalCosponsor>
        <fullName>Rep. Lance, Leonard [R-NJ-7]</fullName>
      </item>
      <item>
        <lastName>Scalise</lastName>
        <sponsorshipDate>2017-03-08</sponsorshipDate>
        <bioguideId>S001176</bioguideId>
        <middleName />
        <identifiers>
          <gpoId>7959</gpoId>
          <bioguideId>S001176</bioguideId>
          <lisID>1892</lisID>
        </identifiers>
        <district>1</district>
        <party>R</party>
        <state>LA</state>
        <firstName>Steve</firstName>
        <sponsorshipWithdrawnDate />
        <isOriginalCosponsor>True</isOriginalCosponsor>
        <fullName>Rep. Scalise, Steve [R-LA-1]</fullName>
      </item>
      <item>
        <lastName>Latta</lastName>
        <sponsorshipDate>2017-03-08</sponsorshipDate>
        <bioguideId>L000566</bioguideId>
        <middleName>E.</middleName>
        <identifiers>
          <gpoId>8095</gpoId>
          <bioguideId>L000566</bioguideId>
          <lisID>1885</lisID>
        </identifiers>
        <district>5</district>
        <party>R</party>
        <state>OH</state>
        <firstName>Robert</firstName>
        <sponsorshipWithdrawnDate />
        <isOriginalCosponsor>True</isOriginalCosponsor>
        <fullName>Rep. Latta, Robert E. [R-OH-5]</fullName>
      </item>
      <item>
        <lastName>Guthrie</lastName>
        <sponsorshipDate>2017-03-08</sponsorshipDate>
        <bioguideId>G000558</bioguideId>
        <middleName />
        <identifiers>
          <bioguideId>G000558</bioguideId>
          <gpoId>7954</gpoId>
          <lisID>1922</lisID>
        </identifiers>
        <district>2</district>
        <party>R</party>
        <state>KY</state>
        <firstName>Brett</firstName>
        <sponsorshipWithdrawnDate />
        <isOriginalCosponsor>True</isOriginalCosponsor>
        <fullName>Rep. Guthrie, Brett [R-KY-2]</fullName>
      </item>
      <item>
        <lastName>Kinzinger</lastName>
        <sponsorshipDate>2017-03-08</sponsorshipDate>
        <bioguideId>K000378</bioguideId>
        <middleName />
        <identifiers>
          <lisID>2014</lisID>
          <gpoId>7931</gpoId>
          <bioguideId>K000378</bioguideId>
        </identifiers>
        <district>16</district>
        <party>R</party>
        <state>IL</state>
        <firstName>Adam</firstName>
        <sponsorshipWithdrawnDate />
        <isOriginalCosponsor>True</isOriginalCosponsor>
        <fullName>Rep. Kinzinger, Adam [R-IL-16]</fullName>
      </item>
      <item>
        <lastName>Johnson</lastName>
        <sponsorshipDate>2017-03-08</sponsorshipDate>
        <bioguideId>J000292</bioguideId>
        <middleName />
        <identifiers>
          <lisID>2046</lisID>
          <bioguideId>J000292</bioguideId>
          <gpoId>8096</gpoId>
        </identifiers>
        <district>6</district>
        <party>R</party>
        <state>OH</state>
        <firstName>Bill</firstName>
        <sponsorshipWithdrawnDate />
        <isOriginalCosponsor>True</isOriginalCosponsor>
        <fullName>Rep. Johnson, Bill [R-OH-6]</fullName>
      </item>
      <item>
        <lastName>Long</lastName>
        <sponsorshipDate>2017-03-08</sponsorshipDate>
        <bioguideId>L000576</bioguideId>
        <middleName />
        <identifiers>
          <lisID>2033</lisID>
          <bioguideId>L000576</bioguideId>
          <gpoId>8015</gpoId>
        </identifiers>
        <district>7</district>
        <party>R</party>
        <state>MO</state>
        <firstName>Billy</firstName>
        <sponsorshipWithdrawnDate />
        <isOriginalCosponsor>True</isOriginalCosponsor>
        <fullName>Rep. Long, Billy [R-MO-7]</fullName>
      </item>
      <item>
        <lastName>Brooks</lastName>
        <sponsorshipDate>2017-03-08</sponsorshipDate>
        <bioguideId>B001284</bioguideId>
        <middleName>W.</middleName>
        <identifiers>
          <lisID>2129</lisID>
          <gpoId />
          <bioguideId>B001284</bioguideId>
        </identifiers>
        <district>5</district>
        <party>R</party>
        <state>IN</state>
        <firstName>Susan</firstName>
        <sponsorshipWithdrawnDate />
        <isOriginalCosponsor>True</isOriginalCosponsor>
        <fullName>Rep. Brooks, Susan W. [R-IN-5]</fullName>
      </item>
      <item>
        <lastName>Walters</lastName>
        <sponsorshipDate>2017-03-08</sponsorshipDate>
        <bioguideId>W000820</bioguideId>
        <middleName />
        <identifiers>
          <lisID>2232</lisID>
          <gpoId />
          <bioguideId>W000820</bioguideId>
        </identifiers>
        <district>45</district>
        <party>R</party>
        <state>CA</state>
        <firstName>Mimi</firstName>
        <sponsorshipWithdrawnDate />
        <isOriginalCosponsor>True</isOriginalCosponsor>
        <fullName>Rep. Walters, Mimi [R-CA-45]</fullName>
      </item>
      <item>
        <lastName>Cramer</lastName>
        <sponsorshipDate>2017-03-08</sponsorshipDate>
        <bioguideId>C001096</bioguideId>
        <middleName />
        <identifiers>
          <lisID>2144</lisID>
          <gpoId />
          <bioguideId>C001096</bioguideId>
        </identifiers>
        <district>0</district>
        <party>R</party>
        <state>ND</state>
        <firstName>Kevin</firstName>
        <sponsorshipWithdrawnDate />
        <isOriginalCosponsor>True</isOriginalCosponsor>
        <fullName>Rep. Cramer, Kevin [R-ND-At Large]</fullName>
      </item>
      <item>
        <lastName>Collins</lastName>
        <sponsorshipDate>2017-03-08</sponsorshipDate>
        <bioguideId>C001092</bioguideId>
        <middleName />
        <identifiers>
          <bioguideId>C001092</bioguideId>
          <lisID>2151</lisID>
          <gpoId />
        </identifiers>
        <district>27</district>
        <party>R</party>
        <state>NY</state>
        <firstName>Chris</firstName>
        <sponsorshipWithdrawnDate />
        <isOriginalCosponsor>True</isOriginalCosponsor>
        <fullName>Rep. Collins, Chris [R-NY-27]</fullName>
      </item>
      <item>
        <lastName>Costello</lastName>
        <sponsorshipDate>2017-03-08</sponsorshipDate>
        <bioguideId>C001106</bioguideId>
        <middleName>A.</middleName>
        <identifiers>
          <lisID>2266</lisID>
          <gpoId />
          <bioguideId>C001106</bioguideId>
        </identifiers>
        <district>6</district>
        <party>R</party>
        <state>PA</state>
        <firstName>Ryan</firstName>
        <sponsorshipWithdrawnDate />
        <isOriginalCosponsor>True</isOriginalCosponsor>
        <fullName>Rep. Costello, Ryan A. [R-PA-6]</fullName>
      </item>
      <item>
        <lastName>Bilirakis</lastName>
        <sponsorshipDate>2017-03-08</sponsorshipDate>
        <bioguideId>B001257</bioguideId>
        <middleName>M.</middleName>
        <identifiers>
          <lisID>1838</lisID>
          <bioguideId>B001257</bioguideId>
          <gpoId>7881</gpoId>
        </identifiers>
        <district>12</district>
        <party>R</party>
        <state>FL</state>
        <firstName>Gus</firstName>
        <sponsorshipWithdrawnDate />
        <isOriginalCosponsor>True</isOriginalCosponsor>
        <fullName>Rep. Bilirakis, Gus M. [R-FL-12]</fullName>
      </item>
      <item>
        <lastName>SHIMKUS</lastName>
        <sponsorshipDate>2017-03-08</sponsorshipDate>
        <bioguideId>S000364</bioguideId>
        <middleName>M.</middleName>
        <identifiers>
          <lisID>1527</lisID>
          <gpoId>7939</gpoId>
          <bioguideId>S000364</bioguideId>
        </identifiers>
        <district>15</district>
        <party>R</party>
        <state>IL</state>
        <firstName>JOHN</firstName>
        <sponsorshipWithdrawnDate />
        <isOriginalCosponsor>True</isOriginalCosponsor>
        <fullName>Rep. Shimkus, John [R-IL-15]</fullName>
      </item>
    </cosponsors>
    <billType>HJRES</billType>
    <recordedVotes />
    <laws />
    <committeeReports />
    <actions>
      <item>
        <actionDate>2017-03-10</actionDate>
        <committee>
          <systemCode>hsif16</systemCode>
          <name>Communications and Technology Subcommittee</name>
        </committee>
        <links />
        <sourceSystem>
          <code>1</code>
          <name>House committee actions</name>
        </sourceSystem>
        <text>Referred to the Subcommittee on Communications and Technology.</text>
        <type>Committee</type>
      </item>
      <item>
        <committee>
          <systemCode>hsif00</systemCode>
          <name>Energy and Commerce Committee</name>
        </committee>
        <sourceSystem>
          <code>2</code>
          <name>House floor actions</name>
        </sourceSystem>
        <actionDate>2017-03-08</actionDate>
        <text>Referred to the House Committee on Energy and Commerce.</text>
        <links />
        <type>IntroReferral</type>
        <actionCode>H11100</actionCode>
      </item>
      <item>
        <committee />
        <sourceSystem>
          <code>9</code>
          <name>Library of Congress</name>
        </sourceSystem>
        <actionDate>2017-03-08</actionDate>
        <text>Introduced in House</text>
        <links />
        <type>IntroReferral</type>
        <actionCode>Intro-H</actionCode>
      </item>
      <item>
        <committee />
        <sourceSystem>
          <code>9</code>
          <name>Library of Congress</name>
        </sourceSystem>
        <actionDate>2017-03-08</actionDate>
        <text>Introduced in House</text>
        <links />
        <type>IntroReferral</type>
        <actionCode>1000</actionCode>
      </item>
      <actionByCounts>
        <houseOfRepresentatives>4</houseOfRepresentatives>
      </actionByCounts>
      <actionTypeCounts>
        <billReferrals>1</billReferrals>
        <placeholderTextForH>1</placeholderTextForH>
        <introducedInTheHouse>1</introducedInTheHouse>
        <introducedInHouse>1</introducedInHouse>
      </actionTypeCounts>
    </actions>
    <createDate>2017-03-09T05:25:08Z</createDate>
    <version>1.0.0</version>
    <notes />
    <latestAction>
      <actionDate>2017-03-10</actionDate>
      <text>Referred to the Subcommittee on Communications and Technology.</text>
      <links />
    </latestAction>
    <title>Providing for congressional disapproval under chapter 8 of title 5, United States Code, of the rule submitted by the Federal Communications Commission relating to "Protecting the Privacy of Customers of Broadband and Other Telecommunications Services".</title>
    <summaries>
      <billSummaries>
        <item>
          <text><![CDATA[<p>This joint resolution nullifies the rule submitted by the Federal Communications Commission entitled "Protecting the Privacy of Customers of Broadband and Other Telecommunications Services." The rule published on December 2, 2016: (1) applies the customer privacy requirements of the Communications Act of 1934 to broadband Internet access service and other telecommunications services, (2) requires telecommunications carriers to inform customers about rights to opt in or opt out of the use or the sharing of their confidential information, (3) adopts data security and&nbsp;breach notification requirements, (4) prohibits broadband service offerings that are contingent on surrendering privacy rights, and (5)&nbsp;requires disclosures and affirmative consent&nbsp;when a broadband provider offers customers financial incentives in exchange for&nbsp;the provider's right to use a customer's&nbsp;confidential information.</p>]]></text>
          <name>Introduced in House</name>
          <lastSummaryUpdateDate>2017-03-27T18:26:23Z</lastSummaryUpdateDate>
          <versionCode>00</versionCode>
          <actionDesc>Introduced in House</actionDesc>
          <updateDate>2017-03-08T05:00:00Z</updateDate>
          <actionDate>2017-03-08</actionDate>
        </item>
      </billSummaries>
    </summaries>
    <congress>115</congress>
    <policyArea>
      <name>Science, Technology, Communications</name>
    </policyArea>
    <billNumber>86</billNumber>
    <calendarNumbers />
    <cboCostEstimates />
    <introducedDate>2017-03-08</introducedDate>
    <relatedBills>
      <item>
        <latestTitle>A joint resolution providing for congressional disapproval under chapter 8 of title 5, United States Code, of the rule submitted by the Federal Communications Commission relating to "Protecting the Privacy of Customers of Broadband and Other Telecommunications Services".</latestTitle>
        <number>34</number>
        <latestAction>
          <actionDate>2017-04-03</actionDate>
          <text>Became Public Law No: 115-22.</text>
        </latestAction>
        <congress>115</congress>
        <relationshipDetails>
          <item>
            <identifiedBy>CRS</identifiedBy>
            <type>Identical bill</type>
          </item>
        </relationshipDetails>
        <type>SJRES</type>
      </item>
    </relatedBills>
    <committees>
      <billCommittees>
        <item>
          <systemCode>hsif00</systemCode>
          <name>Energy and Commerce Committee</name>
          <type>Standing</type>
          <activities>
            <item>
              <name>Referred to</name>
              <date>2017-03-08T15:02:25Z</date>
            </item>
          </activities>
          <chamber>House</chamber>
          <subcommittees>
            <item>
              <activities>
                <item>
                  <name>Referred to</name>
                  <date>2017-03-10T19:11:31Z</date>
                </item>
              </activities>
              <systemCode>hsif16</systemCode>
              <name>Communications and Technology Subcommittee</name>
            </item>
          </subcommittees>
        </item>
      </billCommittees>
    </committees>
    <titles>
      <item>
        <titleType>Official Title as Introduced</titleType>
        <title>Providing for congressional disapproval under chapter 8 of title 5, United States Code, of the rule submitted by the Federal Communications Commission relating to "Protecting the Privacy of Customers of Broadband and Other Telecommunications Services".</title>
        <chamberCode />
        <parentTitleType />
        <chamberName />
      </item>
      <item>
        <titleType>Display Title</titleType>
        <title>Providing for congressional disapproval under chapter 8 of title 5, United States Code, of the rule submitted by the Federal Communications Commission relating to "Protecting the Privacy of Customers of Broadband and Other Telecommunications Services".</title>
        <chamberCode />
        <parentTitleType />
        <chamberName />
      </item>
    </titles>
    <sponsors>
      <item>
        <fullName>Rep. Blackburn, Marsha [R-TN-7]</fullName>
        <middleName />
        <district>7</district>
        <byRequestType />
        <firstName>Marsha</firstName>
        <bioguideId>B001243</bioguideId>
        <state>TN</state>
        <party>R</party>
        <lastName>Blackburn</lastName>
        <identifiers>
          <lisID>1748</lisID>
          <bioguideId>B001243</bioguideId>
          <gpoId>8154</gpoId>
        </identifiers>
      </item>
    </sponsors>
    <updateDate>2018-02-06T16:40:11Z</updateDate>
    <amendments />
  </bill>
  <dublinCore xmlns:dc="http://purl.org/dc/elements/1.1/">
    <dc:format>text/xml</dc:format>
    <dc:language>EN</dc:language>
    <dc:rights>Pursuant to Title 17 Section 105 of the United States Code, this file is not subject to copyright protection and is in the public domain.</dc:rights>
    <dc:contributor>Congressional Research Service, Library of Congress</dc:contributor>
    <dc:description>This file contains bill summaries and statuses for federal legislation. A bill summary describes the most significant provisions of a piece of legislation and details the effects the legislative text may have on current law and federal programs. Bill summaries are authored by the Congressional Research Service (CRS) of the Library of Congress. As stated in Public Law 91-510 (2 USC 166 (d)(6)), one of the duties of CRS is "to prepare summaries and digests of bills and resolutions of a public general nature introduced in the Senate or House of Representatives". For more information, refer to the User Guide that accompanies this file.</dc:description>
  </dublinCore>
</billStatus>

