<?xml version="1.0" encoding="UTF-8"?>
<billStatus>
  <bill>
    <notes />
    <titles>
      <item>
        <title>Providing for congressional disapproval under chapter 8 of title 5, United States Code, of the rule submitted by the Bureau of Consumer Financial Protection relating to "Payday, Vehicle Title, and Certain High-Cost Installment Loans".</title>
        <chamberCode />
        <titleType>Official Title as Introduced</titleType>
        <parentTitleType />
        <chamberName />
      </item>
      <item>
        <title>Providing for congressional disapproval under chapter 8 of title 5, United States Code, of the rule submitted by the Bureau of Consumer Financial Protection relating to "Payday, Vehicle Title, and Certain High-Cost Installment Loans".</title>
        <chamberCode />
        <titleType>Display Title</titleType>
        <parentTitleType />
        <chamberName />
      </item>
    </titles>
    <introducedDate>2017-12-01</introducedDate>
    <title>Providing for congressional disapproval under chapter 8 of title 5, United States Code, of the rule submitted by the Bureau of Consumer Financial Protection relating to "Payday, Vehicle Title, and Certain High-Cost Installment Loans".</title>
    <subjects>
      <billSubjects>
        <legislativeSubjects>
          <item>
            <name>Administrative law and regulatory procedures</name>
          </item>
          <item>
            <name>Business records</name>
          </item>
          <item>
            <name>Congressional oversight</name>
          </item>
          <item>
            <name>Consumer Financial Protection Bureau</name>
          </item>
          <item>
            <name>Consumer credit</name>
          </item>
          <item>
            <name>Credit and credit markets</name>
          </item>
          <item>
            <name>Government information and archives</name>
          </item>
          <item>
            <name>Licensing and registrations</name>
          </item>
        </legislativeSubjects>
        <policyArea>
          <name>Finance and Financial Sector</name>
        </policyArea>
      </billSubjects>
    </subjects>
    <constitutionalAuthorityStatementText><![CDATA[<pre>[Congressional Record Volume 163, Number 176 (Tuesday, October 31, 2017)]From the Congressional Record Online through the Government Publishing Office [<a href='http://www.gpo.gov'>www.gpo.gov</a>]By Mr. COMER:H.R. 4182.Congress has the power to enact this legislation pursuantto the following:Article I, Section 8, Clause 18[Page H8294]</pre>]]></constitutionalAuthorityStatementText>
    <laws />
    <relatedBills />
    <recordedVotes />
    <updateDate>2018-02-28T08:15:34Z</updateDate>
    <congress>115</congress>
    <sponsors>
      <item>
        <identifiers>
          <lisID>2003</lisID>
          <bioguideId>R000593</bioguideId>
          <gpoId>7884</gpoId>
        </identifiers>
        <middleName>A.</middleName>
        <bioguideId>R000593</bioguideId>
        <firstName>Dennis</firstName>
        <byRequestType />
        <state>FL</state>
        <fullName>Rep. Ross, Dennis A. [R-FL-15]</fullName>
        <lastName>Ross</lastName>
        <district>15</district>
        <party>R</party>
      </item>
    </sponsors>
    <committeeReports />
    <actions>
      <actionTypeCounts>
        <billReferrals>1</billReferrals>
        <introducedInHouse>1</introducedInHouse>
        <introducedInTheHouse>1</introducedInTheHouse>
      </actionTypeCounts>
      <item>
        <sourceSystem>
          <code>2</code>
          <name>House floor actions</name>
        </sourceSystem>
        <committee>
          <systemCode>hsba00</systemCode>
          <name>Financial Services Committee</name>
        </committee>
        <actionDate>2017-12-01</actionDate>
        <text>Referred to the House Committee on Financial Services.</text>
        <links />
        <actionCode>H11100</actionCode>
        <type>IntroReferral</type>
      </item>
      <item>
        <sourceSystem>
          <code>9</code>
          <name>Library of Congress</name>
        </sourceSystem>
        <committee />
        <actionDate>2017-12-01</actionDate>
        <text>Introduced in House</text>
        <links />
        <actionCode>Intro-H</actionCode>
        <type>IntroReferral</type>
      </item>
      <item>
        <sourceSystem>
          <code>9</code>
          <name>Library of Congress</name>
        </sourceSystem>
        <committee />
        <actionDate>2017-12-01</actionDate>
        <text>Introduced in House</text>
        <links />
        <actionCode>1000</actionCode>
        <type>IntroReferral</type>
      </item>
      <actionByCounts>
        <houseOfRepresentatives>3</houseOfRepresentatives>
      </actionByCounts>
    </actions>
    <createDate>2017-12-02T03:11:12Z</createDate>
    <billType>HJRES</billType>
    <policyArea>
      <name>Finance and Financial Sector</name>
    </policyArea>
    <cosponsors>
      <item>
        <lastName>HASTINGS</lastName>
        <bioguideId>H000324</bioguideId>
        <sponsorshipDate>2017-12-01</sponsorshipDate>
        <sponsorshipWithdrawnDate />
        <isOriginalCosponsor>True</isOriginalCosponsor>
        <middleName>L.</middleName>
        <state>FL</state>
        <firstName>ALCEE</firstName>
        <party>D</party>
        <identifiers>
          <lisID>511</lisID>
          <gpoId>7895</gpoId>
          <bioguideId>H000324</bioguideId>
        </identifiers>
        <district>20</district>
        <fullName>Rep. Hastings, Alcee L. [D-FL-20]</fullName>
      </item>
      <item>
        <lastName>Graves</lastName>
        <bioguideId>G000560</bioguideId>
        <sponsorshipDate>2017-12-01</sponsorshipDate>
        <sponsorshipWithdrawnDate />
        <isOriginalCosponsor>True</isOriginalCosponsor>
        <middleName />
        <state>GA</state>
        <firstName>Tom</firstName>
        <party>R</party>
        <identifiers>
          <lisID>1979</lisID>
          <gpoId>7906</gpoId>
          <bioguideId>G000560</bioguideId>
        </identifiers>
        <district>14</district>
        <fullName>Rep. Graves, Tom [R-GA-14]</fullName>
      </item>
      <item>
        <lastName>Cuellar</lastName>
        <bioguideId>C001063</bioguideId>
        <sponsorshipDate>2017-12-01</sponsorshipDate>
        <sponsorshipWithdrawnDate />
        <isOriginalCosponsor>True</isOriginalCosponsor>
        <middleName />
        <state>TX</state>
        <firstName>Henry</firstName>
        <party>D</party>
        <identifiers>
          <lisID>1807</lisID>
          <gpoId>8184</gpoId>
          <bioguideId>C001063</bioguideId>
        </identifiers>
        <district>28</district>
        <fullName>Rep. Cuellar, Henry [D-TX-28]</fullName>
      </item>
      <item>
        <lastName>Stivers</lastName>
        <bioguideId>S001187</bioguideId>
        <sponsorshipDate>2017-12-01</sponsorshipDate>
        <sponsorshipWithdrawnDate />
        <isOriginalCosponsor>True</isOriginalCosponsor>
        <middleName />
        <state>OH</state>
        <firstName>Steve</firstName>
        <party>R</party>
        <identifiers>
          <lisID>2047</lisID>
          <gpoId>8105</gpoId>
          <bioguideId>S001187</bioguideId>
        </identifiers>
        <district>15</district>
        <fullName>Rep. Stivers, Steve [R-OH-15]</fullName>
      </item>
      <item>
        <lastName>PETERSON</lastName>
        <bioguideId>P000258</bioguideId>
        <sponsorshipDate>2017-12-01</sponsorshipDate>
        <sponsorshipWithdrawnDate />
        <isOriginalCosponsor>True</isOriginalCosponsor>
        <middleName>C.</middleName>
        <state>MN</state>
        <firstName>COLLIN</firstName>
        <party>D</party>
        <identifiers>
          <bioguideId>P000258</bioguideId>
          <lisID>910</lisID>
          <gpoId>8007</gpoId>
        </identifiers>
        <district>7</district>
        <fullName>Rep. Peterson, Collin C. [D-MN-7]</fullName>
      </item>
      <item>
        <lastName>Duffy</lastName>
        <bioguideId>D000614</bioguideId>
        <sponsorshipDate>2018-02-07</sponsorshipDate>
        <sponsorshipWithdrawnDate />
        <isOriginalCosponsor>False</isOriginalCosponsor>
        <middleName>P.</middleName>
        <state>WI</state>
        <firstName>Sean</firstName>
        <party>R</party>
        <identifiers>
          <lisID>2072</lisID>
          <bioguideId>D000614</bioguideId>
          <gpoId>8220</gpoId>
        </identifiers>
        <district>7</district>
        <fullName>Rep. Duffy, Sean P. [R-WI-7]</fullName>
      </item>
      <item>
        <lastName>Norman</lastName>
        <bioguideId>N000190</bioguideId>
        <sponsorshipDate>2018-02-07</sponsorshipDate>
        <sponsorshipWithdrawnDate />
        <isOriginalCosponsor>False</isOriginalCosponsor>
        <middleName />
        <state>SC</state>
        <firstName>Ralph</firstName>
        <party>R</party>
        <identifiers>
          <bioguideId>N000190</bioguideId>
          <lisID>2361</lisID>
          <gpoId />
        </identifiers>
        <district>5</district>
        <fullName>Rep. Norman, Ralph [R-SC-5]</fullName>
      </item>
      <item>
        <lastName>Walker</lastName>
        <bioguideId>W000819</bioguideId>
        <sponsorshipDate>2018-02-07</sponsorshipDate>
        <sponsorshipWithdrawnDate />
        <isOriginalCosponsor>False</isOriginalCosponsor>
        <middleName />
        <state>NC</state>
        <firstName>Mark</firstName>
        <party>R</party>
        <identifiers>
          <lisID>2255</lisID>
          <gpoId />
          <bioguideId>W000819</bioguideId>
        </identifiers>
        <district>6</district>
        <fullName>Rep. Walker, Mark [R-NC-6]</fullName>
      </item>
      <item>
        <lastName>Posey</lastName>
        <bioguideId>P000599</bioguideId>
        <sponsorshipDate>2018-02-07</sponsorshipDate>
        <sponsorshipWithdrawnDate />
        <isOriginalCosponsor>False</isOriginalCosponsor>
        <middleName />
        <state>FL</state>
        <firstName>Bill</firstName>
        <party>R</party>
        <identifiers>
          <bioguideId>P000599</bioguideId>
          <lisID>1915</lisID>
          <gpoId>7887</gpoId>
        </identifiers>
        <district>8</district>
        <fullName>Rep. Posey, Bill [R-FL-8]</fullName>
      </item>
      <item>
        <lastName>Faso</lastName>
        <bioguideId>F000464</bioguideId>
        <sponsorshipDate>2018-02-07</sponsorshipDate>
        <sponsorshipWithdrawnDate />
        <isOriginalCosponsor>False</isOriginalCosponsor>
        <middleName>J.</middleName>
        <state>NY</state>
        <firstName>John</firstName>
        <party>R</party>
        <identifiers>
          <lisID>2343</lisID>
          <gpoId />
          <bioguideId>F000464</bioguideId>
        </identifiers>
        <district>19</district>
        <fullName>Rep. Faso, John J. [R-NY-19]</fullName>
      </item>
      <item>
        <lastName>Wagner</lastName>
        <bioguideId>W000812</bioguideId>
        <sponsorshipDate>2018-02-07</sponsorshipDate>
        <sponsorshipWithdrawnDate />
        <isOriginalCosponsor>False</isOriginalCosponsor>
        <middleName />
        <state>MO</state>
        <firstName>Ann</firstName>
        <party>R</party>
        <identifiers>
          <gpoId />
          <bioguideId>W000812</bioguideId>
          <lisID>2137</lisID>
        </identifiers>
        <district>2</district>
        <fullName>Rep. Wagner, Ann [R-MO-2]</fullName>
      </item>
      <item>
        <lastName>Williams</lastName>
        <bioguideId>W000816</bioguideId>
        <sponsorshipDate>2018-02-07</sponsorshipDate>
        <sponsorshipWithdrawnDate />
        <isOriginalCosponsor>False</isOriginalCosponsor>
        <middleName />
        <state>TX</state>
        <firstName>Roger</firstName>
        <party>R</party>
        <identifiers>
          <gpoId />
          <lisID>2165</lisID>
          <bioguideId>W000816</bioguideId>
        </identifiers>
        <district>25</district>
        <fullName>Rep. Williams, Roger [R-TX-25]</fullName>
      </item>
      <item>
        <lastName>Rutherford</lastName>
        <bioguideId>R000609</bioguideId>
        <sponsorshipDate>2018-02-07</sponsorshipDate>
        <sponsorshipWithdrawnDate />
        <isOriginalCosponsor>False</isOriginalCosponsor>
        <middleName>H.</middleName>
        <state>FL</state>
        <firstName>John</firstName>
        <party>R</party>
        <identifiers>
          <gpoId />
          <lisID>2316</lisID>
          <bioguideId>R000609</bioguideId>
        </identifiers>
        <district>4</district>
        <fullName>Rep. Rutherford, John H. [R-FL-4]</fullName>
      </item>
      <item>
        <lastName>Bilirakis</lastName>
        <bioguideId>B001257</bioguideId>
        <sponsorshipDate>2018-02-07</sponsorshipDate>
        <sponsorshipWithdrawnDate />
        <isOriginalCosponsor>False</isOriginalCosponsor>
        <middleName>M.</middleName>
        <state>FL</state>
        <firstName>Gus</firstName>
        <party>R</party>
        <identifiers>
          <gpoId>7881</gpoId>
          <lisID>1838</lisID>
          <bioguideId>B001257</bioguideId>
        </identifiers>
        <district>12</district>
        <fullName>Rep. Bilirakis, Gus M. [R-FL-12]</fullName>
      </item>
      <item>
        <lastName>LUCAS</lastName>
        <bioguideId>L000491</bioguideId>
        <sponsorshipDate>2018-02-07</sponsorshipDate>
        <sponsorshipWithdrawnDate />
        <isOriginalCosponsor>False</isOriginalCosponsor>
        <middleName>D.</middleName>
        <state>OK</state>
        <firstName>FRANK</firstName>
        <party>R</party>
        <identifiers>
          <bioguideId>L000491</bioguideId>
          <gpoId>8111</gpoId>
          <lisID>711</lisID>
        </identifiers>
        <district>3</district>
        <fullName>Rep. Lucas, Frank D. [R-OK-3]</fullName>
      </item>
      <item>
        <lastName>Loudermilk</lastName>
        <bioguideId>L000583</bioguideId>
        <sponsorshipDate>2018-02-07</sponsorshipDate>
        <sponsorshipWithdrawnDate />
        <isOriginalCosponsor>False</isOriginalCosponsor>
        <middleName />
        <state>GA</state>
        <firstName>Barry</firstName>
        <party>R</party>
        <identifiers>
          <gpoId />
          <lisID>2238</lisID>
          <bioguideId>L000583</bioguideId>
        </identifiers>
        <district>11</district>
        <fullName>Rep. Loudermilk, Barry [R-GA-11]</fullName>
      </item>
      <item>
        <lastName>Huizenga</lastName>
        <bioguideId>H001058</bioguideId>
        <sponsorshipDate>2018-02-07</sponsorshipDate>
        <sponsorshipWithdrawnDate />
        <isOriginalCosponsor>False</isOriginalCosponsor>
        <middleName />
        <state>MI</state>
        <firstName>Bill</firstName>
        <party>R</party>
        <identifiers>
          <lisID>2028</lisID>
          <gpoId>7987</gpoId>
          <bioguideId>H001058</bioguideId>
        </identifiers>
        <district>2</district>
        <fullName>Rep. Huizenga, Bill [R-MI-2]</fullName>
      </item>
      <item>
        <lastName>Blackburn</lastName>
        <bioguideId>B001243</bioguideId>
        <sponsorshipDate>2018-02-07</sponsorshipDate>
        <sponsorshipWithdrawnDate />
        <isOriginalCosponsor>False</isOriginalCosponsor>
        <middleName />
        <state>TN</state>
        <firstName>Marsha</firstName>
        <party>R</party>
        <identifiers>
          <lisID>1748</lisID>
          <bioguideId>B001243</bioguideId>
          <gpoId>8154</gpoId>
        </identifiers>
        <district>7</district>
        <fullName>Rep. Blackburn, Marsha [R-TN-7]</fullName>
      </item>
      <item>
        <lastName>Biggs</lastName>
        <bioguideId>B001302</bioguideId>
        <sponsorshipDate>2018-02-07</sponsorshipDate>
        <sponsorshipWithdrawnDate />
        <isOriginalCosponsor>False</isOriginalCosponsor>
        <middleName />
        <state>AZ</state>
        <firstName>Andy</firstName>
        <party>R</party>
        <identifiers>
          <lisID>2307</lisID>
          <gpoId />
          <bioguideId>B001302</bioguideId>
        </identifiers>
        <district>5</district>
        <fullName>Rep. Biggs, Andy [R-AZ-5]</fullName>
      </item>
      <item>
        <lastName>McClintock</lastName>
        <bioguideId>M001177</bioguideId>
        <sponsorshipDate>2018-02-07</sponsorshipDate>
        <sponsorshipWithdrawnDate />
        <isOriginalCosponsor>False</isOriginalCosponsor>
        <middleName />
        <state>CA</state>
        <firstName>Tom</firstName>
        <party>R</party>
        <identifiers>
          <lisID>1908</lisID>
          <gpoId>7809</gpoId>
          <bioguideId>M001177</bioguideId>
        </identifiers>
        <district>4</district>
        <fullName>Rep. McClintock, Tom [R-CA-4]</fullName>
      </item>
      <item>
        <lastName>Pittenger</lastName>
        <bioguideId>P000606</bioguideId>
        <sponsorshipDate>2018-02-16</sponsorshipDate>
        <sponsorshipWithdrawnDate />
        <isOriginalCosponsor>False</isOriginalCosponsor>
        <middleName />
        <state>NC</state>
        <firstName>Robert</firstName>
        <party>R</party>
        <identifiers>
          <gpoId />
          <lisID>2141</lisID>
          <bioguideId>P000606</bioguideId>
        </identifiers>
        <district>9</district>
        <fullName>Rep. Pittenger, Robert [R-NC-9]</fullName>
      </item>
      <item>
        <lastName>Palazzo</lastName>
        <bioguideId>P000601</bioguideId>
        <sponsorshipDate>2018-02-16</sponsorshipDate>
        <sponsorshipWithdrawnDate />
        <isOriginalCosponsor>False</isOriginalCosponsor>
        <middleName>M.</middleName>
        <state>MS</state>
        <firstName>Steven</firstName>
        <party>R</party>
        <identifiers>
          <bioguideId>P000601</bioguideId>
          <lisID>2035</lisID>
          <gpoId>8022</gpoId>
        </identifiers>
        <district>4</district>
        <fullName>Rep. Palazzo, Steven M. [R-MS-4]</fullName>
      </item>
      <item>
        <lastName>DesJarlais</lastName>
        <bioguideId>D000616</bioguideId>
        <sponsorshipDate>2018-02-16</sponsorshipDate>
        <sponsorshipWithdrawnDate />
        <isOriginalCosponsor>False</isOriginalCosponsor>
        <middleName />
        <state>TN</state>
        <firstName>Scott</firstName>
        <party>R</party>
        <identifiers>
          <lisID>2062</lisID>
          <gpoId>8151</gpoId>
          <bioguideId>D000616</bioguideId>
        </identifiers>
        <district>4</district>
        <fullName>Rep. DesJarlais, Scott [R-TN-4]</fullName>
      </item>
      <item>
        <lastName>ROHRABACHER</lastName>
        <bioguideId>R000409</bioguideId>
        <sponsorshipDate>2018-02-16</sponsorshipDate>
        <sponsorshipWithdrawnDate />
        <isOriginalCosponsor>False</isOriginalCosponsor>
        <middleName />
        <state>CA</state>
        <firstName>DANA</firstName>
        <party>R</party>
        <identifiers>
          <gpoId>7851</gpoId>
          <lisID>979</lisID>
          <bioguideId>R000409</bioguideId>
        </identifiers>
        <district>48</district>
        <fullName>Rep. Rohrabacher, Dana [R-CA-48]</fullName>
      </item>
      <item>
        <lastName>Kustoff</lastName>
        <bioguideId>K000392</bioguideId>
        <sponsorshipDate>2018-02-16</sponsorshipDate>
        <sponsorshipWithdrawnDate />
        <isOriginalCosponsor>False</isOriginalCosponsor>
        <middleName />
        <state>TN</state>
        <firstName>David</firstName>
        <party>R</party>
        <identifiers>
          <bioguideId>K000392</bioguideId>
          <lisID>2348</lisID>
          <gpoId />
        </identifiers>
        <district>8</district>
        <fullName>Rep. Kustoff, David [R-TN-8]</fullName>
      </item>
      <item>
        <lastName>Kelly</lastName>
        <bioguideId>K000388</bioguideId>
        <sponsorshipDate>2018-02-16</sponsorshipDate>
        <sponsorshipWithdrawnDate />
        <isOriginalCosponsor>False</isOriginalCosponsor>
        <middleName />
        <state>MS</state>
        <firstName>Trent</firstName>
        <party>R</party>
        <identifiers>
          <bioguideId>K000388</bioguideId>
          <gpoId />
          <lisID>2294</lisID>
        </identifiers>
        <district>1</district>
        <fullName>Rep. Kelly, Trent [R-MS-1]</fullName>
      </item>
      <item>
        <lastName>Fleischmann</lastName>
        <bioguideId>F000459</bioguideId>
        <sponsorshipDate>2018-02-27</sponsorshipDate>
        <sponsorshipWithdrawnDate />
        <isOriginalCosponsor>False</isOriginalCosponsor>
        <middleName>J. "Chuck"</middleName>
        <state>TN</state>
        <firstName>Charles</firstName>
        <party>R</party>
        <identifiers>
          <bioguideId>F000459</bioguideId>
          <lisID>2061</lisID>
          <gpoId>8150</gpoId>
        </identifiers>
        <district>3</district>
        <fullName>Rep. Fleischmann, Charles J. "Chuck" [R-TN-3]</fullName>
      </item>
      <item>
        <lastName>LaMalfa</lastName>
        <bioguideId>L000578</bioguideId>
        <sponsorshipDate>2018-02-27</sponsorshipDate>
        <sponsorshipWithdrawnDate />
        <isOriginalCosponsor>False</isOriginalCosponsor>
        <middleName />
        <state>CA</state>
        <firstName>Doug</firstName>
        <party>R</party>
        <identifiers>
          <gpoId />
          <lisID>2100</lisID>
          <bioguideId>L000578</bioguideId>
        </identifiers>
        <district>1</district>
        <fullName>Rep. LaMalfa, Doug [R-CA-1]</fullName>
      </item>
      <item>
        <lastName>Harper</lastName>
        <bioguideId>H001045</bioguideId>
        <sponsorshipDate>2018-02-27</sponsorshipDate>
        <sponsorshipWithdrawnDate />
        <isOriginalCosponsor>False</isOriginalCosponsor>
        <middleName />
        <state>MS</state>
        <firstName>Gregg</firstName>
        <party>R</party>
        <identifiers>
          <lisID>1933</lisID>
          <gpoId>8021</gpoId>
          <bioguideId>H001045</bioguideId>
        </identifiers>
        <district>3</district>
        <fullName>Rep. Harper, Gregg [R-MS-3]</fullName>
      </item>
      <item>
        <lastName>Gowdy</lastName>
        <bioguideId>G000566</bioguideId>
        <sponsorshipDate>2018-02-27</sponsorshipDate>
        <sponsorshipWithdrawnDate />
        <isOriginalCosponsor>False</isOriginalCosponsor>
        <middleName />
        <state>SC</state>
        <firstName>Trey</firstName>
        <party>R</party>
        <identifiers>
          <bioguideId>G000566</bioguideId>
          <lisID>2058</lisID>
          <gpoId>8144</gpoId>
        </identifiers>
        <district>4</district>
        <fullName>Rep. Gowdy, Trey [R-SC-4]</fullName>
      </item>
      <item>
        <lastName>Hollingsworth</lastName>
        <bioguideId>H001074</bioguideId>
        <sponsorshipDate>2018-02-27</sponsorshipDate>
        <sponsorshipWithdrawnDate />
        <isOriginalCosponsor>False</isOriginalCosponsor>
        <middleName />
        <state>IN</state>
        <firstName>Trey</firstName>
        <party>R</party>
        <identifiers>
          <bioguideId>H001074</bioguideId>
          <lisID>2327</lisID>
          <gpoId />
        </identifiers>
        <district>9</district>
        <fullName>Rep. Hollingsworth, Trey [R-IN-9]</fullName>
      </item>
      <item>
        <lastName>Rouzer</lastName>
        <bioguideId>R000603</bioguideId>
        <sponsorshipDate>2018-02-27</sponsorshipDate>
        <sponsorshipWithdrawnDate />
        <isOriginalCosponsor>False</isOriginalCosponsor>
        <middleName />
        <state>NC</state>
        <firstName>David</firstName>
        <party>R</party>
        <identifiers>
          <lisID>2256</lisID>
          <bioguideId>R000603</bioguideId>
          <gpoId />
        </identifiers>
        <district>7</district>
        <fullName>Rep. Rouzer, David [R-NC-7]</fullName>
      </item>
    </cosponsors>
    <version>1.0.0</version>
    <amendments />
    <billNumber>122</billNumber>
    <cboCostEstimates />
    <originChamber>House</originChamber>
    <committees>
      <billCommittees>
        <item>
          <type>Standing</type>
          <chamber>House</chamber>
          <name>Financial Services Committee</name>
          <activities>
            <item>
              <name>Referred to</name>
              <date>2017-12-01T14:01:20Z</date>
            </item>
          </activities>
          <subcommittees />
          <systemCode>hsba00</systemCode>
        </item>
      </billCommittees>
    </committees>
    <calendarNumbers />
    <latestAction>
      <text>Referred to the House Committee on Financial Services.</text>
      <actionDate>2017-12-01</actionDate>
      <links />
    </latestAction>
    <summaries>
      <billSummaries />
    </summaries>
  </bill>
  <dublinCore xmlns:dc="http://purl.org/dc/elements/1.1/">
    <dc:format>text/xml</dc:format>
    <dc:language>EN</dc:language>
    <dc:rights>Pursuant to Title 17 Section 105 of the United States Code, this file is not subject to copyright protection and is in the public domain.</dc:rights>
    <dc:contributor>Congressional Research Service, Library of Congress</dc:contributor>
    <dc:description>This file contains bill summaries and statuses for federal legislation. A bill summary describes the most significant provisions of a piece of legislation and details the effects the legislative text may have on current law and federal programs. Bill summaries are authored by the Congressional Research Service (CRS) of the Library of Congress. As stated in Public Law 91-510 (2 USC 166 (d)(6)), one of the duties of CRS is "to prepare summaries and digests of bills and resolutions of a public general nature introduced in the Senate or House of Representatives". For more information, refer to the User Guide that accompanies this file.</dc:description>
  </dublinCore>
</billStatus>

