<?xml version="1.0" encoding="UTF-8"?>
<billStatus>
  <bill>
    <notes />
    <cosponsors>
      <item>
        <identifiers>
          <bioguideId>N000189</bioguideId>
          <gpoId />
          <lisID>2275</lisID>
        </identifiers>
        <isOriginalCosponsor>True</isOriginalCosponsor>
        <middleName />
        <firstName>Dan</firstName>
        <sponsorshipDate>2017-01-03</sponsorshipDate>
        <fullName>Rep. Newhouse, Dan [R-WA-4]</fullName>
        <district>4</district>
        <sponsorshipWithdrawnDate />
        <party>R</party>
        <lastName>Newhouse</lastName>
        <bioguideId>N000189</bioguideId>
        <state>WA</state>
      </item>
      <item>
        <identifiers>
          <gpoId>8117</gpoId>
          <lisID>279</lisID>
          <bioguideId>D000191</bioguideId>
        </identifiers>
        <isOriginalCosponsor>True</isOriginalCosponsor>
        <middleName>A.</middleName>
        <firstName>PETER</firstName>
        <sponsorshipDate>2017-01-03</sponsorshipDate>
        <fullName>Rep. DeFazio, Peter A. [D-OR-4]</fullName>
        <district>4</district>
        <sponsorshipWithdrawnDate />
        <party>D</party>
        <lastName>DEFAZIO</lastName>
        <bioguideId>D000191</bioguideId>
        <state>OR</state>
      </item>
      <item>
        <identifiers>
          <gpoId>8177</gpoId>
          <lisID>1075</lisID>
          <bioguideId>S000583</bioguideId>
        </identifiers>
        <isOriginalCosponsor>True</isOriginalCosponsor>
        <middleName />
        <firstName>LAMAR</firstName>
        <sponsorshipDate>2017-01-03</sponsorshipDate>
        <fullName>Rep. Smith, Lamar [R-TX-21]</fullName>
        <district>21</district>
        <sponsorshipWithdrawnDate />
        <party>R</party>
        <lastName>SMITH</lastName>
        <bioguideId>S000583</bioguideId>
        <state>TX</state>
      </item>
      <item>
        <identifiers>
          <gpoId>8163</gpoId>
          <lisID>1670</lisID>
          <bioguideId>C001048</bioguideId>
        </identifiers>
        <isOriginalCosponsor>True</isOriginalCosponsor>
        <middleName>ABNEY</middleName>
        <firstName>JOHN</firstName>
        <sponsorshipDate>2017-01-03</sponsorshipDate>
        <fullName>Rep. Culberson, John Abney [R-TX-7]</fullName>
        <district>7</district>
        <sponsorshipWithdrawnDate />
        <party>R</party>
        <lastName>CULBERSON</lastName>
        <bioguideId>C001048</bioguideId>
        <state>TX</state>
      </item>
      <item>
        <identifiers>
          <bioguideId>F000460</bioguideId>
          <lisID>2067</lisID>
          <gpoId>8183</gpoId>
        </identifiers>
        <isOriginalCosponsor>True</isOriginalCosponsor>
        <middleName />
        <firstName>Blake</firstName>
        <sponsorshipDate>2017-01-03</sponsorshipDate>
        <fullName>Rep. Farenthold, Blake [R-TX-27]</fullName>
        <district>27</district>
        <sponsorshipWithdrawnDate />
        <party>R</party>
        <lastName>Farenthold</lastName>
        <bioguideId>F000460</bioguideId>
        <state>TX</state>
      </item>
      <item>
        <identifiers>
          <bioguideId>B001293</bioguideId>
          <lisID>2249</lisID>
          <gpoId />
        </identifiers>
        <isOriginalCosponsor>False</isOriginalCosponsor>
        <middleName />
        <firstName>Mike</firstName>
        <sponsorshipDate>2017-01-10</sponsorshipDate>
        <fullName>Rep. Bishop, Mike [R-MI-8]</fullName>
        <district>8</district>
        <sponsorshipWithdrawnDate />
        <party>R</party>
        <lastName>Bishop</lastName>
        <bioguideId>B001293</bioguideId>
        <state>MI</state>
      </item>
      <item>
        <identifiers>
          <gpoId>8178</gpoId>
          <bioguideId>O000168</bioguideId>
          <lisID>1955</lisID>
        </identifiers>
        <isOriginalCosponsor>False</isOriginalCosponsor>
        <middleName />
        <firstName>Pete</firstName>
        <sponsorshipDate>2017-01-10</sponsorshipDate>
        <fullName>Rep. Olson, Pete [R-TX-22]</fullName>
        <district>22</district>
        <sponsorshipWithdrawnDate />
        <party>R</party>
        <lastName>Olson</lastName>
        <bioguideId>O000168</bioguideId>
        <state>TX</state>
      </item>
      <item>
        <identifiers>
          <bioguideId>S000051</bioguideId>
          <lisID>1012</lisID>
          <gpoId />
        </identifiers>
        <isOriginalCosponsor>False</isOriginalCosponsor>
        <middleName />
        <firstName>Mark</firstName>
        <sponsorshipDate>2017-01-10</sponsorshipDate>
        <fullName>Rep. Sanford, Mark [R-SC-1]</fullName>
        <district>1</district>
        <sponsorshipWithdrawnDate />
        <party>R</party>
        <lastName>Sanford</lastName>
        <bioguideId>S000051</bioguideId>
        <state>SC</state>
      </item>
      <item>
        <identifiers>
          <lisID>2256</lisID>
          <bioguideId>R000603</bioguideId>
          <gpoId />
        </identifiers>
        <isOriginalCosponsor>False</isOriginalCosponsor>
        <middleName />
        <firstName>David</firstName>
        <sponsorshipDate>2017-01-10</sponsorshipDate>
        <fullName>Rep. Rouzer, David [R-NC-7]</fullName>
        <district>7</district>
        <sponsorshipWithdrawnDate />
        <party>R</party>
        <lastName>Rouzer</lastName>
        <bioguideId>R000603</bioguideId>
        <state>NC</state>
      </item>
      <item>
        <identifiers>
          <bioguideId>R000607</bioguideId>
          <lisID>2323</lisID>
          <gpoId />
        </identifiers>
        <isOriginalCosponsor>False</isOriginalCosponsor>
        <middleName />
        <firstName>Francis</firstName>
        <sponsorshipDate>2017-01-10</sponsorshipDate>
        <fullName>Rep. Rooney, Francis [R-FL-19]</fullName>
        <district>19</district>
        <sponsorshipWithdrawnDate />
        <party>R</party>
        <lastName>Rooney</lastName>
        <bioguideId>R000607</bioguideId>
        <state>FL</state>
      </item>
      <item>
        <identifiers>
          <bioguideId>G000566</bioguideId>
          <lisID>2058</lisID>
          <gpoId>8144</gpoId>
        </identifiers>
        <isOriginalCosponsor>False</isOriginalCosponsor>
        <middleName />
        <firstName>Trey</firstName>
        <sponsorshipDate>2017-01-10</sponsorshipDate>
        <fullName>Rep. Gowdy, Trey [R-SC-4]</fullName>
        <district>4</district>
        <sponsorshipWithdrawnDate />
        <party>R</party>
        <lastName>Gowdy</lastName>
        <bioguideId>G000566</bioguideId>
        <state>SC</state>
      </item>
      <item>
        <identifiers>
          <bioguideId>B001298</bioguideId>
          <lisID>2337</lisID>
          <gpoId />
        </identifiers>
        <isOriginalCosponsor>False</isOriginalCosponsor>
        <middleName />
        <firstName>Don</firstName>
        <sponsorshipDate>2017-01-10</sponsorshipDate>
        <fullName>Rep. Bacon, Don [R-NE-2]</fullName>
        <district>2</district>
        <sponsorshipWithdrawnDate />
        <party>R</party>
        <lastName>Bacon</lastName>
        <bioguideId>B001298</bioguideId>
        <state>NE</state>
      </item>
      <item>
        <identifiers>
          <gpoId />
          <lisID>2239</lisID>
          <bioguideId>A000372</bioguideId>
        </identifiers>
        <isOriginalCosponsor>False</isOriginalCosponsor>
        <middleName>W.</middleName>
        <firstName>Rick</firstName>
        <sponsorshipDate>2017-01-31</sponsorshipDate>
        <fullName>Rep. Allen, Rick W. [R-GA-12]</fullName>
        <district>12</district>
        <sponsorshipWithdrawnDate />
        <party>R</party>
        <lastName>Allen</lastName>
        <bioguideId>A000372</bioguideId>
        <state>GA</state>
      </item>
      <item>
        <identifiers>
          <bioguideId>E000294</bioguideId>
          <lisID>2253</lisID>
          <gpoId />
        </identifiers>
        <isOriginalCosponsor>False</isOriginalCosponsor>
        <middleName />
        <firstName>Tom</firstName>
        <sponsorshipDate>2017-01-31</sponsorshipDate>
        <fullName>Rep. Emmer, Tom [R-MN-6]</fullName>
        <district>6</district>
        <sponsorshipWithdrawnDate />
        <party>R</party>
        <lastName>Emmer</lastName>
        <bioguideId>E000294</bioguideId>
        <state>MN</state>
      </item>
      <item>
        <identifiers>
          <bioguideId>C001077</bioguideId>
          <lisID>1912</lisID>
          <gpoId>7864</gpoId>
        </identifiers>
        <isOriginalCosponsor>False</isOriginalCosponsor>
        <middleName />
        <firstName>Mike</firstName>
        <sponsorshipDate>2017-01-31</sponsorshipDate>
        <fullName>Rep. Coffman, Mike [R-CO-6]</fullName>
        <district>6</district>
        <sponsorshipWithdrawnDate />
        <party>R</party>
        <lastName>Coffman</lastName>
        <bioguideId>C001077</bioguideId>
        <state>CO</state>
      </item>
      <item>
        <identifiers>
          <bioguideId>A000369</bioguideId>
          <lisID>2090</lisID>
          <gpoId>8366</gpoId>
        </identifiers>
        <isOriginalCosponsor>False</isOriginalCosponsor>
        <middleName>E.</middleName>
        <firstName>Mark</firstName>
        <sponsorshipDate>2017-01-31</sponsorshipDate>
        <fullName>Rep. Amodei, Mark E. [R-NV-2]</fullName>
        <district>2</district>
        <sponsorshipWithdrawnDate />
        <party>R</party>
        <lastName>Amodei</lastName>
        <bioguideId>A000369</bioguideId>
        <state>NV</state>
      </item>
      <item>
        <identifiers>
          <gpoId />
          <bioguideId>C001108</bioguideId>
          <lisID>2297</lisID>
        </identifiers>
        <isOriginalCosponsor>False</isOriginalCosponsor>
        <middleName />
        <firstName>James</firstName>
        <sponsorshipDate>2017-01-31</sponsorshipDate>
        <fullName>Rep. Comer, James [R-KY-1]</fullName>
        <district>1</district>
        <sponsorshipWithdrawnDate />
        <party>R</party>
        <lastName>Comer</lastName>
        <bioguideId>C001108</bioguideId>
        <state>KY</state>
      </item>
      <item>
        <identifiers>
          <gpoId>8723</gpoId>
          <bioguideId>M001151</bioguideId>
          <lisID>1744</lisID>
        </identifiers>
        <isOriginalCosponsor>False</isOriginalCosponsor>
        <middleName />
        <firstName>Tim</firstName>
        <sponsorshipDate>2017-01-31</sponsorshipDate>
        <fullName>Rep. Murphy, Tim [R-PA-18]</fullName>
        <district>18</district>
        <sponsorshipWithdrawnDate />
        <party>R</party>
        <lastName>Murphy</lastName>
        <bioguideId>M001151</bioguideId>
        <state>PA</state>
      </item>
      <item>
        <identifiers>
          <lisID>2160</lisID>
          <bioguideId>R000597</bioguideId>
          <gpoId />
        </identifiers>
        <isOriginalCosponsor>False</isOriginalCosponsor>
        <middleName />
        <firstName>Tom</firstName>
        <sponsorshipDate>2017-01-31</sponsorshipDate>
        <fullName>Rep. Rice, Tom [R-SC-7]</fullName>
        <district>7</district>
        <sponsorshipWithdrawnDate />
        <party>R</party>
        <lastName>Rice</lastName>
        <bioguideId>R000597</bioguideId>
        <state>SC</state>
      </item>
      <item>
        <identifiers>
          <gpoId />
          <lisID>2334</lisID>
          <bioguideId>M001201</bioguideId>
        </identifiers>
        <isOriginalCosponsor>False</isOriginalCosponsor>
        <middleName />
        <firstName>Paul</firstName>
        <sponsorshipDate>2017-01-31</sponsorshipDate>
        <fullName>Rep. Mitchell, Paul [R-MI-10]</fullName>
        <district>10</district>
        <sponsorshipWithdrawnDate />
        <party>R</party>
        <lastName>Mitchell</lastName>
        <bioguideId>M001201</bioguideId>
        <state>MI</state>
      </item>
      <item>
        <identifiers>
          <bioguideId>U000031</bioguideId>
          <lisID>1177</lisID>
          <gpoId>7991</gpoId>
        </identifiers>
        <isOriginalCosponsor>False</isOriginalCosponsor>
        <middleName />
        <firstName>FRED</firstName>
        <sponsorshipDate>2017-01-31</sponsorshipDate>
        <fullName>Rep. Upton, Fred [R-MI-6]</fullName>
        <district>6</district>
        <sponsorshipWithdrawnDate />
        <party>R</party>
        <lastName>UPTON</lastName>
        <bioguideId>U000031</bioguideId>
        <state>MI</state>
      </item>
      <item>
        <identifiers>
          <bioguideId>C001062</bioguideId>
          <lisID>1805</lisID>
          <gpoId>8167</gpoId>
        </identifiers>
        <isOriginalCosponsor>False</isOriginalCosponsor>
        <middleName>Michael</middleName>
        <firstName>K.</firstName>
        <sponsorshipDate>2017-03-08</sponsorshipDate>
        <fullName>Rep. Conaway, K. Michael [R-TX-11]</fullName>
        <district>11</district>
        <sponsorshipWithdrawnDate />
        <party>R</party>
        <lastName>Conaway</lastName>
        <bioguideId>C001062</bioguideId>
        <state>TX</state>
      </item>
      <item>
        <identifiers>
          <bioguideId>S001199</bioguideId>
          <gpoId />
          <lisID>2346</lisID>
        </identifiers>
        <isOriginalCosponsor>False</isOriginalCosponsor>
        <middleName />
        <firstName>Lloyd</firstName>
        <sponsorshipDate>2017-03-08</sponsorshipDate>
        <fullName>Rep. Smucker, Lloyd [R-PA-16]</fullName>
        <district>16</district>
        <sponsorshipWithdrawnDate />
        <party>R</party>
        <lastName>Smucker</lastName>
        <bioguideId>S001199</bioguideId>
        <state>PA</state>
      </item>
      <item>
        <identifiers>
          <gpoId>8200</gpoId>
          <lisID>2070</lisID>
          <bioguideId>G000568</bioguideId>
        </identifiers>
        <isOriginalCosponsor>False</isOriginalCosponsor>
        <middleName>Morgan</middleName>
        <firstName>H.</firstName>
        <sponsorshipDate>2017-03-08</sponsorshipDate>
        <fullName>Rep. Griffith, H. Morgan [R-VA-9]</fullName>
        <district>9</district>
        <sponsorshipWithdrawnDate />
        <party>R</party>
        <lastName>Griffith</lastName>
        <bioguideId>G000568</bioguideId>
        <state>VA</state>
      </item>
      <item>
        <identifiers>
          <gpoId>8148</gpoId>
          <bioguideId>R000582</bioguideId>
          <lisID>1954</lisID>
        </identifiers>
        <isOriginalCosponsor>False</isOriginalCosponsor>
        <middleName>P.</middleName>
        <firstName>David</firstName>
        <sponsorshipDate>2017-03-08</sponsorshipDate>
        <fullName>Rep. Roe, David P. [R-TN-1]</fullName>
        <district>1</district>
        <sponsorshipWithdrawnDate />
        <party>R</party>
        <lastName>Roe</lastName>
        <bioguideId>R000582</bioguideId>
        <state>TN</state>
      </item>
      <item>
        <identifiers>
          <lisID>1742</lisID>
          <bioguideId>C001053</bioguideId>
          <gpoId>8112</gpoId>
        </identifiers>
        <isOriginalCosponsor>False</isOriginalCosponsor>
        <middleName />
        <firstName>Tom</firstName>
        <sponsorshipDate>2017-03-08</sponsorshipDate>
        <fullName>Rep. Cole, Tom [R-OK-4]</fullName>
        <district>4</district>
        <sponsorshipWithdrawnDate />
        <party>R</party>
        <lastName>Cole</lastName>
        <bioguideId>C001053</bioguideId>
        <state>OK</state>
      </item>
      <item>
        <identifiers>
          <gpoId>7849</gpoId>
          <lisID>165</lisID>
          <bioguideId>C000059</bioguideId>
        </identifiers>
        <isOriginalCosponsor>False</isOriginalCosponsor>
        <middleName />
        <firstName>KEN</firstName>
        <sponsorshipDate>2017-03-23</sponsorshipDate>
        <fullName>Rep. Calvert, Ken [R-CA-42]</fullName>
        <district>42</district>
        <sponsorshipWithdrawnDate />
        <party>R</party>
        <lastName>CALVERT</lastName>
        <bioguideId>C000059</bioguideId>
        <state>CA</state>
      </item>
      <item>
        <identifiers>
          <gpoId />
          <lisID>2223</lisID>
          <bioguideId>H001072</bioguideId>
        </identifiers>
        <isOriginalCosponsor>False</isOriginalCosponsor>
        <middleName>French</middleName>
        <firstName>J.</firstName>
        <sponsorshipDate>2017-03-23</sponsorshipDate>
        <fullName>Rep. Hill, J. French [R-AR-2]</fullName>
        <district>2</district>
        <sponsorshipWithdrawnDate />
        <party>R</party>
        <lastName>Hill</lastName>
        <bioguideId>H001072</bioguideId>
        <state>AR</state>
      </item>
      <item>
        <identifiers>
          <lisID>1741</lisID>
          <bioguideId>T000463</bioguideId>
          <gpoId>8093</gpoId>
        </identifiers>
        <isOriginalCosponsor>False</isOriginalCosponsor>
        <middleName>R.</middleName>
        <firstName>Michael</firstName>
        <sponsorshipDate>2017-03-23</sponsorshipDate>
        <fullName>Rep. Turner, Michael R. [R-OH-10]</fullName>
        <district>10</district>
        <sponsorshipWithdrawnDate />
        <party>R</party>
        <lastName>Turner</lastName>
        <bioguideId>T000463</bioguideId>
        <state>OH</state>
      </item>
      <item>
        <identifiers>
          <lisID>2355</lisID>
          <gpoId />
          <bioguideId>G000579</bioguideId>
        </identifiers>
        <isOriginalCosponsor>False</isOriginalCosponsor>
        <middleName />
        <firstName>Mike</firstName>
        <sponsorshipDate>2017-04-05</sponsorshipDate>
        <fullName>Rep. Gallagher, Mike [R-WI-8]</fullName>
        <district>8</district>
        <sponsorshipWithdrawnDate />
        <party>R</party>
        <lastName>Gallagher</lastName>
        <bioguideId>G000579</bioguideId>
        <state>WI</state>
      </item>
      <item>
        <identifiers>
          <bioguideId>G000584</bioguideId>
          <lisID>2359</lisID>
          <gpoId />
        </identifiers>
        <isOriginalCosponsor>False</isOriginalCosponsor>
        <middleName />
        <firstName>Greg</firstName>
        <sponsorshipDate>2017-06-21</sponsorshipDate>
        <fullName>Rep. Gianforte, Greg [R-MT-At Large]</fullName>
        <district>0</district>
        <sponsorshipWithdrawnDate />
        <party>R</party>
        <lastName>Gianforte</lastName>
        <bioguideId>G000584</bioguideId>
        <state>MT</state>
      </item>
      <item>
        <identifiers>
          <lisID>1155</lisID>
          <bioguideId>T000238</bioguideId>
          <gpoId>8755</gpoId>
        </identifiers>
        <isOriginalCosponsor>False</isOriginalCosponsor>
        <middleName>M.</middleName>
        <firstName>WILLIAM</firstName>
        <sponsorshipDate>2017-07-12</sponsorshipDate>
        <fullName>Rep. Thornberry, Mac [R-TX-13]</fullName>
        <district>13</district>
        <sponsorshipWithdrawnDate />
        <party>R</party>
        <lastName>THORNBERRY</lastName>
        <bioguideId>T000238</bioguideId>
        <state>TX</state>
      </item>
      <item>
        <identifiers>
          <gpoId>7881</gpoId>
          <lisID>1838</lisID>
          <bioguideId>B001257</bioguideId>
        </identifiers>
        <isOriginalCosponsor>False</isOriginalCosponsor>
        <middleName>M.</middleName>
        <firstName>Gus</firstName>
        <sponsorshipDate>2017-07-12</sponsorshipDate>
        <fullName>Rep. Bilirakis, Gus M. [R-FL-12]</fullName>
        <district>12</district>
        <sponsorshipWithdrawnDate />
        <party>R</party>
        <lastName>Bilirakis</lastName>
        <bioguideId>B001257</bioguideId>
        <state>FL</state>
      </item>
      <item>
        <identifiers>
          <bioguideId>F000461</bioguideId>
          <lisID>2065</lisID>
          <gpoId>8173</gpoId>
        </identifiers>
        <isOriginalCosponsor>False</isOriginalCosponsor>
        <middleName />
        <firstName>Bill</firstName>
        <sponsorshipDate>2017-07-26</sponsorshipDate>
        <fullName>Rep. Flores, Bill [R-TX-17]</fullName>
        <district>17</district>
        <sponsorshipWithdrawnDate />
        <party>R</party>
        <lastName>Flores</lastName>
        <bioguideId>F000461</bioguideId>
        <state>TX</state>
      </item>
      <item>
        <identifiers>
          <bioguideId>K000362</bioguideId>
          <gpoId>7918</gpoId>
          <lisID>1724</lisID>
        </identifiers>
        <isOriginalCosponsor>False</isOriginalCosponsor>
        <middleName />
        <firstName>Steve</firstName>
        <sponsorshipDate>2017-07-26</sponsorshipDate>
        <fullName>Rep. King, Steve [R-IA-4]</fullName>
        <district>4</district>
        <sponsorshipWithdrawnDate />
        <party>R</party>
        <lastName>King</lastName>
        <bioguideId>K000362</bioguideId>
        <state>IA</state>
      </item>
      <item>
        <identifiers>
          <gpoId>8091</gpoId>
          <bioguideId>C000266</bioguideId>
          <lisID>186</lisID>
        </identifiers>
        <isOriginalCosponsor>False</isOriginalCosponsor>
        <middleName />
        <firstName>STEVE</firstName>
        <sponsorshipDate>2017-07-26</sponsorshipDate>
        <fullName>Rep. Chabot, Steve [R-OH-1]</fullName>
        <district>1</district>
        <sponsorshipWithdrawnDate />
        <party>R</party>
        <lastName>CHABOT</lastName>
        <bioguideId>C000266</bioguideId>
        <state>OH</state>
      </item>
      <item>
        <identifiers>
          <bioguideId>R000592</bioguideId>
          <lisID>2017</lisID>
          <gpoId>7943</gpoId>
        </identifiers>
        <isOriginalCosponsor>False</isOriginalCosponsor>
        <middleName />
        <firstName>Todd</firstName>
        <sponsorshipDate>2017-09-27</sponsorshipDate>
        <fullName>Rep. Rokita, Todd [R-IN-4]</fullName>
        <district>4</district>
        <sponsorshipWithdrawnDate />
        <party>R</party>
        <lastName>Rokita</lastName>
        <bioguideId>R000592</bioguideId>
        <state>IN</state>
      </item>
      <item>
        <identifiers>
          <gpoId>7954</gpoId>
          <lisID>1922</lisID>
          <bioguideId>G000558</bioguideId>
        </identifiers>
        <isOriginalCosponsor>False</isOriginalCosponsor>
        <middleName />
        <firstName>Brett</firstName>
        <sponsorshipDate>2017-09-27</sponsorshipDate>
        <fullName>Rep. Guthrie, Brett [R-KY-2]</fullName>
        <district>2</district>
        <sponsorshipWithdrawnDate />
        <party>R</party>
        <lastName>Guthrie</lastName>
        <bioguideId>G000558</bioguideId>
        <state>KY</state>
      </item>
      <item>
        <identifiers>
          <lisID>2322</lisID>
          <gpoId />
          <bioguideId>M001199</bioguideId>
        </identifiers>
        <isOriginalCosponsor>False</isOriginalCosponsor>
        <middleName>J.</middleName>
        <firstName>Brian</firstName>
        <sponsorshipDate>2017-11-16</sponsorshipDate>
        <fullName>Rep. Mast, Brian J. [R-FL-18]</fullName>
        <district>18</district>
        <sponsorshipWithdrawnDate />
        <party>R</party>
        <lastName>Mast</lastName>
        <bioguideId>M001199</bioguideId>
        <state>FL</state>
      </item>
      <item>
        <identifiers>
          <lisID>2350</lisID>
          <gpoId />
          <bioguideId>A000375</bioguideId>
        </identifiers>
        <isOriginalCosponsor>False</isOriginalCosponsor>
        <middleName>C.</middleName>
        <firstName>Jodey</firstName>
        <sponsorshipDate>2017-11-16</sponsorshipDate>
        <fullName>Rep. Arrington, Jodey C. [R-TX-19]</fullName>
        <district>19</district>
        <sponsorshipWithdrawnDate />
        <party>R</party>
        <lastName>Arrington</lastName>
        <bioguideId>A000375</bioguideId>
        <state>TX</state>
      </item>
      <item>
        <identifiers>
          <gpoId />
          <bioguideId>P000611</bioguideId>
          <lisID>2247</lisID>
        </identifiers>
        <isOriginalCosponsor>False</isOriginalCosponsor>
        <middleName />
        <firstName>Bruce</firstName>
        <sponsorshipDate>2018-01-08</sponsorshipDate>
        <fullName>Rep. Poliquin, Bruce [R-ME-2]</fullName>
        <district>2</district>
        <sponsorshipWithdrawnDate />
        <party>R</party>
        <lastName>Poliquin</lastName>
        <bioguideId>P000611</bioguideId>
        <state>ME</state>
      </item>
      <item>
        <identifiers>
          <bioguideId>S000250</bioguideId>
          <lisID>1525</lisID>
          <gpoId>8188</gpoId>
        </identifiers>
        <isOriginalCosponsor>False</isOriginalCosponsor>
        <middleName />
        <firstName>PETE</firstName>
        <sponsorshipDate>2018-01-12</sponsorshipDate>
        <fullName>Rep. Sessions, Pete [R-TX-32]</fullName>
        <district>32</district>
        <sponsorshipWithdrawnDate />
        <party>R</party>
        <lastName>SESSIONS</lastName>
        <bioguideId>S000250</bioguideId>
        <state>TX</state>
      </item>
      <item>
        <identifiers>
          <bioguideId>S001148</bioguideId>
          <lisID>1590</lisID>
          <gpoId>7920</gpoId>
        </identifiers>
        <isOriginalCosponsor>False</isOriginalCosponsor>
        <middleName>K.</middleName>
        <firstName>MICHAEL</firstName>
        <sponsorshipDate>2018-02-02</sponsorshipDate>
        <fullName>Rep. Simpson, Michael K. [R-ID-2]</fullName>
        <district>2</district>
        <sponsorshipWithdrawnDate />
        <party>R</party>
        <lastName>SIMPSON</lastName>
        <bioguideId>S001148</bioguideId>
        <state>ID</state>
      </item>
      <item>
        <identifiers>
          <bioguideId>L000566</bioguideId>
          <lisID>1885</lisID>
          <gpoId>8095</gpoId>
        </identifiers>
        <isOriginalCosponsor>False</isOriginalCosponsor>
        <middleName>E.</middleName>
        <firstName>Robert</firstName>
        <sponsorshipDate>2018-02-27</sponsorshipDate>
        <fullName>Rep. Latta, Robert E. [R-OH-5]</fullName>
        <district>5</district>
        <sponsorshipWithdrawnDate />
        <party>R</party>
        <lastName>Latta</lastName>
        <bioguideId>L000566</bioguideId>
        <state>OH</state>
      </item>
    </cosponsors>
    <introducedDate>2017-01-03</introducedDate>
    <committees>
      <billCommittees>
        <item>
          <activities>
            <item>
              <name>Referred to</name>
              <date>2017-01-03T17:06:40Z</date>
            </item>
          </activities>
          <chamber>House</chamber>
          <subcommittees>
            <item>
              <name>Constitution and Civil Justice Subcommittee</name>
              <systemCode>hsju10</systemCode>
              <activities>
                <item>
                  <name>Referred to</name>
                  <date>2017-01-11T19:05:03Z</date>
                </item>
              </activities>
            </item>
          </subcommittees>
          <systemCode>hsju00</systemCode>
          <name>Judiciary Committee</name>
          <type>Standing</type>
        </item>
      </billCommittees>
    </committees>
    <laws />
    <cboCostEstimates />
    <sponsors>
      <item>
        <firstName>ROBERT</firstName>
        <party>R</party>
        <byRequestType />
        <bioguideId>G000289</bioguideId>
        <identifiers>
          <lisID>446</lisID>
          <gpoId>8197</gpoId>
          <bioguideId>G000289</bioguideId>
        </identifiers>
        <lastName>GOODLATTE</lastName>
        <state>VA</state>
        <district>6</district>
        <fullName>Rep. Goodlatte, Bob [R-VA-6]</fullName>
        <middleName>W.</middleName>
      </item>
    </sponsors>
    <createDate>2017-01-04T07:01:08Z</createDate>
    <billNumber>2</billNumber>
    <congress>115</congress>
    <subjects>
      <billSubjects>
        <legislativeSubjects>
          <item>
            <name>Budget deficits and national debt</name>
          </item>
          <item>
            <name>Constitution and constitutional amendments</name>
          </item>
          <item>
            <name>Income tax rates</name>
          </item>
          <item>
            <name>Legislative rules and procedure</name>
          </item>
        </legislativeSubjects>
        <policyArea>
          <name>Economics and Public Finance</name>
        </policyArea>
      </billSubjects>
    </subjects>
    <billType>HJRES</billType>
    <committeeReports />
    <policyArea>
      <name>Economics and Public Finance</name>
    </policyArea>
    <relatedBills>
      <item>
        <type>HJRES</type>
        <latestAction>
          <text>Referred to the Subcommittee on the Constitution and Civil Justice.</text>
          <actionDate>2017-01-11</actionDate>
        </latestAction>
        <relationshipDetails>
          <item>
            <type>Related bill</type>
            <identifiedBy>CRS</identifiedBy>
          </item>
        </relationshipDetails>
        <latestTitle>Proposing an amendment to the Constitution of the United States to provide for balanced budgets for the Government.</latestTitle>
        <congress>115</congress>
        <number>8</number>
      </item>
      <item>
        <type>HJRES</type>
        <latestAction>
          <text>Referred to the Subcommittee on the Constitution and Civil Justice.</text>
          <actionDate>2017-07-19</actionDate>
        </latestAction>
        <relationshipDetails>
          <item>
            <type>Related bill</type>
            <identifiedBy>CRS</identifiedBy>
          </item>
        </relationshipDetails>
        <latestTitle>Proposing an amendment to the Constitution of the United States to provide for balanced budgets for the Government.</latestTitle>
        <congress>115</congress>
        <number>109</number>
      </item>
      <item>
        <type>HJRES</type>
        <latestAction>
          <text>Referred to the Subcommittee on the Constitution and Civil Justice.</text>
          <actionDate>2017-01-11</actionDate>
        </latestAction>
        <relationshipDetails>
          <item>
            <type>Related bill</type>
            <identifiedBy>CRS</identifiedBy>
          </item>
        </relationshipDetails>
        <latestTitle>Proposing a balanced budget amendment to the Constitution of the United States.</latestTitle>
        <congress>115</congress>
        <number>1</number>
      </item>
      <item>
        <type>HJRES</type>
        <latestAction>
          <text>Referred to the Subcommittee on the Constitution and Civil Justice.</text>
          <actionDate>2017-01-11</actionDate>
        </latestAction>
        <relationshipDetails>
          <item>
            <type>Related bill</type>
            <identifiedBy>CRS</identifiedBy>
          </item>
        </relationshipDetails>
        <latestTitle>Proposing a balanced budget amendment to the Constitution of the United States.</latestTitle>
        <congress>115</congress>
        <number>14</number>
      </item>
      <item>
        <type>HJRES</type>
        <latestAction>
          <text>Referred to the Subcommittee on the Constitution and Civil Justice.</text>
          <actionDate>2017-01-11</actionDate>
        </latestAction>
        <relationshipDetails>
          <item>
            <type>Related bill</type>
            <identifiedBy>CRS</identifiedBy>
          </item>
        </relationshipDetails>
        <latestTitle>Proposing a balanced budget amendment to the Constitution requiring that each agency and department's funding is justified.</latestTitle>
        <congress>115</congress>
        <number>18</number>
      </item>
      <item>
        <type>HJRES</type>
        <latestAction>
          <text>Referred to the Subcommittee on the Constitution and Civil Justice.</text>
          <actionDate>2017-04-21</actionDate>
        </latestAction>
        <relationshipDetails>
          <item>
            <type>Related bill</type>
            <identifiedBy>CRS</identifiedBy>
          </item>
        </relationshipDetails>
        <latestTitle>Proposing a balanced budget amendment to the Constitution of the United States.</latestTitle>
        <congress>115</congress>
        <number>98</number>
      </item>
    </relatedBills>
    <title>Proposing a balanced budget amendment to the Constitution of the United States.</title>
    <titles>
      <item>
        <parentTitleType />
        <chamberCode />
        <chamberName />
        <titleType>Official Title as Introduced</titleType>
        <title>Proposing a balanced budget amendment to the Constitution of the United States.</title>
      </item>
      <item>
        <parentTitleType />
        <chamberCode />
        <chamberName />
        <titleType>Display Title</titleType>
        <title>Proposing a balanced budget amendment to the Constitution of the United States.</title>
      </item>
    </titles>
    <summaries>
      <billSummaries>
        <item>
          <updateDate>2017-01-03T05:00:00Z</updateDate>
          <actionDesc>Introduced in House</actionDesc>
          <versionCode>00</versionCode>
          <lastSummaryUpdateDate>2017-01-05T20:50:08Z</lastSummaryUpdateDate>
          <name>Introduced in House</name>
          <actionDate>2017-01-03</actionDate>
          <text><![CDATA[<p><b>Constitutional Amendment </b></p> <p>This joint resolution proposes a constitutional amendment prohibiting total outlays for a fiscal year from exceeding total receipts for that fiscal year unless Congress authorizes the excess by a three-fifths roll call vote of each chamber. The prohibition excludes outlays for repayment of debt principal and receipts derived from borrowing. </p> <p>The amendment requires a three-fifths roll call vote of each chamber of Congress to increase the public debt limit. It requires a majority roll vote of each chamber to increase revenue. It also requires the President to submit a balanced budget to Congress annually. </p> <p>Congress is authorized to waive these requirements when a declaration of war is in effect or if the United States is engaged in a military conflict which causes an imminent and serious military threat to national security. </p>]]></text>
        </item>
      </billSummaries>
    </summaries>
    <latestAction>
      <actionDate>2017-01-11</actionDate>
      <links />
      <text>Referred to the Subcommittee on the Constitution and Civil Justice.</text>
    </latestAction>
    <calendarNumbers />
    <recordedVotes />
    <updateDate>2018-02-28T08:15:33Z</updateDate>
    <amendments />
    <constitutionalAuthorityStatementText><![CDATA[<pre>From the Congressional Record Online through the Government Publishing Office [<a href='http://www.gpo.gov'>www.gpo.gov</a>]By Mr. GOODLATTE:H.J. Res. 2.Congress has the power to enact this legislation pursuantto the following:The constitutional authority on which this joint resolutionis based is found in Article V of the Constitution, whichgrants Congress the authority, whenever two thirds of bothchambers deem it necessary, to propose amendments to theConstitution.[Page H53]</pre>]]></constitutionalAuthorityStatementText>
    <version>1.0.0</version>
    <actions>
      <actionTypeCounts>
        <billReferrals>1</billReferrals>
        <placeholderTextForH>1</placeholderTextForH>
        <introducedInHouse>1</introducedInHouse>
        <introducedInTheHouse>1</introducedInTheHouse>
      </actionTypeCounts>
      <item>
        <actionDate>2017-01-11</actionDate>
        <committee>
          <systemCode>hsju10</systemCode>
          <name>Constitution and Civil Justice Subcommittee</name>
        </committee>
        <links />
        <sourceSystem>
          <code>1</code>
          <name>House committee actions</name>
        </sourceSystem>
        <text>Referred to the Subcommittee on the Constitution and Civil Justice.</text>
        <type>Committee</type>
      </item>
      <item>
        <sourceSystem>
          <code>2</code>
          <name>House floor actions</name>
        </sourceSystem>
        <committee>
          <systemCode>hsju00</systemCode>
          <name>Judiciary Committee</name>
        </committee>
        <actionDate>2017-01-03</actionDate>
        <text>Referred to the House Committee on the Judiciary.</text>
        <links />
        <actionCode>H11100</actionCode>
        <type>IntroReferral</type>
      </item>
      <item>
        <sourceSystem>
          <code>9</code>
          <name>Library of Congress</name>
        </sourceSystem>
        <committee />
        <actionDate>2017-01-03</actionDate>
        <text>Introduced in House</text>
        <links />
        <actionCode>Intro-H</actionCode>
        <type>IntroReferral</type>
      </item>
      <item>
        <sourceSystem>
          <code>9</code>
          <name>Library of Congress</name>
        </sourceSystem>
        <committee />
        <actionDate>2017-01-03</actionDate>
        <text>Introduced in House</text>
        <links />
        <actionCode>1000</actionCode>
        <type>IntroReferral</type>
      </item>
      <actionByCounts>
        <houseOfRepresentatives>4</houseOfRepresentatives>
      </actionByCounts>
    </actions>
    <originChamber>House</originChamber>
  </bill>
  <dublinCore xmlns:dc="http://purl.org/dc/elements/1.1/">
    <dc:format>text/xml</dc:format>
    <dc:language>EN</dc:language>
    <dc:rights>Pursuant to Title 17 Section 105 of the United States Code, this file is not subject to copyright protection and is in the public domain.</dc:rights>
    <dc:contributor>Congressional Research Service, Library of Congress</dc:contributor>
    <dc:description>This file contains bill summaries and statuses for federal legislation. A bill summary describes the most significant provisions of a piece of legislation and details the effects the legislative text may have on current law and federal programs. Bill summaries are authored by the Congressional Research Service (CRS) of the Library of Congress. As stated in Public Law 91-510 (2 USC 166 (d)(6)), one of the duties of CRS is "to prepare summaries and digests of bills and resolutions of a public general nature introduced in the Senate or House of Representatives". For more information, refer to the User Guide that accompanies this file.</dc:description>
  </dublinCore>
</billStatus>

