<?xml version="1.0" encoding="UTF-8"?>
<billStatus>
  <bill>
    <actions>
      <item>
        <actionDate>2017-03-10</actionDate>
        <committee>
          <systemCode>hsju10</systemCode>
          <name>Constitution and Civil Justice Subcommittee</name>
        </committee>
        <links />
        <sourceSystem>
          <code>1</code>
          <name>House committee actions</name>
        </sourceSystem>
        <text>Referred to the Subcommittee on the Constitution and Civil Justice.</text>
        <type>Committee</type>
      </item>
      <item>
        <text>Referred to the House Committee on the Judiciary.</text>
        <actionCode>H11100</actionCode>
        <committee>
          <systemCode>hsju00</systemCode>
          <name>Judiciary Committee</name>
        </committee>
        <actionDate>2017-03-10</actionDate>
        <type>IntroReferral</type>
        <sourceSystem>
          <code>2</code>
          <name>House floor actions</name>
        </sourceSystem>
        <links />
      </item>
      <item>
        <text>Sponsor introductory remarks on measure. (CR H2025)</text>
        <actionCode>B00100</actionCode>
        <committee />
        <actionDate>2017-03-10</actionDate>
        <type>IntroReferral</type>
        <sourceSystem>
          <code>9</code>
          <name>Library of Congress</name>
        </sourceSystem>
        <links>
          <link>
            <name>H2025</name>
            <url>https://www.congress.gov/congressional-record/volume-163/house-section/page/H2025</url>
          </link>
        </links>
      </item>
      <item>
        <text>Introduced in House</text>
        <actionCode>Intro-H</actionCode>
        <committee />
        <actionDate>2017-03-10</actionDate>
        <type>IntroReferral</type>
        <sourceSystem>
          <code>9</code>
          <name>Library of Congress</name>
        </sourceSystem>
        <links />
      </item>
      <item>
        <text>Introduced in House</text>
        <actionCode>1000</actionCode>
        <committee />
        <actionDate>2017-03-10</actionDate>
        <type>IntroReferral</type>
        <sourceSystem>
          <code>9</code>
          <name>Library of Congress</name>
        </sourceSystem>
        <links />
      </item>
      <actionByCounts>
        <houseOfRepresentatives>4</houseOfRepresentatives>
      </actionByCounts>
      <actionTypeCounts>
        <billReferrals>1</billReferrals>
        <placeholderTextForH>1</placeholderTextForH>
        <introducedInHouse>1</introducedInHouse>
        <placeholderTextForB>1</placeholderTextForB>
        <introducedInTheHouse>1</introducedInTheHouse>
      </actionTypeCounts>
    </actions>
    <constitutionalAuthorityStatementText><![CDATA[<pre>From the Congressional Record Online through the Government Publishing Office [<a href='http://www.gpo.gov'>www.gpo.gov</a>]By Mr. McGOVERN:H.J. Res. 88.Congress has the power to enact this legislation pursuantto the following:Article V of the Constitution.____________________[Page H2053]</pre>]]></constitutionalAuthorityStatementText>
    <latestAction>
      <links />
      <text>Referred to the Subcommittee on the Constitution and Civil Justice.</text>
      <actionDate>2017-03-10</actionDate>
    </latestAction>
    <laws />
    <cosponsors>
      <item>
        <firstName>Stephen</firstName>
        <state>MA</state>
        <fullName>Rep. Lynch, Stephen F. [D-MA-8]</fullName>
        <middleName>F.</middleName>
        <bioguideId>L000562</bioguideId>
        <isOriginalCosponsor>True</isOriginalCosponsor>
        <lastName>Lynch</lastName>
        <sponsorshipWithdrawnDate />
        <party>D</party>
        <district>8</district>
        <sponsorshipDate>2017-03-10</sponsorshipDate>
        <identifiers>
          <bioguideId>L000562</bioguideId>
          <gpoId>7974</gpoId>
          <lisID>1686</lisID>
        </identifiers>
      </item>
      <item>
        <firstName>Steve</firstName>
        <state>TN</state>
        <fullName>Rep. Cohen, Steve [D-TN-9]</fullName>
        <middleName />
        <bioguideId>C001068</bioguideId>
        <isOriginalCosponsor>True</isOriginalCosponsor>
        <lastName>Cohen</lastName>
        <sponsorshipWithdrawnDate />
        <party>D</party>
        <district>9</district>
        <sponsorshipDate>2017-03-10</sponsorshipDate>
        <identifiers>
          <bioguideId>C001068</bioguideId>
          <gpoId>8156</gpoId>
          <lisID>1878</lisID>
        </identifiers>
      </item>
      <item>
        <firstName>JAMES</firstName>
        <state>RI</state>
        <fullName>Rep. Langevin, James R. [D-RI-2]</fullName>
        <middleName>R.</middleName>
        <bioguideId>L000559</bioguideId>
        <isOriginalCosponsor>True</isOriginalCosponsor>
        <lastName>LANGEVIN</lastName>
        <sponsorshipWithdrawnDate />
        <party>D</party>
        <district>2</district>
        <sponsorshipDate>2017-03-10</sponsorshipDate>
        <identifiers>
          <bioguideId>L000559</bioguideId>
          <lisID>1668</lisID>
          <gpoId>8140</gpoId>
        </identifiers>
      </item>
      <item>
        <firstName>Peter</firstName>
        <state>VT</state>
        <fullName>Rep. Welch, Peter [D-VT-At Large]</fullName>
        <middleName />
        <bioguideId>W000800</bioguideId>
        <isOriginalCosponsor>True</isOriginalCosponsor>
        <lastName>Welch</lastName>
        <sponsorshipWithdrawnDate />
        <party>D</party>
        <district>0</district>
        <sponsorshipDate>2017-03-10</sponsorshipDate>
        <identifiers>
          <bioguideId>W000800</bioguideId>
          <lisID>1879</lisID>
          <gpoId>8204</gpoId>
        </identifiers>
      </item>
      <item>
        <firstName>William</firstName>
        <state>MA</state>
        <fullName>Rep. Keating, William R. [D-MA-9]</fullName>
        <middleName>R.</middleName>
        <bioguideId>K000375</bioguideId>
        <isOriginalCosponsor>True</isOriginalCosponsor>
        <lastName>Keating</lastName>
        <sponsorshipWithdrawnDate />
        <party>D</party>
        <district>9</district>
        <sponsorshipDate>2017-03-10</sponsorshipDate>
        <identifiers>
          <gpoId>7975</gpoId>
          <bioguideId>K000375</bioguideId>
          <lisID>2025</lisID>
        </identifiers>
      </item>
      <item>
        <firstName>PETER</firstName>
        <state>OR</state>
        <fullName>Rep. DeFazio, Peter A. [D-OR-4]</fullName>
        <middleName>A.</middleName>
        <bioguideId>D000191</bioguideId>
        <isOriginalCosponsor>True</isOriginalCosponsor>
        <lastName>DEFAZIO</lastName>
        <sponsorshipWithdrawnDate />
        <party>D</party>
        <district>4</district>
        <sponsorshipDate>2017-03-10</sponsorshipDate>
        <identifiers>
          <bioguideId>D000191</bioguideId>
          <gpoId>8117</gpoId>
          <lisID>279</lisID>
        </identifiers>
      </item>
      <item>
        <firstName>Mark</firstName>
        <state>CA</state>
        <fullName>Rep. Takano, Mark [D-CA-41]</fullName>
        <middleName />
        <bioguideId>T000472</bioguideId>
        <isOriginalCosponsor>True</isOriginalCosponsor>
        <lastName>Takano</lastName>
        <sponsorshipWithdrawnDate />
        <party>D</party>
        <district>41</district>
        <sponsorshipDate>2017-03-10</sponsorshipDate>
        <identifiers>
          <bioguideId>T000472</bioguideId>
          <lisID>2110</lisID>
          <gpoId />
        </identifiers>
      </item>
      <item>
        <firstName>Chellie</firstName>
        <state>ME</state>
        <fullName>Rep. Pingree, Chellie [D-ME-1]</fullName>
        <middleName />
        <bioguideId>P000597</bioguideId>
        <isOriginalCosponsor>True</isOriginalCosponsor>
        <lastName>Pingree</lastName>
        <sponsorshipWithdrawnDate />
        <party>D</party>
        <district>1</district>
        <sponsorshipDate>2017-03-10</sponsorshipDate>
        <identifiers>
          <bioguideId>P000597</bioguideId>
          <gpoId>7984</gpoId>
          <lisID>1927</lisID>
        </identifiers>
      </item>
      <item>
        <firstName>MICHAEL</firstName>
        <state>MA</state>
        <fullName>Rep. Capuano, Michael E. [D-MA-7]</fullName>
        <middleName>E.</middleName>
        <bioguideId>C001037</bioguideId>
        <isOriginalCosponsor>True</isOriginalCosponsor>
        <lastName>CAPUANO</lastName>
        <sponsorshipWithdrawnDate />
        <party>D</party>
        <district>7</district>
        <sponsorshipDate>2017-03-10</sponsorshipDate>
        <identifiers>
          <bioguideId>C001037</bioguideId>
          <lisID>1564</lisID>
          <gpoId>7973</gpoId>
        </identifiers>
      </item>
      <item>
        <firstName>JAMES</firstName>
        <state>TN</state>
        <fullName>Rep. Cooper, Jim [D-TN-5]</fullName>
        <middleName>H.</middleName>
        <bioguideId>C000754</bioguideId>
        <isOriginalCosponsor>True</isOriginalCosponsor>
        <lastName>COOPER</lastName>
        <sponsorshipWithdrawnDate />
        <party>D</party>
        <district>5</district>
        <sponsorshipDate>2017-03-10</sponsorshipDate>
        <identifiers>
          <bioguideId>C000754</bioguideId>
          <gpoId>8152</gpoId>
          <lisID>231</lisID>
        </identifiers>
      </item>
      <item>
        <firstName>Raul</firstName>
        <state>AZ</state>
        <fullName>Rep. Grijalva, Raul M. [D-AZ-3]</fullName>
        <middleName>M.</middleName>
        <bioguideId>G000551</bioguideId>
        <isOriginalCosponsor>True</isOriginalCosponsor>
        <lastName>Grijalva</lastName>
        <sponsorshipWithdrawnDate />
        <party>D</party>
        <district>3</district>
        <sponsorshipDate>2017-03-10</sponsorshipDate>
        <identifiers>
          <lisID>1708</lisID>
          <gpoId>7804</gpoId>
          <bioguideId>G000551</bioguideId>
        </identifiers>
      </item>
      <item>
        <firstName>David</firstName>
        <state>IA</state>
        <fullName>Rep. Loebsack, David [D-IA-2]</fullName>
        <middleName />
        <bioguideId>L000565</bioguideId>
        <isOriginalCosponsor>True</isOriginalCosponsor>
        <lastName>Loebsack</lastName>
        <sponsorshipWithdrawnDate />
        <party>D</party>
        <district>2</district>
        <sponsorshipDate>2017-03-10</sponsorshipDate>
        <identifiers>
          <bioguideId>L000565</bioguideId>
          <gpoId>7915</gpoId>
          <lisID>1846</lisID>
        </identifiers>
      </item>
      <item>
        <firstName>Katherine</firstName>
        <state>MA</state>
        <fullName>Rep. Clark, Katherine M. [D-MA-5]</fullName>
        <middleName>M.</middleName>
        <bioguideId>C001101</bioguideId>
        <isOriginalCosponsor>False</isOriginalCosponsor>
        <lastName>Clark</lastName>
        <sponsorshipWithdrawnDate />
        <party>D</party>
        <district>5</district>
        <sponsorshipDate>2017-04-26</sponsorshipDate>
        <identifiers>
          <bioguideId>C001101</bioguideId>
          <lisID>2196</lisID>
          <gpoId />
        </identifiers>
      </item>
      <item>
        <firstName>Ted</firstName>
        <state>CA</state>
        <fullName>Rep. Lieu, Ted [D-CA-33]</fullName>
        <middleName />
        <bioguideId>L000582</bioguideId>
        <isOriginalCosponsor>False</isOriginalCosponsor>
        <lastName>Lieu</lastName>
        <sponsorshipWithdrawnDate />
        <party>D</party>
        <district>33</district>
        <sponsorshipDate>2017-07-28</sponsorshipDate>
        <identifiers>
          <bioguideId>L000582</bioguideId>
          <gpoId />
          <lisID>2230</lisID>
        </identifiers>
      </item>
      <item>
        <firstName>Niki</firstName>
        <state>MA</state>
        <fullName>Rep. Tsongas, Niki [D-MA-3]</fullName>
        <middleName />
        <bioguideId>T000465</bioguideId>
        <isOriginalCosponsor>False</isOriginalCosponsor>
        <lastName>Tsongas</lastName>
        <sponsorshipWithdrawnDate />
        <party>D</party>
        <district>3</district>
        <sponsorshipDate>2017-08-04</sponsorshipDate>
        <identifiers>
          <bioguideId>T000465</bioguideId>
          <lisID>1884</lisID>
          <gpoId>7970</gpoId>
        </identifiers>
      </item>
      <item>
        <firstName>BARBARA</firstName>
        <state>CA</state>
        <fullName>Rep. Lee, Barbara [D-CA-13]</fullName>
        <middleName />
        <bioguideId>L000551</bioguideId>
        <isOriginalCosponsor>False</isOriginalCosponsor>
        <lastName>LEE</lastName>
        <sponsorshipWithdrawnDate />
        <party>D</party>
        <district>13</district>
        <sponsorshipDate>2017-09-25</sponsorshipDate>
        <identifiers>
          <bioguideId>L000551</bioguideId>
          <gpoId>7814</gpoId>
          <lisID>1501</lisID>
        </identifiers>
      </item>
    </cosponsors>
    <title>Proposing an amendment to the Constitution of the United States to clarify the authority of Congress and the States to regulate corporations, limited liability companies or other corporate entities established by the laws of any State, the United States, or any foreign state.</title>
    <committees>
      <billCommittees>
        <item>
          <subcommittees>
            <item>
              <name>Constitution and Civil Justice Subcommittee</name>
              <activities>
                <item>
                  <name>Referred to</name>
                  <date>2017-03-10T21:06:15Z</date>
                </item>
              </activities>
              <systemCode>hsju10</systemCode>
            </item>
          </subcommittees>
          <type>Standing</type>
          <name>Judiciary Committee</name>
          <activities>
            <item>
              <name>Referred to</name>
              <date>2017-03-10T14:01:00Z</date>
            </item>
          </activities>
          <chamber>House</chamber>
          <systemCode>hsju00</systemCode>
        </item>
      </billCommittees>
    </committees>
    <notes />
    <committeeReports />
    <calendarNumbers />
    <policyArea>
      <name>Civil Rights and Liberties, Minority Issues</name>
    </policyArea>
    <summaries>
      <billSummaries>
        <item>
          <actionDesc>Introduced in House</actionDesc>
          <updateDate>2017-03-10T05:00:00Z</updateDate>
          <name>Introduced in House</name>
          <lastSummaryUpdateDate>2017-03-15T14:58:42Z</lastSummaryUpdateDate>
          <actionDate>2017-03-10</actionDate>
          <text><![CDATA[<p><b>Constitutional Amendment </b></p> <p>This joint resolution proposes a constitutional amendment declaring that: (1) the rights protected by the Constitution are intended to be the rights of natural persons; (2) the words "people," "person," or "citizen" as used in the Constitution do not include corporations, limited liability companies, or other corporate entities established by the laws of any state, the United States, or any foreign state; and&nbsp;(3)&nbsp;such corporate entities are subject to such regulation as the people, through their elected state and federal representatives, deem reasonable and are otherwise consistent with the powers of Congress and the states.</p> <p>Nothing in the amendment shall be construed to limit the rights of freedom of speech, the press, exercise of religion, association, and all such other unalienable rights of the people.</p>]]></text>
          <versionCode>00</versionCode>
        </item>
      </billSummaries>
    </summaries>
    <subjects>
      <billSubjects>
        <legislativeSubjects>
          <item>
            <name>Constitution and constitutional amendments</name>
          </item>
          <item>
            <name>Corporate finance and management</name>
          </item>
          <item>
            <name>Elections, voting, political campaign regulation</name>
          </item>
          <item>
            <name>First Amendment rights</name>
          </item>
          <item>
            <name>Political advertising</name>
          </item>
        </legislativeSubjects>
        <policyArea>
          <name>Civil Rights and Liberties, Minority Issues</name>
        </policyArea>
      </billSubjects>
    </subjects>
    <billNumber>88</billNumber>
    <cboCostEstimates />
    <introducedDate>2017-03-10</introducedDate>
    <congress>115</congress>
    <billType>HJRES</billType>
    <sponsors>
      <item>
        <state>MA</state>
        <middleName>P.</middleName>
        <bioguideId>M000312</bioguideId>
        <firstName>JAMES</firstName>
        <byRequestType />
        <lastName>MCGOVERN</lastName>
        <identifiers>
          <bioguideId>M000312</bioguideId>
          <lisID>1504</lisID>
          <gpoId>7968</gpoId>
        </identifiers>
        <fullName>Rep. McGovern, James P. [D-MA-2]</fullName>
        <party>D</party>
        <district>2</district>
      </item>
    </sponsors>
    <amendments />
    <version>1.0.0</version>
    <relatedBills>
      <item>
        <relationshipDetails>
          <item>
            <type>Related bill</type>
            <identifiedBy>CRS</identifiedBy>
          </item>
        </relationshipDetails>
        <congress>115</congress>
        <type>SJRES</type>
        <latestAction>
          <actionDate>2017-02-03</actionDate>
          <text>Read twice and referred to the Committee on the Judiciary.</text>
        </latestAction>
        <latestTitle>A joint resolution proposing an amendment to the Constitution of the United States to clarify the authority of Congress and the States to regulate corporations, limited liability companies, and other corporate entities established by the laws of any State, the United States, or any foreign state.</latestTitle>
        <number>20</number>
      </item>
    </relatedBills>
    <createDate>2017-03-11T04:50:58Z</createDate>
    <updateDate>2018-02-22T15:28:17Z</updateDate>
    <recordedVotes />
    <titles>
      <item>
        <chamberName />
        <title>Proposing an amendment to the Constitution of the United States to clarify the authority of Congress and the States to regulate corporations, limited liability companies or other corporate entities established by the laws of any State, the United States, or any foreign state.</title>
        <titleType>Official Title as Introduced</titleType>
        <chamberCode />
        <parentTitleType />
      </item>
      <item>
        <chamberName />
        <title>Proposing an amendment to the Constitution of the United States to clarify the authority of Congress and the States to regulate corporations, limited liability companies or other corporate entities established by the laws of any State, the United States, or any foreign state.</title>
        <titleType>Display Title</titleType>
        <chamberCode />
        <parentTitleType />
      </item>
    </titles>
    <originChamber>House</originChamber>
  </bill>
  <dublinCore xmlns:dc="http://purl.org/dc/elements/1.1/">
    <dc:format>text/xml</dc:format>
    <dc:language>EN</dc:language>
    <dc:rights>Pursuant to Title 17 Section 105 of the United States Code, this file is not subject to copyright protection and is in the public domain.</dc:rights>
    <dc:contributor>Congressional Research Service, Library of Congress</dc:contributor>
    <dc:description>This file contains bill summaries and statuses for federal legislation. A bill summary describes the most significant provisions of a piece of legislation and details the effects the legislative text may have on current law and federal programs. Bill summaries are authored by the Congressional Research Service (CRS) of the Library of Congress. As stated in Public Law 91-510 (2 USC 166 (d)(6)), one of the duties of CRS is "to prepare summaries and digests of bills and resolutions of a public general nature introduced in the Senate or House of Representatives". For more information, refer to the User Guide that accompanies this file.</dc:description>
  </dublinCore>
</billStatus>

