<?xml version="1.0" encoding="UTF-8"?>
<billStatus>
  <bill>
    <introducedDate>2017-04-06</introducedDate>
    <congress>115</congress>
    <latestAction>
      <actionDate>2017-04-06</actionDate>
      <links />
      <text>Referred to the House Committee on Oversight and Government Reform.</text>
    </latestAction>
    <originChamber>House</originChamber>
    <billNumber>95</billNumber>
    <sponsors>
      <item>
        <state>TX</state>
        <identifiers>
          <lisID>588</lisID>
          <bioguideId>J000032</bioguideId>
          <gpoId>8174</gpoId>
        </identifiers>
        <bioguideId>J000032</bioguideId>
        <lastName>JACKSON LEE</lastName>
        <fullName>Rep. Jackson Lee, Sheila [D-TX-18]</fullName>
        <district>18</district>
        <firstName>SHEILA</firstName>
        <byRequestType />
        <middleName />
        <party>D</party>
      </item>
    </sponsors>
    <committeeReports />
    <relatedBills />
    <titles>
      <item>
        <parentTitleType />
        <chamberCode />
        <chamberName />
        <titleType>Official Title as Introduced</titleType>
        <title>Expressing support for designation of September 2017 as "Gospel Music Heritage Month" and honoring gospel music for its valuable and longstanding contributions to the culture of the United States.</title>
      </item>
      <item>
        <parentTitleType />
        <chamberCode />
        <chamberName />
        <titleType>Display Title</titleType>
        <title>Expressing support for designation of September 2017 as "Gospel Music Heritage Month" and honoring gospel music for its valuable and longstanding contributions to the culture of the United States.</title>
      </item>
    </titles>
    <constitutionalAuthorityStatementText />
    <billType>HJRES</billType>
    <summaries>
      <billSummaries>
        <item>
          <versionCode>00</versionCode>
          <actionDate>2017-04-06</actionDate>
          <updateDate>2017-04-06T04:00:00Z</updateDate>
          <text><![CDATA[<p>Supports the designation of Gospel Music Heritage Month, which would recognize the contributions to U.S. culture derived from the rich heritage of gospel music and gospel music artists. </p>]]></text>
          <actionDesc>Introduced in House</actionDesc>
          <name>Introduced in House</name>
          <lastSummaryUpdateDate>2017-04-07T15:37:44Z</lastSummaryUpdateDate>
        </item>
      </billSummaries>
    </summaries>
    <subjects>
      <billSubjects>
        <policyArea>
          <name>Arts, Culture, Religion</name>
        </policyArea>
        <legislativeSubjects>
          <item>
            <name>Commemorative events and holidays</name>
          </item>
          <item>
            <name>Music</name>
          </item>
          <item>
            <name>Religion</name>
          </item>
        </legislativeSubjects>
      </billSubjects>
    </subjects>
    <laws />
    <policyArea>
      <name>Arts, Culture, Religion</name>
    </policyArea>
    <committees>
      <billCommittees>
        <item>
          <subcommittees />
          <type>Standing</type>
          <systemCode>hsgo00</systemCode>
          <activities>
            <item>
              <name>Referred to</name>
              <date>2017-04-06T13:09:15Z</date>
            </item>
          </activities>
          <name>Oversight and Government Reform Committee</name>
          <chamber>House</chamber>
        </item>
      </billCommittees>
    </committees>
    <version>1.0.0</version>
    <recordedVotes />
    <updateDate>2018-02-06T16:40:12Z</updateDate>
    <title>Expressing support for designation of September 2017 as "Gospel Music Heritage Month" and honoring gospel music for its valuable and longstanding contributions to the culture of the United States.</title>
    <createDate>2017-04-07T03:11:46Z</createDate>
    <cboCostEstimates />
    <actions>
      <item>
        <sourceSystem>
          <name>House floor actions</name>
          <code>2</code>
        </sourceSystem>
        <actionDate>2017-04-06</actionDate>
        <links />
        <text>Referred to the House Committee on Oversight and Government Reform.</text>
        <committee>
          <systemCode>hsgo00</systemCode>
          <name>Oversight and Government Reform Committee</name>
        </committee>
        <actionCode>H11100</actionCode>
        <type>IntroReferral</type>
      </item>
      <item>
        <sourceSystem>
          <name>Library of Congress</name>
          <code>9</code>
        </sourceSystem>
        <actionDate>2017-04-06</actionDate>
        <links />
        <text>Introduced in House</text>
        <committee />
        <actionCode>Intro-H</actionCode>
        <type>IntroReferral</type>
      </item>
      <item>
        <sourceSystem>
          <name>Library of Congress</name>
          <code>9</code>
        </sourceSystem>
        <actionDate>2017-04-06</actionDate>
        <links />
        <text>Introduced in House</text>
        <committee />
        <actionCode>1000</actionCode>
        <type>IntroReferral</type>
      </item>
      <actionByCounts>
        <houseOfRepresentatives>3</houseOfRepresentatives>
      </actionByCounts>
      <actionTypeCounts>
        <billReferrals>1</billReferrals>
        <introducedInTheHouse>1</introducedInTheHouse>
        <introducedInHouse>1</introducedInHouse>
      </actionTypeCounts>
    </actions>
    <amendments />
    <notes />
    <calendarNumbers />
    <cosponsors>
      <item>
        <district>0</district>
        <sponsorshipWithdrawnDate />
        <party>D</party>
        <fullName>Rep. Norton, Eleanor Holmes [D-DC-At Large]</fullName>
        <sponsorshipDate>2017-08-29</sponsorshipDate>
        <bioguideId>N000147</bioguideId>
        <middleName>HOLMES</middleName>
        <identifiers>
          <bioguideId>N000147</bioguideId>
          <lisID>868</lisID>
          <gpoId>7871</gpoId>
        </identifiers>
        <lastName>NORTON</lastName>
        <isOriginalCosponsor>False</isOriginalCosponsor>
        <firstName>ELEANOR</firstName>
        <state>DC</state>
      </item>
      <item>
        <district>20</district>
        <sponsorshipWithdrawnDate />
        <party>D</party>
        <fullName>Rep. Hastings, Alcee L. [D-FL-20]</fullName>
        <sponsorshipDate>2017-08-29</sponsorshipDate>
        <bioguideId>H000324</bioguideId>
        <middleName>L.</middleName>
        <identifiers>
          <bioguideId>H000324</bioguideId>
          <lisID>511</lisID>
          <gpoId>7895</gpoId>
        </identifiers>
        <lastName>HASTINGS</lastName>
        <isOriginalCosponsor>False</isOriginalCosponsor>
        <firstName>ALCEE</firstName>
        <state>FL</state>
      </item>
      <item>
        <district>4</district>
        <sponsorshipWithdrawnDate />
        <party>D</party>
        <fullName>Rep. Johnson, Henry C. "Hank," Jr. [D-GA-4]</fullName>
        <sponsorshipDate>2017-08-29</sponsorshipDate>
        <bioguideId>J000288</bioguideId>
        <middleName>C. "Hank"</middleName>
        <identifiers>
          <lisID>1843</lisID>
          <bioguideId>J000288</bioguideId>
          <gpoId>7901</gpoId>
        </identifiers>
        <lastName>Johnson</lastName>
        <isOriginalCosponsor>False</isOriginalCosponsor>
        <firstName>Henry</firstName>
        <state>GA</state>
      </item>
      <item>
        <district>13</district>
        <sponsorshipWithdrawnDate />
        <party>D</party>
        <fullName>Rep. Lee, Barbara [D-CA-13]</fullName>
        <sponsorshipDate>2017-08-29</sponsorshipDate>
        <bioguideId>L000551</bioguideId>
        <middleName />
        <identifiers>
          <bioguideId>L000551</bioguideId>
          <lisID>1501</lisID>
          <gpoId>7814</gpoId>
        </identifiers>
        <lastName>LEE</lastName>
        <isOriginalCosponsor>False</isOriginalCosponsor>
        <firstName>BARBARA</firstName>
        <state>CA</state>
      </item>
      <item>
        <district>13</district>
        <sponsorshipWithdrawnDate />
        <party>D</party>
        <fullName>Rep. Crist, Charlie [D-FL-13]</fullName>
        <sponsorshipDate>2017-08-29</sponsorshipDate>
        <bioguideId>C001111</bioguideId>
        <middleName />
        <identifiers>
          <lisID>2321</lisID>
          <bioguideId>C001111</bioguideId>
          <gpoId />
        </identifiers>
        <lastName>Crist</lastName>
        <isOriginalCosponsor>False</isOriginalCosponsor>
        <firstName>Charlie</firstName>
        <state>FL</state>
      </item>
    </cosponsors>
  </bill>
  <dublinCore xmlns:dc="http://purl.org/dc/elements/1.1/">
    <dc:format>text/xml</dc:format>
    <dc:language>EN</dc:language>
    <dc:rights>Pursuant to Title 17 Section 105 of the United States Code, this file is not subject to copyright protection and is in the public domain.</dc:rights>
    <dc:contributor>Congressional Research Service, Library of Congress</dc:contributor>
    <dc:description>This file contains bill summaries and statuses for federal legislation. A bill summary describes the most significant provisions of a piece of legislation and details the effects the legislative text may have on current law and federal programs. Bill summaries are authored by the Congressional Research Service (CRS) of the Library of Congress. As stated in Public Law 91-510 (2 USC 166 (d)(6)), one of the duties of CRS is "to prepare summaries and digests of bills and resolutions of a public general nature introduced in the Senate or House of Representatives". For more information, refer to the User Guide that accompanies this file.</dc:description>
  </dublinCore>
</billStatus>

