<?xml version="1.0" encoding="UTF-8"?>
<billStatus>
  <bill>
    <calendarNumbers />
    <title>Proposing an amendment to the Constitution of the United States to limit the number of terms that a Member of Congress may serve.</title>
    <subjects>
      <billSubjects>
        <legislativeSubjects>
          <item>
            <name>Congressional elections</name>
          </item>
          <item>
            <name>Constitution and constitutional amendments</name>
          </item>
          <item>
            <name>House of Representatives</name>
          </item>
          <item>
            <name>Members of Congress</name>
          </item>
          <item>
            <name>Senate</name>
          </item>
        </legislativeSubjects>
        <policyArea>
          <name>Congress</name>
        </policyArea>
      </billSubjects>
    </subjects>
    <summaries>
      <billSummaries>
        <item>
          <updateDate>2017-01-03T05:00:00Z</updateDate>
          <actionDesc>Introduced in House</actionDesc>
          <versionCode>00</versionCode>
          <lastSummaryUpdateDate>2017-01-23T22:26:01Z</lastSummaryUpdateDate>
          <name>Introduced in House</name>
          <actionDate>2017-01-03</actionDate>
          <text><![CDATA[<p><b>Constitutional Amendment</b></p> <p>This joint resolution proposes a constitutional amendment limiting Members of the House of Representatives to three terms and Members of the Senate to two terms.</p>]]></text>
        </item>
      </billSummaries>
    </summaries>
    <actions>
      <actionByCounts>
        <houseOfRepresentatives>4</houseOfRepresentatives>
      </actionByCounts>
      <actionTypeCounts>
        <billReferrals>1</billReferrals>
        <introducedInHouse>1</introducedInHouse>
        <placeholderTextForH>1</placeholderTextForH>
        <introducedInTheHouse>1</introducedInTheHouse>
      </actionTypeCounts>
      <item>
        <actionDate>2017-01-11</actionDate>
        <committee>
          <systemCode>hsju10</systemCode>
          <name>Constitution and Civil Justice Subcommittee</name>
        </committee>
        <links />
        <sourceSystem>
          <name>House committee actions</name>
          <code>1</code>
        </sourceSystem>
        <text>Referred to the Subcommittee on the Constitution and Civil Justice.</text>
        <type>Committee</type>
      </item>
      <item>
        <type>IntroReferral</type>
        <links />
        <committee>
          <systemCode>hsju00</systemCode>
          <name>Judiciary Committee</name>
        </committee>
        <text>Referred to the House Committee on the Judiciary.</text>
        <actionCode>H11100</actionCode>
        <actionDate>2017-01-03</actionDate>
        <sourceSystem>
          <name>House floor actions</name>
          <code>2</code>
        </sourceSystem>
      </item>
      <item>
        <type>IntroReferral</type>
        <links />
        <committee />
        <text>Introduced in House</text>
        <actionCode>Intro-H</actionCode>
        <actionDate>2017-01-03</actionDate>
        <sourceSystem>
          <name>Library of Congress</name>
          <code>9</code>
        </sourceSystem>
      </item>
      <item>
        <type>IntroReferral</type>
        <links />
        <committee />
        <text>Introduced in House</text>
        <actionCode>1000</actionCode>
        <actionDate>2017-01-03</actionDate>
        <sourceSystem>
          <name>Library of Congress</name>
          <code>9</code>
        </sourceSystem>
      </item>
    </actions>
    <updateDate>2018-02-28T17:30:10Z</updateDate>
    <committeeReports />
    <version>1.0.0</version>
    <billNumber>6</billNumber>
    <constitutionalAuthorityStatementText><![CDATA[<pre>From the Congressional Record Online through the Government Publishing Office [<a href='http://www.gpo.gov'>www.gpo.gov</a>]By Mr. DeSANTIS:H.J. Res. 6.Congress has the power to enact this legislation pursuantto the following:Article V: ``The Congress, whenever two thirds of bothhouses shall deem it necessary, shall propose amendments tothis Constitution, or, on the application of the legislaturesof two thirds of several states, shall call a convention forproposing amendments, which, in either case, shall be validto all intents and purposes, as part of this Constitution,when ratified by the legislatures of three fourths of theseveral states, or by conventions in three fourths thereof,as the one or the other mode of ratification may be proposedby the Congress; provided that no amendment which may be madeprior to the year one thousand eight hundred and eight shallin any manner affect the first and fourth clauses in theninth section of the first article; and that no state,without its consent, shall be deprived of its equal sufferagein the Senate.''[Page H53]</pre>]]></constitutionalAuthorityStatementText>
    <policyArea>
      <name>Congress</name>
    </policyArea>
    <laws />
    <congress>115</congress>
    <relatedBills>
      <item>
        <relationshipDetails>
          <item>
            <identifiedBy>CRS</identifiedBy>
            <type>Related bill</type>
          </item>
        </relationshipDetails>
        <congress>115</congress>
        <latestAction>
          <actionDate>2017-01-11</actionDate>
          <text>Referred to the Subcommittee on the Constitution and Civil Justice.</text>
        </latestAction>
        <number>13</number>
        <type>HJRES</type>
        <latestTitle>Proposing an amendment to the Constitution of the United States to limit the number of terms a Representative or Senator may serve.</latestTitle>
      </item>
      <item>
        <relationshipDetails>
          <item>
            <identifiedBy>CRS</identifiedBy>
            <type>Related bill</type>
          </item>
        </relationshipDetails>
        <congress>115</congress>
        <latestAction>
          <actionDate>2017-01-11</actionDate>
          <text>Referred to the Subcommittee on the Constitution and Civil Justice.</text>
        </latestAction>
        <number>17</number>
        <type>HJRES</type>
        <latestTitle>Proposing an amendment to the Constitution of the United States to limit the number of consecutive terms that a Member of Congress may serve.</latestTitle>
      </item>
      <item>
        <relationshipDetails>
          <item>
            <identifiedBy>CRS</identifiedBy>
            <type>Related bill</type>
          </item>
        </relationshipDetails>
        <congress>115</congress>
        <latestAction>
          <actionDate>2017-01-12</actionDate>
          <text>Referred to the Subcommittee on the Constitution and Civil Justice.</text>
        </latestAction>
        <number>20</number>
        <type>HJRES</type>
        <latestTitle>Proposing an amendment to the Constitution of the United States to limit the number of consecutive terms that a Member of Congress may serve.</latestTitle>
      </item>
      <item>
        <relationshipDetails>
          <item>
            <identifiedBy>CRS</identifiedBy>
            <type>Related bill</type>
          </item>
        </relationshipDetails>
        <congress>115</congress>
        <latestAction>
          <actionDate>2017-01-12</actionDate>
          <text>Referred to the Subcommittee on the Constitution and Civil Justice.</text>
        </latestAction>
        <number>23</number>
        <type>HJRES</type>
        <latestTitle>Proposing an amendment to the Constitution of the United States to limit the number of terms that a Member of Congress may serve to four in the House of Representatives and two in the Senate.</latestTitle>
      </item>
      <item>
        <relationshipDetails>
          <item>
            <identifiedBy>CRS</identifiedBy>
            <type>Related bill</type>
          </item>
        </relationshipDetails>
        <congress>115</congress>
        <latestAction>
          <actionDate>2017-06-07</actionDate>
          <text>Referred to the Subcommittee on the Constitution and Civil Justice.</text>
        </latestAction>
        <number>101</number>
        <type>HJRES</type>
        <latestTitle>Proposing an amendment to the Constitution of the United States to limit the number of terms an individual may serve as a Member of Congress.</latestTitle>
      </item>
      <item>
        <relationshipDetails>
          <item>
            <identifiedBy>CRS</identifiedBy>
            <type>Related bill</type>
          </item>
        </relationshipDetails>
        <congress>115</congress>
        <latestAction>
          <actionDate>2017-12-21</actionDate>
          <text>Read twice and referred to the Committee on the Judiciary.</text>
        </latestAction>
        <number>51</number>
        <type>SJRES</type>
        <latestTitle>A joint resolution proposing an amendment to the Constitution of the United States relative to limiting the number of terms that a Member of Congress may serve.</latestTitle>
      </item>
      <item>
        <relationshipDetails>
          <item>
            <identifiedBy>CRS</identifiedBy>
            <type>Related bill</type>
          </item>
        </relationshipDetails>
        <congress>115</congress>
        <latestAction>
          <actionDate>2017-01-03</actionDate>
          <text>Read twice and referred to the Committee on the Judiciary.</text>
        </latestAction>
        <number>2</number>
        <type>SJRES</type>
        <latestTitle>A joint resolution proposing an amendment to the Constitution of the United States relative to limiting the number of terms that a Member of Congress may serve.</latestTitle>
      </item>
    </relatedBills>
    <recordedVotes />
    <sponsors>
      <item>
        <fullName>Rep. DeSantis, Ron [R-FL-6]</fullName>
        <lastName>DeSantis</lastName>
        <byRequestType />
        <bioguideId>D000621</bioguideId>
        <party>R</party>
        <middleName />
        <state>FL</state>
        <firstName>Ron</firstName>
        <identifiers>
          <lisID>2116</lisID>
          <bioguideId>D000621</bioguideId>
          <gpoId />
        </identifiers>
        <district>6</district>
      </item>
    </sponsors>
    <titles>
      <item>
        <chamberName />
        <chamberCode />
        <parentTitleType />
        <titleType>Official Title as Introduced</titleType>
        <title>Proposing an amendment to the Constitution of the United States to limit the number of terms that a Member of Congress may serve.</title>
      </item>
      <item>
        <chamberName />
        <chamberCode />
        <parentTitleType />
        <titleType>Display Title</titleType>
        <title>Proposing an amendment to the Constitution of the United States to limit the number of terms that a Member of Congress may serve.</title>
      </item>
    </titles>
    <originChamber>House</originChamber>
    <latestAction>
      <text>Referred to the Subcommittee on the Constitution and Civil Justice.</text>
      <actionDate>2017-01-11</actionDate>
      <links />
    </latestAction>
    <createDate>2017-01-04T07:01:08Z</createDate>
    <cosponsors>
      <item>
        <isOriginalCosponsor>True</isOriginalCosponsor>
        <bioguideId>W000812</bioguideId>
        <district>2</district>
        <state>MO</state>
        <identifiers>
          <lisID>2137</lisID>
          <gpoId />
          <bioguideId>W000812</bioguideId>
        </identifiers>
        <fullName>Rep. Wagner, Ann [R-MO-2]</fullName>
        <middleName />
        <sponsorshipWithdrawnDate />
        <firstName>Ann</firstName>
        <sponsorshipDate>2017-01-03</sponsorshipDate>
        <party>R</party>
        <lastName>Wagner</lastName>
      </item>
      <item>
        <isOriginalCosponsor>True</isOriginalCosponsor>
        <bioguideId>S000051</bioguideId>
        <district>1</district>
        <state>SC</state>
        <identifiers>
          <bioguideId>S000051</bioguideId>
          <lisID>1012</lisID>
          <gpoId />
        </identifiers>
        <fullName>Rep. Sanford, Mark [R-SC-1]</fullName>
        <middleName />
        <sponsorshipWithdrawnDate />
        <firstName>Mark</firstName>
        <sponsorshipDate>2017-01-03</sponsorshipDate>
        <party>R</party>
        <lastName>Sanford</lastName>
      </item>
      <item>
        <isOriginalCosponsor>True</isOriginalCosponsor>
        <bioguideId>B001294</bioguideId>
        <district>1</district>
        <state>IA</state>
        <identifiers>
          <bioguideId>B001294</bioguideId>
          <lisID>2241</lisID>
          <gpoId />
        </identifiers>
        <fullName>Rep. Blum, Rod [R-IA-1]</fullName>
        <middleName />
        <sponsorshipWithdrawnDate />
        <firstName>Rod</firstName>
        <sponsorshipDate>2017-01-03</sponsorshipDate>
        <party>R</party>
        <lastName>Blum</lastName>
      </item>
      <item>
        <isOriginalCosponsor>False</isOriginalCosponsor>
        <bioguideId>B001302</bioguideId>
        <district>5</district>
        <state>AZ</state>
        <identifiers>
          <bioguideId>B001302</bioguideId>
          <lisID>2307</lisID>
          <gpoId />
        </identifiers>
        <fullName>Rep. Biggs, Andy [R-AZ-5]</fullName>
        <middleName />
        <sponsorshipWithdrawnDate />
        <firstName>Andy</firstName>
        <sponsorshipDate>2017-01-04</sponsorshipDate>
        <party>R</party>
        <lastName>Biggs</lastName>
      </item>
      <item>
        <isOriginalCosponsor>False</isOriginalCosponsor>
        <bioguideId>D000616</bioguideId>
        <district>4</district>
        <state>TN</state>
        <identifiers>
          <lisID>2062</lisID>
          <gpoId>8151</gpoId>
          <bioguideId>D000616</bioguideId>
        </identifiers>
        <fullName>Rep. DesJarlais, Scott [R-TN-4]</fullName>
        <middleName />
        <sponsorshipWithdrawnDate />
        <firstName>Scott</firstName>
        <sponsorshipDate>2017-01-04</sponsorshipDate>
        <party>R</party>
        <lastName>DesJarlais</lastName>
      </item>
      <item>
        <isOriginalCosponsor>False</isOriginalCosponsor>
        <bioguideId>B001297</bioguideId>
        <district>4</district>
        <state>CO</state>
        <identifiers>
          <gpoId />
          <bioguideId>B001297</bioguideId>
          <lisID>2233</lisID>
        </identifiers>
        <fullName>Rep. Buck, Ken [R-CO-4]</fullName>
        <middleName />
        <sponsorshipWithdrawnDate />
        <firstName>Ken</firstName>
        <sponsorshipDate>2017-01-06</sponsorshipDate>
        <party>R</party>
        <lastName>Buck</lastName>
      </item>
      <item>
        <isOriginalCosponsor>False</isOriginalCosponsor>
        <bioguideId>B001298</bioguideId>
        <district>2</district>
        <state>NE</state>
        <identifiers>
          <lisID>2337</lisID>
          <gpoId />
          <bioguideId>B001298</bioguideId>
        </identifiers>
        <fullName>Rep. Bacon, Don [R-NE-2]</fullName>
        <middleName />
        <sponsorshipWithdrawnDate />
        <firstName>Don</firstName>
        <sponsorshipDate>2017-01-09</sponsorshipDate>
        <party>R</party>
        <lastName>Bacon</lastName>
      </item>
      <item>
        <isOriginalCosponsor>False</isOriginalCosponsor>
        <bioguideId>M001187</bioguideId>
        <district>11</district>
        <state>NC</state>
        <identifiers>
          <bioguideId>M001187</bioguideId>
          <gpoId />
          <lisID>2142</lisID>
        </identifiers>
        <fullName>Rep. Meadows, Mark [R-NC-11]</fullName>
        <middleName />
        <sponsorshipWithdrawnDate />
        <firstName>Mark</firstName>
        <sponsorshipDate>2017-01-09</sponsorshipDate>
        <party>R</party>
        <lastName>Meadows</lastName>
      </item>
      <item>
        <isOriginalCosponsor>False</isOriginalCosponsor>
        <bioguideId>D000615</bioguideId>
        <district>3</district>
        <state>SC</state>
        <identifiers>
          <bioguideId>D000615</bioguideId>
          <lisID>2057</lisID>
          <gpoId>8143</gpoId>
        </identifiers>
        <fullName>Rep. Duncan, Jeff [R-SC-3]</fullName>
        <middleName />
        <sponsorshipWithdrawnDate />
        <firstName>Jeff</firstName>
        <sponsorshipDate>2017-01-10</sponsorshipDate>
        <party>R</party>
        <lastName>Duncan</lastName>
      </item>
      <item>
        <isOriginalCosponsor>False</isOriginalCosponsor>
        <bioguideId>O000170</bioguideId>
        <district>16</district>
        <state>TX</state>
        <identifiers>
          <lisID>2162</lisID>
          <gpoId />
          <bioguideId>O000170</bioguideId>
        </identifiers>
        <fullName>Rep. O'Rourke, Beto [D-TX-16]</fullName>
        <middleName />
        <sponsorshipWithdrawnDate />
        <firstName>Beto</firstName>
        <sponsorshipDate>2017-01-30</sponsorshipDate>
        <party>D</party>
        <lastName>O'Rourke</lastName>
      </item>
      <item>
        <isOriginalCosponsor>False</isOriginalCosponsor>
        <bioguideId>A000372</bioguideId>
        <district>12</district>
        <state>GA</state>
        <identifiers>
          <bioguideId>A000372</bioguideId>
          <lisID>2239</lisID>
          <gpoId />
        </identifiers>
        <fullName>Rep. Allen, Rick W. [R-GA-12]</fullName>
        <middleName>W.</middleName>
        <sponsorshipWithdrawnDate />
        <firstName>Rick</firstName>
        <sponsorshipDate>2017-01-30</sponsorshipDate>
        <party>R</party>
        <lastName>Allen</lastName>
      </item>
      <item>
        <isOriginalCosponsor>False</isOriginalCosponsor>
        <bioguideId>S001183</bioguideId>
        <district>6</district>
        <state>AZ</state>
        <identifiers>
          <lisID>1994</lisID>
          <gpoId>7802</gpoId>
          <bioguideId>S001183</bioguideId>
        </identifiers>
        <fullName>Rep. Schweikert, David [R-AZ-6]</fullName>
        <middleName />
        <sponsorshipWithdrawnDate />
        <firstName>David</firstName>
        <sponsorshipDate>2017-01-30</sponsorshipDate>
        <party>R</party>
        <lastName>Schweikert</lastName>
      </item>
      <item>
        <isOriginalCosponsor>False</isOriginalCosponsor>
        <bioguideId>G000566</bioguideId>
        <district>4</district>
        <state>SC</state>
        <identifiers>
          <lisID>2058</lisID>
          <bioguideId>G000566</bioguideId>
          <gpoId>8144</gpoId>
        </identifiers>
        <fullName>Rep. Gowdy, Trey [R-SC-4]</fullName>
        <middleName />
        <sponsorshipWithdrawnDate />
        <firstName>Trey</firstName>
        <sponsorshipDate>2017-01-30</sponsorshipDate>
        <party>R</party>
        <lastName>Gowdy</lastName>
      </item>
      <item>
        <isOriginalCosponsor>False</isOriginalCosponsor>
        <bioguideId>D000626</bioguideId>
        <district>8</district>
        <state>OH</state>
        <identifiers>
          <bioguideId>D000626</bioguideId>
          <lisID>2296</lisID>
          <gpoId />
        </identifiers>
        <fullName>Rep. Davidson, Warren [R-OH-8]</fullName>
        <middleName />
        <sponsorshipWithdrawnDate />
        <firstName>Warren</firstName>
        <sponsorshipDate>2017-01-30</sponsorshipDate>
        <party>R</party>
        <lastName>Davidson</lastName>
      </item>
      <item>
        <isOriginalCosponsor>False</isOriginalCosponsor>
        <bioguideId>M001195</bioguideId>
        <district>2</district>
        <state>WV</state>
        <identifiers>
          <lisID>2277</lisID>
          <gpoId />
          <bioguideId>M001195</bioguideId>
        </identifiers>
        <fullName>Rep. Mooney, Alexander X. [R-WV-2]</fullName>
        <middleName>X.</middleName>
        <sponsorshipWithdrawnDate />
        <firstName>Alexander</firstName>
        <sponsorshipDate>2017-01-30</sponsorshipDate>
        <party>R</party>
        <lastName>Mooney</lastName>
      </item>
      <item>
        <isOriginalCosponsor>False</isOriginalCosponsor>
        <bioguideId>M001184</bioguideId>
        <district>4</district>
        <state>KY</state>
        <identifiers>
          <lisID>2094</lisID>
          <bioguideId>M001184</bioguideId>
          <gpoId>8371</gpoId>
        </identifiers>
        <fullName>Rep. Massie, Thomas [R-KY-4]</fullName>
        <middleName />
        <sponsorshipWithdrawnDate />
        <firstName>Thomas</firstName>
        <sponsorshipDate>2017-01-30</sponsorshipDate>
        <party>R</party>
        <lastName>Massie</lastName>
      </item>
      <item>
        <isOriginalCosponsor>False</isOriginalCosponsor>
        <bioguideId>R000601</bioguideId>
        <district>4</district>
        <state>TX</state>
        <identifiers>
          <lisID>2268</lisID>
          <gpoId />
          <bioguideId>R000601</bioguideId>
        </identifiers>
        <fullName>Rep. Ratcliffe, John [R-TX-4]</fullName>
        <middleName />
        <sponsorshipWithdrawnDate />
        <firstName>John</firstName>
        <sponsorshipDate>2017-01-31</sponsorshipDate>
        <party>R</party>
        <lastName>Ratcliffe</lastName>
      </item>
      <item>
        <isOriginalCosponsor>False</isOriginalCosponsor>
        <bioguideId>G000578</bioguideId>
        <district>1</district>
        <state>FL</state>
        <identifiers>
          <gpoId />
          <bioguideId>G000578</bioguideId>
          <lisID>2314</lisID>
        </identifiers>
        <fullName>Rep. Gaetz, Matt [R-FL-1]</fullName>
        <middleName />
        <sponsorshipWithdrawnDate />
        <firstName>Matt</firstName>
        <sponsorshipDate>2017-01-31</sponsorshipDate>
        <party>R</party>
        <lastName>Gaetz</lastName>
      </item>
      <item>
        <isOriginalCosponsor>False</isOriginalCosponsor>
        <bioguideId>Z000017</bioguideId>
        <district>1</district>
        <state>NY</state>
        <identifiers>
          <gpoId />
          <lisID>2261</lisID>
          <bioguideId>Z000017</bioguideId>
        </identifiers>
        <fullName>Rep. Zeldin, Lee M. [R-NY-1]</fullName>
        <middleName>M.</middleName>
        <sponsorshipWithdrawnDate />
        <firstName>Lee</firstName>
        <sponsorshipDate>2017-02-01</sponsorshipDate>
        <party>R</party>
        <lastName>Zeldin</lastName>
      </item>
      <item>
        <isOriginalCosponsor>False</isOriginalCosponsor>
        <bioguideId>M001199</bioguideId>
        <district>18</district>
        <state>FL</state>
        <identifiers>
          <bioguideId>M001199</bioguideId>
          <gpoId />
          <lisID>2322</lisID>
        </identifiers>
        <fullName>Rep. Mast, Brian J. [R-FL-18]</fullName>
        <middleName>J.</middleName>
        <sponsorshipWithdrawnDate />
        <firstName>Brian</firstName>
        <sponsorshipDate>2017-02-01</sponsorshipDate>
        <party>R</party>
        <lastName>Mast</lastName>
      </item>
      <item>
        <isOriginalCosponsor>False</isOriginalCosponsor>
        <bioguideId>H001067</bioguideId>
        <district>8</district>
        <state>NC</state>
        <identifiers>
          <gpoId />
          <lisID>2140</lisID>
          <bioguideId>H001067</bioguideId>
        </identifiers>
        <fullName>Rep. Hudson, Richard [R-NC-8]</fullName>
        <middleName />
        <sponsorshipWithdrawnDate />
        <firstName>Richard</firstName>
        <sponsorshipDate>2017-02-03</sponsorshipDate>
        <party>R</party>
        <lastName>Hudson</lastName>
      </item>
      <item>
        <isOriginalCosponsor>False</isOriginalCosponsor>
        <bioguideId>R000583</bioguideId>
        <district>17</district>
        <state>FL</state>
        <identifiers>
          <bioguideId>R000583</bioguideId>
          <lisID>1916</lisID>
          <gpoId>7888</gpoId>
        </identifiers>
        <fullName>Rep. Rooney, Thomas J. [R-FL-17]</fullName>
        <middleName>J.</middleName>
        <sponsorshipWithdrawnDate />
        <firstName>Thomas</firstName>
        <sponsorshipDate>2017-02-06</sponsorshipDate>
        <party>R</party>
        <lastName>Rooney</lastName>
      </item>
      <item>
        <isOriginalCosponsor>False</isOriginalCosponsor>
        <bioguideId>P000609</bioguideId>
        <district>6</district>
        <state>AL</state>
        <identifiers>
          <bioguideId>P000609</bioguideId>
          <lisID>2221</lisID>
          <gpoId />
        </identifiers>
        <fullName>Rep. Palmer, Gary J. [R-AL-6]</fullName>
        <middleName>J.</middleName>
        <sponsorshipWithdrawnDate />
        <firstName>Gary</firstName>
        <sponsorshipDate>2017-02-13</sponsorshipDate>
        <party>R</party>
        <lastName>Palmer</lastName>
      </item>
      <item>
        <isOriginalCosponsor>False</isOriginalCosponsor>
        <bioguideId>B001305</bioguideId>
        <district>13</district>
        <state>NC</state>
        <identifiers>
          <lisID>2336</lisID>
          <gpoId />
          <bioguideId>B001305</bioguideId>
        </identifiers>
        <fullName>Rep. Budd, Ted [R-NC-13]</fullName>
        <middleName />
        <sponsorshipWithdrawnDate />
        <firstName>Ted</firstName>
        <sponsorshipDate>2017-02-13</sponsorshipDate>
        <party>R</party>
        <lastName>Budd</lastName>
      </item>
      <item>
        <isOriginalCosponsor>False</isOriginalCosponsor>
        <bioguideId>C001108</bioguideId>
        <district>1</district>
        <state>KY</state>
        <identifiers>
          <gpoId />
          <lisID>2297</lisID>
          <bioguideId>C001108</bioguideId>
        </identifiers>
        <fullName>Rep. Comer, James [R-KY-1]</fullName>
        <middleName />
        <sponsorshipWithdrawnDate />
        <firstName>James</firstName>
        <sponsorshipDate>2017-02-15</sponsorshipDate>
        <party>R</party>
        <lastName>Comer</lastName>
      </item>
      <item>
        <isOriginalCosponsor>False</isOriginalCosponsor>
        <bioguideId>M001198</bioguideId>
        <district>1</district>
        <state>KS</state>
        <identifiers>
          <gpoId />
          <bioguideId>M001198</bioguideId>
          <lisID>2328</lisID>
        </identifiers>
        <fullName>Rep. Marshall, Roger W. [R-KS-1]</fullName>
        <middleName>W.</middleName>
        <sponsorshipWithdrawnDate />
        <firstName>Roger</firstName>
        <sponsorshipDate>2017-03-07</sponsorshipDate>
        <party>R</party>
        <lastName>Marshall</lastName>
      </item>
      <item>
        <isOriginalCosponsor>False</isOriginalCosponsor>
        <bioguideId>B001290</bioguideId>
        <district>7</district>
        <state>VA</state>
        <identifiers>
          <lisID>2203</lisID>
          <gpoId />
          <bioguideId>B001290</bioguideId>
        </identifiers>
        <fullName>Rep. Brat, Dave [R-VA-7]</fullName>
        <middleName />
        <sponsorshipWithdrawnDate />
        <firstName>Dave</firstName>
        <sponsorshipDate>2017-03-13</sponsorshipDate>
        <party>R</party>
        <lastName>Brat</lastName>
      </item>
      <item>
        <isOriginalCosponsor>False</isOriginalCosponsor>
        <bioguideId>P000606</bioguideId>
        <district>9</district>
        <state>NC</state>
        <identifiers>
          <bioguideId>P000606</bioguideId>
          <lisID>2141</lisID>
          <gpoId />
        </identifiers>
        <fullName>Rep. Pittenger, Robert [R-NC-9]</fullName>
        <middleName />
        <sponsorshipWithdrawnDate />
        <firstName>Robert</firstName>
        <sponsorshipDate>2017-03-13</sponsorshipDate>
        <party>R</party>
        <lastName>Pittenger</lastName>
      </item>
      <item>
        <isOriginalCosponsor>False</isOriginalCosponsor>
        <bioguideId>J000299</bioguideId>
        <district>4</district>
        <state>LA</state>
        <identifiers>
          <lisID>2330</lisID>
          <gpoId />
          <bioguideId>J000299</bioguideId>
        </identifiers>
        <fullName>Rep. Johnson, Mike [R-LA-4]</fullName>
        <middleName />
        <sponsorshipWithdrawnDate />
        <firstName>Mike</firstName>
        <sponsorshipDate>2017-03-17</sponsorshipDate>
        <party>R</party>
        <lastName>Johnson</lastName>
      </item>
      <item>
        <isOriginalCosponsor>False</isOriginalCosponsor>
        <bioguideId>L000491</bioguideId>
        <district>3</district>
        <state>OK</state>
        <identifiers>
          <bioguideId>L000491</bioguideId>
          <lisID>711</lisID>
          <gpoId>8111</gpoId>
        </identifiers>
        <fullName>Rep. Lucas, Frank D. [R-OK-3]</fullName>
        <middleName>D.</middleName>
        <sponsorshipWithdrawnDate />
        <firstName>FRANK</firstName>
        <sponsorshipDate>2017-03-22</sponsorshipDate>
        <party>R</party>
        <lastName>LUCAS</lastName>
      </item>
      <item>
        <isOriginalCosponsor>False</isOriginalCosponsor>
        <bioguideId>F000465</bioguideId>
        <district>3</district>
        <state>GA</state>
        <identifiers>
          <gpoId />
          <lisID>2324</lisID>
          <bioguideId>F000465</bioguideId>
        </identifiers>
        <fullName>Rep. Ferguson, A. Drew, IV [R-GA-3]</fullName>
        <middleName>Drew</middleName>
        <sponsorshipWithdrawnDate />
        <firstName>A.</firstName>
        <sponsorshipDate>2017-03-22</sponsorshipDate>
        <party>R</party>
        <lastName>Ferguson</lastName>
      </item>
      <item>
        <isOriginalCosponsor>False</isOriginalCosponsor>
        <bioguideId>L000585</bioguideId>
        <district>18</district>
        <state>IL</state>
        <identifiers>
          <gpoId />
          <bioguideId>L000585</bioguideId>
          <lisID>2295</lisID>
        </identifiers>
        <fullName>Rep. LaHood, Darin [R-IL-18]</fullName>
        <middleName />
        <sponsorshipWithdrawnDate />
        <firstName>Darin</firstName>
        <sponsorshipDate>2017-03-27</sponsorshipDate>
        <party>R</party>
        <lastName>LaHood</lastName>
      </item>
      <item>
        <isOriginalCosponsor>False</isOriginalCosponsor>
        <bioguideId>F000464</bioguideId>
        <district>19</district>
        <state>NY</state>
        <identifiers>
          <gpoId />
          <lisID>2343</lisID>
          <bioguideId>F000464</bioguideId>
        </identifiers>
        <fullName>Rep. Faso, John J. [R-NY-19]</fullName>
        <middleName>J.</middleName>
        <sponsorshipWithdrawnDate />
        <firstName>John</firstName>
        <sponsorshipDate>2017-05-01</sponsorshipDate>
        <party>R</party>
        <lastName>Faso</lastName>
      </item>
      <item>
        <isOriginalCosponsor>False</isOriginalCosponsor>
        <bioguideId>H001074</bioguideId>
        <district>9</district>
        <state>IN</state>
        <identifiers>
          <bioguideId>H001074</bioguideId>
          <lisID>2327</lisID>
          <gpoId />
        </identifiers>
        <fullName>Rep. Hollingsworth, Trey [R-IN-9]</fullName>
        <middleName />
        <sponsorshipWithdrawnDate />
        <firstName>Trey</firstName>
        <sponsorshipDate>2017-06-06</sponsorshipDate>
        <party>R</party>
        <lastName>Hollingsworth</lastName>
      </item>
      <item>
        <isOriginalCosponsor>False</isOriginalCosponsor>
        <bioguideId>G000584</bioguideId>
        <district>0</district>
        <state>MT</state>
        <identifiers>
          <bioguideId>G000584</bioguideId>
          <lisID>2359</lisID>
          <gpoId />
        </identifiers>
        <fullName>Rep. Gianforte, Greg [R-MT-At Large]</fullName>
        <middleName />
        <sponsorshipWithdrawnDate />
        <firstName>Greg</firstName>
        <sponsorshipDate>2017-06-21</sponsorshipDate>
        <party>R</party>
        <lastName>Gianforte</lastName>
      </item>
      <item>
        <isOriginalCosponsor>False</isOriginalCosponsor>
        <bioguideId>R000592</bioguideId>
        <district>4</district>
        <state>IN</state>
        <identifiers>
          <lisID>2017</lisID>
          <gpoId>7943</gpoId>
          <bioguideId>R000592</bioguideId>
        </identifiers>
        <fullName>Rep. Rokita, Todd [R-IN-4]</fullName>
        <middleName />
        <sponsorshipWithdrawnDate />
        <firstName>Todd</firstName>
        <sponsorshipDate>2017-06-26</sponsorshipDate>
        <party>R</party>
        <lastName>Rokita</lastName>
      </item>
      <item>
        <isOriginalCosponsor>False</isOriginalCosponsor>
        <bioguideId>N000190</bioguideId>
        <district>5</district>
        <state>SC</state>
        <identifiers>
          <bioguideId>N000190</bioguideId>
          <lisID>2361</lisID>
          <gpoId />
        </identifiers>
        <fullName>Rep. Norman, Ralph [R-SC-5]</fullName>
        <middleName />
        <sponsorshipWithdrawnDate />
        <firstName>Ralph</firstName>
        <sponsorshipDate>2017-07-20</sponsorshipDate>
        <party>R</party>
        <lastName>Norman</lastName>
      </item>
      <item>
        <isOriginalCosponsor>False</isOriginalCosponsor>
        <bioguideId>B001274</bioguideId>
        <district>5</district>
        <state>AL</state>
        <identifiers>
          <bioguideId>B001274</bioguideId>
          <lisID>1987</lisID>
          <gpoId>7790</gpoId>
        </identifiers>
        <fullName>Rep. Brooks, Mo [R-AL-5]</fullName>
        <middleName />
        <sponsorshipWithdrawnDate />
        <firstName>Mo</firstName>
        <sponsorshipDate>2017-10-12</sponsorshipDate>
        <party>R</party>
        <lastName>Brooks</lastName>
      </item>
      <item>
        <isOriginalCosponsor>False</isOriginalCosponsor>
        <bioguideId>J000297</bioguideId>
        <district>3</district>
        <state>WV</state>
        <identifiers>
          <lisID>2278</lisID>
          <gpoId />
          <bioguideId>J000297</bioguideId>
        </identifiers>
        <fullName>Rep. Jenkins, Evan H. [R-WV-3]</fullName>
        <middleName>H.</middleName>
        <sponsorshipWithdrawnDate />
        <firstName>Evan</firstName>
        <sponsorshipDate>2017-12-20</sponsorshipDate>
        <party>R</party>
        <lastName>Jenkins</lastName>
      </item>
      <item>
        <isOriginalCosponsor>False</isOriginalCosponsor>
        <bioguideId>M001189</bioguideId>
        <district>6</district>
        <state>IN</state>
        <identifiers>
          <gpoId />
          <lisID>2130</lisID>
          <bioguideId>M001189</bioguideId>
        </identifiers>
        <fullName>Rep. Messer, Luke [R-IN-6]</fullName>
        <middleName />
        <sponsorshipWithdrawnDate />
        <firstName>Luke</firstName>
        <sponsorshipDate>2018-02-26</sponsorshipDate>
        <party>R</party>
        <lastName>Messer</lastName>
      </item>
    </cosponsors>
    <notes />
    <committees>
      <billCommittees>
        <item>
          <systemCode>hsju00</systemCode>
          <name>Judiciary Committee</name>
          <activities>
            <item>
              <name>Referred to</name>
              <date>2017-01-03T17:06:35Z</date>
            </item>
          </activities>
          <chamber>House</chamber>
          <type>Standing</type>
          <subcommittees>
            <item>
              <activities>
                <item>
                  <name>Referred to</name>
                  <date>2017-01-11T19:04:25Z</date>
                </item>
              </activities>
              <systemCode>hsju10</systemCode>
              <name>Constitution and Civil Justice Subcommittee</name>
            </item>
          </subcommittees>
        </item>
      </billCommittees>
    </committees>
    <introducedDate>2017-01-03</introducedDate>
    <billType>HJRES</billType>
    <amendments />
    <cboCostEstimates />
  </bill>
  <dublinCore xmlns:dc="http://purl.org/dc/elements/1.1/">
    <dc:format>text/xml</dc:format>
    <dc:language>EN</dc:language>
    <dc:rights>Pursuant to Title 17 Section 105 of the United States Code, this file is not subject to copyright protection and is in the public domain.</dc:rights>
    <dc:contributor>Congressional Research Service, Library of Congress</dc:contributor>
    <dc:description>This file contains bill summaries and statuses for federal legislation. A bill summary describes the most significant provisions of a piece of legislation and details the effects the legislative text may have on current law and federal programs. Bill summaries are authored by the Congressional Research Service (CRS) of the Library of Congress. As stated in Public Law 91-510 (2 USC 166 (d)(6)), one of the duties of CRS is "to prepare summaries and digests of bills and resolutions of a public general nature introduced in the Senate or House of Representatives". For more information, refer to the User Guide that accompanies this file.</dc:description>
  </dublinCore>
</billStatus>

