<?xml version="1.0" encoding="UTF-8"?>
<billStatus>
  <bill>
    <policyArea>
      <name>Economics and Public Finance</name>
    </policyArea>
    <introducedDate>2017-07-19</introducedDate>
    <cosponsors>
      <item>
        <identifiers>
          <gpoId>8184</gpoId>
          <bioguideId>C001063</bioguideId>
          <lisID>1807</lisID>
        </identifiers>
        <sponsorshipDate>2017-07-19</sponsorshipDate>
        <district>28</district>
        <middleName />
        <sponsorshipWithdrawnDate />
        <fullName>Rep. Cuellar, Henry [D-TX-28]</fullName>
        <party>D</party>
        <firstName>Henry</firstName>
        <isOriginalCosponsor>True</isOriginalCosponsor>
        <lastName>Cuellar</lastName>
        <state>TX</state>
        <bioguideId>C001063</bioguideId>
      </item>
    </cosponsors>
    <titles>
      <item>
        <chamberCode />
        <chamberName />
        <parentTitleType />
        <titleType>Official Title as Introduced</titleType>
        <title>Proposing a balanced budget amendment to the Constitution of the United States.</title>
      </item>
      <item>
        <chamberCode />
        <chamberName />
        <parentTitleType />
        <titleType>Display Title</titleType>
        <title>Proposing a balanced budget amendment to the Constitution of the United States.</title>
      </item>
    </titles>
    <congress>115</congress>
    <recordedVotes />
    <amendments />
    <laws />
    <cboCostEstimates />
    <actions>
      <actionByCounts>
        <houseOfRepresentatives>4</houseOfRepresentatives>
      </actionByCounts>
      <actionTypeCounts>
        <introducedInTheHouse>1</introducedInTheHouse>
        <billReferrals>1</billReferrals>
        <placeholderTextForH>1</placeholderTextForH>
        <introducedInHouse>1</introducedInHouse>
      </actionTypeCounts>
      <item>
        <actionDate>2017-08-03</actionDate>
        <committee>
          <systemCode>hsju10</systemCode>
          <name>Constitution and Civil Justice Subcommittee</name>
        </committee>
        <links />
        <sourceSystem>
          <name>House committee actions</name>
          <code>1</code>
        </sourceSystem>
        <text>Referred to the Subcommittee on the Constitution and Civil Justice.</text>
        <type>Committee</type>
      </item>
      <item>
        <actionDate>2017-07-19</actionDate>
        <text>Referred to the House Committee on the Judiciary.</text>
        <sourceSystem>
          <name>House floor actions</name>
          <code>2</code>
        </sourceSystem>
        <committee>
          <systemCode>hsju00</systemCode>
          <name>Judiciary Committee</name>
        </committee>
        <links />
        <actionCode>H11100</actionCode>
        <type>IntroReferral</type>
      </item>
      <item>
        <actionDate>2017-07-19</actionDate>
        <text>Introduced in House</text>
        <sourceSystem>
          <name>Library of Congress</name>
          <code>9</code>
        </sourceSystem>
        <committee />
        <links />
        <actionCode>Intro-H</actionCode>
        <type>IntroReferral</type>
      </item>
      <item>
        <actionDate>2017-07-19</actionDate>
        <text>Introduced in House</text>
        <sourceSystem>
          <name>Library of Congress</name>
          <code>9</code>
        </sourceSystem>
        <committee />
        <links />
        <actionCode>1000</actionCode>
        <type>IntroReferral</type>
      </item>
    </actions>
    <updateDate>2018-02-06T16:40:13Z</updateDate>
    <summaries>
      <billSummaries>
        <item>
          <versionCode>00</versionCode>
          <actionDate>2017-07-19</actionDate>
          <updateDate>2017-07-19T04:00:00Z</updateDate>
          <text><![CDATA[<p><b>Constitutional Amendment </b></p> <p>This joint resolution proposes a constitutional amendment prohibiting total outlays for a fiscal year from exceeding total receipts for the year, excluding outlays for repayment of debt principal and receipts derived from borrowing. </p> <p>The President must submit an annual budget in which total outlays for the fiscal year do not exceed total receipts. </p> <p>Congress may waive the requirements for any fiscal year in which: </p> <ul> <li> a declaration of war is in effect, </li> <li>the United States is engaged in a military conflict which causes an imminent and serious military threat to national security as declared by a joint resolution, or </li> <li> a national emergency has been declared by a joint resolution. </li> </ul> <p>Any waiver must identify and be limited to the specific increase for the year that is necessary for the military conflict or emergency. Any increase in spending pursuant to a waiver must be offset by a budget surplus within 10 years of the end of the waiver. </p>]]></text>
          <actionDesc>Introduced in House</actionDesc>
          <name>Introduced in House</name>
          <lastSummaryUpdateDate>2017-07-28T18:39:52Z</lastSummaryUpdateDate>
        </item>
      </billSummaries>
    </summaries>
    <title>Proposing a balanced budget amendment to the Constitution of the United States.</title>
    <calendarNumbers />
    <originChamber>House</originChamber>
    <constitutionalAuthorityStatementText />
    <notes />
    <billType>HJRES</billType>
    <committees>
      <billCommittees>
        <item>
          <chamber>House</chamber>
          <subcommittees>
            <item>
              <activities>
                <item>
                  <date>2017-08-03T14:32:50Z</date>
                  <name>Referred to</name>
                </item>
              </activities>
              <systemCode>hsju10</systemCode>
              <name>Constitution and Civil Justice Subcommittee</name>
            </item>
          </subcommittees>
          <type>Standing</type>
          <activities>
            <item>
              <date>2017-07-19T14:03:40Z</date>
              <name>Referred to</name>
            </item>
          </activities>
          <systemCode>hsju00</systemCode>
          <name>Judiciary Committee</name>
        </item>
      </billCommittees>
    </committees>
    <latestAction>
      <text>Referred to the Subcommittee on the Constitution and Civil Justice.</text>
      <actionDate>2017-08-03</actionDate>
      <links />
    </latestAction>
    <committeeReports />
    <billNumber>110</billNumber>
    <sponsors>
      <item>
        <byRequestType />
        <state>OH</state>
        <bioguideId>S001187</bioguideId>
        <identifiers>
          <lisID>2047</lisID>
          <gpoId>8105</gpoId>
          <bioguideId>S001187</bioguideId>
        </identifiers>
        <fullName>Rep. Stivers, Steve [R-OH-15]</fullName>
        <district>15</district>
        <lastName>Stivers</lastName>
        <firstName>Steve</firstName>
        <middleName />
        <party>R</party>
      </item>
    </sponsors>
    <subjects>
      <billSubjects>
        <policyArea>
          <name>Economics and Public Finance</name>
        </policyArea>
        <legislativeSubjects>
          <item>
            <name>Budget deficits and national debt</name>
          </item>
          <item>
            <name>Conflicts and wars</name>
          </item>
          <item>
            <name>Constitution and constitutional amendments</name>
          </item>
          <item>
            <name>Defense spending</name>
          </item>
          <item>
            <name>Military operations and strategy</name>
          </item>
        </legislativeSubjects>
      </billSubjects>
    </subjects>
    <createDate>2017-07-20T03:11:31Z</createDate>
    <version>1.0.0</version>
    <relatedBills>
      <item>
        <latestTitle>Proposing an amendment to the Constitution of the United States relative to balancing the budget.</latestTitle>
        <number>5</number>
        <latestAction>
          <actionDate>2017-01-03</actionDate>
          <text>Referred to the House Committee on the Judiciary.</text>
        </latestAction>
        <congress>115</congress>
        <relationshipDetails>
          <item>
            <identifiedBy>CRS</identifiedBy>
            <type>Related bill</type>
          </item>
        </relationshipDetails>
        <type>HJRES</type>
      </item>
    </relatedBills>
  </bill>
  <dublinCore xmlns:dc="http://purl.org/dc/elements/1.1/">
    <dc:format>text/xml</dc:format>
    <dc:language>EN</dc:language>
    <dc:rights>Pursuant to Title 17 Section 105 of the United States Code, this file is not subject to copyright protection and is in the public domain.</dc:rights>
    <dc:contributor>Congressional Research Service, Library of Congress</dc:contributor>
    <dc:description>This file contains bill summaries and statuses for federal legislation. A bill summary describes the most significant provisions of a piece of legislation and details the effects the legislative text may have on current law and federal programs. Bill summaries are authored by the Congressional Research Service (CRS) of the Library of Congress. As stated in Public Law 91-510 (2 USC 166 (d)(6)), one of the duties of CRS is "to prepare summaries and digests of bills and resolutions of a public general nature introduced in the Senate or House of Representatives". For more information, refer to the User Guide that accompanies this file.</dc:description>
  </dublinCore>
</billStatus>

