<?xml version="1.0" encoding="UTF-8"?>
<billStatus>
  <bill>
    <policyArea>
      <name>Labor and Employment</name>
    </policyArea>
    <introducedDate>2017-05-25</introducedDate>
    <cosponsors>
      <item>
        <lastName>Gosar</lastName>
        <sponsorshipDate>2017-05-25</sponsorshipDate>
        <bioguideId>G000565</bioguideId>
        <middleName>A.</middleName>
        <identifiers>
          <lisID>1992</lisID>
          <bioguideId>G000565</bioguideId>
          <gpoId>7798</gpoId>
        </identifiers>
        <district>4</district>
        <party>R</party>
        <state>AZ</state>
        <firstName>Paul</firstName>
        <sponsorshipWithdrawnDate />
        <isOriginalCosponsor>True</isOriginalCosponsor>
        <fullName>Rep. Gosar, Paul A. [R-AZ-4]</fullName>
      </item>
      <item>
        <lastName>Loudermilk</lastName>
        <sponsorshipDate>2017-05-25</sponsorshipDate>
        <bioguideId>L000583</bioguideId>
        <middleName />
        <identifiers>
          <bioguideId>L000583</bioguideId>
          <lisID>2238</lisID>
          <gpoId />
        </identifiers>
        <district>11</district>
        <party>R</party>
        <state>GA</state>
        <firstName>Barry</firstName>
        <sponsorshipWithdrawnDate />
        <isOriginalCosponsor>True</isOriginalCosponsor>
        <fullName>Rep. Loudermilk, Barry [R-GA-11]</fullName>
      </item>
      <item>
        <lastName>Latta</lastName>
        <sponsorshipDate>2017-06-07</sponsorshipDate>
        <bioguideId>L000566</bioguideId>
        <middleName>E.</middleName>
        <identifiers>
          <gpoId>8095</gpoId>
          <bioguideId>L000566</bioguideId>
          <lisID>1885</lisID>
        </identifiers>
        <district>5</district>
        <party>R</party>
        <state>OH</state>
        <firstName>Robert</firstName>
        <sponsorshipWithdrawnDate />
        <isOriginalCosponsor>False</isOriginalCosponsor>
        <fullName>Rep. Latta, Robert E. [R-OH-5]</fullName>
      </item>
    </cosponsors>
    <titles>
      <item>
        <parentTitleType />
        <chamberCode />
        <titleType>Official Title as Introduced</titleType>
        <chamberName />
        <title>Providing for congressional disapproval under chapter 8 of title 5, United States Code, of the rule submitted by the Department of Labor relating to "Improve Tracking of Workplace Injuries and Illnesses".</title>
      </item>
      <item>
        <parentTitleType />
        <chamberCode />
        <titleType>Display Title</titleType>
        <chamberName />
        <title>Providing for congressional disapproval under chapter 8 of title 5, United States Code, of the rule submitted by the Department of Labor relating to "Improve Tracking of Workplace Injuries and Illnesses".</title>
      </item>
    </titles>
    <congress>115</congress>
    <recordedVotes />
    <amendments />
    <laws />
    <cboCostEstimates />
    <actions>
      <item>
        <links />
        <actionDate>2017-05-25</actionDate>
        <type>IntroReferral</type>
        <text>Referred to the House Committee on Education and the Workforce.</text>
        <actionCode>H11100</actionCode>
        <sourceSystem>
          <name>House floor actions</name>
          <code>2</code>
        </sourceSystem>
        <committee>
          <systemCode>hsed00</systemCode>
          <name>Education and the Workforce Committee</name>
        </committee>
      </item>
      <item>
        <links />
        <actionDate>2017-05-25</actionDate>
        <type>IntroReferral</type>
        <text>Introduced in House</text>
        <actionCode>Intro-H</actionCode>
        <sourceSystem>
          <name>Library of Congress</name>
          <code>9</code>
        </sourceSystem>
        <committee />
      </item>
      <item>
        <links />
        <actionDate>2017-05-25</actionDate>
        <type>IntroReferral</type>
        <text>Introduced in House</text>
        <actionCode>1000</actionCode>
        <sourceSystem>
          <name>Library of Congress</name>
          <code>9</code>
        </sourceSystem>
        <committee />
      </item>
      <actionByCounts>
        <houseOfRepresentatives>3</houseOfRepresentatives>
      </actionByCounts>
      <actionTypeCounts>
        <billReferrals>1</billReferrals>
        <introducedInTheHouse>1</introducedInTheHouse>
        <introducedInHouse>1</introducedInHouse>
      </actionTypeCounts>
    </actions>
    <updateDate>2018-02-06T16:40:12Z</updateDate>
    <summaries>
      <billSummaries>
        <item>
          <versionCode>00</versionCode>
          <text><![CDATA[<p>This joint resolution nullifies the Department of Labor's rule, which was published on May 12, 2016, about tracking workplace injuries and illnesses.</p>]]></text>
          <actionDesc>Introduced in House</actionDesc>
          <actionDate>2017-05-25</actionDate>
          <lastSummaryUpdateDate>2017-09-27T19:58:08Z</lastSummaryUpdateDate>
          <name>Introduced in House</name>
          <updateDate>2017-05-25T04:00:00Z</updateDate>
        </item>
      </billSummaries>
    </summaries>
    <title>Providing for congressional disapproval under chapter 8 of title 5, United States Code, of the rule submitted by the Department of Labor relating to "Improve Tracking of Workplace Injuries and Illnesses".</title>
    <calendarNumbers />
    <originChamber>House</originChamber>
    <constitutionalAuthorityStatementText><![CDATA[<pre>From the Congressional Record Online through the Government Publishing Office [<a href='http://www.gpo.gov'>www.gpo.gov</a>]By Mr. GIBBS:H.J. Res. 103.Congress has the power to enact this legislation pursuantto the following:Resolved by the Senate and House of Representatives of theUnited States of America in Congress assembled, That Congressdisapproves the rule submitted by the Department of Laborrelating to ``Improve Tracking of Workplace Unjuries andIllnesses'' (81 Fed. Reg. 29624 (May 12, 2016)), and suchrule shall have no force or effect.[Page H4610]</pre>]]></constitutionalAuthorityStatementText>
    <notes />
    <billType>HJRES</billType>
    <committees>
      <billCommittees>
        <item>
          <systemCode>hsed00</systemCode>
          <chamber>House</chamber>
          <type>Standing</type>
          <activities>
            <item>
              <name>Referred to</name>
              <date>2017-05-25T13:11:10Z</date>
            </item>
          </activities>
          <name>Education and the Workforce Committee</name>
          <subcommittees />
        </item>
      </billCommittees>
    </committees>
    <latestAction>
      <text>Referred to the House Committee on Education and the Workforce.</text>
      <actionDate>2017-05-25</actionDate>
      <links />
    </latestAction>
    <committeeReports />
    <billNumber>103</billNumber>
    <sponsors>
      <item>
        <byRequestType />
        <state>OH</state>
        <bioguideId>G000563</bioguideId>
        <identifiers>
          <gpoId>8108</gpoId>
          <lisID>2049</lisID>
          <bioguideId>G000563</bioguideId>
        </identifiers>
        <fullName>Rep. Gibbs, Bob [R-OH-7]</fullName>
        <district>7</district>
        <lastName>Gibbs</lastName>
        <firstName>Bob</firstName>
        <middleName />
        <party>R</party>
      </item>
    </sponsors>
    <subjects>
      <billSubjects>
        <legislativeSubjects>
          <item>
            <name>Administrative law and regulatory procedures</name>
          </item>
          <item>
            <name>Business records</name>
          </item>
          <item>
            <name>Congressional oversight</name>
          </item>
          <item>
            <name>Department of Labor</name>
          </item>
          <item>
            <name>Government information and archives</name>
          </item>
          <item>
            <name>Worker safety and health</name>
          </item>
        </legislativeSubjects>
        <policyArea>
          <name>Labor and Employment</name>
        </policyArea>
      </billSubjects>
    </subjects>
    <createDate>2017-05-26T03:11:38Z</createDate>
    <version>1.0.0</version>
    <relatedBills />
  </bill>
  <dublinCore xmlns:dc="http://purl.org/dc/elements/1.1/">
    <dc:format>text/xml</dc:format>
    <dc:language>EN</dc:language>
    <dc:rights>Pursuant to Title 17 Section 105 of the United States Code, this file is not subject to copyright protection and is in the public domain.</dc:rights>
    <dc:contributor>Congressional Research Service, Library of Congress</dc:contributor>
    <dc:description>This file contains bill summaries and statuses for federal legislation. A bill summary describes the most significant provisions of a piece of legislation and details the effects the legislative text may have on current law and federal programs. Bill summaries are authored by the Congressional Research Service (CRS) of the Library of Congress. As stated in Public Law 91-510 (2 USC 166 (d)(6)), one of the duties of CRS is "to prepare summaries and digests of bills and resolutions of a public general nature introduced in the Senate or House of Representatives". For more information, refer to the User Guide that accompanies this file.</dc:description>
  </dublinCore>
</billStatus>

