<?xml version="1.0" encoding="UTF-8"?>
<billStatus>
  <bill>
    <titles>
      <item>
        <chamberName />
        <parentTitleType />
        <chamberCode />
        <titleType>Short Titles as Introduced</titleType>
        <title>Every Vote Counts Amendment</title>
      </item>
      <item>
        <chamberName />
        <parentTitleType />
        <chamberCode />
        <titleType>Official Title as Introduced</titleType>
        <title>Proposing an amendment to the Constitution of the United States to abolish the electoral college and to provide for the direct popular election of the President and Vice President of the United States.</title>
      </item>
      <item>
        <chamberName />
        <parentTitleType />
        <chamberCode />
        <titleType>Display Title</titleType>
        <title>Every Vote Counts Amendment</title>
      </item>
    </titles>
    <committeeReports />
    <sponsors>
      <item>
        <firstName>GENE</firstName>
        <middleName />
        <identifiers>
          <lisID>462</lisID>
          <gpoId>8185</gpoId>
          <bioguideId>G000410</bioguideId>
        </identifiers>
        <party>D</party>
        <bioguideId>G000410</bioguideId>
        <lastName>GREEN</lastName>
        <fullName>Rep. Green, Gene [D-TX-29]</fullName>
        <byRequestType />
        <district>29</district>
        <state>TX</state>
      </item>
    </sponsors>
    <title>Every Vote Counts Amendment</title>
    <actions>
      <actionByCounts>
        <houseOfRepresentatives>4</houseOfRepresentatives>
      </actionByCounts>
      <item>
        <actionDate>2017-02-14</actionDate>
        <committee>
          <name>Constitution and Civil Justice Subcommittee</name>
          <systemCode>hsju10</systemCode>
        </committee>
        <links />
        <sourceSystem>
          <name>House committee actions</name>
          <code>1</code>
        </sourceSystem>
        <text>Referred to the Subcommittee on the Constitution and Civil Justice.</text>
        <type>Committee</type>
      </item>
      <item>
        <text>Referred to the House Committee on the Judiciary.</text>
        <type>IntroReferral</type>
        <sourceSystem>
          <name>House floor actions</name>
          <code>2</code>
        </sourceSystem>
        <committee>
          <name>Judiciary Committee</name>
          <systemCode>hsju00</systemCode>
        </committee>
        <actionCode>H11100</actionCode>
        <actionDate>2017-02-07</actionDate>
        <links />
      </item>
      <item>
        <text>Introduced in House</text>
        <type>IntroReferral</type>
        <sourceSystem>
          <name>Library of Congress</name>
          <code>9</code>
        </sourceSystem>
        <committee />
        <actionCode>Intro-H</actionCode>
        <actionDate>2017-02-07</actionDate>
        <links />
      </item>
      <item>
        <text>Introduced in House</text>
        <type>IntroReferral</type>
        <sourceSystem>
          <name>Library of Congress</name>
          <code>9</code>
        </sourceSystem>
        <committee />
        <actionCode>1000</actionCode>
        <actionDate>2017-02-07</actionDate>
        <links />
      </item>
      <actionTypeCounts>
        <introducedInHouse>1</introducedInHouse>
        <billReferrals>1</billReferrals>
        <placeholderTextForH>1</placeholderTextForH>
        <introducedInTheHouse>1</introducedInTheHouse>
      </actionTypeCounts>
    </actions>
    <summaries>
      <billSummaries>
        <item>
          <text><![CDATA[<p><b>Constitutional Amendment</b></p> <p><b>Every Vote Counts Amendment</b></p> <p>This joint resolution proposes a constitutional amendment requiring the President and Vice President to be elected directly by the people of the states and the District of Columbia.</p>]]></text>
          <versionCode>00</versionCode>
          <actionDate>2017-02-07</actionDate>
          <name>Introduced in House</name>
          <actionDesc>Introduced in House</actionDesc>
          <lastSummaryUpdateDate>2017-04-21T17:44:00Z</lastSummaryUpdateDate>
          <updateDate>2017-02-07T05:00:00Z</updateDate>
        </item>
      </billSummaries>
    </summaries>
    <constitutionalAuthorityStatementText><![CDATA[<pre>From the Congressional Record Online through the Government Publishing Office [<a href='http://www.gpo.gov'>www.gpo.gov</a>]By Mr. GENE GREEN of Texas:H.J. Res. 65.Congress has the power to enact this legislation pursuantto the following:Article V of the United States Constitution, which grantsCongress the authority, whenever two-thirds of both chambersdeem it necessary, to propose amendments to the Constitution.[Page H1086]</pre>]]></constitutionalAuthorityStatementText>
    <billNumber>65</billNumber>
    <calendarNumbers />
    <originChamber>House</originChamber>
    <version>1.0.0</version>
    <subjects>
      <billSubjects>
        <policyArea>
          <name>Government Operations and Politics</name>
        </policyArea>
        <legislativeSubjects>
          <item>
            <name>Constitution and constitutional amendments</name>
          </item>
          <item>
            <name>Elections, voting, political campaign regulation</name>
          </item>
          <item>
            <name>Presidents and presidential powers, Vice Presidents</name>
          </item>
        </legislativeSubjects>
      </billSubjects>
    </subjects>
    <cosponsors>
      <item>
        <lastName>Boyle</lastName>
        <sponsorshipDate>2017-02-07</sponsorshipDate>
        <bioguideId>B001296</bioguideId>
        <middleName>F.</middleName>
        <identifiers>
          <lisID>2267</lisID>
          <bioguideId>B001296</bioguideId>
          <gpoId />
        </identifiers>
        <district>13</district>
        <party>D</party>
        <state>PA</state>
        <firstName>Brendan</firstName>
        <sponsorshipWithdrawnDate />
        <isOriginalCosponsor>True</isOriginalCosponsor>
        <fullName>Rep. Boyle, Brendan F. [D-PA-13]</fullName>
      </item>
      <item>
        <lastName>Brownley</lastName>
        <sponsorshipDate>2017-02-07</sponsorshipDate>
        <bioguideId>B001285</bioguideId>
        <middleName />
        <identifiers>
          <bioguideId>B001285</bioguideId>
          <lisID>2106</lisID>
          <gpoId />
        </identifiers>
        <district>26</district>
        <party>D</party>
        <state>CA</state>
        <firstName>Julia</firstName>
        <sponsorshipWithdrawnDate />
        <isOriginalCosponsor>True</isOriginalCosponsor>
        <fullName>Rep. Brownley, Julia [D-CA-26]</fullName>
      </item>
      <item>
        <lastName>Cicilline</lastName>
        <sponsorshipDate>2017-02-07</sponsorshipDate>
        <bioguideId>C001084</bioguideId>
        <middleName>N.</middleName>
        <identifiers>
          <gpoId>8139</gpoId>
          <bioguideId>C001084</bioguideId>
          <lisID>2055</lisID>
        </identifiers>
        <district>1</district>
        <party>D</party>
        <state>RI</state>
        <firstName>David</firstName>
        <sponsorshipWithdrawnDate />
        <isOriginalCosponsor>True</isOriginalCosponsor>
        <fullName>Rep. Cicilline, David N. [D-RI-1]</fullName>
      </item>
      <item>
        <lastName>Cohen</lastName>
        <sponsorshipDate>2017-02-07</sponsorshipDate>
        <bioguideId>C001068</bioguideId>
        <middleName />
        <identifiers>
          <lisID>1878</lisID>
          <bioguideId>C001068</bioguideId>
          <gpoId>8156</gpoId>
        </identifiers>
        <district>9</district>
        <party>D</party>
        <state>TN</state>
        <firstName>Steve</firstName>
        <sponsorshipWithdrawnDate />
        <isOriginalCosponsor>True</isOriginalCosponsor>
        <fullName>Rep. Cohen, Steve [D-TN-9]</fullName>
      </item>
      <item>
        <lastName>Garamendi</lastName>
        <sponsorshipDate>2017-02-07</sponsorshipDate>
        <bioguideId>G000559</bioguideId>
        <middleName />
        <identifiers>
          <bioguideId>G000559</bioguideId>
          <lisID>1973</lisID>
          <gpoId>7815</gpoId>
        </identifiers>
        <district>3</district>
        <party>D</party>
        <state>CA</state>
        <firstName>John</firstName>
        <sponsorshipWithdrawnDate />
        <isOriginalCosponsor>True</isOriginalCosponsor>
        <fullName>Rep. Garamendi, John [D-CA-3]</fullName>
      </item>
      <item>
        <lastName>Green</lastName>
        <sponsorshipDate>2017-02-07</sponsorshipDate>
        <bioguideId>G000553</bioguideId>
        <middleName />
        <identifiers>
          <lisID>1803</lisID>
          <bioguideId>G000553</bioguideId>
          <gpoId>8165</gpoId>
        </identifiers>
        <district>9</district>
        <party>D</party>
        <state>TX</state>
        <firstName>Al</firstName>
        <sponsorshipWithdrawnDate />
        <isOriginalCosponsor>True</isOriginalCosponsor>
        <fullName>Rep. Green, Al [D-TX-9]</fullName>
      </item>
      <item>
        <lastName>Lieu</lastName>
        <sponsorshipDate>2017-02-07</sponsorshipDate>
        <bioguideId>L000582</bioguideId>
        <middleName />
        <identifiers>
          <lisID>2230</lisID>
          <bioguideId>L000582</bioguideId>
          <gpoId />
        </identifiers>
        <district>33</district>
        <party>D</party>
        <state>CA</state>
        <firstName>Ted</firstName>
        <sponsorshipWithdrawnDate />
        <isOriginalCosponsor>True</isOriginalCosponsor>
        <fullName>Rep. Lieu, Ted [D-CA-33]</fullName>
      </item>
      <item>
        <lastName>MCGOVERN</lastName>
        <sponsorshipDate>2017-02-07</sponsorshipDate>
        <bioguideId>M000312</bioguideId>
        <middleName>P.</middleName>
        <identifiers>
          <lisID>1504</lisID>
          <gpoId>7968</gpoId>
          <bioguideId>M000312</bioguideId>
        </identifiers>
        <district>2</district>
        <party>D</party>
        <state>MA</state>
        <firstName>JAMES</firstName>
        <sponsorshipWithdrawnDate />
        <isOriginalCosponsor>True</isOriginalCosponsor>
        <fullName>Rep. McGovern, James P. [D-MA-2]</fullName>
      </item>
      <item>
        <lastName>SCHAKOWSKY</lastName>
        <sponsorshipDate>2017-02-07</sponsorshipDate>
        <bioguideId>S001145</bioguideId>
        <middleName>D.</middleName>
        <identifiers>
          <gpoId>7929</gpoId>
          <bioguideId>S001145</bioguideId>
          <lisID>1588</lisID>
        </identifiers>
        <district>9</district>
        <party>D</party>
        <state>IL</state>
        <firstName>JANICE</firstName>
        <sponsorshipWithdrawnDate />
        <isOriginalCosponsor>True</isOriginalCosponsor>
        <fullName>Rep. Schakowsky, Janice D. [D-IL-9]</fullName>
      </item>
      <item>
        <lastName>Swalwell</lastName>
        <sponsorshipDate>2017-02-07</sponsorshipDate>
        <bioguideId>S001193</bioguideId>
        <middleName />
        <identifiers>
          <lisID>2104</lisID>
          <bioguideId>S001193</bioguideId>
          <gpoId />
        </identifiers>
        <district>15</district>
        <party>D</party>
        <state>CA</state>
        <firstName>Eric</firstName>
        <sponsorshipWithdrawnDate />
        <isOriginalCosponsor>True</isOriginalCosponsor>
        <fullName>Rep. Swalwell, Eric [D-CA-15]</fullName>
      </item>
      <item>
        <lastName>Vela</lastName>
        <sponsorshipDate>2017-02-07</sponsorshipDate>
        <bioguideId>V000132</bioguideId>
        <middleName />
        <identifiers>
          <bioguideId>V000132</bioguideId>
          <lisID>2167</lisID>
          <gpoId />
        </identifiers>
        <district>34</district>
        <party>D</party>
        <state>TX</state>
        <firstName>Filemon</firstName>
        <sponsorshipWithdrawnDate />
        <isOriginalCosponsor>True</isOriginalCosponsor>
        <fullName>Rep. Vela, Filemon [D-TX-34]</fullName>
      </item>
      <item>
        <lastName>Courtney</lastName>
        <sponsorshipDate>2017-02-07</sponsorshipDate>
        <bioguideId>C001069</bioguideId>
        <middleName />
        <identifiers>
          <gpoId>7867</gpoId>
          <lisID>1836</lisID>
          <bioguideId>C001069</bioguideId>
        </identifiers>
        <district>2</district>
        <party>D</party>
        <state>CT</state>
        <firstName>Joe</firstName>
        <sponsorshipWithdrawnDate />
        <isOriginalCosponsor>True</isOriginalCosponsor>
        <fullName>Rep. Courtney, Joe [D-CT-2]</fullName>
      </item>
      <item>
        <lastName>Clarke</lastName>
        <sponsorshipDate>2017-02-07</sponsorshipDate>
        <bioguideId>C001067</bioguideId>
        <middleName>D.</middleName>
        <identifiers>
          <lisID>1864</lisID>
          <bioguideId>C001067</bioguideId>
          <gpoId>8072</gpoId>
        </identifiers>
        <district>9</district>
        <party>D</party>
        <state>NY</state>
        <firstName>Yvette</firstName>
        <sponsorshipWithdrawnDate />
        <isOriginalCosponsor>True</isOriginalCosponsor>
        <fullName>Rep. Clarke, Yvette D. [D-NY-9]</fullName>
      </item>
      <item>
        <lastName>Ellison</lastName>
        <sponsorshipDate>2017-02-07</sponsorshipDate>
        <bioguideId>E000288</bioguideId>
        <middleName />
        <identifiers>
          <bioguideId>E000288</bioguideId>
          <gpoId>8005</gpoId>
          <lisID>1857</lisID>
        </identifiers>
        <district>5</district>
        <party>D</party>
        <state>MN</state>
        <firstName>Keith</firstName>
        <sponsorshipWithdrawnDate />
        <isOriginalCosponsor>True</isOriginalCosponsor>
        <fullName>Rep. Ellison, Keith [D-MN-5]</fullName>
      </item>
      <item>
        <lastName>Huffman</lastName>
        <sponsorshipDate>2017-02-07</sponsorshipDate>
        <bioguideId>H001068</bioguideId>
        <middleName />
        <identifiers>
          <bioguideId>H001068</bioguideId>
          <lisID>2101</lisID>
          <gpoId />
        </identifiers>
        <district>2</district>
        <party>D</party>
        <state>CA</state>
        <firstName>Jared</firstName>
        <sponsorshipWithdrawnDate />
        <isOriginalCosponsor>True</isOriginalCosponsor>
        <fullName>Rep. Huffman, Jared [D-CA-2]</fullName>
      </item>
      <item>
        <lastName>Pocan</lastName>
        <sponsorshipDate>2017-02-07</sponsorshipDate>
        <bioguideId>P000607</bioguideId>
        <middleName />
        <identifiers>
          <lisID>2171</lisID>
          <gpoId />
          <bioguideId>P000607</bioguideId>
        </identifiers>
        <district>2</district>
        <party>D</party>
        <state>WI</state>
        <firstName>Mark</firstName>
        <sponsorshipWithdrawnDate />
        <isOriginalCosponsor>True</isOriginalCosponsor>
        <fullName>Rep. Pocan, Mark [D-WI-2]</fullName>
      </item>
      <item>
        <lastName>SERRANO</lastName>
        <sponsorshipDate>2017-02-07</sponsorshipDate>
        <bioguideId>S000248</bioguideId>
        <middleName>E.</middleName>
        <identifiers>
          <bioguideId>S000248</bioguideId>
          <lisID>1042</lisID>
          <gpoId>8077</gpoId>
        </identifiers>
        <district>15</district>
        <party>D</party>
        <state>NY</state>
        <firstName>JOSE</firstName>
        <sponsorshipWithdrawnDate />
        <isOriginalCosponsor>True</isOriginalCosponsor>
        <fullName>Rep. Serrano, Jose E. [D-NY-15]</fullName>
      </item>
      <item>
        <lastName>SHERMAN</lastName>
        <sponsorshipDate>2017-02-07</sponsorshipDate>
        <bioguideId>S000344</bioguideId>
        <middleName />
        <identifiers>
          <lisID>1526</lisID>
          <bioguideId>S000344</bioguideId>
          <gpoId>7832</gpoId>
        </identifiers>
        <district>30</district>
        <party>D</party>
        <state>CA</state>
        <firstName>BRAD</firstName>
        <sponsorshipWithdrawnDate />
        <isOriginalCosponsor>True</isOriginalCosponsor>
        <fullName>Rep. Sherman, Brad [D-CA-30]</fullName>
      </item>
      <item>
        <lastName>Vargas</lastName>
        <sponsorshipDate>2017-02-07</sponsorshipDate>
        <bioguideId>V000130</bioguideId>
        <middleName />
        <identifiers>
          <bioguideId>V000130</bioguideId>
          <lisID>2112</lisID>
          <gpoId />
        </identifiers>
        <district>51</district>
        <party>D</party>
        <state>CA</state>
        <firstName>Juan</firstName>
        <sponsorshipWithdrawnDate />
        <isOriginalCosponsor>True</isOriginalCosponsor>
        <fullName>Rep. Vargas, Juan [D-CA-51]</fullName>
      </item>
      <item>
        <lastName>Espaillat</lastName>
        <sponsorshipDate>2017-02-07</sponsorshipDate>
        <bioguideId>E000297</bioguideId>
        <middleName />
        <identifiers>
          <gpoId />
          <bioguideId>E000297</bioguideId>
          <lisID>2342</lisID>
        </identifiers>
        <district>13</district>
        <party>D</party>
        <state>NY</state>
        <firstName>Adriano</firstName>
        <sponsorshipWithdrawnDate />
        <isOriginalCosponsor>True</isOriginalCosponsor>
        <fullName>Rep. Espaillat, Adriano [D-NY-13]</fullName>
      </item>
      <item>
        <lastName>DEFAZIO</lastName>
        <sponsorshipDate>2017-02-07</sponsorshipDate>
        <bioguideId>D000191</bioguideId>
        <middleName>A.</middleName>
        <identifiers>
          <bioguideId>D000191</bioguideId>
          <gpoId>8117</gpoId>
          <lisID>279</lisID>
        </identifiers>
        <district>4</district>
        <party>D</party>
        <state>OR</state>
        <firstName>PETER</firstName>
        <sponsorshipWithdrawnDate />
        <isOriginalCosponsor>True</isOriginalCosponsor>
        <fullName>Rep. DeFazio, Peter A. [D-OR-4]</fullName>
      </item>
      <item>
        <lastName>Kildee</lastName>
        <sponsorshipDate>2017-02-14</sponsorshipDate>
        <bioguideId>K000380</bioguideId>
        <middleName>T.</middleName>
        <identifiers>
          <bioguideId>K000380</bioguideId>
          <lisID>2134</lisID>
          <gpoId />
        </identifiers>
        <district>5</district>
        <party>D</party>
        <state>MI</state>
        <firstName>Daniel</firstName>
        <sponsorshipWithdrawnDate />
        <isOriginalCosponsor>False</isOriginalCosponsor>
        <fullName>Rep. Kildee, Daniel T. [D-MI-5]</fullName>
      </item>
      <item>
        <lastName>Soto</lastName>
        <sponsorshipDate>2017-02-14</sponsorshipDate>
        <bioguideId>S001200</bioguideId>
        <middleName />
        <identifiers>
          <lisID>2319</lisID>
          <bioguideId>S001200</bioguideId>
          <gpoId />
        </identifiers>
        <district>9</district>
        <party>D</party>
        <state>FL</state>
        <firstName>Darren</firstName>
        <sponsorshipWithdrawnDate />
        <isOriginalCosponsor>False</isOriginalCosponsor>
        <fullName>Rep. Soto, Darren [D-FL-9]</fullName>
      </item>
      <item>
        <lastName>Lowenthal</lastName>
        <sponsorshipDate>2017-11-07</sponsorshipDate>
        <bioguideId>L000579</bioguideId>
        <middleName>S.</middleName>
        <identifiers>
          <lisID>2111</lisID>
          <bioguideId>L000579</bioguideId>
          <gpoId />
        </identifiers>
        <district>47</district>
        <party>D</party>
        <state>CA</state>
        <firstName>Alan</firstName>
        <sponsorshipWithdrawnDate />
        <isOriginalCosponsor>False</isOriginalCosponsor>
        <fullName>Rep. Lowenthal, Alan S. [D-CA-47]</fullName>
      </item>
    </cosponsors>
    <latestAction>
      <text>Referred to the Subcommittee on the Constitution and Civil Justice.</text>
      <links />
      <actionDate>2017-02-14</actionDate>
    </latestAction>
    <laws />
    <notes />
    <createDate>2017-02-08T04:45:55Z</createDate>
    <billType>HJRES</billType>
    <updateDate>2018-02-06T16:40:10Z</updateDate>
    <relatedBills>
      <item>
        <relationshipDetails>
          <item>
            <identifiedBy>CRS</identifiedBy>
            <type>Related bill</type>
          </item>
        </relationshipDetails>
        <latestAction>
          <actionDate>2017-01-11</actionDate>
          <text>Referred to the Subcommittee on the Constitution and Civil Justice.</text>
        </latestAction>
        <type>HJRES</type>
        <number>19</number>
        <latestTitle>Proposing an amendment to the Constitution of the United States to abolish the electoral college and to provide for the direct election of the President and Vice President of the United States.</latestTitle>
        <congress>115</congress>
      </item>
    </relatedBills>
    <cboCostEstimates />
    <introducedDate>2017-02-07</introducedDate>
    <amendments />
    <policyArea>
      <name>Government Operations and Politics</name>
    </policyArea>
    <recordedVotes />
    <congress>115</congress>
    <committees>
      <billCommittees>
        <item>
          <chamber>House</chamber>
          <name>Judiciary Committee</name>
          <systemCode>hsju00</systemCode>
          <type>Standing</type>
          <subcommittees>
            <item>
              <systemCode>hsju10</systemCode>
              <name>Constitution and Civil Justice Subcommittee</name>
              <activities>
                <item>
                  <name>Referred to</name>
                  <date>2017-02-14T14:48:21Z</date>
                </item>
              </activities>
            </item>
          </subcommittees>
          <activities>
            <item>
              <name>Referred to</name>
              <date>2017-02-07T15:09:15Z</date>
            </item>
          </activities>
        </item>
      </billCommittees>
    </committees>
  </bill>
  <dublinCore xmlns:dc="http://purl.org/dc/elements/1.1/">
    <dc:format>text/xml</dc:format>
    <dc:language>EN</dc:language>
    <dc:rights>Pursuant to Title 17 Section 105 of the United States Code, this file is not subject to copyright protection and is in the public domain.</dc:rights>
    <dc:contributor>Congressional Research Service, Library of Congress</dc:contributor>
    <dc:description>This file contains bill summaries and statuses for federal legislation. A bill summary describes the most significant provisions of a piece of legislation and details the effects the legislative text may have on current law and federal programs. Bill summaries are authored by the Congressional Research Service (CRS) of the Library of Congress. As stated in Public Law 91-510 (2 USC 166 (d)(6)), one of the duties of CRS is "to prepare summaries and digests of bills and resolutions of a public general nature introduced in the Senate or House of Representatives". For more information, refer to the User Guide that accompanies this file.</dc:description>
  </dublinCore>
</billStatus>

