<?xml version="1.0" encoding="UTF-8"?>
<billStatus>
  <bill>
    <policyArea>
      <name>Government Operations and Politics</name>
    </policyArea>
    <committeeReports />
    <congress>115</congress>
    <sponsors>
      <item>
        <identifiers>
          <bioguideId>J000174</bioguideId>
          <lisID>603</lisID>
          <gpoId>8159</gpoId>
        </identifiers>
        <district>3</district>
        <middleName />
        <byRequestType />
        <fullName>Rep. Johnson, Sam [R-TX-3]</fullName>
        <bioguideId>J000174</bioguideId>
        <state>TX</state>
        <party>R</party>
        <firstName>SAM</firstName>
        <lastName>JOHNSON</lastName>
      </item>
    </sponsors>
    <calendarNumbers />
    <amendments />
    <relatedBills>
      <item>
        <congress>115</congress>
        <latestAction>
          <actionDate>2017-04-19</actionDate>
          <text>Became Public Law No: 115-29.</text>
        </latestAction>
        <type>SJRES</type>
        <latestTitle>A joint resolution providing for the appointment of Roger W. Ferguson as a citizen regent of the Board of Regents of the Smithsonian Institution.</latestTitle>
        <number>36</number>
        <relationshipDetails>
          <item>
            <type>Identical bill</type>
            <identifiedBy>CRS</identifiedBy>
          </item>
        </relationshipDetails>
      </item>
    </relatedBills>
    <notes />
    <originChamber>House</originChamber>
    <version>1.0.0</version>
    <billNumber>80</billNumber>
    <title>Providing for the appointment of Roger W. Ferguson as a citizen regent of the Board of Regents of the Smithsonian Institution.</title>
    <cosponsors>
      <item>
        <isOriginalCosponsor>True</isOriginalCosponsor>
        <firstName>Tom</firstName>
        <party>R</party>
        <sponsorshipDate>2017-02-16</sponsorshipDate>
        <lastName>Cole</lastName>
        <bioguideId>C001053</bioguideId>
        <middleName />
        <identifiers>
          <bioguideId>C001053</bioguideId>
          <gpoId>8112</gpoId>
          <lisID>1742</lisID>
        </identifiers>
        <fullName>Rep. Cole, Tom [R-OK-4]</fullName>
        <state>OK</state>
        <district>4</district>
        <sponsorshipWithdrawnDate />
      </item>
      <item>
        <isOriginalCosponsor>True</isOriginalCosponsor>
        <firstName>Doris</firstName>
        <party>D</party>
        <sponsorshipDate>2017-02-16</sponsorshipDate>
        <lastName>Matsui</lastName>
        <bioguideId>M001163</bioguideId>
        <middleName>O.</middleName>
        <identifiers>
          <lisID>1814</lisID>
          <bioguideId>M001163</bioguideId>
          <gpoId>7810</gpoId>
        </identifiers>
        <fullName>Rep. Matsui, Doris O. [D-CA-6]</fullName>
        <state>CA</state>
        <district>6</district>
        <sponsorshipWithdrawnDate />
      </item>
    </cosponsors>
    <subjects>
      <billSubjects>
        <legislativeSubjects>
          <item>
            <name>Federal officials</name>
          </item>
          <item>
            <name>Museums, exhibitions, cultural centers</name>
          </item>
          <item>
            <name>Smithsonian Institution</name>
          </item>
        </legislativeSubjects>
        <policyArea>
          <name>Government Operations and Politics</name>
        </policyArea>
      </billSubjects>
    </subjects>
    <constitutionalAuthorityStatementText><![CDATA[<pre>From the Congressional Record Online through the Government Publishing Office [<a href='http://www.gpo.gov'>www.gpo.gov</a>]By Mr. SAM JOHNSON of Texas:H.J. Res. 80.Congress has the power to enact this legislation pursuantto the following:Article 1, Section 8, Clause 17, giving Congress exclusivejurisdiction over the District of Columbia. That clause wascited as the authority for the government's ability to acceptthe original Smithson donation and the creation of theSmithsonian Institution via the Act of August 10, 1846.Article 1, Section 8, Clause 18, the Necessary and Properclause, which provides the power to enact legislationnecessary to effectuate one of the earlier enumerated powers,such as the authority granted in Clause 17 above.[Page H1306]</pre>]]></constitutionalAuthorityStatementText>
    <laws />
    <actions>
      <actionByCounts>
        <houseOfRepresentatives>3</houseOfRepresentatives>
      </actionByCounts>
      <actionTypeCounts>
        <introducedInTheHouse>1</introducedInTheHouse>
        <billReferrals>1</billReferrals>
        <introducedInHouse>1</introducedInHouse>
      </actionTypeCounts>
      <item>
        <sourceSystem>
          <name>House floor actions</name>
          <code>2</code>
        </sourceSystem>
        <actionDate>2017-02-16</actionDate>
        <text>Referred to the House Committee on House Administration.</text>
        <type>IntroReferral</type>
        <links />
        <committee>
          <systemCode>hsha00</systemCode>
          <name>House Administration Committee</name>
        </committee>
        <actionCode>H11100</actionCode>
      </item>
      <item>
        <sourceSystem>
          <name>Library of Congress</name>
          <code>9</code>
        </sourceSystem>
        <actionDate>2017-02-16</actionDate>
        <text>Introduced in House</text>
        <type>IntroReferral</type>
        <links />
        <committee />
        <actionCode>Intro-H</actionCode>
      </item>
      <item>
        <sourceSystem>
          <name>Library of Congress</name>
          <code>9</code>
        </sourceSystem>
        <actionDate>2017-02-16</actionDate>
        <text>Introduced in House</text>
        <type>IntroReferral</type>
        <links />
        <committee />
        <actionCode>1000</actionCode>
      </item>
    </actions>
    <titles>
      <item>
        <titleType>Official Title as Introduced</titleType>
        <title>Providing for the appointment of Roger W. Ferguson as a citizen regent of the Board of Regents of the Smithsonian Institution.</title>
        <chamberCode />
        <parentTitleType />
        <chamberName />
      </item>
      <item>
        <titleType>Display Title</titleType>
        <title>Providing for the appointment of Roger W. Ferguson as a citizen regent of the Board of Regents of the Smithsonian Institution.</title>
        <chamberCode />
        <parentTitleType />
        <chamberName />
      </item>
    </titles>
    <summaries>
      <billSummaries>
        <item>
          <text><![CDATA[<p>This joint resolution appoints Roger W. Ferguson as a citizen regent of the Board of Regents of the Smithsonian Institution. </p>]]></text>
          <name>Introduced in House</name>
          <lastSummaryUpdateDate>2017-04-12T18:18:48Z</lastSummaryUpdateDate>
          <versionCode>00</versionCode>
          <actionDesc>Introduced in House</actionDesc>
          <updateDate>2017-02-16T05:00:00Z</updateDate>
          <actionDate>2017-02-16</actionDate>
        </item>
      </billSummaries>
    </summaries>
    <committees>
      <billCommittees>
        <item>
          <systemCode>hsha00</systemCode>
          <chamber>House</chamber>
          <type>Standing</type>
          <activities>
            <item>
              <name>Referred to</name>
              <date>2017-02-16T15:01:45Z</date>
            </item>
          </activities>
          <name>House Administration Committee</name>
          <subcommittees />
        </item>
      </billCommittees>
    </committees>
    <introducedDate>2017-02-16</introducedDate>
    <updateDate>2018-02-06T16:40:11Z</updateDate>
    <cboCostEstimates />
    <recordedVotes />
    <billType>HJRES</billType>
    <createDate>2017-02-17T04:46:08Z</createDate>
    <latestAction>
      <text>Referred to the House Committee on House Administration.</text>
      <links />
      <actionDate>2017-02-16</actionDate>
    </latestAction>
  </bill>
  <dublinCore xmlns:dc="http://purl.org/dc/elements/1.1/">
    <dc:format>text/xml</dc:format>
    <dc:language>EN</dc:language>
    <dc:rights>Pursuant to Title 17 Section 105 of the United States Code, this file is not subject to copyright protection and is in the public domain.</dc:rights>
    <dc:contributor>Congressional Research Service, Library of Congress</dc:contributor>
    <dc:description>This file contains bill summaries and statuses for federal legislation. A bill summary describes the most significant provisions of a piece of legislation and details the effects the legislative text may have on current law and federal programs. Bill summaries are authored by the Congressional Research Service (CRS) of the Library of Congress. As stated in Public Law 91-510 (2 USC 166 (d)(6)), one of the duties of CRS is "to prepare summaries and digests of bills and resolutions of a public general nature introduced in the Senate or House of Representatives". For more information, refer to the User Guide that accompanies this file.</dc:description>
  </dublinCore>
</billStatus>

