<?xml version="1.0" encoding="UTF-8"?>
<billStatus>
  <bill>
    <sponsors>
      <item>
        <fullName>Rep. Coffman, Mike [R-CO-6]</fullName>
        <lastName>Coffman</lastName>
        <bioguideId>C001077</bioguideId>
        <party>R</party>
        <middleName />
        <state>CO</state>
        <firstName>Mike</firstName>
        <district>6</district>
        <byRequestType />
        <identifiers>
          <lisID>1912</lisID>
          <bioguideId>C001077</bioguideId>
          <gpoId>7864</gpoId>
        </identifiers>
      </item>
    </sponsors>
    <laws />
    <version>1.0.0</version>
    <introducedDate>2017-10-12</introducedDate>
    <cboCostEstimates />
    <titles>
      <item>
        <chamberName />
        <parentTitleType />
        <chamberCode />
        <titleType>Short Titles as Introduced</titleType>
        <title>Authorization for Use of Military Force Against al-Qaeda, the Taliban, and the Islamic State of Iraq and Syria</title>
      </item>
      <item>
        <chamberName />
        <parentTitleType />
        <chamberCode />
        <titleType>Official Title as Introduced</titleType>
        <title>Authorizing the use of United States Armed Forces against al-Qaeda, the Taliban, and the Islamic State of Iraq and Syria, and any associated persons engaged in hostilities against the United States, and for other purposes.</title>
      </item>
      <item>
        <chamberName />
        <parentTitleType />
        <chamberCode />
        <titleType>Display Title</titleType>
        <title>Authorization for Use of Military Force Against al-Qaeda, the Taliban, and the Islamic State of Iraq and Syria</title>
      </item>
      <item>
        <chamberName />
        <parentTitleType />
        <chamberCode />
        <titleType>(Extracted from GPO) Short Titles as Introduced</titleType>
        <title>Authorization for Use of Military Force Against al-Qaeda, the Taliban, and the Islamic State of Iraq and Syria</title>
      </item>
    </titles>
    <amendments />
    <recordedVotes />
    <relatedBills>
      <item>
        <latestTitle>Authorization for Use of Military Force Against al-Qaeda, the Taliban, and the Islamic State of Iraq and Syria</latestTitle>
        <number>31</number>
        <latestAction>
          <actionDate>2017-03-02</actionDate>
          <text>Read twice and referred to the Committee on Foreign Relations.</text>
        </latestAction>
        <congress>115</congress>
        <relationshipDetails>
          <item>
            <identifiedBy>CRS</identifiedBy>
            <type>Related bill</type>
          </item>
        </relationshipDetails>
        <type>SJRES</type>
      </item>
      <item>
        <latestTitle>Authorization for Use of Military Force Against al-Qaeda, the Taliban, and the Islamic State of Iraq and Syria</latestTitle>
        <number>43</number>
        <latestAction>
          <actionDate>2017-05-25</actionDate>
          <text>Read twice and referred to the Committee on Foreign Relations.</text>
        </latestAction>
        <congress>115</congress>
        <relationshipDetails>
          <item>
            <identifiedBy>CRS</identifiedBy>
            <type>Related bill</type>
          </item>
        </relationshipDetails>
        <type>SJRES</type>
      </item>
    </relatedBills>
    <constitutionalAuthorityStatementText><![CDATA[<pre>From the Congressional Record Online through the Government Publishing Office [<a href='http://www.gpo.gov'>www.gpo.gov</a>]By Mr. POSEY:H.R. 4002.Congress has the power to enact this legislation pursuantto the following:This bill is enacted pursuant to the power granted toCongress under Article I, Section 8, Clause 18 of the UnitedStates Constitution.[Page H7918]</pre>]]></constitutionalAuthorityStatementText>
    <billType>HJRES</billType>
    <actions>
      <actionByCounts>
        <houseOfRepresentatives>3</houseOfRepresentatives>
      </actionByCounts>
      <actionTypeCounts>
        <introducedInTheHouse>1</introducedInTheHouse>
        <billReferrals>1</billReferrals>
        <introducedInHouse>1</introducedInHouse>
      </actionTypeCounts>
      <item>
        <sourceSystem>
          <name>House floor actions</name>
          <code>2</code>
        </sourceSystem>
        <actionDate>2017-10-12</actionDate>
        <text>Referred to the House Committee on Foreign Affairs.</text>
        <type>IntroReferral</type>
        <links />
        <committee>
          <systemCode>hsfa00</systemCode>
          <name>Foreign Affairs Committee</name>
        </committee>
        <actionCode>H11100</actionCode>
      </item>
      <item>
        <sourceSystem>
          <name>Library of Congress</name>
          <code>9</code>
        </sourceSystem>
        <actionDate>2017-10-12</actionDate>
        <text>Introduced in House</text>
        <type>IntroReferral</type>
        <links />
        <committee />
        <actionCode>Intro-H</actionCode>
      </item>
      <item>
        <sourceSystem>
          <name>Library of Congress</name>
          <code>9</code>
        </sourceSystem>
        <actionDate>2017-10-12</actionDate>
        <text>Introduced in House</text>
        <type>IntroReferral</type>
        <links />
        <committee />
        <actionCode>1000</actionCode>
      </item>
    </actions>
    <notes />
    <originChamber>House</originChamber>
    <congress>115</congress>
    <subjects>
      <billSubjects>
        <legislativeSubjects>
          <item>
            <name>Afghanistan</name>
          </item>
          <item>
            <name>Asia</name>
          </item>
          <item>
            <name>Conflicts and wars</name>
          </item>
          <item>
            <name>Congressional oversight</name>
          </item>
          <item>
            <name>Iraq</name>
          </item>
          <item>
            <name>Middle East</name>
          </item>
          <item>
            <name>Military operations and strategy</name>
          </item>
          <item>
            <name>Presidents and presidential powers, Vice Presidents</name>
          </item>
          <item>
            <name>Syria</name>
          </item>
          <item>
            <name>Terrorism</name>
          </item>
          <item>
            <name>War and emergency powers</name>
          </item>
        </legislativeSubjects>
        <policyArea>
          <name>International Affairs</name>
        </policyArea>
      </billSubjects>
    </subjects>
    <billNumber>118</billNumber>
    <cosponsors>
      <item>
        <isOriginalCosponsor>True</isOriginalCosponsor>
        <middleName />
        <sponsorshipDate>2017-10-12</sponsorshipDate>
        <firstName>Ruben</firstName>
        <party>D</party>
        <identifiers>
          <gpoId />
          <lisID>2226</lisID>
          <bioguideId>G000574</bioguideId>
        </identifiers>
        <district>7</district>
        <sponsorshipWithdrawnDate />
        <fullName>Rep. Gallego, Ruben [D-AZ-7]</fullName>
        <bioguideId>G000574</bioguideId>
        <lastName>Gallego</lastName>
        <state>AZ</state>
      </item>
      <item>
        <isOriginalCosponsor>True</isOriginalCosponsor>
        <middleName />
        <sponsorshipDate>2017-10-12</sponsorshipDate>
        <firstName>Don</firstName>
        <party>R</party>
        <identifiers>
          <lisID>2337</lisID>
          <bioguideId>B001298</bioguideId>
          <gpoId />
        </identifiers>
        <district>2</district>
        <sponsorshipWithdrawnDate />
        <fullName>Rep. Bacon, Don [R-NE-2]</fullName>
        <bioguideId>B001298</bioguideId>
        <lastName>Bacon</lastName>
        <state>NE</state>
      </item>
      <item>
        <isOriginalCosponsor>True</isOriginalCosponsor>
        <middleName />
        <sponsorshipDate>2017-10-12</sponsorshipDate>
        <firstName>Jimmy</firstName>
        <party>D</party>
        <identifiers>
          <bioguideId>P000613</bioguideId>
          <lisID>2309</lisID>
          <gpoId />
        </identifiers>
        <district>20</district>
        <sponsorshipWithdrawnDate />
        <fullName>Rep. Panetta, Jimmy [D-CA-20]</fullName>
        <bioguideId>P000613</bioguideId>
        <lastName>Panetta</lastName>
        <state>CA</state>
      </item>
      <item>
        <isOriginalCosponsor>False</isOriginalCosponsor>
        <middleName />
        <sponsorshipDate>2017-10-19</sponsorshipDate>
        <firstName>Ken</firstName>
        <party>R</party>
        <identifiers>
          <lisID>2233</lisID>
          <bioguideId>B001297</bioguideId>
          <gpoId />
        </identifiers>
        <district>4</district>
        <sponsorshipWithdrawnDate />
        <fullName>Rep. Buck, Ken [R-CO-4]</fullName>
        <bioguideId>B001297</bioguideId>
        <lastName>Buck</lastName>
        <state>CO</state>
      </item>
      <item>
        <isOriginalCosponsor>False</isOriginalCosponsor>
        <middleName />
        <sponsorshipDate>2017-11-01</sponsorshipDate>
        <firstName>Bradley</firstName>
        <party>R</party>
        <identifiers>
          <lisID>2197</lisID>
          <bioguideId>B001289</bioguideId>
          <gpoId />
        </identifiers>
        <district>1</district>
        <sponsorshipWithdrawnDate />
        <fullName>Rep. Byrne, Bradley [R-AL-1]</fullName>
        <bioguideId>B001289</bioguideId>
        <lastName>Byrne</lastName>
        <state>AL</state>
      </item>
      <item>
        <isOriginalCosponsor>False</isOriginalCosponsor>
        <middleName />
        <sponsorshipDate>2017-11-02</sponsorshipDate>
        <firstName>Jackie</firstName>
        <party>D</party>
        <identifiers>
          <bioguideId>S001175</bioguideId>
          <lisID>1890</lisID>
          <gpoId>7817</gpoId>
        </identifiers>
        <district>14</district>
        <sponsorshipWithdrawnDate />
        <fullName>Rep. Speier, Jackie [D-CA-14]</fullName>
        <bioguideId>S001175</bioguideId>
        <lastName>Speier</lastName>
        <state>CA</state>
      </item>
    </cosponsors>
    <summaries>
      <billSummaries>
        <item>
          <versionCode>00</versionCode>
          <updateDate>2017-10-12T04:00:00Z</updateDate>
          <actionDesc>Introduced in House</actionDesc>
          <lastSummaryUpdateDate>2018-01-08T15:02:48Z</lastSummaryUpdateDate>
          <actionDate>2017-10-12</actionDate>
          <name>Introduced in House</name>
          <text><![CDATA[<p><strong>Authorization for Use of Military Force Against al-Qaeda, the Taliban, and the Islamic State of Iraq and Syria</strong></p> <p>This joint resolution: (1) authorizes the President, for the next five years, to use all necessary and appropriate force to prevent any future acts of international terrorism against the United States by al-Qaeda, the Taliban, the Islamic State of Iraq and the Levant (ISIL), or any person, other than a sovereign nation, that is a part of or substantially supports any such group and that has engaged in hostilities against the United States, the U.S. Armed Forces, or civilian personnel supporting the U.S. Armed Forces; and (2) is intended to constitute specific statutory authorization to introduce U.S. Armed Forces into hostilities or into situations wherein involvement in hostilities is clearly indicated by the circumstances, within the meaning of the War Powers Resolution.</p> <p>The President must report to Congress every 90 days describing actions taken pursuant to such authorization.</p> <p>The bill repeals: (1) the 2001 Authorization for Use of Military Force, and (2) the Authorization for Use of Military Force Against Iraq Resolution of 2002.</p>]]></text>
        </item>
      </billSummaries>
    </summaries>
    <policyArea>
      <name>International Affairs</name>
    </policyArea>
    <latestAction>
      <links />
      <actionDate>2017-10-12</actionDate>
      <text>Referred to the House Committee on Foreign Affairs.</text>
    </latestAction>
    <updateDate>2018-02-06T16:40:13Z</updateDate>
    <committees>
      <billCommittees>
        <item>
          <subcommittees />
          <type>Standing</type>
          <systemCode>hsfa00</systemCode>
          <activities>
            <item>
              <name>Referred to</name>
              <date>2017-10-12T14:01:05Z</date>
            </item>
          </activities>
          <name>Foreign Affairs Committee</name>
          <chamber>House</chamber>
        </item>
      </billCommittees>
    </committees>
    <createDate>2017-10-13T03:11:17Z</createDate>
    <title>Authorization for Use of Military Force Against al-Qaeda, the Taliban, and the Islamic State of Iraq and Syria</title>
    <committeeReports />
    <calendarNumbers />
  </bill>
  <dublinCore xmlns:dc="http://purl.org/dc/elements/1.1/">
    <dc:format>text/xml</dc:format>
    <dc:language>EN</dc:language>
    <dc:rights>Pursuant to Title 17 Section 105 of the United States Code, this file is not subject to copyright protection and is in the public domain.</dc:rights>
    <dc:contributor>Congressional Research Service, Library of Congress</dc:contributor>
    <dc:description>This file contains bill summaries and statuses for federal legislation. A bill summary describes the most significant provisions of a piece of legislation and details the effects the legislative text may have on current law and federal programs. Bill summaries are authored by the Congressional Research Service (CRS) of the Library of Congress. As stated in Public Law 91-510 (2 USC 166 (d)(6)), one of the duties of CRS is "to prepare summaries and digests of bills and resolutions of a public general nature introduced in the Senate or House of Representatives". For more information, refer to the User Guide that accompanies this file.</dc:description>
  </dublinCore>
</billStatus>

