<?xml version="1.0" encoding="UTF-8"?>
<billStatus>
  <bill>
    <sponsors>
      <item>
        <fullName>Rep. Schiff, Adam B. [D-CA-28]</fullName>
        <lastName>SCHIFF</lastName>
        <bioguideId>S001150</bioguideId>
        <party>D</party>
        <middleName>B.</middleName>
        <state>CA</state>
        <firstName>ADAM</firstName>
        <district>28</district>
        <byRequestType />
        <identifiers>
          <bioguideId>S001150</bioguideId>
          <gpoId>7834</gpoId>
          <lisID>1635</lisID>
        </identifiers>
      </item>
    </sponsors>
    <laws />
    <version>1.0.0</version>
    <introducedDate>2017-04-27</introducedDate>
    <cboCostEstimates />
    <titles>
      <item>
        <titleType>Short Titles as Introduced</titleType>
        <title>Consolidated Authorization for Use of Military Force Resolution of 2017</title>
        <chamberCode />
        <parentTitleType />
        <chamberName />
      </item>
      <item>
        <titleType>Official Title as Introduced</titleType>
        <title>To authorize the use of United States Armed Forces against al Qaeda, the Islamic State of Iraq and the Levant (ISIL), and the Afghan Taliban.</title>
        <chamberCode />
        <parentTitleType />
        <chamberName />
      </item>
      <item>
        <titleType>Display Title</titleType>
        <title>Consolidated Authorization for Use of Military Force Resolution of 2017</title>
        <chamberCode />
        <parentTitleType />
        <chamberName />
      </item>
    </titles>
    <amendments />
    <recordedVotes />
    <relatedBills />
    <constitutionalAuthorityStatementText />
    <billType>HJRES</billType>
    <actions>
      <actionByCounts>
        <houseOfRepresentatives>5</houseOfRepresentatives>
      </actionByCounts>
      <actionTypeCounts>
        <introducedInTheHouse>1</introducedInTheHouse>
        <billReferralsAggregate>1</billReferralsAggregate>
        <billReferrals>2</billReferrals>
        <introducedInHouse>1</introducedInHouse>
      </actionTypeCounts>
      <item>
        <text>Referred to House Rules</text>
        <links />
        <sourceSystem>
          <code>2</code>
          <name>House floor actions</name>
        </sourceSystem>
        <actionCode>H11100</actionCode>
        <type>IntroReferral</type>
        <committee>
          <name>Rules Committee</name>
          <systemCode>hsru00</systemCode>
        </committee>
        <actionDate>2017-04-27</actionDate>
      </item>
      <item>
        <text>Referred to House Foreign Affairs</text>
        <links />
        <sourceSystem>
          <code>2</code>
          <name>House floor actions</name>
        </sourceSystem>
        <actionCode>H11100</actionCode>
        <type>IntroReferral</type>
        <committee>
          <name>Foreign Affairs Committee</name>
          <systemCode>hsfa00</systemCode>
        </committee>
        <actionDate>2017-04-27</actionDate>
      </item>
      <item>
        <text>Referred to the Committee on Foreign Affairs, and in addition to the Committee on Rules, for a period to be subsequently determined by the Speaker, in each case for consideration of such provisions as fall within the jurisdiction of the committee concerned.</text>
        <links />
        <sourceSystem>
          <code>9</code>
          <name>Library of Congress</name>
        </sourceSystem>
        <actionCode>H11100-A</actionCode>
        <type>IntroReferral</type>
        <committee />
        <actionDate>2017-04-27</actionDate>
      </item>
      <item>
        <text>Introduced in House</text>
        <links />
        <sourceSystem>
          <code>9</code>
          <name>Library of Congress</name>
        </sourceSystem>
        <actionCode>Intro-H</actionCode>
        <type>IntroReferral</type>
        <committee />
        <actionDate>2017-04-27</actionDate>
      </item>
      <item>
        <text>Introduced in House</text>
        <links />
        <sourceSystem>
          <code>9</code>
          <name>Library of Congress</name>
        </sourceSystem>
        <actionCode>1000</actionCode>
        <type>IntroReferral</type>
        <committee />
        <actionDate>2017-04-27</actionDate>
      </item>
    </actions>
    <notes />
    <originChamber>House</originChamber>
    <congress>115</congress>
    <subjects>
      <billSubjects>
        <legislativeSubjects>
          <item>
            <name>Afghanistan</name>
          </item>
          <item>
            <name>Asia</name>
          </item>
          <item>
            <name>Congressional oversight</name>
          </item>
          <item>
            <name>Congressional-executive branch relations</name>
          </item>
          <item>
            <name>Iraq</name>
          </item>
          <item>
            <name>Middle East</name>
          </item>
          <item>
            <name>Military operations and strategy</name>
          </item>
          <item>
            <name>Presidents and presidential powers, Vice Presidents</name>
          </item>
          <item>
            <name>Terrorism</name>
          </item>
          <item>
            <name>War and emergency powers</name>
          </item>
        </legislativeSubjects>
        <policyArea>
          <name>International Affairs</name>
        </policyArea>
      </billSubjects>
    </subjects>
    <billNumber>100</billNumber>
    <cosponsors>
      <item>
        <bioguideId>C001072</bioguideId>
        <district>7</district>
        <isOriginalCosponsor>True</isOriginalCosponsor>
        <sponsorshipWithdrawnDate />
        <lastName>Carson</lastName>
        <state>IN</state>
        <fullName>Rep. Carson, Andre [D-IN-7]</fullName>
        <sponsorshipDate>2017-04-27</sponsorshipDate>
        <middleName />
        <firstName>Andre</firstName>
        <party>D</party>
        <identifiers>
          <bioguideId>C001072</bioguideId>
          <gpoId>7946</gpoId>
          <lisID>1889</lisID>
        </identifiers>
      </item>
      <item>
        <bioguideId>C001066</bioguideId>
        <district>14</district>
        <isOriginalCosponsor>True</isOriginalCosponsor>
        <sponsorshipWithdrawnDate />
        <lastName>Castor</lastName>
        <state>FL</state>
        <fullName>Rep. Castor, Kathy [D-FL-14]</fullName>
        <sponsorshipDate>2017-04-27</sponsorshipDate>
        <middleName />
        <firstName>Kathy</firstName>
        <party>D</party>
        <identifiers>
          <lisID>1839</lisID>
          <gpoId>7883</gpoId>
          <bioguideId>C001066</bioguideId>
        </identifiers>
      </item>
      <item>
        <bioguideId>E000296</bioguideId>
        <district>2</district>
        <isOriginalCosponsor>True</isOriginalCosponsor>
        <sponsorshipWithdrawnDate />
        <lastName>Evans</lastName>
        <state>PA</state>
        <fullName>Rep. Evans, Dwight [D-PA-2]</fullName>
        <sponsorshipDate>2017-04-27</sponsorshipDate>
        <middleName />
        <firstName>Dwight</firstName>
        <party>D</party>
        <identifiers>
          <lisID>2298</lisID>
          <bioguideId>E000296</bioguideId>
          <gpoId />
        </identifiers>
      </item>
      <item>
        <bioguideId>H001050</bioguideId>
        <district>1</district>
        <isOriginalCosponsor>True</isOriginalCosponsor>
        <sponsorshipWithdrawnDate />
        <lastName>Hanabusa</lastName>
        <state>HI</state>
        <fullName>Rep. Hanabusa, Colleen [D-HI-1]</fullName>
        <sponsorshipDate>2017-04-27</sponsorshipDate>
        <middleName />
        <firstName>Colleen</firstName>
        <party>D</party>
        <identifiers>
          <lisID>2010</lisID>
          <bioguideId>H001050</bioguideId>
          <gpoId>7912</gpoId>
        </identifiers>
      </item>
      <item>
        <bioguideId>H000324</bioguideId>
        <district>20</district>
        <isOriginalCosponsor>True</isOriginalCosponsor>
        <sponsorshipWithdrawnDate />
        <lastName>HASTINGS</lastName>
        <state>FL</state>
        <fullName>Rep. Hastings, Alcee L. [D-FL-20]</fullName>
        <sponsorshipDate>2017-04-27</sponsorshipDate>
        <middleName>L.</middleName>
        <firstName>ALCEE</firstName>
        <party>D</party>
        <identifiers>
          <bioguideId>H000324</bioguideId>
          <lisID>511</lisID>
          <gpoId>7895</gpoId>
        </identifiers>
      </item>
      <item>
        <bioguideId>L000579</bioguideId>
        <district>47</district>
        <isOriginalCosponsor>True</isOriginalCosponsor>
        <sponsorshipWithdrawnDate />
        <lastName>Lowenthal</lastName>
        <state>CA</state>
        <fullName>Rep. Lowenthal, Alan S. [D-CA-47]</fullName>
        <sponsorshipDate>2017-04-27</sponsorshipDate>
        <middleName>S.</middleName>
        <firstName>Alan</firstName>
        <party>D</party>
        <identifiers>
          <lisID>2111</lisID>
          <bioguideId>L000579</bioguideId>
          <gpoId />
        </identifiers>
      </item>
      <item>
        <bioguideId>M001196</bioguideId>
        <district>6</district>
        <isOriginalCosponsor>True</isOriginalCosponsor>
        <sponsorshipWithdrawnDate />
        <lastName>Moulton</lastName>
        <state>MA</state>
        <fullName>Rep. Moulton, Seth [D-MA-6]</fullName>
        <sponsorshipDate>2017-04-27</sponsorshipDate>
        <middleName />
        <firstName>Seth</firstName>
        <party>D</party>
        <identifiers>
          <lisID>2246</lisID>
          <bioguideId>M001196</bioguideId>
          <gpoId />
        </identifiers>
      </item>
      <item>
        <bioguideId>P000607</bioguideId>
        <district>2</district>
        <isOriginalCosponsor>True</isOriginalCosponsor>
        <sponsorshipWithdrawnDate />
        <lastName>Pocan</lastName>
        <state>WI</state>
        <fullName>Rep. Pocan, Mark [D-WI-2]</fullName>
        <sponsorshipDate>2017-04-27</sponsorshipDate>
        <middleName />
        <firstName>Mark</firstName>
        <party>D</party>
        <identifiers>
          <lisID>2171</lisID>
          <gpoId />
          <bioguideId>P000607</bioguideId>
        </identifiers>
      </item>
      <item>
        <bioguideId>W000799</bioguideId>
        <district>1</district>
        <isOriginalCosponsor>True</isOriginalCosponsor>
        <sponsorshipWithdrawnDate />
        <lastName>Walz</lastName>
        <state>MN</state>
        <fullName>Rep. Walz, Timothy J. [D-MN-1]</fullName>
        <sponsorshipDate>2017-04-27</sponsorshipDate>
        <middleName>J.</middleName>
        <firstName>Timothy</firstName>
        <party>D</party>
        <identifiers>
          <gpoId>8001</gpoId>
          <lisID>1856</lisID>
          <bioguideId>W000799</bioguideId>
        </identifiers>
      </item>
      <item>
        <bioguideId>S000051</bioguideId>
        <district>1</district>
        <isOriginalCosponsor>False</isOriginalCosponsor>
        <sponsorshipWithdrawnDate />
        <lastName>Sanford</lastName>
        <state>SC</state>
        <fullName>Rep. Sanford, Mark [R-SC-1]</fullName>
        <sponsorshipDate>2017-05-18</sponsorshipDate>
        <middleName />
        <firstName>Mark</firstName>
        <party>R</party>
        <identifiers>
          <lisID>1012</lisID>
          <bioguideId>S000051</bioguideId>
          <gpoId />
        </identifiers>
      </item>
      <item>
        <bioguideId>N000188</bioguideId>
        <district>1</district>
        <isOriginalCosponsor>False</isOriginalCosponsor>
        <sponsorshipWithdrawnDate />
        <lastName>Norcross</lastName>
        <state>NJ</state>
        <fullName>Rep. Norcross, Donald [D-NJ-1]</fullName>
        <sponsorshipDate>2017-07-12</sponsorshipDate>
        <middleName />
        <firstName>Donald</firstName>
        <party>D</party>
        <identifiers>
          <lisID>2202</lisID>
          <gpoId />
          <bioguideId>N000188</bioguideId>
        </identifiers>
      </item>
      <item>
        <bioguideId>M001202</bioguideId>
        <district>7</district>
        <isOriginalCosponsor>False</isOriginalCosponsor>
        <sponsorshipWithdrawnDate />
        <lastName>Murphy</lastName>
        <state>FL</state>
        <fullName>Rep. Murphy, Stephanie N. [D-FL-7]</fullName>
        <sponsorshipDate>2017-07-12</sponsorshipDate>
        <middleName>N.</middleName>
        <firstName>Stephanie</firstName>
        <party>D</party>
        <identifiers>
          <gpoId />
          <bioguideId>M001202</bioguideId>
          <lisID>2318</lisID>
        </identifiers>
      </item>
    </cosponsors>
    <summaries>
      <billSummaries>
        <item>
          <text><![CDATA[<p><b>Consolidated Authorization for Use of Military Force Resolution of 2017</b></p> <p>This joint resolution authorizes the President, for three years, to use all necessary and appropriate force to protect U.S. national security against Al Qaeda, the Islamic State of Iraq and the Levant (ISIL), the Afghan Taliban, and any associated organized and armed group that is a co-belligerent against the United States. </p> <p>Congress declares that this authorization is intended to constitute specific statutory authorization under the War Powers Resolution and that nothing in this joint resolution supersedes any requirement of such resolution.</p> <p>The President shall: (1) submit to Congress and publish in the Federal Register at least every 90 days a list of entities (including their locations) against which such authority has been exercised. If the President exercises such authority to deploy ground forces in a combat role, the President shall notify Congress at the earliest possible date after such deployment consistent with U.S. national security interests.</p> <p>A joint resolution introduced on or after such notification that provides for modification or repeal of a deployment authority shall be considered to be in accordance with applicable procedures under the War Powers Resolution. </p> <p>Specified prior authorizations for the use of military force are repealed. </p> </p>]]></text>
          <actionDate>2017-04-27</actionDate>
          <updateDate>2017-04-27T04:00:00Z</updateDate>
          <lastSummaryUpdateDate>2017-08-14T19:15:18Z</lastSummaryUpdateDate>
          <name>Introduced in House</name>
          <actionDesc>Introduced in House</actionDesc>
          <versionCode>00</versionCode>
        </item>
      </billSummaries>
    </summaries>
    <policyArea>
      <name>International Affairs</name>
    </policyArea>
    <latestAction>
      <links />
      <actionDate>2017-04-27</actionDate>
      <text>Referred to House Rules</text>
    </latestAction>
    <updateDate>2018-02-06T16:40:12Z</updateDate>
    <committees>
      <billCommittees>
        <item>
          <chamber>House</chamber>
          <name>Rules Committee</name>
          <systemCode>hsru00</systemCode>
          <activities>
            <item>
              <date>2017-04-27T14:02:25Z</date>
              <name>Referred to</name>
            </item>
          </activities>
          <type>Standing</type>
          <subcommittees />
        </item>
        <item>
          <chamber>House</chamber>
          <name>Foreign Affairs Committee</name>
          <systemCode>hsfa00</systemCode>
          <activities>
            <item>
              <date>2017-04-27T14:02:20Z</date>
              <name>Referred to</name>
            </item>
          </activities>
          <type>Standing</type>
          <subcommittees />
        </item>
      </billCommittees>
    </committees>
    <createDate>2017-04-28T03:11:41Z</createDate>
    <title>Consolidated Authorization for Use of Military Force Resolution of 2017</title>
    <committeeReports />
    <calendarNumbers />
  </bill>
  <dublinCore xmlns:dc="http://purl.org/dc/elements/1.1/">
    <dc:format>text/xml</dc:format>
    <dc:language>EN</dc:language>
    <dc:rights>Pursuant to Title 17 Section 105 of the United States Code, this file is not subject to copyright protection and is in the public domain.</dc:rights>
    <dc:contributor>Congressional Research Service, Library of Congress</dc:contributor>
    <dc:description>This file contains bill summaries and statuses for federal legislation. A bill summary describes the most significant provisions of a piece of legislation and details the effects the legislative text may have on current law and federal programs. Bill summaries are authored by the Congressional Research Service (CRS) of the Library of Congress. As stated in Public Law 91-510 (2 USC 166 (d)(6)), one of the duties of CRS is "to prepare summaries and digests of bills and resolutions of a public general nature introduced in the Senate or House of Representatives". For more information, refer to the User Guide that accompanies this file.</dc:description>
  </dublinCore>
</billStatus>

