<?xml version="1.0" encoding="UTF-8"?>
<billStatus>
  <bill>
    <policyArea>
      <name>Congress</name>
    </policyArea>
    <introducedDate>2017-03-01</introducedDate>
    <cosponsors>
      <item>
        <isOriginalCosponsor>True</isOriginalCosponsor>
        <fullName>Rep. Johnson, Mike [R-LA-4]</fullName>
        <middleName />
        <sponsorshipDate>2017-03-01</sponsorshipDate>
        <bioguideId>J000299</bioguideId>
        <lastName>Johnson</lastName>
        <party>R</party>
        <district>4</district>
        <firstName>Mike</firstName>
        <state>LA</state>
        <identifiers>
          <lisID>2330</lisID>
          <bioguideId>J000299</bioguideId>
          <gpoId />
        </identifiers>
        <sponsorshipWithdrawnDate />
      </item>
      <item>
        <isOriginalCosponsor>False</isOriginalCosponsor>
        <fullName>Rep. Taylor, Scott [R-VA-2]</fullName>
        <middleName />
        <sponsorshipDate>2017-03-13</sponsorshipDate>
        <bioguideId>T000477</bioguideId>
        <lastName>Taylor</lastName>
        <party>R</party>
        <district>2</district>
        <firstName>Scott</firstName>
        <state>VA</state>
        <identifiers>
          <gpoId />
          <lisID>2351</lisID>
          <bioguideId>T000477</bioguideId>
        </identifiers>
        <sponsorshipWithdrawnDate />
      </item>
      <item>
        <isOriginalCosponsor>False</isOriginalCosponsor>
        <fullName>Rep. Bacon, Don [R-NE-2]</fullName>
        <middleName />
        <sponsorshipDate>2017-03-13</sponsorshipDate>
        <bioguideId>B001298</bioguideId>
        <lastName>Bacon</lastName>
        <party>R</party>
        <district>2</district>
        <firstName>Don</firstName>
        <state>NE</state>
        <identifiers>
          <lisID>2337</lisID>
          <bioguideId>B001298</bioguideId>
          <gpoId />
        </identifiers>
        <sponsorshipWithdrawnDate>2017-04-06</sponsorshipWithdrawnDate>
      </item>
      <item>
        <isOriginalCosponsor>False</isOriginalCosponsor>
        <fullName>Rep. Mast, Brian J. [R-FL-18]</fullName>
        <middleName>J.</middleName>
        <sponsorshipDate>2017-03-16</sponsorshipDate>
        <bioguideId>M001199</bioguideId>
        <lastName>Mast</lastName>
        <party>R</party>
        <district>18</district>
        <firstName>Brian</firstName>
        <state>FL</state>
        <identifiers>
          <lisID>2322</lisID>
          <gpoId />
          <bioguideId>M001199</bioguideId>
        </identifiers>
        <sponsorshipWithdrawnDate />
      </item>
      <item>
        <isOriginalCosponsor>False</isOriginalCosponsor>
        <fullName>Rep. Tenney, Claudia [R-NY-22]</fullName>
        <middleName />
        <sponsorshipDate>2017-04-17</sponsorshipDate>
        <bioguideId>T000478</bioguideId>
        <lastName>Tenney</lastName>
        <party>R</party>
        <district>22</district>
        <firstName>Claudia</firstName>
        <state>NY</state>
        <identifiers>
          <lisID>2344</lisID>
          <bioguideId>T000478</bioguideId>
          <gpoId />
        </identifiers>
        <sponsorshipWithdrawnDate />
      </item>
      <item>
        <isOriginalCosponsor>False</isOriginalCosponsor>
        <fullName>Rep. Hollingsworth, Trey [R-IN-9]</fullName>
        <middleName />
        <sponsorshipDate>2017-06-06</sponsorshipDate>
        <bioguideId>H001074</bioguideId>
        <lastName>Hollingsworth</lastName>
        <party>R</party>
        <district>9</district>
        <firstName>Trey</firstName>
        <state>IN</state>
        <identifiers>
          <gpoId />
          <bioguideId>H001074</bioguideId>
          <lisID>2327</lisID>
        </identifiers>
        <sponsorshipWithdrawnDate />
      </item>
      <item>
        <isOriginalCosponsor>False</isOriginalCosponsor>
        <fullName>Rep. Fitzpatrick, Brian K. [R-PA-8]</fullName>
        <middleName>K.</middleName>
        <sponsorshipDate>2017-09-13</sponsorshipDate>
        <bioguideId>F000466</bioguideId>
        <lastName>Fitzpatrick</lastName>
        <party>R</party>
        <district>8</district>
        <firstName>Brian</firstName>
        <state>PA</state>
        <identifiers>
          <lisID>2345</lisID>
          <gpoId />
          <bioguideId>F000466</bioguideId>
        </identifiers>
        <sponsorshipWithdrawnDate />
      </item>
    </cosponsors>
    <titles>
      <item>
        <chamberName />
        <parentTitleType />
        <chamberCode />
        <titleType>Official Title as Introduced</titleType>
        <title>Proposing an amendment to the Constitution of the United States limiting the number of terms Senators and Representatives may serve.</title>
      </item>
      <item>
        <chamberName />
        <parentTitleType />
        <chamberCode />
        <titleType>Display Title</titleType>
        <title>Proposing an amendment to the Constitution of the United States limiting the number of terms Senators and Representatives may serve.</title>
      </item>
    </titles>
    <congress>115</congress>
    <recordedVotes />
    <amendments />
    <laws />
    <cboCostEstimates />
    <actions>
      <actionTypeCounts>
        <placeholderTextForH>1</placeholderTextForH>
        <introducedInTheHouse>1</introducedInTheHouse>
        <introducedInHouse>1</introducedInHouse>
        <billReferrals>1</billReferrals>
      </actionTypeCounts>
      <item>
        <actionDate>2017-03-16</actionDate>
        <committee>
          <systemCode>hsju10</systemCode>
          <name>Constitution and Civil Justice Subcommittee</name>
        </committee>
        <links />
        <sourceSystem>
          <name>House committee actions</name>
          <code>1</code>
        </sourceSystem>
        <text>Referred to the Subcommittee on the Constitution and Civil Justice.</text>
        <type>Committee</type>
      </item>
      <item>
        <text>Referred to the House Committee on the Judiciary.</text>
        <links />
        <actionDate>2017-03-01</actionDate>
        <committee>
          <systemCode>hsju00</systemCode>
          <name>Judiciary Committee</name>
        </committee>
        <sourceSystem>
          <name>House floor actions</name>
          <code>2</code>
        </sourceSystem>
        <type>IntroReferral</type>
        <actionCode>H11100</actionCode>
      </item>
      <item>
        <text>Introduced in House</text>
        <links />
        <actionDate>2017-03-01</actionDate>
        <committee />
        <sourceSystem>
          <name>Library of Congress</name>
          <code>9</code>
        </sourceSystem>
        <type>IntroReferral</type>
        <actionCode>Intro-H</actionCode>
      </item>
      <item>
        <text>Introduced in House</text>
        <links />
        <actionDate>2017-03-01</actionDate>
        <committee />
        <sourceSystem>
          <name>Library of Congress</name>
          <code>9</code>
        </sourceSystem>
        <type>IntroReferral</type>
        <actionCode>1000</actionCode>
      </item>
      <actionByCounts>
        <houseOfRepresentatives>4</houseOfRepresentatives>
      </actionByCounts>
    </actions>
    <updateDate>2018-02-06T16:40:11Z</updateDate>
    <summaries>
      <billSummaries>
        <item>
          <versionCode>00</versionCode>
          <updateDate>2017-03-01T05:00:00Z</updateDate>
          <actionDesc>Introduced in House</actionDesc>
          <lastSummaryUpdateDate>2017-05-01T22:06:17Z</lastSummaryUpdateDate>
          <actionDate>2017-03-01</actionDate>
          <name>Introduced in House</name>
          <text><![CDATA[<p><b>Constitutional Amendment</b></p> <p>This joint resolution proposes a constitutional amendment limiting Members of the House of Representatives to six terms and Members of the Senate to two terms.</p> <p>This article shall not apply to any person who served as a Representative or as a Senator before the 115th Congress.</p>]]></text>
        </item>
      </billSummaries>
    </summaries>
    <title>Proposing an amendment to the Constitution of the United States limiting the number of terms Senators and Representatives may serve.</title>
    <calendarNumbers />
    <originChamber>House</originChamber>
    <constitutionalAuthorityStatementText><![CDATA[<pre>From the Congressional Record Online through the Government Publishing Office [<a href='http://www.gpo.gov'>www.gpo.gov</a>]By Mr. GALLAGHER:H.J. Res. 85.Congress has the power to enact this legislation pursuantto the following:Article V: ``The Congress, whenever two thirds of bothhouses shall deem it necessary, shall propose amendments tothis Constitution, or, on the application of the legislaturesof two thirds of several states, shall call a convention forproposing amendments, which, in either case, shall be validto all intents and purposes, as part of this Constitution,when ratified by the legislatures of three fourths of theseveral states, or by conventions in three fourths thereof,as the one or the other mode of ratification may be proposedby the Congress; provided that no amendment which may be madeprior to the year one thousand eight hundred and eight shallin any manner affect the first and fourth clauses in theninth section of the first article; and that no state,without its consent, shall be deprived of its equal suffragein the Senate.''____________________[Page H1465]</pre>]]></constitutionalAuthorityStatementText>
    <notes />
    <billType>HJRES</billType>
    <committees>
      <billCommittees>
        <item>
          <systemCode>hsju00</systemCode>
          <chamber>House</chamber>
          <type>Standing</type>
          <activities>
            <item>
              <name>Referred to</name>
              <date>2017-03-01T15:02:50Z</date>
            </item>
          </activities>
          <name>Judiciary Committee</name>
          <subcommittees>
            <item>
              <systemCode>hsju10</systemCode>
              <name>Constitution and Civil Justice Subcommittee</name>
              <activities>
                <item>
                  <name>Referred to</name>
                  <date>2017-03-16T15:27:23Z</date>
                </item>
              </activities>
            </item>
          </subcommittees>
        </item>
      </billCommittees>
    </committees>
    <latestAction>
      <text>Referred to the Subcommittee on the Constitution and Civil Justice.</text>
      <actionDate>2017-03-16</actionDate>
      <links />
    </latestAction>
    <committeeReports />
    <billNumber>85</billNumber>
    <sponsors>
      <item>
        <byRequestType />
        <state>WI</state>
        <bioguideId>G000579</bioguideId>
        <identifiers>
          <lisID>2355</lisID>
          <gpoId />
          <bioguideId>G000579</bioguideId>
        </identifiers>
        <fullName>Rep. Gallagher, Mike [R-WI-8]</fullName>
        <district>8</district>
        <lastName>Gallagher</lastName>
        <firstName>Mike</firstName>
        <middleName />
        <party>R</party>
      </item>
    </sponsors>
    <subjects>
      <billSubjects>
        <legislativeSubjects>
          <item>
            <name>Congressional elections</name>
          </item>
          <item>
            <name>Constitution and constitutional amendments</name>
          </item>
          <item>
            <name>House of Representatives</name>
          </item>
          <item>
            <name>Members of Congress</name>
          </item>
          <item>
            <name>Senate</name>
          </item>
        </legislativeSubjects>
        <policyArea>
          <name>Congress</name>
        </policyArea>
      </billSubjects>
    </subjects>
    <createDate>2017-03-02T05:13:44Z</createDate>
    <version>1.0.0</version>
    <relatedBills />
  </bill>
  <dublinCore xmlns:dc="http://purl.org/dc/elements/1.1/">
    <dc:format>text/xml</dc:format>
    <dc:language>EN</dc:language>
    <dc:rights>Pursuant to Title 17 Section 105 of the United States Code, this file is not subject to copyright protection and is in the public domain.</dc:rights>
    <dc:contributor>Congressional Research Service, Library of Congress</dc:contributor>
    <dc:description>This file contains bill summaries and statuses for federal legislation. A bill summary describes the most significant provisions of a piece of legislation and details the effects the legislative text may have on current law and federal programs. Bill summaries are authored by the Congressional Research Service (CRS) of the Library of Congress. As stated in Public Law 91-510 (2 USC 166 (d)(6)), one of the duties of CRS is "to prepare summaries and digests of bills and resolutions of a public general nature introduced in the Senate or House of Representatives". For more information, refer to the User Guide that accompanies this file.</dc:description>
  </dublinCore>
</billStatus>

