<?xml version="1.0" encoding="UTF-8"?>
<billStatus>
  <bill>
    <amendments />
    <createDate>2017-03-11T04:50:58Z</createDate>
    <notes />
    <relatedBills>
      <item>
        <latestTitle>A joint resolution providing for congressional disapproval under chapter 8 of title 5, United States Code, of the rule submitted by the Environmental Protection Agency relating to "Approval, Disapproval and Promulgation of Air Quality Implementation Plans; Partial Approval and Partial Disapproval of Air Quality Implementation Plans and Federal Implementation Plan; Utah; Revisions to Regional Haze State Implementation Plan; Federal Implementation Plan for Regional Haze".</latestTitle>
        <type>SJRES</type>
        <relationshipDetails>
          <item>
            <type>Identical bill</type>
            <identifiedBy>CRS</identifiedBy>
          </item>
        </relationshipDetails>
        <latestAction>
          <text>Read twice and referred to the Committee on Environment and Public Works. (Sponsor introductory remarks on measure: CR S1781)</text>
          <actionDate>2017-03-13</actionDate>
        </latestAction>
        <congress>115</congress>
        <number>38</number>
      </item>
    </relatedBills>
    <sponsors>
      <item>
        <lastName>Chaffetz</lastName>
        <firstName>Jason</firstName>
        <fullName>Rep. Chaffetz, Jason [R-UT-3]</fullName>
        <state>UT</state>
        <byRequestType />
        <party>R</party>
        <identifiers>
          <bioguideId>C001076</bioguideId>
          <gpoId>8191</gpoId>
          <lisID>1956</lisID>
        </identifiers>
        <district>3</district>
        <bioguideId>C001076</bioguideId>
        <middleName />
      </item>
    </sponsors>
    <originChamber>House</originChamber>
    <constitutionalAuthorityStatementText><![CDATA[<pre>From the Congressional Record Online through the Government Publishing Office [<a href='http://www.gpo.gov'>www.gpo.gov</a>]By Mr. CHAFFETZ:H.J. Res. 87.Congress has the power to enact this legislation pursuantto the following:Article 1, Section 1 and Article I, Section 8, clause 18[Page H2053]</pre>]]></constitutionalAuthorityStatementText>
    <committees>
      <billCommittees>
        <item>
          <type>Standing</type>
          <name>Energy and Commerce Committee</name>
          <chamber>House</chamber>
          <systemCode>hsif00</systemCode>
          <activities>
            <item>
              <date>2017-03-10T14:00:10Z</date>
              <name>Referred to</name>
            </item>
          </activities>
          <subcommittees>
            <item>
              <systemCode>hsif18</systemCode>
              <activities>
                <item>
                  <date>2017-03-17T17:38:04Z</date>
                  <name>Referred to</name>
                </item>
              </activities>
              <name>Environment and the Economy Subcommittee</name>
            </item>
          </subcommittees>
        </item>
      </billCommittees>
    </committees>
    <version>1.0.0</version>
    <calendarNumbers />
    <introducedDate>2017-03-10</introducedDate>
    <summaries>
      <billSummaries>
        <item>
          <actionDate>2017-03-10</actionDate>
          <name>Introduced in House</name>
          <versionCode>00</versionCode>
          <actionDesc>Introduced in House</actionDesc>
          <lastSummaryUpdateDate>2017-05-24T17:10:48Z</lastSummaryUpdateDate>
          <text><![CDATA[<p>This joint resolution nullifies the rule issued by the Environmental Protection Agency on July 5, 2016, relating to a revised state implementation plan for regional haze that was submitted by Utah under the Clean Air Act.</p>]]></text>
          <updateDate>2017-03-10T05:00:00Z</updateDate>
        </item>
      </billSummaries>
    </summaries>
    <cosponsors>
      <item>
        <party>R</party>
        <fullName>Rep. Bishop, Rob [R-UT-1]</fullName>
        <identifiers>
          <bioguideId>B001250</bioguideId>
          <lisID>1753</lisID>
          <gpoId>8189</gpoId>
        </identifiers>
        <lastName>Bishop</lastName>
        <sponsorshipWithdrawnDate />
        <sponsorshipDate>2017-03-10</sponsorshipDate>
        <bioguideId>B001250</bioguideId>
        <isOriginalCosponsor>True</isOriginalCosponsor>
        <state>UT</state>
        <firstName>Rob</firstName>
        <middleName />
        <district>1</district>
      </item>
      <item>
        <party>R</party>
        <fullName>Rep. Stewart, Chris [R-UT-2]</fullName>
        <identifiers>
          <bioguideId>S001192</bioguideId>
          <lisID>2168</lisID>
          <gpoId />
        </identifiers>
        <lastName>Stewart</lastName>
        <sponsorshipWithdrawnDate />
        <sponsorshipDate>2017-03-10</sponsorshipDate>
        <bioguideId>S001192</bioguideId>
        <isOriginalCosponsor>True</isOriginalCosponsor>
        <state>UT</state>
        <firstName>Chris</firstName>
        <middleName />
        <district>2</district>
      </item>
      <item>
        <party>R</party>
        <fullName>Rep. Love, Mia B. [R-UT-4]</fullName>
        <identifiers>
          <bioguideId>L000584</bioguideId>
          <lisID>2271</lisID>
          <gpoId />
        </identifiers>
        <lastName>Love</lastName>
        <sponsorshipWithdrawnDate />
        <sponsorshipDate>2017-03-10</sponsorshipDate>
        <bioguideId>L000584</bioguideId>
        <isOriginalCosponsor>True</isOriginalCosponsor>
        <state>UT</state>
        <firstName>Mia</firstName>
        <middleName>B.</middleName>
        <district>4</district>
      </item>
    </cosponsors>
    <recordedVotes />
    <laws />
    <committeeReports />
    <policyArea>
      <name>Environmental Protection</name>
    </policyArea>
    <billNumber>87</billNumber>
    <title>Providing for congressional disapproval under chapter 8 of title 5, United States Code, of the rule submitted by the Environmental Protection Agency relating to "Approval, Disapproval and Promulgation of Air Quality Implementation Plans; Partial Approval and Partial Disapproval of Air Quality Implementation Plans and Federal Implementation Plan; Utah; Revisions to Regional Haze State Implementation Plan; Federal Implementation Plan for Regional Haze".</title>
    <subjects>
      <billSubjects>
        <legislativeSubjects>
          <item>
            <name>Administrative law and regulatory procedures</name>
          </item>
          <item>
            <name>Air quality</name>
          </item>
          <item>
            <name>Congressional oversight</name>
          </item>
          <item>
            <name>Environmental Protection Agency (EPA)</name>
          </item>
          <item>
            <name>Environmental regulatory procedures</name>
          </item>
          <item>
            <name>Utah</name>
          </item>
        </legislativeSubjects>
        <policyArea>
          <name>Environmental Protection</name>
        </policyArea>
      </billSubjects>
    </subjects>
    <billType>HJRES</billType>
    <actions>
      <actionByCounts>
        <houseOfRepresentatives>4</houseOfRepresentatives>
      </actionByCounts>
      <item>
        <actionDate>2017-03-17</actionDate>
        <committee>
          <systemCode>hsif18</systemCode>
          <name>Environment and the Economy Subcommittee</name>
        </committee>
        <links />
        <sourceSystem>
          <code>1</code>
          <name>House committee actions</name>
        </sourceSystem>
        <text>Referred to the Subcommittee on Environment.</text>
        <type>Committee</type>
      </item>
      <item>
        <actionDate>2017-03-10</actionDate>
        <text>Referred to the House Committee on Energy and Commerce.</text>
        <sourceSystem>
          <code>2</code>
          <name>House floor actions</name>
        </sourceSystem>
        <committee>
          <systemCode>hsif00</systemCode>
          <name>Energy and Commerce Committee</name>
        </committee>
        <type>IntroReferral</type>
        <actionCode>H11100</actionCode>
        <links />
      </item>
      <item>
        <actionDate>2017-03-10</actionDate>
        <text>Introduced in House</text>
        <sourceSystem>
          <code>9</code>
          <name>Library of Congress</name>
        </sourceSystem>
        <committee />
        <type>IntroReferral</type>
        <actionCode>Intro-H</actionCode>
        <links />
      </item>
      <item>
        <actionDate>2017-03-10</actionDate>
        <text>Introduced in House</text>
        <sourceSystem>
          <code>9</code>
          <name>Library of Congress</name>
        </sourceSystem>
        <committee />
        <type>IntroReferral</type>
        <actionCode>1000</actionCode>
        <links />
      </item>
      <actionTypeCounts>
        <billReferrals>1</billReferrals>
        <introducedInTheHouse>1</introducedInTheHouse>
        <placeholderTextForH>1</placeholderTextForH>
        <introducedInHouse>1</introducedInHouse>
      </actionTypeCounts>
    </actions>
    <cboCostEstimates />
    <congress>115</congress>
    <titles>
      <item>
        <chamberName />
        <title>Providing for congressional disapproval under chapter 8 of title 5, United States Code, of the rule submitted by the Environmental Protection Agency relating to "Approval, Disapproval and Promulgation of Air Quality Implementation Plans; Partial Approval and Partial Disapproval of Air Quality Implementation Plans and Federal Implementation Plan; Utah; Revisions to Regional Haze State Implementation Plan; Federal Implementation Plan for Regional Haze".</title>
        <titleType>Official Title as Introduced</titleType>
        <chamberCode />
        <parentTitleType />
      </item>
      <item>
        <chamberName />
        <title>Providing for congressional disapproval under chapter 8 of title 5, United States Code, of the rule submitted by the Environmental Protection Agency relating to "Approval, Disapproval and Promulgation of Air Quality Implementation Plans; Partial Approval and Partial Disapproval of Air Quality Implementation Plans and Federal Implementation Plan; Utah; Revisions to Regional Haze State Implementation Plan; Federal Implementation Plan for Regional Haze".</title>
        <titleType>Display Title</titleType>
        <chamberCode />
        <parentTitleType />
      </item>
    </titles>
    <updateDate>2018-02-22T15:28:20Z</updateDate>
    <latestAction>
      <text>Referred to the Subcommittee on Environment.</text>
      <actionDate>2017-03-17</actionDate>
      <links />
    </latestAction>
  </bill>
  <dublinCore xmlns:dc="http://purl.org/dc/elements/1.1/">
    <dc:format>text/xml</dc:format>
    <dc:language>EN</dc:language>
    <dc:rights>Pursuant to Title 17 Section 105 of the United States Code, this file is not subject to copyright protection and is in the public domain.</dc:rights>
    <dc:contributor>Congressional Research Service, Library of Congress</dc:contributor>
    <dc:description>This file contains bill summaries and statuses for federal legislation. A bill summary describes the most significant provisions of a piece of legislation and details the effects the legislative text may have on current law and federal programs. Bill summaries are authored by the Congressional Research Service (CRS) of the Library of Congress. As stated in Public Law 91-510 (2 USC 166 (d)(6)), one of the duties of CRS is "to prepare summaries and digests of bills and resolutions of a public general nature introduced in the Senate or House of Representatives". For more information, refer to the User Guide that accompanies this file.</dc:description>
  </dublinCore>
</billStatus>

