<?xml version="1.0" encoding="UTF-8"?>
<billStatus>
  <bill>
    <calendarNumbers />
    <constitutionalAuthorityStatementText><![CDATA[<pre>From the Congressional Record Online through the Government Publishing Office [<a href='http://www.gpo.gov'>www.gpo.gov</a>]By Mr. GRAVES of Georgia:H.J. Res. 62.Congress has the power to enact this legislation pursuantto the following:Article I, Section 1 of the Constitution.[Page H978]</pre>]]></constitutionalAuthorityStatementText>
    <congress>115</congress>
    <titles>
      <item>
        <parentTitleType />
        <chamberCode />
        <chamberName />
        <titleType>Official Title as Introduced</titleType>
        <title>Providing for congressional disapproval under chapter 8 of title 5, United States Code, of the rule submitted by the Bureau of Consumer Financial Protection relating to prepaid accounts under the Electronic Fund Transfer Act and the Truth in Lending Act.</title>
      </item>
      <item>
        <parentTitleType />
        <chamberCode />
        <chamberName />
        <titleType>Display Title</titleType>
        <title>Providing for congressional disapproval under chapter 8 of title 5, United States Code, of the rule submitted by the Bureau of Consumer Financial Protection relating to prepaid accounts under the Electronic Fund Transfer Act and the Truth in Lending Act.</title>
      </item>
    </titles>
    <introducedDate>2017-02-03</introducedDate>
    <latestAction>
      <actionDate>2017-02-03</actionDate>
      <text>Referred to the House Committee on Financial Services.</text>
      <links />
    </latestAction>
    <title>Providing for congressional disapproval under chapter 8 of title 5, United States Code, of the rule submitted by the Bureau of Consumer Financial Protection relating to prepaid accounts under the Electronic Fund Transfer Act and the Truth in Lending Act.</title>
    <subjects>
      <billSubjects>
        <legislativeSubjects>
          <item>
            <name>Administrative law and regulatory procedures</name>
          </item>
          <item>
            <name>Bank accounts, deposits, capital</name>
          </item>
          <item>
            <name>Congressional oversight</name>
          </item>
          <item>
            <name>Consumer Financial Protection Bureau</name>
          </item>
          <item>
            <name>Consumer credit</name>
          </item>
        </legislativeSubjects>
        <policyArea>
          <name>Finance and Financial Sector</name>
        </policyArea>
      </billSubjects>
    </subjects>
    <relatedBills>
      <item>
        <congress>115</congress>
        <latestAction>
          <actionDate>2017-02-14</actionDate>
          <text>Referred to the House Committee on Financial Services.</text>
        </latestAction>
        <type>HJRES</type>
        <latestTitle>Providing for congressional disapproval under chapter 8 of title 5, United States Code, of the rule submitted by the Bureau of Consumer Financial Protection relating to prepaid accounts under the Electronic Fund Transfer Act and the Truth in Lending Act.</latestTitle>
        <number>73</number>
        <relationshipDetails>
          <item>
            <type>Identical bill</type>
            <identifiedBy>CRS</identifiedBy>
          </item>
        </relationshipDetails>
      </item>
      <item>
        <congress>115</congress>
        <latestAction>
          <actionDate>2017-03-30</actionDate>
          <text>Placed on Senate Legislative Calendar under General Orders. Calendar No. 28.</text>
        </latestAction>
        <type>SJRES</type>
        <latestTitle>A joint resolution providing for congressional disapproval under chapter 8 of title 5, United States Code, of the rule submitted by the Bureau of Consumer Financial Protection relating to prepaid accounts under the Electronic Fund Transfer Act and the Truth in Lending Act.</latestTitle>
        <number>19</number>
        <relationshipDetails>
          <item>
            <type>Identical bill</type>
            <identifiedBy>CRS</identifiedBy>
          </item>
        </relationshipDetails>
      </item>
    </relatedBills>
    <updateDate>2018-02-06T16:40:10Z</updateDate>
    <committeeReports />
    <notes />
    <recordedVotes />
    <amendments />
    <billType>HJRES</billType>
    <committees>
      <billCommittees>
        <item>
          <type>Standing</type>
          <systemCode>hsba00</systemCode>
          <subcommittees />
          <activities>
            <item>
              <date>2017-02-03T14:01:00Z</date>
              <name>Referred to</name>
            </item>
          </activities>
          <chamber>House</chamber>
          <name>Financial Services Committee</name>
        </item>
      </billCommittees>
    </committees>
    <cboCostEstimates />
    <billNumber>62</billNumber>
    <policyArea>
      <name>Finance and Financial Sector</name>
    </policyArea>
    <version>1.0.0</version>
    <createDate>2017-02-04T05:07:02Z</createDate>
    <originChamber>House</originChamber>
    <actions>
      <actionByCounts>
        <houseOfRepresentatives>3</houseOfRepresentatives>
      </actionByCounts>
      <actionTypeCounts>
        <introducedInTheHouse>1</introducedInTheHouse>
        <billReferrals>1</billReferrals>
        <introducedInHouse>1</introducedInHouse>
      </actionTypeCounts>
      <item>
        <actionDate>2017-02-03</actionDate>
        <text>Referred to the House Committee on Financial Services.</text>
        <sourceSystem>
          <name>House floor actions</name>
          <code>2</code>
        </sourceSystem>
        <committee>
          <systemCode>hsba00</systemCode>
          <name>Financial Services Committee</name>
        </committee>
        <links />
        <actionCode>H11100</actionCode>
        <type>IntroReferral</type>
      </item>
      <item>
        <actionDate>2017-02-03</actionDate>
        <text>Introduced in House</text>
        <sourceSystem>
          <name>Library of Congress</name>
          <code>9</code>
        </sourceSystem>
        <committee />
        <links />
        <actionCode>Intro-H</actionCode>
        <type>IntroReferral</type>
      </item>
      <item>
        <actionDate>2017-02-03</actionDate>
        <text>Introduced in House</text>
        <sourceSystem>
          <name>Library of Congress</name>
          <code>9</code>
        </sourceSystem>
        <committee />
        <links />
        <actionCode>1000</actionCode>
        <type>IntroReferral</type>
      </item>
    </actions>
    <sponsors>
      <item>
        <party>R</party>
        <bioguideId>G000560</bioguideId>
        <district>14</district>
        <firstName>Tom</firstName>
        <middleName />
        <state>GA</state>
        <fullName>Rep. Graves, Tom [R-GA-14]</fullName>
        <identifiers>
          <gpoId>7906</gpoId>
          <lisID>1979</lisID>
          <bioguideId>G000560</bioguideId>
        </identifiers>
        <lastName>Graves</lastName>
        <byRequestType />
      </item>
    </sponsors>
    <summaries>
      <billSummaries>
        <item>
          <lastSummaryUpdateDate>2017-03-07T18:21:17Z</lastSummaryUpdateDate>
          <updateDate>2017-02-03T05:00:00Z</updateDate>
          <versionCode>00</versionCode>
          <text><![CDATA[<p>This joint resolution nullifies the rule finalized by the Consumer Financial Protection Bureau on November 22, 2016, relating to prepaid accounts under the Electronic Fund Transfer Act and the Truth in Lending Act. The rule establishes various consumer protections with respect to prepaid accounts.</p>]]></text>
          <name>Introduced in House</name>
          <actionDesc>Introduced in House</actionDesc>
          <actionDate>2017-02-03</actionDate>
        </item>
      </billSummaries>
    </summaries>
    <laws />
    <cosponsors>
      <item>
        <lastName>Loudermilk</lastName>
        <sponsorshipDate>2017-02-03</sponsorshipDate>
        <bioguideId>L000583</bioguideId>
        <middleName />
        <identifiers>
          <lisID>2238</lisID>
          <bioguideId>L000583</bioguideId>
          <gpoId />
        </identifiers>
        <district>11</district>
        <party>R</party>
        <state>GA</state>
        <firstName>Barry</firstName>
        <sponsorshipWithdrawnDate />
        <isOriginalCosponsor>True</isOriginalCosponsor>
        <fullName>Rep. Loudermilk, Barry [R-GA-11]</fullName>
      </item>
      <item>
        <lastName>Huizenga</lastName>
        <sponsorshipDate>2017-02-03</sponsorshipDate>
        <bioguideId>H001058</bioguideId>
        <middleName />
        <identifiers>
          <bioguideId>H001058</bioguideId>
          <gpoId>7987</gpoId>
          <lisID>2028</lisID>
        </identifiers>
        <district>2</district>
        <party>R</party>
        <state>MI</state>
        <firstName>Bill</firstName>
        <sponsorshipWithdrawnDate />
        <isOriginalCosponsor>True</isOriginalCosponsor>
        <fullName>Rep. Huizenga, Bill [R-MI-2]</fullName>
      </item>
      <item>
        <lastName>Ross</lastName>
        <sponsorshipDate>2017-02-06</sponsorshipDate>
        <bioguideId>R000593</bioguideId>
        <middleName>A.</middleName>
        <identifiers>
          <lisID>2003</lisID>
          <gpoId>7884</gpoId>
          <bioguideId>R000593</bioguideId>
        </identifiers>
        <district>15</district>
        <party>R</party>
        <state>FL</state>
        <firstName>Dennis</firstName>
        <sponsorshipWithdrawnDate />
        <isOriginalCosponsor>False</isOriginalCosponsor>
        <fullName>Rep. Ross, Dennis A. [R-FL-15]</fullName>
      </item>
    </cosponsors>
  </bill>
  <dublinCore xmlns:dc="http://purl.org/dc/elements/1.1/">
    <dc:format>text/xml</dc:format>
    <dc:language>EN</dc:language>
    <dc:rights>Pursuant to Title 17 Section 105 of the United States Code, this file is not subject to copyright protection and is in the public domain.</dc:rights>
    <dc:contributor>Congressional Research Service, Library of Congress</dc:contributor>
    <dc:description>This file contains bill summaries and statuses for federal legislation. A bill summary describes the most significant provisions of a piece of legislation and details the effects the legislative text may have on current law and federal programs. Bill summaries are authored by the Congressional Research Service (CRS) of the Library of Congress. As stated in Public Law 91-510 (2 USC 166 (d)(6)), one of the duties of CRS is "to prepare summaries and digests of bills and resolutions of a public general nature introduced in the Senate or House of Representatives". For more information, refer to the User Guide that accompanies this file.</dc:description>
  </dublinCore>
</billStatus>

