<?xml version="1.0" encoding="UTF-8"?>
<billStatus>
  <bill>
    <introducedDate>2017-10-23</introducedDate>
    <congress>115</congress>
    <latestAction>
      <actionDate>2017-11-01</actionDate>
      <links />
      <text>Referred to the Subcommittee on the Constitution and Civil Justice.</text>
    </latestAction>
    <originChamber>House</originChamber>
    <billNumber>119</billNumber>
    <sponsors>
      <item>
        <state>VA</state>
        <identifiers>
          <lisID>2203</lisID>
          <gpoId />
          <bioguideId>B001290</bioguideId>
        </identifiers>
        <bioguideId>B001290</bioguideId>
        <lastName>Brat</lastName>
        <fullName>Rep. Brat, Dave [R-VA-7]</fullName>
        <district>7</district>
        <firstName>Dave</firstName>
        <byRequestType />
        <middleName />
        <party>R</party>
      </item>
    </sponsors>
    <committeeReports />
    <relatedBills />
    <titles>
      <item>
        <chamberName />
        <parentTitleType />
        <chamberCode />
        <titleType>Official Title as Introduced</titleType>
        <title>Proposing a balanced budget amendment to the Constitution of the United States.</title>
      </item>
      <item>
        <chamberName />
        <parentTitleType />
        <chamberCode />
        <titleType>Display Title</titleType>
        <title>Proposing a balanced budget amendment to the Constitution of the United States.</title>
      </item>
    </titles>
    <constitutionalAuthorityStatementText><![CDATA[<pre>[Congressional Record Volume 163, Number 170 (Monday, October 23, 2017)]From the Congressional Record Online through the Government Publishing Office [<a href='http://www.gpo.gov'>www.gpo.gov</a>]By Mr. BRAT:H.J. Res. 119.Congress has the power to enact this legislation pursuantto the following:Article V of the Constitution states that ``The Congress,whenever two thirds of both Houses shall deem it necessary,shall propose Amendments to this Constitution . . .'' Thisjoint resolution is submitted for Congress to considerwhether it is necessary to amend the Constitution to includeit.____________________[Page H8076]</pre>]]></constitutionalAuthorityStatementText>
    <billType>HJRES</billType>
    <summaries>
      <billSummaries>
        <item>
          <text><![CDATA[<p><b>Constitutional Amendment </b></p> <p>This joint resolution proposes a constitutional amendment requiring federal expenditures and receipts to be balanced, excluding expenditures for payment of debt and receipts derived from borrowing. The requirement may be met over more than one year to accommodate economic conditions.</p> <p>In emergency situations, two-thirds of the House of Representatives and the Senate may authorize expenditures to exceed receipts for a limited time. Debts from emergency expenditures must be paid as soon as practicable. </p> <p>Congress may enforce the article with legislation, which must require compliance within 10 years of ratification. </p>]]></text>
          <versionCode>00</versionCode>
          <actionDate>2017-10-23</actionDate>
          <name>Introduced in House</name>
          <actionDesc>Introduced in House</actionDesc>
          <lastSummaryUpdateDate>2018-01-17T20:43:01Z</lastSummaryUpdateDate>
          <updateDate>2017-10-23T04:00:00Z</updateDate>
        </item>
      </billSummaries>
    </summaries>
    <subjects>
      <billSubjects>
        <policyArea>
          <name>Economics and Public Finance</name>
        </policyArea>
        <legislativeSubjects>
          <item>
            <name>Budget deficits and national debt</name>
          </item>
          <item>
            <name>Constitution and constitutional amendments</name>
          </item>
          <item>
            <name>Legislative rules and procedure</name>
          </item>
        </legislativeSubjects>
      </billSubjects>
    </subjects>
    <laws />
    <policyArea>
      <name>Economics and Public Finance</name>
    </policyArea>
    <committees>
      <billCommittees>
        <item>
          <chamber>House</chamber>
          <subcommittees>
            <item>
              <systemCode>hsju10</systemCode>
              <activities>
                <item>
                  <name>Referred to</name>
                  <date>2017-11-01T19:32:32Z</date>
                </item>
              </activities>
              <name>Constitution and Civil Justice Subcommittee</name>
            </item>
          </subcommittees>
          <systemCode>hsju00</systemCode>
          <name>Judiciary Committee</name>
          <activities>
            <item>
              <name>Referred to</name>
              <date>2017-10-23T16:01:15Z</date>
            </item>
          </activities>
          <type>Standing</type>
        </item>
      </billCommittees>
    </committees>
    <version>1.0.0</version>
    <recordedVotes />
    <updateDate>2018-02-06T16:40:13Z</updateDate>
    <title>Proposing a balanced budget amendment to the Constitution of the United States.</title>
    <createDate>2017-10-24T03:11:17Z</createDate>
    <cboCostEstimates />
    <actions>
      <item>
        <actionDate>2017-11-01</actionDate>
        <committee>
          <systemCode>hsju10</systemCode>
          <name>Constitution and Civil Justice Subcommittee</name>
        </committee>
        <links />
        <sourceSystem>
          <name>House committee actions</name>
          <code>1</code>
        </sourceSystem>
        <text>Referred to the Subcommittee on the Constitution and Civil Justice.</text>
        <type>Committee</type>
      </item>
      <item>
        <links />
        <actionDate>2017-10-23</actionDate>
        <type>IntroReferral</type>
        <text>Referred to the House Committee on the Judiciary.</text>
        <actionCode>H11100</actionCode>
        <sourceSystem>
          <name>House floor actions</name>
          <code>2</code>
        </sourceSystem>
        <committee>
          <systemCode>hsju00</systemCode>
          <name>Judiciary Committee</name>
        </committee>
      </item>
      <item>
        <links />
        <actionDate>2017-10-23</actionDate>
        <type>IntroReferral</type>
        <text>Introduced in House</text>
        <actionCode>Intro-H</actionCode>
        <sourceSystem>
          <name>Library of Congress</name>
          <code>9</code>
        </sourceSystem>
        <committee />
      </item>
      <item>
        <links />
        <actionDate>2017-10-23</actionDate>
        <type>IntroReferral</type>
        <text>Introduced in House</text>
        <actionCode>1000</actionCode>
        <sourceSystem>
          <name>Library of Congress</name>
          <code>9</code>
        </sourceSystem>
        <committee />
      </item>
      <actionByCounts>
        <houseOfRepresentatives>4</houseOfRepresentatives>
      </actionByCounts>
      <actionTypeCounts>
        <billReferrals>1</billReferrals>
        <placeholderTextForH>1</placeholderTextForH>
        <introducedInTheHouse>1</introducedInTheHouse>
        <introducedInHouse>1</introducedInHouse>
      </actionTypeCounts>
    </actions>
    <amendments />
    <notes />
    <calendarNumbers />
    <cosponsors>
      <item>
        <isOriginalCosponsor>True</isOriginalCosponsor>
        <middleName />
        <sponsorshipDate>2017-10-23</sponsorshipDate>
        <firstName>Mark</firstName>
        <party>R</party>
        <identifiers>
          <lisID>1012</lisID>
          <gpoId />
          <bioguideId>S000051</bioguideId>
        </identifiers>
        <district>1</district>
        <sponsorshipWithdrawnDate />
        <fullName>Rep. Sanford, Mark [R-SC-1]</fullName>
        <bioguideId>S000051</bioguideId>
        <lastName>Sanford</lastName>
        <state>SC</state>
      </item>
      <item>
        <isOriginalCosponsor>True</isOriginalCosponsor>
        <middleName>A.</middleName>
        <sponsorshipDate>2017-10-23</sponsorshipDate>
        <firstName>Paul</firstName>
        <party>R</party>
        <identifiers>
          <lisID>1992</lisID>
          <bioguideId>G000565</bioguideId>
          <gpoId>7798</gpoId>
        </identifiers>
        <district>4</district>
        <sponsorshipWithdrawnDate />
        <fullName>Rep. Gosar, Paul A. [R-AZ-4]</fullName>
        <bioguideId>G000565</bioguideId>
        <lastName>Gosar</lastName>
        <state>AZ</state>
      </item>
      <item>
        <isOriginalCosponsor>True</isOriginalCosponsor>
        <middleName />
        <sponsorshipDate>2017-10-23</sponsorshipDate>
        <firstName>Mark</firstName>
        <party>R</party>
        <identifiers>
          <bioguideId>M001187</bioguideId>
          <lisID>2142</lisID>
          <gpoId />
        </identifiers>
        <district>11</district>
        <sponsorshipWithdrawnDate />
        <fullName>Rep. Meadows, Mark [R-NC-11]</fullName>
        <bioguideId>M001187</bioguideId>
        <lastName>Meadows</lastName>
        <state>NC</state>
      </item>
      <item>
        <isOriginalCosponsor>True</isOriginalCosponsor>
        <middleName />
        <sponsorshipDate>2017-10-23</sponsorshipDate>
        <firstName>Scott</firstName>
        <party>R</party>
        <identifiers>
          <lisID>2062</lisID>
          <gpoId>8151</gpoId>
          <bioguideId>D000616</bioguideId>
        </identifiers>
        <district>4</district>
        <sponsorshipWithdrawnDate />
        <fullName>Rep. DesJarlais, Scott [R-TN-4]</fullName>
        <bioguideId>D000616</bioguideId>
        <lastName>DesJarlais</lastName>
        <state>TN</state>
      </item>
      <item>
        <isOriginalCosponsor>True</isOriginalCosponsor>
        <middleName>M.</middleName>
        <sponsorshipDate>2017-10-23</sponsorshipDate>
        <firstName>Steven</firstName>
        <party>R</party>
        <identifiers>
          <gpoId>8022</gpoId>
          <lisID>2035</lisID>
          <bioguideId>P000601</bioguideId>
        </identifiers>
        <district>4</district>
        <sponsorshipWithdrawnDate />
        <fullName>Rep. Palazzo, Steven M. [R-MS-4]</fullName>
        <bioguideId>P000601</bioguideId>
        <lastName>Palazzo</lastName>
        <state>MS</state>
      </item>
      <item>
        <isOriginalCosponsor>True</isOriginalCosponsor>
        <middleName>JAMES</middleName>
        <sponsorshipDate>2017-10-23</sponsorshipDate>
        <firstName>F.</firstName>
        <party>R</party>
        <identifiers>
          <lisID>1041</lisID>
          <bioguideId>S000244</bioguideId>
          <gpoId>8218</gpoId>
        </identifiers>
        <district>5</district>
        <sponsorshipWithdrawnDate />
        <fullName>Rep. Sensenbrenner, F. James, Jr. [R-WI-5]</fullName>
        <bioguideId>S000244</bioguideId>
        <lastName>SENSENBRENNER</lastName>
        <state>WI</state>
      </item>
      <item>
        <isOriginalCosponsor>True</isOriginalCosponsor>
        <middleName />
        <sponsorshipDate>2017-10-23</sponsorshipDate>
        <firstName>Brett</firstName>
        <party>R</party>
        <identifiers>
          <bioguideId>G000558</bioguideId>
          <lisID>1922</lisID>
          <gpoId>7954</gpoId>
        </identifiers>
        <district>2</district>
        <sponsorshipWithdrawnDate />
        <fullName>Rep. Guthrie, Brett [R-KY-2]</fullName>
        <bioguideId>G000558</bioguideId>
        <lastName>Guthrie</lastName>
        <state>KY</state>
      </item>
      <item>
        <isOriginalCosponsor>True</isOriginalCosponsor>
        <middleName />
        <sponsorshipDate>2017-10-23</sponsorshipDate>
        <firstName>Thomas</firstName>
        <party>R</party>
        <identifiers>
          <lisID>2094</lisID>
          <bioguideId>M001184</bioguideId>
          <gpoId>8371</gpoId>
        </identifiers>
        <district>4</district>
        <sponsorshipWithdrawnDate />
        <fullName>Rep. Massie, Thomas [R-KY-4]</fullName>
        <bioguideId>M001184</bioguideId>
        <lastName>Massie</lastName>
        <state>KY</state>
      </item>
      <item>
        <isOriginalCosponsor>True</isOriginalCosponsor>
        <middleName>Morgan</middleName>
        <sponsorshipDate>2017-10-23</sponsorshipDate>
        <firstName>H.</firstName>
        <party>R</party>
        <identifiers>
          <lisID>2070</lisID>
          <bioguideId>G000568</bioguideId>
          <gpoId>8200</gpoId>
        </identifiers>
        <district>9</district>
        <sponsorshipWithdrawnDate />
        <fullName>Rep. Griffith, H. Morgan [R-VA-9]</fullName>
        <bioguideId>G000568</bioguideId>
        <lastName>Griffith</lastName>
        <state>VA</state>
      </item>
      <item>
        <isOriginalCosponsor>True</isOriginalCosponsor>
        <middleName />
        <sponsorshipDate>2017-10-23</sponsorshipDate>
        <firstName>Mike</firstName>
        <party>R</party>
        <identifiers>
          <lisID>2249</lisID>
          <bioguideId>B001293</bioguideId>
          <gpoId />
        </identifiers>
        <district>8</district>
        <sponsorshipWithdrawnDate />
        <fullName>Rep. Bishop, Mike [R-MI-8]</fullName>
        <bioguideId>B001293</bioguideId>
        <lastName>Bishop</lastName>
        <state>MI</state>
      </item>
      <item>
        <isOriginalCosponsor>True</isOriginalCosponsor>
        <middleName>X.</middleName>
        <sponsorshipDate>2017-10-23</sponsorshipDate>
        <firstName>Alexander</firstName>
        <party>R</party>
        <identifiers>
          <lisID>2277</lisID>
          <bioguideId>M001195</bioguideId>
          <gpoId />
        </identifiers>
        <district>2</district>
        <sponsorshipWithdrawnDate />
        <fullName>Rep. Mooney, Alexander X. [R-WV-2]</fullName>
        <bioguideId>M001195</bioguideId>
        <lastName>Mooney</lastName>
        <state>WV</state>
      </item>
      <item>
        <isOriginalCosponsor>True</isOriginalCosponsor>
        <middleName>L. "Buddy"</middleName>
        <sponsorshipDate>2017-10-23</sponsorshipDate>
        <firstName>Earl</firstName>
        <party>R</party>
        <identifiers>
          <gpoId />
          <lisID>2236</lisID>
          <bioguideId>C001103</bioguideId>
        </identifiers>
        <district>1</district>
        <sponsorshipWithdrawnDate />
        <fullName>Rep. Carter, Earl L. "Buddy" [R-GA-1]</fullName>
        <bioguideId>C001103</bioguideId>
        <lastName>Carter</lastName>
        <state>GA</state>
      </item>
      <item>
        <isOriginalCosponsor>True</isOriginalCosponsor>
        <middleName />
        <sponsorshipDate>2017-10-23</sponsorshipDate>
        <firstName>Daniel</firstName>
        <party>R</party>
        <identifiers>
          <lisID>2002</lisID>
          <gpoId>7880</gpoId>
          <bioguideId>W000806</bioguideId>
        </identifiers>
        <district>11</district>
        <sponsorshipWithdrawnDate />
        <fullName>Rep. Webster, Daniel [R-FL-11]</fullName>
        <bioguideId>W000806</bioguideId>
        <lastName>Webster</lastName>
        <state>FL</state>
      </item>
      <item>
        <isOriginalCosponsor>True</isOriginalCosponsor>
        <middleName />
        <sponsorshipDate>2017-10-23</sponsorshipDate>
        <firstName>John</firstName>
        <party>R</party>
        <identifiers>
          <bioguideId>K000386</bioguideId>
          <lisID>2264</lisID>
          <gpoId />
        </identifiers>
        <district>24</district>
        <sponsorshipWithdrawnDate />
        <fullName>Rep. Katko, John [R-NY-24]</fullName>
        <bioguideId>K000386</bioguideId>
        <lastName>Katko</lastName>
        <state>NY</state>
      </item>
    </cosponsors>
  </bill>
  <dublinCore xmlns:dc="http://purl.org/dc/elements/1.1/">
    <dc:format>text/xml</dc:format>
    <dc:language>EN</dc:language>
    <dc:rights>Pursuant to Title 17 Section 105 of the United States Code, this file is not subject to copyright protection and is in the public domain.</dc:rights>
    <dc:contributor>Congressional Research Service, Library of Congress</dc:contributor>
    <dc:description>This file contains bill summaries and statuses for federal legislation. A bill summary describes the most significant provisions of a piece of legislation and details the effects the legislative text may have on current law and federal programs. Bill summaries are authored by the Congressional Research Service (CRS) of the Library of Congress. As stated in Public Law 91-510 (2 USC 166 (d)(6)), one of the duties of CRS is "to prepare summaries and digests of bills and resolutions of a public general nature introduced in the Senate or House of Representatives". For more information, refer to the User Guide that accompanies this file.</dc:description>
  </dublinCore>
</billStatus>

