<?xml version="1.0" encoding="UTF-8"?>
<billStatus>
  <bill>
    <billNumber>16</billNumber>
    <relatedBills>
      <item>
        <type>HJRES</type>
        <latestAction>
          <text>Referred to the House Committee on Natural Resources.</text>
          <actionDate>2017-01-03</actionDate>
        </latestAction>
        <latestTitle>Disapproving the rule submitted by the Department of the Interior known as the Stream Protection Rule.</latestTitle>
        <relationshipDetails>
          <item>
            <type>Identical bill</type>
            <identifiedBy>CRS</identifiedBy>
          </item>
        </relationshipDetails>
        <congress>115</congress>
        <number>11</number>
      </item>
      <item>
        <type>SJRES</type>
        <latestAction>
          <text>Read twice and referred to the Committee on Energy and Natural Resources.</text>
          <actionDate>2017-01-30</actionDate>
        </latestAction>
        <latestTitle>A joint resolution providing for congressional disapproval under chapter 8 of title 5, United States Code, of the final rule submitted by the Secretary of the Interior relating to stream protection.</latestTitle>
        <relationshipDetails>
          <item>
            <type>Related bill</type>
            <identifiedBy>CRS</identifiedBy>
          </item>
        </relationshipDetails>
        <congress>115</congress>
        <number>10</number>
      </item>
    </relatedBills>
    <originChamber>House</originChamber>
    <recordedVotes />
    <latestAction>
      <text>Referred to the House Committee on Natural Resources.</text>
      <links />
      <actionDate>2017-01-04</actionDate>
    </latestAction>
    <createDate>2017-01-05T04:47:31Z</createDate>
    <title>Disapproving a rule submitted by the Department of the Interior known as the "Stream Protection Rule".</title>
    <summaries>
      <billSummaries>
        <item>
          <text><![CDATA[<p>This joint resolution nullifies the Stream Protection Rule finalized by the Department of the Interior's Office of Surface Mining Reclamation and Enforcement on December 20, 2016. The rule addresses the impacts of surface coal mining operations on surface water, groundwater, and the productivity of mining operation sites.</p>]]></text>
          <name>Introduced in House</name>
          <lastSummaryUpdateDate>2017-01-26T16:45:08Z</lastSummaryUpdateDate>
          <versionCode>00</versionCode>
          <actionDesc>Introduced in House</actionDesc>
          <updateDate>2017-01-04T05:00:00Z</updateDate>
          <actionDate>2017-01-04</actionDate>
        </item>
      </billSummaries>
    </summaries>
    <actions>
      <item>
        <committee>
          <systemCode>hsii00</systemCode>
          <name>Natural Resources Committee</name>
        </committee>
        <sourceSystem>
          <code>2</code>
          <name>House floor actions</name>
        </sourceSystem>
        <actionDate>2017-01-04</actionDate>
        <text>Referred to the House Committee on Natural Resources.</text>
        <links />
        <type>IntroReferral</type>
        <actionCode>H11100</actionCode>
      </item>
      <item>
        <committee />
        <sourceSystem>
          <code>9</code>
          <name>Library of Congress</name>
        </sourceSystem>
        <actionDate>2017-01-04</actionDate>
        <text>Introduced in House</text>
        <links />
        <type>IntroReferral</type>
        <actionCode>Intro-H</actionCode>
      </item>
      <item>
        <committee />
        <sourceSystem>
          <code>9</code>
          <name>Library of Congress</name>
        </sourceSystem>
        <actionDate>2017-01-04</actionDate>
        <text>Introduced in House</text>
        <links />
        <type>IntroReferral</type>
        <actionCode>1000</actionCode>
      </item>
      <actionByCounts>
        <houseOfRepresentatives>3</houseOfRepresentatives>
      </actionByCounts>
      <actionTypeCounts>
        <billReferrals>1</billReferrals>
        <introducedInTheHouse>1</introducedInTheHouse>
        <introducedInHouse>1</introducedInHouse>
      </actionTypeCounts>
    </actions>
    <updateDate>2018-02-06T16:40:07Z</updateDate>
    <amendments />
    <notes />
    <sponsors>
      <item>
        <bioguideId>L000564</bioguideId>
        <district>5</district>
        <middleName />
        <byRequestType />
        <firstName>Doug</firstName>
        <lastName>Lamborn</lastName>
        <state>CO</state>
        <party>R</party>
        <identifiers>
          <lisID>1834</lisID>
          <gpoId>7863</gpoId>
          <bioguideId>L000564</bioguideId>
        </identifiers>
        <fullName>Rep. Lamborn, Doug [R-CO-5]</fullName>
      </item>
    </sponsors>
    <committees>
      <billCommittees>
        <item>
          <systemCode>hsii00</systemCode>
          <name>Natural Resources Committee</name>
          <type>Standing</type>
          <activities>
            <item>
              <name>Referred to</name>
              <date>2017-01-04T15:00:20Z</date>
            </item>
          </activities>
          <chamber>House</chamber>
          <subcommittees />
        </item>
      </billCommittees>
    </committees>
    <cosponsors />
    <constitutionalAuthorityStatementText><![CDATA[<pre>From the Congressional Record Online through the Government Publishing Office [<a href='http://www.gpo.gov'>www.gpo.gov</a>]By Mr. LAMBORN:H.J. Res. 16.Congress has the power to enact this legislation pursuantto the following:Article 1, Section 8, Clause 18[Page H98]</pre>]]></constitutionalAuthorityStatementText>
    <policyArea>
      <name>Environmental Protection</name>
    </policyArea>
    <cboCostEstimates />
    <laws />
    <congress>115</congress>
    <version>1.0.0</version>
    <introducedDate>2017-01-04</introducedDate>
    <committeeReports />
    <titles>
      <item>
        <title>Disapproving a rule submitted by the Department of the Interior known as the "Stream Protection Rule".</title>
        <titleType>Official Title as Introduced</titleType>
        <parentTitleType />
        <chamberCode />
        <chamberName />
      </item>
      <item>
        <title>Disapproving a rule submitted by the Department of the Interior known as the "Stream Protection Rule".</title>
        <titleType>Display Title</titleType>
        <parentTitleType />
        <chamberCode />
        <chamberName />
      </item>
    </titles>
    <calendarNumbers />
    <subjects>
      <billSubjects>
        <policyArea>
          <name>Environmental Protection</name>
        </policyArea>
        <legislativeSubjects>
          <item>
            <name>Administrative law and regulatory procedures</name>
          </item>
          <item>
            <name>Coal</name>
          </item>
          <item>
            <name>Congressional oversight</name>
          </item>
          <item>
            <name>Department of the Interior</name>
          </item>
          <item>
            <name>Environmental assessment, monitoring, research</name>
          </item>
          <item>
            <name>Environmental regulatory procedures</name>
          </item>
          <item>
            <name>Hydrology and hydrography</name>
          </item>
          <item>
            <name>Lakes and rivers</name>
          </item>
          <item>
            <name>Licensing and registrations</name>
          </item>
          <item>
            <name>Mining</name>
          </item>
          <item>
            <name>Water quality</name>
          </item>
        </legislativeSubjects>
      </billSubjects>
    </subjects>
    <billType>HJRES</billType>
  </bill>
  <dublinCore xmlns:dc="http://purl.org/dc/elements/1.1/">
    <dc:format>text/xml</dc:format>
    <dc:language>EN</dc:language>
    <dc:rights>Pursuant to Title 17 Section 105 of the United States Code, this file is not subject to copyright protection and is in the public domain.</dc:rights>
    <dc:contributor>Congressional Research Service, Library of Congress</dc:contributor>
    <dc:description>This file contains bill summaries and statuses for federal legislation. A bill summary describes the most significant provisions of a piece of legislation and details the effects the legislative text may have on current law and federal programs. Bill summaries are authored by the Congressional Research Service (CRS) of the Library of Congress. As stated in Public Law 91-510 (2 USC 166 (d)(6)), one of the duties of CRS is "to prepare summaries and digests of bills and resolutions of a public general nature introduced in the Senate or House of Representatives". For more information, refer to the User Guide that accompanies this file.</dc:description>
  </dublinCore>
</billStatus>

