<?xml version="1.0" encoding="UTF-8"?>
<billStatus>
  <bill>
    <committeeReports />
    <cosponsors />
    <summaries>
      <billSummaries>
        <item>
          <versionCode>00</versionCode>
          <text><![CDATA[<p><b>Department of Defense Appropriations Act, 2018 </b></p> <p>DIVISION B<em>--</em>FURTHER EXTENSION OF CONTINUING APPROPRIATIONS ACT, 2018 </p> <p><i>Further Extension of Continuing Appropriations Act, 2018 </i></p> <p>This division amends the Continuing Appropriations Act, 2018 to provide continuing FY2018 appropriations to most federal agencies through March 23, 2018 (February 8, 2018, under current law). </p> <p>It prevents a partial government shutdown that would otherwise occur when the existing continuing resolution expires because the FY2018 appropriations bills have not been enacted. </p> <p>The division also: (1) authorizes the Department of Energy to drawdown and sell specified crude oil from the Strategic Petroleum Reserve in FY2018; and (2) makes additional funding available for the 2020 Decennial Census Program, the Southeastern Power Administration, and juror fees.</p> <p>The division provides emergency funding for the Small Business Administration Disaster Loans Program Account. (Emergency spending is exempt from discretionary spending limits and other budget enforcement rules.)</p> <p>DIVISION C--DEPARTMENT OF DEFENSE APPROPRIATIONS ACT, 2018 </p> <p>This division provides appropriations to the Department of Defense for the remainder of FY2018.</p> <p>DIVISION D--MISCELLANEUOUS </p> <p>This division amends the Food Security Act of 1985 to extend the Department of Agriculture Environmental Quality Incentives Program (EQIP) through FY2019. (EQIP provides financial and technical assistance for agricultural producers and land owners to implement certain conservation practices.) </p> <p>DIVISION E--BUDGETARY EFFECTS </p> <p>This division exempts the budgetary effects of division D from Pay-As-You-Go (PAYGO) rules and certain budget scorekeeping guidelines. </p>]]></text>
          <name>Introduced in House</name>
          <actionDate>2018-02-05</actionDate>
          <updateDate>2018-02-05T05:00:00Z</updateDate>
          <lastSummaryUpdateDate>2018-02-09T18:01:33Z</lastSummaryUpdateDate>
          <actionDesc>Introduced in House</actionDesc>
        </item>
      </billSummaries>
    </summaries>
    <congress>115</congress>
    <notes />
    <title>Department of Defense Appropriations Act, 2018</title>
    <constitutionalAuthorityStatementText><![CDATA[<pre>[Congressional Record Volume 163, Number 55 (Wednesday, March 29, 2017)]From the Congressional Record Online through the Government Publishing Office [<a href='http://www.gpo.gov'>www.gpo.gov</a>]By Ms. CHENEY:H.R. 1778.Congress has the power to enact this legislation pursuantto the following:Article IV, Section 3, Clause 2: ``The Congress shall havepower to dispose of and make all needful rules andregulations respecting the territory or other propertybelonging to the United States; and nothing in thisConstitution shall be so construed as to prejudice any claimsof the United States, or of any particular state.'[Page H2559]</pre>]]></constitutionalAuthorityStatementText>
    <sponsors>
      <item>
        <bioguideId>F000372</bioguideId>
        <lastName>FRELINGHUYSEN</lastName>
        <party>R</party>
        <identifiers>
          <bioguideId>F000372</bioguideId>
          <lisID>414</lisID>
          <gpoId>8053</gpoId>
        </identifiers>
        <fullName>Rep. Frelinghuysen, Rodney P. [R-NJ-11]</fullName>
        <firstName>RODNEY</firstName>
        <state>NJ</state>
        <district>11</district>
        <byRequestType />
        <middleName />
      </item>
    </sponsors>
    <titles>
      <item>
        <titleType>Short Titles as Introduced for portions of this bill</titleType>
        <chamberCode />
        <title>Further Extension of Continuing Appropriations Act, 2018</title>
        <parentTitleType />
        <chamberName />
      </item>
      <item>
        <titleType>Short Titles as Introduced</titleType>
        <chamberCode />
        <title>Department of Defense Appropriations Act, 2018</title>
        <parentTitleType />
        <chamberName />
      </item>
      <item>
        <titleType>Official Title as Introduced</titleType>
        <chamberCode />
        <title>Making a further extension of continuing appropriations for fiscal year 2018, and for other purposes.</title>
        <parentTitleType />
        <chamberName />
      </item>
      <item>
        <titleType>Display Title</titleType>
        <chamberCode />
        <title>Department of Defense Appropriations Act, 2018</title>
        <parentTitleType />
        <chamberName />
      </item>
      <item>
        <titleType>(Extracted from GPO) Short Titles as Introduced</titleType>
        <chamberCode />
        <title>Department of Defense Appropriations Act, 2018</title>
        <parentTitleType />
        <chamberName />
      </item>
    </titles>
    <calendarNumbers />
    <billType>HJRES</billType>
    <latestAction>
      <text>Referred to the Committee on Appropriations, and in addition to the Committee on the Budget, for a period to be subsequently determined by the Speaker, in each case for consideration of such provisions as fall within the jurisdiction of the committee concerned.</text>
      <actionDate>2018-02-05</actionDate>
      <links />
    </latestAction>
    <laws />
    <committees>
      <billCommittees>
        <item>
          <activities>
            <item>
              <name>Referred to</name>
              <date>2018-02-05T17:03:15Z</date>
            </item>
          </activities>
          <type>Standing</type>
          <subcommittees />
          <systemCode>hsbu00</systemCode>
          <name>Budget Committee</name>
          <chamber>House</chamber>
        </item>
        <item>
          <activities>
            <item>
              <name>Referred to</name>
              <date>2018-02-05T17:03:10Z</date>
            </item>
          </activities>
          <type>Standing</type>
          <subcommittees />
          <systemCode>hsap00</systemCode>
          <name>Appropriations Committee</name>
          <chamber>House</chamber>
        </item>
      </billCommittees>
    </committees>
    <introducedDate>2018-02-05</introducedDate>
    <policyArea>
      <name>Armed Forces and National Security</name>
    </policyArea>
    <cboCostEstimates />
    <recordedVotes />
    <billNumber>128</billNumber>
    <updateDate>2018-02-16T15:12:31Z</updateDate>
    <subjects>
      <billSubjects>
        <policyArea>
          <name>Armed Forces and National Security</name>
        </policyArea>
        <legislativeSubjects>
          <item>
            <name>Administrative law and regulatory procedures</name>
          </item>
          <item>
            <name>Afghanistan</name>
          </item>
          <item>
            <name>Alternative dispute resolution, mediation, arbitration</name>
          </item>
          <item>
            <name>Appropriations</name>
          </item>
          <item>
            <name>Arms control and nonproliferation</name>
          </item>
          <item>
            <name>Asia</name>
          </item>
          <item>
            <name>Assault and harassment offenses</name>
          </item>
          <item>
            <name>Atmospheric science and weather</name>
          </item>
          <item>
            <name>Aviation and airports</name>
          </item>
          <item>
            <name>Buy American requirements</name>
          </item>
          <item>
            <name>Caribbean area</name>
          </item>
          <item>
            <name>Census and government statistics</name>
          </item>
          <item>
            <name>Central Intelligence Agency (CIA)</name>
          </item>
          <item>
            <name>Chemical and biological weapons</name>
          </item>
          <item>
            <name>Computers and information technology</name>
          </item>
          <item>
            <name>Conflicts and wars</name>
          </item>
          <item>
            <name>Congressional oversight</name>
          </item>
          <item>
            <name>Crime victims</name>
          </item>
          <item>
            <name>Crimes against women</name>
          </item>
          <item>
            <name>Cuba</name>
          </item>
          <item>
            <name>Defense spending</name>
          </item>
          <item>
            <name>Department of Commerce</name>
          </item>
          <item>
            <name>Department of Defense</name>
          </item>
          <item>
            <name>Detention of persons</name>
          </item>
          <item>
            <name>Disaster relief and insurance</name>
          </item>
          <item>
            <name>Drug trafficking and controlled substances</name>
          </item>
          <item>
            <name>Drug, alcohol, tobacco use</name>
          </item>
          <item>
            <name>Education programs funding</name>
          </item>
          <item>
            <name>Educational facilities and institutions</name>
          </item>
          <item>
            <name>Educational technology and distance education</name>
          </item>
          <item>
            <name>Electric power generation and transmission</name>
          </item>
          <item>
            <name>Elementary and secondary education</name>
          </item>
          <item>
            <name>Europe</name>
          </item>
          <item>
            <name>Executive agency funding and structure</name>
          </item>
          <item>
            <name>Foreign aid and international relief</name>
          </item>
          <item>
            <name>Government employee pay, benefits, personnel management</name>
          </item>
          <item>
            <name>Government information and archives</name>
          </item>
          <item>
            <name>Government lending and loan guarantees</name>
          </item>
          <item>
            <name>Government liability</name>
          </item>
          <item>
            <name>Government studies and investigations</name>
          </item>
          <item>
            <name>Guam</name>
          </item>
          <item>
            <name>Health facilities and institutions</name>
          </item>
          <item>
            <name>Higher education</name>
          </item>
          <item>
            <name>Idaho</name>
          </item>
          <item>
            <name>Illinois</name>
          </item>
          <item>
            <name>Indian lands and resources rights</name>
          </item>
          <item>
            <name>Indian social and development programs</name>
          </item>
          <item>
            <name>Infectious and parasitic diseases</name>
          </item>
          <item>
            <name>Intelligence activities, surveillance, classified information</name>
          </item>
          <item>
            <name>International law and treaties</name>
          </item>
          <item>
            <name>International monetary system and foreign exchange</name>
          </item>
          <item>
            <name>Iran</name>
          </item>
          <item>
            <name>Iraq</name>
          </item>
          <item>
            <name>Israel</name>
          </item>
          <item>
            <name>Jordan</name>
          </item>
          <item>
            <name>Judicial procedure and administration</name>
          </item>
          <item>
            <name>Kuwait</name>
          </item>
          <item>
            <name>Latin America</name>
          </item>
          <item>
            <name>Legal fees and court costs</name>
          </item>
          <item>
            <name>Manufacturing</name>
          </item>
          <item>
            <name>Marshall Islands</name>
          </item>
          <item>
            <name>Medical education</name>
          </item>
          <item>
            <name>Metals</name>
          </item>
          <item>
            <name>Micronesia</name>
          </item>
          <item>
            <name>Middle East</name>
          </item>
          <item>
            <name>Military assistance, sales, and agreements</name>
          </item>
          <item>
            <name>Military command and structure</name>
          </item>
          <item>
            <name>Military education and training</name>
          </item>
          <item>
            <name>Military facilities and property</name>
          </item>
          <item>
            <name>Military medicine</name>
          </item>
          <item>
            <name>Military operations and strategy</name>
          </item>
          <item>
            <name>Military personnel and dependents</name>
          </item>
          <item>
            <name>Military procurement, research, weapons development</name>
          </item>
          <item>
            <name>Military readiness</name>
          </item>
          <item>
            <name>Minnesota</name>
          </item>
          <item>
            <name>Montana</name>
          </item>
          <item>
            <name>National Guard and reserves</name>
          </item>
          <item>
            <name>National Security Agency</name>
          </item>
          <item>
            <name>National symbols</name>
          </item>
          <item>
            <name>Nevada</name>
          </item>
          <item>
            <name>New Jersey</name>
          </item>
          <item>
            <name>North Dakota</name>
          </item>
          <item>
            <name>North Korea</name>
          </item>
          <item>
            <name>Northern Mariana Islands</name>
          </item>
          <item>
            <name>Nuclear weapons</name>
          </item>
          <item>
            <name>Oil and gas</name>
          </item>
          <item>
            <name>Oregon</name>
          </item>
          <item>
            <name>Pacific Ocean</name>
          </item>
          <item>
            <name>Pakistan</name>
          </item>
          <item>
            <name>Palau</name>
          </item>
          <item>
            <name>Pornography</name>
          </item>
          <item>
            <name>Presidents and presidential powers, Vice Presidents</name>
          </item>
          <item>
            <name>Public contracts and procurement</name>
          </item>
          <item>
            <name>Research administration and funding</name>
          </item>
          <item>
            <name>Research and development</name>
          </item>
          <item>
            <name>Russia</name>
          </item>
          <item>
            <name>Sex offenses</name>
          </item>
          <item>
            <name>Small Business Administration</name>
          </item>
          <item>
            <name>Small business</name>
          </item>
          <item>
            <name>Social work, volunteer service, charitable organizations</name>
          </item>
          <item>
            <name>South Dakota</name>
          </item>
          <item>
            <name>Strategic materials and reserves</name>
          </item>
          <item>
            <name>Syria</name>
          </item>
          <item>
            <name>Technology transfer and commercialization</name>
          </item>
          <item>
            <name>Terrorism</name>
          </item>
          <item>
            <name>Trade agreements and negotiations</name>
          </item>
          <item>
            <name>Trade restrictions</name>
          </item>
          <item>
            <name>Transportation costs</name>
          </item>
          <item>
            <name>U.S. territories and protectorates</name>
          </item>
          <item>
            <name>Ukraine</name>
          </item>
          <item>
            <name>Veterans' education, employment, rehabilitation</name>
          </item>
          <item>
            <name>Veterans' medical care</name>
          </item>
          <item>
            <name>War and emergency powers</name>
          </item>
          <item>
            <name>Washington State</name>
          </item>
        </legislativeSubjects>
      </billSubjects>
    </subjects>
    <amendments />
    <actions>
      <actionTypeCounts>
        <billReferrals>2</billReferrals>
        <introducedInHouse>1</introducedInHouse>
        <introducedInTheHouse>1</introducedInTheHouse>
      </actionTypeCounts>
      <actionByCounts>
        <houseOfRepresentatives>4</houseOfRepresentatives>
      </actionByCounts>
      <item>
        <actionDate>2018-02-05</actionDate>
        <type>IntroReferral</type>
        <text>Referred to the Committee on Appropriations, and in addition to the Committee on the Budget, for a period to be subsequently determined by the Speaker, in each case for consideration of such provisions as fall within the jurisdiction of the committee concerned.</text>
        <links />
        <committee>
          <systemCode>hsbu00</systemCode>
          <name>Budget Committee</name>
        </committee>
        <sourceSystem>
          <code>2</code>
          <name>House floor actions</name>
        </sourceSystem>
        <actionCode>H11100</actionCode>
      </item>
      <item>
        <actionDate>2018-02-05</actionDate>
        <type>IntroReferral</type>
        <text>Referred to the Committee on Appropriations, and in addition to the Committee on the Budget, for a period to be subsequently determined by the Speaker, in each case for consideration of such provisions as fall within the jurisdiction of the committee concerned.</text>
        <links />
        <committee>
          <systemCode>hsap00</systemCode>
          <name>Appropriations Committee</name>
        </committee>
        <sourceSystem>
          <code>2</code>
          <name>House floor actions</name>
        </sourceSystem>
        <actionCode>H11100</actionCode>
      </item>
      <item>
        <actionDate>2018-02-05</actionDate>
        <type>IntroReferral</type>
        <text>Introduced in House</text>
        <links />
        <committee />
        <sourceSystem>
          <code>9</code>
          <name>Library of Congress</name>
        </sourceSystem>
        <actionCode>Intro-H</actionCode>
      </item>
      <item>
        <actionDate>2018-02-05</actionDate>
        <type>IntroReferral</type>
        <text>Introduced in House</text>
        <links />
        <committee />
        <sourceSystem>
          <code>9</code>
          <name>Library of Congress</name>
        </sourceSystem>
        <actionCode>1000</actionCode>
      </item>
    </actions>
    <relatedBills>
      <item>
        <relationshipDetails>
          <item>
            <type>Related bill</type>
            <identifiedBy>CRS</identifiedBy>
          </item>
        </relationshipDetails>
        <type>HR</type>
        <number>1892</number>
        <congress>115</congress>
        <latestAction>
          <text>Became Public Law No: 115-123.</text>
          <actionDate>2018-02-09</actionDate>
        </latestAction>
        <latestTitle>Bipartisan Budget Act of 2018</latestTitle>
      </item>
      <item>
        <relationshipDetails>
          <item>
            <type>Related bill</type>
            <identifiedBy>CRS</identifiedBy>
          </item>
        </relationshipDetails>
        <type>HJRES</type>
        <number>124</number>
        <congress>115</congress>
        <latestAction>
          <text>Referred to the Committee on Appropriations, and in addition to the Committees on the Budget, and Ways and Means, for a period to be subsequently determined by the Speaker, in each case for consideration of such provisions as fall within the jurisdiction of the committee concerned.</text>
          <actionDate>2017-12-13</actionDate>
        </latestAction>
        <latestTitle>Making further additional continuing appropriations for fiscal year 2018, and for other purposes.</latestTitle>
      </item>
      <item>
        <relationshipDetails>
          <item>
            <type>Related bill</type>
            <identifiedBy>CRS</identifiedBy>
          </item>
        </relationshipDetails>
        <type>HR</type>
        <number>4877</number>
        <congress>115</congress>
        <latestAction>
          <text>Referred to the Committee on Appropriations, and in addition to the Committee on the Budget, for a period to be subsequently determined by the Speaker, in each case for consideration of such provisions as fall within the jurisdiction of the committee concerned.</text>
          <actionDate>2018-01-25</actionDate>
        </latestAction>
        <latestTitle>Department of Defense Appropriations Act, 2018</latestTitle>
      </item>
      <item>
        <relationshipDetails>
          <item>
            <type>Related bill</type>
            <identifiedBy>CRS</identifiedBy>
          </item>
        </relationshipDetails>
        <type>HR</type>
        <number>695</number>
        <congress>115</congress>
        <latestAction>
          <text>Cloture on the motion to concur in the House amendment to the Senate amendment to H.R. 695 not invoked in Senate by Yea-Nay Vote. 55 - 44. Record Vote Number: 29. (CR S798)</text>
          <actionDate>2018-02-08</actionDate>
        </latestAction>
        <latestTitle>Department of Defense Appropriations Act, 2018</latestTitle>
      </item>
      <item>
        <relationshipDetails>
          <item>
            <type>Related bill</type>
            <identifiedBy>CRS</identifiedBy>
          </item>
        </relationshipDetails>
        <type>HR</type>
        <number>3219</number>
        <congress>115</congress>
        <latestAction>
          <text>Read the second time. Placed on Senate Legislative Calendar under General Orders. Calendar No. 187.</text>
          <actionDate>2017-08-01</actionDate>
        </latestAction>
        <latestTitle>Make America Secure Appropriations Act, 2018</latestTitle>
      </item>
    </relatedBills>
    <createDate>2018-02-06T03:11:00Z</createDate>
    <originChamber>House</originChamber>
    <version>1.0.0</version>
  </bill>
  <dublinCore xmlns:dc="http://purl.org/dc/elements/1.1/">
    <dc:format>text/xml</dc:format>
    <dc:language>EN</dc:language>
    <dc:rights>Pursuant to Title 17 Section 105 of the United States Code, this file is not subject to copyright protection and is in the public domain.</dc:rights>
    <dc:contributor>Congressional Research Service, Library of Congress</dc:contributor>
    <dc:description>This file contains bill summaries and statuses for federal legislation. A bill summary describes the most significant provisions of a piece of legislation and details the effects the legislative text may have on current law and federal programs. Bill summaries are authored by the Congressional Research Service (CRS) of the Library of Congress. As stated in Public Law 91-510 (2 USC 166 (d)(6)), one of the duties of CRS is "to prepare summaries and digests of bills and resolutions of a public general nature introduced in the Senate or House of Representatives". For more information, refer to the User Guide that accompanies this file.</dc:description>
  </dublinCore>
</billStatus>

