<?xml version="1.0" encoding="UTF-8"?>
<billStatus>
  <bill>
    <calendarNumbers />
    <constitutionalAuthorityStatementText><![CDATA[<pre>[Pages H53-H54]From the Congressional Record Online through the Government Publishing Office [<a href='http://www.gpo.gov'>www.gpo.gov</a>]By Mr. McCLINTOCK:H.J. Res. 12.Congress has the power to enact this legislation pursuantto the following:Article I, Section 5, which confers on Congress the power,whenever two thirds of both Houses shall deem it necessary,to propose Amendments to this Constitution.[[Page H54]]</pre>]]></constitutionalAuthorityStatementText>
    <congress>115</congress>
    <titles>
      <item>
        <chamberName />
        <titleType>Official Title as Introduced</titleType>
        <title>Proposing an amendment to the Constitution of the United States prohibiting the United States Government from increasing its debt except for a specific purpose by law adopted by three-fourths of the membership of each House of Congress.</title>
        <parentTitleType />
        <chamberCode />
      </item>
      <item>
        <chamberName />
        <titleType>Display Title</titleType>
        <title>Proposing an amendment to the Constitution of the United States prohibiting the United States Government from increasing its debt except for a specific purpose by law adopted by three-fourths of the membership of each House of Congress.</title>
        <parentTitleType />
        <chamberCode />
      </item>
    </titles>
    <introducedDate>2017-01-03</introducedDate>
    <latestAction>
      <actionDate>2017-01-11</actionDate>
      <text>Referred to the Subcommittee on the Constitution and Civil Justice.</text>
      <links />
    </latestAction>
    <title>Proposing an amendment to the Constitution of the United States prohibiting the United States Government from increasing its debt except for a specific purpose by law adopted by three-fourths of the membership of each House of Congress.</title>
    <subjects>
      <billSubjects>
        <legislativeSubjects>
          <item>
            <name>Budget deficits and national debt</name>
          </item>
          <item>
            <name>Constitution and constitutional amendments</name>
          </item>
          <item>
            <name>Legislative rules and procedure</name>
          </item>
        </legislativeSubjects>
        <policyArea>
          <name>Economics and Public Finance</name>
        </policyArea>
      </billSubjects>
    </subjects>
    <relatedBills />
    <updateDate>2018-02-06T16:40:07Z</updateDate>
    <committeeReports />
    <notes />
    <recordedVotes />
    <amendments />
    <billType>HJRES</billType>
    <committees>
      <billCommittees>
        <item>
          <subcommittees>
            <item>
              <name>Constitution and Civil Justice Subcommittee</name>
              <systemCode>hsju10</systemCode>
              <activities>
                <item>
                  <name>Referred to</name>
                  <date>2017-01-11T19:03:20Z</date>
                </item>
              </activities>
            </item>
          </subcommittees>
          <type>Standing</type>
          <systemCode>hsju00</systemCode>
          <activities>
            <item>
              <name>Referred to</name>
              <date>2017-01-03T17:15:05Z</date>
            </item>
          </activities>
          <name>Judiciary Committee</name>
          <chamber>House</chamber>
        </item>
      </billCommittees>
    </committees>
    <cboCostEstimates />
    <billNumber>12</billNumber>
    <policyArea>
      <name>Economics and Public Finance</name>
    </policyArea>
    <version>1.0.0</version>
    <createDate>2017-01-04T07:01:08Z</createDate>
    <originChamber>House</originChamber>
    <actions>
      <item>
        <actionDate>2017-01-11</actionDate>
        <committee>
          <systemCode>hsju10</systemCode>
          <name>Constitution and Civil Justice Subcommittee</name>
        </committee>
        <links />
        <sourceSystem>
          <code>1</code>
          <name>House committee actions</name>
        </sourceSystem>
        <text>Referred to the Subcommittee on the Constitution and Civil Justice.</text>
        <type>Committee</type>
      </item>
      <item>
        <committee>
          <systemCode>hsju00</systemCode>
          <name>Judiciary Committee</name>
        </committee>
        <sourceSystem>
          <code>2</code>
          <name>House floor actions</name>
        </sourceSystem>
        <actionDate>2017-01-03</actionDate>
        <text>Referred to the House Committee on the Judiciary.</text>
        <links />
        <type>IntroReferral</type>
        <actionCode>H11100</actionCode>
      </item>
      <item>
        <committee />
        <sourceSystem>
          <code>9</code>
          <name>Library of Congress</name>
        </sourceSystem>
        <actionDate>2017-01-03</actionDate>
        <text>Introduced in House</text>
        <links />
        <type>IntroReferral</type>
        <actionCode>Intro-H</actionCode>
      </item>
      <item>
        <committee />
        <sourceSystem>
          <code>9</code>
          <name>Library of Congress</name>
        </sourceSystem>
        <actionDate>2017-01-03</actionDate>
        <text>Introduced in House</text>
        <links />
        <type>IntroReferral</type>
        <actionCode>1000</actionCode>
      </item>
      <actionByCounts>
        <houseOfRepresentatives>4</houseOfRepresentatives>
      </actionByCounts>
      <actionTypeCounts>
        <billReferrals>1</billReferrals>
        <placeholderTextForH>1</placeholderTextForH>
        <introducedInTheHouse>1</introducedInTheHouse>
        <introducedInHouse>1</introducedInHouse>
      </actionTypeCounts>
    </actions>
    <sponsors>
      <item>
        <party>R</party>
        <bioguideId>M001177</bioguideId>
        <district>4</district>
        <firstName>Tom</firstName>
        <middleName />
        <state>CA</state>
        <fullName>Rep. McClintock, Tom [R-CA-4]</fullName>
        <identifiers>
          <lisID>1908</lisID>
          <gpoId>7809</gpoId>
          <bioguideId>M001177</bioguideId>
        </identifiers>
        <lastName>McClintock</lastName>
        <byRequestType />
      </item>
    </sponsors>
    <summaries>
      <billSummaries>
        <item>
          <lastSummaryUpdateDate>2017-01-09T13:54:15Z</lastSummaryUpdateDate>
          <updateDate>2017-01-03T05:00:00Z</updateDate>
          <versionCode>00</versionCode>
          <text><![CDATA[<p><b>Constitutional Amendment </b></p> <p>This joint resolution proposes a constitutional amendment prohibiting the U.S. government from increasing its debt except for a specific purpose by law adopted by three-fourths of the membership of each house of Congress. </p>]]></text>
          <name>Introduced in House</name>
          <actionDesc>Introduced in House</actionDesc>
          <actionDate>2017-01-03</actionDate>
        </item>
      </billSummaries>
    </summaries>
    <laws />
    <cosponsors>
      <item>
        <bioguideId>W000795</bioguideId>
        <district>2</district>
        <isOriginalCosponsor>True</isOriginalCosponsor>
        <sponsorshipWithdrawnDate />
        <lastName>Wilson</lastName>
        <state>SC</state>
        <fullName>Rep. Wilson, Joe [R-SC-2]</fullName>
        <sponsorshipDate>2017-01-03</sponsorshipDate>
        <middleName />
        <firstName>Joe</firstName>
        <party>R</party>
        <identifiers>
          <gpoId>8142</gpoId>
          <bioguideId>W000795</bioguideId>
          <lisID>1688</lisID>
        </identifiers>
      </item>
      <item>
        <bioguideId>D000615</bioguideId>
        <district>3</district>
        <isOriginalCosponsor>True</isOriginalCosponsor>
        <sponsorshipWithdrawnDate />
        <lastName>Duncan</lastName>
        <state>SC</state>
        <fullName>Rep. Duncan, Jeff [R-SC-3]</fullName>
        <sponsorshipDate>2017-01-03</sponsorshipDate>
        <middleName />
        <firstName>Jeff</firstName>
        <party>R</party>
        <identifiers>
          <lisID>2057</lisID>
          <gpoId>8143</gpoId>
          <bioguideId>D000615</bioguideId>
        </identifiers>
      </item>
    </cosponsors>
  </bill>
  <dublinCore xmlns:dc="http://purl.org/dc/elements/1.1/">
    <dc:format>text/xml</dc:format>
    <dc:language>EN</dc:language>
    <dc:rights>Pursuant to Title 17 Section 105 of the United States Code, this file is not subject to copyright protection and is in the public domain.</dc:rights>
    <dc:contributor>Congressional Research Service, Library of Congress</dc:contributor>
    <dc:description>This file contains bill summaries and statuses for federal legislation. A bill summary describes the most significant provisions of a piece of legislation and details the effects the legislative text may have on current law and federal programs. Bill summaries are authored by the Congressional Research Service (CRS) of the Library of Congress. As stated in Public Law 91-510 (2 USC 166 (d)(6)), one of the duties of CRS is "to prepare summaries and digests of bills and resolutions of a public general nature introduced in the Senate or House of Representatives". For more information, refer to the User Guide that accompanies this file.</dc:description>
  </dublinCore>
</billStatus>

