<?xml version="1.0" encoding="UTF-8"?>
<billStatus>
  <bill>
    <policyArea>
      <name>Economics and Public Finance</name>
    </policyArea>
    <introducedDate>2017-04-08</introducedDate>
    <cosponsors>
      <item>
        <isOriginalCosponsor>False</isOriginalCosponsor>
        <firstName>Brian</firstName>
        <party>R</party>
        <sponsorshipDate>2017-05-08</sponsorshipDate>
        <lastName>Babin</lastName>
        <bioguideId>B001291</bioguideId>
        <middleName />
        <identifiers>
          <lisID>2270</lisID>
          <bioguideId>B001291</bioguideId>
          <gpoId />
        </identifiers>
        <fullName>Rep. Babin, Brian [R-TX-36]</fullName>
        <state>TX</state>
        <district>36</district>
        <sponsorshipWithdrawnDate />
      </item>
    </cosponsors>
    <titles>
      <item>
        <titleType>Official Title as Introduced</titleType>
        <title>Proposing a balanced budget amendment to the Constitution of the United States.</title>
        <chamberCode />
        <parentTitleType />
        <chamberName />
      </item>
      <item>
        <titleType>Display Title</titleType>
        <title>Proposing a balanced budget amendment to the Constitution of the United States.</title>
        <chamberCode />
        <parentTitleType />
        <chamberName />
      </item>
    </titles>
    <congress>115</congress>
    <recordedVotes />
    <amendments />
    <laws />
    <cboCostEstimates />
    <actions>
      <actionByCounts>
        <houseOfRepresentatives>4</houseOfRepresentatives>
      </actionByCounts>
      <actionTypeCounts>
        <placeholderTextForH>1</placeholderTextForH>
        <billReferrals>1</billReferrals>
        <introducedInHouse>1</introducedInHouse>
        <introducedInTheHouse>1</introducedInTheHouse>
      </actionTypeCounts>
      <item>
        <actionDate>2017-04-21</actionDate>
        <committee>
          <systemCode>hsju10</systemCode>
          <name>Constitution and Civil Justice Subcommittee</name>
        </committee>
        <links />
        <sourceSystem>
          <name>House committee actions</name>
          <code>1</code>
        </sourceSystem>
        <text>Referred to the Subcommittee on the Constitution and Civil Justice.</text>
        <type>Committee</type>
      </item>
      <item>
        <sourceSystem>
          <name>House floor actions</name>
          <code>2</code>
        </sourceSystem>
        <actionDate>2017-04-08</actionDate>
        <text>Referred to the House Committee on the Judiciary.</text>
        <type>IntroReferral</type>
        <links />
        <committee>
          <systemCode>hsju00</systemCode>
          <name>Judiciary Committee</name>
        </committee>
        <actionCode>H11100</actionCode>
      </item>
      <item>
        <sourceSystem>
          <name>Library of Congress</name>
          <code>9</code>
        </sourceSystem>
        <actionDate>2017-04-08</actionDate>
        <text>Introduced in House</text>
        <type>IntroReferral</type>
        <links />
        <committee />
        <actionCode>Intro-H</actionCode>
      </item>
      <item>
        <sourceSystem>
          <name>Library of Congress</name>
          <code>9</code>
        </sourceSystem>
        <actionDate>2017-04-08</actionDate>
        <text>Introduced in House</text>
        <type>IntroReferral</type>
        <links />
        <committee />
        <actionCode>1000</actionCode>
      </item>
    </actions>
    <updateDate>2018-02-06T16:40:12Z</updateDate>
    <summaries>
      <billSummaries>
        <item>
          <text><![CDATA[<p><b>Constitutional Amendment </b> <br> <br> This joint resolution proposes a constitutional amendment prohibiting total outlays for a fiscal year from exceeding total receipts for that fiscal year unless Congress authorizes the excess by a two-thirds roll call vote of each chamber. The prohibition excludes outlays for repayment of debt principal and receipts derived from borrowing. <br> <br> The amendment also:</p> <ul> <li>prohibits total outlays for any fiscal year from exceeding 18% of the economic output of the United States unless two-thirds of each chamber of Congress provides a specific increase in outlays above this amount; </li> <li>requires a three-fourths roll call vote of each chamber of Congress to increase the public debt limit;</li> <li>requires a two-thirds roll call vote of each chamber of Congress to increase revenue;</li> <li>requires the President to transmit to Congress a proposed balanced budget each year and prohibits the President from being compensated if the requirement is not met; and</li> <li>requires Congress to consider and approve a balanced budget each year and prohibits Members of Congress from being compensated if the requirement is not met. </li> </ul> <p>Congress may waive these requirements when a declaration of war is in effect or if the United States is engaged in a military conflict which causes an imminent and serious military threat to national security.</p> <p>The amendment prohibits a court from entering an order in any action that results in an increase in the collection of revenue. </p>]]></text>
          <actionDate>2017-04-08</actionDate>
          <updateDate>2017-04-08T04:00:00Z</updateDate>
          <lastSummaryUpdateDate>2017-07-17T13:13:40Z</lastSummaryUpdateDate>
          <name>Introduced in House</name>
          <actionDesc>Introduced in House</actionDesc>
          <versionCode>00</versionCode>
        </item>
      </billSummaries>
    </summaries>
    <title>Proposing a balanced budget amendment to the Constitution of the United States.</title>
    <calendarNumbers />
    <originChamber>House</originChamber>
    <constitutionalAuthorityStatementText />
    <notes />
    <billType>HJRES</billType>
    <committees>
      <billCommittees>
        <item>
          <subcommittees>
            <item>
              <name>Constitution and Civil Justice Subcommittee</name>
              <systemCode>hsju10</systemCode>
              <activities>
                <item>
                  <name>Referred to</name>
                  <date>2017-04-21T14:54:21Z</date>
                </item>
              </activities>
            </item>
          </subcommittees>
          <type>Standing</type>
          <systemCode>hsju00</systemCode>
          <activities>
            <item>
              <name>Referred to</name>
              <date>2017-04-08T15:00:23Z</date>
            </item>
          </activities>
          <name>Judiciary Committee</name>
          <chamber>House</chamber>
        </item>
      </billCommittees>
    </committees>
    <latestAction>
      <text>Referred to the Subcommittee on the Constitution and Civil Justice.</text>
      <actionDate>2017-04-21</actionDate>
      <links />
    </latestAction>
    <committeeReports />
    <billNumber>98</billNumber>
    <sponsors>
      <item>
        <byRequestType />
        <state>TX</state>
        <bioguideId>R000601</bioguideId>
        <identifiers>
          <lisID>2268</lisID>
          <bioguideId>R000601</bioguideId>
          <gpoId />
        </identifiers>
        <fullName>Rep. Ratcliffe, John [R-TX-4]</fullName>
        <district>4</district>
        <lastName>Ratcliffe</lastName>
        <firstName>John</firstName>
        <middleName />
        <party>R</party>
      </item>
    </sponsors>
    <subjects>
      <billSubjects>
        <legislativeSubjects>
          <item>
            <name>Budget deficits and national debt</name>
          </item>
          <item>
            <name>Civil actions and liability</name>
          </item>
          <item>
            <name>Constitution and constitutional amendments</name>
          </item>
          <item>
            <name>Government employee pay, benefits, personnel management</name>
          </item>
          <item>
            <name>Income tax rates</name>
          </item>
          <item>
            <name>Legislative rules and procedure</name>
          </item>
          <item>
            <name>Presidents and presidential powers, Vice Presidents</name>
          </item>
        </legislativeSubjects>
        <policyArea>
          <name>Economics and Public Finance</name>
        </policyArea>
      </billSubjects>
    </subjects>
    <createDate>2017-04-09T03:11:45Z</createDate>
    <version>1.0.0</version>
    <relatedBills>
      <item>
        <latestTitle>Proposing a balanced budget amendment to the Constitution of the United States.</latestTitle>
        <number>1</number>
        <congress>115</congress>
        <latestAction>
          <actionDate>2017-01-11</actionDate>
          <text>Referred to the Subcommittee on the Constitution and Civil Justice.</text>
        </latestAction>
        <type>HJRES</type>
        <relationshipDetails>
          <item>
            <type>Related bill</type>
            <identifiedBy>CRS</identifiedBy>
          </item>
        </relationshipDetails>
      </item>
      <item>
        <latestTitle>Proposing a balanced budget amendment to the Constitution of the United States.</latestTitle>
        <number>2</number>
        <congress>115</congress>
        <latestAction>
          <actionDate>2017-01-11</actionDate>
          <text>Referred to the Subcommittee on the Constitution and Civil Justice.</text>
        </latestAction>
        <type>HJRES</type>
        <relationshipDetails>
          <item>
            <type>Related bill</type>
            <identifiedBy>CRS</identifiedBy>
          </item>
        </relationshipDetails>
      </item>
      <item>
        <latestTitle>Proposing a balanced budget amendment to the Constitution of the United States.</latestTitle>
        <number>14</number>
        <congress>115</congress>
        <latestAction>
          <actionDate>2017-01-11</actionDate>
          <text>Referred to the Subcommittee on the Constitution and Civil Justice.</text>
        </latestAction>
        <type>HJRES</type>
        <relationshipDetails>
          <item>
            <type>Related bill</type>
            <identifiedBy>CRS</identifiedBy>
          </item>
        </relationshipDetails>
      </item>
    </relatedBills>
  </bill>
  <dublinCore xmlns:dc="http://purl.org/dc/elements/1.1/">
    <dc:format>text/xml</dc:format>
    <dc:language>EN</dc:language>
    <dc:rights>Pursuant to Title 17 Section 105 of the United States Code, this file is not subject to copyright protection and is in the public domain.</dc:rights>
    <dc:contributor>Congressional Research Service, Library of Congress</dc:contributor>
    <dc:description>This file contains bill summaries and statuses for federal legislation. A bill summary describes the most significant provisions of a piece of legislation and details the effects the legislative text may have on current law and federal programs. Bill summaries are authored by the Congressional Research Service (CRS) of the Library of Congress. As stated in Public Law 91-510 (2 USC 166 (d)(6)), one of the duties of CRS is "to prepare summaries and digests of bills and resolutions of a public general nature introduced in the Senate or House of Representatives". For more information, refer to the User Guide that accompanies this file.</dc:description>
  </dublinCore>
</billStatus>

