<?xml version="1.0" encoding="UTF-8"?>
<billStatus>
  <bill>
    <amendments />
    <createDate>2017-03-29T05:07:57Z</createDate>
    <notes />
    <relatedBills />
    <sponsors>
      <item>
        <lastName>Comstock</lastName>
        <firstName>Barbara</firstName>
        <fullName>Rep. Comstock, Barbara [R-VA-10]</fullName>
        <state>VA</state>
        <byRequestType />
        <party>R</party>
        <identifiers>
          <gpoId />
          <bioguideId>C001105</bioguideId>
          <lisID>2273</lisID>
        </identifiers>
        <district>10</district>
        <bioguideId>C001105</bioguideId>
        <middleName />
      </item>
    </sponsors>
    <originChamber>House</originChamber>
    <constitutionalAuthorityStatementText><![CDATA[<pre>From the Congressional Record Online through the Government Publishing Office [<a href='http://www.gpo.gov'>www.gpo.gov</a>]By Mrs. COMSTOCK:H.J. Res. 92.Congress has the power to enact this legislation pursuantto the following:Article I, Section 10, Clause 3: ``No State shall, withoutthe Consent of Congress . . . enter into any Agreement orCompact with another State . . .''____________________[Page H2517]</pre>]]></constitutionalAuthorityStatementText>
    <committees>
      <billCommittees>
        <item>
          <subcommittees />
          <chamber>Senate</chamber>
          <activities>
            <item>
              <date>2017-07-18T16:53:42Z</date>
              <name>Referred to</name>
            </item>
          </activities>
          <type>Standing</type>
          <name>Judiciary Committee</name>
          <systemCode>ssju00</systemCode>
        </item>
        <item>
          <subcommittees>
            <item>
              <activities>
                <item>
                  <date>2017-06-14T15:10:40Z</date>
                  <name>Discharged from</name>
                </item>
                <item>
                  <date>2017-04-06T20:34:09Z</date>
                  <name>Referred to</name>
                </item>
              </activities>
              <systemCode>hsju05</systemCode>
              <name>Regulatory Reform, Commercial And Antitrust Law Subcommittee</name>
            </item>
          </subcommittees>
          <chamber>House</chamber>
          <activities>
            <item>
              <date>2017-07-17T16:48:52Z</date>
              <name>Reported by</name>
            </item>
            <item>
              <date>2017-06-14T19:04:32Z</date>
              <name>Markup by</name>
            </item>
            <item>
              <date>2017-03-28T14:02:15Z</date>
              <name>Referred to</name>
            </item>
          </activities>
          <type>Standing</type>
          <name>Judiciary Committee</name>
          <systemCode>hsju00</systemCode>
        </item>
      </billCommittees>
    </committees>
    <version>1.0.0</version>
    <calendarNumbers>
      <item>
        <number />
        <calendar>H00064</calendar>
      </item>
    </calendarNumbers>
    <introducedDate>2017-03-28</introducedDate>
    <summaries>
      <billSummaries>
        <item>
          <updateDate>2017-03-28T04:00:00Z</updateDate>
          <actionDesc>Introduced in House</actionDesc>
          <text><![CDATA[<p><b>Interstate Compact</b></p> <p>This joint resolution grants congressional consent to amendments of Virginia, Maryland, and Washington, DC to the Washington Metropolitan Area Transit Regulation Compact relating to the appointment and removal of members and alternates of the Board of Directors of the Washington Metropolitan Area Transit Authority by compact signatories.</p>]]></text>
          <lastSummaryUpdateDate>2017-07-07T21:27:32Z</lastSummaryUpdateDate>
          <name>Introduced in House</name>
          <actionDate>2017-03-28</actionDate>
          <versionCode>00</versionCode>
        </item>
        <item>
          <updateDate>2017-07-17T17:05:25Z</updateDate>
          <actionDesc>Passed House without amendment</actionDesc>
          <text><![CDATA[<p>(This measure has not been amended since it was introduced. The summary has been expanded because action occurred on the measure.)</p> <p><b>Interstate Compact</b></p> <p>(Sec. 2) This joint resolution grants congressional consent to amendments of Virginia, Maryland, and Washington, DC to the Washington Metropolitan Area Transit Regulation Compact relating to the appointment and removal of members and alternates of the Board of Directors of the Washington Metropolitan Area Transit Authority by compact signatories.</p>]]></text>
          <lastSummaryUpdateDate>2017-07-20T17:11:13Z</lastSummaryUpdateDate>
          <name>Passed House without amendment</name>
          <actionDate>2017-07-17</actionDate>
          <versionCode>81</versionCode>
        </item>
      </billSummaries>
    </summaries>
    <cosponsors>
      <item>
        <district>8</district>
        <bioguideId>B001292</bioguideId>
        <lastName>Beyer</lastName>
        <fullName>Rep. Beyer, Donald S., Jr. [D-VA-8]</fullName>
        <sponsorshipDate>2017-03-28</sponsorshipDate>
        <sponsorshipWithdrawnDate />
        <state>VA</state>
        <middleName>S.</middleName>
        <firstName>Donald</firstName>
        <isOriginalCosponsor>True</isOriginalCosponsor>
        <party>D</party>
        <identifiers>
          <gpoId />
          <bioguideId>B001292</bioguideId>
          <lisID>2272</lisID>
        </identifiers>
      </item>
      <item>
        <district>11</district>
        <bioguideId>C001078</bioguideId>
        <lastName>Connolly</lastName>
        <fullName>Rep. Connolly, Gerald E. [D-VA-11]</fullName>
        <sponsorshipDate>2017-03-28</sponsorshipDate>
        <sponsorshipWithdrawnDate />
        <state>VA</state>
        <middleName>E.</middleName>
        <firstName>Gerald</firstName>
        <isOriginalCosponsor>True</isOriginalCosponsor>
        <party>D</party>
        <identifiers>
          <bioguideId>C001078</bioguideId>
          <gpoId>8202</gpoId>
          <lisID>1959</lisID>
        </identifiers>
      </item>
      <item>
        <district>4</district>
        <bioguideId>B001304</bioguideId>
        <lastName>Brown</lastName>
        <fullName>Rep. Brown, Anthony G. [D-MD-4]</fullName>
        <sponsorshipDate>2017-03-28</sponsorshipDate>
        <sponsorshipWithdrawnDate />
        <state>MD</state>
        <middleName>G.</middleName>
        <firstName>Anthony</firstName>
        <isOriginalCosponsor>True</isOriginalCosponsor>
        <party>D</party>
        <identifiers>
          <bioguideId>B001304</bioguideId>
          <lisID>2331</lisID>
          <gpoId />
        </identifiers>
      </item>
      <item>
        <district>6</district>
        <bioguideId>D000620</bioguideId>
        <lastName>Delaney</lastName>
        <fullName>Rep. Delaney, John K. [D-MD-6]</fullName>
        <sponsorshipDate>2017-03-28</sponsorshipDate>
        <sponsorshipWithdrawnDate />
        <state>MD</state>
        <middleName>K.</middleName>
        <firstName>John</firstName>
        <isOriginalCosponsor>True</isOriginalCosponsor>
        <party>D</party>
        <identifiers>
          <bioguideId>D000620</bioguideId>
          <gpoId />
          <lisID>2133</lisID>
        </identifiers>
      </item>
      <item>
        <district>0</district>
        <bioguideId>N000147</bioguideId>
        <lastName>NORTON</lastName>
        <fullName>Rep. Norton, Eleanor Holmes [D-DC-At Large]</fullName>
        <sponsorshipDate>2017-03-28</sponsorshipDate>
        <sponsorshipWithdrawnDate />
        <state>DC</state>
        <middleName>HOLMES</middleName>
        <firstName>ELEANOR</firstName>
        <isOriginalCosponsor>True</isOriginalCosponsor>
        <party>D</party>
        <identifiers>
          <bioguideId>N000147</bioguideId>
          <gpoId>7871</gpoId>
          <lisID>868</lisID>
        </identifiers>
      </item>
      <item>
        <district>8</district>
        <bioguideId>R000606</bioguideId>
        <lastName>Raskin</lastName>
        <fullName>Rep. Raskin, Jamie [D-MD-8]</fullName>
        <sponsorshipDate>2017-03-28</sponsorshipDate>
        <sponsorshipWithdrawnDate />
        <state>MD</state>
        <middleName />
        <firstName>Jamie</firstName>
        <isOriginalCosponsor>True</isOriginalCosponsor>
        <party>D</party>
        <identifiers>
          <bioguideId>R000606</bioguideId>
          <gpoId />
          <lisID>2332</lisID>
        </identifiers>
      </item>
      <item>
        <district>5</district>
        <bioguideId>H000874</bioguideId>
        <lastName>HOYER</lastName>
        <fullName>Rep. Hoyer, Steny H. [D-MD-5]</fullName>
        <sponsorshipDate>2017-03-28</sponsorshipDate>
        <sponsorshipWithdrawnDate />
        <state>MD</state>
        <middleName>H.</middleName>
        <firstName>STENY</firstName>
        <isOriginalCosponsor>True</isOriginalCosponsor>
        <party>D</party>
        <identifiers>
          <bioguideId>H000874</bioguideId>
          <gpoId>7980</gpoId>
          <lisID>566</lisID>
        </identifiers>
      </item>
    </cosponsors>
    <recordedVotes>
      <recordedVote>
        <sessionNumber>1</sessionNumber>
        <congress>115</congress>
        <fullActionName>Final Passage Under Suspension of the Rules Results</fullActionName>
        <date>2017-07-17T23:03:34Z</date>
        <chamber>House</chamber>
        <rollNumber>380</rollNumber>
        <url>http://clerk.house.gov/evs/2017/roll380.xml</url>
      </recordedVote>
    </recordedVotes>
    <laws />
    <committeeReports>
      <committeeReport>
        <citation>H. Rept. 115-228</citation>
      </committeeReport>
    </committeeReports>
    <policyArea>
      <name>Transportation and Public Works</name>
    </policyArea>
    <billNumber>92</billNumber>
    <title>Granting the consent and approval of Congress for the Commonwealth of Virginia, the State of Maryland, and the District of Columbia to amend the Washington Area Transit Regulation Compact.</title>
    <subjects>
      <billSubjects>
        <legislativeSubjects>
          <item>
            <name>Congressional oversight</name>
          </item>
          <item>
            <name>District of Columbia</name>
          </item>
          <item>
            <name>Intergovernmental relations</name>
          </item>
          <item>
            <name>Maryland</name>
          </item>
          <item>
            <name>Public transit</name>
          </item>
          <item>
            <name>State and local government operations</name>
          </item>
          <item>
            <name>Virginia</name>
          </item>
        </legislativeSubjects>
        <policyArea>
          <name>Transportation and Public Works</name>
        </policyArea>
      </billSubjects>
    </subjects>
    <billType>HJRES</billType>
    <actions>
      <item>
        <actionDate>2017-07-18</actionDate>
        <committee>
          <systemCode>ssju00</systemCode>
          <name>Judiciary Committee</name>
        </committee>
        <links />
        <sourceSystem>
          <code>0</code>
          <name>Senate</name>
        </sourceSystem>
        <text>Received in the Senate and Read twice and referred to the Committee on the Judiciary.</text>
        <type>IntroReferral</type>
      </item>
      <item>
        <text>On motion to suspend the rules and pass the resolution Agreed to by the Yeas and Nays: (2/3 required): 402 - 0 (Roll no. 380). (text: CR H5892)</text>
        <actionCode>H37300</actionCode>
        <actionTime>19:03:34</actionTime>
        <committee />
        <actionDate>2017-07-17</actionDate>
        <type>Floor</type>
        <sourceSystem>
          <code>2</code>
          <name>House floor actions</name>
        </sourceSystem>
        <links>
          <link>
            <name>H5892</name>
            <url>https://www.congress.gov/congressional-record/volume-163/house-section/page/H5892</url>
          </link>
          <link>
            <name>Roll no. 380</name>
            <url>http://clerk.house.gov/evs/2017/roll380.xml</url>
          </link>
        </links>
      </item>
      <item>
        <text>Passed/agreed to in House: On motion to suspend the rules and pass the resolution Agreed to by the Yeas and Nays: (2/3 required): 402 - 0 (Roll no. 380).</text>
        <actionCode>8000</actionCode>
        <actionTime>19:03:34</actionTime>
        <committee />
        <actionDate>2017-07-17</actionDate>
        <type>Floor</type>
        <sourceSystem>
          <code>9</code>
          <name>Library of Congress</name>
        </sourceSystem>
        <links>
          <link>
            <name>Roll no. 380</name>
            <url>http://clerk.house.gov/evs/2017/roll380.xml</url>
          </link>
        </links>
      </item>
      <item>
        <text>Considered as unfinished business. (consideration: CR H5901-5902)</text>
        <actionCode>H30000</actionCode>
        <actionTime>18:55:54</actionTime>
        <committee />
        <actionDate>2017-07-17</actionDate>
        <type>Floor</type>
        <sourceSystem>
          <code>2</code>
          <name>House floor actions</name>
        </sourceSystem>
        <links>
          <link>
            <name>H5901-5902</name>
            <url>https://www.congress.gov/congressional-record/volume-163/house-section/page/H5901-5902</url>
          </link>
        </links>
      </item>
      <item>
        <text>At the conclusion of debate, the Yeas and Nays were demanded and ordered. Pursuant to the provisions of clause 8, rule XX, the Chair announced that further proceedings on the motion would be postponed.</text>
        <actionCode>H37220</actionCode>
        <actionTime>17:13:31</actionTime>
        <committee />
        <actionDate>2017-07-17</actionDate>
        <type>Floor</type>
        <sourceSystem>
          <code>2</code>
          <name>House floor actions</name>
        </sourceSystem>
        <links />
      </item>
      <item>
        <text>DEBATE - The House proceeded with forty minutes of debate on H.J. Res. 92.</text>
        <actionCode>H8D000</actionCode>
        <actionTime>17:05:40</actionTime>
        <committee />
        <actionDate>2017-07-17</actionDate>
        <type>Floor</type>
        <sourceSystem>
          <code>2</code>
          <name>House floor actions</name>
        </sourceSystem>
        <links>
          <link>
            <name>H.J. Res. 92</name>
            <url>https://www.congress.gov/bill/115th-congress/house-joint-resolution/92</url>
          </link>
        </links>
      </item>
      <item>
        <text>Considered under suspension of the rules. (consideration: CR H5892-5894)</text>
        <actionCode>H30000</actionCode>
        <actionTime>17:05:38</actionTime>
        <committee />
        <actionDate>2017-07-17</actionDate>
        <type>Floor</type>
        <sourceSystem>
          <code>2</code>
          <name>House floor actions</name>
        </sourceSystem>
        <links>
          <link>
            <name>H5892-5894</name>
            <url>https://www.congress.gov/congressional-record/volume-163/house-section/page/H5892-5894</url>
          </link>
        </links>
      </item>
      <item>
        <text>Mr. Goodlatte moved to suspend the rules and pass the resolution.</text>
        <actionCode>H30300</actionCode>
        <actionTime>17:05:26</actionTime>
        <committee />
        <actionDate>2017-07-17</actionDate>
        <type>Floor</type>
        <sourceSystem>
          <code>2</code>
          <name>House floor actions</name>
        </sourceSystem>
        <links />
      </item>
      <item>
        <text>Placed on the House Calendar, Calendar No. 64.</text>
        <actionCode>H12420</actionCode>
        <committee />
        <actionDate>2017-07-17</actionDate>
        <type>Calendars</type>
        <sourceSystem>
          <code>2</code>
          <name>House floor actions</name>
        </sourceSystem>
        <links />
      </item>
      <item>
        <text>Reported by the Committee on Judiciary. H. Rept. 115-228.</text>
        <actionCode>H12200</actionCode>
        <committee>
          <systemCode>hsju00</systemCode>
          <name>Judiciary Committee</name>
        </committee>
        <actionDate>2017-07-17</actionDate>
        <type>Committee</type>
        <sourceSystem>
          <code>2</code>
          <name>House floor actions</name>
        </sourceSystem>
        <links>
          <link>
            <name>H. Rept. 115-228</name>
            <url>https://www.congress.gov/congressional-report/115th-congress/house-report/228</url>
          </link>
        </links>
      </item>
      <item>
        <text>Reported by the Committee on Judiciary. H. Rept. 115-228.</text>
        <actionCode>5000</actionCode>
        <committee>
          <systemCode>hsju00</systemCode>
          <name>Judiciary Committee</name>
        </committee>
        <actionDate>2017-07-17</actionDate>
        <type>Committee</type>
        <sourceSystem>
          <code>9</code>
          <name>Library of Congress</name>
        </sourceSystem>
        <links>
          <link>
            <name>H. Rept. 115-228</name>
            <url>https://www.congress.gov/congressional-report/115th-congress/house-report/228</url>
          </link>
        </links>
      </item>
      <item>
        <actionDate>2017-06-14</actionDate>
        <committee>
          <systemCode>hsju00</systemCode>
          <name>Judiciary Committee</name>
        </committee>
        <links />
        <sourceSystem>
          <code>1</code>
          <name>House committee actions</name>
        </sourceSystem>
        <text>Ordered to be Reported by Voice Vote.</text>
        <type>Committee</type>
      </item>
      <item>
        <actionDate>2017-06-14</actionDate>
        <committee>
          <systemCode>hsju00</systemCode>
          <name>Judiciary Committee</name>
        </committee>
        <links />
        <sourceSystem>
          <code>1</code>
          <name>House committee actions</name>
        </sourceSystem>
        <text>Committee Consideration and Mark-up Session Held.</text>
        <type>Committee</type>
      </item>
      <item>
        <actionDate>2017-06-14</actionDate>
        <committee>
          <systemCode>hsju00</systemCode>
          <name>Judiciary Committee</name>
        </committee>
        <links />
        <sourceSystem>
          <code>1</code>
          <name>House committee actions</name>
        </sourceSystem>
        <text>Subcommittee on Regulatory Reform, Commercial And Antitrust Law Discharged.</text>
        <type>Committee</type>
      </item>
      <item>
        <actionDate>2017-04-06</actionDate>
        <committee>
          <systemCode>hsju05</systemCode>
          <name>Regulatory Reform, Commercial And Antitrust Law Subcommittee</name>
        </committee>
        <links />
        <sourceSystem>
          <code>1</code>
          <name>House committee actions</name>
        </sourceSystem>
        <text>Referred to the Subcommittee on Regulatory Reform, Commercial And Antitrust Law.</text>
        <type>Committee</type>
      </item>
      <item>
        <text>Referred to the House Committee on the Judiciary.</text>
        <actionCode>H11100</actionCode>
        <committee>
          <systemCode>hsju00</systemCode>
          <name>Judiciary Committee</name>
        </committee>
        <actionDate>2017-03-28</actionDate>
        <type>IntroReferral</type>
        <sourceSystem>
          <code>2</code>
          <name>House floor actions</name>
        </sourceSystem>
        <links />
      </item>
      <item>
        <text>Introduced in House</text>
        <actionCode>Intro-H</actionCode>
        <committee />
        <actionDate>2017-03-28</actionDate>
        <type>IntroReferral</type>
        <sourceSystem>
          <code>9</code>
          <name>Library of Congress</name>
        </sourceSystem>
        <links />
      </item>
      <item>
        <text>Introduced in House</text>
        <actionCode>1000</actionCode>
        <committee />
        <actionDate>2017-03-28</actionDate>
        <type>IntroReferral</type>
        <sourceSystem>
          <code>9</code>
          <name>Library of Congress</name>
        </sourceSystem>
        <links />
      </item>
      <actionByCounts>
        <senate>1</senate>
        <houseOfRepresentatives>17</houseOfRepresentatives>
      </actionByCounts>
      <actionTypeCounts>
        <committeeReportOfABill>1</committeeReportOfABill>
        <motionMadeToSuspendTheRules>1</motionMadeToSuspendTheRules>
        <introducedInTheHouse>1</introducedInTheHouse>
        <referredToCommittee>1</referredToCommittee>
        <generalDebate>1</generalDebate>
        <houseCalendarAssignment>1</houseCalendarAssignment>
        <reportedToHouse>1</reportedToHouse>
        <billReferrals>1</billReferrals>
        <introducedInHouse>1</introducedInHouse>
        <considerationByHouse>2</considerationByHouse>
        <finalPassageUnderSuspensionOfTheRulesResults>1</finalPassageUnderSuspensionOfTheRulesResults>
        <passedAgreedToInHouse>1</passedAgreedToInHouse>
        <placeholderTextForH>4</placeholderTextForH>
        <actionStageOverride>1</actionStageOverride>
      </actionTypeCounts>
    </actions>
    <cboCostEstimates />
    <congress>115</congress>
    <titles>
      <item>
        <chamberName />
        <title>Granting the consent and approval of Congress for the Commonwealth of Virginia, the State of Maryland, and the District of Columbia to amend the Washington Area Transit Regulation Compact.</title>
        <titleType>Official Title as Introduced</titleType>
        <chamberCode />
        <parentTitleType />
      </item>
      <item>
        <chamberName />
        <title>Granting the consent and approval of Congress for the Commonwealth of Virginia, the State of Maryland, and the District of Columbia to amend the Washington Area Transit Regulation Compact.</title>
        <titleType>Display Title</titleType>
        <chamberCode />
        <parentTitleType />
      </item>
    </titles>
    <updateDate>2018-02-22T15:26:57Z</updateDate>
    <latestAction>
      <text>Received in the Senate and Read twice and referred to the Committee on the Judiciary.</text>
      <actionDate>2017-07-18</actionDate>
      <links />
    </latestAction>
  </bill>
  <dublinCore xmlns:dc="http://purl.org/dc/elements/1.1/">
    <dc:format>text/xml</dc:format>
    <dc:language>EN</dc:language>
    <dc:rights>Pursuant to Title 17 Section 105 of the United States Code, this file is not subject to copyright protection and is in the public domain.</dc:rights>
    <dc:contributor>Congressional Research Service, Library of Congress</dc:contributor>
    <dc:description>This file contains bill summaries and statuses for federal legislation. A bill summary describes the most significant provisions of a piece of legislation and details the effects the legislative text may have on current law and federal programs. Bill summaries are authored by the Congressional Research Service (CRS) of the Library of Congress. As stated in Public Law 91-510 (2 USC 166 (d)(6)), one of the duties of CRS is "to prepare summaries and digests of bills and resolutions of a public general nature introduced in the Senate or House of Representatives". For more information, refer to the User Guide that accompanies this file.</dc:description>
  </dublinCore>
</billStatus>

