<?xml version="1.0" encoding="UTF-8"?>
<billStatus>
  <bill>
    <sponsors>
      <item>
        <fullName>Rep. Dunn, Neal P. [R-FL-2]</fullName>
        <lastName>Dunn</lastName>
        <bioguideId>D000628</bioguideId>
        <party>R</party>
        <middleName>P.</middleName>
        <state>FL</state>
        <firstName>Neal</firstName>
        <district>2</district>
        <byRequestType />
        <identifiers>
          <lisID>2315</lisID>
          <gpoId />
          <bioguideId>D000628</bioguideId>
        </identifiers>
      </item>
    </sponsors>
    <laws />
    <version>1.0.0</version>
    <introducedDate>2017-02-16</introducedDate>
    <cboCostEstimates />
    <titles>
      <item>
        <chamberName />
        <titleType>Official Title as Introduced</titleType>
        <title>Providing for congressional disapproval under chapter 8 of title 5, United States Code, of the rule submitted by the Army Corps of Engineers relating to the Apalachicola-Chattahoochee-Flint River Basin Water Control Master Manual.</title>
        <parentTitleType />
        <chamberCode />
      </item>
      <item>
        <chamberName />
        <titleType>Display Title</titleType>
        <title>Providing for congressional disapproval under chapter 8 of title 5, United States Code, of the rule submitted by the Army Corps of Engineers relating to the Apalachicola-Chattahoochee-Flint River Basin Water Control Master Manual.</title>
        <parentTitleType />
        <chamberCode />
      </item>
    </titles>
    <amendments />
    <recordedVotes />
    <relatedBills />
    <constitutionalAuthorityStatementText><![CDATA[<pre>From the Congressional Record Online through the Government Publishing Office [<a href='http://www.gpo.gov'>www.gpo.gov</a>]By Mr. DUNN:H.J. Res. 77.Congress has the power to enact this legislation pursuantto the following:Article 1 Section 8 of the Constitution of the UnitedStates.[Page H1306]</pre>]]></constitutionalAuthorityStatementText>
    <billType>HJRES</billType>
    <actions>
      <actionByCounts>
        <houseOfRepresentatives>4</houseOfRepresentatives>
      </actionByCounts>
      <item>
        <actionDate>2017-02-17</actionDate>
        <committee>
          <name>Economic Development, Public Buildings and Emergency Management Subcommittee</name>
          <systemCode>hspw13</systemCode>
        </committee>
        <links />
        <sourceSystem>
          <name>House committee actions</name>
          <code>1</code>
        </sourceSystem>
        <text>Referred to the Subcommittee on Economic Development, Public Buildings and Emergency Management.</text>
        <type>Committee</type>
      </item>
      <item>
        <text>Referred to the House Committee on Transportation and Infrastructure.</text>
        <type>IntroReferral</type>
        <sourceSystem>
          <name>House floor actions</name>
          <code>2</code>
        </sourceSystem>
        <committee>
          <name>Transportation and Infrastructure Committee</name>
          <systemCode>hspw00</systemCode>
        </committee>
        <actionCode>H11100</actionCode>
        <actionDate>2017-02-16</actionDate>
        <links />
      </item>
      <item>
        <text>Introduced in House</text>
        <type>IntroReferral</type>
        <sourceSystem>
          <name>Library of Congress</name>
          <code>9</code>
        </sourceSystem>
        <committee />
        <actionCode>Intro-H</actionCode>
        <actionDate>2017-02-16</actionDate>
        <links />
      </item>
      <item>
        <text>Introduced in House</text>
        <type>IntroReferral</type>
        <sourceSystem>
          <name>Library of Congress</name>
          <code>9</code>
        </sourceSystem>
        <committee />
        <actionCode>1000</actionCode>
        <actionDate>2017-02-16</actionDate>
        <links />
      </item>
      <actionTypeCounts>
        <introducedInHouse>1</introducedInHouse>
        <billReferrals>1</billReferrals>
        <placeholderTextForH>1</placeholderTextForH>
        <introducedInTheHouse>1</introducedInTheHouse>
      </actionTypeCounts>
    </actions>
    <notes />
    <originChamber>House</originChamber>
    <congress>115</congress>
    <subjects>
      <billSubjects>
        <legislativeSubjects>
          <item>
            <name>Administrative law and regulatory procedures</name>
          </item>
          <item>
            <name>Alabama</name>
          </item>
          <item>
            <name>Army Corps of Engineers</name>
          </item>
          <item>
            <name>Congressional oversight</name>
          </item>
          <item>
            <name>Department of Defense</name>
          </item>
          <item>
            <name>Environmental assessment, monitoring, research</name>
          </item>
          <item>
            <name>Florida</name>
          </item>
          <item>
            <name>Georgia</name>
          </item>
          <item>
            <name>Water storage</name>
          </item>
          <item>
            <name>Water use and supply</name>
          </item>
        </legislativeSubjects>
        <policyArea>
          <name>Water Resources Development</name>
        </policyArea>
      </billSubjects>
    </subjects>
    <billNumber>77</billNumber>
    <cosponsors>
      <item>
        <isOriginalCosponsor>True</isOriginalCosponsor>
        <fullName>Rep. Gaetz, Matt [R-FL-1]</fullName>
        <middleName />
        <sponsorshipDate>2017-02-16</sponsorshipDate>
        <bioguideId>G000578</bioguideId>
        <lastName>Gaetz</lastName>
        <party>R</party>
        <district>1</district>
        <firstName>Matt</firstName>
        <state>FL</state>
        <identifiers>
          <lisID>2314</lisID>
          <gpoId />
          <bioguideId>G000578</bioguideId>
        </identifiers>
        <sponsorshipWithdrawnDate />
      </item>
      <item>
        <isOriginalCosponsor>True</isOriginalCosponsor>
        <fullName>Rep. DeSantis, Ron [R-FL-6]</fullName>
        <middleName />
        <sponsorshipDate>2017-02-16</sponsorshipDate>
        <bioguideId>D000621</bioguideId>
        <lastName>DeSantis</lastName>
        <party>R</party>
        <district>6</district>
        <firstName>Ron</firstName>
        <state>FL</state>
        <identifiers>
          <lisID>2116</lisID>
          <gpoId />
          <bioguideId>D000621</bioguideId>
        </identifiers>
        <sponsorshipWithdrawnDate />
      </item>
      <item>
        <isOriginalCosponsor>True</isOriginalCosponsor>
        <fullName>Rep. Rooney, Francis [R-FL-19]</fullName>
        <middleName />
        <sponsorshipDate>2017-02-16</sponsorshipDate>
        <bioguideId>R000607</bioguideId>
        <lastName>Rooney</lastName>
        <party>R</party>
        <district>19</district>
        <firstName>Francis</firstName>
        <state>FL</state>
        <identifiers>
          <bioguideId>R000607</bioguideId>
          <gpoId />
          <lisID>2323</lisID>
        </identifiers>
        <sponsorshipWithdrawnDate />
      </item>
      <item>
        <isOriginalCosponsor>True</isOriginalCosponsor>
        <fullName>Rep. Ross, Dennis A. [R-FL-15]</fullName>
        <middleName>A.</middleName>
        <sponsorshipDate>2017-02-16</sponsorshipDate>
        <bioguideId>R000593</bioguideId>
        <lastName>Ross</lastName>
        <party>R</party>
        <district>15</district>
        <firstName>Dennis</firstName>
        <state>FL</state>
        <identifiers>
          <lisID>2003</lisID>
          <gpoId>7884</gpoId>
          <bioguideId>R000593</bioguideId>
        </identifiers>
        <sponsorshipWithdrawnDate />
      </item>
      <item>
        <isOriginalCosponsor>True</isOriginalCosponsor>
        <fullName>Rep. Bilirakis, Gus M. [R-FL-12]</fullName>
        <middleName>M.</middleName>
        <sponsorshipDate>2017-02-16</sponsorshipDate>
        <bioguideId>B001257</bioguideId>
        <lastName>Bilirakis</lastName>
        <party>R</party>
        <district>12</district>
        <firstName>Gus</firstName>
        <state>FL</state>
        <identifiers>
          <lisID>1838</lisID>
          <bioguideId>B001257</bioguideId>
          <gpoId>7881</gpoId>
        </identifiers>
        <sponsorshipWithdrawnDate />
      </item>
      <item>
        <isOriginalCosponsor>True</isOriginalCosponsor>
        <fullName>Rep. Mast, Brian J. [R-FL-18]</fullName>
        <middleName>J.</middleName>
        <sponsorshipDate>2017-02-16</sponsorshipDate>
        <bioguideId>M001199</bioguideId>
        <lastName>Mast</lastName>
        <party>R</party>
        <district>18</district>
        <firstName>Brian</firstName>
        <state>FL</state>
        <identifiers>
          <lisID>2322</lisID>
          <gpoId />
          <bioguideId>M001199</bioguideId>
        </identifiers>
        <sponsorshipWithdrawnDate />
      </item>
      <item>
        <isOriginalCosponsor>True</isOriginalCosponsor>
        <fullName>Rep. Posey, Bill [R-FL-8]</fullName>
        <middleName />
        <sponsorshipDate>2017-02-16</sponsorshipDate>
        <bioguideId>P000599</bioguideId>
        <lastName>Posey</lastName>
        <party>R</party>
        <district>8</district>
        <firstName>Bill</firstName>
        <state>FL</state>
        <identifiers>
          <gpoId>7887</gpoId>
          <lisID>1915</lisID>
          <bioguideId>P000599</bioguideId>
        </identifiers>
        <sponsorshipWithdrawnDate />
      </item>
      <item>
        <isOriginalCosponsor>True</isOriginalCosponsor>
        <fullName>Rep. Rutherford, John H. [R-FL-4]</fullName>
        <middleName>H.</middleName>
        <sponsorshipDate>2017-02-16</sponsorshipDate>
        <bioguideId>R000609</bioguideId>
        <lastName>Rutherford</lastName>
        <party>R</party>
        <district>4</district>
        <firstName>John</firstName>
        <state>FL</state>
        <identifiers>
          <lisID>2316</lisID>
          <gpoId />
          <bioguideId>R000609</bioguideId>
        </identifiers>
        <sponsorshipWithdrawnDate />
      </item>
      <item>
        <isOriginalCosponsor>True</isOriginalCosponsor>
        <fullName>Rep. Curbelo, Carlos [R-FL-26]</fullName>
        <middleName />
        <sponsorshipDate>2017-02-16</sponsorshipDate>
        <bioguideId>C001107</bioguideId>
        <lastName>Curbelo</lastName>
        <party>R</party>
        <district>26</district>
        <firstName>Carlos</firstName>
        <state>FL</state>
        <identifiers>
          <lisID>2235</lisID>
          <bioguideId>C001107</bioguideId>
          <gpoId />
        </identifiers>
        <sponsorshipWithdrawnDate />
      </item>
      <item>
        <isOriginalCosponsor>True</isOriginalCosponsor>
        <fullName>Rep. Lawson, Al, Jr. [D-FL-5]</fullName>
        <middleName />
        <sponsorshipDate>2017-02-16</sponsorshipDate>
        <bioguideId>L000586</bioguideId>
        <lastName>Lawson</lastName>
        <party>D</party>
        <district>5</district>
        <firstName>Al</firstName>
        <state>FL</state>
        <identifiers>
          <lisID>2317</lisID>
          <gpoId />
          <bioguideId>L000586</bioguideId>
        </identifiers>
        <sponsorshipWithdrawnDate />
      </item>
      <item>
        <isOriginalCosponsor>True</isOriginalCosponsor>
        <fullName>Rep. Diaz-Balart, Mario [R-FL-25]</fullName>
        <middleName />
        <sponsorshipDate>2017-02-16</sponsorshipDate>
        <bioguideId>D000600</bioguideId>
        <lastName>Diaz-Balart</lastName>
        <party>R</party>
        <district>25</district>
        <firstName>Mario</firstName>
        <state>FL</state>
        <identifiers>
          <lisID>1717</lisID>
          <gpoId>7893</gpoId>
          <bioguideId>D000600</bioguideId>
        </identifiers>
        <sponsorshipWithdrawnDate />
      </item>
      <item>
        <isOriginalCosponsor>True</isOriginalCosponsor>
        <fullName>Rep. Buchanan, Vern [R-FL-16]</fullName>
        <middleName />
        <sponsorshipDate>2017-02-16</sponsorshipDate>
        <bioguideId>B001260</bioguideId>
        <lastName>Buchanan</lastName>
        <party>R</party>
        <district>16</district>
        <firstName>Vern</firstName>
        <state>FL</state>
        <identifiers>
          <bioguideId>B001260</bioguideId>
          <lisID>1840</lisID>
          <gpoId>7885</gpoId>
        </identifiers>
        <sponsorshipWithdrawnDate />
      </item>
    </cosponsors>
    <summaries>
      <billSummaries>
        <item>
          <versionCode>00</versionCode>
          <updateDate>2017-02-16T05:00:00Z</updateDate>
          <actionDesc>Introduced in House</actionDesc>
          <lastSummaryUpdateDate>2017-05-01T22:00:58Z</lastSummaryUpdateDate>
          <actionDate>2017-02-16</actionDate>
          <name>Introduced in House</name>
          <text><![CDATA[<p>This joint resolution nullifies the rule submitted by the Army Corps of Engineers relating to the Update of the Water Control Manual for the Apalachicola-Chattahoochee-Flint River Basin in Alabama, Florida, and Georgia and a Water Supply Storage Assessment (published December 2016).</p>]]></text>
        </item>
      </billSummaries>
    </summaries>
    <policyArea>
      <name>Water Resources Development</name>
    </policyArea>
    <latestAction>
      <links />
      <actionDate>2017-02-17</actionDate>
      <text>Referred to the Subcommittee on Economic Development, Public Buildings and Emergency Management.</text>
    </latestAction>
    <updateDate>2018-02-06T16:40:11Z</updateDate>
    <committees>
      <billCommittees>
        <item>
          <systemCode>hspw00</systemCode>
          <chamber>House</chamber>
          <type>Standing</type>
          <activities>
            <item>
              <name>Referred to</name>
              <date>2017-02-16T15:14:10Z</date>
            </item>
          </activities>
          <name>Transportation and Infrastructure Committee</name>
          <subcommittees>
            <item>
              <systemCode>hspw13</systemCode>
              <name>Economic Development, Public Buildings and Emergency Management Subcommittee</name>
              <activities>
                <item>
                  <name>Referred to</name>
                  <date>2017-02-17T22:12:12Z</date>
                </item>
              </activities>
            </item>
          </subcommittees>
        </item>
      </billCommittees>
    </committees>
    <createDate>2017-02-17T04:46:07Z</createDate>
    <title>Providing for congressional disapproval under chapter 8 of title 5, United States Code, of the rule submitted by the Army Corps of Engineers relating to the Apalachicola-Chattahoochee-Flint River Basin Water Control Master Manual.</title>
    <committeeReports />
    <calendarNumbers />
  </bill>
  <dublinCore xmlns:dc="http://purl.org/dc/elements/1.1/">
    <dc:format>text/xml</dc:format>
    <dc:language>EN</dc:language>
    <dc:rights>Pursuant to Title 17 Section 105 of the United States Code, this file is not subject to copyright protection and is in the public domain.</dc:rights>
    <dc:contributor>Congressional Research Service, Library of Congress</dc:contributor>
    <dc:description>This file contains bill summaries and statuses for federal legislation. A bill summary describes the most significant provisions of a piece of legislation and details the effects the legislative text may have on current law and federal programs. Bill summaries are authored by the Congressional Research Service (CRS) of the Library of Congress. As stated in Public Law 91-510 (2 USC 166 (d)(6)), one of the duties of CRS is "to prepare summaries and digests of bills and resolutions of a public general nature introduced in the Senate or House of Representatives". For more information, refer to the User Guide that accompanies this file.</dc:description>
  </dublinCore>
</billStatus>

