<?xml version="1.0" encoding="UTF-8"?>
<billStatus>
  <bill>
    <calendarNumbers />
    <constitutionalAuthorityStatementText />
    <congress>115</congress>
    <titles>
      <item>
        <chamberCode />
        <chamberName />
        <parentTitleType />
        <titleType>Official Title as Introduced</titleType>
        <title>Proposing an amendment to the Constitution of the United States to protect the rights of crime victims.</title>
      </item>
      <item>
        <chamberCode />
        <chamberName />
        <parentTitleType />
        <titleType>Display Title</titleType>
        <title>Proposing an amendment to the Constitution of the United States to protect the rights of crime victims.</title>
      </item>
    </titles>
    <introducedDate>2017-04-03</introducedDate>
    <latestAction>
      <actionDate>2017-04-12</actionDate>
      <text>Referred to the Subcommittee on the Constitution and Civil Justice.</text>
      <links />
    </latestAction>
    <title>Proposing an amendment to the Constitution of the United States to protect the rights of crime victims.</title>
    <subjects>
      <billSubjects>
        <policyArea>
          <name>Crime and Law Enforcement</name>
        </policyArea>
        <legislativeSubjects>
          <item>
            <name>Constitution and constitutional amendments</name>
          </item>
          <item>
            <name>Crime victims</name>
          </item>
          <item>
            <name>Criminal procedure and sentencing</name>
          </item>
          <item>
            <name>Judicial procedure and administration</name>
          </item>
        </legislativeSubjects>
      </billSubjects>
    </subjects>
    <relatedBills />
    <updateDate>2018-02-06T16:40:12Z</updateDate>
    <committeeReports />
    <notes />
    <recordedVotes />
    <amendments />
    <billType>HJRES</billType>
    <committees>
      <billCommittees>
        <item>
          <systemCode>hsju00</systemCode>
          <chamber>House</chamber>
          <type>Standing</type>
          <activities>
            <item>
              <name>Referred to</name>
              <date>2017-04-03T16:02:30Z</date>
            </item>
          </activities>
          <name>Judiciary Committee</name>
          <subcommittees>
            <item>
              <systemCode>hsju10</systemCode>
              <name>Constitution and Civil Justice Subcommittee</name>
              <activities>
                <item>
                  <name>Referred to</name>
                  <date>2017-04-12T17:38:01Z</date>
                </item>
              </activities>
            </item>
          </subcommittees>
        </item>
      </billCommittees>
    </committees>
    <cboCostEstimates />
    <billNumber>93</billNumber>
    <policyArea>
      <name>Crime and Law Enforcement</name>
    </policyArea>
    <version>1.0.0</version>
    <createDate>2017-04-04T03:11:45Z</createDate>
    <originChamber>House</originChamber>
    <actions>
      <item>
        <actionDate>2017-04-12</actionDate>
        <committee>
          <systemCode>hsju10</systemCode>
          <name>Constitution and Civil Justice Subcommittee</name>
        </committee>
        <links />
        <sourceSystem>
          <code>1</code>
          <name>House committee actions</name>
        </sourceSystem>
        <text>Referred to the Subcommittee on the Constitution and Civil Justice.</text>
        <type>Committee</type>
      </item>
      <item>
        <committee>
          <systemCode>hsju00</systemCode>
          <name>Judiciary Committee</name>
        </committee>
        <sourceSystem>
          <code>2</code>
          <name>House floor actions</name>
        </sourceSystem>
        <actionDate>2017-04-03</actionDate>
        <text>Referred to the House Committee on the Judiciary.</text>
        <links />
        <type>IntroReferral</type>
        <actionCode>H11100</actionCode>
      </item>
      <item>
        <committee />
        <sourceSystem>
          <code>9</code>
          <name>Library of Congress</name>
        </sourceSystem>
        <actionDate>2017-04-03</actionDate>
        <text>Introduced in House</text>
        <links />
        <type>IntroReferral</type>
        <actionCode>Intro-H</actionCode>
      </item>
      <item>
        <committee />
        <sourceSystem>
          <code>9</code>
          <name>Library of Congress</name>
        </sourceSystem>
        <actionDate>2017-04-03</actionDate>
        <text>Introduced in House</text>
        <links />
        <type>IntroReferral</type>
        <actionCode>1000</actionCode>
      </item>
      <actionByCounts>
        <houseOfRepresentatives>4</houseOfRepresentatives>
      </actionByCounts>
      <actionTypeCounts>
        <billReferrals>1</billReferrals>
        <placeholderTextForH>1</placeholderTextForH>
        <introducedInTheHouse>1</introducedInTheHouse>
        <introducedInHouse>1</introducedInHouse>
      </actionTypeCounts>
    </actions>
    <sponsors>
      <item>
        <party>R</party>
        <bioguideId>F000448</bioguideId>
        <district>8</district>
        <firstName>Trent</firstName>
        <middleName />
        <state>AZ</state>
        <fullName>Rep. Franks, Trent [R-AZ-8]</fullName>
        <identifiers>
          <lisID>1707</lisID>
          <bioguideId>F000448</bioguideId>
          <gpoId>7799</gpoId>
        </identifiers>
        <lastName>Franks</lastName>
        <byRequestType />
      </item>
    </sponsors>
    <summaries>
      <billSummaries>
        <item>
          <text><![CDATA[<p><strong>Constitutional Amendment</strong></p> <p> <p>This joint resolution proposes a constitutional amendment prohibiting the United States or a state from denying or abridging certain rights of crime victims (e.g., the right to be notified of proceedings related to the offense).]]></text>
          <versionCode>00</versionCode>
          <actionDate>2017-04-03</actionDate>
          <name>Introduced in House</name>
          <actionDesc>Introduced in House</actionDesc>
          <lastSummaryUpdateDate>2017-04-06T20:17:55Z</lastSummaryUpdateDate>
          <updateDate>2017-04-03T04:00:00Z</updateDate>
        </item>
      </billSummaries>
    </summaries>
    <laws />
    <cosponsors>
      <item>
        <sponsorshipWithdrawnDate />
        <state>CA</state>
        <bioguideId>R000487</bioguideId>
        <fullName>Rep. Royce, Edward R. [R-CA-39]</fullName>
        <district>39</district>
        <firstName>ED</firstName>
        <middleName />
        <isOriginalCosponsor>True</isOriginalCosponsor>
        <sponsorshipDate>2017-04-03</sponsorshipDate>
        <identifiers>
          <lisID>998</lisID>
          <gpoId>7845</gpoId>
          <bioguideId>R000487</bioguideId>
        </identifiers>
        <lastName>ROYCE</lastName>
        <party>R</party>
      </item>
      <item>
        <sponsorshipWithdrawnDate />
        <state>OH</state>
        <bioguideId>C000266</bioguideId>
        <fullName>Rep. Chabot, Steve [R-OH-1]</fullName>
        <district>1</district>
        <firstName>STEVE</firstName>
        <middleName />
        <isOriginalCosponsor>False</isOriginalCosponsor>
        <sponsorshipDate>2017-07-18</sponsorshipDate>
        <identifiers>
          <gpoId>8091</gpoId>
          <bioguideId>C000266</bioguideId>
          <lisID>186</lisID>
        </identifiers>
        <lastName>CHABOT</lastName>
        <party>R</party>
      </item>
    </cosponsors>
  </bill>
  <dublinCore xmlns:dc="http://purl.org/dc/elements/1.1/">
    <dc:format>text/xml</dc:format>
    <dc:language>EN</dc:language>
    <dc:rights>Pursuant to Title 17 Section 105 of the United States Code, this file is not subject to copyright protection and is in the public domain.</dc:rights>
    <dc:contributor>Congressional Research Service, Library of Congress</dc:contributor>
    <dc:description>This file contains bill summaries and statuses for federal legislation. A bill summary describes the most significant provisions of a piece of legislation and details the effects the legislative text may have on current law and federal programs. Bill summaries are authored by the Congressional Research Service (CRS) of the Library of Congress. As stated in Public Law 91-510 (2 USC 166 (d)(6)), one of the duties of CRS is "to prepare summaries and digests of bills and resolutions of a public general nature introduced in the Senate or House of Representatives". For more information, refer to the User Guide that accompanies this file.</dc:description>
  </dublinCore>
</billStatus>

