<?xml version="1.0" encoding="UTF-8"?>
<billStatus>
  <bill>
    <policyArea>
      <name>Congress</name>
    </policyArea>
    <introducedDate>2017-01-03</introducedDate>
    <cosponsors>
      <item>
        <bioguideId>G000578</bioguideId>
        <district>1</district>
        <isOriginalCosponsor>False</isOriginalCosponsor>
        <sponsorshipWithdrawnDate />
        <lastName>Gaetz</lastName>
        <state>FL</state>
        <fullName>Rep. Gaetz, Matt [R-FL-1]</fullName>
        <sponsorshipDate>2017-02-15</sponsorshipDate>
        <middleName />
        <firstName>Matt</firstName>
        <party>R</party>
        <identifiers>
          <gpoId />
          <lisID>2314</lisID>
          <bioguideId>G000578</bioguideId>
        </identifiers>
      </item>
      <item>
        <bioguideId>D000628</bioguideId>
        <district>2</district>
        <isOriginalCosponsor>False</isOriginalCosponsor>
        <sponsorshipWithdrawnDate />
        <lastName>Dunn</lastName>
        <state>FL</state>
        <fullName>Rep. Dunn, Neal P. [R-FL-2]</fullName>
        <sponsorshipDate>2017-03-07</sponsorshipDate>
        <middleName>P.</middleName>
        <firstName>Neal</firstName>
        <party>R</party>
        <identifiers>
          <lisID>2315</lisID>
          <gpoId />
          <bioguideId>D000628</bioguideId>
        </identifiers>
      </item>
      <item>
        <bioguideId>G000579</bioguideId>
        <district>8</district>
        <isOriginalCosponsor>False</isOriginalCosponsor>
        <sponsorshipWithdrawnDate />
        <lastName>Gallagher</lastName>
        <state>WI</state>
        <fullName>Rep. Gallagher, Mike [R-WI-8]</fullName>
        <sponsorshipDate>2017-09-13</sponsorshipDate>
        <middleName />
        <firstName>Mike</firstName>
        <party>R</party>
        <identifiers>
          <lisID>2355</lisID>
          <gpoId />
          <bioguideId>G000579</bioguideId>
        </identifiers>
      </item>
    </cosponsors>
    <titles>
      <item>
        <chamberCode />
        <title>Proposing an amendment to the Constitution of the United States to prohibit Members of Congress from receiving compensation during a fiscal year unless both Houses of Congress have agreed to a concurrent resolution on the budget for that fiscal year prior to the beginning of that fiscal year.</title>
        <titleType>Official Title as Introduced</titleType>
        <parentTitleType />
        <chamberName />
      </item>
      <item>
        <chamberCode />
        <title>Proposing an amendment to the Constitution of the United States to prohibit Members of Congress from receiving compensation during a fiscal year unless both Houses of Congress have agreed to a concurrent resolution on the budget for that fiscal year prior to the beginning of that fiscal year.</title>
        <titleType>Display Title</titleType>
        <parentTitleType />
        <chamberName />
      </item>
    </titles>
    <congress>115</congress>
    <recordedVotes />
    <amendments />
    <laws />
    <cboCostEstimates />
    <actions>
      <actionTypeCounts>
        <introducedInTheHouse>1</introducedInTheHouse>
        <billReferrals>1</billReferrals>
        <introducedInHouse>1</introducedInHouse>
        <placeholderTextForH>1</placeholderTextForH>
      </actionTypeCounts>
      <item>
        <actionDate>2017-01-11</actionDate>
        <committee>
          <systemCode>hsju10</systemCode>
          <name>Constitution and Civil Justice Subcommittee</name>
        </committee>
        <links />
        <sourceSystem>
          <name>House committee actions</name>
          <code>1</code>
        </sourceSystem>
        <text>Referred to the Subcommittee on the Constitution and Civil Justice.</text>
        <type>Committee</type>
      </item>
      <item>
        <type>IntroReferral</type>
        <links />
        <text>Referred to the House Committee on the Judiciary.</text>
        <committee>
          <systemCode>hsju00</systemCode>
          <name>Judiciary Committee</name>
        </committee>
        <actionDate>2017-01-03</actionDate>
        <sourceSystem>
          <name>House floor actions</name>
          <code>2</code>
        </sourceSystem>
        <actionCode>H11100</actionCode>
      </item>
      <item>
        <type>IntroReferral</type>
        <links />
        <text>Introduced in House</text>
        <committee />
        <actionDate>2017-01-03</actionDate>
        <sourceSystem>
          <name>Library of Congress</name>
          <code>9</code>
        </sourceSystem>
        <actionCode>Intro-H</actionCode>
      </item>
      <item>
        <type>IntroReferral</type>
        <links />
        <text>Introduced in House</text>
        <committee />
        <actionDate>2017-01-03</actionDate>
        <sourceSystem>
          <name>Library of Congress</name>
          <code>9</code>
        </sourceSystem>
        <actionCode>1000</actionCode>
      </item>
      <actionByCounts>
        <houseOfRepresentatives>4</houseOfRepresentatives>
      </actionByCounts>
    </actions>
    <updateDate>2018-02-06T16:40:07Z</updateDate>
    <summaries>
      <billSummaries>
        <item>
          <text><![CDATA[<p><b>Constitutional Amendment</b></p> <p>This joint resolution proposes a constitutional amendment prohibiting Members of Congress from receiving compensation during a fiscal year unless both houses of Congress have agreed to a concurrent resolution on the budget for that fiscal year before October 1.</p>]]></text>
          <name>Introduced in House</name>
          <lastSummaryUpdateDate>2017-01-23T22:39:44Z</lastSummaryUpdateDate>
          <versionCode>00</versionCode>
          <actionDesc>Introduced in House</actionDesc>
          <updateDate>2017-01-03T05:00:00Z</updateDate>
          <actionDate>2017-01-03</actionDate>
        </item>
      </billSummaries>
    </summaries>
    <title>Proposing an amendment to the Constitution of the United States to prohibit Members of Congress from receiving compensation during a fiscal year unless both Houses of Congress have agreed to a concurrent resolution on the budget for that fiscal year prior to the beginning of that fiscal year.</title>
    <calendarNumbers />
    <originChamber>House</originChamber>
    <constitutionalAuthorityStatementText><![CDATA[<pre>From the Congressional Record Online through the Government Publishing Office [<a href='http://www.gpo.gov'>www.gpo.gov</a>]By Mr. FITZPATRICK:H.J. Res. 9.Congress has the power to enact this legislation pursuantto the following:Article V, U.S. Constitution[Page H53]</pre>]]></constitutionalAuthorityStatementText>
    <notes />
    <billType>HJRES</billType>
    <committees>
      <billCommittees>
        <item>
          <systemCode>hsju00</systemCode>
          <chamber>House</chamber>
          <type>Standing</type>
          <activities>
            <item>
              <date>2017-01-03T17:12:25Z</date>
              <name>Referred to</name>
            </item>
          </activities>
          <name>Judiciary Committee</name>
          <subcommittees>
            <item>
              <activities>
                <item>
                  <date>2017-01-11T19:03:34Z</date>
                  <name>Referred to</name>
                </item>
              </activities>
              <systemCode>hsju10</systemCode>
              <name>Constitution and Civil Justice Subcommittee</name>
            </item>
          </subcommittees>
        </item>
      </billCommittees>
    </committees>
    <latestAction>
      <text>Referred to the Subcommittee on the Constitution and Civil Justice.</text>
      <actionDate>2017-01-11</actionDate>
      <links />
    </latestAction>
    <committeeReports />
    <billNumber>9</billNumber>
    <sponsors>
      <item>
        <byRequestType />
        <state>PA</state>
        <bioguideId>F000466</bioguideId>
        <identifiers>
          <bioguideId>F000466</bioguideId>
          <lisID>2345</lisID>
          <gpoId />
        </identifiers>
        <fullName>Rep. Fitzpatrick, Brian K. [R-PA-8]</fullName>
        <district>8</district>
        <lastName>Fitzpatrick</lastName>
        <firstName>Brian</firstName>
        <middleName>K.</middleName>
        <party>R</party>
      </item>
    </sponsors>
    <subjects>
      <billSubjects>
        <policyArea>
          <name>Congress</name>
        </policyArea>
        <legislativeSubjects>
          <item>
            <name>Budget process</name>
          </item>
          <item>
            <name>Constitution and constitutional amendments</name>
          </item>
          <item>
            <name>Legislative rules and procedure</name>
          </item>
          <item>
            <name>Members of Congress</name>
          </item>
        </legislativeSubjects>
      </billSubjects>
    </subjects>
    <createDate>2017-01-04T07:01:08Z</createDate>
    <version>1.0.0</version>
    <relatedBills />
  </bill>
  <dublinCore xmlns:dc="http://purl.org/dc/elements/1.1/">
    <dc:format>text/xml</dc:format>
    <dc:language>EN</dc:language>
    <dc:rights>Pursuant to Title 17 Section 105 of the United States Code, this file is not subject to copyright protection and is in the public domain.</dc:rights>
    <dc:contributor>Congressional Research Service, Library of Congress</dc:contributor>
    <dc:description>This file contains bill summaries and statuses for federal legislation. A bill summary describes the most significant provisions of a piece of legislation and details the effects the legislative text may have on current law and federal programs. Bill summaries are authored by the Congressional Research Service (CRS) of the Library of Congress. As stated in Public Law 91-510 (2 USC 166 (d)(6)), one of the duties of CRS is "to prepare summaries and digests of bills and resolutions of a public general nature introduced in the Senate or House of Representatives". For more information, refer to the User Guide that accompanies this file.</dc:description>
  </dublinCore>
</billStatus>

