<?xml version="1.0" encoding="UTF-8"?>
<billStatus>
  <bill>
    <committeeReports />
    <originChamber>House</originChamber>
    <billNumber>125</billNumber>
    <actions>
      <actionTypeCounts>
        <introducedInTheHouse>1</introducedInTheHouse>
        <introducedInHouse>1</introducedInHouse>
        <billReferrals>3</billReferrals>
      </actionTypeCounts>
      <item>
        <text>Referred to the Committee on Appropriations, and in addition to the Committees on Ways and Means, and the Budget, for a period to be subsequently determined by the Speaker, in each case for consideration of such provisions as fall within the jurisdiction of the committee concerned.</text>
        <links />
        <actionDate>2018-01-16</actionDate>
        <committee>
          <systemCode>hsbu00</systemCode>
          <name>Budget Committee</name>
        </committee>
        <sourceSystem>
          <name>House floor actions</name>
          <code>2</code>
        </sourceSystem>
        <type>IntroReferral</type>
        <actionCode>H11100</actionCode>
      </item>
      <item>
        <text>Referred to the Committee on Appropriations, and in addition to the Committees on Ways and Means, and the Budget, for a period to be subsequently determined by the Speaker, in each case for consideration of such provisions as fall within the jurisdiction of the committee concerned.</text>
        <links />
        <actionDate>2018-01-16</actionDate>
        <committee>
          <systemCode>hswm00</systemCode>
          <name>Ways and Means Committee</name>
        </committee>
        <sourceSystem>
          <name>House floor actions</name>
          <code>2</code>
        </sourceSystem>
        <type>IntroReferral</type>
        <actionCode>H11100</actionCode>
      </item>
      <item>
        <text>Referred to the Committee on Appropriations, and in addition to the Committees on Ways and Means, and the Budget, for a period to be subsequently determined by the Speaker, in each case for consideration of such provisions as fall within the jurisdiction of the committee concerned.</text>
        <links />
        <actionDate>2018-01-16</actionDate>
        <committee>
          <systemCode>hsap00</systemCode>
          <name>Appropriations Committee</name>
        </committee>
        <sourceSystem>
          <name>House floor actions</name>
          <code>2</code>
        </sourceSystem>
        <type>IntroReferral</type>
        <actionCode>H11100</actionCode>
      </item>
      <item>
        <text>Introduced in House</text>
        <links />
        <actionDate>2018-01-16</actionDate>
        <committee />
        <sourceSystem>
          <name>Library of Congress</name>
          <code>9</code>
        </sourceSystem>
        <type>IntroReferral</type>
        <actionCode>Intro-H</actionCode>
      </item>
      <item>
        <text>Introduced in House</text>
        <links />
        <actionDate>2018-01-16</actionDate>
        <committee />
        <sourceSystem>
          <name>Library of Congress</name>
          <code>9</code>
        </sourceSystem>
        <type>IntroReferral</type>
        <actionCode>1000</actionCode>
      </item>
      <actionByCounts>
        <houseOfRepresentatives>5</houseOfRepresentatives>
      </actionByCounts>
    </actions>
    <calendarNumbers />
    <updateDate>2018-02-06T16:40:13Z</updateDate>
    <cosponsors />
    <notes />
    <subjects>
      <billSubjects>
        <policyArea>
          <name>Economics and Public Finance</name>
        </policyArea>
        <legislativeSubjects>
          <item>
            <name>Appropriations</name>
          </item>
          <item>
            <name>Child health</name>
          </item>
          <item>
            <name>Executive agency funding and structure</name>
          </item>
          <item>
            <name>Health care costs and insurance</name>
          </item>
          <item>
            <name>Health care coverage and access</name>
          </item>
          <item>
            <name>Health care quality</name>
          </item>
          <item>
            <name>Health programs administration and funding</name>
          </item>
          <item>
            <name>Health promotion and preventive care</name>
          </item>
          <item>
            <name>Health technology, devices, supplies</name>
          </item>
          <item>
            <name>Medicaid</name>
          </item>
          <item>
            <name>Nutrition and diet</name>
          </item>
          <item>
            <name>Physical fitness and lifestyle</name>
          </item>
          <item>
            <name>Poverty and welfare assistance</name>
          </item>
          <item>
            <name>Sales and excise taxes</name>
          </item>
        </legislativeSubjects>
      </billSubjects>
    </subjects>
    <committees>
      <billCommittees>
        <item>
          <systemCode>hsbu00</systemCode>
          <chamber>House</chamber>
          <type>Standing</type>
          <activities>
            <item>
              <date>2018-01-16T17:02:40Z</date>
              <name>Referred to</name>
            </item>
          </activities>
          <name>Budget Committee</name>
          <subcommittees />
        </item>
        <item>
          <systemCode>hswm00</systemCode>
          <chamber>House</chamber>
          <type>Standing</type>
          <activities>
            <item>
              <date>2018-01-16T17:02:35Z</date>
              <name>Referred to</name>
            </item>
          </activities>
          <name>Ways and Means Committee</name>
          <subcommittees />
        </item>
        <item>
          <systemCode>hsap00</systemCode>
          <chamber>House</chamber>
          <type>Standing</type>
          <activities>
            <item>
              <date>2018-01-16T17:02:30Z</date>
              <name>Referred to</name>
            </item>
          </activities>
          <name>Appropriations Committee</name>
          <subcommittees />
        </item>
      </billCommittees>
    </committees>
    <version>1.0.0</version>
    <recordedVotes />
    <policyArea>
      <name>Economics and Public Finance</name>
    </policyArea>
    <cboCostEstimates />
    <introducedDate>2018-01-16</introducedDate>
    <title>Making an extension of continuing appropriations for fiscal year 2018, and for other purposes.</title>
    <amendments />
    <latestAction>
      <text>Referred to the Committee on Appropriations, and in addition to the Committees on Ways and Means, and the Budget, for a period to be subsequently determined by the Speaker, in each case for consideration of such provisions as fall within the jurisdiction of the committee concerned.</text>
      <links />
      <actionDate>2018-01-16</actionDate>
    </latestAction>
    <congress>115</congress>
    <billType>HJRES</billType>
    <createDate>2018-01-17T03:11:02Z</createDate>
    <sponsors>
      <item>
        <lastName>FRELINGHUYSEN</lastName>
        <party>R</party>
        <state>NJ</state>
        <bioguideId>F000372</bioguideId>
        <middleName />
        <byRequestType />
        <fullName>Rep. Frelinghuysen, Rodney P. [R-NJ-11]</fullName>
        <firstName>RODNEY</firstName>
        <district>11</district>
        <identifiers>
          <gpoId>8053</gpoId>
          <bioguideId>F000372</bioguideId>
          <lisID>414</lisID>
        </identifiers>
      </item>
    </sponsors>
    <constitutionalAuthorityStatementText><![CDATA[<pre>[Congressional Record Volume 163, Number 181 (Tuesday, November 7, 2017)]From the Congressional Record Online through the Government Publishing Office [<a href='http://www.gpo.gov'>www.gpo.gov</a>]By Mr. HOLLINGSWORTH:H.R. 4279.Congress has the power to enact this legislation pursuantto the following:Article 1, Section 8, Clause 18[Page H8597]</pre>]]></constitutionalAuthorityStatementText>
    <relatedBills>
      <item>
        <type>HR</type>
        <latestAction>
          <text>Referred to the Committee on Appropriations, and in addition to the Committee on the Budget, for a period to be subsequently determined by the Speaker, in each case for consideration of such provisions as fall within the jurisdiction of the committee concerned.</text>
          <actionDate>2018-01-20</actionDate>
        </latestAction>
        <latestTitle>End The Shutdown Act of 2018</latestTitle>
        <relationshipDetails>
          <item>
            <type>Related bill</type>
            <identifiedBy>CRS</identifiedBy>
          </item>
        </relationshipDetails>
        <congress>115</congress>
        <number>4872</number>
      </item>
      <item>
        <type>HR</type>
        <latestAction>
          <text>Referred to the Subcommittee on Health.</text>
          <actionDate>2017-06-23</actionDate>
        </latestAction>
        <latestTitle>Child Health Outreach and Mentorship Program Act</latestTitle>
        <relationshipDetails>
          <item>
            <type>Related bill</type>
            <identifiedBy>CRS</identifiedBy>
          </item>
        </relationshipDetails>
        <congress>115</congress>
        <number>2959</number>
      </item>
      <item>
        <type>HR</type>
        <latestAction>
          <text>Referred to the Subcommittee on Health.</text>
          <actionDate>2017-10-06</actionDate>
        </latestAction>
        <latestTitle>To amend title XXI to allow for the blending of risk pools of children's health insurance buy-in programs with the risk pools of State child health plans under such title, and for other purposes.</latestTitle>
        <relationshipDetails>
          <item>
            <type>Related bill</type>
            <identifiedBy>CRS</identifiedBy>
          </item>
        </relationshipDetails>
        <congress>115</congress>
        <number>3927</number>
      </item>
      <item>
        <type>HR</type>
        <latestAction>
          <text>Referred to the House Committee on Ways and Means.</text>
          <actionDate>2017-12-12</actionDate>
        </latestAction>
        <latestTitle>To amend the Internal Revenue Code of 1986 to provide for a temporary moratorium on the medical device excise tax.</latestTitle>
        <relationshipDetails>
          <item>
            <type>Related bill</type>
            <identifiedBy>CRS</identifiedBy>
          </item>
        </relationshipDetails>
        <congress>115</congress>
        <number>4617</number>
      </item>
      <item>
        <type>S</type>
        <latestAction>
          <text>Placed on Senate Legislative Calendar under General Orders. Calendar No. 288.</text>
          <actionDate>2017-12-20</actionDate>
        </latestAction>
        <latestTitle>KIDS Act of 2017</latestTitle>
        <relationshipDetails>
          <item>
            <type>Related bill</type>
            <identifiedBy>CRS</identifiedBy>
          </item>
        </relationshipDetails>
        <congress>115</congress>
        <number>1827</number>
      </item>
    </relatedBills>
    <laws />
    <titles>
      <item>
        <parentTitleType />
        <chamberCode />
        <chamberName />
        <titleType>Short Titles as Introduced for portions of this bill</titleType>
        <title>HEALTHY KIDS Act</title>
      </item>
      <item>
        <parentTitleType />
        <chamberCode />
        <chamberName />
        <titleType>Short Titles as Introduced for portions of this bill</titleType>
        <title>Helping Ensure Access for Little Ones, Toddlers, and Hopeful Youth by Keeping Insurance Delivery Stable Act</title>
      </item>
      <item>
        <parentTitleType />
        <chamberCode />
        <chamberName />
        <titleType>Short Titles as Introduced for portions of this bill</titleType>
        <title>Extension of Continuing Appropriations Act, 2018</title>
      </item>
      <item>
        <parentTitleType />
        <chamberCode />
        <chamberName />
        <titleType>Official Title as Introduced</titleType>
        <title>Making an extension of continuing appropriations for fiscal year 2018, and for other purposes.</title>
      </item>
      <item>
        <parentTitleType />
        <chamberCode />
        <chamberName />
        <titleType>Display Title</titleType>
        <title>Making an extension of continuing appropriations for fiscal year 2018, and for other purposes.</title>
      </item>
    </titles>
    <summaries>
      <billSummaries>
        <item>
          <updateDate>2018-01-16T05:00:00Z</updateDate>
          <lastSummaryUpdateDate>2018-01-17T20:53:57Z</lastSummaryUpdateDate>
          <actionDate>2018-01-16</actionDate>
          <name>Introduced in House</name>
          <actionDesc>Introduced in House</actionDesc>
          <versionCode>00</versionCode>
          <text><![CDATA[<p>This joint resolution amends the Continuing Appropriations Act, 2018 to extend the expiration date of the FY2018 Continuing Resolution (CR) from January 19, 2018, to February 16, 2018. The joint resolution provides continuing appropriations for federal agencies through the earlier of February 16, 2018, or the enactment of the applicable appropriations legislation. It prevents a government shutdown that would otherwise occur when the existing CR expires.</p> <p> The joint resolution amends title XXI (Children's Health insurance Program) (CHIP) of the Social Security Act to extend funding through FY2023 for CHIP. In addition, the&nbsp;joint resolution: (1) extends through FY2023 funding for the Child Enrollment Contingency Fund, the Childhood Obesity Demonstration Project, the Pediatric Quality Measures Program, and specified outreach and enrollment grants; and (2) reauthorizes through FY2023 the qualifying-states option and the express-lane eligibility option.</p> <p>Current law provides states with an enhanced Federal Matching Assistance Percentage (FMAP) for child-health assistance through FY2019. The joint resolution maintains the enhanced FMAP in FY2020, but halves the percentage-point increase.</p> <p>The Centers for Medicare &amp; Medicaid Services shall make additional funding available to states for specified activities related to mechanized claims systems.</p> <p>The joint resolution amends the Internal Revenue Code and the Patient Protection and Affordable Care Act to suspend specified health-related taxes and fees.</p> <p>Specified&nbsp;budgetary effects of the joint resolution shall be exempt from Pay-As-You-Go (PAYGO) rules and certain budget scorekeeping guidelines. </p>]]></text>
        </item>
      </billSummaries>
    </summaries>
  </bill>
  <dublinCore xmlns:dc="http://purl.org/dc/elements/1.1/">
    <dc:format>text/xml</dc:format>
    <dc:language>EN</dc:language>
    <dc:rights>Pursuant to Title 17 Section 105 of the United States Code, this file is not subject to copyright protection and is in the public domain.</dc:rights>
    <dc:contributor>Congressional Research Service, Library of Congress</dc:contributor>
    <dc:description>This file contains bill summaries and statuses for federal legislation. A bill summary describes the most significant provisions of a piece of legislation and details the effects the legislative text may have on current law and federal programs. Bill summaries are authored by the Congressional Research Service (CRS) of the Library of Congress. As stated in Public Law 91-510 (2 USC 166 (d)(6)), one of the duties of CRS is "to prepare summaries and digests of bills and resolutions of a public general nature introduced in the Senate or House of Representatives". For more information, refer to the User Guide that accompanies this file.</dc:description>
  </dublinCore>
</billStatus>

