<?xml version="1.0" encoding="UTF-8"?>
<billStatus>
  <bill>
    <constitutionalAuthorityStatementText><![CDATA[<pre>From the Congressional Record Online through the Government Publishing Office [<a href='http://www.gpo.gov'>www.gpo.gov</a>]By Mr. BYRNE:H.J. Res. 83.Congress has the power to enact this legislation pursuantto the following:Article I, section 8 of the Constitution of the UnitedStates____________________[Page H1317]</pre>]]></constitutionalAuthorityStatementText>
    <originChamber>House</originChamber>
    <subjects>
      <billSubjects>
        <policyArea>
          <name>Labor and Employment</name>
        </policyArea>
        <legislativeSubjects>
          <item>
            <name>Administrative law and regulatory procedures</name>
          </item>
          <item>
            <name>Business records</name>
          </item>
          <item>
            <name>Congressional oversight</name>
          </item>
          <item>
            <name>Department of Labor</name>
          </item>
          <item>
            <name>Government information and archives</name>
          </item>
          <item>
            <name>Worker safety and health</name>
          </item>
        </legislativeSubjects>
      </billSubjects>
    </subjects>
    <cosponsors>
      <item>
        <state>NC</state>
        <identifiers>
          <gpoId>8028</gpoId>
          <bioguideId>F000450</bioguideId>
          <lisID>1791</lisID>
        </identifiers>
        <district>5</district>
        <sponsorshipDate>2017-02-28</sponsorshipDate>
        <lastName>Foxx</lastName>
        <fullName>Rep. Foxx, Virginia [R-NC-5]</fullName>
        <middleName />
        <party>R</party>
        <sponsorshipWithdrawnDate />
        <bioguideId>F000450</bioguideId>
        <firstName>Virginia</firstName>
        <isOriginalCosponsor>False</isOriginalCosponsor>
      </item>
      <item>
        <state>TN</state>
        <identifiers>
          <lisID>1954</lisID>
          <gpoId>8148</gpoId>
          <bioguideId>R000582</bioguideId>
        </identifiers>
        <district>1</district>
        <sponsorshipDate>2017-02-28</sponsorshipDate>
        <lastName>Roe</lastName>
        <fullName>Rep. Roe, David P. [R-TN-1]</fullName>
        <middleName>P.</middleName>
        <party>R</party>
        <sponsorshipWithdrawnDate />
        <bioguideId>R000582</bioguideId>
        <firstName>David</firstName>
        <isOriginalCosponsor>False</isOriginalCosponsor>
      </item>
      <item>
        <state>CA</state>
        <identifiers>
          <lisID>1908</lisID>
          <gpoId>7809</gpoId>
          <bioguideId>M001177</bioguideId>
        </identifiers>
        <district>4</district>
        <sponsorshipDate>2017-02-28</sponsorshipDate>
        <lastName>McClintock</lastName>
        <fullName>Rep. McClintock, Tom [R-CA-4]</fullName>
        <middleName />
        <party>R</party>
        <sponsorshipWithdrawnDate />
        <bioguideId>M001177</bioguideId>
        <firstName>Tom</firstName>
        <isOriginalCosponsor>False</isOriginalCosponsor>
      </item>
      <item>
        <state>GA</state>
        <identifiers>
          <bioguideId>F000465</bioguideId>
          <lisID>2324</lisID>
          <gpoId />
        </identifiers>
        <district>3</district>
        <sponsorshipDate>2017-02-28</sponsorshipDate>
        <lastName>Ferguson</lastName>
        <fullName>Rep. Ferguson, A. Drew, IV [R-GA-3]</fullName>
        <middleName>Drew</middleName>
        <party>R</party>
        <sponsorshipWithdrawnDate />
        <bioguideId>F000465</bioguideId>
        <firstName>A.</firstName>
        <isOriginalCosponsor>False</isOriginalCosponsor>
      </item>
      <item>
        <state>IN</state>
        <identifiers>
          <lisID>2017</lisID>
          <gpoId>7943</gpoId>
          <bioguideId>R000592</bioguideId>
        </identifiers>
        <district>4</district>
        <sponsorshipDate>2017-02-28</sponsorshipDate>
        <lastName>Rokita</lastName>
        <fullName>Rep. Rokita, Todd [R-IN-4]</fullName>
        <middleName />
        <party>R</party>
        <sponsorshipWithdrawnDate />
        <bioguideId>R000592</bioguideId>
        <firstName>Todd</firstName>
        <isOriginalCosponsor>False</isOriginalCosponsor>
      </item>
      <item>
        <state>WI</state>
        <identifiers>
          <bioguideId>G000576</bioguideId>
          <lisID>2276</lisID>
          <gpoId />
        </identifiers>
        <district>6</district>
        <sponsorshipDate>2017-02-28</sponsorshipDate>
        <lastName>Grothman</lastName>
        <fullName>Rep. Grothman, Glenn [R-WI-6]</fullName>
        <middleName />
        <party>R</party>
        <sponsorshipWithdrawnDate />
        <bioguideId>G000576</bioguideId>
        <firstName>Glenn</firstName>
        <isOriginalCosponsor>False</isOriginalCosponsor>
      </item>
      <item>
        <state>FL</state>
        <identifiers>
          <bioguideId>R000607</bioguideId>
          <gpoId />
          <lisID>2323</lisID>
        </identifiers>
        <district>19</district>
        <sponsorshipDate>2017-02-28</sponsorshipDate>
        <lastName>Rooney</lastName>
        <fullName>Rep. Rooney, Francis [R-FL-19]</fullName>
        <middleName />
        <party>R</party>
        <sponsorshipWithdrawnDate />
        <bioguideId>R000607</bioguideId>
        <firstName>Francis</firstName>
        <isOriginalCosponsor>False</isOriginalCosponsor>
      </item>
      <item>
        <state>MO</state>
        <identifiers>
          <lisID>2032</lisID>
          <bioguideId>H001053</bioguideId>
          <gpoId>8012</gpoId>
        </identifiers>
        <district>4</district>
        <sponsorshipDate>2017-02-28</sponsorshipDate>
        <lastName>Hartzler</lastName>
        <fullName>Rep. Hartzler, Vicky [R-MO-4]</fullName>
        <middleName />
        <party>R</party>
        <sponsorshipWithdrawnDate />
        <bioguideId>H001053</bioguideId>
        <firstName>Vicky</firstName>
        <isOriginalCosponsor>False</isOriginalCosponsor>
      </item>
      <item>
        <state>MI</state>
        <identifiers>
          <gpoId>7992</gpoId>
          <bioguideId>W000798</bioguideId>
          <lisID>1855</lisID>
        </identifiers>
        <district>7</district>
        <sponsorshipDate>2017-02-28</sponsorshipDate>
        <lastName>Walberg</lastName>
        <fullName>Rep. Walberg, Tim [R-MI-7]</fullName>
        <middleName />
        <party>R</party>
        <sponsorshipWithdrawnDate />
        <bioguideId>W000798</bioguideId>
        <firstName>Tim</firstName>
        <isOriginalCosponsor>False</isOriginalCosponsor>
      </item>
      <item>
        <state>TX</state>
        <identifiers>
          <lisID>2350</lisID>
          <gpoId />
          <bioguideId>A000375</bioguideId>
        </identifiers>
        <district>19</district>
        <sponsorshipDate>2017-03-01</sponsorshipDate>
        <lastName>Arrington</lastName>
        <fullName>Rep. Arrington, Jodey C. [R-TX-19]</fullName>
        <middleName>C.</middleName>
        <party>R</party>
        <sponsorshipWithdrawnDate />
        <bioguideId>A000375</bioguideId>
        <firstName>Jodey</firstName>
        <isOriginalCosponsor>False</isOriginalCosponsor>
      </item>
      <item>
        <state>FL</state>
        <identifiers>
          <lisID>2115</lisID>
          <bioguideId>Y000065</bioguideId>
          <gpoId />
        </identifiers>
        <district>3</district>
        <sponsorshipDate>2017-03-01</sponsorshipDate>
        <lastName>Yoho</lastName>
        <fullName>Rep. Yoho, Ted S. [R-FL-3]</fullName>
        <middleName>S.</middleName>
        <party>R</party>
        <sponsorshipWithdrawnDate />
        <bioguideId>Y000065</bioguideId>
        <firstName>Ted</firstName>
        <isOriginalCosponsor>False</isOriginalCosponsor>
      </item>
    </cosponsors>
    <billType>HJRES</billType>
    <recordedVotes>
      <recordedVote>
        <rollNumber>93</rollNumber>
        <chamber>Senate</chamber>
        <sessionNumber>1</sessionNumber>
        <fullActionName>PASSED SENATE</fullActionName>
        <congress>115</congress>
        <date>2017-03-22T21:18:50Z</date>
        <url>http://www.senate.gov/legislative/LIS/roll_call_lists/roll_call_vote_cfm.cfm?&amp;congress=115&amp;session=1&amp;vote=00093</url>
      </recordedVote>
      <recordedVote>
        <rollNumber>121</rollNumber>
        <chamber>House</chamber>
        <sessionNumber>1</sessionNumber>
        <fullActionName>Passage of a Measure</fullActionName>
        <congress>115</congress>
        <date>2017-03-01T23:26:11Z</date>
        <url>http://clerk.house.gov/evs/2017/roll121.xml</url>
      </recordedVote>
    </recordedVotes>
    <laws>
      <item>
        <type>Public Law</type>
        <number>115-21</number>
      </item>
    </laws>
    <committeeReports />
    <actions>
      <actionByCounts>
        <senate>6</senate>
        <houseOfRepresentatives>14</houseOfRepresentatives>
      </actionByCounts>
      <actionTypeCounts>
        <introducedInTheHouse>1</introducedInTheHouse>
        <passedAgreedToInSenate>1</passedAgreedToInSenate>
        <passageOfAMeasure>1</passageOfAMeasure>
        <introducedInHouse>1</introducedInHouse>
        <measureLaidBeforeSenate>1</measureLaidBeforeSenate>
        <considerationByHouse>2</considerationByHouse>
        <placeholderTextForHL>1</placeholderTextForHL>
        <introducedInSenate>1</introducedInSenate>
        <ruleForConsiderationOfBillReportedToHouse>1</ruleForConsiderationOfBillReportedToHouse>
        <passedAgreedToInHouse>1</passedAgreedToInHouse>
        <billReferrals>1</billReferrals>
        <placeholderTextForE>3</placeholderTextForE>
        <passedSenate>1</passedSenate>
        <motionToConsider>1</motionToConsider>
        <sentToHouse>1</sentToHouse>
        <generalDebate>3</generalDebate>
        <becamePublicLaw>2</becamePublicLaw>
        <presentedToPresident>1</presentedToPresident>
        <motionForPreviousQuestion>1</motionForPreviousQuestion>
        <motionToReconsiderResults>1</motionToReconsiderResults>
      </actionTypeCounts>
      <item>
        <actionDate>2017-04-03</actionDate>
        <text>Became Public Law No: 115-21.</text>
        <sourceSystem>
          <name>House floor actions</name>
          <code>2</code>
        </sourceSystem>
        <committee />
        <links>
          <link>
            <name>Public Law No: 115-21</name>
            <url>https://www.congress.gov/bill/115th-congress/house-joint-resolution/83/text/pl</url>
          </link>
        </links>
        <actionCode>E40000</actionCode>
        <type>President</type>
      </item>
      <item>
        <actionDate>2017-04-03</actionDate>
        <text>Became Public Law No: 115-21.</text>
        <sourceSystem>
          <name>Library of Congress</name>
          <code>9</code>
        </sourceSystem>
        <committee />
        <links>
          <link>
            <name>Public Law No: 115-21</name>
            <url>https://www.congress.gov/bill/115th-congress/house-joint-resolution/83/text/pl</url>
          </link>
        </links>
        <actionCode>36000</actionCode>
        <type>BecameLaw</type>
      </item>
      <item>
        <actionDate>2017-04-03</actionDate>
        <text>Signed by President.</text>
        <sourceSystem>
          <name>House floor actions</name>
          <code>2</code>
        </sourceSystem>
        <committee />
        <links />
        <actionCode>E30000</actionCode>
        <type>President</type>
      </item>
      <item>
        <actionDate>2017-04-03</actionDate>
        <text>Signed by President.</text>
        <sourceSystem>
          <name>Library of Congress</name>
          <code>9</code>
        </sourceSystem>
        <committee />
        <links />
        <actionCode>36000</actionCode>
        <type>BecameLaw</type>
      </item>
      <item>
        <actionDate>2017-03-27</actionDate>
        <text>Presented to President.</text>
        <sourceSystem>
          <name>House floor actions</name>
          <code>2</code>
        </sourceSystem>
        <committee />
        <links />
        <actionCode>E20000</actionCode>
        <type>Floor</type>
      </item>
      <item>
        <actionDate>2017-03-27</actionDate>
        <text>Presented to President.</text>
        <sourceSystem>
          <name>Library of Congress</name>
          <code>9</code>
        </sourceSystem>
        <committee />
        <links />
        <actionCode>28000</actionCode>
        <type>President</type>
      </item>
      <item>
        <actionDate>2017-03-23</actionDate>
        <committee />
        <links />
        <sourceSystem>
          <name>Senate</name>
          <code>0</code>
        </sourceSystem>
        <text>Message on Senate action sent to the House.</text>
        <type>Floor</type>
      </item>
      <item>
        <actionDate>2017-03-22</actionDate>
        <committee />
        <links>
          <link>
            <name>Record Vote Number: 93</name>
            <url>http://www.senate.gov/legislative/LIS/roll_call_lists/roll_call_vote_cfm.cfm?congress=115&amp;session=1&amp;vote=00093</url>
          </link>
        </links>
        <sourceSystem>
          <name>Senate</name>
          <code>0</code>
        </sourceSystem>
        <text>Passed Senate without amendment by Yea-Nay Vote. 50 - 48. Record Vote Number: 93.</text>
        <type>Floor</type>
      </item>
      <item>
        <actionDate>2017-03-22</actionDate>
        <text>Passed/agreed to in Senate: Passed Senate without amendment by Yea-Nay Vote. 50 - 48. Record Vote Number: 93.</text>
        <sourceSystem>
          <name>Library of Congress</name>
          <code>9</code>
        </sourceSystem>
        <committee />
        <links>
          <link>
            <name>Record Vote Number: 93</name>
            <url>http://www.senate.gov/legislative/LIS/roll_call_lists/roll_call_vote_cfm.cfm?congress=115&amp;session=1&amp;vote=00093</url>
          </link>
        </links>
        <actionCode>17000</actionCode>
        <type>Floor</type>
      </item>
      <item>
        <actionDate>2017-03-22</actionDate>
        <committee />
        <links>
          <link>
            <name>S1900-1924</name>
            <url>https://www.congress.gov/congressional-record/volume-163/senate-section/page/S1900-1924</url>
          </link>
        </links>
        <sourceSystem>
          <name>Senate</name>
          <code>0</code>
        </sourceSystem>
        <text>Measure laid before Senate by motion. (consideration: CR S1900-1924)</text>
        <type>Floor</type>
      </item>
      <item>
        <actionDate>2017-03-22</actionDate>
        <committee />
        <links>
          <link>
            <name>S1900</name>
            <url>https://www.congress.gov/congressional-record/volume-163/senate-section/page/S1900</url>
          </link>
        </links>
        <sourceSystem>
          <name>Senate</name>
          <code>0</code>
        </sourceSystem>
        <text>Motion to proceed to consideration of measure agreed to in Senate by Voice Vote. (consideration: CR S1900)</text>
        <type>Floor</type>
      </item>
      <item>
        <actionDate>2017-03-02</actionDate>
        <committee />
        <links />
        <sourceSystem>
          <name>Senate</name>
          <code>0</code>
        </sourceSystem>
        <text>Received in the Senate, read twice.</text>
        <type>IntroReferral</type>
      </item>
      <item>
        <actionDate>2017-03-01</actionDate>
        <text>Motion to reconsider laid on the table Agreed to without objection.</text>
        <sourceSystem>
          <name>House floor actions</name>
          <code>2</code>
        </sourceSystem>
        <committee />
        <links />
        <actionCode>H38310</actionCode>
        <type>Floor</type>
        <actionTime>18:26:14</actionTime>
      </item>
      <item>
        <actionDate>2017-03-01</actionDate>
        <text>On passage Passed by recorded vote: 231 - 191 (Roll no. 121). (text: CR H1421)</text>
        <sourceSystem>
          <name>House floor actions</name>
          <code>2</code>
        </sourceSystem>
        <committee />
        <links>
          <link>
            <name>H1421</name>
            <url>https://www.congress.gov/congressional-record/volume-163/house-section/page/H1421</url>
          </link>
          <link>
            <name>Roll no. 121</name>
            <url>http://clerk.house.gov/evs/2017/roll121.xml</url>
          </link>
        </links>
        <actionCode>H37100</actionCode>
        <type>Floor</type>
        <actionTime>18:26:11</actionTime>
      </item>
      <item>
        <actionDate>2017-03-01</actionDate>
        <text>Passed/agreed to in House: On passage Passed by recorded vote: 231 - 191 (Roll no. 121).(text: CR H1421)</text>
        <sourceSystem>
          <name>Library of Congress</name>
          <code>9</code>
        </sourceSystem>
        <committee />
        <links>
          <link>
            <name>H1421</name>
            <url>https://www.congress.gov/congressional-record/volume-163/house-section/page/H1421</url>
          </link>
          <link>
            <name>Roll no. 121</name>
            <url>http://clerk.house.gov/evs/2017/roll121.xml</url>
          </link>
        </links>
        <actionCode>8000</actionCode>
        <type>Floor</type>
        <actionTime>18:26:11</actionTime>
      </item>
      <item>
        <actionDate>2017-03-01</actionDate>
        <text>Considered as unfinished business. (consideration: CR H1447)</text>
        <sourceSystem>
          <name>House floor actions</name>
          <code>2</code>
        </sourceSystem>
        <committee />
        <links>
          <link>
            <name>H1447</name>
            <url>https://www.congress.gov/congressional-record/volume-163/house-section/page/H1447</url>
          </link>
        </links>
        <actionCode>H30000</actionCode>
        <type>Floor</type>
        <actionTime>18:19:39</actionTime>
      </item>
      <item>
        <actionDate>2017-03-01</actionDate>
        <text>POSTPONED PROCEEDINGS - At the conclusion of debate on H.J. Res. 83, the Chair put the question on passage and by voice vote, announced that the ayes had prevailed. Mr. Scott (VA) demanded a recorded vote and the Chair postponed further proceedings on the question of passage until a time to be announced.</text>
        <sourceSystem>
          <name>House floor actions</name>
          <code>2</code>
        </sourceSystem>
        <committee />
        <links>
          <link>
            <name>H.J. Res. 83</name>
            <url>https://www.congress.gov/bill/115th-congress/house-joint-resolution/83</url>
          </link>
        </links>
        <actionCode>H8D000</actionCode>
        <type>Floor</type>
        <actionTime>16:03:43</actionTime>
      </item>
      <item>
        <actionDate>2017-03-01</actionDate>
        <text>The previous question was ordered pursuant to the rule.</text>
        <sourceSystem>
          <name>House floor actions</name>
          <code>2</code>
        </sourceSystem>
        <committee />
        <links />
        <actionCode>H35000</actionCode>
        <type>Floor</type>
        <actionTime>16:03:14</actionTime>
      </item>
      <item>
        <actionDate>2017-03-01</actionDate>
        <text>DEBATE - The House proceeded with one hour of debate on H.J. Res. 83.</text>
        <sourceSystem>
          <name>House floor actions</name>
          <code>2</code>
        </sourceSystem>
        <committee />
        <links>
          <link>
            <name>H.J. Res. 83</name>
            <url>https://www.congress.gov/bill/115th-congress/house-joint-resolution/83</url>
          </link>
        </links>
        <actionCode>H8D000</actionCode>
        <type>Floor</type>
        <actionTime>15:22:30</actionTime>
      </item>
      <item>
        <actionDate>2017-03-01</actionDate>
        <text>Provides for consideration of H.R. 998 and H.J.Res. 83.</text>
        <sourceSystem>
          <name>House floor actions</name>
          <code>2</code>
        </sourceSystem>
        <committee />
        <links>
          <link>
            <name>H.J.Res. 83</name>
            <url>https://www.congress.gov/bill/115th-congress/house-joint-resolution/83</url>
          </link>
          <link>
            <name>H.R. 998</name>
            <url>https://www.congress.gov/bill/115th-congress/house-bill/998</url>
          </link>
        </links>
        <actionCode>H8D000</actionCode>
        <type>Floor</type>
        <actionTime>15:22:06</actionTime>
      </item>
      <item>
        <actionDate>2017-03-01</actionDate>
        <text>Considered under the provisions of rule H. Res. 150. (consideration: CR H1421-1430)</text>
        <sourceSystem>
          <name>House floor actions</name>
          <code>2</code>
        </sourceSystem>
        <committee />
        <links>
          <link>
            <name>H. Res. 150</name>
            <url>https://www.congress.gov/bill/115th-congress/house-resolution/150</url>
          </link>
          <link>
            <name>H1421-1430</name>
            <url>https://www.congress.gov/congressional-record/volume-163/house-section/page/H1421-1430</url>
          </link>
        </links>
        <actionCode>H30000</actionCode>
        <type>Floor</type>
        <actionTime>15:22:01</actionTime>
      </item>
      <item>
        <actionDate>2017-02-28</actionDate>
        <text>Rule H. Res. 150 passed House.</text>
        <sourceSystem>
          <name>House floor actions</name>
          <code>2</code>
        </sourceSystem>
        <committee />
        <links>
          <link>
            <name>H. Res. 150</name>
            <url>https://www.congress.gov/bill/115th-congress/house-resolution/150</url>
          </link>
        </links>
        <actionCode>H1L220</actionCode>
        <type>Floor</type>
        <actionTime>14:19:26</actionTime>
      </item>
      <item>
        <actionDate>2017-02-27</actionDate>
        <text>Rules Committee Resolution H. Res. 150 Reported to House. Provides for consideration of H.R. 998 and H.J.Res. 83.</text>
        <sourceSystem>
          <name>House floor actions</name>
          <code>2</code>
        </sourceSystem>
        <committee />
        <links>
          <link>
            <name>H. Res. 150</name>
            <url>https://www.congress.gov/bill/115th-congress/house-resolution/150</url>
          </link>
          <link>
            <name>H.J.Res. 83</name>
            <url>https://www.congress.gov/bill/115th-congress/house-joint-resolution/83</url>
          </link>
          <link>
            <name>H.R. 998</name>
            <url>https://www.congress.gov/bill/115th-congress/house-bill/998</url>
          </link>
        </links>
        <actionCode>H1L210</actionCode>
        <type>Floor</type>
        <actionTime>19:45:26</actionTime>
      </item>
      <item>
        <actionDate>2017-02-21</actionDate>
        <text>Referred to the House Committee on Education and the Workforce.</text>
        <sourceSystem>
          <name>House floor actions</name>
          <code>2</code>
        </sourceSystem>
        <committee>
          <systemCode>hsed00</systemCode>
          <name>Education and the Workforce Committee</name>
        </committee>
        <links />
        <actionCode>H11100</actionCode>
        <type>IntroReferral</type>
      </item>
      <item>
        <actionDate>2017-02-21</actionDate>
        <text>Introduced in House</text>
        <sourceSystem>
          <name>Library of Congress</name>
          <code>9</code>
        </sourceSystem>
        <committee />
        <links />
        <actionCode>Intro-H</actionCode>
        <type>IntroReferral</type>
      </item>
      <item>
        <actionDate>2017-02-21</actionDate>
        <text>Introduced in House</text>
        <sourceSystem>
          <name>Library of Congress</name>
          <code>9</code>
        </sourceSystem>
        <committee />
        <links />
        <actionCode>1000</actionCode>
        <type>IntroReferral</type>
      </item>
    </actions>
    <createDate>2017-02-22T04:49:58Z</createDate>
    <version>1.0.0</version>
    <notes />
    <latestAction>
      <actionDate>2017-04-03</actionDate>
      <text>Became Public Law No: 115-21.</text>
      <links>
        <link>
          <name>Public Law No: 115-21</name>
          <url>https://www.congress.gov/bill/115th-congress/house-joint-resolution/83/text/pl</url>
        </link>
      </links>
    </latestAction>
    <title>Disapproving the rule submitted by the Department of Labor relating to "Clarification of Employer's Continuing Obligation to Make and Maintain an Accurate Record of Each Recordable Injury and Illness".</title>
    <summaries>
      <billSummaries>
        <item>
          <updateDate>2017-02-21T05:00:00Z</updateDate>
          <lastSummaryUpdateDate>2017-03-01T15:01:58Z</lastSummaryUpdateDate>
          <actionDate>2017-02-21</actionDate>
          <name>Introduced in House</name>
          <actionDesc>Introduced in House</actionDesc>
          <versionCode>00</versionCode>
          <text><![CDATA[<p>This joint resolution nullifies the Department of Labor's rule that was published on December 19, 2016, about employers' ongoing obligation to make and maintain records of work-related injuries and illnesses. </p>]]></text>
        </item>
        <item>
          <updateDate>2017-03-01T14:14:17Z</updateDate>
          <lastSummaryUpdateDate>2017-03-03T22:33:06Z</lastSummaryUpdateDate>
          <actionDate>2017-03-01</actionDate>
          <name>Passed House without amendment</name>
          <actionDesc>Passed House without amendment</actionDesc>
          <versionCode>81</versionCode>
          <text><![CDATA[<p>(This measure has not been amended since it was introduced. The summary of that version is repeated here.)</p> <p>This joint resolution nullifies the Department of Labor's rule that was published on December 19, 2016, about employers' ongoing obligation to make and maintain records of work-related injuries and illnesses. </p>]]></text>
        </item>
        <item>
          <updateDate>2017-03-22T13:34:08Z</updateDate>
          <lastSummaryUpdateDate>2017-03-31T20:34:08Z</lastSummaryUpdateDate>
          <actionDate>2017-03-22</actionDate>
          <name>Passed Senate without amendment</name>
          <actionDesc>Passed Senate without amendment</actionDesc>
          <versionCode>82</versionCode>
          <text><![CDATA[<p>(This measure has not been amended since it was introduced. The summary of that version is repeated here.)</p> <p>This joint resolution nullifies the Department of Labor's rule that was published on December 19, 2016, about employers' ongoing obligation to make and maintain records of work-related injuries and illnesses. </p>]]></text>
        </item>
        <item>
          <updateDate>2017-04-04T03:59:58Z</updateDate>
          <lastSummaryUpdateDate>2017-04-06T20:17:40Z</lastSummaryUpdateDate>
          <actionDate>2017-04-03</actionDate>
          <name>Public Law</name>
          <actionDesc>Public Law</actionDesc>
          <versionCode>49</versionCode>
          <text><![CDATA[<p>(This measure has not been amended since it was introduced. The summary of that version is repeated here.)</p> <p>This joint resolution nullifies the Department of Labor's rule that was published on December 19, 2016, about employers' ongoing obligation to make and maintain records of work-related injuries and illnesses. </p>]]></text>
        </item>
      </billSummaries>
    </summaries>
    <congress>115</congress>
    <policyArea>
      <name>Labor and Employment</name>
    </policyArea>
    <billNumber>83</billNumber>
    <calendarNumbers />
    <cboCostEstimates />
    <introducedDate>2017-02-21</introducedDate>
    <relatedBills>
      <item>
        <congress>115</congress>
        <number>27</number>
        <type>SJRES</type>
        <relationshipDetails>
          <item>
            <type>Identical bill</type>
            <identifiedBy>CRS</identifiedBy>
          </item>
        </relationshipDetails>
        <latestTitle>A joint resolution disapproving the rule submitted by the Department of Labor relating to "Clarification of Employer's Continuing Obligation to Make and Maintain an Accurate Record of Each Recordable Injury and Illness".</latestTitle>
        <latestAction>
          <text>Read twice and referred to the Committee on Health, Education, Labor, and Pensions.</text>
          <actionDate>2017-03-02</actionDate>
        </latestAction>
      </item>
      <item>
        <congress>115</congress>
        <number>150</number>
        <type>HRES</type>
        <relationshipDetails>
          <item>
            <type>Procedurally-related</type>
            <identifiedBy>House</identifiedBy>
          </item>
        </relationshipDetails>
        <latestTitle>Providing for consideration of the bill (H.R. 998) to provide for the establishment of a process for the review of rules and sets of rules, and for other purposes, and providing for consideration of the joint resolution (H.J. Res. 83) disapproving the rule submitted by the Department of Labor relating to "Clarification of Employer's Continuing Obligation to Make and Maintain an Accurate Record of Each Recordable Injury and Illness".</latestTitle>
        <latestAction>
          <actionTime>14:19:27</actionTime>
          <text>Motion to reconsider laid on the table Agreed to without objection.</text>
          <actionDate>2017-02-28</actionDate>
        </latestAction>
      </item>
    </relatedBills>
    <committees>
      <billCommittees>
        <item>
          <chamber>House</chamber>
          <name>Education and the Workforce Committee</name>
          <systemCode>hsed00</systemCode>
          <activities>
            <item>
              <date>2017-02-21T19:30:30Z</date>
              <name>Referred to</name>
            </item>
          </activities>
          <type>Standing</type>
          <subcommittees />
        </item>
      </billCommittees>
    </committees>
    <titles>
      <item>
        <chamberName />
        <parentTitleType />
        <chamberCode />
        <titleType>Official Title as Introduced</titleType>
        <title>Disapproving the rule submitted by the Department of Labor relating to "Clarification of Employer's Continuing Obligation to Make and Maintain an Accurate Record of Each Recordable Injury and Illness".</title>
      </item>
      <item>
        <chamberName />
        <parentTitleType />
        <chamberCode />
        <titleType>Display Title</titleType>
        <title>Disapproving the rule submitted by the Department of Labor relating to "Clarification of Employer's Continuing Obligation to Make and Maintain an Accurate Record of Each Recordable Injury and Illness".</title>
      </item>
    </titles>
    <sponsors>
      <item>
        <fullName>Rep. Byrne, Bradley [R-AL-1]</fullName>
        <middleName />
        <district>1</district>
        <byRequestType />
        <firstName>Bradley</firstName>
        <bioguideId>B001289</bioguideId>
        <state>AL</state>
        <party>R</party>
        <lastName>Byrne</lastName>
        <identifiers>
          <lisID>2197</lisID>
          <bioguideId>B001289</bioguideId>
          <gpoId />
        </identifiers>
      </item>
    </sponsors>
    <updateDate>2018-02-06T16:40:11Z</updateDate>
    <amendments />
  </bill>
  <dublinCore xmlns:dc="http://purl.org/dc/elements/1.1/">
    <dc:format>text/xml</dc:format>
    <dc:language>EN</dc:language>
    <dc:rights>Pursuant to Title 17 Section 105 of the United States Code, this file is not subject to copyright protection and is in the public domain.</dc:rights>
    <dc:contributor>Congressional Research Service, Library of Congress</dc:contributor>
    <dc:description>This file contains bill summaries and statuses for federal legislation. A bill summary describes the most significant provisions of a piece of legislation and details the effects the legislative text may have on current law and federal programs. Bill summaries are authored by the Congressional Research Service (CRS) of the Library of Congress. As stated in Public Law 91-510 (2 USC 166 (d)(6)), one of the duties of CRS is "to prepare summaries and digests of bills and resolutions of a public general nature introduced in the Senate or House of Representatives". For more information, refer to the User Guide that accompanies this file.</dc:description>
  </dublinCore>
</billStatus>

