<?xml version="1.0" encoding="UTF-8"?>
<billStatus>
  <bill>
    <constitutionalAuthorityStatementText><![CDATA[<pre>From the Congressional Record Online through the Government Publishing Office [<a href='http://www.gpo.gov'>www.gpo.gov</a>]By Mr. BUCHANAN:H.J. Res. 5.Congress has the power to enact this legislation pursuantto the following:Article 1, Section 8 of the U.S. Constitution.[Page H53]</pre>]]></constitutionalAuthorityStatementText>
    <originChamber>House</originChamber>
    <subjects>
      <billSubjects>
        <legislativeSubjects>
          <item>
            <name>Budget deficits and national debt</name>
          </item>
          <item>
            <name>Budget process</name>
          </item>
          <item>
            <name>Constitution and constitutional amendments</name>
          </item>
          <item>
            <name>Income tax rates</name>
          </item>
          <item>
            <name>Legislative rules and procedure</name>
          </item>
        </legislativeSubjects>
        <policyArea>
          <name>Economics and Public Finance</name>
        </policyArea>
      </billSubjects>
    </subjects>
    <cosponsors />
    <billType>HJRES</billType>
    <recordedVotes />
    <laws />
    <committeeReports />
    <actions>
      <item>
        <committee>
          <systemCode>hsju00</systemCode>
          <name>Judiciary Committee</name>
        </committee>
        <sourceSystem>
          <code>2</code>
          <name>House floor actions</name>
        </sourceSystem>
        <actionDate>2017-01-03</actionDate>
        <text>Referred to the House Committee on the Judiciary.</text>
        <links />
        <type>IntroReferral</type>
        <actionCode>H11100</actionCode>
      </item>
      <item>
        <committee />
        <sourceSystem>
          <code>9</code>
          <name>Library of Congress</name>
        </sourceSystem>
        <actionDate>2017-01-03</actionDate>
        <text>Introduced in House</text>
        <links />
        <type>IntroReferral</type>
        <actionCode>Intro-H</actionCode>
      </item>
      <item>
        <committee />
        <sourceSystem>
          <code>9</code>
          <name>Library of Congress</name>
        </sourceSystem>
        <actionDate>2017-01-03</actionDate>
        <text>Introduced in House</text>
        <links />
        <type>IntroReferral</type>
        <actionCode>1000</actionCode>
      </item>
      <actionByCounts>
        <houseOfRepresentatives>3</houseOfRepresentatives>
      </actionByCounts>
      <actionTypeCounts>
        <billReferrals>1</billReferrals>
        <introducedInTheHouse>1</introducedInTheHouse>
        <introducedInHouse>1</introducedInHouse>
      </actionTypeCounts>
    </actions>
    <createDate>2017-01-04T07:01:08Z</createDate>
    <version>1.0.0</version>
    <notes />
    <latestAction>
      <actionDate>2017-01-03</actionDate>
      <text>Referred to the House Committee on the Judiciary.</text>
      <links />
    </latestAction>
    <title>Proposing an amendment to the Constitution of the United States relative to balancing the budget.</title>
    <summaries>
      <billSummaries>
        <item>
          <text><![CDATA[<p><b>Constitutional Amendment </b></p> <p>This joint resolution proposes a constitutional amendment prohibiting total outlays for a fiscal year from exceeding total receipts for that fiscal year unless Congress authorizes the excess by a two-thirds vote of each chamber. The prohibition excludes outlays for repayment of debt principal and receipts derived from borrowing. </p> <p>The amendment prohibits total outlays for any fiscal year from exceeding 18% of the gross domestic product of the United States, unless two-thirds of each house of Congress provides for a specific increase above this amount. </p> <p>The amendment requires a two-thirds vote of each chamber of Congress to impose a new tax, increase the statutory rate of any tax, or increase the aggregate amount of revenue. It requires a three-fifths vote of each chamber to increase the limit on the debt of the United States. </p> <p>The President must submit an annual budget in which total outlays do not exceed total receipts and 18% of the gross domestic product of the United States. </p> <p>The amendment prohibits a court from ordering a revenue increase to enforce the requirements. </p> <p>Congress may waive specified requirements when a declaration of war is in effect or the United States is engaged in a military conflict which causes an imminent and serious military threat to national security. </p>]]></text>
          <name>Introduced in House</name>
          <lastSummaryUpdateDate>2017-01-09T13:53:15Z</lastSummaryUpdateDate>
          <versionCode>00</versionCode>
          <actionDesc>Introduced in House</actionDesc>
          <updateDate>2017-01-03T05:00:00Z</updateDate>
          <actionDate>2017-01-03</actionDate>
        </item>
      </billSummaries>
    </summaries>
    <congress>115</congress>
    <policyArea>
      <name>Economics and Public Finance</name>
    </policyArea>
    <billNumber>5</billNumber>
    <calendarNumbers />
    <cboCostEstimates />
    <introducedDate>2017-01-03</introducedDate>
    <relatedBills>
      <item>
        <latestTitle>Proposing a balanced budget amendment to the Constitution of the United States.</latestTitle>
        <number>110</number>
        <latestAction>
          <actionDate>2017-08-03</actionDate>
          <text>Referred to the Subcommittee on the Constitution and Civil Justice.</text>
        </latestAction>
        <congress>115</congress>
        <relationshipDetails>
          <item>
            <identifiedBy>CRS</identifiedBy>
            <type>Related bill</type>
          </item>
        </relationshipDetails>
        <type>HJRES</type>
      </item>
    </relatedBills>
    <committees>
      <billCommittees>
        <item>
          <chamber>House</chamber>
          <name>Judiciary Committee</name>
          <systemCode>hsju00</systemCode>
          <type>Standing</type>
          <subcommittees />
          <activities>
            <item>
              <name>Referred to</name>
              <date>2017-01-03T17:05:00Z</date>
            </item>
          </activities>
        </item>
      </billCommittees>
    </committees>
    <titles>
      <item>
        <title>Proposing an amendment to the Constitution of the United States relative to balancing the budget.</title>
        <titleType>Official Title as Introduced</titleType>
        <parentTitleType />
        <chamberCode />
        <chamberName />
      </item>
      <item>
        <title>Proposing an amendment to the Constitution of the United States relative to balancing the budget.</title>
        <titleType>Display Title</titleType>
        <parentTitleType />
        <chamberCode />
        <chamberName />
      </item>
    </titles>
    <sponsors>
      <item>
        <fullName>Rep. Buchanan, Vern [R-FL-16]</fullName>
        <middleName />
        <district>16</district>
        <byRequestType />
        <firstName>Vern</firstName>
        <bioguideId>B001260</bioguideId>
        <state>FL</state>
        <party>R</party>
        <lastName>Buchanan</lastName>
        <identifiers>
          <bioguideId>B001260</bioguideId>
          <lisID>1840</lisID>
          <gpoId>7885</gpoId>
        </identifiers>
      </item>
    </sponsors>
    <updateDate>2018-02-06T16:40:06Z</updateDate>
    <amendments />
  </bill>
  <dublinCore xmlns:dc="http://purl.org/dc/elements/1.1/">
    <dc:format>text/xml</dc:format>
    <dc:language>EN</dc:language>
    <dc:rights>Pursuant to Title 17 Section 105 of the United States Code, this file is not subject to copyright protection and is in the public domain.</dc:rights>
    <dc:contributor>Congressional Research Service, Library of Congress</dc:contributor>
    <dc:description>This file contains bill summaries and statuses for federal legislation. A bill summary describes the most significant provisions of a piece of legislation and details the effects the legislative text may have on current law and federal programs. Bill summaries are authored by the Congressional Research Service (CRS) of the Library of Congress. As stated in Public Law 91-510 (2 USC 166 (d)(6)), one of the duties of CRS is "to prepare summaries and digests of bills and resolutions of a public general nature introduced in the Senate or House of Representatives". For more information, refer to the User Guide that accompanies this file.</dc:description>
  </dublinCore>
</billStatus>

