<?xml version="1.0" encoding="UTF-8"?>
<billStatus>
  <bill>
    <cosponsors>
      <item>
        <lastName>Hunter</lastName>
        <firstName>Duncan</firstName>
        <sponsorshipWithdrawnDate />
        <isOriginalCosponsor>True</isOriginalCosponsor>
        <district>50</district>
        <party>R</party>
        <fullName>Rep. Hunter, Duncan D. [R-CA-50]</fullName>
        <middleName>D.</middleName>
        <state>CA</state>
        <bioguideId>H001048</bioguideId>
        <sponsorshipDate>2017-02-14</sponsorshipDate>
        <identifiers>
          <lisID>1909</lisID>
          <gpoId>7857</gpoId>
          <bioguideId>H001048</bioguideId>
        </identifiers>
      </item>
      <item>
        <lastName>LaMalfa</lastName>
        <firstName>Doug</firstName>
        <sponsorshipWithdrawnDate />
        <isOriginalCosponsor>False</isOriginalCosponsor>
        <district>1</district>
        <party>R</party>
        <fullName>Rep. LaMalfa, Doug [R-CA-1]</fullName>
        <middleName />
        <state>CA</state>
        <bioguideId>L000578</bioguideId>
        <sponsorshipDate>2017-02-16</sponsorshipDate>
        <identifiers>
          <lisID>2100</lisID>
          <bioguideId>L000578</bioguideId>
          <gpoId />
        </identifiers>
      </item>
      <item>
        <lastName>Palmer</lastName>
        <firstName>Gary</firstName>
        <sponsorshipWithdrawnDate />
        <isOriginalCosponsor>False</isOriginalCosponsor>
        <district>6</district>
        <party>R</party>
        <fullName>Rep. Palmer, Gary J. [R-AL-6]</fullName>
        <middleName>J.</middleName>
        <state>AL</state>
        <bioguideId>P000609</bioguideId>
        <sponsorshipDate>2017-02-16</sponsorshipDate>
        <identifiers>
          <lisID>2221</lisID>
          <bioguideId>P000609</bioguideId>
          <gpoId />
        </identifiers>
      </item>
      <item>
        <lastName>Duncan</lastName>
        <firstName>Jeff</firstName>
        <sponsorshipWithdrawnDate />
        <isOriginalCosponsor>False</isOriginalCosponsor>
        <district>3</district>
        <party>R</party>
        <fullName>Rep. Duncan, Jeff [R-SC-3]</fullName>
        <middleName />
        <state>SC</state>
        <bioguideId>D000615</bioguideId>
        <sponsorshipDate>2017-02-16</sponsorshipDate>
        <identifiers>
          <lisID>2057</lisID>
          <gpoId>8143</gpoId>
          <bioguideId>D000615</bioguideId>
        </identifiers>
      </item>
      <item>
        <lastName>Meadows</lastName>
        <firstName>Mark</firstName>
        <sponsorshipWithdrawnDate />
        <isOriginalCosponsor>False</isOriginalCosponsor>
        <district>11</district>
        <party>R</party>
        <fullName>Rep. Meadows, Mark [R-NC-11]</fullName>
        <middleName />
        <state>NC</state>
        <bioguideId>M001187</bioguideId>
        <sponsorshipDate>2017-02-16</sponsorshipDate>
        <identifiers>
          <bioguideId>M001187</bioguideId>
          <lisID>2142</lisID>
          <gpoId />
        </identifiers>
      </item>
      <item>
        <lastName>ROS-LEHTINEN</lastName>
        <firstName>ILEANA</firstName>
        <sponsorshipWithdrawnDate />
        <isOriginalCosponsor>False</isOriginalCosponsor>
        <district>27</district>
        <party>R</party>
        <fullName>Rep. Ros-Lehtinen, Ileana [R-FL-27]</fullName>
        <middleName />
        <state>FL</state>
        <bioguideId>R000435</bioguideId>
        <sponsorshipDate>2017-02-16</sponsorshipDate>
        <identifiers>
          <bioguideId>R000435</bioguideId>
          <gpoId>7890</gpoId>
          <lisID>985</lisID>
        </identifiers>
      </item>
      <item>
        <lastName>JONES</lastName>
        <firstName>WALTER</firstName>
        <sponsorshipWithdrawnDate />
        <isOriginalCosponsor>False</isOriginalCosponsor>
        <district>3</district>
        <party>R</party>
        <fullName>Rep. Jones, Walter B., Jr. [R-NC-3]</fullName>
        <middleName>B.</middleName>
        <state>NC</state>
        <bioguideId>J000255</bioguideId>
        <sponsorshipDate>2017-02-16</sponsorshipDate>
        <identifiers>
          <gpoId>8026</gpoId>
          <bioguideId>J000255</bioguideId>
          <lisID>612</lisID>
        </identifiers>
      </item>
      <item>
        <lastName>Banks</lastName>
        <firstName>Jim</firstName>
        <sponsorshipWithdrawnDate />
        <isOriginalCosponsor>False</isOriginalCosponsor>
        <district>3</district>
        <party>R</party>
        <fullName>Rep. Banks, Jim [R-IN-3]</fullName>
        <middleName />
        <state>IN</state>
        <bioguideId>B001299</bioguideId>
        <sponsorshipDate>2017-03-07</sponsorshipDate>
        <identifiers>
          <lisID>2326</lisID>
          <bioguideId>B001299</bioguideId>
          <gpoId />
        </identifiers>
      </item>
      <item>
        <lastName>Brat</lastName>
        <firstName>Dave</firstName>
        <sponsorshipWithdrawnDate />
        <isOriginalCosponsor>False</isOriginalCosponsor>
        <district>7</district>
        <party>R</party>
        <fullName>Rep. Brat, Dave [R-VA-7]</fullName>
        <middleName />
        <state>VA</state>
        <bioguideId>B001290</bioguideId>
        <sponsorshipDate>2017-03-07</sponsorshipDate>
        <identifiers>
          <lisID>2203</lisID>
          <gpoId />
          <bioguideId>B001290</bioguideId>
        </identifiers>
      </item>
    </cosponsors>
    <congress>115</congress>
    <committees>
      <billCommittees>
        <item>
          <subcommittees />
          <type>Standing</type>
          <systemCode>hsfa00</systemCode>
          <activities>
            <item>
              <name>Referred to</name>
              <date>2017-02-14T15:03:05Z</date>
            </item>
          </activities>
          <name>Foreign Affairs Committee</name>
          <chamber>House</chamber>
        </item>
      </billCommittees>
    </committees>
    <constitutionalAuthorityStatementText><![CDATA[<pre>From the Congressional Record Online through the Government Publishing Office [<a href='http://www.gpo.gov'>www.gpo.gov</a>]By Mr. BUDD:H.J. Res. 72.Congress has the power to enact this legislation pursuantto the following:Article 1, Section 8, Clause 3, granting authority toregulate commerce with foreign nations, and Article 1,Section 8, Clause 18, granting authority to make all lawsthat are necessary and proper for executing the foregoingpowers.[Page H1185]</pre>]]></constitutionalAuthorityStatementText>
    <laws />
    <titles>
      <item>
        <parentTitleType />
        <chamberCode />
        <titleType>Official Title as Introduced</titleType>
        <chamberName />
        <title>Relating to the disapproval of the proposed foreign military sale to the Government of Kenya of Air Tractor aircraft with weapons, and related support.</title>
      </item>
      <item>
        <parentTitleType />
        <chamberCode />
        <titleType>Display Title</titleType>
        <chamberName />
        <title>Relating to the disapproval of the proposed foreign military sale to the Government of Kenya of Air Tractor aircraft with weapons, and related support.</title>
      </item>
    </titles>
    <billType>HJRES</billType>
    <amendments />
    <recordedVotes />
    <actions>
      <actionByCounts>
        <houseOfRepresentatives>3</houseOfRepresentatives>
      </actionByCounts>
      <item>
        <text>Referred to the House Committee on Foreign Affairs.</text>
        <type>IntroReferral</type>
        <sourceSystem>
          <name>House floor actions</name>
          <code>2</code>
        </sourceSystem>
        <committee>
          <name>Foreign Affairs Committee</name>
          <systemCode>hsfa00</systemCode>
        </committee>
        <actionCode>H11100</actionCode>
        <actionDate>2017-02-14</actionDate>
        <links />
      </item>
      <item>
        <text>Introduced in House</text>
        <type>IntroReferral</type>
        <sourceSystem>
          <name>Library of Congress</name>
          <code>9</code>
        </sourceSystem>
        <committee />
        <actionCode>Intro-H</actionCode>
        <actionDate>2017-02-14</actionDate>
        <links />
      </item>
      <item>
        <text>Introduced in House</text>
        <type>IntroReferral</type>
        <sourceSystem>
          <name>Library of Congress</name>
          <code>9</code>
        </sourceSystem>
        <committee />
        <actionCode>1000</actionCode>
        <actionDate>2017-02-14</actionDate>
        <links />
      </item>
      <actionTypeCounts>
        <introducedInHouse>1</introducedInHouse>
        <billReferrals>1</billReferrals>
        <introducedInTheHouse>1</introducedInTheHouse>
      </actionTypeCounts>
    </actions>
    <introducedDate>2017-02-14</introducedDate>
    <relatedBills />
    <committeeReports />
    <calendarNumbers />
    <billNumber>72</billNumber>
    <summaries>
      <billSummaries>
        <item>
          <versionCode>00</versionCode>
          <actionDate>2017-02-14</actionDate>
          <updateDate>2017-02-14T05:00:00Z</updateDate>
          <text><![CDATA[<p>This joint resolution prohibits the issuance of a letter of offer with respect to any of the following proposed sales to the government of Kenya, as described in the certification Transmittal No. 16-79 sent to the Speaker of the House of Representatives and the chairman of the Committee on Foreign Relations of the Senate pursuant to the Arms Export Control Act on January 19, 2017:</p> <ul> <li>twelve Air Tractor AT-802L;</li> <li>two AT-504 trainer aircraft; and </li> <li>weapons package, technical support, and program management. </li> </ul> <ul> </ul>]]></text>
          <actionDesc>Introduced in House</actionDesc>
          <name>Introduced in House</name>
          <lastSummaryUpdateDate>2017-04-28T15:14:32Z</lastSummaryUpdateDate>
        </item>
      </billSummaries>
    </summaries>
    <cboCostEstimates />
    <updateDate>2018-02-06T16:40:11Z</updateDate>
    <policyArea>
      <name>International Affairs</name>
    </policyArea>
    <latestAction>
      <text>Referred to the House Committee on Foreign Affairs.</text>
      <actionDate>2017-02-14</actionDate>
      <links />
    </latestAction>
    <version>1.0.0</version>
    <subjects>
      <billSubjects>
        <policyArea>
          <name>International Affairs</name>
        </policyArea>
        <legislativeSubjects>
          <item>
            <name>Africa</name>
          </item>
          <item>
            <name>Congressional oversight</name>
          </item>
          <item>
            <name>Kenya</name>
          </item>
          <item>
            <name>Military assistance, sales, and agreements</name>
          </item>
        </legislativeSubjects>
      </billSubjects>
    </subjects>
    <title>Relating to the disapproval of the proposed foreign military sale to the Government of Kenya of Air Tractor aircraft with weapons, and related support.</title>
    <originChamber>House</originChamber>
    <sponsors>
      <item>
        <byRequestType />
        <district>13</district>
        <party>R</party>
        <fullName>Rep. Budd, Ted [R-NC-13]</fullName>
        <lastName>Budd</lastName>
        <state>NC</state>
        <bioguideId>B001305</bioguideId>
        <middleName />
        <firstName>Ted</firstName>
        <identifiers>
          <gpoId />
          <lisID>2336</lisID>
          <bioguideId>B001305</bioguideId>
        </identifiers>
      </item>
    </sponsors>
    <notes />
    <createDate>2017-02-15T05:12:36Z</createDate>
  </bill>
  <dublinCore xmlns:dc="http://purl.org/dc/elements/1.1/">
    <dc:format>text/xml</dc:format>
    <dc:language>EN</dc:language>
    <dc:rights>Pursuant to Title 17 Section 105 of the United States Code, this file is not subject to copyright protection and is in the public domain.</dc:rights>
    <dc:contributor>Congressional Research Service, Library of Congress</dc:contributor>
    <dc:description>This file contains bill summaries and statuses for federal legislation. A bill summary describes the most significant provisions of a piece of legislation and details the effects the legislative text may have on current law and federal programs. Bill summaries are authored by the Congressional Research Service (CRS) of the Library of Congress. As stated in Public Law 91-510 (2 USC 166 (d)(6)), one of the duties of CRS is "to prepare summaries and digests of bills and resolutions of a public general nature introduced in the Senate or House of Representatives". For more information, refer to the User Guide that accompanies this file.</dc:description>
  </dublinCore>
</billStatus>

