<?xml version="1.0" encoding="UTF-8"?>
<billStatus>
  <bill>
    <cosponsors>
      <item>
        <sponsorshipWithdrawnDate />
        <state>VA</state>
        <bioguideId>B001292</bioguideId>
        <fullName>Rep. Beyer, Donald S., Jr. [D-VA-8]</fullName>
        <district>8</district>
        <firstName>Donald</firstName>
        <middleName>S.</middleName>
        <isOriginalCosponsor>True</isOriginalCosponsor>
        <sponsorshipDate>2017-03-16</sponsorshipDate>
        <identifiers>
          <bioguideId>B001292</bioguideId>
          <lisID>2272</lisID>
          <gpoId />
        </identifiers>
        <lastName>Beyer</lastName>
        <party>D</party>
      </item>
      <item>
        <sponsorshipWithdrawnDate />
        <state>CA</state>
        <bioguideId>G000559</bioguideId>
        <fullName>Rep. Garamendi, John [D-CA-3]</fullName>
        <district>3</district>
        <firstName>John</firstName>
        <middleName />
        <isOriginalCosponsor>True</isOriginalCosponsor>
        <sponsorshipDate>2017-03-16</sponsorshipDate>
        <identifiers>
          <bioguideId>G000559</bioguideId>
          <lisID>1973</lisID>
          <gpoId>7815</gpoId>
        </identifiers>
        <lastName>Garamendi</lastName>
        <party>D</party>
      </item>
      <item>
        <sponsorshipWithdrawnDate />
        <state>FL</state>
        <bioguideId>H000324</bioguideId>
        <fullName>Rep. Hastings, Alcee L. [D-FL-20]</fullName>
        <district>20</district>
        <firstName>ALCEE</firstName>
        <middleName>L.</middleName>
        <isOriginalCosponsor>True</isOriginalCosponsor>
        <sponsorshipDate>2017-03-16</sponsorshipDate>
        <identifiers>
          <bioguideId>H000324</bioguideId>
          <lisID>511</lisID>
          <gpoId>7895</gpoId>
        </identifiers>
        <lastName>HASTINGS</lastName>
        <party>D</party>
      </item>
      <item>
        <sponsorshipWithdrawnDate />
        <state>MD</state>
        <bioguideId>R000606</bioguideId>
        <fullName>Rep. Raskin, Jamie [D-MD-8]</fullName>
        <district>8</district>
        <firstName>Jamie</firstName>
        <middleName />
        <isOriginalCosponsor>True</isOriginalCosponsor>
        <sponsorshipDate>2017-03-16</sponsorshipDate>
        <identifiers>
          <bioguideId>R000606</bioguideId>
          <gpoId />
          <lisID>2332</lisID>
        </identifiers>
        <lastName>Raskin</lastName>
        <party>D</party>
      </item>
      <item>
        <sponsorshipWithdrawnDate />
        <state>VT</state>
        <bioguideId>W000800</bioguideId>
        <fullName>Rep. Welch, Peter [D-VT-At Large]</fullName>
        <district>0</district>
        <firstName>Peter</firstName>
        <middleName />
        <isOriginalCosponsor>True</isOriginalCosponsor>
        <sponsorshipDate>2017-03-16</sponsorshipDate>
        <identifiers>
          <bioguideId>W000800</bioguideId>
          <lisID>1879</lisID>
          <gpoId>8204</gpoId>
        </identifiers>
        <lastName>Welch</lastName>
        <party>D</party>
      </item>
      <item>
        <sponsorshipWithdrawnDate />
        <state>FL</state>
        <bioguideId>S001200</bioguideId>
        <fullName>Rep. Soto, Darren [D-FL-9]</fullName>
        <district>9</district>
        <firstName>Darren</firstName>
        <middleName />
        <isOriginalCosponsor>True</isOriginalCosponsor>
        <sponsorshipDate>2017-03-16</sponsorshipDate>
        <identifiers>
          <bioguideId>S001200</bioguideId>
          <lisID>2319</lisID>
          <gpoId />
        </identifiers>
        <lastName>Soto</lastName>
        <party>D</party>
      </item>
      <item>
        <sponsorshipWithdrawnDate />
        <state>TN</state>
        <bioguideId>C001068</bioguideId>
        <fullName>Rep. Cohen, Steve [D-TN-9]</fullName>
        <district>9</district>
        <firstName>Steve</firstName>
        <middleName />
        <isOriginalCosponsor>False</isOriginalCosponsor>
        <sponsorshipDate>2017-07-28</sponsorshipDate>
        <identifiers>
          <lisID>1878</lisID>
          <bioguideId>C001068</bioguideId>
          <gpoId>8156</gpoId>
        </identifiers>
        <lastName>Cohen</lastName>
        <party>D</party>
      </item>
    </cosponsors>
    <congress>115</congress>
    <committees>
      <billCommittees>
        <item>
          <type>Standing</type>
          <systemCode>hsju00</systemCode>
          <subcommittees>
            <item>
              <activities>
                <item>
                  <date>2017-03-21T13:54:41Z</date>
                  <name>Referred to</name>
                </item>
              </activities>
              <systemCode>hsju10</systemCode>
              <name>Constitution and Civil Justice Subcommittee</name>
            </item>
          </subcommittees>
          <activities>
            <item>
              <date>2017-03-16T14:01:40Z</date>
              <name>Referred to</name>
            </item>
          </activities>
          <chamber>House</chamber>
          <name>Judiciary Committee</name>
        </item>
      </billCommittees>
    </committees>
    <constitutionalAuthorityStatementText><![CDATA[<pre>From the Congressional Record Online through the Government Publishing Office [<a href='http://www.gpo.gov'>www.gpo.gov</a>]By Ms. SHEA-PORTER:H.J. Res. 90.Congress has the power to enact this legislation pursuantto the following:Article V authorizes Congress, whenever two-thirds of bothhouses ``deem it necessary,'' to propose amendments to theConstitution.____________________[Page H2150]</pre>]]></constitutionalAuthorityStatementText>
    <laws />
    <titles>
      <item>
        <parentTitleType />
        <chamberCode />
        <chamberName />
        <titleType>Official Title as Introduced</titleType>
        <title>Proposing an amendment to the Constitution of the United States to clarify the authority of Congress and the States to regulate the expenditure of funds for political activity by corporations.</title>
      </item>
      <item>
        <parentTitleType />
        <chamberCode />
        <chamberName />
        <titleType>Display Title</titleType>
        <title>Proposing an amendment to the Constitution of the United States to clarify the authority of Congress and the States to regulate the expenditure of funds for political activity by corporations.</title>
      </item>
    </titles>
    <billType>HJRES</billType>
    <amendments />
    <recordedVotes />
    <actions>
      <actionByCounts>
        <houseOfRepresentatives>4</houseOfRepresentatives>
      </actionByCounts>
      <actionTypeCounts>
        <placeholderTextForH>1</placeholderTextForH>
        <billReferrals>1</billReferrals>
        <introducedInHouse>1</introducedInHouse>
        <introducedInTheHouse>1</introducedInTheHouse>
      </actionTypeCounts>
      <item>
        <actionDate>2017-03-21</actionDate>
        <committee>
          <systemCode>hsju10</systemCode>
          <name>Constitution and Civil Justice Subcommittee</name>
        </committee>
        <links />
        <sourceSystem>
          <name>House committee actions</name>
          <code>1</code>
        </sourceSystem>
        <text>Referred to the Subcommittee on the Constitution and Civil Justice.</text>
        <type>Committee</type>
      </item>
      <item>
        <sourceSystem>
          <name>House floor actions</name>
          <code>2</code>
        </sourceSystem>
        <actionDate>2017-03-16</actionDate>
        <text>Referred to the House Committee on the Judiciary.</text>
        <type>IntroReferral</type>
        <links />
        <committee>
          <systemCode>hsju00</systemCode>
          <name>Judiciary Committee</name>
        </committee>
        <actionCode>H11100</actionCode>
      </item>
      <item>
        <sourceSystem>
          <name>Library of Congress</name>
          <code>9</code>
        </sourceSystem>
        <actionDate>2017-03-16</actionDate>
        <text>Introduced in House</text>
        <type>IntroReferral</type>
        <links />
        <committee />
        <actionCode>Intro-H</actionCode>
      </item>
      <item>
        <sourceSystem>
          <name>Library of Congress</name>
          <code>9</code>
        </sourceSystem>
        <actionDate>2017-03-16</actionDate>
        <text>Introduced in House</text>
        <type>IntroReferral</type>
        <links />
        <committee />
        <actionCode>1000</actionCode>
      </item>
    </actions>
    <introducedDate>2017-03-16</introducedDate>
    <relatedBills />
    <committeeReports />
    <calendarNumbers />
    <billNumber>90</billNumber>
    <summaries>
      <billSummaries>
        <item>
          <text><![CDATA[<p><b>Constitutional Amendment </b></p> <p>This joint resolution states that nothing in the U.S. Constitution shall prohibit Congress and the states from imposing content-neutral regulations and restrictions on the expenditure of funds for political activity by any corporation, limited liability company, or other corporate entity, including but not limited to contributions in support of, or in opposition to, a candidate for public office. </p>]]></text>
          <name>Introduced in House</name>
          <lastSummaryUpdateDate>2017-07-19T22:32:53Z</lastSummaryUpdateDate>
          <versionCode>00</versionCode>
          <actionDesc>Introduced in House</actionDesc>
          <updateDate>2017-03-16T04:00:00Z</updateDate>
          <actionDate>2017-03-16</actionDate>
        </item>
      </billSummaries>
    </summaries>
    <cboCostEstimates />
    <updateDate>2018-02-06T16:40:12Z</updateDate>
    <policyArea>
      <name>Government Operations and Politics</name>
    </policyArea>
    <latestAction>
      <text>Referred to the Subcommittee on the Constitution and Civil Justice.</text>
      <actionDate>2017-03-21</actionDate>
      <links />
    </latestAction>
    <version>1.0.0</version>
    <subjects>
      <billSubjects>
        <policyArea>
          <name>Government Operations and Politics</name>
        </policyArea>
        <legislativeSubjects>
          <item>
            <name>Constitution and constitutional amendments</name>
          </item>
          <item>
            <name>Corporate finance and management</name>
          </item>
          <item>
            <name>Elections, voting, political campaign regulation</name>
          </item>
          <item>
            <name>Political advertising</name>
          </item>
        </legislativeSubjects>
      </billSubjects>
    </subjects>
    <title>Proposing an amendment to the Constitution of the United States to clarify the authority of Congress and the States to regulate the expenditure of funds for political activity by corporations.</title>
    <originChamber>House</originChamber>
    <sponsors>
      <item>
        <byRequestType />
        <district>1</district>
        <party>D</party>
        <fullName>Rep. Shea-Porter, Carol [D-NH-1]</fullName>
        <lastName>Shea-Porter</lastName>
        <state>NH</state>
        <bioguideId>S001170</bioguideId>
        <middleName />
        <firstName>Carol</firstName>
        <identifiers>
          <gpoId>7528</gpoId>
          <lisID>1861</lisID>
          <bioguideId>S001170</bioguideId>
        </identifiers>
      </item>
    </sponsors>
    <notes />
    <createDate>2017-03-17T04:49:39Z</createDate>
  </bill>
  <dublinCore xmlns:dc="http://purl.org/dc/elements/1.1/">
    <dc:format>text/xml</dc:format>
    <dc:language>EN</dc:language>
    <dc:rights>Pursuant to Title 17 Section 105 of the United States Code, this file is not subject to copyright protection and is in the public domain.</dc:rights>
    <dc:contributor>Congressional Research Service, Library of Congress</dc:contributor>
    <dc:description>This file contains bill summaries and statuses for federal legislation. A bill summary describes the most significant provisions of a piece of legislation and details the effects the legislative text may have on current law and federal programs. Bill summaries are authored by the Congressional Research Service (CRS) of the Library of Congress. As stated in Public Law 91-510 (2 USC 166 (d)(6)), one of the duties of CRS is "to prepare summaries and digests of bills and resolutions of a public general nature introduced in the Senate or House of Representatives". For more information, refer to the User Guide that accompanies this file.</dc:description>
  </dublinCore>
</billStatus>

