<?xml version="1.0" encoding="UTF-8"?>
<billStatus>
  <bill>
    <committeeReports />
    <summaries>
      <billSummaries>
        <item>
          <actionDesc>Introduced in House</actionDesc>
          <actionDate>2017-01-05</actionDate>
          <text><![CDATA[<p><b>Constitutional Amendment</b></p> <p> This joint resolution proposes a constitutional amendment prohibiting a person from serving more than two full consecutive terms as a Senator or six full consecutive terms as a Representative.</p>]]></text>
          <versionCode>00</versionCode>
          <updateDate>2017-01-05T05:00:00Z</updateDate>
          <lastSummaryUpdateDate>2017-02-17T22:57:50Z</lastSummaryUpdateDate>
          <name>Introduced in House</name>
        </item>
      </billSummaries>
    </summaries>
    <relatedBills>
      <item>
        <relationshipDetails>
          <item>
            <identifiedBy>CRS</identifiedBy>
            <type>Related bill</type>
          </item>
        </relationshipDetails>
        <congress>115</congress>
        <latestAction>
          <actionDate>2017-01-11</actionDate>
          <text>Referred to the Subcommittee on the Constitution and Civil Justice.</text>
        </latestAction>
        <number>13</number>
        <type>HJRES</type>
        <latestTitle>Proposing an amendment to the Constitution of the United States to limit the number of terms a Representative or Senator may serve.</latestTitle>
      </item>
      <item>
        <relationshipDetails>
          <item>
            <identifiedBy>CRS</identifiedBy>
            <type>Related bill</type>
          </item>
        </relationshipDetails>
        <congress>115</congress>
        <latestAction>
          <actionDate>2017-02-08</actionDate>
          <text>Referred to the Subcommittee on the Constitution and Civil Justice.</text>
        </latestAction>
        <number>50</number>
        <type>HJRES</type>
        <latestTitle>Proposing an amendment to the Constitution of the United States to limit the number of terms a Representative or Senator may serve.</latestTitle>
      </item>
      <item>
        <relationshipDetails>
          <item>
            <identifiedBy>CRS</identifiedBy>
            <type>Related bill</type>
          </item>
        </relationshipDetails>
        <congress>115</congress>
        <latestAction>
          <actionDate>2017-01-11</actionDate>
          <text>Referred to the Subcommittee on the Constitution and Civil Justice.</text>
        </latestAction>
        <number>17</number>
        <type>HJRES</type>
        <latestTitle>Proposing an amendment to the Constitution of the United States to limit the number of consecutive terms that a Member of Congress may serve.</latestTitle>
      </item>
      <item>
        <relationshipDetails>
          <item>
            <identifiedBy>CRS</identifiedBy>
            <type>Related bill</type>
          </item>
        </relationshipDetails>
        <congress>115</congress>
        <latestAction>
          <actionDate>2017-01-11</actionDate>
          <text>Referred to the Subcommittee on the Constitution and Civil Justice.</text>
        </latestAction>
        <number>6</number>
        <type>HJRES</type>
        <latestTitle>Proposing an amendment to the Constitution of the United States to limit the number of terms that a Member of Congress may serve.</latestTitle>
      </item>
      <item>
        <relationshipDetails>
          <item>
            <identifiedBy>CRS</identifiedBy>
            <type>Related bill</type>
          </item>
        </relationshipDetails>
        <congress>115</congress>
        <latestAction>
          <actionDate>2017-06-07</actionDate>
          <text>Referred to the Subcommittee on the Constitution and Civil Justice.</text>
        </latestAction>
        <number>101</number>
        <type>HJRES</type>
        <latestTitle>Proposing an amendment to the Constitution of the United States to limit the number of terms an individual may serve as a Member of Congress.</latestTitle>
      </item>
      <item>
        <relationshipDetails>
          <item>
            <identifiedBy>CRS</identifiedBy>
            <type>Related bill</type>
          </item>
        </relationshipDetails>
        <congress>115</congress>
        <latestAction>
          <actionDate>2017-12-21</actionDate>
          <text>Read twice and referred to the Committee on the Judiciary.</text>
        </latestAction>
        <number>51</number>
        <type>SJRES</type>
        <latestTitle>A joint resolution proposing an amendment to the Constitution of the United States relative to limiting the number of terms that a Member of Congress may serve.</latestTitle>
      </item>
    </relatedBills>
    <createDate>2017-01-06T04:57:25Z</createDate>
    <cosponsors />
    <billNumber>20</billNumber>
    <version>1.0.0</version>
    <calendarNumbers />
    <amendments />
    <laws />
    <constitutionalAuthorityStatementText><![CDATA[<pre>From the Congressional Record Online through the Government Publishing Office [<a href='http://www.gpo.gov'>www.gpo.gov</a>]By Mr. DUFFY:H.J. Res. 20.Congress has the power to enact this legislation pursuantto the following:Article V:``The Congress, whenever two thirds of both Houses shalldeem it necessary, shall propose Amendments to thisConstitution, or, on the Application of the Legislatures oftwo thirds of the several States, shall call a Convention forproposing Amendments, which in either Case, shall be valid toall Intents and Purposes, as Part of this, Constitution, whenratified by the Legislatures of three fourths of the severalStates or by Conventions in three fourths thereof, as the oneor the other Mode of Ratification may be proposed by theCongress; Provided that no Amendment which may be made priorto the Year One thousand eight hundred and eight shall in anyManner affect the first and fourth Clauses in the NinthSection of the first Article; and that no State, without itsConsent, shall be deprived of its equal Suffrage in theSenate.''____________________[Page H184]</pre>]]></constitutionalAuthorityStatementText>
    <titles>
      <item>
        <parentTitleType />
        <title>Proposing an amendment to the Constitution of the United States to limit the number of consecutive terms that a Member of Congress may serve.</title>
        <titleType>Official Title as Introduced</titleType>
        <chamberName />
        <chamberCode />
      </item>
      <item>
        <parentTitleType />
        <title>Proposing an amendment to the Constitution of the United States to limit the number of consecutive terms that a Member of Congress may serve.</title>
        <titleType>Display Title</titleType>
        <chamberName />
        <chamberCode />
      </item>
    </titles>
    <recordedVotes />
    <originChamber>House</originChamber>
    <latestAction>
      <text>Referred to the Subcommittee on the Constitution and Civil Justice.</text>
      <actionDate>2017-01-12</actionDate>
      <links />
    </latestAction>
    <introducedDate>2017-01-05</introducedDate>
    <sponsors>
      <item>
        <fullName>Rep. Duffy, Sean P. [R-WI-7]</fullName>
        <party>R</party>
        <identifiers>
          <bioguideId>D000614</bioguideId>
          <lisID>2072</lisID>
          <gpoId>8220</gpoId>
        </identifiers>
        <firstName>Sean</firstName>
        <middleName>P.</middleName>
        <district>7</district>
        <lastName>Duffy</lastName>
        <bioguideId>D000614</bioguideId>
        <state>WI</state>
        <byRequestType />
      </item>
    </sponsors>
    <subjects>
      <billSubjects>
        <legislativeSubjects>
          <item>
            <name>Congressional elections</name>
          </item>
          <item>
            <name>Constitution and constitutional amendments</name>
          </item>
          <item>
            <name>House of Representatives</name>
          </item>
          <item>
            <name>Members of Congress</name>
          </item>
          <item>
            <name>Senate</name>
          </item>
        </legislativeSubjects>
        <policyArea>
          <name>Congress</name>
        </policyArea>
      </billSubjects>
    </subjects>
    <policyArea>
      <name>Congress</name>
    </policyArea>
    <billType>HJRES</billType>
    <notes />
    <title>Proposing an amendment to the Constitution of the United States to limit the number of consecutive terms that a Member of Congress may serve.</title>
    <committees>
      <billCommittees>
        <item>
          <systemCode>hsju00</systemCode>
          <chamber>House</chamber>
          <activities>
            <item>
              <name>Referred to</name>
              <date>2017-01-05T15:00:20Z</date>
            </item>
          </activities>
          <name>Judiciary Committee</name>
          <type>Standing</type>
          <subcommittees>
            <item>
              <systemCode>hsju10</systemCode>
              <activities>
                <item>
                  <name>Referred to</name>
                  <date>2017-01-12T16:01:58Z</date>
                </item>
              </activities>
              <name>Constitution and Civil Justice Subcommittee</name>
            </item>
          </subcommittees>
        </item>
      </billCommittees>
    </committees>
    <congress>115</congress>
    <cboCostEstimates />
    <updateDate>2018-02-28T17:30:10Z</updateDate>
    <actions>
      <actionByCounts>
        <houseOfRepresentatives>4</houseOfRepresentatives>
      </actionByCounts>
      <actionTypeCounts>
        <billReferrals>1</billReferrals>
        <placeholderTextForH>1</placeholderTextForH>
        <introducedInTheHouse>1</introducedInTheHouse>
        <introducedInHouse>1</introducedInHouse>
      </actionTypeCounts>
      <item>
        <actionDate>2017-01-12</actionDate>
        <committee>
          <systemCode>hsju10</systemCode>
          <name>Constitution and Civil Justice Subcommittee</name>
        </committee>
        <links />
        <sourceSystem>
          <name>House committee actions</name>
          <code>1</code>
        </sourceSystem>
        <text>Referred to the Subcommittee on the Constitution and Civil Justice.</text>
        <type>Committee</type>
      </item>
      <item>
        <sourceSystem>
          <name>House floor actions</name>
          <code>2</code>
        </sourceSystem>
        <links />
        <committee>
          <systemCode>hsju00</systemCode>
          <name>Judiciary Committee</name>
        </committee>
        <text>Referred to the House Committee on the Judiciary.</text>
        <type>IntroReferral</type>
        <actionCode>H11100</actionCode>
        <actionDate>2017-01-05</actionDate>
      </item>
      <item>
        <sourceSystem>
          <name>Library of Congress</name>
          <code>9</code>
        </sourceSystem>
        <links />
        <committee />
        <text>Introduced in House</text>
        <type>IntroReferral</type>
        <actionCode>Intro-H</actionCode>
        <actionDate>2017-01-05</actionDate>
      </item>
      <item>
        <sourceSystem>
          <name>Library of Congress</name>
          <code>9</code>
        </sourceSystem>
        <links />
        <committee />
        <text>Introduced in House</text>
        <type>IntroReferral</type>
        <actionCode>1000</actionCode>
        <actionDate>2017-01-05</actionDate>
      </item>
    </actions>
  </bill>
  <dublinCore xmlns:dc="http://purl.org/dc/elements/1.1/">
    <dc:format>text/xml</dc:format>
    <dc:language>EN</dc:language>
    <dc:rights>Pursuant to Title 17 Section 105 of the United States Code, this file is not subject to copyright protection and is in the public domain.</dc:rights>
    <dc:contributor>Congressional Research Service, Library of Congress</dc:contributor>
    <dc:description>This file contains bill summaries and statuses for federal legislation. A bill summary describes the most significant provisions of a piece of legislation and details the effects the legislative text may have on current law and federal programs. Bill summaries are authored by the Congressional Research Service (CRS) of the Library of Congress. As stated in Public Law 91-510 (2 USC 166 (d)(6)), one of the duties of CRS is "to prepare summaries and digests of bills and resolutions of a public general nature introduced in the Senate or House of Representatives". For more information, refer to the User Guide that accompanies this file.</dc:description>
  </dublinCore>
</billStatus>

