<?xml version="1.0" encoding="UTF-8"?>
<billStatus>
  <bill>
    <sponsors>
      <item>
        <fullName>Rep. Foxx, Virginia [R-NC-5]</fullName>
        <lastName>Foxx</lastName>
        <bioguideId>F000450</bioguideId>
        <party>R</party>
        <middleName />
        <state>NC</state>
        <firstName>Virginia</firstName>
        <district>5</district>
        <byRequestType />
        <identifiers>
          <gpoId>8028</gpoId>
          <bioguideId>F000450</bioguideId>
          <lisID>1791</lisID>
        </identifiers>
      </item>
    </sponsors>
    <laws>
      <item>
        <type>Public Law</type>
        <number>115-11</number>
      </item>
    </laws>
    <version>1.0.0</version>
    <introducedDate>2017-01-30</introducedDate>
    <cboCostEstimates />
    <titles>
      <item>
        <chamberCode />
        <chamberName />
        <parentTitleType />
        <titleType>Official Title as Introduced</titleType>
        <title>Disapproving the rule submitted by the Department of Defense, the General Services Administration, and the National Aeronautics and Space Administration relating to the Federal Acquisition Regulation.</title>
      </item>
      <item>
        <chamberCode />
        <chamberName />
        <parentTitleType />
        <titleType>Display Title</titleType>
        <title>Disapproving the rule submitted by the Department of Defense, the General Services Administration, and the National Aeronautics and Space Administration relating to the Federal Acquisition Regulation.</title>
      </item>
    </titles>
    <amendments />
    <recordedVotes>
      <recordedVote>
        <sessionNumber>1</sessionNumber>
        <chamber>Senate</chamber>
        <congress>115</congress>
        <rollNumber>81</rollNumber>
        <fullActionName>PASSED SENATE</fullActionName>
        <date>2017-03-06T23:30:14Z</date>
        <url>http://www.senate.gov/legislative/LIS/roll_call_lists/roll_call_vote_cfm.cfm?&amp;congress=115&amp;session=1&amp;vote=00081</url>
      </recordedVote>
      <recordedVote>
        <sessionNumber>1</sessionNumber>
        <chamber>Senate</chamber>
        <congress>115</congress>
        <rollNumber>80</rollNumber>
        <fullActionName>MOTION TO CONSIDER</fullActionName>
        <date>2017-03-02T19:47:09Z</date>
        <url>http://www.senate.gov/legislative/LIS/roll_call_lists/roll_call_vote_cfm.cfm?&amp;congress=115&amp;session=1&amp;vote=00080</url>
      </recordedVote>
      <recordedVote>
        <sessionNumber>1</sessionNumber>
        <chamber>House</chamber>
        <congress>115</congress>
        <rollNumber>76</rollNumber>
        <fullActionName>Passage of a Measure</fullActionName>
        <date>2017-02-02T20:56:56Z</date>
        <url>http://clerk.house.gov/evs/2017/roll076.xml</url>
      </recordedVote>
    </recordedVotes>
    <relatedBills>
      <item>
        <congress>115</congress>
        <number>12</number>
        <type>SJRES</type>
        <relationshipDetails>
          <item>
            <type>Identical bill</type>
            <identifiedBy>CRS</identifiedBy>
          </item>
        </relationshipDetails>
        <latestTitle>A joint resolution disapproving the rule submitted by the Department of Defense, the General Services Administration, and the National Aeronautics and Space Administration relating to the Federal Acquisition Regulation.</latestTitle>
        <latestAction>
          <text>Read twice and referred to the Committee on Homeland Security and Governmental Affairs.</text>
          <actionDate>2017-01-30</actionDate>
        </latestAction>
      </item>
      <item>
        <congress>115</congress>
        <number>74</number>
        <type>HRES</type>
        <relationshipDetails>
          <item>
            <type>Related bill</type>
            <identifiedBy>House</identifiedBy>
          </item>
          <item>
            <type>Procedurally-related</type>
            <identifiedBy>House</identifiedBy>
          </item>
        </relationshipDetails>
        <latestTitle>Providing for consideration of the joint resolution (H.J. Res. 36) providing for congressional disapproval under chapter 8 of title 5, United States Code, of the final rule of the Bureau of Land Management relating to "Waste Prevention, Production Subject to Royalties, and Resource Conservation", and providing for consideration of the joint resolution (H.J. Res. 37) disapproving the rule submitted by the Department of Defense, the General Services Administration, and the National Aeronautics and Space Administration relating to the Federal Acquisition Regulation.</latestTitle>
        <latestAction>
          <actionTime>13:37:03</actionTime>
          <text>Motion to reconsider laid on the table Agreed to without objection.</text>
          <actionDate>2017-02-02</actionDate>
        </latestAction>
      </item>
    </relatedBills>
    <constitutionalAuthorityStatementText><![CDATA[<pre>From the Congressional Record Online through the Government Publishing Office [<a href='http://www.gpo.gov'>www.gpo.gov</a>]By Ms. FOXX:H.J. Res. 37.Congress has the power to enact this legislation pursuantto the following:Article I, section 8 of the Constitution of the UnitedStates[Page H746]</pre>]]></constitutionalAuthorityStatementText>
    <billType>HJRES</billType>
    <actions>
      <item>
        <links>
          <link>
            <url>https://www.congress.gov/bill/115th-congress/house-joint-resolution/37/text/pl</url>
            <name>Public Law No: 115-11</name>
          </link>
        </links>
        <actionDate>2017-03-27</actionDate>
        <type>President</type>
        <text>Became Public Law No: 115-11.</text>
        <actionCode>E40000</actionCode>
        <sourceSystem>
          <name>House floor actions</name>
          <code>2</code>
        </sourceSystem>
        <committee />
      </item>
      <item>
        <links>
          <link>
            <url>https://www.congress.gov/bill/115th-congress/house-joint-resolution/37/text/pl</url>
            <name>Public Law No: 115-11</name>
          </link>
        </links>
        <actionDate>2017-03-27</actionDate>
        <type>BecameLaw</type>
        <text>Became Public Law No: 115-11.</text>
        <actionCode>36000</actionCode>
        <sourceSystem>
          <name>Library of Congress</name>
          <code>9</code>
        </sourceSystem>
        <committee />
      </item>
      <item>
        <links />
        <actionDate>2017-03-27</actionDate>
        <type>President</type>
        <text>Signed by President.</text>
        <actionCode>E30000</actionCode>
        <sourceSystem>
          <name>House floor actions</name>
          <code>2</code>
        </sourceSystem>
        <committee />
      </item>
      <item>
        <links />
        <actionDate>2017-03-27</actionDate>
        <type>BecameLaw</type>
        <text>Signed by President.</text>
        <actionCode>36000</actionCode>
        <sourceSystem>
          <name>Library of Congress</name>
          <code>9</code>
        </sourceSystem>
        <committee />
      </item>
      <item>
        <links />
        <actionDate>2017-03-16</actionDate>
        <type>Floor</type>
        <text>Presented to President.</text>
        <actionCode>E20000</actionCode>
        <sourceSystem>
          <name>House floor actions</name>
          <code>2</code>
        </sourceSystem>
        <committee />
      </item>
      <item>
        <links />
        <actionDate>2017-03-16</actionDate>
        <type>President</type>
        <text>Presented to President.</text>
        <actionCode>28000</actionCode>
        <sourceSystem>
          <name>Library of Congress</name>
          <code>9</code>
        </sourceSystem>
        <committee />
      </item>
      <item>
        <actionDate>2017-03-07</actionDate>
        <committee />
        <links />
        <sourceSystem>
          <name>Senate</name>
          <code>0</code>
        </sourceSystem>
        <text>Message on Senate action sent to the House.</text>
        <type>Floor</type>
      </item>
      <item>
        <actionDate>2017-03-06</actionDate>
        <committee />
        <links>
          <link>
            <url>http://www.senate.gov/legislative/LIS/roll_call_lists/roll_call_vote_cfm.cfm?congress=115&amp;session=1&amp;vote=00081</url>
            <name>Record Vote Number: 81</name>
          </link>
        </links>
        <sourceSystem>
          <name>Senate</name>
          <code>0</code>
        </sourceSystem>
        <text>Passed Senate without amendment by Yea-Nay Vote. 49 - 48. Record Vote Number: 81.</text>
        <type>Floor</type>
      </item>
      <item>
        <links>
          <link>
            <url>http://www.senate.gov/legislative/LIS/roll_call_lists/roll_call_vote_cfm.cfm?congress=115&amp;session=1&amp;vote=00081</url>
            <name>Record Vote Number: 81</name>
          </link>
        </links>
        <actionDate>2017-03-06</actionDate>
        <type>Floor</type>
        <text>Passed/agreed to in Senate: Passed Senate without amendment by Yea-Nay Vote. 49 - 48. Record Vote Number: 81.</text>
        <actionCode>17000</actionCode>
        <sourceSystem>
          <name>Library of Congress</name>
          <code>9</code>
        </sourceSystem>
        <committee />
      </item>
      <item>
        <actionDate>2017-03-06</actionDate>
        <committee />
        <links>
          <link>
            <url>https://www.congress.gov/congressional-record/volume-163/senate-section/page/S1591-1601</url>
            <name>S1591-1601</name>
          </link>
        </links>
        <sourceSystem>
          <name>Senate</name>
          <code>0</code>
        </sourceSystem>
        <text>Considered by Senate. (consideration: CR S1591-1601)</text>
        <type>Floor</type>
      </item>
      <item>
        <actionDate>2017-03-02</actionDate>
        <committee />
        <links />
        <sourceSystem>
          <name>Senate</name>
          <code>0</code>
        </sourceSystem>
        <text>Measure laid before Senate by motion.</text>
        <type>Floor</type>
      </item>
      <item>
        <actionDate>2017-03-02</actionDate>
        <committee />
        <links>
          <link>
            <url>http://www.senate.gov/legislative/LIS/roll_call_lists/roll_call_vote_cfm.cfm?congress=115&amp;session=1&amp;vote=00080</url>
            <name>Record Vote Number: 80</name>
          </link>
          <link>
            <url>https://www.congress.gov/congressional-record/volume-163/senate-section/page/S1564-1571</url>
            <name>S1564-1571</name>
          </link>
        </links>
        <sourceSystem>
          <name>Senate</name>
          <code>0</code>
        </sourceSystem>
        <text>Motion to proceed to consideration of measure agreed to in Senate by Yea-Nay Vote. 51 - 46. Record Vote Number: 80. (consideration: CR S1564-1571)</text>
        <type>Floor</type>
      </item>
      <item>
        <actionDate>2017-02-02</actionDate>
        <committee />
        <links />
        <sourceSystem>
          <name>Senate</name>
          <code>0</code>
        </sourceSystem>
        <text>Received in the Senate, read twice.</text>
        <type>IntroReferral</type>
      </item>
      <item>
        <links />
        <actionDate>2017-02-02</actionDate>
        <type>Floor</type>
        <text>Motion to reconsider laid on the table Agreed to without objection.</text>
        <actionCode>H38310</actionCode>
        <sourceSystem>
          <name>House floor actions</name>
          <code>2</code>
        </sourceSystem>
        <actionTime>15:56:58</actionTime>
        <committee />
      </item>
      <item>
        <links>
          <link>
            <url>https://www.congress.gov/congressional-record/volume-163/house-section/page/H907</url>
            <name>H907</name>
          </link>
          <link>
            <url>http://clerk.house.gov/evs/2017/roll076.xml</url>
            <name>Roll no. 76</name>
          </link>
        </links>
        <actionDate>2017-02-02</actionDate>
        <type>Floor</type>
        <text>On passage Passed by recorded vote: 236 - 187 (Roll no. 76). (text: CR H907)</text>
        <actionCode>H37100</actionCode>
        <sourceSystem>
          <name>House floor actions</name>
          <code>2</code>
        </sourceSystem>
        <actionTime>15:56:56</actionTime>
        <committee />
      </item>
      <item>
        <links>
          <link>
            <url>https://www.congress.gov/congressional-record/volume-163/house-section/page/H907</url>
            <name>H907</name>
          </link>
          <link>
            <url>http://clerk.house.gov/evs/2017/roll076.xml</url>
            <name>Roll no. 76</name>
          </link>
        </links>
        <actionDate>2017-02-02</actionDate>
        <type>Floor</type>
        <text>Passed/agreed to in House: On passage Passed by recorded vote: 236 - 187 (Roll no. 76).(text: CR H907)</text>
        <actionCode>8000</actionCode>
        <sourceSystem>
          <name>Library of Congress</name>
          <code>9</code>
        </sourceSystem>
        <actionTime>15:56:56</actionTime>
        <committee />
      </item>
      <item>
        <links>
          <link>
            <url>https://www.congress.gov/congressional-record/volume-163/house-section/page/H915-916</url>
            <name>H915-916</name>
          </link>
        </links>
        <actionDate>2017-02-02</actionDate>
        <type>Floor</type>
        <text>The previous question was ordered pursuant to the rule. (consideration: CR H915-916)</text>
        <actionCode>H35000</actionCode>
        <sourceSystem>
          <name>House floor actions</name>
          <code>2</code>
        </sourceSystem>
        <actionTime>15:32:10</actionTime>
        <committee />
      </item>
      <item>
        <links>
          <link>
            <url>https://www.congress.gov/bill/115th-congress/house-joint-resolution/37</url>
            <name>H.J. Res. 37</name>
          </link>
        </links>
        <actionDate>2017-02-02</actionDate>
        <type>Floor</type>
        <text>DEBATE - The House proceeded with one hour of debate on H.J. Res. 37.</text>
        <actionCode>H8D000</actionCode>
        <sourceSystem>
          <name>House floor actions</name>
          <code>2</code>
        </sourceSystem>
        <actionTime>14:39:38</actionTime>
        <committee />
      </item>
      <item>
        <links />
        <actionDate>2017-02-02</actionDate>
        <type>Floor</type>
        <text>Both resolutions are closed to amendments. Both resolutions provides for one hour of general debate, and provide for one motion to recommit.</text>
        <actionCode>H8D000</actionCode>
        <sourceSystem>
          <name>House floor actions</name>
          <code>2</code>
        </sourceSystem>
        <actionTime>14:39:11</actionTime>
        <committee />
      </item>
      <item>
        <links>
          <link>
            <url>https://www.congress.gov/bill/115th-congress/house-resolution/74</url>
            <name>H. Res. 74</name>
          </link>
          <link>
            <url>https://www.congress.gov/congressional-record/volume-163/house-section/page/H907-916</url>
            <name>H907-916</name>
          </link>
        </links>
        <actionDate>2017-02-02</actionDate>
        <type>Floor</type>
        <text>Considered under the provisions of rule H. Res. 74. (consideration: CR H907-916)</text>
        <actionCode>H30000</actionCode>
        <sourceSystem>
          <name>House floor actions</name>
          <code>2</code>
        </sourceSystem>
        <actionTime>14:39:06</actionTime>
        <committee />
      </item>
      <item>
        <links>
          <link>
            <url>https://www.congress.gov/bill/115th-congress/house-resolution/74</url>
            <name>H. Res. 74</name>
          </link>
        </links>
        <actionDate>2017-02-02</actionDate>
        <type>Floor</type>
        <text>Rule H. Res. 74 passed House.</text>
        <actionCode>H1L220</actionCode>
        <sourceSystem>
          <name>House floor actions</name>
          <code>2</code>
        </sourceSystem>
        <actionTime>13:37:03</actionTime>
        <committee />
      </item>
      <item>
        <links>
          <link>
            <url>https://www.congress.gov/bill/115th-congress/house-resolution/74</url>
            <name>H. Res. 74</name>
          </link>
        </links>
        <actionDate>2017-01-31</actionDate>
        <type>Floor</type>
        <text>Rules Committee Resolution H. Res. 74 Reported to House. Both resolutions are closed to amendments. Both resolutions provides for one hour of general debate, and provide for one motion to recommit.</text>
        <actionCode>H1L210</actionCode>
        <sourceSystem>
          <name>House floor actions</name>
          <code>2</code>
        </sourceSystem>
        <actionTime>17:33:10</actionTime>
        <committee />
      </item>
      <item>
        <links />
        <actionDate>2017-01-30</actionDate>
        <type>IntroReferral</type>
        <text>Referred to the House Committee on Oversight and Government Reform.</text>
        <actionCode>H11100</actionCode>
        <sourceSystem>
          <name>House floor actions</name>
          <code>2</code>
        </sourceSystem>
        <committee>
          <systemCode>hsgo00</systemCode>
          <name>Oversight and Government Reform Committee</name>
        </committee>
      </item>
      <item>
        <links />
        <actionDate>2017-01-30</actionDate>
        <type>IntroReferral</type>
        <text>Introduced in House</text>
        <actionCode>Intro-H</actionCode>
        <sourceSystem>
          <name>Library of Congress</name>
          <code>9</code>
        </sourceSystem>
        <committee />
      </item>
      <item>
        <links />
        <actionDate>2017-01-30</actionDate>
        <type>IntroReferral</type>
        <text>Introduced in House</text>
        <actionCode>1000</actionCode>
        <sourceSystem>
          <name>Library of Congress</name>
          <code>9</code>
        </sourceSystem>
        <committee />
      </item>
      <actionByCounts>
        <senate>7</senate>
        <houseOfRepresentatives>12</houseOfRepresentatives>
      </actionByCounts>
      <actionTypeCounts>
        <sentToHouse>1</sentToHouse>
        <measureLaidBeforeSenate>1</measureLaidBeforeSenate>
        <placeholderTextForHL>1</placeholderTextForHL>
        <introducedInSenate>1</introducedInSenate>
        <motionToReconsiderResults>1</motionToReconsiderResults>
        <consideredBySenate>1</consideredBySenate>
        <presentedToPresident>1</presentedToPresident>
        <motionToConsider>1</motionToConsider>
        <passedAgreedToInSenate>1</passedAgreedToInSenate>
        <passedSenate>1</passedSenate>
        <billReferrals>1</billReferrals>
        <becamePublicLaw>2</becamePublicLaw>
        <ruleForConsiderationOfBillReportedToHouse>1</ruleForConsiderationOfBillReportedToHouse>
        <generalDebate>2</generalDebate>
        <passageOfAMeasure>1</passageOfAMeasure>
        <introducedInHouse>1</introducedInHouse>
        <considerationByHouse>1</considerationByHouse>
        <introducedInTheHouse>1</introducedInTheHouse>
        <passedAgreedToInHouse>1</passedAgreedToInHouse>
        <motionForPreviousQuestion>1</motionForPreviousQuestion>
        <placeholderTextForE>3</placeholderTextForE>
      </actionTypeCounts>
    </actions>
    <notes />
    <originChamber>House</originChamber>
    <congress>115</congress>
    <subjects>
      <billSubjects>
        <legislativeSubjects>
          <item>
            <name>Administrative law and regulatory procedures</name>
          </item>
          <item>
            <name>Age discrimination</name>
          </item>
          <item>
            <name>Congressional oversight</name>
          </item>
          <item>
            <name>Department of Defense</name>
          </item>
          <item>
            <name>Employee leave</name>
          </item>
          <item>
            <name>Employment discrimination and employee rights</name>
          </item>
          <item>
            <name>General Services Administration</name>
          </item>
          <item>
            <name>Labor standards</name>
          </item>
          <item>
            <name>Labor-management relations</name>
          </item>
          <item>
            <name>Military procurement, research, weapons development</name>
          </item>
          <item>
            <name>National Aeronautics and Space Administration</name>
          </item>
          <item>
            <name>Public contracts and procurement</name>
          </item>
          <item>
            <name>Worker safety and health</name>
          </item>
        </legislativeSubjects>
        <policyArea>
          <name>Labor and Employment</name>
        </policyArea>
      </billSubjects>
    </subjects>
    <billNumber>37</billNumber>
    <cosponsors>
      <item>
        <isOriginalCosponsor>True</isOriginalCosponsor>
        <fullName>Rep. Chaffetz, Jason [R-UT-3]</fullName>
        <middleName />
        <sponsorshipDate>2017-01-30</sponsorshipDate>
        <bioguideId>C001076</bioguideId>
        <lastName>Chaffetz</lastName>
        <party>R</party>
        <district>3</district>
        <firstName>Jason</firstName>
        <state>UT</state>
        <identifiers>
          <lisID>1956</lisID>
          <bioguideId>C001076</bioguideId>
          <gpoId>8191</gpoId>
        </identifiers>
        <sponsorshipWithdrawnDate />
      </item>
      <item>
        <isOriginalCosponsor>True</isOriginalCosponsor>
        <fullName>Rep. Chabot, Steve [R-OH-1]</fullName>
        <middleName />
        <sponsorshipDate>2017-01-30</sponsorshipDate>
        <bioguideId>C000266</bioguideId>
        <lastName>CHABOT</lastName>
        <party>R</party>
        <district>1</district>
        <firstName>STEVE</firstName>
        <state>OH</state>
        <identifiers>
          <lisID>186</lisID>
          <bioguideId>C000266</bioguideId>
          <gpoId>8091</gpoId>
        </identifiers>
        <sponsorshipWithdrawnDate />
      </item>
      <item>
        <isOriginalCosponsor>True</isOriginalCosponsor>
        <fullName>Rep. Mitchell, Paul [R-MI-10]</fullName>
        <middleName />
        <sponsorshipDate>2017-01-30</sponsorshipDate>
        <bioguideId>M001201</bioguideId>
        <lastName>Mitchell</lastName>
        <party>R</party>
        <district>10</district>
        <firstName>Paul</firstName>
        <state>MI</state>
        <identifiers>
          <gpoId />
          <bioguideId>M001201</bioguideId>
          <lisID>2334</lisID>
        </identifiers>
        <sponsorshipWithdrawnDate />
      </item>
      <item>
        <isOriginalCosponsor>False</isOriginalCosponsor>
        <fullName>Rep. Sessions, Pete [R-TX-32]</fullName>
        <middleName />
        <sponsorshipDate>2017-02-02</sponsorshipDate>
        <bioguideId>S000250</bioguideId>
        <lastName>SESSIONS</lastName>
        <party>R</party>
        <district>32</district>
        <firstName>PETE</firstName>
        <state>TX</state>
        <identifiers>
          <lisID>1525</lisID>
          <bioguideId>S000250</bioguideId>
          <gpoId>8188</gpoId>
        </identifiers>
        <sponsorshipWithdrawnDate />
      </item>
      <item>
        <isOriginalCosponsor>False</isOriginalCosponsor>
        <fullName>Rep. Palmer, Gary J. [R-AL-6]</fullName>
        <middleName>J.</middleName>
        <sponsorshipDate>2017-02-02</sponsorshipDate>
        <bioguideId>P000609</bioguideId>
        <lastName>Palmer</lastName>
        <party>R</party>
        <district>6</district>
        <firstName>Gary</firstName>
        <state>AL</state>
        <identifiers>
          <lisID>2221</lisID>
          <gpoId />
          <bioguideId>P000609</bioguideId>
        </identifiers>
        <sponsorshipWithdrawnDate />
      </item>
      <item>
        <isOriginalCosponsor>False</isOriginalCosponsor>
        <fullName>Rep. Gosar, Paul A. [R-AZ-4]</fullName>
        <middleName>A.</middleName>
        <sponsorshipDate>2017-02-02</sponsorshipDate>
        <bioguideId>G000565</bioguideId>
        <lastName>Gosar</lastName>
        <party>R</party>
        <district>4</district>
        <firstName>Paul</firstName>
        <state>AZ</state>
        <identifiers>
          <bioguideId>G000565</bioguideId>
          <gpoId>7798</gpoId>
          <lisID>1992</lisID>
        </identifiers>
        <sponsorshipWithdrawnDate />
      </item>
      <item>
        <isOriginalCosponsor>False</isOriginalCosponsor>
        <fullName>Rep. Farenthold, Blake [R-TX-27]</fullName>
        <middleName />
        <sponsorshipDate>2017-02-02</sponsorshipDate>
        <bioguideId>F000460</bioguideId>
        <lastName>Farenthold</lastName>
        <party>R</party>
        <district>27</district>
        <firstName>Blake</firstName>
        <state>TX</state>
        <identifiers>
          <gpoId>8183</gpoId>
          <bioguideId>F000460</bioguideId>
          <lisID>2067</lisID>
        </identifiers>
        <sponsorshipWithdrawnDate />
      </item>
      <item>
        <isOriginalCosponsor>False</isOriginalCosponsor>
        <fullName>Rep. Grothman, Glenn [R-WI-6]</fullName>
        <middleName />
        <sponsorshipDate>2017-02-02</sponsorshipDate>
        <bioguideId>G000576</bioguideId>
        <lastName>Grothman</lastName>
        <party>R</party>
        <district>6</district>
        <firstName>Glenn</firstName>
        <state>WI</state>
        <identifiers>
          <lisID>2276</lisID>
          <bioguideId>G000576</bioguideId>
          <gpoId />
        </identifiers>
        <sponsorshipWithdrawnDate />
      </item>
      <item>
        <isOriginalCosponsor>False</isOriginalCosponsor>
        <fullName>Rep. Rothfus, Keith J. [R-PA-12]</fullName>
        <middleName>J.</middleName>
        <sponsorshipDate>2017-02-02</sponsorshipDate>
        <bioguideId>R000598</bioguideId>
        <lastName>Rothfus</lastName>
        <party>R</party>
        <district>12</district>
        <firstName>Keith</firstName>
        <state>PA</state>
        <identifiers>
          <lisID>2158</lisID>
          <bioguideId>R000598</bioguideId>
          <gpoId />
        </identifiers>
        <sponsorshipWithdrawnDate />
      </item>
      <item>
        <isOriginalCosponsor>False</isOriginalCosponsor>
        <fullName>Rep. Radewagen, Aumua Amata Coleman [R-AS-At Large]</fullName>
        <middleName>Coleman</middleName>
        <sponsorshipDate>2017-02-02</sponsorshipDate>
        <bioguideId>R000600</bioguideId>
        <lastName>Radewagen</lastName>
        <party>R</party>
        <district>0</district>
        <firstName>Aumua Amata</firstName>
        <state>AS</state>
        <identifiers>
          <gpoId />
          <bioguideId>R000600</bioguideId>
          <lisID>2222</lisID>
        </identifiers>
        <sponsorshipWithdrawnDate />
      </item>
      <item>
        <isOriginalCosponsor>False</isOriginalCosponsor>
        <fullName>Rep. Knight, Stephen [R-CA-25]</fullName>
        <middleName />
        <sponsorshipDate>2017-02-02</sponsorshipDate>
        <bioguideId>K000387</bioguideId>
        <lastName>Knight</lastName>
        <party>R</party>
        <district>25</district>
        <firstName>Stephen</firstName>
        <state>CA</state>
        <identifiers>
          <lisID>2228</lisID>
          <bioguideId>K000387</bioguideId>
          <gpoId />
        </identifiers>
        <sponsorshipWithdrawnDate />
      </item>
      <item>
        <isOriginalCosponsor>False</isOriginalCosponsor>
        <fullName>Rep. Gohmert, Louie [R-TX-1]</fullName>
        <middleName />
        <sponsorshipDate>2017-02-02</sponsorshipDate>
        <bioguideId>G000552</bioguideId>
        <lastName>Gohmert</lastName>
        <party>R</party>
        <district>1</district>
        <firstName>Louie</firstName>
        <state>TX</state>
        <identifiers>
          <lisID>1801</lisID>
          <gpoId>8157</gpoId>
          <bioguideId>G000552</bioguideId>
        </identifiers>
        <sponsorshipWithdrawnDate />
      </item>
      <item>
        <isOriginalCosponsor>False</isOriginalCosponsor>
        <fullName>Rep. Meadows, Mark [R-NC-11]</fullName>
        <middleName />
        <sponsorshipDate>2017-02-02</sponsorshipDate>
        <bioguideId>M001187</bioguideId>
        <lastName>Meadows</lastName>
        <party>R</party>
        <district>11</district>
        <firstName>Mark</firstName>
        <state>NC</state>
        <identifiers>
          <bioguideId>M001187</bioguideId>
          <lisID>2142</lisID>
          <gpoId />
        </identifiers>
        <sponsorshipWithdrawnDate />
      </item>
      <item>
        <isOriginalCosponsor>False</isOriginalCosponsor>
        <fullName>Rep. Roe, David P. [R-TN-1]</fullName>
        <middleName>P.</middleName>
        <sponsorshipDate>2017-02-02</sponsorshipDate>
        <bioguideId>R000582</bioguideId>
        <lastName>Roe</lastName>
        <party>R</party>
        <district>1</district>
        <firstName>David</firstName>
        <state>TN</state>
        <identifiers>
          <lisID>1954</lisID>
          <gpoId>8148</gpoId>
          <bioguideId>R000582</bioguideId>
        </identifiers>
        <sponsorshipWithdrawnDate />
      </item>
      <item>
        <isOriginalCosponsor>False</isOriginalCosponsor>
        <fullName>Rep. Walberg, Tim [R-MI-7]</fullName>
        <middleName />
        <sponsorshipDate>2017-02-02</sponsorshipDate>
        <bioguideId>W000798</bioguideId>
        <lastName>Walberg</lastName>
        <party>R</party>
        <district>7</district>
        <firstName>Tim</firstName>
        <state>MI</state>
        <identifiers>
          <lisID>1855</lisID>
          <bioguideId>W000798</bioguideId>
          <gpoId>7992</gpoId>
        </identifiers>
        <sponsorshipWithdrawnDate />
      </item>
      <item>
        <isOriginalCosponsor>False</isOriginalCosponsor>
        <fullName>Rep. Byrne, Bradley [R-AL-1]</fullName>
        <middleName />
        <sponsorshipDate>2017-02-02</sponsorshipDate>
        <bioguideId>B001289</bioguideId>
        <lastName>Byrne</lastName>
        <party>R</party>
        <district>1</district>
        <firstName>Bradley</firstName>
        <state>AL</state>
        <identifiers>
          <lisID>2197</lisID>
          <bioguideId>B001289</bioguideId>
          <gpoId />
        </identifiers>
        <sponsorshipWithdrawnDate />
      </item>
      <item>
        <isOriginalCosponsor>False</isOriginalCosponsor>
        <fullName>Rep. Wilson, Joe [R-SC-2]</fullName>
        <middleName />
        <sponsorshipDate>2017-02-02</sponsorshipDate>
        <bioguideId>W000795</bioguideId>
        <lastName>Wilson</lastName>
        <party>R</party>
        <district>2</district>
        <firstName>Joe</firstName>
        <state>SC</state>
        <identifiers>
          <gpoId>8142</gpoId>
          <bioguideId>W000795</bioguideId>
          <lisID>1688</lisID>
        </identifiers>
        <sponsorshipWithdrawnDate />
      </item>
    </cosponsors>
    <summaries>
      <billSummaries>
        <item>
          <lastSummaryUpdateDate>2017-03-15T19:15:43Z</lastSummaryUpdateDate>
          <updateDate>2017-01-30T05:00:00Z</updateDate>
          <versionCode>00</versionCode>
          <text><![CDATA[<p>This joint resolution nullifies the rule finalized by the Department of Defense, the General Services Administration, and the National Aeronautics and Space Administration (NASA) on August 25, 2016, relating to revising the Federal Acquisition Regulation to implement Executive Order 13673 concerning contractor compliance with labor laws. </p>]]></text>
          <name>Introduced in House</name>
          <actionDesc>Introduced in House</actionDesc>
          <actionDate>2017-01-30</actionDate>
        </item>
        <item>
          <lastSummaryUpdateDate>2017-03-15T19:17:57Z</lastSummaryUpdateDate>
          <updateDate>2017-02-02T12:46:35Z</updateDate>
          <versionCode>81</versionCode>
          <text><![CDATA[<p>(This measure has not been amended since it was introduced. The summary of that version is repeated here.)</p> <p>This joint resolution nullifies the rule finalized by the Department of Defense, the General Services Administration, and the National Aeronautics and Space Administration (NASA) on August 25, 2016, relating to revising the Federal Acquisition Regulation to implement Executive Order 13673 concerning contractor compliance with labor laws. </p>]]></text>
          <name>Passed House without amendment</name>
          <actionDesc>Passed House without amendment</actionDesc>
          <actionDate>2017-02-02</actionDate>
        </item>
        <item>
          <lastSummaryUpdateDate>2017-03-27T15:07:29Z</lastSummaryUpdateDate>
          <updateDate>2017-03-06T12:54:26Z</updateDate>
          <versionCode>82</versionCode>
          <text><![CDATA[<p>(This measure has not been amended since it was introduced. The summary of that version is repeated here.)</p> <p>This joint resolution nullifies the rule finalized by the Department of Defense, the General Services Administration, and the National Aeronautics and Space Administration (NASA) on August 25, 2016, relating to revising the Federal Acquisition Regulation to implement Executive Order 13673 concerning contractor compliance with labor laws. </p>]]></text>
          <name>Passed Senate without amendment</name>
          <actionDesc>Passed Senate without amendment</actionDesc>
          <actionDate>2017-03-06</actionDate>
        </item>
        <item>
          <lastSummaryUpdateDate>2017-04-12T19:41:29Z</lastSummaryUpdateDate>
          <updateDate>2017-03-28T03:59:59Z</updateDate>
          <versionCode>49</versionCode>
          <text><![CDATA[<p>(This measure has not been amended since it was introduced. The summary of that version is repeated here.)</p> <p>This joint resolution nullifies the rule finalized by the Department of Defense, the General Services Administration, and the National Aeronautics and Space Administration (NASA) on August 25, 2016, relating to revising the Federal Acquisition Regulation to implement Executive Order 13673 concerning contractor compliance with labor laws. </p>]]></text>
          <name>Public Law</name>
          <actionDesc>Public Law</actionDesc>
          <actionDate>2017-03-27</actionDate>
        </item>
      </billSummaries>
    </summaries>
    <policyArea>
      <name>Labor and Employment</name>
    </policyArea>
    <latestAction>
      <links>
        <link>
          <url>https://www.congress.gov/bill/115th-congress/house-joint-resolution/37/text/pl</url>
          <name>Public Law No: 115-11</name>
        </link>
      </links>
      <actionDate>2017-03-27</actionDate>
      <text>Became Public Law No: 115-11.</text>
    </latestAction>
    <updateDate>2018-02-06T16:40:08Z</updateDate>
    <committees>
      <billCommittees>
        <item>
          <chamber>House</chamber>
          <subcommittees />
          <systemCode>hsgo00</systemCode>
          <name>Oversight and Government Reform Committee</name>
          <activities>
            <item>
              <name>Referred to</name>
              <date>2017-01-30T17:01:35Z</date>
            </item>
          </activities>
          <type>Standing</type>
        </item>
      </billCommittees>
    </committees>
    <createDate>2017-01-31T05:23:06Z</createDate>
    <title>Disapproving the rule submitted by the Department of Defense, the General Services Administration, and the National Aeronautics and Space Administration relating to the Federal Acquisition Regulation.</title>
    <committeeReports />
    <calendarNumbers />
  </bill>
  <dublinCore xmlns:dc="http://purl.org/dc/elements/1.1/">
    <dc:format>text/xml</dc:format>
    <dc:language>EN</dc:language>
    <dc:rights>Pursuant to Title 17 Section 105 of the United States Code, this file is not subject to copyright protection and is in the public domain.</dc:rights>
    <dc:contributor>Congressional Research Service, Library of Congress</dc:contributor>
    <dc:description>This file contains bill summaries and statuses for federal legislation. A bill summary describes the most significant provisions of a piece of legislation and details the effects the legislative text may have on current law and federal programs. Bill summaries are authored by the Congressional Research Service (CRS) of the Library of Congress. As stated in Public Law 91-510 (2 USC 166 (d)(6)), one of the duties of CRS is "to prepare summaries and digests of bills and resolutions of a public general nature introduced in the Senate or House of Representatives". For more information, refer to the User Guide that accompanies this file.</dc:description>
  </dublinCore>
</billStatus>

