<?xml version="1.0" encoding="UTF-8"?>
<billStatus>
  <bill>
    <notes />
    <sponsors>
      <item>
        <party>R</party>
        <fullName>Rep. Hollingsworth, Trey [R-IN-9]</fullName>
        <lastName>Hollingsworth</lastName>
        <middleName />
        <identifiers>
          <bioguideId>H001074</bioguideId>
          <lisID>2327</lisID>
          <gpoId />
        </identifiers>
        <firstName>Trey</firstName>
        <state>IN</state>
        <byRequestType />
        <bioguideId>H001074</bioguideId>
        <district>9</district>
      </item>
    </sponsors>
    <policyArea>
      <name>Congress</name>
    </policyArea>
    <committees>
      <billCommittees>
        <item>
          <type>Standing</type>
          <subcommittees>
            <item>
              <name>Constitution and Civil Justice Subcommittee</name>
              <systemCode>hsju10</systemCode>
              <activities>
                <item>
                  <date>2017-01-12T16:02:22Z</date>
                  <name>Referred to</name>
                </item>
              </activities>
            </item>
          </subcommittees>
          <chamber>House</chamber>
          <activities>
            <item>
              <date>2017-01-09T17:01:20Z</date>
              <name>Referred to</name>
            </item>
          </activities>
          <name>Judiciary Committee</name>
          <systemCode>hsju00</systemCode>
        </item>
      </billCommittees>
    </committees>
    <relatedBills>
      <item>
        <type>SJRES</type>
        <number>2</number>
        <latestTitle>A joint resolution proposing an amendment to the Constitution of the United States relative to limiting the number of terms that a Member of Congress may serve.</latestTitle>
        <congress>115</congress>
        <relationshipDetails>
          <item>
            <type>Related bill</type>
            <identifiedBy>CRS</identifiedBy>
          </item>
        </relationshipDetails>
        <latestAction>
          <text>Read twice and referred to the Committee on the Judiciary.</text>
          <actionDate>2017-01-03</actionDate>
        </latestAction>
      </item>
      <item>
        <type>HJRES</type>
        <number>6</number>
        <latestTitle>Proposing an amendment to the Constitution of the United States to limit the number of terms that a Member of Congress may serve.</latestTitle>
        <congress>115</congress>
        <relationshipDetails>
          <item>
            <type>Related bill</type>
            <identifiedBy>CRS</identifiedBy>
          </item>
        </relationshipDetails>
        <latestAction>
          <text>Referred to the Subcommittee on the Constitution and Civil Justice.</text>
          <actionDate>2017-01-11</actionDate>
        </latestAction>
      </item>
      <item>
        <type>SJRES</type>
        <number>51</number>
        <latestTitle>A joint resolution proposing an amendment to the Constitution of the United States relative to limiting the number of terms that a Member of Congress may serve.</latestTitle>
        <congress>115</congress>
        <relationshipDetails>
          <item>
            <type>Related bill</type>
            <identifiedBy>CRS</identifiedBy>
          </item>
        </relationshipDetails>
        <latestAction>
          <text>Read twice and referred to the Committee on the Judiciary.</text>
          <actionDate>2017-12-21</actionDate>
        </latestAction>
      </item>
    </relatedBills>
    <titles>
      <item>
        <titleType>Official Title as Introduced</titleType>
        <chamberCode />
        <parentTitleType />
        <title>Proposing an amendment to the Constitution of the United States to limit the number of terms that a Member of Congress may serve to four in the House of Representatives and two in the Senate.</title>
        <chamberName />
      </item>
      <item>
        <titleType>Display Title</titleType>
        <chamberCode />
        <parentTitleType />
        <title>Proposing an amendment to the Constitution of the United States to limit the number of terms that a Member of Congress may serve to four in the House of Representatives and two in the Senate.</title>
        <chamberName />
      </item>
    </titles>
    <originChamber>House</originChamber>
    <congress>115</congress>
    <constitutionalAuthorityStatementText><![CDATA[<pre>From the Congressional Record Online through the Government Publishing Office [<a href='http://www.gpo.gov'>www.gpo.gov</a>]By Mr. HOLLINGSWORTH:H.J. Res. 23.Congress has the power to enact this legislation pursuantto the following:Article V. of the Constitution[Page H236]</pre>]]></constitutionalAuthorityStatementText>
    <actions>
      <actionByCounts>
        <houseOfRepresentatives>4</houseOfRepresentatives>
      </actionByCounts>
      <item>
        <actionDate>2017-01-12</actionDate>
        <committee>
          <name>Constitution and Civil Justice Subcommittee</name>
          <systemCode>hsju10</systemCode>
        </committee>
        <links />
        <sourceSystem>
          <name>House committee actions</name>
          <code>1</code>
        </sourceSystem>
        <text>Referred to the Subcommittee on the Constitution and Civil Justice.</text>
        <type>Committee</type>
      </item>
      <item>
        <links />
        <text>Referred to the House Committee on the Judiciary.</text>
        <committee>
          <name>Judiciary Committee</name>
          <systemCode>hsju00</systemCode>
        </committee>
        <actionDate>2017-01-09</actionDate>
        <type>IntroReferral</type>
        <actionCode>H11100</actionCode>
        <sourceSystem>
          <name>House floor actions</name>
          <code>2</code>
        </sourceSystem>
      </item>
      <item>
        <links />
        <text>Introduced in House</text>
        <committee />
        <actionDate>2017-01-09</actionDate>
        <type>IntroReferral</type>
        <actionCode>Intro-H</actionCode>
        <sourceSystem>
          <name>Library of Congress</name>
          <code>9</code>
        </sourceSystem>
      </item>
      <item>
        <links />
        <text>Introduced in House</text>
        <committee />
        <actionDate>2017-01-09</actionDate>
        <type>IntroReferral</type>
        <actionCode>1000</actionCode>
        <sourceSystem>
          <name>Library of Congress</name>
          <code>9</code>
        </sourceSystem>
      </item>
      <actionTypeCounts>
        <billReferrals>1</billReferrals>
        <introducedInHouse>1</introducedInHouse>
        <introducedInTheHouse>1</introducedInTheHouse>
        <placeholderTextForH>1</placeholderTextForH>
      </actionTypeCounts>
    </actions>
    <subjects>
      <billSubjects>
        <policyArea>
          <name>Congress</name>
        </policyArea>
        <legislativeSubjects>
          <item>
            <name>Congressional elections</name>
          </item>
          <item>
            <name>Constitution and constitutional amendments</name>
          </item>
          <item>
            <name>House of Representatives</name>
          </item>
          <item>
            <name>Members of Congress</name>
          </item>
          <item>
            <name>Senate</name>
          </item>
        </legislativeSubjects>
      </billSubjects>
    </subjects>
    <laws />
    <createDate>2017-01-10T05:15:42Z</createDate>
    <title>Proposing an amendment to the Constitution of the United States to limit the number of terms that a Member of Congress may serve to four in the House of Representatives and two in the Senate.</title>
    <committeeReports />
    <billType>HJRES</billType>
    <introducedDate>2017-01-09</introducedDate>
    <updateDate>2018-02-28T17:30:11Z</updateDate>
    <summaries>
      <billSummaries>
        <item>
          <actionDesc>Introduced in House</actionDesc>
          <actionDate>2017-01-09</actionDate>
          <text><![CDATA[<p><b>Constitutional Amendment</b></p> <p> This joint resolution proposes a constitutional amendment limiting Members of the House of Representatives to four terms and Members of the Senate to two terms.</p>]]></text>
          <versionCode>00</versionCode>
          <updateDate>2017-01-09T05:00:00Z</updateDate>
          <lastSummaryUpdateDate>2017-02-21T23:25:18Z</lastSummaryUpdateDate>
          <name>Introduced in House</name>
        </item>
      </billSummaries>
    </summaries>
    <cosponsors />
    <billNumber>23</billNumber>
    <recordedVotes />
    <version>1.0.0</version>
    <calendarNumbers />
    <cboCostEstimates />
    <amendments />
    <latestAction>
      <actionDate>2017-01-12</actionDate>
      <links />
      <text>Referred to the Subcommittee on the Constitution and Civil Justice.</text>
    </latestAction>
  </bill>
  <dublinCore xmlns:dc="http://purl.org/dc/elements/1.1/">
    <dc:format>text/xml</dc:format>
    <dc:language>EN</dc:language>
    <dc:rights>Pursuant to Title 17 Section 105 of the United States Code, this file is not subject to copyright protection and is in the public domain.</dc:rights>
    <dc:contributor>Congressional Research Service, Library of Congress</dc:contributor>
    <dc:description>This file contains bill summaries and statuses for federal legislation. A bill summary describes the most significant provisions of a piece of legislation and details the effects the legislative text may have on current law and federal programs. Bill summaries are authored by the Congressional Research Service (CRS) of the Library of Congress. As stated in Public Law 91-510 (2 USC 166 (d)(6)), one of the duties of CRS is "to prepare summaries and digests of bills and resolutions of a public general nature introduced in the Senate or House of Representatives". For more information, refer to the User Guide that accompanies this file.</dc:description>
  </dublinCore>
</billStatus>

