<?xml version="1.0" encoding="UTF-8"?>
<billStatus>
  <bill>
    <constitutionalAuthorityStatementText><![CDATA[<pre>From the Congressional Record Online through the Government Publishing Office [<a href='http://www.gpo.gov'>www.gpo.gov</a>]By Mr. WENSTRUP:H.J. Res. 27.Congress has the power to enact this legislation pursuantto the following:Article I, Section 8, Clause 17____________________[Page H473]</pre>]]></constitutionalAuthorityStatementText>
    <originChamber>House</originChamber>
    <subjects>
      <billSubjects>
        <legislativeSubjects>
          <item>
            <name>Congressional oversight</name>
          </item>
          <item>
            <name>District of Columbia</name>
          </item>
          <item>
            <name>Drug therapy</name>
          </item>
          <item>
            <name>Long-term, rehabilitative, and terminal care</name>
          </item>
          <item>
            <name>State and local government operations</name>
          </item>
        </legislativeSubjects>
        <policyArea>
          <name>Government Operations and Politics</name>
        </policyArea>
      </billSubjects>
    </subjects>
    <cosponsors>
      <item>
        <lastName>Roe</lastName>
        <firstName>David</firstName>
        <sponsorshipWithdrawnDate />
        <isOriginalCosponsor>True</isOriginalCosponsor>
        <district>1</district>
        <party>R</party>
        <fullName>Rep. Roe, David P. [R-TN-1]</fullName>
        <middleName>P.</middleName>
        <state>TN</state>
        <bioguideId>R000582</bioguideId>
        <sponsorshipDate>2017-01-12</sponsorshipDate>
        <identifiers>
          <lisID>1954</lisID>
          <gpoId>8148</gpoId>
          <bioguideId>R000582</bioguideId>
        </identifiers>
      </item>
      <item>
        <lastName>Rothfus</lastName>
        <firstName>Keith</firstName>
        <sponsorshipWithdrawnDate />
        <isOriginalCosponsor>True</isOriginalCosponsor>
        <district>12</district>
        <party>R</party>
        <fullName>Rep. Rothfus, Keith J. [R-PA-12]</fullName>
        <middleName>J.</middleName>
        <state>PA</state>
        <bioguideId>R000598</bioguideId>
        <sponsorshipDate>2017-01-12</sponsorshipDate>
        <identifiers>
          <lisID>2158</lisID>
          <bioguideId>R000598</bioguideId>
          <gpoId />
        </identifiers>
      </item>
      <item>
        <lastName>Wagner</lastName>
        <firstName>Ann</firstName>
        <sponsorshipWithdrawnDate />
        <isOriginalCosponsor>True</isOriginalCosponsor>
        <district>2</district>
        <party>R</party>
        <fullName>Rep. Wagner, Ann [R-MO-2]</fullName>
        <middleName />
        <state>MO</state>
        <bioguideId>W000812</bioguideId>
        <sponsorshipDate>2017-01-12</sponsorshipDate>
        <identifiers>
          <gpoId />
          <bioguideId>W000812</bioguideId>
          <lisID>2137</lisID>
        </identifiers>
      </item>
      <item>
        <lastName>Russell</lastName>
        <firstName>Steve</firstName>
        <sponsorshipWithdrawnDate />
        <isOriginalCosponsor>False</isOriginalCosponsor>
        <district>5</district>
        <party>R</party>
        <fullName>Rep. Russell, Steve [R-OK-5]</fullName>
        <middleName />
        <state>OK</state>
        <bioguideId>R000604</bioguideId>
        <sponsorshipDate>2017-01-13</sponsorshipDate>
        <identifiers>
          <lisID>2265</lisID>
          <bioguideId>R000604</bioguideId>
          <gpoId />
        </identifiers>
      </item>
      <item>
        <lastName>Meadows</lastName>
        <firstName>Mark</firstName>
        <sponsorshipWithdrawnDate />
        <isOriginalCosponsor>False</isOriginalCosponsor>
        <district>11</district>
        <party>R</party>
        <fullName>Rep. Meadows, Mark [R-NC-11]</fullName>
        <middleName />
        <state>NC</state>
        <bioguideId>M001187</bioguideId>
        <sponsorshipDate>2017-01-13</sponsorshipDate>
        <identifiers>
          <bioguideId>M001187</bioguideId>
          <lisID>2142</lisID>
          <gpoId />
        </identifiers>
      </item>
      <item>
        <lastName>Kelly</lastName>
        <firstName>Trent</firstName>
        <sponsorshipWithdrawnDate />
        <isOriginalCosponsor>False</isOriginalCosponsor>
        <district>1</district>
        <party>R</party>
        <fullName>Rep. Kelly, Trent [R-MS-1]</fullName>
        <middleName />
        <state>MS</state>
        <bioguideId>K000388</bioguideId>
        <sponsorshipDate>2017-01-13</sponsorshipDate>
        <identifiers>
          <lisID>2294</lisID>
          <bioguideId>K000388</bioguideId>
          <gpoId />
        </identifiers>
      </item>
      <item>
        <lastName>Lamborn</lastName>
        <firstName>Doug</firstName>
        <sponsorshipWithdrawnDate />
        <isOriginalCosponsor>False</isOriginalCosponsor>
        <district>5</district>
        <party>R</party>
        <fullName>Rep. Lamborn, Doug [R-CO-5]</fullName>
        <middleName />
        <state>CO</state>
        <bioguideId>L000564</bioguideId>
        <sponsorshipDate>2017-01-13</sponsorshipDate>
        <identifiers>
          <lisID>1834</lisID>
          <gpoId>7863</gpoId>
          <bioguideId>L000564</bioguideId>
        </identifiers>
      </item>
      <item>
        <lastName>ADERHOLT</lastName>
        <firstName>ROBERT</firstName>
        <sponsorshipWithdrawnDate />
        <isOriginalCosponsor>False</isOriginalCosponsor>
        <district>4</district>
        <party>R</party>
        <fullName>Rep. Aderholt, Robert B. [R-AL-4]</fullName>
        <middleName>B.</middleName>
        <state>AL</state>
        <bioguideId>A000055</bioguideId>
        <sponsorshipDate>2017-01-13</sponsorshipDate>
        <identifiers>
          <bioguideId>A000055</bioguideId>
          <lisID>1460</lisID>
          <gpoId>7789</gpoId>
        </identifiers>
      </item>
      <item>
        <lastName>Rouzer</lastName>
        <firstName>David</firstName>
        <sponsorshipWithdrawnDate />
        <isOriginalCosponsor>False</isOriginalCosponsor>
        <district>7</district>
        <party>R</party>
        <fullName>Rep. Rouzer, David [R-NC-7]</fullName>
        <middleName />
        <state>NC</state>
        <bioguideId>R000603</bioguideId>
        <sponsorshipDate>2017-01-13</sponsorshipDate>
        <identifiers>
          <gpoId />
          <bioguideId>R000603</bioguideId>
          <lisID>2256</lisID>
        </identifiers>
      </item>
      <item>
        <lastName>Foxx</lastName>
        <firstName>Virginia</firstName>
        <sponsorshipWithdrawnDate />
        <isOriginalCosponsor>False</isOriginalCosponsor>
        <district>5</district>
        <party>R</party>
        <fullName>Rep. Foxx, Virginia [R-NC-5]</fullName>
        <middleName />
        <state>NC</state>
        <bioguideId>F000450</bioguideId>
        <sponsorshipDate>2017-01-23</sponsorshipDate>
        <identifiers>
          <gpoId>8028</gpoId>
          <bioguideId>F000450</bioguideId>
          <lisID>1791</lisID>
        </identifiers>
      </item>
      <item>
        <lastName>Black</lastName>
        <firstName>Diane</firstName>
        <sponsorshipWithdrawnDate />
        <isOriginalCosponsor>False</isOriginalCosponsor>
        <district>6</district>
        <party>R</party>
        <fullName>Rep. Black, Diane [R-TN-6]</fullName>
        <middleName />
        <state>TN</state>
        <bioguideId>B001273</bioguideId>
        <sponsorshipDate>2017-01-23</sponsorshipDate>
        <identifiers>
          <lisID>2063</lisID>
          <bioguideId>B001273</bioguideId>
          <gpoId>8153</gpoId>
        </identifiers>
      </item>
      <item>
        <lastName>Babin</lastName>
        <firstName>Brian</firstName>
        <sponsorshipWithdrawnDate />
        <isOriginalCosponsor>False</isOriginalCosponsor>
        <district>36</district>
        <party>R</party>
        <fullName>Rep. Babin, Brian [R-TX-36]</fullName>
        <middleName />
        <state>TX</state>
        <bioguideId>B001291</bioguideId>
        <sponsorshipDate>2017-01-23</sponsorshipDate>
        <identifiers>
          <gpoId />
          <bioguideId>B001291</bioguideId>
          <lisID>2270</lisID>
        </identifiers>
      </item>
      <item>
        <lastName>Murphy</lastName>
        <firstName>Tim</firstName>
        <sponsorshipWithdrawnDate />
        <isOriginalCosponsor>False</isOriginalCosponsor>
        <district>18</district>
        <party>R</party>
        <fullName>Rep. Murphy, Tim [R-PA-18]</fullName>
        <middleName />
        <state>PA</state>
        <bioguideId>M001151</bioguideId>
        <sponsorshipDate>2017-01-23</sponsorshipDate>
        <identifiers>
          <gpoId>8723</gpoId>
          <lisID>1744</lisID>
          <bioguideId>M001151</bioguideId>
        </identifiers>
      </item>
      <item>
        <lastName>Roskam</lastName>
        <firstName>Peter</firstName>
        <sponsorshipWithdrawnDate />
        <isOriginalCosponsor>False</isOriginalCosponsor>
        <district>6</district>
        <party>R</party>
        <fullName>Rep. Roskam, Peter J. [R-IL-6]</fullName>
        <middleName>J.</middleName>
        <state>IL</state>
        <bioguideId>R000580</bioguideId>
        <sponsorshipDate>2017-01-23</sponsorshipDate>
        <identifiers>
          <bioguideId>R000580</bioguideId>
          <lisID>1848</lisID>
          <gpoId>7926</gpoId>
        </identifiers>
      </item>
      <item>
        <lastName>Abraham</lastName>
        <firstName>Ralph</firstName>
        <sponsorshipWithdrawnDate />
        <isOriginalCosponsor>False</isOriginalCosponsor>
        <district>5</district>
        <party>R</party>
        <fullName>Rep. Abraham, Ralph Lee [R-LA-5]</fullName>
        <middleName>Lee</middleName>
        <state>LA</state>
        <bioguideId>A000374</bioguideId>
        <sponsorshipDate>2017-01-23</sponsorshipDate>
        <identifiers>
          <gpoId />
          <lisID>2244</lisID>
          <bioguideId>A000374</bioguideId>
        </identifiers>
      </item>
      <item>
        <lastName>Harris</lastName>
        <firstName>Andy</firstName>
        <sponsorshipWithdrawnDate />
        <isOriginalCosponsor>False</isOriginalCosponsor>
        <district>1</district>
        <party>R</party>
        <fullName>Rep. Harris, Andy [R-MD-1]</fullName>
        <middleName />
        <state>MD</state>
        <bioguideId>H001052</bioguideId>
        <sponsorshipDate>2017-01-23</sponsorshipDate>
        <identifiers>
          <gpoId>7976</gpoId>
          <bioguideId>H001052</bioguideId>
          <lisID>2026</lisID>
        </identifiers>
      </item>
      <item>
        <lastName>Gibbs</lastName>
        <firstName>Bob</firstName>
        <sponsorshipWithdrawnDate />
        <isOriginalCosponsor>False</isOriginalCosponsor>
        <district>7</district>
        <party>R</party>
        <fullName>Rep. Gibbs, Bob [R-OH-7]</fullName>
        <middleName />
        <state>OH</state>
        <bioguideId>G000563</bioguideId>
        <sponsorshipDate>2017-01-30</sponsorshipDate>
        <identifiers>
          <lisID>2049</lisID>
          <gpoId>8108</gpoId>
          <bioguideId>G000563</bioguideId>
        </identifiers>
      </item>
      <item>
        <lastName>LaHood</lastName>
        <firstName>Darin</firstName>
        <sponsorshipWithdrawnDate />
        <isOriginalCosponsor>False</isOriginalCosponsor>
        <district>18</district>
        <party>R</party>
        <fullName>Rep. LaHood, Darin [R-IL-18]</fullName>
        <middleName />
        <state>IL</state>
        <bioguideId>L000585</bioguideId>
        <sponsorshipDate>2017-01-30</sponsorshipDate>
        <identifiers>
          <lisID>2295</lisID>
          <bioguideId>L000585</bioguideId>
          <gpoId />
        </identifiers>
      </item>
      <item>
        <lastName>Davis</lastName>
        <firstName>Rodney</firstName>
        <sponsorshipWithdrawnDate />
        <isOriginalCosponsor>False</isOriginalCosponsor>
        <district>13</district>
        <party>R</party>
        <fullName>Rep. Davis, Rodney [R-IL-13]</fullName>
        <middleName />
        <state>IL</state>
        <bioguideId>D000619</bioguideId>
        <sponsorshipDate>2017-01-30</sponsorshipDate>
        <identifiers>
          <lisID>2126</lisID>
          <gpoId />
          <bioguideId>D000619</bioguideId>
        </identifiers>
      </item>
      <item>
        <lastName>Dunn</lastName>
        <firstName>Neal</firstName>
        <sponsorshipWithdrawnDate />
        <isOriginalCosponsor>False</isOriginalCosponsor>
        <district>2</district>
        <party>R</party>
        <fullName>Rep. Dunn, Neal P. [R-FL-2]</fullName>
        <middleName>P.</middleName>
        <state>FL</state>
        <bioguideId>D000628</bioguideId>
        <sponsorshipDate>2017-01-30</sponsorshipDate>
        <identifiers>
          <lisID>2315</lisID>
          <gpoId />
          <bioguideId>D000628</bioguideId>
        </identifiers>
      </item>
      <item>
        <lastName>Conaway</lastName>
        <firstName>K.</firstName>
        <sponsorshipWithdrawnDate />
        <isOriginalCosponsor>False</isOriginalCosponsor>
        <district>11</district>
        <party>R</party>
        <fullName>Rep. Conaway, K. Michael [R-TX-11]</fullName>
        <middleName>Michael</middleName>
        <state>TX</state>
        <bioguideId>C001062</bioguideId>
        <sponsorshipDate>2017-01-30</sponsorshipDate>
        <identifiers>
          <lisID>1805</lisID>
          <gpoId>8167</gpoId>
          <bioguideId>C001062</bioguideId>
        </identifiers>
      </item>
      <item>
        <lastName>Flores</lastName>
        <firstName>Bill</firstName>
        <sponsorshipWithdrawnDate />
        <isOriginalCosponsor>False</isOriginalCosponsor>
        <district>17</district>
        <party>R</party>
        <fullName>Rep. Flores, Bill [R-TX-17]</fullName>
        <middleName />
        <state>TX</state>
        <bioguideId>F000461</bioguideId>
        <sponsorshipDate>2017-01-30</sponsorshipDate>
        <identifiers>
          <lisID>2065</lisID>
          <gpoId>8173</gpoId>
          <bioguideId>F000461</bioguideId>
        </identifiers>
      </item>
      <item>
        <lastName>Hartzler</lastName>
        <firstName>Vicky</firstName>
        <sponsorshipWithdrawnDate />
        <isOriginalCosponsor>False</isOriginalCosponsor>
        <district>4</district>
        <party>R</party>
        <fullName>Rep. Hartzler, Vicky [R-MO-4]</fullName>
        <middleName />
        <state>MO</state>
        <bioguideId>H001053</bioguideId>
        <sponsorshipDate>2017-01-30</sponsorshipDate>
        <identifiers>
          <lisID>2032</lisID>
          <bioguideId>H001053</bioguideId>
          <gpoId>8012</gpoId>
        </identifiers>
      </item>
      <item>
        <lastName>Wilson</lastName>
        <firstName>Joe</firstName>
        <sponsorshipWithdrawnDate />
        <isOriginalCosponsor>False</isOriginalCosponsor>
        <district>2</district>
        <party>R</party>
        <fullName>Rep. Wilson, Joe [R-SC-2]</fullName>
        <middleName />
        <state>SC</state>
        <bioguideId>W000795</bioguideId>
        <sponsorshipDate>2017-01-30</sponsorshipDate>
        <identifiers>
          <gpoId>8142</gpoId>
          <bioguideId>W000795</bioguideId>
          <lisID>1688</lisID>
        </identifiers>
      </item>
      <item>
        <lastName>Pittenger</lastName>
        <firstName>Robert</firstName>
        <sponsorshipWithdrawnDate />
        <isOriginalCosponsor>False</isOriginalCosponsor>
        <district>9</district>
        <party>R</party>
        <fullName>Rep. Pittenger, Robert [R-NC-9]</fullName>
        <middleName />
        <state>NC</state>
        <bioguideId>P000606</bioguideId>
        <sponsorshipDate>2017-01-30</sponsorshipDate>
        <identifiers>
          <bioguideId>P000606</bioguideId>
          <lisID>2141</lisID>
          <gpoId />
        </identifiers>
      </item>
      <item>
        <lastName>Davidson</lastName>
        <firstName>Warren</firstName>
        <sponsorshipWithdrawnDate />
        <isOriginalCosponsor>False</isOriginalCosponsor>
        <district>8</district>
        <party>R</party>
        <fullName>Rep. Davidson, Warren [R-OH-8]</fullName>
        <middleName />
        <state>OH</state>
        <bioguideId>D000626</bioguideId>
        <sponsorshipDate>2017-01-30</sponsorshipDate>
        <identifiers>
          <bioguideId>D000626</bioguideId>
          <lisID>2296</lisID>
          <gpoId />
        </identifiers>
      </item>
      <item>
        <lastName>Franks</lastName>
        <firstName>Trent</firstName>
        <sponsorshipWithdrawnDate />
        <isOriginalCosponsor>False</isOriginalCosponsor>
        <district>8</district>
        <party>R</party>
        <fullName>Rep. Franks, Trent [R-AZ-8]</fullName>
        <middleName />
        <state>AZ</state>
        <bioguideId>F000448</bioguideId>
        <sponsorshipDate>2017-01-30</sponsorshipDate>
        <identifiers>
          <bioguideId>F000448</bioguideId>
          <gpoId>7799</gpoId>
          <lisID>1707</lisID>
        </identifiers>
      </item>
      <item>
        <lastName>Yoho</lastName>
        <firstName>Ted</firstName>
        <sponsorshipWithdrawnDate />
        <isOriginalCosponsor>False</isOriginalCosponsor>
        <district>3</district>
        <party>R</party>
        <fullName>Rep. Yoho, Ted S. [R-FL-3]</fullName>
        <middleName>S.</middleName>
        <state>FL</state>
        <bioguideId>Y000065</bioguideId>
        <sponsorshipDate>2017-01-30</sponsorshipDate>
        <identifiers>
          <lisID>2115</lisID>
          <bioguideId>Y000065</bioguideId>
          <gpoId />
        </identifiers>
      </item>
      <item>
        <lastName>Walker</lastName>
        <firstName>Mark</firstName>
        <sponsorshipWithdrawnDate />
        <isOriginalCosponsor>False</isOriginalCosponsor>
        <district>6</district>
        <party>R</party>
        <fullName>Rep. Walker, Mark [R-NC-6]</fullName>
        <middleName />
        <state>NC</state>
        <bioguideId>W000819</bioguideId>
        <sponsorshipDate>2017-01-30</sponsorshipDate>
        <identifiers>
          <lisID>2255</lisID>
          <gpoId />
          <bioguideId>W000819</bioguideId>
        </identifiers>
      </item>
      <item>
        <lastName>Harper</lastName>
        <firstName>Gregg</firstName>
        <sponsorshipWithdrawnDate />
        <isOriginalCosponsor>False</isOriginalCosponsor>
        <district>3</district>
        <party>R</party>
        <fullName>Rep. Harper, Gregg [R-MS-3]</fullName>
        <middleName />
        <state>MS</state>
        <bioguideId>H001045</bioguideId>
        <sponsorshipDate>2017-01-30</sponsorshipDate>
        <identifiers>
          <bioguideId>H001045</bioguideId>
          <gpoId>8021</gpoId>
          <lisID>1933</lisID>
        </identifiers>
      </item>
      <item>
        <lastName>Hice</lastName>
        <firstName>Jody</firstName>
        <sponsorshipWithdrawnDate />
        <isOriginalCosponsor>False</isOriginalCosponsor>
        <district>10</district>
        <party>R</party>
        <fullName>Rep. Hice, Jody B. [R-GA-10]</fullName>
        <middleName>B.</middleName>
        <state>GA</state>
        <bioguideId>H001071</bioguideId>
        <sponsorshipDate>2017-01-30</sponsorshipDate>
        <identifiers>
          <gpoId />
          <lisID>2237</lisID>
          <bioguideId>H001071</bioguideId>
        </identifiers>
      </item>
      <item>
        <lastName>Walberg</lastName>
        <firstName>Tim</firstName>
        <sponsorshipWithdrawnDate />
        <isOriginalCosponsor>False</isOriginalCosponsor>
        <district>7</district>
        <party>R</party>
        <fullName>Rep. Walberg, Tim [R-MI-7]</fullName>
        <middleName />
        <state>MI</state>
        <bioguideId>W000798</bioguideId>
        <sponsorshipDate>2017-01-30</sponsorshipDate>
        <identifiers>
          <lisID>1855</lisID>
          <bioguideId>W000798</bioguideId>
          <gpoId>7992</gpoId>
        </identifiers>
      </item>
      <item>
        <lastName>Thompson</lastName>
        <firstName>Glenn</firstName>
        <sponsorshipWithdrawnDate />
        <isOriginalCosponsor>False</isOriginalCosponsor>
        <district>5</district>
        <party>R</party>
        <fullName>Rep. Thompson, Glenn [R-PA-5]</fullName>
        <middleName />
        <state>PA</state>
        <bioguideId>T000467</bioguideId>
        <sponsorshipDate>2017-01-30</sponsorshipDate>
        <identifiers>
          <gpoId>8123</gpoId>
          <bioguideId>T000467</bioguideId>
          <lisID>1952</lisID>
        </identifiers>
      </item>
      <item>
        <lastName>Stivers</lastName>
        <firstName>Steve</firstName>
        <sponsorshipWithdrawnDate />
        <isOriginalCosponsor>False</isOriginalCosponsor>
        <district>15</district>
        <party>R</party>
        <fullName>Rep. Stivers, Steve [R-OH-15]</fullName>
        <middleName />
        <state>OH</state>
        <bioguideId>S001187</bioguideId>
        <sponsorshipDate>2017-01-30</sponsorshipDate>
        <identifiers>
          <lisID>2047</lisID>
          <gpoId>8105</gpoId>
          <bioguideId>S001187</bioguideId>
        </identifiers>
      </item>
      <item>
        <lastName>Latta</lastName>
        <firstName>Robert</firstName>
        <sponsorshipWithdrawnDate />
        <isOriginalCosponsor>False</isOriginalCosponsor>
        <district>5</district>
        <party>R</party>
        <fullName>Rep. Latta, Robert E. [R-OH-5]</fullName>
        <middleName>E.</middleName>
        <state>OH</state>
        <bioguideId>L000566</bioguideId>
        <sponsorshipDate>2017-01-30</sponsorshipDate>
        <identifiers>
          <lisID>1885</lisID>
          <bioguideId>L000566</bioguideId>
          <gpoId>8095</gpoId>
        </identifiers>
      </item>
      <item>
        <lastName>Moolenaar</lastName>
        <firstName>John</firstName>
        <sponsorshipWithdrawnDate />
        <isOriginalCosponsor>False</isOriginalCosponsor>
        <district>4</district>
        <party>R</party>
        <fullName>Rep. Moolenaar, John R. [R-MI-4]</fullName>
        <middleName>R.</middleName>
        <state>MI</state>
        <bioguideId>M001194</bioguideId>
        <sponsorshipDate>2017-01-30</sponsorshipDate>
        <identifiers>
          <gpoId />
          <bioguideId>M001194</bioguideId>
          <lisID>2248</lisID>
        </identifiers>
      </item>
      <item>
        <lastName>Luetkemeyer</lastName>
        <firstName>Blaine</firstName>
        <sponsorshipWithdrawnDate />
        <isOriginalCosponsor>False</isOriginalCosponsor>
        <district>3</district>
        <party>R</party>
        <fullName>Rep. Luetkemeyer, Blaine [R-MO-3]</fullName>
        <middleName />
        <state>MO</state>
        <bioguideId>L000569</bioguideId>
        <sponsorshipDate>2017-02-01</sponsorshipDate>
        <identifiers>
          <lisID>1931</lisID>
          <bioguideId>L000569</bioguideId>
          <gpoId>8017</gpoId>
        </identifiers>
      </item>
      <item>
        <lastName>Allen</lastName>
        <firstName>Rick</firstName>
        <sponsorshipWithdrawnDate />
        <isOriginalCosponsor>False</isOriginalCosponsor>
        <district>12</district>
        <party>R</party>
        <fullName>Rep. Allen, Rick W. [R-GA-12]</fullName>
        <middleName>W.</middleName>
        <state>GA</state>
        <bioguideId>A000372</bioguideId>
        <sponsorshipDate>2017-02-01</sponsorshipDate>
        <identifiers>
          <bioguideId>A000372</bioguideId>
          <lisID>2239</lisID>
          <gpoId />
        </identifiers>
      </item>
      <item>
        <lastName>Palmer</lastName>
        <firstName>Gary</firstName>
        <sponsorshipWithdrawnDate />
        <isOriginalCosponsor>False</isOriginalCosponsor>
        <district>6</district>
        <party>R</party>
        <fullName>Rep. Palmer, Gary J. [R-AL-6]</fullName>
        <middleName>J.</middleName>
        <state>AL</state>
        <bioguideId>P000609</bioguideId>
        <sponsorshipDate>2017-02-02</sponsorshipDate>
        <identifiers>
          <lisID>2221</lisID>
          <gpoId />
          <bioguideId>P000609</bioguideId>
        </identifiers>
      </item>
      <item>
        <lastName>Collins</lastName>
        <firstName>Doug</firstName>
        <sponsorshipWithdrawnDate />
        <isOriginalCosponsor>False</isOriginalCosponsor>
        <district>9</district>
        <party>R</party>
        <fullName>Rep. Collins, Doug [R-GA-9]</fullName>
        <middleName />
        <state>GA</state>
        <bioguideId>C001093</bioguideId>
        <sponsorshipDate>2017-02-02</sponsorshipDate>
        <identifiers>
          <lisID>2121</lisID>
          <bioguideId>C001093</bioguideId>
          <gpoId />
        </identifiers>
      </item>
      <item>
        <lastName>Barr</lastName>
        <firstName>Andy</firstName>
        <sponsorshipWithdrawnDate />
        <isOriginalCosponsor>False</isOriginalCosponsor>
        <district>6</district>
        <party>R</party>
        <fullName>Rep. Barr, Andy [R-KY-6]</fullName>
        <middleName />
        <state>KY</state>
        <bioguideId>B001282</bioguideId>
        <sponsorshipDate>2017-02-02</sponsorshipDate>
        <identifiers>
          <bioguideId>B001282</bioguideId>
          <lisID>2131</lisID>
          <gpoId />
        </identifiers>
      </item>
      <item>
        <lastName>King</lastName>
        <firstName>Steve</firstName>
        <sponsorshipWithdrawnDate />
        <isOriginalCosponsor>False</isOriginalCosponsor>
        <district>4</district>
        <party>R</party>
        <fullName>Rep. King, Steve [R-IA-4]</fullName>
        <middleName />
        <state>IA</state>
        <bioguideId>K000362</bioguideId>
        <sponsorshipDate>2017-02-02</sponsorshipDate>
        <identifiers>
          <gpoId>7918</gpoId>
          <bioguideId>K000362</bioguideId>
          <lisID>1724</lisID>
        </identifiers>
      </item>
      <item>
        <lastName>Roby</lastName>
        <firstName>Martha</firstName>
        <sponsorshipWithdrawnDate />
        <isOriginalCosponsor>False</isOriginalCosponsor>
        <district>2</district>
        <party>R</party>
        <fullName>Rep. Roby, Martha [R-AL-2]</fullName>
        <middleName />
        <state>AL</state>
        <bioguideId>R000591</bioguideId>
        <sponsorshipDate>2017-02-02</sponsorshipDate>
        <identifiers>
          <gpoId>7787</gpoId>
          <lisID>1986</lisID>
          <bioguideId>R000591</bioguideId>
        </identifiers>
      </item>
      <item>
        <lastName>Huizenga</lastName>
        <firstName>Bill</firstName>
        <sponsorshipWithdrawnDate />
        <isOriginalCosponsor>False</isOriginalCosponsor>
        <district>2</district>
        <party>R</party>
        <fullName>Rep. Huizenga, Bill [R-MI-2]</fullName>
        <middleName />
        <state>MI</state>
        <bioguideId>H001058</bioguideId>
        <sponsorshipDate>2017-02-02</sponsorshipDate>
        <identifiers>
          <bioguideId>H001058</bioguideId>
          <lisID>2028</lisID>
          <gpoId>7987</gpoId>
        </identifiers>
      </item>
      <item>
        <lastName>Jordan</lastName>
        <firstName>Jim</firstName>
        <sponsorshipWithdrawnDate />
        <isOriginalCosponsor>False</isOriginalCosponsor>
        <district>4</district>
        <party>R</party>
        <fullName>Rep. Jordan, Jim [R-OH-4]</fullName>
        <middleName />
        <state>OH</state>
        <bioguideId>J000289</bioguideId>
        <sponsorshipDate>2017-02-02</sponsorshipDate>
        <identifiers>
          <gpoId>8094</gpoId>
          <bioguideId>J000289</bioguideId>
          <lisID>1868</lisID>
        </identifiers>
      </item>
      <item>
        <lastName>Bridenstine</lastName>
        <firstName>Jim</firstName>
        <sponsorshipWithdrawnDate />
        <isOriginalCosponsor>False</isOriginalCosponsor>
        <district>1</district>
        <party>R</party>
        <fullName>Rep. Bridenstine, Jim [R-OK-1]</fullName>
        <middleName />
        <state>OK</state>
        <bioguideId>B001283</bioguideId>
        <sponsorshipDate>2017-02-02</sponsorshipDate>
        <identifiers>
          <lisID>2155</lisID>
          <bioguideId>B001283</bioguideId>
          <gpoId />
        </identifiers>
      </item>
      <item>
        <lastName>Hultgren</lastName>
        <firstName>Randy</firstName>
        <sponsorshipWithdrawnDate />
        <isOriginalCosponsor>False</isOriginalCosponsor>
        <district>14</district>
        <party>R</party>
        <fullName>Rep. Hultgren, Randy [R-IL-14]</fullName>
        <middleName />
        <state>IL</state>
        <bioguideId>H001059</bioguideId>
        <sponsorshipDate>2017-02-02</sponsorshipDate>
        <identifiers>
          <bioguideId>H001059</bioguideId>
          <lisID>2015</lisID>
          <gpoId>7934</gpoId>
        </identifiers>
      </item>
      <item>
        <lastName>Kelly</lastName>
        <firstName>Mike</firstName>
        <sponsorshipWithdrawnDate />
        <isOriginalCosponsor>False</isOriginalCosponsor>
        <district>3</district>
        <party>R</party>
        <fullName>Rep. Kelly, Mike [R-PA-3]</fullName>
        <middleName />
        <state>PA</state>
        <bioguideId>K000376</bioguideId>
        <sponsorshipDate>2017-02-02</sponsorshipDate>
        <identifiers>
          <gpoId>8708</gpoId>
          <bioguideId>K000376</bioguideId>
          <lisID>2051</lisID>
        </identifiers>
      </item>
      <item>
        <lastName>Mooney</lastName>
        <firstName>Alexander</firstName>
        <sponsorshipWithdrawnDate />
        <isOriginalCosponsor>False</isOriginalCosponsor>
        <district>2</district>
        <party>R</party>
        <fullName>Rep. Mooney, Alexander X. [R-WV-2]</fullName>
        <middleName>X.</middleName>
        <state>WV</state>
        <bioguideId>M001195</bioguideId>
        <sponsorshipDate>2017-02-02</sponsorshipDate>
        <identifiers>
          <lisID>2277</lisID>
          <bioguideId>M001195</bioguideId>
          <gpoId />
        </identifiers>
      </item>
      <item>
        <lastName>Marino</lastName>
        <firstName>Tom</firstName>
        <sponsorshipWithdrawnDate />
        <isOriginalCosponsor>False</isOriginalCosponsor>
        <district>10</district>
        <party>R</party>
        <fullName>Rep. Marino, Tom [R-PA-10]</fullName>
        <middleName />
        <state>PA</state>
        <bioguideId>M001179</bioguideId>
        <sponsorshipDate>2017-02-06</sponsorshipDate>
        <identifiers>
          <lisID>2053</lisID>
          <bioguideId>M001179</bioguideId>
          <gpoId>8128</gpoId>
        </identifiers>
      </item>
      <item>
        <lastName>Wittman</lastName>
        <firstName>Robert</firstName>
        <sponsorshipWithdrawnDate />
        <isOriginalCosponsor>False</isOriginalCosponsor>
        <district>1</district>
        <party>R</party>
        <fullName>Rep. Wittman, Robert J. [R-VA-1]</fullName>
        <middleName>J.</middleName>
        <state>VA</state>
        <bioguideId>W000804</bioguideId>
        <sponsorshipDate>2017-02-06</sponsorshipDate>
        <identifiers>
          <lisID>1886</lisID>
          <gpoId>8192</gpoId>
          <bioguideId>W000804</bioguideId>
        </identifiers>
      </item>
      <item>
        <lastName>Marshall</lastName>
        <firstName>Roger</firstName>
        <sponsorshipWithdrawnDate />
        <isOriginalCosponsor>False</isOriginalCosponsor>
        <district>1</district>
        <party>R</party>
        <fullName>Rep. Marshall, Roger W. [R-KS-1]</fullName>
        <middleName>W.</middleName>
        <state>KS</state>
        <bioguideId>M001198</bioguideId>
        <sponsorshipDate>2017-02-06</sponsorshipDate>
        <identifiers>
          <lisID>2328</lisID>
          <bioguideId>M001198</bioguideId>
          <gpoId />
        </identifiers>
      </item>
      <item>
        <lastName>Olson</lastName>
        <firstName>Pete</firstName>
        <sponsorshipWithdrawnDate />
        <isOriginalCosponsor>False</isOriginalCosponsor>
        <district>22</district>
        <party>R</party>
        <fullName>Rep. Olson, Pete [R-TX-22]</fullName>
        <middleName />
        <state>TX</state>
        <bioguideId>O000168</bioguideId>
        <sponsorshipDate>2017-02-06</sponsorshipDate>
        <identifiers>
          <gpoId>8178</gpoId>
          <bioguideId>O000168</bioguideId>
          <lisID>1955</lisID>
        </identifiers>
      </item>
      <item>
        <lastName>Duffy</lastName>
        <firstName>Sean</firstName>
        <sponsorshipWithdrawnDate />
        <isOriginalCosponsor>False</isOriginalCosponsor>
        <district>7</district>
        <party>R</party>
        <fullName>Rep. Duffy, Sean P. [R-WI-7]</fullName>
        <middleName>P.</middleName>
        <state>WI</state>
        <bioguideId>D000614</bioguideId>
        <sponsorshipDate>2017-02-06</sponsorshipDate>
        <identifiers>
          <lisID>2072</lisID>
          <gpoId>8220</gpoId>
          <bioguideId>D000614</bioguideId>
        </identifiers>
      </item>
      <item>
        <lastName>Loudermilk</lastName>
        <firstName>Barry</firstName>
        <sponsorshipWithdrawnDate />
        <isOriginalCosponsor>False</isOriginalCosponsor>
        <district>11</district>
        <party>R</party>
        <fullName>Rep. Loudermilk, Barry [R-GA-11]</fullName>
        <middleName />
        <state>GA</state>
        <bioguideId>L000583</bioguideId>
        <sponsorshipDate>2017-02-06</sponsorshipDate>
        <identifiers>
          <lisID>2238</lisID>
          <bioguideId>L000583</bioguideId>
          <gpoId />
        </identifiers>
      </item>
      <item>
        <lastName>Schweikert</lastName>
        <firstName>David</firstName>
        <sponsorshipWithdrawnDate />
        <isOriginalCosponsor>False</isOriginalCosponsor>
        <district>6</district>
        <party>R</party>
        <fullName>Rep. Schweikert, David [R-AZ-6]</fullName>
        <middleName />
        <state>AZ</state>
        <bioguideId>S001183</bioguideId>
        <sponsorshipDate>2017-02-06</sponsorshipDate>
        <identifiers>
          <lisID>1994</lisID>
          <gpoId>7802</gpoId>
          <bioguideId>S001183</bioguideId>
        </identifiers>
      </item>
      <item>
        <lastName>Gohmert</lastName>
        <firstName>Louie</firstName>
        <sponsorshipWithdrawnDate />
        <isOriginalCosponsor>False</isOriginalCosponsor>
        <district>1</district>
        <party>R</party>
        <fullName>Rep. Gohmert, Louie [R-TX-1]</fullName>
        <middleName />
        <state>TX</state>
        <bioguideId>G000552</bioguideId>
        <sponsorshipDate>2017-02-06</sponsorshipDate>
        <identifiers>
          <lisID>1801</lisID>
          <gpoId>8157</gpoId>
          <bioguideId>G000552</bioguideId>
        </identifiers>
      </item>
      <item>
        <lastName>Byrne</lastName>
        <firstName>Bradley</firstName>
        <sponsorshipWithdrawnDate />
        <isOriginalCosponsor>False</isOriginalCosponsor>
        <district>1</district>
        <party>R</party>
        <fullName>Rep. Byrne, Bradley [R-AL-1]</fullName>
        <middleName />
        <state>AL</state>
        <bioguideId>B001289</bioguideId>
        <sponsorshipDate>2017-02-06</sponsorshipDate>
        <identifiers>
          <gpoId />
          <lisID>2197</lisID>
          <bioguideId>B001289</bioguideId>
        </identifiers>
      </item>
      <item>
        <lastName>SMITH</lastName>
        <firstName>CHRISTOPHER</firstName>
        <sponsorshipWithdrawnDate />
        <isOriginalCosponsor>False</isOriginalCosponsor>
        <district>4</district>
        <party>R</party>
        <fullName>Rep. Smith, Christopher H. [R-NJ-4]</fullName>
        <middleName>H.</middleName>
        <state>NJ</state>
        <bioguideId>S000522</bioguideId>
        <sponsorshipDate>2017-02-07</sponsorshipDate>
        <identifiers>
          <bioguideId>S000522</bioguideId>
          <lisID>1071</lisID>
          <gpoId>8046</gpoId>
        </identifiers>
      </item>
      <item>
        <lastName>Duncan</lastName>
        <firstName>Jeff</firstName>
        <sponsorshipWithdrawnDate />
        <isOriginalCosponsor>False</isOriginalCosponsor>
        <district>3</district>
        <party>R</party>
        <fullName>Rep. Duncan, Jeff [R-SC-3]</fullName>
        <middleName />
        <state>SC</state>
        <bioguideId>D000615</bioguideId>
        <sponsorshipDate>2017-02-07</sponsorshipDate>
        <identifiers>
          <lisID>2057</lisID>
          <gpoId>8143</gpoId>
          <bioguideId>D000615</bioguideId>
        </identifiers>
      </item>
      <item>
        <lastName>Barletta</lastName>
        <firstName>Lou</firstName>
        <sponsorshipWithdrawnDate />
        <isOriginalCosponsor>False</isOriginalCosponsor>
        <district>11</district>
        <party>R</party>
        <fullName>Rep. Barletta, Lou [R-PA-11]</fullName>
        <middleName />
        <state>PA</state>
        <bioguideId>B001269</bioguideId>
        <sponsorshipDate>2017-02-13</sponsorshipDate>
        <identifiers>
          <bioguideId>B001269</bioguideId>
          <gpoId>8129</gpoId>
          <lisID>2054</lisID>
        </identifiers>
      </item>
      <item>
        <lastName>Grothman</lastName>
        <firstName>Glenn</firstName>
        <sponsorshipWithdrawnDate />
        <isOriginalCosponsor>False</isOriginalCosponsor>
        <district>6</district>
        <party>R</party>
        <fullName>Rep. Grothman, Glenn [R-WI-6]</fullName>
        <middleName />
        <state>WI</state>
        <bioguideId>G000576</bioguideId>
        <sponsorshipDate>2017-02-13</sponsorshipDate>
        <identifiers>
          <lisID>2276</lisID>
          <bioguideId>G000576</bioguideId>
          <gpoId />
        </identifiers>
      </item>
      <item>
        <lastName>Renacci</lastName>
        <firstName>James</firstName>
        <sponsorshipWithdrawnDate />
        <isOriginalCosponsor>False</isOriginalCosponsor>
        <district>16</district>
        <party>R</party>
        <fullName>Rep. Renacci, James B. [R-OH-16]</fullName>
        <middleName>B.</middleName>
        <state>OH</state>
        <bioguideId>R000586</bioguideId>
        <sponsorshipDate>2017-02-13</sponsorshipDate>
        <identifiers>
          <lisID>2048</lisID>
          <gpoId>8106</gpoId>
          <bioguideId>R000586</bioguideId>
        </identifiers>
      </item>
      <item>
        <lastName>Noem</lastName>
        <firstName>Kristi</firstName>
        <sponsorshipWithdrawnDate />
        <isOriginalCosponsor>False</isOriginalCosponsor>
        <district>0</district>
        <party>R</party>
        <fullName>Rep. Noem, Kristi L. [R-SD-At Large]</fullName>
        <middleName>L.</middleName>
        <state>SD</state>
        <bioguideId>N000184</bioguideId>
        <sponsorshipDate>2017-02-14</sponsorshipDate>
        <identifiers>
          <lisID>2060</lisID>
          <gpoId>8147</gpoId>
          <bioguideId>N000184</bioguideId>
        </identifiers>
      </item>
      <item>
        <lastName>Turner</lastName>
        <firstName>Michael</firstName>
        <sponsorshipWithdrawnDate />
        <isOriginalCosponsor>False</isOriginalCosponsor>
        <district>10</district>
        <party>R</party>
        <fullName>Rep. Turner, Michael R. [R-OH-10]</fullName>
        <middleName>R.</middleName>
        <state>OH</state>
        <bioguideId>T000463</bioguideId>
        <sponsorshipDate>2017-02-14</sponsorshipDate>
        <identifiers>
          <bioguideId>T000463</bioguideId>
          <lisID>1741</lisID>
          <gpoId>8093</gpoId>
        </identifiers>
      </item>
      <item>
        <lastName>Scott</lastName>
        <firstName>Austin</firstName>
        <sponsorshipWithdrawnDate />
        <isOriginalCosponsor>False</isOriginalCosponsor>
        <district>8</district>
        <party>R</party>
        <fullName>Rep. Scott, Austin [R-GA-8]</fullName>
        <middleName />
        <state>GA</state>
        <bioguideId>S001189</bioguideId>
        <sponsorshipDate>2017-02-14</sponsorshipDate>
        <identifiers>
          <lisID>2009</lisID>
          <gpoId>7905</gpoId>
          <bioguideId>S001189</bioguideId>
        </identifiers>
      </item>
      <item>
        <lastName>Bost</lastName>
        <firstName>Mike</firstName>
        <sponsorshipWithdrawnDate />
        <isOriginalCosponsor>False</isOriginalCosponsor>
        <district>12</district>
        <party>R</party>
        <fullName>Rep. Bost, Mike [R-IL-12]</fullName>
        <middleName />
        <state>IL</state>
        <bioguideId>B001295</bioguideId>
        <sponsorshipDate>2017-02-15</sponsorshipDate>
        <identifiers>
          <bioguideId>B001295</bioguideId>
          <lisID>2243</lisID>
          <gpoId />
        </identifiers>
      </item>
      <item>
        <lastName>Hill</lastName>
        <firstName>J.</firstName>
        <sponsorshipWithdrawnDate />
        <isOriginalCosponsor>False</isOriginalCosponsor>
        <district>2</district>
        <party>R</party>
        <fullName>Rep. Hill, J. French [R-AR-2]</fullName>
        <middleName>French</middleName>
        <state>AR</state>
        <bioguideId>H001072</bioguideId>
        <sponsorshipDate>2017-02-21</sponsorshipDate>
        <identifiers>
          <gpoId />
          <lisID>2223</lisID>
          <bioguideId>H001072</bioguideId>
        </identifiers>
      </item>
      <item>
        <lastName>Rokita</lastName>
        <firstName>Todd</firstName>
        <sponsorshipWithdrawnDate />
        <isOriginalCosponsor>False</isOriginalCosponsor>
        <district>4</district>
        <party>R</party>
        <fullName>Rep. Rokita, Todd [R-IN-4]</fullName>
        <middleName />
        <state>IN</state>
        <bioguideId>R000592</bioguideId>
        <sponsorshipDate>2017-03-08</sponsorshipDate>
        <identifiers>
          <lisID>2017</lisID>
          <gpoId>7943</gpoId>
          <bioguideId>R000592</bioguideId>
        </identifiers>
      </item>
    </cosponsors>
    <billType>HJRES</billType>
    <recordedVotes />
    <laws />
    <committeeReports />
    <actions>
      <actionByCounts>
        <houseOfRepresentatives>5</houseOfRepresentatives>
      </actionByCounts>
      <item>
        <actionDate>2017-02-13</actionDate>
        <committee>
          <name>Oversight and Government Reform Committee</name>
          <systemCode>hsgo00</systemCode>
        </committee>
        <links />
        <sourceSystem>
          <name>House committee actions</name>
          <code>1</code>
        </sourceSystem>
        <text>Ordered to be Reported by the Yeas and Nays: 22 - 14.</text>
        <type>Committee</type>
      </item>
      <item>
        <actionDate>2017-02-13</actionDate>
        <committee>
          <name>Oversight and Government Reform Committee</name>
          <systemCode>hsgo00</systemCode>
        </committee>
        <links />
        <sourceSystem>
          <name>House committee actions</name>
          <code>1</code>
        </sourceSystem>
        <text>Committee Consideration and Mark-up Session Held.</text>
        <type>Committee</type>
      </item>
      <item>
        <text>Referred to the House Committee on Oversight and Government Reform.</text>
        <type>IntroReferral</type>
        <sourceSystem>
          <name>House floor actions</name>
          <code>2</code>
        </sourceSystem>
        <committee>
          <name>Oversight and Government Reform Committee</name>
          <systemCode>hsgo00</systemCode>
        </committee>
        <actionCode>H11100</actionCode>
        <actionDate>2017-01-12</actionDate>
        <links />
      </item>
      <item>
        <text>Introduced in House</text>
        <type>IntroReferral</type>
        <sourceSystem>
          <name>Library of Congress</name>
          <code>9</code>
        </sourceSystem>
        <committee />
        <actionCode>Intro-H</actionCode>
        <actionDate>2017-01-12</actionDate>
        <links />
      </item>
      <item>
        <text>Introduced in House</text>
        <type>IntroReferral</type>
        <sourceSystem>
          <name>Library of Congress</name>
          <code>9</code>
        </sourceSystem>
        <committee />
        <actionCode>1000</actionCode>
        <actionDate>2017-01-12</actionDate>
        <links />
      </item>
      <actionTypeCounts>
        <introducedInHouse>1</introducedInHouse>
        <actionStageOverride>1</actionStageOverride>
        <billReferrals>1</billReferrals>
        <placeholderTextForH>1</placeholderTextForH>
        <introducedInTheHouse>1</introducedInTheHouse>
      </actionTypeCounts>
    </actions>
    <createDate>2017-01-13T04:55:29Z</createDate>
    <version>1.0.0</version>
    <notes />
    <latestAction>
      <actionDate>2017-02-13</actionDate>
      <text>Ordered to be Reported by the Yeas and Nays: 22 - 14.</text>
      <links />
    </latestAction>
    <title>Disapproving the action of the District of Columbia Council in approving the Death with Dignity Act of 2016.</title>
    <summaries>
      <billSummaries>
        <item>
          <text><![CDATA[<p>This joint resolution nullifies the action of the District of Columbia Council in approving the Death with Dignity Act of 2016, signed by the Mayor of the District on December 19, 2016, and transmitted on January 6, 2017, to Congress pursuant to the District of Columbia Home Rule Act. The D.C. Act authorizes terminally ill patients to request and to be prescribed medication to end their lives.</p>]]></text>
          <name>Introduced in House</name>
          <lastSummaryUpdateDate>2017-02-21T22:53:49Z</lastSummaryUpdateDate>
          <versionCode>00</versionCode>
          <actionDesc>Introduced in House</actionDesc>
          <updateDate>2017-01-12T05:00:00Z</updateDate>
          <actionDate>2017-01-12</actionDate>
        </item>
      </billSummaries>
    </summaries>
    <congress>115</congress>
    <policyArea>
      <name>Government Operations and Politics</name>
    </policyArea>
    <billNumber>27</billNumber>
    <calendarNumbers />
    <cboCostEstimates />
    <introducedDate>2017-01-12</introducedDate>
    <relatedBills>
      <item>
        <type>SJRES</type>
        <latestAction>
          <text>Read twice and referred to the Committee on Homeland Security and Governmental Affairs.</text>
          <actionDate>2017-01-12</actionDate>
        </latestAction>
        <latestTitle>A joint resolution disapproving the action of the District of Columbia Council in approving the Death with Dignity Act of 2016.</latestTitle>
        <relationshipDetails>
          <item>
            <type>Identical bill</type>
            <identifiedBy>CRS</identifiedBy>
          </item>
        </relationshipDetails>
        <congress>115</congress>
        <number>4</number>
      </item>
    </relatedBills>
    <committees>
      <billCommittees>
        <item>
          <systemCode>hsgo00</systemCode>
          <name>Oversight and Government Reform Committee</name>
          <type>Standing</type>
          <activities>
            <item>
              <name>Markup by</name>
              <date>2017-02-13T14:37:01Z</date>
            </item>
            <item>
              <name>Referred to</name>
              <date>2017-01-12T15:01:45Z</date>
            </item>
          </activities>
          <chamber>House</chamber>
          <subcommittees />
        </item>
      </billCommittees>
    </committees>
    <titles>
      <item>
        <chamberCode />
        <title>Disapproving the action of the District of Columbia Council in approving the Death with Dignity Act of 2016.</title>
        <titleType>Official Title as Introduced</titleType>
        <parentTitleType />
        <chamberName />
      </item>
      <item>
        <chamberCode />
        <title>Disapproving the action of the District of Columbia Council in approving the Death with Dignity Act of 2016.</title>
        <titleType>Display Title</titleType>
        <parentTitleType />
        <chamberName />
      </item>
    </titles>
    <sponsors>
      <item>
        <fullName>Rep. Wenstrup, Brad R. [R-OH-2]</fullName>
        <middleName>R.</middleName>
        <district>2</district>
        <byRequestType />
        <firstName>Brad</firstName>
        <bioguideId>W000815</bioguideId>
        <state>OH</state>
        <party>R</party>
        <lastName>Wenstrup</lastName>
        <identifiers>
          <lisID>2152</lisID>
          <bioguideId>W000815</bioguideId>
          <gpoId />
        </identifiers>
      </item>
    </sponsors>
    <updateDate>2018-02-06T16:40:07Z</updateDate>
    <amendments />
  </bill>
  <dublinCore xmlns:dc="http://purl.org/dc/elements/1.1/">
    <dc:format>text/xml</dc:format>
    <dc:language>EN</dc:language>
    <dc:rights>Pursuant to Title 17 Section 105 of the United States Code, this file is not subject to copyright protection and is in the public domain.</dc:rights>
    <dc:contributor>Congressional Research Service, Library of Congress</dc:contributor>
    <dc:description>This file contains bill summaries and statuses for federal legislation. A bill summary describes the most significant provisions of a piece of legislation and details the effects the legislative text may have on current law and federal programs. Bill summaries are authored by the Congressional Research Service (CRS) of the Library of Congress. As stated in Public Law 91-510 (2 USC 166 (d)(6)), one of the duties of CRS is "to prepare summaries and digests of bills and resolutions of a public general nature introduced in the Senate or House of Representatives". For more information, refer to the User Guide that accompanies this file.</dc:description>
  </dublinCore>
</billStatus>

