<?xml version="1.0" encoding="UTF-8"?>
<billStatus>
  <bill>
    <updateDate>2018-02-28T17:30:10Z</updateDate>
    <cboCostEstimates />
    <latestAction>
      <text>Referred to the Subcommittee on the Constitution and Civil Justice.</text>
      <links />
      <actionDate>2017-01-11</actionDate>
    </latestAction>
    <billNumber>13</billNumber>
    <committeeReports />
    <title>Proposing an amendment to the Constitution of the United States to limit the number of terms a Representative or Senator may serve.</title>
    <summaries>
      <billSummaries>
        <item>
          <versionCode>00</versionCode>
          <actionDate>2017-01-03</actionDate>
          <actionDesc>Introduced in House</actionDesc>
          <text><![CDATA[<p><b>Constitutional Amendment</b></p> <p>This joint resolution proposes a constitutional amendment limiting Members of the Senate to two terms and Members of the House of Representatives to four terms.</p>]]></text>
          <lastSummaryUpdateDate>2017-01-23T22:41:57Z</lastSummaryUpdateDate>
          <name>Introduced in House</name>
          <updateDate>2017-01-03T05:00:00Z</updateDate>
        </item>
      </billSummaries>
    </summaries>
    <billType>HJRES</billType>
    <relatedBills>
      <item>
        <type>HJRES</type>
        <latestTitle>Proposing an amendment to the Constitution of the United States to limit the number of consecutive terms that a Member of Congress may serve.</latestTitle>
        <congress>115</congress>
        <latestAction>
          <text>Referred to the Subcommittee on the Constitution and Civil Justice.</text>
          <actionDate>2017-01-11</actionDate>
        </latestAction>
        <number>17</number>
        <relationshipDetails>
          <item>
            <type>Related bill</type>
            <identifiedBy>CRS</identifiedBy>
          </item>
        </relationshipDetails>
      </item>
      <item>
        <type>HJRES</type>
        <latestTitle>Proposing an amendment to the Constitution of the United States to limit the number of terms a Representative or Senator may serve.</latestTitle>
        <congress>115</congress>
        <latestAction>
          <text>Referred to the Subcommittee on the Constitution and Civil Justice.</text>
          <actionDate>2017-02-08</actionDate>
        </latestAction>
        <number>50</number>
        <relationshipDetails>
          <item>
            <type>Related bill</type>
            <identifiedBy>CRS</identifiedBy>
          </item>
        </relationshipDetails>
      </item>
      <item>
        <type>HJRES</type>
        <latestTitle>Proposing an amendment to the Constitution of the United States to limit the number of consecutive terms that a Member of Congress may serve.</latestTitle>
        <congress>115</congress>
        <latestAction>
          <text>Referred to the Subcommittee on the Constitution and Civil Justice.</text>
          <actionDate>2017-01-12</actionDate>
        </latestAction>
        <number>20</number>
        <relationshipDetails>
          <item>
            <type>Related bill</type>
            <identifiedBy>CRS</identifiedBy>
          </item>
        </relationshipDetails>
      </item>
      <item>
        <type>HJRES</type>
        <latestTitle>Proposing an amendment to the Constitution of the United States to limit the number of terms that a Member of Congress may serve.</latestTitle>
        <congress>115</congress>
        <latestAction>
          <text>Referred to the Subcommittee on the Constitution and Civil Justice.</text>
          <actionDate>2017-01-11</actionDate>
        </latestAction>
        <number>6</number>
        <relationshipDetails>
          <item>
            <type>Related bill</type>
            <identifiedBy>CRS</identifiedBy>
          </item>
        </relationshipDetails>
      </item>
      <item>
        <type>HJRES</type>
        <latestTitle>Proposing an amendment to the Constitution of the United States to limit the number of terms an individual may serve as a Member of Congress.</latestTitle>
        <congress>115</congress>
        <latestAction>
          <text>Referred to the Subcommittee on the Constitution and Civil Justice.</text>
          <actionDate>2017-06-07</actionDate>
        </latestAction>
        <number>101</number>
        <relationshipDetails>
          <item>
            <type>Related bill</type>
            <identifiedBy>CRS</identifiedBy>
          </item>
        </relationshipDetails>
      </item>
      <item>
        <type>SJRES</type>
        <latestTitle>A joint resolution proposing an amendment to the Constitution of the United States relative to limiting the number of terms that a Member of Congress may serve.</latestTitle>
        <congress>115</congress>
        <latestAction>
          <text>Read twice and referred to the Committee on the Judiciary.</text>
          <actionDate>2017-12-21</actionDate>
        </latestAction>
        <number>51</number>
        <relationshipDetails>
          <item>
            <type>Related bill</type>
            <identifiedBy>CRS</identifiedBy>
          </item>
        </relationshipDetails>
      </item>
    </relatedBills>
    <calendarNumbers />
    <subjects>
      <billSubjects>
        <legislativeSubjects>
          <item>
            <name>Congressional elections</name>
          </item>
          <item>
            <name>Constitution and constitutional amendments</name>
          </item>
          <item>
            <name>House of Representatives</name>
          </item>
          <item>
            <name>Members of Congress</name>
          </item>
          <item>
            <name>Senate</name>
          </item>
        </legislativeSubjects>
        <policyArea>
          <name>Congress</name>
        </policyArea>
      </billSubjects>
    </subjects>
    <policyArea>
      <name>Congress</name>
    </policyArea>
    <committees>
      <billCommittees>
        <item>
          <activities>
            <item>
              <name>Referred to</name>
              <date>2017-01-03T17:24:30Z</date>
            </item>
          </activities>
          <subcommittees>
            <item>
              <name>Constitution and Civil Justice Subcommittee</name>
              <activities>
                <item>
                  <name>Referred to</name>
                  <date>2017-01-11T19:03:03Z</date>
                </item>
              </activities>
              <systemCode>hsju10</systemCode>
            </item>
          </subcommittees>
          <systemCode>hsju00</systemCode>
          <name>Judiciary Committee</name>
          <type>Standing</type>
          <chamber>House</chamber>
        </item>
      </billCommittees>
    </committees>
    <createDate>2017-01-04T07:01:08Z</createDate>
    <laws />
    <recordedVotes />
    <cosponsors>
      <item>
        <middleName />
        <firstName>Rod</firstName>
        <sponsorshipWithdrawnDate>2017-05-23</sponsorshipWithdrawnDate>
        <sponsorshipDate>2017-01-06</sponsorshipDate>
        <party>R</party>
        <isOriginalCosponsor>False</isOriginalCosponsor>
        <identifiers>
          <bioguideId>B001294</bioguideId>
          <lisID>2241</lisID>
          <gpoId />
        </identifiers>
        <bioguideId>B001294</bioguideId>
        <state>IA</state>
        <fullName>Rep. Blum, Rod [R-IA-1]</fullName>
        <lastName>Blum</lastName>
        <district>1</district>
      </item>
      <item>
        <middleName />
        <firstName>Trey</firstName>
        <sponsorshipWithdrawnDate />
        <sponsorshipDate>2017-06-07</sponsorshipDate>
        <party>R</party>
        <isOriginalCosponsor>False</isOriginalCosponsor>
        <identifiers>
          <bioguideId>H001074</bioguideId>
          <lisID>2327</lisID>
          <gpoId />
        </identifiers>
        <bioguideId>H001074</bioguideId>
        <state>IN</state>
        <fullName>Rep. Hollingsworth, Trey [R-IN-9]</fullName>
        <lastName>Hollingsworth</lastName>
        <district>9</district>
      </item>
    </cosponsors>
    <originChamber>House</originChamber>
    <sponsors>
      <item>
        <bioguideId>O000170</bioguideId>
        <firstName>Beto</firstName>
        <lastName>O'Rourke</lastName>
        <fullName>Rep. O'Rourke, Beto [D-TX-16]</fullName>
        <state>TX</state>
        <district>16</district>
        <middleName />
        <byRequestType />
        <identifiers>
          <lisID>2162</lisID>
          <gpoId />
          <bioguideId>O000170</bioguideId>
        </identifiers>
        <party>D</party>
      </item>
    </sponsors>
    <introducedDate>2017-01-03</introducedDate>
    <amendments />
    <notes />
    <version>1.0.0</version>
    <congress>115</congress>
    <titles>
      <item>
        <parentTitleType />
        <title>Proposing an amendment to the Constitution of the United States to limit the number of terms a Representative or Senator may serve.</title>
        <titleType>Official Title as Introduced</titleType>
        <chamberName />
        <chamberCode />
      </item>
      <item>
        <parentTitleType />
        <title>Proposing an amendment to the Constitution of the United States to limit the number of terms a Representative or Senator may serve.</title>
        <titleType>Display Title</titleType>
        <chamberName />
        <chamberCode />
      </item>
    </titles>
    <actions>
      <actionByCounts>
        <houseOfRepresentatives>4</houseOfRepresentatives>
      </actionByCounts>
      <actionTypeCounts>
        <billReferrals>1</billReferrals>
        <introducedInHouse>1</introducedInHouse>
        <placeholderTextForH>1</placeholderTextForH>
        <introducedInTheHouse>1</introducedInTheHouse>
      </actionTypeCounts>
      <item>
        <actionDate>2017-01-11</actionDate>
        <committee>
          <systemCode>hsju10</systemCode>
          <name>Constitution and Civil Justice Subcommittee</name>
        </committee>
        <links />
        <sourceSystem>
          <name>House committee actions</name>
          <code>1</code>
        </sourceSystem>
        <text>Referred to the Subcommittee on the Constitution and Civil Justice.</text>
        <type>Committee</type>
      </item>
      <item>
        <type>IntroReferral</type>
        <links />
        <committee>
          <systemCode>hsju00</systemCode>
          <name>Judiciary Committee</name>
        </committee>
        <text>Referred to the House Committee on the Judiciary.</text>
        <actionCode>H11100</actionCode>
        <actionDate>2017-01-03</actionDate>
        <sourceSystem>
          <name>House floor actions</name>
          <code>2</code>
        </sourceSystem>
      </item>
      <item>
        <type>IntroReferral</type>
        <links />
        <committee />
        <text>Introduced in House</text>
        <actionCode>Intro-H</actionCode>
        <actionDate>2017-01-03</actionDate>
        <sourceSystem>
          <name>Library of Congress</name>
          <code>9</code>
        </sourceSystem>
      </item>
      <item>
        <type>IntroReferral</type>
        <links />
        <committee />
        <text>Introduced in House</text>
        <actionCode>1000</actionCode>
        <actionDate>2017-01-03</actionDate>
        <sourceSystem>
          <name>Library of Congress</name>
          <code>9</code>
        </sourceSystem>
      </item>
    </actions>
    <constitutionalAuthorityStatementText><![CDATA[<pre>From the Congressional Record Online through the Government Publishing Office [<a href='http://www.gpo.gov'>www.gpo.gov</a>]By Mr. O'ROURKE:H.J. Res. 13.Congress has the power to enact this legislation pursuantto the following:Article V of the Constitution: The Congress, whenever twothirds of both Houses shall deem it necessary, shall proposeamendments to this Constitution, or, on the application ofthe legislatures of two thirds of the several states, shallcall a convention for proposing amendments, which, in eithercase, shall be valid to all intents and purposes, as part ofthis Constitution, when ratified by the legislatures of threefourths of the several states or by conventions in threethereof, as the one or the other mode of ratification may beproposed by the Congress; provided that no amendment whichmay be made prior to the year one thousand eight hundred andeight shall in any manner affect the first and fourth clausesin the ninth section of the first article; and that no state,without its consent, shall be deprived of its equal suffragein the Senate.[Page H54]</pre>]]></constitutionalAuthorityStatementText>
  </bill>
  <dublinCore xmlns:dc="http://purl.org/dc/elements/1.1/">
    <dc:format>text/xml</dc:format>
    <dc:language>EN</dc:language>
    <dc:rights>Pursuant to Title 17 Section 105 of the United States Code, this file is not subject to copyright protection and is in the public domain.</dc:rights>
    <dc:contributor>Congressional Research Service, Library of Congress</dc:contributor>
    <dc:description>This file contains bill summaries and statuses for federal legislation. A bill summary describes the most significant provisions of a piece of legislation and details the effects the legislative text may have on current law and federal programs. Bill summaries are authored by the Congressional Research Service (CRS) of the Library of Congress. As stated in Public Law 91-510 (2 USC 166 (d)(6)), one of the duties of CRS is "to prepare summaries and digests of bills and resolutions of a public general nature introduced in the Senate or House of Representatives". For more information, refer to the User Guide that accompanies this file.</dc:description>
  </dublinCore>
</billStatus>

