<?xml version="1.0" encoding="UTF-8"?>
<billStatus>
  <bill>
    <calendarNumbers />
    <title>Proposing a balanced budget amendment to the Constitution of the United States.</title>
    <subjects>
      <billSubjects>
        <legislativeSubjects>
          <item>
            <name>Budget deficits and national debt</name>
          </item>
          <item>
            <name>Constitution and constitutional amendments</name>
          </item>
          <item>
            <name>Economic performance and conditions</name>
          </item>
          <item>
            <name>Income tax rates</name>
          </item>
          <item>
            <name>Legislative rules and procedure</name>
          </item>
        </legislativeSubjects>
        <policyArea>
          <name>Economics and Public Finance</name>
        </policyArea>
      </billSubjects>
    </subjects>
    <summaries>
      <billSummaries>
        <item>
          <actionDesc>Introduced in House</actionDesc>
          <actionDate>2017-01-03</actionDate>
          <text><![CDATA[<p><b>Constitutional Amendment </b> <br> <br> This joint resolution proposes a constitutional amendment prohibiting total outlays for a fiscal year from exceeding total receipts for that fiscal year unless Congress authorizes the excess by a three-fifths roll call vote of each chamber. The prohibition excludes outlays for repayment of debt principal and receipts derived from borrowing. <br> <br> The amendment prohibits total outlays for any fiscal year from exceeding one-fifth of the economic output of the United States, unless two-thirds of each house of Congress provides a specific increase in outlays above this amount. <br> <br> The amendment requires a three-fifths roll call vote of each chamber of Congress to increase the public debt limit or to increase revenue. It also requires the President to submit a balanced budget to Congress annually. <br> <br> Congress is authorized to waive these requirements when a declaration of war is in effect or if the United States is engaged in a military conflict which causes an imminent and serious military threat to national security.</p>]]></text>
          <versionCode>00</versionCode>
          <updateDate>2017-01-03T05:00:00Z</updateDate>
          <lastSummaryUpdateDate>2017-01-05T16:37:50Z</lastSummaryUpdateDate>
          <name>Introduced in House</name>
        </item>
      </billSummaries>
    </summaries>
    <actions>
      <actionByCounts>
        <houseOfRepresentatives>4</houseOfRepresentatives>
      </actionByCounts>
      <actionTypeCounts>
        <introducedInHouse>1</introducedInHouse>
        <placeholderTextForH>1</placeholderTextForH>
        <billReferrals>1</billReferrals>
        <introducedInTheHouse>1</introducedInTheHouse>
      </actionTypeCounts>
      <item>
        <actionDate>2017-01-11</actionDate>
        <committee>
          <name>Constitution and Civil Justice Subcommittee</name>
          <systemCode>hsju10</systemCode>
        </committee>
        <links />
        <sourceSystem>
          <name>House committee actions</name>
          <code>1</code>
        </sourceSystem>
        <text>Referred to the Subcommittee on the Constitution and Civil Justice.</text>
        <type>Committee</type>
      </item>
      <item>
        <links />
        <committee>
          <name>Judiciary Committee</name>
          <systemCode>hsju00</systemCode>
        </committee>
        <actionDate>2017-01-03</actionDate>
        <text>Referred to the House Committee on the Judiciary.</text>
        <sourceSystem>
          <name>House floor actions</name>
          <code>2</code>
        </sourceSystem>
        <type>IntroReferral</type>
        <actionCode>H11100</actionCode>
      </item>
      <item>
        <links />
        <committee />
        <actionDate>2017-01-03</actionDate>
        <text>Introduced in House</text>
        <sourceSystem>
          <name>Library of Congress</name>
          <code>9</code>
        </sourceSystem>
        <type>IntroReferral</type>
        <actionCode>Intro-H</actionCode>
      </item>
      <item>
        <links />
        <committee />
        <actionDate>2017-01-03</actionDate>
        <text>Introduced in House</text>
        <sourceSystem>
          <name>Library of Congress</name>
          <code>9</code>
        </sourceSystem>
        <type>IntroReferral</type>
        <actionCode>1000</actionCode>
      </item>
    </actions>
    <updateDate>2018-02-28T08:15:32Z</updateDate>
    <committeeReports />
    <version>1.0.0</version>
    <billNumber>1</billNumber>
    <constitutionalAuthorityStatementText><![CDATA[<pre>From the Congressional Record Online through the Government Publishing Office [<a href='http://www.gpo.gov'>www.gpo.gov</a>]By Mr. GOODLATTE:H.J. Res. 1.Congress has the power to enact this legislation pursuantto the following:The constitutional authority on which this joint resolutionis based is found in Article V of the Constitution, whichgrants Congress the authority, whenever two thirds of bothchambers deem it necessary, to propose amendments to theConstitution.[Page H53]</pre>]]></constitutionalAuthorityStatementText>
    <policyArea>
      <name>Economics and Public Finance</name>
    </policyArea>
    <laws />
    <congress>115</congress>
    <relatedBills>
      <item>
        <number>14</number>
        <latestAction>
          <text>Referred to the Subcommittee on the Constitution and Civil Justice.</text>
          <actionDate>2017-01-11</actionDate>
        </latestAction>
        <congress>115</congress>
        <relationshipDetails>
          <item>
            <type>Identical bill</type>
            <identifiedBy>CRS</identifiedBy>
          </item>
        </relationshipDetails>
        <latestTitle>Proposing a balanced budget amendment to the Constitution of the United States.</latestTitle>
        <type>HJRES</type>
      </item>
      <item>
        <number>8</number>
        <latestAction>
          <text>Referred to the Subcommittee on the Constitution and Civil Justice.</text>
          <actionDate>2017-01-11</actionDate>
        </latestAction>
        <congress>115</congress>
        <relationshipDetails>
          <item>
            <type>Related bill</type>
            <identifiedBy>CRS</identifiedBy>
          </item>
        </relationshipDetails>
        <latestTitle>Proposing an amendment to the Constitution of the United States to provide for balanced budgets for the Government.</latestTitle>
        <type>HJRES</type>
      </item>
      <item>
        <number>109</number>
        <latestAction>
          <text>Referred to the Subcommittee on the Constitution and Civil Justice.</text>
          <actionDate>2017-07-19</actionDate>
        </latestAction>
        <congress>115</congress>
        <relationshipDetails>
          <item>
            <type>Related bill</type>
            <identifiedBy>CRS</identifiedBy>
          </item>
        </relationshipDetails>
        <latestTitle>Proposing an amendment to the Constitution of the United States to provide for balanced budgets for the Government.</latestTitle>
        <type>HJRES</type>
      </item>
      <item>
        <number>2</number>
        <latestAction>
          <text>Referred to the Subcommittee on the Constitution and Civil Justice.</text>
          <actionDate>2017-01-11</actionDate>
        </latestAction>
        <congress>115</congress>
        <relationshipDetails>
          <item>
            <type>Related bill</type>
            <identifiedBy>CRS</identifiedBy>
          </item>
        </relationshipDetails>
        <latestTitle>Proposing a balanced budget amendment to the Constitution of the United States.</latestTitle>
        <type>HJRES</type>
      </item>
      <item>
        <number>18</number>
        <latestAction>
          <text>Referred to the Subcommittee on the Constitution and Civil Justice.</text>
          <actionDate>2017-01-11</actionDate>
        </latestAction>
        <congress>115</congress>
        <relationshipDetails>
          <item>
            <type>Related bill</type>
            <identifiedBy>CRS</identifiedBy>
          </item>
        </relationshipDetails>
        <latestTitle>Proposing a balanced budget amendment to the Constitution requiring that each agency and department's funding is justified.</latestTitle>
        <type>HJRES</type>
      </item>
      <item>
        <number>98</number>
        <latestAction>
          <text>Referred to the Subcommittee on the Constitution and Civil Justice.</text>
          <actionDate>2017-04-21</actionDate>
        </latestAction>
        <congress>115</congress>
        <relationshipDetails>
          <item>
            <type>Related bill</type>
            <identifiedBy>CRS</identifiedBy>
          </item>
        </relationshipDetails>
        <latestTitle>Proposing a balanced budget amendment to the Constitution of the United States.</latestTitle>
        <type>HJRES</type>
      </item>
    </relatedBills>
    <recordedVotes />
    <sponsors>
      <item>
        <fullName>Rep. Goodlatte, Bob [R-VA-6]</fullName>
        <lastName>GOODLATTE</lastName>
        <byRequestType />
        <bioguideId>G000289</bioguideId>
        <party>R</party>
        <middleName>W.</middleName>
        <state>VA</state>
        <firstName>ROBERT</firstName>
        <identifiers>
          <lisID>446</lisID>
          <gpoId>8197</gpoId>
          <bioguideId>G000289</bioguideId>
        </identifiers>
        <district>6</district>
      </item>
    </sponsors>
    <titles>
      <item>
        <titleType>Official Title as Introduced</titleType>
        <chamberName />
        <parentTitleType />
        <title>Proposing a balanced budget amendment to the Constitution of the United States.</title>
        <chamberCode />
      </item>
      <item>
        <titleType>Display Title</titleType>
        <chamberName />
        <parentTitleType />
        <title>Proposing a balanced budget amendment to the Constitution of the United States.</title>
        <chamberCode />
      </item>
    </titles>
    <originChamber>House</originChamber>
    <latestAction>
      <text>Referred to the Subcommittee on the Constitution and Civil Justice.</text>
      <actionDate>2017-01-11</actionDate>
      <links />
    </latestAction>
    <createDate>2017-01-04T07:01:08Z</createDate>
    <cosponsors>
      <item>
        <sponsorshipDate>2017-01-03</sponsorshipDate>
        <sponsorshipWithdrawnDate />
        <identifiers>
          <bioguideId>N000189</bioguideId>
          <gpoId />
          <lisID>2275</lisID>
        </identifiers>
        <isOriginalCosponsor>True</isOriginalCosponsor>
        <fullName>Rep. Newhouse, Dan [R-WA-4]</fullName>
        <middleName />
        <bioguideId>N000189</bioguideId>
        <firstName>Dan</firstName>
        <party>R</party>
        <lastName>Newhouse</lastName>
        <district>4</district>
        <state>WA</state>
      </item>
      <item>
        <sponsorshipDate>2017-01-03</sponsorshipDate>
        <sponsorshipWithdrawnDate />
        <identifiers>
          <gpoId>8177</gpoId>
          <lisID>1075</lisID>
          <bioguideId>S000583</bioguideId>
        </identifiers>
        <isOriginalCosponsor>True</isOriginalCosponsor>
        <fullName>Rep. Smith, Lamar [R-TX-21]</fullName>
        <middleName />
        <bioguideId>S000583</bioguideId>
        <firstName>LAMAR</firstName>
        <party>R</party>
        <lastName>SMITH</lastName>
        <district>21</district>
        <state>TX</state>
      </item>
      <item>
        <sponsorshipDate>2017-01-03</sponsorshipDate>
        <sponsorshipWithdrawnDate />
        <identifiers>
          <gpoId>8163</gpoId>
          <lisID>1670</lisID>
          <bioguideId>C001048</bioguideId>
        </identifiers>
        <isOriginalCosponsor>True</isOriginalCosponsor>
        <fullName>Rep. Culberson, John Abney [R-TX-7]</fullName>
        <middleName>ABNEY</middleName>
        <bioguideId>C001048</bioguideId>
        <firstName>JOHN</firstName>
        <party>R</party>
        <lastName>CULBERSON</lastName>
        <district>7</district>
        <state>TX</state>
      </item>
      <item>
        <sponsorshipDate>2017-01-03</sponsorshipDate>
        <sponsorshipWithdrawnDate />
        <identifiers>
          <bioguideId>F000460</bioguideId>
          <lisID>2067</lisID>
          <gpoId>8183</gpoId>
        </identifiers>
        <isOriginalCosponsor>True</isOriginalCosponsor>
        <fullName>Rep. Farenthold, Blake [R-TX-27]</fullName>
        <middleName />
        <bioguideId>F000460</bioguideId>
        <firstName>Blake</firstName>
        <party>R</party>
        <lastName>Farenthold</lastName>
        <district>27</district>
        <state>TX</state>
      </item>
      <item>
        <sponsorshipDate>2017-01-10</sponsorshipDate>
        <sponsorshipWithdrawnDate />
        <identifiers>
          <bioguideId>B001293</bioguideId>
          <lisID>2249</lisID>
          <gpoId />
        </identifiers>
        <isOriginalCosponsor>False</isOriginalCosponsor>
        <fullName>Rep. Bishop, Mike [R-MI-8]</fullName>
        <middleName />
        <bioguideId>B001293</bioguideId>
        <firstName>Mike</firstName>
        <party>R</party>
        <lastName>Bishop</lastName>
        <district>8</district>
        <state>MI</state>
      </item>
      <item>
        <sponsorshipDate>2017-01-10</sponsorshipDate>
        <sponsorshipWithdrawnDate />
        <identifiers>
          <gpoId>8178</gpoId>
          <bioguideId>O000168</bioguideId>
          <lisID>1955</lisID>
        </identifiers>
        <isOriginalCosponsor>False</isOriginalCosponsor>
        <fullName>Rep. Olson, Pete [R-TX-22]</fullName>
        <middleName />
        <bioguideId>O000168</bioguideId>
        <firstName>Pete</firstName>
        <party>R</party>
        <lastName>Olson</lastName>
        <district>22</district>
        <state>TX</state>
      </item>
      <item>
        <sponsorshipDate>2017-01-10</sponsorshipDate>
        <sponsorshipWithdrawnDate />
        <identifiers>
          <bioguideId>S000051</bioguideId>
          <lisID>1012</lisID>
          <gpoId />
        </identifiers>
        <isOriginalCosponsor>False</isOriginalCosponsor>
        <fullName>Rep. Sanford, Mark [R-SC-1]</fullName>
        <middleName />
        <bioguideId>S000051</bioguideId>
        <firstName>Mark</firstName>
        <party>R</party>
        <lastName>Sanford</lastName>
        <district>1</district>
        <state>SC</state>
      </item>
      <item>
        <sponsorshipDate>2017-01-10</sponsorshipDate>
        <sponsorshipWithdrawnDate />
        <identifiers>
          <lisID>2256</lisID>
          <bioguideId>R000603</bioguideId>
          <gpoId />
        </identifiers>
        <isOriginalCosponsor>False</isOriginalCosponsor>
        <fullName>Rep. Rouzer, David [R-NC-7]</fullName>
        <middleName />
        <bioguideId>R000603</bioguideId>
        <firstName>David</firstName>
        <party>R</party>
        <lastName>Rouzer</lastName>
        <district>7</district>
        <state>NC</state>
      </item>
      <item>
        <sponsorshipDate>2017-01-10</sponsorshipDate>
        <sponsorshipWithdrawnDate />
        <identifiers>
          <bioguideId>R000607</bioguideId>
          <lisID>2323</lisID>
          <gpoId />
        </identifiers>
        <isOriginalCosponsor>False</isOriginalCosponsor>
        <fullName>Rep. Rooney, Francis [R-FL-19]</fullName>
        <middleName />
        <bioguideId>R000607</bioguideId>
        <firstName>Francis</firstName>
        <party>R</party>
        <lastName>Rooney</lastName>
        <district>19</district>
        <state>FL</state>
      </item>
      <item>
        <sponsorshipDate>2017-01-10</sponsorshipDate>
        <sponsorshipWithdrawnDate />
        <identifiers>
          <bioguideId>G000566</bioguideId>
          <lisID>2058</lisID>
          <gpoId>8144</gpoId>
        </identifiers>
        <isOriginalCosponsor>False</isOriginalCosponsor>
        <fullName>Rep. Gowdy, Trey [R-SC-4]</fullName>
        <middleName />
        <bioguideId>G000566</bioguideId>
        <firstName>Trey</firstName>
        <party>R</party>
        <lastName>Gowdy</lastName>
        <district>4</district>
        <state>SC</state>
      </item>
      <item>
        <sponsorshipDate>2017-01-10</sponsorshipDate>
        <sponsorshipWithdrawnDate />
        <identifiers>
          <bioguideId>B001298</bioguideId>
          <lisID>2337</lisID>
          <gpoId />
        </identifiers>
        <isOriginalCosponsor>False</isOriginalCosponsor>
        <fullName>Rep. Bacon, Don [R-NE-2]</fullName>
        <middleName />
        <bioguideId>B001298</bioguideId>
        <firstName>Don</firstName>
        <party>R</party>
        <lastName>Bacon</lastName>
        <district>2</district>
        <state>NE</state>
      </item>
      <item>
        <sponsorshipDate>2017-01-31</sponsorshipDate>
        <sponsorshipWithdrawnDate />
        <identifiers>
          <gpoId />
          <lisID>2239</lisID>
          <bioguideId>A000372</bioguideId>
        </identifiers>
        <isOriginalCosponsor>False</isOriginalCosponsor>
        <fullName>Rep. Allen, Rick W. [R-GA-12]</fullName>
        <middleName>W.</middleName>
        <bioguideId>A000372</bioguideId>
        <firstName>Rick</firstName>
        <party>R</party>
        <lastName>Allen</lastName>
        <district>12</district>
        <state>GA</state>
      </item>
      <item>
        <sponsorshipDate>2017-01-31</sponsorshipDate>
        <sponsorshipWithdrawnDate />
        <identifiers>
          <bioguideId>E000294</bioguideId>
          <lisID>2253</lisID>
          <gpoId />
        </identifiers>
        <isOriginalCosponsor>False</isOriginalCosponsor>
        <fullName>Rep. Emmer, Tom [R-MN-6]</fullName>
        <middleName />
        <bioguideId>E000294</bioguideId>
        <firstName>Tom</firstName>
        <party>R</party>
        <lastName>Emmer</lastName>
        <district>6</district>
        <state>MN</state>
      </item>
      <item>
        <sponsorshipDate>2017-01-31</sponsorshipDate>
        <sponsorshipWithdrawnDate />
        <identifiers>
          <bioguideId>C001077</bioguideId>
          <lisID>1912</lisID>
          <gpoId>7864</gpoId>
        </identifiers>
        <isOriginalCosponsor>False</isOriginalCosponsor>
        <fullName>Rep. Coffman, Mike [R-CO-6]</fullName>
        <middleName />
        <bioguideId>C001077</bioguideId>
        <firstName>Mike</firstName>
        <party>R</party>
        <lastName>Coffman</lastName>
        <district>6</district>
        <state>CO</state>
      </item>
      <item>
        <sponsorshipDate>2017-01-31</sponsorshipDate>
        <sponsorshipWithdrawnDate />
        <identifiers>
          <gpoId>8723</gpoId>
          <bioguideId>M001151</bioguideId>
          <lisID>1744</lisID>
        </identifiers>
        <isOriginalCosponsor>False</isOriginalCosponsor>
        <fullName>Rep. Murphy, Tim [R-PA-18]</fullName>
        <middleName />
        <bioguideId>M001151</bioguideId>
        <firstName>Tim</firstName>
        <party>R</party>
        <lastName>Murphy</lastName>
        <district>18</district>
        <state>PA</state>
      </item>
      <item>
        <sponsorshipDate>2017-01-31</sponsorshipDate>
        <sponsorshipWithdrawnDate />
        <identifiers>
          <lisID>2160</lisID>
          <bioguideId>R000597</bioguideId>
          <gpoId />
        </identifiers>
        <isOriginalCosponsor>False</isOriginalCosponsor>
        <fullName>Rep. Rice, Tom [R-SC-7]</fullName>
        <middleName />
        <bioguideId>R000597</bioguideId>
        <firstName>Tom</firstName>
        <party>R</party>
        <lastName>Rice</lastName>
        <district>7</district>
        <state>SC</state>
      </item>
      <item>
        <sponsorshipDate>2017-01-31</sponsorshipDate>
        <sponsorshipWithdrawnDate />
        <identifiers>
          <gpoId>8218</gpoId>
          <lisID>1041</lisID>
          <bioguideId>S000244</bioguideId>
        </identifiers>
        <isOriginalCosponsor>False</isOriginalCosponsor>
        <fullName>Rep. Sensenbrenner, F. James, Jr. [R-WI-5]</fullName>
        <middleName>JAMES</middleName>
        <bioguideId>S000244</bioguideId>
        <firstName>F.</firstName>
        <party>R</party>
        <lastName>SENSENBRENNER</lastName>
        <district>5</district>
        <state>WI</state>
      </item>
      <item>
        <sponsorshipDate>2017-01-31</sponsorshipDate>
        <sponsorshipWithdrawnDate />
        <identifiers>
          <bioguideId>U000031</bioguideId>
          <lisID>1177</lisID>
          <gpoId>7991</gpoId>
        </identifiers>
        <isOriginalCosponsor>False</isOriginalCosponsor>
        <fullName>Rep. Upton, Fred [R-MI-6]</fullName>
        <middleName />
        <bioguideId>U000031</bioguideId>
        <firstName>FRED</firstName>
        <party>R</party>
        <lastName>UPTON</lastName>
        <district>6</district>
        <state>MI</state>
      </item>
      <item>
        <sponsorshipDate>2017-03-08</sponsorshipDate>
        <sponsorshipWithdrawnDate />
        <identifiers>
          <bioguideId>C001062</bioguideId>
          <lisID>1805</lisID>
          <gpoId>8167</gpoId>
        </identifiers>
        <isOriginalCosponsor>False</isOriginalCosponsor>
        <fullName>Rep. Conaway, K. Michael [R-TX-11]</fullName>
        <middleName>Michael</middleName>
        <bioguideId>C001062</bioguideId>
        <firstName>K.</firstName>
        <party>R</party>
        <lastName>Conaway</lastName>
        <district>11</district>
        <state>TX</state>
      </item>
      <item>
        <sponsorshipDate>2017-03-08</sponsorshipDate>
        <sponsorshipWithdrawnDate />
        <identifiers>
          <gpoId>8200</gpoId>
          <lisID>2070</lisID>
          <bioguideId>G000568</bioguideId>
        </identifiers>
        <isOriginalCosponsor>False</isOriginalCosponsor>
        <fullName>Rep. Griffith, H. Morgan [R-VA-9]</fullName>
        <middleName>Morgan</middleName>
        <bioguideId>G000568</bioguideId>
        <firstName>H.</firstName>
        <party>R</party>
        <lastName>Griffith</lastName>
        <district>9</district>
        <state>VA</state>
      </item>
      <item>
        <sponsorshipDate>2017-03-08</sponsorshipDate>
        <sponsorshipWithdrawnDate />
        <identifiers>
          <gpoId>8148</gpoId>
          <bioguideId>R000582</bioguideId>
          <lisID>1954</lisID>
        </identifiers>
        <isOriginalCosponsor>False</isOriginalCosponsor>
        <fullName>Rep. Roe, David P. [R-TN-1]</fullName>
        <middleName>P.</middleName>
        <bioguideId>R000582</bioguideId>
        <firstName>David</firstName>
        <party>R</party>
        <lastName>Roe</lastName>
        <district>1</district>
        <state>TN</state>
      </item>
      <item>
        <sponsorshipDate>2017-03-23</sponsorshipDate>
        <sponsorshipWithdrawnDate />
        <identifiers>
          <gpoId />
          <lisID>2223</lisID>
          <bioguideId>H001072</bioguideId>
        </identifiers>
        <isOriginalCosponsor>False</isOriginalCosponsor>
        <fullName>Rep. Hill, J. French [R-AR-2]</fullName>
        <middleName>French</middleName>
        <bioguideId>H001072</bioguideId>
        <firstName>J.</firstName>
        <party>R</party>
        <lastName>Hill</lastName>
        <district>2</district>
        <state>AR</state>
      </item>
      <item>
        <sponsorshipDate>2017-04-05</sponsorshipDate>
        <sponsorshipWithdrawnDate />
        <identifiers>
          <lisID>2355</lisID>
          <gpoId />
          <bioguideId>G000579</bioguideId>
        </identifiers>
        <isOriginalCosponsor>False</isOriginalCosponsor>
        <fullName>Rep. Gallagher, Mike [R-WI-8]</fullName>
        <middleName />
        <bioguideId>G000579</bioguideId>
        <firstName>Mike</firstName>
        <party>R</party>
        <lastName>Gallagher</lastName>
        <district>8</district>
        <state>WI</state>
      </item>
      <item>
        <sponsorshipDate>2017-05-04</sponsorshipDate>
        <sponsorshipWithdrawnDate />
        <identifiers>
          <lisID>2270</lisID>
          <gpoId />
          <bioguideId>B001291</bioguideId>
        </identifiers>
        <isOriginalCosponsor>False</isOriginalCosponsor>
        <fullName>Rep. Babin, Brian [R-TX-36]</fullName>
        <middleName />
        <bioguideId>B001291</bioguideId>
        <firstName>Brian</firstName>
        <party>R</party>
        <lastName>Babin</lastName>
        <district>36</district>
        <state>TX</state>
      </item>
      <item>
        <sponsorshipDate>2017-07-20</sponsorshipDate>
        <sponsorshipWithdrawnDate />
        <identifiers>
          <bioguideId>N000190</bioguideId>
          <lisID>2361</lisID>
          <gpoId />
        </identifiers>
        <isOriginalCosponsor>False</isOriginalCosponsor>
        <fullName>Rep. Norman, Ralph [R-SC-5]</fullName>
        <middleName />
        <bioguideId>N000190</bioguideId>
        <firstName>Ralph</firstName>
        <party>R</party>
        <lastName>Norman</lastName>
        <district>5</district>
        <state>SC</state>
      </item>
      <item>
        <sponsorshipDate>2017-07-26</sponsorshipDate>
        <sponsorshipWithdrawnDate />
        <identifiers>
          <bioguideId>F000461</bioguideId>
          <lisID>2065</lisID>
          <gpoId>8173</gpoId>
        </identifiers>
        <isOriginalCosponsor>False</isOriginalCosponsor>
        <fullName>Rep. Flores, Bill [R-TX-17]</fullName>
        <middleName />
        <bioguideId>F000461</bioguideId>
        <firstName>Bill</firstName>
        <party>R</party>
        <lastName>Flores</lastName>
        <district>17</district>
        <state>TX</state>
      </item>
      <item>
        <sponsorshipDate>2017-07-26</sponsorshipDate>
        <sponsorshipWithdrawnDate />
        <identifiers>
          <bioguideId>K000362</bioguideId>
          <gpoId>7918</gpoId>
          <lisID>1724</lisID>
        </identifiers>
        <isOriginalCosponsor>False</isOriginalCosponsor>
        <fullName>Rep. King, Steve [R-IA-4]</fullName>
        <middleName />
        <bioguideId>K000362</bioguideId>
        <firstName>Steve</firstName>
        <party>R</party>
        <lastName>King</lastName>
        <district>4</district>
        <state>IA</state>
      </item>
      <item>
        <sponsorshipDate>2017-07-26</sponsorshipDate>
        <sponsorshipWithdrawnDate />
        <identifiers>
          <gpoId>8091</gpoId>
          <bioguideId>C000266</bioguideId>
          <lisID>186</lisID>
        </identifiers>
        <isOriginalCosponsor>False</isOriginalCosponsor>
        <fullName>Rep. Chabot, Steve [R-OH-1]</fullName>
        <middleName />
        <bioguideId>C000266</bioguideId>
        <firstName>STEVE</firstName>
        <party>R</party>
        <lastName>CHABOT</lastName>
        <district>1</district>
        <state>OH</state>
      </item>
      <item>
        <sponsorshipDate>2017-09-27</sponsorshipDate>
        <sponsorshipWithdrawnDate />
        <identifiers>
          <bioguideId>R000592</bioguideId>
          <lisID>2017</lisID>
          <gpoId>7943</gpoId>
        </identifiers>
        <isOriginalCosponsor>False</isOriginalCosponsor>
        <fullName>Rep. Rokita, Todd [R-IN-4]</fullName>
        <middleName />
        <bioguideId>R000592</bioguideId>
        <firstName>Todd</firstName>
        <party>R</party>
        <lastName>Rokita</lastName>
        <district>4</district>
        <state>IN</state>
      </item>
      <item>
        <sponsorshipDate>2017-09-27</sponsorshipDate>
        <sponsorshipWithdrawnDate />
        <identifiers>
          <gpoId>7954</gpoId>
          <lisID>1922</lisID>
          <bioguideId>G000558</bioguideId>
        </identifiers>
        <isOriginalCosponsor>False</isOriginalCosponsor>
        <fullName>Rep. Guthrie, Brett [R-KY-2]</fullName>
        <middleName />
        <bioguideId>G000558</bioguideId>
        <firstName>Brett</firstName>
        <party>R</party>
        <lastName>Guthrie</lastName>
        <district>2</district>
        <state>KY</state>
      </item>
      <item>
        <sponsorshipDate>2018-01-08</sponsorshipDate>
        <sponsorshipWithdrawnDate />
        <identifiers>
          <gpoId />
          <bioguideId>P000611</bioguideId>
          <lisID>2247</lisID>
        </identifiers>
        <isOriginalCosponsor>False</isOriginalCosponsor>
        <fullName>Rep. Poliquin, Bruce [R-ME-2]</fullName>
        <middleName />
        <bioguideId>P000611</bioguideId>
        <firstName>Bruce</firstName>
        <party>R</party>
        <lastName>Poliquin</lastName>
        <district>2</district>
        <state>ME</state>
      </item>
      <item>
        <sponsorshipDate>2018-02-06</sponsorshipDate>
        <sponsorshipWithdrawnDate />
        <identifiers>
          <gpoId />
          <lisID>2336</lisID>
          <bioguideId>B001305</bioguideId>
        </identifiers>
        <isOriginalCosponsor>False</isOriginalCosponsor>
        <fullName>Rep. Budd, Ted [R-NC-13]</fullName>
        <middleName />
        <bioguideId>B001305</bioguideId>
        <firstName>Ted</firstName>
        <party>R</party>
        <lastName>Budd</lastName>
        <district>13</district>
        <state>NC</state>
      </item>
      <item>
        <sponsorshipDate>2018-02-27</sponsorshipDate>
        <sponsorshipWithdrawnDate />
        <identifiers>
          <bioguideId>L000566</bioguideId>
          <lisID>1885</lisID>
          <gpoId>8095</gpoId>
        </identifiers>
        <isOriginalCosponsor>False</isOriginalCosponsor>
        <fullName>Rep. Latta, Robert E. [R-OH-5]</fullName>
        <middleName>E.</middleName>
        <bioguideId>L000566</bioguideId>
        <firstName>Robert</firstName>
        <party>R</party>
        <lastName>Latta</lastName>
        <district>5</district>
        <state>OH</state>
      </item>
    </cosponsors>
    <notes />
    <committees>
      <billCommittees>
        <item>
          <activities>
            <item>
              <name>Referred to</name>
              <date>2017-01-03T17:11:45Z</date>
            </item>
          </activities>
          <subcommittees>
            <item>
              <name>Constitution and Civil Justice Subcommittee</name>
              <activities>
                <item>
                  <name>Referred to</name>
                  <date>2017-01-11T19:05:16Z</date>
                </item>
              </activities>
              <systemCode>hsju10</systemCode>
            </item>
          </subcommittees>
          <systemCode>hsju00</systemCode>
          <name>Judiciary Committee</name>
          <type>Standing</type>
          <chamber>House</chamber>
        </item>
      </billCommittees>
    </committees>
    <introducedDate>2017-01-03</introducedDate>
    <billType>HJRES</billType>
    <amendments />
    <cboCostEstimates />
  </bill>
  <dublinCore xmlns:dc="http://purl.org/dc/elements/1.1/">
    <dc:format>text/xml</dc:format>
    <dc:language>EN</dc:language>
    <dc:rights>Pursuant to Title 17 Section 105 of the United States Code, this file is not subject to copyright protection and is in the public domain.</dc:rights>
    <dc:contributor>Congressional Research Service, Library of Congress</dc:contributor>
    <dc:description>This file contains bill summaries and statuses for federal legislation. A bill summary describes the most significant provisions of a piece of legislation and details the effects the legislative text may have on current law and federal programs. Bill summaries are authored by the Congressional Research Service (CRS) of the Library of Congress. As stated in Public Law 91-510 (2 USC 166 (d)(6)), one of the duties of CRS is "to prepare summaries and digests of bills and resolutions of a public general nature introduced in the Senate or House of Representatives". For more information, refer to the User Guide that accompanies this file.</dc:description>
  </dublinCore>
</billStatus>

