<?xml version="1.0" encoding="UTF-8"?>
<billStatus>
  <bill>
    <laws />
    <calendarNumbers />
    <committees>
      <billCommittees>
        <item>
          <activities>
            <item>
              <date>2017-12-13T15:01:25Z</date>
              <name>Referred to</name>
            </item>
          </activities>
          <type>Standing</type>
          <name>Ways and Means Committee</name>
          <chamber>House</chamber>
          <subcommittees />
          <systemCode>hswm00</systemCode>
        </item>
        <item>
          <activities>
            <item>
              <date>2017-12-13T15:01:20Z</date>
              <name>Referred to</name>
            </item>
          </activities>
          <type>Standing</type>
          <name>Budget Committee</name>
          <chamber>House</chamber>
          <subcommittees />
          <systemCode>hsbu00</systemCode>
        </item>
        <item>
          <activities>
            <item>
              <date>2017-12-13T15:01:15Z</date>
              <name>Referred to</name>
            </item>
          </activities>
          <type>Standing</type>
          <name>Appropriations Committee</name>
          <chamber>House</chamber>
          <subcommittees />
          <systemCode>hsap00</systemCode>
        </item>
      </billCommittees>
    </committees>
    <cosponsors />
    <version>1.0.0</version>
    <actions>
      <actionByCounts>
        <houseOfRepresentatives>5</houseOfRepresentatives>
      </actionByCounts>
      <actionTypeCounts>
        <billReferrals>3</billReferrals>
        <introducedInTheHouse>1</introducedInTheHouse>
        <introducedInHouse>1</introducedInHouse>
      </actionTypeCounts>
      <item>
        <type>IntroReferral</type>
        <text>Referred to the Committee on Appropriations, and in addition to the Committees on the Budget, and Ways and Means, for a period to be subsequently determined by the Speaker, in each case for consideration of such provisions as fall within the jurisdiction of the committee concerned.</text>
        <links />
        <actionDate>2017-12-13</actionDate>
        <actionCode>H11100</actionCode>
        <committee>
          <systemCode>hswm00</systemCode>
          <name>Ways and Means Committee</name>
        </committee>
        <sourceSystem>
          <name>House floor actions</name>
          <code>2</code>
        </sourceSystem>
      </item>
      <item>
        <type>IntroReferral</type>
        <text>Referred to the Committee on Appropriations, and in addition to the Committees on the Budget, and Ways and Means, for a period to be subsequently determined by the Speaker, in each case for consideration of such provisions as fall within the jurisdiction of the committee concerned.</text>
        <links />
        <actionDate>2017-12-13</actionDate>
        <actionCode>H11100</actionCode>
        <committee>
          <systemCode>hsbu00</systemCode>
          <name>Budget Committee</name>
        </committee>
        <sourceSystem>
          <name>House floor actions</name>
          <code>2</code>
        </sourceSystem>
      </item>
      <item>
        <type>IntroReferral</type>
        <text>Referred to the Committee on Appropriations, and in addition to the Committees on the Budget, and Ways and Means, for a period to be subsequently determined by the Speaker, in each case for consideration of such provisions as fall within the jurisdiction of the committee concerned.</text>
        <links />
        <actionDate>2017-12-13</actionDate>
        <actionCode>H11100</actionCode>
        <committee>
          <systemCode>hsap00</systemCode>
          <name>Appropriations Committee</name>
        </committee>
        <sourceSystem>
          <name>House floor actions</name>
          <code>2</code>
        </sourceSystem>
      </item>
      <item>
        <type>IntroReferral</type>
        <text>Introduced in House</text>
        <links />
        <actionDate>2017-12-13</actionDate>
        <actionCode>Intro-H</actionCode>
        <committee />
        <sourceSystem>
          <name>Library of Congress</name>
          <code>9</code>
        </sourceSystem>
      </item>
      <item>
        <type>IntroReferral</type>
        <text>Introduced in House</text>
        <links />
        <actionDate>2017-12-13</actionDate>
        <actionCode>1000</actionCode>
        <committee />
        <sourceSystem>
          <name>Library of Congress</name>
          <code>9</code>
        </sourceSystem>
      </item>
    </actions>
    <amendments />
    <createDate>2017-12-14T03:11:06Z</createDate>
    <billType>HJRES</billType>
    <summaries>
      <billSummaries>
        <item>
          <versionCode>00</versionCode>
          <text><![CDATA[<p>DIVISION A--FURTHER ADDITIONAL CONTINUING APPROPRIATIONS ACT, 2018 </p> <p><i>Further Additional Continuing Appropriations Act, 2018 </i></p> <p>This division amends the Continuing Appropriations Act, 2018 to provide continuing FY2018 appropriations to most federal agencies through January 19, 2018 (December 22, 2017, under current law). It prevents a partial government shutdown that would otherwise occur when the existing continuing resolution expires because the FY2018 appropriations bills have not been enacted. </p> <p>It also exempts security spending from sequestration (automatic spending cuts) for FY2018 and delays the sequestration for nonsecurity spending. </p> <p>DIVISION B--DEFENSE APPROPRIATIONS </p> <p>This division provides appropriations to the Department of Defense for the remainder of FY2018, including emergency appropriations for missile defense programs. </p> <p>DIVISION C--CHAMPIONING HEALTHY KIDS ACT </p> <p><i>Continuing Community Health And Medical Professional Programs to Improve Our Nation, Increase National Gains, and Help Ensure Access for Little Ones, Toddlers, and Hopeful Youth by Keeping Insurance Delivery Stable Act of 2017 or the CHAMPIONING HEALTHY KIDS Act </i></p> <p>This division extends the Children's Health Insurance Program (CHIP) through FY2022 and also extends several other public health programs. </p> <p>The division also increases Medicaid funding for Puerto Rico and the Virgin Islands through FY2019 and modifies the Medicaid payment reductions for disproportionate-share hospitals (which receive additional payment under Medicaid for treating a large share of low-income patients).</p> <p>In addition, the bill: </p> <ul> <li>modifies the grace period for paying health insurance premiums under the Patient Protection and Affordable Care Act,</li> <li> reduces appropriations for the Prevention and Public Health Fund,</li> <li> alters third-party liability rules under Medicaid and CHIP, </li> <li> modifies the treatment of lottery winnings and other lump-sum income under Medicaid income eligibility rules, and</li> <li> eliminates Medicare premium subsidies for beneficiaries with annual incomes exceeding $500,000.</li> </ul> <p>DIVISION D--OTHER MATTERS </p> <p>This division provides funding for the Veterans Choice Program, which allows veterans to receive health care from providers outside of the Department of Veterans Affairs facilities. </p>]]></text>
          <name>Introduced in House</name>
          <actionDate>2017-12-13</actionDate>
          <updateDate>2017-12-13T05:00:00Z</updateDate>
          <lastSummaryUpdateDate>2017-12-18T18:47:19Z</lastSummaryUpdateDate>
          <actionDesc>Introduced in House</actionDesc>
        </item>
      </billSummaries>
    </summaries>
    <titles>
      <item>
        <parentTitleType />
        <chamberName />
        <title>HEALTHY KIDS Act</title>
        <titleType>Short Titles as Introduced for portions of this bill</titleType>
        <chamberCode />
      </item>
      <item>
        <parentTitleType />
        <chamberName />
        <title>Helping Ensure Access for Little Ones, Toddlers, and Hopeful Youth by Keeping Insurance Delivery Stable Act of 2017</title>
        <titleType>Short Titles as Introduced for portions of this bill</titleType>
        <chamberCode />
      </item>
      <item>
        <parentTitleType />
        <chamberName />
        <title>Community Health And Medical Professionals Improve Our Nation Act of 2017</title>
        <titleType>Short Titles as Introduced for portions of this bill</titleType>
        <chamberCode />
      </item>
      <item>
        <parentTitleType />
        <chamberName />
        <title>CHAMPIONING HEALTHY KIDS Act</title>
        <titleType>Short Titles as Introduced for portions of this bill</titleType>
        <chamberCode />
      </item>
      <item>
        <parentTitleType />
        <chamberName />
        <title>Continuing Community Health And Medical Professional Programs to Improve Our Nation, Increase National Gains, and Help Ensure Access for Little Ones, Toddlers, and Hopeful Youth by Keeping Insurance Delivery Stable Act of 2017</title>
        <titleType>Short Titles as Introduced for portions of this bill</titleType>
        <chamberCode />
      </item>
      <item>
        <parentTitleType />
        <chamberName />
        <title>Department of Defense Missile Defeat and Defense Enhancements Appropriations Act, 2018</title>
        <titleType>Short Titles as Introduced for portions of this bill</titleType>
        <chamberCode />
      </item>
      <item>
        <parentTitleType />
        <chamberName />
        <title>Department of Defense Appropriations Act, 2018</title>
        <titleType>Short Titles as Introduced for portions of this bill</titleType>
        <chamberCode />
      </item>
      <item>
        <parentTitleType />
        <chamberName />
        <title>Further Additional Continuing Appropriations Act, 2018</title>
        <titleType>Short Titles as Introduced for portions of this bill</titleType>
        <chamberCode />
      </item>
      <item>
        <parentTitleType />
        <chamberName />
        <title>Making further additional continuing appropriations for fiscal year 2018, and for other purposes.</title>
        <titleType>Official Title as Introduced</titleType>
        <chamberCode />
      </item>
      <item>
        <parentTitleType />
        <chamberName />
        <title>Making further additional continuing appropriations for fiscal year 2018, and for other purposes.</title>
        <titleType>Display Title</titleType>
        <chamberCode />
      </item>
      <item>
        <parentTitleType />
        <chamberName />
        <title>Continuing Community Health And Medical Professional Programs to Improve Our Nation, Increase National Gains, and Help Ensure Access for Little Ones, Toddlers, and Hopeful Youth by Keeping Insurance Delivery Stable Act of 2017</title>
        <titleType>(Extracted from GPO) Short Titles as Introduced for portions of this bill</titleType>
        <chamberCode />
      </item>
    </titles>
    <introducedDate>2017-12-13</introducedDate>
    <title>Making further additional continuing appropriations for fiscal year 2018, and for other purposes.</title>
    <congress>115</congress>
    <subjects>
      <billSubjects>
        <policyArea>
          <name>Economics and Public Finance</name>
        </policyArea>
        <legislativeSubjects>
          <item>
            <name>Appropriations</name>
          </item>
          <item>
            <name>Budget process</name>
          </item>
          <item>
            <name>Caribbean area</name>
          </item>
          <item>
            <name>Child health</name>
          </item>
          <item>
            <name>Defense spending</name>
          </item>
          <item>
            <name>Department of Defense</name>
          </item>
          <item>
            <name>Digestive and metabolic diseases</name>
          </item>
          <item>
            <name>Executive agency funding and structure</name>
          </item>
          <item>
            <name>Gambling</name>
          </item>
          <item>
            <name>Health care costs and insurance</name>
          </item>
          <item>
            <name>Health care coverage and access</name>
          </item>
          <item>
            <name>Health facilities and institutions</name>
          </item>
          <item>
            <name>Health programs administration and funding</name>
          </item>
          <item>
            <name>Health promotion and preventive care</name>
          </item>
          <item>
            <name>Indian social and development programs</name>
          </item>
          <item>
            <name>Medicaid</name>
          </item>
          <item>
            <name>Medical education</name>
          </item>
          <item>
            <name>Medicare</name>
          </item>
          <item>
            <name>Military procurement, research, weapons development</name>
          </item>
          <item>
            <name>Minority health</name>
          </item>
          <item>
            <name>Nuclear weapons</name>
          </item>
          <item>
            <name>Puerto Rico</name>
          </item>
          <item>
            <name>Sex and reproductive health</name>
          </item>
          <item>
            <name>U.S. territories and protectorates</name>
          </item>
          <item>
            <name>Veterans' medical care</name>
          </item>
          <item>
            <name>Virgin Islands</name>
          </item>
        </legislativeSubjects>
      </billSubjects>
    </subjects>
    <cboCostEstimates />
    <notes />
    <policyArea>
      <name>Economics and Public Finance</name>
    </policyArea>
    <constitutionalAuthorityStatementText><![CDATA[<pre>[Congressional Record Volume 163, Number 203 (Wednesday, December 13, 2017)]From the Congressional Record Online through the Government Publishing Office [<a href='http://www.gpo.gov'>www.gpo.gov</a>]By Mr. FRELINGHUYSEN:H.J. Res. 124.Congress has the power to enact this legislation pursuantto the following:The principal constitutional authority for this legislationis clause 7 of section 9 of article I of the Constitution ofthe United States (the appropriation power), which states:``No Money shall be drawn from the Treasury, but inConsequence of Appropriations made by Law . . . .'' Inaddition, clause 1 of section 8 of article I of theConstitution (the spending power) provides: ``The Congressshall have the Power . . . to pay the Debts and provide forthe common Defence and general Welfare of the United States .. . .'' Together, these specific constitutional provisionsestablish the congressional power of the purse, grantingCongress the authority to appropriate funds, to determinetheir purpose, amount, and period of availability, and to setforth terms and conditions governing their use.[Page H9901]</pre>]]></constitutionalAuthorityStatementText>
    <latestAction>
      <text>Referred to the Committee on Appropriations, and in addition to the Committees on the Budget, and Ways and Means, for a period to be subsequently determined by the Speaker, in each case for consideration of such provisions as fall within the jurisdiction of the committee concerned.</text>
      <links />
      <actionDate>2017-12-13</actionDate>
    </latestAction>
    <billNumber>124</billNumber>
    <relatedBills>
      <item>
        <congress>115</congress>
        <type>HR</type>
        <latestTitle>Bipartisan Budget Act of 2018</latestTitle>
        <latestAction>
          <actionDate>2018-02-09</actionDate>
          <text>Became Public Law No: 115-123.</text>
        </latestAction>
        <relationshipDetails>
          <item>
            <type>Related bill</type>
            <identifiedBy>CRS</identifiedBy>
          </item>
        </relationshipDetails>
        <number>1892</number>
      </item>
      <item>
        <congress>115</congress>
        <type>HJRES</type>
        <latestTitle>Department of Defense Appropriations Act, 2018</latestTitle>
        <latestAction>
          <actionDate>2018-02-05</actionDate>
          <text>Referred to the Committee on Appropriations, and in addition to the Committee on the Budget, for a period to be subsequently determined by the Speaker, in each case for consideration of such provisions as fall within the jurisdiction of the committee concerned.</text>
        </latestAction>
        <relationshipDetails>
          <item>
            <type>Related bill</type>
            <identifiedBy>CRS</identifiedBy>
          </item>
        </relationshipDetails>
        <number>128</number>
      </item>
      <item>
        <congress>115</congress>
        <type>S</type>
        <latestTitle>Prioritizing the Most Vulnerable Over Lottery Winners Act of 2017</latestTitle>
        <latestAction>
          <actionDate>2017-12-07</actionDate>
          <text>Read twice and referred to the Committee on Finance. (text of measure as introduced: CR S7931-7932)</text>
        </latestAction>
        <relationshipDetails>
          <item>
            <type>Related bill</type>
            <identifiedBy>CRS</identifiedBy>
          </item>
        </relationshipDetails>
        <number>2209</number>
      </item>
      <item>
        <congress>115</congress>
        <type>HR</type>
        <latestTitle>HEALTHY KIDS Act</latestTitle>
        <latestAction>
          <actionDate>2017-10-23</actionDate>
          <text>Placed on the Union Calendar, Calendar No. 263.</text>
        </latestAction>
        <relationshipDetails>
          <item>
            <type>Related bill</type>
            <identifiedBy>CRS</identifiedBy>
          </item>
        </relationshipDetails>
        <number>3921</number>
      </item>
      <item>
        <congress>115</congress>
        <type>HR</type>
        <latestTitle>Prioritizing the Most Vulnerable Over Lottery Winners Act of 2017</latestTitle>
        <latestAction>
          <actionDate>2017-02-07</actionDate>
          <text>Forwarded by Subcommittee to Full Committee (Amended) by the Yeas and Nays: 20 - 11 .</text>
        </latestAction>
        <relationshipDetails>
          <item>
            <type>Related bill</type>
            <identifiedBy>CRS</identifiedBy>
          </item>
        </relationshipDetails>
        <number>829</number>
      </item>
      <item>
        <congress>115</congress>
        <type>HR</type>
        <latestTitle>Child Health Outreach and Mentorship Program Act</latestTitle>
        <latestAction>
          <actionDate>2017-06-23</actionDate>
          <text>Referred to the Subcommittee on Health.</text>
        </latestAction>
        <relationshipDetails>
          <item>
            <type>Related bill</type>
            <identifiedBy>CRS</identifiedBy>
          </item>
        </relationshipDetails>
        <number>2959</number>
      </item>
      <item>
        <congress>115</congress>
        <type>HR</type>
        <latestTitle>Make America Secure Appropriations Act, 2018</latestTitle>
        <latestAction>
          <actionDate>2017-08-01</actionDate>
          <text>Read the second time. Placed on Senate Legislative Calendar under General Orders. Calendar No. 187.</text>
        </latestAction>
        <relationshipDetails>
          <item>
            <type>Related bill</type>
            <identifiedBy>CRS</identifiedBy>
          </item>
        </relationshipDetails>
        <number>3219</number>
      </item>
      <item>
        <congress>115</congress>
        <type>HR</type>
        <latestTitle>Youth Empowerment Act of 2017</latestTitle>
        <latestAction>
          <actionDate>2017-10-06</actionDate>
          <text>Referred to the Subcommittee on Health.</text>
        </latestAction>
        <relationshipDetails>
          <item>
            <type>Related bill</type>
            <identifiedBy>CRS</identifiedBy>
          </item>
        </relationshipDetails>
        <number>3900</number>
      </item>
      <item>
        <congress>115</congress>
        <type>HR</type>
        <latestTitle>To amend the Public Health Service Act to extend funding for the special diabetes program for type I diabetes.</latestTitle>
        <latestAction>
          <actionDate>2017-10-06</actionDate>
          <text>Referred to the Subcommittee on Health.</text>
        </latestAction>
        <relationshipDetails>
          <item>
            <type>Related bill</type>
            <identifiedBy>CRS</identifiedBy>
          </item>
        </relationshipDetails>
        <number>3924</number>
      </item>
      <item>
        <congress>115</congress>
        <type>HR</type>
        <latestTitle>Community CARE Act</latestTitle>
        <latestAction>
          <actionDate>2017-10-06</actionDate>
          <text>Referred to the Subcommittee on Health.</text>
        </latestAction>
        <relationshipDetails>
          <item>
            <type>Related bill</type>
            <identifiedBy>CRS</identifiedBy>
          </item>
        </relationshipDetails>
        <number>3926</number>
      </item>
      <item>
        <congress>115</congress>
        <type>HR</type>
        <latestTitle>HELP Puerto Rico Act</latestTitle>
        <latestAction>
          <actionDate>2017-10-06</actionDate>
          <text>Referred to the Subcommittee on Health.</text>
        </latestAction>
        <relationshipDetails>
          <item>
            <type>Related bill</type>
            <identifiedBy>CRS</identifiedBy>
          </item>
        </relationshipDetails>
        <number>3932</number>
      </item>
      <item>
        <congress>115</congress>
        <type>HR</type>
        <latestTitle>CHAMPIONING HEALTHY KIDS Act</latestTitle>
        <latestAction>
          <actionDate>2017-11-06</actionDate>
          <text>Received in the Senate and Read twice and referred to the Committee on Finance.</text>
        </latestAction>
        <relationshipDetails>
          <item>
            <type>Related bill</type>
            <identifiedBy>CRS</identifiedBy>
          </item>
        </relationshipDetails>
        <number>3922</number>
      </item>
      <item>
        <congress>115</congress>
        <type>HR</type>
        <latestTitle>Making further continuing appropriations for the fiscal year ending September 30, 2018, and for other purposes.</latestTitle>
        <latestAction>
          <actionDate>2018-01-22</actionDate>
          <text>Became Public Law No: 115-120.</text>
        </latestAction>
        <relationshipDetails>
          <item>
            <type>Related bill</type>
            <identifiedBy>CRS</identifiedBy>
          </item>
        </relationshipDetails>
        <number>195</number>
      </item>
    </relatedBills>
    <originChamber>House</originChamber>
    <updateDate>2018-02-16T05:25:26Z</updateDate>
    <committeeReports />
    <recordedVotes />
    <sponsors>
      <item>
        <state>NJ</state>
        <byRequestType />
        <fullName>Rep. Frelinghuysen, Rodney P. [R-NJ-11]</fullName>
        <bioguideId>F000372</bioguideId>
        <party>R</party>
        <middleName />
        <firstName>RODNEY</firstName>
        <identifiers>
          <gpoId>8053</gpoId>
          <bioguideId>F000372</bioguideId>
          <lisID>414</lisID>
        </identifiers>
        <district>11</district>
        <lastName>FRELINGHUYSEN</lastName>
      </item>
    </sponsors>
  </bill>
  <dublinCore xmlns:dc="http://purl.org/dc/elements/1.1/">
    <dc:format>text/xml</dc:format>
    <dc:language>EN</dc:language>
    <dc:rights>Pursuant to Title 17 Section 105 of the United States Code, this file is not subject to copyright protection and is in the public domain.</dc:rights>
    <dc:contributor>Congressional Research Service, Library of Congress</dc:contributor>
    <dc:description>This file contains bill summaries and statuses for federal legislation. A bill summary describes the most significant provisions of a piece of legislation and details the effects the legislative text may have on current law and federal programs. Bill summaries are authored by the Congressional Research Service (CRS) of the Library of Congress. As stated in Public Law 91-510 (2 USC 166 (d)(6)), one of the duties of CRS is "to prepare summaries and digests of bills and resolutions of a public general nature introduced in the Senate or House of Representatives". For more information, refer to the User Guide that accompanies this file.</dc:description>
  </dublinCore>
</billStatus>

