<?xml version="1.0" encoding="UTF-8"?>
<billStatus>
  <bill>
    <billNumber>78</billNumber>
    <relatedBills>
      <item>
        <number>30</number>
        <latestTitle>A joint resolution providing for the reappointment of Steve Case as a citizen regent of the Board of Regents of the Smithsonian Institution.</latestTitle>
        <type>SJRES</type>
        <relationshipDetails>
          <item>
            <identifiedBy>CRS</identifiedBy>
            <type>Identical bill</type>
          </item>
        </relationshipDetails>
        <congress>115</congress>
        <latestAction>
          <text>Became Public Law No: 115-27.</text>
          <actionDate>2017-04-19</actionDate>
        </latestAction>
      </item>
    </relatedBills>
    <originChamber>House</originChamber>
    <recordedVotes />
    <latestAction>
      <text>Referred to the House Committee on House Administration.</text>
      <links />
      <actionDate>2017-02-16</actionDate>
    </latestAction>
    <createDate>2017-02-17T04:46:07Z</createDate>
    <title>Providing for the reappointment of Stephen M. Case as a citizen regent of the Board of Regents of the Smithsonian Institution.</title>
    <summaries>
      <billSummaries>
        <item>
          <versionCode>00</versionCode>
          <text><![CDATA[<p>This joint resolution reappoints Stephen M. Case as a citizen regent of the Board of Regents of the Smithsonian Institution. </p>]]></text>
          <actionDesc>Introduced in House</actionDesc>
          <actionDate>2017-02-16</actionDate>
          <lastSummaryUpdateDate>2017-04-12T18:14:32Z</lastSummaryUpdateDate>
          <name>Introduced in House</name>
          <updateDate>2017-02-16T05:00:00Z</updateDate>
        </item>
      </billSummaries>
    </summaries>
    <actions>
      <actionByCounts>
        <houseOfRepresentatives>3</houseOfRepresentatives>
      </actionByCounts>
      <actionTypeCounts>
        <introducedInTheHouse>1</introducedInTheHouse>
        <billReferrals>1</billReferrals>
        <introducedInHouse>1</introducedInHouse>
      </actionTypeCounts>
      <item>
        <actionDate>2017-02-16</actionDate>
        <text>Referred to the House Committee on House Administration.</text>
        <sourceSystem>
          <name>House floor actions</name>
          <code>2</code>
        </sourceSystem>
        <committee>
          <systemCode>hsha00</systemCode>
          <name>House Administration Committee</name>
        </committee>
        <links />
        <actionCode>H11100</actionCode>
        <type>IntroReferral</type>
      </item>
      <item>
        <actionDate>2017-02-16</actionDate>
        <text>Introduced in House</text>
        <sourceSystem>
          <name>Library of Congress</name>
          <code>9</code>
        </sourceSystem>
        <committee />
        <links />
        <actionCode>Intro-H</actionCode>
        <type>IntroReferral</type>
      </item>
      <item>
        <actionDate>2017-02-16</actionDate>
        <text>Introduced in House</text>
        <sourceSystem>
          <name>Library of Congress</name>
          <code>9</code>
        </sourceSystem>
        <committee />
        <links />
        <actionCode>1000</actionCode>
        <type>IntroReferral</type>
      </item>
    </actions>
    <updateDate>2018-02-06T16:40:11Z</updateDate>
    <amendments />
    <notes />
    <sponsors>
      <item>
        <bioguideId>J000174</bioguideId>
        <district>3</district>
        <middleName />
        <byRequestType />
        <firstName>SAM</firstName>
        <lastName>JOHNSON</lastName>
        <state>TX</state>
        <party>R</party>
        <identifiers>
          <bioguideId>J000174</bioguideId>
          <lisID>603</lisID>
          <gpoId>8159</gpoId>
        </identifiers>
        <fullName>Rep. Johnson, Sam [R-TX-3]</fullName>
      </item>
    </sponsors>
    <committees>
      <billCommittees>
        <item>
          <name>House Administration Committee</name>
          <chamber>House</chamber>
          <type>Standing</type>
          <subcommittees />
          <systemCode>hsha00</systemCode>
          <activities>
            <item>
              <name>Referred to</name>
              <date>2017-02-16T15:01:15Z</date>
            </item>
          </activities>
        </item>
      </billCommittees>
    </committees>
    <cosponsors>
      <item>
        <state>OK</state>
        <identifiers>
          <bioguideId>C001053</bioguideId>
          <gpoId>8112</gpoId>
          <lisID>1742</lisID>
        </identifiers>
        <district>4</district>
        <sponsorshipDate>2017-02-16</sponsorshipDate>
        <lastName>Cole</lastName>
        <fullName>Rep. Cole, Tom [R-OK-4]</fullName>
        <middleName />
        <party>R</party>
        <sponsorshipWithdrawnDate />
        <bioguideId>C001053</bioguideId>
        <firstName>Tom</firstName>
        <isOriginalCosponsor>True</isOriginalCosponsor>
      </item>
      <item>
        <state>CA</state>
        <identifiers>
          <lisID>1814</lisID>
          <bioguideId>M001163</bioguideId>
          <gpoId>7810</gpoId>
        </identifiers>
        <district>6</district>
        <sponsorshipDate>2017-02-16</sponsorshipDate>
        <lastName>Matsui</lastName>
        <fullName>Rep. Matsui, Doris O. [D-CA-6]</fullName>
        <middleName>O.</middleName>
        <party>D</party>
        <sponsorshipWithdrawnDate />
        <bioguideId>M001163</bioguideId>
        <firstName>Doris</firstName>
        <isOriginalCosponsor>True</isOriginalCosponsor>
      </item>
    </cosponsors>
    <constitutionalAuthorityStatementText><![CDATA[<pre>From the Congressional Record Online through the Government Publishing Office [<a href='http://www.gpo.gov'>www.gpo.gov</a>]By Mr. SAM JOHNSON of Texas:H.J. Res. 78.Congress has the power to enact this legislation pursuantto the following:Article 1, Section 8, Clause 17, giving Congress exclusivejurisdiction over the District of Columbia. That clause wascited as the authority for the government's ability to acceptthe original Smithson donation and the creation of theSmithsonian Institution via the Act of August 10, 1846.Article 1, Section 8, Clause 18, the Necessary and Properclause, which provides the power to enact legislationnecessary to effectuate one of the earlier enumerated powers,such as the authority granted in Clause 17 above.[Page H1306]</pre>]]></constitutionalAuthorityStatementText>
    <policyArea>
      <name>Government Operations and Politics</name>
    </policyArea>
    <cboCostEstimates />
    <laws />
    <congress>115</congress>
    <version>1.0.0</version>
    <introducedDate>2017-02-16</introducedDate>
    <committeeReports />
    <titles>
      <item>
        <chamberCode />
        <title>Providing for the reappointment of Stephen M. Case as a citizen regent of the Board of Regents of the Smithsonian Institution.</title>
        <titleType>Official Title as Introduced</titleType>
        <parentTitleType />
        <chamberName />
      </item>
      <item>
        <chamberCode />
        <title>Providing for the reappointment of Stephen M. Case as a citizen regent of the Board of Regents of the Smithsonian Institution.</title>
        <titleType>Display Title</titleType>
        <parentTitleType />
        <chamberName />
      </item>
    </titles>
    <calendarNumbers />
    <subjects>
      <billSubjects>
        <legislativeSubjects>
          <item>
            <name>Federal officials</name>
          </item>
          <item>
            <name>Museums, exhibitions, cultural centers</name>
          </item>
          <item>
            <name>Smithsonian Institution</name>
          </item>
        </legislativeSubjects>
        <policyArea>
          <name>Government Operations and Politics</name>
        </policyArea>
      </billSubjects>
    </subjects>
    <billType>HJRES</billType>
  </bill>
  <dublinCore xmlns:dc="http://purl.org/dc/elements/1.1/">
    <dc:format>text/xml</dc:format>
    <dc:language>EN</dc:language>
    <dc:rights>Pursuant to Title 17 Section 105 of the United States Code, this file is not subject to copyright protection and is in the public domain.</dc:rights>
    <dc:contributor>Congressional Research Service, Library of Congress</dc:contributor>
    <dc:description>This file contains bill summaries and statuses for federal legislation. A bill summary describes the most significant provisions of a piece of legislation and details the effects the legislative text may have on current law and federal programs. Bill summaries are authored by the Congressional Research Service (CRS) of the Library of Congress. As stated in Public Law 91-510 (2 USC 166 (d)(6)), one of the duties of CRS is "to prepare summaries and digests of bills and resolutions of a public general nature introduced in the Senate or House of Representatives". For more information, refer to the User Guide that accompanies this file.</dc:description>
  </dublinCore>
</billStatus>

