<?xml version="1.0" encoding="UTF-8"?>
<billStatus>
  <bill>
    <billNumber>109</billNumber>
    <relatedBills>
      <item>
        <congress>115</congress>
        <number>1</number>
        <type>HJRES</type>
        <relationshipDetails>
          <item>
            <type>Related bill</type>
            <identifiedBy>CRS</identifiedBy>
          </item>
        </relationshipDetails>
        <latestTitle>Proposing a balanced budget amendment to the Constitution of the United States.</latestTitle>
        <latestAction>
          <text>Referred to the Subcommittee on the Constitution and Civil Justice.</text>
          <actionDate>2017-01-11</actionDate>
        </latestAction>
      </item>
      <item>
        <congress>115</congress>
        <number>2</number>
        <type>HJRES</type>
        <relationshipDetails>
          <item>
            <type>Related bill</type>
            <identifiedBy>CRS</identifiedBy>
          </item>
        </relationshipDetails>
        <latestTitle>Proposing a balanced budget amendment to the Constitution of the United States.</latestTitle>
        <latestAction>
          <text>Referred to the Subcommittee on the Constitution and Civil Justice.</text>
          <actionDate>2017-01-11</actionDate>
        </latestAction>
      </item>
      <item>
        <congress>115</congress>
        <number>14</number>
        <type>HJRES</type>
        <relationshipDetails>
          <item>
            <type>Related bill</type>
            <identifiedBy>CRS</identifiedBy>
          </item>
        </relationshipDetails>
        <latestTitle>Proposing a balanced budget amendment to the Constitution of the United States.</latestTitle>
        <latestAction>
          <text>Referred to the Subcommittee on the Constitution and Civil Justice.</text>
          <actionDate>2017-01-11</actionDate>
        </latestAction>
      </item>
      <item>
        <congress>115</congress>
        <number>18</number>
        <type>HJRES</type>
        <relationshipDetails>
          <item>
            <type>Related bill</type>
            <identifiedBy>CRS</identifiedBy>
          </item>
        </relationshipDetails>
        <latestTitle>Proposing a balanced budget amendment to the Constitution requiring that each agency and department's funding is justified.</latestTitle>
        <latestAction>
          <text>Referred to the Subcommittee on the Constitution and Civil Justice.</text>
          <actionDate>2017-01-11</actionDate>
        </latestAction>
      </item>
    </relatedBills>
    <originChamber>House</originChamber>
    <recordedVotes />
    <latestAction>
      <text>Referred to the Subcommittee on the Constitution and Civil Justice.</text>
      <links />
      <actionDate>2017-07-19</actionDate>
    </latestAction>
    <createDate>2017-07-20T03:11:30Z</createDate>
    <title>Proposing an amendment to the Constitution of the United States to provide for balanced budgets for the Government.</title>
    <summaries>
      <billSummaries>
        <item>
          <text><![CDATA[<p><b>Constitutional Amendment</b> </p> <p>This joint resolution proposes a constitutional amendment prohibiting total outlays for a fiscal year from exceeding total receipts for that fiscal year, unless three-fifths of each chamber of Congress authorizes the excess with a rollcall vote. The authorization must include an adequate increase in the debt limit for the specific excess of outlays. The prohibition excludes outlays for repayment of debt principal and receipts derived from borrowing. </p> <p>The President must submit a balanced budget to Congress annually.</p> <p> Total outlays for the Social Security trust funds over 75 years must not exceed total receipts for 75 years, unless three-fifths of each chamber of Congress authorizes the specific excess by a rollcall vote. </p> <p>Congress may waive the requirements by a rollcall vote for any year in which a declaration of war is in effect. The waiver must: (1) identify and be limited to the outlays necessary for the war, and (2) include an adequate increase in the debt limit for the specific excess of outlays. </p>]]></text>
          <versionCode>00</versionCode>
          <actionDate>2017-07-19</actionDate>
          <name>Introduced in House</name>
          <actionDesc>Introduced in House</actionDesc>
          <lastSummaryUpdateDate>2017-07-28T18:39:42Z</lastSummaryUpdateDate>
          <updateDate>2017-07-19T04:00:00Z</updateDate>
        </item>
      </billSummaries>
    </summaries>
    <actions>
      <actionByCounts>
        <houseOfRepresentatives>4</houseOfRepresentatives>
      </actionByCounts>
      <item>
        <actionDate>2017-07-19</actionDate>
        <committee>
          <name>Constitution and Civil Justice Subcommittee</name>
          <systemCode>hsju10</systemCode>
        </committee>
        <links />
        <sourceSystem>
          <name>House committee actions</name>
          <code>1</code>
        </sourceSystem>
        <text>Referred to the Subcommittee on the Constitution and Civil Justice.</text>
        <type>Committee</type>
      </item>
      <item>
        <text>Referred to the House Committee on the Judiciary.</text>
        <type>IntroReferral</type>
        <sourceSystem>
          <name>House floor actions</name>
          <code>2</code>
        </sourceSystem>
        <committee>
          <name>Judiciary Committee</name>
          <systemCode>hsju00</systemCode>
        </committee>
        <actionCode>H11100</actionCode>
        <actionDate>2017-07-19</actionDate>
        <links />
      </item>
      <item>
        <text>Sponsor introductory remarks on measure. (CR H5982-5983)</text>
        <type>IntroReferral</type>
        <sourceSystem>
          <name>Library of Congress</name>
          <code>9</code>
        </sourceSystem>
        <committee />
        <actionCode>B00100</actionCode>
        <actionDate>2017-07-19</actionDate>
        <links>
          <link>
            <name>H5982-5983</name>
            <url>https://www.congress.gov/congressional-record/volume-163/house-section/page/H5982-5983</url>
          </link>
        </links>
      </item>
      <item>
        <text>Introduced in House</text>
        <type>IntroReferral</type>
        <sourceSystem>
          <name>Library of Congress</name>
          <code>9</code>
        </sourceSystem>
        <committee />
        <actionCode>Intro-H</actionCode>
        <actionDate>2017-07-19</actionDate>
        <links />
      </item>
      <item>
        <text>Introduced in House</text>
        <type>IntroReferral</type>
        <sourceSystem>
          <name>Library of Congress</name>
          <code>9</code>
        </sourceSystem>
        <committee />
        <actionCode>1000</actionCode>
        <actionDate>2017-07-19</actionDate>
        <links />
      </item>
      <actionTypeCounts>
        <introducedInHouse>1</introducedInHouse>
        <placeholderTextForH>1</placeholderTextForH>
        <billReferrals>1</billReferrals>
        <placeholderTextForB>1</placeholderTextForB>
        <introducedInTheHouse>1</introducedInTheHouse>
      </actionTypeCounts>
    </actions>
    <updateDate>2018-02-06T16:40:13Z</updateDate>
    <amendments />
    <notes />
    <sponsors>
      <item>
        <bioguideId>D000191</bioguideId>
        <district>4</district>
        <middleName>A.</middleName>
        <byRequestType />
        <firstName>PETER</firstName>
        <lastName>DEFAZIO</lastName>
        <state>OR</state>
        <party>D</party>
        <identifiers>
          <bioguideId>D000191</bioguideId>
          <gpoId>8117</gpoId>
          <lisID>279</lisID>
        </identifiers>
        <fullName>Rep. DeFazio, Peter A. [D-OR-4]</fullName>
      </item>
    </sponsors>
    <committees>
      <billCommittees>
        <item>
          <subcommittees>
            <item>
              <name>Constitution and Civil Justice Subcommittee</name>
              <systemCode>hsju10</systemCode>
              <activities>
                <item>
                  <name>Referred to</name>
                  <date>2017-07-19T14:22:07Z</date>
                </item>
              </activities>
            </item>
          </subcommittees>
          <type>Standing</type>
          <systemCode>hsju00</systemCode>
          <activities>
            <item>
              <name>Referred to</name>
              <date>2017-07-19T14:01:10Z</date>
            </item>
          </activities>
          <name>Judiciary Committee</name>
          <chamber>House</chamber>
        </item>
      </billCommittees>
    </committees>
    <cosponsors />
    <constitutionalAuthorityStatementText><![CDATA[<pre>From the Congressional Record Online through the Government Publishing Office [<a href='http://www.gpo.gov'>www.gpo.gov</a>]By Mr. DeFAZIO:H.J. Res. 109.Congress has the power to enact this legislation pursuantto the following:Article I, Section 8, Clause 18 (relating to the power tomake all laws necessary and proper for carrying out thepowers vested in Congress)[Page H6043]</pre>]]></constitutionalAuthorityStatementText>
    <policyArea>
      <name>Economics and Public Finance</name>
    </policyArea>
    <cboCostEstimates />
    <laws />
    <congress>115</congress>
    <version>1.0.0</version>
    <introducedDate>2017-07-19</introducedDate>
    <committeeReports />
    <titles>
      <item>
        <parentTitleType />
        <chamberCode />
        <titleType>Official Title as Introduced</titleType>
        <chamberName />
        <title>Proposing an amendment to the Constitution of the United States to provide for balanced budgets for the Government.</title>
      </item>
      <item>
        <parentTitleType />
        <chamberCode />
        <titleType>Display Title</titleType>
        <chamberName />
        <title>Proposing an amendment to the Constitution of the United States to provide for balanced budgets for the Government.</title>
      </item>
    </titles>
    <calendarNumbers />
    <subjects>
      <billSubjects>
        <policyArea>
          <name>Economics and Public Finance</name>
        </policyArea>
        <legislativeSubjects>
          <item>
            <name>Budget deficits and national debt</name>
          </item>
          <item>
            <name>Constitution and constitutional amendments</name>
          </item>
          <item>
            <name>Disability assistance</name>
          </item>
          <item>
            <name>Government trust funds</name>
          </item>
          <item>
            <name>Legislative rules and procedure</name>
          </item>
          <item>
            <name>Social security and elderly assistance</name>
          </item>
        </legislativeSubjects>
      </billSubjects>
    </subjects>
    <billType>HJRES</billType>
  </bill>
  <dublinCore xmlns:dc="http://purl.org/dc/elements/1.1/">
    <dc:format>text/xml</dc:format>
    <dc:language>EN</dc:language>
    <dc:rights>Pursuant to Title 17 Section 105 of the United States Code, this file is not subject to copyright protection and is in the public domain.</dc:rights>
    <dc:contributor>Congressional Research Service, Library of Congress</dc:contributor>
    <dc:description>This file contains bill summaries and statuses for federal legislation. A bill summary describes the most significant provisions of a piece of legislation and details the effects the legislative text may have on current law and federal programs. Bill summaries are authored by the Congressional Research Service (CRS) of the Library of Congress. As stated in Public Law 91-510 (2 USC 166 (d)(6)), one of the duties of CRS is "to prepare summaries and digests of bills and resolutions of a public general nature introduced in the Senate or House of Representatives". For more information, refer to the User Guide that accompanies this file.</dc:description>
  </dublinCore>
</billStatus>

