<?xml version="1.0" encoding="UTF-8"?>
<billStatus>
  <bill>
    <constitutionalAuthorityStatementText><![CDATA[<pre>From the Congressional Record Online through the Government Publishing Office [<a href='http://www.gpo.gov'>www.gpo.gov</a>]By Mr. NOLAN:H.J. Res. 48.Congress has the power to enact this legislation pursuantto the following:Article V of the Constitution of the United States.[Page H746]</pre>]]></constitutionalAuthorityStatementText>
    <laws />
    <recordedVotes />
    <billType>HJRES</billType>
    <cboCostEstimates />
    <updateDate>2018-02-24T08:15:19Z</updateDate>
    <committees>
      <billCommittees>
        <item>
          <activities>
            <item>
              <date>2017-01-30T17:05:50Z</date>
              <name>Referred to</name>
            </item>
          </activities>
          <type>Standing</type>
          <systemCode>hsju00</systemCode>
          <name>Judiciary Committee</name>
          <subcommittees>
            <item>
              <systemCode>hsju10</systemCode>
              <activities>
                <item>
                  <date>2017-02-08T21:42:04Z</date>
                  <name>Referred to</name>
                </item>
              </activities>
              <name>Constitution and Civil Justice Subcommittee</name>
            </item>
          </subcommittees>
          <chamber>House</chamber>
        </item>
      </billCommittees>
    </committees>
    <summaries>
      <billSummaries>
        <item>
          <lastSummaryUpdateDate>2017-02-15T19:54:43Z</lastSummaryUpdateDate>
          <text><![CDATA[<p><b>Constitutional Amendment</b></p> <p>This joint resolution proposes a constitutional amendment providing that: (1) the rights protected by the Constitution are the rights of natural persons only; (2) artificial entities (such as corporations, limited liability companies, and other entities established by the laws of any state, the United States, or any foreign state) shall have no rights under the Constitution and are subject to regulation by the people, through federal, state, or local law; and (3) the privileges of such artificial entities shall not be construed to be inherent or inalienable.</p> <p>The amendment requires federal, state, and local government to: (1) regulate, limit, or prohibit contributions and expenditures, including a candidate's own contributions and expenditures, to ensure that all citizens, regardless of their economic status, have access to the political process and that no person gains, as a result of that person's money, substantially more access or ability to influence the election of any candidate for public office or any ballot measure; and (2) require that any permissible contributions and expenditures be publicly disclosed. The judiciary is prohibited from construing the spending of money to influence elections to be speech under the First Amendment.</p>]]></text>
          <actionDesc>Introduced in House</actionDesc>
          <actionDate>2017-01-30</actionDate>
          <name>Introduced in House</name>
          <updateDate>2017-01-30T05:00:00Z</updateDate>
          <versionCode>00</versionCode>
        </item>
      </billSummaries>
    </summaries>
    <calendarNumbers />
    <notes />
    <originChamber>House</originChamber>
    <titles>
      <item>
        <titleType>Official Title as Introduced</titleType>
        <chamberCode />
        <title>Proposing an amendment to the Constitution of the United States providing that the rights extended by the Constitution are the rights of natural persons only.</title>
        <chamberName />
        <parentTitleType />
      </item>
      <item>
        <titleType>Display Title</titleType>
        <chamberCode />
        <title>Proposing an amendment to the Constitution of the United States providing that the rights extended by the Constitution are the rights of natural persons only.</title>
        <chamberName />
        <parentTitleType />
      </item>
    </titles>
    <createDate>2017-01-31T05:23:06Z</createDate>
    <version>1.0.0</version>
    <committeeReports />
    <actions>
      <actionTypeCounts>
        <billReferrals>1</billReferrals>
        <introducedInTheHouse>1</introducedInTheHouse>
        <introducedInHouse>1</introducedInHouse>
        <placeholderTextForH>1</placeholderTextForH>
      </actionTypeCounts>
      <item>
        <actionDate>2017-02-08</actionDate>
        <committee>
          <name>Constitution and Civil Justice Subcommittee</name>
          <systemCode>hsju10</systemCode>
        </committee>
        <links />
        <sourceSystem>
          <code>1</code>
          <name>House committee actions</name>
        </sourceSystem>
        <text>Referred to the Subcommittee on the Constitution and Civil Justice.</text>
        <type>Committee</type>
      </item>
      <item>
        <links />
        <committee>
          <name>Judiciary Committee</name>
          <systemCode>hsju00</systemCode>
        </committee>
        <type>IntroReferral</type>
        <actionCode>H11100</actionCode>
        <actionDate>2017-01-30</actionDate>
        <sourceSystem>
          <code>2</code>
          <name>House floor actions</name>
        </sourceSystem>
        <text>Referred to the House Committee on the Judiciary.</text>
      </item>
      <item>
        <links />
        <committee />
        <type>IntroReferral</type>
        <actionCode>Intro-H</actionCode>
        <actionDate>2017-01-30</actionDate>
        <sourceSystem>
          <code>9</code>
          <name>Library of Congress</name>
        </sourceSystem>
        <text>Introduced in House</text>
      </item>
      <item>
        <links />
        <committee />
        <type>IntroReferral</type>
        <actionCode>1000</actionCode>
        <actionDate>2017-01-30</actionDate>
        <sourceSystem>
          <code>9</code>
          <name>Library of Congress</name>
        </sourceSystem>
        <text>Introduced in House</text>
      </item>
      <actionByCounts>
        <houseOfRepresentatives>4</houseOfRepresentatives>
      </actionByCounts>
    </actions>
    <policyArea>
      <name>Civil Rights and Liberties, Minority Issues</name>
    </policyArea>
    <latestAction>
      <actionDate>2017-02-08</actionDate>
      <text>Referred to the Subcommittee on the Constitution and Civil Justice.</text>
      <links />
    </latestAction>
    <billNumber>48</billNumber>
    <amendments />
    <cosponsors>
      <item>
        <sponsorshipDate>2017-01-30</sponsorshipDate>
        <state>MN</state>
        <firstName>BETTY</firstName>
        <party>D</party>
        <identifiers>
          <bioguideId>M001143</bioguideId>
          <lisID>1653</lisID>
          <gpoId>8004</gpoId>
        </identifiers>
        <bioguideId>M001143</bioguideId>
        <sponsorshipWithdrawnDate />
        <isOriginalCosponsor>True</isOriginalCosponsor>
        <district>4</district>
        <fullName>Rep. McCollum, Betty [D-MN-4]</fullName>
        <lastName>MCCOLLUM</lastName>
        <middleName />
      </item>
      <item>
        <sponsorshipDate>2017-01-30</sponsorshipDate>
        <state>PA</state>
        <firstName>Matt</firstName>
        <party>D</party>
        <identifiers>
          <gpoId />
          <bioguideId>C001090</bioguideId>
          <lisID>2159</lisID>
        </identifiers>
        <bioguideId>C001090</bioguideId>
        <sponsorshipWithdrawnDate />
        <isOriginalCosponsor>True</isOriginalCosponsor>
        <district>17</district>
        <fullName>Rep. Cartwright, Matt [D-PA-17]</fullName>
        <lastName>Cartwright</lastName>
        <middleName />
      </item>
      <item>
        <sponsorshipDate>2017-01-30</sponsorshipDate>
        <state>MN</state>
        <firstName>Keith</firstName>
        <party>D</party>
        <identifiers>
          <bioguideId>E000288</bioguideId>
          <lisID>1857</lisID>
          <gpoId>8005</gpoId>
        </identifiers>
        <bioguideId>E000288</bioguideId>
        <sponsorshipWithdrawnDate />
        <isOriginalCosponsor>True</isOriginalCosponsor>
        <district>5</district>
        <fullName>Rep. Ellison, Keith [D-MN-5]</fullName>
        <lastName>Ellison</lastName>
        <middleName />
      </item>
      <item>
        <sponsorshipDate>2017-01-30</sponsorshipDate>
        <state>WI</state>
        <firstName>Mark</firstName>
        <party>D</party>
        <identifiers>
          <bioguideId>P000607</bioguideId>
          <gpoId />
          <lisID>2171</lisID>
        </identifiers>
        <bioguideId>P000607</bioguideId>
        <sponsorshipWithdrawnDate />
        <isOriginalCosponsor>True</isOriginalCosponsor>
        <district>2</district>
        <fullName>Rep. Pocan, Mark [D-WI-2]</fullName>
        <lastName>Pocan</lastName>
        <middleName />
      </item>
      <item>
        <sponsorshipDate>2017-01-30</sponsorshipDate>
        <state>CA</state>
        <firstName>Mark</firstName>
        <party>D</party>
        <identifiers>
          <bioguideId>T000472</bioguideId>
          <gpoId />
          <lisID>2110</lisID>
        </identifiers>
        <bioguideId>T000472</bioguideId>
        <sponsorshipWithdrawnDate />
        <isOriginalCosponsor>True</isOriginalCosponsor>
        <district>41</district>
        <fullName>Rep. Takano, Mark [D-CA-41]</fullName>
        <lastName>Takano</lastName>
        <middleName />
      </item>
      <item>
        <sponsorshipDate>2017-01-30</sponsorshipDate>
        <state>OR</state>
        <firstName>EARL</firstName>
        <party>D</party>
        <identifiers>
          <gpoId>8116</gpoId>
          <bioguideId>B000574</bioguideId>
          <lisID>99</lisID>
        </identifiers>
        <bioguideId>B000574</bioguideId>
        <sponsorshipWithdrawnDate />
        <isOriginalCosponsor>True</isOriginalCosponsor>
        <district>3</district>
        <fullName>Rep. Blumenauer, Earl [D-OR-3]</fullName>
        <lastName>BLUMENAUER</lastName>
        <middleName />
      </item>
      <item>
        <sponsorshipDate>2017-01-30</sponsorshipDate>
        <state>OR</state>
        <firstName>PETER</firstName>
        <party>D</party>
        <identifiers>
          <bioguideId>D000191</bioguideId>
          <lisID>279</lisID>
          <gpoId>8117</gpoId>
        </identifiers>
        <bioguideId>D000191</bioguideId>
        <sponsorshipWithdrawnDate />
        <isOriginalCosponsor>True</isOriginalCosponsor>
        <district>4</district>
        <fullName>Rep. DeFazio, Peter A. [D-OR-4]</fullName>
        <lastName>DEFAZIO</lastName>
        <middleName>A.</middleName>
      </item>
      <item>
        <sponsorshipDate>2017-01-30</sponsorshipDate>
        <state>TX</state>
        <firstName>Beto</firstName>
        <party>D</party>
        <identifiers>
          <bioguideId>O000170</bioguideId>
          <lisID>2162</lisID>
          <gpoId />
        </identifiers>
        <bioguideId>O000170</bioguideId>
        <sponsorshipWithdrawnDate />
        <isOriginalCosponsor>True</isOriginalCosponsor>
        <district>16</district>
        <fullName>Rep. O'Rourke, Beto [D-TX-16]</fullName>
        <lastName>O'Rourke</lastName>
        <middleName />
      </item>
      <item>
        <sponsorshipDate>2017-01-30</sponsorshipDate>
        <state>NY</state>
        <firstName>LOUISE</firstName>
        <party>D</party>
        <identifiers>
          <bioguideId>S000480</bioguideId>
          <lisID>1069</lisID>
          <gpoId>8089</gpoId>
        </identifiers>
        <bioguideId>S000480</bioguideId>
        <sponsorshipWithdrawnDate />
        <isOriginalCosponsor>True</isOriginalCosponsor>
        <district>25</district>
        <fullName>Rep. Slaughter, Louise McIntosh [D-NY-25]</fullName>
        <lastName>SLAUGHTER</lastName>
        <middleName>M.</middleName>
      </item>
      <item>
        <sponsorshipDate>2017-01-30</sponsorshipDate>
        <state>AZ</state>
        <firstName>Raul</firstName>
        <party>D</party>
        <identifiers>
          <bioguideId>G000551</bioguideId>
          <gpoId>7804</gpoId>
          <lisID>1708</lisID>
        </identifiers>
        <bioguideId>G000551</bioguideId>
        <sponsorshipWithdrawnDate />
        <isOriginalCosponsor>True</isOriginalCosponsor>
        <district>3</district>
        <fullName>Rep. Grijalva, Raul M. [D-AZ-3]</fullName>
        <lastName>Grijalva</lastName>
        <middleName>M.</middleName>
      </item>
      <item>
        <sponsorshipDate>2017-01-30</sponsorshipDate>
        <state>CA</state>
        <firstName>BARBARA</firstName>
        <party>D</party>
        <identifiers>
          <bioguideId>L000551</bioguideId>
          <lisID>1501</lisID>
          <gpoId>7814</gpoId>
        </identifiers>
        <bioguideId>L000551</bioguideId>
        <sponsorshipWithdrawnDate />
        <isOriginalCosponsor>True</isOriginalCosponsor>
        <district>13</district>
        <fullName>Rep. Lee, Barbara [D-CA-13]</fullName>
        <lastName>LEE</lastName>
        <middleName />
      </item>
      <item>
        <sponsorshipDate>2017-01-30</sponsorshipDate>
        <state>MI</state>
        <firstName>JOHN</firstName>
        <party>D</party>
        <identifiers>
          <bioguideId>C000714</bioguideId>
          <lisID>229</lisID>
          <gpoId>7999</gpoId>
        </identifiers>
        <bioguideId>C000714</bioguideId>
        <sponsorshipWithdrawnDate />
        <isOriginalCosponsor>True</isOriginalCosponsor>
        <district>13</district>
        <fullName>Rep. Conyers, John, Jr. [D-MI-13]</fullName>
        <lastName>CONYERS</lastName>
        <middleName />
      </item>
      <item>
        <sponsorshipDate>2017-01-30</sponsorshipDate>
        <state>NY</state>
        <firstName>ELIOT</firstName>
        <party>D</party>
        <identifiers>
          <lisID>344</lisID>
          <gpoId>8078</gpoId>
          <bioguideId>E000179</bioguideId>
        </identifiers>
        <bioguideId>E000179</bioguideId>
        <sponsorshipWithdrawnDate />
        <isOriginalCosponsor>True</isOriginalCosponsor>
        <district>16</district>
        <fullName>Rep. Engel, Eliot L. [D-NY-16]</fullName>
        <lastName>ENGEL</lastName>
        <middleName>L.</middleName>
      </item>
      <item>
        <sponsorshipDate>2017-01-30</sponsorshipDate>
        <state>NY</state>
        <firstName>Paul</firstName>
        <party>D</party>
        <identifiers>
          <bioguideId>T000469</bioguideId>
          <gpoId>8082</gpoId>
          <lisID>1942</lisID>
        </identifiers>
        <bioguideId>T000469</bioguideId>
        <sponsorshipWithdrawnDate />
        <isOriginalCosponsor>True</isOriginalCosponsor>
        <district>20</district>
        <fullName>Rep. Tonko, Paul [D-NY-20]</fullName>
        <lastName>Tonko</lastName>
        <middleName />
      </item>
      <item>
        <sponsorshipDate>2017-01-30</sponsorshipDate>
        <state>MD</state>
        <firstName>Jamie</firstName>
        <party>D</party>
        <identifiers>
          <bioguideId>R000606</bioguideId>
          <gpoId />
          <lisID>2332</lisID>
        </identifiers>
        <bioguideId>R000606</bioguideId>
        <sponsorshipWithdrawnDate />
        <isOriginalCosponsor>True</isOriginalCosponsor>
        <district>8</district>
        <fullName>Rep. Raskin, Jamie [D-MD-8]</fullName>
        <lastName>Raskin</lastName>
        <middleName />
      </item>
      <item>
        <sponsorshipDate>2017-01-30</sponsorshipDate>
        <state>CA</state>
        <firstName>Ro</firstName>
        <party>D</party>
        <identifiers>
          <bioguideId>K000389</bioguideId>
          <lisID>2308</lisID>
          <gpoId />
        </identifiers>
        <bioguideId>K000389</bioguideId>
        <sponsorshipWithdrawnDate />
        <isOriginalCosponsor>True</isOriginalCosponsor>
        <district>17</district>
        <fullName>Rep. Khanna, Ro [D-CA-17]</fullName>
        <lastName>Khanna</lastName>
        <middleName />
      </item>
      <item>
        <sponsorshipDate>2017-01-30</sponsorshipDate>
        <state>MA</state>
        <firstName>MICHAEL</firstName>
        <party>D</party>
        <identifiers>
          <bioguideId>C001037</bioguideId>
          <lisID>1564</lisID>
          <gpoId>7973</gpoId>
        </identifiers>
        <bioguideId>C001037</bioguideId>
        <sponsorshipWithdrawnDate />
        <isOriginalCosponsor>True</isOriginalCosponsor>
        <district>7</district>
        <fullName>Rep. Capuano, Michael E. [D-MA-7]</fullName>
        <lastName>CAPUANO</lastName>
        <middleName>E.</middleName>
      </item>
      <item>
        <sponsorshipDate>2017-01-30</sponsorshipDate>
        <state>CA</state>
        <firstName>Ted</firstName>
        <party>D</party>
        <identifiers>
          <bioguideId>L000582</bioguideId>
          <lisID>2230</lisID>
          <gpoId />
        </identifiers>
        <bioguideId>L000582</bioguideId>
        <sponsorshipWithdrawnDate />
        <isOriginalCosponsor>True</isOriginalCosponsor>
        <district>33</district>
        <fullName>Rep. Lieu, Ted [D-CA-33]</fullName>
        <lastName>Lieu</lastName>
        <middleName />
      </item>
      <item>
        <sponsorshipDate>2017-01-30</sponsorshipDate>
        <state>NJ</state>
        <firstName>Donald</firstName>
        <party>D</party>
        <identifiers>
          <bioguideId>N000188</bioguideId>
          <lisID>2202</lisID>
          <gpoId />
        </identifiers>
        <bioguideId>N000188</bioguideId>
        <sponsorshipWithdrawnDate />
        <isOriginalCosponsor>True</isOriginalCosponsor>
        <district>1</district>
        <fullName>Rep. Norcross, Donald [D-NJ-1]</fullName>
        <lastName>Norcross</lastName>
        <middleName />
      </item>
      <item>
        <sponsorshipDate>2017-01-30</sponsorshipDate>
        <state>NC</state>
        <firstName>WALTER</firstName>
        <party>R</party>
        <identifiers>
          <bioguideId>J000255</bioguideId>
          <gpoId>8026</gpoId>
          <lisID>612</lisID>
        </identifiers>
        <bioguideId>J000255</bioguideId>
        <sponsorshipWithdrawnDate />
        <isOriginalCosponsor>True</isOriginalCosponsor>
        <district>3</district>
        <fullName>Rep. Jones, Walter B., Jr. [R-NC-3]</fullName>
        <lastName>JONES</lastName>
        <middleName>B.</middleName>
      </item>
      <item>
        <sponsorshipDate>2017-02-01</sponsorshipDate>
        <state>VA</state>
        <firstName>Donald</firstName>
        <party>D</party>
        <identifiers>
          <gpoId />
          <bioguideId>B001292</bioguideId>
          <lisID>2272</lisID>
        </identifiers>
        <bioguideId>B001292</bioguideId>
        <sponsorshipWithdrawnDate />
        <isOriginalCosponsor>False</isOriginalCosponsor>
        <district>8</district>
        <fullName>Rep. Beyer, Donald S., Jr. [D-VA-8]</fullName>
        <lastName>Beyer</lastName>
        <middleName>S.</middleName>
      </item>
      <item>
        <sponsorshipDate>2017-02-01</sponsorshipDate>
        <state>NY</state>
        <firstName>JOSE</firstName>
        <party>D</party>
        <identifiers>
          <bioguideId>S000248</bioguideId>
          <gpoId>8077</gpoId>
          <lisID>1042</lisID>
        </identifiers>
        <bioguideId>S000248</bioguideId>
        <sponsorshipWithdrawnDate />
        <isOriginalCosponsor>False</isOriginalCosponsor>
        <district>15</district>
        <fullName>Rep. Serrano, Jose E. [D-NY-15]</fullName>
        <lastName>SERRANO</lastName>
        <middleName>E.</middleName>
      </item>
      <item>
        <sponsorshipDate>2017-02-06</sponsorshipDate>
        <state>CA</state>
        <firstName>Jared</firstName>
        <party>D</party>
        <identifiers>
          <bioguideId>H001068</bioguideId>
          <lisID>2101</lisID>
          <gpoId />
        </identifiers>
        <bioguideId>H001068</bioguideId>
        <sponsorshipWithdrawnDate />
        <isOriginalCosponsor>False</isOriginalCosponsor>
        <district>2</district>
        <fullName>Rep. Huffman, Jared [D-CA-2]</fullName>
        <lastName>Huffman</lastName>
        <middleName />
      </item>
      <item>
        <sponsorshipDate>2017-02-06</sponsorshipDate>
        <state>DC</state>
        <firstName>ELEANOR</firstName>
        <party>D</party>
        <identifiers>
          <gpoId>7871</gpoId>
          <bioguideId>N000147</bioguideId>
          <lisID>868</lisID>
        </identifiers>
        <bioguideId>N000147</bioguideId>
        <sponsorshipWithdrawnDate />
        <isOriginalCosponsor>False</isOriginalCosponsor>
        <district>0</district>
        <fullName>Rep. Norton, Eleanor Holmes [D-DC-At Large]</fullName>
        <lastName>NORTON</lastName>
        <middleName>HOLMES</middleName>
      </item>
      <item>
        <sponsorshipDate>2017-02-28</sponsorshipDate>
        <state>OR</state>
        <firstName>Suzanne</firstName>
        <party>D</party>
        <identifiers>
          <bioguideId>B001278</bioguideId>
          <lisID>2092</lisID>
          <gpoId>8367</gpoId>
        </identifiers>
        <bioguideId>B001278</bioguideId>
        <sponsorshipWithdrawnDate />
        <isOriginalCosponsor>False</isOriginalCosponsor>
        <district>1</district>
        <fullName>Rep. Bonamici, Suzanne [D-OR-1]</fullName>
        <lastName>Bonamici</lastName>
        <middleName />
      </item>
      <item>
        <sponsorshipDate>2017-02-28</sponsorshipDate>
        <state>IL</state>
        <firstName>DANNY</firstName>
        <party>D</party>
        <identifiers>
          <gpoId>7927</gpoId>
          <bioguideId>D000096</bioguideId>
          <lisID>1477</lisID>
        </identifiers>
        <bioguideId>D000096</bioguideId>
        <sponsorshipWithdrawnDate />
        <isOriginalCosponsor>False</isOriginalCosponsor>
        <district>7</district>
        <fullName>Rep. Davis, Danny K. [D-IL-7]</fullName>
        <lastName>DAVIS</lastName>
        <middleName>K.</middleName>
      </item>
      <item>
        <sponsorshipDate>2017-03-01</sponsorshipDate>
        <state>WA</state>
        <firstName>Derek</firstName>
        <party>D</party>
        <identifiers>
          <bioguideId>K000381</bioguideId>
          <gpoId />
          <lisID>2169</lisID>
        </identifiers>
        <bioguideId>K000381</bioguideId>
        <sponsorshipWithdrawnDate />
        <isOriginalCosponsor>False</isOriginalCosponsor>
        <district>6</district>
        <fullName>Rep. Kilmer, Derek [D-WA-6]</fullName>
        <lastName>Kilmer</lastName>
        <middleName />
      </item>
      <item>
        <sponsorshipDate>2017-03-10</sponsorshipDate>
        <state>NC</state>
        <firstName>Alma</firstName>
        <party>D</party>
        <identifiers>
          <bioguideId>A000370</bioguideId>
          <lisID>2201</lisID>
          <gpoId />
        </identifiers>
        <bioguideId>A000370</bioguideId>
        <sponsorshipWithdrawnDate />
        <isOriginalCosponsor>False</isOriginalCosponsor>
        <district>12</district>
        <fullName>Rep. Adams, Alma S. [D-NC-12]</fullName>
        <lastName>Adams</lastName>
        <middleName>S.</middleName>
      </item>
      <item>
        <sponsorshipDate>2017-03-15</sponsorshipDate>
        <state>WA</state>
        <firstName>Pramila</firstName>
        <party>D</party>
        <identifiers>
          <bioguideId>J000298</bioguideId>
          <gpoId />
          <lisID>2354</lisID>
        </identifiers>
        <bioguideId>J000298</bioguideId>
        <sponsorshipWithdrawnDate />
        <isOriginalCosponsor>False</isOriginalCosponsor>
        <district>7</district>
        <fullName>Rep. Jayapal, Pramila [D-WA-7]</fullName>
        <lastName>Jayapal</lastName>
        <middleName />
      </item>
      <item>
        <sponsorshipDate>2017-03-15</sponsorshipDate>
        <state>OH</state>
        <firstName>Marcia</firstName>
        <party>D</party>
        <identifiers>
          <bioguideId>F000455</bioguideId>
          <lisID>1895</lisID>
          <gpoId>8101</gpoId>
        </identifiers>
        <bioguideId>F000455</bioguideId>
        <sponsorshipWithdrawnDate />
        <isOriginalCosponsor>False</isOriginalCosponsor>
        <district>11</district>
        <fullName>Rep. Fudge, Marcia L. [D-OH-11]</fullName>
        <lastName>Fudge</lastName>
        <middleName>L.</middleName>
      </item>
      <item>
        <sponsorshipDate>2017-03-23</sponsorshipDate>
        <state>MN</state>
        <firstName>Timothy</firstName>
        <party>D</party>
        <identifiers>
          <lisID>1856</lisID>
          <gpoId>8001</gpoId>
          <bioguideId>W000799</bioguideId>
        </identifiers>
        <bioguideId>W000799</bioguideId>
        <sponsorshipWithdrawnDate />
        <isOriginalCosponsor>False</isOriginalCosponsor>
        <district>1</district>
        <fullName>Rep. Walz, Timothy J. [D-MN-1]</fullName>
        <lastName>Walz</lastName>
        <middleName>J.</middleName>
      </item>
      <item>
        <sponsorshipDate>2017-03-23</sponsorshipDate>
        <state>WI</state>
        <firstName>RON</firstName>
        <party>D</party>
        <identifiers>
          <bioguideId>K000188</bioguideId>
          <gpoId>8216</gpoId>
          <lisID>1498</lisID>
        </identifiers>
        <bioguideId>K000188</bioguideId>
        <sponsorshipWithdrawnDate />
        <isOriginalCosponsor>False</isOriginalCosponsor>
        <district>3</district>
        <fullName>Rep. Kind, Ron [D-WI-3]</fullName>
        <lastName>KIND</lastName>
        <middleName />
      </item>
      <item>
        <sponsorshipDate>2017-04-04</sponsorshipDate>
        <state>HI</state>
        <firstName>Tulsi</firstName>
        <party>D</party>
        <identifiers>
          <bioguideId>G000571</bioguideId>
          <gpoId />
          <lisID>2122</lisID>
        </identifiers>
        <bioguideId>G000571</bioguideId>
        <sponsorshipWithdrawnDate />
        <isOriginalCosponsor>False</isOriginalCosponsor>
        <district>2</district>
        <fullName>Rep. Gabbard, Tulsi [D-HI-2]</fullName>
        <lastName>Gabbard</lastName>
        <middleName />
      </item>
      <item>
        <sponsorshipDate>2017-04-04</sponsorshipDate>
        <state>VT</state>
        <firstName>Peter</firstName>
        <party>D</party>
        <identifiers>
          <bioguideId>W000800</bioguideId>
          <gpoId>8204</gpoId>
          <lisID>1879</lisID>
        </identifiers>
        <bioguideId>W000800</bioguideId>
        <sponsorshipWithdrawnDate />
        <isOriginalCosponsor>False</isOriginalCosponsor>
        <district>0</district>
        <fullName>Rep. Welch, Peter [D-VT-At Large]</fullName>
        <lastName>Welch</lastName>
        <middleName />
      </item>
      <item>
        <sponsorshipDate>2017-04-06</sponsorshipDate>
        <state>MD</state>
        <firstName>ELIJAH</firstName>
        <party>D</party>
        <identifiers>
          <gpoId>7982</gpoId>
          <bioguideId>C000984</bioguideId>
          <lisID>256</lisID>
        </identifiers>
        <bioguideId>C000984</bioguideId>
        <sponsorshipWithdrawnDate />
        <isOriginalCosponsor>False</isOriginalCosponsor>
        <district>7</district>
        <fullName>Rep. Cummings, Elijah E. [D-MD-7]</fullName>
        <lastName>CUMMINGS</lastName>
        <middleName>E.</middleName>
      </item>
      <item>
        <sponsorshipDate>2017-04-25</sponsorshipDate>
        <state>WA</state>
        <firstName>Suzan</firstName>
        <party>D</party>
        <identifiers>
          <bioguideId>D000617</bioguideId>
          <lisID>2096</lisID>
          <gpoId>8374</gpoId>
        </identifiers>
        <bioguideId>D000617</bioguideId>
        <sponsorshipWithdrawnDate />
        <isOriginalCosponsor>False</isOriginalCosponsor>
        <district>1</district>
        <fullName>Rep. DelBene, Suzan K. [D-WA-1]</fullName>
        <lastName>DelBene</lastName>
        <middleName>K.</middleName>
      </item>
      <item>
        <sponsorshipDate>2017-05-02</sponsorshipDate>
        <state>CA</state>
        <firstName>Jackie</firstName>
        <party>D</party>
        <identifiers>
          <bioguideId>S001175</bioguideId>
          <gpoId>7817</gpoId>
          <lisID>1890</lisID>
        </identifiers>
        <bioguideId>S001175</bioguideId>
        <sponsorshipWithdrawnDate />
        <isOriginalCosponsor>False</isOriginalCosponsor>
        <district>14</district>
        <fullName>Rep. Speier, Jackie [D-CA-14]</fullName>
        <lastName>Speier</lastName>
        <middleName />
      </item>
      <item>
        <sponsorshipDate>2017-05-18</sponsorshipDate>
        <state>MA</state>
        <firstName>Seth</firstName>
        <party>D</party>
        <identifiers>
          <bioguideId>M001196</bioguideId>
          <lisID>2246</lisID>
          <gpoId />
        </identifiers>
        <bioguideId>M001196</bioguideId>
        <sponsorshipWithdrawnDate />
        <isOriginalCosponsor>False</isOriginalCosponsor>
        <district>6</district>
        <fullName>Rep. Moulton, Seth [D-MA-6]</fullName>
        <lastName>Moulton</lastName>
        <middleName />
      </item>
      <item>
        <sponsorshipDate>2017-05-18</sponsorshipDate>
        <state>IL</state>
        <firstName>JANICE</firstName>
        <party>D</party>
        <identifiers>
          <bioguideId>S001145</bioguideId>
          <lisID>1588</lisID>
          <gpoId>7929</gpoId>
        </identifiers>
        <bioguideId>S001145</bioguideId>
        <sponsorshipWithdrawnDate />
        <isOriginalCosponsor>False</isOriginalCosponsor>
        <district>9</district>
        <fullName>Rep. Schakowsky, Janice D. [D-IL-9]</fullName>
        <lastName>SCHAKOWSKY</lastName>
        <middleName>D.</middleName>
      </item>
      <item>
        <sponsorshipDate>2017-05-22</sponsorshipDate>
        <state>OH</state>
        <firstName>MARCY</firstName>
        <party>D</party>
        <identifiers>
          <lisID>616</lisID>
          <gpoId>8099</gpoId>
          <bioguideId>K000009</bioguideId>
        </identifiers>
        <bioguideId>K000009</bioguideId>
        <sponsorshipWithdrawnDate />
        <isOriginalCosponsor>False</isOriginalCosponsor>
        <district>9</district>
        <fullName>Rep. Kaptur, Marcy [D-OH-9]</fullName>
        <lastName>KAPTUR</lastName>
        <middleName />
      </item>
      <item>
        <sponsorshipDate>2017-06-07</sponsorshipDate>
        <state>MA</state>
        <firstName>JAMES</firstName>
        <party>D</party>
        <identifiers>
          <bioguideId>M000312</bioguideId>
          <gpoId>7968</gpoId>
          <lisID>1504</lisID>
        </identifiers>
        <bioguideId>M000312</bioguideId>
        <sponsorshipWithdrawnDate />
        <isOriginalCosponsor>False</isOriginalCosponsor>
        <district>2</district>
        <fullName>Rep. McGovern, James P. [D-MA-2]</fullName>
        <lastName>MCGOVERN</lastName>
        <middleName>P.</middleName>
      </item>
      <item>
        <sponsorshipDate>2017-06-15</sponsorshipDate>
        <state>CA</state>
        <firstName>Karen</firstName>
        <party>D</party>
        <identifiers>
          <bioguideId>B001270</bioguideId>
          <lisID>1996</lisID>
          <gpoId>7838</gpoId>
        </identifiers>
        <bioguideId>B001270</bioguideId>
        <sponsorshipWithdrawnDate />
        <isOriginalCosponsor>False</isOriginalCosponsor>
        <district>37</district>
        <fullName>Rep. Bass, Karen [D-CA-37]</fullName>
        <lastName>Bass</lastName>
        <middleName />
      </item>
      <item>
        <sponsorshipDate>2017-06-21</sponsorshipDate>
        <state>CO</state>
        <firstName>Ed</firstName>
        <party>D</party>
        <identifiers>
          <bioguideId>P000593</bioguideId>
          <gpoId>7865</gpoId>
          <lisID>1835</lisID>
        </identifiers>
        <bioguideId>P000593</bioguideId>
        <sponsorshipWithdrawnDate />
        <isOriginalCosponsor>False</isOriginalCosponsor>
        <district>7</district>
        <fullName>Rep. Perlmutter, Ed [D-CO-7]</fullName>
        <lastName>Perlmutter</lastName>
        <middleName />
      </item>
      <item>
        <sponsorshipDate>2017-09-12</sponsorshipDate>
        <state>WA</state>
        <firstName>ADAM</firstName>
        <party>D</party>
        <identifiers>
          <bioguideId>S000510</bioguideId>
          <gpoId>8213</gpoId>
          <lisID>1528</lisID>
        </identifiers>
        <bioguideId>S000510</bioguideId>
        <sponsorshipWithdrawnDate />
        <isOriginalCosponsor>False</isOriginalCosponsor>
        <district>9</district>
        <fullName>Rep. Smith, Adam [D-WA-9]</fullName>
        <lastName>SMITH</lastName>
        <middleName />
      </item>
      <item>
        <sponsorshipDate>2017-09-21</sponsorshipDate>
        <state>FL</state>
        <firstName>Al</firstName>
        <party>D</party>
        <identifiers>
          <bioguideId>L000586</bioguideId>
          <lisID>2317</lisID>
          <gpoId />
        </identifiers>
        <bioguideId>L000586</bioguideId>
        <sponsorshipWithdrawnDate />
        <isOriginalCosponsor>False</isOriginalCosponsor>
        <district>5</district>
        <fullName>Rep. Lawson, Al, Jr. [D-FL-5]</fullName>
        <lastName>Lawson</lastName>
        <middleName />
      </item>
      <item>
        <sponsorshipDate>2017-09-21</sponsorshipDate>
        <state>CA</state>
        <firstName>Mark</firstName>
        <party>D</party>
        <identifiers>
          <bioguideId>D000623</bioguideId>
          <gpoId />
          <lisID>2227</lisID>
        </identifiers>
        <bioguideId>D000623</bioguideId>
        <sponsorshipWithdrawnDate />
        <isOriginalCosponsor>False</isOriginalCosponsor>
        <district>11</district>
        <fullName>Rep. DeSaulnier, Mark [D-CA-11]</fullName>
        <lastName>DeSaulnier</lastName>
        <middleName />
      </item>
      <item>
        <sponsorshipDate>2017-09-21</sponsorshipDate>
        <state>MA</state>
        <firstName>Joseph</firstName>
        <party>D</party>
        <identifiers>
          <lisID>2172</lisID>
          <gpoId />
          <bioguideId>K000379</bioguideId>
        </identifiers>
        <bioguideId>K000379</bioguideId>
        <sponsorshipWithdrawnDate />
        <isOriginalCosponsor>False</isOriginalCosponsor>
        <district>4</district>
        <fullName>Rep. Kennedy, Joseph P., III [D-MA-4]</fullName>
        <lastName>Kennedy</lastName>
        <middleName>P.</middleName>
      </item>
      <item>
        <sponsorshipDate>2017-09-27</sponsorshipDate>
        <state>MA</state>
        <firstName>Niki</firstName>
        <party>D</party>
        <identifiers>
          <bioguideId>T000465</bioguideId>
          <gpoId>7970</gpoId>
          <lisID>1884</lisID>
        </identifiers>
        <bioguideId>T000465</bioguideId>
        <sponsorshipWithdrawnDate />
        <isOriginalCosponsor>False</isOriginalCosponsor>
        <district>3</district>
        <fullName>Rep. Tsongas, Niki [D-MA-3]</fullName>
        <lastName>Tsongas</lastName>
        <middleName />
      </item>
      <item>
        <sponsorshipDate>2017-10-02</sponsorshipDate>
        <state>MA</state>
        <firstName>Stephen</firstName>
        <party>D</party>
        <identifiers>
          <bioguideId>L000562</bioguideId>
          <gpoId>7974</gpoId>
          <lisID>1686</lisID>
        </identifiers>
        <bioguideId>L000562</bioguideId>
        <sponsorshipWithdrawnDate />
        <isOriginalCosponsor>False</isOriginalCosponsor>
        <district>8</district>
        <fullName>Rep. Lynch, Stephen F. [D-MA-8]</fullName>
        <lastName>Lynch</lastName>
        <middleName>F.</middleName>
      </item>
      <item>
        <sponsorshipDate>2017-10-04</sponsorshipDate>
        <state>MA</state>
        <firstName>Katherine</firstName>
        <party>D</party>
        <identifiers>
          <lisID>2196</lisID>
          <gpoId />
          <bioguideId>C001101</bioguideId>
        </identifiers>
        <bioguideId>C001101</bioguideId>
        <sponsorshipWithdrawnDate />
        <isOriginalCosponsor>False</isOriginalCosponsor>
        <district>5</district>
        <fullName>Rep. Clark, Katherine M. [D-MA-5]</fullName>
        <lastName>Clark</lastName>
        <middleName>M.</middleName>
      </item>
      <item>
        <sponsorshipDate>2017-12-11</sponsorshipDate>
        <state>WI</state>
        <firstName>Gwen</firstName>
        <party>D</party>
        <identifiers>
          <bioguideId>M001160</bioguideId>
          <gpoId>8217</gpoId>
          <lisID>1811</lisID>
        </identifiers>
        <bioguideId>M001160</bioguideId>
        <sponsorshipWithdrawnDate />
        <isOriginalCosponsor>False</isOriginalCosponsor>
        <district>4</district>
        <fullName>Rep. Moore, Gwen [D-WI-4]</fullName>
        <lastName>Moore</lastName>
        <middleName />
      </item>
      <item>
        <sponsorshipDate>2018-02-16</sponsorshipDate>
        <state>WA</state>
        <firstName>Denny</firstName>
        <party>D</party>
        <identifiers>
          <bioguideId>H001064</bioguideId>
          <gpoId />
          <lisID>2170</lisID>
        </identifiers>
        <bioguideId>H001064</bioguideId>
        <sponsorshipWithdrawnDate />
        <isOriginalCosponsor>False</isOriginalCosponsor>
        <district>10</district>
        <fullName>Rep. Heck, Denny [D-WA-10]</fullName>
        <lastName>Heck</lastName>
        <middleName />
      </item>
      <item>
        <sponsorshipDate>2018-02-23</sponsorshipDate>
        <state>CA</state>
        <firstName>MAXINE</firstName>
        <party>D</party>
        <identifiers>
          <bioguideId>W000187</bioguideId>
          <lisID>1205</lisID>
          <gpoId>7840</gpoId>
        </identifiers>
        <bioguideId>W000187</bioguideId>
        <sponsorshipWithdrawnDate />
        <isOriginalCosponsor>False</isOriginalCosponsor>
        <district>43</district>
        <fullName>Rep. Waters, Maxine [D-CA-43]</fullName>
        <lastName>WATERS</lastName>
        <middleName />
      </item>
    </cosponsors>
    <subjects>
      <billSubjects>
        <policyArea>
          <name>Civil Rights and Liberties, Minority Issues</name>
        </policyArea>
        <legislativeSubjects>
          <item>
            <name>Constitution and constitutional amendments</name>
          </item>
          <item>
            <name>Corporate finance and management</name>
          </item>
          <item>
            <name>Elections, voting, political campaign regulation</name>
          </item>
          <item>
            <name>First Amendment rights</name>
          </item>
          <item>
            <name>Political advertising</name>
          </item>
        </legislativeSubjects>
      </billSubjects>
    </subjects>
    <congress>115</congress>
    <title>Proposing an amendment to the Constitution of the United States providing that the rights extended by the Constitution are the rights of natural persons only.</title>
    <introducedDate>2017-01-30</introducedDate>
    <sponsors>
      <item>
        <byRequestType />
        <lastName>NOLAN</lastName>
        <middleName />
        <firstName>RICHARD</firstName>
        <fullName>Rep. Nolan, Richard M. [D-MN-8]</fullName>
        <bioguideId>N000127</bioguideId>
        <party>D</party>
        <identifiers>
          <bioguideId>N000127</bioguideId>
          <gpoId />
          <lisID>867</lisID>
        </identifiers>
        <state>MN</state>
        <district>8</district>
      </item>
    </sponsors>
    <relatedBills />
  </bill>
  <dublinCore xmlns:dc="http://purl.org/dc/elements/1.1/">
    <dc:format>text/xml</dc:format>
    <dc:language>EN</dc:language>
    <dc:rights>Pursuant to Title 17 Section 105 of the United States Code, this file is not subject to copyright protection and is in the public domain.</dc:rights>
    <dc:contributor>Congressional Research Service, Library of Congress</dc:contributor>
    <dc:description>This file contains bill summaries and statuses for federal legislation. A bill summary describes the most significant provisions of a piece of legislation and details the effects the legislative text may have on current law and federal programs. Bill summaries are authored by the Congressional Research Service (CRS) of the Library of Congress. As stated in Public Law 91-510 (2 USC 166 (d)(6)), one of the duties of CRS is "to prepare summaries and digests of bills and resolutions of a public general nature introduced in the Senate or House of Representatives". For more information, refer to the User Guide that accompanies this file.</dc:description>
  </dublinCore>
</billStatus>

