<?xml version="1.0" encoding="UTF-8"?>
<billStatus>
  <bill>
    <constitutionalAuthorityStatementText><![CDATA[<pre>From the Congressional Record Online through the Government Publishing Office [<a href='http://www.gpo.gov'>www.gpo.gov</a>]By Mr. SAM JOHNSON of Texas:H.J. Res. 79.Congress has the power to enact this legislation pursuantto the following:Article 1, Section 8, Clause 17, giving Congress exclusivejurisdiction over the District of Columbia. That clause wascited as the authority for the government's ability to acceptthe original Smithson donation and the creation of theSmithsonian Institution via the Act of August 10, 1846.Article 1, Section 8, Clause 18, the Necessary and Properclause, which provides the power to enact legislationnecessary to effectuate one of the earlier enumerated powers,such as the authority granted in Clause 17 above.[Page H1306]</pre>]]></constitutionalAuthorityStatementText>
    <originChamber>House</originChamber>
    <subjects>
      <billSubjects>
        <legislativeSubjects>
          <item>
            <name>Federal officials</name>
          </item>
          <item>
            <name>Museums, exhibitions, cultural centers</name>
          </item>
          <item>
            <name>Smithsonian Institution</name>
          </item>
        </legislativeSubjects>
        <policyArea>
          <name>Government Operations and Politics</name>
        </policyArea>
      </billSubjects>
    </subjects>
    <cosponsors>
      <item>
        <lastName>Cole</lastName>
        <firstName>Tom</firstName>
        <sponsorshipWithdrawnDate />
        <isOriginalCosponsor>True</isOriginalCosponsor>
        <district>4</district>
        <party>R</party>
        <fullName>Rep. Cole, Tom [R-OK-4]</fullName>
        <middleName />
        <state>OK</state>
        <bioguideId>C001053</bioguideId>
        <sponsorshipDate>2017-02-16</sponsorshipDate>
        <identifiers>
          <bioguideId>C001053</bioguideId>
          <gpoId>8112</gpoId>
          <lisID>1742</lisID>
        </identifiers>
      </item>
      <item>
        <lastName>Matsui</lastName>
        <firstName>Doris</firstName>
        <sponsorshipWithdrawnDate />
        <isOriginalCosponsor>True</isOriginalCosponsor>
        <district>6</district>
        <party>D</party>
        <fullName>Rep. Matsui, Doris O. [D-CA-6]</fullName>
        <middleName>O.</middleName>
        <state>CA</state>
        <bioguideId>M001163</bioguideId>
        <sponsorshipDate>2017-02-16</sponsorshipDate>
        <identifiers>
          <lisID>1814</lisID>
          <bioguideId>M001163</bioguideId>
          <gpoId>7810</gpoId>
        </identifiers>
      </item>
    </cosponsors>
    <billType>HJRES</billType>
    <recordedVotes />
    <laws />
    <committeeReports />
    <actions>
      <actionByCounts>
        <houseOfRepresentatives>3</houseOfRepresentatives>
      </actionByCounts>
      <item>
        <text>Referred to the House Committee on House Administration.</text>
        <type>IntroReferral</type>
        <sourceSystem>
          <name>House floor actions</name>
          <code>2</code>
        </sourceSystem>
        <committee>
          <name>House Administration Committee</name>
          <systemCode>hsha00</systemCode>
        </committee>
        <actionCode>H11100</actionCode>
        <actionDate>2017-02-16</actionDate>
        <links />
      </item>
      <item>
        <text>Introduced in House</text>
        <type>IntroReferral</type>
        <sourceSystem>
          <name>Library of Congress</name>
          <code>9</code>
        </sourceSystem>
        <committee />
        <actionCode>Intro-H</actionCode>
        <actionDate>2017-02-16</actionDate>
        <links />
      </item>
      <item>
        <text>Introduced in House</text>
        <type>IntroReferral</type>
        <sourceSystem>
          <name>Library of Congress</name>
          <code>9</code>
        </sourceSystem>
        <committee />
        <actionCode>1000</actionCode>
        <actionDate>2017-02-16</actionDate>
        <links />
      </item>
      <actionTypeCounts>
        <introducedInHouse>1</introducedInHouse>
        <billReferrals>1</billReferrals>
        <introducedInTheHouse>1</introducedInTheHouse>
      </actionTypeCounts>
    </actions>
    <createDate>2017-02-17T04:46:07Z</createDate>
    <version>1.0.0</version>
    <notes />
    <latestAction>
      <actionDate>2017-02-16</actionDate>
      <text>Referred to the House Committee on House Administration.</text>
      <links />
    </latestAction>
    <title>Providing for the appointment of Michael Govan as a citizen regent of the Board of Regents of the Smithsonian Institution.</title>
    <summaries>
      <billSummaries>
        <item>
          <text><![CDATA[<p>This joint resolution appoints Michael Govan as a citizen regent of the Board of Regents of the Smithsonian Institution. </p>]]></text>
          <actionDate>2017-02-16</actionDate>
          <updateDate>2017-02-16T05:00:00Z</updateDate>
          <lastSummaryUpdateDate>2017-04-12T18:16:53Z</lastSummaryUpdateDate>
          <name>Introduced in House</name>
          <actionDesc>Introduced in House</actionDesc>
          <versionCode>00</versionCode>
        </item>
      </billSummaries>
    </summaries>
    <congress>115</congress>
    <policyArea>
      <name>Government Operations and Politics</name>
    </policyArea>
    <billNumber>79</billNumber>
    <calendarNumbers />
    <cboCostEstimates />
    <introducedDate>2017-02-16</introducedDate>
    <relatedBills>
      <item>
        <type>SJRES</type>
        <latestAction>
          <text>Became Public Law No: 115-28.</text>
          <actionDate>2017-04-19</actionDate>
        </latestAction>
        <latestTitle>A joint resolution providing for the appointment of Michael Govan as a citizen regent of the Board of Regents of the Smithsonian Institution.</latestTitle>
        <relationshipDetails>
          <item>
            <type>Related bill</type>
            <identifiedBy>CRS</identifiedBy>
          </item>
        </relationshipDetails>
        <congress>115</congress>
        <number>35</number>
      </item>
    </relatedBills>
    <committees>
      <billCommittees>
        <item>
          <subcommittees />
          <type>Standing</type>
          <systemCode>hsha00</systemCode>
          <activities>
            <item>
              <name>Referred to</name>
              <date>2017-02-16T15:01:25Z</date>
            </item>
          </activities>
          <name>House Administration Committee</name>
          <chamber>House</chamber>
        </item>
      </billCommittees>
    </committees>
    <titles>
      <item>
        <chamberName />
        <parentTitleType />
        <chamberCode />
        <titleType>Official Title as Introduced</titleType>
        <title>Providing for the appointment of Michael Govan as a citizen regent of the Board of Regents of the Smithsonian Institution.</title>
      </item>
      <item>
        <chamberName />
        <parentTitleType />
        <chamberCode />
        <titleType>Display Title</titleType>
        <title>Providing for the appointment of Michael Govan as a citizen regent of the Board of Regents of the Smithsonian Institution.</title>
      </item>
    </titles>
    <sponsors>
      <item>
        <fullName>Rep. Johnson, Sam [R-TX-3]</fullName>
        <middleName />
        <district>3</district>
        <byRequestType />
        <firstName>SAM</firstName>
        <bioguideId>J000174</bioguideId>
        <state>TX</state>
        <party>R</party>
        <lastName>JOHNSON</lastName>
        <identifiers>
          <bioguideId>J000174</bioguideId>
          <lisID>603</lisID>
          <gpoId>8159</gpoId>
        </identifiers>
      </item>
    </sponsors>
    <updateDate>2018-02-06T16:40:11Z</updateDate>
    <amendments />
  </bill>
  <dublinCore xmlns:dc="http://purl.org/dc/elements/1.1/">
    <dc:format>text/xml</dc:format>
    <dc:language>EN</dc:language>
    <dc:rights>Pursuant to Title 17 Section 105 of the United States Code, this file is not subject to copyright protection and is in the public domain.</dc:rights>
    <dc:contributor>Congressional Research Service, Library of Congress</dc:contributor>
    <dc:description>This file contains bill summaries and statuses for federal legislation. A bill summary describes the most significant provisions of a piece of legislation and details the effects the legislative text may have on current law and federal programs. Bill summaries are authored by the Congressional Research Service (CRS) of the Library of Congress. As stated in Public Law 91-510 (2 USC 166 (d)(6)), one of the duties of CRS is "to prepare summaries and digests of bills and resolutions of a public general nature introduced in the Senate or House of Representatives". For more information, refer to the User Guide that accompanies this file.</dc:description>
  </dublinCore>
</billStatus>

