<?xml version="1.0" encoding="UTF-8"?>
<billStatus>
  <bill>
    <constitutionalAuthorityStatementText />
    <originChamber>House</originChamber>
    <subjects>
      <billSubjects>
        <policyArea>
          <name>Public Lands and Natural Resources</name>
        </policyArea>
        <legislativeSubjects>
          <item>
            <name>Administrative law and regulatory procedures</name>
          </item>
          <item>
            <name>Alaska</name>
          </item>
          <item>
            <name>Congressional oversight</name>
          </item>
          <item>
            <name>Department of the Interior</name>
          </item>
          <item>
            <name>Environmental assessment, monitoring, research</name>
          </item>
          <item>
            <name>Land use and conservation</name>
          </item>
        </legislativeSubjects>
      </billSubjects>
    </subjects>
    <cosponsors />
    <billType>HJRES</billType>
    <recordedVotes />
    <laws />
    <committeeReports />
    <actions>
      <actionTypeCounts>
        <introducedInTheHouse>1</introducedInTheHouse>
        <introducedInHouse>1</introducedInHouse>
        <billReferrals>1</billReferrals>
      </actionTypeCounts>
      <item>
        <text>Referred to the House Committee on Natural Resources.</text>
        <links />
        <actionDate>2017-04-06</actionDate>
        <committee>
          <systemCode>hsii00</systemCode>
          <name>Natural Resources Committee</name>
        </committee>
        <sourceSystem>
          <name>House floor actions</name>
          <code>2</code>
        </sourceSystem>
        <type>IntroReferral</type>
        <actionCode>H11100</actionCode>
      </item>
      <item>
        <text>Introduced in House</text>
        <links />
        <actionDate>2017-04-06</actionDate>
        <committee />
        <sourceSystem>
          <name>Library of Congress</name>
          <code>9</code>
        </sourceSystem>
        <type>IntroReferral</type>
        <actionCode>Intro-H</actionCode>
      </item>
      <item>
        <text>Introduced in House</text>
        <links />
        <actionDate>2017-04-06</actionDate>
        <committee />
        <sourceSystem>
          <name>Library of Congress</name>
          <code>9</code>
        </sourceSystem>
        <type>IntroReferral</type>
        <actionCode>1000</actionCode>
      </item>
      <actionByCounts>
        <houseOfRepresentatives>3</houseOfRepresentatives>
      </actionByCounts>
    </actions>
    <createDate>2017-04-07T03:11:46Z</createDate>
    <version>1.0.0</version>
    <notes />
    <latestAction>
      <actionDate>2017-04-06</actionDate>
      <text>Referred to the House Committee on Natural Resources.</text>
      <links />
    </latestAction>
    <title>Providing for congressional disapproval under chapter 8 of title 5, United States Code, of the rule submitted by the Department of the Interior relating to "Eastern Interior Proposed Resource Management Plan and Final Environmental Impact Statement".</title>
    <summaries>
      <billSummaries>
        <item>
          <updateDate>2017-04-06T04:00:00Z</updateDate>
          <lastSummaryUpdateDate>2017-05-05T20:34:18Z</lastSummaryUpdateDate>
          <actionDate>2017-04-06</actionDate>
          <name>Introduced in House</name>
          <actionDesc>Introduced in House</actionDesc>
          <versionCode>00</versionCode>
          <text><![CDATA[<p>This joint resolution nullifies the rule submitted by the Department of the Interior relating to the management plan prepared by the Bureau of Land Management for the Eastern Interior Planning Area in Alaska, entitled the "Eastern Interior Proposed Resource Management Plan and Final Environmental Impact Statement," published on July 29, 2016. </p>]]></text>
        </item>
      </billSummaries>
    </summaries>
    <congress>115</congress>
    <policyArea>
      <name>Public Lands and Natural Resources</name>
    </policyArea>
    <billNumber>96</billNumber>
    <calendarNumbers />
    <cboCostEstimates />
    <introducedDate>2017-04-06</introducedDate>
    <relatedBills>
      <item>
        <type>HR</type>
        <latestAction>
          <text>Referred to the Subcommittee on Federal Lands.</text>
          <actionDate>2017-04-24</actionDate>
        </latestAction>
        <latestTitle>Eastern Interior Alaska Land Use Protection Act</latestTitle>
        <relationshipDetails>
          <item>
            <type>Related bill</type>
            <identifiedBy>CRS</identifiedBy>
          </item>
        </relationshipDetails>
        <congress>115</congress>
        <number>2080</number>
      </item>
    </relatedBills>
    <committees>
      <billCommittees>
        <item>
          <subcommittees />
          <type>Standing</type>
          <systemCode>hsii00</systemCode>
          <activities>
            <item>
              <name>Referred to</name>
              <date>2017-04-06T13:11:10Z</date>
            </item>
          </activities>
          <name>Natural Resources Committee</name>
          <chamber>House</chamber>
        </item>
      </billCommittees>
    </committees>
    <titles>
      <item>
        <title>Providing for congressional disapproval under chapter 8 of title 5, United States Code, of the rule submitted by the Department of the Interior relating to "Eastern Interior Proposed Resource Management Plan and Final Environmental Impact Statement".</title>
        <titleType>Official Title as Introduced</titleType>
        <parentTitleType />
        <chamberCode />
        <chamberName />
      </item>
      <item>
        <title>Providing for congressional disapproval under chapter 8 of title 5, United States Code, of the rule submitted by the Department of the Interior relating to "Eastern Interior Proposed Resource Management Plan and Final Environmental Impact Statement".</title>
        <titleType>Display Title</titleType>
        <parentTitleType />
        <chamberCode />
        <chamberName />
      </item>
    </titles>
    <sponsors>
      <item>
        <fullName>Rep. Young, Don [R-AK-At Large]</fullName>
        <middleName>E.</middleName>
        <district>0</district>
        <byRequestType />
        <firstName>DON</firstName>
        <bioguideId>Y000033</bioguideId>
        <state>AK</state>
        <party>R</party>
        <lastName>YOUNG</lastName>
        <identifiers>
          <lisID>1256</lisID>
          <gpoId>7785</gpoId>
          <bioguideId>Y000033</bioguideId>
        </identifiers>
      </item>
    </sponsors>
    <updateDate>2018-02-06T16:40:12Z</updateDate>
    <amendments />
  </bill>
  <dublinCore xmlns:dc="http://purl.org/dc/elements/1.1/">
    <dc:format>text/xml</dc:format>
    <dc:language>EN</dc:language>
    <dc:rights>Pursuant to Title 17 Section 105 of the United States Code, this file is not subject to copyright protection and is in the public domain.</dc:rights>
    <dc:contributor>Congressional Research Service, Library of Congress</dc:contributor>
    <dc:description>This file contains bill summaries and statuses for federal legislation. A bill summary describes the most significant provisions of a piece of legislation and details the effects the legislative text may have on current law and federal programs. Bill summaries are authored by the Congressional Research Service (CRS) of the Library of Congress. As stated in Public Law 91-510 (2 USC 166 (d)(6)), one of the duties of CRS is "to prepare summaries and digests of bills and resolutions of a public general nature introduced in the Senate or House of Representatives". For more information, refer to the User Guide that accompanies this file.</dc:description>
  </dublinCore>
</billStatus>

