<?xml version="1.0" encoding="UTF-8"?>
<billStatus>
  <bill>
    <sponsors>
      <item>
        <fullName>Rep. Young, Don [R-AK-At Large]</fullName>
        <lastName>YOUNG</lastName>
        <bioguideId>Y000033</bioguideId>
        <party>R</party>
        <middleName>E.</middleName>
        <state>AK</state>
        <firstName>DON</firstName>
        <district>0</district>
        <byRequestType />
        <identifiers>
          <lisID>1256</lisID>
          <gpoId>7785</gpoId>
          <bioguideId>Y000033</bioguideId>
        </identifiers>
      </item>
    </sponsors>
    <laws>
      <item>
        <type>Public Law</type>
        <number>115-20</number>
      </item>
    </laws>
    <version>1.0.0</version>
    <introducedDate>2017-02-07</introducedDate>
    <cboCostEstimates />
    <titles>
      <item>
        <chamberName />
        <titleType>Official Title as Introduced</titleType>
        <title>Providing for congressional disapproval under chapter 8 of title 5, United States Code, of the final rule of the Department of the Interior relating to "Non-Subsistence Take of Wildlife, and Public Participation and Closure Procedures, on National Wildlife Refuges in Alaska".</title>
        <parentTitleType />
        <chamberCode />
      </item>
      <item>
        <chamberName />
        <titleType>Display Title</titleType>
        <title>Providing for congressional disapproval under chapter 8 of title 5, United States Code, of the final rule of the Department of the Interior relating to "Non-Subsistence Take of Wildlife, and Public Participation and Closure Procedures, on National Wildlife Refuges in Alaska".</title>
        <parentTitleType />
        <chamberCode />
      </item>
    </titles>
    <amendments />
    <recordedVotes>
      <recordedVote>
        <sessionNumber>1</sessionNumber>
        <chamber>Senate</chamber>
        <congress>115</congress>
        <rollNumber>92</rollNumber>
        <fullActionName>PASSED SENATE</fullActionName>
        <date>2017-03-21T22:51:11Z</date>
        <url>http://www.senate.gov/legislative/LIS/roll_call_lists/roll_call_vote_cfm.cfm?&amp;congress=115&amp;session=1&amp;vote=00092</url>
      </recordedVote>
      <recordedVote>
        <sessionNumber>1</sessionNumber>
        <chamber>House</chamber>
        <congress>115</congress>
        <rollNumber>98</rollNumber>
        <fullActionName>Passage of a Measure</fullActionName>
        <date>2017-02-16T20:17:40Z</date>
        <url>http://clerk.house.gov/evs/2017/roll098.xml</url>
      </recordedVote>
    </recordedVotes>
    <relatedBills>
      <item>
        <number>18</number>
        <latestTitle>A joint resolution providing for congressional disapproval under chapter 8 of title 5, United States Code, of the final rule submitted by the Department of the Interior relating to Non-Subsistence Take of Wildlife, and Public Participation and Closure Procedures, on National Wildlife Refuges in Alaska.</latestTitle>
        <type>SJRES</type>
        <relationshipDetails>
          <item>
            <identifiedBy>CRS</identifiedBy>
            <type>Related bill</type>
          </item>
        </relationshipDetails>
        <congress>115</congress>
        <latestAction>
          <text>Read twice and referred to the Committee on Energy and Natural Resources.</text>
          <actionDate>2017-02-01</actionDate>
        </latestAction>
      </item>
      <item>
        <number>35</number>
        <latestTitle>Providing for congressional disapproval under chapter 8 of title 5, United States Code, of the final rule of the Department of the Interior relating to "Non-Subsistence Take of Wildlife, and Public Participation and Closure Procedures, on National Wildlife Refuges in Alaska".</latestTitle>
        <type>HJRES</type>
        <relationshipDetails>
          <item>
            <identifiedBy>CRS</identifiedBy>
            <type>Identical bill</type>
          </item>
        </relationshipDetails>
        <congress>115</congress>
        <latestAction>
          <text>Referred to the House Committee on Natural Resources.</text>
          <actionDate>2017-01-27</actionDate>
        </latestAction>
      </item>
      <item>
        <number>49</number>
        <latestTitle>Providing for congressional disapproval under chapter 8 of title 5, United States Code, of the final rule of the Department of the Interior relating to "Non-Subsistence Take of Wildlife, and Public Participation and Closure Procedures, on National Wildlife Refuges in Alaska".</latestTitle>
        <type>HJRES</type>
        <relationshipDetails>
          <item>
            <identifiedBy>CRS</identifiedBy>
            <type>Identical bill</type>
          </item>
        </relationshipDetails>
        <congress>115</congress>
        <latestAction>
          <text>Referred to the House Committee on Natural Resources.</text>
          <actionDate>2017-01-30</actionDate>
        </latestAction>
      </item>
      <item>
        <number>123</number>
        <latestTitle>Providing for consideration of the joint resolution (H.J. Res. 43) providing for congressional disapproval under chapter 8 of title 5, United States Code, of the final rule submitted by Secretary of Health and Human Services relating to compliance with title X requirements by project recipients in selecting subrecipients; providing for consideration of the joint resolution (H.J. Res. 69) providing for congressional disapproval under chapter 8 of title 5, United States Code, of the final rule of the Department of the Interior relating to "Non-Subsistence Take of Wildlife, and Public Participation and Closure Procedures, on National Wildlife Refuges in Alaska"; and providing for proceedings during the period from February 17, 2017, through February 24, 2017.</latestTitle>
        <type>HRES</type>
        <relationshipDetails>
          <item>
            <identifiedBy>House</identifiedBy>
            <type>Procedurally-related</type>
          </item>
        </relationshipDetails>
        <congress>115</congress>
        <latestAction>
          <text>Motion to reconsider laid on the table Agreed to without objection.</text>
          <actionTime>13:26:19</actionTime>
          <actionDate>2017-02-15</actionDate>
        </latestAction>
      </item>
    </relatedBills>
    <constitutionalAuthorityStatementText><![CDATA[<pre>From the Congressional Record Online through the Government Publishing Office [<a href='http://www.gpo.gov'>www.gpo.gov</a>]By Mr. YOUNG of Alaska:H.J. Res. 69.Congress has the power to enact this legislation pursuantto the following:Article 1, Section 8, Clause 18``To make all Laws which shall be necessary and proper forcarrying into Execution the foregoing Powers, and all otherPowers vested by this Constitution in the Government of theUnited States, or in any Department or Officer thereof.''____________________[Page H1087]</pre>]]></constitutionalAuthorityStatementText>
    <billType>HJRES</billType>
    <actions>
      <actionByCounts>
        <senate>6</senate>
        <houseOfRepresentatives>14</houseOfRepresentatives>
      </actionByCounts>
      <actionTypeCounts>
        <billReferrals>1</billReferrals>
        <introducedInTheHouse>1</introducedInTheHouse>
        <placeholderTextForHL>1</placeholderTextForHL>
        <placeholderTextForE>3</placeholderTextForE>
        <measureLaidBeforeSenate>1</measureLaidBeforeSenate>
        <ruleForConsiderationOfBillReportedToHouse>1</ruleForConsiderationOfBillReportedToHouse>
        <introducedInSenate>1</introducedInSenate>
        <presentedToPresident>1</presentedToPresident>
        <motionToReconsiderResults>1</motionToReconsiderResults>
        <passedAgreedToInHouse>1</passedAgreedToInHouse>
        <passageOfAMeasure>1</passageOfAMeasure>
        <considerationByHouse>2</considerationByHouse>
        <sentToHouse>1</sentToHouse>
        <becamePublicLaw>2</becamePublicLaw>
        <passedSenate>1</passedSenate>
        <motionForPreviousQuestion>1</motionForPreviousQuestion>
        <passedAgreedToInSenate>1</passedAgreedToInSenate>
        <generalDebate>3</generalDebate>
        <introducedInHouse>1</introducedInHouse>
        <motionToConsider>1</motionToConsider>
      </actionTypeCounts>
      <item>
        <sourceSystem>
          <name>House floor actions</name>
          <code>2</code>
        </sourceSystem>
        <actionDate>2017-04-03</actionDate>
        <text>Became Public Law No: 115-20.</text>
        <type>President</type>
        <links>
          <link>
            <name>Public Law No: 115-20</name>
            <url>https://www.congress.gov/bill/115th-congress/house-joint-resolution/69/text/pl</url>
          </link>
        </links>
        <committee />
        <actionCode>E40000</actionCode>
      </item>
      <item>
        <sourceSystem>
          <name>Library of Congress</name>
          <code>9</code>
        </sourceSystem>
        <actionDate>2017-04-03</actionDate>
        <text>Became Public Law No: 115-20.</text>
        <type>BecameLaw</type>
        <links>
          <link>
            <name>Public Law No: 115-20</name>
            <url>https://www.congress.gov/bill/115th-congress/house-joint-resolution/69/text/pl</url>
          </link>
        </links>
        <committee />
        <actionCode>36000</actionCode>
      </item>
      <item>
        <sourceSystem>
          <name>House floor actions</name>
          <code>2</code>
        </sourceSystem>
        <actionDate>2017-04-03</actionDate>
        <text>Signed by President.</text>
        <type>President</type>
        <links />
        <committee />
        <actionCode>E30000</actionCode>
      </item>
      <item>
        <sourceSystem>
          <name>Library of Congress</name>
          <code>9</code>
        </sourceSystem>
        <actionDate>2017-04-03</actionDate>
        <text>Signed by President.</text>
        <type>BecameLaw</type>
        <links />
        <committee />
        <actionCode>36000</actionCode>
      </item>
      <item>
        <sourceSystem>
          <name>House floor actions</name>
          <code>2</code>
        </sourceSystem>
        <actionDate>2017-03-27</actionDate>
        <text>Presented to President.</text>
        <type>Floor</type>
        <links />
        <committee />
        <actionCode>E20000</actionCode>
      </item>
      <item>
        <sourceSystem>
          <name>Library of Congress</name>
          <code>9</code>
        </sourceSystem>
        <actionDate>2017-03-27</actionDate>
        <text>Presented to President.</text>
        <type>President</type>
        <links />
        <committee />
        <actionCode>28000</actionCode>
      </item>
      <item>
        <actionDate>2017-03-22</actionDate>
        <committee />
        <links />
        <sourceSystem>
          <name>Senate</name>
          <code>0</code>
        </sourceSystem>
        <text>Message on Senate action sent to the House.</text>
        <type>Floor</type>
      </item>
      <item>
        <actionDate>2017-03-21</actionDate>
        <committee />
        <links>
          <link>
            <name>Record Vote Number: 92</name>
            <url>http://www.senate.gov/legislative/LIS/roll_call_lists/roll_call_vote_cfm.cfm?congress=115&amp;session=1&amp;vote=00092</url>
          </link>
        </links>
        <sourceSystem>
          <name>Senate</name>
          <code>0</code>
        </sourceSystem>
        <text>Passed Senate without amendment by Yea-Nay Vote. 52 - 47. Record Vote Number: 92.</text>
        <type>Floor</type>
      </item>
      <item>
        <sourceSystem>
          <name>Library of Congress</name>
          <code>9</code>
        </sourceSystem>
        <actionDate>2017-03-21</actionDate>
        <text>Passed/agreed to in Senate: Passed Senate without amendment by Yea-Nay Vote. 52 - 47. Record Vote Number: 92.</text>
        <type>Floor</type>
        <links>
          <link>
            <name>Record Vote Number: 92</name>
            <url>http://www.senate.gov/legislative/LIS/roll_call_lists/roll_call_vote_cfm.cfm?congress=115&amp;session=1&amp;vote=00092</url>
          </link>
        </links>
        <committee />
        <actionCode>17000</actionCode>
      </item>
      <item>
        <actionDate>2017-03-21</actionDate>
        <committee />
        <links>
          <link>
            <name>S1864-1884</name>
            <url>https://www.congress.gov/congressional-record/volume-163/senate-section/page/S1864-1884</url>
          </link>
        </links>
        <sourceSystem>
          <name>Senate</name>
          <code>0</code>
        </sourceSystem>
        <text>Measure laid before Senate by motion. (consideration: CR S1864-1884)</text>
        <type>Floor</type>
      </item>
      <item>
        <actionDate>2017-03-21</actionDate>
        <committee />
        <links>
          <link>
            <name>S1864</name>
            <url>https://www.congress.gov/congressional-record/volume-163/senate-section/page/S1864</url>
          </link>
        </links>
        <sourceSystem>
          <name>Senate</name>
          <code>0</code>
        </sourceSystem>
        <text>Motion to proceed to consideration of measure agreed to in Senate by Voice Vote. (consideration: CR S1864)</text>
        <type>Floor</type>
      </item>
      <item>
        <actionDate>2017-02-17</actionDate>
        <committee />
        <links />
        <sourceSystem>
          <name>Senate</name>
          <code>0</code>
        </sourceSystem>
        <text>Received in the Senate, read twice.</text>
        <type>IntroReferral</type>
      </item>
      <item>
        <sourceSystem>
          <name>House floor actions</name>
          <code>2</code>
        </sourceSystem>
        <actionDate>2017-02-16</actionDate>
        <text>Motion to reconsider laid on the table Agreed to without objection.</text>
        <type>Floor</type>
        <links />
        <committee />
        <actionCode>H38310</actionCode>
        <actionTime>15:17:41</actionTime>
      </item>
      <item>
        <sourceSystem>
          <name>House floor actions</name>
          <code>2</code>
        </sourceSystem>
        <actionDate>2017-02-16</actionDate>
        <text>On passage Passed by the Yeas and Nays: 225 - 193 (Roll no. 98). (text: CR H1260)</text>
        <type>Floor</type>
        <links>
          <link>
            <name>H1260</name>
            <url>https://www.congress.gov/congressional-record/volume-163/house-section/page/H1260</url>
          </link>
          <link>
            <name>Roll no. 98</name>
            <url>http://clerk.house.gov/evs/2017/roll098.xml</url>
          </link>
        </links>
        <committee />
        <actionCode>H37100</actionCode>
        <actionTime>15:17:40</actionTime>
      </item>
      <item>
        <sourceSystem>
          <name>Library of Congress</name>
          <code>9</code>
        </sourceSystem>
        <actionDate>2017-02-16</actionDate>
        <text>Passed/agreed to in House: On passage Passed by the Yeas and Nays: 225 - 193 (Roll no. 98).(text: CR H1260)</text>
        <type>Floor</type>
        <links>
          <link>
            <name>H1260</name>
            <url>https://www.congress.gov/congressional-record/volume-163/house-section/page/H1260</url>
          </link>
          <link>
            <name>Roll no. 98</name>
            <url>http://clerk.house.gov/evs/2017/roll098.xml</url>
          </link>
        </links>
        <committee />
        <actionCode>8000</actionCode>
        <actionTime>15:17:40</actionTime>
      </item>
      <item>
        <sourceSystem>
          <name>House floor actions</name>
          <code>2</code>
        </sourceSystem>
        <actionDate>2017-02-16</actionDate>
        <text>Considered as unfinished business. (consideration: CR H1278-1279)</text>
        <type>Floor</type>
        <links>
          <link>
            <name>H1278-1279</name>
            <url>https://www.congress.gov/congressional-record/volume-163/house-section/page/H1278-1279</url>
          </link>
        </links>
        <committee />
        <actionCode>H30000</actionCode>
        <actionTime>14:54:34</actionTime>
      </item>
      <item>
        <sourceSystem>
          <name>House floor actions</name>
          <code>2</code>
        </sourceSystem>
        <actionDate>2017-02-16</actionDate>
        <text>POSTPONED PROCEEDINGS - At the conclusion of debate on H.J. Res. 69, the Chair put the question on passage and by voice vote, announced that the ayes had prevailed. Mr. Beyer demanded the yeas and nays and the Chair postponed further proceedings on passage until a time to be announced.</text>
        <type>Floor</type>
        <links>
          <link>
            <name>H.J. Res. 69</name>
            <url>https://www.congress.gov/bill/115th-congress/house-joint-resolution/69</url>
          </link>
        </links>
        <committee />
        <actionCode>H8D000</actionCode>
        <actionTime>13:41:15</actionTime>
      </item>
      <item>
        <sourceSystem>
          <name>House floor actions</name>
          <code>2</code>
        </sourceSystem>
        <actionDate>2017-02-16</actionDate>
        <text>The previous question was ordered pursuant to the rule.</text>
        <type>Floor</type>
        <links />
        <committee />
        <actionCode>H35000</actionCode>
        <actionTime>13:40:59</actionTime>
      </item>
      <item>
        <sourceSystem>
          <name>House floor actions</name>
          <code>2</code>
        </sourceSystem>
        <actionDate>2017-02-16</actionDate>
        <text>DEBATE - The House proceeded with one hour of debate on H.J. Res. 69.</text>
        <type>Floor</type>
        <links>
          <link>
            <name>H.J. Res. 69</name>
            <url>https://www.congress.gov/bill/115th-congress/house-joint-resolution/69</url>
          </link>
        </links>
        <committee />
        <actionCode>H8D000</actionCode>
        <actionTime>12:38:00</actionTime>
      </item>
      <item>
        <sourceSystem>
          <name>House floor actions</name>
          <code>2</code>
        </sourceSystem>
        <actionDate>2017-02-16</actionDate>
        <text>The resolution provides for one hour of general debate on both H.J.Res. 43 and H.J.Res. 69; and provides for proceedings during the period from February 17, 2017, through February 24, 2017.</text>
        <type>Floor</type>
        <links>
          <link>
            <name>H.J.Res. 43</name>
            <url>https://www.congress.gov/bill/115th-congress/house-joint-resolution/43</url>
          </link>
          <link>
            <name>H.J.Res. 69</name>
            <url>https://www.congress.gov/bill/115th-congress/house-joint-resolution/69</url>
          </link>
        </links>
        <committee />
        <actionCode>H8D000</actionCode>
        <actionTime>12:37:29</actionTime>
      </item>
      <item>
        <sourceSystem>
          <name>House floor actions</name>
          <code>2</code>
        </sourceSystem>
        <actionDate>2017-02-16</actionDate>
        <text>Considered under the provisions of rule H. Res. 123. (consideration: CR H1259-1268)</text>
        <type>Floor</type>
        <links>
          <link>
            <name>H. Res. 123</name>
            <url>https://www.congress.gov/bill/115th-congress/house-resolution/123</url>
          </link>
          <link>
            <name>H1259-1268</name>
            <url>https://www.congress.gov/congressional-record/volume-163/house-section/page/H1259-1268</url>
          </link>
        </links>
        <committee />
        <actionCode>H30000</actionCode>
        <actionTime>12:37:24</actionTime>
      </item>
      <item>
        <sourceSystem>
          <name>House floor actions</name>
          <code>2</code>
        </sourceSystem>
        <actionDate>2017-02-15</actionDate>
        <text>Rule H. Res. 123 passed House.</text>
        <type>Floor</type>
        <links>
          <link>
            <name>H. Res. 123</name>
            <url>https://www.congress.gov/bill/115th-congress/house-resolution/123</url>
          </link>
        </links>
        <committee />
        <actionCode>H1L220</actionCode>
        <actionTime>13:26:19</actionTime>
      </item>
      <item>
        <sourceSystem>
          <name>House floor actions</name>
          <code>2</code>
        </sourceSystem>
        <actionDate>2017-02-14</actionDate>
        <text>Rules Committee Resolution H. Res. 123 Reported to House. The resolution provides for one hour of general debate on both H.J.Res. 43 and H.J.Res. 69; and provides for proceedings during the period from February 17, 2017, through February 24, 2017.</text>
        <type>Floor</type>
        <links>
          <link>
            <name>H. Res. 123</name>
            <url>https://www.congress.gov/bill/115th-congress/house-resolution/123</url>
          </link>
          <link>
            <name>H.J.Res. 43</name>
            <url>https://www.congress.gov/bill/115th-congress/house-joint-resolution/43</url>
          </link>
          <link>
            <name>H.J.Res. 69</name>
            <url>https://www.congress.gov/bill/115th-congress/house-joint-resolution/69</url>
          </link>
        </links>
        <committee />
        <actionCode>H1L210</actionCode>
        <actionTime>16:46:41</actionTime>
      </item>
      <item>
        <sourceSystem>
          <name>House floor actions</name>
          <code>2</code>
        </sourceSystem>
        <actionDate>2017-02-07</actionDate>
        <text>Referred to the House Committee on Natural Resources.</text>
        <type>IntroReferral</type>
        <links />
        <committee>
          <systemCode>hsii00</systemCode>
          <name>Natural Resources Committee</name>
        </committee>
        <actionCode>H11100</actionCode>
      </item>
      <item>
        <sourceSystem>
          <name>Library of Congress</name>
          <code>9</code>
        </sourceSystem>
        <actionDate>2017-02-07</actionDate>
        <text>Introduced in House</text>
        <type>IntroReferral</type>
        <links />
        <committee />
        <actionCode>Intro-H</actionCode>
      </item>
      <item>
        <sourceSystem>
          <name>Library of Congress</name>
          <code>9</code>
        </sourceSystem>
        <actionDate>2017-02-07</actionDate>
        <text>Introduced in House</text>
        <type>IntroReferral</type>
        <links />
        <committee />
        <actionCode>1000</actionCode>
      </item>
    </actions>
    <notes />
    <originChamber>House</originChamber>
    <congress>115</congress>
    <subjects>
      <billSubjects>
        <legislativeSubjects>
          <item>
            <name>Administrative law and regulatory procedures</name>
          </item>
          <item>
            <name>Alaska</name>
          </item>
          <item>
            <name>Congressional oversight</name>
          </item>
          <item>
            <name>Department of the Interior</name>
          </item>
          <item>
            <name>Hunting and fishing</name>
          </item>
          <item>
            <name>Wilderness and natural areas, wildlife refuges, wild rivers, habitats</name>
          </item>
          <item>
            <name>Wildlife conservation and habitat protection</name>
          </item>
        </legislativeSubjects>
        <policyArea>
          <name>Public Lands and Natural Resources</name>
        </policyArea>
      </billSubjects>
    </subjects>
    <billNumber>69</billNumber>
    <cosponsors>
      <item>
        <identifiers>
          <lisID>1525</lisID>
          <bioguideId>S000250</bioguideId>
          <gpoId>8188</gpoId>
        </identifiers>
        <sponsorshipDate>2017-02-13</sponsorshipDate>
        <district>32</district>
        <middleName />
        <sponsorshipWithdrawnDate />
        <fullName>Rep. Sessions, Pete [R-TX-32]</fullName>
        <party>R</party>
        <firstName>PETE</firstName>
        <isOriginalCosponsor>False</isOriginalCosponsor>
        <lastName>SESSIONS</lastName>
        <state>TX</state>
        <bioguideId>S000250</bioguideId>
      </item>
      <item>
        <identifiers>
          <lisID>2277</lisID>
          <bioguideId>M001195</bioguideId>
          <gpoId />
        </identifiers>
        <sponsorshipDate>2017-02-13</sponsorshipDate>
        <district>2</district>
        <middleName>X.</middleName>
        <sponsorshipWithdrawnDate />
        <fullName>Rep. Mooney, Alexander X. [R-WV-2]</fullName>
        <party>R</party>
        <firstName>Alexander</firstName>
        <isOriginalCosponsor>False</isOriginalCosponsor>
        <lastName>Mooney</lastName>
        <state>WV</state>
        <bioguideId>M001195</bioguideId>
      </item>
    </cosponsors>
    <summaries>
      <billSummaries>
        <item>
          <versionCode>00</versionCode>
          <updateDate>2017-02-07T05:00:00Z</updateDate>
          <actionDate>2017-02-07</actionDate>
          <text><![CDATA[<p>This joint resolution nullifies the rule finalized by the Department of the Interior on August 5, 2016, relating to non-subsistence takings of wildlife and public participation and closure procedures on National Wildlife Refuges in Alaska. </p>]]></text>
          <actionDesc>Introduced in House</actionDesc>
          <lastSummaryUpdateDate>2017-03-15T19:52:30Z</lastSummaryUpdateDate>
          <name>Introduced in House</name>
        </item>
        <item>
          <versionCode>81</versionCode>
          <updateDate>2017-02-16T14:49:30Z</updateDate>
          <actionDate>2017-02-16</actionDate>
          <text><![CDATA[<p>(This measure has not been amended since it was introduced. The summary of that version is repeated here.)</p> <p>This joint resolution nullifies the rule finalized by the Department of the Interior on August 5, 2016, relating to non-subsistence takings of wildlife and public participation and closure procedures on National Wildlife Refuges in Alaska. </p>]]></text>
          <actionDesc>Passed House without amendment</actionDesc>
          <lastSummaryUpdateDate>2017-03-15T19:55:39Z</lastSummaryUpdateDate>
          <name>Passed House without amendment</name>
        </item>
        <item>
          <versionCode>82</versionCode>
          <updateDate>2017-03-21T12:34:10Z</updateDate>
          <actionDate>2017-03-21</actionDate>
          <text><![CDATA[<p>(This measure has not been amended since it was introduced. The summary of that version is repeated here.)</p> <p>This joint resolution nullifies the rule finalized by the Department of the Interior on August 5, 2016, relating to non-subsistence takings of wildlife and public participation and closure procedures on National Wildlife Refuges in Alaska. </p>]]></text>
          <actionDesc>Passed Senate without amendment</actionDesc>
          <lastSummaryUpdateDate>2017-03-27T15:40:43Z</lastSummaryUpdateDate>
          <name>Passed Senate without amendment</name>
        </item>
        <item>
          <versionCode>49</versionCode>
          <updateDate>2017-04-04T03:59:58Z</updateDate>
          <actionDate>2017-04-03</actionDate>
          <text><![CDATA[<p>(This measure has not been amended since it was introduced. The summary of that version is repeated here.)</p> <p>This joint resolution nullifies the rule finalized by the Department of the Interior on August 5, 2016, relating to non-subsistence takings of wildlife and public participation and closure procedures on National Wildlife Refuges in Alaska. </p>]]></text>
          <actionDesc>Public Law</actionDesc>
          <lastSummaryUpdateDate>2017-04-12T19:43:46Z</lastSummaryUpdateDate>
          <name>Public Law</name>
        </item>
      </billSummaries>
    </summaries>
    <policyArea>
      <name>Public Lands and Natural Resources</name>
    </policyArea>
    <latestAction>
      <links>
        <link>
          <url>https://www.congress.gov/bill/115th-congress/house-joint-resolution/69/text/pl</url>
          <name>Public Law No: 115-20</name>
        </link>
      </links>
      <actionDate>2017-04-03</actionDate>
      <text>Became Public Law No: 115-20.</text>
    </latestAction>
    <updateDate>2018-02-06T16:40:11Z</updateDate>
    <committees>
      <billCommittees>
        <item>
          <chamber>House</chamber>
          <name>Natural Resources Committee</name>
          <systemCode>hsii00</systemCode>
          <activities>
            <item>
              <date>2017-02-07T15:08:20Z</date>
              <name>Referred to</name>
            </item>
          </activities>
          <type>Standing</type>
          <subcommittees />
        </item>
      </billCommittees>
    </committees>
    <createDate>2017-02-08T04:45:55Z</createDate>
    <title>Providing for congressional disapproval under chapter 8 of title 5, United States Code, of the final rule of the Department of the Interior relating to "Non-Subsistence Take of Wildlife, and Public Participation and Closure Procedures, on National Wildlife Refuges in Alaska".</title>
    <committeeReports />
    <calendarNumbers />
  </bill>
  <dublinCore xmlns:dc="http://purl.org/dc/elements/1.1/">
    <dc:format>text/xml</dc:format>
    <dc:language>EN</dc:language>
    <dc:rights>Pursuant to Title 17 Section 105 of the United States Code, this file is not subject to copyright protection and is in the public domain.</dc:rights>
    <dc:contributor>Congressional Research Service, Library of Congress</dc:contributor>
    <dc:description>This file contains bill summaries and statuses for federal legislation. A bill summary describes the most significant provisions of a piece of legislation and details the effects the legislative text may have on current law and federal programs. Bill summaries are authored by the Congressional Research Service (CRS) of the Library of Congress. As stated in Public Law 91-510 (2 USC 166 (d)(6)), one of the duties of CRS is "to prepare summaries and digests of bills and resolutions of a public general nature introduced in the Senate or House of Representatives". For more information, refer to the User Guide that accompanies this file.</dc:description>
  </dublinCore>
</billStatus>

