<?xml version="1.0" encoding="UTF-8"?>
<billStatus>
  <bill>
    <introducedDate>2017-02-16</introducedDate>
    <congress>115</congress>
    <latestAction>
      <actionDate>2017-02-16</actionDate>
      <links />
      <text>Referred to the House Committee on Natural Resources.</text>
    </latestAction>
    <originChamber>House</originChamber>
    <billNumber>82</billNumber>
    <sponsors>
      <item>
        <state>AR</state>
        <identifiers>
          <lisID>2224</lisID>
          <bioguideId>W000821</bioguideId>
          <gpoId />
        </identifiers>
        <bioguideId>W000821</bioguideId>
        <lastName>Westerman</lastName>
        <fullName>Rep. Westerman, Bruce [R-AR-4]</fullName>
        <district>4</district>
        <firstName>Bruce</firstName>
        <byRequestType />
        <middleName />
        <party>R</party>
      </item>
    </sponsors>
    <committeeReports />
    <relatedBills />
    <titles>
      <item>
        <chamberCode />
        <titleType>Official Title as Introduced</titleType>
        <parentTitleType />
        <chamberName />
        <title>Providing for congressional disapproval under chapter 8 of title 5, United States Code, of the final rule of the Bureau of Land Management relating to "Onshore Oil and Gas Operations; Federal and Indian Oil and Gas Leases; Measurement of Oil".</title>
      </item>
      <item>
        <chamberCode />
        <titleType>Display Title</titleType>
        <parentTitleType />
        <chamberName />
        <title>Providing for congressional disapproval under chapter 8 of title 5, United States Code, of the final rule of the Bureau of Land Management relating to "Onshore Oil and Gas Operations; Federal and Indian Oil and Gas Leases; Measurement of Oil".</title>
      </item>
    </titles>
    <constitutionalAuthorityStatementText><![CDATA[<pre>From the Congressional Record Online through the Government Publishing Office [<a href='http://www.gpo.gov'>www.gpo.gov</a>]By Mr. WESTERMAN:H.J. Res. 82.Congress has the power to enact this legislation pursuantto the following:Article IV, Section 3, Clause 2____________________[Page H1306]</pre>]]></constitutionalAuthorityStatementText>
    <billType>HJRES</billType>
    <summaries>
      <billSummaries>
        <item>
          <updateDate>2017-02-16T05:00:00Z</updateDate>
          <actionDesc>Introduced in House</actionDesc>
          <versionCode>00</versionCode>
          <name>Introduced in House</name>
          <text><![CDATA[<p>This joint resolution nullifies the rule submitted by the Bureau of Land Management titled &quot;Onshore Oil and Gas Operations; Federal and Indian Oil and Gas Leases; Measurement of Oil.&quot;The rule published in the Federal Register on November 17, 2016, addresses onshore oil and gas operations and production.</p>]]></text>
          <lastSummaryUpdateDate>2017-06-28T15:43:27Z</lastSummaryUpdateDate>
          <actionDate>2017-02-16</actionDate>
        </item>
      </billSummaries>
    </summaries>
    <subjects>
      <billSubjects>
        <legislativeSubjects>
          <item>
            <name>Administrative law and regulatory procedures</name>
          </item>
          <item>
            <name>Congressional oversight</name>
          </item>
          <item>
            <name>Department of the Interior</name>
          </item>
          <item>
            <name>Energy revenues and royalties</name>
          </item>
          <item>
            <name>Indian lands and resources rights</name>
          </item>
          <item>
            <name>Oil and gas</name>
          </item>
        </legislativeSubjects>
        <policyArea>
          <name>Public Lands and Natural Resources</name>
        </policyArea>
      </billSubjects>
    </subjects>
    <laws />
    <policyArea>
      <name>Public Lands and Natural Resources</name>
    </policyArea>
    <committees>
      <billCommittees>
        <item>
          <chamber>House</chamber>
          <subcommittees />
          <type>Standing</type>
          <activities>
            <item>
              <date>2017-02-16T15:03:20Z</date>
              <name>Referred to</name>
            </item>
          </activities>
          <systemCode>hsii00</systemCode>
          <name>Natural Resources Committee</name>
        </item>
      </billCommittees>
    </committees>
    <version>1.0.0</version>
    <recordedVotes />
    <updateDate>2018-02-06T16:40:11Z</updateDate>
    <title>Providing for congressional disapproval under chapter 8 of title 5, United States Code, of the final rule of the Bureau of Land Management relating to "Onshore Oil and Gas Operations; Federal and Indian Oil and Gas Leases; Measurement of Oil".</title>
    <createDate>2017-02-17T04:46:08Z</createDate>
    <cboCostEstimates />
    <actions>
      <actionByCounts>
        <houseOfRepresentatives>3</houseOfRepresentatives>
      </actionByCounts>
      <item>
        <text>Referred to the House Committee on Natural Resources.</text>
        <type>IntroReferral</type>
        <sourceSystem>
          <name>House floor actions</name>
          <code>2</code>
        </sourceSystem>
        <committee>
          <name>Natural Resources Committee</name>
          <systemCode>hsii00</systemCode>
        </committee>
        <actionCode>H11100</actionCode>
        <actionDate>2017-02-16</actionDate>
        <links />
      </item>
      <item>
        <text>Introduced in House</text>
        <type>IntroReferral</type>
        <sourceSystem>
          <name>Library of Congress</name>
          <code>9</code>
        </sourceSystem>
        <committee />
        <actionCode>Intro-H</actionCode>
        <actionDate>2017-02-16</actionDate>
        <links />
      </item>
      <item>
        <text>Introduced in House</text>
        <type>IntroReferral</type>
        <sourceSystem>
          <name>Library of Congress</name>
          <code>9</code>
        </sourceSystem>
        <committee />
        <actionCode>1000</actionCode>
        <actionDate>2017-02-16</actionDate>
        <links />
      </item>
      <actionTypeCounts>
        <introducedInHouse>1</introducedInHouse>
        <billReferrals>1</billReferrals>
        <introducedInTheHouse>1</introducedInTheHouse>
      </actionTypeCounts>
    </actions>
    <amendments />
    <notes />
    <calendarNumbers />
    <cosponsors>
      <item>
        <isOriginalCosponsor>True</isOriginalCosponsor>
        <firstName>Stevan</firstName>
        <party>R</party>
        <sponsorshipDate>2017-02-16</sponsorshipDate>
        <lastName>Pearce</lastName>
        <bioguideId>P000588</bioguideId>
        <middleName />
        <identifiers>
          <lisID>1738</lisID>
          <gpoId>8057</gpoId>
          <bioguideId>P000588</bioguideId>
        </identifiers>
        <fullName>Rep. Pearce, Stevan [R-NM-2]</fullName>
        <state>NM</state>
        <district>2</district>
        <sponsorshipWithdrawnDate />
      </item>
      <item>
        <isOriginalCosponsor>True</isOriginalCosponsor>
        <firstName>Paul</firstName>
        <party>R</party>
        <sponsorshipDate>2017-02-16</sponsorshipDate>
        <lastName>Gosar</lastName>
        <bioguideId>G000565</bioguideId>
        <middleName>A.</middleName>
        <identifiers>
          <lisID>1992</lisID>
          <bioguideId>G000565</bioguideId>
          <gpoId>7798</gpoId>
        </identifiers>
        <fullName>Rep. Gosar, Paul A. [R-AZ-4]</fullName>
        <state>AZ</state>
        <district>4</district>
        <sponsorshipWithdrawnDate />
      </item>
      <item>
        <isOriginalCosponsor>True</isOriginalCosponsor>
        <firstName>Kevin</firstName>
        <party>R</party>
        <sponsorshipDate>2017-02-16</sponsorshipDate>
        <lastName>Cramer</lastName>
        <bioguideId>C001096</bioguideId>
        <middleName />
        <identifiers>
          <lisID>2144</lisID>
          <gpoId />
          <bioguideId>C001096</bioguideId>
        </identifiers>
        <fullName>Rep. Cramer, Kevin [R-ND-At Large]</fullName>
        <state>ND</state>
        <district>0</district>
        <sponsorshipWithdrawnDate />
      </item>
    </cosponsors>
  </bill>
  <dublinCore xmlns:dc="http://purl.org/dc/elements/1.1/">
    <dc:format>text/xml</dc:format>
    <dc:language>EN</dc:language>
    <dc:rights>Pursuant to Title 17 Section 105 of the United States Code, this file is not subject to copyright protection and is in the public domain.</dc:rights>
    <dc:contributor>Congressional Research Service, Library of Congress</dc:contributor>
    <dc:description>This file contains bill summaries and statuses for federal legislation. A bill summary describes the most significant provisions of a piece of legislation and details the effects the legislative text may have on current law and federal programs. Bill summaries are authored by the Congressional Research Service (CRS) of the Library of Congress. As stated in Public Law 91-510 (2 USC 166 (d)(6)), one of the duties of CRS is "to prepare summaries and digests of bills and resolutions of a public general nature introduced in the Senate or House of Representatives". For more information, refer to the User Guide that accompanies this file.</dc:description>
  </dublinCore>
</billStatus>

