<?xml version="1.0" encoding="UTF-8"?>
<billStatus>
  <bill>
    <calendarNumbers />
    <constitutionalAuthorityStatementText><![CDATA[<pre>From the Congressional Record Online through the Government Publishing Office [<a href='http://www.gpo.gov'>www.gpo.gov</a>]By Mr. POCAN:H.J. Res. 74.Congress has the power to enact this legislation pursuantto the following:Article I, Section 8, Clause 18 of the Constitution of theUnited States, which states:The Congress shall have the power to make all laws whichshall be necessary and proper for carrying into execution theforegoing powers, and all other powers vested by thisConstitution in the Government of the United States, or inany Department or Officer thereof.''[Page H1245]</pre>]]></constitutionalAuthorityStatementText>
    <congress>115</congress>
    <titles>
      <item>
        <chamberCode />
        <title>Proposing an amendment to the Constitution of the United States regarding the right to vote.</title>
        <titleType>Official Title as Introduced</titleType>
        <parentTitleType />
        <chamberName />
      </item>
      <item>
        <chamberCode />
        <title>Proposing an amendment to the Constitution of the United States regarding the right to vote.</title>
        <titleType>Display Title</titleType>
        <parentTitleType />
        <chamberName />
      </item>
    </titles>
    <introducedDate>2017-02-15</introducedDate>
    <latestAction>
      <actionDate>2017-03-09</actionDate>
      <text>Referred to the Subcommittee on the Constitution and Civil Justice.</text>
      <links />
    </latestAction>
    <title>Proposing an amendment to the Constitution of the United States regarding the right to vote.</title>
    <subjects>
      <billSubjects>
        <policyArea>
          <name>Civil Rights and Liberties, Minority Issues</name>
        </policyArea>
        <legislativeSubjects>
          <item>
            <name>Constitution and constitutional amendments</name>
          </item>
          <item>
            <name>Elections, voting, political campaign regulation</name>
          </item>
          <item>
            <name>Voting rights</name>
          </item>
        </legislativeSubjects>
      </billSubjects>
    </subjects>
    <relatedBills />
    <updateDate>2018-02-06T16:40:11Z</updateDate>
    <committeeReports />
    <notes />
    <recordedVotes />
    <amendments />
    <billType>HJRES</billType>
    <committees>
      <billCommittees>
        <item>
          <name>Judiciary Committee</name>
          <chamber>House</chamber>
          <type>Standing</type>
          <subcommittees>
            <item>
              <name>Constitution and Civil Justice Subcommittee</name>
              <systemCode>hsju10</systemCode>
              <activities>
                <item>
                  <name>Referred to</name>
                  <date>2017-03-09T20:27:09Z</date>
                </item>
              </activities>
            </item>
          </subcommittees>
          <systemCode>hsju00</systemCode>
          <activities>
            <item>
              <name>Referred to</name>
              <date>2017-02-15T15:06:30Z</date>
            </item>
          </activities>
        </item>
      </billCommittees>
    </committees>
    <cboCostEstimates />
    <billNumber>74</billNumber>
    <policyArea>
      <name>Civil Rights and Liberties, Minority Issues</name>
    </policyArea>
    <version>1.0.0</version>
    <createDate>2017-02-16T04:46:00Z</createDate>
    <originChamber>House</originChamber>
    <actions>
      <actionTypeCounts>
        <introducedInHouse>1</introducedInHouse>
        <introducedInTheHouse>1</introducedInTheHouse>
        <billReferrals>1</billReferrals>
        <placeholderTextForH>1</placeholderTextForH>
      </actionTypeCounts>
      <item>
        <actionDate>2017-03-09</actionDate>
        <committee>
          <systemCode>hsju10</systemCode>
          <name>Constitution and Civil Justice Subcommittee</name>
        </committee>
        <links />
        <sourceSystem>
          <code>1</code>
          <name>House committee actions</name>
        </sourceSystem>
        <text>Referred to the Subcommittee on the Constitution and Civil Justice.</text>
        <type>Committee</type>
      </item>
      <item>
        <type>IntroReferral</type>
        <text>Referred to the House Committee on the Judiciary.</text>
        <links />
        <committee>
          <systemCode>hsju00</systemCode>
          <name>Judiciary Committee</name>
        </committee>
        <sourceSystem>
          <code>2</code>
          <name>House floor actions</name>
        </sourceSystem>
        <actionDate>2017-02-15</actionDate>
        <actionCode>H11100</actionCode>
      </item>
      <item>
        <type>IntroReferral</type>
        <text>Introduced in House</text>
        <links />
        <committee />
        <sourceSystem>
          <code>9</code>
          <name>Library of Congress</name>
        </sourceSystem>
        <actionDate>2017-02-15</actionDate>
        <actionCode>Intro-H</actionCode>
      </item>
      <item>
        <type>IntroReferral</type>
        <text>Introduced in House</text>
        <links />
        <committee />
        <sourceSystem>
          <code>9</code>
          <name>Library of Congress</name>
        </sourceSystem>
        <actionDate>2017-02-15</actionDate>
        <actionCode>1000</actionCode>
      </item>
      <actionByCounts>
        <houseOfRepresentatives>4</houseOfRepresentatives>
      </actionByCounts>
    </actions>
    <sponsors>
      <item>
        <party>D</party>
        <bioguideId>P000607</bioguideId>
        <district>2</district>
        <firstName>Mark</firstName>
        <middleName />
        <state>WI</state>
        <fullName>Rep. Pocan, Mark [D-WI-2]</fullName>
        <identifiers>
          <lisID>2171</lisID>
          <gpoId />
          <bioguideId>P000607</bioguideId>
        </identifiers>
        <lastName>Pocan</lastName>
        <byRequestType />
      </item>
    </sponsors>
    <summaries>
      <billSummaries>
        <item>
          <versionCode>00</versionCode>
          <text><![CDATA[<p><b>Constitutional Amendment</b></p> <p> This joint resolution proposes a constitutional amendment granting every U.S. citizen of legal voting age the fundamental right to vote in any public election held in the jurisdiction in which the citizen resides.</p>]]></text>
          <actionDesc>Introduced in House</actionDesc>
          <actionDate>2017-02-15</actionDate>
          <lastSummaryUpdateDate>2017-04-21T18:02:48Z</lastSummaryUpdateDate>
          <name>Introduced in House</name>
          <updateDate>2017-02-15T05:00:00Z</updateDate>
        </item>
      </billSummaries>
    </summaries>
    <laws />
    <cosponsors>
      <item>
        <lastName>Ellison</lastName>
        <sponsorshipDate>2017-02-15</sponsorshipDate>
        <bioguideId>E000288</bioguideId>
        <middleName />
        <identifiers>
          <bioguideId>E000288</bioguideId>
          <gpoId>8005</gpoId>
          <lisID>1857</lisID>
        </identifiers>
        <district>5</district>
        <party>D</party>
        <state>MN</state>
        <firstName>Keith</firstName>
        <sponsorshipWithdrawnDate />
        <isOriginalCosponsor>True</isOriginalCosponsor>
        <fullName>Rep. Ellison, Keith [D-MN-5]</fullName>
      </item>
      <item>
        <lastName>LEWIS</lastName>
        <sponsorshipDate>2017-02-15</sponsorshipDate>
        <bioguideId>L000287</bioguideId>
        <middleName />
        <identifiers>
          <gpoId>7902</gpoId>
          <lisID>688</lisID>
          <bioguideId>L000287</bioguideId>
        </identifiers>
        <district>5</district>
        <party>D</party>
        <state>GA</state>
        <firstName>JOHN</firstName>
        <sponsorshipWithdrawnDate />
        <isOriginalCosponsor>True</isOriginalCosponsor>
        <fullName>Rep. Lewis, John [D-GA-5]</fullName>
      </item>
      <item>
        <lastName>RYAN</lastName>
        <sponsorshipDate>2017-02-15</sponsorshipDate>
        <bioguideId>R000577</bioguideId>
        <middleName />
        <identifiers>
          <gpoId>8107</gpoId>
          <lisID>1756</lisID>
          <bioguideId>R000577</bioguideId>
        </identifiers>
        <district>13</district>
        <party>D</party>
        <state>OH</state>
        <firstName>TIM</firstName>
        <sponsorshipWithdrawnDate />
        <isOriginalCosponsor>True</isOriginalCosponsor>
        <fullName>Rep. Ryan, Tim [D-OH-13]</fullName>
      </item>
      <item>
        <lastName>Takano</lastName>
        <sponsorshipDate>2017-02-15</sponsorshipDate>
        <bioguideId>T000472</bioguideId>
        <middleName />
        <identifiers>
          <bioguideId>T000472</bioguideId>
          <gpoId />
          <lisID>2110</lisID>
        </identifiers>
        <district>41</district>
        <party>D</party>
        <state>CA</state>
        <firstName>Mark</firstName>
        <sponsorshipWithdrawnDate />
        <isOriginalCosponsor>True</isOriginalCosponsor>
        <fullName>Rep. Takano, Mark [D-CA-41]</fullName>
      </item>
      <item>
        <lastName>NORTON</lastName>
        <sponsorshipDate>2017-02-15</sponsorshipDate>
        <bioguideId>N000147</bioguideId>
        <middleName>HOLMES</middleName>
        <identifiers>
          <bioguideId>N000147</bioguideId>
          <lisID>868</lisID>
          <gpoId>7871</gpoId>
        </identifiers>
        <district>0</district>
        <party>D</party>
        <state>DC</state>
        <firstName>ELEANOR</firstName>
        <sponsorshipWithdrawnDate />
        <isOriginalCosponsor>True</isOriginalCosponsor>
        <fullName>Rep. Norton, Eleanor Holmes [D-DC-At Large]</fullName>
      </item>
      <item>
        <lastName>Cohen</lastName>
        <sponsorshipDate>2017-02-15</sponsorshipDate>
        <bioguideId>C001068</bioguideId>
        <middleName />
        <identifiers>
          <lisID>1878</lisID>
          <bioguideId>C001068</bioguideId>
          <gpoId>8156</gpoId>
        </identifiers>
        <district>9</district>
        <party>D</party>
        <state>TN</state>
        <firstName>Steve</firstName>
        <sponsorshipWithdrawnDate />
        <isOriginalCosponsor>True</isOriginalCosponsor>
        <fullName>Rep. Cohen, Steve [D-TN-9]</fullName>
      </item>
      <item>
        <lastName>KAPTUR</lastName>
        <sponsorshipDate>2017-02-15</sponsorshipDate>
        <bioguideId>K000009</bioguideId>
        <middleName />
        <identifiers>
          <bioguideId>K000009</bioguideId>
          <lisID>616</lisID>
          <gpoId>8099</gpoId>
        </identifiers>
        <district>9</district>
        <party>D</party>
        <state>OH</state>
        <firstName>MARCY</firstName>
        <sponsorshipWithdrawnDate />
        <isOriginalCosponsor>True</isOriginalCosponsor>
        <fullName>Rep. Kaptur, Marcy [D-OH-9]</fullName>
      </item>
      <item>
        <lastName>CUMMINGS</lastName>
        <sponsorshipDate>2017-02-15</sponsorshipDate>
        <bioguideId>C000984</bioguideId>
        <middleName>E.</middleName>
        <identifiers>
          <lisID>256</lisID>
          <gpoId>7982</gpoId>
          <bioguideId>C000984</bioguideId>
        </identifiers>
        <district>7</district>
        <party>D</party>
        <state>MD</state>
        <firstName>ELIJAH</firstName>
        <sponsorshipWithdrawnDate />
        <isOriginalCosponsor>True</isOriginalCosponsor>
        <fullName>Rep. Cummings, Elijah E. [D-MD-7]</fullName>
      </item>
      <item>
        <lastName>Boyle</lastName>
        <sponsorshipDate>2017-02-15</sponsorshipDate>
        <bioguideId>B001296</bioguideId>
        <middleName>F.</middleName>
        <identifiers>
          <lisID>2267</lisID>
          <bioguideId>B001296</bioguideId>
          <gpoId />
        </identifiers>
        <district>13</district>
        <party>D</party>
        <state>PA</state>
        <firstName>Brendan</firstName>
        <sponsorshipWithdrawnDate />
        <isOriginalCosponsor>True</isOriginalCosponsor>
        <fullName>Rep. Boyle, Brendan F. [D-PA-13]</fullName>
      </item>
      <item>
        <lastName>Moore</lastName>
        <sponsorshipDate>2017-02-15</sponsorshipDate>
        <bioguideId>M001160</bioguideId>
        <middleName />
        <identifiers>
          <lisID>1811</lisID>
          <gpoId>8217</gpoId>
          <bioguideId>M001160</bioguideId>
        </identifiers>
        <district>4</district>
        <party>D</party>
        <state>WI</state>
        <firstName>Gwen</firstName>
        <sponsorshipWithdrawnDate />
        <isOriginalCosponsor>True</isOriginalCosponsor>
        <fullName>Rep. Moore, Gwen [D-WI-4]</fullName>
      </item>
      <item>
        <lastName>Cartwright</lastName>
        <sponsorshipDate>2017-02-15</sponsorshipDate>
        <bioguideId>C001090</bioguideId>
        <middleName />
        <identifiers>
          <gpoId />
          <lisID>2159</lisID>
          <bioguideId>C001090</bioguideId>
        </identifiers>
        <district>17</district>
        <party>D</party>
        <state>PA</state>
        <firstName>Matt</firstName>
        <sponsorshipWithdrawnDate />
        <isOriginalCosponsor>True</isOriginalCosponsor>
        <fullName>Rep. Cartwright, Matt [D-PA-17]</fullName>
      </item>
      <item>
        <lastName>Garamendi</lastName>
        <sponsorshipDate>2017-02-15</sponsorshipDate>
        <bioguideId>G000559</bioguideId>
        <middleName />
        <identifiers>
          <bioguideId>G000559</bioguideId>
          <lisID>1973</lisID>
          <gpoId>7815</gpoId>
        </identifiers>
        <district>3</district>
        <party>D</party>
        <state>CA</state>
        <firstName>John</firstName>
        <sponsorshipWithdrawnDate />
        <isOriginalCosponsor>True</isOriginalCosponsor>
        <fullName>Rep. Garamendi, John [D-CA-3]</fullName>
      </item>
      <item>
        <lastName>Lowenthal</lastName>
        <sponsorshipDate>2017-02-15</sponsorshipDate>
        <bioguideId>L000579</bioguideId>
        <middleName>S.</middleName>
        <identifiers>
          <lisID>2111</lisID>
          <bioguideId>L000579</bioguideId>
          <gpoId />
        </identifiers>
        <district>47</district>
        <party>D</party>
        <state>CA</state>
        <firstName>Alan</firstName>
        <sponsorshipWithdrawnDate />
        <isOriginalCosponsor>True</isOriginalCosponsor>
        <fullName>Rep. Lowenthal, Alan S. [D-CA-47]</fullName>
      </item>
      <item>
        <lastName>Watson Coleman</lastName>
        <sponsorshipDate>2017-02-15</sponsorshipDate>
        <bioguideId>W000822</bioguideId>
        <middleName />
        <identifiers>
          <gpoId />
          <bioguideId>W000822</bioguideId>
          <lisID>2259</lisID>
        </identifiers>
        <district>12</district>
        <party>D</party>
        <state>NJ</state>
        <firstName>Bonnie</firstName>
        <sponsorshipWithdrawnDate />
        <isOriginalCosponsor>True</isOriginalCosponsor>
        <fullName>Rep. Watson Coleman, Bonnie [D-NJ-12]</fullName>
      </item>
      <item>
        <lastName>Wasserman Schultz</lastName>
        <sponsorshipDate>2017-02-15</sponsorshipDate>
        <bioguideId>W000797</bioguideId>
        <middleName />
        <identifiers>
          <bioguideId>W000797</bioguideId>
          <lisID>1777</lisID>
          <gpoId>7892</gpoId>
        </identifiers>
        <district>23</district>
        <party>D</party>
        <state>FL</state>
        <firstName>Debbie</firstName>
        <sponsorshipWithdrawnDate />
        <isOriginalCosponsor>True</isOriginalCosponsor>
        <fullName>Rep. Wasserman Schultz, Debbie [D-FL-23]</fullName>
      </item>
      <item>
        <lastName>DeSaulnier</lastName>
        <sponsorshipDate>2017-02-15</sponsorshipDate>
        <bioguideId>D000623</bioguideId>
        <middleName />
        <identifiers>
          <gpoId />
          <bioguideId>D000623</bioguideId>
          <lisID>2227</lisID>
        </identifiers>
        <district>11</district>
        <party>D</party>
        <state>CA</state>
        <firstName>Mark</firstName>
        <sponsorshipWithdrawnDate />
        <isOriginalCosponsor>True</isOriginalCosponsor>
        <fullName>Rep. DeSaulnier, Mark [D-CA-11]</fullName>
      </item>
      <item>
        <lastName>SLAUGHTER</lastName>
        <sponsorshipDate>2017-02-15</sponsorshipDate>
        <bioguideId>S000480</bioguideId>
        <middleName>M.</middleName>
        <identifiers>
          <lisID>1069</lisID>
          <bioguideId>S000480</bioguideId>
          <gpoId>8089</gpoId>
        </identifiers>
        <district>25</district>
        <party>D</party>
        <state>NY</state>
        <firstName>LOUISE</firstName>
        <sponsorshipWithdrawnDate />
        <isOriginalCosponsor>True</isOriginalCosponsor>
        <fullName>Rep. Slaughter, Louise McIntosh [D-NY-25]</fullName>
      </item>
      <item>
        <lastName>Norcross</lastName>
        <sponsorshipDate>2017-02-15</sponsorshipDate>
        <bioguideId>N000188</bioguideId>
        <middleName />
        <identifiers>
          <lisID>2202</lisID>
          <gpoId />
          <bioguideId>N000188</bioguideId>
        </identifiers>
        <district>1</district>
        <party>D</party>
        <state>NJ</state>
        <firstName>Donald</firstName>
        <sponsorshipWithdrawnDate />
        <isOriginalCosponsor>True</isOriginalCosponsor>
        <fullName>Rep. Norcross, Donald [D-NJ-1]</fullName>
      </item>
      <item>
        <lastName>MCGOVERN</lastName>
        <sponsorshipDate>2017-02-15</sponsorshipDate>
        <bioguideId>M000312</bioguideId>
        <middleName>P.</middleName>
        <identifiers>
          <lisID>1504</lisID>
          <gpoId>7968</gpoId>
          <bioguideId>M000312</bioguideId>
        </identifiers>
        <district>2</district>
        <party>D</party>
        <state>MA</state>
        <firstName>JAMES</firstName>
        <sponsorshipWithdrawnDate />
        <isOriginalCosponsor>True</isOriginalCosponsor>
        <fullName>Rep. McGovern, James P. [D-MA-2]</fullName>
      </item>
      <item>
        <lastName>BLUMENAUER</lastName>
        <sponsorshipDate>2017-02-15</sponsorshipDate>
        <bioguideId>B000574</bioguideId>
        <middleName />
        <identifiers>
          <lisID>99</lisID>
          <bioguideId>B000574</bioguideId>
          <gpoId>8116</gpoId>
        </identifiers>
        <district>3</district>
        <party>D</party>
        <state>OR</state>
        <firstName>EARL</firstName>
        <sponsorshipWithdrawnDate />
        <isOriginalCosponsor>True</isOriginalCosponsor>
        <fullName>Rep. Blumenauer, Earl [D-OR-3]</fullName>
      </item>
      <item>
        <lastName>Chu</lastName>
        <sponsorshipDate>2017-02-15</sponsorshipDate>
        <bioguideId>C001080</bioguideId>
        <middleName />
        <identifiers>
          <gpoId>7837</gpoId>
          <lisID>1970</lisID>
          <bioguideId>C001080</bioguideId>
        </identifiers>
        <district>27</district>
        <party>D</party>
        <state>CA</state>
        <firstName>Judy</firstName>
        <sponsorshipWithdrawnDate />
        <isOriginalCosponsor>True</isOriginalCosponsor>
        <fullName>Rep. Chu, Judy [D-CA-27]</fullName>
      </item>
      <item>
        <lastName>Jeffries</lastName>
        <sponsorshipDate>2017-02-15</sponsorshipDate>
        <bioguideId>J000294</bioguideId>
        <middleName>S.</middleName>
        <identifiers>
          <bioguideId>J000294</bioguideId>
          <lisID>2149</lisID>
          <gpoId />
        </identifiers>
        <district>8</district>
        <party>D</party>
        <state>NY</state>
        <firstName>Hakeem</firstName>
        <sponsorshipWithdrawnDate />
        <isOriginalCosponsor>True</isOriginalCosponsor>
        <fullName>Rep. Jeffries, Hakeem S. [D-NY-8]</fullName>
      </item>
      <item>
        <lastName>Veasey</lastName>
        <sponsorshipDate>2017-02-15</sponsorshipDate>
        <bioguideId>V000131</bioguideId>
        <middleName>A.</middleName>
        <identifiers>
          <gpoId />
          <bioguideId>V000131</bioguideId>
          <lisID>2166</lisID>
        </identifiers>
        <district>33</district>
        <party>D</party>
        <state>TX</state>
        <firstName>Marc</firstName>
        <sponsorshipWithdrawnDate />
        <isOriginalCosponsor>True</isOriginalCosponsor>
        <fullName>Rep. Veasey, Marc A. [D-TX-33]</fullName>
      </item>
      <item>
        <lastName>CONYERS</lastName>
        <sponsorshipDate>2017-02-15</sponsorshipDate>
        <bioguideId>C000714</bioguideId>
        <middleName />
        <identifiers>
          <bioguideId>C000714</bioguideId>
          <lisID>229</lisID>
          <gpoId>7999</gpoId>
        </identifiers>
        <district>13</district>
        <party>D</party>
        <state>MI</state>
        <firstName>JOHN</firstName>
        <sponsorshipWithdrawnDate />
        <isOriginalCosponsor>True</isOriginalCosponsor>
        <fullName>Rep. Conyers, John, Jr. [D-MI-13]</fullName>
      </item>
      <item>
        <lastName>Grijalva</lastName>
        <sponsorshipDate>2017-02-15</sponsorshipDate>
        <bioguideId>G000551</bioguideId>
        <middleName>M.</middleName>
        <identifiers>
          <gpoId>7804</gpoId>
          <lisID>1708</lisID>
          <bioguideId>G000551</bioguideId>
        </identifiers>
        <district>3</district>
        <party>D</party>
        <state>AZ</state>
        <firstName>Raul</firstName>
        <sponsorshipWithdrawnDate />
        <isOriginalCosponsor>True</isOriginalCosponsor>
        <fullName>Rep. Grijalva, Raul M. [D-AZ-3]</fullName>
      </item>
      <item>
        <lastName>ROYBAL-ALLARD</lastName>
        <sponsorshipDate>2017-02-15</sponsorshipDate>
        <bioguideId>R000486</bioguideId>
        <middleName />
        <identifiers>
          <lisID>997</lisID>
          <gpoId>7839</gpoId>
          <bioguideId>R000486</bioguideId>
        </identifiers>
        <district>40</district>
        <party>D</party>
        <state>CA</state>
        <firstName>LUCILLE</firstName>
        <sponsorshipWithdrawnDate />
        <isOriginalCosponsor>True</isOriginalCosponsor>
        <fullName>Rep. Roybal-Allard, Lucille [D-CA-40]</fullName>
      </item>
      <item>
        <lastName>HASTINGS</lastName>
        <sponsorshipDate>2017-02-16</sponsorshipDate>
        <bioguideId>H000324</bioguideId>
        <middleName>L.</middleName>
        <identifiers>
          <bioguideId>H000324</bioguideId>
          <lisID>511</lisID>
          <gpoId>7895</gpoId>
        </identifiers>
        <district>20</district>
        <party>D</party>
        <state>FL</state>
        <firstName>ALCEE</firstName>
        <sponsorshipWithdrawnDate />
        <isOriginalCosponsor>False</isOriginalCosponsor>
        <fullName>Rep. Hastings, Alcee L. [D-FL-20]</fullName>
      </item>
      <item>
        <lastName>Clark</lastName>
        <sponsorshipDate>2017-02-16</sponsorshipDate>
        <bioguideId>C001101</bioguideId>
        <middleName>M.</middleName>
        <identifiers>
          <lisID>2196</lisID>
          <gpoId />
          <bioguideId>C001101</bioguideId>
        </identifiers>
        <district>5</district>
        <party>D</party>
        <state>MA</state>
        <firstName>Katherine</firstName>
        <sponsorshipWithdrawnDate />
        <isOriginalCosponsor>False</isOriginalCosponsor>
        <fullName>Rep. Clark, Katherine M. [D-MA-5]</fullName>
      </item>
      <item>
        <lastName>Tonko</lastName>
        <sponsorshipDate>2017-03-01</sponsorshipDate>
        <bioguideId>T000469</bioguideId>
        <middleName />
        <identifiers>
          <lisID>1942</lisID>
          <bioguideId>T000469</bioguideId>
          <gpoId>8082</gpoId>
        </identifiers>
        <district>20</district>
        <party>D</party>
        <state>NY</state>
        <firstName>Paul</firstName>
        <sponsorshipWithdrawnDate />
        <isOriginalCosponsor>False</isOriginalCosponsor>
        <fullName>Rep. Tonko, Paul [D-NY-20]</fullName>
      </item>
      <item>
        <lastName>SERRANO</lastName>
        <sponsorshipDate>2017-03-01</sponsorshipDate>
        <bioguideId>S000248</bioguideId>
        <middleName>E.</middleName>
        <identifiers>
          <bioguideId>S000248</bioguideId>
          <lisID>1042</lisID>
          <gpoId>8077</gpoId>
        </identifiers>
        <district>15</district>
        <party>D</party>
        <state>NY</state>
        <firstName>JOSE</firstName>
        <sponsorshipWithdrawnDate />
        <isOriginalCosponsor>False</isOriginalCosponsor>
        <fullName>Rep. Serrano, Jose E. [D-NY-15]</fullName>
      </item>
      <item>
        <lastName>SCHAKOWSKY</lastName>
        <sponsorshipDate>2017-03-01</sponsorshipDate>
        <bioguideId>S001145</bioguideId>
        <middleName>D.</middleName>
        <identifiers>
          <gpoId>7929</gpoId>
          <bioguideId>S001145</bioguideId>
          <lisID>1588</lisID>
        </identifiers>
        <district>9</district>
        <party>D</party>
        <state>IL</state>
        <firstName>JANICE</firstName>
        <sponsorshipWithdrawnDate />
        <isOriginalCosponsor>False</isOriginalCosponsor>
        <fullName>Rep. Schakowsky, Janice D. [D-IL-9]</fullName>
      </item>
      <item>
        <lastName>Loebsack</lastName>
        <sponsorshipDate>2017-03-01</sponsorshipDate>
        <bioguideId>L000565</bioguideId>
        <middleName />
        <identifiers>
          <gpoId>7915</gpoId>
          <bioguideId>L000565</bioguideId>
          <lisID>1846</lisID>
        </identifiers>
        <district>2</district>
        <party>D</party>
        <state>IA</state>
        <firstName>David</firstName>
        <sponsorshipWithdrawnDate />
        <isOriginalCosponsor>False</isOriginalCosponsor>
        <fullName>Rep. Loebsack, David [D-IA-2]</fullName>
      </item>
      <item>
        <lastName>Barragan</lastName>
        <sponsorshipDate>2017-03-01</sponsorshipDate>
        <bioguideId>B001300</bioguideId>
        <middleName>Diaz</middleName>
        <identifiers>
          <gpoId />
          <lisID>2311</lisID>
          <bioguideId>B001300</bioguideId>
        </identifiers>
        <district>44</district>
        <party>D</party>
        <state>CA</state>
        <firstName>Nanette</firstName>
        <sponsorshipWithdrawnDate />
        <isOriginalCosponsor>False</isOriginalCosponsor>
        <fullName>Rep. Barragan, Nanette Diaz [D-CA-44]</fullName>
      </item>
      <item>
        <lastName>Yarmuth</lastName>
        <sponsorshipDate>2017-03-24</sponsorshipDate>
        <bioguideId>Y000062</bioguideId>
        <middleName>A.</middleName>
        <identifiers>
          <lisID>1853</lisID>
          <bioguideId>Y000062</bioguideId>
          <gpoId>7955</gpoId>
        </identifiers>
        <district>3</district>
        <party>D</party>
        <state>KY</state>
        <firstName>John</firstName>
        <sponsorshipWithdrawnDate />
        <isOriginalCosponsor>False</isOriginalCosponsor>
        <fullName>Rep. Yarmuth, John A. [D-KY-3]</fullName>
      </item>
      <item>
        <lastName>Kelly</lastName>
        <sponsorshipDate>2017-04-04</sponsorshipDate>
        <bioguideId>K000385</bioguideId>
        <middleName>L.</middleName>
        <identifiers>
          <bioguideId>K000385</bioguideId>
          <lisID>2190</lisID>
          <gpoId />
        </identifiers>
        <district>2</district>
        <party>D</party>
        <state>IL</state>
        <firstName>Robin</firstName>
        <sponsorshipWithdrawnDate />
        <isOriginalCosponsor>False</isOriginalCosponsor>
        <fullName>Rep. Kelly, Robin L. [D-IL-2]</fullName>
      </item>
      <item>
        <lastName>Raskin</lastName>
        <sponsorshipDate>2017-09-05</sponsorshipDate>
        <bioguideId>R000606</bioguideId>
        <middleName />
        <identifiers>
          <bioguideId>R000606</bioguideId>
          <gpoId />
          <lisID>2332</lisID>
        </identifiers>
        <district>8</district>
        <party>D</party>
        <state>MD</state>
        <firstName>Jamie</firstName>
        <sponsorshipWithdrawnDate />
        <isOriginalCosponsor>False</isOriginalCosponsor>
        <fullName>Rep. Raskin, Jamie [D-MD-8]</fullName>
      </item>
      <item>
        <lastName>Blunt Rochester</lastName>
        <sponsorshipDate>2017-10-03</sponsorshipDate>
        <bioguideId>B001303</bioguideId>
        <middleName />
        <identifiers>
          <lisID>2313</lisID>
          <gpoId />
          <bioguideId>B001303</bioguideId>
        </identifiers>
        <district>0</district>
        <party>D</party>
        <state>DE</state>
        <firstName>Lisa</firstName>
        <sponsorshipWithdrawnDate />
        <isOriginalCosponsor>False</isOriginalCosponsor>
        <fullName>Rep. Blunt Rochester, Lisa [D-DE-At Large]</fullName>
      </item>
    </cosponsors>
  </bill>
  <dublinCore xmlns:dc="http://purl.org/dc/elements/1.1/">
    <dc:format>text/xml</dc:format>
    <dc:language>EN</dc:language>
    <dc:rights>Pursuant to Title 17 Section 105 of the United States Code, this file is not subject to copyright protection and is in the public domain.</dc:rights>
    <dc:contributor>Congressional Research Service, Library of Congress</dc:contributor>
    <dc:description>This file contains bill summaries and statuses for federal legislation. A bill summary describes the most significant provisions of a piece of legislation and details the effects the legislative text may have on current law and federal programs. Bill summaries are authored by the Congressional Research Service (CRS) of the Library of Congress. As stated in Public Law 91-510 (2 USC 166 (d)(6)), one of the duties of CRS is "to prepare summaries and digests of bills and resolutions of a public general nature introduced in the Senate or House of Representatives". For more information, refer to the User Guide that accompanies this file.</dc:description>
  </dublinCore>
</billStatus>

