<?xml version="1.0" encoding="UTF-8"?>
<billStatus>
  <bill>
    <committeeReports />
    <originChamber>House</originChamber>
    <billNumber>68</billNumber>
    <actions>
      <actionByCounts>
        <houseOfRepresentatives>3</houseOfRepresentatives>
      </actionByCounts>
      <actionTypeCounts>
        <introducedInTheHouse>1</introducedInTheHouse>
        <billReferrals>1</billReferrals>
        <introducedInHouse>1</introducedInHouse>
      </actionTypeCounts>
      <item>
        <actionDate>2017-02-07</actionDate>
        <text>Referred to the House Committee on Natural Resources.</text>
        <sourceSystem>
          <name>House floor actions</name>
          <code>2</code>
        </sourceSystem>
        <committee>
          <systemCode>hsii00</systemCode>
          <name>Natural Resources Committee</name>
        </committee>
        <links />
        <actionCode>H11100</actionCode>
        <type>IntroReferral</type>
      </item>
      <item>
        <actionDate>2017-02-07</actionDate>
        <text>Introduced in House</text>
        <sourceSystem>
          <name>Library of Congress</name>
          <code>9</code>
        </sourceSystem>
        <committee />
        <links />
        <actionCode>Intro-H</actionCode>
        <type>IntroReferral</type>
      </item>
      <item>
        <actionDate>2017-02-07</actionDate>
        <text>Introduced in House</text>
        <sourceSystem>
          <name>Library of Congress</name>
          <code>9</code>
        </sourceSystem>
        <committee />
        <links />
        <actionCode>1000</actionCode>
        <type>IntroReferral</type>
      </item>
    </actions>
    <calendarNumbers />
    <updateDate>2018-02-06T16:40:10Z</updateDate>
    <cosponsors>
      <item>
        <state>AZ</state>
        <identifiers>
          <lisID>1992</lisID>
          <bioguideId>G000565</bioguideId>
          <gpoId>7798</gpoId>
        </identifiers>
        <district>4</district>
        <sponsorshipDate>2017-02-07</sponsorshipDate>
        <lastName>Gosar</lastName>
        <fullName>Rep. Gosar, Paul A. [R-AZ-4]</fullName>
        <middleName>A.</middleName>
        <party>R</party>
        <sponsorshipWithdrawnDate />
        <bioguideId>G000565</bioguideId>
        <firstName>Paul</firstName>
        <isOriginalCosponsor>True</isOriginalCosponsor>
      </item>
      <item>
        <state>NM</state>
        <identifiers>
          <gpoId>8057</gpoId>
          <bioguideId>P000588</bioguideId>
          <lisID>1738</lisID>
        </identifiers>
        <district>2</district>
        <sponsorshipDate>2017-02-16</sponsorshipDate>
        <lastName>Pearce</lastName>
        <fullName>Rep. Pearce, Stevan [R-NM-2]</fullName>
        <middleName />
        <party>R</party>
        <sponsorshipWithdrawnDate />
        <bioguideId>P000588</bioguideId>
        <firstName>Stevan</firstName>
        <isOriginalCosponsor>False</isOriginalCosponsor>
      </item>
    </cosponsors>
    <notes />
    <subjects>
      <billSubjects>
        <legislativeSubjects>
          <item>
            <name>Administrative law and regulatory procedures</name>
          </item>
          <item>
            <name>Congressional oversight</name>
          </item>
          <item>
            <name>Department of the Interior</name>
          </item>
          <item>
            <name>Energy revenues and royalties</name>
          </item>
          <item>
            <name>Indian lands and resources rights</name>
          </item>
          <item>
            <name>Oil and gas</name>
          </item>
        </legislativeSubjects>
        <policyArea>
          <name>Public Lands and Natural Resources</name>
        </policyArea>
      </billSubjects>
    </subjects>
    <committees>
      <billCommittees>
        <item>
          <chamber>House</chamber>
          <subcommittees />
          <type>Standing</type>
          <activities>
            <item>
              <date>2017-02-07T15:10:05Z</date>
              <name>Referred to</name>
            </item>
          </activities>
          <systemCode>hsii00</systemCode>
          <name>Natural Resources Committee</name>
        </item>
      </billCommittees>
    </committees>
    <version>1.0.0</version>
    <recordedVotes />
    <policyArea>
      <name>Public Lands and Natural Resources</name>
    </policyArea>
    <cboCostEstimates />
    <introducedDate>2017-02-07</introducedDate>
    <title>Providing for congressional disapproval under chapter 8 of title 5 of the United States Code of a rule submitted by the Bureau of Land Management relating to standards for measurement and reporting of gas removed or sold from Federal and Indian lands and areas subject to communitization agreements.</title>
    <amendments />
    <latestAction>
      <text>Referred to the House Committee on Natural Resources.</text>
      <links />
      <actionDate>2017-02-07</actionDate>
    </latestAction>
    <congress>115</congress>
    <billType>HJRES</billType>
    <createDate>2017-02-08T04:45:55Z</createDate>
    <sponsors>
      <item>
        <lastName>Cramer</lastName>
        <party>R</party>
        <state>ND</state>
        <bioguideId>C001096</bioguideId>
        <middleName />
        <byRequestType />
        <fullName>Rep. Cramer, Kevin [R-ND-At Large]</fullName>
        <firstName>Kevin</firstName>
        <district>0</district>
        <identifiers>
          <lisID>2144</lisID>
          <gpoId />
          <bioguideId>C001096</bioguideId>
        </identifiers>
      </item>
    </sponsors>
    <constitutionalAuthorityStatementText><![CDATA[<pre>From the Congressional Record Online through the Government Publishing Office [<a href='http://www.gpo.gov'>www.gpo.gov</a>]By Mr. CRAMER:H.J. Res. 68.Congress has the power to enact this legislation pursuantto the following:To accompany Mr. Cramer's joint resolution providing forcongressional disapproval under chapter 8 of title 5 of theUnited States Code of a rule submitted by the Bureau of LandManagement relating to standards for measurement andreporting of gas removed or sold from Federal and Indianlands and areas subject to communitization agreements:Pursuant to clause 7 of Rule XII of the Rules of the Houseof Representatives, the following statement is submittedregarding the specific powers granted to Congress in theConstitution to enact the accompanying bill or jointresolution.The constitutional authority on which this bill rests is inclause 18 of section 8 of article I of the Constitution.[Page H1087]</pre>]]></constitutionalAuthorityStatementText>
    <relatedBills />
    <laws />
    <titles>
      <item>
        <chamberCode />
        <titleType>Official Title as Introduced</titleType>
        <parentTitleType />
        <chamberName />
        <title>Providing for congressional disapproval under chapter 8 of title 5 of the United States Code of a rule submitted by the Bureau of Land Management relating to standards for measurement and reporting of gas removed or sold from Federal and Indian lands and areas subject to communitization agreements.</title>
      </item>
      <item>
        <chamberCode />
        <titleType>Display Title</titleType>
        <parentTitleType />
        <chamberName />
        <title>Providing for congressional disapproval under chapter 8 of title 5 of the United States Code of a rule submitted by the Bureau of Land Management relating to standards for measurement and reporting of gas removed or sold from Federal and Indian lands and areas subject to communitization agreements.</title>
      </item>
    </titles>
    <summaries>
      <billSummaries>
        <item>
          <updateDate>2017-02-07T05:00:00Z</updateDate>
          <lastSummaryUpdateDate>2017-06-28T15:43:05Z</lastSummaryUpdateDate>
          <actionDate>2017-02-07</actionDate>
          <name>Introduced in House</name>
          <actionDesc>Introduced in House</actionDesc>
          <versionCode>00</versionCode>
          <text><![CDATA[<p>This joint resolution nullifies the rule submitted by the Bureau of Land Management titled &quot;Onshore Oil and Gas Operations; Federal and Indian Oil and Gas Leases; Measurement of Gas.&quot;The rule published in the Federal Register on November 17, 2016, addresses onshore oil and gas operations and production.</p>]]></text>
        </item>
      </billSummaries>
    </summaries>
  </bill>
  <dublinCore xmlns:dc="http://purl.org/dc/elements/1.1/">
    <dc:format>text/xml</dc:format>
    <dc:language>EN</dc:language>
    <dc:rights>Pursuant to Title 17 Section 105 of the United States Code, this file is not subject to copyright protection and is in the public domain.</dc:rights>
    <dc:contributor>Congressional Research Service, Library of Congress</dc:contributor>
    <dc:description>This file contains bill summaries and statuses for federal legislation. A bill summary describes the most significant provisions of a piece of legislation and details the effects the legislative text may have on current law and federal programs. Bill summaries are authored by the Congressional Research Service (CRS) of the Library of Congress. As stated in Public Law 91-510 (2 USC 166 (d)(6)), one of the duties of CRS is "to prepare summaries and digests of bills and resolutions of a public general nature introduced in the Senate or House of Representatives". For more information, refer to the User Guide that accompanies this file.</dc:description>
  </dublinCore>
</billStatus>

