<?xml version="1.0" encoding="UTF-8"?>
<billStatus>
  <bill>
    <cboCostEstimates />
    <summaries>
      <billSummaries>
        <item>
          <actionDate>2017-01-24</actionDate>
          <versionCode>00</versionCode>
          <lastSummaryUpdateDate>2017-03-28T20:16:49Z</lastSummaryUpdateDate>
          <text><![CDATA[<p><strong>Constitutional Amendment</strong></p> <p>This joint resolution proposes a constitutional amendment authorizing states to repeal, in whole or in part, any presidential executive order, rule, regulation, other regulatory action, or administrative ruling issued by an agency or instrumentality of the United States when the legislatures of two-thirds of the states approve resolutions for this purpose that particularly describe the provisions to be repealed. </p>]]></text>
          <updateDate>2017-01-24T05:00:00Z</updateDate>
          <name>Introduced in House</name>
          <actionDesc>Introduced in House</actionDesc>
        </item>
      </billSummaries>
    </summaries>
    <billNumber>32</billNumber>
    <actions>
      <item>
        <actionDate>2017-02-06</actionDate>
        <committee>
          <systemCode>hsju10</systemCode>
          <name>Constitution and Civil Justice Subcommittee</name>
        </committee>
        <links />
        <sourceSystem>
          <code>1</code>
          <name>House committee actions</name>
        </sourceSystem>
        <text>Referred to the Subcommittee on the Constitution and Civil Justice.</text>
        <type>Committee</type>
      </item>
      <item>
        <actionCode>H11100</actionCode>
        <actionDate>2017-01-24</actionDate>
        <committee>
          <systemCode>hsju00</systemCode>
          <name>Judiciary Committee</name>
        </committee>
        <links />
        <type>IntroReferral</type>
        <text>Referred to the House Committee on the Judiciary.</text>
        <sourceSystem>
          <code>2</code>
          <name>House floor actions</name>
        </sourceSystem>
      </item>
      <item>
        <actionCode>Intro-H</actionCode>
        <actionDate>2017-01-24</actionDate>
        <committee />
        <links />
        <type>IntroReferral</type>
        <text>Introduced in House</text>
        <sourceSystem>
          <code>9</code>
          <name>Library of Congress</name>
        </sourceSystem>
      </item>
      <item>
        <actionCode>1000</actionCode>
        <actionDate>2017-01-24</actionDate>
        <committee />
        <links />
        <type>IntroReferral</type>
        <text>Introduced in House</text>
        <sourceSystem>
          <code>9</code>
          <name>Library of Congress</name>
        </sourceSystem>
      </item>
      <actionTypeCounts>
        <placeholderTextForH>1</placeholderTextForH>
        <introducedInTheHouse>1</introducedInTheHouse>
        <billReferrals>1</billReferrals>
        <introducedInHouse>1</introducedInHouse>
      </actionTypeCounts>
      <actionByCounts>
        <houseOfRepresentatives>4</houseOfRepresentatives>
      </actionByCounts>
    </actions>
    <recordedVotes />
    <relatedBills />
    <committeeReports />
    <congress>115</congress>
    <updateDate>2018-02-19T03:11:14Z</updateDate>
    <createDate>2017-01-25T04:45:51Z</createDate>
    <sponsors>
      <item>
        <firstName>Rob</firstName>
        <middleName />
        <byRequestType />
        <bioguideId>B001250</bioguideId>
        <identifiers>
          <lisID>1753</lisID>
          <gpoId>8189</gpoId>
          <bioguideId>B001250</bioguideId>
        </identifiers>
        <state>UT</state>
        <fullName>Rep. Bishop, Rob [R-UT-1]</fullName>
        <lastName>Bishop</lastName>
        <district>1</district>
        <party>R</party>
      </item>
    </sponsors>
    <calendarNumbers />
    <latestAction>
      <links />
      <actionDate>2017-02-06</actionDate>
      <text>Referred to the Subcommittee on the Constitution and Civil Justice.</text>
    </latestAction>
    <laws />
    <subjects>
      <billSubjects>
        <policyArea>
          <name>Government Operations and Politics</name>
        </policyArea>
        <legislativeSubjects>
          <item>
            <name>Administrative law and regulatory procedures</name>
          </item>
          <item>
            <name>Constitution and constitutional amendments</name>
          </item>
          <item>
            <name>Intergovernmental relations</name>
          </item>
          <item>
            <name>State and local government operations</name>
          </item>
        </legislativeSubjects>
      </billSubjects>
    </subjects>
    <policyArea>
      <name>Government Operations and Politics</name>
    </policyArea>
    <committees>
      <billCommittees>
        <item>
          <name>Judiciary Committee</name>
          <activities>
            <item>
              <date>2017-01-24T15:08:45Z</date>
              <name>Referred to</name>
            </item>
          </activities>
          <type>Standing</type>
          <chamber>House</chamber>
          <subcommittees>
            <item>
              <name>Constitution and Civil Justice Subcommittee</name>
              <activities>
                <item>
                  <date>2017-02-06T22:30:43Z</date>
                  <name>Referred to</name>
                </item>
              </activities>
              <systemCode>hsju10</systemCode>
            </item>
          </subcommittees>
          <systemCode>hsju00</systemCode>
        </item>
      </billCommittees>
    </committees>
    <billType>HJRES</billType>
    <version>1.0.0</version>
    <title>Proposing an amendment to the Constitution of the United States to give States the authority to repeal Federal rules and regulations when the repeal is agreed to by the legislatures of two-thirds of the several States.</title>
    <cosponsors>
      <item>
        <fullName>Rep. McMorris Rodgers, Cathy [R-WA-5]</fullName>
        <bioguideId>M001159</bioguideId>
        <sponsorshipWithdrawnDate />
        <middleName />
        <sponsorshipDate>2017-01-24</sponsorshipDate>
        <firstName>Cathy</firstName>
        <identifiers>
          <lisID>1809</lisID>
          <gpoId>8209</gpoId>
          <bioguideId>M001159</bioguideId>
        </identifiers>
        <state>WA</state>
        <lastName>McMorris Rodgers</lastName>
        <isOriginalCosponsor>True</isOriginalCosponsor>
        <district>5</district>
        <party>R</party>
      </item>
      <item>
        <fullName>Rep. Peterson, Collin C. [D-MN-7]</fullName>
        <bioguideId>P000258</bioguideId>
        <sponsorshipWithdrawnDate />
        <middleName>C.</middleName>
        <sponsorshipDate>2017-11-01</sponsorshipDate>
        <firstName>COLLIN</firstName>
        <identifiers>
          <lisID>910</lisID>
          <gpoId>8007</gpoId>
          <bioguideId>P000258</bioguideId>
        </identifiers>
        <state>MN</state>
        <lastName>PETERSON</lastName>
        <isOriginalCosponsor>False</isOriginalCosponsor>
        <district>7</district>
        <party>D</party>
      </item>
      <item>
        <fullName>Rep. Luetkemeyer, Blaine [R-MO-3]</fullName>
        <bioguideId>L000569</bioguideId>
        <sponsorshipWithdrawnDate />
        <middleName />
        <sponsorshipDate>2018-02-15</sponsorshipDate>
        <firstName>Blaine</firstName>
        <identifiers>
          <gpoId>8017</gpoId>
          <lisID>1931</lisID>
          <bioguideId>L000569</bioguideId>
        </identifiers>
        <state>MO</state>
        <lastName>Luetkemeyer</lastName>
        <isOriginalCosponsor>False</isOriginalCosponsor>
        <district>3</district>
        <party>R</party>
      </item>
    </cosponsors>
    <amendments />
    <notes />
    <constitutionalAuthorityStatementText><![CDATA[<pre>From the Congressional Record Online through the Government Publishing Office [<a href='http://www.gpo.gov'>www.gpo.gov</a>]By Mr. BISHOP of Utah:H.J. Res. 32.Congress has the power to enact this legislation pursuantto the following:Article V[Page H690]</pre>]]></constitutionalAuthorityStatementText>
    <originChamber>House</originChamber>
    <titles>
      <item>
        <parentTitleType />
        <chamberCode />
        <titleType>Official Title as Introduced</titleType>
        <chamberName />
        <title>Proposing an amendment to the Constitution of the United States to give States the authority to repeal Federal rules and regulations when the repeal is agreed to by the legislatures of two-thirds of the several States.</title>
      </item>
      <item>
        <parentTitleType />
        <chamberCode />
        <titleType>Display Title</titleType>
        <chamberName />
        <title>Proposing an amendment to the Constitution of the United States to give States the authority to repeal Federal rules and regulations when the repeal is agreed to by the legislatures of two-thirds of the several States.</title>
      </item>
    </titles>
    <introducedDate>2017-01-24</introducedDate>
  </bill>
  <dublinCore xmlns:dc="http://purl.org/dc/elements/1.1/">
    <dc:format>text/xml</dc:format>
    <dc:language>EN</dc:language>
    <dc:rights>Pursuant to Title 17 Section 105 of the United States Code, this file is not subject to copyright protection and is in the public domain.</dc:rights>
    <dc:contributor>Congressional Research Service, Library of Congress</dc:contributor>
    <dc:description>This file contains bill summaries and statuses for federal legislation. A bill summary describes the most significant provisions of a piece of legislation and details the effects the legislative text may have on current law and federal programs. Bill summaries are authored by the Congressional Research Service (CRS) of the Library of Congress. As stated in Public Law 91-510 (2 USC 166 (d)(6)), one of the duties of CRS is "to prepare summaries and digests of bills and resolutions of a public general nature introduced in the Senate or House of Representatives". For more information, refer to the User Guide that accompanies this file.</dc:description>
  </dublinCore>
</billStatus>

