<?xml version="1.0" encoding="UTF-8"?>
<billStatus>
  <bill>
    <sponsors>
      <item>
        <fullName>Rep. Cramer, Kevin [R-ND-At Large]</fullName>
        <lastName>Cramer</lastName>
        <bioguideId>C001096</bioguideId>
        <party>R</party>
        <middleName />
        <state>ND</state>
        <firstName>Kevin</firstName>
        <district>0</district>
        <byRequestType />
        <identifiers>
          <lisID>2144</lisID>
          <gpoId />
          <bioguideId>C001096</bioguideId>
        </identifiers>
      </item>
    </sponsors>
    <laws />
    <version>1.0.0</version>
    <introducedDate>2017-01-30</introducedDate>
    <cboCostEstimates />
    <titles>
      <item>
        <titleType>Official Title as Introduced</titleType>
        <title>Disapproving the rule submitted by the United States Fish and Wildlife Service of the Department of the Interior relating to management of non-Federal oil and gas rights.</title>
        <chamberCode />
        <parentTitleType />
        <chamberName />
      </item>
      <item>
        <titleType>Display Title</titleType>
        <title>Disapproving the rule submitted by the United States Fish and Wildlife Service of the Department of the Interior relating to management of non-Federal oil and gas rights.</title>
        <chamberCode />
        <parentTitleType />
        <chamberName />
      </item>
    </titles>
    <amendments />
    <recordedVotes />
    <relatedBills />
    <constitutionalAuthorityStatementText><![CDATA[<pre>From the Congressional Record Online through the Government Publishing Office [<a href='http://www.gpo.gov'>www.gpo.gov</a>]By Mr. CRAMER:H.J. Res. 45.Congress has the power to enact this legislation pursuantto the following:The constitutional authority on which this bill rests is inclause 18 of section 8 of article I of the Constitution.[Page H746]</pre>]]></constitutionalAuthorityStatementText>
    <billType>HJRES</billType>
    <actions>
      <actionTypeCounts>
        <introducedInHouse>1</introducedInHouse>
        <introducedInTheHouse>1</introducedInTheHouse>
        <billReferrals>1</billReferrals>
      </actionTypeCounts>
      <item>
        <type>IntroReferral</type>
        <text>Referred to the House Committee on Natural Resources.</text>
        <links />
        <committee>
          <systemCode>hsii00</systemCode>
          <name>Natural Resources Committee</name>
        </committee>
        <sourceSystem>
          <code>2</code>
          <name>House floor actions</name>
        </sourceSystem>
        <actionDate>2017-01-30</actionDate>
        <actionCode>H11100</actionCode>
      </item>
      <item>
        <type>IntroReferral</type>
        <text>Introduced in House</text>
        <links />
        <committee />
        <sourceSystem>
          <code>9</code>
          <name>Library of Congress</name>
        </sourceSystem>
        <actionDate>2017-01-30</actionDate>
        <actionCode>Intro-H</actionCode>
      </item>
      <item>
        <type>IntroReferral</type>
        <text>Introduced in House</text>
        <links />
        <committee />
        <sourceSystem>
          <code>9</code>
          <name>Library of Congress</name>
        </sourceSystem>
        <actionDate>2017-01-30</actionDate>
        <actionCode>1000</actionCode>
      </item>
      <actionByCounts>
        <houseOfRepresentatives>3</houseOfRepresentatives>
      </actionByCounts>
    </actions>
    <notes />
    <originChamber>House</originChamber>
    <congress>115</congress>
    <subjects>
      <billSubjects>
        <legislativeSubjects>
          <item>
            <name>Administrative law and regulatory procedures</name>
          </item>
          <item>
            <name>Congressional oversight</name>
          </item>
          <item>
            <name>Department of the Interior</name>
          </item>
          <item>
            <name>Land use and conservation</name>
          </item>
          <item>
            <name>Oil and gas</name>
          </item>
          <item>
            <name>Wilderness and natural areas, wildlife refuges, wild rivers, habitats</name>
          </item>
        </legislativeSubjects>
        <policyArea>
          <name>Public Lands and Natural Resources</name>
        </policyArea>
      </billSubjects>
    </subjects>
    <billNumber>45</billNumber>
    <cosponsors>
      <item>
        <district>4</district>
        <sponsorshipWithdrawnDate />
        <party>R</party>
        <fullName>Rep. Gosar, Paul A. [R-AZ-4]</fullName>
        <sponsorshipDate>2017-01-30</sponsorshipDate>
        <bioguideId>G000565</bioguideId>
        <middleName>A.</middleName>
        <identifiers>
          <lisID>1992</lisID>
          <bioguideId>G000565</bioguideId>
          <gpoId>7798</gpoId>
        </identifiers>
        <lastName>Gosar</lastName>
        <isOriginalCosponsor>True</isOriginalCosponsor>
        <firstName>Paul</firstName>
        <state>AZ</state>
      </item>
      <item>
        <district>1</district>
        <sponsorshipWithdrawnDate />
        <party>R</party>
        <fullName>Rep. Gohmert, Louie [R-TX-1]</fullName>
        <sponsorshipDate>2017-01-30</sponsorshipDate>
        <bioguideId>G000552</bioguideId>
        <middleName />
        <identifiers>
          <lisID>1801</lisID>
          <gpoId>8157</gpoId>
          <bioguideId>G000552</bioguideId>
        </identifiers>
        <lastName>Gohmert</lastName>
        <isOriginalCosponsor>True</isOriginalCosponsor>
        <firstName>Louie</firstName>
        <state>TX</state>
      </item>
      <item>
        <district>0</district>
        <sponsorshipWithdrawnDate />
        <party>R</party>
        <fullName>Rep. Radewagen, Aumua Amata Coleman [R-AS-At Large]</fullName>
        <sponsorshipDate>2017-01-30</sponsorshipDate>
        <bioguideId>R000600</bioguideId>
        <middleName>Coleman</middleName>
        <identifiers>
          <gpoId />
          <bioguideId>R000600</bioguideId>
          <lisID>2222</lisID>
        </identifiers>
        <lastName>Radewagen</lastName>
        <isOriginalCosponsor>True</isOriginalCosponsor>
        <firstName>Aumua Amata</firstName>
        <state>AS</state>
      </item>
      <item>
        <district>5</district>
        <sponsorshipWithdrawnDate />
        <party>R</party>
        <fullName>Rep. Biggs, Andy [R-AZ-5]</fullName>
        <sponsorshipDate>2017-01-30</sponsorshipDate>
        <bioguideId>B001302</bioguideId>
        <middleName />
        <identifiers>
          <bioguideId>B001302</bioguideId>
          <lisID>2307</lisID>
          <gpoId />
        </identifiers>
        <lastName>Biggs</lastName>
        <isOriginalCosponsor>True</isOriginalCosponsor>
        <firstName>Andy</firstName>
        <state>AZ</state>
      </item>
      <item>
        <district>4</district>
        <sponsorshipWithdrawnDate />
        <party>R</party>
        <fullName>Rep. Newhouse, Dan [R-WA-4]</fullName>
        <sponsorshipDate>2017-01-30</sponsorshipDate>
        <bioguideId>N000189</bioguideId>
        <middleName />
        <identifiers>
          <gpoId />
          <bioguideId>N000189</bioguideId>
          <lisID>2275</lisID>
        </identifiers>
        <lastName>Newhouse</lastName>
        <isOriginalCosponsor>True</isOriginalCosponsor>
        <firstName>Dan</firstName>
        <state>WA</state>
      </item>
    </cosponsors>
    <summaries>
      <billSummaries>
        <item>
          <versionCode>00</versionCode>
          <updateDate>2017-01-30T05:00:00Z</updateDate>
          <actionDesc>Introduced in House</actionDesc>
          <lastSummaryUpdateDate>2017-06-28T15:41:40Z</lastSummaryUpdateDate>
          <actionDate>2017-01-30</actionDate>
          <name>Introduced in House</name>
          <text><![CDATA[<p>This joint resolution nullifies the rule submitted by the U.S. Fish and Wildlife Service titled &quot;Management of Non-Federal Oil and Gas Rights.&quot;The rule published in the Federal Register on November 14, 2016, addresses non-federal oil and gas rights within the National Wildlife Refuge System outside of Alaska.</p>]]></text>
        </item>
      </billSummaries>
    </summaries>
    <policyArea>
      <name>Public Lands and Natural Resources</name>
    </policyArea>
    <latestAction>
      <links />
      <actionDate>2017-01-30</actionDate>
      <text>Referred to the House Committee on Natural Resources.</text>
    </latestAction>
    <updateDate>2018-02-06T16:40:09Z</updateDate>
    <committees>
      <billCommittees>
        <item>
          <chamber>House</chamber>
          <name>Natural Resources Committee</name>
          <systemCode>hsii00</systemCode>
          <type>Standing</type>
          <subcommittees />
          <activities>
            <item>
              <name>Referred to</name>
              <date>2017-01-30T17:05:45Z</date>
            </item>
          </activities>
        </item>
      </billCommittees>
    </committees>
    <createDate>2017-01-31T05:23:06Z</createDate>
    <title>Disapproving the rule submitted by the United States Fish and Wildlife Service of the Department of the Interior relating to management of non-Federal oil and gas rights.</title>
    <committeeReports />
    <calendarNumbers />
  </bill>
  <dublinCore xmlns:dc="http://purl.org/dc/elements/1.1/">
    <dc:format>text/xml</dc:format>
    <dc:language>EN</dc:language>
    <dc:rights>Pursuant to Title 17 Section 105 of the United States Code, this file is not subject to copyright protection and is in the public domain.</dc:rights>
    <dc:contributor>Congressional Research Service, Library of Congress</dc:contributor>
    <dc:description>This file contains bill summaries and statuses for federal legislation. A bill summary describes the most significant provisions of a piece of legislation and details the effects the legislative text may have on current law and federal programs. Bill summaries are authored by the Congressional Research Service (CRS) of the Library of Congress. As stated in Public Law 91-510 (2 USC 166 (d)(6)), one of the duties of CRS is "to prepare summaries and digests of bills and resolutions of a public general nature introduced in the Senate or House of Representatives". For more information, refer to the User Guide that accompanies this file.</dc:description>
  </dublinCore>
</billStatus>

