<?xml version="1.0" encoding="UTF-8"?>
<billStatus>
  <bill>
    <policyArea>
      <name>Civil Rights and Liberties, Minority Issues</name>
    </policyArea>
    <committeeReports />
    <congress>115</congress>
    <sponsors>
      <item>
        <identifiers>
          <lisID>1991</lisID>
          <gpoId>7795</gpoId>
          <bioguideId>W000809</bioguideId>
        </identifiers>
        <district>3</district>
        <middleName />
        <byRequestType />
        <fullName>Rep. Womack, Steve [R-AR-3]</fullName>
        <bioguideId>W000809</bioguideId>
        <state>AR</state>
        <party>R</party>
        <firstName>Steve</firstName>
        <lastName>Womack</lastName>
      </item>
    </sponsors>
    <calendarNumbers />
    <amendments />
    <relatedBills>
      <item>
        <type>SJRES</type>
        <latestAction>
          <text>Read twice and referred to the Committee on the Judiciary. (Sponsor introductory remarks on measure: CR S3491)</text>
          <actionDate>2017-06-14</actionDate>
        </latestAction>
        <latestTitle>A joint resolution proposing an amendment to the Constitution of the United States authorizing the Congress to prohibit the physical desecration of the flag of the United States.</latestTitle>
        <relationshipDetails>
          <item>
            <type>Identical bill</type>
            <identifiedBy>CRS</identifiedBy>
          </item>
        </relationshipDetails>
        <congress>115</congress>
        <number>46</number>
      </item>
    </relatedBills>
    <notes />
    <originChamber>House</originChamber>
    <version>1.0.0</version>
    <billNumber>61</billNumber>
    <title>Proposing an amendment to the Constitution of the United States giving Congress power to prohibit the physical desecration of the flag of the United States.</title>
    <cosponsors>
      <item>
        <identifiers>
          <lisID>2090</lisID>
          <gpoId>8366</gpoId>
          <bioguideId>A000369</bioguideId>
        </identifiers>
        <sponsorshipDate>2017-02-02</sponsorshipDate>
        <district>2</district>
        <middleName>E.</middleName>
        <sponsorshipWithdrawnDate />
        <fullName>Rep. Amodei, Mark E. [R-NV-2]</fullName>
        <party>R</party>
        <firstName>Mark</firstName>
        <isOriginalCosponsor>True</isOriginalCosponsor>
        <lastName>Amodei</lastName>
        <state>NV</state>
        <bioguideId>A000369</bioguideId>
      </item>
      <item>
        <identifiers>
          <lisID>1748</lisID>
          <gpoId>8154</gpoId>
          <bioguideId>B001243</bioguideId>
        </identifiers>
        <sponsorshipDate>2017-02-02</sponsorshipDate>
        <district>7</district>
        <middleName />
        <sponsorshipWithdrawnDate />
        <fullName>Rep. Blackburn, Marsha [R-TN-7]</fullName>
        <party>R</party>
        <firstName>Marsha</firstName>
        <isOriginalCosponsor>True</isOriginalCosponsor>
        <lastName>Blackburn</lastName>
        <state>TN</state>
        <bioguideId>B001243</bioguideId>
      </item>
      <item>
        <identifiers>
          <gpoId />
          <bioguideId>J000297</bioguideId>
          <lisID>2278</lisID>
        </identifiers>
        <sponsorshipDate>2017-02-02</sponsorshipDate>
        <district>3</district>
        <middleName>H.</middleName>
        <sponsorshipWithdrawnDate />
        <fullName>Rep. Jenkins, Evan H. [R-WV-3]</fullName>
        <party>R</party>
        <firstName>Evan</firstName>
        <isOriginalCosponsor>True</isOriginalCosponsor>
        <lastName>Jenkins</lastName>
        <state>WV</state>
        <bioguideId>J000297</bioguideId>
      </item>
      <item>
        <identifiers>
          <bioguideId>A000055</bioguideId>
          <lisID>1460</lisID>
          <gpoId>7789</gpoId>
        </identifiers>
        <sponsorshipDate>2017-02-02</sponsorshipDate>
        <district>4</district>
        <middleName>B.</middleName>
        <sponsorshipWithdrawnDate />
        <fullName>Rep. Aderholt, Robert B. [R-AL-4]</fullName>
        <party>R</party>
        <firstName>ROBERT</firstName>
        <isOriginalCosponsor>True</isOriginalCosponsor>
        <lastName>ADERHOLT</lastName>
        <state>AL</state>
        <bioguideId>A000055</bioguideId>
      </item>
      <item>
        <identifiers>
          <bioguideId>F000448</bioguideId>
          <gpoId>7799</gpoId>
          <lisID>1707</lisID>
        </identifiers>
        <sponsorshipDate>2017-02-02</sponsorshipDate>
        <district>8</district>
        <middleName />
        <sponsorshipWithdrawnDate />
        <fullName>Rep. Franks, Trent [R-AZ-8]</fullName>
        <party>R</party>
        <firstName>Trent</firstName>
        <isOriginalCosponsor>True</isOriginalCosponsor>
        <lastName>Franks</lastName>
        <state>AZ</state>
        <bioguideId>F000448</bioguideId>
      </item>
      <item>
        <identifiers>
          <lisID>2197</lisID>
          <bioguideId>B001289</bioguideId>
          <gpoId />
        </identifiers>
        <sponsorshipDate>2017-02-02</sponsorshipDate>
        <district>1</district>
        <middleName />
        <sponsorshipWithdrawnDate />
        <fullName>Rep. Byrne, Bradley [R-AL-1]</fullName>
        <party>R</party>
        <firstName>Bradley</firstName>
        <isOriginalCosponsor>True</isOriginalCosponsor>
        <lastName>Byrne</lastName>
        <state>AL</state>
        <bioguideId>B001289</bioguideId>
      </item>
      <item>
        <identifiers>
          <gpoId>8178</gpoId>
          <lisID>1955</lisID>
          <bioguideId>O000168</bioguideId>
        </identifiers>
        <sponsorshipDate>2017-02-02</sponsorshipDate>
        <district>22</district>
        <middleName />
        <sponsorshipWithdrawnDate />
        <fullName>Rep. Olson, Pete [R-TX-22]</fullName>
        <party>R</party>
        <firstName>Pete</firstName>
        <isOriginalCosponsor>True</isOriginalCosponsor>
        <lastName>Olson</lastName>
        <state>TX</state>
        <bioguideId>O000168</bioguideId>
      </item>
      <item>
        <identifiers>
          <gpoId>8022</gpoId>
          <lisID>2035</lisID>
          <bioguideId>P000601</bioguideId>
        </identifiers>
        <sponsorshipDate>2017-02-02</sponsorshipDate>
        <district>4</district>
        <middleName>M.</middleName>
        <sponsorshipWithdrawnDate />
        <fullName>Rep. Palazzo, Steven M. [R-MS-4]</fullName>
        <party>R</party>
        <firstName>Steven</firstName>
        <isOriginalCosponsor>True</isOriginalCosponsor>
        <lastName>Palazzo</lastName>
        <state>MS</state>
        <bioguideId>P000601</bioguideId>
      </item>
      <item>
        <identifiers>
          <lisID>1793</lisID>
          <gpoId>8038</gpoId>
          <bioguideId>F000449</bioguideId>
        </identifiers>
        <sponsorshipDate>2017-02-02</sponsorshipDate>
        <district>1</district>
        <middleName />
        <sponsorshipWithdrawnDate />
        <fullName>Rep. Fortenberry, Jeff [R-NE-1]</fullName>
        <party>R</party>
        <firstName>Jeff</firstName>
        <isOriginalCosponsor>True</isOriginalCosponsor>
        <lastName>Fortenberry</lastName>
        <state>NE</state>
        <bioguideId>F000449</bioguideId>
      </item>
      <item>
        <identifiers>
          <lisID>2103</lisID>
          <bioguideId>C001094</bioguideId>
          <gpoId />
        </identifiers>
        <sponsorshipDate>2017-02-02</sponsorshipDate>
        <district>8</district>
        <middleName />
        <sponsorshipWithdrawnDate />
        <fullName>Rep. Cook, Paul [R-CA-8]</fullName>
        <party>R</party>
        <firstName>Paul</firstName>
        <isOriginalCosponsor>True</isOriginalCosponsor>
        <lastName>Cook</lastName>
        <state>CA</state>
        <bioguideId>C001094</bioguideId>
      </item>
      <item>
        <identifiers>
          <gpoId />
          <lisID>2244</lisID>
          <bioguideId>A000374</bioguideId>
        </identifiers>
        <sponsorshipDate>2017-02-02</sponsorshipDate>
        <district>5</district>
        <middleName>Lee</middleName>
        <sponsorshipWithdrawnDate />
        <fullName>Rep. Abraham, Ralph Lee [R-LA-5]</fullName>
        <party>R</party>
        <firstName>Ralph</firstName>
        <isOriginalCosponsor>True</isOriginalCosponsor>
        <lastName>Abraham</lastName>
        <state>LA</state>
        <bioguideId>A000374</bioguideId>
      </item>
      <item>
        <identifiers>
          <bioguideId>W000795</bioguideId>
          <lisID>1688</lisID>
          <gpoId>8142</gpoId>
        </identifiers>
        <sponsorshipDate>2017-02-02</sponsorshipDate>
        <district>2</district>
        <middleName />
        <sponsorshipWithdrawnDate />
        <fullName>Rep. Wilson, Joe [R-SC-2]</fullName>
        <party>R</party>
        <firstName>Joe</firstName>
        <isOriginalCosponsor>True</isOriginalCosponsor>
        <lastName>Wilson</lastName>
        <state>SC</state>
        <bioguideId>W000795</bioguideId>
      </item>
      <item>
        <identifiers>
          <lisID>2046</lisID>
          <bioguideId>J000292</bioguideId>
          <gpoId>8096</gpoId>
        </identifiers>
        <sponsorshipDate>2017-02-02</sponsorshipDate>
        <district>6</district>
        <middleName />
        <sponsorshipWithdrawnDate />
        <fullName>Rep. Johnson, Bill [R-OH-6]</fullName>
        <party>R</party>
        <firstName>Bill</firstName>
        <isOriginalCosponsor>True</isOriginalCosponsor>
        <lastName>Johnson</lastName>
        <state>OH</state>
        <bioguideId>J000292</bioguideId>
      </item>
      <item>
        <identifiers>
          <gpoId>8053</gpoId>
          <bioguideId>F000372</bioguideId>
          <lisID>414</lisID>
        </identifiers>
        <sponsorshipDate>2017-04-04</sponsorshipDate>
        <district>11</district>
        <middleName />
        <sponsorshipWithdrawnDate />
        <fullName>Rep. Frelinghuysen, Rodney P. [R-NJ-11]</fullName>
        <party>R</party>
        <firstName>RODNEY</firstName>
        <isOriginalCosponsor>False</isOriginalCosponsor>
        <lastName>FRELINGHUYSEN</lastName>
        <state>NJ</state>
        <bioguideId>F000372</bioguideId>
      </item>
      <item>
        <identifiers>
          <bioguideId>C001053</bioguideId>
          <gpoId>8112</gpoId>
          <lisID>1742</lisID>
        </identifiers>
        <sponsorshipDate>2017-04-04</sponsorshipDate>
        <district>4</district>
        <middleName />
        <sponsorshipWithdrawnDate />
        <fullName>Rep. Cole, Tom [R-OK-4]</fullName>
        <party>R</party>
        <firstName>Tom</firstName>
        <isOriginalCosponsor>False</isOriginalCosponsor>
        <lastName>Cole</lastName>
        <state>OK</state>
        <bioguideId>C001053</bioguideId>
      </item>
      <item>
        <identifiers>
          <lisID>2294</lisID>
          <gpoId />
          <bioguideId>K000388</bioguideId>
        </identifiers>
        <sponsorshipDate>2017-04-04</sponsorshipDate>
        <district>1</district>
        <middleName />
        <sponsorshipWithdrawnDate />
        <fullName>Rep. Kelly, Trent [R-MS-1]</fullName>
        <party>R</party>
        <firstName>Trent</firstName>
        <isOriginalCosponsor>False</isOriginalCosponsor>
        <lastName>Kelly</lastName>
        <state>MS</state>
        <bioguideId>K000388</bioguideId>
      </item>
      <item>
        <identifiers>
          <lisID>1744</lisID>
          <gpoId>8723</gpoId>
          <bioguideId>M001151</bioguideId>
        </identifiers>
        <sponsorshipDate>2017-04-04</sponsorshipDate>
        <district>18</district>
        <middleName />
        <sponsorshipWithdrawnDate />
        <fullName>Rep. Murphy, Tim [R-PA-18]</fullName>
        <party>R</party>
        <firstName>Tim</firstName>
        <isOriginalCosponsor>False</isOriginalCosponsor>
        <lastName>Murphy</lastName>
        <state>PA</state>
        <bioguideId>M001151</bioguideId>
      </item>
      <item>
        <identifiers>
          <gpoId>8044</gpoId>
          <lisID>699</lisID>
          <bioguideId>L000554</bioguideId>
        </identifiers>
        <sponsorshipDate>2017-04-04</sponsorshipDate>
        <district>2</district>
        <middleName>A.</middleName>
        <sponsorshipWithdrawnDate />
        <fullName>Rep. LoBiondo, Frank A. [R-NJ-2]</fullName>
        <party>R</party>
        <firstName>FRANK</firstName>
        <isOriginalCosponsor>False</isOriginalCosponsor>
        <lastName>LOBIONDO</lastName>
        <state>NJ</state>
        <bioguideId>L000554</bioguideId>
      </item>
      <item>
        <identifiers>
          <lisID>2242</lisID>
          <bioguideId>Y000066</bioguideId>
          <gpoId />
        </identifiers>
        <sponsorshipDate>2017-04-04</sponsorshipDate>
        <district>3</district>
        <middleName />
        <sponsorshipWithdrawnDate />
        <fullName>Rep. Young, David [R-IA-3]</fullName>
        <party>R</party>
        <firstName>David</firstName>
        <isOriginalCosponsor>False</isOriginalCosponsor>
        <lastName>Young</lastName>
        <state>IA</state>
        <bioguideId>Y000066</bioguideId>
      </item>
      <item>
        <identifiers>
          <lisID>1704</lisID>
          <bioguideId>R000575</bioguideId>
          <gpoId>7788</gpoId>
        </identifiers>
        <sponsorshipDate>2017-04-04</sponsorshipDate>
        <district>3</district>
        <middleName />
        <sponsorshipWithdrawnDate />
        <fullName>Rep. Rogers, Mike D. [R-AL-3]</fullName>
        <party>R</party>
        <firstName>Mike</firstName>
        <isOriginalCosponsor>False</isOriginalCosponsor>
        <lastName>Rogers</lastName>
        <state>AL</state>
        <bioguideId>R000575</bioguideId>
      </item>
      <item>
        <identifiers>
          <lisID>1954</lisID>
          <gpoId>8148</gpoId>
          <bioguideId>R000582</bioguideId>
        </identifiers>
        <sponsorshipDate>2017-04-04</sponsorshipDate>
        <district>1</district>
        <middleName>P.</middleName>
        <sponsorshipWithdrawnDate />
        <fullName>Rep. Roe, David P. [R-TN-1]</fullName>
        <party>R</party>
        <firstName>David</firstName>
        <isOriginalCosponsor>False</isOriginalCosponsor>
        <lastName>Roe</lastName>
        <state>TN</state>
        <bioguideId>R000582</bioguideId>
      </item>
      <item>
        <identifiers>
          <gpoId>8026</gpoId>
          <bioguideId>J000255</bioguideId>
          <lisID>612</lisID>
        </identifiers>
        <sponsorshipDate>2017-04-04</sponsorshipDate>
        <district>3</district>
        <middleName>B.</middleName>
        <sponsorshipWithdrawnDate />
        <fullName>Rep. Jones, Walter B., Jr. [R-NC-3]</fullName>
        <party>R</party>
        <firstName>WALTER</firstName>
        <isOriginalCosponsor>False</isOriginalCosponsor>
        <lastName>JONES</lastName>
        <state>NC</state>
        <bioguideId>J000255</bioguideId>
      </item>
      <item>
        <identifiers>
          <gpoId />
          <bioguideId>R000603</bioguideId>
          <lisID>2256</lisID>
        </identifiers>
        <sponsorshipDate>2017-04-04</sponsorshipDate>
        <district>7</district>
        <middleName />
        <sponsorshipWithdrawnDate />
        <fullName>Rep. Rouzer, David [R-NC-7]</fullName>
        <party>R</party>
        <firstName>David</firstName>
        <isOriginalCosponsor>False</isOriginalCosponsor>
        <lastName>Rouzer</lastName>
        <state>NC</state>
        <bioguideId>R000603</bioguideId>
      </item>
      <item>
        <identifiers>
          <bioguideId>J000174</bioguideId>
          <lisID>603</lisID>
          <gpoId>8159</gpoId>
        </identifiers>
        <sponsorshipDate>2017-07-28</sponsorshipDate>
        <district>3</district>
        <middleName />
        <sponsorshipWithdrawnDate />
        <fullName>Rep. Johnson, Sam [R-TX-3]</fullName>
        <party>R</party>
        <firstName>SAM</firstName>
        <isOriginalCosponsor>False</isOriginalCosponsor>
        <lastName>JOHNSON</lastName>
        <state>TX</state>
        <bioguideId>J000174</bioguideId>
      </item>
      <item>
        <identifiers>
          <gpoId />
          <bioguideId>N000189</bioguideId>
          <lisID>2275</lisID>
        </identifiers>
        <sponsorshipDate>2017-09-26</sponsorshipDate>
        <district>4</district>
        <middleName />
        <sponsorshipWithdrawnDate />
        <fullName>Rep. Newhouse, Dan [R-WA-4]</fullName>
        <party>R</party>
        <firstName>Dan</firstName>
        <isOriginalCosponsor>False</isOriginalCosponsor>
        <lastName>Newhouse</lastName>
        <state>WA</state>
        <bioguideId>N000189</bioguideId>
      </item>
      <item>
        <identifiers>
          <lisID>1596</lisID>
          <gpoId>8115</gpoId>
          <bioguideId>W000791</bioguideId>
        </identifiers>
        <sponsorshipDate>2018-01-25</sponsorshipDate>
        <district>2</district>
        <middleName />
        <sponsorshipWithdrawnDate />
        <fullName>Rep. Walden, Greg [R-OR-2]</fullName>
        <party>R</party>
        <firstName>GREG</firstName>
        <isOriginalCosponsor>False</isOriginalCosponsor>
        <lastName>WALDEN</lastName>
        <state>OR</state>
        <bioguideId>W000791</bioguideId>
      </item>
    </cosponsors>
    <subjects>
      <billSubjects>
        <policyArea>
          <name>Civil Rights and Liberties, Minority Issues</name>
        </policyArea>
        <legislativeSubjects>
          <item>
            <name>Constitution and constitutional amendments</name>
          </item>
          <item>
            <name>First Amendment rights</name>
          </item>
          <item>
            <name>National symbols</name>
          </item>
        </legislativeSubjects>
      </billSubjects>
    </subjects>
    <constitutionalAuthorityStatementText><![CDATA[<pre>From the Congressional Record Online through the Government Publishing Office [<a href='http://www.gpo.gov'>www.gpo.gov</a>]By Mr. WOMACK:H.J. Res. 61.Congress has the power to enact this legislation pursuantto the following:Article V, U.S. Constitution____________________[Page H946]</pre>]]></constitutionalAuthorityStatementText>
    <laws />
    <actions>
      <item>
        <actionDate>2017-02-08</actionDate>
        <committee>
          <systemCode>hsju10</systemCode>
          <name>Constitution and Civil Justice Subcommittee</name>
        </committee>
        <links />
        <sourceSystem>
          <name>House committee actions</name>
          <code>1</code>
        </sourceSystem>
        <text>Referred to the Subcommittee on the Constitution and Civil Justice.</text>
        <type>Committee</type>
      </item>
      <item>
        <links />
        <actionDate>2017-02-02</actionDate>
        <type>IntroReferral</type>
        <text>Referred to the House Committee on the Judiciary.</text>
        <actionCode>H11100</actionCode>
        <sourceSystem>
          <name>House floor actions</name>
          <code>2</code>
        </sourceSystem>
        <committee>
          <systemCode>hsju00</systemCode>
          <name>Judiciary Committee</name>
        </committee>
      </item>
      <item>
        <links />
        <actionDate>2017-02-02</actionDate>
        <type>IntroReferral</type>
        <text>Introduced in House</text>
        <actionCode>Intro-H</actionCode>
        <sourceSystem>
          <name>Library of Congress</name>
          <code>9</code>
        </sourceSystem>
        <committee />
      </item>
      <item>
        <links />
        <actionDate>2017-02-02</actionDate>
        <type>IntroReferral</type>
        <text>Introduced in House</text>
        <actionCode>1000</actionCode>
        <sourceSystem>
          <name>Library of Congress</name>
          <code>9</code>
        </sourceSystem>
        <committee />
      </item>
      <actionByCounts>
        <houseOfRepresentatives>4</houseOfRepresentatives>
      </actionByCounts>
      <actionTypeCounts>
        <billReferrals>1</billReferrals>
        <placeholderTextForH>1</placeholderTextForH>
        <introducedInTheHouse>1</introducedInTheHouse>
        <introducedInHouse>1</introducedInHouse>
      </actionTypeCounts>
    </actions>
    <titles>
      <item>
        <titleType>Official Title as Introduced</titleType>
        <parentTitleType />
        <chamberName />
        <title>Proposing an amendment to the Constitution of the United States giving Congress power to prohibit the physical desecration of the flag of the United States.</title>
        <chamberCode />
      </item>
      <item>
        <titleType>Display Title</titleType>
        <parentTitleType />
        <chamberName />
        <title>Proposing an amendment to the Constitution of the United States giving Congress power to prohibit the physical desecration of the flag of the United States.</title>
        <chamberCode />
      </item>
    </titles>
    <summaries>
      <billSummaries>
        <item>
          <versionCode>00</versionCode>
          <updateDate>2017-02-02T05:00:00Z</updateDate>
          <actionDate>2017-02-02</actionDate>
          <text><![CDATA[<p><b>Constitutional Amendment </b></p> <p> This joint resolution proposes a constitutional amendment granting Congress the power to prohibit the physical desecration of the U.S. flag.</p>]]></text>
          <actionDesc>Introduced in House</actionDesc>
          <lastSummaryUpdateDate>2017-04-21T16:53:11Z</lastSummaryUpdateDate>
          <name>Introduced in House</name>
        </item>
      </billSummaries>
    </summaries>
    <committees>
      <billCommittees>
        <item>
          <systemCode>hsju00</systemCode>
          <chamber>House</chamber>
          <type>Standing</type>
          <activities>
            <item>
              <name>Referred to</name>
              <date>2017-02-02T15:03:05Z</date>
            </item>
          </activities>
          <name>Judiciary Committee</name>
          <subcommittees>
            <item>
              <systemCode>hsju10</systemCode>
              <name>Constitution and Civil Justice Subcommittee</name>
              <activities>
                <item>
                  <name>Referred to</name>
                  <date>2017-02-08T21:40:55Z</date>
                </item>
              </activities>
            </item>
          </subcommittees>
        </item>
      </billCommittees>
    </committees>
    <introducedDate>2017-02-02</introducedDate>
    <updateDate>2018-02-06T16:40:10Z</updateDate>
    <cboCostEstimates />
    <recordedVotes />
    <billType>HJRES</billType>
    <createDate>2017-02-03T05:17:27Z</createDate>
    <latestAction>
      <text>Referred to the Subcommittee on the Constitution and Civil Justice.</text>
      <links />
      <actionDate>2017-02-08</actionDate>
    </latestAction>
  </bill>
  <dublinCore xmlns:dc="http://purl.org/dc/elements/1.1/">
    <dc:format>text/xml</dc:format>
    <dc:language>EN</dc:language>
    <dc:rights>Pursuant to Title 17 Section 105 of the United States Code, this file is not subject to copyright protection and is in the public domain.</dc:rights>
    <dc:contributor>Congressional Research Service, Library of Congress</dc:contributor>
    <dc:description>This file contains bill summaries and statuses for federal legislation. A bill summary describes the most significant provisions of a piece of legislation and details the effects the legislative text may have on current law and federal programs. Bill summaries are authored by the Congressional Research Service (CRS) of the Library of Congress. As stated in Public Law 91-510 (2 USC 166 (d)(6)), one of the duties of CRS is "to prepare summaries and digests of bills and resolutions of a public general nature introduced in the Senate or House of Representatives". For more information, refer to the User Guide that accompanies this file.</dc:description>
  </dublinCore>
</billStatus>

