<?xml version="1.0" encoding="UTF-8"?>
<billStatus>
  <bill>
    <constitutionalAuthorityStatementText><![CDATA[<pre>From the Congressional Record Online through the Government Publishing Office [<a href='http://www.gpo.gov'>www.gpo.gov</a>]By Mr. FRELINGHUYSEN:H.J. Res. 99.Congress has the power to enact this legislation pursuantto the following:The principal constitutional authority for this legislationis clause 7 of section 9 of article I of the Constitution ofthe United States (the appropriation power), which states:``No Money shall be drawn from the Treasury, but inConsequence of Appropriations made by Law. .  .  .'' Inaddition, clause 1 of section 8 of article I of theConstitution (the spending power) provides: ``The Congressshall have the Power .  .  . to pay the Debts and provide forthe common Defence and general Welfare of the United States..  .  .'' Together, these specific constitutional provisionsestablish the congressional power of the purse, grantingCongress the authority to appropriate funds, to determinetheir purpose, amount, and period of availability, and to setforth terms and conditions governing their use.____________________[Page H2898]</pre>]]></constitutionalAuthorityStatementText>
    <originChamber>House</originChamber>
    <subjects>
      <billSubjects>
        <legislativeSubjects>
          <item>
            <name>Appropriations</name>
          </item>
          <item>
            <name>Coal</name>
          </item>
          <item>
            <name>Employee benefits and pensions</name>
          </item>
          <item>
            <name>Executive agency funding and structure</name>
          </item>
          <item>
            <name>Health care costs and insurance</name>
          </item>
          <item>
            <name>Mining</name>
          </item>
        </legislativeSubjects>
        <policyArea>
          <name>Economics and Public Finance</name>
        </policyArea>
      </billSubjects>
    </subjects>
    <cosponsors />
    <billType>HJRES</billType>
    <recordedVotes>
      <recordedVote>
        <rollNumber>236</rollNumber>
        <chamber>House</chamber>
        <sessionNumber>1</sessionNumber>
        <fullActionName>Passage of a Measure</fullActionName>
        <congress>115</congress>
        <date>2017-04-28T15:30:27Z</date>
        <url>http://clerk.house.gov/evs/2017/roll236.xml</url>
      </recordedVote>
    </recordedVotes>
    <laws>
      <item>
        <type>Public Law</type>
        <number>115-30</number>
      </item>
    </laws>
    <committeeReports />
    <actions>
      <item>
        <sourceSystem>
          <name>House floor actions</name>
          <code>2</code>
        </sourceSystem>
        <actionDate>2017-04-28</actionDate>
        <links>
          <link>
            <name>Public Law No: 115-30</name>
            <url>https://www.congress.gov/bill/115th-congress/house-joint-resolution/99/text/pl</url>
          </link>
        </links>
        <text>Became Public Law No: 115-30.</text>
        <committee />
        <actionCode>E40000</actionCode>
        <type>President</type>
      </item>
      <item>
        <sourceSystem>
          <name>Library of Congress</name>
          <code>9</code>
        </sourceSystem>
        <actionDate>2017-04-28</actionDate>
        <links>
          <link>
            <name>Public Law No: 115-30</name>
            <url>https://www.congress.gov/bill/115th-congress/house-joint-resolution/99/text/pl</url>
          </link>
        </links>
        <text>Became Public Law No: 115-30.</text>
        <committee />
        <actionCode>36000</actionCode>
        <type>BecameLaw</type>
      </item>
      <item>
        <sourceSystem>
          <name>House floor actions</name>
          <code>2</code>
        </sourceSystem>
        <actionDate>2017-04-28</actionDate>
        <links />
        <text>Signed by President.</text>
        <committee />
        <actionCode>E30000</actionCode>
        <type>President</type>
      </item>
      <item>
        <sourceSystem>
          <name>Library of Congress</name>
          <code>9</code>
        </sourceSystem>
        <actionDate>2017-04-28</actionDate>
        <links />
        <text>Signed by President.</text>
        <committee />
        <actionCode>36000</actionCode>
        <type>BecameLaw</type>
      </item>
      <item>
        <sourceSystem>
          <name>House floor actions</name>
          <code>2</code>
        </sourceSystem>
        <actionDate>2017-04-28</actionDate>
        <links />
        <text>Presented to President.</text>
        <committee />
        <actionCode>E20000</actionCode>
        <type>Floor</type>
      </item>
      <item>
        <sourceSystem>
          <name>Library of Congress</name>
          <code>9</code>
        </sourceSystem>
        <actionDate>2017-04-28</actionDate>
        <links />
        <text>Presented to President.</text>
        <committee />
        <actionCode>28000</actionCode>
        <type>President</type>
      </item>
      <item>
        <actionDate>2017-04-28</actionDate>
        <committee />
        <links />
        <sourceSystem>
          <name>Senate</name>
          <code>0</code>
        </sourceSystem>
        <text>Message on Senate action sent to the House.</text>
        <type>Floor</type>
      </item>
      <item>
        <actionDate>2017-04-28</actionDate>
        <committee />
        <links>
          <link>
            <name>S2634-2635</name>
            <url>https://www.congress.gov/congressional-record/volume-163/senate-section/page/S2634-2635</url>
          </link>
        </links>
        <sourceSystem>
          <name>Senate</name>
          <code>0</code>
        </sourceSystem>
        <text>Received in the Senate, read twice, considered, read the third time, and passed without amendment by Voice Vote. (consideration: CR S2634-2635)</text>
        <type>Floor</type>
      </item>
      <item>
        <sourceSystem>
          <name>Library of Congress</name>
          <code>9</code>
        </sourceSystem>
        <actionDate>2017-04-28</actionDate>
        <links />
        <text>Passed/agreed to in Senate: Received in the Senate, read twice, considered, read the third time, and passed without amendment by Voice Vote.</text>
        <committee />
        <actionCode>17000</actionCode>
        <type>Floor</type>
      </item>
      <item>
        <sourceSystem>
          <name>House floor actions</name>
          <code>2</code>
        </sourceSystem>
        <actionDate>2017-04-28</actionDate>
        <actionTime>11:30:29</actionTime>
        <links />
        <text>Motion to reconsider laid on the table Agreed to without objection.</text>
        <committee />
        <actionCode>H38310</actionCode>
        <type>Floor</type>
      </item>
      <item>
        <sourceSystem>
          <name>House floor actions</name>
          <code>2</code>
        </sourceSystem>
        <actionDate>2017-04-28</actionDate>
        <actionTime>11:30:27</actionTime>
        <links>
          <link>
            <name>H2955</name>
            <url>https://www.congress.gov/congressional-record/volume-163/house-section/page/H2955</url>
          </link>
          <link>
            <name>Roll no. 236</name>
            <url>http://clerk.house.gov/evs/2017/roll236.xml</url>
          </link>
        </links>
        <text>On passage Passed by the Yeas and Nays: 382 - 30 (Roll no. 236). (text: CR H2955)</text>
        <committee />
        <actionCode>H37100</actionCode>
        <type>Floor</type>
      </item>
      <item>
        <sourceSystem>
          <name>Library of Congress</name>
          <code>9</code>
        </sourceSystem>
        <actionDate>2017-04-28</actionDate>
        <actionTime>11:30:27</actionTime>
        <links>
          <link>
            <name>Roll no. 236</name>
            <url>http://clerk.house.gov/evs/2017/roll236.xml</url>
          </link>
        </links>
        <text>Passed/agreed to in House: On passage Passed by the Yeas and Nays: 382 - 30 (Roll no. 236).</text>
        <committee />
        <actionCode>8000</actionCode>
        <type>Floor</type>
      </item>
      <item>
        <sourceSystem>
          <name>House floor actions</name>
          <code>2</code>
        </sourceSystem>
        <actionDate>2017-04-28</actionDate>
        <actionTime>10:38:22</actionTime>
        <links />
        <text>The previous question was ordered pursuant to the rule.</text>
        <committee />
        <actionCode>H35000</actionCode>
        <type>Floor</type>
      </item>
      <item>
        <sourceSystem>
          <name>House floor actions</name>
          <code>2</code>
        </sourceSystem>
        <actionDate>2017-04-28</actionDate>
        <actionTime>10:23:23</actionTime>
        <links>
          <link>
            <name>H.J. Res. 99</name>
            <url>https://www.congress.gov/bill/115th-congress/house-joint-resolution/99</url>
          </link>
        </links>
        <text>DEBATE - The House proceeded with one hour of debate on H.J. Res. 99.</text>
        <committee />
        <actionCode>H8D000</actionCode>
        <type>Floor</type>
      </item>
      <item>
        <sourceSystem>
          <name>House floor actions</name>
          <code>2</code>
        </sourceSystem>
        <actionDate>2017-04-28</actionDate>
        <actionTime>10:22:54</actionTime>
        <links>
          <link>
            <name>H.J. Res. 99</name>
            <url>https://www.congress.gov/bill/115th-congress/house-joint-resolution/99</url>
          </link>
        </links>
        <text>Rule provides for consideration of H.J. Res. 99 with 1 hour of general debate. Previous question shall be considered as ordered without intervening motions except motion to recommit. Measure will be considered read. Bill is closed to amendments.</text>
        <committee />
        <actionCode>H8D000</actionCode>
        <type>Floor</type>
      </item>
      <item>
        <sourceSystem>
          <name>House floor actions</name>
          <code>2</code>
        </sourceSystem>
        <actionDate>2017-04-28</actionDate>
        <actionTime>10:22:49</actionTime>
        <links>
          <link>
            <name>H. Res. 289</name>
            <url>https://www.congress.gov/bill/115th-congress/house-resolution/289</url>
          </link>
          <link>
            <name>H2955-2958</name>
            <url>https://www.congress.gov/congressional-record/volume-163/house-section/page/H2955-2958</url>
          </link>
        </links>
        <text>Considered under the provisions of rule H. Res. 289. (consideration: CR H2955-2958)</text>
        <committee />
        <actionCode>H30000</actionCode>
        <type>Floor</type>
      </item>
      <item>
        <sourceSystem>
          <name>House floor actions</name>
          <code>2</code>
        </sourceSystem>
        <actionDate>2017-04-28</actionDate>
        <actionTime>10:22:10</actionTime>
        <links>
          <link>
            <name>H. Res. 289</name>
            <url>https://www.congress.gov/bill/115th-congress/house-resolution/289</url>
          </link>
        </links>
        <text>Rule H. Res. 289 passed House.</text>
        <committee />
        <actionCode>H1L220</actionCode>
        <type>Floor</type>
      </item>
      <item>
        <sourceSystem>
          <name>House floor actions</name>
          <code>2</code>
        </sourceSystem>
        <actionDate>2017-04-27</actionDate>
        <actionTime>23:10:46</actionTime>
        <links>
          <link>
            <name>H. Res. 289</name>
            <url>https://www.congress.gov/bill/115th-congress/house-resolution/289</url>
          </link>
          <link>
            <name>H.J. Res. 99</name>
            <url>https://www.congress.gov/bill/115th-congress/house-joint-resolution/99</url>
          </link>
        </links>
        <text>Rules Committee Resolution H. Res. 289 Reported to House. Rule provides for consideration of H.J. Res. 99 with 1 hour of general debate. Previous question shall be considered as ordered without intervening motions except motion to recommit. Measure will be considered read. Bill is closed to amendments.</text>
        <committee />
        <actionCode>H1L210</actionCode>
        <type>Floor</type>
      </item>
      <item>
        <sourceSystem>
          <name>House floor actions</name>
          <code>2</code>
        </sourceSystem>
        <actionDate>2017-04-26</actionDate>
        <links />
        <text>Referred to the House Committee on Appropriations.</text>
        <committee>
          <systemCode>hsap00</systemCode>
          <name>Appropriations Committee</name>
        </committee>
        <actionCode>H11100</actionCode>
        <type>IntroReferral</type>
      </item>
      <item>
        <sourceSystem>
          <name>Library of Congress</name>
          <code>9</code>
        </sourceSystem>
        <actionDate>2017-04-26</actionDate>
        <links />
        <text>Introduced in House</text>
        <committee />
        <actionCode>Intro-H</actionCode>
        <type>IntroReferral</type>
      </item>
      <item>
        <sourceSystem>
          <name>Library of Congress</name>
          <code>9</code>
        </sourceSystem>
        <actionDate>2017-04-26</actionDate>
        <links />
        <text>Introduced in House</text>
        <committee />
        <actionCode>1000</actionCode>
        <type>IntroReferral</type>
      </item>
      <actionByCounts>
        <houseOfRepresentatives>12</houseOfRepresentatives>
        <senate>3</senate>
      </actionByCounts>
      <actionTypeCounts>
        <placeholderTextForHL>1</placeholderTextForHL>
        <motionToReconsiderResults>1</motionToReconsiderResults>
        <passageOfAMeasure>1</passageOfAMeasure>
        <passedOrAgreedToInSenateDayOf>1</passedOrAgreedToInSenateDayOf>
        <introducedInHouse>1</introducedInHouse>
        <placeholderTextForE>3</placeholderTextForE>
        <becamePublicLaw>2</becamePublicLaw>
        <sentToHouse>1</sentToHouse>
        <generalDebate>2</generalDebate>
        <introducedInTheHouse>1</introducedInTheHouse>
        <passedAgreedToInSenate>1</passedAgreedToInSenate>
        <presentedToPresident>1</presentedToPresident>
        <passedAgreedToInHouse>1</passedAgreedToInHouse>
        <billReferrals>1</billReferrals>
        <considerationByHouse>1</considerationByHouse>
        <motionForPreviousQuestion>1</motionForPreviousQuestion>
        <ruleForConsiderationOfBillReportedToHouse>1</ruleForConsiderationOfBillReportedToHouse>
      </actionTypeCounts>
    </actions>
    <createDate>2017-04-27T03:11:40Z</createDate>
    <version>1.0.0</version>
    <notes />
    <latestAction>
      <actionDate>2017-04-28</actionDate>
      <text>Became Public Law No: 115-30.</text>
      <links>
        <link>
          <name>Public Law No: 115-30</name>
          <url>https://www.congress.gov/bill/115th-congress/house-joint-resolution/99/text/pl</url>
        </link>
      </links>
    </latestAction>
    <title>Making further continuing appropriations for fiscal year 2017, and for other purposes.</title>
    <summaries>
      <billSummaries>
        <item>
          <updateDate>2017-04-26T04:00:00Z</updateDate>
          <actionDesc>Introduced in House</actionDesc>
          <versionCode>00</versionCode>
          <name>Introduced in House</name>
          <text><![CDATA[<p>This joint resolution amends the Continuing Appropriations Act, 2017 to provide continuing FY2017 appropriations for most federal agencies through the earlier of May 5, 2017, or the enactment of the applicable appropriations legislation. </p> <p>It is commonly referred to as a continuing resolution (CR) and prevents a partial government shutdown that would otherwise occur after the existing CR expires on April 28, 2017, because 11 of the 12 FY2017 regular appropriations bills that fund the federal government have not been enacted. (The Military Construction, Veterans Affairs, and Related Agencies Appropriations Act, 2017 was signed into law on September 29, 2016.) </p> <p>The CR also amends the Surface Mining Control and Reclamation Act of 1977 to extend through May 5, 2017, a provision that provides health care benefits for certain retired miners and their families. </p>]]></text>
          <lastSummaryUpdateDate>2017-04-28T16:29:00Z</lastSummaryUpdateDate>
          <actionDate>2017-04-26</actionDate>
        </item>
        <item>
          <updateDate>2017-04-28T13:23:57Z</updateDate>
          <actionDesc>Passed Senate without amendment</actionDesc>
          <versionCode>82</versionCode>
          <name>Passed Senate without amendment</name>
          <text><![CDATA[<p>(This measure has not been amended since it was introduced. The summary of that version is repeated here.)</p> <p>This joint resolution amends the Continuing Appropriations Act, 2017 to provide continuing FY2017 appropriations for most federal agencies through the earlier of May 5, 2017, or the enactment of the applicable appropriations legislation. </p> <p>It is commonly referred to as a continuing resolution (CR) and prevents a partial government shutdown that would otherwise occur after the existing CR expires on April 28, 2017, because 11 of the 12 FY2017 regular appropriations bills that fund the federal government have not been enacted. (The Military Construction, Veterans Affairs, and Related Agencies Appropriations Act, 2017 was signed into law on September 29, 2016.) </p> <p>The CR also amends the Surface Mining Control and Reclamation Act of 1977 to extend through May 5, 2017, a provision that provides health care benefits for certain retired miners and their families. </p>]]></text>
          <lastSummaryUpdateDate>2017-05-08T19:08:04Z</lastSummaryUpdateDate>
          <actionDate>2017-04-28</actionDate>
        </item>
        <item>
          <updateDate>2017-04-29T03:59:59Z</updateDate>
          <actionDesc>Public Law</actionDesc>
          <versionCode>49</versionCode>
          <name>Public Law</name>
          <text><![CDATA[<p>(This measure has not been amended since it was introduced. The summary of that version is repeated here.)</p> <p>This joint resolution amends the Continuing Appropriations Act, 2017 to provide continuing FY2017 appropriations for most federal agencies through the earlier of May 5, 2017, or the enactment of the applicable appropriations legislation. </p> <p>It is commonly referred to as a continuing resolution (CR) and prevents a partial government shutdown that would otherwise occur after the existing CR expires on April 28, 2017, because 11 of the 12 FY2017 regular appropriations bills that fund the federal government have not been enacted. (The Military Construction, Veterans Affairs, and Related Agencies Appropriations Act, 2017 was signed into law on September 29, 2016.) </p> <p>The CR also amends the Surface Mining Control and Reclamation Act of 1977 to extend through May 5, 2017, a provision that provides health care benefits for certain retired miners and their families. </p>]]></text>
          <lastSummaryUpdateDate>2017-05-08T18:58:21Z</lastSummaryUpdateDate>
          <actionDate>2017-04-28</actionDate>
        </item>
      </billSummaries>
    </summaries>
    <congress>115</congress>
    <policyArea>
      <name>Economics and Public Finance</name>
    </policyArea>
    <billNumber>99</billNumber>
    <calendarNumbers />
    <cboCostEstimates>
      <item>
        <pubDate>2017-04-27T20:08:54Z</pubDate>
        <title>H.J.Res. 99, Section 202, Further Continued Health Benefits for Miners Act</title>
        <url>https://www.cbo.gov/publication/52669</url>
      </item>
    </cboCostEstimates>
    <introducedDate>2017-04-26</introducedDate>
    <relatedBills>
      <item>
        <number>289</number>
        <congress>115</congress>
        <relationshipDetails>
          <item>
            <type>Procedurally-related</type>
            <identifiedBy>House</identifiedBy>
          </item>
        </relationshipDetails>
        <latestTitle>Providing for consideration of the joint resolution (H.J. Res. 99) making further continuing appropriations for fiscal year 2017, and for other purposes.</latestTitle>
        <latestAction>
          <text>Motion to reconsider laid on the table Agreed to without objection.</text>
          <actionTime>10:22:11</actionTime>
          <actionDate>2017-04-28</actionDate>
        </latestAction>
        <type>HRES</type>
      </item>
    </relatedBills>
    <committees>
      <billCommittees>
        <item>
          <chamber>House</chamber>
          <subcommittees />
          <systemCode>hsap00</systemCode>
          <name>Appropriations Committee</name>
          <activities>
            <item>
              <name>Referred to</name>
              <date>2017-04-26T14:05:40Z</date>
            </item>
          </activities>
          <type>Standing</type>
        </item>
      </billCommittees>
    </committees>
    <titles>
      <item>
        <parentTitleType />
        <chamberCode />
        <titleType>Official Title as Introduced</titleType>
        <chamberName />
        <title>Making further continuing appropriations for fiscal year 2017, and for other purposes.</title>
      </item>
      <item>
        <parentTitleType />
        <chamberCode />
        <titleType>Display Title</titleType>
        <chamberName />
        <title>Making further continuing appropriations for fiscal year 2017, and for other purposes.</title>
      </item>
    </titles>
    <sponsors>
      <item>
        <fullName>Rep. Frelinghuysen, Rodney P. [R-NJ-11]</fullName>
        <middleName />
        <district>11</district>
        <byRequestType />
        <firstName>RODNEY</firstName>
        <bioguideId>F000372</bioguideId>
        <state>NJ</state>
        <party>R</party>
        <lastName>FRELINGHUYSEN</lastName>
        <identifiers>
          <gpoId>8053</gpoId>
          <bioguideId>F000372</bioguideId>
          <lisID>414</lisID>
        </identifiers>
      </item>
    </sponsors>
    <updateDate>2018-02-06T16:40:12Z</updateDate>
    <amendments />
  </bill>
  <dublinCore xmlns:dc="http://purl.org/dc/elements/1.1/">
    <dc:format>text/xml</dc:format>
    <dc:language>EN</dc:language>
    <dc:rights>Pursuant to Title 17 Section 105 of the United States Code, this file is not subject to copyright protection and is in the public domain.</dc:rights>
    <dc:contributor>Congressional Research Service, Library of Congress</dc:contributor>
    <dc:description>This file contains bill summaries and statuses for federal legislation. A bill summary describes the most significant provisions of a piece of legislation and details the effects the legislative text may have on current law and federal programs. Bill summaries are authored by the Congressional Research Service (CRS) of the Library of Congress. As stated in Public Law 91-510 (2 USC 166 (d)(6)), one of the duties of CRS is "to prepare summaries and digests of bills and resolutions of a public general nature introduced in the Senate or House of Representatives". For more information, refer to the User Guide that accompanies this file.</dc:description>
  </dublinCore>
</billStatus>

