<?xml version="1.0" encoding="UTF-8"?>
<billStatus>
  <bill>
    <policyArea>
      <name>International Affairs</name>
    </policyArea>
    <committeeReports />
    <congress>115</congress>
    <sponsors>
      <item>
        <identifiers>
          <bioguideId>L000582</bioguideId>
          <lisID>2230</lisID>
          <gpoId />
        </identifiers>
        <district>33</district>
        <middleName />
        <byRequestType />
        <fullName>Rep. Lieu, Ted [D-CA-33]</fullName>
        <bioguideId>L000582</bioguideId>
        <state>CA</state>
        <party>D</party>
        <firstName>Ted</firstName>
        <lastName>Lieu</lastName>
      </item>
    </sponsors>
    <calendarNumbers />
    <amendments />
    <relatedBills>
      <item>
        <number>40</number>
        <type>SJRES</type>
        <latestAction>
          <text>Read twice and referred to the Committee on Foreign Relations.</text>
          <actionDate>2017-04-06</actionDate>
        </latestAction>
        <congress>115</congress>
        <latestTitle>A joint resolution to provide limitations on the transfer of air-to-ground munitions from the United States to Saudi Arabia.</latestTitle>
        <relationshipDetails>
          <item>
            <identifiedBy>CRS</identifiedBy>
            <type>Identical bill</type>
          </item>
        </relationshipDetails>
      </item>
    </relatedBills>
    <notes />
    <originChamber>House</originChamber>
    <version>1.0.0</version>
    <billNumber>104</billNumber>
    <title>To provide limitations on the transfer of air-to-ground munitions from the United States to Saudi Arabia.</title>
    <cosponsors>
      <item>
        <bioguideId>K000389</bioguideId>
        <district>17</district>
        <isOriginalCosponsor>True</isOriginalCosponsor>
        <sponsorshipWithdrawnDate />
        <lastName>Khanna</lastName>
        <state>CA</state>
        <fullName>Rep. Khanna, Ro [D-CA-17]</fullName>
        <sponsorshipDate>2017-05-25</sponsorshipDate>
        <middleName />
        <firstName>Ro</firstName>
        <party>D</party>
        <identifiers>
          <bioguideId>K000389</bioguideId>
          <lisID>2308</lisID>
          <gpoId />
        </identifiers>
      </item>
      <item>
        <bioguideId>M000312</bioguideId>
        <district>2</district>
        <isOriginalCosponsor>True</isOriginalCosponsor>
        <sponsorshipWithdrawnDate />
        <lastName>MCGOVERN</lastName>
        <state>MA</state>
        <fullName>Rep. McGovern, James P. [D-MA-2]</fullName>
        <sponsorshipDate>2017-05-25</sponsorshipDate>
        <middleName>P.</middleName>
        <firstName>JAMES</firstName>
        <party>D</party>
        <identifiers>
          <lisID>1504</lisID>
          <gpoId>7968</gpoId>
          <bioguideId>M000312</bioguideId>
        </identifiers>
      </item>
      <item>
        <bioguideId>T000474</bioguideId>
        <district>35</district>
        <isOriginalCosponsor>True</isOriginalCosponsor>
        <sponsorshipWithdrawnDate />
        <lastName>Torres</lastName>
        <state>CA</state>
        <fullName>Rep. Torres, Norma J. [D-CA-35]</fullName>
        <sponsorshipDate>2017-05-25</sponsorshipDate>
        <middleName>J.</middleName>
        <firstName>Norma</firstName>
        <party>D</party>
        <identifiers>
          <lisID>2231</lisID>
          <gpoId />
          <bioguideId>T000474</bioguideId>
        </identifiers>
      </item>
      <item>
        <bioguideId>C000714</bioguideId>
        <district>13</district>
        <isOriginalCosponsor>True</isOriginalCosponsor>
        <sponsorshipWithdrawnDate />
        <lastName>CONYERS</lastName>
        <state>MI</state>
        <fullName>Rep. Conyers, John, Jr. [D-MI-13]</fullName>
        <sponsorshipDate>2017-05-25</sponsorshipDate>
        <middleName />
        <firstName>JOHN</firstName>
        <party>D</party>
        <identifiers>
          <bioguideId>C000714</bioguideId>
          <lisID>229</lisID>
          <gpoId>7999</gpoId>
        </identifiers>
      </item>
      <item>
        <bioguideId>P000607</bioguideId>
        <district>2</district>
        <isOriginalCosponsor>True</isOriginalCosponsor>
        <sponsorshipWithdrawnDate />
        <lastName>Pocan</lastName>
        <state>WI</state>
        <fullName>Rep. Pocan, Mark [D-WI-2]</fullName>
        <sponsorshipDate>2017-05-25</sponsorshipDate>
        <middleName />
        <firstName>Mark</firstName>
        <party>D</party>
        <identifiers>
          <lisID>2171</lisID>
          <gpoId />
          <bioguideId>P000607</bioguideId>
        </identifiers>
      </item>
      <item>
        <bioguideId>G000551</bioguideId>
        <district>3</district>
        <isOriginalCosponsor>False</isOriginalCosponsor>
        <sponsorshipWithdrawnDate />
        <lastName>Grijalva</lastName>
        <state>AZ</state>
        <fullName>Rep. Grijalva, Raul M. [D-AZ-3]</fullName>
        <sponsorshipDate>2017-06-13</sponsorshipDate>
        <middleName>M.</middleName>
        <firstName>Raul</firstName>
        <party>D</party>
        <identifiers>
          <gpoId>7804</gpoId>
          <lisID>1708</lisID>
          <bioguideId>G000551</bioguideId>
        </identifiers>
      </item>
      <item>
        <bioguideId>E000288</bioguideId>
        <district>5</district>
        <isOriginalCosponsor>False</isOriginalCosponsor>
        <sponsorshipWithdrawnDate />
        <lastName>Ellison</lastName>
        <state>MN</state>
        <fullName>Rep. Ellison, Keith [D-MN-5]</fullName>
        <sponsorshipDate>2017-06-27</sponsorshipDate>
        <middleName />
        <firstName>Keith</firstName>
        <party>D</party>
        <identifiers>
          <bioguideId>E000288</bioguideId>
          <gpoId>8005</gpoId>
          <lisID>1857</lisID>
        </identifiers>
      </item>
    </cosponsors>
    <subjects>
      <billSubjects>
        <legislativeSubjects>
          <item>
            <name>Congressional oversight</name>
          </item>
          <item>
            <name>Foreign aid and international relief</name>
          </item>
          <item>
            <name>Iraq</name>
          </item>
          <item>
            <name>Middle East</name>
          </item>
          <item>
            <name>Military assistance, sales, and agreements</name>
          </item>
          <item>
            <name>Military operations and strategy</name>
          </item>
          <item>
            <name>Saudi Arabia</name>
          </item>
          <item>
            <name>Syria</name>
          </item>
          <item>
            <name>Terrorism</name>
          </item>
          <item>
            <name>Trade restrictions</name>
          </item>
          <item>
            <name>Yemen</name>
          </item>
        </legislativeSubjects>
        <policyArea>
          <name>International Affairs</name>
        </policyArea>
      </billSubjects>
    </subjects>
    <constitutionalAuthorityStatementText><![CDATA[<pre>From the Congressional Record Online through the Government Publishing Office [<a href='http://www.gpo.gov'>www.gpo.gov</a>]By Mr. TED LIEU of California:H.J. Res. 104.Congress has the power to enact this legislation pursuantto the following:U.S. Constitution, Article I, Section I, which includes animplied power for the Congress to regulate the conduct of theUnited States with respect to foreign affairs; and U.S.Constitution, Article I, Section 8, which authorizes theCongress to: (1) ``provide for the common Defence and generalWelfare of the United States,'' and (2) ``make all Laws whichshall be necessary and proper for carrying into Execution theforegoing Powers.''____________________[Page H4610]</pre>]]></constitutionalAuthorityStatementText>
    <laws />
    <actions>
      <actionByCounts>
        <houseOfRepresentatives>3</houseOfRepresentatives>
      </actionByCounts>
      <actionTypeCounts>
        <introducedInTheHouse>1</introducedInTheHouse>
        <billReferrals>1</billReferrals>
        <introducedInHouse>1</introducedInHouse>
      </actionTypeCounts>
      <item>
        <sourceSystem>
          <name>House floor actions</name>
          <code>2</code>
        </sourceSystem>
        <actionDate>2017-05-25</actionDate>
        <text>Referred to the House Committee on Foreign Affairs.</text>
        <type>IntroReferral</type>
        <links />
        <committee>
          <systemCode>hsfa00</systemCode>
          <name>Foreign Affairs Committee</name>
        </committee>
        <actionCode>H11100</actionCode>
      </item>
      <item>
        <sourceSystem>
          <name>Library of Congress</name>
          <code>9</code>
        </sourceSystem>
        <actionDate>2017-05-25</actionDate>
        <text>Introduced in House</text>
        <type>IntroReferral</type>
        <links />
        <committee />
        <actionCode>Intro-H</actionCode>
      </item>
      <item>
        <sourceSystem>
          <name>Library of Congress</name>
          <code>9</code>
        </sourceSystem>
        <actionDate>2017-05-25</actionDate>
        <text>Introduced in House</text>
        <type>IntroReferral</type>
        <links />
        <committee />
        <actionCode>1000</actionCode>
      </item>
    </actions>
    <titles>
      <item>
        <titleType>Official Title as Introduced</titleType>
        <parentTitleType />
        <chamberName />
        <title>To provide limitations on the transfer of air-to-ground munitions from the United States to Saudi Arabia.</title>
        <chamberCode />
      </item>
      <item>
        <titleType>Display Title</titleType>
        <parentTitleType />
        <chamberName />
        <title>To provide limitations on the transfer of air-to-ground munitions from the United States to Saudi Arabia.</title>
        <chamberCode />
      </item>
    </titles>
    <summaries>
      <billSummaries>
        <item>
          <versionCode>00</versionCode>
          <text><![CDATA[<p>This joint resolution prohibits the transfer to Saudi Arabia of U.S. air-to-ground munitions until the President certifies to Congress that: (1) Saudi Arabia and its coalition partners are taking all feasible precautions to reduce the risk of civilian harm and exercising proportional use of force in the course of military actions and are making demonstrable efforts to facilitate the flow of critical humanitarian aid and commercial goods; and (2) Saudi Arabia is taking effective measures to target designated foreign terrorist organizations, including al Qaeda in the Arabian Peninsula and affiliates of the Islamic State of Iraq and the Levant, as part of its military operations in Yemen.</p>]]></text>
          <actionDesc>Introduced in House</actionDesc>
          <actionDate>2017-05-25</actionDate>
          <lastSummaryUpdateDate>2017-06-10T13:39:15Z</lastSummaryUpdateDate>
          <name>Introduced in House</name>
          <updateDate>2017-05-25T04:00:00Z</updateDate>
        </item>
      </billSummaries>
    </summaries>
    <committees>
      <billCommittees>
        <item>
          <chamber>House</chamber>
          <name>Foreign Affairs Committee</name>
          <systemCode>hsfa00</systemCode>
          <type>Standing</type>
          <subcommittees />
          <activities>
            <item>
              <name>Referred to</name>
              <date>2017-05-25T13:11:40Z</date>
            </item>
          </activities>
        </item>
      </billCommittees>
    </committees>
    <introducedDate>2017-05-25</introducedDate>
    <updateDate>2018-02-06T16:40:12Z</updateDate>
    <cboCostEstimates />
    <recordedVotes />
    <billType>HJRES</billType>
    <createDate>2017-05-26T03:11:38Z</createDate>
    <latestAction>
      <text>Referred to the House Committee on Foreign Affairs.</text>
      <links />
      <actionDate>2017-05-25</actionDate>
    </latestAction>
  </bill>
  <dublinCore xmlns:dc="http://purl.org/dc/elements/1.1/">
    <dc:format>text/xml</dc:format>
    <dc:language>EN</dc:language>
    <dc:rights>Pursuant to Title 17 Section 105 of the United States Code, this file is not subject to copyright protection and is in the public domain.</dc:rights>
    <dc:contributor>Congressional Research Service, Library of Congress</dc:contributor>
    <dc:description>This file contains bill summaries and statuses for federal legislation. A bill summary describes the most significant provisions of a piece of legislation and details the effects the legislative text may have on current law and federal programs. Bill summaries are authored by the Congressional Research Service (CRS) of the Library of Congress. As stated in Public Law 91-510 (2 USC 166 (d)(6)), one of the duties of CRS is "to prepare summaries and digests of bills and resolutions of a public general nature introduced in the Senate or House of Representatives". For more information, refer to the User Guide that accompanies this file.</dc:description>
  </dublinCore>
</billStatus>

