<?xml version="1.0" encoding="UTF-8"?>
<billStatus>
  <bill>
    <updateDate>2018-02-28T17:30:10Z</updateDate>
    <cboCostEstimates />
    <latestAction>
      <text>Referred to the Subcommittee on the Constitution and Civil Justice.</text>
      <links />
      <actionDate>2017-01-11</actionDate>
    </latestAction>
    <billNumber>17</billNumber>
    <committeeReports />
    <title>Proposing an amendment to the Constitution of the United States to limit the number of consecutive terms that a Member of Congress may serve.</title>
    <summaries>
      <billSummaries>
        <item>
          <versionCode>00</versionCode>
          <name>Introduced in House</name>
          <actionDate>2017-01-04</actionDate>
          <lastSummaryUpdateDate>2017-02-04T13:57:26Z</lastSummaryUpdateDate>
          <text><![CDATA[<p><b>Constitutional Amendment</b></p> <p> This joint resolution proposes a constitutional amendment prohibiting a person from serving more than two consecutive terms as a Senator or six consecutive terms as a Representative.</p>]]></text>
          <updateDate>2017-01-04T05:00:00Z</updateDate>
          <actionDesc>Introduced in House</actionDesc>
        </item>
      </billSummaries>
    </summaries>
    <billType>HJRES</billType>
    <relatedBills>
      <item>
        <congress>115</congress>
        <latestTitle>Proposing an amendment to the Constitution of the United States to limit the number of terms a Representative or Senator may serve.</latestTitle>
        <relationshipDetails>
          <item>
            <type>Related bill</type>
            <identifiedBy>CRS</identifiedBy>
          </item>
        </relationshipDetails>
        <type>HJRES</type>
        <number>13</number>
        <latestAction>
          <actionDate>2017-01-11</actionDate>
          <text>Referred to the Subcommittee on the Constitution and Civil Justice.</text>
        </latestAction>
      </item>
      <item>
        <congress>115</congress>
        <latestTitle>Proposing an amendment to the Constitution of the United States to limit the number of consecutive terms that a Member of Congress may serve.</latestTitle>
        <relationshipDetails>
          <item>
            <type>Related bill</type>
            <identifiedBy>CRS</identifiedBy>
          </item>
        </relationshipDetails>
        <type>HJRES</type>
        <number>20</number>
        <latestAction>
          <actionDate>2017-01-12</actionDate>
          <text>Referred to the Subcommittee on the Constitution and Civil Justice.</text>
        </latestAction>
      </item>
      <item>
        <congress>115</congress>
        <latestTitle>A joint resolution proposing an amendment to the Constitution of the United States relative to limiting the number of terms that a Member of Congress may serve.</latestTitle>
        <relationshipDetails>
          <item>
            <type>Related bill</type>
            <identifiedBy>CRS</identifiedBy>
          </item>
        </relationshipDetails>
        <type>SJRES</type>
        <number>2</number>
        <latestAction>
          <actionDate>2017-01-03</actionDate>
          <text>Read twice and referred to the Committee on the Judiciary.</text>
        </latestAction>
      </item>
      <item>
        <congress>115</congress>
        <latestTitle>Proposing an amendment to the Constitution of the United States to limit the number of terms that a Member of Congress may serve.</latestTitle>
        <relationshipDetails>
          <item>
            <type>Related bill</type>
            <identifiedBy>CRS</identifiedBy>
          </item>
        </relationshipDetails>
        <type>HJRES</type>
        <number>6</number>
        <latestAction>
          <actionDate>2017-01-11</actionDate>
          <text>Referred to the Subcommittee on the Constitution and Civil Justice.</text>
        </latestAction>
      </item>
      <item>
        <congress>115</congress>
        <latestTitle>Proposing an amendment to the Constitution of the United States to limit the number of terms an individual may serve as a Member of Congress.</latestTitle>
        <relationshipDetails>
          <item>
            <type>Related bill</type>
            <identifiedBy>CRS</identifiedBy>
          </item>
        </relationshipDetails>
        <type>HJRES</type>
        <number>101</number>
        <latestAction>
          <actionDate>2017-06-07</actionDate>
          <text>Referred to the Subcommittee on the Constitution and Civil Justice.</text>
        </latestAction>
      </item>
      <item>
        <congress>115</congress>
        <latestTitle>A joint resolution proposing an amendment to the Constitution of the United States relative to limiting the number of terms that a Member of Congress may serve.</latestTitle>
        <relationshipDetails>
          <item>
            <type>Related bill</type>
            <identifiedBy>CRS</identifiedBy>
          </item>
        </relationshipDetails>
        <type>SJRES</type>
        <number>51</number>
        <latestAction>
          <actionDate>2017-12-21</actionDate>
          <text>Read twice and referred to the Committee on the Judiciary.</text>
        </latestAction>
      </item>
    </relatedBills>
    <calendarNumbers />
    <subjects>
      <billSubjects>
        <legislativeSubjects>
          <item>
            <name>Congressional elections</name>
          </item>
          <item>
            <name>Constitution and constitutional amendments</name>
          </item>
          <item>
            <name>House of Representatives</name>
          </item>
          <item>
            <name>Members of Congress</name>
          </item>
          <item>
            <name>Senate</name>
          </item>
        </legislativeSubjects>
        <policyArea>
          <name>Congress</name>
        </policyArea>
      </billSubjects>
    </subjects>
    <policyArea>
      <name>Congress</name>
    </policyArea>
    <committees>
      <billCommittees>
        <item>
          <activities>
            <item>
              <name>Referred to</name>
              <date>2017-01-04T15:04:50Z</date>
            </item>
          </activities>
          <chamber>House</chamber>
          <subcommittees>
            <item>
              <name>Constitution and Civil Justice Subcommittee</name>
              <systemCode>hsju10</systemCode>
              <activities>
                <item>
                  <name>Referred to</name>
                  <date>2017-01-11T19:02:10Z</date>
                </item>
              </activities>
            </item>
          </subcommittees>
          <systemCode>hsju00</systemCode>
          <name>Judiciary Committee</name>
          <type>Standing</type>
        </item>
      </billCommittees>
    </committees>
    <createDate>2017-01-05T04:47:31Z</createDate>
    <laws />
    <recordedVotes />
    <cosponsors>
      <item>
        <firstName>Mark</firstName>
        <lastName>Sanford</lastName>
        <sponsorshipDate>2017-01-04</sponsorshipDate>
        <state>SC</state>
        <party>R</party>
        <identifiers>
          <bioguideId>S000051</bioguideId>
          <lisID>1012</lisID>
          <gpoId />
        </identifiers>
        <bioguideId>S000051</bioguideId>
        <district>1</district>
        <middleName />
        <fullName>Rep. Sanford, Mark [R-SC-1]</fullName>
        <isOriginalCosponsor>True</isOriginalCosponsor>
        <sponsorshipWithdrawnDate>2017-03-29</sponsorshipWithdrawnDate>
      </item>
      <item>
        <firstName>Mike</firstName>
        <lastName>Coffman</lastName>
        <sponsorshipDate>2017-01-20</sponsorshipDate>
        <state>CO</state>
        <party>R</party>
        <identifiers>
          <bioguideId>C001077</bioguideId>
          <lisID>1912</lisID>
          <gpoId>7864</gpoId>
        </identifiers>
        <bioguideId>C001077</bioguideId>
        <district>6</district>
        <middleName />
        <fullName>Rep. Coffman, Mike [R-CO-6]</fullName>
        <isOriginalCosponsor>False</isOriginalCosponsor>
        <sponsorshipWithdrawnDate />
      </item>
      <item>
        <firstName>James</firstName>
        <lastName>Comer</lastName>
        <sponsorshipDate>2017-02-01</sponsorshipDate>
        <state>KY</state>
        <party>R</party>
        <identifiers>
          <gpoId />
          <lisID>2297</lisID>
          <bioguideId>C001108</bioguideId>
        </identifiers>
        <bioguideId>C001108</bioguideId>
        <district>1</district>
        <middleName />
        <fullName>Rep. Comer, James [R-KY-1]</fullName>
        <isOriginalCosponsor>False</isOriginalCosponsor>
        <sponsorshipWithdrawnDate />
      </item>
      <item>
        <firstName>Lee</firstName>
        <lastName>Zeldin</lastName>
        <sponsorshipDate>2017-02-01</sponsorshipDate>
        <state>NY</state>
        <party>R</party>
        <identifiers>
          <gpoId />
          <lisID>2261</lisID>
          <bioguideId>Z000017</bioguideId>
        </identifiers>
        <bioguideId>Z000017</bioguideId>
        <district>1</district>
        <middleName>M.</middleName>
        <fullName>Rep. Zeldin, Lee M. [R-NY-1]</fullName>
        <isOriginalCosponsor>False</isOriginalCosponsor>
        <sponsorshipWithdrawnDate />
      </item>
      <item>
        <firstName>Andy</firstName>
        <lastName>Barr</lastName>
        <sponsorshipDate>2017-02-01</sponsorshipDate>
        <state>KY</state>
        <party>R</party>
        <identifiers>
          <gpoId />
          <bioguideId>B001282</bioguideId>
          <lisID>2131</lisID>
        </identifiers>
        <bioguideId>B001282</bioguideId>
        <district>6</district>
        <middleName />
        <fullName>Rep. Barr, Andy [R-KY-6]</fullName>
        <isOriginalCosponsor>False</isOriginalCosponsor>
        <sponsorshipWithdrawnDate />
      </item>
      <item>
        <firstName>Keith</firstName>
        <lastName>Rothfus</lastName>
        <sponsorshipDate>2017-03-07</sponsorshipDate>
        <state>PA</state>
        <party>R</party>
        <identifiers>
          <bioguideId>R000598</bioguideId>
          <lisID>2158</lisID>
          <gpoId />
        </identifiers>
        <bioguideId>R000598</bioguideId>
        <district>12</district>
        <middleName>J.</middleName>
        <fullName>Rep. Rothfus, Keith J. [R-PA-12]</fullName>
        <isOriginalCosponsor>False</isOriginalCosponsor>
        <sponsorshipWithdrawnDate />
      </item>
      <item>
        <firstName>Jackie</firstName>
        <lastName>Walorski</lastName>
        <sponsorshipDate>2017-03-07</sponsorshipDate>
        <state>IN</state>
        <party>R</party>
        <identifiers>
          <gpoId />
          <bioguideId>W000813</bioguideId>
          <lisID>2128</lisID>
        </identifiers>
        <bioguideId>W000813</bioguideId>
        <district>2</district>
        <middleName />
        <fullName>Rep. Walorski, Jackie [R-IN-2]</fullName>
        <isOriginalCosponsor>False</isOriginalCosponsor>
        <sponsorshipWithdrawnDate />
      </item>
      <item>
        <firstName>Bill</firstName>
        <lastName>Posey</lastName>
        <sponsorshipDate>2017-03-08</sponsorshipDate>
        <state>FL</state>
        <party>R</party>
        <identifiers>
          <bioguideId>P000599</bioguideId>
          <gpoId>7887</gpoId>
          <lisID>1915</lisID>
        </identifiers>
        <bioguideId>P000599</bioguideId>
        <district>8</district>
        <middleName />
        <fullName>Rep. Posey, Bill [R-FL-8]</fullName>
        <isOriginalCosponsor>False</isOriginalCosponsor>
        <sponsorshipWithdrawnDate />
      </item>
      <item>
        <firstName>Rick</firstName>
        <lastName>Allen</lastName>
        <sponsorshipDate>2017-03-23</sponsorshipDate>
        <state>GA</state>
        <party>R</party>
        <identifiers>
          <bioguideId>A000372</bioguideId>
          <lisID>2239</lisID>
          <gpoId />
        </identifiers>
        <bioguideId>A000372</bioguideId>
        <district>12</district>
        <middleName>W.</middleName>
        <fullName>Rep. Allen, Rick W. [R-GA-12]</fullName>
        <isOriginalCosponsor>False</isOriginalCosponsor>
        <sponsorshipWithdrawnDate />
      </item>
    </cosponsors>
    <originChamber>House</originChamber>
    <sponsors>
      <item>
        <bioguideId>P000601</bioguideId>
        <firstName>Steven</firstName>
        <lastName>Palazzo</lastName>
        <fullName>Rep. Palazzo, Steven M. [R-MS-4]</fullName>
        <state>MS</state>
        <district>4</district>
        <middleName>M.</middleName>
        <byRequestType />
        <identifiers>
          <bioguideId>P000601</bioguideId>
          <lisID>2035</lisID>
          <gpoId>8022</gpoId>
        </identifiers>
        <party>R</party>
      </item>
    </sponsors>
    <introducedDate>2017-01-04</introducedDate>
    <amendments />
    <notes />
    <version>1.0.0</version>
    <congress>115</congress>
    <titles>
      <item>
        <titleType>Official Title as Introduced</titleType>
        <chamberName />
        <parentTitleType />
        <title>Proposing an amendment to the Constitution of the United States to limit the number of consecutive terms that a Member of Congress may serve.</title>
        <chamberCode />
      </item>
      <item>
        <titleType>Display Title</titleType>
        <chamberName />
        <parentTitleType />
        <title>Proposing an amendment to the Constitution of the United States to limit the number of consecutive terms that a Member of Congress may serve.</title>
        <chamberCode />
      </item>
    </titles>
    <actions>
      <item>
        <actionDate>2017-01-11</actionDate>
        <committee>
          <name>Constitution and Civil Justice Subcommittee</name>
          <systemCode>hsju10</systemCode>
        </committee>
        <links />
        <sourceSystem>
          <code>1</code>
          <name>House committee actions</name>
        </sourceSystem>
        <text>Referred to the Subcommittee on the Constitution and Civil Justice.</text>
        <type>Committee</type>
      </item>
      <item>
        <type>IntroReferral</type>
        <actionCode>H11100</actionCode>
        <committee>
          <name>Judiciary Committee</name>
          <systemCode>hsju00</systemCode>
        </committee>
        <sourceSystem>
          <code>2</code>
          <name>House floor actions</name>
        </sourceSystem>
        <text>Referred to the House Committee on the Judiciary.</text>
        <actionDate>2017-01-04</actionDate>
        <links />
      </item>
      <item>
        <type>IntroReferral</type>
        <actionCode>Intro-H</actionCode>
        <committee />
        <sourceSystem>
          <code>9</code>
          <name>Library of Congress</name>
        </sourceSystem>
        <text>Introduced in House</text>
        <actionDate>2017-01-04</actionDate>
        <links />
      </item>
      <item>
        <type>IntroReferral</type>
        <actionCode>1000</actionCode>
        <committee />
        <sourceSystem>
          <code>9</code>
          <name>Library of Congress</name>
        </sourceSystem>
        <text>Introduced in House</text>
        <actionDate>2017-01-04</actionDate>
        <links />
      </item>
      <actionTypeCounts>
        <billReferrals>1</billReferrals>
        <introducedInTheHouse>1</introducedInTheHouse>
        <introducedInHouse>1</introducedInHouse>
        <placeholderTextForH>1</placeholderTextForH>
      </actionTypeCounts>
      <actionByCounts>
        <houseOfRepresentatives>4</houseOfRepresentatives>
      </actionByCounts>
    </actions>
    <constitutionalAuthorityStatementText><![CDATA[<pre>From the Congressional Record Online through the Government Publishing Office [<a href='http://www.gpo.gov'>www.gpo.gov</a>]By Mr. PALAZZO:H.J. Res. 17.Congress has the power to enact this legislation pursuantto the following:Article V: The Congress, whenever two thirds of both housesshall deem it necessary, shall propose amendments to thisConstitution, or, on the application of the legislatures oftwo thirds of the several states, shall call a convention forproposing amendments, which, in either case, shall be validto all intents and purposes, as part of this Constitution,when ratified by the legislatures of three fourths of theseveral states, or by conventions in three fourths thereof,as the one or the other mode of ratification may be proposedby the Congress; provided that no amendment which may be madeprior to year one thoustand eighthundred and eight shall inany manner affect the first and fourth clauses in the ninthsection of the first article; and that no state, without itsconsent, shall be deprived of its equal suffrage in theSenate.[Page H98]</pre>]]></constitutionalAuthorityStatementText>
  </bill>
  <dublinCore xmlns:dc="http://purl.org/dc/elements/1.1/">
    <dc:format>text/xml</dc:format>
    <dc:language>EN</dc:language>
    <dc:rights>Pursuant to Title 17 Section 105 of the United States Code, this file is not subject to copyright protection and is in the public domain.</dc:rights>
    <dc:contributor>Congressional Research Service, Library of Congress</dc:contributor>
    <dc:description>This file contains bill summaries and statuses for federal legislation. A bill summary describes the most significant provisions of a piece of legislation and details the effects the legislative text may have on current law and federal programs. Bill summaries are authored by the Congressional Research Service (CRS) of the Library of Congress. As stated in Public Law 91-510 (2 USC 166 (d)(6)), one of the duties of CRS is "to prepare summaries and digests of bills and resolutions of a public general nature introduced in the Senate or House of Representatives". For more information, refer to the User Guide that accompanies this file.</dc:description>
  </dublinCore>
</billStatus>

