<?xml version="1.0" encoding="UTF-8"?>
<billStatus>
  <bill>
    <policyArea>
      <name>Education</name>
    </policyArea>
    <committeeReports />
    <congress>115</congress>
    <sponsors>
      <item>
        <identifiers>
          <bioguideId>G000558</bioguideId>
          <gpoId>7954</gpoId>
          <lisID>1922</lisID>
        </identifiers>
        <district>2</district>
        <middleName />
        <byRequestType />
        <fullName>Rep. Guthrie, Brett [R-KY-2]</fullName>
        <bioguideId>G000558</bioguideId>
        <state>KY</state>
        <party>R</party>
        <firstName>Brett</firstName>
        <lastName>Guthrie</lastName>
      </item>
    </sponsors>
    <calendarNumbers />
    <amendments />
    <relatedBills>
      <item>
        <relationshipDetails>
          <item>
            <identifiedBy>House</identifiedBy>
            <type>Procedurally-related</type>
          </item>
        </relationshipDetails>
        <latestAction>
          <actionDate>2017-02-07</actionDate>
          <text>Motion to reconsider laid on the table Agreed to without objection.</text>
          <actionTime>13:44:38</actionTime>
        </latestAction>
        <type>HRES</type>
        <number>91</number>
        <latestTitle>Providing for consideration of the joint resolution (H.J. Res. 44) disapproving the rule submitted by the Department of the Interior relating to Bureau of Land Management regulations that establish the procedures used to prepare, revise, or amend land use plans pursuant to the Federal Land Policy and Management Act of 1976; providing for consideration of the joint resolution (H.J. Res. 57) providing for congressional disapproval under chapter 8 of title 5, United States Code, of the rule submitted by the Department of Education relating to accountability and State plans under the Elementary and Secondary Education Act of 1965; and providing for consideration of the joint resolution (H.J. Res. 58) providing for congressional disapproval under chapter 8 of title 5, United States Code, of the rule submitted by the Department of Education relating to teacher preparation issues.</latestTitle>
        <congress>115</congress>
      </item>
      <item>
        <relationshipDetails>
          <item>
            <identifiedBy>CRS</identifiedBy>
            <type>Identical bill</type>
          </item>
        </relationshipDetails>
        <latestAction>
          <actionDate>2017-03-02</actionDate>
          <text>Read twice and referred to the Committee on Health, Education, Labor, and Pensions.</text>
        </latestAction>
        <type>SJRES</type>
        <number>26</number>
        <latestTitle>A joint resolution providing for congressional disapproval under chapter 8 of title 5, United States Code, of the rule submitted by the Department of Education relating to teacher preparation issues.</latestTitle>
        <congress>115</congress>
      </item>
    </relatedBills>
    <notes />
    <originChamber>House</originChamber>
    <version>1.0.0</version>
    <billNumber>58</billNumber>
    <title>Providing for congressional disapproval under chapter 8 of title 5, United States Code, of the rule submitted by the Department of Education relating to teacher preparation issues.</title>
    <cosponsors>
      <item>
        <sponsorshipWithdrawnDate />
        <state>NC</state>
        <bioguideId>F000450</bioguideId>
        <fullName>Rep. Foxx, Virginia [R-NC-5]</fullName>
        <district>5</district>
        <firstName>Virginia</firstName>
        <middleName />
        <isOriginalCosponsor>False</isOriginalCosponsor>
        <sponsorshipDate>2017-02-02</sponsorshipDate>
        <identifiers>
          <gpoId>8028</gpoId>
          <bioguideId>F000450</bioguideId>
          <lisID>1791</lisID>
        </identifiers>
        <lastName>Foxx</lastName>
        <party>R</party>
      </item>
      <item>
        <sponsorshipWithdrawnDate />
        <state>TX</state>
        <bioguideId>S000250</bioguideId>
        <fullName>Rep. Sessions, Pete [R-TX-32]</fullName>
        <district>32</district>
        <firstName>PETE</firstName>
        <middleName />
        <isOriginalCosponsor>False</isOriginalCosponsor>
        <sponsorshipDate>2017-02-02</sponsorshipDate>
        <identifiers>
          <lisID>1525</lisID>
          <bioguideId>S000250</bioguideId>
          <gpoId>8188</gpoId>
        </identifiers>
        <lastName>SESSIONS</lastName>
        <party>R</party>
      </item>
      <item>
        <sponsorshipWithdrawnDate />
        <state>TN</state>
        <bioguideId>R000582</bioguideId>
        <fullName>Rep. Roe, David P. [R-TN-1]</fullName>
        <district>1</district>
        <firstName>David</firstName>
        <middleName>P.</middleName>
        <isOriginalCosponsor>False</isOriginalCosponsor>
        <sponsorshipDate>2017-02-03</sponsorshipDate>
        <identifiers>
          <lisID>1954</lisID>
          <gpoId>8148</gpoId>
          <bioguideId>R000582</bioguideId>
        </identifiers>
        <lastName>Roe</lastName>
        <party>R</party>
      </item>
      <item>
        <sponsorshipWithdrawnDate />
        <state>AL</state>
        <bioguideId>B001289</bioguideId>
        <fullName>Rep. Byrne, Bradley [R-AL-1]</fullName>
        <district>1</district>
        <firstName>Bradley</firstName>
        <middleName />
        <isOriginalCosponsor>False</isOriginalCosponsor>
        <sponsorshipDate>2017-02-03</sponsorshipDate>
        <identifiers>
          <lisID>2197</lisID>
          <bioguideId>B001289</bioguideId>
          <gpoId />
        </identifiers>
        <lastName>Byrne</lastName>
        <party>R</party>
      </item>
      <item>
        <sponsorshipWithdrawnDate />
        <state>MI</state>
        <bioguideId>M001201</bioguideId>
        <fullName>Rep. Mitchell, Paul [R-MI-10]</fullName>
        <district>10</district>
        <firstName>Paul</firstName>
        <middleName />
        <isOriginalCosponsor>False</isOriginalCosponsor>
        <sponsorshipDate>2017-02-06</sponsorshipDate>
        <identifiers>
          <lisID>2334</lisID>
          <gpoId />
          <bioguideId>M001201</bioguideId>
        </identifiers>
        <lastName>Mitchell</lastName>
        <party>R</party>
      </item>
      <item>
        <sponsorshipWithdrawnDate />
        <state>FL</state>
        <bioguideId>Y000065</bioguideId>
        <fullName>Rep. Yoho, Ted S. [R-FL-3]</fullName>
        <district>3</district>
        <firstName>Ted</firstName>
        <middleName>S.</middleName>
        <isOriginalCosponsor>False</isOriginalCosponsor>
        <sponsorshipDate>2017-02-06</sponsorshipDate>
        <identifiers>
          <lisID>2115</lisID>
          <bioguideId>Y000065</bioguideId>
          <gpoId />
        </identifiers>
        <lastName>Yoho</lastName>
        <party>R</party>
      </item>
      <item>
        <sponsorshipWithdrawnDate />
        <state>KS</state>
        <bioguideId>J000290</bioguideId>
        <fullName>Rep. Jenkins, Lynn [R-KS-2]</fullName>
        <district>2</district>
        <firstName>Lynn</firstName>
        <middleName />
        <isOriginalCosponsor>False</isOriginalCosponsor>
        <sponsorshipDate>2017-02-06</sponsorshipDate>
        <identifiers>
          <lisID>1921</lisID>
          <bioguideId>J000290</bioguideId>
          <gpoId>7950</gpoId>
        </identifiers>
        <lastName>Jenkins</lastName>
        <party>R</party>
      </item>
      <item>
        <sponsorshipWithdrawnDate />
        <state>GA</state>
        <bioguideId>A000372</bioguideId>
        <fullName>Rep. Allen, Rick W. [R-GA-12]</fullName>
        <district>12</district>
        <firstName>Rick</firstName>
        <middleName>W.</middleName>
        <isOriginalCosponsor>False</isOriginalCosponsor>
        <sponsorshipDate>2017-02-06</sponsorshipDate>
        <identifiers>
          <bioguideId>A000372</bioguideId>
          <lisID>2239</lisID>
          <gpoId />
        </identifiers>
        <lastName>Allen</lastName>
        <party>R</party>
      </item>
      <item>
        <sponsorshipWithdrawnDate />
        <state>AZ</state>
        <bioguideId>B001302</bioguideId>
        <fullName>Rep. Biggs, Andy [R-AZ-5]</fullName>
        <district>5</district>
        <firstName>Andy</firstName>
        <middleName />
        <isOriginalCosponsor>False</isOriginalCosponsor>
        <sponsorshipDate>2017-02-06</sponsorshipDate>
        <identifiers>
          <bioguideId>B001302</bioguideId>
          <lisID>2307</lisID>
          <gpoId />
        </identifiers>
        <lastName>Biggs</lastName>
        <party>R</party>
      </item>
      <item>
        <sponsorshipWithdrawnDate />
        <state>PA</state>
        <bioguideId>T000467</bioguideId>
        <fullName>Rep. Thompson, Glenn [R-PA-5]</fullName>
        <district>5</district>
        <firstName>Glenn</firstName>
        <middleName />
        <isOriginalCosponsor>False</isOriginalCosponsor>
        <sponsorshipDate>2017-02-06</sponsorshipDate>
        <identifiers>
          <bioguideId>T000467</bioguideId>
          <lisID>1952</lisID>
          <gpoId>8123</gpoId>
        </identifiers>
        <lastName>Thompson</lastName>
        <party>R</party>
      </item>
      <item>
        <sponsorshipWithdrawnDate />
        <state>NY</state>
        <bioguideId>S001196</bioguideId>
        <fullName>Rep. Stefanik, Elise M. [R-NY-21]</fullName>
        <district>21</district>
        <firstName>Elise</firstName>
        <middleName>M.</middleName>
        <isOriginalCosponsor>False</isOriginalCosponsor>
        <sponsorshipDate>2017-02-06</sponsorshipDate>
        <identifiers>
          <bioguideId>S001196</bioguideId>
          <lisID>2263</lisID>
          <gpoId />
        </identifiers>
        <lastName>Stefanik</lastName>
        <party>R</party>
      </item>
      <item>
        <sponsorshipWithdrawnDate />
        <state>GA</state>
        <bioguideId>F000465</bioguideId>
        <fullName>Rep. Ferguson, A. Drew, IV [R-GA-3]</fullName>
        <district>3</district>
        <firstName>A.</firstName>
        <middleName>Drew</middleName>
        <isOriginalCosponsor>False</isOriginalCosponsor>
        <sponsorshipDate>2017-02-06</sponsorshipDate>
        <identifiers>
          <bioguideId>F000465</bioguideId>
          <gpoId />
          <lisID>2324</lisID>
        </identifiers>
        <lastName>Ferguson</lastName>
        <party>R</party>
      </item>
      <item>
        <sponsorshipWithdrawnDate />
        <state>TX</state>
        <bioguideId>A000375</bioguideId>
        <fullName>Rep. Arrington, Jodey C. [R-TX-19]</fullName>
        <district>19</district>
        <firstName>Jodey</firstName>
        <middleName>C.</middleName>
        <isOriginalCosponsor>False</isOriginalCosponsor>
        <sponsorshipDate>2017-02-07</sponsorshipDate>
        <identifiers>
          <lisID>2350</lisID>
          <gpoId />
          <bioguideId>A000375</bioguideId>
        </identifiers>
        <lastName>Arrington</lastName>
        <party>R</party>
      </item>
    </cosponsors>
    <subjects>
      <billSubjects>
        <legislativeSubjects>
          <item>
            <name>Administrative law and regulatory procedures</name>
          </item>
          <item>
            <name>Congressional oversight</name>
          </item>
          <item>
            <name>Department of Education</name>
          </item>
          <item>
            <name>Elementary and secondary education</name>
          </item>
          <item>
            <name>Government information and archives</name>
          </item>
          <item>
            <name>Higher education</name>
          </item>
          <item>
            <name>Performance measurement</name>
          </item>
          <item>
            <name>Teaching, teachers, curricula</name>
          </item>
        </legislativeSubjects>
        <policyArea>
          <name>Education</name>
        </policyArea>
      </billSubjects>
    </subjects>
    <constitutionalAuthorityStatementText><![CDATA[<pre>From the Congressional Record Online through the Government Publishing Office [<a href='http://www.gpo.gov'>www.gpo.gov</a>]By Mr. GUTHRIE:H.J. Res. 58.Congress has the power to enact this legislation pursuantto the following:Article I, section 8 of the Constitution of the UnitedStates[Page H879]</pre>]]></constitutionalAuthorityStatementText>
    <laws>
      <item>
        <type>Public Law</type>
        <number>115-14</number>
      </item>
    </laws>
    <actions>
      <actionTypeCounts>
        <motionToConsider>1</motionToConsider>
        <consideredBySenate>1</consideredBySenate>
        <passedAgreedToInHouse>1</passedAgreedToInHouse>
        <passedAgreedToInSenate>1</passedAgreedToInSenate>
        <generalDebate>3</generalDebate>
        <billReferrals>1</billReferrals>
        <measureLaidBeforeSenate>1</measureLaidBeforeSenate>
        <presentedToPresident>1</presentedToPresident>
        <passedSenate>1</passedSenate>
        <introducedInTheHouse>1</introducedInTheHouse>
        <motionToReconsiderResults>1</motionToReconsiderResults>
        <placeholderTextForHL>1</placeholderTextForHL>
        <motionForPreviousQuestion>1</motionForPreviousQuestion>
        <ruleForConsiderationOfBillReportedToHouse>1</ruleForConsiderationOfBillReportedToHouse>
        <passageOfAMeasure>1</passageOfAMeasure>
        <considerationByHouse>2</considerationByHouse>
        <sentToHouse>1</sentToHouse>
        <placeholderTextForE>3</placeholderTextForE>
        <introducedInHouse>1</introducedInHouse>
        <becamePublicLaw>2</becamePublicLaw>
        <introducedInSenate>1</introducedInSenate>
      </actionTypeCounts>
      <item>
        <type>President</type>
        <text>Became Public Law No: 115-14.</text>
        <links>
          <link>
            <name>Public Law No: 115-14</name>
            <url>https://www.congress.gov/bill/115th-congress/house-joint-resolution/58/text/pl</url>
          </link>
        </links>
        <committee />
        <sourceSystem>
          <code>2</code>
          <name>House floor actions</name>
        </sourceSystem>
        <actionDate>2017-03-27</actionDate>
        <actionCode>E40000</actionCode>
      </item>
      <item>
        <type>BecameLaw</type>
        <text>Became Public Law No: 115-14.</text>
        <links>
          <link>
            <name>Public Law No: 115-14</name>
            <url>https://www.congress.gov/bill/115th-congress/house-joint-resolution/58/text/pl</url>
          </link>
        </links>
        <committee />
        <sourceSystem>
          <code>9</code>
          <name>Library of Congress</name>
        </sourceSystem>
        <actionDate>2017-03-27</actionDate>
        <actionCode>36000</actionCode>
      </item>
      <item>
        <type>President</type>
        <text>Signed by President.</text>
        <links />
        <committee />
        <sourceSystem>
          <code>2</code>
          <name>House floor actions</name>
        </sourceSystem>
        <actionDate>2017-03-27</actionDate>
        <actionCode>E30000</actionCode>
      </item>
      <item>
        <type>BecameLaw</type>
        <text>Signed by President.</text>
        <links />
        <committee />
        <sourceSystem>
          <code>9</code>
          <name>Library of Congress</name>
        </sourceSystem>
        <actionDate>2017-03-27</actionDate>
        <actionCode>36000</actionCode>
      </item>
      <item>
        <type>Floor</type>
        <text>Presented to President.</text>
        <links />
        <committee />
        <sourceSystem>
          <code>2</code>
          <name>House floor actions</name>
        </sourceSystem>
        <actionDate>2017-03-16</actionDate>
        <actionCode>E20000</actionCode>
      </item>
      <item>
        <type>President</type>
        <text>Presented to President.</text>
        <links />
        <committee />
        <sourceSystem>
          <code>9</code>
          <name>Library of Congress</name>
        </sourceSystem>
        <actionDate>2017-03-16</actionDate>
        <actionCode>28000</actionCode>
      </item>
      <item>
        <actionDate>2017-03-09</actionDate>
        <committee />
        <links />
        <sourceSystem>
          <code>0</code>
          <name>Senate</name>
        </sourceSystem>
        <text>Message on Senate action sent to the House.</text>
        <type>Floor</type>
      </item>
      <item>
        <actionDate>2017-03-08</actionDate>
        <committee />
        <links>
          <link>
            <name>Record Vote Number: 83</name>
            <url>http://www.senate.gov/legislative/LIS/roll_call_lists/roll_call_vote_cfm.cfm?congress=115&amp;session=1&amp;vote=00083</url>
          </link>
        </links>
        <sourceSystem>
          <code>0</code>
          <name>Senate</name>
        </sourceSystem>
        <text>Passed Senate without amendment by Yea-Nay Vote. 59 - 40. Record Vote Number: 83.</text>
        <type>Floor</type>
      </item>
      <item>
        <type>Floor</type>
        <text>Passed/agreed to in Senate: Passed Senate without amendment by Yea-Nay Vote. 59 - 40. Record Vote Number: 83.</text>
        <links>
          <link>
            <name>Record Vote Number: 83</name>
            <url>http://www.senate.gov/legislative/LIS/roll_call_lists/roll_call_vote_cfm.cfm?congress=115&amp;session=1&amp;vote=00083</url>
          </link>
        </links>
        <committee />
        <sourceSystem>
          <code>9</code>
          <name>Library of Congress</name>
        </sourceSystem>
        <actionDate>2017-03-08</actionDate>
        <actionCode>17000</actionCode>
      </item>
      <item>
        <actionDate>2017-03-08</actionDate>
        <committee />
        <links>
          <link>
            <name>S1651</name>
            <url>https://www.congress.gov/congressional-record/volume-163/senate-section/page/S1651</url>
          </link>
          <link>
            <name>S1663-1666</name>
            <url>https://www.congress.gov/congressional-record/volume-163/senate-section/page/S1663-1666</url>
          </link>
        </links>
        <sourceSystem>
          <code>0</code>
          <name>Senate</name>
        </sourceSystem>
        <text>Considered by Senate. (consideration: CR S1651, S1663-1666)</text>
        <type>Floor</type>
      </item>
      <item>
        <actionDate>2017-03-07</actionDate>
        <committee />
        <links>
          <link>
            <name>S1625-1627</name>
            <url>https://www.congress.gov/congressional-record/volume-163/senate-section/page/S1625-1627</url>
          </link>
        </links>
        <sourceSystem>
          <code>0</code>
          <name>Senate</name>
        </sourceSystem>
        <text>Measure laid before Senate by motion. (consideration: CR S1625-1627)</text>
        <type>Floor</type>
      </item>
      <item>
        <actionDate>2017-03-07</actionDate>
        <committee />
        <links>
          <link>
            <name>S1625</name>
            <url>https://www.congress.gov/congressional-record/volume-163/senate-section/page/S1625</url>
          </link>
        </links>
        <sourceSystem>
          <code>0</code>
          <name>Senate</name>
        </sourceSystem>
        <text>Motion to proceed to consideration of measure agreed to in Senate by Voice Vote. (CR S1625)</text>
        <type>Floor</type>
      </item>
      <item>
        <actionDate>2017-02-08</actionDate>
        <committee />
        <links />
        <sourceSystem>
          <code>0</code>
          <name>Senate</name>
        </sourceSystem>
        <text>Received in the Senate.</text>
        <type>IntroReferral</type>
      </item>
      <item>
        <type>Floor</type>
        <text>Motion to reconsider laid on the table Agreed to without objection.</text>
        <links />
        <committee />
        <actionTime>17:11:31</actionTime>
        <sourceSystem>
          <code>2</code>
          <name>House floor actions</name>
        </sourceSystem>
        <actionDate>2017-02-07</actionDate>
        <actionCode>H38310</actionCode>
      </item>
      <item>
        <type>Floor</type>
        <text>On passage Passed by the Yeas and Nays: 240 - 181 (Roll no. 85). (text: CR H1041)</text>
        <links>
          <link>
            <name>H1041</name>
            <url>https://www.congress.gov/congressional-record/volume-163/house-section/page/H1041</url>
          </link>
          <link>
            <name>Roll no. 85</name>
            <url>http://clerk.house.gov/evs/2017/roll085.xml</url>
          </link>
        </links>
        <committee />
        <actionTime>17:11:29</actionTime>
        <sourceSystem>
          <code>2</code>
          <name>House floor actions</name>
        </sourceSystem>
        <actionDate>2017-02-07</actionDate>
        <actionCode>H37100</actionCode>
      </item>
      <item>
        <type>Floor</type>
        <text>Passed/agreed to in House: On passage Passed by the Yeas and Nays: 240 - 181 (Roll no. 85).(text: CR H1041)</text>
        <links>
          <link>
            <name>H1041</name>
            <url>https://www.congress.gov/congressional-record/volume-163/house-section/page/H1041</url>
          </link>
          <link>
            <name>Roll no. 85</name>
            <url>http://clerk.house.gov/evs/2017/roll085.xml</url>
          </link>
        </links>
        <committee />
        <actionTime>17:11:29</actionTime>
        <sourceSystem>
          <code>9</code>
          <name>Library of Congress</name>
        </sourceSystem>
        <actionDate>2017-02-07</actionDate>
        <actionCode>8000</actionCode>
      </item>
      <item>
        <type>Floor</type>
        <text>Considered as unfinished business. (consideration: CR H1056-1057)</text>
        <links>
          <link>
            <name>H1056-1057</name>
            <url>https://www.congress.gov/congressional-record/volume-163/house-section/page/H1056-1057</url>
          </link>
        </links>
        <committee />
        <actionTime>17:04:53</actionTime>
        <sourceSystem>
          <code>2</code>
          <name>House floor actions</name>
        </sourceSystem>
        <actionDate>2017-02-07</actionDate>
        <actionCode>H30000</actionCode>
      </item>
      <item>
        <type>Floor</type>
        <text>POSTPONED PROCEEDINGS - At the conclusion of debate on H.J. Res. 58, the Chair put the question on passage and by voice vote, announced that the ayes had prevailed. Mrs. Davis(CA) demanded the yeas and nays and the Chair postponed further proceedings on passage until a time to be announced.</text>
        <links>
          <link>
            <name>H.J. Res. 58</name>
            <url>https://www.congress.gov/bill/115th-congress/house-joint-resolution/58</url>
          </link>
        </links>
        <committee />
        <actionTime>15:33:49</actionTime>
        <sourceSystem>
          <code>2</code>
          <name>House floor actions</name>
        </sourceSystem>
        <actionDate>2017-02-07</actionDate>
        <actionCode>H8D000</actionCode>
      </item>
      <item>
        <type>Floor</type>
        <text>The previous question was ordered pursuant to the rule.</text>
        <links />
        <committee />
        <actionTime>15:32:57</actionTime>
        <sourceSystem>
          <code>2</code>
          <name>House floor actions</name>
        </sourceSystem>
        <actionDate>2017-02-07</actionDate>
        <actionCode>H35000</actionCode>
      </item>
      <item>
        <type>Floor</type>
        <text>DEBATE - The House proceeded with one hour of debate on H.J. Res. 58.</text>
        <links>
          <link>
            <name>H.J. Res. 58</name>
            <url>https://www.congress.gov/bill/115th-congress/house-joint-resolution/58</url>
          </link>
        </links>
        <committee />
        <actionTime>14:50:18</actionTime>
        <sourceSystem>
          <code>2</code>
          <name>House floor actions</name>
        </sourceSystem>
        <actionDate>2017-02-07</actionDate>
        <actionCode>H8D000</actionCode>
      </item>
      <item>
        <type>Floor</type>
        <text>Rule provides for consideration of H.J. Res. 44, H.J. Res. 57 and H.J. Res. 58. The resolution provides for one hour of debate on each joint resolution. Each joint resolution is closed to amendments and allowed one motion to recommit.</text>
        <links>
          <link>
            <name>H.J. Res. 44</name>
            <url>https://www.congress.gov/bill/115th-congress/house-joint-resolution/44</url>
          </link>
          <link>
            <name>H.J. Res. 57</name>
            <url>https://www.congress.gov/bill/115th-congress/house-joint-resolution/57</url>
          </link>
          <link>
            <name>H.J. Res. 58</name>
            <url>https://www.congress.gov/bill/115th-congress/house-joint-resolution/58</url>
          </link>
        </links>
        <committee />
        <actionTime>14:50:15</actionTime>
        <sourceSystem>
          <code>2</code>
          <name>House floor actions</name>
        </sourceSystem>
        <actionDate>2017-02-07</actionDate>
        <actionCode>H8D000</actionCode>
      </item>
      <item>
        <type>Floor</type>
        <text>Considered under the provisions of rule H. Res. 91. (consideration: CR H1041-1046)</text>
        <links>
          <link>
            <name>H. Res. 91</name>
            <url>https://www.congress.gov/bill/115th-congress/house-resolution/91</url>
          </link>
          <link>
            <name>H1041-1046</name>
            <url>https://www.congress.gov/congressional-record/volume-163/house-section/page/H1041-1046</url>
          </link>
        </links>
        <committee />
        <actionTime>14:50:10</actionTime>
        <sourceSystem>
          <code>2</code>
          <name>House floor actions</name>
        </sourceSystem>
        <actionDate>2017-02-07</actionDate>
        <actionCode>H30000</actionCode>
      </item>
      <item>
        <type>Floor</type>
        <text>Rule H. Res. 91 passed House.</text>
        <links>
          <link>
            <name>H. Res. 91</name>
            <url>https://www.congress.gov/bill/115th-congress/house-resolution/91</url>
          </link>
        </links>
        <committee />
        <actionTime>13:44:38</actionTime>
        <sourceSystem>
          <code>2</code>
          <name>House floor actions</name>
        </sourceSystem>
        <actionDate>2017-02-07</actionDate>
        <actionCode>H1L220</actionCode>
      </item>
      <item>
        <type>Floor</type>
        <text>Rules Committee Resolution H. Res. 91 Reported to House. Rule provides for consideration of H.J. Res. 44, H.J. Res. 57 and H.J. Res. 58. The resolution provides for one hour of debate on each joint resolution. Each joint resolution is closed to amendments and allowed one motion to recommit.</text>
        <links>
          <link>
            <name>H. Res. 91</name>
            <url>https://www.congress.gov/bill/115th-congress/house-resolution/91</url>
          </link>
          <link>
            <name>H.J. Res. 44</name>
            <url>https://www.congress.gov/bill/115th-congress/house-joint-resolution/44</url>
          </link>
          <link>
            <name>H.J. Res. 57</name>
            <url>https://www.congress.gov/bill/115th-congress/house-joint-resolution/57</url>
          </link>
          <link>
            <name>H.J. Res. 58</name>
            <url>https://www.congress.gov/bill/115th-congress/house-joint-resolution/58</url>
          </link>
        </links>
        <committee />
        <actionTime>18:39:54</actionTime>
        <sourceSystem>
          <code>2</code>
          <name>House floor actions</name>
        </sourceSystem>
        <actionDate>2017-02-06</actionDate>
        <actionCode>H1L210</actionCode>
      </item>
      <item>
        <type>IntroReferral</type>
        <text>Referred to the House Committee on Education and the Workforce.</text>
        <links />
        <committee>
          <systemCode>hsed00</systemCode>
          <name>Education and the Workforce Committee</name>
        </committee>
        <sourceSystem>
          <code>2</code>
          <name>House floor actions</name>
        </sourceSystem>
        <actionDate>2017-02-01</actionDate>
        <actionCode>H11100</actionCode>
      </item>
      <item>
        <type>IntroReferral</type>
        <text>Introduced in House</text>
        <links />
        <committee />
        <sourceSystem>
          <code>9</code>
          <name>Library of Congress</name>
        </sourceSystem>
        <actionDate>2017-02-01</actionDate>
        <actionCode>Intro-H</actionCode>
      </item>
      <item>
        <type>IntroReferral</type>
        <text>Introduced in House</text>
        <links />
        <committee />
        <sourceSystem>
          <code>9</code>
          <name>Library of Congress</name>
        </sourceSystem>
        <actionDate>2017-02-01</actionDate>
        <actionCode>1000</actionCode>
      </item>
      <actionByCounts>
        <senate>7</senate>
        <houseOfRepresentatives>14</houseOfRepresentatives>
      </actionByCounts>
    </actions>
    <titles>
      <item>
        <chamberName />
        <titleType>Official Title as Introduced</titleType>
        <title>Providing for congressional disapproval under chapter 8 of title 5, United States Code, of the rule submitted by the Department of Education relating to teacher preparation issues.</title>
        <parentTitleType />
        <chamberCode />
      </item>
      <item>
        <chamberName />
        <titleType>Display Title</titleType>
        <title>Providing for congressional disapproval under chapter 8 of title 5, United States Code, of the rule submitted by the Department of Education relating to teacher preparation issues.</title>
        <parentTitleType />
        <chamberCode />
      </item>
    </titles>
    <summaries>
      <billSummaries>
        <item>
          <updateDate>2017-02-01T05:00:00Z</updateDate>
          <lastSummaryUpdateDate>2017-02-03T23:13:18Z</lastSummaryUpdateDate>
          <actionDate>2017-02-01</actionDate>
          <name>Introduced in House</name>
          <actionDesc>Introduced in House</actionDesc>
          <versionCode>00</versionCode>
          <text><![CDATA[<p>This joint resolution nullifies the &quot;Teacher Preparation Issues&quot; rule&nbsp;finalized by the Department of Education on October 31, 2016. The rule implements requirements related to assessing the quality of teacher preparation programs under title II (Teacher Quality Enhancement) of the Higher Education Act of 1965.</p>]]></text>
        </item>
        <item>
          <updateDate>2017-02-07T15:02:18Z</updateDate>
          <lastSummaryUpdateDate>2017-02-13T19:48:49Z</lastSummaryUpdateDate>
          <actionDate>2017-02-07</actionDate>
          <name>Passed House without amendment</name>
          <actionDesc>Passed House without amendment</actionDesc>
          <versionCode>81</versionCode>
          <text><![CDATA[<p>(This measure has not been amended since it was introduced. The summary of that version is repeated here.)</p> <p>This joint resolution nullifies the &quot;Teacher Preparation Issues&quot; rule&nbsp;finalized by the Department of Education on October 31, 2016. The rule implements requirements related to assessing the quality of teacher preparation programs under title II (Teacher Quality Enhancement) of the Higher Education Act of 1965.</p>]]></text>
        </item>
        <item>
          <updateDate>2017-03-08T14:40:48Z</updateDate>
          <lastSummaryUpdateDate>2017-03-14T16:56:27Z</lastSummaryUpdateDate>
          <actionDate>2017-03-08</actionDate>
          <name>Passed Senate without amendment</name>
          <actionDesc>Passed Senate without amendment</actionDesc>
          <versionCode>82</versionCode>
          <text><![CDATA[<p>(This measure has not been amended since it was introduced. The summary of that version is repeated here.)</p> <p>This joint resolution nullifies the &quot;Teacher Preparation Issues&quot; rule&nbsp;finalized by the Department of Education on October 31, 2016. The rule implements requirements related to assessing the quality of teacher preparation programs under title II (Teacher Quality Enhancement) of the Higher Education Act of 1965.</p>]]></text>
        </item>
        <item>
          <updateDate>2017-03-28T03:59:59Z</updateDate>
          <lastSummaryUpdateDate>2017-03-31T20:33:52Z</lastSummaryUpdateDate>
          <actionDate>2017-03-27</actionDate>
          <name>Public Law</name>
          <actionDesc>Public Law</actionDesc>
          <versionCode>49</versionCode>
          <text><![CDATA[<p>(This measure has not been amended since it was introduced. The summary of that version is repeated here.)</p> <p>This joint resolution nullifies the &quot;Teacher Preparation Issues&quot; rule&nbsp;finalized by the Department of Education on October 31, 2016. The rule implements requirements related to assessing the quality of teacher preparation programs under title II (Teacher Quality Enhancement) of the Higher Education Act of 1965.</p>]]></text>
        </item>
      </billSummaries>
    </summaries>
    <committees>
      <billCommittees>
        <item>
          <chamber>House</chamber>
          <subcommittees />
          <type>Standing</type>
          <activities>
            <item>
              <date>2017-02-01T15:04:45Z</date>
              <name>Referred to</name>
            </item>
          </activities>
          <systemCode>hsed00</systemCode>
          <name>Education and the Workforce Committee</name>
        </item>
      </billCommittees>
    </committees>
    <introducedDate>2017-02-01</introducedDate>
    <updateDate>2018-02-06T16:40:10Z</updateDate>
    <cboCostEstimates />
    <recordedVotes>
      <recordedVote>
        <url>http://www.senate.gov/legislative/LIS/roll_call_lists/roll_call_vote_cfm.cfm?&amp;congress=115&amp;session=1&amp;vote=00083</url>
        <congress>115</congress>
        <date>2017-03-08T20:03:11Z</date>
        <fullActionName>PASSED SENATE</fullActionName>
        <rollNumber>83</rollNumber>
        <chamber>Senate</chamber>
        <sessionNumber>1</sessionNumber>
      </recordedVote>
      <recordedVote>
        <url>http://clerk.house.gov/evs/2017/roll085.xml</url>
        <congress>115</congress>
        <date>2017-02-07T22:11:29Z</date>
        <fullActionName>Passage of a Measure</fullActionName>
        <rollNumber>85</rollNumber>
        <chamber>House</chamber>
        <sessionNumber>1</sessionNumber>
      </recordedVote>
    </recordedVotes>
    <billType>HJRES</billType>
    <createDate>2017-02-02T05:28:42Z</createDate>
    <latestAction>
      <text>Became Public Law No: 115-14.</text>
      <links>
        <link>
          <url>https://www.congress.gov/bill/115th-congress/house-joint-resolution/58/text/pl</url>
          <name>Public Law No: 115-14</name>
        </link>
      </links>
      <actionDate>2017-03-27</actionDate>
    </latestAction>
  </bill>
  <dublinCore xmlns:dc="http://purl.org/dc/elements/1.1/">
    <dc:format>text/xml</dc:format>
    <dc:language>EN</dc:language>
    <dc:rights>Pursuant to Title 17 Section 105 of the United States Code, this file is not subject to copyright protection and is in the public domain.</dc:rights>
    <dc:contributor>Congressional Research Service, Library of Congress</dc:contributor>
    <dc:description>This file contains bill summaries and statuses for federal legislation. A bill summary describes the most significant provisions of a piece of legislation and details the effects the legislative text may have on current law and federal programs. Bill summaries are authored by the Congressional Research Service (CRS) of the Library of Congress. As stated in Public Law 91-510 (2 USC 166 (d)(6)), one of the duties of CRS is "to prepare summaries and digests of bills and resolutions of a public general nature introduced in the Senate or House of Representatives". For more information, refer to the User Guide that accompanies this file.</dc:description>
  </dublinCore>
</billStatus>

