<?xml version="1.0" encoding="UTF-8"?>
<billStatus>
  <bill>
    <policyArea>
      <name>Immigration</name>
    </policyArea>
    <introducedDate>2017-02-02</introducedDate>
    <cosponsors>
      <item>
        <isOriginalCosponsor>True</isOriginalCosponsor>
        <firstName>J.</firstName>
        <party>D</party>
        <sponsorshipDate>2017-02-02</sponsorshipDate>
        <lastName>Correa</lastName>
        <bioguideId>C001110</bioguideId>
        <middleName>Luis</middleName>
        <identifiers>
          <lisID>2312</lisID>
          <bioguideId>C001110</bioguideId>
          <gpoId />
        </identifiers>
        <fullName>Rep. Correa, J. Luis [D-CA-46]</fullName>
        <state>CA</state>
        <district>46</district>
        <sponsorshipWithdrawnDate />
      </item>
      <item>
        <isOriginalCosponsor>True</isOriginalCosponsor>
        <firstName>Dwight</firstName>
        <party>D</party>
        <sponsorshipDate>2017-02-02</sponsorshipDate>
        <lastName>Evans</lastName>
        <bioguideId>E000296</bioguideId>
        <middleName />
        <identifiers>
          <gpoId />
          <lisID>2298</lisID>
          <bioguideId>E000296</bioguideId>
        </identifiers>
        <fullName>Rep. Evans, Dwight [D-PA-2]</fullName>
        <state>PA</state>
        <district>2</district>
        <sponsorshipWithdrawnDate />
      </item>
      <item>
        <isOriginalCosponsor>True</isOriginalCosponsor>
        <firstName>EARL</firstName>
        <party>D</party>
        <sponsorshipDate>2017-02-02</sponsorshipDate>
        <lastName>BLUMENAUER</lastName>
        <bioguideId>B000574</bioguideId>
        <middleName />
        <identifiers>
          <lisID>99</lisID>
          <gpoId>8116</gpoId>
          <bioguideId>B000574</bioguideId>
        </identifiers>
        <fullName>Rep. Blumenauer, Earl [D-OR-3]</fullName>
        <state>OR</state>
        <district>3</district>
        <sponsorshipWithdrawnDate />
      </item>
      <item>
        <isOriginalCosponsor>True</isOriginalCosponsor>
        <firstName>Ruben</firstName>
        <party>D</party>
        <sponsorshipDate>2017-02-02</sponsorshipDate>
        <lastName>Gallego</lastName>
        <bioguideId>G000574</bioguideId>
        <middleName />
        <identifiers>
          <gpoId />
          <bioguideId>G000574</bioguideId>
          <lisID>2226</lisID>
        </identifiers>
        <fullName>Rep. Gallego, Ruben [D-AZ-7]</fullName>
        <state>AZ</state>
        <district>7</district>
        <sponsorshipWithdrawnDate />
      </item>
      <item>
        <isOriginalCosponsor>True</isOriginalCosponsor>
        <firstName>Grace</firstName>
        <party>D</party>
        <sponsorshipDate>2017-02-02</sponsorshipDate>
        <lastName>Meng</lastName>
        <bioguideId>M001188</bioguideId>
        <middleName />
        <identifiers>
          <gpoId />
          <lisID>2148</lisID>
          <bioguideId>M001188</bioguideId>
        </identifiers>
        <fullName>Rep. Meng, Grace [D-NY-6]</fullName>
        <state>NY</state>
        <district>6</district>
        <sponsorshipWithdrawnDate />
      </item>
      <item>
        <isOriginalCosponsor>True</isOriginalCosponsor>
        <firstName>Raul</firstName>
        <party>D</party>
        <sponsorshipDate>2017-02-02</sponsorshipDate>
        <lastName>Ruiz</lastName>
        <bioguideId>R000599</bioguideId>
        <middleName />
        <identifiers>
          <bioguideId>R000599</bioguideId>
          <lisID>2109</lisID>
          <gpoId />
        </identifiers>
        <fullName>Rep. Ruiz, Raul [D-CA-36]</fullName>
        <state>CA</state>
        <district>36</district>
        <sponsorshipWithdrawnDate />
      </item>
      <item>
        <isOriginalCosponsor>True</isOriginalCosponsor>
        <firstName>Nanette</firstName>
        <party>D</party>
        <sponsorshipDate>2017-02-02</sponsorshipDate>
        <lastName>Barragan</lastName>
        <bioguideId>B001300</bioguideId>
        <middleName>Diaz</middleName>
        <identifiers>
          <lisID>2311</lisID>
          <gpoId />
          <bioguideId>B001300</bioguideId>
        </identifiers>
        <fullName>Rep. Barragan, Nanette Diaz [D-CA-44]</fullName>
        <state>CA</state>
        <district>44</district>
        <sponsorshipWithdrawnDate />
      </item>
      <item>
        <isOriginalCosponsor>True</isOriginalCosponsor>
        <firstName>ZOE</firstName>
        <party>D</party>
        <sponsorshipDate>2017-02-02</sponsorshipDate>
        <lastName>LOFGREN</lastName>
        <bioguideId>L000397</bioguideId>
        <middleName />
        <identifiers>
          <bioguideId>L000397</bioguideId>
          <lisID>701</lisID>
          <gpoId>7821</gpoId>
        </identifiers>
        <fullName>Rep. Lofgren, Zoe [D-CA-19]</fullName>
        <state>CA</state>
        <district>19</district>
        <sponsorshipWithdrawnDate />
      </item>
      <item>
        <isOriginalCosponsor>True</isOriginalCosponsor>
        <firstName>Katherine</firstName>
        <party>D</party>
        <sponsorshipDate>2017-02-02</sponsorshipDate>
        <lastName>Clark</lastName>
        <bioguideId>C001101</bioguideId>
        <middleName>M.</middleName>
        <identifiers>
          <bioguideId>C001101</bioguideId>
          <lisID>2196</lisID>
          <gpoId />
        </identifiers>
        <fullName>Rep. Clark, Katherine M. [D-MA-5]</fullName>
        <state>MA</state>
        <district>5</district>
        <sponsorshipWithdrawnDate />
      </item>
      <item>
        <isOriginalCosponsor>True</isOriginalCosponsor>
        <firstName>Mark</firstName>
        <party>D</party>
        <sponsorshipDate>2017-02-02</sponsorshipDate>
        <lastName>Pocan</lastName>
        <bioguideId>P000607</bioguideId>
        <middleName />
        <identifiers>
          <lisID>2171</lisID>
          <bioguideId>P000607</bioguideId>
          <gpoId />
        </identifiers>
        <fullName>Rep. Pocan, Mark [D-WI-2]</fullName>
        <state>WI</state>
        <district>2</district>
        <sponsorshipWithdrawnDate />
      </item>
      <item>
        <isOriginalCosponsor>True</isOriginalCosponsor>
        <firstName>Darren</firstName>
        <party>D</party>
        <sponsorshipDate>2017-02-02</sponsorshipDate>
        <lastName>Soto</lastName>
        <bioguideId>S001200</bioguideId>
        <middleName />
        <identifiers>
          <gpoId />
          <bioguideId>S001200</bioguideId>
          <lisID>2319</lisID>
        </identifiers>
        <fullName>Rep. Soto, Darren [D-FL-9]</fullName>
        <state>FL</state>
        <district>9</district>
        <sponsorshipWithdrawnDate />
      </item>
      <item>
        <isOriginalCosponsor>True</isOriginalCosponsor>
        <firstName>Mark</firstName>
        <party>D</party>
        <sponsorshipDate>2017-02-02</sponsorshipDate>
        <lastName>Takano</lastName>
        <bioguideId>T000472</bioguideId>
        <middleName />
        <identifiers>
          <lisID>2110</lisID>
          <bioguideId>T000472</bioguideId>
          <gpoId />
        </identifiers>
        <fullName>Rep. Takano, Mark [D-CA-41]</fullName>
        <state>CA</state>
        <district>41</district>
        <sponsorshipWithdrawnDate />
      </item>
      <item>
        <isOriginalCosponsor>True</isOriginalCosponsor>
        <firstName>Tony</firstName>
        <party>D</party>
        <sponsorshipDate>2017-02-02</sponsorshipDate>
        <lastName>Cardenas</lastName>
        <bioguideId>C001097</bioguideId>
        <middleName />
        <identifiers>
          <bioguideId>C001097</bioguideId>
          <gpoId />
          <lisID>2107</lisID>
        </identifiers>
        <fullName>Rep. Cardenas, Tony [D-CA-29]</fullName>
        <state>CA</state>
        <district>29</district>
        <sponsorshipWithdrawnDate />
      </item>
      <item>
        <isOriginalCosponsor>True</isOriginalCosponsor>
        <firstName>Raul</firstName>
        <party>D</party>
        <sponsorshipDate>2017-02-02</sponsorshipDate>
        <lastName>Grijalva</lastName>
        <bioguideId>G000551</bioguideId>
        <middleName>M.</middleName>
        <identifiers>
          <lisID>1708</lisID>
          <bioguideId>G000551</bioguideId>
          <gpoId>7804</gpoId>
        </identifiers>
        <fullName>Rep. Grijalva, Raul M. [D-AZ-3]</fullName>
        <state>AZ</state>
        <district>3</district>
        <sponsorshipWithdrawnDate />
      </item>
      <item>
        <isOriginalCosponsor>True</isOriginalCosponsor>
        <firstName>Bonnie</firstName>
        <party>D</party>
        <sponsorshipDate>2017-02-02</sponsorshipDate>
        <lastName>Watson Coleman</lastName>
        <bioguideId>W000822</bioguideId>
        <middleName />
        <identifiers>
          <bioguideId>W000822</bioguideId>
          <lisID>2259</lisID>
          <gpoId />
        </identifiers>
        <fullName>Rep. Watson Coleman, Bonnie [D-NJ-12]</fullName>
        <state>NJ</state>
        <district>12</district>
        <sponsorshipWithdrawnDate />
      </item>
      <item>
        <isOriginalCosponsor>True</isOriginalCosponsor>
        <firstName>Juan</firstName>
        <party>D</party>
        <sponsorshipDate>2017-02-02</sponsorshipDate>
        <lastName>Vargas</lastName>
        <bioguideId>V000130</bioguideId>
        <middleName />
        <identifiers>
          <lisID>2112</lisID>
          <bioguideId>V000130</bioguideId>
          <gpoId />
        </identifiers>
        <fullName>Rep. Vargas, Juan [D-CA-51]</fullName>
        <state>CA</state>
        <district>51</district>
        <sponsorshipWithdrawnDate />
      </item>
      <item>
        <isOriginalCosponsor>True</isOriginalCosponsor>
        <firstName>GRACE</firstName>
        <party>D</party>
        <sponsorshipDate>2017-02-02</sponsorshipDate>
        <lastName>NAPOLITANO</lastName>
        <bioguideId>N000179</bioguideId>
        <middleName>F.</middleName>
        <identifiers>
          <lisID>1602</lisID>
          <bioguideId>N000179</bioguideId>
          <gpoId>7843</gpoId>
        </identifiers>
        <fullName>Rep. Napolitano, Grace F. [D-CA-32]</fullName>
        <state>CA</state>
        <district>32</district>
        <sponsorshipWithdrawnDate />
      </item>
      <item>
        <isOriginalCosponsor>True</isOriginalCosponsor>
        <firstName>Adriano</firstName>
        <party>D</party>
        <sponsorshipDate>2017-02-02</sponsorshipDate>
        <lastName>Espaillat</lastName>
        <bioguideId>E000297</bioguideId>
        <middleName />
        <identifiers>
          <bioguideId>E000297</bioguideId>
          <gpoId />
          <lisID>2342</lisID>
        </identifiers>
        <fullName>Rep. Espaillat, Adriano [D-NY-13]</fullName>
        <state>NY</state>
        <district>13</district>
        <sponsorshipWithdrawnDate />
      </item>
      <item>
        <isOriginalCosponsor>True</isOriginalCosponsor>
        <firstName>Norma</firstName>
        <party>D</party>
        <sponsorshipDate>2017-02-02</sponsorshipDate>
        <lastName>Torres</lastName>
        <bioguideId>T000474</bioguideId>
        <middleName>J.</middleName>
        <identifiers>
          <lisID>2231</lisID>
          <bioguideId>T000474</bioguideId>
          <gpoId />
        </identifiers>
        <fullName>Rep. Torres, Norma J. [D-CA-35]</fullName>
        <state>CA</state>
        <district>35</district>
        <sponsorshipWithdrawnDate />
      </item>
      <item>
        <isOriginalCosponsor>True</isOriginalCosponsor>
        <firstName>Joaquin</firstName>
        <party>D</party>
        <sponsorshipDate>2017-02-02</sponsorshipDate>
        <lastName>Castro</lastName>
        <bioguideId>C001091</bioguideId>
        <middleName />
        <identifiers>
          <gpoId />
          <lisID>2163</lisID>
          <bioguideId>C001091</bioguideId>
        </identifiers>
        <fullName>Rep. Castro, Joaquin [D-TX-20]</fullName>
        <state>TX</state>
        <district>20</district>
        <sponsorshipWithdrawnDate />
      </item>
      <item>
        <isOriginalCosponsor>True</isOriginalCosponsor>
        <firstName>Vicente</firstName>
        <party>D</party>
        <sponsorshipDate>2017-02-02</sponsorshipDate>
        <lastName>Gonzalez</lastName>
        <bioguideId>G000581</bioguideId>
        <middleName />
        <identifiers>
          <lisID>2349</lisID>
          <bioguideId>G000581</bioguideId>
          <gpoId />
        </identifiers>
        <fullName>Rep. Gonzalez, Vicente [D-TX-15]</fullName>
        <state>TX</state>
        <district>15</district>
        <sponsorshipWithdrawnDate />
      </item>
      <item>
        <isOriginalCosponsor>True</isOriginalCosponsor>
        <firstName>Eric</firstName>
        <party>D</party>
        <sponsorshipDate>2017-02-02</sponsorshipDate>
        <lastName>Swalwell</lastName>
        <bioguideId>S001193</bioguideId>
        <middleName />
        <identifiers>
          <bioguideId>S001193</bioguideId>
          <gpoId />
          <lisID>2104</lisID>
        </identifiers>
        <fullName>Rep. Swalwell, Eric [D-CA-15]</fullName>
        <state>CA</state>
        <district>15</district>
        <sponsorshipWithdrawnDate />
      </item>
      <item>
        <isOriginalCosponsor>True</isOriginalCosponsor>
        <firstName>FRANK</firstName>
        <party>D</party>
        <sponsorshipDate>2017-02-02</sponsorshipDate>
        <lastName>PALLONE</lastName>
        <bioguideId>P000034</bioguideId>
        <middleName />
        <identifiers>
          <lisID>887</lisID>
          <bioguideId>P000034</bioguideId>
          <gpoId>8048</gpoId>
        </identifiers>
        <fullName>Rep. Pallone, Frank, Jr. [D-NJ-6]</fullName>
        <state>NJ</state>
        <district>6</district>
        <sponsorshipWithdrawnDate />
      </item>
      <item>
        <isOriginalCosponsor>True</isOriginalCosponsor>
        <firstName>Ruben</firstName>
        <party>D</party>
        <sponsorshipDate>2017-02-02</sponsorshipDate>
        <lastName>Kihuen</lastName>
        <bioguideId>K000390</bioguideId>
        <middleName>J.</middleName>
        <identifiers>
          <lisID>2340</lisID>
          <bioguideId>K000390</bioguideId>
          <gpoId />
        </identifiers>
        <fullName>Rep. Kihuen, Ruben J. [D-NV-4]</fullName>
        <state>NV</state>
        <district>4</district>
        <sponsorshipWithdrawnDate />
      </item>
      <item>
        <isOriginalCosponsor>True</isOriginalCosponsor>
        <firstName>Colleen</firstName>
        <party>D</party>
        <sponsorshipDate>2017-02-02</sponsorshipDate>
        <lastName>Hanabusa</lastName>
        <bioguideId>H001050</bioguideId>
        <middleName />
        <identifiers>
          <bioguideId>H001050</bioguideId>
          <lisID>2010</lisID>
          <gpoId>7912</gpoId>
        </identifiers>
        <fullName>Rep. Hanabusa, Colleen [D-HI-1]</fullName>
        <state>HI</state>
        <district>1</district>
        <sponsorshipWithdrawnDate />
      </item>
      <item>
        <isOriginalCosponsor>True</isOriginalCosponsor>
        <firstName>Filemon</firstName>
        <party>D</party>
        <sponsorshipDate>2017-02-02</sponsorshipDate>
        <lastName>Vela</lastName>
        <bioguideId>V000132</bioguideId>
        <middleName />
        <identifiers>
          <lisID>2167</lisID>
          <gpoId />
          <bioguideId>V000132</bioguideId>
        </identifiers>
        <fullName>Rep. Vela, Filemon [D-TX-34]</fullName>
        <state>TX</state>
        <district>34</district>
        <sponsorshipWithdrawnDate />
      </item>
      <item>
        <isOriginalCosponsor>True</isOriginalCosponsor>
        <firstName>JAMES</firstName>
        <party>D</party>
        <sponsorshipDate>2017-02-02</sponsorshipDate>
        <lastName>MCGOVERN</lastName>
        <bioguideId>M000312</bioguideId>
        <middleName>P.</middleName>
        <identifiers>
          <lisID>1504</lisID>
          <bioguideId>M000312</bioguideId>
          <gpoId>7968</gpoId>
        </identifiers>
        <fullName>Rep. McGovern, James P. [D-MA-2]</fullName>
        <state>MA</state>
        <district>2</district>
        <sponsorshipWithdrawnDate />
      </item>
      <item>
        <isOriginalCosponsor>True</isOriginalCosponsor>
        <firstName>Ro</firstName>
        <party>D</party>
        <sponsorshipDate>2017-02-02</sponsorshipDate>
        <lastName>Khanna</lastName>
        <bioguideId>K000389</bioguideId>
        <middleName />
        <identifiers>
          <gpoId />
          <bioguideId>K000389</bioguideId>
          <lisID>2308</lisID>
        </identifiers>
        <fullName>Rep. Khanna, Ro [D-CA-17]</fullName>
        <state>CA</state>
        <district>17</district>
        <sponsorshipWithdrawnDate />
      </item>
      <item>
        <isOriginalCosponsor>True</isOriginalCosponsor>
        <firstName>Bill</firstName>
        <party>D</party>
        <sponsorshipDate>2017-02-02</sponsorshipDate>
        <lastName>Foster</lastName>
        <bioguideId>F000454</bioguideId>
        <middleName />
        <identifiers>
          <lisID>1888</lisID>
          <gpoId>7355</gpoId>
          <bioguideId>F000454</bioguideId>
        </identifiers>
        <fullName>Rep. Foster, Bill [D-IL-11]</fullName>
        <state>IL</state>
        <district>11</district>
        <sponsorshipWithdrawnDate />
      </item>
      <item>
        <isOriginalCosponsor>True</isOriginalCosponsor>
        <firstName>ELIJAH</firstName>
        <party>D</party>
        <sponsorshipDate>2017-02-02</sponsorshipDate>
        <lastName>CUMMINGS</lastName>
        <bioguideId>C000984</bioguideId>
        <middleName>E.</middleName>
        <identifiers>
          <lisID>256</lisID>
          <bioguideId>C000984</bioguideId>
          <gpoId>7982</gpoId>
        </identifiers>
        <fullName>Rep. Cummings, Elijah E. [D-MD-7]</fullName>
        <state>MD</state>
        <district>7</district>
        <sponsorshipWithdrawnDate />
      </item>
      <item>
        <isOriginalCosponsor>True</isOriginalCosponsor>
        <firstName>CAROLYN</firstName>
        <party>D</party>
        <sponsorshipDate>2017-02-02</sponsorshipDate>
        <lastName>MALONEY</lastName>
        <bioguideId>M000087</bioguideId>
        <middleName>B.</middleName>
        <identifiers>
          <lisID>729</lisID>
          <bioguideId>M000087</bioguideId>
          <gpoId>8075</gpoId>
        </identifiers>
        <fullName>Rep. Maloney, Carolyn B. [D-NY-12]</fullName>
        <state>NY</state>
        <district>12</district>
        <sponsorshipWithdrawnDate />
      </item>
      <item>
        <isOriginalCosponsor>True</isOriginalCosponsor>
        <firstName>GENE</firstName>
        <party>D</party>
        <sponsorshipDate>2017-02-02</sponsorshipDate>
        <lastName>GREEN</lastName>
        <bioguideId>G000410</bioguideId>
        <middleName />
        <identifiers>
          <lisID>462</lisID>
          <bioguideId>G000410</bioguideId>
          <gpoId>8185</gpoId>
        </identifiers>
        <fullName>Rep. Green, Gene [D-TX-29]</fullName>
        <state>TX</state>
        <district>29</district>
        <sponsorshipWithdrawnDate />
      </item>
      <item>
        <isOriginalCosponsor>True</isOriginalCosponsor>
        <firstName>Jamie</firstName>
        <party>D</party>
        <sponsorshipDate>2017-02-02</sponsorshipDate>
        <lastName>Raskin</lastName>
        <bioguideId>R000606</bioguideId>
        <middleName />
        <identifiers>
          <lisID>2332</lisID>
          <bioguideId>R000606</bioguideId>
          <gpoId />
        </identifiers>
        <fullName>Rep. Raskin, Jamie [D-MD-8]</fullName>
        <state>MD</state>
        <district>8</district>
        <sponsorshipWithdrawnDate />
      </item>
      <item>
        <isOriginalCosponsor>True</isOriginalCosponsor>
        <firstName>JOHN</firstName>
        <party>D</party>
        <sponsorshipDate>2017-02-02</sponsorshipDate>
        <lastName>LEWIS</lastName>
        <bioguideId>L000287</bioguideId>
        <middleName />
        <identifiers>
          <bioguideId>L000287</bioguideId>
          <lisID>688</lisID>
          <gpoId>7902</gpoId>
        </identifiers>
        <fullName>Rep. Lewis, John [D-GA-5]</fullName>
        <state>GA</state>
        <district>5</district>
        <sponsorshipWithdrawnDate />
      </item>
      <item>
        <isOriginalCosponsor>True</isOriginalCosponsor>
        <firstName>Salud</firstName>
        <party>D</party>
        <sponsorshipDate>2017-02-02</sponsorshipDate>
        <lastName>Carbajal</lastName>
        <bioguideId>C001112</bioguideId>
        <middleName>O.</middleName>
        <identifiers>
          <lisID>2310</lisID>
          <bioguideId>C001112</bioguideId>
          <gpoId />
        </identifiers>
        <fullName>Rep. Carbajal, Salud O. [D-CA-24]</fullName>
        <state>CA</state>
        <district>24</district>
        <sponsorshipWithdrawnDate />
      </item>
      <item>
        <isOriginalCosponsor>True</isOriginalCosponsor>
        <firstName>Beto</firstName>
        <party>D</party>
        <sponsorshipDate>2017-02-02</sponsorshipDate>
        <lastName>O'Rourke</lastName>
        <bioguideId>O000170</bioguideId>
        <middleName />
        <identifiers>
          <lisID>2162</lisID>
          <gpoId />
          <bioguideId>O000170</bioguideId>
        </identifiers>
        <fullName>Rep. O'Rourke, Beto [D-TX-16]</fullName>
        <state>TX</state>
        <district>16</district>
        <sponsorshipWithdrawnDate />
      </item>
      <item>
        <isOriginalCosponsor>True</isOriginalCosponsor>
        <firstName>Marc</firstName>
        <party>D</party>
        <sponsorshipDate>2017-02-02</sponsorshipDate>
        <lastName>Veasey</lastName>
        <bioguideId>V000131</bioguideId>
        <middleName>A.</middleName>
        <identifiers>
          <lisID>2166</lisID>
          <bioguideId>V000131</bioguideId>
          <gpoId />
        </identifiers>
        <fullName>Rep. Veasey, Marc A. [D-TX-33]</fullName>
        <state>TX</state>
        <district>33</district>
        <sponsorshipWithdrawnDate />
      </item>
      <item>
        <isOriginalCosponsor>True</isOriginalCosponsor>
        <firstName>Yvette</firstName>
        <party>D</party>
        <sponsorshipDate>2017-02-02</sponsorshipDate>
        <lastName>Clarke</lastName>
        <bioguideId>C001067</bioguideId>
        <middleName>D.</middleName>
        <identifiers>
          <bioguideId>C001067</bioguideId>
          <gpoId>8072</gpoId>
          <lisID>1864</lisID>
        </identifiers>
        <fullName>Rep. Clarke, Yvette D. [D-NY-9]</fullName>
        <state>NY</state>
        <district>9</district>
        <sponsorshipWithdrawnDate />
      </item>
      <item>
        <isOriginalCosponsor>True</isOriginalCosponsor>
        <firstName>John</firstName>
        <party>D</party>
        <sponsorshipDate>2017-02-02</sponsorshipDate>
        <lastName>Garamendi</lastName>
        <bioguideId>G000559</bioguideId>
        <middleName />
        <identifiers>
          <bioguideId>G000559</bioguideId>
          <lisID>1973</lisID>
          <gpoId>7815</gpoId>
        </identifiers>
        <fullName>Rep. Garamendi, John [D-CA-3]</fullName>
        <state>CA</state>
        <district>3</district>
        <sponsorshipWithdrawnDate />
      </item>
      <item>
        <isOriginalCosponsor>True</isOriginalCosponsor>
        <firstName>JERROLD</firstName>
        <party>D</party>
        <sponsorshipDate>2017-02-02</sponsorshipDate>
        <lastName>NADLER</lastName>
        <bioguideId>N000002</bioguideId>
        <middleName />
        <identifiers>
          <gpoId>8069</gpoId>
          <lisID>850</lisID>
          <bioguideId>N000002</bioguideId>
        </identifiers>
        <fullName>Rep. Nadler, Jerrold [D-NY-10]</fullName>
        <state>NY</state>
        <district>10</district>
        <sponsorshipWithdrawnDate />
      </item>
      <item>
        <isOriginalCosponsor>True</isOriginalCosponsor>
        <firstName>ELEANOR</firstName>
        <party>D</party>
        <sponsorshipDate>2017-02-02</sponsorshipDate>
        <lastName>NORTON</lastName>
        <bioguideId>N000147</bioguideId>
        <middleName>HOLMES</middleName>
        <identifiers>
          <lisID>868</lisID>
          <gpoId>7871</gpoId>
          <bioguideId>N000147</bioguideId>
        </identifiers>
        <fullName>Rep. Norton, Eleanor Holmes [D-DC-At Large]</fullName>
        <state>DC</state>
        <district>0</district>
        <sponsorshipWithdrawnDate />
      </item>
      <item>
        <isOriginalCosponsor>True</isOriginalCosponsor>
        <firstName>Chellie</firstName>
        <party>D</party>
        <sponsorshipDate>2017-02-02</sponsorshipDate>
        <lastName>Pingree</lastName>
        <bioguideId>P000597</bioguideId>
        <middleName />
        <identifiers>
          <lisID>1927</lisID>
          <gpoId>7984</gpoId>
          <bioguideId>P000597</bioguideId>
        </identifiers>
        <fullName>Rep. Pingree, Chellie [D-ME-1]</fullName>
        <state>ME</state>
        <district>1</district>
        <sponsorshipWithdrawnDate />
      </item>
      <item>
        <isOriginalCosponsor>True</isOriginalCosponsor>
        <firstName>Henry</firstName>
        <party>D</party>
        <sponsorshipDate>2017-02-02</sponsorshipDate>
        <lastName>Cuellar</lastName>
        <bioguideId>C001063</bioguideId>
        <middleName />
        <identifiers>
          <lisID>1807</lisID>
          <gpoId>8184</gpoId>
          <bioguideId>C001063</bioguideId>
        </identifiers>
        <fullName>Rep. Cuellar, Henry [D-TX-28]</fullName>
        <state>TX</state>
        <district>28</district>
        <sponsorshipWithdrawnDate />
      </item>
      <item>
        <isOriginalCosponsor>True</isOriginalCosponsor>
        <firstName>Henry</firstName>
        <party>D</party>
        <sponsorshipDate>2017-02-02</sponsorshipDate>
        <lastName>Johnson</lastName>
        <bioguideId>J000288</bioguideId>
        <middleName>C. "Hank"</middleName>
        <identifiers>
          <lisID>1843</lisID>
          <gpoId>7901</gpoId>
          <bioguideId>J000288</bioguideId>
        </identifiers>
        <fullName>Rep. Johnson, Henry C. "Hank," Jr. [D-GA-4]</fullName>
        <state>GA</state>
        <district>4</district>
        <sponsorshipWithdrawnDate />
      </item>
      <item>
        <isOriginalCosponsor>True</isOriginalCosponsor>
        <firstName>Gwen</firstName>
        <party>D</party>
        <sponsorshipDate>2017-02-02</sponsorshipDate>
        <lastName>Moore</lastName>
        <bioguideId>M001160</bioguideId>
        <middleName />
        <identifiers>
          <gpoId>8217</gpoId>
          <bioguideId>M001160</bioguideId>
          <lisID>1811</lisID>
        </identifiers>
        <fullName>Rep. Moore, Gwen [D-WI-4]</fullName>
        <state>WI</state>
        <district>4</district>
        <sponsorshipWithdrawnDate />
      </item>
      <item>
        <isOriginalCosponsor>True</isOriginalCosponsor>
        <firstName>BETTY</firstName>
        <party>D</party>
        <sponsorshipDate>2017-02-02</sponsorshipDate>
        <lastName>MCCOLLUM</lastName>
        <bioguideId>M001143</bioguideId>
        <middleName />
        <identifiers>
          <lisID>1653</lisID>
          <gpoId>8004</gpoId>
          <bioguideId>M001143</bioguideId>
        </identifiers>
        <fullName>Rep. McCollum, Betty [D-MN-4]</fullName>
        <state>MN</state>
        <district>4</district>
        <sponsorshipWithdrawnDate />
      </item>
      <item>
        <isOriginalCosponsor>True</isOriginalCosponsor>
        <firstName>BARBARA</firstName>
        <party>D</party>
        <sponsorshipDate>2017-02-02</sponsorshipDate>
        <lastName>LEE</lastName>
        <bioguideId>L000551</bioguideId>
        <middleName />
        <identifiers>
          <gpoId>7814</gpoId>
          <lisID>1501</lisID>
          <bioguideId>L000551</bioguideId>
        </identifiers>
        <fullName>Rep. Lee, Barbara [D-CA-13]</fullName>
        <state>CA</state>
        <district>13</district>
        <sponsorshipWithdrawnDate />
      </item>
      <item>
        <isOriginalCosponsor>True</isOriginalCosponsor>
        <firstName>NYDIA</firstName>
        <party>D</party>
        <sponsorshipDate>2017-02-02</sponsorshipDate>
        <lastName>VELAZQUEZ</lastName>
        <bioguideId>V000081</bioguideId>
        <middleName>M.</middleName>
        <identifiers>
          <lisID>1184</lisID>
          <bioguideId>V000081</bioguideId>
          <gpoId>8073</gpoId>
        </identifiers>
        <fullName>Rep. Velazquez, Nydia M. [D-NY-7]</fullName>
        <state>NY</state>
        <district>7</district>
        <sponsorshipWithdrawnDate />
      </item>
      <item>
        <isOriginalCosponsor>True</isOriginalCosponsor>
        <firstName>Peter</firstName>
        <party>D</party>
        <sponsorshipDate>2017-02-02</sponsorshipDate>
        <lastName>Welch</lastName>
        <bioguideId>W000800</bioguideId>
        <middleName />
        <identifiers>
          <lisID>1879</lisID>
          <gpoId>8204</gpoId>
          <bioguideId>W000800</bioguideId>
        </identifiers>
        <fullName>Rep. Welch, Peter [D-VT-At Large]</fullName>
        <state>VT</state>
        <district>0</district>
        <sponsorshipWithdrawnDate />
      </item>
      <item>
        <isOriginalCosponsor>True</isOriginalCosponsor>
        <firstName>LINDA</firstName>
        <party>D</party>
        <sponsorshipDate>2017-02-02</sponsorshipDate>
        <lastName>SANCHEZ</lastName>
        <bioguideId>S001156</bioguideId>
        <middleName>T.</middleName>
        <identifiers>
          <lisID>1757</lisID>
          <gpoId>7844</gpoId>
          <bioguideId>S001156</bioguideId>
        </identifiers>
        <fullName>Rep. Sanchez, Linda T. [D-CA-38]</fullName>
        <state>CA</state>
        <district>38</district>
        <sponsorshipWithdrawnDate />
      </item>
      <item>
        <isOriginalCosponsor>True</isOriginalCosponsor>
        <firstName>Paul</firstName>
        <party>D</party>
        <sponsorshipDate>2017-02-02</sponsorshipDate>
        <lastName>Tonko</lastName>
        <bioguideId>T000469</bioguideId>
        <middleName />
        <identifiers>
          <gpoId>8082</gpoId>
          <lisID>1942</lisID>
          <bioguideId>T000469</bioguideId>
        </identifiers>
        <fullName>Rep. Tonko, Paul [D-NY-20]</fullName>
        <state>NY</state>
        <district>20</district>
        <sponsorshipWithdrawnDate />
      </item>
      <item>
        <isOriginalCosponsor>True</isOriginalCosponsor>
        <firstName>JOSE</firstName>
        <party>D</party>
        <sponsorshipDate>2017-02-02</sponsorshipDate>
        <lastName>SERRANO</lastName>
        <bioguideId>S000248</bioguideId>
        <middleName>E.</middleName>
        <identifiers>
          <bioguideId>S000248</bioguideId>
          <lisID>1042</lisID>
          <gpoId>8077</gpoId>
        </identifiers>
        <fullName>Rep. Serrano, Jose E. [D-NY-15]</fullName>
        <state>NY</state>
        <district>15</district>
        <sponsorshipWithdrawnDate />
      </item>
      <item>
        <isOriginalCosponsor>True</isOriginalCosponsor>
        <firstName>JANICE</firstName>
        <party>D</party>
        <sponsorshipDate>2017-02-02</sponsorshipDate>
        <lastName>SCHAKOWSKY</lastName>
        <bioguideId>S001145</bioguideId>
        <middleName>D.</middleName>
        <identifiers>
          <gpoId>7929</gpoId>
          <lisID>1588</lisID>
          <bioguideId>S001145</bioguideId>
        </identifiers>
        <fullName>Rep. Schakowsky, Janice D. [D-IL-9]</fullName>
        <state>IL</state>
        <district>9</district>
        <sponsorshipWithdrawnDate />
      </item>
      <item>
        <isOriginalCosponsor>True</isOriginalCosponsor>
        <firstName>LUIS</firstName>
        <party>D</party>
        <sponsorshipDate>2017-02-02</sponsorshipDate>
        <lastName>GUTIERREZ</lastName>
        <bioguideId>G000535</bioguideId>
        <middleName>V.</middleName>
        <identifiers>
          <bioguideId>G000535</bioguideId>
          <lisID>478</lisID>
          <gpoId>7924</gpoId>
        </identifiers>
        <fullName>Rep. Gutierrez, Luis V. [D-IL-4]</fullName>
        <state>IL</state>
        <district>4</district>
        <sponsorshipWithdrawnDate />
      </item>
      <item>
        <isOriginalCosponsor>True</isOriginalCosponsor>
        <firstName>Judy</firstName>
        <party>D</party>
        <sponsorshipDate>2017-02-02</sponsorshipDate>
        <lastName>Chu</lastName>
        <bioguideId>C001080</bioguideId>
        <middleName />
        <identifiers>
          <bioguideId>C001080</bioguideId>
          <lisID>1970</lisID>
          <gpoId>7837</gpoId>
        </identifiers>
        <fullName>Rep. Chu, Judy [D-CA-27]</fullName>
        <state>CA</state>
        <district>27</district>
        <sponsorshipWithdrawnDate />
      </item>
      <item>
        <isOriginalCosponsor>True</isOriginalCosponsor>
        <firstName>Mike</firstName>
        <party>D</party>
        <sponsorshipDate>2017-02-02</sponsorshipDate>
        <lastName>Quigley</lastName>
        <bioguideId>Q000023</bioguideId>
        <middleName />
        <identifiers>
          <lisID>1967</lisID>
          <gpoId>7925</gpoId>
          <bioguideId>Q000023</bioguideId>
        </identifiers>
        <fullName>Rep. Quigley, Mike [D-IL-5]</fullName>
        <state>IL</state>
        <district>5</district>
        <sponsorshipWithdrawnDate />
      </item>
      <item>
        <isOriginalCosponsor>True</isOriginalCosponsor>
        <firstName>ELIOT</firstName>
        <party>D</party>
        <sponsorshipDate>2017-02-02</sponsorshipDate>
        <lastName>ENGEL</lastName>
        <bioguideId>E000179</bioguideId>
        <middleName>L.</middleName>
        <identifiers>
          <lisID>344</lisID>
          <bioguideId>E000179</bioguideId>
          <gpoId>8078</gpoId>
        </identifiers>
        <fullName>Rep. Engel, Eliot L. [D-NY-16]</fullName>
        <state>NY</state>
        <district>16</district>
        <sponsorshipWithdrawnDate />
      </item>
      <item>
        <isOriginalCosponsor>True</isOriginalCosponsor>
        <firstName>Dina</firstName>
        <party>D</party>
        <sponsorshipDate>2017-02-02</sponsorshipDate>
        <lastName>Titus</lastName>
        <bioguideId>T000468</bioguideId>
        <middleName />
        <identifiers>
          <lisID>1940</lisID>
          <bioguideId>T000468</bioguideId>
          <gpoId>7493</gpoId>
        </identifiers>
        <fullName>Rep. Titus, Dina [D-NV-1]</fullName>
        <state>NV</state>
        <district>1</district>
        <sponsorshipWithdrawnDate />
      </item>
      <item>
        <isOriginalCosponsor>False</isOriginalCosponsor>
        <firstName>ADAM</firstName>
        <party>D</party>
        <sponsorshipDate>2017-02-07</sponsorshipDate>
        <lastName>SMITH</lastName>
        <bioguideId>S000510</bioguideId>
        <middleName />
        <identifiers>
          <bioguideId>S000510</bioguideId>
          <gpoId>8213</gpoId>
          <lisID>1528</lisID>
        </identifiers>
        <fullName>Rep. Smith, Adam [D-WA-9]</fullName>
        <state>WA</state>
        <district>9</district>
        <sponsorshipWithdrawnDate />
      </item>
      <item>
        <isOriginalCosponsor>False</isOriginalCosponsor>
        <firstName>John</firstName>
        <party>D</party>
        <sponsorshipDate>2017-02-07</sponsorshipDate>
        <lastName>Yarmuth</lastName>
        <bioguideId>Y000062</bioguideId>
        <middleName>A.</middleName>
        <identifiers>
          <lisID>1853</lisID>
          <gpoId>7955</gpoId>
          <bioguideId>Y000062</bioguideId>
        </identifiers>
        <fullName>Rep. Yarmuth, John A. [D-KY-3]</fullName>
        <state>KY</state>
        <district>3</district>
        <sponsorshipWithdrawnDate />
      </item>
      <item>
        <isOriginalCosponsor>False</isOriginalCosponsor>
        <firstName>Keith</firstName>
        <party>D</party>
        <sponsorshipDate>2017-02-07</sponsorshipDate>
        <lastName>Ellison</lastName>
        <bioguideId>E000288</bioguideId>
        <middleName />
        <identifiers>
          <gpoId>8005</gpoId>
          <lisID>1857</lisID>
          <bioguideId>E000288</bioguideId>
        </identifiers>
        <fullName>Rep. Ellison, Keith [D-MN-5]</fullName>
        <state>MN</state>
        <district>5</district>
        <sponsorshipWithdrawnDate />
      </item>
      <item>
        <isOriginalCosponsor>False</isOriginalCosponsor>
        <firstName>BOBBY</firstName>
        <party>D</party>
        <sponsorshipDate>2017-02-07</sponsorshipDate>
        <lastName>RUSH</lastName>
        <bioguideId>R000515</bioguideId>
        <middleName>L.</middleName>
        <identifiers>
          <lisID>1003</lisID>
          <bioguideId>R000515</bioguideId>
          <gpoId>7921</gpoId>
        </identifiers>
        <fullName>Rep. Rush, Bobby L. [D-IL-1]</fullName>
        <state>IL</state>
        <district>1</district>
        <sponsorshipWithdrawnDate />
      </item>
      <item>
        <isOriginalCosponsor>False</isOriginalCosponsor>
        <firstName>Mark</firstName>
        <party>D</party>
        <sponsorshipDate>2017-02-14</sponsorshipDate>
        <lastName>DeSaulnier</lastName>
        <bioguideId>D000623</bioguideId>
        <middleName />
        <identifiers>
          <lisID>2227</lisID>
          <bioguideId>D000623</bioguideId>
          <gpoId />
        </identifiers>
        <fullName>Rep. DeSaulnier, Mark [D-CA-11]</fullName>
        <state>CA</state>
        <district>11</district>
        <sponsorshipWithdrawnDate />
      </item>
      <item>
        <isOriginalCosponsor>False</isOriginalCosponsor>
        <firstName>Ted</firstName>
        <party>D</party>
        <sponsorshipDate>2017-02-14</sponsorshipDate>
        <lastName>Lieu</lastName>
        <bioguideId>L000582</bioguideId>
        <middleName />
        <identifiers>
          <bioguideId>L000582</bioguideId>
          <lisID>2230</lisID>
          <gpoId />
        </identifiers>
        <fullName>Rep. Lieu, Ted [D-CA-33]</fullName>
        <state>CA</state>
        <district>33</district>
        <sponsorshipWithdrawnDate />
      </item>
      <item>
        <isOriginalCosponsor>False</isOriginalCosponsor>
        <firstName>Jimmy</firstName>
        <party>D</party>
        <sponsorshipDate>2017-02-14</sponsorshipDate>
        <lastName>Panetta</lastName>
        <bioguideId>P000613</bioguideId>
        <middleName />
        <identifiers>
          <lisID>2309</lisID>
          <bioguideId>P000613</bioguideId>
          <gpoId />
        </identifiers>
        <fullName>Rep. Panetta, Jimmy [D-CA-20]</fullName>
        <state>CA</state>
        <district>20</district>
        <sponsorshipWithdrawnDate />
      </item>
      <item>
        <isOriginalCosponsor>False</isOriginalCosponsor>
        <firstName>MIKE</firstName>
        <party>D</party>
        <sponsorshipDate>2017-02-14</sponsorshipDate>
        <lastName>THOMPSON</lastName>
        <bioguideId>T000460</bioguideId>
        <middleName />
        <identifiers>
          <lisID>1593</lisID>
          <gpoId>7806</gpoId>
          <bioguideId>T000460</bioguideId>
        </identifiers>
        <fullName>Rep. Thompson, Mike [D-CA-5]</fullName>
        <state>CA</state>
        <district>5</district>
        <sponsorshipWithdrawnDate />
      </item>
      <item>
        <isOriginalCosponsor>False</isOriginalCosponsor>
        <firstName>Debbie</firstName>
        <party>D</party>
        <sponsorshipDate>2017-02-14</sponsorshipDate>
        <lastName>Wasserman Schultz</lastName>
        <bioguideId>W000797</bioguideId>
        <middleName />
        <identifiers>
          <gpoId>7892</gpoId>
          <bioguideId>W000797</bioguideId>
          <lisID>1777</lisID>
        </identifiers>
        <fullName>Rep. Wasserman Schultz, Debbie [D-FL-23]</fullName>
        <state>FL</state>
        <district>23</district>
        <sponsorshipWithdrawnDate />
      </item>
      <item>
        <isOriginalCosponsor>False</isOriginalCosponsor>
        <firstName>Pete</firstName>
        <party>D</party>
        <sponsorshipDate>2017-02-14</sponsorshipDate>
        <lastName>Aguilar</lastName>
        <bioguideId>A000371</bioguideId>
        <middleName />
        <identifiers>
          <lisID>2229</lisID>
          <bioguideId>A000371</bioguideId>
          <gpoId />
        </identifiers>
        <fullName>Rep. Aguilar, Pete [D-CA-31]</fullName>
        <state>CA</state>
        <district>31</district>
        <sponsorshipWithdrawnDate />
      </item>
      <item>
        <isOriginalCosponsor>False</isOriginalCosponsor>
        <firstName>Jared</firstName>
        <party>D</party>
        <sponsorshipDate>2017-02-14</sponsorshipDate>
        <lastName>Huffman</lastName>
        <bioguideId>H001068</bioguideId>
        <middleName />
        <identifiers>
          <gpoId />
          <lisID>2101</lisID>
          <bioguideId>H001068</bioguideId>
        </identifiers>
        <fullName>Rep. Huffman, Jared [D-CA-2]</fullName>
        <state>CA</state>
        <district>2</district>
        <sponsorshipWithdrawnDate />
      </item>
      <item>
        <isOriginalCosponsor>False</isOriginalCosponsor>
        <firstName>Seth</firstName>
        <party>D</party>
        <sponsorshipDate>2017-02-14</sponsorshipDate>
        <lastName>Moulton</lastName>
        <bioguideId>M001196</bioguideId>
        <middleName />
        <identifiers>
          <bioguideId>M001196</bioguideId>
          <gpoId />
          <lisID>2246</lisID>
        </identifiers>
        <fullName>Rep. Moulton, Seth [D-MA-6]</fullName>
        <state>MA</state>
        <district>6</district>
        <sponsorshipWithdrawnDate />
      </item>
      <item>
        <isOriginalCosponsor>False</isOriginalCosponsor>
        <firstName>JOHN</firstName>
        <party>D</party>
        <sponsorshipDate>2017-02-14</sponsorshipDate>
        <lastName>CONYERS</lastName>
        <bioguideId>C000714</bioguideId>
        <middleName />
        <identifiers>
          <bioguideId>C000714</bioguideId>
          <lisID>229</lisID>
          <gpoId>7999</gpoId>
        </identifiers>
        <fullName>Rep. Conyers, John, Jr. [D-MI-13]</fullName>
        <state>MI</state>
        <district>13</district>
        <sponsorshipWithdrawnDate />
      </item>
      <item>
        <isOriginalCosponsor>False</isOriginalCosponsor>
        <firstName>David</firstName>
        <party>D</party>
        <sponsorshipDate>2017-02-27</sponsorshipDate>
        <lastName>Cicilline</lastName>
        <bioguideId>C001084</bioguideId>
        <middleName>N.</middleName>
        <identifiers>
          <gpoId>8139</gpoId>
          <bioguideId>C001084</bioguideId>
          <lisID>2055</lisID>
        </identifiers>
        <fullName>Rep. Cicilline, David N. [D-RI-1]</fullName>
        <state>RI</state>
        <district>1</district>
        <sponsorshipWithdrawnDate />
      </item>
      <item>
        <isOriginalCosponsor>False</isOriginalCosponsor>
        <firstName>Marcia</firstName>
        <party>D</party>
        <sponsorshipDate>2017-02-27</sponsorshipDate>
        <lastName>Fudge</lastName>
        <bioguideId>F000455</bioguideId>
        <middleName>L.</middleName>
        <identifiers>
          <lisID>1895</lisID>
          <bioguideId>F000455</bioguideId>
          <gpoId>8101</gpoId>
        </identifiers>
        <fullName>Rep. Fudge, Marcia L. [D-OH-11]</fullName>
        <state>OH</state>
        <district>11</district>
        <sponsorshipWithdrawnDate />
      </item>
      <item>
        <isOriginalCosponsor>False</isOriginalCosponsor>
        <firstName>ALCEE</firstName>
        <party>D</party>
        <sponsorshipDate>2017-02-27</sponsorshipDate>
        <lastName>HASTINGS</lastName>
        <bioguideId>H000324</bioguideId>
        <middleName>L.</middleName>
        <identifiers>
          <gpoId>7895</gpoId>
          <bioguideId>H000324</bioguideId>
          <lisID>511</lisID>
        </identifiers>
        <fullName>Rep. Hastings, Alcee L. [D-FL-20]</fullName>
        <state>FL</state>
        <district>20</district>
        <sponsorshipWithdrawnDate />
      </item>
      <item>
        <isOriginalCosponsor>False</isOriginalCosponsor>
        <firstName>Donald</firstName>
        <party>D</party>
        <sponsorshipDate>2017-02-27</sponsorshipDate>
        <lastName>Beyer</lastName>
        <bioguideId>B001292</bioguideId>
        <middleName>S.</middleName>
        <identifiers>
          <gpoId />
          <lisID>2272</lisID>
          <bioguideId>B001292</bioguideId>
        </identifiers>
        <fullName>Rep. Beyer, Donald S., Jr. [D-VA-8]</fullName>
        <state>VA</state>
        <district>8</district>
        <sponsorshipWithdrawnDate />
      </item>
      <item>
        <isOriginalCosponsor>False</isOriginalCosponsor>
        <firstName>Alan</firstName>
        <party>D</party>
        <sponsorshipDate>2017-02-27</sponsorshipDate>
        <lastName>Lowenthal</lastName>
        <bioguideId>L000579</bioguideId>
        <middleName>S.</middleName>
        <identifiers>
          <bioguideId>L000579</bioguideId>
          <lisID>2111</lisID>
          <gpoId />
        </identifiers>
        <fullName>Rep. Lowenthal, Alan S. [D-CA-47]</fullName>
        <state>CA</state>
        <district>47</district>
        <sponsorshipWithdrawnDate />
      </item>
      <item>
        <isOriginalCosponsor>False</isOriginalCosponsor>
        <firstName>Jackie</firstName>
        <party>D</party>
        <sponsorshipDate>2017-03-13</sponsorshipDate>
        <lastName>Speier</lastName>
        <bioguideId>S001175</bioguideId>
        <middleName />
        <identifiers>
          <lisID>1890</lisID>
          <bioguideId>S001175</bioguideId>
          <gpoId>7817</gpoId>
        </identifiers>
        <fullName>Rep. Speier, Jackie [D-CA-14]</fullName>
        <state>CA</state>
        <district>14</district>
        <sponsorshipWithdrawnDate />
      </item>
      <item>
        <isOriginalCosponsor>False</isOriginalCosponsor>
        <firstName>SHEILA</firstName>
        <party>D</party>
        <sponsorshipDate>2017-03-13</sponsorshipDate>
        <lastName>JACKSON LEE</lastName>
        <bioguideId>J000032</bioguideId>
        <middleName />
        <identifiers>
          <bioguideId>J000032</bioguideId>
          <gpoId>8174</gpoId>
          <lisID>588</lisID>
        </identifiers>
        <fullName>Rep. Jackson Lee, Sheila [D-TX-18]</fullName>
        <state>TX</state>
        <district>18</district>
        <sponsorshipWithdrawnDate />
      </item>
      <item>
        <isOriginalCosponsor>False</isOriginalCosponsor>
        <firstName>Ben</firstName>
        <party>D</party>
        <sponsorshipDate>2017-05-18</sponsorshipDate>
        <lastName>Lujan</lastName>
        <bioguideId>L000570</bioguideId>
        <middleName>Ray</middleName>
        <identifiers>
          <lisID>1939</lisID>
          <gpoId>8058</gpoId>
          <bioguideId>L000570</bioguideId>
        </identifiers>
        <fullName>Rep. Lujan, Ben Ray [D-NM-3]</fullName>
        <state>NM</state>
        <district>3</district>
        <sponsorshipWithdrawnDate />
      </item>
      <item>
        <isOriginalCosponsor>False</isOriginalCosponsor>
        <firstName>Doris</firstName>
        <party>D</party>
        <sponsorshipDate>2017-06-13</sponsorshipDate>
        <lastName>Matsui</lastName>
        <bioguideId>M001163</bioguideId>
        <middleName>O.</middleName>
        <identifiers>
          <lisID>1814</lisID>
          <bioguideId>M001163</bioguideId>
          <gpoId>7810</gpoId>
        </identifiers>
        <fullName>Rep. Matsui, Doris O. [D-CA-6]</fullName>
        <state>CA</state>
        <district>6</district>
        <sponsorshipWithdrawnDate />
      </item>
    </cosponsors>
    <titles>
      <item>
        <title>Build Bridges Not Walls Act</title>
        <titleType>(Extracted from GPO) Short Titles as Introduced</titleType>
        <parentTitleType />
        <chamberCode />
        <chamberName />
      </item>
      <item>
        <title>Build Bridges Not Walls Act</title>
        <titleType>Short Titles as Introduced</titleType>
        <parentTitleType />
        <chamberCode />
        <chamberName />
      </item>
      <item>
        <title>To prohibit construction of a continuous wall or fence between the United States and Mexico, and for other purposes.</title>
        <titleType>Official Title as Introduced</titleType>
        <parentTitleType />
        <chamberCode />
        <chamberName />
      </item>
      <item>
        <title>Build Bridges Not Walls Act</title>
        <titleType>Display Title</titleType>
        <parentTitleType />
        <chamberCode />
        <chamberName />
      </item>
    </titles>
    <congress>115</congress>
    <recordedVotes />
    <amendments />
    <laws />
    <cboCostEstimates />
    <actions>
      <actionByCounts>
        <houseOfRepresentatives>9</houseOfRepresentatives>
      </actionByCounts>
      <actionTypeCounts>
        <introducedInTheHouse>1</introducedInTheHouse>
        <billReferrals>3</billReferrals>
        <placeholderTextForH>3</placeholderTextForH>
        <introducedInHouse>1</introducedInHouse>
        <billReferralsAggregate>1</billReferralsAggregate>
      </actionTypeCounts>
      <item>
        <actionDate>2017-03-02</actionDate>
        <committee>
          <systemCode>hsju01</systemCode>
          <name>Immigration and Border Security Subcommittee</name>
        </committee>
        <links />
        <sourceSystem>
          <name>House committee actions</name>
          <code>1</code>
        </sourceSystem>
        <text>Referred to the Subcommittee on Immigration and Border Security.</text>
        <type>Committee</type>
      </item>
      <item>
        <actionDate>2017-02-24</actionDate>
        <committee>
          <systemCode>hshm11</systemCode>
          <name>Border and Maritime Security Subcommittee</name>
        </committee>
        <links />
        <sourceSystem>
          <name>House committee actions</name>
          <code>1</code>
        </sourceSystem>
        <text>Referred to the Subcommittee on Border and Maritime Security.</text>
        <type>Committee</type>
      </item>
      <item>
        <actionDate>2017-02-16</actionDate>
        <committee>
          <systemCode>hsfa07</systemCode>
          <name>Western Hemisphere Subcommittee</name>
        </committee>
        <links />
        <sourceSystem>
          <name>House committee actions</name>
          <code>1</code>
        </sourceSystem>
        <text>Referred to the Subcommittee on the Western Hemisphere.</text>
        <type>Committee</type>
      </item>
      <item>
        <actionDate>2017-02-02</actionDate>
        <text>Referred to House Foreign Affairs</text>
        <sourceSystem>
          <name>House floor actions</name>
          <code>2</code>
        </sourceSystem>
        <committee>
          <systemCode>hsfa00</systemCode>
          <name>Foreign Affairs Committee</name>
        </committee>
        <links />
        <actionCode>H11100</actionCode>
        <type>IntroReferral</type>
      </item>
      <item>
        <actionDate>2017-02-02</actionDate>
        <text>Referred to House Homeland Security</text>
        <sourceSystem>
          <name>House floor actions</name>
          <code>2</code>
        </sourceSystem>
        <committee>
          <systemCode>hshm00</systemCode>
          <name>Homeland Security Committee</name>
        </committee>
        <links />
        <actionCode>H11100</actionCode>
        <type>IntroReferral</type>
      </item>
      <item>
        <actionDate>2017-02-02</actionDate>
        <text>Referred to House Judiciary</text>
        <sourceSystem>
          <name>House floor actions</name>
          <code>2</code>
        </sourceSystem>
        <committee>
          <systemCode>hsju00</systemCode>
          <name>Judiciary Committee</name>
        </committee>
        <links />
        <actionCode>H11100</actionCode>
        <type>IntroReferral</type>
      </item>
      <item>
        <actionDate>2017-02-02</actionDate>
        <text>Referred to the Committee on the Judiciary, and in addition to the Committees on Homeland Security, and Foreign Affairs, for a period to be subsequently determined by the Speaker, in each case for consideration of such provisions as fall within the jurisdiction of the committee concerned.</text>
        <sourceSystem>
          <name>Library of Congress</name>
          <code>9</code>
        </sourceSystem>
        <committee />
        <links />
        <actionCode>H11100-A</actionCode>
        <type>IntroReferral</type>
      </item>
      <item>
        <actionDate>2017-02-02</actionDate>
        <text>Introduced in House</text>
        <sourceSystem>
          <name>Library of Congress</name>
          <code>9</code>
        </sourceSystem>
        <committee />
        <links />
        <actionCode>Intro-H</actionCode>
        <type>IntroReferral</type>
      </item>
      <item>
        <actionDate>2017-02-02</actionDate>
        <text>Introduced in House</text>
        <sourceSystem>
          <name>Library of Congress</name>
          <code>9</code>
        </sourceSystem>
        <committee />
        <links />
        <actionCode>1000</actionCode>
        <type>IntroReferral</type>
      </item>
    </actions>
    <updateDate>2018-02-06T16:41:13Z</updateDate>
    <summaries>
      <billSummaries>
        <item>
          <versionCode>00</versionCode>
          <updateDate>2017-02-02T05:00:00Z</updateDate>
          <actionDesc>Introduced in House</actionDesc>
          <lastSummaryUpdateDate>2017-07-22T15:12:14Z</lastSummaryUpdateDate>
          <actionDate>2017-02-02</actionDate>
          <name>Introduced in House</name>
          <text><![CDATA[<p><strong>Build Bridges Not Walls Act</strong></p> <p>This bill provides that the executive order titled &quot;Border Security and Immigration Enforcement Improvements&quot; signed by the President on January 25, 2017, or any other substantially similar action by the President to use taxpayer dollars or fees to construct a continuous wall or fence between the United States and Mexico shall have no force or effect.</p>]]></text>
        </item>
      </billSummaries>
    </summaries>
    <title>Build Bridges Not Walls Act</title>
    <calendarNumbers />
    <originChamber>House</originChamber>
    <constitutionalAuthorityStatementText><![CDATA[<pre>From the Congressional Record Online through the Government Publishing Office [<a href='http://www.gpo.gov'>www.gpo.gov</a>]By Ms. MICHELLE LUJAN GRISHAM of New Mexico:H.R. 837.Congress has the power to enact this legislation pursuantto the following:article I, section 8, clause 18[Page H946]</pre>]]></constitutionalAuthorityStatementText>
    <notes />
    <billType>HR</billType>
    <committees>
      <billCommittees>
        <item>
          <systemCode>hsju00</systemCode>
          <chamber>House</chamber>
          <type>Standing</type>
          <activities>
            <item>
              <name>Referred to</name>
              <date>2017-02-02T15:03:40Z</date>
            </item>
          </activities>
          <name>Judiciary Committee</name>
          <subcommittees>
            <item>
              <systemCode>hsju01</systemCode>
              <name>Immigration and Border Security Subcommittee</name>
              <activities>
                <item>
                  <name>Referred to</name>
                  <date>2017-03-02T14:59:50Z</date>
                </item>
              </activities>
            </item>
          </subcommittees>
        </item>
        <item>
          <systemCode>hshm00</systemCode>
          <chamber>House</chamber>
          <type>Standing</type>
          <activities>
            <item>
              <name>Referred to</name>
              <date>2017-02-02T15:03:45Z</date>
            </item>
          </activities>
          <name>Homeland Security Committee</name>
          <subcommittees>
            <item>
              <systemCode>hshm11</systemCode>
              <name>Border and Maritime Security Subcommittee</name>
              <activities>
                <item>
                  <name>Referred to</name>
                  <date>2017-02-24T19:08:39Z</date>
                </item>
              </activities>
            </item>
          </subcommittees>
        </item>
        <item>
          <systemCode>hsfa00</systemCode>
          <chamber>House</chamber>
          <type>Standing</type>
          <activities>
            <item>
              <name>Referred to</name>
              <date>2017-02-02T15:03:50Z</date>
            </item>
          </activities>
          <name>Foreign Affairs Committee</name>
          <subcommittees>
            <item>
              <systemCode>hsfa07</systemCode>
              <name>Western Hemisphere Subcommittee</name>
              <activities>
                <item>
                  <name>Referred to</name>
                  <date>2017-02-16T22:23:49Z</date>
                </item>
              </activities>
            </item>
          </subcommittees>
        </item>
      </billCommittees>
    </committees>
    <latestAction>
      <text>Referred to the Subcommittee on Immigration and Border Security.</text>
      <actionDate>2017-03-02</actionDate>
      <links />
    </latestAction>
    <committeeReports />
    <billNumber>837</billNumber>
    <sponsors>
      <item>
        <byRequestType />
        <state>NM</state>
        <bioguideId>L000580</bioguideId>
        <identifiers>
          <bioguideId>L000580</bioguideId>
          <lisID>2146</lisID>
          <gpoId />
        </identifiers>
        <fullName>Rep. Lujan Grisham, Michelle [D-NM-1]</fullName>
        <district>1</district>
        <lastName>Lujan Grisham</lastName>
        <firstName>Michelle</firstName>
        <middleName />
        <party>D</party>
      </item>
    </sponsors>
    <subjects>
      <billSubjects>
        <legislativeSubjects>
          <item>
            <name>Border security and unlawful immigration</name>
          </item>
          <item>
            <name>Latin America</name>
          </item>
          <item>
            <name>Mexico</name>
          </item>
          <item>
            <name>Presidents and presidential powers, Vice Presidents</name>
          </item>
        </legislativeSubjects>
        <policyArea>
          <name>Immigration</name>
        </policyArea>
      </billSubjects>
    </subjects>
    <createDate>2017-02-03T05:17:29Z</createDate>
    <version>1.0.0</version>
    <relatedBills />
  </bill>
  <dublinCore xmlns:dc="http://purl.org/dc/elements/1.1/">
    <dc:format>text/xml</dc:format>
    <dc:language>EN</dc:language>
    <dc:rights>Pursuant to Title 17 Section 105 of the United States Code, this file is not subject to copyright protection and is in the public domain.</dc:rights>
    <dc:contributor>Congressional Research Service, Library of Congress</dc:contributor>
    <dc:description>This file contains bill summaries and statuses for federal legislation. A bill summary describes the most significant provisions of a piece of legislation and details the effects the legislative text may have on current law and federal programs. Bill summaries are authored by the Congressional Research Service (CRS) of the Library of Congress. As stated in Public Law 91-510 (2 USC 166 (d)(6)), one of the duties of CRS is "to prepare summaries and digests of bills and resolutions of a public general nature introduced in the Senate or House of Representatives". For more information, refer to the User Guide that accompanies this file.</dc:description>
  </dublinCore>
</billStatus>

