<?xml version="1.0" encoding="UTF-8"?>
<billStatus>
  <bill>
    <cosponsors>
      <item>
        <lastName>Costa</lastName>
        <firstName>Jim</firstName>
        <sponsorshipWithdrawnDate />
        <isOriginalCosponsor>True</isOriginalCosponsor>
        <district>16</district>
        <party>D</party>
        <fullName>Rep. Costa, Jim [D-CA-16]</fullName>
        <middleName />
        <state>CA</state>
        <bioguideId>C001059</bioguideId>
        <sponsorshipDate>2017-02-02</sponsorshipDate>
        <identifiers>
          <lisID>1774</lisID>
          <bioguideId>C001059</bioguideId>
          <gpoId>7825</gpoId>
        </identifiers>
      </item>
      <item>
        <lastName>Meehan</lastName>
        <firstName>Patrick</firstName>
        <sponsorshipWithdrawnDate />
        <isOriginalCosponsor>False</isOriginalCosponsor>
        <district>7</district>
        <party>R</party>
        <fullName>Rep. Meehan, Patrick [R-PA-7]</fullName>
        <middleName />
        <state>PA</state>
        <bioguideId>M001181</bioguideId>
        <sponsorshipDate>2017-03-29</sponsorshipDate>
        <identifiers>
          <bioguideId>M001181</bioguideId>
          <gpoId>8125</gpoId>
          <lisID>2052</lisID>
        </identifiers>
      </item>
      <item>
        <lastName>Fitzpatrick</lastName>
        <firstName>Brian</firstName>
        <sponsorshipWithdrawnDate />
        <isOriginalCosponsor>False</isOriginalCosponsor>
        <district>8</district>
        <party>R</party>
        <fullName>Rep. Fitzpatrick, Brian K. [R-PA-8]</fullName>
        <middleName>K.</middleName>
        <state>PA</state>
        <bioguideId>F000466</bioguideId>
        <sponsorshipDate>2017-07-26</sponsorshipDate>
        <identifiers>
          <lisID>2345</lisID>
          <bioguideId>F000466</bioguideId>
          <gpoId />
        </identifiers>
      </item>
    </cosponsors>
    <congress>115</congress>
    <committees>
      <billCommittees>
        <item>
          <systemCode>hsju00</systemCode>
          <chamber>House</chamber>
          <type>Standing</type>
          <activities>
            <item>
              <name>Referred to</name>
              <date>2017-02-02T15:01:05Z</date>
            </item>
          </activities>
          <name>Judiciary Committee</name>
          <subcommittees>
            <item>
              <systemCode>hsju08</systemCode>
              <name>Crime, Terrorism, Homeland Security, and Investigations Subcommittee</name>
              <activities>
                <item>
                  <name>Referred to</name>
                  <date>2017-02-02T14:57:48Z</date>
                </item>
              </activities>
            </item>
          </subcommittees>
        </item>
        <item>
          <systemCode>hsru00</systemCode>
          <chamber>House</chamber>
          <type>Standing</type>
          <activities>
            <item>
              <name>Referred to</name>
              <date>2017-02-02T15:01:00Z</date>
            </item>
          </activities>
          <name>Rules Committee</name>
          <subcommittees />
        </item>
        <item>
          <systemCode>hsbu00</systemCode>
          <chamber>House</chamber>
          <type>Standing</type>
          <activities>
            <item>
              <name>Referred to</name>
              <date>2017-02-02T15:00:50Z</date>
            </item>
          </activities>
          <name>Budget Committee</name>
          <subcommittees />
        </item>
      </billCommittees>
    </committees>
    <constitutionalAuthorityStatementText><![CDATA[<pre>From the Congressional Record Online through the Government Publishing Office [<a href='http://www.gpo.gov'>www.gpo.gov</a>]By Mr. POE of Texas:H.R. 818.Congress has the power to enact this legislation pursuantto the following:Clause 18 of section 8 of article I of the Constitutionwhich states that Congress has the power ``to make all lawswhich shall be necessary and proper for carrying intoExecution the foregoing Powers, and all other Powers vestedby this Constitution in the Government of the United States,or in any Department or Officer thereof.[Page H945]</pre>]]></constitutionalAuthorityStatementText>
    <laws />
    <titles>
      <item>
        <chamberCode />
        <titleType>(Extracted from GPO) Short Titles as Introduced</titleType>
        <parentTitleType />
        <chamberName />
        <title>Crime Victims Fund Preservation Act of 2017</title>
      </item>
      <item>
        <chamberCode />
        <titleType>Short Titles as Introduced</titleType>
        <parentTitleType />
        <chamberName />
        <title>Crime Victims Fund Preservation Act of 2017</title>
      </item>
      <item>
        <chamberCode />
        <titleType>Official Title as Introduced</titleType>
        <parentTitleType />
        <chamberName />
        <title>To safeguard the Crime Victims Fund.</title>
      </item>
      <item>
        <chamberCode />
        <titleType>Display Title</titleType>
        <parentTitleType />
        <chamberName />
        <title>Crime Victims Fund Preservation Act of 2017</title>
      </item>
    </titles>
    <billType>HR</billType>
    <amendments />
    <recordedVotes />
    <actions>
      <actionByCounts>
        <houseOfRepresentatives>7</houseOfRepresentatives>
      </actionByCounts>
      <actionTypeCounts>
        <introducedInTheHouse>1</introducedInTheHouse>
        <placeholderTextForH>1</placeholderTextForH>
        <billReferralsAggregate>1</billReferralsAggregate>
        <billReferrals>3</billReferrals>
        <placeholderTextForB>1</placeholderTextForB>
        <introducedInHouse>1</introducedInHouse>
      </actionTypeCounts>
      <item>
        <text>Referred to House Judiciary</text>
        <links />
        <sourceSystem>
          <code>2</code>
          <name>House floor actions</name>
        </sourceSystem>
        <actionCode>H11100</actionCode>
        <type>IntroReferral</type>
        <committee>
          <name>Judiciary Committee</name>
          <systemCode>hsju00</systemCode>
        </committee>
        <actionDate>2017-02-02</actionDate>
      </item>
      <item>
        <text>Referred to House Rules</text>
        <links />
        <sourceSystem>
          <code>2</code>
          <name>House floor actions</name>
        </sourceSystem>
        <actionCode>H11100</actionCode>
        <type>IntroReferral</type>
        <committee>
          <name>Rules Committee</name>
          <systemCode>hsru00</systemCode>
        </committee>
        <actionDate>2017-02-02</actionDate>
      </item>
      <item>
        <text>Referred to House Budget</text>
        <links />
        <sourceSystem>
          <code>2</code>
          <name>House floor actions</name>
        </sourceSystem>
        <actionCode>H11100</actionCode>
        <type>IntroReferral</type>
        <committee>
          <name>Budget Committee</name>
          <systemCode>hsbu00</systemCode>
        </committee>
        <actionDate>2017-02-02</actionDate>
      </item>
      <item>
        <text>Referred to the Committee on the Budget, and in addition to the Committees on Rules, and the Judiciary, for a period to be subsequently determined by the Speaker, in each case for consideration of such provisions as fall within the jurisdiction of the committee concerned.</text>
        <links />
        <sourceSystem>
          <code>9</code>
          <name>Library of Congress</name>
        </sourceSystem>
        <actionCode>H11100-A</actionCode>
        <type>IntroReferral</type>
        <committee />
        <actionDate>2017-02-02</actionDate>
      </item>
      <item>
        <actionDate>2017-02-02</actionDate>
        <committee>
          <name>Crime, Terrorism, Homeland Security, and Investigations Subcommittee</name>
          <systemCode>hsju08</systemCode>
        </committee>
        <links />
        <sourceSystem>
          <code>1</code>
          <name>House committee actions</name>
        </sourceSystem>
        <text>Referred to the Subcommittee on Crime, Terrorism, Homeland Security, and Investigations.</text>
        <type>Committee</type>
      </item>
      <item>
        <text>Sponsor introductory remarks on measure. (CR H881-882)</text>
        <links>
          <link>
            <name>H881-882</name>
            <url>https://www.congress.gov/congressional-record/volume-163/house-section/page/H881-882</url>
          </link>
        </links>
        <sourceSystem>
          <code>9</code>
          <name>Library of Congress</name>
        </sourceSystem>
        <actionCode>B00100</actionCode>
        <type>IntroReferral</type>
        <committee />
        <actionDate>2017-02-02</actionDate>
      </item>
      <item>
        <text>Introduced in House</text>
        <links />
        <sourceSystem>
          <code>9</code>
          <name>Library of Congress</name>
        </sourceSystem>
        <actionCode>Intro-H</actionCode>
        <type>IntroReferral</type>
        <committee />
        <actionDate>2017-02-02</actionDate>
      </item>
      <item>
        <text>Introduced in House</text>
        <links />
        <sourceSystem>
          <code>9</code>
          <name>Library of Congress</name>
        </sourceSystem>
        <actionCode>1000</actionCode>
        <type>IntroReferral</type>
        <committee />
        <actionDate>2017-02-02</actionDate>
      </item>
    </actions>
    <introducedDate>2017-02-02</introducedDate>
    <relatedBills />
    <committeeReports />
    <calendarNumbers />
    <billNumber>818</billNumber>
    <summaries>
      <billSummaries>
        <item>
          <versionCode>00</versionCode>
          <updateDate>2017-02-02T05:00:00Z</updateDate>
          <actionDesc>Introduced in House</actionDesc>
          <lastSummaryUpdateDate>2017-04-27T18:02:53Z</lastSummaryUpdateDate>
          <actionDate>2017-02-02</actionDate>
          <name>Introduced in House</name>
          <text><![CDATA[<p><b>Crime Victims Fund Preservation Act of 2017 </b></p> <p>This bill prohibits the receipts and disbursements of the Crime Victims Fund from being counted as new budget authority, outlays, receipts, or deficit or surplus for purposes of: (1) the budget of the U.S. government, as submitted by the President; or (2) the congressional budget. </p> <p>The bill also establishes a point of order against considering legislation in the House or the Senate that authorizes the use of, or appropriates, amounts in the Crime Victims Fund for any purpose other than a purpose authorized by the Victims of Crime Act of 1984. In the Senate, the point of order may be waived or suspended only by the affirmative vote of three-fifths of the Members, duly chosen and sworn (currently 60 votes). </p>]]></text>
        </item>
      </billSummaries>
    </summaries>
    <cboCostEstimates />
    <updateDate>2018-02-06T16:41:12Z</updateDate>
    <policyArea>
      <name>Crime and Law Enforcement</name>
    </policyArea>
    <latestAction>
      <text>Referred to House Judiciary</text>
      <actionDate>2017-02-02</actionDate>
      <links />
    </latestAction>
    <version>1.0.0</version>
    <subjects>
      <billSubjects>
        <legislativeSubjects>
          <item>
            <name>Budget process</name>
          </item>
          <item>
            <name>Crime victims</name>
          </item>
          <item>
            <name>Government trust funds</name>
          </item>
          <item>
            <name>Legislative rules and procedure</name>
          </item>
        </legislativeSubjects>
        <policyArea>
          <name>Crime and Law Enforcement</name>
        </policyArea>
      </billSubjects>
    </subjects>
    <title>Crime Victims Fund Preservation Act of 2017</title>
    <originChamber>House</originChamber>
    <sponsors>
      <item>
        <byRequestType />
        <district>2</district>
        <party>R</party>
        <fullName>Rep. Poe, Ted [R-TX-2]</fullName>
        <lastName>Poe</lastName>
        <state>TX</state>
        <bioguideId>P000592</bioguideId>
        <middleName />
        <firstName>Ted</firstName>
        <identifiers>
          <gpoId>8158</gpoId>
          <lisID>1802</lisID>
          <bioguideId>P000592</bioguideId>
        </identifiers>
      </item>
    </sponsors>
    <notes />
    <createDate>2017-02-03T05:17:29Z</createDate>
  </bill>
  <dublinCore xmlns:dc="http://purl.org/dc/elements/1.1/">
    <dc:format>text/xml</dc:format>
    <dc:language>EN</dc:language>
    <dc:rights>Pursuant to Title 17 Section 105 of the United States Code, this file is not subject to copyright protection and is in the public domain.</dc:rights>
    <dc:contributor>Congressional Research Service, Library of Congress</dc:contributor>
    <dc:description>This file contains bill summaries and statuses for federal legislation. A bill summary describes the most significant provisions of a piece of legislation and details the effects the legislative text may have on current law and federal programs. Bill summaries are authored by the Congressional Research Service (CRS) of the Library of Congress. As stated in Public Law 91-510 (2 USC 166 (d)(6)), one of the duties of CRS is "to prepare summaries and digests of bills and resolutions of a public general nature introduced in the Senate or House of Representatives". For more information, refer to the User Guide that accompanies this file.</dc:description>
  </dublinCore>
</billStatus>

