<?xml version="1.0" encoding="UTF-8"?>
<billStatus>
  <bill>
    <introducedDate>2017-02-01</introducedDate>
    <congress>115</congress>
    <latestAction>
      <actionDate>2017-02-01</actionDate>
      <links />
      <text>Referred to House Intelligence (Permanent)</text>
    </latestAction>
    <originChamber>House</originChamber>
    <billNumber>793</billNumber>
    <sponsors>
      <item>
        <state>WA</state>
        <identifiers>
          <lisID>1675</lisID>
          <bioguideId>L000560</bioguideId>
          <gpoId>8206</gpoId>
        </identifiers>
        <bioguideId>L000560</bioguideId>
        <lastName>LARSEN</lastName>
        <fullName>Rep. Larsen, Rick [D-WA-2]</fullName>
        <district>2</district>
        <firstName>RICK</firstName>
        <byRequestType />
        <middleName />
        <party>D</party>
      </item>
    </sponsors>
    <committeeReports />
    <relatedBills />
    <titles>
      <item>
        <chamberCode />
        <chamberName />
        <parentTitleType />
        <titleType>(Extracted from GPO) Short Titles as Introduced</titleType>
        <title>Ensuring Sound Military and Intelligence Advice Act of 2017</title>
      </item>
      <item>
        <chamberCode />
        <chamberName />
        <parentTitleType />
        <titleType>Short Titles as Introduced</titleType>
        <title>Ensuring Sound Military and Intelligence Advice Act of 2017</title>
      </item>
      <item>
        <chamberCode />
        <chamberName />
        <parentTitleType />
        <titleType>Official Title as Introduced</titleType>
        <title>To amend the National Security Act of 1947 to provide for additional requirements relating to the regular attendees of meetings of the National Security Council and bodies thereof.</title>
      </item>
      <item>
        <chamberCode />
        <chamberName />
        <parentTitleType />
        <titleType>Display Title</titleType>
        <title>Ensuring Sound Military and Intelligence Advice Act of 2017</title>
      </item>
    </titles>
    <constitutionalAuthorityStatementText><![CDATA[<pre>From the Congressional Record Online through the Government Publishing Office [<a href='http://www.gpo.gov'>www.gpo.gov</a>]By Mr. LARSEN of Washington:H.R. 793.Congress has the power to enact this legislation pursuantto the following:As described in Article I, Section 1, ``all legislativepowers herein granted shall be vested in a Congress of theUnited States, which shall consist of a Senate and House ofRepresentatives.''[Page H878]</pre>]]></constitutionalAuthorityStatementText>
    <billType>HR</billType>
    <summaries>
      <billSummaries>
        <item>
          <versionCode>00</versionCode>
          <actionDate>2017-02-01</actionDate>
          <updateDate>2017-02-01T05:00:00Z</updateDate>
          <text><![CDATA[<p><b>Ensuring Sound Military and Intelligence Advice Act of 2017</b></p> <p>This bill amends the National Security Act of 1947 to require the President to designate the Director of National Intelligence and the Chairman of the Joint Chiefs of Staff as regular attendees of the meetings of the National Security Council (NSC), or of any body of the NSC (including the Principals Committee), if any individual whose responsibilities are primarily political is designated as a regular attendee of such meetings.</p>]]></text>
          <actionDesc>Introduced in House</actionDesc>
          <name>Introduced in House</name>
          <lastSummaryUpdateDate>2017-02-22T19:42:16Z</lastSummaryUpdateDate>
        </item>
      </billSummaries>
    </summaries>
    <subjects>
      <billSubjects>
        <legislativeSubjects>
          <item>
            <name>Director of National Intelligence</name>
          </item>
          <item>
            <name>Executive Office of the President</name>
          </item>
          <item>
            <name>Federal officials</name>
          </item>
          <item>
            <name>Government ethics and transparency, public corruption</name>
          </item>
          <item>
            <name>Intelligence activities, surveillance, classified information</name>
          </item>
          <item>
            <name>Military command and structure</name>
          </item>
          <item>
            <name>Presidents and presidential powers, Vice Presidents</name>
          </item>
        </legislativeSubjects>
        <policyArea>
          <name>Armed Forces and National Security</name>
        </policyArea>
      </billSubjects>
    </subjects>
    <laws />
    <policyArea>
      <name>Armed Forces and National Security</name>
    </policyArea>
    <committees>
      <billCommittees>
        <item>
          <chamber>House</chamber>
          <subcommittees />
          <systemCode>hlig00</systemCode>
          <name>Intelligence (Permanent Select) Committee</name>
          <activities>
            <item>
              <name>Referred to</name>
              <date>2017-02-01T15:05:05Z</date>
            </item>
          </activities>
          <type>Select</type>
        </item>
        <item>
          <chamber>House</chamber>
          <subcommittees />
          <systemCode>hsfa00</systemCode>
          <name>Foreign Affairs Committee</name>
          <activities>
            <item>
              <name>Referred to</name>
              <date>2017-02-01T15:05:00Z</date>
            </item>
          </activities>
          <type>Standing</type>
        </item>
        <item>
          <chamber>House</chamber>
          <subcommittees />
          <systemCode>hsas00</systemCode>
          <name>Armed Services Committee</name>
          <activities>
            <item>
              <name>Referred to</name>
              <date>2017-02-01T15:04:50Z</date>
            </item>
          </activities>
          <type>Standing</type>
        </item>
      </billCommittees>
    </committees>
    <version>1.0.0</version>
    <recordedVotes />
    <updateDate>2018-02-06T16:41:11Z</updateDate>
    <title>Ensuring Sound Military and Intelligence Advice Act of 2017</title>
    <createDate>2017-02-02T05:28:45Z</createDate>
    <cboCostEstimates />
    <actions>
      <actionByCounts>
        <houseOfRepresentatives>6</houseOfRepresentatives>
      </actionByCounts>
      <actionTypeCounts>
        <introducedInTheHouse>1</introducedInTheHouse>
        <billReferrals>3</billReferrals>
        <introducedInHouse>1</introducedInHouse>
        <billReferralsAggregate>1</billReferralsAggregate>
      </actionTypeCounts>
      <item>
        <sourceSystem>
          <name>House floor actions</name>
          <code>2</code>
        </sourceSystem>
        <actionDate>2017-02-01</actionDate>
        <text>Referred to House Intelligence (Permanent)</text>
        <type>IntroReferral</type>
        <links />
        <committee>
          <systemCode>hlig00</systemCode>
          <name>Intelligence (Permanent Select) Committee</name>
        </committee>
        <actionCode>H11100</actionCode>
      </item>
      <item>
        <sourceSystem>
          <name>House floor actions</name>
          <code>2</code>
        </sourceSystem>
        <actionDate>2017-02-01</actionDate>
        <text>Referred to House Foreign Affairs</text>
        <type>IntroReferral</type>
        <links />
        <committee>
          <systemCode>hsfa00</systemCode>
          <name>Foreign Affairs Committee</name>
        </committee>
        <actionCode>H11100</actionCode>
      </item>
      <item>
        <sourceSystem>
          <name>House floor actions</name>
          <code>2</code>
        </sourceSystem>
        <actionDate>2017-02-01</actionDate>
        <text>Referred to House Armed Services</text>
        <type>IntroReferral</type>
        <links />
        <committee>
          <systemCode>hsas00</systemCode>
          <name>Armed Services Committee</name>
        </committee>
        <actionCode>H11100</actionCode>
      </item>
      <item>
        <sourceSystem>
          <name>Library of Congress</name>
          <code>9</code>
        </sourceSystem>
        <actionDate>2017-02-01</actionDate>
        <text>Referred to the Committee on Armed Services, and in addition to the Committees on Foreign Affairs, and Intelligence (Permanent Select), for a period to be subsequently determined by the Speaker, in each case for consideration of such provisions as fall within the jurisdiction of the committee concerned.</text>
        <type>IntroReferral</type>
        <links />
        <committee />
        <actionCode>H11100-A</actionCode>
      </item>
      <item>
        <sourceSystem>
          <name>Library of Congress</name>
          <code>9</code>
        </sourceSystem>
        <actionDate>2017-02-01</actionDate>
        <text>Introduced in House</text>
        <type>IntroReferral</type>
        <links />
        <committee />
        <actionCode>Intro-H</actionCode>
      </item>
      <item>
        <sourceSystem>
          <name>Library of Congress</name>
          <code>9</code>
        </sourceSystem>
        <actionDate>2017-02-01</actionDate>
        <text>Introduced in House</text>
        <type>IntroReferral</type>
        <links />
        <committee />
        <actionCode>1000</actionCode>
      </item>
    </actions>
    <amendments />
    <notes />
    <calendarNumbers />
    <cosponsors>
      <item>
        <isOriginalCosponsor>True</isOriginalCosponsor>
        <firstName>Pete</firstName>
        <party>D</party>
        <sponsorshipDate>2017-02-01</sponsorshipDate>
        <lastName>Aguilar</lastName>
        <bioguideId>A000371</bioguideId>
        <middleName />
        <identifiers>
          <gpoId />
          <bioguideId>A000371</bioguideId>
          <lisID>2229</lisID>
        </identifiers>
        <fullName>Rep. Aguilar, Pete [D-CA-31]</fullName>
        <state>CA</state>
        <district>31</district>
        <sponsorshipWithdrawnDate />
      </item>
      <item>
        <isOriginalCosponsor>True</isOriginalCosponsor>
        <firstName>Salud</firstName>
        <party>D</party>
        <sponsorshipDate>2017-02-01</sponsorshipDate>
        <lastName>Carbajal</lastName>
        <bioguideId>C001112</bioguideId>
        <middleName>O.</middleName>
        <identifiers>
          <lisID>2310</lisID>
          <bioguideId>C001112</bioguideId>
          <gpoId />
        </identifiers>
        <fullName>Rep. Carbajal, Salud O. [D-CA-24]</fullName>
        <state>CA</state>
        <district>24</district>
        <sponsorshipWithdrawnDate />
      </item>
      <item>
        <isOriginalCosponsor>True</isOriginalCosponsor>
        <firstName>Gerald</firstName>
        <party>D</party>
        <sponsorshipDate>2017-02-01</sponsorshipDate>
        <lastName>Connolly</lastName>
        <bioguideId>C001078</bioguideId>
        <middleName>E.</middleName>
        <identifiers>
          <bioguideId>C001078</bioguideId>
          <gpoId>8202</gpoId>
          <lisID>1959</lisID>
        </identifiers>
        <fullName>Rep. Connolly, Gerald E. [D-VA-11]</fullName>
        <state>VA</state>
        <district>11</district>
        <sponsorshipWithdrawnDate />
      </item>
      <item>
        <isOriginalCosponsor>True</isOriginalCosponsor>
        <firstName>JAMES</firstName>
        <party>D</party>
        <sponsorshipDate>2017-02-01</sponsorshipDate>
        <lastName>COOPER</lastName>
        <bioguideId>C000754</bioguideId>
        <middleName>H.</middleName>
        <identifiers>
          <bioguideId>C000754</bioguideId>
          <lisID>231</lisID>
          <gpoId>8152</gpoId>
        </identifiers>
        <fullName>Rep. Cooper, Jim [D-TN-5]</fullName>
        <state>TN</state>
        <district>5</district>
        <sponsorshipWithdrawnDate />
      </item>
      <item>
        <isOriginalCosponsor>True</isOriginalCosponsor>
        <firstName>Joe</firstName>
        <party>D</party>
        <sponsorshipDate>2017-02-01</sponsorshipDate>
        <lastName>Courtney</lastName>
        <bioguideId>C001069</bioguideId>
        <middleName />
        <identifiers>
          <lisID>1836</lisID>
          <gpoId>7867</gpoId>
          <bioguideId>C001069</bioguideId>
        </identifiers>
        <fullName>Rep. Courtney, Joe [D-CT-2]</fullName>
        <state>CT</state>
        <district>2</district>
        <sponsorshipWithdrawnDate />
      </item>
      <item>
        <isOriginalCosponsor>True</isOriginalCosponsor>
        <firstName>Suzan</firstName>
        <party>D</party>
        <sponsorshipDate>2017-02-01</sponsorshipDate>
        <lastName>DelBene</lastName>
        <bioguideId>D000617</bioguideId>
        <middleName>K.</middleName>
        <identifiers>
          <lisID>2096</lisID>
          <bioguideId>D000617</bioguideId>
          <gpoId>8374</gpoId>
        </identifiers>
        <fullName>Rep. DelBene, Suzan K. [D-WA-1]</fullName>
        <state>WA</state>
        <district>1</district>
        <sponsorshipWithdrawnDate />
      </item>
      <item>
        <isOriginalCosponsor>True</isOriginalCosponsor>
        <firstName>John</firstName>
        <party>D</party>
        <sponsorshipDate>2017-02-01</sponsorshipDate>
        <lastName>Garamendi</lastName>
        <bioguideId>G000559</bioguideId>
        <middleName />
        <identifiers>
          <bioguideId>G000559</bioguideId>
          <lisID>1973</lisID>
          <gpoId>7815</gpoId>
        </identifiers>
        <fullName>Rep. Garamendi, John [D-CA-3]</fullName>
        <state>CA</state>
        <district>3</district>
        <sponsorshipWithdrawnDate />
      </item>
      <item>
        <isOriginalCosponsor>True</isOriginalCosponsor>
        <firstName>Denny</firstName>
        <party>D</party>
        <sponsorshipDate>2017-02-01</sponsorshipDate>
        <lastName>Heck</lastName>
        <bioguideId>H001064</bioguideId>
        <middleName />
        <identifiers>
          <lisID>2170</lisID>
          <bioguideId>H001064</bioguideId>
          <gpoId />
        </identifiers>
        <fullName>Rep. Heck, Denny [D-WA-10]</fullName>
        <state>WA</state>
        <district>10</district>
        <sponsorshipWithdrawnDate />
      </item>
      <item>
        <isOriginalCosponsor>True</isOriginalCosponsor>
        <firstName>Derek</firstName>
        <party>D</party>
        <sponsorshipDate>2017-02-01</sponsorshipDate>
        <lastName>Kilmer</lastName>
        <bioguideId>K000381</bioguideId>
        <middleName />
        <identifiers>
          <gpoId />
          <lisID>2169</lisID>
          <bioguideId>K000381</bioguideId>
        </identifiers>
        <fullName>Rep. Kilmer, Derek [D-WA-6]</fullName>
        <state>WA</state>
        <district>6</district>
        <sponsorshipWithdrawnDate />
      </item>
      <item>
        <isOriginalCosponsor>True</isOriginalCosponsor>
        <firstName>Tom</firstName>
        <party>D</party>
        <sponsorshipDate>2017-02-01</sponsorshipDate>
        <lastName>O'Halleran</lastName>
        <bioguideId>O000171</bioguideId>
        <middleName />
        <identifiers>
          <bioguideId>O000171</bioguideId>
          <lisID>2306</lisID>
          <gpoId />
        </identifiers>
        <fullName>Rep. O'Halleran, Tom [D-AZ-1]</fullName>
        <state>AZ</state>
        <district>1</district>
        <sponsorshipWithdrawnDate />
      </item>
      <item>
        <isOriginalCosponsor>True</isOriginalCosponsor>
        <firstName>Ed</firstName>
        <party>D</party>
        <sponsorshipDate>2017-02-01</sponsorshipDate>
        <lastName>Perlmutter</lastName>
        <bioguideId>P000593</bioguideId>
        <middleName />
        <identifiers>
          <gpoId>7865</gpoId>
          <lisID>1835</lisID>
          <bioguideId>P000593</bioguideId>
        </identifiers>
        <fullName>Rep. Perlmutter, Ed [D-CO-7]</fullName>
        <state>CO</state>
        <district>7</district>
        <sponsorshipWithdrawnDate />
      </item>
      <item>
        <isOriginalCosponsor>True</isOriginalCosponsor>
        <firstName>Timothy</firstName>
        <party>D</party>
        <sponsorshipDate>2017-02-01</sponsorshipDate>
        <lastName>Walz</lastName>
        <bioguideId>W000799</bioguideId>
        <middleName>J.</middleName>
        <identifiers>
          <bioguideId>W000799</bioguideId>
          <lisID>1856</lisID>
          <gpoId>8001</gpoId>
        </identifiers>
        <fullName>Rep. Walz, Timothy J. [D-MN-1]</fullName>
        <state>MN</state>
        <district>1</district>
        <sponsorshipWithdrawnDate />
      </item>
      <item>
        <isOriginalCosponsor>True</isOriginalCosponsor>
        <firstName>JAMES</firstName>
        <party>D</party>
        <sponsorshipDate>2017-02-01</sponsorshipDate>
        <lastName>MCGOVERN</lastName>
        <bioguideId>M000312</bioguideId>
        <middleName>P.</middleName>
        <identifiers>
          <lisID>1504</lisID>
          <bioguideId>M000312</bioguideId>
          <gpoId>7968</gpoId>
        </identifiers>
        <fullName>Rep. McGovern, James P. [D-MA-2]</fullName>
        <state>MA</state>
        <district>2</district>
        <sponsorshipWithdrawnDate />
      </item>
      <item>
        <isOriginalCosponsor>False</isOriginalCosponsor>
        <firstName>Pramila</firstName>
        <party>D</party>
        <sponsorshipDate>2017-02-03</sponsorshipDate>
        <lastName>Jayapal</lastName>
        <bioguideId>J000298</bioguideId>
        <middleName />
        <identifiers>
          <gpoId />
          <lisID>2354</lisID>
          <bioguideId>J000298</bioguideId>
        </identifiers>
        <fullName>Rep. Jayapal, Pramila [D-WA-7]</fullName>
        <state>WA</state>
        <district>7</district>
        <sponsorshipWithdrawnDate />
      </item>
      <item>
        <isOriginalCosponsor>False</isOriginalCosponsor>
        <firstName>Michelle</firstName>
        <party>D</party>
        <sponsorshipDate>2017-02-03</sponsorshipDate>
        <lastName>Lujan Grisham</lastName>
        <bioguideId>L000580</bioguideId>
        <middleName />
        <identifiers>
          <lisID>2146</lisID>
          <bioguideId>L000580</bioguideId>
          <gpoId />
        </identifiers>
        <fullName>Rep. Lujan Grisham, Michelle [D-NM-1]</fullName>
        <state>NM</state>
        <district>1</district>
        <sponsorshipWithdrawnDate />
      </item>
      <item>
        <isOriginalCosponsor>False</isOriginalCosponsor>
        <firstName>Colleen</firstName>
        <party>D</party>
        <sponsorshipDate>2017-02-03</sponsorshipDate>
        <lastName>Hanabusa</lastName>
        <bioguideId>H001050</bioguideId>
        <middleName />
        <identifiers>
          <gpoId>7912</gpoId>
          <bioguideId>H001050</bioguideId>
          <lisID>2010</lisID>
        </identifiers>
        <fullName>Rep. Hanabusa, Colleen [D-HI-1]</fullName>
        <state>HI</state>
        <district>1</district>
        <sponsorshipWithdrawnDate />
      </item>
      <item>
        <isOriginalCosponsor>False</isOriginalCosponsor>
        <firstName>Ruben</firstName>
        <party>D</party>
        <sponsorshipDate>2017-02-06</sponsorshipDate>
        <lastName>Gallego</lastName>
        <bioguideId>G000574</bioguideId>
        <middleName />
        <identifiers>
          <lisID>2226</lisID>
          <bioguideId>G000574</bioguideId>
          <gpoId />
        </identifiers>
        <fullName>Rep. Gallego, Ruben [D-AZ-7]</fullName>
        <state>AZ</state>
        <district>7</district>
        <sponsorshipWithdrawnDate />
      </item>
      <item>
        <isOriginalCosponsor>False</isOriginalCosponsor>
        <firstName>Cheri</firstName>
        <party>D</party>
        <sponsorshipDate>2017-02-06</sponsorshipDate>
        <lastName>Bustos</lastName>
        <bioguideId>B001286</bioguideId>
        <middleName />
        <identifiers>
          <bioguideId>B001286</bioguideId>
          <lisID>2127</lisID>
          <gpoId />
        </identifiers>
        <fullName>Rep. Bustos, Cheri [D-IL-17]</fullName>
        <state>IL</state>
        <district>17</district>
        <sponsorshipWithdrawnDate />
      </item>
      <item>
        <isOriginalCosponsor>False</isOriginalCosponsor>
        <firstName>SUSAN</firstName>
        <party>D</party>
        <sponsorshipDate>2017-02-15</sponsorshipDate>
        <lastName>DAVIS</lastName>
        <bioguideId>D000598</bioguideId>
        <middleName>A.</middleName>
        <identifiers>
          <bioguideId>D000598</bioguideId>
          <lisID>1641</lisID>
          <gpoId>7858</gpoId>
        </identifiers>
        <fullName>Rep. Davis, Susan A. [D-CA-53]</fullName>
        <state>CA</state>
        <district>53</district>
        <sponsorshipWithdrawnDate />
      </item>
      <item>
        <isOriginalCosponsor>False</isOriginalCosponsor>
        <firstName>Bradley</firstName>
        <party>D</party>
        <sponsorshipDate>2017-02-15</sponsorshipDate>
        <lastName>Schneider</lastName>
        <bioguideId>S001190</bioguideId>
        <middleName>Scott</middleName>
        <identifiers>
          <lisID>2124</lisID>
          <bioguideId>S001190</bioguideId>
          <gpoId />
        </identifiers>
        <fullName>Rep. Schneider, Bradley Scott [D-IL-10]</fullName>
        <state>IL</state>
        <district>10</district>
        <sponsorshipWithdrawnDate />
      </item>
      <item>
        <isOriginalCosponsor>False</isOriginalCosponsor>
        <firstName>Donald</firstName>
        <party>D</party>
        <sponsorshipDate>2017-02-15</sponsorshipDate>
        <lastName>Beyer</lastName>
        <bioguideId>B001292</bioguideId>
        <middleName>S.</middleName>
        <identifiers>
          <lisID>2272</lisID>
          <gpoId />
          <bioguideId>B001292</bioguideId>
        </identifiers>
        <fullName>Rep. Beyer, Donald S., Jr. [D-VA-8]</fullName>
        <state>VA</state>
        <district>8</district>
        <sponsorshipWithdrawnDate />
      </item>
      <item>
        <isOriginalCosponsor>False</isOriginalCosponsor>
        <firstName>John</firstName>
        <party>D</party>
        <sponsorshipDate>2017-02-27</sponsorshipDate>
        <lastName>Delaney</lastName>
        <bioguideId>D000620</bioguideId>
        <middleName>K.</middleName>
        <identifiers>
          <bioguideId>D000620</bioguideId>
          <lisID>2133</lisID>
          <gpoId />
        </identifiers>
        <fullName>Rep. Delaney, John K. [D-MD-6]</fullName>
        <state>MD</state>
        <district>6</district>
        <sponsorshipWithdrawnDate />
      </item>
    </cosponsors>
  </bill>
  <dublinCore xmlns:dc="http://purl.org/dc/elements/1.1/">
    <dc:format>text/xml</dc:format>
    <dc:language>EN</dc:language>
    <dc:rights>Pursuant to Title 17 Section 105 of the United States Code, this file is not subject to copyright protection and is in the public domain.</dc:rights>
    <dc:contributor>Congressional Research Service, Library of Congress</dc:contributor>
    <dc:description>This file contains bill summaries and statuses for federal legislation. A bill summary describes the most significant provisions of a piece of legislation and details the effects the legislative text may have on current law and federal programs. Bill summaries are authored by the Congressional Research Service (CRS) of the Library of Congress. As stated in Public Law 91-510 (2 USC 166 (d)(6)), one of the duties of CRS is "to prepare summaries and digests of bills and resolutions of a public general nature introduced in the Senate or House of Representatives". For more information, refer to the User Guide that accompanies this file.</dc:description>
  </dublinCore>
</billStatus>

