<?xml version="1.0" encoding="UTF-8"?>
<billStatus>
  <bill>
    <titles>
      <item>
        <chamberCode />
        <titleType>(Extracted from GPO) Short Titles as Introduced</titleType>
        <parentTitleType />
        <chamberName />
        <title>Health Care Choice Act of 2017</title>
      </item>
      <item>
        <chamberCode />
        <titleType>Short Titles as Introduced</titleType>
        <parentTitleType />
        <chamberName />
        <title>Health Care Choice Act of 2017</title>
      </item>
      <item>
        <chamberCode />
        <titleType>Official Title as Introduced</titleType>
        <parentTitleType />
        <chamberName />
        <title>To repeal title I of the Patient Protection and Affordable Care Act and to amend the Public Health Service Act to provide for cooperative governing of individual health insurance coverage offered in interstate commerce.</title>
      </item>
      <item>
        <chamberCode />
        <titleType>Display Title</titleType>
        <parentTitleType />
        <chamberName />
        <title>Health Care Choice Act of 2017</title>
      </item>
    </titles>
    <committeeReports />
    <sponsors>
      <item>
        <firstName>Marsha</firstName>
        <middleName />
        <identifiers>
          <lisID>1748</lisID>
          <bioguideId>B001243</bioguideId>
          <gpoId>8154</gpoId>
        </identifiers>
        <party>R</party>
        <bioguideId>B001243</bioguideId>
        <lastName>Blackburn</lastName>
        <fullName>Rep. Blackburn, Marsha [R-TN-7]</fullName>
        <byRequestType />
        <district>7</district>
        <state>TN</state>
      </item>
    </sponsors>
    <title>Health Care Choice Act of 2017</title>
    <actions>
      <actionByCounts>
        <houseOfRepresentatives>8</houseOfRepresentatives>
      </actionByCounts>
      <actionTypeCounts>
        <introducedInTheHouse>1</introducedInTheHouse>
        <billReferrals>3</billReferrals>
        <placeholderTextForH>2</placeholderTextForH>
        <introducedInHouse>1</introducedInHouse>
        <billReferralsAggregate>1</billReferralsAggregate>
      </actionTypeCounts>
      <item>
        <actionDate>2017-01-25</actionDate>
        <committee>
          <systemCode>hsif14</systemCode>
          <name>Health Subcommittee</name>
        </committee>
        <links />
        <sourceSystem>
          <name>House committee actions</name>
          <code>1</code>
        </sourceSystem>
        <text>Referred to the Subcommittee on Health.</text>
        <type>Committee</type>
      </item>
      <item>
        <actionDate>2017-01-23</actionDate>
        <committee>
          <systemCode>hswm02</systemCode>
          <name>Health Subcommittee</name>
        </committee>
        <links />
        <sourceSystem>
          <name>House committee actions</name>
          <code>1</code>
        </sourceSystem>
        <text>Referred to the Subcommittee on Health.</text>
        <type>Committee</type>
      </item>
      <item>
        <actionDate>2017-01-05</actionDate>
        <text>Referred to House Education and the Workforce</text>
        <sourceSystem>
          <name>House floor actions</name>
          <code>2</code>
        </sourceSystem>
        <committee>
          <systemCode>hsed00</systemCode>
          <name>Education and the Workforce Committee</name>
        </committee>
        <links />
        <actionCode>H11100</actionCode>
        <type>IntroReferral</type>
      </item>
      <item>
        <actionDate>2017-01-05</actionDate>
        <text>Referred to House Ways and Means</text>
        <sourceSystem>
          <name>House floor actions</name>
          <code>2</code>
        </sourceSystem>
        <committee>
          <systemCode>hswm00</systemCode>
          <name>Ways and Means Committee</name>
        </committee>
        <links />
        <actionCode>H11100</actionCode>
        <type>IntroReferral</type>
      </item>
      <item>
        <actionDate>2017-01-05</actionDate>
        <text>Referred to House Energy and Commerce</text>
        <sourceSystem>
          <name>House floor actions</name>
          <code>2</code>
        </sourceSystem>
        <committee>
          <systemCode>hsif00</systemCode>
          <name>Energy and Commerce Committee</name>
        </committee>
        <links />
        <actionCode>H11100</actionCode>
        <type>IntroReferral</type>
      </item>
      <item>
        <actionDate>2017-01-05</actionDate>
        <text>Referred to the Committee on Energy and Commerce, and in addition to the Committees on Ways and Means, and Education and the Workforce, for a period to be subsequently determined by the Speaker, in each case for consideration of such provisions as fall within the jurisdiction of the committee concerned.</text>
        <sourceSystem>
          <name>Library of Congress</name>
          <code>9</code>
        </sourceSystem>
        <committee />
        <links />
        <actionCode>H11100-A</actionCode>
        <type>IntroReferral</type>
      </item>
      <item>
        <actionDate>2017-01-05</actionDate>
        <text>Introduced in House</text>
        <sourceSystem>
          <name>Library of Congress</name>
          <code>9</code>
        </sourceSystem>
        <committee />
        <links />
        <actionCode>Intro-H</actionCode>
        <type>IntroReferral</type>
      </item>
      <item>
        <actionDate>2017-01-05</actionDate>
        <text>Introduced in House</text>
        <sourceSystem>
          <name>Library of Congress</name>
          <code>9</code>
        </sourceSystem>
        <committee />
        <links />
        <actionCode>1000</actionCode>
        <type>IntroReferral</type>
      </item>
    </actions>
    <summaries>
      <billSummaries>
        <item>
          <lastSummaryUpdateDate>2017-01-27T14:56:48Z</lastSummaryUpdateDate>
          <updateDate>2017-01-05T05:00:00Z</updateDate>
          <versionCode>00</versionCode>
          <text><![CDATA[<p><b>Health Care Choice Act of 2017</b></p> <p>This bill repeals the health insurance and health coverage expansion requirements of the Patient Protection and Affordable Care Act and related provisions of the Health Care and Education Reconciliation Act of 2010. Provisions of law amended or repealed by those provisions are restored. </p> <p>This bill amends the Public Health Service Act to provide that the laws of a state designated by a health insurer (primary state) apply to individual health insurance coverage offered by that insurer in any state (secondary state) if the coverage, states, and insurer comply with the conditions of this bill. Insurers are exempted from any secondary state's laws that would prohibit or regulate the operation of the insurer in that state. The primary state is given sole jurisdiction to enforce its covered laws in any secondary state.</p> <p>The Government Accountability Office must study the effect of this bill on specified health insurance issues.</p>]]></text>
          <name>Introduced in House</name>
          <actionDesc>Introduced in House</actionDesc>
          <actionDate>2017-01-05</actionDate>
        </item>
      </billSummaries>
    </summaries>
    <constitutionalAuthorityStatementText><![CDATA[<pre>From the Congressional Record Online through the Government Publishing Office [<a href='http://www.gpo.gov'>www.gpo.gov</a>]By Mrs. BLACKBURN:H.R. 314.Congress has the power to enact this legislation pursuantto the following:Article 1, Section 8, Clause 3[Page H182]</pre>]]></constitutionalAuthorityStatementText>
    <billNumber>314</billNumber>
    <calendarNumbers />
    <originChamber>House</originChamber>
    <version>1.0.0</version>
    <subjects>
      <billSubjects>
        <legislativeSubjects>
          <item>
            <name>Accounting and auditing</name>
          </item>
          <item>
            <name>Comprehensive health care</name>
          </item>
          <item>
            <name>Congressional oversight</name>
          </item>
          <item>
            <name>Government information and archives</name>
          </item>
          <item>
            <name>Health care costs and insurance</name>
          </item>
          <item>
            <name>Health care coverage and access</name>
          </item>
          <item>
            <name>Insurance industry and regulation</name>
          </item>
          <item>
            <name>Intergovernmental relations</name>
          </item>
          <item>
            <name>State and local government operations</name>
          </item>
        </legislativeSubjects>
        <policyArea>
          <name>Health</name>
        </policyArea>
      </billSubjects>
    </subjects>
    <cosponsors>
      <item>
        <isOriginalCosponsor>True</isOriginalCosponsor>
        <fullName>Rep. Hensarling, Jeb [R-TX-5]</fullName>
        <middleName />
        <sponsorshipDate>2017-01-05</sponsorshipDate>
        <bioguideId>H001036</bioguideId>
        <lastName>Hensarling</lastName>
        <party>R</party>
        <district>5</district>
        <firstName>Jeb</firstName>
        <state>TX</state>
        <identifiers>
          <lisID>1749</lisID>
          <gpoId>8161</gpoId>
          <bioguideId>H001036</bioguideId>
        </identifiers>
        <sponsorshipWithdrawnDate />
      </item>
      <item>
        <isOriginalCosponsor>True</isOriginalCosponsor>
        <fullName>Rep. Guthrie, Brett [R-KY-2]</fullName>
        <middleName />
        <sponsorshipDate>2017-01-05</sponsorshipDate>
        <bioguideId>G000558</bioguideId>
        <lastName>Guthrie</lastName>
        <party>R</party>
        <district>2</district>
        <firstName>Brett</firstName>
        <state>KY</state>
        <identifiers>
          <lisID>1922</lisID>
          <bioguideId>G000558</bioguideId>
          <gpoId>7954</gpoId>
        </identifiers>
        <sponsorshipWithdrawnDate />
      </item>
      <item>
        <isOriginalCosponsor>True</isOriginalCosponsor>
        <fullName>Rep. Olson, Pete [R-TX-22]</fullName>
        <middleName />
        <sponsorshipDate>2017-01-05</sponsorshipDate>
        <bioguideId>O000168</bioguideId>
        <lastName>Olson</lastName>
        <party>R</party>
        <district>22</district>
        <firstName>Pete</firstName>
        <state>TX</state>
        <identifiers>
          <gpoId>8178</gpoId>
          <lisID>1955</lisID>
          <bioguideId>O000168</bioguideId>
        </identifiers>
        <sponsorshipWithdrawnDate />
      </item>
      <item>
        <isOriginalCosponsor>True</isOriginalCosponsor>
        <fullName>Rep. Black, Diane [R-TN-6]</fullName>
        <middleName />
        <sponsorshipDate>2017-01-05</sponsorshipDate>
        <bioguideId>B001273</bioguideId>
        <lastName>Black</lastName>
        <party>R</party>
        <district>6</district>
        <firstName>Diane</firstName>
        <state>TN</state>
        <identifiers>
          <gpoId>8153</gpoId>
          <bioguideId>B001273</bioguideId>
          <lisID>2063</lisID>
        </identifiers>
        <sponsorshipWithdrawnDate />
      </item>
      <item>
        <isOriginalCosponsor>True</isOriginalCosponsor>
        <fullName>Rep. Hudson, Richard [R-NC-8]</fullName>
        <middleName />
        <sponsorshipDate>2017-01-05</sponsorshipDate>
        <bioguideId>H001067</bioguideId>
        <lastName>Hudson</lastName>
        <party>R</party>
        <district>8</district>
        <firstName>Richard</firstName>
        <state>NC</state>
        <identifiers>
          <gpoId />
          <bioguideId>H001067</bioguideId>
          <lisID>2140</lisID>
        </identifiers>
        <sponsorshipWithdrawnDate />
      </item>
      <item>
        <isOriginalCosponsor>False</isOriginalCosponsor>
        <fullName>Rep. McClintock, Tom [R-CA-4]</fullName>
        <middleName />
        <sponsorshipDate>2017-01-09</sponsorshipDate>
        <bioguideId>M001177</bioguideId>
        <lastName>McClintock</lastName>
        <party>R</party>
        <district>4</district>
        <firstName>Tom</firstName>
        <state>CA</state>
        <identifiers>
          <lisID>1908</lisID>
          <bioguideId>M001177</bioguideId>
          <gpoId>7809</gpoId>
        </identifiers>
        <sponsorshipWithdrawnDate />
      </item>
      <item>
        <isOriginalCosponsor>False</isOriginalCosponsor>
        <fullName>Rep. Latta, Robert E. [R-OH-5]</fullName>
        <middleName>E.</middleName>
        <sponsorshipDate>2017-03-21</sponsorshipDate>
        <bioguideId>L000566</bioguideId>
        <lastName>Latta</lastName>
        <party>R</party>
        <district>5</district>
        <firstName>Robert</firstName>
        <state>OH</state>
        <identifiers>
          <bioguideId>L000566</bioguideId>
          <lisID>1885</lisID>
          <gpoId>8095</gpoId>
        </identifiers>
        <sponsorshipWithdrawnDate />
      </item>
      <item>
        <isOriginalCosponsor>False</isOriginalCosponsor>
        <fullName>Rep. Huizenga, Bill [R-MI-2]</fullName>
        <middleName />
        <sponsorshipDate>2017-03-21</sponsorshipDate>
        <bioguideId>H001058</bioguideId>
        <lastName>Huizenga</lastName>
        <party>R</party>
        <district>2</district>
        <firstName>Bill</firstName>
        <state>MI</state>
        <identifiers>
          <lisID>2028</lisID>
          <gpoId>7987</gpoId>
          <bioguideId>H001058</bioguideId>
        </identifiers>
        <sponsorshipWithdrawnDate />
      </item>
      <item>
        <isOriginalCosponsor>False</isOriginalCosponsor>
        <fullName>Rep. Williams, Roger [R-TX-25]</fullName>
        <middleName />
        <sponsorshipDate>2017-03-21</sponsorshipDate>
        <bioguideId>W000816</bioguideId>
        <lastName>Williams</lastName>
        <party>R</party>
        <district>25</district>
        <firstName>Roger</firstName>
        <state>TX</state>
        <identifiers>
          <bioguideId>W000816</bioguideId>
          <lisID>2165</lisID>
          <gpoId />
        </identifiers>
        <sponsorshipWithdrawnDate />
      </item>
      <item>
        <isOriginalCosponsor>False</isOriginalCosponsor>
        <fullName>Rep. Wittman, Robert J. [R-VA-1]</fullName>
        <middleName>J.</middleName>
        <sponsorshipDate>2017-03-22</sponsorshipDate>
        <bioguideId>W000804</bioguideId>
        <lastName>Wittman</lastName>
        <party>R</party>
        <district>1</district>
        <firstName>Robert</firstName>
        <state>VA</state>
        <identifiers>
          <lisID>1886</lisID>
          <gpoId>8192</gpoId>
          <bioguideId>W000804</bioguideId>
        </identifiers>
        <sponsorshipWithdrawnDate />
      </item>
      <item>
        <isOriginalCosponsor>False</isOriginalCosponsor>
        <fullName>Rep. Kustoff, David [R-TN-8]</fullName>
        <middleName />
        <sponsorshipDate>2017-03-27</sponsorshipDate>
        <bioguideId>K000392</bioguideId>
        <lastName>Kustoff</lastName>
        <party>R</party>
        <district>8</district>
        <firstName>David</firstName>
        <state>TN</state>
        <identifiers>
          <lisID>2348</lisID>
          <gpoId />
          <bioguideId>K000392</bioguideId>
        </identifiers>
        <sponsorshipWithdrawnDate />
      </item>
      <item>
        <isOriginalCosponsor>False</isOriginalCosponsor>
        <fullName>Rep. Loudermilk, Barry [R-GA-11]</fullName>
        <middleName />
        <sponsorshipDate>2017-03-27</sponsorshipDate>
        <bioguideId>L000583</bioguideId>
        <lastName>Loudermilk</lastName>
        <party>R</party>
        <district>11</district>
        <firstName>Barry</firstName>
        <state>GA</state>
        <identifiers>
          <lisID>2238</lisID>
          <bioguideId>L000583</bioguideId>
          <gpoId />
        </identifiers>
        <sponsorshipWithdrawnDate />
      </item>
      <item>
        <isOriginalCosponsor>False</isOriginalCosponsor>
        <fullName>Rep. Barr, Andy [R-KY-6]</fullName>
        <middleName />
        <sponsorshipDate>2017-03-27</sponsorshipDate>
        <bioguideId>B001282</bioguideId>
        <lastName>Barr</lastName>
        <party>R</party>
        <district>6</district>
        <firstName>Andy</firstName>
        <state>KY</state>
        <identifiers>
          <lisID>2131</lisID>
          <bioguideId>B001282</bioguideId>
          <gpoId />
        </identifiers>
        <sponsorshipWithdrawnDate />
      </item>
      <item>
        <isOriginalCosponsor>False</isOriginalCosponsor>
        <fullName>Rep. Rouzer, David [R-NC-7]</fullName>
        <middleName />
        <sponsorshipDate>2017-03-27</sponsorshipDate>
        <bioguideId>R000603</bioguideId>
        <lastName>Rouzer</lastName>
        <party>R</party>
        <district>7</district>
        <firstName>David</firstName>
        <state>NC</state>
        <identifiers>
          <bioguideId>R000603</bioguideId>
          <lisID>2256</lisID>
          <gpoId />
        </identifiers>
        <sponsorshipWithdrawnDate />
      </item>
      <item>
        <isOriginalCosponsor>False</isOriginalCosponsor>
        <fullName>Rep. Pittenger, Robert [R-NC-9]</fullName>
        <middleName />
        <sponsorshipDate>2017-03-27</sponsorshipDate>
        <bioguideId>P000606</bioguideId>
        <lastName>Pittenger</lastName>
        <party>R</party>
        <district>9</district>
        <firstName>Robert</firstName>
        <state>NC</state>
        <identifiers>
          <bioguideId>P000606</bioguideId>
          <gpoId />
          <lisID>2141</lisID>
        </identifiers>
        <sponsorshipWithdrawnDate />
      </item>
      <item>
        <isOriginalCosponsor>False</isOriginalCosponsor>
        <fullName>Rep. Flores, Bill [R-TX-17]</fullName>
        <middleName />
        <sponsorshipDate>2017-03-27</sponsorshipDate>
        <bioguideId>F000461</bioguideId>
        <lastName>Flores</lastName>
        <party>R</party>
        <district>17</district>
        <firstName>Bill</firstName>
        <state>TX</state>
        <identifiers>
          <lisID>2065</lisID>
          <gpoId>8173</gpoId>
          <bioguideId>F000461</bioguideId>
        </identifiers>
        <sponsorshipWithdrawnDate />
      </item>
      <item>
        <isOriginalCosponsor>False</isOriginalCosponsor>
        <fullName>Rep. Duffy, Sean P. [R-WI-7]</fullName>
        <middleName>P.</middleName>
        <sponsorshipDate>2017-03-27</sponsorshipDate>
        <bioguideId>D000614</bioguideId>
        <lastName>Duffy</lastName>
        <party>R</party>
        <district>7</district>
        <firstName>Sean</firstName>
        <state>WI</state>
        <identifiers>
          <lisID>2072</lisID>
          <bioguideId>D000614</bioguideId>
          <gpoId>8220</gpoId>
        </identifiers>
        <sponsorshipWithdrawnDate />
      </item>
      <item>
        <isOriginalCosponsor>False</isOriginalCosponsor>
        <fullName>Rep. DesJarlais, Scott [R-TN-4]</fullName>
        <middleName />
        <sponsorshipDate>2017-03-27</sponsorshipDate>
        <bioguideId>D000616</bioguideId>
        <lastName>DesJarlais</lastName>
        <party>R</party>
        <district>4</district>
        <firstName>Scott</firstName>
        <state>TN</state>
        <identifiers>
          <lisID>2062</lisID>
          <gpoId>8151</gpoId>
          <bioguideId>D000616</bioguideId>
        </identifiers>
        <sponsorshipWithdrawnDate />
      </item>
      <item>
        <isOriginalCosponsor>False</isOriginalCosponsor>
        <fullName>Rep. Wagner, Ann [R-MO-2]</fullName>
        <middleName />
        <sponsorshipDate>2017-03-27</sponsorshipDate>
        <bioguideId>W000812</bioguideId>
        <lastName>Wagner</lastName>
        <party>R</party>
        <district>2</district>
        <firstName>Ann</firstName>
        <state>MO</state>
        <identifiers>
          <gpoId />
          <bioguideId>W000812</bioguideId>
          <lisID>2137</lisID>
        </identifiers>
        <sponsorshipWithdrawnDate />
      </item>
      <item>
        <isOriginalCosponsor>False</isOriginalCosponsor>
        <fullName>Rep. Duncan, Jeff [R-SC-3]</fullName>
        <middleName />
        <sponsorshipDate>2017-03-27</sponsorshipDate>
        <bioguideId>D000615</bioguideId>
        <lastName>Duncan</lastName>
        <party>R</party>
        <district>3</district>
        <firstName>Jeff</firstName>
        <state>SC</state>
        <identifiers>
          <bioguideId>D000615</bioguideId>
          <lisID>2057</lisID>
          <gpoId>8143</gpoId>
        </identifiers>
        <sponsorshipWithdrawnDate />
      </item>
      <item>
        <isOriginalCosponsor>False</isOriginalCosponsor>
        <fullName>Rep. Barton, Joe [R-TX-6]</fullName>
        <middleName>L.</middleName>
        <sponsorshipDate>2017-03-27</sponsorshipDate>
        <bioguideId>B000213</bioguideId>
        <lastName>BARTON</lastName>
        <party>R</party>
        <district>6</district>
        <firstName>JOE</firstName>
        <state>TX</state>
        <identifiers>
          <bioguideId>B000213</bioguideId>
          <lisID>62</lisID>
          <gpoId>8162</gpoId>
        </identifiers>
        <sponsorshipWithdrawnDate />
      </item>
      <item>
        <isOriginalCosponsor>False</isOriginalCosponsor>
        <fullName>Rep. McCaul, Michael T. [R-TX-10]</fullName>
        <middleName>T.</middleName>
        <sponsorshipDate>2017-03-27</sponsorshipDate>
        <bioguideId>M001157</bioguideId>
        <lastName>McCaul</lastName>
        <party>R</party>
        <district>10</district>
        <firstName>Michael</firstName>
        <state>TX</state>
        <identifiers>
          <lisID>1804</lisID>
          <bioguideId>M001157</bioguideId>
          <gpoId>8166</gpoId>
        </identifiers>
        <sponsorshipWithdrawnDate />
      </item>
      <item>
        <isOriginalCosponsor>False</isOriginalCosponsor>
        <fullName>Rep. Culberson, John Abney [R-TX-7]</fullName>
        <middleName>ABNEY</middleName>
        <sponsorshipDate>2017-03-27</sponsorshipDate>
        <bioguideId>C001048</bioguideId>
        <lastName>CULBERSON</lastName>
        <party>R</party>
        <district>7</district>
        <firstName>JOHN</firstName>
        <state>TX</state>
        <identifiers>
          <bioguideId>C001048</bioguideId>
          <gpoId>8163</gpoId>
          <lisID>1670</lisID>
        </identifiers>
        <sponsorshipWithdrawnDate />
      </item>
      <item>
        <isOriginalCosponsor>False</isOriginalCosponsor>
        <fullName>Rep. Hice, Jody B. [R-GA-10]</fullName>
        <middleName>B.</middleName>
        <sponsorshipDate>2017-03-27</sponsorshipDate>
        <bioguideId>H001071</bioguideId>
        <lastName>Hice</lastName>
        <party>R</party>
        <district>10</district>
        <firstName>Jody</firstName>
        <state>GA</state>
        <identifiers>
          <lisID>2237</lisID>
          <bioguideId>H001071</bioguideId>
          <gpoId />
        </identifiers>
        <sponsorshipWithdrawnDate />
      </item>
      <item>
        <isOriginalCosponsor>False</isOriginalCosponsor>
        <fullName>Rep. Franks, Trent [R-AZ-8]</fullName>
        <middleName />
        <sponsorshipDate>2017-03-27</sponsorshipDate>
        <bioguideId>F000448</bioguideId>
        <lastName>Franks</lastName>
        <party>R</party>
        <district>8</district>
        <firstName>Trent</firstName>
        <state>AZ</state>
        <identifiers>
          <lisID>1707</lisID>
          <bioguideId>F000448</bioguideId>
          <gpoId>7799</gpoId>
        </identifiers>
        <sponsorshipWithdrawnDate />
      </item>
      <item>
        <isOriginalCosponsor>False</isOriginalCosponsor>
        <fullName>Rep. Stivers, Steve [R-OH-15]</fullName>
        <middleName />
        <sponsorshipDate>2017-03-27</sponsorshipDate>
        <bioguideId>S001187</bioguideId>
        <lastName>Stivers</lastName>
        <party>R</party>
        <district>15</district>
        <firstName>Steve</firstName>
        <state>OH</state>
        <identifiers>
          <lisID>2047</lisID>
          <bioguideId>S001187</bioguideId>
          <gpoId>8105</gpoId>
        </identifiers>
        <sponsorshipWithdrawnDate />
      </item>
      <item>
        <isOriginalCosponsor>False</isOriginalCosponsor>
        <fullName>Rep. Roe, David P. [R-TN-1]</fullName>
        <middleName>P.</middleName>
        <sponsorshipDate>2017-03-27</sponsorshipDate>
        <bioguideId>R000582</bioguideId>
        <lastName>Roe</lastName>
        <party>R</party>
        <district>1</district>
        <firstName>David</firstName>
        <state>TN</state>
        <identifiers>
          <bioguideId>R000582</bioguideId>
          <lisID>1954</lisID>
          <gpoId>8148</gpoId>
        </identifiers>
        <sponsorshipWithdrawnDate />
      </item>
      <item>
        <isOriginalCosponsor>False</isOriginalCosponsor>
        <fullName>Rep. Westerman, Bruce [R-AR-4]</fullName>
        <middleName />
        <sponsorshipDate>2017-03-27</sponsorshipDate>
        <bioguideId>W000821</bioguideId>
        <lastName>Westerman</lastName>
        <party>R</party>
        <district>4</district>
        <firstName>Bruce</firstName>
        <state>AR</state>
        <identifiers>
          <gpoId />
          <bioguideId>W000821</bioguideId>
          <lisID>2224</lisID>
        </identifiers>
        <sponsorshipWithdrawnDate />
      </item>
      <item>
        <isOriginalCosponsor>False</isOriginalCosponsor>
        <fullName>Rep. Smith, Lamar [R-TX-21]</fullName>
        <middleName />
        <sponsorshipDate>2017-04-04</sponsorshipDate>
        <bioguideId>S000583</bioguideId>
        <lastName>SMITH</lastName>
        <party>R</party>
        <district>21</district>
        <firstName>LAMAR</firstName>
        <state>TX</state>
        <identifiers>
          <bioguideId>S000583</bioguideId>
          <gpoId>8177</gpoId>
          <lisID>1075</lisID>
        </identifiers>
        <sponsorshipWithdrawnDate />
      </item>
      <item>
        <isOriginalCosponsor>False</isOriginalCosponsor>
        <fullName>Rep. Sensenbrenner, F. James, Jr. [R-WI-5]</fullName>
        <middleName>JAMES</middleName>
        <sponsorshipDate>2017-04-04</sponsorshipDate>
        <bioguideId>S000244</bioguideId>
        <lastName>SENSENBRENNER</lastName>
        <party>R</party>
        <district>5</district>
        <firstName>F.</firstName>
        <state>WI</state>
        <identifiers>
          <bioguideId>S000244</bioguideId>
          <gpoId>8218</gpoId>
          <lisID>1041</lisID>
        </identifiers>
        <sponsorshipWithdrawnDate />
      </item>
      <item>
        <isOriginalCosponsor>False</isOriginalCosponsor>
        <fullName>Rep. Schweikert, David [R-AZ-6]</fullName>
        <middleName />
        <sponsorshipDate>2017-04-04</sponsorshipDate>
        <bioguideId>S001183</bioguideId>
        <lastName>Schweikert</lastName>
        <party>R</party>
        <district>6</district>
        <firstName>David</firstName>
        <state>AZ</state>
        <identifiers>
          <lisID>1994</lisID>
          <bioguideId>S001183</bioguideId>
          <gpoId>7802</gpoId>
        </identifiers>
        <sponsorshipWithdrawnDate />
      </item>
      <item>
        <isOriginalCosponsor>False</isOriginalCosponsor>
        <fullName>Rep. Comstock, Barbara [R-VA-10]</fullName>
        <middleName />
        <sponsorshipDate>2017-04-04</sponsorshipDate>
        <bioguideId>C001105</bioguideId>
        <lastName>Comstock</lastName>
        <party>R</party>
        <district>10</district>
        <firstName>Barbara</firstName>
        <state>VA</state>
        <identifiers>
          <lisID>2273</lisID>
          <gpoId />
          <bioguideId>C001105</bioguideId>
        </identifiers>
        <sponsorshipWithdrawnDate />
      </item>
      <item>
        <isOriginalCosponsor>False</isOriginalCosponsor>
        <fullName>Rep. Poe, Ted [R-TX-2]</fullName>
        <middleName />
        <sponsorshipDate>2017-04-04</sponsorshipDate>
        <bioguideId>P000592</bioguideId>
        <lastName>Poe</lastName>
        <party>R</party>
        <district>2</district>
        <firstName>Ted</firstName>
        <state>TX</state>
        <identifiers>
          <lisID>1802</lisID>
          <gpoId>8158</gpoId>
          <bioguideId>P000592</bioguideId>
        </identifiers>
        <sponsorshipWithdrawnDate />
      </item>
      <item>
        <isOriginalCosponsor>False</isOriginalCosponsor>
        <fullName>Rep. Palazzo, Steven M. [R-MS-4]</fullName>
        <middleName>M.</middleName>
        <sponsorshipDate>2017-04-04</sponsorshipDate>
        <bioguideId>P000601</bioguideId>
        <lastName>Palazzo</lastName>
        <party>R</party>
        <district>4</district>
        <firstName>Steven</firstName>
        <state>MS</state>
        <identifiers>
          <bioguideId>P000601</bioguideId>
          <lisID>2035</lisID>
          <gpoId>8022</gpoId>
        </identifiers>
        <sponsorshipWithdrawnDate />
      </item>
      <item>
        <isOriginalCosponsor>False</isOriginalCosponsor>
        <fullName>Rep. Ross, Dennis A. [R-FL-15]</fullName>
        <middleName>A.</middleName>
        <sponsorshipDate>2017-04-04</sponsorshipDate>
        <bioguideId>R000593</bioguideId>
        <lastName>Ross</lastName>
        <party>R</party>
        <district>15</district>
        <firstName>Dennis</firstName>
        <state>FL</state>
        <identifiers>
          <bioguideId>R000593</bioguideId>
          <lisID>2003</lisID>
          <gpoId>7884</gpoId>
        </identifiers>
        <sponsorshipWithdrawnDate />
      </item>
      <item>
        <isOriginalCosponsor>False</isOriginalCosponsor>
        <fullName>Rep. Wilson, Joe [R-SC-2]</fullName>
        <middleName />
        <sponsorshipDate>2017-04-04</sponsorshipDate>
        <bioguideId>W000795</bioguideId>
        <lastName>Wilson</lastName>
        <party>R</party>
        <district>2</district>
        <firstName>Joe</firstName>
        <state>SC</state>
        <identifiers>
          <lisID>1688</lisID>
          <gpoId>8142</gpoId>
          <bioguideId>W000795</bioguideId>
        </identifiers>
        <sponsorshipWithdrawnDate />
      </item>
      <item>
        <isOriginalCosponsor>False</isOriginalCosponsor>
        <fullName>Rep. Gosar, Paul A. [R-AZ-4]</fullName>
        <middleName>A.</middleName>
        <sponsorshipDate>2017-04-04</sponsorshipDate>
        <bioguideId>G000565</bioguideId>
        <lastName>Gosar</lastName>
        <party>R</party>
        <district>4</district>
        <firstName>Paul</firstName>
        <state>AZ</state>
        <identifiers>
          <lisID>1992</lisID>
          <bioguideId>G000565</bioguideId>
          <gpoId>7798</gpoId>
        </identifiers>
        <sponsorshipWithdrawnDate />
      </item>
      <item>
        <isOriginalCosponsor>False</isOriginalCosponsor>
        <fullName>Rep. Arrington, Jodey C. [R-TX-19]</fullName>
        <middleName>C.</middleName>
        <sponsorshipDate>2017-04-04</sponsorshipDate>
        <bioguideId>A000375</bioguideId>
        <lastName>Arrington</lastName>
        <party>R</party>
        <district>19</district>
        <firstName>Jodey</firstName>
        <state>TX</state>
        <identifiers>
          <gpoId />
          <lisID>2350</lisID>
          <bioguideId>A000375</bioguideId>
        </identifiers>
        <sponsorshipWithdrawnDate />
      </item>
      <item>
        <isOriginalCosponsor>False</isOriginalCosponsor>
        <fullName>Rep. Murphy, Tim [R-PA-18]</fullName>
        <middleName />
        <sponsorshipDate>2017-04-04</sponsorshipDate>
        <bioguideId>M001151</bioguideId>
        <lastName>Murphy</lastName>
        <party>R</party>
        <district>18</district>
        <firstName>Tim</firstName>
        <state>PA</state>
        <identifiers>
          <bioguideId>M001151</bioguideId>
          <gpoId>8723</gpoId>
          <lisID>1744</lisID>
        </identifiers>
        <sponsorshipWithdrawnDate />
      </item>
      <item>
        <isOriginalCosponsor>False</isOriginalCosponsor>
        <fullName>Rep. Duncan, John J., Jr. [R-TN-2]</fullName>
        <middleName>J.</middleName>
        <sponsorshipDate>2017-04-04</sponsorshipDate>
        <bioguideId>D000533</bioguideId>
        <lastName>DUNCAN</lastName>
        <party>R</party>
        <district>2</district>
        <firstName>JOHN</firstName>
        <state>TN</state>
        <identifiers>
          <lisID>322</lisID>
          <gpoId>8149</gpoId>
          <bioguideId>D000533</bioguideId>
        </identifiers>
        <sponsorshipWithdrawnDate />
      </item>
      <item>
        <isOriginalCosponsor>False</isOriginalCosponsor>
        <fullName>Rep. Banks, Jim [R-IN-3]</fullName>
        <middleName />
        <sponsorshipDate>2017-04-04</sponsorshipDate>
        <bioguideId>B001299</bioguideId>
        <lastName>Banks</lastName>
        <party>R</party>
        <district>3</district>
        <firstName>Jim</firstName>
        <state>IN</state>
        <identifiers>
          <bioguideId>B001299</bioguideId>
          <lisID>2326</lisID>
          <gpoId />
        </identifiers>
        <sponsorshipWithdrawnDate />
      </item>
      <item>
        <isOriginalCosponsor>False</isOriginalCosponsor>
        <fullName>Rep. Ratcliffe, John [R-TX-4]</fullName>
        <middleName />
        <sponsorshipDate>2017-04-20</sponsorshipDate>
        <bioguideId>R000601</bioguideId>
        <lastName>Ratcliffe</lastName>
        <party>R</party>
        <district>4</district>
        <firstName>John</firstName>
        <state>TX</state>
        <identifiers>
          <bioguideId>R000601</bioguideId>
          <gpoId />
          <lisID>2268</lisID>
        </identifiers>
        <sponsorshipWithdrawnDate />
      </item>
      <item>
        <isOriginalCosponsor>False</isOriginalCosponsor>
        <fullName>Rep. Kelly, Trent [R-MS-1]</fullName>
        <middleName />
        <sponsorshipDate>2017-05-03</sponsorshipDate>
        <bioguideId>K000388</bioguideId>
        <lastName>Kelly</lastName>
        <party>R</party>
        <district>1</district>
        <firstName>Trent</firstName>
        <state>MS</state>
        <identifiers>
          <lisID>2294</lisID>
          <bioguideId>K000388</bioguideId>
          <gpoId />
        </identifiers>
        <sponsorshipWithdrawnDate />
      </item>
      <item>
        <isOriginalCosponsor>False</isOriginalCosponsor>
        <fullName>Rep. Rooney, Francis [R-FL-19]</fullName>
        <middleName />
        <sponsorshipDate>2017-05-03</sponsorshipDate>
        <bioguideId>R000607</bioguideId>
        <lastName>Rooney</lastName>
        <party>R</party>
        <district>19</district>
        <firstName>Francis</firstName>
        <state>FL</state>
        <identifiers>
          <lisID>2323</lisID>
          <gpoId />
          <bioguideId>R000607</bioguideId>
        </identifiers>
        <sponsorshipWithdrawnDate />
      </item>
      <item>
        <isOriginalCosponsor>False</isOriginalCosponsor>
        <fullName>Rep. Brooks, Susan W. [R-IN-5]</fullName>
        <middleName>W.</middleName>
        <sponsorshipDate>2017-05-17</sponsorshipDate>
        <bioguideId>B001284</bioguideId>
        <lastName>Brooks</lastName>
        <party>R</party>
        <district>5</district>
        <firstName>Susan</firstName>
        <state>IN</state>
        <identifiers>
          <bioguideId>B001284</bioguideId>
          <lisID>2129</lisID>
          <gpoId />
        </identifiers>
        <sponsorshipWithdrawnDate />
      </item>
      <item>
        <isOriginalCosponsor>False</isOriginalCosponsor>
        <fullName>Rep. Allen, Rick W. [R-GA-12]</fullName>
        <middleName>W.</middleName>
        <sponsorshipDate>2017-06-07</sponsorshipDate>
        <bioguideId>A000372</bioguideId>
        <lastName>Allen</lastName>
        <party>R</party>
        <district>12</district>
        <firstName>Rick</firstName>
        <state>GA</state>
        <identifiers>
          <gpoId />
          <lisID>2239</lisID>
          <bioguideId>A000372</bioguideId>
        </identifiers>
        <sponsorshipWithdrawnDate />
      </item>
      <item>
        <isOriginalCosponsor>False</isOriginalCosponsor>
        <fullName>Rep. Ferguson, A. Drew, IV [R-GA-3]</fullName>
        <middleName>Drew</middleName>
        <sponsorshipDate>2017-09-25</sponsorshipDate>
        <bioguideId>F000465</bioguideId>
        <lastName>Ferguson</lastName>
        <party>R</party>
        <district>3</district>
        <firstName>A.</firstName>
        <state>GA</state>
        <identifiers>
          <gpoId />
          <lisID>2324</lisID>
          <bioguideId>F000465</bioguideId>
        </identifiers>
        <sponsorshipWithdrawnDate />
      </item>
      <item>
        <isOriginalCosponsor>False</isOriginalCosponsor>
        <fullName>Rep. Walberg, Tim [R-MI-7]</fullName>
        <middleName />
        <sponsorshipDate>2017-09-25</sponsorshipDate>
        <bioguideId>W000798</bioguideId>
        <lastName>Walberg</lastName>
        <party>R</party>
        <district>7</district>
        <firstName>Tim</firstName>
        <state>MI</state>
        <identifiers>
          <gpoId>7992</gpoId>
          <lisID>1855</lisID>
          <bioguideId>W000798</bioguideId>
        </identifiers>
        <sponsorshipWithdrawnDate />
      </item>
      <item>
        <isOriginalCosponsor>False</isOriginalCosponsor>
        <fullName>Rep. Weber, Randy K., Sr. [R-TX-14]</fullName>
        <middleName>K.</middleName>
        <sponsorshipDate>2017-09-25</sponsorshipDate>
        <bioguideId>W000814</bioguideId>
        <lastName>Weber</lastName>
        <party>R</party>
        <district>14</district>
        <firstName>Randy</firstName>
        <state>TX</state>
        <identifiers>
          <lisID>2161</lisID>
          <bioguideId>W000814</bioguideId>
          <gpoId />
        </identifiers>
        <sponsorshipWithdrawnDate />
      </item>
      <item>
        <isOriginalCosponsor>False</isOriginalCosponsor>
        <fullName>Rep. LaMalfa, Doug [R-CA-1]</fullName>
        <middleName />
        <sponsorshipDate>2017-09-25</sponsorshipDate>
        <bioguideId>L000578</bioguideId>
        <lastName>LaMalfa</lastName>
        <party>R</party>
        <district>1</district>
        <firstName>Doug</firstName>
        <state>CA</state>
        <identifiers>
          <bioguideId>L000578</bioguideId>
          <lisID>2100</lisID>
          <gpoId />
        </identifiers>
        <sponsorshipWithdrawnDate />
      </item>
      <item>
        <isOriginalCosponsor>False</isOriginalCosponsor>
        <fullName>Rep. Harris, Andy [R-MD-1]</fullName>
        <middleName />
        <sponsorshipDate>2017-09-25</sponsorshipDate>
        <bioguideId>H001052</bioguideId>
        <lastName>Harris</lastName>
        <party>R</party>
        <district>1</district>
        <firstName>Andy</firstName>
        <state>MD</state>
        <identifiers>
          <bioguideId>H001052</bioguideId>
          <gpoId>7976</gpoId>
          <lisID>2026</lisID>
        </identifiers>
        <sponsorshipWithdrawnDate />
      </item>
    </cosponsors>
    <latestAction>
      <text>Referred to the Subcommittee on Health.</text>
      <links />
      <actionDate>2017-01-25</actionDate>
    </latestAction>
    <laws />
    <notes />
    <createDate>2017-01-06T04:57:26Z</createDate>
    <billType>HR</billType>
    <updateDate>2018-02-06T16:40:39Z</updateDate>
    <relatedBills>
      <item>
        <number>2021</number>
        <type>S</type>
        <latestAction>
          <text>Read twice and referred to the Committee on Finance.</text>
          <actionDate>2017-10-26</actionDate>
        </latestAction>
        <congress>115</congress>
        <latestTitle>Health Care Choice Act of 2017</latestTitle>
        <relationshipDetails>
          <item>
            <identifiedBy>CRS</identifiedBy>
            <type>Related bill</type>
          </item>
        </relationshipDetails>
      </item>
      <item>
        <number>1072</number>
        <type>HR</type>
        <latestAction>
          <text>Referred to the Subcommittee on Health.</text>
          <actionDate>2017-02-17</actionDate>
        </latestAction>
        <congress>115</congress>
        <latestTitle>Obamacare Replacement Act</latestTitle>
        <relationshipDetails>
          <item>
            <identifiedBy>CRS</identifiedBy>
            <type>Related bill</type>
          </item>
        </relationshipDetails>
      </item>
      <item>
        <number>222</number>
        <type>S</type>
        <latestAction>
          <text>Read twice and referred to the Committee on Finance.</text>
          <actionDate>2017-01-24</actionDate>
        </latestAction>
        <congress>115</congress>
        <latestTitle>Obamacare Replacement Act</latestTitle>
        <relationshipDetails>
          <item>
            <identifiedBy>CRS</identifiedBy>
            <type>Related bill</type>
          </item>
        </relationshipDetails>
      </item>
      <item>
        <number>277</number>
        <type>HR</type>
        <latestAction>
          <text>Referred to the Subcommittee on Indian, Insular and Alaska Native Affairs.</text>
          <actionDate>2017-02-10</actionDate>
        </latestAction>
        <congress>115</congress>
        <latestTitle>American Health Care Reform Act of 2017</latestTitle>
        <relationshipDetails>
          <item>
            <identifiedBy>CRS</identifiedBy>
            <type>Related bill</type>
          </item>
        </relationshipDetails>
      </item>
      <item>
        <number>3278</number>
        <type>HR</type>
        <latestAction>
          <text>Referred to the House Committee on Energy and Commerce.</text>
          <actionDate>2017-07-18</actionDate>
        </latestAction>
        <congress>115</congress>
        <latestTitle>To amend the Public Health Service Act to provide for cooperative governing of individual health insurance coverage.</latestTitle>
        <relationshipDetails>
          <item>
            <identifiedBy>CRS</identifiedBy>
            <type>Related bill</type>
          </item>
        </relationshipDetails>
      </item>
      <item>
        <number>1516</number>
        <type>S</type>
        <latestAction>
          <text>Read twice and referred to the Committee on Health, Education, Labor, and Pensions.</text>
          <actionDate>2017-06-29</actionDate>
        </latestAction>
        <congress>115</congress>
        <latestTitle>A bill to expand health care choices by allowing Americans to buy health care coverage across State lines.</latestTitle>
        <relationshipDetails>
          <item>
            <identifiedBy>CRS</identifiedBy>
            <type>Related bill</type>
          </item>
        </relationshipDetails>
      </item>
    </relatedBills>
    <cboCostEstimates />
    <introducedDate>2017-01-05</introducedDate>
    <amendments />
    <policyArea>
      <name>Health</name>
    </policyArea>
    <recordedVotes />
    <congress>115</congress>
    <committees>
      <billCommittees>
        <item>
          <type>Standing</type>
          <systemCode>hsif00</systemCode>
          <subcommittees>
            <item>
              <activities>
                <item>
                  <date>2017-01-25T14:22:41Z</date>
                  <name>Referred to</name>
                </item>
              </activities>
              <systemCode>hsif14</systemCode>
              <name>Health Subcommittee</name>
            </item>
          </subcommittees>
          <activities>
            <item>
              <date>2017-01-05T15:07:10Z</date>
              <name>Referred to</name>
            </item>
          </activities>
          <chamber>House</chamber>
          <name>Energy and Commerce Committee</name>
        </item>
        <item>
          <type>Standing</type>
          <systemCode>hswm00</systemCode>
          <subcommittees>
            <item>
              <activities>
                <item>
                  <date>2017-01-23T22:01:57Z</date>
                  <name>Referred to</name>
                </item>
              </activities>
              <systemCode>hswm02</systemCode>
              <name>Health Subcommittee</name>
            </item>
          </subcommittees>
          <activities>
            <item>
              <date>2017-01-05T15:07:15Z</date>
              <name>Referred to</name>
            </item>
          </activities>
          <chamber>House</chamber>
          <name>Ways and Means Committee</name>
        </item>
        <item>
          <type>Standing</type>
          <systemCode>hsed00</systemCode>
          <subcommittees />
          <activities>
            <item>
              <date>2017-01-05T15:07:20Z</date>
              <name>Referred to</name>
            </item>
          </activities>
          <chamber>House</chamber>
          <name>Education and the Workforce Committee</name>
        </item>
      </billCommittees>
    </committees>
  </bill>
  <dublinCore xmlns:dc="http://purl.org/dc/elements/1.1/">
    <dc:format>text/xml</dc:format>
    <dc:language>EN</dc:language>
    <dc:rights>Pursuant to Title 17 Section 105 of the United States Code, this file is not subject to copyright protection and is in the public domain.</dc:rights>
    <dc:contributor>Congressional Research Service, Library of Congress</dc:contributor>
    <dc:description>This file contains bill summaries and statuses for federal legislation. A bill summary describes the most significant provisions of a piece of legislation and details the effects the legislative text may have on current law and federal programs. Bill summaries are authored by the Congressional Research Service (CRS) of the Library of Congress. As stated in Public Law 91-510 (2 USC 166 (d)(6)), one of the duties of CRS is "to prepare summaries and digests of bills and resolutions of a public general nature introduced in the Senate or House of Representatives". For more information, refer to the User Guide that accompanies this file.</dc:description>
  </dublinCore>
</billStatus>

