<?xml version="1.0" encoding="UTF-8"?>
<billStatus>
  <bill>
    <policyArea>
      <name>Finance and Financial Sector</name>
    </policyArea>
    <committeeReports />
    <congress>115</congress>
    <sponsors>
      <item>
        <identifiers>
          <bioguideId>C001037</bioguideId>
          <gpoId>7973</gpoId>
          <lisID>1564</lisID>
        </identifiers>
        <district>7</district>
        <middleName>E.</middleName>
        <byRequestType />
        <fullName>Rep. Capuano, Michael E. [D-MA-7]</fullName>
        <bioguideId>C001037</bioguideId>
        <state>MA</state>
        <party>D</party>
        <firstName>MICHAEL</firstName>
        <lastName>CAPUANO</lastName>
      </item>
    </sponsors>
    <calendarNumbers />
    <amendments />
    <relatedBills />
    <notes />
    <originChamber>House</originChamber>
    <version>1.0.0</version>
    <billNumber>316</billNumber>
    <title>Futures Investor Protection Act</title>
    <cosponsors />
    <subjects>
      <billSubjects>
        <policyArea>
          <name>Finance and Financial Sector</name>
        </policyArea>
        <legislativeSubjects>
          <item>
            <name>Administrative law and regulatory procedures</name>
          </item>
          <item>
            <name>Banking and financial institutions regulation</name>
          </item>
          <item>
            <name>Commodities markets</name>
          </item>
          <item>
            <name>Commodity Futures Trading Commission</name>
          </item>
          <item>
            <name>Congressional oversight</name>
          </item>
          <item>
            <name>Consumer affairs</name>
          </item>
          <item>
            <name>Financial services and investments</name>
          </item>
          <item>
            <name>Government corporations and government-sponsored enterprises</name>
          </item>
          <item>
            <name>Government studies and investigations</name>
          </item>
          <item>
            <name>User charges and fees</name>
          </item>
        </legislativeSubjects>
      </billSubjects>
    </subjects>
    <constitutionalAuthorityStatementText><![CDATA[<pre>From the Congressional Record Online through the Government Publishing Office [<a href='http://www.gpo.gov'>www.gpo.gov</a>]By Mr. CAPUANO:H.R. 316.Congress has the power to enact this legislation pursuantto the following:ARTICLE 1, SECTION 8, CLAUSE 3[Page H183]</pre>]]></constitutionalAuthorityStatementText>
    <laws />
    <actions>
      <item>
        <actionDate>2017-01-26</actionDate>
        <committee>
          <systemCode>hsag22</systemCode>
          <name>Commodity Exchanges, Energy, and Credit Subcommittee</name>
        </committee>
        <links />
        <sourceSystem>
          <name>House committee actions</name>
          <code>1</code>
        </sourceSystem>
        <text>Referred to the Subcommittee on Commodity Exchanges, Energy, and Credit.</text>
        <type>Committee</type>
      </item>
      <item>
        <links />
        <actionDate>2017-01-05</actionDate>
        <type>IntroReferral</type>
        <text>Referred to the House Committee on Agriculture.</text>
        <actionCode>H11100</actionCode>
        <sourceSystem>
          <name>House floor actions</name>
          <code>2</code>
        </sourceSystem>
        <committee>
          <systemCode>hsag00</systemCode>
          <name>Agriculture Committee</name>
        </committee>
      </item>
      <item>
        <links />
        <actionDate>2017-01-05</actionDate>
        <type>IntroReferral</type>
        <text>Introduced in House</text>
        <actionCode>Intro-H</actionCode>
        <sourceSystem>
          <name>Library of Congress</name>
          <code>9</code>
        </sourceSystem>
        <committee />
      </item>
      <item>
        <links />
        <actionDate>2017-01-05</actionDate>
        <type>IntroReferral</type>
        <text>Introduced in House</text>
        <actionCode>1000</actionCode>
        <sourceSystem>
          <name>Library of Congress</name>
          <code>9</code>
        </sourceSystem>
        <committee />
      </item>
      <actionByCounts>
        <houseOfRepresentatives>4</houseOfRepresentatives>
      </actionByCounts>
      <actionTypeCounts>
        <billReferrals>1</billReferrals>
        <placeholderTextForH>1</placeholderTextForH>
        <introducedInTheHouse>1</introducedInTheHouse>
        <introducedInHouse>1</introducedInHouse>
      </actionTypeCounts>
    </actions>
    <titles>
      <item>
        <title>Futures Investor Protection Act</title>
        <titleType>(Extracted from GPO) Short Titles as Introduced</titleType>
        <parentTitleType />
        <chamberCode />
        <chamberName />
      </item>
      <item>
        <title>Futures Investor Protection Act</title>
        <titleType>Short Titles as Introduced</titleType>
        <parentTitleType />
        <chamberCode />
        <chamberName />
      </item>
      <item>
        <title>To protect investors in futures contracts.</title>
        <titleType>Official Title as Introduced</titleType>
        <parentTitleType />
        <chamberCode />
        <chamberName />
      </item>
      <item>
        <title>Futures Investor Protection Act</title>
        <titleType>Display Title</titleType>
        <parentTitleType />
        <chamberCode />
        <chamberName />
      </item>
    </titles>
    <summaries>
      <billSummaries>
        <item>
          <versionCode>00</versionCode>
          <updateDate>2017-01-05T05:00:00Z</updateDate>
          <actionDesc>Introduced in House</actionDesc>
          <lastSummaryUpdateDate>2017-04-03T12:56:04Z</lastSummaryUpdateDate>
          <actionDate>2017-01-05</actionDate>
          <name>Introduced in House</name>
          <text><![CDATA[<p><b>Futures Investor Protection Act</b></p> <p>This bill establishes the Futures Investor Protection Corporation (FIPC) as a nonprofit membership corporation for all futures commission merchants registered with the Commodity Futures Trading Commission (CFTC). In general, the FIPC's powers and duties shall mirror those of the Security Investors Protection Corporation (the nonprofit membership corporation for registered broker-dealers).</p> <p>In addition, the bill amends the Commodity Exchange Act to establish suitability rules with respect to&nbsp;recommendations&nbsp;by a&nbsp;futures commission merchant to a customer.</p> <p>The CFTC must review certain guidelines regarding proof of claims, as specified by the bill.</p> <p><br /></p>]]></text>
        </item>
      </billSummaries>
    </summaries>
    <committees>
      <billCommittees>
        <item>
          <systemCode>hsag00</systemCode>
          <name>Agriculture Committee</name>
          <type>Standing</type>
          <activities>
            <item>
              <name>Referred to</name>
              <date>2017-01-05T15:05:10Z</date>
            </item>
          </activities>
          <chamber>House</chamber>
          <subcommittees>
            <item>
              <activities>
                <item>
                  <name>Referred to</name>
                  <date>2017-01-26T16:26:30Z</date>
                </item>
              </activities>
              <systemCode>hsag22</systemCode>
              <name>Commodity Exchanges, Energy, and Credit Subcommittee</name>
            </item>
          </subcommittees>
        </item>
      </billCommittees>
    </committees>
    <introducedDate>2017-01-05</introducedDate>
    <updateDate>2018-02-06T16:40:39Z</updateDate>
    <cboCostEstimates />
    <recordedVotes />
    <billType>HR</billType>
    <createDate>2017-01-06T04:57:26Z</createDate>
    <latestAction>
      <text>Referred to the Subcommittee on Commodity Exchanges, Energy, and Credit.</text>
      <links />
      <actionDate>2017-01-26</actionDate>
    </latestAction>
  </bill>
  <dublinCore xmlns:dc="http://purl.org/dc/elements/1.1/">
    <dc:format>text/xml</dc:format>
    <dc:language>EN</dc:language>
    <dc:rights>Pursuant to Title 17 Section 105 of the United States Code, this file is not subject to copyright protection and is in the public domain.</dc:rights>
    <dc:contributor>Congressional Research Service, Library of Congress</dc:contributor>
    <dc:description>This file contains bill summaries and statuses for federal legislation. A bill summary describes the most significant provisions of a piece of legislation and details the effects the legislative text may have on current law and federal programs. Bill summaries are authored by the Congressional Research Service (CRS) of the Library of Congress. As stated in Public Law 91-510 (2 USC 166 (d)(6)), one of the duties of CRS is "to prepare summaries and digests of bills and resolutions of a public general nature introduced in the Senate or House of Representatives". For more information, refer to the User Guide that accompanies this file.</dc:description>
  </dublinCore>
</billStatus>

