<?xml version="1.0" encoding="UTF-8"?>
<billStatus>
  <bill>
    <policyArea>
      <name>Immigration</name>
    </policyArea>
    <committeeReports />
    <congress>115</congress>
    <sponsors>
      <item>
        <identifiers>
          <bioguideId>M001197</bioguideId>
          <gpoId />
          <lisID>2225</lisID>
        </identifiers>
        <district>2</district>
        <middleName />
        <byRequestType />
        <fullName>Rep. McSally, Martha [R-AZ-2]</fullName>
        <bioguideId>M001197</bioguideId>
        <state>AZ</state>
        <party>R</party>
        <firstName>Martha</firstName>
        <lastName>McSally</lastName>
      </item>
    </sponsors>
    <calendarNumbers />
    <amendments />
    <relatedBills>
      <item>
        <congress>115</congress>
        <latestAction>
          <actionDate>2017-10-04</actionDate>
          <text>Committee on Homeland Security and Governmental Affairs. Ordered to be reported without amendment favorably.</text>
        </latestAction>
        <type>S</type>
        <latestTitle>Border Security Technology Accountability Act of 2017</latestTitle>
        <number>146</number>
        <relationshipDetails>
          <item>
            <type>Related bill</type>
            <identifiedBy>CRS</identifiedBy>
          </item>
        </relationshipDetails>
      </item>
      <item>
        <congress>115</congress>
        <latestAction>
          <actionDate>2018-01-10</actionDate>
          <text>House Committee on Armed Services Granted an extension for further consideration ending not later than March 23, 2018.</text>
        </latestAction>
        <type>HR</type>
        <latestTitle>Border Security for America Act of 2017</latestTitle>
        <number>3548</number>
        <relationshipDetails>
          <item>
            <type>Related bill</type>
            <identifiedBy>CRS</identifiedBy>
          </item>
        </relationshipDetails>
      </item>
      <item>
        <congress>115</congress>
        <latestAction>
          <actionDate>2017-09-05</actionDate>
          <text>Read the second time. Placed on Senate Legislative Calendar under General Orders. Calendar No. 208.</text>
        </latestAction>
        <type>S</type>
        <latestTitle>Building America's Trust Act</latestTitle>
        <number>1757</number>
        <relationshipDetails>
          <item>
            <type>Related bill</type>
            <identifiedBy>CRS</identifiedBy>
          </item>
        </relationshipDetails>
      </item>
    </relatedBills>
    <notes />
    <originChamber>House</originChamber>
    <version>1.0.0</version>
    <billNumber>505</billNumber>
    <title>Border Security Technology Accountability Act of 2017</title>
    <cosponsors>
      <item>
        <sponsorshipWithdrawnDate />
        <state>AZ</state>
        <bioguideId>G000565</bioguideId>
        <fullName>Rep. Gosar, Paul A. [R-AZ-4]</fullName>
        <district>4</district>
        <firstName>Paul</firstName>
        <middleName>A.</middleName>
        <isOriginalCosponsor>True</isOriginalCosponsor>
        <sponsorshipDate>2017-01-12</sponsorshipDate>
        <identifiers>
          <lisID>1992</lisID>
          <bioguideId>G000565</bioguideId>
          <gpoId>7798</gpoId>
        </identifiers>
        <lastName>Gosar</lastName>
        <party>R</party>
      </item>
      <item>
        <sponsorshipWithdrawnDate />
        <state>TX</state>
        <bioguideId>H001036</bioguideId>
        <fullName>Rep. Hensarling, Jeb [R-TX-5]</fullName>
        <district>5</district>
        <firstName>Jeb</firstName>
        <middleName />
        <isOriginalCosponsor>True</isOriginalCosponsor>
        <sponsorshipDate>2017-01-12</sponsorshipDate>
        <identifiers>
          <bioguideId>H001036</bioguideId>
          <gpoId>8161</gpoId>
          <lisID>1749</lisID>
        </identifiers>
        <lastName>Hensarling</lastName>
        <party>R</party>
      </item>
      <item>
        <sponsorshipWithdrawnDate />
        <state>TX</state>
        <bioguideId>H001073</bioguideId>
        <fullName>Rep. Hurd, Will [R-TX-23]</fullName>
        <district>23</district>
        <firstName>Will</firstName>
        <middleName />
        <isOriginalCosponsor>True</isOriginalCosponsor>
        <sponsorshipDate>2017-01-12</sponsorshipDate>
        <identifiers>
          <gpoId />
          <lisID>2269</lisID>
          <bioguideId>H001073</bioguideId>
        </identifiers>
        <lastName>Hurd</lastName>
        <party>R</party>
      </item>
      <item>
        <sponsorshipWithdrawnDate />
        <state>NY</state>
        <bioguideId>K000386</bioguideId>
        <fullName>Rep. Katko, John [R-NY-24]</fullName>
        <district>24</district>
        <firstName>John</firstName>
        <middleName />
        <isOriginalCosponsor>True</isOriginalCosponsor>
        <sponsorshipDate>2017-01-12</sponsorshipDate>
        <identifiers>
          <gpoId />
          <lisID>2264</lisID>
          <bioguideId>K000386</bioguideId>
        </identifiers>
        <lastName>Katko</lastName>
        <party>R</party>
      </item>
      <item>
        <sponsorshipWithdrawnDate />
        <state>NY</state>
        <bioguideId>K000210</bioguideId>
        <fullName>Rep. King, Peter T. [R-NY-2]</fullName>
        <district>2</district>
        <firstName>PETER</firstName>
        <middleName>T.</middleName>
        <isOriginalCosponsor>True</isOriginalCosponsor>
        <sponsorshipDate>2017-01-12</sponsorshipDate>
        <identifiers>
          <lisID>635</lisID>
          <bioguideId>K000210</bioguideId>
          <gpoId>8064</gpoId>
        </identifiers>
        <lastName>KING</lastName>
        <party>R</party>
      </item>
      <item>
        <sponsorshipWithdrawnDate />
        <state>AZ</state>
        <bioguideId>F000448</bioguideId>
        <fullName>Rep. Franks, Trent [R-AZ-8]</fullName>
        <district>8</district>
        <firstName>Trent</firstName>
        <middleName />
        <isOriginalCosponsor>True</isOriginalCosponsor>
        <sponsorshipDate>2017-01-12</sponsorshipDate>
        <identifiers>
          <lisID>1707</lisID>
          <gpoId>7799</gpoId>
          <bioguideId>F000448</bioguideId>
        </identifiers>
        <lastName>Franks</lastName>
        <party>R</party>
      </item>
      <item>
        <sponsorshipWithdrawnDate />
        <state>TX</state>
        <bioguideId>F000460</bioguideId>
        <fullName>Rep. Farenthold, Blake [R-TX-27]</fullName>
        <district>27</district>
        <firstName>Blake</firstName>
        <middleName />
        <isOriginalCosponsor>True</isOriginalCosponsor>
        <sponsorshipDate>2017-01-12</sponsorshipDate>
        <identifiers>
          <gpoId>8183</gpoId>
          <lisID>2067</lisID>
          <bioguideId>F000460</bioguideId>
        </identifiers>
        <lastName>Farenthold</lastName>
        <party>R</party>
      </item>
      <item>
        <sponsorshipWithdrawnDate />
        <state>AZ</state>
        <bioguideId>S001191</bioguideId>
        <fullName>Rep. Sinema, Kyrsten [D-AZ-9]</fullName>
        <district>9</district>
        <firstName>Kyrsten</firstName>
        <middleName />
        <isOriginalCosponsor>True</isOriginalCosponsor>
        <sponsorshipDate>2017-01-12</sponsorshipDate>
        <identifiers>
          <lisID>2099</lisID>
          <bioguideId>S001191</bioguideId>
          <gpoId />
        </identifiers>
        <lastName>Sinema</lastName>
        <party>D</party>
      </item>
      <item>
        <sponsorshipWithdrawnDate />
        <state>VA</state>
        <bioguideId>C001105</bioguideId>
        <fullName>Rep. Comstock, Barbara [R-VA-10]</fullName>
        <district>10</district>
        <firstName>Barbara</firstName>
        <middleName />
        <isOriginalCosponsor>True</isOriginalCosponsor>
        <sponsorshipDate>2017-01-12</sponsorshipDate>
        <identifiers>
          <bioguideId>C001105</bioguideId>
          <lisID>2273</lisID>
          <gpoId />
        </identifiers>
        <lastName>Comstock</lastName>
        <party>R</party>
      </item>
      <item>
        <sponsorshipWithdrawnDate />
        <state>OK</state>
        <bioguideId>R000604</bioguideId>
        <fullName>Rep. Russell, Steve [R-OK-5]</fullName>
        <district>5</district>
        <firstName>Steve</firstName>
        <middleName />
        <isOriginalCosponsor>True</isOriginalCosponsor>
        <sponsorshipDate>2017-01-12</sponsorshipDate>
        <identifiers>
          <bioguideId>R000604</bioguideId>
          <lisID>2265</lisID>
          <gpoId />
        </identifiers>
        <lastName>Russell</lastName>
        <party>R</party>
      </item>
      <item>
        <sponsorshipWithdrawnDate />
        <state>NY</state>
        <bioguideId>D000625</bioguideId>
        <fullName>Rep. Donovan, Daniel M., Jr. [R-NY-11]</fullName>
        <district>11</district>
        <firstName>Daniel</firstName>
        <middleName>M.</middleName>
        <isOriginalCosponsor>True</isOriginalCosponsor>
        <sponsorshipDate>2017-01-12</sponsorshipDate>
        <identifiers>
          <bioguideId>D000625</bioguideId>
          <lisID>2293</lisID>
          <gpoId />
        </identifiers>
        <lastName>Donovan</lastName>
        <party>R</party>
      </item>
      <item>
        <sponsorshipWithdrawnDate />
        <state>TX</state>
        <bioguideId>M001157</bioguideId>
        <fullName>Rep. McCaul, Michael T. [R-TX-10]</fullName>
        <district>10</district>
        <firstName>Michael</firstName>
        <middleName>T.</middleName>
        <isOriginalCosponsor>True</isOriginalCosponsor>
        <sponsorshipDate>2017-01-12</sponsorshipDate>
        <identifiers>
          <gpoId>8166</gpoId>
          <lisID>1804</lisID>
          <bioguideId>M001157</bioguideId>
        </identifiers>
        <lastName>McCaul</lastName>
        <party>R</party>
      </item>
      <item>
        <sponsorshipWithdrawnDate />
        <state>AZ</state>
        <bioguideId>B001302</bioguideId>
        <fullName>Rep. Biggs, Andy [R-AZ-5]</fullName>
        <district>5</district>
        <firstName>Andy</firstName>
        <middleName />
        <isOriginalCosponsor>True</isOriginalCosponsor>
        <sponsorshipDate>2017-01-12</sponsorshipDate>
        <identifiers>
          <bioguideId>B001302</bioguideId>
          <lisID>2307</lisID>
          <gpoId />
        </identifiers>
        <lastName>Biggs</lastName>
        <party>R</party>
      </item>
      <item>
        <sponsorshipWithdrawnDate />
        <state>AL</state>
        <bioguideId>R000575</bioguideId>
        <fullName>Rep. Rogers, Mike D. [R-AL-3]</fullName>
        <district>3</district>
        <firstName>Mike</firstName>
        <middleName />
        <isOriginalCosponsor>True</isOriginalCosponsor>
        <sponsorshipDate>2017-01-12</sponsorshipDate>
        <identifiers>
          <gpoId>7788</gpoId>
          <bioguideId>R000575</bioguideId>
          <lisID>1704</lisID>
        </identifiers>
        <lastName>Rogers</lastName>
        <party>R</party>
      </item>
      <item>
        <sponsorshipWithdrawnDate />
        <state>PA</state>
        <bioguideId>F000466</bioguideId>
        <fullName>Rep. Fitzpatrick, Brian K. [R-PA-8]</fullName>
        <district>8</district>
        <firstName>Brian</firstName>
        <middleName>K.</middleName>
        <isOriginalCosponsor>False</isOriginalCosponsor>
        <sponsorshipDate>2017-01-13</sponsorshipDate>
        <identifiers>
          <bioguideId>F000466</bioguideId>
          <lisID>2345</lisID>
          <gpoId />
        </identifiers>
        <lastName>Fitzpatrick</lastName>
        <party>R</party>
      </item>
      <item>
        <sponsorshipWithdrawnDate />
        <state>AL</state>
        <bioguideId>B001289</bioguideId>
        <fullName>Rep. Byrne, Bradley [R-AL-1]</fullName>
        <district>1</district>
        <firstName>Bradley</firstName>
        <middleName />
        <isOriginalCosponsor>False</isOriginalCosponsor>
        <sponsorshipDate>2017-01-24</sponsorshipDate>
        <identifiers>
          <bioguideId>B001289</bioguideId>
          <lisID>2197</lisID>
          <gpoId />
        </identifiers>
        <lastName>Byrne</lastName>
        <party>R</party>
      </item>
      <item>
        <sponsorshipWithdrawnDate />
        <state>MN</state>
        <bioguideId>E000294</bioguideId>
        <fullName>Rep. Emmer, Tom [R-MN-6]</fullName>
        <district>6</district>
        <firstName>Tom</firstName>
        <middleName />
        <isOriginalCosponsor>False</isOriginalCosponsor>
        <sponsorshipDate>2017-01-24</sponsorshipDate>
        <identifiers>
          <lisID>2253</lisID>
          <bioguideId>E000294</bioguideId>
          <gpoId />
        </identifiers>
        <lastName>Emmer</lastName>
        <party>R</party>
      </item>
      <item>
        <sponsorshipWithdrawnDate />
        <state>TX</state>
        <bioguideId>A000375</bioguideId>
        <fullName>Rep. Arrington, Jodey C. [R-TX-19]</fullName>
        <district>19</district>
        <firstName>Jodey</firstName>
        <middleName>C.</middleName>
        <isOriginalCosponsor>False</isOriginalCosponsor>
        <sponsorshipDate>2017-01-30</sponsorshipDate>
        <identifiers>
          <gpoId />
          <bioguideId>A000375</bioguideId>
          <lisID>2350</lisID>
        </identifiers>
        <lastName>Arrington</lastName>
        <party>R</party>
      </item>
      <item>
        <sponsorshipWithdrawnDate />
        <state>ME</state>
        <bioguideId>P000611</bioguideId>
        <fullName>Rep. Poliquin, Bruce [R-ME-2]</fullName>
        <district>2</district>
        <firstName>Bruce</firstName>
        <middleName />
        <isOriginalCosponsor>False</isOriginalCosponsor>
        <sponsorshipDate>2017-01-30</sponsorshipDate>
        <identifiers>
          <lisID>2247</lisID>
          <gpoId />
          <bioguideId>P000611</bioguideId>
        </identifiers>
        <lastName>Poliquin</lastName>
        <party>R</party>
      </item>
      <item>
        <sponsorshipWithdrawnDate />
        <state>TX</state>
        <bioguideId>R000601</bioguideId>
        <fullName>Rep. Ratcliffe, John [R-TX-4]</fullName>
        <district>4</district>
        <firstName>John</firstName>
        <middleName />
        <isOriginalCosponsor>False</isOriginalCosponsor>
        <sponsorshipDate>2017-01-31</sponsorshipDate>
        <identifiers>
          <gpoId />
          <lisID>2268</lisID>
          <bioguideId>R000601</bioguideId>
        </identifiers>
        <lastName>Ratcliffe</lastName>
        <party>R</party>
      </item>
    </cosponsors>
    <subjects>
      <billSubjects>
        <policyArea>
          <name>Immigration</name>
        </policyArea>
        <legislativeSubjects>
          <item>
            <name>Border security and unlawful immigration</name>
          </item>
          <item>
            <name>Congressional oversight</name>
          </item>
          <item>
            <name>Government information and archives</name>
          </item>
          <item>
            <name>Public contracts and procurement</name>
          </item>
          <item>
            <name>Technology assessment</name>
          </item>
        </legislativeSubjects>
      </billSubjects>
    </subjects>
    <constitutionalAuthorityStatementText><![CDATA[<pre>From the Congressional Record Online through the Government Publishing Office [<a href='http://www.gpo.gov'>www.gpo.gov</a>]By Ms. McSALLY:H.R. 505.Congress has the power to enact this legislation pursuantto the following:Article I, Section 8, Clause 18: To make all Laws whichshall be necessary and proper for carrying into Execution theforegoing Powers and all other Powers vested by thisConstitution in the Government of the United States, or inany Department or Officer thereof.[Page H473]</pre>]]></constitutionalAuthorityStatementText>
    <laws />
    <actions>
      <actionByCounts>
        <senate>1</senate>
        <houseOfRepresentatives>9</houseOfRepresentatives>
      </actionByCounts>
      <actionTypeCounts>
        <introducedInTheHouse>1</introducedInTheHouse>
        <passedAgreedToInHouse>1</passedAgreedToInHouse>
        <billReferrals>1</billReferrals>
        <referredToCommittee>1</referredToCommittee>
        <introducedInHouse>1</introducedInHouse>
        <finalPassageUnderSuspensionOfTheRulesResults>1</finalPassageUnderSuspensionOfTheRulesResults>
        <generalDebate>1</generalDebate>
        <considerationByHouse>1</considerationByHouse>
        <motionMadeToSuspendTheRules>1</motionMadeToSuspendTheRules>
        <motionToReconsiderResults>1</motionToReconsiderResults>
      </actionTypeCounts>
      <item>
        <actionDate>2017-02-01</actionDate>
        <committee>
          <systemCode>ssga00</systemCode>
          <name>Homeland Security and Governmental Affairs Committee</name>
        </committee>
        <links />
        <sourceSystem>
          <name>Senate</name>
          <code>0</code>
        </sourceSystem>
        <text>Received in the Senate and Read twice and referred to the Committee on Homeland Security and Governmental Affairs.</text>
        <type>IntroReferral</type>
      </item>
      <item>
        <actionDate>2017-01-31</actionDate>
        <text>Motion to reconsider laid on the table Agreed to without objection.</text>
        <sourceSystem>
          <name>House floor actions</name>
          <code>2</code>
        </sourceSystem>
        <committee />
        <links />
        <actionCode>H38310</actionCode>
        <type>Floor</type>
        <actionTime>15:19:48</actionTime>
      </item>
      <item>
        <actionDate>2017-01-31</actionDate>
        <text>On motion to suspend the rules and pass the bill, as amended Agreed to by voice vote. (text: CR H784)</text>
        <sourceSystem>
          <name>House floor actions</name>
          <code>2</code>
        </sourceSystem>
        <committee />
        <links>
          <link>
            <name>H784</name>
            <url>https://www.congress.gov/congressional-record/volume-163/house-section/page/H784</url>
          </link>
        </links>
        <actionCode>H37300</actionCode>
        <type>Floor</type>
        <actionTime>15:19:47</actionTime>
      </item>
      <item>
        <actionDate>2017-01-31</actionDate>
        <text>Passed/agreed to in House: On motion to suspend the rules and pass the bill, as amended Agreed to by voice vote.(text: CR H784)</text>
        <sourceSystem>
          <name>Library of Congress</name>
          <code>9</code>
        </sourceSystem>
        <committee />
        <links>
          <link>
            <name>H784</name>
            <url>https://www.congress.gov/congressional-record/volume-163/house-section/page/H784</url>
          </link>
        </links>
        <actionCode>8000</actionCode>
        <type>Floor</type>
        <actionTime>15:19:47</actionTime>
      </item>
      <item>
        <actionDate>2017-01-31</actionDate>
        <text>DEBATE - The House proceeded with forty minutes of debate on H.R. 505.</text>
        <sourceSystem>
          <name>House floor actions</name>
          <code>2</code>
        </sourceSystem>
        <committee />
        <links>
          <link>
            <name>H.R. 505</name>
            <url>https://www.congress.gov/bill/115th-congress/house-bill/505</url>
          </link>
        </links>
        <actionCode>H8D000</actionCode>
        <type>Floor</type>
        <actionTime>15:13:36</actionTime>
      </item>
      <item>
        <actionDate>2017-01-31</actionDate>
        <text>Considered under suspension of the rules. (consideration: CR H784-785)</text>
        <sourceSystem>
          <name>House floor actions</name>
          <code>2</code>
        </sourceSystem>
        <committee />
        <links>
          <link>
            <name>H784-785</name>
            <url>https://www.congress.gov/congressional-record/volume-163/house-section/page/H784-785</url>
          </link>
        </links>
        <actionCode>H30000</actionCode>
        <type>Floor</type>
        <actionTime>15:13:35</actionTime>
      </item>
      <item>
        <actionDate>2017-01-31</actionDate>
        <text>Ms. McSally moved to suspend the rules and pass the bill, as amended.</text>
        <sourceSystem>
          <name>House floor actions</name>
          <code>2</code>
        </sourceSystem>
        <committee />
        <links />
        <actionCode>H30300</actionCode>
        <type>Floor</type>
        <actionTime>15:13:06</actionTime>
      </item>
      <item>
        <actionDate>2017-01-12</actionDate>
        <text>Referred to the House Committee on Homeland Security.</text>
        <sourceSystem>
          <name>House floor actions</name>
          <code>2</code>
        </sourceSystem>
        <committee>
          <systemCode>hshm00</systemCode>
          <name>Homeland Security Committee</name>
        </committee>
        <links />
        <actionCode>H11100</actionCode>
        <type>IntroReferral</type>
      </item>
      <item>
        <actionDate>2017-01-12</actionDate>
        <text>Introduced in House</text>
        <sourceSystem>
          <name>Library of Congress</name>
          <code>9</code>
        </sourceSystem>
        <committee />
        <links />
        <actionCode>Intro-H</actionCode>
        <type>IntroReferral</type>
      </item>
      <item>
        <actionDate>2017-01-12</actionDate>
        <text>Introduced in House</text>
        <sourceSystem>
          <name>Library of Congress</name>
          <code>9</code>
        </sourceSystem>
        <committee />
        <links />
        <actionCode>1000</actionCode>
        <type>IntroReferral</type>
      </item>
    </actions>
    <titles>
      <item>
        <titleType>(Extracted from GPO) Short Titles as Introduced</titleType>
        <parentTitleType />
        <chamberName />
        <title>Border Security Technology Accountability Act of 2017</title>
        <chamberCode />
      </item>
      <item>
        <titleType>(Extracted from GPO) Short Titles as Passed House</titleType>
        <parentTitleType />
        <chamberName>House</chamberName>
        <title>Border Security Technology Accountability Act of 2017</title>
        <chamberCode>H</chamberCode>
      </item>
      <item>
        <titleType>Short Titles as Introduced</titleType>
        <parentTitleType />
        <chamberName />
        <title>Border Security Technology Accountability Act of 2017</title>
        <chamberCode />
      </item>
      <item>
        <titleType>Official Title as Introduced</titleType>
        <parentTitleType />
        <chamberName />
        <title>To amend the Homeland Security Act of 2002 to strengthen accountability for deployment of border security technology at the Department of Homeland Security, and for other purposes.</title>
        <chamberCode />
      </item>
      <item>
        <titleType>Display Title</titleType>
        <parentTitleType />
        <chamberName />
        <title>Border Security Technology Accountability Act of 2017</title>
        <chamberCode />
      </item>
    </titles>
    <summaries>
      <billSummaries>
        <item>
          <text><![CDATA[<p><strong>Border Security Technology Accountability Act of 2017</strong></p> <p>This bill amends the Homeland Security Act of 2002 to require the Department of Homeland Security (DHS) to: (1) ensure that each border security technology acquisition program that is determined to be a major acquisition program has an acquisition program baseline approved by the relevant acquisition decision authority; (2) document that each such program is meeting the cost, schedule, and performance thresholds specified in such baseline in compliance with relevant departmental acquisition policies and the Federal Acquisition Regulation; and (3) have a plan for each such program to meet program implementation objectives by managing contractor performance.</p> <p>The Under Secretary for Management and the Commissioner of U.S. Customs and Border Protection is required to ensure that border security technology acquisition program managers adhere to relevant internal control standards identified by the Government Accountability Office. The Commissioner shall provide information to assist the Under Secretary in monitoring proper program management of such acquisition programs.</p> <p>The Under Secretary for Management, in coordination with the Under Secretary for Science and Technology and the Commissioner, shall submit a plan for testing and evaluation, as well as for the use of independent verification and validation resources, for border security technology so that new border security technologies are evaluated through a series of assessments, processes, and audits to ensure compliance with relevant departmental acquisition policies and the Federal Acquisition Regulation and the effectiveness of taxpayer dollars.</p> <p>"Major acquisition program" means a DHS acquisition program that is estimated by DHS to require an eventual total expenditure of at least $300 million over its life cycle cost.</p>]]></text>
          <name>Introduced in House</name>
          <lastSummaryUpdateDate>2017-02-08T19:55:49Z</lastSummaryUpdateDate>
          <versionCode>00</versionCode>
          <actionDesc>Introduced in House</actionDesc>
          <updateDate>2017-01-12T05:00:00Z</updateDate>
          <actionDate>2017-01-12</actionDate>
        </item>
        <item>
          <text><![CDATA[<p><strong>Border Security Technology Accountability Act of 2017</strong></p> <p>(Sec. 2) This bill amends the Homeland Security Act of 2002 to require the Department of Homeland Security (DHS) to: (1) ensure that each border security technology acquisition program that is determined to be a major acquisition program has an acquisition program baseline approved by the relevant acquisition decision authority; (2) document that each such program is meeting the cost, schedule, and performance thresholds specified in such baseline in compliance with relevant departmental acquisition policies and the Federal Acquisition Regulation; and (3) have a plan for each such program to meet program implementation objectives by managing contractor performance.</p> <p>The Under Secretary for Management and the Commissioner of U.S. Customs and Border Protection is required to ensure that border security technology acquisition program managers adhere to relevant internal control standards identified by the Government Accountability Office. The Commissioner shall provide information to assist the Under Secretary in monitoring proper program management of such acquisition programs.</p> <p>The Under Secretary for Management, in coordination with the Under Secretary for Science and Technology and the Commissioner, shall submit a plan for testing and evaluation, as well as for the use of independent verification and validation resources, for border security technology so that new border security technologies are evaluated through a series of assessments, processes, and audits to ensure compliance with relevant departmental acquisition policies and the Federal Acquisition Regulation and the effectiveness of taxpayer dollars.</p> <p>"Major acquisition program" means a DHS acquisition program that is estimated by DHS to require an eventual total expenditure of at least $300 million over its life cycle cost.</p>]]></text>
          <name>Passed House amended</name>
          <lastSummaryUpdateDate>2017-02-08T19:55:05Z</lastSummaryUpdateDate>
          <versionCode>36</versionCode>
          <actionDesc>Passed House amended</actionDesc>
          <updateDate>2017-01-31T13:36:44Z</updateDate>
          <actionDate>2017-01-31</actionDate>
        </item>
      </billSummaries>
    </summaries>
    <committees>
      <billCommittees>
        <item>
          <type>Standing</type>
          <systemCode>ssga00</systemCode>
          <subcommittees />
          <activities>
            <item>
              <date>2017-02-01T23:28:23Z</date>
              <name>Referred to</name>
            </item>
          </activities>
          <chamber>Senate</chamber>
          <name>Homeland Security and Governmental Affairs Committee</name>
        </item>
        <item>
          <type>Standing</type>
          <systemCode>hshm00</systemCode>
          <subcommittees />
          <activities>
            <item>
              <date>2017-01-12T15:03:10Z</date>
              <name>Referred to</name>
            </item>
          </activities>
          <chamber>House</chamber>
          <name>Homeland Security Committee</name>
        </item>
      </billCommittees>
    </committees>
    <introducedDate>2017-01-12</introducedDate>
    <updateDate>2018-02-06T16:40:51Z</updateDate>
    <cboCostEstimates />
    <recordedVotes />
    <billType>HR</billType>
    <createDate>2017-01-13T04:55:31Z</createDate>
    <latestAction>
      <text>Received in the Senate and Read twice and referred to the Committee on Homeland Security and Governmental Affairs.</text>
      <links />
      <actionDate>2017-02-01</actionDate>
    </latestAction>
  </bill>
  <dublinCore xmlns:dc="http://purl.org/dc/elements/1.1/">
    <dc:format>text/xml</dc:format>
    <dc:language>EN</dc:language>
    <dc:rights>Pursuant to Title 17 Section 105 of the United States Code, this file is not subject to copyright protection and is in the public domain.</dc:rights>
    <dc:contributor>Congressional Research Service, Library of Congress</dc:contributor>
    <dc:description>This file contains bill summaries and statuses for federal legislation. A bill summary describes the most significant provisions of a piece of legislation and details the effects the legislative text may have on current law and federal programs. Bill summaries are authored by the Congressional Research Service (CRS) of the Library of Congress. As stated in Public Law 91-510 (2 USC 166 (d)(6)), one of the duties of CRS is "to prepare summaries and digests of bills and resolutions of a public general nature introduced in the Senate or House of Representatives". For more information, refer to the User Guide that accompanies this file.</dc:description>
  </dublinCore>
</billStatus>

