<?xml version="1.0" encoding="UTF-8"?>
<billStatus>
  <bill>
    <titles>
      <item>
        <parentTitleType />
        <chamberCode />
        <chamberName />
        <titleType>(Extracted from GPO) Short Titles as Introduced</titleType>
        <title>Earned Income Tax Credit Improvement and Simplification Act 2017</title>
      </item>
      <item>
        <parentTitleType />
        <chamberCode />
        <chamberName />
        <titleType>Short Titles as Introduced</titleType>
        <title>Earned Income Tax Credit Improvement and Simplification Act 2017</title>
      </item>
      <item>
        <parentTitleType />
        <chamberCode />
        <chamberName />
        <titleType>Official Title as Introduced</titleType>
        <title>To amend the Internal Revenue Code of 1986 to make improvements in the earned income tax credit.</title>
      </item>
      <item>
        <parentTitleType />
        <chamberCode />
        <chamberName />
        <titleType>Display Title</titleType>
        <title>Earned Income Tax Credit Improvement and Simplification Act 2017</title>
      </item>
    </titles>
    <committeeReports />
    <sponsors>
      <item>
        <firstName>RICHARD</firstName>
        <middleName>E.</middleName>
        <identifiers>
          <bioguideId>N000015</bioguideId>
          <lisID>854</lisID>
          <gpoId>7967</gpoId>
        </identifiers>
        <party>D</party>
        <bioguideId>N000015</bioguideId>
        <lastName>NEAL</lastName>
        <fullName>Rep. Neal, Richard E. [D-MA-1]</fullName>
        <byRequestType />
        <district>1</district>
        <state>MA</state>
      </item>
    </sponsors>
    <title>Earned Income Tax Credit Improvement and Simplification Act 2017</title>
    <actions>
      <actionByCounts>
        <houseOfRepresentatives>3</houseOfRepresentatives>
      </actionByCounts>
      <item>
        <text>Referred to the House Committee on Ways and Means.</text>
        <type>IntroReferral</type>
        <sourceSystem>
          <name>House floor actions</name>
          <code>2</code>
        </sourceSystem>
        <committee>
          <name>Ways and Means Committee</name>
          <systemCode>hswm00</systemCode>
        </committee>
        <actionCode>H11100</actionCode>
        <actionDate>2017-02-02</actionDate>
        <links />
      </item>
      <item>
        <text>Introduced in House</text>
        <type>IntroReferral</type>
        <sourceSystem>
          <name>Library of Congress</name>
          <code>9</code>
        </sourceSystem>
        <committee />
        <actionCode>Intro-H</actionCode>
        <actionDate>2017-02-02</actionDate>
        <links />
      </item>
      <item>
        <text>Introduced in House</text>
        <type>IntroReferral</type>
        <sourceSystem>
          <name>Library of Congress</name>
          <code>9</code>
        </sourceSystem>
        <committee />
        <actionCode>1000</actionCode>
        <actionDate>2017-02-02</actionDate>
        <links />
      </item>
      <actionTypeCounts>
        <introducedInHouse>1</introducedInHouse>
        <billReferrals>1</billReferrals>
        <introducedInTheHouse>1</introducedInTheHouse>
      </actionTypeCounts>
    </actions>
    <summaries>
      <billSummaries>
        <item>
          <updateDate>2017-02-02T05:00:00Z</updateDate>
          <actionDesc>Introduced in House</actionDesc>
          <versionCode>00</versionCode>
          <name>Introduced in House</name>
          <text><![CDATA[<p><strong>Earned Income Tax Credit Improvement and Simplification Act 201</strong><b>7</b></p> <p> This bill amends the Internal Revenue Code, with respect to the earned income tax credit, to: (1) allow the credit for an individual who has no qualifying children, has attained the age of 21 but not 25, and is not a full-time student; (2) increase the credit rate and amount for individuals with no qualifying children; (3) allow the credit for an individual whose qualifying children do not have valid Social Security numbers; (4) revise eligibility rules relating to married individuals living apart and qualifying children claimed by another family member; and (5) repeal the denial of such credit for taxpayers with excess investment income. </p>]]></text>
          <lastSummaryUpdateDate>2017-02-10T14:37:50Z</lastSummaryUpdateDate>
          <actionDate>2017-02-02</actionDate>
        </item>
      </billSummaries>
    </summaries>
    <constitutionalAuthorityStatementText><![CDATA[<pre>From the Congressional Record Online through the Government Publishing Office [<a href='http://www.gpo.gov'>www.gpo.gov</a>]By Mr. NEAL:H.R. 822.Congress has the power to enact this legislation pursuantto the following:Article 1, Section 8, Clause 1, and the SixteenthAmendment.[Page H945]</pre>]]></constitutionalAuthorityStatementText>
    <billNumber>822</billNumber>
    <calendarNumbers />
    <originChamber>House</originChamber>
    <version>1.0.0</version>
    <subjects>
      <billSubjects>
        <legislativeSubjects>
          <item>
            <name>Income tax credits</name>
          </item>
          <item>
            <name>Inflation and prices</name>
          </item>
          <item>
            <name>Marriage and family status</name>
          </item>
          <item>
            <name>Poverty and welfare assistance</name>
          </item>
          <item>
            <name>Separation, divorce, custody, support</name>
          </item>
          <item>
            <name>Tax treatment of families</name>
          </item>
          <item>
            <name>Wages and earnings</name>
          </item>
        </legislativeSubjects>
        <policyArea>
          <name>Taxation</name>
        </policyArea>
      </billSubjects>
    </subjects>
    <cosponsors>
      <item>
        <sponsorshipWithdrawnDate />
        <state>CA</state>
        <bioguideId>P000197</bioguideId>
        <fullName>Rep. Pelosi, Nancy [D-CA-12]</fullName>
        <district>12</district>
        <firstName>NANCY</firstName>
        <middleName />
        <isOriginalCosponsor>True</isOriginalCosponsor>
        <sponsorshipDate>2017-02-02</sponsorshipDate>
        <identifiers>
          <gpoId>7813</gpoId>
          <lisID>905</lisID>
          <bioguideId>P000197</bioguideId>
        </identifiers>
        <lastName>PELOSI</lastName>
        <party>D</party>
      </item>
      <item>
        <sponsorshipWithdrawnDate />
        <state>CT</state>
        <bioguideId>D000216</bioguideId>
        <fullName>Rep. DeLauro, Rosa L. [D-CT-3]</fullName>
        <district>3</district>
        <firstName>ROSA</firstName>
        <middleName />
        <isOriginalCosponsor>True</isOriginalCosponsor>
        <sponsorshipDate>2017-02-02</sponsorshipDate>
        <identifiers>
          <bioguideId>D000216</bioguideId>
          <lisID>281</lisID>
          <gpoId>7868</gpoId>
        </identifiers>
        <lastName>DELAURO</lastName>
        <party>D</party>
      </item>
      <item>
        <sponsorshipWithdrawnDate />
        <state>MI</state>
        <bioguideId>L000263</bioguideId>
        <fullName>Rep. Levin, Sander M. [D-MI-9]</fullName>
        <district>9</district>
        <firstName>SANDER</firstName>
        <middleName>M.</middleName>
        <isOriginalCosponsor>True</isOriginalCosponsor>
        <sponsorshipDate>2017-02-02</sponsorshipDate>
        <identifiers>
          <bioguideId>L000263</bioguideId>
          <gpoId>7997</gpoId>
          <lisID>683</lisID>
        </identifiers>
        <lastName>LEVIN</lastName>
        <party>D</party>
      </item>
      <item>
        <sponsorshipWithdrawnDate />
        <state>GA</state>
        <bioguideId>L000287</bioguideId>
        <fullName>Rep. Lewis, John [D-GA-5]</fullName>
        <district>5</district>
        <firstName>JOHN</firstName>
        <middleName />
        <isOriginalCosponsor>True</isOriginalCosponsor>
        <sponsorshipDate>2017-02-02</sponsorshipDate>
        <identifiers>
          <bioguideId>L000287</bioguideId>
          <lisID>688</lisID>
          <gpoId>7902</gpoId>
        </identifiers>
        <lastName>LEWIS</lastName>
        <party>D</party>
      </item>
      <item>
        <sponsorshipWithdrawnDate />
        <state>CA</state>
        <bioguideId>T000460</bioguideId>
        <fullName>Rep. Thompson, Mike [D-CA-5]</fullName>
        <district>5</district>
        <firstName>MIKE</firstName>
        <middleName />
        <isOriginalCosponsor>True</isOriginalCosponsor>
        <sponsorshipDate>2017-02-02</sponsorshipDate>
        <identifiers>
          <lisID>1593</lisID>
          <gpoId>7806</gpoId>
          <bioguideId>T000460</bioguideId>
        </identifiers>
        <lastName>THOMPSON</lastName>
        <party>D</party>
      </item>
      <item>
        <sponsorshipWithdrawnDate />
        <state>CT</state>
        <bioguideId>L000557</bioguideId>
        <fullName>Rep. Larson, John B. [D-CT-1]</fullName>
        <district>1</district>
        <firstName>JOHN</firstName>
        <middleName>B.</middleName>
        <isOriginalCosponsor>True</isOriginalCosponsor>
        <sponsorshipDate>2017-02-02</sponsorshipDate>
        <identifiers>
          <bioguideId>L000557</bioguideId>
          <lisID>1583</lisID>
          <gpoId>7866</gpoId>
        </identifiers>
        <lastName>LARSON</lastName>
        <party>D</party>
      </item>
      <item>
        <sponsorshipWithdrawnDate />
        <state>OR</state>
        <bioguideId>B000574</bioguideId>
        <fullName>Rep. Blumenauer, Earl [D-OR-3]</fullName>
        <district>3</district>
        <firstName>EARL</firstName>
        <middleName />
        <isOriginalCosponsor>True</isOriginalCosponsor>
        <sponsorshipDate>2017-02-02</sponsorshipDate>
        <identifiers>
          <lisID>99</lisID>
          <bioguideId>B000574</bioguideId>
          <gpoId>8116</gpoId>
        </identifiers>
        <lastName>BLUMENAUER</lastName>
        <party>D</party>
      </item>
      <item>
        <sponsorshipWithdrawnDate />
        <state>WI</state>
        <bioguideId>K000188</bioguideId>
        <fullName>Rep. Kind, Ron [D-WI-3]</fullName>
        <district>3</district>
        <firstName>RON</firstName>
        <middleName />
        <isOriginalCosponsor>True</isOriginalCosponsor>
        <sponsorshipDate>2017-02-02</sponsorshipDate>
        <identifiers>
          <lisID>1498</lisID>
          <gpoId>8216</gpoId>
          <bioguideId>K000188</bioguideId>
        </identifiers>
        <lastName>KIND</lastName>
        <party>D</party>
      </item>
      <item>
        <sponsorshipWithdrawnDate />
        <state>NJ</state>
        <bioguideId>P000096</bioguideId>
        <fullName>Rep. Pascrell, Bill, Jr. [D-NJ-9]</fullName>
        <district>9</district>
        <firstName>WILLIAM</firstName>
        <middleName>J.</middleName>
        <isOriginalCosponsor>True</isOriginalCosponsor>
        <sponsorshipDate>2017-02-02</sponsorshipDate>
        <identifiers>
          <gpoId>8050</gpoId>
          <lisID>1510</lisID>
          <bioguideId>P000096</bioguideId>
        </identifiers>
        <lastName>PASCRELL</lastName>
        <party>D</party>
      </item>
      <item>
        <sponsorshipWithdrawnDate />
        <state>NY</state>
        <bioguideId>C001038</bioguideId>
        <fullName>Rep. Crowley, Joseph [D-NY-14]</fullName>
        <district>14</district>
        <firstName>JOSEPH</firstName>
        <middleName />
        <isOriginalCosponsor>True</isOriginalCosponsor>
        <sponsorshipDate>2017-02-02</sponsorshipDate>
        <identifiers>
          <bioguideId>C001038</bioguideId>
          <lisID>1604</lisID>
          <gpoId>8068</gpoId>
        </identifiers>
        <lastName>CROWLEY</lastName>
        <party>D</party>
      </item>
      <item>
        <sponsorshipWithdrawnDate />
        <state>IL</state>
        <bioguideId>D000096</bioguideId>
        <fullName>Rep. Davis, Danny K. [D-IL-7]</fullName>
        <district>7</district>
        <firstName>DANNY</firstName>
        <middleName>K.</middleName>
        <isOriginalCosponsor>True</isOriginalCosponsor>
        <sponsorshipDate>2017-02-02</sponsorshipDate>
        <identifiers>
          <gpoId>7927</gpoId>
          <bioguideId>D000096</bioguideId>
          <lisID>1477</lisID>
        </identifiers>
        <lastName>DAVIS</lastName>
        <party>D</party>
      </item>
      <item>
        <sponsorshipWithdrawnDate />
        <state>CA</state>
        <bioguideId>S001156</bioguideId>
        <fullName>Rep. Sanchez, Linda T. [D-CA-38]</fullName>
        <district>38</district>
        <firstName>LINDA</firstName>
        <middleName>T.</middleName>
        <isOriginalCosponsor>True</isOriginalCosponsor>
        <sponsorshipDate>2017-02-02</sponsorshipDate>
        <identifiers>
          <lisID>1757</lisID>
          <gpoId>7844</gpoId>
          <bioguideId>S001156</bioguideId>
        </identifiers>
        <lastName>SANCHEZ</lastName>
        <party>D</party>
      </item>
      <item>
        <sponsorshipWithdrawnDate />
        <state>AL</state>
        <bioguideId>S001185</bioguideId>
        <fullName>Rep. Sewell, Terri A. [D-AL-7]</fullName>
        <district>7</district>
        <firstName>Terri</firstName>
        <middleName>A.</middleName>
        <isOriginalCosponsor>True</isOriginalCosponsor>
        <sponsorshipDate>2017-02-02</sponsorshipDate>
        <identifiers>
          <gpoId>7792</gpoId>
          <bioguideId>S001185</bioguideId>
          <lisID>1988</lisID>
        </identifiers>
        <lastName>Sewell</lastName>
        <party>D</party>
      </item>
      <item>
        <sponsorshipWithdrawnDate />
        <state>MA</state>
        <bioguideId>K000375</bioguideId>
        <fullName>Rep. Keating, William R. [D-MA-9]</fullName>
        <district>9</district>
        <firstName>William</firstName>
        <middleName>R.</middleName>
        <isOriginalCosponsor>True</isOriginalCosponsor>
        <sponsorshipDate>2017-02-02</sponsorshipDate>
        <identifiers>
          <lisID>2025</lisID>
          <gpoId>7975</gpoId>
          <bioguideId>K000375</bioguideId>
        </identifiers>
        <lastName>Keating</lastName>
        <party>D</party>
      </item>
      <item>
        <sponsorshipWithdrawnDate />
        <state>DC</state>
        <bioguideId>N000147</bioguideId>
        <fullName>Rep. Norton, Eleanor Holmes [D-DC-At Large]</fullName>
        <district>0</district>
        <firstName>ELEANOR</firstName>
        <middleName>HOLMES</middleName>
        <isOriginalCosponsor>True</isOriginalCosponsor>
        <sponsorshipDate>2017-02-02</sponsorshipDate>
        <identifiers>
          <bioguideId>N000147</bioguideId>
          <lisID>868</lisID>
          <gpoId>7871</gpoId>
        </identifiers>
        <lastName>NORTON</lastName>
        <party>D</party>
      </item>
      <item>
        <sponsorshipWithdrawnDate />
        <state>OH</state>
        <bioguideId>F000455</bioguideId>
        <fullName>Rep. Fudge, Marcia L. [D-OH-11]</fullName>
        <district>11</district>
        <firstName>Marcia</firstName>
        <middleName>L.</middleName>
        <isOriginalCosponsor>True</isOriginalCosponsor>
        <sponsorshipDate>2017-02-02</sponsorshipDate>
        <identifiers>
          <lisID>1895</lisID>
          <bioguideId>F000455</bioguideId>
          <gpoId>8101</gpoId>
        </identifiers>
        <lastName>Fudge</lastName>
        <party>D</party>
      </item>
      <item>
        <sponsorshipWithdrawnDate />
        <state>IL</state>
        <bioguideId>S001145</bioguideId>
        <fullName>Rep. Schakowsky, Janice D. [D-IL-9]</fullName>
        <district>9</district>
        <firstName>JANICE</firstName>
        <middleName>D.</middleName>
        <isOriginalCosponsor>True</isOriginalCosponsor>
        <sponsorshipDate>2017-02-02</sponsorshipDate>
        <identifiers>
          <gpoId>7929</gpoId>
          <lisID>1588</lisID>
          <bioguideId>S001145</bioguideId>
        </identifiers>
        <lastName>SCHAKOWSKY</lastName>
        <party>D</party>
      </item>
      <item>
        <sponsorshipWithdrawnDate />
        <state>MA</state>
        <bioguideId>C001101</bioguideId>
        <fullName>Rep. Clark, Katherine M. [D-MA-5]</fullName>
        <district>5</district>
        <firstName>Katherine</firstName>
        <middleName>M.</middleName>
        <isOriginalCosponsor>True</isOriginalCosponsor>
        <sponsorshipDate>2017-02-02</sponsorshipDate>
        <identifiers>
          <bioguideId>C001101</bioguideId>
          <gpoId />
          <lisID>2196</lisID>
        </identifiers>
        <lastName>Clark</lastName>
        <party>D</party>
      </item>
      <item>
        <sponsorshipWithdrawnDate />
        <state>MA</state>
        <bioguideId>K000379</bioguideId>
        <fullName>Rep. Kennedy, Joseph P., III [D-MA-4]</fullName>
        <district>4</district>
        <firstName>Joseph</firstName>
        <middleName>P.</middleName>
        <isOriginalCosponsor>True</isOriginalCosponsor>
        <sponsorshipDate>2017-02-02</sponsorshipDate>
        <identifiers>
          <lisID>2172</lisID>
          <bioguideId>K000379</bioguideId>
          <gpoId />
        </identifiers>
        <lastName>Kennedy</lastName>
        <party>D</party>
      </item>
      <item>
        <sponsorshipWithdrawnDate />
        <state>MD</state>
        <bioguideId>H000874</bioguideId>
        <fullName>Rep. Hoyer, Steny H. [D-MD-5]</fullName>
        <district>5</district>
        <firstName>STENY</firstName>
        <middleName>H.</middleName>
        <isOriginalCosponsor>True</isOriginalCosponsor>
        <sponsorshipDate>2017-02-02</sponsorshipDate>
        <identifiers>
          <bioguideId>H000874</bioguideId>
          <lisID>566</lisID>
          <gpoId>7980</gpoId>
        </identifiers>
        <lastName>HOYER</lastName>
        <party>D</party>
      </item>
      <item>
        <sponsorshipWithdrawnDate />
        <state>TX</state>
        <bioguideId>D000399</bioguideId>
        <fullName>Rep. Doggett, Lloyd [D-TX-35]</fullName>
        <district>35</district>
        <firstName>LLOYD</firstName>
        <middleName />
        <isOriginalCosponsor>True</isOriginalCosponsor>
        <sponsorshipDate>2017-02-02</sponsorshipDate>
        <identifiers>
          <lisID>303</lisID>
          <gpoId>8181</gpoId>
          <bioguideId>D000399</bioguideId>
        </identifiers>
        <lastName>DOGGETT</lastName>
        <party>D</party>
      </item>
      <item>
        <sponsorshipWithdrawnDate />
        <state>WA</state>
        <bioguideId>D000617</bioguideId>
        <fullName>Rep. DelBene, Suzan K. [D-WA-1]</fullName>
        <district>1</district>
        <firstName>Suzan</firstName>
        <middleName>K.</middleName>
        <isOriginalCosponsor>True</isOriginalCosponsor>
        <sponsorshipDate>2017-02-02</sponsorshipDate>
        <identifiers>
          <lisID>2096</lisID>
          <gpoId>8374</gpoId>
          <bioguideId>D000617</bioguideId>
        </identifiers>
        <lastName>DelBene</lastName>
        <party>D</party>
      </item>
      <item>
        <sponsorshipWithdrawnDate />
        <state>TN</state>
        <bioguideId>C001068</bioguideId>
        <fullName>Rep. Cohen, Steve [D-TN-9]</fullName>
        <district>9</district>
        <firstName>Steve</firstName>
        <middleName />
        <isOriginalCosponsor>True</isOriginalCosponsor>
        <sponsorshipDate>2017-02-02</sponsorshipDate>
        <identifiers>
          <lisID>1878</lisID>
          <gpoId>8156</gpoId>
          <bioguideId>C001068</bioguideId>
        </identifiers>
        <lastName>Cohen</lastName>
        <party>D</party>
      </item>
      <item>
        <sponsorshipWithdrawnDate />
        <state>CA</state>
        <bioguideId>B001300</bioguideId>
        <fullName>Rep. Barragan, Nanette Diaz [D-CA-44]</fullName>
        <district>44</district>
        <firstName>Nanette</firstName>
        <middleName>Diaz</middleName>
        <isOriginalCosponsor>False</isOriginalCosponsor>
        <sponsorshipDate>2017-02-27</sponsorshipDate>
        <identifiers>
          <gpoId />
          <bioguideId>B001300</bioguideId>
          <lisID>2311</lisID>
        </identifiers>
        <lastName>Barragan</lastName>
        <party>D</party>
      </item>
      <item>
        <sponsorshipWithdrawnDate />
        <state>NJ</state>
        <bioguideId>P000034</bioguideId>
        <fullName>Rep. Pallone, Frank, Jr. [D-NJ-6]</fullName>
        <district>6</district>
        <firstName>FRANK</firstName>
        <middleName />
        <isOriginalCosponsor>False</isOriginalCosponsor>
        <sponsorshipDate>2017-02-28</sponsorshipDate>
        <identifiers>
          <lisID>887</lisID>
          <bioguideId>P000034</bioguideId>
          <gpoId>8048</gpoId>
        </identifiers>
        <lastName>PALLONE</lastName>
        <party>D</party>
      </item>
      <item>
        <sponsorshipWithdrawnDate />
        <state>MA</state>
        <bioguideId>M001196</bioguideId>
        <fullName>Rep. Moulton, Seth [D-MA-6]</fullName>
        <district>6</district>
        <firstName>Seth</firstName>
        <middleName />
        <isOriginalCosponsor>False</isOriginalCosponsor>
        <sponsorshipDate>2017-03-28</sponsorshipDate>
        <identifiers>
          <bioguideId>M001196</bioguideId>
          <gpoId />
          <lisID>2246</lisID>
        </identifiers>
        <lastName>Moulton</lastName>
        <party>D</party>
      </item>
      <item>
        <sponsorshipWithdrawnDate />
        <state>NY</state>
        <bioguideId>H001038</bioguideId>
        <fullName>Rep. Higgins, Brian [D-NY-26]</fullName>
        <district>26</district>
        <firstName>Brian</firstName>
        <middleName />
        <isOriginalCosponsor>False</isOriginalCosponsor>
        <sponsorshipDate>2017-04-25</sponsorshipDate>
        <identifiers>
          <gpoId>8088</gpoId>
          <bioguideId>H001038</bioguideId>
          <lisID>1794</lisID>
        </identifiers>
        <lastName>Higgins</lastName>
        <party>D</party>
      </item>
      <item>
        <sponsorshipWithdrawnDate />
        <state>CA</state>
        <bioguideId>K000389</bioguideId>
        <fullName>Rep. Khanna, Ro [D-CA-17]</fullName>
        <district>17</district>
        <firstName>Ro</firstName>
        <middleName />
        <isOriginalCosponsor>False</isOriginalCosponsor>
        <sponsorshipDate>2017-05-04</sponsorshipDate>
        <identifiers>
          <gpoId />
          <bioguideId>K000389</bioguideId>
          <lisID>2308</lisID>
        </identifiers>
        <lastName>Khanna</lastName>
        <party>D</party>
      </item>
      <item>
        <sponsorshipWithdrawnDate />
        <state>CA</state>
        <bioguideId>S001175</bioguideId>
        <fullName>Rep. Speier, Jackie [D-CA-14]</fullName>
        <district>14</district>
        <firstName>Jackie</firstName>
        <middleName />
        <isOriginalCosponsor>False</isOriginalCosponsor>
        <sponsorshipDate>2017-09-12</sponsorshipDate>
        <identifiers>
          <bioguideId>S001175</bioguideId>
          <lisID>1890</lisID>
          <gpoId>7817</gpoId>
        </identifiers>
        <lastName>Speier</lastName>
        <party>D</party>
      </item>
    </cosponsors>
    <latestAction>
      <text>Referred to the House Committee on Ways and Means.</text>
      <links />
      <actionDate>2017-02-02</actionDate>
    </latestAction>
    <laws />
    <notes />
    <createDate>2017-02-03T05:17:29Z</createDate>
    <billType>HR</billType>
    <updateDate>2018-02-06T16:41:12Z</updateDate>
    <relatedBills />
    <cboCostEstimates />
    <introducedDate>2017-02-02</introducedDate>
    <amendments />
    <policyArea>
      <name>Taxation</name>
    </policyArea>
    <recordedVotes />
    <congress>115</congress>
    <committees>
      <billCommittees>
        <item>
          <chamber>House</chamber>
          <subcommittees />
          <type>Standing</type>
          <activities>
            <item>
              <date>2017-02-02T15:02:05Z</date>
              <name>Referred to</name>
            </item>
          </activities>
          <systemCode>hswm00</systemCode>
          <name>Ways and Means Committee</name>
        </item>
      </billCommittees>
    </committees>
  </bill>
  <dublinCore xmlns:dc="http://purl.org/dc/elements/1.1/">
    <dc:format>text/xml</dc:format>
    <dc:language>EN</dc:language>
    <dc:rights>Pursuant to Title 17 Section 105 of the United States Code, this file is not subject to copyright protection and is in the public domain.</dc:rights>
    <dc:contributor>Congressional Research Service, Library of Congress</dc:contributor>
    <dc:description>This file contains bill summaries and statuses for federal legislation. A bill summary describes the most significant provisions of a piece of legislation and details the effects the legislative text may have on current law and federal programs. Bill summaries are authored by the Congressional Research Service (CRS) of the Library of Congress. As stated in Public Law 91-510 (2 USC 166 (d)(6)), one of the duties of CRS is "to prepare summaries and digests of bills and resolutions of a public general nature introduced in the Senate or House of Representatives". For more information, refer to the User Guide that accompanies this file.</dc:description>
  </dublinCore>
</billStatus>

