<?xml version="1.0" encoding="UTF-8"?>
<billStatus>
  <bill>
    <billNumber>688</billNumber>
    <committeeReports>
      <committeeReport>
        <citation>S. Rept. 115-57</citation>
      </committeeReport>
    </committeeReports>
    <originChamber>House</originChamber>
    <cboCostEstimates>
      <item>
        <pubDate>2017-04-10T21:19:55Z</pubDate>
        <title>H.R. 688, Arapaho National Forest Boundary Adjustment Act of 2017</title>
        <url>https://www.cbo.gov/publication/52620</url>
      </item>
    </cboCostEstimates>
    <createDate>2017-01-25T04:45:56Z</createDate>
    <titles>
      <item>
        <chamberName>Senate</chamberName>
        <parentTitleType />
        <title>Arapaho National Forest Boundary Adjustment Act of 2017</title>
        <chamberCode>S</chamberCode>
        <titleType>(Extracted from GPO) Short Titles as Reported to Senate</titleType>
      </item>
      <item>
        <chamberName />
        <parentTitleType />
        <title>Arapaho National Forest Boundary Adjustment Act of 2017</title>
        <chamberCode />
        <titleType>(Extracted from GPO) Short Titles as Introduced</titleType>
      </item>
      <item>
        <chamberName>House</chamberName>
        <parentTitleType />
        <title>Arapaho National Forest Boundary Adjustment Act of 2017</title>
        <chamberCode>H</chamberCode>
        <titleType>(Extracted from GPO) Short Titles as Passed House</titleType>
      </item>
      <item>
        <chamberName>House</chamberName>
        <parentTitleType>Short Titles House of Representatives</parentTitleType>
        <title>Arapaho National Forest Boundary Adjustment Act of 2017</title>
        <chamberCode>H</chamberCode>
        <titleType>Short Titles as Passed House</titleType>
      </item>
      <item>
        <chamberName>Senate</chamberName>
        <parentTitleType>Short Titles Senate</parentTitleType>
        <title>Arapaho National Forest Boundary Adjustment Act of 2017</title>
        <chamberCode>S</chamberCode>
        <titleType>Short Titles as Reported to Senate</titleType>
      </item>
      <item>
        <chamberName />
        <parentTitleType />
        <title>Arapaho National Forest Boundary Adjustment Act of 2017</title>
        <chamberCode />
        <titleType>Short Titles as Introduced</titleType>
      </item>
      <item>
        <chamberName />
        <parentTitleType />
        <title>To adjust the boundary of the Arapaho National Forest, Colorado, and for other purposes.</title>
        <chamberCode />
        <titleType>Official Title as Introduced</titleType>
      </item>
      <item>
        <chamberName />
        <parentTitleType />
        <title>Arapaho National Forest Boundary Adjustment Act of 2017</title>
        <chamberCode />
        <titleType>Display Title</titleType>
      </item>
    </titles>
    <updateDate>2018-02-22T15:27:19Z</updateDate>
    <notes />
    <subjects>
      <billSubjects>
        <legislativeSubjects>
          <item>
            <name>Colorado</name>
          </item>
          <item>
            <name>Forests, forestry, trees</name>
          </item>
          <item>
            <name>Land transfers</name>
          </item>
          <item>
            <name>Motor vehicles</name>
          </item>
        </legislativeSubjects>
        <policyArea>
          <name>Public Lands and Natural Resources</name>
        </policyArea>
      </billSubjects>
    </subjects>
    <constitutionalAuthorityStatementText><![CDATA[<pre>From the Congressional Record Online through the Government Publishing Office [<a href='http://www.gpo.gov'>www.gpo.gov</a>]By Mr. POLIS:H.R. 688.Congress has the power to enact this legislation pursuantto the following:Article I, Section 8, Clause 1 (relating to the power ofCongress to provide for the general welfare of the UnitedStates) and Clause 18 (relating to the power to make all lawsnecessary and proper for carrying out the powers vested inCongress).Article IV, Section 3, Clause 2 (relating to the power ofCongress to dispose of and make all needful rules andregulations respecting territory or other property belongingto the United States).[Page H689]</pre>]]></constitutionalAuthorityStatementText>
    <relatedBills>
      <item>
        <number>289</number>
        <relationshipDetails>
          <item>
            <identifiedBy>CRS</identifiedBy>
            <type>Identical bill</type>
          </item>
          <item>
            <identifiedBy>House</identifiedBy>
            <type>Related bill</type>
          </item>
        </relationshipDetails>
        <type>S</type>
        <latestAction>
          <actionDate>2017-05-09</actionDate>
          <text>Placed on Senate Legislative Calendar under General Orders. Calendar No. 67.</text>
        </latestAction>
        <latestTitle>Arapaho National Forest Boundary Adjustment Act of 2017</latestTitle>
        <congress>115</congress>
      </item>
    </relatedBills>
    <laws />
    <congress>115</congress>
    <calendarNumbers>
      <item>
        <calendar>Senate Calendar of Business</calendar>
        <number>0070</number>
      </item>
    </calendarNumbers>
    <introducedDate>2017-01-24</introducedDate>
    <policyArea>
      <name>Public Lands and Natural Resources</name>
    </policyArea>
    <version>1.0.0</version>
    <billType>HR</billType>
    <committees>
      <billCommittees>
        <item>
          <activities>
            <item>
              <date>2017-05-09T16:23:46Z</date>
              <name>Reported by</name>
            </item>
            <item>
              <date>2017-03-30T13:30:00Z</date>
              <name>Markup by</name>
            </item>
            <item>
              <date>2017-02-07T16:54:16Z</date>
              <name>Referred to</name>
            </item>
          </activities>
          <chamber>Senate</chamber>
          <subcommittees />
          <systemCode>sseg00</systemCode>
          <name>Energy and Natural Resources Committee</name>
          <type>Standing</type>
        </item>
        <item>
          <activities>
            <item>
              <date>2017-01-24T15:06:05Z</date>
              <name>Referred to</name>
            </item>
          </activities>
          <chamber>House</chamber>
          <subcommittees />
          <systemCode>hsii00</systemCode>
          <name>Natural Resources Committee</name>
          <type>Standing</type>
        </item>
      </billCommittees>
    </committees>
    <actions>
      <actionTypeCounts>
        <reportedToSenate>2</reportedToSenate>
        <passedAgreedToInHouse>1</passedAgreedToInHouse>
        <placedOnCalendarGeneralOrders>1</placedOnCalendarGeneralOrders>
        <introducedInTheHouse>1</introducedInTheHouse>
        <billReferrals>1</billReferrals>
        <introducedInHouse>1</introducedInHouse>
        <referredToCommittee>1</referredToCommittee>
        <generalDebate>1</generalDebate>
        <motionToReconsiderResults>1</motionToReconsiderResults>
        <motionMadeToSuspendTheRules>1</motionMadeToSuspendTheRules>
        <considerationByHouse>1</considerationByHouse>
        <orderedReported>1</orderedReported>
        <finalPassageUnderSuspensionOfTheRulesResults>1</finalPassageUnderSuspensionOfTheRulesResults>
      </actionTypeCounts>
      <actionByCounts>
        <houseOfRepresentatives>9</houseOfRepresentatives>
        <senate>5</senate>
      </actionByCounts>
      <item>
        <actionDate>2017-05-09</actionDate>
        <committee />
        <links />
        <sourceSystem>
          <code>0</code>
          <name>Senate</name>
        </sourceSystem>
        <text>Placed on Senate Legislative Calendar under General Orders. Calendar No. 70.</text>
        <type>Calendars</type>
      </item>
      <item>
        <actionDate>2017-05-09</actionDate>
        <committee>
          <systemCode>sseg00</systemCode>
          <name>Energy and Natural Resources Committee</name>
        </committee>
        <links>
          <link>
            <url>https://www.congress.gov/congressional-report/115th-congress/senate-report/57</url>
            <name>report No. 115-57</name>
          </link>
        </links>
        <sourceSystem>
          <code>0</code>
          <name>Senate</name>
        </sourceSystem>
        <text>Committee on Energy and Natural Resources. Reported by Senator Murkowski without amendment. With written report No. 115-57.</text>
        <type>Committee</type>
      </item>
      <item>
        <actionDate>2017-05-09</actionDate>
        <type>Committee</type>
        <actionCode>14000</actionCode>
        <links>
          <link>
            <url>https://www.congress.gov/congressional-report/115th-congress/senate-report/57</url>
            <name>report No. 115-57</name>
          </link>
        </links>
        <text>Committee on Energy and Natural Resources. Reported by Senator Murkowski without amendment. With written report No. 115-57.</text>
        <committee>
          <systemCode>sseg00</systemCode>
          <name>Energy and Natural Resources Committee</name>
        </committee>
        <sourceSystem>
          <code>9</code>
          <name>Library of Congress</name>
        </sourceSystem>
      </item>
      <item>
        <actionDate>2017-03-30</actionDate>
        <committee>
          <systemCode>sseg00</systemCode>
          <name>Energy and Natural Resources Committee</name>
        </committee>
        <links />
        <sourceSystem>
          <code>0</code>
          <name>Senate</name>
        </sourceSystem>
        <text>Committee on Energy and Natural Resources. Ordered to be reported without amendment favorably.</text>
        <type>Committee</type>
      </item>
      <item>
        <actionDate>2017-02-07</actionDate>
        <committee>
          <systemCode>sseg00</systemCode>
          <name>Energy and Natural Resources Committee</name>
        </committee>
        <links />
        <sourceSystem>
          <code>0</code>
          <name>Senate</name>
        </sourceSystem>
        <text>Received in the Senate and Read twice and referred to the Committee on Energy and Natural Resources.</text>
        <type>IntroReferral</type>
      </item>
      <item>
        <actionDate>2017-02-06</actionDate>
        <type>Floor</type>
        <actionCode>H38310</actionCode>
        <links />
        <actionTime>17:09:02</actionTime>
        <text>Motion to reconsider laid on the table Agreed to without objection.</text>
        <committee />
        <sourceSystem>
          <code>2</code>
          <name>House floor actions</name>
        </sourceSystem>
      </item>
      <item>
        <actionDate>2017-02-06</actionDate>
        <type>Floor</type>
        <actionCode>H37300</actionCode>
        <links>
          <link>
            <url>https://www.congress.gov/congressional-record/volume-163/house-section/page/H983</url>
            <name>H983</name>
          </link>
        </links>
        <actionTime>17:09:01</actionTime>
        <text>On motion to suspend the rules and pass the bill Agreed to by voice vote. (text: CR H983)</text>
        <committee />
        <sourceSystem>
          <code>2</code>
          <name>House floor actions</name>
        </sourceSystem>
      </item>
      <item>
        <actionDate>2017-02-06</actionDate>
        <type>Floor</type>
        <actionCode>8000</actionCode>
        <links>
          <link>
            <url>https://www.congress.gov/congressional-record/volume-163/house-section/page/H983</url>
            <name>H983</name>
          </link>
        </links>
        <actionTime>17:09:01</actionTime>
        <text>Passed/agreed to in House: On motion to suspend the rules and pass the bill Agreed to by voice vote.(text: CR H983)</text>
        <committee />
        <sourceSystem>
          <code>9</code>
          <name>Library of Congress</name>
        </sourceSystem>
      </item>
      <item>
        <actionDate>2017-02-06</actionDate>
        <type>Floor</type>
        <actionCode>H8D000</actionCode>
        <links>
          <link>
            <url>https://www.congress.gov/bill/115th-congress/house-bill/688</url>
            <name>H.R. 688</name>
          </link>
        </links>
        <actionTime>17:02:53</actionTime>
        <text>DEBATE - The House proceeded with forty minutes of debate on H.R. 688.</text>
        <committee />
        <sourceSystem>
          <code>2</code>
          <name>House floor actions</name>
        </sourceSystem>
      </item>
      <item>
        <actionDate>2017-02-06</actionDate>
        <type>Floor</type>
        <actionCode>H30000</actionCode>
        <links>
          <link>
            <url>https://www.congress.gov/congressional-record/volume-163/house-section/page/H983-984</url>
            <name>H983-984</name>
          </link>
        </links>
        <actionTime>17:02:52</actionTime>
        <text>Considered under suspension of the rules. (consideration: CR H983-984)</text>
        <committee />
        <sourceSystem>
          <code>2</code>
          <name>House floor actions</name>
        </sourceSystem>
      </item>
      <item>
        <actionDate>2017-02-06</actionDate>
        <type>Floor</type>
        <actionCode>H30300</actionCode>
        <links />
        <actionTime>17:02:42</actionTime>
        <text>Mr. Lamborn moved to suspend the rules and pass the bill.</text>
        <committee />
        <sourceSystem>
          <code>2</code>
          <name>House floor actions</name>
        </sourceSystem>
      </item>
      <item>
        <actionDate>2017-01-24</actionDate>
        <type>IntroReferral</type>
        <actionCode>H11100</actionCode>
        <links />
        <text>Referred to the House Committee on Natural Resources.</text>
        <committee>
          <systemCode>hsii00</systemCode>
          <name>Natural Resources Committee</name>
        </committee>
        <sourceSystem>
          <code>2</code>
          <name>House floor actions</name>
        </sourceSystem>
      </item>
      <item>
        <actionDate>2017-01-24</actionDate>
        <type>IntroReferral</type>
        <actionCode>Intro-H</actionCode>
        <links />
        <text>Introduced in House</text>
        <committee />
        <sourceSystem>
          <code>9</code>
          <name>Library of Congress</name>
        </sourceSystem>
      </item>
      <item>
        <actionDate>2017-01-24</actionDate>
        <type>IntroReferral</type>
        <actionCode>1000</actionCode>
        <links />
        <text>Introduced in House</text>
        <committee />
        <sourceSystem>
          <code>9</code>
          <name>Library of Congress</name>
        </sourceSystem>
      </item>
    </actions>
    <cosponsors>
      <item>
        <sponsorshipDate>2017-01-24</sponsorshipDate>
        <state>CO</state>
        <firstName>Scott</firstName>
        <party>R</party>
        <identifiers>
          <bioguideId>T000470</bioguideId>
          <lisID>1997</lisID>
          <gpoId>7861</gpoId>
        </identifiers>
        <bioguideId>T000470</bioguideId>
        <sponsorshipWithdrawnDate />
        <isOriginalCosponsor>True</isOriginalCosponsor>
        <district>3</district>
        <fullName>Rep. Tipton, Scott  R. [R-CO-3]</fullName>
        <lastName>Tipton</lastName>
        <middleName>R.</middleName>
      </item>
      <item>
        <sponsorshipDate>2017-01-24</sponsorshipDate>
        <state>CO</state>
        <firstName>Doug</firstName>
        <party>R</party>
        <identifiers>
          <bioguideId>L000564</bioguideId>
          <lisID>1834</lisID>
          <gpoId>7863</gpoId>
        </identifiers>
        <bioguideId>L000564</bioguideId>
        <sponsorshipWithdrawnDate />
        <isOriginalCosponsor>True</isOriginalCosponsor>
        <district>5</district>
        <fullName>Rep. Lamborn, Doug [R-CO-5]</fullName>
        <lastName>Lamborn</lastName>
        <middleName />
      </item>
    </cosponsors>
    <recordedVotes />
    <amendments />
    <summaries>
      <billSummaries>
        <item>
          <text><![CDATA[<p><b>Arapaho National Forest Boundary Adjustment Act of 2017</b></p> <p> This bill adjusts the boundary of the Arapaho National Forest in Colorado to incorporate approximately 92.95 acres of land. The Department of Agriculture shall include all federal land within the boundary in the Bowen Gulch Protection Area established under the Colorado Wilderness Act of 1993. </p>]]></text>
          <lastSummaryUpdateDate>2017-03-15T20:30:02Z</lastSummaryUpdateDate>
          <versionCode>00</versionCode>
          <actionDesc>Introduced in House</actionDesc>
          <actionDate>2017-01-24</actionDate>
          <name>Introduced in House</name>
          <updateDate>2017-01-24T05:00:00Z</updateDate>
        </item>
        <item>
          <text><![CDATA[<p>(This measure has not been amended since it was introduced. The summary has been expanded because action occurred on the measure.)</p> <p><b>Arapaho National Forest Boundary Adjustment Act of 2017</b></p> <p> (Sec. 2) This bill adjusts the boundary of the Arapaho National Forest in Colorado to incorporate approximately 92.95 acres of land. The Department of Agriculture shall include all federal land within the boundary in the Bowen Gulch Protection Area established under the Colorado Wilderness Act of 1993. </p>]]></text>
          <lastSummaryUpdateDate>2017-03-15T20:37:14Z</lastSummaryUpdateDate>
          <versionCode>81</versionCode>
          <actionDesc>Passed House without amendment</actionDesc>
          <actionDate>2017-02-06</actionDate>
          <name>Passed House without amendment</name>
          <updateDate>2017-02-06T14:00:19Z</updateDate>
        </item>
        <item>
          <text><![CDATA[<p>(This measure has not been amended since it was introduced. The expanded summary of the House passed version is repeated here.)</p> <p><b>Arapaho National Forest Boundary Adjustment Act of 2017</b></p> <p> (Sec. 2) This bill adjusts the boundary of the Arapaho National Forest in Colorado to incorporate approximately 92.95 acres of land. The Department of Agriculture shall include all federal land within the boundary in the Bowen Gulch Protection Area established under the Colorado Wilderness Act of 1993. </p>]]></text>
          <lastSummaryUpdateDate>2017-05-25T20:53:48Z</lastSummaryUpdateDate>
          <versionCode>80</versionCode>
          <actionDesc>Reported to Senate without amendment</actionDesc>
          <actionDate>2017-05-09</actionDate>
          <name>Reported to Senate without amendment</name>
          <updateDate>2017-05-09T13:46:53Z</updateDate>
        </item>
      </billSummaries>
    </summaries>
    <title>Arapaho National Forest Boundary Adjustment Act of 2017</title>
    <latestAction>
      <actionDate>2017-05-09</actionDate>
      <text>Placed on Senate Legislative Calendar under General Orders. Calendar No. 70.</text>
      <links />
    </latestAction>
    <sponsors>
      <item>
        <byRequestType />
        <party>D</party>
        <middleName />
        <lastName>Polis</lastName>
        <district>2</district>
        <bioguideId>P000598</bioguideId>
        <fullName>Rep. Polis, Jared [D-CO-2]</fullName>
        <firstName>Jared</firstName>
        <identifiers>
          <bioguideId>P000598</bioguideId>
          <lisID>1910</lisID>
          <gpoId>7860</gpoId>
        </identifiers>
        <state>CO</state>
      </item>
    </sponsors>
  </bill>
  <dublinCore xmlns:dc="http://purl.org/dc/elements/1.1/">
    <dc:format>text/xml</dc:format>
    <dc:language>EN</dc:language>
    <dc:rights>Pursuant to Title 17 Section 105 of the United States Code, this file is not subject to copyright protection and is in the public domain.</dc:rights>
    <dc:contributor>Congressional Research Service, Library of Congress</dc:contributor>
    <dc:description>This file contains bill summaries and statuses for federal legislation. A bill summary describes the most significant provisions of a piece of legislation and details the effects the legislative text may have on current law and federal programs. Bill summaries are authored by the Congressional Research Service (CRS) of the Library of Congress. As stated in Public Law 91-510 (2 USC 166 (d)(6)), one of the duties of CRS is "to prepare summaries and digests of bills and resolutions of a public general nature introduced in the Senate or House of Representatives". For more information, refer to the User Guide that accompanies this file.</dc:description>
  </dublinCore>
</billStatus>

