<?xml version="1.0" encoding="UTF-8"?>
<billStatus>
  <bill>
    <cosponsors />
    <congress>115</congress>
    <committees>
      <billCommittees>
        <item>
          <systemCode>hsii00</systemCode>
          <chamber>House</chamber>
          <type>Standing</type>
          <activities>
            <item>
              <name>Referred to</name>
              <date>2017-01-12T15:05:50Z</date>
            </item>
          </activities>
          <name>Natural Resources Committee</name>
          <subcommittees>
            <item>
              <systemCode>hsii10</systemCode>
              <name>Federal Lands Subcommittee</name>
              <activities>
                <item>
                  <name>Referred to</name>
                  <date>2017-02-10T16:51:44Z</date>
                </item>
              </activities>
            </item>
          </subcommittees>
        </item>
      </billCommittees>
    </committees>
    <constitutionalAuthorityStatementText><![CDATA[<pre>From the Congressional Record Online through the Government Publishing Office [<a href='http://www.gpo.gov'>www.gpo.gov</a>]By Mr. YOUNG of Alaska:H.R. 513.Congress has the power to enact this legislation pursuantto the following:Article IV, Section 3, Clause 2``The Congress shall have Power to dispose of and make allneedful Rules and Regulations respecting the Territory orother Property belonging to the United States; and nothing inthis Constitution shall be so construed as to Prejudice anyClaims of the United States, or of any particular State.''[Page H473]</pre>]]></constitutionalAuthorityStatementText>
    <laws />
    <titles>
      <item>
        <chamberCode />
        <chamberName />
        <parentTitleType />
        <titleType>(Extracted from GPO) Short Titles as Introduced</titleType>
        <title>Alaska Mental Health Trust Land Exchange Act of 2017</title>
      </item>
      <item>
        <chamberCode />
        <chamberName />
        <parentTitleType />
        <titleType>Short Titles as Introduced</titleType>
        <title>Alaska Mental Health Trust Land Exchange Act of 2017</title>
      </item>
      <item>
        <chamberCode />
        <chamberName />
        <parentTitleType />
        <titleType>Official Title as Introduced</titleType>
        <title>To provide for the exchange of certain National Forest System land and non-Federal land in the State of Alaska, and for other purposes.</title>
      </item>
      <item>
        <chamberCode />
        <chamberName />
        <parentTitleType />
        <titleType>Display Title</titleType>
        <title>Alaska Mental Health Trust Land Exchange Act of 2017</title>
      </item>
    </titles>
    <billType>HR</billType>
    <amendments />
    <recordedVotes />
    <actions>
      <actionByCounts>
        <houseOfRepresentatives>4</houseOfRepresentatives>
      </actionByCounts>
      <actionTypeCounts>
        <introducedInTheHouse>1</introducedInTheHouse>
        <billReferrals>1</billReferrals>
        <placeholderTextForH>1</placeholderTextForH>
        <introducedInHouse>1</introducedInHouse>
      </actionTypeCounts>
      <item>
        <actionDate>2017-02-10</actionDate>
        <committee>
          <systemCode>hsii10</systemCode>
          <name>Federal Lands Subcommittee</name>
        </committee>
        <links />
        <sourceSystem>
          <name>House committee actions</name>
          <code>1</code>
        </sourceSystem>
        <text>Referred to the Subcommittee on Federal Lands.</text>
        <type>Committee</type>
      </item>
      <item>
        <actionDate>2017-01-12</actionDate>
        <text>Referred to the House Committee on Natural Resources.</text>
        <sourceSystem>
          <name>House floor actions</name>
          <code>2</code>
        </sourceSystem>
        <committee>
          <systemCode>hsii00</systemCode>
          <name>Natural Resources Committee</name>
        </committee>
        <links />
        <actionCode>H11100</actionCode>
        <type>IntroReferral</type>
      </item>
      <item>
        <actionDate>2017-01-12</actionDate>
        <text>Introduced in House</text>
        <sourceSystem>
          <name>Library of Congress</name>
          <code>9</code>
        </sourceSystem>
        <committee />
        <links />
        <actionCode>Intro-H</actionCode>
        <type>IntroReferral</type>
      </item>
      <item>
        <actionDate>2017-01-12</actionDate>
        <text>Introduced in House</text>
        <sourceSystem>
          <name>Library of Congress</name>
          <code>9</code>
        </sourceSystem>
        <committee />
        <links />
        <actionCode>1000</actionCode>
        <type>IntroReferral</type>
      </item>
    </actions>
    <introducedDate>2017-01-12</introducedDate>
    <relatedBills>
      <item>
        <number>131</number>
        <type>S</type>
        <latestAction>
          <text>By Senator Murkowski from Committee on Energy and Natural Resources filed written report. Report No. 115-117.</text>
          <actionDate>2017-06-22</actionDate>
        </latestAction>
        <congress>115</congress>
        <latestTitle>Alaska Mental Health Trust Land Exchange Act of 2017</latestTitle>
        <relationshipDetails>
          <item>
            <identifiedBy>CRS</identifiedBy>
            <type>Identical bill</type>
          </item>
        </relationshipDetails>
      </item>
    </relatedBills>
    <committeeReports />
    <calendarNumbers />
    <billNumber>513</billNumber>
    <summaries>
      <billSummaries>
        <item>
          <versionCode>00</versionCode>
          <updateDate>2017-01-12T05:00:00Z</updateDate>
          <actionDate>2017-01-12</actionDate>
          <text><![CDATA[<p><b>Alaska Mental Health Trust Land Exchange Act of 2017</b></p> <p>This bill directs the Department of Agriculture (USDA) to convey certain federal land in two phases to the Alaska Mental Health Trust Authority in exchange for certain nonfederal land.</p>  <p>Before completing each phase of the land exchange, USDA shall complete any necessary land surveys and required pre-exchange clearances, mitigation activities, and approvals related to:</p> <ul> <li>threatened and endangered species,</li> <li>cultural and historic resources,</li> <li>wetland and floodplains, and </li> <li>hazardous materials. </li> </ul>   <p>Upon acquisition by USDA, the nonfederal land shall become part of Tongass National Forest, and shall be withdrawn from:</p> <ul> <li>entry, appropriation, or disposal under the public land laws;</li> <li>location, entry, and patent under the mining laws; and </li> <li>disposition under the mineral leasing, mineral materials, and geothermal leasing laws. </li> </ul>]]></text>
          <actionDesc>Introduced in House</actionDesc>
          <lastSummaryUpdateDate>2017-06-21T18:25:34Z</lastSummaryUpdateDate>
          <name>Introduced in House</name>
        </item>
      </billSummaries>
    </summaries>
    <cboCostEstimates />
    <updateDate>2018-02-06T16:40:52Z</updateDate>
    <policyArea>
      <name>Public Lands and Natural Resources</name>
    </policyArea>
    <latestAction>
      <text>Referred to the Subcommittee on Federal Lands.</text>
      <actionDate>2017-02-10</actionDate>
      <links />
    </latestAction>
    <version>1.0.0</version>
    <subjects>
      <billSubjects>
        <legislativeSubjects>
          <item>
            <name>Alaska</name>
          </item>
          <item>
            <name>Forests, forestry, trees</name>
          </item>
          <item>
            <name>Health programs administration and funding</name>
          </item>
          <item>
            <name>Lakes and rivers</name>
          </item>
          <item>
            <name>Land transfers</name>
          </item>
          <item>
            <name>Land use and conservation</name>
          </item>
          <item>
            <name>Mental health</name>
          </item>
          <item>
            <name>Roads and highways</name>
          </item>
          <item>
            <name>Wildlife conservation and habitat protection</name>
          </item>
        </legislativeSubjects>
        <policyArea>
          <name>Public Lands and Natural Resources</name>
        </policyArea>
      </billSubjects>
    </subjects>
    <title>Alaska Mental Health Trust Land Exchange Act of 2017</title>
    <originChamber>House</originChamber>
    <sponsors>
      <item>
        <byRequestType />
        <district>0</district>
        <party>R</party>
        <fullName>Rep. Young, Don [R-AK-At Large]</fullName>
        <lastName>YOUNG</lastName>
        <state>AK</state>
        <bioguideId>Y000033</bioguideId>
        <middleName>E.</middleName>
        <firstName>DON</firstName>
        <identifiers>
          <bioguideId>Y000033</bioguideId>
          <lisID>1256</lisID>
          <gpoId>7785</gpoId>
        </identifiers>
      </item>
    </sponsors>
    <notes />
    <createDate>2017-01-13T04:55:32Z</createDate>
  </bill>
  <dublinCore xmlns:dc="http://purl.org/dc/elements/1.1/">
    <dc:format>text/xml</dc:format>
    <dc:language>EN</dc:language>
    <dc:rights>Pursuant to Title 17 Section 105 of the United States Code, this file is not subject to copyright protection and is in the public domain.</dc:rights>
    <dc:contributor>Congressional Research Service, Library of Congress</dc:contributor>
    <dc:description>This file contains bill summaries and statuses for federal legislation. A bill summary describes the most significant provisions of a piece of legislation and details the effects the legislative text may have on current law and federal programs. Bill summaries are authored by the Congressional Research Service (CRS) of the Library of Congress. As stated in Public Law 91-510 (2 USC 166 (d)(6)), one of the duties of CRS is "to prepare summaries and digests of bills and resolutions of a public general nature introduced in the Senate or House of Representatives". For more information, refer to the User Guide that accompanies this file.</dc:description>
  </dublinCore>
</billStatus>

