<?xml version="1.0" encoding="UTF-8"?>
<billStatus>
  <bill>
    <calendarNumbers />
    <constitutionalAuthorityStatementText><![CDATA[<pre>From the Congressional Record Online through the Government Publishing Office [<a href='http://www.gpo.gov'>www.gpo.gov</a>]By Mr. McCLINTOCK:H.R. 865.Congress has the power to enact this legislation pursuantto the following:Pursuant to clause 7 of Rule XII of the Rules of the Houseof Representatives, the following statement is submittedregarding the specific powers granted to Congress in theConstitution to enact the accompanying bill or jointresolution.Congress has the power to enact this legislation pursuantto the following: Article IV, Section 3, Clause 2 (theProperty Clause), which confers on Congress the power to makeall needful Rules and Regulations respecting the propertybelonging to the United States.[Page H978]</pre>]]></constitutionalAuthorityStatementText>
    <congress>115</congress>
    <titles>
      <item>
        <chamberCode />
        <title>Emergency Forest Restoration Act</title>
        <titleType>(Extracted from GPO) Short Titles as Introduced</titleType>
        <parentTitleType />
        <chamberName />
      </item>
      <item>
        <chamberCode />
        <title>Emergency Forest Restoration Act</title>
        <titleType>Short Titles as Introduced</titleType>
        <parentTitleType />
        <chamberName />
      </item>
      <item>
        <chamberCode />
        <title>To make a categorical exclusion available to the Secretary of Agriculture and the Secretary of the Interior to develop and carry out a forest management activity on National Forest system lands derived from the public domain or public lands to address insect or disease infestation declared as an emergency in a State by the Governor of such State, and for other purposes.</title>
        <titleType>Official Title as Introduced</titleType>
        <parentTitleType />
        <chamberName />
      </item>
      <item>
        <chamberCode />
        <title>Emergency Forest Restoration Act</title>
        <titleType>Display Title</titleType>
        <parentTitleType />
        <chamberName />
      </item>
    </titles>
    <introducedDate>2017-02-03</introducedDate>
    <latestAction>
      <actionDate>2017-02-24</actionDate>
      <text>Referred to the Subcommittee on Conservation and Forestry.</text>
      <links />
    </latestAction>
    <title>Emergency Forest Restoration Act</title>
    <subjects>
      <billSubjects>
        <policyArea>
          <name>Public Lands and Natural Resources</name>
        </policyArea>
        <legislativeSubjects>
          <item>
            <name>Animal and plant health</name>
          </item>
          <item>
            <name>Appropriations</name>
          </item>
          <item>
            <name>Environmental assessment, monitoring, research</name>
          </item>
          <item>
            <name>Forests, forestry, trees</name>
          </item>
          <item>
            <name>Insects</name>
          </item>
          <item>
            <name>Pest management</name>
          </item>
        </legislativeSubjects>
      </billSubjects>
    </subjects>
    <relatedBills />
    <updateDate>2018-02-06T16:41:14Z</updateDate>
    <committeeReports />
    <notes />
    <recordedVotes />
    <amendments />
    <billType>HR</billType>
    <committees>
      <billCommittees>
        <item>
          <systemCode>hsag00</systemCode>
          <name>Agriculture Committee</name>
          <type>Standing</type>
          <activities>
            <item>
              <name>Referred to</name>
              <date>2017-02-03T14:01:30Z</date>
            </item>
          </activities>
          <chamber>House</chamber>
          <subcommittees>
            <item>
              <activities>
                <item>
                  <name>Referred to</name>
                  <date>2017-02-24T16:35:09Z</date>
                </item>
              </activities>
              <systemCode>hsag15</systemCode>
              <name>Conservation and Forestry Subcommittee</name>
            </item>
          </subcommittees>
        </item>
        <item>
          <systemCode>hsii00</systemCode>
          <name>Natural Resources Committee</name>
          <type>Standing</type>
          <activities>
            <item>
              <name>Referred to</name>
              <date>2017-02-03T14:01:35Z</date>
            </item>
          </activities>
          <chamber>House</chamber>
          <subcommittees>
            <item>
              <activities>
                <item>
                  <name>Referred to</name>
                  <date>2017-02-16T21:45:09Z</date>
                </item>
              </activities>
              <systemCode>hsii10</systemCode>
              <name>Federal Lands Subcommittee</name>
            </item>
          </subcommittees>
        </item>
      </billCommittees>
    </committees>
    <cboCostEstimates />
    <billNumber>865</billNumber>
    <policyArea>
      <name>Public Lands and Natural Resources</name>
    </policyArea>
    <version>1.0.0</version>
    <createDate>2017-02-04T05:07:04Z</createDate>
    <originChamber>House</originChamber>
    <actions>
      <actionTypeCounts>
        <introducedInTheHouse>1</introducedInTheHouse>
        <billReferralsAggregate>1</billReferralsAggregate>
        <billReferrals>2</billReferrals>
        <introducedInHouse>1</introducedInHouse>
        <placeholderTextForH>2</placeholderTextForH>
      </actionTypeCounts>
      <item>
        <actionDate>2017-02-24</actionDate>
        <committee>
          <systemCode>hsag15</systemCode>
          <name>Conservation and Forestry Subcommittee</name>
        </committee>
        <links />
        <sourceSystem>
          <name>House committee actions</name>
          <code>1</code>
        </sourceSystem>
        <text>Referred to the Subcommittee on Conservation and Forestry.</text>
        <type>Committee</type>
      </item>
      <item>
        <actionDate>2017-02-16</actionDate>
        <committee>
          <systemCode>hsii10</systemCode>
          <name>Federal Lands Subcommittee</name>
        </committee>
        <links />
        <sourceSystem>
          <name>House committee actions</name>
          <code>1</code>
        </sourceSystem>
        <text>Referred to the Subcommittee on Federal Lands.</text>
        <type>Committee</type>
      </item>
      <item>
        <type>IntroReferral</type>
        <links />
        <text>Referred to House Natural Resources</text>
        <committee>
          <systemCode>hsii00</systemCode>
          <name>Natural Resources Committee</name>
        </committee>
        <actionDate>2017-02-03</actionDate>
        <sourceSystem>
          <name>House floor actions</name>
          <code>2</code>
        </sourceSystem>
        <actionCode>H11100</actionCode>
      </item>
      <item>
        <type>IntroReferral</type>
        <links />
        <text>Referred to House Agriculture</text>
        <committee>
          <systemCode>hsag00</systemCode>
          <name>Agriculture Committee</name>
        </committee>
        <actionDate>2017-02-03</actionDate>
        <sourceSystem>
          <name>House floor actions</name>
          <code>2</code>
        </sourceSystem>
        <actionCode>H11100</actionCode>
      </item>
      <item>
        <type>IntroReferral</type>
        <links />
        <text>Referred to the Committee on Agriculture, and in addition to the Committee on Natural Resources, for a period to be subsequently determined by the Speaker, in each case for consideration of such provisions as fall within the jurisdiction of the committee concerned.</text>
        <committee />
        <actionDate>2017-02-03</actionDate>
        <sourceSystem>
          <name>Library of Congress</name>
          <code>9</code>
        </sourceSystem>
        <actionCode>H11100-A</actionCode>
      </item>
      <item>
        <type>IntroReferral</type>
        <links />
        <text>Introduced in House</text>
        <committee />
        <actionDate>2017-02-03</actionDate>
        <sourceSystem>
          <name>Library of Congress</name>
          <code>9</code>
        </sourceSystem>
        <actionCode>Intro-H</actionCode>
      </item>
      <item>
        <type>IntroReferral</type>
        <links />
        <text>Introduced in House</text>
        <committee />
        <actionDate>2017-02-03</actionDate>
        <sourceSystem>
          <name>Library of Congress</name>
          <code>9</code>
        </sourceSystem>
        <actionCode>1000</actionCode>
      </item>
      <actionByCounts>
        <houseOfRepresentatives>7</houseOfRepresentatives>
      </actionByCounts>
    </actions>
    <sponsors>
      <item>
        <party>R</party>
        <bioguideId>M001177</bioguideId>
        <district>4</district>
        <firstName>Tom</firstName>
        <middleName />
        <state>CA</state>
        <fullName>Rep. McClintock, Tom [R-CA-4]</fullName>
        <identifiers>
          <lisID>1908</lisID>
          <bioguideId>M001177</bioguideId>
          <gpoId>7809</gpoId>
        </identifiers>
        <lastName>McClintock</lastName>
        <byRequestType />
      </item>
    </sponsors>
    <summaries>
      <billSummaries>
        <item>
          <versionCode>00</versionCode>
          <updateDate>2017-02-03T05:00:00Z</updateDate>
          <actionDate>2017-02-03</actionDate>
          <text><![CDATA[<p><b>Emergency Forest Restoration Act</b></p> <p>This bill allows the Department of Agriculture (USDA), regarding National Forest System lands, or the Department of the Interior, regarding public lands, to develop and carry out a forest management activity on lands of the department concerned in a state when the activity's primary purpose is to address an insect or disease infestation that has been declared an emergency by the state governor.</p> <p>With specified exceptions, a categorical exclusion shall be available to USDA or Interior for these purposes. </p> <p>A &quot;categorical exclusion&quot; is an exception to the requirements of the National Environmental Policy Act of 1969 for a project or activity relating to the management of National Forest System lands or public lands that would otherwise be considered a major federal action. </p> <p>Beginning in FY2019, USDA shall identify the amount of funds, if any, appropriated in the previous fiscal year pursuant to the authorization of appropriations specified in this bill. </p> <p>Within five years of the end of the fiscal year in which an identification is made, USDA shall sell an amount of timber the sale of which is sufficient to recoup the identified amount and any associated costs.</p> <p>The bill prescribes requirements for the deposit of sales proceeds. </p>]]></text>
          <actionDesc>Introduced in House</actionDesc>
          <lastSummaryUpdateDate>2017-02-22T19:56:58Z</lastSummaryUpdateDate>
          <name>Introduced in House</name>
        </item>
      </billSummaries>
    </summaries>
    <laws />
    <cosponsors>
      <item>
        <isOriginalCosponsor>True</isOriginalCosponsor>
        <fullName>Rep. Cook, Paul [R-CA-8]</fullName>
        <middleName />
        <sponsorshipDate>2017-02-03</sponsorshipDate>
        <bioguideId>C001094</bioguideId>
        <lastName>Cook</lastName>
        <party>R</party>
        <district>8</district>
        <firstName>Paul</firstName>
        <state>CA</state>
        <identifiers>
          <lisID>2103</lisID>
          <gpoId />
          <bioguideId>C001094</bioguideId>
        </identifiers>
        <sponsorshipWithdrawnDate />
      </item>
      <item>
        <isOriginalCosponsor>True</isOriginalCosponsor>
        <fullName>Rep. Gosar, Paul A. [R-AZ-4]</fullName>
        <middleName>A.</middleName>
        <sponsorshipDate>2017-02-03</sponsorshipDate>
        <bioguideId>G000565</bioguideId>
        <lastName>Gosar</lastName>
        <party>R</party>
        <district>4</district>
        <firstName>Paul</firstName>
        <state>AZ</state>
        <identifiers>
          <gpoId>7798</gpoId>
          <lisID>1992</lisID>
          <bioguideId>G000565</bioguideId>
        </identifiers>
        <sponsorshipWithdrawnDate />
      </item>
      <item>
        <isOriginalCosponsor>True</isOriginalCosponsor>
        <fullName>Rep. Stewart, Chris [R-UT-2]</fullName>
        <middleName />
        <sponsorshipDate>2017-02-03</sponsorshipDate>
        <bioguideId>S001192</bioguideId>
        <lastName>Stewart</lastName>
        <party>R</party>
        <district>2</district>
        <firstName>Chris</firstName>
        <state>UT</state>
        <identifiers>
          <gpoId />
          <lisID>2168</lisID>
          <bioguideId>S001192</bioguideId>
        </identifiers>
        <sponsorshipWithdrawnDate />
      </item>
      <item>
        <isOriginalCosponsor>True</isOriginalCosponsor>
        <fullName>Rep. Valadao, David G. [R-CA-21]</fullName>
        <middleName>G.</middleName>
        <sponsorshipDate>2017-02-03</sponsorshipDate>
        <bioguideId>V000129</bioguideId>
        <lastName>Valadao</lastName>
        <party>R</party>
        <district>21</district>
        <firstName>David</firstName>
        <state>CA</state>
        <identifiers>
          <lisID>2105</lisID>
          <bioguideId>V000129</bioguideId>
          <gpoId />
        </identifiers>
        <sponsorshipWithdrawnDate />
      </item>
      <item>
        <isOriginalCosponsor>True</isOriginalCosponsor>
        <fullName>Rep. Newhouse, Dan [R-WA-4]</fullName>
        <middleName />
        <sponsorshipDate>2017-02-03</sponsorshipDate>
        <bioguideId>N000189</bioguideId>
        <lastName>Newhouse</lastName>
        <party>R</party>
        <district>4</district>
        <firstName>Dan</firstName>
        <state>WA</state>
        <identifiers>
          <lisID>2275</lisID>
          <gpoId />
          <bioguideId>N000189</bioguideId>
        </identifiers>
        <sponsorshipWithdrawnDate />
      </item>
      <item>
        <isOriginalCosponsor>True</isOriginalCosponsor>
        <fullName>Rep. McCarthy, Kevin [R-CA-23]</fullName>
        <middleName />
        <sponsorshipDate>2017-02-03</sponsorshipDate>
        <bioguideId>M001165</bioguideId>
        <lastName>McCarthy</lastName>
        <party>R</party>
        <district>23</district>
        <firstName>Kevin</firstName>
        <state>CA</state>
        <identifiers>
          <lisID>1833</lisID>
          <bioguideId>M001165</bioguideId>
          <gpoId>7827</gpoId>
        </identifiers>
        <sponsorshipWithdrawnDate />
      </item>
      <item>
        <isOriginalCosponsor>True</isOriginalCosponsor>
        <fullName>Rep. LaMalfa, Doug [R-CA-1]</fullName>
        <middleName />
        <sponsorshipDate>2017-02-03</sponsorshipDate>
        <bioguideId>L000578</bioguideId>
        <lastName>LaMalfa</lastName>
        <party>R</party>
        <district>1</district>
        <firstName>Doug</firstName>
        <state>CA</state>
        <identifiers>
          <lisID>2100</lisID>
          <bioguideId>L000578</bioguideId>
          <gpoId />
        </identifiers>
        <sponsorshipWithdrawnDate />
      </item>
      <item>
        <isOriginalCosponsor>True</isOriginalCosponsor>
        <fullName>Rep. Westerman, Bruce [R-AR-4]</fullName>
        <middleName />
        <sponsorshipDate>2017-02-03</sponsorshipDate>
        <bioguideId>W000821</bioguideId>
        <lastName>Westerman</lastName>
        <party>R</party>
        <district>4</district>
        <firstName>Bruce</firstName>
        <state>AR</state>
        <identifiers>
          <lisID>2224</lisID>
          <bioguideId>W000821</bioguideId>
          <gpoId />
        </identifiers>
        <sponsorshipWithdrawnDate />
      </item>
      <item>
        <isOriginalCosponsor>True</isOriginalCosponsor>
        <fullName>Rep. Labrador, Raul R. [R-ID-1]</fullName>
        <middleName>R.</middleName>
        <sponsorshipDate>2017-02-03</sponsorshipDate>
        <bioguideId>L000573</bioguideId>
        <lastName>Labrador</lastName>
        <party>R</party>
        <district>1</district>
        <firstName>Raul</firstName>
        <state>ID</state>
        <identifiers>
          <lisID>2011</lisID>
          <bioguideId>L000573</bioguideId>
          <gpoId>7919</gpoId>
        </identifiers>
        <sponsorshipWithdrawnDate />
      </item>
      <item>
        <isOriginalCosponsor>True</isOriginalCosponsor>
        <fullName>Rep. Nunes, Devin [R-CA-22]</fullName>
        <middleName />
        <sponsorshipDate>2017-02-03</sponsorshipDate>
        <bioguideId>N000181</bioguideId>
        <lastName>Nunes</lastName>
        <party>R</party>
        <district>22</district>
        <firstName>Devin</firstName>
        <state>CA</state>
        <identifiers>
          <bioguideId>N000181</bioguideId>
          <lisID>1710</lisID>
          <gpoId>7826</gpoId>
        </identifiers>
        <sponsorshipWithdrawnDate />
      </item>
      <item>
        <isOriginalCosponsor>True</isOriginalCosponsor>
        <fullName>Rep. Denham, Jeff [R-CA-10]</fullName>
        <middleName />
        <sponsorshipDate>2017-02-03</sponsorshipDate>
        <bioguideId>D000612</bioguideId>
        <lastName>Denham</lastName>
        <party>R</party>
        <district>10</district>
        <firstName>Jeff</firstName>
        <state>CA</state>
        <identifiers>
          <gpoId>7824</gpoId>
          <bioguideId>D000612</bioguideId>
          <lisID>1995</lisID>
        </identifiers>
        <sponsorshipWithdrawnDate />
      </item>
      <item>
        <isOriginalCosponsor>True</isOriginalCosponsor>
        <fullName>Rep. Knight, Stephen [R-CA-25]</fullName>
        <middleName />
        <sponsorshipDate>2017-02-03</sponsorshipDate>
        <bioguideId>K000387</bioguideId>
        <lastName>Knight</lastName>
        <party>R</party>
        <district>25</district>
        <firstName>Stephen</firstName>
        <state>CA</state>
        <identifiers>
          <lisID>2228</lisID>
          <gpoId />
          <bioguideId>K000387</bioguideId>
        </identifiers>
        <sponsorshipWithdrawnDate />
      </item>
    </cosponsors>
  </bill>
  <dublinCore xmlns:dc="http://purl.org/dc/elements/1.1/">
    <dc:format>text/xml</dc:format>
    <dc:language>EN</dc:language>
    <dc:rights>Pursuant to Title 17 Section 105 of the United States Code, this file is not subject to copyright protection and is in the public domain.</dc:rights>
    <dc:contributor>Congressional Research Service, Library of Congress</dc:contributor>
    <dc:description>This file contains bill summaries and statuses for federal legislation. A bill summary describes the most significant provisions of a piece of legislation and details the effects the legislative text may have on current law and federal programs. Bill summaries are authored by the Congressional Research Service (CRS) of the Library of Congress. As stated in Public Law 91-510 (2 USC 166 (d)(6)), one of the duties of CRS is "to prepare summaries and digests of bills and resolutions of a public general nature introduced in the Senate or House of Representatives". For more information, refer to the User Guide that accompanies this file.</dc:description>
  </dublinCore>
</billStatus>

