<?xml version="1.0" encoding="UTF-8"?>
<billStatus>
  <bill>
    <notes />
    <titles>
      <item>
        <title>Rural Veterans Travel Enhancement Act of 2017</title>
        <titleType>Short Titles as Introduced</titleType>
        <parentTitleType />
        <chamberName />
        <chamberCode />
      </item>
      <item>
        <title>To amend title 38, United States Code, to make permanent the authority of the Secretary of Veterans Affairs to transport individuals to and from facilities of the Department of Veterans Affairs in connection with rehabilitation, counseling, examination, treatment, and care, and for other purposes.</title>
        <titleType>Official Title as Introduced</titleType>
        <parentTitleType />
        <chamberName />
        <chamberCode />
      </item>
      <item>
        <title>Rural Veterans Travel Enhancement Act of 2017</title>
        <titleType>Display Title</titleType>
        <parentTitleType />
        <chamberName />
        <chamberCode />
      </item>
      <item>
        <title>Rural Veterans Travel Enhancement Act of 2017</title>
        <titleType>(Extracted from GPO) Short Titles as Introduced</titleType>
        <parentTitleType />
        <chamberName />
        <chamberCode />
      </item>
    </titles>
    <introducedDate>2017-09-08</introducedDate>
    <title>Rural Veterans Travel Enhancement Act of 2017</title>
    <subjects>
      <billSubjects>
        <legislativeSubjects />
        <policyArea>
          <name>Armed Forces and National Security</name>
        </policyArea>
      </billSubjects>
    </subjects>
    <constitutionalAuthorityStatementText><![CDATA[<pre>From the Congressional Record Online through the Government Publishing Office [<a href='http://www.gpo.gov'>www.gpo.gov</a>]By Mr. LARSEN of Washington:H.R. 3720.Congress has the power to enact this legislation pursuantto the following:As described in Article 1, Section 1, ``all legislativepowers herein granted shall be vested in the Congress of theUnited States, which shall consist of a Senate and a House ofRepresentatives.''[Page H7217]</pre>]]></constitutionalAuthorityStatementText>
    <laws />
    <relatedBills>
      <item>
        <type>S</type>
        <latestTitle>Rural Veterans Travel Enhancement Act of 2017</latestTitle>
        <congress>115</congress>
        <latestAction>
          <text>Read twice and referred to the Committee on Veterans' Affairs.</text>
          <actionDate>2017-09-07</actionDate>
        </latestAction>
        <number>1775</number>
        <relationshipDetails>
          <item>
            <type>Identical bill</type>
            <identifiedBy>CRS</identifiedBy>
          </item>
        </relationshipDetails>
      </item>
    </relatedBills>
    <recordedVotes />
    <updateDate>2018-02-28T22:30:08Z</updateDate>
    <congress>115</congress>
    <sponsors>
      <item>
        <identifiers>
          <lisID>1675</lisID>
          <gpoId>8206</gpoId>
          <bioguideId>L000560</bioguideId>
        </identifiers>
        <middleName />
        <bioguideId>L000560</bioguideId>
        <firstName>RICK</firstName>
        <byRequestType />
        <state>WA</state>
        <fullName>Rep. Larsen, Rick [D-WA-2]</fullName>
        <lastName>LARSEN</lastName>
        <district>2</district>
        <party>D</party>
      </item>
    </sponsors>
    <committeeReports />
    <actions>
      <actionByCounts>
        <houseOfRepresentatives>4</houseOfRepresentatives>
      </actionByCounts>
      <item>
        <actionDate>2017-09-08</actionDate>
        <committee>
          <name>Health Subcommittee</name>
          <systemCode>hsvr03</systemCode>
        </committee>
        <links />
        <sourceSystem>
          <name>House committee actions</name>
          <code>1</code>
        </sourceSystem>
        <text>Referred to the Subcommittee on Health.</text>
        <type>Committee</type>
      </item>
      <item>
        <links />
        <text>Referred to the House Committee on Veterans' Affairs.</text>
        <committee>
          <name>Veterans' Affairs Committee</name>
          <systemCode>hsvr00</systemCode>
        </committee>
        <actionDate>2017-09-08</actionDate>
        <type>IntroReferral</type>
        <actionCode>H11100</actionCode>
        <sourceSystem>
          <name>House floor actions</name>
          <code>2</code>
        </sourceSystem>
      </item>
      <item>
        <links />
        <text>Introduced in House</text>
        <committee />
        <actionDate>2017-09-08</actionDate>
        <type>IntroReferral</type>
        <actionCode>Intro-H</actionCode>
        <sourceSystem>
          <name>Library of Congress</name>
          <code>9</code>
        </sourceSystem>
      </item>
      <item>
        <links />
        <text>Introduced in House</text>
        <committee />
        <actionDate>2017-09-08</actionDate>
        <type>IntroReferral</type>
        <actionCode>1000</actionCode>
        <sourceSystem>
          <name>Library of Congress</name>
          <code>9</code>
        </sourceSystem>
      </item>
      <actionTypeCounts>
        <billReferrals>1</billReferrals>
        <introducedInHouse>1</introducedInHouse>
        <introducedInTheHouse>1</introducedInTheHouse>
        <placeholderTextForH>1</placeholderTextForH>
      </actionTypeCounts>
    </actions>
    <createDate>2017-09-09T03:11:31Z</createDate>
    <billType>HR</billType>
    <policyArea>
      <name>Armed Forces and National Security</name>
    </policyArea>
    <cosponsors>
      <item>
        <lastName>THORNBERRY</lastName>
        <bioguideId>T000238</bioguideId>
        <sponsorshipDate>2017-09-08</sponsorshipDate>
        <sponsorshipWithdrawnDate />
        <isOriginalCosponsor>True</isOriginalCosponsor>
        <middleName>M.</middleName>
        <state>TX</state>
        <firstName>WILLIAM</firstName>
        <party>R</party>
        <identifiers>
          <bioguideId>T000238</bioguideId>
          <lisID>1155</lisID>
          <gpoId>8755</gpoId>
        </identifiers>
        <district>13</district>
        <fullName>Rep. Thornberry, Mac [R-TX-13]</fullName>
      </item>
      <item>
        <lastName>O'Rourke</lastName>
        <bioguideId>O000170</bioguideId>
        <sponsorshipDate>2017-09-25</sponsorshipDate>
        <sponsorshipWithdrawnDate />
        <isOriginalCosponsor>False</isOriginalCosponsor>
        <middleName />
        <state>TX</state>
        <firstName>Beto</firstName>
        <party>D</party>
        <identifiers>
          <lisID>2162</lisID>
          <bioguideId>O000170</bioguideId>
          <gpoId />
        </identifiers>
        <district>16</district>
        <fullName>Rep. O'Rourke, Beto [D-TX-16]</fullName>
      </item>
      <item>
        <lastName>Shea-Porter</lastName>
        <bioguideId>S001170</bioguideId>
        <sponsorshipDate>2017-09-28</sponsorshipDate>
        <sponsorshipWithdrawnDate />
        <isOriginalCosponsor>False</isOriginalCosponsor>
        <middleName />
        <state>NH</state>
        <firstName>Carol</firstName>
        <party>D</party>
        <identifiers>
          <gpoId>7528</gpoId>
          <bioguideId>S001170</bioguideId>
          <lisID>1861</lisID>
        </identifiers>
        <district>1</district>
        <fullName>Rep. Shea-Porter, Carol [D-NH-1]</fullName>
      </item>
      <item>
        <lastName>Lawson</lastName>
        <bioguideId>L000586</bioguideId>
        <sponsorshipDate>2017-10-24</sponsorshipDate>
        <sponsorshipWithdrawnDate />
        <isOriginalCosponsor>False</isOriginalCosponsor>
        <middleName />
        <state>FL</state>
        <firstName>Al</firstName>
        <party>D</party>
        <identifiers>
          <lisID>2317</lisID>
          <gpoId />
          <bioguideId>L000586</bioguideId>
        </identifiers>
        <district>5</district>
        <fullName>Rep. Lawson, Al, Jr. [D-FL-5]</fullName>
      </item>
    </cosponsors>
    <version>1.0.0</version>
    <amendments />
    <billNumber>3720</billNumber>
    <cboCostEstimates />
    <originChamber>House</originChamber>
    <committees>
      <billCommittees>
        <item>
          <activities>
            <item>
              <name>Referred to</name>
              <date>2017-09-08T13:01:45Z</date>
            </item>
          </activities>
          <subcommittees>
            <item>
              <name>Health Subcommittee</name>
              <activities>
                <item>
                  <name>Referred to</name>
                  <date>2017-09-08T15:50:45Z</date>
                </item>
              </activities>
              <systemCode>hsvr03</systemCode>
            </item>
          </subcommittees>
          <systemCode>hsvr00</systemCode>
          <name>Veterans' Affairs Committee</name>
          <type>Standing</type>
          <chamber>House</chamber>
        </item>
      </billCommittees>
    </committees>
    <calendarNumbers />
    <latestAction>
      <text>Referred to the Subcommittee on Health.</text>
      <actionDate>2017-09-08</actionDate>
      <links />
    </latestAction>
    <summaries>
      <billSummaries>
        <item>
          <versionCode>00</versionCode>
          <actionDate>2017-09-08</actionDate>
          <actionDesc>Introduced in House</actionDesc>
          <text><![CDATA[<p><b>Rural Veterans Travel Enhancement Act of 2017</b></p> <p>This bill requires Vet Centers (centers for readjustment counseling and related mental health services for veterans) to be treated as Department of Veterans Affairs (VA) facilities for purposes of payment of medical-related expenses or allowances for travel to or from a VA facility.</p> <p> The bill makes permanent VA authority to transport individuals to and from VA facilities in connection with vocational rehabilitation or counseling or for examination, treatment, or care.</p> <p>The Caregivers and Veterans Omnibus Health Services Act of 2010 is amended to authorize appropriations through FY2020 for grants to state veterans service organizations to assist veterans in highly rural areas to travel to VA medical centers.</p> <p>The VA shall: (1) establish a national protocol to administer medical examinations for volunteer drivers to participate in the veterans transportation program, and (2) implement the protocol by first conducting a one year pilot program. <he > The Government Accountability Office shall report to Congress on such program.</p>]]></text>
          <lastSummaryUpdateDate>2018-02-28T22:29:55Z</lastSummaryUpdateDate>
          <name>Introduced in House</name>
          <updateDate>2017-09-08T04:00:00Z</updateDate>
        </item>
      </billSummaries>
    </summaries>
  </bill>
  <dublinCore xmlns:dc="http://purl.org/dc/elements/1.1/">
    <dc:format>text/xml</dc:format>
    <dc:language>EN</dc:language>
    <dc:rights>Pursuant to Title 17 Section 105 of the United States Code, this file is not subject to copyright protection and is in the public domain.</dc:rights>
    <dc:contributor>Congressional Research Service, Library of Congress</dc:contributor>
    <dc:description>This file contains bill summaries and statuses for federal legislation. A bill summary describes the most significant provisions of a piece of legislation and details the effects the legislative text may have on current law and federal programs. Bill summaries are authored by the Congressional Research Service (CRS) of the Library of Congress. As stated in Public Law 91-510 (2 USC 166 (d)(6)), one of the duties of CRS is "to prepare summaries and digests of bills and resolutions of a public general nature introduced in the Senate or House of Representatives". For more information, refer to the User Guide that accompanies this file.</dc:description>
  </dublinCore>
</billStatus>

