<?xml version="1.0" encoding="UTF-8"?>
<billStatus>
  <bill>
    <constitutionalAuthorityStatementText><![CDATA[<pre>From the Congressional Record Online through the Government Publishing Office [<a href='http://www.gpo.gov'>www.gpo.gov</a>]By Mr. FARENTHOLD:H.R. 403.Congress has the power to enact this legislation pursuantto the following:Article 1, Section 8 of the Constitution of the UnitedStates.[Page H299]</pre>]]></constitutionalAuthorityStatementText>
    <originChamber>House</originChamber>
    <subjects>
      <billSubjects>
        <legislativeSubjects>
          <item>
            <name>Alternative and renewable resources</name>
          </item>
          <item>
            <name>Aviation and airports</name>
          </item>
          <item>
            <name>Military facilities and property</name>
          </item>
          <item>
            <name>Transportation safety and security</name>
          </item>
        </legislativeSubjects>
        <policyArea>
          <name>Armed Forces and National Security</name>
        </policyArea>
      </billSubjects>
    </subjects>
    <cosponsors />
    <billType>HR</billType>
    <recordedVotes />
    <laws />
    <committeeReports />
    <actions>
      <actionByCounts>
        <houseOfRepresentatives>7</houseOfRepresentatives>
      </actionByCounts>
      <actionTypeCounts>
        <introducedInTheHouse>1</introducedInTheHouse>
        <placeholderTextForH>2</placeholderTextForH>
        <billReferralsAggregate>1</billReferralsAggregate>
        <billReferrals>2</billReferrals>
        <introducedInHouse>1</introducedInHouse>
      </actionTypeCounts>
      <item>
        <actionDate>2017-02-21</actionDate>
        <committee>
          <name>Readiness Subcommittee</name>
          <systemCode>hsas03</systemCode>
        </committee>
        <links />
        <sourceSystem>
          <code>1</code>
          <name>House committee actions</name>
        </sourceSystem>
        <text>Referred to the Subcommittee on Readiness.</text>
        <type>Committee</type>
      </item>
      <item>
        <actionDate>2017-01-11</actionDate>
        <committee>
          <name>Aviation Subcommittee</name>
          <systemCode>hspw05</systemCode>
        </committee>
        <links />
        <sourceSystem>
          <code>1</code>
          <name>House committee actions</name>
        </sourceSystem>
        <text>Referred to the Subcommittee on Aviation.</text>
        <type>Committee</type>
      </item>
      <item>
        <text>Referred to House Transportation and Infrastructure</text>
        <links />
        <sourceSystem>
          <code>2</code>
          <name>House floor actions</name>
        </sourceSystem>
        <actionCode>H11100</actionCode>
        <type>IntroReferral</type>
        <committee>
          <name>Transportation and Infrastructure Committee</name>
          <systemCode>hspw00</systemCode>
        </committee>
        <actionDate>2017-01-10</actionDate>
      </item>
      <item>
        <text>Referred to House Armed Services</text>
        <links />
        <sourceSystem>
          <code>2</code>
          <name>House floor actions</name>
        </sourceSystem>
        <actionCode>H11100</actionCode>
        <type>IntroReferral</type>
        <committee>
          <name>Armed Services Committee</name>
          <systemCode>hsas00</systemCode>
        </committee>
        <actionDate>2017-01-10</actionDate>
      </item>
      <item>
        <text>Referred to the Committee on Armed Services, and in addition to the Committee on Transportation and Infrastructure, for a period to be subsequently determined by the Speaker, in each case for consideration of such provisions as fall within the jurisdiction of the committee concerned.</text>
        <links />
        <sourceSystem>
          <code>9</code>
          <name>Library of Congress</name>
        </sourceSystem>
        <actionCode>H11100-A</actionCode>
        <type>IntroReferral</type>
        <committee />
        <actionDate>2017-01-10</actionDate>
      </item>
      <item>
        <text>Introduced in House</text>
        <links />
        <sourceSystem>
          <code>9</code>
          <name>Library of Congress</name>
        </sourceSystem>
        <actionCode>Intro-H</actionCode>
        <type>IntroReferral</type>
        <committee />
        <actionDate>2017-01-10</actionDate>
      </item>
      <item>
        <text>Introduced in House</text>
        <links />
        <sourceSystem>
          <code>9</code>
          <name>Library of Congress</name>
        </sourceSystem>
        <actionCode>1000</actionCode>
        <type>IntroReferral</type>
        <committee />
        <actionDate>2017-01-10</actionDate>
      </item>
    </actions>
    <createDate>2017-01-11T05:09:43Z</createDate>
    <version>1.0.0</version>
    <notes />
    <latestAction>
      <actionDate>2017-02-21</actionDate>
      <text>Referred to the Subcommittee on Readiness.</text>
      <links />
    </latestAction>
    <title>Ensuring the Safety of Our Military Aviators Act of 2017</title>
    <summaries>
      <billSummaries>
        <item>
          <versionCode>00</versionCode>
          <updateDate>2017-01-10T05:00:00Z</updateDate>
          <actionDate>2017-01-10</actionDate>
          <text><![CDATA[<p><strong>Ensuring the Safety of Our Military Aviators Act of 2017</strong></p> <p>This bill prohibits the Department of Defense from approving any application for the construction or alteration of a wind turbine that is proposed to be constructed or altered within 25 miles of a military airbase or military airfield.</p>]]></text>
          <actionDesc>Introduced in House</actionDesc>
          <lastSummaryUpdateDate>2017-07-11T20:07:05Z</lastSummaryUpdateDate>
          <name>Introduced in House</name>
        </item>
      </billSummaries>
    </summaries>
    <congress>115</congress>
    <policyArea>
      <name>Armed Forces and National Security</name>
    </policyArea>
    <billNumber>403</billNumber>
    <calendarNumbers />
    <cboCostEstimates />
    <introducedDate>2017-01-10</introducedDate>
    <relatedBills />
    <committees>
      <billCommittees>
        <item>
          <chamber>House</chamber>
          <subcommittees>
            <item>
              <systemCode>hsas03</systemCode>
              <activities>
                <item>
                  <name>Referred to</name>
                  <date>2017-02-21T19:05:01Z</date>
                </item>
              </activities>
              <name>Readiness Subcommittee</name>
            </item>
          </subcommittees>
          <systemCode>hsas00</systemCode>
          <name>Armed Services Committee</name>
          <activities>
            <item>
              <name>Referred to</name>
              <date>2017-01-10T15:04:35Z</date>
            </item>
          </activities>
          <type>Standing</type>
        </item>
        <item>
          <chamber>House</chamber>
          <subcommittees>
            <item>
              <systemCode>hspw05</systemCode>
              <activities>
                <item>
                  <name>Referred to</name>
                  <date>2017-01-11T22:30:37Z</date>
                </item>
              </activities>
              <name>Aviation Subcommittee</name>
            </item>
          </subcommittees>
          <systemCode>hspw00</systemCode>
          <name>Transportation and Infrastructure Committee</name>
          <activities>
            <item>
              <name>Referred to</name>
              <date>2017-01-10T15:04:40Z</date>
            </item>
          </activities>
          <type>Standing</type>
        </item>
      </billCommittees>
    </committees>
    <titles>
      <item>
        <parentTitleType />
        <chamberCode />
        <titleType>(Extracted from GPO) Short Titles as Introduced</titleType>
        <chamberName />
        <title>Ensuring the Safety of Our Military Aviators Act of 2017</title>
      </item>
      <item>
        <parentTitleType />
        <chamberCode />
        <titleType>Short Titles as Introduced</titleType>
        <chamberName />
        <title>Ensuring the Safety of Our Military Aviators Act of 2017</title>
      </item>
      <item>
        <parentTitleType />
        <chamberCode />
        <titleType>Official Title as Introduced</titleType>
        <chamberName />
        <title>A bill to limit the construction or alterations of wind turbines near a military airbase or military airfield.</title>
      </item>
      <item>
        <parentTitleType />
        <chamberCode />
        <titleType>Display Title</titleType>
        <chamberName />
        <title>Ensuring the Safety of Our Military Aviators Act of 2017</title>
      </item>
    </titles>
    <sponsors>
      <item>
        <fullName>Rep. Farenthold, Blake [R-TX-27]</fullName>
        <middleName />
        <district>27</district>
        <byRequestType />
        <firstName>Blake</firstName>
        <bioguideId>F000460</bioguideId>
        <state>TX</state>
        <party>R</party>
        <lastName>Farenthold</lastName>
        <identifiers>
          <gpoId>8183</gpoId>
          <lisID>2067</lisID>
          <bioguideId>F000460</bioguideId>
        </identifiers>
      </item>
    </sponsors>
    <updateDate>2018-02-06T16:40:45Z</updateDate>
    <amendments />
  </bill>
  <dublinCore xmlns:dc="http://purl.org/dc/elements/1.1/">
    <dc:format>text/xml</dc:format>
    <dc:language>EN</dc:language>
    <dc:rights>Pursuant to Title 17 Section 105 of the United States Code, this file is not subject to copyright protection and is in the public domain.</dc:rights>
    <dc:contributor>Congressional Research Service, Library of Congress</dc:contributor>
    <dc:description>This file contains bill summaries and statuses for federal legislation. A bill summary describes the most significant provisions of a piece of legislation and details the effects the legislative text may have on current law and federal programs. Bill summaries are authored by the Congressional Research Service (CRS) of the Library of Congress. As stated in Public Law 91-510 (2 USC 166 (d)(6)), one of the duties of CRS is "to prepare summaries and digests of bills and resolutions of a public general nature introduced in the Senate or House of Representatives". For more information, refer to the User Guide that accompanies this file.</dc:description>
  </dublinCore>
</billStatus>

