<?xml version="1.0" encoding="UTF-8"?>
<billStatus>
  <bill>
    <policyArea>
      <name>Economics and Public Finance</name>
    </policyArea>
    <committeeReports />
    <congress>115</congress>
    <sponsors>
      <item>
        <identifiers>
          <lisID>1806</lisID>
          <gpoId>8766</gpoId>
          <bioguideId>M001158</bioguideId>
        </identifiers>
        <district>24</district>
        <middleName />
        <byRequestType />
        <fullName>Rep. Marchant, Kenny [R-TX-24]</fullName>
        <bioguideId>M001158</bioguideId>
        <state>TX</state>
        <party>R</party>
        <firstName>Kenny</firstName>
        <lastName>Marchant</lastName>
      </item>
    </sponsors>
    <calendarNumbers />
    <amendments />
    <relatedBills />
    <notes />
    <originChamber>House</originChamber>
    <version>1.0.0</version>
    <billNumber>523</billNumber>
    <title>Debt Transparency and Accountability Act</title>
    <cosponsors>
      <item>
        <isOriginalCosponsor>False</isOriginalCosponsor>
        <fullName>Rep. Kelly, Mike [R-PA-3]</fullName>
        <middleName />
        <sponsorshipDate>2017-01-23</sponsorshipDate>
        <bioguideId>K000376</bioguideId>
        <lastName>Kelly</lastName>
        <party>R</party>
        <district>3</district>
        <firstName>Mike</firstName>
        <state>PA</state>
        <identifiers>
          <lisID>2051</lisID>
          <bioguideId>K000376</bioguideId>
          <gpoId>8708</gpoId>
        </identifiers>
        <sponsorshipWithdrawnDate />
      </item>
      <item>
        <isOriginalCosponsor>False</isOriginalCosponsor>
        <fullName>Rep. Meehan, Patrick [R-PA-7]</fullName>
        <middleName />
        <sponsorshipDate>2017-01-23</sponsorshipDate>
        <bioguideId>M001181</bioguideId>
        <lastName>Meehan</lastName>
        <party>R</party>
        <district>7</district>
        <firstName>Patrick</firstName>
        <state>PA</state>
        <identifiers>
          <gpoId>8125</gpoId>
          <bioguideId>M001181</bioguideId>
          <lisID>2052</lisID>
        </identifiers>
        <sponsorshipWithdrawnDate />
      </item>
      <item>
        <isOriginalCosponsor>False</isOriginalCosponsor>
        <fullName>Rep. Tiberi, Patrick J. [R-OH-12]</fullName>
        <middleName>J.</middleName>
        <sponsorshipDate>2017-01-24</sponsorshipDate>
        <bioguideId>T000462</bioguideId>
        <lastName>TIBERI</lastName>
        <party>R</party>
        <district>12</district>
        <firstName>PATRICK</firstName>
        <state>OH</state>
        <identifiers>
          <lisID>1664</lisID>
          <bioguideId>T000462</bioguideId>
          <gpoId>8102</gpoId>
        </identifiers>
        <sponsorshipWithdrawnDate />
      </item>
      <item>
        <isOriginalCosponsor>False</isOriginalCosponsor>
        <fullName>Rep. Schweikert, David [R-AZ-6]</fullName>
        <middleName />
        <sponsorshipDate>2017-01-24</sponsorshipDate>
        <bioguideId>S001183</bioguideId>
        <lastName>Schweikert</lastName>
        <party>R</party>
        <district>6</district>
        <firstName>David</firstName>
        <state>AZ</state>
        <identifiers>
          <lisID>1994</lisID>
          <gpoId>7802</gpoId>
          <bioguideId>S001183</bioguideId>
        </identifiers>
        <sponsorshipWithdrawnDate />
      </item>
      <item>
        <isOriginalCosponsor>False</isOriginalCosponsor>
        <fullName>Rep. Smith, Lamar [R-TX-21]</fullName>
        <middleName />
        <sponsorshipDate>2017-01-30</sponsorshipDate>
        <bioguideId>S000583</bioguideId>
        <lastName>SMITH</lastName>
        <party>R</party>
        <district>21</district>
        <firstName>LAMAR</firstName>
        <state>TX</state>
        <identifiers>
          <bioguideId>S000583</bioguideId>
          <lisID>1075</lisID>
          <gpoId>8177</gpoId>
        </identifiers>
        <sponsorshipWithdrawnDate />
      </item>
      <item>
        <isOriginalCosponsor>False</isOriginalCosponsor>
        <fullName>Rep. Holding, George [R-NC-2]</fullName>
        <middleName />
        <sponsorshipDate>2017-02-01</sponsorshipDate>
        <bioguideId>H001065</bioguideId>
        <lastName>Holding</lastName>
        <party>R</party>
        <district>2</district>
        <firstName>George</firstName>
        <state>NC</state>
        <identifiers>
          <lisID>2143</lisID>
          <bioguideId>H001065</bioguideId>
          <gpoId />
        </identifiers>
        <sponsorshipWithdrawnDate />
      </item>
      <item>
        <isOriginalCosponsor>False</isOriginalCosponsor>
        <fullName>Rep. Hensarling, Jeb [R-TX-5]</fullName>
        <middleName />
        <sponsorshipDate>2017-02-13</sponsorshipDate>
        <bioguideId>H001036</bioguideId>
        <lastName>Hensarling</lastName>
        <party>R</party>
        <district>5</district>
        <firstName>Jeb</firstName>
        <state>TX</state>
        <identifiers>
          <bioguideId>H001036</bioguideId>
          <gpoId>8161</gpoId>
          <lisID>1749</lisID>
        </identifiers>
        <sponsorshipWithdrawnDate />
      </item>
      <item>
        <isOriginalCosponsor>False</isOriginalCosponsor>
        <fullName>Rep. Rice, Tom [R-SC-7]</fullName>
        <middleName />
        <sponsorshipDate>2017-02-13</sponsorshipDate>
        <bioguideId>R000597</bioguideId>
        <lastName>Rice</lastName>
        <party>R</party>
        <district>7</district>
        <firstName>Tom</firstName>
        <state>SC</state>
        <identifiers>
          <lisID>2160</lisID>
          <bioguideId>R000597</bioguideId>
          <gpoId />
        </identifiers>
        <sponsorshipWithdrawnDate />
      </item>
      <item>
        <isOriginalCosponsor>False</isOriginalCosponsor>
        <fullName>Rep. Johnson, Sam [R-TX-3]</fullName>
        <middleName />
        <sponsorshipDate>2017-03-20</sponsorshipDate>
        <bioguideId>J000174</bioguideId>
        <lastName>JOHNSON</lastName>
        <party>R</party>
        <district>3</district>
        <firstName>SAM</firstName>
        <state>TX</state>
        <identifiers>
          <lisID>603</lisID>
          <bioguideId>J000174</bioguideId>
          <gpoId>8159</gpoId>
        </identifiers>
        <sponsorshipWithdrawnDate />
      </item>
      <item>
        <isOriginalCosponsor>False</isOriginalCosponsor>
        <fullName>Rep. Norman, Ralph [R-SC-5]</fullName>
        <middleName />
        <sponsorshipDate>2017-07-14</sponsorshipDate>
        <bioguideId>N000190</bioguideId>
        <lastName>Norman</lastName>
        <party>R</party>
        <district>5</district>
        <firstName>Ralph</firstName>
        <state>SC</state>
        <identifiers>
          <lisID>2361</lisID>
          <bioguideId>N000190</bioguideId>
          <gpoId />
        </identifiers>
        <sponsorshipWithdrawnDate />
      </item>
    </cosponsors>
    <subjects>
      <billSubjects>
        <policyArea>
          <name>Economics and Public Finance</name>
        </policyArea>
        <legislativeSubjects>
          <item>
            <name>Budget deficits and national debt</name>
          </item>
          <item>
            <name>Congressional oversight</name>
          </item>
          <item>
            <name>Financial services and investments</name>
          </item>
          <item>
            <name>Government employee pay, benefits, personnel management</name>
          </item>
          <item>
            <name>Government information and archives</name>
          </item>
          <item>
            <name>International monetary system and foreign exchange</name>
          </item>
          <item>
            <name>Medicaid</name>
          </item>
          <item>
            <name>Medicare</name>
          </item>
          <item>
            <name>Securities</name>
          </item>
          <item>
            <name>Social security and elderly assistance</name>
          </item>
        </legislativeSubjects>
      </billSubjects>
    </subjects>
    <constitutionalAuthorityStatementText><![CDATA[<pre>From the Congressional Record Online through the Government Publishing Office [<a href='http://www.gpo.gov'>www.gpo.gov</a>]By Mr. MARCHANT:H.R. 523.Congress has the power to enact this legislation pursuantto the following:U.S. Constitution Art. I Sec. 8 cl. 2, under the power ``Toborrow Money on the credit of the United States''; andArt. I Sec. 8 cl. 18, under the power ``To make all Lawswhich shall be necessary and proper for carrying intoExecution the foregoing Powers, and all other Powers vestedby this Constitution in the Government of the United States,or in any Department or Officer thereof.''[Page H546]</pre>]]></constitutionalAuthorityStatementText>
    <laws />
    <actions>
      <actionTypeCounts>
        <introducedInHouse>1</introducedInHouse>
        <introducedInTheHouse>1</introducedInTheHouse>
        <billReferrals>1</billReferrals>
      </actionTypeCounts>
      <item>
        <type>IntroReferral</type>
        <text>Referred to the House Committee on Ways and Means.</text>
        <links />
        <committee>
          <systemCode>hswm00</systemCode>
          <name>Ways and Means Committee</name>
        </committee>
        <sourceSystem>
          <code>2</code>
          <name>House floor actions</name>
        </sourceSystem>
        <actionDate>2017-01-13</actionDate>
        <actionCode>H11100</actionCode>
      </item>
      <item>
        <type>IntroReferral</type>
        <text>Introduced in House</text>
        <links />
        <committee />
        <sourceSystem>
          <code>9</code>
          <name>Library of Congress</name>
        </sourceSystem>
        <actionDate>2017-01-13</actionDate>
        <actionCode>Intro-H</actionCode>
      </item>
      <item>
        <type>IntroReferral</type>
        <text>Introduced in House</text>
        <links />
        <committee />
        <sourceSystem>
          <code>9</code>
          <name>Library of Congress</name>
        </sourceSystem>
        <actionDate>2017-01-13</actionDate>
        <actionCode>1000</actionCode>
      </item>
      <actionByCounts>
        <houseOfRepresentatives>3</houseOfRepresentatives>
      </actionByCounts>
    </actions>
    <titles>
      <item>
        <chamberName />
        <titleType>(Extracted from GPO) Short Titles as Introduced</titleType>
        <title>Debt Transparency and Accountability Act</title>
        <parentTitleType />
        <chamberCode />
      </item>
      <item>
        <chamberName />
        <titleType>Short Titles as Introduced</titleType>
        <title>Debt Transparency and Accountability Act</title>
        <parentTitleType />
        <chamberCode />
      </item>
      <item>
        <chamberName />
        <titleType>Official Title as Introduced</titleType>
        <title>To provide further means of accountability of the United States debt and promote fiscal responsibility.</title>
        <parentTitleType />
        <chamberCode />
      </item>
      <item>
        <chamberName />
        <titleType>Display Title</titleType>
        <title>Debt Transparency and Accountability Act</title>
        <parentTitleType />
        <chamberCode />
      </item>
    </titles>
    <summaries>
      <billSummaries>
        <item>
          <versionCode>00</versionCode>
          <actionDate>2017-01-13</actionDate>
          <updateDate>2017-01-13T05:00:00Z</updateDate>
          <text><![CDATA[<p><b>Debt Transparency and Accountability Act </b></p> <p> This bill requires the Secretary of the Treasury to provide a report to Congress prior to any date on which Treasury anticipates the public debt will reach the statutory limit. </p> <p>The Secretary must appear before the House Ways and Means Committee and the Senate Finance Committee to submit a debt report including: (1) historic, current, and projected levels of debt; (2) the drivers and composition of future debt; and (3) how the United States will meet debt obligations if the debt limit is raised.</p> <p>The Secretary must also provide a detailed explanation of: </p> <ul> <li>proposals to reduce the debt and a progress report on implementing them; </li> <li>the impact an increased debt limit will have on future government spending, debt service, and the position of the U.S. dollar as the international reserve currency;</li> <li> projections of the fiscal health and sustainability of major entitlement programs; </li> <li> any extraordinary measures Treasury intends to take to fund federal government obligations if the debt limit is not raised and projections of the administrative cost and duration of the measures.</li> </ul> <p>Treasury must make specified information required by this bill available to the public on its website.</p> <p>Upon request, Treasury must submit to Congress specified financial and economic data relevant to determining the amount of the public debt. </p>]]></text>
          <actionDesc>Introduced in House</actionDesc>
          <name>Introduced in House</name>
          <lastSummaryUpdateDate>2017-04-03T13:10:52Z</lastSummaryUpdateDate>
        </item>
      </billSummaries>
    </summaries>
    <committees>
      <billCommittees>
        <item>
          <systemCode>hswm00</systemCode>
          <name>Ways and Means Committee</name>
          <type>Standing</type>
          <activities>
            <item>
              <name>Referred to</name>
              <date>2017-01-13T14:02:20Z</date>
            </item>
          </activities>
          <chamber>House</chamber>
          <subcommittees />
        </item>
      </billCommittees>
    </committees>
    <introducedDate>2017-01-13</introducedDate>
    <updateDate>2018-02-06T16:40:52Z</updateDate>
    <cboCostEstimates />
    <recordedVotes />
    <billType>HR</billType>
    <createDate>2017-01-14T04:47:32Z</createDate>
    <latestAction>
      <text>Referred to the House Committee on Ways and Means.</text>
      <links />
      <actionDate>2017-01-13</actionDate>
    </latestAction>
  </bill>
  <dublinCore xmlns:dc="http://purl.org/dc/elements/1.1/">
    <dc:format>text/xml</dc:format>
    <dc:language>EN</dc:language>
    <dc:rights>Pursuant to Title 17 Section 105 of the United States Code, this file is not subject to copyright protection and is in the public domain.</dc:rights>
    <dc:contributor>Congressional Research Service, Library of Congress</dc:contributor>
    <dc:description>This file contains bill summaries and statuses for federal legislation. A bill summary describes the most significant provisions of a piece of legislation and details the effects the legislative text may have on current law and federal programs. Bill summaries are authored by the Congressional Research Service (CRS) of the Library of Congress. As stated in Public Law 91-510 (2 USC 166 (d)(6)), one of the duties of CRS is "to prepare summaries and digests of bills and resolutions of a public general nature introduced in the Senate or House of Representatives". For more information, refer to the User Guide that accompanies this file.</dc:description>
  </dublinCore>
</billStatus>

