<?xml version="1.0" encoding="UTF-8"?>
<billStatus>
  <bill>
    <calendarNumbers />
    <constitutionalAuthorityStatementText><![CDATA[<pre>From the Congressional Record Online through the Government Publishing Office [<a href='http://www.gpo.gov'>www.gpo.gov</a>]By Mr. DeSANTIS:H.R. 499.Congress has the power to enact this legislation pursuantto the following:Article I, Section 8, Clause 18 of the United StatesConstitution and Article I, section 9, clause 7 of the UnitedStates Consitution.[Page H473]</pre>]]></constitutionalAuthorityStatementText>
    <congress>115</congress>
    <titles>
      <item>
        <chamberName />
        <titleType>(Extracted from GPO) Short Titles as Introduced</titleType>
        <title>No Exemption for Washington from Obamacare Act</title>
        <parentTitleType />
        <chamberCode />
      </item>
      <item>
        <chamberName />
        <titleType>Short Titles as Introduced</titleType>
        <title>No Exemption for Washington from Obamacare Act</title>
        <parentTitleType />
        <chamberCode />
      </item>
      <item>
        <chamberName />
        <titleType>Official Title as Introduced</titleType>
        <title>To require members of Congress and congressional staff to abide by the Patient Protection and Affordable Care Act with respect to health insurance coverage, and for other purposes.</title>
        <parentTitleType />
        <chamberCode />
      </item>
      <item>
        <chamberName />
        <titleType>Display Title</titleType>
        <title>No Exemption for Washington from Obamacare Act</title>
        <parentTitleType />
        <chamberCode />
      </item>
    </titles>
    <introducedDate>2017-01-12</introducedDate>
    <latestAction>
      <actionDate>2017-01-31</actionDate>
      <text>Referred to the Subcommittee on Health.</text>
      <links />
    </latestAction>
    <title>No Exemption for Washington from Obamacare Act</title>
    <subjects>
      <billSubjects>
        <policyArea>
          <name>Government Operations and Politics</name>
        </policyArea>
        <legislativeSubjects>
          <item>
            <name>Congressional committees</name>
          </item>
          <item>
            <name>Congressional leadership</name>
          </item>
          <item>
            <name>Congressional officers and employees</name>
          </item>
          <item>
            <name>Federal officials</name>
          </item>
          <item>
            <name>Government employee pay, benefits, personnel management</name>
          </item>
          <item>
            <name>Health care costs and insurance</name>
          </item>
          <item>
            <name>Health care coverage and access</name>
          </item>
          <item>
            <name>Presidents and presidential powers, Vice Presidents</name>
          </item>
        </legislativeSubjects>
      </billSubjects>
    </subjects>
    <relatedBills>
      <item>
        <relationshipDetails>
          <item>
            <identifiedBy>CRS</identifiedBy>
            <type>Related bill</type>
          </item>
        </relationshipDetails>
        <latestAction>
          <actionDate>2017-01-25</actionDate>
          <text>Referred to the Subcommittee on Health.</text>
        </latestAction>
        <type>HR</type>
        <number>537</number>
        <latestTitle>Budget Process Accountability Act</latestTitle>
        <congress>115</congress>
      </item>
    </relatedBills>
    <updateDate>2018-02-06T16:40:51Z</updateDate>
    <committeeReports />
    <notes />
    <recordedVotes />
    <amendments />
    <billType>HR</billType>
    <committees>
      <billCommittees>
        <item>
          <systemCode>hswm00</systemCode>
          <name>Ways and Means Committee</name>
          <type>Standing</type>
          <activities>
            <item>
              <name>Referred to</name>
              <date>2017-01-12T15:05:35Z</date>
            </item>
          </activities>
          <chamber>House</chamber>
          <subcommittees>
            <item>
              <activities>
                <item>
                  <name>Referred to</name>
                  <date>2017-01-31T22:02:51Z</date>
                </item>
              </activities>
              <systemCode>hswm02</systemCode>
              <name>Health Subcommittee</name>
            </item>
          </subcommittees>
        </item>
        <item>
          <systemCode>hsif00</systemCode>
          <name>Energy and Commerce Committee</name>
          <type>Standing</type>
          <activities>
            <item>
              <name>Referred to</name>
              <date>2017-01-12T15:05:40Z</date>
            </item>
          </activities>
          <chamber>House</chamber>
          <subcommittees />
        </item>
        <item>
          <systemCode>hsha00</systemCode>
          <name>House Administration Committee</name>
          <type>Standing</type>
          <activities>
            <item>
              <name>Referred to</name>
              <date>2017-01-12T15:05:30Z</date>
            </item>
          </activities>
          <chamber>House</chamber>
          <subcommittees />
        </item>
        <item>
          <systemCode>hsgo00</systemCode>
          <name>Oversight and Government Reform Committee</name>
          <type>Standing</type>
          <activities>
            <item>
              <name>Referred to</name>
              <date>2017-01-12T15:05:25Z</date>
            </item>
          </activities>
          <chamber>House</chamber>
          <subcommittees />
        </item>
      </billCommittees>
    </committees>
    <cboCostEstimates />
    <billNumber>499</billNumber>
    <policyArea>
      <name>Government Operations and Politics</name>
    </policyArea>
    <version>1.0.0</version>
    <createDate>2017-01-13T04:55:31Z</createDate>
    <originChamber>House</originChamber>
    <actions>
      <actionByCounts>
        <houseOfRepresentatives>8</houseOfRepresentatives>
      </actionByCounts>
      <actionTypeCounts>
        <billReferralsAggregate>1</billReferralsAggregate>
        <placeholderTextForH>1</placeholderTextForH>
        <billReferrals>4</billReferrals>
        <introducedInHouse>1</introducedInHouse>
        <introducedInTheHouse>1</introducedInTheHouse>
      </actionTypeCounts>
      <item>
        <actionDate>2017-01-31</actionDate>
        <committee>
          <systemCode>hswm02</systemCode>
          <name>Health Subcommittee</name>
        </committee>
        <links />
        <sourceSystem>
          <name>House committee actions</name>
          <code>1</code>
        </sourceSystem>
        <text>Referred to the Subcommittee on Health.</text>
        <type>Committee</type>
      </item>
      <item>
        <sourceSystem>
          <name>House floor actions</name>
          <code>2</code>
        </sourceSystem>
        <actionDate>2017-01-12</actionDate>
        <text>Referred to House Energy and Commerce</text>
        <type>IntroReferral</type>
        <links />
        <committee>
          <systemCode>hsif00</systemCode>
          <name>Energy and Commerce Committee</name>
        </committee>
        <actionCode>H11100</actionCode>
      </item>
      <item>
        <sourceSystem>
          <name>House floor actions</name>
          <code>2</code>
        </sourceSystem>
        <actionDate>2017-01-12</actionDate>
        <text>Referred to House Ways and Means</text>
        <type>IntroReferral</type>
        <links />
        <committee>
          <systemCode>hswm00</systemCode>
          <name>Ways and Means Committee</name>
        </committee>
        <actionCode>H11100</actionCode>
      </item>
      <item>
        <sourceSystem>
          <name>House floor actions</name>
          <code>2</code>
        </sourceSystem>
        <actionDate>2017-01-12</actionDate>
        <text>Referred to House Administration</text>
        <type>IntroReferral</type>
        <links />
        <committee>
          <systemCode>hsha00</systemCode>
          <name>House Administration Committee</name>
        </committee>
        <actionCode>H11100</actionCode>
      </item>
      <item>
        <sourceSystem>
          <name>House floor actions</name>
          <code>2</code>
        </sourceSystem>
        <actionDate>2017-01-12</actionDate>
        <text>Referred to House Oversight and Government Reform</text>
        <type>IntroReferral</type>
        <links />
        <committee>
          <systemCode>hsgo00</systemCode>
          <name>Oversight and Government Reform Committee</name>
        </committee>
        <actionCode>H11100</actionCode>
      </item>
      <item>
        <sourceSystem>
          <name>Library of Congress</name>
          <code>9</code>
        </sourceSystem>
        <actionDate>2017-01-12</actionDate>
        <text>Referred to the Committee on Oversight and Government Reform, and in addition to the Committees on House Administration, Ways and Means, and Energy and Commerce, for a period to be subsequently determined by the Speaker, in each case for consideration of such provisions as fall within the jurisdiction of the committee concerned.</text>
        <type>IntroReferral</type>
        <links />
        <committee />
        <actionCode>H11100-A</actionCode>
      </item>
      <item>
        <sourceSystem>
          <name>Library of Congress</name>
          <code>9</code>
        </sourceSystem>
        <actionDate>2017-01-12</actionDate>
        <text>Introduced in House</text>
        <type>IntroReferral</type>
        <links />
        <committee />
        <actionCode>Intro-H</actionCode>
      </item>
      <item>
        <sourceSystem>
          <name>Library of Congress</name>
          <code>9</code>
        </sourceSystem>
        <actionDate>2017-01-12</actionDate>
        <text>Introduced in House</text>
        <type>IntroReferral</type>
        <links />
        <committee />
        <actionCode>1000</actionCode>
      </item>
    </actions>
    <sponsors>
      <item>
        <party>R</party>
        <bioguideId>D000621</bioguideId>
        <district>6</district>
        <firstName>Ron</firstName>
        <middleName />
        <state>FL</state>
        <fullName>Rep. DeSantis, Ron [R-FL-6]</fullName>
        <identifiers>
          <bioguideId>D000621</bioguideId>
          <lisID>2116</lisID>
          <gpoId />
        </identifiers>
        <lastName>DeSantis</lastName>
        <byRequestType />
      </item>
    </sponsors>
    <summaries>
      <billSummaries>
        <item>
          <updateDate>2017-01-12T05:00:00Z</updateDate>
          <actionDesc>Introduced in House</actionDesc>
          <versionCode>00</versionCode>
          <name>Introduced in House</name>
          <text><![CDATA[<p><strong>No Exemption for Washington from Obamacare Act</strong></p> <p>This bill amends the Patient Protection and Affordable Care Act to extend the requirement for participation in a health insurance exchange to the President, Vice President, executive branch political appointees, and employees of congressional committees and leadership offices of Congress. Currently, this requirement applies to Members of Congress and their staff.</p> <p>The government is prohibited from contributing to or subsidizing the health insurance coverage of officials and employees subject to this requirement.</p> <p> <p><BR> </p>]]></text>
          <lastSummaryUpdateDate>2017-02-01T17:15:26Z</lastSummaryUpdateDate>
          <actionDate>2017-01-12</actionDate>
        </item>
      </billSummaries>
    </summaries>
    <laws />
    <cosponsors>
      <item>
        <sponsorshipWithdrawnDate />
        <state>AZ</state>
        <bioguideId>B001302</bioguideId>
        <fullName>Rep. Biggs, Andy [R-AZ-5]</fullName>
        <district>5</district>
        <firstName>Andy</firstName>
        <middleName />
        <isOriginalCosponsor>False</isOriginalCosponsor>
        <sponsorshipDate>2017-01-13</sponsorshipDate>
        <identifiers>
          <bioguideId>B001302</bioguideId>
          <lisID>2307</lisID>
          <gpoId />
        </identifiers>
        <lastName>Biggs</lastName>
        <party>R</party>
      </item>
      <item>
        <sponsorshipWithdrawnDate />
        <state>SC</state>
        <bioguideId>S000051</bioguideId>
        <fullName>Rep. Sanford, Mark [R-SC-1]</fullName>
        <district>1</district>
        <firstName>Mark</firstName>
        <middleName />
        <isOriginalCosponsor>False</isOriginalCosponsor>
        <sponsorshipDate>2017-04-26</sponsorshipDate>
        <identifiers>
          <lisID>1012</lisID>
          <gpoId />
          <bioguideId>S000051</bioguideId>
        </identifiers>
        <lastName>Sanford</lastName>
        <party>R</party>
      </item>
      <item>
        <sponsorshipWithdrawnDate />
        <state>SC</state>
        <bioguideId>N000190</bioguideId>
        <fullName>Rep. Norman, Ralph [R-SC-5]</fullName>
        <district>5</district>
        <firstName>Ralph</firstName>
        <middleName />
        <isOriginalCosponsor>False</isOriginalCosponsor>
        <sponsorshipDate>2018-01-09</sponsorshipDate>
        <identifiers>
          <lisID>2361</lisID>
          <bioguideId>N000190</bioguideId>
          <gpoId />
        </identifiers>
        <lastName>Norman</lastName>
        <party>R</party>
      </item>
    </cosponsors>
  </bill>
  <dublinCore xmlns:dc="http://purl.org/dc/elements/1.1/">
    <dc:format>text/xml</dc:format>
    <dc:language>EN</dc:language>
    <dc:rights>Pursuant to Title 17 Section 105 of the United States Code, this file is not subject to copyright protection and is in the public domain.</dc:rights>
    <dc:contributor>Congressional Research Service, Library of Congress</dc:contributor>
    <dc:description>This file contains bill summaries and statuses for federal legislation. A bill summary describes the most significant provisions of a piece of legislation and details the effects the legislative text may have on current law and federal programs. Bill summaries are authored by the Congressional Research Service (CRS) of the Library of Congress. As stated in Public Law 91-510 (2 USC 166 (d)(6)), one of the duties of CRS is "to prepare summaries and digests of bills and resolutions of a public general nature introduced in the Senate or House of Representatives". For more information, refer to the User Guide that accompanies this file.</dc:description>
  </dublinCore>
</billStatus>

