<?xml version="1.0" encoding="UTF-8"?>
<billStatus>
  <bill>
    <cosponsors>
      <item>
        <lastName>Huffman</lastName>
        <sponsorshipDate>2017-01-12</sponsorshipDate>
        <bioguideId>H001068</bioguideId>
        <middleName />
        <identifiers>
          <bioguideId>H001068</bioguideId>
          <lisID>2101</lisID>
          <gpoId />
        </identifiers>
        <district>2</district>
        <party>D</party>
        <state>CA</state>
        <firstName>Jared</firstName>
        <sponsorshipWithdrawnDate />
        <isOriginalCosponsor>True</isOriginalCosponsor>
        <fullName>Rep. Huffman, Jared [D-CA-2]</fullName>
      </item>
      <item>
        <lastName>CONYERS</lastName>
        <sponsorshipDate>2017-01-12</sponsorshipDate>
        <bioguideId>C000714</bioguideId>
        <middleName />
        <identifiers>
          <lisID>229</lisID>
          <gpoId>7999</gpoId>
          <bioguideId>C000714</bioguideId>
        </identifiers>
        <district>13</district>
        <party>D</party>
        <state>MI</state>
        <firstName>JOHN</firstName>
        <sponsorshipWithdrawnDate />
        <isOriginalCosponsor>True</isOriginalCosponsor>
        <fullName>Rep. Conyers, John, Jr. [D-MI-13]</fullName>
      </item>
      <item>
        <lastName>MCCOLLUM</lastName>
        <sponsorshipDate>2017-01-12</sponsorshipDate>
        <bioguideId>M001143</bioguideId>
        <middleName />
        <identifiers>
          <lisID>1653</lisID>
          <bioguideId>M001143</bioguideId>
          <gpoId>8004</gpoId>
        </identifiers>
        <district>4</district>
        <party>D</party>
        <state>MN</state>
        <firstName>BETTY</firstName>
        <sponsorshipWithdrawnDate />
        <isOriginalCosponsor>True</isOriginalCosponsor>
        <fullName>Rep. McCollum, Betty [D-MN-4]</fullName>
      </item>
    </cosponsors>
    <congress>115</congress>
    <committees>
      <billCommittees>
        <item>
          <chamber>House</chamber>
          <subcommittees>
            <item>
              <systemCode>hsju10</systemCode>
              <activities>
                <item>
                  <name>Referred to</name>
                  <date>2017-02-06T22:34:28Z</date>
                </item>
              </activities>
              <name>Constitution and Civil Justice Subcommittee</name>
            </item>
          </subcommittees>
          <systemCode>hsju00</systemCode>
          <name>Judiciary Committee</name>
          <activities>
            <item>
              <name>Referred to</name>
              <date>2017-01-12T15:02:50Z</date>
            </item>
          </activities>
          <type>Standing</type>
        </item>
      </billCommittees>
    </committees>
    <constitutionalAuthorityStatementText><![CDATA[<pre>From the Congressional Record Online through the Government Publishing Office [<a href='http://www.gpo.gov'>www.gpo.gov</a>]By Mr. ELLISON:H.R. 470.Congress has the power to enact this legislation pursuantto the following:Article I, Section 8, Clause 1 and 3.[Page H472]</pre>]]></constitutionalAuthorityStatementText>
    <laws />
    <titles>
      <item>
        <titleType>(Extracted from GPO) Short Titles as Introduced</titleType>
        <title>Fair Franchise Act of 2017</title>
        <chamberCode />
        <parentTitleType />
        <chamberName />
      </item>
      <item>
        <titleType>Short Titles as Introduced</titleType>
        <title>Fair Franchise Act of 2017</title>
        <chamberCode />
        <parentTitleType />
        <chamberName />
      </item>
      <item>
        <titleType>Official Title as Introduced</titleType>
        <title>To establish minimum standards of fair conduct in franchise sales and franchise business relationships, and for other purposes.</title>
        <chamberCode />
        <parentTitleType />
        <chamberName />
      </item>
      <item>
        <titleType>Display Title</titleType>
        <title>Fair Franchise Act of 2017</title>
        <chamberCode />
        <parentTitleType />
        <chamberName />
      </item>
    </titles>
    <billType>HR</billType>
    <amendments />
    <recordedVotes />
    <actions>
      <actionByCounts>
        <houseOfRepresentatives>4</houseOfRepresentatives>
      </actionByCounts>
      <actionTypeCounts>
        <introducedInTheHouse>1</introducedInTheHouse>
        <placeholderTextForH>1</placeholderTextForH>
        <billReferrals>1</billReferrals>
        <introducedInHouse>1</introducedInHouse>
      </actionTypeCounts>
      <item>
        <actionDate>2017-02-06</actionDate>
        <committee>
          <name>Constitution and Civil Justice Subcommittee</name>
          <systemCode>hsju10</systemCode>
        </committee>
        <links />
        <sourceSystem>
          <code>1</code>
          <name>House committee actions</name>
        </sourceSystem>
        <text>Referred to the Subcommittee on the Constitution and Civil Justice.</text>
        <type>Committee</type>
      </item>
      <item>
        <text>Referred to the House Committee on the Judiciary.</text>
        <links />
        <sourceSystem>
          <code>2</code>
          <name>House floor actions</name>
        </sourceSystem>
        <actionCode>H11100</actionCode>
        <type>IntroReferral</type>
        <committee>
          <name>Judiciary Committee</name>
          <systemCode>hsju00</systemCode>
        </committee>
        <actionDate>2017-01-12</actionDate>
      </item>
      <item>
        <text>Introduced in House</text>
        <links />
        <sourceSystem>
          <code>9</code>
          <name>Library of Congress</name>
        </sourceSystem>
        <actionCode>Intro-H</actionCode>
        <type>IntroReferral</type>
        <committee />
        <actionDate>2017-01-12</actionDate>
      </item>
      <item>
        <text>Introduced in House</text>
        <links />
        <sourceSystem>
          <code>9</code>
          <name>Library of Congress</name>
        </sourceSystem>
        <actionCode>1000</actionCode>
        <type>IntroReferral</type>
        <committee />
        <actionDate>2017-01-12</actionDate>
      </item>
    </actions>
    <introducedDate>2017-01-12</introducedDate>
    <relatedBills />
    <committeeReports />
    <calendarNumbers />
    <billNumber>470</billNumber>
    <summaries>
      <billSummaries>
        <item>
          <versionCode>00</versionCode>
          <updateDate>2017-01-12T05:00:00Z</updateDate>
          <actionDesc>Introduced in House</actionDesc>
          <lastSummaryUpdateDate>2017-03-01T20:38:36Z</lastSummaryUpdateDate>
          <actionDate>2017-01-12</actionDate>
          <name>Introduced in House</name>
          <text><![CDATA[<p><b>Fair Franchise Act of 2017</b></p> <p> This bill prohibits any franchise seller, in connection with any disclosure document, notice, or report required by any federal, state, or local law, from making an untrue statement of material fact or failing to state a material fact or any other fact that would render any required statement or disclosure either untrue or misleading.</p> <p>A franchise seller is also prohibited from failing to furnish any prospective franchisee with:</p> <ul> <li>all information required to be disclosed by law;</li> <li>a written statement on whether the franchise agreement involved contains a right to renew it; and</li> <li>certain historical financial performance data in the disclosure document.</li> </ul> <p>Nor may a franchise seller make any oral or written claim or representation to a prospective franchisee that is inconsistent with, or that contradicts, the disclosure document. </p> <p> A franchisor or subfranchisor, in connection with the performance, enforcement, renewal, or termination of any franchise agreement, must not:</p> <ul> <li> engage in any act or pattern of conduct that operates as a fraud upon any person;</li> <li> hinder, prohibit, or penalize the free association of franchisees for any lawful purpose;</li> <li> discriminate against a franchisee by imposing requirements not imposed on other similarly situated franchisees or otherwise retaliate against any franchisee for membership or participation in a franchisee association;</li> <li>charge excessive and unreasonable renewal fees;</li> <li>enforce a provision in a franchise agreement requiring the parties to submit to arbitration unless certain conditions are met;</li> <li>terminate, cancel, or fail to renew a franchise for failure or refusal of the franchisee because it failed or refused to perform specified activities;</li> <li>restrict a franchisee from associating with other franchisees or from joining, leading, or otherwise participating in a trade or other association;</li> <li>require or prohibit any change in management of any franchise except for good cause; or</li> <li>impose on a franchisee a standard of conduct or performance unless the franchisor sustains the burden of proving the standard to be reasonable, necessary, and uniformly enforced.</li> </ul> <p> This bill specifies requirements concerning minimum standards of conduct (good faith and due care) for each party to a franchise agreement. The bill also prohibits:</p> <ul> <li> requiring inclusion in a franchise agreement of a term or condition which violates this bill or relieves a person from a duty or liability under it, or </li> <li>any waiver of compliance with this bill.</li> </ul> <p>A franchisee may assign a franchise interest to a transferee, provided the transferee satisfies reasonable qualifications applied by the franchisor in the offer and sale of franchises.</p> <p>The bill also:</p> <ul> <li> requires specified renewal, termination, and transfer protection for franchisees; </li> <li>specifies requirements concerning legal actions brought by franchisees injured or damaged by violations of this bill; and</li> <li>authorizes legal actions by state attorneys general on behalf of state residents for alleged violation of it.</li></ul>]]></text>
        </item>
      </billSummaries>
    </summaries>
    <cboCostEstimates />
    <updateDate>2018-02-06T16:40:50Z</updateDate>
    <policyArea>
      <name>Commerce</name>
    </policyArea>
    <latestAction>
      <text>Referred to the Subcommittee on the Constitution and Civil Justice.</text>
      <actionDate>2017-02-06</actionDate>
      <links />
    </latestAction>
    <version>1.0.0</version>
    <subjects>
      <billSubjects>
        <policyArea>
          <name>Commerce</name>
        </policyArea>
        <legislativeSubjects>
          <item>
            <name>Business ethics</name>
          </item>
          <item>
            <name>Business records</name>
          </item>
          <item>
            <name>Civil actions and liability</name>
          </item>
          <item>
            <name>Contracts and agency</name>
          </item>
          <item>
            <name>Fraud offenses and financial crimes</name>
          </item>
          <item>
            <name>Government information and archives</name>
          </item>
          <item>
            <name>Retail and wholesale trades</name>
          </item>
          <item>
            <name>Service industries</name>
          </item>
          <item>
            <name>Small business</name>
          </item>
          <item>
            <name>State and local government operations</name>
          </item>
        </legislativeSubjects>
      </billSubjects>
    </subjects>
    <title>Fair Franchise Act of 2017</title>
    <originChamber>House</originChamber>
    <sponsors>
      <item>
        <byRequestType />
        <district>5</district>
        <party>D</party>
        <fullName>Rep. Ellison, Keith [D-MN-5]</fullName>
        <lastName>Ellison</lastName>
        <state>MN</state>
        <bioguideId>E000288</bioguideId>
        <middleName />
        <firstName>Keith</firstName>
        <identifiers>
          <gpoId>8005</gpoId>
          <lisID>1857</lisID>
          <bioguideId>E000288</bioguideId>
        </identifiers>
      </item>
    </sponsors>
    <notes />
    <createDate>2017-01-13T04:55:31Z</createDate>
  </bill>
  <dublinCore xmlns:dc="http://purl.org/dc/elements/1.1/">
    <dc:format>text/xml</dc:format>
    <dc:language>EN</dc:language>
    <dc:rights>Pursuant to Title 17 Section 105 of the United States Code, this file is not subject to copyright protection and is in the public domain.</dc:rights>
    <dc:contributor>Congressional Research Service, Library of Congress</dc:contributor>
    <dc:description>This file contains bill summaries and statuses for federal legislation. A bill summary describes the most significant provisions of a piece of legislation and details the effects the legislative text may have on current law and federal programs. Bill summaries are authored by the Congressional Research Service (CRS) of the Library of Congress. As stated in Public Law 91-510 (2 USC 166 (d)(6)), one of the duties of CRS is "to prepare summaries and digests of bills and resolutions of a public general nature introduced in the Senate or House of Representatives". For more information, refer to the User Guide that accompanies this file.</dc:description>
  </dublinCore>
</billStatus>

