<?xml version="1.0" encoding="UTF-8"?>
<billStatus>
  <bill>
    <policyArea>
      <name>Armed Forces and National Security</name>
    </policyArea>
    <committeeReports />
    <congress>115</congress>
    <sponsors>
      <item>
        <identifiers>
          <lisID>2266</lisID>
          <bioguideId>C001106</bioguideId>
          <gpoId />
        </identifiers>
        <district>6</district>
        <middleName>A.</middleName>
        <byRequestType />
        <fullName>Rep. Costello, Ryan A. [R-PA-6]</fullName>
        <bioguideId>C001106</bioguideId>
        <state>PA</state>
        <party>R</party>
        <firstName>Ryan</firstName>
        <lastName>Costello</lastName>
      </item>
    </sponsors>
    <calendarNumbers />
    <amendments />
    <relatedBills />
    <notes />
    <originChamber>House</originChamber>
    <version>1.0.0</version>
    <billNumber>27</billNumber>
    <title>Ensuring VA Employee Accountability Act</title>
    <cosponsors>
      <item>
        <sponsorshipWithdrawnDate />
        <state>AZ</state>
        <bioguideId>S001191</bioguideId>
        <fullName>Rep. Sinema, Kyrsten [D-AZ-9]</fullName>
        <district>9</district>
        <firstName>Kyrsten</firstName>
        <middleName />
        <isOriginalCosponsor>True</isOriginalCosponsor>
        <sponsorshipDate>2017-01-03</sponsorshipDate>
        <identifiers>
          <bioguideId>S001191</bioguideId>
          <lisID>2099</lisID>
          <gpoId />
        </identifiers>
        <lastName>Sinema</lastName>
        <party>D</party>
      </item>
    </cosponsors>
    <subjects>
      <billSubjects>
        <legislativeSubjects>
          <item>
            <name>Department of Veterans Affairs</name>
          </item>
          <item>
            <name>Employee performance</name>
          </item>
          <item>
            <name>Government employee pay, benefits, personnel management</name>
          </item>
          <item>
            <name>Government ethics and transparency, public corruption</name>
          </item>
          <item>
            <name>Government information and archives</name>
          </item>
          <item>
            <name>Personnel records</name>
          </item>
        </legislativeSubjects>
        <policyArea>
          <name>Armed Forces and National Security</name>
        </policyArea>
      </billSubjects>
    </subjects>
    <constitutionalAuthorityStatementText><![CDATA[<pre>From the Congressional Record Online through the Government Publishing Office [<a href='http://www.gpo.gov'>www.gpo.gov</a>]By Mr. COSTELLO of Pennsylvania:H.R. 27.Congress has the power to enact this legislation pursuantto the following:Article I, Section 8 of the United States Constitution[Page H46]</pre>]]></constitutionalAuthorityStatementText>
    <laws />
    <actions>
      <actionByCounts>
        <senate>1</senate>
        <houseOfRepresentatives>10</houseOfRepresentatives>
      </actionByCounts>
      <actionTypeCounts>
        <passedAgreedToInHouse>1</passedAgreedToInHouse>
        <placeholderTextForH>1</placeholderTextForH>
        <considerationByHouse>1</considerationByHouse>
        <generalDebate>1</generalDebate>
        <motionMadeToSuspendTheRules>1</motionMadeToSuspendTheRules>
        <referredToCommittee>1</referredToCommittee>
        <introducedInTheHouse>1</introducedInTheHouse>
        <billReferrals>1</billReferrals>
        <finalPassageUnderSuspensionOfTheRulesResults>1</finalPassageUnderSuspensionOfTheRulesResults>
        <introducedInHouse>1</introducedInHouse>
        <motionToReconsiderResults>1</motionToReconsiderResults>
      </actionTypeCounts>
      <item>
        <actionDate>2017-01-04</actionDate>
        <committee>
          <systemCode>ssva00</systemCode>
          <name>Veterans' Affairs Committee</name>
        </committee>
        <links />
        <sourceSystem>
          <name>Senate</name>
          <code>0</code>
        </sourceSystem>
        <text>Received in the Senate and Read twice and referred to the Committee on Veterans' Affairs.</text>
        <type>IntroReferral</type>
      </item>
      <item>
        <sourceSystem>
          <name>House floor actions</name>
          <code>2</code>
        </sourceSystem>
        <actionDate>2017-01-03</actionDate>
        <text>Motion to reconsider laid on the table Agreed to without objection.</text>
        <type>Floor</type>
        <links />
        <committee />
        <actionCode>H38310</actionCode>
        <actionTime>17:52:10</actionTime>
      </item>
      <item>
        <sourceSystem>
          <name>House floor actions</name>
          <code>2</code>
        </sourceSystem>
        <actionDate>2017-01-03</actionDate>
        <text>On motion to suspend the rules and pass the bill Agreed to by voice vote. (text: CR H30)</text>
        <type>Floor</type>
        <links>
          <link>
            <name>H30</name>
            <url>https://www.congress.gov/congressional-record/volume-163/house-section/page/H30</url>
          </link>
        </links>
        <committee />
        <actionCode>H37300</actionCode>
        <actionTime>17:52:07</actionTime>
      </item>
      <item>
        <sourceSystem>
          <name>Library of Congress</name>
          <code>9</code>
        </sourceSystem>
        <actionDate>2017-01-03</actionDate>
        <text>Passed/agreed to in House: On motion to suspend the rules and pass the bill Agreed to by voice vote.(text: CR H30)</text>
        <type>Floor</type>
        <links>
          <link>
            <name>H30</name>
            <url>https://www.congress.gov/congressional-record/volume-163/house-section/page/H30</url>
          </link>
        </links>
        <committee />
        <actionCode>8000</actionCode>
        <actionTime>17:52:07</actionTime>
      </item>
      <item>
        <sourceSystem>
          <name>House floor actions</name>
          <code>2</code>
        </sourceSystem>
        <actionDate>2017-01-03</actionDate>
        <text>DEBATE - The House proceeded with forty minutes of debate on H.R. 27.</text>
        <type>Floor</type>
        <links>
          <link>
            <name>H.R. 27</name>
            <url>https://www.congress.gov/bill/115th-congress/house-bill/27</url>
          </link>
        </links>
        <committee />
        <actionCode>H8D000</actionCode>
        <actionTime>17:42:44</actionTime>
      </item>
      <item>
        <sourceSystem>
          <name>House floor actions</name>
          <code>2</code>
        </sourceSystem>
        <actionDate>2017-01-03</actionDate>
        <text>Considered under suspension of the rules. (consideration: CR H29-31)</text>
        <type>Floor</type>
        <links>
          <link>
            <name>H29-31</name>
            <url>https://www.congress.gov/congressional-record/volume-163/house-section/page/H29-31</url>
          </link>
        </links>
        <committee />
        <actionCode>H30000</actionCode>
        <actionTime>17:42:39</actionTime>
      </item>
      <item>
        <sourceSystem>
          <name>House floor actions</name>
          <code>2</code>
        </sourceSystem>
        <actionDate>2017-01-03</actionDate>
        <text>Mr. Roe (TN) moved to suspend the rules and pass the bill.</text>
        <type>Floor</type>
        <links />
        <committee />
        <actionCode>H30300</actionCode>
        <actionTime>17:42:24</actionTime>
      </item>
      <item>
        <actionDate>2017-01-03</actionDate>
        <committee>
          <systemCode>hsvr10</systemCode>
          <name>Economic Opportunity Subcommittee</name>
        </committee>
        <links />
        <sourceSystem>
          <name>House committee actions</name>
          <code>1</code>
        </sourceSystem>
        <text>Referred to the Subcommittee on Economic Opportunity.</text>
        <type>Committee</type>
      </item>
      <item>
        <sourceSystem>
          <name>House floor actions</name>
          <code>2</code>
        </sourceSystem>
        <actionDate>2017-01-03</actionDate>
        <text>Referred to the House Committee on Veterans' Affairs.</text>
        <type>IntroReferral</type>
        <links />
        <committee>
          <systemCode>hsvr00</systemCode>
          <name>Veterans' Affairs Committee</name>
        </committee>
        <actionCode>H11100</actionCode>
      </item>
      <item>
        <sourceSystem>
          <name>Library of Congress</name>
          <code>9</code>
        </sourceSystem>
        <actionDate>2017-01-03</actionDate>
        <text>Introduced in House</text>
        <type>IntroReferral</type>
        <links />
        <committee />
        <actionCode>Intro-H</actionCode>
      </item>
      <item>
        <sourceSystem>
          <name>Library of Congress</name>
          <code>9</code>
        </sourceSystem>
        <actionDate>2017-01-03</actionDate>
        <text>Introduced in House</text>
        <type>IntroReferral</type>
        <links />
        <committee />
        <actionCode>1000</actionCode>
      </item>
    </actions>
    <titles>
      <item>
        <chamberName>House</chamberName>
        <parentTitleType />
        <chamberCode>H</chamberCode>
        <titleType>(Extracted from GPO) Short Titles as Passed House</titleType>
        <title>Ensuring VA Employee Accountability Act</title>
      </item>
      <item>
        <chamberName />
        <parentTitleType />
        <chamberCode />
        <titleType>Short Titles as Introduced</titleType>
        <title>Ensuring VA Employee Accountability Act</title>
      </item>
      <item>
        <chamberName />
        <parentTitleType />
        <chamberCode />
        <titleType>Official Title as Introduced</titleType>
        <title>To amend title 38, United States Code, to require the Secretary of Veterans Affairs to retain a copy of any reprimand or admonishment received by an employee of the Department in the permanent record of the employee.</title>
      </item>
      <item>
        <chamberName />
        <parentTitleType />
        <chamberCode />
        <titleType>Display Title</titleType>
        <title>Ensuring VA Employee Accountability Act</title>
      </item>
    </titles>
    <summaries>
      <billSummaries>
        <item>
          <text><![CDATA[<p><strong>Ensuring VA Employee Accountability Act</strong></p> <p>This bill requires the Department of Veterans Affairs (VA) to retain a copy of any reprimand or admonishment received by a VA employee in the employee's permanent record.</p>]]></text>
          <name>Introduced in House</name>
          <lastSummaryUpdateDate>2017-01-07T17:37:34Z</lastSummaryUpdateDate>
          <versionCode>00</versionCode>
          <actionDesc>Introduced in House</actionDesc>
          <updateDate>2017-01-03T05:00:00Z</updateDate>
          <actionDate>2017-01-03</actionDate>
        </item>
        <item>
          <text><![CDATA[<p>(This measure has not been amended since it was introduced. The summary has been expanded because action occurred on the measure.)</p> <p><strong>Ensuring VA Employee Accountability Act</strong></p> <p>(Sec. 2) This bill requires the Department of Veterans Affairs (VA) to retain a copy of any reprimand or admonishment received by a VA employee in the employee's permanent record.</p>]]></text>
          <name>Passed House without amendment</name>
          <lastSummaryUpdateDate>2017-01-07T17:40:14Z</lastSummaryUpdateDate>
          <versionCode>81</versionCode>
          <actionDesc>Passed House without amendment</actionDesc>
          <updateDate>2017-01-03T14:23:16Z</updateDate>
          <actionDate>2017-01-03</actionDate>
        </item>
      </billSummaries>
    </summaries>
    <committees>
      <billCommittees>
        <item>
          <chamber>Senate</chamber>
          <name>Veterans' Affairs Committee</name>
          <systemCode>ssva00</systemCode>
          <type>Standing</type>
          <subcommittees />
          <activities>
            <item>
              <name>Referred to</name>
              <date>2017-01-04T18:06:38Z</date>
            </item>
          </activities>
        </item>
        <item>
          <chamber>House</chamber>
          <name>Veterans' Affairs Committee</name>
          <systemCode>hsvr00</systemCode>
          <type>Standing</type>
          <subcommittees>
            <item>
              <systemCode>hsvr10</systemCode>
              <name>Economic Opportunity Subcommittee</name>
              <activities>
                <item>
                  <name>Referred to</name>
                  <date>2017-01-03T17:09:08Z</date>
                </item>
              </activities>
            </item>
          </subcommittees>
          <activities>
            <item>
              <name>Referred to</name>
              <date>2017-01-03T17:04:15Z</date>
            </item>
          </activities>
        </item>
      </billCommittees>
    </committees>
    <introducedDate>2017-01-03</introducedDate>
    <updateDate>2018-02-06T16:40:20Z</updateDate>
    <cboCostEstimates />
    <recordedVotes />
    <billType>HR</billType>
    <createDate>2017-01-04T07:01:08Z</createDate>
    <latestAction>
      <text>Received in the Senate and Read twice and referred to the Committee on Veterans' Affairs.</text>
      <links />
      <actionDate>2017-01-04</actionDate>
    </latestAction>
  </bill>
  <dublinCore xmlns:dc="http://purl.org/dc/elements/1.1/">
    <dc:format>text/xml</dc:format>
    <dc:language>EN</dc:language>
    <dc:rights>Pursuant to Title 17 Section 105 of the United States Code, this file is not subject to copyright protection and is in the public domain.</dc:rights>
    <dc:contributor>Congressional Research Service, Library of Congress</dc:contributor>
    <dc:description>This file contains bill summaries and statuses for federal legislation. A bill summary describes the most significant provisions of a piece of legislation and details the effects the legislative text may have on current law and federal programs. Bill summaries are authored by the Congressional Research Service (CRS) of the Library of Congress. As stated in Public Law 91-510 (2 USC 166 (d)(6)), one of the duties of CRS is "to prepare summaries and digests of bills and resolutions of a public general nature introduced in the Senate or House of Representatives". For more information, refer to the User Guide that accompanies this file.</dc:description>
  </dublinCore>
</billStatus>

