<?xml version="1.0" encoding="UTF-8"?>
<billStatus>
  <bill>
    <cosponsors>
      <item>
        <state>VA</state>
        <identifiers>
          <lisID>1886</lisID>
          <bioguideId>W000804</bioguideId>
          <gpoId>8192</gpoId>
        </identifiers>
        <district>1</district>
        <sponsorshipDate>2017-01-24</sponsorshipDate>
        <lastName>Wittman</lastName>
        <fullName>Rep. Wittman, Robert J. [R-VA-1]</fullName>
        <middleName>J.</middleName>
        <party>R</party>
        <sponsorshipWithdrawnDate />
        <bioguideId>W000804</bioguideId>
        <firstName>Robert</firstName>
        <isOriginalCosponsor>True</isOriginalCosponsor>
      </item>
      <item>
        <state>VA</state>
        <identifiers>
          <lisID>446</lisID>
          <bioguideId>G000289</bioguideId>
          <gpoId>8197</gpoId>
        </identifiers>
        <district>6</district>
        <sponsorshipDate>2017-01-24</sponsorshipDate>
        <lastName>GOODLATTE</lastName>
        <fullName>Rep. Goodlatte, Bob [R-VA-6]</fullName>
        <middleName>W.</middleName>
        <party>R</party>
        <sponsorshipWithdrawnDate />
        <bioguideId>G000289</bioguideId>
        <firstName>ROBERT</firstName>
        <isOriginalCosponsor>True</isOriginalCosponsor>
      </item>
      <item>
        <state>TN</state>
        <identifiers>
          <lisID>2063</lisID>
          <gpoId>8153</gpoId>
          <bioguideId>B001273</bioguideId>
        </identifiers>
        <district>6</district>
        <sponsorshipDate>2017-01-24</sponsorshipDate>
        <lastName>Black</lastName>
        <fullName>Rep. Black, Diane [R-TN-6]</fullName>
        <middleName />
        <party>R</party>
        <sponsorshipWithdrawnDate />
        <bioguideId>B001273</bioguideId>
        <firstName>Diane</firstName>
        <isOriginalCosponsor>True</isOriginalCosponsor>
      </item>
      <item>
        <state>TX</state>
        <identifiers>
          <lisID>1955</lisID>
          <bioguideId>O000168</bioguideId>
          <gpoId>8178</gpoId>
        </identifiers>
        <district>22</district>
        <sponsorshipDate>2017-01-24</sponsorshipDate>
        <lastName>Olson</lastName>
        <fullName>Rep. Olson, Pete [R-TX-22]</fullName>
        <middleName />
        <party>R</party>
        <sponsorshipWithdrawnDate />
        <bioguideId>O000168</bioguideId>
        <firstName>Pete</firstName>
        <isOriginalCosponsor>True</isOriginalCosponsor>
      </item>
      <item>
        <state>NE</state>
        <identifiers>
          <bioguideId>B001298</bioguideId>
          <gpoId />
          <lisID>2337</lisID>
        </identifiers>
        <district>2</district>
        <sponsorshipDate>2017-04-06</sponsorshipDate>
        <lastName>Bacon</lastName>
        <fullName>Rep. Bacon, Don [R-NE-2]</fullName>
        <middleName />
        <party>R</party>
        <sponsorshipWithdrawnDate />
        <bioguideId>B001298</bioguideId>
        <firstName>Don</firstName>
        <isOriginalCosponsor>False</isOriginalCosponsor>
      </item>
    </cosponsors>
    <congress>115</congress>
    <committees>
      <billCommittees>
        <item>
          <systemCode>hsgo00</systemCode>
          <name>Oversight and Government Reform Committee</name>
          <type>Standing</type>
          <activities>
            <item>
              <name>Referred to</name>
              <date>2017-01-24T15:02:00Z</date>
            </item>
          </activities>
          <chamber>House</chamber>
          <subcommittees />
        </item>
        <item>
          <systemCode>hsha00</systemCode>
          <name>House Administration Committee</name>
          <type>Standing</type>
          <activities>
            <item>
              <name>Referred to</name>
              <date>2017-01-24T15:01:50Z</date>
            </item>
          </activities>
          <chamber>House</chamber>
          <subcommittees />
        </item>
      </billCommittees>
    </committees>
    <constitutionalAuthorityStatementText><![CDATA[<pre>From the Congressional Record Online through the Government Publishing Office [<a href='http://www.gpo.gov'>www.gpo.gov</a>]By Mr. LATTA:H.R. 668.Congress has the power to enact this legislation pursuantto the following:Article 1, Section 6The Senators and Representatives shall receive aCompensation for their Services, to be ascertained by Law,and paid out of the Treasury of the United States.[Page H688]</pre>]]></constitutionalAuthorityStatementText>
    <laws />
    <titles>
      <item>
        <chamberCode />
        <chamberName />
        <parentTitleType />
        <titleType>Official Title as Introduced</titleType>
        <title>To eliminate automatic pay adjustments for Members of Congress, and for other purposes.</title>
      </item>
      <item>
        <chamberCode />
        <chamberName />
        <parentTitleType />
        <titleType>Display Title</titleType>
        <title>To eliminate automatic pay adjustments for Members of Congress, and for other purposes.</title>
      </item>
    </titles>
    <billType>HR</billType>
    <amendments />
    <recordedVotes />
    <actions>
      <item>
        <sourceSystem>
          <name>House floor actions</name>
          <code>2</code>
        </sourceSystem>
        <actionDate>2017-01-24</actionDate>
        <links />
        <text>Referred to House Oversight and Government Reform</text>
        <committee>
          <systemCode>hsgo00</systemCode>
          <name>Oversight and Government Reform Committee</name>
        </committee>
        <actionCode>H11100</actionCode>
        <type>IntroReferral</type>
      </item>
      <item>
        <sourceSystem>
          <name>House floor actions</name>
          <code>2</code>
        </sourceSystem>
        <actionDate>2017-01-24</actionDate>
        <links />
        <text>Referred to House Administration</text>
        <committee>
          <systemCode>hsha00</systemCode>
          <name>House Administration Committee</name>
        </committee>
        <actionCode>H11100</actionCode>
        <type>IntroReferral</type>
      </item>
      <item>
        <sourceSystem>
          <name>Library of Congress</name>
          <code>9</code>
        </sourceSystem>
        <actionDate>2017-01-24</actionDate>
        <links />
        <text>Referred to the Committee on House Administration, and in addition to the Committee on Oversight and Government Reform, for a period to be subsequently determined by the Speaker, in each case for consideration of such provisions as fall within the jurisdiction of the committee concerned.</text>
        <committee />
        <actionCode>H11100-A</actionCode>
        <type>IntroReferral</type>
      </item>
      <item>
        <sourceSystem>
          <name>Library of Congress</name>
          <code>9</code>
        </sourceSystem>
        <actionDate>2017-01-24</actionDate>
        <links />
        <text>Introduced in House</text>
        <committee />
        <actionCode>Intro-H</actionCode>
        <type>IntroReferral</type>
      </item>
      <item>
        <sourceSystem>
          <name>Library of Congress</name>
          <code>9</code>
        </sourceSystem>
        <actionDate>2017-01-24</actionDate>
        <links />
        <text>Introduced in House</text>
        <committee />
        <actionCode>1000</actionCode>
        <type>IntroReferral</type>
      </item>
      <actionByCounts>
        <houseOfRepresentatives>5</houseOfRepresentatives>
      </actionByCounts>
      <actionTypeCounts>
        <billReferrals>2</billReferrals>
        <billReferralsAggregate>1</billReferralsAggregate>
        <introducedInHouse>1</introducedInHouse>
        <introducedInTheHouse>1</introducedInTheHouse>
      </actionTypeCounts>
    </actions>
    <introducedDate>2017-01-24</introducedDate>
    <relatedBills>
      <item>
        <relationshipDetails>
          <item>
            <identifiedBy>CRS</identifiedBy>
            <type>Related bill</type>
          </item>
        </relationshipDetails>
        <latestAction>
          <actionDate>2017-04-26</actionDate>
          <text>Referred to the Subcommittee on the Constitution and Civil Justice.</text>
        </latestAction>
        <type>HR</type>
        <number>1951</number>
        <latestTitle>NOPE Act</latestTitle>
        <congress>115</congress>
      </item>
      <item>
        <relationshipDetails>
          <item>
            <identifiedBy>CRS</identifiedBy>
            <type>Related bill</type>
          </item>
        </relationshipDetails>
        <latestAction>
          <actionDate>2017-01-05</actionDate>
          <text>Referred to House Oversight and Government Reform</text>
        </latestAction>
        <type>HR</type>
        <number>342</number>
        <latestTitle>No Raise for Congress Act</latestTitle>
        <congress>115</congress>
      </item>
    </relatedBills>
    <committeeReports />
    <calendarNumbers />
    <billNumber>668</billNumber>
    <summaries>
      <billSummaries>
        <item>
          <versionCode>00</versionCode>
          <actionDate>2017-01-24</actionDate>
          <updateDate>2017-01-24T05:00:00Z</updateDate>
          <text><![CDATA[<p>This bill amends the Legislative Reorganization Act of 1946 to eliminate automatic pay adjustments for Members of Congress.</p>]]></text>
          <actionDesc>Introduced in House</actionDesc>
          <name>Introduced in House</name>
          <lastSummaryUpdateDate>2017-03-01T20:42:40Z</lastSummaryUpdateDate>
        </item>
      </billSummaries>
    </summaries>
    <cboCostEstimates />
    <updateDate>2018-02-06T16:41:04Z</updateDate>
    <policyArea>
      <name>Congress</name>
    </policyArea>
    <latestAction>
      <text>Referred to House Oversight and Government Reform</text>
      <actionDate>2017-01-24</actionDate>
      <links />
    </latestAction>
    <version>1.0.0</version>
    <subjects>
      <billSubjects>
        <policyArea>
          <name>Congress</name>
        </policyArea>
        <legislativeSubjects>
          <item>
            <name>Government employee pay, benefits, personnel management</name>
          </item>
          <item>
            <name>Inflation and prices</name>
          </item>
          <item>
            <name>Members of Congress</name>
          </item>
        </legislativeSubjects>
      </billSubjects>
    </subjects>
    <title>To eliminate automatic pay adjustments for Members of Congress, and for other purposes.</title>
    <originChamber>House</originChamber>
    <sponsors>
      <item>
        <byRequestType />
        <district>5</district>
        <party>R</party>
        <fullName>Rep. Latta, Robert E. [R-OH-5]</fullName>
        <lastName>Latta</lastName>
        <state>OH</state>
        <bioguideId>L000566</bioguideId>
        <middleName>E.</middleName>
        <firstName>Robert</firstName>
        <identifiers>
          <lisID>1885</lisID>
          <gpoId>8095</gpoId>
          <bioguideId>L000566</bioguideId>
        </identifiers>
      </item>
    </sponsors>
    <notes />
    <createDate>2017-01-25T04:45:55Z</createDate>
  </bill>
  <dublinCore xmlns:dc="http://purl.org/dc/elements/1.1/">
    <dc:format>text/xml</dc:format>
    <dc:language>EN</dc:language>
    <dc:rights>Pursuant to Title 17 Section 105 of the United States Code, this file is not subject to copyright protection and is in the public domain.</dc:rights>
    <dc:contributor>Congressional Research Service, Library of Congress</dc:contributor>
    <dc:description>This file contains bill summaries and statuses for federal legislation. A bill summary describes the most significant provisions of a piece of legislation and details the effects the legislative text may have on current law and federal programs. Bill summaries are authored by the Congressional Research Service (CRS) of the Library of Congress. As stated in Public Law 91-510 (2 USC 166 (d)(6)), one of the duties of CRS is "to prepare summaries and digests of bills and resolutions of a public general nature introduced in the Senate or House of Representatives". For more information, refer to the User Guide that accompanies this file.</dc:description>
  </dublinCore>
</billStatus>

