<?xml version="1.0" encoding="UTF-8"?>
<billStatus>
  <bill>
    <titles>
      <item>
        <parentTitleType />
        <chamberCode />
        <titleType>Official Title as Introduced</titleType>
        <chamberName />
        <title>To remove the sunset provision of section 203 of Public Law 105-384, and for other purposes.</title>
      </item>
      <item>
        <parentTitleType />
        <chamberCode />
        <titleType>Display Title</titleType>
        <chamberName />
        <title>To remove the sunset provision of section 203 of Public Law 105-384, and for other purposes.</title>
      </item>
    </titles>
    <committeeReports />
    <sponsors>
      <item>
        <firstName>Jaime</firstName>
        <middleName>Herrera</middleName>
        <identifiers>
          <bioguideId>H001056</bioguideId>
          <lisID>2071</lisID>
          <gpoId>8207</gpoId>
        </identifiers>
        <party>R</party>
        <bioguideId>H001056</bioguideId>
        <lastName>Beutler</lastName>
        <fullName>Rep. Herrera Beutler, Jaime [R-WA-3]</fullName>
        <byRequestType />
        <district>3</district>
        <state>WA</state>
      </item>
    </sponsors>
    <title>To remove the sunset provision of section 203 of Public Law 105-384, and for other purposes.</title>
    <actions>
      <item>
        <sourceSystem>
          <name>House floor actions</name>
          <code>2</code>
        </sourceSystem>
        <actionDate>2017-08-18</actionDate>
        <links>
          <link>
            <name>Public Law No: 115-49</name>
            <url>https://www.congress.gov/bill/115th-congress/house-bill/374/text/pl</url>
          </link>
        </links>
        <text>Became Public Law No: 115-49.</text>
        <committee />
        <actionCode>E40000</actionCode>
        <type>President</type>
      </item>
      <item>
        <sourceSystem>
          <name>Library of Congress</name>
          <code>9</code>
        </sourceSystem>
        <actionDate>2017-08-18</actionDate>
        <links>
          <link>
            <name>Public Law No: 115-49</name>
            <url>https://www.congress.gov/bill/115th-congress/house-bill/374/text/pl</url>
          </link>
        </links>
        <text>Became Public Law No: 115-49.</text>
        <committee />
        <actionCode>36000</actionCode>
        <type>BecameLaw</type>
      </item>
      <item>
        <sourceSystem>
          <name>House floor actions</name>
          <code>2</code>
        </sourceSystem>
        <actionDate>2017-08-18</actionDate>
        <links />
        <text>Signed by President.</text>
        <committee />
        <actionCode>E30000</actionCode>
        <type>President</type>
      </item>
      <item>
        <sourceSystem>
          <name>Library of Congress</name>
          <code>9</code>
        </sourceSystem>
        <actionDate>2017-08-18</actionDate>
        <links />
        <text>Signed by President.</text>
        <committee />
        <actionCode>36000</actionCode>
        <type>BecameLaw</type>
      </item>
      <item>
        <sourceSystem>
          <name>House floor actions</name>
          <code>2</code>
        </sourceSystem>
        <actionDate>2017-08-07</actionDate>
        <links />
        <text>Presented to President.</text>
        <committee />
        <actionCode>E20000</actionCode>
        <type>Floor</type>
      </item>
      <item>
        <sourceSystem>
          <name>Library of Congress</name>
          <code>9</code>
        </sourceSystem>
        <actionDate>2017-08-07</actionDate>
        <links />
        <text>Presented to President.</text>
        <committee />
        <actionCode>28000</actionCode>
        <type>President</type>
      </item>
      <item>
        <actionDate>2017-08-04</actionDate>
        <committee />
        <links />
        <sourceSystem>
          <name>Senate</name>
          <code>0</code>
        </sourceSystem>
        <text>Message on Senate action sent to the House.</text>
        <type>Floor</type>
      </item>
      <item>
        <actionDate>2017-08-03</actionDate>
        <committee />
        <links>
          <link>
            <name>S4894</name>
            <url>https://www.congress.gov/congressional-record/volume-163/senate-section/page/S4894</url>
          </link>
        </links>
        <sourceSystem>
          <name>Senate</name>
          <code>0</code>
        </sourceSystem>
        <text>Passed Senate without amendment by Unanimous Consent. (consideration: CR S4894)</text>
        <type>Floor</type>
      </item>
      <item>
        <sourceSystem>
          <name>Library of Congress</name>
          <code>9</code>
        </sourceSystem>
        <actionDate>2017-08-03</actionDate>
        <links />
        <text>Passed/agreed to in Senate: Passed Senate without amendment by Unanimous Consent.</text>
        <committee />
        <actionCode>17000</actionCode>
        <type>Floor</type>
      </item>
      <item>
        <actionDate>2017-01-31</actionDate>
        <committee />
        <links />
        <sourceSystem>
          <name>Senate</name>
          <code>0</code>
        </sourceSystem>
        <text>Received in the Senate, read twice.</text>
        <type>IntroReferral</type>
      </item>
      <item>
        <sourceSystem>
          <name>House floor actions</name>
          <code>2</code>
        </sourceSystem>
        <actionDate>2017-01-30</actionDate>
        <actionTime>18:51:34</actionTime>
        <links />
        <text>Motion to reconsider laid on the table Agreed to without objection.</text>
        <committee />
        <actionCode>H38310</actionCode>
        <type>Floor</type>
      </item>
      <item>
        <sourceSystem>
          <name>House floor actions</name>
          <code>2</code>
        </sourceSystem>
        <actionDate>2017-01-30</actionDate>
        <actionTime>18:51:33</actionTime>
        <links>
          <link>
            <name>H713</name>
            <url>https://www.congress.gov/congressional-record/volume-163/house-section/page/H713</url>
          </link>
          <link>
            <name>Roll no. 66</name>
            <url>http://clerk.house.gov/evs/2017/roll066.xml</url>
          </link>
        </links>
        <text>On motion to suspend the rules and pass the bill Agreed to by the Yeas and Nays: (2/3 required): 388 - 0 (Roll no. 66). (text: CR H713)</text>
        <committee />
        <actionCode>H37300</actionCode>
        <type>Floor</type>
      </item>
      <item>
        <sourceSystem>
          <name>Library of Congress</name>
          <code>9</code>
        </sourceSystem>
        <actionDate>2017-01-30</actionDate>
        <actionTime>18:51:33</actionTime>
        <links>
          <link>
            <name>H713</name>
            <url>https://www.congress.gov/congressional-record/volume-163/house-section/page/H713</url>
          </link>
          <link>
            <name>Roll no. 66</name>
            <url>http://clerk.house.gov/evs/2017/roll066.xml</url>
          </link>
        </links>
        <text>Passed/agreed to in House: On motion to suspend the rules and pass the bill Agreed to by the Yeas and Nays: (2/3 required): 388 - 0 (Roll no. 66).(text: CR H713)</text>
        <committee />
        <actionCode>8000</actionCode>
        <type>Floor</type>
      </item>
      <item>
        <sourceSystem>
          <name>House floor actions</name>
          <code>2</code>
        </sourceSystem>
        <actionDate>2017-01-30</actionDate>
        <actionTime>18:31:45</actionTime>
        <links>
          <link>
            <name>H719-720</name>
            <url>https://www.congress.gov/congressional-record/volume-163/house-section/page/H719-720</url>
          </link>
        </links>
        <text>Considered as unfinished business. (consideration: CR H719-720)</text>
        <committee />
        <actionCode>H30000</actionCode>
        <type>Floor</type>
      </item>
      <item>
        <sourceSystem>
          <name>House floor actions</name>
          <code>2</code>
        </sourceSystem>
        <actionDate>2017-01-30</actionDate>
        <actionTime>17:00:19</actionTime>
        <links />
        <text>At the conclusion of debate, the Yeas and Nays were demanded and ordered. Pursuant to the provisions of clause 8, rule XX, the Chair announced that further proceedings on the motion would be postponed.</text>
        <committee />
        <actionCode>H37220</actionCode>
        <type>Floor</type>
      </item>
      <item>
        <sourceSystem>
          <name>House floor actions</name>
          <code>2</code>
        </sourceSystem>
        <actionDate>2017-01-30</actionDate>
        <actionTime>16:53:50</actionTime>
        <links>
          <link>
            <name>H.R. 374</name>
            <url>https://www.congress.gov/bill/115th-congress/house-bill/374</url>
          </link>
        </links>
        <text>DEBATE - The House proceeded with forty minutes of debate on H.R. 374.</text>
        <committee />
        <actionCode>H8D000</actionCode>
        <type>Floor</type>
      </item>
      <item>
        <sourceSystem>
          <name>House floor actions</name>
          <code>2</code>
        </sourceSystem>
        <actionDate>2017-01-30</actionDate>
        <actionTime>16:53:48</actionTime>
        <links>
          <link>
            <name>H713-714</name>
            <url>https://www.congress.gov/congressional-record/volume-163/house-section/page/H713-714</url>
          </link>
        </links>
        <text>Considered under suspension of the rules. (consideration: CR H713-714)</text>
        <committee />
        <actionCode>H30000</actionCode>
        <type>Floor</type>
      </item>
      <item>
        <sourceSystem>
          <name>House floor actions</name>
          <code>2</code>
        </sourceSystem>
        <actionDate>2017-01-30</actionDate>
        <actionTime>16:53:30</actionTime>
        <links />
        <text>Mr. McClintock moved to suspend the rules and pass the bill.</text>
        <committee />
        <actionCode>H30300</actionCode>
        <type>Floor</type>
      </item>
      <item>
        <sourceSystem>
          <name>House floor actions</name>
          <code>2</code>
        </sourceSystem>
        <actionDate>2017-01-09</actionDate>
        <links />
        <text>Referred to the House Committee on Natural Resources.</text>
        <committee>
          <systemCode>hsii00</systemCode>
          <name>Natural Resources Committee</name>
        </committee>
        <actionCode>H11100</actionCode>
        <type>IntroReferral</type>
      </item>
      <item>
        <sourceSystem>
          <name>Library of Congress</name>
          <code>9</code>
        </sourceSystem>
        <actionDate>2017-01-09</actionDate>
        <links />
        <text>Introduced in House</text>
        <committee />
        <actionCode>Intro-H</actionCode>
        <type>IntroReferral</type>
      </item>
      <item>
        <sourceSystem>
          <name>Library of Congress</name>
          <code>9</code>
        </sourceSystem>
        <actionDate>2017-01-09</actionDate>
        <links />
        <text>Introduced in House</text>
        <committee />
        <actionCode>1000</actionCode>
        <type>IntroReferral</type>
      </item>
      <actionByCounts>
        <houseOfRepresentatives>11</houseOfRepresentatives>
        <senate>4</senate>
      </actionByCounts>
      <actionTypeCounts>
        <passedSenate>1</passedSenate>
        <generalDebate>1</generalDebate>
        <presentedToPresident>1</presentedToPresident>
        <motionToReconsiderResults>1</motionToReconsiderResults>
        <introducedInHouse>1</introducedInHouse>
        <placeholderTextForE>3</placeholderTextForE>
        <becamePublicLaw>2</becamePublicLaw>
        <sentToHouse>1</sentToHouse>
        <finalPassageUnderSuspensionOfTheRulesResults>1</finalPassageUnderSuspensionOfTheRulesResults>
        <introducedInTheHouse>1</introducedInTheHouse>
        <motionMadeToSuspendTheRules>1</motionMadeToSuspendTheRules>
        <passedAgreedToInSenate>1</passedAgreedToInSenate>
        <passedAgreedToInHouse>1</passedAgreedToInHouse>
        <billReferrals>1</billReferrals>
        <considerationByHouse>2</considerationByHouse>
        <placeholderTextForH>1</placeholderTextForH>
        <introducedInSenate>1</introducedInSenate>
      </actionTypeCounts>
    </actions>
    <summaries>
      <billSummaries>
        <item>
          <lastSummaryUpdateDate>2017-01-27T14:48:05Z</lastSummaryUpdateDate>
          <updateDate>2017-01-09T05:00:00Z</updateDate>
          <versionCode>00</versionCode>
          <text><![CDATA[<p>This bill makes permanent the authority of Washington, Oregon, and California to adopt and enforce state laws governing fishing and processing in the exclusive economic zone adjacent to their state in any Dungeness crab fishery for which there is no fishery management plan in effect under the Magnuson-Stevens Fishery Conservation and Management Act.</p>]]></text>
          <name>Introduced in House</name>
          <actionDesc>Introduced in House</actionDesc>
          <actionDate>2017-01-09</actionDate>
        </item>
        <item>
          <lastSummaryUpdateDate>2017-02-01T15:08:27Z</lastSummaryUpdateDate>
          <updateDate>2017-01-30T14:26:01Z</updateDate>
          <versionCode>81</versionCode>
          <text><![CDATA[<p>(This measure has not been amended since it was introduced. The summary has been expanded because action occurred on the measure.)</p> <p>(Sec.1)This bill makes permanent the authority of Washington, Oregon, and California to adopt and enforce state laws governing fishing and processing in the exclusive economic zone adjacent to their state in any Dungeness crab fishery for which there is no fishery management plan in effect under the Magnuson-Stevens Fishery Conservation and Management Act.</p>]]></text>
          <name>Passed House without amendment</name>
          <actionDesc>Passed House without amendment</actionDesc>
          <actionDate>2017-01-30</actionDate>
        </item>
        <item>
          <lastSummaryUpdateDate>2017-08-24T20:20:16Z</lastSummaryUpdateDate>
          <updateDate>2017-08-03T14:39:01Z</updateDate>
          <versionCode>82</versionCode>
          <text><![CDATA[<p>(This measure has not been amended since it was introduced. The expanded summary of the House passed version is repeated here.) </p> <p>(Sec.1)This bill makes permanent the authority of Washington, Oregon, and California to adopt and enforce state laws governing fishing and processing in the exclusive economic zone adjacent to their state in any Dungeness crab fishery for which there is no fishery management plan in effect under the Magnuson-Stevens Fishery Conservation and Management Act.</p>]]></text>
          <name>Passed Senate without amendment</name>
          <actionDesc>Passed Senate without amendment</actionDesc>
          <actionDate>2017-08-03</actionDate>
        </item>
        <item>
          <lastSummaryUpdateDate>2017-08-26T16:25:04Z</lastSummaryUpdateDate>
          <updateDate>2017-08-19T03:59:58Z</updateDate>
          <versionCode>49</versionCode>
          <text><![CDATA[<p>(This measure has not been amended since it was introduced. The expanded summary of the House passed version is repeated here.) </p> <p>(Sec.1)This bill makes permanent the authority of Washington, Oregon, and California to adopt and enforce state laws governing fishing and processing in the exclusive economic zone adjacent to their state in any Dungeness crab fishery for which there is no fishery management plan in effect under the Magnuson-Stevens Fishery Conservation and Management Act.</p>]]></text>
          <name>Public Law</name>
          <actionDesc>Public Law</actionDesc>
          <actionDate>2017-08-18</actionDate>
        </item>
      </billSummaries>
    </summaries>
    <constitutionalAuthorityStatementText><![CDATA[<pre>From the Congressional Record Online through the Government Publishing Office [<a href='http://www.gpo.gov'>www.gpo.gov</a>]By Ms. BEUTLER:H.R. 374.Congress has the power to enact this legislation pursuantto the following:The power of Congress to make rules for the government andregulation of the land and naval forces, as enumerated inArticle I, Section 8, Clause 14 of the United StatesConstitution.[Page H235]</pre>]]></constitutionalAuthorityStatementText>
    <billNumber>374</billNumber>
    <calendarNumbers />
    <originChamber>House</originChamber>
    <version>1.0.0</version>
    <subjects>
      <billSubjects>
        <policyArea>
          <name>Public Lands and Natural Resources</name>
        </policyArea>
        <legislativeSubjects>
          <item>
            <name>California</name>
          </item>
          <item>
            <name>Marine and coastal resources, fisheries</name>
          </item>
          <item>
            <name>Oregon</name>
          </item>
          <item>
            <name>State and local government operations</name>
          </item>
          <item>
            <name>Washington State</name>
          </item>
        </legislativeSubjects>
      </billSubjects>
    </subjects>
    <cosponsors>
      <item>
        <lastName>Kilmer</lastName>
        <firstName>Derek</firstName>
        <sponsorshipWithdrawnDate />
        <isOriginalCosponsor>True</isOriginalCosponsor>
        <district>6</district>
        <party>D</party>
        <fullName>Rep. Kilmer, Derek [D-WA-6]</fullName>
        <middleName />
        <state>WA</state>
        <bioguideId>K000381</bioguideId>
        <sponsorshipDate>2017-01-09</sponsorshipDate>
        <identifiers>
          <lisID>2169</lisID>
          <gpoId />
          <bioguideId>K000381</bioguideId>
        </identifiers>
      </item>
      <item>
        <lastName>Huffman</lastName>
        <firstName>Jared</firstName>
        <sponsorshipWithdrawnDate />
        <isOriginalCosponsor>True</isOriginalCosponsor>
        <district>2</district>
        <party>D</party>
        <fullName>Rep. Huffman, Jared [D-CA-2]</fullName>
        <middleName />
        <state>CA</state>
        <bioguideId>H001068</bioguideId>
        <sponsorshipDate>2017-01-09</sponsorshipDate>
        <identifiers>
          <bioguideId>H001068</bioguideId>
          <lisID>2101</lisID>
          <gpoId />
        </identifiers>
      </item>
      <item>
        <lastName>THOMPSON</lastName>
        <firstName>MIKE</firstName>
        <sponsorshipWithdrawnDate />
        <isOriginalCosponsor>True</isOriginalCosponsor>
        <district>5</district>
        <party>D</party>
        <fullName>Rep. Thompson, Mike [D-CA-5]</fullName>
        <middleName />
        <state>CA</state>
        <bioguideId>T000460</bioguideId>
        <sponsorshipDate>2017-01-09</sponsorshipDate>
        <identifiers>
          <lisID>1593</lisID>
          <bioguideId>T000460</bioguideId>
          <gpoId>7806</gpoId>
        </identifiers>
      </item>
      <item>
        <lastName>DEFAZIO</lastName>
        <firstName>PETER</firstName>
        <sponsorshipWithdrawnDate />
        <isOriginalCosponsor>True</isOriginalCosponsor>
        <district>4</district>
        <party>D</party>
        <fullName>Rep. DeFazio, Peter A. [D-OR-4]</fullName>
        <middleName>A.</middleName>
        <state>OR</state>
        <bioguideId>D000191</bioguideId>
        <sponsorshipDate>2017-01-09</sponsorshipDate>
        <identifiers>
          <bioguideId>D000191</bioguideId>
          <gpoId>8117</gpoId>
          <lisID>279</lisID>
        </identifiers>
      </item>
      <item>
        <lastName>Bonamici</lastName>
        <firstName>Suzanne</firstName>
        <sponsorshipWithdrawnDate />
        <isOriginalCosponsor>False</isOriginalCosponsor>
        <district>1</district>
        <party>D</party>
        <fullName>Rep. Bonamici, Suzanne [D-OR-1]</fullName>
        <middleName />
        <state>OR</state>
        <bioguideId>B001278</bioguideId>
        <sponsorshipDate>2017-01-30</sponsorshipDate>
        <identifiers>
          <lisID>2092</lisID>
          <bioguideId>B001278</bioguideId>
          <gpoId>8367</gpoId>
        </identifiers>
      </item>
    </cosponsors>
    <latestAction>
      <text>Became Public Law No: 115-49.</text>
      <links>
        <link>
          <name>Public Law No: 115-49</name>
          <url>https://www.congress.gov/bill/115th-congress/house-bill/374/text/pl</url>
        </link>
      </links>
      <actionDate>2017-08-18</actionDate>
    </latestAction>
    <laws>
      <item>
        <type>Public Law</type>
        <number>115-49</number>
      </item>
    </laws>
    <notes />
    <createDate>2017-01-10T05:15:44Z</createDate>
    <billType>HR</billType>
    <updateDate>2018-02-06T16:40:43Z</updateDate>
    <relatedBills>
      <item>
        <latestTitle>A bill to remove the sunset provision of section 203 of Public Law 105-384 and for other purposes.</latestTitle>
        <number>61</number>
        <congress>115</congress>
        <latestAction>
          <actionDate>2017-06-05</actionDate>
          <text>Placed on Senate Legislative Calendar under General Orders. Calendar No. 111.</text>
        </latestAction>
        <type>S</type>
        <relationshipDetails>
          <item>
            <type>Related bill</type>
            <identifiedBy>House</identifiedBy>
          </item>
          <item>
            <type>Identical bill</type>
            <identifiedBy>CRS</identifiedBy>
          </item>
        </relationshipDetails>
      </item>
    </relatedBills>
    <cboCostEstimates />
    <introducedDate>2017-01-09</introducedDate>
    <amendments />
    <policyArea>
      <name>Public Lands and Natural Resources</name>
    </policyArea>
    <recordedVotes>
      <recordedVote>
        <sessionNumber>1</sessionNumber>
        <chamber>House</chamber>
        <date>2017-01-30T23:51:33Z</date>
        <url>http://clerk.house.gov/evs/2017/roll066.xml</url>
        <rollNumber>66</rollNumber>
        <fullActionName>Final Passage Under Suspension of the Rules Results</fullActionName>
        <congress>115</congress>
      </recordedVote>
    </recordedVotes>
    <congress>115</congress>
    <committees>
      <billCommittees>
        <item>
          <systemCode>hsii00</systemCode>
          <chamber>House</chamber>
          <type>Standing</type>
          <activities>
            <item>
              <name>Referred to</name>
              <date>2017-01-09T17:00:45Z</date>
            </item>
          </activities>
          <name>Natural Resources Committee</name>
          <subcommittees />
        </item>
      </billCommittees>
    </committees>
  </bill>
  <dublinCore xmlns:dc="http://purl.org/dc/elements/1.1/">
    <dc:format>text/xml</dc:format>
    <dc:language>EN</dc:language>
    <dc:rights>Pursuant to Title 17 Section 105 of the United States Code, this file is not subject to copyright protection and is in the public domain.</dc:rights>
    <dc:contributor>Congressional Research Service, Library of Congress</dc:contributor>
    <dc:description>This file contains bill summaries and statuses for federal legislation. A bill summary describes the most significant provisions of a piece of legislation and details the effects the legislative text may have on current law and federal programs. Bill summaries are authored by the Congressional Research Service (CRS) of the Library of Congress. As stated in Public Law 91-510 (2 USC 166 (d)(6)), one of the duties of CRS is "to prepare summaries and digests of bills and resolutions of a public general nature introduced in the Senate or House of Representatives". For more information, refer to the User Guide that accompanies this file.</dc:description>
  </dublinCore>
</billStatus>

