<?xml version="1.0" encoding="UTF-8"?>
<billStatus>
  <bill>
    <cosponsors>
      <item>
        <lastName>SENSENBRENNER</lastName>
        <firstName>F.</firstName>
        <sponsorshipWithdrawnDate />
        <isOriginalCosponsor>False</isOriginalCosponsor>
        <district>5</district>
        <party>R</party>
        <fullName>Rep. Sensenbrenner, F. James, Jr. [R-WI-5]</fullName>
        <middleName>JAMES</middleName>
        <state>WI</state>
        <bioguideId>S000244</bioguideId>
        <sponsorshipDate>2017-06-07</sponsorshipDate>
        <identifiers>
          <bioguideId>S000244</bioguideId>
          <lisID>1041</lisID>
          <gpoId>8218</gpoId>
        </identifiers>
      </item>
    </cosponsors>
    <congress>115</congress>
    <committees>
      <billCommittees>
        <item>
          <type>Standing</type>
          <systemCode>hsbu00</systemCode>
          <subcommittees />
          <activities>
            <item>
              <date>2017-01-12T15:04:30Z</date>
              <name>Referred to</name>
            </item>
          </activities>
          <chamber>House</chamber>
          <name>Budget Committee</name>
        </item>
      </billCommittees>
    </committees>
    <constitutionalAuthorityStatementText><![CDATA[<pre>From the Congressional Record Online through the Government Publishing Office [<a href='http://www.gpo.gov'>www.gpo.gov</a>]By Mr. ROSS:H.R. 507.Congress has the power to enact this legislation pursuantto the following:Article I, Section 8, Clause 18[Page H473]</pre>]]></constitutionalAuthorityStatementText>
    <laws />
    <titles>
      <item>
        <titleType>(Extracted from GPO) Short Titles as Introduced</titleType>
        <title>Zero-based Budgeting Ensures Responsible Oversight (ZERO) Act of 2017</title>
        <chamberCode />
        <parentTitleType />
        <chamberName />
      </item>
      <item>
        <titleType>Short Titles as Introduced</titleType>
        <title>Zero-based Budgeting Ensures Responsible Oversight (ZERO) Act of 2017</title>
        <chamberCode />
        <parentTitleType />
        <chamberName />
      </item>
      <item>
        <titleType>Official Title as Introduced</titleType>
        <title>To require zero-based budgeting for departments and agencies of the Government.</title>
        <chamberCode />
        <parentTitleType />
        <chamberName />
      </item>
      <item>
        <titleType>Display Title</titleType>
        <title>Zero-based Budgeting Ensures Responsible Oversight (ZERO) Act of 2017</title>
        <chamberCode />
        <parentTitleType />
        <chamberName />
      </item>
    </titles>
    <billType>HR</billType>
    <amendments />
    <recordedVotes />
    <actions>
      <actionByCounts>
        <houseOfRepresentatives>3</houseOfRepresentatives>
      </actionByCounts>
      <actionTypeCounts>
        <introducedInTheHouse>1</introducedInTheHouse>
        <billReferrals>1</billReferrals>
        <introducedInHouse>1</introducedInHouse>
      </actionTypeCounts>
      <item>
        <sourceSystem>
          <name>House floor actions</name>
          <code>2</code>
        </sourceSystem>
        <actionDate>2017-01-12</actionDate>
        <text>Referred to the House Committee on the Budget.</text>
        <type>IntroReferral</type>
        <links />
        <committee>
          <systemCode>hsbu00</systemCode>
          <name>Budget Committee</name>
        </committee>
        <actionCode>H11100</actionCode>
      </item>
      <item>
        <sourceSystem>
          <name>Library of Congress</name>
          <code>9</code>
        </sourceSystem>
        <actionDate>2017-01-12</actionDate>
        <text>Introduced in House</text>
        <type>IntroReferral</type>
        <links />
        <committee />
        <actionCode>Intro-H</actionCode>
      </item>
      <item>
        <sourceSystem>
          <name>Library of Congress</name>
          <code>9</code>
        </sourceSystem>
        <actionDate>2017-01-12</actionDate>
        <text>Introduced in House</text>
        <type>IntroReferral</type>
        <links />
        <committee />
        <actionCode>1000</actionCode>
      </item>
    </actions>
    <introducedDate>2017-01-12</introducedDate>
    <relatedBills />
    <committeeReports />
    <calendarNumbers />
    <billNumber>507</billNumber>
    <summaries>
      <billSummaries>
        <item>
          <versionCode>00</versionCode>
          <text><![CDATA[<p><b>Zero-based Budgeting Ensures Responsible Oversight (ZERO) Act of 201</b><b>7</b></p> <p>This bill requires the President to submit annual department and agency budgets that include: </p> <ul> <li>a description of each activity for which funds were appropriated during the current year or are requested for the budget year; </li> <li>the legal basis for each activity; </li> <li>three alternative funding levels and the priorities that could be accomplished with each, including at least two levels that are below the current funding level; and </li> <li>measures of cost efficiency and effectiveness for each activity. </li> </ul> <p>The Office of Management and Budget must publish guidelines to carry out this bill by assuming the baseline budget of each department or agency to be zero and requiring each proposed expenditure to be justified as if it were new. </p>]]></text>
          <actionDesc>Introduced in House</actionDesc>
          <actionDate>2017-01-12</actionDate>
          <lastSummaryUpdateDate>2017-01-27T20:08:00Z</lastSummaryUpdateDate>
          <name>Introduced in House</name>
          <updateDate>2017-01-12T05:00:00Z</updateDate>
        </item>
      </billSummaries>
    </summaries>
    <cboCostEstimates />
    <updateDate>2018-02-06T16:40:51Z</updateDate>
    <policyArea>
      <name>Economics and Public Finance</name>
    </policyArea>
    <latestAction>
      <text>Referred to the House Committee on the Budget.</text>
      <actionDate>2017-01-12</actionDate>
      <links />
    </latestAction>
    <version>1.0.0</version>
    <subjects>
      <billSubjects>
        <policyArea>
          <name>Economics and Public Finance</name>
        </policyArea>
        <legislativeSubjects>
          <item>
            <name>Appropriations</name>
          </item>
          <item>
            <name>Budget process</name>
          </item>
          <item>
            <name>Executive agency funding and structure</name>
          </item>
        </legislativeSubjects>
      </billSubjects>
    </subjects>
    <title>Zero-based Budgeting Ensures Responsible Oversight (ZERO) Act of 2017</title>
    <originChamber>House</originChamber>
    <sponsors>
      <item>
        <byRequestType />
        <district>15</district>
        <party>R</party>
        <fullName>Rep. Ross, Dennis A. [R-FL-15]</fullName>
        <lastName>Ross</lastName>
        <state>FL</state>
        <bioguideId>R000593</bioguideId>
        <middleName>A.</middleName>
        <firstName>Dennis</firstName>
        <identifiers>
          <bioguideId>R000593</bioguideId>
          <lisID>2003</lisID>
          <gpoId>7884</gpoId>
        </identifiers>
      </item>
    </sponsors>
    <notes />
    <createDate>2017-01-13T04:55:31Z</createDate>
  </bill>
  <dublinCore xmlns:dc="http://purl.org/dc/elements/1.1/">
    <dc:format>text/xml</dc:format>
    <dc:language>EN</dc:language>
    <dc:rights>Pursuant to Title 17 Section 105 of the United States Code, this file is not subject to copyright protection and is in the public domain.</dc:rights>
    <dc:contributor>Congressional Research Service, Library of Congress</dc:contributor>
    <dc:description>This file contains bill summaries and statuses for federal legislation. A bill summary describes the most significant provisions of a piece of legislation and details the effects the legislative text may have on current law and federal programs. Bill summaries are authored by the Congressional Research Service (CRS) of the Library of Congress. As stated in Public Law 91-510 (2 USC 166 (d)(6)), one of the duties of CRS is "to prepare summaries and digests of bills and resolutions of a public general nature introduced in the Senate or House of Representatives". For more information, refer to the User Guide that accompanies this file.</dc:description>
  </dublinCore>
</billStatus>

