<?xml version="1.0" encoding="UTF-8"?>
<billStatus>
  <bill>
    <sponsors>
      <item>
        <fullName>Rep. Zeldin, Lee M. [R-NY-1]</fullName>
        <lastName>Zeldin</lastName>
        <bioguideId>Z000017</bioguideId>
        <party>R</party>
        <middleName>M.</middleName>
        <state>NY</state>
        <firstName>Lee</firstName>
        <district>1</district>
        <byRequestType />
        <identifiers>
          <lisID>2261</lisID>
          <bioguideId>Z000017</bioguideId>
          <gpoId />
        </identifiers>
      </item>
    </sponsors>
    <laws />
    <version>1.0.0</version>
    <introducedDate>2017-02-01</introducedDate>
    <cboCostEstimates />
    <titles>
      <item>
        <chamberCode />
        <titleType>Official Title as Introduced</titleType>
        <parentTitleType />
        <chamberName />
        <title>To amend title 38, United States Code, to clarify that the estate of a deceased veteran may receive certain accrued benefits upon the death of the veteran, and for other purposes.</title>
      </item>
      <item>
        <chamberCode />
        <titleType>Display Title</titleType>
        <parentTitleType />
        <chamberName />
        <title>To amend title 38, United States Code, to clarify that the estate of a deceased veteran may receive certain accrued benefits upon the death of the veteran, and for other purposes.</title>
      </item>
    </titles>
    <amendments />
    <recordedVotes />
    <relatedBills />
    <constitutionalAuthorityStatementText><![CDATA[<pre>[Pages H878-H879]From the Congressional Record Online through the Government Publishing Office [<a href='http://www.gpo.gov'>www.gpo.gov</a>]By Mr. ZELDIN:H.R. 814.Congress has the power to enact this legislation pursuantto the following:Article 1, Section 8 of the United States Constitution.[[Page H879]]</pre>]]></constitutionalAuthorityStatementText>
    <billType>HR</billType>
    <actions>
      <actionTypeCounts>
        <introducedInHouse>1</introducedInHouse>
        <introducedInTheHouse>1</introducedInTheHouse>
        <billReferrals>1</billReferrals>
        <placeholderTextForH>1</placeholderTextForH>
      </actionTypeCounts>
      <item>
        <actionDate>2017-02-06</actionDate>
        <committee>
          <systemCode>hsvr09</systemCode>
          <name>Disability Assistance and Memorial Affairs Subcommittee</name>
        </committee>
        <links />
        <sourceSystem>
          <code>1</code>
          <name>House committee actions</name>
        </sourceSystem>
        <text>Referred to the Subcommittee on Disability Assistance and Memorial Affairs.</text>
        <type>Committee</type>
      </item>
      <item>
        <type>IntroReferral</type>
        <text>Referred to the House Committee on Veterans' Affairs.</text>
        <links />
        <committee>
          <systemCode>hsvr00</systemCode>
          <name>Veterans' Affairs Committee</name>
        </committee>
        <sourceSystem>
          <code>2</code>
          <name>House floor actions</name>
        </sourceSystem>
        <actionDate>2017-02-01</actionDate>
        <actionCode>H11100</actionCode>
      </item>
      <item>
        <type>IntroReferral</type>
        <text>Introduced in House</text>
        <links />
        <committee />
        <sourceSystem>
          <code>9</code>
          <name>Library of Congress</name>
        </sourceSystem>
        <actionDate>2017-02-01</actionDate>
        <actionCode>Intro-H</actionCode>
      </item>
      <item>
        <type>IntroReferral</type>
        <text>Introduced in House</text>
        <links />
        <committee />
        <sourceSystem>
          <code>9</code>
          <name>Library of Congress</name>
        </sourceSystem>
        <actionDate>2017-02-01</actionDate>
        <actionCode>1000</actionCode>
      </item>
      <actionByCounts>
        <houseOfRepresentatives>4</houseOfRepresentatives>
      </actionByCounts>
    </actions>
    <notes />
    <originChamber>House</originChamber>
    <congress>115</congress>
    <subjects>
      <billSubjects>
        <legislativeSubjects>
          <item>
            <name>Veterans' pensions and compensation</name>
          </item>
        </legislativeSubjects>
        <policyArea>
          <name>Armed Forces and National Security</name>
        </policyArea>
      </billSubjects>
    </subjects>
    <billNumber>814</billNumber>
    <cosponsors />
    <summaries>
      <billSummaries>
        <item>
          <lastSummaryUpdateDate>2017-02-17T20:45:33Z</lastSummaryUpdateDate>
          <updateDate>2017-02-01T05:00:00Z</updateDate>
          <versionCode>00</versionCode>
          <text><![CDATA[<p> This bill provides for the payment of certain accrued benefits to the estate of a deceased veteran upon the veteran's death.</p>]]></text>
          <name>Introduced in House</name>
          <actionDesc>Introduced in House</actionDesc>
          <actionDate>2017-02-01</actionDate>
        </item>
      </billSummaries>
    </summaries>
    <policyArea>
      <name>Armed Forces and National Security</name>
    </policyArea>
    <latestAction>
      <links />
      <actionDate>2017-02-06</actionDate>
      <text>Referred to the Subcommittee on Disability Assistance and Memorial Affairs.</text>
    </latestAction>
    <updateDate>2018-02-06T16:41:12Z</updateDate>
    <committees>
      <billCommittees>
        <item>
          <chamber>House</chamber>
          <subcommittees>
            <item>
              <activities>
                <item>
                  <date>2017-02-06T18:07:21Z</date>
                  <name>Referred to</name>
                </item>
              </activities>
              <systemCode>hsvr09</systemCode>
              <name>Disability Assistance and Memorial Affairs Subcommittee</name>
            </item>
          </subcommittees>
          <type>Standing</type>
          <activities>
            <item>
              <date>2017-02-01T15:03:10Z</date>
              <name>Referred to</name>
            </item>
          </activities>
          <systemCode>hsvr00</systemCode>
          <name>Veterans' Affairs Committee</name>
        </item>
      </billCommittees>
    </committees>
    <createDate>2017-02-02T05:28:45Z</createDate>
    <title>To amend title 38, United States Code, to clarify that the estate of a deceased veteran may receive certain accrued benefits upon the death of the veteran, and for other purposes.</title>
    <committeeReports />
    <calendarNumbers />
  </bill>
  <dublinCore xmlns:dc="http://purl.org/dc/elements/1.1/">
    <dc:format>text/xml</dc:format>
    <dc:language>EN</dc:language>
    <dc:rights>Pursuant to Title 17 Section 105 of the United States Code, this file is not subject to copyright protection and is in the public domain.</dc:rights>
    <dc:contributor>Congressional Research Service, Library of Congress</dc:contributor>
    <dc:description>This file contains bill summaries and statuses for federal legislation. A bill summary describes the most significant provisions of a piece of legislation and details the effects the legislative text may have on current law and federal programs. Bill summaries are authored by the Congressional Research Service (CRS) of the Library of Congress. As stated in Public Law 91-510 (2 USC 166 (d)(6)), one of the duties of CRS is "to prepare summaries and digests of bills and resolutions of a public general nature introduced in the Senate or House of Representatives". For more information, refer to the User Guide that accompanies this file.</dc:description>
  </dublinCore>
</billStatus>

