<?xml version="1.0" encoding="UTF-8"?>
<billStatus>
  <bill>
    <policyArea />
    <calendarNumbers />
    <actions>
      <actionByCounts>
        <houseOfRepresentatives>3</houseOfRepresentatives>
      </actionByCounts>
      <actionTypeCounts>
        <introducedInHouse>1</introducedInHouse>
        <billReferrals>1</billReferrals>
        <introducedInTheHouse>1</introducedInTheHouse>
      </actionTypeCounts>
      <item>
        <links />
        <committee>
          <name>Energy and Commerce Committee</name>
          <systemCode>hsif00</systemCode>
        </committee>
        <actionDate>2018-02-26</actionDate>
        <text>Referred to the House Committee on Energy and Commerce.</text>
        <sourceSystem>
          <name>House floor actions</name>
          <code>2</code>
        </sourceSystem>
        <type>IntroReferral</type>
        <actionCode>H11100</actionCode>
      </item>
      <item>
        <links />
        <committee />
        <actionDate>2018-02-26</actionDate>
        <text>Introduced in House</text>
        <sourceSystem>
          <name>Library of Congress</name>
          <code>9</code>
        </sourceSystem>
        <type>IntroReferral</type>
        <actionCode>Intro-H</actionCode>
      </item>
      <item>
        <links />
        <committee />
        <actionDate>2018-02-26</actionDate>
        <text>Introduced in House</text>
        <sourceSystem>
          <name>Library of Congress</name>
          <code>9</code>
        </sourceSystem>
        <type>IntroReferral</type>
        <actionCode>1000</actionCode>
      </item>
    </actions>
    <latestAction>
      <text>Referred to the House Committee on Energy and Commerce.</text>
      <actionDate>2018-02-26</actionDate>
      <links />
    </latestAction>
    <cboCostEstimates />
    <recordedVotes />
    <titles>
      <item>
        <title>Measuring the Economic Impact of Broadband Act of 2018</title>
        <chamberCode />
        <titleType>Short Titles as Introduced</titleType>
        <parentTitleType />
        <chamberName />
      </item>
      <item>
        <title>To require the Secretary of Commerce to conduct an assessment and analysis of the effects of broadband deployment and adoption on the economy of the United States, and for other purposes.</title>
        <chamberCode />
        <titleType>Official Title as Introduced</titleType>
        <parentTitleType />
        <chamberName />
      </item>
      <item>
        <title>Measuring the Economic Impact of Broadband Act of 2018</title>
        <chamberCode />
        <titleType>Display Title</titleType>
        <parentTitleType />
        <chamberName />
      </item>
    </titles>
    <billNumber>5093</billNumber>
    <committeeReports />
    <cosponsors>
      <item>
        <sponsorshipDate>2018-02-26</sponsorshipDate>
        <sponsorshipWithdrawnDate />
        <identifiers>
          <lisID>2345</lisID>
          <gpoId />
          <bioguideId>F000466</bioguideId>
        </identifiers>
        <isOriginalCosponsor>True</isOriginalCosponsor>
        <fullName>Rep. Fitzpatrick, Brian K. [R-PA-8]</fullName>
        <middleName>K.</middleName>
        <bioguideId>F000466</bioguideId>
        <firstName>Brian</firstName>
        <party>R</party>
        <lastName>Fitzpatrick</lastName>
        <district>8</district>
        <state>PA</state>
      </item>
      <item>
        <sponsorshipDate>2018-02-26</sponsorshipDate>
        <sponsorshipWithdrawnDate />
        <identifiers>
          <lisID>355</lisID>
          <bioguideId>E000215</bioguideId>
          <gpoId>7819</gpoId>
        </identifiers>
        <isOriginalCosponsor>True</isOriginalCosponsor>
        <fullName>Rep. Eshoo, Anna G. [D-CA-18]</fullName>
        <middleName>G.</middleName>
        <bioguideId>E000215</bioguideId>
        <firstName>ANNA</firstName>
        <party>D</party>
        <lastName>ESHOO</lastName>
        <district>18</district>
        <state>CA</state>
      </item>
      <item>
        <sponsorshipDate>2018-02-26</sponsorshipDate>
        <sponsorshipWithdrawnDate />
        <identifiers>
          <gpoId />
          <bioguideId>C001106</bioguideId>
          <lisID>2266</lisID>
        </identifiers>
        <isOriginalCosponsor>True</isOriginalCosponsor>
        <fullName>Rep. Costello, Ryan A. [R-PA-6]</fullName>
        <middleName>A.</middleName>
        <bioguideId>C001106</bioguideId>
        <firstName>Ryan</firstName>
        <party>R</party>
        <lastName>Costello</lastName>
        <district>6</district>
        <state>PA</state>
      </item>
    </cosponsors>
    <title>Measuring the Economic Impact of Broadband Act of 2018</title>
    <subjects>
      <billSubjects>
        <legislativeSubjects />
      </billSubjects>
    </subjects>
    <relatedBills />
    <amendments />
    <constitutionalAuthorityStatementText />
    <committees>
      <billCommittees>
        <item>
          <activities>
            <item>
              <name>Referred to</name>
              <date>2018-02-26T17:00:20Z</date>
            </item>
          </activities>
          <subcommittees />
          <systemCode>hsif00</systemCode>
          <name>Energy and Commerce Committee</name>
          <type>Standing</type>
          <chamber>House</chamber>
        </item>
      </billCommittees>
    </committees>
    <congress>115</congress>
    <laws />
    <updateDate>2018-03-02T14:15:10Z</updateDate>
    <sponsors>
      <item>
        <lastName>Khanna</lastName>
        <middleName />
        <firstName>Ro</firstName>
        <party>D</party>
        <bioguideId>K000389</bioguideId>
        <identifiers>
          <bioguideId>K000389</bioguideId>
          <lisID>2308</lisID>
          <gpoId />
        </identifiers>
        <byRequestType />
        <district>17</district>
        <state>CA</state>
        <fullName>Rep. Khanna, Ro [D-CA-17]</fullName>
      </item>
    </sponsors>
    <summaries>
      <billSummaries />
    </summaries>
    <introducedDate>2018-02-26</introducedDate>
    <originChamber>House</originChamber>
    <version>1.0.0</version>
    <createDate>2018-02-27T08:11:01Z</createDate>
    <billType>HR</billType>
    <notes />
  </bill>
  <dublinCore xmlns:dc="http://purl.org/dc/elements/1.1/">
    <dc:format>text/xml</dc:format>
    <dc:language>EN</dc:language>
    <dc:rights>Pursuant to Title 17 Section 105 of the United States Code, this file is not subject to copyright protection and is in the public domain.</dc:rights>
    <dc:contributor>Congressional Research Service, Library of Congress</dc:contributor>
    <dc:description>This file contains bill summaries and statuses for federal legislation. A bill summary describes the most significant provisions of a piece of legislation and details the effects the legislative text may have on current law and federal programs. Bill summaries are authored by the Congressional Research Service (CRS) of the Library of Congress. As stated in Public Law 91-510 (2 USC 166 (d)(6)), one of the duties of CRS is "to prepare summaries and digests of bills and resolutions of a public general nature introduced in the Senate or House of Representatives". For more information, refer to the User Guide that accompanies this file.</dc:description>
  </dublinCore>
</billStatus>

