<?xml version="1.0" encoding="UTF-8"?>
<billStatus>
  <bill>
    <relatedBills>
      <item>
        <number>1163</number>
        <latestTitle>Veterans' Health Care Integrity Act of 2017</latestTitle>
        <type>S</type>
        <congress>115</congress>
        <relationshipDetails>
          <item>
            <identifiedBy>CRS</identifiedBy>
            <type>Related bill</type>
          </item>
        </relationshipDetails>
        <latestAction>
          <actionDate>2017-05-17</actionDate>
          <text>Read twice and referred to the Committee on Veterans' Affairs. (text of measure as introduced: CR S3016)</text>
        </latestAction>
      </item>
      <item>
        <number>2555</number>
        <latestTitle>Veterans' Health Care Integrity Act of 2017</latestTitle>
        <type>HR</type>
        <congress>115</congress>
        <relationshipDetails>
          <item>
            <identifiedBy>CRS</identifiedBy>
            <type>Related bill</type>
          </item>
        </relationshipDetails>
        <latestAction>
          <actionDate>2017-05-19</actionDate>
          <text>Referred to the Subcommittee on Health.</text>
        </latestAction>
      </item>
    </relatedBills>
    <calendarNumbers>
      <item>
        <calendar>U00097</calendar>
        <number />
      </item>
    </calendarNumbers>
    <billType>HR</billType>
    <title>VA Scheduling Accountability Act</title>
    <introducedDate>2017-01-12</introducedDate>
    <titles>
      <item>
        <chamberName>House</chamberName>
        <title>VA Scheduling Accountability Act</title>
        <titleType>(Extracted from GPO) Short Titles as Passed House</titleType>
        <chamberCode>H</chamberCode>
        <parentTitleType />
      </item>
      <item>
        <chamberName>House</chamberName>
        <title>VA Scheduling Accountability Act</title>
        <titleType>(Extracted from GPO) Short Titles as Reported to House</titleType>
        <chamberCode>H</chamberCode>
        <parentTitleType />
      </item>
      <item>
        <chamberName />
        <title>VA Scheduling Accountability Act</title>
        <titleType>(Extracted from GPO) Short Titles as Introduced</titleType>
        <chamberCode />
        <parentTitleType />
      </item>
      <item>
        <chamberName>House</chamberName>
        <title>VA Scheduling Accountability Act</title>
        <titleType>Short Titles as Passed House</titleType>
        <chamberCode>H</chamberCode>
        <parentTitleType>Short Titles House of Representatives</parentTitleType>
      </item>
      <item>
        <chamberName>House</chamberName>
        <title>VA Scheduling Accountability Act</title>
        <titleType>Short Titles as Reported to House</titleType>
        <chamberCode>H</chamberCode>
        <parentTitleType>Short Titles House of Representatives</parentTitleType>
      </item>
      <item>
        <chamberName />
        <title>VA Scheduling Accountability Act</title>
        <titleType>Short Titles as Introduced</titleType>
        <chamberCode />
        <parentTitleType />
      </item>
      <item>
        <chamberName />
        <title>To direct the Secretary of Veterans Affairs to ensure that each medical facility of the Department of Veterans Affairs complies with requirements relating to scheduling veterans for health care appointments, to improve the uniform application of directives of the Department, and for other purposes.</title>
        <titleType>Official Title as Introduced</titleType>
        <chamberCode />
        <parentTitleType />
      </item>
      <item>
        <chamberName />
        <title>VA Scheduling Accountability Act</title>
        <titleType>Display Title</titleType>
        <chamberCode />
        <parentTitleType />
      </item>
    </titles>
    <latestAction>
      <actionDate>2017-05-25</actionDate>
      <text>Received in the Senate and Read twice and referred to the Committee on Veterans' Affairs.</text>
      <links />
    </latestAction>
    <originChamber>House</originChamber>
    <actions>
      <actionByCounts>
        <houseOfRepresentatives>24</houseOfRepresentatives>
        <senate>1</senate>
      </actionByCounts>
      <item>
        <actionDate>2017-05-25</actionDate>
        <committee>
          <systemCode>ssva00</systemCode>
          <name>Veterans' Affairs Committee</name>
        </committee>
        <links />
        <sourceSystem>
          <code>0</code>
          <name>Senate</name>
        </sourceSystem>
        <text>Received in the Senate and Read twice and referred to the Committee on Veterans' Affairs.</text>
        <type>IntroReferral</type>
      </item>
      <item>
        <actionDate>2017-05-24</actionDate>
        <text>Motion to reconsider laid on the table Agreed to without objection.</text>
        <actionTime>14:01:02</actionTime>
        <sourceSystem>
          <code>2</code>
          <name>House floor actions</name>
        </sourceSystem>
        <committee />
        <links />
        <actionCode>H38310</actionCode>
        <type>Floor</type>
      </item>
      <item>
        <actionDate>2017-05-24</actionDate>
        <text>On motion to suspend the rules and pass the bill Agreed to by the Yeas and Nays: (2/3 required): 419 - 0 (Roll no. 278). (text: CR 5/23/2017 H4467)</text>
        <actionTime>14:01:01</actionTime>
        <sourceSystem>
          <code>2</code>
          <name>House floor actions</name>
        </sourceSystem>
        <committee />
        <links>
          <link>
            <url>https://www.congress.gov/congressional-record/volume-163/house-section/page/H4467</url>
            <name>CR 5/23/2017 H4467</name>
          </link>
          <link>
            <url>http://clerk.house.gov/evs/2017/roll278.xml</url>
            <name>Roll no. 278</name>
          </link>
        </links>
        <actionCode>H37300</actionCode>
        <type>Floor</type>
      </item>
      <item>
        <actionDate>2017-05-24</actionDate>
        <text>Passed/agreed to in House: On motion to suspend the rules and pass the bill Agreed to by the Yeas and Nays: (2/3 required): 419 - 0 (Roll no. 278).</text>
        <actionTime>14:01:01</actionTime>
        <sourceSystem>
          <code>9</code>
          <name>Library of Congress</name>
        </sourceSystem>
        <committee />
        <links>
          <link>
            <url>http://clerk.house.gov/evs/2017/roll278.xml</url>
            <name>Roll no. 278</name>
          </link>
        </links>
        <actionCode>8000</actionCode>
        <type>Floor</type>
      </item>
      <item>
        <actionDate>2017-05-24</actionDate>
        <text>Considered as unfinished business. (consideration: CR H4527-4528)</text>
        <actionTime>13:54:56</actionTime>
        <sourceSystem>
          <code>2</code>
          <name>House floor actions</name>
        </sourceSystem>
        <committee />
        <links>
          <link>
            <url>https://www.congress.gov/congressional-record/volume-163/house-section/page/H4527-4528</url>
            <name>H4527-4528</name>
          </link>
        </links>
        <actionCode>H30000</actionCode>
        <type>Floor</type>
      </item>
      <item>
        <actionDate>2017-05-23</actionDate>
        <text>At the conclusion of debate, the Yeas and Nays were demanded and ordered. Pursuant to the provisions of clause 8, rule XX, the Chair announced that further proceedings on the motion would be postponed.</text>
        <actionTime>15:17:40</actionTime>
        <sourceSystem>
          <code>2</code>
          <name>House floor actions</name>
        </sourceSystem>
        <committee />
        <links />
        <actionCode>H37220</actionCode>
        <type>Floor</type>
      </item>
      <item>
        <actionDate>2017-05-23</actionDate>
        <text>DEBATE - The House proceeded with forty minutes of debate on H.R. 467.</text>
        <actionTime>15:06:54</actionTime>
        <sourceSystem>
          <code>2</code>
          <name>House floor actions</name>
        </sourceSystem>
        <committee />
        <links>
          <link>
            <url>https://www.congress.gov/bill/115th-congress/house-bill/467</url>
            <name>H.R. 467</name>
          </link>
        </links>
        <actionCode>H8D000</actionCode>
        <type>Floor</type>
      </item>
      <item>
        <actionDate>2017-05-23</actionDate>
        <text>Considered under suspension of the rules. (consideration: CR H4467-4468)</text>
        <actionTime>15:06:53</actionTime>
        <sourceSystem>
          <code>2</code>
          <name>House floor actions</name>
        </sourceSystem>
        <committee />
        <links>
          <link>
            <url>https://www.congress.gov/congressional-record/volume-163/house-section/page/H4467-4468</url>
            <name>H4467-4468</name>
          </link>
        </links>
        <actionCode>H30000</actionCode>
        <type>Floor</type>
      </item>
      <item>
        <actionDate>2017-05-23</actionDate>
        <text>Mr. Roe (TN) moved to suspend the rules and pass the bill.</text>
        <actionTime>15:06:44</actionTime>
        <sourceSystem>
          <code>2</code>
          <name>House floor actions</name>
        </sourceSystem>
        <committee />
        <links />
        <actionCode>H30300</actionCode>
        <type>Floor</type>
      </item>
      <item>
        <actionDate>2017-05-23</actionDate>
        <text>Placed on the Union Calendar, Calendar No. 97.</text>
        <sourceSystem>
          <code>2</code>
          <name>House floor actions</name>
        </sourceSystem>
        <committee />
        <type>Calendars</type>
        <actionCode>H12410</actionCode>
        <links />
      </item>
      <item>
        <actionDate>2017-05-23</actionDate>
        <text>Committee on Oversight and Government discharged.</text>
        <sourceSystem>
          <code>2</code>
          <name>House floor actions</name>
        </sourceSystem>
        <committee>
          <systemCode>hsgo00</systemCode>
          <name>Oversight and Government Reform Committee</name>
        </committee>
        <type>Discharge</type>
        <actionCode>H12300</actionCode>
        <links />
      </item>
      <item>
        <actionDate>2017-05-23</actionDate>
        <text>Committee on Oversight and Government discharged.</text>
        <sourceSystem>
          <code>9</code>
          <name>Library of Congress</name>
        </sourceSystem>
        <committee>
          <systemCode>hsgo00</systemCode>
          <name>Oversight and Government Reform Committee</name>
        </committee>
        <type>Committee</type>
        <actionCode>5500</actionCode>
        <links />
      </item>
      <item>
        <actionDate>2017-05-23</actionDate>
        <text>Reported by the Committee on Veterans' Affairs. H. Rept. 115-149, Part I.</text>
        <sourceSystem>
          <code>2</code>
          <name>House floor actions</name>
        </sourceSystem>
        <committee>
          <systemCode>hsvr00</systemCode>
          <name>Veterans' Affairs Committee</name>
        </committee>
        <type>Committee</type>
        <actionCode>H12200</actionCode>
        <links>
          <link>
            <url>https://www.congress.gov/congressional-report/115th-congress/house-report/149</url>
            <name>H. Rept. 115-149</name>
          </link>
        </links>
      </item>
      <item>
        <actionDate>2017-05-23</actionDate>
        <text>Reported by the Committee on Veterans' Affairs. H. Rept. 115-149, Part I.</text>
        <sourceSystem>
          <code>9</code>
          <name>Library of Congress</name>
        </sourceSystem>
        <committee>
          <systemCode>hsvr00</systemCode>
          <name>Veterans' Affairs Committee</name>
        </committee>
        <type>Committee</type>
        <actionCode>5000</actionCode>
        <links>
          <link>
            <url>https://www.congress.gov/congressional-report/115th-congress/house-report/149</url>
            <name>H. Rept. 115-149</name>
          </link>
        </links>
      </item>
      <item>
        <actionDate>2017-05-17</actionDate>
        <committee>
          <systemCode>hsvr00</systemCode>
          <name>Veterans' Affairs Committee</name>
        </committee>
        <links />
        <sourceSystem>
          <code>1</code>
          <name>House committee actions</name>
        </sourceSystem>
        <text>Ordered to be Reported by Voice Vote.</text>
        <type>Committee</type>
      </item>
      <item>
        <actionDate>2017-05-17</actionDate>
        <committee>
          <systemCode>hsvr00</systemCode>
          <name>Veterans' Affairs Committee</name>
        </committee>
        <links />
        <sourceSystem>
          <code>1</code>
          <name>House committee actions</name>
        </sourceSystem>
        <text>Committee Consideration and Mark-up Session Held.</text>
        <type>Committee</type>
      </item>
      <item>
        <actionDate>2017-04-06</actionDate>
        <committee>
          <systemCode>hsvr03</systemCode>
          <name>Health Subcommittee</name>
        </committee>
        <links />
        <sourceSystem>
          <code>1</code>
          <name>House committee actions</name>
        </sourceSystem>
        <text>Forwarded by Subcommittee to Full Committee by Voice Vote .</text>
        <type>Committee</type>
      </item>
      <item>
        <actionDate>2017-03-29</actionDate>
        <committee>
          <systemCode>hsvr03</systemCode>
          <name>Health Subcommittee</name>
        </committee>
        <links />
        <sourceSystem>
          <code>1</code>
          <name>House committee actions</name>
        </sourceSystem>
        <text>Subcommittee Hearings Held.</text>
        <type>Committee</type>
      </item>
      <item>
        <actionDate>2017-02-03</actionDate>
        <committee>
          <systemCode>hsvr10</systemCode>
          <name>Economic Opportunity Subcommittee</name>
        </committee>
        <links />
        <sourceSystem>
          <code>1</code>
          <name>House committee actions</name>
        </sourceSystem>
        <text>Referred to the Subcommittee on Economic Opportunity.</text>
        <type>Committee</type>
      </item>
      <item>
        <actionDate>2017-02-03</actionDate>
        <committee>
          <systemCode>hsvr03</systemCode>
          <name>Health Subcommittee</name>
        </committee>
        <links />
        <sourceSystem>
          <code>1</code>
          <name>House committee actions</name>
        </sourceSystem>
        <text>Referred to the Subcommittee on Health.</text>
        <type>Committee</type>
      </item>
      <item>
        <actionDate>2017-01-12</actionDate>
        <text>Referred to House Oversight and Government Reform</text>
        <sourceSystem>
          <code>2</code>
          <name>House floor actions</name>
        </sourceSystem>
        <committee>
          <systemCode>hsgo00</systemCode>
          <name>Oversight and Government Reform Committee</name>
        </committee>
        <type>IntroReferral</type>
        <actionCode>H11100</actionCode>
        <links />
      </item>
      <item>
        <actionDate>2017-01-12</actionDate>
        <text>Referred to House Veterans' Affairs</text>
        <sourceSystem>
          <code>2</code>
          <name>House floor actions</name>
        </sourceSystem>
        <committee>
          <systemCode>hsvr00</systemCode>
          <name>Veterans' Affairs Committee</name>
        </committee>
        <type>IntroReferral</type>
        <actionCode>H11100</actionCode>
        <links />
      </item>
      <item>
        <actionDate>2017-01-12</actionDate>
        <text>Referred to the Committee on Veterans' Affairs, and in addition to the Committee on Oversight and Government Reform, for a period to be subsequently determined by the Speaker, in each case for consideration of such provisions as fall within the jurisdiction of the committee concerned.</text>
        <sourceSystem>
          <code>9</code>
          <name>Library of Congress</name>
        </sourceSystem>
        <committee />
        <type>IntroReferral</type>
        <actionCode>H11100-A</actionCode>
        <links />
      </item>
      <item>
        <actionDate>2017-01-12</actionDate>
        <text>Introduced in House</text>
        <sourceSystem>
          <code>9</code>
          <name>Library of Congress</name>
        </sourceSystem>
        <committee />
        <type>IntroReferral</type>
        <actionCode>Intro-H</actionCode>
        <links />
      </item>
      <item>
        <actionDate>2017-01-12</actionDate>
        <text>Introduced in House</text>
        <sourceSystem>
          <code>9</code>
          <name>Library of Congress</name>
        </sourceSystem>
        <committee />
        <type>IntroReferral</type>
        <actionCode>1000</actionCode>
        <links />
      </item>
      <actionTypeCounts>
        <billReferrals>2</billReferrals>
        <motionMadeToSuspendTheRules>1</motionMadeToSuspendTheRules>
        <billReferralsAggregate>1</billReferralsAggregate>
        <considerationByHouse>2</considerationByHouse>
        <reportedToHouse>1</reportedToHouse>
        <houseCommitteeDischarged>1</houseCommitteeDischarged>
        <unionCalendarAssignment>1</unionCalendarAssignment>
        <committeeDischarged>1</committeeDischarged>
        <finalPassageUnderSuspensionOfTheRulesResults>1</finalPassageUnderSuspensionOfTheRulesResults>
        <committeeReportOfABill>1</committeeReportOfABill>
        <introducedInHouse>1</introducedInHouse>
        <introducedInTheHouse>1</introducedInTheHouse>
        <motionToReconsiderResults>1</motionToReconsiderResults>
        <actionStageOverride>1</actionStageOverride>
        <placeholderTextForH>5</placeholderTextForH>
        <referredToCommittee>1</referredToCommittee>
        <passedAgreedToInHouse>1</passedAgreedToInHouse>
        <prayer>1</prayer>
        <generalDebate>1</generalDebate>
      </actionTypeCounts>
    </actions>
    <policyArea>
      <name>Armed Forces and National Security</name>
    </policyArea>
    <constitutionalAuthorityStatementText><![CDATA[<pre>From the Congressional Record Online through the Government Publishing Office [<a href='http://www.gpo.gov'>www.gpo.gov</a>]By Mrs. WALORSKI:H.R. 467.Congress has the power to enact this legislation pursuantto the following:Article I, Section 8, Clause 18 of the United StatesConstitution[Page H472]</pre>]]></constitutionalAuthorityStatementText>
    <subjects>
      <billSubjects>
        <legislativeSubjects>
          <item>
            <name>Congressional oversight</name>
          </item>
          <item>
            <name>Department of Veterans Affairs</name>
          </item>
          <item>
            <name>Employee performance</name>
          </item>
          <item>
            <name>Federal officials</name>
          </item>
          <item>
            <name>Government employee pay, benefits, personnel management</name>
          </item>
          <item>
            <name>Health care quality</name>
          </item>
          <item>
            <name>Health facilities and institutions</name>
          </item>
          <item>
            <name>Home and outpatient care</name>
          </item>
          <item>
            <name>Veterans' medical care</name>
          </item>
        </legislativeSubjects>
        <policyArea>
          <name>Armed Forces and National Security</name>
        </policyArea>
      </billSubjects>
    </subjects>
    <recordedVotes>
      <recordedVote>
        <date>2017-05-24T18:01:01Z</date>
        <chamber>House</chamber>
        <congress>115</congress>
        <url>http://clerk.house.gov/evs/2017/roll278.xml</url>
        <sessionNumber>1</sessionNumber>
        <fullActionName>Final Passage Under Suspension of the Rules Results</fullActionName>
        <rollNumber>278</rollNumber>
      </recordedVote>
    </recordedVotes>
    <cboCostEstimates>
      <item>
        <url>https://www.cbo.gov/publication/52743</url>
        <pubDate>2017-05-19T19:02:00Z</pubDate>
        <title>H.R. 467, VA Scheduling Accountability Act</title>
      </item>
      <item>
        <url>https://www.cbo.gov/publication/52744</url>
        <pubDate>2017-05-19T19:02:00Z</pubDate>
        <title>H.R. 467, VA Scheduling Accountability Act</title>
      </item>
    </cboCostEstimates>
    <billNumber>467</billNumber>
    <updateDate>2018-02-22T15:27:17Z</updateDate>
    <notes />
    <laws />
    <createDate>2017-01-13T04:55:31Z</createDate>
    <summaries>
      <billSummaries>
        <item>
          <actionDesc>Introduced in House</actionDesc>
          <updateDate>2017-01-12T05:00:00Z</updateDate>
          <name>Introduced in House</name>
          <lastSummaryUpdateDate>2017-03-13T18:55:03Z</lastSummaryUpdateDate>
          <actionDate>2017-01-12</actionDate>
          <text><![CDATA[<p><strong>VA Scheduling Accountability Act</strong></p> <p>This bill directs the Department of Veterans Affairs (VA) to ensure that each VA medical facility annually certifies that it is in full compliance with all provisions of law and regulations relating to scheduling appointments for veterans hospital care and medical services. The VA may not waive any applicable provision of such laws or regulations. </p> <p>If unable to make such certification, the facility shall provide the VA with an explanation of noncompliance and a description of compliance actions being taken. If a facility does not make a certification for any year, each covered official may not receive specified awards or bonuses during the subsequent year. A covered official is the: (1) director, (2) chief of staff, (3) associate director, (4) associate director for patient care, and (5) deputy chief of staff. </p> <p>The VA shall ensure that its directives and policies apply to, and are implemented by, each VA office or facility in a standardized manner, including at the local level.</p>]]></text>
          <versionCode>00</versionCode>
        </item>
        <item>
          <actionDesc>Reported to House without amendment, Part I</actionDesc>
          <updateDate>2017-05-23T13:55:44Z</updateDate>
          <name>Reported to House without amendment, Part I</name>
          <lastSummaryUpdateDate>2017-05-31T18:27:19Z</lastSummaryUpdateDate>
          <actionDate>2017-05-23</actionDate>
          <text><![CDATA[<p>(This measure has not been amended since it was introduced. The summary has been expanded because action occurred on the measure.)</p> <p><strong>VA Scheduling Accountability Act</strong></p> <p> (Sec. 2) This bill directs the Department of Veterans Affairs (VA) to ensure that each VA medical facility annually certifies that it is in full compliance with all provisions of law and regulations relating to scheduling appointments for veterans hospital care and medical services. The VA may not waive any applicable provision of such laws or regulations. </p> <p>If unable to make such certification, the facility shall provide the VA with an explanation of noncompliance and a description of compliance actions being taken. If a facility does not make a certification for any year, each covered official may not receive specified awards or bonuses during the subsequent year. A covered official is the: (1) director, (2) chief of staff, (3) associate director, (4) associate director for patient care, and (5) deputy chief of staff. </p> <p> (Sec. 3) The VA shall ensure that its directives and policies apply to, and are implemented by, each VA office or facility in a standardized manner, including at the local level.</p>]]></text>
          <versionCode>28</versionCode>
        </item>
        <item>
          <actionDesc>Passed House without amendment</actionDesc>
          <updateDate>2017-05-24T14:12:22Z</updateDate>
          <name>Passed House without amendment</name>
          <lastSummaryUpdateDate>2017-05-31T18:27:43Z</lastSummaryUpdateDate>
          <actionDate>2017-05-24</actionDate>
          <text><![CDATA[<p>(This measure has not been amended since it was introduced. The expanded summary of the House reported version is repeated here.)</p> <p><strong>VA Scheduling Accountability Act</strong></p> <p> (Sec. 2) This bill directs the Department of Veterans Affairs (VA) to ensure that each VA medical facility annually certifies that it is in full compliance with all provisions of law and regulations relating to scheduling appointments for veterans hospital care and medical services. The VA may not waive any applicable provision of such laws or regulations. </p> <p>If unable to make such certification, the facility shall provide the VA with an explanation of noncompliance and a description of compliance actions being taken. If a facility does not make a certification for any year, each covered official may not receive specified awards or bonuses during the subsequent year. A covered official is the: (1) director, (2) chief of staff, (3) associate director, (4) associate director for patient care, and (5) deputy chief of staff. </p> <p> (Sec. 3) The VA shall ensure that its directives and policies apply to, and are implemented by, each VA office or facility in a standardized manner, including at the local level.</p>]]></text>
          <versionCode>81</versionCode>
        </item>
      </billSummaries>
    </summaries>
    <amendments />
    <committees>
      <billCommittees>
        <item>
          <activities>
            <item>
              <date>2017-05-25T15:26:29Z</date>
              <name>Referred to</name>
            </item>
          </activities>
          <type>Standing</type>
          <systemCode>ssva00</systemCode>
          <name>Veterans' Affairs Committee</name>
          <subcommittees />
          <chamber>Senate</chamber>
        </item>
        <item>
          <activities>
            <item>
              <date>2017-05-23T16:30:27Z</date>
              <name>Discharged from</name>
            </item>
            <item>
              <date>2017-01-12T15:01:40Z</date>
              <name>Referred to</name>
            </item>
          </activities>
          <type>Standing</type>
          <systemCode>hsgo00</systemCode>
          <name>Oversight and Government Reform Committee</name>
          <subcommittees />
          <chamber>House</chamber>
        </item>
        <item>
          <activities>
            <item>
              <date>2017-05-23T16:29:58Z</date>
              <name>Reported by</name>
            </item>
            <item>
              <date>2017-05-17T13:26:22Z</date>
              <name>Markup by</name>
            </item>
            <item>
              <date>2017-01-12T15:01:35Z</date>
              <name>Referred to</name>
            </item>
          </activities>
          <type>Standing</type>
          <systemCode>hsvr00</systemCode>
          <name>Veterans' Affairs Committee</name>
          <subcommittees>
            <item>
              <systemCode>hsvr03</systemCode>
              <activities>
                <item>
                  <date>2017-04-06T14:15:34Z</date>
                  <name>Reported by</name>
                </item>
                <item>
                  <date>2017-03-29T15:55:43Z</date>
                  <name>Hearings by</name>
                </item>
                <item>
                  <date>2017-02-03T15:14:59Z</date>
                  <name>Referred to</name>
                </item>
              </activities>
              <name>Health Subcommittee</name>
            </item>
            <item>
              <systemCode>hsvr10</systemCode>
              <activities>
                <item>
                  <date>2017-02-03T19:15:50Z</date>
                  <name>Referred to</name>
                </item>
              </activities>
              <name>Economic Opportunity Subcommittee</name>
            </item>
          </subcommittees>
          <chamber>House</chamber>
        </item>
      </billCommittees>
    </committees>
    <cosponsors>
      <item>
        <party>D</party>
        <fullName>Rep. Sinema, Kyrsten [D-AZ-9]</fullName>
        <identifiers>
          <bioguideId>S001191</bioguideId>
          <lisID>2099</lisID>
          <gpoId />
        </identifiers>
        <lastName>Sinema</lastName>
        <sponsorshipWithdrawnDate />
        <sponsorshipDate>2017-05-22</sponsorshipDate>
        <bioguideId>S001191</bioguideId>
        <isOriginalCosponsor>False</isOriginalCosponsor>
        <state>AZ</state>
        <firstName>Kyrsten</firstName>
        <middleName />
        <district>9</district>
      </item>
      <item>
        <party>R</party>
        <fullName>Rep. Young, David [R-IA-3]</fullName>
        <identifiers>
          <lisID>2242</lisID>
          <gpoId />
          <bioguideId>Y000066</bioguideId>
        </identifiers>
        <lastName>Young</lastName>
        <sponsorshipWithdrawnDate />
        <sponsorshipDate>2017-05-22</sponsorshipDate>
        <bioguideId>Y000066</bioguideId>
        <isOriginalCosponsor>False</isOriginalCosponsor>
        <state>IA</state>
        <firstName>David</firstName>
        <middleName />
        <district>3</district>
      </item>
    </cosponsors>
    <congress>115</congress>
    <committeeReports>
      <committeeReport>
        <citation>H. Rept. 115-149</citation>
      </committeeReport>
    </committeeReports>
    <version>1.0.0</version>
    <sponsors>
      <item>
        <lastName>Walorski</lastName>
        <district>2</district>
        <fullName>Rep. Walorski, Jackie [R-IN-2]</fullName>
        <middleName />
        <bioguideId>W000813</bioguideId>
        <identifiers>
          <gpoId />
          <bioguideId>W000813</bioguideId>
          <lisID>2128</lisID>
        </identifiers>
        <byRequestType />
        <state>IN</state>
        <firstName>Jackie</firstName>
        <party>R</party>
      </item>
    </sponsors>
  </bill>
  <dublinCore xmlns:dc="http://purl.org/dc/elements/1.1/">
    <dc:format>text/xml</dc:format>
    <dc:language>EN</dc:language>
    <dc:rights>Pursuant to Title 17 Section 105 of the United States Code, this file is not subject to copyright protection and is in the public domain.</dc:rights>
    <dc:contributor>Congressional Research Service, Library of Congress</dc:contributor>
    <dc:description>This file contains bill summaries and statuses for federal legislation. A bill summary describes the most significant provisions of a piece of legislation and details the effects the legislative text may have on current law and federal programs. Bill summaries are authored by the Congressional Research Service (CRS) of the Library of Congress. As stated in Public Law 91-510 (2 USC 166 (d)(6)), one of the duties of CRS is "to prepare summaries and digests of bills and resolutions of a public general nature introduced in the Senate or House of Representatives". For more information, refer to the User Guide that accompanies this file.</dc:description>
  </dublinCore>
</billStatus>

