<?xml version="1.0" encoding="UTF-8"?>
<billStatus>
  <bill>
    <introducedDate>2017-01-12</introducedDate>
    <congress>115</congress>
    <latestAction>
      <actionDate>2017-02-10</actionDate>
      <links />
      <text>Referred to the Subcommittee on Water, Power and Oceans.</text>
    </latestAction>
    <originChamber>House</originChamber>
    <billNumber>475</billNumber>
    <sponsors>
      <item>
        <state>CA</state>
        <identifiers>
          <lisID>1640</lisID>
          <bioguideId>I000056</bioguideId>
          <gpoId>7854</gpoId>
        </identifiers>
        <bioguideId>I000056</bioguideId>
        <lastName>ISSA</lastName>
        <fullName>Rep. Issa, Darrell E. [R-CA-49]</fullName>
        <district>49</district>
        <firstName>DARRELL</firstName>
        <byRequestType />
        <middleName>E.</middleName>
        <party>R</party>
      </item>
    </sponsors>
    <committeeReports />
    <relatedBills />
    <titles>
      <item>
        <chamberCode />
        <titleType>Official Title as Introduced</titleType>
        <parentTitleType />
        <chamberName />
        <title>To designate the exclusive economic zone of the United States as the "Ronald Wilson Reagan Exclusive Economic Zone of the United States".</title>
      </item>
      <item>
        <chamberCode />
        <titleType>Display Title</titleType>
        <parentTitleType />
        <chamberName />
        <title>To designate the exclusive economic zone of the United States as the "Ronald Wilson Reagan Exclusive Economic Zone of the United States".</title>
      </item>
    </titles>
    <constitutionalAuthorityStatementText><![CDATA[<pre>From the Congressional Record Online through the Government Publishing Office [<a href='http://www.gpo.gov'>www.gpo.gov</a>]By Mr. ISSA:H.R. 475.Congress has the power to enact this legislation pursuantto the following:Article IV Section III: The Congress shall have Power todispose of and make all needful Rules and Regulationsrespecting the Territory or other Property belonging to theUnited States.'[Page H472]</pre>]]></constitutionalAuthorityStatementText>
    <billType>HR</billType>
    <summaries>
      <billSummaries>
        <item>
          <lastSummaryUpdateDate>2017-01-27T14:55:28Z</lastSummaryUpdateDate>
          <updateDate>2017-01-12T05:00:00Z</updateDate>
          <versionCode>00</versionCode>
          <text><![CDATA[<p>This bill designates the U.S. exclusive economic zone (as established by Presidential Proclamation Numbered 5030, dated March 10, 1983) as the &quot;Ronald Wilson Reagan Exclusive Economic Zone of the United States.&quot;</p>]]></text>
          <name>Introduced in House</name>
          <actionDesc>Introduced in House</actionDesc>
          <actionDate>2017-01-12</actionDate>
        </item>
      </billSummaries>
    </summaries>
    <subjects>
      <billSubjects>
        <policyArea>
          <name>Public Lands and Natural Resources</name>
        </policyArea>
        <legislativeSubjects>
          <item>
            <name>Congressional tributes</name>
          </item>
          <item>
            <name>Marine and coastal resources, fisheries</name>
          </item>
          <item>
            <name>Presidents and presidential powers, Vice Presidents</name>
          </item>
        </legislativeSubjects>
      </billSubjects>
    </subjects>
    <laws />
    <policyArea>
      <name>Public Lands and Natural Resources</name>
    </policyArea>
    <committees>
      <billCommittees>
        <item>
          <type>Standing</type>
          <systemCode>hsii00</systemCode>
          <subcommittees>
            <item>
              <activities>
                <item>
                  <date>2017-02-10T17:00:29Z</date>
                  <name>Referred to</name>
                </item>
              </activities>
              <systemCode>hsii13</systemCode>
              <name>Water, Power and Oceans Subcommittee</name>
            </item>
          </subcommittees>
          <activities>
            <item>
              <date>2017-01-12T15:04:10Z</date>
              <name>Referred to</name>
            </item>
          </activities>
          <chamber>House</chamber>
          <name>Natural Resources Committee</name>
        </item>
      </billCommittees>
    </committees>
    <version>1.0.0</version>
    <recordedVotes />
    <updateDate>2018-02-06T16:40:50Z</updateDate>
    <title>To designate the exclusive economic zone of the United States as the "Ronald Wilson Reagan Exclusive Economic Zone of the United States".</title>
    <createDate>2017-01-13T04:55:31Z</createDate>
    <cboCostEstimates />
    <actions>
      <actionByCounts>
        <houseOfRepresentatives>4</houseOfRepresentatives>
      </actionByCounts>
      <actionTypeCounts>
        <introducedInTheHouse>1</introducedInTheHouse>
        <billReferrals>1</billReferrals>
        <placeholderTextForH>1</placeholderTextForH>
        <introducedInHouse>1</introducedInHouse>
      </actionTypeCounts>
      <item>
        <actionDate>2017-02-10</actionDate>
        <committee>
          <systemCode>hsii13</systemCode>
          <name>Water, Power and Oceans Subcommittee</name>
        </committee>
        <links />
        <sourceSystem>
          <name>House committee actions</name>
          <code>1</code>
        </sourceSystem>
        <text>Referred to the Subcommittee on Water, Power and Oceans.</text>
        <type>Committee</type>
      </item>
      <item>
        <actionDate>2017-01-12</actionDate>
        <text>Referred to the House Committee on Natural Resources.</text>
        <sourceSystem>
          <name>House floor actions</name>
          <code>2</code>
        </sourceSystem>
        <committee>
          <systemCode>hsii00</systemCode>
          <name>Natural Resources Committee</name>
        </committee>
        <links />
        <actionCode>H11100</actionCode>
        <type>IntroReferral</type>
      </item>
      <item>
        <actionDate>2017-01-12</actionDate>
        <text>Introduced in House</text>
        <sourceSystem>
          <name>Library of Congress</name>
          <code>9</code>
        </sourceSystem>
        <committee />
        <links />
        <actionCode>Intro-H</actionCode>
        <type>IntroReferral</type>
      </item>
      <item>
        <actionDate>2017-01-12</actionDate>
        <text>Introduced in House</text>
        <sourceSystem>
          <name>Library of Congress</name>
          <code>9</code>
        </sourceSystem>
        <committee />
        <links />
        <actionCode>1000</actionCode>
        <type>IntroReferral</type>
      </item>
    </actions>
    <amendments />
    <notes />
    <calendarNumbers />
    <cosponsors>
      <item>
        <identifiers>
          <lisID>2244</lisID>
          <gpoId />
          <bioguideId>A000374</bioguideId>
        </identifiers>
        <sponsorshipDate>2017-01-12</sponsorshipDate>
        <district>5</district>
        <middleName>Lee</middleName>
        <sponsorshipWithdrawnDate />
        <fullName>Rep. Abraham, Ralph Lee [R-LA-5]</fullName>
        <party>R</party>
        <firstName>Ralph</firstName>
        <isOriginalCosponsor>True</isOriginalCosponsor>
        <lastName>Abraham</lastName>
        <state>LA</state>
        <bioguideId>A000374</bioguideId>
      </item>
      <item>
        <identifiers>
          <lisID>1460</lisID>
          <gpoId>7789</gpoId>
          <bioguideId>A000055</bioguideId>
        </identifiers>
        <sponsorshipDate>2017-01-12</sponsorshipDate>
        <district>4</district>
        <middleName>B.</middleName>
        <sponsorshipWithdrawnDate />
        <fullName>Rep. Aderholt, Robert B. [R-AL-4]</fullName>
        <party>R</party>
        <firstName>ROBERT</firstName>
        <isOriginalCosponsor>True</isOriginalCosponsor>
        <lastName>ADERHOLT</lastName>
        <state>AL</state>
        <bioguideId>A000055</bioguideId>
      </item>
      <item>
        <identifiers>
          <bioguideId>C001105</bioguideId>
          <lisID>2273</lisID>
          <gpoId />
        </identifiers>
        <sponsorshipDate>2017-01-12</sponsorshipDate>
        <district>10</district>
        <middleName />
        <sponsorshipWithdrawnDate />
        <fullName>Rep. Comstock, Barbara [R-VA-10]</fullName>
        <party>R</party>
        <firstName>Barbara</firstName>
        <isOriginalCosponsor>True</isOriginalCosponsor>
        <lastName>Comstock</lastName>
        <state>VA</state>
        <bioguideId>C001105</bioguideId>
      </item>
      <item>
        <identifiers>
          <lisID>1707</lisID>
          <gpoId>7799</gpoId>
          <bioguideId>F000448</bioguideId>
        </identifiers>
        <sponsorshipDate>2017-01-12</sponsorshipDate>
        <district>8</district>
        <middleName />
        <sponsorshipWithdrawnDate />
        <fullName>Rep. Franks, Trent [R-AZ-8]</fullName>
        <party>R</party>
        <firstName>Trent</firstName>
        <isOriginalCosponsor>True</isOriginalCosponsor>
        <lastName>Franks</lastName>
        <state>AZ</state>
        <bioguideId>F000448</bioguideId>
      </item>
      <item>
        <identifiers>
          <lisID>1801</lisID>
          <bioguideId>G000552</bioguideId>
          <gpoId>8157</gpoId>
        </identifiers>
        <sponsorshipDate>2017-01-12</sponsorshipDate>
        <district>1</district>
        <middleName />
        <sponsorshipWithdrawnDate />
        <fullName>Rep. Gohmert, Louie [R-TX-1]</fullName>
        <party>R</party>
        <firstName>Louie</firstName>
        <isOriginalCosponsor>True</isOriginalCosponsor>
        <lastName>Gohmert</lastName>
        <state>TX</state>
        <bioguideId>G000552</bioguideId>
      </item>
      <item>
        <identifiers>
          <bioguideId>R000600</bioguideId>
          <lisID>2222</lisID>
          <gpoId />
        </identifiers>
        <sponsorshipDate>2017-01-12</sponsorshipDate>
        <district>0</district>
        <middleName>Coleman</middleName>
        <sponsorshipWithdrawnDate />
        <fullName>Rep. Radewagen, Aumua Amata Coleman [R-AS-At Large]</fullName>
        <party>R</party>
        <firstName>Aumua Amata</firstName>
        <isOriginalCosponsor>True</isOriginalCosponsor>
        <lastName>Radewagen</lastName>
        <state>AS</state>
        <bioguideId>R000600</bioguideId>
      </item>
      <item>
        <identifiers>
          <bioguideId>R000409</bioguideId>
          <lisID>979</lisID>
          <gpoId>7851</gpoId>
        </identifiers>
        <sponsorshipDate>2017-01-12</sponsorshipDate>
        <district>48</district>
        <middleName />
        <sponsorshipWithdrawnDate />
        <fullName>Rep. Rohrabacher, Dana [R-CA-48]</fullName>
        <party>R</party>
        <firstName>DANA</firstName>
        <isOriginalCosponsor>True</isOriginalCosponsor>
        <lastName>ROHRABACHER</lastName>
        <state>CA</state>
        <bioguideId>R000409</bioguideId>
      </item>
      <item>
        <identifiers>
          <bioguideId>R000487</bioguideId>
          <gpoId>7845</gpoId>
          <lisID>998</lisID>
        </identifiers>
        <sponsorshipDate>2017-01-12</sponsorshipDate>
        <district>39</district>
        <middleName />
        <sponsorshipWithdrawnDate />
        <fullName>Rep. Royce, Edward R. [R-CA-39]</fullName>
        <party>R</party>
        <firstName>ED</firstName>
        <isOriginalCosponsor>True</isOriginalCosponsor>
        <lastName>ROYCE</lastName>
        <state>CA</state>
        <bioguideId>R000487</bioguideId>
      </item>
      <item>
        <identifiers>
          <bioguideId>Y000033</bioguideId>
          <lisID>1256</lisID>
          <gpoId>7785</gpoId>
        </identifiers>
        <sponsorshipDate>2017-01-12</sponsorshipDate>
        <district>0</district>
        <middleName>E.</middleName>
        <sponsorshipWithdrawnDate />
        <fullName>Rep. Young, Don [R-AK-At Large]</fullName>
        <party>R</party>
        <firstName>DON</firstName>
        <isOriginalCosponsor>True</isOriginalCosponsor>
        <lastName>YOUNG</lastName>
        <state>AK</state>
        <bioguideId>Y000033</bioguideId>
      </item>
      <item>
        <identifiers>
          <lisID>2277</lisID>
          <bioguideId>M001195</bioguideId>
          <gpoId />
        </identifiers>
        <sponsorshipDate>2017-01-12</sponsorshipDate>
        <district>2</district>
        <middleName>X.</middleName>
        <sponsorshipWithdrawnDate />
        <fullName>Rep. Mooney, Alexander X. [R-WV-2]</fullName>
        <party>R</party>
        <firstName>Alexander</firstName>
        <isOriginalCosponsor>True</isOriginalCosponsor>
        <lastName>Mooney</lastName>
        <state>WV</state>
        <bioguideId>M001195</bioguideId>
      </item>
      <item>
        <identifiers>
          <gpoId />
          <lisID>2275</lisID>
          <bioguideId>N000189</bioguideId>
        </identifiers>
        <sponsorshipDate>2017-01-13</sponsorshipDate>
        <district>4</district>
        <middleName />
        <sponsorshipWithdrawnDate />
        <fullName>Rep. Newhouse, Dan [R-WA-4]</fullName>
        <party>R</party>
        <firstName>Dan</firstName>
        <isOriginalCosponsor>False</isOriginalCosponsor>
        <lastName>Newhouse</lastName>
        <state>WA</state>
        <bioguideId>N000189</bioguideId>
      </item>
      <item>
        <identifiers>
          <lisID>2256</lisID>
          <bioguideId>R000603</bioguideId>
          <gpoId />
        </identifiers>
        <sponsorshipDate>2017-01-24</sponsorshipDate>
        <district>7</district>
        <middleName />
        <sponsorshipWithdrawnDate />
        <fullName>Rep. Rouzer, David [R-NC-7]</fullName>
        <party>R</party>
        <firstName>David</firstName>
        <isOriginalCosponsor>False</isOriginalCosponsor>
        <lastName>Rouzer</lastName>
        <state>NC</state>
        <bioguideId>R000603</bioguideId>
      </item>
      <item>
        <identifiers>
          <lisID>2237</lisID>
          <bioguideId>H001071</bioguideId>
          <gpoId />
        </identifiers>
        <sponsorshipDate>2017-01-24</sponsorshipDate>
        <district>10</district>
        <middleName>B.</middleName>
        <sponsorshipWithdrawnDate />
        <fullName>Rep. Hice, Jody B. [R-GA-10]</fullName>
        <party>R</party>
        <firstName>Jody</firstName>
        <isOriginalCosponsor>False</isOriginalCosponsor>
        <lastName>Hice</lastName>
        <state>GA</state>
        <bioguideId>H001071</bioguideId>
      </item>
      <item>
        <identifiers>
          <lisID>1886</lisID>
          <bioguideId>W000804</bioguideId>
          <gpoId>8192</gpoId>
        </identifiers>
        <sponsorshipDate>2017-01-30</sponsorshipDate>
        <district>1</district>
        <middleName>J.</middleName>
        <sponsorshipWithdrawnDate />
        <fullName>Rep. Wittman, Robert J. [R-VA-1]</fullName>
        <party>R</party>
        <firstName>Robert</firstName>
        <isOriginalCosponsor>False</isOriginalCosponsor>
        <lastName>Wittman</lastName>
        <state>VA</state>
        <bioguideId>W000804</bioguideId>
      </item>
      <item>
        <identifiers>
          <lisID>2270</lisID>
          <gpoId />
          <bioguideId>B001291</bioguideId>
        </identifiers>
        <sponsorshipDate>2017-02-03</sponsorshipDate>
        <district>36</district>
        <middleName />
        <sponsorshipWithdrawnDate />
        <fullName>Rep. Babin, Brian [R-TX-36]</fullName>
        <party>R</party>
        <firstName>Brian</firstName>
        <isOriginalCosponsor>False</isOriginalCosponsor>
        <lastName>Babin</lastName>
        <state>TX</state>
        <bioguideId>B001291</bioguideId>
      </item>
    </cosponsors>
  </bill>
  <dublinCore xmlns:dc="http://purl.org/dc/elements/1.1/">
    <dc:format>text/xml</dc:format>
    <dc:language>EN</dc:language>
    <dc:rights>Pursuant to Title 17 Section 105 of the United States Code, this file is not subject to copyright protection and is in the public domain.</dc:rights>
    <dc:contributor>Congressional Research Service, Library of Congress</dc:contributor>
    <dc:description>This file contains bill summaries and statuses for federal legislation. A bill summary describes the most significant provisions of a piece of legislation and details the effects the legislative text may have on current law and federal programs. Bill summaries are authored by the Congressional Research Service (CRS) of the Library of Congress. As stated in Public Law 91-510 (2 USC 166 (d)(6)), one of the duties of CRS is "to prepare summaries and digests of bills and resolutions of a public general nature introduced in the Senate or House of Representatives". For more information, refer to the User Guide that accompanies this file.</dc:description>
  </dublinCore>
</billStatus>

