<?xml version="1.0" encoding="UTF-8"?>
<billStatus>
  <bill>
    <committeeReports>
      <committeeReport>
        <citation>S. Rept. 115-69</citation>
      </committeeReport>
    </committeeReports>
    <laws />
    <notes />
    <calendarNumbers>
      <item>
        <number>0087</number>
        <calendar>Senate Calendar of Business</calendar>
      </item>
    </calendarNumbers>
    <updateDate>2018-02-22T15:27:19Z</updateDate>
    <cosponsors>
      <item>
        <firstName>Jared</firstName>
        <state>CO</state>
        <fullName>Rep. Polis, Jared [D-CO-2]</fullName>
        <middleName />
        <bioguideId>P000598</bioguideId>
        <isOriginalCosponsor>True</isOriginalCosponsor>
        <lastName>Polis</lastName>
        <sponsorshipWithdrawnDate />
        <party>D</party>
        <district>2</district>
        <sponsorshipDate>2017-01-24</sponsorshipDate>
        <identifiers>
          <bioguideId>P000598</bioguideId>
          <lisID>1910</lisID>
          <gpoId>7860</gpoId>
        </identifiers>
      </item>
      <item>
        <firstName>Doug</firstName>
        <state>CO</state>
        <fullName>Rep. Lamborn, Doug [R-CO-5]</fullName>
        <middleName />
        <bioguideId>L000564</bioguideId>
        <isOriginalCosponsor>True</isOriginalCosponsor>
        <lastName>Lamborn</lastName>
        <sponsorshipWithdrawnDate />
        <party>R</party>
        <district>5</district>
        <sponsorshipDate>2017-01-24</sponsorshipDate>
        <identifiers>
          <bioguideId>L000564</bioguideId>
          <lisID>1834</lisID>
          <gpoId>7863</gpoId>
        </identifiers>
      </item>
    </cosponsors>
    <billNumber>698</billNumber>
    <policyArea>
      <name>Public Lands and Natural Resources</name>
    </policyArea>
    <committees>
      <billCommittees>
        <item>
          <activities>
            <item>
              <date>2017-05-16T15:09:27Z</date>
              <name>Reported by</name>
            </item>
            <item>
              <date>2017-03-30T13:30:00Z</date>
              <name>Markup by</name>
            </item>
            <item>
              <date>2017-02-07T16:54:47Z</date>
              <name>Referred to</name>
            </item>
          </activities>
          <chamber>Senate</chamber>
          <subcommittees />
          <systemCode>sseg00</systemCode>
          <name>Energy and Natural Resources Committee</name>
          <type>Standing</type>
        </item>
        <item>
          <activities>
            <item>
              <date>2017-01-24T15:04:50Z</date>
              <name>Referred to</name>
            </item>
          </activities>
          <chamber>House</chamber>
          <subcommittees />
          <systemCode>hsii00</systemCode>
          <name>Natural Resources Committee</name>
          <type>Standing</type>
        </item>
      </billCommittees>
    </committees>
    <title>Elkhorn Ranch and White River National Forest Conveyance Act of 2017</title>
    <sponsors>
      <item>
        <lastName>Tipton</lastName>
        <firstName>Scott</firstName>
        <identifiers>
          <bioguideId>T000470</bioguideId>
          <lisID>1997</lisID>
          <gpoId>7861</gpoId>
        </identifiers>
        <party>R</party>
        <district>3</district>
        <middleName>R.</middleName>
        <state>CO</state>
        <bioguideId>T000470</bioguideId>
        <byRequestType />
        <fullName>Rep. Tipton, Scott  R. [R-CO-3]</fullName>
      </item>
    </sponsors>
    <constitutionalAuthorityStatementText><![CDATA[<pre>From the Congressional Record Online through the Government Publishing Office [<a href='http://www.gpo.gov'>www.gpo.gov</a>]By Mr. TIPTON:H.R. 698.Congress has the power to enact this legislation pursuantto the following:Article 4, Section 3, Clause 2:The Congress shall have Power to dispose of and make allneedful Rules and Regulations respecting the Territory orother Property belonging to the United States; and nothing inthis Constitution shall be so construed as to Prejudice anyClaims of the United States, or of any particular State.[Page H689]</pre>]]></constitutionalAuthorityStatementText>
    <latestAction>
      <actionDate>2017-05-16</actionDate>
      <links />
      <text>Placed on Senate Legislative Calendar under General Orders. Calendar No. 87.</text>
    </latestAction>
    <createDate>2017-01-25T04:45:56Z</createDate>
    <billType>HR</billType>
    <actions>
      <actionByCounts>
        <senate>5</senate>
        <houseOfRepresentatives>9</houseOfRepresentatives>
      </actionByCounts>
      <item>
        <actionDate>2017-05-16</actionDate>
        <committee />
        <links />
        <sourceSystem>
          <code>0</code>
          <name>Senate</name>
        </sourceSystem>
        <text>Placed on Senate Legislative Calendar under General Orders. Calendar No. 87.</text>
        <type>Calendars</type>
      </item>
      <item>
        <actionDate>2017-05-16</actionDate>
        <committee>
          <name>Energy and Natural Resources Committee</name>
          <systemCode>sseg00</systemCode>
        </committee>
        <links>
          <link>
            <name>report No. 115-69</name>
            <url>https://www.congress.gov/congressional-report/115th-congress/senate-report/69</url>
          </link>
        </links>
        <sourceSystem>
          <code>0</code>
          <name>Senate</name>
        </sourceSystem>
        <text>Committee on Energy and Natural Resources. Reported by Senator Murkowski without amendment. With written report No. 115-69.</text>
        <type>Committee</type>
      </item>
      <item>
        <committee>
          <name>Energy and Natural Resources Committee</name>
          <systemCode>sseg00</systemCode>
        </committee>
        <links>
          <link>
            <name>report No. 115-69</name>
            <url>https://www.congress.gov/congressional-report/115th-congress/senate-report/69</url>
          </link>
        </links>
        <text>Committee on Energy and Natural Resources. Reported by Senator Murkowski without amendment. With written report No. 115-69.</text>
        <actionDate>2017-05-16</actionDate>
        <type>Committee</type>
        <actionCode>14000</actionCode>
        <sourceSystem>
          <code>9</code>
          <name>Library of Congress</name>
        </sourceSystem>
      </item>
      <item>
        <actionDate>2017-03-30</actionDate>
        <committee>
          <name>Energy and Natural Resources Committee</name>
          <systemCode>sseg00</systemCode>
        </committee>
        <links />
        <sourceSystem>
          <code>0</code>
          <name>Senate</name>
        </sourceSystem>
        <text>Committee on Energy and Natural Resources. Ordered to be reported without amendment favorably.</text>
        <type>Committee</type>
      </item>
      <item>
        <actionDate>2017-02-07</actionDate>
        <committee>
          <name>Energy and Natural Resources Committee</name>
          <systemCode>sseg00</systemCode>
        </committee>
        <links />
        <sourceSystem>
          <code>0</code>
          <name>Senate</name>
        </sourceSystem>
        <text>Received in the Senate and Read twice and referred to the Committee on Energy and Natural Resources.</text>
        <type>IntroReferral</type>
      </item>
      <item>
        <committee />
        <links />
        <text>Motion to reconsider laid on the table Agreed to without objection.</text>
        <actionDate>2017-02-06</actionDate>
        <actionTime>17:02:06</actionTime>
        <actionCode>H38310</actionCode>
        <sourceSystem>
          <code>2</code>
          <name>House floor actions</name>
        </sourceSystem>
        <type>Floor</type>
      </item>
      <item>
        <committee />
        <links>
          <link>
            <name>H982</name>
            <url>https://www.congress.gov/congressional-record/volume-163/house-section/page/H982</url>
          </link>
        </links>
        <text>On motion to suspend the rules and pass the bill Agreed to by voice vote. (text: CR H982)</text>
        <actionDate>2017-02-06</actionDate>
        <actionTime>17:02:05</actionTime>
        <actionCode>H37300</actionCode>
        <sourceSystem>
          <code>2</code>
          <name>House floor actions</name>
        </sourceSystem>
        <type>Floor</type>
      </item>
      <item>
        <committee />
        <links>
          <link>
            <name>H982</name>
            <url>https://www.congress.gov/congressional-record/volume-163/house-section/page/H982</url>
          </link>
        </links>
        <text>Passed/agreed to in House: On motion to suspend the rules and pass the bill Agreed to by voice vote.(text: CR H982)</text>
        <actionDate>2017-02-06</actionDate>
        <actionTime>17:02:05</actionTime>
        <actionCode>8000</actionCode>
        <sourceSystem>
          <code>9</code>
          <name>Library of Congress</name>
        </sourceSystem>
        <type>Floor</type>
      </item>
      <item>
        <committee />
        <links>
          <link>
            <name>H.R. 698</name>
            <url>https://www.congress.gov/bill/115th-congress/house-bill/698</url>
          </link>
        </links>
        <text>DEBATE - The House proceeded with forty minutes of debate on H.R. 698.</text>
        <actionDate>2017-02-06</actionDate>
        <actionTime>16:53:11</actionTime>
        <actionCode>H8D000</actionCode>
        <sourceSystem>
          <code>2</code>
          <name>House floor actions</name>
        </sourceSystem>
        <type>Floor</type>
      </item>
      <item>
        <committee />
        <links>
          <link>
            <name>H982-983</name>
            <url>https://www.congress.gov/congressional-record/volume-163/house-section/page/H982-983</url>
          </link>
        </links>
        <text>Considered under suspension of the rules. (consideration: CR H982-983)</text>
        <actionDate>2017-02-06</actionDate>
        <actionTime>16:53:09</actionTime>
        <actionCode>H30000</actionCode>
        <sourceSystem>
          <code>2</code>
          <name>House floor actions</name>
        </sourceSystem>
        <type>Floor</type>
      </item>
      <item>
        <committee />
        <links />
        <text>Mr. Lamborn moved to suspend the rules and pass the bill.</text>
        <actionDate>2017-02-06</actionDate>
        <actionTime>16:53:00</actionTime>
        <actionCode>H30300</actionCode>
        <sourceSystem>
          <code>2</code>
          <name>House floor actions</name>
        </sourceSystem>
        <type>Floor</type>
      </item>
      <item>
        <committee>
          <name>Natural Resources Committee</name>
          <systemCode>hsii00</systemCode>
        </committee>
        <links />
        <text>Referred to the House Committee on Natural Resources.</text>
        <actionDate>2017-01-24</actionDate>
        <type>IntroReferral</type>
        <actionCode>H11100</actionCode>
        <sourceSystem>
          <code>2</code>
          <name>House floor actions</name>
        </sourceSystem>
      </item>
      <item>
        <committee />
        <links />
        <text>Introduced in House</text>
        <actionDate>2017-01-24</actionDate>
        <type>IntroReferral</type>
        <actionCode>Intro-H</actionCode>
        <sourceSystem>
          <code>9</code>
          <name>Library of Congress</name>
        </sourceSystem>
      </item>
      <item>
        <committee />
        <links />
        <text>Introduced in House</text>
        <actionDate>2017-01-24</actionDate>
        <type>IntroReferral</type>
        <actionCode>1000</actionCode>
        <sourceSystem>
          <code>9</code>
          <name>Library of Congress</name>
        </sourceSystem>
      </item>
      <actionTypeCounts>
        <introducedInTheHouse>1</introducedInTheHouse>
        <billReferrals>1</billReferrals>
        <generalDebate>1</generalDebate>
        <considerationByHouse>1</considerationByHouse>
        <introducedInHouse>1</introducedInHouse>
        <placedOnCalendarGeneralOrders>1</placedOnCalendarGeneralOrders>
        <motionToReconsiderResults>1</motionToReconsiderResults>
        <finalPassageUnderSuspensionOfTheRulesResults>1</finalPassageUnderSuspensionOfTheRulesResults>
        <motionMadeToSuspendTheRules>1</motionMadeToSuspendTheRules>
        <passedAgreedToInHouse>1</passedAgreedToInHouse>
        <referredToCommittee>1</referredToCommittee>
        <orderedReported>1</orderedReported>
        <reportedToSenate>2</reportedToSenate>
      </actionTypeCounts>
    </actions>
    <subjects>
      <billSubjects>
        <policyArea>
          <name>Public Lands and Natural Resources</name>
        </policyArea>
        <legislativeSubjects>
          <item>
            <name>Colorado</name>
          </item>
          <item>
            <name>Forests, forestry, trees</name>
          </item>
          <item>
            <name>Land transfers</name>
          </item>
        </legislativeSubjects>
      </billSubjects>
    </subjects>
    <originChamber>House</originChamber>
    <introducedDate>2017-01-24</introducedDate>
    <relatedBills>
      <item>
        <latestTitle>Elkhorn Ranch and White River National Forest Conveyance Act</latestTitle>
        <type>S</type>
        <relationshipDetails>
          <item>
            <type>Related bill</type>
            <identifiedBy>CRS</identifiedBy>
          </item>
          <item>
            <type>Related bill</type>
            <identifiedBy>House</identifiedBy>
          </item>
        </relationshipDetails>
        <latestAction>
          <text>Placed on Senate Legislative Calendar under General Orders. Calendar No. 119.</text>
          <actionDate>2017-06-07</actionDate>
        </latestAction>
        <congress>115</congress>
        <number>286</number>
      </item>
    </relatedBills>
    <version>1.0.0</version>
    <recordedVotes />
    <titles>
      <item>
        <chamberName>Senate</chamberName>
        <title>Elkhorn Ranch and White River National Forest Conveyance Act of 2017</title>
        <titleType>(Extracted from GPO) Short Titles as Reported to Senate</titleType>
        <chamberCode>S</chamberCode>
        <parentTitleType />
      </item>
      <item>
        <chamberName />
        <title>Elkhorn Ranch and White River National Forest Conveyance Act of 2017</title>
        <titleType>(Extracted from GPO) Short Titles as Introduced</titleType>
        <chamberCode />
        <parentTitleType />
      </item>
      <item>
        <chamberName>House</chamberName>
        <title>Elkhorn Ranch and White River National Forest Conveyance Act of 2017</title>
        <titleType>(Extracted from GPO) Short Titles as Passed House</titleType>
        <chamberCode>H</chamberCode>
        <parentTitleType />
      </item>
      <item>
        <chamberName>House</chamberName>
        <title>Elkhorn Ranch and White River National Forest Conveyance Act of 2017</title>
        <titleType>Short Titles as Passed House</titleType>
        <chamberCode>H</chamberCode>
        <parentTitleType>Short Titles House of Representatives</parentTitleType>
      </item>
      <item>
        <chamberName>Senate</chamberName>
        <title>Elkhorn Ranch and White River National Forest Conveyance Act of 2017</title>
        <titleType>Short Titles as Reported to Senate</titleType>
        <chamberCode>S</chamberCode>
        <parentTitleType>Short Titles Senate</parentTitleType>
      </item>
      <item>
        <chamberName />
        <title>Elkhorn Ranch and White River National Forest Conveyance Act of 2017</title>
        <titleType>Short Titles as Introduced</titleType>
        <chamberCode />
        <parentTitleType />
      </item>
      <item>
        <chamberName />
        <title>To require a land conveyance involving the Elkhorn Ranch and the White River National Forest in the State of Colorado, and for other purposes.</title>
        <titleType>Official Title as Introduced</titleType>
        <chamberCode />
        <parentTitleType />
      </item>
      <item>
        <chamberName />
        <title>Elkhorn Ranch and White River National Forest Conveyance Act of 2017</title>
        <titleType>Display Title</titleType>
        <chamberCode />
        <parentTitleType />
      </item>
    </titles>
    <cboCostEstimates>
      <item>
        <url>https://www.cbo.gov/publication/52612</url>
        <pubDate>2017-04-10T20:47:16Z</pubDate>
        <title>H.R. 698, Elkhorn Ranch and White River National Forest Conveyance Act of 2017</title>
      </item>
    </cboCostEstimates>
    <summaries>
      <billSummaries>
        <item>
          <actionDate>2017-01-24</actionDate>
          <name>Introduced in House</name>
          <versionCode>00</versionCode>
          <actionDesc>Introduced in House</actionDesc>
          <lastSummaryUpdateDate>2017-03-15T20:51:37Z</lastSummaryUpdateDate>
          <text><![CDATA[<p><b>Elkhorn Ranch and White River National Forest Conveyance Act of 2017</b></p> <p> This bill requires all interest of the United States in 148 acres of identified land to be conveyed by patent to the Gordman-Leverich Partnership (GLP), a Colorado Limited Liability Partnership. </p> <p>The bill states that the conveyance: (1) is subject to the valid existing rights of the lessee of federal oil and gas lease COC-75070 and any other valid existing rights, and (2) shall reserve to the United States the right to collect rent and royalty payments on such lease for its duration.</p> <p> The conveyance shall: (1) be completed by no later than 180 days of enactment of this bill; and (2) be without consideration, except that all costs incurred by the Department of the Interior relating to any survey, platting, legal description, or other activities carried out to prepare and issue the patent shall be paid by the GLP to Interior prior to the conveyance of such land. </p>]]></text>
          <updateDate>2017-01-24T05:00:00Z</updateDate>
        </item>
        <item>
          <actionDate>2017-02-06</actionDate>
          <name>Passed House without amendment</name>
          <versionCode>81</versionCode>
          <actionDesc>Passed House without amendment</actionDesc>
          <lastSummaryUpdateDate>2017-03-15T20:56:48Z</lastSummaryUpdateDate>
          <text><![CDATA[<p>(This measure has not been amended since it was introduced. The summary has been expanded because action occurred on the measure.) </p> <p><b>Elkhorn Ranch and White River National Forest Conveyance Act of 2017</b></p> <p> (Sec. 2) This bill requires all interest of the United States in 148 acres of identified land to be conveyed by patent to the Gordman-Leverich Partnership (GLP), a Colorado Limited Liability Partnership. </p> <p> The conveyance: (1) is subject to the valid existing rights of the lessee of federal oil and gas lease COC-75070 and any other valid existing rights, and (2) shall reserve to the United States the right to collect rent and royalty payments on such lease for its duration. </p> <p> The conveyance shall: (1) be completed by no later than 180 days of enactment of this bill; and (2) be without consideration, except that all costs incurred by the Department of the Interior relating to any survey, platting, legal description, or other activities carried out to prepare and issue the patent shall be paid by the GLP to Interior prior to the conveyance of such land.</p>]]></text>
          <updateDate>2017-02-06T13:59:38Z</updateDate>
        </item>
        <item>
          <actionDate>2017-05-16</actionDate>
          <name>Reported to Senate without amendment</name>
          <versionCode>80</versionCode>
          <actionDesc>Reported to Senate without amendment</actionDesc>
          <lastSummaryUpdateDate>2017-05-25T20:55:19Z</lastSummaryUpdateDate>
          <text><![CDATA[<p>(This measure has not been amended since it was introduced. The expanded summary of the House passed version is repeated here.)</p> <p><b>Elkhorn Ranch and White River National Forest Conveyance Act of 2017</b></p> <p> (Sec. 2) This bill requires all interest of the United States in 148 acres of identified land to be conveyed by patent to the Gordman-Leverich Partnership (GLP), a Colorado Limited Liability Partnership. </p> <p> The conveyance: (1) is subject to the valid existing rights of the lessee of federal oil and gas lease COC-75070 and any other valid existing rights, and (2) shall reserve to the United States the right to collect rent and royalty payments on such lease for its duration. </p> <p> The conveyance shall: (1) be completed by no later than 180 days of enactment of this bill; and (2) be without consideration, except that all costs incurred by the Department of the Interior relating to any survey, platting, legal description, or other activities carried out to prepare and issue the patent shall be paid by the GLP to Interior prior to the conveyance of such land.</p>]]></text>
          <updateDate>2017-05-16T12:34:00Z</updateDate>
        </item>
      </billSummaries>
    </summaries>
    <amendments />
    <congress>115</congress>
  </bill>
  <dublinCore xmlns:dc="http://purl.org/dc/elements/1.1/">
    <dc:format>text/xml</dc:format>
    <dc:language>EN</dc:language>
    <dc:rights>Pursuant to Title 17 Section 105 of the United States Code, this file is not subject to copyright protection and is in the public domain.</dc:rights>
    <dc:contributor>Congressional Research Service, Library of Congress</dc:contributor>
    <dc:description>This file contains bill summaries and statuses for federal legislation. A bill summary describes the most significant provisions of a piece of legislation and details the effects the legislative text may have on current law and federal programs. Bill summaries are authored by the Congressional Research Service (CRS) of the Library of Congress. As stated in Public Law 91-510 (2 USC 166 (d)(6)), one of the duties of CRS is "to prepare summaries and digests of bills and resolutions of a public general nature introduced in the Senate or House of Representatives". For more information, refer to the User Guide that accompanies this file.</dc:description>
  </dublinCore>
</billStatus>

