<?xml version="1.0" encoding="UTF-8"?>
<billStatus>
  <bill>
    <calendarNumbers />
    <constitutionalAuthorityStatementText><![CDATA[<pre>From the Congressional Record Online through the Government Publishing Office [<a href='http://www.gpo.gov'>www.gpo.gov</a>]By Mr. POE of Texas:H.R. 478.Congress has the power to enact this legislation pursuantto the following:Article 1, Section 8, Clause 1.[Page H472]</pre>]]></constitutionalAuthorityStatementText>
    <congress>115</congress>
    <titles>
      <item>
        <chamberCode />
        <chamberName />
        <parentTitleType />
        <titleType>(Extracted from GPO) Short Titles as Introduced</titleType>
        <title>IRGC Terrorist Sanctions Act of 2017</title>
      </item>
      <item>
        <chamberCode />
        <chamberName />
        <parentTitleType />
        <titleType>Short Titles as Introduced</titleType>
        <title>IRGC Terrorist Sanctions Act of 2017</title>
      </item>
      <item>
        <chamberCode />
        <chamberName />
        <parentTitleType />
        <titleType>Official Title as Introduced</titleType>
        <title>To require the imposition of sanctions against Iran's Islamic Revolutionary Guard Corps, and for other purposes.</title>
      </item>
      <item>
        <chamberCode />
        <chamberName />
        <parentTitleType />
        <titleType>Display Title</titleType>
        <title>IRGC Terrorist Sanctions Act of 2017</title>
      </item>
    </titles>
    <introducedDate>2017-01-12</introducedDate>
    <latestAction>
      <actionDate>2017-01-13</actionDate>
      <text>Sponsor introductory remarks on measure. (CR H534)</text>
      <links />
    </latestAction>
    <title>IRGC Terrorist Sanctions Act of 2017</title>
    <subjects>
      <billSubjects>
        <legislativeSubjects>
          <item>
            <name>Congressional oversight</name>
          </item>
          <item>
            <name>Iran</name>
          </item>
          <item>
            <name>Middle East</name>
          </item>
          <item>
            <name>Presidents and presidential powers, Vice Presidents</name>
          </item>
          <item>
            <name>Terrorism</name>
          </item>
        </legislativeSubjects>
        <policyArea>
          <name>International Affairs</name>
        </policyArea>
      </billSubjects>
    </subjects>
    <relatedBills />
    <updateDate>2018-02-06T16:40:50Z</updateDate>
    <committeeReports />
    <notes />
    <recordedVotes />
    <amendments />
    <billType>HR</billType>
    <committees>
      <billCommittees>
        <item>
          <chamber>House</chamber>
          <name>Foreign Affairs Committee</name>
          <systemCode>hsfa00</systemCode>
          <activities>
            <item>
              <date>2017-01-12T15:04:20Z</date>
              <name>Referred to</name>
            </item>
          </activities>
          <type>Standing</type>
          <subcommittees />
        </item>
      </billCommittees>
    </committees>
    <cboCostEstimates />
    <billNumber>478</billNumber>
    <policyArea>
      <name>International Affairs</name>
    </policyArea>
    <version>1.0.0</version>
    <createDate>2017-01-13T04:55:31Z</createDate>
    <originChamber>House</originChamber>
    <actions>
      <actionTypeCounts>
        <introducedInTheHouse>1</introducedInTheHouse>
        <placeholderTextForB>1</placeholderTextForB>
        <introducedInHouse>1</introducedInHouse>
        <billReferrals>1</billReferrals>
      </actionTypeCounts>
      <item>
        <type>IntroReferral</type>
        <links>
          <link>
            <name>H534</name>
            <url>https://www.congress.gov/congressional-record/volume-163/house-section/page/H534</url>
          </link>
        </links>
        <text>Sponsor introductory remarks on measure. (CR H534)</text>
        <committee />
        <actionDate>2017-01-13</actionDate>
        <sourceSystem>
          <name>Library of Congress</name>
          <code>9</code>
        </sourceSystem>
        <actionCode>B00100</actionCode>
      </item>
      <item>
        <type>IntroReferral</type>
        <links />
        <text>Referred to the House Committee on Foreign Affairs.</text>
        <committee>
          <systemCode>hsfa00</systemCode>
          <name>Foreign Affairs Committee</name>
        </committee>
        <actionDate>2017-01-12</actionDate>
        <sourceSystem>
          <name>House floor actions</name>
          <code>2</code>
        </sourceSystem>
        <actionCode>H11100</actionCode>
      </item>
      <item>
        <type>IntroReferral</type>
        <links />
        <text>Introduced in House</text>
        <committee />
        <actionDate>2017-01-12</actionDate>
        <sourceSystem>
          <name>Library of Congress</name>
          <code>9</code>
        </sourceSystem>
        <actionCode>Intro-H</actionCode>
      </item>
      <item>
        <type>IntroReferral</type>
        <links />
        <text>Introduced in House</text>
        <committee />
        <actionDate>2017-01-12</actionDate>
        <sourceSystem>
          <name>Library of Congress</name>
          <code>9</code>
        </sourceSystem>
        <actionCode>1000</actionCode>
      </item>
      <actionByCounts>
        <houseOfRepresentatives>3</houseOfRepresentatives>
      </actionByCounts>
    </actions>
    <sponsors>
      <item>
        <party>R</party>
        <bioguideId>P000592</bioguideId>
        <district>2</district>
        <firstName>Ted</firstName>
        <middleName />
        <state>TX</state>
        <fullName>Rep. Poe, Ted [R-TX-2]</fullName>
        <identifiers>
          <lisID>1802</lisID>
          <gpoId>8158</gpoId>
          <bioguideId>P000592</bioguideId>
        </identifiers>
        <lastName>Poe</lastName>
        <byRequestType />
      </item>
    </sponsors>
    <summaries>
      <billSummaries>
        <item>
          <versionCode>00</versionCode>
          <text><![CDATA[<p><strong>IRGC Terrorist Sanctions Act of 2017</strong></p> <p>This bill directs the President to: (1) designate Iran's Islamic Revolutionary Guard Corps (IRGC) as a terrorist entity, (2) impose sanctions against the IRGC, and (3) report to Congress on the results of such sanctions.</p>]]></text>
          <actionDesc>Introduced in House</actionDesc>
          <actionDate>2017-01-12</actionDate>
          <lastSummaryUpdateDate>2017-07-11T20:41:20Z</lastSummaryUpdateDate>
          <name>Introduced in House</name>
          <updateDate>2017-01-12T05:00:00Z</updateDate>
        </item>
      </billSummaries>
    </summaries>
    <laws />
    <cosponsors>
      <item>
        <isOriginalCosponsor>True</isOriginalCosponsor>
        <middleName />
        <sponsorshipDate>2017-01-12</sponsorshipDate>
        <firstName>BRAD</firstName>
        <party>D</party>
        <identifiers>
          <lisID>1526</lisID>
          <bioguideId>S000344</bioguideId>
          <gpoId>7832</gpoId>
        </identifiers>
        <district>30</district>
        <sponsorshipWithdrawnDate />
        <fullName>Rep. Sherman, Brad [D-CA-30]</fullName>
        <bioguideId>S000344</bioguideId>
        <lastName>SHERMAN</lastName>
        <state>CA</state>
      </item>
      <item>
        <isOriginalCosponsor>False</isOriginalCosponsor>
        <middleName>K.</middleName>
        <sponsorshipDate>2017-03-10</sponsorshipDate>
        <firstName>Randy</firstName>
        <party>R</party>
        <identifiers>
          <lisID>2161</lisID>
          <bioguideId>W000814</bioguideId>
          <gpoId />
        </identifiers>
        <district>14</district>
        <sponsorshipWithdrawnDate />
        <fullName>Rep. Weber, Randy K., Sr. [R-TX-14]</fullName>
        <bioguideId>W000814</bioguideId>
        <lastName>Weber</lastName>
        <state>TX</state>
      </item>
      <item>
        <isOriginalCosponsor>False</isOriginalCosponsor>
        <middleName />
        <sponsorshipDate>2017-03-10</sponsorshipDate>
        <firstName>Paul</firstName>
        <party>R</party>
        <identifiers>
          <lisID>2103</lisID>
          <gpoId />
          <bioguideId>C001094</bioguideId>
        </identifiers>
        <district>8</district>
        <sponsorshipWithdrawnDate />
        <fullName>Rep. Cook, Paul [R-CA-8]</fullName>
        <bioguideId>C001094</bioguideId>
        <lastName>Cook</lastName>
        <state>CA</state>
      </item>
      <item>
        <isOriginalCosponsor>False</isOriginalCosponsor>
        <middleName />
        <sponsorshipDate>2017-03-10</sponsorshipDate>
        <firstName>DANA</firstName>
        <party>R</party>
        <identifiers>
          <bioguideId>R000409</bioguideId>
          <lisID>979</lisID>
          <gpoId>7851</gpoId>
        </identifiers>
        <district>48</district>
        <sponsorshipWithdrawnDate />
        <fullName>Rep. Rohrabacher, Dana [R-CA-48]</fullName>
        <bioguideId>R000409</bioguideId>
        <lastName>ROHRABACHER</lastName>
        <state>CA</state>
      </item>
      <item>
        <isOriginalCosponsor>False</isOriginalCosponsor>
        <middleName />
        <sponsorshipDate>2017-03-10</sponsorshipDate>
        <firstName>Jeff</firstName>
        <party>R</party>
        <identifiers>
          <bioguideId>D000615</bioguideId>
          <lisID>2057</lisID>
          <gpoId>8143</gpoId>
        </identifiers>
        <district>3</district>
        <sponsorshipWithdrawnDate />
        <fullName>Rep. Duncan, Jeff [R-SC-3]</fullName>
        <bioguideId>D000615</bioguideId>
        <lastName>Duncan</lastName>
        <state>SC</state>
      </item>
      <item>
        <isOriginalCosponsor>False</isOriginalCosponsor>
        <middleName>M.</middleName>
        <sponsorshipDate>2017-03-13</sponsorshipDate>
        <firstName>Lee</firstName>
        <party>R</party>
        <identifiers>
          <lisID>2261</lisID>
          <bioguideId>Z000017</bioguideId>
          <gpoId />
        </identifiers>
        <district>1</district>
        <sponsorshipWithdrawnDate />
        <fullName>Rep. Zeldin, Lee M. [R-NY-1]</fullName>
        <bioguideId>Z000017</bioguideId>
        <lastName>Zeldin</lastName>
        <state>NY</state>
      </item>
      <item>
        <isOriginalCosponsor>False</isOriginalCosponsor>
        <middleName>A.</middleName>
        <sponsorshipDate>2017-05-24</sponsorshipDate>
        <firstName>Thomas</firstName>
        <party>R</party>
        <identifiers>
          <bioguideId>G000580</bioguideId>
          <lisID>2353</lisID>
          <gpoId />
        </identifiers>
        <district>5</district>
        <sponsorshipWithdrawnDate />
        <fullName>Rep. Garrett, Thomas A., Jr. [R-VA-5]</fullName>
        <bioguideId>G000580</bioguideId>
        <lastName>Garrett</lastName>
        <state>VA</state>
      </item>
      <item>
        <isOriginalCosponsor>False</isOriginalCosponsor>
        <middleName>M.</middleName>
        <sponsorshipDate>2017-06-07</sponsorshipDate>
        <firstName>LOUISE</firstName>
        <party>D</party>
        <identifiers>
          <bioguideId>S000480</bioguideId>
          <lisID>1069</lisID>
          <gpoId>8089</gpoId>
        </identifiers>
        <district>25</district>
        <sponsorshipWithdrawnDate />
        <fullName>Rep. Slaughter, Louise McIntosh [D-NY-25]</fullName>
        <bioguideId>S000480</bioguideId>
        <lastName>SLAUGHTER</lastName>
        <state>NY</state>
      </item>
      <item>
        <isOriginalCosponsor>False</isOriginalCosponsor>
        <middleName>M.</middleName>
        <sponsorshipDate>2017-06-07</sponsorshipDate>
        <firstName>Daniel</firstName>
        <party>R</party>
        <identifiers>
          <bioguideId>D000625</bioguideId>
          <lisID>2293</lisID>
          <gpoId />
        </identifiers>
        <district>11</district>
        <sponsorshipWithdrawnDate />
        <fullName>Rep. Donovan, Daniel M., Jr. [R-NY-11]</fullName>
        <bioguideId>D000625</bioguideId>
        <lastName>Donovan</lastName>
        <state>NY</state>
      </item>
    </cosponsors>
  </bill>
  <dublinCore xmlns:dc="http://purl.org/dc/elements/1.1/">
    <dc:format>text/xml</dc:format>
    <dc:language>EN</dc:language>
    <dc:rights>Pursuant to Title 17 Section 105 of the United States Code, this file is not subject to copyright protection and is in the public domain.</dc:rights>
    <dc:contributor>Congressional Research Service, Library of Congress</dc:contributor>
    <dc:description>This file contains bill summaries and statuses for federal legislation. A bill summary describes the most significant provisions of a piece of legislation and details the effects the legislative text may have on current law and federal programs. Bill summaries are authored by the Congressional Research Service (CRS) of the Library of Congress. As stated in Public Law 91-510 (2 USC 166 (d)(6)), one of the duties of CRS is "to prepare summaries and digests of bills and resolutions of a public general nature introduced in the Senate or House of Representatives". For more information, refer to the User Guide that accompanies this file.</dc:description>
  </dublinCore>
</billStatus>

