<?xml version="1.0" encoding="UTF-8"?>
<billStatus>
  <bill>
    <committeeReports />
    <originChamber>House</originChamber>
    <billNumber>693</billNumber>
    <actions>
      <actionByCounts>
        <houseOfRepresentatives>3</houseOfRepresentatives>
      </actionByCounts>
      <actionTypeCounts>
        <introducedInTheHouse>1</introducedInTheHouse>
        <billReferrals>1</billReferrals>
        <introducedInHouse>1</introducedInHouse>
      </actionTypeCounts>
      <item>
        <sourceSystem>
          <name>House floor actions</name>
          <code>2</code>
        </sourceSystem>
        <actionDate>2017-01-24</actionDate>
        <text>Referred to the House Committee on Education and the Workforce.</text>
        <type>IntroReferral</type>
        <links />
        <committee>
          <systemCode>hsed00</systemCode>
          <name>Education and the Workforce Committee</name>
        </committee>
        <actionCode>H11100</actionCode>
      </item>
      <item>
        <sourceSystem>
          <name>Library of Congress</name>
          <code>9</code>
        </sourceSystem>
        <actionDate>2017-01-24</actionDate>
        <text>Introduced in House</text>
        <type>IntroReferral</type>
        <links />
        <committee />
        <actionCode>Intro-H</actionCode>
      </item>
      <item>
        <sourceSystem>
          <name>Library of Congress</name>
          <code>9</code>
        </sourceSystem>
        <actionDate>2017-01-24</actionDate>
        <text>Introduced in House</text>
        <type>IntroReferral</type>
        <links />
        <committee />
        <actionCode>1000</actionCode>
      </item>
    </actions>
    <calendarNumbers />
    <updateDate>2018-02-06T16:41:06Z</updateDate>
    <cosponsors />
    <notes />
    <subjects>
      <billSubjects>
        <legislativeSubjects>
          <item>
            <name>Child care and development</name>
          </item>
          <item>
            <name>Child safety and welfare</name>
          </item>
          <item>
            <name>Criminal investigation, prosecution, interrogation</name>
          </item>
          <item>
            <name>Criminal justice information and records</name>
          </item>
          <item>
            <name>Employee hiring</name>
          </item>
          <item>
            <name>Employment discrimination and employee rights</name>
          </item>
        </legislativeSubjects>
        <policyArea>
          <name>Labor and Employment</name>
        </policyArea>
      </billSubjects>
    </subjects>
    <committees>
      <billCommittees>
        <item>
          <chamber>House</chamber>
          <name>Education and the Workforce Committee</name>
          <systemCode>hsed00</systemCode>
          <type>Standing</type>
          <subcommittees />
          <activities>
            <item>
              <name>Referred to</name>
              <date>2017-01-24T15:07:35Z</date>
            </item>
          </activities>
        </item>
      </billCommittees>
    </committees>
    <version>1.0.0</version>
    <recordedVotes />
    <policyArea>
      <name>Labor and Employment</name>
    </policyArea>
    <cboCostEstimates />
    <introducedDate>2017-01-24</introducedDate>
    <title>Protecting Our Children Act</title>
    <amendments />
    <latestAction>
      <text>Referred to the House Committee on Education and the Workforce.</text>
      <links />
      <actionDate>2017-01-24</actionDate>
    </latestAction>
    <congress>115</congress>
    <billType>HR</billType>
    <createDate>2017-01-25T04:45:56Z</createDate>
    <sponsors>
      <item>
        <lastName>Ross</lastName>
        <party>R</party>
        <state>FL</state>
        <bioguideId>R000593</bioguideId>
        <middleName>A.</middleName>
        <byRequestType />
        <fullName>Rep. Ross, Dennis A. [R-FL-15]</fullName>
        <firstName>Dennis</firstName>
        <district>15</district>
        <identifiers>
          <bioguideId>R000593</bioguideId>
          <lisID>2003</lisID>
          <gpoId>7884</gpoId>
        </identifiers>
      </item>
    </sponsors>
    <constitutionalAuthorityStatementText><![CDATA[<pre>From the Congressional Record Online through the Government Publishing Office [<a href='http://www.gpo.gov'>www.gpo.gov</a>]By Mr. ROSS:H.R. 693.Congress has the power to enact this legislation pursuantto the following:Fourteenth Amendment, Section 5[Page H689]</pre>]]></constitutionalAuthorityStatementText>
    <relatedBills />
    <laws />
    <titles>
      <item>
        <parentTitleType />
        <chamberCode />
        <chamberName />
        <titleType>(Extracted from GPO) Short Titles as Introduced</titleType>
        <title>Protecting Our Children Act</title>
      </item>
      <item>
        <parentTitleType />
        <chamberCode />
        <chamberName />
        <titleType>Short Titles as Introduced</titleType>
        <title>Protecting Our Children Act</title>
      </item>
      <item>
        <parentTitleType />
        <chamberCode />
        <chamberName />
        <titleType>Official Title as Introduced</titleType>
        <title>To amend the Employee Polygraph Protection Act of 1988 to provide an exemption from the protections of that Act with regard to certain prospective employees whose job would include caring for or interacting with children.</title>
      </item>
      <item>
        <parentTitleType />
        <chamberCode />
        <chamberName />
        <titleType>Display Title</titleType>
        <title>Protecting Our Children Act</title>
      </item>
    </titles>
    <summaries>
      <billSummaries>
        <item>
          <updateDate>2017-01-24T05:00:00Z</updateDate>
          <lastSummaryUpdateDate>2017-10-19T18:49:16Z</lastSummaryUpdateDate>
          <actionDate>2017-01-24</actionDate>
          <name>Introduced in House</name>
          <actionDesc>Introduced in House</actionDesc>
          <versionCode>00</versionCode>
          <text><![CDATA[<p><strong>Protecting Our Children Act</strong></p> <p> This bill amends the Employee Polygraph Protection Act of 1988 to exempt from its prohibition against lie detector use the employers of prospective employees who care for or supervise or interact with unsupervised children on a frequent basis.</p> <p> This bill requires such prospective employees to be given reasonable written notice of the date, time, and location of the polygraph test and of their right to consult with legal counsel or an employee representative before each phase of the test.</p>]]></text>
        </item>
      </billSummaries>
    </summaries>
  </bill>
  <dublinCore xmlns:dc="http://purl.org/dc/elements/1.1/">
    <dc:format>text/xml</dc:format>
    <dc:language>EN</dc:language>
    <dc:rights>Pursuant to Title 17 Section 105 of the United States Code, this file is not subject to copyright protection and is in the public domain.</dc:rights>
    <dc:contributor>Congressional Research Service, Library of Congress</dc:contributor>
    <dc:description>This file contains bill summaries and statuses for federal legislation. A bill summary describes the most significant provisions of a piece of legislation and details the effects the legislative text may have on current law and federal programs. Bill summaries are authored by the Congressional Research Service (CRS) of the Library of Congress. As stated in Public Law 91-510 (2 USC 166 (d)(6)), one of the duties of CRS is "to prepare summaries and digests of bills and resolutions of a public general nature introduced in the Senate or House of Representatives". For more information, refer to the User Guide that accompanies this file.</dc:description>
  </dublinCore>
</billStatus>

