<?xml version="1.0" encoding="UTF-8"?>
<billStatus>
  <bill>
    <titles>
      <item>
        <titleType>(Extracted from GPO) Short Titles as Introduced</titleType>
        <title>Cameras in the Courtroom Act</title>
        <chamberCode />
        <parentTitleType />
        <chamberName />
      </item>
      <item>
        <titleType>Short Titles as Introduced</titleType>
        <title>Cameras in the Courtroom Act</title>
        <chamberCode />
        <parentTitleType />
        <chamberName />
      </item>
      <item>
        <titleType>Official Title as Introduced</titleType>
        <title>To permit the televising of Supreme Court proceedings.</title>
        <chamberCode />
        <parentTitleType />
        <chamberName />
      </item>
      <item>
        <titleType>Display Title</titleType>
        <title>Cameras in the Courtroom Act</title>
        <chamberCode />
        <parentTitleType />
        <chamberName />
      </item>
    </titles>
    <committeeReports />
    <sponsors>
      <item>
        <firstName>Gerald</firstName>
        <middleName>E.</middleName>
        <identifiers>
          <lisID>1959</lisID>
          <gpoId>8202</gpoId>
          <bioguideId>C001078</bioguideId>
        </identifiers>
        <party>D</party>
        <bioguideId>C001078</bioguideId>
        <lastName>Connolly</lastName>
        <fullName>Rep. Connolly, Gerald E. [D-VA-11]</fullName>
        <byRequestType />
        <district>11</district>
        <state>VA</state>
      </item>
    </sponsors>
    <title>Cameras in the Courtroom Act</title>
    <actions>
      <actionByCounts>
        <houseOfRepresentatives>4</houseOfRepresentatives>
      </actionByCounts>
      <actionTypeCounts>
        <introducedInTheHouse>1</introducedInTheHouse>
        <placeholderTextForH>1</placeholderTextForH>
        <billReferrals>1</billReferrals>
        <introducedInHouse>1</introducedInHouse>
      </actionTypeCounts>
      <item>
        <actionDate>2017-02-06</actionDate>
        <committee>
          <name>Courts, Intellectual Property, and the Internet Subcommittee</name>
          <systemCode>hsju03</systemCode>
        </committee>
        <links />
        <sourceSystem>
          <code>1</code>
          <name>House committee actions</name>
        </sourceSystem>
        <text>Referred to the Subcommittee on Courts, Intellectual Property, and the Internet.</text>
        <type>Committee</type>
      </item>
      <item>
        <text>Referred to the House Committee on the Judiciary.</text>
        <links />
        <sourceSystem>
          <code>2</code>
          <name>House floor actions</name>
        </sourceSystem>
        <actionCode>H11100</actionCode>
        <type>IntroReferral</type>
        <committee>
          <name>Judiciary Committee</name>
          <systemCode>hsju00</systemCode>
        </committee>
        <actionDate>2017-01-12</actionDate>
      </item>
      <item>
        <text>Introduced in House</text>
        <links />
        <sourceSystem>
          <code>9</code>
          <name>Library of Congress</name>
        </sourceSystem>
        <actionCode>Intro-H</actionCode>
        <type>IntroReferral</type>
        <committee />
        <actionDate>2017-01-12</actionDate>
      </item>
      <item>
        <text>Introduced in House</text>
        <links />
        <sourceSystem>
          <code>9</code>
          <name>Library of Congress</name>
        </sourceSystem>
        <actionCode>1000</actionCode>
        <type>IntroReferral</type>
        <committee />
        <actionDate>2017-01-12</actionDate>
      </item>
    </actions>
    <summaries>
      <billSummaries>
        <item>
          <versionCode>00</versionCode>
          <text><![CDATA[<p><b>Cameras in the Courtroom Act</b></p> <p>This bill requires the Supreme Court to permit television coverage of all open sessions of the Court unless it decides by majority vote that allowing such coverage in a particular case would violate the due process rights of any of the parties involved.</p>]]></text>
          <actionDesc>Introduced in House</actionDesc>
          <actionDate>2017-01-12</actionDate>
          <lastSummaryUpdateDate>2017-02-15T19:55:23Z</lastSummaryUpdateDate>
          <name>Introduced in House</name>
          <updateDate>2017-01-12T05:00:00Z</updateDate>
        </item>
      </billSummaries>
    </summaries>
    <constitutionalAuthorityStatementText><![CDATA[<pre>From the Congressional Record Online through the Government Publishing Office [<a href='http://www.gpo.gov'>www.gpo.gov</a>]By Mr. CONNOLLY:H.R. 464.Congress has the power to enact this legislation pursuantto the following:The ``necessary and proper'' clause of Article I, Section 8of the United States Constitution.[Page H471]</pre>]]></constitutionalAuthorityStatementText>
    <billNumber>464</billNumber>
    <calendarNumbers />
    <originChamber>House</originChamber>
    <version>1.0.0</version>
    <subjects>
      <billSubjects>
        <policyArea>
          <name>Law</name>
        </policyArea>
        <legislativeSubjects>
          <item>
            <name>Broadcasting, cable, digital technologies</name>
          </item>
          <item>
            <name>Due process and equal protection</name>
          </item>
          <item>
            <name>Supreme Court</name>
          </item>
          <item>
            <name>Television and film</name>
          </item>
        </legislativeSubjects>
      </billSubjects>
    </subjects>
    <cosponsors>
      <item>
        <identifiers>
          <lisID>1802</lisID>
          <gpoId>8158</gpoId>
          <bioguideId>P000592</bioguideId>
        </identifiers>
        <sponsorshipDate>2017-01-12</sponsorshipDate>
        <district>2</district>
        <middleName />
        <sponsorshipWithdrawnDate />
        <fullName>Rep. Poe, Ted [R-TX-2]</fullName>
        <party>R</party>
        <firstName>Ted</firstName>
        <isOriginalCosponsor>True</isOriginalCosponsor>
        <lastName>Poe</lastName>
        <state>TX</state>
        <bioguideId>P000592</bioguideId>
      </item>
      <item>
        <identifiers>
          <bioguideId>C001066</bioguideId>
          <gpoId>7883</gpoId>
          <lisID>1839</lisID>
        </identifiers>
        <sponsorshipDate>2017-01-12</sponsorshipDate>
        <district>14</district>
        <middleName />
        <sponsorshipWithdrawnDate />
        <fullName>Rep. Castor, Kathy [D-FL-14]</fullName>
        <party>D</party>
        <firstName>Kathy</firstName>
        <isOriginalCosponsor>True</isOriginalCosponsor>
        <lastName>Castor</lastName>
        <state>FL</state>
        <bioguideId>C001066</bioguideId>
      </item>
      <item>
        <identifiers>
          <bioguideId>C001084</bioguideId>
          <lisID>2055</lisID>
          <gpoId>8139</gpoId>
        </identifiers>
        <sponsorshipDate>2017-01-12</sponsorshipDate>
        <district>1</district>
        <middleName>N.</middleName>
        <sponsorshipWithdrawnDate />
        <fullName>Rep. Cicilline, David N. [D-RI-1]</fullName>
        <party>D</party>
        <firstName>David</firstName>
        <isOriginalCosponsor>True</isOriginalCosponsor>
        <lastName>Cicilline</lastName>
        <state>RI</state>
        <bioguideId>C001084</bioguideId>
      </item>
      <item>
        <identifiers>
          <bioguideId>C001068</bioguideId>
          <gpoId>8156</gpoId>
          <lisID>1878</lisID>
        </identifiers>
        <sponsorshipDate>2017-01-12</sponsorshipDate>
        <district>9</district>
        <middleName />
        <sponsorshipWithdrawnDate />
        <fullName>Rep. Cohen, Steve [D-TN-9]</fullName>
        <party>D</party>
        <firstName>Steve</firstName>
        <isOriginalCosponsor>True</isOriginalCosponsor>
        <lastName>Cohen</lastName>
        <state>TN</state>
        <bioguideId>C001068</bioguideId>
      </item>
      <item>
        <identifiers>
          <lisID>1686</lisID>
          <bioguideId>L000562</bioguideId>
          <gpoId>7974</gpoId>
        </identifiers>
        <sponsorshipDate>2017-01-12</sponsorshipDate>
        <district>8</district>
        <middleName>F.</middleName>
        <sponsorshipWithdrawnDate />
        <fullName>Rep. Lynch, Stephen F. [D-MA-8]</fullName>
        <party>D</party>
        <firstName>Stephen</firstName>
        <isOriginalCosponsor>True</isOriginalCosponsor>
        <lastName>Lynch</lastName>
        <state>MA</state>
        <bioguideId>L000562</bioguideId>
      </item>
      <item>
        <identifiers>
          <bioguideId>N000002</bioguideId>
          <lisID>850</lisID>
          <gpoId>8069</gpoId>
        </identifiers>
        <sponsorshipDate>2017-01-12</sponsorshipDate>
        <district>10</district>
        <middleName />
        <sponsorshipWithdrawnDate />
        <fullName>Rep. Nadler, Jerrold [D-NY-10]</fullName>
        <party>D</party>
        <firstName>JERROLD</firstName>
        <isOriginalCosponsor>True</isOriginalCosponsor>
        <lastName>NADLER</lastName>
        <state>NY</state>
        <bioguideId>N000002</bioguideId>
      </item>
      <item>
        <identifiers>
          <lisID>868</lisID>
          <gpoId>7871</gpoId>
          <bioguideId>N000147</bioguideId>
        </identifiers>
        <sponsorshipDate>2017-01-12</sponsorshipDate>
        <district>0</district>
        <middleName>HOLMES</middleName>
        <sponsorshipWithdrawnDate />
        <fullName>Rep. Norton, Eleanor Holmes [D-DC-At Large]</fullName>
        <party>D</party>
        <firstName>ELEANOR</firstName>
        <isOriginalCosponsor>True</isOriginalCosponsor>
        <lastName>NORTON</lastName>
        <state>DC</state>
        <bioguideId>N000147</bioguideId>
      </item>
      <item>
        <identifiers>
          <lisID>1967</lisID>
          <bioguideId>Q000023</bioguideId>
          <gpoId>7925</gpoId>
        </identifiers>
        <sponsorshipDate>2017-01-12</sponsorshipDate>
        <district>5</district>
        <middleName />
        <sponsorshipWithdrawnDate />
        <fullName>Rep. Quigley, Mike [D-IL-5]</fullName>
        <party>D</party>
        <firstName>Mike</firstName>
        <isOriginalCosponsor>True</isOriginalCosponsor>
        <lastName>Quigley</lastName>
        <state>IL</state>
        <bioguideId>Q000023</bioguideId>
      </item>
      <item>
        <identifiers>
          <lisID>1853</lisID>
          <bioguideId>Y000062</bioguideId>
          <gpoId>7955</gpoId>
        </identifiers>
        <sponsorshipDate>2017-01-12</sponsorshipDate>
        <district>3</district>
        <middleName>A.</middleName>
        <sponsorshipWithdrawnDate />
        <fullName>Rep. Yarmuth, John A. [D-KY-3]</fullName>
        <party>D</party>
        <firstName>John</firstName>
        <isOriginalCosponsor>True</isOriginalCosponsor>
        <lastName>Yarmuth</lastName>
        <state>KY</state>
        <bioguideId>Y000062</bioguideId>
      </item>
      <item>
        <identifiers>
          <gpoId>8005</gpoId>
          <lisID>1857</lisID>
          <bioguideId>E000288</bioguideId>
        </identifiers>
        <sponsorshipDate>2017-01-24</sponsorshipDate>
        <district>5</district>
        <middleName />
        <sponsorshipWithdrawnDate />
        <fullName>Rep. Ellison, Keith [D-MN-5]</fullName>
        <party>D</party>
        <firstName>Keith</firstName>
        <isOriginalCosponsor>False</isOriginalCosponsor>
        <lastName>Ellison</lastName>
        <state>MN</state>
        <bioguideId>E000288</bioguideId>
      </item>
      <item>
        <identifiers>
          <bioguideId>G000551</bioguideId>
          <gpoId>7804</gpoId>
          <lisID>1708</lisID>
        </identifiers>
        <sponsorshipDate>2017-02-21</sponsorshipDate>
        <district>3</district>
        <middleName>M.</middleName>
        <sponsorshipWithdrawnDate />
        <fullName>Rep. Grijalva, Raul M. [D-AZ-3]</fullName>
        <party>D</party>
        <firstName>Raul</firstName>
        <isOriginalCosponsor>False</isOriginalCosponsor>
        <lastName>Grijalva</lastName>
        <state>AZ</state>
        <bioguideId>G000551</bioguideId>
      </item>
    </cosponsors>
    <latestAction>
      <text>Referred to the Subcommittee on Courts, Intellectual Property, and the Internet.</text>
      <links />
      <actionDate>2017-02-06</actionDate>
    </latestAction>
    <laws />
    <notes />
    <createDate>2017-01-13T04:55:31Z</createDate>
    <billType>HR</billType>
    <updateDate>2018-02-06T16:40:48Z</updateDate>
    <relatedBills>
      <item>
        <congress>115</congress>
        <latestAction>
          <actionDate>2017-03-15</actionDate>
          <text>Read twice and referred to the Committee on the Judiciary. (text of measure as introduced: CR S1846)</text>
        </latestAction>
        <type>S</type>
        <latestTitle>Cameras in the Courtroom Act</latestTitle>
        <number>649</number>
        <relationshipDetails>
          <item>
            <type>Identical bill</type>
            <identifiedBy>CRS</identifiedBy>
          </item>
        </relationshipDetails>
      </item>
    </relatedBills>
    <cboCostEstimates />
    <introducedDate>2017-01-12</introducedDate>
    <amendments />
    <policyArea>
      <name>Law</name>
    </policyArea>
    <recordedVotes />
    <congress>115</congress>
    <committees>
      <billCommittees>
        <item>
          <subcommittees>
            <item>
              <name>Courts, Intellectual Property, and the Internet Subcommittee</name>
              <systemCode>hsju03</systemCode>
              <activities>
                <item>
                  <name>Referred to</name>
                  <date>2017-02-06T22:33:57Z</date>
                </item>
              </activities>
            </item>
          </subcommittees>
          <type>Standing</type>
          <systemCode>hsju00</systemCode>
          <activities>
            <item>
              <name>Referred to</name>
              <date>2017-01-12T15:01:20Z</date>
            </item>
          </activities>
          <name>Judiciary Committee</name>
          <chamber>House</chamber>
        </item>
      </billCommittees>
    </committees>
  </bill>
  <dublinCore xmlns:dc="http://purl.org/dc/elements/1.1/">
    <dc:format>text/xml</dc:format>
    <dc:language>EN</dc:language>
    <dc:rights>Pursuant to Title 17 Section 105 of the United States Code, this file is not subject to copyright protection and is in the public domain.</dc:rights>
    <dc:contributor>Congressional Research Service, Library of Congress</dc:contributor>
    <dc:description>This file contains bill summaries and statuses for federal legislation. A bill summary describes the most significant provisions of a piece of legislation and details the effects the legislative text may have on current law and federal programs. Bill summaries are authored by the Congressional Research Service (CRS) of the Library of Congress. As stated in Public Law 91-510 (2 USC 166 (d)(6)), one of the duties of CRS is "to prepare summaries and digests of bills and resolutions of a public general nature introduced in the Senate or House of Representatives". For more information, refer to the User Guide that accompanies this file.</dc:description>
  </dublinCore>
</billStatus>

