<?xml version="1.0" encoding="UTF-8"?>
<billStatus>
  <bill>
    <policyArea>
      <name>Science, Technology, Communications</name>
    </policyArea>
    <introducedDate>2017-01-24</introducedDate>
    <cosponsors>
      <item>
        <isOriginalCosponsor>True</isOriginalCosponsor>
        <fullName>Rep. Welch, Peter [D-VT-At Large]</fullName>
        <middleName />
        <sponsorshipDate>2017-01-24</sponsorshipDate>
        <bioguideId>W000800</bioguideId>
        <lastName>Welch</lastName>
        <party>D</party>
        <district>0</district>
        <firstName>Peter</firstName>
        <state>VT</state>
        <identifiers>
          <gpoId>8204</gpoId>
          <lisID>1879</lisID>
          <bioguideId>W000800</bioguideId>
        </identifiers>
        <sponsorshipWithdrawnDate />
      </item>
      <item>
        <isOriginalCosponsor>False</isOriginalCosponsor>
        <fullName>Rep. Meehan, Patrick [R-PA-7]</fullName>
        <middleName />
        <sponsorshipDate>2017-02-13</sponsorshipDate>
        <bioguideId>M001181</bioguideId>
        <lastName>Meehan</lastName>
        <party>R</party>
        <district>7</district>
        <firstName>Patrick</firstName>
        <state>PA</state>
        <identifiers>
          <lisID>2052</lisID>
          <gpoId>8125</gpoId>
          <bioguideId>M001181</bioguideId>
        </identifiers>
        <sponsorshipWithdrawnDate />
      </item>
      <item>
        <isOriginalCosponsor>False</isOriginalCosponsor>
        <fullName>Rep. Gabbard, Tulsi [D-HI-2]</fullName>
        <middleName />
        <sponsorshipDate>2017-02-27</sponsorshipDate>
        <bioguideId>G000571</bioguideId>
        <lastName>Gabbard</lastName>
        <party>D</party>
        <district>2</district>
        <firstName>Tulsi</firstName>
        <state>HI</state>
        <identifiers>
          <lisID>2122</lisID>
          <bioguideId>G000571</bioguideId>
          <gpoId />
        </identifiers>
        <sponsorshipWithdrawnDate />
      </item>
      <item>
        <isOriginalCosponsor>False</isOriginalCosponsor>
        <fullName>Rep. Kilmer, Derek [D-WA-6]</fullName>
        <middleName />
        <sponsorshipDate>2017-04-25</sponsorshipDate>
        <bioguideId>K000381</bioguideId>
        <lastName>Kilmer</lastName>
        <party>D</party>
        <district>6</district>
        <firstName>Derek</firstName>
        <state>WA</state>
        <identifiers>
          <lisID>2169</lisID>
          <bioguideId>K000381</bioguideId>
          <gpoId />
        </identifiers>
        <sponsorshipWithdrawnDate />
      </item>
      <item>
        <isOriginalCosponsor>False</isOriginalCosponsor>
        <fullName>Rep. Eshoo, Anna G. [D-CA-18]</fullName>
        <middleName>G.</middleName>
        <sponsorshipDate>2017-10-04</sponsorshipDate>
        <bioguideId>E000215</bioguideId>
        <lastName>ESHOO</lastName>
        <party>D</party>
        <district>18</district>
        <firstName>ANNA</firstName>
        <state>CA</state>
        <identifiers>
          <lisID>355</lisID>
          <gpoId>7819</gpoId>
          <bioguideId>E000215</bioguideId>
        </identifiers>
        <sponsorshipWithdrawnDate />
      </item>
    </cosponsors>
    <titles>
      <item>
        <chamberCode />
        <title>Developing Innovation and Growing the Internet of Things Act</title>
        <titleType>(Extracted from GPO) Short Titles as Introduced</titleType>
        <parentTitleType />
        <chamberName />
      </item>
      <item>
        <chamberCode />
        <title>DIGIT Act</title>
        <titleType>Short Titles as Introduced</titleType>
        <parentTitleType />
        <chamberName />
      </item>
      <item>
        <chamberCode />
        <title>Developing Innovation and Growing the Internet of Things Act</title>
        <titleType>Short Titles as Introduced</titleType>
        <parentTitleType />
        <chamberName />
      </item>
      <item>
        <chamberCode />
        <title>To ensure appropriate spectrum planning and interagency coordination to support the Internet of Things.</title>
        <titleType>Official Title as Introduced</titleType>
        <parentTitleType />
        <chamberName />
      </item>
      <item>
        <chamberCode />
        <title>DIGIT Act</title>
        <titleType>Display Title</titleType>
        <parentTitleType />
        <chamberName />
      </item>
    </titles>
    <congress>115</congress>
    <recordedVotes />
    <amendments />
    <laws />
    <cboCostEstimates />
    <actions>
      <actionTypeCounts>
        <introducedInTheHouse>1</introducedInTheHouse>
        <billReferrals>1</billReferrals>
        <introducedInHouse>1</introducedInHouse>
      </actionTypeCounts>
      <item>
        <type>IntroReferral</type>
        <links />
        <text>Referred to the House Committee on Energy and Commerce.</text>
        <committee>
          <systemCode>hsif00</systemCode>
          <name>Energy and Commerce Committee</name>
        </committee>
        <actionDate>2017-01-24</actionDate>
        <sourceSystem>
          <name>House floor actions</name>
          <code>2</code>
        </sourceSystem>
        <actionCode>H11100</actionCode>
      </item>
      <item>
        <type>IntroReferral</type>
        <links />
        <text>Introduced in House</text>
        <committee />
        <actionDate>2017-01-24</actionDate>
        <sourceSystem>
          <name>Library of Congress</name>
          <code>9</code>
        </sourceSystem>
        <actionCode>Intro-H</actionCode>
      </item>
      <item>
        <type>IntroReferral</type>
        <links />
        <text>Introduced in House</text>
        <committee />
        <actionDate>2017-01-24</actionDate>
        <sourceSystem>
          <name>Library of Congress</name>
          <code>9</code>
        </sourceSystem>
        <actionCode>1000</actionCode>
      </item>
      <actionByCounts>
        <houseOfRepresentatives>3</houseOfRepresentatives>
      </actionByCounts>
    </actions>
    <updateDate>2018-02-06T16:41:05Z</updateDate>
    <summaries>
      <billSummaries>
        <item>
          <updateDate>2017-01-24T05:00:00Z</updateDate>
          <actionDesc>Introduced in House</actionDesc>
          <versionCode>00</versionCode>
          <name>Introduced in House</name>
          <text><![CDATA[<p><b>Developing Innovation and Growing the Internet of Things Act or the DIGIT Act</b></p> <p>This bill requires the Department of Commerce to convene a working group of federal stakeholders to provide recommendations and a report to Congress regarding the growing number of connected and interconnected devices known as the Internet of Things (IoT). The bill establishes a steering committee to be composed of stakeholders outside the federal government to advise the working group.</p> <p>The Federal Communications Commission must: (1) seek public comment on the IoT's spectrum needs, regulatory barriers, and growth with licensed and unlicensed spectrum; and (2) submit a summary of those comments to Congress.</p>]]></text>
          <lastSummaryUpdateDate>2017-02-23T16:15:36Z</lastSummaryUpdateDate>
          <actionDate>2017-01-24</actionDate>
        </item>
      </billSummaries>
    </summaries>
    <title>DIGIT Act</title>
    <calendarNumbers />
    <originChamber>House</originChamber>
    <constitutionalAuthorityStatementText><![CDATA[<pre>From the Congressional Record Online through the Government Publishing Office [<a href='http://www.gpo.gov'>www.gpo.gov</a>]By Mr. PAULSEN:H.R. 686.Congress has the power to enact this legislation pursuantto the following:Article I, Section 8, Clause 3 of the United StatesConstitution.[Page H689]</pre>]]></constitutionalAuthorityStatementText>
    <notes />
    <billType>HR</billType>
    <committees>
      <billCommittees>
        <item>
          <type>Standing</type>
          <systemCode>hsif00</systemCode>
          <subcommittees />
          <activities>
            <item>
              <date>2017-01-24T15:02:15Z</date>
              <name>Referred to</name>
            </item>
          </activities>
          <chamber>House</chamber>
          <name>Energy and Commerce Committee</name>
        </item>
      </billCommittees>
    </committees>
    <latestAction>
      <text>Referred to the House Committee on Energy and Commerce.</text>
      <actionDate>2017-01-24</actionDate>
      <links />
    </latestAction>
    <committeeReports />
    <billNumber>686</billNumber>
    <sponsors>
      <item>
        <byRequestType />
        <state>MN</state>
        <bioguideId>P000594</bioguideId>
        <identifiers>
          <lisID>1930</lisID>
          <bioguideId>P000594</bioguideId>
          <gpoId>8003</gpoId>
        </identifiers>
        <fullName>Rep. Paulsen, Erik [R-MN-3]</fullName>
        <district>3</district>
        <lastName>Paulsen</lastName>
        <firstName>Erik</firstName>
        <middleName />
        <party>R</party>
      </item>
    </sponsors>
    <subjects>
      <billSubjects>
        <policyArea>
          <name>Science, Technology, Communications</name>
        </policyArea>
        <legislativeSubjects>
          <item>
            <name>Administrative law and regulatory procedures</name>
          </item>
          <item>
            <name>Advisory bodies</name>
          </item>
          <item>
            <name>Computer security and identity theft</name>
          </item>
          <item>
            <name>Digital media</name>
          </item>
          <item>
            <name>Federal Communications Commission (FCC)</name>
          </item>
          <item>
            <name>International organizations and cooperation</name>
          </item>
          <item>
            <name>Internet and video services</name>
          </item>
          <item>
            <name>Right of privacy</name>
          </item>
        </legislativeSubjects>
      </billSubjects>
    </subjects>
    <createDate>2017-01-25T04:45:56Z</createDate>
    <version>1.0.0</version>
    <relatedBills>
      <item>
        <number>88</number>
        <latestTitle>DIGIT Act</latestTitle>
        <type>S</type>
        <relationshipDetails>
          <item>
            <identifiedBy>CRS</identifiedBy>
            <type>Identical bill</type>
          </item>
        </relationshipDetails>
        <congress>115</congress>
        <latestAction>
          <text>Referred to the Subcommittee on Communications and Technology.</text>
          <actionDate>2017-08-11</actionDate>
        </latestAction>
      </item>
    </relatedBills>
  </bill>
  <dublinCore xmlns:dc="http://purl.org/dc/elements/1.1/">
    <dc:format>text/xml</dc:format>
    <dc:language>EN</dc:language>
    <dc:rights>Pursuant to Title 17 Section 105 of the United States Code, this file is not subject to copyright protection and is in the public domain.</dc:rights>
    <dc:contributor>Congressional Research Service, Library of Congress</dc:contributor>
    <dc:description>This file contains bill summaries and statuses for federal legislation. A bill summary describes the most significant provisions of a piece of legislation and details the effects the legislative text may have on current law and federal programs. Bill summaries are authored by the Congressional Research Service (CRS) of the Library of Congress. As stated in Public Law 91-510 (2 USC 166 (d)(6)), one of the duties of CRS is "to prepare summaries and digests of bills and resolutions of a public general nature introduced in the Senate or House of Representatives". For more information, refer to the User Guide that accompanies this file.</dc:description>
  </dublinCore>
</billStatus>

