<?xml version="1.0" encoding="UTF-8"?>
<billStatus>
  <bill>
    <amendments />
    <createDate>2017-01-14T04:47:33Z</createDate>
    <notes />
    <relatedBills>
      <item>
        <latestTitle>Kennesaw Mountain National Battlefield Park Boundary Adjustment Act</latestTitle>
        <congress>115</congress>
        <number>136</number>
        <type>S</type>
        <relationshipDetails>
          <item>
            <type>Identical bill</type>
            <identifiedBy>CRS</identifiedBy>
          </item>
        </relationshipDetails>
        <latestAction>
          <text>Read twice and referred to the Committee on Energy and Natural Resources.</text>
          <actionDate>2017-01-12</actionDate>
        </latestAction>
      </item>
    </relatedBills>
    <sponsors>
      <item>
        <lastName>Loudermilk</lastName>
        <firstName>Barry</firstName>
        <fullName>Rep. Loudermilk, Barry [R-GA-11]</fullName>
        <state>GA</state>
        <byRequestType />
        <party>R</party>
        <identifiers>
          <bioguideId>L000583</bioguideId>
          <lisID>2238</lisID>
          <gpoId />
        </identifiers>
        <district>11</district>
        <bioguideId>L000583</bioguideId>
        <middleName />
      </item>
    </sponsors>
    <originChamber>House</originChamber>
    <constitutionalAuthorityStatementText><![CDATA[<pre>From the Congressional Record Online through the Government Publishing Office [<a href='http://www.gpo.gov'>www.gpo.gov</a>]By Mr. LOUDERMILK:H.R. 558.Congress has the power to enact this legislation pursuantto the following:Article IV, Section 3, Clause 2: The Congress shall havePower to dispose of and make all needful Rules andRegulations respecting the Territory or other Propertybelonging to the United States; and nothing in thisConstitution shall be so construed as to Prejudice any Claimsof the United States, or of any particular State.[Page H548]</pre>]]></constitutionalAuthorityStatementText>
    <committees>
      <billCommittees>
        <item>
          <systemCode>sseg00</systemCode>
          <type>Standing</type>
          <subcommittees />
          <chamber>Senate</chamber>
          <name>Energy and Natural Resources Committee</name>
          <activities>
            <item>
              <name>Reported by</name>
              <date>2017-05-16T15:08:43Z</date>
            </item>
            <item>
              <name>Markup by</name>
              <date>2017-03-30T13:30:00Z</date>
            </item>
            <item>
              <name>Referred to</name>
              <date>2017-02-01T23:33:17Z</date>
            </item>
          </activities>
        </item>
        <item>
          <systemCode>hsii00</systemCode>
          <type>Standing</type>
          <subcommittees />
          <chamber>House</chamber>
          <name>Natural Resources Committee</name>
          <activities>
            <item>
              <name>Referred to</name>
              <date>2017-01-13T14:06:10Z</date>
            </item>
          </activities>
        </item>
      </billCommittees>
    </committees>
    <version>1.0.0</version>
    <calendarNumbers>
      <item>
        <number>0086</number>
        <calendar>Senate Calendar of Business</calendar>
      </item>
    </calendarNumbers>
    <introducedDate>2017-01-13</introducedDate>
    <summaries>
      <billSummaries>
        <item>
          <updateDate>2017-01-13T05:00:00Z</updateDate>
          <actionDesc>Introduced in House</actionDesc>
          <text><![CDATA[<p><b>Kennesaw Mountain National Battlefield Park Boundary Adjustment Act</b></p> <p>This bill modifies the boundary of the Kennesaw Mountain National Battlefield Park in Georgia to include approximately eight acres identified as Wallis House and Harriston Hill. </p> <p> The Department of the Interior may acquire land or interests, by donation or exchange, from willing sellers only.</p> <p> The written consent of property owners is required before the land is included in the park. Interior may not acquire the land by condemnation. </p> <p>]]></text>
          <lastSummaryUpdateDate>2017-02-22T15:38:24Z</lastSummaryUpdateDate>
          <name>Introduced in House</name>
          <actionDate>2017-01-13</actionDate>
          <versionCode>00</versionCode>
        </item>
        <item>
          <updateDate>2017-01-30T14:29:37Z</updateDate>
          <actionDesc>Passed House without amendment</actionDesc>
          <text><![CDATA[<p>(This measure has not been amended since it was introduced. The summary has been expanded because action occurred on the measure.)</p> <p><b>Kennesaw Mountain National Battlefield Park Boundary Adjustment Act</b></p> <p>(Sec. 3) This bill modifies the boundary of the Kennesaw Mountain National Battlefield Park in Georgia to include approximately eight acres identified as Wallis House and Harriston Hill. </p> <p> The Department of the Interior may acquire land or interests, by donation or exchange, from willing owners only.</p> <p> The written consent of property owners is required before the land is included in the park. Interior may not acquire the land by condemnation. </p> <p>]]></text>
          <lastSummaryUpdateDate>2017-03-15T20:22:59Z</lastSummaryUpdateDate>
          <name>Passed House without amendment</name>
          <actionDate>2017-01-30</actionDate>
          <versionCode>81</versionCode>
        </item>
        <item>
          <updateDate>2017-05-16T12:33:13Z</updateDate>
          <actionDesc>Reported to Senate with amendment(s)</actionDesc>
          <text><![CDATA[<p><b>Kennesaw Mountain National Battlefield Park Boundary Adjustment Act</b></p> <p>(Sec. 3) This bill modifies the boundary of the Kennesaw Mountain National Battlefield Park in Georgia to include approximately eight acres of land or interests in land identified as Wallis House and Harriston Hill. </p> <p> The Department of the Interior may acquire such land or interests by donation, purchase from willing sellers, or exchange.</p> <p>Interior shall administer acquired lands and interests as part of the park. </p> <p>]]></text>
          <lastSummaryUpdateDate>2017-11-30T15:18:36Z</lastSummaryUpdateDate>
          <name>Reported to Senate with amendment(s)</name>
          <actionDate>2017-05-16</actionDate>
          <versionCode>01</versionCode>
        </item>
      </billSummaries>
    </summaries>
    <cosponsors>
      <item>
        <district>8</district>
        <bioguideId>S001189</bioguideId>
        <lastName>Scott</lastName>
        <fullName>Rep. Scott, Austin [R-GA-8]</fullName>
        <sponsorshipDate>2017-01-13</sponsorshipDate>
        <sponsorshipWithdrawnDate />
        <state>GA</state>
        <middleName />
        <firstName>Austin</firstName>
        <isOriginalCosponsor>True</isOriginalCosponsor>
        <party>R</party>
        <identifiers>
          <bioguideId>S001189</bioguideId>
          <lisID>2009</lisID>
          <gpoId>7905</gpoId>
        </identifiers>
      </item>
      <item>
        <district>2</district>
        <bioguideId>B000490</bioguideId>
        <lastName>BISHOP</lastName>
        <fullName>Rep. Bishop, Sanford D., Jr. [D-GA-2]</fullName>
        <sponsorshipDate>2017-01-13</sponsorshipDate>
        <sponsorshipWithdrawnDate />
        <state>GA</state>
        <middleName>D.</middleName>
        <firstName>SANFORD</firstName>
        <isOriginalCosponsor>True</isOriginalCosponsor>
        <party>D</party>
        <identifiers>
          <bioguideId>B000490</bioguideId>
          <gpoId>7899</gpoId>
          <lisID>91</lisID>
        </identifiers>
      </item>
      <item>
        <district>7</district>
        <bioguideId>W000810</bioguideId>
        <lastName>Woodall</lastName>
        <fullName>Rep. Woodall, Rob [R-GA-7]</fullName>
        <sponsorshipDate>2017-01-13</sponsorshipDate>
        <sponsorshipWithdrawnDate />
        <state>GA</state>
        <middleName />
        <firstName>Rob</firstName>
        <isOriginalCosponsor>True</isOriginalCosponsor>
        <party>R</party>
        <identifiers>
          <gpoId>7904</gpoId>
          <bioguideId>W000810</bioguideId>
          <lisID>2008</lisID>
        </identifiers>
      </item>
      <item>
        <district>4</district>
        <bioguideId>J000288</bioguideId>
        <lastName>Johnson</lastName>
        <fullName>Rep. Johnson, Henry C. "Hank," Jr. [D-GA-4]</fullName>
        <sponsorshipDate>2017-01-13</sponsorshipDate>
        <sponsorshipWithdrawnDate />
        <state>GA</state>
        <middleName>C. "Hank"</middleName>
        <firstName>Henry</firstName>
        <isOriginalCosponsor>True</isOriginalCosponsor>
        <party>D</party>
        <identifiers>
          <bioguideId>J000288</bioguideId>
          <gpoId>7901</gpoId>
          <lisID>1843</lisID>
        </identifiers>
      </item>
      <item>
        <district>1</district>
        <bioguideId>C001103</bioguideId>
        <lastName>Carter</lastName>
        <fullName>Rep. Carter, Earl L. "Buddy" [R-GA-1]</fullName>
        <sponsorshipDate>2017-01-13</sponsorshipDate>
        <sponsorshipWithdrawnDate />
        <state>GA</state>
        <middleName>L. "Buddy"</middleName>
        <firstName>Earl</firstName>
        <isOriginalCosponsor>True</isOriginalCosponsor>
        <party>R</party>
        <identifiers>
          <gpoId />
          <bioguideId>C001103</bioguideId>
          <lisID>2236</lisID>
        </identifiers>
      </item>
      <item>
        <district>10</district>
        <bioguideId>H001071</bioguideId>
        <lastName>Hice</lastName>
        <fullName>Rep. Hice, Jody B. [R-GA-10]</fullName>
        <sponsorshipDate>2017-01-13</sponsorshipDate>
        <sponsorshipWithdrawnDate />
        <state>GA</state>
        <middleName>B.</middleName>
        <firstName>Jody</firstName>
        <isOriginalCosponsor>True</isOriginalCosponsor>
        <party>R</party>
        <identifiers>
          <bioguideId>H001071</bioguideId>
          <gpoId />
          <lisID>2237</lisID>
        </identifiers>
      </item>
      <item>
        <district>12</district>
        <bioguideId>A000372</bioguideId>
        <lastName>Allen</lastName>
        <fullName>Rep. Allen, Rick W. [R-GA-12]</fullName>
        <sponsorshipDate>2017-01-13</sponsorshipDate>
        <sponsorshipWithdrawnDate />
        <state>GA</state>
        <middleName>W.</middleName>
        <firstName>Rick</firstName>
        <isOriginalCosponsor>True</isOriginalCosponsor>
        <party>R</party>
        <identifiers>
          <bioguideId>A000372</bioguideId>
          <gpoId />
          <lisID>2239</lisID>
        </identifiers>
      </item>
    </cosponsors>
    <recordedVotes />
    <laws />
    <committeeReports>
      <committeeReport>
        <citation>S. Rept. 115-68</citation>
      </committeeReport>
    </committeeReports>
    <policyArea>
      <name>Public Lands and Natural Resources</name>
    </policyArea>
    <billNumber>558</billNumber>
    <title>Kennesaw Mountain National Battlefield Park Boundary Adjustment Act</title>
    <subjects>
      <billSubjects>
        <legislativeSubjects>
          <item>
            <name>Conflicts and wars</name>
          </item>
          <item>
            <name>Georgia</name>
          </item>
          <item>
            <name>Land transfers</name>
          </item>
          <item>
            <name>Military history</name>
          </item>
          <item>
            <name>Parks, recreation areas, trails</name>
          </item>
        </legislativeSubjects>
        <policyArea>
          <name>Public Lands and Natural Resources</name>
        </policyArea>
      </billSubjects>
    </subjects>
    <billType>HR</billType>
    <actions>
      <actionTypeCounts>
        <billReferrals>1</billReferrals>
        <introducedInSenate>1</introducedInSenate>
        <motionMadeToSuspendTheRules>1</motionMadeToSuspendTheRules>
        <generalDebate>1</generalDebate>
        <motionToReconsiderResults>1</motionToReconsiderResults>
        <passedAgreedToInHouse>1</passedAgreedToInHouse>
        <finalPassageUnderSuspensionOfTheRulesResults>1</finalPassageUnderSuspensionOfTheRulesResults>
        <referredToCommittee>1</referredToCommittee>
        <introducedInHouse>1</introducedInHouse>
        <introducedInTheHouse>1</introducedInTheHouse>
        <placedOnCalendarGeneralOrders>1</placedOnCalendarGeneralOrders>
        <reportedToSenate>2</reportedToSenate>
        <orderedReported>1</orderedReported>
        <considerationByHouse>1</considerationByHouse>
      </actionTypeCounts>
      <item>
        <actionDate>2017-05-16</actionDate>
        <committee />
        <links />
        <sourceSystem>
          <code>0</code>
          <name>Senate</name>
        </sourceSystem>
        <text>Placed on Senate Legislative Calendar under General Orders. Calendar No. 86.</text>
        <type>Calendars</type>
      </item>
      <item>
        <actionDate>2017-05-16</actionDate>
        <committee>
          <systemCode>sseg00</systemCode>
          <name>Energy and Natural Resources Committee</name>
        </committee>
        <links>
          <link>
            <name>report No. 115-68</name>
            <url>https://www.congress.gov/congressional-report/115th-congress/senate-report/68</url>
          </link>
        </links>
        <sourceSystem>
          <code>0</code>
          <name>Senate</name>
        </sourceSystem>
        <text>Committee on Energy and Natural Resources. Reported by Senator Murkowski with an amendment in the nature of a substitute. With written report No. 115-68.</text>
        <type>Committee</type>
      </item>
      <item>
        <committee>
          <systemCode>sseg00</systemCode>
          <name>Energy and Natural Resources Committee</name>
        </committee>
        <sourceSystem>
          <code>9</code>
          <name>Library of Congress</name>
        </sourceSystem>
        <actionDate>2017-05-16</actionDate>
        <text>Committee on Energy and Natural Resources. Reported by Senator Murkowski with an amendment in the nature of a substitute. With written report No. 115-68.</text>
        <links>
          <link>
            <name>report No. 115-68</name>
            <url>https://www.congress.gov/congressional-report/115th-congress/senate-report/68</url>
          </link>
        </links>
        <type>Committee</type>
        <actionCode>14000</actionCode>
      </item>
      <item>
        <actionDate>2017-03-30</actionDate>
        <committee>
          <systemCode>sseg00</systemCode>
          <name>Energy and Natural Resources Committee</name>
        </committee>
        <links />
        <sourceSystem>
          <code>0</code>
          <name>Senate</name>
        </sourceSystem>
        <text>Committee on Energy and Natural Resources. Ordered to be reported with an amendment in the nature of a substitute favorably.</text>
        <type>Committee</type>
      </item>
      <item>
        <actionDate>2017-02-01</actionDate>
        <committee>
          <systemCode>sseg00</systemCode>
          <name>Energy and Natural Resources Committee</name>
        </committee>
        <links />
        <sourceSystem>
          <code>0</code>
          <name>Senate</name>
        </sourceSystem>
        <text>Read twice and referred to the Committee on Energy and Natural Resources.</text>
        <type>IntroReferral</type>
      </item>
      <item>
        <actionDate>2017-01-31</actionDate>
        <committee />
        <links />
        <sourceSystem>
          <code>0</code>
          <name>Senate</name>
        </sourceSystem>
        <text>Received in the Senate.</text>
        <type>IntroReferral</type>
      </item>
      <item>
        <committee />
        <actionCode>H38310</actionCode>
        <sourceSystem>
          <code>2</code>
          <name>House floor actions</name>
        </sourceSystem>
        <actionDate>2017-01-30</actionDate>
        <text>Motion to reconsider laid on the table Agreed to without objection.</text>
        <links />
        <type>Floor</type>
        <actionTime>17:20:00</actionTime>
      </item>
      <item>
        <committee />
        <actionCode>H37300</actionCode>
        <sourceSystem>
          <code>2</code>
          <name>House floor actions</name>
        </sourceSystem>
        <actionDate>2017-01-30</actionDate>
        <text>On motion to suspend the rules and pass the bill Agreed to by voice vote. (text: CR H716)</text>
        <links>
          <link>
            <name>H716</name>
            <url>https://www.congress.gov/congressional-record/volume-163/house-section/page/H716</url>
          </link>
        </links>
        <type>Floor</type>
        <actionTime>17:19:59</actionTime>
      </item>
      <item>
        <committee />
        <actionCode>8000</actionCode>
        <sourceSystem>
          <code>9</code>
          <name>Library of Congress</name>
        </sourceSystem>
        <actionDate>2017-01-30</actionDate>
        <text>Passed/agreed to in House: On motion to suspend the rules and pass the bill Agreed to by voice vote.(text: CR H716)</text>
        <links>
          <link>
            <name>H716</name>
            <url>https://www.congress.gov/congressional-record/volume-163/house-section/page/H716</url>
          </link>
        </links>
        <type>Floor</type>
        <actionTime>17:19:59</actionTime>
      </item>
      <item>
        <committee />
        <actionCode>H8D000</actionCode>
        <sourceSystem>
          <code>2</code>
          <name>House floor actions</name>
        </sourceSystem>
        <actionDate>2017-01-30</actionDate>
        <text>DEBATE - The House proceeded with forty minutes of debate on H.R. 558.</text>
        <links>
          <link>
            <name>H.R. 558</name>
            <url>https://www.congress.gov/bill/115th-congress/house-bill/558</url>
          </link>
        </links>
        <type>Floor</type>
        <actionTime>17:11:49</actionTime>
      </item>
      <item>
        <committee />
        <actionCode>H30000</actionCode>
        <sourceSystem>
          <code>2</code>
          <name>House floor actions</name>
        </sourceSystem>
        <actionDate>2017-01-30</actionDate>
        <text>Considered under suspension of the rules. (consideration: CR H716-717)</text>
        <links>
          <link>
            <name>H716-717</name>
            <url>https://www.congress.gov/congressional-record/volume-163/house-section/page/H716-717</url>
          </link>
        </links>
        <type>Floor</type>
        <actionTime>17:11:48</actionTime>
      </item>
      <item>
        <committee />
        <actionCode>H30300</actionCode>
        <sourceSystem>
          <code>2</code>
          <name>House floor actions</name>
        </sourceSystem>
        <actionDate>2017-01-30</actionDate>
        <text>Mr. McClintock moved to suspend the rules and pass the bill.</text>
        <links />
        <type>Floor</type>
        <actionTime>17:11:36</actionTime>
      </item>
      <item>
        <committee>
          <systemCode>hsii00</systemCode>
          <name>Natural Resources Committee</name>
        </committee>
        <sourceSystem>
          <code>2</code>
          <name>House floor actions</name>
        </sourceSystem>
        <actionDate>2017-01-13</actionDate>
        <text>Referred to the House Committee on Natural Resources.</text>
        <links />
        <type>IntroReferral</type>
        <actionCode>H11100</actionCode>
      </item>
      <item>
        <committee />
        <sourceSystem>
          <code>9</code>
          <name>Library of Congress</name>
        </sourceSystem>
        <actionDate>2017-01-13</actionDate>
        <text>Introduced in House</text>
        <links />
        <type>IntroReferral</type>
        <actionCode>Intro-H</actionCode>
      </item>
      <item>
        <committee />
        <sourceSystem>
          <code>9</code>
          <name>Library of Congress</name>
        </sourceSystem>
        <actionDate>2017-01-13</actionDate>
        <text>Introduced in House</text>
        <links />
        <type>IntroReferral</type>
        <actionCode>1000</actionCode>
      </item>
      <actionByCounts>
        <senate>6</senate>
        <houseOfRepresentatives>9</houseOfRepresentatives>
      </actionByCounts>
    </actions>
    <cboCostEstimates>
      <item>
        <pubDate>2017-04-10T21:20:30Z</pubDate>
        <title>H.R. 558, Kennesaw Mountain National Battlefield Park Boundary Adjustment Act</title>
        <url>https://www.cbo.gov/publication/52626</url>
      </item>
    </cboCostEstimates>
    <congress>115</congress>
    <titles>
      <item>
        <titleType>(Extracted from GPO) Short Titles as Reported to Senate</titleType>
        <parentTitleType />
        <title>Kennesaw Mountain National Battlefield Park Boundary Adjustment Act</title>
        <chamberCode>S</chamberCode>
        <chamberName>Senate</chamberName>
      </item>
      <item>
        <titleType>(Extracted from GPO) Short Titles as Introduced</titleType>
        <parentTitleType />
        <title>Kennesaw Mountain National Battlefield Park Boundary Adjustment Act</title>
        <chamberCode />
        <chamberName />
      </item>
      <item>
        <titleType>(Extracted from GPO) Short Titles as Passed House</titleType>
        <parentTitleType />
        <title>Kennesaw Mountain National Battlefield Park Boundary Adjustment Act</title>
        <chamberCode>H</chamberCode>
        <chamberName>House</chamberName>
      </item>
      <item>
        <titleType>Short Titles as Passed House</titleType>
        <parentTitleType>Short Titles House of Representatives</parentTitleType>
        <title>Kennesaw Mountain National Battlefield Park Boundary Adjustment Act</title>
        <chamberCode>H</chamberCode>
        <chamberName>House</chamberName>
      </item>
      <item>
        <titleType>Short Titles as Reported to Senate</titleType>
        <parentTitleType>Short Titles Senate</parentTitleType>
        <title>Kennesaw Mountain National Battlefield Park Boundary Adjustment Act</title>
        <chamberCode>S</chamberCode>
        <chamberName>Senate</chamberName>
      </item>
      <item>
        <titleType>Short Titles as Introduced</titleType>
        <parentTitleType />
        <title>Kennesaw Mountain National Battlefield Park Boundary Adjustment Act</title>
        <chamberCode />
        <chamberName />
      </item>
      <item>
        <titleType>Official Title as Introduced</titleType>
        <parentTitleType />
        <title>To adjust the boundary of the Kennesaw Mountain National Battlefield Park to include the Wallis House and Harriston Hill, and for other purposes.</title>
        <chamberCode />
        <chamberName />
      </item>
      <item>
        <titleType>Display Title</titleType>
        <parentTitleType />
        <title>Kennesaw Mountain National Battlefield Park Boundary Adjustment Act</title>
        <chamberCode />
        <chamberName />
      </item>
    </titles>
    <updateDate>2018-02-22T15:27:17Z</updateDate>
    <latestAction>
      <text>Placed on Senate Legislative Calendar under General Orders. Calendar No. 86.</text>
      <actionDate>2017-05-16</actionDate>
      <links />
    </latestAction>
  </bill>
  <dublinCore xmlns:dc="http://purl.org/dc/elements/1.1/">
    <dc:format>text/xml</dc:format>
    <dc:language>EN</dc:language>
    <dc:rights>Pursuant to Title 17 Section 105 of the United States Code, this file is not subject to copyright protection and is in the public domain.</dc:rights>
    <dc:contributor>Congressional Research Service, Library of Congress</dc:contributor>
    <dc:description>This file contains bill summaries and statuses for federal legislation. A bill summary describes the most significant provisions of a piece of legislation and details the effects the legislative text may have on current law and federal programs. Bill summaries are authored by the Congressional Research Service (CRS) of the Library of Congress. As stated in Public Law 91-510 (2 USC 166 (d)(6)), one of the duties of CRS is "to prepare summaries and digests of bills and resolutions of a public general nature introduced in the Senate or House of Representatives". For more information, refer to the User Guide that accompanies this file.</dc:description>
  </dublinCore>
</billStatus>

