<?xml version="1.0" encoding="UTF-8"?>
<billStatus>
  <bill>
    <sponsors>
      <item>
        <fullName>Rep. Black, Diane [R-TN-6]</fullName>
        <lastName>Black</lastName>
        <bioguideId>B001273</bioguideId>
        <party>R</party>
        <middleName />
        <state>TN</state>
        <firstName>Diane</firstName>
        <district>6</district>
        <byRequestType />
        <identifiers>
          <gpoId>8153</gpoId>
          <bioguideId>B001273</bioguideId>
          <lisID>2063</lisID>
        </identifiers>
      </item>
    </sponsors>
    <laws />
    <version>1.0.0</version>
    <introducedDate>2017-01-06</introducedDate>
    <cboCostEstimates />
    <titles>
      <item>
        <chamberName />
        <parentTitleType />
        <chamberCode />
        <titleType>(Extracted from GPO) Short Titles as Introduced</titleType>
        <title>Defund Planned Parenthood Act of 2017</title>
      </item>
      <item>
        <chamberName />
        <parentTitleType />
        <chamberCode />
        <titleType>Short Titles as Introduced</titleType>
        <title>Defund Planned Parenthood Act of 2017</title>
      </item>
      <item>
        <chamberName />
        <parentTitleType />
        <chamberCode />
        <titleType>Official Title as Introduced</titleType>
        <title>To provide for a moratorium on Federal funding to Planned Parenthood Federation of America, Inc.</title>
      </item>
      <item>
        <chamberName />
        <parentTitleType />
        <chamberCode />
        <titleType>Display Title</titleType>
        <title>Defund Planned Parenthood Act of 2017</title>
      </item>
    </titles>
    <amendments />
    <recordedVotes />
    <relatedBills />
    <constitutionalAuthorityStatementText><![CDATA[<pre>From the Congressional Record Online through the Government Publishing Office [<a href='http://www.gpo.gov'>www.gpo.gov</a>]By Mrs. BLACK:H.R. 354.Congress has the power to enact this legislation pursuantto the following:This bill is enacted pursuant to the power granted toCongress under Article I, Section 8, Clause 1 and Article I,Section 9, Clause 7 of the United States Constitution.[Page H195]</pre>]]></constitutionalAuthorityStatementText>
    <billType>HR</billType>
    <actions>
      <actionTypeCounts>
        <introducedInTheHouse>1</introducedInTheHouse>
        <billReferrals>1</billReferrals>
        <introducedInHouse>1</introducedInHouse>
        <placeholderTextForH>1</placeholderTextForH>
      </actionTypeCounts>
      <item>
        <actionDate>2017-01-25</actionDate>
        <committee>
          <systemCode>hsif14</systemCode>
          <name>Health Subcommittee</name>
        </committee>
        <links />
        <sourceSystem>
          <name>House committee actions</name>
          <code>1</code>
        </sourceSystem>
        <text>Referred to the Subcommittee on Health.</text>
        <type>Committee</type>
      </item>
      <item>
        <type>IntroReferral</type>
        <links />
        <text>Referred to the House Committee on Energy and Commerce.</text>
        <committee>
          <systemCode>hsif00</systemCode>
          <name>Energy and Commerce Committee</name>
        </committee>
        <actionDate>2017-01-06</actionDate>
        <sourceSystem>
          <name>House floor actions</name>
          <code>2</code>
        </sourceSystem>
        <actionCode>H11100</actionCode>
      </item>
      <item>
        <type>IntroReferral</type>
        <links />
        <text>Introduced in House</text>
        <committee />
        <actionDate>2017-01-06</actionDate>
        <sourceSystem>
          <name>Library of Congress</name>
          <code>9</code>
        </sourceSystem>
        <actionCode>Intro-H</actionCode>
      </item>
      <item>
        <type>IntroReferral</type>
        <links />
        <text>Introduced in House</text>
        <committee />
        <actionDate>2017-01-06</actionDate>
        <sourceSystem>
          <name>Library of Congress</name>
          <code>9</code>
        </sourceSystem>
        <actionCode>1000</actionCode>
      </item>
      <actionByCounts>
        <houseOfRepresentatives>4</houseOfRepresentatives>
      </actionByCounts>
    </actions>
    <notes />
    <originChamber>House</originChamber>
    <congress>115</congress>
    <subjects>
      <billSubjects>
        <legislativeSubjects>
          <item>
            <name>Abortion</name>
          </item>
          <item>
            <name>Family planning and birth control</name>
          </item>
          <item>
            <name>Health facilities and institutions</name>
          </item>
          <item>
            <name>Health programs administration and funding</name>
          </item>
          <item>
            <name>Sex and reproductive health</name>
          </item>
          <item>
            <name>Women's health</name>
          </item>
        </legislativeSubjects>
        <policyArea>
          <name>Health</name>
        </policyArea>
      </billSubjects>
    </subjects>
    <billNumber>354</billNumber>
    <cosponsors>
      <item>
        <isOriginalCosponsor>True</isOriginalCosponsor>
        <fullName>Rep. Hensarling, Jeb [R-TX-5]</fullName>
        <middleName />
        <sponsorshipDate>2017-01-06</sponsorshipDate>
        <bioguideId>H001036</bioguideId>
        <lastName>Hensarling</lastName>
        <party>R</party>
        <district>5</district>
        <firstName>Jeb</firstName>
        <state>TX</state>
        <identifiers>
          <lisID>1749</lisID>
          <gpoId>8161</gpoId>
          <bioguideId>H001036</bioguideId>
        </identifiers>
        <sponsorshipWithdrawnDate />
      </item>
      <item>
        <isOriginalCosponsor>True</isOriginalCosponsor>
        <fullName>Rep. Fleischmann, Charles J. "Chuck" [R-TN-3]</fullName>
        <middleName>J. "Chuck"</middleName>
        <sponsorshipDate>2017-01-06</sponsorshipDate>
        <bioguideId>F000459</bioguideId>
        <lastName>Fleischmann</lastName>
        <party>R</party>
        <district>3</district>
        <firstName>Charles</firstName>
        <state>TN</state>
        <identifiers>
          <gpoId>8150</gpoId>
          <lisID>2061</lisID>
          <bioguideId>F000459</bioguideId>
        </identifiers>
        <sponsorshipWithdrawnDate />
      </item>
      <item>
        <isOriginalCosponsor>True</isOriginalCosponsor>
        <fullName>Rep. McCaul, Michael T. [R-TX-10]</fullName>
        <middleName>T.</middleName>
        <sponsorshipDate>2017-01-06</sponsorshipDate>
        <bioguideId>M001157</bioguideId>
        <lastName>McCaul</lastName>
        <party>R</party>
        <district>10</district>
        <firstName>Michael</firstName>
        <state>TX</state>
        <identifiers>
          <lisID>1804</lisID>
          <bioguideId>M001157</bioguideId>
          <gpoId>8166</gpoId>
        </identifiers>
        <sponsorshipWithdrawnDate />
      </item>
      <item>
        <isOriginalCosponsor>True</isOriginalCosponsor>
        <fullName>Rep. Pittenger, Robert [R-NC-9]</fullName>
        <middleName />
        <sponsorshipDate>2017-01-06</sponsorshipDate>
        <bioguideId>P000606</bioguideId>
        <lastName>Pittenger</lastName>
        <party>R</party>
        <district>9</district>
        <firstName>Robert</firstName>
        <state>NC</state>
        <identifiers>
          <bioguideId>P000606</bioguideId>
          <gpoId />
          <lisID>2141</lisID>
        </identifiers>
        <sponsorshipWithdrawnDate />
      </item>
      <item>
        <isOriginalCosponsor>True</isOriginalCosponsor>
        <fullName>Rep. Kelly, Trent [R-MS-1]</fullName>
        <middleName />
        <sponsorshipDate>2017-01-06</sponsorshipDate>
        <bioguideId>K000388</bioguideId>
        <lastName>Kelly</lastName>
        <party>R</party>
        <district>1</district>
        <firstName>Trent</firstName>
        <state>MS</state>
        <identifiers>
          <lisID>2294</lisID>
          <bioguideId>K000388</bioguideId>
          <gpoId />
        </identifiers>
        <sponsorshipWithdrawnDate />
      </item>
      <item>
        <isOriginalCosponsor>True</isOriginalCosponsor>
        <fullName>Rep. Farenthold, Blake [R-TX-27]</fullName>
        <middleName />
        <sponsorshipDate>2017-01-06</sponsorshipDate>
        <bioguideId>F000460</bioguideId>
        <lastName>Farenthold</lastName>
        <party>R</party>
        <district>27</district>
        <firstName>Blake</firstName>
        <state>TX</state>
        <identifiers>
          <lisID>2067</lisID>
          <gpoId>8183</gpoId>
          <bioguideId>F000460</bioguideId>
        </identifiers>
        <sponsorshipWithdrawnDate />
      </item>
      <item>
        <isOriginalCosponsor>True</isOriginalCosponsor>
        <fullName>Rep. Wenstrup, Brad R. [R-OH-2]</fullName>
        <middleName>R.</middleName>
        <sponsorshipDate>2017-01-06</sponsorshipDate>
        <bioguideId>W000815</bioguideId>
        <lastName>Wenstrup</lastName>
        <party>R</party>
        <district>2</district>
        <firstName>Brad</firstName>
        <state>OH</state>
        <identifiers>
          <lisID>2152</lisID>
          <bioguideId>W000815</bioguideId>
          <gpoId />
        </identifiers>
        <sponsorshipWithdrawnDate />
      </item>
      <item>
        <isOriginalCosponsor>True</isOriginalCosponsor>
        <fullName>Rep. Olson, Pete [R-TX-22]</fullName>
        <middleName />
        <sponsorshipDate>2017-01-06</sponsorshipDate>
        <bioguideId>O000168</bioguideId>
        <lastName>Olson</lastName>
        <party>R</party>
        <district>22</district>
        <firstName>Pete</firstName>
        <state>TX</state>
        <identifiers>
          <gpoId>8178</gpoId>
          <lisID>1955</lisID>
          <bioguideId>O000168</bioguideId>
        </identifiers>
        <sponsorshipWithdrawnDate />
      </item>
      <item>
        <isOriginalCosponsor>True</isOriginalCosponsor>
        <fullName>Rep. Roe, David P. [R-TN-1]</fullName>
        <middleName>P.</middleName>
        <sponsorshipDate>2017-01-06</sponsorshipDate>
        <bioguideId>R000582</bioguideId>
        <lastName>Roe</lastName>
        <party>R</party>
        <district>1</district>
        <firstName>David</firstName>
        <state>TN</state>
        <identifiers>
          <bioguideId>R000582</bioguideId>
          <lisID>1954</lisID>
          <gpoId>8148</gpoId>
        </identifiers>
        <sponsorshipWithdrawnDate />
      </item>
      <item>
        <isOriginalCosponsor>True</isOriginalCosponsor>
        <fullName>Rep. Blum, Rod [R-IA-1]</fullName>
        <middleName />
        <sponsorshipDate>2017-01-06</sponsorshipDate>
        <bioguideId>B001294</bioguideId>
        <lastName>Blum</lastName>
        <party>R</party>
        <district>1</district>
        <firstName>Rod</firstName>
        <state>IA</state>
        <identifiers>
          <lisID>2241</lisID>
          <bioguideId>B001294</bioguideId>
          <gpoId />
        </identifiers>
        <sponsorshipWithdrawnDate />
      </item>
      <item>
        <isOriginalCosponsor>True</isOriginalCosponsor>
        <fullName>Rep. Rohrabacher, Dana [R-CA-48]</fullName>
        <middleName />
        <sponsorshipDate>2017-01-06</sponsorshipDate>
        <bioguideId>R000409</bioguideId>
        <lastName>ROHRABACHER</lastName>
        <party>R</party>
        <district>48</district>
        <firstName>DANA</firstName>
        <state>CA</state>
        <identifiers>
          <gpoId>7851</gpoId>
          <bioguideId>R000409</bioguideId>
          <lisID>979</lisID>
        </identifiers>
        <sponsorshipWithdrawnDate />
      </item>
      <item>
        <isOriginalCosponsor>True</isOriginalCosponsor>
        <fullName>Rep. Scott, Austin [R-GA-8]</fullName>
        <middleName />
        <sponsorshipDate>2017-01-06</sponsorshipDate>
        <bioguideId>S001189</bioguideId>
        <lastName>Scott</lastName>
        <party>R</party>
        <district>8</district>
        <firstName>Austin</firstName>
        <state>GA</state>
        <identifiers>
          <bioguideId>S001189</bioguideId>
          <lisID>2009</lisID>
          <gpoId>7905</gpoId>
        </identifiers>
        <sponsorshipWithdrawnDate />
      </item>
      <item>
        <isOriginalCosponsor>True</isOriginalCosponsor>
        <fullName>Rep. Grothman, Glenn [R-WI-6]</fullName>
        <middleName />
        <sponsorshipDate>2017-01-06</sponsorshipDate>
        <bioguideId>G000576</bioguideId>
        <lastName>Grothman</lastName>
        <party>R</party>
        <district>6</district>
        <firstName>Glenn</firstName>
        <state>WI</state>
        <identifiers>
          <lisID>2276</lisID>
          <bioguideId>G000576</bioguideId>
          <gpoId />
        </identifiers>
        <sponsorshipWithdrawnDate />
      </item>
      <item>
        <isOriginalCosponsor>True</isOriginalCosponsor>
        <fullName>Rep. Bilirakis, Gus M. [R-FL-12]</fullName>
        <middleName>M.</middleName>
        <sponsorshipDate>2017-01-06</sponsorshipDate>
        <bioguideId>B001257</bioguideId>
        <lastName>Bilirakis</lastName>
        <party>R</party>
        <district>12</district>
        <firstName>Gus</firstName>
        <state>FL</state>
        <identifiers>
          <lisID>1838</lisID>
          <gpoId>7881</gpoId>
          <bioguideId>B001257</bioguideId>
        </identifiers>
        <sponsorshipWithdrawnDate />
      </item>
      <item>
        <isOriginalCosponsor>True</isOriginalCosponsor>
        <fullName>Rep. Abraham, Ralph Lee [R-LA-5]</fullName>
        <middleName>Lee</middleName>
        <sponsorshipDate>2017-01-06</sponsorshipDate>
        <bioguideId>A000374</bioguideId>
        <lastName>Abraham</lastName>
        <party>R</party>
        <district>5</district>
        <firstName>Ralph</firstName>
        <state>LA</state>
        <identifiers>
          <bioguideId>A000374</bioguideId>
          <gpoId />
          <lisID>2244</lisID>
        </identifiers>
        <sponsorshipWithdrawnDate />
      </item>
      <item>
        <isOriginalCosponsor>True</isOriginalCosponsor>
        <fullName>Rep. Hice, Jody B. [R-GA-10]</fullName>
        <middleName>B.</middleName>
        <sponsorshipDate>2017-01-06</sponsorshipDate>
        <bioguideId>H001071</bioguideId>
        <lastName>Hice</lastName>
        <party>R</party>
        <district>10</district>
        <firstName>Jody</firstName>
        <state>GA</state>
        <identifiers>
          <lisID>2237</lisID>
          <bioguideId>H001071</bioguideId>
          <gpoId />
        </identifiers>
        <sponsorshipWithdrawnDate />
      </item>
      <item>
        <isOriginalCosponsor>True</isOriginalCosponsor>
        <fullName>Rep. Pearce, Stevan [R-NM-2]</fullName>
        <middleName />
        <sponsorshipDate>2017-01-06</sponsorshipDate>
        <bioguideId>P000588</bioguideId>
        <lastName>Pearce</lastName>
        <party>R</party>
        <district>2</district>
        <firstName>Stevan</firstName>
        <state>NM</state>
        <identifiers>
          <lisID>1738</lisID>
          <bioguideId>P000588</bioguideId>
          <gpoId>8057</gpoId>
        </identifiers>
        <sponsorshipWithdrawnDate />
      </item>
      <item>
        <isOriginalCosponsor>True</isOriginalCosponsor>
        <fullName>Rep. Hudson, Richard [R-NC-8]</fullName>
        <middleName />
        <sponsorshipDate>2017-01-06</sponsorshipDate>
        <bioguideId>H001067</bioguideId>
        <lastName>Hudson</lastName>
        <party>R</party>
        <district>8</district>
        <firstName>Richard</firstName>
        <state>NC</state>
        <identifiers>
          <gpoId />
          <bioguideId>H001067</bioguideId>
          <lisID>2140</lisID>
        </identifiers>
        <sponsorshipWithdrawnDate />
      </item>
      <item>
        <isOriginalCosponsor>True</isOriginalCosponsor>
        <fullName>Rep. Roskam, Peter J. [R-IL-6]</fullName>
        <middleName>J.</middleName>
        <sponsorshipDate>2017-01-06</sponsorshipDate>
        <bioguideId>R000580</bioguideId>
        <lastName>Roskam</lastName>
        <party>R</party>
        <district>6</district>
        <firstName>Peter</firstName>
        <state>IL</state>
        <identifiers>
          <lisID>1848</lisID>
          <bioguideId>R000580</bioguideId>
          <gpoId>7926</gpoId>
        </identifiers>
        <sponsorshipWithdrawnDate />
      </item>
      <item>
        <isOriginalCosponsor>True</isOriginalCosponsor>
        <fullName>Rep. Duncan, Jeff [R-SC-3]</fullName>
        <middleName />
        <sponsorshipDate>2017-01-06</sponsorshipDate>
        <bioguideId>D000615</bioguideId>
        <lastName>Duncan</lastName>
        <party>R</party>
        <district>3</district>
        <firstName>Jeff</firstName>
        <state>SC</state>
        <identifiers>
          <bioguideId>D000615</bioguideId>
          <lisID>2057</lisID>
          <gpoId>8143</gpoId>
        </identifiers>
        <sponsorshipWithdrawnDate />
      </item>
      <item>
        <isOriginalCosponsor>True</isOriginalCosponsor>
        <fullName>Rep. Mullin, Markwayne [R-OK-2]</fullName>
        <middleName />
        <sponsorshipDate>2017-01-06</sponsorshipDate>
        <bioguideId>M001190</bioguideId>
        <lastName>Mullin</lastName>
        <party>R</party>
        <district>2</district>
        <firstName>Markwayne</firstName>
        <state>OK</state>
        <identifiers>
          <lisID>2156</lisID>
          <gpoId />
          <bioguideId>M001190</bioguideId>
        </identifiers>
        <sponsorshipWithdrawnDate />
      </item>
      <item>
        <isOriginalCosponsor>True</isOriginalCosponsor>
        <fullName>Rep. Collins, Doug [R-GA-9]</fullName>
        <middleName />
        <sponsorshipDate>2017-01-06</sponsorshipDate>
        <bioguideId>C001093</bioguideId>
        <lastName>Collins</lastName>
        <party>R</party>
        <district>9</district>
        <firstName>Doug</firstName>
        <state>GA</state>
        <identifiers>
          <gpoId />
          <bioguideId>C001093</bioguideId>
          <lisID>2121</lisID>
        </identifiers>
        <sponsorshipWithdrawnDate />
      </item>
      <item>
        <isOriginalCosponsor>True</isOriginalCosponsor>
        <fullName>Rep. Smith, Christopher H. [R-NJ-4]</fullName>
        <middleName>H.</middleName>
        <sponsorshipDate>2017-01-06</sponsorshipDate>
        <bioguideId>S000522</bioguideId>
        <lastName>SMITH</lastName>
        <party>R</party>
        <district>4</district>
        <firstName>CHRISTOPHER</firstName>
        <state>NJ</state>
        <identifiers>
          <bioguideId>S000522</bioguideId>
          <gpoId>8046</gpoId>
          <lisID>1071</lisID>
        </identifiers>
        <sponsorshipWithdrawnDate />
      </item>
      <item>
        <isOriginalCosponsor>True</isOriginalCosponsor>
        <fullName>Rep. Jenkins, Lynn [R-KS-2]</fullName>
        <middleName />
        <sponsorshipDate>2017-01-06</sponsorshipDate>
        <bioguideId>J000290</bioguideId>
        <lastName>Jenkins</lastName>
        <party>R</party>
        <district>2</district>
        <firstName>Lynn</firstName>
        <state>KS</state>
        <identifiers>
          <gpoId>7950</gpoId>
          <lisID>1921</lisID>
          <bioguideId>J000290</bioguideId>
        </identifiers>
        <sponsorshipWithdrawnDate />
      </item>
      <item>
        <isOriginalCosponsor>True</isOriginalCosponsor>
        <fullName>Rep. Massie, Thomas [R-KY-4]</fullName>
        <middleName />
        <sponsorshipDate>2017-01-06</sponsorshipDate>
        <bioguideId>M001184</bioguideId>
        <lastName>Massie</lastName>
        <party>R</party>
        <district>4</district>
        <firstName>Thomas</firstName>
        <state>KY</state>
        <identifiers>
          <lisID>2094</lisID>
          <gpoId>8371</gpoId>
          <bioguideId>M001184</bioguideId>
        </identifiers>
        <sponsorshipWithdrawnDate />
      </item>
      <item>
        <isOriginalCosponsor>True</isOriginalCosponsor>
        <fullName>Rep. Gibbs, Bob [R-OH-7]</fullName>
        <middleName />
        <sponsorshipDate>2017-01-06</sponsorshipDate>
        <bioguideId>G000563</bioguideId>
        <lastName>Gibbs</lastName>
        <party>R</party>
        <district>7</district>
        <firstName>Bob</firstName>
        <state>OH</state>
        <identifiers>
          <lisID>2049</lisID>
          <gpoId>8108</gpoId>
          <bioguideId>G000563</bioguideId>
        </identifiers>
        <sponsorshipWithdrawnDate />
      </item>
      <item>
        <isOriginalCosponsor>True</isOriginalCosponsor>
        <fullName>Rep. Labrador, Raul R. [R-ID-1]</fullName>
        <middleName>R.</middleName>
        <sponsorshipDate>2017-01-06</sponsorshipDate>
        <bioguideId>L000573</bioguideId>
        <lastName>Labrador</lastName>
        <party>R</party>
        <district>1</district>
        <firstName>Raul</firstName>
        <state>ID</state>
        <identifiers>
          <lisID>2011</lisID>
          <bioguideId>L000573</bioguideId>
          <gpoId>7919</gpoId>
        </identifiers>
        <sponsorshipWithdrawnDate />
      </item>
      <item>
        <isOriginalCosponsor>True</isOriginalCosponsor>
        <fullName>Rep. Rothfus, Keith J. [R-PA-12]</fullName>
        <middleName>J.</middleName>
        <sponsorshipDate>2017-01-06</sponsorshipDate>
        <bioguideId>R000598</bioguideId>
        <lastName>Rothfus</lastName>
        <party>R</party>
        <district>12</district>
        <firstName>Keith</firstName>
        <state>PA</state>
        <identifiers>
          <lisID>2158</lisID>
          <bioguideId>R000598</bioguideId>
          <gpoId />
        </identifiers>
        <sponsorshipWithdrawnDate />
      </item>
      <item>
        <isOriginalCosponsor>True</isOriginalCosponsor>
        <fullName>Rep. Moolenaar, John R. [R-MI-4]</fullName>
        <middleName>R.</middleName>
        <sponsorshipDate>2017-01-06</sponsorshipDate>
        <bioguideId>M001194</bioguideId>
        <lastName>Moolenaar</lastName>
        <party>R</party>
        <district>4</district>
        <firstName>John</firstName>
        <state>MI</state>
        <identifiers>
          <gpoId />
          <lisID>2248</lisID>
          <bioguideId>M001194</bioguideId>
        </identifiers>
        <sponsorshipWithdrawnDate />
      </item>
      <item>
        <isOriginalCosponsor>True</isOriginalCosponsor>
        <fullName>Rep. Jenkins, Evan H. [R-WV-3]</fullName>
        <middleName>H.</middleName>
        <sponsorshipDate>2017-01-06</sponsorshipDate>
        <bioguideId>J000297</bioguideId>
        <lastName>Jenkins</lastName>
        <party>R</party>
        <district>3</district>
        <firstName>Evan</firstName>
        <state>WV</state>
        <identifiers>
          <gpoId />
          <bioguideId>J000297</bioguideId>
          <lisID>2278</lisID>
        </identifiers>
        <sponsorshipWithdrawnDate />
      </item>
      <item>
        <isOriginalCosponsor>True</isOriginalCosponsor>
        <fullName>Rep. Franks, Trent [R-AZ-8]</fullName>
        <middleName />
        <sponsorshipDate>2017-01-06</sponsorshipDate>
        <bioguideId>F000448</bioguideId>
        <lastName>Franks</lastName>
        <party>R</party>
        <district>8</district>
        <firstName>Trent</firstName>
        <state>AZ</state>
        <identifiers>
          <lisID>1707</lisID>
          <bioguideId>F000448</bioguideId>
          <gpoId>7799</gpoId>
        </identifiers>
        <sponsorshipWithdrawnDate />
      </item>
      <item>
        <isOriginalCosponsor>True</isOriginalCosponsor>
        <fullName>Rep. Conaway, K. Michael [R-TX-11]</fullName>
        <middleName>Michael</middleName>
        <sponsorshipDate>2017-01-06</sponsorshipDate>
        <bioguideId>C001062</bioguideId>
        <lastName>Conaway</lastName>
        <party>R</party>
        <district>11</district>
        <firstName>K.</firstName>
        <state>TX</state>
        <identifiers>
          <lisID>1805</lisID>
          <bioguideId>C001062</bioguideId>
          <gpoId>8167</gpoId>
        </identifiers>
        <sponsorshipWithdrawnDate />
      </item>
      <item>
        <isOriginalCosponsor>True</isOriginalCosponsor>
        <fullName>Rep. Hartzler, Vicky [R-MO-4]</fullName>
        <middleName />
        <sponsorshipDate>2017-01-06</sponsorshipDate>
        <bioguideId>H001053</bioguideId>
        <lastName>Hartzler</lastName>
        <party>R</party>
        <district>4</district>
        <firstName>Vicky</firstName>
        <state>MO</state>
        <identifiers>
          <lisID>2032</lisID>
          <gpoId>8012</gpoId>
          <bioguideId>H001053</bioguideId>
        </identifiers>
        <sponsorshipWithdrawnDate />
      </item>
      <item>
        <isOriginalCosponsor>True</isOriginalCosponsor>
        <fullName>Rep. Love, Mia B. [R-UT-4]</fullName>
        <middleName>B.</middleName>
        <sponsorshipDate>2017-01-06</sponsorshipDate>
        <bioguideId>L000584</bioguideId>
        <lastName>Love</lastName>
        <party>R</party>
        <district>4</district>
        <firstName>Mia</firstName>
        <state>UT</state>
        <identifiers>
          <bioguideId>L000584</bioguideId>
          <lisID>2271</lisID>
          <gpoId />
        </identifiers>
        <sponsorshipWithdrawnDate />
      </item>
      <item>
        <isOriginalCosponsor>True</isOriginalCosponsor>
        <fullName>Rep. Lamborn, Doug [R-CO-5]</fullName>
        <middleName />
        <sponsorshipDate>2017-01-06</sponsorshipDate>
        <bioguideId>L000564</bioguideId>
        <lastName>Lamborn</lastName>
        <party>R</party>
        <district>5</district>
        <firstName>Doug</firstName>
        <state>CO</state>
        <identifiers>
          <lisID>1834</lisID>
          <bioguideId>L000564</bioguideId>
          <gpoId>7863</gpoId>
        </identifiers>
        <sponsorshipWithdrawnDate />
      </item>
      <item>
        <isOriginalCosponsor>True</isOriginalCosponsor>
        <fullName>Rep. Yoho, Ted S. [R-FL-3]</fullName>
        <middleName>S.</middleName>
        <sponsorshipDate>2017-01-06</sponsorshipDate>
        <bioguideId>Y000065</bioguideId>
        <lastName>Yoho</lastName>
        <party>R</party>
        <district>3</district>
        <firstName>Ted</firstName>
        <state>FL</state>
        <identifiers>
          <lisID>2115</lisID>
          <bioguideId>Y000065</bioguideId>
          <gpoId />
        </identifiers>
        <sponsorshipWithdrawnDate />
      </item>
      <item>
        <isOriginalCosponsor>True</isOriginalCosponsor>
        <fullName>Rep. Gosar, Paul A. [R-AZ-4]</fullName>
        <middleName>A.</middleName>
        <sponsorshipDate>2017-01-06</sponsorshipDate>
        <bioguideId>G000565</bioguideId>
        <lastName>Gosar</lastName>
        <party>R</party>
        <district>4</district>
        <firstName>Paul</firstName>
        <state>AZ</state>
        <identifiers>
          <lisID>1992</lisID>
          <bioguideId>G000565</bioguideId>
          <gpoId>7798</gpoId>
        </identifiers>
        <sponsorshipWithdrawnDate />
      </item>
      <item>
        <isOriginalCosponsor>True</isOriginalCosponsor>
        <fullName>Rep. Chabot, Steve [R-OH-1]</fullName>
        <middleName />
        <sponsorshipDate>2017-01-06</sponsorshipDate>
        <bioguideId>C000266</bioguideId>
        <lastName>CHABOT</lastName>
        <party>R</party>
        <district>1</district>
        <firstName>STEVE</firstName>
        <state>OH</state>
        <identifiers>
          <bioguideId>C000266</bioguideId>
          <gpoId>8091</gpoId>
          <lisID>186</lisID>
        </identifiers>
        <sponsorshipWithdrawnDate />
      </item>
      <item>
        <isOriginalCosponsor>True</isOriginalCosponsor>
        <fullName>Rep. Harris, Andy [R-MD-1]</fullName>
        <middleName />
        <sponsorshipDate>2017-01-06</sponsorshipDate>
        <bioguideId>H001052</bioguideId>
        <lastName>Harris</lastName>
        <party>R</party>
        <district>1</district>
        <firstName>Andy</firstName>
        <state>MD</state>
        <identifiers>
          <bioguideId>H001052</bioguideId>
          <gpoId>7976</gpoId>
          <lisID>2026</lisID>
        </identifiers>
        <sponsorshipWithdrawnDate />
      </item>
      <item>
        <isOriginalCosponsor>True</isOriginalCosponsor>
        <fullName>Rep. Allen, Rick W. [R-GA-12]</fullName>
        <middleName>W.</middleName>
        <sponsorshipDate>2017-01-06</sponsorshipDate>
        <bioguideId>A000372</bioguideId>
        <lastName>Allen</lastName>
        <party>R</party>
        <district>12</district>
        <firstName>Rick</firstName>
        <state>GA</state>
        <identifiers>
          <gpoId />
          <lisID>2239</lisID>
          <bioguideId>A000372</bioguideId>
        </identifiers>
        <sponsorshipWithdrawnDate />
      </item>
      <item>
        <isOriginalCosponsor>True</isOriginalCosponsor>
        <fullName>Rep. Hultgren, Randy [R-IL-14]</fullName>
        <middleName />
        <sponsorshipDate>2017-01-06</sponsorshipDate>
        <bioguideId>H001059</bioguideId>
        <lastName>Hultgren</lastName>
        <party>R</party>
        <district>14</district>
        <firstName>Randy</firstName>
        <state>IL</state>
        <identifiers>
          <bioguideId>H001059</bioguideId>
          <lisID>2015</lisID>
          <gpoId>7934</gpoId>
        </identifiers>
        <sponsorshipWithdrawnDate />
      </item>
      <item>
        <isOriginalCosponsor>True</isOriginalCosponsor>
        <fullName>Rep. Carter, Earl L. "Buddy" [R-GA-1]</fullName>
        <middleName>L. "Buddy"</middleName>
        <sponsorshipDate>2017-01-06</sponsorshipDate>
        <bioguideId>C001103</bioguideId>
        <lastName>Carter</lastName>
        <party>R</party>
        <district>1</district>
        <firstName>Earl</firstName>
        <state>GA</state>
        <identifiers>
          <bioguideId>C001103</bioguideId>
          <lisID>2236</lisID>
          <gpoId />
        </identifiers>
        <sponsorshipWithdrawnDate />
      </item>
      <item>
        <isOriginalCosponsor>True</isOriginalCosponsor>
        <fullName>Rep. Blackburn, Marsha [R-TN-7]</fullName>
        <middleName />
        <sponsorshipDate>2017-01-06</sponsorshipDate>
        <bioguideId>B001243</bioguideId>
        <lastName>Blackburn</lastName>
        <party>R</party>
        <district>7</district>
        <firstName>Marsha</firstName>
        <state>TN</state>
        <identifiers>
          <lisID>1748</lisID>
          <bioguideId>B001243</bioguideId>
          <gpoId>8154</gpoId>
        </identifiers>
        <sponsorshipWithdrawnDate />
      </item>
      <item>
        <isOriginalCosponsor>True</isOriginalCosponsor>
        <fullName>Rep. Mooney, Alexander X. [R-WV-2]</fullName>
        <middleName>X.</middleName>
        <sponsorshipDate>2017-01-06</sponsorshipDate>
        <bioguideId>M001195</bioguideId>
        <lastName>Mooney</lastName>
        <party>R</party>
        <district>2</district>
        <firstName>Alexander</firstName>
        <state>WV</state>
        <identifiers>
          <bioguideId>M001195</bioguideId>
          <lisID>2277</lisID>
          <gpoId />
        </identifiers>
        <sponsorshipWithdrawnDate />
      </item>
      <item>
        <isOriginalCosponsor>True</isOriginalCosponsor>
        <fullName>Rep. Cramer, Kevin [R-ND-At Large]</fullName>
        <middleName />
        <sponsorshipDate>2017-01-06</sponsorshipDate>
        <bioguideId>C001096</bioguideId>
        <lastName>Cramer</lastName>
        <party>R</party>
        <district>0</district>
        <firstName>Kevin</firstName>
        <state>ND</state>
        <identifiers>
          <lisID>2144</lisID>
          <gpoId />
          <bioguideId>C001096</bioguideId>
        </identifiers>
        <sponsorshipWithdrawnDate />
      </item>
      <item>
        <isOriginalCosponsor>True</isOriginalCosponsor>
        <fullName>Rep. Aderholt, Robert B. [R-AL-4]</fullName>
        <middleName>B.</middleName>
        <sponsorshipDate>2017-01-06</sponsorshipDate>
        <bioguideId>A000055</bioguideId>
        <lastName>ADERHOLT</lastName>
        <party>R</party>
        <district>4</district>
        <firstName>ROBERT</firstName>
        <state>AL</state>
        <identifiers>
          <bioguideId>A000055</bioguideId>
          <lisID>1460</lisID>
          <gpoId>7789</gpoId>
        </identifiers>
        <sponsorshipWithdrawnDate />
      </item>
      <item>
        <isOriginalCosponsor>True</isOriginalCosponsor>
        <fullName>Rep. Kelly, Mike [R-PA-3]</fullName>
        <middleName />
        <sponsorshipDate>2017-01-06</sponsorshipDate>
        <bioguideId>K000376</bioguideId>
        <lastName>Kelly</lastName>
        <party>R</party>
        <district>3</district>
        <firstName>Mike</firstName>
        <state>PA</state>
        <identifiers>
          <lisID>2051</lisID>
          <bioguideId>K000376</bioguideId>
          <gpoId>8708</gpoId>
        </identifiers>
        <sponsorshipWithdrawnDate />
      </item>
      <item>
        <isOriginalCosponsor>True</isOriginalCosponsor>
        <fullName>Rep. Ratcliffe, John [R-TX-4]</fullName>
        <middleName />
        <sponsorshipDate>2017-01-06</sponsorshipDate>
        <bioguideId>R000601</bioguideId>
        <lastName>Ratcliffe</lastName>
        <party>R</party>
        <district>4</district>
        <firstName>John</firstName>
        <state>TX</state>
        <identifiers>
          <bioguideId>R000601</bioguideId>
          <gpoId />
          <lisID>2268</lisID>
        </identifiers>
        <sponsorshipWithdrawnDate />
      </item>
      <item>
        <isOriginalCosponsor>True</isOriginalCosponsor>
        <fullName>Rep. Walorski, Jackie [R-IN-2]</fullName>
        <middleName />
        <sponsorshipDate>2017-01-06</sponsorshipDate>
        <bioguideId>W000813</bioguideId>
        <lastName>Walorski</lastName>
        <party>R</party>
        <district>2</district>
        <firstName>Jackie</firstName>
        <state>IN</state>
        <identifiers>
          <gpoId />
          <lisID>2128</lisID>
          <bioguideId>W000813</bioguideId>
        </identifiers>
        <sponsorshipWithdrawnDate />
      </item>
      <item>
        <isOriginalCosponsor>True</isOriginalCosponsor>
        <fullName>Rep. Brat, Dave [R-VA-7]</fullName>
        <middleName />
        <sponsorshipDate>2017-01-06</sponsorshipDate>
        <bioguideId>B001290</bioguideId>
        <lastName>Brat</lastName>
        <party>R</party>
        <district>7</district>
        <firstName>Dave</firstName>
        <state>VA</state>
        <identifiers>
          <bioguideId>B001290</bioguideId>
          <lisID>2203</lisID>
          <gpoId />
        </identifiers>
        <sponsorshipWithdrawnDate />
      </item>
      <item>
        <isOriginalCosponsor>True</isOriginalCosponsor>
        <fullName>Rep. Graves, Sam [R-MO-6]</fullName>
        <middleName />
        <sponsorshipDate>2017-01-06</sponsorshipDate>
        <bioguideId>G000546</bioguideId>
        <lastName>GRAVES</lastName>
        <party>R</party>
        <district>6</district>
        <firstName>SAM</firstName>
        <state>MO</state>
        <identifiers>
          <lisID>1656</lisID>
          <gpoId>8014</gpoId>
          <bioguideId>G000546</bioguideId>
        </identifiers>
        <sponsorshipWithdrawnDate />
      </item>
      <item>
        <isOriginalCosponsor>True</isOriginalCosponsor>
        <fullName>Rep. Culberson, John Abney [R-TX-7]</fullName>
        <middleName>ABNEY</middleName>
        <sponsorshipDate>2017-01-06</sponsorshipDate>
        <bioguideId>C001048</bioguideId>
        <lastName>CULBERSON</lastName>
        <party>R</party>
        <district>7</district>
        <firstName>JOHN</firstName>
        <state>TX</state>
        <identifiers>
          <bioguideId>C001048</bioguideId>
          <gpoId>8163</gpoId>
          <lisID>1670</lisID>
        </identifiers>
        <sponsorshipWithdrawnDate />
      </item>
      <item>
        <isOriginalCosponsor>True</isOriginalCosponsor>
        <fullName>Rep. Jones, Walter B., Jr. [R-NC-3]</fullName>
        <middleName>B.</middleName>
        <sponsorshipDate>2017-01-06</sponsorshipDate>
        <bioguideId>J000255</bioguideId>
        <lastName>JONES</lastName>
        <party>R</party>
        <district>3</district>
        <firstName>WALTER</firstName>
        <state>NC</state>
        <identifiers>
          <bioguideId>J000255</bioguideId>
          <gpoId>8026</gpoId>
          <lisID>612</lisID>
        </identifiers>
        <sponsorshipWithdrawnDate />
      </item>
      <item>
        <isOriginalCosponsor>True</isOriginalCosponsor>
        <fullName>Rep. Marchant, Kenny [R-TX-24]</fullName>
        <middleName />
        <sponsorshipDate>2017-01-06</sponsorshipDate>
        <bioguideId>M001158</bioguideId>
        <lastName>Marchant</lastName>
        <party>R</party>
        <district>24</district>
        <firstName>Kenny</firstName>
        <state>TX</state>
        <identifiers>
          <lisID>1806</lisID>
          <bioguideId>M001158</bioguideId>
          <gpoId>8766</gpoId>
        </identifiers>
        <sponsorshipWithdrawnDate />
      </item>
      <item>
        <isOriginalCosponsor>True</isOriginalCosponsor>
        <fullName>Rep. Babin, Brian [R-TX-36]</fullName>
        <middleName />
        <sponsorshipDate>2017-01-06</sponsorshipDate>
        <bioguideId>B001291</bioguideId>
        <lastName>Babin</lastName>
        <party>R</party>
        <district>36</district>
        <firstName>Brian</firstName>
        <state>TX</state>
        <identifiers>
          <lisID>2270</lisID>
          <gpoId />
          <bioguideId>B001291</bioguideId>
        </identifiers>
        <sponsorshipWithdrawnDate />
      </item>
      <item>
        <isOriginalCosponsor>True</isOriginalCosponsor>
        <fullName>Rep. Woodall, Rob [R-GA-7]</fullName>
        <middleName />
        <sponsorshipDate>2017-01-06</sponsorshipDate>
        <bioguideId>W000810</bioguideId>
        <lastName>Woodall</lastName>
        <party>R</party>
        <district>7</district>
        <firstName>Rob</firstName>
        <state>GA</state>
        <identifiers>
          <bioguideId>W000810</bioguideId>
          <lisID>2008</lisID>
          <gpoId>7904</gpoId>
        </identifiers>
        <sponsorshipWithdrawnDate />
      </item>
      <item>
        <isOriginalCosponsor>True</isOriginalCosponsor>
        <fullName>Rep. Emmer, Tom [R-MN-6]</fullName>
        <middleName />
        <sponsorshipDate>2017-01-06</sponsorshipDate>
        <bioguideId>E000294</bioguideId>
        <lastName>Emmer</lastName>
        <party>R</party>
        <district>6</district>
        <firstName>Tom</firstName>
        <state>MN</state>
        <identifiers>
          <bioguideId>E000294</bioguideId>
          <lisID>2253</lisID>
          <gpoId />
        </identifiers>
        <sponsorshipWithdrawnDate />
      </item>
      <item>
        <isOriginalCosponsor>True</isOriginalCosponsor>
        <fullName>Rep. Rokita, Todd [R-IN-4]</fullName>
        <middleName />
        <sponsorshipDate>2017-01-06</sponsorshipDate>
        <bioguideId>R000592</bioguideId>
        <lastName>Rokita</lastName>
        <party>R</party>
        <district>4</district>
        <firstName>Todd</firstName>
        <state>IN</state>
        <identifiers>
          <gpoId>7943</gpoId>
          <bioguideId>R000592</bioguideId>
          <lisID>2017</lisID>
        </identifiers>
        <sponsorshipWithdrawnDate />
      </item>
      <item>
        <isOriginalCosponsor>True</isOriginalCosponsor>
        <fullName>Rep. Messer, Luke [R-IN-6]</fullName>
        <middleName />
        <sponsorshipDate>2017-01-06</sponsorshipDate>
        <bioguideId>M001189</bioguideId>
        <lastName>Messer</lastName>
        <party>R</party>
        <district>6</district>
        <firstName>Luke</firstName>
        <state>IN</state>
        <identifiers>
          <bioguideId>M001189</bioguideId>
          <lisID>2130</lisID>
          <gpoId />
        </identifiers>
        <sponsorshipWithdrawnDate />
      </item>
      <item>
        <isOriginalCosponsor>True</isOriginalCosponsor>
        <fullName>Rep. Wilson, Joe [R-SC-2]</fullName>
        <middleName />
        <sponsorshipDate>2017-01-06</sponsorshipDate>
        <bioguideId>W000795</bioguideId>
        <lastName>Wilson</lastName>
        <party>R</party>
        <district>2</district>
        <firstName>Joe</firstName>
        <state>SC</state>
        <identifiers>
          <lisID>1688</lisID>
          <gpoId>8142</gpoId>
          <bioguideId>W000795</bioguideId>
        </identifiers>
        <sponsorshipWithdrawnDate />
      </item>
      <item>
        <isOriginalCosponsor>True</isOriginalCosponsor>
        <fullName>Rep. Wagner, Ann [R-MO-2]</fullName>
        <middleName />
        <sponsorshipDate>2017-01-06</sponsorshipDate>
        <bioguideId>W000812</bioguideId>
        <lastName>Wagner</lastName>
        <party>R</party>
        <district>2</district>
        <firstName>Ann</firstName>
        <state>MO</state>
        <identifiers>
          <gpoId />
          <bioguideId>W000812</bioguideId>
          <lisID>2137</lisID>
        </identifiers>
        <sponsorshipWithdrawnDate />
      </item>
      <item>
        <isOriginalCosponsor>True</isOriginalCosponsor>
        <fullName>Rep. Bridenstine, Jim [R-OK-1]</fullName>
        <middleName />
        <sponsorshipDate>2017-01-06</sponsorshipDate>
        <bioguideId>B001283</bioguideId>
        <lastName>Bridenstine</lastName>
        <party>R</party>
        <district>1</district>
        <firstName>Jim</firstName>
        <state>OK</state>
        <identifiers>
          <lisID>2155</lisID>
          <bioguideId>B001283</bioguideId>
          <gpoId />
        </identifiers>
        <sponsorshipWithdrawnDate />
      </item>
      <item>
        <isOriginalCosponsor>True</isOriginalCosponsor>
        <fullName>Rep. Byrne, Bradley [R-AL-1]</fullName>
        <middleName />
        <sponsorshipDate>2017-01-06</sponsorshipDate>
        <bioguideId>B001289</bioguideId>
        <lastName>Byrne</lastName>
        <party>R</party>
        <district>1</district>
        <firstName>Bradley</firstName>
        <state>AL</state>
        <identifiers>
          <lisID>2197</lisID>
          <bioguideId>B001289</bioguideId>
          <gpoId />
        </identifiers>
        <sponsorshipWithdrawnDate />
      </item>
      <item>
        <isOriginalCosponsor>True</isOriginalCosponsor>
        <fullName>Rep. Johnson, Bill [R-OH-6]</fullName>
        <middleName />
        <sponsorshipDate>2017-01-06</sponsorshipDate>
        <bioguideId>J000292</bioguideId>
        <lastName>Johnson</lastName>
        <party>R</party>
        <district>6</district>
        <firstName>Bill</firstName>
        <state>OH</state>
        <identifiers>
          <gpoId>8096</gpoId>
          <bioguideId>J000292</bioguideId>
          <lisID>2046</lisID>
        </identifiers>
        <sponsorshipWithdrawnDate />
      </item>
      <item>
        <isOriginalCosponsor>True</isOriginalCosponsor>
        <fullName>Rep. Westerman, Bruce [R-AR-4]</fullName>
        <middleName />
        <sponsorshipDate>2017-01-06</sponsorshipDate>
        <bioguideId>W000821</bioguideId>
        <lastName>Westerman</lastName>
        <party>R</party>
        <district>4</district>
        <firstName>Bruce</firstName>
        <state>AR</state>
        <identifiers>
          <gpoId />
          <bioguideId>W000821</bioguideId>
          <lisID>2224</lisID>
        </identifiers>
        <sponsorshipWithdrawnDate />
      </item>
      <item>
        <isOriginalCosponsor>True</isOriginalCosponsor>
        <fullName>Rep. Meadows, Mark [R-NC-11]</fullName>
        <middleName />
        <sponsorshipDate>2017-01-06</sponsorshipDate>
        <bioguideId>M001187</bioguideId>
        <lastName>Meadows</lastName>
        <party>R</party>
        <district>11</district>
        <firstName>Mark</firstName>
        <state>NC</state>
        <identifiers>
          <lisID>2142</lisID>
          <bioguideId>M001187</bioguideId>
          <gpoId />
        </identifiers>
        <sponsorshipWithdrawnDate />
      </item>
      <item>
        <isOriginalCosponsor>True</isOriginalCosponsor>
        <fullName>Rep. DesJarlais, Scott [R-TN-4]</fullName>
        <middleName />
        <sponsorshipDate>2017-01-06</sponsorshipDate>
        <bioguideId>D000616</bioguideId>
        <lastName>DesJarlais</lastName>
        <party>R</party>
        <district>4</district>
        <firstName>Scott</firstName>
        <state>TN</state>
        <identifiers>
          <lisID>2062</lisID>
          <gpoId>8151</gpoId>
          <bioguideId>D000616</bioguideId>
        </identifiers>
        <sponsorshipWithdrawnDate />
      </item>
      <item>
        <isOriginalCosponsor>True</isOriginalCosponsor>
        <fullName>Rep. Crawford, Eric A. "Rick" [R-AR-1]</fullName>
        <middleName>A. "Rick"</middleName>
        <sponsorshipDate>2017-01-06</sponsorshipDate>
        <bioguideId>C001087</bioguideId>
        <lastName>Crawford</lastName>
        <party>R</party>
        <district>1</district>
        <firstName>Eric</firstName>
        <state>AR</state>
        <identifiers>
          <lisID>1989</lisID>
          <bioguideId>C001087</bioguideId>
          <gpoId>7793</gpoId>
        </identifiers>
        <sponsorshipWithdrawnDate />
      </item>
      <item>
        <isOriginalCosponsor>True</isOriginalCosponsor>
        <fullName>Rep. Hill, J. French [R-AR-2]</fullName>
        <middleName>French</middleName>
        <sponsorshipDate>2017-01-06</sponsorshipDate>
        <bioguideId>H001072</bioguideId>
        <lastName>Hill</lastName>
        <party>R</party>
        <district>2</district>
        <firstName>J.</firstName>
        <state>AR</state>
        <identifiers>
          <lisID>2223</lisID>
          <bioguideId>H001072</bioguideId>
          <gpoId />
        </identifiers>
        <sponsorshipWithdrawnDate />
      </item>
      <item>
        <isOriginalCosponsor>True</isOriginalCosponsor>
        <fullName>Rep. Turner, Michael R. [R-OH-10]</fullName>
        <middleName>R.</middleName>
        <sponsorshipDate>2017-01-06</sponsorshipDate>
        <bioguideId>T000463</bioguideId>
        <lastName>Turner</lastName>
        <party>R</party>
        <district>10</district>
        <firstName>Michael</firstName>
        <state>OH</state>
        <identifiers>
          <bioguideId>T000463</bioguideId>
          <lisID>1741</lisID>
          <gpoId>8093</gpoId>
        </identifiers>
        <sponsorshipWithdrawnDate />
      </item>
      <item>
        <isOriginalCosponsor>True</isOriginalCosponsor>
        <fullName>Rep. Guthrie, Brett [R-KY-2]</fullName>
        <middleName />
        <sponsorshipDate>2017-01-06</sponsorshipDate>
        <bioguideId>G000558</bioguideId>
        <lastName>Guthrie</lastName>
        <party>R</party>
        <district>2</district>
        <firstName>Brett</firstName>
        <state>KY</state>
        <identifiers>
          <lisID>1922</lisID>
          <bioguideId>G000558</bioguideId>
          <gpoId>7954</gpoId>
        </identifiers>
        <sponsorshipWithdrawnDate />
      </item>
      <item>
        <isOriginalCosponsor>True</isOriginalCosponsor>
        <fullName>Rep. Gohmert, Louie [R-TX-1]</fullName>
        <middleName />
        <sponsorshipDate>2017-01-06</sponsorshipDate>
        <bioguideId>G000552</bioguideId>
        <lastName>Gohmert</lastName>
        <party>R</party>
        <district>1</district>
        <firstName>Louie</firstName>
        <state>TX</state>
        <identifiers>
          <lisID>1801</lisID>
          <gpoId>8157</gpoId>
          <bioguideId>G000552</bioguideId>
        </identifiers>
        <sponsorshipWithdrawnDate />
      </item>
      <item>
        <isOriginalCosponsor>True</isOriginalCosponsor>
        <fullName>Rep. Russell, Steve [R-OK-5]</fullName>
        <middleName />
        <sponsorshipDate>2017-01-06</sponsorshipDate>
        <bioguideId>R000604</bioguideId>
        <lastName>Russell</lastName>
        <party>R</party>
        <district>5</district>
        <firstName>Steve</firstName>
        <state>OK</state>
        <identifiers>
          <lisID>2265</lisID>
          <gpoId />
          <bioguideId>R000604</bioguideId>
        </identifiers>
        <sponsorshipWithdrawnDate />
      </item>
      <item>
        <isOriginalCosponsor>True</isOriginalCosponsor>
        <fullName>Rep. Flores, Bill [R-TX-17]</fullName>
        <middleName />
        <sponsorshipDate>2017-01-06</sponsorshipDate>
        <bioguideId>F000461</bioguideId>
        <lastName>Flores</lastName>
        <party>R</party>
        <district>17</district>
        <firstName>Bill</firstName>
        <state>TX</state>
        <identifiers>
          <lisID>2065</lisID>
          <gpoId>8173</gpoId>
          <bioguideId>F000461</bioguideId>
        </identifiers>
        <sponsorshipWithdrawnDate />
      </item>
      <item>
        <isOriginalCosponsor>True</isOriginalCosponsor>
        <fullName>Rep. Long, Billy [R-MO-7]</fullName>
        <middleName />
        <sponsorshipDate>2017-01-06</sponsorshipDate>
        <bioguideId>L000576</bioguideId>
        <lastName>Long</lastName>
        <party>R</party>
        <district>7</district>
        <firstName>Billy</firstName>
        <state>MO</state>
        <identifiers>
          <lisID>2033</lisID>
          <gpoId>8015</gpoId>
          <bioguideId>L000576</bioguideId>
        </identifiers>
        <sponsorshipWithdrawnDate />
      </item>
      <item>
        <isOriginalCosponsor>True</isOriginalCosponsor>
        <fullName>Rep. Harper, Gregg [R-MS-3]</fullName>
        <middleName />
        <sponsorshipDate>2017-01-06</sponsorshipDate>
        <bioguideId>H001045</bioguideId>
        <lastName>Harper</lastName>
        <party>R</party>
        <district>3</district>
        <firstName>Gregg</firstName>
        <state>MS</state>
        <identifiers>
          <bioguideId>H001045</bioguideId>
          <lisID>1933</lisID>
          <gpoId>8021</gpoId>
        </identifiers>
        <sponsorshipWithdrawnDate />
      </item>
      <item>
        <isOriginalCosponsor>True</isOriginalCosponsor>
        <fullName>Rep. Palazzo, Steven M. [R-MS-4]</fullName>
        <middleName>M.</middleName>
        <sponsorshipDate>2017-01-06</sponsorshipDate>
        <bioguideId>P000601</bioguideId>
        <lastName>Palazzo</lastName>
        <party>R</party>
        <district>4</district>
        <firstName>Steven</firstName>
        <state>MS</state>
        <identifiers>
          <bioguideId>P000601</bioguideId>
          <lisID>2035</lisID>
          <gpoId>8022</gpoId>
        </identifiers>
        <sponsorshipWithdrawnDate />
      </item>
      <item>
        <isOriginalCosponsor>True</isOriginalCosponsor>
        <fullName>Rep. Carter, John R. [R-TX-31]</fullName>
        <middleName>R.</middleName>
        <sponsorshipDate>2017-01-06</sponsorshipDate>
        <bioguideId>C001051</bioguideId>
        <lastName>Carter</lastName>
        <party>R</party>
        <district>31</district>
        <firstName>John</firstName>
        <state>TX</state>
        <identifiers>
          <lisID>1752</lisID>
          <gpoId>8187</gpoId>
          <bioguideId>C001051</bioguideId>
        </identifiers>
        <sponsorshipWithdrawnDate />
      </item>
      <item>
        <isOriginalCosponsor>True</isOriginalCosponsor>
        <fullName>Rep. Bishop, Mike [R-MI-8]</fullName>
        <middleName />
        <sponsorshipDate>2017-01-06</sponsorshipDate>
        <bioguideId>B001293</bioguideId>
        <lastName>Bishop</lastName>
        <party>R</party>
        <district>8</district>
        <firstName>Mike</firstName>
        <state>MI</state>
        <identifiers>
          <bioguideId>B001293</bioguideId>
          <gpoId />
          <lisID>2249</lisID>
        </identifiers>
        <sponsorshipWithdrawnDate />
      </item>
      <item>
        <isOriginalCosponsor>True</isOriginalCosponsor>
        <fullName>Rep. Sensenbrenner, F. James, Jr. [R-WI-5]</fullName>
        <middleName>JAMES</middleName>
        <sponsorshipDate>2017-01-06</sponsorshipDate>
        <bioguideId>S000244</bioguideId>
        <lastName>SENSENBRENNER</lastName>
        <party>R</party>
        <district>5</district>
        <firstName>F.</firstName>
        <state>WI</state>
        <identifiers>
          <bioguideId>S000244</bioguideId>
          <gpoId>8218</gpoId>
          <lisID>1041</lisID>
        </identifiers>
        <sponsorshipWithdrawnDate />
      </item>
      <item>
        <isOriginalCosponsor>True</isOriginalCosponsor>
        <fullName>Rep. Barletta, Lou [R-PA-11]</fullName>
        <middleName />
        <sponsorshipDate>2017-01-06</sponsorshipDate>
        <bioguideId>B001269</bioguideId>
        <lastName>Barletta</lastName>
        <party>R</party>
        <district>11</district>
        <firstName>Lou</firstName>
        <state>PA</state>
        <identifiers>
          <lisID>2054</lisID>
          <bioguideId>B001269</bioguideId>
          <gpoId>8129</gpoId>
        </identifiers>
        <sponsorshipWithdrawnDate />
      </item>
      <item>
        <isOriginalCosponsor>True</isOriginalCosponsor>
        <fullName>Rep. Barr, Andy [R-KY-6]</fullName>
        <middleName />
        <sponsorshipDate>2017-01-06</sponsorshipDate>
        <bioguideId>B001282</bioguideId>
        <lastName>Barr</lastName>
        <party>R</party>
        <district>6</district>
        <firstName>Andy</firstName>
        <state>KY</state>
        <identifiers>
          <lisID>2131</lisID>
          <bioguideId>B001282</bioguideId>
          <gpoId />
        </identifiers>
        <sponsorshipWithdrawnDate />
      </item>
      <item>
        <isOriginalCosponsor>True</isOriginalCosponsor>
        <fullName>Rep. Perry, Scott [R-PA-4]</fullName>
        <middleName />
        <sponsorshipDate>2017-01-06</sponsorshipDate>
        <bioguideId>P000605</bioguideId>
        <lastName>Perry</lastName>
        <party>R</party>
        <district>4</district>
        <firstName>Scott</firstName>
        <state>PA</state>
        <identifiers>
          <gpoId />
          <bioguideId>P000605</bioguideId>
          <lisID>2157</lisID>
        </identifiers>
        <sponsorshipWithdrawnDate />
      </item>
      <item>
        <isOriginalCosponsor>True</isOriginalCosponsor>
        <fullName>Rep. Davidson, Warren [R-OH-8]</fullName>
        <middleName />
        <sponsorshipDate>2017-01-06</sponsorshipDate>
        <bioguideId>D000626</bioguideId>
        <lastName>Davidson</lastName>
        <party>R</party>
        <district>8</district>
        <firstName>Warren</firstName>
        <state>OH</state>
        <identifiers>
          <lisID>2296</lisID>
          <bioguideId>D000626</bioguideId>
          <gpoId />
        </identifiers>
        <sponsorshipWithdrawnDate />
      </item>
      <item>
        <isOriginalCosponsor>True</isOriginalCosponsor>
        <fullName>Rep. Holding, George [R-NC-2]</fullName>
        <middleName />
        <sponsorshipDate>2017-01-06</sponsorshipDate>
        <bioguideId>H001065</bioguideId>
        <lastName>Holding</lastName>
        <party>R</party>
        <district>2</district>
        <firstName>George</firstName>
        <state>NC</state>
        <identifiers>
          <bioguideId>H001065</bioguideId>
          <lisID>2143</lisID>
          <gpoId />
        </identifiers>
        <sponsorshipWithdrawnDate />
      </item>
      <item>
        <isOriginalCosponsor>True</isOriginalCosponsor>
        <fullName>Rep. Latta, Robert E. [R-OH-5]</fullName>
        <middleName>E.</middleName>
        <sponsorshipDate>2017-01-06</sponsorshipDate>
        <bioguideId>L000566</bioguideId>
        <lastName>Latta</lastName>
        <party>R</party>
        <district>5</district>
        <firstName>Robert</firstName>
        <state>OH</state>
        <identifiers>
          <bioguideId>L000566</bioguideId>
          <lisID>1885</lisID>
          <gpoId>8095</gpoId>
        </identifiers>
        <sponsorshipWithdrawnDate />
      </item>
      <item>
        <isOriginalCosponsor>True</isOriginalCosponsor>
        <fullName>Rep. Smith, Adrian [R-NE-3]</fullName>
        <middleName />
        <sponsorshipDate>2017-01-06</sponsorshipDate>
        <bioguideId>S001172</bioguideId>
        <lastName>Smith</lastName>
        <party>R</party>
        <district>3</district>
        <firstName>Adrian</firstName>
        <state>NE</state>
        <identifiers>
          <gpoId>8040</gpoId>
          <lisID>1860</lisID>
          <bioguideId>S001172</bioguideId>
        </identifiers>
        <sponsorshipWithdrawnDate />
      </item>
      <item>
        <isOriginalCosponsor>True</isOriginalCosponsor>
        <fullName>Rep. Sanford, Mark [R-SC-1]</fullName>
        <middleName />
        <sponsorshipDate>2017-01-06</sponsorshipDate>
        <bioguideId>S000051</bioguideId>
        <lastName>Sanford</lastName>
        <party>R</party>
        <district>1</district>
        <firstName>Mark</firstName>
        <state>SC</state>
        <identifiers>
          <lisID>1012</lisID>
          <gpoId />
          <bioguideId>S000051</bioguideId>
        </identifiers>
        <sponsorshipWithdrawnDate />
      </item>
      <item>
        <isOriginalCosponsor>True</isOriginalCosponsor>
        <fullName>Rep. Shimkus, John [R-IL-15]</fullName>
        <middleName>M.</middleName>
        <sponsorshipDate>2017-01-06</sponsorshipDate>
        <bioguideId>S000364</bioguideId>
        <lastName>SHIMKUS</lastName>
        <party>R</party>
        <district>15</district>
        <firstName>JOHN</firstName>
        <state>IL</state>
        <identifiers>
          <lisID>1527</lisID>
          <gpoId>7939</gpoId>
          <bioguideId>S000364</bioguideId>
        </identifiers>
        <sponsorshipWithdrawnDate />
      </item>
      <item>
        <isOriginalCosponsor>True</isOriginalCosponsor>
        <fullName>Rep. Huizenga, Bill [R-MI-2]</fullName>
        <middleName />
        <sponsorshipDate>2017-01-06</sponsorshipDate>
        <bioguideId>H001058</bioguideId>
        <lastName>Huizenga</lastName>
        <party>R</party>
        <district>2</district>
        <firstName>Bill</firstName>
        <state>MI</state>
        <identifiers>
          <lisID>2028</lisID>
          <gpoId>7987</gpoId>
          <bioguideId>H001058</bioguideId>
        </identifiers>
        <sponsorshipWithdrawnDate />
      </item>
      <item>
        <isOriginalCosponsor>True</isOriginalCosponsor>
        <fullName>Rep. Banks, Jim [R-IN-3]</fullName>
        <middleName />
        <sponsorshipDate>2017-01-06</sponsorshipDate>
        <bioguideId>B001299</bioguideId>
        <lastName>Banks</lastName>
        <party>R</party>
        <district>3</district>
        <firstName>Jim</firstName>
        <state>IN</state>
        <identifiers>
          <bioguideId>B001299</bioguideId>
          <lisID>2326</lisID>
          <gpoId />
        </identifiers>
        <sponsorshipWithdrawnDate />
      </item>
      <item>
        <isOriginalCosponsor>True</isOriginalCosponsor>
        <fullName>Rep. Smith, Lamar [R-TX-21]</fullName>
        <middleName />
        <sponsorshipDate>2017-01-06</sponsorshipDate>
        <bioguideId>S000583</bioguideId>
        <lastName>SMITH</lastName>
        <party>R</party>
        <district>21</district>
        <firstName>LAMAR</firstName>
        <state>TX</state>
        <identifiers>
          <bioguideId>S000583</bioguideId>
          <gpoId>8177</gpoId>
          <lisID>1075</lisID>
        </identifiers>
        <sponsorshipWithdrawnDate />
      </item>
      <item>
        <isOriginalCosponsor>True</isOriginalCosponsor>
        <fullName>Rep. Shuster, Bill [R-PA-9]</fullName>
        <middleName />
        <sponsorshipDate>2017-01-06</sponsorshipDate>
        <bioguideId>S001154</bioguideId>
        <lastName>Shuster</lastName>
        <party>R</party>
        <district>9</district>
        <firstName>Bill</firstName>
        <state>PA</state>
        <identifiers>
          <gpoId>8127</gpoId>
          <lisID>1681</lisID>
          <bioguideId>S001154</bioguideId>
        </identifiers>
        <sponsorshipWithdrawnDate />
      </item>
      <item>
        <isOriginalCosponsor>True</isOriginalCosponsor>
        <fullName>Rep. Rogers, Mike D. [R-AL-3]</fullName>
        <middleName />
        <sponsorshipDate>2017-01-06</sponsorshipDate>
        <bioguideId>R000575</bioguideId>
        <lastName>Rogers</lastName>
        <party>R</party>
        <district>3</district>
        <firstName>Mike</firstName>
        <state>AL</state>
        <identifiers>
          <bioguideId>R000575</bioguideId>
          <lisID>1704</lisID>
          <gpoId>7788</gpoId>
        </identifiers>
        <sponsorshipWithdrawnDate />
      </item>
      <item>
        <isOriginalCosponsor>True</isOriginalCosponsor>
        <fullName>Rep. Calvert, Ken [R-CA-42]</fullName>
        <middleName />
        <sponsorshipDate>2017-01-06</sponsorshipDate>
        <bioguideId>C000059</bioguideId>
        <lastName>CALVERT</lastName>
        <party>R</party>
        <district>42</district>
        <firstName>KEN</firstName>
        <state>CA</state>
        <identifiers>
          <lisID>165</lisID>
          <gpoId>7849</gpoId>
          <bioguideId>C000059</bioguideId>
        </identifiers>
        <sponsorshipWithdrawnDate />
      </item>
      <item>
        <isOriginalCosponsor>True</isOriginalCosponsor>
        <fullName>Rep. Poe, Ted [R-TX-2]</fullName>
        <middleName />
        <sponsorshipDate>2017-01-06</sponsorshipDate>
        <bioguideId>P000592</bioguideId>
        <lastName>Poe</lastName>
        <party>R</party>
        <district>2</district>
        <firstName>Ted</firstName>
        <state>TX</state>
        <identifiers>
          <lisID>1802</lisID>
          <gpoId>8158</gpoId>
          <bioguideId>P000592</bioguideId>
        </identifiers>
        <sponsorshipWithdrawnDate />
      </item>
      <item>
        <isOriginalCosponsor>True</isOriginalCosponsor>
        <fullName>Rep. Williams, Roger [R-TX-25]</fullName>
        <middleName />
        <sponsorshipDate>2017-01-06</sponsorshipDate>
        <bioguideId>W000816</bioguideId>
        <lastName>Williams</lastName>
        <party>R</party>
        <district>25</district>
        <firstName>Roger</firstName>
        <state>TX</state>
        <identifiers>
          <bioguideId>W000816</bioguideId>
          <lisID>2165</lisID>
          <gpoId />
        </identifiers>
        <sponsorshipWithdrawnDate />
      </item>
      <item>
        <isOriginalCosponsor>True</isOriginalCosponsor>
        <fullName>Rep. Brady, Kevin [R-TX-8]</fullName>
        <middleName />
        <sponsorshipDate>2017-01-06</sponsorshipDate>
        <bioguideId>B000755</bioguideId>
        <lastName>BRADY</lastName>
        <party>R</party>
        <district>8</district>
        <firstName>KEVIN</firstName>
        <state>TX</state>
        <identifiers>
          <lisID>1468</lisID>
          <gpoId>8164</gpoId>
          <bioguideId>B000755</bioguideId>
        </identifiers>
        <sponsorshipWithdrawnDate />
      </item>
      <item>
        <isOriginalCosponsor>True</isOriginalCosponsor>
        <fullName>Rep. Sessions, Pete [R-TX-32]</fullName>
        <middleName />
        <sponsorshipDate>2017-01-06</sponsorshipDate>
        <bioguideId>S000250</bioguideId>
        <lastName>SESSIONS</lastName>
        <party>R</party>
        <district>32</district>
        <firstName>PETE</firstName>
        <state>TX</state>
        <identifiers>
          <lisID>1525</lisID>
          <bioguideId>S000250</bioguideId>
          <gpoId>8188</gpoId>
        </identifiers>
        <sponsorshipWithdrawnDate />
      </item>
      <item>
        <isOriginalCosponsor>True</isOriginalCosponsor>
        <fullName>Rep. Roby, Martha [R-AL-2]</fullName>
        <middleName />
        <sponsorshipDate>2017-01-06</sponsorshipDate>
        <bioguideId>R000591</bioguideId>
        <lastName>Roby</lastName>
        <party>R</party>
        <district>2</district>
        <firstName>Martha</firstName>
        <state>AL</state>
        <identifiers>
          <lisID>1986</lisID>
          <gpoId>7787</gpoId>
          <bioguideId>R000591</bioguideId>
        </identifiers>
        <sponsorshipWithdrawnDate />
      </item>
      <item>
        <isOriginalCosponsor>True</isOriginalCosponsor>
        <fullName>Rep. Wittman, Robert J. [R-VA-1]</fullName>
        <middleName>J.</middleName>
        <sponsorshipDate>2017-01-06</sponsorshipDate>
        <bioguideId>W000804</bioguideId>
        <lastName>Wittman</lastName>
        <party>R</party>
        <district>1</district>
        <firstName>Robert</firstName>
        <state>VA</state>
        <identifiers>
          <lisID>1886</lisID>
          <gpoId>8192</gpoId>
          <bioguideId>W000804</bioguideId>
        </identifiers>
        <sponsorshipWithdrawnDate />
      </item>
      <item>
        <isOriginalCosponsor>True</isOriginalCosponsor>
        <fullName>Rep. Loudermilk, Barry [R-GA-11]</fullName>
        <middleName />
        <sponsorshipDate>2017-01-06</sponsorshipDate>
        <bioguideId>L000583</bioguideId>
        <lastName>Loudermilk</lastName>
        <party>R</party>
        <district>11</district>
        <firstName>Barry</firstName>
        <state>GA</state>
        <identifiers>
          <lisID>2238</lisID>
          <bioguideId>L000583</bioguideId>
          <gpoId />
        </identifiers>
        <sponsorshipWithdrawnDate />
      </item>
      <item>
        <isOriginalCosponsor>True</isOriginalCosponsor>
        <fullName>Rep. Bucshon, Larry [R-IN-8]</fullName>
        <middleName />
        <sponsorshipDate>2017-01-06</sponsorshipDate>
        <bioguideId>B001275</bioguideId>
        <lastName>Bucshon</lastName>
        <party>R</party>
        <district>8</district>
        <firstName>Larry</firstName>
        <state>IN</state>
        <identifiers>
          <bioguideId>B001275</bioguideId>
          <lisID>2018</lisID>
          <gpoId>7947</gpoId>
        </identifiers>
        <sponsorshipWithdrawnDate />
      </item>
      <item>
        <isOriginalCosponsor>True</isOriginalCosponsor>
        <fullName>Rep. Graves, Tom [R-GA-14]</fullName>
        <middleName />
        <sponsorshipDate>2017-01-06</sponsorshipDate>
        <bioguideId>G000560</bioguideId>
        <lastName>Graves</lastName>
        <party>R</party>
        <district>14</district>
        <firstName>Tom</firstName>
        <state>GA</state>
        <identifiers>
          <gpoId>7906</gpoId>
          <bioguideId>G000560</bioguideId>
          <lisID>1979</lisID>
        </identifiers>
        <sponsorshipWithdrawnDate />
      </item>
      <item>
        <isOriginalCosponsor>True</isOriginalCosponsor>
        <fullName>Rep. Noem, Kristi L. [R-SD-At Large]</fullName>
        <middleName>L.</middleName>
        <sponsorshipDate>2017-01-06</sponsorshipDate>
        <bioguideId>N000184</bioguideId>
        <lastName>Noem</lastName>
        <party>R</party>
        <district>0</district>
        <firstName>Kristi</firstName>
        <state>SD</state>
        <identifiers>
          <lisID>2060</lisID>
          <bioguideId>N000184</bioguideId>
          <gpoId>8147</gpoId>
        </identifiers>
        <sponsorshipWithdrawnDate />
      </item>
      <item>
        <isOriginalCosponsor>True</isOriginalCosponsor>
        <fullName>Rep. Duffy, Sean P. [R-WI-7]</fullName>
        <middleName>P.</middleName>
        <sponsorshipDate>2017-01-06</sponsorshipDate>
        <bioguideId>D000614</bioguideId>
        <lastName>Duffy</lastName>
        <party>R</party>
        <district>7</district>
        <firstName>Sean</firstName>
        <state>WI</state>
        <identifiers>
          <lisID>2072</lisID>
          <bioguideId>D000614</bioguideId>
          <gpoId>8220</gpoId>
        </identifiers>
        <sponsorshipWithdrawnDate />
      </item>
      <item>
        <isOriginalCosponsor>True</isOriginalCosponsor>
        <fullName>Rep. Walberg, Tim [R-MI-7]</fullName>
        <middleName />
        <sponsorshipDate>2017-01-06</sponsorshipDate>
        <bioguideId>W000798</bioguideId>
        <lastName>Walberg</lastName>
        <party>R</party>
        <district>7</district>
        <firstName>Tim</firstName>
        <state>MI</state>
        <identifiers>
          <gpoId>7992</gpoId>
          <lisID>1855</lisID>
          <bioguideId>W000798</bioguideId>
        </identifiers>
        <sponsorshipWithdrawnDate />
      </item>
      <item>
        <isOriginalCosponsor>True</isOriginalCosponsor>
        <fullName>Rep. Stewart, Chris [R-UT-2]</fullName>
        <middleName />
        <sponsorshipDate>2017-01-06</sponsorshipDate>
        <bioguideId>S001192</bioguideId>
        <lastName>Stewart</lastName>
        <party>R</party>
        <district>2</district>
        <firstName>Chris</firstName>
        <state>UT</state>
        <identifiers>
          <bioguideId>S001192</bioguideId>
          <lisID>2168</lisID>
          <gpoId />
        </identifiers>
        <sponsorshipWithdrawnDate />
      </item>
      <item>
        <isOriginalCosponsor>True</isOriginalCosponsor>
        <fullName>Rep. Walker, Mark [R-NC-6]</fullName>
        <middleName />
        <sponsorshipDate>2017-01-06</sponsorshipDate>
        <bioguideId>W000819</bioguideId>
        <lastName>Walker</lastName>
        <party>R</party>
        <district>6</district>
        <firstName>Mark</firstName>
        <state>NC</state>
        <identifiers>
          <bioguideId>W000819</bioguideId>
          <gpoId />
          <lisID>2255</lisID>
        </identifiers>
        <sponsorshipWithdrawnDate />
      </item>
      <item>
        <isOriginalCosponsor>True</isOriginalCosponsor>
        <fullName>Rep. Kustoff, David [R-TN-8]</fullName>
        <middleName />
        <sponsorshipDate>2017-01-06</sponsorshipDate>
        <bioguideId>K000392</bioguideId>
        <lastName>Kustoff</lastName>
        <party>R</party>
        <district>8</district>
        <firstName>David</firstName>
        <state>TN</state>
        <identifiers>
          <lisID>2348</lisID>
          <gpoId />
          <bioguideId>K000392</bioguideId>
        </identifiers>
        <sponsorshipWithdrawnDate />
      </item>
      <item>
        <isOriginalCosponsor>True</isOriginalCosponsor>
        <fullName>Rep. Griffith, H. Morgan [R-VA-9]</fullName>
        <middleName>Morgan</middleName>
        <sponsorshipDate>2017-01-06</sponsorshipDate>
        <bioguideId>G000568</bioguideId>
        <lastName>Griffith</lastName>
        <party>R</party>
        <district>9</district>
        <firstName>H.</firstName>
        <state>VA</state>
        <identifiers>
          <gpoId>8200</gpoId>
          <lisID>2070</lisID>
          <bioguideId>G000568</bioguideId>
        </identifiers>
        <sponsorshipWithdrawnDate />
      </item>
      <item>
        <isOriginalCosponsor>True</isOriginalCosponsor>
        <fullName>Rep. Luetkemeyer, Blaine [R-MO-3]</fullName>
        <middleName />
        <sponsorshipDate>2017-01-06</sponsorshipDate>
        <bioguideId>L000569</bioguideId>
        <lastName>Luetkemeyer</lastName>
        <party>R</party>
        <district>3</district>
        <firstName>Blaine</firstName>
        <state>MO</state>
        <identifiers>
          <lisID>1931</lisID>
          <bioguideId>L000569</bioguideId>
          <gpoId>8017</gpoId>
        </identifiers>
        <sponsorshipWithdrawnDate />
      </item>
      <item>
        <isOriginalCosponsor>True</isOriginalCosponsor>
        <fullName>Rep. Palmer, Gary J. [R-AL-6]</fullName>
        <middleName>J.</middleName>
        <sponsorshipDate>2017-01-06</sponsorshipDate>
        <bioguideId>P000609</bioguideId>
        <lastName>Palmer</lastName>
        <party>R</party>
        <district>6</district>
        <firstName>Gary</firstName>
        <state>AL</state>
        <identifiers>
          <lisID>2221</lisID>
          <gpoId />
          <bioguideId>P000609</bioguideId>
        </identifiers>
        <sponsorshipWithdrawnDate />
      </item>
      <item>
        <isOriginalCosponsor>True</isOriginalCosponsor>
        <fullName>Rep. Smith, Jason [R-MO-8]</fullName>
        <middleName />
        <sponsorshipDate>2017-01-06</sponsorshipDate>
        <bioguideId>S001195</bioguideId>
        <lastName>Smith</lastName>
        <party>R</party>
        <district>8</district>
        <firstName>Jason</firstName>
        <state>MO</state>
        <identifiers>
          <lisID>2191</lisID>
          <gpoId />
          <bioguideId>S001195</bioguideId>
        </identifiers>
        <sponsorshipWithdrawnDate />
      </item>
      <item>
        <isOriginalCosponsor>True</isOriginalCosponsor>
        <fullName>Rep. Weber, Randy K., Sr. [R-TX-14]</fullName>
        <middleName>K.</middleName>
        <sponsorshipDate>2017-01-06</sponsorshipDate>
        <bioguideId>W000814</bioguideId>
        <lastName>Weber</lastName>
        <party>R</party>
        <district>14</district>
        <firstName>Randy</firstName>
        <state>TX</state>
        <identifiers>
          <lisID>2161</lisID>
          <bioguideId>W000814</bioguideId>
          <gpoId />
        </identifiers>
        <sponsorshipWithdrawnDate />
      </item>
      <item>
        <isOriginalCosponsor>True</isOriginalCosponsor>
        <fullName>Rep. Valadao, David G. [R-CA-21]</fullName>
        <middleName>G.</middleName>
        <sponsorshipDate>2017-01-06</sponsorshipDate>
        <bioguideId>V000129</bioguideId>
        <lastName>Valadao</lastName>
        <party>R</party>
        <district>21</district>
        <firstName>David</firstName>
        <state>CA</state>
        <identifiers>
          <lisID>2105</lisID>
          <bioguideId>V000129</bioguideId>
          <gpoId />
        </identifiers>
        <sponsorshipWithdrawnDate />
      </item>
      <item>
        <isOriginalCosponsor>True</isOriginalCosponsor>
        <fullName>Rep. Scalise, Steve [R-LA-1]</fullName>
        <middleName />
        <sponsorshipDate>2017-01-06</sponsorshipDate>
        <bioguideId>S001176</bioguideId>
        <lastName>Scalise</lastName>
        <party>R</party>
        <district>1</district>
        <firstName>Steve</firstName>
        <state>LA</state>
        <identifiers>
          <gpoId>7959</gpoId>
          <lisID>1892</lisID>
          <bioguideId>S001176</bioguideId>
        </identifiers>
        <sponsorshipWithdrawnDate />
      </item>
      <item>
        <isOriginalCosponsor>True</isOriginalCosponsor>
        <fullName>Rep. Rouzer, David [R-NC-7]</fullName>
        <middleName />
        <sponsorshipDate>2017-01-06</sponsorshipDate>
        <bioguideId>R000603</bioguideId>
        <lastName>Rouzer</lastName>
        <party>R</party>
        <district>7</district>
        <firstName>David</firstName>
        <state>NC</state>
        <identifiers>
          <bioguideId>R000603</bioguideId>
          <lisID>2256</lisID>
          <gpoId />
        </identifiers>
        <sponsorshipWithdrawnDate />
      </item>
      <item>
        <isOriginalCosponsor>True</isOriginalCosponsor>
        <fullName>Rep. Posey, Bill [R-FL-8]</fullName>
        <middleName />
        <sponsorshipDate>2017-01-06</sponsorshipDate>
        <bioguideId>P000599</bioguideId>
        <lastName>Posey</lastName>
        <party>R</party>
        <district>8</district>
        <firstName>Bill</firstName>
        <state>FL</state>
        <identifiers>
          <bioguideId>P000599</bioguideId>
          <gpoId>7887</gpoId>
          <lisID>1915</lisID>
        </identifiers>
        <sponsorshipWithdrawnDate />
      </item>
      <item>
        <isOriginalCosponsor>True</isOriginalCosponsor>
        <fullName>Rep. Tiberi, Patrick J. [R-OH-12]</fullName>
        <middleName>J.</middleName>
        <sponsorshipDate>2017-01-06</sponsorshipDate>
        <bioguideId>T000462</bioguideId>
        <lastName>TIBERI</lastName>
        <party>R</party>
        <district>12</district>
        <firstName>PATRICK</firstName>
        <state>OH</state>
        <identifiers>
          <lisID>1664</lisID>
          <bioguideId>T000462</bioguideId>
          <gpoId>8102</gpoId>
        </identifiers>
        <sponsorshipWithdrawnDate />
      </item>
      <item>
        <isOriginalCosponsor>True</isOriginalCosponsor>
        <fullName>Rep. Cole, Tom [R-OK-4]</fullName>
        <middleName />
        <sponsorshipDate>2017-01-06</sponsorshipDate>
        <bioguideId>C001053</bioguideId>
        <lastName>Cole</lastName>
        <party>R</party>
        <district>4</district>
        <firstName>Tom</firstName>
        <state>OK</state>
        <identifiers>
          <bioguideId>C001053</bioguideId>
          <gpoId>8112</gpoId>
          <lisID>1742</lisID>
        </identifiers>
        <sponsorshipWithdrawnDate />
      </item>
      <item>
        <isOriginalCosponsor>True</isOriginalCosponsor>
        <fullName>Rep. Yoder, Kevin [R-KS-3]</fullName>
        <middleName />
        <sponsorshipDate>2017-01-06</sponsorshipDate>
        <bioguideId>Y000063</bioguideId>
        <lastName>Yoder</lastName>
        <party>R</party>
        <district>3</district>
        <firstName>Kevin</firstName>
        <state>KS</state>
        <identifiers>
          <lisID>2021</lisID>
          <bioguideId>Y000063</bioguideId>
          <gpoId>7951</gpoId>
        </identifiers>
        <sponsorshipWithdrawnDate />
      </item>
      <item>
        <isOriginalCosponsor>True</isOriginalCosponsor>
        <fullName>Rep. Graves, Garret [R-LA-6]</fullName>
        <middleName />
        <sponsorshipDate>2017-01-06</sponsorshipDate>
        <bioguideId>G000577</bioguideId>
        <lastName>Graves</lastName>
        <party>R</party>
        <district>6</district>
        <firstName>Garret</firstName>
        <state>LA</state>
        <identifiers>
          <lisID>2245</lisID>
          <bioguideId>G000577</bioguideId>
          <gpoId />
        </identifiers>
        <sponsorshipWithdrawnDate />
      </item>
      <item>
        <isOriginalCosponsor>True</isOriginalCosponsor>
        <fullName>Rep. Biggs, Andy [R-AZ-5]</fullName>
        <middleName />
        <sponsorshipDate>2017-01-06</sponsorshipDate>
        <bioguideId>B001302</bioguideId>
        <lastName>Biggs</lastName>
        <party>R</party>
        <district>5</district>
        <firstName>Andy</firstName>
        <state>AZ</state>
        <identifiers>
          <gpoId />
          <bioguideId>B001302</bioguideId>
          <lisID>2307</lisID>
        </identifiers>
        <sponsorshipWithdrawnDate />
      </item>
      <item>
        <isOriginalCosponsor>True</isOriginalCosponsor>
        <fullName>Rep. Comer, James [R-KY-1]</fullName>
        <middleName />
        <sponsorshipDate>2017-01-06</sponsorshipDate>
        <bioguideId>C001108</bioguideId>
        <lastName>Comer</lastName>
        <party>R</party>
        <district>1</district>
        <firstName>James</firstName>
        <state>KY</state>
        <identifiers>
          <lisID>2297</lisID>
          <gpoId />
          <bioguideId>C001108</bioguideId>
        </identifiers>
        <sponsorshipWithdrawnDate />
      </item>
      <item>
        <isOriginalCosponsor>True</isOriginalCosponsor>
        <fullName>Rep. Johnson, Sam [R-TX-3]</fullName>
        <middleName />
        <sponsorshipDate>2017-01-06</sponsorshipDate>
        <bioguideId>J000174</bioguideId>
        <lastName>JOHNSON</lastName>
        <party>R</party>
        <district>3</district>
        <firstName>SAM</firstName>
        <state>TX</state>
        <identifiers>
          <lisID>603</lisID>
          <bioguideId>J000174</bioguideId>
          <gpoId>8159</gpoId>
        </identifiers>
        <sponsorshipWithdrawnDate />
      </item>
      <item>
        <isOriginalCosponsor>True</isOriginalCosponsor>
        <fullName>Rep. LaHood, Darin [R-IL-18]</fullName>
        <middleName />
        <sponsorshipDate>2017-01-06</sponsorshipDate>
        <bioguideId>L000585</bioguideId>
        <lastName>LaHood</lastName>
        <party>R</party>
        <district>18</district>
        <firstName>Darin</firstName>
        <state>IL</state>
        <identifiers>
          <bioguideId>L000585</bioguideId>
          <lisID>2295</lisID>
          <gpoId />
        </identifiers>
        <sponsorshipWithdrawnDate />
      </item>
      <item>
        <isOriginalCosponsor>False</isOriginalCosponsor>
        <fullName>Rep. Gowdy, Trey [R-SC-4]</fullName>
        <middleName />
        <sponsorshipDate>2017-01-11</sponsorshipDate>
        <bioguideId>G000566</bioguideId>
        <lastName>Gowdy</lastName>
        <party>R</party>
        <district>4</district>
        <firstName>Trey</firstName>
        <state>SC</state>
        <identifiers>
          <lisID>2058</lisID>
          <gpoId>8144</gpoId>
          <bioguideId>G000566</bioguideId>
        </identifiers>
        <sponsorshipWithdrawnDate />
      </item>
      <item>
        <isOriginalCosponsor>False</isOriginalCosponsor>
        <fullName>Rep. Chaffetz, Jason [R-UT-3]</fullName>
        <middleName />
        <sponsorshipDate>2017-01-11</sponsorshipDate>
        <bioguideId>C001076</bioguideId>
        <lastName>Chaffetz</lastName>
        <party>R</party>
        <district>3</district>
        <firstName>Jason</firstName>
        <state>UT</state>
        <identifiers>
          <gpoId>8191</gpoId>
          <bioguideId>C001076</bioguideId>
          <lisID>1956</lisID>
        </identifiers>
        <sponsorshipWithdrawnDate />
      </item>
      <item>
        <isOriginalCosponsor>False</isOriginalCosponsor>
        <fullName>Rep. Rooney, Francis [R-FL-19]</fullName>
        <middleName />
        <sponsorshipDate>2017-01-11</sponsorshipDate>
        <bioguideId>R000607</bioguideId>
        <lastName>Rooney</lastName>
        <party>R</party>
        <district>19</district>
        <firstName>Francis</firstName>
        <state>FL</state>
        <identifiers>
          <lisID>2323</lisID>
          <gpoId />
          <bioguideId>R000607</bioguideId>
        </identifiers>
        <sponsorshipWithdrawnDate />
      </item>
      <item>
        <isOriginalCosponsor>False</isOriginalCosponsor>
        <fullName>Rep. Davis, Rodney [R-IL-13]</fullName>
        <middleName />
        <sponsorshipDate>2017-01-11</sponsorshipDate>
        <bioguideId>D000619</bioguideId>
        <lastName>Davis</lastName>
        <party>R</party>
        <district>13</district>
        <firstName>Rodney</firstName>
        <state>IL</state>
        <identifiers>
          <bioguideId>D000619</bioguideId>
          <gpoId />
          <lisID>2126</lisID>
        </identifiers>
        <sponsorshipWithdrawnDate />
      </item>
      <item>
        <isOriginalCosponsor>False</isOriginalCosponsor>
        <fullName>Rep. Higgins, Clay [R-LA-3]</fullName>
        <middleName />
        <sponsorshipDate>2017-01-11</sponsorshipDate>
        <bioguideId>H001077</bioguideId>
        <lastName>Higgins</lastName>
        <party>R</party>
        <district>3</district>
        <firstName>Clay</firstName>
        <state>LA</state>
        <identifiers>
          <bioguideId>H001077</bioguideId>
          <gpoId />
          <lisID>2329</lisID>
        </identifiers>
        <sponsorshipWithdrawnDate />
      </item>
      <item>
        <isOriginalCosponsor>False</isOriginalCosponsor>
        <fullName>Rep. Mitchell, Paul [R-MI-10]</fullName>
        <middleName />
        <sponsorshipDate>2017-01-24</sponsorshipDate>
        <bioguideId>M001201</bioguideId>
        <lastName>Mitchell</lastName>
        <party>R</party>
        <district>10</district>
        <firstName>Paul</firstName>
        <state>MI</state>
        <identifiers>
          <lisID>2334</lisID>
          <bioguideId>M001201</bioguideId>
          <gpoId />
        </identifiers>
        <sponsorshipWithdrawnDate />
      </item>
      <item>
        <isOriginalCosponsor>False</isOriginalCosponsor>
        <fullName>Rep. Marshall, Roger W. [R-KS-1]</fullName>
        <middleName>W.</middleName>
        <sponsorshipDate>2017-01-31</sponsorshipDate>
        <bioguideId>M001198</bioguideId>
        <lastName>Marshall</lastName>
        <party>R</party>
        <district>1</district>
        <firstName>Roger</firstName>
        <state>KS</state>
        <identifiers>
          <lisID>2328</lisID>
          <gpoId />
          <bioguideId>M001198</bioguideId>
        </identifiers>
        <sponsorshipWithdrawnDate />
      </item>
      <item>
        <isOriginalCosponsor>False</isOriginalCosponsor>
        <fullName>Rep. Murphy, Tim [R-PA-18]</fullName>
        <middleName />
        <sponsorshipDate>2017-01-31</sponsorshipDate>
        <bioguideId>M001151</bioguideId>
        <lastName>Murphy</lastName>
        <party>R</party>
        <district>18</district>
        <firstName>Tim</firstName>
        <state>PA</state>
        <identifiers>
          <bioguideId>M001151</bioguideId>
          <gpoId>8723</gpoId>
          <lisID>1744</lisID>
        </identifiers>
        <sponsorshipWithdrawnDate />
      </item>
      <item>
        <isOriginalCosponsor>False</isOriginalCosponsor>
        <fullName>Rep. Rice, Tom [R-SC-7]</fullName>
        <middleName />
        <sponsorshipDate>2017-02-01</sponsorshipDate>
        <bioguideId>R000597</bioguideId>
        <lastName>Rice</lastName>
        <party>R</party>
        <district>7</district>
        <firstName>Tom</firstName>
        <state>SC</state>
        <identifiers>
          <bioguideId>R000597</bioguideId>
          <gpoId />
          <lisID>2160</lisID>
        </identifiers>
        <sponsorshipWithdrawnDate />
      </item>
      <item>
        <isOriginalCosponsor>False</isOriginalCosponsor>
        <fullName>Rep. Goodlatte, Bob [R-VA-6]</fullName>
        <middleName>W.</middleName>
        <sponsorshipDate>2017-03-15</sponsorshipDate>
        <bioguideId>G000289</bioguideId>
        <lastName>GOODLATTE</lastName>
        <party>R</party>
        <district>6</district>
        <firstName>ROBERT</firstName>
        <state>VA</state>
        <identifiers>
          <gpoId>8197</gpoId>
          <lisID>446</lisID>
          <bioguideId>G000289</bioguideId>
        </identifiers>
        <sponsorshipWithdrawnDate />
      </item>
      <item>
        <isOriginalCosponsor>False</isOriginalCosponsor>
        <fullName>Rep. Ferguson, A. Drew, IV [R-GA-3]</fullName>
        <middleName>Drew</middleName>
        <sponsorshipDate>2017-03-15</sponsorshipDate>
        <bioguideId>F000465</bioguideId>
        <lastName>Ferguson</lastName>
        <party>R</party>
        <district>3</district>
        <firstName>A.</firstName>
        <state>GA</state>
        <identifiers>
          <gpoId />
          <lisID>2324</lisID>
          <bioguideId>F000465</bioguideId>
        </identifiers>
        <sponsorshipWithdrawnDate />
      </item>
      <item>
        <isOriginalCosponsor>False</isOriginalCosponsor>
        <fullName>Rep. Arrington, Jodey C. [R-TX-19]</fullName>
        <middleName>C.</middleName>
        <sponsorshipDate>2017-03-23</sponsorshipDate>
        <bioguideId>A000375</bioguideId>
        <lastName>Arrington</lastName>
        <party>R</party>
        <district>19</district>
        <firstName>Jodey</firstName>
        <state>TX</state>
        <identifiers>
          <gpoId />
          <lisID>2350</lisID>
          <bioguideId>A000375</bioguideId>
        </identifiers>
        <sponsorshipWithdrawnDate />
      </item>
      <item>
        <isOriginalCosponsor>False</isOriginalCosponsor>
        <fullName>Rep. Barton, Joe [R-TX-6]</fullName>
        <middleName>L.</middleName>
        <sponsorshipDate>2017-04-25</sponsorshipDate>
        <bioguideId>B000213</bioguideId>
        <lastName>BARTON</lastName>
        <party>R</party>
        <district>6</district>
        <firstName>JOE</firstName>
        <state>TX</state>
        <identifiers>
          <bioguideId>B000213</bioguideId>
          <lisID>62</lisID>
          <gpoId>8162</gpoId>
        </identifiers>
        <sponsorshipWithdrawnDate />
      </item>
      <item>
        <isOriginalCosponsor>False</isOriginalCosponsor>
        <fullName>Rep. Foxx, Virginia [R-NC-5]</fullName>
        <middleName />
        <sponsorshipDate>2017-05-16</sponsorshipDate>
        <bioguideId>F000450</bioguideId>
        <lastName>Foxx</lastName>
        <party>R</party>
        <district>5</district>
        <firstName>Virginia</firstName>
        <state>NC</state>
        <identifiers>
          <bioguideId>F000450</bioguideId>
          <gpoId>8028</gpoId>
          <lisID>1791</lisID>
        </identifiers>
        <sponsorshipWithdrawnDate />
      </item>
      <item>
        <isOriginalCosponsor>False</isOriginalCosponsor>
        <fullName>Rep. Johnson, Mike [R-LA-4]</fullName>
        <middleName />
        <sponsorshipDate>2017-05-16</sponsorshipDate>
        <bioguideId>J000299</bioguideId>
        <lastName>Johnson</lastName>
        <party>R</party>
        <district>4</district>
        <firstName>Mike</firstName>
        <state>LA</state>
        <identifiers>
          <lisID>2330</lisID>
          <bioguideId>J000299</bioguideId>
          <gpoId />
        </identifiers>
        <sponsorshipWithdrawnDate />
      </item>
      <item>
        <isOriginalCosponsor>False</isOriginalCosponsor>
        <fullName>Rep. Renacci, James B. [R-OH-16]</fullName>
        <middleName>B.</middleName>
        <sponsorshipDate>2017-10-02</sponsorshipDate>
        <bioguideId>R000586</bioguideId>
        <lastName>Renacci</lastName>
        <party>R</party>
        <district>16</district>
        <firstName>James</firstName>
        <state>OH</state>
        <identifiers>
          <lisID>2048</lisID>
          <bioguideId>R000586</bioguideId>
          <gpoId>8106</gpoId>
        </identifiers>
        <sponsorshipWithdrawnDate />
      </item>
      <item>
        <isOriginalCosponsor>False</isOriginalCosponsor>
        <fullName>Rep. Norman, Ralph [R-SC-5]</fullName>
        <middleName />
        <sponsorshipDate>2018-01-25</sponsorshipDate>
        <bioguideId>N000190</bioguideId>
        <lastName>Norman</lastName>
        <party>R</party>
        <district>5</district>
        <firstName>Ralph</firstName>
        <state>SC</state>
        <identifiers>
          <lisID>2361</lisID>
          <bioguideId>N000190</bioguideId>
          <gpoId />
        </identifiers>
        <sponsorshipWithdrawnDate />
      </item>
    </cosponsors>
    <summaries>
      <billSummaries>
        <item>
          <lastSummaryUpdateDate>2017-02-01T19:16:19Z</lastSummaryUpdateDate>
          <updateDate>2017-01-06T05:00:00Z</updateDate>
          <versionCode>00</versionCode>
          <text><![CDATA[<p><b>Defund Planned Parenthood Act of 2017</b></p> <p>This bill prohibits, for a one-year period, the availability of federal funds for any purpose to Planned Parenthood Federation of America, Inc., or any of its affiliates or clinics, unless they certify that the affiliates and clinics will not perform, and will not provide any funds to any other entity that performs, an abortion during such period. This restriction does not apply in cases of rape or incest or where a physical condition endangers a woman's life unless an abortion is performed.</p> <p>The Department of Health and Human Services and the Department of Agriculture must seek repayment of federal assistance received by Planned Parenthood Federation of America, Inc., or any affiliate or clinic, if it violates the terms of the certification required by this bill.</p> <p>Additional funding for community health centers is provided for the one-year period described above.</p>]]></text>
          <name>Introduced in House</name>
          <actionDesc>Introduced in House</actionDesc>
          <actionDate>2017-01-06</actionDate>
        </item>
      </billSummaries>
    </summaries>
    <policyArea>
      <name>Health</name>
    </policyArea>
    <latestAction>
      <links />
      <actionDate>2017-01-25</actionDate>
      <text>Referred to the Subcommittee on Health.</text>
    </latestAction>
    <updateDate>2018-02-06T16:40:42Z</updateDate>
    <committees>
      <billCommittees>
        <item>
          <type>Standing</type>
          <systemCode>hsif00</systemCode>
          <subcommittees>
            <item>
              <activities>
                <item>
                  <date>2017-01-25T14:29:10Z</date>
                  <name>Referred to</name>
                </item>
              </activities>
              <systemCode>hsif14</systemCode>
              <name>Health Subcommittee</name>
            </item>
          </subcommittees>
          <activities>
            <item>
              <date>2017-01-06T17:02:00Z</date>
              <name>Referred to</name>
            </item>
          </activities>
          <chamber>House</chamber>
          <name>Energy and Commerce Committee</name>
        </item>
      </billCommittees>
    </committees>
    <createDate>2017-01-07T04:48:26Z</createDate>
    <title>Defund Planned Parenthood Act of 2017</title>
    <committeeReports />
    <calendarNumbers />
  </bill>
  <dublinCore xmlns:dc="http://purl.org/dc/elements/1.1/">
    <dc:format>text/xml</dc:format>
    <dc:language>EN</dc:language>
    <dc:rights>Pursuant to Title 17 Section 105 of the United States Code, this file is not subject to copyright protection and is in the public domain.</dc:rights>
    <dc:contributor>Congressional Research Service, Library of Congress</dc:contributor>
    <dc:description>This file contains bill summaries and statuses for federal legislation. A bill summary describes the most significant provisions of a piece of legislation and details the effects the legislative text may have on current law and federal programs. Bill summaries are authored by the Congressional Research Service (CRS) of the Library of Congress. As stated in Public Law 91-510 (2 USC 166 (d)(6)), one of the duties of CRS is "to prepare summaries and digests of bills and resolutions of a public general nature introduced in the Senate or House of Representatives". For more information, refer to the User Guide that accompanies this file.</dc:description>
  </dublinCore>
</billStatus>

