<?xml version="1.0" encoding="UTF-8"?>
<billStatus>
  <bill>
    <createDate>2017-01-04T07:01:13Z</createDate>
    <billNumber>220</billNumber>
    <originChamber>House</originChamber>
    <cosponsors />
    <constitutionalAuthorityStatementText><![CDATA[<pre>From the Congressional Record Online through the Government Publishing Office [<a href='http://www.gpo.gov'>www.gpo.gov</a>]By Mr. YOUNG of Alaska:H.R. 220.Congress has the power to enact this legislation pursuantto the following:Article 1, Section 8,Clause I. & Article I, Section 8, Clause 3The Congress shall have Power To lay and collect Taxes,Duties, Imposts and Excises, to pay the Debts and provide forthe common Defense and general Welfare of the United States;but all Duties, Imposts and Excises shall be uniformthroughout the United StatesThe Congress shall have Power to regulate Commerce withforeign Nations, and among the several States, and with theIndian Tribes;[Page H53]</pre>]]></constitutionalAuthorityStatementText>
    <version>1.0.0</version>
    <laws />
    <sponsors>
      <item>
        <fullName>Rep. Young, Don [R-AK-At Large]</fullName>
        <party>R</party>
        <bioguideId>Y000033</bioguideId>
        <lastName>YOUNG</lastName>
        <middleName>E.</middleName>
        <identifiers>
          <bioguideId>Y000033</bioguideId>
          <gpoId>7785</gpoId>
          <lisID>1256</lisID>
        </identifiers>
        <firstName>DON</firstName>
        <state>AK</state>
        <byRequestType />
        <district>0</district>
      </item>
    </sponsors>
    <committeeReports>
      <committeeReport>
        <citation>H. Rept. 115-154</citation>
      </committeeReport>
    </committeeReports>
    <notes />
    <summaries>
      <billSummaries>
        <item>
          <versionCode>00</versionCode>
          <actionDate>2017-01-03</actionDate>
          <lastSummaryUpdateDate>2017-04-07T15:41:32Z</lastSummaryUpdateDate>
          <updateDate>2017-01-03T05:00:00Z</updateDate>
          <actionDesc>Introduced in House</actionDesc>
          <text><![CDATA[<p>This bill authorizes the licensee for the Terror Lake Hydroelectric Project in Kodiak Island, Alaska, to occupy not more than 20 acres of federal land to construct, operate, and maintain the Upper Hidden Basin Diversion Expansion without further authorization under the Alaska National Interest Lands Conservation Act or from the Department of the Interior.</p>]]></text>
          <name>Introduced in House</name>
        </item>
        <item>
          <versionCode>17</versionCode>
          <actionDate>2017-06-02</actionDate>
          <lastSummaryUpdateDate>2017-07-06T14:43:18Z</lastSummaryUpdateDate>
          <updateDate>2017-06-02T13:03:50Z</updateDate>
          <actionDesc>Reported to House with amendment(s)</actionDesc>
          <text><![CDATA[<p>(Sec.1)This bill authorizes the licensee for the Terror Lake Hydroelectric Project in Kodiak Island, Alaska, to occupy not more than 20 acres of federal land to construct, operate, and maintain the Upper Hidden Basin Diversion Expansion without further authorization under the Alaska National Interest Lands Conservation Act or from the Department of the Interior.</p>]]></text>
          <name>Reported to House with amendment(s)</name>
        </item>
        <item>
          <versionCode>36</versionCode>
          <actionDate>2017-06-27</actionDate>
          <lastSummaryUpdateDate>2017-08-29T14:46:29Z</lastSummaryUpdateDate>
          <updateDate>2017-06-27T12:47:58Z</updateDate>
          <actionDesc>Passed House amended</actionDesc>
          <text><![CDATA[<p>(This measure has not been amended since it was reported to the House on June 2, 2017. The summary of that version is repeated here.)</p> <p>(Sec.1)This bill authorizes the licensee for the Terror Lake Hydroelectric Project in Kodiak Island, Alaska, to occupy not more than 20 acres of federal land to construct, operate, and maintain the Upper Hidden Basin Diversion Expansion without further authorization under the Alaska National Interest Lands Conservation Act or from the Department of the Interior.</p>]]></text>
          <name>Passed House amended</name>
        </item>
      </billSummaries>
    </summaries>
    <introducedDate>2017-01-03</introducedDate>
    <cboCostEstimates>
      <item>
        <title>H.R. 220, a bill to authorize the expansion of an existing hydroelectric project, and for other purposes</title>
        <url>https://www.cbo.gov/publication/52698</url>
        <pubDate>2017-05-08T15:00:34Z</pubDate>
      </item>
    </cboCostEstimates>
    <relatedBills>
      <item>
        <latestTitle>A bill to authorize the expansion of an existing hydroelectric project.</latestTitle>
        <latestAction>
          <actionDate>2017-06-13</actionDate>
          <text>Placed on Senate Legislative Calendar under General Orders. Calendar No. 141.</text>
        </latestAction>
        <congress>115</congress>
        <number>214</number>
        <type>S</type>
        <relationshipDetails>
          <item>
            <type>Identical bill</type>
            <identifiedBy>CRS</identifiedBy>
          </item>
          <item>
            <type>Related bill</type>
            <identifiedBy>House</identifiedBy>
          </item>
        </relationshipDetails>
      </item>
    </relatedBills>
    <committees>
      <billCommittees>
        <item>
          <type>Standing</type>
          <activities>
            <item>
              <date>2017-06-02T14:53:37Z</date>
              <name>Reported by</name>
            </item>
            <item>
              <date>2017-04-27T19:20:16Z</date>
              <name>Markup by</name>
            </item>
            <item>
              <date>2017-01-03T17:25:10Z</date>
              <name>Referred to</name>
            </item>
          </activities>
          <chamber>House</chamber>
          <systemCode>hsii00</systemCode>
          <subcommittees>
            <item>
              <name>Water, Power and Oceans Subcommittee</name>
              <activities>
                <item>
                  <date>2017-04-27T17:55:50Z</date>
                  <name>Discharged from</name>
                </item>
                <item>
                  <date>2017-04-03T16:05:00Z</date>
                  <name>Hearings by</name>
                </item>
                <item>
                  <date>2017-02-10T16:32:38Z</date>
                  <name>Referred to</name>
                </item>
              </activities>
              <systemCode>hsii13</systemCode>
            </item>
            <item>
              <name>Federal Lands Subcommittee</name>
              <activities>
                <item>
                  <date>2017-04-27T17:55:43Z</date>
                  <name>Discharged from</name>
                </item>
                <item>
                  <date>2017-02-10T16:32:49Z</date>
                  <name>Referred to</name>
                </item>
              </activities>
              <systemCode>hsii10</systemCode>
            </item>
          </subcommittees>
          <name>Natural Resources Committee</name>
        </item>
      </billCommittees>
    </committees>
    <subjects>
      <billSubjects>
        <policyArea>
          <name>Energy</name>
        </policyArea>
        <legislativeSubjects>
          <item>
            <name>Alaska</name>
          </item>
          <item>
            <name>Alternative and renewable resources</name>
          </item>
          <item>
            <name>Dams and canals</name>
          </item>
          <item>
            <name>Electric power generation and transmission</name>
          </item>
          <item>
            <name>Lakes and rivers</name>
          </item>
          <item>
            <name>Licensing and registrations</name>
          </item>
          <item>
            <name>Water use and supply</name>
          </item>
        </legislativeSubjects>
      </billSubjects>
    </subjects>
    <policyArea>
      <name>Energy</name>
    </policyArea>
    <recordedVotes>
      <recordedVote>
        <date>2017-06-27T20:30:56Z</date>
        <fullActionName>Final Passage Under Suspension of the Rules Results</fullActionName>
        <rollNumber>330</rollNumber>
        <url>http://clerk.house.gov/evs/2017/roll330.xml</url>
        <congress>115</congress>
        <chamber>House</chamber>
        <sessionNumber>1</sessionNumber>
      </recordedVote>
    </recordedVotes>
    <latestAction>
      <actionDate>2017-06-28</actionDate>
      <text>Received in the Senate. Read twice. Placed on Senate Legislative Calendar under General Orders. Calendar No. 159.</text>
      <links />
    </latestAction>
    <titles>
      <item>
        <chamberName />
        <title>To authorize the expansion of an existing hydroelectric project, and for other purposes.</title>
        <titleType>Official Title as Introduced</titleType>
        <chamberCode />
        <parentTitleType />
      </item>
      <item>
        <chamberName />
        <title>To authorize the expansion of an existing hydroelectric project, and for other purposes.</title>
        <titleType>Display Title</titleType>
        <chamberCode />
        <parentTitleType />
      </item>
    </titles>
    <amendments />
    <billType>HR</billType>
    <calendarNumbers>
      <item>
        <calendar>Senate Calendar of Business</calendar>
        <number>0159</number>
      </item>
      <item>
        <calendar>U00101</calendar>
        <number />
      </item>
    </calendarNumbers>
    <title>To authorize the expansion of an existing hydroelectric project, and for other purposes.</title>
    <congress>115</congress>
    <updateDate>2018-02-22T15:27:15Z</updateDate>
    <actions>
      <actionByCounts>
        <senate>1</senate>
        <houseOfRepresentatives>21</houseOfRepresentatives>
      </actionByCounts>
      <item>
        <actionDate>2017-06-28</actionDate>
        <committee />
        <links />
        <sourceSystem>
          <name>Senate</name>
          <code>0</code>
        </sourceSystem>
        <text>Received in the Senate. Read twice. Placed on Senate Legislative Calendar under General Orders. Calendar No. 159.</text>
        <type>Calendars</type>
      </item>
      <item>
        <actionDate>2017-06-27</actionDate>
        <text>Motion to reconsider laid on the table Agreed to without objection.</text>
        <links />
        <actionCode>H38310</actionCode>
        <committee />
        <type>Floor</type>
        <actionTime>16:30:57</actionTime>
        <sourceSystem>
          <name>House floor actions</name>
          <code>2</code>
        </sourceSystem>
      </item>
      <item>
        <actionDate>2017-06-27</actionDate>
        <text>On motion to suspend the rules and pass the bill, as amended Agreed to by the Yeas and Nays: (2/3 required): 424 - 1 (Roll no. 330). (text: CR H5204)</text>
        <links>
          <link>
            <url>https://www.congress.gov/congressional-record/volume-163/house-section/page/H5204</url>
            <name>H5204</name>
          </link>
          <link>
            <url>http://clerk.house.gov/evs/2017/roll330.xml</url>
            <name>Roll no. 330</name>
          </link>
        </links>
        <actionCode>H37300</actionCode>
        <committee />
        <type>Floor</type>
        <actionTime>16:30:56</actionTime>
        <sourceSystem>
          <name>House floor actions</name>
          <code>2</code>
        </sourceSystem>
      </item>
      <item>
        <actionDate>2017-06-27</actionDate>
        <text>Passed/agreed to in House: On motion to suspend the rules and pass the bill, as amended Agreed to by the Yeas and Nays: (2/3 required): 424 - 1 (Roll no. 330).</text>
        <links>
          <link>
            <url>http://clerk.house.gov/evs/2017/roll330.xml</url>
            <name>Roll no. 330</name>
          </link>
        </links>
        <actionCode>8000</actionCode>
        <committee />
        <type>Floor</type>
        <actionTime>16:30:56</actionTime>
        <sourceSystem>
          <name>Library of Congress</name>
          <code>9</code>
        </sourceSystem>
      </item>
      <item>
        <actionDate>2017-06-27</actionDate>
        <text>Considered as unfinished business. (consideration: CR H5218-5219)</text>
        <links>
          <link>
            <url>https://www.congress.gov/congressional-record/volume-163/house-section/page/H5218-5219</url>
            <name>H5218-5219</name>
          </link>
        </links>
        <actionCode>H30000</actionCode>
        <committee />
        <type>Floor</type>
        <actionTime>16:21:42</actionTime>
        <sourceSystem>
          <name>House floor actions</name>
          <code>2</code>
        </sourceSystem>
      </item>
      <item>
        <actionDate>2017-06-27</actionDate>
        <text>At the conclusion of debate, the Yeas and Nays were demanded and ordered. Pursuant to the provisions of clause 8, rule XX, the Chair announced that further proceedings on the motion would be postponed.</text>
        <links />
        <actionCode>H37220</actionCode>
        <committee />
        <type>Floor</type>
        <actionTime>14:13:57</actionTime>
        <sourceSystem>
          <name>House floor actions</name>
          <code>2</code>
        </sourceSystem>
      </item>
      <item>
        <actionDate>2017-06-27</actionDate>
        <text>DEBATE - The House proceeded with forty minutes of debate on H.R. 220.</text>
        <links>
          <link>
            <url>https://www.congress.gov/bill/115th-congress/house-bill/220</url>
            <name>H.R. 220</name>
          </link>
        </links>
        <actionCode>H8D000</actionCode>
        <committee />
        <type>Floor</type>
        <actionTime>14:09:07</actionTime>
        <sourceSystem>
          <name>House floor actions</name>
          <code>2</code>
        </sourceSystem>
      </item>
      <item>
        <actionDate>2017-06-27</actionDate>
        <text>Considered under suspension of the rules. (consideration: CR H5204-5205)</text>
        <links>
          <link>
            <url>https://www.congress.gov/congressional-record/volume-163/house-section/page/H5204-5205</url>
            <name>H5204-5205</name>
          </link>
        </links>
        <actionCode>H30000</actionCode>
        <committee />
        <type>Floor</type>
        <actionTime>14:09:05</actionTime>
        <sourceSystem>
          <name>House floor actions</name>
          <code>2</code>
        </sourceSystem>
      </item>
      <item>
        <actionDate>2017-06-27</actionDate>
        <text>Mr. Cook moved to suspend the rules and pass the bill, as amended.</text>
        <links />
        <actionCode>H30300</actionCode>
        <committee />
        <type>Floor</type>
        <actionTime>14:09:01</actionTime>
        <sourceSystem>
          <name>House floor actions</name>
          <code>2</code>
        </sourceSystem>
      </item>
      <item>
        <actionDate>2017-06-02</actionDate>
        <text>Placed on the Union Calendar, Calendar No. 101.</text>
        <links />
        <actionCode>H12410</actionCode>
        <type>Calendars</type>
        <committee />
        <sourceSystem>
          <name>House floor actions</name>
          <code>2</code>
        </sourceSystem>
      </item>
      <item>
        <actionDate>2017-06-02</actionDate>
        <text>Reported (Amended) by the Committee on Natural Resources. H. Rept. 115-154.</text>
        <links>
          <link>
            <url>https://www.congress.gov/congressional-report/115th-congress/house-report/154</url>
            <name>H. Rept. 115-154</name>
          </link>
        </links>
        <actionCode>H12200</actionCode>
        <type>Committee</type>
        <committee>
          <name>Natural Resources Committee</name>
          <systemCode>hsii00</systemCode>
        </committee>
        <sourceSystem>
          <name>House floor actions</name>
          <code>2</code>
        </sourceSystem>
      </item>
      <item>
        <actionDate>2017-06-02</actionDate>
        <text>Reported (Amended) by the Committee on Natural Resources. H. Rept. 115-154.</text>
        <links>
          <link>
            <url>https://www.congress.gov/congressional-report/115th-congress/house-report/154</url>
            <name>H. Rept. 115-154</name>
          </link>
        </links>
        <actionCode>5000</actionCode>
        <type>Committee</type>
        <committee>
          <name>Natural Resources Committee</name>
          <systemCode>hsii00</systemCode>
        </committee>
        <sourceSystem>
          <name>Library of Congress</name>
          <code>9</code>
        </sourceSystem>
      </item>
      <item>
        <actionDate>2017-04-27</actionDate>
        <committee>
          <name>Natural Resources Committee</name>
          <systemCode>hsii00</systemCode>
        </committee>
        <links />
        <sourceSystem>
          <name>House committee actions</name>
          <code>1</code>
        </sourceSystem>
        <text>Committee Consideration and Mark-up Session Held.</text>
        <type>Committee</type>
      </item>
      <item>
        <actionDate>2017-04-27</actionDate>
        <committee>
          <name>Natural Resources Committee</name>
          <systemCode>hsii00</systemCode>
        </committee>
        <links />
        <sourceSystem>
          <name>House committee actions</name>
          <code>1</code>
        </sourceSystem>
        <text>Ordered to be Reported (Amended) by Unanimous Consent.</text>
        <type>Committee</type>
      </item>
      <item>
        <actionDate>2017-04-27</actionDate>
        <committee>
          <name>Natural Resources Committee</name>
          <systemCode>hsii00</systemCode>
        </committee>
        <links />
        <sourceSystem>
          <name>House committee actions</name>
          <code>1</code>
        </sourceSystem>
        <text>Subcommittee on Water, Power and Oceans Discharged.</text>
        <type>Committee</type>
      </item>
      <item>
        <actionDate>2017-04-27</actionDate>
        <committee>
          <name>Natural Resources Committee</name>
          <systemCode>hsii00</systemCode>
        </committee>
        <links />
        <sourceSystem>
          <name>House committee actions</name>
          <code>1</code>
        </sourceSystem>
        <text>Subcommittee on Federal Lands Discharged.</text>
        <type>Committee</type>
      </item>
      <item>
        <actionDate>2017-04-03</actionDate>
        <committee>
          <name>Water, Power and Oceans Subcommittee</name>
          <systemCode>hsii13</systemCode>
        </committee>
        <links />
        <sourceSystem>
          <name>House committee actions</name>
          <code>1</code>
        </sourceSystem>
        <text>Subcommittee Hearings Held.</text>
        <type>Committee</type>
      </item>
      <item>
        <actionDate>2017-02-10</actionDate>
        <committee>
          <name>Federal Lands Subcommittee</name>
          <systemCode>hsii10</systemCode>
        </committee>
        <links />
        <sourceSystem>
          <name>House committee actions</name>
          <code>1</code>
        </sourceSystem>
        <text>Referred to the Subcommittee on Federal Lands.</text>
        <type>Committee</type>
      </item>
      <item>
        <actionDate>2017-02-10</actionDate>
        <committee>
          <name>Water, Power and Oceans Subcommittee</name>
          <systemCode>hsii13</systemCode>
        </committee>
        <links />
        <sourceSystem>
          <name>House committee actions</name>
          <code>1</code>
        </sourceSystem>
        <text>Referred to the Subcommittee on Water, Power and Oceans.</text>
        <type>Committee</type>
      </item>
      <item>
        <actionDate>2017-01-03</actionDate>
        <text>Referred to the House Committee on Natural Resources.</text>
        <links />
        <actionCode>H11100</actionCode>
        <type>IntroReferral</type>
        <committee>
          <name>Natural Resources Committee</name>
          <systemCode>hsii00</systemCode>
        </committee>
        <sourceSystem>
          <name>House floor actions</name>
          <code>2</code>
        </sourceSystem>
      </item>
      <item>
        <actionDate>2017-01-03</actionDate>
        <text>Introduced in House</text>
        <links />
        <actionCode>Intro-H</actionCode>
        <type>IntroReferral</type>
        <committee />
        <sourceSystem>
          <name>Library of Congress</name>
          <code>9</code>
        </sourceSystem>
      </item>
      <item>
        <actionDate>2017-01-03</actionDate>
        <text>Introduced in House</text>
        <links />
        <actionCode>1000</actionCode>
        <type>IntroReferral</type>
        <committee />
        <sourceSystem>
          <name>Library of Congress</name>
          <code>9</code>
        </sourceSystem>
      </item>
      <actionTypeCounts>
        <considerationByHouse>2</considerationByHouse>
        <committeeReportOfABill>1</committeeReportOfABill>
        <actionStageOverride>1</actionStageOverride>
        <prayer>1</prayer>
        <generalDebate>1</generalDebate>
        <introducedInTheHouse>1</introducedInTheHouse>
        <finalPassageUnderSuspensionOfTheRulesResults>1</finalPassageUnderSuspensionOfTheRulesResults>
        <unionCalendarAssignment>1</unionCalendarAssignment>
        <passedAgreedToInHouse>1</passedAgreedToInHouse>
        <reportedToHouse>1</reportedToHouse>
        <placedOnCalendarSection>1</placedOnCalendarSection>
        <motionToReconsiderResults>1</motionToReconsiderResults>
        <billReferrals>1</billReferrals>
        <introducedInHouse>1</introducedInHouse>
        <placeholderTextForH>6</placeholderTextForH>
        <motionMadeToSuspendTheRules>1</motionMadeToSuspendTheRules>
      </actionTypeCounts>
    </actions>
  </bill>
  <dublinCore xmlns:dc="http://purl.org/dc/elements/1.1/">
    <dc:format>text/xml</dc:format>
    <dc:language>EN</dc:language>
    <dc:rights>Pursuant to Title 17 Section 105 of the United States Code, this file is not subject to copyright protection and is in the public domain.</dc:rights>
    <dc:contributor>Congressional Research Service, Library of Congress</dc:contributor>
    <dc:description>This file contains bill summaries and statuses for federal legislation. A bill summary describes the most significant provisions of a piece of legislation and details the effects the legislative text may have on current law and federal programs. Bill summaries are authored by the Congressional Research Service (CRS) of the Library of Congress. As stated in Public Law 91-510 (2 USC 166 (d)(6)), one of the duties of CRS is "to prepare summaries and digests of bills and resolutions of a public general nature introduced in the Senate or House of Representatives". For more information, refer to the User Guide that accompanies this file.</dc:description>
  </dublinCore>
</billStatus>

