<?xml version="1.0" encoding="UTF-8"?>
<billStatus>
  <bill>
    <sponsors>
      <item>
        <fullName>Rep. Kennedy, Joseph P., III [D-MA-4]</fullName>
        <lastName>Kennedy</lastName>
        <bioguideId>K000379</bioguideId>
        <party>D</party>
        <middleName>P.</middleName>
        <state>MA</state>
        <firstName>Joseph</firstName>
        <district>4</district>
        <byRequestType />
        <identifiers>
          <lisID>2172</lisID>
          <gpoId />
          <bioguideId>K000379</bioguideId>
        </identifiers>
      </item>
    </sponsors>
    <laws />
    <version>1.0.0</version>
    <introducedDate>2017-01-05</introducedDate>
    <cboCostEstimates />
    <titles>
      <item>
        <titleType>(Extracted from GPO) Short Titles as Introduced</titleType>
        <title>Medicaid Bump Act of 2017</title>
        <chamberCode />
        <parentTitleType />
        <chamberName />
      </item>
      <item>
        <titleType>Short Titles as Introduced</titleType>
        <title>Medicaid Bump Act of 2017</title>
        <chamberCode />
        <parentTitleType />
        <chamberName />
      </item>
      <item>
        <titleType>Official Title as Introduced</titleType>
        <title>To amend title XIX of the Social Security Act to provide a higher Federal matching rate for increased expenditures under Medicaid for mental and behavioral health services, and for other purposes.</title>
        <chamberCode />
        <parentTitleType />
        <chamberName />
      </item>
      <item>
        <titleType>Display Title</titleType>
        <title>Medicaid Bump Act of 2017</title>
        <chamberCode />
        <parentTitleType />
        <chamberName />
      </item>
    </titles>
    <amendments />
    <recordedVotes />
    <relatedBills />
    <constitutionalAuthorityStatementText><![CDATA[<pre>From the Congressional Record Online through the Government Publishing Office [<a href='http://www.gpo.gov'>www.gpo.gov</a>]By Mr. KENNEDY:H.R. 324.Congress has the power to enact this legislation pursuantto the following:Article 8, Section--to provide for the general welfare andto regulate commerce among the states.[Page H183]</pre>]]></constitutionalAuthorityStatementText>
    <billType>HR</billType>
    <actions>
      <actionByCounts>
        <houseOfRepresentatives>4</houseOfRepresentatives>
      </actionByCounts>
      <item>
        <actionDate>2017-01-25</actionDate>
        <committee>
          <name>Health Subcommittee</name>
          <systemCode>hsif14</systemCode>
        </committee>
        <links />
        <sourceSystem>
          <name>House committee actions</name>
          <code>1</code>
        </sourceSystem>
        <text>Referred to the Subcommittee on Health.</text>
        <type>Committee</type>
      </item>
      <item>
        <text>Referred to the House Committee on Energy and Commerce.</text>
        <type>IntroReferral</type>
        <sourceSystem>
          <name>House floor actions</name>
          <code>2</code>
        </sourceSystem>
        <committee>
          <name>Energy and Commerce Committee</name>
          <systemCode>hsif00</systemCode>
        </committee>
        <actionCode>H11100</actionCode>
        <actionDate>2017-01-05</actionDate>
        <links />
      </item>
      <item>
        <text>Introduced in House</text>
        <type>IntroReferral</type>
        <sourceSystem>
          <name>Library of Congress</name>
          <code>9</code>
        </sourceSystem>
        <committee />
        <actionCode>Intro-H</actionCode>
        <actionDate>2017-01-05</actionDate>
        <links />
      </item>
      <item>
        <text>Introduced in House</text>
        <type>IntroReferral</type>
        <sourceSystem>
          <name>Library of Congress</name>
          <code>9</code>
        </sourceSystem>
        <committee />
        <actionCode>1000</actionCode>
        <actionDate>2017-01-05</actionDate>
        <links />
      </item>
      <actionTypeCounts>
        <introducedInHouse>1</introducedInHouse>
        <billReferrals>1</billReferrals>
        <placeholderTextForH>1</placeholderTextForH>
        <introducedInTheHouse>1</introducedInTheHouse>
      </actionTypeCounts>
    </actions>
    <notes />
    <originChamber>House</originChamber>
    <congress>115</congress>
    <subjects>
      <billSubjects>
        <policyArea>
          <name>Health</name>
        </policyArea>
        <legislativeSubjects>
          <item>
            <name>Congressional oversight</name>
          </item>
          <item>
            <name>Health care costs and insurance</name>
          </item>
          <item>
            <name>Health information and medical records</name>
          </item>
          <item>
            <name>Intergovernmental relations</name>
          </item>
          <item>
            <name>Medicaid</name>
          </item>
          <item>
            <name>Mental health</name>
          </item>
          <item>
            <name>State and local finance</name>
          </item>
        </legislativeSubjects>
      </billSubjects>
    </subjects>
    <billNumber>324</billNumber>
    <cosponsors>
      <item>
        <lastName>Lujan</lastName>
        <firstName>Ben</firstName>
        <sponsorshipWithdrawnDate />
        <isOriginalCosponsor>True</isOriginalCosponsor>
        <district>3</district>
        <party>D</party>
        <fullName>Rep. Lujan, Ben Ray [D-NM-3]</fullName>
        <middleName>Ray</middleName>
        <state>NM</state>
        <bioguideId>L000570</bioguideId>
        <sponsorshipDate>2017-01-05</sponsorshipDate>
        <identifiers>
          <lisID>1939</lisID>
          <gpoId>8058</gpoId>
          <bioguideId>L000570</bioguideId>
        </identifiers>
      </item>
      <item>
        <lastName>BLUMENAUER</lastName>
        <firstName>EARL</firstName>
        <sponsorshipWithdrawnDate />
        <isOriginalCosponsor>False</isOriginalCosponsor>
        <district>3</district>
        <party>D</party>
        <fullName>Rep. Blumenauer, Earl [D-OR-3]</fullName>
        <middleName />
        <state>OR</state>
        <bioguideId>B000574</bioguideId>
        <sponsorshipDate>2017-05-22</sponsorshipDate>
        <identifiers>
          <bioguideId>B000574</bioguideId>
          <lisID>99</lisID>
          <gpoId>8116</gpoId>
        </identifiers>
      </item>
      <item>
        <lastName>Tonko</lastName>
        <firstName>Paul</firstName>
        <sponsorshipWithdrawnDate />
        <isOriginalCosponsor>False</isOriginalCosponsor>
        <district>20</district>
        <party>D</party>
        <fullName>Rep. Tonko, Paul [D-NY-20]</fullName>
        <middleName />
        <state>NY</state>
        <bioguideId>T000469</bioguideId>
        <sponsorshipDate>2017-06-06</sponsorshipDate>
        <identifiers>
          <gpoId>8082</gpoId>
          <lisID>1942</lisID>
          <bioguideId>T000469</bioguideId>
        </identifiers>
      </item>
      <item>
        <lastName>Matsui</lastName>
        <firstName>Doris</firstName>
        <sponsorshipWithdrawnDate />
        <isOriginalCosponsor>False</isOriginalCosponsor>
        <district>6</district>
        <party>D</party>
        <fullName>Rep. Matsui, Doris O. [D-CA-6]</fullName>
        <middleName>O.</middleName>
        <state>CA</state>
        <bioguideId>M001163</bioguideId>
        <sponsorshipDate>2017-06-06</sponsorshipDate>
        <identifiers>
          <bioguideId>M001163</bioguideId>
          <lisID>1814</lisID>
          <gpoId>7810</gpoId>
        </identifiers>
      </item>
      <item>
        <lastName>Evans</lastName>
        <firstName>Dwight</firstName>
        <sponsorshipWithdrawnDate />
        <isOriginalCosponsor>False</isOriginalCosponsor>
        <district>2</district>
        <party>D</party>
        <fullName>Rep. Evans, Dwight [D-PA-2]</fullName>
        <middleName />
        <state>PA</state>
        <bioguideId>E000296</bioguideId>
        <sponsorshipDate>2017-06-06</sponsorshipDate>
        <identifiers>
          <gpoId />
          <lisID>2298</lisID>
          <bioguideId>E000296</bioguideId>
        </identifiers>
      </item>
      <item>
        <lastName>ESHOO</lastName>
        <firstName>ANNA</firstName>
        <sponsorshipWithdrawnDate />
        <isOriginalCosponsor>False</isOriginalCosponsor>
        <district>18</district>
        <party>D</party>
        <fullName>Rep. Eshoo, Anna G. [D-CA-18]</fullName>
        <middleName>G.</middleName>
        <state>CA</state>
        <bioguideId>E000215</bioguideId>
        <sponsorshipDate>2017-06-06</sponsorshipDate>
        <identifiers>
          <lisID>355</lisID>
          <gpoId>7819</gpoId>
          <bioguideId>E000215</bioguideId>
        </identifiers>
      </item>
    </cosponsors>
    <summaries>
      <billSummaries>
        <item>
          <text><![CDATA[<p><strong>Medicaid Bump Act of 2017</strong></p> <p>This bill amends title XIX (Medicaid) of the Social Security Act to&nbsp;increase the&nbsp;Federal Medical Assistance Percentage (FMAP) to 90% with respect to increased state Medicaid program expenditures for mental and behavioral health services. In general, a state's FMAP may range from 50% to 83% under current law.</p>]]></text>
          <name>Introduced in House</name>
          <lastSummaryUpdateDate>2017-02-01T20:54:05Z</lastSummaryUpdateDate>
          <versionCode>00</versionCode>
          <actionDesc>Introduced in House</actionDesc>
          <updateDate>2017-01-05T05:00:00Z</updateDate>
          <actionDate>2017-01-05</actionDate>
        </item>
      </billSummaries>
    </summaries>
    <policyArea>
      <name>Health</name>
    </policyArea>
    <latestAction>
      <links />
      <actionDate>2017-01-25</actionDate>
      <text>Referred to the Subcommittee on Health.</text>
    </latestAction>
    <updateDate>2018-02-06T16:40:39Z</updateDate>
    <committees>
      <billCommittees>
        <item>
          <systemCode>hsif00</systemCode>
          <chamber>House</chamber>
          <type>Standing</type>
          <activities>
            <item>
              <name>Referred to</name>
              <date>2017-01-05T15:02:10Z</date>
            </item>
          </activities>
          <name>Energy and Commerce Committee</name>
          <subcommittees>
            <item>
              <systemCode>hsif14</systemCode>
              <name>Health Subcommittee</name>
              <activities>
                <item>
                  <name>Referred to</name>
                  <date>2017-01-25T14:23:03Z</date>
                </item>
              </activities>
            </item>
          </subcommittees>
        </item>
      </billCommittees>
    </committees>
    <createDate>2017-01-06T04:57:26Z</createDate>
    <title>Medicaid Bump Act of 2017</title>
    <committeeReports />
    <calendarNumbers />
  </bill>
  <dublinCore xmlns:dc="http://purl.org/dc/elements/1.1/">
    <dc:format>text/xml</dc:format>
    <dc:language>EN</dc:language>
    <dc:rights>Pursuant to Title 17 Section 105 of the United States Code, this file is not subject to copyright protection and is in the public domain.</dc:rights>
    <dc:contributor>Congressional Research Service, Library of Congress</dc:contributor>
    <dc:description>This file contains bill summaries and statuses for federal legislation. A bill summary describes the most significant provisions of a piece of legislation and details the effects the legislative text may have on current law and federal programs. Bill summaries are authored by the Congressional Research Service (CRS) of the Library of Congress. As stated in Public Law 91-510 (2 USC 166 (d)(6)), one of the duties of CRS is "to prepare summaries and digests of bills and resolutions of a public general nature introduced in the Senate or House of Representatives". For more information, refer to the User Guide that accompanies this file.</dc:description>
  </dublinCore>
</billStatus>

