<?xml version="1.0" encoding="UTF-8"?>
<billStatus>
  <bill>
    <calendarNumbers />
    <constitutionalAuthorityStatementText><![CDATA[<pre>From the Congressional Record Online through the Government Publishing Office [<a href='http://www.gpo.gov'>www.gpo.gov</a>]By Mr. MULLIN:H.R. 682.Congress has the power to enact this legislation pursuantto the following:Article I, Section 8, Clause 3 of the United StatesConstitution.[Page H689]</pre>]]></constitutionalAuthorityStatementText>
    <congress>115</congress>
    <titles>
      <item>
        <title>Preserving Access to Medicaid for Americans Act of 2017</title>
        <titleType>(Extracted from GPO) Short Titles as Introduced</titleType>
        <parentTitleType />
        <chamberCode />
        <chamberName />
      </item>
      <item>
        <title>Preserving Access to Medicaid for Americans Act of 2017</title>
        <titleType>Short Titles as Introduced</titleType>
        <parentTitleType />
        <chamberCode />
        <chamberName />
      </item>
      <item>
        <title>To amend titles XIX and XXI of the Social Security Act to eliminate the CHIP maintenance of effort requirement and to eliminate DSH cuts for States not implementing the ACA Medicaid expansion.</title>
        <titleType>Official Title as Introduced</titleType>
        <parentTitleType />
        <chamberCode />
        <chamberName />
      </item>
      <item>
        <title>Preserving Access to Medicaid for Americans Act of 2017</title>
        <titleType>Display Title</titleType>
        <parentTitleType />
        <chamberCode />
        <chamberName />
      </item>
    </titles>
    <introducedDate>2017-01-24</introducedDate>
    <latestAction>
      <actionDate>2017-01-25</actionDate>
      <text>Referred to the Subcommittee on Health.</text>
      <links />
    </latestAction>
    <title>Preserving Access to Medicaid for Americans Act of 2017</title>
    <subjects>
      <billSubjects>
        <policyArea>
          <name>Health</name>
        </policyArea>
        <legislativeSubjects>
          <item>
            <name>Child health</name>
          </item>
          <item>
            <name>Health care costs and insurance</name>
          </item>
          <item>
            <name>Health care coverage and access</name>
          </item>
          <item>
            <name>Hospital care</name>
          </item>
          <item>
            <name>Medicaid</name>
          </item>
          <item>
            <name>Poverty and welfare assistance</name>
          </item>
        </legislativeSubjects>
      </billSubjects>
    </subjects>
    <relatedBills />
    <updateDate>2018-02-06T16:41:05Z</updateDate>
    <committeeReports />
    <notes />
    <recordedVotes />
    <amendments />
    <billType>HR</billType>
    <committees>
      <billCommittees>
        <item>
          <chamber>House</chamber>
          <subcommittees>
            <item>
              <systemCode>hsif14</systemCode>
              <activities>
                <item>
                  <name>Referred to</name>
                  <date>2017-01-25T14:40:43Z</date>
                </item>
              </activities>
              <name>Health Subcommittee</name>
            </item>
          </subcommittees>
          <systemCode>hsif00</systemCode>
          <name>Energy and Commerce Committee</name>
          <activities>
            <item>
              <name>Referred to</name>
              <date>2017-01-24T15:09:40Z</date>
            </item>
          </activities>
          <type>Standing</type>
        </item>
      </billCommittees>
    </committees>
    <cboCostEstimates />
    <billNumber>682</billNumber>
    <policyArea>
      <name>Health</name>
    </policyArea>
    <version>1.0.0</version>
    <createDate>2017-01-25T04:45:56Z</createDate>
    <originChamber>House</originChamber>
    <actions>
      <item>
        <actionDate>2017-01-25</actionDate>
        <committee>
          <systemCode>hsif14</systemCode>
          <name>Health Subcommittee</name>
        </committee>
        <links />
        <sourceSystem>
          <code>1</code>
          <name>House committee actions</name>
        </sourceSystem>
        <text>Referred to the Subcommittee on Health.</text>
        <type>Committee</type>
      </item>
      <item>
        <committee>
          <systemCode>hsif00</systemCode>
          <name>Energy and Commerce Committee</name>
        </committee>
        <sourceSystem>
          <code>2</code>
          <name>House floor actions</name>
        </sourceSystem>
        <actionDate>2017-01-24</actionDate>
        <text>Referred to the House Committee on Energy and Commerce.</text>
        <links />
        <type>IntroReferral</type>
        <actionCode>H11100</actionCode>
      </item>
      <item>
        <committee />
        <sourceSystem>
          <code>9</code>
          <name>Library of Congress</name>
        </sourceSystem>
        <actionDate>2017-01-24</actionDate>
        <text>Introduced in House</text>
        <links />
        <type>IntroReferral</type>
        <actionCode>Intro-H</actionCode>
      </item>
      <item>
        <committee />
        <sourceSystem>
          <code>9</code>
          <name>Library of Congress</name>
        </sourceSystem>
        <actionDate>2017-01-24</actionDate>
        <text>Introduced in House</text>
        <links />
        <type>IntroReferral</type>
        <actionCode>1000</actionCode>
      </item>
      <actionByCounts>
        <houseOfRepresentatives>4</houseOfRepresentatives>
      </actionByCounts>
      <actionTypeCounts>
        <billReferrals>1</billReferrals>
        <placeholderTextForH>1</placeholderTextForH>
        <introducedInTheHouse>1</introducedInTheHouse>
        <introducedInHouse>1</introducedInHouse>
      </actionTypeCounts>
    </actions>
    <sponsors>
      <item>
        <party>R</party>
        <bioguideId>M001190</bioguideId>
        <district>2</district>
        <firstName>Markwayne</firstName>
        <middleName />
        <state>OK</state>
        <fullName>Rep. Mullin, Markwayne [R-OK-2]</fullName>
        <identifiers>
          <lisID>2156</lisID>
          <gpoId />
          <bioguideId>M001190</bioguideId>
        </identifiers>
        <lastName>Mullin</lastName>
        <byRequestType />
      </item>
    </sponsors>
    <summaries>
      <billSummaries>
        <item>
          <text><![CDATA[<p><strong>Preserving Access to Medicaid for Americans Act of 2017</strong></p> <p>This bill amends titles XIX (Medicaid) and XXI (Children's Health Insurance Program) (CHIP) of the Social Security Act to eliminate: (1) certain Medicaid disproportionate-share hospital payment reductions&nbsp;for states that did not implement Medicaid expansion under the Patient Protection and Affordable Care Act, and (2) specified maintenance-of-effort requirements for states with respect to CHIP.</p>]]></text>
          <name>Introduced in House</name>
          <lastSummaryUpdateDate>2017-08-28T15:42:57Z</lastSummaryUpdateDate>
          <versionCode>00</versionCode>
          <actionDesc>Introduced in House</actionDesc>
          <updateDate>2017-01-24T05:00:00Z</updateDate>
          <actionDate>2017-01-24</actionDate>
        </item>
      </billSummaries>
    </summaries>
    <laws />
    <cosponsors>
      <item>
        <identifiers>
          <lisID>2265</lisID>
          <bioguideId>R000604</bioguideId>
          <gpoId />
        </identifiers>
        <sponsorshipDate>2017-01-24</sponsorshipDate>
        <district>5</district>
        <middleName />
        <sponsorshipWithdrawnDate />
        <fullName>Rep. Russell, Steve [R-OK-5]</fullName>
        <party>R</party>
        <firstName>Steve</firstName>
        <isOriginalCosponsor>True</isOriginalCosponsor>
        <lastName>Russell</lastName>
        <state>OK</state>
        <bioguideId>R000604</bioguideId>
      </item>
      <item>
        <identifiers>
          <bioguideId>G000576</bioguideId>
          <gpoId />
          <lisID>2276</lisID>
        </identifiers>
        <sponsorshipDate>2017-01-24</sponsorshipDate>
        <district>6</district>
        <middleName />
        <sponsorshipWithdrawnDate />
        <fullName>Rep. Grothman, Glenn [R-WI-6]</fullName>
        <party>R</party>
        <firstName>Glenn</firstName>
        <isOriginalCosponsor>True</isOriginalCosponsor>
        <lastName>Grothman</lastName>
        <state>WI</state>
        <bioguideId>G000576</bioguideId>
      </item>
      <item>
        <identifiers>
          <bioguideId>B001283</bioguideId>
          <lisID>2155</lisID>
          <gpoId />
        </identifiers>
        <sponsorshipDate>2017-01-27</sponsorshipDate>
        <district>1</district>
        <middleName />
        <sponsorshipWithdrawnDate />
        <fullName>Rep. Bridenstine, Jim [R-OK-1]</fullName>
        <party>R</party>
        <firstName>Jim</firstName>
        <isOriginalCosponsor>False</isOriginalCosponsor>
        <lastName>Bridenstine</lastName>
        <state>OK</state>
        <bioguideId>B001283</bioguideId>
      </item>
      <item>
        <identifiers>
          <lisID>1955</lisID>
          <bioguideId>O000168</bioguideId>
          <gpoId>8178</gpoId>
        </identifiers>
        <sponsorshipDate>2017-01-31</sponsorshipDate>
        <district>22</district>
        <middleName />
        <sponsorshipWithdrawnDate />
        <fullName>Rep. Olson, Pete [R-TX-22]</fullName>
        <party>R</party>
        <firstName>Pete</firstName>
        <isOriginalCosponsor>False</isOriginalCosponsor>
        <lastName>Olson</lastName>
        <state>TX</state>
        <bioguideId>O000168</bioguideId>
      </item>
    </cosponsors>
  </bill>
  <dublinCore xmlns:dc="http://purl.org/dc/elements/1.1/">
    <dc:format>text/xml</dc:format>
    <dc:language>EN</dc:language>
    <dc:rights>Pursuant to Title 17 Section 105 of the United States Code, this file is not subject to copyright protection and is in the public domain.</dc:rights>
    <dc:contributor>Congressional Research Service, Library of Congress</dc:contributor>
    <dc:description>This file contains bill summaries and statuses for federal legislation. A bill summary describes the most significant provisions of a piece of legislation and details the effects the legislative text may have on current law and federal programs. Bill summaries are authored by the Congressional Research Service (CRS) of the Library of Congress. As stated in Public Law 91-510 (2 USC 166 (d)(6)), one of the duties of CRS is "to prepare summaries and digests of bills and resolutions of a public general nature introduced in the Senate or House of Representatives". For more information, refer to the User Guide that accompanies this file.</dc:description>
  </dublinCore>
</billStatus>

