<?xml version="1.0" encoding="UTF-8"?>
<billStatus>
  <bill>
    <relatedBills />
    <calendarNumbers />
    <billType>HR</billType>
    <title>Fusion Center Enhancement Act of 2017</title>
    <introducedDate>2017-01-24</introducedDate>
    <titles>
      <item>
        <titleType>(Extracted from GPO) Short Titles as Introduced</titleType>
        <title>Fusion Center Enhancement Act of 2017</title>
        <parentTitleType />
        <chamberName />
        <chamberCode />
      </item>
      <item>
        <titleType>(Extracted from GPO) Short Titles as Passed House</titleType>
        <title>Fusion Center Enhancement Act of 2017</title>
        <parentTitleType />
        <chamberName>House</chamberName>
        <chamberCode>H</chamberCode>
      </item>
      <item>
        <titleType>Short Titles as Introduced</titleType>
        <title>Fusion Center Enhancement Act of 2017</title>
        <parentTitleType />
        <chamberName />
        <chamberCode />
      </item>
      <item>
        <titleType>Official Title as Introduced</titleType>
        <title>To amend the Homeland Security Act of 2002 to enhance the partnership between the Department of Homeland Security and the National Network of Fusion Centers, and for other purposes.</title>
        <parentTitleType />
        <chamberName />
        <chamberCode />
      </item>
      <item>
        <titleType>Display Title</titleType>
        <title>Fusion Center Enhancement Act of 2017</title>
        <parentTitleType />
        <chamberName />
        <chamberCode />
      </item>
    </titles>
    <latestAction>
      <actionDate>2017-02-01</actionDate>
      <text>Received in the Senate and Read twice and referred to the Committee on Homeland Security and Governmental Affairs.</text>
      <links />
    </latestAction>
    <originChamber>House</originChamber>
    <actions>
      <item>
        <actionDate>2017-02-01</actionDate>
        <committee>
          <systemCode>ssga00</systemCode>
          <name>Homeland Security and Governmental Affairs Committee</name>
        </committee>
        <links />
        <sourceSystem>
          <code>0</code>
          <name>Senate</name>
        </sourceSystem>
        <text>Received in the Senate and Read twice and referred to the Committee on Homeland Security and Governmental Affairs.</text>
        <type>IntroReferral</type>
      </item>
      <item>
        <text>Motion to reconsider laid on the table Agreed to without objection.</text>
        <actionCode>H38310</actionCode>
        <actionTime>14:55:42</actionTime>
        <committee />
        <actionDate>2017-01-31</actionDate>
        <type>Floor</type>
        <sourceSystem>
          <code>2</code>
          <name>House floor actions</name>
        </sourceSystem>
        <links />
      </item>
      <item>
        <text>On motion to suspend the rules and pass the bill Agreed to by voice vote. (text: CR H778-779)</text>
        <actionCode>H37300</actionCode>
        <actionTime>14:55:40</actionTime>
        <committee />
        <actionDate>2017-01-31</actionDate>
        <type>Floor</type>
        <sourceSystem>
          <code>2</code>
          <name>House floor actions</name>
        </sourceSystem>
        <links>
          <link>
            <name>H778-779</name>
            <url>https://www.congress.gov/congressional-record/volume-163/house-section/page/H778-779</url>
          </link>
        </links>
      </item>
      <item>
        <text>Passed/agreed to in House: On motion to suspend the rules and pass the bill Agreed to by voice vote.(text: CR H778-779)</text>
        <actionCode>8000</actionCode>
        <actionTime>14:55:40</actionTime>
        <committee />
        <actionDate>2017-01-31</actionDate>
        <type>Floor</type>
        <sourceSystem>
          <code>9</code>
          <name>Library of Congress</name>
        </sourceSystem>
        <links>
          <link>
            <name>H778-779</name>
            <url>https://www.congress.gov/congressional-record/volume-163/house-section/page/H778-779</url>
          </link>
        </links>
      </item>
      <item>
        <text>DEBATE - The House proceeded with forty minutes of debate on H.R. 642.</text>
        <actionCode>H8D000</actionCode>
        <actionTime>14:43:08</actionTime>
        <committee />
        <actionDate>2017-01-31</actionDate>
        <type>Floor</type>
        <sourceSystem>
          <code>2</code>
          <name>House floor actions</name>
        </sourceSystem>
        <links>
          <link>
            <name>H.R. 642</name>
            <url>https://www.congress.gov/bill/115th-congress/house-bill/642</url>
          </link>
        </links>
      </item>
      <item>
        <text>Considered under suspension of the rules. (consideration: CR H778-781)</text>
        <actionCode>H30000</actionCode>
        <actionTime>14:43:06</actionTime>
        <committee />
        <actionDate>2017-01-31</actionDate>
        <type>Floor</type>
        <sourceSystem>
          <code>2</code>
          <name>House floor actions</name>
        </sourceSystem>
        <links>
          <link>
            <name>H778-781</name>
            <url>https://www.congress.gov/congressional-record/volume-163/house-section/page/H778-781</url>
          </link>
        </links>
      </item>
      <item>
        <text>Mr. King (NY) moved to suspend the rules and pass the bill.</text>
        <actionCode>H30300</actionCode>
        <actionTime>14:43:03</actionTime>
        <committee />
        <actionDate>2017-01-31</actionDate>
        <type>Floor</type>
        <sourceSystem>
          <code>2</code>
          <name>House floor actions</name>
        </sourceSystem>
        <links />
      </item>
      <item>
        <text>Referred to the House Committee on Homeland Security.</text>
        <actionCode>H11100</actionCode>
        <committee>
          <systemCode>hshm00</systemCode>
          <name>Homeland Security Committee</name>
        </committee>
        <actionDate>2017-01-24</actionDate>
        <type>IntroReferral</type>
        <sourceSystem>
          <code>2</code>
          <name>House floor actions</name>
        </sourceSystem>
        <links />
      </item>
      <item>
        <text>Introduced in House</text>
        <actionCode>Intro-H</actionCode>
        <committee />
        <actionDate>2017-01-24</actionDate>
        <type>IntroReferral</type>
        <sourceSystem>
          <code>9</code>
          <name>Library of Congress</name>
        </sourceSystem>
        <links />
      </item>
      <item>
        <text>Introduced in House</text>
        <actionCode>1000</actionCode>
        <committee />
        <actionDate>2017-01-24</actionDate>
        <type>IntroReferral</type>
        <sourceSystem>
          <code>9</code>
          <name>Library of Congress</name>
        </sourceSystem>
        <links />
      </item>
      <actionByCounts>
        <senate>1</senate>
        <houseOfRepresentatives>9</houseOfRepresentatives>
      </actionByCounts>
      <actionTypeCounts>
        <generalDebate>1</generalDebate>
        <billReferrals>1</billReferrals>
        <motionMadeToSuspendTheRules>1</motionMadeToSuspendTheRules>
        <finalPassageUnderSuspensionOfTheRulesResults>1</finalPassageUnderSuspensionOfTheRulesResults>
        <introducedInTheHouse>1</introducedInTheHouse>
        <referredToCommittee>1</referredToCommittee>
        <passedAgreedToInHouse>1</passedAgreedToInHouse>
        <introducedInHouse>1</introducedInHouse>
        <considerationByHouse>1</considerationByHouse>
        <motionToReconsiderResults>1</motionToReconsiderResults>
      </actionTypeCounts>
    </actions>
    <policyArea>
      <name>Emergency Management</name>
    </policyArea>
    <constitutionalAuthorityStatementText><![CDATA[<pre>From the Congressional Record Online through the Government Publishing Office [<a href='http://www.gpo.gov'>www.gpo.gov</a>]By Mr. BARLETTA:H.R. 642.Congress has the power to enact this legislation pursuantto the following:Article 1, Section 8, Clause 18--To make all Laws whichshall be necessary and proper for carrying into Execution theforegoing Powers, and all other Powers vested by thisConstitution in the Government of the United States or in anyDepartment or Officer thereof.[Page H687]</pre>]]></constitutionalAuthorityStatementText>
    <subjects>
      <billSubjects>
        <legislativeSubjects>
          <item>
            <name>Chemical and biological weapons</name>
          </item>
          <item>
            <name>Congressional oversight</name>
          </item>
          <item>
            <name>Criminal justice information and records</name>
          </item>
          <item>
            <name>Department of Homeland Security</name>
          </item>
          <item>
            <name>Homeland security</name>
          </item>
          <item>
            <name>Intelligence activities, surveillance, classified information</name>
          </item>
          <item>
            <name>Intergovernmental relations</name>
          </item>
          <item>
            <name>Nuclear weapons</name>
          </item>
          <item>
            <name>Right of privacy</name>
          </item>
          <item>
            <name>State and local government operations</name>
          </item>
          <item>
            <name>Terrorism</name>
          </item>
        </legislativeSubjects>
        <policyArea>
          <name>Emergency Management</name>
        </policyArea>
      </billSubjects>
    </subjects>
    <recordedVotes />
    <cboCostEstimates />
    <billNumber>642</billNumber>
    <updateDate>2018-02-24T08:12:50Z</updateDate>
    <notes />
    <laws />
    <createDate>2017-01-25T04:45:55Z</createDate>
    <summaries>
      <billSummaries>
        <item>
          <actionDesc>Introduced in House</actionDesc>
          <updateDate>2017-01-24T05:00:00Z</updateDate>
          <name>Introduced in House</name>
          <lastSummaryUpdateDate>2017-02-13T18:07:22Z</lastSummaryUpdateDate>
          <actionDate>2017-01-24</actionDate>
          <text><![CDATA[<p><strong>Fusion Center Enhancement Act of 2017</strong></p> <p>This bill amends the Homeland Security Act of 2002 to revise provisions concerning the Department of Homeland Security (DHS) State, Local, and Regional Fusion Center Initiative. The bill renames it as the Department of Homeland Security Fusion Center Partnership Initiative and changes references to &quot;participating state, local, or regional fusion centers&quot; to references to the &quot;National Network of Fusion Centers,&quot; which is defined as a decentralized arrangement of fusion centers intended to enhance individual state and urban area fusion centers' ability to leverage the capabilities and expertise of all fusion centers for the purpose of enhancing analysis and homeland security information sharing nationally. </p> <p>The duties of the Secretary of Homeland Security with respect to the Initiative are revised to include:</p> <ul> <li>supporting the maturation and sustainment of the Network, </li> <li>reducing inefficiencies and maximizing the effectiveness of federal resource support to the Network,</li> <li>ensuring that support for the Network is included as a national priority in applicable homeland security grant guidance,</li> <li>ensuring that each fusion center in the Network has a privacy policy and a civil rights and civil liberties policy approved by DHS,</li> <li>coordinating the nationwide suspicious activity report initiative to ensure that information gathered by the Network is incorporated, </li> <li> ensuring that fusion centers in the Network are the primary focal points for the sharing of homeland security information, terrorism information, and weapons of mass destruction information with state, local, tribal, and territorial entities, and</li> <li> disseminating best practices on the appropriate levels for staffing at Network fusion centers of qualified representatives from state, local, tribal, and territorial law enforcement and emergency services, public health disciplines, and the private sector.</li> </ul> <p>The Under Secretary for Intelligence and Analysis must ensure that fusion centers in the Network have access to homeland security information sharing systems and that DHS personnel are deployed to support fusion centers in the Network in a manner consistent with DHS's mission and existing statutory limits.</p> <p>The Under Secretary shall negotiate memoranda of understanding between DHS and a state or local government regarding the exchange of information between DHS and Network fusion centers.</p> <p>The Under Secretary shall: (1) coordinate with appropriate federal officials to ensure the deployment to Network fusion centers of representatives of other federal agencies; and (2) report to specified congressional committees annually through 2024 on the efforts of DHS components to enhance support provided to Network fusion centers.</p>]]></text>
          <versionCode>00</versionCode>
        </item>
        <item>
          <actionDesc>Passed House without amendment</actionDesc>
          <updateDate>2017-01-31T13:31:56Z</updateDate>
          <name>Passed House without amendment</name>
          <lastSummaryUpdateDate>2017-02-13T18:17:09Z</lastSummaryUpdateDate>
          <actionDate>2017-01-31</actionDate>
          <text><![CDATA[<p>(This measure has not been amended since it was introduced. The summary has been expanded because action occurred on the measure.)</p> <p><strong>Fusion Center Enhancement Act of 2017</strong></p> <p>(Sec. 2) This bill amends the Homeland Security Act of 2002 to revise provisions concerning the Department of Homeland Security (DHS) State, Local, and Regional Fusion Center Initiative. The bill renames it as the Department of Homeland Security Fusion Center Partnership Initiative and changes references to &quot;participating state, local, or regional fusion centers&quot; to references to the &quot;National Network of Fusion Centers,&quot; which is defined as a decentralized arrangement of fusion centers intended to enhance individual state and urban area fusion centers' ability to leverage the capabilities and expertise of all fusion centers for the purpose of enhancing analysis and homeland security information sharing nationally. (A fusion center serves as a focal point within the state and local environment for the receipt, analysis, gathering, and sharing of threat-related information between the federal government and state, local, tribal, territorial, and private sector partners.)</p> <p>The duties of the Secretary of Homeland Security with respect to the Initiative are revised to include:</p> <ul> <li>supporting the maturation and sustainment of the Network;</li> <li>reducing inefficiencies and maximizing the effectiveness of federal resource support to the Network;</li> <li>ensuring that support for the Network is included as a national priority in applicable homeland security grant guidance;</li> <li>ensuring that each fusion center in the Network has a privacy policy and a civil rights and civil liberties policy approved by DHS;</li> <li>coordinating the nationwide suspicious activity report initiative to ensure that information gathered by the Network is incorporated;</li> <li> ensuring that fusion centers in the Network are the primary focal points for the sharing of homeland security information, terrorism information, and weapons of mass destruction information with state, local, tribal, and territorial entities; and</li> <li> disseminating best practices on the appropriate levels for staffing at Network fusion centers of qualified representatives from state, local, tribal, and territorial law enforcement and emergency services, public health disciplines, and the private sector.</li> </ul> <p>The Under Secretary for Intelligence and Analysis must ensure that fusion centers in the Network have access to homeland security information sharing systems and that DHS personnel are deployed to support fusion centers in the Network in a manner consistent with DHS's mission and existing statutory limits.</p> <p>The Under Secretary shall negotiate memoranda of understanding between DHS and a state or local government regarding the exchange of information between DHS and Network fusion centers. Such memoranda shall include: </p> <ul> <li>the categories of information to be provided by the parties to such memoranda,</li> <li>the contemplated uses of the exchanged information,</li> <li>the procedures for developing joint products,</li> <li>the information sharing dispute resolution processes, and</li> <li>any protections necessary to ensure the exchange of information accords with applicable law and policies. </ul> <p>The Under Secretary shall: (1) coordinate with appropriate federal officials to ensure the deployment to Network fusion centers of representatives of other federal agencies with relevant expertise; and (2) report to specified congressional committees annually through 2024 on the efforts of DHS components to enhance support provided to Network fusion centers.</p>]]></text>
          <versionCode>81</versionCode>
        </item>
      </billSummaries>
    </summaries>
    <amendments />
    <committees>
      <billCommittees>
        <item>
          <subcommittees />
          <chamber>House</chamber>
          <activities>
            <item>
              <date>2018-02-23T15:19:00Z</date>
              <name>Legislative interest</name>
            </item>
          </activities>
          <type>Standing</type>
          <name>Transportation and Infrastructure Committee</name>
          <systemCode>hspw00</systemCode>
        </item>
        <item>
          <subcommittees />
          <chamber>Senate</chamber>
          <activities>
            <item>
              <date>2017-02-01T23:24:53Z</date>
              <name>Referred to</name>
            </item>
          </activities>
          <type>Standing</type>
          <name>Homeland Security and Governmental Affairs Committee</name>
          <systemCode>ssga00</systemCode>
        </item>
        <item>
          <subcommittees />
          <chamber>House</chamber>
          <activities>
            <item>
              <date>2017-01-24T15:07:00Z</date>
              <name>Referred to</name>
            </item>
          </activities>
          <type>Standing</type>
          <name>Homeland Security Committee</name>
          <systemCode>hshm00</systemCode>
        </item>
      </billCommittees>
    </committees>
    <cosponsors>
      <item>
        <firstName>PETER</firstName>
        <state>NY</state>
        <fullName>Rep. King, Peter T. [R-NY-2]</fullName>
        <middleName>T.</middleName>
        <bioguideId>K000210</bioguideId>
        <isOriginalCosponsor>True</isOriginalCosponsor>
        <lastName>KING</lastName>
        <sponsorshipWithdrawnDate />
        <party>R</party>
        <district>2</district>
        <sponsorshipDate>2017-01-24</sponsorshipDate>
        <identifiers>
          <bioguideId>K000210</bioguideId>
          <lisID>635</lisID>
          <gpoId>8064</gpoId>
        </identifiers>
      </item>
      <item>
        <firstName>Michael</firstName>
        <state>TX</state>
        <fullName>Rep. McCaul, Michael T. [R-TX-10]</fullName>
        <middleName>T.</middleName>
        <bioguideId>M001157</bioguideId>
        <isOriginalCosponsor>True</isOriginalCosponsor>
        <lastName>McCaul</lastName>
        <sponsorshipWithdrawnDate />
        <party>R</party>
        <district>10</district>
        <sponsorshipDate>2017-01-24</sponsorshipDate>
        <identifiers>
          <bioguideId>M001157</bioguideId>
          <lisID>1804</lisID>
          <gpoId>8166</gpoId>
        </identifiers>
      </item>
    </cosponsors>
    <congress>115</congress>
    <committeeReports />
    <version>1.0.0</version>
    <sponsors>
      <item>
        <lastName>Barletta</lastName>
        <district>11</district>
        <fullName>Rep. Barletta, Lou [R-PA-11]</fullName>
        <middleName />
        <bioguideId>B001269</bioguideId>
        <identifiers>
          <bioguideId>B001269</bioguideId>
          <gpoId>8129</gpoId>
          <lisID>2054</lisID>
        </identifiers>
        <byRequestType />
        <state>PA</state>
        <firstName>Lou</firstName>
        <party>R</party>
      </item>
    </sponsors>
  </bill>
  <dublinCore xmlns:dc="http://purl.org/dc/elements/1.1/">
    <dc:format>text/xml</dc:format>
    <dc:language>EN</dc:language>
    <dc:rights>Pursuant to Title 17 Section 105 of the United States Code, this file is not subject to copyright protection and is in the public domain.</dc:rights>
    <dc:contributor>Congressional Research Service, Library of Congress</dc:contributor>
    <dc:description>This file contains bill summaries and statuses for federal legislation. A bill summary describes the most significant provisions of a piece of legislation and details the effects the legislative text may have on current law and federal programs. Bill summaries are authored by the Congressional Research Service (CRS) of the Library of Congress. As stated in Public Law 91-510 (2 USC 166 (d)(6)), one of the duties of CRS is "to prepare summaries and digests of bills and resolutions of a public general nature introduced in the Senate or House of Representatives". For more information, refer to the User Guide that accompanies this file.</dc:description>
  </dublinCore>
</billStatus>

