<?xml version="1.0" encoding="UTF-8"?>
<billStatus>
  <bill>
    <policyArea>
      <name>Public Lands and Natural Resources</name>
    </policyArea>
    <introducedDate>2017-02-02</introducedDate>
    <cosponsors />
    <titles>
      <item>
        <chamberCode />
        <chamberName />
        <parentTitleType />
        <titleType>(Extracted from GPO) Short Titles as Introduced</titleType>
        <title>Imperial Valley Desert Conservation and Recreation Act</title>
      </item>
      <item>
        <chamberCode />
        <chamberName />
        <parentTitleType />
        <titleType>Short Titles as Introduced</titleType>
        <title>Imperial Valley Desert Conservation and Recreation Act</title>
      </item>
      <item>
        <chamberCode />
        <chamberName />
        <parentTitleType />
        <titleType>Official Title as Introduced</titleType>
        <title>To establish certain conservation and recreation areas in the State of California, and for other purposes.</title>
      </item>
      <item>
        <chamberCode />
        <chamberName />
        <parentTitleType />
        <titleType>Display Title</titleType>
        <title>Imperial Valley Desert Conservation and Recreation Act</title>
      </item>
    </titles>
    <congress>115</congress>
    <recordedVotes />
    <amendments />
    <laws />
    <cboCostEstimates />
    <actions>
      <actionByCounts>
        <houseOfRepresentatives>4</houseOfRepresentatives>
      </actionByCounts>
      <item>
        <actionDate>2017-02-16</actionDate>
        <committee>
          <name>Federal Lands Subcommittee</name>
          <systemCode>hsii10</systemCode>
        </committee>
        <links />
        <sourceSystem>
          <name>House committee actions</name>
          <code>1</code>
        </sourceSystem>
        <text>Referred to the Subcommittee on Federal Lands.</text>
        <type>Committee</type>
      </item>
      <item>
        <text>Referred to the House Committee on Natural Resources.</text>
        <type>IntroReferral</type>
        <sourceSystem>
          <name>House floor actions</name>
          <code>2</code>
        </sourceSystem>
        <committee>
          <name>Natural Resources Committee</name>
          <systemCode>hsii00</systemCode>
        </committee>
        <actionCode>H11100</actionCode>
        <actionDate>2017-02-02</actionDate>
        <links />
      </item>
      <item>
        <text>Introduced in House</text>
        <type>IntroReferral</type>
        <sourceSystem>
          <name>Library of Congress</name>
          <code>9</code>
        </sourceSystem>
        <committee />
        <actionCode>Intro-H</actionCode>
        <actionDate>2017-02-02</actionDate>
        <links />
      </item>
      <item>
        <text>Introduced in House</text>
        <type>IntroReferral</type>
        <sourceSystem>
          <name>Library of Congress</name>
          <code>9</code>
        </sourceSystem>
        <committee />
        <actionCode>1000</actionCode>
        <actionDate>2017-02-02</actionDate>
        <links />
      </item>
      <actionTypeCounts>
        <introducedInHouse>1</introducedInHouse>
        <billReferrals>1</billReferrals>
        <placeholderTextForH>1</placeholderTextForH>
        <introducedInTheHouse>1</introducedInTheHouse>
      </actionTypeCounts>
    </actions>
    <updateDate>2018-02-06T16:41:12Z</updateDate>
    <summaries>
      <billSummaries>
        <item>
          <updateDate>2017-02-02T05:00:00Z</updateDate>
          <lastSummaryUpdateDate>2017-06-07T20:40:21Z</lastSummaryUpdateDate>
          <actionDate>2017-02-02</actionDate>
          <name>Introduced in House</name>
          <actionDesc>Introduced in House</actionDesc>
          <versionCode>00</versionCode>
          <text><![CDATA[<p><b>Imperial Valley Desert Conservation and Recreation Act</b></p> <p>This bill directs the Department of the Interior to convey to the state of California approximately 934 acres of specified public lands administered by the Bureau of Land Management (BLM) in San Diego County, upon termination of all mining claims to such lands, to be managed in accordance with the provisions of the California Wilderness Act.</p> <p>On the submission of an application by Imperial County, California, the Department of Transportation shall seek a conveyance from Interior of approximately 3,500 acres of BLM-administered land adjacent to the Imperial County Holtville Airport in Imperial County, California, for purposes of airport expansion. </p> <p>The bill establishes the Vinagre Wash Special Management Area in California to conserve, protect, and enhance its plant and wildlife values and nationally significant resources. The area shall consist of approximately 81,880 acres of certain public lands in Imperial County. Interior shall manage specified lands in the management area to preserve their character for eventual inclusion in the National Wilderness Preservation System. </p>]]></text>
        </item>
      </billSummaries>
    </summaries>
    <title>Imperial Valley Desert Conservation and Recreation Act</title>
    <calendarNumbers />
    <originChamber>House</originChamber>
    <constitutionalAuthorityStatementText><![CDATA[<pre>From the Congressional Record Online through the Government Publishing Office [<a href='http://www.gpo.gov'>www.gpo.gov</a>]By Mr. VARGAS:H.R. 827.Congress has the power to enact this legislation pursuantto the following:The Congress shall have power to dispose of and make allneedful rules and regulations respecting the territory orother property belonging to the United States, as enumeratedin Article IV, Section 3, Clause 2 of the U.S. Constitution.[Page H946]</pre>]]></constitutionalAuthorityStatementText>
    <notes />
    <billType>HR</billType>
    <committees>
      <billCommittees>
        <item>
          <chamber>House</chamber>
          <subcommittees>
            <item>
              <systemCode>hsii10</systemCode>
              <activities>
                <item>
                  <name>Referred to</name>
                  <date>2017-02-16T21:44:07Z</date>
                </item>
              </activities>
              <name>Federal Lands Subcommittee</name>
            </item>
          </subcommittees>
          <systemCode>hsii00</systemCode>
          <name>Natural Resources Committee</name>
          <activities>
            <item>
              <name>Referred to</name>
              <date>2017-02-02T15:01:45Z</date>
            </item>
          </activities>
          <type>Standing</type>
        </item>
      </billCommittees>
    </committees>
    <latestAction>
      <text>Referred to the Subcommittee on Federal Lands.</text>
      <actionDate>2017-02-16</actionDate>
      <links />
    </latestAction>
    <committeeReports />
    <billNumber>827</billNumber>
    <sponsors>
      <item>
        <byRequestType />
        <state>CA</state>
        <bioguideId>V000130</bioguideId>
        <identifiers>
          <bioguideId>V000130</bioguideId>
          <lisID>2112</lisID>
          <gpoId />
        </identifiers>
        <fullName>Rep. Vargas, Juan [D-CA-51]</fullName>
        <district>51</district>
        <lastName>Vargas</lastName>
        <firstName>Juan</firstName>
        <middleName />
        <party>D</party>
      </item>
    </sponsors>
    <subjects>
      <billSubjects>
        <policyArea>
          <name>Public Lands and Natural Resources</name>
        </policyArea>
        <legislativeSubjects>
          <item>
            <name>Aviation and airports</name>
          </item>
          <item>
            <name>California</name>
          </item>
          <item>
            <name>Land transfers</name>
          </item>
          <item>
            <name>Land use and conservation</name>
          </item>
          <item>
            <name>Parks, recreation areas, trails</name>
          </item>
          <item>
            <name>Wilderness and natural areas, wildlife refuges, wild rivers, habitats</name>
          </item>
          <item>
            <name>Wildlife conservation and habitat protection</name>
          </item>
        </legislativeSubjects>
      </billSubjects>
    </subjects>
    <createDate>2017-02-03T05:17:29Z</createDate>
    <version>1.0.0</version>
    <relatedBills />
  </bill>
  <dublinCore xmlns:dc="http://purl.org/dc/elements/1.1/">
    <dc:format>text/xml</dc:format>
    <dc:language>EN</dc:language>
    <dc:rights>Pursuant to Title 17 Section 105 of the United States Code, this file is not subject to copyright protection and is in the public domain.</dc:rights>
    <dc:contributor>Congressional Research Service, Library of Congress</dc:contributor>
    <dc:description>This file contains bill summaries and statuses for federal legislation. A bill summary describes the most significant provisions of a piece of legislation and details the effects the legislative text may have on current law and federal programs. Bill summaries are authored by the Congressional Research Service (CRS) of the Library of Congress. As stated in Public Law 91-510 (2 USC 166 (d)(6)), one of the duties of CRS is "to prepare summaries and digests of bills and resolutions of a public general nature introduced in the Senate or House of Representatives". For more information, refer to the User Guide that accompanies this file.</dc:description>
  </dublinCore>
</billStatus>

