<?xml version="1.0" encoding="UTF-8"?>
<billStatus>
  <bill>
    <committeeReports>
      <committeeReport>
        <citation>H. Rept. 115-23</citation>
      </committeeReport>
    </committeeReports>
    <laws>
      <item>
        <number>115-39</number>
        <type>Public Law</type>
      </item>
    </laws>
    <notes />
    <calendarNumbers>
      <item>
        <number />
        <calendar>H00015</calendar>
      </item>
    </calendarNumbers>
    <updateDate>2018-02-22T15:27:16Z</updateDate>
    <cosponsors>
      <item>
        <firstName>David</firstName>
        <state>TN</state>
        <fullName>Rep. Roe, David P. [R-TN-1]</fullName>
        <middleName>P.</middleName>
        <bioguideId>R000582</bioguideId>
        <isOriginalCosponsor>True</isOriginalCosponsor>
        <lastName>Roe</lastName>
        <sponsorshipWithdrawnDate />
        <party>R</party>
        <district>1</district>
        <sponsorshipDate>2017-01-09</sponsorshipDate>
        <identifiers>
          <bioguideId>R000582</bioguideId>
          <lisID>1954</lisID>
          <gpoId>8148</gpoId>
        </identifiers>
      </item>
      <item>
        <firstName>JOHN</firstName>
        <state>TN</state>
        <fullName>Rep. Duncan, John J., Jr. [R-TN-2]</fullName>
        <middleName>J.</middleName>
        <bioguideId>D000533</bioguideId>
        <isOriginalCosponsor>True</isOriginalCosponsor>
        <lastName>DUNCAN</lastName>
        <sponsorshipWithdrawnDate />
        <party>R</party>
        <district>2</district>
        <sponsorshipDate>2017-01-09</sponsorshipDate>
        <identifiers>
          <bioguideId>D000533</bioguideId>
          <lisID>322</lisID>
          <gpoId>8149</gpoId>
        </identifiers>
      </item>
      <item>
        <firstName>Charles</firstName>
        <state>TN</state>
        <fullName>Rep. Fleischmann, Charles J. "Chuck" [R-TN-3]</fullName>
        <middleName>J. "Chuck"</middleName>
        <bioguideId>F000459</bioguideId>
        <isOriginalCosponsor>True</isOriginalCosponsor>
        <lastName>Fleischmann</lastName>
        <sponsorshipWithdrawnDate />
        <party>R</party>
        <district>3</district>
        <sponsorshipDate>2017-01-09</sponsorshipDate>
        <identifiers>
          <bioguideId>F000459</bioguideId>
          <gpoId>8150</gpoId>
          <lisID>2061</lisID>
        </identifiers>
      </item>
      <item>
        <firstName>Scott</firstName>
        <state>TN</state>
        <fullName>Rep. DesJarlais, Scott [R-TN-4]</fullName>
        <middleName />
        <bioguideId>D000616</bioguideId>
        <isOriginalCosponsor>True</isOriginalCosponsor>
        <lastName>DesJarlais</lastName>
        <sponsorshipWithdrawnDate />
        <party>R</party>
        <district>4</district>
        <sponsorshipDate>2017-01-09</sponsorshipDate>
        <identifiers>
          <bioguideId>D000616</bioguideId>
          <lisID>2062</lisID>
          <gpoId>8151</gpoId>
        </identifiers>
      </item>
      <item>
        <firstName>Diane</firstName>
        <state>TN</state>
        <fullName>Rep. Black, Diane [R-TN-6]</fullName>
        <middleName />
        <bioguideId>B001273</bioguideId>
        <isOriginalCosponsor>True</isOriginalCosponsor>
        <lastName>Black</lastName>
        <sponsorshipWithdrawnDate />
        <party>R</party>
        <district>6</district>
        <sponsorshipDate>2017-01-09</sponsorshipDate>
        <identifiers>
          <bioguideId>B001273</bioguideId>
          <lisID>2063</lisID>
          <gpoId>8153</gpoId>
        </identifiers>
      </item>
      <item>
        <firstName>David</firstName>
        <state>TN</state>
        <fullName>Rep. Kustoff, David [R-TN-8]</fullName>
        <middleName />
        <bioguideId>K000392</bioguideId>
        <isOriginalCosponsor>True</isOriginalCosponsor>
        <lastName>Kustoff</lastName>
        <sponsorshipWithdrawnDate />
        <party>R</party>
        <district>8</district>
        <sponsorshipDate>2017-01-09</sponsorshipDate>
        <identifiers>
          <bioguideId>K000392</bioguideId>
          <lisID>2348</lisID>
          <gpoId />
        </identifiers>
      </item>
      <item>
        <firstName>Steve</firstName>
        <state>TN</state>
        <fullName>Rep. Cohen, Steve [D-TN-9]</fullName>
        <middleName />
        <bioguideId>C001068</bioguideId>
        <isOriginalCosponsor>True</isOriginalCosponsor>
        <lastName>Cohen</lastName>
        <sponsorshipWithdrawnDate />
        <party>D</party>
        <district>9</district>
        <sponsorshipDate>2017-01-09</sponsorshipDate>
        <identifiers>
          <bioguideId>C001068</bioguideId>
          <gpoId>8156</gpoId>
          <lisID>1878</lisID>
        </identifiers>
      </item>
      <item>
        <firstName>JAMES</firstName>
        <state>TN</state>
        <fullName>Rep. Cooper, Jim [D-TN-5]</fullName>
        <middleName>H.</middleName>
        <bioguideId>C000754</bioguideId>
        <isOriginalCosponsor>True</isOriginalCosponsor>
        <lastName>COOPER</lastName>
        <sponsorshipWithdrawnDate />
        <party>D</party>
        <district>5</district>
        <sponsorshipDate>2017-01-09</sponsorshipDate>
        <identifiers>
          <bioguideId>C000754</bioguideId>
          <lisID>231</lisID>
          <gpoId>8152</gpoId>
        </identifiers>
      </item>
    </cosponsors>
    <billNumber>375</billNumber>
    <policyArea>
      <name>Government Operations and Politics</name>
    </policyArea>
    <committees>
      <billCommittees>
        <item>
          <subcommittees>
            <item>
              <name>Economic Development, Public Buildings and Emergency Management Subcommittee</name>
              <activities>
                <item>
                  <name>Discharged from</name>
                  <date>2017-02-28T17:03:41Z</date>
                </item>
                <item>
                  <name>Referred to</name>
                  <date>2017-01-10T22:09:42Z</date>
                </item>
              </activities>
              <systemCode>hspw13</systemCode>
            </item>
          </subcommittees>
          <type>Standing</type>
          <name>Transportation and Infrastructure Committee</name>
          <activities>
            <item>
              <name>Reported by</name>
              <date>2017-03-07T17:21:58Z</date>
            </item>
            <item>
              <name>Markup by</name>
              <date>2017-02-28T16:43:49Z</date>
            </item>
            <item>
              <name>Referred to</name>
              <date>2017-01-09T17:01:00Z</date>
            </item>
          </activities>
          <chamber>House</chamber>
          <systemCode>hspw00</systemCode>
        </item>
      </billCommittees>
    </committees>
    <title>To designate the Federal building and United States courthouse located at 719 Church Street in Nashville, Tennessee, as the "Fred D. Thompson Federal Building and United States Courthouse".</title>
    <sponsors>
      <item>
        <lastName>Blackburn</lastName>
        <firstName>Marsha</firstName>
        <identifiers>
          <bioguideId>B001243</bioguideId>
          <lisID>1748</lisID>
          <gpoId>8154</gpoId>
        </identifiers>
        <party>R</party>
        <district>7</district>
        <middleName />
        <state>TN</state>
        <bioguideId>B001243</bioguideId>
        <byRequestType />
        <fullName>Rep. Blackburn, Marsha [R-TN-7]</fullName>
      </item>
    </sponsors>
    <constitutionalAuthorityStatementText><![CDATA[<pre>From the Congressional Record Online through the Government Publishing Office [<a href='http://www.gpo.gov'>www.gpo.gov</a>]By Mrs. BLACKBURN:H.R. 375.Congress has the power to enact this legislation pursuantto the following:Article I, Section 8, Clause 18: The Necessary and ProperClause[Page H235]</pre>]]></constitutionalAuthorityStatementText>
    <latestAction>
      <actionDate>2017-06-06</actionDate>
      <links>
        <link>
          <url>https://www.congress.gov/bill/115th-congress/house-bill/375/text/pl</url>
          <name>Public Law No: 115-39</name>
        </link>
      </links>
      <text>Became Public Law No: 115-39.</text>
    </latestAction>
    <createDate>2017-01-10T05:15:44Z</createDate>
    <billType>HR</billType>
    <actions>
      <actionByCounts>
        <houseOfRepresentatives>18</houseOfRepresentatives>
        <senate>4</senate>
      </actionByCounts>
      <item>
        <actionDate>2017-06-06</actionDate>
        <text>Became Public Law No: 115-39.</text>
        <sourceSystem>
          <code>2</code>
          <name>House floor actions</name>
        </sourceSystem>
        <committee />
        <type>President</type>
        <actionCode>E40000</actionCode>
        <links>
          <link>
            <url>https://www.congress.gov/bill/115th-congress/house-bill/375/text/pl</url>
            <name>Public Law No: 115-39</name>
          </link>
        </links>
      </item>
      <item>
        <actionDate>2017-06-06</actionDate>
        <text>Became Public Law No: 115-39.</text>
        <sourceSystem>
          <code>9</code>
          <name>Library of Congress</name>
        </sourceSystem>
        <committee />
        <type>BecameLaw</type>
        <actionCode>36000</actionCode>
        <links>
          <link>
            <url>https://www.congress.gov/bill/115th-congress/house-bill/375/text/pl</url>
            <name>Public Law No: 115-39</name>
          </link>
        </links>
      </item>
      <item>
        <actionDate>2017-06-06</actionDate>
        <text>Signed by President.</text>
        <sourceSystem>
          <code>2</code>
          <name>House floor actions</name>
        </sourceSystem>
        <committee />
        <type>President</type>
        <actionCode>E30000</actionCode>
        <links />
      </item>
      <item>
        <actionDate>2017-06-06</actionDate>
        <text>Signed by President.</text>
        <sourceSystem>
          <code>9</code>
          <name>Library of Congress</name>
        </sourceSystem>
        <committee />
        <type>BecameLaw</type>
        <actionCode>36000</actionCode>
        <links />
      </item>
      <item>
        <actionDate>2017-05-25</actionDate>
        <text>Presented to President.</text>
        <sourceSystem>
          <code>2</code>
          <name>House floor actions</name>
        </sourceSystem>
        <committee />
        <type>Floor</type>
        <actionCode>E20000</actionCode>
        <links />
      </item>
      <item>
        <actionDate>2017-05-25</actionDate>
        <text>Presented to President.</text>
        <sourceSystem>
          <code>9</code>
          <name>Library of Congress</name>
        </sourceSystem>
        <committee />
        <type>President</type>
        <actionCode>28000</actionCode>
        <links />
      </item>
      <item>
        <actionDate>2017-05-24</actionDate>
        <committee />
        <links />
        <sourceSystem>
          <code>0</code>
          <name>Senate</name>
        </sourceSystem>
        <text>Message on Senate action sent to the House.</text>
        <type>Floor</type>
      </item>
      <item>
        <actionDate>2017-05-24</actionDate>
        <committee />
        <links>
          <link>
            <url>https://www.congress.gov/congressional-record/volume-163/senate-section/page/S3111</url>
            <name>S3111</name>
          </link>
        </links>
        <sourceSystem>
          <code>0</code>
          <name>Senate</name>
        </sourceSystem>
        <text>Passed Senate without amendment by Unanimous Consent. (consideration: CR S3111)</text>
        <type>Floor</type>
      </item>
      <item>
        <actionDate>2017-05-24</actionDate>
        <text>Passed/agreed to in Senate: Passed Senate without amendment by Unanimous Consent.</text>
        <sourceSystem>
          <code>9</code>
          <name>Library of Congress</name>
        </sourceSystem>
        <committee />
        <type>Floor</type>
        <actionCode>17000</actionCode>
        <links />
      </item>
      <item>
        <actionDate>2017-03-08</actionDate>
        <committee />
        <links />
        <sourceSystem>
          <code>0</code>
          <name>Senate</name>
        </sourceSystem>
        <text>Received in the Senate, read twice.</text>
        <type>IntroReferral</type>
      </item>
      <item>
        <actionDate>2017-03-07</actionDate>
        <text>Motion to reconsider laid on the table Agreed to without objection.</text>
        <actionTime>19:30:37</actionTime>
        <sourceSystem>
          <code>2</code>
          <name>House floor actions</name>
        </sourceSystem>
        <committee />
        <links />
        <actionCode>H38310</actionCode>
        <type>Floor</type>
      </item>
      <item>
        <actionDate>2017-03-07</actionDate>
        <text>On motion to suspend the rules and pass the bill Agreed to by voice vote. (text: CR H1547)</text>
        <actionTime>19:30:29</actionTime>
        <sourceSystem>
          <code>2</code>
          <name>House floor actions</name>
        </sourceSystem>
        <committee />
        <links>
          <link>
            <url>https://www.congress.gov/congressional-record/volume-163/house-section/page/H1547</url>
            <name>H1547</name>
          </link>
        </links>
        <actionCode>H37300</actionCode>
        <type>Floor</type>
      </item>
      <item>
        <actionDate>2017-03-07</actionDate>
        <text>Passed/agreed to in House: On motion to suspend the rules and pass the bill Agreed to by voice vote.(text: CR H1547)</text>
        <actionTime>19:30:29</actionTime>
        <sourceSystem>
          <code>9</code>
          <name>Library of Congress</name>
        </sourceSystem>
        <committee />
        <links>
          <link>
            <url>https://www.congress.gov/congressional-record/volume-163/house-section/page/H1547</url>
            <name>H1547</name>
          </link>
        </links>
        <actionCode>8000</actionCode>
        <type>Floor</type>
      </item>
      <item>
        <actionDate>2017-03-07</actionDate>
        <text>Considered as unfinished business. (consideration: CR H1574)</text>
        <actionTime>19:30:09</actionTime>
        <sourceSystem>
          <code>2</code>
          <name>House floor actions</name>
        </sourceSystem>
        <committee />
        <links>
          <link>
            <url>https://www.congress.gov/congressional-record/volume-163/house-section/page/H1574</url>
            <name>H1574</name>
          </link>
        </links>
        <actionCode>H30000</actionCode>
        <type>Floor</type>
      </item>
      <item>
        <actionDate>2017-03-07</actionDate>
        <text>At the conclusion of debate, the chair put the question on the motion to suspend the rules. Mr. Johnson (GA) objected to the vote on the grounds that a quorum was not present. Further proceedings on the motion were postponed. The point of no quorum was considered as withdrawn.</text>
        <actionTime>17:41:46</actionTime>
        <sourceSystem>
          <code>2</code>
          <name>House floor actions</name>
        </sourceSystem>
        <committee />
        <links />
        <actionCode>H37210</actionCode>
        <type>Floor</type>
      </item>
      <item>
        <actionDate>2017-03-07</actionDate>
        <text>DEBATE - The House proceeded with forty minutes of debate on H.R. 375.</text>
        <actionTime>17:14:30</actionTime>
        <sourceSystem>
          <code>2</code>
          <name>House floor actions</name>
        </sourceSystem>
        <committee />
        <links>
          <link>
            <url>https://www.congress.gov/bill/115th-congress/house-bill/375</url>
            <name>H.R. 375</name>
          </link>
        </links>
        <actionCode>H8D000</actionCode>
        <type>Floor</type>
      </item>
      <item>
        <actionDate>2017-03-07</actionDate>
        <text>Considered under suspension of the rules. (consideration: CR H1547-1550)</text>
        <actionTime>17:14:25</actionTime>
        <sourceSystem>
          <code>2</code>
          <name>House floor actions</name>
        </sourceSystem>
        <committee />
        <links>
          <link>
            <url>https://www.congress.gov/congressional-record/volume-163/house-section/page/H1547-1550</url>
            <name>H1547-1550</name>
          </link>
        </links>
        <actionCode>H30000</actionCode>
        <type>Floor</type>
      </item>
      <item>
        <actionDate>2017-03-07</actionDate>
        <text>Mr. Barletta moved to suspend the rules and pass the bill.</text>
        <actionTime>17:14:09</actionTime>
        <sourceSystem>
          <code>2</code>
          <name>House floor actions</name>
        </sourceSystem>
        <committee />
        <links />
        <actionCode>H30300</actionCode>
        <type>Floor</type>
      </item>
      <item>
        <actionDate>2017-03-07</actionDate>
        <text>Placed on the House Calendar, Calendar No. 15.</text>
        <sourceSystem>
          <code>2</code>
          <name>House floor actions</name>
        </sourceSystem>
        <committee />
        <type>Calendars</type>
        <actionCode>H12420</actionCode>
        <links />
      </item>
      <item>
        <actionDate>2017-03-07</actionDate>
        <text>Reported by the Committee on Transportation and Infrastructure. H. Rept. 115-23.</text>
        <sourceSystem>
          <code>2</code>
          <name>House floor actions</name>
        </sourceSystem>
        <committee>
          <systemCode>hspw00</systemCode>
          <name>Transportation and Infrastructure Committee</name>
        </committee>
        <type>Committee</type>
        <actionCode>H12200</actionCode>
        <links>
          <link>
            <url>https://www.congress.gov/congressional-report/115th-congress/house-report/23</url>
            <name>H. Rept. 115-23</name>
          </link>
        </links>
      </item>
      <item>
        <actionDate>2017-03-07</actionDate>
        <text>Reported by the Committee on Transportation and Infrastructure. H. Rept. 115-23.</text>
        <sourceSystem>
          <code>9</code>
          <name>Library of Congress</name>
        </sourceSystem>
        <committee>
          <systemCode>hspw00</systemCode>
          <name>Transportation and Infrastructure Committee</name>
        </committee>
        <type>Committee</type>
        <actionCode>5000</actionCode>
        <links>
          <link>
            <url>https://www.congress.gov/congressional-report/115th-congress/house-report/23</url>
            <name>H. Rept. 115-23</name>
          </link>
        </links>
      </item>
      <item>
        <actionDate>2017-02-28</actionDate>
        <committee>
          <systemCode>hspw00</systemCode>
          <name>Transportation and Infrastructure Committee</name>
        </committee>
        <links />
        <sourceSystem>
          <code>1</code>
          <name>House committee actions</name>
        </sourceSystem>
        <text>Subcommittee on Economic Development, Public Buildings and Emergency Management Discharged.</text>
        <type>Committee</type>
      </item>
      <item>
        <actionDate>2017-02-28</actionDate>
        <committee>
          <systemCode>hspw00</systemCode>
          <name>Transportation and Infrastructure Committee</name>
        </committee>
        <links />
        <sourceSystem>
          <code>1</code>
          <name>House committee actions</name>
        </sourceSystem>
        <text>Ordered to be Reported by Voice Vote.</text>
        <type>Committee</type>
      </item>
      <item>
        <actionDate>2017-02-28</actionDate>
        <committee>
          <systemCode>hspw00</systemCode>
          <name>Transportation and Infrastructure Committee</name>
        </committee>
        <links />
        <sourceSystem>
          <code>1</code>
          <name>House committee actions</name>
        </sourceSystem>
        <text>Committee Consideration and Mark-up Session Held.</text>
        <type>Committee</type>
      </item>
      <item>
        <actionDate>2017-01-10</actionDate>
        <committee>
          <systemCode>hspw13</systemCode>
          <name>Economic Development, Public Buildings and Emergency Management Subcommittee</name>
        </committee>
        <links />
        <sourceSystem>
          <code>1</code>
          <name>House committee actions</name>
        </sourceSystem>
        <text>Referred to the Subcommittee on Economic Development, Public Buildings and Emergency Management.</text>
        <type>Committee</type>
      </item>
      <item>
        <actionDate>2017-01-09</actionDate>
        <text>Referred to the House Committee on Transportation and Infrastructure.</text>
        <sourceSystem>
          <code>2</code>
          <name>House floor actions</name>
        </sourceSystem>
        <committee>
          <systemCode>hspw00</systemCode>
          <name>Transportation and Infrastructure Committee</name>
        </committee>
        <type>IntroReferral</type>
        <actionCode>H11100</actionCode>
        <links />
      </item>
      <item>
        <actionDate>2017-01-09</actionDate>
        <text>Introduced in House</text>
        <sourceSystem>
          <code>9</code>
          <name>Library of Congress</name>
        </sourceSystem>
        <committee />
        <type>IntroReferral</type>
        <actionCode>Intro-H</actionCode>
        <links />
      </item>
      <item>
        <actionDate>2017-01-09</actionDate>
        <text>Introduced in House</text>
        <sourceSystem>
          <code>9</code>
          <name>Library of Congress</name>
        </sourceSystem>
        <committee />
        <type>IntroReferral</type>
        <actionCode>1000</actionCode>
        <links />
      </item>
      <actionTypeCounts>
        <billReferrals>1</billReferrals>
        <motionMadeToSuspendTheRules>1</motionMadeToSuspendTheRules>
        <finalPassageUnderSuspensionOfTheRulesResults>1</finalPassageUnderSuspensionOfTheRulesResults>
        <introducedInSenate>1</introducedInSenate>
        <considerationByHouse>2</considerationByHouse>
        <reportedToHouse>1</reportedToHouse>
        <passedAgreedToInHouse>1</passedAgreedToInHouse>
        <motionToReconsiderResults>1</motionToReconsiderResults>
        <becamePublicLaw>2</becamePublicLaw>
        <sentToHouse>1</sentToHouse>
        <passedAgreedToInSenate>1</passedAgreedToInSenate>
        <placeholderTextForE>3</placeholderTextForE>
        <introducedInTheHouse>1</introducedInTheHouse>
        <actionStageOverride>1</actionStageOverride>
        <committeeReportOfABill>1</committeeReportOfABill>
        <presentedToPresident>1</presentedToPresident>
        <houseCalendarAssignment>1</houseCalendarAssignment>
        <introducedInHouse>1</introducedInHouse>
        <placeholderTextForH>4</placeholderTextForH>
        <passedSenate>1</passedSenate>
        <generalDebate>1</generalDebate>
      </actionTypeCounts>
    </actions>
    <subjects>
      <billSubjects>
        <legislativeSubjects>
          <item>
            <name>Congressional tributes</name>
          </item>
          <item>
            <name>Government buildings, facilities, and property</name>
          </item>
          <item>
            <name>Members of Congress</name>
          </item>
          <item>
            <name>Senate</name>
          </item>
          <item>
            <name>Tennessee</name>
          </item>
        </legislativeSubjects>
        <policyArea>
          <name>Government Operations and Politics</name>
        </policyArea>
      </billSubjects>
    </subjects>
    <originChamber>House</originChamber>
    <introducedDate>2017-01-09</introducedDate>
    <relatedBills>
      <item>
        <number>60</number>
        <latestTitle>A bill to designate the Federal building and United States courthouse located at 719 Church Street in Nashville, Tennessee, as the "Fred D. Thompson Federal Building and United States Courthouse".</latestTitle>
        <type>S</type>
        <congress>115</congress>
        <relationshipDetails>
          <item>
            <identifiedBy>CRS</identifiedBy>
            <type>Related bill</type>
          </item>
        </relationshipDetails>
        <latestAction>
          <actionDate>2017-01-09</actionDate>
          <text>Read twice and referred to the Committee on Environment and Public Works.</text>
        </latestAction>
      </item>
    </relatedBills>
    <version>1.0.0</version>
    <recordedVotes />
    <titles>
      <item>
        <titleType>Official Title as Introduced</titleType>
        <chamberName />
        <title>To designate the Federal building and United States courthouse located at 719 Church Street in Nashville, Tennessee, as the "Fred D. Thompson Federal Building and United States Courthouse".</title>
        <chamberCode />
        <parentTitleType />
      </item>
      <item>
        <titleType>Display Title</titleType>
        <chamberName />
        <title>To designate the Federal building and United States courthouse located at 719 Church Street in Nashville, Tennessee, as the "Fred D. Thompson Federal Building and United States Courthouse".</title>
        <chamberCode />
        <parentTitleType />
      </item>
    </titles>
    <cboCostEstimates>
      <item>
        <url>https://www.cbo.gov/publication/52469</url>
        <pubDate>2017-03-02T16:01:37Z</pubDate>
        <title>H.R. 375, a bill to designate the federal building and United States Courthouse located at 719 Church Street in Nashville, Tennessee, as the “Fred D. Thompson Federal Building and United States Courthouse”</title>
      </item>
    </cboCostEstimates>
    <summaries>
      <billSummaries>
        <item>
          <actionDesc>Introduced in House</actionDesc>
          <versionCode>00</versionCode>
          <text><![CDATA[<p>This bill designates the federal building and U.S. courthouse located at 719 Church Street in Nashville, Tennessee, as the "Fred D. Thompson Federal Building and United States Courthouse.&quot;</p>]]></text>
          <actionDate>2017-01-09</actionDate>
          <name>Introduced in House</name>
          <lastSummaryUpdateDate>2017-02-17T23:05:41Z</lastSummaryUpdateDate>
          <updateDate>2017-01-09T05:00:00Z</updateDate>
        </item>
        <item>
          <actionDesc>Passed House without amendment</actionDesc>
          <versionCode>81</versionCode>
          <text><![CDATA[<p>(This measure has not been amended since it was introduced. The summary has been expanded because action occurred on the measure.)</p> <p>(Sec. 1) This bill designates the federal building and U.S. courthouse located at 719 Church Street in Nashville, Tennessee, as the "Fred D. Thompson Federal Building and United States Courthouse.&quot;</p>]]></text>
          <actionDate>2017-03-07</actionDate>
          <name>Passed House without amendment</name>
          <lastSummaryUpdateDate>2017-03-27T15:41:39Z</lastSummaryUpdateDate>
          <updateDate>2017-03-07T13:47:09Z</updateDate>
        </item>
        <item>
          <actionDesc>Passed Senate without amendment</actionDesc>
          <versionCode>82</versionCode>
          <text><![CDATA[<p>(This measure has not been amended since it was introduced. The expanded summary of the House passed version is repeated here.)</p> <p>(Sec. 1) This bill designates the federal building and U.S. courthouse located at 719 Church Street in Nashville, Tennessee, as the "Fred D. Thompson Federal Building and United States Courthouse.&quot;</p>]]></text>
          <actionDate>2017-05-24</actionDate>
          <name>Passed Senate without amendment</name>
          <lastSummaryUpdateDate>2017-05-31T20:22:59Z</lastSummaryUpdateDate>
          <updateDate>2017-05-24T12:44:19Z</updateDate>
        </item>
        <item>
          <actionDesc>Public Law</actionDesc>
          <versionCode>49</versionCode>
          <text><![CDATA[<p>(This measure has not been amended since it was introduced. The expanded summary of the House passed version is repeated here.)</p> <p>(Sec. 1) This bill designates the federal building and U.S. courthouse located at 719 Church Street in Nashville, Tennessee, as the "Fred D. Thompson Federal Building and United States Courthouse.&quot;</p>]]></text>
          <actionDate>2017-06-06</actionDate>
          <name>Public Law</name>
          <lastSummaryUpdateDate>2017-06-14T19:38:10Z</lastSummaryUpdateDate>
          <updateDate>2017-06-07T03:59:58Z</updateDate>
        </item>
      </billSummaries>
    </summaries>
    <amendments />
    <congress>115</congress>
  </bill>
  <dublinCore xmlns:dc="http://purl.org/dc/elements/1.1/">
    <dc:format>text/xml</dc:format>
    <dc:language>EN</dc:language>
    <dc:rights>Pursuant to Title 17 Section 105 of the United States Code, this file is not subject to copyright protection and is in the public domain.</dc:rights>
    <dc:contributor>Congressional Research Service, Library of Congress</dc:contributor>
    <dc:description>This file contains bill summaries and statuses for federal legislation. A bill summary describes the most significant provisions of a piece of legislation and details the effects the legislative text may have on current law and federal programs. Bill summaries are authored by the Congressional Research Service (CRS) of the Library of Congress. As stated in Public Law 91-510 (2 USC 166 (d)(6)), one of the duties of CRS is "to prepare summaries and digests of bills and resolutions of a public general nature introduced in the Senate or House of Representatives". For more information, refer to the User Guide that accompanies this file.</dc:description>
  </dublinCore>
</billStatus>

