<?xml version="1.0" encoding="UTF-8"?>
<billStatus>
  <bill>
    <policyArea>
      <name>Armed Forces and National Security</name>
    </policyArea>
    <introducedDate>2017-02-03</introducedDate>
    <cosponsors>
      <item>
        <isOriginalCosponsor>True</isOriginalCosponsor>
        <firstName>Robin</firstName>
        <party>D</party>
        <sponsorshipDate>2017-02-03</sponsorshipDate>
        <lastName>Kelly</lastName>
        <bioguideId>K000385</bioguideId>
        <middleName>L.</middleName>
        <identifiers>
          <bioguideId>K000385</bioguideId>
          <lisID>2190</lisID>
          <gpoId />
        </identifiers>
        <fullName>Rep. Kelly, Robin L. [D-IL-2]</fullName>
        <state>IL</state>
        <district>2</district>
        <sponsorshipWithdrawnDate />
      </item>
      <item>
        <isOriginalCosponsor>True</isOriginalCosponsor>
        <firstName>Suzan</firstName>
        <party>D</party>
        <sponsorshipDate>2017-02-03</sponsorshipDate>
        <lastName>DelBene</lastName>
        <bioguideId>D000617</bioguideId>
        <middleName>K.</middleName>
        <identifiers>
          <lisID>2096</lisID>
          <gpoId>8374</gpoId>
          <bioguideId>D000617</bioguideId>
        </identifiers>
        <fullName>Rep. DelBene, Suzan K. [D-WA-1]</fullName>
        <state>WA</state>
        <district>1</district>
        <sponsorshipWithdrawnDate />
      </item>
      <item>
        <isOriginalCosponsor>True</isOriginalCosponsor>
        <firstName>Matt</firstName>
        <party>D</party>
        <sponsorshipDate>2017-02-03</sponsorshipDate>
        <lastName>Cartwright</lastName>
        <bioguideId>C001090</bioguideId>
        <middleName />
        <identifiers>
          <lisID>2159</lisID>
          <bioguideId>C001090</bioguideId>
          <gpoId />
        </identifiers>
        <fullName>Rep. Cartwright, Matt [D-PA-17]</fullName>
        <state>PA</state>
        <district>17</district>
        <sponsorshipWithdrawnDate />
      </item>
      <item>
        <isOriginalCosponsor>True</isOriginalCosponsor>
        <firstName>LOUISE</firstName>
        <party>D</party>
        <sponsorshipDate>2017-02-03</sponsorshipDate>
        <lastName>SLAUGHTER</lastName>
        <bioguideId>S000480</bioguideId>
        <middleName>M.</middleName>
        <identifiers>
          <lisID>1069</lisID>
          <gpoId>8089</gpoId>
          <bioguideId>S000480</bioguideId>
        </identifiers>
        <fullName>Rep. Slaughter, Louise McIntosh [D-NY-25]</fullName>
        <state>NY</state>
        <district>25</district>
        <sponsorshipWithdrawnDate />
      </item>
      <item>
        <isOriginalCosponsor>True</isOriginalCosponsor>
        <firstName>Madeleine</firstName>
        <party>D</party>
        <sponsorshipDate>2017-02-03</sponsorshipDate>
        <lastName>Bordallo</lastName>
        <bioguideId>B001245</bioguideId>
        <middleName>Z.</middleName>
        <identifiers>
          <gpoId>7911</gpoId>
          <bioguideId>B001245</bioguideId>
          <lisID>1723</lisID>
        </identifiers>
        <fullName>Rep. Bordallo, Madeleine Z. [D-GU-At Large]</fullName>
        <state>GU</state>
        <district>0</district>
        <sponsorshipWithdrawnDate />
      </item>
      <item>
        <isOriginalCosponsor>True</isOriginalCosponsor>
        <firstName>ELEANOR</firstName>
        <party>D</party>
        <sponsorshipDate>2017-02-03</sponsorshipDate>
        <lastName>NORTON</lastName>
        <bioguideId>N000147</bioguideId>
        <middleName>HOLMES</middleName>
        <identifiers>
          <lisID>868</lisID>
          <gpoId>7871</gpoId>
          <bioguideId>N000147</bioguideId>
        </identifiers>
        <fullName>Rep. Norton, Eleanor Holmes [D-DC-At Large]</fullName>
        <state>DC</state>
        <district>0</district>
        <sponsorshipWithdrawnDate />
      </item>
      <item>
        <isOriginalCosponsor>True</isOriginalCosponsor>
        <firstName>Donald</firstName>
        <party>D</party>
        <sponsorshipDate>2017-02-03</sponsorshipDate>
        <lastName>Payne</lastName>
        <bioguideId>P000604</bioguideId>
        <middleName>M.</middleName>
        <identifiers>
          <bioguideId>P000604</bioguideId>
          <lisID>2097</lisID>
          <gpoId>8373</gpoId>
        </identifiers>
        <fullName>Rep. Payne, Donald M., Jr. [D-NJ-10]</fullName>
        <state>NJ</state>
        <district>10</district>
        <sponsorshipWithdrawnDate />
      </item>
      <item>
        <isOriginalCosponsor>True</isOriginalCosponsor>
        <firstName>Peter</firstName>
        <party>D</party>
        <sponsorshipDate>2017-02-03</sponsorshipDate>
        <lastName>Welch</lastName>
        <bioguideId>W000800</bioguideId>
        <middleName />
        <identifiers>
          <lisID>1879</lisID>
          <gpoId>8204</gpoId>
          <bioguideId>W000800</bioguideId>
        </identifiers>
        <fullName>Rep. Welch, Peter [D-VT-At Large]</fullName>
        <state>VT</state>
        <district>0</district>
        <sponsorshipWithdrawnDate />
      </item>
      <item>
        <isOriginalCosponsor>True</isOriginalCosponsor>
        <firstName>JAMES</firstName>
        <party>D</party>
        <sponsorshipDate>2017-02-03</sponsorshipDate>
        <lastName>MCGOVERN</lastName>
        <bioguideId>M000312</bioguideId>
        <middleName>P.</middleName>
        <identifiers>
          <gpoId>7968</gpoId>
          <lisID>1504</lisID>
          <bioguideId>M000312</bioguideId>
        </identifiers>
        <fullName>Rep. McGovern, James P. [D-MA-2]</fullName>
        <state>MA</state>
        <district>2</district>
        <sponsorshipWithdrawnDate />
      </item>
      <item>
        <isOriginalCosponsor>False</isOriginalCosponsor>
        <firstName>Mark</firstName>
        <party>D</party>
        <sponsorshipDate>2017-03-13</sponsorshipDate>
        <lastName>Pocan</lastName>
        <bioguideId>P000607</bioguideId>
        <middleName />
        <identifiers>
          <bioguideId>P000607</bioguideId>
          <gpoId />
          <lisID>2171</lisID>
        </identifiers>
        <fullName>Rep. Pocan, Mark [D-WI-2]</fullName>
        <state>WI</state>
        <district>2</district>
        <sponsorshipWithdrawnDate />
      </item>
      <item>
        <isOriginalCosponsor>False</isOriginalCosponsor>
        <firstName>ELIOT</firstName>
        <party>D</party>
        <sponsorshipDate>2017-05-02</sponsorshipDate>
        <lastName>ENGEL</lastName>
        <bioguideId>E000179</bioguideId>
        <middleName>L.</middleName>
        <identifiers>
          <lisID>344</lisID>
          <bioguideId>E000179</bioguideId>
          <gpoId>8078</gpoId>
        </identifiers>
        <fullName>Rep. Engel, Eliot L. [D-NY-16]</fullName>
        <state>NY</state>
        <district>16</district>
        <sponsorshipWithdrawnDate />
      </item>
      <item>
        <isOriginalCosponsor>False</isOriginalCosponsor>
        <firstName>Donald</firstName>
        <party>D</party>
        <sponsorshipDate>2017-05-17</sponsorshipDate>
        <lastName>Norcross</lastName>
        <bioguideId>N000188</bioguideId>
        <middleName />
        <identifiers>
          <gpoId />
          <bioguideId>N000188</bioguideId>
          <lisID>2202</lisID>
        </identifiers>
        <fullName>Rep. Norcross, Donald [D-NJ-1]</fullName>
        <state>NJ</state>
        <district>1</district>
        <sponsorshipWithdrawnDate />
      </item>
    </cosponsors>
    <titles>
      <item>
        <titleType>(Extracted from GPO) Short Titles as Introduced</titleType>
        <title>Putting Our Veterans Back to Work Act of 2017</title>
        <chamberCode />
        <parentTitleType />
        <chamberName />
      </item>
      <item>
        <titleType>Short Titles as Introduced</titleType>
        <title>Putting Our Veterans Back to Work Act of 2017</title>
        <chamberCode />
        <parentTitleType />
        <chamberName />
      </item>
      <item>
        <titleType>Official Title as Introduced</titleType>
        <title>To reauthorize the VOW to Hire Heroes Act of 2011, to provide assistance to small businesses owned by veterans, and for other purposes.</title>
        <chamberCode />
        <parentTitleType />
        <chamberName />
      </item>
      <item>
        <titleType>Display Title</titleType>
        <title>Putting Our Veterans Back to Work Act of 2017</title>
        <chamberCode />
        <parentTitleType />
        <chamberName />
      </item>
    </titles>
    <congress>115</congress>
    <recordedVotes />
    <amendments />
    <laws />
    <cboCostEstimates />
    <actions>
      <actionByCounts>
        <houseOfRepresentatives>12</houseOfRepresentatives>
      </actionByCounts>
      <actionTypeCounts>
        <placeholderTextForH>4</placeholderTextForH>
        <billReferralsAggregate>1</billReferralsAggregate>
        <placeholderTextForB>1</placeholderTextForB>
        <introducedInTheHouse>1</introducedInTheHouse>
        <billReferrals>5</billReferrals>
        <introducedInHouse>1</introducedInHouse>
      </actionTypeCounts>
      <item>
        <actionDate>2017-04-25</actionDate>
        <committee>
          <systemCode>hssy15</systemCode>
          <name>Research and Technology Subcommittee</name>
        </committee>
        <links />
        <sourceSystem>
          <name>House committee actions</name>
          <code>1</code>
        </sourceSystem>
        <text>Referred to the Subcommittee on Research and Technology.</text>
        <type>Committee</type>
      </item>
      <item>
        <actionDate>2017-02-24</actionDate>
        <committee>
          <systemCode>hsas02</systemCode>
          <name>Military Personnel Subcommittee</name>
        </committee>
        <links />
        <sourceSystem>
          <name>House committee actions</name>
          <code>1</code>
        </sourceSystem>
        <text>Referred to the Subcommittee on Military Personnel.</text>
        <type>Committee</type>
      </item>
      <item>
        <actionDate>2017-02-06</actionDate>
        <committee>
          <systemCode>hsvr10</systemCode>
          <name>Economic Opportunity Subcommittee</name>
        </committee>
        <links />
        <sourceSystem>
          <name>House committee actions</name>
          <code>1</code>
        </sourceSystem>
        <text>Referred to the Subcommittee on Economic Opportunity.</text>
        <type>Committee</type>
      </item>
      <item>
        <actionDate>2017-02-03</actionDate>
        <committee>
          <systemCode>hsju08</systemCode>
          <name>Crime, Terrorism, Homeland Security, and Investigations Subcommittee</name>
        </committee>
        <links />
        <sourceSystem>
          <name>House committee actions</name>
          <code>1</code>
        </sourceSystem>
        <text>Referred to the Subcommittee on Crime, Terrorism, Homeland Security, and Investigations.</text>
        <type>Committee</type>
      </item>
      <item>
        <sourceSystem>
          <name>House floor actions</name>
          <code>2</code>
        </sourceSystem>
        <actionDate>2017-02-03</actionDate>
        <text>Referred to House Science, Space, and Technology</text>
        <type>IntroReferral</type>
        <links />
        <committee>
          <systemCode>hssy00</systemCode>
          <name>Science, Space, and Technology Committee</name>
        </committee>
        <actionCode>H11100</actionCode>
      </item>
      <item>
        <sourceSystem>
          <name>House floor actions</name>
          <code>2</code>
        </sourceSystem>
        <actionDate>2017-02-03</actionDate>
        <text>Referred to House Judiciary</text>
        <type>IntroReferral</type>
        <links />
        <committee>
          <systemCode>hsju00</systemCode>
          <name>Judiciary Committee</name>
        </committee>
        <actionCode>H11100</actionCode>
      </item>
      <item>
        <sourceSystem>
          <name>House floor actions</name>
          <code>2</code>
        </sourceSystem>
        <actionDate>2017-02-03</actionDate>
        <text>Referred to House Oversight and Government Reform</text>
        <type>IntroReferral</type>
        <links />
        <committee>
          <systemCode>hsgo00</systemCode>
          <name>Oversight and Government Reform Committee</name>
        </committee>
        <actionCode>H11100</actionCode>
      </item>
      <item>
        <sourceSystem>
          <name>House floor actions</name>
          <code>2</code>
        </sourceSystem>
        <actionDate>2017-02-03</actionDate>
        <text>Referred to House Armed Services</text>
        <type>IntroReferral</type>
        <links />
        <committee>
          <systemCode>hsas00</systemCode>
          <name>Armed Services Committee</name>
        </committee>
        <actionCode>H11100</actionCode>
      </item>
      <item>
        <sourceSystem>
          <name>House floor actions</name>
          <code>2</code>
        </sourceSystem>
        <actionDate>2017-02-03</actionDate>
        <text>Referred to House Veterans' Affairs</text>
        <type>IntroReferral</type>
        <links />
        <committee>
          <systemCode>hsvr00</systemCode>
          <name>Veterans' Affairs Committee</name>
        </committee>
        <actionCode>H11100</actionCode>
      </item>
      <item>
        <sourceSystem>
          <name>Library of Congress</name>
          <code>9</code>
        </sourceSystem>
        <actionDate>2017-02-03</actionDate>
        <text>Referred to the Committee on Veterans' Affairs, and in addition to the Committees on Armed Services, Oversight and Government Reform, the Judiciary, and Science, Space, and Technology, for a period to be subsequently determined by the Speaker, in each case for consideration of such provisions as fall within the jurisdiction of the committee concerned.</text>
        <type>IntroReferral</type>
        <links />
        <committee />
        <actionCode>H11100-A</actionCode>
      </item>
      <item>
        <sourceSystem>
          <name>Library of Congress</name>
          <code>9</code>
        </sourceSystem>
        <actionDate>2017-02-03</actionDate>
        <text>Sponsor introductory remarks on measure. (CR E140)</text>
        <type>IntroReferral</type>
        <links>
          <link>
            <name>E140</name>
            <url>https://www.congress.gov/congressional-record/volume-163/extensions-of-remarks-section/page/E140</url>
          </link>
        </links>
        <committee />
        <actionCode>B00100</actionCode>
      </item>
      <item>
        <sourceSystem>
          <name>Library of Congress</name>
          <code>9</code>
        </sourceSystem>
        <actionDate>2017-02-03</actionDate>
        <text>Introduced in House</text>
        <type>IntroReferral</type>
        <links />
        <committee />
        <actionCode>Intro-H</actionCode>
      </item>
      <item>
        <sourceSystem>
          <name>Library of Congress</name>
          <code>9</code>
        </sourceSystem>
        <actionDate>2017-02-03</actionDate>
        <text>Introduced in House</text>
        <type>IntroReferral</type>
        <links />
        <committee />
        <actionCode>1000</actionCode>
      </item>
    </actions>
    <updateDate>2018-02-06T16:41:14Z</updateDate>
    <summaries>
      <billSummaries>
        <item>
          <versionCode>00</versionCode>
          <updateDate>2017-02-03T05:00:00Z</updateDate>
          <actionDesc>Introduced in House</actionDesc>
          <lastSummaryUpdateDate>2017-06-07T20:44:25Z</lastSummaryUpdateDate>
          <actionDate>2017-02-03</actionDate>
          <name>Introduced in House</name>
          <text><![CDATA[<p><strong>Putting Our Veterans Back to Work Act of 2017</strong></p> <p> This bill amends the: (1) VOW to Hire Heroes Act of 2011 to extend through 2020 the veterans retraining assistance program, and (2) Wounded Warrior Act to extend through 2020 the authority of the Department of Veterans Affairs (VA) to provide the same rehabilitation and vocational benefits to members of the Armed Forces with severe injuries or illnesses as are provided to veterans.</p> <p> The bill extends through: (1) March 31, 2020, additional VA rehabilitation programs for certain disabled veterans who have completed a VA rehabilitation program and have exhausted their rights to state unemployment benefits; and (2) FY2021 the collaborative veterans' training, mentoring, and placement program.</p> <p> The VA shall develop a single, unified federal web-based employment portal for veterans to access information on federal programs and activities concerning veterans employment, unemployment, and training.</p> <p> The bill directs the: (1) Department of Homeland Security to award grants to hire veterans as firefighters, and (2) Department of Justice to award grants to hire veterans as law enforcement officers.</p> <p> The head of each executive and defense agency shall consider favorably, as an evaluation factor in federal solicitations for civilian or defense contracts and task or delivery orders valued at or above $25 million, the employment by a prospective contractor of veterans constituting at least 5% of the contractor's workforce.</p>]]></text>
        </item>
      </billSummaries>
    </summaries>
    <title>Putting Our Veterans Back to Work Act of 2017</title>
    <calendarNumbers />
    <originChamber>House</originChamber>
    <constitutionalAuthorityStatementText><![CDATA[<pre>From the Congressional Record Online through the Government Publishing Office [<a href='http://www.gpo.gov'>www.gpo.gov</a>]By Mr. COHEN:H.R. 856.Congress has the power to enact this legislation pursuantto the following:Article I, Section 8[Page H977]</pre>]]></constitutionalAuthorityStatementText>
    <notes />
    <billType>HR</billType>
    <committees>
      <billCommittees>
        <item>
          <type>Standing</type>
          <systemCode>hssy00</systemCode>
          <subcommittees>
            <item>
              <activities>
                <item>
                  <date>2017-04-25T14:35:06Z</date>
                  <name>Referred to</name>
                </item>
              </activities>
              <systemCode>hssy15</systemCode>
              <name>Research and Technology Subcommittee</name>
            </item>
          </subcommittees>
          <activities>
            <item>
              <date>2017-02-03T14:04:40Z</date>
              <name>Referred to</name>
            </item>
          </activities>
          <chamber>House</chamber>
          <name>Science, Space, and Technology Committee</name>
        </item>
        <item>
          <type>Standing</type>
          <systemCode>hsas00</systemCode>
          <subcommittees>
            <item>
              <activities>
                <item>
                  <date>2017-02-24T19:24:07Z</date>
                  <name>Referred to</name>
                </item>
              </activities>
              <systemCode>hsas02</systemCode>
              <name>Military Personnel Subcommittee</name>
            </item>
          </subcommittees>
          <activities>
            <item>
              <date>2017-02-03T14:04:25Z</date>
              <name>Referred to</name>
            </item>
          </activities>
          <chamber>House</chamber>
          <name>Armed Services Committee</name>
        </item>
        <item>
          <type>Standing</type>
          <systemCode>hsvr00</systemCode>
          <subcommittees>
            <item>
              <activities>
                <item>
                  <date>2017-02-06T18:09:18Z</date>
                  <name>Referred to</name>
                </item>
              </activities>
              <systemCode>hsvr10</systemCode>
              <name>Economic Opportunity Subcommittee</name>
            </item>
          </subcommittees>
          <activities>
            <item>
              <date>2017-02-03T14:04:20Z</date>
              <name>Referred to</name>
            </item>
          </activities>
          <chamber>House</chamber>
          <name>Veterans' Affairs Committee</name>
        </item>
        <item>
          <type>Standing</type>
          <systemCode>hsju00</systemCode>
          <subcommittees>
            <item>
              <activities>
                <item>
                  <date>2017-02-03T15:05:30Z</date>
                  <name>Referred to</name>
                </item>
              </activities>
              <systemCode>hsju08</systemCode>
              <name>Crime, Terrorism, Homeland Security, and Investigations Subcommittee</name>
            </item>
          </subcommittees>
          <activities>
            <item>
              <date>2017-02-03T14:04:35Z</date>
              <name>Referred to</name>
            </item>
          </activities>
          <chamber>House</chamber>
          <name>Judiciary Committee</name>
        </item>
        <item>
          <type>Standing</type>
          <systemCode>hsgo00</systemCode>
          <subcommittees />
          <activities>
            <item>
              <date>2017-02-03T14:04:30Z</date>
              <name>Referred to</name>
            </item>
          </activities>
          <chamber>House</chamber>
          <name>Oversight and Government Reform Committee</name>
        </item>
      </billCommittees>
    </committees>
    <latestAction>
      <text>Referred to the Subcommittee on Research and Technology.</text>
      <actionDate>2017-04-25</actionDate>
      <links />
    </latestAction>
    <committeeReports />
    <billNumber>856</billNumber>
    <sponsors>
      <item>
        <byRequestType />
        <state>TN</state>
        <bioguideId>C001068</bioguideId>
        <identifiers>
          <bioguideId>C001068</bioguideId>
          <lisID>1878</lisID>
          <gpoId>8156</gpoId>
        </identifiers>
        <fullName>Rep. Cohen, Steve [D-TN-9]</fullName>
        <district>9</district>
        <lastName>Cohen</lastName>
        <firstName>Steve</firstName>
        <middleName />
        <party>D</party>
      </item>
    </sponsors>
    <subjects>
      <billSubjects>
        <legislativeSubjects>
          <item>
            <name>Administrative law and regulatory procedures</name>
          </item>
          <item>
            <name>Congressional oversight</name>
          </item>
          <item>
            <name>Disability and paralysis</name>
          </item>
          <item>
            <name>Employee hiring</name>
          </item>
          <item>
            <name>Employment and training programs</name>
          </item>
          <item>
            <name>Fires</name>
          </item>
          <item>
            <name>First responders and emergency personnel</name>
          </item>
          <item>
            <name>Government information and archives</name>
          </item>
          <item>
            <name>Law enforcement officers</name>
          </item>
          <item>
            <name>Military procurement, research, weapons development</name>
          </item>
          <item>
            <name>Office of Management and Budget (OMB)</name>
          </item>
          <item>
            <name>Public contracts and procurement</name>
          </item>
          <item>
            <name>Unemployment</name>
          </item>
          <item>
            <name>Veterans' education, employment, rehabilitation</name>
          </item>
        </legislativeSubjects>
        <policyArea>
          <name>Armed Forces and National Security</name>
        </policyArea>
      </billSubjects>
    </subjects>
    <createDate>2017-02-04T05:07:04Z</createDate>
    <version>1.0.0</version>
    <relatedBills />
  </bill>
  <dublinCore xmlns:dc="http://purl.org/dc/elements/1.1/">
    <dc:format>text/xml</dc:format>
    <dc:language>EN</dc:language>
    <dc:rights>Pursuant to Title 17 Section 105 of the United States Code, this file is not subject to copyright protection and is in the public domain.</dc:rights>
    <dc:contributor>Congressional Research Service, Library of Congress</dc:contributor>
    <dc:description>This file contains bill summaries and statuses for federal legislation. A bill summary describes the most significant provisions of a piece of legislation and details the effects the legislative text may have on current law and federal programs. Bill summaries are authored by the Congressional Research Service (CRS) of the Library of Congress. As stated in Public Law 91-510 (2 USC 166 (d)(6)), one of the duties of CRS is "to prepare summaries and digests of bills and resolutions of a public general nature introduced in the Senate or House of Representatives". For more information, refer to the User Guide that accompanies this file.</dc:description>
  </dublinCore>
</billStatus>

