<?xml version="1.0" encoding="UTF-8"?>
<billStatus>
  <bill>
    <calendarNumbers />
    <constitutionalAuthorityStatementText><![CDATA[<pre>From the Congressional Record Online through the Government Publishing Office [<a href='http://www.gpo.gov'>www.gpo.gov</a>]By Mrs. BLACKBURN:H.R. 539.Congress has the power to enact this legislation pursuantto the following:Article 1, Section 8, Clause 18[Page H547]</pre>]]></constitutionalAuthorityStatementText>
    <congress>115</congress>
    <titles>
      <item>
        <chamberCode />
        <chamberName />
        <parentTitleType />
        <titleType>(Extracted from GPO) Short Titles as Introduced</titleType>
        <title>USPSTF Transparency and Accountability Act of 2017</title>
      </item>
      <item>
        <chamberCode />
        <chamberName />
        <parentTitleType />
        <titleType>Short Titles as Introduced</titleType>
        <title>USPSTF Transparency and Accountability Act of 2017</title>
      </item>
      <item>
        <chamberCode />
        <chamberName />
        <parentTitleType />
        <titleType>Official Title as Introduced</titleType>
        <title>To amend title IX of the Public Health Service Act to revise the operations of the United States Preventive Services Task Force, and for other purposes.</title>
      </item>
      <item>
        <chamberCode />
        <chamberName />
        <parentTitleType />
        <titleType>Display Title</titleType>
        <title>USPSTF Transparency and Accountability Act of 2017</title>
      </item>
    </titles>
    <introducedDate>2017-01-13</introducedDate>
    <latestAction>
      <actionDate>2017-02-01</actionDate>
      <text>Referred to the Subcommittee on Health.</text>
      <links />
    </latestAction>
    <title>USPSTF Transparency and Accountability Act of 2017</title>
    <subjects>
      <billSubjects>
        <policyArea>
          <name>Health</name>
        </policyArea>
        <legislativeSubjects>
          <item>
            <name>Advisory bodies</name>
          </item>
          <item>
            <name>Congressional oversight</name>
          </item>
          <item>
            <name>Government ethics and transparency, public corruption</name>
          </item>
          <item>
            <name>Government information and archives</name>
          </item>
          <item>
            <name>Health care costs and insurance</name>
          </item>
          <item>
            <name>Health care coverage and access</name>
          </item>
          <item>
            <name>Health care quality</name>
          </item>
          <item>
            <name>Health information and medical records</name>
          </item>
          <item>
            <name>Health promotion and preventive care</name>
          </item>
          <item>
            <name>Health technology, devices, supplies</name>
          </item>
          <item>
            <name>Medical research</name>
          </item>
          <item>
            <name>Medical tests and diagnostic methods</name>
          </item>
          <item>
            <name>Medicare</name>
          </item>
        </legislativeSubjects>
      </billSubjects>
    </subjects>
    <relatedBills />
    <updateDate>2018-02-06T16:40:53Z</updateDate>
    <committeeReports />
    <notes />
    <recordedVotes />
    <amendments />
    <billType>HR</billType>
    <committees>
      <billCommittees>
        <item>
          <chamber>House</chamber>
          <subcommittees>
            <item>
              <activities>
                <item>
                  <date>2017-02-01T22:05:08Z</date>
                  <name>Referred to</name>
                </item>
              </activities>
              <systemCode>hswm02</systemCode>
              <name>Health Subcommittee</name>
            </item>
          </subcommittees>
          <type>Standing</type>
          <activities>
            <item>
              <date>2017-01-13T14:10:10Z</date>
              <name>Referred to</name>
            </item>
          </activities>
          <systemCode>hswm00</systemCode>
          <name>Ways and Means Committee</name>
        </item>
        <item>
          <chamber>House</chamber>
          <subcommittees />
          <type>Standing</type>
          <activities>
            <item>
              <date>2017-01-13T14:10:05Z</date>
              <name>Referred to</name>
            </item>
          </activities>
          <systemCode>hsif00</systemCode>
          <name>Energy and Commerce Committee</name>
        </item>
      </billCommittees>
    </committees>
    <cboCostEstimates />
    <billNumber>539</billNumber>
    <policyArea>
      <name>Health</name>
    </policyArea>
    <version>1.0.0</version>
    <createDate>2017-01-14T04:47:32Z</createDate>
    <originChamber>House</originChamber>
    <actions>
      <actionTypeCounts>
        <introducedInTheHouse>1</introducedInTheHouse>
        <billReferralsAggregate>1</billReferralsAggregate>
        <billReferrals>2</billReferrals>
        <introducedInHouse>1</introducedInHouse>
        <placeholderTextForH>1</placeholderTextForH>
      </actionTypeCounts>
      <item>
        <actionDate>2017-02-01</actionDate>
        <committee>
          <systemCode>hswm02</systemCode>
          <name>Health Subcommittee</name>
        </committee>
        <links />
        <sourceSystem>
          <name>House committee actions</name>
          <code>1</code>
        </sourceSystem>
        <text>Referred to the Subcommittee on Health.</text>
        <type>Committee</type>
      </item>
      <item>
        <type>IntroReferral</type>
        <links />
        <text>Referred to House Ways and Means</text>
        <committee>
          <systemCode>hswm00</systemCode>
          <name>Ways and Means Committee</name>
        </committee>
        <actionDate>2017-01-13</actionDate>
        <sourceSystem>
          <name>House floor actions</name>
          <code>2</code>
        </sourceSystem>
        <actionCode>H11100</actionCode>
      </item>
      <item>
        <type>IntroReferral</type>
        <links />
        <text>Referred to House Energy and Commerce</text>
        <committee>
          <systemCode>hsif00</systemCode>
          <name>Energy and Commerce Committee</name>
        </committee>
        <actionDate>2017-01-13</actionDate>
        <sourceSystem>
          <name>House floor actions</name>
          <code>2</code>
        </sourceSystem>
        <actionCode>H11100</actionCode>
      </item>
      <item>
        <type>IntroReferral</type>
        <links />
        <text>Referred to the Committee on Energy and Commerce, and in addition to the Committee on Ways and Means, for a period to be subsequently determined by the Speaker, in each case for consideration of such provisions as fall within the jurisdiction of the committee concerned.</text>
        <committee />
        <actionDate>2017-01-13</actionDate>
        <sourceSystem>
          <name>Library of Congress</name>
          <code>9</code>
        </sourceSystem>
        <actionCode>H11100-A</actionCode>
      </item>
      <item>
        <type>IntroReferral</type>
        <links />
        <text>Introduced in House</text>
        <committee />
        <actionDate>2017-01-13</actionDate>
        <sourceSystem>
          <name>Library of Congress</name>
          <code>9</code>
        </sourceSystem>
        <actionCode>Intro-H</actionCode>
      </item>
      <item>
        <type>IntroReferral</type>
        <links />
        <text>Introduced in House</text>
        <committee />
        <actionDate>2017-01-13</actionDate>
        <sourceSystem>
          <name>Library of Congress</name>
          <code>9</code>
        </sourceSystem>
        <actionCode>1000</actionCode>
      </item>
      <actionByCounts>
        <houseOfRepresentatives>6</houseOfRepresentatives>
      </actionByCounts>
    </actions>
    <sponsors>
      <item>
        <party>R</party>
        <bioguideId>B001243</bioguideId>
        <district>7</district>
        <firstName>Marsha</firstName>
        <middleName />
        <state>TN</state>
        <fullName>Rep. Blackburn, Marsha [R-TN-7]</fullName>
        <identifiers>
          <lisID>1748</lisID>
          <gpoId>8154</gpoId>
          <bioguideId>B001243</bioguideId>
        </identifiers>
        <lastName>Blackburn</lastName>
        <byRequestType />
      </item>
    </sponsors>
    <summaries>
      <billSummaries>
        <item>
          <text><![CDATA[<p><b>USPSTF Transparency and Accountability Act of 2017</b></p> <p>This bill amends the Public Health Service Act to expand the scope and responsibilities of the United States Preventive Services Task Force to require it to: (1) publish research plans to guide its review of scientific evidence relating to the effectiveness of preventive services; (2) make evidence reports and recommendations available for public comment; (3) establish a system for grading preventive care (Grades A, B, C, and D and a Grade I for insufficient information); and (4) convene a preventive services stakeholders board to provide feedback on task force activities and recommend preventive services and scientific evidence for the task force to review. Members of the task force and the preventive services stakeholders board must disclose conflicts of interest.</p> <p>The Government Accountability Office must report on: (1) current recommendations of the task force; (2) task force recommendations and recommendations of other federal health agencies, national medical professional societies, and patient and disease advocacy organizations; and (3) the impact of task force recommendations on insurance coverage, access, and outcomes, including the impact on morbidity and mortality.</p> <p>This bill amends title XVIII (Medicare) of the Social Security Act to revise HHS's authority to modify coverage of preventive services. HHS may modify such coverage only based on a task force grade or recommendation that was developed or updated in accordance with this bill.</p> Medicare quality measures related to a recommendation of the task force may only be applied if the recommendation was developed or updated in accordance with this bill.]]></text>
          <actionDate>2017-01-13</actionDate>
          <updateDate>2017-01-13T05:00:00Z</updateDate>
          <lastSummaryUpdateDate>2017-04-03T13:08:12Z</lastSummaryUpdateDate>
          <name>Introduced in House</name>
          <actionDesc>Introduced in House</actionDesc>
          <versionCode>00</versionCode>
        </item>
      </billSummaries>
    </summaries>
    <laws />
    <cosponsors>
      <item>
        <isOriginalCosponsor>True</isOriginalCosponsor>
        <firstName>BOBBY</firstName>
        <party>D</party>
        <sponsorshipDate>2017-01-13</sponsorshipDate>
        <lastName>RUSH</lastName>
        <bioguideId>R000515</bioguideId>
        <middleName>L.</middleName>
        <identifiers>
          <gpoId>7921</gpoId>
          <lisID>1003</lisID>
          <bioguideId>R000515</bioguideId>
        </identifiers>
        <fullName>Rep. Rush, Bobby L. [D-IL-1]</fullName>
        <state>IL</state>
        <district>1</district>
        <sponsorshipWithdrawnDate />
      </item>
      <item>
        <isOriginalCosponsor>False</isOriginalCosponsor>
        <firstName>Rick</firstName>
        <party>R</party>
        <sponsorshipDate>2017-01-20</sponsorshipDate>
        <lastName>Allen</lastName>
        <bioguideId>A000372</bioguideId>
        <middleName>W.</middleName>
        <identifiers>
          <lisID>2239</lisID>
          <bioguideId>A000372</bioguideId>
          <gpoId />
        </identifiers>
        <fullName>Rep. Allen, Rick W. [R-GA-12]</fullName>
        <state>GA</state>
        <district>12</district>
        <sponsorshipWithdrawnDate />
      </item>
      <item>
        <isOriginalCosponsor>False</isOriginalCosponsor>
        <firstName>Markwayne</firstName>
        <party>R</party>
        <sponsorshipDate>2017-01-20</sponsorshipDate>
        <lastName>Mullin</lastName>
        <bioguideId>M001190</bioguideId>
        <middleName />
        <identifiers>
          <bioguideId>M001190</bioguideId>
          <lisID>2156</lisID>
          <gpoId />
        </identifiers>
        <fullName>Rep. Mullin, Markwayne [R-OK-2]</fullName>
        <state>OK</state>
        <district>2</district>
        <sponsorshipWithdrawnDate />
      </item>
      <item>
        <isOriginalCosponsor>False</isOriginalCosponsor>
        <firstName>David</firstName>
        <party>R</party>
        <sponsorshipDate>2017-01-24</sponsorshipDate>
        <lastName>Roe</lastName>
        <bioguideId>R000582</bioguideId>
        <middleName>P.</middleName>
        <identifiers>
          <bioguideId>R000582</bioguideId>
          <lisID>1954</lisID>
          <gpoId>8148</gpoId>
        </identifiers>
        <fullName>Rep. Roe, David P. [R-TN-1]</fullName>
        <state>TN</state>
        <district>1</district>
        <sponsorshipWithdrawnDate />
      </item>
      <item>
        <isOriginalCosponsor>False</isOriginalCosponsor>
        <firstName>Tom</firstName>
        <party>R</party>
        <sponsorshipDate>2017-01-24</sponsorshipDate>
        <lastName>Emmer</lastName>
        <bioguideId>E000294</bioguideId>
        <middleName />
        <identifiers>
          <lisID>2253</lisID>
          <bioguideId>E000294</bioguideId>
          <gpoId />
        </identifiers>
        <fullName>Rep. Emmer, Tom [R-MN-6]</fullName>
        <state>MN</state>
        <district>6</district>
        <sponsorshipWithdrawnDate />
      </item>
      <item>
        <isOriginalCosponsor>False</isOriginalCosponsor>
        <firstName>Chris</firstName>
        <party>R</party>
        <sponsorshipDate>2017-01-31</sponsorshipDate>
        <lastName>Collins</lastName>
        <bioguideId>C001092</bioguideId>
        <middleName />
        <identifiers>
          <lisID>2151</lisID>
          <gpoId />
          <bioguideId>C001092</bioguideId>
        </identifiers>
        <fullName>Rep. Collins, Chris [R-NY-27]</fullName>
        <state>NY</state>
        <district>27</district>
        <sponsorshipWithdrawnDate />
      </item>
      <item>
        <isOriginalCosponsor>False</isOriginalCosponsor>
        <firstName>Andy</firstName>
        <party>R</party>
        <sponsorshipDate>2017-02-06</sponsorshipDate>
        <lastName>Barr</lastName>
        <bioguideId>B001282</bioguideId>
        <middleName />
        <identifiers>
          <lisID>2131</lisID>
          <bioguideId>B001282</bioguideId>
          <gpoId />
        </identifiers>
        <fullName>Rep. Barr, Andy [R-KY-6]</fullName>
        <state>KY</state>
        <district>6</district>
        <sponsorshipWithdrawnDate />
      </item>
      <item>
        <isOriginalCosponsor>False</isOriginalCosponsor>
        <firstName>Andy</firstName>
        <party>R</party>
        <sponsorshipDate>2017-02-17</sponsorshipDate>
        <lastName>Harris</lastName>
        <bioguideId>H001052</bioguideId>
        <middleName />
        <identifiers>
          <gpoId>7976</gpoId>
          <lisID>2026</lisID>
          <bioguideId>H001052</bioguideId>
        </identifiers>
        <fullName>Rep. Harris, Andy [R-MD-1]</fullName>
        <state>MD</state>
        <district>1</district>
        <sponsorshipWithdrawnDate />
      </item>
      <item>
        <isOriginalCosponsor>False</isOriginalCosponsor>
        <firstName>C. A.</firstName>
        <party>D</party>
        <sponsorshipDate>2017-02-21</sponsorshipDate>
        <lastName>Ruppersberger</lastName>
        <bioguideId>R000576</bioguideId>
        <middleName>Dutch</middleName>
        <identifiers>
          <gpoId>7977</gpoId>
          <lisID>1728</lisID>
          <bioguideId>R000576</bioguideId>
        </identifiers>
        <fullName>Rep. Ruppersberger, C. A. Dutch [D-MD-2]</fullName>
        <state>MD</state>
        <district>2</district>
        <sponsorshipWithdrawnDate />
      </item>
      <item>
        <isOriginalCosponsor>False</isOriginalCosponsor>
        <firstName>Brad</firstName>
        <party>R</party>
        <sponsorshipDate>2017-03-02</sponsorshipDate>
        <lastName>Wenstrup</lastName>
        <bioguideId>W000815</bioguideId>
        <middleName>R.</middleName>
        <identifiers>
          <lisID>2152</lisID>
          <bioguideId>W000815</bioguideId>
          <gpoId />
        </identifiers>
        <fullName>Rep. Wenstrup, Brad R. [R-OH-2]</fullName>
        <state>OH</state>
        <district>2</district>
        <sponsorshipWithdrawnDate />
      </item>
      <item>
        <isOriginalCosponsor>False</isOriginalCosponsor>
        <firstName>Evan</firstName>
        <party>R</party>
        <sponsorshipDate>2017-03-09</sponsorshipDate>
        <lastName>Jenkins</lastName>
        <bioguideId>J000297</bioguideId>
        <middleName>H.</middleName>
        <identifiers>
          <lisID>2278</lisID>
          <bioguideId>J000297</bioguideId>
          <gpoId />
        </identifiers>
        <fullName>Rep. Jenkins, Evan H. [R-WV-3]</fullName>
        <state>WV</state>
        <district>3</district>
        <sponsorshipWithdrawnDate />
      </item>
      <item>
        <isOriginalCosponsor>False</isOriginalCosponsor>
        <firstName>Leonard</firstName>
        <party>R</party>
        <sponsorshipDate>2017-03-21</sponsorshipDate>
        <lastName>Lance</lastName>
        <bioguideId>L000567</bioguideId>
        <middleName />
        <identifiers>
          <lisID>1936</lisID>
          <gpoId>8049</gpoId>
          <bioguideId>L000567</bioguideId>
        </identifiers>
        <fullName>Rep. Lance, Leonard [R-NJ-7]</fullName>
        <state>NJ</state>
        <district>7</district>
        <sponsorshipWithdrawnDate />
      </item>
      <item>
        <isOriginalCosponsor>False</isOriginalCosponsor>
        <firstName>Clay</firstName>
        <party>R</party>
        <sponsorshipDate>2017-04-04</sponsorshipDate>
        <lastName>Higgins</lastName>
        <bioguideId>H001077</bioguideId>
        <middleName />
        <identifiers>
          <bioguideId>H001077</bioguideId>
          <gpoId />
          <lisID>2329</lisID>
        </identifiers>
        <fullName>Rep. Higgins, Clay [R-LA-3]</fullName>
        <state>LA</state>
        <district>3</district>
        <sponsorshipWithdrawnDate />
      </item>
      <item>
        <isOriginalCosponsor>False</isOriginalCosponsor>
        <firstName>David</firstName>
        <party>R</party>
        <sponsorshipDate>2017-04-04</sponsorshipDate>
        <lastName>McKinley</lastName>
        <bioguideId>M001180</bioguideId>
        <middleName>B.</middleName>
        <identifiers>
          <bioguideId>M001180</bioguideId>
          <lisID>2074</lisID>
          <gpoId>8222</gpoId>
        </identifiers>
        <fullName>Rep. McKinley, David B. [R-WV-1]</fullName>
        <state>WV</state>
        <district>1</district>
        <sponsorshipWithdrawnDate />
      </item>
      <item>
        <isOriginalCosponsor>False</isOriginalCosponsor>
        <firstName>Ralph</firstName>
        <party>R</party>
        <sponsorshipDate>2017-04-04</sponsorshipDate>
        <lastName>Abraham</lastName>
        <bioguideId>A000374</bioguideId>
        <middleName>Lee</middleName>
        <identifiers>
          <lisID>2244</lisID>
          <gpoId />
          <bioguideId>A000374</bioguideId>
        </identifiers>
        <fullName>Rep. Abraham, Ralph Lee [R-LA-5]</fullName>
        <state>LA</state>
        <district>5</district>
        <sponsorshipWithdrawnDate />
      </item>
      <item>
        <isOriginalCosponsor>False</isOriginalCosponsor>
        <firstName>Derek</firstName>
        <party>D</party>
        <sponsorshipDate>2017-04-12</sponsorshipDate>
        <lastName>Kilmer</lastName>
        <bioguideId>K000381</bioguideId>
        <middleName />
        <identifiers>
          <bioguideId>K000381</bioguideId>
          <gpoId />
          <lisID>2169</lisID>
        </identifiers>
        <fullName>Rep. Kilmer, Derek [D-WA-6]</fullName>
        <state>WA</state>
        <district>6</district>
        <sponsorshipWithdrawnDate />
      </item>
      <item>
        <isOriginalCosponsor>False</isOriginalCosponsor>
        <firstName>Blaine</firstName>
        <party>R</party>
        <sponsorshipDate>2017-04-12</sponsorshipDate>
        <lastName>Luetkemeyer</lastName>
        <bioguideId>L000569</bioguideId>
        <middleName />
        <identifiers>
          <lisID>1931</lisID>
          <bioguideId>L000569</bioguideId>
          <gpoId>8017</gpoId>
        </identifiers>
        <fullName>Rep. Luetkemeyer, Blaine [R-MO-3]</fullName>
        <state>MO</state>
        <district>3</district>
        <sponsorshipWithdrawnDate />
      </item>
      <item>
        <isOriginalCosponsor>False</isOriginalCosponsor>
        <firstName>H.</firstName>
        <party>R</party>
        <sponsorshipDate>2017-05-19</sponsorshipDate>
        <lastName>Griffith</lastName>
        <bioguideId>G000568</bioguideId>
        <middleName>Morgan</middleName>
        <identifiers>
          <bioguideId>G000568</bioguideId>
          <lisID>2070</lisID>
          <gpoId>8200</gpoId>
        </identifiers>
        <fullName>Rep. Griffith, H. Morgan [R-VA-9]</fullName>
        <state>VA</state>
        <district>9</district>
        <sponsorshipWithdrawnDate />
      </item>
      <item>
        <isOriginalCosponsor>False</isOriginalCosponsor>
        <firstName>Tom</firstName>
        <party>R</party>
        <sponsorshipDate>2017-06-08</sponsorshipDate>
        <lastName>Graves</lastName>
        <bioguideId>G000560</bioguideId>
        <middleName />
        <identifiers>
          <bioguideId>G000560</bioguideId>
          <lisID>1979</lisID>
          <gpoId>7906</gpoId>
        </identifiers>
        <fullName>Rep. Graves, Tom [R-GA-14]</fullName>
        <state>GA</state>
        <district>14</district>
        <sponsorshipWithdrawnDate />
      </item>
      <item>
        <isOriginalCosponsor>False</isOriginalCosponsor>
        <firstName>Devin</firstName>
        <party>R</party>
        <sponsorshipDate>2017-06-12</sponsorshipDate>
        <lastName>Nunes</lastName>
        <bioguideId>N000181</bioguideId>
        <middleName />
        <identifiers>
          <lisID>1710</lisID>
          <bioguideId>N000181</bioguideId>
          <gpoId>7826</gpoId>
        </identifiers>
        <fullName>Rep. Nunes, Devin [R-CA-22]</fullName>
        <state>CA</state>
        <district>22</district>
        <sponsorshipWithdrawnDate />
      </item>
      <item>
        <isOriginalCosponsor>False</isOriginalCosponsor>
        <firstName>SANFORD</firstName>
        <party>D</party>
        <sponsorshipDate>2017-09-11</sponsorshipDate>
        <lastName>BISHOP</lastName>
        <bioguideId>B000490</bioguideId>
        <middleName>D.</middleName>
        <identifiers>
          <lisID>91</lisID>
          <bioguideId>B000490</bioguideId>
          <gpoId>7899</gpoId>
        </identifiers>
        <fullName>Rep. Bishop, Sanford D., Jr. [D-GA-2]</fullName>
        <state>GA</state>
        <district>2</district>
        <sponsorshipWithdrawnDate />
      </item>
      <item>
        <isOriginalCosponsor>False</isOriginalCosponsor>
        <firstName>Bill</firstName>
        <party>R</party>
        <sponsorshipDate>2017-09-11</sponsorshipDate>
        <lastName>Johnson</lastName>
        <bioguideId>J000292</bioguideId>
        <middleName />
        <identifiers>
          <lisID>2046</lisID>
          <gpoId>8096</gpoId>
          <bioguideId>J000292</bioguideId>
        </identifiers>
        <fullName>Rep. Johnson, Bill [R-OH-6]</fullName>
        <state>OH</state>
        <district>6</district>
        <sponsorshipWithdrawnDate />
      </item>
      <item>
        <isOriginalCosponsor>False</isOriginalCosponsor>
        <firstName>Steve</firstName>
        <party>D</party>
        <sponsorshipDate>2017-09-12</sponsorshipDate>
        <lastName>Cohen</lastName>
        <bioguideId>C001068</bioguideId>
        <middleName />
        <identifiers>
          <lisID>1878</lisID>
          <bioguideId>C001068</bioguideId>
          <gpoId>8156</gpoId>
        </identifiers>
        <fullName>Rep. Cohen, Steve [D-TN-9]</fullName>
        <state>TN</state>
        <district>9</district>
        <sponsorshipWithdrawnDate />
      </item>
      <item>
        <isOriginalCosponsor>False</isOriginalCosponsor>
        <firstName>RODNEY</firstName>
        <party>R</party>
        <sponsorshipDate>2017-10-23</sponsorshipDate>
        <lastName>FRELINGHUYSEN</lastName>
        <bioguideId>F000372</bioguideId>
        <middleName />
        <identifiers>
          <gpoId>8053</gpoId>
          <bioguideId>F000372</bioguideId>
          <lisID>414</lisID>
        </identifiers>
        <fullName>Rep. Frelinghuysen, Rodney P. [R-NJ-11]</fullName>
        <state>NJ</state>
        <district>11</district>
        <sponsorshipWithdrawnDate />
      </item>
      <item>
        <isOriginalCosponsor>False</isOriginalCosponsor>
        <firstName>PETER</firstName>
        <party>R</party>
        <sponsorshipDate>2017-10-23</sponsorshipDate>
        <lastName>KING</lastName>
        <bioguideId>K000210</bioguideId>
        <middleName>T.</middleName>
        <identifiers>
          <bioguideId>K000210</bioguideId>
          <lisID>635</lisID>
          <gpoId>8064</gpoId>
        </identifiers>
        <fullName>Rep. King, Peter T. [R-NY-2]</fullName>
        <state>NY</state>
        <district>2</district>
        <sponsorshipWithdrawnDate />
      </item>
    </cosponsors>
  </bill>
  <dublinCore xmlns:dc="http://purl.org/dc/elements/1.1/">
    <dc:format>text/xml</dc:format>
    <dc:language>EN</dc:language>
    <dc:rights>Pursuant to Title 17 Section 105 of the United States Code, this file is not subject to copyright protection and is in the public domain.</dc:rights>
    <dc:contributor>Congressional Research Service, Library of Congress</dc:contributor>
    <dc:description>This file contains bill summaries and statuses for federal legislation. A bill summary describes the most significant provisions of a piece of legislation and details the effects the legislative text may have on current law and federal programs. Bill summaries are authored by the Congressional Research Service (CRS) of the Library of Congress. As stated in Public Law 91-510 (2 USC 166 (d)(6)), one of the duties of CRS is "to prepare summaries and digests of bills and resolutions of a public general nature introduced in the Senate or House of Representatives". For more information, refer to the User Guide that accompanies this file.</dc:description>
  </dublinCore>
</billStatus>

