<?xml version="1.0" encoding="UTF-8"?>
<billStatus>
  <bill>
    <cosponsors />
    <congress>115</congress>
    <committees>
      <billCommittees>
        <item>
          <chamber>House</chamber>
          <subcommittees />
          <type>Standing</type>
          <activities>
            <item>
              <date>2017-01-13T14:01:20Z</date>
              <name>Referred to</name>
            </item>
          </activities>
          <systemCode>hsif00</systemCode>
          <name>Energy and Commerce Committee</name>
        </item>
      </billCommittees>
    </committees>
    <constitutionalAuthorityStatementText><![CDATA[<pre>From the Congressional Record Online through the Government Publishing Office [<a href='http://www.gpo.gov'>www.gpo.gov</a>]By Mr. SESSIONS:H.R. 575.Congress has the power to enact this legislation pursuantto the following:Article I, Section 8, Clause 3:Congress shall have the Power to regulate Commerce withforeign Nations, and among several States, and with theIndian Tribes.[Page H548]</pre>]]></constitutionalAuthorityStatementText>
    <laws />
    <titles>
      <item>
        <chamberName />
        <titleType>(Extracted from GPO) Short Titles as Introduced</titleType>
        <title>Cosmetic Modernization Amendments of 2017</title>
        <parentTitleType />
        <chamberCode />
      </item>
      <item>
        <chamberName />
        <titleType>Short Titles as Introduced</titleType>
        <title>Cosmetic Modernization Amendments of 2017</title>
        <parentTitleType />
        <chamberCode />
      </item>
      <item>
        <chamberName />
        <titleType>Official Title as Introduced</titleType>
        <title>To amend the Federal Food, Drug, and Cosmetic Act to establish new procedures and requirements for the registration of cosmetic manufacturing establishments, the submission of cosmetic and ingredient statements, and the reporting of serious cosmetic adverse events, and for other purposes.</title>
        <parentTitleType />
        <chamberCode />
      </item>
      <item>
        <chamberName />
        <titleType>Display Title</titleType>
        <title>Cosmetic Modernization Amendments of 2017</title>
        <parentTitleType />
        <chamberCode />
      </item>
    </titles>
    <billType>HR</billType>
    <amendments />
    <recordedVotes />
    <actions>
      <actionTypeCounts>
        <introducedInTheHouse>1</introducedInTheHouse>
        <introducedInHouse>1</introducedInHouse>
        <billReferrals>1</billReferrals>
      </actionTypeCounts>
      <item>
        <text>Referred to the House Committee on Energy and Commerce.</text>
        <links />
        <actionDate>2017-01-13</actionDate>
        <committee>
          <systemCode>hsif00</systemCode>
          <name>Energy and Commerce Committee</name>
        </committee>
        <sourceSystem>
          <name>House floor actions</name>
          <code>2</code>
        </sourceSystem>
        <type>IntroReferral</type>
        <actionCode>H11100</actionCode>
      </item>
      <item>
        <text>Introduced in House</text>
        <links />
        <actionDate>2017-01-13</actionDate>
        <committee />
        <sourceSystem>
          <name>Library of Congress</name>
          <code>9</code>
        </sourceSystem>
        <type>IntroReferral</type>
        <actionCode>Intro-H</actionCode>
      </item>
      <item>
        <text>Introduced in House</text>
        <links />
        <actionDate>2017-01-13</actionDate>
        <committee />
        <sourceSystem>
          <name>Library of Congress</name>
          <code>9</code>
        </sourceSystem>
        <type>IntroReferral</type>
        <actionCode>1000</actionCode>
      </item>
      <actionByCounts>
        <houseOfRepresentatives>3</houseOfRepresentatives>
      </actionByCounts>
    </actions>
    <introducedDate>2017-01-13</introducedDate>
    <relatedBills />
    <committeeReports />
    <calendarNumbers />
    <billNumber>575</billNumber>
    <summaries>
      <billSummaries>
        <item>
          <updateDate>2017-01-13T05:00:00Z</updateDate>
          <actionDesc>Introduced in House</actionDesc>
          <versionCode>00</versionCode>
          <name>Introduced in House</name>
          <text><![CDATA[<p><b>Cosmetic Modernization Amendments of 2017</b></p> <p>This bill amends the Federal Food, Drug, and Cosmetic Act to set forth provisions governing the regulation of cosmetics by the Food and Drug Administration (FDA), including requiring the registration of manufacturing establishments and the submission of a cosmetic and ingredient statement for each cosmetic. The FDA must publish a list of registered establishments and a list of cosmetics and their ingredients.</p> <p>Cosmetic manufacturers, packers, and distributors must report to the FDA any serious and unexpected adverse events likely caused by a cosmetic. Cosmetic labels must include contact information to report a serious adverse event.</p> <p>The FDA may establish principles and standards for good manufacturing practices for cosmetics. A cosmetic may not be sold if it presents a significant risk of serious adverse health consequences because it was not manufactured in accordance with good manufacturing practices.</p> <p>Certain ingredients are deemed safe for use in cosmetics unless restricted by the FDA. The FDA must establish a program to evaluate the safety of cosmetics and cosmetic ingredients.</p> <p>The FDA must establish and maintain a National Cosmetic Regulatory Databank that contains submitted information on cosmetics. Confidential business and trade secret information may be disclosed only to state agencies that request this information for good cause.</p> <p>The FDA may establish exemptions to requirements so that implementation and compliance is cost-effective.</p> <p>Color additives that the FDA has not listed as suitable and safe but that are generally recognized as safe may be used in cosmetics.</p> <p>States and local governments may not establish or continue in effect specified requirements relating to cosmetics.</p> Cosmetics may only be imported from registered establishments that have submitted a cosmetic and ingredient statement.]]></text>
          <lastSummaryUpdateDate>2017-02-01T16:39:15Z</lastSummaryUpdateDate>
          <actionDate>2017-01-13</actionDate>
        </item>
      </billSummaries>
    </summaries>
    <cboCostEstimates />
    <updateDate>2018-02-06T16:40:56Z</updateDate>
    <policyArea>
      <name>Health</name>
    </policyArea>
    <latestAction>
      <text>Referred to the House Committee on Energy and Commerce.</text>
      <actionDate>2017-01-13</actionDate>
      <links />
    </latestAction>
    <version>1.0.0</version>
    <subjects>
      <billSubjects>
        <policyArea>
          <name>Health</name>
        </policyArea>
        <legislativeSubjects>
          <item>
            <name>Administrative law and regulatory procedures</name>
          </item>
          <item>
            <name>Consumer affairs</name>
          </item>
          <item>
            <name>Department of Health and Human Services</name>
          </item>
          <item>
            <name>Drug safety, medical device, and laboratory regulation</name>
          </item>
          <item>
            <name>Federal preemption</name>
          </item>
          <item>
            <name>Government information and archives</name>
          </item>
          <item>
            <name>Health information and medical records</name>
          </item>
          <item>
            <name>Licensing and registrations</name>
          </item>
          <item>
            <name>Manufacturing</name>
          </item>
          <item>
            <name>Product safety and quality</name>
          </item>
          <item>
            <name>Trade restrictions</name>
          </item>
        </legislativeSubjects>
      </billSubjects>
    </subjects>
    <title>Cosmetic Modernization Amendments of 2017</title>
    <originChamber>House</originChamber>
    <sponsors>
      <item>
        <byRequestType />
        <district>32</district>
        <party>R</party>
        <fullName>Rep. Sessions, Pete [R-TX-32]</fullName>
        <lastName>SESSIONS</lastName>
        <state>TX</state>
        <bioguideId>S000250</bioguideId>
        <middleName />
        <firstName>PETE</firstName>
        <identifiers>
          <lisID>1525</lisID>
          <bioguideId>S000250</bioguideId>
          <gpoId>8188</gpoId>
        </identifiers>
      </item>
    </sponsors>
    <notes />
    <createDate>2017-01-14T04:47:33Z</createDate>
  </bill>
  <dublinCore xmlns:dc="http://purl.org/dc/elements/1.1/">
    <dc:format>text/xml</dc:format>
    <dc:language>EN</dc:language>
    <dc:rights>Pursuant to Title 17 Section 105 of the United States Code, this file is not subject to copyright protection and is in the public domain.</dc:rights>
    <dc:contributor>Congressional Research Service, Library of Congress</dc:contributor>
    <dc:description>This file contains bill summaries and statuses for federal legislation. A bill summary describes the most significant provisions of a piece of legislation and details the effects the legislative text may have on current law and federal programs. Bill summaries are authored by the Congressional Research Service (CRS) of the Library of Congress. As stated in Public Law 91-510 (2 USC 166 (d)(6)), one of the duties of CRS is "to prepare summaries and digests of bills and resolutions of a public general nature introduced in the Senate or House of Representatives". For more information, refer to the User Guide that accompanies this file.</dc:description>
  </dublinCore>
</billStatus>

