<?xml version="1.0" encoding="UTF-8"?>
<billStatus>
  <bill>
    <policyArea>
      <name>Health</name>
    </policyArea>
    <introducedDate>2017-01-03</introducedDate>
    <cosponsors>
      <item>
        <bioguideId>G000558</bioguideId>
        <district>2</district>
        <isOriginalCosponsor>True</isOriginalCosponsor>
        <sponsorshipWithdrawnDate />
        <lastName>Guthrie</lastName>
        <state>KY</state>
        <fullName>Rep. Guthrie, Brett [R-KY-2]</fullName>
        <sponsorshipDate>2017-01-03</sponsorshipDate>
        <middleName />
        <firstName>Brett</firstName>
        <party>R</party>
        <identifiers>
          <lisID>1922</lisID>
          <bioguideId>G000558</bioguideId>
          <gpoId>7954</gpoId>
        </identifiers>
      </item>
    </cosponsors>
    <titles>
      <item>
        <title>To amend title XIX of the Social Security Act to count portions of income from annuities of a community spouse as income available to institutionalized spouses for purposes of eligibility for medical assistance, and for other purposes.</title>
        <titleType>Official Title as Introduced</titleType>
        <parentTitleType />
        <chamberCode />
        <chamberName />
      </item>
      <item>
        <title>To amend title XIX of the Social Security Act to count portions of income from annuities of a community spouse as income available to institutionalized spouses for purposes of eligibility for medical assistance, and for other purposes.</title>
        <titleType>Display Title</titleType>
        <parentTitleType />
        <chamberCode />
        <chamberName />
      </item>
    </titles>
    <congress>115</congress>
    <recordedVotes />
    <amendments />
    <laws />
    <cboCostEstimates />
    <actions>
      <actionByCounts>
        <houseOfRepresentatives>6</houseOfRepresentatives>
      </actionByCounts>
      <actionTypeCounts>
        <introducedInTheHouse>1</introducedInTheHouse>
        <designationOfSpeakerProTempore>1</designationOfSpeakerProTempore>
        <billReferrals>1</billReferrals>
        <placeholderTextForH>2</placeholderTextForH>
        <introducedInHouse>1</introducedInHouse>
      </actionTypeCounts>
      <item>
        <actionDate>2017-02-07</actionDate>
        <committee>
          <systemCode>hsif14</systemCode>
          <name>Health Subcommittee</name>
        </committee>
        <links />
        <sourceSystem>
          <name>House committee actions</name>
          <code>1</code>
        </sourceSystem>
        <text>Forwarded by Subcommittee to Full Committee by the Yeas and Nays: 19 - 13 .</text>
        <type>Committee</type>
      </item>
      <item>
        <actionDate>2017-02-07</actionDate>
        <committee>
          <systemCode>hsif14</systemCode>
          <name>Health Subcommittee</name>
        </committee>
        <links />
        <sourceSystem>
          <name>House committee actions</name>
          <code>1</code>
        </sourceSystem>
        <text>Subcommittee Consideration and Mark-up Session Held.</text>
        <type>Committee</type>
      </item>
      <item>
        <actionDate>2017-01-25</actionDate>
        <committee>
          <systemCode>hsif14</systemCode>
          <name>Health Subcommittee</name>
        </committee>
        <links />
        <sourceSystem>
          <name>House committee actions</name>
          <code>1</code>
        </sourceSystem>
        <text>Referred to the Subcommittee on Health.</text>
        <type>Committee</type>
      </item>
      <item>
        <actionDate>2017-01-03</actionDate>
        <text>Referred to the House Committee on Energy and Commerce.</text>
        <sourceSystem>
          <name>House floor actions</name>
          <code>2</code>
        </sourceSystem>
        <committee>
          <systemCode>hsif00</systemCode>
          <name>Energy and Commerce Committee</name>
        </committee>
        <links />
        <actionCode>H11100</actionCode>
        <type>IntroReferral</type>
      </item>
      <item>
        <actionDate>2017-01-03</actionDate>
        <text>Introduced in House</text>
        <sourceSystem>
          <name>Library of Congress</name>
          <code>9</code>
        </sourceSystem>
        <committee />
        <links />
        <actionCode>Intro-H</actionCode>
        <type>IntroReferral</type>
      </item>
      <item>
        <actionDate>2017-01-03</actionDate>
        <text>Introduced in House</text>
        <sourceSystem>
          <name>Library of Congress</name>
          <code>9</code>
        </sourceSystem>
        <committee />
        <links />
        <actionCode>1000</actionCode>
        <type>IntroReferral</type>
      </item>
    </actions>
    <updateDate>2018-02-06T16:40:30Z</updateDate>
    <summaries>
      <billSummaries>
        <item>
          <versionCode>00</versionCode>
          <text><![CDATA[<p>This bill amends title XIX (Medicaid) of the Social Security Act to count as available income, for purposes of determining the Medicaid eligibility of an institutionalized individual, portions of&nbsp;certain annuity income made in the name of the individual's spouse.</p> <p>The bill does not apply to annuity income from specified pensions and retirement accounts.</p>]]></text>
          <actionDesc>Introduced in House</actionDesc>
          <actionDate>2017-01-03</actionDate>
          <lastSummaryUpdateDate>2017-05-22T16:56:59Z</lastSummaryUpdateDate>
          <name>Introduced in House</name>
          <updateDate>2017-01-03T05:00:00Z</updateDate>
        </item>
      </billSummaries>
    </summaries>
    <title>To amend title XIX of the Social Security Act to count portions of income from annuities of a community spouse as income available to institutionalized spouses for purposes of eligibility for medical assistance, and for other purposes.</title>
    <calendarNumbers />
    <originChamber>House</originChamber>
    <constitutionalAuthorityStatementText><![CDATA[<pre>From the Congressional Record Online through the Government Publishing Office [<a href='http://www.gpo.gov'>www.gpo.gov</a>]By Mr. MULLIN:H.R. 181.Congress has the power to enact this legislation pursuantto the following:Article I, Section 8, Clause 18 of the United StatesConstitution[Page H51]</pre>]]></constitutionalAuthorityStatementText>
    <notes />
    <billType>HR</billType>
    <committees>
      <billCommittees>
        <item>
          <chamber>House</chamber>
          <name>Energy and Commerce Committee</name>
          <systemCode>hsif00</systemCode>
          <type>Standing</type>
          <subcommittees>
            <item>
              <systemCode>hsif14</systemCode>
              <name>Health Subcommittee</name>
              <activities>
                <item>
                  <name>Reported by</name>
                  <date>2017-02-07T20:10:44Z</date>
                </item>
                <item>
                  <name>Markup by</name>
                  <date>2017-02-07T20:07:09Z</date>
                </item>
                <item>
                  <name>Referred to</name>
                  <date>2017-01-25T14:14:17Z</date>
                </item>
              </activities>
            </item>
          </subcommittees>
          <activities>
            <item>
              <name>Referred to</name>
              <date>2017-01-03T17:19:00Z</date>
            </item>
          </activities>
        </item>
      </billCommittees>
    </committees>
    <latestAction>
      <text>Forwarded by Subcommittee to Full Committee by the Yeas and Nays: 19 - 13 .</text>
      <actionDate>2017-02-07</actionDate>
      <links />
    </latestAction>
    <committeeReports />
    <billNumber>181</billNumber>
    <sponsors>
      <item>
        <byRequestType />
        <state>OK</state>
        <bioguideId>M001190</bioguideId>
        <identifiers>
          <gpoId />
          <bioguideId>M001190</bioguideId>
          <lisID>2156</lisID>
        </identifiers>
        <fullName>Rep. Mullin, Markwayne [R-OK-2]</fullName>
        <district>2</district>
        <lastName>Mullin</lastName>
        <firstName>Markwayne</firstName>
        <middleName />
        <party>R</party>
      </item>
    </sponsors>
    <subjects>
      <billSubjects>
        <legislativeSubjects>
          <item>
            <name>Long-term, rehabilitative, and terminal care</name>
          </item>
          <item>
            <name>Medicaid</name>
          </item>
        </legislativeSubjects>
        <policyArea>
          <name>Health</name>
        </policyArea>
      </billSubjects>
    </subjects>
    <createDate>2017-01-04T07:01:12Z</createDate>
    <version>1.0.0</version>
    <relatedBills />
  </bill>
  <dublinCore xmlns:dc="http://purl.org/dc/elements/1.1/">
    <dc:format>text/xml</dc:format>
    <dc:language>EN</dc:language>
    <dc:rights>Pursuant to Title 17 Section 105 of the United States Code, this file is not subject to copyright protection and is in the public domain.</dc:rights>
    <dc:contributor>Congressional Research Service, Library of Congress</dc:contributor>
    <dc:description>This file contains bill summaries and statuses for federal legislation. A bill summary describes the most significant provisions of a piece of legislation and details the effects the legislative text may have on current law and federal programs. Bill summaries are authored by the Congressional Research Service (CRS) of the Library of Congress. As stated in Public Law 91-510 (2 USC 166 (d)(6)), one of the duties of CRS is "to prepare summaries and digests of bills and resolutions of a public general nature introduced in the Senate or House of Representatives". For more information, refer to the User Guide that accompanies this file.</dc:description>
  </dublinCore>
</billStatus>

