<?xml version="1.0" encoding="UTF-8"?>
<billStatus>
  <bill>
    <constitutionalAuthorityStatementText><![CDATA[<pre>From the Congressional Record Online through the Government Publishing Office [<a href='http://www.gpo.gov'>www.gpo.gov</a>]By Mrs. WAGNER:H.R. 78.Congress has the power to enact this legislation pursuantto the following:Article I, Section 8, Clause 3The Congress shall have Power *** To regulate Commerce withforeign Nations, and among the several States, and with theIndian Tribes[Page H49]</pre>]]></constitutionalAuthorityStatementText>
    <originChamber>House</originChamber>
    <subjects>
      <billSubjects>
        <legislativeSubjects>
          <item>
            <name>Administrative law and regulatory procedures</name>
          </item>
          <item>
            <name>Corporate finance and management</name>
          </item>
          <item>
            <name>Financial services and investments</name>
          </item>
          <item>
            <name>Government studies and investigations</name>
          </item>
          <item>
            <name>Securities</name>
          </item>
          <item>
            <name>Securities and Exchange Commission (SEC)</name>
          </item>
          <item>
            <name>Small business</name>
          </item>
        </legislativeSubjects>
        <policyArea>
          <name>Finance and Financial Sector</name>
        </policyArea>
      </billSubjects>
    </subjects>
    <cosponsors>
      <item>
        <district>32</district>
        <sponsorshipWithdrawnDate />
        <party>R</party>
        <fullName>Rep. Sessions, Pete [R-TX-32]</fullName>
        <sponsorshipDate>2017-01-04</sponsorshipDate>
        <bioguideId>S000250</bioguideId>
        <middleName />
        <identifiers>
          <lisID>1525</lisID>
          <bioguideId>S000250</bioguideId>
          <gpoId>8188</gpoId>
        </identifiers>
        <lastName>SESSIONS</lastName>
        <isOriginalCosponsor>False</isOriginalCosponsor>
        <firstName>PETE</firstName>
        <state>TX</state>
      </item>
      <item>
        <district>39</district>
        <sponsorshipWithdrawnDate />
        <party>R</party>
        <fullName>Rep. Royce, Edward R. [R-CA-39]</fullName>
        <sponsorshipDate>2017-01-09</sponsorshipDate>
        <bioguideId>R000487</bioguideId>
        <middleName />
        <identifiers>
          <bioguideId>R000487</bioguideId>
          <lisID>998</lisID>
          <gpoId>7845</gpoId>
        </identifiers>
        <lastName>ROYCE</lastName>
        <isOriginalCosponsor>False</isOriginalCosponsor>
        <firstName>ED</firstName>
        <state>CA</state>
      </item>
      <item>
        <district>3</district>
        <sponsorshipWithdrawnDate />
        <party>R</party>
        <fullName>Rep. Tipton, Scott  R. [R-CO-3]</fullName>
        <sponsorshipDate>2017-01-10</sponsorshipDate>
        <bioguideId>T000470</bioguideId>
        <middleName>R.</middleName>
        <identifiers>
          <lisID>1997</lisID>
          <bioguideId>T000470</bioguideId>
          <gpoId>7861</gpoId>
        </identifiers>
        <lastName>Tipton</lastName>
        <isOriginalCosponsor>False</isOriginalCosponsor>
        <firstName>Scott</firstName>
        <state>CO</state>
      </item>
    </cosponsors>
    <billType>HR</billType>
    <recordedVotes>
      <recordedVote>
        <rollNumber>51</rollNumber>
        <chamber>House</chamber>
        <sessionNumber>1</sessionNumber>
        <fullActionName>Passage of a Measure</fullActionName>
        <congress>115</congress>
        <date>2017-01-12T22:13:38Z</date>
        <url>http://clerk.house.gov/evs/2017/roll051.xml</url>
      </recordedVote>
      <recordedVote>
        <rollNumber>50</rollNumber>
        <chamber>House</chamber>
        <sessionNumber>1</sessionNumber>
        <fullActionName>Motion to Commit/Recommit With Instructions Results</fullActionName>
        <congress>115</congress>
        <date>2017-01-12T22:07:27Z</date>
        <url>http://clerk.house.gov/evs/2017/roll050.xml</url>
      </recordedVote>
    </recordedVotes>
    <laws />
    <committeeReports />
    <actions>
      <actionByCounts>
        <senate>1</senate>
        <houseOfRepresentatives>28</houseOfRepresentatives>
      </actionByCounts>
      <item>
        <actionDate>2017-01-17</actionDate>
        <committee>
          <name>Banking, Housing, and Urban Affairs Committee</name>
          <systemCode>ssbk00</systemCode>
        </committee>
        <links />
        <sourceSystem>
          <name>Senate</name>
          <code>0</code>
        </sourceSystem>
        <text>Received in the Senate and Read twice and referred to the Committee on Banking, Housing, and Urban Affairs.</text>
        <type>IntroReferral</type>
      </item>
      <item>
        <text>Motion to reconsider laid on the table Agreed to without objection.</text>
        <type>Floor</type>
        <sourceSystem>
          <name>House floor actions</name>
          <code>2</code>
        </sourceSystem>
        <committee />
        <actionTime>17:13:40</actionTime>
        <actionCode>H38310</actionCode>
        <actionDate>2017-01-12</actionDate>
        <links />
      </item>
      <item>
        <text>On passage Passed by recorded vote: 243 - 184 (Roll no. 51).</text>
        <type>Floor</type>
        <sourceSystem>
          <name>House floor actions</name>
          <code>2</code>
        </sourceSystem>
        <committee />
        <actionTime>17:13:38</actionTime>
        <actionCode>H37100</actionCode>
        <actionDate>2017-01-12</actionDate>
        <links>
          <link>
            <name>Roll no. 51</name>
            <url>http://clerk.house.gov/evs/2017/roll051.xml</url>
          </link>
        </links>
      </item>
      <item>
        <text>Passed/agreed to in House: On passage Passed by recorded vote: 243 - 184 (Roll no. 51).</text>
        <type>Floor</type>
        <sourceSystem>
          <name>Library of Congress</name>
          <code>9</code>
        </sourceSystem>
        <committee />
        <actionTime>17:13:38</actionTime>
        <actionCode>8000</actionCode>
        <actionDate>2017-01-12</actionDate>
        <links>
          <link>
            <name>Roll no. 51</name>
            <url>http://clerk.house.gov/evs/2017/roll051.xml</url>
          </link>
        </links>
      </item>
      <item>
        <text>On motion to recommit with instructions Failed by recorded vote: 195 - 232 (Roll no. 50).</text>
        <type>Floor</type>
        <sourceSystem>
          <name>House floor actions</name>
          <code>2</code>
        </sourceSystem>
        <committee>
          <name>Financial Services Committee</name>
          <systemCode>hsba00</systemCode>
        </committee>
        <actionTime>17:07:27</actionTime>
        <actionCode>H36110</actionCode>
        <actionDate>2017-01-12</actionDate>
        <links>
          <link>
            <name>Roll no. 50</name>
            <url>http://clerk.house.gov/evs/2017/roll050.xml</url>
          </link>
        </links>
      </item>
      <item>
        <text>The previous question on the motion to recommit with instructions was ordered without objection.</text>
        <type>Floor</type>
        <sourceSystem>
          <name>House floor actions</name>
          <code>2</code>
        </sourceSystem>
        <committee />
        <actionTime>17:01:08</actionTime>
        <actionCode>H8A000</actionCode>
        <actionDate>2017-01-12</actionDate>
        <links />
      </item>
      <item>
        <text>Floor summary: DEBATE - The House proceeded with 10 minutes of debate on the Bustos motion to recommit with instructions. The instructions contained in the motion seek to require the bill to be reported back to the House with an amendment pertaining to consideration of the potential outsourcing of U.S. Jobs.</text>
        <type>Floor</type>
        <sourceSystem>
          <name>House floor actions</name>
          <code>2</code>
        </sourceSystem>
        <committee />
        <actionTime>16:53:10</actionTime>
        <actionCode>H8D000</actionCode>
        <actionDate>2017-01-12</actionDate>
        <links />
      </item>
      <item>
        <text>Mrs. Bustos moved to recommit with instructions to the Committee on Financial Services. (text: CR H446)</text>
        <type>Floor</type>
        <sourceSystem>
          <name>House floor actions</name>
          <code>2</code>
        </sourceSystem>
        <committee>
          <name>Financial Services Committee</name>
          <systemCode>hsba00</systemCode>
        </committee>
        <actionTime>16:52:57</actionTime>
        <actionCode>H36100</actionCode>
        <actionDate>2017-01-12</actionDate>
        <links>
          <link>
            <name>H446</name>
            <url>https://www.congress.gov/congressional-record/volume-163/house-section/page/H446</url>
          </link>
        </links>
      </item>
      <item>
        <text>The House adopted the amendment as agreed to by the Committee of the Whole House on the state of the Union.</text>
        <type>Floor</type>
        <sourceSystem>
          <name>House floor actions</name>
          <code>2</code>
        </sourceSystem>
        <committee />
        <actionTime>16:52:35</actionTime>
        <actionCode>H34400</actionCode>
        <actionDate>2017-01-12</actionDate>
        <links />
      </item>
      <item>
        <text>The previous question was ordered pursuant to the rule.</text>
        <type>Floor</type>
        <sourceSystem>
          <name>House floor actions</name>
          <code>2</code>
        </sourceSystem>
        <committee />
        <actionTime>16:52:26</actionTime>
        <actionCode>H35000</actionCode>
        <actionDate>2017-01-12</actionDate>
        <links />
      </item>
      <item>
        <text>The House rose from the Committee of the Whole House on the state of the Union to report H.R. 78.</text>
        <type>Floor</type>
        <sourceSystem>
          <name>House floor actions</name>
          <code>2</code>
        </sourceSystem>
        <committee />
        <actionTime>16:51:41</actionTime>
        <actionCode>H32600</actionCode>
        <actionDate>2017-01-12</actionDate>
        <links>
          <link>
            <name>H.R. 78</name>
            <url>https://www.congress.gov/bill/115th-congress/house-bill/78</url>
          </link>
        </links>
      </item>
      <item>
        <text>POSTPONED PROCEEDINGS - At the conclusion of debate on the Raskin amendment, the Chair put the question on adoption of the amendment and by voice vote announced that the noes had prevailed. Mr. Raskin demanded a recorded vote and the Chair postponed further proceedings on the question of adoption of the amendment until a time to be announced.</text>
        <type>Floor</type>
        <sourceSystem>
          <name>House floor actions</name>
          <code>2</code>
        </sourceSystem>
        <committee />
        <actionTime>16:12:24</actionTime>
        <actionCode>H8D000</actionCode>
        <actionDate>2017-01-12</actionDate>
        <links />
      </item>
      <item>
        <text>DEBATE - Pursuant to the provisions of H. Res. 40, the Committee of the Whole proceeded with 10 minutes of debate on the Raskin Part A amendment No. 5.</text>
        <type>Floor</type>
        <sourceSystem>
          <name>House floor actions</name>
          <code>2</code>
        </sourceSystem>
        <committee />
        <actionTime>16:01:52</actionTime>
        <actionCode>H8D000</actionCode>
        <actionDate>2017-01-12</actionDate>
        <links>
          <link>
            <name>H. Res. 40</name>
            <url>https://www.congress.gov/bill/115th-congress/house-resolution/40</url>
          </link>
        </links>
      </item>
      <item>
        <text>POSTPONED PROCEEDINGS - At the conclusion of debate on the DeSaulnier amendment, the Chair put the question on adoption of the amendment and by voice vote announced that the noes had prevailed. Mr. DeSaulnier demanded a recorded vote and the Chair postponed further proceedings on the question of adoption of the amendment until a time to be announced.</text>
        <type>Floor</type>
        <sourceSystem>
          <name>House floor actions</name>
          <code>2</code>
        </sourceSystem>
        <committee />
        <actionTime>16:01:14</actionTime>
        <actionCode>H8D000</actionCode>
        <actionDate>2017-01-12</actionDate>
        <links />
      </item>
      <item>
        <text>DEBATE - Pursuant to the provisions of H. Res. 40, the Committee of the Whole proceeded with 10 minutes of debate on the DeSaulnier Part A amendment No. 4.</text>
        <type>Floor</type>
        <sourceSystem>
          <name>House floor actions</name>
          <code>2</code>
        </sourceSystem>
        <committee />
        <actionTime>15:53:24</actionTime>
        <actionCode>H8D000</actionCode>
        <actionDate>2017-01-12</actionDate>
        <links>
          <link>
            <name>H. Res. 40</name>
            <url>https://www.congress.gov/bill/115th-congress/house-resolution/40</url>
          </link>
        </links>
      </item>
      <item>
        <text>POSTPONED PROCEEDINGS - At the conclusion of debate on the Al Green (TX) amendment, the Chair put the question on adoption of the amendment and by voice vote announced that the noes had prevailed. Mr. Al Green (TX) demanded a recorded vote and the Chair postponed further proceedings on the question of adoption of the amendment until a time to be announced.</text>
        <type>Floor</type>
        <sourceSystem>
          <name>House floor actions</name>
          <code>2</code>
        </sourceSystem>
        <committee />
        <actionTime>15:51:20</actionTime>
        <actionCode>H8D000</actionCode>
        <actionDate>2017-01-12</actionDate>
        <links />
      </item>
      <item>
        <text>DEBATE - Pursuant to the provisions of H. Res. 40, the Committee of the Whole proceeded with 10 minutes of debate on the Al Green (TX) Part A amendment No. 3.</text>
        <type>Floor</type>
        <sourceSystem>
          <name>House floor actions</name>
          <code>2</code>
        </sourceSystem>
        <committee />
        <actionTime>15:41:39</actionTime>
        <actionCode>H8D000</actionCode>
        <actionDate>2017-01-12</actionDate>
        <links>
          <link>
            <name>H. Res. 40</name>
            <url>https://www.congress.gov/bill/115th-congress/house-resolution/40</url>
          </link>
        </links>
      </item>
      <item>
        <text>DEBATE - Pursuant to the provisions of H. Res. 40, the Committee of the Whole proceeded with 10 minutes of debate on the Velazquez Part A amendment No. 2.</text>
        <type>Floor</type>
        <sourceSystem>
          <name>House floor actions</name>
          <code>2</code>
        </sourceSystem>
        <committee />
        <actionTime>15:36:50</actionTime>
        <actionCode>H8D000</actionCode>
        <actionDate>2017-01-12</actionDate>
        <links>
          <link>
            <name>H. Res. 40</name>
            <url>https://www.congress.gov/bill/115th-congress/house-resolution/40</url>
          </link>
        </links>
      </item>
      <item>
        <text>POSTPONED PROCEEDINGS - At the conclusion of debate on the Al Green (TX) amendment, the Chair put the question on adoption of the amendment and by voice vote announced that the noes had prevailed. Mr. Al Green (TX) demanded a recorded vote and the Chair postponed further proceedings on the question of adoption of the amendment until a time to be announced.</text>
        <type>Floor</type>
        <sourceSystem>
          <name>House floor actions</name>
          <code>2</code>
        </sourceSystem>
        <committee />
        <actionTime>15:36:02</actionTime>
        <actionCode>H8D000</actionCode>
        <actionDate>2017-01-12</actionDate>
        <links />
      </item>
      <item>
        <text>DEBATE - Pursuant to the provisions of H. Res. 40, the Committee of the Whole proceeded with 10 minutes of debate on the Al Green (TX) Part A amendment No. 1.</text>
        <type>Floor</type>
        <sourceSystem>
          <name>House floor actions</name>
          <code>2</code>
        </sourceSystem>
        <committee />
        <actionTime>15:28:04</actionTime>
        <actionCode>H8D000</actionCode>
        <actionDate>2017-01-12</actionDate>
        <links>
          <link>
            <name>H. Res. 40</name>
            <url>https://www.congress.gov/bill/115th-congress/house-resolution/40</url>
          </link>
        </links>
      </item>
      <item>
        <text>GENERAL DEBATE - The Committee of the Whole proceeded with one hour of general debate on H.R. 78.</text>
        <type>Floor</type>
        <sourceSystem>
          <name>House floor actions</name>
          <code>2</code>
        </sourceSystem>
        <committee />
        <actionTime>14:16:37</actionTime>
        <actionCode>H8D000</actionCode>
        <actionDate>2017-01-12</actionDate>
        <links>
          <link>
            <name>H.R. 78</name>
            <url>https://www.congress.gov/bill/115th-congress/house-bill/78</url>
          </link>
        </links>
      </item>
      <item>
        <text>The Speaker designated the Honorable Tom McClintock to act as Chairman of the Committee.</text>
        <type>Floor</type>
        <sourceSystem>
          <name>House floor actions</name>
          <code>2</code>
        </sourceSystem>
        <committee />
        <actionTime>14:16:26</actionTime>
        <actionCode>H32400</actionCode>
        <actionDate>2017-01-12</actionDate>
        <links />
      </item>
      <item>
        <text>House resolved itself into the Committee of the Whole House on the state of the Union pursuant to H. Res. 40 and Rule XVIII.</text>
        <type>Floor</type>
        <sourceSystem>
          <name>House floor actions</name>
          <code>2</code>
        </sourceSystem>
        <committee />
        <actionTime>14:16:25</actionTime>
        <actionCode>H32020</actionCode>
        <actionDate>2017-01-12</actionDate>
        <links>
          <link>
            <name>H. Res. 40</name>
            <url>https://www.congress.gov/bill/115th-congress/house-resolution/40</url>
          </link>
        </links>
      </item>
      <item>
        <text>Rule provides for consideration of H.R. 78 and H.R. 238. The resolution provides for one hour of general debate on both H.R. 78 and H.R. 238. The resolution provides for suspension authority at any time on the legislative day of January 13, 2017. The resolution also provides for legislative proceedings during the period of January 16, 2017 through January 20, 2017.</text>
        <type>Floor</type>
        <sourceSystem>
          <name>House floor actions</name>
          <code>2</code>
        </sourceSystem>
        <committee />
        <actionTime>14:14:54</actionTime>
        <actionCode>H8D000</actionCode>
        <actionDate>2017-01-12</actionDate>
        <links>
          <link>
            <name>H.R. 238</name>
            <url>https://www.congress.gov/bill/115th-congress/house-bill/238</url>
          </link>
          <link>
            <name>H.R. 78</name>
            <url>https://www.congress.gov/bill/115th-congress/house-bill/78</url>
          </link>
        </links>
      </item>
      <item>
        <text>Considered under the provisions of rule H. Res. 40. (consideration: CR H428-448; text as reported in House: CR H437-438)</text>
        <type>Floor</type>
        <sourceSystem>
          <name>House floor actions</name>
          <code>2</code>
        </sourceSystem>
        <committee />
        <actionTime>14:14:49</actionTime>
        <actionCode>H30000</actionCode>
        <actionDate>2017-01-12</actionDate>
        <links>
          <link>
            <name>H. Res. 40</name>
            <url>https://www.congress.gov/bill/115th-congress/house-resolution/40</url>
          </link>
          <link>
            <name>H428-448</name>
            <url>https://www.congress.gov/congressional-record/volume-163/house-section/page/H428-448</url>
          </link>
          <link>
            <name>H437-438</name>
            <url>https://www.congress.gov/congressional-record/volume-163/house-section/page/H437-438</url>
          </link>
        </links>
      </item>
      <item>
        <text>Rules Committee Resolution H. Res. 40 Reported to House. Rule provides for consideration of H.R. 78 and H.R. 238. The resolution provides for one hour of general debate on both H.R. 78 and H.R. 238. The resolution provides for suspension authority at any time on the legislative day of January 13, 2017. The resolution also provides for legislative proceedings during the period of January 16, 2017 through January 20, 2017.</text>
        <type>Floor</type>
        <sourceSystem>
          <name>House floor actions</name>
          <code>2</code>
        </sourceSystem>
        <committee />
        <actionTime>18:02:35</actionTime>
        <actionCode>H1L210</actionCode>
        <actionDate>2017-01-10</actionDate>
        <links>
          <link>
            <name>H. Res. 40</name>
            <url>https://www.congress.gov/bill/115th-congress/house-resolution/40</url>
          </link>
          <link>
            <name>H.R. 238</name>
            <url>https://www.congress.gov/bill/115th-congress/house-bill/238</url>
          </link>
          <link>
            <name>H.R. 78</name>
            <url>https://www.congress.gov/bill/115th-congress/house-bill/78</url>
          </link>
        </links>
      </item>
      <item>
        <text>Referred to the House Committee on Financial Services.</text>
        <type>IntroReferral</type>
        <sourceSystem>
          <name>House floor actions</name>
          <code>2</code>
        </sourceSystem>
        <committee>
          <name>Financial Services Committee</name>
          <systemCode>hsba00</systemCode>
        </committee>
        <actionCode>H11100</actionCode>
        <actionDate>2017-01-03</actionDate>
        <links />
      </item>
      <item>
        <text>Introduced in House</text>
        <type>IntroReferral</type>
        <sourceSystem>
          <name>Library of Congress</name>
          <code>9</code>
        </sourceSystem>
        <committee />
        <actionCode>Intro-H</actionCode>
        <actionDate>2017-01-03</actionDate>
        <links />
      </item>
      <item>
        <text>Introduced in House</text>
        <type>IntroReferral</type>
        <sourceSystem>
          <name>Library of Congress</name>
          <code>9</code>
        </sourceSystem>
        <committee />
        <actionCode>1000</actionCode>
        <actionDate>2017-01-03</actionDate>
        <links />
      </item>
      <actionTypeCounts>
        <motionToCommitRecommitWithInstructionsResults>1</motionToCommitRecommitWithInstructionsResults>
        <considerationByHouse>1</considerationByHouse>
        <generalDebate>12</generalDebate>
        <placeholderTextForHA>1</placeholderTextForHA>
        <placeholderTextForH>1</placeholderTextForH>
        <referredToCommittee>1</referredToCommittee>
        <motionForPreviousQuestion>1</motionForPreviousQuestion>
        <passageOfAMeasure>1</passageOfAMeasure>
        <resolvingIntoCommitteeOfTheWholePursuantToRule>1</resolvingIntoCommitteeOfTheWholePursuantToRule>
        <introducedInHouse>1</introducedInHouse>
        <motionToCommitRecommitWithInstructionsOffered>1</motionToCommitRecommitWithInstructionsOffered>
        <introducedInTheHouse>1</introducedInTheHouse>
        <ruleForConsiderationOfBillReportedToHouse>1</ruleForConsiderationOfBillReportedToHouse>
        <passedAgreedToInHouse>1</passedAgreedToInHouse>
        <billReferrals>1</billReferrals>
        <designationOfChairmanCommitteeOfTheWhole>1</designationOfChairmanCommitteeOfTheWhole>
        <committeeOfTheWholeRisesToReportOnLegislation>1</committeeOfTheWholeRisesToReportOnLegislation>
        <motionToReconsiderResults>1</motionToReconsiderResults>
      </actionTypeCounts>
    </actions>
    <createDate>2017-01-04T07:01:10Z</createDate>
    <version>1.0.0</version>
    <notes />
    <latestAction>
      <actionDate>2017-01-17</actionDate>
      <text>Received in the Senate and Read twice and referred to the Committee on Banking, Housing, and Urban Affairs.</text>
      <links />
    </latestAction>
    <title>SEC Regulatory Accountability Act</title>
    <summaries>
      <billSummaries>
        <item>
          <lastSummaryUpdateDate>2017-01-09T13:58:02Z</lastSummaryUpdateDate>
          <updateDate>2017-01-03T05:00:00Z</updateDate>
          <versionCode>00</versionCode>
          <text><![CDATA[<p><b>SEC Regulatory Accountability Act</b></p> <p>This bill amends the Securities Exchange Act of 1934 to direct the Securities and Exchange Commission (SEC) to:</p> <ul> <li>before issuing a regulation under the securities laws, identify the nature and source of the problem that the proposed regulation is designed to address; </li> <li>adopt a regulation&nbsp;only upon a reasoned determination that its benefits justify its costs; </li> <li>identify and assess available alternatives to any regulation; and </li> <li>ensure that any regulation is accessible, consistent, written in plain language, and easy to understand. </li></ul> <p>In determining the costs and benefits of a proposed regulation, the SEC shall consider its impact on investor choice, market liquidity, and small businesses. </p> <p>In addition, the SEC shall: (1) periodically review its existing regulations to determine if they are outmoded, ineffective, insufficient, or excessively burdensome; and (2) in accordance with such review, modify, streamline, expand, or repeal them.</p> <p> Whenever it adopts or amends a rule that is&nbsp;"major" (in terms of economic impact), the SEC shall state in its adopting release: (1)&nbsp;the regulation's purposes and intended consequences, (2)&nbsp;metrics for measuring the regulation's economic impact, (3) the assessment plan to be used to assess whether the regulation has achieved its stated&nbsp;purposes, and (4) any foreseeable unintended or negative consequences of the regulation.</p>]]></text>
          <name>Introduced in House</name>
          <actionDesc>Introduced in House</actionDesc>
          <actionDate>2017-01-03</actionDate>
        </item>
        <item>
          <lastSummaryUpdateDate>2017-01-18T21:22:30Z</lastSummaryUpdateDate>
          <updateDate>2017-01-12T14:52:16Z</updateDate>
          <versionCode>36</versionCode>
          <text><![CDATA[<p><b>SEC Regulatory Accountability Act</b></p> <p>(Sec. 2) This bill amends the Securities Exchange Act of 1934 to direct the Securities and Exchange Commission (SEC) to:</p> <ul> <li>before issuing a regulation under the securities laws, identify the nature and source of the problem that the proposed regulation is designed to address; </li> <li>adopt a regulation&nbsp;only upon a reasoned determination that its benefits justify its costs; </li> <li>identify and assess available alternatives to any regulation; and </li> <li>ensure that any regulation is accessible, consistent, written in plain language, and easy to understand. </li></ul> <p>In determining the costs and benefits of a proposed regulation, the SEC shall consider its impact on investor choice, market liquidity, and small businesses. </p> <p>In addition, the SEC shall: (1) periodically review its existing regulations to determine if they are outmoded, ineffective, insufficient, or excessively burdensome; and (2) in accordance with such review, modify, streamline, expand, or repeal them.</p> <p>Whenever it adopts or amends a rule that is&nbsp;"major" (in terms of economic impact), the SEC shall state in its adopting release: (1)&nbsp;the regulation's purposes and intended consequences, (2)&nbsp;metrics for measuring the regulation's economic impact, (3) the assessment plan to be used to assess whether the regulation has achieved its stated&nbsp;purposes, and (4) any foreseeable unintended or negative consequences of the regulation.</p>]]></text>
          <name>Passed House amended</name>
          <actionDesc>Passed House amended</actionDesc>
          <actionDate>2017-01-12</actionDate>
        </item>
      </billSummaries>
    </summaries>
    <congress>115</congress>
    <policyArea>
      <name>Finance and Financial Sector</name>
    </policyArea>
    <billNumber>78</billNumber>
    <calendarNumbers />
    <cboCostEstimates />
    <introducedDate>2017-01-03</introducedDate>
    <relatedBills>
      <item>
        <number>40</number>
        <latestTitle>Providing for consideration of the bill (H.R. 78) to improve the consideration by the Securities and Exchange Commission of the costs and benefits of its regulations and orders; providing for consideration of the bill (H.R. 238) to reauthorize the Commodity Futures Trading Commission, to better protect futures customers, to provide end-users with market certainty, to make basic reforms to ensure transparency and accountability at the Commission, to help farmers, ranchers, and end-users manage risks, to help keep consumer costs low, and for other purposes; and for other purposes.</latestTitle>
        <type>HRES</type>
        <relationshipDetails>
          <item>
            <identifiedBy>House</identifiedBy>
            <type>Related bill</type>
          </item>
          <item>
            <identifiedBy>House</identifiedBy>
            <type>Procedurally-related</type>
          </item>
        </relationshipDetails>
        <congress>115</congress>
        <latestAction>
          <text>Motion to reconsider laid on the table Agreed to without objection.</text>
          <actionTime>13:40:11</actionTime>
          <actionDate>2017-01-11</actionDate>
        </latestAction>
      </item>
    </relatedBills>
    <committees>
      <billCommittees>
        <item>
          <type>Standing</type>
          <systemCode>ssbk00</systemCode>
          <subcommittees />
          <activities>
            <item>
              <date>2017-01-17T21:15:57Z</date>
              <name>Referred to</name>
            </item>
          </activities>
          <chamber>Senate</chamber>
          <name>Banking, Housing, and Urban Affairs Committee</name>
        </item>
        <item>
          <type>Standing</type>
          <systemCode>hsba00</systemCode>
          <subcommittees />
          <activities>
            <item>
              <date>2017-01-03T17:24:50Z</date>
              <name>Referred to</name>
            </item>
          </activities>
          <chamber>House</chamber>
          <name>Financial Services Committee</name>
        </item>
      </billCommittees>
    </committees>
    <titles>
      <item>
        <parentTitleType />
        <chamberCode>H</chamberCode>
        <titleType>(Extracted from GPO) Short Titles as Passed House</titleType>
        <chamberName>House</chamberName>
        <title>SEC Regulatory Accountability Act</title>
      </item>
      <item>
        <parentTitleType />
        <chamberCode />
        <titleType>(Extracted from GPO) Short Titles as Introduced</titleType>
        <chamberName />
        <title>SEC Regulatory Accountability Act</title>
      </item>
      <item>
        <parentTitleType>Short Titles House of Representatives</parentTitleType>
        <chamberCode>H</chamberCode>
        <titleType>Short Titles as Passed House</titleType>
        <chamberName>House</chamberName>
        <title>SEC Regulatory Accountability Act</title>
      </item>
      <item>
        <parentTitleType />
        <chamberCode />
        <titleType>Short Titles as Introduced</titleType>
        <chamberName />
        <title>SEC Regulatory Accountability Act</title>
      </item>
      <item>
        <parentTitleType />
        <chamberCode />
        <titleType>Official Title as Introduced</titleType>
        <chamberName />
        <title>To improve the consideration by the Securities and Exchange Commission of the costs and benefits of its regulations and orders.</title>
      </item>
      <item>
        <parentTitleType />
        <chamberCode />
        <titleType>Display Title</titleType>
        <chamberName />
        <title>SEC Regulatory Accountability Act</title>
      </item>
    </titles>
    <sponsors>
      <item>
        <fullName>Rep. Wagner, Ann [R-MO-2]</fullName>
        <middleName />
        <district>2</district>
        <byRequestType />
        <firstName>Ann</firstName>
        <bioguideId>W000812</bioguideId>
        <state>MO</state>
        <party>R</party>
        <lastName>Wagner</lastName>
        <identifiers>
          <lisID>2137</lisID>
          <bioguideId>W000812</bioguideId>
          <gpoId />
        </identifiers>
      </item>
    </sponsors>
    <updateDate>2018-02-06T16:40:25Z</updateDate>
    <amendments>
      <amendment>
        <updateDate>2018-02-06T11:39:18Z</updateDate>
        <congress>115</congress>
        <sponsors>
          <item>
            <identifiers>
              <lisID>2332</lisID>
              <gpoId />
              <bioguideId>R000606</bioguideId>
            </identifiers>
            <district>8</district>
            <middleName />
            <fullName>Rep. Raskin, Jamie [D-MD-8]</fullName>
            <bioguideId>R000606</bioguideId>
            <state>MD</state>
            <party>D</party>
            <firstName>Jamie</firstName>
            <lastName>Raskin</lastName>
          </item>
        </sponsors>
        <chamber>House of Representatives</chamber>
        <type>HAMDT</type>
        <purpose>An amendment numbered 5 printed in Part A of House Report 115-3 to require the Chairman of the Securities and Exchange Commission to be trained on ethical standards and codes of conduct to ensure all regulations enacted are not done so with a conflict of interest, specifically regarding prior employment and legal representation of too-big-to-fail banks.</purpose>
        <actions>
          <actionByCounts>
            <houseOfRepresentatives>7</houseOfRepresentatives>
          </actionByCounts>
          <actionTypeCounts>
            <houseAmendmentOfferedReportedBy>1</houseAmendmentOfferedReportedBy>
            <houseAmendmentNotAgreedTo>1</houseAmendmentNotAgreedTo>
            <houseAmendmentOffered>1</houseAmendmentOffered>
            <amendmentOffered>1</amendmentOffered>
            <rollCallVotesOnAmendmentsInHouse>1</rollCallVotesOnAmendmentsInHouse>
            <agreementToAnAmendmentResultsCommitteeOfTheWhole>1</agreementToAnAmendmentResultsCommitteeOfTheWhole>
            <amendmentFailedInCommitteeOfTheWhole>1</amendmentFailedInCommitteeOfTheWhole>
          </actionTypeCounts>
          <actions>
            <item>
              <text>On agreeing to the Raskin amendment (A005) Failed by recorded vote: 196 - 231 (Roll no. 49).</text>
              <links>
                <link>
                  <name>H.Amdt.43</name>
                  <url>https://www.congress.gov/amendment/115th-congress/house-amendment/43</url>
                </link>
                <link>
                  <name>Roll no. 49</name>
                  <url>http://clerk.house.gov/evs/2017/roll049.xml</url>
                </link>
              </links>
              <sourceSystem>
                <code>2</code>
                <name>House floor actions</name>
              </sourceSystem>
              <actionCode>H32111</actionCode>
              <type>Floor</type>
              <actionTime>16:51:32</actionTime>
              <committee />
              <actionDate>2017-01-12</actionDate>
            </item>
            <item>
              <text>Amendment (A005) offered by Mr. Raskin. (consideration: CR H442-443, H445-446; text: CR H442)</text>
              <links>
                <link>
                  <name>H.Amdt.43</name>
                  <url>https://www.congress.gov/amendment/115th-congress/house-amendment/43</url>
                </link>
                <link>
                  <name>H442</name>
                  <url>https://www.congress.gov/congressional-record/volume-163/house-section/page/H442</url>
                </link>
                <link>
                  <name>H442-443</name>
                  <url>https://www.congress.gov/congressional-record/volume-163/house-section/page/H442-443</url>
                </link>
                <link>
                  <name>H445-446</name>
                  <url>https://www.congress.gov/congressional-record/volume-163/house-section/page/H445-446</url>
                </link>
              </links>
              <sourceSystem>
                <code>2</code>
                <name>House floor actions</name>
              </sourceSystem>
              <actionCode>H3A100</actionCode>
              <type>Floor</type>
              <actionTime>16:01:28</actionTime>
              <committee />
              <actionDate>2017-01-12</actionDate>
            </item>
            <item>
              <actionDate>2017-01-12</actionDate>
              <committee />
              <links />
              <text />
            </item>
            <item>
              <text>House amendment offered/reported by : Amendment (A005) offered by Mr. Raskin.</text>
              <links>
                <link>
                  <name>H.Amdt.43</name>
                  <url>https://www.congress.gov/amendment/115th-congress/house-amendment/43</url>
                </link>
                <link>
                  <name>H442</name>
                  <url>https://www.congress.gov/congressional-record/volume-163/house-section/page/H442</url>
                </link>
                <link>
                  <name>H442-443</name>
                  <url>https://www.congress.gov/congressional-record/volume-163/house-section/page/H442-443</url>
                </link>
                <link>
                  <name>H445-446</name>
                  <url>https://www.congress.gov/congressional-record/volume-163/house-section/page/H445-446</url>
                </link>
              </links>
              <sourceSystem>
                <code>9</code>
                <name>Library of Congress</name>
              </sourceSystem>
              <actionCode>71500</actionCode>
              <type>NotUsed</type>
              <actionTime>16:01:28</actionTime>
              <committee />
              <actionDate>2017-01-12</actionDate>
            </item>
            <item>
              <text>House amendment not agreed to: On agreeing to the Raskin amendment (A005) Failed by recorded vote: 196 - 231 (Roll no. 49).</text>
              <links>
                <link>
                  <name>H.Amdt.43</name>
                  <url>https://www.congress.gov/amendment/115th-congress/house-amendment/43</url>
                </link>
                <link>
                  <name>Roll no. 49</name>
                  <url>http://clerk.house.gov/evs/2017/roll049.xml</url>
                </link>
              </links>
              <sourceSystem>
                <code>9</code>
                <name>Library of Congress</name>
              </sourceSystem>
              <actionCode>73000</actionCode>
              <type>Floor</type>
              <actionTime>16:51:32</actionTime>
              <committee />
              <actionDate>2017-01-12</actionDate>
            </item>
            <item>
              <text>Amendment failed in Committee of the Whole</text>
              <links>
                <link>
                  <name>H.Amdt.43</name>
                  <url>https://www.congress.gov/amendment/115th-congress/house-amendment/43</url>
                </link>
                <link>
                  <name>Roll no. 49</name>
                  <url>http://clerk.house.gov/evs/2017/roll049.xml</url>
                </link>
              </links>
              <sourceSystem>
                <code>9</code>
                <name>Library of Congress</name>
              </sourceSystem>
              <actionCode>77000</actionCode>
              <type>NotUsed</type>
              <actionTime>16:51:32</actionTime>
              <committee />
              <actionDate>2017-01-12</actionDate>
            </item>
            <item>
              <text>Roll call votes on amendments in House</text>
              <links>
                <link>
                  <name>H.Amdt.43</name>
                  <url>https://www.congress.gov/amendment/115th-congress/house-amendment/43</url>
                </link>
                <link>
                  <name>Roll no. 49</name>
                  <url>http://clerk.house.gov/evs/2017/roll049.xml</url>
                </link>
              </links>
              <sourceSystem>
                <code>9</code>
                <name>Library of Congress</name>
              </sourceSystem>
              <actionCode>75000</actionCode>
              <type>Floor</type>
              <actionTime>16:51:32</actionTime>
              <committee />
              <actionDate>2017-01-12</actionDate>
            </item>
            <item>
              <text>House amendment offered</text>
              <links />
              <sourceSystem>
                <code>9</code>
                <name>Library of Congress</name>
              </sourceSystem>
              <actionCode>71000</actionCode>
              <type>Floor</type>
              <committee />
              <actionDate>2017-01-12</actionDate>
            </item>
          </actions>
          <count>8</count>
        </actions>
        <submittedDate>2017-01-12T05:00:00Z</submittedDate>
        <titles />
        <proposedDate />
        <amendments>
          <count>0</count>
        </amendments>
        <notes />
        <amendedBill>
          <originChamber>House</originChamber>
          <congress>115</congress>
          <number>78</number>
          <originChamberCode>H</originChamberCode>
          <type>HR</type>
          <title>SEC Regulatory Accountability Act</title>
        </amendedBill>
        <number>43</number>
        <version>1.0.0</version>
        <links />
        <amendedAmendment />
        <createDate>2017-01-13T09:56:23Z</createDate>
        <cosponsors>
          <totalCount>0</totalCount>
          <currentCount>0</currentCount>
        </cosponsors>
        <description>Amendment sought to require the Chairman of the SEC to be trained on ethical standards and codes of conduct to ensure all regulations enacted are not done so with a conflict of interest.</description>
        <congress>115</congress>
        <type>HAMDT</type>
        <number>43</number>
        <latestAction>
          <actionDate>2017-01-12</actionDate>
          <text>On agreeing to the Raskin amendment (A005) Failed by recorded vote: 196 - 231 (Roll no. 49).</text>
          <actionTime>16:51:32</actionTime>
        </latestAction>
        <description>Amendment sought to require the Chairman of the SEC to be trained on ethical standards and codes of conduct to ensure all regulations enacted are not done so with a conflict of interest.</description>
        <purpose>An amendment numbered 5 printed in Part A of House Report 115-3 to require the Chairman of the Securities and Exchange Commission to be trained on ethical standards and codes of conduct to ensure all regulations enacted are not done so with a conflict of interest, specifically regarding prior employment and legal representation of too-big-to-fail banks.</purpose>
      </amendment>
      <amendment>
        <submittedDate>2017-01-12T05:00:00Z</submittedDate>
        <congress>115</congress>
        <sponsors>
          <item>
            <party>D</party>
            <bioguideId>D000623</bioguideId>
            <district>11</district>
            <firstName>Mark</firstName>
            <middleName />
            <fullName>Rep. DeSaulnier, Mark [D-CA-11]</fullName>
            <identifiers>
              <bioguideId>D000623</bioguideId>
              <lisID>2227</lisID>
              <gpoId />
            </identifiers>
            <lastName>DeSaulnier</lastName>
            <state>CA</state>
          </item>
        </sponsors>
        <titles />
        <proposedDate />
        <description>Amendment sought to require the Chairman of the SEC and his immediate family to divest from too-big-to-fail banks.</description>
        <purpose>An amendment numbered 4 printed in Part A of House Report 115-3 to require the Chairman of the SEC and his immediate family to divest from too-big-to-fail banks.</purpose>
        <version>1.0.0</version>
        <createDate>2017-01-13T09:56:22Z</createDate>
        <amendedAmendment />
        <chamber>House of Representatives</chamber>
        <type>HAMDT</type>
        <actions>
          <actionTypeCounts>
            <amendmentOffered>1</amendmentOffered>
            <amendmentFailedInCommitteeOfTheWhole>1</amendmentFailedInCommitteeOfTheWhole>
            <houseAmendmentOfferedReportedBy>1</houseAmendmentOfferedReportedBy>
            <rollCallVotesOnAmendmentsInHouse>1</rollCallVotesOnAmendmentsInHouse>
            <houseAmendmentOffered>1</houseAmendmentOffered>
            <houseAmendmentNotAgreedTo>1</houseAmendmentNotAgreedTo>
            <agreementToAnAmendmentResultsCommitteeOfTheWhole>1</agreementToAnAmendmentResultsCommitteeOfTheWhole>
          </actionTypeCounts>
          <actions>
            <item>
              <text>On agreeing to the DeSaulnier amendment (A004) Failed by recorded vote: 194 - 233 (Roll no. 48).</text>
              <links>
                <link>
                  <url>https://www.congress.gov/amendment/115th-congress/house-amendment/42</url>
                  <name>H.Amdt.42</name>
                </link>
                <link>
                  <url>http://clerk.house.gov/evs/2017/roll048.xml</url>
                  <name>Roll no. 48</name>
                </link>
              </links>
              <actionDate>2017-01-12</actionDate>
              <committee />
              <sourceSystem>
                <name>House floor actions</name>
                <code>2</code>
              </sourceSystem>
              <actionTime>16:46:56</actionTime>
              <type>Floor</type>
              <actionCode>H32111</actionCode>
            </item>
            <item>
              <text>Amendment (A004) offered by Mr. DeSaulnier. (consideration: CR H441-442, H444-445; text: CR H441)</text>
              <links>
                <link>
                  <url>https://www.congress.gov/amendment/115th-congress/house-amendment/42</url>
                  <name>H.Amdt.42</name>
                </link>
                <link>
                  <url>https://www.congress.gov/congressional-record/volume-163/house-section/page/H441</url>
                  <name>H441</name>
                </link>
                <link>
                  <url>https://www.congress.gov/congressional-record/volume-163/house-section/page/H441-442</url>
                  <name>H441-442</name>
                </link>
                <link>
                  <url>https://www.congress.gov/congressional-record/volume-163/house-section/page/H444-445</url>
                  <name>H444-445</name>
                </link>
              </links>
              <actionDate>2017-01-12</actionDate>
              <committee />
              <sourceSystem>
                <name>House floor actions</name>
                <code>2</code>
              </sourceSystem>
              <actionTime>15:53:05</actionTime>
              <type>Floor</type>
              <actionCode>H3A100</actionCode>
            </item>
            <item>
              <actionDate>2017-01-12</actionDate>
              <committee />
              <links />
              <text />
            </item>
            <item>
              <text>Amendment failed in Committee of the Whole</text>
              <links>
                <link>
                  <url>https://www.congress.gov/amendment/115th-congress/house-amendment/42</url>
                  <name>H.Amdt.42</name>
                </link>
                <link>
                  <url>http://clerk.house.gov/evs/2017/roll048.xml</url>
                  <name>Roll no. 48</name>
                </link>
              </links>
              <actionDate>2017-01-12</actionDate>
              <committee />
              <sourceSystem>
                <name>Library of Congress</name>
                <code>9</code>
              </sourceSystem>
              <actionTime>16:46:56</actionTime>
              <type>NotUsed</type>
              <actionCode>77000</actionCode>
            </item>
            <item>
              <text>Roll call votes on amendments in House</text>
              <links>
                <link>
                  <url>https://www.congress.gov/amendment/115th-congress/house-amendment/42</url>
                  <name>H.Amdt.42</name>
                </link>
                <link>
                  <url>http://clerk.house.gov/evs/2017/roll048.xml</url>
                  <name>Roll no. 48</name>
                </link>
              </links>
              <actionDate>2017-01-12</actionDate>
              <committee />
              <sourceSystem>
                <name>Library of Congress</name>
                <code>9</code>
              </sourceSystem>
              <actionTime>16:46:56</actionTime>
              <type>Floor</type>
              <actionCode>75000</actionCode>
            </item>
            <item>
              <text>House amendment not agreed to: On agreeing to the DeSaulnier amendment (A004) Failed by recorded vote: 194 - 233 (Roll no. 48).</text>
              <links>
                <link>
                  <url>https://www.congress.gov/amendment/115th-congress/house-amendment/42</url>
                  <name>H.Amdt.42</name>
                </link>
                <link>
                  <url>http://clerk.house.gov/evs/2017/roll048.xml</url>
                  <name>Roll no. 48</name>
                </link>
              </links>
              <actionDate>2017-01-12</actionDate>
              <committee />
              <sourceSystem>
                <name>Library of Congress</name>
                <code>9</code>
              </sourceSystem>
              <actionTime>16:46:56</actionTime>
              <type>Floor</type>
              <actionCode>73000</actionCode>
            </item>
            <item>
              <text>House amendment offered/reported by : Amendment (A004) offered by Mr. DeSaulnier.</text>
              <links>
                <link>
                  <url>https://www.congress.gov/amendment/115th-congress/house-amendment/42</url>
                  <name>H.Amdt.42</name>
                </link>
                <link>
                  <url>https://www.congress.gov/congressional-record/volume-163/house-section/page/H441</url>
                  <name>H441</name>
                </link>
                <link>
                  <url>https://www.congress.gov/congressional-record/volume-163/house-section/page/H441-442</url>
                  <name>H441-442</name>
                </link>
                <link>
                  <url>https://www.congress.gov/congressional-record/volume-163/house-section/page/H444-445</url>
                  <name>H444-445</name>
                </link>
              </links>
              <actionDate>2017-01-12</actionDate>
              <committee />
              <sourceSystem>
                <name>Library of Congress</name>
                <code>9</code>
              </sourceSystem>
              <actionTime>15:53:05</actionTime>
              <type>NotUsed</type>
              <actionCode>71500</actionCode>
            </item>
            <item>
              <text>House amendment offered</text>
              <links />
              <actionDate>2017-01-12</actionDate>
              <committee />
              <sourceSystem>
                <name>Library of Congress</name>
                <code>9</code>
              </sourceSystem>
              <type>Floor</type>
              <actionCode>71000</actionCode>
            </item>
          </actions>
          <actionByCounts>
            <houseOfRepresentatives>7</houseOfRepresentatives>
          </actionByCounts>
          <count>8</count>
        </actions>
        <number>42</number>
        <updateDate>2018-02-06T11:39:18Z</updateDate>
        <links />
        <cosponsors>
          <currentCount>0</currentCount>
          <totalCount>0</totalCount>
        </cosponsors>
        <amendedBill>
          <originChamber>House</originChamber>
          <originChamberCode>H</originChamberCode>
          <type>HR</type>
          <title>SEC Regulatory Accountability Act</title>
          <number>78</number>
          <congress>115</congress>
        </amendedBill>
        <amendments>
          <count>0</count>
        </amendments>
        <notes />
        <congress>115</congress>
        <type>HAMDT</type>
        <number>42</number>
        <latestAction>
          <actionDate>2017-01-12</actionDate>
          <text>On agreeing to the DeSaulnier amendment (A004) Failed by recorded vote: 194 - 233 (Roll no. 48).</text>
          <actionTime>16:46:56</actionTime>
        </latestAction>
        <description>Amendment sought to require the Chairman of the SEC and his immediate family to divest from too-big-to-fail banks.</description>
        <purpose>An amendment numbered 4 printed in Part A of House Report 115-3 to require the Chairman of the SEC and his immediate family to divest from too-big-to-fail banks.</purpose>
      </amendment>
      <amendment>
        <congress>115</congress>
        <description>Amendment sought to exempt regulations promulgated to maintain or support U.S. financial stability or prevent or reduce systemic risk.</description>
        <submittedDate>2017-01-12T05:00:00Z</submittedDate>
        <cosponsors>
          <currentCount>0</currentCount>
          <totalCount>0</totalCount>
        </cosponsors>
        <amendedBill>
          <originChamber>House</originChamber>
          <number>78</number>
          <type>HR</type>
          <congress>115</congress>
          <title>SEC Regulatory Accountability Act</title>
          <originChamberCode>H</originChamberCode>
        </amendedBill>
        <type>HAMDT</type>
        <createDate>2017-01-13T09:56:22Z</createDate>
        <notes />
        <amendedAmendment />
        <purpose>An amendment numbered 3 printed in Part A of House Report 115-3 to exempt regulations promulgated to maintain or support U.S. financial stability or prevent or reduce systemic risk.</purpose>
        <chamber>House of Representatives</chamber>
        <links />
        <version>1.0.0</version>
        <updateDate>2018-02-06T11:39:18Z</updateDate>
        <amendments>
          <count>0</count>
        </amendments>
        <number>41</number>
        <actions>
          <actionTypeCounts>
            <rollCallVotesOnAmendmentsInHouse>1</rollCallVotesOnAmendmentsInHouse>
            <agreementToAnAmendmentResultsCommitteeOfTheWhole>1</agreementToAnAmendmentResultsCommitteeOfTheWhole>
            <houseAmendmentOfferedReportedBy>1</houseAmendmentOfferedReportedBy>
            <houseAmendmentNotAgreedTo>1</houseAmendmentNotAgreedTo>
            <amendmentFailedInCommitteeOfTheWhole>1</amendmentFailedInCommitteeOfTheWhole>
            <houseAmendmentOffered>1</houseAmendmentOffered>
            <amendmentOffered>1</amendmentOffered>
          </actionTypeCounts>
          <actions>
            <item>
              <type>Floor</type>
              <text>On agreeing to the Green, Al amendment (A003) Failed by recorded vote: 191 - 232 (Roll no. 47).</text>
              <links>
                <link>
                  <name>H.Amdt.41</name>
                  <url>https://www.congress.gov/amendment/115th-congress/house-amendment/41</url>
                </link>
                <link>
                  <name>Roll no. 47</name>
                  <url>http://clerk.house.gov/evs/2017/roll047.xml</url>
                </link>
              </links>
              <committee />
              <actionTime>16:41:23</actionTime>
              <sourceSystem>
                <code>2</code>
                <name>House floor actions</name>
              </sourceSystem>
              <actionDate>2017-01-12</actionDate>
              <actionCode>H32111</actionCode>
            </item>
            <item>
              <type>Floor</type>
              <text>Amendment (A003) offered by Mr. Green, Al. (consideration: CR H439-441, H443-444; text: CR H439)</text>
              <links>
                <link>
                  <name>H.Amdt.41</name>
                  <url>https://www.congress.gov/amendment/115th-congress/house-amendment/41</url>
                </link>
                <link>
                  <name>H439</name>
                  <url>https://www.congress.gov/congressional-record/volume-163/house-section/page/H439</url>
                </link>
                <link>
                  <name>H439-441</name>
                  <url>https://www.congress.gov/congressional-record/volume-163/house-section/page/H439-441</url>
                </link>
                <link>
                  <name>H443-444</name>
                  <url>https://www.congress.gov/congressional-record/volume-163/house-section/page/H443-444</url>
                </link>
              </links>
              <committee />
              <actionTime>15:41:21</actionTime>
              <sourceSystem>
                <code>2</code>
                <name>House floor actions</name>
              </sourceSystem>
              <actionDate>2017-01-12</actionDate>
              <actionCode>H3A100</actionCode>
            </item>
            <item>
              <actionDate>2017-01-12</actionDate>
              <committee />
              <links />
              <text />
            </item>
            <item>
              <type>NotUsed</type>
              <text>Amendment failed in Committee of the Whole</text>
              <links>
                <link>
                  <name>H.Amdt.41</name>
                  <url>https://www.congress.gov/amendment/115th-congress/house-amendment/41</url>
                </link>
                <link>
                  <name>Roll no. 47</name>
                  <url>http://clerk.house.gov/evs/2017/roll047.xml</url>
                </link>
              </links>
              <committee />
              <actionTime>16:41:23</actionTime>
              <sourceSystem>
                <code>9</code>
                <name>Library of Congress</name>
              </sourceSystem>
              <actionDate>2017-01-12</actionDate>
              <actionCode>77000</actionCode>
            </item>
            <item>
              <type>Floor</type>
              <text>Roll call votes on amendments in House</text>
              <links>
                <link>
                  <name>H.Amdt.41</name>
                  <url>https://www.congress.gov/amendment/115th-congress/house-amendment/41</url>
                </link>
                <link>
                  <name>Roll no. 47</name>
                  <url>http://clerk.house.gov/evs/2017/roll047.xml</url>
                </link>
              </links>
              <committee />
              <actionTime>16:41:23</actionTime>
              <sourceSystem>
                <code>9</code>
                <name>Library of Congress</name>
              </sourceSystem>
              <actionDate>2017-01-12</actionDate>
              <actionCode>75000</actionCode>
            </item>
            <item>
              <type>Floor</type>
              <text>House amendment not agreed to: On agreeing to the Green, Al amendment (A003) Failed by recorded vote: 191 - 232 (Roll no. 47).</text>
              <links>
                <link>
                  <name>H.Amdt.41</name>
                  <url>https://www.congress.gov/amendment/115th-congress/house-amendment/41</url>
                </link>
                <link>
                  <name>Roll no. 47</name>
                  <url>http://clerk.house.gov/evs/2017/roll047.xml</url>
                </link>
              </links>
              <committee />
              <actionTime>16:41:23</actionTime>
              <sourceSystem>
                <code>9</code>
                <name>Library of Congress</name>
              </sourceSystem>
              <actionDate>2017-01-12</actionDate>
              <actionCode>73000</actionCode>
            </item>
            <item>
              <type>NotUsed</type>
              <text>House amendment offered/reported by : Amendment (A003) offered by Mr. Green, Al.</text>
              <links>
                <link>
                  <name>H.Amdt.41</name>
                  <url>https://www.congress.gov/amendment/115th-congress/house-amendment/41</url>
                </link>
                <link>
                  <name>H439</name>
                  <url>https://www.congress.gov/congressional-record/volume-163/house-section/page/H439</url>
                </link>
                <link>
                  <name>H439-441</name>
                  <url>https://www.congress.gov/congressional-record/volume-163/house-section/page/H439-441</url>
                </link>
                <link>
                  <name>H443-444</name>
                  <url>https://www.congress.gov/congressional-record/volume-163/house-section/page/H443-444</url>
                </link>
              </links>
              <committee />
              <actionTime>15:41:21</actionTime>
              <sourceSystem>
                <code>9</code>
                <name>Library of Congress</name>
              </sourceSystem>
              <actionDate>2017-01-12</actionDate>
              <actionCode>71500</actionCode>
            </item>
            <item>
              <type>Floor</type>
              <text>House amendment offered</text>
              <links />
              <committee />
              <sourceSystem>
                <code>9</code>
                <name>Library of Congress</name>
              </sourceSystem>
              <actionDate>2017-01-12</actionDate>
              <actionCode>71000</actionCode>
            </item>
          </actions>
          <actionByCounts>
            <houseOfRepresentatives>7</houseOfRepresentatives>
          </actionByCounts>
          <count>8</count>
        </actions>
        <proposedDate />
        <titles />
        <sponsors>
          <item>
            <bioguideId>G000553</bioguideId>
            <district>9</district>
            <middleName />
            <firstName>Al</firstName>
            <lastName>Green</lastName>
            <state>TX</state>
            <party>D</party>
            <identifiers>
              <gpoId>8165</gpoId>
              <lisID>1803</lisID>
              <bioguideId>G000553</bioguideId>
            </identifiers>
            <fullName>Rep. Green, Al [D-TX-9]</fullName>
          </item>
        </sponsors>
        <congress>115</congress>
        <type>HAMDT</type>
        <number>41</number>
        <latestAction>
          <actionDate>2017-01-12</actionDate>
          <text>On agreeing to the Green, Al amendment (A003) Failed by recorded vote: 191 - 232 (Roll no. 47).</text>
          <actionTime>16:41:23</actionTime>
        </latestAction>
        <description>Amendment sought to exempt regulations promulgated to maintain or support U.S. financial stability or prevent or reduce systemic risk.</description>
        <purpose>An amendment numbered 3 printed in Part A of House Report 115-3 to exempt regulations promulgated to maintain or support U.S. financial stability or prevent or reduce systemic risk.</purpose>
      </amendment>
      <amendment>
        <proposedDate />
        <amendedBill>
          <originChamberCode>H</originChamberCode>
          <number>78</number>
          <originChamber>House</originChamber>
          <congress>115</congress>
          <type>HR</type>
          <title>SEC Regulatory Accountability Act</title>
        </amendedBill>
        <cosponsors>
          <totalCount>0</totalCount>
          <currentCount>0</currentCount>
        </cosponsors>
        <congress>115</congress>
        <type>HAMDT</type>
        <notes />
        <titles />
        <chamber>House of Representatives</chamber>
        <amendments>
          <count>0</count>
        </amendments>
        <actions>
          <count>7</count>
          <actionByCounts>
            <houseOfRepresentatives>6</houseOfRepresentatives>
          </actionByCounts>
          <actionTypeCounts>
            <amendmentOffered>1</amendmentOffered>
            <houseAmendmentAgreedTo>1</houseAmendmentAgreedTo>
            <houseAmendmentOfferedReportedBy>1</houseAmendmentOfferedReportedBy>
            <amendmentAgreedToCommitteeOfTheWhole>1</amendmentAgreedToCommitteeOfTheWhole>
            <agreementToAnAmendmentResultsCommitteeOfTheWhole>1</agreementToAnAmendmentResultsCommitteeOfTheWhole>
            <houseAmendmentOffered>1</houseAmendmentOffered>
          </actionTypeCounts>
          <actions>
            <item>
              <actionDate>2017-01-12</actionDate>
              <text>On agreeing to the Velazquez amendment (A002) Agreed to by voice vote.</text>
              <sourceSystem>
                <name>House floor actions</name>
                <code>2</code>
              </sourceSystem>
              <committee />
              <links>
                <link>
                  <name>H.Amdt.40</name>
                  <url>https://www.congress.gov/amendment/115th-congress/house-amendment/40</url>
                </link>
              </links>
              <actionCode>H32111</actionCode>
              <type>Floor</type>
              <actionTime>15:40:53</actionTime>
            </item>
            <item>
              <actionDate>2017-01-12</actionDate>
              <text>Amendment (A002) offered by Ms. Velazquez. (consideration: CR H439; text: CR H439)</text>
              <sourceSystem>
                <name>House floor actions</name>
                <code>2</code>
              </sourceSystem>
              <committee />
              <links>
                <link>
                  <name>H.Amdt.40</name>
                  <url>https://www.congress.gov/amendment/115th-congress/house-amendment/40</url>
                </link>
                <link>
                  <name>H439</name>
                  <url>https://www.congress.gov/congressional-record/volume-163/house-section/page/H439</url>
                </link>
              </links>
              <actionCode>H3A100</actionCode>
              <type>Floor</type>
              <actionTime>15:36:20</actionTime>
            </item>
            <item>
              <actionDate>2017-01-12</actionDate>
              <committee />
              <links />
              <text />
            </item>
            <item>
              <actionDate>2017-01-12</actionDate>
              <text>House amendment offered/reported by : Amendment (A002) offered by Ms. Velazquez.</text>
              <sourceSystem>
                <name>Library of Congress</name>
                <code>9</code>
              </sourceSystem>
              <committee />
              <links>
                <link>
                  <name>H.Amdt.40</name>
                  <url>https://www.congress.gov/amendment/115th-congress/house-amendment/40</url>
                </link>
                <link>
                  <name>H439</name>
                  <url>https://www.congress.gov/congressional-record/volume-163/house-section/page/H439</url>
                </link>
              </links>
              <actionCode>71500</actionCode>
              <type>NotUsed</type>
              <actionTime>15:36:20</actionTime>
            </item>
            <item>
              <actionDate>2017-01-12</actionDate>
              <text>House amendment agreed to: On agreeing to the Velazquez amendment (A002) Agreed to by voice vote.</text>
              <sourceSystem>
                <name>Library of Congress</name>
                <code>9</code>
              </sourceSystem>
              <committee />
              <links>
                <link>
                  <name>H.Amdt.40</name>
                  <url>https://www.congress.gov/amendment/115th-congress/house-amendment/40</url>
                </link>
              </links>
              <actionCode>72000</actionCode>
              <type>Floor</type>
              <actionTime>15:40:53</actionTime>
            </item>
            <item>
              <actionDate>2017-01-12</actionDate>
              <text>Amendment agreed to Committee of the Whole</text>
              <sourceSystem>
                <name>Library of Congress</name>
                <code>9</code>
              </sourceSystem>
              <committee />
              <links>
                <link>
                  <name>H.Amdt.40</name>
                  <url>https://www.congress.gov/amendment/115th-congress/house-amendment/40</url>
                </link>
              </links>
              <actionCode>76000</actionCode>
              <type>NotUsed</type>
              <actionTime>15:40:53</actionTime>
            </item>
            <item>
              <actionDate>2017-01-12</actionDate>
              <text>House amendment offered</text>
              <sourceSystem>
                <name>Library of Congress</name>
                <code>9</code>
              </sourceSystem>
              <committee />
              <links />
              <actionCode>71000</actionCode>
              <type>Floor</type>
            </item>
          </actions>
        </actions>
        <version>1.0.0</version>
        <sponsors>
          <item>
            <district>7</district>
            <party>D</party>
            <fullName>Rep. Velazquez, Nydia M. [D-NY-7]</fullName>
            <bioguideId>V000081</bioguideId>
            <state>NY</state>
            <lastName>VELAZQUEZ</lastName>
            <middleName>M.</middleName>
            <firstName>NYDIA</firstName>
            <identifiers>
              <lisID>1184</lisID>
              <bioguideId>V000081</bioguideId>
              <gpoId>8073</gpoId>
            </identifiers>
          </item>
        </sponsors>
        <number>40</number>
        <updateDate>2018-02-06T11:39:18Z</updateDate>
        <purpose>An amendment numbered 2 printed in Part A of House Report 115-3 to require the SEC consider the protection of investors, in addition to promoting efficiency, competition, and capital formation when conducting such a review and also expressly instructs the SEC to consider the public interest, the protection of investors as well as the promotion of efficiency, competition, and capital formation when conducting such a review of existing SEC regulations.</purpose>
        <createDate>2017-01-13T09:56:21Z</createDate>
        <links />
        <description>Amendment requires the SEC consider the protection of investors, in addition to promoting efficiency, competition, and capital formation when conducting such a review and also expressly instructs the SEC to consider the public interest, the protection of investors as well as the promotion of efficiency, competition, and capital formation when conducting such a review of existing SEC regulations.</description>
        <submittedDate>2017-01-12T05:00:00Z</submittedDate>
        <amendedAmendment />
        <congress>115</congress>
        <type>HAMDT</type>
        <number>40</number>
        <latestAction>
          <actionDate>2017-01-12</actionDate>
          <text>On agreeing to the Velazquez amendment (A002) Agreed to by voice vote.</text>
          <actionTime>15:40:53</actionTime>
        </latestAction>
        <description>Amendment requires the SEC consider the protection of investors, in addition to promoting efficiency, competition, and capital formation when conducting such a review and also expressly instructs the SEC to consider the public interest, the protection of investors as well as the promotion of efficiency, competition, and capital formation when conducting such a review of existing SEC regulations.</description>
        <purpose>An amendment numbered 2 printed in Part A of House Report 115-3 to require the SEC consider the protection of investors, in addition to promoting efficiency, competition, and capital formation when conducting such a review and also expressly instructs the SEC to consider the public interest, the protection of investors as well as the promotion of efficiency, competition, and capital formation when conducting such a review of existing SEC regulations.</purpose>
      </amendment>
      <amendment>
        <proposedDate />
        <amendedBill>
          <originChamberCode>H</originChamberCode>
          <number>78</number>
          <originChamber>House</originChamber>
          <congress>115</congress>
          <type>HR</type>
          <title>SEC Regulatory Accountability Act</title>
        </amendedBill>
        <cosponsors>
          <totalCount>0</totalCount>
          <currentCount>0</currentCount>
        </cosponsors>
        <congress>115</congress>
        <type>HAMDT</type>
        <notes />
        <titles />
        <chamber>House of Representatives</chamber>
        <amendments>
          <count>0</count>
        </amendments>
        <actions>
          <count>8</count>
          <actions>
            <item>
              <committee />
              <sourceSystem>
                <code>2</code>
                <name>House floor actions</name>
              </sourceSystem>
              <actionDate>2017-01-12</actionDate>
              <text>On agreeing to the Green, Al amendment (A001) Failed by recorded vote: 192 - 233 (Roll no. 46).</text>
              <actionTime>16:35:49</actionTime>
              <links>
                <link>
                  <url>https://www.congress.gov/amendment/115th-congress/house-amendment/39</url>
                  <name>H.Amdt.39</name>
                </link>
                <link>
                  <url>http://clerk.house.gov/evs/2017/roll046.xml</url>
                  <name>Roll no. 46</name>
                </link>
              </links>
              <actionCode>H32111</actionCode>
              <type>Floor</type>
            </item>
            <item>
              <committee />
              <sourceSystem>
                <code>2</code>
                <name>House floor actions</name>
              </sourceSystem>
              <actionDate>2017-01-12</actionDate>
              <text>Amendment (A001) offered by Mr. Green, Al. (consideration: CR H438-439; text: CR H438)</text>
              <actionTime>15:27:36</actionTime>
              <links>
                <link>
                  <url>https://www.congress.gov/amendment/115th-congress/house-amendment/39</url>
                  <name>H.Amdt.39</name>
                </link>
                <link>
                  <url>https://www.congress.gov/congressional-record/volume-163/house-section/page/H438</url>
                  <name>H438</name>
                </link>
                <link>
                  <url>https://www.congress.gov/congressional-record/volume-163/house-section/page/H438-439</url>
                  <name>H438-439</name>
                </link>
              </links>
              <actionCode>H3A100</actionCode>
              <type>Floor</type>
            </item>
            <item>
              <actionDate>2017-01-12</actionDate>
              <committee />
              <links />
              <text />
            </item>
            <item>
              <committee />
              <sourceSystem>
                <code>9</code>
                <name>Library of Congress</name>
              </sourceSystem>
              <actionDate>2017-01-12</actionDate>
              <text>House amendment not agreed to: On agreeing to the Green, Al amendment (A001) Failed by recorded vote: 192 - 233 (Roll no. 46).</text>
              <actionTime>16:35:49</actionTime>
              <links>
                <link>
                  <url>https://www.congress.gov/amendment/115th-congress/house-amendment/39</url>
                  <name>H.Amdt.39</name>
                </link>
                <link>
                  <url>http://clerk.house.gov/evs/2017/roll046.xml</url>
                  <name>Roll no. 46</name>
                </link>
              </links>
              <actionCode>73000</actionCode>
              <type>Floor</type>
            </item>
            <item>
              <committee />
              <sourceSystem>
                <code>9</code>
                <name>Library of Congress</name>
              </sourceSystem>
              <actionDate>2017-01-12</actionDate>
              <text>Amendment failed in Committee of the Whole</text>
              <actionTime>16:35:49</actionTime>
              <links>
                <link>
                  <url>https://www.congress.gov/amendment/115th-congress/house-amendment/39</url>
                  <name>H.Amdt.39</name>
                </link>
                <link>
                  <url>http://clerk.house.gov/evs/2017/roll046.xml</url>
                  <name>Roll no. 46</name>
                </link>
              </links>
              <actionCode>77000</actionCode>
              <type>NotUsed</type>
            </item>
            <item>
              <committee />
              <sourceSystem>
                <code>9</code>
                <name>Library of Congress</name>
              </sourceSystem>
              <actionDate>2017-01-12</actionDate>
              <text>Roll call votes on amendments in House</text>
              <actionTime>16:35:49</actionTime>
              <links>
                <link>
                  <url>https://www.congress.gov/amendment/115th-congress/house-amendment/39</url>
                  <name>H.Amdt.39</name>
                </link>
                <link>
                  <url>http://clerk.house.gov/evs/2017/roll046.xml</url>
                  <name>Roll no. 46</name>
                </link>
              </links>
              <actionCode>75000</actionCode>
              <type>Floor</type>
            </item>
            <item>
              <committee />
              <sourceSystem>
                <code>9</code>
                <name>Library of Congress</name>
              </sourceSystem>
              <actionDate>2017-01-12</actionDate>
              <text>House amendment offered/reported by : Amendment (A001) offered by Mr. Green, Al.</text>
              <actionTime>15:27:36</actionTime>
              <links>
                <link>
                  <url>https://www.congress.gov/amendment/115th-congress/house-amendment/39</url>
                  <name>H.Amdt.39</name>
                </link>
                <link>
                  <url>https://www.congress.gov/congressional-record/volume-163/house-section/page/H438</url>
                  <name>H438</name>
                </link>
                <link>
                  <url>https://www.congress.gov/congressional-record/volume-163/house-section/page/H438-439</url>
                  <name>H438-439</name>
                </link>
              </links>
              <actionCode>71500</actionCode>
              <type>NotUsed</type>
            </item>
            <item>
              <committee />
              <sourceSystem>
                <code>9</code>
                <name>Library of Congress</name>
              </sourceSystem>
              <actionDate>2017-01-12</actionDate>
              <text>House amendment offered</text>
              <links />
              <type>Floor</type>
              <actionCode>71000</actionCode>
            </item>
          </actions>
          <actionByCounts>
            <houseOfRepresentatives>7</houseOfRepresentatives>
          </actionByCounts>
          <actionTypeCounts>
            <rollCallVotesOnAmendmentsInHouse>1</rollCallVotesOnAmendmentsInHouse>
            <amendmentOffered>1</amendmentOffered>
            <houseAmendmentOffered>1</houseAmendmentOffered>
            <agreementToAnAmendmentResultsCommitteeOfTheWhole>1</agreementToAnAmendmentResultsCommitteeOfTheWhole>
            <amendmentFailedInCommitteeOfTheWhole>1</amendmentFailedInCommitteeOfTheWhole>
            <houseAmendmentOfferedReportedBy>1</houseAmendmentOfferedReportedBy>
            <houseAmendmentNotAgreedTo>1</houseAmendmentNotAgreedTo>
          </actionTypeCounts>
        </actions>
        <version>1.0.0</version>
        <sponsors>
          <item>
            <district>9</district>
            <party>D</party>
            <fullName>Rep. Green, Al [D-TX-9]</fullName>
            <bioguideId>G000553</bioguideId>
            <state>TX</state>
            <lastName>Green</lastName>
            <middleName />
            <firstName>Al</firstName>
            <identifiers>
              <gpoId>8165</gpoId>
              <lisID>1803</lisID>
              <bioguideId>G000553</bioguideId>
            </identifiers>
          </item>
        </sponsors>
        <number>39</number>
        <updateDate>2018-02-06T11:39:18Z</updateDate>
        <purpose>An amendment numbered 1 printed in Part A of House Report 115-3 to require the SEC to identify, analyze and address potential conflicts of interest related to its rulemakings.</purpose>
        <createDate>2017-01-13T09:56:21Z</createDate>
        <links />
        <description>Amendment sought to require the SEC to identify, analyze and address potential conflicts of interest related to its rulemakings.</description>
        <submittedDate>2017-01-12T05:00:00Z</submittedDate>
        <amendedAmendment />
        <congress>115</congress>
        <type>HAMDT</type>
        <number>39</number>
        <latestAction>
          <actionDate>2017-01-12</actionDate>
          <text>On agreeing to the Green, Al amendment (A001) Failed by recorded vote: 192 - 233 (Roll no. 46).</text>
          <actionTime>16:35:49</actionTime>
        </latestAction>
        <description>Amendment sought to require the SEC to identify, analyze and address potential conflicts of interest related to its rulemakings.</description>
        <purpose>An amendment numbered 1 printed in Part A of House Report 115-3 to require the SEC to identify, analyze and address potential conflicts of interest related to its rulemakings.</purpose>
      </amendment>
    </amendments>
  </bill>
  <dublinCore xmlns:dc="http://purl.org/dc/elements/1.1/">
    <dc:format>text/xml</dc:format>
    <dc:language>EN</dc:language>
    <dc:rights>Pursuant to Title 17 Section 105 of the United States Code, this file is not subject to copyright protection and is in the public domain.</dc:rights>
    <dc:contributor>Congressional Research Service, Library of Congress</dc:contributor>
    <dc:description>This file contains bill summaries and statuses for federal legislation. A bill summary describes the most significant provisions of a piece of legislation and details the effects the legislative text may have on current law and federal programs. Bill summaries are authored by the Congressional Research Service (CRS) of the Library of Congress. As stated in Public Law 91-510 (2 USC 166 (d)(6)), one of the duties of CRS is "to prepare summaries and digests of bills and resolutions of a public general nature introduced in the Senate or House of Representatives". For more information, refer to the User Guide that accompanies this file.</dc:description>
  </dublinCore>
</billStatus>

