<?xml version="1.0" encoding="UTF-8"?>
<billStatus>
  <bill>
    <constitutionalAuthorityStatementText><![CDATA[<pre>From the Congressional Record Online through the Government Publishing Office [<a href='http://www.gpo.gov'>www.gpo.gov</a>]By Mr. CURBELO of Florida:H.R. 468.Congress has the power to enact this legislation pursuantto the following:Article I, Section 8, Clause 3: Commercial ActivityRegulation[Page H472]</pre>]]></constitutionalAuthorityStatementText>
    <laws />
    <recordedVotes />
    <billType>HR</billType>
    <cboCostEstimates />
    <updateDate>2018-02-23T16:13:47Z</updateDate>
    <committees>
      <billCommittees>
        <item>
          <subcommittees>
            <item>
              <name>Coast Guard and Maritime Transportation Subcommittee</name>
              <activities>
                <item>
                  <name>Referred to</name>
                  <date>2017-01-13T15:01:05Z</date>
                </item>
              </activities>
              <systemCode>hspw07</systemCode>
            </item>
            <item>
              <name>Water Resources and Environment Subcommittee</name>
              <activities>
                <item>
                  <name>Referred to</name>
                  <date>2017-01-13T14:11:25Z</date>
                </item>
              </activities>
              <systemCode>hspw02</systemCode>
            </item>
          </subcommittees>
          <type>Standing</type>
          <name>Transportation and Infrastructure Committee</name>
          <activities>
            <item>
              <name>Referred to</name>
              <date>2017-01-12T15:02:00Z</date>
            </item>
          </activities>
          <chamber>House</chamber>
          <systemCode>hspw00</systemCode>
        </item>
      </billCommittees>
    </committees>
    <summaries>
      <billSummaries>
        <item>
          <updateDate>2017-01-12T05:00:00Z</updateDate>
          <actionDesc>Introduced in House</actionDesc>
          <text><![CDATA[<p><b>Foreign Spill Protection Act of 2017</b></p> <p>This bill amends the Oil Pollution Act of 1990 to make foreign facilities that are located offshore and outside the exclusive economic zone (EEZ) liable for removal costs and damages that result from oil spills that reach (or threaten to reach) U.S. navigable waters, adjoining shorelines, or the EEZ. Specifically, the following parties may be held liable: (1) the owners or operators of the foreign facilities, including facilities located in, on, or under any land within foreign countries; and (2) the holders of a right of use and easement granted under applicable foreign law for the area in which the facility is located. </p> <p><BR> </p>]]></text>
          <lastSummaryUpdateDate>2017-02-01T17:15:36Z</lastSummaryUpdateDate>
          <name>Introduced in House</name>
          <actionDate>2017-01-12</actionDate>
          <versionCode>00</versionCode>
        </item>
      </billSummaries>
    </summaries>
    <calendarNumbers />
    <notes />
    <originChamber>House</originChamber>
    <titles>
      <item>
        <parentTitleType />
        <titleType>(Extracted from GPO) Short Titles as Introduced</titleType>
        <title>Foreign Spill Protection Act of 2017</title>
        <chamberCode />
        <chamberName />
      </item>
      <item>
        <parentTitleType />
        <titleType>Short Titles as Introduced</titleType>
        <title>Foreign Spill Protection Act of 2017</title>
        <chamberCode />
        <chamberName />
      </item>
      <item>
        <parentTitleType />
        <titleType>Official Title as Introduced</titleType>
        <title>To amend the Oil Pollution Act of 1990 to impose penalties and provide for the recovery of removal costs and damages in connection with certain discharges of oil from foreign offshore units, and for other purposes.</title>
        <chamberCode />
        <chamberName />
      </item>
      <item>
        <parentTitleType />
        <titleType>Display Title</titleType>
        <title>Foreign Spill Protection Act of 2017</title>
        <chamberCode />
        <chamberName />
      </item>
    </titles>
    <createDate>2017-01-13T04:55:31Z</createDate>
    <version>1.0.0</version>
    <committeeReports />
    <actions>
      <actionByCounts>
        <houseOfRepresentatives>5</houseOfRepresentatives>
      </actionByCounts>
      <item>
        <actionDate>2017-01-13</actionDate>
        <committee>
          <systemCode>hspw07</systemCode>
          <name>Coast Guard and Maritime Transportation Subcommittee</name>
        </committee>
        <links />
        <sourceSystem>
          <code>1</code>
          <name>House committee actions</name>
        </sourceSystem>
        <text>Referred to the Subcommittee on Coast Guard and Maritime Transportation.</text>
        <type>Committee</type>
      </item>
      <item>
        <actionDate>2017-01-13</actionDate>
        <committee>
          <systemCode>hspw02</systemCode>
          <name>Water Resources and Environment Subcommittee</name>
        </committee>
        <links />
        <sourceSystem>
          <code>1</code>
          <name>House committee actions</name>
        </sourceSystem>
        <text>Referred to the Subcommittee on Water Resources and Environment.</text>
        <type>Committee</type>
      </item>
      <item>
        <actionDate>2017-01-12</actionDate>
        <text>Referred to the House Committee on Transportation and Infrastructure.</text>
        <sourceSystem>
          <code>2</code>
          <name>House floor actions</name>
        </sourceSystem>
        <committee>
          <systemCode>hspw00</systemCode>
          <name>Transportation and Infrastructure Committee</name>
        </committee>
        <type>IntroReferral</type>
        <actionCode>H11100</actionCode>
        <links />
      </item>
      <item>
        <actionDate>2017-01-12</actionDate>
        <text>Introduced in House</text>
        <sourceSystem>
          <code>9</code>
          <name>Library of Congress</name>
        </sourceSystem>
        <committee />
        <type>IntroReferral</type>
        <actionCode>Intro-H</actionCode>
        <links />
      </item>
      <item>
        <actionDate>2017-01-12</actionDate>
        <text>Introduced in House</text>
        <sourceSystem>
          <code>9</code>
          <name>Library of Congress</name>
        </sourceSystem>
        <committee />
        <type>IntroReferral</type>
        <actionCode>1000</actionCode>
        <links />
      </item>
      <actionTypeCounts>
        <billReferrals>1</billReferrals>
        <introducedInTheHouse>1</introducedInTheHouse>
        <placeholderTextForH>2</placeholderTextForH>
        <introducedInHouse>1</introducedInHouse>
      </actionTypeCounts>
    </actions>
    <policyArea>
      <name>Environmental Protection</name>
    </policyArea>
    <latestAction>
      <actionDate>2017-01-13</actionDate>
      <text>Referred to the Subcommittee on Coast Guard and Maritime Transportation.</text>
      <links />
    </latestAction>
    <billNumber>468</billNumber>
    <amendments />
    <cosponsors>
      <item>
        <lastName>Soto</lastName>
        <firstName>Darren</firstName>
        <state>FL</state>
        <isOriginalCosponsor>True</isOriginalCosponsor>
        <district>9</district>
        <middleName />
        <identifiers>
          <bioguideId>S001200</bioguideId>
          <gpoId />
          <lisID>2319</lisID>
        </identifiers>
        <sponsorshipWithdrawnDate />
        <party>D</party>
        <sponsorshipDate>2017-01-12</sponsorshipDate>
        <fullName>Rep. Soto, Darren [D-FL-9]</fullName>
        <bioguideId>S001200</bioguideId>
      </item>
      <item>
        <lastName>Pingree</lastName>
        <firstName>Chellie</firstName>
        <state>ME</state>
        <isOriginalCosponsor>True</isOriginalCosponsor>
        <district>1</district>
        <middleName />
        <identifiers>
          <bioguideId>P000597</bioguideId>
          <lisID>1927</lisID>
          <gpoId>7984</gpoId>
        </identifiers>
        <sponsorshipWithdrawnDate />
        <party>D</party>
        <sponsorshipDate>2017-01-12</sponsorshipDate>
        <fullName>Rep. Pingree, Chellie [D-ME-1]</fullName>
        <bioguideId>P000597</bioguideId>
      </item>
      <item>
        <lastName>Lowenthal</lastName>
        <firstName>Alan</firstName>
        <state>CA</state>
        <isOriginalCosponsor>True</isOriginalCosponsor>
        <district>47</district>
        <middleName>S.</middleName>
        <identifiers>
          <bioguideId>L000579</bioguideId>
          <gpoId />
          <lisID>2111</lisID>
        </identifiers>
        <sponsorshipWithdrawnDate />
        <party>D</party>
        <sponsorshipDate>2017-01-12</sponsorshipDate>
        <fullName>Rep. Lowenthal, Alan S. [D-CA-47]</fullName>
        <bioguideId>L000579</bioguideId>
      </item>
      <item>
        <lastName>YOUNG</lastName>
        <firstName>DON</firstName>
        <state>AK</state>
        <isOriginalCosponsor>True</isOriginalCosponsor>
        <district>0</district>
        <middleName>E.</middleName>
        <identifiers>
          <bioguideId>Y000033</bioguideId>
          <lisID>1256</lisID>
          <gpoId>7785</gpoId>
        </identifiers>
        <sponsorshipWithdrawnDate />
        <party>R</party>
        <sponsorshipDate>2017-01-12</sponsorshipDate>
        <fullName>Rep. Young, Don [R-AK-At Large]</fullName>
        <bioguideId>Y000033</bioguideId>
      </item>
      <item>
        <lastName>HASTINGS</lastName>
        <firstName>ALCEE</firstName>
        <state>FL</state>
        <isOriginalCosponsor>True</isOriginalCosponsor>
        <district>20</district>
        <middleName>L.</middleName>
        <identifiers>
          <bioguideId>H000324</bioguideId>
          <gpoId>7895</gpoId>
          <lisID>511</lisID>
        </identifiers>
        <sponsorshipWithdrawnDate />
        <party>D</party>
        <sponsorshipDate>2017-01-12</sponsorshipDate>
        <fullName>Rep. Hastings, Alcee L. [D-FL-20]</fullName>
        <bioguideId>H000324</bioguideId>
      </item>
      <item>
        <lastName>NORTON</lastName>
        <firstName>ELEANOR</firstName>
        <state>DC</state>
        <isOriginalCosponsor>True</isOriginalCosponsor>
        <district>0</district>
        <middleName>HOLMES</middleName>
        <identifiers>
          <bioguideId>N000147</bioguideId>
          <gpoId>7871</gpoId>
          <lisID>868</lisID>
        </identifiers>
        <sponsorshipWithdrawnDate />
        <party>D</party>
        <sponsorshipDate>2017-01-12</sponsorshipDate>
        <fullName>Rep. Norton, Eleanor Holmes [D-DC-At Large]</fullName>
        <bioguideId>N000147</bioguideId>
      </item>
      <item>
        <lastName>Wasserman Schultz</lastName>
        <firstName>Debbie</firstName>
        <state>FL</state>
        <isOriginalCosponsor>True</isOriginalCosponsor>
        <district>23</district>
        <middleName />
        <identifiers>
          <bioguideId>W000797</bioguideId>
          <gpoId>7892</gpoId>
          <lisID>1777</lisID>
        </identifiers>
        <sponsorshipWithdrawnDate />
        <party>D</party>
        <sponsorshipDate>2017-01-12</sponsorshipDate>
        <fullName>Rep. Wasserman Schultz, Debbie [D-FL-23]</fullName>
        <bioguideId>W000797</bioguideId>
      </item>
      <item>
        <lastName>Gaetz</lastName>
        <firstName>Matt</firstName>
        <state>FL</state>
        <isOriginalCosponsor>True</isOriginalCosponsor>
        <district>1</district>
        <middleName />
        <identifiers>
          <bioguideId>G000578</bioguideId>
          <gpoId />
          <lisID>2314</lisID>
        </identifiers>
        <sponsorshipWithdrawnDate />
        <party>R</party>
        <sponsorshipDate>2017-01-12</sponsorshipDate>
        <fullName>Rep. Gaetz, Matt [R-FL-1]</fullName>
        <bioguideId>G000578</bioguideId>
      </item>
      <item>
        <lastName>Payne</lastName>
        <firstName>Donald</firstName>
        <state>NJ</state>
        <isOriginalCosponsor>True</isOriginalCosponsor>
        <district>10</district>
        <middleName>M.</middleName>
        <identifiers>
          <bioguideId>P000604</bioguideId>
          <lisID>2097</lisID>
          <gpoId>8373</gpoId>
        </identifiers>
        <sponsorshipWithdrawnDate />
        <party>D</party>
        <sponsorshipDate>2017-01-12</sponsorshipDate>
        <fullName>Rep. Payne, Donald M., Jr. [D-NJ-10]</fullName>
        <bioguideId>P000604</bioguideId>
      </item>
      <item>
        <lastName>Katko</lastName>
        <firstName>John</firstName>
        <state>NY</state>
        <isOriginalCosponsor>True</isOriginalCosponsor>
        <district>24</district>
        <middleName />
        <identifiers>
          <bioguideId>K000386</bioguideId>
          <lisID>2264</lisID>
          <gpoId />
        </identifiers>
        <sponsorshipWithdrawnDate />
        <party>R</party>
        <sponsorshipDate>2017-01-12</sponsorshipDate>
        <fullName>Rep. Katko, John [R-NY-24]</fullName>
        <bioguideId>K000386</bioguideId>
      </item>
      <item>
        <lastName>ROS-LEHTINEN</lastName>
        <firstName>ILEANA</firstName>
        <state>FL</state>
        <isOriginalCosponsor>True</isOriginalCosponsor>
        <district>27</district>
        <middleName />
        <identifiers>
          <bioguideId>R000435</bioguideId>
          <gpoId>7890</gpoId>
          <lisID>985</lisID>
        </identifiers>
        <sponsorshipWithdrawnDate />
        <party>R</party>
        <sponsorshipDate>2017-01-12</sponsorshipDate>
        <fullName>Rep. Ros-Lehtinen, Ileana [R-FL-27]</fullName>
        <bioguideId>R000435</bioguideId>
      </item>
      <item>
        <lastName>BLUMENAUER</lastName>
        <firstName>EARL</firstName>
        <state>OR</state>
        <isOriginalCosponsor>True</isOriginalCosponsor>
        <district>3</district>
        <middleName />
        <identifiers>
          <bioguideId>B000574</bioguideId>
          <gpoId>8116</gpoId>
          <lisID>99</lisID>
        </identifiers>
        <sponsorshipWithdrawnDate />
        <party>D</party>
        <sponsorshipDate>2017-01-12</sponsorshipDate>
        <fullName>Rep. Blumenauer, Earl [D-OR-3]</fullName>
        <bioguideId>B000574</bioguideId>
      </item>
      <item>
        <lastName>Diaz-Balart</lastName>
        <firstName>Mario</firstName>
        <state>FL</state>
        <isOriginalCosponsor>True</isOriginalCosponsor>
        <district>25</district>
        <middleName />
        <identifiers>
          <bioguideId>D000600</bioguideId>
          <gpoId>7893</gpoId>
          <lisID>1717</lisID>
        </identifiers>
        <sponsorshipWithdrawnDate />
        <party>R</party>
        <sponsorshipDate>2017-01-12</sponsorshipDate>
        <fullName>Rep. Diaz-Balart, Mario [R-FL-25]</fullName>
        <bioguideId>D000600</bioguideId>
      </item>
      <item>
        <lastName>KAPTUR</lastName>
        <firstName>MARCY</firstName>
        <state>OH</state>
        <isOriginalCosponsor>False</isOriginalCosponsor>
        <district>9</district>
        <middleName />
        <identifiers>
          <bioguideId>K000009</bioguideId>
          <gpoId>8099</gpoId>
          <lisID>616</lisID>
        </identifiers>
        <sponsorshipWithdrawnDate />
        <party>D</party>
        <sponsorshipDate>2017-01-23</sponsorshipDate>
        <fullName>Rep. Kaptur, Marcy [D-OH-9]</fullName>
        <bioguideId>K000009</bioguideId>
      </item>
      <item>
        <lastName>Zeldin</lastName>
        <firstName>Lee</firstName>
        <state>NY</state>
        <isOriginalCosponsor>False</isOriginalCosponsor>
        <district>1</district>
        <middleName>M.</middleName>
        <identifiers>
          <bioguideId>Z000017</bioguideId>
          <lisID>2261</lisID>
          <gpoId />
        </identifiers>
        <sponsorshipWithdrawnDate />
        <party>R</party>
        <sponsorshipDate>2017-01-30</sponsorshipDate>
        <fullName>Rep. Zeldin, Lee M. [R-NY-1]</fullName>
        <bioguideId>Z000017</bioguideId>
      </item>
      <item>
        <lastName>Bilirakis</lastName>
        <firstName>Gus</firstName>
        <state>FL</state>
        <isOriginalCosponsor>False</isOriginalCosponsor>
        <district>12</district>
        <middleName>M.</middleName>
        <identifiers>
          <bioguideId>B001257</bioguideId>
          <gpoId>7881</gpoId>
          <lisID>1838</lisID>
        </identifiers>
        <sponsorshipWithdrawnDate />
        <party>R</party>
        <sponsorshipDate>2017-02-03</sponsorshipDate>
        <fullName>Rep. Bilirakis, Gus M. [R-FL-12]</fullName>
        <bioguideId>B001257</bioguideId>
      </item>
      <item>
        <lastName>Posey</lastName>
        <firstName>Bill</firstName>
        <state>FL</state>
        <isOriginalCosponsor>False</isOriginalCosponsor>
        <district>8</district>
        <middleName />
        <identifiers>
          <bioguideId>P000599</bioguideId>
          <gpoId>7887</gpoId>
          <lisID>1915</lisID>
        </identifiers>
        <sponsorshipWithdrawnDate />
        <party>R</party>
        <sponsorshipDate>2017-02-03</sponsorshipDate>
        <fullName>Rep. Posey, Bill [R-FL-8]</fullName>
        <bioguideId>P000599</bioguideId>
      </item>
      <item>
        <lastName>Huffman</lastName>
        <firstName>Jared</firstName>
        <state>CA</state>
        <isOriginalCosponsor>False</isOriginalCosponsor>
        <district>2</district>
        <middleName />
        <identifiers>
          <bioguideId>H001068</bioguideId>
          <gpoId />
          <lisID>2101</lisID>
        </identifiers>
        <sponsorshipWithdrawnDate />
        <party>D</party>
        <sponsorshipDate>2017-02-06</sponsorshipDate>
        <fullName>Rep. Huffman, Jared [D-CA-2]</fullName>
        <bioguideId>H001068</bioguideId>
      </item>
      <item>
        <lastName>Cartwright</lastName>
        <firstName>Matt</firstName>
        <state>PA</state>
        <isOriginalCosponsor>False</isOriginalCosponsor>
        <district>17</district>
        <middleName />
        <identifiers>
          <bioguideId>C001090</bioguideId>
          <lisID>2159</lisID>
          <gpoId />
        </identifiers>
        <sponsorshipWithdrawnDate />
        <party>D</party>
        <sponsorshipDate>2017-05-17</sponsorshipDate>
        <fullName>Rep. Cartwright, Matt [D-PA-17]</fullName>
        <bioguideId>C001090</bioguideId>
      </item>
      <item>
        <lastName>JONES</lastName>
        <firstName>WALTER</firstName>
        <state>NC</state>
        <isOriginalCosponsor>False</isOriginalCosponsor>
        <district>3</district>
        <middleName>B.</middleName>
        <identifiers>
          <bioguideId>J000255</bioguideId>
          <lisID>612</lisID>
          <gpoId>8026</gpoId>
        </identifiers>
        <sponsorshipWithdrawnDate />
        <party>R</party>
        <sponsorshipDate>2017-05-18</sponsorshipDate>
        <fullName>Rep. Jones, Walter B., Jr. [R-NC-3]</fullName>
        <bioguideId>J000255</bioguideId>
      </item>
      <item>
        <lastName>Mast</lastName>
        <firstName>Brian</firstName>
        <state>FL</state>
        <isOriginalCosponsor>False</isOriginalCosponsor>
        <district>18</district>
        <middleName>J.</middleName>
        <identifiers>
          <bioguideId>M001199</bioguideId>
          <gpoId />
          <lisID>2322</lisID>
        </identifiers>
        <sponsorshipWithdrawnDate />
        <party>R</party>
        <sponsorshipDate>2017-05-19</sponsorshipDate>
        <fullName>Rep. Mast, Brian J. [R-FL-18]</fullName>
        <bioguideId>M001199</bioguideId>
      </item>
      <item>
        <lastName>Shea-Porter</lastName>
        <firstName>Carol</firstName>
        <state>NH</state>
        <isOriginalCosponsor>False</isOriginalCosponsor>
        <district>1</district>
        <middleName />
        <identifiers>
          <bioguideId>S001170</bioguideId>
          <gpoId>7528</gpoId>
          <lisID>1861</lisID>
        </identifiers>
        <sponsorshipWithdrawnDate />
        <party>D</party>
        <sponsorshipDate>2017-05-22</sponsorshipDate>
        <fullName>Rep. Shea-Porter, Carol [D-NH-1]</fullName>
        <bioguideId>S001170</bioguideId>
      </item>
      <item>
        <lastName>Blunt Rochester</lastName>
        <firstName>Lisa</firstName>
        <state>DE</state>
        <isOriginalCosponsor>False</isOriginalCosponsor>
        <district>0</district>
        <middleName />
        <identifiers>
          <bioguideId>B001303</bioguideId>
          <lisID>2313</lisID>
          <gpoId />
        </identifiers>
        <sponsorshipWithdrawnDate />
        <party>D</party>
        <sponsorshipDate>2017-05-22</sponsorshipDate>
        <fullName>Rep. Blunt Rochester, Lisa [D-DE-At Large]</fullName>
        <bioguideId>B001303</bioguideId>
      </item>
      <item>
        <lastName>Rouzer</lastName>
        <firstName>David</firstName>
        <state>NC</state>
        <isOriginalCosponsor>False</isOriginalCosponsor>
        <district>7</district>
        <middleName />
        <identifiers>
          <gpoId />
          <bioguideId>R000603</bioguideId>
          <lisID>2256</lisID>
        </identifiers>
        <sponsorshipWithdrawnDate />
        <party>R</party>
        <sponsorshipDate>2017-05-23</sponsorshipDate>
        <fullName>Rep. Rouzer, David [R-NC-7]</fullName>
        <bioguideId>R000603</bioguideId>
      </item>
      <item>
        <lastName>Grijalva</lastName>
        <firstName>Raul</firstName>
        <state>AZ</state>
        <isOriginalCosponsor>False</isOriginalCosponsor>
        <district>3</district>
        <middleName>M.</middleName>
        <identifiers>
          <bioguideId>G000551</bioguideId>
          <gpoId>7804</gpoId>
          <lisID>1708</lisID>
        </identifiers>
        <sponsorshipWithdrawnDate />
        <party>D</party>
        <sponsorshipDate>2017-05-23</sponsorshipDate>
        <fullName>Rep. Grijalva, Raul M. [D-AZ-3]</fullName>
        <bioguideId>G000551</bioguideId>
      </item>
      <item>
        <lastName>Khanna</lastName>
        <firstName>Ro</firstName>
        <state>CA</state>
        <isOriginalCosponsor>False</isOriginalCosponsor>
        <district>17</district>
        <middleName />
        <identifiers>
          <bioguideId>K000389</bioguideId>
          <lisID>2308</lisID>
          <gpoId />
        </identifiers>
        <sponsorshipWithdrawnDate />
        <party>D</party>
        <sponsorshipDate>2017-06-02</sponsorshipDate>
        <fullName>Rep. Khanna, Ro [D-CA-17]</fullName>
        <bioguideId>K000389</bioguideId>
      </item>
      <item>
        <lastName>Garrett</lastName>
        <firstName>Thomas</firstName>
        <state>VA</state>
        <isOriginalCosponsor>False</isOriginalCosponsor>
        <district>5</district>
        <middleName>A.</middleName>
        <identifiers>
          <lisID>2353</lisID>
          <gpoId />
          <bioguideId>G000580</bioguideId>
        </identifiers>
        <sponsorshipWithdrawnDate />
        <party>R</party>
        <sponsorshipDate>2017-06-02</sponsorshipDate>
        <fullName>Rep. Garrett, Thomas A., Jr. [R-VA-5]</fullName>
        <bioguideId>G000580</bioguideId>
      </item>
      <item>
        <lastName>Crist</lastName>
        <firstName>Charlie</firstName>
        <state>FL</state>
        <isOriginalCosponsor>False</isOriginalCosponsor>
        <district>13</district>
        <middleName />
        <identifiers>
          <bioguideId>C001111</bioguideId>
          <gpoId />
          <lisID>2321</lisID>
        </identifiers>
        <sponsorshipWithdrawnDate />
        <party>D</party>
        <sponsorshipDate>2017-06-06</sponsorshipDate>
        <fullName>Rep. Crist, Charlie [D-FL-13]</fullName>
        <bioguideId>C001111</bioguideId>
      </item>
      <item>
        <lastName>Joyce</lastName>
        <firstName>David</firstName>
        <state>OH</state>
        <isOriginalCosponsor>False</isOriginalCosponsor>
        <district>14</district>
        <middleName>P.</middleName>
        <identifiers>
          <bioguideId>J000295</bioguideId>
          <lisID>2154</lisID>
          <gpoId />
        </identifiers>
        <sponsorshipWithdrawnDate />
        <party>R</party>
        <sponsorshipDate>2017-06-06</sponsorshipDate>
        <fullName>Rep. Joyce, David P. [R-OH-14]</fullName>
        <bioguideId>J000295</bioguideId>
      </item>
      <item>
        <lastName>Speier</lastName>
        <firstName>Jackie</firstName>
        <state>CA</state>
        <isOriginalCosponsor>False</isOriginalCosponsor>
        <district>14</district>
        <middleName />
        <identifiers>
          <bioguideId>S001175</bioguideId>
          <gpoId>7817</gpoId>
          <lisID>1890</lisID>
        </identifiers>
        <sponsorshipWithdrawnDate />
        <party>D</party>
        <sponsorshipDate>2017-06-06</sponsorshipDate>
        <fullName>Rep. Speier, Jackie [D-CA-14]</fullName>
        <bioguideId>S001175</bioguideId>
      </item>
      <item>
        <lastName>Stefanik</lastName>
        <firstName>Elise</firstName>
        <state>NY</state>
        <isOriginalCosponsor>False</isOriginalCosponsor>
        <district>21</district>
        <middleName>M.</middleName>
        <identifiers>
          <lisID>2263</lisID>
          <gpoId />
          <bioguideId>S001196</bioguideId>
        </identifiers>
        <sponsorshipWithdrawnDate />
        <party>R</party>
        <sponsorshipDate>2017-06-06</sponsorshipDate>
        <fullName>Rep. Stefanik, Elise M. [R-NY-21]</fullName>
        <bioguideId>S001196</bioguideId>
      </item>
      <item>
        <lastName>LOFGREN</lastName>
        <firstName>ZOE</firstName>
        <state>CA</state>
        <isOriginalCosponsor>False</isOriginalCosponsor>
        <district>19</district>
        <middleName />
        <identifiers>
          <bioguideId>L000397</bioguideId>
          <lisID>701</lisID>
          <gpoId>7821</gpoId>
        </identifiers>
        <sponsorshipWithdrawnDate />
        <party>D</party>
        <sponsorshipDate>2017-06-07</sponsorshipDate>
        <fullName>Rep. Lofgren, Zoe [D-CA-19]</fullName>
        <bioguideId>L000397</bioguideId>
      </item>
      <item>
        <lastName>Palazzo</lastName>
        <firstName>Steven</firstName>
        <state>MS</state>
        <isOriginalCosponsor>False</isOriginalCosponsor>
        <district>4</district>
        <middleName>M.</middleName>
        <identifiers>
          <bioguideId>P000601</bioguideId>
          <gpoId>8022</gpoId>
          <lisID>2035</lisID>
        </identifiers>
        <sponsorshipWithdrawnDate />
        <party>R</party>
        <sponsorshipDate>2017-06-07</sponsorshipDate>
        <fullName>Rep. Palazzo, Steven M. [R-MS-4]</fullName>
        <bioguideId>P000601</bioguideId>
      </item>
      <item>
        <lastName>DeSaulnier</lastName>
        <firstName>Mark</firstName>
        <state>CA</state>
        <isOriginalCosponsor>False</isOriginalCosponsor>
        <district>11</district>
        <middleName />
        <identifiers>
          <bioguideId>D000623</bioguideId>
          <lisID>2227</lisID>
          <gpoId />
        </identifiers>
        <sponsorshipWithdrawnDate />
        <party>D</party>
        <sponsorshipDate>2017-06-07</sponsorshipDate>
        <fullName>Rep. DeSaulnier, Mark [D-CA-11]</fullName>
        <bioguideId>D000623</bioguideId>
      </item>
      <item>
        <lastName>Swalwell</lastName>
        <firstName>Eric</firstName>
        <state>CA</state>
        <isOriginalCosponsor>False</isOriginalCosponsor>
        <district>15</district>
        <middleName />
        <identifiers>
          <bioguideId>S001193</bioguideId>
          <gpoId />
          <lisID>2104</lisID>
        </identifiers>
        <sponsorshipWithdrawnDate />
        <party>D</party>
        <sponsorshipDate>2017-06-13</sponsorshipDate>
        <fullName>Rep. Swalwell, Eric [D-CA-15]</fullName>
        <bioguideId>S001193</bioguideId>
      </item>
      <item>
        <lastName>Frankel</lastName>
        <firstName>Lois</firstName>
        <state>FL</state>
        <isOriginalCosponsor>False</isOriginalCosponsor>
        <district>21</district>
        <middleName />
        <identifiers>
          <bioguideId>F000462</bioguideId>
          <gpoId />
          <lisID>2119</lisID>
        </identifiers>
        <sponsorshipWithdrawnDate />
        <party>D</party>
        <sponsorshipDate>2017-06-20</sponsorshipDate>
        <fullName>Rep. Frankel, Lois [D-FL-21]</fullName>
        <bioguideId>F000462</bioguideId>
      </item>
      <item>
        <lastName>Sires</lastName>
        <firstName>Albio</firstName>
        <state>NJ</state>
        <isOriginalCosponsor>False</isOriginalCosponsor>
        <district>8</district>
        <middleName />
        <identifiers>
          <lisID>1818</lisID>
          <gpoId>8055</gpoId>
          <bioguideId>S001165</bioguideId>
        </identifiers>
        <sponsorshipWithdrawnDate />
        <party>D</party>
        <sponsorshipDate>2017-06-20</sponsorshipDate>
        <fullName>Rep. Sires, Albio [D-NJ-8]</fullName>
        <bioguideId>S001165</bioguideId>
      </item>
      <item>
        <lastName>Moulton</lastName>
        <firstName>Seth</firstName>
        <state>MA</state>
        <isOriginalCosponsor>False</isOriginalCosponsor>
        <district>6</district>
        <middleName />
        <identifiers>
          <bioguideId>M001196</bioguideId>
          <lisID>2246</lisID>
          <gpoId />
        </identifiers>
        <sponsorshipWithdrawnDate />
        <party>D</party>
        <sponsorshipDate>2017-06-21</sponsorshipDate>
        <fullName>Rep. Moulton, Seth [D-MA-6]</fullName>
        <bioguideId>M001196</bioguideId>
      </item>
      <item>
        <lastName>Delaney</lastName>
        <firstName>John</firstName>
        <state>MD</state>
        <isOriginalCosponsor>False</isOriginalCosponsor>
        <district>6</district>
        <middleName>K.</middleName>
        <identifiers>
          <bioguideId>D000620</bioguideId>
          <gpoId />
          <lisID>2133</lisID>
        </identifiers>
        <sponsorshipWithdrawnDate />
        <party>D</party>
        <sponsorshipDate>2017-06-21</sponsorshipDate>
        <fullName>Rep. Delaney, John K. [D-MD-6]</fullName>
        <bioguideId>D000620</bioguideId>
      </item>
      <item>
        <lastName>Costello</lastName>
        <firstName>Ryan</firstName>
        <state>PA</state>
        <isOriginalCosponsor>False</isOriginalCosponsor>
        <district>6</district>
        <middleName>A.</middleName>
        <identifiers>
          <lisID>2266</lisID>
          <gpoId />
          <bioguideId>C001106</bioguideId>
        </identifiers>
        <sponsorshipWithdrawnDate />
        <party>R</party>
        <sponsorshipDate>2017-06-21</sponsorshipDate>
        <fullName>Rep. Costello, Ryan A. [R-PA-6]</fullName>
        <bioguideId>C001106</bioguideId>
      </item>
      <item>
        <lastName>MacArthur</lastName>
        <firstName>Thomas</firstName>
        <state>NJ</state>
        <isOriginalCosponsor>False</isOriginalCosponsor>
        <district>3</district>
        <middleName />
        <identifiers>
          <gpoId />
          <bioguideId>M001193</bioguideId>
          <lisID>2258</lisID>
        </identifiers>
        <sponsorshipWithdrawnDate />
        <party>R</party>
        <sponsorshipDate>2017-06-23</sponsorshipDate>
        <fullName>Rep. MacArthur, Thomas [R-NJ-3]</fullName>
        <bioguideId>M001193</bioguideId>
      </item>
      <item>
        <lastName>SLAUGHTER</lastName>
        <firstName>LOUISE</firstName>
        <state>NY</state>
        <isOriginalCosponsor>False</isOriginalCosponsor>
        <district>25</district>
        <middleName>M.</middleName>
        <identifiers>
          <lisID>1069</lisID>
          <gpoId>8089</gpoId>
          <bioguideId>S000480</bioguideId>
        </identifiers>
        <sponsorshipWithdrawnDate />
        <party>D</party>
        <sponsorshipDate>2017-06-26</sponsorshipDate>
        <fullName>Rep. Slaughter, Louise McIntosh [D-NY-25]</fullName>
        <bioguideId>S000480</bioguideId>
      </item>
      <item>
        <lastName>ESHOO</lastName>
        <firstName>ANNA</firstName>
        <state>CA</state>
        <isOriginalCosponsor>False</isOriginalCosponsor>
        <district>18</district>
        <middleName>G.</middleName>
        <identifiers>
          <bioguideId>E000215</bioguideId>
          <gpoId>7819</gpoId>
          <lisID>355</lisID>
        </identifiers>
        <sponsorshipWithdrawnDate />
        <party>D</party>
        <sponsorshipDate>2017-06-26</sponsorshipDate>
        <fullName>Rep. Eshoo, Anna G. [D-CA-18]</fullName>
        <bioguideId>E000215</bioguideId>
      </item>
      <item>
        <lastName>Kuster</lastName>
        <firstName>Ann</firstName>
        <state>NH</state>
        <isOriginalCosponsor>False</isOriginalCosponsor>
        <district>2</district>
        <middleName>M.</middleName>
        <identifiers>
          <bioguideId>K000382</bioguideId>
          <lisID>2145</lisID>
          <gpoId />
        </identifiers>
        <sponsorshipWithdrawnDate />
        <party>D</party>
        <sponsorshipDate>2017-06-27</sponsorshipDate>
        <fullName>Rep. Kuster, Ann M. [D-NH-2]</fullName>
        <bioguideId>K000382</bioguideId>
      </item>
      <item>
        <lastName>Polis</lastName>
        <firstName>Jared</firstName>
        <state>CO</state>
        <isOriginalCosponsor>False</isOriginalCosponsor>
        <district>2</district>
        <middleName />
        <identifiers>
          <bioguideId>P000598</bioguideId>
          <lisID>1910</lisID>
          <gpoId>7860</gpoId>
        </identifiers>
        <sponsorshipWithdrawnDate />
        <party>D</party>
        <sponsorshipDate>2017-07-11</sponsorshipDate>
        <fullName>Rep. Polis, Jared [D-CO-2]</fullName>
        <bioguideId>P000598</bioguideId>
      </item>
      <item>
        <lastName>Bacon</lastName>
        <firstName>Don</firstName>
        <state>NE</state>
        <isOriginalCosponsor>False</isOriginalCosponsor>
        <district>2</district>
        <middleName />
        <identifiers>
          <bioguideId>B001298</bioguideId>
          <lisID>2337</lisID>
          <gpoId />
        </identifiers>
        <sponsorshipWithdrawnDate />
        <party>R</party>
        <sponsorshipDate>2017-07-11</sponsorshipDate>
        <fullName>Rep. Bacon, Don [R-NE-2]</fullName>
        <bioguideId>B001298</bioguideId>
      </item>
    </cosponsors>
    <subjects>
      <billSubjects>
        <legislativeSubjects>
          <item>
            <name>Marine pollution</name>
          </item>
          <item>
            <name>Oil and gas</name>
          </item>
          <item>
            <name>Pollution liability</name>
          </item>
          <item>
            <name>Water quality</name>
          </item>
        </legislativeSubjects>
        <policyArea>
          <name>Environmental Protection</name>
        </policyArea>
      </billSubjects>
    </subjects>
    <congress>115</congress>
    <title>Foreign Spill Protection Act of 2017</title>
    <introducedDate>2017-01-12</introducedDate>
    <sponsors>
      <item>
        <byRequestType />
        <lastName>Curbelo</lastName>
        <middleName />
        <firstName>Carlos</firstName>
        <fullName>Rep. Curbelo, Carlos [R-FL-26]</fullName>
        <bioguideId>C001107</bioguideId>
        <party>R</party>
        <identifiers>
          <bioguideId>C001107</bioguideId>
          <lisID>2235</lisID>
          <gpoId />
        </identifiers>
        <state>FL</state>
        <district>26</district>
      </item>
    </sponsors>
    <relatedBills>
      <item>
        <number>125</number>
        <latestTitle>Foreign Spill Protection Act of 2017</latestTitle>
        <type>S</type>
        <congress>115</congress>
        <relationshipDetails>
          <item>
            <identifiedBy>CRS</identifiedBy>
            <type>Identical bill</type>
          </item>
        </relationshipDetails>
        <latestAction>
          <actionDate>2017-01-12</actionDate>
          <text>Read twice and referred to the Committee on Environment and Public Works.</text>
        </latestAction>
      </item>
      <item>
        <number>2810</number>
        <latestTitle>National Defense Authorization Act for Fiscal Year 2018</latestTitle>
        <type>HR</type>
        <congress>115</congress>
        <relationshipDetails>
          <item>
            <identifiedBy>CRS</identifiedBy>
            <type>Related bill</type>
          </item>
        </relationshipDetails>
        <latestAction>
          <actionDate>2017-12-12</actionDate>
          <text>Became Public Law No: 115-91.</text>
        </latestAction>
      </item>
    </relatedBills>
  </bill>
  <dublinCore xmlns:dc="http://purl.org/dc/elements/1.1/">
    <dc:format>text/xml</dc:format>
    <dc:language>EN</dc:language>
    <dc:rights>Pursuant to Title 17 Section 105 of the United States Code, this file is not subject to copyright protection and is in the public domain.</dc:rights>
    <dc:contributor>Congressional Research Service, Library of Congress</dc:contributor>
    <dc:description>This file contains bill summaries and statuses for federal legislation. A bill summary describes the most significant provisions of a piece of legislation and details the effects the legislative text may have on current law and federal programs. Bill summaries are authored by the Congressional Research Service (CRS) of the Library of Congress. As stated in Public Law 91-510 (2 USC 166 (d)(6)), one of the duties of CRS is "to prepare summaries and digests of bills and resolutions of a public general nature introduced in the Senate or House of Representatives". For more information, refer to the User Guide that accompanies this file.</dc:description>
  </dublinCore>
</billStatus>

