<?xml version="1.0" encoding="UTF-8"?>
<billStatus>
  <bill>
    <billNumber>350</billNumber>
    <committeeReports />
    <originChamber>House</originChamber>
    <cboCostEstimates>
      <item>
        <pubDate>2018-02-23T16:13:00Z</pubDate>
        <title>H.R. 350, RPM Act of 2017</title>
        <url>https://www.cbo.gov/publication/53610</url>
      </item>
    </cboCostEstimates>
    <createDate>2017-01-07T04:48:26Z</createDate>
    <titles>
      <item>
        <chamberName />
        <title>RPM Act of 2017</title>
        <titleType>(Extracted from GPO) Short Titles as Introduced</titleType>
        <chamberCode />
        <parentTitleType />
      </item>
      <item>
        <chamberName />
        <title>Recognizing the Protection of Motorsports Act of 2017</title>
        <titleType>(Extracted from GPO) Short Titles as Introduced</titleType>
        <chamberCode />
        <parentTitleType />
      </item>
      <item>
        <chamberName />
        <title>RPM Act of 2017</title>
        <titleType>Short Titles as Introduced</titleType>
        <chamberCode />
        <parentTitleType />
      </item>
      <item>
        <chamberName />
        <title>Recognizing the Protection of Motorsports Act of 2017</title>
        <titleType>Short Titles as Introduced</titleType>
        <chamberCode />
        <parentTitleType />
      </item>
      <item>
        <chamberName />
        <title>To exclude vehicles used solely for competition from certain provisions of the Clean Air Act, and for other purposes.</title>
        <titleType>Official Title as Introduced</titleType>
        <chamberCode />
        <parentTitleType />
      </item>
      <item>
        <chamberName />
        <title>RPM Act of 2017</title>
        <titleType>Display Title</titleType>
        <chamberCode />
        <parentTitleType />
      </item>
    </titles>
    <updateDate>2018-02-23T16:27:14Z</updateDate>
    <notes />
    <subjects>
      <billSubjects>
        <legislativeSubjects>
          <item>
            <name>Administrative law and regulatory procedures</name>
          </item>
          <item>
            <name>Air quality</name>
          </item>
          <item>
            <name>Environmental Protection Agency (EPA)</name>
          </item>
          <item>
            <name>Environmental regulatory procedures</name>
          </item>
          <item>
            <name>Motor vehicles</name>
          </item>
          <item>
            <name>Professional sports</name>
          </item>
        </legislativeSubjects>
        <policyArea>
          <name>Environmental Protection</name>
        </policyArea>
      </billSubjects>
    </subjects>
    <constitutionalAuthorityStatementText><![CDATA[<pre>From the Congressional Record Online through the Government Publishing Office [<a href='http://www.gpo.gov'>www.gpo.gov</a>]By Mr. McHENRY:H.R. 350.Congress has the power to enact this legislation pursuantto the following:Article I, Section 8, Clause 3: ``To regulate Commerce withforeign nations, and among the several states, and with theIndian Tribes.''Because the federal government has extended Article I,Section 8, Clause 3 beyond its intended boundaries, itfollows that efforts to rein in excessive federal governmentencroachment in this area can be justified by Article I,Section 8, Clause 3.[Page H195]</pre>]]></constitutionalAuthorityStatementText>
    <relatedBills>
      <item>
        <number>203</number>
        <latestTitle>RPM Act of 2017</latestTitle>
        <type>S</type>
        <congress>115</congress>
        <relationshipDetails>
          <item>
            <identifiedBy>CRS</identifiedBy>
            <type>Related bill</type>
          </item>
        </relationshipDetails>
        <latestAction>
          <actionDate>2017-11-14</actionDate>
          <text>Committee on Environment and Public Works Senate Subcommittee on Clean Air and Nuclear Safety. Hearings held. With printed Hearing: S.Hrg. 115-127.</text>
        </latestAction>
      </item>
    </relatedBills>
    <laws />
    <congress>115</congress>
    <calendarNumbers />
    <introducedDate>2017-01-06</introducedDate>
    <policyArea>
      <name>Environmental Protection</name>
    </policyArea>
    <version>1.0.0</version>
    <billType>HR</billType>
    <committees>
      <billCommittees>
        <item>
          <activities>
            <item>
              <date>2017-12-06T17:26:02Z</date>
              <name>Markup by</name>
            </item>
            <item>
              <date>2017-01-06T17:00:05Z</date>
              <name>Referred to</name>
            </item>
          </activities>
          <type>Standing</type>
          <systemCode>hsif00</systemCode>
          <name>Energy and Commerce Committee</name>
          <subcommittees>
            <item>
              <systemCode>hsif18</systemCode>
              <activities>
                <item>
                  <date>2017-11-15T20:30:34Z</date>
                  <name>Reported by</name>
                </item>
                <item>
                  <date>2017-11-15T20:20:34Z</date>
                  <name>Markup by</name>
                </item>
                <item>
                  <date>2017-01-25T14:28:25Z</date>
                  <name>Referred to</name>
                </item>
              </activities>
              <name>Environment and the Economy Subcommittee</name>
            </item>
          </subcommittees>
          <chamber>House</chamber>
        </item>
      </billCommittees>
    </committees>
    <actions>
      <actionTypeCounts>
        <introducedInTheHouse>1</introducedInTheHouse>
        <introducedInHouse>1</introducedInHouse>
        <placeholderTextForH>3</placeholderTextForH>
        <designationOfSpeakerProTempore>1</designationOfSpeakerProTempore>
        <billReferrals>1</billReferrals>
        <actionStageOverride>1</actionStageOverride>
      </actionTypeCounts>
      <item>
        <actionDate>2017-12-06</actionDate>
        <committee>
          <name>Energy and Commerce Committee</name>
          <systemCode>hsif00</systemCode>
        </committee>
        <links />
        <sourceSystem>
          <code>1</code>
          <name>House committee actions</name>
        </sourceSystem>
        <text>Ordered to be Reported by the Yeas and Nays: 33 - 20.</text>
        <type>Committee</type>
      </item>
      <item>
        <actionDate>2017-12-06</actionDate>
        <committee>
          <name>Energy and Commerce Committee</name>
          <systemCode>hsif00</systemCode>
        </committee>
        <links />
        <sourceSystem>
          <code>1</code>
          <name>House committee actions</name>
        </sourceSystem>
        <text>Committee Consideration and Mark-up Session Held.</text>
        <type>Committee</type>
      </item>
      <item>
        <actionDate>2017-11-15</actionDate>
        <committee>
          <name>Environment and the Economy Subcommittee</name>
          <systemCode>hsif18</systemCode>
        </committee>
        <links />
        <sourceSystem>
          <code>1</code>
          <name>House committee actions</name>
        </sourceSystem>
        <text>Forwarded by Subcommittee to Full Committee by the Yeas and Nays: 13 - 9 .</text>
        <type>Committee</type>
      </item>
      <item>
        <actionDate>2017-11-15</actionDate>
        <committee>
          <name>Environment and the Economy Subcommittee</name>
          <systemCode>hsif18</systemCode>
        </committee>
        <links />
        <sourceSystem>
          <code>1</code>
          <name>House committee actions</name>
        </sourceSystem>
        <text>Subcommittee Consideration and Mark-up Session Held.</text>
        <type>Committee</type>
      </item>
      <item>
        <actionDate>2017-01-25</actionDate>
        <committee>
          <name>Environment and the Economy Subcommittee</name>
          <systemCode>hsif18</systemCode>
        </committee>
        <links />
        <sourceSystem>
          <code>1</code>
          <name>House committee actions</name>
        </sourceSystem>
        <text>Referred to the Subcommittee on Environment.</text>
        <type>Committee</type>
      </item>
      <item>
        <links />
        <committee>
          <name>Energy and Commerce Committee</name>
          <systemCode>hsif00</systemCode>
        </committee>
        <type>IntroReferral</type>
        <actionCode>H11100</actionCode>
        <actionDate>2017-01-06</actionDate>
        <sourceSystem>
          <code>2</code>
          <name>House floor actions</name>
        </sourceSystem>
        <text>Referred to the House Committee on Energy and Commerce.</text>
      </item>
      <item>
        <links />
        <committee />
        <type>IntroReferral</type>
        <actionCode>Intro-H</actionCode>
        <actionDate>2017-01-06</actionDate>
        <sourceSystem>
          <code>9</code>
          <name>Library of Congress</name>
        </sourceSystem>
        <text>Introduced in House</text>
      </item>
      <item>
        <links />
        <committee />
        <type>IntroReferral</type>
        <actionCode>1000</actionCode>
        <actionDate>2017-01-06</actionDate>
        <sourceSystem>
          <code>9</code>
          <name>Library of Congress</name>
        </sourceSystem>
        <text>Introduced in House</text>
      </item>
      <actionByCounts>
        <houseOfRepresentatives>8</houseOfRepresentatives>
      </actionByCounts>
    </actions>
    <cosponsors>
      <item>
        <firstName>Ralph</firstName>
        <sponsorshipDate>2017-01-06</sponsorshipDate>
        <party>R</party>
        <fullName>Rep. Abraham, Ralph Lee [R-LA-5]</fullName>
        <bioguideId>A000374</bioguideId>
        <identifiers>
          <bioguideId>A000374</bioguideId>
          <lisID>2244</lisID>
          <gpoId />
        </identifiers>
        <isOriginalCosponsor>True</isOriginalCosponsor>
        <district>5</district>
        <middleName>Lee</middleName>
        <state>LA</state>
        <lastName>Abraham</lastName>
        <sponsorshipWithdrawnDate />
      </item>
      <item>
        <firstName>Mike</firstName>
        <sponsorshipDate>2017-01-06</sponsorshipDate>
        <party>R</party>
        <fullName>Rep. Bost, Mike [R-IL-12]</fullName>
        <bioguideId>B001295</bioguideId>
        <identifiers>
          <bioguideId>B001295</bioguideId>
          <gpoId />
          <lisID>2243</lisID>
        </identifiers>
        <isOriginalCosponsor>True</isOriginalCosponsor>
        <district>12</district>
        <middleName />
        <state>IL</state>
        <lastName>Bost</lastName>
        <sponsorshipWithdrawnDate />
      </item>
      <item>
        <firstName>Larry</firstName>
        <sponsorshipDate>2017-01-06</sponsorshipDate>
        <party>R</party>
        <fullName>Rep. Bucshon, Larry [R-IN-8]</fullName>
        <bioguideId>B001275</bioguideId>
        <identifiers>
          <bioguideId>B001275</bioguideId>
          <lisID>2018</lisID>
          <gpoId>7947</gpoId>
        </identifiers>
        <isOriginalCosponsor>True</isOriginalCosponsor>
        <district>8</district>
        <middleName />
        <state>IN</state>
        <lastName>Bucshon</lastName>
        <sponsorshipWithdrawnDate />
      </item>
      <item>
        <firstName>Michael</firstName>
        <sponsorshipDate>2017-01-06</sponsorshipDate>
        <party>R</party>
        <fullName>Rep. Burgess, Michael C. [R-TX-26]</fullName>
        <bioguideId>B001248</bioguideId>
        <identifiers>
          <bioguideId>B001248</bioguideId>
          <gpoId>8182</gpoId>
          <lisID>1751</lisID>
        </identifiers>
        <isOriginalCosponsor>True</isOriginalCosponsor>
        <district>26</district>
        <middleName>C.</middleName>
        <state>TX</state>
        <lastName>Burgess</lastName>
        <sponsorshipWithdrawnDate />
      </item>
      <item>
        <firstName>Earl</firstName>
        <sponsorshipDate>2017-01-06</sponsorshipDate>
        <party>R</party>
        <fullName>Rep. Carter, Earl L. "Buddy" [R-GA-1]</fullName>
        <bioguideId>C001103</bioguideId>
        <identifiers>
          <bioguideId>C001103</bioguideId>
          <gpoId />
          <lisID>2236</lisID>
        </identifiers>
        <isOriginalCosponsor>True</isOriginalCosponsor>
        <district>1</district>
        <middleName>L. "Buddy"</middleName>
        <state>GA</state>
        <lastName>Carter</lastName>
        <sponsorshipWithdrawnDate />
      </item>
      <item>
        <firstName>Kevin</firstName>
        <sponsorshipDate>2017-01-06</sponsorshipDate>
        <party>R</party>
        <fullName>Rep. Cramer, Kevin [R-ND-At Large]</fullName>
        <bioguideId>C001096</bioguideId>
        <identifiers>
          <bioguideId>C001096</bioguideId>
          <lisID>2144</lisID>
          <gpoId />
        </identifiers>
        <isOriginalCosponsor>True</isOriginalCosponsor>
        <district>0</district>
        <middleName />
        <state>ND</state>
        <lastName>Cramer</lastName>
        <sponsorshipWithdrawnDate />
      </item>
      <item>
        <firstName>Virginia</firstName>
        <sponsorshipDate>2017-01-06</sponsorshipDate>
        <party>R</party>
        <fullName>Rep. Foxx, Virginia [R-NC-5]</fullName>
        <bioguideId>F000450</bioguideId>
        <identifiers>
          <bioguideId>F000450</bioguideId>
          <lisID>1791</lisID>
          <gpoId>8028</gpoId>
        </identifiers>
        <isOriginalCosponsor>True</isOriginalCosponsor>
        <district>5</district>
        <middleName />
        <state>NC</state>
        <lastName>Foxx</lastName>
        <sponsorshipWithdrawnDate />
      </item>
      <item>
        <firstName>Paul</firstName>
        <sponsorshipDate>2017-01-06</sponsorshipDate>
        <party>R</party>
        <fullName>Rep. Gosar, Paul A. [R-AZ-4]</fullName>
        <bioguideId>G000565</bioguideId>
        <identifiers>
          <bioguideId>G000565</bioguideId>
          <lisID>1992</lisID>
          <gpoId>7798</gpoId>
        </identifiers>
        <isOriginalCosponsor>True</isOriginalCosponsor>
        <district>4</district>
        <middleName>A.</middleName>
        <state>AZ</state>
        <lastName>Gosar</lastName>
        <sponsorshipWithdrawnDate />
      </item>
      <item>
        <firstName>H.</firstName>
        <sponsorshipDate>2017-01-06</sponsorshipDate>
        <party>R</party>
        <fullName>Rep. Griffith, H. Morgan [R-VA-9]</fullName>
        <bioguideId>G000568</bioguideId>
        <identifiers>
          <bioguideId>G000568</bioguideId>
          <gpoId>8200</gpoId>
          <lisID>2070</lisID>
        </identifiers>
        <isOriginalCosponsor>True</isOriginalCosponsor>
        <district>9</district>
        <middleName>Morgan</middleName>
        <state>VA</state>
        <lastName>Griffith</lastName>
        <sponsorshipWithdrawnDate />
      </item>
      <item>
        <firstName>Glenn</firstName>
        <sponsorshipDate>2017-01-06</sponsorshipDate>
        <party>R</party>
        <fullName>Rep. Grothman, Glenn [R-WI-6]</fullName>
        <bioguideId>G000576</bioguideId>
        <identifiers>
          <bioguideId>G000576</bioguideId>
          <gpoId />
          <lisID>2276</lisID>
        </identifiers>
        <isOriginalCosponsor>True</isOriginalCosponsor>
        <district>6</district>
        <middleName />
        <state>WI</state>
        <lastName>Grothman</lastName>
        <sponsorshipWithdrawnDate />
      </item>
      <item>
        <firstName>Richard</firstName>
        <sponsorshipDate>2017-01-06</sponsorshipDate>
        <party>R</party>
        <fullName>Rep. Hudson, Richard [R-NC-8]</fullName>
        <bioguideId>H001067</bioguideId>
        <identifiers>
          <gpoId />
          <bioguideId>H001067</bioguideId>
          <lisID>2140</lisID>
        </identifiers>
        <isOriginalCosponsor>True</isOriginalCosponsor>
        <district>8</district>
        <middleName />
        <state>NC</state>
        <lastName>Hudson</lastName>
        <sponsorshipWithdrawnDate />
      </item>
      <item>
        <firstName>Bill</firstName>
        <sponsorshipDate>2017-01-06</sponsorshipDate>
        <party>R</party>
        <fullName>Rep. Huizenga, Bill [R-MI-2]</fullName>
        <bioguideId>H001058</bioguideId>
        <identifiers>
          <bioguideId>H001058</bioguideId>
          <lisID>2028</lisID>
          <gpoId>7987</gpoId>
        </identifiers>
        <isOriginalCosponsor>True</isOriginalCosponsor>
        <district>2</district>
        <middleName />
        <state>MI</state>
        <lastName>Huizenga</lastName>
        <sponsorshipWithdrawnDate />
      </item>
      <item>
        <firstName>WALTER</firstName>
        <sponsorshipDate>2017-01-06</sponsorshipDate>
        <party>R</party>
        <fullName>Rep. Jones, Walter B., Jr. [R-NC-3]</fullName>
        <bioguideId>J000255</bioguideId>
        <identifiers>
          <lisID>612</lisID>
          <gpoId>8026</gpoId>
          <bioguideId>J000255</bioguideId>
        </identifiers>
        <isOriginalCosponsor>True</isOriginalCosponsor>
        <district>3</district>
        <middleName>B.</middleName>
        <state>NC</state>
        <lastName>JONES</lastName>
        <sponsorshipWithdrawnDate />
      </item>
      <item>
        <firstName>Doug</firstName>
        <sponsorshipDate>2017-01-06</sponsorshipDate>
        <party>R</party>
        <fullName>Rep. LaMalfa, Doug [R-CA-1]</fullName>
        <bioguideId>L000578</bioguideId>
        <identifiers>
          <bioguideId>L000578</bioguideId>
          <lisID>2100</lisID>
          <gpoId />
        </identifiers>
        <isOriginalCosponsor>True</isOriginalCosponsor>
        <district>1</district>
        <middleName />
        <state>CA</state>
        <lastName>LaMalfa</lastName>
        <sponsorshipWithdrawnDate />
      </item>
      <item>
        <firstName>Barry</firstName>
        <sponsorshipDate>2017-01-06</sponsorshipDate>
        <party>R</party>
        <fullName>Rep. Loudermilk, Barry [R-GA-11]</fullName>
        <bioguideId>L000583</bioguideId>
        <identifiers>
          <bioguideId>L000583</bioguideId>
          <gpoId />
          <lisID>2238</lisID>
        </identifiers>
        <isOriginalCosponsor>True</isOriginalCosponsor>
        <district>11</district>
        <middleName />
        <state>GA</state>
        <lastName>Loudermilk</lastName>
        <sponsorshipWithdrawnDate />
      </item>
      <item>
        <firstName>John</firstName>
        <sponsorshipDate>2017-01-06</sponsorshipDate>
        <party>R</party>
        <fullName>Rep. Moolenaar, John R. [R-MI-4]</fullName>
        <bioguideId>M001194</bioguideId>
        <identifiers>
          <bioguideId>M001194</bioguideId>
          <lisID>2248</lisID>
          <gpoId />
        </identifiers>
        <isOriginalCosponsor>True</isOriginalCosponsor>
        <district>4</district>
        <middleName>R.</middleName>
        <state>MI</state>
        <lastName>Moolenaar</lastName>
        <sponsorshipWithdrawnDate />
      </item>
      <item>
        <firstName>Markwayne</firstName>
        <sponsorshipDate>2017-01-06</sponsorshipDate>
        <party>R</party>
        <fullName>Rep. Mullin, Markwayne [R-OK-2]</fullName>
        <bioguideId>M001190</bioguideId>
        <identifiers>
          <bioguideId>M001190</bioguideId>
          <gpoId />
          <lisID>2156</lisID>
        </identifiers>
        <isOriginalCosponsor>True</isOriginalCosponsor>
        <district>2</district>
        <middleName />
        <state>OK</state>
        <lastName>Mullin</lastName>
        <sponsorshipWithdrawnDate />
      </item>
      <item>
        <firstName>Robert</firstName>
        <sponsorshipDate>2017-01-06</sponsorshipDate>
        <party>R</party>
        <fullName>Rep. Pittenger, Robert [R-NC-9]</fullName>
        <bioguideId>P000606</bioguideId>
        <identifiers>
          <bioguideId>P000606</bioguideId>
          <lisID>2141</lisID>
          <gpoId />
        </identifiers>
        <isOriginalCosponsor>True</isOriginalCosponsor>
        <district>9</district>
        <middleName />
        <state>NC</state>
        <lastName>Pittenger</lastName>
        <sponsorshipWithdrawnDate />
      </item>
      <item>
        <firstName>Bill</firstName>
        <sponsorshipDate>2017-01-06</sponsorshipDate>
        <party>R</party>
        <fullName>Rep. Posey, Bill [R-FL-8]</fullName>
        <bioguideId>P000599</bioguideId>
        <identifiers>
          <bioguideId>P000599</bioguideId>
          <gpoId>7887</gpoId>
          <lisID>1915</lisID>
        </identifiers>
        <isOriginalCosponsor>True</isOriginalCosponsor>
        <district>8</district>
        <middleName />
        <state>FL</state>
        <lastName>Posey</lastName>
        <sponsorshipWithdrawnDate />
      </item>
      <item>
        <firstName>David</firstName>
        <sponsorshipDate>2017-01-06</sponsorshipDate>
        <party>R</party>
        <fullName>Rep. Roe, David P. [R-TN-1]</fullName>
        <bioguideId>R000582</bioguideId>
        <identifiers>
          <bioguideId>R000582</bioguideId>
          <gpoId>8148</gpoId>
          <lisID>1954</lisID>
        </identifiers>
        <isOriginalCosponsor>True</isOriginalCosponsor>
        <district>1</district>
        <middleName>P.</middleName>
        <state>TN</state>
        <lastName>Roe</lastName>
        <sponsorshipWithdrawnDate />
      </item>
      <item>
        <firstName>Mike</firstName>
        <sponsorshipDate>2017-01-06</sponsorshipDate>
        <party>R</party>
        <fullName>Rep. Rogers, Mike D. [R-AL-3]</fullName>
        <bioguideId>R000575</bioguideId>
        <identifiers>
          <gpoId>7788</gpoId>
          <bioguideId>R000575</bioguideId>
          <lisID>1704</lisID>
        </identifiers>
        <isOriginalCosponsor>True</isOriginalCosponsor>
        <district>3</district>
        <middleName />
        <state>AL</state>
        <lastName>Rogers</lastName>
        <sponsorshipWithdrawnDate />
      </item>
      <item>
        <firstName>Todd</firstName>
        <sponsorshipDate>2017-01-06</sponsorshipDate>
        <party>R</party>
        <fullName>Rep. Rokita, Todd [R-IN-4]</fullName>
        <bioguideId>R000592</bioguideId>
        <identifiers>
          <bioguideId>R000592</bioguideId>
          <lisID>2017</lisID>
          <gpoId>7943</gpoId>
        </identifiers>
        <isOriginalCosponsor>True</isOriginalCosponsor>
        <district>4</district>
        <middleName />
        <state>IN</state>
        <lastName>Rokita</lastName>
        <sponsorshipWithdrawnDate />
      </item>
      <item>
        <firstName>TIM</firstName>
        <sponsorshipDate>2017-01-06</sponsorshipDate>
        <party>D</party>
        <fullName>Rep. Ryan, Tim [D-OH-13]</fullName>
        <bioguideId>R000577</bioguideId>
        <identifiers>
          <lisID>1756</lisID>
          <gpoId>8107</gpoId>
          <bioguideId>R000577</bioguideId>
        </identifiers>
        <isOriginalCosponsor>True</isOriginalCosponsor>
        <district>13</district>
        <middleName />
        <state>OH</state>
        <lastName>RYAN</lastName>
        <sponsorshipWithdrawnDate />
      </item>
      <item>
        <firstName>Tim</firstName>
        <sponsorshipDate>2017-01-06</sponsorshipDate>
        <party>R</party>
        <fullName>Rep. Walberg, Tim [R-MI-7]</fullName>
        <bioguideId>W000798</bioguideId>
        <identifiers>
          <bioguideId>W000798</bioguideId>
          <lisID>1855</lisID>
          <gpoId>7992</gpoId>
        </identifiers>
        <isOriginalCosponsor>True</isOriginalCosponsor>
        <district>7</district>
        <middleName />
        <state>MI</state>
        <lastName>Walberg</lastName>
        <sponsorshipWithdrawnDate />
      </item>
      <item>
        <firstName>Jackie</firstName>
        <sponsorshipDate>2017-01-06</sponsorshipDate>
        <party>R</party>
        <fullName>Rep. Walorski, Jackie [R-IN-2]</fullName>
        <bioguideId>W000813</bioguideId>
        <identifiers>
          <bioguideId>W000813</bioguideId>
          <gpoId />
          <lisID>2128</lisID>
        </identifiers>
        <isOriginalCosponsor>True</isOriginalCosponsor>
        <district>2</district>
        <middleName />
        <state>IN</state>
        <lastName>Walorski</lastName>
        <sponsorshipWithdrawnDate />
      </item>
      <item>
        <firstName>Mimi</firstName>
        <sponsorshipDate>2017-01-06</sponsorshipDate>
        <party>R</party>
        <fullName>Rep. Walters, Mimi [R-CA-45]</fullName>
        <bioguideId>W000820</bioguideId>
        <identifiers>
          <bioguideId>W000820</bioguideId>
          <lisID>2232</lisID>
          <gpoId />
        </identifiers>
        <isOriginalCosponsor>True</isOriginalCosponsor>
        <district>45</district>
        <middleName />
        <state>CA</state>
        <lastName>Walters</lastName>
        <sponsorshipWithdrawnDate />
      </item>
      <item>
        <firstName>Bruce</firstName>
        <sponsorshipDate>2017-01-06</sponsorshipDate>
        <party>R</party>
        <fullName>Rep. Westerman, Bruce [R-AR-4]</fullName>
        <bioguideId>W000821</bioguideId>
        <identifiers>
          <bioguideId>W000821</bioguideId>
          <lisID>2224</lisID>
          <gpoId />
        </identifiers>
        <isOriginalCosponsor>True</isOriginalCosponsor>
        <district>4</district>
        <middleName />
        <state>AR</state>
        <lastName>Westerman</lastName>
        <sponsorshipWithdrawnDate />
      </item>
      <item>
        <firstName>Tom</firstName>
        <sponsorshipDate>2017-01-06</sponsorshipDate>
        <party>R</party>
        <fullName>Rep. McClintock, Tom [R-CA-4]</fullName>
        <bioguideId>M001177</bioguideId>
        <identifiers>
          <bioguideId>M001177</bioguideId>
          <lisID>1908</lisID>
          <gpoId>7809</gpoId>
        </identifiers>
        <isOriginalCosponsor>True</isOriginalCosponsor>
        <district>4</district>
        <middleName />
        <state>CA</state>
        <lastName>McClintock</lastName>
        <sponsorshipWithdrawnDate />
      </item>
      <item>
        <firstName>Lee</firstName>
        <sponsorshipDate>2017-01-06</sponsorshipDate>
        <party>R</party>
        <fullName>Rep. Zeldin, Lee M. [R-NY-1]</fullName>
        <bioguideId>Z000017</bioguideId>
        <identifiers>
          <bioguideId>Z000017</bioguideId>
          <lisID>2261</lisID>
          <gpoId />
        </identifiers>
        <isOriginalCosponsor>True</isOriginalCosponsor>
        <district>1</district>
        <middleName>M.</middleName>
        <state>NY</state>
        <lastName>Zeldin</lastName>
        <sponsorshipWithdrawnDate />
      </item>
      <item>
        <firstName>RICHARD</firstName>
        <sponsorshipDate>2017-01-06</sponsorshipDate>
        <party>D</party>
        <fullName>Rep. Nolan, Richard M. [D-MN-8]</fullName>
        <bioguideId>N000127</bioguideId>
        <identifiers>
          <bioguideId>N000127</bioguideId>
          <gpoId />
          <lisID>867</lisID>
        </identifiers>
        <isOriginalCosponsor>True</isOriginalCosponsor>
        <district>8</district>
        <middleName />
        <state>MN</state>
        <lastName>NOLAN</lastName>
        <sponsorshipWithdrawnDate />
      </item>
      <item>
        <firstName>George</firstName>
        <sponsorshipDate>2017-01-06</sponsorshipDate>
        <party>R</party>
        <fullName>Rep. Holding, George [R-NC-2]</fullName>
        <bioguideId>H001065</bioguideId>
        <identifiers>
          <bioguideId>H001065</bioguideId>
          <gpoId />
          <lisID>2143</lisID>
        </identifiers>
        <isOriginalCosponsor>True</isOriginalCosponsor>
        <district>2</district>
        <middleName />
        <state>NC</state>
        <lastName>Holding</lastName>
        <sponsorshipWithdrawnDate />
      </item>
      <item>
        <firstName>Mo</firstName>
        <sponsorshipDate>2017-01-06</sponsorshipDate>
        <party>R</party>
        <fullName>Rep. Brooks, Mo [R-AL-5]</fullName>
        <bioguideId>B001274</bioguideId>
        <identifiers>
          <lisID>1987</lisID>
          <gpoId>7790</gpoId>
          <bioguideId>B001274</bioguideId>
        </identifiers>
        <isOriginalCosponsor>True</isOriginalCosponsor>
        <district>5</district>
        <middleName />
        <state>AL</state>
        <lastName>Brooks</lastName>
        <sponsorshipWithdrawnDate />
      </item>
      <item>
        <firstName>Paul</firstName>
        <sponsorshipDate>2017-01-06</sponsorshipDate>
        <party>R</party>
        <fullName>Rep. Cook, Paul [R-CA-8]</fullName>
        <bioguideId>C001094</bioguideId>
        <identifiers>
          <bioguideId>C001094</bioguideId>
          <lisID>2103</lisID>
          <gpoId />
        </identifiers>
        <isOriginalCosponsor>True</isOriginalCosponsor>
        <district>8</district>
        <middleName />
        <state>CA</state>
        <lastName>Cook</lastName>
        <sponsorshipWithdrawnDate />
      </item>
      <item>
        <firstName>Tom</firstName>
        <sponsorshipDate>2017-01-06</sponsorshipDate>
        <party>R</party>
        <fullName>Rep. Emmer, Tom [R-MN-6]</fullName>
        <bioguideId>E000294</bioguideId>
        <identifiers>
          <bioguideId>E000294</bioguideId>
          <gpoId />
          <lisID>2253</lisID>
        </identifiers>
        <isOriginalCosponsor>True</isOriginalCosponsor>
        <district>6</district>
        <middleName />
        <state>MN</state>
        <lastName>Emmer</lastName>
        <sponsorshipWithdrawnDate />
      </item>
      <item>
        <firstName>James</firstName>
        <sponsorshipDate>2017-01-06</sponsorshipDate>
        <party>R</party>
        <fullName>Rep. Renacci, James B. [R-OH-16]</fullName>
        <bioguideId>R000586</bioguideId>
        <identifiers>
          <bioguideId>R000586</bioguideId>
          <gpoId>8106</gpoId>
          <lisID>2048</lisID>
        </identifiers>
        <isOriginalCosponsor>True</isOriginalCosponsor>
        <district>16</district>
        <middleName>B.</middleName>
        <state>OH</state>
        <lastName>Renacci</lastName>
        <sponsorshipWithdrawnDate />
      </item>
      <item>
        <firstName>JAMES</firstName>
        <sponsorshipDate>2017-01-06</sponsorshipDate>
        <party>D</party>
        <fullName>Rep. Cooper, Jim [D-TN-5]</fullName>
        <bioguideId>C000754</bioguideId>
        <identifiers>
          <bioguideId>C000754</bioguideId>
          <gpoId>8152</gpoId>
          <lisID>231</lisID>
        </identifiers>
        <isOriginalCosponsor>True</isOriginalCosponsor>
        <district>5</district>
        <middleName>H.</middleName>
        <state>TN</state>
        <lastName>COOPER</lastName>
        <sponsorshipWithdrawnDate />
      </item>
      <item>
        <firstName>Henry</firstName>
        <sponsorshipDate>2017-01-06</sponsorshipDate>
        <party>D</party>
        <fullName>Rep. Cuellar, Henry [D-TX-28]</fullName>
        <bioguideId>C001063</bioguideId>
        <identifiers>
          <bioguideId>C001063</bioguideId>
          <gpoId>8184</gpoId>
          <lisID>1807</lisID>
        </identifiers>
        <isOriginalCosponsor>True</isOriginalCosponsor>
        <district>28</district>
        <middleName />
        <state>TX</state>
        <lastName>Cuellar</lastName>
        <sponsorshipWithdrawnDate />
      </item>
      <item>
        <firstName>Billy</firstName>
        <sponsorshipDate>2017-01-06</sponsorshipDate>
        <party>R</party>
        <fullName>Rep. Long, Billy [R-MO-7]</fullName>
        <bioguideId>L000576</bioguideId>
        <identifiers>
          <bioguideId>L000576</bioguideId>
          <lisID>2033</lisID>
          <gpoId>8015</gpoId>
        </identifiers>
        <isOriginalCosponsor>True</isOriginalCosponsor>
        <district>7</district>
        <middleName />
        <state>MO</state>
        <lastName>Long</lastName>
        <sponsorshipWithdrawnDate />
      </item>
      <item>
        <firstName>F.</firstName>
        <sponsorshipDate>2017-01-06</sponsorshipDate>
        <party>R</party>
        <fullName>Rep. Sensenbrenner, F. James, Jr. [R-WI-5]</fullName>
        <bioguideId>S000244</bioguideId>
        <identifiers>
          <bioguideId>S000244</bioguideId>
          <gpoId>8218</gpoId>
          <lisID>1041</lisID>
        </identifiers>
        <isOriginalCosponsor>True</isOriginalCosponsor>
        <district>5</district>
        <middleName>JAMES</middleName>
        <state>WI</state>
        <lastName>SENSENBRENNER</lastName>
        <sponsorshipWithdrawnDate />
      </item>
      <item>
        <firstName>Dave</firstName>
        <sponsorshipDate>2017-01-06</sponsorshipDate>
        <party>R</party>
        <fullName>Rep. Brat, Dave [R-VA-7]</fullName>
        <bioguideId>B001290</bioguideId>
        <identifiers>
          <bioguideId>B001290</bioguideId>
          <lisID>2203</lisID>
          <gpoId />
        </identifiers>
        <isOriginalCosponsor>True</isOriginalCosponsor>
        <district>7</district>
        <middleName />
        <state>VA</state>
        <lastName>Brat</lastName>
        <sponsorshipWithdrawnDate />
      </item>
      <item>
        <firstName>Ann</firstName>
        <sponsorshipDate>2017-01-06</sponsorshipDate>
        <party>R</party>
        <fullName>Rep. Wagner, Ann [R-MO-2]</fullName>
        <bioguideId>W000812</bioguideId>
        <identifiers>
          <lisID>2137</lisID>
          <gpoId />
          <bioguideId>W000812</bioguideId>
        </identifiers>
        <isOriginalCosponsor>True</isOriginalCosponsor>
        <district>2</district>
        <middleName />
        <state>MO</state>
        <lastName>Wagner</lastName>
        <sponsorshipWithdrawnDate />
      </item>
      <item>
        <firstName>PATRICK</firstName>
        <sponsorshipDate>2017-01-06</sponsorshipDate>
        <party>R</party>
        <fullName>Rep. Tiberi, Patrick J. [R-OH-12]</fullName>
        <bioguideId>T000462</bioguideId>
        <identifiers>
          <bioguideId>T000462</bioguideId>
          <lisID>1664</lisID>
          <gpoId>8102</gpoId>
        </identifiers>
        <isOriginalCosponsor>True</isOriginalCosponsor>
        <district>12</district>
        <middleName>J.</middleName>
        <state>OH</state>
        <lastName>TIBERI</lastName>
        <sponsorshipWithdrawnDate />
      </item>
      <item>
        <firstName>Lynn</firstName>
        <sponsorshipDate>2017-01-06</sponsorshipDate>
        <party>R</party>
        <fullName>Rep. Jenkins, Lynn [R-KS-2]</fullName>
        <bioguideId>J000290</bioguideId>
        <identifiers>
          <bioguideId>J000290</bioguideId>
          <gpoId>7950</gpoId>
          <lisID>1921</lisID>
        </identifiers>
        <isOriginalCosponsor>True</isOriginalCosponsor>
        <district>2</district>
        <middleName />
        <state>KS</state>
        <lastName>Jenkins</lastName>
        <sponsorshipWithdrawnDate />
      </item>
      <item>
        <firstName>LAMAR</firstName>
        <sponsorshipDate>2017-01-06</sponsorshipDate>
        <party>R</party>
        <fullName>Rep. Smith, Lamar [R-TX-21]</fullName>
        <bioguideId>S000583</bioguideId>
        <identifiers>
          <bioguideId>S000583</bioguideId>
          <lisID>1075</lisID>
          <gpoId>8177</gpoId>
        </identifiers>
        <isOriginalCosponsor>True</isOriginalCosponsor>
        <district>21</district>
        <middleName />
        <state>TX</state>
        <lastName>SMITH</lastName>
        <sponsorshipWithdrawnDate />
      </item>
      <item>
        <firstName>Mark</firstName>
        <sponsorshipDate>2017-01-09</sponsorshipDate>
        <party>R</party>
        <fullName>Rep. Sanford, Mark [R-SC-1]</fullName>
        <bioguideId>S000051</bioguideId>
        <identifiers>
          <bioguideId>S000051</bioguideId>
          <gpoId />
          <lisID>1012</lisID>
        </identifiers>
        <isOriginalCosponsor>False</isOriginalCosponsor>
        <district>1</district>
        <middleName />
        <state>SC</state>
        <lastName>Sanford</lastName>
        <sponsorshipWithdrawnDate />
      </item>
      <item>
        <firstName>Thomas</firstName>
        <sponsorshipDate>2017-01-09</sponsorshipDate>
        <party>R</party>
        <fullName>Rep. Garrett, Thomas A., Jr. [R-VA-5]</fullName>
        <bioguideId>G000580</bioguideId>
        <identifiers>
          <bioguideId>G000580</bioguideId>
          <lisID>2353</lisID>
          <gpoId />
        </identifiers>
        <isOriginalCosponsor>False</isOriginalCosponsor>
        <district>5</district>
        <middleName>A.</middleName>
        <state>VA</state>
        <lastName>Garrett</lastName>
        <sponsorshipWithdrawnDate />
      </item>
      <item>
        <firstName>SANFORD</firstName>
        <sponsorshipDate>2017-01-09</sponsorshipDate>
        <party>D</party>
        <fullName>Rep. Bishop, Sanford D., Jr. [D-GA-2]</fullName>
        <bioguideId>B000490</bioguideId>
        <identifiers>
          <bioguideId>B000490</bioguideId>
          <gpoId>7899</gpoId>
          <lisID>91</lisID>
        </identifiers>
        <isOriginalCosponsor>False</isOriginalCosponsor>
        <district>2</district>
        <middleName>D.</middleName>
        <state>GA</state>
        <lastName>BISHOP</lastName>
        <sponsorshipWithdrawnDate />
      </item>
      <item>
        <firstName>Alexander</firstName>
        <sponsorshipDate>2017-01-09</sponsorshipDate>
        <party>R</party>
        <fullName>Rep. Mooney, Alexander X. [R-WV-2]</fullName>
        <bioguideId>M001195</bioguideId>
        <identifiers>
          <bioguideId>M001195</bioguideId>
          <gpoId />
          <lisID>2277</lisID>
        </identifiers>
        <isOriginalCosponsor>False</isOriginalCosponsor>
        <district>2</district>
        <middleName>X.</middleName>
        <state>WV</state>
        <lastName>Mooney</lastName>
        <sponsorshipWithdrawnDate />
      </item>
      <item>
        <firstName>FRANK</firstName>
        <sponsorshipDate>2017-01-09</sponsorshipDate>
        <party>R</party>
        <fullName>Rep. LoBiondo, Frank A. [R-NJ-2]</fullName>
        <bioguideId>L000554</bioguideId>
        <identifiers>
          <lisID>699</lisID>
          <gpoId>8044</gpoId>
          <bioguideId>L000554</bioguideId>
        </identifiers>
        <isOriginalCosponsor>False</isOriginalCosponsor>
        <district>2</district>
        <middleName>A.</middleName>
        <state>NJ</state>
        <lastName>LOBIONDO</lastName>
        <sponsorshipWithdrawnDate />
      </item>
      <item>
        <firstName>Ken</firstName>
        <sponsorshipDate>2017-01-11</sponsorshipDate>
        <party>R</party>
        <fullName>Rep. Buck, Ken [R-CO-4]</fullName>
        <bioguideId>B001297</bioguideId>
        <identifiers>
          <bioguideId>B001297</bioguideId>
          <gpoId />
          <lisID>2233</lisID>
        </identifiers>
        <isOriginalCosponsor>False</isOriginalCosponsor>
        <district>4</district>
        <middleName />
        <state>CO</state>
        <lastName>Buck</lastName>
        <sponsorshipWithdrawnDate />
      </item>
      <item>
        <firstName>Mike</firstName>
        <sponsorshipDate>2017-01-11</sponsorshipDate>
        <party>R</party>
        <fullName>Rep. Kelly, Mike [R-PA-3]</fullName>
        <bioguideId>K000376</bioguideId>
        <identifiers>
          <bioguideId>K000376</bioguideId>
          <gpoId>8708</gpoId>
          <lisID>2051</lisID>
        </identifiers>
        <isOriginalCosponsor>False</isOriginalCosponsor>
        <district>3</district>
        <middleName />
        <state>PA</state>
        <lastName>Kelly</lastName>
        <sponsorshipWithdrawnDate />
      </item>
      <item>
        <firstName>Trent</firstName>
        <sponsorshipDate>2017-01-11</sponsorshipDate>
        <party>R</party>
        <fullName>Rep. Kelly, Trent [R-MS-1]</fullName>
        <bioguideId>K000388</bioguideId>
        <identifiers>
          <bioguideId>K000388</bioguideId>
          <lisID>2294</lisID>
          <gpoId />
        </identifiers>
        <isOriginalCosponsor>False</isOriginalCosponsor>
        <district>1</district>
        <middleName />
        <state>MS</state>
        <lastName>Kelly</lastName>
        <sponsorshipWithdrawnDate />
      </item>
      <item>
        <firstName>Brad</firstName>
        <sponsorshipDate>2017-01-11</sponsorshipDate>
        <party>R</party>
        <fullName>Rep. Wenstrup, Brad R. [R-OH-2]</fullName>
        <bioguideId>W000815</bioguideId>
        <identifiers>
          <lisID>2152</lisID>
          <gpoId />
          <bioguideId>W000815</bioguideId>
        </identifiers>
        <isOriginalCosponsor>False</isOriginalCosponsor>
        <district>2</district>
        <middleName>R.</middleName>
        <state>OH</state>
        <lastName>Wenstrup</lastName>
        <sponsorshipWithdrawnDate />
      </item>
      <item>
        <firstName>Diane</firstName>
        <sponsorshipDate>2017-01-11</sponsorshipDate>
        <party>R</party>
        <fullName>Rep. Black, Diane [R-TN-6]</fullName>
        <bioguideId>B001273</bioguideId>
        <identifiers>
          <bioguideId>B001273</bioguideId>
          <lisID>2063</lisID>
          <gpoId>8153</gpoId>
        </identifiers>
        <isOriginalCosponsor>False</isOriginalCosponsor>
        <district>6</district>
        <middleName />
        <state>TN</state>
        <lastName>Black</lastName>
        <sponsorshipWithdrawnDate />
      </item>
      <item>
        <firstName>Kyrsten</firstName>
        <sponsorshipDate>2017-01-11</sponsorshipDate>
        <party>D</party>
        <fullName>Rep. Sinema, Kyrsten [D-AZ-9]</fullName>
        <bioguideId>S001191</bioguideId>
        <identifiers>
          <bioguideId>S001191</bioguideId>
          <gpoId />
          <lisID>2099</lisID>
        </identifiers>
        <isOriginalCosponsor>False</isOriginalCosponsor>
        <district>9</district>
        <middleName />
        <state>AZ</state>
        <lastName>Sinema</lastName>
        <sponsorshipWithdrawnDate />
      </item>
      <item>
        <firstName>Steve</firstName>
        <sponsorshipDate>2017-01-11</sponsorshipDate>
        <party>D</party>
        <fullName>Rep. Cohen, Steve [D-TN-9]</fullName>
        <bioguideId>C001068</bioguideId>
        <identifiers>
          <bioguideId>C001068</bioguideId>
          <lisID>1878</lisID>
          <gpoId>8156</gpoId>
        </identifiers>
        <isOriginalCosponsor>False</isOriginalCosponsor>
        <district>9</district>
        <middleName />
        <state>TN</state>
        <lastName>Cohen</lastName>
        <sponsorshipWithdrawnDate />
      </item>
      <item>
        <firstName>Scott</firstName>
        <sponsorshipDate>2017-01-11</sponsorshipDate>
        <party>R</party>
        <fullName>Rep. Tipton, Scott  R. [R-CO-3]</fullName>
        <bioguideId>T000470</bioguideId>
        <identifiers>
          <bioguideId>T000470</bioguideId>
          <gpoId>7861</gpoId>
          <lisID>1997</lisID>
        </identifiers>
        <isOriginalCosponsor>False</isOriginalCosponsor>
        <district>3</district>
        <middleName>R.</middleName>
        <state>CO</state>
        <lastName>Tipton</lastName>
        <sponsorshipWithdrawnDate />
      </item>
      <item>
        <firstName>Will</firstName>
        <sponsorshipDate>2017-01-11</sponsorshipDate>
        <party>R</party>
        <fullName>Rep. Hurd, Will [R-TX-23]</fullName>
        <bioguideId>H001073</bioguideId>
        <identifiers>
          <bioguideId>H001073</bioguideId>
          <lisID>2269</lisID>
          <gpoId />
        </identifiers>
        <isOriginalCosponsor>False</isOriginalCosponsor>
        <district>23</district>
        <middleName />
        <state>TX</state>
        <lastName>Hurd</lastName>
        <sponsorshipWithdrawnDate />
      </item>
      <item>
        <firstName>David</firstName>
        <sponsorshipDate>2017-01-11</sponsorshipDate>
        <party>R</party>
        <fullName>Rep. Valadao, David G. [R-CA-21]</fullName>
        <bioguideId>V000129</bioguideId>
        <identifiers>
          <gpoId />
          <bioguideId>V000129</bioguideId>
          <lisID>2105</lisID>
        </identifiers>
        <isOriginalCosponsor>False</isOriginalCosponsor>
        <district>21</district>
        <middleName>G.</middleName>
        <state>CA</state>
        <lastName>Valadao</lastName>
        <sponsorshipWithdrawnDate />
      </item>
      <item>
        <firstName>David</firstName>
        <sponsorshipDate>2017-01-11</sponsorshipDate>
        <party>R</party>
        <fullName>Rep. Joyce, David P. [R-OH-14]</fullName>
        <bioguideId>J000295</bioguideId>
        <identifiers>
          <bioguideId>J000295</bioguideId>
          <lisID>2154</lisID>
          <gpoId />
        </identifiers>
        <isOriginalCosponsor>False</isOriginalCosponsor>
        <district>14</district>
        <middleName>P.</middleName>
        <state>OH</state>
        <lastName>Joyce</lastName>
        <sponsorshipWithdrawnDate />
      </item>
      <item>
        <firstName>Brian</firstName>
        <sponsorshipDate>2017-01-11</sponsorshipDate>
        <party>R</party>
        <fullName>Rep. Babin, Brian [R-TX-36]</fullName>
        <bioguideId>B001291</bioguideId>
        <identifiers>
          <bioguideId>B001291</bioguideId>
          <lisID>2270</lisID>
          <gpoId />
        </identifiers>
        <isOriginalCosponsor>False</isOriginalCosponsor>
        <district>36</district>
        <middleName />
        <state>TX</state>
        <lastName>Babin</lastName>
        <sponsorshipWithdrawnDate />
      </item>
      <item>
        <firstName>Mark</firstName>
        <sponsorshipDate>2017-01-12</sponsorshipDate>
        <party>R</party>
        <fullName>Rep. Meadows, Mark [R-NC-11]</fullName>
        <bioguideId>M001187</bioguideId>
        <identifiers>
          <bioguideId>M001187</bioguideId>
          <gpoId />
          <lisID>2142</lisID>
        </identifiers>
        <isOriginalCosponsor>False</isOriginalCosponsor>
        <district>11</district>
        <middleName />
        <state>NC</state>
        <lastName>Meadows</lastName>
        <sponsorshipWithdrawnDate />
      </item>
      <item>
        <firstName>Mark</firstName>
        <sponsorshipDate>2017-01-12</sponsorshipDate>
        <party>R</party>
        <fullName>Rep. Amodei, Mark E. [R-NV-2]</fullName>
        <bioguideId>A000369</bioguideId>
        <identifiers>
          <bioguideId>A000369</bioguideId>
          <lisID>2090</lisID>
          <gpoId>8366</gpoId>
        </identifiers>
        <isOriginalCosponsor>False</isOriginalCosponsor>
        <district>2</district>
        <middleName>E.</middleName>
        <state>NV</state>
        <lastName>Amodei</lastName>
        <sponsorshipWithdrawnDate />
      </item>
      <item>
        <firstName>Eric</firstName>
        <sponsorshipDate>2017-01-12</sponsorshipDate>
        <party>R</party>
        <fullName>Rep. Crawford, Eric A. "Rick" [R-AR-1]</fullName>
        <bioguideId>C001087</bioguideId>
        <identifiers>
          <bioguideId>C001087</bioguideId>
          <gpoId>7793</gpoId>
          <lisID>1989</lisID>
        </identifiers>
        <isOriginalCosponsor>False</isOriginalCosponsor>
        <district>1</district>
        <middleName>A. "Rick"</middleName>
        <state>AR</state>
        <lastName>Crawford</lastName>
        <sponsorshipWithdrawnDate />
      </item>
      <item>
        <firstName>David</firstName>
        <sponsorshipDate>2017-01-12</sponsorshipDate>
        <party>R</party>
        <fullName>Rep. Schweikert, David [R-AZ-6]</fullName>
        <bioguideId>S001183</bioguideId>
        <identifiers>
          <bioguideId>S001183</bioguideId>
          <lisID>1994</lisID>
          <gpoId>7802</gpoId>
        </identifiers>
        <isOriginalCosponsor>False</isOriginalCosponsor>
        <district>6</district>
        <middleName />
        <state>AZ</state>
        <lastName>Schweikert</lastName>
        <sponsorshipWithdrawnDate />
      </item>
      <item>
        <firstName>David</firstName>
        <sponsorshipDate>2017-01-12</sponsorshipDate>
        <party>R</party>
        <fullName>Rep. Rouzer, David [R-NC-7]</fullName>
        <bioguideId>R000603</bioguideId>
        <identifiers>
          <bioguideId>R000603</bioguideId>
          <gpoId />
          <lisID>2256</lisID>
        </identifiers>
        <isOriginalCosponsor>False</isOriginalCosponsor>
        <district>7</district>
        <middleName />
        <state>NC</state>
        <lastName>Rouzer</lastName>
        <sponsorshipWithdrawnDate />
      </item>
      <item>
        <firstName>Glenn</firstName>
        <sponsorshipDate>2017-01-12</sponsorshipDate>
        <party>R</party>
        <fullName>Rep. Thompson, Glenn [R-PA-5]</fullName>
        <bioguideId>T000467</bioguideId>
        <identifiers>
          <lisID>1952</lisID>
          <gpoId>8123</gpoId>
          <bioguideId>T000467</bioguideId>
        </identifiers>
        <isOriginalCosponsor>False</isOriginalCosponsor>
        <district>5</district>
        <middleName />
        <state>PA</state>
        <lastName>Thompson</lastName>
        <sponsorshipWithdrawnDate />
      </item>
      <item>
        <firstName>COLLIN</firstName>
        <sponsorshipDate>2017-01-12</sponsorshipDate>
        <party>D</party>
        <fullName>Rep. Peterson, Collin C. [D-MN-7]</fullName>
        <bioguideId>P000258</bioguideId>
        <identifiers>
          <bioguideId>P000258</bioguideId>
          <lisID>910</lisID>
          <gpoId>8007</gpoId>
        </identifiers>
        <isOriginalCosponsor>False</isOriginalCosponsor>
        <district>7</district>
        <middleName>C.</middleName>
        <state>MN</state>
        <lastName>PETERSON</lastName>
        <sponsorshipWithdrawnDate />
      </item>
      <item>
        <firstName>Bill</firstName>
        <sponsorshipDate>2017-01-13</sponsorshipDate>
        <party>R</party>
        <fullName>Rep. Johnson, Bill [R-OH-6]</fullName>
        <bioguideId>J000292</bioguideId>
        <identifiers>
          <bioguideId>J000292</bioguideId>
          <gpoId>8096</gpoId>
          <lisID>2046</lisID>
        </identifiers>
        <isOriginalCosponsor>False</isOriginalCosponsor>
        <district>6</district>
        <middleName />
        <state>OH</state>
        <lastName>Johnson</lastName>
        <sponsorshipWithdrawnDate />
      </item>
      <item>
        <firstName>Steve</firstName>
        <sponsorshipDate>2017-01-13</sponsorshipDate>
        <party>R</party>
        <fullName>Rep. King, Steve [R-IA-4]</fullName>
        <bioguideId>K000362</bioguideId>
        <identifiers>
          <bioguideId>K000362</bioguideId>
          <lisID>1724</lisID>
          <gpoId>7918</gpoId>
        </identifiers>
        <isOriginalCosponsor>False</isOriginalCosponsor>
        <district>4</district>
        <middleName />
        <state>IA</state>
        <lastName>King</lastName>
        <sponsorshipWithdrawnDate />
      </item>
      <item>
        <firstName>Mike</firstName>
        <sponsorshipDate>2017-01-13</sponsorshipDate>
        <party>R</party>
        <fullName>Rep. Bishop, Mike [R-MI-8]</fullName>
        <bioguideId>B001293</bioguideId>
        <identifiers>
          <bioguideId>B001293</bioguideId>
          <lisID>2249</lisID>
          <gpoId />
        </identifiers>
        <isOriginalCosponsor>False</isOriginalCosponsor>
        <district>8</district>
        <middleName />
        <state>MI</state>
        <lastName>Bishop</lastName>
        <sponsorshipWithdrawnDate />
      </item>
      <item>
        <firstName>Thomas</firstName>
        <sponsorshipDate>2017-01-13</sponsorshipDate>
        <party>R</party>
        <fullName>Rep. MacArthur, Thomas [R-NJ-3]</fullName>
        <bioguideId>M001193</bioguideId>
        <identifiers>
          <bioguideId>M001193</bioguideId>
          <gpoId />
          <lisID>2258</lisID>
        </identifiers>
        <isOriginalCosponsor>False</isOriginalCosponsor>
        <district>3</district>
        <middleName />
        <state>NJ</state>
        <lastName>MacArthur</lastName>
        <sponsorshipWithdrawnDate />
      </item>
      <item>
        <firstName>Darin</firstName>
        <sponsorshipDate>2017-01-23</sponsorshipDate>
        <party>R</party>
        <fullName>Rep. LaHood, Darin [R-IL-18]</fullName>
        <bioguideId>L000585</bioguideId>
        <identifiers>
          <gpoId />
          <bioguideId>L000585</bioguideId>
          <lisID>2295</lisID>
        </identifiers>
        <isOriginalCosponsor>False</isOriginalCosponsor>
        <district>18</district>
        <middleName />
        <state>IL</state>
        <lastName>LaHood</lastName>
        <sponsorshipWithdrawnDate />
      </item>
      <item>
        <firstName>Jim</firstName>
        <sponsorshipDate>2017-01-30</sponsorshipDate>
        <party>R</party>
        <fullName>Rep. Banks, Jim [R-IN-3]</fullName>
        <bioguideId>B001299</bioguideId>
        <identifiers>
          <bioguideId>B001299</bioguideId>
          <lisID>2326</lisID>
          <gpoId />
        </identifiers>
        <isOriginalCosponsor>False</isOriginalCosponsor>
        <district>3</district>
        <middleName />
        <state>IN</state>
        <lastName>Banks</lastName>
        <sponsorshipWithdrawnDate />
      </item>
      <item>
        <firstName>Lou</firstName>
        <sponsorshipDate>2017-01-30</sponsorshipDate>
        <party>R</party>
        <fullName>Rep. Barletta, Lou [R-PA-11]</fullName>
        <bioguideId>B001269</bioguideId>
        <identifiers>
          <bioguideId>B001269</bioguideId>
          <lisID>2054</lisID>
          <gpoId>8129</gpoId>
        </identifiers>
        <isOriginalCosponsor>False</isOriginalCosponsor>
        <district>11</district>
        <middleName />
        <state>PA</state>
        <lastName>Barletta</lastName>
        <sponsorshipWithdrawnDate />
      </item>
      <item>
        <firstName>Tim</firstName>
        <sponsorshipDate>2017-01-30</sponsorshipDate>
        <party>R</party>
        <fullName>Rep. Murphy, Tim [R-PA-18]</fullName>
        <bioguideId>M001151</bioguideId>
        <identifiers>
          <bioguideId>M001151</bioguideId>
          <gpoId>8723</gpoId>
          <lisID>1744</lisID>
        </identifiers>
        <isOriginalCosponsor>False</isOriginalCosponsor>
        <district>18</district>
        <middleName />
        <state>PA</state>
        <lastName>Murphy</lastName>
        <sponsorshipWithdrawnDate />
      </item>
      <item>
        <firstName>Steve</firstName>
        <sponsorshipDate>2017-01-30</sponsorshipDate>
        <party>R</party>
        <fullName>Rep. Stivers, Steve [R-OH-15]</fullName>
        <bioguideId>S001187</bioguideId>
        <identifiers>
          <bioguideId>S001187</bioguideId>
          <gpoId>8105</gpoId>
          <lisID>2047</lisID>
        </identifiers>
        <isOriginalCosponsor>False</isOriginalCosponsor>
        <district>15</district>
        <middleName />
        <state>OH</state>
        <lastName>Stivers</lastName>
        <sponsorshipWithdrawnDate />
      </item>
      <item>
        <firstName>DON</firstName>
        <sponsorshipDate>2017-01-31</sponsorshipDate>
        <party>R</party>
        <fullName>Rep. Young, Don [R-AK-At Large]</fullName>
        <bioguideId>Y000033</bioguideId>
        <identifiers>
          <bioguideId>Y000033</bioguideId>
          <lisID>1256</lisID>
          <gpoId>7785</gpoId>
        </identifiers>
        <isOriginalCosponsor>False</isOriginalCosponsor>
        <district>0</district>
        <middleName>E.</middleName>
        <state>AK</state>
        <lastName>YOUNG</lastName>
        <sponsorshipWithdrawnDate />
      </item>
      <item>
        <firstName>Ted</firstName>
        <sponsorshipDate>2017-01-31</sponsorshipDate>
        <party>R</party>
        <fullName>Rep. Budd, Ted [R-NC-13]</fullName>
        <bioguideId>B001305</bioguideId>
        <identifiers>
          <bioguideId>B001305</bioguideId>
          <gpoId />
          <lisID>2336</lisID>
        </identifiers>
        <isOriginalCosponsor>False</isOriginalCosponsor>
        <district>13</district>
        <middleName />
        <state>NC</state>
        <lastName>Budd</lastName>
        <sponsorshipWithdrawnDate />
      </item>
      <item>
        <firstName>Steve</firstName>
        <sponsorshipDate>2017-02-06</sponsorshipDate>
        <party>R</party>
        <fullName>Rep. Womack, Steve [R-AR-3]</fullName>
        <bioguideId>W000809</bioguideId>
        <identifiers>
          <bioguideId>W000809</bioguideId>
          <lisID>1991</lisID>
          <gpoId>7795</gpoId>
        </identifiers>
        <isOriginalCosponsor>False</isOriginalCosponsor>
        <district>3</district>
        <middleName />
        <state>AR</state>
        <lastName>Womack</lastName>
        <sponsorshipWithdrawnDate />
      </item>
      <item>
        <firstName>RON</firstName>
        <sponsorshipDate>2017-02-07</sponsorshipDate>
        <party>D</party>
        <fullName>Rep. Kind, Ron [D-WI-3]</fullName>
        <bioguideId>K000188</bioguideId>
        <identifiers>
          <bioguideId>K000188</bioguideId>
          <lisID>1498</lisID>
          <gpoId>8216</gpoId>
        </identifiers>
        <isOriginalCosponsor>False</isOriginalCosponsor>
        <district>3</district>
        <middleName />
        <state>WI</state>
        <lastName>KIND</lastName>
        <sponsorshipWithdrawnDate />
      </item>
      <item>
        <firstName>Kurt</firstName>
        <sponsorshipDate>2017-02-07</sponsorshipDate>
        <party>D</party>
        <fullName>Rep. Schrader, Kurt [D-OR-5]</fullName>
        <bioguideId>S001180</bioguideId>
        <identifiers>
          <gpoId>8118</gpoId>
          <bioguideId>S001180</bioguideId>
          <lisID>1950</lisID>
        </identifiers>
        <isOriginalCosponsor>False</isOriginalCosponsor>
        <district>5</district>
        <middleName />
        <state>OR</state>
        <lastName>Schrader</lastName>
        <sponsorshipWithdrawnDate />
      </item>
      <item>
        <firstName>Rodney</firstName>
        <sponsorshipDate>2017-02-13</sponsorshipDate>
        <party>R</party>
        <fullName>Rep. Davis, Rodney [R-IL-13]</fullName>
        <bioguideId>D000619</bioguideId>
        <identifiers>
          <bioguideId>D000619</bioguideId>
          <gpoId />
          <lisID>2126</lisID>
        </identifiers>
        <isOriginalCosponsor>False</isOriginalCosponsor>
        <district>13</district>
        <middleName />
        <state>IL</state>
        <lastName>Davis</lastName>
        <sponsorshipWithdrawnDate />
      </item>
      <item>
        <firstName>Timothy</firstName>
        <sponsorshipDate>2017-02-13</sponsorshipDate>
        <party>D</party>
        <fullName>Rep. Walz, Timothy J. [D-MN-1]</fullName>
        <bioguideId>W000799</bioguideId>
        <identifiers>
          <bioguideId>W000799</bioguideId>
          <gpoId>8001</gpoId>
          <lisID>1856</lisID>
        </identifiers>
        <isOriginalCosponsor>False</isOriginalCosponsor>
        <district>1</district>
        <middleName>J.</middleName>
        <state>MN</state>
        <lastName>Walz</lastName>
        <sponsorshipWithdrawnDate />
      </item>
      <item>
        <firstName>Jeb</firstName>
        <sponsorshipDate>2017-02-13</sponsorshipDate>
        <party>R</party>
        <fullName>Rep. Hensarling, Jeb [R-TX-5]</fullName>
        <bioguideId>H001036</bioguideId>
        <identifiers>
          <bioguideId>H001036</bioguideId>
          <lisID>1749</lisID>
          <gpoId>8161</gpoId>
        </identifiers>
        <isOriginalCosponsor>False</isOriginalCosponsor>
        <district>5</district>
        <middleName />
        <state>TX</state>
        <lastName>Hensarling</lastName>
        <sponsorshipWithdrawnDate />
      </item>
      <item>
        <firstName>Paul</firstName>
        <sponsorshipDate>2017-02-13</sponsorshipDate>
        <party>R</party>
        <fullName>Rep. Mitchell, Paul [R-MI-10]</fullName>
        <bioguideId>M001201</bioguideId>
        <identifiers>
          <bioguideId>M001201</bioguideId>
          <gpoId />
          <lisID>2334</lisID>
        </identifiers>
        <isOriginalCosponsor>False</isOriginalCosponsor>
        <district>10</district>
        <middleName />
        <state>MI</state>
        <lastName>Mitchell</lastName>
        <sponsorshipWithdrawnDate />
      </item>
      <item>
        <firstName>Jim</firstName>
        <sponsorshipDate>2017-02-13</sponsorshipDate>
        <party>R</party>
        <fullName>Rep. Jordan, Jim [R-OH-4]</fullName>
        <bioguideId>J000289</bioguideId>
        <identifiers>
          <bioguideId>J000289</bioguideId>
          <gpoId>8094</gpoId>
          <lisID>1868</lisID>
        </identifiers>
        <isOriginalCosponsor>False</isOriginalCosponsor>
        <district>4</district>
        <middleName />
        <state>OH</state>
        <lastName>Jordan</lastName>
        <sponsorshipWithdrawnDate />
      </item>
      <item>
        <firstName>Bradley</firstName>
        <sponsorshipDate>2017-02-13</sponsorshipDate>
        <party>R</party>
        <fullName>Rep. Byrne, Bradley [R-AL-1]</fullName>
        <bioguideId>B001289</bioguideId>
        <identifiers>
          <bioguideId>B001289</bioguideId>
          <gpoId />
          <lisID>2197</lisID>
        </identifiers>
        <isOriginalCosponsor>False</isOriginalCosponsor>
        <district>1</district>
        <middleName />
        <state>AL</state>
        <lastName>Byrne</lastName>
        <sponsorshipWithdrawnDate />
      </item>
      <item>
        <firstName>Adam</firstName>
        <sponsorshipDate>2017-02-14</sponsorshipDate>
        <party>R</party>
        <fullName>Rep. Kinzinger, Adam [R-IL-16]</fullName>
        <bioguideId>K000378</bioguideId>
        <identifiers>
          <bioguideId>K000378</bioguideId>
          <lisID>2014</lisID>
          <gpoId>7931</gpoId>
        </identifiers>
        <isOriginalCosponsor>False</isOriginalCosponsor>
        <district>16</district>
        <middleName />
        <state>IL</state>
        <lastName>Kinzinger</lastName>
        <sponsorshipWithdrawnDate />
      </item>
      <item>
        <firstName>Charles</firstName>
        <sponsorshipDate>2017-02-14</sponsorshipDate>
        <party>R</party>
        <fullName>Rep. Fleischmann, Charles J. "Chuck" [R-TN-3]</fullName>
        <bioguideId>F000459</bioguideId>
        <identifiers>
          <bioguideId>F000459</bioguideId>
          <gpoId>8150</gpoId>
          <lisID>2061</lisID>
        </identifiers>
        <isOriginalCosponsor>False</isOriginalCosponsor>
        <district>3</district>
        <middleName>J. "Chuck"</middleName>
        <state>TN</state>
        <lastName>Fleischmann</lastName>
        <sponsorshipWithdrawnDate />
      </item>
      <item>
        <firstName>David</firstName>
        <sponsorshipDate>2017-02-14</sponsorshipDate>
        <party>R</party>
        <fullName>Rep. Trott, David A. [R-MI-11]</fullName>
        <bioguideId>T000475</bioguideId>
        <identifiers>
          <bioguideId>T000475</bioguideId>
          <gpoId />
          <lisID>2250</lisID>
        </identifiers>
        <isOriginalCosponsor>False</isOriginalCosponsor>
        <district>11</district>
        <middleName>A.</middleName>
        <state>MI</state>
        <lastName>Trott</lastName>
        <sponsorshipWithdrawnDate />
      </item>
      <item>
        <firstName>ED</firstName>
        <sponsorshipDate>2017-02-14</sponsorshipDate>
        <party>R</party>
        <fullName>Rep. Royce, Edward R. [R-CA-39]</fullName>
        <bioguideId>R000487</bioguideId>
        <identifiers>
          <bioguideId>R000487</bioguideId>
          <gpoId>7845</gpoId>
          <lisID>998</lisID>
        </identifiers>
        <isOriginalCosponsor>False</isOriginalCosponsor>
        <district>39</district>
        <middleName />
        <state>CA</state>
        <lastName>ROYCE</lastName>
        <sponsorshipWithdrawnDate />
      </item>
      <item>
        <firstName>Rod</firstName>
        <sponsorshipDate>2017-02-14</sponsorshipDate>
        <party>R</party>
        <fullName>Rep. Blum, Rod [R-IA-1]</fullName>
        <bioguideId>B001294</bioguideId>
        <identifiers>
          <bioguideId>B001294</bioguideId>
          <lisID>2241</lisID>
          <gpoId />
        </identifiers>
        <isOriginalCosponsor>False</isOriginalCosponsor>
        <district>1</district>
        <middleName />
        <state>IA</state>
        <lastName>Blum</lastName>
        <sponsorshipWithdrawnDate />
      </item>
      <item>
        <firstName>Luke</firstName>
        <sponsorshipDate>2017-02-14</sponsorshipDate>
        <party>R</party>
        <fullName>Rep. Messer, Luke [R-IN-6]</fullName>
        <bioguideId>M001189</bioguideId>
        <identifiers>
          <bioguideId>M001189</bioguideId>
          <gpoId />
          <lisID>2130</lisID>
        </identifiers>
        <isOriginalCosponsor>False</isOriginalCosponsor>
        <district>6</district>
        <middleName />
        <state>IN</state>
        <lastName>Messer</lastName>
        <sponsorshipWithdrawnDate />
      </item>
      <item>
        <firstName>John</firstName>
        <sponsorshipDate>2017-02-27</sponsorshipDate>
        <party>R</party>
        <fullName>Rep. Rutherford, John H. [R-FL-4]</fullName>
        <bioguideId>R000609</bioguideId>
        <identifiers>
          <bioguideId>R000609</bioguideId>
          <gpoId />
          <lisID>2316</lisID>
        </identifiers>
        <isOriginalCosponsor>False</isOriginalCosponsor>
        <district>4</district>
        <middleName>H.</middleName>
        <state>FL</state>
        <lastName>Rutherford</lastName>
        <sponsorshipWithdrawnDate />
      </item>
      <item>
        <firstName>Brett</firstName>
        <sponsorshipDate>2017-02-27</sponsorshipDate>
        <party>R</party>
        <fullName>Rep. Guthrie, Brett [R-KY-2]</fullName>
        <bioguideId>G000558</bioguideId>
        <identifiers>
          <bioguideId>G000558</bioguideId>
          <gpoId>7954</gpoId>
          <lisID>1922</lisID>
        </identifiers>
        <isOriginalCosponsor>False</isOriginalCosponsor>
        <district>2</district>
        <middleName />
        <state>KY</state>
        <lastName>Guthrie</lastName>
        <sponsorshipWithdrawnDate />
      </item>
      <item>
        <firstName>Daniel</firstName>
        <sponsorshipDate>2017-02-27</sponsorshipDate>
        <party>R</party>
        <fullName>Rep. Webster, Daniel [R-FL-11]</fullName>
        <bioguideId>W000806</bioguideId>
        <identifiers>
          <bioguideId>W000806</bioguideId>
          <gpoId>7880</gpoId>
          <lisID>2002</lisID>
        </identifiers>
        <isOriginalCosponsor>False</isOriginalCosponsor>
        <district>11</district>
        <middleName />
        <state>FL</state>
        <lastName>Webster</lastName>
        <sponsorshipWithdrawnDate />
      </item>
      <item>
        <firstName>Evan</firstName>
        <sponsorshipDate>2017-02-27</sponsorshipDate>
        <party>R</party>
        <fullName>Rep. Jenkins, Evan H. [R-WV-3]</fullName>
        <bioguideId>J000297</bioguideId>
        <identifiers>
          <bioguideId>J000297</bioguideId>
          <lisID>2278</lisID>
          <gpoId />
        </identifiers>
        <isOriginalCosponsor>False</isOriginalCosponsor>
        <district>3</district>
        <middleName>H.</middleName>
        <state>WV</state>
        <lastName>Jenkins</lastName>
        <sponsorshipWithdrawnDate />
      </item>
      <item>
        <firstName>Chris</firstName>
        <sponsorshipDate>2017-02-27</sponsorshipDate>
        <party>R</party>
        <fullName>Rep. Collins, Chris [R-NY-27]</fullName>
        <bioguideId>C001092</bioguideId>
        <identifiers>
          <gpoId />
          <bioguideId>C001092</bioguideId>
          <lisID>2151</lisID>
        </identifiers>
        <isOriginalCosponsor>False</isOriginalCosponsor>
        <district>27</district>
        <middleName />
        <state>NY</state>
        <lastName>Collins</lastName>
        <sponsorshipWithdrawnDate />
      </item>
      <item>
        <firstName>James</firstName>
        <sponsorshipDate>2017-02-27</sponsorshipDate>
        <party>R</party>
        <fullName>Rep. Comer, James [R-KY-1]</fullName>
        <bioguideId>C001108</bioguideId>
        <identifiers>
          <bioguideId>C001108</bioguideId>
          <lisID>2297</lisID>
          <gpoId />
        </identifiers>
        <isOriginalCosponsor>False</isOriginalCosponsor>
        <district>1</district>
        <middleName />
        <state>KY</state>
        <lastName>Comer</lastName>
        <sponsorshipWithdrawnDate />
      </item>
      <item>
        <firstName>Blake</firstName>
        <sponsorshipDate>2017-02-27</sponsorshipDate>
        <party>R</party>
        <fullName>Rep. Farenthold, Blake [R-TX-27]</fullName>
        <bioguideId>F000460</bioguideId>
        <identifiers>
          <bioguideId>F000460</bioguideId>
          <lisID>2067</lisID>
          <gpoId>8183</gpoId>
        </identifiers>
        <isOriginalCosponsor>False</isOriginalCosponsor>
        <district>27</district>
        <middleName />
        <state>TX</state>
        <lastName>Farenthold</lastName>
        <sponsorshipWithdrawnDate />
      </item>
      <item>
        <firstName>STEVE</firstName>
        <sponsorshipDate>2017-02-28</sponsorshipDate>
        <party>R</party>
        <fullName>Rep. Chabot, Steve [R-OH-1]</fullName>
        <bioguideId>C000266</bioguideId>
        <identifiers>
          <bioguideId>C000266</bioguideId>
          <gpoId>8091</gpoId>
          <lisID>186</lisID>
        </identifiers>
        <isOriginalCosponsor>False</isOriginalCosponsor>
        <district>1</district>
        <middleName />
        <state>OH</state>
        <lastName>CHABOT</lastName>
        <sponsorshipWithdrawnDate />
      </item>
      <item>
        <firstName>Tom</firstName>
        <sponsorshipDate>2017-02-28</sponsorshipDate>
        <party>R</party>
        <fullName>Rep. Rice, Tom [R-SC-7]</fullName>
        <bioguideId>R000597</bioguideId>
        <identifiers>
          <bioguideId>R000597</bioguideId>
          <gpoId />
          <lisID>2160</lisID>
        </identifiers>
        <isOriginalCosponsor>False</isOriginalCosponsor>
        <district>7</district>
        <middleName />
        <state>SC</state>
        <lastName>Rice</lastName>
        <sponsorshipWithdrawnDate />
      </item>
      <item>
        <firstName>Andy</firstName>
        <sponsorshipDate>2017-03-08</sponsorshipDate>
        <party>R</party>
        <fullName>Rep. Barr, Andy [R-KY-6]</fullName>
        <bioguideId>B001282</bioguideId>
        <identifiers>
          <bioguideId>B001282</bioguideId>
          <lisID>2131</lisID>
          <gpoId />
        </identifiers>
        <isOriginalCosponsor>False</isOriginalCosponsor>
        <district>6</district>
        <middleName />
        <state>KY</state>
        <lastName>Barr</lastName>
        <sponsorshipWithdrawnDate />
      </item>
      <item>
        <firstName>John</firstName>
        <sponsorshipDate>2017-03-08</sponsorshipDate>
        <party>R</party>
        <fullName>Rep. Katko, John [R-NY-24]</fullName>
        <bioguideId>K000386</bioguideId>
        <identifiers>
          <bioguideId>K000386</bioguideId>
          <gpoId />
          <lisID>2264</lisID>
        </identifiers>
        <isOriginalCosponsor>False</isOriginalCosponsor>
        <district>24</district>
        <middleName />
        <state>NY</state>
        <lastName>Katko</lastName>
        <sponsorshipWithdrawnDate />
      </item>
      <item>
        <firstName>Vicky</firstName>
        <sponsorshipDate>2017-03-16</sponsorshipDate>
        <party>R</party>
        <fullName>Rep. Hartzler, Vicky [R-MO-4]</fullName>
        <bioguideId>H001053</bioguideId>
        <identifiers>
          <bioguideId>H001053</bioguideId>
          <lisID>2032</lisID>
          <gpoId>8012</gpoId>
        </identifiers>
        <isOriginalCosponsor>False</isOriginalCosponsor>
        <district>4</district>
        <middleName />
        <state>MO</state>
        <lastName>Hartzler</lastName>
        <sponsorshipWithdrawnDate />
      </item>
      <item>
        <firstName>Claudia</firstName>
        <sponsorshipDate>2017-03-16</sponsorshipDate>
        <party>R</party>
        <fullName>Rep. Tenney, Claudia [R-NY-22]</fullName>
        <bioguideId>T000478</bioguideId>
        <identifiers>
          <lisID>2344</lisID>
          <gpoId />
          <bioguideId>T000478</bioguideId>
        </identifiers>
        <isOriginalCosponsor>False</isOriginalCosponsor>
        <district>22</district>
        <middleName />
        <state>NY</state>
        <lastName>Tenney</lastName>
        <sponsorshipWithdrawnDate />
      </item>
      <item>
        <firstName>Rick</firstName>
        <sponsorshipDate>2017-03-16</sponsorshipDate>
        <party>R</party>
        <fullName>Rep. Allen, Rick W. [R-GA-12]</fullName>
        <bioguideId>A000372</bioguideId>
        <identifiers>
          <gpoId />
          <bioguideId>A000372</bioguideId>
          <lisID>2239</lisID>
        </identifiers>
        <isOriginalCosponsor>False</isOriginalCosponsor>
        <district>12</district>
        <middleName>W.</middleName>
        <state>GA</state>
        <lastName>Allen</lastName>
        <sponsorshipWithdrawnDate />
      </item>
      <item>
        <firstName>John</firstName>
        <sponsorshipDate>2017-03-22</sponsorshipDate>
        <party>R</party>
        <fullName>Rep. Ratcliffe, John [R-TX-4]</fullName>
        <bioguideId>R000601</bioguideId>
        <identifiers>
          <bioguideId>R000601</bioguideId>
          <gpoId />
          <lisID>2268</lisID>
        </identifiers>
        <isOriginalCosponsor>False</isOriginalCosponsor>
        <district>4</district>
        <middleName />
        <state>TX</state>
        <lastName>Ratcliffe</lastName>
        <sponsorshipWithdrawnDate />
      </item>
      <item>
        <firstName>Scott</firstName>
        <sponsorshipDate>2017-03-29</sponsorshipDate>
        <party>R</party>
        <fullName>Rep. DesJarlais, Scott [R-TN-4]</fullName>
        <bioguideId>D000616</bioguideId>
        <identifiers>
          <bioguideId>D000616</bioguideId>
          <gpoId>8151</gpoId>
          <lisID>2062</lisID>
        </identifiers>
        <isOriginalCosponsor>False</isOriginalCosponsor>
        <district>4</district>
        <middleName />
        <state>TN</state>
        <lastName>DesJarlais</lastName>
        <sponsorshipWithdrawnDate />
      </item>
      <item>
        <firstName>Brendan</firstName>
        <sponsorshipDate>2017-04-04</sponsorshipDate>
        <party>D</party>
        <fullName>Rep. Boyle, Brendan F. [D-PA-13]</fullName>
        <bioguideId>B001296</bioguideId>
        <identifiers>
          <bioguideId>B001296</bioguideId>
          <lisID>2267</lisID>
          <gpoId />
        </identifiers>
        <isOriginalCosponsor>False</isOriginalCosponsor>
        <district>13</district>
        <middleName>F.</middleName>
        <state>PA</state>
        <lastName>Boyle</lastName>
        <sponsorshipWithdrawnDate />
      </item>
      <item>
        <firstName>Thomas</firstName>
        <sponsorshipDate>2017-04-20</sponsorshipDate>
        <party>R</party>
        <fullName>Rep. Massie, Thomas [R-KY-4]</fullName>
        <bioguideId>M001184</bioguideId>
        <identifiers>
          <bioguideId>M001184</bioguideId>
          <gpoId>8371</gpoId>
          <lisID>2094</lisID>
        </identifiers>
        <isOriginalCosponsor>False</isOriginalCosponsor>
        <district>4</district>
        <middleName />
        <state>KY</state>
        <lastName>Massie</lastName>
        <sponsorshipWithdrawnDate />
      </item>
      <item>
        <firstName>DANA</firstName>
        <sponsorshipDate>2017-04-20</sponsorshipDate>
        <party>R</party>
        <fullName>Rep. Rohrabacher, Dana [R-CA-48]</fullName>
        <bioguideId>R000409</bioguideId>
        <identifiers>
          <bioguideId>R000409</bioguideId>
          <gpoId>7851</gpoId>
          <lisID>979</lisID>
        </identifiers>
        <isOriginalCosponsor>False</isOriginalCosponsor>
        <district>48</district>
        <middleName />
        <state>CA</state>
        <lastName>ROHRABACHER</lastName>
        <sponsorshipWithdrawnDate />
      </item>
      <item>
        <firstName>Jodey</firstName>
        <sponsorshipDate>2017-04-25</sponsorshipDate>
        <party>R</party>
        <fullName>Rep. Arrington, Jodey C. [R-TX-19]</fullName>
        <bioguideId>A000375</bioguideId>
        <identifiers>
          <bioguideId>A000375</bioguideId>
          <gpoId />
          <lisID>2350</lisID>
        </identifiers>
        <isOriginalCosponsor>False</isOriginalCosponsor>
        <district>19</district>
        <middleName>C.</middleName>
        <state>TX</state>
        <lastName>Arrington</lastName>
        <sponsorshipWithdrawnDate />
      </item>
      <item>
        <firstName>Jason</firstName>
        <sponsorshipDate>2017-04-27</sponsorshipDate>
        <party>R</party>
        <fullName>Rep. Lewis, Jason [R-MN-2]</fullName>
        <bioguideId>L000587</bioguideId>
        <identifiers>
          <bioguideId>L000587</bioguideId>
          <lisID>2335</lisID>
          <gpoId />
        </identifiers>
        <isOriginalCosponsor>False</isOriginalCosponsor>
        <district>2</district>
        <middleName />
        <state>MN</state>
        <lastName>Lewis</lastName>
        <sponsorshipWithdrawnDate />
      </item>
      <item>
        <firstName>David</firstName>
        <sponsorshipDate>2017-04-27</sponsorshipDate>
        <party>R</party>
        <fullName>Rep. Kustoff, David [R-TN-8]</fullName>
        <bioguideId>K000392</bioguideId>
        <identifiers>
          <gpoId />
          <bioguideId>K000392</bioguideId>
          <lisID>2348</lisID>
        </identifiers>
        <isOriginalCosponsor>False</isOriginalCosponsor>
        <district>8</district>
        <middleName />
        <state>TN</state>
        <lastName>Kustoff</lastName>
        <sponsorshipWithdrawnDate />
      </item>
      <item>
        <firstName>Dennis</firstName>
        <sponsorshipDate>2017-05-03</sponsorshipDate>
        <party>R</party>
        <fullName>Rep. Ross, Dennis A. [R-FL-15]</fullName>
        <bioguideId>R000593</bioguideId>
        <identifiers>
          <bioguideId>R000593</bioguideId>
          <gpoId>7884</gpoId>
          <lisID>2003</lisID>
        </identifiers>
        <isOriginalCosponsor>False</isOriginalCosponsor>
        <district>15</district>
        <middleName>A.</middleName>
        <state>FL</state>
        <lastName>Ross</lastName>
        <sponsorshipWithdrawnDate />
      </item>
      <item>
        <firstName>Austin</firstName>
        <sponsorshipDate>2017-05-03</sponsorshipDate>
        <party>R</party>
        <fullName>Rep. Scott, Austin [R-GA-8]</fullName>
        <bioguideId>S001189</bioguideId>
        <identifiers>
          <bioguideId>S001189</bioguideId>
          <gpoId>7905</gpoId>
          <lisID>2009</lisID>
        </identifiers>
        <isOriginalCosponsor>False</isOriginalCosponsor>
        <district>8</district>
        <middleName />
        <state>GA</state>
        <lastName>Scott</lastName>
        <sponsorshipWithdrawnDate />
      </item>
      <item>
        <firstName>Thomas</firstName>
        <sponsorshipDate>2017-05-18</sponsorshipDate>
        <party>R</party>
        <fullName>Rep. Rooney, Thomas J. [R-FL-17]</fullName>
        <bioguideId>R000583</bioguideId>
        <identifiers>
          <bioguideId>R000583</bioguideId>
          <gpoId>7888</gpoId>
          <lisID>1916</lisID>
        </identifiers>
        <isOriginalCosponsor>False</isOriginalCosponsor>
        <district>17</district>
        <middleName>J.</middleName>
        <state>FL</state>
        <lastName>Rooney</lastName>
        <sponsorshipWithdrawnDate />
      </item>
      <item>
        <firstName>Mark</firstName>
        <sponsorshipDate>2017-05-18</sponsorshipDate>
        <party>R</party>
        <fullName>Rep. Walker, Mark [R-NC-6]</fullName>
        <bioguideId>W000819</bioguideId>
        <identifiers>
          <lisID>2255</lisID>
          <gpoId />
          <bioguideId>W000819</bioguideId>
        </identifiers>
        <isOriginalCosponsor>False</isOriginalCosponsor>
        <district>6</district>
        <middleName />
        <state>NC</state>
        <lastName>Walker</lastName>
        <sponsorshipWithdrawnDate />
      </item>
      <item>
        <firstName>Bill</firstName>
        <sponsorshipDate>2017-05-22</sponsorshipDate>
        <party>D</party>
        <fullName>Rep. Foster, Bill [D-IL-11]</fullName>
        <bioguideId>F000454</bioguideId>
        <identifiers>
          <bioguideId>F000454</bioguideId>
          <gpoId>7355</gpoId>
          <lisID>1888</lisID>
        </identifiers>
        <isOriginalCosponsor>False</isOriginalCosponsor>
        <district>11</district>
        <middleName />
        <state>IL</state>
        <lastName>Foster</lastName>
        <sponsorshipWithdrawnDate />
      </item>
      <item>
        <firstName>Robert</firstName>
        <sponsorshipDate>2017-05-22</sponsorshipDate>
        <party>R</party>
        <fullName>Rep. Wittman, Robert J. [R-VA-1]</fullName>
        <bioguideId>W000804</bioguideId>
        <identifiers>
          <bioguideId>W000804</bioguideId>
          <lisID>1886</lisID>
          <gpoId>8192</gpoId>
        </identifiers>
        <isOriginalCosponsor>False</isOriginalCosponsor>
        <district>1</district>
        <middleName>J.</middleName>
        <state>VA</state>
        <lastName>Wittman</lastName>
        <sponsorshipWithdrawnDate />
      </item>
      <item>
        <firstName>Mike</firstName>
        <sponsorshipDate>2017-05-23</sponsorshipDate>
        <party>R</party>
        <fullName>Rep. Gallagher, Mike [R-WI-8]</fullName>
        <bioguideId>G000579</bioguideId>
        <identifiers>
          <bioguideId>G000579</bioguideId>
          <gpoId />
          <lisID>2355</lisID>
        </identifiers>
        <isOriginalCosponsor>False</isOriginalCosponsor>
        <district>8</district>
        <middleName />
        <state>WI</state>
        <lastName>Gallagher</lastName>
        <sponsorshipWithdrawnDate />
      </item>
      <item>
        <firstName>Julia</firstName>
        <sponsorshipDate>2017-06-12</sponsorshipDate>
        <party>D</party>
        <fullName>Rep. Brownley, Julia [D-CA-26]</fullName>
        <bioguideId>B001285</bioguideId>
        <identifiers>
          <bioguideId>B001285</bioguideId>
          <lisID>2106</lisID>
          <gpoId />
        </identifiers>
        <isOriginalCosponsor>False</isOriginalCosponsor>
        <district>26</district>
        <middleName />
        <state>CA</state>
        <lastName>Brownley</lastName>
        <sponsorshipWithdrawnDate />
      </item>
      <item>
        <firstName>Devin</firstName>
        <sponsorshipDate>2017-06-12</sponsorshipDate>
        <party>R</party>
        <fullName>Rep. Nunes, Devin [R-CA-22]</fullName>
        <bioguideId>N000181</bioguideId>
        <identifiers>
          <bioguideId>N000181</bioguideId>
          <lisID>1710</lisID>
          <gpoId>7826</gpoId>
        </identifiers>
        <isOriginalCosponsor>False</isOriginalCosponsor>
        <district>22</district>
        <middleName />
        <state>CA</state>
        <lastName>Nunes</lastName>
        <sponsorshipWithdrawnDate />
      </item>
      <item>
        <firstName>DARRELL</firstName>
        <sponsorshipDate>2017-06-14</sponsorshipDate>
        <party>R</party>
        <fullName>Rep. Issa, Darrell E. [R-CA-49]</fullName>
        <bioguideId>I000056</bioguideId>
        <identifiers>
          <bioguideId>I000056</bioguideId>
          <gpoId>7854</gpoId>
          <lisID>1640</lisID>
        </identifiers>
        <isOriginalCosponsor>False</isOriginalCosponsor>
        <district>49</district>
        <middleName>E.</middleName>
        <state>CA</state>
        <lastName>ISSA</lastName>
        <sponsorshipWithdrawnDate />
      </item>
      <item>
        <firstName>Kristi</firstName>
        <sponsorshipDate>2017-06-20</sponsorshipDate>
        <party>R</party>
        <fullName>Rep. Noem, Kristi L. [R-SD-At Large]</fullName>
        <bioguideId>N000184</bioguideId>
        <identifiers>
          <lisID>2060</lisID>
          <gpoId>8147</gpoId>
          <bioguideId>N000184</bioguideId>
        </identifiers>
        <isOriginalCosponsor>False</isOriginalCosponsor>
        <district>0</district>
        <middleName>L.</middleName>
        <state>SD</state>
        <lastName>Noem</lastName>
        <sponsorshipWithdrawnDate />
      </item>
      <item>
        <firstName>MIKE</firstName>
        <sponsorshipDate>2017-06-21</sponsorshipDate>
        <party>D</party>
        <fullName>Rep. Thompson, Mike [D-CA-5]</fullName>
        <bioguideId>T000460</bioguideId>
        <identifiers>
          <bioguideId>T000460</bioguideId>
          <gpoId>7806</gpoId>
          <lisID>1593</lisID>
        </identifiers>
        <isOriginalCosponsor>False</isOriginalCosponsor>
        <district>5</district>
        <middleName />
        <state>CA</state>
        <lastName>THOMPSON</lastName>
        <sponsorshipWithdrawnDate />
      </item>
      <item>
        <firstName>Ruben</firstName>
        <sponsorshipDate>2017-07-11</sponsorshipDate>
        <party>D</party>
        <fullName>Rep. Gallego, Ruben [D-AZ-7]</fullName>
        <bioguideId>G000574</bioguideId>
        <identifiers>
          <bioguideId>G000574</bioguideId>
          <gpoId />
          <lisID>2226</lisID>
        </identifiers>
        <isOriginalCosponsor>False</isOriginalCosponsor>
        <district>7</district>
        <middleName />
        <state>AZ</state>
        <lastName>Gallego</lastName>
        <sponsorshipWithdrawnDate />
      </item>
      <item>
        <firstName>Jason</firstName>
        <sponsorshipDate>2017-07-11</sponsorshipDate>
        <party>R</party>
        <fullName>Rep. Smith, Jason [R-MO-8]</fullName>
        <bioguideId>S001195</bioguideId>
        <identifiers>
          <bioguideId>S001195</bioguideId>
          <lisID>2191</lisID>
          <gpoId />
        </identifiers>
        <isOriginalCosponsor>False</isOriginalCosponsor>
        <district>8</district>
        <middleName />
        <state>MO</state>
        <lastName>Smith</lastName>
        <sponsorshipWithdrawnDate />
      </item>
      <item>
        <firstName>Ron</firstName>
        <sponsorshipDate>2017-07-11</sponsorshipDate>
        <party>R</party>
        <fullName>Rep. DeSantis, Ron [R-FL-6]</fullName>
        <bioguideId>D000621</bioguideId>
        <identifiers>
          <bioguideId>D000621</bioguideId>
          <gpoId />
          <lisID>2116</lisID>
        </identifiers>
        <isOriginalCosponsor>False</isOriginalCosponsor>
        <district>6</district>
        <middleName />
        <state>FL</state>
        <lastName>DeSantis</lastName>
        <sponsorshipWithdrawnDate />
      </item>
      <item>
        <firstName>Michael</firstName>
        <sponsorshipDate>2017-07-13</sponsorshipDate>
        <party>R</party>
        <fullName>Rep. Turner, Michael R. [R-OH-10]</fullName>
        <bioguideId>T000463</bioguideId>
        <identifiers>
          <bioguideId>T000463</bioguideId>
          <gpoId>8093</gpoId>
          <lisID>1741</lisID>
        </identifiers>
        <isOriginalCosponsor>False</isOriginalCosponsor>
        <district>10</district>
        <middleName>R.</middleName>
        <state>OH</state>
        <lastName>Turner</lastName>
        <sponsorshipWithdrawnDate />
      </item>
      <item>
        <firstName>Sean</firstName>
        <sponsorshipDate>2017-07-13</sponsorshipDate>
        <party>R</party>
        <fullName>Rep. Duffy, Sean P. [R-WI-7]</fullName>
        <bioguideId>D000614</bioguideId>
        <identifiers>
          <lisID>2072</lisID>
          <gpoId>8220</gpoId>
          <bioguideId>D000614</bioguideId>
        </identifiers>
        <isOriginalCosponsor>False</isOriginalCosponsor>
        <district>7</district>
        <middleName>P.</middleName>
        <state>WI</state>
        <lastName>Duffy</lastName>
        <sponsorshipWithdrawnDate />
      </item>
      <item>
        <firstName>Kevin</firstName>
        <sponsorshipDate>2017-07-13</sponsorshipDate>
        <party>R</party>
        <fullName>Rep. Yoder, Kevin [R-KS-3]</fullName>
        <bioguideId>Y000063</bioguideId>
        <identifiers>
          <bioguideId>Y000063</bioguideId>
          <lisID>2021</lisID>
          <gpoId>7951</gpoId>
        </identifiers>
        <isOriginalCosponsor>False</isOriginalCosponsor>
        <district>3</district>
        <middleName />
        <state>KS</state>
        <lastName>Yoder</lastName>
        <sponsorshipWithdrawnDate />
      </item>
      <item>
        <firstName>Dan</firstName>
        <sponsorshipDate>2017-07-17</sponsorshipDate>
        <party>R</party>
        <fullName>Rep. Newhouse, Dan [R-WA-4]</fullName>
        <bioguideId>N000189</bioguideId>
        <identifiers>
          <bioguideId>N000189</bioguideId>
          <gpoId />
          <lisID>2275</lisID>
        </identifiers>
        <isOriginalCosponsor>False</isOriginalCosponsor>
        <district>4</district>
        <middleName />
        <state>WA</state>
        <lastName>Newhouse</lastName>
        <sponsorshipWithdrawnDate />
      </item>
      <item>
        <firstName>KEN</firstName>
        <sponsorshipDate>2017-07-17</sponsorshipDate>
        <party>R</party>
        <fullName>Rep. Calvert, Ken [R-CA-42]</fullName>
        <bioguideId>C000059</bioguideId>
        <identifiers>
          <bioguideId>C000059</bioguideId>
          <lisID>165</lisID>
          <gpoId>7849</gpoId>
        </identifiers>
        <isOriginalCosponsor>False</isOriginalCosponsor>
        <district>42</district>
        <middleName />
        <state>CA</state>
        <lastName>CALVERT</lastName>
        <sponsorshipWithdrawnDate />
      </item>
      <item>
        <firstName>Bruce</firstName>
        <sponsorshipDate>2017-07-25</sponsorshipDate>
        <party>R</party>
        <fullName>Rep. Poliquin, Bruce [R-ME-2]</fullName>
        <bioguideId>P000611</bioguideId>
        <identifiers>
          <bioguideId>P000611</bioguideId>
          <gpoId />
          <lisID>2247</lisID>
        </identifiers>
        <isOriginalCosponsor>False</isOriginalCosponsor>
        <district>2</district>
        <middleName />
        <state>ME</state>
        <lastName>Poliquin</lastName>
        <sponsorshipWithdrawnDate />
      </item>
      <item>
        <firstName>Francis</firstName>
        <sponsorshipDate>2017-07-25</sponsorshipDate>
        <party>R</party>
        <fullName>Rep. Rooney, Francis [R-FL-19]</fullName>
        <bioguideId>R000607</bioguideId>
        <identifiers>
          <bioguideId>R000607</bioguideId>
          <gpoId />
          <lisID>2323</lisID>
        </identifiers>
        <isOriginalCosponsor>False</isOriginalCosponsor>
        <district>19</district>
        <middleName />
        <state>FL</state>
        <lastName>Rooney</lastName>
        <sponsorshipWithdrawnDate />
      </item>
      <item>
        <firstName>Peter</firstName>
        <sponsorshipDate>2017-09-05</sponsorshipDate>
        <party>R</party>
        <fullName>Rep. Roskam, Peter J. [R-IL-6]</fullName>
        <bioguideId>R000580</bioguideId>
        <identifiers>
          <bioguideId>R000580</bioguideId>
          <lisID>1848</lisID>
          <gpoId>7926</gpoId>
        </identifiers>
        <isOriginalCosponsor>False</isOriginalCosponsor>
        <district>6</district>
        <middleName>J.</middleName>
        <state>IL</state>
        <lastName>Roskam</lastName>
        <sponsorshipWithdrawnDate />
      </item>
      <item>
        <firstName>A.</firstName>
        <sponsorshipDate>2017-10-11</sponsorshipDate>
        <party>R</party>
        <fullName>Rep. Ferguson, A. Drew, IV [R-GA-3]</fullName>
        <bioguideId>F000465</bioguideId>
        <identifiers>
          <bioguideId>F000465</bioguideId>
          <gpoId />
          <lisID>2324</lisID>
        </identifiers>
        <isOriginalCosponsor>False</isOriginalCosponsor>
        <district>3</district>
        <middleName>Drew</middleName>
        <state>GA</state>
        <lastName>Ferguson</lastName>
        <sponsorshipWithdrawnDate />
      </item>
      <item>
        <firstName>Marsha</firstName>
        <sponsorshipDate>2017-11-14</sponsorshipDate>
        <party>R</party>
        <fullName>Rep. Blackburn, Marsha [R-TN-7]</fullName>
        <bioguideId>B001243</bioguideId>
        <identifiers>
          <bioguideId>B001243</bioguideId>
          <lisID>1748</lisID>
          <gpoId>8154</gpoId>
        </identifiers>
        <isOriginalCosponsor>False</isOriginalCosponsor>
        <district>7</district>
        <middleName />
        <state>TN</state>
        <lastName>Blackburn</lastName>
        <sponsorshipWithdrawnDate />
      </item>
      <item>
        <firstName>Ralph</firstName>
        <sponsorshipDate>2018-01-18</sponsorshipDate>
        <party>R</party>
        <fullName>Rep. Norman, Ralph [R-SC-5]</fullName>
        <bioguideId>N000190</bioguideId>
        <identifiers>
          <lisID>2361</lisID>
          <gpoId />
          <bioguideId>N000190</bioguideId>
        </identifiers>
        <isOriginalCosponsor>False</isOriginalCosponsor>
        <district>5</district>
        <middleName />
        <state>SC</state>
        <lastName>Norman</lastName>
        <sponsorshipWithdrawnDate />
      </item>
      <item>
        <firstName>John</firstName>
        <sponsorshipDate>2018-01-29</sponsorshipDate>
        <party>R</party>
        <fullName>Rep. Curtis, John R. [R-UT-3]</fullName>
        <bioguideId>C001114</bioguideId>
        <identifiers>
          <bioguideId>C001114</bioguideId>
          <gpoId />
          <lisID>2363</lisID>
        </identifiers>
        <isOriginalCosponsor>False</isOriginalCosponsor>
        <district>3</district>
        <middleName>R.</middleName>
        <state>UT</state>
        <lastName>Curtis</lastName>
        <sponsorshipWithdrawnDate />
      </item>
    </cosponsors>
    <recordedVotes />
    <amendments />
    <summaries>
      <billSummaries>
        <item>
          <actionDesc>Introduced in House</actionDesc>
          <versionCode>00</versionCode>
          <text><![CDATA[<p><b>Recognizing the Protection of Motorsports Act of 2017 or the RPM Act of 2017</b></p> <p>This bill amends the Clean Air Act to allow the modification of a vehicle's air emission controls if the vehicle is used solely for competition.</p>]]></text>
          <actionDate>2017-01-06</actionDate>
          <name>Introduced in House</name>
          <lastSummaryUpdateDate>2017-02-01T19:17:10Z</lastSummaryUpdateDate>
          <updateDate>2017-01-06T05:00:00Z</updateDate>
        </item>
      </billSummaries>
    </summaries>
    <title>RPM Act of 2017</title>
    <latestAction>
      <actionDate>2017-12-06</actionDate>
      <text>Ordered to be Reported by the Yeas and Nays: 33 - 20.</text>
      <links />
    </latestAction>
    <sponsors>
      <item>
        <byRequestType />
        <party>R</party>
        <middleName />
        <lastName>McHenry</lastName>
        <district>10</district>
        <bioguideId>M001156</bioguideId>
        <fullName>Rep. McHenry, Patrick T. [R-NC-10]</fullName>
        <firstName>Patrick</firstName>
        <identifiers>
          <bioguideId>M001156</bioguideId>
          <lisID>1792</lisID>
          <gpoId>8033</gpoId>
        </identifiers>
        <state>NC</state>
      </item>
    </sponsors>
  </bill>
  <dublinCore xmlns:dc="http://purl.org/dc/elements/1.1/">
    <dc:format>text/xml</dc:format>
    <dc:language>EN</dc:language>
    <dc:rights>Pursuant to Title 17 Section 105 of the United States Code, this file is not subject to copyright protection and is in the public domain.</dc:rights>
    <dc:contributor>Congressional Research Service, Library of Congress</dc:contributor>
    <dc:description>This file contains bill summaries and statuses for federal legislation. A bill summary describes the most significant provisions of a piece of legislation and details the effects the legislative text may have on current law and federal programs. Bill summaries are authored by the Congressional Research Service (CRS) of the Library of Congress. As stated in Public Law 91-510 (2 USC 166 (d)(6)), one of the duties of CRS is "to prepare summaries and digests of bills and resolutions of a public general nature introduced in the Senate or House of Representatives". For more information, refer to the User Guide that accompanies this file.</dc:description>
  </dublinCore>
</billStatus>

