<?xml version="1.0" encoding="UTF-8"?>
<billStatus>
  <bill>
    <committeeReports />
    <originChamber>House</originChamber>
    <billNumber>69</billNumber>
    <actions>
      <item>
        <actionDate>2017-01-05</actionDate>
        <committee>
          <systemCode>ssga00</systemCode>
          <name>Homeland Security and Governmental Affairs Committee</name>
        </committee>
        <links />
        <sourceSystem>
          <code>0</code>
          <name>Senate</name>
        </sourceSystem>
        <text>Received in the Senate and Read twice and referred to the Committee on Homeland Security and Governmental Affairs.</text>
        <type>IntroReferral</type>
      </item>
      <item>
        <committee />
        <sourceSystem>
          <code>2</code>
          <name>House floor actions</name>
        </sourceSystem>
        <actionDate>2017-01-04</actionDate>
        <text>Motion to reconsider laid on the table Agreed to without objection.</text>
        <actionTime>13:34:17</actionTime>
        <links />
        <actionCode>H38310</actionCode>
        <type>Floor</type>
      </item>
      <item>
        <committee />
        <sourceSystem>
          <code>2</code>
          <name>House floor actions</name>
        </sourceSystem>
        <actionDate>2017-01-04</actionDate>
        <text>On motion to suspend the rules and pass the bill Agreed to by voice vote. (text: CR H72-73)</text>
        <actionTime>13:34:15</actionTime>
        <links>
          <link>
            <url>https://www.congress.gov/congressional-record/volume-163/house-section/page/H72-73</url>
            <name>H72-73</name>
          </link>
        </links>
        <actionCode>H37300</actionCode>
        <type>Floor</type>
      </item>
      <item>
        <committee />
        <sourceSystem>
          <code>9</code>
          <name>Library of Congress</name>
        </sourceSystem>
        <actionDate>2017-01-04</actionDate>
        <text>Passed/agreed to in House: On motion to suspend the rules and pass the bill Agreed to by voice vote.(text: CR H72-73)</text>
        <actionTime>13:34:15</actionTime>
        <links>
          <link>
            <url>https://www.congress.gov/congressional-record/volume-163/house-section/page/H72-73</url>
            <name>H72-73</name>
          </link>
        </links>
        <actionCode>8000</actionCode>
        <type>Floor</type>
      </item>
      <item>
        <committee />
        <sourceSystem>
          <code>2</code>
          <name>House floor actions</name>
        </sourceSystem>
        <actionDate>2017-01-04</actionDate>
        <text>DEBATE - The House proceeded with forty minutes of debate on H.R. 69.</text>
        <actionTime>13:20:51</actionTime>
        <links>
          <link>
            <url>https://www.congress.gov/bill/115th-congress/house-bill/69</url>
            <name>H.R. 69</name>
          </link>
        </links>
        <actionCode>H8D000</actionCode>
        <type>Floor</type>
      </item>
      <item>
        <committee />
        <sourceSystem>
          <code>2</code>
          <name>House floor actions</name>
        </sourceSystem>
        <actionDate>2017-01-04</actionDate>
        <text>Considered under suspension of the rules. (consideration: CR H71-74)</text>
        <actionTime>13:20:50</actionTime>
        <links>
          <link>
            <url>https://www.congress.gov/congressional-record/volume-163/house-section/page/H71-74</url>
            <name>H71-74</name>
          </link>
        </links>
        <actionCode>H30000</actionCode>
        <type>Floor</type>
      </item>
      <item>
        <committee />
        <sourceSystem>
          <code>2</code>
          <name>House floor actions</name>
        </sourceSystem>
        <actionDate>2017-01-04</actionDate>
        <text>Mr. Chaffetz moved to suspend the rules and pass the bill.</text>
        <actionTime>13:20:40</actionTime>
        <links />
        <actionCode>H30300</actionCode>
        <type>Floor</type>
      </item>
      <item>
        <committee>
          <systemCode>hsgo00</systemCode>
          <name>Oversight and Government Reform Committee</name>
        </committee>
        <sourceSystem>
          <code>2</code>
          <name>House floor actions</name>
        </sourceSystem>
        <actionDate>2017-01-03</actionDate>
        <text>Referred to the House Committee on Oversight and Government Reform.</text>
        <links />
        <type>IntroReferral</type>
        <actionCode>H11100</actionCode>
      </item>
      <item>
        <committee />
        <sourceSystem>
          <code>9</code>
          <name>Library of Congress</name>
        </sourceSystem>
        <actionDate>2017-01-03</actionDate>
        <text>Introduced in House</text>
        <links />
        <type>IntroReferral</type>
        <actionCode>Intro-H</actionCode>
      </item>
      <item>
        <committee />
        <sourceSystem>
          <code>9</code>
          <name>Library of Congress</name>
        </sourceSystem>
        <actionDate>2017-01-03</actionDate>
        <text>Introduced in House</text>
        <links />
        <type>IntroReferral</type>
        <actionCode>1000</actionCode>
      </item>
      <actionByCounts>
        <houseOfRepresentatives>9</houseOfRepresentatives>
        <senate>1</senate>
      </actionByCounts>
      <actionTypeCounts>
        <motionToReconsiderResults>1</motionToReconsiderResults>
        <billReferrals>1</billReferrals>
        <passedAgreedToInHouse>1</passedAgreedToInHouse>
        <introducedInTheHouse>1</introducedInTheHouse>
        <referredToCommittee>1</referredToCommittee>
        <motionMadeToSuspendTheRules>1</motionMadeToSuspendTheRules>
        <finalPassageUnderSuspensionOfTheRulesResults>1</finalPassageUnderSuspensionOfTheRulesResults>
        <generalDebate>1</generalDebate>
        <introducedInHouse>1</introducedInHouse>
        <considerationByHouse>1</considerationByHouse>
      </actionTypeCounts>
    </actions>
    <calendarNumbers />
    <updateDate>2018-02-06T16:40:24Z</updateDate>
    <cosponsors>
      <item>
        <lastName>Meadows</lastName>
        <sponsorshipDate>2017-01-03</sponsorshipDate>
        <bioguideId>M001187</bioguideId>
        <middleName />
        <identifiers>
          <gpoId />
          <bioguideId>M001187</bioguideId>
          <lisID>2142</lisID>
        </identifiers>
        <district>11</district>
        <party>R</party>
        <state>NC</state>
        <firstName>Mark</firstName>
        <sponsorshipWithdrawnDate />
        <isOriginalCosponsor>True</isOriginalCosponsor>
        <fullName>Rep. Meadows, Mark [R-NC-11]</fullName>
      </item>
      <item>
        <lastName>Connolly</lastName>
        <sponsorshipDate>2017-01-03</sponsorshipDate>
        <bioguideId>C001078</bioguideId>
        <middleName>E.</middleName>
        <identifiers>
          <bioguideId>C001078</bioguideId>
          <lisID>1959</lisID>
          <gpoId>8202</gpoId>
        </identifiers>
        <district>11</district>
        <party>D</party>
        <state>VA</state>
        <firstName>Gerald</firstName>
        <sponsorshipWithdrawnDate />
        <isOriginalCosponsor>True</isOriginalCosponsor>
        <fullName>Rep. Connolly, Gerald E. [D-VA-11]</fullName>
      </item>
      <item>
        <lastName>CUMMINGS</lastName>
        <sponsorshipDate>2017-01-03</sponsorshipDate>
        <bioguideId>C000984</bioguideId>
        <middleName>E.</middleName>
        <identifiers>
          <gpoId>7982</gpoId>
          <bioguideId>C000984</bioguideId>
          <lisID>256</lisID>
        </identifiers>
        <district>7</district>
        <party>D</party>
        <state>MD</state>
        <firstName>ELIJAH</firstName>
        <sponsorshipWithdrawnDate />
        <isOriginalCosponsor>True</isOriginalCosponsor>
        <fullName>Rep. Cummings, Elijah E. [D-MD-7]</fullName>
      </item>
    </cosponsors>
    <notes />
    <subjects>
      <billSubjects>
        <legislativeSubjects>
          <item>
            <name>Administrative law and regulatory procedures</name>
          </item>
          <item>
            <name>Administrative remedies</name>
          </item>
          <item>
            <name>Congressional oversight</name>
          </item>
          <item>
            <name>Employment discrimination and employee rights</name>
          </item>
          <item>
            <name>Government employee pay, benefits, personnel management</name>
          </item>
          <item>
            <name>Government studies and investigations</name>
          </item>
          <item>
            <name>Office of Special Counsel</name>
          </item>
        </legislativeSubjects>
        <policyArea>
          <name>Government Operations and Politics</name>
        </policyArea>
      </billSubjects>
    </subjects>
    <committees>
      <billCommittees>
        <item>
          <subcommittees />
          <type>Standing</type>
          <systemCode>ssga00</systemCode>
          <activities>
            <item>
              <name>Referred to</name>
              <date>2017-01-05T18:22:02Z</date>
            </item>
          </activities>
          <name>Homeland Security and Governmental Affairs Committee</name>
          <chamber>Senate</chamber>
        </item>
        <item>
          <subcommittees />
          <type>Standing</type>
          <systemCode>hsgo00</systemCode>
          <activities>
            <item>
              <name>Referred to</name>
              <date>2017-01-03T17:06:00Z</date>
            </item>
          </activities>
          <name>Oversight and Government Reform Committee</name>
          <chamber>House</chamber>
        </item>
      </billCommittees>
    </committees>
    <version>1.0.0</version>
    <recordedVotes />
    <policyArea>
      <name>Government Operations and Politics</name>
    </policyArea>
    <cboCostEstimates />
    <introducedDate>2017-01-03</introducedDate>
    <title>Thoroughly Investigating Retaliation Against Whistleblowers Act</title>
    <amendments />
    <latestAction>
      <text>Received in the Senate and Read twice and referred to the Committee on Homeland Security and Governmental Affairs.</text>
      <links />
      <actionDate>2017-01-05</actionDate>
    </latestAction>
    <congress>115</congress>
    <billType>HR</billType>
    <createDate>2017-01-04T07:01:10Z</createDate>
    <sponsors>
      <item>
        <lastName>Blum</lastName>
        <party>R</party>
        <state>IA</state>
        <bioguideId>B001294</bioguideId>
        <middleName />
        <byRequestType />
        <fullName>Rep. Blum, Rod [R-IA-1]</fullName>
        <firstName>Rod</firstName>
        <district>1</district>
        <identifiers>
          <lisID>2241</lisID>
          <gpoId />
          <bioguideId>B001294</bioguideId>
        </identifiers>
      </item>
    </sponsors>
    <constitutionalAuthorityStatementText><![CDATA[<pre>From the Congressional Record Online through the Government Publishing Office [<a href='http://www.gpo.gov'>www.gpo.gov</a>]By Mr. BLUM:H.R. 69.Congress has the power to enact this legislation pursuantto the following:Article 1, Section 8, Clause 18 US Constitution[Page H48]</pre>]]></constitutionalAuthorityStatementText>
    <relatedBills />
    <laws />
    <titles>
      <item>
        <title>Thoroughly Investigating Retaliation Against Whistleblowers Act</title>
        <titleType>(Extracted from GPO) Short Titles as Introduced</titleType>
        <parentTitleType />
        <chamberCode />
        <chamberName />
      </item>
      <item>
        <title>Thoroughly Investigating Retaliation Against Whistleblowers Act</title>
        <titleType>(Extracted from GPO) Short Titles as Passed House</titleType>
        <parentTitleType />
        <chamberCode>H</chamberCode>
        <chamberName>House</chamberName>
      </item>
      <item>
        <title>Thoroughly Investigating Retaliation Against Whistleblowers Act</title>
        <titleType>Short Titles as Passed House</titleType>
        <parentTitleType>Short Titles House of Representatives</parentTitleType>
        <chamberCode>H</chamberCode>
        <chamberName>House</chamberName>
      </item>
      <item>
        <title>Thoroughly Investigating Retaliation Against Whistleblowers Act</title>
        <titleType>Short Titles as Introduced</titleType>
        <parentTitleType />
        <chamberCode />
        <chamberName />
      </item>
      <item>
        <title>To reauthorize the Office of Special Counsel, to amend title 5, United States Code, to provide modifications to authorities relating to the Office of Special Counsel, and for other purposes.</title>
        <titleType>Official Title as Introduced</titleType>
        <parentTitleType />
        <chamberCode />
        <chamberName />
      </item>
      <item>
        <title>Thoroughly Investigating Retaliation Against Whistleblowers Act</title>
        <titleType>Display Title</titleType>
        <parentTitleType />
        <chamberCode />
        <chamberName />
      </item>
    </titles>
    <summaries>
      <billSummaries>
        <item>
          <versionCode>00</versionCode>
          <updateDate>2017-01-03T05:00:00Z</updateDate>
          <actionDesc>Introduced in House</actionDesc>
          <lastSummaryUpdateDate>2017-06-05T19:05:20Z</lastSummaryUpdateDate>
          <actionDate>2017-01-03</actionDate>
          <name>Introduced in House</name>
          <text><![CDATA[<p><STRONG>Thoroughly Investigating Retaliation Against Whistleblowers Act</STRONG></p> <p>This bill amends the Whistleblower Protection Act of 1989 to reauthorize through FY2021 the Office of Special Counsel (official appointed by the President to protect federal employees, former employees, and applicants for employment from prohibited personnel practices). </p> <p>The Office of Special Counsel shall have access to any record or other information of any agency under its jurisdiction.</p> <p>The bill: (1) extends from 15 to 45 days the period for review by the Office of Special Counsel of disclosures of violations of law, gross mismanagement, or other matters; (2) requires an agency to provide a detailed explanation of any failure to take action to address information about violations of law transmitted to it by the Special Counsel; and (3) requires an agency to report to the Special Counsel within 180 days on action proposed to be taken to address a violation of law, whether such proposed action has been taken, and if not, why not.</p> <p>The Office of Special Counsel may terminate an investigation of a prohibited personnel practice if: (1) it involves an allegation that has been previously made by the same person, (2) the Office does not have jurisdiction to investigate such allegation, or (3) the person knew or should have known of the alleged prohibited personnel practice earlier than three years before the Special Counsel received the allegation. </p><p>The bill expands the annual reporting requirements of the Office of Special Counsel. </p> <p>The Office of Special Counsel shall design and establish a survey pilot program in FY2018-FY2019 of individuals who have filed a complaint or disclosure with the Office. </p> <p>Penalties for violations of the Hatch Act may include a combination of the disciplinary actions and the civil penalty prescribed under current law.</p>]]></text>
        </item>
        <item>
          <versionCode>81</versionCode>
          <updateDate>2017-01-04T14:38:26Z</updateDate>
          <actionDesc>Passed House without amendment</actionDesc>
          <lastSummaryUpdateDate>2017-07-12T14:51:02Z</lastSummaryUpdateDate>
          <actionDate>2017-01-04</actionDate>
          <name>Passed House without amendment</name>
          <text><![CDATA[<p>(This measure has not been amended since it was introduced. The summary of that version has been expanded because action occurred on the measure.)</p> <p><STRONG>Thoroughly Investigating Retaliation Against Whistleblowers Act</STRONG></p> <p>(Sec. 2) This bill amends the Whistleblower Protection Act of 1989 to reauthorize through FY2021 the Office of Special Counsel (OSC), an independent federal investigative and prosecutorial agency led by an official appointed by the President to protect federal employees, former employees, and applicants for employment from prohibited personnel practices (i.e., employment-related activities that violate the merit system through discrimination, retaliation, improper hiring practices, or failure to adhere to employment law). </p> <p>(Sec. 3) The OSC shall have access to any record or other information of any agency under its jurisdiction. The Department of Justice (DOJ) or an inspector general may withhold access to information if the disclosure could interfere with an ongoing criminal investigation or prosecution, but only if DOJ or the applicable agency head submits a report to the OSC describing the records withheld and the reasons for the withholding.</p> <p>(Sec. 4) The bill: (1) extends from 15 to 45 days the period for the OSC to review a disclosure of violations of law, gross mismanagement, or other matters; (2) requires an agency to provide a detailed explanation of any failure to take action to address information about a violation of law transmitted to it by the OSC; and (3) requires an agency to report to the OSC within 180 days on agency action proposed to address a violation of law, whether such proposed action has been taken, and if not, why not.</p> <p>(Sec. 5) The OSC may terminate an investigation of a prohibited personnel practice if: (1) it involves an allegation that has been previously made by the same person, (2) the OSC does not have jurisdiction to investigate such allegation, or (3) the person should have known of the alleged prohibited personnel practice earlier than three years before the OSC received the allegation. </p> <p>(Sec. 6) The bill expands the OSC's annual reporting requirements to include: (1) the cost of allegations disposed of by the OSC; (2) the number of stays or disciplinary actions that the OSC negotiates with agencies; (3) the number of corrective action petitions and disciplinary action complaints initiated before, and stays obtained from, the Merit Systems Protection Board; and (4) the number of prohibited personnel practice complaints that result in a favorable action or outcome for the complainant.</p> <p>The OSC must include in its publicly disclosed list of noncriminal matters referred to agencies: (1) any comments from the complainant, provided that the availability to the public is appropriate, not prohibited by law, and is consented to by the complainant; and (2) the OSC's comments or recommendations.</p> <p>(Sec. 7) The OSC shall design and establish a pilot program in FY2018-FY2019 to survey individuals who have filed a complaint or disclosure with the OSC. The responses shall be used to improve customer service at various stages of the review or investigative process. </p> <p>(Sec. 8) Penalties for violations of Hatch Act prohibitions against engaging in political activities may include a combination of the disciplinary actions and the civil penalty prescribed under current law.</p> <p>(Sec. 9) The OSC must prescribe and publish in the Federal Register any regulations necessary for the OSC to perform functions required by amendments made by this bill.</p>]]></text>
        </item>
      </billSummaries>
    </summaries>
  </bill>
  <dublinCore xmlns:dc="http://purl.org/dc/elements/1.1/">
    <dc:format>text/xml</dc:format>
    <dc:language>EN</dc:language>
    <dc:rights>Pursuant to Title 17 Section 105 of the United States Code, this file is not subject to copyright protection and is in the public domain.</dc:rights>
    <dc:contributor>Congressional Research Service, Library of Congress</dc:contributor>
    <dc:description>This file contains bill summaries and statuses for federal legislation. A bill summary describes the most significant provisions of a piece of legislation and details the effects the legislative text may have on current law and federal programs. Bill summaries are authored by the Congressional Research Service (CRS) of the Library of Congress. As stated in Public Law 91-510 (2 USC 166 (d)(6)), one of the duties of CRS is "to prepare summaries and digests of bills and resolutions of a public general nature introduced in the Senate or House of Representatives". For more information, refer to the User Guide that accompanies this file.</dc:description>
  </dublinCore>
</billStatus>

