<?xml version="1.0" encoding="UTF-8"?>
<billStatus>
  <bill>
    <cosponsors>
      <item>
        <lastName>Rokita</lastName>
        <firstName>Todd</firstName>
        <sponsorshipWithdrawnDate />
        <isOriginalCosponsor>False</isOriginalCosponsor>
        <district>4</district>
        <party>R</party>
        <fullName>Rep. Rokita, Todd [R-IN-4]</fullName>
        <middleName />
        <state>IN</state>
        <bioguideId>R000592</bioguideId>
        <sponsorshipDate>2017-02-27</sponsorshipDate>
        <identifiers>
          <lisID>2017</lisID>
          <bioguideId>R000592</bioguideId>
          <gpoId>7943</gpoId>
        </identifiers>
      </item>
      <item>
        <lastName>Harper</lastName>
        <firstName>Gregg</firstName>
        <sponsorshipWithdrawnDate />
        <isOriginalCosponsor>False</isOriginalCosponsor>
        <district>3</district>
        <party>R</party>
        <fullName>Rep. Harper, Gregg [R-MS-3]</fullName>
        <middleName />
        <state>MS</state>
        <bioguideId>H001045</bioguideId>
        <sponsorshipDate>2017-02-27</sponsorshipDate>
        <identifiers>
          <gpoId>8021</gpoId>
          <bioguideId>H001045</bioguideId>
          <lisID>1933</lisID>
        </identifiers>
      </item>
    </cosponsors>
    <congress>115</congress>
    <committees>
      <billCommittees>
        <item>
          <chamber>House</chamber>
          <name>Energy and Commerce Committee</name>
          <systemCode>hsif00</systemCode>
          <activities>
            <item>
              <date>2017-01-27T19:01:00Z</date>
              <name>Referred to</name>
            </item>
          </activities>
          <type>Standing</type>
          <subcommittees>
            <item>
              <systemCode>hsif14</systemCode>
              <activities>
                <item>
                  <date>2017-02-03T15:51:32Z</date>
                  <name>Referred to</name>
                </item>
              </activities>
              <name>Health Subcommittee</name>
            </item>
          </subcommittees>
        </item>
      </billCommittees>
    </committees>
    <constitutionalAuthorityStatementText><![CDATA[<pre>From the Congressional Record Online through the Government Publishing Office [<a href='http://www.gpo.gov'>www.gpo.gov</a>]By Mr. BUCSHON:H.R. 708.Congress has the power to enact this legislation pursuantto the following:Article 1, Section 8, Clause 3 of the United StatesConstitution[Page H702]</pre>]]></constitutionalAuthorityStatementText>
    <laws />
    <titles>
      <item>
        <chamberName />
        <parentTitleType />
        <chamberCode />
        <titleType>(Extracted from GPO) Short Titles as Introduced</titleType>
        <title>State Age Rating Flexibility Act of 2017</title>
      </item>
      <item>
        <chamberName />
        <parentTitleType />
        <chamberCode />
        <titleType>Short Titles as Introduced</titleType>
        <title>State Age Rating Flexibility Act of 2017</title>
      </item>
      <item>
        <chamberName />
        <parentTitleType />
        <chamberCode />
        <titleType>Official Title as Introduced</titleType>
        <title>To amend title XXVII of the Public Health Service Act to change the permissible age variation in health insurance premium rates.</title>
      </item>
      <item>
        <chamberName />
        <parentTitleType />
        <chamberCode />
        <titleType>Display Title</titleType>
        <title>State Age Rating Flexibility Act of 2017</title>
      </item>
    </titles>
    <billType>HR</billType>
    <amendments />
    <recordedVotes />
    <actions>
      <item>
        <actionDate>2017-02-03</actionDate>
        <committee>
          <systemCode>hsif14</systemCode>
          <name>Health Subcommittee</name>
        </committee>
        <links />
        <sourceSystem>
          <name>House committee actions</name>
          <code>1</code>
        </sourceSystem>
        <text>Referred to the Subcommittee on Health.</text>
        <type>Committee</type>
      </item>
      <item>
        <sourceSystem>
          <name>House floor actions</name>
          <code>2</code>
        </sourceSystem>
        <actionDate>2017-01-27</actionDate>
        <links />
        <text>Referred to the House Committee on Energy and Commerce.</text>
        <committee>
          <systemCode>hsif00</systemCode>
          <name>Energy and Commerce Committee</name>
        </committee>
        <actionCode>H11100</actionCode>
        <type>IntroReferral</type>
      </item>
      <item>
        <sourceSystem>
          <name>Library of Congress</name>
          <code>9</code>
        </sourceSystem>
        <actionDate>2017-01-27</actionDate>
        <links />
        <text>Introduced in House</text>
        <committee />
        <actionCode>Intro-H</actionCode>
        <type>IntroReferral</type>
      </item>
      <item>
        <sourceSystem>
          <name>Library of Congress</name>
          <code>9</code>
        </sourceSystem>
        <actionDate>2017-01-27</actionDate>
        <links />
        <text>Introduced in House</text>
        <committee />
        <actionCode>1000</actionCode>
        <type>IntroReferral</type>
      </item>
      <actionByCounts>
        <houseOfRepresentatives>4</houseOfRepresentatives>
      </actionByCounts>
      <actionTypeCounts>
        <billReferrals>1</billReferrals>
        <introducedInTheHouse>1</introducedInTheHouse>
        <introducedInHouse>1</introducedInHouse>
        <placeholderTextForH>1</placeholderTextForH>
      </actionTypeCounts>
    </actions>
    <introducedDate>2017-01-27</introducedDate>
    <relatedBills>
      <item>
        <relationshipDetails>
          <item>
            <identifiedBy>CRS</identifiedBy>
            <type>Related bill</type>
          </item>
        </relationshipDetails>
        <latestAction>
          <actionDate>2017-07-28</actionDate>
          <text>Returned to the Calendar. Calendar No. 120.</text>
        </latestAction>
        <type>HR</type>
        <number>1628</number>
        <latestTitle>American Health Care Act of 2017</latestTitle>
        <congress>115</congress>
      </item>
    </relatedBills>
    <committeeReports />
    <calendarNumbers />
    <billNumber>708</billNumber>
    <summaries>
      <billSummaries>
        <item>
          <text><![CDATA[<p><b>State Age Rating Flexibility Act of 2017</b></p> <p>This bill amends the Public Health Service Act to increase the permissible variation based on age for health insurance premiums for coverage offered in the individual or small group market from a factor of three to a factor of five, or to a factor determined by the state. This applies to plan years starting on or after January 1, 2018.</p>]]></text>
          <name>Introduced in House</name>
          <lastSummaryUpdateDate>2017-02-07T19:29:32Z</lastSummaryUpdateDate>
          <versionCode>00</versionCode>
          <actionDesc>Introduced in House</actionDesc>
          <updateDate>2017-01-27T05:00:00Z</updateDate>
          <actionDate>2017-01-27</actionDate>
        </item>
      </billSummaries>
    </summaries>
    <cboCostEstimates />
    <updateDate>2018-02-06T16:41:07Z</updateDate>
    <policyArea>
      <name>Health</name>
    </policyArea>
    <latestAction>
      <text>Referred to the Subcommittee on Health.</text>
      <actionDate>2017-02-03</actionDate>
      <links />
    </latestAction>
    <version>1.0.0</version>
    <subjects>
      <billSubjects>
        <legislativeSubjects>
          <item>
            <name>Age discrimination</name>
          </item>
          <item>
            <name>Aging</name>
          </item>
          <item>
            <name>Health care costs and insurance</name>
          </item>
          <item>
            <name>Insurance industry and regulation</name>
          </item>
        </legislativeSubjects>
        <policyArea>
          <name>Health</name>
        </policyArea>
      </billSubjects>
    </subjects>
    <title>State Age Rating Flexibility Act of 2017</title>
    <originChamber>House</originChamber>
    <sponsors>
      <item>
        <byRequestType />
        <district>8</district>
        <party>R</party>
        <fullName>Rep. Bucshon, Larry [R-IN-8]</fullName>
        <lastName>Bucshon</lastName>
        <state>IN</state>
        <bioguideId>B001275</bioguideId>
        <middleName />
        <firstName>Larry</firstName>
        <identifiers>
          <bioguideId>B001275</bioguideId>
          <gpoId>7947</gpoId>
          <lisID>2018</lisID>
        </identifiers>
      </item>
    </sponsors>
    <notes />
    <createDate>2017-01-28T04:53:23Z</createDate>
  </bill>
  <dublinCore xmlns:dc="http://purl.org/dc/elements/1.1/">
    <dc:format>text/xml</dc:format>
    <dc:language>EN</dc:language>
    <dc:rights>Pursuant to Title 17 Section 105 of the United States Code, this file is not subject to copyright protection and is in the public domain.</dc:rights>
    <dc:contributor>Congressional Research Service, Library of Congress</dc:contributor>
    <dc:description>This file contains bill summaries and statuses for federal legislation. A bill summary describes the most significant provisions of a piece of legislation and details the effects the legislative text may have on current law and federal programs. Bill summaries are authored by the Congressional Research Service (CRS) of the Library of Congress. As stated in Public Law 91-510 (2 USC 166 (d)(6)), one of the duties of CRS is "to prepare summaries and digests of bills and resolutions of a public general nature introduced in the Senate or House of Representatives". For more information, refer to the User Guide that accompanies this file.</dc:description>
  </dublinCore>
</billStatus>

