<?xml version="1.0" encoding="UTF-8"?>
<billStatus>
  <bill>
    <titles>
      <item>
        <titleType>(Extracted from GPO) Short Titles as Introduced</titleType>
        <parentTitleType />
        <chamberName />
        <title>Congressional Intern Protection Act of 2017</title>
        <chamberCode />
      </item>
      <item>
        <titleType>Short Titles as Introduced</titleType>
        <parentTitleType />
        <chamberName />
        <title>Congressional Intern Protection Act of 2017</title>
        <chamberCode />
      </item>
      <item>
        <titleType>Official Title as Introduced</titleType>
        <parentTitleType />
        <chamberName />
        <title>To amend the Congressional Accountability Act of 1995 to protect unpaid interns in the legislative branch from workplace harassment and discrimination, and for other purposes.</title>
        <chamberCode />
      </item>
      <item>
        <titleType>Display Title</titleType>
        <parentTitleType />
        <chamberName />
        <title>Congressional Intern Protection Act of 2017</title>
        <chamberCode />
      </item>
    </titles>
    <committeeReports />
    <sponsors>
      <item>
        <firstName>ELIJAH</firstName>
        <middleName>E.</middleName>
        <identifiers>
          <lisID>256</lisID>
          <bioguideId>C000984</bioguideId>
          <gpoId>7982</gpoId>
        </identifiers>
        <party>D</party>
        <bioguideId>C000984</bioguideId>
        <lastName>CUMMINGS</lastName>
        <fullName>Rep. Cummings, Elijah E. [D-MD-7]</fullName>
        <byRequestType />
        <district>7</district>
        <state>MD</state>
      </item>
    </sponsors>
    <title>Congressional Intern Protection Act of 2017</title>
    <actions>
      <actionByCounts>
        <houseOfRepresentatives>3</houseOfRepresentatives>
      </actionByCounts>
      <actionTypeCounts>
        <introducedInTheHouse>1</introducedInTheHouse>
        <billReferrals>1</billReferrals>
        <introducedInHouse>1</introducedInHouse>
      </actionTypeCounts>
      <item>
        <sourceSystem>
          <name>House floor actions</name>
          <code>2</code>
        </sourceSystem>
        <actionDate>2017-01-24</actionDate>
        <text>Referred to the House Committee on House Administration.</text>
        <type>IntroReferral</type>
        <links />
        <committee>
          <systemCode>hsha00</systemCode>
          <name>House Administration Committee</name>
        </committee>
        <actionCode>H11100</actionCode>
      </item>
      <item>
        <sourceSystem>
          <name>Library of Congress</name>
          <code>9</code>
        </sourceSystem>
        <actionDate>2017-01-24</actionDate>
        <text>Introduced in House</text>
        <type>IntroReferral</type>
        <links />
        <committee />
        <actionCode>Intro-H</actionCode>
      </item>
      <item>
        <sourceSystem>
          <name>Library of Congress</name>
          <code>9</code>
        </sourceSystem>
        <actionDate>2017-01-24</actionDate>
        <text>Introduced in House</text>
        <type>IntroReferral</type>
        <links />
        <committee />
        <actionCode>1000</actionCode>
      </item>
    </actions>
    <summaries>
      <billSummaries>
        <item>
          <lastSummaryUpdateDate>2017-03-01T20:39:23Z</lastSummaryUpdateDate>
          <updateDate>2017-01-24T05:00:00Z</updateDate>
          <versionCode>00</versionCode>
          <text><![CDATA[<p><b>Congressional Intern Protection Act of 2017</b></p> <p>This bill amends the Congressional Accountability Act of 1995 to extend its rights and protections from workplace harassment and discrimination to current or former interns, or applicants for internships in the legislative branch, who perform uncompensated voluntary service for an employing office to earn credit awarded by an educational institution or to learn a trade or occupation.</p>]]></text>
          <name>Introduced in House</name>
          <actionDesc>Introduced in House</actionDesc>
          <actionDate>2017-01-24</actionDate>
        </item>
      </billSummaries>
    </summaries>
    <constitutionalAuthorityStatementText><![CDATA[<pre>From the Congressional Record Online through the Government Publishing Office [<a href='http://www.gpo.gov'>www.gpo.gov</a>]By Mr. CUMMINGS:H.R. 652.Congress has the power to enact this legislation pursuantto the following:Article 1, Section 8, Clause 18 [Page H5590][Page H688]</pre>]]></constitutionalAuthorityStatementText>
    <billNumber>652</billNumber>
    <calendarNumbers />
    <originChamber>House</originChamber>
    <version>1.0.0</version>
    <subjects>
      <billSubjects>
        <policyArea>
          <name>Congress</name>
        </policyArea>
        <legislativeSubjects>
          <item>
            <name>Congressional officers and employees</name>
          </item>
          <item>
            <name>Employment discrimination and employee rights</name>
          </item>
          <item>
            <name>Higher education</name>
          </item>
          <item>
            <name>Temporary and part-time employment</name>
          </item>
          <item>
            <name>Vocational and technical education</name>
          </item>
        </legislativeSubjects>
      </billSubjects>
    </subjects>
    <cosponsors>
      <item>
        <lastName>Meng</lastName>
        <firstName>Grace</firstName>
        <sponsorshipWithdrawnDate />
        <isOriginalCosponsor>True</isOriginalCosponsor>
        <district>6</district>
        <party>D</party>
        <fullName>Rep. Meng, Grace [D-NY-6]</fullName>
        <middleName />
        <state>NY</state>
        <bioguideId>M001188</bioguideId>
        <sponsorshipDate>2017-01-24</sponsorshipDate>
        <identifiers>
          <lisID>2148</lisID>
          <bioguideId>M001188</bioguideId>
          <gpoId />
        </identifiers>
      </item>
      <item>
        <lastName>Scott</lastName>
        <firstName>Robert</firstName>
        <sponsorshipWithdrawnDate />
        <isOriginalCosponsor>True</isOriginalCosponsor>
        <district>3</district>
        <party>D</party>
        <fullName>Rep. Scott, Robert C. "Bobby" [D-VA-3]</fullName>
        <middleName>C. "Bobby"</middleName>
        <state>VA</state>
        <bioguideId>S000185</bioguideId>
        <sponsorshipDate>2017-01-24</sponsorshipDate>
        <identifiers>
          <lisID>1037</lisID>
          <gpoId>8194</gpoId>
          <bioguideId>S000185</bioguideId>
        </identifiers>
      </item>
      <item>
        <lastName>NORTON</lastName>
        <firstName>ELEANOR</firstName>
        <sponsorshipWithdrawnDate />
        <isOriginalCosponsor>True</isOriginalCosponsor>
        <district>0</district>
        <party>D</party>
        <fullName>Rep. Norton, Eleanor Holmes [D-DC-At Large]</fullName>
        <middleName>HOLMES</middleName>
        <state>DC</state>
        <bioguideId>N000147</bioguideId>
        <sponsorshipDate>2017-01-24</sponsorshipDate>
        <identifiers>
          <bioguideId>N000147</bioguideId>
          <lisID>868</lisID>
          <gpoId>7871</gpoId>
        </identifiers>
      </item>
    </cosponsors>
    <latestAction>
      <text>Referred to the House Committee on House Administration.</text>
      <links />
      <actionDate>2017-01-24</actionDate>
    </latestAction>
    <laws />
    <notes />
    <createDate>2017-01-25T04:45:55Z</createDate>
    <billType>HR</billType>
    <updateDate>2018-02-06T16:41:03Z</updateDate>
    <relatedBills />
    <cboCostEstimates />
    <introducedDate>2017-01-24</introducedDate>
    <amendments />
    <policyArea>
      <name>Congress</name>
    </policyArea>
    <recordedVotes />
    <congress>115</congress>
    <committees>
      <billCommittees>
        <item>
          <chamber>House</chamber>
          <subcommittees />
          <type>Standing</type>
          <activities>
            <item>
              <date>2017-01-24T15:10:25Z</date>
              <name>Referred to</name>
            </item>
          </activities>
          <systemCode>hsha00</systemCode>
          <name>House Administration Committee</name>
        </item>
      </billCommittees>
    </committees>
  </bill>
  <dublinCore xmlns:dc="http://purl.org/dc/elements/1.1/">
    <dc:format>text/xml</dc:format>
    <dc:language>EN</dc:language>
    <dc:rights>Pursuant to Title 17 Section 105 of the United States Code, this file is not subject to copyright protection and is in the public domain.</dc:rights>
    <dc:contributor>Congressional Research Service, Library of Congress</dc:contributor>
    <dc:description>This file contains bill summaries and statuses for federal legislation. A bill summary describes the most significant provisions of a piece of legislation and details the effects the legislative text may have on current law and federal programs. Bill summaries are authored by the Congressional Research Service (CRS) of the Library of Congress. As stated in Public Law 91-510 (2 USC 166 (d)(6)), one of the duties of CRS is "to prepare summaries and digests of bills and resolutions of a public general nature introduced in the Senate or House of Representatives". For more information, refer to the User Guide that accompanies this file.</dc:description>
  </dublinCore>
</billStatus>

