<?xml version="1.0" encoding="UTF-8"?>
<billStatus>
  <bill>
    <cosponsors>
      <item>
        <identifiers>
          <lisID>1970</lisID>
          <bioguideId>C001080</bioguideId>
          <gpoId>7837</gpoId>
        </identifiers>
        <sponsorshipDate>2017-01-10</sponsorshipDate>
        <district>27</district>
        <middleName />
        <sponsorshipWithdrawnDate />
        <fullName>Rep. Chu, Judy [D-CA-27]</fullName>
        <party>D</party>
        <firstName>Judy</firstName>
        <isOriginalCosponsor>True</isOriginalCosponsor>
        <lastName>Chu</lastName>
        <state>CA</state>
        <bioguideId>C001080</bioguideId>
      </item>
      <item>
        <identifiers>
          <bioguideId>S000244</bioguideId>
          <gpoId>8218</gpoId>
          <lisID>1041</lisID>
        </identifiers>
        <sponsorshipDate>2017-01-10</sponsorshipDate>
        <district>5</district>
        <middleName>JAMES</middleName>
        <sponsorshipWithdrawnDate />
        <fullName>Rep. Sensenbrenner, F. James, Jr. [R-WI-5]</fullName>
        <party>R</party>
        <firstName>F.</firstName>
        <isOriginalCosponsor>True</isOriginalCosponsor>
        <lastName>SENSENBRENNER</lastName>
        <state>WI</state>
        <bioguideId>S000244</bioguideId>
      </item>
      <item>
        <identifiers>
          <bioguideId>J000032</bioguideId>
          <gpoId>8174</gpoId>
          <lisID>588</lisID>
        </identifiers>
        <sponsorshipDate>2017-01-10</sponsorshipDate>
        <district>18</district>
        <middleName />
        <sponsorshipWithdrawnDate />
        <fullName>Rep. Jackson Lee, Sheila [D-TX-18]</fullName>
        <party>D</party>
        <firstName>SHEILA</firstName>
        <isOriginalCosponsor>True</isOriginalCosponsor>
        <lastName>JACKSON LEE</lastName>
        <state>TX</state>
        <bioguideId>J000032</bioguideId>
      </item>
      <item>
        <identifiers>
          <lisID>612</lisID>
          <bioguideId>J000255</bioguideId>
          <gpoId>8026</gpoId>
        </identifiers>
        <sponsorshipDate>2017-01-23</sponsorshipDate>
        <district>3</district>
        <middleName>B.</middleName>
        <sponsorshipWithdrawnDate />
        <fullName>Rep. Jones, Walter B., Jr. [R-NC-3]</fullName>
        <party>R</party>
        <firstName>WALTER</firstName>
        <isOriginalCosponsor>False</isOriginalCosponsor>
        <lastName>JONES</lastName>
        <state>NC</state>
        <bioguideId>J000255</bioguideId>
      </item>
      <item>
        <identifiers>
          <bioguideId>D000625</bioguideId>
          <lisID>2293</lisID>
          <gpoId />
        </identifiers>
        <sponsorshipDate>2017-01-31</sponsorshipDate>
        <district>11</district>
        <middleName>M.</middleName>
        <sponsorshipWithdrawnDate />
        <fullName>Rep. Donovan, Daniel M., Jr. [R-NY-11]</fullName>
        <party>R</party>
        <firstName>Daniel</firstName>
        <isOriginalCosponsor>False</isOriginalCosponsor>
        <lastName>Donovan</lastName>
        <state>NY</state>
        <bioguideId>D000625</bioguideId>
      </item>
      <item>
        <identifiers>
          <bioguideId>F000466</bioguideId>
          <lisID>2345</lisID>
          <gpoId />
        </identifiers>
        <sponsorshipDate>2017-03-09</sponsorshipDate>
        <district>8</district>
        <middleName>K.</middleName>
        <sponsorshipWithdrawnDate />
        <fullName>Rep. Fitzpatrick, Brian K. [R-PA-8]</fullName>
        <party>R</party>
        <firstName>Brian</firstName>
        <isOriginalCosponsor>False</isOriginalCosponsor>
        <lastName>Fitzpatrick</lastName>
        <state>PA</state>
        <bioguideId>F000466</bioguideId>
      </item>
      <item>
        <identifiers>
          <gpoId />
          <lisID>2337</lisID>
          <bioguideId>B001298</bioguideId>
        </identifiers>
        <sponsorshipDate>2017-03-09</sponsorshipDate>
        <district>2</district>
        <middleName />
        <sponsorshipWithdrawnDate />
        <fullName>Rep. Bacon, Don [R-NE-2]</fullName>
        <party>R</party>
        <firstName>Don</firstName>
        <isOriginalCosponsor>False</isOriginalCosponsor>
        <lastName>Bacon</lastName>
        <state>NE</state>
        <bioguideId>B001298</bioguideId>
      </item>
      <item>
        <identifiers>
          <lisID>701</lisID>
          <gpoId>7821</gpoId>
          <bioguideId>L000397</bioguideId>
        </identifiers>
        <sponsorshipDate>2017-03-09</sponsorshipDate>
        <district>19</district>
        <middleName />
        <sponsorshipWithdrawnDate />
        <fullName>Rep. Lofgren, Zoe [D-CA-19]</fullName>
        <party>D</party>
        <firstName>ZOE</firstName>
        <isOriginalCosponsor>False</isOriginalCosponsor>
        <lastName>LOFGREN</lastName>
        <state>CA</state>
        <bioguideId>L000397</bioguideId>
      </item>
      <item>
        <identifiers>
          <gpoId>7528</gpoId>
          <bioguideId>S001170</bioguideId>
          <lisID>1861</lisID>
        </identifiers>
        <sponsorshipDate>2017-03-09</sponsorshipDate>
        <district>1</district>
        <middleName />
        <sponsorshipWithdrawnDate />
        <fullName>Rep. Shea-Porter, Carol [D-NH-1]</fullName>
        <party>D</party>
        <firstName>Carol</firstName>
        <isOriginalCosponsor>False</isOriginalCosponsor>
        <lastName>Shea-Porter</lastName>
        <state>NH</state>
        <bioguideId>S001170</bioguideId>
      </item>
      <item>
        <identifiers>
          <bioguideId>L000582</bioguideId>
          <lisID>2230</lisID>
          <gpoId />
        </identifiers>
        <sponsorshipDate>2017-03-09</sponsorshipDate>
        <district>33</district>
        <middleName />
        <sponsorshipWithdrawnDate />
        <fullName>Rep. Lieu, Ted [D-CA-33]</fullName>
        <party>D</party>
        <firstName>Ted</firstName>
        <isOriginalCosponsor>False</isOriginalCosponsor>
        <lastName>Lieu</lastName>
        <state>CA</state>
        <bioguideId>L000582</bioguideId>
      </item>
      <item>
        <identifiers>
          <lisID>1976</lisID>
          <gpoId>7891</gpoId>
          <bioguideId>D000610</bioguideId>
        </identifiers>
        <sponsorshipDate>2017-03-09</sponsorshipDate>
        <district>22</district>
        <middleName>E.</middleName>
        <sponsorshipWithdrawnDate />
        <fullName>Rep. Deutch, Theodore E. [D-FL-22]</fullName>
        <party>D</party>
        <firstName>Theodore</firstName>
        <isOriginalCosponsor>False</isOriginalCosponsor>
        <lastName>Deutch</lastName>
        <state>FL</state>
        <bioguideId>D000610</bioguideId>
      </item>
      <item>
        <identifiers>
          <bioguideId>D000604</bioguideId>
          <gpoId>8133</gpoId>
          <lisID>1799</lisID>
        </identifiers>
        <sponsorshipDate>2017-03-09</sponsorshipDate>
        <district>15</district>
        <middleName>W.</middleName>
        <sponsorshipWithdrawnDate />
        <fullName>Rep. Dent, Charles W. [R-PA-15]</fullName>
        <party>R</party>
        <firstName>Charles</firstName>
        <isOriginalCosponsor>False</isOriginalCosponsor>
        <lastName>Dent</lastName>
        <state>PA</state>
        <bioguideId>D000604</bioguideId>
      </item>
      <item>
        <identifiers>
          <lisID>635</lisID>
          <bioguideId>K000210</bioguideId>
          <gpoId>8064</gpoId>
        </identifiers>
        <sponsorshipDate>2017-03-09</sponsorshipDate>
        <district>2</district>
        <middleName>T.</middleName>
        <sponsorshipWithdrawnDate />
        <fullName>Rep. King, Peter T. [R-NY-2]</fullName>
        <party>R</party>
        <firstName>PETER</firstName>
        <isOriginalCosponsor>False</isOriginalCosponsor>
        <lastName>KING</lastName>
        <state>NY</state>
        <bioguideId>K000210</bioguideId>
      </item>
      <item>
        <identifiers>
          <lisID>2341</lisID>
          <gpoId />
          <bioguideId>S001201</bioguideId>
        </identifiers>
        <sponsorshipDate>2017-03-09</sponsorshipDate>
        <district>3</district>
        <middleName>R.</middleName>
        <sponsorshipWithdrawnDate />
        <fullName>Rep. Suozzi, Thomas R. [D-NY-3]</fullName>
        <party>D</party>
        <firstName>Thomas</firstName>
        <isOriginalCosponsor>False</isOriginalCosponsor>
        <lastName>Suozzi</lastName>
        <state>NY</state>
        <bioguideId>S001201</bioguideId>
      </item>
      <item>
        <identifiers>
          <lisID>2153</lisID>
          <bioguideId>B001281</bioguideId>
          <gpoId />
        </identifiers>
        <sponsorshipDate>2017-05-22</sponsorshipDate>
        <district>3</district>
        <middleName />
        <sponsorshipWithdrawnDate />
        <fullName>Rep. Beatty, Joyce [D-OH-3]</fullName>
        <party>D</party>
        <firstName>Joyce</firstName>
        <isOriginalCosponsor>False</isOriginalCosponsor>
        <lastName>Beatty</lastName>
        <state>OH</state>
        <bioguideId>B001281</bioguideId>
      </item>
      <item>
        <identifiers>
          <bioguideId>B001296</bioguideId>
          <gpoId />
          <lisID>2267</lisID>
        </identifiers>
        <sponsorshipDate>2017-05-22</sponsorshipDate>
        <district>13</district>
        <middleName>F.</middleName>
        <sponsorshipWithdrawnDate />
        <fullName>Rep. Boyle, Brendan F. [D-PA-13]</fullName>
        <party>D</party>
        <firstName>Brendan</firstName>
        <isOriginalCosponsor>False</isOriginalCosponsor>
        <lastName>Boyle</lastName>
        <state>PA</state>
        <bioguideId>B001296</bioguideId>
      </item>
      <item>
        <identifiers>
          <gpoId />
          <bioguideId>T000478</bioguideId>
          <lisID>2344</lisID>
        </identifiers>
        <sponsorshipDate>2017-06-06</sponsorshipDate>
        <district>22</district>
        <middleName />
        <sponsorshipWithdrawnDate />
        <fullName>Rep. Tenney, Claudia [R-NY-22]</fullName>
        <party>R</party>
        <firstName>Claudia</firstName>
        <isOriginalCosponsor>False</isOriginalCosponsor>
        <lastName>Tenney</lastName>
        <state>NY</state>
        <bioguideId>T000478</bioguideId>
      </item>
      <item>
        <identifiers>
          <bioguideId>M001197</bioguideId>
          <lisID>2225</lisID>
          <gpoId />
        </identifiers>
        <sponsorshipDate>2017-06-06</sponsorshipDate>
        <district>2</district>
        <middleName />
        <sponsorshipWithdrawnDate />
        <fullName>Rep. McSally, Martha [R-AZ-2]</fullName>
        <party>R</party>
        <firstName>Martha</firstName>
        <isOriginalCosponsor>False</isOriginalCosponsor>
        <lastName>McSally</lastName>
        <state>AZ</state>
        <bioguideId>M001197</bioguideId>
      </item>
      <item>
        <identifiers>
          <gpoId>8128</gpoId>
          <lisID>2053</lisID>
          <bioguideId>M001179</bioguideId>
        </identifiers>
        <sponsorshipDate>2017-06-08</sponsorshipDate>
        <district>10</district>
        <middleName />
        <sponsorshipWithdrawnDate />
        <fullName>Rep. Marino, Tom [R-PA-10]</fullName>
        <party>R</party>
        <firstName>Tom</firstName>
        <isOriginalCosponsor>False</isOriginalCosponsor>
        <lastName>Marino</lastName>
        <state>PA</state>
        <bioguideId>M001179</bioguideId>
      </item>
      <item>
        <identifiers>
          <lisID>2104</lisID>
          <bioguideId>S001193</bioguideId>
          <gpoId />
        </identifiers>
        <sponsorshipDate>2017-06-08</sponsorshipDate>
        <district>15</district>
        <middleName />
        <sponsorshipWithdrawnDate />
        <fullName>Rep. Swalwell, Eric [D-CA-15]</fullName>
        <party>D</party>
        <firstName>Eric</firstName>
        <isOriginalCosponsor>False</isOriginalCosponsor>
        <lastName>Swalwell</lastName>
        <state>CA</state>
        <bioguideId>S001193</bioguideId>
      </item>
      <item>
        <identifiers>
          <gpoId>7901</gpoId>
          <bioguideId>J000288</bioguideId>
          <lisID>1843</lisID>
        </identifiers>
        <sponsorshipDate>2017-06-08</sponsorshipDate>
        <district>4</district>
        <middleName>C. "Hank"</middleName>
        <sponsorshipWithdrawnDate />
        <fullName>Rep. Johnson, Henry C. "Hank," Jr. [D-GA-4]</fullName>
        <party>D</party>
        <firstName>Henry</firstName>
        <isOriginalCosponsor>False</isOriginalCosponsor>
        <lastName>Johnson</lastName>
        <state>GA</state>
        <bioguideId>J000288</bioguideId>
      </item>
      <item>
        <identifiers>
          <bioguideId>M001181</bioguideId>
          <lisID>2052</lisID>
          <gpoId>8125</gpoId>
        </identifiers>
        <sponsorshipDate>2017-06-08</sponsorshipDate>
        <district>7</district>
        <middleName />
        <sponsorshipWithdrawnDate />
        <fullName>Rep. Meehan, Patrick [R-PA-7]</fullName>
        <party>R</party>
        <firstName>Patrick</firstName>
        <isOriginalCosponsor>False</isOriginalCosponsor>
        <lastName>Meehan</lastName>
        <state>PA</state>
        <bioguideId>M001181</bioguideId>
      </item>
      <item>
        <identifiers>
          <gpoId>8044</gpoId>
          <bioguideId>L000554</bioguideId>
          <lisID>699</lisID>
        </identifiers>
        <sponsorshipDate>2017-06-08</sponsorshipDate>
        <district>2</district>
        <middleName>A.</middleName>
        <sponsorshipWithdrawnDate />
        <fullName>Rep. LoBiondo, Frank A. [R-NJ-2]</fullName>
        <party>R</party>
        <firstName>FRANK</firstName>
        <isOriginalCosponsor>False</isOriginalCosponsor>
        <lastName>LOBIONDO</lastName>
        <state>NJ</state>
        <bioguideId>L000554</bioguideId>
      </item>
      <item>
        <identifiers>
          <lisID>99</lisID>
          <bioguideId>B000574</bioguideId>
          <gpoId>8116</gpoId>
        </identifiers>
        <sponsorshipDate>2017-06-08</sponsorshipDate>
        <district>3</district>
        <middleName />
        <sponsorshipWithdrawnDate />
        <fullName>Rep. Blumenauer, Earl [D-OR-3]</fullName>
        <party>D</party>
        <firstName>EARL</firstName>
        <isOriginalCosponsor>False</isOriginalCosponsor>
        <lastName>BLUMENAUER</lastName>
        <state>OR</state>
        <bioguideId>B000574</bioguideId>
      </item>
      <item>
        <identifiers>
          <bioguideId>C001068</bioguideId>
          <gpoId>8156</gpoId>
          <lisID>1878</lisID>
        </identifiers>
        <sponsorshipDate>2017-06-08</sponsorshipDate>
        <district>9</district>
        <middleName />
        <sponsorshipWithdrawnDate />
        <fullName>Rep. Cohen, Steve [D-TN-9]</fullName>
        <party>D</party>
        <firstName>Steve</firstName>
        <isOriginalCosponsor>False</isOriginalCosponsor>
        <lastName>Cohen</lastName>
        <state>TN</state>
        <bioguideId>C001068</bioguideId>
      </item>
      <item>
        <identifiers>
          <gpoId>8183</gpoId>
          <lisID>2067</lisID>
          <bioguideId>F000460</bioguideId>
        </identifiers>
        <sponsorshipDate>2017-06-15</sponsorshipDate>
        <district>27</district>
        <middleName />
        <sponsorshipWithdrawnDate />
        <fullName>Rep. Farenthold, Blake [R-TX-27]</fullName>
        <party>R</party>
        <firstName>Blake</firstName>
        <isOriginalCosponsor>False</isOriginalCosponsor>
        <lastName>Farenthold</lastName>
        <state>TX</state>
        <bioguideId>F000460</bioguideId>
      </item>
      <item>
        <identifiers>
          <lisID>2151</lisID>
          <gpoId />
          <bioguideId>C001092</bioguideId>
        </identifiers>
        <sponsorshipDate>2017-06-15</sponsorshipDate>
        <district>27</district>
        <middleName />
        <sponsorshipWithdrawnDate />
        <fullName>Rep. Collins, Chris [R-NY-27]</fullName>
        <party>R</party>
        <firstName>Chris</firstName>
        <isOriginalCosponsor>False</isOriginalCosponsor>
        <lastName>Collins</lastName>
        <state>NY</state>
        <bioguideId>C001092</bioguideId>
      </item>
      <item>
        <identifiers>
          <lisID>2107</lisID>
          <bioguideId>C001097</bioguideId>
          <gpoId />
        </identifiers>
        <sponsorshipDate>2017-06-15</sponsorshipDate>
        <district>29</district>
        <middleName />
        <sponsorshipWithdrawnDate />
        <fullName>Rep. Cardenas, Tony [D-CA-29]</fullName>
        <party>D</party>
        <firstName>Tony</firstName>
        <isOriginalCosponsor>False</isOriginalCosponsor>
        <lastName>Cardenas</lastName>
        <state>CA</state>
        <bioguideId>C001097</bioguideId>
      </item>
      <item>
        <identifiers>
          <bioguideId>K000390</bioguideId>
          <lisID>2340</lisID>
          <gpoId />
        </identifiers>
        <sponsorshipDate>2017-06-15</sponsorshipDate>
        <district>4</district>
        <middleName>J.</middleName>
        <sponsorshipWithdrawnDate />
        <fullName>Rep. Kihuen, Ruben J. [D-NV-4]</fullName>
        <party>D</party>
        <firstName>Ruben</firstName>
        <isOriginalCosponsor>False</isOriginalCosponsor>
        <lastName>Kihuen</lastName>
        <state>NV</state>
        <bioguideId>K000390</bioguideId>
      </item>
      <item>
        <identifiers>
          <lisID>1501</lisID>
          <gpoId>7814</gpoId>
          <bioguideId>L000551</bioguideId>
        </identifiers>
        <sponsorshipDate>2017-06-15</sponsorshipDate>
        <district>13</district>
        <middleName />
        <sponsorshipWithdrawnDate />
        <fullName>Rep. Lee, Barbara [D-CA-13]</fullName>
        <party>D</party>
        <firstName>BARBARA</firstName>
        <isOriginalCosponsor>False</isOriginalCosponsor>
        <lastName>LEE</lastName>
        <state>CA</state>
        <bioguideId>L000551</bioguideId>
      </item>
      <item>
        <identifiers>
          <lisID>2115</lisID>
          <gpoId />
          <bioguideId>Y000065</bioguideId>
        </identifiers>
        <sponsorshipDate>2017-06-15</sponsorshipDate>
        <district>3</district>
        <middleName>S.</middleName>
        <sponsorshipWithdrawnDate />
        <fullName>Rep. Yoho, Ted S. [R-FL-3]</fullName>
        <party>R</party>
        <firstName>Ted</firstName>
        <isOriginalCosponsor>False</isOriginalCosponsor>
        <lastName>Yoho</lastName>
        <state>FL</state>
        <bioguideId>Y000065</bioguideId>
      </item>
      <item>
        <identifiers>
          <bioguideId>P000607</bioguideId>
          <lisID>2171</lisID>
          <gpoId />
        </identifiers>
        <sponsorshipDate>2017-06-15</sponsorshipDate>
        <district>2</district>
        <middleName />
        <sponsorshipWithdrawnDate />
        <fullName>Rep. Pocan, Mark [D-WI-2]</fullName>
        <party>D</party>
        <firstName>Mark</firstName>
        <isOriginalCosponsor>False</isOriginalCosponsor>
        <lastName>Pocan</lastName>
        <state>WI</state>
        <bioguideId>P000607</bioguideId>
      </item>
      <item>
        <identifiers>
          <gpoId />
          <bioguideId>P000611</bioguideId>
          <lisID>2247</lisID>
        </identifiers>
        <sponsorshipDate>2017-06-20</sponsorshipDate>
        <district>2</district>
        <middleName />
        <sponsorshipWithdrawnDate />
        <fullName>Rep. Poliquin, Bruce [R-ME-2]</fullName>
        <party>R</party>
        <firstName>Bruce</firstName>
        <isOriginalCosponsor>False</isOriginalCosponsor>
        <lastName>Poliquin</lastName>
        <state>ME</state>
        <bioguideId>P000611</bioguideId>
      </item>
      <item>
        <identifiers>
          <lisID>1804</lisID>
          <bioguideId>M001157</bioguideId>
          <gpoId>8166</gpoId>
        </identifiers>
        <sponsorshipDate>2017-06-20</sponsorshipDate>
        <district>10</district>
        <middleName>T.</middleName>
        <sponsorshipWithdrawnDate />
        <fullName>Rep. McCaul, Michael T. [R-TX-10]</fullName>
        <party>R</party>
        <firstName>Michael</firstName>
        <isOriginalCosponsor>False</isOriginalCosponsor>
        <lastName>McCaul</lastName>
        <state>TX</state>
        <bioguideId>M001157</bioguideId>
      </item>
      <item>
        <identifiers>
          <gpoId />
          <lisID>2149</lisID>
          <bioguideId>J000294</bioguideId>
        </identifiers>
        <sponsorshipDate>2017-06-20</sponsorshipDate>
        <district>8</district>
        <middleName>S.</middleName>
        <sponsorshipWithdrawnDate />
        <fullName>Rep. Jeffries, Hakeem S. [D-NY-8]</fullName>
        <party>D</party>
        <firstName>Hakeem</firstName>
        <isOriginalCosponsor>False</isOriginalCosponsor>
        <lastName>Jeffries</lastName>
        <state>NY</state>
        <bioguideId>J000294</bioguideId>
      </item>
      <item>
        <identifiers>
          <lisID>1967</lisID>
          <bioguideId>Q000023</bioguideId>
          <gpoId>7925</gpoId>
        </identifiers>
        <sponsorshipDate>2017-06-20</sponsorshipDate>
        <district>5</district>
        <middleName />
        <sponsorshipWithdrawnDate />
        <fullName>Rep. Quigley, Mike [D-IL-5]</fullName>
        <party>D</party>
        <firstName>Mike</firstName>
        <isOriginalCosponsor>False</isOriginalCosponsor>
        <lastName>Quigley</lastName>
        <state>IL</state>
        <bioguideId>Q000023</bioguideId>
      </item>
      <item>
        <identifiers>
          <lisID>1741</lisID>
          <bioguideId>T000463</bioguideId>
          <gpoId>8093</gpoId>
        </identifiers>
        <sponsorshipDate>2017-06-20</sponsorshipDate>
        <district>10</district>
        <middleName>R.</middleName>
        <sponsorshipWithdrawnDate />
        <fullName>Rep. Turner, Michael R. [R-OH-10]</fullName>
        <party>R</party>
        <firstName>Michael</firstName>
        <isOriginalCosponsor>False</isOriginalCosponsor>
        <lastName>Turner</lastName>
        <state>OH</state>
        <bioguideId>T000463</bioguideId>
      </item>
      <item>
        <identifiers>
          <lisID>2196</lisID>
          <gpoId />
          <bioguideId>C001101</bioguideId>
        </identifiers>
        <sponsorshipDate>2017-06-20</sponsorshipDate>
        <district>5</district>
        <middleName>M.</middleName>
        <sponsorshipWithdrawnDate />
        <fullName>Rep. Clark, Katherine M. [D-MA-5]</fullName>
        <party>D</party>
        <firstName>Katherine</firstName>
        <isOriginalCosponsor>False</isOriginalCosponsor>
        <lastName>Clark</lastName>
        <state>MA</state>
        <bioguideId>C001101</bioguideId>
      </item>
      <item>
        <identifiers>
          <lisID>2266</lisID>
          <gpoId />
          <bioguideId>C001106</bioguideId>
        </identifiers>
        <sponsorshipDate>2017-07-11</sponsorshipDate>
        <district>6</district>
        <middleName>A.</middleName>
        <sponsorshipWithdrawnDate />
        <fullName>Rep. Costello, Ryan A. [R-PA-6]</fullName>
        <party>R</party>
        <firstName>Ryan</firstName>
        <isOriginalCosponsor>False</isOriginalCosponsor>
        <lastName>Costello</lastName>
        <state>PA</state>
        <bioguideId>C001106</bioguideId>
      </item>
      <item>
        <identifiers>
          <lisID>2343</lisID>
          <gpoId />
          <bioguideId>F000464</bioguideId>
        </identifiers>
        <sponsorshipDate>2017-07-11</sponsorshipDate>
        <district>19</district>
        <middleName>J.</middleName>
        <sponsorshipWithdrawnDate />
        <fullName>Rep. Faso, John J. [R-NY-19]</fullName>
        <party>R</party>
        <firstName>John</firstName>
        <isOriginalCosponsor>False</isOriginalCosponsor>
        <lastName>Faso</lastName>
        <state>NY</state>
        <bioguideId>F000464</bioguideId>
      </item>
      <item>
        <identifiers>
          <bioguideId>S001199</bioguideId>
          <gpoId />
          <lisID>2346</lisID>
        </identifiers>
        <sponsorshipDate>2017-07-11</sponsorshipDate>
        <district>16</district>
        <middleName />
        <sponsorshipWithdrawnDate />
        <fullName>Rep. Smucker, Lloyd [R-PA-16]</fullName>
        <party>R</party>
        <firstName>Lloyd</firstName>
        <isOriginalCosponsor>False</isOriginalCosponsor>
        <lastName>Smucker</lastName>
        <state>PA</state>
        <bioguideId>S001199</bioguideId>
      </item>
      <item>
        <identifiers>
          <lisID>2314</lisID>
          <gpoId />
          <bioguideId>G000578</bioguideId>
        </identifiers>
        <sponsorshipDate>2017-07-11</sponsorshipDate>
        <district>1</district>
        <middleName />
        <sponsorshipWithdrawnDate />
        <fullName>Rep. Gaetz, Matt [R-FL-1]</fullName>
        <party>R</party>
        <firstName>Matt</firstName>
        <isOriginalCosponsor>False</isOriginalCosponsor>
        <lastName>Gaetz</lastName>
        <state>FL</state>
        <bioguideId>G000578</bioguideId>
      </item>
      <item>
        <identifiers>
          <bioguideId>B001290</bioguideId>
          <lisID>2203</lisID>
          <gpoId />
        </identifiers>
        <sponsorshipDate>2017-07-11</sponsorshipDate>
        <district>7</district>
        <middleName />
        <sponsorshipWithdrawnDate />
        <fullName>Rep. Brat, Dave [R-VA-7]</fullName>
        <party>R</party>
        <firstName>Dave</firstName>
        <isOriginalCosponsor>False</isOriginalCosponsor>
        <lastName>Brat</lastName>
        <state>VA</state>
        <bioguideId>B001290</bioguideId>
      </item>
      <item>
        <identifiers>
          <bioguideId>R000487</bioguideId>
          <gpoId>7845</gpoId>
          <lisID>998</lisID>
        </identifiers>
        <sponsorshipDate>2017-07-11</sponsorshipDate>
        <district>39</district>
        <middleName />
        <sponsorshipWithdrawnDate />
        <fullName>Rep. Royce, Edward R. [R-CA-39]</fullName>
        <party>R</party>
        <firstName>ED</firstName>
        <isOriginalCosponsor>False</isOriginalCosponsor>
        <lastName>ROYCE</lastName>
        <state>CA</state>
        <bioguideId>R000487</bioguideId>
      </item>
      <item>
        <identifiers>
          <bioguideId>M000312</bioguideId>
          <gpoId>7968</gpoId>
          <lisID>1504</lisID>
        </identifiers>
        <sponsorshipDate>2017-07-11</sponsorshipDate>
        <district>2</district>
        <middleName>P.</middleName>
        <sponsorshipWithdrawnDate />
        <fullName>Rep. McGovern, James P. [D-MA-2]</fullName>
        <party>D</party>
        <firstName>JAMES</firstName>
        <isOriginalCosponsor>False</isOriginalCosponsor>
        <lastName>MCGOVERN</lastName>
        <state>MA</state>
        <bioguideId>M000312</bioguideId>
      </item>
      <item>
        <identifiers>
          <gpoId>7816</gpoId>
          <lisID>1832</lisID>
          <bioguideId>M001166</bioguideId>
        </identifiers>
        <sponsorshipDate>2017-07-11</sponsorshipDate>
        <district>9</district>
        <middleName />
        <sponsorshipWithdrawnDate />
        <fullName>Rep. McNerney, Jerry [D-CA-9]</fullName>
        <party>D</party>
        <firstName>Jerry</firstName>
        <isOriginalCosponsor>False</isOriginalCosponsor>
        <lastName>McNerney</lastName>
        <state>CA</state>
        <bioguideId>M001166</bioguideId>
      </item>
      <item>
        <identifiers>
          <bioguideId>P000598</bioguideId>
          <lisID>1910</lisID>
          <gpoId>7860</gpoId>
        </identifiers>
        <sponsorshipDate>2017-07-11</sponsorshipDate>
        <district>2</district>
        <middleName />
        <sponsorshipWithdrawnDate />
        <fullName>Rep. Polis, Jared [D-CO-2]</fullName>
        <party>D</party>
        <firstName>Jared</firstName>
        <isOriginalCosponsor>False</isOriginalCosponsor>
        <lastName>Polis</lastName>
        <state>CO</state>
        <bioguideId>P000598</bioguideId>
      </item>
      <item>
        <identifiers>
          <bioguideId>K000382</bioguideId>
          <lisID>2145</lisID>
          <gpoId />
        </identifiers>
        <sponsorshipDate>2017-07-11</sponsorshipDate>
        <district>2</district>
        <middleName>M.</middleName>
        <sponsorshipWithdrawnDate />
        <fullName>Rep. Kuster, Ann M. [D-NH-2]</fullName>
        <party>D</party>
        <firstName>Ann</firstName>
        <isOriginalCosponsor>False</isOriginalCosponsor>
        <lastName>Kuster</lastName>
        <state>NH</state>
        <bioguideId>K000382</bioguideId>
      </item>
      <item>
        <identifiers>
          <lisID>511</lisID>
          <gpoId>7895</gpoId>
          <bioguideId>H000324</bioguideId>
        </identifiers>
        <sponsorshipDate>2017-07-11</sponsorshipDate>
        <district>20</district>
        <middleName>L.</middleName>
        <sponsorshipWithdrawnDate />
        <fullName>Rep. Hastings, Alcee L. [D-FL-20]</fullName>
        <party>D</party>
        <firstName>ALCEE</firstName>
        <isOriginalCosponsor>False</isOriginalCosponsor>
        <lastName>HASTINGS</lastName>
        <state>FL</state>
        <bioguideId>H000324</bioguideId>
      </item>
      <item>
        <identifiers>
          <lisID>2235</lisID>
          <gpoId />
          <bioguideId>C001107</bioguideId>
        </identifiers>
        <sponsorshipDate>2017-07-12</sponsorshipDate>
        <district>26</district>
        <middleName />
        <sponsorshipWithdrawnDate />
        <fullName>Rep. Curbelo, Carlos [R-FL-26]</fullName>
        <party>R</party>
        <firstName>Carlos</firstName>
        <isOriginalCosponsor>False</isOriginalCosponsor>
        <lastName>Curbelo</lastName>
        <state>FL</state>
        <bioguideId>C001107</bioguideId>
      </item>
      <item>
        <identifiers>
          <gpoId>7892</gpoId>
          <lisID>1777</lisID>
          <bioguideId>W000797</bioguideId>
        </identifiers>
        <sponsorshipDate>2017-07-12</sponsorshipDate>
        <district>23</district>
        <middleName />
        <sponsorshipWithdrawnDate />
        <fullName>Rep. Wasserman Schultz, Debbie [D-FL-23]</fullName>
        <party>D</party>
        <firstName>Debbie</firstName>
        <isOriginalCosponsor>False</isOriginalCosponsor>
        <lastName>Wasserman Schultz</lastName>
        <state>FL</state>
        <bioguideId>W000797</bioguideId>
      </item>
      <item>
        <identifiers>
          <gpoId>7885</gpoId>
          <bioguideId>B001260</bioguideId>
          <lisID>1840</lisID>
        </identifiers>
        <sponsorshipDate>2017-07-20</sponsorshipDate>
        <district>16</district>
        <middleName />
        <sponsorshipWithdrawnDate />
        <fullName>Rep. Buchanan, Vern [R-FL-16]</fullName>
        <party>R</party>
        <firstName>Vern</firstName>
        <isOriginalCosponsor>False</isOriginalCosponsor>
        <lastName>Buchanan</lastName>
        <state>FL</state>
        <bioguideId>B001260</bioguideId>
      </item>
      <item>
        <identifiers>
          <lisID>1506</lisID>
          <gpoId>8067</gpoId>
          <bioguideId>M001137</bioguideId>
        </identifiers>
        <sponsorshipDate>2017-07-20</sponsorshipDate>
        <district>5</district>
        <middleName>W.</middleName>
        <sponsorshipWithdrawnDate />
        <fullName>Rep. Meeks, Gregory W. [D-NY-5]</fullName>
        <party>D</party>
        <firstName>GREGORY</firstName>
        <isOriginalCosponsor>False</isOriginalCosponsor>
        <lastName>MEEKS</lastName>
        <state>NY</state>
        <bioguideId>M001137</bioguideId>
      </item>
      <item>
        <identifiers>
          <bioguideId>D000619</bioguideId>
          <gpoId />
          <lisID>2126</lisID>
        </identifiers>
        <sponsorshipDate>2017-07-27</sponsorshipDate>
        <district>13</district>
        <middleName />
        <sponsorshipWithdrawnDate />
        <fullName>Rep. Davis, Rodney [R-IL-13]</fullName>
        <party>R</party>
        <firstName>Rodney</firstName>
        <isOriginalCosponsor>False</isOriginalCosponsor>
        <lastName>Davis</lastName>
        <state>IL</state>
        <bioguideId>D000619</bioguideId>
      </item>
      <item>
        <identifiers>
          <lisID>887</lisID>
          <bioguideId>P000034</bioguideId>
          <gpoId>8048</gpoId>
        </identifiers>
        <sponsorshipDate>2017-07-27</sponsorshipDate>
        <district>6</district>
        <middleName />
        <sponsorshipWithdrawnDate />
        <fullName>Rep. Pallone, Frank, Jr. [D-NJ-6]</fullName>
        <party>D</party>
        <firstName>FRANK</firstName>
        <isOriginalCosponsor>False</isOriginalCosponsor>
        <lastName>PALLONE</lastName>
        <state>NJ</state>
        <bioguideId>P000034</bioguideId>
      </item>
      <item>
        <identifiers>
          <lisID>2308</lisID>
          <gpoId />
          <bioguideId>K000389</bioguideId>
        </identifiers>
        <sponsorshipDate>2017-07-27</sponsorshipDate>
        <district>17</district>
        <middleName />
        <sponsorshipWithdrawnDate />
        <fullName>Rep. Khanna, Ro [D-CA-17]</fullName>
        <party>D</party>
        <firstName>Ro</firstName>
        <isOriginalCosponsor>False</isOriginalCosponsor>
        <lastName>Khanna</lastName>
        <state>CA</state>
        <bioguideId>K000389</bioguideId>
      </item>
      <item>
        <identifiers>
          <bioguideId>G000582</bioguideId>
          <lisID>2347</lisID>
          <gpoId />
        </identifiers>
        <sponsorshipDate>2017-07-27</sponsorshipDate>
        <district>0</district>
        <middleName />
        <sponsorshipWithdrawnDate />
        <fullName>Rep. Gonzalez-Colon, Jenniffer [R-PR-At Large]</fullName>
        <party>R</party>
        <firstName>Jenniffer</firstName>
        <isOriginalCosponsor>False</isOriginalCosponsor>
        <lastName>Gonzalez-Colon</lastName>
        <state>PR</state>
        <bioguideId>G000582</bioguideId>
      </item>
      <item>
        <identifiers>
          <bioguideId>C001077</bioguideId>
          <lisID>1912</lisID>
          <gpoId>7864</gpoId>
        </identifiers>
        <sponsorshipDate>2017-09-05</sponsorshipDate>
        <district>6</district>
        <middleName />
        <sponsorshipWithdrawnDate />
        <fullName>Rep. Coffman, Mike [R-CO-6]</fullName>
        <party>R</party>
        <firstName>Mike</firstName>
        <isOriginalCosponsor>False</isOriginalCosponsor>
        <lastName>Coffman</lastName>
        <state>CO</state>
        <bioguideId>C001077</bioguideId>
      </item>
      <item>
        <identifiers>
          <gpoId />
          <lisID>2154</lisID>
          <bioguideId>J000295</bioguideId>
        </identifiers>
        <sponsorshipDate>2017-09-05</sponsorshipDate>
        <district>14</district>
        <middleName>P.</middleName>
        <sponsorshipWithdrawnDate />
        <fullName>Rep. Joyce, David P. [R-OH-14]</fullName>
        <party>R</party>
        <firstName>David</firstName>
        <isOriginalCosponsor>False</isOriginalCosponsor>
        <lastName>Joyce</lastName>
        <state>OH</state>
        <bioguideId>J000295</bioguideId>
      </item>
      <item>
        <identifiers>
          <gpoId>8194</gpoId>
          <bioguideId>S000185</bioguideId>
          <lisID>1037</lisID>
        </identifiers>
        <sponsorshipDate>2017-09-05</sponsorshipDate>
        <district>3</district>
        <middleName>C. "Bobby"</middleName>
        <sponsorshipWithdrawnDate />
        <fullName>Rep. Scott, Robert C. "Bobby" [D-VA-3]</fullName>
        <party>D</party>
        <firstName>Robert</firstName>
        <isOriginalCosponsor>False</isOriginalCosponsor>
        <lastName>Scott</lastName>
        <state>VA</state>
        <bioguideId>S000185</bioguideId>
      </item>
      <item>
        <identifiers>
          <bioguideId>D000627</bioguideId>
          <lisID>2320</lisID>
          <gpoId />
        </identifiers>
        <sponsorshipDate>2017-10-11</sponsorshipDate>
        <district>10</district>
        <middleName>Butler</middleName>
        <sponsorshipWithdrawnDate />
        <fullName>Rep. Demings, Val Butler [D-FL-10]</fullName>
        <party>D</party>
        <firstName>Val</firstName>
        <isOriginalCosponsor>False</isOriginalCosponsor>
        <lastName>Demings</lastName>
        <state>FL</state>
        <bioguideId>D000627</bioguideId>
      </item>
      <item>
        <identifiers>
          <lisID>2321</lisID>
          <bioguideId>C001111</bioguideId>
          <gpoId />
        </identifiers>
        <sponsorshipDate>2017-10-25</sponsorshipDate>
        <district>13</district>
        <middleName />
        <sponsorshipWithdrawnDate />
        <fullName>Rep. Crist, Charlie [D-FL-13]</fullName>
        <party>D</party>
        <firstName>Charlie</firstName>
        <isOriginalCosponsor>False</isOriginalCosponsor>
        <lastName>Crist</lastName>
        <state>FL</state>
        <bioguideId>C001111</bioguideId>
      </item>
      <item>
        <identifiers>
          <lisID>1854</lisID>
          <bioguideId>S001168</bioguideId>
          <gpoId>7978</gpoId>
        </identifiers>
        <sponsorshipDate>2017-11-01</sponsorshipDate>
        <district>3</district>
        <middleName>P.</middleName>
        <sponsorshipWithdrawnDate />
        <fullName>Rep. Sarbanes, John P. [D-MD-3]</fullName>
        <party>D</party>
        <firstName>John</firstName>
        <isOriginalCosponsor>False</isOriginalCosponsor>
        <lastName>Sarbanes</lastName>
        <state>MD</state>
        <bioguideId>S001168</bioguideId>
      </item>
      <item>
        <identifiers>
          <lisID>1942</lisID>
          <bioguideId>T000469</bioguideId>
          <gpoId>8082</gpoId>
        </identifiers>
        <sponsorshipDate>2017-11-16</sponsorshipDate>
        <district>20</district>
        <middleName />
        <sponsorshipWithdrawnDate />
        <fullName>Rep. Tonko, Paul [D-NY-20]</fullName>
        <party>D</party>
        <firstName>Paul</firstName>
        <isOriginalCosponsor>False</isOriginalCosponsor>
        <lastName>Tonko</lastName>
        <state>NY</state>
        <bioguideId>T000469</bioguideId>
      </item>
      <item>
        <identifiers>
          <lisID>1997</lisID>
          <gpoId>7861</gpoId>
          <bioguideId>T000470</bioguideId>
        </identifiers>
        <sponsorshipDate>2018-01-19</sponsorshipDate>
        <district>3</district>
        <middleName>R.</middleName>
        <sponsorshipWithdrawnDate />
        <fullName>Rep. Tipton, Scott  R. [R-CO-3]</fullName>
        <party>R</party>
        <firstName>Scott</firstName>
        <isOriginalCosponsor>False</isOriginalCosponsor>
        <lastName>Tipton</lastName>
        <state>CO</state>
        <bioguideId>T000470</bioguideId>
      </item>
    </cosponsors>
    <congress>115</congress>
    <committees>
      <billCommittees>
        <item>
          <systemCode>hsju00</systemCode>
          <chamber>House</chamber>
          <type>Standing</type>
          <activities>
            <item>
              <name>Referred to</name>
              <date>2017-01-10T15:04:25Z</date>
            </item>
          </activities>
          <name>Judiciary Committee</name>
          <subcommittees>
            <item>
              <systemCode>hsju08</systemCode>
              <name>Crime, Terrorism, Homeland Security, and Investigations Subcommittee</name>
              <activities>
                <item>
                  <name>Referred to</name>
                  <date>2017-02-06T22:29:10Z</date>
                </item>
              </activities>
            </item>
          </subcommittees>
        </item>
      </billCommittees>
    </committees>
    <constitutionalAuthorityStatementText><![CDATA[<pre>From the Congressional Record Online through the Government Publishing Office [<a href='http://www.gpo.gov'>www.gpo.gov</a>]By Mr. KATKO:H.R. 398.Congress has the power to enact this legislation pursuantto the following:Article I, Section 8, Clause 1 of the U.S. Constitution(relating to the general welfare of the United States).Article I, Section 8, Clause 9 of the Constitution of theUnited States; the power to constitute Tribunals inferior tothe Supreme Court.[Page H299]</pre>]]></constitutionalAuthorityStatementText>
    <laws />
    <titles>
      <item>
        <chamberCode />
        <chamberName />
        <parentTitleType />
        <titleType>(Extracted from GPO) Short Titles as Introduced</titleType>
        <title>HEART Act of 2017</title>
      </item>
      <item>
        <chamberCode />
        <chamberName />
        <parentTitleType />
        <titleType>(Extracted from GPO) Short Titles as Introduced</titleType>
        <title>Help Extract Animals from Red Tape Act of 2017</title>
      </item>
      <item>
        <chamberCode />
        <chamberName />
        <parentTitleType />
        <titleType>Short Titles as Introduced</titleType>
        <title>HEART Act of 2017</title>
      </item>
      <item>
        <chamberCode />
        <chamberName />
        <parentTitleType />
        <titleType>Short Titles as Introduced</titleType>
        <title>Help Extract Animals from Red Tape Act of 2017</title>
      </item>
      <item>
        <chamberCode />
        <chamberName />
        <parentTitleType />
        <titleType>Official Title as Introduced</titleType>
        <title>To amend title 18, United States Code, with respect to civil forfeitures relating to certain seized animals.</title>
      </item>
      <item>
        <chamberCode />
        <chamberName />
        <parentTitleType />
        <titleType>Display Title</titleType>
        <title>HEART Act of 2017</title>
      </item>
    </titles>
    <billType>HR</billType>
    <amendments />
    <recordedVotes />
    <actions>
      <item>
        <actionDate>2017-02-06</actionDate>
        <committee>
          <systemCode>hsju08</systemCode>
          <name>Crime, Terrorism, Homeland Security, and Investigations Subcommittee</name>
        </committee>
        <links />
        <sourceSystem>
          <name>House committee actions</name>
          <code>1</code>
        </sourceSystem>
        <text>Referred to the Subcommittee on Crime, Terrorism, Homeland Security, and Investigations.</text>
        <type>Committee</type>
      </item>
      <item>
        <sourceSystem>
          <name>House floor actions</name>
          <code>2</code>
        </sourceSystem>
        <actionDate>2017-01-10</actionDate>
        <links />
        <text>Referred to the House Committee on the Judiciary.</text>
        <committee>
          <systemCode>hsju00</systemCode>
          <name>Judiciary Committee</name>
        </committee>
        <actionCode>H11100</actionCode>
        <type>IntroReferral</type>
      </item>
      <item>
        <sourceSystem>
          <name>Library of Congress</name>
          <code>9</code>
        </sourceSystem>
        <actionDate>2017-01-10</actionDate>
        <links />
        <text>Introduced in House</text>
        <committee />
        <actionCode>Intro-H</actionCode>
        <type>IntroReferral</type>
      </item>
      <item>
        <sourceSystem>
          <name>Library of Congress</name>
          <code>9</code>
        </sourceSystem>
        <actionDate>2017-01-10</actionDate>
        <links />
        <text>Introduced in House</text>
        <committee />
        <actionCode>1000</actionCode>
        <type>IntroReferral</type>
      </item>
      <actionByCounts>
        <houseOfRepresentatives>4</houseOfRepresentatives>
      </actionByCounts>
      <actionTypeCounts>
        <billReferrals>1</billReferrals>
        <introducedInTheHouse>1</introducedInTheHouse>
        <introducedInHouse>1</introducedInHouse>
        <placeholderTextForH>1</placeholderTextForH>
      </actionTypeCounts>
    </actions>
    <introducedDate>2017-01-10</introducedDate>
    <relatedBills>
      <item>
        <congress>115</congress>
        <latestTitle>DUE PROCESS Act of 2017</latestTitle>
        <number>1795</number>
        <type>HR</type>
        <latestAction>
          <text>Referred to the Subcommittee on Crime, Terrorism, Homeland Security, and Investigations.</text>
          <actionDate>2017-04-24</actionDate>
        </latestAction>
        <relationshipDetails>
          <item>
            <type>Related bill</type>
            <identifiedBy>CRS</identifiedBy>
          </item>
        </relationshipDetails>
      </item>
    </relatedBills>
    <committeeReports />
    <calendarNumbers />
    <billNumber>398</billNumber>
    <summaries>
      <billSummaries>
        <item>
          <updateDate>2017-01-10T05:00:00Z</updateDate>
          <lastSummaryUpdateDate>2017-07-17T21:53:20Z</lastSummaryUpdateDate>
          <actionDate>2017-01-10</actionDate>
          <name>Introduced in House</name>
          <actionDesc>Introduced in House</actionDesc>
          <versionCode>00</versionCode>
          <text><![CDATA[<p><b>Help Extract Animals from Red Tape Act of 2017 or the HEART Act of 2017</b></p> <p> This bill amends the federal criminal code to modify the notice period in civil forfeiture proceedings that involve the seizure of an animal involved in animal fighting.</p> <p>It requires the government to send notice of the seizure to interested parties within 30 days (currently, 60 days). The notice period may be extended only if a delay is warranted after considering certain factors, including the cost to the government of providing shelter for the animal, the health of the animal and the effect of a delay on its rehabilitation, and any increased risk that a delay could necessitate the euthanasia of the animal.</p> <p>The bill amends the federal judicial code to authorize the Department of Justice to use amounts from the Department of Justice Assets Forfeiture Fund to pay for costs associated with a seized animal, including transportation, shelter, care, veterinary services, and humane euthanasia.</p>]]></text>
        </item>
      </billSummaries>
    </summaries>
    <cboCostEstimates />
    <updateDate>2018-02-06T16:40:45Z</updateDate>
    <policyArea>
      <name>Crime and Law Enforcement</name>
    </policyArea>
    <latestAction>
      <text>Referred to the Subcommittee on Crime, Terrorism, Homeland Security, and Investigations.</text>
      <actionDate>2017-02-06</actionDate>
      <links />
    </latestAction>
    <version>1.0.0</version>
    <subjects>
      <billSubjects>
        <legislativeSubjects>
          <item>
            <name>Animal protection and human-animal relationships</name>
          </item>
          <item>
            <name>Civil actions and liability</name>
          </item>
          <item>
            <name>Crimes against animals and natural resources</name>
          </item>
          <item>
            <name>Gambling</name>
          </item>
          <item>
            <name>Law enforcement administration and funding</name>
          </item>
          <item>
            <name>Museums, exhibitions, cultural centers</name>
          </item>
          <item>
            <name>Veterinary medicine and animal diseases</name>
          </item>
        </legislativeSubjects>
        <policyArea>
          <name>Crime and Law Enforcement</name>
        </policyArea>
      </billSubjects>
    </subjects>
    <title>HEART Act of 2017</title>
    <originChamber>House</originChamber>
    <sponsors>
      <item>
        <byRequestType />
        <district>24</district>
        <party>R</party>
        <fullName>Rep. Katko, John [R-NY-24]</fullName>
        <lastName>Katko</lastName>
        <state>NY</state>
        <bioguideId>K000386</bioguideId>
        <middleName />
        <firstName>John</firstName>
        <identifiers>
          <gpoId />
          <lisID>2264</lisID>
          <bioguideId>K000386</bioguideId>
        </identifiers>
      </item>
    </sponsors>
    <notes />
    <createDate>2017-01-11T05:09:43Z</createDate>
  </bill>
  <dublinCore xmlns:dc="http://purl.org/dc/elements/1.1/">
    <dc:format>text/xml</dc:format>
    <dc:language>EN</dc:language>
    <dc:rights>Pursuant to Title 17 Section 105 of the United States Code, this file is not subject to copyright protection and is in the public domain.</dc:rights>
    <dc:contributor>Congressional Research Service, Library of Congress</dc:contributor>
    <dc:description>This file contains bill summaries and statuses for federal legislation. A bill summary describes the most significant provisions of a piece of legislation and details the effects the legislative text may have on current law and federal programs. Bill summaries are authored by the Congressional Research Service (CRS) of the Library of Congress. As stated in Public Law 91-510 (2 USC 166 (d)(6)), one of the duties of CRS is "to prepare summaries and digests of bills and resolutions of a public general nature introduced in the Senate or House of Representatives". For more information, refer to the User Guide that accompanies this file.</dc:description>
  </dublinCore>
</billStatus>

