<?xml version="1.0" encoding="UTF-8"?>
<billStatus>
  <bill>
    <notes />
    <sponsors>
      <item>
        <party>D</party>
        <fullName>Rep. Lee, Barbara [D-CA-13]</fullName>
        <lastName>LEE</lastName>
        <middleName />
        <identifiers>
          <gpoId>7814</gpoId>
          <bioguideId>L000551</bioguideId>
          <lisID>1501</lisID>
        </identifiers>
        <firstName>BARBARA</firstName>
        <state>CA</state>
        <byRequestType />
        <bioguideId>L000551</bioguideId>
        <district>13</district>
      </item>
    </sponsors>
    <policyArea>
      <name>Crime and Law Enforcement</name>
    </policyArea>
    <committees>
      <billCommittees>
        <item>
          <chamber>House</chamber>
          <name>Judiciary Committee</name>
          <systemCode>hsju00</systemCode>
          <activities>
            <item>
              <date>2017-01-05T15:04:20Z</date>
              <name>Referred to</name>
            </item>
          </activities>
          <type>Standing</type>
          <subcommittees>
            <item>
              <activities>
                <item>
                  <date>2017-01-31T14:31:15Z</date>
                  <name>Referred to</name>
                </item>
              </activities>
              <name>Crime, Terrorism, Homeland Security, and Investigations Subcommittee</name>
              <systemCode>hsju08</systemCode>
            </item>
          </subcommittees>
        </item>
        <item>
          <chamber>House</chamber>
          <name>Energy and Commerce Committee</name>
          <systemCode>hsif00</systemCode>
          <activities>
            <item>
              <date>2017-01-05T15:04:25Z</date>
              <name>Referred to</name>
            </item>
          </activities>
          <type>Standing</type>
          <subcommittees>
            <item>
              <activities>
                <item>
                  <date>2017-01-25T14:26:01Z</date>
                  <name>Referred to</name>
                </item>
              </activities>
              <name>Health Subcommittee</name>
              <systemCode>hsif14</systemCode>
            </item>
          </subcommittees>
        </item>
      </billCommittees>
    </committees>
    <relatedBills>
      <item>
        <number>1824</number>
        <congress>115</congress>
        <relationshipDetails>
          <item>
            <type>Related bill</type>
            <identifiedBy>CRS</identifiedBy>
          </item>
        </relationshipDetails>
        <type>HR</type>
        <latestTitle>Responsibly Addressing the Marijuana Policy Gap Act of 2017</latestTitle>
        <latestAction>
          <actionDate>2017-04-24</actionDate>
          <text>Referred to the Subcommittee on Immigration and Border Security.</text>
        </latestAction>
      </item>
      <item>
        <number>780</number>
        <congress>115</congress>
        <relationshipDetails>
          <item>
            <type>Related bill</type>
            <identifiedBy>CRS</identifiedBy>
          </item>
        </relationshipDetails>
        <type>S</type>
        <latestTitle>Responsibly Addressing the Marijuana Policy Gap Act of 2017</latestTitle>
        <latestAction>
          <actionDate>2017-03-30</actionDate>
          <text>Read twice and referred to the Committee on Finance.</text>
        </latestAction>
      </item>
    </relatedBills>
    <titles>
      <item>
        <chamberName />
        <chamberCode />
        <parentTitleType />
        <titleType>(Extracted from GPO) Short Titles as Introduced</titleType>
        <title>States’ Medical Marijuana Property Rights Protection Act</title>
      </item>
      <item>
        <chamberName />
        <chamberCode />
        <parentTitleType />
        <titleType>Short Titles as Introduced</titleType>
        <title>States' Medical Marijuana Property Rights Protection Act</title>
      </item>
      <item>
        <chamberName />
        <chamberCode />
        <parentTitleType />
        <titleType>Official Title as Introduced</titleType>
        <title>To amend the Controlled Substances Act so as to exempt real property from civil forfeiture due to medical marijuana-related conduct that is authorized by State law.</title>
      </item>
      <item>
        <chamberName />
        <chamberCode />
        <parentTitleType />
        <titleType>Display Title</titleType>
        <title>States' Medical Marijuana Property Rights Protection Act</title>
      </item>
    </titles>
    <originChamber>House</originChamber>
    <congress>115</congress>
    <constitutionalAuthorityStatementText><![CDATA[<pre>From the Congressional Record Online through the Government Publishing Office [<a href='http://www.gpo.gov'>www.gpo.gov</a>]By Ms. LEE:H.R. 331.Congress has the power to enact this legislation pursuantto the following:This bill is enacted pursuant to the power granted toCongress under Article I of the United States Constitutionand its subsequent amendments, and further clarified andinterpreted by the Supreme Court of the United States.[Page H183]</pre>]]></constitutionalAuthorityStatementText>
    <actions>
      <actionByCounts>
        <houseOfRepresentatives>7</houseOfRepresentatives>
      </actionByCounts>
      <actionTypeCounts>
        <introducedInHouse>1</introducedInHouse>
        <billReferrals>2</billReferrals>
        <placeholderTextForH>2</placeholderTextForH>
        <introducedInTheHouse>1</introducedInTheHouse>
        <billReferralsAggregate>1</billReferralsAggregate>
      </actionTypeCounts>
      <item>
        <actionDate>2017-01-31</actionDate>
        <committee>
          <name>Crime, Terrorism, Homeland Security, and Investigations Subcommittee</name>
          <systemCode>hsju08</systemCode>
        </committee>
        <links />
        <sourceSystem>
          <name>House committee actions</name>
          <code>1</code>
        </sourceSystem>
        <text>Referred to the Subcommittee on Crime, Terrorism, Homeland Security, and Investigations.</text>
        <type>Committee</type>
      </item>
      <item>
        <actionDate>2017-01-25</actionDate>
        <committee>
          <name>Health Subcommittee</name>
          <systemCode>hsif14</systemCode>
        </committee>
        <links />
        <sourceSystem>
          <name>House committee actions</name>
          <code>1</code>
        </sourceSystem>
        <text>Referred to the Subcommittee on Health.</text>
        <type>Committee</type>
      </item>
      <item>
        <text>Referred to House Energy and Commerce</text>
        <type>IntroReferral</type>
        <actionDate>2017-01-05</actionDate>
        <links />
        <actionCode>H11100</actionCode>
        <committee>
          <name>Energy and Commerce Committee</name>
          <systemCode>hsif00</systemCode>
        </committee>
        <sourceSystem>
          <name>House floor actions</name>
          <code>2</code>
        </sourceSystem>
      </item>
      <item>
        <text>Referred to House Judiciary</text>
        <type>IntroReferral</type>
        <actionDate>2017-01-05</actionDate>
        <links />
        <actionCode>H11100</actionCode>
        <committee>
          <name>Judiciary Committee</name>
          <systemCode>hsju00</systemCode>
        </committee>
        <sourceSystem>
          <name>House floor actions</name>
          <code>2</code>
        </sourceSystem>
      </item>
      <item>
        <text>Referred to the Committee on the Judiciary, and in addition to the Committee on Energy and Commerce, for a period to be subsequently determined by the Speaker, in each case for consideration of such provisions as fall within the jurisdiction of the committee concerned.</text>
        <type>IntroReferral</type>
        <actionDate>2017-01-05</actionDate>
        <links />
        <actionCode>H11100-A</actionCode>
        <committee />
        <sourceSystem>
          <name>Library of Congress</name>
          <code>9</code>
        </sourceSystem>
      </item>
      <item>
        <text>Introduced in House</text>
        <type>IntroReferral</type>
        <actionDate>2017-01-05</actionDate>
        <links />
        <actionCode>Intro-H</actionCode>
        <committee />
        <sourceSystem>
          <name>Library of Congress</name>
          <code>9</code>
        </sourceSystem>
      </item>
      <item>
        <text>Introduced in House</text>
        <type>IntroReferral</type>
        <actionDate>2017-01-05</actionDate>
        <links />
        <actionCode>1000</actionCode>
        <committee />
        <sourceSystem>
          <name>Library of Congress</name>
          <code>9</code>
        </sourceSystem>
      </item>
    </actions>
    <subjects>
      <billSubjects>
        <policyArea>
          <name>Crime and Law Enforcement</name>
        </policyArea>
        <legislativeSubjects>
          <item>
            <name>Alternative treatments</name>
          </item>
          <item>
            <name>Drug trafficking and controlled substances</name>
          </item>
          <item>
            <name>Judicial procedure and administration</name>
          </item>
          <item>
            <name>Land transfers</name>
          </item>
          <item>
            <name>State and local government operations</name>
          </item>
        </legislativeSubjects>
      </billSubjects>
    </subjects>
    <laws />
    <createDate>2017-01-06T04:57:26Z</createDate>
    <title>States' Medical Marijuana Property Rights Protection Act</title>
    <committeeReports />
    <billType>HR</billType>
    <introducedDate>2017-01-05</introducedDate>
    <updateDate>2018-03-01T17:30:12Z</updateDate>
    <summaries>
      <billSummaries>
        <item>
          <name>Introduced in House</name>
          <versionCode>00</versionCode>
          <actionDate>2017-01-05</actionDate>
          <updateDate>2017-01-05T05:00:00Z</updateDate>
          <lastSummaryUpdateDate>2017-03-07T18:21:34Z</lastSummaryUpdateDate>
          <text><![CDATA[<p><strong>States' Medical Marijuana Property Rights Protection Ac</strong><b>t</b></p> <p> This bill amends the Controlled Substances Act to exempt real property from civil forfeiture due to medical marijuana-related conduct that is authorized by state law.</p>]]></text>
          <actionDesc>Introduced in House</actionDesc>
        </item>
      </billSummaries>
    </summaries>
    <cosponsors>
      <item>
        <isOriginalCosponsor>True</isOriginalCosponsor>
        <bioguideId>B000574</bioguideId>
        <district>3</district>
        <state>OR</state>
        <identifiers>
          <gpoId>8116</gpoId>
          <bioguideId>B000574</bioguideId>
          <lisID>99</lisID>
        </identifiers>
        <fullName>Rep. Blumenauer, Earl [D-OR-3]</fullName>
        <middleName />
        <sponsorshipWithdrawnDate />
        <firstName>EARL</firstName>
        <sponsorshipDate>2017-01-05</sponsorshipDate>
        <party>D</party>
        <lastName>BLUMENAUER</lastName>
      </item>
      <item>
        <isOriginalCosponsor>False</isOriginalCosponsor>
        <bioguideId>S001200</bioguideId>
        <district>9</district>
        <state>FL</state>
        <identifiers>
          <lisID>2319</lisID>
          <gpoId />
          <bioguideId>S001200</bioguideId>
        </identifiers>
        <fullName>Rep. Soto, Darren [D-FL-9]</fullName>
        <middleName />
        <sponsorshipWithdrawnDate />
        <firstName>Darren</firstName>
        <sponsorshipDate>2017-01-10</sponsorshipDate>
        <party>D</party>
        <lastName>Soto</lastName>
      </item>
      <item>
        <isOriginalCosponsor>False</isOriginalCosponsor>
        <bioguideId>T000468</bioguideId>
        <district>1</district>
        <state>NV</state>
        <identifiers>
          <lisID>1940</lisID>
          <gpoId>7493</gpoId>
          <bioguideId>T000468</bioguideId>
        </identifiers>
        <fullName>Rep. Titus, Dina [D-NV-1]</fullName>
        <middleName />
        <sponsorshipWithdrawnDate />
        <firstName>Dina</firstName>
        <sponsorshipDate>2017-01-12</sponsorshipDate>
        <party>D</party>
        <lastName>Titus</lastName>
      </item>
      <item>
        <isOriginalCosponsor>False</isOriginalCosponsor>
        <bioguideId>C001068</bioguideId>
        <district>9</district>
        <state>TN</state>
        <identifiers>
          <bioguideId>C001068</bioguideId>
          <lisID>1878</lisID>
          <gpoId>8156</gpoId>
        </identifiers>
        <fullName>Rep. Cohen, Steve [D-TN-9]</fullName>
        <middleName />
        <sponsorshipWithdrawnDate />
        <firstName>Steve</firstName>
        <sponsorshipDate>2017-01-17</sponsorshipDate>
        <party>D</party>
        <lastName>Cohen</lastName>
      </item>
      <item>
        <isOriginalCosponsor>False</isOriginalCosponsor>
        <bioguideId>N000147</bioguideId>
        <district>0</district>
        <state>DC</state>
        <identifiers>
          <bioguideId>N000147</bioguideId>
          <lisID>868</lisID>
          <gpoId>7871</gpoId>
        </identifiers>
        <fullName>Rep. Norton, Eleanor Holmes [D-DC-At Large]</fullName>
        <middleName>HOLMES</middleName>
        <sponsorshipWithdrawnDate />
        <firstName>ELEANOR</firstName>
        <sponsorshipDate>2017-01-20</sponsorshipDate>
        <party>D</party>
        <lastName>NORTON</lastName>
      </item>
      <item>
        <isOriginalCosponsor>False</isOriginalCosponsor>
        <bioguideId>M001166</bioguideId>
        <district>9</district>
        <state>CA</state>
        <identifiers>
          <lisID>1832</lisID>
          <bioguideId>M001166</bioguideId>
          <gpoId>7816</gpoId>
        </identifiers>
        <fullName>Rep. McNerney, Jerry [D-CA-9]</fullName>
        <middleName />
        <sponsorshipWithdrawnDate />
        <firstName>Jerry</firstName>
        <sponsorshipDate>2017-10-12</sponsorshipDate>
        <party>D</party>
        <lastName>McNerney</lastName>
      </item>
    </cosponsors>
    <billNumber>331</billNumber>
    <recordedVotes />
    <version>1.0.0</version>
    <calendarNumbers />
    <cboCostEstimates />
    <amendments />
    <latestAction>
      <actionDate>2017-01-31</actionDate>
      <links />
      <text>Referred to the Subcommittee on Crime, Terrorism, Homeland Security, and Investigations.</text>
    </latestAction>
  </bill>
  <dublinCore xmlns:dc="http://purl.org/dc/elements/1.1/">
    <dc:format>text/xml</dc:format>
    <dc:language>EN</dc:language>
    <dc:rights>Pursuant to Title 17 Section 105 of the United States Code, this file is not subject to copyright protection and is in the public domain.</dc:rights>
    <dc:contributor>Congressional Research Service, Library of Congress</dc:contributor>
    <dc:description>This file contains bill summaries and statuses for federal legislation. A bill summary describes the most significant provisions of a piece of legislation and details the effects the legislative text may have on current law and federal programs. Bill summaries are authored by the Congressional Research Service (CRS) of the Library of Congress. As stated in Public Law 91-510 (2 USC 166 (d)(6)), one of the duties of CRS is "to prepare summaries and digests of bills and resolutions of a public general nature introduced in the Senate or House of Representatives". For more information, refer to the User Guide that accompanies this file.</dc:description>
  </dublinCore>
</billStatus>

