<?xml version="1.0" encoding="UTF-8"?>
<billStatus>
  <bill>
    <committeeReports />
    <cosponsors>
      <item>
        <identifiers>
          <lisID>1756</lisID>
          <gpoId>8107</gpoId>
          <bioguideId>R000577</bioguideId>
        </identifiers>
        <firstName>TIM</firstName>
        <middleName />
        <isOriginalCosponsor>True</isOriginalCosponsor>
        <fullName>Rep. Ryan, Tim [D-OH-13]</fullName>
        <bioguideId>R000577</bioguideId>
        <sponsorshipWithdrawnDate />
        <sponsorshipDate>2017-01-24</sponsorshipDate>
        <lastName>RYAN</lastName>
        <district>13</district>
        <state>OH</state>
        <party>D</party>
      </item>
      <item>
        <identifiers>
          <gpoId>7888</gpoId>
          <lisID>1916</lisID>
          <bioguideId>R000583</bioguideId>
        </identifiers>
        <firstName>Thomas</firstName>
        <middleName>J.</middleName>
        <isOriginalCosponsor>True</isOriginalCosponsor>
        <fullName>Rep. Rooney, Thomas J. [R-FL-17]</fullName>
        <bioguideId>R000583</bioguideId>
        <sponsorshipWithdrawnDate />
        <sponsorshipDate>2017-01-24</sponsorshipDate>
        <lastName>Rooney</lastName>
        <district>17</district>
        <state>FL</state>
        <party>R</party>
      </item>
      <item>
        <identifiers>
          <gpoId />
          <lisID>2263</lisID>
          <bioguideId>S001196</bioguideId>
        </identifiers>
        <firstName>Elise</firstName>
        <middleName>M.</middleName>
        <isOriginalCosponsor>True</isOriginalCosponsor>
        <fullName>Rep. Stefanik, Elise M. [R-NY-21]</fullName>
        <bioguideId>S001196</bioguideId>
        <sponsorshipWithdrawnDate />
        <sponsorshipDate>2017-01-24</sponsorshipDate>
        <lastName>Stefanik</lastName>
        <district>21</district>
        <state>NY</state>
        <party>R</party>
      </item>
      <item>
        <identifiers>
          <gpoId>8099</gpoId>
          <lisID>616</lisID>
          <bioguideId>K000009</bioguideId>
        </identifiers>
        <firstName>MARCY</firstName>
        <middleName />
        <isOriginalCosponsor>True</isOriginalCosponsor>
        <fullName>Rep. Kaptur, Marcy [D-OH-9]</fullName>
        <bioguideId>K000009</bioguideId>
        <sponsorshipWithdrawnDate />
        <sponsorshipDate>2017-01-24</sponsorshipDate>
        <lastName>KAPTUR</lastName>
        <district>9</district>
        <state>OH</state>
        <party>D</party>
      </item>
      <item>
        <identifiers>
          <bioguideId>K000376</bioguideId>
          <lisID>2051</lisID>
          <gpoId>8708</gpoId>
        </identifiers>
        <firstName>Mike</firstName>
        <middleName />
        <isOriginalCosponsor>False</isOriginalCosponsor>
        <fullName>Rep. Kelly, Mike [R-PA-3]</fullName>
        <bioguideId>K000376</bioguideId>
        <sponsorshipWithdrawnDate />
        <sponsorshipDate>2017-02-03</sponsorshipDate>
        <lastName>Kelly</lastName>
        <district>3</district>
        <state>PA</state>
        <party>R</party>
      </item>
      <item>
        <identifiers>
          <gpoId />
          <lisID>2145</lisID>
          <bioguideId>K000382</bioguideId>
        </identifiers>
        <firstName>Ann</firstName>
        <middleName>M.</middleName>
        <isOriginalCosponsor>False</isOriginalCosponsor>
        <fullName>Rep. Kuster, Ann M. [D-NH-2]</fullName>
        <bioguideId>K000382</bioguideId>
        <sponsorshipWithdrawnDate />
        <sponsorshipDate>2017-02-03</sponsorshipDate>
        <lastName>Kuster</lastName>
        <district>2</district>
        <state>NH</state>
        <party>D</party>
      </item>
      <item>
        <identifiers>
          <gpoId />
          <bioguideId>C001105</bioguideId>
          <lisID>2273</lisID>
        </identifiers>
        <firstName>Barbara</firstName>
        <middleName />
        <isOriginalCosponsor>False</isOriginalCosponsor>
        <fullName>Rep. Comstock, Barbara [R-VA-10]</fullName>
        <bioguideId>C001105</bioguideId>
        <sponsorshipWithdrawnDate />
        <sponsorshipDate>2017-02-07</sponsorshipDate>
        <lastName>Comstock</lastName>
        <district>10</district>
        <state>VA</state>
        <party>R</party>
      </item>
      <item>
        <identifiers>
          <gpoId />
          <bioguideId>K000386</bioguideId>
          <lisID>2264</lisID>
        </identifiers>
        <firstName>John</firstName>
        <middleName />
        <isOriginalCosponsor>False</isOriginalCosponsor>
        <fullName>Rep. Katko, John [R-NY-24]</fullName>
        <bioguideId>K000386</bioguideId>
        <sponsorshipWithdrawnDate />
        <sponsorshipDate>2017-02-13</sponsorshipDate>
        <lastName>Katko</lastName>
        <district>24</district>
        <state>NY</state>
        <party>R</party>
      </item>
      <item>
        <identifiers>
          <lisID>2048</lisID>
          <gpoId>8106</gpoId>
          <bioguideId>R000586</bioguideId>
        </identifiers>
        <firstName>James</firstName>
        <middleName>B.</middleName>
        <isOriginalCosponsor>False</isOriginalCosponsor>
        <fullName>Rep. Renacci, James B. [R-OH-16]</fullName>
        <bioguideId>R000586</bioguideId>
        <sponsorshipWithdrawnDate />
        <sponsorshipDate>2017-02-13</sponsorshipDate>
        <lastName>Renacci</lastName>
        <district>16</district>
        <state>OH</state>
        <party>R</party>
      </item>
      <item>
        <identifiers>
          <bioguideId>J000298</bioguideId>
          <lisID>2354</lisID>
          <gpoId />
        </identifiers>
        <firstName>Pramila</firstName>
        <middleName />
        <isOriginalCosponsor>False</isOriginalCosponsor>
        <fullName>Rep. Jayapal, Pramila [D-WA-7]</fullName>
        <bioguideId>J000298</bioguideId>
        <sponsorshipWithdrawnDate />
        <sponsorshipDate>2017-02-14</sponsorshipDate>
        <lastName>Jayapal</lastName>
        <district>7</district>
        <state>WA</state>
        <party>D</party>
      </item>
      <item>
        <identifiers>
          <lisID>1741</lisID>
          <gpoId>8093</gpoId>
          <bioguideId>T000463</bioguideId>
        </identifiers>
        <firstName>Michael</firstName>
        <middleName>R.</middleName>
        <isOriginalCosponsor>False</isOriginalCosponsor>
        <fullName>Rep. Turner, Michael R. [R-OH-10]</fullName>
        <bioguideId>T000463</bioguideId>
        <sponsorshipWithdrawnDate />
        <sponsorshipDate>2017-02-14</sponsorshipDate>
        <lastName>Turner</lastName>
        <district>10</district>
        <state>OH</state>
        <party>R</party>
      </item>
      <item>
        <identifiers>
          <bioguideId>S001187</bioguideId>
          <lisID>2047</lisID>
          <gpoId>8105</gpoId>
        </identifiers>
        <firstName>Steve</firstName>
        <middleName />
        <isOriginalCosponsor>False</isOriginalCosponsor>
        <fullName>Rep. Stivers, Steve [R-OH-15]</fullName>
        <bioguideId>S001187</bioguideId>
        <sponsorshipWithdrawnDate />
        <sponsorshipDate>2017-02-15</sponsorshipDate>
        <lastName>Stivers</lastName>
        <district>15</district>
        <state>OH</state>
        <party>R</party>
      </item>
      <item>
        <identifiers>
          <gpoId>8089</gpoId>
          <bioguideId>S000480</bioguideId>
          <lisID>1069</lisID>
        </identifiers>
        <firstName>LOUISE</firstName>
        <middleName>M.</middleName>
        <isOriginalCosponsor>False</isOriginalCosponsor>
        <fullName>Rep. Slaughter, Louise McIntosh [D-NY-25]</fullName>
        <bioguideId>S000480</bioguideId>
        <sponsorshipWithdrawnDate />
        <sponsorshipDate>2017-03-01</sponsorshipDate>
        <lastName>SLAUGHTER</lastName>
        <district>25</district>
        <state>NY</state>
        <party>D</party>
      </item>
      <item>
        <identifiers>
          <lisID>588</lisID>
          <gpoId>8174</gpoId>
          <bioguideId>J000032</bioguideId>
        </identifiers>
        <firstName>SHEILA</firstName>
        <middleName />
        <isOriginalCosponsor>False</isOriginalCosponsor>
        <fullName>Rep. Jackson Lee, Sheila [D-TX-18]</fullName>
        <bioguideId>J000032</bioguideId>
        <sponsorshipWithdrawnDate />
        <sponsorshipDate>2017-03-01</sponsorshipDate>
        <lastName>JACKSON LEE</lastName>
        <district>18</district>
        <state>TX</state>
        <party>D</party>
      </item>
      <item>
        <identifiers>
          <gpoId />
          <bioguideId>D000625</bioguideId>
          <lisID>2293</lisID>
        </identifiers>
        <firstName>Daniel</firstName>
        <middleName>M.</middleName>
        <isOriginalCosponsor>False</isOriginalCosponsor>
        <fullName>Rep. Donovan, Daniel M., Jr. [R-NY-11]</fullName>
        <bioguideId>D000625</bioguideId>
        <sponsorshipWithdrawnDate />
        <sponsorshipDate>2017-03-01</sponsorshipDate>
        <lastName>Donovan</lastName>
        <district>11</district>
        <state>NY</state>
        <party>R</party>
      </item>
      <item>
        <identifiers>
          <gpoId />
          <lisID>2343</lisID>
          <bioguideId>F000464</bioguideId>
        </identifiers>
        <firstName>John</firstName>
        <middleName>J.</middleName>
        <isOriginalCosponsor>False</isOriginalCosponsor>
        <fullName>Rep. Faso, John J. [R-NY-19]</fullName>
        <bioguideId>F000464</bioguideId>
        <sponsorshipWithdrawnDate />
        <sponsorshipDate>2017-03-01</sponsorshipDate>
        <lastName>Faso</lastName>
        <district>19</district>
        <state>NY</state>
        <party>R</party>
      </item>
      <item>
        <identifiers>
          <gpoId />
          <lisID>2298</lisID>
          <bioguideId>E000296</bioguideId>
        </identifiers>
        <firstName>Dwight</firstName>
        <middleName />
        <isOriginalCosponsor>False</isOriginalCosponsor>
        <fullName>Rep. Evans, Dwight [D-PA-2]</fullName>
        <bioguideId>E000296</bioguideId>
        <sponsorshipWithdrawnDate />
        <sponsorshipDate>2017-03-07</sponsorshipDate>
        <lastName>Evans</lastName>
        <district>2</district>
        <state>PA</state>
        <party>D</party>
      </item>
      <item>
        <identifiers>
          <gpoId />
          <bioguideId>K000381</bioguideId>
          <lisID>2169</lisID>
        </identifiers>
        <firstName>Derek</firstName>
        <middleName />
        <isOriginalCosponsor>False</isOriginalCosponsor>
        <fullName>Rep. Kilmer, Derek [D-WA-6]</fullName>
        <bioguideId>K000381</bioguideId>
        <sponsorshipWithdrawnDate />
        <sponsorshipDate>2017-03-08</sponsorshipDate>
        <lastName>Kilmer</lastName>
        <district>6</district>
        <state>WA</state>
        <party>D</party>
      </item>
      <item>
        <identifiers>
          <gpoId>8125</gpoId>
          <bioguideId>M001181</bioguideId>
          <lisID>2052</lisID>
        </identifiers>
        <firstName>Patrick</firstName>
        <middleName />
        <isOriginalCosponsor>False</isOriginalCosponsor>
        <fullName>Rep. Meehan, Patrick [R-PA-7]</fullName>
        <bioguideId>M001181</bioguideId>
        <sponsorshipWithdrawnDate />
        <sponsorshipDate>2017-03-10</sponsorshipDate>
        <lastName>Meehan</lastName>
        <district>7</district>
        <state>PA</state>
        <party>R</party>
      </item>
      <item>
        <identifiers>
          <gpoId />
          <lisID>2131</lisID>
          <bioguideId>B001282</bioguideId>
        </identifiers>
        <firstName>Andy</firstName>
        <middleName />
        <isOriginalCosponsor>False</isOriginalCosponsor>
        <fullName>Rep. Barr, Andy [R-KY-6]</fullName>
        <bioguideId>B001282</bioguideId>
        <sponsorshipWithdrawnDate />
        <sponsorshipDate>2017-03-20</sponsorshipDate>
        <lastName>Barr</lastName>
        <district>6</district>
        <state>KY</state>
        <party>R</party>
      </item>
      <item>
        <identifiers>
          <lisID>2122</lisID>
          <gpoId />
          <bioguideId>G000571</bioguideId>
        </identifiers>
        <firstName>Tulsi</firstName>
        <middleName />
        <isOriginalCosponsor>False</isOriginalCosponsor>
        <fullName>Rep. Gabbard, Tulsi [D-HI-2]</fullName>
        <bioguideId>G000571</bioguideId>
        <sponsorshipWithdrawnDate />
        <sponsorshipDate>2017-04-03</sponsorshipDate>
        <lastName>Gabbard</lastName>
        <district>2</district>
        <state>HI</state>
        <party>D</party>
      </item>
      <item>
        <identifiers>
          <bioguideId>D000533</bioguideId>
          <lisID>322</lisID>
          <gpoId>8149</gpoId>
        </identifiers>
        <firstName>JOHN</firstName>
        <middleName>J.</middleName>
        <isOriginalCosponsor>False</isOriginalCosponsor>
        <fullName>Rep. Duncan, John J., Jr. [R-TN-2]</fullName>
        <bioguideId>D000533</bioguideId>
        <sponsorshipWithdrawnDate />
        <sponsorshipDate>2017-04-24</sponsorshipDate>
        <lastName>DUNCAN</lastName>
        <district>2</district>
        <state>TN</state>
        <party>R</party>
      </item>
      <item>
        <identifiers>
          <gpoId />
          <lisID>2251</lisID>
          <bioguideId>D000624</bioguideId>
        </identifiers>
        <firstName>Debbie</firstName>
        <middleName />
        <isOriginalCosponsor>False</isOriginalCosponsor>
        <fullName>Rep. Dingell, Debbie [D-MI-12]</fullName>
        <bioguideId>D000624</bioguideId>
        <sponsorshipWithdrawnDate />
        <sponsorshipDate>2017-04-28</sponsorshipDate>
        <lastName>Dingell</lastName>
        <district>12</district>
        <state>MI</state>
        <party>D</party>
      </item>
      <item>
        <identifiers>
          <lisID>1042</lisID>
          <gpoId>8077</gpoId>
          <bioguideId>S000248</bioguideId>
        </identifiers>
        <firstName>JOSE</firstName>
        <middleName>E.</middleName>
        <isOriginalCosponsor>False</isOriginalCosponsor>
        <fullName>Rep. Serrano, Jose E. [D-NY-15]</fullName>
        <bioguideId>S000248</bioguideId>
        <sponsorshipWithdrawnDate />
        <sponsorshipDate>2017-04-28</sponsorshipDate>
        <lastName>SERRANO</lastName>
        <district>15</district>
        <state>NY</state>
        <party>D</party>
      </item>
      <item>
        <identifiers>
          <gpoId />
          <lisID>2308</lisID>
          <bioguideId>K000389</bioguideId>
        </identifiers>
        <firstName>Ro</firstName>
        <middleName />
        <isOriginalCosponsor>False</isOriginalCosponsor>
        <fullName>Rep. Khanna, Ro [D-CA-17]</fullName>
        <bioguideId>K000389</bioguideId>
        <sponsorshipWithdrawnDate />
        <sponsorshipDate>2017-05-16</sponsorshipDate>
        <lastName>Khanna</lastName>
        <district>17</district>
        <state>CA</state>
        <party>D</party>
      </item>
      <item>
        <identifiers>
          <gpoId>7892</gpoId>
          <lisID>1777</lisID>
          <bioguideId>W000797</bioguideId>
        </identifiers>
        <firstName>Debbie</firstName>
        <middleName />
        <isOriginalCosponsor>False</isOriginalCosponsor>
        <fullName>Rep. Wasserman Schultz, Debbie [D-FL-23]</fullName>
        <bioguideId>W000797</bioguideId>
        <sponsorshipWithdrawnDate />
        <sponsorshipDate>2017-05-25</sponsorshipDate>
        <lastName>Wasserman Schultz</lastName>
        <district>23</district>
        <state>FL</state>
        <party>D</party>
      </item>
      <item>
        <identifiers>
          <gpoId>8116</gpoId>
          <lisID>99</lisID>
          <bioguideId>B000574</bioguideId>
        </identifiers>
        <firstName>EARL</firstName>
        <middleName />
        <isOriginalCosponsor>False</isOriginalCosponsor>
        <fullName>Rep. Blumenauer, Earl [D-OR-3]</fullName>
        <bioguideId>B000574</bioguideId>
        <sponsorshipWithdrawnDate />
        <sponsorshipDate>2017-05-25</sponsorshipDate>
        <lastName>BLUMENAUER</lastName>
        <district>3</district>
        <state>OR</state>
        <party>D</party>
      </item>
      <item>
        <identifiers>
          <gpoId />
          <bioguideId>S001200</bioguideId>
          <lisID>2319</lisID>
        </identifiers>
        <firstName>Darren</firstName>
        <middleName />
        <isOriginalCosponsor>False</isOriginalCosponsor>
        <fullName>Rep. Soto, Darren [D-FL-9]</fullName>
        <bioguideId>S001200</bioguideId>
        <sponsorshipWithdrawnDate />
        <sponsorshipDate>2017-05-25</sponsorshipDate>
        <lastName>Soto</lastName>
        <district>9</district>
        <state>FL</state>
        <party>D</party>
      </item>
      <item>
        <identifiers>
          <gpoId>7895</gpoId>
          <lisID>511</lisID>
          <bioguideId>H000324</bioguideId>
        </identifiers>
        <firstName>ALCEE</firstName>
        <middleName>L.</middleName>
        <isOriginalCosponsor>False</isOriginalCosponsor>
        <fullName>Rep. Hastings, Alcee L. [D-FL-20]</fullName>
        <bioguideId>H000324</bioguideId>
        <sponsorshipWithdrawnDate />
        <sponsorshipDate>2017-06-06</sponsorshipDate>
        <lastName>HASTINGS</lastName>
        <district>20</district>
        <state>FL</state>
        <party>D</party>
      </item>
      <item>
        <identifiers>
          <gpoId />
          <bioguideId>L000585</bioguideId>
          <lisID>2295</lisID>
        </identifiers>
        <firstName>Darin</firstName>
        <middleName />
        <isOriginalCosponsor>False</isOriginalCosponsor>
        <fullName>Rep. LaHood, Darin [R-IL-18]</fullName>
        <bioguideId>L000585</bioguideId>
        <sponsorshipWithdrawnDate />
        <sponsorshipDate>2017-06-08</sponsorshipDate>
        <lastName>LaHood</lastName>
        <district>18</district>
        <state>IL</state>
        <party>R</party>
      </item>
      <item>
        <identifiers>
          <gpoId />
          <lisID>2243</lisID>
          <bioguideId>B001295</bioguideId>
        </identifiers>
        <firstName>Mike</firstName>
        <middleName />
        <isOriginalCosponsor>False</isOriginalCosponsor>
        <fullName>Rep. Bost, Mike [R-IL-12]</fullName>
        <bioguideId>B001295</bioguideId>
        <sponsorshipWithdrawnDate />
        <sponsorshipDate>2017-06-13</sponsorshipDate>
        <lastName>Bost</lastName>
        <district>12</district>
        <state>IL</state>
        <party>R</party>
      </item>
      <item>
        <identifiers>
          <bioguideId>B001278</bioguideId>
          <lisID>2092</lisID>
          <gpoId>8367</gpoId>
        </identifiers>
        <firstName>Suzanne</firstName>
        <middleName />
        <isOriginalCosponsor>False</isOriginalCosponsor>
        <fullName>Rep. Bonamici, Suzanne [D-OR-1]</fullName>
        <bioguideId>B001278</bioguideId>
        <sponsorshipWithdrawnDate />
        <sponsorshipDate>2017-06-20</sponsorshipDate>
        <lastName>Bonamici</lastName>
        <district>1</district>
        <state>OR</state>
        <party>D</party>
      </item>
      <item>
        <identifiers>
          <gpoId />
          <bioguideId>B001303</bioguideId>
          <lisID>2313</lisID>
        </identifiers>
        <firstName>Lisa</firstName>
        <middleName />
        <isOriginalCosponsor>False</isOriginalCosponsor>
        <fullName>Rep. Blunt Rochester, Lisa [D-DE-At Large]</fullName>
        <bioguideId>B001303</bioguideId>
        <sponsorshipWithdrawnDate />
        <sponsorshipDate>2017-06-26</sponsorshipDate>
        <lastName>Blunt Rochester</lastName>
        <district>0</district>
        <state>DE</state>
        <party>D</party>
      </item>
      <item>
        <identifiers>
          <lisID>2126</lisID>
          <gpoId />
          <bioguideId>D000619</bioguideId>
        </identifiers>
        <firstName>Rodney</firstName>
        <middleName />
        <isOriginalCosponsor>False</isOriginalCosponsor>
        <fullName>Rep. Davis, Rodney [R-IL-13]</fullName>
        <bioguideId>D000619</bioguideId>
        <sponsorshipWithdrawnDate />
        <sponsorshipDate>2017-06-28</sponsorshipDate>
        <lastName>Davis</lastName>
        <district>13</district>
        <state>IL</state>
        <party>R</party>
      </item>
      <item>
        <identifiers>
          <gpoId />
          <bioguideId>M001193</bioguideId>
          <lisID>2258</lisID>
        </identifiers>
        <firstName>Thomas</firstName>
        <middleName />
        <isOriginalCosponsor>False</isOriginalCosponsor>
        <fullName>Rep. MacArthur, Thomas [R-NJ-3]</fullName>
        <bioguideId>M001193</bioguideId>
        <sponsorshipWithdrawnDate />
        <sponsorshipDate>2017-06-29</sponsorshipDate>
        <lastName>MacArthur</lastName>
        <district>3</district>
        <state>NJ</state>
        <party>R</party>
      </item>
      <item>
        <identifiers>
          <lisID>2345</lisID>
          <gpoId />
          <bioguideId>F000466</bioguideId>
        </identifiers>
        <firstName>Brian</firstName>
        <middleName>K.</middleName>
        <isOriginalCosponsor>False</isOriginalCosponsor>
        <fullName>Rep. Fitzpatrick, Brian K. [R-PA-8]</fullName>
        <bioguideId>F000466</bioguideId>
        <sponsorshipWithdrawnDate />
        <sponsorshipDate>2017-06-29</sponsorshipDate>
        <lastName>Fitzpatrick</lastName>
        <district>8</district>
        <state>PA</state>
        <party>R</party>
      </item>
      <item>
        <identifiers>
          <gpoId />
          <bioguideId>J000297</bioguideId>
          <lisID>2278</lisID>
        </identifiers>
        <firstName>Evan</firstName>
        <middleName>H.</middleName>
        <isOriginalCosponsor>False</isOriginalCosponsor>
        <fullName>Rep. Jenkins, Evan H. [R-WV-3]</fullName>
        <bioguideId>J000297</bioguideId>
        <sponsorshipWithdrawnDate />
        <sponsorshipDate>2017-07-11</sponsorshipDate>
        <lastName>Jenkins</lastName>
        <district>3</district>
        <state>WV</state>
        <party>R</party>
      </item>
      <item>
        <identifiers>
          <bioguideId>Z000017</bioguideId>
          <lisID>2261</lisID>
          <gpoId />
        </identifiers>
        <firstName>Lee</firstName>
        <middleName>M.</middleName>
        <isOriginalCosponsor>False</isOriginalCosponsor>
        <fullName>Rep. Zeldin, Lee M. [R-NY-1]</fullName>
        <bioguideId>Z000017</bioguideId>
        <sponsorshipWithdrawnDate />
        <sponsorshipDate>2017-07-11</sponsorshipDate>
        <lastName>Zeldin</lastName>
        <district>1</district>
        <state>NY</state>
        <party>R</party>
      </item>
      <item>
        <identifiers>
          <gpoId />
          <lisID>2202</lisID>
          <bioguideId>N000188</bioguideId>
        </identifiers>
        <firstName>Donald</firstName>
        <middleName />
        <isOriginalCosponsor>False</isOriginalCosponsor>
        <fullName>Rep. Norcross, Donald [D-NJ-1]</fullName>
        <bioguideId>N000188</bioguideId>
        <sponsorshipWithdrawnDate />
        <sponsorshipDate>2017-07-11</sponsorshipDate>
        <lastName>Norcross</lastName>
        <district>1</district>
        <state>NJ</state>
        <party>D</party>
      </item>
      <item>
        <identifiers>
          <lisID>2332</lisID>
          <gpoId />
          <bioguideId>R000606</bioguideId>
        </identifiers>
        <firstName>Jamie</firstName>
        <middleName />
        <isOriginalCosponsor>False</isOriginalCosponsor>
        <fullName>Rep. Raskin, Jamie [D-MD-8]</fullName>
        <bioguideId>R000606</bioguideId>
        <sponsorshipWithdrawnDate />
        <sponsorshipDate>2017-07-19</sponsorshipDate>
        <lastName>Raskin</lastName>
        <district>8</district>
        <state>MD</state>
        <party>D</party>
      </item>
      <item>
        <identifiers>
          <lisID>699</lisID>
          <gpoId>8044</gpoId>
          <bioguideId>L000554</bioguideId>
        </identifiers>
        <firstName>FRANK</firstName>
        <middleName>A.</middleName>
        <isOriginalCosponsor>False</isOriginalCosponsor>
        <fullName>Rep. LoBiondo, Frank A. [R-NJ-2]</fullName>
        <bioguideId>L000554</bioguideId>
        <sponsorshipWithdrawnDate />
        <sponsorshipDate>2017-07-27</sponsorshipDate>
        <lastName>LOBIONDO</lastName>
        <district>2</district>
        <state>NJ</state>
        <party>R</party>
      </item>
      <item>
        <identifiers>
          <bioguideId>P000608</bioguideId>
          <lisID>2113</lisID>
          <gpoId />
        </identifiers>
        <firstName>Scott</firstName>
        <middleName>H.</middleName>
        <isOriginalCosponsor>False</isOriginalCosponsor>
        <fullName>Rep. Peters, Scott H. [D-CA-52]</fullName>
        <bioguideId>P000608</bioguideId>
        <sponsorshipWithdrawnDate />
        <sponsorshipDate>2017-09-06</sponsorshipDate>
        <lastName>Peters</lastName>
        <district>52</district>
        <state>CA</state>
        <party>D</party>
      </item>
      <item>
        <identifiers>
          <lisID>2253</lisID>
          <gpoId />
          <bioguideId>E000294</bioguideId>
        </identifiers>
        <firstName>Tom</firstName>
        <middleName />
        <isOriginalCosponsor>False</isOriginalCosponsor>
        <fullName>Rep. Emmer, Tom [R-MN-6]</fullName>
        <bioguideId>E000294</bioguideId>
        <sponsorshipWithdrawnDate />
        <sponsorshipDate>2017-09-06</sponsorshipDate>
        <lastName>Emmer</lastName>
        <district>6</district>
        <state>MN</state>
        <party>R</party>
      </item>
      <item>
        <identifiers>
          <lisID>2325</lisID>
          <gpoId />
          <bioguideId>K000391</bioguideId>
        </identifiers>
        <firstName>Raja</firstName>
        <middleName />
        <isOriginalCosponsor>False</isOriginalCosponsor>
        <fullName>Rep. Krishnamoorthi, Raja [D-IL-8]</fullName>
        <bioguideId>K000391</bioguideId>
        <sponsorshipWithdrawnDate />
        <sponsorshipDate>2017-09-06</sponsorshipDate>
        <lastName>Krishnamoorthi</lastName>
        <district>8</district>
        <state>IL</state>
        <party>D</party>
      </item>
      <item>
        <identifiers>
          <gpoId />
          <lisID>2338</lisID>
          <bioguideId>G000583</bioguideId>
        </identifiers>
        <firstName>Josh</firstName>
        <middleName />
        <isOriginalCosponsor>False</isOriginalCosponsor>
        <fullName>Rep. Gottheimer, Josh [D-NJ-5]</fullName>
        <bioguideId>G000583</bioguideId>
        <sponsorshipWithdrawnDate />
        <sponsorshipDate>2017-09-27</sponsorshipDate>
        <lastName>Gottheimer</lastName>
        <district>5</district>
        <state>NJ</state>
        <party>D</party>
      </item>
      <item>
        <identifiers>
          <gpoId>8064</gpoId>
          <bioguideId>K000210</bioguideId>
          <lisID>635</lisID>
        </identifiers>
        <firstName>PETER</firstName>
        <middleName>T.</middleName>
        <isOriginalCosponsor>False</isOriginalCosponsor>
        <fullName>Rep. King, Peter T. [R-NY-2]</fullName>
        <bioguideId>K000210</bioguideId>
        <sponsorshipWithdrawnDate />
        <sponsorshipDate>2017-09-27</sponsorshipDate>
        <lastName>KING</lastName>
        <district>2</district>
        <state>NY</state>
        <party>R</party>
      </item>
      <item>
        <identifiers>
          <gpoId />
          <bioguideId>D000623</bioguideId>
          <lisID>2227</lisID>
        </identifiers>
        <firstName>Mark</firstName>
        <middleName />
        <isOriginalCosponsor>False</isOriginalCosponsor>
        <fullName>Rep. DeSaulnier, Mark [D-CA-11]</fullName>
        <bioguideId>D000623</bioguideId>
        <sponsorshipWithdrawnDate />
        <sponsorshipDate>2017-10-11</sponsorshipDate>
        <lastName>DeSaulnier</lastName>
        <district>11</district>
        <state>CA</state>
        <party>D</party>
      </item>
      <item>
        <identifiers>
          <lisID>1811</lisID>
          <gpoId>8217</gpoId>
          <bioguideId>M001160</bioguideId>
        </identifiers>
        <firstName>Gwen</firstName>
        <middleName />
        <isOriginalCosponsor>False</isOriginalCosponsor>
        <fullName>Rep. Moore, Gwen [D-WI-4]</fullName>
        <bioguideId>M001160</bioguideId>
        <sponsorshipWithdrawnDate />
        <sponsorshipDate>2017-11-13</sponsorshipDate>
        <lastName>Moore</lastName>
        <district>4</district>
        <state>WI</state>
        <party>D</party>
      </item>
      <item>
        <identifiers>
          <gpoId />
          <lisID>2119</lisID>
          <bioguideId>F000462</bioguideId>
        </identifiers>
        <firstName>Lois</firstName>
        <middleName />
        <isOriginalCosponsor>False</isOriginalCosponsor>
        <fullName>Rep. Frankel, Lois [D-FL-21]</fullName>
        <bioguideId>F000462</bioguideId>
        <sponsorshipWithdrawnDate />
        <sponsorshipDate>2018-01-17</sponsorshipDate>
        <lastName>Frankel</lastName>
        <district>21</district>
        <state>FL</state>
        <party>D</party>
      </item>
      <item>
        <identifiers>
          <gpoId>7528</gpoId>
          <lisID>1861</lisID>
          <bioguideId>S001170</bioguideId>
        </identifiers>
        <firstName>Carol</firstName>
        <middleName />
        <isOriginalCosponsor>False</isOriginalCosponsor>
        <fullName>Rep. Shea-Porter, Carol [D-NH-1]</fullName>
        <bioguideId>S001170</bioguideId>
        <sponsorshipWithdrawnDate />
        <sponsorshipDate>2018-01-30</sponsorshipDate>
        <lastName>Shea-Porter</lastName>
        <district>1</district>
        <state>NH</state>
        <party>D</party>
      </item>
      <item>
        <identifiers>
          <lisID>1921</lisID>
          <gpoId>7950</gpoId>
          <bioguideId>J000290</bioguideId>
        </identifiers>
        <firstName>Lynn</firstName>
        <middleName />
        <isOriginalCosponsor>False</isOriginalCosponsor>
        <fullName>Rep. Jenkins, Lynn [R-KS-2]</fullName>
        <bioguideId>J000290</bioguideId>
        <sponsorshipWithdrawnDate />
        <sponsorshipDate>2018-02-13</sponsorshipDate>
        <lastName>Jenkins</lastName>
        <district>2</district>
        <state>KS</state>
        <party>R</party>
      </item>
    </cosponsors>
    <summaries>
      <billSummaries>
        <item>
          <actionDate>2017-01-24</actionDate>
          <actionDesc>Introduced in House</actionDesc>
          <versionCode>00</versionCode>
          <text><![CDATA[<p><b>Stem the Tide of Overdose Prevalence from Opiate Drugs Act of 2017 or as the STOP OD Act of 2017</b></p> <p>This bill permits the Centers for Disease Control and Prevention (CDC) to award grants: (1) to expand educational efforts to prevent abuse of opioids, which are drugs with effects similar to opium, such as heroin; (2) to promote treatment of persons who abuse opioids; and (3) to promote understanding of addiction.</p> <p>The Department of Health and Human Services (HHS) may award grants to: (1) support first responders carrying and administering naloxone, which is a prescription drug used to rapidly reverse an opioid overdose; (2) establish processes for referral to treatment for opioid abuse; and (3) reimburse for testing for fentanyl in opioid overdoses and reporting the results to the CDC.</p> <p>This bill amends the Controlled Substances Act to impose a fee on persons convicted of drug offenses. Collected amounts are made available for the HHS grants in this bill.</p> <p>Specified agencies must submit to the Office of E-Government and Information Technology of the Office of Management and Budget an inventory of agency data centers and a strategy to consolidate and optimize the data centers.</p> <p>The bill revises reporting requirements for the Department of Defense (DOD) regarding data centers. DOD and the Director of National Intelligence may waive this bill's data center requirements for any national security system.</p> <p>The bill sets forth requirements for the Office of E-Government and Information Technology, including that the office must publish a goal for cost savings and optimization.</p> The bill's provisions regarding data centers are repealed at the start of FY2021.]]></text>
          <updateDate>2017-01-24T05:00:00Z</updateDate>
          <lastSummaryUpdateDate>2017-03-21T14:14:12Z</lastSummaryUpdateDate>
          <name>Introduced in House</name>
        </item>
      </billSummaries>
    </summaries>
    <congress>115</congress>
    <notes />
    <title>STOP OD Act of 2017</title>
    <constitutionalAuthorityStatementText><![CDATA[<pre>From the Congressional Record Online through the Government Publishing Office [<a href='http://www.gpo.gov'>www.gpo.gov</a>]By Mr. JOYCE of Ohio:H.R. 664.Congress has the power to enact this legislation pursuantto the following:Article I, Section 8, Clause 18The Congress shall have Power * * * To make all Laws whichshall be necessary and proper for carrying into Execution theforegoing Powers, and all other Powers vested by theConstitution in the Government of the United States, or inany Department or Office thereof.Article I, Section 8, Clause 1The Congress shall have Power to lay and collect Taxes,Duties, Imposts, and Excises, to pay the Debts and providefor the common Defence and general Welfare of the UnitedStates; but all Duties, Imposts, and Excises shall be uniformthroughout the Unites States.[Page H688]</pre>]]></constitutionalAuthorityStatementText>
    <sponsors>
      <item>
        <bioguideId>J000295</bioguideId>
        <lastName>Joyce</lastName>
        <party>R</party>
        <identifiers>
          <gpoId />
          <lisID>2154</lisID>
          <bioguideId>J000295</bioguideId>
        </identifiers>
        <fullName>Rep. Joyce, David P. [R-OH-14]</fullName>
        <firstName>David</firstName>
        <state>OH</state>
        <district>14</district>
        <byRequestType />
        <middleName>P.</middleName>
      </item>
    </sponsors>
    <titles>
      <item>
        <titleType>(Extracted from GPO) Short Titles as Introduced</titleType>
        <parentTitleType />
        <chamberCode />
        <title>Stem the Tide of Overdose Prevalence from Opiate Drugs Act of 2017</title>
        <chamberName />
      </item>
      <item>
        <titleType>Short Titles as Introduced</titleType>
        <parentTitleType />
        <chamberCode />
        <title>STOP OD Act of 2017</title>
        <chamberName />
      </item>
      <item>
        <titleType>Short Titles as Introduced</titleType>
        <parentTitleType />
        <chamberCode />
        <title>Stem the Tide of Overdose Prevalence from Opiate Drugs Act of 2017</title>
        <chamberName />
      </item>
      <item>
        <titleType>Official Title as Introduced</titleType>
        <parentTitleType />
        <chamberCode />
        <title>To prevent the abuse of opiates, to improve response and treatment for the abuse of opiates and related overdoses, and for other purposes.</title>
        <chamberName />
      </item>
      <item>
        <titleType>Display Title</titleType>
        <parentTitleType />
        <chamberCode />
        <title>STOP OD Act of 2017</title>
        <chamberName />
      </item>
    </titles>
    <calendarNumbers />
    <billType>HR</billType>
    <latestAction>
      <text>Referred to the Subcommittee on Emerging Threats and Capabilities.</text>
      <actionDate>2017-02-21</actionDate>
      <links />
    </latestAction>
    <laws />
    <committees>
      <billCommittees>
        <item>
          <chamber>House</chamber>
          <type>Standing</type>
          <subcommittees>
            <item>
              <systemCode>hsas26</systemCode>
              <name>Emerging Threats and Capabilities Subcommittee</name>
              <activities>
                <item>
                  <date>2017-02-21T19:10:47Z</date>
                  <name>Referred to</name>
                </item>
              </activities>
            </item>
          </subcommittees>
          <systemCode>hsas00</systemCode>
          <name>Armed Services Committee</name>
          <activities>
            <item>
              <date>2017-01-24T15:06:25Z</date>
              <name>Referred to</name>
            </item>
          </activities>
        </item>
        <item>
          <chamber>House</chamber>
          <type>Standing</type>
          <subcommittees>
            <item>
              <systemCode>hsju08</systemCode>
              <name>Crime, Terrorism, Homeland Security, and Investigations Subcommittee</name>
              <activities>
                <item>
                  <date>2017-02-08T21:39:12Z</date>
                  <name>Referred to</name>
                </item>
              </activities>
            </item>
          </subcommittees>
          <systemCode>hsju00</systemCode>
          <name>Judiciary Committee</name>
          <activities>
            <item>
              <date>2017-01-24T15:06:15Z</date>
              <name>Referred to</name>
            </item>
          </activities>
        </item>
        <item>
          <chamber>House</chamber>
          <type>Standing</type>
          <subcommittees />
          <systemCode>hsgo00</systemCode>
          <name>Oversight and Government Reform Committee</name>
          <activities>
            <item>
              <date>2017-01-24T15:06:20Z</date>
              <name>Referred to</name>
            </item>
          </activities>
        </item>
        <item>
          <chamber>House</chamber>
          <type>Standing</type>
          <subcommittees />
          <systemCode>hsif00</systemCode>
          <name>Energy and Commerce Committee</name>
          <activities>
            <item>
              <date>2017-01-24T15:06:10Z</date>
              <name>Referred to</name>
            </item>
          </activities>
        </item>
      </billCommittees>
    </committees>
    <introducedDate>2017-01-24</introducedDate>
    <policyArea>
      <name>Health</name>
    </policyArea>
    <cboCostEstimates />
    <recordedVotes />
    <billNumber>664</billNumber>
    <updateDate>2018-02-16T18:01:04Z</updateDate>
    <subjects>
      <billSubjects>
        <legislativeSubjects>
          <item>
            <name>Civil actions and liability</name>
          </item>
          <item>
            <name>Computer security and identity theft</name>
          </item>
          <item>
            <name>Computers and information technology</name>
          </item>
          <item>
            <name>Congressional oversight</name>
          </item>
          <item>
            <name>Criminal procedure and sentencing</name>
          </item>
          <item>
            <name>Drug therapy</name>
          </item>
          <item>
            <name>Drug trafficking and controlled substances</name>
          </item>
          <item>
            <name>Drug, alcohol, tobacco use</name>
          </item>
          <item>
            <name>Emergency medical services and trauma care</name>
          </item>
          <item>
            <name>Executive agency funding and structure</name>
          </item>
          <item>
            <name>First responders and emergency personnel</name>
          </item>
          <item>
            <name>Government information and archives</name>
          </item>
          <item>
            <name>Government studies and investigations</name>
          </item>
          <item>
            <name>Health personnel</name>
          </item>
          <item>
            <name>Health programs administration and funding</name>
          </item>
          <item>
            <name>Health promotion and preventive care</name>
          </item>
          <item>
            <name>Performance measurement</name>
          </item>
        </legislativeSubjects>
        <policyArea>
          <name>Health</name>
        </policyArea>
      </billSubjects>
    </subjects>
    <amendments />
    <actions>
      <item>
        <actionDate>2017-02-21</actionDate>
        <committee>
          <name>Emerging Threats and Capabilities Subcommittee</name>
          <systemCode>hsas26</systemCode>
        </committee>
        <links />
        <sourceSystem>
          <code>1</code>
          <name>House committee actions</name>
        </sourceSystem>
        <text>Referred to the Subcommittee on Emerging Threats and Capabilities.</text>
        <type>Committee</type>
      </item>
      <item>
        <actionDate>2017-02-08</actionDate>
        <committee>
          <name>Crime, Terrorism, Homeland Security, and Investigations Subcommittee</name>
          <systemCode>hsju08</systemCode>
        </committee>
        <links />
        <sourceSystem>
          <code>1</code>
          <name>House committee actions</name>
        </sourceSystem>
        <text>Referred to the Subcommittee on Crime, Terrorism, Homeland Security, and Investigations.</text>
        <type>Committee</type>
      </item>
      <item>
        <text>Referred to House Armed Services</text>
        <links />
        <actionDate>2017-01-24</actionDate>
        <actionCode>H11100</actionCode>
        <sourceSystem>
          <code>2</code>
          <name>House floor actions</name>
        </sourceSystem>
        <type>IntroReferral</type>
        <committee>
          <name>Armed Services Committee</name>
          <systemCode>hsas00</systemCode>
        </committee>
      </item>
      <item>
        <text>Referred to House Oversight and Government Reform</text>
        <links />
        <actionDate>2017-01-24</actionDate>
        <actionCode>H11100</actionCode>
        <sourceSystem>
          <code>2</code>
          <name>House floor actions</name>
        </sourceSystem>
        <type>IntroReferral</type>
        <committee>
          <name>Oversight and Government Reform Committee</name>
          <systemCode>hsgo00</systemCode>
        </committee>
      </item>
      <item>
        <text>Referred to House Judiciary</text>
        <links />
        <actionDate>2017-01-24</actionDate>
        <actionCode>H11100</actionCode>
        <sourceSystem>
          <code>2</code>
          <name>House floor actions</name>
        </sourceSystem>
        <type>IntroReferral</type>
        <committee>
          <name>Judiciary Committee</name>
          <systemCode>hsju00</systemCode>
        </committee>
      </item>
      <item>
        <text>Referred to House Energy and Commerce</text>
        <links />
        <actionDate>2017-01-24</actionDate>
        <actionCode>H11100</actionCode>
        <sourceSystem>
          <code>2</code>
          <name>House floor actions</name>
        </sourceSystem>
        <type>IntroReferral</type>
        <committee>
          <name>Energy and Commerce Committee</name>
          <systemCode>hsif00</systemCode>
        </committee>
      </item>
      <item>
        <text>Referred to the Committee on Energy and Commerce, and in addition to the Committees on the Judiciary, Oversight and Government Reform, and Armed Services, for a period to be subsequently determined by the Speaker, in each case for consideration of such provisions as fall within the jurisdiction of the committee concerned.</text>
        <links />
        <actionDate>2017-01-24</actionDate>
        <actionCode>H11100-A</actionCode>
        <sourceSystem>
          <code>9</code>
          <name>Library of Congress</name>
        </sourceSystem>
        <type>IntroReferral</type>
        <committee />
      </item>
      <item>
        <text>Introduced in House</text>
        <links />
        <actionDate>2017-01-24</actionDate>
        <actionCode>Intro-H</actionCode>
        <sourceSystem>
          <code>9</code>
          <name>Library of Congress</name>
        </sourceSystem>
        <type>IntroReferral</type>
        <committee />
      </item>
      <item>
        <text>Introduced in House</text>
        <links />
        <actionDate>2017-01-24</actionDate>
        <actionCode>1000</actionCode>
        <sourceSystem>
          <code>9</code>
          <name>Library of Congress</name>
        </sourceSystem>
        <type>IntroReferral</type>
        <committee />
      </item>
      <actionByCounts>
        <houseOfRepresentatives>9</houseOfRepresentatives>
      </actionByCounts>
      <actionTypeCounts>
        <billReferrals>4</billReferrals>
        <introducedInTheHouse>1</introducedInTheHouse>
        <introducedInHouse>1</introducedInHouse>
        <placeholderTextForH>2</placeholderTextForH>
        <billReferralsAggregate>1</billReferralsAggregate>
      </actionTypeCounts>
    </actions>
    <relatedBills />
    <createDate>2017-01-25T04:45:55Z</createDate>
    <originChamber>House</originChamber>
    <version>1.0.0</version>
  </bill>
  <dublinCore xmlns:dc="http://purl.org/dc/elements/1.1/">
    <dc:format>text/xml</dc:format>
    <dc:language>EN</dc:language>
    <dc:rights>Pursuant to Title 17 Section 105 of the United States Code, this file is not subject to copyright protection and is in the public domain.</dc:rights>
    <dc:contributor>Congressional Research Service, Library of Congress</dc:contributor>
    <dc:description>This file contains bill summaries and statuses for federal legislation. A bill summary describes the most significant provisions of a piece of legislation and details the effects the legislative text may have on current law and federal programs. Bill summaries are authored by the Congressional Research Service (CRS) of the Library of Congress. As stated in Public Law 91-510 (2 USC 166 (d)(6)), one of the duties of CRS is "to prepare summaries and digests of bills and resolutions of a public general nature introduced in the Senate or House of Representatives". For more information, refer to the User Guide that accompanies this file.</dc:description>
  </dublinCore>
</billStatus>

