<?xml version="1.0" encoding="UTF-8"?>
<billStatus>
  <bill>
    <constitutionalAuthorityStatementText><![CDATA[<pre>From the Congressional Record Online through the Government Publishing Office [<a href='http://www.gpo.gov'>www.gpo.gov</a>]By Mr. CHAFFETZ:H.R. 396.Congress has the power to enact this legislation pursuantto the following:Article I, Section 8, Clause 1 of the United StatesConstitution[Page H299]</pre>]]></constitutionalAuthorityStatementText>
    <originChamber>House</originChamber>
    <subjects>
      <billSubjects>
        <legislativeSubjects>
          <item>
            <name>Administrative law and regulatory procedures</name>
          </item>
          <item>
            <name>Congressional oversight</name>
          </item>
          <item>
            <name>Debt collection</name>
          </item>
          <item>
            <name>Employee performance</name>
          </item>
          <item>
            <name>Fraud offenses and financial crimes</name>
          </item>
          <item>
            <name>Government employee pay, benefits, personnel management</name>
          </item>
          <item>
            <name>Government ethics and transparency, public corruption</name>
          </item>
          <item>
            <name>Office of Management and Budget (OMB)</name>
          </item>
          <item>
            <name>Office of Personnel Management (OPM)</name>
          </item>
          <item>
            <name>Public contracts and procurement</name>
          </item>
          <item>
            <name>Right of privacy</name>
          </item>
          <item>
            <name>Tax administration and collection, taxpayers</name>
          </item>
        </legislativeSubjects>
        <policyArea>
          <name>Government Operations and Politics</name>
        </policyArea>
      </billSubjects>
    </subjects>
    <cosponsors />
    <billType>HR</billType>
    <recordedVotes />
    <laws />
    <committeeReports />
    <actions>
      <item>
        <sourceSystem>
          <name>House floor actions</name>
          <code>2</code>
        </sourceSystem>
        <actionDate>2017-01-10</actionDate>
        <links />
        <text>Referred to the House Committee on Oversight and Government Reform.</text>
        <committee>
          <systemCode>hsgo00</systemCode>
          <name>Oversight and Government Reform Committee</name>
        </committee>
        <actionCode>H11100</actionCode>
        <type>IntroReferral</type>
      </item>
      <item>
        <sourceSystem>
          <name>Library of Congress</name>
          <code>9</code>
        </sourceSystem>
        <actionDate>2017-01-10</actionDate>
        <links />
        <text>Introduced in House</text>
        <committee />
        <actionCode>Intro-H</actionCode>
        <type>IntroReferral</type>
      </item>
      <item>
        <sourceSystem>
          <name>Library of Congress</name>
          <code>9</code>
        </sourceSystem>
        <actionDate>2017-01-10</actionDate>
        <links />
        <text>Introduced in House</text>
        <committee />
        <actionCode>1000</actionCode>
        <type>IntroReferral</type>
      </item>
      <actionByCounts>
        <houseOfRepresentatives>3</houseOfRepresentatives>
      </actionByCounts>
      <actionTypeCounts>
        <billReferrals>1</billReferrals>
        <introducedInTheHouse>1</introducedInTheHouse>
        <introducedInHouse>1</introducedInHouse>
      </actionTypeCounts>
    </actions>
    <createDate>2017-01-11T05:09:42Z</createDate>
    <version>1.0.0</version>
    <notes />
    <latestAction>
      <actionDate>2017-01-10</actionDate>
      <text>Referred to the House Committee on Oversight and Government Reform.</text>
      <links />
    </latestAction>
    <title>Tax Accountability Act of 2017</title>
    <summaries>
      <billSummaries>
        <item>
          <text><![CDATA[<p><b>Tax Accountability Act of 2017</b></p> <p>This bill declares that no government contracts or grants should be awarded to individuals or companies with seriously delinquent federal tax debts.</p> <p>Agencies offering a grant or issuing a solicitation for bids or a request for proposals for a contract in an amount greater than the simplified acquisition threshold (currently $150,000) shall require each person that submits a grant application, bid, or proposal to: (1) certify whether such person has a seriously delinquent tax debt, and (2) authorize the Department of the Treasury to disclose to the agency whether the person has a seriously delinquent tax debt.</p> <p>Agencies shall consider a person who has a seriously delinquent tax debt not to be a responsible source and thus the person may not be awarded contracts. Agencies must consider a grant applicant who has a seriously delinquent tax debt high risk, shall decline the grant application, and must ensure that the applicant does not receive future grants offered by the agency.</p> <p>Subject to waiver, agencies shall initiate a suspension or debarment proceeding against a person making offers or applying for grants who has a seriously delinquent tax debt or who falsely certified whether the person has a seriously delinquent tax debt. </p> <p>Individuals with seriously delinquent tax debts are not eligible for federal employment. Agencies must provide for review of public records to determine if a tax lien has been filed on employees or applicants for employment. Agencies may take certain personnel action against employees who fail to file a tax return or understate their tax liability. </p>]]></text>
          <versionCode>00</versionCode>
          <actionDate>2017-01-10</actionDate>
          <name>Introduced in House</name>
          <actionDesc>Introduced in House</actionDesc>
          <lastSummaryUpdateDate>2017-08-26T15:47:24Z</lastSummaryUpdateDate>
          <updateDate>2017-01-10T05:00:00Z</updateDate>
        </item>
      </billSummaries>
    </summaries>
    <congress>115</congress>
    <policyArea>
      <name>Government Operations and Politics</name>
    </policyArea>
    <billNumber>396</billNumber>
    <calendarNumbers />
    <cboCostEstimates />
    <introducedDate>2017-01-10</introducedDate>
    <relatedBills />
    <committees>
      <billCommittees>
        <item>
          <chamber>House</chamber>
          <name>Oversight and Government Reform Committee</name>
          <systemCode>hsgo00</systemCode>
          <activities>
            <item>
              <date>2017-01-10T15:04:05Z</date>
              <name>Referred to</name>
            </item>
          </activities>
          <type>Standing</type>
          <subcommittees />
        </item>
      </billCommittees>
    </committees>
    <titles>
      <item>
        <parentTitleType />
        <chamberCode />
        <titleType>(Extracted from GPO) Short Titles as Introduced</titleType>
        <chamberName />
        <title>Tax Accountability Act of 2017</title>
      </item>
      <item>
        <parentTitleType />
        <chamberCode />
        <titleType>Short Titles as Introduced</titleType>
        <chamberName />
        <title>Tax Accountability Act of 2017</title>
      </item>
      <item>
        <parentTitleType />
        <chamberCode />
        <titleType>Official Title as Introduced</titleType>
        <chamberName />
        <title>To prohibit the award of a contract or grant in excess of the simplified acquisition threshold to a potential contractor or grant applicant with a seriously delinquent tax debt, to amend title 5, United States Code, to provide that individuals having seriously delinquent tax debts shall be ineligible for Federal employment, and for other purposes.</title>
      </item>
      <item>
        <parentTitleType />
        <chamberCode />
        <titleType>Display Title</titleType>
        <chamberName />
        <title>Tax Accountability Act of 2017</title>
      </item>
    </titles>
    <sponsors>
      <item>
        <fullName>Rep. Chaffetz, Jason [R-UT-3]</fullName>
        <middleName />
        <district>3</district>
        <byRequestType />
        <firstName>Jason</firstName>
        <bioguideId>C001076</bioguideId>
        <state>UT</state>
        <party>R</party>
        <lastName>Chaffetz</lastName>
        <identifiers>
          <gpoId>8191</gpoId>
          <bioguideId>C001076</bioguideId>
          <lisID>1956</lisID>
        </identifiers>
      </item>
    </sponsors>
    <updateDate>2018-02-06T16:40:45Z</updateDate>
    <amendments />
  </bill>
  <dublinCore xmlns:dc="http://purl.org/dc/elements/1.1/">
    <dc:format>text/xml</dc:format>
    <dc:language>EN</dc:language>
    <dc:rights>Pursuant to Title 17 Section 105 of the United States Code, this file is not subject to copyright protection and is in the public domain.</dc:rights>
    <dc:contributor>Congressional Research Service, Library of Congress</dc:contributor>
    <dc:description>This file contains bill summaries and statuses for federal legislation. A bill summary describes the most significant provisions of a piece of legislation and details the effects the legislative text may have on current law and federal programs. Bill summaries are authored by the Congressional Research Service (CRS) of the Library of Congress. As stated in Public Law 91-510 (2 USC 166 (d)(6)), one of the duties of CRS is "to prepare summaries and digests of bills and resolutions of a public general nature introduced in the Senate or House of Representatives". For more information, refer to the User Guide that accompanies this file.</dc:description>
  </dublinCore>
</billStatus>

