<?xml version="1.0" encoding="UTF-8"?>
<billStatus>
  <bill>
    <policyArea>
      <name>Taxation</name>
    </policyArea>
    <committeeReports />
    <congress>115</congress>
    <sponsors>
      <item>
        <identifiers>
          <gpoId>8200</gpoId>
          <lisID>2070</lisID>
          <bioguideId>G000568</bioguideId>
        </identifiers>
        <district>9</district>
        <middleName>Morgan</middleName>
        <byRequestType />
        <fullName>Rep. Griffith, H. Morgan [R-VA-9]</fullName>
        <bioguideId>G000568</bioguideId>
        <state>VA</state>
        <party>R</party>
        <firstName>H.</firstName>
        <lastName>Griffith</lastName>
      </item>
    </sponsors>
    <calendarNumbers />
    <amendments />
    <relatedBills />
    <notes />
    <originChamber>House</originChamber>
    <version>1.0.0</version>
    <billNumber>359</billNumber>
    <title>To amend the Internal Revenue Code of 1986 to provide for waivers of user fees imposed with respect to applications for reinstatement of tax-exempt status of small, subsidiary tax-exempt organizations.</title>
    <cosponsors />
    <subjects>
      <billSubjects>
        <policyArea>
          <name>Taxation</name>
        </policyArea>
        <legislativeSubjects>
          <item>
            <name>Small business</name>
          </item>
          <item>
            <name>Tax-exempt organizations</name>
          </item>
          <item>
            <name>User charges and fees</name>
          </item>
        </legislativeSubjects>
      </billSubjects>
    </subjects>
    <constitutionalAuthorityStatementText><![CDATA[<pre>From the Congressional Record Online through the Government Publishing Office [<a href='http://www.gpo.gov'>www.gpo.gov</a>]By Mr. GRIFFITH:H.R. 359.Congress has the power to enact this legislation pursuantto the following:This bill is enacted pursuant to the power granted toCongress under Article I, Section 8 of the United StatesConstitution as well as Amendment XVI[Page H195]</pre>]]></constitutionalAuthorityStatementText>
    <laws />
    <actions>
      <actionTypeCounts>
        <introducedInTheHouse>1</introducedInTheHouse>
        <billReferrals>1</billReferrals>
        <introducedInHouse>1</introducedInHouse>
      </actionTypeCounts>
      <item>
        <type>IntroReferral</type>
        <links />
        <text>Referred to the House Committee on Ways and Means.</text>
        <committee>
          <systemCode>hswm00</systemCode>
          <name>Ways and Means Committee</name>
        </committee>
        <actionDate>2017-01-06</actionDate>
        <sourceSystem>
          <name>House floor actions</name>
          <code>2</code>
        </sourceSystem>
        <actionCode>H11100</actionCode>
      </item>
      <item>
        <type>IntroReferral</type>
        <links />
        <text>Introduced in House</text>
        <committee />
        <actionDate>2017-01-06</actionDate>
        <sourceSystem>
          <name>Library of Congress</name>
          <code>9</code>
        </sourceSystem>
        <actionCode>Intro-H</actionCode>
      </item>
      <item>
        <type>IntroReferral</type>
        <links />
        <text>Introduced in House</text>
        <committee />
        <actionDate>2017-01-06</actionDate>
        <sourceSystem>
          <name>Library of Congress</name>
          <code>9</code>
        </sourceSystem>
        <actionCode>1000</actionCode>
      </item>
      <actionByCounts>
        <houseOfRepresentatives>3</houseOfRepresentatives>
      </actionByCounts>
    </actions>
    <titles>
      <item>
        <chamberName />
        <parentTitleType />
        <chamberCode />
        <titleType>Official Title as Introduced</titleType>
        <title>To amend the Internal Revenue Code of 1986 to provide for waivers of user fees imposed with respect to applications for reinstatement of tax-exempt status of small, subsidiary tax-exempt organizations.</title>
      </item>
      <item>
        <chamberName />
        <parentTitleType />
        <chamberCode />
        <titleType>Display Title</titleType>
        <title>To amend the Internal Revenue Code of 1986 to provide for waivers of user fees imposed with respect to applications for reinstatement of tax-exempt status of small, subsidiary tax-exempt organizations.</title>
      </item>
    </titles>
    <summaries>
      <billSummaries>
        <item>
          <lastSummaryUpdateDate>2017-01-23T17:54:08Z</lastSummaryUpdateDate>
          <updateDate>2017-01-06T05:00:00Z</updateDate>
          <versionCode>00</versionCode>
          <text><![CDATA[<p>This bill amends the Internal Revenue Code to require: (1) the reinstatement of the tax-exempt status of a tax-exempt subsidiary organization with fewer than 50 members whose tax-exempt status was revoked due to failure to file required tax returns or notices, and (2) a waiver of any user fee charged in connection with a reinstatement application. As a condition for reinstatement, the organization must file any required returns or notices. </p>]]></text>
          <name>Introduced in House</name>
          <actionDesc>Introduced in House</actionDesc>
          <actionDate>2017-01-06</actionDate>
        </item>
      </billSummaries>
    </summaries>
    <committees>
      <billCommittees>
        <item>
          <systemCode>hswm00</systemCode>
          <name>Ways and Means Committee</name>
          <type>Standing</type>
          <activities>
            <item>
              <name>Referred to</name>
              <date>2017-01-06T17:00:15Z</date>
            </item>
          </activities>
          <chamber>House</chamber>
          <subcommittees />
        </item>
      </billCommittees>
    </committees>
    <introducedDate>2017-01-06</introducedDate>
    <updateDate>2018-02-06T16:40:42Z</updateDate>
    <cboCostEstimates />
    <recordedVotes />
    <billType>HR</billType>
    <createDate>2017-01-07T04:48:26Z</createDate>
    <latestAction>
      <text>Referred to the House Committee on Ways and Means.</text>
      <links />
      <actionDate>2017-01-06</actionDate>
    </latestAction>
  </bill>
  <dublinCore xmlns:dc="http://purl.org/dc/elements/1.1/">
    <dc:format>text/xml</dc:format>
    <dc:language>EN</dc:language>
    <dc:rights>Pursuant to Title 17 Section 105 of the United States Code, this file is not subject to copyright protection and is in the public domain.</dc:rights>
    <dc:contributor>Congressional Research Service, Library of Congress</dc:contributor>
    <dc:description>This file contains bill summaries and statuses for federal legislation. A bill summary describes the most significant provisions of a piece of legislation and details the effects the legislative text may have on current law and federal programs. Bill summaries are authored by the Congressional Research Service (CRS) of the Library of Congress. As stated in Public Law 91-510 (2 USC 166 (d)(6)), one of the duties of CRS is "to prepare summaries and digests of bills and resolutions of a public general nature introduced in the Senate or House of Representatives". For more information, refer to the User Guide that accompanies this file.</dc:description>
  </dublinCore>
</billStatus>

