<?xml version="1.0" encoding="UTF-8"?>
<billStatus>
  <bill>
    <policyArea>
      <name>Taxation</name>
    </policyArea>
    <introducedDate>2017-01-23</introducedDate>
    <cosponsors />
    <titles>
      <item>
        <chamberName />
        <parentTitleType />
        <chamberCode />
        <titleType>(Extracted from GPO) Short Titles as Introduced</titleType>
        <title>Volunteer Income Tax Assistance (VITA) Act</title>
      </item>
      <item>
        <chamberName />
        <parentTitleType />
        <chamberCode />
        <titleType>Short Titles as Introduced</titleType>
        <title>Volunteer Income Tax Assistance (VITA) Act</title>
      </item>
      <item>
        <chamberName />
        <parentTitleType />
        <chamberCode />
        <titleType>Official Title as Introduced</titleType>
        <title>To facilitate nationwide availability of volunteer income tax assistance for low-income and underserved populations, and for other purposes.</title>
      </item>
      <item>
        <chamberName />
        <parentTitleType />
        <chamberCode />
        <titleType>Display Title</titleType>
        <title>Volunteer Income Tax Assistance (VITA) Act</title>
      </item>
    </titles>
    <congress>115</congress>
    <recordedVotes />
    <amendments />
    <laws />
    <cboCostEstimates />
    <actions>
      <actionTypeCounts>
        <introducedInTheHouse>1</introducedInTheHouse>
        <billReferralsAggregate>1</billReferralsAggregate>
        <billReferrals>2</billReferrals>
        <introducedInHouse>1</introducedInHouse>
      </actionTypeCounts>
      <item>
        <text>Referred to House Education and the Workforce</text>
        <links />
        <actionDate>2017-01-23</actionDate>
        <committee>
          <systemCode>hsed00</systemCode>
          <name>Education and the Workforce Committee</name>
        </committee>
        <sourceSystem>
          <name>House floor actions</name>
          <code>2</code>
        </sourceSystem>
        <type>IntroReferral</type>
        <actionCode>H11100</actionCode>
      </item>
      <item>
        <text>Referred to House Ways and Means</text>
        <links />
        <actionDate>2017-01-23</actionDate>
        <committee>
          <systemCode>hswm00</systemCode>
          <name>Ways and Means Committee</name>
        </committee>
        <sourceSystem>
          <name>House floor actions</name>
          <code>2</code>
        </sourceSystem>
        <type>IntroReferral</type>
        <actionCode>H11100</actionCode>
      </item>
      <item>
        <text>Referred to the Committee on Ways and Means, and in addition to the Committee on Education and the Workforce, for a period to be subsequently determined by the Speaker, in each case for consideration of such provisions as fall within the jurisdiction of the committee concerned.</text>
        <links />
        <actionDate>2017-01-23</actionDate>
        <committee />
        <sourceSystem>
          <name>Library of Congress</name>
          <code>9</code>
        </sourceSystem>
        <type>IntroReferral</type>
        <actionCode>H11100-A</actionCode>
      </item>
      <item>
        <text>Introduced in House</text>
        <links />
        <actionDate>2017-01-23</actionDate>
        <committee />
        <sourceSystem>
          <name>Library of Congress</name>
          <code>9</code>
        </sourceSystem>
        <type>IntroReferral</type>
        <actionCode>Intro-H</actionCode>
      </item>
      <item>
        <text>Introduced in House</text>
        <links />
        <actionDate>2017-01-23</actionDate>
        <committee />
        <sourceSystem>
          <name>Library of Congress</name>
          <code>9</code>
        </sourceSystem>
        <type>IntroReferral</type>
        <actionCode>1000</actionCode>
      </item>
      <actionByCounts>
        <houseOfRepresentatives>5</houseOfRepresentatives>
      </actionByCounts>
    </actions>
    <updateDate>2018-02-06T16:40:58Z</updateDate>
    <summaries>
      <billSummaries>
        <item>
          <updateDate>2017-01-23T05:00:00Z</updateDate>
          <lastSummaryUpdateDate>2017-04-11T20:51:44Z</lastSummaryUpdateDate>
          <actionDate>2017-01-23</actionDate>
          <name>Introduced in House</name>
          <actionDesc>Introduced in House</actionDesc>
          <versionCode>00</versionCode>
          <text><![CDATA[<p><strong>Volunteer Income Tax Assistance (VITA) Act </strong></p> <p>This bill directs the Internal Revenue Service (IRS) to establish a Community Volunteer Income Tax Assistance Matching Grant Program (VITA grant program) for the development, expansion, or continuation of volunteer tax preparation programs to assist low-income taxpayers and members of underserved populations. </p> <p>The program must be administered in the same manner as the Community Volunteer Income Tax Assistance matching grants demonstration program established under the Consolidated Appropriations Act, 2008.</p> <p>The bill establishes the National Center to Promote Quality, Excellence, and Evaluation in Volunteer Income Tax Assistance to: </p> <ul> <li>promote the adoption of a universally accessible volunteer training platform for the preparation of federal income tax returns,</li> <li>provide technical assistance to tax return preparation program managers, </li> <li> identify and disseminate best practices related to tax site management, </li> <li> support outreach and marketing efforts, and</li> <li> evaluate programs and activities funded under this bill. </li> </ul> <p>The IRS must: (1) designate, through a competitive process, a lead national organization to carry out the purposes of the center; and (2) provide an annual grant to the organization. The lead national organization may provide subgrants to organizations to facilitate specialized technical assistance in reaching one or more underserved populations.</p> <p>The bill amends the Domestic Volunteer Service Act of 1973 and the National and Community Service Act of 1990 to authorize several national service programs to provide tax preparation assistance for low-income and older individuals and families. </p>]]></text>
        </item>
      </billSummaries>
    </summaries>
    <title>Volunteer Income Tax Assistance (VITA) Act</title>
    <calendarNumbers />
    <originChamber>House</originChamber>
    <constitutionalAuthorityStatementText><![CDATA[<pre>From the Congressional Record Online through the Government Publishing Office [<a href='http://www.gpo.gov'>www.gpo.gov</a>]By Mr. DANNY K. DAVIS of Illinois:H.R. 605.Congress has the power to enact this legislation pursuantto the following:Article I of the Constitution and its subsequent amendmentsand further clarified and interpreted by the Supreme Court ofthe United States.[Page H608]</pre>]]></constitutionalAuthorityStatementText>
    <notes />
    <billType>HR</billType>
    <committees>
      <billCommittees>
        <item>
          <chamber>House</chamber>
          <name>Education and the Workforce Committee</name>
          <systemCode>hsed00</systemCode>
          <type>Standing</type>
          <subcommittees />
          <activities>
            <item>
              <name>Referred to</name>
              <date>2017-01-23T17:01:45Z</date>
            </item>
          </activities>
        </item>
        <item>
          <chamber>House</chamber>
          <name>Ways and Means Committee</name>
          <systemCode>hswm00</systemCode>
          <type>Standing</type>
          <subcommittees />
          <activities>
            <item>
              <name>Referred to</name>
              <date>2017-01-23T17:01:40Z</date>
            </item>
          </activities>
        </item>
      </billCommittees>
    </committees>
    <latestAction>
      <text>Referred to House Education and the Workforce</text>
      <actionDate>2017-01-23</actionDate>
      <links />
    </latestAction>
    <committeeReports />
    <billNumber>605</billNumber>
    <sponsors>
      <item>
        <byRequestType />
        <state>IL</state>
        <bioguideId>D000096</bioguideId>
        <identifiers>
          <bioguideId>D000096</bioguideId>
          <gpoId>7927</gpoId>
          <lisID>1477</lisID>
        </identifiers>
        <fullName>Rep. Davis, Danny K. [D-IL-7]</fullName>
        <district>7</district>
        <lastName>DAVIS</lastName>
        <firstName>DANNY</firstName>
        <middleName>K.</middleName>
        <party>D</party>
      </item>
    </sponsors>
    <subjects>
      <billSubjects>
        <policyArea>
          <name>Taxation</name>
        </policyArea>
        <legislativeSubjects>
          <item>
            <name>Financial literacy</name>
          </item>
          <item>
            <name>Government information and archives</name>
          </item>
          <item>
            <name>National and community service</name>
          </item>
          <item>
            <name>Poverty and welfare assistance</name>
          </item>
          <item>
            <name>Social work, volunteer service, charitable organizations</name>
          </item>
          <item>
            <name>Tax administration and collection, taxpayers</name>
          </item>
          <item>
            <name>Urban and suburban affairs and development</name>
          </item>
        </legislativeSubjects>
      </billSubjects>
    </subjects>
    <createDate>2017-01-24T05:12:19Z</createDate>
    <version>1.0.0</version>
    <relatedBills>
      <item>
        <congress>115</congress>
        <latestAction>
          <actionDate>2017-01-23</actionDate>
          <text>Read twice and referred to the Committee on Finance.</text>
        </latestAction>
        <type>S</type>
        <latestTitle>Volunteer Income Tax Assistance (VITA) Act</latestTitle>
        <number>193</number>
        <relationshipDetails>
          <item>
            <type>Identical bill</type>
            <identifiedBy>CRS</identifiedBy>
          </item>
        </relationshipDetails>
      </item>
    </relatedBills>
  </bill>
  <dublinCore xmlns:dc="http://purl.org/dc/elements/1.1/">
    <dc:format>text/xml</dc:format>
    <dc:language>EN</dc:language>
    <dc:rights>Pursuant to Title 17 Section 105 of the United States Code, this file is not subject to copyright protection and is in the public domain.</dc:rights>
    <dc:contributor>Congressional Research Service, Library of Congress</dc:contributor>
    <dc:description>This file contains bill summaries and statuses for federal legislation. A bill summary describes the most significant provisions of a piece of legislation and details the effects the legislative text may have on current law and federal programs. Bill summaries are authored by the Congressional Research Service (CRS) of the Library of Congress. As stated in Public Law 91-510 (2 USC 166 (d)(6)), one of the duties of CRS is "to prepare summaries and digests of bills and resolutions of a public general nature introduced in the Senate or House of Representatives". For more information, refer to the User Guide that accompanies this file.</dc:description>
  </dublinCore>
</billStatus>

