<?xml version="1.0" encoding="UTF-8"?>
<billStatus>
  <bill>
    <titles>
      <item>
        <chamberName />
        <titleType>Official Title as Introduced</titleType>
        <title>For the relief of Maria Carmen Castro Ramirez and J. Refugio Carreno Rojas.</title>
        <parentTitleType />
        <chamberCode />
      </item>
      <item>
        <chamberName />
        <titleType>Display Title</titleType>
        <title>For the relief of Maria Carmen Castro Ramirez and J. Refugio Carreno Rojas.</title>
        <parentTitleType />
        <chamberCode />
      </item>
    </titles>
    <committeeReports />
    <sponsors>
      <item>
        <firstName>NANCY</firstName>
        <middleName />
        <identifiers>
          <gpoId>7813</gpoId>
          <lisID>905</lisID>
          <bioguideId>P000197</bioguideId>
        </identifiers>
        <party>D</party>
        <bioguideId>P000197</bioguideId>
        <lastName>PELOSI</lastName>
        <fullName>Rep. Pelosi, Nancy [D-CA-12]</fullName>
        <byRequestType />
        <district>12</district>
        <state>CA</state>
      </item>
    </sponsors>
    <title>For the relief of Maria Carmen Castro Ramirez and J. Refugio Carreno Rojas.</title>
    <actions>
      <actionByCounts>
        <houseOfRepresentatives>4</houseOfRepresentatives>
      </actionByCounts>
      <actionTypeCounts>
        <placeholderTextForH>1</placeholderTextForH>
        <billReferrals>1</billReferrals>
        <introducedInHouse>1</introducedInHouse>
        <introducedInTheHouse>1</introducedInTheHouse>
      </actionTypeCounts>
      <item>
        <actionDate>2017-02-08</actionDate>
        <committee>
          <systemCode>hsju01</systemCode>
          <name>Immigration and Border Security Subcommittee</name>
        </committee>
        <links />
        <sourceSystem>
          <name>House committee actions</name>
          <code>1</code>
        </sourceSystem>
        <text>Referred to the Subcommittee on Immigration and Border Security.</text>
        <type>Committee</type>
      </item>
      <item>
        <sourceSystem>
          <name>House floor actions</name>
          <code>2</code>
        </sourceSystem>
        <actionDate>2017-01-31</actionDate>
        <text>Referred to the House Committee on the Judiciary.</text>
        <type>IntroReferral</type>
        <links />
        <committee>
          <systemCode>hsju00</systemCode>
          <name>Judiciary Committee</name>
        </committee>
        <actionCode>H11100</actionCode>
      </item>
      <item>
        <sourceSystem>
          <name>Library of Congress</name>
          <code>9</code>
        </sourceSystem>
        <actionDate>2017-01-31</actionDate>
        <text>Introduced in House</text>
        <type>IntroReferral</type>
        <links />
        <committee />
        <actionCode>Intro-H</actionCode>
      </item>
      <item>
        <sourceSystem>
          <name>Library of Congress</name>
          <code>9</code>
        </sourceSystem>
        <actionDate>2017-01-31</actionDate>
        <text>Introduced in House</text>
        <type>IntroReferral</type>
        <links />
        <committee />
        <actionCode>1000</actionCode>
      </item>
    </actions>
    <summaries>
      <billSummaries>
        <item>
          <lastSummaryUpdateDate>2017-02-01T09:02:22Z</lastSummaryUpdateDate>
          <updateDate>2017-01-31T05:00:00Z</updateDate>
          <versionCode>00</versionCode>
          <text><![CDATA[Provides for the relief of Maria Carmen Castro Ramirez and J. Refugio Carreno Rojas.]]></text>
          <name>Introduced in House</name>
          <actionDesc>Introduced in House</actionDesc>
          <actionDate>2017-01-31</actionDate>
        </item>
      </billSummaries>
    </summaries>
    <constitutionalAuthorityStatementText><![CDATA[<pre>From the Congressional Record Online through the Government Publishing Office [<a href='http://www.gpo.gov'>www.gpo.gov</a>]By Ms. PELOSI:H.R. 780.Congress has the power to enact this legislation pursuantto the following:Article I, section 8, clause 4 of the Constitution providesthat Congress shall have power to ``establish an uniform Ruleof Naturalization''. The Supreme Court has long found thatthis provision of the Constitution grants Congress plenarypower over immigration policy. As the Court found in Galvanv. Press, 347 U.S. 522, 531 (1954), ``that the formulation ofpolicies [pertaining to the entry of aliens and their rightto remain here] is entrusted exclusively to Congress hasbecome about as firmly imbedded in the legislative andjudicial tissues of our body politic as any aspect of ourgovernment.'' And, as the Court found in Kleindienst v.Mandel, 408 U.S. 753, 766 (1972) (quoting Boutilier v. INS,387 U.S. 118, 123 (1967)), ``[t]he Court without exceptionhas sustained Congress' `plenary power to make rules for theadmission of aliens and to exclude those who possess thosecharacteristics which Congress has forbidden.' ''[Page H821]</pre>]]></constitutionalAuthorityStatementText>
    <billNumber>780</billNumber>
    <calendarNumbers />
    <originChamber>House</originChamber>
    <version>1.0.0</version>
    <subjects>
      <billSubjects>
        <legislativeSubjects>
          <item>
            <name>Private Legislation</name>
          </item>
        </legislativeSubjects>
      </billSubjects>
    </subjects>
    <cosponsors />
    <latestAction>
      <text>Referred to the Subcommittee on Immigration and Border Security.</text>
      <links />
      <actionDate>2017-02-08</actionDate>
    </latestAction>
    <laws />
    <notes />
    <createDate>2017-02-01T04:48:47Z</createDate>
    <billType>HR</billType>
    <updateDate>2018-02-06T16:41:10Z</updateDate>
    <relatedBills />
    <cboCostEstimates />
    <introducedDate>2017-01-31</introducedDate>
    <amendments />
    <policyArea />
    <recordedVotes />
    <congress>115</congress>
    <committees>
      <billCommittees>
        <item>
          <systemCode>hsju00</systemCode>
          <name>Judiciary Committee</name>
          <type>Standing</type>
          <activities>
            <item>
              <name>Referred to</name>
              <date>2017-01-31T15:04:05Z</date>
            </item>
          </activities>
          <chamber>House</chamber>
          <subcommittees>
            <item>
              <activities>
                <item>
                  <name>Referred to</name>
                  <date>2017-02-08T21:39:59Z</date>
                </item>
              </activities>
              <systemCode>hsju01</systemCode>
              <name>Immigration and Border Security Subcommittee</name>
            </item>
          </subcommittees>
        </item>
      </billCommittees>
    </committees>
  </bill>
  <dublinCore xmlns:dc="http://purl.org/dc/elements/1.1/">
    <dc:format>text/xml</dc:format>
    <dc:language>EN</dc:language>
    <dc:rights>Pursuant to Title 17 Section 105 of the United States Code, this file is not subject to copyright protection and is in the public domain.</dc:rights>
    <dc:contributor>Congressional Research Service, Library of Congress</dc:contributor>
    <dc:description>This file contains bill summaries and statuses for federal legislation. A bill summary describes the most significant provisions of a piece of legislation and details the effects the legislative text may have on current law and federal programs. Bill summaries are authored by the Congressional Research Service (CRS) of the Library of Congress. As stated in Public Law 91-510 (2 USC 166 (d)(6)), one of the duties of CRS is "to prepare summaries and digests of bills and resolutions of a public general nature introduced in the Senate or House of Representatives". For more information, refer to the User Guide that accompanies this file.</dc:description>
  </dublinCore>
</billStatus>

