<?xml version="1.0" encoding="UTF-8"?>
<billStatus>
  <bill>
    <cosponsors>
      <item>
        <isOriginalCosponsor>True</isOriginalCosponsor>
        <fullName>Rep. Zeldin, Lee M. [R-NY-1]</fullName>
        <middleName>M.</middleName>
        <sponsorshipDate>2017-01-31</sponsorshipDate>
        <bioguideId>Z000017</bioguideId>
        <lastName>Zeldin</lastName>
        <party>R</party>
        <district>1</district>
        <firstName>Lee</firstName>
        <state>NY</state>
        <identifiers>
          <lisID>2261</lisID>
          <bioguideId>Z000017</bioguideId>
          <gpoId />
        </identifiers>
        <sponsorshipWithdrawnDate />
      </item>
      <item>
        <isOriginalCosponsor>False</isOriginalCosponsor>
        <fullName>Rep. Weber, Randy K., Sr. [R-TX-14]</fullName>
        <middleName>K.</middleName>
        <sponsorshipDate>2017-02-06</sponsorshipDate>
        <bioguideId>W000814</bioguideId>
        <lastName>Weber</lastName>
        <party>R</party>
        <district>14</district>
        <firstName>Randy</firstName>
        <state>TX</state>
        <identifiers>
          <gpoId />
          <lisID>2161</lisID>
          <bioguideId>W000814</bioguideId>
        </identifiers>
        <sponsorshipWithdrawnDate />
      </item>
      <item>
        <isOriginalCosponsor>False</isOriginalCosponsor>
        <fullName>Rep. Gosar, Paul A. [R-AZ-4]</fullName>
        <middleName>A.</middleName>
        <sponsorshipDate>2017-02-06</sponsorshipDate>
        <bioguideId>G000565</bioguideId>
        <lastName>Gosar</lastName>
        <party>R</party>
        <district>4</district>
        <firstName>Paul</firstName>
        <state>AZ</state>
        <identifiers>
          <gpoId>7798</gpoId>
          <bioguideId>G000565</bioguideId>
          <lisID>1992</lisID>
        </identifiers>
        <sponsorshipWithdrawnDate />
      </item>
      <item>
        <isOriginalCosponsor>False</isOriginalCosponsor>
        <fullName>Rep. Mooney, Alexander X. [R-WV-2]</fullName>
        <middleName>X.</middleName>
        <sponsorshipDate>2017-02-06</sponsorshipDate>
        <bioguideId>M001195</bioguideId>
        <lastName>Mooney</lastName>
        <party>R</party>
        <district>2</district>
        <firstName>Alexander</firstName>
        <state>WV</state>
        <identifiers>
          <gpoId />
          <lisID>2277</lisID>
          <bioguideId>M001195</bioguideId>
        </identifiers>
        <sponsorshipWithdrawnDate />
      </item>
      <item>
        <isOriginalCosponsor>False</isOriginalCosponsor>
        <fullName>Rep. Kustoff, David [R-TN-8]</fullName>
        <middleName />
        <sponsorshipDate>2017-02-06</sponsorshipDate>
        <bioguideId>K000392</bioguideId>
        <lastName>Kustoff</lastName>
        <party>R</party>
        <district>8</district>
        <firstName>David</firstName>
        <state>TN</state>
        <identifiers>
          <lisID>2348</lisID>
          <bioguideId>K000392</bioguideId>
          <gpoId />
        </identifiers>
        <sponsorshipWithdrawnDate />
      </item>
      <item>
        <isOriginalCosponsor>False</isOriginalCosponsor>
        <fullName>Rep. Diaz-Balart, Mario [R-FL-25]</fullName>
        <middleName />
        <sponsorshipDate>2017-02-06</sponsorshipDate>
        <bioguideId>D000600</bioguideId>
        <lastName>Diaz-Balart</lastName>
        <party>R</party>
        <district>25</district>
        <firstName>Mario</firstName>
        <state>FL</state>
        <identifiers>
          <bioguideId>D000600</bioguideId>
          <lisID>1717</lisID>
          <gpoId>7893</gpoId>
        </identifiers>
        <sponsorshipWithdrawnDate />
      </item>
      <item>
        <isOriginalCosponsor>False</isOriginalCosponsor>
        <fullName>Rep. Bilirakis, Gus M. [R-FL-12]</fullName>
        <middleName>M.</middleName>
        <sponsorshipDate>2017-02-07</sponsorshipDate>
        <bioguideId>B001257</bioguideId>
        <lastName>Bilirakis</lastName>
        <party>R</party>
        <district>12</district>
        <firstName>Gus</firstName>
        <state>FL</state>
        <identifiers>
          <bioguideId>B001257</bioguideId>
          <lisID>1838</lisID>
          <gpoId>7881</gpoId>
        </identifiers>
        <sponsorshipWithdrawnDate />
      </item>
      <item>
        <isOriginalCosponsor>False</isOriginalCosponsor>
        <fullName>Rep. Ratcliffe, John [R-TX-4]</fullName>
        <middleName />
        <sponsorshipDate>2017-02-14</sponsorshipDate>
        <bioguideId>R000601</bioguideId>
        <lastName>Ratcliffe</lastName>
        <party>R</party>
        <district>4</district>
        <firstName>John</firstName>
        <state>TX</state>
        <identifiers>
          <lisID>2268</lisID>
          <bioguideId>R000601</bioguideId>
          <gpoId />
        </identifiers>
        <sponsorshipWithdrawnDate />
      </item>
      <item>
        <isOriginalCosponsor>False</isOriginalCosponsor>
        <fullName>Rep. Duncan, Jeff [R-SC-3]</fullName>
        <middleName />
        <sponsorshipDate>2017-03-06</sponsorshipDate>
        <bioguideId>D000615</bioguideId>
        <lastName>Duncan</lastName>
        <party>R</party>
        <district>3</district>
        <firstName>Jeff</firstName>
        <state>SC</state>
        <identifiers>
          <lisID>2057</lisID>
          <bioguideId>D000615</bioguideId>
          <gpoId>8143</gpoId>
        </identifiers>
        <sponsorshipWithdrawnDate />
      </item>
      <item>
        <isOriginalCosponsor>False</isOriginalCosponsor>
        <fullName>Rep. Gaetz, Matt [R-FL-1]</fullName>
        <middleName />
        <sponsorshipDate>2017-03-16</sponsorshipDate>
        <bioguideId>G000578</bioguideId>
        <lastName>Gaetz</lastName>
        <party>R</party>
        <district>1</district>
        <firstName>Matt</firstName>
        <state>FL</state>
        <identifiers>
          <lisID>2314</lisID>
          <gpoId />
          <bioguideId>G000578</bioguideId>
        </identifiers>
        <sponsorshipWithdrawnDate />
      </item>
      <item>
        <isOriginalCosponsor>False</isOriginalCosponsor>
        <fullName>Rep. Hudson, Richard [R-NC-8]</fullName>
        <middleName />
        <sponsorshipDate>2017-04-04</sponsorshipDate>
        <bioguideId>H001067</bioguideId>
        <lastName>Hudson</lastName>
        <party>R</party>
        <district>8</district>
        <firstName>Richard</firstName>
        <state>NC</state>
        <identifiers>
          <gpoId />
          <lisID>2140</lisID>
          <bioguideId>H001067</bioguideId>
        </identifiers>
        <sponsorshipWithdrawnDate />
      </item>
      <item>
        <isOriginalCosponsor>False</isOriginalCosponsor>
        <fullName>Rep. Rokita, Todd [R-IN-4]</fullName>
        <middleName />
        <sponsorshipDate>2017-06-13</sponsorshipDate>
        <bioguideId>R000592</bioguideId>
        <lastName>Rokita</lastName>
        <party>R</party>
        <district>4</district>
        <firstName>Todd</firstName>
        <state>IN</state>
        <identifiers>
          <bioguideId>R000592</bioguideId>
          <lisID>2017</lisID>
          <gpoId>7943</gpoId>
        </identifiers>
        <sponsorshipWithdrawnDate />
      </item>
    </cosponsors>
    <congress>115</congress>
    <committees>
      <billCommittees>
        <item>
          <chamber>House</chamber>
          <name>Foreign Affairs Committee</name>
          <systemCode>hsfa00</systemCode>
          <type>Standing</type>
          <subcommittees />
          <activities>
            <item>
              <name>Referred to</name>
              <date>2017-01-31T15:04:00Z</date>
            </item>
          </activities>
        </item>
      </billCommittees>
    </committees>
    <constitutionalAuthorityStatementText><![CDATA[<pre>From the Congressional Record Online through the Government Publishing Office [<a href='http://www.gpo.gov'>www.gpo.gov</a>]By Ms. GRANGER:H.R. 769.Congress has the power to enact this legislation pursuantto the following:Article I, Section 8, Clause 18 of the United StatesConstitution that the Congress shall have power to make alllaws which shall be necessary and proper for carrying intoexecution the foregoing powers, and all other powers vestedby this Constitution in the government of the United States,or in any department or officer thereof.[Page H820]</pre>]]></constitutionalAuthorityStatementText>
    <laws />
    <titles>
      <item>
        <parentTitleType />
        <chamberCode />
        <titleType>(Extracted from GPO) Short Titles as Introduced</titleType>
        <chamberName />
        <title>Safeguard Israel Act of 2017</title>
      </item>
      <item>
        <parentTitleType />
        <chamberCode />
        <titleType>Short Titles as Introduced</titleType>
        <chamberName />
        <title>Safeguard Israel Act of 2017</title>
      </item>
      <item>
        <parentTitleType />
        <chamberCode />
        <titleType>Official Title as Introduced</titleType>
        <chamberName />
        <title>To prohibit voluntary or assessed contributions to the United Nations until the President certifies to Congress that United Nations Security Council Resolution 2334 has been repealed.</title>
      </item>
      <item>
        <parentTitleType />
        <chamberCode />
        <titleType>Display Title</titleType>
        <chamberName />
        <title>Safeguard Israel Act of 2017</title>
      </item>
    </titles>
    <billType>HR</billType>
    <amendments />
    <recordedVotes />
    <actions>
      <item>
        <links />
        <actionDate>2017-01-31</actionDate>
        <type>IntroReferral</type>
        <text>Referred to the House Committee on Foreign Affairs.</text>
        <actionCode>H11100</actionCode>
        <sourceSystem>
          <name>House floor actions</name>
          <code>2</code>
        </sourceSystem>
        <committee>
          <systemCode>hsfa00</systemCode>
          <name>Foreign Affairs Committee</name>
        </committee>
      </item>
      <item>
        <links />
        <actionDate>2017-01-31</actionDate>
        <type>IntroReferral</type>
        <text>Introduced in House</text>
        <actionCode>Intro-H</actionCode>
        <sourceSystem>
          <name>Library of Congress</name>
          <code>9</code>
        </sourceSystem>
        <committee />
      </item>
      <item>
        <links />
        <actionDate>2017-01-31</actionDate>
        <type>IntroReferral</type>
        <text>Introduced in House</text>
        <actionCode>1000</actionCode>
        <sourceSystem>
          <name>Library of Congress</name>
          <code>9</code>
        </sourceSystem>
        <committee />
      </item>
      <actionByCounts>
        <houseOfRepresentatives>3</houseOfRepresentatives>
      </actionByCounts>
      <actionTypeCounts>
        <billReferrals>1</billReferrals>
        <introducedInTheHouse>1</introducedInTheHouse>
        <introducedInHouse>1</introducedInHouse>
      </actionTypeCounts>
    </actions>
    <introducedDate>2017-01-31</introducedDate>
    <relatedBills>
      <item>
        <congress>115</congress>
        <number>107</number>
        <type>S</type>
        <relationshipDetails>
          <item>
            <type>Identical bill</type>
            <identifiedBy>CRS</identifiedBy>
          </item>
        </relationshipDetails>
        <latestTitle>Safeguard Israel Act of 2017</latestTitle>
        <latestAction>
          <text>Read twice and referred to the Committee on Foreign Relations.</text>
          <actionDate>2017-01-12</actionDate>
        </latestAction>
      </item>
    </relatedBills>
    <committeeReports />
    <calendarNumbers />
    <billNumber>769</billNumber>
    <summaries>
      <billSummaries>
        <item>
          <updateDate>2017-01-31T05:00:00Z</updateDate>
          <lastSummaryUpdateDate>2017-07-11T21:11:45Z</lastSummaryUpdateDate>
          <actionDate>2017-01-31</actionDate>
          <name>Introduced in House</name>
          <actionDesc>Introduced in House</actionDesc>
          <versionCode>00</versionCode>
          <text><![CDATA[<p><strong>Safeguard Israel Act of 2017</strong></p> <p>This bill prohibits the U.S. government from making any voluntary or assessed contributions to the United Nations (U.N.) or any U.N. organization until the President certifies to Congress that Security Council Resolution 2334 has been repealed.</p> <p>Security Council Resolution 2334 characterizes Israeli settlements in the West Bank and East Jerusalem as illegal and demands cessation of settlement activities.</p>]]></text>
        </item>
      </billSummaries>
    </summaries>
    <cboCostEstimates />
    <updateDate>2018-02-06T16:41:10Z</updateDate>
    <policyArea>
      <name>International Affairs</name>
    </policyArea>
    <latestAction>
      <text>Referred to the House Committee on Foreign Affairs.</text>
      <actionDate>2017-01-31</actionDate>
      <links />
    </latestAction>
    <version>1.0.0</version>
    <subjects>
      <billSubjects>
        <legislativeSubjects>
          <item>
            <name>Arab-Israeli relations</name>
          </item>
          <item>
            <name>Conflicts and wars</name>
          </item>
          <item>
            <name>Congressional oversight</name>
          </item>
          <item>
            <name>Foreign aid and international relief</name>
          </item>
          <item>
            <name>International organizations and cooperation</name>
          </item>
          <item>
            <name>Israel</name>
          </item>
          <item>
            <name>Middle East</name>
          </item>
          <item>
            <name>Palestinians</name>
          </item>
          <item>
            <name>United Nations</name>
          </item>
          <item>
            <name>West Bank</name>
          </item>
        </legislativeSubjects>
        <policyArea>
          <name>International Affairs</name>
        </policyArea>
      </billSubjects>
    </subjects>
    <title>Safeguard Israel Act of 2017</title>
    <originChamber>House</originChamber>
    <sponsors>
      <item>
        <byRequestType />
        <district>12</district>
        <party>R</party>
        <fullName>Rep. Granger, Kay [R-TX-12]</fullName>
        <lastName>GRANGER</lastName>
        <state>TX</state>
        <bioguideId>G000377</bioguideId>
        <middleName />
        <firstName>KAY</firstName>
        <identifiers>
          <gpoId>8168</gpoId>
          <bioguideId>G000377</bioguideId>
          <lisID>1487</lisID>
        </identifiers>
      </item>
    </sponsors>
    <notes />
    <createDate>2017-02-01T04:48:47Z</createDate>
  </bill>
  <dublinCore xmlns:dc="http://purl.org/dc/elements/1.1/">
    <dc:format>text/xml</dc:format>
    <dc:language>EN</dc:language>
    <dc:rights>Pursuant to Title 17 Section 105 of the United States Code, this file is not subject to copyright protection and is in the public domain.</dc:rights>
    <dc:contributor>Congressional Research Service, Library of Congress</dc:contributor>
    <dc:description>This file contains bill summaries and statuses for federal legislation. A bill summary describes the most significant provisions of a piece of legislation and details the effects the legislative text may have on current law and federal programs. Bill summaries are authored by the Congressional Research Service (CRS) of the Library of Congress. As stated in Public Law 91-510 (2 USC 166 (d)(6)), one of the duties of CRS is "to prepare summaries and digests of bills and resolutions of a public general nature introduced in the Senate or House of Representatives". For more information, refer to the User Guide that accompanies this file.</dc:description>
  </dublinCore>
</billStatus>

