<?xml version="1.0" encoding="UTF-8"?>
<billStatus>
  <bill>
    <billNumber>953</billNumber>
    <committeeReports>
      <committeeReport>
        <citation>H. Rept. 115-131</citation>
      </committeeReport>
    </committeeReports>
    <originChamber>House</originChamber>
    <cboCostEstimates>
      <item>
        <pubDate>2017-02-24T21:04:00Z</pubDate>
        <title>H.R. 953, Reducing Regulatory Burdens Act of 2017</title>
        <url>https://www.cbo.gov/publication/52461</url>
      </item>
    </cboCostEstimates>
    <createDate>2017-02-08T04:46:00Z</createDate>
    <titles>
      <item>
        <titleType>(Extracted from GPO) Short Titles as Passed House</titleType>
        <chamberName>House</chamberName>
        <title>Reducing Regulatory Burdens Act of 2017</title>
        <chamberCode>H</chamberCode>
        <parentTitleType />
      </item>
      <item>
        <titleType>(Extracted from GPO) Short Titles as Introduced</titleType>
        <chamberName />
        <title>Reducing Regulatory Burdens Act of 2017</title>
        <chamberCode />
        <parentTitleType />
      </item>
      <item>
        <titleType>Short Titles as Passed House</titleType>
        <chamberName>House</chamberName>
        <title>Reducing Regulatory Burdens Act of 2017</title>
        <chamberCode>H</chamberCode>
        <parentTitleType>Short Titles House of Representatives</parentTitleType>
      </item>
      <item>
        <titleType>Short Titles as Reported to House</titleType>
        <chamberName>House</chamberName>
        <title>Reducing Regulatory Burdens Act of 2017</title>
        <chamberCode>H</chamberCode>
        <parentTitleType>Short Titles House of Representatives</parentTitleType>
      </item>
      <item>
        <titleType>Short Titles as Introduced</titleType>
        <chamberName />
        <title>Reducing Regulatory Burdens Act of 2017</title>
        <chamberCode />
        <parentTitleType />
      </item>
      <item>
        <titleType>Official Title as Introduced</titleType>
        <chamberName />
        <title>To amend the Federal Insecticide, Fungicide, and Rodenticide Act and the Federal Water Pollution Control Act to clarify Congressional intent regarding the regulation of the use of pesticides in or near navigable waters, and for other purposes.</title>
        <chamberCode />
        <parentTitleType />
      </item>
      <item>
        <titleType>Display Title</titleType>
        <chamberName />
        <title>Reducing Regulatory Burdens Act of 2017</title>
        <chamberCode />
        <parentTitleType />
      </item>
    </titles>
    <updateDate>2018-02-22T15:27:22Z</updateDate>
    <notes />
    <subjects>
      <billSubjects>
        <legislativeSubjects>
          <item>
            <name>Administrative law and regulatory procedures</name>
          </item>
          <item>
            <name>Environmental Protection Agency (EPA)</name>
          </item>
          <item>
            <name>Environmental regulatory procedures</name>
          </item>
          <item>
            <name>Hazardous wastes and toxic substances</name>
          </item>
          <item>
            <name>Licensing and registrations</name>
          </item>
          <item>
            <name>Pest management</name>
          </item>
          <item>
            <name>State and local government operations</name>
          </item>
          <item>
            <name>Water quality</name>
          </item>
        </legislativeSubjects>
        <policyArea>
          <name>Environmental Protection</name>
        </policyArea>
      </billSubjects>
    </subjects>
    <constitutionalAuthorityStatementText><![CDATA[<pre>[Pages H1085-H1086]From the Congressional Record Online through the Government Publishing Office [<a href='http://www.gpo.gov'>www.gpo.gov</a>]By Mr. GIBBS:H.R. 953.Congress has the power to enact this legislation pursuantto the following:[[Page H1086]]Pursuant to clause 3(d)(1) of Rule XIII of the Rules of theHouse of Representatives, the Committee finds theConstitutional authority for this legislation in Article I,Section 8, Clause 18, that grants Congress the power to makeall laws necessary and proper for carrying out the powersvested by Congress in the Constitution of the United Statesor in any department or officer thereof.</pre>]]></constitutionalAuthorityStatementText>
    <relatedBills>
      <item>
        <latestTitle>Providing for consideration of the bill (H.R. 953) to amend the Federal Insecticide, Fungicide, and Rodenticide Act and the Federal Water Pollution Control Act to clarify Congressional intent regarding the regulation of the use of pesticides in or near navigable waters, and for other purposes.</latestTitle>
        <type>HRES</type>
        <relationshipDetails>
          <item>
            <type>Procedurally-related</type>
            <identifiedBy>House</identifiedBy>
          </item>
        </relationshipDetails>
        <latestAction>
          <actionTime>13:43:11</actionTime>
          <text>Motion to reconsider laid on the table Agreed to without objection.</text>
          <actionDate>2017-05-23</actionDate>
        </latestAction>
        <congress>115</congress>
        <number>348</number>
      </item>
      <item>
        <latestTitle>Sensible Environmental Protection Act of 2017</latestTitle>
        <type>S</type>
        <relationshipDetails>
          <item>
            <type>Related bill</type>
            <identifiedBy>CRS</identifiedBy>
          </item>
        </relationshipDetails>
        <latestAction>
          <text>Read twice and referred to the Committee on Environment and Public Works.</text>
          <actionDate>2017-02-07</actionDate>
        </latestAction>
        <congress>115</congress>
        <number>340</number>
      </item>
    </relatedBills>
    <laws />
    <congress>115</congress>
    <calendarNumbers />
    <introducedDate>2017-02-07</introducedDate>
    <policyArea>
      <name>Environmental Protection</name>
    </policyArea>
    <version>1.0.0</version>
    <billType>HR</billType>
    <committees>
      <billCommittees>
        <item>
          <type>Standing</type>
          <name>Environment and Public Works Committee</name>
          <chamber>Senate</chamber>
          <systemCode>ssev00</systemCode>
          <activities>
            <item>
              <date>2017-05-25T15:28:27Z</date>
              <name>Referred to</name>
            </item>
          </activities>
          <subcommittees />
        </item>
        <item>
          <type>Standing</type>
          <name>Agriculture Committee</name>
          <chamber>House</chamber>
          <systemCode>hsag00</systemCode>
          <activities>
            <item>
              <date>2017-05-18T16:25:34Z</date>
              <name>Reported by</name>
            </item>
            <item>
              <date>2017-02-16T16:01:20Z</date>
              <name>Markup by</name>
            </item>
            <item>
              <date>2017-02-07T15:13:10Z</date>
              <name>Referred to</name>
            </item>
          </activities>
          <subcommittees />
        </item>
        <item>
          <type>Standing</type>
          <name>Transportation and Infrastructure Committee</name>
          <chamber>House</chamber>
          <systemCode>hspw00</systemCode>
          <activities>
            <item>
              <date>2017-02-07T15:13:05Z</date>
              <name>Referred to</name>
            </item>
          </activities>
          <subcommittees>
            <item>
              <systemCode>hspw02</systemCode>
              <activities>
                <item>
                  <date>2017-02-08T17:28:42Z</date>
                  <name>Referred to</name>
                </item>
              </activities>
              <name>Water Resources and Environment Subcommittee</name>
            </item>
          </subcommittees>
        </item>
      </billCommittees>
    </committees>
    <actions>
      <actionByCounts>
        <houseOfRepresentatives>31</houseOfRepresentatives>
        <senate>1</senate>
      </actionByCounts>
      <actionTypeCounts>
        <placeholderTextForHL>1</placeholderTextForHL>
        <resolvingIntoCommitteeOfTheWholePursuantToRule>1</resolvingIntoCommitteeOfTheWholePursuantToRule>
        <reportedToHouse>1</reportedToHouse>
        <committeeOfTheWholeRisesToReportOnLegislation>1</committeeOfTheWholeRisesToReportOnLegislation>
        <motionToCommitRecommitWithInstructionsOffered>1</motionToCommitRecommitWithInstructionsOffered>
        <ruleForConsiderationOfBillReportedToHouse>1</ruleForConsiderationOfBillReportedToHouse>
        <placeholderTextForH>3</placeholderTextForH>
        <motionToCommitRecommitWithInstructionsResults>1</motionToCommitRecommitWithInstructionsResults>
        <considerationByHouse>1</considerationByHouse>
        <committeeReportOfABill>1</committeeReportOfABill>
        <placeholderTextForHA>1</placeholderTextForHA>
        <designationOfChairmanCommitteeOfTheWhole>1</designationOfChairmanCommitteeOfTheWhole>
        <introducedInHouse>1</introducedInHouse>
        <actionStageOverride>1</actionStageOverride>
        <passageOfAMeasure>1</passageOfAMeasure>
        <billReferrals>2</billReferrals>
        <referredToCommittee>1</referredToCommittee>
        <motionToReconsiderResults>1</motionToReconsiderResults>
        <passedAgreedToInHouse>1</passedAgreedToInHouse>
        <generalDebate>8</generalDebate>
        <introducedInTheHouse>1</introducedInTheHouse>
        <billReferralsAggregate>1</billReferralsAggregate>
      </actionTypeCounts>
      <item>
        <actionDate>2017-05-25</actionDate>
        <committee>
          <systemCode>ssev00</systemCode>
          <name>Environment and Public Works Committee</name>
        </committee>
        <links />
        <sourceSystem>
          <code>0</code>
          <name>Senate</name>
        </sourceSystem>
        <text>Received in the Senate and Read twice and referred to the Committee on Environment and Public Works.</text>
        <type>IntroReferral</type>
      </item>
      <item>
        <committee />
        <links />
        <sourceSystem>
          <code>2</code>
          <name>House floor actions</name>
        </sourceSystem>
        <text>Motion to reconsider laid on the table Agreed to without objection.</text>
        <actionCode>H38310</actionCode>
        <actionDate>2017-05-24</actionDate>
        <actionTime>17:11:20</actionTime>
        <type>Floor</type>
      </item>
      <item>
        <committee />
        <links>
          <link>
            <url>https://www.congress.gov/congressional-record/volume-163/house-section/page/H4545</url>
            <name>H4545</name>
          </link>
          <link>
            <url>http://clerk.house.gov/evs/2017/roll282.xml</url>
            <name>Roll no. 282</name>
          </link>
        </links>
        <sourceSystem>
          <code>2</code>
          <name>House floor actions</name>
        </sourceSystem>
        <text>On passage Passed by recorded vote: 256 - 165 (Roll no. 282). (text: CR H4545)</text>
        <actionCode>H37100</actionCode>
        <actionDate>2017-05-24</actionDate>
        <actionTime>17:11:19</actionTime>
        <type>Floor</type>
      </item>
      <item>
        <committee />
        <links>
          <link>
            <url>http://clerk.house.gov/evs/2017/roll282.xml</url>
            <name>Roll no. 282</name>
          </link>
        </links>
        <sourceSystem>
          <code>9</code>
          <name>Library of Congress</name>
        </sourceSystem>
        <text>Passed/agreed to in House: On passage Passed by recorded vote: 256 - 165 (Roll no. 282).</text>
        <actionCode>8000</actionCode>
        <actionDate>2017-05-24</actionDate>
        <actionTime>17:11:19</actionTime>
        <type>Floor</type>
      </item>
      <item>
        <committee>
          <systemCode>hspw00</systemCode>
          <name>Transportation and Infrastructure Committee</name>
        </committee>
        <links>
          <link>
            <url>http://clerk.house.gov/evs/2017/roll281.xml</url>
            <name>Roll no. 281</name>
          </link>
        </links>
        <sourceSystem>
          <code>2</code>
          <name>House floor actions</name>
        </sourceSystem>
        <text>On motion to recommit with instructions Failed by recorded vote: 183 - 230 (Roll no. 281).</text>
        <actionCode>H36110</actionCode>
        <actionDate>2017-05-24</actionDate>
        <actionTime>17:04:10</actionTime>
        <type>Floor</type>
      </item>
      <item>
        <committee />
        <links />
        <sourceSystem>
          <code>2</code>
          <name>House floor actions</name>
        </sourceSystem>
        <text>The previous question on the motion to recommit with instructions was ordered without objection.</text>
        <actionCode>H8A000</actionCode>
        <actionDate>2017-05-24</actionDate>
        <actionTime>16:57:14</actionTime>
        <type>Floor</type>
      </item>
      <item>
        <committee />
        <links />
        <sourceSystem>
          <code>2</code>
          <name>House floor actions</name>
        </sourceSystem>
        <text>DEBATE - The House proceeded with 10 minutes of debate on the motion to recommit with instructions. The instructions contained in the motion seek to require the bill to be reported back to the House with an amendment to prohibit the Act, including any amendments from applying to the discharge of a pesticide if the manufacturer or distributor of the pesticide has made a political contribution to the President or to any Federal official charged with registration, regulation, or approval of the use of the pesticide.</text>
        <actionCode>H8D000</actionCode>
        <actionDate>2017-05-24</actionDate>
        <actionTime>16:50:00</actionTime>
        <type>Floor</type>
      </item>
      <item>
        <committee>
          <systemCode>hspw00</systemCode>
          <name>Transportation and Infrastructure Committee</name>
        </committee>
        <links />
        <sourceSystem>
          <code>2</code>
          <name>House floor actions</name>
        </sourceSystem>
        <text>Mr. McGovern moved to recommit with instructions to the Committee on Transportation and Infrastructure.</text>
        <actionCode>H36100</actionCode>
        <actionDate>2017-05-24</actionDate>
        <actionTime>16:48:52</actionTime>
        <type>Floor</type>
      </item>
      <item>
        <committee />
        <links />
        <sourceSystem>
          <code>2</code>
          <name>House floor actions</name>
        </sourceSystem>
        <text>The House adopted the amendment in the nature of a substitute as agreed to by the Committee of the Whole House on the state of the Union.</text>
        <actionCode>H34400</actionCode>
        <actionDate>2017-05-24</actionDate>
        <actionTime>16:47:19</actionTime>
        <type>Floor</type>
      </item>
      <item>
        <committee />
        <links>
          <link>
            <url>https://www.congress.gov/bill/115th-congress/house-bill/953</url>
            <name>H.R. 953</name>
          </link>
        </links>
        <sourceSystem>
          <code>2</code>
          <name>House floor actions</name>
        </sourceSystem>
        <text>The House rose from the Committee of the Whole House on the state of the Union to report H.R. 953.</text>
        <actionCode>H32600</actionCode>
        <actionDate>2017-05-24</actionDate>
        <actionTime>16:47:06</actionTime>
        <type>Floor</type>
      </item>
      <item>
        <committee />
        <links />
        <sourceSystem>
          <code>2</code>
          <name>House floor actions</name>
        </sourceSystem>
        <text>UNFINISHED BUSINESS - The Chair announced that the unfinished business was on amendments, which had been debated earlier and on which further proceedings had been postponed.</text>
        <actionCode>H8D000</actionCode>
        <actionDate>2017-05-24</actionDate>
        <actionTime>16:09:54</actionTime>
        <type>Floor</type>
      </item>
      <item>
        <committee />
        <links />
        <sourceSystem>
          <code>2</code>
          <name>House floor actions</name>
        </sourceSystem>
        <text>POSTPONED PROCEEDINGS - At the conclusion of debate on the Huffman amendment, the Chair put the question on agreeing to the amendment and by voice vote, announced that the noes had prevailed. Mr. Huffman demanded a recorded vote, and the Chair postponed further proceedings on passage of the bill until later in the legislative day.</text>
        <actionCode>H8D000</actionCode>
        <actionDate>2017-05-24</actionDate>
        <actionTime>16:09:25</actionTime>
        <type>Floor</type>
      </item>
      <item>
        <committee />
        <links>
          <link>
            <url>https://www.congress.gov/bill/115th-congress/house-resolution/348</url>
            <name>H.Res. 348</name>
          </link>
        </links>
        <sourceSystem>
          <code>2</code>
          <name>House floor actions</name>
        </sourceSystem>
        <text>DEBATE - Pursuant to the provisions of H.Res. 348, the Committee of the Whole proceeded with 10 minutes of debate on the Huffman amendment.</text>
        <actionCode>H8D000</actionCode>
        <actionDate>2017-05-24</actionDate>
        <actionTime>16:00:44</actionTime>
        <type>Floor</type>
      </item>
      <item>
        <committee />
        <links />
        <sourceSystem>
          <code>2</code>
          <name>House floor actions</name>
        </sourceSystem>
        <text>POSTPONED PROCEEDINGS - At the conclusion of debate on the Esty (CT) amendment, the Chair put the question on agreeing to the amendment and by voice vote, announced that the noes had prevailed. Ms. Esty (CT) demanded a recorded vote, and the Chair postponed further proceedings on passage of the bill until later in the legislative day.</text>
        <actionCode>H8D000</actionCode>
        <actionDate>2017-05-24</actionDate>
        <actionTime>16:00:10</actionTime>
        <type>Floor</type>
      </item>
      <item>
        <committee />
        <links>
          <link>
            <url>https://www.congress.gov/bill/115th-congress/house-resolution/348</url>
            <name>H.Res. 348</name>
          </link>
        </links>
        <sourceSystem>
          <code>2</code>
          <name>House floor actions</name>
        </sourceSystem>
        <text>DEBATE - Pursuant to the provisions of H.Res. 348, the Committee of the Whole proceeded with 10 minutes of debate on the Esty (CT) amendment.</text>
        <actionCode>H8D000</actionCode>
        <actionDate>2017-05-24</actionDate>
        <actionTime>15:51:38</actionTime>
        <type>Floor</type>
      </item>
      <item>
        <committee />
        <links>
          <link>
            <url>https://www.congress.gov/bill/115th-congress/house-bill/953</url>
            <name>H.R. 953</name>
          </link>
        </links>
        <sourceSystem>
          <code>2</code>
          <name>House floor actions</name>
        </sourceSystem>
        <text>GENERAL DEBATE - The Committee of the Whole proceeded with one hour of general debate on H.R. 953.</text>
        <actionCode>H8D000</actionCode>
        <actionDate>2017-05-24</actionDate>
        <actionTime>15:02:03</actionTime>
        <type>Floor</type>
      </item>
      <item>
        <committee />
        <links />
        <sourceSystem>
          <code>2</code>
          <name>House floor actions</name>
        </sourceSystem>
        <text>The Speaker designated the Honorable Jeff Duncan to act as Chairman of the Committee.</text>
        <actionCode>H32400</actionCode>
        <actionDate>2017-05-24</actionDate>
        <actionTime>15:00:43</actionTime>
        <type>Floor</type>
      </item>
      <item>
        <committee />
        <links>
          <link>
            <url>https://www.congress.gov/bill/115th-congress/house-resolution/348</url>
            <name>H. Res. 348</name>
          </link>
        </links>
        <sourceSystem>
          <code>2</code>
          <name>House floor actions</name>
        </sourceSystem>
        <text>House resolved itself into the Committee of the Whole House on the state of the Union pursuant to H. Res. 348 and Rule XVIII.</text>
        <actionCode>H32020</actionCode>
        <actionDate>2017-05-24</actionDate>
        <actionTime>15:00:42</actionTime>
        <type>Floor</type>
      </item>
      <item>
        <committee />
        <links>
          <link>
            <url>https://www.congress.gov/bill/115th-congress/house-bill/953</url>
            <name>H.R. 953</name>
          </link>
        </links>
        <sourceSystem>
          <code>2</code>
          <name>House floor actions</name>
        </sourceSystem>
        <text>Rule provides for consideration of H.R. 953 with 1 hour of general debate. Previous question shall be considered as ordered without intervening motions except motion to recommit with or without instructions. Measure will be considered read. Specified amendments are in order. It shall be in order to consider as an original bill for the purpose of amendment under the five-minute rule an amendment in the nature of a substitute consisting of the text of Rules Committee Print 115-21.</text>
        <actionCode>H8D000</actionCode>
        <actionDate>2017-05-24</actionDate>
        <actionTime>15:00:23</actionTime>
        <type>Floor</type>
      </item>
      <item>
        <committee />
        <links>
          <link>
            <url>https://www.congress.gov/bill/115th-congress/house-resolution/348</url>
            <name>H. Res. 348</name>
          </link>
          <link>
            <url>https://www.congress.gov/congressional-record/volume-163/house-section/page/H4535-4553</url>
            <name>H4535-4553</name>
          </link>
        </links>
        <sourceSystem>
          <code>2</code>
          <name>House floor actions</name>
        </sourceSystem>
        <text>Considered under the provisions of rule H. Res. 348. (consideration: CR H4535-4553)</text>
        <actionCode>H30000</actionCode>
        <actionDate>2017-05-24</actionDate>
        <actionTime>15:00:18</actionTime>
        <type>Floor</type>
      </item>
      <item>
        <committee />
        <links>
          <link>
            <url>https://www.congress.gov/bill/115th-congress/house-resolution/348</url>
            <name>H. Res. 348</name>
          </link>
        </links>
        <sourceSystem>
          <code>2</code>
          <name>House floor actions</name>
        </sourceSystem>
        <text>Rule H. Res. 348 passed House.</text>
        <actionCode>H1L220</actionCode>
        <actionDate>2017-05-23</actionDate>
        <actionTime>13:43:10</actionTime>
        <type>Floor</type>
      </item>
      <item>
        <committee />
        <links>
          <link>
            <url>https://www.congress.gov/bill/115th-congress/house-resolution/348</url>
            <name>H. Res. 348</name>
          </link>
          <link>
            <url>https://www.congress.gov/bill/115th-congress/house-bill/953</url>
            <name>H.R. 953</name>
          </link>
        </links>
        <sourceSystem>
          <code>2</code>
          <name>House floor actions</name>
        </sourceSystem>
        <text>Rules Committee Resolution H. Res. 348 Reported to House. Rule provides for consideration of H.R. 953 with 1 hour of general debate. Previous question shall be considered as ordered without intervening motions except motion to recommit with or without instructions. Measure will be considered read. Specified amendments are in order. It shall be in order to consider as an original bill for the purpose of amendment under the five-minute rule an amendment in the nature of a substitute consisting of the text of Rules Committee Print 115-21.</text>
        <actionCode>H1L210</actionCode>
        <actionDate>2017-05-22</actionDate>
        <actionTime>18:47:57</actionTime>
        <type>Floor</type>
      </item>
      <item>
        <committee>
          <systemCode>hsag00</systemCode>
          <name>Agriculture Committee</name>
        </committee>
        <links>
          <link>
            <url>https://www.congress.gov/congressional-report/115th-congress/house-report/131</url>
            <name>H. Rept. 115-131</name>
          </link>
        </links>
        <sourceSystem>
          <code>2</code>
          <name>House floor actions</name>
        </sourceSystem>
        <text>Reported by the Committee on Agriculture. H. Rept. 115-131, Part I.</text>
        <actionCode>H12200</actionCode>
        <actionDate>2017-05-18</actionDate>
        <type>Committee</type>
      </item>
      <item>
        <committee>
          <systemCode>hsag00</systemCode>
          <name>Agriculture Committee</name>
        </committee>
        <links>
          <link>
            <url>https://www.congress.gov/congressional-report/115th-congress/house-report/131</url>
            <name>H. Rept. 115-131</name>
          </link>
        </links>
        <sourceSystem>
          <code>9</code>
          <name>Library of Congress</name>
        </sourceSystem>
        <text>Reported by the Committee on Agriculture. H. Rept. 115-131, Part I.</text>
        <actionCode>5000</actionCode>
        <actionDate>2017-05-18</actionDate>
        <type>Committee</type>
      </item>
      <item>
        <actionDate>2017-02-16</actionDate>
        <committee>
          <systemCode>hsag00</systemCode>
          <name>Agriculture Committee</name>
        </committee>
        <links />
        <sourceSystem>
          <code>1</code>
          <name>House committee actions</name>
        </sourceSystem>
        <text>Ordered to be Reported.</text>
        <type>Committee</type>
      </item>
      <item>
        <actionDate>2017-02-16</actionDate>
        <committee>
          <systemCode>hsag00</systemCode>
          <name>Agriculture Committee</name>
        </committee>
        <links />
        <sourceSystem>
          <code>1</code>
          <name>House committee actions</name>
        </sourceSystem>
        <text>Committee Consideration and Mark-up Session Held.</text>
        <type>Committee</type>
      </item>
      <item>
        <actionDate>2017-02-08</actionDate>
        <committee>
          <systemCode>hspw02</systemCode>
          <name>Water Resources and Environment Subcommittee</name>
        </committee>
        <links />
        <sourceSystem>
          <code>1</code>
          <name>House committee actions</name>
        </sourceSystem>
        <text>Referred to the Subcommittee on Water Resources and Environment.</text>
        <type>Committee</type>
      </item>
      <item>
        <committee>
          <systemCode>hsag00</systemCode>
          <name>Agriculture Committee</name>
        </committee>
        <links />
        <sourceSystem>
          <code>2</code>
          <name>House floor actions</name>
        </sourceSystem>
        <text>Referred to House Agriculture</text>
        <actionCode>H11100</actionCode>
        <actionDate>2017-02-07</actionDate>
        <type>IntroReferral</type>
      </item>
      <item>
        <committee>
          <systemCode>hspw00</systemCode>
          <name>Transportation and Infrastructure Committee</name>
        </committee>
        <links />
        <sourceSystem>
          <code>2</code>
          <name>House floor actions</name>
        </sourceSystem>
        <text>Referred to House Transportation and Infrastructure</text>
        <actionCode>H11100</actionCode>
        <actionDate>2017-02-07</actionDate>
        <type>IntroReferral</type>
      </item>
      <item>
        <committee />
        <links />
        <sourceSystem>
          <code>9</code>
          <name>Library of Congress</name>
        </sourceSystem>
        <text>Referred to the Committee on Transportation and Infrastructure, and in addition to the Committee on Agriculture, for a period to be subsequently determined by the Speaker, in each case for consideration of such provisions as fall within the jurisdiction of the committee concerned.</text>
        <actionCode>H11100-A</actionCode>
        <actionDate>2017-02-07</actionDate>
        <type>IntroReferral</type>
      </item>
      <item>
        <committee />
        <links />
        <sourceSystem>
          <code>9</code>
          <name>Library of Congress</name>
        </sourceSystem>
        <text>Introduced in House</text>
        <actionCode>Intro-H</actionCode>
        <actionDate>2017-02-07</actionDate>
        <type>IntroReferral</type>
      </item>
      <item>
        <committee />
        <links />
        <sourceSystem>
          <code>9</code>
          <name>Library of Congress</name>
        </sourceSystem>
        <text>Introduced in House</text>
        <actionCode>1000</actionCode>
        <actionDate>2017-02-07</actionDate>
        <type>IntroReferral</type>
      </item>
    </actions>
    <cosponsors>
      <item>
        <firstName>K.</firstName>
        <state>TX</state>
        <fullName>Rep. Conaway, K. Michael [R-TX-11]</fullName>
        <middleName>Michael</middleName>
        <bioguideId>C001062</bioguideId>
        <isOriginalCosponsor>True</isOriginalCosponsor>
        <lastName>Conaway</lastName>
        <sponsorshipWithdrawnDate />
        <party>R</party>
        <district>11</district>
        <sponsorshipDate>2017-02-07</sponsorshipDate>
        <identifiers>
          <lisID>1805</lisID>
          <gpoId>8167</gpoId>
          <bioguideId>C001062</bioguideId>
        </identifiers>
      </item>
      <item>
        <firstName>COLLIN</firstName>
        <state>MN</state>
        <fullName>Rep. Peterson, Collin C. [D-MN-7]</fullName>
        <middleName>C.</middleName>
        <bioguideId>P000258</bioguideId>
        <isOriginalCosponsor>True</isOriginalCosponsor>
        <lastName>PETERSON</lastName>
        <sponsorshipWithdrawnDate />
        <party>D</party>
        <district>7</district>
        <sponsorshipDate>2017-02-07</sponsorshipDate>
        <identifiers>
          <gpoId>8007</gpoId>
          <bioguideId>P000258</bioguideId>
          <lisID>910</lisID>
        </identifiers>
      </item>
      <item>
        <firstName>Mike</firstName>
        <state>IL</state>
        <fullName>Rep. Bost, Mike [R-IL-12]</fullName>
        <middleName />
        <bioguideId>B001295</bioguideId>
        <isOriginalCosponsor>True</isOriginalCosponsor>
        <lastName>Bost</lastName>
        <sponsorshipWithdrawnDate />
        <party>R</party>
        <district>12</district>
        <sponsorshipDate>2017-02-07</sponsorshipDate>
        <identifiers>
          <bioguideId>B001295</bioguideId>
          <gpoId />
          <lisID>2243</lisID>
        </identifiers>
      </item>
      <item>
        <firstName>Roger</firstName>
        <state>KS</state>
        <fullName>Rep. Marshall, Roger W. [R-KS-1]</fullName>
        <middleName>W.</middleName>
        <bioguideId>M001198</bioguideId>
        <isOriginalCosponsor>True</isOriginalCosponsor>
        <lastName>Marshall</lastName>
        <sponsorshipWithdrawnDate />
        <party>R</party>
        <district>1</district>
        <sponsorshipDate>2017-02-07</sponsorshipDate>
        <identifiers>
          <bioguideId>M001198</bioguideId>
          <lisID>2328</lisID>
          <gpoId />
        </identifiers>
      </item>
      <item>
        <firstName>Glenn</firstName>
        <state>PA</state>
        <fullName>Rep. Thompson, Glenn [R-PA-5]</fullName>
        <middleName />
        <bioguideId>T000467</bioguideId>
        <isOriginalCosponsor>True</isOriginalCosponsor>
        <lastName>Thompson</lastName>
        <sponsorshipWithdrawnDate />
        <party>R</party>
        <district>5</district>
        <sponsorshipDate>2017-02-07</sponsorshipDate>
        <identifiers>
          <gpoId>8123</gpoId>
          <bioguideId>T000467</bioguideId>
          <lisID>1952</lisID>
        </identifiers>
      </item>
      <item>
        <firstName>Ralph</firstName>
        <state>LA</state>
        <fullName>Rep. Abraham, Ralph Lee [R-LA-5]</fullName>
        <middleName>Lee</middleName>
        <bioguideId>A000374</bioguideId>
        <isOriginalCosponsor>True</isOriginalCosponsor>
        <lastName>Abraham</lastName>
        <sponsorshipWithdrawnDate />
        <party>R</party>
        <district>5</district>
        <sponsorshipDate>2017-02-07</sponsorshipDate>
        <identifiers>
          <bioguideId>A000374</bioguideId>
          <lisID>2244</lisID>
          <gpoId />
        </identifiers>
      </item>
      <item>
        <firstName>Scott</firstName>
        <state>TN</state>
        <fullName>Rep. DesJarlais, Scott [R-TN-4]</fullName>
        <middleName />
        <bioguideId>D000616</bioguideId>
        <isOriginalCosponsor>True</isOriginalCosponsor>
        <lastName>DesJarlais</lastName>
        <sponsorshipWithdrawnDate />
        <party>R</party>
        <district>4</district>
        <sponsorshipDate>2017-02-07</sponsorshipDate>
        <identifiers>
          <bioguideId>D000616</bioguideId>
          <lisID>2062</lisID>
          <gpoId>8151</gpoId>
        </identifiers>
      </item>
      <item>
        <firstName>Glenn</firstName>
        <state>WI</state>
        <fullName>Rep. Grothman, Glenn [R-WI-6]</fullName>
        <middleName />
        <bioguideId>G000576</bioguideId>
        <isOriginalCosponsor>True</isOriginalCosponsor>
        <lastName>Grothman</lastName>
        <sponsorshipWithdrawnDate />
        <party>R</party>
        <district>6</district>
        <sponsorshipDate>2017-02-07</sponsorshipDate>
        <identifiers>
          <bioguideId>G000576</bioguideId>
          <gpoId />
          <lisID>2276</lisID>
        </identifiers>
      </item>
      <item>
        <firstName>Doug</firstName>
        <state>CA</state>
        <fullName>Rep. LaMalfa, Doug [R-CA-1]</fullName>
        <middleName />
        <bioguideId>L000578</bioguideId>
        <isOriginalCosponsor>True</isOriginalCosponsor>
        <lastName>LaMalfa</lastName>
        <sponsorshipWithdrawnDate />
        <party>R</party>
        <district>1</district>
        <sponsorshipDate>2017-02-07</sponsorshipDate>
        <identifiers>
          <bioguideId>L000578</bioguideId>
          <gpoId />
          <lisID>2100</lisID>
        </identifiers>
      </item>
      <item>
        <firstName>Ted</firstName>
        <state>FL</state>
        <fullName>Rep. Yoho, Ted S. [R-FL-3]</fullName>
        <middleName>S.</middleName>
        <bioguideId>Y000065</bioguideId>
        <isOriginalCosponsor>True</isOriginalCosponsor>
        <lastName>Yoho</lastName>
        <sponsorshipWithdrawnDate />
        <party>R</party>
        <district>3</district>
        <sponsorshipDate>2017-02-07</sponsorshipDate>
        <identifiers>
          <bioguideId>Y000065</bioguideId>
          <gpoId />
          <lisID>2115</lisID>
        </identifiers>
      </item>
      <item>
        <firstName>WALTER</firstName>
        <state>NC</state>
        <fullName>Rep. Jones, Walter B., Jr. [R-NC-3]</fullName>
        <middleName>B.</middleName>
        <bioguideId>J000255</bioguideId>
        <isOriginalCosponsor>True</isOriginalCosponsor>
        <lastName>JONES</lastName>
        <sponsorshipWithdrawnDate />
        <party>R</party>
        <district>3</district>
        <sponsorshipDate>2017-02-07</sponsorshipDate>
        <identifiers>
          <gpoId>8026</gpoId>
          <bioguideId>J000255</bioguideId>
          <lisID>612</lisID>
        </identifiers>
      </item>
      <item>
        <firstName>Mike</firstName>
        <state>AL</state>
        <fullName>Rep. Rogers, Mike D. [R-AL-3]</fullName>
        <middleName />
        <bioguideId>R000575</bioguideId>
        <isOriginalCosponsor>True</isOriginalCosponsor>
        <lastName>Rogers</lastName>
        <sponsorshipWithdrawnDate />
        <party>R</party>
        <district>3</district>
        <sponsorshipDate>2017-02-07</sponsorshipDate>
        <identifiers>
          <bioguideId>R000575</bioguideId>
          <gpoId>7788</gpoId>
          <lisID>1704</lisID>
        </identifiers>
      </item>
      <item>
        <firstName>Brian</firstName>
        <state>TX</state>
        <fullName>Rep. Babin, Brian [R-TX-36]</fullName>
        <middleName />
        <bioguideId>B001291</bioguideId>
        <isOriginalCosponsor>True</isOriginalCosponsor>
        <lastName>Babin</lastName>
        <sponsorshipWithdrawnDate />
        <party>R</party>
        <district>36</district>
        <sponsorshipDate>2017-02-07</sponsorshipDate>
        <identifiers>
          <lisID>2270</lisID>
          <gpoId />
          <bioguideId>B001291</bioguideId>
        </identifiers>
      </item>
      <item>
        <firstName>Tom</firstName>
        <state>OK</state>
        <fullName>Rep. Cole, Tom [R-OK-4]</fullName>
        <middleName />
        <bioguideId>C001053</bioguideId>
        <isOriginalCosponsor>True</isOriginalCosponsor>
        <lastName>Cole</lastName>
        <sponsorshipWithdrawnDate />
        <party>R</party>
        <district>4</district>
        <sponsorshipDate>2017-02-07</sponsorshipDate>
        <identifiers>
          <bioguideId>C001053</bioguideId>
          <gpoId>8112</gpoId>
          <lisID>1742</lisID>
        </identifiers>
      </item>
      <item>
        <firstName>David</firstName>
        <state>AZ</state>
        <fullName>Rep. Schweikert, David [R-AZ-6]</fullName>
        <middleName />
        <bioguideId>S001183</bioguideId>
        <isOriginalCosponsor>True</isOriginalCosponsor>
        <lastName>Schweikert</lastName>
        <sponsorshipWithdrawnDate />
        <party>R</party>
        <district>6</district>
        <sponsorshipDate>2017-02-07</sponsorshipDate>
        <identifiers>
          <bioguideId>S001183</bioguideId>
          <gpoId>7802</gpoId>
          <lisID>1994</lisID>
        </identifiers>
      </item>
      <item>
        <firstName>David</firstName>
        <state>TN</state>
        <fullName>Rep. Kustoff, David [R-TN-8]</fullName>
        <middleName />
        <bioguideId>K000392</bioguideId>
        <isOriginalCosponsor>True</isOriginalCosponsor>
        <lastName>Kustoff</lastName>
        <sponsorshipWithdrawnDate />
        <party>R</party>
        <district>8</district>
        <sponsorshipDate>2017-02-07</sponsorshipDate>
        <identifiers>
          <bioguideId>K000392</bioguideId>
          <lisID>2348</lisID>
          <gpoId />
        </identifiers>
      </item>
      <item>
        <firstName>Eric</firstName>
        <state>AR</state>
        <fullName>Rep. Crawford, Eric A. "Rick" [R-AR-1]</fullName>
        <middleName>A. "Rick"</middleName>
        <bioguideId>C001087</bioguideId>
        <isOriginalCosponsor>True</isOriginalCosponsor>
        <lastName>Crawford</lastName>
        <sponsorshipWithdrawnDate />
        <party>R</party>
        <district>1</district>
        <sponsorshipDate>2017-02-07</sponsorshipDate>
        <identifiers>
          <bioguideId>C001087</bioguideId>
          <lisID>1989</lisID>
          <gpoId>7793</gpoId>
        </identifiers>
      </item>
      <item>
        <firstName>Steve</firstName>
        <state>IA</state>
        <fullName>Rep. King, Steve [R-IA-4]</fullName>
        <middleName />
        <bioguideId>K000362</bioguideId>
        <isOriginalCosponsor>True</isOriginalCosponsor>
        <lastName>King</lastName>
        <sponsorshipWithdrawnDate />
        <party>R</party>
        <district>4</district>
        <sponsorshipDate>2017-02-07</sponsorshipDate>
        <identifiers>
          <bioguideId>K000362</bioguideId>
          <gpoId>7918</gpoId>
          <lisID>1724</lisID>
        </identifiers>
      </item>
      <item>
        <firstName>Paul</firstName>
        <state>AZ</state>
        <fullName>Rep. Gosar, Paul A. [R-AZ-4]</fullName>
        <middleName>A.</middleName>
        <bioguideId>G000565</bioguideId>
        <isOriginalCosponsor>True</isOriginalCosponsor>
        <lastName>Gosar</lastName>
        <sponsorshipWithdrawnDate />
        <party>R</party>
        <district>4</district>
        <sponsorshipDate>2017-02-07</sponsorshipDate>
        <identifiers>
          <bioguideId>G000565</bioguideId>
          <lisID>1992</lisID>
          <gpoId>7798</gpoId>
        </identifiers>
      </item>
      <item>
        <firstName>Barbara</firstName>
        <state>VA</state>
        <fullName>Rep. Comstock, Barbara [R-VA-10]</fullName>
        <middleName />
        <bioguideId>C001105</bioguideId>
        <isOriginalCosponsor>True</isOriginalCosponsor>
        <lastName>Comstock</lastName>
        <sponsorshipWithdrawnDate />
        <party>R</party>
        <district>10</district>
        <sponsorshipDate>2017-02-07</sponsorshipDate>
        <identifiers>
          <gpoId />
          <bioguideId>C001105</bioguideId>
          <lisID>2273</lisID>
        </identifiers>
      </item>
      <item>
        <firstName>Rick</firstName>
        <state>GA</state>
        <fullName>Rep. Allen, Rick W. [R-GA-12]</fullName>
        <middleName>W.</middleName>
        <bioguideId>A000372</bioguideId>
        <isOriginalCosponsor>True</isOriginalCosponsor>
        <lastName>Allen</lastName>
        <sponsorshipWithdrawnDate />
        <party>R</party>
        <district>12</district>
        <sponsorshipDate>2017-02-07</sponsorshipDate>
        <identifiers>
          <bioguideId>A000372</bioguideId>
          <gpoId />
          <lisID>2239</lisID>
        </identifiers>
      </item>
      <item>
        <firstName>Kurt</firstName>
        <state>OR</state>
        <fullName>Rep. Schrader, Kurt [D-OR-5]</fullName>
        <middleName />
        <bioguideId>S001180</bioguideId>
        <isOriginalCosponsor>True</isOriginalCosponsor>
        <lastName>Schrader</lastName>
        <sponsorshipWithdrawnDate />
        <party>D</party>
        <district>5</district>
        <sponsorshipDate>2017-02-07</sponsorshipDate>
        <identifiers>
          <bioguideId>S001180</bioguideId>
          <lisID>1950</lisID>
          <gpoId>8118</gpoId>
        </identifiers>
      </item>
      <item>
        <firstName>Brad</firstName>
        <state>OH</state>
        <fullName>Rep. Wenstrup, Brad R. [R-OH-2]</fullName>
        <middleName>R.</middleName>
        <bioguideId>W000815</bioguideId>
        <isOriginalCosponsor>True</isOriginalCosponsor>
        <lastName>Wenstrup</lastName>
        <sponsorshipWithdrawnDate />
        <party>R</party>
        <district>2</district>
        <sponsorshipDate>2017-02-07</sponsorshipDate>
        <identifiers>
          <bioguideId>W000815</bioguideId>
          <gpoId />
          <lisID>2152</lisID>
        </identifiers>
      </item>
      <item>
        <firstName>Austin</firstName>
        <state>GA</state>
        <fullName>Rep. Scott, Austin [R-GA-8]</fullName>
        <middleName />
        <bioguideId>S001189</bioguideId>
        <isOriginalCosponsor>False</isOriginalCosponsor>
        <lastName>Scott</lastName>
        <sponsorshipWithdrawnDate />
        <party>R</party>
        <district>8</district>
        <sponsorshipDate>2017-02-16</sponsorshipDate>
        <identifiers>
          <bioguideId>S001189</bioguideId>
          <lisID>2009</lisID>
          <gpoId>7905</gpoId>
        </identifiers>
      </item>
      <item>
        <firstName>Paul</firstName>
        <state>MI</state>
        <fullName>Rep. Mitchell, Paul [R-MI-10]</fullName>
        <middleName />
        <bioguideId>M001201</bioguideId>
        <isOriginalCosponsor>False</isOriginalCosponsor>
        <lastName>Mitchell</lastName>
        <sponsorshipWithdrawnDate />
        <party>R</party>
        <district>10</district>
        <sponsorshipDate>2017-02-16</sponsorshipDate>
        <identifiers>
          <bioguideId>M001201</bioguideId>
          <gpoId />
          <lisID>2334</lisID>
        </identifiers>
      </item>
      <item>
        <firstName>James</firstName>
        <state>KY</state>
        <fullName>Rep. Comer, James [R-KY-1]</fullName>
        <middleName />
        <bioguideId>C001108</bioguideId>
        <isOriginalCosponsor>False</isOriginalCosponsor>
        <lastName>Comer</lastName>
        <sponsorshipWithdrawnDate />
        <party>R</party>
        <district>1</district>
        <sponsorshipDate>2017-02-16</sponsorshipDate>
        <identifiers>
          <gpoId />
          <bioguideId>C001108</bioguideId>
          <lisID>2297</lisID>
        </identifiers>
      </item>
      <item>
        <firstName>Jodey</firstName>
        <state>TX</state>
        <fullName>Rep. Arrington, Jodey C. [R-TX-19]</fullName>
        <middleName>C.</middleName>
        <bioguideId>A000375</bioguideId>
        <isOriginalCosponsor>False</isOriginalCosponsor>
        <lastName>Arrington</lastName>
        <sponsorshipWithdrawnDate />
        <party>R</party>
        <district>19</district>
        <sponsorshipDate>2017-02-16</sponsorshipDate>
        <identifiers>
          <bioguideId>A000375</bioguideId>
          <gpoId />
          <lisID>2350</lisID>
        </identifiers>
      </item>
      <item>
        <firstName>Trent</firstName>
        <state>MS</state>
        <fullName>Rep. Kelly, Trent [R-MS-1]</fullName>
        <middleName />
        <bioguideId>K000388</bioguideId>
        <isOriginalCosponsor>False</isOriginalCosponsor>
        <lastName>Kelly</lastName>
        <sponsorshipWithdrawnDate />
        <party>R</party>
        <district>1</district>
        <sponsorshipDate>2017-02-16</sponsorshipDate>
        <identifiers>
          <bioguideId>K000388</bioguideId>
          <gpoId />
          <lisID>2294</lisID>
        </identifiers>
      </item>
      <item>
        <firstName>Brett</firstName>
        <state>KY</state>
        <fullName>Rep. Guthrie, Brett [R-KY-2]</fullName>
        <middleName />
        <bioguideId>G000558</bioguideId>
        <isOriginalCosponsor>False</isOriginalCosponsor>
        <lastName>Guthrie</lastName>
        <sponsorshipWithdrawnDate />
        <party>R</party>
        <district>2</district>
        <sponsorshipDate>2017-02-16</sponsorshipDate>
        <identifiers>
          <bioguideId>G000558</bioguideId>
          <gpoId>7954</gpoId>
          <lisID>1922</lisID>
        </identifiers>
      </item>
      <item>
        <firstName>FRANK</firstName>
        <state>OK</state>
        <fullName>Rep. Lucas, Frank D. [R-OK-3]</fullName>
        <middleName>D.</middleName>
        <bioguideId>L000491</bioguideId>
        <isOriginalCosponsor>False</isOriginalCosponsor>
        <lastName>LUCAS</lastName>
        <sponsorshipWithdrawnDate />
        <party>R</party>
        <district>3</district>
        <sponsorshipDate>2017-02-16</sponsorshipDate>
        <identifiers>
          <bioguideId>L000491</bioguideId>
          <lisID>711</lisID>
          <gpoId>8111</gpoId>
        </identifiers>
      </item>
      <item>
        <firstName>Randy</firstName>
        <state>IL</state>
        <fullName>Rep. Hultgren, Randy [R-IL-14]</fullName>
        <middleName />
        <bioguideId>H001059</bioguideId>
        <isOriginalCosponsor>False</isOriginalCosponsor>
        <lastName>Hultgren</lastName>
        <sponsorshipWithdrawnDate />
        <party>R</party>
        <district>14</district>
        <sponsorshipDate>2017-02-16</sponsorshipDate>
        <identifiers>
          <bioguideId>H001059</bioguideId>
          <gpoId>7934</gpoId>
          <lisID>2015</lisID>
        </identifiers>
      </item>
      <item>
        <firstName>Dan</firstName>
        <state>WA</state>
        <fullName>Rep. Newhouse, Dan [R-WA-4]</fullName>
        <middleName />
        <bioguideId>N000189</bioguideId>
        <isOriginalCosponsor>False</isOriginalCosponsor>
        <lastName>Newhouse</lastName>
        <sponsorshipWithdrawnDate />
        <party>R</party>
        <district>4</district>
        <sponsorshipDate>2017-03-02</sponsorshipDate>
        <identifiers>
          <bioguideId>N000189</bioguideId>
          <gpoId />
          <lisID>2275</lisID>
        </identifiers>
      </item>
      <item>
        <firstName>Blaine</firstName>
        <state>MO</state>
        <fullName>Rep. Luetkemeyer, Blaine [R-MO-3]</fullName>
        <middleName />
        <bioguideId>L000569</bioguideId>
        <isOriginalCosponsor>False</isOriginalCosponsor>
        <lastName>Luetkemeyer</lastName>
        <sponsorshipWithdrawnDate />
        <party>R</party>
        <district>3</district>
        <sponsorshipDate>2017-03-02</sponsorshipDate>
        <identifiers>
          <bioguideId>L000569</bioguideId>
          <lisID>1931</lisID>
          <gpoId>8017</gpoId>
        </identifiers>
      </item>
      <item>
        <firstName>Todd</firstName>
        <state>IN</state>
        <fullName>Rep. Rokita, Todd [R-IN-4]</fullName>
        <middleName />
        <bioguideId>R000592</bioguideId>
        <isOriginalCosponsor>False</isOriginalCosponsor>
        <lastName>Rokita</lastName>
        <sponsorshipWithdrawnDate />
        <party>R</party>
        <district>4</district>
        <sponsorshipDate>2017-03-02</sponsorshipDate>
        <identifiers>
          <gpoId>7943</gpoId>
          <bioguideId>R000592</bioguideId>
          <lisID>2017</lisID>
        </identifiers>
      </item>
      <item>
        <firstName>Jim</firstName>
        <state>IN</state>
        <fullName>Rep. Banks, Jim [R-IN-3]</fullName>
        <middleName />
        <bioguideId>B001299</bioguideId>
        <isOriginalCosponsor>False</isOriginalCosponsor>
        <lastName>Banks</lastName>
        <sponsorshipWithdrawnDate />
        <party>R</party>
        <district>3</district>
        <sponsorshipDate>2017-03-02</sponsorshipDate>
        <identifiers>
          <bioguideId>B001299</bioguideId>
          <gpoId />
          <lisID>2326</lisID>
        </identifiers>
      </item>
      <item>
        <firstName>Kevin</firstName>
        <state>ND</state>
        <fullName>Rep. Cramer, Kevin [R-ND-At Large]</fullName>
        <middleName />
        <bioguideId>C001096</bioguideId>
        <isOriginalCosponsor>False</isOriginalCosponsor>
        <lastName>Cramer</lastName>
        <sponsorshipWithdrawnDate />
        <party>R</party>
        <district>0</district>
        <sponsorshipDate>2017-03-02</sponsorshipDate>
        <identifiers>
          <lisID>2144</lisID>
          <gpoId />
          <bioguideId>C001096</bioguideId>
        </identifiers>
      </item>
      <item>
        <firstName>Mo</firstName>
        <state>AL</state>
        <fullName>Rep. Brooks, Mo [R-AL-5]</fullName>
        <middleName />
        <bioguideId>B001274</bioguideId>
        <isOriginalCosponsor>False</isOriginalCosponsor>
        <lastName>Brooks</lastName>
        <sponsorshipWithdrawnDate />
        <party>R</party>
        <district>5</district>
        <sponsorshipDate>2017-03-17</sponsorshipDate>
        <identifiers>
          <bioguideId>B001274</bioguideId>
          <gpoId>7790</gpoId>
          <lisID>1987</lisID>
        </identifiers>
      </item>
      <item>
        <firstName>Bill</firstName>
        <state>PA</state>
        <fullName>Rep. Shuster, Bill [R-PA-9]</fullName>
        <middleName />
        <bioguideId>S001154</bioguideId>
        <isOriginalCosponsor>False</isOriginalCosponsor>
        <lastName>Shuster</lastName>
        <sponsorshipWithdrawnDate />
        <party>R</party>
        <district>9</district>
        <sponsorshipDate>2017-04-05</sponsorshipDate>
        <identifiers>
          <bioguideId>S001154</bioguideId>
          <lisID>1681</lisID>
          <gpoId>8127</gpoId>
        </identifiers>
      </item>
      <item>
        <firstName>Barry</firstName>
        <state>GA</state>
        <fullName>Rep. Loudermilk, Barry [R-GA-11]</fullName>
        <middleName />
        <bioguideId>L000583</bioguideId>
        <isOriginalCosponsor>False</isOriginalCosponsor>
        <lastName>Loudermilk</lastName>
        <sponsorshipWithdrawnDate />
        <party>R</party>
        <district>11</district>
        <sponsorshipDate>2017-04-05</sponsorshipDate>
        <identifiers>
          <bioguideId>L000583</bioguideId>
          <lisID>2238</lisID>
          <gpoId />
        </identifiers>
      </item>
      <item>
        <firstName>FRED</firstName>
        <state>MI</state>
        <fullName>Rep. Upton, Fred [R-MI-6]</fullName>
        <middleName />
        <bioguideId>U000031</bioguideId>
        <isOriginalCosponsor>False</isOriginalCosponsor>
        <lastName>UPTON</lastName>
        <sponsorshipWithdrawnDate />
        <party>R</party>
        <district>6</district>
        <sponsorshipDate>2017-05-18</sponsorshipDate>
        <identifiers>
          <bioguideId>U000031</bioguideId>
          <lisID>1177</lisID>
          <gpoId>7991</gpoId>
        </identifiers>
      </item>
      <item>
        <firstName>Jim</firstName>
        <state>CA</state>
        <fullName>Rep. Costa, Jim [D-CA-16]</fullName>
        <middleName />
        <bioguideId>C001059</bioguideId>
        <isOriginalCosponsor>False</isOriginalCosponsor>
        <lastName>Costa</lastName>
        <sponsorshipWithdrawnDate />
        <party>D</party>
        <district>16</district>
        <sponsorshipDate>2017-05-18</sponsorshipDate>
        <identifiers>
          <bioguideId>C001059</bioguideId>
          <gpoId>7825</gpoId>
          <lisID>1774</lisID>
        </identifiers>
      </item>
      <item>
        <firstName>David</firstName>
        <state>CA</state>
        <fullName>Rep. Valadao, David G. [R-CA-21]</fullName>
        <middleName>G.</middleName>
        <bioguideId>V000129</bioguideId>
        <isOriginalCosponsor>False</isOriginalCosponsor>
        <lastName>Valadao</lastName>
        <sponsorshipWithdrawnDate />
        <party>R</party>
        <district>21</district>
        <sponsorshipDate>2017-05-22</sponsorshipDate>
        <identifiers>
          <bioguideId>V000129</bioguideId>
          <lisID>2105</lisID>
          <gpoId />
        </identifiers>
      </item>
      <item>
        <firstName>PETE</firstName>
        <state>TX</state>
        <fullName>Rep. Sessions, Pete [R-TX-32]</fullName>
        <middleName />
        <bioguideId>S000250</bioguideId>
        <isOriginalCosponsor>False</isOriginalCosponsor>
        <lastName>SESSIONS</lastName>
        <sponsorshipWithdrawnDate />
        <party>R</party>
        <district>32</district>
        <sponsorshipDate>2017-05-22</sponsorshipDate>
        <identifiers>
          <bioguideId>S000250</bioguideId>
          <gpoId>8188</gpoId>
          <lisID>1525</lisID>
        </identifiers>
      </item>
      <item>
        <firstName>Martha</firstName>
        <state>AL</state>
        <fullName>Rep. Roby, Martha [R-AL-2]</fullName>
        <middleName />
        <bioguideId>R000591</bioguideId>
        <isOriginalCosponsor>False</isOriginalCosponsor>
        <lastName>Roby</lastName>
        <sponsorshipWithdrawnDate />
        <party>R</party>
        <district>2</district>
        <sponsorshipDate>2017-05-22</sponsorshipDate>
        <identifiers>
          <bioguideId>R000591</bioguideId>
          <lisID>1986</lisID>
          <gpoId>7787</gpoId>
        </identifiers>
      </item>
      <item>
        <firstName>Robert</firstName>
        <state>NC</state>
        <fullName>Rep. Pittenger, Robert [R-NC-9]</fullName>
        <middleName />
        <bioguideId>P000606</bioguideId>
        <isOriginalCosponsor>False</isOriginalCosponsor>
        <lastName>Pittenger</lastName>
        <sponsorshipWithdrawnDate />
        <party>R</party>
        <district>9</district>
        <sponsorshipDate>2017-05-22</sponsorshipDate>
        <identifiers>
          <bioguideId>P000606</bioguideId>
          <lisID>2141</lisID>
          <gpoId />
        </identifiers>
      </item>
      <item>
        <firstName>Terri</firstName>
        <state>AL</state>
        <fullName>Rep. Sewell, Terri A. [D-AL-7]</fullName>
        <middleName>A.</middleName>
        <bioguideId>S001185</bioguideId>
        <isOriginalCosponsor>False</isOriginalCosponsor>
        <lastName>Sewell</lastName>
        <sponsorshipWithdrawnDate />
        <party>D</party>
        <district>7</district>
        <sponsorshipDate>2017-05-22</sponsorshipDate>
        <identifiers>
          <bioguideId>S001185</bioguideId>
          <lisID>1988</lisID>
          <gpoId>7792</gpoId>
        </identifiers>
      </item>
      <item>
        <firstName>Lynn</firstName>
        <state>KS</state>
        <fullName>Rep. Jenkins, Lynn [R-KS-2]</fullName>
        <middleName />
        <bioguideId>J000290</bioguideId>
        <isOriginalCosponsor>False</isOriginalCosponsor>
        <lastName>Jenkins</lastName>
        <sponsorshipWithdrawnDate />
        <party>R</party>
        <district>2</district>
        <sponsorshipDate>2017-05-22</sponsorshipDate>
        <identifiers>
          <bioguideId>J000290</bioguideId>
          <lisID>1921</lisID>
          <gpoId>7950</gpoId>
        </identifiers>
      </item>
    </cosponsors>
    <recordedVotes>
      <recordedVote>
        <rollNumber>282</rollNumber>
        <url>http://clerk.house.gov/evs/2017/roll282.xml</url>
        <chamber>House</chamber>
        <congress>115</congress>
        <sessionNumber>1</sessionNumber>
        <fullActionName>Passage of a Measure</fullActionName>
        <date>2017-05-24T21:11:19Z</date>
      </recordedVote>
      <recordedVote>
        <rollNumber>281</rollNumber>
        <url>http://clerk.house.gov/evs/2017/roll281.xml</url>
        <chamber>House</chamber>
        <congress>115</congress>
        <sessionNumber>1</sessionNumber>
        <fullActionName>Motion to Commit/Recommit With Instructions Results</fullActionName>
        <date>2017-05-24T21:04:10Z</date>
      </recordedVote>
    </recordedVotes>
    <amendments>
      <amendment>
        <congress>115</congress>
        <number>119</number>
        <description>Amendment sought to protect commercial, recreational and subsistence fisheries from the negative impacts of unregulated discharge.</description>
        <purpose />
        <type>HAMDT</type>
        <latestAction>
          <text>On agreeing to the Huffman amendment (A002) Failed by recorded vote: 189 - 230 (Roll no. 280).</text>
          <actionTime>16:46:46</actionTime>
          <actionDate>2017-05-24</actionDate>
        </latestAction>
        <amendedBill>
          <congress>115</congress>
          <title>Reducing Regulatory Burdens Act of 2017</title>
          <type>HR</type>
          <originChamberCode>H</originChamberCode>
          <number>953</number>
          <originChamber>House</originChamber>
        </amendedBill>
        <amendedAmendment />
        <type>HAMDT</type>
        <congress>115</congress>
        <submittedDate>2017-05-24T04:00:00Z</submittedDate>
        <description>Amendment sought to protect commercial, recreational and subsistence fisheries from the negative impacts of unregulated discharge.</description>
        <purpose />
        <chamber>House of Representatives</chamber>
        <sponsors>
          <item>
            <state>CA</state>
            <middleName />
            <bioguideId>H001068</bioguideId>
            <firstName>Jared</firstName>
            <lastName>Huffman</lastName>
            <identifiers>
              <gpoId />
              <bioguideId>H001068</bioguideId>
              <lisID>2101</lisID>
            </identifiers>
            <fullName>Rep. Huffman, Jared [D-CA-2]</fullName>
            <party>D</party>
            <district>2</district>
          </item>
        </sponsors>
        <actions>
          <actionByCounts>
            <houseOfRepresentatives>7</houseOfRepresentatives>
          </actionByCounts>
          <actionTypeCounts>
            <agreementToAnAmendmentResultsCommitteeOfTheWhole>1</agreementToAnAmendmentResultsCommitteeOfTheWhole>
            <houseAmendmentNotAgreedTo>1</houseAmendmentNotAgreedTo>
            <houseAmendmentOfferedReportedBy>1</houseAmendmentOfferedReportedBy>
            <rollCallVotesOnAmendmentsInHouse>1</rollCallVotesOnAmendmentsInHouse>
            <amendmentOffered>1</amendmentOffered>
            <amendmentFailedInCommitteeOfTheWhole>1</amendmentFailedInCommitteeOfTheWhole>
            <houseAmendmentOffered>1</houseAmendmentOffered>
          </actionTypeCounts>
          <actions>
            <item>
              <committee />
              <links>
                <link>
                  <url>https://www.congress.gov/amendment/115th-congress/house-amendment/119</url>
                  <name>H.Amdt.119</name>
                </link>
                <link>
                  <url>http://clerk.house.gov/evs/2017/roll280.xml</url>
                  <name>Roll no. 280</name>
                </link>
              </links>
              <sourceSystem>
                <code>2</code>
                <name>House floor actions</name>
              </sourceSystem>
              <text>On agreeing to the Huffman amendment (A002) Failed by recorded vote: 189 - 230 (Roll no. 280).</text>
              <actionCode>H32111</actionCode>
              <actionDate>2017-05-24</actionDate>
              <actionTime>16:46:46</actionTime>
              <type>Floor</type>
            </item>
            <item>
              <committee />
              <links>
                <link>
                  <url>https://www.congress.gov/amendment/115th-congress/house-amendment/119</url>
                  <name>H.Amdt.119</name>
                </link>
                <link>
                  <url>https://www.congress.gov/congressional-record/volume-163/house-section/page/H4546</url>
                  <name>H4546</name>
                </link>
                <link>
                  <url>https://www.congress.gov/congressional-record/volume-163/house-section/page/H4546-4548</url>
                  <name>H4546-4548</name>
                </link>
                <link>
                  <url>https://www.congress.gov/congressional-record/volume-163/house-section/page/H4550</url>
                  <name>H4550</name>
                </link>
              </links>
              <sourceSystem>
                <code>2</code>
                <name>House floor actions</name>
              </sourceSystem>
              <text>Amendment (A002) offered by Mr. Huffman. (consideration: CR H4546-4548, H4550; text: CR H4546)</text>
              <actionCode>H3A100</actionCode>
              <actionDate>2017-05-24</actionDate>
              <actionTime>16:00:42</actionTime>
              <type>Floor</type>
            </item>
            <item>
              <actionDate>2017-05-24</actionDate>
              <committee />
              <links />
              <text />
            </item>
            <item>
              <committee />
              <links>
                <link>
                  <url>https://www.congress.gov/amendment/115th-congress/house-amendment/119</url>
                  <name>H.Amdt.119</name>
                </link>
                <link>
                  <url>http://clerk.house.gov/evs/2017/roll280.xml</url>
                  <name>Roll no. 280</name>
                </link>
              </links>
              <sourceSystem>
                <code>9</code>
                <name>Library of Congress</name>
              </sourceSystem>
              <text>Amendment failed in Committee of the Whole</text>
              <actionCode>77000</actionCode>
              <actionDate>2017-05-24</actionDate>
              <actionTime>16:46:46</actionTime>
              <type>NotUsed</type>
            </item>
            <item>
              <committee />
              <links>
                <link>
                  <url>https://www.congress.gov/amendment/115th-congress/house-amendment/119</url>
                  <name>H.Amdt.119</name>
                </link>
                <link>
                  <url>https://www.congress.gov/congressional-record/volume-163/house-section/page/H4546</url>
                  <name>H4546</name>
                </link>
                <link>
                  <url>https://www.congress.gov/congressional-record/volume-163/house-section/page/H4546-4548</url>
                  <name>H4546-4548</name>
                </link>
                <link>
                  <url>https://www.congress.gov/congressional-record/volume-163/house-section/page/H4550</url>
                  <name>H4550</name>
                </link>
              </links>
              <sourceSystem>
                <code>9</code>
                <name>Library of Congress</name>
              </sourceSystem>
              <text>House amendment offered/reported by : Amendment (A002) offered by Mr. Huffman.</text>
              <actionCode>71500</actionCode>
              <actionDate>2017-05-24</actionDate>
              <actionTime>16:00:42</actionTime>
              <type>NotUsed</type>
            </item>
            <item>
              <committee />
              <links>
                <link>
                  <url>https://www.congress.gov/amendment/115th-congress/house-amendment/119</url>
                  <name>H.Amdt.119</name>
                </link>
                <link>
                  <url>http://clerk.house.gov/evs/2017/roll280.xml</url>
                  <name>Roll no. 280</name>
                </link>
              </links>
              <sourceSystem>
                <code>9</code>
                <name>Library of Congress</name>
              </sourceSystem>
              <text>House amendment not agreed to: On agreeing to the Huffman amendment (A002) Failed by recorded vote: 189 - 230 (Roll no. 280).</text>
              <actionCode>73000</actionCode>
              <actionDate>2017-05-24</actionDate>
              <actionTime>16:46:46</actionTime>
              <type>Floor</type>
            </item>
            <item>
              <committee />
              <links>
                <link>
                  <url>https://www.congress.gov/amendment/115th-congress/house-amendment/119</url>
                  <name>H.Amdt.119</name>
                </link>
                <link>
                  <url>http://clerk.house.gov/evs/2017/roll280.xml</url>
                  <name>Roll no. 280</name>
                </link>
              </links>
              <sourceSystem>
                <code>9</code>
                <name>Library of Congress</name>
              </sourceSystem>
              <text>Roll call votes on amendments in House</text>
              <actionCode>75000</actionCode>
              <actionDate>2017-05-24</actionDate>
              <actionTime>16:46:46</actionTime>
              <type>Floor</type>
            </item>
            <item>
              <committee />
              <links />
              <sourceSystem>
                <code>9</code>
                <name>Library of Congress</name>
              </sourceSystem>
              <text>House amendment offered</text>
              <actionCode>71000</actionCode>
              <actionDate>2017-05-24</actionDate>
              <type>Floor</type>
            </item>
          </actions>
          <count>8</count>
        </actions>
        <notes />
        <amendments>
          <count>0</count>
        </amendments>
        <version>1.0.0</version>
        <cosponsors>
          <currentCount>0</currentCount>
          <totalCount>0</totalCount>
        </cosponsors>
        <links />
        <createDate>2017-05-25T07:16:13Z</createDate>
        <proposedDate />
        <updateDate>2018-02-22T15:27:22Z</updateDate>
        <titles />
        <number>119</number>
      </amendment>
      <amendment>
        <congress>115</congress>
        <number>118</number>
        <description>Amendment sought to ensure that existing clean water protections apply to the release of these toxic chemicals into the environment.</description>
        <purpose>An amendment numbered 1 printed in House Report 115-145 to ensure that existing clean water protections apply to the release of these toxic chemicals into the environment.</purpose>
        <type>HAMDT</type>
        <latestAction>
          <text>On agreeing to the Esty (CT) amendment (A001) Failed by recorded vote: 191 - 229 (Roll no. 279).</text>
          <actionTime>16:38:26</actionTime>
          <actionDate>2017-05-24</actionDate>
        </latestAction>
        <createDate>2017-05-25T07:16:13Z</createDate>
        <proposedDate />
        <links />
        <titles />
        <cosponsors>
          <currentCount>0</currentCount>
          <totalCount>0</totalCount>
        </cosponsors>
        <amendedAmendment />
        <version>1.0.0</version>
        <number>118</number>
        <description>Amendment sought to ensure that existing clean water protections apply to the release of these toxic chemicals into the environment.</description>
        <sponsors>
          <item>
            <fullName>Rep. Esty, Elizabeth H. [D-CT-5]</fullName>
            <party>D</party>
            <bioguideId>E000293</bioguideId>
            <lastName>Esty</lastName>
            <middleName>H.</middleName>
            <identifiers>
              <bioguideId>E000293</bioguideId>
              <lisID>2114</lisID>
              <gpoId />
            </identifiers>
            <firstName>Elizabeth</firstName>
            <state>CT</state>
            <district>5</district>
          </item>
        </sponsors>
        <amendments>
          <count>0</count>
        </amendments>
        <amendedBill>
          <originChamberCode>H</originChamberCode>
          <originChamber>House</originChamber>
          <title>Reducing Regulatory Burdens Act of 2017</title>
          <congress>115</congress>
          <type>HR</type>
          <number>953</number>
        </amendedBill>
        <purpose>An amendment numbered 1 printed in House Report 115-145 to ensure that existing clean water protections apply to the release of these toxic chemicals into the environment.</purpose>
        <notes />
        <type>HAMDT</type>
        <congress>115</congress>
        <chamber>House of Representatives</chamber>
        <updateDate>2018-02-22T15:27:22Z</updateDate>
        <actions>
          <actionByCounts>
            <houseOfRepresentatives>7</houseOfRepresentatives>
          </actionByCounts>
          <actions>
            <item>
              <actionDate>2017-05-24</actionDate>
              <text>On agreeing to the Esty (CT) amendment (A001) Failed by recorded vote: 191 - 229 (Roll no. 279).</text>
              <actionTime>16:38:26</actionTime>
              <sourceSystem>
                <code>2</code>
                <name>House floor actions</name>
              </sourceSystem>
              <committee />
              <links>
                <link>
                  <url>https://www.congress.gov/amendment/115th-congress/house-amendment/118</url>
                  <name>H.Amdt.118</name>
                </link>
                <link>
                  <url>http://clerk.house.gov/evs/2017/roll279.xml</url>
                  <name>Roll no. 279</name>
                </link>
              </links>
              <actionCode>H32111</actionCode>
              <type>Floor</type>
            </item>
            <item>
              <actionDate>2017-05-24</actionDate>
              <text>Amendment (A001) offered by Ms. Esty (CT). (consideration: CR H4545-4546, H4549; text: CR H4545)</text>
              <actionTime>15:51:34</actionTime>
              <sourceSystem>
                <code>2</code>
                <name>House floor actions</name>
              </sourceSystem>
              <committee />
              <links>
                <link>
                  <url>https://www.congress.gov/amendment/115th-congress/house-amendment/118</url>
                  <name>H.Amdt.118</name>
                </link>
                <link>
                  <url>https://www.congress.gov/congressional-record/volume-163/house-section/page/H4545</url>
                  <name>H4545</name>
                </link>
                <link>
                  <url>https://www.congress.gov/congressional-record/volume-163/house-section/page/H4545-4546</url>
                  <name>H4545-4546</name>
                </link>
                <link>
                  <url>https://www.congress.gov/congressional-record/volume-163/house-section/page/H4549</url>
                  <name>H4549</name>
                </link>
              </links>
              <actionCode>H3A100</actionCode>
              <type>Floor</type>
            </item>
            <item>
              <actionDate>2017-05-24</actionDate>
              <committee />
              <links />
              <text />
            </item>
            <item>
              <actionDate>2017-05-24</actionDate>
              <text>Amendment failed in Committee of the Whole</text>
              <actionTime>16:38:26</actionTime>
              <sourceSystem>
                <code>9</code>
                <name>Library of Congress</name>
              </sourceSystem>
              <committee />
              <links>
                <link>
                  <url>https://www.congress.gov/amendment/115th-congress/house-amendment/118</url>
                  <name>H.Amdt.118</name>
                </link>
                <link>
                  <url>http://clerk.house.gov/evs/2017/roll279.xml</url>
                  <name>Roll no. 279</name>
                </link>
              </links>
              <actionCode>77000</actionCode>
              <type>NotUsed</type>
            </item>
            <item>
              <actionDate>2017-05-24</actionDate>
              <text>House amendment not agreed to: On agreeing to the Esty (CT) amendment (A001) Failed by recorded vote: 191 - 229 (Roll no. 279).</text>
              <actionTime>16:38:26</actionTime>
              <sourceSystem>
                <code>9</code>
                <name>Library of Congress</name>
              </sourceSystem>
              <committee />
              <links>
                <link>
                  <url>https://www.congress.gov/amendment/115th-congress/house-amendment/118</url>
                  <name>H.Amdt.118</name>
                </link>
                <link>
                  <url>http://clerk.house.gov/evs/2017/roll279.xml</url>
                  <name>Roll no. 279</name>
                </link>
              </links>
              <actionCode>73000</actionCode>
              <type>Floor</type>
            </item>
            <item>
              <actionDate>2017-05-24</actionDate>
              <text>Roll call votes on amendments in House</text>
              <actionTime>16:38:26</actionTime>
              <sourceSystem>
                <code>9</code>
                <name>Library of Congress</name>
              </sourceSystem>
              <committee />
              <links>
                <link>
                  <url>https://www.congress.gov/amendment/115th-congress/house-amendment/118</url>
                  <name>H.Amdt.118</name>
                </link>
                <link>
                  <url>http://clerk.house.gov/evs/2017/roll279.xml</url>
                  <name>Roll no. 279</name>
                </link>
              </links>
              <actionCode>75000</actionCode>
              <type>Floor</type>
            </item>
            <item>
              <actionDate>2017-05-24</actionDate>
              <text>House amendment offered/reported by : Amendment (A001) offered by Ms. Esty (CT).</text>
              <actionTime>15:51:34</actionTime>
              <sourceSystem>
                <code>9</code>
                <name>Library of Congress</name>
              </sourceSystem>
              <committee />
              <links>
                <link>
                  <url>https://www.congress.gov/amendment/115th-congress/house-amendment/118</url>
                  <name>H.Amdt.118</name>
                </link>
                <link>
                  <url>https://www.congress.gov/congressional-record/volume-163/house-section/page/H4545</url>
                  <name>H4545</name>
                </link>
                <link>
                  <url>https://www.congress.gov/congressional-record/volume-163/house-section/page/H4545-4546</url>
                  <name>H4545-4546</name>
                </link>
                <link>
                  <url>https://www.congress.gov/congressional-record/volume-163/house-section/page/H4549</url>
                  <name>H4549</name>
                </link>
              </links>
              <actionCode>71500</actionCode>
              <type>NotUsed</type>
            </item>
            <item>
              <actionDate>2017-05-24</actionDate>
              <text>House amendment offered</text>
              <sourceSystem>
                <code>9</code>
                <name>Library of Congress</name>
              </sourceSystem>
              <committee />
              <type>Floor</type>
              <actionCode>71000</actionCode>
              <links />
            </item>
          </actions>
          <actionTypeCounts>
            <agreementToAnAmendmentResultsCommitteeOfTheWhole>1</agreementToAnAmendmentResultsCommitteeOfTheWhole>
            <houseAmendmentOfferedReportedBy>1</houseAmendmentOfferedReportedBy>
            <amendmentFailedInCommitteeOfTheWhole>1</amendmentFailedInCommitteeOfTheWhole>
            <houseAmendmentNotAgreedTo>1</houseAmendmentNotAgreedTo>
            <amendmentOffered>1</amendmentOffered>
            <rollCallVotesOnAmendmentsInHouse>1</rollCallVotesOnAmendmentsInHouse>
            <houseAmendmentOffered>1</houseAmendmentOffered>
          </actionTypeCounts>
          <count>8</count>
        </actions>
        <submittedDate>2017-05-24T04:00:00Z</submittedDate>
      </amendment>
    </amendments>
    <summaries>
      <billSummaries>
        <item>
          <versionCode>00</versionCode>
          <actionDate>2017-02-07</actionDate>
          <lastSummaryUpdateDate>2017-05-24T19:07:42Z</lastSummaryUpdateDate>
          <updateDate>2017-02-07T05:00:00Z</updateDate>
          <actionDesc>Introduced in House</actionDesc>
          <text><![CDATA[<p><b>Reducing Regulatory Burdens Act of 2017</b></p> <p>This bill amends the Federal Insecticide, Fungicide, and Rodenticide Act (FIFRA) and the Federal Water Pollution Control Act (commonly known as the Clean Water Act) to prohibit the Environmental Protection Agency or a state from requiring a permit under the National Pollutant Discharge Elimination System for a discharge of a pesticide from a point source into navigable waters if the discharge is approved under FIFRA. Point source pollution is waste discharged from a distinct place, such as a pipe, channel, or tunnel. The bill establishes exemptions from this prohibition.</p>]]></text>
          <name>Introduced in House</name>
        </item>
        <item>
          <versionCode>28</versionCode>
          <actionDate>2017-05-18</actionDate>
          <lastSummaryUpdateDate>2017-10-24T14:06:16Z</lastSummaryUpdateDate>
          <updateDate>2017-05-18T11:11:49Z</updateDate>
          <actionDesc>Reported to House without amendment, Part I</actionDesc>
          <text><![CDATA[<p>(This measure has not been amended since it was introduced. The summary has been expanded because action occurred on the measure.)</p> <p><b>Reducing Regulatory Burdens Act of 2017</b></p> <p>(Sec. 2) This bill amends the Federal Insecticide, Fungicide, and Rodenticide Act (FIFRA) and the Federal Water Pollution Control Act (commonly known as the Clean Water Act) to prohibit the Environmental Protection Agency or a state from requiring a permit under the National Pollutant Discharge Elimination System (NPDES) for a discharge of a pesticide from a point source into navigable waters if the discharge is approved under FIFRA. Point source pollution is waste discharged from a distinct place, such as a pipe, channel, or tunnel. </p> <p>(Sec. 3) NPDES permits are required for: (1) a discharge resulting from the application of a pesticide in violation of FIFRA that is relevant to protecting water quality, if the discharge would not have occurred but for the violation or the amount of pesticide or pesticide residue contained in the discharge is greater than would have occurred without the violation; (2) stormwater discharges regulated under the NPDES; and (3) discharges regulated under NPDES of manufacturing or industrial effluent or treatment works effluent and discharges incidental to the normal operation of a vessel, including a discharge resulting from operations concerning ballast water held in ships to increase stability or vessel biofouling prevention. </p>]]></text>
          <name>Reported to House without amendment, Part I</name>
        </item>
        <item>
          <versionCode>36</versionCode>
          <actionDate>2017-05-24</actionDate>
          <lastSummaryUpdateDate>2017-10-24T15:22:37Z</lastSummaryUpdateDate>
          <updateDate>2017-05-24T14:15:53Z</updateDate>
          <actionDesc>Passed House amended</actionDesc>
          <text><![CDATA[<p><b>Reducing Regulatory Burdens Act of 2017</b></p> <p>(Sec. 2) This bill amends the Federal Insecticide, Fungicide, and Rodenticide Act (FIFRA) and the Federal Water Pollution Control Act (commonly known as the Clean Water Act) to prohibit the Environmental Protection Agency or a state from requiring a permit under the National Pollutant Discharge Elimination System (NPDES) for a discharge of a pesticide from a point source into navigable waters if the discharge is approved under FIFRA. Point source pollution is waste discharged from a distinct place, such as a pipe, channel, or tunnel. </p> <p>(Sec. 3) NPDES permits are required for: (1) a discharge resulting from the application of a pesticide in violation of FIFRA that is relevant to protecting water quality, if the discharge would not have occurred but for the violation or the amount of pesticide or pesticide residue contained in the discharge is greater than would have occurred without the violation; (2) stormwater discharges regulated under NPDES; and (3) discharges regulated under NPDES of manufacturing or industrial effluent or treatment works effluent and discharges incidental to the normal operation of a vessel, including a discharge resulting from operations concerning ballast water held in ships to increase stability or vessel biofouling prevention. </p>]]></text>
          <name>Passed House amended</name>
        </item>
      </billSummaries>
    </summaries>
    <title>Reducing Regulatory Burdens Act of 2017</title>
    <latestAction>
      <actionDate>2017-05-25</actionDate>
      <text>Received in the Senate and Read twice and referred to the Committee on Environment and Public Works.</text>
      <links />
    </latestAction>
    <sponsors>
      <item>
        <byRequestType />
        <party>R</party>
        <middleName />
        <lastName>Gibbs</lastName>
        <district>7</district>
        <bioguideId>G000563</bioguideId>
        <fullName>Rep. Gibbs, Bob [R-OH-7]</fullName>
        <firstName>Bob</firstName>
        <identifiers>
          <lisID>2049</lisID>
          <gpoId>8108</gpoId>
          <bioguideId>G000563</bioguideId>
        </identifiers>
        <state>OH</state>
      </item>
    </sponsors>
  </bill>
  <dublinCore xmlns:dc="http://purl.org/dc/elements/1.1/">
    <dc:format>text/xml</dc:format>
    <dc:language>EN</dc:language>
    <dc:rights>Pursuant to Title 17 Section 105 of the United States Code, this file is not subject to copyright protection and is in the public domain.</dc:rights>
    <dc:contributor>Congressional Research Service, Library of Congress</dc:contributor>
    <dc:description>This file contains bill summaries and statuses for federal legislation. A bill summary describes the most significant provisions of a piece of legislation and details the effects the legislative text may have on current law and federal programs. Bill summaries are authored by the Congressional Research Service (CRS) of the Library of Congress. As stated in Public Law 91-510 (2 USC 166 (d)(6)), one of the duties of CRS is "to prepare summaries and digests of bills and resolutions of a public general nature introduced in the Senate or House of Representatives". For more information, refer to the User Guide that accompanies this file.</dc:description>
  </dublinCore>
</billStatus>

