<?xml version="1.0" encoding="UTF-8"?>
<billStatus>
  <bill>
    <introducedDate>2017-01-05</introducedDate>
    <congress>115</congress>
    <latestAction>
      <actionDate>2017-08-22</actionDate>
      <links>
        <link>
          <name>Public Law No: 115-53</name>
          <url>https://www.congress.gov/bill/115th-congress/house-bill/339/text/pl</url>
        </link>
      </links>
      <text>Became Public Law No: 115-53.</text>
    </latestAction>
    <originChamber>House</originChamber>
    <billNumber>339</billNumber>
    <sponsors>
      <item>
        <state>MP</state>
        <identifiers>
          <lisID>1962</lisID>
          <bioguideId>S001177</bioguideId>
          <gpoId>8018</gpoId>
        </identifiers>
        <bioguideId>S001177</bioguideId>
        <lastName>Sablan</lastName>
        <fullName>Rep. Sablan, Gregorio Kilili Camacho [D-MP-At Large]</fullName>
        <district>0</district>
        <firstName>Gregorio</firstName>
        <byRequestType />
        <middleName>Kilili Camacho</middleName>
        <party>D</party>
      </item>
    </sponsors>
    <committeeReports />
    <relatedBills />
    <titles>
      <item>
        <titleType>Short Titles as Enacted</titleType>
        <parentTitleType>Short Title</parentTitleType>
        <chamberName />
        <title>Northern Mariana Islands Economic Expansion Act</title>
        <chamberCode />
      </item>
      <item>
        <titleType>Short Titles as Passed Senate</titleType>
        <parentTitleType>Short Titles Senate</parentTitleType>
        <chamberName>Senate</chamberName>
        <title>Northern Mariana Islands Economic Expansion Act</title>
        <chamberCode>S</chamberCode>
      </item>
      <item>
        <titleType>Short Titles as Passed House</titleType>
        <parentTitleType>Short Titles House of Representatives</parentTitleType>
        <chamberName>House</chamberName>
        <title>Northern Mariana Islands Economic Expansion Act</title>
        <chamberCode>H</chamberCode>
      </item>
      <item>
        <titleType>Short Titles as Introduced</titleType>
        <parentTitleType />
        <chamberName />
        <title>Northern Mariana Islands Economic Expansion Act</title>
        <chamberCode />
      </item>
      <item>
        <titleType>Official Title as Introduced</titleType>
        <parentTitleType />
        <chamberName />
        <title>To amend Public Law 94-241 with respect to the Northern Mariana Islands.</title>
        <chamberCode />
      </item>
      <item>
        <titleType>Display Title</titleType>
        <parentTitleType />
        <chamberName />
        <title>Northern Mariana Islands Economic Expansion Act</title>
        <chamberCode />
      </item>
      <item>
        <titleType>(Extracted from GPO) Short Titles as Passed House</titleType>
        <parentTitleType />
        <chamberName>House</chamberName>
        <title>Northern Mariana Islands Economic Expansion Act</title>
        <chamberCode>H</chamberCode>
      </item>
      <item>
        <titleType>(Extracted from GPO) Short Titles as Introduced</titleType>
        <parentTitleType />
        <chamberName />
        <title>Northern Mariana Islands Economic Expansion Act</title>
        <chamberCode />
      </item>
    </titles>
    <constitutionalAuthorityStatementText><![CDATA[<pre>From the Congressional Record Online through the Government Publishing Office [<a href='http://www.gpo.gov'>www.gpo.gov</a>]By Mr. SABLAN:H.R. 339.Congress has the power to enact this legislation pursuantto the following:Pursuant to clause 7 of Rule XII of the Rules of the Houseof Representatives, the following statement ins submittedregarding the specific powers granted to Congress in theConstitution to enact the accompanying bill or jointresolution.Congress has the power to enact this legislation pursuantto the following: Under Article I, Section 8, Clauses 1, 3and 4 and Article IV, Section 3, Clause 2 of the Constitutionof the United States.[Page H183]</pre>]]></constitutionalAuthorityStatementText>
    <billType>HR</billType>
    <summaries>
      <billSummaries>
        <item>
          <updateDate>2017-01-05T05:00:00Z</updateDate>
          <actionDesc>Introduced in House</actionDesc>
          <versionCode>00</versionCode>
          <name>Introduced in House</name>
          <text><![CDATA[<p><strong>Northern Mariana Islands Economic Expansion Act</strong></p> <p>This bill: (1) requires the Department of Homeland Security to increase the supplemental education fee charged to a prospective employer for each CNMI (Commonwealth of the Northern Mariana Islands)-Only Transitional Worker who is issued a permit during the transition period to U.S. immigration law, (2) allows such a permit for construction occupations to be issued only to extend a permit first issued before October 1, 2015, and (3) caps the number of permits issued for such nonimmigrant workers for FY2017 at 15,000.</p>]]></text>
          <lastSummaryUpdateDate>2017-02-04T15:51:43Z</lastSummaryUpdateDate>
          <actionDate>2017-01-05</actionDate>
        </item>
        <item>
          <updateDate>2017-01-30T14:24:51Z</updateDate>
          <actionDesc>Passed House without amendment</actionDesc>
          <versionCode>81</versionCode>
          <name>Passed House without amendment</name>
          <text><![CDATA[<p>(This measure has not been amended since it was introduced. The summary of that version is repeated here.)</p> <p><strong>Northern Mariana Islands Economic Expansion Act</strong></p> <p>This bill: (1) requires the Department of Homeland Security to increase the supplemental education fee charged to a prospective employer for each CNMI (Commonwealth of the Northern Mariana Islands)-Only Transitional Worker who is issued a permit during the transition period to U.S. immigration law, (2) allows such a permit for construction occupations to be issued only to extend a permit first issued before October 1, 2015, and (3) caps the number of permits issued for such nonimmigrant workers for FY2017 at 15,000.</p>]]></text>
          <lastSummaryUpdateDate>2017-02-04T15:53:22Z</lastSummaryUpdateDate>
          <actionDate>2017-01-30</actionDate>
        </item>
      </billSummaries>
    </summaries>
    <subjects>
      <billSubjects>
        <legislativeSubjects>
          <item>
            <name>Building construction</name>
          </item>
          <item>
            <name>Foreign labor</name>
          </item>
          <item>
            <name>Immigration status and procedures</name>
          </item>
          <item>
            <name>Licensing and registrations</name>
          </item>
          <item>
            <name>Northern Mariana Islands</name>
          </item>
          <item>
            <name>User charges and fees</name>
          </item>
        </legislativeSubjects>
        <policyArea>
          <name>Immigration</name>
        </policyArea>
      </billSubjects>
    </subjects>
    <laws>
      <item>
        <type>Public Law</type>
        <number>115-53</number>
      </item>
    </laws>
    <policyArea>
      <name>Immigration</name>
    </policyArea>
    <committees>
      <billCommittees>
        <item>
          <systemCode>sseg00</systemCode>
          <chamber>Senate</chamber>
          <type>Standing</type>
          <activities>
            <item>
              <date>2017-08-01T23:43:31Z</date>
              <name>Discharged from</name>
            </item>
            <item>
              <date>2017-04-27T14:00:00Z</date>
              <name>Hearings by</name>
            </item>
            <item>
              <date>2017-02-01T23:35:34Z</date>
              <name>Referred to</name>
            </item>
          </activities>
          <name>Energy and Natural Resources Committee</name>
          <subcommittees />
        </item>
        <item>
          <systemCode>hsju00</systemCode>
          <chamber>House</chamber>
          <type>Standing</type>
          <activities>
            <item>
              <date>2017-01-05T15:06:05Z</date>
              <name>Referred to</name>
            </item>
          </activities>
          <name>Judiciary Committee</name>
          <subcommittees>
            <item>
              <activities>
                <item>
                  <date>2017-01-10T22:22:43Z</date>
                  <name>Referred to</name>
                </item>
              </activities>
              <systemCode>hsju01</systemCode>
              <name>Immigration and Border Security Subcommittee</name>
            </item>
          </subcommittees>
        </item>
        <item>
          <systemCode>hsii00</systemCode>
          <chamber>House</chamber>
          <type>Standing</type>
          <activities>
            <item>
              <date>2017-01-05T15:06:00Z</date>
              <name>Referred to</name>
            </item>
          </activities>
          <name>Natural Resources Committee</name>
          <subcommittees />
        </item>
      </billCommittees>
    </committees>
    <version>1.0.0</version>
    <recordedVotes />
    <updateDate>2018-02-06T16:40:40Z</updateDate>
    <title>Northern Mariana Islands Economic Expansion Act</title>
    <createDate>2017-01-06T04:57:26Z</createDate>
    <cboCostEstimates />
    <actions>
      <actionTypeCounts>
        <lastSenateActionBeingConsideredByUnanimousConsent>1</lastSenateActionBeingConsideredByUnanimousConsent>
        <passedAgreedToInHouse>1</passedAgreedToInHouse>
        <sentToHouse>1</sentToHouse>
        <passedAgreedToInSenate>1</passedAgreedToInSenate>
        <senateCommitteeDischarged>1</senateCommitteeDischarged>
        <considerationByHouse>1</considerationByHouse>
        <generalDebate>1</generalDebate>
        <motionMadeToSuspendTheRules>1</motionMadeToSuspendTheRules>
        <placeholderTextForH>1</placeholderTextForH>
        <referredToCommittee>1</referredToCommittee>
        <introducedInTheHouse>1</introducedInTheHouse>
        <billReferrals>2</billReferrals>
        <resolvingDifferencesHouseActions>1</resolvingDifferencesHouseActions>
        <motionToReconsiderResults>2</motionToReconsiderResults>
        <becamePublicLaw>2</becamePublicLaw>
        <finalPassageUnderSuspensionOfTheRulesResults>1</finalPassageUnderSuspensionOfTheRulesResults>
        <introducedInSenate>1</introducedInSenate>
        <presentedToPresident>1</presentedToPresident>
        <placeholderTextForE>3</placeholderTextForE>
        <measureLaidBeforeSenate>1</measureLaidBeforeSenate>
        <introducedInHouse>1</introducedInHouse>
        <voteOnHouseAgreeingToTheSenateAction>1</voteOnHouseAgreeingToTheSenateAction>
        <hearingsHeld>1</hearingsHeld>
        <passedSenate>1</passedSenate>
        <committeeDischarged>1</committeeDischarged>
      </actionTypeCounts>
      <item>
        <text>Became Public Law No: 115-53.</text>
        <links>
          <link>
            <url>https://www.congress.gov/bill/115th-congress/house-bill/339/text/pl</url>
            <name>Public Law No: 115-53</name>
          </link>
        </links>
        <actionDate>2017-08-22</actionDate>
        <committee />
        <sourceSystem>
          <name>House floor actions</name>
          <code>2</code>
        </sourceSystem>
        <type>President</type>
        <actionCode>E40000</actionCode>
      </item>
      <item>
        <text>Became Public Law No: 115-53.</text>
        <links>
          <link>
            <url>https://www.congress.gov/bill/115th-congress/house-bill/339/text/pl</url>
            <name>Public Law No: 115-53</name>
          </link>
        </links>
        <actionDate>2017-08-22</actionDate>
        <committee />
        <sourceSystem>
          <name>Library of Congress</name>
          <code>9</code>
        </sourceSystem>
        <type>BecameLaw</type>
        <actionCode>36000</actionCode>
      </item>
      <item>
        <text>Signed by President.</text>
        <links />
        <actionDate>2017-08-22</actionDate>
        <committee />
        <sourceSystem>
          <name>House floor actions</name>
          <code>2</code>
        </sourceSystem>
        <type>President</type>
        <actionCode>E30000</actionCode>
      </item>
      <item>
        <text>Signed by President.</text>
        <links />
        <actionDate>2017-08-22</actionDate>
        <committee />
        <sourceSystem>
          <name>Library of Congress</name>
          <code>9</code>
        </sourceSystem>
        <type>BecameLaw</type>
        <actionCode>36000</actionCode>
      </item>
      <item>
        <text>Presented to President.</text>
        <links />
        <actionDate>2017-08-11</actionDate>
        <committee />
        <sourceSystem>
          <name>House floor actions</name>
          <code>2</code>
        </sourceSystem>
        <type>Floor</type>
        <actionCode>E20000</actionCode>
      </item>
      <item>
        <text>Presented to President.</text>
        <links />
        <actionDate>2017-08-11</actionDate>
        <committee />
        <sourceSystem>
          <name>Library of Congress</name>
          <code>9</code>
        </sourceSystem>
        <type>President</type>
        <actionCode>28000</actionCode>
      </item>
      <item>
        <text>Motion to reconsider laid on the table Agreed to without objection.</text>
        <links />
        <actionDate>2017-08-11</actionDate>
        <committee />
        <sourceSystem>
          <name>House floor actions</name>
          <code>2</code>
        </sourceSystem>
        <actionTime>09:05:22</actionTime>
        <type>ResolvingDifferences</type>
        <actionCode>H41931</actionCode>
      </item>
      <item>
        <text>On motion that the House agree to the Senate amendment Agreed to without objection. (consideration: CR H6601; text as House agreed to Senate amendment: CR H6601)</text>
        <links>
          <link>
            <url>https://www.congress.gov/congressional-record/volume-163/house-section/page/H6601</url>
            <name>H6601</name>
          </link>
        </links>
        <actionDate>2017-08-11</actionDate>
        <committee />
        <sourceSystem>
          <name>House floor actions</name>
          <code>2</code>
        </sourceSystem>
        <actionTime>09:05:21</actionTime>
        <type>ResolvingDifferences</type>
        <actionCode>H41610</actionCode>
      </item>
      <item>
        <text>Resolving differences -- House actions: On motion that the House agree to the Senate amendment Agreed to without objection.</text>
        <links />
        <actionDate>2017-08-11</actionDate>
        <committee />
        <sourceSystem>
          <name>Library of Congress</name>
          <code>9</code>
        </sourceSystem>
        <type>NotUsed</type>
        <actionCode>19500</actionCode>
      </item>
      <item>
        <text>Mrs. Comstock asked unanimous consent to take from the Speaker's Table and agree to the Senate amendment.</text>
        <links />
        <actionDate>2017-08-11</actionDate>
        <committee />
        <sourceSystem>
          <name>House floor actions</name>
          <code>2</code>
        </sourceSystem>
        <actionTime>09:04:58</actionTime>
        <type>ResolvingDifferences</type>
        <actionCode>H40110</actionCode>
      </item>
      <item>
        <actionDate>2017-08-02</actionDate>
        <committee />
        <links />
        <sourceSystem>
          <name>Senate</name>
          <code>0</code>
        </sourceSystem>
        <text>Message on Senate action sent to the House.</text>
        <type>Floor</type>
      </item>
      <item>
        <actionDate>2017-08-01</actionDate>
        <committee />
        <links />
        <sourceSystem>
          <name>Senate</name>
          <code>0</code>
        </sourceSystem>
        <text>Passed Senate with an amendment by Unanimous Consent.</text>
        <type>Floor</type>
      </item>
      <item>
        <text>Passed/agreed to in Senate: Passed Senate with an amendment by Unanimous Consent.</text>
        <links />
        <actionDate>2017-08-01</actionDate>
        <committee />
        <sourceSystem>
          <name>Library of Congress</name>
          <code>9</code>
        </sourceSystem>
        <type>Floor</type>
        <actionCode>17000</actionCode>
      </item>
      <item>
        <actionDate>2017-08-01</actionDate>
        <committee />
        <links>
          <link>
            <url>https://www.congress.gov/congressional-record/volume-163/senate-section/page/S4686-4687</url>
            <name>S4686-4687</name>
          </link>
        </links>
        <sourceSystem>
          <name>Senate</name>
          <code>0</code>
        </sourceSystem>
        <text>Measure laid before Senate by unanimous consent. (consideration: CR S4686-4687)</text>
        <type>Floor</type>
      </item>
      <item>
        <actionDate>2017-08-01</actionDate>
        <committee>
          <systemCode>sseg00</systemCode>
          <name>Energy and Natural Resources Committee</name>
        </committee>
        <links />
        <sourceSystem>
          <name>Senate</name>
          <code>0</code>
        </sourceSystem>
        <text>Senate Committee on Energy and Natural Resources discharged by Unanimous Consent.</text>
        <type>Discharge</type>
      </item>
      <item>
        <text>Senate Committee on Energy and Natural Resources discharged by Unanimous Consent.</text>
        <links />
        <actionDate>2017-08-01</actionDate>
        <committee>
          <systemCode>sseg00</systemCode>
          <name>Energy and Natural Resources Committee</name>
        </committee>
        <sourceSystem>
          <name>Library of Congress</name>
          <code>9</code>
        </sourceSystem>
        <type>Committee</type>
        <actionCode>14500</actionCode>
      </item>
      <item>
        <actionDate>2017-04-27</actionDate>
        <committee>
          <systemCode>sseg00</systemCode>
          <name>Energy and Natural Resources Committee</name>
        </committee>
        <links />
        <sourceSystem>
          <name>Senate</name>
          <code>0</code>
        </sourceSystem>
        <text>Committee on Energy and Natural Resources. Hearings held.</text>
        <type>Committee</type>
      </item>
      <item>
        <actionDate>2017-02-01</actionDate>
        <committee>
          <systemCode>sseg00</systemCode>
          <name>Energy and Natural Resources Committee</name>
        </committee>
        <links />
        <sourceSystem>
          <name>Senate</name>
          <code>0</code>
        </sourceSystem>
        <text>Read twice and referred to the Committee on Energy and Natural Resources.</text>
        <type>IntroReferral</type>
      </item>
      <item>
        <actionDate>2017-01-31</actionDate>
        <committee />
        <links />
        <sourceSystem>
          <name>Senate</name>
          <code>0</code>
        </sourceSystem>
        <text>Received in the Senate.</text>
        <type>IntroReferral</type>
      </item>
      <item>
        <text>Motion to reconsider laid on the table Agreed to without objection.</text>
        <links />
        <actionDate>2017-01-30</actionDate>
        <committee />
        <sourceSystem>
          <name>House floor actions</name>
          <code>2</code>
        </sourceSystem>
        <actionTime>16:43:52</actionTime>
        <type>Floor</type>
        <actionCode>H38310</actionCode>
      </item>
      <item>
        <text>On motion to suspend the rules and pass the bill Agreed to by voice vote. (text: CR H710)</text>
        <links>
          <link>
            <url>https://www.congress.gov/congressional-record/volume-163/house-section/page/H710</url>
            <name>H710</name>
          </link>
        </links>
        <actionDate>2017-01-30</actionDate>
        <committee />
        <sourceSystem>
          <name>House floor actions</name>
          <code>2</code>
        </sourceSystem>
        <actionTime>16:43:50</actionTime>
        <type>Floor</type>
        <actionCode>H37300</actionCode>
      </item>
      <item>
        <text>Passed/agreed to in House: On motion to suspend the rules and pass the bill Agreed to by voice vote.(text: CR H710)</text>
        <links>
          <link>
            <url>https://www.congress.gov/congressional-record/volume-163/house-section/page/H710</url>
            <name>H710</name>
          </link>
        </links>
        <actionDate>2017-01-30</actionDate>
        <committee />
        <sourceSystem>
          <name>Library of Congress</name>
          <code>9</code>
        </sourceSystem>
        <actionTime>16:43:50</actionTime>
        <type>Floor</type>
        <actionCode>8000</actionCode>
      </item>
      <item>
        <text>DEBATE - The House proceeded with forty minutes of debate on H.R. 339.</text>
        <links>
          <link>
            <url>https://www.congress.gov/bill/115th-congress/house-bill/339</url>
            <name>H.R. 339</name>
          </link>
        </links>
        <actionDate>2017-01-30</actionDate>
        <committee />
        <sourceSystem>
          <name>House floor actions</name>
          <code>2</code>
        </sourceSystem>
        <actionTime>16:38:55</actionTime>
        <type>Floor</type>
        <actionCode>H8D000</actionCode>
      </item>
      <item>
        <text>Considered under suspension of the rules. (consideration: CR H710-712)</text>
        <links>
          <link>
            <url>https://www.congress.gov/congressional-record/volume-163/house-section/page/H710-712</url>
            <name>H710-712</name>
          </link>
        </links>
        <actionDate>2017-01-30</actionDate>
        <committee />
        <sourceSystem>
          <name>House floor actions</name>
          <code>2</code>
        </sourceSystem>
        <actionTime>16:38:53</actionTime>
        <type>Floor</type>
        <actionCode>H30000</actionCode>
      </item>
      <item>
        <text>Mr. McClintock moved to suspend the rules and pass the bill.</text>
        <links />
        <actionDate>2017-01-30</actionDate>
        <committee />
        <sourceSystem>
          <name>House floor actions</name>
          <code>2</code>
        </sourceSystem>
        <actionTime>16:38:39</actionTime>
        <type>Floor</type>
        <actionCode>H30300</actionCode>
      </item>
      <item>
        <actionDate>2017-01-10</actionDate>
        <committee>
          <systemCode>hsju01</systemCode>
          <name>Immigration and Border Security Subcommittee</name>
        </committee>
        <links />
        <sourceSystem>
          <name>House committee actions</name>
          <code>1</code>
        </sourceSystem>
        <text>Referred to the Subcommittee on Immigration and Border Security.</text>
        <type>Committee</type>
      </item>
      <item>
        <text>Referred to the Committee on Natural Resources, and in addition to the Committee on the Judiciary, for a period to be subsequently determined by the Speaker, in each case for consideration of such provisions as fall within the jurisdiction of the committee concerned.</text>
        <links />
        <actionDate>2017-01-05</actionDate>
        <committee>
          <systemCode>hsju00</systemCode>
          <name>Judiciary Committee</name>
        </committee>
        <sourceSystem>
          <name>House floor actions</name>
          <code>2</code>
        </sourceSystem>
        <type>IntroReferral</type>
        <actionCode>H11100</actionCode>
      </item>
      <item>
        <text>Referred to the Committee on Natural Resources, and in addition to the Committee on the Judiciary, for a period to be subsequently determined by the Speaker, in each case for consideration of such provisions as fall within the jurisdiction of the committee concerned.</text>
        <links />
        <actionDate>2017-01-05</actionDate>
        <committee>
          <systemCode>hsii00</systemCode>
          <name>Natural Resources Committee</name>
        </committee>
        <sourceSystem>
          <name>House floor actions</name>
          <code>2</code>
        </sourceSystem>
        <type>IntroReferral</type>
        <actionCode>H11100</actionCode>
      </item>
      <item>
        <text>Introduced in House</text>
        <links />
        <actionDate>2017-01-05</actionDate>
        <committee />
        <sourceSystem>
          <name>Library of Congress</name>
          <code>9</code>
        </sourceSystem>
        <type>IntroReferral</type>
        <actionCode>Intro-H</actionCode>
      </item>
      <item>
        <text>Introduced in House</text>
        <links />
        <actionDate>2017-01-05</actionDate>
        <committee />
        <sourceSystem>
          <name>Library of Congress</name>
          <code>9</code>
        </sourceSystem>
        <type>IntroReferral</type>
        <actionCode>1000</actionCode>
      </item>
      <actionByCounts>
        <houseOfRepresentatives>15</houseOfRepresentatives>
        <senate>9</senate>
      </actionByCounts>
    </actions>
    <amendments>
      <amendment>
        <number>744</number>
        <description />
        <amendedBill>
          <number>339</number>
          <type>HR</type>
          <originChamberCode>H</originChamberCode>
          <congress>115</congress>
          <title>Northern Mariana Islands Economic Expansion Act</title>
          <originChamber>House</originChamber>
        </amendedBill>
        <updateDate>2018-02-06T11:39:34Z</updateDate>
        <cosponsors>
          <totalCount>1</totalCount>
          <currentCount>1</currentCount>
          <item>
            <party>D</party>
            <bioguideId>C000127</bioguideId>
            <isOriginalCosponsor>True</isOriginalCosponsor>
            <firstName>MARIA</firstName>
            <middleName />
            <sponsorshipWithdrawnDate />
            <sponsorshipDate>2017-08-01</sponsorshipDate>
            <fullName>Sen. Cantwell, Maria [D-WA]</fullName>
            <identifiers>
              <lisID>172</lisID>
              <bioguideId>C000127</bioguideId>
              <gpoId>8288</gpoId>
            </identifiers>
            <lastName>CANTWELL</lastName>
            <state>WA</state>
          </item>
        </cosponsors>
        <notes />
        <congress>115</congress>
        <actions>
          <count>6</count>
          <actionTypeCounts>
            <amendmentAgreedTo>1</amendmentAgreedTo>
            <amendmentProposed>1</amendmentProposed>
            <senateAmendmentAgreedTo>1</senateAmendmentAgreedTo>
            <senateAmendmentProposedOnTheFloor>1</senateAmendmentProposedOnTheFloor>
            <senateAmendmentSubmitted>1</senateAmendmentSubmitted>
          </actionTypeCounts>
          <actions>
            <item>
              <actionDate>2017-08-01</actionDate>
              <committee />
              <links>
                <link>
                  <url>https://www.congress.gov/amendment/115th-congress/senate-amendment/744</url>
                  <name>S.Amdt.744</name>
                </link>
                <link>
                  <url>https://www.congress.gov/amendment/115th-congress/senate-amendment/744</url>
                  <name>SA 744</name>
                </link>
              </links>
              <sourceSystem>
                <name>Senate</name>
                <code>0</code>
              </sourceSystem>
              <text>Amendment SA 744 agreed to in Senate by Unanimous Consent.</text>
              <type>Floor</type>
            </item>
            <item>
              <actionDate>2017-08-01</actionDate>
              <committee />
              <links>
                <link>
                  <url>https://www.congress.gov/amendment/115th-congress/senate-amendment/744</url>
                  <name>S.Amdt.744</name>
                </link>
                <link>
                  <url>https://www.congress.gov/congressional-record/volume-163/senate-section/page/S4686</url>
                  <name>S4686</name>
                </link>
                <link>
                  <url>https://www.congress.gov/amendment/115th-congress/senate-amendment/744</url>
                  <name>SA 744</name>
                </link>
              </links>
              <sourceSystem>
                <name>Senate</name>
                <code>0</code>
              </sourceSystem>
              <text>Amendment SA 744 proposed by Senator Portman for Senator Murkowski. (consideration: CR S4686; text: CR S4686) To permit the extension of 350 nonimmigrant permits for workers in the Commonwealth of the Northern Mariana Islands.</text>
              <type>Floor</type>
            </item>
            <item>
              <actionDate>2017-08-01</actionDate>
              <committee />
              <links />
              <text />
            </item>
            <item>
              <text>Senate amendment proposed (on the floor): Amendment SA 744 proposed by Senator Portman for Senator Murkowski.(consideration: CR S4686; text: CR S4686)</text>
              <links>
                <link>
                  <url>https://www.congress.gov/amendment/115th-congress/senate-amendment/744</url>
                  <name>S.Amdt.744</name>
                </link>
                <link>
                  <url>https://www.congress.gov/congressional-record/volume-163/senate-section/page/S4686</url>
                  <name>S4686</name>
                </link>
                <link>
                  <url>https://www.congress.gov/amendment/115th-congress/senate-amendment/744</url>
                  <name>SA 744</name>
                </link>
              </links>
              <actionDate>2017-08-01</actionDate>
              <committee />
              <sourceSystem>
                <name>Library of Congress</name>
                <code>9</code>
              </sourceSystem>
              <type>Floor</type>
              <actionCode>93000</actionCode>
            </item>
            <item>
              <text>Senate amendment agreed to: Amendment SA 744 agreed to in Senate by Unanimous Consent.</text>
              <links>
                <link>
                  <url>https://www.congress.gov/amendment/115th-congress/senate-amendment/744</url>
                  <name>S.Amdt.744</name>
                </link>
                <link>
                  <url>https://www.congress.gov/amendment/115th-congress/senate-amendment/744</url>
                  <name>SA 744</name>
                </link>
              </links>
              <actionDate>2017-08-01</actionDate>
              <committee />
              <sourceSystem>
                <name>Library of Congress</name>
                <code>9</code>
              </sourceSystem>
              <type>Floor</type>
              <actionCode>94000</actionCode>
            </item>
            <item>
              <text>Senate amendment submitted</text>
              <links />
              <actionDate>2017-08-01</actionDate>
              <committee />
              <sourceSystem>
                <name>Library of Congress</name>
                <code>9</code>
              </sourceSystem>
              <type>Floor</type>
              <actionCode>91000</actionCode>
            </item>
          </actions>
          <actionByCounts>
            <senate>5</senate>
          </actionByCounts>
        </actions>
        <titles />
        <amendments>
          <count>0</count>
        </amendments>
        <links />
        <chamber>Senate</chamber>
        <purpose>To permit the extension of 350 nonimmigrant permits for workers in the Commonwealth of the Northern Mariana Islands.</purpose>
        <amendedAmendment />
        <submittedDate>2017-08-01T04:00:00Z</submittedDate>
        <sponsors>
          <item>
            <firstName>Lisa</firstName>
            <state>AK</state>
            <bioguideId>M001153</bioguideId>
            <identifiers>
              <gpoId>8234</gpoId>
              <lisID>1694</lisID>
              <bioguideId>M001153</bioguideId>
            </identifiers>
            <fullName>Sen. Murkowski, Lisa [R-AK]</fullName>
            <lastName>Murkowski</lastName>
            <middleName />
            <party>R</party>
          </item>
        </sponsors>
        <proposedDate>2017-08-01T04:00:00Z</proposedDate>
        <createDate>2017-08-02T04:36:33Z</createDate>
        <version>1.0.0</version>
        <type>SAMDT</type>
        <description />
        <purpose>To permit the extension of 350 nonimmigrant permits for workers in the Commonwealth of the Northern Mariana Islands.</purpose>
        <number>744</number>
        <congress>115</congress>
        <latestAction>
          <actionDate>2017-08-01</actionDate>
          <text>Amendment SA 744 agreed to in Senate by Unanimous Consent.</text>
        </latestAction>
        <type>SAMDT</type>
      </amendment>
    </amendments>
    <notes />
    <calendarNumbers />
    <cosponsors />
  </bill>
  <dublinCore xmlns:dc="http://purl.org/dc/elements/1.1/">
    <dc:format>text/xml</dc:format>
    <dc:language>EN</dc:language>
    <dc:rights>Pursuant to Title 17 Section 105 of the United States Code, this file is not subject to copyright protection and is in the public domain.</dc:rights>
    <dc:contributor>Congressional Research Service, Library of Congress</dc:contributor>
    <dc:description>This file contains bill summaries and statuses for federal legislation. A bill summary describes the most significant provisions of a piece of legislation and details the effects the legislative text may have on current law and federal programs. Bill summaries are authored by the Congressional Research Service (CRS) of the Library of Congress. As stated in Public Law 91-510 (2 USC 166 (d)(6)), one of the duties of CRS is "to prepare summaries and digests of bills and resolutions of a public general nature introduced in the Senate or House of Representatives". For more information, refer to the User Guide that accompanies this file.</dc:description>
  </dublinCore>
</billStatus>

