<?xml version="1.0" encoding="UTF-8"?>
<billStatus>
  <bill>
    <policyArea>
      <name>Law</name>
    </policyArea>
    <introducedDate>2017-01-24</introducedDate>
    <cosponsors>
      <item>
        <isOriginalCosponsor>True</isOriginalCosponsor>
        <firstName>Gary</firstName>
        <party>R</party>
        <sponsorshipDate>2017-01-24</sponsorshipDate>
        <lastName>Palmer</lastName>
        <bioguideId>P000609</bioguideId>
        <middleName>J.</middleName>
        <identifiers>
          <bioguideId>P000609</bioguideId>
          <lisID>2221</lisID>
          <gpoId />
        </identifiers>
        <fullName>Rep. Palmer, Gary J. [R-AL-6]</fullName>
        <state>AL</state>
        <district>6</district>
        <sponsorshipWithdrawnDate />
      </item>
      <item>
        <isOriginalCosponsor>True</isOriginalCosponsor>
        <firstName>Randy</firstName>
        <party>R</party>
        <sponsorshipDate>2017-01-24</sponsorshipDate>
        <lastName>Weber</lastName>
        <bioguideId>W000814</bioguideId>
        <middleName>K.</middleName>
        <identifiers>
          <bioguideId>W000814</bioguideId>
          <gpoId />
          <lisID>2161</lisID>
        </identifiers>
        <fullName>Rep. Weber, Randy K., Sr. [R-TX-14]</fullName>
        <state>TX</state>
        <district>14</district>
        <sponsorshipWithdrawnDate />
      </item>
      <item>
        <isOriginalCosponsor>True</isOriginalCosponsor>
        <firstName>Gregg</firstName>
        <party>R</party>
        <sponsorshipDate>2017-01-24</sponsorshipDate>
        <lastName>Harper</lastName>
        <bioguideId>H001045</bioguideId>
        <middleName />
        <identifiers>
          <gpoId>8021</gpoId>
          <bioguideId>H001045</bioguideId>
          <lisID>1933</lisID>
        </identifiers>
        <fullName>Rep. Harper, Gregg [R-MS-3]</fullName>
        <state>MS</state>
        <district>3</district>
        <sponsorshipWithdrawnDate />
      </item>
    </cosponsors>
    <titles>
      <item>
        <chamberName />
        <titleType>(Extracted from GPO) Short Titles as Introduced</titleType>
        <title>Every Child is a Blessing Act of 2017</title>
        <parentTitleType />
        <chamberCode />
      </item>
      <item>
        <chamberName />
        <titleType>Short Titles as Introduced</titleType>
        <title>Every Child is a Blessing Act of 2017</title>
        <parentTitleType />
        <chamberCode />
      </item>
      <item>
        <chamberName />
        <titleType>Official Title as Introduced</titleType>
        <title>To prohibit recovery of damages in certain wrongful birth and wrongful life civil actions, and for other purposes.</title>
        <parentTitleType />
        <chamberCode />
      </item>
      <item>
        <chamberName />
        <titleType>Display Title</titleType>
        <title>Every Child is a Blessing Act of 2017</title>
        <parentTitleType />
        <chamberCode />
      </item>
    </titles>
    <congress>115</congress>
    <recordedVotes />
    <amendments />
    <laws />
    <cboCostEstimates />
    <actions>
      <actionByCounts>
        <houseOfRepresentatives>4</houseOfRepresentatives>
      </actionByCounts>
      <item>
        <actionDate>2017-02-14</actionDate>
        <committee>
          <name>Constitution and Civil Justice Subcommittee</name>
          <systemCode>hsju10</systemCode>
        </committee>
        <links />
        <sourceSystem>
          <name>House committee actions</name>
          <code>1</code>
        </sourceSystem>
        <text>Referred to the Subcommittee on the Constitution and Civil Justice.</text>
        <type>Committee</type>
      </item>
      <item>
        <text>Referred to the House Committee on the Judiciary.</text>
        <type>IntroReferral</type>
        <sourceSystem>
          <name>House floor actions</name>
          <code>2</code>
        </sourceSystem>
        <committee>
          <name>Judiciary Committee</name>
          <systemCode>hsju00</systemCode>
        </committee>
        <actionCode>H11100</actionCode>
        <actionDate>2017-01-24</actionDate>
        <links />
      </item>
      <item>
        <text>Introduced in House</text>
        <type>IntroReferral</type>
        <sourceSystem>
          <name>Library of Congress</name>
          <code>9</code>
        </sourceSystem>
        <committee />
        <actionCode>Intro-H</actionCode>
        <actionDate>2017-01-24</actionDate>
        <links />
      </item>
      <item>
        <text>Introduced in House</text>
        <type>IntroReferral</type>
        <sourceSystem>
          <name>Library of Congress</name>
          <code>9</code>
        </sourceSystem>
        <committee />
        <actionCode>1000</actionCode>
        <actionDate>2017-01-24</actionDate>
        <links />
      </item>
      <actionTypeCounts>
        <introducedInHouse>1</introducedInHouse>
        <billReferrals>1</billReferrals>
        <placeholderTextForH>1</placeholderTextForH>
        <introducedInTheHouse>1</introducedInTheHouse>
      </actionTypeCounts>
    </actions>
    <updateDate>2018-02-06T16:41:05Z</updateDate>
    <summaries>
      <billSummaries>
        <item>
          <updateDate>2017-01-24T05:00:00Z</updateDate>
          <lastSummaryUpdateDate>2017-02-22T16:47:42Z</lastSummaryUpdateDate>
          <actionDate>2017-01-24</actionDate>
          <name>Introduced in House</name>
          <actionDesc>Introduced in House</actionDesc>
          <versionCode>00</versionCode>
          <text><![CDATA[<p><b>Every Child is a Blessing Act of</b> <b>2017</b></p> <p>This bill prohibits recovery of damages in certain civil actions based on a claim that, but for the conduct of the defendant, a child, once conceived, would not or should not have been born.</p> <p>The prohibition applies to claims based on a child's disability, defect, abnormality, race, sex, or other inborn characteristic.</p> <p>The bill bars such prohibition from being construed to: (1) provide a defense against charges of intentional misrepresentation in state proceedings regulating the professional practices of health care providers and practitioners; (2) provide a defense in any criminal action, including cases of rape or incest; or (3) limit damages in cases where the conduct of the defendant caused personal injury or death to the child or gestational mother. </p>]]></text>
        </item>
      </billSummaries>
    </summaries>
    <title>Every Child is a Blessing Act of 2017</title>
    <calendarNumbers />
    <originChamber>House</originChamber>
    <constitutionalAuthorityStatementText><![CDATA[<pre>From the Congressional Record Online through the Government Publishing Office [<a href='http://www.gpo.gov'>www.gpo.gov</a>]By Mr. PALAZZO:H.R. 684.Congress has the power to enact this legislation pursuantto the following:Article I, Section 8, Clause 18: The Congress shall havePower . . . To make all Laws which shall be necessary andproper for carrying into Execution the foregoing Powers, andall other Powers vested by this Constitution in theGovernment of the United States, or in any Department orOfficer thereof.[Page H689]</pre>]]></constitutionalAuthorityStatementText>
    <notes />
    <billType>HR</billType>
    <committees>
      <billCommittees>
        <item>
          <name>Judiciary Committee</name>
          <chamber>House</chamber>
          <type>Standing</type>
          <subcommittees>
            <item>
              <name>Constitution and Civil Justice Subcommittee</name>
              <systemCode>hsju10</systemCode>
              <activities>
                <item>
                  <name>Referred to</name>
                  <date>2017-02-14T20:00:18Z</date>
                </item>
              </activities>
            </item>
          </subcommittees>
          <systemCode>hsju00</systemCode>
          <activities>
            <item>
              <name>Referred to</name>
              <date>2017-01-24T15:04:45Z</date>
            </item>
          </activities>
        </item>
      </billCommittees>
    </committees>
    <latestAction>
      <text>Referred to the Subcommittee on the Constitution and Civil Justice.</text>
      <actionDate>2017-02-14</actionDate>
      <links />
    </latestAction>
    <committeeReports />
    <billNumber>684</billNumber>
    <sponsors>
      <item>
        <byRequestType />
        <state>MS</state>
        <bioguideId>P000601</bioguideId>
        <identifiers>
          <lisID>2035</lisID>
          <bioguideId>P000601</bioguideId>
          <gpoId>8022</gpoId>
        </identifiers>
        <fullName>Rep. Palazzo, Steven M. [R-MS-4]</fullName>
        <district>4</district>
        <lastName>Palazzo</lastName>
        <firstName>Steven</firstName>
        <middleName>M.</middleName>
        <party>R</party>
      </item>
    </sponsors>
    <subjects>
      <billSubjects>
        <legislativeSubjects>
          <item>
            <name>Abortion</name>
          </item>
          <item>
            <name>Civil actions and liability</name>
          </item>
          <item>
            <name>Sex and reproductive health</name>
          </item>
        </legislativeSubjects>
        <policyArea>
          <name>Law</name>
        </policyArea>
      </billSubjects>
    </subjects>
    <createDate>2017-01-25T04:45:56Z</createDate>
    <version>1.0.0</version>
    <relatedBills />
  </bill>
  <dublinCore xmlns:dc="http://purl.org/dc/elements/1.1/">
    <dc:format>text/xml</dc:format>
    <dc:language>EN</dc:language>
    <dc:rights>Pursuant to Title 17 Section 105 of the United States Code, this file is not subject to copyright protection and is in the public domain.</dc:rights>
    <dc:contributor>Congressional Research Service, Library of Congress</dc:contributor>
    <dc:description>This file contains bill summaries and statuses for federal legislation. A bill summary describes the most significant provisions of a piece of legislation and details the effects the legislative text may have on current law and federal programs. Bill summaries are authored by the Congressional Research Service (CRS) of the Library of Congress. As stated in Public Law 91-510 (2 USC 166 (d)(6)), one of the duties of CRS is "to prepare summaries and digests of bills and resolutions of a public general nature introduced in the Senate or House of Representatives". For more information, refer to the User Guide that accompanies this file.</dc:description>
  </dublinCore>
</billStatus>

