<?xml version="1.0" encoding="UTF-8"?>
<billStatus>
  <bill>
    <titles>
      <item>
        <titleType>(Extracted from GPO) Short Titles as Introduced</titleType>
        <parentTitleType />
        <chamberName />
        <title>State Health Flexibility Act of 2017</title>
        <chamberCode />
      </item>
      <item>
        <titleType>Short Titles as Introduced</titleType>
        <parentTitleType />
        <chamberName />
        <title>State Health Flexibility Act of 2017</title>
        <chamberCode />
      </item>
      <item>
        <titleType>Official Title as Introduced</titleType>
        <parentTitleType />
        <chamberName />
        <title>To amend the Social Security Act to replace the Medicaid program and the Children's Health Insurance program with a block grant to the States, and for other purposes.</title>
        <chamberCode />
      </item>
      <item>
        <titleType>Display Title</titleType>
        <parentTitleType />
        <chamberName />
        <title>State Health Flexibility Act of 2017</title>
        <chamberCode />
      </item>
    </titles>
    <committeeReports />
    <sponsors>
      <item>
        <firstName>Todd</firstName>
        <middleName />
        <identifiers>
          <gpoId>7943</gpoId>
          <bioguideId>R000592</bioguideId>
          <lisID>2017</lisID>
        </identifiers>
        <party>R</party>
        <bioguideId>R000592</bioguideId>
        <lastName>Rokita</lastName>
        <fullName>Rep. Rokita, Todd [R-IN-4]</fullName>
        <byRequestType />
        <district>4</district>
        <state>IN</state>
      </item>
    </sponsors>
    <title>State Health Flexibility Act of 2017</title>
    <actions>
      <actionByCounts>
        <houseOfRepresentatives>14</houseOfRepresentatives>
      </actionByCounts>
      <actionTypeCounts>
        <introducedInTheHouse>1</introducedInTheHouse>
        <billReferrals>8</billReferrals>
        <placeholderTextForH>3</placeholderTextForH>
        <introducedInHouse>1</introducedInHouse>
        <billReferralsAggregate>1</billReferralsAggregate>
      </actionTypeCounts>
      <item>
        <actionDate>2017-02-10</actionDate>
        <committee>
          <systemCode>hsii24</systemCode>
          <name>Indian, Insular and Alaska Native Affairs Subcommittee</name>
        </committee>
        <links />
        <sourceSystem>
          <name>House committee actions</name>
          <code>1</code>
        </sourceSystem>
        <text>Referred to the Subcommittee on Indian, Insular and Alaska Native Affairs.</text>
        <type>Committee</type>
      </item>
      <item>
        <actionDate>2017-01-25</actionDate>
        <committee>
          <systemCode>hsif14</systemCode>
          <name>Health Subcommittee</name>
        </committee>
        <links />
        <sourceSystem>
          <name>House committee actions</name>
          <code>1</code>
        </sourceSystem>
        <text>Referred to the Subcommittee on Health.</text>
        <type>Committee</type>
      </item>
      <item>
        <actionDate>2017-01-23</actionDate>
        <committee>
          <systemCode>hswm02</systemCode>
          <name>Health Subcommittee</name>
        </committee>
        <links />
        <sourceSystem>
          <name>House committee actions</name>
          <code>1</code>
        </sourceSystem>
        <text>Referred to the Subcommittee on Health.</text>
        <type>Committee</type>
      </item>
      <item>
        <actionDate>2017-01-06</actionDate>
        <text>Referred to House Appropriations</text>
        <sourceSystem>
          <name>House floor actions</name>
          <code>2</code>
        </sourceSystem>
        <committee>
          <systemCode>hsap00</systemCode>
          <name>Appropriations Committee</name>
        </committee>
        <links />
        <actionCode>H11100</actionCode>
        <type>IntroReferral</type>
      </item>
      <item>
        <actionDate>2017-01-06</actionDate>
        <text>Referred to House Administration</text>
        <sourceSystem>
          <name>House floor actions</name>
          <code>2</code>
        </sourceSystem>
        <committee>
          <systemCode>hsha00</systemCode>
          <name>House Administration Committee</name>
        </committee>
        <links />
        <actionCode>H11100</actionCode>
        <type>IntroReferral</type>
      </item>
      <item>
        <actionDate>2017-01-06</actionDate>
        <text>Referred to House Natural Resources</text>
        <sourceSystem>
          <name>House floor actions</name>
          <code>2</code>
        </sourceSystem>
        <committee>
          <systemCode>hsii00</systemCode>
          <name>Natural Resources Committee</name>
        </committee>
        <links />
        <actionCode>H11100</actionCode>
        <type>IntroReferral</type>
      </item>
      <item>
        <actionDate>2017-01-06</actionDate>
        <text>Referred to House Judiciary</text>
        <sourceSystem>
          <name>House floor actions</name>
          <code>2</code>
        </sourceSystem>
        <committee>
          <systemCode>hsju00</systemCode>
          <name>Judiciary Committee</name>
        </committee>
        <links />
        <actionCode>H11100</actionCode>
        <type>IntroReferral</type>
      </item>
      <item>
        <actionDate>2017-01-06</actionDate>
        <text>Referred to House Education and the Workforce</text>
        <sourceSystem>
          <name>House floor actions</name>
          <code>2</code>
        </sourceSystem>
        <committee>
          <systemCode>hsed00</systemCode>
          <name>Education and the Workforce Committee</name>
        </committee>
        <links />
        <actionCode>H11100</actionCode>
        <type>IntroReferral</type>
      </item>
      <item>
        <actionDate>2017-01-06</actionDate>
        <text>Referred to House Ways and Means</text>
        <sourceSystem>
          <name>House floor actions</name>
          <code>2</code>
        </sourceSystem>
        <committee>
          <systemCode>hswm00</systemCode>
          <name>Ways and Means Committee</name>
        </committee>
        <links />
        <actionCode>H11100</actionCode>
        <type>IntroReferral</type>
      </item>
      <item>
        <actionDate>2017-01-06</actionDate>
        <text>Referred to House Rules</text>
        <sourceSystem>
          <name>House floor actions</name>
          <code>2</code>
        </sourceSystem>
        <committee>
          <systemCode>hsru00</systemCode>
          <name>Rules Committee</name>
        </committee>
        <links />
        <actionCode>H11100</actionCode>
        <type>IntroReferral</type>
      </item>
      <item>
        <actionDate>2017-01-06</actionDate>
        <text>Referred to House Energy and Commerce</text>
        <sourceSystem>
          <name>House floor actions</name>
          <code>2</code>
        </sourceSystem>
        <committee>
          <systemCode>hsif00</systemCode>
          <name>Energy and Commerce Committee</name>
        </committee>
        <links />
        <actionCode>H11100</actionCode>
        <type>IntroReferral</type>
      </item>
      <item>
        <actionDate>2017-01-06</actionDate>
        <text>Referred to the Committee on Energy and Commerce, and in addition to the Committees on Rules, Ways and Means, Education and the Workforce, the Judiciary, Natural Resources, House Administration, and Appropriations, for a period to be subsequently determined by the Speaker, in each case for consideration of such provisions as fall within the jurisdiction of the committee concerned.</text>
        <sourceSystem>
          <name>Library of Congress</name>
          <code>9</code>
        </sourceSystem>
        <committee />
        <links />
        <actionCode>H11100-A</actionCode>
        <type>IntroReferral</type>
      </item>
      <item>
        <actionDate>2017-01-06</actionDate>
        <text>Introduced in House</text>
        <sourceSystem>
          <name>Library of Congress</name>
          <code>9</code>
        </sourceSystem>
        <committee />
        <links />
        <actionCode>Intro-H</actionCode>
        <type>IntroReferral</type>
      </item>
      <item>
        <actionDate>2017-01-06</actionDate>
        <text>Introduced in House</text>
        <sourceSystem>
          <name>Library of Congress</name>
          <code>9</code>
        </sourceSystem>
        <committee />
        <links />
        <actionCode>1000</actionCode>
        <type>IntroReferral</type>
      </item>
    </actions>
    <summaries>
      <billSummaries>
        <item>
          <versionCode>00</versionCode>
          <updateDate>2017-01-06T05:00:00Z</updateDate>
          <actionDate>2017-01-06</actionDate>
          <text><![CDATA[<p><strong>State Health Flexibility Act of 2017</strong></p> <p>This bill amends the Social Security Act (SSAct) to replace federal requirements for Medicaid and the Children's Health Insurance Program (CHIP) with health care block grants to states. A state may use block grant funds to: (1) provide health care services&nbsp;to indigent individuals; (2) fund risk adjustment mechanisms for the purpose of subsidizing the cost of private health insurance for the high-risk population; and (3)&nbsp;support other welfare-related programs, as specified by the bill.</p> <p>In addition to repealing titles XIX (Medicaid) and XXI (CHIP) of the SSAct, the bill repeals: (1)&nbsp;the Patient Protection and Affordable Care Act, and (2) the Health Care and Educational Reconciliation Act of 2010.</p> <p>With respect to an alien not lawfully admitted for permanent residence in the United States,&nbsp;a state may use grant funds to provide only emergency health care services, as specified by the bill.</p> <p>A state shall contract with an approved auditing entity for annual audits of its grant fund expenditures.</p> <p>The bill limits the authority of any federal agency to supervise a state's use of funds received under the block grant program.</p>]]></text>
          <actionDesc>Introduced in House</actionDesc>
          <lastSummaryUpdateDate>2017-01-27T20:04:45Z</lastSummaryUpdateDate>
          <name>Introduced in House</name>
        </item>
      </billSummaries>
    </summaries>
    <constitutionalAuthorityStatementText><![CDATA[<pre>From the Congressional Record Online through the Government Publishing Office [<a href='http://www.gpo.gov'>www.gpo.gov</a>]By Mr. ROKITA:H.R. 352.Congress has the power to enact this legislation pursuantto the following:Article I, Section 8, Clause I (the Spending Clause) of theUnited States Constitution states that ``The Congress shallhave Power to lay and collect Taxes, Duties, Imposts, andExcises, to pay for Debts and provide for the common defenseand general welfare of the United States. The bill also makesspecific changes to existing law in a manner that returnspower to the states, in accordance with Amendment X of theUnited States Constitution.[Page H195]</pre>]]></constitutionalAuthorityStatementText>
    <billNumber>352</billNumber>
    <calendarNumbers />
    <originChamber>House</originChamber>
    <version>1.0.0</version>
    <subjects>
      <billSubjects>
        <policyArea>
          <name>Health</name>
        </policyArea>
        <legislativeSubjects>
          <item>
            <name>Abortion</name>
          </item>
          <item>
            <name>Accounting and auditing</name>
          </item>
          <item>
            <name>Border security and unlawful immigration</name>
          </item>
          <item>
            <name>Child health</name>
          </item>
          <item>
            <name>Comprehensive health care</name>
          </item>
          <item>
            <name>Disability and health-based discrimination</name>
          </item>
          <item>
            <name>Emergency medical services and trauma care</name>
          </item>
          <item>
            <name>Health care costs and insurance</name>
          </item>
          <item>
            <name>Health care coverage and access</name>
          </item>
          <item>
            <name>Health programs administration and funding</name>
          </item>
          <item>
            <name>Immigrant health and welfare</name>
          </item>
          <item>
            <name>Medicaid</name>
          </item>
          <item>
            <name>Poverty and welfare assistance</name>
          </item>
          <item>
            <name>Public contracts and procurement</name>
          </item>
        </legislativeSubjects>
      </billSubjects>
    </subjects>
    <cosponsors>
      <item>
        <state>IN</state>
        <identifiers>
          <bioguideId>M001189</bioguideId>
          <lisID>2130</lisID>
          <gpoId />
        </identifiers>
        <district>6</district>
        <sponsorshipDate>2017-01-06</sponsorshipDate>
        <lastName>Messer</lastName>
        <fullName>Rep. Messer, Luke [R-IN-6]</fullName>
        <middleName />
        <party>R</party>
        <sponsorshipWithdrawnDate />
        <bioguideId>M001189</bioguideId>
        <firstName>Luke</firstName>
        <isOriginalCosponsor>True</isOriginalCosponsor>
      </item>
      <item>
        <state>AZ</state>
        <identifiers>
          <lisID>1707</lisID>
          <bioguideId>F000448</bioguideId>
          <gpoId>7799</gpoId>
        </identifiers>
        <district>8</district>
        <sponsorshipDate>2017-01-06</sponsorshipDate>
        <lastName>Franks</lastName>
        <fullName>Rep. Franks, Trent [R-AZ-8]</fullName>
        <middleName />
        <party>R</party>
        <sponsorshipWithdrawnDate />
        <bioguideId>F000448</bioguideId>
        <firstName>Trent</firstName>
        <isOriginalCosponsor>True</isOriginalCosponsor>
      </item>
      <item>
        <state>TX</state>
        <identifiers>
          <lisID>2067</lisID>
          <gpoId>8183</gpoId>
          <bioguideId>F000460</bioguideId>
        </identifiers>
        <district>27</district>
        <sponsorshipDate>2017-01-06</sponsorshipDate>
        <lastName>Farenthold</lastName>
        <fullName>Rep. Farenthold, Blake [R-TX-27]</fullName>
        <middleName />
        <party>R</party>
        <sponsorshipWithdrawnDate />
        <bioguideId>F000460</bioguideId>
        <firstName>Blake</firstName>
        <isOriginalCosponsor>True</isOriginalCosponsor>
      </item>
      <item>
        <state>AR</state>
        <identifiers>
          <gpoId />
          <bioguideId>W000821</bioguideId>
          <lisID>2224</lisID>
        </identifiers>
        <district>4</district>
        <sponsorshipDate>2017-01-06</sponsorshipDate>
        <lastName>Westerman</lastName>
        <fullName>Rep. Westerman, Bruce [R-AR-4]</fullName>
        <middleName />
        <party>R</party>
        <sponsorshipWithdrawnDate />
        <bioguideId>W000821</bioguideId>
        <firstName>Bruce</firstName>
        <isOriginalCosponsor>True</isOriginalCosponsor>
      </item>
      <item>
        <state>TN</state>
        <identifiers>
          <lisID>2062</lisID>
          <gpoId>8151</gpoId>
          <bioguideId>D000616</bioguideId>
        </identifiers>
        <district>4</district>
        <sponsorshipDate>2017-01-06</sponsorshipDate>
        <lastName>DesJarlais</lastName>
        <fullName>Rep. DesJarlais, Scott [R-TN-4]</fullName>
        <middleName />
        <party>R</party>
        <sponsorshipWithdrawnDate />
        <bioguideId>D000616</bioguideId>
        <firstName>Scott</firstName>
        <isOriginalCosponsor>True</isOriginalCosponsor>
      </item>
      <item>
        <state>MI</state>
        <identifiers>
          <gpoId />
          <lisID>2248</lisID>
          <bioguideId>M001194</bioguideId>
        </identifiers>
        <district>4</district>
        <sponsorshipDate>2017-01-06</sponsorshipDate>
        <lastName>Moolenaar</lastName>
        <fullName>Rep. Moolenaar, John R. [R-MI-4]</fullName>
        <middleName>R.</middleName>
        <party>R</party>
        <sponsorshipWithdrawnDate />
        <bioguideId>M001194</bioguideId>
        <firstName>John</firstName>
        <isOriginalCosponsor>True</isOriginalCosponsor>
      </item>
      <item>
        <state>MS</state>
        <identifiers>
          <bioguideId>P000601</bioguideId>
          <lisID>2035</lisID>
          <gpoId>8022</gpoId>
        </identifiers>
        <district>4</district>
        <sponsorshipDate>2017-01-06</sponsorshipDate>
        <lastName>Palazzo</lastName>
        <fullName>Rep. Palazzo, Steven M. [R-MS-4]</fullName>
        <middleName>M.</middleName>
        <party>R</party>
        <sponsorshipWithdrawnDate />
        <bioguideId>P000601</bioguideId>
        <firstName>Steven</firstName>
        <isOriginalCosponsor>True</isOriginalCosponsor>
      </item>
      <item>
        <state>TN</state>
        <identifiers>
          <gpoId>8153</gpoId>
          <bioguideId>B001273</bioguideId>
          <lisID>2063</lisID>
        </identifiers>
        <district>6</district>
        <sponsorshipDate>2017-01-06</sponsorshipDate>
        <lastName>Black</lastName>
        <fullName>Rep. Black, Diane [R-TN-6]</fullName>
        <middleName />
        <party>R</party>
        <sponsorshipWithdrawnDate />
        <bioguideId>B001273</bioguideId>
        <firstName>Diane</firstName>
        <isOriginalCosponsor>True</isOriginalCosponsor>
      </item>
      <item>
        <state>AZ</state>
        <identifiers>
          <lisID>1994</lisID>
          <bioguideId>S001183</bioguideId>
          <gpoId>7802</gpoId>
        </identifiers>
        <district>6</district>
        <sponsorshipDate>2017-01-06</sponsorshipDate>
        <lastName>Schweikert</lastName>
        <fullName>Rep. Schweikert, David [R-AZ-6]</fullName>
        <middleName />
        <party>R</party>
        <sponsorshipWithdrawnDate />
        <bioguideId>S001183</bioguideId>
        <firstName>David</firstName>
        <isOriginalCosponsor>True</isOriginalCosponsor>
      </item>
      <item>
        <state>GA</state>
        <identifiers>
          <lisID>2237</lisID>
          <bioguideId>H001071</bioguideId>
          <gpoId />
        </identifiers>
        <district>10</district>
        <sponsorshipDate>2017-01-06</sponsorshipDate>
        <lastName>Hice</lastName>
        <fullName>Rep. Hice, Jody B. [R-GA-10]</fullName>
        <middleName>B.</middleName>
        <party>R</party>
        <sponsorshipWithdrawnDate />
        <bioguideId>H001071</bioguideId>
        <firstName>Jody</firstName>
        <isOriginalCosponsor>True</isOriginalCosponsor>
      </item>
      <item>
        <state>GA</state>
        <identifiers>
          <lisID>2238</lisID>
          <bioguideId>L000583</bioguideId>
          <gpoId />
        </identifiers>
        <district>11</district>
        <sponsorshipDate>2017-01-06</sponsorshipDate>
        <lastName>Loudermilk</lastName>
        <fullName>Rep. Loudermilk, Barry [R-GA-11]</fullName>
        <middleName />
        <party>R</party>
        <sponsorshipWithdrawnDate />
        <bioguideId>L000583</bioguideId>
        <firstName>Barry</firstName>
        <isOriginalCosponsor>True</isOriginalCosponsor>
      </item>
      <item>
        <state>NC</state>
        <identifiers>
          <bioguideId>P000606</bioguideId>
          <gpoId />
          <lisID>2141</lisID>
        </identifiers>
        <district>9</district>
        <sponsorshipDate>2017-01-06</sponsorshipDate>
        <lastName>Pittenger</lastName>
        <fullName>Rep. Pittenger, Robert [R-NC-9]</fullName>
        <middleName />
        <party>R</party>
        <sponsorshipWithdrawnDate />
        <bioguideId>P000606</bioguideId>
        <firstName>Robert</firstName>
        <isOriginalCosponsor>True</isOriginalCosponsor>
      </item>
      <item>
        <state>UT</state>
        <identifiers>
          <lisID>1753</lisID>
          <gpoId>8189</gpoId>
          <bioguideId>B001250</bioguideId>
        </identifiers>
        <district>1</district>
        <sponsorshipDate>2017-01-06</sponsorshipDate>
        <lastName>Bishop</lastName>
        <fullName>Rep. Bishop, Rob [R-UT-1]</fullName>
        <middleName />
        <party>R</party>
        <sponsorshipWithdrawnDate />
        <bioguideId>B001250</bioguideId>
        <firstName>Rob</firstName>
        <isOriginalCosponsor>True</isOriginalCosponsor>
      </item>
      <item>
        <state>SC</state>
        <identifiers>
          <bioguideId>D000615</bioguideId>
          <lisID>2057</lisID>
          <gpoId>8143</gpoId>
        </identifiers>
        <district>3</district>
        <sponsorshipDate>2017-01-06</sponsorshipDate>
        <lastName>Duncan</lastName>
        <fullName>Rep. Duncan, Jeff [R-SC-3]</fullName>
        <middleName />
        <party>R</party>
        <sponsorshipWithdrawnDate />
        <bioguideId>D000615</bioguideId>
        <firstName>Jeff</firstName>
        <isOriginalCosponsor>True</isOriginalCosponsor>
      </item>
      <item>
        <state>OK</state>
        <identifiers>
          <bioguideId>C001053</bioguideId>
          <gpoId>8112</gpoId>
          <lisID>1742</lisID>
        </identifiers>
        <district>4</district>
        <sponsorshipDate>2017-01-06</sponsorshipDate>
        <lastName>Cole</lastName>
        <fullName>Rep. Cole, Tom [R-OK-4]</fullName>
        <middleName />
        <party>R</party>
        <sponsorshipWithdrawnDate />
        <bioguideId>C001053</bioguideId>
        <firstName>Tom</firstName>
        <isOriginalCosponsor>True</isOriginalCosponsor>
      </item>
      <item>
        <state>TX</state>
        <identifiers>
          <gpoId>8178</gpoId>
          <lisID>1955</lisID>
          <bioguideId>O000168</bioguideId>
        </identifiers>
        <district>22</district>
        <sponsorshipDate>2017-01-06</sponsorshipDate>
        <lastName>Olson</lastName>
        <fullName>Rep. Olson, Pete [R-TX-22]</fullName>
        <middleName />
        <party>R</party>
        <sponsorshipWithdrawnDate />
        <bioguideId>O000168</bioguideId>
        <firstName>Pete</firstName>
        <isOriginalCosponsor>True</isOriginalCosponsor>
      </item>
      <item>
        <state>CA</state>
        <identifiers>
          <gpoId>7851</gpoId>
          <bioguideId>R000409</bioguideId>
          <lisID>979</lisID>
        </identifiers>
        <district>48</district>
        <sponsorshipDate>2017-01-06</sponsorshipDate>
        <lastName>ROHRABACHER</lastName>
        <fullName>Rep. Rohrabacher, Dana [R-CA-48]</fullName>
        <middleName />
        <party>R</party>
        <sponsorshipWithdrawnDate />
        <bioguideId>R000409</bioguideId>
        <firstName>DANA</firstName>
        <isOriginalCosponsor>True</isOriginalCosponsor>
      </item>
      <item>
        <state>ND</state>
        <identifiers>
          <lisID>2144</lisID>
          <gpoId />
          <bioguideId>C001096</bioguideId>
        </identifiers>
        <district>0</district>
        <sponsorshipDate>2017-01-06</sponsorshipDate>
        <lastName>Cramer</lastName>
        <fullName>Rep. Cramer, Kevin [R-ND-At Large]</fullName>
        <middleName />
        <party>R</party>
        <sponsorshipWithdrawnDate />
        <bioguideId>C001096</bioguideId>
        <firstName>Kevin</firstName>
        <isOriginalCosponsor>True</isOriginalCosponsor>
      </item>
      <item>
        <state>NC</state>
        <identifiers>
          <lisID>2142</lisID>
          <bioguideId>M001187</bioguideId>
          <gpoId />
        </identifiers>
        <district>11</district>
        <sponsorshipDate>2017-01-06</sponsorshipDate>
        <lastName>Meadows</lastName>
        <fullName>Rep. Meadows, Mark [R-NC-11]</fullName>
        <middleName />
        <party>R</party>
        <sponsorshipWithdrawnDate />
        <bioguideId>M001187</bioguideId>
        <firstName>Mark</firstName>
        <isOriginalCosponsor>True</isOriginalCosponsor>
      </item>
      <item>
        <state>VA</state>
        <identifiers>
          <bioguideId>B001290</bioguideId>
          <lisID>2203</lisID>
          <gpoId />
        </identifiers>
        <district>7</district>
        <sponsorshipDate>2017-01-06</sponsorshipDate>
        <lastName>Brat</lastName>
        <fullName>Rep. Brat, Dave [R-VA-7]</fullName>
        <middleName />
        <party>R</party>
        <sponsorshipWithdrawnDate />
        <bioguideId>B001290</bioguideId>
        <firstName>Dave</firstName>
        <isOriginalCosponsor>True</isOriginalCosponsor>
      </item>
      <item>
        <state>UT</state>
        <identifiers>
          <bioguideId>S001192</bioguideId>
          <lisID>2168</lisID>
          <gpoId />
        </identifiers>
        <district>2</district>
        <sponsorshipDate>2017-01-06</sponsorshipDate>
        <lastName>Stewart</lastName>
        <fullName>Rep. Stewart, Chris [R-UT-2]</fullName>
        <middleName />
        <party>R</party>
        <sponsorshipWithdrawnDate />
        <bioguideId>S001192</bioguideId>
        <firstName>Chris</firstName>
        <isOriginalCosponsor>True</isOriginalCosponsor>
      </item>
      <item>
        <state>NM</state>
        <identifiers>
          <lisID>1738</lisID>
          <bioguideId>P000588</bioguideId>
          <gpoId>8057</gpoId>
        </identifiers>
        <district>2</district>
        <sponsorshipDate>2017-01-06</sponsorshipDate>
        <lastName>Pearce</lastName>
        <fullName>Rep. Pearce, Stevan [R-NM-2]</fullName>
        <middleName />
        <party>R</party>
        <sponsorshipWithdrawnDate />
        <bioguideId>P000588</bioguideId>
        <firstName>Stevan</firstName>
        <isOriginalCosponsor>True</isOriginalCosponsor>
      </item>
      <item>
        <state>MI</state>
        <identifiers>
          <lisID>2250</lisID>
          <bioguideId>T000475</bioguideId>
          <gpoId />
        </identifiers>
        <district>11</district>
        <sponsorshipDate>2017-01-06</sponsorshipDate>
        <lastName>Trott</lastName>
        <fullName>Rep. Trott, David A. [R-MI-11]</fullName>
        <middleName>A.</middleName>
        <party>R</party>
        <sponsorshipWithdrawnDate />
        <bioguideId>T000475</bioguideId>
        <firstName>David</firstName>
        <isOriginalCosponsor>True</isOriginalCosponsor>
      </item>
      <item>
        <state>IN</state>
        <identifiers>
          <bioguideId>B001299</bioguideId>
          <lisID>2326</lisID>
          <gpoId />
        </identifiers>
        <district>3</district>
        <sponsorshipDate>2017-01-06</sponsorshipDate>
        <lastName>Banks</lastName>
        <fullName>Rep. Banks, Jim [R-IN-3]</fullName>
        <middleName />
        <party>R</party>
        <sponsorshipWithdrawnDate />
        <bioguideId>B001299</bioguideId>
        <firstName>Jim</firstName>
        <isOriginalCosponsor>True</isOriginalCosponsor>
      </item>
      <item>
        <state>KY</state>
        <identifiers>
          <lisID>2131</lisID>
          <bioguideId>B001282</bioguideId>
          <gpoId />
        </identifiers>
        <district>6</district>
        <sponsorshipDate>2017-01-06</sponsorshipDate>
        <lastName>Barr</lastName>
        <fullName>Rep. Barr, Andy [R-KY-6]</fullName>
        <middleName />
        <party>R</party>
        <sponsorshipWithdrawnDate />
        <bioguideId>B001282</bioguideId>
        <firstName>Andy</firstName>
        <isOriginalCosponsor>True</isOriginalCosponsor>
      </item>
      <item>
        <state>GA</state>
        <identifiers>
          <gpoId />
          <lisID>2239</lisID>
          <bioguideId>A000372</bioguideId>
        </identifiers>
        <district>12</district>
        <sponsorshipDate>2017-01-06</sponsorshipDate>
        <lastName>Allen</lastName>
        <fullName>Rep. Allen, Rick W. [R-GA-12]</fullName>
        <middleName>W.</middleName>
        <party>R</party>
        <sponsorshipWithdrawnDate />
        <bioguideId>A000372</bioguideId>
        <firstName>Rick</firstName>
        <isOriginalCosponsor>True</isOriginalCosponsor>
      </item>
      <item>
        <state>MI</state>
        <identifiers>
          <lisID>2028</lisID>
          <gpoId>7987</gpoId>
          <bioguideId>H001058</bioguideId>
        </identifiers>
        <district>2</district>
        <sponsorshipDate>2017-01-09</sponsorshipDate>
        <lastName>Huizenga</lastName>
        <fullName>Rep. Huizenga, Bill [R-MI-2]</fullName>
        <middleName />
        <party>R</party>
        <sponsorshipWithdrawnDate />
        <bioguideId>H001058</bioguideId>
        <firstName>Bill</firstName>
        <isOriginalCosponsor>False</isOriginalCosponsor>
      </item>
      <item>
        <state>CO</state>
        <identifiers>
          <gpoId />
          <lisID>2233</lisID>
          <bioguideId>B001297</bioguideId>
        </identifiers>
        <district>4</district>
        <sponsorshipDate>2017-01-09</sponsorshipDate>
        <lastName>Buck</lastName>
        <fullName>Rep. Buck, Ken [R-CO-4]</fullName>
        <middleName />
        <party>R</party>
        <sponsorshipWithdrawnDate />
        <bioguideId>B001297</bioguideId>
        <firstName>Ken</firstName>
        <isOriginalCosponsor>False</isOriginalCosponsor>
      </item>
      <item>
        <state>AZ</state>
        <identifiers>
          <gpoId />
          <bioguideId>B001302</bioguideId>
          <lisID>2307</lisID>
        </identifiers>
        <district>5</district>
        <sponsorshipDate>2017-01-10</sponsorshipDate>
        <lastName>Biggs</lastName>
        <fullName>Rep. Biggs, Andy [R-AZ-5]</fullName>
        <middleName />
        <party>R</party>
        <sponsorshipWithdrawnDate />
        <bioguideId>B001302</bioguideId>
        <firstName>Andy</firstName>
        <isOriginalCosponsor>False</isOriginalCosponsor>
      </item>
      <item>
        <state>CA</state>
        <identifiers>
          <lisID>1908</lisID>
          <bioguideId>M001177</bioguideId>
          <gpoId>7809</gpoId>
        </identifiers>
        <district>4</district>
        <sponsorshipDate>2017-01-10</sponsorshipDate>
        <lastName>McClintock</lastName>
        <fullName>Rep. McClintock, Tom [R-CA-4]</fullName>
        <middleName />
        <party>R</party>
        <sponsorshipWithdrawnDate />
        <bioguideId>M001177</bioguideId>
        <firstName>Tom</firstName>
        <isOriginalCosponsor>False</isOriginalCosponsor>
      </item>
      <item>
        <state>FL</state>
        <identifiers>
          <bioguideId>G000578</bioguideId>
          <gpoId />
          <lisID>2314</lisID>
        </identifiers>
        <district>1</district>
        <sponsorshipDate>2017-01-27</sponsorshipDate>
        <lastName>Gaetz</lastName>
        <fullName>Rep. Gaetz, Matt [R-FL-1]</fullName>
        <middleName />
        <party>R</party>
        <sponsorshipWithdrawnDate />
        <bioguideId>G000578</bioguideId>
        <firstName>Matt</firstName>
        <isOriginalCosponsor>False</isOriginalCosponsor>
      </item>
      <item>
        <state>OH</state>
        <identifiers>
          <lisID>2049</lisID>
          <gpoId>8108</gpoId>
          <bioguideId>G000563</bioguideId>
        </identifiers>
        <district>7</district>
        <sponsorshipDate>2017-03-27</sponsorshipDate>
        <lastName>Gibbs</lastName>
        <fullName>Rep. Gibbs, Bob [R-OH-7]</fullName>
        <middleName />
        <party>R</party>
        <sponsorshipWithdrawnDate />
        <bioguideId>G000563</bioguideId>
        <firstName>Bob</firstName>
        <isOriginalCosponsor>False</isOriginalCosponsor>
      </item>
      <item>
        <state>TX</state>
        <identifiers>
          <lisID>1802</lisID>
          <gpoId>8158</gpoId>
          <bioguideId>P000592</bioguideId>
        </identifiers>
        <district>2</district>
        <sponsorshipDate>2017-03-28</sponsorshipDate>
        <lastName>Poe</lastName>
        <fullName>Rep. Poe, Ted [R-TX-2]</fullName>
        <middleName />
        <party>R</party>
        <sponsorshipWithdrawnDate />
        <bioguideId>P000592</bioguideId>
        <firstName>Ted</firstName>
        <isOriginalCosponsor>False</isOriginalCosponsor>
      </item>
      <item>
        <state>TX</state>
        <identifiers>
          <gpoId />
          <lisID>2350</lisID>
          <bioguideId>A000375</bioguideId>
        </identifiers>
        <district>19</district>
        <sponsorshipDate>2017-04-03</sponsorshipDate>
        <lastName>Arrington</lastName>
        <fullName>Rep. Arrington, Jodey C. [R-TX-19]</fullName>
        <middleName>C.</middleName>
        <party>R</party>
        <sponsorshipWithdrawnDate />
        <bioguideId>A000375</bioguideId>
        <firstName>Jodey</firstName>
        <isOriginalCosponsor>False</isOriginalCosponsor>
      </item>
      <item>
        <state>MO</state>
        <identifiers>
          <lisID>2191</lisID>
          <gpoId />
          <bioguideId>S001195</bioguideId>
        </identifiers>
        <district>8</district>
        <sponsorshipDate>2017-04-04</sponsorshipDate>
        <lastName>Smith</lastName>
        <fullName>Rep. Smith, Jason [R-MO-8]</fullName>
        <middleName />
        <party>R</party>
        <sponsorshipWithdrawnDate />
        <bioguideId>S001195</bioguideId>
        <firstName>Jason</firstName>
        <isOriginalCosponsor>False</isOriginalCosponsor>
      </item>
      <item>
        <state>TX</state>
        <identifiers>
          <bioguideId>R000601</bioguideId>
          <gpoId />
          <lisID>2268</lisID>
        </identifiers>
        <district>4</district>
        <sponsorshipDate>2017-04-25</sponsorshipDate>
        <lastName>Ratcliffe</lastName>
        <fullName>Rep. Ratcliffe, John [R-TX-4]</fullName>
        <middleName />
        <party>R</party>
        <sponsorshipWithdrawnDate />
        <bioguideId>R000601</bioguideId>
        <firstName>John</firstName>
        <isOriginalCosponsor>False</isOriginalCosponsor>
      </item>
      <item>
        <state>GA</state>
        <identifiers>
          <bioguideId>C001103</bioguideId>
          <lisID>2236</lisID>
          <gpoId />
        </identifiers>
        <district>1</district>
        <sponsorshipDate>2017-07-20</sponsorshipDate>
        <lastName>Carter</lastName>
        <fullName>Rep. Carter, Earl L. "Buddy" [R-GA-1]</fullName>
        <middleName>L. "Buddy"</middleName>
        <party>R</party>
        <sponsorshipWithdrawnDate />
        <bioguideId>C001103</bioguideId>
        <firstName>Earl</firstName>
        <isOriginalCosponsor>False</isOriginalCosponsor>
      </item>
    </cosponsors>
    <latestAction>
      <text>Referred to the Subcommittee on Indian, Insular and Alaska Native Affairs.</text>
      <links />
      <actionDate>2017-02-10</actionDate>
    </latestAction>
    <laws />
    <notes />
    <createDate>2017-01-07T04:48:26Z</createDate>
    <billType>HR</billType>
    <updateDate>2018-02-06T16:40:41Z</updateDate>
    <relatedBills />
    <cboCostEstimates />
    <introducedDate>2017-01-06</introducedDate>
    <amendments />
    <policyArea>
      <name>Health</name>
    </policyArea>
    <recordedVotes />
    <congress>115</congress>
    <committees>
      <billCommittees>
        <item>
          <systemCode>hsii00</systemCode>
          <name>Natural Resources Committee</name>
          <type>Standing</type>
          <activities>
            <item>
              <name>Referred to</name>
              <date>2017-01-06T17:01:20Z</date>
            </item>
          </activities>
          <chamber>House</chamber>
          <subcommittees>
            <item>
              <activities>
                <item>
                  <name>Referred to</name>
                  <date>2017-02-10T16:57:14Z</date>
                </item>
              </activities>
              <systemCode>hsii24</systemCode>
              <name>Indian, Insular and Alaska Native Affairs Subcommittee</name>
            </item>
          </subcommittees>
        </item>
        <item>
          <systemCode>hsif00</systemCode>
          <name>Energy and Commerce Committee</name>
          <type>Standing</type>
          <activities>
            <item>
              <name>Referred to</name>
              <date>2017-01-06T17:00:50Z</date>
            </item>
          </activities>
          <chamber>House</chamber>
          <subcommittees>
            <item>
              <activities>
                <item>
                  <name>Referred to</name>
                  <date>2017-01-25T14:28:49Z</date>
                </item>
              </activities>
              <systemCode>hsif14</systemCode>
              <name>Health Subcommittee</name>
            </item>
          </subcommittees>
        </item>
        <item>
          <systemCode>hswm00</systemCode>
          <name>Ways and Means Committee</name>
          <type>Standing</type>
          <activities>
            <item>
              <name>Referred to</name>
              <date>2017-01-06T17:01:05Z</date>
            </item>
          </activities>
          <chamber>House</chamber>
          <subcommittees>
            <item>
              <activities>
                <item>
                  <name>Referred to</name>
                  <date>2017-01-23T22:02:06Z</date>
                </item>
              </activities>
              <systemCode>hswm02</systemCode>
              <name>Health Subcommittee</name>
            </item>
          </subcommittees>
        </item>
        <item>
          <systemCode>hsap00</systemCode>
          <name>Appropriations Committee</name>
          <type>Standing</type>
          <activities>
            <item>
              <name>Referred to</name>
              <date>2017-01-06T17:01:30Z</date>
            </item>
          </activities>
          <chamber>House</chamber>
          <subcommittees />
        </item>
        <item>
          <systemCode>hsha00</systemCode>
          <name>House Administration Committee</name>
          <type>Standing</type>
          <activities>
            <item>
              <name>Referred to</name>
              <date>2017-01-06T17:01:25Z</date>
            </item>
          </activities>
          <chamber>House</chamber>
          <subcommittees />
        </item>
        <item>
          <systemCode>hsju00</systemCode>
          <name>Judiciary Committee</name>
          <type>Standing</type>
          <activities>
            <item>
              <name>Referred to</name>
              <date>2017-01-06T17:01:15Z</date>
            </item>
          </activities>
          <chamber>House</chamber>
          <subcommittees />
        </item>
        <item>
          <systemCode>hsed00</systemCode>
          <name>Education and the Workforce Committee</name>
          <type>Standing</type>
          <activities>
            <item>
              <name>Referred to</name>
              <date>2017-01-06T17:01:10Z</date>
            </item>
          </activities>
          <chamber>House</chamber>
          <subcommittees />
        </item>
        <item>
          <systemCode>hsru00</systemCode>
          <name>Rules Committee</name>
          <type>Standing</type>
          <activities>
            <item>
              <name>Referred to</name>
              <date>2017-01-06T17:01:00Z</date>
            </item>
          </activities>
          <chamber>House</chamber>
          <subcommittees />
        </item>
      </billCommittees>
    </committees>
  </bill>
  <dublinCore xmlns:dc="http://purl.org/dc/elements/1.1/">
    <dc:format>text/xml</dc:format>
    <dc:language>EN</dc:language>
    <dc:rights>Pursuant to Title 17 Section 105 of the United States Code, this file is not subject to copyright protection and is in the public domain.</dc:rights>
    <dc:contributor>Congressional Research Service, Library of Congress</dc:contributor>
    <dc:description>This file contains bill summaries and statuses for federal legislation. A bill summary describes the most significant provisions of a piece of legislation and details the effects the legislative text may have on current law and federal programs. Bill summaries are authored by the Congressional Research Service (CRS) of the Library of Congress. As stated in Public Law 91-510 (2 USC 166 (d)(6)), one of the duties of CRS is "to prepare summaries and digests of bills and resolutions of a public general nature introduced in the Senate or House of Representatives". For more information, refer to the User Guide that accompanies this file.</dc:description>
  </dublinCore>
</billStatus>

