<?xml version="1.0" encoding="UTF-8"?>
<billStatus>
  <bill>
    <billNumber>687</billNumber>
    <relatedBills />
    <originChamber>House</originChamber>
    <recordedVotes />
    <latestAction>
      <text>Received in the Senate and Read twice and referred to the Committee on Homeland Security and Governmental Affairs.</text>
      <links />
      <actionDate>2017-02-01</actionDate>
    </latestAction>
    <createDate>2017-01-25T04:45:56Z</createDate>
    <title>First Responder Access to Innovative Technologies Act</title>
    <summaries>
      <billSummaries>
        <item>
          <updateDate>2017-01-24T05:00:00Z</updateDate>
          <lastSummaryUpdateDate>2017-02-16T20:11:19Z</lastSummaryUpdateDate>
          <actionDate>2017-01-24</actionDate>
          <name>Introduced in House</name>
          <actionDesc>Introduced in House</actionDesc>
          <versionCode>00</versionCode>
          <text><![CDATA[<p><strong>First Responder Access to Innovative Technologies Act</strong></p> <p>This bill amends the Homeland Security Act of 2002 to direct the Federal Emergency Management Agency (FEMA) to implement a uniform process for reviewing applications that contain explanations to use grants provided under the Urban Area Security Initiative or the State Homeland Security Grant Program to purchase equipment or systems that do not meet or exceed any applicable national voluntary consensus standards developed under the Post-Katrina Emergency Management Reform Act of 2006.</p> <p> FEMA must consider:</p> <ul> <li>current or past use of proposed equipment or systems by federal agencies or the Armed Forces;</li> <li>the absence of a national voluntary consensus standard for such equipment or systems;</li> <li>the existence of an international consensus standard for such equipment or systems and whether such equipment or systems meets such standard;</li> <li>the nature of the capability gap identified by the applicant and how such equipment or systems will address such gap; and</li> <li>the degree to which such equipment or systems will serve the needs of the applicant better than equipment or systems that meet or exceed existing consensus standards.</li> </ul> <p>FEMA shall implement a uniform process for reviewing applications to use such grants to purchase equipment or systems not included on the Authorized Equipment List maintained by FEMA.</p> <p>The Inspector General of the Department of Homeland Security shall submit to specified congressional committees a report assessing the implementation of such review process, including information on the number of requests to purchase equipment or systems that do not meet or exceed any applicable consensus standard, the capability gaps identified by applicants, the number of such requests granted and denied, and the processing time for the review of such requests.</p>]]></text>
        </item>
        <item>
          <updateDate>2017-01-31T13:45:08Z</updateDate>
          <lastSummaryUpdateDate>2017-02-16T20:13:27Z</lastSummaryUpdateDate>
          <actionDate>2017-01-31</actionDate>
          <name>Passed House without amendment</name>
          <actionDesc>Passed House without amendment</actionDesc>
          <versionCode>81</versionCode>
          <text><![CDATA[<p>(This measure has not been amended since it was introduced. The summary has been expanded because action occurred on the measure.)</p> <p><strong>First Responder Access to Innovative Technologies Act</strong></p> <p>(Sec. 2) This bill amends the Homeland Security Act of 2002 to direct the Federal Emergency Management Agency (FEMA) to implement a uniform process for reviewing applications that contain explanations to use grants provided under the Urban Area Security Initiative or the State Homeland Security Grant Program to purchase equipment or systems that do not meet or exceed any applicable national voluntary consensus standards developed under the Post-Katrina Emergency Management Reform Act of 2006.</p> <p> FEMA must consider:</p> <ul> <li>current or past use of proposed equipment or systems by federal agencies or the Armed Forces;</li> <li>the absence of a national voluntary consensus standard for such equipment or systems;</li> <li>the existence of an international consensus standard for such equipment or systems and whether such equipment or systems meets such standard;</li> <li>the nature of the capability gap identified by the applicant and how such equipment or systems will address such gap; and</li> <li>the degree to which such equipment or systems will serve the needs of the applicant better than equipment or systems that meet or exceed existing consensus standards.</li> </ul> <p>FEMA shall implement a uniform process for reviewing applications to use such grants to purchase equipment or systems not included on the Authorized Equipment List maintained by FEMA.</p> <p>The Inspector General of the Department of Homeland Security shall submit to specified congressional committees a report assessing the implementation of such review process, including information on the number of requests to purchase equipment or systems that do not meet or exceed any applicable consensus standard, the capability gaps identified by applicants, the number of such requests granted and denied, and the processing time for the review of such requests.</p>]]></text>
        </item>
      </billSummaries>
    </summaries>
    <actions>
      <actionByCounts>
        <senate>1</senate>
        <houseOfRepresentatives>9</houseOfRepresentatives>
      </actionByCounts>
      <actionTypeCounts>
        <passedAgreedToInHouse>1</passedAgreedToInHouse>
        <considerationByHouse>1</considerationByHouse>
        <generalDebate>1</generalDebate>
        <motionMadeToSuspendTheRules>1</motionMadeToSuspendTheRules>
        <billReferrals>1</billReferrals>
        <introducedInTheHouse>1</introducedInTheHouse>
        <referredToCommittee>1</referredToCommittee>
        <finalPassageUnderSuspensionOfTheRulesResults>1</finalPassageUnderSuspensionOfTheRulesResults>
        <introducedInHouse>1</introducedInHouse>
        <motionToReconsiderResults>1</motionToReconsiderResults>
      </actionTypeCounts>
      <item>
        <actionDate>2017-02-01</actionDate>
        <committee>
          <systemCode>ssga00</systemCode>
          <name>Homeland Security and Governmental Affairs Committee</name>
        </committee>
        <links />
        <sourceSystem>
          <name>Senate</name>
          <code>0</code>
        </sourceSystem>
        <text>Received in the Senate and Read twice and referred to the Committee on Homeland Security and Governmental Affairs.</text>
        <type>IntroReferral</type>
      </item>
      <item>
        <sourceSystem>
          <name>House floor actions</name>
          <code>2</code>
        </sourceSystem>
        <actionDate>2017-01-31</actionDate>
        <text>Motion to reconsider laid on the table Agreed to without objection.</text>
        <type>Floor</type>
        <links />
        <committee />
        <actionCode>H38310</actionCode>
        <actionTime>16:00:47</actionTime>
      </item>
      <item>
        <sourceSystem>
          <name>House floor actions</name>
          <code>2</code>
        </sourceSystem>
        <actionDate>2017-01-31</actionDate>
        <text>On motion to suspend the rules and pass the bill Agreed to by voice vote. (text: CR H792)</text>
        <type>Floor</type>
        <links>
          <link>
            <name>H792</name>
            <url>https://www.congress.gov/congressional-record/volume-163/house-section/page/H792</url>
          </link>
        </links>
        <committee />
        <actionCode>H37300</actionCode>
        <actionTime>16:00:45</actionTime>
      </item>
      <item>
        <sourceSystem>
          <name>Library of Congress</name>
          <code>9</code>
        </sourceSystem>
        <actionDate>2017-01-31</actionDate>
        <text>Passed/agreed to in House: On motion to suspend the rules and pass the bill Agreed to by voice vote.(text: CR H792)</text>
        <type>Floor</type>
        <links>
          <link>
            <name>H792</name>
            <url>https://www.congress.gov/congressional-record/volume-163/house-section/page/H792</url>
          </link>
        </links>
        <committee />
        <actionCode>8000</actionCode>
        <actionTime>16:00:45</actionTime>
      </item>
      <item>
        <sourceSystem>
          <name>House floor actions</name>
          <code>2</code>
        </sourceSystem>
        <actionDate>2017-01-31</actionDate>
        <text>DEBATE - The House proceeded with forty minutes of debate on H.R. 687.</text>
        <type>Floor</type>
        <links>
          <link>
            <name>H.R. 687</name>
            <url>https://www.congress.gov/bill/115th-congress/house-bill/687</url>
          </link>
        </links>
        <committee />
        <actionCode>H8D000</actionCode>
        <actionTime>15:53:58</actionTime>
      </item>
      <item>
        <sourceSystem>
          <name>House floor actions</name>
          <code>2</code>
        </sourceSystem>
        <actionDate>2017-01-31</actionDate>
        <text>Considered under suspension of the rules. (consideration: CR H792-793)</text>
        <type>Floor</type>
        <links>
          <link>
            <name>H792-793</name>
            <url>https://www.congress.gov/congressional-record/volume-163/house-section/page/H792-793</url>
          </link>
        </links>
        <committee />
        <actionCode>H30000</actionCode>
        <actionTime>15:53:56</actionTime>
      </item>
      <item>
        <sourceSystem>
          <name>House floor actions</name>
          <code>2</code>
        </sourceSystem>
        <actionDate>2017-01-31</actionDate>
        <text>Mr. Donovan moved to suspend the rules and pass the bill.</text>
        <type>Floor</type>
        <links />
        <committee />
        <actionCode>H30300</actionCode>
        <actionTime>15:53:46</actionTime>
      </item>
      <item>
        <sourceSystem>
          <name>House floor actions</name>
          <code>2</code>
        </sourceSystem>
        <actionDate>2017-01-24</actionDate>
        <text>Referred to the House Committee on Homeland Security.</text>
        <type>IntroReferral</type>
        <links />
        <committee>
          <systemCode>hshm00</systemCode>
          <name>Homeland Security Committee</name>
        </committee>
        <actionCode>H11100</actionCode>
      </item>
      <item>
        <sourceSystem>
          <name>Library of Congress</name>
          <code>9</code>
        </sourceSystem>
        <actionDate>2017-01-24</actionDate>
        <text>Introduced in House</text>
        <type>IntroReferral</type>
        <links />
        <committee />
        <actionCode>Intro-H</actionCode>
      </item>
      <item>
        <sourceSystem>
          <name>Library of Congress</name>
          <code>9</code>
        </sourceSystem>
        <actionDate>2017-01-24</actionDate>
        <text>Introduced in House</text>
        <type>IntroReferral</type>
        <links />
        <committee />
        <actionCode>1000</actionCode>
      </item>
    </actions>
    <updateDate>2018-02-06T16:41:05Z</updateDate>
    <amendments />
    <notes />
    <sponsors>
      <item>
        <bioguideId>P000604</bioguideId>
        <district>10</district>
        <middleName>M.</middleName>
        <byRequestType />
        <firstName>Donald</firstName>
        <lastName>Payne</lastName>
        <state>NJ</state>
        <party>D</party>
        <identifiers>
          <gpoId>8373</gpoId>
          <bioguideId>P000604</bioguideId>
          <lisID>2097</lisID>
        </identifiers>
        <fullName>Rep. Payne, Donald M., Jr. [D-NJ-10]</fullName>
      </item>
    </sponsors>
    <committees>
      <billCommittees>
        <item>
          <chamber>Senate</chamber>
          <subcommittees />
          <systemCode>ssga00</systemCode>
          <name>Homeland Security and Governmental Affairs Committee</name>
          <activities>
            <item>
              <name>Referred to</name>
              <date>2017-02-01T23:21:53Z</date>
            </item>
          </activities>
          <type>Standing</type>
        </item>
        <item>
          <chamber>House</chamber>
          <subcommittees />
          <systemCode>hshm00</systemCode>
          <name>Homeland Security Committee</name>
          <activities>
            <item>
              <name>Referred to</name>
              <date>2017-01-24T15:05:00Z</date>
            </item>
          </activities>
          <type>Standing</type>
        </item>
      </billCommittees>
    </committees>
    <cosponsors>
      <item>
        <state>MS</state>
        <identifiers>
          <bioguideId>T000193</bioguideId>
          <lisID>1151</lisID>
          <gpoId>8020</gpoId>
        </identifiers>
        <district>2</district>
        <sponsorshipDate>2017-01-24</sponsorshipDate>
        <lastName>THOMPSON</lastName>
        <fullName>Rep. Thompson, Bennie G. [D-MS-2]</fullName>
        <middleName />
        <party>D</party>
        <sponsorshipWithdrawnDate />
        <bioguideId>T000193</bioguideId>
        <firstName>BENNIE</firstName>
        <isOriginalCosponsor>True</isOriginalCosponsor>
      </item>
      <item>
        <state>NY</state>
        <identifiers>
          <bioguideId>D000625</bioguideId>
          <lisID>2293</lisID>
          <gpoId />
        </identifiers>
        <district>11</district>
        <sponsorshipDate>2017-01-24</sponsorshipDate>
        <lastName>Donovan</lastName>
        <fullName>Rep. Donovan, Daniel M., Jr. [R-NY-11]</fullName>
        <middleName>M.</middleName>
        <party>R</party>
        <sponsorshipWithdrawnDate />
        <bioguideId>D000625</bioguideId>
        <firstName>Daniel</firstName>
        <isOriginalCosponsor>True</isOriginalCosponsor>
      </item>
      <item>
        <state>AZ</state>
        <identifiers>
          <lisID>2099</lisID>
          <bioguideId>S001191</bioguideId>
          <gpoId />
        </identifiers>
        <district>9</district>
        <sponsorshipDate>2017-01-30</sponsorshipDate>
        <lastName>Sinema</lastName>
        <fullName>Rep. Sinema, Kyrsten [D-AZ-9]</fullName>
        <middleName />
        <party>D</party>
        <sponsorshipWithdrawnDate />
        <bioguideId>S001191</bioguideId>
        <firstName>Kyrsten</firstName>
        <isOriginalCosponsor>False</isOriginalCosponsor>
      </item>
      <item>
        <state>IL</state>
        <identifiers>
          <lisID>2243</lisID>
          <bioguideId>B001295</bioguideId>
          <gpoId />
        </identifiers>
        <district>12</district>
        <sponsorshipDate>2017-01-30</sponsorshipDate>
        <lastName>Bost</lastName>
        <fullName>Rep. Bost, Mike [R-IL-12]</fullName>
        <middleName />
        <party>R</party>
        <sponsorshipWithdrawnDate />
        <bioguideId>B001295</bioguideId>
        <firstName>Mike</firstName>
        <isOriginalCosponsor>False</isOriginalCosponsor>
      </item>
    </cosponsors>
    <constitutionalAuthorityStatementText><![CDATA[<pre>From the Congressional Record Online through the Government Publishing Office [<a href='http://www.gpo.gov'>www.gpo.gov</a>]By Mr. PAYNE:H.R. 687.Congress has the power to enact this legislation pursuantto the following:Article I, Section 8.[Page H689]</pre>]]></constitutionalAuthorityStatementText>
    <policyArea>
      <name>Emergency Management</name>
    </policyArea>
    <cboCostEstimates />
    <laws />
    <congress>115</congress>
    <version>1.0.0</version>
    <introducedDate>2017-01-24</introducedDate>
    <committeeReports />
    <titles>
      <item>
        <chamberCode />
        <chamberName />
        <parentTitleType />
        <titleType>(Extracted from GPO) Short Titles as Introduced</titleType>
        <title>First Responder Access to Innovative Technologies Act</title>
      </item>
      <item>
        <chamberCode>H</chamberCode>
        <chamberName>House</chamberName>
        <parentTitleType />
        <titleType>(Extracted from GPO) Short Titles as Passed House</titleType>
        <title>First Responder Access to Innovative Technologies Act</title>
      </item>
      <item>
        <chamberCode />
        <chamberName />
        <parentTitleType />
        <titleType>Short Titles as Introduced</titleType>
        <title>First Responder Access to Innovative Technologies Act</title>
      </item>
      <item>
        <chamberCode />
        <chamberName />
        <parentTitleType />
        <titleType>Official Title as Introduced</titleType>
        <title>To amend the Homeland Security Act of 2002 to establish a process to review applications for certain grants to purchase equipment or systems that do not meet or exceed any applicable national voluntary consensus standards, and for other purposes.</title>
      </item>
      <item>
        <chamberCode />
        <chamberName />
        <parentTitleType />
        <titleType>Display Title</titleType>
        <title>First Responder Access to Innovative Technologies Act</title>
      </item>
    </titles>
    <calendarNumbers />
    <subjects>
      <billSubjects>
        <legislativeSubjects>
          <item>
            <name>Congressional oversight</name>
          </item>
          <item>
            <name>Emergency planning and evacuation</name>
          </item>
          <item>
            <name>First responders and emergency personnel</name>
          </item>
          <item>
            <name>Government studies and investigations</name>
          </item>
          <item>
            <name>Homeland security</name>
          </item>
        </legislativeSubjects>
        <policyArea>
          <name>Emergency Management</name>
        </policyArea>
      </billSubjects>
    </subjects>
    <billType>HR</billType>
  </bill>
  <dublinCore xmlns:dc="http://purl.org/dc/elements/1.1/">
    <dc:format>text/xml</dc:format>
    <dc:language>EN</dc:language>
    <dc:rights>Pursuant to Title 17 Section 105 of the United States Code, this file is not subject to copyright protection and is in the public domain.</dc:rights>
    <dc:contributor>Congressional Research Service, Library of Congress</dc:contributor>
    <dc:description>This file contains bill summaries and statuses for federal legislation. A bill summary describes the most significant provisions of a piece of legislation and details the effects the legislative text may have on current law and federal programs. Bill summaries are authored by the Congressional Research Service (CRS) of the Library of Congress. As stated in Public Law 91-510 (2 USC 166 (d)(6)), one of the duties of CRS is "to prepare summaries and digests of bills and resolutions of a public general nature introduced in the Senate or House of Representatives". For more information, refer to the User Guide that accompanies this file.</dc:description>
  </dublinCore>
</billStatus>

