<?xml version="1.0" encoding="UTF-8"?>
<billStatus>
  <bill>
    <committeeReports />
    <originChamber>House</originChamber>
    <billNumber>321</billNumber>
    <actions>
      <actionByCounts>
        <senate>8</senate>
        <houseOfRepresentatives>9</houseOfRepresentatives>
      </actionByCounts>
      <item>
        <text>Became Public Law No: 115-7.</text>
        <type>President</type>
        <sourceSystem>
          <name>House floor actions</name>
          <code>2</code>
        </sourceSystem>
        <committee />
        <actionCode>E40000</actionCode>
        <actionDate>2017-02-28</actionDate>
        <links>
          <link>
            <name>Public Law No: 115-7</name>
            <url>https://www.congress.gov/bill/115th-congress/house-bill/321/text/pl</url>
          </link>
        </links>
      </item>
      <item>
        <text>Became Public Law No: 115-7.</text>
        <type>BecameLaw</type>
        <sourceSystem>
          <name>Library of Congress</name>
          <code>9</code>
        </sourceSystem>
        <committee />
        <actionCode>36000</actionCode>
        <actionDate>2017-02-28</actionDate>
        <links>
          <link>
            <name>Public Law No: 115-7</name>
            <url>https://www.congress.gov/bill/115th-congress/house-bill/321/text/pl</url>
          </link>
        </links>
      </item>
      <item>
        <text>Signed by President.</text>
        <type>President</type>
        <sourceSystem>
          <name>House floor actions</name>
          <code>2</code>
        </sourceSystem>
        <committee />
        <actionCode>E30000</actionCode>
        <actionDate>2017-02-28</actionDate>
        <links />
      </item>
      <item>
        <text>Signed by President.</text>
        <type>BecameLaw</type>
        <sourceSystem>
          <name>Library of Congress</name>
          <code>9</code>
        </sourceSystem>
        <committee />
        <actionCode>36000</actionCode>
        <actionDate>2017-02-28</actionDate>
        <links />
      </item>
      <item>
        <text>Presented to President.</text>
        <type>Floor</type>
        <sourceSystem>
          <name>House floor actions</name>
          <code>2</code>
        </sourceSystem>
        <committee />
        <actionCode>E20000</actionCode>
        <actionDate>2017-02-16</actionDate>
        <links />
      </item>
      <item>
        <text>Presented to President.</text>
        <type>President</type>
        <sourceSystem>
          <name>Library of Congress</name>
          <code>9</code>
        </sourceSystem>
        <committee />
        <actionCode>28000</actionCode>
        <actionDate>2017-02-16</actionDate>
        <links />
      </item>
      <item>
        <actionDate>2017-02-15</actionDate>
        <committee />
        <links />
        <sourceSystem>
          <name>Senate</name>
          <code>0</code>
        </sourceSystem>
        <text>Message on Senate action sent to the House.</text>
        <type>Floor</type>
      </item>
      <item>
        <actionDate>2017-02-14</actionDate>
        <committee />
        <links>
          <link>
            <name>S1163</name>
            <url>https://www.congress.gov/congressional-record/volume-163/senate-section/page/S1163</url>
          </link>
        </links>
        <sourceSystem>
          <name>Senate</name>
          <code>0</code>
        </sourceSystem>
        <text>Passed Senate without amendment by Voice Vote. (consideration: CR S1163)</text>
        <type>Floor</type>
      </item>
      <item>
        <text>Passed/agreed to in Senate: Passed Senate without amendment by Voice Vote.(consideration: CR S1163)</text>
        <type>Floor</type>
        <sourceSystem>
          <name>Library of Congress</name>
          <code>9</code>
        </sourceSystem>
        <committee />
        <actionCode>17000</actionCode>
        <actionDate>2017-02-14</actionDate>
        <links>
          <link>
            <name>S1163</name>
            <url>https://www.congress.gov/congressional-record/volume-163/senate-section/page/S1163</url>
          </link>
        </links>
      </item>
      <item>
        <actionDate>2017-02-01</actionDate>
        <committee />
        <links />
        <sourceSystem>
          <name>Senate</name>
          <code>0</code>
        </sourceSystem>
        <text>Placed on Senate Legislative Calendar under General Orders. Calendar No. 6.</text>
        <type>Calendars</type>
      </item>
      <item>
        <actionDate>2017-02-01</actionDate>
        <committee>
          <name>Commerce, Science, and Transportation Committee</name>
          <systemCode>sscm00</systemCode>
        </committee>
        <links />
        <sourceSystem>
          <name>Senate</name>
          <code>0</code>
        </sourceSystem>
        <text>Committee on Commerce, Science, and Transportation. Reported by Senator Thune without amendment. Without written report.</text>
        <type>Committee</type>
      </item>
      <item>
        <text>Committee on Commerce, Science, and Transportation. Reported by Senator Thune without amendment. Without written report.</text>
        <type>Committee</type>
        <sourceSystem>
          <name>Library of Congress</name>
          <code>9</code>
        </sourceSystem>
        <committee>
          <name>Commerce, Science, and Transportation Committee</name>
          <systemCode>sscm00</systemCode>
        </committee>
        <actionCode>14000</actionCode>
        <actionDate>2017-02-01</actionDate>
        <links />
      </item>
      <item>
        <actionDate>2017-01-24</actionDate>
        <committee>
          <name>Commerce, Science, and Transportation Committee</name>
          <systemCode>sscm00</systemCode>
        </committee>
        <links />
        <sourceSystem>
          <name>Senate</name>
          <code>0</code>
        </sourceSystem>
        <text>Committee on Commerce, Science, and Transportation. Ordered to be reported without amendment favorably.</text>
        <type>Committee</type>
      </item>
      <item>
        <actionDate>2017-01-11</actionDate>
        <committee>
          <name>Commerce, Science, and Transportation Committee</name>
          <systemCode>sscm00</systemCode>
        </committee>
        <links />
        <sourceSystem>
          <name>Senate</name>
          <code>0</code>
        </sourceSystem>
        <text>Received in the Senate and Read twice and referred to the Committee on Commerce, Science, and Transportation.</text>
        <type>IntroReferral</type>
      </item>
      <item>
        <text>Motion to reconsider laid on the table Agreed to without objection.</text>
        <type>Floor</type>
        <sourceSystem>
          <name>House floor actions</name>
          <code>2</code>
        </sourceSystem>
        <committee />
        <actionTime>16:03:43</actionTime>
        <actionCode>H38310</actionCode>
        <actionDate>2017-01-10</actionDate>
        <links />
      </item>
      <item>
        <text>On motion to suspend the rules and pass the bill Agreed to by voice vote. (text: CR H270)</text>
        <type>Floor</type>
        <sourceSystem>
          <name>House floor actions</name>
          <code>2</code>
        </sourceSystem>
        <committee />
        <actionTime>16:03:42</actionTime>
        <actionCode>H37300</actionCode>
        <actionDate>2017-01-10</actionDate>
        <links>
          <link>
            <name>H270</name>
            <url>https://www.congress.gov/congressional-record/volume-163/house-section/page/H270</url>
          </link>
        </links>
      </item>
      <item>
        <text>Passed/agreed to in House: On motion to suspend the rules and pass the bill Agreed to by voice vote.(text: CR H270)</text>
        <type>Floor</type>
        <sourceSystem>
          <name>Library of Congress</name>
          <code>9</code>
        </sourceSystem>
        <committee />
        <actionTime>16:03:42</actionTime>
        <actionCode>8000</actionCode>
        <actionDate>2017-01-10</actionDate>
        <links>
          <link>
            <name>H270</name>
            <url>https://www.congress.gov/congressional-record/volume-163/house-section/page/H270</url>
          </link>
        </links>
      </item>
      <item>
        <text>DEBATE - The House proceeded with forty minutes of debate on H.R. 321.</text>
        <type>Floor</type>
        <sourceSystem>
          <name>House floor actions</name>
          <code>2</code>
        </sourceSystem>
        <committee />
        <actionTime>15:47:56</actionTime>
        <actionCode>H8D000</actionCode>
        <actionDate>2017-01-10</actionDate>
        <links>
          <link>
            <name>H.R. 321</name>
            <url>https://www.congress.gov/bill/115th-congress/house-bill/321</url>
          </link>
        </links>
      </item>
      <item>
        <text>Considered under suspension of the rules. (consideration: CR H270-273)</text>
        <type>Floor</type>
        <sourceSystem>
          <name>House floor actions</name>
          <code>2</code>
        </sourceSystem>
        <committee />
        <actionTime>15:47:42</actionTime>
        <actionCode>H30000</actionCode>
        <actionDate>2017-01-10</actionDate>
        <links>
          <link>
            <name>H270-273</name>
            <url>https://www.congress.gov/congressional-record/volume-163/house-section/page/H270-273</url>
          </link>
        </links>
      </item>
      <item>
        <text>Mrs. Comstock moved to suspend the rules and pass the bill.</text>
        <type>Floor</type>
        <sourceSystem>
          <name>House floor actions</name>
          <code>2</code>
        </sourceSystem>
        <committee />
        <actionTime>15:47:17</actionTime>
        <actionCode>H30300</actionCode>
        <actionDate>2017-01-10</actionDate>
        <links />
      </item>
      <item>
        <text>Referred to the House Committee on Science, Space, and Technology.</text>
        <type>IntroReferral</type>
        <sourceSystem>
          <name>House floor actions</name>
          <code>2</code>
        </sourceSystem>
        <committee>
          <name>Science, Space, and Technology Committee</name>
          <systemCode>hssy00</systemCode>
        </committee>
        <actionCode>H11100</actionCode>
        <actionDate>2017-01-05</actionDate>
        <links />
      </item>
      <item>
        <text>Introduced in House</text>
        <type>IntroReferral</type>
        <sourceSystem>
          <name>Library of Congress</name>
          <code>9</code>
        </sourceSystem>
        <committee />
        <actionCode>Intro-H</actionCode>
        <actionDate>2017-01-05</actionDate>
        <links />
      </item>
      <item>
        <text>Introduced in House</text>
        <type>IntroReferral</type>
        <sourceSystem>
          <name>Library of Congress</name>
          <code>9</code>
        </sourceSystem>
        <committee />
        <actionCode>1000</actionCode>
        <actionDate>2017-01-05</actionDate>
        <links />
      </item>
      <actionTypeCounts>
        <finalPassageUnderSuspensionOfTheRulesResults>1</finalPassageUnderSuspensionOfTheRulesResults>
        <orderedReported>1</orderedReported>
        <presentedToPresident>1</presentedToPresident>
        <sentToHouse>1</sentToHouse>
        <motionMadeToSuspendTheRules>1</motionMadeToSuspendTheRules>
        <generalDebate>1</generalDebate>
        <reportedToSenate>2</reportedToSenate>
        <referredToCommittee>1</referredToCommittee>
        <introducedInHouse>1</introducedInHouse>
        <motionToReconsiderResults>1</motionToReconsiderResults>
        <placeholderTextForE>3</placeholderTextForE>
        <passedAgreedToInSenate>1</passedAgreedToInSenate>
        <placedOnCalendarGeneralOrders>1</placedOnCalendarGeneralOrders>
        <considerationByHouse>1</considerationByHouse>
        <passedAgreedToInHouse>1</passedAgreedToInHouse>
        <billReferrals>1</billReferrals>
        <becamePublicLaw>2</becamePublicLaw>
        <passedSenate>1</passedSenate>
        <introducedInTheHouse>1</introducedInTheHouse>
      </actionTypeCounts>
    </actions>
    <calendarNumbers>
      <item>
        <number>0006</number>
        <calendar>Senate Calendar of Business</calendar>
      </item>
    </calendarNumbers>
    <updateDate>2018-02-06T16:40:39Z</updateDate>
    <cosponsors>
      <item>
        <isOriginalCosponsor>True</isOriginalCosponsor>
        <middleName>BERNICE</middleName>
        <sponsorshipDate>2017-01-05</sponsorshipDate>
        <firstName>EDDIE</firstName>
        <party>D</party>
        <identifiers>
          <lisID>599</lisID>
          <bioguideId>J000126</bioguideId>
          <gpoId>8186</gpoId>
        </identifiers>
        <district>30</district>
        <sponsorshipWithdrawnDate />
        <fullName>Rep. Johnson, Eddie Bernice [D-TX-30]</fullName>
        <bioguideId>J000126</bioguideId>
        <lastName>JOHNSON</lastName>
        <state>TX</state>
      </item>
      <item>
        <isOriginalCosponsor>True</isOriginalCosponsor>
        <middleName />
        <sponsorshipDate>2017-01-05</sponsorshipDate>
        <firstName>LAMAR</firstName>
        <party>R</party>
        <identifiers>
          <bioguideId>S000583</bioguideId>
          <gpoId>8177</gpoId>
          <lisID>1075</lisID>
        </identifiers>
        <district>21</district>
        <sponsorshipWithdrawnDate />
        <fullName>Rep. Smith, Lamar [R-TX-21]</fullName>
        <bioguideId>S000583</bioguideId>
        <lastName>SMITH</lastName>
        <state>TX</state>
      </item>
      <item>
        <isOriginalCosponsor>True</isOriginalCosponsor>
        <middleName>M.</middleName>
        <sponsorshipDate>2017-01-05</sponsorshipDate>
        <firstName>Katherine</firstName>
        <party>D</party>
        <identifiers>
          <gpoId />
          <bioguideId>C001101</bioguideId>
          <lisID>2196</lisID>
        </identifiers>
        <district>5</district>
        <sponsorshipWithdrawnDate />
        <fullName>Rep. Clark, Katherine M. [D-MA-5]</fullName>
        <bioguideId>C001101</bioguideId>
        <lastName>Clark</lastName>
        <state>MA</state>
      </item>
      <item>
        <isOriginalCosponsor>True</isOriginalCosponsor>
        <middleName>H.</middleName>
        <sponsorshipDate>2017-01-05</sponsorshipDate>
        <firstName>Elizabeth</firstName>
        <party>D</party>
        <identifiers>
          <bioguideId>E000293</bioguideId>
          <lisID>2114</lisID>
          <gpoId />
        </identifiers>
        <district>5</district>
        <sponsorshipWithdrawnDate />
        <fullName>Rep. Esty, Elizabeth H. [D-CT-5]</fullName>
        <bioguideId>E000293</bioguideId>
        <lastName>Esty</lastName>
        <state>CT</state>
      </item>
      <item>
        <isOriginalCosponsor>True</isOriginalCosponsor>
        <middleName />
        <sponsorshipDate>2017-01-05</sponsorshipDate>
        <firstName>Stephen</firstName>
        <party>R</party>
        <identifiers>
          <bioguideId>K000387</bioguideId>
          <lisID>2228</lisID>
          <gpoId />
        </identifiers>
        <district>25</district>
        <sponsorshipWithdrawnDate />
        <fullName>Rep. Knight, Stephen [R-CA-25]</fullName>
        <bioguideId>K000387</bioguideId>
        <lastName>Knight</lastName>
        <state>CA</state>
      </item>
      <item>
        <isOriginalCosponsor>True</isOriginalCosponsor>
        <middleName>A.</middleName>
        <sponsorshipDate>2017-01-05</sponsorshipDate>
        <firstName>Ryan</firstName>
        <party>R</party>
        <identifiers>
          <bioguideId>C001106</bioguideId>
          <gpoId />
          <lisID>2266</lisID>
        </identifiers>
        <district>6</district>
        <sponsorshipWithdrawnDate />
        <fullName>Rep. Costello, Ryan A. [R-PA-6]</fullName>
        <bioguideId>C001106</bioguideId>
        <lastName>Costello</lastName>
        <state>PA</state>
      </item>
      <item>
        <isOriginalCosponsor>True</isOriginalCosponsor>
        <middleName>R.</middleName>
        <sponsorshipDate>2017-01-05</sponsorshipDate>
        <firstName>Scott</firstName>
        <party>R</party>
        <identifiers>
          <bioguideId>T000470</bioguideId>
          <lisID>1997</lisID>
          <gpoId>7861</gpoId>
        </identifiers>
        <district>3</district>
        <sponsorshipWithdrawnDate />
        <fullName>Rep. Tipton, Scott  R. [R-CO-3]</fullName>
        <bioguideId>T000470</bioguideId>
        <lastName>Tipton</lastName>
        <state>CO</state>
      </item>
      <item>
        <isOriginalCosponsor>True</isOriginalCosponsor>
        <middleName>E.</middleName>
        <sponsorshipDate>2017-01-05</sponsorshipDate>
        <firstName>DON</firstName>
        <party>R</party>
        <identifiers>
          <gpoId>7785</gpoId>
          <bioguideId>Y000033</bioguideId>
          <lisID>1256</lisID>
        </identifiers>
        <district>0</district>
        <sponsorshipWithdrawnDate />
        <fullName>Rep. Young, Don [R-AK-At Large]</fullName>
        <bioguideId>Y000033</bioguideId>
        <lastName>YOUNG</lastName>
        <state>AK</state>
      </item>
      <item>
        <isOriginalCosponsor>True</isOriginalCosponsor>
        <middleName />
        <sponsorshipDate>2017-01-05</sponsorshipDate>
        <firstName>Marsha</firstName>
        <party>R</party>
        <identifiers>
          <lisID>1748</lisID>
          <bioguideId>B001243</bioguideId>
          <gpoId>8154</gpoId>
        </identifiers>
        <district>7</district>
        <sponsorshipWithdrawnDate />
        <fullName>Rep. Blackburn, Marsha [R-TN-7]</fullName>
        <bioguideId>B001243</bioguideId>
        <lastName>Blackburn</lastName>
        <state>TN</state>
      </item>
      <item>
        <isOriginalCosponsor>True</isOriginalCosponsor>
        <middleName />
        <sponsorshipDate>2017-01-05</sponsorshipDate>
        <firstName>Kyrsten</firstName>
        <party>D</party>
        <identifiers>
          <bioguideId>S001191</bioguideId>
          <lisID>2099</lisID>
          <gpoId />
        </identifiers>
        <district>9</district>
        <sponsorshipWithdrawnDate />
        <fullName>Rep. Sinema, Kyrsten [D-AZ-9]</fullName>
        <bioguideId>S001191</bioguideId>
        <lastName>Sinema</lastName>
        <state>AZ</state>
      </item>
      <item>
        <isOriginalCosponsor>True</isOriginalCosponsor>
        <middleName />
        <sponsorshipDate>2017-01-05</sponsorshipDate>
        <firstName>G. K.</firstName>
        <party>D</party>
        <identifiers>
          <lisID>1761</lisID>
          <bioguideId>B001251</bioguideId>
          <gpoId>8024</gpoId>
        </identifiers>
        <district>1</district>
        <sponsorshipWithdrawnDate />
        <fullName>Rep. Butterfield, G. K. [D-NC-1]</fullName>
        <bioguideId>B001251</bioguideId>
        <lastName>Butterfield</lastName>
        <state>NC</state>
      </item>
      <item>
        <isOriginalCosponsor>True</isOriginalCosponsor>
        <middleName>Morgan</middleName>
        <sponsorshipDate>2017-01-05</sponsorshipDate>
        <firstName>H.</firstName>
        <party>R</party>
        <identifiers>
          <gpoId>8200</gpoId>
          <lisID>2070</lisID>
          <bioguideId>G000568</bioguideId>
        </identifiers>
        <district>9</district>
        <sponsorshipWithdrawnDate />
        <fullName>Rep. Griffith, H. Morgan [R-VA-9]</fullName>
        <bioguideId>G000568</bioguideId>
        <lastName>Griffith</lastName>
        <state>VA</state>
      </item>
      <item>
        <isOriginalCosponsor>True</isOriginalCosponsor>
        <middleName />
        <sponsorshipDate>2017-01-05</sponsorshipDate>
        <firstName>Ann</firstName>
        <party>R</party>
        <identifiers>
          <gpoId />
          <bioguideId>W000812</bioguideId>
          <lisID>2137</lisID>
        </identifiers>
        <district>2</district>
        <sponsorshipWithdrawnDate />
        <fullName>Rep. Wagner, Ann [R-MO-2]</fullName>
        <bioguideId>W000812</bioguideId>
        <lastName>Wagner</lastName>
        <state>MO</state>
      </item>
      <item>
        <isOriginalCosponsor>True</isOriginalCosponsor>
        <middleName>P.</middleName>
        <sponsorshipDate>2017-01-05</sponsorshipDate>
        <firstName>David</firstName>
        <party>R</party>
        <identifiers>
          <bioguideId>R000582</bioguideId>
          <lisID>1954</lisID>
          <gpoId>8148</gpoId>
        </identifiers>
        <district>1</district>
        <sponsorshipWithdrawnDate />
        <fullName>Rep. Roe, David P. [R-TN-1]</fullName>
        <bioguideId>R000582</bioguideId>
        <lastName>Roe</lastName>
        <state>TN</state>
      </item>
      <item>
        <isOriginalCosponsor>True</isOriginalCosponsor>
        <middleName />
        <sponsorshipDate>2017-01-05</sponsorshipDate>
        <firstName>Vern</firstName>
        <party>R</party>
        <identifiers>
          <gpoId>7885</gpoId>
          <bioguideId>B001260</bioguideId>
          <lisID>1840</lisID>
        </identifiers>
        <district>16</district>
        <sponsorshipWithdrawnDate />
        <fullName>Rep. Buchanan, Vern [R-FL-16]</fullName>
        <bioguideId>B001260</bioguideId>
        <lastName>Buchanan</lastName>
        <state>FL</state>
      </item>
      <item>
        <isOriginalCosponsor>True</isOriginalCosponsor>
        <middleName />
        <sponsorshipDate>2017-01-05</sponsorshipDate>
        <firstName>Bruce</firstName>
        <party>R</party>
        <identifiers>
          <gpoId />
          <bioguideId>P000611</bioguideId>
          <lisID>2247</lisID>
        </identifiers>
        <district>2</district>
        <sponsorshipWithdrawnDate />
        <fullName>Rep. Poliquin, Bruce [R-ME-2]</fullName>
        <bioguideId>P000611</bioguideId>
        <lastName>Poliquin</lastName>
        <state>ME</state>
      </item>
      <item>
        <isOriginalCosponsor>True</isOriginalCosponsor>
        <middleName>P.</middleName>
        <sponsorshipDate>2017-01-05</sponsorshipDate>
        <firstName>David</firstName>
        <party>R</party>
        <identifiers>
          <lisID>2154</lisID>
          <gpoId />
          <bioguideId>J000295</bioguideId>
        </identifiers>
        <district>14</district>
        <sponsorshipWithdrawnDate />
        <fullName>Rep. Joyce, David P. [R-OH-14]</fullName>
        <bioguideId>J000295</bioguideId>
        <lastName>Joyce</lastName>
        <state>OH</state>
      </item>
      <item>
        <isOriginalCosponsor>True</isOriginalCosponsor>
        <middleName />
        <sponsorshipDate>2017-01-05</sponsorshipDate>
        <firstName>Randy</firstName>
        <party>R</party>
        <identifiers>
          <bioguideId>H001059</bioguideId>
          <lisID>2015</lisID>
          <gpoId>7934</gpoId>
        </identifiers>
        <district>14</district>
        <sponsorshipWithdrawnDate />
        <fullName>Rep. Hultgren, Randy [R-IL-14]</fullName>
        <bioguideId>H001059</bioguideId>
        <lastName>Hultgren</lastName>
        <state>IL</state>
      </item>
      <item>
        <isOriginalCosponsor>True</isOriginalCosponsor>
        <middleName />
        <sponsorshipDate>2017-01-05</sponsorshipDate>
        <firstName>Jackie</firstName>
        <party>R</party>
        <identifiers>
          <gpoId />
          <lisID>2128</lisID>
          <bioguideId>W000813</bioguideId>
        </identifiers>
        <district>2</district>
        <sponsorshipWithdrawnDate />
        <fullName>Rep. Walorski, Jackie [R-IN-2]</fullName>
        <bioguideId>W000813</bioguideId>
        <lastName>Walorski</lastName>
        <state>IN</state>
      </item>
      <item>
        <isOriginalCosponsor>True</isOriginalCosponsor>
        <middleName />
        <sponsorshipDate>2017-01-05</sponsorshipDate>
        <firstName>Bill</firstName>
        <party>R</party>
        <identifiers>
          <bioguideId>P000599</bioguideId>
          <gpoId>7887</gpoId>
          <lisID>1915</lisID>
        </identifiers>
        <district>8</district>
        <sponsorshipWithdrawnDate />
        <fullName>Rep. Posey, Bill [R-FL-8]</fullName>
        <bioguideId>P000599</bioguideId>
        <lastName>Posey</lastName>
        <state>FL</state>
      </item>
      <item>
        <isOriginalCosponsor>True</isOriginalCosponsor>
        <middleName />
        <sponsorshipDate>2017-01-05</sponsorshipDate>
        <firstName>Bradley</firstName>
        <party>R</party>
        <identifiers>
          <lisID>2197</lisID>
          <bioguideId>B001289</bioguideId>
          <gpoId />
        </identifiers>
        <district>1</district>
        <sponsorshipWithdrawnDate />
        <fullName>Rep. Byrne, Bradley [R-AL-1]</fullName>
        <bioguideId>B001289</bioguideId>
        <lastName>Byrne</lastName>
        <state>AL</state>
      </item>
      <item>
        <isOriginalCosponsor>True</isOriginalCosponsor>
        <middleName />
        <sponsorshipDate>2017-01-05</sponsorshipDate>
        <firstName>Mike</firstName>
        <party>R</party>
        <identifiers>
          <bioguideId>B001293</bioguideId>
          <gpoId />
          <lisID>2249</lisID>
        </identifiers>
        <district>8</district>
        <sponsorshipWithdrawnDate />
        <fullName>Rep. Bishop, Mike [R-MI-8]</fullName>
        <bioguideId>B001293</bioguideId>
        <lastName>Bishop</lastName>
        <state>MI</state>
      </item>
      <item>
        <isOriginalCosponsor>True</isOriginalCosponsor>
        <middleName />
        <sponsorshipDate>2017-01-05</sponsorshipDate>
        <firstName>Martha</firstName>
        <party>R</party>
        <identifiers>
          <bioguideId>M001197</bioguideId>
          <lisID>2225</lisID>
          <gpoId />
        </identifiers>
        <district>2</district>
        <sponsorshipWithdrawnDate />
        <fullName>Rep. McSally, Martha [R-AZ-2]</fullName>
        <bioguideId>M001197</bioguideId>
        <lastName>McSally</lastName>
        <state>AZ</state>
      </item>
      <item>
        <isOriginalCosponsor>True</isOriginalCosponsor>
        <middleName />
        <sponsorshipDate>2017-01-05</sponsorshipDate>
        <firstName>Kevin</firstName>
        <party>R</party>
        <identifiers>
          <lisID>2144</lisID>
          <gpoId />
          <bioguideId>C001096</bioguideId>
        </identifiers>
        <district>0</district>
        <sponsorshipWithdrawnDate />
        <fullName>Rep. Cramer, Kevin [R-ND-At Large]</fullName>
        <bioguideId>C001096</bioguideId>
        <lastName>Cramer</lastName>
        <state>ND</state>
      </item>
      <item>
        <isOriginalCosponsor>True</isOriginalCosponsor>
        <middleName />
        <sponsorshipDate>2017-01-05</sponsorshipDate>
        <firstName>KEN</firstName>
        <party>R</party>
        <identifiers>
          <lisID>165</lisID>
          <gpoId>7849</gpoId>
          <bioguideId>C000059</bioguideId>
        </identifiers>
        <district>42</district>
        <sponsorshipWithdrawnDate />
        <fullName>Rep. Calvert, Ken [R-CA-42]</fullName>
        <bioguideId>C000059</bioguideId>
        <lastName>CALVERT</lastName>
        <state>CA</state>
      </item>
      <item>
        <isOriginalCosponsor>True</isOriginalCosponsor>
        <middleName />
        <sponsorshipDate>2017-01-05</sponsorshipDate>
        <firstName>Jeff</firstName>
        <party>R</party>
        <identifiers>
          <bioguideId>D000612</bioguideId>
          <lisID>1995</lisID>
          <gpoId>7824</gpoId>
        </identifiers>
        <district>10</district>
        <sponsorshipWithdrawnDate />
        <fullName>Rep. Denham, Jeff [R-CA-10]</fullName>
        <bioguideId>D000612</bioguideId>
        <lastName>Denham</lastName>
        <state>CA</state>
      </item>
      <item>
        <isOriginalCosponsor>True</isOriginalCosponsor>
        <middleName>French</middleName>
        <sponsorshipDate>2017-01-05</sponsorshipDate>
        <firstName>J.</firstName>
        <party>R</party>
        <identifiers>
          <lisID>2223</lisID>
          <bioguideId>H001072</bioguideId>
          <gpoId />
        </identifiers>
        <district>2</district>
        <sponsorshipWithdrawnDate />
        <fullName>Rep. Hill, J. French [R-AR-2]</fullName>
        <bioguideId>H001072</bioguideId>
        <lastName>Hill</lastName>
        <state>AR</state>
      </item>
      <item>
        <isOriginalCosponsor>True</isOriginalCosponsor>
        <middleName>L. "Buddy"</middleName>
        <sponsorshipDate>2017-01-05</sponsorshipDate>
        <firstName>Earl</firstName>
        <party>R</party>
        <identifiers>
          <bioguideId>C001103</bioguideId>
          <lisID>2236</lisID>
          <gpoId />
        </identifiers>
        <district>1</district>
        <sponsorshipWithdrawnDate />
        <fullName>Rep. Carter, Earl L. "Buddy" [R-GA-1]</fullName>
        <bioguideId>C001103</bioguideId>
        <lastName>Carter</lastName>
        <state>GA</state>
      </item>
      <item>
        <isOriginalCosponsor>True</isOriginalCosponsor>
        <middleName />
        <sponsorshipDate>2017-01-05</sponsorshipDate>
        <firstName>Ed</firstName>
        <party>D</party>
        <identifiers>
          <gpoId>7865</gpoId>
          <lisID>1835</lisID>
          <bioguideId>P000593</bioguideId>
        </identifiers>
        <district>7</district>
        <sponsorshipWithdrawnDate />
        <fullName>Rep. Perlmutter, Ed [D-CO-7]</fullName>
        <bioguideId>P000593</bioguideId>
        <lastName>Perlmutter</lastName>
        <state>CO</state>
      </item>
      <item>
        <isOriginalCosponsor>True</isOriginalCosponsor>
        <middleName>R.</middleName>
        <sponsorshipDate>2017-01-05</sponsorshipDate>
        <firstName>John</firstName>
        <party>R</party>
        <identifiers>
          <gpoId />
          <lisID>2248</lisID>
          <bioguideId>M001194</bioguideId>
        </identifiers>
        <district>4</district>
        <sponsorshipWithdrawnDate />
        <fullName>Rep. Moolenaar, John R. [R-MI-4]</fullName>
        <bioguideId>M001194</bioguideId>
        <lastName>Moolenaar</lastName>
        <state>MI</state>
      </item>
      <item>
        <isOriginalCosponsor>True</isOriginalCosponsor>
        <middleName>G.</middleName>
        <sponsorshipDate>2017-01-05</sponsorshipDate>
        <firstName>David</firstName>
        <party>R</party>
        <identifiers>
          <lisID>2105</lisID>
          <bioguideId>V000129</bioguideId>
          <gpoId />
        </identifiers>
        <district>21</district>
        <sponsorshipWithdrawnDate />
        <fullName>Rep. Valadao, David G. [R-CA-21]</fullName>
        <bioguideId>V000129</bioguideId>
        <lastName>Valadao</lastName>
        <state>CA</state>
      </item>
      <item>
        <isOriginalCosponsor>True</isOriginalCosponsor>
        <middleName>S.</middleName>
        <sponsorshipDate>2017-01-05</sponsorshipDate>
        <firstName>Alma</firstName>
        <party>D</party>
        <identifiers>
          <lisID>2201</lisID>
          <gpoId />
          <bioguideId>A000370</bioguideId>
        </identifiers>
        <district>12</district>
        <sponsorshipWithdrawnDate />
        <fullName>Rep. Adams, Alma S. [D-NC-12]</fullName>
        <bioguideId>A000370</bioguideId>
        <lastName>Adams</lastName>
        <state>NC</state>
      </item>
      <item>
        <isOriginalCosponsor>True</isOriginalCosponsor>
        <middleName />
        <sponsorshipDate>2017-01-05</sponsorshipDate>
        <firstName>STEVE</firstName>
        <party>R</party>
        <identifiers>
          <bioguideId>C000266</bioguideId>
          <gpoId>8091</gpoId>
          <lisID>186</lisID>
        </identifiers>
        <district>1</district>
        <sponsorshipWithdrawnDate />
        <fullName>Rep. Chabot, Steve [R-OH-1]</fullName>
        <bioguideId>C000266</bioguideId>
        <lastName>CHABOT</lastName>
        <state>OH</state>
      </item>
      <item>
        <isOriginalCosponsor>True</isOriginalCosponsor>
        <middleName />
        <sponsorshipDate>2017-01-05</sponsorshipDate>
        <firstName>Rodney</firstName>
        <party>R</party>
        <identifiers>
          <bioguideId>D000619</bioguideId>
          <gpoId />
          <lisID>2126</lisID>
        </identifiers>
        <district>13</district>
        <sponsorshipWithdrawnDate />
        <fullName>Rep. Davis, Rodney [R-IL-13]</fullName>
        <bioguideId>D000619</bioguideId>
        <lastName>Davis</lastName>
        <state>IL</state>
      </item>
      <item>
        <isOriginalCosponsor>True</isOriginalCosponsor>
        <middleName>M.</middleName>
        <sponsorshipDate>2017-01-05</sponsorshipDate>
        <firstName>JOHN</firstName>
        <party>R</party>
        <identifiers>
          <lisID>1527</lisID>
          <gpoId>7939</gpoId>
          <bioguideId>S000364</bioguideId>
        </identifiers>
        <district>15</district>
        <sponsorshipWithdrawnDate />
        <fullName>Rep. Shimkus, John [R-IL-15]</fullName>
        <bioguideId>S000364</bioguideId>
        <lastName>SHIMKUS</lastName>
        <state>IL</state>
      </item>
      <item>
        <isOriginalCosponsor>True</isOriginalCosponsor>
        <middleName>J.</middleName>
        <sponsorshipDate>2017-01-05</sponsorshipDate>
        <firstName>Peter</firstName>
        <party>R</party>
        <identifiers>
          <lisID>1848</lisID>
          <bioguideId>R000580</bioguideId>
          <gpoId>7926</gpoId>
        </identifiers>
        <district>6</district>
        <sponsorshipWithdrawnDate />
        <fullName>Rep. Roskam, Peter J. [R-IL-6]</fullName>
        <bioguideId>R000580</bioguideId>
        <lastName>Roskam</lastName>
        <state>IL</state>
      </item>
      <item>
        <isOriginalCosponsor>True</isOriginalCosponsor>
        <middleName>M.</middleName>
        <sponsorshipDate>2017-01-05</sponsorshipDate>
        <firstName>LOUISE</firstName>
        <party>D</party>
        <identifiers>
          <lisID>1069</lisID>
          <bioguideId>S000480</bioguideId>
          <gpoId>8089</gpoId>
        </identifiers>
        <district>25</district>
        <sponsorshipWithdrawnDate />
        <fullName>Rep. Slaughter, Louise McIntosh [D-NY-25]</fullName>
        <bioguideId>S000480</bioguideId>
        <lastName>SLAUGHTER</lastName>
        <state>NY</state>
      </item>
      <item>
        <isOriginalCosponsor>True</isOriginalCosponsor>
        <middleName />
        <sponsorshipDate>2017-01-05</sponsorshipDate>
        <firstName>Mike</firstName>
        <party>R</party>
        <identifiers>
          <lisID>2243</lisID>
          <gpoId />
          <bioguideId>B001295</bioguideId>
        </identifiers>
        <district>12</district>
        <sponsorshipWithdrawnDate />
        <fullName>Rep. Bost, Mike [R-IL-12]</fullName>
        <bioguideId>B001295</bioguideId>
        <lastName>Bost</lastName>
        <state>IL</state>
      </item>
      <item>
        <isOriginalCosponsor>True</isOriginalCosponsor>
        <middleName />
        <sponsorshipDate>2017-01-05</sponsorshipDate>
        <firstName>Tom</firstName>
        <party>R</party>
        <identifiers>
          <bioguideId>E000294</bioguideId>
          <lisID>2253</lisID>
          <gpoId />
        </identifiers>
        <district>6</district>
        <sponsorshipWithdrawnDate />
        <fullName>Rep. Emmer, Tom [R-MN-6]</fullName>
        <bioguideId>E000294</bioguideId>
        <lastName>Emmer</lastName>
        <state>MN</state>
      </item>
      <item>
        <isOriginalCosponsor>True</isOriginalCosponsor>
        <middleName>Herrera</middleName>
        <sponsorshipDate>2017-01-05</sponsorshipDate>
        <firstName>Jaime</firstName>
        <party>R</party>
        <identifiers>
          <bioguideId>H001056</bioguideId>
          <lisID>2071</lisID>
          <gpoId>8207</gpoId>
        </identifiers>
        <district>3</district>
        <sponsorshipWithdrawnDate />
        <fullName>Rep. Herrera Beutler, Jaime [R-WA-3]</fullName>
        <bioguideId>H001056</bioguideId>
        <lastName>Beutler</lastName>
        <state>WA</state>
      </item>
      <item>
        <isOriginalCosponsor>True</isOriginalCosponsor>
        <middleName />
        <sponsorshipDate>2017-01-05</sponsorshipDate>
        <firstName>Cathy</firstName>
        <party>R</party>
        <identifiers>
          <bioguideId>M001159</bioguideId>
          <gpoId>8209</gpoId>
          <lisID>1809</lisID>
        </identifiers>
        <district>5</district>
        <sponsorshipWithdrawnDate />
        <fullName>Rep. McMorris Rodgers, Cathy [R-WA-5]</fullName>
        <bioguideId>M001159</bioguideId>
        <lastName>McMorris Rodgers</lastName>
        <state>WA</state>
      </item>
      <item>
        <isOriginalCosponsor>True</isOriginalCosponsor>
        <middleName />
        <sponsorshipDate>2017-01-05</sponsorshipDate>
        <firstName>Bruce</firstName>
        <party>R</party>
        <identifiers>
          <gpoId />
          <bioguideId>W000821</bioguideId>
          <lisID>2224</lisID>
        </identifiers>
        <district>4</district>
        <sponsorshipWithdrawnDate />
        <fullName>Rep. Westerman, Bruce [R-AR-4]</fullName>
        <bioguideId>W000821</bioguideId>
        <lastName>Westerman</lastName>
        <state>AR</state>
      </item>
      <item>
        <isOriginalCosponsor>True</isOriginalCosponsor>
        <middleName />
        <sponsorshipDate>2017-01-05</sponsorshipDate>
        <firstName>ILEANA</firstName>
        <party>R</party>
        <identifiers>
          <bioguideId>R000435</bioguideId>
          <lisID>985</lisID>
          <gpoId>7890</gpoId>
        </identifiers>
        <district>27</district>
        <sponsorshipWithdrawnDate />
        <fullName>Rep. Ros-Lehtinen, Ileana [R-FL-27]</fullName>
        <bioguideId>R000435</bioguideId>
        <lastName>ROS-LEHTINEN</lastName>
        <state>FL</state>
      </item>
      <item>
        <isOriginalCosponsor>False</isOriginalCosponsor>
        <middleName>T.</middleName>
        <sponsorshipDate>2017-01-09</sponsorshipDate>
        <firstName>Daniel</firstName>
        <party>D</party>
        <identifiers>
          <lisID>2134</lisID>
          <bioguideId>K000380</bioguideId>
          <gpoId />
        </identifiers>
        <district>5</district>
        <sponsorshipWithdrawnDate />
        <fullName>Rep. Kildee, Daniel T. [D-MI-5]</fullName>
        <bioguideId>K000380</bioguideId>
        <lastName>Kildee</lastName>
        <state>MI</state>
      </item>
      <item>
        <isOriginalCosponsor>False</isOriginalCosponsor>
        <middleName>G.</middleName>
        <sponsorshipDate>2017-01-09</sponsorshipDate>
        <firstName>ANNA</firstName>
        <party>D</party>
        <identifiers>
          <lisID>355</lisID>
          <gpoId>7819</gpoId>
          <bioguideId>E000215</bioguideId>
        </identifiers>
        <district>18</district>
        <sponsorshipWithdrawnDate />
        <fullName>Rep. Eshoo, Anna G. [D-CA-18]</fullName>
        <bioguideId>E000215</bioguideId>
        <lastName>ESHOO</lastName>
        <state>CA</state>
      </item>
      <item>
        <isOriginalCosponsor>False</isOriginalCosponsor>
        <middleName />
        <sponsorshipDate>2017-01-09</sponsorshipDate>
        <firstName>Will</firstName>
        <party>R</party>
        <identifiers>
          <gpoId />
          <lisID>2269</lisID>
          <bioguideId>H001073</bioguideId>
        </identifiers>
        <district>23</district>
        <sponsorshipWithdrawnDate />
        <fullName>Rep. Hurd, Will [R-TX-23]</fullName>
        <bioguideId>H001073</bioguideId>
        <lastName>Hurd</lastName>
        <state>TX</state>
      </item>
      <item>
        <isOriginalCosponsor>False</isOriginalCosponsor>
        <middleName>M.</middleName>
        <sponsorshipDate>2017-01-09</sponsorshipDate>
        <firstName>Elise</firstName>
        <party>R</party>
        <identifiers>
          <gpoId />
          <bioguideId>S001196</bioguideId>
          <lisID>2263</lisID>
        </identifiers>
        <district>21</district>
        <sponsorshipWithdrawnDate />
        <fullName>Rep. Stefanik, Elise M. [R-NY-21]</fullName>
        <bioguideId>S001196</bioguideId>
        <lastName>Stefanik</lastName>
        <state>NY</state>
      </item>
      <item>
        <isOriginalCosponsor>False</isOriginalCosponsor>
        <middleName />
        <sponsorshipDate>2017-01-09</sponsorshipDate>
        <firstName>Barry</firstName>
        <party>R</party>
        <identifiers>
          <lisID>2238</lisID>
          <bioguideId>L000583</bioguideId>
          <gpoId />
        </identifiers>
        <district>11</district>
        <sponsorshipWithdrawnDate />
        <fullName>Rep. Loudermilk, Barry [R-GA-11]</fullName>
        <bioguideId>L000583</bioguideId>
        <lastName>Loudermilk</lastName>
        <state>GA</state>
      </item>
      <item>
        <isOriginalCosponsor>False</isOriginalCosponsor>
        <middleName />
        <sponsorshipDate>2017-01-09</sponsorshipDate>
        <firstName>Scott</firstName>
        <party>R</party>
        <identifiers>
          <lisID>2351</lisID>
          <gpoId />
          <bioguideId>T000477</bioguideId>
        </identifiers>
        <district>2</district>
        <sponsorshipWithdrawnDate />
        <fullName>Rep. Taylor, Scott [R-VA-2]</fullName>
        <bioguideId>T000477</bioguideId>
        <lastName>Taylor</lastName>
        <state>VA</state>
      </item>
      <item>
        <isOriginalCosponsor>False</isOriginalCosponsor>
        <middleName>B.</middleName>
        <sponsorshipDate>2017-01-09</sponsorshipDate>
        <firstName>David</firstName>
        <party>R</party>
        <identifiers>
          <lisID>2074</lisID>
          <bioguideId>M001180</bioguideId>
          <gpoId>8222</gpoId>
        </identifiers>
        <district>1</district>
        <sponsorshipWithdrawnDate />
        <fullName>Rep. McKinley, David B. [R-WV-1]</fullName>
        <bioguideId>M001180</bioguideId>
        <lastName>McKinley</lastName>
        <state>WV</state>
      </item>
      <item>
        <isOriginalCosponsor>False</isOriginalCosponsor>
        <middleName />
        <sponsorshipDate>2017-01-09</sponsorshipDate>
        <firstName>Colleen</firstName>
        <party>D</party>
        <identifiers>
          <lisID>2010</lisID>
          <bioguideId>H001050</bioguideId>
          <gpoId>7912</gpoId>
        </identifiers>
        <district>1</district>
        <sponsorshipWithdrawnDate />
        <fullName>Rep. Hanabusa, Colleen [D-HI-1]</fullName>
        <bioguideId>H001050</bioguideId>
        <lastName>Hanabusa</lastName>
        <state>HI</state>
      </item>
      <item>
        <isOriginalCosponsor>False</isOriginalCosponsor>
        <middleName />
        <sponsorshipDate>2017-01-09</sponsorshipDate>
        <firstName>David</firstName>
        <party>R</party>
        <identifiers>
          <bioguideId>R000603</bioguideId>
          <lisID>2256</lisID>
          <gpoId />
        </identifiers>
        <district>7</district>
        <sponsorshipWithdrawnDate />
        <fullName>Rep. Rouzer, David [R-NC-7]</fullName>
        <bioguideId>R000603</bioguideId>
        <lastName>Rouzer</lastName>
        <state>NC</state>
      </item>
      <item>
        <isOriginalCosponsor>False</isOriginalCosponsor>
        <middleName>J.</middleName>
        <sponsorshipDate>2017-01-09</sponsorshipDate>
        <firstName>Timothy</firstName>
        <party>D</party>
        <identifiers>
          <bioguideId>W000799</bioguideId>
          <lisID>1856</lisID>
          <gpoId>8001</gpoId>
        </identifiers>
        <district>1</district>
        <sponsorshipWithdrawnDate />
        <fullName>Rep. Walz, Timothy J. [D-MN-1]</fullName>
        <bioguideId>W000799</bioguideId>
        <lastName>Walz</lastName>
        <state>MN</state>
      </item>
      <item>
        <isOriginalCosponsor>False</isOriginalCosponsor>
        <middleName>W.</middleName>
        <sponsorshipDate>2017-01-09</sponsorshipDate>
        <firstName>Charles</firstName>
        <party>R</party>
        <identifiers>
          <bioguideId>D000604</bioguideId>
          <gpoId>8133</gpoId>
          <lisID>1799</lisID>
        </identifiers>
        <district>15</district>
        <sponsorshipWithdrawnDate />
        <fullName>Rep. Dent, Charles W. [R-PA-15]</fullName>
        <bioguideId>D000604</bioguideId>
        <lastName>Dent</lastName>
        <state>PA</state>
      </item>
      <item>
        <isOriginalCosponsor>False</isOriginalCosponsor>
        <middleName>G.</middleName>
        <sponsorshipDate>2017-01-09</sponsorshipDate>
        <firstName>David</firstName>
        <party>R</party>
        <identifiers>
          <lisID>1810</lisID>
          <bioguideId>R000578</bioguideId>
          <gpoId>8212</gpoId>
        </identifiers>
        <district>8</district>
        <sponsorshipWithdrawnDate />
        <fullName>Rep. Reichert, David G. [R-WA-8]</fullName>
        <bioguideId>R000578</bioguideId>
        <lastName>Reichert</lastName>
        <state>WA</state>
      </item>
      <item>
        <isOriginalCosponsor>False</isOriginalCosponsor>
        <middleName>Coleman</middleName>
        <sponsorshipDate>2017-01-09</sponsorshipDate>
        <firstName>Aumua Amata</firstName>
        <party>R</party>
        <identifiers>
          <lisID>2222</lisID>
          <gpoId />
          <bioguideId>R000600</bioguideId>
        </identifiers>
        <district>0</district>
        <sponsorshipWithdrawnDate />
        <fullName>Rep. Radewagen, Aumua Amata Coleman [R-AS-At Large]</fullName>
        <bioguideId>R000600</bioguideId>
        <lastName>Radewagen</lastName>
        <state>AS</state>
      </item>
      <item>
        <isOriginalCosponsor>False</isOriginalCosponsor>
        <middleName />
        <sponsorshipDate>2017-01-09</sponsorshipDate>
        <firstName>Doug</firstName>
        <party>R</party>
        <identifiers>
          <gpoId />
          <bioguideId>C001093</bioguideId>
          <lisID>2121</lisID>
        </identifiers>
        <district>9</district>
        <sponsorshipWithdrawnDate />
        <fullName>Rep. Collins, Doug [R-GA-9]</fullName>
        <bioguideId>C001093</bioguideId>
        <lastName>Collins</lastName>
        <state>GA</state>
      </item>
      <item>
        <isOriginalCosponsor>False</isOriginalCosponsor>
        <middleName />
        <sponsorshipDate>2017-01-09</sponsorshipDate>
        <firstName>Derek</firstName>
        <party>D</party>
        <identifiers>
          <bioguideId>K000381</bioguideId>
          <lisID>2169</lisID>
          <gpoId />
        </identifiers>
        <district>6</district>
        <sponsorshipWithdrawnDate />
        <fullName>Rep. Kilmer, Derek [D-WA-6]</fullName>
        <bioguideId>K000381</bioguideId>
        <lastName>Kilmer</lastName>
        <state>WA</state>
      </item>
      <item>
        <isOriginalCosponsor>False</isOriginalCosponsor>
        <middleName />
        <sponsorshipDate>2017-01-09</sponsorshipDate>
        <firstName>Donald</firstName>
        <party>D</party>
        <identifiers>
          <lisID>2202</lisID>
          <bioguideId>N000188</bioguideId>
          <gpoId />
        </identifiers>
        <district>1</district>
        <sponsorshipWithdrawnDate />
        <fullName>Rep. Norcross, Donald [D-NJ-1]</fullName>
        <bioguideId>N000188</bioguideId>
        <lastName>Norcross</lastName>
        <state>NJ</state>
      </item>
      <item>
        <isOriginalCosponsor>False</isOriginalCosponsor>
        <middleName />
        <sponsorshipDate>2017-01-09</sponsorshipDate>
        <firstName>Rob</firstName>
        <party>R</party>
        <identifiers>
          <bioguideId>W000810</bioguideId>
          <lisID>2008</lisID>
          <gpoId>7904</gpoId>
        </identifiers>
        <district>7</district>
        <sponsorshipWithdrawnDate />
        <fullName>Rep. Woodall, Rob [R-GA-7]</fullName>
        <bioguideId>W000810</bioguideId>
        <lastName>Woodall</lastName>
        <state>GA</state>
      </item>
      <item>
        <isOriginalCosponsor>False</isOriginalCosponsor>
        <middleName>ABNEY</middleName>
        <sponsorshipDate>2017-01-09</sponsorshipDate>
        <firstName>JOHN</firstName>
        <party>R</party>
        <identifiers>
          <bioguideId>C001048</bioguideId>
          <gpoId>8163</gpoId>
          <lisID>1670</lisID>
        </identifiers>
        <district>7</district>
        <sponsorshipWithdrawnDate />
        <fullName>Rep. Culberson, John Abney [R-TX-7]</fullName>
        <bioguideId>C001048</bioguideId>
        <lastName>CULBERSON</lastName>
        <state>TX</state>
      </item>
      <item>
        <isOriginalCosponsor>False</isOriginalCosponsor>
        <middleName />
        <sponsorshipDate>2017-01-09</sponsorshipDate>
        <firstName>Mike</firstName>
        <party>R</party>
        <identifiers>
          <bioguideId>R000575</bioguideId>
          <lisID>1704</lisID>
          <gpoId>7788</gpoId>
        </identifiers>
        <district>3</district>
        <sponsorshipWithdrawnDate />
        <fullName>Rep. Rogers, Mike D. [R-AL-3]</fullName>
        <bioguideId>R000575</bioguideId>
        <lastName>Rogers</lastName>
        <state>AL</state>
      </item>
      <item>
        <isOriginalCosponsor>False</isOriginalCosponsor>
        <middleName />
        <sponsorshipDate>2017-01-09</sponsorshipDate>
        <firstName>ED</firstName>
        <party>R</party>
        <identifiers>
          <bioguideId>R000487</bioguideId>
          <gpoId>7845</gpoId>
          <lisID>998</lisID>
        </identifiers>
        <district>39</district>
        <sponsorshipWithdrawnDate />
        <fullName>Rep. Royce, Edward R. [R-CA-39]</fullName>
        <bioguideId>R000487</bioguideId>
        <lastName>ROYCE</lastName>
        <state>CA</state>
      </item>
      <item>
        <isOriginalCosponsor>False</isOriginalCosponsor>
        <middleName>William</middleName>
        <sponsorshipDate>2017-01-09</sponsorshipDate>
        <firstName>Daniel</firstName>
        <party>D</party>
        <identifiers>
          <bioguideId>L000563</bioguideId>
          <lisID>1781</lisID>
          <gpoId>7923</gpoId>
        </identifiers>
        <district>3</district>
        <sponsorshipWithdrawnDate />
        <fullName>Rep. Lipinski, Daniel [D-IL-3]</fullName>
        <bioguideId>L000563</bioguideId>
        <lastName>Lipinski</lastName>
        <state>IL</state>
      </item>
      <item>
        <isOriginalCosponsor>False</isOriginalCosponsor>
        <middleName>M.</middleName>
        <sponsorshipDate>2017-01-09</sponsorshipDate>
        <firstName>Steven</firstName>
        <party>R</party>
        <identifiers>
          <bioguideId>P000601</bioguideId>
          <lisID>2035</lisID>
          <gpoId>8022</gpoId>
        </identifiers>
        <district>4</district>
        <sponsorshipWithdrawnDate />
        <fullName>Rep. Palazzo, Steven M. [R-MS-4]</fullName>
        <bioguideId>P000601</bioguideId>
        <lastName>Palazzo</lastName>
        <state>MS</state>
      </item>
      <item>
        <isOriginalCosponsor>False</isOriginalCosponsor>
        <middleName />
        <sponsorshipDate>2017-01-09</sponsorshipDate>
        <firstName>Stevan</firstName>
        <party>R</party>
        <identifiers>
          <lisID>1738</lisID>
          <bioguideId>P000588</bioguideId>
          <gpoId>8057</gpoId>
        </identifiers>
        <district>2</district>
        <sponsorshipWithdrawnDate />
        <fullName>Rep. Pearce, Stevan [R-NM-2]</fullName>
        <bioguideId>P000588</bioguideId>
        <lastName>Pearce</lastName>
        <state>NM</state>
      </item>
      <item>
        <isOriginalCosponsor>False</isOriginalCosponsor>
        <middleName>Z.</middleName>
        <sponsorshipDate>2017-01-09</sponsorshipDate>
        <firstName>Madeleine</firstName>
        <party>D</party>
        <identifiers>
          <lisID>1723</lisID>
          <gpoId>7911</gpoId>
          <bioguideId>B001245</bioguideId>
        </identifiers>
        <district>0</district>
        <sponsorshipWithdrawnDate />
        <fullName>Rep. Bordallo, Madeleine Z. [D-GU-At Large]</fullName>
        <bioguideId>B001245</bioguideId>
        <lastName>Bordallo</lastName>
        <state>GU</state>
      </item>
      <item>
        <isOriginalCosponsor>False</isOriginalCosponsor>
        <middleName />
        <sponsorshipDate>2017-01-09</sponsorshipDate>
        <firstName>Mike</firstName>
        <party>R</party>
        <identifiers>
          <bioguideId>C001077</bioguideId>
          <lisID>1912</lisID>
          <gpoId>7864</gpoId>
        </identifiers>
        <district>6</district>
        <sponsorshipWithdrawnDate />
        <fullName>Rep. Coffman, Mike [R-CO-6]</fullName>
        <bioguideId>C001077</bioguideId>
        <lastName>Coffman</lastName>
        <state>CO</state>
      </item>
    </cosponsors>
    <notes />
    <subjects>
      <billSubjects>
        <policyArea>
          <name>Science, Technology, Communications</name>
        </policyArea>
        <legislativeSubjects>
          <item>
            <name>Congressional oversight</name>
          </item>
          <item>
            <name>Elementary and secondary education</name>
          </item>
          <item>
            <name>Science and engineering education</name>
          </item>
          <item>
            <name>Space flight and exploration</name>
          </item>
          <item>
            <name>Women's education</name>
          </item>
          <item>
            <name>Women's employment</name>
          </item>
        </legislativeSubjects>
      </billSubjects>
    </subjects>
    <committees>
      <billCommittees>
        <item>
          <chamber>Senate</chamber>
          <subcommittees />
          <type>Standing</type>
          <activities>
            <item>
              <date>2017-02-01T18:07:09Z</date>
              <name>Reported by</name>
            </item>
            <item>
              <date>2017-01-24T15:00:00Z</date>
              <name>Markup by</name>
            </item>
            <item>
              <date>2017-01-11T18:23:26Z</date>
              <name>Referred to</name>
            </item>
          </activities>
          <systemCode>sscm00</systemCode>
          <name>Commerce, Science, and Transportation Committee</name>
        </item>
        <item>
          <chamber>House</chamber>
          <subcommittees />
          <type>Standing</type>
          <activities>
            <item>
              <date>2017-01-05T15:07:05Z</date>
              <name>Referred to</name>
            </item>
          </activities>
          <systemCode>hssy00</systemCode>
          <name>Science, Space, and Technology Committee</name>
        </item>
      </billCommittees>
    </committees>
    <version>1.0.0</version>
    <recordedVotes />
    <policyArea>
      <name>Science, Technology, Communications</name>
    </policyArea>
    <cboCostEstimates>
      <item>
        <title>H.R. 321, Inspiring the Next Space Pioneers, Innovators, Researchers, and Explorers (INSPIRE) Women Act</title>
        <pubDate>2017-01-31T21:18:00Z</pubDate>
        <url>https://www.cbo.gov/publication/52397</url>
      </item>
    </cboCostEstimates>
    <introducedDate>2017-01-05</introducedDate>
    <title>Inspiring the Next Space Pioneers, Innovators, Researchers, and Explorers (INSPIRE) Women Act</title>
    <amendments />
    <latestAction>
      <text>Became Public Law No: 115-7.</text>
      <links>
        <link>
          <name>Public Law No: 115-7</name>
          <url>https://www.congress.gov/bill/115th-congress/house-bill/321/text/pl</url>
        </link>
      </links>
      <actionDate>2017-02-28</actionDate>
    </latestAction>
    <congress>115</congress>
    <billType>HR</billType>
    <createDate>2017-01-06T04:57:26Z</createDate>
    <sponsors>
      <item>
        <lastName>Comstock</lastName>
        <party>R</party>
        <state>VA</state>
        <bioguideId>C001105</bioguideId>
        <middleName />
        <byRequestType />
        <fullName>Rep. Comstock, Barbara [R-VA-10]</fullName>
        <firstName>Barbara</firstName>
        <district>10</district>
        <identifiers>
          <lisID>2273</lisID>
          <gpoId />
          <bioguideId>C001105</bioguideId>
        </identifiers>
      </item>
    </sponsors>
    <constitutionalAuthorityStatementText><![CDATA[<pre>From the Congressional Record Online through the Government Publishing Office [<a href='http://www.gpo.gov'>www.gpo.gov</a>]By Mrs. COMSTOCK:H.R. 321.Congress has the power to enact this legislation pursuantto the following:Article I, Section 8, Clause 18:The Congress shall have power to make all Laws which shallbe necessary and proper for carrying into Execution theforegoing Powers, and all other Powers vested by thisConstitution in the Government of the United States, or inany Department of Officer thereof.[Page H183]</pre>]]></constitutionalAuthorityStatementText>
    <relatedBills>
      <item>
        <latestTitle>Inspiring the Next Space Pioneers, Innovators, Researchers, and Explorers (INSPIRE) Women Act</latestTitle>
        <number>42</number>
        <latestAction>
          <actionDate>2017-01-05</actionDate>
          <text>Read twice and referred to the Committee on Commerce, Science, and Transportation.</text>
        </latestAction>
        <congress>115</congress>
        <relationshipDetails>
          <item>
            <identifiedBy>CRS</identifiedBy>
            <type>Identical bill</type>
          </item>
        </relationshipDetails>
        <type>S</type>
      </item>
    </relatedBills>
    <laws>
      <item>
        <number>115-7</number>
        <type>Public Law</type>
      </item>
    </laws>
    <titles>
      <item>
        <chamberName>Senate</chamberName>
        <parentTitleType />
        <chamberCode>S</chamberCode>
        <titleType>(Extracted from GPO) Short Titles as Reported to Senate</titleType>
        <title>Inspiring the Next Space Pioneers, Innovators, Researchers, and Explorers (INSPIRE) Women Act</title>
      </item>
      <item>
        <chamberName>House</chamberName>
        <parentTitleType />
        <chamberCode>H</chamberCode>
        <titleType>(Extracted from GPO) Short Titles as Passed House</titleType>
        <title>Inspiring the Next Space Pioneers, Innovators, Researchers, and Explorers (INSPIRE) Women Act</title>
      </item>
      <item>
        <chamberName />
        <parentTitleType />
        <chamberCode />
        <titleType>(Extracted from GPO) Short Titles as Introduced</titleType>
        <title>Inspiring the Next Space Pioneers, Innovators, Researchers, and Explorers (INSPIRE) Women Act</title>
      </item>
      <item>
        <chamberName />
        <parentTitleType>Short Title</parentTitleType>
        <chamberCode />
        <titleType>Short Titles as Enacted</titleType>
        <title>Inspiring the Next Space Pioneers, Innovators, Researchers, and Explorers (INSPIRE) Women Act</title>
      </item>
      <item>
        <chamberName>Senate</chamberName>
        <parentTitleType>Short Titles Senate</parentTitleType>
        <chamberCode>S</chamberCode>
        <titleType>Short Titles as Passed Senate</titleType>
        <title>Inspiring the Next Space Pioneers, Innovators, Researchers, and Explorers (INSPIRE) Women Act</title>
      </item>
      <item>
        <chamberName>House</chamberName>
        <parentTitleType>Short Titles House of Representatives</parentTitleType>
        <chamberCode>H</chamberCode>
        <titleType>Short Titles as Passed House</titleType>
        <title>Inspiring the Next Space Pioneers, Innovators, Researchers, and Explorers (INSPIRE) Women Act</title>
      </item>
      <item>
        <chamberName>Senate</chamberName>
        <parentTitleType>Short Titles Senate</parentTitleType>
        <chamberCode>S</chamberCode>
        <titleType>Short Titles as Reported to Senate</titleType>
        <title>Inspiring the Next Space Pioneers, Innovators, Researchers, and Explorers (INSPIRE) Women Act</title>
      </item>
      <item>
        <chamberName />
        <parentTitleType />
        <chamberCode />
        <titleType>Short Titles as Introduced</titleType>
        <title>Inspiring the Next Space Pioneers, Innovators, Researchers, and Explorers (INSPIRE) Women Act</title>
      </item>
      <item>
        <chamberName />
        <parentTitleType />
        <chamberCode />
        <titleType>Official Title as Introduced</titleType>
        <title>To inspire women to enter the aerospace field, including science, technology, engineering, and mathematics, through mentorship and outreach.</title>
      </item>
      <item>
        <chamberName />
        <parentTitleType />
        <chamberCode />
        <titleType>Display Title</titleType>
        <title>Inspiring the Next Space Pioneers, Innovators, Researchers, and Explorers (INSPIRE) Women Act</title>
      </item>
    </titles>
    <summaries>
      <billSummaries>
        <item>
          <versionCode>00</versionCode>
          <updateDate>2017-01-05T05:00:00Z</updateDate>
          <actionDesc>Introduced in House</actionDesc>
          <lastSummaryUpdateDate>2017-02-01T22:34:53Z</lastSummaryUpdateDate>
          <actionDate>2017-01-05</actionDate>
          <name>Introduced in House</name>
          <text><![CDATA[<p><b>Inspiring the Next Space Pioneers, Innovators, Researchers, and Explorers (INSPIRE) Women Act</b></p> <p>This bill directs the National Aeronautics and Space Administration (NASA) to encourage women and girls to study science, technology, engineering, and mathematics (STEM), pursue careers in aerospace, and further advance the nation's space science and exploration efforts through support of the following initiatives: </p> <ul> <li>NASA GIRLS and NASA BOYS;</li> <li>Aspire to Inspire; and </li> <li>Summer Institute in Science, Technology, Engineering, and Research. </li> </ul> <p>NASA shall submit to Congress a specified plan on how NASA can best facilitate and support both current and retired astronauts, scientists, engineers, and innovators, including early career female astronauts, scientists, engineers, and innovators, to engage with K-12 female STEM students and inspire the next generation of women to consider participating in STEM fields and to pursue careers in aerospace. </p>]]></text>
        </item>
        <item>
          <versionCode>81</versionCode>
          <updateDate>2017-01-10T14:39:02Z</updateDate>
          <actionDesc>Passed House without amendment</actionDesc>
          <lastSummaryUpdateDate>2017-02-01T22:36:16Z</lastSummaryUpdateDate>
          <actionDate>2017-01-10</actionDate>
          <name>Passed House without amendment</name>
          <text><![CDATA[<p>(This measure has not been amended since it was introduced. The summary has been expanded because action occurred on the measure.)</p> <p><b>Inspiring the Next Space Pioneers, Innovators, Researchers, and Explorers (INSPIRE) Women Act</b></p> <p>(Sec. 3) This bill directs the National Aeronautics and Space Administration (NASA) to encourage women and girls to study science, technology, engineering, and mathematics (STEM), pursue careers in aerospace, and further advance the nation's space science and exploration efforts through support of the following initiatives: </p> <ul> <li>NASA GIRLS and NASA BOYS;</li> <li>Aspire to Inspire; and </li> <li>Summer Institute in Science, Technology, Engineering, and Research. </li> </ul> <p>(Sec. 4) NASA shall submit to Congress a specified plan on how NASA can best facilitate and support both current and retired astronauts, scientists, engineers, and innovators, including early career female astronauts, scientists, engineers, and innovators, to engage with K-12 female STEM students and inspire the next generation of women to consider participating in STEM fields and to pursue careers in aerospace. </p>]]></text>
        </item>
        <item>
          <versionCode>80</versionCode>
          <updateDate>2017-02-01T14:35:12Z</updateDate>
          <actionDesc>Reported to Senate without amendment</actionDesc>
          <lastSummaryUpdateDate>2017-03-15T20:00:54Z</lastSummaryUpdateDate>
          <actionDate>2017-02-01</actionDate>
          <name>Reported to Senate without amendment</name>
          <text><![CDATA[<p>(This measure has not been amended since it was introduced. The expanded summary of the House passed version is repeated here.)</p> <p><b>Inspiring the Next Space Pioneers, Innovators, Researchers, and Explorers (INSPIRE) Women Act</b></p> <p>(Sec. 3) This bill directs the National Aeronautics and Space Administration (NASA) to encourage women and girls to study science, technology, engineering, and mathematics (STEM), pursue careers in aerospace, and further advance the nation's space science and exploration efforts through support of the following initiatives: </p> <ul> <li>NASA GIRLS and NASA BOYS;</li> <li>Aspire to Inspire; and </li> <li>Summer Institute in Science, Technology, Engineering, and Research. </li> </ul> <p>(Sec. 4) NASA shall submit to Congress a specified plan on how NASA can best facilitate and support both current and retired astronauts, scientists, engineers, and innovators, including early career female astronauts, scientists, engineers, and innovators, to engage with K-12 female STEM students and inspire the next generation of women to consider participating in STEM fields and to pursue careers in aerospace. </p>]]></text>
        </item>
        <item>
          <versionCode>82</versionCode>
          <updateDate>2017-02-14T14:10:28Z</updateDate>
          <actionDesc>Passed Senate without amendment</actionDesc>
          <lastSummaryUpdateDate>2017-03-15T20:01:05Z</lastSummaryUpdateDate>
          <actionDate>2017-02-14</actionDate>
          <name>Passed Senate without amendment</name>
          <text><![CDATA[<p>(This measure has not been amended since it was introduced. The expanded summary of the House passed version is repeated here.)</p> <p><b>Inspiring the Next Space Pioneers, Innovators, Researchers, and Explorers (INSPIRE) Women Act</b></p> <p>(Sec. 3) This bill directs the National Aeronautics and Space Administration (NASA) to encourage women and girls to study science, technology, engineering, and mathematics (STEM), pursue careers in aerospace, and further advance the nation's space science and exploration efforts through support of the following initiatives: </p> <ul> <li>NASA GIRLS and NASA BOYS;</li> <li>Aspire to Inspire; and </li> <li>Summer Institute in Science, Technology, Engineering, and Research. </li> </ul> <p>(Sec. 4) NASA shall submit to Congress a specified plan on how NASA can best facilitate and support both current and retired astronauts, scientists, engineers, and innovators, including early career female astronauts, scientists, engineers, and innovators, to engage with K-12 female STEM students and inspire the next generation of women to consider participating in STEM fields and to pursue careers in aerospace. </p>]]></text>
        </item>
        <item>
          <versionCode>49</versionCode>
          <updateDate>2017-03-01T04:59:59Z</updateDate>
          <actionDesc>Public Law</actionDesc>
          <lastSummaryUpdateDate>2017-03-15T20:01:13Z</lastSummaryUpdateDate>
          <actionDate>2017-02-28</actionDate>
          <name>Public Law</name>
          <text><![CDATA[<p>(This measure has not been amended since it was introduced. The expanded summary of the House passed version is repeated here.)</p> <p><b>Inspiring the Next Space Pioneers, Innovators, Researchers, and Explorers (INSPIRE) Women Act</b></p> <p>(Sec. 3) This bill directs the National Aeronautics and Space Administration (NASA) to encourage women and girls to study science, technology, engineering, and mathematics (STEM), pursue careers in aerospace, and further advance the nation's space science and exploration efforts through support of the following initiatives: </p> <ul> <li>NASA GIRLS and NASA BOYS;</li> <li>Aspire to Inspire; and </li> <li>Summer Institute in Science, Technology, Engineering, and Research. </li> </ul> <p>(Sec. 4) NASA shall submit to Congress a specified plan on how NASA can best facilitate and support both current and retired astronauts, scientists, engineers, and innovators, including early career female astronauts, scientists, engineers, and innovators, to engage with K-12 female STEM students and inspire the next generation of women to consider participating in STEM fields and to pursue careers in aerospace. </p>]]></text>
        </item>
      </billSummaries>
    </summaries>
  </bill>
  <dublinCore xmlns:dc="http://purl.org/dc/elements/1.1/">
    <dc:format>text/xml</dc:format>
    <dc:language>EN</dc:language>
    <dc:rights>Pursuant to Title 17 Section 105 of the United States Code, this file is not subject to copyright protection and is in the public domain.</dc:rights>
    <dc:contributor>Congressional Research Service, Library of Congress</dc:contributor>
    <dc:description>This file contains bill summaries and statuses for federal legislation. A bill summary describes the most significant provisions of a piece of legislation and details the effects the legislative text may have on current law and federal programs. Bill summaries are authored by the Congressional Research Service (CRS) of the Library of Congress. As stated in Public Law 91-510 (2 USC 166 (d)(6)), one of the duties of CRS is "to prepare summaries and digests of bills and resolutions of a public general nature introduced in the Senate or House of Representatives". For more information, refer to the User Guide that accompanies this file.</dc:description>
  </dublinCore>
</billStatus>

