<?xml version="1.0" encoding="UTF-8"?>
<billStatus>
  <bill>
    <billNumber>548</billNumber>
    <committeeReports />
    <originChamber>House</originChamber>
    <cboCostEstimates />
    <createDate>2017-01-14T04:47:33Z</createDate>
    <titles>
      <item>
        <chamberName />
        <parentTitleType />
        <title>Health Care Safety Net Enhancement Act of 2017</title>
        <chamberCode />
        <titleType>(Extracted from GPO) Short Titles as Introduced</titleType>
      </item>
      <item>
        <chamberName />
        <parentTitleType />
        <title>Health Care Safety Net Enhancement Act of 2017</title>
        <chamberCode />
        <titleType>Short Titles as Introduced</titleType>
      </item>
      <item>
        <chamberName />
        <parentTitleType />
        <title>To improve access to emergency medical services, and for other purposes.</title>
        <chamberCode />
        <titleType>Official Title as Introduced</titleType>
      </item>
      <item>
        <chamberName />
        <parentTitleType />
        <title>Health Care Safety Net Enhancement Act of 2017</title>
        <chamberCode />
        <titleType>Display Title</titleType>
      </item>
    </titles>
    <updateDate>2018-02-22T15:27:28Z</updateDate>
    <notes />
    <subjects>
      <billSubjects>
        <legislativeSubjects>
          <item>
            <name>Civil actions and liability</name>
          </item>
          <item>
            <name>Emergency medical services and trauma care</name>
          </item>
          <item>
            <name>Health care coverage and access</name>
          </item>
          <item>
            <name>Health facilities and institutions</name>
          </item>
          <item>
            <name>Health personnel</name>
          </item>
        </legislativeSubjects>
        <policyArea>
          <name>Health</name>
        </policyArea>
      </billSubjects>
    </subjects>
    <constitutionalAuthorityStatementText><![CDATA[<pre>From the Congressional Record Online through the Government Publishing Office [<a href='http://www.gpo.gov'>www.gpo.gov</a>]By Mr. DENT:H.R. 548.Congress has the power to enact this legislation pursuantto the following:In the power of Congress to provide for the generalwelfare, to regulate commerce, and to make all laws whichshall be necessary and propert for carrying into executiionFederal powers (section 8 article I of the Constitution)[Page H547]</pre>]]></constitutionalAuthorityStatementText>
    <relatedBills>
      <item>
        <latestTitle>Health Care Safety Net Enhancement Act of 2017</latestTitle>
        <type>S</type>
        <latestAction>
          <actionDate>2017-03-02</actionDate>
          <text>Read twice and referred to the Committee on Health, Education, Labor, and Pensions.</text>
        </latestAction>
        <number>527</number>
        <congress>115</congress>
        <relationshipDetails>
          <item>
            <type>Related bill</type>
            <identifiedBy>CRS</identifiedBy>
          </item>
        </relationshipDetails>
      </item>
    </relatedBills>
    <laws />
    <congress>115</congress>
    <calendarNumbers />
    <introducedDate>2017-01-13</introducedDate>
    <policyArea>
      <name>Health</name>
    </policyArea>
    <version>1.0.0</version>
    <billType>HR</billType>
    <committees>
      <billCommittees>
        <item>
          <activities>
            <item>
              <date>2017-01-13T14:05:00Z</date>
              <name>Referred to</name>
            </item>
          </activities>
          <chamber>House</chamber>
          <subcommittees />
          <systemCode>hsif00</systemCode>
          <name>Energy and Commerce Committee</name>
          <type>Standing</type>
        </item>
      </billCommittees>
    </committees>
    <actions>
      <actionByCounts>
        <houseOfRepresentatives>3</houseOfRepresentatives>
      </actionByCounts>
      <item>
        <actionDate>2017-01-13</actionDate>
        <text>Referred to the House Committee on Energy and Commerce.</text>
        <links />
        <actionCode>H11100</actionCode>
        <type>IntroReferral</type>
        <committee>
          <name>Energy and Commerce Committee</name>
          <systemCode>hsif00</systemCode>
        </committee>
        <sourceSystem>
          <name>House floor actions</name>
          <code>2</code>
        </sourceSystem>
      </item>
      <item>
        <actionDate>2017-01-13</actionDate>
        <text>Introduced in House</text>
        <links />
        <actionCode>Intro-H</actionCode>
        <type>IntroReferral</type>
        <committee />
        <sourceSystem>
          <name>Library of Congress</name>
          <code>9</code>
        </sourceSystem>
      </item>
      <item>
        <actionDate>2017-01-13</actionDate>
        <text>Introduced in House</text>
        <links />
        <actionCode>1000</actionCode>
        <type>IntroReferral</type>
        <committee />
        <sourceSystem>
          <name>Library of Congress</name>
          <code>9</code>
        </sourceSystem>
      </item>
      <actionTypeCounts>
        <billReferrals>1</billReferrals>
        <introducedInHouse>1</introducedInHouse>
        <introducedInTheHouse>1</introducedInTheHouse>
      </actionTypeCounts>
    </actions>
    <cosponsors>
      <item>
        <lastName>LANGEVIN</lastName>
        <firstName>JAMES</firstName>
        <fullName>Rep. Langevin, James R. [D-RI-2]</fullName>
        <sponsorshipDate>2017-01-13</sponsorshipDate>
        <isOriginalCosponsor>True</isOriginalCosponsor>
        <bioguideId>L000559</bioguideId>
        <state>RI</state>
        <sponsorshipWithdrawnDate />
        <district>2</district>
        <identifiers>
          <bioguideId>L000559</bioguideId>
          <gpoId>8140</gpoId>
          <lisID>1668</lisID>
        </identifiers>
        <party>D</party>
        <middleName>R.</middleName>
      </item>
      <item>
        <lastName>SESSIONS</lastName>
        <firstName>PETE</firstName>
        <fullName>Rep. Sessions, Pete [R-TX-32]</fullName>
        <sponsorshipDate>2017-01-13</sponsorshipDate>
        <isOriginalCosponsor>True</isOriginalCosponsor>
        <bioguideId>S000250</bioguideId>
        <state>TX</state>
        <sponsorshipWithdrawnDate />
        <district>32</district>
        <identifiers>
          <bioguideId>S000250</bioguideId>
          <gpoId>8188</gpoId>
          <lisID>1525</lisID>
        </identifiers>
        <party>R</party>
        <middleName />
      </item>
      <item>
        <lastName>Kelly</lastName>
        <firstName>Mike</firstName>
        <fullName>Rep. Kelly, Mike [R-PA-3]</fullName>
        <sponsorshipDate>2017-01-13</sponsorshipDate>
        <isOriginalCosponsor>True</isOriginalCosponsor>
        <bioguideId>K000376</bioguideId>
        <state>PA</state>
        <sponsorshipWithdrawnDate />
        <district>3</district>
        <identifiers>
          <gpoId>8708</gpoId>
          <bioguideId>K000376</bioguideId>
          <lisID>2051</lisID>
        </identifiers>
        <party>R</party>
        <middleName />
      </item>
      <item>
        <lastName>Joyce</lastName>
        <firstName>David</firstName>
        <fullName>Rep. Joyce, David P. [R-OH-14]</fullName>
        <sponsorshipDate>2017-01-13</sponsorshipDate>
        <isOriginalCosponsor>True</isOriginalCosponsor>
        <bioguideId>J000295</bioguideId>
        <state>OH</state>
        <sponsorshipWithdrawnDate />
        <district>14</district>
        <identifiers>
          <bioguideId>J000295</bioguideId>
          <lisID>2154</lisID>
          <gpoId />
        </identifiers>
        <party>R</party>
        <middleName>P.</middleName>
      </item>
      <item>
        <lastName>Gosar</lastName>
        <firstName>Paul</firstName>
        <fullName>Rep. Gosar, Paul A. [R-AZ-4]</fullName>
        <sponsorshipDate>2017-01-13</sponsorshipDate>
        <isOriginalCosponsor>True</isOriginalCosponsor>
        <bioguideId>G000565</bioguideId>
        <state>AZ</state>
        <sponsorshipWithdrawnDate />
        <district>4</district>
        <identifiers>
          <bioguideId>G000565</bioguideId>
          <lisID>1992</lisID>
          <gpoId>7798</gpoId>
        </identifiers>
        <party>R</party>
        <middleName>A.</middleName>
      </item>
      <item>
        <lastName>Harper</lastName>
        <firstName>Gregg</firstName>
        <fullName>Rep. Harper, Gregg [R-MS-3]</fullName>
        <sponsorshipDate>2017-01-13</sponsorshipDate>
        <isOriginalCosponsor>True</isOriginalCosponsor>
        <bioguideId>H001045</bioguideId>
        <state>MS</state>
        <sponsorshipWithdrawnDate />
        <district>3</district>
        <identifiers>
          <lisID>1933</lisID>
          <gpoId>8021</gpoId>
          <bioguideId>H001045</bioguideId>
        </identifiers>
        <party>R</party>
        <middleName />
      </item>
      <item>
        <lastName>Marshall</lastName>
        <firstName>Roger</firstName>
        <fullName>Rep. Marshall, Roger W. [R-KS-1]</fullName>
        <sponsorshipDate>2017-01-24</sponsorshipDate>
        <isOriginalCosponsor>False</isOriginalCosponsor>
        <bioguideId>M001198</bioguideId>
        <state>KS</state>
        <sponsorshipWithdrawnDate />
        <district>1</district>
        <identifiers>
          <bioguideId>M001198</bioguideId>
          <lisID>2328</lisID>
          <gpoId />
        </identifiers>
        <party>R</party>
        <middleName>W.</middleName>
      </item>
      <item>
        <lastName>Barr</lastName>
        <firstName>Andy</firstName>
        <fullName>Rep. Barr, Andy [R-KY-6]</fullName>
        <sponsorshipDate>2017-01-24</sponsorshipDate>
        <isOriginalCosponsor>False</isOriginalCosponsor>
        <bioguideId>B001282</bioguideId>
        <state>KY</state>
        <sponsorshipWithdrawnDate />
        <district>6</district>
        <identifiers>
          <bioguideId>B001282</bioguideId>
          <gpoId />
          <lisID>2131</lisID>
        </identifiers>
        <party>R</party>
        <middleName />
      </item>
      <item>
        <lastName>SHIMKUS</lastName>
        <firstName>JOHN</firstName>
        <fullName>Rep. Shimkus, John [R-IL-15]</fullName>
        <sponsorshipDate>2017-02-02</sponsorshipDate>
        <isOriginalCosponsor>False</isOriginalCosponsor>
        <bioguideId>S000364</bioguideId>
        <state>IL</state>
        <sponsorshipWithdrawnDate />
        <district>15</district>
        <identifiers>
          <bioguideId>S000364</bioguideId>
          <lisID>1527</lisID>
          <gpoId>7939</gpoId>
        </identifiers>
        <party>R</party>
        <middleName>M.</middleName>
      </item>
      <item>
        <lastName>Pittenger</lastName>
        <firstName>Robert</firstName>
        <fullName>Rep. Pittenger, Robert [R-NC-9]</fullName>
        <sponsorshipDate>2017-02-14</sponsorshipDate>
        <isOriginalCosponsor>False</isOriginalCosponsor>
        <bioguideId>P000606</bioguideId>
        <state>NC</state>
        <sponsorshipWithdrawnDate />
        <district>9</district>
        <identifiers>
          <bioguideId>P000606</bioguideId>
          <lisID>2141</lisID>
          <gpoId />
        </identifiers>
        <party>R</party>
        <middleName />
      </item>
      <item>
        <lastName>Mullin</lastName>
        <firstName>Markwayne</firstName>
        <fullName>Rep. Mullin, Markwayne [R-OK-2]</fullName>
        <sponsorshipDate>2017-02-14</sponsorshipDate>
        <isOriginalCosponsor>False</isOriginalCosponsor>
        <bioguideId>M001190</bioguideId>
        <state>OK</state>
        <sponsorshipWithdrawnDate />
        <district>2</district>
        <identifiers>
          <bioguideId>M001190</bioguideId>
          <lisID>2156</lisID>
          <gpoId />
        </identifiers>
        <party>R</party>
        <middleName />
      </item>
      <item>
        <lastName>Blackburn</lastName>
        <firstName>Marsha</firstName>
        <fullName>Rep. Blackburn, Marsha [R-TN-7]</fullName>
        <sponsorshipDate>2017-02-14</sponsorshipDate>
        <isOriginalCosponsor>False</isOriginalCosponsor>
        <bioguideId>B001243</bioguideId>
        <state>TN</state>
        <sponsorshipWithdrawnDate />
        <district>7</district>
        <identifiers>
          <bioguideId>B001243</bioguideId>
          <gpoId>8154</gpoId>
          <lisID>1748</lisID>
        </identifiers>
        <party>R</party>
        <middleName />
      </item>
      <item>
        <lastName>Walorski</lastName>
        <firstName>Jackie</firstName>
        <fullName>Rep. Walorski, Jackie [R-IN-2]</fullName>
        <sponsorshipDate>2017-02-16</sponsorshipDate>
        <isOriginalCosponsor>False</isOriginalCosponsor>
        <bioguideId>W000813</bioguideId>
        <state>IN</state>
        <sponsorshipWithdrawnDate />
        <district>2</district>
        <identifiers>
          <bioguideId>W000813</bioguideId>
          <lisID>2128</lisID>
          <gpoId />
        </identifiers>
        <party>R</party>
        <middleName />
      </item>
      <item>
        <lastName>Ruiz</lastName>
        <firstName>Raul</firstName>
        <fullName>Rep. Ruiz, Raul [D-CA-36]</fullName>
        <sponsorshipDate>2017-02-27</sponsorshipDate>
        <isOriginalCosponsor>False</isOriginalCosponsor>
        <bioguideId>R000599</bioguideId>
        <state>CA</state>
        <sponsorshipWithdrawnDate />
        <district>36</district>
        <identifiers>
          <gpoId />
          <bioguideId>R000599</bioguideId>
          <lisID>2109</lisID>
        </identifiers>
        <party>D</party>
        <middleName />
      </item>
      <item>
        <lastName>SENSENBRENNER</lastName>
        <firstName>F.</firstName>
        <fullName>Rep. Sensenbrenner, F. James, Jr. [R-WI-5]</fullName>
        <sponsorshipDate>2017-02-27</sponsorshipDate>
        <isOriginalCosponsor>False</isOriginalCosponsor>
        <bioguideId>S000244</bioguideId>
        <state>WI</state>
        <sponsorshipWithdrawnDate />
        <district>5</district>
        <identifiers>
          <bioguideId>S000244</bioguideId>
          <lisID>1041</lisID>
          <gpoId>8218</gpoId>
        </identifiers>
        <party>R</party>
        <middleName>JAMES</middleName>
      </item>
      <item>
        <lastName>Stefanik</lastName>
        <firstName>Elise</firstName>
        <fullName>Rep. Stefanik, Elise M. [R-NY-21]</fullName>
        <sponsorshipDate>2017-02-28</sponsorshipDate>
        <isOriginalCosponsor>False</isOriginalCosponsor>
        <bioguideId>S001196</bioguideId>
        <state>NY</state>
        <sponsorshipWithdrawnDate />
        <district>21</district>
        <identifiers>
          <bioguideId>S001196</bioguideId>
          <gpoId />
          <lisID>2263</lisID>
        </identifiers>
        <party>R</party>
        <middleName>M.</middleName>
      </item>
      <item>
        <lastName>Wittman</lastName>
        <firstName>Robert</firstName>
        <fullName>Rep. Wittman, Robert J. [R-VA-1]</fullName>
        <sponsorshipDate>2017-02-28</sponsorshipDate>
        <isOriginalCosponsor>False</isOriginalCosponsor>
        <bioguideId>W000804</bioguideId>
        <state>VA</state>
        <sponsorshipWithdrawnDate />
        <district>1</district>
        <identifiers>
          <lisID>1886</lisID>
          <gpoId>8192</gpoId>
          <bioguideId>W000804</bioguideId>
        </identifiers>
        <party>R</party>
        <middleName>J.</middleName>
      </item>
      <item>
        <lastName>Hensarling</lastName>
        <firstName>Jeb</firstName>
        <fullName>Rep. Hensarling, Jeb [R-TX-5]</fullName>
        <sponsorshipDate>2017-03-06</sponsorshipDate>
        <isOriginalCosponsor>False</isOriginalCosponsor>
        <bioguideId>H001036</bioguideId>
        <state>TX</state>
        <sponsorshipWithdrawnDate />
        <district>5</district>
        <identifiers>
          <bioguideId>H001036</bioguideId>
          <gpoId>8161</gpoId>
          <lisID>1749</lisID>
        </identifiers>
        <party>R</party>
        <middleName />
      </item>
      <item>
        <lastName>Fitzpatrick</lastName>
        <firstName>Brian</firstName>
        <fullName>Rep. Fitzpatrick, Brian K. [R-PA-8]</fullName>
        <sponsorshipDate>2017-03-06</sponsorshipDate>
        <isOriginalCosponsor>False</isOriginalCosponsor>
        <bioguideId>F000466</bioguideId>
        <state>PA</state>
        <sponsorshipWithdrawnDate />
        <district>8</district>
        <identifiers>
          <bioguideId>F000466</bioguideId>
          <lisID>2345</lisID>
          <gpoId />
        </identifiers>
        <party>R</party>
        <middleName>K.</middleName>
      </item>
      <item>
        <lastName>Shuster</lastName>
        <firstName>Bill</firstName>
        <fullName>Rep. Shuster, Bill [R-PA-9]</fullName>
        <sponsorshipDate>2017-03-09</sponsorshipDate>
        <isOriginalCosponsor>False</isOriginalCosponsor>
        <bioguideId>S001154</bioguideId>
        <state>PA</state>
        <sponsorshipWithdrawnDate />
        <district>9</district>
        <identifiers>
          <bioguideId>S001154</bioguideId>
          <gpoId>8127</gpoId>
          <lisID>1681</lisID>
        </identifiers>
        <party>R</party>
        <middleName />
      </item>
      <item>
        <lastName>Sanford</lastName>
        <firstName>Mark</firstName>
        <fullName>Rep. Sanford, Mark [R-SC-1]</fullName>
        <sponsorshipDate>2017-03-13</sponsorshipDate>
        <isOriginalCosponsor>False</isOriginalCosponsor>
        <bioguideId>S000051</bioguideId>
        <state>SC</state>
        <sponsorshipWithdrawnDate />
        <district>1</district>
        <identifiers>
          <bioguideId>S000051</bioguideId>
          <lisID>1012</lisID>
          <gpoId />
        </identifiers>
        <party>R</party>
        <middleName />
      </item>
      <item>
        <lastName>Jenkins</lastName>
        <firstName>Evan</firstName>
        <fullName>Rep. Jenkins, Evan H. [R-WV-3]</fullName>
        <sponsorshipDate>2017-03-16</sponsorshipDate>
        <isOriginalCosponsor>False</isOriginalCosponsor>
        <bioguideId>J000297</bioguideId>
        <state>WV</state>
        <sponsorshipWithdrawnDate />
        <district>3</district>
        <identifiers>
          <bioguideId>J000297</bioguideId>
          <lisID>2278</lisID>
          <gpoId />
        </identifiers>
        <party>R</party>
        <middleName>H.</middleName>
      </item>
      <item>
        <lastName>Burgess</lastName>
        <firstName>Michael</firstName>
        <fullName>Rep. Burgess, Michael C. [R-TX-26]</fullName>
        <sponsorshipDate>2017-03-16</sponsorshipDate>
        <isOriginalCosponsor>False</isOriginalCosponsor>
        <bioguideId>B001248</bioguideId>
        <state>TX</state>
        <sponsorshipWithdrawnDate />
        <district>26</district>
        <identifiers>
          <bioguideId>B001248</bioguideId>
          <gpoId>8182</gpoId>
          <lisID>1751</lisID>
        </identifiers>
        <party>R</party>
        <middleName>C.</middleName>
      </item>
      <item>
        <lastName>Bishop</lastName>
        <firstName>Mike</firstName>
        <fullName>Rep. Bishop, Mike [R-MI-8]</fullName>
        <sponsorshipDate>2017-03-16</sponsorshipDate>
        <isOriginalCosponsor>False</isOriginalCosponsor>
        <bioguideId>B001293</bioguideId>
        <state>MI</state>
        <sponsorshipWithdrawnDate />
        <district>8</district>
        <identifiers>
          <gpoId />
          <bioguideId>B001293</bioguideId>
          <lisID>2249</lisID>
        </identifiers>
        <party>R</party>
        <middleName />
      </item>
      <item>
        <lastName>Murphy</lastName>
        <firstName>Tim</firstName>
        <fullName>Rep. Murphy, Tim [R-PA-18]</fullName>
        <sponsorshipDate>2017-03-16</sponsorshipDate>
        <isOriginalCosponsor>False</isOriginalCosponsor>
        <bioguideId>M001151</bioguideId>
        <state>PA</state>
        <sponsorshipWithdrawnDate />
        <district>18</district>
        <identifiers>
          <bioguideId>M001151</bioguideId>
          <gpoId>8723</gpoId>
          <lisID>1744</lisID>
        </identifiers>
        <party>R</party>
        <middleName />
      </item>
      <item>
        <lastName>Poe</lastName>
        <firstName>Ted</firstName>
        <fullName>Rep. Poe, Ted [R-TX-2]</fullName>
        <sponsorshipDate>2017-03-21</sponsorshipDate>
        <isOriginalCosponsor>False</isOriginalCosponsor>
        <bioguideId>P000592</bioguideId>
        <state>TX</state>
        <sponsorshipWithdrawnDate />
        <district>2</district>
        <identifiers>
          <bioguideId>P000592</bioguideId>
          <gpoId>8158</gpoId>
          <lisID>1802</lisID>
        </identifiers>
        <party>R</party>
        <middleName />
      </item>
      <item>
        <lastName>Poliquin</lastName>
        <firstName>Bruce</firstName>
        <fullName>Rep. Poliquin, Bruce [R-ME-2]</fullName>
        <sponsorshipDate>2017-03-22</sponsorshipDate>
        <isOriginalCosponsor>False</isOriginalCosponsor>
        <bioguideId>P000611</bioguideId>
        <state>ME</state>
        <sponsorshipWithdrawnDate />
        <district>2</district>
        <identifiers>
          <bioguideId>P000611</bioguideId>
          <lisID>2247</lisID>
          <gpoId />
        </identifiers>
        <party>R</party>
        <middleName />
      </item>
      <item>
        <lastName>Tipton</lastName>
        <firstName>Scott</firstName>
        <fullName>Rep. Tipton, Scott  R. [R-CO-3]</fullName>
        <sponsorshipDate>2017-03-28</sponsorshipDate>
        <isOriginalCosponsor>False</isOriginalCosponsor>
        <bioguideId>T000470</bioguideId>
        <state>CO</state>
        <sponsorshipWithdrawnDate />
        <district>3</district>
        <identifiers>
          <gpoId>7861</gpoId>
          <bioguideId>T000470</bioguideId>
          <lisID>1997</lisID>
        </identifiers>
        <party>R</party>
        <middleName>R.</middleName>
      </item>
      <item>
        <lastName>McKinley</lastName>
        <firstName>David</firstName>
        <fullName>Rep. McKinley, David B. [R-WV-1]</fullName>
        <sponsorshipDate>2017-03-30</sponsorshipDate>
        <isOriginalCosponsor>False</isOriginalCosponsor>
        <bioguideId>M001180</bioguideId>
        <state>WV</state>
        <sponsorshipWithdrawnDate />
        <district>1</district>
        <identifiers>
          <bioguideId>M001180</bioguideId>
          <lisID>2074</lisID>
          <gpoId>8222</gpoId>
        </identifiers>
        <party>R</party>
        <middleName>B.</middleName>
      </item>
      <item>
        <lastName>Johnson</lastName>
        <firstName>Bill</firstName>
        <fullName>Rep. Johnson, Bill [R-OH-6]</fullName>
        <sponsorshipDate>2017-04-24</sponsorshipDate>
        <isOriginalCosponsor>False</isOriginalCosponsor>
        <bioguideId>J000292</bioguideId>
        <state>OH</state>
        <sponsorshipWithdrawnDate />
        <district>6</district>
        <identifiers>
          <bioguideId>J000292</bioguideId>
          <gpoId>8096</gpoId>
          <lisID>2046</lisID>
        </identifiers>
        <party>R</party>
        <middleName />
      </item>
      <item>
        <lastName>Marchant</lastName>
        <firstName>Kenny</firstName>
        <fullName>Rep. Marchant, Kenny [R-TX-24]</fullName>
        <sponsorshipDate>2017-05-03</sponsorshipDate>
        <isOriginalCosponsor>False</isOriginalCosponsor>
        <bioguideId>M001158</bioguideId>
        <state>TX</state>
        <sponsorshipWithdrawnDate />
        <district>24</district>
        <identifiers>
          <lisID>1806</lisID>
          <gpoId>8766</gpoId>
          <bioguideId>M001158</bioguideId>
        </identifiers>
        <party>R</party>
        <middleName />
      </item>
      <item>
        <lastName>Bilirakis</lastName>
        <firstName>Gus</firstName>
        <fullName>Rep. Bilirakis, Gus M. [R-FL-12]</fullName>
        <sponsorshipDate>2017-05-03</sponsorshipDate>
        <isOriginalCosponsor>False</isOriginalCosponsor>
        <bioguideId>B001257</bioguideId>
        <state>FL</state>
        <sponsorshipWithdrawnDate />
        <district>12</district>
        <identifiers>
          <gpoId>7881</gpoId>
          <bioguideId>B001257</bioguideId>
          <lisID>1838</lisID>
        </identifiers>
        <party>R</party>
        <middleName>M.</middleName>
      </item>
      <item>
        <lastName>Wenstrup</lastName>
        <firstName>Brad</firstName>
        <fullName>Rep. Wenstrup, Brad R. [R-OH-2]</fullName>
        <sponsorshipDate>2017-05-16</sponsorshipDate>
        <isOriginalCosponsor>False</isOriginalCosponsor>
        <bioguideId>W000815</bioguideId>
        <state>OH</state>
        <sponsorshipWithdrawnDate />
        <district>2</district>
        <identifiers>
          <bioguideId>W000815</bioguideId>
          <gpoId />
          <lisID>2152</lisID>
        </identifiers>
        <party>R</party>
        <middleName>R.</middleName>
      </item>
      <item>
        <lastName>Smucker</lastName>
        <firstName>Lloyd</firstName>
        <fullName>Rep. Smucker, Lloyd [R-PA-16]</fullName>
        <sponsorshipDate>2017-05-24</sponsorshipDate>
        <isOriginalCosponsor>False</isOriginalCosponsor>
        <bioguideId>S001199</bioguideId>
        <state>PA</state>
        <sponsorshipWithdrawnDate />
        <district>16</district>
        <identifiers>
          <lisID>2346</lisID>
          <gpoId />
          <bioguideId>S001199</bioguideId>
        </identifiers>
        <party>R</party>
        <middleName />
      </item>
      <item>
        <lastName>Ruppersberger</lastName>
        <firstName>C. A.</firstName>
        <fullName>Rep. Ruppersberger, C. A. Dutch [D-MD-2]</fullName>
        <sponsorshipDate>2017-06-02</sponsorshipDate>
        <isOriginalCosponsor>False</isOriginalCosponsor>
        <bioguideId>R000576</bioguideId>
        <state>MD</state>
        <sponsorshipWithdrawnDate />
        <district>2</district>
        <identifiers>
          <bioguideId>R000576</bioguideId>
          <lisID>1728</lisID>
          <gpoId>7977</gpoId>
        </identifiers>
        <party>D</party>
        <middleName>Dutch</middleName>
      </item>
      <item>
        <lastName>Mooney</lastName>
        <firstName>Alexander</firstName>
        <fullName>Rep. Mooney, Alexander X. [R-WV-2]</fullName>
        <sponsorshipDate>2017-06-22</sponsorshipDate>
        <isOriginalCosponsor>False</isOriginalCosponsor>
        <bioguideId>M001195</bioguideId>
        <state>WV</state>
        <sponsorshipWithdrawnDate />
        <district>2</district>
        <identifiers>
          <bioguideId>M001195</bioguideId>
          <gpoId />
          <lisID>2277</lisID>
        </identifiers>
        <party>R</party>
        <middleName>X.</middleName>
      </item>
      <item>
        <lastName>Babin</lastName>
        <firstName>Brian</firstName>
        <fullName>Rep. Babin, Brian [R-TX-36]</fullName>
        <sponsorshipDate>2017-07-18</sponsorshipDate>
        <isOriginalCosponsor>False</isOriginalCosponsor>
        <bioguideId>B001291</bioguideId>
        <state>TX</state>
        <sponsorshipWithdrawnDate />
        <district>36</district>
        <identifiers>
          <bioguideId>B001291</bioguideId>
          <gpoId />
          <lisID>2270</lisID>
        </identifiers>
        <party>R</party>
        <middleName />
      </item>
      <item>
        <lastName>Dunn</lastName>
        <firstName>Neal</firstName>
        <fullName>Rep. Dunn, Neal P. [R-FL-2]</fullName>
        <sponsorshipDate>2017-07-24</sponsorshipDate>
        <isOriginalCosponsor>False</isOriginalCosponsor>
        <bioguideId>D000628</bioguideId>
        <state>FL</state>
        <sponsorshipWithdrawnDate />
        <district>2</district>
        <identifiers>
          <bioguideId>D000628</bioguideId>
          <lisID>2315</lisID>
          <gpoId />
        </identifiers>
        <party>R</party>
        <middleName>P.</middleName>
      </item>
      <item>
        <lastName>Flores</lastName>
        <firstName>Bill</firstName>
        <fullName>Rep. Flores, Bill [R-TX-17]</fullName>
        <sponsorshipDate>2017-07-24</sponsorshipDate>
        <isOriginalCosponsor>False</isOriginalCosponsor>
        <bioguideId>F000461</bioguideId>
        <state>TX</state>
        <sponsorshipWithdrawnDate />
        <district>17</district>
        <identifiers>
          <bioguideId>F000461</bioguideId>
          <lisID>2065</lisID>
          <gpoId>8173</gpoId>
        </identifiers>
        <party>R</party>
        <middleName />
      </item>
      <item>
        <lastName>Donovan</lastName>
        <firstName>Daniel</firstName>
        <fullName>Rep. Donovan, Daniel M., Jr. [R-NY-11]</fullName>
        <sponsorshipDate>2017-09-05</sponsorshipDate>
        <isOriginalCosponsor>False</isOriginalCosponsor>
        <bioguideId>D000625</bioguideId>
        <state>NY</state>
        <sponsorshipWithdrawnDate />
        <district>11</district>
        <identifiers>
          <bioguideId>D000625</bioguideId>
          <lisID>2293</lisID>
          <gpoId />
        </identifiers>
        <party>R</party>
        <middleName>M.</middleName>
      </item>
      <item>
        <lastName>Stivers</lastName>
        <firstName>Steve</firstName>
        <fullName>Rep. Stivers, Steve [R-OH-15]</fullName>
        <sponsorshipDate>2017-09-07</sponsorshipDate>
        <isOriginalCosponsor>False</isOriginalCosponsor>
        <bioguideId>S001187</bioguideId>
        <state>OH</state>
        <sponsorshipWithdrawnDate />
        <district>15</district>
        <identifiers>
          <bioguideId>S001187</bioguideId>
          <gpoId>8105</gpoId>
          <lisID>2047</lisID>
        </identifiers>
        <party>R</party>
        <middleName />
      </item>
      <item>
        <lastName>GRAVES</lastName>
        <firstName>SAM</firstName>
        <fullName>Rep. Graves, Sam [R-MO-6]</fullName>
        <sponsorshipDate>2017-09-08</sponsorshipDate>
        <isOriginalCosponsor>False</isOriginalCosponsor>
        <bioguideId>G000546</bioguideId>
        <state>MO</state>
        <sponsorshipWithdrawnDate />
        <district>6</district>
        <identifiers>
          <bioguideId>G000546</bioguideId>
          <gpoId>8014</gpoId>
          <lisID>1656</lisID>
        </identifiers>
        <party>R</party>
        <middleName />
      </item>
      <item>
        <lastName>Krishnamoorthi</lastName>
        <firstName>Raja</firstName>
        <fullName>Rep. Krishnamoorthi, Raja [D-IL-8]</fullName>
        <sponsorshipDate>2017-09-12</sponsorshipDate>
        <isOriginalCosponsor>False</isOriginalCosponsor>
        <bioguideId>K000391</bioguideId>
        <state>IL</state>
        <sponsorshipWithdrawnDate />
        <district>8</district>
        <identifiers>
          <bioguideId>K000391</bioguideId>
          <lisID>2325</lisID>
          <gpoId />
        </identifiers>
        <party>D</party>
        <middleName />
      </item>
      <item>
        <lastName>Rice</lastName>
        <firstName>Kathleen</firstName>
        <fullName>Rep. Rice, Kathleen M. [D-NY-4]</fullName>
        <sponsorshipDate>2017-09-25</sponsorshipDate>
        <isOriginalCosponsor>False</isOriginalCosponsor>
        <bioguideId>R000602</bioguideId>
        <state>NY</state>
        <sponsorshipWithdrawnDate />
        <district>4</district>
        <identifiers>
          <bioguideId>R000602</bioguideId>
          <lisID>2262</lisID>
          <gpoId />
        </identifiers>
        <party>D</party>
        <middleName>M.</middleName>
      </item>
      <item>
        <lastName>Lance</lastName>
        <firstName>Leonard</firstName>
        <fullName>Rep. Lance, Leonard [R-NJ-7]</fullName>
        <sponsorshipDate>2017-10-19</sponsorshipDate>
        <isOriginalCosponsor>False</isOriginalCosponsor>
        <bioguideId>L000567</bioguideId>
        <state>NJ</state>
        <sponsorshipWithdrawnDate />
        <district>7</district>
        <identifiers>
          <bioguideId>L000567</bioguideId>
          <gpoId>8049</gpoId>
          <lisID>1936</lisID>
        </identifiers>
        <party>R</party>
        <middleName />
      </item>
      <item>
        <lastName>Costello</lastName>
        <firstName>Ryan</firstName>
        <fullName>Rep. Costello, Ryan A. [R-PA-6]</fullName>
        <sponsorshipDate>2017-10-19</sponsorshipDate>
        <isOriginalCosponsor>False</isOriginalCosponsor>
        <bioguideId>C001106</bioguideId>
        <state>PA</state>
        <sponsorshipWithdrawnDate />
        <district>6</district>
        <identifiers>
          <bioguideId>C001106</bioguideId>
          <gpoId />
          <lisID>2266</lisID>
        </identifiers>
        <party>R</party>
        <middleName>A.</middleName>
      </item>
      <item>
        <lastName>Olson</lastName>
        <firstName>Pete</firstName>
        <fullName>Rep. Olson, Pete [R-TX-22]</fullName>
        <sponsorshipDate>2017-10-27</sponsorshipDate>
        <isOriginalCosponsor>False</isOriginalCosponsor>
        <bioguideId>O000168</bioguideId>
        <state>TX</state>
        <sponsorshipWithdrawnDate />
        <district>22</district>
        <identifiers>
          <bioguideId>O000168</bioguideId>
          <gpoId>8178</gpoId>
          <lisID>1955</lisID>
        </identifiers>
        <party>R</party>
        <middleName />
      </item>
      <item>
        <lastName>Farenthold</lastName>
        <firstName>Blake</firstName>
        <fullName>Rep. Farenthold, Blake [R-TX-27]</fullName>
        <sponsorshipDate>2017-11-01</sponsorshipDate>
        <isOriginalCosponsor>False</isOriginalCosponsor>
        <bioguideId>F000460</bioguideId>
        <state>TX</state>
        <sponsorshipWithdrawnDate />
        <district>27</district>
        <identifiers>
          <gpoId>8183</gpoId>
          <bioguideId>F000460</bioguideId>
          <lisID>2067</lisID>
        </identifiers>
        <party>R</party>
        <middleName />
      </item>
      <item>
        <lastName>DesJarlais</lastName>
        <firstName>Scott</firstName>
        <fullName>Rep. DesJarlais, Scott [R-TN-4]</fullName>
        <sponsorshipDate>2017-11-02</sponsorshipDate>
        <isOriginalCosponsor>False</isOriginalCosponsor>
        <bioguideId>D000616</bioguideId>
        <state>TN</state>
        <sponsorshipWithdrawnDate />
        <district>4</district>
        <identifiers>
          <bioguideId>D000616</bioguideId>
          <lisID>2062</lisID>
          <gpoId>8151</gpoId>
        </identifiers>
        <party>R</party>
        <middleName />
      </item>
      <item>
        <lastName>Turner</lastName>
        <firstName>Michael</firstName>
        <fullName>Rep. Turner, Michael R. [R-OH-10]</fullName>
        <sponsorshipDate>2017-11-03</sponsorshipDate>
        <isOriginalCosponsor>False</isOriginalCosponsor>
        <bioguideId>T000463</bioguideId>
        <state>OH</state>
        <sponsorshipWithdrawnDate />
        <district>10</district>
        <identifiers>
          <bioguideId>T000463</bioguideId>
          <gpoId>8093</gpoId>
          <lisID>1741</lisID>
        </identifiers>
        <party>R</party>
        <middleName>R.</middleName>
      </item>
      <item>
        <lastName>Collins</lastName>
        <firstName>Chris</firstName>
        <fullName>Rep. Collins, Chris [R-NY-27]</fullName>
        <sponsorshipDate>2017-11-15</sponsorshipDate>
        <isOriginalCosponsor>False</isOriginalCosponsor>
        <bioguideId>C001092</bioguideId>
        <state>NY</state>
        <sponsorshipWithdrawnDate />
        <district>27</district>
        <identifiers>
          <bioguideId>C001092</bioguideId>
          <lisID>2151</lisID>
          <gpoId />
        </identifiers>
        <party>R</party>
        <middleName />
      </item>
      <item>
        <lastName>Gallagher</lastName>
        <firstName>Mike</firstName>
        <fullName>Rep. Gallagher, Mike [R-WI-8]</fullName>
        <sponsorshipDate>2017-11-15</sponsorshipDate>
        <isOriginalCosponsor>False</isOriginalCosponsor>
        <bioguideId>G000579</bioguideId>
        <state>WI</state>
        <sponsorshipWithdrawnDate />
        <district>8</district>
        <identifiers>
          <bioguideId>G000579</bioguideId>
          <gpoId />
          <lisID>2355</lisID>
        </identifiers>
        <party>R</party>
        <middleName />
      </item>
      <item>
        <lastName>Rothfus</lastName>
        <firstName>Keith</firstName>
        <fullName>Rep. Rothfus, Keith J. [R-PA-12]</fullName>
        <sponsorshipDate>2017-11-16</sponsorshipDate>
        <isOriginalCosponsor>False</isOriginalCosponsor>
        <bioguideId>R000598</bioguideId>
        <state>PA</state>
        <sponsorshipWithdrawnDate />
        <district>12</district>
        <identifiers>
          <bioguideId>R000598</bioguideId>
          <lisID>2158</lisID>
          <gpoId />
        </identifiers>
        <party>R</party>
        <middleName>J.</middleName>
      </item>
      <item>
        <lastName>Amodei</lastName>
        <firstName>Mark</firstName>
        <fullName>Rep. Amodei, Mark E. [R-NV-2]</fullName>
        <sponsorshipDate>2017-12-06</sponsorshipDate>
        <isOriginalCosponsor>False</isOriginalCosponsor>
        <bioguideId>A000369</bioguideId>
        <state>NV</state>
        <sponsorshipWithdrawnDate />
        <district>2</district>
        <identifiers>
          <gpoId>8366</gpoId>
          <bioguideId>A000369</bioguideId>
          <lisID>2090</lisID>
        </identifiers>
        <party>R</party>
        <middleName>E.</middleName>
      </item>
      <item>
        <lastName>Ross</lastName>
        <firstName>Dennis</firstName>
        <fullName>Rep. Ross, Dennis A. [R-FL-15]</fullName>
        <sponsorshipDate>2017-12-11</sponsorshipDate>
        <isOriginalCosponsor>False</isOriginalCosponsor>
        <bioguideId>R000593</bioguideId>
        <state>FL</state>
        <sponsorshipWithdrawnDate />
        <district>15</district>
        <identifiers>
          <bioguideId>R000593</bioguideId>
          <lisID>2003</lisID>
          <gpoId>7884</gpoId>
        </identifiers>
        <party>R</party>
        <middleName>A.</middleName>
      </item>
      <item>
        <lastName>McSally</lastName>
        <firstName>Martha</firstName>
        <fullName>Rep. McSally, Martha [R-AZ-2]</fullName>
        <sponsorshipDate>2017-12-12</sponsorshipDate>
        <isOriginalCosponsor>False</isOriginalCosponsor>
        <bioguideId>M001197</bioguideId>
        <state>AZ</state>
        <sponsorshipWithdrawnDate />
        <district>2</district>
        <identifiers>
          <bioguideId>M001197</bioguideId>
          <lisID>2225</lisID>
          <gpoId />
        </identifiers>
        <party>R</party>
        <middleName />
      </item>
      <item>
        <lastName>Thompson</lastName>
        <firstName>Glenn</firstName>
        <fullName>Rep. Thompson, Glenn [R-PA-5]</fullName>
        <sponsorshipDate>2017-12-19</sponsorshipDate>
        <isOriginalCosponsor>False</isOriginalCosponsor>
        <bioguideId>T000467</bioguideId>
        <state>PA</state>
        <sponsorshipWithdrawnDate />
        <district>5</district>
        <identifiers>
          <bioguideId>T000467</bioguideId>
          <gpoId>8123</gpoId>
          <lisID>1952</lisID>
        </identifiers>
        <party>R</party>
        <middleName />
      </item>
      <item>
        <lastName>Marino</lastName>
        <firstName>Tom</firstName>
        <fullName>Rep. Marino, Tom [R-PA-10]</fullName>
        <sponsorshipDate>2017-12-21</sponsorshipDate>
        <isOriginalCosponsor>False</isOriginalCosponsor>
        <bioguideId>M001179</bioguideId>
        <state>PA</state>
        <sponsorshipWithdrawnDate />
        <district>10</district>
        <identifiers>
          <bioguideId>M001179</bioguideId>
          <gpoId>8128</gpoId>
          <lisID>2053</lisID>
        </identifiers>
        <party>R</party>
        <middleName />
      </item>
      <item>
        <lastName>Smith</lastName>
        <firstName>Jason</firstName>
        <fullName>Rep. Smith, Jason [R-MO-8]</fullName>
        <sponsorshipDate>2018-01-08</sponsorshipDate>
        <isOriginalCosponsor>False</isOriginalCosponsor>
        <bioguideId>S001195</bioguideId>
        <state>MO</state>
        <sponsorshipWithdrawnDate />
        <district>8</district>
        <identifiers>
          <gpoId />
          <bioguideId>S001195</bioguideId>
          <lisID>2191</lisID>
        </identifiers>
        <party>R</party>
        <middleName />
      </item>
    </cosponsors>
    <recordedVotes />
    <amendments />
    <summaries>
      <billSummaries>
        <item>
          <actionDesc>Introduced in House</actionDesc>
          <updateDate>2017-01-13T05:00:00Z</updateDate>
          <name>Introduced in House</name>
          <lastSummaryUpdateDate>2017-02-01T16:40:42Z</lastSummaryUpdateDate>
          <actionDate>2017-01-13</actionDate>
          <text><![CDATA[<p><b>Health Care Safety Net Enhancement Act of 2017</b></p> <p>This bill amends the Public Health Service Act to deem a hospital or an emergency department and a physician or physician group of a hospital or emergency department to be an employee of the Public Health Service with liability protection provided by the United States for purposes of any civil action that may arise due to providing emergency or post-stabilization services on or after January 1, 2016.</p>]]></text>
          <versionCode>00</versionCode>
        </item>
      </billSummaries>
    </summaries>
    <title>Health Care Safety Net Enhancement Act of 2017</title>
    <latestAction>
      <actionDate>2017-01-13</actionDate>
      <text>Referred to the House Committee on Energy and Commerce.</text>
      <links />
    </latestAction>
    <sponsors>
      <item>
        <byRequestType />
        <party>R</party>
        <middleName>W.</middleName>
        <lastName>Dent</lastName>
        <district>15</district>
        <bioguideId>D000604</bioguideId>
        <fullName>Rep. Dent, Charles W. [R-PA-15]</fullName>
        <firstName>Charles</firstName>
        <identifiers>
          <bioguideId>D000604</bioguideId>
          <lisID>1799</lisID>
          <gpoId>8133</gpoId>
        </identifiers>
        <state>PA</state>
      </item>
    </sponsors>
  </bill>
  <dublinCore xmlns:dc="http://purl.org/dc/elements/1.1/">
    <dc:format>text/xml</dc:format>
    <dc:language>EN</dc:language>
    <dc:rights>Pursuant to Title 17 Section 105 of the United States Code, this file is not subject to copyright protection and is in the public domain.</dc:rights>
    <dc:contributor>Congressional Research Service, Library of Congress</dc:contributor>
    <dc:description>This file contains bill summaries and statuses for federal legislation. A bill summary describes the most significant provisions of a piece of legislation and details the effects the legislative text may have on current law and federal programs. Bill summaries are authored by the Congressional Research Service (CRS) of the Library of Congress. As stated in Public Law 91-510 (2 USC 166 (d)(6)), one of the duties of CRS is "to prepare summaries and digests of bills and resolutions of a public general nature introduced in the Senate or House of Representatives". For more information, refer to the User Guide that accompanies this file.</dc:description>
  </dublinCore>
</billStatus>

