<?xml version="1.0" encoding="UTF-8"?>
<billStatus>
  <bill>
    <sponsors>
      <item>
        <fullName>Rep. Collins, Doug [R-GA-9]</fullName>
        <lastName>Collins</lastName>
        <bioguideId>C001093</bioguideId>
        <party>R</party>
        <middleName />
        <state>GA</state>
        <firstName>Doug</firstName>
        <district>9</district>
        <byRequestType />
        <identifiers>
          <bioguideId>C001093</bioguideId>
          <lisID>2121</lisID>
          <gpoId />
        </identifiers>
      </item>
    </sponsors>
    <laws />
    <version>1.0.0</version>
    <introducedDate>2017-02-02</introducedDate>
    <cboCostEstimates />
    <titles>
      <item>
        <chamberName />
        <parentTitleType />
        <chamberCode />
        <titleType>(Extracted from GPO) Short Titles as Introduced</titleType>
        <title>Tax Credit Accountability Act of 2017</title>
      </item>
      <item>
        <chamberName />
        <parentTitleType />
        <chamberCode />
        <titleType>Short Titles as Introduced</titleType>
        <title>Tax Credit Accountability Act of 2017</title>
      </item>
      <item>
        <chamberName />
        <parentTitleType />
        <chamberCode />
        <titleType>Official Title as Introduced</titleType>
        <title>To amend the Internal Revenue Code of 1986 to prohibit aliens in an unlawful immigration status from claiming the earned income tax credit.</title>
      </item>
      <item>
        <chamberName />
        <parentTitleType />
        <chamberCode />
        <titleType>Display Title</titleType>
        <title>Tax Credit Accountability Act of 2017</title>
      </item>
    </titles>
    <amendments />
    <recordedVotes />
    <relatedBills />
    <constitutionalAuthorityStatementText><![CDATA[<pre>From the Congressional Record Online through the Government Publishing Office [<a href='http://www.gpo.gov'>www.gpo.gov</a>]By Mr. COLLINS of Georgia:H.R. 819.Congress has the power to enact this legislation pursuantto the following:Article I, Section 8, Clause 1 and Clause 3 of theConstitution[Page H945]</pre>]]></constitutionalAuthorityStatementText>
    <billType>HR</billType>
    <actions>
      <actionTypeCounts>
        <introducedInTheHouse>1</introducedInTheHouse>
        <introducedInHouse>1</introducedInHouse>
        <billReferrals>1</billReferrals>
      </actionTypeCounts>
      <item>
        <text>Referred to the House Committee on Ways and Means.</text>
        <links />
        <actionDate>2017-02-02</actionDate>
        <committee>
          <systemCode>hswm00</systemCode>
          <name>Ways and Means Committee</name>
        </committee>
        <sourceSystem>
          <name>House floor actions</name>
          <code>2</code>
        </sourceSystem>
        <type>IntroReferral</type>
        <actionCode>H11100</actionCode>
      </item>
      <item>
        <text>Introduced in House</text>
        <links />
        <actionDate>2017-02-02</actionDate>
        <committee />
        <sourceSystem>
          <name>Library of Congress</name>
          <code>9</code>
        </sourceSystem>
        <type>IntroReferral</type>
        <actionCode>Intro-H</actionCode>
      </item>
      <item>
        <text>Introduced in House</text>
        <links />
        <actionDate>2017-02-02</actionDate>
        <committee />
        <sourceSystem>
          <name>Library of Congress</name>
          <code>9</code>
        </sourceSystem>
        <type>IntroReferral</type>
        <actionCode>1000</actionCode>
      </item>
      <actionByCounts>
        <houseOfRepresentatives>3</houseOfRepresentatives>
      </actionByCounts>
    </actions>
    <notes />
    <originChamber>House</originChamber>
    <congress>115</congress>
    <subjects>
      <billSubjects>
        <policyArea>
          <name>Taxation</name>
        </policyArea>
        <legislativeSubjects>
          <item>
            <name>Border security and unlawful immigration</name>
          </item>
          <item>
            <name>Immigration status and procedures</name>
          </item>
          <item>
            <name>Income tax credits</name>
          </item>
          <item>
            <name>Poverty and welfare assistance</name>
          </item>
          <item>
            <name>Wages and earnings</name>
          </item>
        </legislativeSubjects>
      </billSubjects>
    </subjects>
    <billNumber>819</billNumber>
    <cosponsors>
      <item>
        <lastName>Gohmert</lastName>
        <sponsorshipDate>2017-02-02</sponsorshipDate>
        <bioguideId>G000552</bioguideId>
        <middleName />
        <identifiers>
          <lisID>1801</lisID>
          <gpoId>8157</gpoId>
          <bioguideId>G000552</bioguideId>
        </identifiers>
        <district>1</district>
        <party>R</party>
        <state>TX</state>
        <firstName>Louie</firstName>
        <sponsorshipWithdrawnDate />
        <isOriginalCosponsor>True</isOriginalCosponsor>
        <fullName>Rep. Gohmert, Louie [R-TX-1]</fullName>
      </item>
      <item>
        <lastName>Carter</lastName>
        <sponsorshipDate>2017-02-02</sponsorshipDate>
        <bioguideId>C001103</bioguideId>
        <middleName>L. "Buddy"</middleName>
        <identifiers>
          <lisID>2236</lisID>
          <gpoId />
          <bioguideId>C001103</bioguideId>
        </identifiers>
        <district>1</district>
        <party>R</party>
        <state>GA</state>
        <firstName>Earl</firstName>
        <sponsorshipWithdrawnDate />
        <isOriginalCosponsor>True</isOriginalCosponsor>
        <fullName>Rep. Carter, Earl L. "Buddy" [R-GA-1]</fullName>
      </item>
      <item>
        <lastName>Farenthold</lastName>
        <sponsorshipDate>2017-02-02</sponsorshipDate>
        <bioguideId>F000460</bioguideId>
        <middleName />
        <identifiers>
          <bioguideId>F000460</bioguideId>
          <lisID>2067</lisID>
          <gpoId>8183</gpoId>
        </identifiers>
        <district>27</district>
        <party>R</party>
        <state>TX</state>
        <firstName>Blake</firstName>
        <sponsorshipWithdrawnDate />
        <isOriginalCosponsor>True</isOriginalCosponsor>
        <fullName>Rep. Farenthold, Blake [R-TX-27]</fullName>
      </item>
      <item>
        <lastName>Hice</lastName>
        <sponsorshipDate>2017-02-02</sponsorshipDate>
        <bioguideId>H001071</bioguideId>
        <middleName>B.</middleName>
        <identifiers>
          <lisID>2237</lisID>
          <bioguideId>H001071</bioguideId>
          <gpoId />
        </identifiers>
        <district>10</district>
        <party>R</party>
        <state>GA</state>
        <firstName>Jody</firstName>
        <sponsorshipWithdrawnDate />
        <isOriginalCosponsor>True</isOriginalCosponsor>
        <fullName>Rep. Hice, Jody B. [R-GA-10]</fullName>
      </item>
      <item>
        <lastName>Allen</lastName>
        <sponsorshipDate>2017-02-02</sponsorshipDate>
        <bioguideId>A000372</bioguideId>
        <middleName>W.</middleName>
        <identifiers>
          <lisID>2239</lisID>
          <bioguideId>A000372</bioguideId>
          <gpoId />
        </identifiers>
        <district>12</district>
        <party>R</party>
        <state>GA</state>
        <firstName>Rick</firstName>
        <sponsorshipWithdrawnDate />
        <isOriginalCosponsor>True</isOriginalCosponsor>
        <fullName>Rep. Allen, Rick W. [R-GA-12]</fullName>
      </item>
      <item>
        <lastName>Gaetz</lastName>
        <sponsorshipDate>2017-02-02</sponsorshipDate>
        <bioguideId>G000578</bioguideId>
        <middleName />
        <identifiers>
          <gpoId />
          <bioguideId>G000578</bioguideId>
          <lisID>2314</lisID>
        </identifiers>
        <district>1</district>
        <party>R</party>
        <state>FL</state>
        <firstName>Matt</firstName>
        <sponsorshipWithdrawnDate />
        <isOriginalCosponsor>True</isOriginalCosponsor>
        <fullName>Rep. Gaetz, Matt [R-FL-1]</fullName>
      </item>
      <item>
        <lastName>Ferguson</lastName>
        <sponsorshipDate>2017-02-14</sponsorshipDate>
        <bioguideId>F000465</bioguideId>
        <middleName>Drew</middleName>
        <identifiers>
          <lisID>2324</lisID>
          <bioguideId>F000465</bioguideId>
          <gpoId />
        </identifiers>
        <district>3</district>
        <party>R</party>
        <state>GA</state>
        <firstName>A.</firstName>
        <sponsorshipWithdrawnDate />
        <isOriginalCosponsor>False</isOriginalCosponsor>
        <fullName>Rep. Ferguson, A. Drew, IV [R-GA-3]</fullName>
      </item>
      <item>
        <lastName>Brooks</lastName>
        <sponsorshipDate>2017-09-05</sponsorshipDate>
        <bioguideId>B001274</bioguideId>
        <middleName />
        <identifiers>
          <lisID>1987</lisID>
          <gpoId>7790</gpoId>
          <bioguideId>B001274</bioguideId>
        </identifiers>
        <district>5</district>
        <party>R</party>
        <state>AL</state>
        <firstName>Mo</firstName>
        <sponsorshipWithdrawnDate />
        <isOriginalCosponsor>False</isOriginalCosponsor>
        <fullName>Rep. Brooks, Mo [R-AL-5]</fullName>
      </item>
    </cosponsors>
    <summaries>
      <billSummaries>
        <item>
          <text><![CDATA[<p><strong>Tax Credit Accountability Act of 201</strong><b>7</b></p> <p>This bill amends the Internal Revenue Code to deny the earned income tax credit to any alien individual who is in an unlawful immigration status at any point during the taxable year. </p>]]></text>
          <actionDate>2017-02-02</actionDate>
          <updateDate>2017-02-02T05:00:00Z</updateDate>
          <lastSummaryUpdateDate>2017-02-09T14:33:21Z</lastSummaryUpdateDate>
          <name>Introduced in House</name>
          <actionDesc>Introduced in House</actionDesc>
          <versionCode>00</versionCode>
        </item>
      </billSummaries>
    </summaries>
    <policyArea>
      <name>Taxation</name>
    </policyArea>
    <latestAction>
      <links />
      <actionDate>2017-02-02</actionDate>
      <text>Referred to the House Committee on Ways and Means.</text>
    </latestAction>
    <updateDate>2018-02-06T16:41:12Z</updateDate>
    <committees>
      <billCommittees>
        <item>
          <systemCode>hswm00</systemCode>
          <chamber>House</chamber>
          <type>Standing</type>
          <activities>
            <item>
              <date>2017-02-02T15:00:40Z</date>
              <name>Referred to</name>
            </item>
          </activities>
          <name>Ways and Means Committee</name>
          <subcommittees />
        </item>
      </billCommittees>
    </committees>
    <createDate>2017-02-03T05:17:29Z</createDate>
    <title>Tax Credit Accountability Act of 2017</title>
    <committeeReports />
    <calendarNumbers />
  </bill>
  <dublinCore xmlns:dc="http://purl.org/dc/elements/1.1/">
    <dc:format>text/xml</dc:format>
    <dc:language>EN</dc:language>
    <dc:rights>Pursuant to Title 17 Section 105 of the United States Code, this file is not subject to copyright protection and is in the public domain.</dc:rights>
    <dc:contributor>Congressional Research Service, Library of Congress</dc:contributor>
    <dc:description>This file contains bill summaries and statuses for federal legislation. A bill summary describes the most significant provisions of a piece of legislation and details the effects the legislative text may have on current law and federal programs. Bill summaries are authored by the Congressional Research Service (CRS) of the Library of Congress. As stated in Public Law 91-510 (2 USC 166 (d)(6)), one of the duties of CRS is "to prepare summaries and digests of bills and resolutions of a public general nature introduced in the Senate or House of Representatives". For more information, refer to the User Guide that accompanies this file.</dc:description>
  </dublinCore>
</billStatus>

