<?xml version="1.0" encoding="UTF-8"?>
<billStatus>
  <bill>
    <constitutionalAuthorityStatementText><![CDATA[<pre>From the Congressional Record Online through the Government Publishing Office [<a href='http://www.gpo.gov'>www.gpo.gov</a>]By Mr. YOUNG of Alaska:H.R. 206.Congress has the power to enact this legislation pursuantto the following:Article 1, Section 8, Clause 3``To regulate Commerce with foreign Nations, and among theseveral States, and with the Indian Tribes;''[Page H52]</pre>]]></constitutionalAuthorityStatementText>
    <originChamber>House</originChamber>
    <subjects>
      <billSubjects>
        <policyArea>
          <name>Commerce</name>
        </policyArea>
        <legislativeSubjects>
          <item>
            <name>Aquaculture</name>
          </item>
          <item>
            <name>Congressional oversight</name>
          </item>
          <item>
            <name>Ecology</name>
          </item>
          <item>
            <name>Environmental assessment, monitoring, research</name>
          </item>
          <item>
            <name>Fishes</name>
          </item>
          <item>
            <name>Genetics</name>
          </item>
          <item>
            <name>Marine and coastal resources, fisheries</name>
          </item>
          <item>
            <name>Seafood</name>
          </item>
          <item>
            <name>Wildlife conservation and habitat protection</name>
          </item>
        </legislativeSubjects>
      </billSubjects>
    </subjects>
    <cosponsors>
      <item>
        <bioguideId>D000191</bioguideId>
        <district>4</district>
        <isOriginalCosponsor>True</isOriginalCosponsor>
        <sponsorshipWithdrawnDate />
        <lastName>DEFAZIO</lastName>
        <state>OR</state>
        <fullName>Rep. DeFazio, Peter A. [D-OR-4]</fullName>
        <sponsorshipDate>2017-01-03</sponsorshipDate>
        <middleName>A.</middleName>
        <firstName>PETER</firstName>
        <party>D</party>
        <identifiers>
          <gpoId>8117</gpoId>
          <lisID>279</lisID>
          <bioguideId>D000191</bioguideId>
        </identifiers>
      </item>
      <item>
        <bioguideId>T000460</bioguideId>
        <district>5</district>
        <isOriginalCosponsor>False</isOriginalCosponsor>
        <sponsorshipWithdrawnDate />
        <lastName>THOMPSON</lastName>
        <state>CA</state>
        <fullName>Rep. Thompson, Mike [D-CA-5]</fullName>
        <sponsorshipDate>2017-07-11</sponsorshipDate>
        <middleName />
        <firstName>MIKE</firstName>
        <party>D</party>
        <identifiers>
          <lisID>1593</lisID>
          <bioguideId>T000460</bioguideId>
          <gpoId>7806</gpoId>
        </identifiers>
      </item>
    </cosponsors>
    <billType>HR</billType>
    <recordedVotes />
    <laws />
    <committeeReports />
    <actions>
      <item>
        <actionDate>2017-02-10</actionDate>
        <committee>
          <systemCode>hsii13</systemCode>
          <name>Water, Power and Oceans Subcommittee</name>
        </committee>
        <links />
        <sourceSystem>
          <code>1</code>
          <name>House committee actions</name>
        </sourceSystem>
        <text>Referred to the Subcommittee on Water, Power and Oceans.</text>
        <type>Committee</type>
      </item>
      <item>
        <committee>
          <systemCode>hsii00</systemCode>
          <name>Natural Resources Committee</name>
        </committee>
        <sourceSystem>
          <code>2</code>
          <name>House floor actions</name>
        </sourceSystem>
        <actionDate>2017-01-03</actionDate>
        <text>Referred to the House Committee on Natural Resources.</text>
        <links />
        <type>IntroReferral</type>
        <actionCode>H11100</actionCode>
      </item>
      <item>
        <committee />
        <sourceSystem>
          <code>9</code>
          <name>Library of Congress</name>
        </sourceSystem>
        <actionDate>2017-01-03</actionDate>
        <text>Introduced in House</text>
        <links />
        <type>IntroReferral</type>
        <actionCode>Intro-H</actionCode>
      </item>
      <item>
        <committee />
        <sourceSystem>
          <code>9</code>
          <name>Library of Congress</name>
        </sourceSystem>
        <actionDate>2017-01-03</actionDate>
        <text>Introduced in House</text>
        <links />
        <type>IntroReferral</type>
        <actionCode>1000</actionCode>
      </item>
      <actionByCounts>
        <houseOfRepresentatives>4</houseOfRepresentatives>
      </actionByCounts>
      <actionTypeCounts>
        <billReferrals>1</billReferrals>
        <placeholderTextForH>1</placeholderTextForH>
        <introducedInTheHouse>1</introducedInTheHouse>
        <introducedInHouse>1</introducedInHouse>
      </actionTypeCounts>
    </actions>
    <createDate>2017-01-04T07:01:13Z</createDate>
    <version>1.0.0</version>
    <notes />
    <latestAction>
      <actionDate>2017-02-10</actionDate>
      <text>Referred to the Subcommittee on Water, Power and Oceans.</text>
      <links />
    </latestAction>
    <title>Prevention of Escapement of Genetically Altered Salmon in the United States Act</title>
    <summaries>
      <billSummaries>
        <item>
          <versionCode>00</versionCode>
          <updateDate>2017-01-03T05:00:00Z</updateDate>
          <actionDesc>Introduced in House</actionDesc>
          <lastSummaryUpdateDate>2017-01-12T20:43:10Z</lastSummaryUpdateDate>
          <actionDate>2017-01-03</actionDate>
          <name>Introduced in House</name>
          <text><![CDATA[<p><b>Prevention of Escapement of Genetically Altered Salmon in the United States Act </b></p> <p>This bill prohibits a person from: </p> <ul> <li>shipping, transporting, offering for sale, selling, or purchasing a genetically altered finfish, or a food product containing those fish, in commerce; </li> <li>having custody, control, or possession of those fish or food products with the intent to ship, transport, offer for sale, sell, or purchase them in commerce; </li> <li>engaging in net-pen aquaculture (pens of fish contained by nets) of those fish; </li> <li>releasing those fish into a natural environment; or </li> <li>having custody, control, or possession of those fish with the intent to release them into a natural environment. </li> </ul> <p> Fish, fish parts, or products confined for scientific research or collected to enforce this bill are exempted from the prohibition. An additional exemption is established if the National Oceanic and Atmospheric Administration (NOAA): (1) prepares a finding of no significant impact in accordance with the National Environmental Policy Act of 1969 after reviewing an application requesting a federal agency to permit activity prohibited by this bill, or (2) finds the application to be consistent with an environmental impact statement that includes an environmental risk analysis and specified assessments of costs and potential economic damage.</p> <p>Each federal agency must promptly notify NOAA when an action involving those fish or food products is first identified by the agency.</p> <p>The Department of Commerce may enforce penalties for violations of this bill under specified provisions of the Magnuson-Stevens Fishery Conservation and Management Act.</p>]]></text>
        </item>
      </billSummaries>
    </summaries>
    <congress>115</congress>
    <policyArea>
      <name>Commerce</name>
    </policyArea>
    <billNumber>206</billNumber>
    <calendarNumbers />
    <cboCostEstimates />
    <introducedDate>2017-01-03</introducedDate>
    <relatedBills />
    <committees>
      <billCommittees>
        <item>
          <name>Natural Resources Committee</name>
          <chamber>House</chamber>
          <type>Standing</type>
          <subcommittees>
            <item>
              <name>Water, Power and Oceans Subcommittee</name>
              <systemCode>hsii13</systemCode>
              <activities>
                <item>
                  <name>Referred to</name>
                  <date>2017-02-10T16:58:55Z</date>
                </item>
              </activities>
            </item>
          </subcommittees>
          <systemCode>hsii00</systemCode>
          <activities>
            <item>
              <name>Referred to</name>
              <date>2017-01-03T17:28:50Z</date>
            </item>
          </activities>
        </item>
      </billCommittees>
    </committees>
    <titles>
      <item>
        <chamberCode />
        <chamberName />
        <parentTitleType />
        <titleType>(Extracted from GPO) Short Titles as Introduced</titleType>
        <title>Prevention of Escapement of Genetically Altered Salmon in the United States Act</title>
      </item>
      <item>
        <chamberCode />
        <chamberName />
        <parentTitleType />
        <titleType>Short Titles as Introduced</titleType>
        <title>Prevention of Escapement of Genetically Altered Salmon in the United States Act</title>
      </item>
      <item>
        <chamberCode />
        <chamberName />
        <parentTitleType />
        <titleType>Official Title as Introduced</titleType>
        <title>To prevent the escapement of genetically altered salmon in the United States, and for other purposes.</title>
      </item>
      <item>
        <chamberCode />
        <chamberName />
        <parentTitleType />
        <titleType>Display Title</titleType>
        <title>Prevention of Escapement of Genetically Altered Salmon in the United States Act</title>
      </item>
    </titles>
    <sponsors>
      <item>
        <fullName>Rep. Young, Don [R-AK-At Large]</fullName>
        <middleName>E.</middleName>
        <district>0</district>
        <byRequestType />
        <firstName>DON</firstName>
        <bioguideId>Y000033</bioguideId>
        <state>AK</state>
        <party>R</party>
        <lastName>YOUNG</lastName>
        <identifiers>
          <gpoId>7785</gpoId>
          <bioguideId>Y000033</bioguideId>
          <lisID>1256</lisID>
        </identifiers>
      </item>
    </sponsors>
    <updateDate>2018-02-06T16:40:32Z</updateDate>
    <amendments />
  </bill>
  <dublinCore xmlns:dc="http://purl.org/dc/elements/1.1/">
    <dc:format>text/xml</dc:format>
    <dc:language>EN</dc:language>
    <dc:rights>Pursuant to Title 17 Section 105 of the United States Code, this file is not subject to copyright protection and is in the public domain.</dc:rights>
    <dc:contributor>Congressional Research Service, Library of Congress</dc:contributor>
    <dc:description>This file contains bill summaries and statuses for federal legislation. A bill summary describes the most significant provisions of a piece of legislation and details the effects the legislative text may have on current law and federal programs. Bill summaries are authored by the Congressional Research Service (CRS) of the Library of Congress. As stated in Public Law 91-510 (2 USC 166 (d)(6)), one of the duties of CRS is "to prepare summaries and digests of bills and resolutions of a public general nature introduced in the Senate or House of Representatives". For more information, refer to the User Guide that accompanies this file.</dc:description>
  </dublinCore>
</billStatus>

