<?xml version="1.0" encoding="UTF-8"?>
<billStatus>
  <bill>
    <committeeReports />
    <originChamber>House</originChamber>
    <billNumber>488</billNumber>
    <actions>
      <actionByCounts>
        <houseOfRepresentatives>3</houseOfRepresentatives>
      </actionByCounts>
      <item>
        <text>Referred to the House Committee on Ways and Means.</text>
        <type>IntroReferral</type>
        <sourceSystem>
          <name>House floor actions</name>
          <code>2</code>
        </sourceSystem>
        <committee>
          <name>Ways and Means Committee</name>
          <systemCode>hswm00</systemCode>
        </committee>
        <actionCode>H11100</actionCode>
        <actionDate>2017-01-12</actionDate>
        <links />
      </item>
      <item>
        <text>Introduced in House</text>
        <type>IntroReferral</type>
        <sourceSystem>
          <name>Library of Congress</name>
          <code>9</code>
        </sourceSystem>
        <committee />
        <actionCode>Intro-H</actionCode>
        <actionDate>2017-01-12</actionDate>
        <links />
      </item>
      <item>
        <text>Introduced in House</text>
        <type>IntroReferral</type>
        <sourceSystem>
          <name>Library of Congress</name>
          <code>9</code>
        </sourceSystem>
        <committee />
        <actionCode>1000</actionCode>
        <actionDate>2017-01-12</actionDate>
        <links />
      </item>
      <actionTypeCounts>
        <introducedInHouse>1</introducedInHouse>
        <billReferrals>1</billReferrals>
        <introducedInTheHouse>1</introducedInTheHouse>
      </actionTypeCounts>
    </actions>
    <calendarNumbers />
    <updateDate>2018-02-06T16:40:50Z</updateDate>
    <cosponsors>
      <item>
        <isOriginalCosponsor>True</isOriginalCosponsor>
        <middleName>E.</middleName>
        <sponsorshipDate>2017-01-12</sponsorshipDate>
        <firstName>Mark</firstName>
        <party>R</party>
        <identifiers>
          <gpoId>8366</gpoId>
          <lisID>2090</lisID>
          <bioguideId>A000369</bioguideId>
        </identifiers>
        <district>2</district>
        <sponsorshipWithdrawnDate />
        <fullName>Rep. Amodei, Mark E. [R-NV-2]</fullName>
        <bioguideId>A000369</bioguideId>
        <lastName>Amodei</lastName>
        <state>NV</state>
      </item>
      <item>
        <isOriginalCosponsor>True</isOriginalCosponsor>
        <middleName>Z.</middleName>
        <sponsorshipDate>2017-01-12</sponsorshipDate>
        <firstName>Madeleine</firstName>
        <party>D</party>
        <identifiers>
          <lisID>1723</lisID>
          <bioguideId>B001245</bioguideId>
          <gpoId>7911</gpoId>
        </identifiers>
        <district>0</district>
        <sponsorshipWithdrawnDate />
        <fullName>Rep. Bordallo, Madeleine Z. [D-GU-At Large]</fullName>
        <bioguideId>B001245</bioguideId>
        <lastName>Bordallo</lastName>
        <state>GU</state>
      </item>
      <item>
        <isOriginalCosponsor>True</isOriginalCosponsor>
        <middleName />
        <sponsorshipDate>2017-01-12</sponsorshipDate>
        <firstName>Julia</firstName>
        <party>D</party>
        <identifiers>
          <gpoId />
          <bioguideId>B001285</bioguideId>
          <lisID>2106</lisID>
        </identifiers>
        <district>26</district>
        <sponsorshipWithdrawnDate />
        <fullName>Rep. Brownley, Julia [D-CA-26]</fullName>
        <bioguideId>B001285</bioguideId>
        <lastName>Brownley</lastName>
        <state>CA</state>
      </item>
      <item>
        <isOriginalCosponsor>True</isOriginalCosponsor>
        <middleName />
        <sponsorshipDate>2017-01-12</sponsorshipDate>
        <firstName>Cheri</firstName>
        <party>D</party>
        <identifiers>
          <gpoId />
          <lisID>2127</lisID>
          <bioguideId>B001286</bioguideId>
        </identifiers>
        <district>17</district>
        <sponsorshipWithdrawnDate />
        <fullName>Rep. Bustos, Cheri [D-IL-17]</fullName>
        <bioguideId>B001286</bioguideId>
        <lastName>Bustos</lastName>
        <state>IL</state>
      </item>
      <item>
        <isOriginalCosponsor>True</isOriginalCosponsor>
        <middleName />
        <sponsorshipDate>2017-01-12</sponsorshipDate>
        <firstName>Barbara</firstName>
        <party>R</party>
        <identifiers>
          <bioguideId>C001105</bioguideId>
          <lisID>2273</lisID>
          <gpoId />
        </identifiers>
        <district>10</district>
        <sponsorshipWithdrawnDate />
        <fullName>Rep. Comstock, Barbara [R-VA-10]</fullName>
        <bioguideId>C001105</bioguideId>
        <lastName>Comstock</lastName>
        <state>VA</state>
      </item>
      <item>
        <isOriginalCosponsor>True</isOriginalCosponsor>
        <middleName>E.</middleName>
        <sponsorshipDate>2017-01-12</sponsorshipDate>
        <firstName>Gerald</firstName>
        <party>D</party>
        <identifiers>
          <lisID>1959</lisID>
          <gpoId>8202</gpoId>
          <bioguideId>C001078</bioguideId>
        </identifiers>
        <district>11</district>
        <sponsorshipWithdrawnDate />
        <fullName>Rep. Connolly, Gerald E. [D-VA-11]</fullName>
        <bioguideId>C001078</bioguideId>
        <lastName>Connolly</lastName>
        <state>VA</state>
      </item>
      <item>
        <isOriginalCosponsor>True</isOriginalCosponsor>
        <middleName>A.</middleName>
        <sponsorshipDate>2017-01-12</sponsorshipDate>
        <firstName>Ryan</firstName>
        <party>R</party>
        <identifiers>
          <lisID>2266</lisID>
          <gpoId />
          <bioguideId>C001106</bioguideId>
        </identifiers>
        <district>6</district>
        <sponsorshipWithdrawnDate />
        <fullName>Rep. Costello, Ryan A. [R-PA-6]</fullName>
        <bioguideId>C001106</bioguideId>
        <lastName>Costello</lastName>
        <state>PA</state>
      </item>
      <item>
        <isOriginalCosponsor>True</isOriginalCosponsor>
        <middleName />
        <sponsorshipDate>2017-01-12</sponsorshipDate>
        <firstName>Joe</firstName>
        <party>D</party>
        <identifiers>
          <gpoId>7867</gpoId>
          <lisID>1836</lisID>
          <bioguideId>C001069</bioguideId>
        </identifiers>
        <district>2</district>
        <sponsorshipWithdrawnDate />
        <fullName>Rep. Courtney, Joe [D-CT-2]</fullName>
        <bioguideId>C001069</bioguideId>
        <lastName>Courtney</lastName>
        <state>CT</state>
      </item>
      <item>
        <isOriginalCosponsor>True</isOriginalCosponsor>
        <middleName>E.</middleName>
        <sponsorshipDate>2017-01-12</sponsorshipDate>
        <firstName>ELIJAH</firstName>
        <party>D</party>
        <identifiers>
          <lisID>256</lisID>
          <bioguideId>C000984</bioguideId>
          <gpoId>7982</gpoId>
        </identifiers>
        <district>7</district>
        <sponsorshipWithdrawnDate />
        <fullName>Rep. Cummings, Elijah E. [D-MD-7]</fullName>
        <bioguideId>C000984</bioguideId>
        <lastName>CUMMINGS</lastName>
        <state>MD</state>
      </item>
      <item>
        <isOriginalCosponsor>True</isOriginalCosponsor>
        <middleName>K.</middleName>
        <sponsorshipDate>2017-01-12</sponsorshipDate>
        <firstName>Suzan</firstName>
        <party>D</party>
        <identifiers>
          <lisID>2096</lisID>
          <gpoId>8374</gpoId>
          <bioguideId>D000617</bioguideId>
        </identifiers>
        <district>1</district>
        <sponsorshipWithdrawnDate />
        <fullName>Rep. DelBene, Suzan K. [D-WA-1]</fullName>
        <bioguideId>D000617</bioguideId>
        <lastName>DelBene</lastName>
        <state>WA</state>
      </item>
      <item>
        <isOriginalCosponsor>True</isOriginalCosponsor>
        <middleName />
        <sponsorshipDate>2017-01-12</sponsorshipDate>
        <firstName>LLOYD</firstName>
        <party>D</party>
        <identifiers>
          <lisID>303</lisID>
          <gpoId>8181</gpoId>
          <bioguideId>D000399</bioguideId>
        </identifiers>
        <district>35</district>
        <sponsorshipWithdrawnDate />
        <fullName>Rep. Doggett, Lloyd [D-TX-35]</fullName>
        <bioguideId>D000399</bioguideId>
        <lastName>DOGGETT</lastName>
        <state>TX</state>
      </item>
      <item>
        <isOriginalCosponsor>True</isOriginalCosponsor>
        <middleName />
        <sponsorshipDate>2017-01-12</sponsorshipDate>
        <firstName>Keith</firstName>
        <party>D</party>
        <identifiers>
          <lisID>1857</lisID>
          <bioguideId>E000288</bioguideId>
          <gpoId>8005</gpoId>
        </identifiers>
        <district>5</district>
        <sponsorshipWithdrawnDate />
        <fullName>Rep. Ellison, Keith [D-MN-5]</fullName>
        <bioguideId>E000288</bioguideId>
        <lastName>Ellison</lastName>
        <state>MN</state>
      </item>
      <item>
        <isOriginalCosponsor>True</isOriginalCosponsor>
        <middleName>L.</middleName>
        <sponsorshipDate>2017-01-12</sponsorshipDate>
        <firstName>ELIOT</firstName>
        <party>D</party>
        <identifiers>
          <lisID>344</lisID>
          <bioguideId>E000179</bioguideId>
          <gpoId>8078</gpoId>
        </identifiers>
        <district>16</district>
        <sponsorshipWithdrawnDate />
        <fullName>Rep. Engel, Eliot L. [D-NY-16]</fullName>
        <bioguideId>E000179</bioguideId>
        <lastName>ENGEL</lastName>
        <state>NY</state>
      </item>
      <item>
        <isOriginalCosponsor>True</isOriginalCosponsor>
        <middleName />
        <sponsorshipDate>2017-01-12</sponsorshipDate>
        <firstName>Blake</firstName>
        <party>R</party>
        <identifiers>
          <gpoId>8183</gpoId>
          <lisID>2067</lisID>
          <bioguideId>F000460</bioguideId>
        </identifiers>
        <district>27</district>
        <sponsorshipWithdrawnDate />
        <fullName>Rep. Farenthold, Blake [R-TX-27]</fullName>
        <bioguideId>F000460</bioguideId>
        <lastName>Farenthold</lastName>
        <state>TX</state>
      </item>
      <item>
        <isOriginalCosponsor>True</isOriginalCosponsor>
        <middleName />
        <sponsorshipDate>2017-01-12</sponsorshipDate>
        <firstName>Bill</firstName>
        <party>D</party>
        <identifiers>
          <bioguideId>F000454</bioguideId>
          <gpoId>7355</gpoId>
          <lisID>1888</lisID>
        </identifiers>
        <district>11</district>
        <sponsorshipWithdrawnDate />
        <fullName>Rep. Foster, Bill [D-IL-11]</fullName>
        <bioguideId>F000454</bioguideId>
        <lastName>Foster</lastName>
        <state>IL</state>
      </item>
      <item>
        <isOriginalCosponsor>True</isOriginalCosponsor>
        <middleName />
        <sponsorshipDate>2017-01-12</sponsorshipDate>
        <firstName>Tulsi</firstName>
        <party>D</party>
        <identifiers>
          <bioguideId>G000571</bioguideId>
          <lisID>2122</lisID>
          <gpoId />
        </identifiers>
        <district>2</district>
        <sponsorshipWithdrawnDate />
        <fullName>Rep. Gabbard, Tulsi [D-HI-2]</fullName>
        <bioguideId>G000571</bioguideId>
        <lastName>Gabbard</lastName>
        <state>HI</state>
      </item>
      <item>
        <isOriginalCosponsor>True</isOriginalCosponsor>
        <middleName />
        <sponsorshipDate>2017-01-12</sponsorshipDate>
        <firstName>John</firstName>
        <party>D</party>
        <identifiers>
          <lisID>1973</lisID>
          <bioguideId>G000559</bioguideId>
          <gpoId>7815</gpoId>
        </identifiers>
        <district>3</district>
        <sponsorshipWithdrawnDate />
        <fullName>Rep. Garamendi, John [D-CA-3]</fullName>
        <bioguideId>G000559</bioguideId>
        <lastName>Garamendi</lastName>
        <state>CA</state>
      </item>
      <item>
        <isOriginalCosponsor>True</isOriginalCosponsor>
        <middleName />
        <sponsorshipDate>2017-01-12</sponsorshipDate>
        <firstName>Denny</firstName>
        <party>D</party>
        <identifiers>
          <gpoId />
          <lisID>2170</lisID>
          <bioguideId>H001064</bioguideId>
        </identifiers>
        <district>10</district>
        <sponsorshipWithdrawnDate />
        <fullName>Rep. Heck, Denny [D-WA-10]</fullName>
        <bioguideId>H001064</bioguideId>
        <lastName>Heck</lastName>
        <state>WA</state>
      </item>
      <item>
        <isOriginalCosponsor>True</isOriginalCosponsor>
        <middleName>A.</middleName>
        <sponsorshipDate>2017-01-12</sponsorshipDate>
        <firstName>James</firstName>
        <party>D</party>
        <identifiers>
          <lisID>1913</lisID>
          <bioguideId>H001047</bioguideId>
          <gpoId>7869</gpoId>
        </identifiers>
        <district>4</district>
        <sponsorshipWithdrawnDate />
        <fullName>Rep. Himes, James A. [D-CT-4]</fullName>
        <bioguideId>H001047</bioguideId>
        <lastName>Himes</lastName>
        <state>CT</state>
      </item>
      <item>
        <isOriginalCosponsor>True</isOriginalCosponsor>
        <middleName />
        <sponsorshipDate>2017-01-12</sponsorshipDate>
        <firstName>Will</firstName>
        <party>R</party>
        <identifiers>
          <gpoId />
          <lisID>2269</lisID>
          <bioguideId>H001073</bioguideId>
        </identifiers>
        <district>23</district>
        <sponsorshipWithdrawnDate />
        <fullName>Rep. Hurd, Will [R-TX-23]</fullName>
        <bioguideId>H001073</bioguideId>
        <lastName>Hurd</lastName>
        <state>TX</state>
      </item>
      <item>
        <isOriginalCosponsor>True</isOriginalCosponsor>
        <middleName>JAMES</middleName>
        <sponsorshipDate>2017-01-12</sponsorshipDate>
        <firstName>F.</firstName>
        <party>R</party>
        <identifiers>
          <bioguideId>S000244</bioguideId>
          <lisID>1041</lisID>
          <gpoId>8218</gpoId>
        </identifiers>
        <district>5</district>
        <sponsorshipWithdrawnDate />
        <fullName>Rep. Sensenbrenner, F. James, Jr. [R-WI-5]</fullName>
        <bioguideId>S000244</bioguideId>
        <lastName>SENSENBRENNER</lastName>
        <state>WI</state>
      </item>
      <item>
        <isOriginalCosponsor>True</isOriginalCosponsor>
        <middleName>B.</middleName>
        <sponsorshipDate>2017-01-12</sponsorshipDate>
        <firstName>WALTER</firstName>
        <party>R</party>
        <identifiers>
          <bioguideId>J000255</bioguideId>
          <lisID>612</lisID>
          <gpoId>8026</gpoId>
        </identifiers>
        <district>3</district>
        <sponsorshipWithdrawnDate />
        <fullName>Rep. Jones, Walter B., Jr. [R-NC-3]</fullName>
        <bioguideId>J000255</bioguideId>
        <lastName>JONES</lastName>
        <state>NC</state>
      </item>
      <item>
        <isOriginalCosponsor>True</isOriginalCosponsor>
        <middleName />
        <sponsorshipDate>2017-01-12</sponsorshipDate>
        <firstName>John</firstName>
        <party>R</party>
        <identifiers>
          <gpoId />
          <lisID>2264</lisID>
          <bioguideId>K000386</bioguideId>
        </identifiers>
        <district>24</district>
        <sponsorshipWithdrawnDate />
        <fullName>Rep. Katko, John [R-NY-24]</fullName>
        <bioguideId>K000386</bioguideId>
        <lastName>Katko</lastName>
        <state>NY</state>
      </item>
      <item>
        <isOriginalCosponsor>True</isOriginalCosponsor>
        <middleName>R.</middleName>
        <sponsorshipDate>2017-01-12</sponsorshipDate>
        <firstName>William</firstName>
        <party>D</party>
        <identifiers>
          <lisID>2025</lisID>
          <bioguideId>K000375</bioguideId>
          <gpoId>7975</gpoId>
        </identifiers>
        <district>9</district>
        <sponsorshipWithdrawnDate />
        <fullName>Rep. Keating, William R. [D-MA-9]</fullName>
        <bioguideId>K000375</bioguideId>
        <lastName>Keating</lastName>
        <state>MA</state>
      </item>
      <item>
        <isOriginalCosponsor>True</isOriginalCosponsor>
        <middleName />
        <sponsorshipDate>2017-01-12</sponsorshipDate>
        <firstName>Derek</firstName>
        <party>D</party>
        <identifiers>
          <lisID>2169</lisID>
          <gpoId />
          <bioguideId>K000381</bioguideId>
        </identifiers>
        <district>6</district>
        <sponsorshipWithdrawnDate />
        <fullName>Rep. Kilmer, Derek [D-WA-6]</fullName>
        <bioguideId>K000381</bioguideId>
        <lastName>Kilmer</lastName>
        <state>WA</state>
      </item>
      <item>
        <isOriginalCosponsor>True</isOriginalCosponsor>
        <middleName />
        <sponsorshipDate>2017-01-12</sponsorshipDate>
        <firstName>Leonard</firstName>
        <party>R</party>
        <identifiers>
          <bioguideId>L000567</bioguideId>
          <gpoId>8049</gpoId>
          <lisID>1936</lisID>
        </identifiers>
        <district>7</district>
        <sponsorshipWithdrawnDate />
        <fullName>Rep. Lance, Leonard [R-NJ-7]</fullName>
        <bioguideId>L000567</bioguideId>
        <lastName>Lance</lastName>
        <state>NJ</state>
      </item>
      <item>
        <isOriginalCosponsor>True</isOriginalCosponsor>
        <middleName>R.</middleName>
        <sponsorshipDate>2017-01-12</sponsorshipDate>
        <firstName>JAMES</firstName>
        <party>D</party>
        <identifiers>
          <lisID>1668</lisID>
          <bioguideId>L000559</bioguideId>
          <gpoId>8140</gpoId>
        </identifiers>
        <district>2</district>
        <sponsorshipWithdrawnDate />
        <fullName>Rep. Langevin, James R. [D-RI-2]</fullName>
        <bioguideId>L000559</bioguideId>
        <lastName>LANGEVIN</lastName>
        <state>RI</state>
      </item>
      <item>
        <isOriginalCosponsor>True</isOriginalCosponsor>
        <middleName>L.</middleName>
        <sponsorshipDate>2017-01-12</sponsorshipDate>
        <firstName>Brenda</firstName>
        <party>D</party>
        <identifiers>
          <bioguideId>L000581</bioguideId>
          <gpoId />
          <lisID>2252</lisID>
        </identifiers>
        <district>14</district>
        <sponsorshipWithdrawnDate />
        <fullName>Rep. Lawrence, Brenda L. [D-MI-14]</fullName>
        <bioguideId>L000581</bioguideId>
        <lastName>Lawrence</lastName>
        <state>MI</state>
      </item>
      <item>
        <isOriginalCosponsor>True</isOriginalCosponsor>
        <middleName>William</middleName>
        <sponsorshipDate>2017-01-12</sponsorshipDate>
        <firstName>Daniel</firstName>
        <party>D</party>
        <identifiers>
          <lisID>1781</lisID>
          <bioguideId>L000563</bioguideId>
          <gpoId>7923</gpoId>
        </identifiers>
        <district>3</district>
        <sponsorshipWithdrawnDate />
        <fullName>Rep. Lipinski, Daniel [D-IL-3]</fullName>
        <bioguideId>L000563</bioguideId>
        <lastName>Lipinski</lastName>
        <state>IL</state>
      </item>
      <item>
        <isOriginalCosponsor>True</isOriginalCosponsor>
        <middleName>A.</middleName>
        <sponsorshipDate>2017-01-12</sponsorshipDate>
        <firstName>FRANK</firstName>
        <party>R</party>
        <identifiers>
          <gpoId>8044</gpoId>
          <bioguideId>L000554</bioguideId>
          <lisID>699</lisID>
        </identifiers>
        <district>2</district>
        <sponsorshipWithdrawnDate />
        <fullName>Rep. LoBiondo, Frank A. [R-NJ-2]</fullName>
        <bioguideId>L000554</bioguideId>
        <lastName>LOBIONDO</lastName>
        <state>NJ</state>
      </item>
      <item>
        <isOriginalCosponsor>True</isOriginalCosponsor>
        <middleName />
        <sponsorshipDate>2017-01-12</sponsorshipDate>
        <firstName>David</firstName>
        <party>D</party>
        <identifiers>
          <lisID>1846</lisID>
          <bioguideId>L000565</bioguideId>
          <gpoId>7915</gpoId>
        </identifiers>
        <district>2</district>
        <sponsorshipWithdrawnDate />
        <fullName>Rep. Loebsack, David [D-IA-2]</fullName>
        <bioguideId>L000565</bioguideId>
        <lastName>Loebsack</lastName>
        <state>IA</state>
      </item>
      <item>
        <isOriginalCosponsor>True</isOriginalCosponsor>
        <middleName />
        <sponsorshipDate>2017-01-12</sponsorshipDate>
        <firstName>Michelle</firstName>
        <party>D</party>
        <identifiers>
          <lisID>2146</lisID>
          <bioguideId>L000580</bioguideId>
          <gpoId />
        </identifiers>
        <district>1</district>
        <sponsorshipWithdrawnDate />
        <fullName>Rep. Lujan Grisham, Michelle [D-NM-1]</fullName>
        <bioguideId>L000580</bioguideId>
        <lastName>Lujan Grisham</lastName>
        <state>NM</state>
      </item>
      <item>
        <isOriginalCosponsor>True</isOriginalCosponsor>
        <middleName>F.</middleName>
        <sponsorshipDate>2017-01-12</sponsorshipDate>
        <firstName>Stephen</firstName>
        <party>D</party>
        <identifiers>
          <bioguideId>L000562</bioguideId>
          <gpoId>7974</gpoId>
          <lisID>1686</lisID>
        </identifiers>
        <district>8</district>
        <sponsorshipWithdrawnDate />
        <fullName>Rep. Lynch, Stephen F. [D-MA-8]</fullName>
        <bioguideId>L000562</bioguideId>
        <lastName>Lynch</lastName>
        <state>MA</state>
      </item>
      <item>
        <isOriginalCosponsor>True</isOriginalCosponsor>
        <middleName>P.</middleName>
        <sponsorshipDate>2017-01-12</sponsorshipDate>
        <firstName>JAMES</firstName>
        <party>D</party>
        <identifiers>
          <bioguideId>M000312</bioguideId>
          <gpoId>7968</gpoId>
          <lisID>1504</lisID>
        </identifiers>
        <district>2</district>
        <sponsorshipWithdrawnDate />
        <fullName>Rep. McGovern, James P. [D-MA-2]</fullName>
        <bioguideId>M000312</bioguideId>
        <lastName>MCGOVERN</lastName>
        <state>MA</state>
      </item>
      <item>
        <isOriginalCosponsor>True</isOriginalCosponsor>
        <middleName>B.</middleName>
        <sponsorshipDate>2017-01-12</sponsorshipDate>
        <firstName>David</firstName>
        <party>R</party>
        <identifiers>
          <bioguideId>M001180</bioguideId>
          <lisID>2074</lisID>
          <gpoId>8222</gpoId>
        </identifiers>
        <district>1</district>
        <sponsorshipWithdrawnDate />
        <fullName>Rep. McKinley, David B. [R-WV-1]</fullName>
        <bioguideId>M001180</bioguideId>
        <lastName>McKinley</lastName>
        <state>WV</state>
      </item>
      <item>
        <isOriginalCosponsor>True</isOriginalCosponsor>
        <middleName />
        <sponsorshipDate>2017-01-12</sponsorshipDate>
        <firstName>Jerry</firstName>
        <party>D</party>
        <identifiers>
          <gpoId>7816</gpoId>
          <lisID>1832</lisID>
          <bioguideId>M001166</bioguideId>
        </identifiers>
        <district>9</district>
        <sponsorshipWithdrawnDate />
        <fullName>Rep. McNerney, Jerry [D-CA-9]</fullName>
        <bioguideId>M001166</bioguideId>
        <lastName>McNerney</lastName>
        <state>CA</state>
      </item>
      <item>
        <isOriginalCosponsor>True</isOriginalCosponsor>
        <middleName>HOLMES</middleName>
        <sponsorshipDate>2017-01-12</sponsorshipDate>
        <firstName>ELEANOR</firstName>
        <party>D</party>
        <identifiers>
          <lisID>868</lisID>
          <gpoId>7871</gpoId>
          <bioguideId>N000147</bioguideId>
        </identifiers>
        <district>0</district>
        <sponsorshipWithdrawnDate />
        <fullName>Rep. Norton, Eleanor Holmes [D-DC-At Large]</fullName>
        <bioguideId>N000147</bioguideId>
        <lastName>NORTON</lastName>
        <state>DC</state>
      </item>
      <item>
        <isOriginalCosponsor>True</isOriginalCosponsor>
        <middleName />
        <sponsorshipDate>2017-01-12</sponsorshipDate>
        <firstName>Stevan</firstName>
        <party>R</party>
        <identifiers>
          <bioguideId>P000588</bioguideId>
          <lisID>1738</lisID>
          <gpoId>8057</gpoId>
        </identifiers>
        <district>2</district>
        <sponsorshipWithdrawnDate />
        <fullName>Rep. Pearce, Stevan [R-NM-2]</fullName>
        <bioguideId>P000588</bioguideId>
        <lastName>Pearce</lastName>
        <state>NM</state>
      </item>
      <item>
        <isOriginalCosponsor>True</isOriginalCosponsor>
        <middleName />
        <sponsorshipDate>2017-01-12</sponsorshipDate>
        <firstName>Robert</firstName>
        <party>R</party>
        <identifiers>
          <gpoId />
          <lisID>2141</lisID>
          <bioguideId>P000606</bioguideId>
        </identifiers>
        <district>9</district>
        <sponsorshipWithdrawnDate />
        <fullName>Rep. Pittenger, Robert [R-NC-9]</fullName>
        <bioguideId>P000606</bioguideId>
        <lastName>Pittenger</lastName>
        <state>NC</state>
      </item>
      <item>
        <isOriginalCosponsor>True</isOriginalCosponsor>
        <middleName />
        <sponsorshipDate>2017-01-12</sponsorshipDate>
        <firstName>Mike</firstName>
        <party>D</party>
        <identifiers>
          <lisID>1967</lisID>
          <bioguideId>Q000023</bioguideId>
          <gpoId>7925</gpoId>
        </identifiers>
        <district>5</district>
        <sponsorshipWithdrawnDate />
        <fullName>Rep. Quigley, Mike [D-IL-5]</fullName>
        <bioguideId>Q000023</bioguideId>
        <lastName>Quigley</lastName>
        <state>IL</state>
      </item>
      <item>
        <isOriginalCosponsor>True</isOriginalCosponsor>
        <middleName>Coleman</middleName>
        <sponsorshipDate>2017-01-12</sponsorshipDate>
        <firstName>Aumua Amata</firstName>
        <party>R</party>
        <identifiers>
          <bioguideId>R000600</bioguideId>
          <lisID>2222</lisID>
          <gpoId />
        </identifiers>
        <district>0</district>
        <sponsorshipWithdrawnDate />
        <fullName>Rep. Radewagen, Aumua Amata Coleman [R-AS-At Large]</fullName>
        <bioguideId>R000600</bioguideId>
        <lastName>Radewagen</lastName>
        <state>AS</state>
      </item>
      <item>
        <isOriginalCosponsor>True</isOriginalCosponsor>
        <middleName>J.</middleName>
        <sponsorshipDate>2017-01-12</sponsorshipDate>
        <firstName>Keith</firstName>
        <party>R</party>
        <identifiers>
          <gpoId />
          <lisID>2158</lisID>
          <bioguideId>R000598</bioguideId>
        </identifiers>
        <district>12</district>
        <sponsorshipWithdrawnDate />
        <fullName>Rep. Rothfus, Keith J. [R-PA-12]</fullName>
        <bioguideId>R000598</bioguideId>
        <lastName>Rothfus</lastName>
        <state>PA</state>
      </item>
      <item>
        <isOriginalCosponsor>True</isOriginalCosponsor>
        <middleName>L.</middleName>
        <sponsorshipDate>2017-01-12</sponsorshipDate>
        <firstName>BOBBY</firstName>
        <party>D</party>
        <identifiers>
          <lisID>1003</lisID>
          <bioguideId>R000515</bioguideId>
          <gpoId>7921</gpoId>
        </identifiers>
        <district>1</district>
        <sponsorshipWithdrawnDate />
        <fullName>Rep. Rush, Bobby L. [D-IL-1]</fullName>
        <bioguideId>R000515</bioguideId>
        <lastName>RUSH</lastName>
        <state>IL</state>
      </item>
      <item>
        <isOriginalCosponsor>True</isOriginalCosponsor>
        <middleName />
        <sponsorshipDate>2017-01-12</sponsorshipDate>
        <firstName>TIM</firstName>
        <party>D</party>
        <identifiers>
          <bioguideId>R000577</bioguideId>
          <lisID>1756</lisID>
          <gpoId>8107</gpoId>
        </identifiers>
        <district>13</district>
        <sponsorshipWithdrawnDate />
        <fullName>Rep. Ryan, Tim [D-OH-13]</fullName>
        <bioguideId>R000577</bioguideId>
        <lastName>RYAN</lastName>
        <state>OH</state>
      </item>
      <item>
        <isOriginalCosponsor>True</isOriginalCosponsor>
        <middleName>M.</middleName>
        <sponsorshipDate>2017-01-12</sponsorshipDate>
        <firstName>LOUISE</firstName>
        <party>D</party>
        <identifiers>
          <bioguideId>S000480</bioguideId>
          <lisID>1069</lisID>
          <gpoId>8089</gpoId>
        </identifiers>
        <district>25</district>
        <sponsorshipWithdrawnDate />
        <fullName>Rep. Slaughter, Louise McIntosh [D-NY-25]</fullName>
        <bioguideId>S000480</bioguideId>
        <lastName>SLAUGHTER</lastName>
        <state>NY</state>
      </item>
      <item>
        <isOriginalCosponsor>True</isOriginalCosponsor>
        <middleName />
        <sponsorshipDate>2017-01-12</sponsorshipDate>
        <firstName>Darren</firstName>
        <party>D</party>
        <identifiers>
          <lisID>2319</lisID>
          <bioguideId>S001200</bioguideId>
          <gpoId />
        </identifiers>
        <district>9</district>
        <sponsorshipWithdrawnDate />
        <fullName>Rep. Soto, Darren [D-FL-9]</fullName>
        <bioguideId>S001200</bioguideId>
        <lastName>Soto</lastName>
        <state>FL</state>
      </item>
      <item>
        <isOriginalCosponsor>True</isOriginalCosponsor>
        <middleName />
        <sponsorshipDate>2017-01-12</sponsorshipDate>
        <firstName>Jackie</firstName>
        <party>D</party>
        <identifiers>
          <bioguideId>S001175</bioguideId>
          <lisID>1890</lisID>
          <gpoId>7817</gpoId>
        </identifiers>
        <district>14</district>
        <sponsorshipWithdrawnDate />
        <fullName>Rep. Speier, Jackie [D-CA-14]</fullName>
        <bioguideId>S001175</bioguideId>
        <lastName>Speier</lastName>
        <state>CA</state>
      </item>
      <item>
        <isOriginalCosponsor>True</isOriginalCosponsor>
        <middleName />
        <sponsorshipDate>2017-01-12</sponsorshipDate>
        <firstName>MIKE</firstName>
        <party>D</party>
        <identifiers>
          <lisID>1593</lisID>
          <bioguideId>T000460</bioguideId>
          <gpoId>7806</gpoId>
        </identifiers>
        <district>5</district>
        <sponsorshipWithdrawnDate />
        <fullName>Rep. Thompson, Mike [D-CA-5]</fullName>
        <bioguideId>T000460</bioguideId>
        <lastName>THOMPSON</lastName>
        <state>CA</state>
      </item>
      <item>
        <isOriginalCosponsor>True</isOriginalCosponsor>
        <middleName />
        <sponsorshipDate>2017-01-12</sponsorshipDate>
        <firstName>Glenn</firstName>
        <party>R</party>
        <identifiers>
          <gpoId>8123</gpoId>
          <lisID>1952</lisID>
          <bioguideId>T000467</bioguideId>
        </identifiers>
        <district>5</district>
        <sponsorshipWithdrawnDate />
        <fullName>Rep. Thompson, Glenn [R-PA-5]</fullName>
        <bioguideId>T000467</bioguideId>
        <lastName>Thompson</lastName>
        <state>PA</state>
      </item>
      <item>
        <isOriginalCosponsor>True</isOriginalCosponsor>
        <middleName>R.</middleName>
        <sponsorshipDate>2017-01-12</sponsorshipDate>
        <firstName>Scott</firstName>
        <party>R</party>
        <identifiers>
          <bioguideId>T000470</bioguideId>
          <gpoId>7861</gpoId>
          <lisID>1997</lisID>
        </identifiers>
        <district>3</district>
        <sponsorshipWithdrawnDate />
        <fullName>Rep. Tipton, Scott  R. [R-CO-3]</fullName>
        <bioguideId>T000470</bioguideId>
        <lastName>Tipton</lastName>
        <state>CO</state>
      </item>
      <item>
        <isOriginalCosponsor>True</isOriginalCosponsor>
        <middleName>R.</middleName>
        <sponsorshipDate>2017-01-12</sponsorshipDate>
        <firstName>Michael</firstName>
        <party>R</party>
        <identifiers>
          <lisID>1741</lisID>
          <bioguideId>T000463</bioguideId>
          <gpoId>8093</gpoId>
        </identifiers>
        <district>10</district>
        <sponsorshipWithdrawnDate />
        <fullName>Rep. Turner, Michael R. [R-OH-10]</fullName>
        <bioguideId>T000463</bioguideId>
        <lastName>Turner</lastName>
        <state>OH</state>
      </item>
      <item>
        <isOriginalCosponsor>True</isOriginalCosponsor>
        <middleName>J.</middleName>
        <sponsorshipDate>2017-01-12</sponsorshipDate>
        <firstName>Timothy</firstName>
        <party>D</party>
        <identifiers>
          <bioguideId>W000799</bioguideId>
          <lisID>1856</lisID>
          <gpoId>8001</gpoId>
        </identifiers>
        <district>1</district>
        <sponsorshipWithdrawnDate />
        <fullName>Rep. Walz, Timothy J. [D-MN-1]</fullName>
        <bioguideId>W000799</bioguideId>
        <lastName>Walz</lastName>
        <state>MN</state>
      </item>
      <item>
        <isOriginalCosponsor>True</isOriginalCosponsor>
        <middleName />
        <sponsorshipDate>2017-01-12</sponsorshipDate>
        <firstName>David</firstName>
        <party>R</party>
        <identifiers>
          <bioguideId>Y000066</bioguideId>
          <lisID>2242</lisID>
          <gpoId />
        </identifiers>
        <district>3</district>
        <sponsorshipWithdrawnDate />
        <fullName>Rep. Young, David [R-IA-3]</fullName>
        <bioguideId>Y000066</bioguideId>
        <lastName>Young</lastName>
        <state>IA</state>
      </item>
      <item>
        <isOriginalCosponsor>True</isOriginalCosponsor>
        <middleName>W.</middleName>
        <sponsorshipDate>2017-01-12</sponsorshipDate>
        <firstName>Roger</firstName>
        <party>R</party>
        <identifiers>
          <bioguideId>M001198</bioguideId>
          <lisID>2328</lisID>
          <gpoId />
        </identifiers>
        <district>1</district>
        <sponsorshipWithdrawnDate />
        <fullName>Rep. Marshall, Roger W. [R-KS-1]</fullName>
        <bioguideId>M001198</bioguideId>
        <lastName>Marshall</lastName>
        <state>KS</state>
      </item>
      <item>
        <isOriginalCosponsor>True</isOriginalCosponsor>
        <middleName />
        <sponsorshipDate>2017-01-12</sponsorshipDate>
        <firstName>Stephen</firstName>
        <party>R</party>
        <identifiers>
          <bioguideId>K000387</bioguideId>
          <gpoId />
          <lisID>2228</lisID>
        </identifiers>
        <district>25</district>
        <sponsorshipWithdrawnDate />
        <fullName>Rep. Knight, Stephen [R-CA-25]</fullName>
        <bioguideId>K000387</bioguideId>
        <lastName>Knight</lastName>
        <state>CA</state>
      </item>
      <item>
        <isOriginalCosponsor>True</isOriginalCosponsor>
        <middleName>D.</middleName>
        <sponsorshipDate>2017-01-12</sponsorshipDate>
        <firstName>SANFORD</firstName>
        <party>D</party>
        <identifiers>
          <gpoId>7899</gpoId>
          <lisID>91</lisID>
          <bioguideId>B000490</bioguideId>
        </identifiers>
        <district>2</district>
        <sponsorshipWithdrawnDate />
        <fullName>Rep. Bishop, Sanford D., Jr. [D-GA-2]</fullName>
        <bioguideId>B000490</bioguideId>
        <lastName>BISHOP</lastName>
        <state>GA</state>
      </item>
      <item>
        <isOriginalCosponsor>True</isOriginalCosponsor>
        <middleName />
        <sponsorshipDate>2017-01-12</sponsorshipDate>
        <firstName>Steve</firstName>
        <party>R</party>
        <identifiers>
          <bioguideId>R000604</bioguideId>
          <lisID>2265</lisID>
          <gpoId />
        </identifiers>
        <district>5</district>
        <sponsorshipWithdrawnDate />
        <fullName>Rep. Russell, Steve [R-OK-5]</fullName>
        <bioguideId>R000604</bioguideId>
        <lastName>Russell</lastName>
        <state>OK</state>
      </item>
      <item>
        <isOriginalCosponsor>False</isOriginalCosponsor>
        <middleName>S.</middleName>
        <sponsorshipDate>2017-01-30</sponsorshipDate>
        <firstName>Frederica</firstName>
        <party>D</party>
        <identifiers>
          <gpoId>7889</gpoId>
          <bioguideId>W000808</bioguideId>
          <lisID>2004</lisID>
        </identifiers>
        <district>24</district>
        <sponsorshipWithdrawnDate />
        <fullName>Rep. Wilson, Frederica S. [D-FL-24]</fullName>
        <bioguideId>W000808</bioguideId>
        <lastName>Wilson</lastName>
        <state>FL</state>
      </item>
      <item>
        <isOriginalCosponsor>False</isOriginalCosponsor>
        <middleName />
        <sponsorshipDate>2017-01-30</sponsorshipDate>
        <firstName>Gwen</firstName>
        <party>D</party>
        <identifiers>
          <bioguideId>M001160</bioguideId>
          <gpoId>8217</gpoId>
          <lisID>1811</lisID>
        </identifiers>
        <district>4</district>
        <sponsorshipWithdrawnDate />
        <fullName>Rep. Moore, Gwen [D-WI-4]</fullName>
        <bioguideId>M001160</bioguideId>
        <lastName>Moore</lastName>
        <state>WI</state>
      </item>
      <item>
        <isOriginalCosponsor>False</isOriginalCosponsor>
        <middleName>W.</middleName>
        <sponsorshipDate>2017-01-30</sponsorshipDate>
        <firstName>Charles</firstName>
        <party>R</party>
        <identifiers>
          <lisID>1799</lisID>
          <gpoId>8133</gpoId>
          <bioguideId>D000604</bioguideId>
        </identifiers>
        <district>15</district>
        <sponsorshipWithdrawnDate />
        <fullName>Rep. Dent, Charles W. [R-PA-15]</fullName>
        <bioguideId>D000604</bioguideId>
        <lastName>Dent</lastName>
        <state>PA</state>
      </item>
      <item>
        <isOriginalCosponsor>False</isOriginalCosponsor>
        <middleName>H.</middleName>
        <sponsorshipDate>2017-01-30</sponsorshipDate>
        <firstName>Elizabeth</firstName>
        <party>D</party>
        <identifiers>
          <bioguideId>E000293</bioguideId>
          <gpoId />
          <lisID>2114</lisID>
        </identifiers>
        <district>5</district>
        <sponsorshipWithdrawnDate />
        <fullName>Rep. Esty, Elizabeth H. [D-CT-5]</fullName>
        <bioguideId>E000293</bioguideId>
        <lastName>Esty</lastName>
        <state>CT</state>
      </item>
      <item>
        <isOriginalCosponsor>False</isOriginalCosponsor>
        <middleName>B.</middleName>
        <sponsorshipDate>2017-01-30</sponsorshipDate>
        <firstName>Jody</firstName>
        <party>R</party>
        <identifiers>
          <lisID>2237</lisID>
          <bioguideId>H001071</bioguideId>
          <gpoId />
        </identifiers>
        <district>10</district>
        <sponsorshipWithdrawnDate />
        <fullName>Rep. Hice, Jody B. [R-GA-10]</fullName>
        <bioguideId>H001071</bioguideId>
        <lastName>Hice</lastName>
        <state>GA</state>
      </item>
      <item>
        <isOriginalCosponsor>False</isOriginalCosponsor>
        <middleName />
        <sponsorshipDate>2017-01-30</sponsorshipDate>
        <firstName>Carol</firstName>
        <party>D</party>
        <identifiers>
          <gpoId>7528</gpoId>
          <bioguideId>S001170</bioguideId>
          <lisID>1861</lisID>
        </identifiers>
        <district>1</district>
        <sponsorshipWithdrawnDate />
        <fullName>Rep. Shea-Porter, Carol [D-NH-1]</fullName>
        <bioguideId>S001170</bioguideId>
        <lastName>Shea-Porter</lastName>
        <state>NH</state>
      </item>
      <item>
        <isOriginalCosponsor>False</isOriginalCosponsor>
        <middleName>H.</middleName>
        <sponsorshipDate>2017-01-30</sponsorshipDate>
        <firstName>Evan</firstName>
        <party>R</party>
        <identifiers>
          <lisID>2278</lisID>
          <bioguideId>J000297</bioguideId>
          <gpoId />
        </identifiers>
        <district>3</district>
        <sponsorshipWithdrawnDate />
        <fullName>Rep. Jenkins, Evan H. [R-WV-3]</fullName>
        <bioguideId>J000297</bioguideId>
        <lastName>Jenkins</lastName>
        <state>WV</state>
      </item>
      <item>
        <isOriginalCosponsor>False</isOriginalCosponsor>
        <middleName>J.</middleName>
        <sponsorshipDate>2017-02-01</sponsorshipDate>
        <firstName>Norma</firstName>
        <party>D</party>
        <identifiers>
          <bioguideId>T000474</bioguideId>
          <gpoId />
          <lisID>2231</lisID>
        </identifiers>
        <district>35</district>
        <sponsorshipWithdrawnDate />
        <fullName>Rep. Torres, Norma J. [D-CA-35]</fullName>
        <bioguideId>T000474</bioguideId>
        <lastName>Torres</lastName>
        <state>CA</state>
      </item>
      <item>
        <isOriginalCosponsor>False</isOriginalCosponsor>
        <middleName />
        <sponsorshipDate>2017-03-21</sponsorshipDate>
        <firstName>Andy</firstName>
        <party>R</party>
        <identifiers>
          <lisID>2131</lisID>
          <bioguideId>B001282</bioguideId>
          <gpoId />
        </identifiers>
        <district>6</district>
        <sponsorshipWithdrawnDate />
        <fullName>Rep. Barr, Andy [R-KY-6]</fullName>
        <bioguideId>B001282</bioguideId>
        <lastName>Barr</lastName>
        <state>KY</state>
      </item>
      <item>
        <isOriginalCosponsor>False</isOriginalCosponsor>
        <middleName>Diaz</middleName>
        <sponsorshipDate>2017-03-27</sponsorshipDate>
        <firstName>Nanette</firstName>
        <party>D</party>
        <identifiers>
          <gpoId />
          <bioguideId>B001300</bioguideId>
          <lisID>2311</lisID>
        </identifiers>
        <district>44</district>
        <sponsorshipWithdrawnDate />
        <fullName>Rep. Barragan, Nanette Diaz [D-CA-44]</fullName>
        <bioguideId>B001300</bioguideId>
        <lastName>Barragan</lastName>
        <state>CA</state>
      </item>
      <item>
        <isOriginalCosponsor>False</isOriginalCosponsor>
        <middleName />
        <sponsorshipDate>2017-04-25</sponsorshipDate>
        <firstName>Chellie</firstName>
        <party>D</party>
        <identifiers>
          <lisID>1927</lisID>
          <bioguideId>P000597</bioguideId>
          <gpoId>7984</gpoId>
        </identifiers>
        <district>1</district>
        <sponsorshipWithdrawnDate />
        <fullName>Rep. Pingree, Chellie [D-ME-1]</fullName>
        <bioguideId>P000597</bioguideId>
        <lastName>Pingree</lastName>
        <state>ME</state>
      </item>
      <item>
        <isOriginalCosponsor>False</isOriginalCosponsor>
        <middleName />
        <sponsorshipDate>2017-04-25</sponsorshipDate>
        <firstName>Lynn</firstName>
        <party>R</party>
        <identifiers>
          <lisID>1921</lisID>
          <bioguideId>J000290</bioguideId>
          <gpoId>7950</gpoId>
        </identifiers>
        <district>2</district>
        <sponsorshipWithdrawnDate />
        <fullName>Rep. Jenkins, Lynn [R-KS-2]</fullName>
        <bioguideId>J000290</bioguideId>
        <lastName>Jenkins</lastName>
        <state>KS</state>
      </item>
      <item>
        <isOriginalCosponsor>False</isOriginalCosponsor>
        <middleName />
        <sponsorshipDate>2017-04-25</sponsorshipDate>
        <firstName>RICK</firstName>
        <party>D</party>
        <identifiers>
          <lisID>1675</lisID>
          <gpoId>8206</gpoId>
          <bioguideId>L000560</bioguideId>
        </identifiers>
        <district>2</district>
        <sponsorshipWithdrawnDate />
        <fullName>Rep. Larsen, Rick [D-WA-2]</fullName>
        <bioguideId>L000560</bioguideId>
        <lastName>LARSEN</lastName>
        <state>WA</state>
      </item>
      <item>
        <isOriginalCosponsor>False</isOriginalCosponsor>
        <middleName />
        <sponsorshipDate>2017-04-25</sponsorshipDate>
        <firstName>FRANK</firstName>
        <party>D</party>
        <identifiers>
          <lisID>887</lisID>
          <bioguideId>P000034</bioguideId>
          <gpoId>8048</gpoId>
        </identifiers>
        <district>6</district>
        <sponsorshipWithdrawnDate />
        <fullName>Rep. Pallone, Frank, Jr. [D-NJ-6]</fullName>
        <bioguideId>P000034</bioguideId>
        <lastName>PALLONE</lastName>
        <state>NJ</state>
      </item>
      <item>
        <isOriginalCosponsor>False</isOriginalCosponsor>
        <middleName />
        <sponsorshipDate>2017-04-25</sponsorshipDate>
        <firstName>Claudia</firstName>
        <party>R</party>
        <identifiers>
          <lisID>2344</lisID>
          <bioguideId>T000478</bioguideId>
          <gpoId />
        </identifiers>
        <district>22</district>
        <sponsorshipWithdrawnDate />
        <fullName>Rep. Tenney, Claudia [R-NY-22]</fullName>
        <bioguideId>T000478</bioguideId>
        <lastName>Tenney</lastName>
        <state>NY</state>
      </item>
      <item>
        <isOriginalCosponsor>False</isOriginalCosponsor>
        <middleName>M.</middleName>
        <sponsorshipDate>2017-04-25</sponsorshipDate>
        <firstName>Katherine</firstName>
        <party>D</party>
        <identifiers>
          <gpoId />
          <bioguideId>C001101</bioguideId>
          <lisID>2196</lisID>
        </identifiers>
        <district>5</district>
        <sponsorshipWithdrawnDate />
        <fullName>Rep. Clark, Katherine M. [D-MA-5]</fullName>
        <bioguideId>C001101</bioguideId>
        <lastName>Clark</lastName>
        <state>MA</state>
      </item>
      <item>
        <isOriginalCosponsor>False</isOriginalCosponsor>
        <middleName>P.</middleName>
        <sponsorshipDate>2017-04-26</sponsorshipDate>
        <firstName>Joseph</firstName>
        <party>D</party>
        <identifiers>
          <bioguideId>K000379</bioguideId>
          <lisID>2172</lisID>
          <gpoId />
        </identifiers>
        <district>4</district>
        <sponsorshipWithdrawnDate />
        <fullName>Rep. Kennedy, Joseph P., III [D-MA-4]</fullName>
        <bioguideId>K000379</bioguideId>
        <lastName>Kennedy</lastName>
        <state>MA</state>
      </item>
      <item>
        <isOriginalCosponsor>False</isOriginalCosponsor>
        <middleName />
        <sponsorshipDate>2017-04-26</sponsorshipDate>
        <firstName>Jacky</firstName>
        <party>D</party>
        <identifiers>
          <lisID>2339</lisID>
          <gpoId />
          <bioguideId>R000608</bioguideId>
        </identifiers>
        <district>3</district>
        <sponsorshipWithdrawnDate />
        <fullName>Rep. Rosen, Jacky [D-NV-3]</fullName>
        <bioguideId>R000608</bioguideId>
        <lastName>Rosen</lastName>
        <state>NV</state>
      </item>
      <item>
        <isOriginalCosponsor>False</isOriginalCosponsor>
        <middleName>L.</middleName>
        <sponsorshipDate>2017-04-27</sponsorshipDate>
        <firstName>ALCEE</firstName>
        <party>D</party>
        <identifiers>
          <lisID>511</lisID>
          <gpoId>7895</gpoId>
          <bioguideId>H000324</bioguideId>
        </identifiers>
        <district>20</district>
        <sponsorshipWithdrawnDate />
        <fullName>Rep. Hastings, Alcee L. [D-FL-20]</fullName>
        <bioguideId>H000324</bioguideId>
        <lastName>HASTINGS</lastName>
        <state>FL</state>
      </item>
      <item>
        <isOriginalCosponsor>False</isOriginalCosponsor>
        <middleName>T.</middleName>
        <sponsorshipDate>2017-11-09</sponsorshipDate>
        <firstName>PETER</firstName>
        <party>R</party>
        <identifiers>
          <lisID>635</lisID>
          <bioguideId>K000210</bioguideId>
          <gpoId>8064</gpoId>
        </identifiers>
        <district>2</district>
        <sponsorshipWithdrawnDate />
        <fullName>Rep. King, Peter T. [R-NY-2]</fullName>
        <bioguideId>K000210</bioguideId>
        <lastName>KING</lastName>
        <state>NY</state>
      </item>
      <item>
        <isOriginalCosponsor>False</isOriginalCosponsor>
        <middleName />
        <sponsorshipDate>2017-12-11</sponsorshipDate>
        <firstName>Raul</firstName>
        <party>D</party>
        <identifiers>
          <lisID>2109</lisID>
          <bioguideId>R000599</bioguideId>
          <gpoId />
        </identifiers>
        <district>36</district>
        <sponsorshipWithdrawnDate />
        <fullName>Rep. Ruiz, Raul [D-CA-36]</fullName>
        <bioguideId>R000599</bioguideId>
        <lastName>Ruiz</lastName>
        <state>CA</state>
      </item>
      <item>
        <isOriginalCosponsor>False</isOriginalCosponsor>
        <middleName>J.</middleName>
        <sponsorshipDate>2017-12-21</sponsorshipDate>
        <firstName>John</firstName>
        <party>R</party>
        <identifiers>
          <lisID>2343</lisID>
          <gpoId />
          <bioguideId>F000464</bioguideId>
        </identifiers>
        <district>19</district>
        <sponsorshipWithdrawnDate />
        <fullName>Rep. Faso, John J. [R-NY-19]</fullName>
        <bioguideId>F000464</bioguideId>
        <lastName>Faso</lastName>
        <state>NY</state>
      </item>
    </cosponsors>
    <notes />
    <subjects>
      <billSubjects>
        <legislativeSubjects>
          <item>
            <name>Income tax credits</name>
          </item>
          <item>
            <name>Licensing and registrations</name>
          </item>
          <item>
            <name>Military personnel and dependents</name>
          </item>
        </legislativeSubjects>
        <policyArea>
          <name>Taxation</name>
        </policyArea>
      </billSubjects>
    </subjects>
    <committees>
      <billCommittees>
        <item>
          <systemCode>hswm00</systemCode>
          <name>Ways and Means Committee</name>
          <type>Standing</type>
          <activities>
            <item>
              <name>Referred to</name>
              <date>2017-01-12T15:03:20Z</date>
            </item>
          </activities>
          <chamber>House</chamber>
          <subcommittees />
        </item>
      </billCommittees>
    </committees>
    <version>1.0.0</version>
    <recordedVotes />
    <policyArea>
      <name>Taxation</name>
    </policyArea>
    <cboCostEstimates />
    <introducedDate>2017-01-12</introducedDate>
    <title>Military Spouse Job Continuity Act of 2017</title>
    <amendments />
    <latestAction>
      <text>Referred to the House Committee on Ways and Means.</text>
      <links />
      <actionDate>2017-01-12</actionDate>
    </latestAction>
    <congress>115</congress>
    <billType>HR</billType>
    <createDate>2017-01-13T04:55:31Z</createDate>
    <sponsors>
      <item>
        <lastName>Cartwright</lastName>
        <party>D</party>
        <state>PA</state>
        <bioguideId>C001090</bioguideId>
        <middleName />
        <byRequestType />
        <fullName>Rep. Cartwright, Matt [D-PA-17]</fullName>
        <firstName>Matt</firstName>
        <district>17</district>
        <identifiers>
          <lisID>2159</lisID>
          <bioguideId>C001090</bioguideId>
          <gpoId />
        </identifiers>
      </item>
    </sponsors>
    <constitutionalAuthorityStatementText><![CDATA[<pre>From the Congressional Record Online through the Government Publishing Office [<a href='http://www.gpo.gov'>www.gpo.gov</a>]By Mr. CARTWRIGHT:H.R. 488.Congress has the power to enact this legislation pursuantto the following:Article I; Section 8; Clause 1 of the Constitution statesThe Congress shall have Power To lay and collect Taxes,Duties, Imposts and Excises, to pay the Debts and provide forthe common Defence and general Welfare of the United States .. .[Page H472]</pre>]]></constitutionalAuthorityStatementText>
    <relatedBills>
      <item>
        <number>143</number>
        <congress>115</congress>
        <relationshipDetails>
          <item>
            <type>Related bill</type>
            <identifiedBy>CRS</identifiedBy>
          </item>
        </relationshipDetails>
        <latestTitle>Military Spouse Job Continuity Act of 2017</latestTitle>
        <latestAction>
          <text>Read twice and referred to the Committee on Finance.</text>
          <actionDate>2017-01-12</actionDate>
        </latestAction>
        <type>S</type>
      </item>
    </relatedBills>
    <laws />
    <titles>
      <item>
        <chamberName />
        <parentTitleType />
        <chamberCode />
        <titleType>(Extracted from GPO) Short Titles as Introduced</titleType>
        <title>Military Spouse Job Continuity Act of 2017</title>
      </item>
      <item>
        <chamberName />
        <parentTitleType />
        <chamberCode />
        <titleType>Short Titles as Introduced</titleType>
        <title>Military Spouse Job Continuity Act of 2017</title>
      </item>
      <item>
        <chamberName />
        <parentTitleType />
        <chamberCode />
        <titleType>Official Title as Introduced</titleType>
        <title>To amend the Internal Revenue Code of 1986 to allow a credit against income tax for amounts paid by a spouse of a member of the Armed Forces for a new State license or certification required by reason of a permanent change in the duty station of such member to another State.</title>
      </item>
      <item>
        <chamberName />
        <parentTitleType />
        <chamberCode />
        <titleType>Display Title</titleType>
        <title>Military Spouse Job Continuity Act of 2017</title>
      </item>
    </titles>
    <summaries>
      <billSummaries>
        <item>
          <versionCode>00</versionCode>
          <text><![CDATA[<p><strong>Military Spouse Job Continuity Act of 201</strong><b>7</b></p> <p> This bill amends the Internal Revenue Code to allow the spouse of a member of the Armed Forces (military spouse) who moves with such member to another state under a permanent change of station order a tax credit for up to $500 of qualified relicensing costs incurred by such spouse. The bill defines "qualified relicensing costs" as costs for a state license or certification to engage in the profession that such military spouse engaged in while residing in the former state. </p>]]></text>
          <actionDesc>Introduced in House</actionDesc>
          <actionDate>2017-01-12</actionDate>
          <lastSummaryUpdateDate>2017-01-27T14:25:09Z</lastSummaryUpdateDate>
          <name>Introduced in House</name>
          <updateDate>2017-01-12T05:00:00Z</updateDate>
        </item>
      </billSummaries>
    </summaries>
  </bill>
  <dublinCore xmlns:dc="http://purl.org/dc/elements/1.1/">
    <dc:format>text/xml</dc:format>
    <dc:language>EN</dc:language>
    <dc:rights>Pursuant to Title 17 Section 105 of the United States Code, this file is not subject to copyright protection and is in the public domain.</dc:rights>
    <dc:contributor>Congressional Research Service, Library of Congress</dc:contributor>
    <dc:description>This file contains bill summaries and statuses for federal legislation. A bill summary describes the most significant provisions of a piece of legislation and details the effects the legislative text may have on current law and federal programs. Bill summaries are authored by the Congressional Research Service (CRS) of the Library of Congress. As stated in Public Law 91-510 (2 USC 166 (d)(6)), one of the duties of CRS is "to prepare summaries and digests of bills and resolutions of a public general nature introduced in the Senate or House of Representatives". For more information, refer to the User Guide that accompanies this file.</dc:description>
  </dublinCore>
</billStatus>

