<?xml version="1.0" encoding="UTF-8"?>
<billStatus>
  <bill>
    <notes />
    <cosponsors>
      <item>
        <lastName>Polis</lastName>
        <bioguideId>P000598</bioguideId>
        <sponsorshipDate>2017-02-02</sponsorshipDate>
        <sponsorshipWithdrawnDate />
        <isOriginalCosponsor>True</isOriginalCosponsor>
        <middleName />
        <state>CO</state>
        <firstName>Jared</firstName>
        <party>D</party>
        <identifiers>
          <gpoId>7860</gpoId>
          <lisID>1910</lisID>
          <bioguideId>P000598</bioguideId>
        </identifiers>
        <district>2</district>
        <fullName>Rep. Polis, Jared [D-CO-2]</fullName>
      </item>
      <item>
        <lastName>Tipton</lastName>
        <bioguideId>T000470</bioguideId>
        <sponsorshipDate>2017-02-02</sponsorshipDate>
        <sponsorshipWithdrawnDate />
        <isOriginalCosponsor>True</isOriginalCosponsor>
        <middleName>R.</middleName>
        <state>CO</state>
        <firstName>Scott</firstName>
        <party>R</party>
        <identifiers>
          <bioguideId>T000470</bioguideId>
          <lisID>1997</lisID>
          <gpoId>7861</gpoId>
        </identifiers>
        <district>3</district>
        <fullName>Rep. Tipton, Scott  R. [R-CO-3]</fullName>
      </item>
    </cosponsors>
    <introducedDate>2017-02-02</introducedDate>
    <committees>
      <billCommittees>
        <item>
          <activities>
            <item>
              <name>Reported by</name>
              <date>2018-02-26T22:21:30Z</date>
            </item>
            <item>
              <name>Markup by</name>
              <date>2018-02-14T20:12:25Z</date>
            </item>
            <item>
              <name>Referred to</name>
              <date>2017-02-02T15:02:25Z</date>
            </item>
          </activities>
          <chamber>House</chamber>
          <subcommittees>
            <item>
              <name>Federal Lands Subcommittee</name>
              <systemCode>hsii10</systemCode>
              <activities>
                <item>
                  <name>Discharged from</name>
                  <date>2018-02-14T20:10:56Z</date>
                </item>
                <item>
                  <name>Hearings by</name>
                  <date>2018-02-06T20:09:59Z</date>
                </item>
                <item>
                  <name>Referred to</name>
                  <date>2017-02-16T21:44:20Z</date>
                </item>
              </activities>
            </item>
          </subcommittees>
          <systemCode>hsii00</systemCode>
          <name>Natural Resources Committee</name>
          <type>Standing</type>
        </item>
      </billCommittees>
    </committees>
    <laws />
    <cboCostEstimates>
      <item>
        <pubDate>2018-02-22T16:00:02Z</pubDate>
        <title>H.R. 835, a bill to update the map of, and modify the maximum acreage available for inclusion in, the Florissant Fossil Beds National Monument</title>
        <url>https://www.cbo.gov/publication/53605</url>
      </item>
    </cboCostEstimates>
    <sponsors>
      <item>
        <firstName>Doug</firstName>
        <party>R</party>
        <byRequestType />
        <bioguideId>L000564</bioguideId>
        <identifiers>
          <bioguideId>L000564</bioguideId>
          <lisID>1834</lisID>
          <gpoId>7863</gpoId>
        </identifiers>
        <lastName>Lamborn</lastName>
        <state>CO</state>
        <district>5</district>
        <fullName>Rep. Lamborn, Doug [R-CO-5]</fullName>
        <middleName />
      </item>
    </sponsors>
    <createDate>2017-02-03T05:17:29Z</createDate>
    <billNumber>835</billNumber>
    <congress>115</congress>
    <subjects>
      <billSubjects>
        <legislativeSubjects>
          <item>
            <name>Colorado</name>
          </item>
          <item>
            <name>Earth sciences</name>
          </item>
          <item>
            <name>Land transfers</name>
          </item>
          <item>
            <name>Monuments and memorials</name>
          </item>
          <item>
            <name>Parks, recreation areas, trails</name>
          </item>
          <item>
            <name>Wilderness and natural areas, wildlife refuges, wild rivers, habitats</name>
          </item>
        </legislativeSubjects>
        <policyArea>
          <name>Public Lands and Natural Resources</name>
        </policyArea>
      </billSubjects>
    </subjects>
    <billType>HR</billType>
    <committeeReports>
      <committeeReport>
        <citation>H. Rept. 115-580</citation>
      </committeeReport>
    </committeeReports>
    <policyArea>
      <name>Public Lands and Natural Resources</name>
    </policyArea>
    <relatedBills>
      <item>
        <number>287</number>
        <relationshipDetails>
          <item>
            <type>Identical bill</type>
            <identifiedBy>CRS</identifiedBy>
          </item>
        </relationshipDetails>
        <latestTitle>A bill to update the map of, and modify the maximum acreage available for inclusion in, the Florissant Fossil Beds National Monument.</latestTitle>
        <congress>115</congress>
        <latestAction>
          <actionDate>2017-05-03</actionDate>
          <text>Placed on Senate Legislative Calendar under General Orders. Calendar No. 52.</text>
        </latestAction>
        <type>S</type>
      </item>
    </relatedBills>
    <title>To update the map of, and modify the maximum acreage available for inclusion in, the Florissant Fossil Beds National Monument.</title>
    <titles>
      <item>
        <titleType>Official Title as Introduced</titleType>
        <chamberName />
        <parentTitleType />
        <title>To update the map of, and modify the maximum acreage available for inclusion in, the Florissant Fossil Beds National Monument.</title>
        <chamberCode />
      </item>
      <item>
        <titleType>Display Title</titleType>
        <chamberName />
        <parentTitleType />
        <title>To update the map of, and modify the maximum acreage available for inclusion in, the Florissant Fossil Beds National Monument.</title>
        <chamberCode />
      </item>
    </titles>
    <summaries>
      <billSummaries>
        <item>
          <actionDesc>Introduced in House</actionDesc>
          <actionDate>2017-02-02</actionDate>
          <text><![CDATA[<p> This bill revises the title, number, and date of the map depicting the Florissant Fossil Beds National Monument in Colorado and increases from 6,000 to 6,300 the maximum number of acres that may be made available for inclusion in the monument.</p>]]></text>
          <versionCode>00</versionCode>
          <updateDate>2017-02-02T05:00:00Z</updateDate>
          <lastSummaryUpdateDate>2017-02-22T19:54:18Z</lastSummaryUpdateDate>
          <name>Introduced in House</name>
        </item>
      </billSummaries>
    </summaries>
    <latestAction>
      <actionDate>2018-02-26</actionDate>
      <links />
      <text>Placed on the Union Calendar, Calendar No. 441.</text>
    </latestAction>
    <calendarNumbers>
      <item>
        <calendar>U00441</calendar>
        <number />
      </item>
    </calendarNumbers>
    <recordedVotes />
    <updateDate>2018-02-27T12:56:06Z</updateDate>
    <amendments />
    <constitutionalAuthorityStatementText><![CDATA[<pre>[Congressional Record Volume 163, Number 18 (Thursday, February 2, 2017)]From the Congressional Record Online through the Government Publishing Office [<a href='http://www.gpo.gov'>www.gpo.gov</a>]By Mr. LAMBORN:H.R. 835.Congress has the power to enact this legislation pursuantto the following:Article 1, Section 8[Page H946]</pre>]]></constitutionalAuthorityStatementText>
    <version>1.0.0</version>
    <actions>
      <actionByCounts>
        <houseOfRepresentatives>11</houseOfRepresentatives>
      </actionByCounts>
      <actionTypeCounts>
        <unionCalendarAssignment>1</unionCalendarAssignment>
        <introducedInTheHouse>1</introducedInTheHouse>
        <introducedInHouse>1</introducedInHouse>
        <placeholderTextForH>3</placeholderTextForH>
        <prayer>1</prayer>
        <reportedToHouse>1</reportedToHouse>
        <billReferrals>1</billReferrals>
        <committeeReportOfABill>1</committeeReportOfABill>
        <actionStageOverride>1</actionStageOverride>
      </actionTypeCounts>
      <item>
        <links />
        <committee />
        <actionDate>2018-02-26</actionDate>
        <text>Placed on the Union Calendar, Calendar No. 441.</text>
        <sourceSystem>
          <name>House floor actions</name>
          <code>2</code>
        </sourceSystem>
        <type>Calendars</type>
        <actionCode>H12410</actionCode>
      </item>
      <item>
        <links>
          <link>
            <name>H. Rept. 115-580</name>
            <url>https://www.congress.gov/congressional-report/115th-congress/house-report/580</url>
          </link>
        </links>
        <committee>
          <name>Natural Resources Committee</name>
          <systemCode>hsii00</systemCode>
        </committee>
        <actionDate>2018-02-26</actionDate>
        <text>Reported by the Committee on Natural Resources. H. Rept. 115-580.</text>
        <sourceSystem>
          <name>House floor actions</name>
          <code>2</code>
        </sourceSystem>
        <type>Committee</type>
        <actionCode>H12200</actionCode>
      </item>
      <item>
        <links>
          <link>
            <name>H. Rept. 115-580</name>
            <url>https://www.congress.gov/congressional-report/115th-congress/house-report/580</url>
          </link>
        </links>
        <committee>
          <name>Natural Resources Committee</name>
          <systemCode>hsii00</systemCode>
        </committee>
        <actionDate>2018-02-26</actionDate>
        <text>Reported by the Committee on Natural Resources. H. Rept. 115-580.</text>
        <sourceSystem>
          <name>Library of Congress</name>
          <code>9</code>
        </sourceSystem>
        <type>Committee</type>
        <actionCode>5000</actionCode>
      </item>
      <item>
        <actionDate>2018-02-14</actionDate>
        <committee>
          <name>Natural Resources Committee</name>
          <systemCode>hsii00</systemCode>
        </committee>
        <links />
        <sourceSystem>
          <name>House committee actions</name>
          <code>1</code>
        </sourceSystem>
        <text>Ordered to be Reported by Unanimous Consent.</text>
        <type>Committee</type>
      </item>
      <item>
        <actionDate>2018-02-14</actionDate>
        <committee>
          <name>Natural Resources Committee</name>
          <systemCode>hsii00</systemCode>
        </committee>
        <links />
        <sourceSystem>
          <name>House committee actions</name>
          <code>1</code>
        </sourceSystem>
        <text>Committee Consideration and Mark-up Session Held.</text>
        <type>Committee</type>
      </item>
      <item>
        <actionDate>2018-02-14</actionDate>
        <committee>
          <name>Natural Resources Committee</name>
          <systemCode>hsii00</systemCode>
        </committee>
        <links />
        <sourceSystem>
          <name>House committee actions</name>
          <code>1</code>
        </sourceSystem>
        <text>Subcommittee on Federal Lands Discharged.</text>
        <type>Committee</type>
      </item>
      <item>
        <actionDate>2018-02-06</actionDate>
        <committee>
          <name>Federal Lands Subcommittee</name>
          <systemCode>hsii10</systemCode>
        </committee>
        <links />
        <sourceSystem>
          <name>House committee actions</name>
          <code>1</code>
        </sourceSystem>
        <text>Subcommittee Hearings Held.</text>
        <type>Committee</type>
      </item>
      <item>
        <actionDate>2017-02-16</actionDate>
        <committee>
          <name>Federal Lands Subcommittee</name>
          <systemCode>hsii10</systemCode>
        </committee>
        <links />
        <sourceSystem>
          <name>House committee actions</name>
          <code>1</code>
        </sourceSystem>
        <text>Referred to the Subcommittee on Federal Lands.</text>
        <type>Committee</type>
      </item>
      <item>
        <links />
        <committee>
          <name>Natural Resources Committee</name>
          <systemCode>hsii00</systemCode>
        </committee>
        <actionDate>2017-02-02</actionDate>
        <text>Referred to the House Committee on Natural Resources.</text>
        <sourceSystem>
          <name>House floor actions</name>
          <code>2</code>
        </sourceSystem>
        <type>IntroReferral</type>
        <actionCode>H11100</actionCode>
      </item>
      <item>
        <links />
        <committee />
        <actionDate>2017-02-02</actionDate>
        <text>Introduced in House</text>
        <sourceSystem>
          <name>Library of Congress</name>
          <code>9</code>
        </sourceSystem>
        <type>IntroReferral</type>
        <actionCode>Intro-H</actionCode>
      </item>
      <item>
        <links />
        <committee />
        <actionDate>2017-02-02</actionDate>
        <text>Introduced in House</text>
        <sourceSystem>
          <name>Library of Congress</name>
          <code>9</code>
        </sourceSystem>
        <type>IntroReferral</type>
        <actionCode>1000</actionCode>
      </item>
    </actions>
    <originChamber>House</originChamber>
  </bill>
  <dublinCore xmlns:dc="http://purl.org/dc/elements/1.1/">
    <dc:format>text/xml</dc:format>
    <dc:language>EN</dc:language>
    <dc:rights>Pursuant to Title 17 Section 105 of the United States Code, this file is not subject to copyright protection and is in the public domain.</dc:rights>
    <dc:contributor>Congressional Research Service, Library of Congress</dc:contributor>
    <dc:description>This file contains bill summaries and statuses for federal legislation. A bill summary describes the most significant provisions of a piece of legislation and details the effects the legislative text may have on current law and federal programs. Bill summaries are authored by the Congressional Research Service (CRS) of the Library of Congress. As stated in Public Law 91-510 (2 USC 166 (d)(6)), one of the duties of CRS is "to prepare summaries and digests of bills and resolutions of a public general nature introduced in the Senate or House of Representatives". For more information, refer to the User Guide that accompanies this file.</dc:description>
  </dublinCore>
</billStatus>

