<?xml version="1.0" encoding="UTF-8"?>
<billStatus>
  <bill>
    <cosponsors>
      <item>
        <lastName>Palazzo</lastName>
        <sponsorshipDate>2017-01-06</sponsorshipDate>
        <bioguideId>P000601</bioguideId>
        <middleName>M.</middleName>
        <identifiers>
          <bioguideId>P000601</bioguideId>
          <lisID>2035</lisID>
          <gpoId>8022</gpoId>
        </identifiers>
        <district>4</district>
        <party>R</party>
        <state>MS</state>
        <firstName>Steven</firstName>
        <sponsorshipWithdrawnDate />
        <isOriginalCosponsor>True</isOriginalCosponsor>
        <fullName>Rep. Palazzo, Steven M. [R-MS-4]</fullName>
      </item>
      <item>
        <lastName>Babin</lastName>
        <sponsorshipDate>2017-01-06</sponsorshipDate>
        <bioguideId>B001291</bioguideId>
        <middleName />
        <identifiers>
          <lisID>2270</lisID>
          <gpoId />
          <bioguideId>B001291</bioguideId>
        </identifiers>
        <district>36</district>
        <party>R</party>
        <state>TX</state>
        <firstName>Brian</firstName>
        <sponsorshipWithdrawnDate />
        <isOriginalCosponsor>True</isOriginalCosponsor>
        <fullName>Rep. Babin, Brian [R-TX-36]</fullName>
      </item>
      <item>
        <lastName>Duncan</lastName>
        <sponsorshipDate>2017-01-06</sponsorshipDate>
        <bioguideId>D000615</bioguideId>
        <middleName />
        <identifiers>
          <bioguideId>D000615</bioguideId>
          <lisID>2057</lisID>
          <gpoId>8143</gpoId>
        </identifiers>
        <district>3</district>
        <party>R</party>
        <state>SC</state>
        <firstName>Jeff</firstName>
        <sponsorshipWithdrawnDate />
        <isOriginalCosponsor>True</isOriginalCosponsor>
        <fullName>Rep. Duncan, Jeff [R-SC-3]</fullName>
      </item>
      <item>
        <lastName>Brooks</lastName>
        <sponsorshipDate>2017-01-06</sponsorshipDate>
        <bioguideId>B001274</bioguideId>
        <middleName />
        <identifiers>
          <bioguideId>B001274</bioguideId>
          <gpoId>7790</gpoId>
          <lisID>1987</lisID>
        </identifiers>
        <district>5</district>
        <party>R</party>
        <state>AL</state>
        <firstName>Mo</firstName>
        <sponsorshipWithdrawnDate />
        <isOriginalCosponsor>True</isOriginalCosponsor>
        <fullName>Rep. Brooks, Mo [R-AL-5]</fullName>
      </item>
      <item>
        <lastName>Johnson</lastName>
        <sponsorshipDate>2017-01-06</sponsorshipDate>
        <bioguideId>J000292</bioguideId>
        <middleName />
        <identifiers>
          <gpoId>8096</gpoId>
          <bioguideId>J000292</bioguideId>
          <lisID>2046</lisID>
        </identifiers>
        <district>6</district>
        <party>R</party>
        <state>OH</state>
        <firstName>Bill</firstName>
        <sponsorshipWithdrawnDate />
        <isOriginalCosponsor>True</isOriginalCosponsor>
        <fullName>Rep. Johnson, Bill [R-OH-6]</fullName>
      </item>
      <item>
        <lastName>Stewart</lastName>
        <sponsorshipDate>2017-01-06</sponsorshipDate>
        <bioguideId>S001192</bioguideId>
        <middleName />
        <identifiers>
          <bioguideId>S001192</bioguideId>
          <lisID>2168</lisID>
          <gpoId />
        </identifiers>
        <district>2</district>
        <party>R</party>
        <state>UT</state>
        <firstName>Chris</firstName>
        <sponsorshipWithdrawnDate />
        <isOriginalCosponsor>True</isOriginalCosponsor>
        <fullName>Rep. Stewart, Chris [R-UT-2]</fullName>
      </item>
      <item>
        <lastName>Messer</lastName>
        <sponsorshipDate>2017-01-06</sponsorshipDate>
        <bioguideId>M001189</bioguideId>
        <middleName />
        <identifiers>
          <bioguideId>M001189</bioguideId>
          <lisID>2130</lisID>
          <gpoId />
        </identifiers>
        <district>6</district>
        <party>R</party>
        <state>IN</state>
        <firstName>Luke</firstName>
        <sponsorshipWithdrawnDate />
        <isOriginalCosponsor>True</isOriginalCosponsor>
        <fullName>Rep. Messer, Luke [R-IN-6]</fullName>
      </item>
      <item>
        <lastName>Abraham</lastName>
        <sponsorshipDate>2017-01-06</sponsorshipDate>
        <bioguideId>A000374</bioguideId>
        <middleName>Lee</middleName>
        <identifiers>
          <bioguideId>A000374</bioguideId>
          <gpoId />
          <lisID>2244</lisID>
        </identifiers>
        <district>5</district>
        <party>R</party>
        <state>LA</state>
        <firstName>Ralph</firstName>
        <sponsorshipWithdrawnDate />
        <isOriginalCosponsor>True</isOriginalCosponsor>
        <fullName>Rep. Abraham, Ralph Lee [R-LA-5]</fullName>
      </item>
      <item>
        <lastName>Tipton</lastName>
        <sponsorshipDate>2017-01-06</sponsorshipDate>
        <bioguideId>T000470</bioguideId>
        <middleName>R.</middleName>
        <identifiers>
          <bioguideId>T000470</bioguideId>
          <lisID>1997</lisID>
          <gpoId>7861</gpoId>
        </identifiers>
        <district>3</district>
        <party>R</party>
        <state>CO</state>
        <firstName>Scott</firstName>
        <sponsorshipWithdrawnDate />
        <isOriginalCosponsor>True</isOriginalCosponsor>
        <fullName>Rep. Tipton, Scott  R. [R-CO-3]</fullName>
      </item>
      <item>
        <lastName>Franks</lastName>
        <sponsorshipDate>2017-01-06</sponsorshipDate>
        <bioguideId>F000448</bioguideId>
        <middleName />
        <identifiers>
          <lisID>1707</lisID>
          <bioguideId>F000448</bioguideId>
          <gpoId>7799</gpoId>
        </identifiers>
        <district>8</district>
        <party>R</party>
        <state>AZ</state>
        <firstName>Trent</firstName>
        <sponsorshipWithdrawnDate />
        <isOriginalCosponsor>True</isOriginalCosponsor>
        <fullName>Rep. Franks, Trent [R-AZ-8]</fullName>
      </item>
      <item>
        <lastName>Lamborn</lastName>
        <sponsorshipDate>2017-01-06</sponsorshipDate>
        <bioguideId>L000564</bioguideId>
        <middleName />
        <identifiers>
          <lisID>1834</lisID>
          <bioguideId>L000564</bioguideId>
          <gpoId>7863</gpoId>
        </identifiers>
        <district>5</district>
        <party>R</party>
        <state>CO</state>
        <firstName>Doug</firstName>
        <sponsorshipWithdrawnDate />
        <isOriginalCosponsor>True</isOriginalCosponsor>
        <fullName>Rep. Lamborn, Doug [R-CO-5]</fullName>
      </item>
      <item>
        <lastName>Farenthold</lastName>
        <sponsorshipDate>2017-01-06</sponsorshipDate>
        <bioguideId>F000460</bioguideId>
        <middleName />
        <identifiers>
          <lisID>2067</lisID>
          <gpoId>8183</gpoId>
          <bioguideId>F000460</bioguideId>
        </identifiers>
        <district>27</district>
        <party>R</party>
        <state>TX</state>
        <firstName>Blake</firstName>
        <sponsorshipWithdrawnDate />
        <isOriginalCosponsor>True</isOriginalCosponsor>
        <fullName>Rep. Farenthold, Blake [R-TX-27]</fullName>
      </item>
      <item>
        <lastName>Zeldin</lastName>
        <sponsorshipDate>2017-01-06</sponsorshipDate>
        <bioguideId>Z000017</bioguideId>
        <middleName>M.</middleName>
        <identifiers>
          <bioguideId>Z000017</bioguideId>
          <lisID>2261</lisID>
          <gpoId />
        </identifiers>
        <district>1</district>
        <party>R</party>
        <state>NY</state>
        <firstName>Lee</firstName>
        <sponsorshipWithdrawnDate />
        <isOriginalCosponsor>True</isOriginalCosponsor>
        <fullName>Rep. Zeldin, Lee M. [R-NY-1]</fullName>
      </item>
      <item>
        <lastName>Gibbs</lastName>
        <sponsorshipDate>2017-01-06</sponsorshipDate>
        <bioguideId>G000563</bioguideId>
        <middleName />
        <identifiers>
          <lisID>2049</lisID>
          <gpoId>8108</gpoId>
          <bioguideId>G000563</bioguideId>
        </identifiers>
        <district>7</district>
        <party>R</party>
        <state>OH</state>
        <firstName>Bob</firstName>
        <sponsorshipWithdrawnDate />
        <isOriginalCosponsor>True</isOriginalCosponsor>
        <fullName>Rep. Gibbs, Bob [R-OH-7]</fullName>
      </item>
      <item>
        <lastName>Duffy</lastName>
        <sponsorshipDate>2017-01-06</sponsorshipDate>
        <bioguideId>D000614</bioguideId>
        <middleName>P.</middleName>
        <identifiers>
          <lisID>2072</lisID>
          <bioguideId>D000614</bioguideId>
          <gpoId>8220</gpoId>
        </identifiers>
        <district>7</district>
        <party>R</party>
        <state>WI</state>
        <firstName>Sean</firstName>
        <sponsorshipWithdrawnDate />
        <isOriginalCosponsor>True</isOriginalCosponsor>
        <fullName>Rep. Duffy, Sean P. [R-WI-7]</fullName>
      </item>
      <item>
        <lastName>Kelly</lastName>
        <sponsorshipDate>2017-01-06</sponsorshipDate>
        <bioguideId>K000376</bioguideId>
        <middleName />
        <identifiers>
          <lisID>2051</lisID>
          <bioguideId>K000376</bioguideId>
          <gpoId>8708</gpoId>
        </identifiers>
        <district>3</district>
        <party>R</party>
        <state>PA</state>
        <firstName>Mike</firstName>
        <sponsorshipWithdrawnDate />
        <isOriginalCosponsor>True</isOriginalCosponsor>
        <fullName>Rep. Kelly, Mike [R-PA-3]</fullName>
      </item>
      <item>
        <lastName>Long</lastName>
        <sponsorshipDate>2017-01-06</sponsorshipDate>
        <bioguideId>L000576</bioguideId>
        <middleName />
        <identifiers>
          <lisID>2033</lisID>
          <gpoId>8015</gpoId>
          <bioguideId>L000576</bioguideId>
        </identifiers>
        <district>7</district>
        <party>R</party>
        <state>MO</state>
        <firstName>Billy</firstName>
        <sponsorshipWithdrawnDate />
        <isOriginalCosponsor>True</isOriginalCosponsor>
        <fullName>Rep. Long, Billy [R-MO-7]</fullName>
      </item>
      <item>
        <lastName>Olson</lastName>
        <sponsorshipDate>2017-01-06</sponsorshipDate>
        <bioguideId>O000168</bioguideId>
        <middleName />
        <identifiers>
          <gpoId>8178</gpoId>
          <lisID>1955</lisID>
          <bioguideId>O000168</bioguideId>
        </identifiers>
        <district>22</district>
        <party>R</party>
        <state>TX</state>
        <firstName>Pete</firstName>
        <sponsorshipWithdrawnDate />
        <isOriginalCosponsor>True</isOriginalCosponsor>
        <fullName>Rep. Olson, Pete [R-TX-22]</fullName>
      </item>
      <item>
        <lastName>Jenkins</lastName>
        <sponsorshipDate>2017-01-06</sponsorshipDate>
        <bioguideId>J000290</bioguideId>
        <middleName />
        <identifiers>
          <gpoId>7950</gpoId>
          <lisID>1921</lisID>
          <bioguideId>J000290</bioguideId>
        </identifiers>
        <district>2</district>
        <party>R</party>
        <state>KS</state>
        <firstName>Lynn</firstName>
        <sponsorshipWithdrawnDate />
        <isOriginalCosponsor>True</isOriginalCosponsor>
        <fullName>Rep. Jenkins, Lynn [R-KS-2]</fullName>
      </item>
      <item>
        <lastName>Hensarling</lastName>
        <sponsorshipDate>2017-01-06</sponsorshipDate>
        <bioguideId>H001036</bioguideId>
        <middleName />
        <identifiers>
          <lisID>1749</lisID>
          <gpoId>8161</gpoId>
          <bioguideId>H001036</bioguideId>
        </identifiers>
        <district>5</district>
        <party>R</party>
        <state>TX</state>
        <firstName>Jeb</firstName>
        <sponsorshipWithdrawnDate />
        <isOriginalCosponsor>True</isOriginalCosponsor>
        <fullName>Rep. Hensarling, Jeb [R-TX-5]</fullName>
      </item>
      <item>
        <lastName>JOHNSON</lastName>
        <sponsorshipDate>2017-01-06</sponsorshipDate>
        <bioguideId>J000174</bioguideId>
        <middleName />
        <identifiers>
          <lisID>603</lisID>
          <bioguideId>J000174</bioguideId>
          <gpoId>8159</gpoId>
        </identifiers>
        <district>3</district>
        <party>R</party>
        <state>TX</state>
        <firstName>SAM</firstName>
        <sponsorshipWithdrawnDate />
        <isOriginalCosponsor>True</isOriginalCosponsor>
        <fullName>Rep. Johnson, Sam [R-TX-3]</fullName>
      </item>
      <item>
        <lastName>YOUNG</lastName>
        <sponsorshipDate>2017-01-06</sponsorshipDate>
        <bioguideId>Y000033</bioguideId>
        <middleName>E.</middleName>
        <identifiers>
          <gpoId>7785</gpoId>
          <bioguideId>Y000033</bioguideId>
          <lisID>1256</lisID>
        </identifiers>
        <district>0</district>
        <party>R</party>
        <state>AK</state>
        <firstName>DON</firstName>
        <sponsorshipWithdrawnDate />
        <isOriginalCosponsor>True</isOriginalCosponsor>
        <fullName>Rep. Young, Don [R-AK-At Large]</fullName>
      </item>
      <item>
        <lastName>Hice</lastName>
        <sponsorshipDate>2017-01-06</sponsorshipDate>
        <bioguideId>H001071</bioguideId>
        <middleName>B.</middleName>
        <identifiers>
          <lisID>2237</lisID>
          <bioguideId>H001071</bioguideId>
          <gpoId />
        </identifiers>
        <district>10</district>
        <party>R</party>
        <state>GA</state>
        <firstName>Jody</firstName>
        <sponsorshipWithdrawnDate />
        <isOriginalCosponsor>True</isOriginalCosponsor>
        <fullName>Rep. Hice, Jody B. [R-GA-10]</fullName>
      </item>
      <item>
        <lastName>Roe</lastName>
        <sponsorshipDate>2017-01-06</sponsorshipDate>
        <bioguideId>R000582</bioguideId>
        <middleName>P.</middleName>
        <identifiers>
          <bioguideId>R000582</bioguideId>
          <lisID>1954</lisID>
          <gpoId>8148</gpoId>
        </identifiers>
        <district>1</district>
        <party>R</party>
        <state>TN</state>
        <firstName>David</firstName>
        <sponsorshipWithdrawnDate />
        <isOriginalCosponsor>True</isOriginalCosponsor>
        <fullName>Rep. Roe, David P. [R-TN-1]</fullName>
      </item>
      <item>
        <lastName>Posey</lastName>
        <sponsorshipDate>2017-01-09</sponsorshipDate>
        <bioguideId>P000599</bioguideId>
        <middleName />
        <identifiers>
          <bioguideId>P000599</bioguideId>
          <gpoId>7887</gpoId>
          <lisID>1915</lisID>
        </identifiers>
        <district>8</district>
        <party>R</party>
        <state>FL</state>
        <firstName>Bill</firstName>
        <sponsorshipWithdrawnDate />
        <isOriginalCosponsor>False</isOriginalCosponsor>
        <fullName>Rep. Posey, Bill [R-FL-8]</fullName>
      </item>
      <item>
        <lastName>Pearce</lastName>
        <sponsorshipDate>2017-01-09</sponsorshipDate>
        <bioguideId>P000588</bioguideId>
        <middleName />
        <identifiers>
          <lisID>1738</lisID>
          <bioguideId>P000588</bioguideId>
          <gpoId>8057</gpoId>
        </identifiers>
        <district>2</district>
        <party>R</party>
        <state>NM</state>
        <firstName>Stevan</firstName>
        <sponsorshipWithdrawnDate />
        <isOriginalCosponsor>False</isOriginalCosponsor>
        <fullName>Rep. Pearce, Stevan [R-NM-2]</fullName>
      </item>
      <item>
        <lastName>Hudson</lastName>
        <sponsorshipDate>2017-01-09</sponsorshipDate>
        <bioguideId>H001067</bioguideId>
        <middleName />
        <identifiers>
          <gpoId />
          <bioguideId>H001067</bioguideId>
          <lisID>2140</lisID>
        </identifiers>
        <district>8</district>
        <party>R</party>
        <state>NC</state>
        <firstName>Richard</firstName>
        <sponsorshipWithdrawnDate />
        <isOriginalCosponsor>False</isOriginalCosponsor>
        <fullName>Rep. Hudson, Richard [R-NC-8]</fullName>
      </item>
      <item>
        <lastName>Latta</lastName>
        <sponsorshipDate>2017-01-10</sponsorshipDate>
        <bioguideId>L000566</bioguideId>
        <middleName>E.</middleName>
        <identifiers>
          <bioguideId>L000566</bioguideId>
          <lisID>1885</lisID>
          <gpoId>8095</gpoId>
        </identifiers>
        <district>5</district>
        <party>R</party>
        <state>OH</state>
        <firstName>Robert</firstName>
        <sponsorshipWithdrawnDate />
        <isOriginalCosponsor>False</isOriginalCosponsor>
        <fullName>Rep. Latta, Robert E. [R-OH-5]</fullName>
      </item>
      <item>
        <lastName>McClintock</lastName>
        <sponsorshipDate>2017-01-10</sponsorshipDate>
        <bioguideId>M001177</bioguideId>
        <middleName />
        <identifiers>
          <lisID>1908</lisID>
          <bioguideId>M001177</bioguideId>
          <gpoId>7809</gpoId>
        </identifiers>
        <district>4</district>
        <party>R</party>
        <state>CA</state>
        <firstName>Tom</firstName>
        <sponsorshipWithdrawnDate />
        <isOriginalCosponsor>False</isOriginalCosponsor>
        <fullName>Rep. McClintock, Tom [R-CA-4]</fullName>
      </item>
      <item>
        <lastName>CHABOT</lastName>
        <sponsorshipDate>2017-01-10</sponsorshipDate>
        <bioguideId>C000266</bioguideId>
        <middleName />
        <identifiers>
          <bioguideId>C000266</bioguideId>
          <gpoId>8091</gpoId>
          <lisID>186</lisID>
        </identifiers>
        <district>1</district>
        <party>R</party>
        <state>OH</state>
        <firstName>STEVE</firstName>
        <sponsorshipWithdrawnDate />
        <isOriginalCosponsor>False</isOriginalCosponsor>
        <fullName>Rep. Chabot, Steve [R-OH-1]</fullName>
      </item>
      <item>
        <lastName>Jenkins</lastName>
        <sponsorshipDate>2017-01-11</sponsorshipDate>
        <bioguideId>J000297</bioguideId>
        <middleName>H.</middleName>
        <identifiers>
          <gpoId />
          <bioguideId>J000297</bioguideId>
          <lisID>2278</lisID>
        </identifiers>
        <district>3</district>
        <party>R</party>
        <state>WV</state>
        <firstName>Evan</firstName>
        <sponsorshipWithdrawnDate />
        <isOriginalCosponsor>False</isOriginalCosponsor>
        <fullName>Rep. Jenkins, Evan H. [R-WV-3]</fullName>
      </item>
      <item>
        <lastName>Burgess</lastName>
        <sponsorshipDate>2017-01-13</sponsorshipDate>
        <bioguideId>B001248</bioguideId>
        <middleName>C.</middleName>
        <identifiers>
          <lisID>1751</lisID>
          <gpoId>8182</gpoId>
          <bioguideId>B001248</bioguideId>
        </identifiers>
        <district>26</district>
        <party>R</party>
        <state>TX</state>
        <firstName>Michael</firstName>
        <sponsorshipWithdrawnDate />
        <isOriginalCosponsor>False</isOriginalCosponsor>
        <fullName>Rep. Burgess, Michael C. [R-TX-26]</fullName>
      </item>
      <item>
        <lastName>Wittman</lastName>
        <sponsorshipDate>2017-01-13</sponsorshipDate>
        <bioguideId>W000804</bioguideId>
        <middleName>J.</middleName>
        <identifiers>
          <lisID>1886</lisID>
          <gpoId>8192</gpoId>
          <bioguideId>W000804</bioguideId>
        </identifiers>
        <district>1</district>
        <party>R</party>
        <state>VA</state>
        <firstName>Robert</firstName>
        <sponsorshipWithdrawnDate />
        <isOriginalCosponsor>False</isOriginalCosponsor>
        <fullName>Rep. Wittman, Robert J. [R-VA-1]</fullName>
      </item>
      <item>
        <lastName>Collins</lastName>
        <sponsorshipDate>2017-01-27</sponsorshipDate>
        <bioguideId>C001092</bioguideId>
        <middleName />
        <identifiers>
          <gpoId />
          <bioguideId>C001092</bioguideId>
          <lisID>2151</lisID>
        </identifiers>
        <district>27</district>
        <party>R</party>
        <state>NY</state>
        <firstName>Chris</firstName>
        <sponsorshipWithdrawnDate />
        <isOriginalCosponsor>False</isOriginalCosponsor>
        <fullName>Rep. Collins, Chris [R-NY-27]</fullName>
      </item>
      <item>
        <lastName>Banks</lastName>
        <sponsorshipDate>2017-01-27</sponsorshipDate>
        <bioguideId>B001299</bioguideId>
        <middleName />
        <identifiers>
          <bioguideId>B001299</bioguideId>
          <lisID>2326</lisID>
          <gpoId />
        </identifiers>
        <district>3</district>
        <party>R</party>
        <state>IN</state>
        <firstName>Jim</firstName>
        <sponsorshipWithdrawnDate />
        <isOriginalCosponsor>False</isOriginalCosponsor>
        <fullName>Rep. Banks, Jim [R-IN-3]</fullName>
      </item>
      <item>
        <lastName>Davidson</lastName>
        <sponsorshipDate>2017-01-31</sponsorshipDate>
        <bioguideId>D000626</bioguideId>
        <middleName />
        <identifiers>
          <lisID>2296</lisID>
          <bioguideId>D000626</bioguideId>
          <gpoId />
        </identifiers>
        <district>8</district>
        <party>R</party>
        <state>OH</state>
        <firstName>Warren</firstName>
        <sponsorshipWithdrawnDate />
        <isOriginalCosponsor>False</isOriginalCosponsor>
        <fullName>Rep. Davidson, Warren [R-OH-8]</fullName>
      </item>
      <item>
        <lastName>Cook</lastName>
        <sponsorshipDate>2017-01-31</sponsorshipDate>
        <bioguideId>C001094</bioguideId>
        <middleName />
        <identifiers>
          <lisID>2103</lisID>
          <bioguideId>C001094</bioguideId>
          <gpoId />
        </identifiers>
        <district>8</district>
        <party>R</party>
        <state>CA</state>
        <firstName>Paul</firstName>
        <sponsorshipWithdrawnDate />
        <isOriginalCosponsor>False</isOriginalCosponsor>
        <fullName>Rep. Cook, Paul [R-CA-8]</fullName>
      </item>
      <item>
        <lastName>LaMalfa</lastName>
        <sponsorshipDate>2017-02-06</sponsorshipDate>
        <bioguideId>L000578</bioguideId>
        <middleName />
        <identifiers>
          <bioguideId>L000578</bioguideId>
          <lisID>2100</lisID>
          <gpoId />
        </identifiers>
        <district>1</district>
        <party>R</party>
        <state>CA</state>
        <firstName>Doug</firstName>
        <sponsorshipWithdrawnDate />
        <isOriginalCosponsor>False</isOriginalCosponsor>
        <fullName>Rep. LaMalfa, Doug [R-CA-1]</fullName>
      </item>
      <item>
        <lastName>Byrne</lastName>
        <sponsorshipDate>2017-04-24</sponsorshipDate>
        <bioguideId>B001289</bioguideId>
        <middleName />
        <identifiers>
          <lisID>2197</lisID>
          <bioguideId>B001289</bioguideId>
          <gpoId />
        </identifiers>
        <district>1</district>
        <party>R</party>
        <state>AL</state>
        <firstName>Bradley</firstName>
        <sponsorshipWithdrawnDate />
        <isOriginalCosponsor>False</isOriginalCosponsor>
        <fullName>Rep. Byrne, Bradley [R-AL-1]</fullName>
      </item>
      <item>
        <lastName>Webster</lastName>
        <sponsorshipDate>2017-05-18</sponsorshipDate>
        <bioguideId>W000806</bioguideId>
        <middleName />
        <identifiers>
          <lisID>2002</lisID>
          <bioguideId>W000806</bioguideId>
          <gpoId>7880</gpoId>
        </identifiers>
        <district>11</district>
        <party>R</party>
        <state>FL</state>
        <firstName>Daniel</firstName>
        <sponsorshipWithdrawnDate />
        <isOriginalCosponsor>False</isOriginalCosponsor>
        <fullName>Rep. Webster, Daniel [R-FL-11]</fullName>
      </item>
      <item>
        <lastName>Noem</lastName>
        <sponsorshipDate>2017-05-18</sponsorshipDate>
        <bioguideId>N000184</bioguideId>
        <middleName>L.</middleName>
        <identifiers>
          <lisID>2060</lisID>
          <bioguideId>N000184</bioguideId>
          <gpoId>8147</gpoId>
        </identifiers>
        <district>0</district>
        <party>R</party>
        <state>SD</state>
        <firstName>Kristi</firstName>
        <sponsorshipWithdrawnDate />
        <isOriginalCosponsor>False</isOriginalCosponsor>
        <fullName>Rep. Noem, Kristi L. [R-SD-At Large]</fullName>
      </item>
      <item>
        <lastName>Massie</lastName>
        <sponsorshipDate>2017-05-18</sponsorshipDate>
        <bioguideId>M001184</bioguideId>
        <middleName />
        <identifiers>
          <lisID>2094</lisID>
          <gpoId>8371</gpoId>
          <bioguideId>M001184</bioguideId>
        </identifiers>
        <district>4</district>
        <party>R</party>
        <state>KY</state>
        <firstName>Thomas</firstName>
        <sponsorshipWithdrawnDate />
        <isOriginalCosponsor>False</isOriginalCosponsor>
        <fullName>Rep. Massie, Thomas [R-KY-4]</fullName>
      </item>
      <item>
        <lastName>Brat</lastName>
        <sponsorshipDate>2017-05-22</sponsorshipDate>
        <bioguideId>B001290</bioguideId>
        <middleName />
        <identifiers>
          <bioguideId>B001290</bioguideId>
          <lisID>2203</lisID>
          <gpoId />
        </identifiers>
        <district>7</district>
        <party>R</party>
        <state>VA</state>
        <firstName>Dave</firstName>
        <sponsorshipWithdrawnDate />
        <isOriginalCosponsor>False</isOriginalCosponsor>
        <fullName>Rep. Brat, Dave [R-VA-7]</fullName>
      </item>
      <item>
        <lastName>Gosar</lastName>
        <sponsorshipDate>2017-05-24</sponsorshipDate>
        <bioguideId>G000565</bioguideId>
        <middleName>A.</middleName>
        <identifiers>
          <lisID>1992</lisID>
          <bioguideId>G000565</bioguideId>
          <gpoId>7798</gpoId>
        </identifiers>
        <district>4</district>
        <party>R</party>
        <state>AZ</state>
        <firstName>Paul</firstName>
        <sponsorshipWithdrawnDate />
        <isOriginalCosponsor>False</isOriginalCosponsor>
        <fullName>Rep. Gosar, Paul A. [R-AZ-4]</fullName>
      </item>
      <item>
        <lastName>SESSIONS</lastName>
        <sponsorshipDate>2017-05-24</sponsorshipDate>
        <bioguideId>S000250</bioguideId>
        <middleName />
        <identifiers>
          <lisID>1525</lisID>
          <bioguideId>S000250</bioguideId>
          <gpoId>8188</gpoId>
        </identifiers>
        <district>32</district>
        <party>R</party>
        <state>TX</state>
        <firstName>PETE</firstName>
        <sponsorshipWithdrawnDate />
        <isOriginalCosponsor>False</isOriginalCosponsor>
        <fullName>Rep. Sessions, Pete [R-TX-32]</fullName>
      </item>
      <item>
        <lastName>Walker</lastName>
        <sponsorshipDate>2017-05-24</sponsorshipDate>
        <bioguideId>W000819</bioguideId>
        <middleName />
        <identifiers>
          <bioguideId>W000819</bioguideId>
          <gpoId />
          <lisID>2255</lisID>
        </identifiers>
        <district>6</district>
        <party>R</party>
        <state>NC</state>
        <firstName>Mark</firstName>
        <sponsorshipWithdrawnDate />
        <isOriginalCosponsor>False</isOriginalCosponsor>
        <fullName>Rep. Walker, Mark [R-NC-6]</fullName>
      </item>
      <item>
        <lastName>Schweikert</lastName>
        <sponsorshipDate>2017-05-24</sponsorshipDate>
        <bioguideId>S001183</bioguideId>
        <middleName />
        <identifiers>
          <lisID>1994</lisID>
          <bioguideId>S001183</bioguideId>
          <gpoId>7802</gpoId>
        </identifiers>
        <district>6</district>
        <party>R</party>
        <state>AZ</state>
        <firstName>David</firstName>
        <sponsorshipWithdrawnDate />
        <isOriginalCosponsor>False</isOriginalCosponsor>
        <fullName>Rep. Schweikert, David [R-AZ-6]</fullName>
      </item>
      <item>
        <lastName>McCaul</lastName>
        <sponsorshipDate>2017-05-24</sponsorshipDate>
        <bioguideId>M001157</bioguideId>
        <middleName>T.</middleName>
        <identifiers>
          <lisID>1804</lisID>
          <bioguideId>M001157</bioguideId>
          <gpoId>8166</gpoId>
        </identifiers>
        <district>10</district>
        <party>R</party>
        <state>TX</state>
        <firstName>Michael</firstName>
        <sponsorshipWithdrawnDate />
        <isOriginalCosponsor>False</isOriginalCosponsor>
        <fullName>Rep. McCaul, Michael T. [R-TX-10]</fullName>
      </item>
      <item>
        <lastName>Newhouse</lastName>
        <sponsorshipDate>2017-05-24</sponsorshipDate>
        <bioguideId>N000189</bioguideId>
        <middleName />
        <identifiers>
          <lisID>2275</lisID>
          <gpoId />
          <bioguideId>N000189</bioguideId>
        </identifiers>
        <district>4</district>
        <party>R</party>
        <state>WA</state>
        <firstName>Dan</firstName>
        <sponsorshipWithdrawnDate />
        <isOriginalCosponsor>False</isOriginalCosponsor>
        <fullName>Rep. Newhouse, Dan [R-WA-4]</fullName>
      </item>
      <item>
        <lastName>Jordan</lastName>
        <sponsorshipDate>2017-05-24</sponsorshipDate>
        <bioguideId>J000289</bioguideId>
        <middleName />
        <identifiers>
          <gpoId>8094</gpoId>
          <lisID>1868</lisID>
          <bioguideId>J000289</bioguideId>
        </identifiers>
        <district>4</district>
        <party>R</party>
        <state>OH</state>
        <firstName>Jim</firstName>
        <sponsorshipWithdrawnDate />
        <isOriginalCosponsor>False</isOriginalCosponsor>
        <fullName>Rep. Jordan, Jim [R-OH-4]</fullName>
      </item>
      <item>
        <lastName>King</lastName>
        <sponsorshipDate>2017-05-24</sponsorshipDate>
        <bioguideId>K000362</bioguideId>
        <middleName />
        <identifiers>
          <gpoId>7918</gpoId>
          <bioguideId>K000362</bioguideId>
          <lisID>1724</lisID>
        </identifiers>
        <district>4</district>
        <party>R</party>
        <state>IA</state>
        <firstName>Steve</firstName>
        <sponsorshipWithdrawnDate />
        <isOriginalCosponsor>False</isOriginalCosponsor>
        <fullName>Rep. King, Steve [R-IA-4]</fullName>
      </item>
      <item>
        <lastName>Cole</lastName>
        <sponsorshipDate>2017-05-24</sponsorshipDate>
        <bioguideId>C001053</bioguideId>
        <middleName />
        <identifiers>
          <bioguideId>C001053</bioguideId>
          <gpoId>8112</gpoId>
          <lisID>1742</lisID>
        </identifiers>
        <district>4</district>
        <party>R</party>
        <state>OK</state>
        <firstName>Tom</firstName>
        <sponsorshipWithdrawnDate />
        <isOriginalCosponsor>False</isOriginalCosponsor>
        <fullName>Rep. Cole, Tom [R-OK-4]</fullName>
      </item>
      <item>
        <lastName>Palmer</lastName>
        <sponsorshipDate>2017-06-02</sponsorshipDate>
        <bioguideId>P000609</bioguideId>
        <middleName>J.</middleName>
        <identifiers>
          <lisID>2221</lisID>
          <gpoId />
          <bioguideId>P000609</bioguideId>
        </identifiers>
        <district>6</district>
        <party>R</party>
        <state>AL</state>
        <firstName>Gary</firstName>
        <sponsorshipWithdrawnDate />
        <isOriginalCosponsor>False</isOriginalCosponsor>
        <fullName>Rep. Palmer, Gary J. [R-AL-6]</fullName>
      </item>
      <item>
        <lastName>DeSantis</lastName>
        <sponsorshipDate>2017-06-02</sponsorshipDate>
        <bioguideId>D000621</bioguideId>
        <middleName />
        <identifiers>
          <bioguideId>D000621</bioguideId>
          <lisID>2116</lisID>
          <gpoId />
        </identifiers>
        <district>6</district>
        <party>R</party>
        <state>FL</state>
        <firstName>Ron</firstName>
        <sponsorshipWithdrawnDate />
        <isOriginalCosponsor>False</isOriginalCosponsor>
        <fullName>Rep. DeSantis, Ron [R-FL-6]</fullName>
      </item>
      <item>
        <lastName>Davis</lastName>
        <sponsorshipDate>2017-06-06</sponsorshipDate>
        <bioguideId>D000619</bioguideId>
        <middleName />
        <identifiers>
          <bioguideId>D000619</bioguideId>
          <gpoId />
          <lisID>2126</lisID>
        </identifiers>
        <district>13</district>
        <party>R</party>
        <state>IL</state>
        <firstName>Rodney</firstName>
        <sponsorshipWithdrawnDate />
        <isOriginalCosponsor>False</isOriginalCosponsor>
        <fullName>Rep. Davis, Rodney [R-IL-13]</fullName>
      </item>
      <item>
        <lastName>Thompson</lastName>
        <sponsorshipDate>2017-06-06</sponsorshipDate>
        <bioguideId>T000467</bioguideId>
        <middleName />
        <identifiers>
          <bioguideId>T000467</bioguideId>
          <gpoId>8123</gpoId>
          <lisID>1952</lisID>
        </identifiers>
        <district>5</district>
        <party>R</party>
        <state>PA</state>
        <firstName>Glenn</firstName>
        <sponsorshipWithdrawnDate />
        <isOriginalCosponsor>False</isOriginalCosponsor>
        <fullName>Rep. Thompson, Glenn [R-PA-5]</fullName>
      </item>
      <item>
        <lastName>Rogers</lastName>
        <sponsorshipDate>2017-06-06</sponsorshipDate>
        <bioguideId>R000575</bioguideId>
        <middleName />
        <identifiers>
          <bioguideId>R000575</bioguideId>
          <lisID>1704</lisID>
          <gpoId>7788</gpoId>
        </identifiers>
        <district>3</district>
        <party>R</party>
        <state>AL</state>
        <firstName>Mike</firstName>
        <sponsorshipWithdrawnDate />
        <isOriginalCosponsor>False</isOriginalCosponsor>
        <fullName>Rep. Rogers, Mike D. [R-AL-3]</fullName>
      </item>
      <item>
        <lastName>DesJarlais</lastName>
        <sponsorshipDate>2017-06-06</sponsorshipDate>
        <bioguideId>D000616</bioguideId>
        <middleName />
        <identifiers>
          <lisID>2062</lisID>
          <gpoId>8151</gpoId>
          <bioguideId>D000616</bioguideId>
        </identifiers>
        <district>4</district>
        <party>R</party>
        <state>TN</state>
        <firstName>Scott</firstName>
        <sponsorshipWithdrawnDate />
        <isOriginalCosponsor>False</isOriginalCosponsor>
        <fullName>Rep. DesJarlais, Scott [R-TN-4]</fullName>
      </item>
      <item>
        <lastName>Walorski</lastName>
        <sponsorshipDate>2017-06-06</sponsorshipDate>
        <bioguideId>W000813</bioguideId>
        <middleName />
        <identifiers>
          <gpoId />
          <lisID>2128</lisID>
          <bioguideId>W000813</bioguideId>
        </identifiers>
        <district>2</district>
        <party>R</party>
        <state>IN</state>
        <firstName>Jackie</firstName>
        <sponsorshipWithdrawnDate />
        <isOriginalCosponsor>False</isOriginalCosponsor>
        <fullName>Rep. Walorski, Jackie [R-IN-2]</fullName>
      </item>
      <item>
        <lastName>Meadows</lastName>
        <sponsorshipDate>2017-06-06</sponsorshipDate>
        <bioguideId>M001187</bioguideId>
        <middleName />
        <identifiers>
          <lisID>2142</lisID>
          <bioguideId>M001187</bioguideId>
          <gpoId />
        </identifiers>
        <district>11</district>
        <party>R</party>
        <state>NC</state>
        <firstName>Mark</firstName>
        <sponsorshipWithdrawnDate />
        <isOriginalCosponsor>False</isOriginalCosponsor>
        <fullName>Rep. Meadows, Mark [R-NC-11]</fullName>
      </item>
      <item>
        <lastName>Grothman</lastName>
        <sponsorshipDate>2017-06-07</sponsorshipDate>
        <bioguideId>G000576</bioguideId>
        <middleName />
        <identifiers>
          <lisID>2276</lisID>
          <bioguideId>G000576</bioguideId>
          <gpoId />
        </identifiers>
        <district>6</district>
        <party>R</party>
        <state>WI</state>
        <firstName>Glenn</firstName>
        <sponsorshipWithdrawnDate />
        <isOriginalCosponsor>False</isOriginalCosponsor>
        <fullName>Rep. Grothman, Glenn [R-WI-6]</fullName>
      </item>
      <item>
        <lastName>Dunn</lastName>
        <sponsorshipDate>2017-06-07</sponsorshipDate>
        <bioguideId>D000628</bioguideId>
        <middleName>P.</middleName>
        <identifiers>
          <gpoId />
          <bioguideId>D000628</bioguideId>
          <lisID>2315</lisID>
        </identifiers>
        <district>2</district>
        <party>R</party>
        <state>FL</state>
        <firstName>Neal</firstName>
        <sponsorshipWithdrawnDate />
        <isOriginalCosponsor>False</isOriginalCosponsor>
        <fullName>Rep. Dunn, Neal P. [R-FL-2]</fullName>
      </item>
      <item>
        <lastName>Bishop</lastName>
        <sponsorshipDate>2017-06-08</sponsorshipDate>
        <bioguideId>B001293</bioguideId>
        <middleName />
        <identifiers>
          <bioguideId>B001293</bioguideId>
          <gpoId />
          <lisID>2249</lisID>
        </identifiers>
        <district>8</district>
        <party>R</party>
        <state>MI</state>
        <firstName>Mike</firstName>
        <sponsorshipWithdrawnDate />
        <isOriginalCosponsor>False</isOriginalCosponsor>
        <fullName>Rep. Bishop, Mike [R-MI-8]</fullName>
      </item>
      <item>
        <lastName>Mooney</lastName>
        <sponsorshipDate>2017-06-12</sponsorshipDate>
        <bioguideId>M001195</bioguideId>
        <middleName>X.</middleName>
        <identifiers>
          <bioguideId>M001195</bioguideId>
          <lisID>2277</lisID>
          <gpoId />
        </identifiers>
        <district>2</district>
        <party>R</party>
        <state>WV</state>
        <firstName>Alexander</firstName>
        <sponsorshipWithdrawnDate />
        <isOriginalCosponsor>False</isOriginalCosponsor>
        <fullName>Rep. Mooney, Alexander X. [R-WV-2]</fullName>
      </item>
      <item>
        <lastName>Valadao</lastName>
        <sponsorshipDate>2017-06-15</sponsorshipDate>
        <bioguideId>V000129</bioguideId>
        <middleName>G.</middleName>
        <identifiers>
          <lisID>2105</lisID>
          <bioguideId>V000129</bioguideId>
          <gpoId />
        </identifiers>
        <district>21</district>
        <party>R</party>
        <state>CA</state>
        <firstName>David</firstName>
        <sponsorshipWithdrawnDate />
        <isOriginalCosponsor>False</isOriginalCosponsor>
        <fullName>Rep. Valadao, David G. [R-CA-21]</fullName>
      </item>
      <item>
        <lastName>Rokita</lastName>
        <sponsorshipDate>2017-06-15</sponsorshipDate>
        <bioguideId>R000592</bioguideId>
        <middleName />
        <identifiers>
          <gpoId>7943</gpoId>
          <bioguideId>R000592</bioguideId>
          <lisID>2017</lisID>
        </identifiers>
        <district>4</district>
        <party>R</party>
        <state>IN</state>
        <firstName>Todd</firstName>
        <sponsorshipWithdrawnDate />
        <isOriginalCosponsor>False</isOriginalCosponsor>
        <fullName>Rep. Rokita, Todd [R-IN-4]</fullName>
      </item>
      <item>
        <lastName>SMITH</lastName>
        <sponsorshipDate>2017-06-15</sponsorshipDate>
        <bioguideId>S000583</bioguideId>
        <middleName />
        <identifiers>
          <bioguideId>S000583</bioguideId>
          <gpoId>8177</gpoId>
          <lisID>1075</lisID>
        </identifiers>
        <district>21</district>
        <party>R</party>
        <state>TX</state>
        <firstName>LAMAR</firstName>
        <sponsorshipWithdrawnDate />
        <isOriginalCosponsor>False</isOriginalCosponsor>
        <fullName>Rep. Smith, Lamar [R-TX-21]</fullName>
      </item>
      <item>
        <lastName>Harper</lastName>
        <sponsorshipDate>2017-06-26</sponsorshipDate>
        <bioguideId>H001045</bioguideId>
        <middleName />
        <identifiers>
          <bioguideId>H001045</bioguideId>
          <lisID>1933</lisID>
          <gpoId>8021</gpoId>
        </identifiers>
        <district>3</district>
        <party>R</party>
        <state>MS</state>
        <firstName>Gregg</firstName>
        <sponsorshipWithdrawnDate />
        <isOriginalCosponsor>False</isOriginalCosponsor>
        <fullName>Rep. Harper, Gregg [R-MS-3]</fullName>
      </item>
      <item>
        <lastName>Luetkemeyer</lastName>
        <sponsorshipDate>2017-06-26</sponsorshipDate>
        <bioguideId>L000569</bioguideId>
        <middleName />
        <identifiers>
          <lisID>1931</lisID>
          <bioguideId>L000569</bioguideId>
          <gpoId>8017</gpoId>
        </identifiers>
        <district>3</district>
        <party>R</party>
        <state>MO</state>
        <firstName>Blaine</firstName>
        <sponsorshipWithdrawnDate />
        <isOriginalCosponsor>False</isOriginalCosponsor>
        <fullName>Rep. Luetkemeyer, Blaine [R-MO-3]</fullName>
      </item>
      <item>
        <lastName>Emmer</lastName>
        <sponsorshipDate>2017-07-27</sponsorshipDate>
        <bioguideId>E000294</bioguideId>
        <middleName />
        <identifiers>
          <bioguideId>E000294</bioguideId>
          <lisID>2253</lisID>
          <gpoId />
        </identifiers>
        <district>6</district>
        <party>R</party>
        <state>MN</state>
        <firstName>Tom</firstName>
        <sponsorshipWithdrawnDate />
        <isOriginalCosponsor>False</isOriginalCosponsor>
        <fullName>Rep. Emmer, Tom [R-MN-6]</fullName>
      </item>
      <item>
        <lastName>Allen</lastName>
        <sponsorshipDate>2017-07-27</sponsorshipDate>
        <bioguideId>A000372</bioguideId>
        <middleName>W.</middleName>
        <identifiers>
          <gpoId />
          <lisID>2239</lisID>
          <bioguideId>A000372</bioguideId>
        </identifiers>
        <district>12</district>
        <party>R</party>
        <state>GA</state>
        <firstName>Rick</firstName>
        <sponsorshipWithdrawnDate />
        <isOriginalCosponsor>False</isOriginalCosponsor>
        <fullName>Rep. Allen, Rick W. [R-GA-12]</fullName>
      </item>
      <item>
        <lastName>Coffman</lastName>
        <sponsorshipDate>2017-09-25</sponsorshipDate>
        <bioguideId>C001077</bioguideId>
        <middleName />
        <identifiers>
          <bioguideId>C001077</bioguideId>
          <lisID>1912</lisID>
          <gpoId>7864</gpoId>
        </identifiers>
        <district>6</district>
        <party>R</party>
        <state>CO</state>
        <firstName>Mike</firstName>
        <sponsorshipWithdrawnDate />
        <isOriginalCosponsor>False</isOriginalCosponsor>
        <fullName>Rep. Coffman, Mike [R-CO-6]</fullName>
      </item>
      <item>
        <lastName>Barr</lastName>
        <sponsorshipDate>2017-11-08</sponsorshipDate>
        <bioguideId>B001282</bioguideId>
        <middleName />
        <identifiers>
          <lisID>2131</lisID>
          <bioguideId>B001282</bioguideId>
          <gpoId />
        </identifiers>
        <district>6</district>
        <party>R</party>
        <state>KY</state>
        <firstName>Andy</firstName>
        <sponsorshipWithdrawnDate />
        <isOriginalCosponsor>False</isOriginalCosponsor>
        <fullName>Rep. Barr, Andy [R-KY-6]</fullName>
      </item>
    </cosponsors>
    <congress>115</congress>
    <committees>
      <billCommittees>
        <item>
          <chamber>House</chamber>
          <subcommittees>
            <item>
              <activities>
                <item>
                  <date>2017-02-06T22:24:39Z</date>
                  <name>Referred to</name>
                </item>
              </activities>
              <systemCode>hsju08</systemCode>
              <name>Crime, Terrorism, Homeland Security, and Investigations Subcommittee</name>
            </item>
          </subcommittees>
          <type>Standing</type>
          <activities>
            <item>
              <date>2017-01-06T17:00:10Z</date>
              <name>Referred to</name>
            </item>
          </activities>
          <systemCode>hsju00</systemCode>
          <name>Judiciary Committee</name>
        </item>
      </billCommittees>
    </committees>
    <constitutionalAuthorityStatementText><![CDATA[<pre>From the Congressional Record Online through the Government Publishing Office [<a href='http://www.gpo.gov'>www.gpo.gov</a>]By Mr. GRIFFITH:H.R. 358.Congress has the power to enact this legislation pursuantto the following:Article I, Section 8 of the United States Constitution aswell as Amendment II[Page H195]</pre>]]></constitutionalAuthorityStatementText>
    <laws />
    <titles>
      <item>
        <chamberCode />
        <title>To amend chapter 44 of title 18, United States Code, to more comprehensively address the interstate transportation of firearms or ammunition.</title>
        <titleType>Official Title as Introduced</titleType>
        <parentTitleType />
        <chamberName />
      </item>
      <item>
        <chamberCode />
        <title>To amend chapter 44 of title 18, United States Code, to more comprehensively address the interstate transportation of firearms or ammunition.</title>
        <titleType>Display Title</titleType>
        <parentTitleType />
        <chamberName />
      </item>
    </titles>
    <billType>HR</billType>
    <amendments />
    <recordedVotes />
    <actions>
      <actionByCounts>
        <houseOfRepresentatives>4</houseOfRepresentatives>
      </actionByCounts>
      <actionTypeCounts>
        <introducedInTheHouse>1</introducedInTheHouse>
        <billReferrals>1</billReferrals>
        <placeholderTextForH>1</placeholderTextForH>
        <introducedInHouse>1</introducedInHouse>
      </actionTypeCounts>
      <item>
        <actionDate>2017-02-06</actionDate>
        <committee>
          <systemCode>hsju08</systemCode>
          <name>Crime, Terrorism, Homeland Security, and Investigations Subcommittee</name>
        </committee>
        <links />
        <sourceSystem>
          <name>House committee actions</name>
          <code>1</code>
        </sourceSystem>
        <text>Referred to the Subcommittee on Crime, Terrorism, Homeland Security, and Investigations.</text>
        <type>Committee</type>
      </item>
      <item>
        <actionDate>2017-01-06</actionDate>
        <text>Referred to the House Committee on the Judiciary.</text>
        <sourceSystem>
          <name>House floor actions</name>
          <code>2</code>
        </sourceSystem>
        <committee>
          <systemCode>hsju00</systemCode>
          <name>Judiciary Committee</name>
        </committee>
        <links />
        <actionCode>H11100</actionCode>
        <type>IntroReferral</type>
      </item>
      <item>
        <actionDate>2017-01-06</actionDate>
        <text>Introduced in House</text>
        <sourceSystem>
          <name>Library of Congress</name>
          <code>9</code>
        </sourceSystem>
        <committee />
        <links />
        <actionCode>Intro-H</actionCode>
        <type>IntroReferral</type>
      </item>
      <item>
        <actionDate>2017-01-06</actionDate>
        <text>Introduced in House</text>
        <sourceSystem>
          <name>Library of Congress</name>
          <code>9</code>
        </sourceSystem>
        <committee />
        <links />
        <actionCode>1000</actionCode>
        <type>IntroReferral</type>
      </item>
    </actions>
    <introducedDate>2017-01-06</introducedDate>
    <relatedBills>
      <item>
        <number>618</number>
        <type>S</type>
        <latestAction>
          <text>Read twice and referred to the Committee on the Judiciary.</text>
          <actionDate>2017-03-14</actionDate>
        </latestAction>
        <congress>115</congress>
        <latestTitle>Lawful Interstate Transportation of Firearms Act</latestTitle>
        <relationshipDetails>
          <item>
            <identifiedBy>CRS</identifiedBy>
            <type>Related bill</type>
          </item>
        </relationshipDetails>
      </item>
    </relatedBills>
    <committeeReports />
    <calendarNumbers />
    <billNumber>358</billNumber>
    <summaries>
      <billSummaries>
        <item>
          <versionCode>00</versionCode>
          <actionDate>2017-01-06</actionDate>
          <updateDate>2017-01-06T05:00:00Z</updateDate>
          <text><![CDATA[<p>This bill amends the federal criminal code to revise provisions related to the interstate transportation of firearms and ammunition. <p>An individual may transport a firearm between two places (e.g., states) where it is legal to possess, carry, or transport the firearm. During transport, the firearm must be unloaded and secured or securely stored. <p>Additionally, an individual may transport ammunition, or a detachable magazine or feeding device, between two places where it is legal to possess, carry, or transport the ammunition, magazine, or feeding device. During transport, the ammunition, magazine, or feeding device must not be loaded into a firearm and must be securely stored. <p>This bill prohibits the arrest or detention of an individual for a state or local firearm or ammunition violation unless there is probable cause to believe the individual failed to comply with the provisions of this bill.]]></text>
          <actionDesc>Introduced in House</actionDesc>
          <name>Introduced in House</name>
          <lastSummaryUpdateDate>2017-04-27T17:44:03Z</lastSummaryUpdateDate>
        </item>
      </billSummaries>
    </summaries>
    <cboCostEstimates />
    <updateDate>2018-02-06T16:40:42Z</updateDate>
    <policyArea>
      <name>Crime and Law Enforcement</name>
    </policyArea>
    <latestAction>
      <text>Referred to the Subcommittee on Crime, Terrorism, Homeland Security, and Investigations.</text>
      <actionDate>2017-02-06</actionDate>
      <links />
    </latestAction>
    <version>1.0.0</version>
    <subjects>
      <billSubjects>
        <policyArea>
          <name>Crime and Law Enforcement</name>
        </policyArea>
        <legislativeSubjects>
          <item>
            <name>Criminal procedure and sentencing</name>
          </item>
          <item>
            <name>Firearms and explosives</name>
          </item>
          <item>
            <name>Legal fees and court costs</name>
          </item>
          <item>
            <name>Motor vehicles</name>
          </item>
        </legislativeSubjects>
      </billSubjects>
    </subjects>
    <title>To amend chapter 44 of title 18, United States Code, to more comprehensively address the interstate transportation of firearms or ammunition.</title>
    <originChamber>House</originChamber>
    <sponsors>
      <item>
        <byRequestType />
        <district>9</district>
        <party>R</party>
        <fullName>Rep. Griffith, H. Morgan [R-VA-9]</fullName>
        <lastName>Griffith</lastName>
        <state>VA</state>
        <bioguideId>G000568</bioguideId>
        <middleName>Morgan</middleName>
        <firstName>H.</firstName>
        <identifiers>
          <gpoId>8200</gpoId>
          <lisID>2070</lisID>
          <bioguideId>G000568</bioguideId>
        </identifiers>
      </item>
    </sponsors>
    <notes />
    <createDate>2017-01-07T04:48:26Z</createDate>
  </bill>
  <dublinCore xmlns:dc="http://purl.org/dc/elements/1.1/">
    <dc:format>text/xml</dc:format>
    <dc:language>EN</dc:language>
    <dc:rights>Pursuant to Title 17 Section 105 of the United States Code, this file is not subject to copyright protection and is in the public domain.</dc:rights>
    <dc:contributor>Congressional Research Service, Library of Congress</dc:contributor>
    <dc:description>This file contains bill summaries and statuses for federal legislation. A bill summary describes the most significant provisions of a piece of legislation and details the effects the legislative text may have on current law and federal programs. Bill summaries are authored by the Congressional Research Service (CRS) of the Library of Congress. As stated in Public Law 91-510 (2 USC 166 (d)(6)), one of the duties of CRS is "to prepare summaries and digests of bills and resolutions of a public general nature introduced in the Senate or House of Representatives". For more information, refer to the User Guide that accompanies this file.</dc:description>
  </dublinCore>
</billStatus>

