<?xml version="1.0" encoding="UTF-8"?>
<billStatus>
  <bill>
    <committeeReports />
    <originChamber>House</originChamber>
    <billNumber>690</billNumber>
    <actions>
      <actionByCounts>
        <senate>1</senate>
        <houseOfRepresentatives>9</houseOfRepresentatives>
      </actionByCounts>
      <item>
        <actionDate>2017-02-01</actionDate>
        <committee>
          <name>Homeland Security and Governmental Affairs Committee</name>
          <systemCode>ssga00</systemCode>
        </committee>
        <links />
        <sourceSystem>
          <name>Senate</name>
          <code>0</code>
        </sourceSystem>
        <text>Received in the Senate and Read twice and referred to the Committee on Homeland Security and Governmental Affairs.</text>
        <type>IntroReferral</type>
      </item>
      <item>
        <text>Motion to reconsider laid on the table Agreed to without objection.</text>
        <type>Floor</type>
        <sourceSystem>
          <name>House floor actions</name>
          <code>2</code>
        </sourceSystem>
        <committee />
        <actionTime>16:19:17</actionTime>
        <actionCode>H38310</actionCode>
        <actionDate>2017-01-31</actionDate>
        <links />
      </item>
      <item>
        <text>On motion to suspend the rules and pass the bill Agreed to by voice vote. (text: CR H794-795)</text>
        <type>Floor</type>
        <sourceSystem>
          <name>House floor actions</name>
          <code>2</code>
        </sourceSystem>
        <committee />
        <actionTime>16:19:15</actionTime>
        <actionCode>H37300</actionCode>
        <actionDate>2017-01-31</actionDate>
        <links>
          <link>
            <name>H794-795</name>
            <url>https://www.congress.gov/congressional-record/volume-163/house-section/page/H794-795</url>
          </link>
        </links>
      </item>
      <item>
        <text>Passed/agreed to in House: On motion to suspend the rules and pass the bill Agreed to by voice vote.(text: CR H794-795)</text>
        <type>Floor</type>
        <sourceSystem>
          <name>Library of Congress</name>
          <code>9</code>
        </sourceSystem>
        <committee />
        <actionTime>16:19:15</actionTime>
        <actionCode>8000</actionCode>
        <actionDate>2017-01-31</actionDate>
        <links>
          <link>
            <name>H794-795</name>
            <url>https://www.congress.gov/congressional-record/volume-163/house-section/page/H794-795</url>
          </link>
        </links>
      </item>
      <item>
        <text>DEBATE - The House proceeded with forty minutes of debate on H.R. 690.</text>
        <type>Floor</type>
        <sourceSystem>
          <name>House floor actions</name>
          <code>2</code>
        </sourceSystem>
        <committee />
        <actionTime>16:10:55</actionTime>
        <actionCode>H8D000</actionCode>
        <actionDate>2017-01-31</actionDate>
        <links>
          <link>
            <name>H.R. 690</name>
            <url>https://www.congress.gov/bill/115th-congress/house-bill/690</url>
          </link>
        </links>
      </item>
      <item>
        <text>Considered under suspension of the rules. (consideration: CR H794-796)</text>
        <type>Floor</type>
        <sourceSystem>
          <name>House floor actions</name>
          <code>2</code>
        </sourceSystem>
        <committee />
        <actionTime>16:10:53</actionTime>
        <actionCode>H30000</actionCode>
        <actionDate>2017-01-31</actionDate>
        <links>
          <link>
            <name>H794-796</name>
            <url>https://www.congress.gov/congressional-record/volume-163/house-section/page/H794-796</url>
          </link>
        </links>
      </item>
      <item>
        <text>Mr. Donovan moved to suspend the rules and pass the bill.</text>
        <type>Floor</type>
        <sourceSystem>
          <name>House floor actions</name>
          <code>2</code>
        </sourceSystem>
        <committee />
        <actionTime>16:10:38</actionTime>
        <actionCode>H30300</actionCode>
        <actionDate>2017-01-31</actionDate>
        <links />
      </item>
      <item>
        <text>Referred to the House Committee on Homeland Security.</text>
        <type>IntroReferral</type>
        <sourceSystem>
          <name>House floor actions</name>
          <code>2</code>
        </sourceSystem>
        <committee>
          <name>Homeland Security Committee</name>
          <systemCode>hshm00</systemCode>
        </committee>
        <actionCode>H11100</actionCode>
        <actionDate>2017-01-24</actionDate>
        <links />
      </item>
      <item>
        <text>Introduced in House</text>
        <type>IntroReferral</type>
        <sourceSystem>
          <name>Library of Congress</name>
          <code>9</code>
        </sourceSystem>
        <committee />
        <actionCode>Intro-H</actionCode>
        <actionDate>2017-01-24</actionDate>
        <links />
      </item>
      <item>
        <text>Introduced in House</text>
        <type>IntroReferral</type>
        <sourceSystem>
          <name>Library of Congress</name>
          <code>9</code>
        </sourceSystem>
        <committee />
        <actionCode>1000</actionCode>
        <actionDate>2017-01-24</actionDate>
        <links />
      </item>
      <actionTypeCounts>
        <finalPassageUnderSuspensionOfTheRulesResults>1</finalPassageUnderSuspensionOfTheRulesResults>
        <introducedInHouse>1</introducedInHouse>
        <considerationByHouse>1</considerationByHouse>
        <motionMadeToSuspendTheRules>1</motionMadeToSuspendTheRules>
        <generalDebate>1</generalDebate>
        <passedAgreedToInHouse>1</passedAgreedToInHouse>
        <billReferrals>1</billReferrals>
        <referredToCommittee>1</referredToCommittee>
        <motionToReconsiderResults>1</motionToReconsiderResults>
        <introducedInTheHouse>1</introducedInTheHouse>
      </actionTypeCounts>
    </actions>
    <calendarNumbers />
    <updateDate>2018-02-06T16:41:06Z</updateDate>
    <cosponsors />
    <notes />
    <subjects>
      <billSubjects>
        <legislativeSubjects>
          <item>
            <name>Nuclear weapons</name>
          </item>
          <item>
            <name>Research administration and funding</name>
          </item>
          <item>
            <name>Research and development</name>
          </item>
          <item>
            <name>Technology assessment</name>
          </item>
        </legislativeSubjects>
        <policyArea>
          <name>Emergency Management</name>
        </policyArea>
      </billSubjects>
    </subjects>
    <committees>
      <billCommittees>
        <item>
          <chamber>Senate</chamber>
          <name>Homeland Security and Governmental Affairs Committee</name>
          <systemCode>ssga00</systemCode>
          <type>Standing</type>
          <subcommittees />
          <activities>
            <item>
              <name>Referred to</name>
              <date>2017-02-01T23:20:46Z</date>
            </item>
          </activities>
        </item>
        <item>
          <chamber>House</chamber>
          <name>Homeland Security Committee</name>
          <systemCode>hshm00</systemCode>
          <type>Standing</type>
          <subcommittees />
          <activities>
            <item>
              <name>Referred to</name>
              <date>2017-01-24T15:02:25Z</date>
            </item>
          </activities>
        </item>
      </billCommittees>
    </committees>
    <version>1.0.0</version>
    <recordedVotes />
    <policyArea>
      <name>Emergency Management</name>
    </policyArea>
    <cboCostEstimates />
    <introducedDate>2017-01-24</introducedDate>
    <title>Gains in Global Nuclear Detection Architecture Act</title>
    <amendments />
    <latestAction>
      <text>Received in the Senate and Read twice and referred to the Committee on Homeland Security and Governmental Affairs.</text>
      <links />
      <actionDate>2017-02-01</actionDate>
    </latestAction>
    <congress>115</congress>
    <billType>HR</billType>
    <createDate>2017-01-25T04:45:56Z</createDate>
    <sponsors>
      <item>
        <lastName>Richmond</lastName>
        <party>D</party>
        <state>LA</state>
        <bioguideId>R000588</bioguideId>
        <middleName>L.</middleName>
        <byRequestType />
        <fullName>Rep. Richmond, Cedric L. [D-LA-2]</fullName>
        <firstName>Cedric</firstName>
        <district>2</district>
        <identifiers>
          <lisID>2023</lisID>
          <bioguideId>R000588</bioguideId>
          <gpoId>7960</gpoId>
        </identifiers>
      </item>
    </sponsors>
    <constitutionalAuthorityStatementText><![CDATA[<pre>From the Congressional Record Online through the Government Publishing Office [<a href='http://www.gpo.gov'>www.gpo.gov</a>]By Mr. RICHMOND:H.R. 690.Congress has the power to enact this legislation pursuantto the following:This bill is introduced pursuant to the powers granted toCongress under the General Welfare Clause (Art. 1 Sec. 8 Cl.1), the Commerce Clause (Art. 1 Sec. 8 Cl. 3), and theNecessary and Proper Clause (Art. 1 Sec. 8 Cl. 18).Further, this statement of constitutional authority is madefor the sole purpose of compliance with clause 7 of Rule XIIof the Rules of the House of Representatives and shall haveno bearing on judicial review of the accompanying bill.[Page H689]</pre>]]></constitutionalAuthorityStatementText>
    <relatedBills />
    <laws />
    <titles>
      <item>
        <parentTitleType />
        <chamberCode />
        <titleType>(Extracted from GPO) Short Titles as Introduced</titleType>
        <chamberName />
        <title>Gains in Global Nuclear Detection Architecture Act</title>
      </item>
      <item>
        <parentTitleType />
        <chamberCode>H</chamberCode>
        <titleType>(Extracted from GPO) Short Titles as Passed House</titleType>
        <chamberName>House</chamberName>
        <title>Gains in Global Nuclear Detection Architecture Act</title>
      </item>
      <item>
        <parentTitleType />
        <chamberCode />
        <titleType>Short Titles as Introduced</titleType>
        <chamberName />
        <title>Gains in Global Nuclear Detection Architecture Act</title>
      </item>
      <item>
        <parentTitleType />
        <chamberCode />
        <titleType>Official Title as Introduced</titleType>
        <chamberName />
        <title>To amend the Homeland Security Act of 2002 to enhance certain duties of the Domestic Nuclear Detection Office, and for other purposes.</title>
      </item>
      <item>
        <parentTitleType />
        <chamberCode />
        <titleType>Display Title</titleType>
        <chamberName />
        <title>Gains in Global Nuclear Detection Architecture Act</title>
      </item>
    </titles>
    <summaries>
      <billSummaries>
        <item>
          <text><![CDATA[<p><strong>Gains in Global Nuclear Detection Architecture Act</strong></p> <p>This bill amends the Homeland Security Act of 2002 to require the Domestic Nuclear Detection Office, in conducting research and development to generate and improve technologies to detect and prevent the illicit entry, transport, assembly, or potential use within the United States of a nuclear explosive device or fissile or radiological material, to:</p> <ul> <li> develop and maintain documentation that provides information on how the Office's research investments address gaps in the enhanced global nuclear detection architecture and with research challenges identified by the Director, and that defines in detail how the Office will address such research challenges; </li> <li> document the rational for prioritizing and selecting research topics; and </li> <li> develop a systematic approach for evaluating how the outcomes of the Office's individual research projects collectively contribute to addressing its research challenges.</li> </ul>]]></text>
          <versionCode>00</versionCode>
          <actionDate>2017-01-24</actionDate>
          <name>Introduced in House</name>
          <actionDesc>Introduced in House</actionDesc>
          <lastSummaryUpdateDate>2017-02-16T21:45:11Z</lastSummaryUpdateDate>
          <updateDate>2017-01-24T05:00:00Z</updateDate>
        </item>
        <item>
          <text><![CDATA[<p>(This measure has not been amended since it was introduced. The summary has been expanded because action occurred on the measure.)</p> <p><strong>Gains in Global Nuclear Detection Architecture Act</strong></p> <p>(Sec. 2) This bill amends the Homeland Security Act of 2002 to require the Domestic Nuclear Detection Office, in conducting research and development to generate and improve technologies to detect and prevent the illicit entry, transport, assembly, or potential use within the United States of a nuclear explosive device or fissile or radiological material, to:</p> <ul> <li> develop and maintain documentation that provides information on how the Office's research investments address gaps in the enhanced global nuclear detection architecture and with research challenges identified by the Director, and that defines in detail how the Office will address such research challenges; </li> <li> document the rational for prioritizing and selecting research topics; and </li> <li> develop a systematic approach for evaluating how the outcomes of the Office's individual research projects collectively contribute to addressing its research challenges.</li> </ul>]]></text>
          <versionCode>81</versionCode>
          <actionDate>2017-01-31</actionDate>
          <name>Passed House without amendment</name>
          <actionDesc>Passed House without amendment</actionDesc>
          <lastSummaryUpdateDate>2017-02-16T21:47:11Z</lastSummaryUpdateDate>
          <updateDate>2017-01-31T13:49:36Z</updateDate>
        </item>
      </billSummaries>
    </summaries>
  </bill>
  <dublinCore xmlns:dc="http://purl.org/dc/elements/1.1/">
    <dc:format>text/xml</dc:format>
    <dc:language>EN</dc:language>
    <dc:rights>Pursuant to Title 17 Section 105 of the United States Code, this file is not subject to copyright protection and is in the public domain.</dc:rights>
    <dc:contributor>Congressional Research Service, Library of Congress</dc:contributor>
    <dc:description>This file contains bill summaries and statuses for federal legislation. A bill summary describes the most significant provisions of a piece of legislation and details the effects the legislative text may have on current law and federal programs. Bill summaries are authored by the Congressional Research Service (CRS) of the Library of Congress. As stated in Public Law 91-510 (2 USC 166 (d)(6)), one of the duties of CRS is "to prepare summaries and digests of bills and resolutions of a public general nature introduced in the Senate or House of Representatives". For more information, refer to the User Guide that accompanies this file.</dc:description>
  </dublinCore>
</billStatus>

