<?xml version="1.0" encoding="UTF-8"?>
<billStatus>
  <bill>
    <policyArea>
      <name>Health</name>
    </policyArea>
    <committeeReports />
    <congress>115</congress>
    <sponsors>
      <item>
        <identifiers>
          <lisID>1751</lisID>
          <gpoId>8182</gpoId>
          <bioguideId>B001248</bioguideId>
        </identifiers>
        <district>26</district>
        <middleName>C.</middleName>
        <byRequestType />
        <fullName>Rep. Burgess, Michael C. [R-TX-26]</fullName>
        <bioguideId>B001248</bioguideId>
        <state>TX</state>
        <party>R</party>
        <firstName>Michael</firstName>
        <lastName>Burgess</lastName>
      </item>
    </sponsors>
    <calendarNumbers />
    <amendments />
    <relatedBills>
      <item>
        <congress>115</congress>
        <latestAction>
          <actionDate>2017-03-30</actionDate>
          <text>Read twice and referred to the Committee on Health, Education, Labor, and Pensions.</text>
        </latestAction>
        <type>S</type>
        <latestTitle>Improving Access to Maternity Care Act</latestTitle>
        <number>783</number>
        <relationshipDetails>
          <item>
            <type>Identical bill</type>
            <identifiedBy>CRS</identifiedBy>
          </item>
        </relationshipDetails>
      </item>
    </relatedBills>
    <notes />
    <originChamber>House</originChamber>
    <version>1.0.0</version>
    <billNumber>315</billNumber>
    <title>Improving Access to Maternity Care Act</title>
    <cosponsors>
      <item>
        <identifiers>
          <lisID>355</lisID>
          <gpoId>7819</gpoId>
          <bioguideId>E000215</bioguideId>
        </identifiers>
        <sponsorshipDate>2017-01-05</sponsorshipDate>
        <district>18</district>
        <middleName>G.</middleName>
        <sponsorshipWithdrawnDate />
        <fullName>Rep. Eshoo, Anna G. [D-CA-18]</fullName>
        <party>D</party>
        <firstName>ANNA</firstName>
        <isOriginalCosponsor>True</isOriginalCosponsor>
        <lastName>ESHOO</lastName>
        <state>CA</state>
        <bioguideId>E000215</bioguideId>
      </item>
      <item>
        <identifiers>
          <bioguideId>R000486</bioguideId>
          <gpoId>7839</gpoId>
          <lisID>997</lisID>
        </identifiers>
        <sponsorshipDate>2017-01-05</sponsorshipDate>
        <district>40</district>
        <middleName />
        <sponsorshipWithdrawnDate />
        <fullName>Rep. Roybal-Allard, Lucille [D-CA-40]</fullName>
        <party>D</party>
        <firstName>LUCILLE</firstName>
        <isOriginalCosponsor>True</isOriginalCosponsor>
        <lastName>ROYBAL-ALLARD</lastName>
        <state>CA</state>
        <bioguideId>R000486</bioguideId>
      </item>
      <item>
        <identifiers>
          <lisID>2242</lisID>
          <bioguideId>Y000066</bioguideId>
          <gpoId />
        </identifiers>
        <sponsorshipDate>2017-01-09</sponsorshipDate>
        <district>3</district>
        <middleName />
        <sponsorshipWithdrawnDate />
        <fullName>Rep. Young, David [R-IA-3]</fullName>
        <party>R</party>
        <firstName>David</firstName>
        <isOriginalCosponsor>False</isOriginalCosponsor>
        <lastName>Young</lastName>
        <state>IA</state>
        <bioguideId>Y000066</bioguideId>
      </item>
      <item>
        <identifiers>
          <gpoId />
          <bioguideId>R000602</bioguideId>
          <lisID>2262</lisID>
        </identifiers>
        <sponsorshipDate>2017-01-09</sponsorshipDate>
        <district>4</district>
        <middleName>M.</middleName>
        <sponsorshipWithdrawnDate />
        <fullName>Rep. Rice, Kathleen M. [D-NY-4]</fullName>
        <party>D</party>
        <firstName>Kathleen</firstName>
        <isOriginalCosponsor>False</isOriginalCosponsor>
        <lastName>Rice</lastName>
        <state>NY</state>
        <bioguideId>R000602</bioguideId>
      </item>
      <item>
        <identifiers>
          <bioguideId>H001056</bioguideId>
          <lisID>2071</lisID>
          <gpoId>8207</gpoId>
        </identifiers>
        <sponsorshipDate>2017-01-09</sponsorshipDate>
        <district>3</district>
        <middleName>Herrera</middleName>
        <sponsorshipWithdrawnDate />
        <fullName>Rep. Herrera Beutler, Jaime [R-WA-3]</fullName>
        <party>R</party>
        <firstName>Jaime</firstName>
        <isOriginalCosponsor>False</isOriginalCosponsor>
        <lastName>Beutler</lastName>
        <state>WA</state>
        <bioguideId>H001056</bioguideId>
      </item>
      <item>
        <identifiers>
          <lisID>2222</lisID>
          <gpoId />
          <bioguideId>R000600</bioguideId>
        </identifiers>
        <sponsorshipDate>2017-01-09</sponsorshipDate>
        <district>0</district>
        <middleName>Coleman</middleName>
        <sponsorshipWithdrawnDate />
        <fullName>Rep. Radewagen, Aumua Amata Coleman [R-AS-At Large]</fullName>
        <party>R</party>
        <firstName>Aumua Amata</firstName>
        <isOriginalCosponsor>False</isOriginalCosponsor>
        <lastName>Radewagen</lastName>
        <state>AS</state>
        <bioguideId>R000600</bioguideId>
      </item>
      <item>
        <identifiers>
          <gpoId>8117</gpoId>
          <bioguideId>D000191</bioguideId>
          <lisID>279</lisID>
        </identifiers>
        <sponsorshipDate>2017-01-09</sponsorshipDate>
        <district>4</district>
        <middleName>A.</middleName>
        <sponsorshipWithdrawnDate />
        <fullName>Rep. DeFazio, Peter A. [D-OR-4]</fullName>
        <party>D</party>
        <firstName>PETER</firstName>
        <isOriginalCosponsor>False</isOriginalCosponsor>
        <lastName>DEFAZIO</lastName>
        <state>OR</state>
        <bioguideId>D000191</bioguideId>
      </item>
      <item>
        <identifiers>
          <bioguideId>R000582</bioguideId>
          <lisID>1954</lisID>
          <gpoId>8148</gpoId>
        </identifiers>
        <sponsorshipDate>2017-01-09</sponsorshipDate>
        <district>1</district>
        <middleName>P.</middleName>
        <sponsorshipWithdrawnDate />
        <fullName>Rep. Roe, David P. [R-TN-1]</fullName>
        <party>R</party>
        <firstName>David</firstName>
        <isOriginalCosponsor>False</isOriginalCosponsor>
        <lastName>Roe</lastName>
        <state>TN</state>
        <bioguideId>R000582</bioguideId>
      </item>
    </cosponsors>
    <subjects>
      <billSubjects>
        <policyArea>
          <name>Health</name>
        </policyArea>
        <legislativeSubjects>
          <item>
            <name>Child health</name>
          </item>
          <item>
            <name>Government information and archives</name>
          </item>
          <item>
            <name>Government lending and loan guarantees</name>
          </item>
          <item>
            <name>Health care coverage and access</name>
          </item>
          <item>
            <name>Health personnel</name>
          </item>
          <item>
            <name>Medical education</name>
          </item>
          <item>
            <name>Sex and reproductive health</name>
          </item>
          <item>
            <name>Student aid and college costs</name>
          </item>
          <item>
            <name>Women's health</name>
          </item>
        </legislativeSubjects>
      </billSubjects>
    </subjects>
    <constitutionalAuthorityStatementText><![CDATA[<pre>[Pages H182-H183]From the Congressional Record Online through the Government Publishing Office [<a href='http://www.gpo.gov'>www.gpo.gov</a>]By Mr. BURGESS:H.R. 315.[[Page H183]]Congress has the power to enact this legislation pursuantto the following:Article One, Section Eight, Clause Three ``To regulateCommerce with foreign Nations, and among the several States,and with the Indian Tribes.''</pre>]]></constitutionalAuthorityStatementText>
    <laws />
    <actions>
      <actionByCounts>
        <senate>1</senate>
        <houseOfRepresentatives>11</houseOfRepresentatives>
      </actionByCounts>
      <actionTypeCounts>
        <referredToCommittee>1</referredToCommittee>
        <introducedInTheHouse>1</introducedInTheHouse>
        <placeholderTextForH>1</placeholderTextForH>
        <generalDebate>1</generalDebate>
        <finalPassageUnderSuspensionOfTheRulesResults>1</finalPassageUnderSuspensionOfTheRulesResults>
        <motionToReconsiderResults>1</motionToReconsiderResults>
        <motionMadeToSuspendTheRules>1</motionMadeToSuspendTheRules>
        <billReferrals>1</billReferrals>
        <considerationByHouse>2</considerationByHouse>
        <introducedInHouse>1</introducedInHouse>
        <passedAgreedToInHouse>1</passedAgreedToInHouse>
      </actionTypeCounts>
      <item>
        <actionDate>2017-01-10</actionDate>
        <committee>
          <name>Health, Education, Labor, and Pensions Committee</name>
          <systemCode>sshr00</systemCode>
        </committee>
        <links />
        <sourceSystem>
          <code>0</code>
          <name>Senate</name>
        </sourceSystem>
        <text>Received in the Senate and Read twice and referred to the Committee on Health, Education, Labor, and Pensions.</text>
        <type>IntroReferral</type>
      </item>
      <item>
        <text>Motion to reconsider laid on the table Agreed to without objection.</text>
        <links />
        <sourceSystem>
          <code>2</code>
          <name>House floor actions</name>
        </sourceSystem>
        <actionCode>H38310</actionCode>
        <type>Floor</type>
        <actionTime>18:54:11</actionTime>
        <committee />
        <actionDate>2017-01-09</actionDate>
      </item>
      <item>
        <text>On motion to suspend the rules and pass the bill Agreed to by the Yeas and Nays: (2/3 required): 405 - 0 (Roll no. 24). (text: CR H203)</text>
        <links>
          <link>
            <name>H203</name>
            <url>https://www.congress.gov/congressional-record/volume-163/house-section/page/H203</url>
          </link>
          <link>
            <name>Roll no. 24</name>
            <url>http://clerk.house.gov/evs/2017/roll024.xml</url>
          </link>
        </links>
        <sourceSystem>
          <code>2</code>
          <name>House floor actions</name>
        </sourceSystem>
        <actionCode>H37300</actionCode>
        <type>Floor</type>
        <actionTime>18:54:10</actionTime>
        <committee />
        <actionDate>2017-01-09</actionDate>
      </item>
      <item>
        <text>Passed/agreed to in House: On motion to suspend the rules and pass the bill Agreed to by the Yeas and Nays: (2/3 required): 405 - 0 (Roll no. 24).(text: CR H203)</text>
        <links>
          <link>
            <name>H203</name>
            <url>https://www.congress.gov/congressional-record/volume-163/house-section/page/H203</url>
          </link>
          <link>
            <name>Roll no. 24</name>
            <url>http://clerk.house.gov/evs/2017/roll024.xml</url>
          </link>
        </links>
        <sourceSystem>
          <code>9</code>
          <name>Library of Congress</name>
        </sourceSystem>
        <actionCode>8000</actionCode>
        <type>Floor</type>
        <actionTime>18:54:10</actionTime>
        <committee />
        <actionDate>2017-01-09</actionDate>
      </item>
      <item>
        <text>Considered as unfinished business. (consideration: CR H217-218)</text>
        <links>
          <link>
            <name>H217-218</name>
            <url>https://www.congress.gov/congressional-record/volume-163/house-section/page/H217-218</url>
          </link>
        </links>
        <sourceSystem>
          <code>2</code>
          <name>House floor actions</name>
        </sourceSystem>
        <actionCode>H30000</actionCode>
        <type>Floor</type>
        <actionTime>18:31:54</actionTime>
        <committee />
        <actionDate>2017-01-09</actionDate>
      </item>
      <item>
        <text>At the conclusion of debate, the Yeas and Nays were demanded and ordered. Pursuant to the provisions of clause 8, rule XX, the Chair announced that further proceedings on the motion would be postponed.</text>
        <links />
        <sourceSystem>
          <code>2</code>
          <name>House floor actions</name>
        </sourceSystem>
        <actionCode>H37220</actionCode>
        <type>Floor</type>
        <actionTime>16:50:10</actionTime>
        <committee />
        <actionDate>2017-01-09</actionDate>
      </item>
      <item>
        <text>DEBATE - The House proceeded with forty minutes of debate on H.R. 315.</text>
        <links>
          <link>
            <name>H.R. 315</name>
            <url>https://www.congress.gov/bill/115th-congress/house-bill/315</url>
          </link>
        </links>
        <sourceSystem>
          <code>2</code>
          <name>House floor actions</name>
        </sourceSystem>
        <actionCode>H8D000</actionCode>
        <type>Floor</type>
        <actionTime>16:41:51</actionTime>
        <committee />
        <actionDate>2017-01-09</actionDate>
      </item>
      <item>
        <text>Considered under suspension of the rules. (consideration: CR H203-204)</text>
        <links>
          <link>
            <name>H203-204</name>
            <url>https://www.congress.gov/congressional-record/volume-163/house-section/page/H203-204</url>
          </link>
        </links>
        <sourceSystem>
          <code>2</code>
          <name>House floor actions</name>
        </sourceSystem>
        <actionCode>H30000</actionCode>
        <type>Floor</type>
        <actionTime>16:41:28</actionTime>
        <committee />
        <actionDate>2017-01-09</actionDate>
      </item>
      <item>
        <text>Mr. Burgess moved to suspend the rules and pass the bill.</text>
        <links />
        <sourceSystem>
          <code>2</code>
          <name>House floor actions</name>
        </sourceSystem>
        <actionCode>H30300</actionCode>
        <type>Floor</type>
        <actionTime>16:41:19</actionTime>
        <committee />
        <actionDate>2017-01-09</actionDate>
      </item>
      <item>
        <text>Referred to the House Committee on Energy and Commerce.</text>
        <links />
        <sourceSystem>
          <code>2</code>
          <name>House floor actions</name>
        </sourceSystem>
        <actionCode>H11100</actionCode>
        <type>IntroReferral</type>
        <committee>
          <name>Energy and Commerce Committee</name>
          <systemCode>hsif00</systemCode>
        </committee>
        <actionDate>2017-01-05</actionDate>
      </item>
      <item>
        <text>Introduced in House</text>
        <links />
        <sourceSystem>
          <code>9</code>
          <name>Library of Congress</name>
        </sourceSystem>
        <actionCode>Intro-H</actionCode>
        <type>IntroReferral</type>
        <committee />
        <actionDate>2017-01-05</actionDate>
      </item>
      <item>
        <text>Introduced in House</text>
        <links />
        <sourceSystem>
          <code>9</code>
          <name>Library of Congress</name>
        </sourceSystem>
        <actionCode>1000</actionCode>
        <type>IntroReferral</type>
        <committee />
        <actionDate>2017-01-05</actionDate>
      </item>
    </actions>
    <titles>
      <item>
        <chamberCode>H</chamberCode>
        <title>Improving Access to Maternity Care Act</title>
        <titleType>(Extracted from GPO) Short Titles as Passed House</titleType>
        <parentTitleType />
        <chamberName>House</chamberName>
      </item>
      <item>
        <chamberCode />
        <title>Improving Access to Maternity Care Act</title>
        <titleType>(Extracted from GPO) Short Titles as Introduced</titleType>
        <parentTitleType />
        <chamberName />
      </item>
      <item>
        <chamberCode>H</chamberCode>
        <title>Improving Access to Maternity Care Act</title>
        <titleType>Short Titles as Passed House</titleType>
        <parentTitleType>Short Titles House of Representatives</parentTitleType>
        <chamberName>House</chamberName>
      </item>
      <item>
        <chamberCode />
        <title>Improving Access to Maternity Care Act</title>
        <titleType>Short Titles as Introduced</titleType>
        <parentTitleType />
        <chamberName />
      </item>
      <item>
        <chamberCode />
        <title>To amend the Public Health Service Act to distribute maternity care health professionals to health professional shortage areas identified as in need of maternity care health services.</title>
        <titleType>Official Title as Introduced</titleType>
        <parentTitleType />
        <chamberName />
      </item>
      <item>
        <chamberCode />
        <title>Improving Access to Maternity Care Act</title>
        <titleType>Display Title</titleType>
        <parentTitleType />
        <chamberName />
      </item>
    </titles>
    <summaries>
      <billSummaries>
        <item>
          <versionCode>00</versionCode>
          <updateDate>2017-01-05T05:00:00Z</updateDate>
          <actionDesc>Introduced in House</actionDesc>
          <lastSummaryUpdateDate>2017-01-11T21:10:07Z</lastSummaryUpdateDate>
          <actionDate>2017-01-05</actionDate>
          <name>Introduced in House</name>
          <text><![CDATA[<p><b>Improving Access to Maternity Care Act</b></p> <p>This bill amends the Public Health Service Act to require the Health Resources and Services Administration (HRSA) to identify maternity care health professional target areas, which are areas within health professional shortage areas that have a shortage of maternity care health professionals, for purposes of assigning maternity care health professionals to those areas.</p> HRSA must collect and publish data comparing the availability of and need for maternity care health services in health professional shortage areas and areas within those areas.]]></text>
        </item>
        <item>
          <versionCode>81</versionCode>
          <updateDate>2017-01-09T13:43:49Z</updateDate>
          <actionDesc>Passed House without amendment</actionDesc>
          <lastSummaryUpdateDate>2017-01-17T19:16:41Z</lastSummaryUpdateDate>
          <actionDate>2017-01-09</actionDate>
          <name>Passed House without amendment</name>
          <text><![CDATA[<p>(This measure has not been amended since it was introduced. The summary has been expanded because action occurred on the measure.)</p> <p><b>Improving Access to Maternity Care Act</b></p> <p>(Sec. 2) This bill amends the Public Health Service Act to require the Health Resources and Services Administration (HRSA) to identify maternity care health professional target areas, which are areas within health professional shortage areas that have a shortage of maternity care health professionals, for purposes of assigning maternity care health professionals to those areas.</p> HRSA must collect and publish data comparing the availability of and need for maternity care health services in health professional shortage areas and areas within those areas.]]></text>
        </item>
      </billSummaries>
    </summaries>
    <committees>
      <billCommittees>
        <item>
          <subcommittees />
          <type>Standing</type>
          <systemCode>sshr00</systemCode>
          <activities>
            <item>
              <name>Referred to</name>
              <date>2017-01-10T18:13:15Z</date>
            </item>
          </activities>
          <name>Health, Education, Labor, and Pensions Committee</name>
          <chamber>Senate</chamber>
        </item>
        <item>
          <subcommittees />
          <type>Standing</type>
          <systemCode>hsif00</systemCode>
          <activities>
            <item>
              <name>Referred to</name>
              <date>2017-01-05T15:03:45Z</date>
            </item>
          </activities>
          <name>Energy and Commerce Committee</name>
          <chamber>House</chamber>
        </item>
      </billCommittees>
    </committees>
    <introducedDate>2017-01-05</introducedDate>
    <updateDate>2018-02-06T16:40:39Z</updateDate>
    <cboCostEstimates />
    <recordedVotes>
      <recordedVote>
        <url>http://clerk.house.gov/evs/2017/roll024.xml</url>
        <congress>115</congress>
        <date>2017-01-09T23:54:10Z</date>
        <fullActionName>Final Passage Under Suspension of the Rules Results</fullActionName>
        <rollNumber>24</rollNumber>
        <chamber>House</chamber>
        <sessionNumber>1</sessionNumber>
      </recordedVote>
    </recordedVotes>
    <billType>HR</billType>
    <createDate>2017-01-06T04:57:26Z</createDate>
    <latestAction>
      <text>Received in the Senate and Read twice and referred to the Committee on Health, Education, Labor, and Pensions.</text>
      <links />
      <actionDate>2017-01-10</actionDate>
    </latestAction>
  </bill>
  <dublinCore xmlns:dc="http://purl.org/dc/elements/1.1/">
    <dc:format>text/xml</dc:format>
    <dc:language>EN</dc:language>
    <dc:rights>Pursuant to Title 17 Section 105 of the United States Code, this file is not subject to copyright protection and is in the public domain.</dc:rights>
    <dc:contributor>Congressional Research Service, Library of Congress</dc:contributor>
    <dc:description>This file contains bill summaries and statuses for federal legislation. A bill summary describes the most significant provisions of a piece of legislation and details the effects the legislative text may have on current law and federal programs. Bill summaries are authored by the Congressional Research Service (CRS) of the Library of Congress. As stated in Public Law 91-510 (2 USC 166 (d)(6)), one of the duties of CRS is "to prepare summaries and digests of bills and resolutions of a public general nature introduced in the Senate or House of Representatives". For more information, refer to the User Guide that accompanies this file.</dc:description>
  </dublinCore>
</billStatus>

