<?xml version="1.0" encoding="UTF-8"?>
<billStatus>
  <bill>
    <amendments />
    <updateDate>2018-02-16T18:01:04Z</updateDate>
    <policyArea>
      <name>Government Operations and Politics</name>
    </policyArea>
    <createDate>2017-01-14T04:47:33Z</createDate>
    <latestAction>
      <text>Referred to the Subcommittee on Water Resources and Environment.</text>
      <links />
      <actionDate>2017-01-17</actionDate>
    </latestAction>
    <subjects>
      <billSubjects>
        <legislativeSubjects>
          <item>
            <name>Accounting and auditing</name>
          </item>
          <item>
            <name>Air quality</name>
          </item>
          <item>
            <name>Alternative and renewable resources</name>
          </item>
          <item>
            <name>Bank accounts, deposits, capital</name>
          </item>
          <item>
            <name>Broadcasting, cable, digital technologies</name>
          </item>
          <item>
            <name>Buy American requirements</name>
          </item>
          <item>
            <name>Climate change and greenhouse gases</name>
          </item>
          <item>
            <name>Dams and canals</name>
          </item>
          <item>
            <name>Economic development</name>
          </item>
          <item>
            <name>Educational facilities and institutions</name>
          </item>
          <item>
            <name>Electric power generation and transmission</name>
          </item>
          <item>
            <name>Employment and training programs</name>
          </item>
          <item>
            <name>Energy efficiency and conservation</name>
          </item>
          <item>
            <name>Energy storage, supplies, demand</name>
          </item>
          <item>
            <name>Environmental health</name>
          </item>
          <item>
            <name>Executive agency funding and structure</name>
          </item>
          <item>
            <name>Federal preemption</name>
          </item>
          <item>
            <name>Floods and storm protection</name>
          </item>
          <item>
            <name>Government corporations and government-sponsored enterprises</name>
          </item>
          <item>
            <name>Government lending and loan guarantees</name>
          </item>
          <item>
            <name>Government trust funds</name>
          </item>
          <item>
            <name>Hazardous wastes and toxic substances</name>
          </item>
          <item>
            <name>Health facilities and institutions</name>
          </item>
          <item>
            <name>Infrastructure development</name>
          </item>
          <item>
            <name>Intergovernmental relations</name>
          </item>
          <item>
            <name>Metals</name>
          </item>
          <item>
            <name>Public housing</name>
          </item>
          <item>
            <name>Public-private cooperation</name>
          </item>
          <item>
            <name>Rural conditions and development</name>
          </item>
          <item>
            <name>Securities</name>
          </item>
          <item>
            <name>Solid waste and recycling</name>
          </item>
          <item>
            <name>State and local taxation</name>
          </item>
          <item>
            <name>Tax-exempt organizations</name>
          </item>
          <item>
            <name>Telephone and wireless communication</name>
          </item>
          <item>
            <name>Transportation programs funding</name>
          </item>
          <item>
            <name>Transportation safety and security</name>
          </item>
          <item>
            <name>User charges and fees</name>
          </item>
          <item>
            <name>Wages and earnings</name>
          </item>
          <item>
            <name>Water quality</name>
          </item>
          <item>
            <name>Water use and supply</name>
          </item>
          <item>
            <name>Wetlands</name>
          </item>
          <item>
            <name>Women's employment</name>
          </item>
        </legislativeSubjects>
        <policyArea>
          <name>Government Operations and Politics</name>
        </policyArea>
      </billSubjects>
    </subjects>
    <sponsors>
      <item>
        <lastName>DELAURO</lastName>
        <party>D</party>
        <bioguideId>D000216</bioguideId>
        <fullName>Rep. DeLauro, Rosa L. [D-CT-3]</fullName>
        <byRequestType />
        <identifiers>
          <gpoId>7868</gpoId>
          <lisID>281</lisID>
          <bioguideId>D000216</bioguideId>
        </identifiers>
        <district>3</district>
        <firstName>ROSA</firstName>
        <state>CT</state>
        <middleName />
      </item>
    </sponsors>
    <billNumber>547</billNumber>
    <recordedVotes />
    <cosponsors>
      <item>
        <fullName>Rep. Takano, Mark [D-CA-41]</fullName>
        <sponsorshipDate>2017-01-13</sponsorshipDate>
        <middleName />
        <sponsorshipWithdrawnDate />
        <bioguideId>T000472</bioguideId>
        <state>CA</state>
        <isOriginalCosponsor>True</isOriginalCosponsor>
        <identifiers>
          <bioguideId>T000472</bioguideId>
          <lisID>2110</lisID>
          <gpoId />
        </identifiers>
        <party>D</party>
        <lastName>Takano</lastName>
        <district>41</district>
        <firstName>Mark</firstName>
      </item>
      <item>
        <fullName>Rep. Kaptur, Marcy [D-OH-9]</fullName>
        <sponsorshipDate>2017-01-13</sponsorshipDate>
        <middleName />
        <sponsorshipWithdrawnDate />
        <bioguideId>K000009</bioguideId>
        <state>OH</state>
        <isOriginalCosponsor>True</isOriginalCosponsor>
        <identifiers>
          <gpoId>8099</gpoId>
          <lisID>616</lisID>
          <bioguideId>K000009</bioguideId>
        </identifiers>
        <party>D</party>
        <lastName>KAPTUR</lastName>
        <district>9</district>
        <firstName>MARCY</firstName>
      </item>
      <item>
        <fullName>Rep. Slaughter, Louise McIntosh [D-NY-25]</fullName>
        <sponsorshipDate>2017-01-13</sponsorshipDate>
        <middleName>M.</middleName>
        <sponsorshipWithdrawnDate />
        <bioguideId>S000480</bioguideId>
        <state>NY</state>
        <isOriginalCosponsor>True</isOriginalCosponsor>
        <identifiers>
          <gpoId>8089</gpoId>
          <bioguideId>S000480</bioguideId>
          <lisID>1069</lisID>
        </identifiers>
        <party>D</party>
        <lastName>SLAUGHTER</lastName>
        <district>25</district>
        <firstName>LOUISE</firstName>
      </item>
      <item>
        <fullName>Rep. Deutch, Theodore E. [D-FL-22]</fullName>
        <sponsorshipDate>2017-01-13</sponsorshipDate>
        <middleName>E.</middleName>
        <sponsorshipWithdrawnDate />
        <bioguideId>D000610</bioguideId>
        <state>FL</state>
        <isOriginalCosponsor>True</isOriginalCosponsor>
        <identifiers>
          <lisID>1976</lisID>
          <gpoId>7891</gpoId>
          <bioguideId>D000610</bioguideId>
        </identifiers>
        <party>D</party>
        <lastName>Deutch</lastName>
        <district>22</district>
        <firstName>Theodore</firstName>
      </item>
      <item>
        <fullName>Rep. DelBene, Suzan K. [D-WA-1]</fullName>
        <sponsorshipDate>2017-01-13</sponsorshipDate>
        <middleName>K.</middleName>
        <sponsorshipWithdrawnDate />
        <bioguideId>D000617</bioguideId>
        <state>WA</state>
        <isOriginalCosponsor>True</isOriginalCosponsor>
        <identifiers>
          <lisID>2096</lisID>
          <gpoId>8374</gpoId>
          <bioguideId>D000617</bioguideId>
        </identifiers>
        <party>D</party>
        <lastName>DelBene</lastName>
        <district>1</district>
        <firstName>Suzan</firstName>
      </item>
      <item>
        <fullName>Rep. Clark, Katherine M. [D-MA-5]</fullName>
        <sponsorshipDate>2017-01-13</sponsorshipDate>
        <middleName>M.</middleName>
        <sponsorshipWithdrawnDate />
        <bioguideId>C001101</bioguideId>
        <state>MA</state>
        <isOriginalCosponsor>True</isOriginalCosponsor>
        <identifiers>
          <lisID>2196</lisID>
          <gpoId />
          <bioguideId>C001101</bioguideId>
        </identifiers>
        <party>D</party>
        <lastName>Clark</lastName>
        <district>5</district>
        <firstName>Katherine</firstName>
      </item>
      <item>
        <fullName>Rep. Larsen, Rick [D-WA-2]</fullName>
        <sponsorshipDate>2017-01-13</sponsorshipDate>
        <middleName />
        <sponsorshipWithdrawnDate />
        <bioguideId>L000560</bioguideId>
        <state>WA</state>
        <isOriginalCosponsor>True</isOriginalCosponsor>
        <identifiers>
          <gpoId>8206</gpoId>
          <lisID>1675</lisID>
          <bioguideId>L000560</bioguideId>
        </identifiers>
        <party>D</party>
        <lastName>LARSEN</lastName>
        <district>2</district>
        <firstName>RICK</firstName>
      </item>
      <item>
        <fullName>Rep. Pingree, Chellie [D-ME-1]</fullName>
        <sponsorshipDate>2017-01-13</sponsorshipDate>
        <middleName />
        <sponsorshipWithdrawnDate />
        <bioguideId>P000597</bioguideId>
        <state>ME</state>
        <isOriginalCosponsor>True</isOriginalCosponsor>
        <identifiers>
          <lisID>1927</lisID>
          <gpoId>7984</gpoId>
          <bioguideId>P000597</bioguideId>
        </identifiers>
        <party>D</party>
        <lastName>Pingree</lastName>
        <district>1</district>
        <firstName>Chellie</firstName>
      </item>
      <item>
        <fullName>Rep. Speier, Jackie [D-CA-14]</fullName>
        <sponsorshipDate>2017-01-13</sponsorshipDate>
        <middleName />
        <sponsorshipWithdrawnDate />
        <bioguideId>S001175</bioguideId>
        <state>CA</state>
        <isOriginalCosponsor>True</isOriginalCosponsor>
        <identifiers>
          <bioguideId>S001175</bioguideId>
          <lisID>1890</lisID>
          <gpoId>7817</gpoId>
        </identifiers>
        <party>D</party>
        <lastName>Speier</lastName>
        <district>14</district>
        <firstName>Jackie</firstName>
      </item>
      <item>
        <fullName>Rep. Moore, Gwen [D-WI-4]</fullName>
        <sponsorshipDate>2017-01-13</sponsorshipDate>
        <middleName />
        <sponsorshipWithdrawnDate />
        <bioguideId>M001160</bioguideId>
        <state>WI</state>
        <isOriginalCosponsor>True</isOriginalCosponsor>
        <identifiers>
          <lisID>1811</lisID>
          <gpoId>8217</gpoId>
          <bioguideId>M001160</bioguideId>
        </identifiers>
        <party>D</party>
        <lastName>Moore</lastName>
        <district>4</district>
        <firstName>Gwen</firstName>
      </item>
      <item>
        <fullName>Rep. Hastings, Alcee L. [D-FL-20]</fullName>
        <sponsorshipDate>2017-01-13</sponsorshipDate>
        <middleName>L.</middleName>
        <sponsorshipWithdrawnDate />
        <bioguideId>H000324</bioguideId>
        <state>FL</state>
        <isOriginalCosponsor>True</isOriginalCosponsor>
        <identifiers>
          <gpoId>7895</gpoId>
          <lisID>511</lisID>
          <bioguideId>H000324</bioguideId>
        </identifiers>
        <party>D</party>
        <lastName>HASTINGS</lastName>
        <district>20</district>
        <firstName>ALCEE</firstName>
      </item>
      <item>
        <fullName>Rep. Larson, John B. [D-CT-1]</fullName>
        <sponsorshipDate>2017-01-13</sponsorshipDate>
        <middleName>B.</middleName>
        <sponsorshipWithdrawnDate />
        <bioguideId>L000557</bioguideId>
        <state>CT</state>
        <isOriginalCosponsor>True</isOriginalCosponsor>
        <identifiers>
          <lisID>1583</lisID>
          <gpoId>7866</gpoId>
          <bioguideId>L000557</bioguideId>
        </identifiers>
        <party>D</party>
        <lastName>LARSON</lastName>
        <district>1</district>
        <firstName>JOHN</firstName>
      </item>
      <item>
        <fullName>Rep. Schiff, Adam B. [D-CA-28]</fullName>
        <sponsorshipDate>2017-01-13</sponsorshipDate>
        <middleName>B.</middleName>
        <sponsorshipWithdrawnDate />
        <bioguideId>S001150</bioguideId>
        <state>CA</state>
        <isOriginalCosponsor>True</isOriginalCosponsor>
        <identifiers>
          <lisID>1635</lisID>
          <gpoId>7834</gpoId>
          <bioguideId>S001150</bioguideId>
        </identifiers>
        <party>D</party>
        <lastName>SCHIFF</lastName>
        <district>28</district>
        <firstName>ADAM</firstName>
      </item>
      <item>
        <fullName>Rep. Cartwright, Matt [D-PA-17]</fullName>
        <sponsorshipDate>2017-01-13</sponsorshipDate>
        <middleName />
        <sponsorshipWithdrawnDate />
        <bioguideId>C001090</bioguideId>
        <state>PA</state>
        <isOriginalCosponsor>True</isOriginalCosponsor>
        <identifiers>
          <gpoId />
          <bioguideId>C001090</bioguideId>
          <lisID>2159</lisID>
        </identifiers>
        <party>D</party>
        <lastName>Cartwright</lastName>
        <district>17</district>
        <firstName>Matt</firstName>
      </item>
      <item>
        <fullName>Rep. Ryan, Tim [D-OH-13]</fullName>
        <sponsorshipDate>2017-01-13</sponsorshipDate>
        <middleName />
        <sponsorshipWithdrawnDate />
        <bioguideId>R000577</bioguideId>
        <state>OH</state>
        <isOriginalCosponsor>True</isOriginalCosponsor>
        <identifiers>
          <lisID>1756</lisID>
          <gpoId>8107</gpoId>
          <bioguideId>R000577</bioguideId>
        </identifiers>
        <party>D</party>
        <lastName>RYAN</lastName>
        <district>13</district>
        <firstName>TIM</firstName>
      </item>
      <item>
        <fullName>Rep. Matsui, Doris O. [D-CA-6]</fullName>
        <sponsorshipDate>2017-01-13</sponsorshipDate>
        <middleName>O.</middleName>
        <sponsorshipWithdrawnDate />
        <bioguideId>M001163</bioguideId>
        <state>CA</state>
        <isOriginalCosponsor>True</isOriginalCosponsor>
        <identifiers>
          <gpoId>7810</gpoId>
          <lisID>1814</lisID>
          <bioguideId>M001163</bioguideId>
        </identifiers>
        <party>D</party>
        <lastName>Matsui</lastName>
        <district>6</district>
        <firstName>Doris</firstName>
      </item>
      <item>
        <fullName>Rep. Cicilline, David N. [D-RI-1]</fullName>
        <sponsorshipDate>2017-01-13</sponsorshipDate>
        <middleName>N.</middleName>
        <sponsorshipWithdrawnDate />
        <bioguideId>C001084</bioguideId>
        <state>RI</state>
        <isOriginalCosponsor>True</isOriginalCosponsor>
        <identifiers>
          <bioguideId>C001084</bioguideId>
          <lisID>2055</lisID>
          <gpoId>8139</gpoId>
        </identifiers>
        <party>D</party>
        <lastName>Cicilline</lastName>
        <district>1</district>
        <firstName>David</firstName>
      </item>
      <item>
        <fullName>Rep. Price, David E. [D-NC-4]</fullName>
        <sponsorshipDate>2017-01-13</sponsorshipDate>
        <middleName>E.</middleName>
        <sponsorshipWithdrawnDate />
        <bioguideId>P000523</bioguideId>
        <state>NC</state>
        <isOriginalCosponsor>True</isOriginalCosponsor>
        <identifiers>
          <gpoId>8027</gpoId>
          <lisID>930</lisID>
          <bioguideId>P000523</bioguideId>
        </identifiers>
        <party>D</party>
        <lastName>PRICE</lastName>
        <district>4</district>
        <firstName>DAVID</firstName>
      </item>
      <item>
        <fullName>Rep. Boyle, Brendan F. [D-PA-13]</fullName>
        <sponsorshipDate>2017-01-13</sponsorshipDate>
        <middleName>F.</middleName>
        <sponsorshipWithdrawnDate />
        <bioguideId>B001296</bioguideId>
        <state>PA</state>
        <isOriginalCosponsor>True</isOriginalCosponsor>
        <identifiers>
          <lisID>2267</lisID>
          <gpoId />
          <bioguideId>B001296</bioguideId>
        </identifiers>
        <party>D</party>
        <lastName>Boyle</lastName>
        <district>13</district>
        <firstName>Brendan</firstName>
      </item>
      <item>
        <fullName>Rep. Serrano, Jose E. [D-NY-15]</fullName>
        <sponsorshipDate>2017-01-13</sponsorshipDate>
        <middleName>E.</middleName>
        <sponsorshipWithdrawnDate />
        <bioguideId>S000248</bioguideId>
        <state>NY</state>
        <isOriginalCosponsor>True</isOriginalCosponsor>
        <identifiers>
          <lisID>1042</lisID>
          <gpoId>8077</gpoId>
          <bioguideId>S000248</bioguideId>
        </identifiers>
        <party>D</party>
        <lastName>SERRANO</lastName>
        <district>15</district>
        <firstName>JOSE</firstName>
      </item>
      <item>
        <fullName>Rep. Kelly, Robin L. [D-IL-2]</fullName>
        <sponsorshipDate>2017-01-13</sponsorshipDate>
        <middleName>L.</middleName>
        <sponsorshipWithdrawnDate />
        <bioguideId>K000385</bioguideId>
        <state>IL</state>
        <isOriginalCosponsor>True</isOriginalCosponsor>
        <identifiers>
          <gpoId />
          <bioguideId>K000385</bioguideId>
          <lisID>2190</lisID>
        </identifiers>
        <party>D</party>
        <lastName>Kelly</lastName>
        <district>2</district>
        <firstName>Robin</firstName>
      </item>
      <item>
        <fullName>Rep. Tonko, Paul [D-NY-20]</fullName>
        <sponsorshipDate>2017-01-13</sponsorshipDate>
        <middleName />
        <sponsorshipWithdrawnDate />
        <bioguideId>T000469</bioguideId>
        <state>NY</state>
        <isOriginalCosponsor>True</isOriginalCosponsor>
        <identifiers>
          <lisID>1942</lisID>
          <gpoId>8082</gpoId>
          <bioguideId>T000469</bioguideId>
        </identifiers>
        <party>D</party>
        <lastName>Tonko</lastName>
        <district>20</district>
        <firstName>Paul</firstName>
      </item>
      <item>
        <fullName>Rep. Lipinski, Daniel [D-IL-3]</fullName>
        <sponsorshipDate>2017-01-13</sponsorshipDate>
        <middleName>William</middleName>
        <sponsorshipWithdrawnDate />
        <bioguideId>L000563</bioguideId>
        <state>IL</state>
        <isOriginalCosponsor>True</isOriginalCosponsor>
        <identifiers>
          <lisID>1781</lisID>
          <gpoId>7923</gpoId>
          <bioguideId>L000563</bioguideId>
        </identifiers>
        <party>D</party>
        <lastName>Lipinski</lastName>
        <district>3</district>
        <firstName>Daniel</firstName>
      </item>
      <item>
        <fullName>Rep. Kildee, Daniel T. [D-MI-5]</fullName>
        <sponsorshipDate>2017-01-13</sponsorshipDate>
        <middleName>T.</middleName>
        <sponsorshipWithdrawnDate />
        <bioguideId>K000380</bioguideId>
        <state>MI</state>
        <isOriginalCosponsor>True</isOriginalCosponsor>
        <identifiers>
          <gpoId />
          <lisID>2134</lisID>
          <bioguideId>K000380</bioguideId>
        </identifiers>
        <party>D</party>
        <lastName>Kildee</lastName>
        <district>5</district>
        <firstName>Daniel</firstName>
      </item>
      <item>
        <fullName>Rep. Richmond, Cedric L. [D-LA-2]</fullName>
        <sponsorshipDate>2017-01-13</sponsorshipDate>
        <middleName>L.</middleName>
        <sponsorshipWithdrawnDate />
        <bioguideId>R000588</bioguideId>
        <state>LA</state>
        <isOriginalCosponsor>True</isOriginalCosponsor>
        <identifiers>
          <bioguideId>R000588</bioguideId>
          <lisID>2023</lisID>
          <gpoId>7960</gpoId>
        </identifiers>
        <party>D</party>
        <lastName>Richmond</lastName>
        <district>2</district>
        <firstName>Cedric</firstName>
      </item>
      <item>
        <fullName>Rep. Lowenthal, Alan S. [D-CA-47]</fullName>
        <sponsorshipDate>2017-01-13</sponsorshipDate>
        <middleName>S.</middleName>
        <sponsorshipWithdrawnDate />
        <bioguideId>L000579</bioguideId>
        <state>CA</state>
        <isOriginalCosponsor>True</isOriginalCosponsor>
        <identifiers>
          <lisID>2111</lisID>
          <gpoId />
          <bioguideId>L000579</bioguideId>
        </identifiers>
        <party>D</party>
        <lastName>Lowenthal</lastName>
        <district>47</district>
        <firstName>Alan</firstName>
      </item>
      <item>
        <fullName>Rep. Welch, Peter [D-VT-At Large]</fullName>
        <sponsorshipDate>2017-01-13</sponsorshipDate>
        <middleName />
        <sponsorshipWithdrawnDate />
        <bioguideId>W000800</bioguideId>
        <state>VT</state>
        <isOriginalCosponsor>True</isOriginalCosponsor>
        <identifiers>
          <gpoId>8204</gpoId>
          <lisID>1879</lisID>
          <bioguideId>W000800</bioguideId>
        </identifiers>
        <party>D</party>
        <lastName>Welch</lastName>
        <district>0</district>
        <firstName>Peter</firstName>
      </item>
      <item>
        <fullName>Rep. Garamendi, John [D-CA-3]</fullName>
        <sponsorshipDate>2017-01-13</sponsorshipDate>
        <middleName />
        <sponsorshipWithdrawnDate />
        <bioguideId>G000559</bioguideId>
        <state>CA</state>
        <isOriginalCosponsor>True</isOriginalCosponsor>
        <identifiers>
          <gpoId>7815</gpoId>
          <lisID>1973</lisID>
          <bioguideId>G000559</bioguideId>
        </identifiers>
        <party>D</party>
        <lastName>Garamendi</lastName>
        <district>3</district>
        <firstName>John</firstName>
      </item>
      <item>
        <fullName>Rep. Norton, Eleanor Holmes [D-DC-At Large]</fullName>
        <sponsorshipDate>2017-01-13</sponsorshipDate>
        <middleName>HOLMES</middleName>
        <sponsorshipWithdrawnDate />
        <bioguideId>N000147</bioguideId>
        <state>DC</state>
        <isOriginalCosponsor>True</isOriginalCosponsor>
        <identifiers>
          <gpoId>7871</gpoId>
          <lisID>868</lisID>
          <bioguideId>N000147</bioguideId>
        </identifiers>
        <party>D</party>
        <lastName>NORTON</lastName>
        <district>0</district>
        <firstName>ELEANOR</firstName>
      </item>
      <item>
        <fullName>Rep. Bonamici, Suzanne [D-OR-1]</fullName>
        <sponsorshipDate>2017-01-13</sponsorshipDate>
        <middleName />
        <sponsorshipWithdrawnDate />
        <bioguideId>B001278</bioguideId>
        <state>OR</state>
        <isOriginalCosponsor>True</isOriginalCosponsor>
        <identifiers>
          <bioguideId>B001278</bioguideId>
          <lisID>2092</lisID>
          <gpoId>8367</gpoId>
        </identifiers>
        <party>D</party>
        <lastName>Bonamici</lastName>
        <district>1</district>
        <firstName>Suzanne</firstName>
      </item>
      <item>
        <fullName>Rep. Bordallo, Madeleine Z. [D-GU-At Large]</fullName>
        <sponsorshipDate>2017-01-13</sponsorshipDate>
        <middleName>Z.</middleName>
        <sponsorshipWithdrawnDate />
        <bioguideId>B001245</bioguideId>
        <state>GU</state>
        <isOriginalCosponsor>True</isOriginalCosponsor>
        <identifiers>
          <gpoId>7911</gpoId>
          <lisID>1723</lisID>
          <bioguideId>B001245</bioguideId>
        </identifiers>
        <party>D</party>
        <lastName>Bordallo</lastName>
        <district>0</district>
        <firstName>Madeleine</firstName>
      </item>
      <item>
        <fullName>Rep. Dingell, Debbie [D-MI-12]</fullName>
        <sponsorshipDate>2017-01-13</sponsorshipDate>
        <middleName />
        <sponsorshipWithdrawnDate />
        <bioguideId>D000624</bioguideId>
        <state>MI</state>
        <isOriginalCosponsor>True</isOriginalCosponsor>
        <identifiers>
          <gpoId />
          <lisID>2251</lisID>
          <bioguideId>D000624</bioguideId>
        </identifiers>
        <party>D</party>
        <lastName>Dingell</lastName>
        <district>12</district>
        <firstName>Debbie</firstName>
      </item>
      <item>
        <fullName>Rep. Carson, Andre [D-IN-7]</fullName>
        <sponsorshipDate>2017-01-13</sponsorshipDate>
        <middleName />
        <sponsorshipWithdrawnDate />
        <bioguideId>C001072</bioguideId>
        <state>IN</state>
        <isOriginalCosponsor>True</isOriginalCosponsor>
        <identifiers>
          <gpoId>7946</gpoId>
          <lisID>1889</lisID>
          <bioguideId>C001072</bioguideId>
        </identifiers>
        <party>D</party>
        <lastName>Carson</lastName>
        <district>7</district>
        <firstName>Andre</firstName>
      </item>
      <item>
        <fullName>Rep. Veasey, Marc A. [D-TX-33]</fullName>
        <sponsorshipDate>2017-01-13</sponsorshipDate>
        <middleName>A.</middleName>
        <sponsorshipWithdrawnDate />
        <bioguideId>V000131</bioguideId>
        <state>TX</state>
        <isOriginalCosponsor>True</isOriginalCosponsor>
        <identifiers>
          <gpoId />
          <lisID>2166</lisID>
          <bioguideId>V000131</bioguideId>
        </identifiers>
        <party>D</party>
        <lastName>Veasey</lastName>
        <district>33</district>
        <firstName>Marc</firstName>
      </item>
      <item>
        <fullName>Rep. Doyle, Michael F. [D-PA-14]</fullName>
        <sponsorshipDate>2017-01-13</sponsorshipDate>
        <middleName />
        <sponsorshipWithdrawnDate />
        <bioguideId>D000482</bioguideId>
        <state>PA</state>
        <isOriginalCosponsor>True</isOriginalCosponsor>
        <identifiers>
          <lisID>316</lisID>
          <gpoId>8132</gpoId>
          <bioguideId>D000482</bioguideId>
        </identifiers>
        <party>D</party>
        <lastName>DOYLE</lastName>
        <district>14</district>
        <firstName>MIKE</firstName>
      </item>
      <item>
        <fullName>Rep. Langevin, James R. [D-RI-2]</fullName>
        <sponsorshipDate>2017-01-13</sponsorshipDate>
        <middleName>R.</middleName>
        <sponsorshipWithdrawnDate />
        <bioguideId>L000559</bioguideId>
        <state>RI</state>
        <isOriginalCosponsor>True</isOriginalCosponsor>
        <identifiers>
          <bioguideId>L000559</bioguideId>
          <lisID>1668</lisID>
          <gpoId>8140</gpoId>
        </identifiers>
        <party>D</party>
        <lastName>LANGEVIN</lastName>
        <district>2</district>
        <firstName>JAMES</firstName>
      </item>
      <item>
        <fullName>Rep. Cardenas, Tony [D-CA-29]</fullName>
        <sponsorshipDate>2017-01-13</sponsorshipDate>
        <middleName />
        <sponsorshipWithdrawnDate />
        <bioguideId>C001097</bioguideId>
        <state>CA</state>
        <isOriginalCosponsor>True</isOriginalCosponsor>
        <identifiers>
          <gpoId />
          <bioguideId>C001097</bioguideId>
          <lisID>2107</lisID>
        </identifiers>
        <party>D</party>
        <lastName>Cardenas</lastName>
        <district>29</district>
        <firstName>Tony</firstName>
      </item>
      <item>
        <fullName>Rep. Kuster, Ann M. [D-NH-2]</fullName>
        <sponsorshipDate>2017-01-13</sponsorshipDate>
        <middleName>M.</middleName>
        <sponsorshipWithdrawnDate />
        <bioguideId>K000382</bioguideId>
        <state>NH</state>
        <isOriginalCosponsor>True</isOriginalCosponsor>
        <identifiers>
          <gpoId />
          <lisID>2145</lisID>
          <bioguideId>K000382</bioguideId>
        </identifiers>
        <party>D</party>
        <lastName>Kuster</lastName>
        <district>2</district>
        <firstName>Ann</firstName>
      </item>
      <item>
        <fullName>Rep. Schakowsky, Janice D. [D-IL-9]</fullName>
        <sponsorshipDate>2017-01-13</sponsorshipDate>
        <middleName>D.</middleName>
        <sponsorshipWithdrawnDate />
        <bioguideId>S001145</bioguideId>
        <state>IL</state>
        <isOriginalCosponsor>True</isOriginalCosponsor>
        <identifiers>
          <lisID>1588</lisID>
          <gpoId>7929</gpoId>
          <bioguideId>S001145</bioguideId>
        </identifiers>
        <party>D</party>
        <lastName>SCHAKOWSKY</lastName>
        <district>9</district>
        <firstName>JANICE</firstName>
      </item>
      <item>
        <fullName>Rep. Keating, William R. [D-MA-9]</fullName>
        <sponsorshipDate>2017-01-13</sponsorshipDate>
        <middleName>R.</middleName>
        <sponsorshipWithdrawnDate />
        <bioguideId>K000375</bioguideId>
        <state>MA</state>
        <isOriginalCosponsor>True</isOriginalCosponsor>
        <identifiers>
          <gpoId>7975</gpoId>
          <lisID>2025</lisID>
          <bioguideId>K000375</bioguideId>
        </identifiers>
        <party>D</party>
        <lastName>Keating</lastName>
        <district>9</district>
        <firstName>William</firstName>
      </item>
      <item>
        <fullName>Rep. Sanchez, Linda T. [D-CA-38]</fullName>
        <sponsorshipDate>2017-01-13</sponsorshipDate>
        <middleName>T.</middleName>
        <sponsorshipWithdrawnDate />
        <bioguideId>S001156</bioguideId>
        <state>CA</state>
        <isOriginalCosponsor>True</isOriginalCosponsor>
        <identifiers>
          <gpoId>7844</gpoId>
          <lisID>1757</lisID>
          <bioguideId>S001156</bioguideId>
        </identifiers>
        <party>D</party>
        <lastName>SANCHEZ</lastName>
        <district>38</district>
        <firstName>LINDA</firstName>
      </item>
      <item>
        <fullName>Rep. Lawrence, Brenda L. [D-MI-14]</fullName>
        <sponsorshipDate>2017-01-13</sponsorshipDate>
        <middleName>L.</middleName>
        <sponsorshipWithdrawnDate />
        <bioguideId>L000581</bioguideId>
        <state>MI</state>
        <isOriginalCosponsor>True</isOriginalCosponsor>
        <identifiers>
          <gpoId />
          <bioguideId>L000581</bioguideId>
          <lisID>2252</lisID>
        </identifiers>
        <party>D</party>
        <lastName>Lawrence</lastName>
        <district>14</district>
        <firstName>Brenda</firstName>
      </item>
      <item>
        <fullName>Rep. Foster, Bill [D-IL-11]</fullName>
        <sponsorshipDate>2017-01-13</sponsorshipDate>
        <middleName />
        <sponsorshipWithdrawnDate />
        <bioguideId>F000454</bioguideId>
        <state>IL</state>
        <isOriginalCosponsor>True</isOriginalCosponsor>
        <identifiers>
          <gpoId>7355</gpoId>
          <lisID>1888</lisID>
          <bioguideId>F000454</bioguideId>
        </identifiers>
        <party>D</party>
        <lastName>Foster</lastName>
        <district>11</district>
        <firstName>Bill</firstName>
      </item>
      <item>
        <fullName>Rep. Engel, Eliot L. [D-NY-16]</fullName>
        <sponsorshipDate>2017-01-13</sponsorshipDate>
        <middleName>L.</middleName>
        <sponsorshipWithdrawnDate />
        <bioguideId>E000179</bioguideId>
        <state>NY</state>
        <isOriginalCosponsor>True</isOriginalCosponsor>
        <identifiers>
          <bioguideId>E000179</bioguideId>
          <lisID>344</lisID>
          <gpoId>8078</gpoId>
        </identifiers>
        <party>D</party>
        <lastName>ENGEL</lastName>
        <district>16</district>
        <firstName>ELIOT</firstName>
      </item>
      <item>
        <fullName>Rep. Pocan, Mark [D-WI-2]</fullName>
        <sponsorshipDate>2017-01-13</sponsorshipDate>
        <middleName />
        <sponsorshipWithdrawnDate />
        <bioguideId>P000607</bioguideId>
        <state>WI</state>
        <isOriginalCosponsor>True</isOriginalCosponsor>
        <identifiers>
          <gpoId />
          <bioguideId>P000607</bioguideId>
          <lisID>2171</lisID>
        </identifiers>
        <party>D</party>
        <lastName>Pocan</lastName>
        <district>2</district>
        <firstName>Mark</firstName>
      </item>
      <item>
        <fullName>Rep. Lynch, Stephen F. [D-MA-8]</fullName>
        <sponsorshipDate>2017-01-13</sponsorshipDate>
        <middleName>F.</middleName>
        <sponsorshipWithdrawnDate />
        <bioguideId>L000562</bioguideId>
        <state>MA</state>
        <isOriginalCosponsor>True</isOriginalCosponsor>
        <identifiers>
          <gpoId>7974</gpoId>
          <bioguideId>L000562</bioguideId>
          <lisID>1686</lisID>
        </identifiers>
        <party>D</party>
        <lastName>Lynch</lastName>
        <district>8</district>
        <firstName>Stephen</firstName>
      </item>
      <item>
        <fullName>Rep. Heck, Denny [D-WA-10]</fullName>
        <sponsorshipDate>2017-01-13</sponsorshipDate>
        <middleName />
        <sponsorshipWithdrawnDate />
        <bioguideId>H001064</bioguideId>
        <state>WA</state>
        <isOriginalCosponsor>True</isOriginalCosponsor>
        <identifiers>
          <gpoId />
          <lisID>2170</lisID>
          <bioguideId>H001064</bioguideId>
        </identifiers>
        <party>D</party>
        <lastName>Heck</lastName>
        <district>10</district>
        <firstName>Denny</firstName>
      </item>
      <item>
        <fullName>Rep. McCollum, Betty [D-MN-4]</fullName>
        <sponsorshipDate>2017-01-13</sponsorshipDate>
        <middleName />
        <sponsorshipWithdrawnDate />
        <bioguideId>M001143</bioguideId>
        <state>MN</state>
        <isOriginalCosponsor>True</isOriginalCosponsor>
        <identifiers>
          <gpoId>8004</gpoId>
          <bioguideId>M001143</bioguideId>
          <lisID>1653</lisID>
        </identifiers>
        <party>D</party>
        <lastName>MCCOLLUM</lastName>
        <district>4</district>
        <firstName>BETTY</firstName>
      </item>
      <item>
        <fullName>Rep. Meng, Grace [D-NY-6]</fullName>
        <sponsorshipDate>2017-01-13</sponsorshipDate>
        <middleName />
        <sponsorshipWithdrawnDate />
        <bioguideId>M001188</bioguideId>
        <state>NY</state>
        <isOriginalCosponsor>True</isOriginalCosponsor>
        <identifiers>
          <lisID>2148</lisID>
          <gpoId />
          <bioguideId>M001188</bioguideId>
        </identifiers>
        <party>D</party>
        <lastName>Meng</lastName>
        <district>6</district>
        <firstName>Grace</firstName>
      </item>
      <item>
        <fullName>Rep. Sarbanes, John P. [D-MD-3]</fullName>
        <sponsorshipDate>2017-01-13</sponsorshipDate>
        <middleName>P.</middleName>
        <sponsorshipWithdrawnDate />
        <bioguideId>S001168</bioguideId>
        <state>MD</state>
        <isOriginalCosponsor>True</isOriginalCosponsor>
        <identifiers>
          <lisID>1854</lisID>
          <gpoId>7978</gpoId>
          <bioguideId>S001168</bioguideId>
        </identifiers>
        <party>D</party>
        <lastName>Sarbanes</lastName>
        <district>3</district>
        <firstName>John</firstName>
      </item>
      <item>
        <fullName>Rep. Levin, Sander M. [D-MI-9]</fullName>
        <sponsorshipDate>2017-01-13</sponsorshipDate>
        <middleName>M.</middleName>
        <sponsorshipWithdrawnDate />
        <bioguideId>L000263</bioguideId>
        <state>MI</state>
        <isOriginalCosponsor>True</isOriginalCosponsor>
        <identifiers>
          <bioguideId>L000263</bioguideId>
          <lisID>683</lisID>
          <gpoId>7997</gpoId>
        </identifiers>
        <party>D</party>
        <lastName>LEVIN</lastName>
        <district>9</district>
        <firstName>SANDER</firstName>
      </item>
      <item>
        <fullName>Rep. Payne, Donald M., Jr. [D-NJ-10]</fullName>
        <sponsorshipDate>2017-01-13</sponsorshipDate>
        <middleName>M.</middleName>
        <sponsorshipWithdrawnDate />
        <bioguideId>P000604</bioguideId>
        <state>NJ</state>
        <isOriginalCosponsor>True</isOriginalCosponsor>
        <identifiers>
          <bioguideId>P000604</bioguideId>
          <lisID>2097</lisID>
          <gpoId>8373</gpoId>
        </identifiers>
        <party>D</party>
        <lastName>Payne</lastName>
        <district>10</district>
        <firstName>Donald</firstName>
      </item>
      <item>
        <fullName>Rep. Himes, James A. [D-CT-4]</fullName>
        <sponsorshipDate>2017-01-13</sponsorshipDate>
        <middleName>A.</middleName>
        <sponsorshipWithdrawnDate />
        <bioguideId>H001047</bioguideId>
        <state>CT</state>
        <isOriginalCosponsor>True</isOriginalCosponsor>
        <identifiers>
          <gpoId>7869</gpoId>
          <lisID>1913</lisID>
          <bioguideId>H001047</bioguideId>
        </identifiers>
        <party>D</party>
        <lastName>Himes</lastName>
        <district>4</district>
        <firstName>James</firstName>
      </item>
      <item>
        <fullName>Rep. Conyers, John, Jr. [D-MI-13]</fullName>
        <sponsorshipDate>2017-01-13</sponsorshipDate>
        <middleName />
        <sponsorshipWithdrawnDate />
        <bioguideId>C000714</bioguideId>
        <state>MI</state>
        <isOriginalCosponsor>True</isOriginalCosponsor>
        <identifiers>
          <lisID>229</lisID>
          <gpoId>7999</gpoId>
          <bioguideId>C000714</bioguideId>
        </identifiers>
        <party>D</party>
        <lastName>CONYERS</lastName>
        <district>13</district>
        <firstName>JOHN</firstName>
      </item>
      <item>
        <fullName>Rep. Chu, Judy [D-CA-27]</fullName>
        <sponsorshipDate>2017-01-13</sponsorshipDate>
        <middleName />
        <sponsorshipWithdrawnDate />
        <bioguideId>C001080</bioguideId>
        <state>CA</state>
        <isOriginalCosponsor>True</isOriginalCosponsor>
        <identifiers>
          <lisID>1970</lisID>
          <gpoId>7837</gpoId>
          <bioguideId>C001080</bioguideId>
        </identifiers>
        <party>D</party>
        <lastName>Chu</lastName>
        <district>27</district>
        <firstName>Judy</firstName>
      </item>
      <item>
        <fullName>Rep. Scott, Robert C. "Bobby" [D-VA-3]</fullName>
        <sponsorshipDate>2017-01-13</sponsorshipDate>
        <middleName>C. "Bobby"</middleName>
        <sponsorshipWithdrawnDate />
        <bioguideId>S000185</bioguideId>
        <state>VA</state>
        <isOriginalCosponsor>True</isOriginalCosponsor>
        <identifiers>
          <gpoId>8194</gpoId>
          <bioguideId>S000185</bioguideId>
          <lisID>1037</lisID>
        </identifiers>
        <party>D</party>
        <lastName>Scott</lastName>
        <district>3</district>
        <firstName>Robert</firstName>
      </item>
      <item>
        <fullName>Rep. McGovern, James P. [D-MA-2]</fullName>
        <sponsorshipDate>2017-01-13</sponsorshipDate>
        <middleName>P.</middleName>
        <sponsorshipWithdrawnDate />
        <bioguideId>M000312</bioguideId>
        <state>MA</state>
        <isOriginalCosponsor>True</isOriginalCosponsor>
        <identifiers>
          <gpoId>7968</gpoId>
          <lisID>1504</lisID>
          <bioguideId>M000312</bioguideId>
        </identifiers>
        <party>D</party>
        <lastName>MCGOVERN</lastName>
        <district>2</district>
        <firstName>JAMES</firstName>
      </item>
      <item>
        <fullName>Rep. Shea-Porter, Carol [D-NH-1]</fullName>
        <sponsorshipDate>2017-01-13</sponsorshipDate>
        <middleName />
        <sponsorshipWithdrawnDate />
        <bioguideId>S001170</bioguideId>
        <state>NH</state>
        <isOriginalCosponsor>True</isOriginalCosponsor>
        <identifiers>
          <gpoId>7528</gpoId>
          <lisID>1861</lisID>
          <bioguideId>S001170</bioguideId>
        </identifiers>
        <party>D</party>
        <lastName>Shea-Porter</lastName>
        <district>1</district>
        <firstName>Carol</firstName>
      </item>
      <item>
        <fullName>Rep. Lowey, Nita M. [D-NY-17]</fullName>
        <sponsorshipDate>2017-01-13</sponsorshipDate>
        <middleName>M.</middleName>
        <sponsorshipWithdrawnDate />
        <bioguideId>L000480</bioguideId>
        <state>NY</state>
        <isOriginalCosponsor>True</isOriginalCosponsor>
        <identifiers>
          <gpoId>8079</gpoId>
          <lisID>709</lisID>
          <bioguideId>L000480</bioguideId>
        </identifiers>
        <party>D</party>
        <lastName>LOWEY</lastName>
        <district>17</district>
        <firstName>NITA</firstName>
      </item>
      <item>
        <fullName>Rep. Sherman, Brad [D-CA-30]</fullName>
        <sponsorshipDate>2017-01-13</sponsorshipDate>
        <middleName />
        <sponsorshipWithdrawnDate />
        <bioguideId>S000344</bioguideId>
        <state>CA</state>
        <isOriginalCosponsor>True</isOriginalCosponsor>
        <identifiers>
          <gpoId>7832</gpoId>
          <lisID>1526</lisID>
          <bioguideId>S000344</bioguideId>
        </identifiers>
        <party>D</party>
        <lastName>SHERMAN</lastName>
        <district>30</district>
        <firstName>BRAD</firstName>
      </item>
      <item>
        <fullName>Rep. Ellison, Keith [D-MN-5]</fullName>
        <sponsorshipDate>2017-01-13</sponsorshipDate>
        <middleName />
        <sponsorshipWithdrawnDate />
        <bioguideId>E000288</bioguideId>
        <state>MN</state>
        <isOriginalCosponsor>True</isOriginalCosponsor>
        <identifiers>
          <lisID>1857</lisID>
          <gpoId>8005</gpoId>
          <bioguideId>E000288</bioguideId>
        </identifiers>
        <party>D</party>
        <lastName>Ellison</lastName>
        <district>5</district>
        <firstName>Keith</firstName>
      </item>
      <item>
        <fullName>Rep. Grijalva, Raul M. [D-AZ-3]</fullName>
        <sponsorshipDate>2017-01-13</sponsorshipDate>
        <middleName>M.</middleName>
        <sponsorshipWithdrawnDate />
        <bioguideId>G000551</bioguideId>
        <state>AZ</state>
        <isOriginalCosponsor>True</isOriginalCosponsor>
        <identifiers>
          <gpoId>7804</gpoId>
          <bioguideId>G000551</bioguideId>
          <lisID>1708</lisID>
        </identifiers>
        <party>D</party>
        <lastName>Grijalva</lastName>
        <district>3</district>
        <firstName>Raul</firstName>
      </item>
      <item>
        <fullName>Rep. Wasserman Schultz, Debbie [D-FL-23]</fullName>
        <sponsorshipDate>2017-01-13</sponsorshipDate>
        <middleName />
        <sponsorshipWithdrawnDate />
        <bioguideId>W000797</bioguideId>
        <state>FL</state>
        <isOriginalCosponsor>True</isOriginalCosponsor>
        <identifiers>
          <gpoId>7892</gpoId>
          <lisID>1777</lisID>
          <bioguideId>W000797</bioguideId>
        </identifiers>
        <party>D</party>
        <lastName>Wasserman Schultz</lastName>
        <district>23</district>
        <firstName>Debbie</firstName>
      </item>
      <item>
        <fullName>Rep. Esty, Elizabeth H. [D-CT-5]</fullName>
        <sponsorshipDate>2017-01-13</sponsorshipDate>
        <middleName>H.</middleName>
        <sponsorshipWithdrawnDate />
        <bioguideId>E000293</bioguideId>
        <state>CT</state>
        <isOriginalCosponsor>True</isOriginalCosponsor>
        <identifiers>
          <gpoId />
          <lisID>2114</lisID>
          <bioguideId>E000293</bioguideId>
        </identifiers>
        <party>D</party>
        <lastName>Esty</lastName>
        <district>5</district>
        <firstName>Elizabeth</firstName>
      </item>
      <item>
        <fullName>Rep. DeSaulnier, Mark [D-CA-11]</fullName>
        <sponsorshipDate>2017-01-13</sponsorshipDate>
        <middleName />
        <sponsorshipWithdrawnDate />
        <bioguideId>D000623</bioguideId>
        <state>CA</state>
        <isOriginalCosponsor>True</isOriginalCosponsor>
        <identifiers>
          <gpoId />
          <bioguideId>D000623</bioguideId>
          <lisID>2227</lisID>
        </identifiers>
        <party>D</party>
        <lastName>DeSaulnier</lastName>
        <district>11</district>
        <firstName>Mark</firstName>
      </item>
      <item>
        <fullName>Rep. Courtney, Joe [D-CT-2]</fullName>
        <sponsorshipDate>2017-01-13</sponsorshipDate>
        <middleName />
        <sponsorshipWithdrawnDate />
        <bioguideId>C001069</bioguideId>
        <state>CT</state>
        <isOriginalCosponsor>True</isOriginalCosponsor>
        <identifiers>
          <gpoId>7867</gpoId>
          <lisID>1836</lisID>
          <bioguideId>C001069</bioguideId>
        </identifiers>
        <party>D</party>
        <lastName>Courtney</lastName>
        <district>2</district>
        <firstName>Joe</firstName>
      </item>
      <item>
        <fullName>Rep. Kilmer, Derek [D-WA-6]</fullName>
        <sponsorshipDate>2017-01-13</sponsorshipDate>
        <middleName />
        <sponsorshipWithdrawnDate />
        <bioguideId>K000381</bioguideId>
        <state>WA</state>
        <isOriginalCosponsor>True</isOriginalCosponsor>
        <identifiers>
          <gpoId />
          <bioguideId>K000381</bioguideId>
          <lisID>2169</lisID>
        </identifiers>
        <party>D</party>
        <lastName>Kilmer</lastName>
        <district>6</district>
        <firstName>Derek</firstName>
      </item>
      <item>
        <fullName>Rep. Velazquez, Nydia M. [D-NY-7]</fullName>
        <sponsorshipDate>2017-01-13</sponsorshipDate>
        <middleName>M.</middleName>
        <sponsorshipWithdrawnDate />
        <bioguideId>V000081</bioguideId>
        <state>NY</state>
        <isOriginalCosponsor>True</isOriginalCosponsor>
        <identifiers>
          <lisID>1184</lisID>
          <gpoId>8073</gpoId>
          <bioguideId>V000081</bioguideId>
        </identifiers>
        <party>D</party>
        <lastName>VELAZQUEZ</lastName>
        <district>7</district>
        <firstName>NYDIA</firstName>
      </item>
      <item>
        <fullName>Rep. Lee, Barbara [D-CA-13]</fullName>
        <sponsorshipDate>2017-01-13</sponsorshipDate>
        <middleName />
        <sponsorshipWithdrawnDate />
        <bioguideId>L000551</bioguideId>
        <state>CA</state>
        <isOriginalCosponsor>True</isOriginalCosponsor>
        <identifiers>
          <bioguideId>L000551</bioguideId>
          <lisID>1501</lisID>
          <gpoId>7814</gpoId>
        </identifiers>
        <party>D</party>
        <lastName>LEE</lastName>
        <district>13</district>
        <firstName>BARBARA</firstName>
      </item>
      <item>
        <fullName>Rep. Cohen, Steve [D-TN-9]</fullName>
        <sponsorshipDate>2017-01-13</sponsorshipDate>
        <middleName />
        <sponsorshipWithdrawnDate />
        <bioguideId>C001068</bioguideId>
        <state>TN</state>
        <isOriginalCosponsor>True</isOriginalCosponsor>
        <identifiers>
          <lisID>1878</lisID>
          <gpoId>8156</gpoId>
          <bioguideId>C001068</bioguideId>
        </identifiers>
        <party>D</party>
        <lastName>Cohen</lastName>
        <district>9</district>
        <firstName>Steve</firstName>
      </item>
      <item>
        <fullName>Rep. Eshoo, Anna G. [D-CA-18]</fullName>
        <sponsorshipDate>2017-01-13</sponsorshipDate>
        <middleName>G.</middleName>
        <sponsorshipWithdrawnDate />
        <bioguideId>E000215</bioguideId>
        <state>CA</state>
        <isOriginalCosponsor>True</isOriginalCosponsor>
        <identifiers>
          <gpoId>7819</gpoId>
          <lisID>355</lisID>
          <bioguideId>E000215</bioguideId>
        </identifiers>
        <party>D</party>
        <lastName>ESHOO</lastName>
        <district>18</district>
        <firstName>ANNA</firstName>
      </item>
      <item>
        <fullName>Rep. Clarke, Yvette D. [D-NY-9]</fullName>
        <sponsorshipDate>2017-01-13</sponsorshipDate>
        <middleName>D.</middleName>
        <sponsorshipWithdrawnDate />
        <bioguideId>C001067</bioguideId>
        <state>NY</state>
        <isOriginalCosponsor>True</isOriginalCosponsor>
        <identifiers>
          <gpoId>8072</gpoId>
          <bioguideId>C001067</bioguideId>
          <lisID>1864</lisID>
        </identifiers>
        <party>D</party>
        <lastName>Clarke</lastName>
        <district>9</district>
        <firstName>Yvette</firstName>
      </item>
      <item>
        <fullName>Rep. Blumenauer, Earl [D-OR-3]</fullName>
        <sponsorshipDate>2017-01-13</sponsorshipDate>
        <middleName />
        <sponsorshipWithdrawnDate />
        <bioguideId>B000574</bioguideId>
        <state>OR</state>
        <isOriginalCosponsor>True</isOriginalCosponsor>
        <identifiers>
          <gpoId>8116</gpoId>
          <lisID>99</lisID>
          <bioguideId>B000574</bioguideId>
        </identifiers>
        <party>D</party>
        <lastName>BLUMENAUER</lastName>
        <district>3</district>
        <firstName>EARL</firstName>
      </item>
      <item>
        <fullName>Rep. Johnson, Henry C. "Hank," Jr. [D-GA-4]</fullName>
        <sponsorshipDate>2017-01-24</sponsorshipDate>
        <middleName>C. "Hank"</middleName>
        <sponsorshipWithdrawnDate />
        <bioguideId>J000288</bioguideId>
        <state>GA</state>
        <isOriginalCosponsor>False</isOriginalCosponsor>
        <identifiers>
          <gpoId>7901</gpoId>
          <lisID>1843</lisID>
          <bioguideId>J000288</bioguideId>
        </identifiers>
        <party>D</party>
        <lastName>Johnson</lastName>
        <district>4</district>
        <firstName>Henry</firstName>
      </item>
      <item>
        <fullName>Rep. Walz, Timothy J. [D-MN-1]</fullName>
        <sponsorshipDate>2017-01-24</sponsorshipDate>
        <middleName>J.</middleName>
        <sponsorshipWithdrawnDate />
        <bioguideId>W000799</bioguideId>
        <state>MN</state>
        <isOriginalCosponsor>False</isOriginalCosponsor>
        <identifiers>
          <gpoId>8001</gpoId>
          <lisID>1856</lisID>
          <bioguideId>W000799</bioguideId>
        </identifiers>
        <party>D</party>
        <lastName>Walz</lastName>
        <district>1</district>
        <firstName>Timothy</firstName>
      </item>
      <item>
        <fullName>Rep. Lofgren, Zoe [D-CA-19]</fullName>
        <sponsorshipDate>2017-02-14</sponsorshipDate>
        <middleName />
        <sponsorshipWithdrawnDate />
        <bioguideId>L000397</bioguideId>
        <state>CA</state>
        <isOriginalCosponsor>False</isOriginalCosponsor>
        <identifiers>
          <gpoId>7821</gpoId>
          <lisID>701</lisID>
          <bioguideId>L000397</bioguideId>
        </identifiers>
        <party>D</party>
        <lastName>LOFGREN</lastName>
        <district>19</district>
        <firstName>ZOE</firstName>
      </item>
      <item>
        <fullName>Rep. Evans, Dwight [D-PA-2]</fullName>
        <sponsorshipDate>2017-02-27</sponsorshipDate>
        <middleName />
        <sponsorshipWithdrawnDate />
        <bioguideId>E000296</bioguideId>
        <state>PA</state>
        <isOriginalCosponsor>False</isOriginalCosponsor>
        <identifiers>
          <gpoId />
          <lisID>2298</lisID>
          <bioguideId>E000296</bioguideId>
        </identifiers>
        <party>D</party>
        <lastName>Evans</lastName>
        <district>2</district>
        <firstName>Dwight</firstName>
      </item>
      <item>
        <fullName>Rep. Yarmuth, John A. [D-KY-3]</fullName>
        <sponsorshipDate>2017-03-01</sponsorshipDate>
        <middleName>A.</middleName>
        <sponsorshipWithdrawnDate />
        <bioguideId>Y000062</bioguideId>
        <state>KY</state>
        <isOriginalCosponsor>False</isOriginalCosponsor>
        <identifiers>
          <gpoId>7955</gpoId>
          <lisID>1853</lisID>
          <bioguideId>Y000062</bioguideId>
        </identifiers>
        <party>D</party>
        <lastName>Yarmuth</lastName>
        <district>3</district>
        <firstName>John</firstName>
      </item>
      <item>
        <fullName>Rep. Thompson, Mike [D-CA-5]</fullName>
        <sponsorshipDate>2017-03-13</sponsorshipDate>
        <middleName />
        <sponsorshipWithdrawnDate />
        <bioguideId>T000460</bioguideId>
        <state>CA</state>
        <isOriginalCosponsor>False</isOriginalCosponsor>
        <identifiers>
          <gpoId>7806</gpoId>
          <lisID>1593</lisID>
          <bioguideId>T000460</bioguideId>
        </identifiers>
        <party>D</party>
        <lastName>THOMPSON</lastName>
        <district>5</district>
        <firstName>MIKE</firstName>
      </item>
      <item>
        <fullName>Rep. Nolan, Richard M. [D-MN-8]</fullName>
        <sponsorshipDate>2017-11-16</sponsorshipDate>
        <middleName />
        <sponsorshipWithdrawnDate />
        <bioguideId>N000127</bioguideId>
        <state>MN</state>
        <isOriginalCosponsor>False</isOriginalCosponsor>
        <identifiers>
          <gpoId />
          <lisID>867</lisID>
          <bioguideId>N000127</bioguideId>
        </identifiers>
        <party>D</party>
        <lastName>NOLAN</lastName>
        <district>8</district>
        <firstName>RICHARD</firstName>
      </item>
      <item>
        <fullName>Rep. Carbajal, Salud O. [D-CA-24]</fullName>
        <sponsorshipDate>2018-01-10</sponsorshipDate>
        <middleName>O.</middleName>
        <sponsorshipWithdrawnDate />
        <bioguideId>C001112</bioguideId>
        <state>CA</state>
        <isOriginalCosponsor>False</isOriginalCosponsor>
        <identifiers>
          <lisID>2310</lisID>
          <gpoId />
          <bioguideId>C001112</bioguideId>
        </identifiers>
        <party>D</party>
        <lastName>Carbajal</lastName>
        <district>24</district>
        <firstName>Salud</firstName>
      </item>
      <item>
        <fullName>Rep. Watson Coleman, Bonnie [D-NJ-12]</fullName>
        <sponsorshipDate>2018-01-18</sponsorshipDate>
        <middleName />
        <sponsorshipWithdrawnDate />
        <bioguideId>W000822</bioguideId>
        <state>NJ</state>
        <isOriginalCosponsor>False</isOriginalCosponsor>
        <identifiers>
          <lisID>2259</lisID>
          <gpoId />
          <bioguideId>W000822</bioguideId>
        </identifiers>
        <party>D</party>
        <lastName>Watson Coleman</lastName>
        <district>12</district>
        <firstName>Bonnie</firstName>
      </item>
      <item>
        <fullName>Rep. Brady, Robert A. [D-PA-1]</fullName>
        <sponsorshipDate>2018-01-22</sponsorshipDate>
        <middleName>A.</middleName>
        <sponsorshipWithdrawnDate />
        <bioguideId>B001227</bioguideId>
        <state>PA</state>
        <isOriginalCosponsor>False</isOriginalCosponsor>
        <identifiers>
          <lisID>1469</lisID>
          <gpoId>8119</gpoId>
          <bioguideId>B001227</bioguideId>
        </identifiers>
        <party>D</party>
        <lastName>BRADY</lastName>
        <district>1</district>
        <firstName>ROBERT</firstName>
      </item>
      <item>
        <fullName>Rep. Espaillat, Adriano [D-NY-13]</fullName>
        <sponsorshipDate>2018-02-05</sponsorshipDate>
        <middleName />
        <sponsorshipWithdrawnDate />
        <bioguideId>E000297</bioguideId>
        <state>NY</state>
        <isOriginalCosponsor>False</isOriginalCosponsor>
        <identifiers>
          <gpoId />
          <lisID>2342</lisID>
          <bioguideId>E000297</bioguideId>
        </identifiers>
        <party>D</party>
        <lastName>Espaillat</lastName>
        <district>13</district>
        <firstName>Adriano</firstName>
      </item>
      <item>
        <fullName>Rep. Khanna, Ro [D-CA-17]</fullName>
        <sponsorshipDate>2018-02-13</sponsorshipDate>
        <middleName />
        <sponsorshipWithdrawnDate />
        <bioguideId>K000389</bioguideId>
        <state>CA</state>
        <isOriginalCosponsor>False</isOriginalCosponsor>
        <identifiers>
          <gpoId />
          <lisID>2308</lisID>
          <bioguideId>K000389</bioguideId>
        </identifiers>
        <party>D</party>
        <lastName>Khanna</lastName>
        <district>17</district>
        <firstName>Ro</firstName>
      </item>
    </cosponsors>
    <titles>
      <item>
        <titleType>(Extracted from GPO) Short Titles as Introduced</titleType>
        <title>National Infrastructure Development Bank Act of 2017</title>
        <parentTitleType />
        <chamberCode />
        <chamberName />
      </item>
      <item>
        <titleType>Short Titles as Introduced</titleType>
        <title>National Infrastructure Development Bank Act of 2017</title>
        <parentTitleType />
        <chamberCode />
        <chamberName />
      </item>
      <item>
        <titleType>Official Title as Introduced</titleType>
        <title>To facilitate efficient investments and financing of infrastructure projects and new job creation through the establishment of a National Infrastructure Development Bank, and for other purposes.</title>
        <parentTitleType />
        <chamberCode />
        <chamberName />
      </item>
      <item>
        <titleType>Display Title</titleType>
        <title>National Infrastructure Development Bank Act of 2017</title>
        <parentTitleType />
        <chamberCode />
        <chamberName />
      </item>
    </titles>
    <committees>
      <billCommittees>
        <item>
          <chamber>House</chamber>
          <activities>
            <item>
              <date>2017-01-13T14:03:45Z</date>
              <name>Referred to</name>
            </item>
          </activities>
          <subcommittees>
            <item>
              <name>Water Resources and Environment Subcommittee</name>
              <activities>
                <item>
                  <date>2017-01-17T15:41:36Z</date>
                  <name>Referred to</name>
                </item>
              </activities>
              <systemCode>hspw02</systemCode>
            </item>
            <item>
              <name>Railroads, Pipelines, and Hazardous Materials Subcommittee</name>
              <activities>
                <item>
                  <date>2017-01-17T15:40:46Z</date>
                  <name>Referred to</name>
                </item>
              </activities>
              <systemCode>hspw14</systemCode>
            </item>
            <item>
              <name>Highways and Transit Subcommittee</name>
              <activities>
                <item>
                  <date>2017-01-17T15:39:43Z</date>
                  <name>Referred to</name>
                </item>
              </activities>
              <systemCode>hspw12</systemCode>
            </item>
            <item>
              <name>Coast Guard and Maritime Transportation Subcommittee</name>
              <activities>
                <item>
                  <date>2017-01-17T15:07:35Z</date>
                  <name>Referred to</name>
                </item>
              </activities>
              <systemCode>hspw07</systemCode>
            </item>
            <item>
              <name>Aviation Subcommittee</name>
              <activities>
                <item>
                  <date>2017-01-17T15:06:41Z</date>
                  <name>Referred to</name>
                </item>
              </activities>
              <systemCode>hspw05</systemCode>
            </item>
          </subcommittees>
          <name>Transportation and Infrastructure Committee</name>
          <type>Standing</type>
          <systemCode>hspw00</systemCode>
        </item>
        <item>
          <chamber>House</chamber>
          <activities>
            <item>
              <date>2017-01-13T14:04:00Z</date>
              <name>Referred to</name>
            </item>
          </activities>
          <subcommittees />
          <name>Ways and Means Committee</name>
          <type>Standing</type>
          <systemCode>hswm00</systemCode>
        </item>
        <item>
          <chamber>House</chamber>
          <activities>
            <item>
              <date>2017-01-13T14:03:50Z</date>
              <name>Referred to</name>
            </item>
          </activities>
          <subcommittees />
          <name>Financial Services Committee</name>
          <type>Standing</type>
          <systemCode>hsba00</systemCode>
        </item>
        <item>
          <chamber>House</chamber>
          <activities>
            <item>
              <date>2017-01-13T14:03:40Z</date>
              <name>Referred to</name>
            </item>
          </activities>
          <subcommittees />
          <name>Energy and Commerce Committee</name>
          <type>Standing</type>
          <systemCode>hsif00</systemCode>
        </item>
      </billCommittees>
    </committees>
    <calendarNumbers />
    <billType>HR</billType>
    <originChamber>House</originChamber>
    <summaries>
      <billSummaries>
        <item>
          <actionDesc>Introduced in House</actionDesc>
          <name>Introduced in House</name>
          <actionDate>2017-01-13</actionDate>
          <versionCode>00</versionCode>
          <text><![CDATA[<p><strong>National Infrastructure Development Bank Act of 2017</strong></p> <p>This bill establishes the National Infrastructure Development Bank as a wholly owned government corporation. </p> <p>The bank's board of directors shall be responsible for monitoring and overseeing energy, environmental, telecommunications, and transportation infrastructure projects. The board is authorized to: (1) make loans and loan guarantees to assist in the financing an infrastructure project, (2) issue public benefit bonds and provide financing to infrastructure projects, and (3) pay an interest subsidy to the issuer of American Infrastructure Bonds. </p> <p>The bank shall establish a risk management committee, which shall: (1) create financial, credit, and operational risk management guidelines; (2) set guidelines to ensure diversification of lending activities by geographic region and infrastructure project type; (3) create conforming standards for financial assistance; (4) monitor financial, credit, and operational exposure; (5) provide financial recommendations to the board; and (6) ensure that the aggregate amount of interest subsidies provided for such bonds in a given calendar year does not exceed 28% of interest payable under all such bonds. </p> <p>The board shall approve criteria established by the bank's executive committee for determining project eligibility for financial assistance. The bill sets forth criteria to be considered by the board for each type of infrastructure project. The executive committee shall conduct an analysis that considers the economic, environmental, and social benefits and costs of each project under consideration, prioritizing projects that contribute to economic growth, lead to job creation, and are of regional or national significance. </p> <p> Financial assistance for an infrastructure project: (1) shall be repayable from dedicated revenue sources that also secure the infrastructure project obligations, and (2) shall not exceed 50% of reasonably anticipated project costs.</p> <p> Bank bonds shall be exempt from state or local government taxation. </p> <p>Assisted projects must comply with wage rate, domestic content, and buy American statutes.</p> <p>The board shall establish an American Infrastructure Bond program. The bill establishes the National Infrastructure Development Bank Trust Fund into which an amount equal to the tax receipts attributable to interest payable under such bonds is to be appropriated.</p>]]></text>
          <lastSummaryUpdateDate>2017-02-01T19:17:57Z</lastSummaryUpdateDate>
          <updateDate>2017-01-13T05:00:00Z</updateDate>
        </item>
      </billSummaries>
    </summaries>
    <committeeReports />
    <laws />
    <version>1.0.0</version>
    <title>National Infrastructure Development Bank Act of 2017</title>
    <cboCostEstimates />
    <introducedDate>2017-01-13</introducedDate>
    <actions>
      <item>
        <actionDate>2017-01-17</actionDate>
        <committee>
          <name>Water Resources and Environment Subcommittee</name>
          <systemCode>hspw02</systemCode>
        </committee>
        <links />
        <sourceSystem>
          <code>1</code>
          <name>House committee actions</name>
        </sourceSystem>
        <text>Referred to the Subcommittee on Water Resources and Environment.</text>
        <type>Committee</type>
      </item>
      <item>
        <actionDate>2017-01-17</actionDate>
        <committee>
          <name>Railroads, Pipelines, and Hazardous Materials Subcommittee</name>
          <systemCode>hspw14</systemCode>
        </committee>
        <links />
        <sourceSystem>
          <code>1</code>
          <name>House committee actions</name>
        </sourceSystem>
        <text>Referred to the Subcommittee on Railroads, Pipelines, and Hazardous Materials.</text>
        <type>Committee</type>
      </item>
      <item>
        <actionDate>2017-01-17</actionDate>
        <committee>
          <name>Highways and Transit Subcommittee</name>
          <systemCode>hspw12</systemCode>
        </committee>
        <links />
        <sourceSystem>
          <code>1</code>
          <name>House committee actions</name>
        </sourceSystem>
        <text>Referred to the Subcommittee on Highways and Transit.</text>
        <type>Committee</type>
      </item>
      <item>
        <actionDate>2017-01-17</actionDate>
        <committee>
          <name>Coast Guard and Maritime Transportation Subcommittee</name>
          <systemCode>hspw07</systemCode>
        </committee>
        <links />
        <sourceSystem>
          <code>1</code>
          <name>House committee actions</name>
        </sourceSystem>
        <text>Referred to the Subcommittee on Coast Guard and Maritime Transportation.</text>
        <type>Committee</type>
      </item>
      <item>
        <actionDate>2017-01-17</actionDate>
        <committee>
          <name>Aviation Subcommittee</name>
          <systemCode>hspw05</systemCode>
        </committee>
        <links />
        <sourceSystem>
          <code>1</code>
          <name>House committee actions</name>
        </sourceSystem>
        <text>Referred to the Subcommittee on Aviation.</text>
        <type>Committee</type>
      </item>
      <item>
        <sourceSystem>
          <code>2</code>
          <name>House floor actions</name>
        </sourceSystem>
        <actionCode>H11100</actionCode>
        <links />
        <actionDate>2017-01-13</actionDate>
        <type>IntroReferral</type>
        <text>Referred to House Ways and Means</text>
        <committee>
          <name>Ways and Means Committee</name>
          <systemCode>hswm00</systemCode>
        </committee>
      </item>
      <item>
        <sourceSystem>
          <code>2</code>
          <name>House floor actions</name>
        </sourceSystem>
        <actionCode>H11100</actionCode>
        <links />
        <actionDate>2017-01-13</actionDate>
        <type>IntroReferral</type>
        <text>Referred to House Financial Services</text>
        <committee>
          <name>Financial Services Committee</name>
          <systemCode>hsba00</systemCode>
        </committee>
      </item>
      <item>
        <sourceSystem>
          <code>2</code>
          <name>House floor actions</name>
        </sourceSystem>
        <actionCode>H11100</actionCode>
        <links />
        <actionDate>2017-01-13</actionDate>
        <type>IntroReferral</type>
        <text>Referred to House Transportation and Infrastructure</text>
        <committee>
          <name>Transportation and Infrastructure Committee</name>
          <systemCode>hspw00</systemCode>
        </committee>
      </item>
      <item>
        <sourceSystem>
          <code>2</code>
          <name>House floor actions</name>
        </sourceSystem>
        <actionCode>H11100</actionCode>
        <links />
        <actionDate>2017-01-13</actionDate>
        <type>IntroReferral</type>
        <text>Referred to House Energy and Commerce</text>
        <committee>
          <name>Energy and Commerce Committee</name>
          <systemCode>hsif00</systemCode>
        </committee>
      </item>
      <item>
        <sourceSystem>
          <code>9</code>
          <name>Library of Congress</name>
        </sourceSystem>
        <actionCode>H11100-A</actionCode>
        <links />
        <actionDate>2017-01-13</actionDate>
        <type>IntroReferral</type>
        <text>Referred to the Committee on Energy and Commerce, and in addition to the Committees on Transportation and Infrastructure, Financial Services, and Ways and Means, for a period to be subsequently determined by the Speaker, in each case for consideration of such provisions as fall within the jurisdiction of the committee concerned.</text>
        <committee />
      </item>
      <item>
        <sourceSystem>
          <code>9</code>
          <name>Library of Congress</name>
        </sourceSystem>
        <actionCode>Intro-H</actionCode>
        <links />
        <actionDate>2017-01-13</actionDate>
        <type>IntroReferral</type>
        <text>Introduced in House</text>
        <committee />
      </item>
      <item>
        <sourceSystem>
          <code>9</code>
          <name>Library of Congress</name>
        </sourceSystem>
        <actionCode>1000</actionCode>
        <links />
        <actionDate>2017-01-13</actionDate>
        <type>IntroReferral</type>
        <text>Introduced in House</text>
        <committee />
      </item>
      <actionTypeCounts>
        <introducedInTheHouse>1</introducedInTheHouse>
        <billReferralsAggregate>1</billReferralsAggregate>
        <billReferrals>4</billReferrals>
        <introducedInHouse>1</introducedInHouse>
        <placeholderTextForH>5</placeholderTextForH>
      </actionTypeCounts>
      <actionByCounts>
        <houseOfRepresentatives>12</houseOfRepresentatives>
      </actionByCounts>
    </actions>
    <congress>115</congress>
    <notes />
    <constitutionalAuthorityStatementText><![CDATA[<pre>From the Congressional Record Online through the Government Publishing Office [<a href='http://www.gpo.gov'>www.gpo.gov</a>]By Ms. DeLAURO:H.R. 547.Congress has the power to enact this legislation pursuantto the following:Article 1, Section 8[Page H547]</pre>]]></constitutionalAuthorityStatementText>
    <relatedBills />
  </bill>
  <dublinCore xmlns:dc="http://purl.org/dc/elements/1.1/">
    <dc:format>text/xml</dc:format>
    <dc:language>EN</dc:language>
    <dc:rights>Pursuant to Title 17 Section 105 of the United States Code, this file is not subject to copyright protection and is in the public domain.</dc:rights>
    <dc:contributor>Congressional Research Service, Library of Congress</dc:contributor>
    <dc:description>This file contains bill summaries and statuses for federal legislation. A bill summary describes the most significant provisions of a piece of legislation and details the effects the legislative text may have on current law and federal programs. Bill summaries are authored by the Congressional Research Service (CRS) of the Library of Congress. As stated in Public Law 91-510 (2 USC 166 (d)(6)), one of the duties of CRS is "to prepare summaries and digests of bills and resolutions of a public general nature introduced in the Senate or House of Representatives". For more information, refer to the User Guide that accompanies this file.</dc:description>
  </dublinCore>
</billStatus>

