<?xml version="1.0" encoding="UTF-8"?>
<billStatus>
  <bill>
    <cboCostEstimates>
      <item>
        <title>H.R. 381, an act to designate a mountain in the John Muir Wilderness of the Sierra National Forest as “Sky Point”</title>
        <pubDate>2017-04-10T20:24:59Z</pubDate>
        <url>https://www.cbo.gov/publication/52606</url>
      </item>
    </cboCostEstimates>
    <title>To designate a mountain in the John Muir Wilderness of the Sierra National Forest as "Sky Point".</title>
    <originChamber>House</originChamber>
    <summaries>
      <billSummaries>
        <item>
          <versionCode>00</versionCode>
          <actionDate>2017-01-09</actionDate>
          <lastSummaryUpdateDate>2017-02-01T22:51:21Z</lastSummaryUpdateDate>
          <updateDate>2017-01-09T05:00:00Z</updateDate>
          <actionDesc>Introduced in House</actionDesc>
          <text><![CDATA[<p>This bill designates a specified mountain in the John Muir Wilderness of the Sierra National Forest in California as &quot;Sky Point.&quot;</p>]]></text>
          <name>Introduced in House</name>
        </item>
        <item>
          <versionCode>81</versionCode>
          <actionDate>2017-01-30</actionDate>
          <lastSummaryUpdateDate>2017-03-15T20:18:02Z</lastSummaryUpdateDate>
          <updateDate>2017-01-30T14:23:49Z</updateDate>
          <actionDesc>Passed House without amendment</actionDesc>
          <text><![CDATA[<p>(This measure has not been amended since it was introduced. The summary has been expanded because action occurred on the measure.)</p> <p>(Sec. 2) This bill designates a specified mountain in the John Muir Wilderness of the Sierra National Forest in California as &quot;Sky Point.&quot;</p>]]></text>
          <name>Passed House without amendment</name>
        </item>
        <item>
          <versionCode>80</versionCode>
          <actionDate>2017-06-14</actionDate>
          <lastSummaryUpdateDate>2017-07-06T18:40:27Z</lastSummaryUpdateDate>
          <updateDate>2017-06-14T12:20:31Z</updateDate>
          <actionDesc>Reported to Senate without amendment</actionDesc>
          <text><![CDATA[<p>(This measure has not been amended since it was introduced. The expanded summary of the House passed version is repeated here.)</p> <p>(Sec. 2) This bill designates a specified mountain in the John Muir Wilderness of the Sierra National Forest in California as &quot;Sky Point.&quot;</p>]]></text>
          <name>Reported to Senate without amendment</name>
        </item>
        <item>
          <versionCode>82</versionCode>
          <actionDate>2017-12-21</actionDate>
          <lastSummaryUpdateDate>2018-01-17T19:26:29Z</lastSummaryUpdateDate>
          <updateDate>2017-12-21T15:55:41Z</updateDate>
          <actionDesc>Passed Senate without amendment</actionDesc>
          <text><![CDATA[<p>(This measure has not been amended since it was introduced. The expanded summary of the House passed version is repeated here.)</p> <p>(Sec. 2) This bill designates a specified mountain in the John Muir Wilderness of the Sierra National Forest in California as &quot;Sky Point.&quot;</p>]]></text>
          <name>Passed Senate without amendment</name>
        </item>
        <item>
          <versionCode>49</versionCode>
          <actionDate>2018-01-10</actionDate>
          <lastSummaryUpdateDate>2018-01-24T22:44:25Z</lastSummaryUpdateDate>
          <updateDate>2018-01-11T04:59:58Z</updateDate>
          <actionDesc>Public Law</actionDesc>
          <text><![CDATA[<p>(This measure has not been amended since it was introduced. The expanded summary of the House passed version is repeated here.)</p> <p>(Sec. 2) This bill designates a specified mountain in the John Muir Wilderness of the Sierra National Forest in California as &quot;Sky Point.&quot;</p>]]></text>
          <name>Public Law</name>
        </item>
      </billSummaries>
    </summaries>
    <constitutionalAuthorityStatementText><![CDATA[<pre>[Congressional Record Volume 163, Number 5 (Monday, January 9, 2017)]From the Congressional Record Online through the Government Publishing Office [<a href='http://www.gpo.gov'>www.gpo.gov</a>]By Mr. McCLINTOCK:H.R. 381.Congress has the power to enact this legislation pursuantto the following:Article IV, Section 3, Clause 2 (the Property Clause),which confers on Congress the power to make all needful Rulesand Regulations respecting the property belonging to theUnited States.[Page H235]</pre>]]></constitutionalAuthorityStatementText>
    <latestAction>
      <actionDate>2018-01-10</actionDate>
      <text>Became Public Law No: 115-109.</text>
      <links />
    </latestAction>
    <actions>
      <actionByCounts>
        <houseOfRepresentatives>9</houseOfRepresentatives>
        <senate>9</senate>
      </actionByCounts>
      <item>
        <actionDate>2018-01-10</actionDate>
        <text>Became Public Law No: 115-109.</text>
        <sourceSystem>
          <code>2</code>
          <name>House floor actions</name>
        </sourceSystem>
        <committee />
        <type>President</type>
        <actionCode>E40000</actionCode>
        <links />
      </item>
      <item>
        <actionDate>2018-01-10</actionDate>
        <text>Became Public Law No: 115-109.</text>
        <sourceSystem>
          <code>9</code>
          <name>Library of Congress</name>
        </sourceSystem>
        <committee />
        <type>BecameLaw</type>
        <actionCode>36000</actionCode>
        <links />
      </item>
      <item>
        <actionDate>2018-01-10</actionDate>
        <text>Signed by President.</text>
        <sourceSystem>
          <code>2</code>
          <name>House floor actions</name>
        </sourceSystem>
        <committee />
        <type>President</type>
        <actionCode>E30000</actionCode>
        <links />
      </item>
      <item>
        <actionDate>2018-01-10</actionDate>
        <text>Signed by President.</text>
        <sourceSystem>
          <code>9</code>
          <name>Library of Congress</name>
        </sourceSystem>
        <committee />
        <type>BecameLaw</type>
        <actionCode>36000</actionCode>
        <links />
      </item>
      <item>
        <actionDate>2017-12-29</actionDate>
        <text>Presented to President.</text>
        <sourceSystem>
          <code>2</code>
          <name>House floor actions</name>
        </sourceSystem>
        <committee />
        <type>Floor</type>
        <actionCode>E20000</actionCode>
        <links />
      </item>
      <item>
        <actionDate>2017-12-29</actionDate>
        <text>Presented to President.</text>
        <sourceSystem>
          <code>9</code>
          <name>Library of Congress</name>
        </sourceSystem>
        <committee />
        <type>President</type>
        <actionCode>28000</actionCode>
        <links />
      </item>
      <item>
        <actionDate>2017-12-22</actionDate>
        <committee />
        <links />
        <sourceSystem>
          <code>0</code>
          <name>Senate</name>
        </sourceSystem>
        <text>Message on Senate action sent to the House.</text>
        <type>Floor</type>
      </item>
      <item>
        <actionDate>2017-12-21</actionDate>
        <committee />
        <links>
          <link>
            <url>https://www.congress.gov/congressional-record/volume-163/senate-section/page/S8267-8269</url>
            <name>S8267-8269</name>
          </link>
        </links>
        <sourceSystem>
          <code>0</code>
          <name>Senate</name>
        </sourceSystem>
        <text>Passed Senate without amendment by Voice Vote. (consideration: CR S8267-8269)</text>
        <type>Floor</type>
      </item>
      <item>
        <actionDate>2017-12-21</actionDate>
        <text>Passed/agreed to in Senate: Passed Senate without amendment by Voice Vote.</text>
        <sourceSystem>
          <code>9</code>
          <name>Library of Congress</name>
        </sourceSystem>
        <committee />
        <type>Floor</type>
        <actionCode>17000</actionCode>
        <links />
      </item>
      <item>
        <actionDate>2017-06-14</actionDate>
        <committee />
        <links />
        <sourceSystem>
          <code>0</code>
          <name>Senate</name>
        </sourceSystem>
        <text>Placed on Senate Legislative Calendar under General Orders. Calendar No. 148.</text>
        <type>Calendars</type>
      </item>
      <item>
        <actionDate>2017-06-14</actionDate>
        <committee>
          <systemCode>sseg00</systemCode>
          <name>Energy and Natural Resources Committee</name>
        </committee>
        <links>
          <link>
            <url>https://www.congress.gov/congressional-report/115th-congress/senate-report/111</url>
            <name>report No. 115-111</name>
          </link>
        </links>
        <sourceSystem>
          <code>0</code>
          <name>Senate</name>
        </sourceSystem>
        <text>Committee on Energy and Natural Resources. Reported by Senator Murkowski without amendment. With written report No. 115-111.</text>
        <type>Committee</type>
      </item>
      <item>
        <actionDate>2017-06-14</actionDate>
        <text>Committee on Energy and Natural Resources. Reported by Senator Murkowski without amendment. With written report No. 115-111.</text>
        <sourceSystem>
          <code>9</code>
          <name>Library of Congress</name>
        </sourceSystem>
        <committee>
          <systemCode>sseg00</systemCode>
          <name>Energy and Natural Resources Committee</name>
        </committee>
        <type>Committee</type>
        <actionCode>14000</actionCode>
        <links>
          <link>
            <url>https://www.congress.gov/congressional-report/115th-congress/senate-report/111</url>
            <name>report No. 115-111</name>
          </link>
        </links>
      </item>
      <item>
        <actionDate>2017-03-30</actionDate>
        <committee>
          <systemCode>sseg00</systemCode>
          <name>Energy and Natural Resources Committee</name>
        </committee>
        <links />
        <sourceSystem>
          <code>0</code>
          <name>Senate</name>
        </sourceSystem>
        <text>Committee on Energy and Natural Resources. Ordered to be reported without amendment favorably.</text>
        <type>Committee</type>
      </item>
      <item>
        <actionDate>2017-02-01</actionDate>
        <committee>
          <systemCode>sseg00</systemCode>
          <name>Energy and Natural Resources Committee</name>
        </committee>
        <links />
        <sourceSystem>
          <code>0</code>
          <name>Senate</name>
        </sourceSystem>
        <text>Read twice and referred to the Committee on Energy and Natural Resources.</text>
        <type>IntroReferral</type>
      </item>
      <item>
        <actionDate>2017-01-31</actionDate>
        <committee />
        <links />
        <sourceSystem>
          <code>0</code>
          <name>Senate</name>
        </sourceSystem>
        <text>Received in the Senate.</text>
        <type>IntroReferral</type>
      </item>
      <item>
        <actionDate>2017-01-30</actionDate>
        <text>Motion to reconsider laid on the table Agreed to without objection.</text>
        <actionTime>16:38:26</actionTime>
        <sourceSystem>
          <code>2</code>
          <name>House floor actions</name>
        </sourceSystem>
        <committee />
        <links />
        <actionCode>H38310</actionCode>
        <type>Floor</type>
      </item>
      <item>
        <actionDate>2017-01-30</actionDate>
        <text>On motion to suspend the rules and pass the bill Agreed to by voice vote. (text: CR H709)</text>
        <actionTime>16:38:23</actionTime>
        <sourceSystem>
          <code>2</code>
          <name>House floor actions</name>
        </sourceSystem>
        <committee />
        <links>
          <link>
            <url>https://www.congress.gov/congressional-record/volume-163/house-section/page/H709</url>
            <name>H709</name>
          </link>
        </links>
        <actionCode>H37300</actionCode>
        <type>Floor</type>
      </item>
      <item>
        <actionDate>2017-01-30</actionDate>
        <text>Passed/agreed to in House: On motion to suspend the rules and pass the bill Agreed to by voice vote.(text: CR H709)</text>
        <actionTime>16:38:23</actionTime>
        <sourceSystem>
          <code>9</code>
          <name>Library of Congress</name>
        </sourceSystem>
        <committee />
        <links>
          <link>
            <url>https://www.congress.gov/congressional-record/volume-163/house-section/page/H709</url>
            <name>H709</name>
          </link>
        </links>
        <actionCode>8000</actionCode>
        <type>Floor</type>
      </item>
      <item>
        <actionDate>2017-01-30</actionDate>
        <text>DEBATE - The House proceeded with forty minutes of debate on H.R. 381.</text>
        <actionTime>16:31:47</actionTime>
        <sourceSystem>
          <code>2</code>
          <name>House floor actions</name>
        </sourceSystem>
        <committee />
        <links>
          <link>
            <url>https://www.congress.gov/bill/115th-congress/house-bill/381</url>
            <name>H.R. 381</name>
          </link>
        </links>
        <actionCode>H8D000</actionCode>
        <type>Floor</type>
      </item>
      <item>
        <actionDate>2017-01-30</actionDate>
        <text>Considered under suspension of the rules. (consideration: CR H709-710)</text>
        <actionTime>16:31:41</actionTime>
        <sourceSystem>
          <code>2</code>
          <name>House floor actions</name>
        </sourceSystem>
        <committee />
        <links>
          <link>
            <url>https://www.congress.gov/congressional-record/volume-163/house-section/page/H709-710</url>
            <name>H709-710</name>
          </link>
        </links>
        <actionCode>H30000</actionCode>
        <type>Floor</type>
      </item>
      <item>
        <actionDate>2017-01-30</actionDate>
        <text>Mr. McClintock moved to suspend the rules and pass the bill.</text>
        <actionTime>16:31:25</actionTime>
        <sourceSystem>
          <code>2</code>
          <name>House floor actions</name>
        </sourceSystem>
        <committee />
        <links />
        <actionCode>H30300</actionCode>
        <type>Floor</type>
      </item>
      <item>
        <actionDate>2017-01-09</actionDate>
        <text>Referred to the House Committee on Natural Resources.</text>
        <sourceSystem>
          <code>2</code>
          <name>House floor actions</name>
        </sourceSystem>
        <committee>
          <systemCode>hsii00</systemCode>
          <name>Natural Resources Committee</name>
        </committee>
        <type>IntroReferral</type>
        <actionCode>H11100</actionCode>
        <links />
      </item>
      <item>
        <actionDate>2017-01-09</actionDate>
        <text>Introduced in House</text>
        <sourceSystem>
          <code>9</code>
          <name>Library of Congress</name>
        </sourceSystem>
        <committee />
        <type>IntroReferral</type>
        <actionCode>Intro-H</actionCode>
        <links />
      </item>
      <item>
        <actionDate>2017-01-09</actionDate>
        <text>Introduced in House</text>
        <sourceSystem>
          <code>9</code>
          <name>Library of Congress</name>
        </sourceSystem>
        <committee />
        <type>IntroReferral</type>
        <actionCode>1000</actionCode>
        <links />
      </item>
      <actionTypeCounts>
        <billReferrals>1</billReferrals>
        <motionMadeToSuspendTheRules>1</motionMadeToSuspendTheRules>
        <orderedReported>1</orderedReported>
        <introducedInSenate>1</introducedInSenate>
        <passedAgreedToInSenate>1</passedAgreedToInSenate>
        <placedOnCalendarGeneralOrders>1</placedOnCalendarGeneralOrders>
        <motionToReconsiderResults>1</motionToReconsiderResults>
        <becamePublicLaw>2</becamePublicLaw>
        <sentToHouse>1</sentToHouse>
        <reportedToSenate>2</reportedToSenate>
        <placeholderTextForE>3</placeholderTextForE>
        <finalPassageUnderSuspensionOfTheRulesResults>1</finalPassageUnderSuspensionOfTheRulesResults>
        <introducedInHouse>1</introducedInHouse>
        <introducedInTheHouse>1</introducedInTheHouse>
        <considerationByHouse>1</considerationByHouse>
        <passedSenate>1</passedSenate>
        <referredToCommittee>1</referredToCommittee>
        <passedAgreedToInHouse>1</passedAgreedToInHouse>
        <generalDebate>1</generalDebate>
        <presentedToPresident>1</presentedToPresident>
      </actionTypeCounts>
    </actions>
    <amendments />
    <introducedDate>2017-01-09</introducedDate>
    <policyArea>
      <name>Public Lands and Natural Resources</name>
    </policyArea>
    <billNumber>381</billNumber>
    <congress>115</congress>
    <committeeReports>
      <committeeReport>
        <citation>S. Rept. 115-111</citation>
      </committeeReport>
    </committeeReports>
    <cosponsors>
      <item>
        <firstName>Paul</firstName>
        <state>CA</state>
        <fullName>Rep. Cook, Paul [R-CA-8]</fullName>
        <middleName />
        <bioguideId>C001094</bioguideId>
        <isOriginalCosponsor>True</isOriginalCosponsor>
        <lastName>Cook</lastName>
        <sponsorshipWithdrawnDate />
        <party>R</party>
        <district>8</district>
        <sponsorshipDate>2017-01-09</sponsorshipDate>
        <identifiers>
          <bioguideId>C001094</bioguideId>
          <lisID>2103</lisID>
          <gpoId />
        </identifiers>
      </item>
      <item>
        <firstName>Mimi</firstName>
        <state>CA</state>
        <fullName>Rep. Walters, Mimi [R-CA-45]</fullName>
        <middleName />
        <bioguideId>W000820</bioguideId>
        <isOriginalCosponsor>True</isOriginalCosponsor>
        <lastName>Walters</lastName>
        <sponsorshipWithdrawnDate />
        <party>R</party>
        <district>45</district>
        <sponsorshipDate>2017-01-09</sponsorshipDate>
        <identifiers>
          <bioguideId>W000820</bioguideId>
          <lisID>2232</lisID>
          <gpoId />
        </identifiers>
      </item>
      <item>
        <firstName>DANA</firstName>
        <state>CA</state>
        <fullName>Rep. Rohrabacher, Dana [R-CA-48]</fullName>
        <middleName />
        <bioguideId>R000409</bioguideId>
        <isOriginalCosponsor>True</isOriginalCosponsor>
        <lastName>ROHRABACHER</lastName>
        <sponsorshipWithdrawnDate />
        <party>R</party>
        <district>48</district>
        <sponsorshipDate>2017-01-09</sponsorshipDate>
        <identifiers>
          <bioguideId>R000409</bioguideId>
          <gpoId>7851</gpoId>
          <lisID>979</lisID>
        </identifiers>
      </item>
      <item>
        <firstName>Doris</firstName>
        <state>CA</state>
        <fullName>Rep. Matsui, Doris O. [D-CA-6]</fullName>
        <middleName>O.</middleName>
        <bioguideId>M001163</bioguideId>
        <isOriginalCosponsor>True</isOriginalCosponsor>
        <lastName>Matsui</lastName>
        <sponsorshipWithdrawnDate />
        <party>D</party>
        <district>6</district>
        <sponsorshipDate>2017-01-09</sponsorshipDate>
        <identifiers>
          <gpoId>7810</gpoId>
          <bioguideId>M001163</bioguideId>
          <lisID>1814</lisID>
        </identifiers>
      </item>
      <item>
        <firstName>Duncan</firstName>
        <state>CA</state>
        <fullName>Rep. Hunter, Duncan D. [R-CA-50]</fullName>
        <middleName>D.</middleName>
        <bioguideId>H001048</bioguideId>
        <isOriginalCosponsor>True</isOriginalCosponsor>
        <lastName>Hunter</lastName>
        <sponsorshipWithdrawnDate />
        <party>R</party>
        <district>50</district>
        <sponsorshipDate>2017-01-09</sponsorshipDate>
        <identifiers>
          <bioguideId>H001048</bioguideId>
          <lisID>1909</lisID>
          <gpoId>7857</gpoId>
        </identifiers>
      </item>
      <item>
        <firstName>Eric</firstName>
        <state>CA</state>
        <fullName>Rep. Swalwell, Eric [D-CA-15]</fullName>
        <middleName />
        <bioguideId>S001193</bioguideId>
        <isOriginalCosponsor>True</isOriginalCosponsor>
        <lastName>Swalwell</lastName>
        <sponsorshipWithdrawnDate />
        <party>D</party>
        <district>15</district>
        <sponsorshipDate>2017-01-09</sponsorshipDate>
        <identifiers>
          <bioguideId>S001193</bioguideId>
          <gpoId />
          <lisID>2104</lisID>
        </identifiers>
      </item>
      <item>
        <firstName>ED</firstName>
        <state>CA</state>
        <fullName>Rep. Royce, Edward R. [R-CA-39]</fullName>
        <middleName />
        <bioguideId>R000487</bioguideId>
        <isOriginalCosponsor>True</isOriginalCosponsor>
        <lastName>ROYCE</lastName>
        <sponsorshipWithdrawnDate />
        <party>R</party>
        <district>39</district>
        <sponsorshipDate>2017-01-09</sponsorshipDate>
        <identifiers>
          <bioguideId>R000487</bioguideId>
          <gpoId>7845</gpoId>
          <lisID>998</lisID>
        </identifiers>
      </item>
      <item>
        <firstName>Doug</firstName>
        <state>CA</state>
        <fullName>Rep. LaMalfa, Doug [R-CA-1]</fullName>
        <middleName />
        <bioguideId>L000578</bioguideId>
        <isOriginalCosponsor>True</isOriginalCosponsor>
        <lastName>LaMalfa</lastName>
        <sponsorshipWithdrawnDate />
        <party>R</party>
        <district>1</district>
        <sponsorshipDate>2017-01-09</sponsorshipDate>
        <identifiers>
          <bioguideId>L000578</bioguideId>
          <gpoId />
          <lisID>2100</lisID>
        </identifiers>
      </item>
      <item>
        <firstName>David</firstName>
        <state>CA</state>
        <fullName>Rep. Valadao, David G. [R-CA-21]</fullName>
        <middleName>G.</middleName>
        <bioguideId>V000129</bioguideId>
        <isOriginalCosponsor>True</isOriginalCosponsor>
        <lastName>Valadao</lastName>
        <sponsorshipWithdrawnDate />
        <party>R</party>
        <district>21</district>
        <sponsorshipDate>2017-01-09</sponsorshipDate>
        <identifiers>
          <bioguideId>V000129</bioguideId>
          <lisID>2105</lisID>
          <gpoId />
        </identifiers>
      </item>
      <item>
        <firstName>John</firstName>
        <state>CA</state>
        <fullName>Rep. Garamendi, John [D-CA-3]</fullName>
        <middleName />
        <bioguideId>G000559</bioguideId>
        <isOriginalCosponsor>True</isOriginalCosponsor>
        <lastName>Garamendi</lastName>
        <sponsorshipWithdrawnDate />
        <party>D</party>
        <district>3</district>
        <sponsorshipDate>2017-01-09</sponsorshipDate>
        <identifiers>
          <gpoId>7815</gpoId>
          <bioguideId>G000559</bioguideId>
          <lisID>1973</lisID>
        </identifiers>
      </item>
      <item>
        <firstName>ZOE</firstName>
        <state>CA</state>
        <fullName>Rep. Lofgren, Zoe [D-CA-19]</fullName>
        <middleName />
        <bioguideId>L000397</bioguideId>
        <isOriginalCosponsor>True</isOriginalCosponsor>
        <lastName>LOFGREN</lastName>
        <sponsorshipWithdrawnDate />
        <party>D</party>
        <district>19</district>
        <sponsorshipDate>2017-01-09</sponsorshipDate>
        <identifiers>
          <bioguideId>L000397</bioguideId>
          <gpoId>7821</gpoId>
          <lisID>701</lisID>
        </identifiers>
      </item>
      <item>
        <firstName>LINDA</firstName>
        <state>CA</state>
        <fullName>Rep. Sanchez, Linda T. [D-CA-38]</fullName>
        <middleName>T.</middleName>
        <bioguideId>S001156</bioguideId>
        <isOriginalCosponsor>True</isOriginalCosponsor>
        <lastName>SANCHEZ</lastName>
        <sponsorshipWithdrawnDate />
        <party>D</party>
        <district>38</district>
        <sponsorshipDate>2017-01-09</sponsorshipDate>
        <identifiers>
          <bioguideId>S001156</bioguideId>
          <gpoId>7844</gpoId>
          <lisID>1757</lisID>
        </identifiers>
      </item>
      <item>
        <firstName>Tony</firstName>
        <state>CA</state>
        <fullName>Rep. Cardenas, Tony [D-CA-29]</fullName>
        <middleName />
        <bioguideId>C001097</bioguideId>
        <isOriginalCosponsor>True</isOriginalCosponsor>
        <lastName>Cardenas</lastName>
        <sponsorshipWithdrawnDate />
        <party>D</party>
        <district>29</district>
        <sponsorshipDate>2017-01-09</sponsorshipDate>
        <identifiers>
          <bioguideId>C001097</bioguideId>
          <lisID>2107</lisID>
          <gpoId />
        </identifiers>
      </item>
      <item>
        <firstName>Raul</firstName>
        <state>CA</state>
        <fullName>Rep. Ruiz, Raul [D-CA-36]</fullName>
        <middleName />
        <bioguideId>R000599</bioguideId>
        <isOriginalCosponsor>True</isOriginalCosponsor>
        <lastName>Ruiz</lastName>
        <sponsorshipWithdrawnDate />
        <party>D</party>
        <district>36</district>
        <sponsorshipDate>2017-01-09</sponsorshipDate>
        <identifiers>
          <gpoId />
          <bioguideId>R000599</bioguideId>
          <lisID>2109</lisID>
        </identifiers>
      </item>
      <item>
        <firstName>Jackie</firstName>
        <state>CA</state>
        <fullName>Rep. Speier, Jackie [D-CA-14]</fullName>
        <middleName />
        <bioguideId>S001175</bioguideId>
        <isOriginalCosponsor>True</isOriginalCosponsor>
        <lastName>Speier</lastName>
        <sponsorshipWithdrawnDate />
        <party>D</party>
        <district>14</district>
        <sponsorshipDate>2017-01-09</sponsorshipDate>
        <identifiers>
          <lisID>1890</lisID>
          <gpoId>7817</gpoId>
          <bioguideId>S001175</bioguideId>
        </identifiers>
      </item>
      <item>
        <firstName>Jim</firstName>
        <state>CA</state>
        <fullName>Rep. Costa, Jim [D-CA-16]</fullName>
        <middleName />
        <bioguideId>C001059</bioguideId>
        <isOriginalCosponsor>True</isOriginalCosponsor>
        <lastName>Costa</lastName>
        <sponsorshipWithdrawnDate />
        <party>D</party>
        <district>16</district>
        <sponsorshipDate>2017-01-09</sponsorshipDate>
        <identifiers>
          <bioguideId>C001059</bioguideId>
          <gpoId>7825</gpoId>
          <lisID>1774</lisID>
        </identifiers>
      </item>
      <item>
        <firstName>MIKE</firstName>
        <state>CA</state>
        <fullName>Rep. Thompson, Mike [D-CA-5]</fullName>
        <middleName />
        <bioguideId>T000460</bioguideId>
        <isOriginalCosponsor>True</isOriginalCosponsor>
        <lastName>THOMPSON</lastName>
        <sponsorshipWithdrawnDate />
        <party>D</party>
        <district>5</district>
        <sponsorshipDate>2017-01-09</sponsorshipDate>
        <identifiers>
          <bioguideId>T000460</bioguideId>
          <gpoId>7806</gpoId>
          <lisID>1593</lisID>
        </identifiers>
      </item>
      <item>
        <firstName>Jared</firstName>
        <state>CA</state>
        <fullName>Rep. Huffman, Jared [D-CA-2]</fullName>
        <middleName />
        <bioguideId>H001068</bioguideId>
        <isOriginalCosponsor>True</isOriginalCosponsor>
        <lastName>Huffman</lastName>
        <sponsorshipWithdrawnDate />
        <party>D</party>
        <district>2</district>
        <sponsorshipDate>2017-01-09</sponsorshipDate>
        <identifiers>
          <gpoId />
          <bioguideId>H001068</bioguideId>
          <lisID>2101</lisID>
        </identifiers>
      </item>
      <item>
        <firstName>ADAM</firstName>
        <state>CA</state>
        <fullName>Rep. Schiff, Adam B. [D-CA-28]</fullName>
        <middleName>B.</middleName>
        <bioguideId>S001150</bioguideId>
        <isOriginalCosponsor>True</isOriginalCosponsor>
        <lastName>SCHIFF</lastName>
        <sponsorshipWithdrawnDate />
        <party>D</party>
        <district>28</district>
        <sponsorshipDate>2017-01-09</sponsorshipDate>
        <identifiers>
          <bioguideId>S001150</bioguideId>
          <lisID>1635</lisID>
          <gpoId>7834</gpoId>
        </identifiers>
      </item>
      <item>
        <firstName>Mark</firstName>
        <state>CA</state>
        <fullName>Rep. Takano, Mark [D-CA-41]</fullName>
        <middleName />
        <bioguideId>T000472</bioguideId>
        <isOriginalCosponsor>True</isOriginalCosponsor>
        <lastName>Takano</lastName>
        <sponsorshipWithdrawnDate />
        <party>D</party>
        <district>41</district>
        <sponsorshipDate>2017-01-09</sponsorshipDate>
        <identifiers>
          <gpoId />
          <bioguideId>T000472</bioguideId>
          <lisID>2110</lisID>
        </identifiers>
      </item>
      <item>
        <firstName>Jeff</firstName>
        <state>CA</state>
        <fullName>Rep. Denham, Jeff [R-CA-10]</fullName>
        <middleName />
        <bioguideId>D000612</bioguideId>
        <isOriginalCosponsor>True</isOriginalCosponsor>
        <lastName>Denham</lastName>
        <sponsorshipWithdrawnDate />
        <party>R</party>
        <district>10</district>
        <sponsorshipDate>2017-01-09</sponsorshipDate>
        <identifiers>
          <gpoId>7824</gpoId>
          <bioguideId>D000612</bioguideId>
          <lisID>1995</lisID>
        </identifiers>
      </item>
      <item>
        <firstName>Devin</firstName>
        <state>CA</state>
        <fullName>Rep. Nunes, Devin [R-CA-22]</fullName>
        <middleName />
        <bioguideId>N000181</bioguideId>
        <isOriginalCosponsor>True</isOriginalCosponsor>
        <lastName>Nunes</lastName>
        <sponsorshipWithdrawnDate />
        <party>R</party>
        <district>22</district>
        <sponsorshipDate>2017-01-09</sponsorshipDate>
        <identifiers>
          <bioguideId>N000181</bioguideId>
          <lisID>1710</lisID>
          <gpoId>7826</gpoId>
        </identifiers>
      </item>
      <item>
        <firstName>Alan</firstName>
        <state>CA</state>
        <fullName>Rep. Lowenthal, Alan S. [D-CA-47]</fullName>
        <middleName>S.</middleName>
        <bioguideId>L000579</bioguideId>
        <isOriginalCosponsor>True</isOriginalCosponsor>
        <lastName>Lowenthal</lastName>
        <sponsorshipWithdrawnDate />
        <party>D</party>
        <district>47</district>
        <sponsorshipDate>2017-01-09</sponsorshipDate>
        <identifiers>
          <bioguideId>L000579</bioguideId>
          <gpoId />
          <lisID>2111</lisID>
        </identifiers>
      </item>
      <item>
        <firstName>Kevin</firstName>
        <state>CA</state>
        <fullName>Rep. McCarthy, Kevin [R-CA-23]</fullName>
        <middleName />
        <bioguideId>M001165</bioguideId>
        <isOriginalCosponsor>True</isOriginalCosponsor>
        <lastName>McCarthy</lastName>
        <sponsorshipWithdrawnDate />
        <party>R</party>
        <district>23</district>
        <sponsorshipDate>2017-01-09</sponsorshipDate>
        <identifiers>
          <bioguideId>M001165</bioguideId>
          <lisID>1833</lisID>
          <gpoId>7827</gpoId>
        </identifiers>
      </item>
      <item>
        <firstName>DARRELL</firstName>
        <state>CA</state>
        <fullName>Rep. Issa, Darrell E. [R-CA-49]</fullName>
        <middleName>E.</middleName>
        <bioguideId>I000056</bioguideId>
        <isOriginalCosponsor>True</isOriginalCosponsor>
        <lastName>ISSA</lastName>
        <sponsorshipWithdrawnDate />
        <party>R</party>
        <district>49</district>
        <sponsorshipDate>2017-01-09</sponsorshipDate>
        <identifiers>
          <lisID>1640</lisID>
          <gpoId>7854</gpoId>
          <bioguideId>I000056</bioguideId>
        </identifiers>
      </item>
      <item>
        <firstName>Stephen</firstName>
        <state>CA</state>
        <fullName>Rep. Knight, Stephen [R-CA-25]</fullName>
        <middleName />
        <bioguideId>K000387</bioguideId>
        <isOriginalCosponsor>True</isOriginalCosponsor>
        <lastName>Knight</lastName>
        <sponsorshipWithdrawnDate />
        <party>R</party>
        <district>25</district>
        <sponsorshipDate>2017-01-09</sponsorshipDate>
        <identifiers>
          <bioguideId>K000387</bioguideId>
          <lisID>2228</lisID>
          <gpoId />
        </identifiers>
      </item>
      <item>
        <firstName>KEN</firstName>
        <state>CA</state>
        <fullName>Rep. Calvert, Ken [R-CA-42]</fullName>
        <middleName />
        <bioguideId>C000059</bioguideId>
        <isOriginalCosponsor>True</isOriginalCosponsor>
        <lastName>CALVERT</lastName>
        <sponsorshipWithdrawnDate />
        <party>R</party>
        <district>42</district>
        <sponsorshipDate>2017-01-09</sponsorshipDate>
        <identifiers>
          <lisID>165</lisID>
          <gpoId>7849</gpoId>
          <bioguideId>C000059</bioguideId>
        </identifiers>
      </item>
      <item>
        <firstName>Ted</firstName>
        <state>CA</state>
        <fullName>Rep. Lieu, Ted [D-CA-33]</fullName>
        <middleName />
        <bioguideId>L000582</bioguideId>
        <isOriginalCosponsor>True</isOriginalCosponsor>
        <lastName>Lieu</lastName>
        <sponsorshipWithdrawnDate />
        <party>D</party>
        <district>33</district>
        <sponsorshipDate>2017-01-09</sponsorshipDate>
        <identifiers>
          <bioguideId>L000582</bioguideId>
          <lisID>2230</lisID>
          <gpoId />
        </identifiers>
      </item>
      <item>
        <firstName>GRACE</firstName>
        <state>CA</state>
        <fullName>Rep. Napolitano, Grace F. [D-CA-32]</fullName>
        <middleName>F.</middleName>
        <bioguideId>N000179</bioguideId>
        <isOriginalCosponsor>False</isOriginalCosponsor>
        <lastName>NAPOLITANO</lastName>
        <sponsorshipWithdrawnDate />
        <party>D</party>
        <district>32</district>
        <sponsorshipDate>2017-01-23</sponsorshipDate>
        <identifiers>
          <bioguideId>N000179</bioguideId>
          <gpoId>7843</gpoId>
          <lisID>1602</lisID>
        </identifiers>
      </item>
      <item>
        <firstName>Judy</firstName>
        <state>CA</state>
        <fullName>Rep. Chu, Judy [D-CA-27]</fullName>
        <middleName />
        <bioguideId>C001080</bioguideId>
        <isOriginalCosponsor>False</isOriginalCosponsor>
        <lastName>Chu</lastName>
        <sponsorshipWithdrawnDate />
        <party>D</party>
        <district>27</district>
        <sponsorshipDate>2017-01-23</sponsorshipDate>
        <identifiers>
          <lisID>1970</lisID>
          <gpoId>7837</gpoId>
          <bioguideId>C001080</bioguideId>
        </identifiers>
      </item>
      <item>
        <firstName>ANNA</firstName>
        <state>CA</state>
        <fullName>Rep. Eshoo, Anna G. [D-CA-18]</fullName>
        <middleName>G.</middleName>
        <bioguideId>E000215</bioguideId>
        <isOriginalCosponsor>False</isOriginalCosponsor>
        <lastName>ESHOO</lastName>
        <sponsorshipWithdrawnDate />
        <party>D</party>
        <district>18</district>
        <sponsorshipDate>2017-01-23</sponsorshipDate>
        <identifiers>
          <bioguideId>E000215</bioguideId>
          <lisID>355</lisID>
          <gpoId>7819</gpoId>
        </identifiers>
      </item>
      <item>
        <firstName>Scott</firstName>
        <state>CA</state>
        <fullName>Rep. Peters, Scott H. [D-CA-52]</fullName>
        <middleName>H.</middleName>
        <bioguideId>P000608</bioguideId>
        <isOriginalCosponsor>False</isOriginalCosponsor>
        <lastName>Peters</lastName>
        <sponsorshipWithdrawnDate />
        <party>D</party>
        <district>52</district>
        <sponsorshipDate>2017-01-23</sponsorshipDate>
        <identifiers>
          <lisID>2113</lisID>
          <gpoId />
          <bioguideId>P000608</bioguideId>
        </identifiers>
      </item>
      <item>
        <firstName>LUCILLE</firstName>
        <state>CA</state>
        <fullName>Rep. Roybal-Allard, Lucille [D-CA-40]</fullName>
        <middleName />
        <bioguideId>R000486</bioguideId>
        <isOriginalCosponsor>False</isOriginalCosponsor>
        <lastName>ROYBAL-ALLARD</lastName>
        <sponsorshipWithdrawnDate />
        <party>D</party>
        <district>40</district>
        <sponsorshipDate>2017-01-23</sponsorshipDate>
        <identifiers>
          <bioguideId>R000486</bioguideId>
          <lisID>997</lisID>
          <gpoId>7839</gpoId>
        </identifiers>
      </item>
      <item>
        <firstName>Pete</firstName>
        <state>CA</state>
        <fullName>Rep. Aguilar, Pete [D-CA-31]</fullName>
        <middleName />
        <bioguideId>A000371</bioguideId>
        <isOriginalCosponsor>False</isOriginalCosponsor>
        <lastName>Aguilar</lastName>
        <sponsorshipWithdrawnDate />
        <party>D</party>
        <district>31</district>
        <sponsorshipDate>2017-01-23</sponsorshipDate>
        <identifiers>
          <bioguideId>A000371</bioguideId>
          <lisID>2229</lisID>
          <gpoId />
        </identifiers>
      </item>
      <item>
        <firstName>Julia</firstName>
        <state>CA</state>
        <fullName>Rep. Brownley, Julia [D-CA-26]</fullName>
        <middleName />
        <bioguideId>B001285</bioguideId>
        <isOriginalCosponsor>False</isOriginalCosponsor>
        <lastName>Brownley</lastName>
        <sponsorshipWithdrawnDate />
        <party>D</party>
        <district>26</district>
        <sponsorshipDate>2017-01-23</sponsorshipDate>
        <identifiers>
          <gpoId />
          <bioguideId>B001285</bioguideId>
          <lisID>2106</lisID>
        </identifiers>
      </item>
      <item>
        <firstName>Karen</firstName>
        <state>CA</state>
        <fullName>Rep. Bass, Karen [D-CA-37]</fullName>
        <middleName />
        <bioguideId>B001270</bioguideId>
        <isOriginalCosponsor>False</isOriginalCosponsor>
        <lastName>Bass</lastName>
        <sponsorshipWithdrawnDate />
        <party>D</party>
        <district>37</district>
        <sponsorshipDate>2017-01-23</sponsorshipDate>
        <identifiers>
          <bioguideId>B001270</bioguideId>
          <gpoId>7838</gpoId>
          <lisID>1996</lisID>
        </identifiers>
      </item>
      <item>
        <firstName>Norma</firstName>
        <state>CA</state>
        <fullName>Rep. Torres, Norma J. [D-CA-35]</fullName>
        <middleName>J.</middleName>
        <bioguideId>T000474</bioguideId>
        <isOriginalCosponsor>False</isOriginalCosponsor>
        <lastName>Torres</lastName>
        <sponsorshipWithdrawnDate />
        <party>D</party>
        <district>35</district>
        <sponsorshipDate>2017-01-23</sponsorshipDate>
        <identifiers>
          <bioguideId>T000474</bioguideId>
          <lisID>2231</lisID>
          <gpoId />
        </identifiers>
      </item>
      <item>
        <firstName>Mark</firstName>
        <state>CA</state>
        <fullName>Rep. DeSaulnier, Mark [D-CA-11]</fullName>
        <middleName />
        <bioguideId>D000623</bioguideId>
        <isOriginalCosponsor>False</isOriginalCosponsor>
        <lastName>DeSaulnier</lastName>
        <sponsorshipWithdrawnDate />
        <party>D</party>
        <district>11</district>
        <sponsorshipDate>2017-01-30</sponsorshipDate>
        <identifiers>
          <bioguideId>D000623</bioguideId>
          <lisID>2227</lisID>
          <gpoId />
        </identifiers>
      </item>
      <item>
        <firstName>Jerry</firstName>
        <state>CA</state>
        <fullName>Rep. McNerney, Jerry [D-CA-9]</fullName>
        <middleName />
        <bioguideId>M001166</bioguideId>
        <isOriginalCosponsor>False</isOriginalCosponsor>
        <lastName>McNerney</lastName>
        <sponsorshipWithdrawnDate />
        <party>D</party>
        <district>9</district>
        <sponsorshipDate>2017-01-30</sponsorshipDate>
        <identifiers>
          <bioguideId>M001166</bioguideId>
          <lisID>1832</lisID>
          <gpoId>7816</gpoId>
        </identifiers>
      </item>
      <item>
        <firstName>Ami</firstName>
        <state>CA</state>
        <fullName>Rep. Bera, Ami [D-CA-7]</fullName>
        <middleName />
        <bioguideId>B001287</bioguideId>
        <isOriginalCosponsor>False</isOriginalCosponsor>
        <lastName>Bera</lastName>
        <sponsorshipWithdrawnDate />
        <party>D</party>
        <district>7</district>
        <sponsorshipDate>2017-01-30</sponsorshipDate>
        <identifiers>
          <bioguideId>B001287</bioguideId>
          <lisID>2102</lisID>
          <gpoId />
        </identifiers>
      </item>
      <item>
        <firstName>Juan</firstName>
        <state>CA</state>
        <fullName>Rep. Vargas, Juan [D-CA-51]</fullName>
        <middleName />
        <bioguideId>V000130</bioguideId>
        <isOriginalCosponsor>False</isOriginalCosponsor>
        <lastName>Vargas</lastName>
        <sponsorshipWithdrawnDate />
        <party>D</party>
        <district>51</district>
        <sponsorshipDate>2017-01-30</sponsorshipDate>
        <identifiers>
          <bioguideId>V000130</bioguideId>
          <gpoId />
          <lisID>2112</lisID>
        </identifiers>
      </item>
      <item>
        <firstName>Salud</firstName>
        <state>CA</state>
        <fullName>Rep. Carbajal, Salud O. [D-CA-24]</fullName>
        <middleName>O.</middleName>
        <bioguideId>C001112</bioguideId>
        <isOriginalCosponsor>False</isOriginalCosponsor>
        <lastName>Carbajal</lastName>
        <sponsorshipWithdrawnDate />
        <party>D</party>
        <district>24</district>
        <sponsorshipDate>2017-01-30</sponsorshipDate>
        <identifiers>
          <bioguideId>C001112</bioguideId>
          <lisID>2310</lisID>
          <gpoId />
        </identifiers>
      </item>
      <item>
        <firstName>Ro</firstName>
        <state>CA</state>
        <fullName>Rep. Khanna, Ro [D-CA-17]</fullName>
        <middleName />
        <bioguideId>K000389</bioguideId>
        <isOriginalCosponsor>False</isOriginalCosponsor>
        <lastName>Khanna</lastName>
        <sponsorshipWithdrawnDate />
        <party>D</party>
        <district>17</district>
        <sponsorshipDate>2017-01-30</sponsorshipDate>
        <identifiers>
          <bioguideId>K000389</bioguideId>
          <lisID>2308</lisID>
          <gpoId />
        </identifiers>
      </item>
      <item>
        <firstName>J.</firstName>
        <state>CA</state>
        <fullName>Rep. Correa, J. Luis [D-CA-46]</fullName>
        <middleName>Luis</middleName>
        <bioguideId>C001110</bioguideId>
        <isOriginalCosponsor>False</isOriginalCosponsor>
        <lastName>Correa</lastName>
        <sponsorshipWithdrawnDate />
        <party>D</party>
        <district>46</district>
        <sponsorshipDate>2017-01-30</sponsorshipDate>
        <identifiers>
          <bioguideId>C001110</bioguideId>
          <gpoId />
          <lisID>2312</lisID>
        </identifiers>
      </item>
      <item>
        <firstName>BRAD</firstName>
        <state>CA</state>
        <fullName>Rep. Sherman, Brad [D-CA-30]</fullName>
        <middleName />
        <bioguideId>S000344</bioguideId>
        <isOriginalCosponsor>False</isOriginalCosponsor>
        <lastName>SHERMAN</lastName>
        <sponsorshipWithdrawnDate />
        <party>D</party>
        <district>30</district>
        <sponsorshipDate>2017-01-30</sponsorshipDate>
        <identifiers>
          <bioguideId>S000344</bioguideId>
          <gpoId>7832</gpoId>
          <lisID>1526</lisID>
        </identifiers>
      </item>
    </cosponsors>
    <version>1.0.0</version>
    <createDate>2017-01-10T05:15:44Z</createDate>
    <billType>HR</billType>
    <titles>
      <item>
        <chamberName />
        <title>To designate a mountain in the John Muir Wilderness of the Sierra National Forest as "Sky Point".</title>
        <titleType>Official Title as Introduced</titleType>
        <chamberCode />
        <parentTitleType />
      </item>
      <item>
        <chamberName />
        <title>To designate a mountain in the John Muir Wilderness of the Sierra National Forest as "Sky Point".</title>
        <titleType>Display Title</titleType>
        <chamberCode />
        <parentTitleType />
      </item>
    </titles>
    <notes />
    <sponsors>
      <item>
        <byRequestType />
        <party>R</party>
        <fullName>Rep. McClintock, Tom [R-CA-4]</fullName>
        <identifiers>
          <bioguideId>M001177</bioguideId>
          <lisID>1908</lisID>
          <gpoId>7809</gpoId>
        </identifiers>
        <lastName>McClintock</lastName>
        <bioguideId>M001177</bioguideId>
        <state>CA</state>
        <firstName>Tom</firstName>
        <middleName />
        <district>4</district>
      </item>
    </sponsors>
    <recordedVotes />
    <relatedBills />
    <subjects>
      <billSubjects>
        <legislativeSubjects>
          <item>
            <name>California</name>
          </item>
          <item>
            <name>Congressional tributes</name>
          </item>
          <item>
            <name>Forests, forestry, trees</name>
          </item>
          <item>
            <name>Military personnel and dependents</name>
          </item>
          <item>
            <name>Wilderness and natural areas, wildlife refuges, wild rivers, habitats</name>
          </item>
        </legislativeSubjects>
        <policyArea>
          <name>Public Lands and Natural Resources</name>
        </policyArea>
      </billSubjects>
    </subjects>
    <updateDate>2018-02-22T15:27:16Z</updateDate>
    <laws>
      <item>
        <number>115-109</number>
        <type>Public Law</type>
      </item>
    </laws>
    <calendarNumbers>
      <item>
        <number>0148</number>
        <calendar>Senate Calendar of Business</calendar>
      </item>
    </calendarNumbers>
    <committees>
      <billCommittees>
        <item>
          <chamber>Senate</chamber>
          <name>Energy and Natural Resources Committee</name>
          <activities>
            <item>
              <date>2017-06-14T19:21:33Z</date>
              <name>Reported by</name>
            </item>
            <item>
              <date>2017-03-30T13:30:00Z</date>
              <name>Markup by</name>
            </item>
            <item>
              <date>2017-02-01T23:34:45Z</date>
              <name>Referred to</name>
            </item>
          </activities>
          <type>Standing</type>
          <subcommittees />
          <systemCode>sseg00</systemCode>
        </item>
        <item>
          <chamber>House</chamber>
          <name>Natural Resources Committee</name>
          <activities>
            <item>
              <date>2017-01-09T17:03:25Z</date>
              <name>Referred to</name>
            </item>
          </activities>
          <type>Standing</type>
          <subcommittees />
          <systemCode>hsii00</systemCode>
        </item>
      </billCommittees>
    </committees>
  </bill>
  <dublinCore xmlns:dc="http://purl.org/dc/elements/1.1/">
    <dc:format>text/xml</dc:format>
    <dc:language>EN</dc:language>
    <dc:rights>Pursuant to Title 17 Section 105 of the United States Code, this file is not subject to copyright protection and is in the public domain.</dc:rights>
    <dc:contributor>Congressional Research Service, Library of Congress</dc:contributor>
    <dc:description>This file contains bill summaries and statuses for federal legislation. A bill summary describes the most significant provisions of a piece of legislation and details the effects the legislative text may have on current law and federal programs. Bill summaries are authored by the Congressional Research Service (CRS) of the Library of Congress. As stated in Public Law 91-510 (2 USC 166 (d)(6)), one of the duties of CRS is "to prepare summaries and digests of bills and resolutions of a public general nature introduced in the Senate or House of Representatives". For more information, refer to the User Guide that accompanies this file.</dc:description>
  </dublinCore>
</billStatus>

