<?xml version="1.0" encoding="UTF-8"?>
<billStatus>
  <bill>
    <billNumber>333</billNumber>
    <relatedBills />
    <originChamber>House</originChamber>
    <recordedVotes />
    <latestAction>
      <text>Referred to the Subcommittee on Military Personnel.</text>
      <links />
      <actionDate>2017-02-21</actionDate>
    </latestAction>
    <createDate>2017-01-06T04:57:26Z</createDate>
    <title>Disabled Veterans Tax Termination Act</title>
    <summaries>
      <billSummaries>
        <item>
          <versionCode>00</versionCode>
          <actionDate>2017-01-05</actionDate>
          <updateDate>2017-01-05T05:00:00Z</updateDate>
          <text><![CDATA[<p><strong>Disabled Veterans Tax Termination Act</strong></p> <p>This bill amends federal military retired pay provisions to: (1) permit veterans with a service-connected disability of less than 50% to concurrently receive both retired pay and disability compensation; (2) eliminate provisions requiring a phase-in between January 1, 2004, and December 31, 2013, of concurrent receipt of retired pay and disability compensation; (3) eliminate a phase-in of concurrent receipt of retired pay and disability compensation for disabled veterans determined to be individually unemployable; and (4) require a limited reduction in retired pay for qualified disability retirees with less than 20 years of retirement-creditable service.</p>]]></text>
          <actionDesc>Introduced in House</actionDesc>
          <name>Introduced in House</name>
          <lastSummaryUpdateDate>2017-02-04T15:29:35Z</lastSummaryUpdateDate>
        </item>
      </billSummaries>
    </summaries>
    <actions>
      <actionByCounts>
        <houseOfRepresentatives>7</houseOfRepresentatives>
      </actionByCounts>
      <actionTypeCounts>
        <introducedInTheHouse>1</introducedInTheHouse>
        <billReferrals>2</billReferrals>
        <placeholderTextForH>2</placeholderTextForH>
        <introducedInHouse>1</introducedInHouse>
        <billReferralsAggregate>1</billReferralsAggregate>
      </actionTypeCounts>
      <item>
        <actionDate>2017-02-21</actionDate>
        <committee>
          <systemCode>hsas02</systemCode>
          <name>Military Personnel Subcommittee</name>
        </committee>
        <links />
        <sourceSystem>
          <name>House committee actions</name>
          <code>1</code>
        </sourceSystem>
        <text>Referred to the Subcommittee on Military Personnel.</text>
        <type>Committee</type>
      </item>
      <item>
        <actionDate>2017-02-03</actionDate>
        <committee>
          <systemCode>hsvr09</systemCode>
          <name>Disability Assistance and Memorial Affairs Subcommittee</name>
        </committee>
        <links />
        <sourceSystem>
          <name>House committee actions</name>
          <code>1</code>
        </sourceSystem>
        <text>Referred to the Subcommittee on Disability Assistance and Memorial Affairs.</text>
        <type>Committee</type>
      </item>
      <item>
        <actionDate>2017-01-05</actionDate>
        <text>Referred to House Veterans' Affairs</text>
        <sourceSystem>
          <name>House floor actions</name>
          <code>2</code>
        </sourceSystem>
        <committee>
          <systemCode>hsvr00</systemCode>
          <name>Veterans' Affairs Committee</name>
        </committee>
        <links />
        <actionCode>H11100</actionCode>
        <type>IntroReferral</type>
      </item>
      <item>
        <actionDate>2017-01-05</actionDate>
        <text>Referred to House Armed Services</text>
        <sourceSystem>
          <name>House floor actions</name>
          <code>2</code>
        </sourceSystem>
        <committee>
          <systemCode>hsas00</systemCode>
          <name>Armed Services Committee</name>
        </committee>
        <links />
        <actionCode>H11100</actionCode>
        <type>IntroReferral</type>
      </item>
      <item>
        <actionDate>2017-01-05</actionDate>
        <text>Referred to the Committee on Armed Services, and in addition to the Committee on Veterans' Affairs, for a period to be subsequently determined by the Speaker, in each case for consideration of such provisions as fall within the jurisdiction of the committee concerned.</text>
        <sourceSystem>
          <name>Library of Congress</name>
          <code>9</code>
        </sourceSystem>
        <committee />
        <links />
        <actionCode>H11100-A</actionCode>
        <type>IntroReferral</type>
      </item>
      <item>
        <actionDate>2017-01-05</actionDate>
        <text>Introduced in House</text>
        <sourceSystem>
          <name>Library of Congress</name>
          <code>9</code>
        </sourceSystem>
        <committee />
        <links />
        <actionCode>Intro-H</actionCode>
        <type>IntroReferral</type>
      </item>
      <item>
        <actionDate>2017-01-05</actionDate>
        <text>Introduced in House</text>
        <sourceSystem>
          <name>Library of Congress</name>
          <code>9</code>
        </sourceSystem>
        <committee />
        <links />
        <actionCode>1000</actionCode>
        <type>IntroReferral</type>
      </item>
    </actions>
    <updateDate>2018-02-06T16:40:40Z</updateDate>
    <amendments />
    <notes />
    <sponsors>
      <item>
        <bioguideId>B000490</bioguideId>
        <district>2</district>
        <middleName>D.</middleName>
        <byRequestType />
        <firstName>SANFORD</firstName>
        <lastName>BISHOP</lastName>
        <state>GA</state>
        <party>D</party>
        <identifiers>
          <lisID>91</lisID>
          <bioguideId>B000490</bioguideId>
          <gpoId>7899</gpoId>
        </identifiers>
        <fullName>Rep. Bishop, Sanford D., Jr. [D-GA-2]</fullName>
      </item>
    </sponsors>
    <committees>
      <billCommittees>
        <item>
          <chamber>House</chamber>
          <subcommittees>
            <item>
              <activities>
                <item>
                  <date>2017-02-21T19:04:13Z</date>
                  <name>Referred to</name>
                </item>
              </activities>
              <systemCode>hsas02</systemCode>
              <name>Military Personnel Subcommittee</name>
            </item>
          </subcommittees>
          <type>Standing</type>
          <activities>
            <item>
              <date>2017-01-05T15:06:45Z</date>
              <name>Referred to</name>
            </item>
          </activities>
          <systemCode>hsas00</systemCode>
          <name>Armed Services Committee</name>
        </item>
        <item>
          <chamber>House</chamber>
          <subcommittees>
            <item>
              <activities>
                <item>
                  <date>2017-02-03T19:13:30Z</date>
                  <name>Referred to</name>
                </item>
              </activities>
              <systemCode>hsvr09</systemCode>
              <name>Disability Assistance and Memorial Affairs Subcommittee</name>
            </item>
          </subcommittees>
          <type>Standing</type>
          <activities>
            <item>
              <date>2017-01-05T15:06:50Z</date>
              <name>Referred to</name>
            </item>
          </activities>
          <systemCode>hsvr00</systemCode>
          <name>Veterans' Affairs Committee</name>
        </item>
      </billCommittees>
    </committees>
    <cosponsors>
      <item>
        <state>CA</state>
        <identifiers>
          <lisID>2106</lisID>
          <gpoId />
          <bioguideId>B001285</bioguideId>
        </identifiers>
        <district>26</district>
        <sponsorshipDate>2017-01-13</sponsorshipDate>
        <lastName>Brownley</lastName>
        <fullName>Rep. Brownley, Julia [D-CA-26]</fullName>
        <middleName />
        <party>D</party>
        <sponsorshipWithdrawnDate />
        <bioguideId>B001285</bioguideId>
        <firstName>Julia</firstName>
        <isOriginalCosponsor>False</isOriginalCosponsor>
      </item>
      <item>
        <state>TX</state>
        <identifiers>
          <gpoId>8174</gpoId>
          <lisID>588</lisID>
          <bioguideId>J000032</bioguideId>
        </identifiers>
        <district>18</district>
        <sponsorshipDate>2017-01-13</sponsorshipDate>
        <lastName>JACKSON LEE</lastName>
        <fullName>Rep. Jackson Lee, Sheila [D-TX-18]</fullName>
        <middleName />
        <party>D</party>
        <sponsorshipWithdrawnDate />
        <bioguideId>J000032</bioguideId>
        <firstName>SHEILA</firstName>
        <isOriginalCosponsor>False</isOriginalCosponsor>
      </item>
      <item>
        <state>NC</state>
        <identifiers>
          <bioguideId>J000255</bioguideId>
          <gpoId>8026</gpoId>
          <lisID>612</lisID>
        </identifiers>
        <district>3</district>
        <sponsorshipDate>2017-01-13</sponsorshipDate>
        <lastName>JONES</lastName>
        <fullName>Rep. Jones, Walter B., Jr. [R-NC-3]</fullName>
        <middleName>B.</middleName>
        <party>R</party>
        <sponsorshipWithdrawnDate />
        <bioguideId>J000255</bioguideId>
        <firstName>WALTER</firstName>
        <isOriginalCosponsor>False</isOriginalCosponsor>
      </item>
      <item>
        <state>NH</state>
        <identifiers>
          <gpoId>7528</gpoId>
          <lisID>1861</lisID>
          <bioguideId>S001170</bioguideId>
        </identifiers>
        <district>1</district>
        <sponsorshipDate>2017-01-13</sponsorshipDate>
        <lastName>Shea-Porter</lastName>
        <fullName>Rep. Shea-Porter, Carol [D-NH-1]</fullName>
        <middleName />
        <party>D</party>
        <sponsorshipWithdrawnDate />
        <bioguideId>S001170</bioguideId>
        <firstName>Carol</firstName>
        <isOriginalCosponsor>False</isOriginalCosponsor>
      </item>
      <item>
        <state>FL</state>
        <identifiers>
          <bioguideId>S001200</bioguideId>
          <lisID>2319</lisID>
          <gpoId />
        </identifiers>
        <district>9</district>
        <sponsorshipDate>2017-01-13</sponsorshipDate>
        <lastName>Soto</lastName>
        <fullName>Rep. Soto, Darren [D-FL-9]</fullName>
        <middleName />
        <party>D</party>
        <sponsorshipWithdrawnDate />
        <bioguideId>S001200</bioguideId>
        <firstName>Darren</firstName>
        <isOriginalCosponsor>False</isOriginalCosponsor>
      </item>
      <item>
        <state>CA</state>
        <identifiers>
          <lisID>2113</lisID>
          <bioguideId>P000608</bioguideId>
          <gpoId />
        </identifiers>
        <district>52</district>
        <sponsorshipDate>2017-01-13</sponsorshipDate>
        <lastName>Peters</lastName>
        <fullName>Rep. Peters, Scott H. [D-CA-52]</fullName>
        <middleName>H.</middleName>
        <party>D</party>
        <sponsorshipWithdrawnDate />
        <bioguideId>P000608</bioguideId>
        <firstName>Scott</firstName>
        <isOriginalCosponsor>False</isOriginalCosponsor>
      </item>
      <item>
        <state>MA</state>
        <identifiers>
          <gpoId>7968</gpoId>
          <lisID>1504</lisID>
          <bioguideId>M000312</bioguideId>
        </identifiers>
        <district>2</district>
        <sponsorshipDate>2017-02-14</sponsorshipDate>
        <lastName>MCGOVERN</lastName>
        <fullName>Rep. McGovern, James P. [D-MA-2]</fullName>
        <middleName>P.</middleName>
        <party>D</party>
        <sponsorshipWithdrawnDate />
        <bioguideId>M000312</bioguideId>
        <firstName>JAMES</firstName>
        <isOriginalCosponsor>False</isOriginalCosponsor>
      </item>
      <item>
        <state>GA</state>
        <identifiers>
          <gpoId>7910</gpoId>
          <bioguideId>S001157</bioguideId>
          <lisID>1722</lisID>
        </identifiers>
        <district>13</district>
        <sponsorshipDate>2017-02-14</sponsorshipDate>
        <lastName>Scott</lastName>
        <fullName>Rep. Scott, David [D-GA-13]</fullName>
        <middleName />
        <party>D</party>
        <sponsorshipWithdrawnDate />
        <bioguideId>S001157</bioguideId>
        <firstName>David</firstName>
        <isOriginalCosponsor>False</isOriginalCosponsor>
      </item>
      <item>
        <state>KY</state>
        <identifiers>
          <lisID>1853</lisID>
          <gpoId>7955</gpoId>
          <bioguideId>Y000062</bioguideId>
        </identifiers>
        <district>3</district>
        <sponsorshipDate>2017-02-14</sponsorshipDate>
        <lastName>Yarmuth</lastName>
        <fullName>Rep. Yarmuth, John A. [D-KY-3]</fullName>
        <middleName>A.</middleName>
        <party>D</party>
        <sponsorshipWithdrawnDate />
        <bioguideId>Y000062</bioguideId>
        <firstName>John</firstName>
        <isOriginalCosponsor>False</isOriginalCosponsor>
      </item>
      <item>
        <state>NY</state>
        <identifiers>
          <lisID>2150</lisID>
          <bioguideId>M001185</bioguideId>
          <gpoId />
        </identifiers>
        <district>18</district>
        <sponsorshipDate>2017-02-14</sponsorshipDate>
        <lastName>Maloney</lastName>
        <fullName>Rep. Maloney, Sean Patrick [D-NY-18]</fullName>
        <middleName>Patrick</middleName>
        <party>D</party>
        <sponsorshipWithdrawnDate />
        <bioguideId>M001185</bioguideId>
        <firstName>Sean</firstName>
        <isOriginalCosponsor>False</isOriginalCosponsor>
      </item>
      <item>
        <state>OH</state>
        <identifiers>
          <gpoId>8107</gpoId>
          <bioguideId>R000577</bioguideId>
          <lisID>1756</lisID>
        </identifiers>
        <district>13</district>
        <sponsorshipDate>2017-02-14</sponsorshipDate>
        <lastName>RYAN</lastName>
        <fullName>Rep. Ryan, Tim [D-OH-13]</fullName>
        <middleName />
        <party>D</party>
        <sponsorshipWithdrawnDate />
        <bioguideId>R000577</bioguideId>
        <firstName>TIM</firstName>
        <isOriginalCosponsor>False</isOriginalCosponsor>
      </item>
      <item>
        <state>WA</state>
        <identifiers>
          <bioguideId>K000381</bioguideId>
          <lisID>2169</lisID>
          <gpoId />
        </identifiers>
        <district>6</district>
        <sponsorshipDate>2017-02-14</sponsorshipDate>
        <lastName>Kilmer</lastName>
        <fullName>Rep. Kilmer, Derek [D-WA-6]</fullName>
        <middleName />
        <party>D</party>
        <sponsorshipWithdrawnDate />
        <bioguideId>K000381</bioguideId>
        <firstName>Derek</firstName>
        <isOriginalCosponsor>False</isOriginalCosponsor>
      </item>
      <item>
        <state>WA</state>
        <identifiers>
          <lisID>1675</lisID>
          <gpoId>8206</gpoId>
          <bioguideId>L000560</bioguideId>
        </identifiers>
        <district>2</district>
        <sponsorshipDate>2017-02-14</sponsorshipDate>
        <lastName>LARSEN</lastName>
        <fullName>Rep. Larsen, Rick [D-WA-2]</fullName>
        <middleName />
        <party>D</party>
        <sponsorshipWithdrawnDate />
        <bioguideId>L000560</bioguideId>
        <firstName>RICK</firstName>
        <isOriginalCosponsor>False</isOriginalCosponsor>
      </item>
      <item>
        <state>OR</state>
        <identifiers>
          <gpoId>8117</gpoId>
          <bioguideId>D000191</bioguideId>
          <lisID>279</lisID>
        </identifiers>
        <district>4</district>
        <sponsorshipDate>2017-02-14</sponsorshipDate>
        <lastName>DEFAZIO</lastName>
        <fullName>Rep. DeFazio, Peter A. [D-OR-4]</fullName>
        <middleName>A.</middleName>
        <party>D</party>
        <sponsorshipWithdrawnDate />
        <bioguideId>D000191</bioguideId>
        <firstName>PETER</firstName>
        <isOriginalCosponsor>False</isOriginalCosponsor>
      </item>
      <item>
        <state>ME</state>
        <identifiers>
          <bioguideId>P000597</bioguideId>
          <lisID>1927</lisID>
          <gpoId>7984</gpoId>
        </identifiers>
        <district>1</district>
        <sponsorshipDate>2017-02-14</sponsorshipDate>
        <lastName>Pingree</lastName>
        <fullName>Rep. Pingree, Chellie [D-ME-1]</fullName>
        <middleName />
        <party>D</party>
        <sponsorshipWithdrawnDate />
        <bioguideId>P000597</bioguideId>
        <firstName>Chellie</firstName>
        <isOriginalCosponsor>False</isOriginalCosponsor>
      </item>
      <item>
        <state>RI</state>
        <identifiers>
          <bioguideId>C001084</bioguideId>
          <gpoId>8139</gpoId>
          <lisID>2055</lisID>
        </identifiers>
        <district>1</district>
        <sponsorshipDate>2017-02-14</sponsorshipDate>
        <lastName>Cicilline</lastName>
        <fullName>Rep. Cicilline, David N. [D-RI-1]</fullName>
        <middleName>N.</middleName>
        <party>D</party>
        <sponsorshipWithdrawnDate />
        <bioguideId>C001084</bioguideId>
        <firstName>David</firstName>
        <isOriginalCosponsor>False</isOriginalCosponsor>
      </item>
      <item>
        <state>ID</state>
        <identifiers>
          <bioguideId>S001148</bioguideId>
          <lisID>1590</lisID>
          <gpoId>7920</gpoId>
        </identifiers>
        <district>2</district>
        <sponsorshipDate>2017-02-14</sponsorshipDate>
        <lastName>SIMPSON</lastName>
        <fullName>Rep. Simpson, Michael K. [R-ID-2]</fullName>
        <middleName>K.</middleName>
        <party>R</party>
        <sponsorshipWithdrawnDate />
        <bioguideId>S001148</bioguideId>
        <firstName>MICHAEL</firstName>
        <isOriginalCosponsor>False</isOriginalCosponsor>
      </item>
      <item>
        <state>WA</state>
        <identifiers>
          <bioguideId>D000617</bioguideId>
          <gpoId>8374</gpoId>
          <lisID>2096</lisID>
        </identifiers>
        <district>1</district>
        <sponsorshipDate>2017-02-14</sponsorshipDate>
        <lastName>DelBene</lastName>
        <fullName>Rep. DelBene, Suzan K. [D-WA-1]</fullName>
        <middleName>K.</middleName>
        <party>D</party>
        <sponsorshipWithdrawnDate />
        <bioguideId>D000617</bioguideId>
        <firstName>Suzan</firstName>
        <isOriginalCosponsor>False</isOriginalCosponsor>
      </item>
      <item>
        <state>TX</state>
        <identifiers>
          <bioguideId>V000132</bioguideId>
          <lisID>2167</lisID>
          <gpoId />
        </identifiers>
        <district>34</district>
        <sponsorshipDate>2017-02-14</sponsorshipDate>
        <lastName>Vela</lastName>
        <fullName>Rep. Vela, Filemon [D-TX-34]</fullName>
        <middleName />
        <party>D</party>
        <sponsorshipWithdrawnDate />
        <bioguideId>V000132</bioguideId>
        <firstName>Filemon</firstName>
        <isOriginalCosponsor>False</isOriginalCosponsor>
      </item>
      <item>
        <state>TX</state>
        <identifiers>
          <lisID>2166</lisID>
          <gpoId />
          <bioguideId>V000131</bioguideId>
        </identifiers>
        <district>33</district>
        <sponsorshipDate>2017-02-14</sponsorshipDate>
        <lastName>Veasey</lastName>
        <fullName>Rep. Veasey, Marc A. [D-TX-33]</fullName>
        <middleName>A.</middleName>
        <party>D</party>
        <sponsorshipWithdrawnDate />
        <bioguideId>V000131</bioguideId>
        <firstName>Marc</firstName>
        <isOriginalCosponsor>False</isOriginalCosponsor>
      </item>
      <item>
        <state>CA</state>
        <identifiers>
          <bioguideId>G000559</bioguideId>
          <lisID>1973</lisID>
          <gpoId>7815</gpoId>
        </identifiers>
        <district>3</district>
        <sponsorshipDate>2017-02-14</sponsorshipDate>
        <lastName>Garamendi</lastName>
        <fullName>Rep. Garamendi, John [D-CA-3]</fullName>
        <middleName />
        <party>D</party>
        <sponsorshipWithdrawnDate />
        <bioguideId>G000559</bioguideId>
        <firstName>John</firstName>
        <isOriginalCosponsor>False</isOriginalCosponsor>
      </item>
      <item>
        <state>WA</state>
        <identifiers>
          <lisID>2170</lisID>
          <gpoId />
          <bioguideId>H001064</bioguideId>
        </identifiers>
        <district>10</district>
        <sponsorshipDate>2017-02-14</sponsorshipDate>
        <lastName>Heck</lastName>
        <fullName>Rep. Heck, Denny [D-WA-10]</fullName>
        <middleName />
        <party>D</party>
        <sponsorshipWithdrawnDate />
        <bioguideId>H001064</bioguideId>
        <firstName>Denny</firstName>
        <isOriginalCosponsor>False</isOriginalCosponsor>
      </item>
      <item>
        <state>AZ</state>
        <identifiers>
          <bioguideId>M001197</bioguideId>
          <lisID>2225</lisID>
          <gpoId />
        </identifiers>
        <district>2</district>
        <sponsorshipDate>2017-02-14</sponsorshipDate>
        <lastName>McSally</lastName>
        <fullName>Rep. McSally, Martha [R-AZ-2]</fullName>
        <middleName />
        <party>R</party>
        <sponsorshipWithdrawnDate />
        <bioguideId>M001197</bioguideId>
        <firstName>Martha</firstName>
        <isOriginalCosponsor>False</isOriginalCosponsor>
      </item>
      <item>
        <state>WI</state>
        <identifiers>
          <lisID>1498</lisID>
          <bioguideId>K000188</bioguideId>
          <gpoId>8216</gpoId>
        </identifiers>
        <district>3</district>
        <sponsorshipDate>2017-02-14</sponsorshipDate>
        <lastName>KIND</lastName>
        <fullName>Rep. Kind, Ron [D-WI-3]</fullName>
        <middleName />
        <party>D</party>
        <sponsorshipWithdrawnDate />
        <bioguideId>K000188</bioguideId>
        <firstName>RON</firstName>
        <isOriginalCosponsor>False</isOriginalCosponsor>
      </item>
      <item>
        <state>CA</state>
        <identifiers>
          <lisID>1641</lisID>
          <gpoId>7858</gpoId>
          <bioguideId>D000598</bioguideId>
        </identifiers>
        <district>53</district>
        <sponsorshipDate>2017-02-14</sponsorshipDate>
        <lastName>DAVIS</lastName>
        <fullName>Rep. Davis, Susan A. [D-CA-53]</fullName>
        <middleName>A.</middleName>
        <party>D</party>
        <sponsorshipWithdrawnDate />
        <bioguideId>D000598</bioguideId>
        <firstName>SUSAN</firstName>
        <isOriginalCosponsor>False</isOriginalCosponsor>
      </item>
      <item>
        <state>VA</state>
        <identifiers>
          <lisID>1886</lisID>
          <gpoId>8192</gpoId>
          <bioguideId>W000804</bioguideId>
        </identifiers>
        <district>1</district>
        <sponsorshipDate>2017-02-14</sponsorshipDate>
        <lastName>Wittman</lastName>
        <fullName>Rep. Wittman, Robert J. [R-VA-1]</fullName>
        <middleName>J.</middleName>
        <party>R</party>
        <sponsorshipWithdrawnDate />
        <bioguideId>W000804</bioguideId>
        <firstName>Robert</firstName>
        <isOriginalCosponsor>False</isOriginalCosponsor>
      </item>
      <item>
        <state>GU</state>
        <identifiers>
          <lisID>1723</lisID>
          <gpoId>7911</gpoId>
          <bioguideId>B001245</bioguideId>
        </identifiers>
        <district>0</district>
        <sponsorshipDate>2017-02-14</sponsorshipDate>
        <lastName>Bordallo</lastName>
        <fullName>Rep. Bordallo, Madeleine Z. [D-GU-At Large]</fullName>
        <middleName>Z.</middleName>
        <party>D</party>
        <sponsorshipWithdrawnDate />
        <bioguideId>B001245</bioguideId>
        <firstName>Madeleine</firstName>
        <isOriginalCosponsor>False</isOriginalCosponsor>
      </item>
      <item>
        <state>FL</state>
        <identifiers>
          <gpoId>7891</gpoId>
          <lisID>1976</lisID>
          <bioguideId>D000610</bioguideId>
        </identifiers>
        <district>22</district>
        <sponsorshipDate>2017-02-14</sponsorshipDate>
        <lastName>Deutch</lastName>
        <fullName>Rep. Deutch, Theodore E. [D-FL-22]</fullName>
        <middleName>E.</middleName>
        <party>D</party>
        <sponsorshipWithdrawnDate />
        <bioguideId>D000610</bioguideId>
        <firstName>Theodore</firstName>
        <isOriginalCosponsor>False</isOriginalCosponsor>
      </item>
      <item>
        <state>TN</state>
        <identifiers>
          <lisID>1878</lisID>
          <bioguideId>C001068</bioguideId>
          <gpoId>8156</gpoId>
        </identifiers>
        <district>9</district>
        <sponsorshipDate>2017-03-13</sponsorshipDate>
        <lastName>Cohen</lastName>
        <fullName>Rep. Cohen, Steve [D-TN-9]</fullName>
        <middleName />
        <party>D</party>
        <sponsorshipWithdrawnDate />
        <bioguideId>C001068</bioguideId>
        <firstName>Steve</firstName>
        <isOriginalCosponsor>False</isOriginalCosponsor>
      </item>
      <item>
        <state>OH</state>
        <identifiers>
          <bioguideId>T000463</bioguideId>
          <lisID>1741</lisID>
          <gpoId>8093</gpoId>
        </identifiers>
        <district>10</district>
        <sponsorshipDate>2017-03-13</sponsorshipDate>
        <lastName>Turner</lastName>
        <fullName>Rep. Turner, Michael R. [R-OH-10]</fullName>
        <middleName>R.</middleName>
        <party>R</party>
        <sponsorshipWithdrawnDate />
        <bioguideId>T000463</bioguideId>
        <firstName>Michael</firstName>
        <isOriginalCosponsor>False</isOriginalCosponsor>
      </item>
      <item>
        <state>CT</state>
        <identifiers>
          <lisID>1836</lisID>
          <bioguideId>C001069</bioguideId>
          <gpoId>7867</gpoId>
        </identifiers>
        <district>2</district>
        <sponsorshipDate>2017-03-13</sponsorshipDate>
        <lastName>Courtney</lastName>
        <fullName>Rep. Courtney, Joe [D-CT-2]</fullName>
        <middleName />
        <party>D</party>
        <sponsorshipWithdrawnDate />
        <bioguideId>C001069</bioguideId>
        <firstName>Joe</firstName>
        <isOriginalCosponsor>False</isOriginalCosponsor>
      </item>
      <item>
        <state>CA</state>
        <identifiers>
          <lisID>701</lisID>
          <gpoId>7821</gpoId>
          <bioguideId>L000397</bioguideId>
        </identifiers>
        <district>19</district>
        <sponsorshipDate>2017-03-13</sponsorshipDate>
        <lastName>LOFGREN</lastName>
        <fullName>Rep. Lofgren, Zoe [D-CA-19]</fullName>
        <middleName />
        <party>D</party>
        <sponsorshipWithdrawnDate />
        <bioguideId>L000397</bioguideId>
        <firstName>ZOE</firstName>
        <isOriginalCosponsor>False</isOriginalCosponsor>
      </item>
      <item>
        <state>CA</state>
        <identifiers>
          <gpoId />
          <lisID>2109</lisID>
          <bioguideId>R000599</bioguideId>
        </identifiers>
        <district>36</district>
        <sponsorshipDate>2017-03-13</sponsorshipDate>
        <lastName>Ruiz</lastName>
        <fullName>Rep. Ruiz, Raul [D-CA-36]</fullName>
        <middleName />
        <party>D</party>
        <sponsorshipWithdrawnDate />
        <bioguideId>R000599</bioguideId>
        <firstName>Raul</firstName>
        <isOriginalCosponsor>False</isOriginalCosponsor>
      </item>
      <item>
        <state>NY</state>
        <identifiers>
          <bioguideId>K000210</bioguideId>
          <lisID>635</lisID>
          <gpoId>8064</gpoId>
        </identifiers>
        <district>2</district>
        <sponsorshipDate>2017-06-16</sponsorshipDate>
        <lastName>KING</lastName>
        <fullName>Rep. King, Peter T. [R-NY-2]</fullName>
        <middleName>T.</middleName>
        <party>R</party>
        <sponsorshipWithdrawnDate />
        <bioguideId>K000210</bioguideId>
        <firstName>PETER</firstName>
        <isOriginalCosponsor>False</isOriginalCosponsor>
      </item>
      <item>
        <state>OH</state>
        <identifiers>
          <bioguideId>B001281</bioguideId>
          <lisID>2153</lisID>
          <gpoId />
        </identifiers>
        <district>3</district>
        <sponsorshipDate>2017-06-16</sponsorshipDate>
        <lastName>Beatty</lastName>
        <fullName>Rep. Beatty, Joyce [D-OH-3]</fullName>
        <middleName />
        <party>D</party>
        <sponsorshipWithdrawnDate />
        <bioguideId>B001281</bioguideId>
        <firstName>Joyce</firstName>
        <isOriginalCosponsor>False</isOriginalCosponsor>
      </item>
      <item>
        <state>FL</state>
        <identifiers>
          <bioguideId>G000578</bioguideId>
          <gpoId />
          <lisID>2314</lisID>
        </identifiers>
        <district>1</district>
        <sponsorshipDate>2017-06-16</sponsorshipDate>
        <lastName>Gaetz</lastName>
        <fullName>Rep. Gaetz, Matt [R-FL-1]</fullName>
        <middleName />
        <party>R</party>
        <sponsorshipWithdrawnDate />
        <bioguideId>G000578</bioguideId>
        <firstName>Matt</firstName>
        <isOriginalCosponsor>False</isOriginalCosponsor>
      </item>
      <item>
        <state>MN</state>
        <identifiers>
          <gpoId>8007</gpoId>
          <bioguideId>P000258</bioguideId>
          <lisID>910</lisID>
        </identifiers>
        <district>7</district>
        <sponsorshipDate>2017-06-16</sponsorshipDate>
        <lastName>PETERSON</lastName>
        <fullName>Rep. Peterson, Collin C. [D-MN-7]</fullName>
        <middleName>C.</middleName>
        <party>D</party>
        <sponsorshipWithdrawnDate />
        <bioguideId>P000258</bioguideId>
        <firstName>COLLIN</firstName>
        <isOriginalCosponsor>False</isOriginalCosponsor>
      </item>
    </cosponsors>
    <constitutionalAuthorityStatementText><![CDATA[<pre>From the Congressional Record Online through the Government Publishing Office [<a href='http://www.gpo.gov'>www.gpo.gov</a>]By Mr. BISHOP of Georgia:H.R. 333.Congress has the power to enact this legislation pursuantto the following:Art. I, Sect. 8, Clause 1: to provide for the commondefense and general welfare.Art. I, Sect. 8, Clause 12: to raise and support Armies.Art. I, Sect. 8, Clause 14: To make Rules for theGovernment and Regulation of the land and naval Forces.Art. I, Sect. 8, Clause 16: To provide for organizing,arming, and discipling, the Militia, and for governing suchPart of them as may be employed in the Service of the UnitedStates, reserving to the States respectively, the Appointmentof the Officers, and the Authority of training the Militiaaccording to the discipline prescribed by Congress.Art. I, Sect. 8, Clause 18: To make all Laws which shall benecessary and proper for carrying into Execution theforegoing Powers, and all other Powers vested by thisConstitution in the Government of the United Statesm or inany Department or Officer thereof[Page H183]</pre>]]></constitutionalAuthorityStatementText>
    <policyArea>
      <name>Armed Forces and National Security</name>
    </policyArea>
    <cboCostEstimates />
    <laws />
    <congress>115</congress>
    <version>1.0.0</version>
    <introducedDate>2017-01-05</introducedDate>
    <committeeReports />
    <titles>
      <item>
        <chamberName />
        <parentTitleType />
        <chamberCode />
        <titleType>(Extracted from GPO) Short Titles as Introduced</titleType>
        <title>Disabled Veterans Tax Termination Act</title>
      </item>
      <item>
        <chamberName />
        <parentTitleType />
        <chamberCode />
        <titleType>Short Titles as Introduced</titleType>
        <title>Disabled Veterans Tax Termination Act</title>
      </item>
      <item>
        <chamberName />
        <parentTitleType />
        <chamberCode />
        <titleType>Official Title as Introduced</titleType>
        <title>To amend title 10, United States Code, to permit retired members of the Armed Forces who have a service-connected disability rated less than 50 percent to receive concurrent payment of both retired pay and veterans' disability compensation, to extend eligibility for concurrent receipt to chapter 61 disability retirees with less than 20 years of service, and for other purposes.</title>
      </item>
      <item>
        <chamberName />
        <parentTitleType />
        <chamberCode />
        <titleType>Display Title</titleType>
        <title>Disabled Veterans Tax Termination Act</title>
      </item>
    </titles>
    <calendarNumbers />
    <subjects>
      <billSubjects>
        <legislativeSubjects>
          <item>
            <name>Disability and paralysis</name>
          </item>
          <item>
            <name>Military personnel and dependents</name>
          </item>
          <item>
            <name>Veterans' pensions and compensation</name>
          </item>
        </legislativeSubjects>
        <policyArea>
          <name>Armed Forces and National Security</name>
        </policyArea>
      </billSubjects>
    </subjects>
    <billType>HR</billType>
  </bill>
  <dublinCore xmlns:dc="http://purl.org/dc/elements/1.1/">
    <dc:format>text/xml</dc:format>
    <dc:language>EN</dc:language>
    <dc:rights>Pursuant to Title 17 Section 105 of the United States Code, this file is not subject to copyright protection and is in the public domain.</dc:rights>
    <dc:contributor>Congressional Research Service, Library of Congress</dc:contributor>
    <dc:description>This file contains bill summaries and statuses for federal legislation. A bill summary describes the most significant provisions of a piece of legislation and details the effects the legislative text may have on current law and federal programs. Bill summaries are authored by the Congressional Research Service (CRS) of the Library of Congress. As stated in Public Law 91-510 (2 USC 166 (d)(6)), one of the duties of CRS is "to prepare summaries and digests of bills and resolutions of a public general nature introduced in the Senate or House of Representatives". For more information, refer to the User Guide that accompanies this file.</dc:description>
  </dublinCore>
</billStatus>

