<?xml version="1.0" encoding="UTF-8"?>
<billStatus>
  <bill>
    <constitutionalAuthorityStatementText><![CDATA[<pre>From the Congressional Record Online through the Government Publishing Office [<a href='http://www.gpo.gov'>www.gpo.gov</a>]By Mr. BRADY of Pennsylvania:H.R. 794.Congress has the power to enact this legislation pursuantto the following:This proposal is introduced pursuant to Article I.[Page H878]</pre>]]></constitutionalAuthorityStatementText>
    <originChamber>House</originChamber>
    <subjects>
      <billSubjects>
        <legislativeSubjects>
          <item>
            <name>Computer security and identity theft</name>
          </item>
          <item>
            <name>Department of Commerce</name>
          </item>
          <item>
            <name>Election Assistance Commission</name>
          </item>
          <item>
            <name>Elections, voting, political campaign regulation</name>
          </item>
          <item>
            <name>Executive agency funding and structure</name>
          </item>
          <item>
            <name>Government information and archives</name>
          </item>
          <item>
            <name>State and local government operations</name>
          </item>
          <item>
            <name>Technology assessment</name>
          </item>
        </legislativeSubjects>
        <policyArea>
          <name>Government Operations and Politics</name>
        </policyArea>
      </billSubjects>
    </subjects>
    <cosponsors>
      <item>
        <state>MD</state>
        <identifiers>
          <bioguideId>H000874</bioguideId>
          <lisID>566</lisID>
          <gpoId>7980</gpoId>
        </identifiers>
        <district>5</district>
        <sponsorshipDate>2017-02-01</sponsorshipDate>
        <lastName>HOYER</lastName>
        <fullName>Rep. Hoyer, Steny H. [D-MD-5]</fullName>
        <middleName>H.</middleName>
        <party>D</party>
        <sponsorshipWithdrawnDate />
        <bioguideId>H000874</bioguideId>
        <firstName>STENY</firstName>
        <isOriginalCosponsor>True</isOriginalCosponsor>
      </item>
      <item>
        <state>CA</state>
        <identifiers>
          <gpoId>7821</gpoId>
          <lisID>701</lisID>
          <bioguideId>L000397</bioguideId>
        </identifiers>
        <district>19</district>
        <sponsorshipDate>2017-02-01</sponsorshipDate>
        <lastName>LOFGREN</lastName>
        <fullName>Rep. Lofgren, Zoe [D-CA-19]</fullName>
        <middleName />
        <party>D</party>
        <sponsorshipWithdrawnDate />
        <bioguideId>L000397</bioguideId>
        <firstName>ZOE</firstName>
        <isOriginalCosponsor>True</isOriginalCosponsor>
      </item>
      <item>
        <state>MD</state>
        <identifiers>
          <lisID>2332</lisID>
          <gpoId />
          <bioguideId>R000606</bioguideId>
        </identifiers>
        <district>8</district>
        <sponsorshipDate>2017-02-01</sponsorshipDate>
        <lastName>Raskin</lastName>
        <fullName>Rep. Raskin, Jamie [D-MD-8]</fullName>
        <middleName />
        <party>D</party>
        <sponsorshipWithdrawnDate />
        <bioguideId>R000606</bioguideId>
        <firstName>Jamie</firstName>
        <isOriginalCosponsor>True</isOriginalCosponsor>
      </item>
      <item>
        <state>OH</state>
        <identifiers>
          <lisID>2153</lisID>
          <bioguideId>B001281</bioguideId>
          <gpoId />
        </identifiers>
        <district>3</district>
        <sponsorshipDate>2017-02-15</sponsorshipDate>
        <lastName>Beatty</lastName>
        <fullName>Rep. Beatty, Joyce [D-OH-3]</fullName>
        <middleName />
        <party>D</party>
        <sponsorshipWithdrawnDate />
        <bioguideId>B001281</bioguideId>
        <firstName>Joyce</firstName>
        <isOriginalCosponsor>False</isOriginalCosponsor>
      </item>
      <item>
        <state>OR</state>
        <identifiers>
          <bioguideId>B001278</bioguideId>
          <lisID>2092</lisID>
          <gpoId>8367</gpoId>
        </identifiers>
        <district>1</district>
        <sponsorshipDate>2017-02-15</sponsorshipDate>
        <lastName>Bonamici</lastName>
        <fullName>Rep. Bonamici, Suzanne [D-OR-1]</fullName>
        <middleName />
        <party>D</party>
        <sponsorshipWithdrawnDate />
        <bioguideId>B001278</bioguideId>
        <firstName>Suzanne</firstName>
        <isOriginalCosponsor>False</isOriginalCosponsor>
      </item>
      <item>
        <state>CA</state>
        <identifiers>
          <lisID>2310</lisID>
          <bioguideId>C001112</bioguideId>
          <gpoId />
        </identifiers>
        <district>24</district>
        <sponsorshipDate>2017-02-15</sponsorshipDate>
        <lastName>Carbajal</lastName>
        <fullName>Rep. Carbajal, Salud O. [D-CA-24]</fullName>
        <middleName>O.</middleName>
        <party>D</party>
        <sponsorshipWithdrawnDate />
        <bioguideId>C001112</bioguideId>
        <firstName>Salud</firstName>
        <isOriginalCosponsor>False</isOriginalCosponsor>
      </item>
      <item>
        <state>PA</state>
        <identifiers>
          <gpoId />
          <bioguideId>C001090</bioguideId>
          <lisID>2159</lisID>
        </identifiers>
        <district>17</district>
        <sponsorshipDate>2017-02-15</sponsorshipDate>
        <lastName>Cartwright</lastName>
        <fullName>Rep. Cartwright, Matt [D-PA-17]</fullName>
        <middleName />
        <party>D</party>
        <sponsorshipWithdrawnDate />
        <bioguideId>C001090</bioguideId>
        <firstName>Matt</firstName>
        <isOriginalCosponsor>False</isOriginalCosponsor>
      </item>
      <item>
        <state>SC</state>
        <identifiers>
          <lisID>208</lisID>
          <bioguideId>C000537</bioguideId>
          <gpoId>8146</gpoId>
        </identifiers>
        <district>6</district>
        <sponsorshipDate>2017-02-15</sponsorshipDate>
        <lastName>CLYBURN</lastName>
        <fullName>Rep. Clyburn, James E. [D-SC-6]</fullName>
        <middleName>E.</middleName>
        <party>D</party>
        <sponsorshipWithdrawnDate />
        <bioguideId>C000537</bioguideId>
        <firstName>JAMES</firstName>
        <isOriginalCosponsor>False</isOriginalCosponsor>
      </item>
      <item>
        <state>NY</state>
        <identifiers>
          <bioguideId>C001038</bioguideId>
          <lisID>1604</lisID>
          <gpoId>8068</gpoId>
        </identifiers>
        <district>14</district>
        <sponsorshipDate>2017-02-15</sponsorshipDate>
        <lastName>CROWLEY</lastName>
        <fullName>Rep. Crowley, Joseph [D-NY-14]</fullName>
        <middleName />
        <party>D</party>
        <sponsorshipWithdrawnDate />
        <bioguideId>C001038</bioguideId>
        <firstName>JOSEPH</firstName>
        <isOriginalCosponsor>False</isOriginalCosponsor>
      </item>
      <item>
        <state>MD</state>
        <identifiers>
          <lisID>256</lisID>
          <bioguideId>C000984</bioguideId>
          <gpoId>7982</gpoId>
        </identifiers>
        <district>7</district>
        <sponsorshipDate>2017-02-15</sponsorshipDate>
        <lastName>CUMMINGS</lastName>
        <fullName>Rep. Cummings, Elijah E. [D-MD-7]</fullName>
        <middleName>E.</middleName>
        <party>D</party>
        <sponsorshipWithdrawnDate />
        <bioguideId>C000984</bioguideId>
        <firstName>ELIJAH</firstName>
        <isOriginalCosponsor>False</isOriginalCosponsor>
      </item>
      <item>
        <state>CA</state>
        <identifiers>
          <bioguideId>D000598</bioguideId>
          <lisID>1641</lisID>
          <gpoId>7858</gpoId>
        </identifiers>
        <district>53</district>
        <sponsorshipDate>2017-02-15</sponsorshipDate>
        <lastName>DAVIS</lastName>
        <fullName>Rep. Davis, Susan A. [D-CA-53]</fullName>
        <middleName>A.</middleName>
        <party>D</party>
        <sponsorshipWithdrawnDate />
        <bioguideId>D000598</bioguideId>
        <firstName>SUSAN</firstName>
        <isOriginalCosponsor>False</isOriginalCosponsor>
      </item>
      <item>
        <state>CA</state>
        <identifiers>
          <lisID>2227</lisID>
          <bioguideId>D000623</bioguideId>
          <gpoId />
        </identifiers>
        <district>11</district>
        <sponsorshipDate>2017-02-15</sponsorshipDate>
        <lastName>DeSaulnier</lastName>
        <fullName>Rep. DeSaulnier, Mark [D-CA-11]</fullName>
        <middleName />
        <party>D</party>
        <sponsorshipWithdrawnDate />
        <bioguideId>D000623</bioguideId>
        <firstName>Mark</firstName>
        <isOriginalCosponsor>False</isOriginalCosponsor>
      </item>
      <item>
        <state>NY</state>
        <identifiers>
          <bioguideId>E000297</bioguideId>
          <gpoId />
          <lisID>2342</lisID>
        </identifiers>
        <district>13</district>
        <sponsorshipDate>2017-02-15</sponsorshipDate>
        <lastName>Espaillat</lastName>
        <fullName>Rep. Espaillat, Adriano [D-NY-13]</fullName>
        <middleName />
        <party>D</party>
        <sponsorshipWithdrawnDate />
        <bioguideId>E000297</bioguideId>
        <firstName>Adriano</firstName>
        <isOriginalCosponsor>False</isOriginalCosponsor>
      </item>
      <item>
        <state>AZ</state>
        <identifiers>
          <lisID>2226</lisID>
          <bioguideId>G000574</bioguideId>
          <gpoId />
        </identifiers>
        <district>7</district>
        <sponsorshipDate>2017-02-15</sponsorshipDate>
        <lastName>Gallego</lastName>
        <fullName>Rep. Gallego, Ruben [D-AZ-7]</fullName>
        <middleName />
        <party>D</party>
        <sponsorshipWithdrawnDate />
        <bioguideId>G000574</bioguideId>
        <firstName>Ruben</firstName>
        <isOriginalCosponsor>False</isOriginalCosponsor>
      </item>
      <item>
        <state>HI</state>
        <identifiers>
          <gpoId>7912</gpoId>
          <bioguideId>H001050</bioguideId>
          <lisID>2010</lisID>
        </identifiers>
        <district>1</district>
        <sponsorshipDate>2017-02-15</sponsorshipDate>
        <lastName>Hanabusa</lastName>
        <fullName>Rep. Hanabusa, Colleen [D-HI-1]</fullName>
        <middleName />
        <party>D</party>
        <sponsorshipWithdrawnDate />
        <bioguideId>H001050</bioguideId>
        <firstName>Colleen</firstName>
        <isOriginalCosponsor>False</isOriginalCosponsor>
      </item>
      <item>
        <state>OH</state>
        <identifiers>
          <lisID>616</lisID>
          <bioguideId>K000009</bioguideId>
          <gpoId>8099</gpoId>
        </identifiers>
        <district>9</district>
        <sponsorshipDate>2017-02-15</sponsorshipDate>
        <lastName>KAPTUR</lastName>
        <fullName>Rep. Kaptur, Marcy [D-OH-9]</fullName>
        <middleName />
        <party>D</party>
        <sponsorshipWithdrawnDate />
        <bioguideId>K000009</bioguideId>
        <firstName>MARCY</firstName>
        <isOriginalCosponsor>False</isOriginalCosponsor>
      </item>
      <item>
        <state>MI</state>
        <identifiers>
          <gpoId />
          <lisID>2134</lisID>
          <bioguideId>K000380</bioguideId>
        </identifiers>
        <district>5</district>
        <sponsorshipDate>2017-02-15</sponsorshipDate>
        <lastName>Kildee</lastName>
        <fullName>Rep. Kildee, Daniel T. [D-MI-5]</fullName>
        <middleName>T.</middleName>
        <party>D</party>
        <sponsorshipWithdrawnDate />
        <bioguideId>K000380</bioguideId>
        <firstName>Daniel</firstName>
        <isOriginalCosponsor>False</isOriginalCosponsor>
      </item>
      <item>
        <state>CA</state>
        <identifiers>
          <lisID>1501</lisID>
          <bioguideId>L000551</bioguideId>
          <gpoId>7814</gpoId>
        </identifiers>
        <district>13</district>
        <sponsorshipDate>2017-02-15</sponsorshipDate>
        <lastName>LEE</lastName>
        <fullName>Rep. Lee, Barbara [D-CA-13]</fullName>
        <middleName />
        <party>D</party>
        <sponsorshipWithdrawnDate />
        <bioguideId>L000551</bioguideId>
        <firstName>BARBARA</firstName>
        <isOriginalCosponsor>False</isOriginalCosponsor>
      </item>
      <item>
        <state>GA</state>
        <identifiers>
          <bioguideId>L000287</bioguideId>
          <lisID>688</lisID>
          <gpoId>7902</gpoId>
        </identifiers>
        <district>5</district>
        <sponsorshipDate>2017-02-15</sponsorshipDate>
        <lastName>LEWIS</lastName>
        <fullName>Rep. Lewis, John [D-GA-5]</fullName>
        <middleName />
        <party>D</party>
        <sponsorshipWithdrawnDate />
        <bioguideId>L000287</bioguideId>
        <firstName>JOHN</firstName>
        <isOriginalCosponsor>False</isOriginalCosponsor>
      </item>
      <item>
        <state>NY</state>
        <identifiers>
          <lisID>729</lisID>
          <bioguideId>M000087</bioguideId>
          <gpoId>8075</gpoId>
        </identifiers>
        <district>12</district>
        <sponsorshipDate>2017-02-15</sponsorshipDate>
        <lastName>MALONEY</lastName>
        <fullName>Rep. Maloney, Carolyn B. [D-NY-12]</fullName>
        <middleName>B.</middleName>
        <party>D</party>
        <sponsorshipWithdrawnDate />
        <bioguideId>M000087</bioguideId>
        <firstName>CAROLYN</firstName>
        <isOriginalCosponsor>False</isOriginalCosponsor>
      </item>
      <item>
        <state>MN</state>
        <identifiers>
          <lisID>1653</lisID>
          <gpoId>8004</gpoId>
          <bioguideId>M001143</bioguideId>
        </identifiers>
        <district>4</district>
        <sponsorshipDate>2017-02-15</sponsorshipDate>
        <lastName>MCCOLLUM</lastName>
        <fullName>Rep. McCollum, Betty [D-MN-4]</fullName>
        <middleName />
        <party>D</party>
        <sponsorshipWithdrawnDate />
        <bioguideId>M001143</bioguideId>
        <firstName>BETTY</firstName>
        <isOriginalCosponsor>False</isOriginalCosponsor>
      </item>
      <item>
        <state>NY</state>
        <identifiers>
          <gpoId />
          <lisID>2148</lisID>
          <bioguideId>M001188</bioguideId>
        </identifiers>
        <district>6</district>
        <sponsorshipDate>2017-02-15</sponsorshipDate>
        <lastName>Meng</lastName>
        <fullName>Rep. Meng, Grace [D-NY-6]</fullName>
        <middleName />
        <party>D</party>
        <sponsorshipWithdrawnDate />
        <bioguideId>M001188</bioguideId>
        <firstName>Grace</firstName>
        <isOriginalCosponsor>False</isOriginalCosponsor>
      </item>
      <item>
        <state>AZ</state>
        <identifiers>
          <bioguideId>O000171</bioguideId>
          <lisID>2306</lisID>
          <gpoId />
        </identifiers>
        <district>1</district>
        <sponsorshipDate>2017-02-15</sponsorshipDate>
        <lastName>O'Halleran</lastName>
        <fullName>Rep. O'Halleran, Tom [D-AZ-1]</fullName>
        <middleName />
        <party>D</party>
        <sponsorshipWithdrawnDate />
        <bioguideId>O000171</bioguideId>
        <firstName>Tom</firstName>
        <isOriginalCosponsor>False</isOriginalCosponsor>
      </item>
      <item>
        <state>NJ</state>
        <identifiers>
          <lisID>1510</lisID>
          <gpoId>8050</gpoId>
          <bioguideId>P000096</bioguideId>
        </identifiers>
        <district>9</district>
        <sponsorshipDate>2017-02-15</sponsorshipDate>
        <lastName>PASCRELL</lastName>
        <fullName>Rep. Pascrell, Bill, Jr. [D-NJ-9]</fullName>
        <middleName>J.</middleName>
        <party>D</party>
        <sponsorshipWithdrawnDate />
        <bioguideId>P000096</bioguideId>
        <firstName>WILLIAM</firstName>
        <isOriginalCosponsor>False</isOriginalCosponsor>
      </item>
      <item>
        <state>FL</state>
        <identifiers>
          <gpoId />
          <bioguideId>S001200</bioguideId>
          <lisID>2319</lisID>
        </identifiers>
        <district>9</district>
        <sponsorshipDate>2017-02-15</sponsorshipDate>
        <lastName>Soto</lastName>
        <fullName>Rep. Soto, Darren [D-FL-9]</fullName>
        <middleName />
        <party>D</party>
        <sponsorshipWithdrawnDate />
        <bioguideId>S001200</bioguideId>
        <firstName>Darren</firstName>
        <isOriginalCosponsor>False</isOriginalCosponsor>
      </item>
      <item>
        <state>NJ</state>
        <identifiers>
          <lisID>2097</lisID>
          <bioguideId>P000604</bioguideId>
          <gpoId>8373</gpoId>
        </identifiers>
        <district>10</district>
        <sponsorshipDate>2017-02-15</sponsorshipDate>
        <lastName>Payne</lastName>
        <fullName>Rep. Payne, Donald M., Jr. [D-NJ-10]</fullName>
        <middleName>M.</middleName>
        <party>D</party>
        <sponsorshipWithdrawnDate />
        <bioguideId>P000604</bioguideId>
        <firstName>Donald</firstName>
        <isOriginalCosponsor>False</isOriginalCosponsor>
      </item>
      <item>
        <state>NV</state>
        <identifiers>
          <bioguideId>R000608</bioguideId>
          <gpoId />
          <lisID>2339</lisID>
        </identifiers>
        <district>3</district>
        <sponsorshipDate>2017-02-15</sponsorshipDate>
        <lastName>Rosen</lastName>
        <fullName>Rep. Rosen, Jacky [D-NV-3]</fullName>
        <middleName />
        <party>D</party>
        <sponsorshipWithdrawnDate />
        <bioguideId>R000608</bioguideId>
        <firstName>Jacky</firstName>
        <isOriginalCosponsor>False</isOriginalCosponsor>
      </item>
      <item>
        <state>TX</state>
        <identifiers>
          <lisID>2349</lisID>
          <bioguideId>G000581</bioguideId>
          <gpoId />
        </identifiers>
        <district>15</district>
        <sponsorshipDate>2017-02-15</sponsorshipDate>
        <lastName>Gonzalez</lastName>
        <fullName>Rep. Gonzalez, Vicente [D-TX-15]</fullName>
        <middleName />
        <party>D</party>
        <sponsorshipWithdrawnDate />
        <bioguideId>G000581</bioguideId>
        <firstName>Vicente</firstName>
        <isOriginalCosponsor>False</isOriginalCosponsor>
      </item>
      <item>
        <state>FL</state>
        <identifiers>
          <bioguideId>D000627</bioguideId>
          <lisID>2320</lisID>
          <gpoId />
        </identifiers>
        <district>10</district>
        <sponsorshipDate>2017-02-15</sponsorshipDate>
        <lastName>Demings</lastName>
        <fullName>Rep. Demings, Val Butler [D-FL-10]</fullName>
        <middleName>Butler</middleName>
        <party>D</party>
        <sponsorshipWithdrawnDate />
        <bioguideId>D000627</bioguideId>
        <firstName>Val</firstName>
        <isOriginalCosponsor>False</isOriginalCosponsor>
      </item>
      <item>
        <state>NV</state>
        <identifiers>
          <bioguideId>K000390</bioguideId>
          <lisID>2340</lisID>
          <gpoId />
        </identifiers>
        <district>4</district>
        <sponsorshipDate>2017-02-15</sponsorshipDate>
        <lastName>Kihuen</lastName>
        <fullName>Rep. Kihuen, Ruben J. [D-NV-4]</fullName>
        <middleName>J.</middleName>
        <party>D</party>
        <sponsorshipWithdrawnDate />
        <bioguideId>K000390</bioguideId>
        <firstName>Ruben</firstName>
        <isOriginalCosponsor>False</isOriginalCosponsor>
      </item>
      <item>
        <state>MD</state>
        <identifiers>
          <lisID>2331</lisID>
          <bioguideId>B001304</bioguideId>
          <gpoId />
        </identifiers>
        <district>4</district>
        <sponsorshipDate>2017-02-15</sponsorshipDate>
        <lastName>Brown</lastName>
        <fullName>Rep. Brown, Anthony G. [D-MD-4]</fullName>
        <middleName>G.</middleName>
        <party>D</party>
        <sponsorshipWithdrawnDate />
        <bioguideId>B001304</bioguideId>
        <firstName>Anthony</firstName>
        <isOriginalCosponsor>False</isOriginalCosponsor>
      </item>
      <item>
        <state>IL</state>
        <identifiers>
          <lisID>2325</lisID>
          <bioguideId>K000391</bioguideId>
          <gpoId />
        </identifiers>
        <district>8</district>
        <sponsorshipDate>2017-02-15</sponsorshipDate>
        <lastName>Krishnamoorthi</lastName>
        <fullName>Rep. Krishnamoorthi, Raja [D-IL-8]</fullName>
        <middleName />
        <party>D</party>
        <sponsorshipWithdrawnDate />
        <bioguideId>K000391</bioguideId>
        <firstName>Raja</firstName>
        <isOriginalCosponsor>False</isOriginalCosponsor>
      </item>
      <item>
        <state>GA</state>
        <identifiers>
          <gpoId>7901</gpoId>
          <lisID>1843</lisID>
          <bioguideId>J000288</bioguideId>
        </identifiers>
        <district>4</district>
        <sponsorshipDate>2017-02-15</sponsorshipDate>
        <lastName>Johnson</lastName>
        <fullName>Rep. Johnson, Henry C. "Hank," Jr. [D-GA-4]</fullName>
        <middleName>C. "Hank"</middleName>
        <party>D</party>
        <sponsorshipWithdrawnDate />
        <bioguideId>J000288</bioguideId>
        <firstName>Henry</firstName>
        <isOriginalCosponsor>False</isOriginalCosponsor>
      </item>
      <item>
        <state>IL</state>
        <identifiers>
          <lisID>1888</lisID>
          <bioguideId>F000454</bioguideId>
          <gpoId>7355</gpoId>
        </identifiers>
        <district>11</district>
        <sponsorshipDate>2017-02-15</sponsorshipDate>
        <lastName>Foster</lastName>
        <fullName>Rep. Foster, Bill [D-IL-11]</fullName>
        <middleName />
        <party>D</party>
        <sponsorshipWithdrawnDate />
        <bioguideId>F000454</bioguideId>
        <firstName>Bill</firstName>
        <isOriginalCosponsor>False</isOriginalCosponsor>
      </item>
      <item>
        <state>WA</state>
        <identifiers>
          <lisID>2096</lisID>
          <bioguideId>D000617</bioguideId>
          <gpoId>8374</gpoId>
        </identifiers>
        <district>1</district>
        <sponsorshipDate>2017-02-15</sponsorshipDate>
        <lastName>DelBene</lastName>
        <fullName>Rep. DelBene, Suzan K. [D-WA-1]</fullName>
        <middleName>K.</middleName>
        <party>D</party>
        <sponsorshipWithdrawnDate />
        <bioguideId>D000617</bioguideId>
        <firstName>Suzan</firstName>
        <isOriginalCosponsor>False</isOriginalCosponsor>
      </item>
      <item>
        <state>ME</state>
        <identifiers>
          <lisID>1927</lisID>
          <gpoId>7984</gpoId>
          <bioguideId>P000597</bioguideId>
        </identifiers>
        <district>1</district>
        <sponsorshipDate>2017-02-15</sponsorshipDate>
        <lastName>Pingree</lastName>
        <fullName>Rep. Pingree, Chellie [D-ME-1]</fullName>
        <middleName />
        <party>D</party>
        <sponsorshipWithdrawnDate />
        <bioguideId>P000597</bioguideId>
        <firstName>Chellie</firstName>
        <isOriginalCosponsor>False</isOriginalCosponsor>
      </item>
      <item>
        <state>CT</state>
        <identifiers>
          <gpoId />
          <lisID>2114</lisID>
          <bioguideId>E000293</bioguideId>
        </identifiers>
        <district>5</district>
        <sponsorshipDate>2017-03-15</sponsorshipDate>
        <lastName>Esty</lastName>
        <fullName>Rep. Esty, Elizabeth H. [D-CT-5]</fullName>
        <middleName>H.</middleName>
        <party>D</party>
        <sponsorshipWithdrawnDate />
        <bioguideId>E000293</bioguideId>
        <firstName>Elizabeth</firstName>
        <isOriginalCosponsor>False</isOriginalCosponsor>
      </item>
      <item>
        <state>WA</state>
        <identifiers>
          <lisID>2170</lisID>
          <bioguideId>H001064</bioguideId>
          <gpoId />
        </identifiers>
        <district>10</district>
        <sponsorshipDate>2017-03-15</sponsorshipDate>
        <lastName>Heck</lastName>
        <fullName>Rep. Heck, Denny [D-WA-10]</fullName>
        <middleName />
        <party>D</party>
        <sponsorshipWithdrawnDate />
        <bioguideId>H001064</bioguideId>
        <firstName>Denny</firstName>
        <isOriginalCosponsor>False</isOriginalCosponsor>
      </item>
      <item>
        <state>NJ</state>
        <identifiers>
          <gpoId />
          <lisID>2202</lisID>
          <bioguideId>N000188</bioguideId>
        </identifiers>
        <district>1</district>
        <sponsorshipDate>2017-03-15</sponsorshipDate>
        <lastName>Norcross</lastName>
        <fullName>Rep. Norcross, Donald [D-NJ-1]</fullName>
        <middleName />
        <party>D</party>
        <sponsorshipWithdrawnDate />
        <bioguideId>N000188</bioguideId>
        <firstName>Donald</firstName>
        <isOriginalCosponsor>False</isOriginalCosponsor>
      </item>
      <item>
        <state>NY</state>
        <identifiers>
          <bioguideId>R000602</bioguideId>
          <gpoId />
          <lisID>2262</lisID>
        </identifiers>
        <district>4</district>
        <sponsorshipDate>2017-03-15</sponsorshipDate>
        <lastName>Rice</lastName>
        <fullName>Rep. Rice, Kathleen M. [D-NY-4]</fullName>
        <middleName>M.</middleName>
        <party>D</party>
        <sponsorshipWithdrawnDate />
        <bioguideId>R000602</bioguideId>
        <firstName>Kathleen</firstName>
        <isOriginalCosponsor>False</isOriginalCosponsor>
      </item>
      <item>
        <state>NY</state>
        <identifiers>
          <lisID>344</lisID>
          <bioguideId>E000179</bioguideId>
          <gpoId>8078</gpoId>
        </identifiers>
        <district>16</district>
        <sponsorshipDate>2017-03-15</sponsorshipDate>
        <lastName>ENGEL</lastName>
        <fullName>Rep. Engel, Eliot L. [D-NY-16]</fullName>
        <middleName>L.</middleName>
        <party>D</party>
        <sponsorshipWithdrawnDate />
        <bioguideId>E000179</bioguideId>
        <firstName>ELIOT</firstName>
        <isOriginalCosponsor>False</isOriginalCosponsor>
      </item>
      <item>
        <state>WI</state>
        <identifiers>
          <lisID>2171</lisID>
          <bioguideId>P000607</bioguideId>
          <gpoId />
        </identifiers>
        <district>2</district>
        <sponsorshipDate>2017-03-15</sponsorshipDate>
        <lastName>Pocan</lastName>
        <fullName>Rep. Pocan, Mark [D-WI-2]</fullName>
        <middleName />
        <party>D</party>
        <sponsorshipWithdrawnDate />
        <bioguideId>P000607</bioguideId>
        <firstName>Mark</firstName>
        <isOriginalCosponsor>False</isOriginalCosponsor>
      </item>
      <item>
        <state>CO</state>
        <identifiers>
          <lisID>1910</lisID>
          <bioguideId>P000598</bioguideId>
          <gpoId>7860</gpoId>
        </identifiers>
        <district>2</district>
        <sponsorshipDate>2017-03-15</sponsorshipDate>
        <lastName>Polis</lastName>
        <fullName>Rep. Polis, Jared [D-CO-2]</fullName>
        <middleName />
        <party>D</party>
        <sponsorshipWithdrawnDate />
        <bioguideId>P000598</bioguideId>
        <firstName>Jared</firstName>
        <isOriginalCosponsor>False</isOriginalCosponsor>
      </item>
      <item>
        <state>CA</state>
        <identifiers>
          <bioguideId>S001193</bioguideId>
          <gpoId />
          <lisID>2104</lisID>
        </identifiers>
        <district>15</district>
        <sponsorshipDate>2017-03-15</sponsorshipDate>
        <lastName>Swalwell</lastName>
        <fullName>Rep. Swalwell, Eric [D-CA-15]</fullName>
        <middleName />
        <party>D</party>
        <sponsorshipWithdrawnDate />
        <bioguideId>S001193</bioguideId>
        <firstName>Eric</firstName>
        <isOriginalCosponsor>False</isOriginalCosponsor>
      </item>
      <item>
        <state>CA</state>
        <identifiers>
          <lisID>2101</lisID>
          <gpoId />
          <bioguideId>H001068</bioguideId>
        </identifiers>
        <district>2</district>
        <sponsorshipDate>2017-03-15</sponsorshipDate>
        <lastName>Huffman</lastName>
        <fullName>Rep. Huffman, Jared [D-CA-2]</fullName>
        <middleName />
        <party>D</party>
        <sponsorshipWithdrawnDate />
        <bioguideId>H001068</bioguideId>
        <firstName>Jared</firstName>
        <isOriginalCosponsor>False</isOriginalCosponsor>
      </item>
      <item>
        <state>DC</state>
        <identifiers>
          <bioguideId>N000147</bioguideId>
          <lisID>868</lisID>
          <gpoId>7871</gpoId>
        </identifiers>
        <district>0</district>
        <sponsorshipDate>2017-03-15</sponsorshipDate>
        <lastName>NORTON</lastName>
        <fullName>Rep. Norton, Eleanor Holmes [D-DC-At Large]</fullName>
        <middleName>HOLMES</middleName>
        <party>D</party>
        <sponsorshipWithdrawnDate />
        <bioguideId>N000147</bioguideId>
        <firstName>ELEANOR</firstName>
        <isOriginalCosponsor>False</isOriginalCosponsor>
      </item>
      <item>
        <state>FL</state>
        <identifiers>
          <gpoId>7889</gpoId>
          <bioguideId>W000808</bioguideId>
          <lisID>2004</lisID>
        </identifiers>
        <district>24</district>
        <sponsorshipDate>2017-03-15</sponsorshipDate>
        <lastName>Wilson</lastName>
        <fullName>Rep. Wilson, Frederica S. [D-FL-24]</fullName>
        <middleName>S.</middleName>
        <party>D</party>
        <sponsorshipWithdrawnDate />
        <bioguideId>W000808</bioguideId>
        <firstName>Frederica</firstName>
        <isOriginalCosponsor>False</isOriginalCosponsor>
      </item>
      <item>
        <state>MN</state>
        <identifiers>
          <bioguideId>W000799</bioguideId>
          <lisID>1856</lisID>
          <gpoId>8001</gpoId>
        </identifiers>
        <district>1</district>
        <sponsorshipDate>2017-03-15</sponsorshipDate>
        <lastName>Walz</lastName>
        <fullName>Rep. Walz, Timothy J. [D-MN-1]</fullName>
        <middleName>J.</middleName>
        <party>D</party>
        <sponsorshipWithdrawnDate />
        <bioguideId>W000799</bioguideId>
        <firstName>Timothy</firstName>
        <isOriginalCosponsor>False</isOriginalCosponsor>
      </item>
      <item>
        <state>CA</state>
        <identifiers>
          <lisID>2106</lisID>
          <gpoId />
          <bioguideId>B001285</bioguideId>
        </identifiers>
        <district>26</district>
        <sponsorshipDate>2017-09-11</sponsorshipDate>
        <lastName>Brownley</lastName>
        <fullName>Rep. Brownley, Julia [D-CA-26]</fullName>
        <middleName />
        <party>D</party>
        <sponsorshipWithdrawnDate />
        <bioguideId>B001285</bioguideId>
        <firstName>Julia</firstName>
        <isOriginalCosponsor>False</isOriginalCosponsor>
      </item>
    </cosponsors>
    <billType>HR</billType>
    <recordedVotes />
    <laws />
    <committeeReports />
    <actions>
      <actionTypeCounts>
        <placeholderTextForH>1</placeholderTextForH>
        <introducedInTheHouse>1</introducedInTheHouse>
        <billReferralsAggregate>1</billReferralsAggregate>
        <billReferrals>2</billReferrals>
        <introducedInHouse>1</introducedInHouse>
      </actionTypeCounts>
      <item>
        <actionDate>2017-04-25</actionDate>
        <committee>
          <systemCode>hssy15</systemCode>
          <name>Research and Technology Subcommittee</name>
        </committee>
        <links />
        <sourceSystem>
          <name>House committee actions</name>
          <code>1</code>
        </sourceSystem>
        <text>Referred to the Subcommittee on Research and Technology.</text>
        <type>Committee</type>
      </item>
      <item>
        <text>Referred to House Science, Space, and Technology</text>
        <links />
        <actionDate>2017-02-01</actionDate>
        <committee>
          <systemCode>hssy00</systemCode>
          <name>Science, Space, and Technology Committee</name>
        </committee>
        <sourceSystem>
          <name>House floor actions</name>
          <code>2</code>
        </sourceSystem>
        <type>IntroReferral</type>
        <actionCode>H11100</actionCode>
      </item>
      <item>
        <text>Referred to House Administration</text>
        <links />
        <actionDate>2017-02-01</actionDate>
        <committee>
          <systemCode>hsha00</systemCode>
          <name>House Administration Committee</name>
        </committee>
        <sourceSystem>
          <name>House floor actions</name>
          <code>2</code>
        </sourceSystem>
        <type>IntroReferral</type>
        <actionCode>H11100</actionCode>
      </item>
      <item>
        <text>Referred to the Committee on House Administration, and in addition to the Committee on Science, Space, and Technology, for a period to be subsequently determined by the Speaker, in each case for consideration of such provisions as fall within the jurisdiction of the committee concerned.</text>
        <links />
        <actionDate>2017-02-01</actionDate>
        <committee />
        <sourceSystem>
          <name>Library of Congress</name>
          <code>9</code>
        </sourceSystem>
        <type>IntroReferral</type>
        <actionCode>H11100-A</actionCode>
      </item>
      <item>
        <text>Introduced in House</text>
        <links />
        <actionDate>2017-02-01</actionDate>
        <committee />
        <sourceSystem>
          <name>Library of Congress</name>
          <code>9</code>
        </sourceSystem>
        <type>IntroReferral</type>
        <actionCode>Intro-H</actionCode>
      </item>
      <item>
        <text>Introduced in House</text>
        <links />
        <actionDate>2017-02-01</actionDate>
        <committee />
        <sourceSystem>
          <name>Library of Congress</name>
          <code>9</code>
        </sourceSystem>
        <type>IntroReferral</type>
        <actionCode>1000</actionCode>
      </item>
      <actionByCounts>
        <houseOfRepresentatives>6</houseOfRepresentatives>
      </actionByCounts>
    </actions>
    <createDate>2017-02-02T05:28:45Z</createDate>
    <version>1.0.0</version>
    <notes />
    <latestAction>
      <actionDate>2017-04-25</actionDate>
      <text>Referred to the Subcommittee on Research and Technology.</text>
      <links />
    </latestAction>
    <title>EAC Reauthorization Act of 2017</title>
    <summaries>
      <billSummaries>
        <item>
          <versionCode>00</versionCode>
          <updateDate>2017-02-01T05:00:00Z</updateDate>
          <actionDate>2017-02-01</actionDate>
          <text><![CDATA[<p><b>EAC Reauthorization Act of 2017</b></p> <p>This bill amends the Help America Vote Act of 2002 to: (1) reauthorize the Election Assistance Commission through FY2022, (2) authorize funding to states for FY2018 for security upgrades to voter registration lists and processes and waive the 5% match requirement for these funds, (3) require each state to furnish to the commission such information as the commission may request for the purposes of conducting any post-election surveys of the states with respect to the administration of a regularly scheduled general election, and (4) require the National Institute of Standards and Technology to report on its use of funds transferred from the commission.</p> <p>The commission shall carry out an assessment: (1) of whether the voting systems available for use in the elections for federal office to be held in 2018 are adequate to meet the demands of such elections, and (2) of the security and effectiveness of the commission's information technology systems.</p> <p>The commission shall carry out a review of the effectiveness and efficiency of the state-based administrative complaint procedures established and maintained under such Act for the investigation and resolution of allegations of violations.</p>]]></text>
          <actionDesc>Introduced in House</actionDesc>
          <lastSummaryUpdateDate>2017-10-05T19:58:18Z</lastSummaryUpdateDate>
          <name>Introduced in House</name>
        </item>
      </billSummaries>
    </summaries>
    <congress>115</congress>
    <policyArea>
      <name>Government Operations and Politics</name>
    </policyArea>
    <billNumber>794</billNumber>
    <calendarNumbers />
    <cboCostEstimates />
    <introducedDate>2017-02-01</introducedDate>
    <relatedBills />
    <committees>
      <billCommittees>
        <item>
          <chamber>House</chamber>
          <name>Science, Space, and Technology Committee</name>
          <systemCode>hssy00</systemCode>
          <activities>
            <item>
              <date>2017-02-01T15:04:20Z</date>
              <name>Referred to</name>
            </item>
          </activities>
          <type>Standing</type>
          <subcommittees>
            <item>
              <systemCode>hssy15</systemCode>
              <activities>
                <item>
                  <date>2017-04-25T14:34:59Z</date>
                  <name>Referred to</name>
                </item>
              </activities>
              <name>Research and Technology Subcommittee</name>
            </item>
          </subcommittees>
        </item>
        <item>
          <chamber>House</chamber>
          <name>House Administration Committee</name>
          <systemCode>hsha00</systemCode>
          <activities>
            <item>
              <date>2017-02-01T15:04:15Z</date>
              <name>Referred to</name>
            </item>
          </activities>
          <type>Standing</type>
          <subcommittees />
        </item>
      </billCommittees>
    </committees>
    <titles>
      <item>
        <chamberName />
        <parentTitleType />
        <chamberCode />
        <titleType>(Extracted from GPO) Short Titles as Introduced</titleType>
        <title>EAC Reauthorization Act of 2017</title>
      </item>
      <item>
        <chamberName />
        <parentTitleType />
        <chamberCode />
        <titleType>Short Titles as Introduced</titleType>
        <title>EAC Reauthorization Act of 2017</title>
      </item>
      <item>
        <chamberName />
        <parentTitleType />
        <chamberCode />
        <titleType>Official Title as Introduced</titleType>
        <title>To amend the Help America Vote Act of 2002 to reauthorize and improve the operation of the Election Assistance Commission, to provide funds to States to make security upgrades to voter registration lists and processes, and for other purposes.</title>
      </item>
      <item>
        <chamberName />
        <parentTitleType />
        <chamberCode />
        <titleType>Display Title</titleType>
        <title>EAC Reauthorization Act of 2017</title>
      </item>
    </titles>
    <sponsors>
      <item>
        <fullName>Rep. Brady, Robert A. [D-PA-1]</fullName>
        <middleName>A.</middleName>
        <district>1</district>
        <byRequestType />
        <firstName>ROBERT</firstName>
        <bioguideId>B001227</bioguideId>
        <state>PA</state>
        <party>D</party>
        <lastName>BRADY</lastName>
        <identifiers>
          <bioguideId>B001227</bioguideId>
          <lisID>1469</lisID>
          <gpoId>8119</gpoId>
        </identifiers>
      </item>
    </sponsors>
    <updateDate>2018-02-06T16:41:11Z</updateDate>
    <amendments />
  </bill>
  <dublinCore xmlns:dc="http://purl.org/dc/elements/1.1/">
    <dc:format>text/xml</dc:format>
    <dc:language>EN</dc:language>
    <dc:rights>Pursuant to Title 17 Section 105 of the United States Code, this file is not subject to copyright protection and is in the public domain.</dc:rights>
    <dc:contributor>Congressional Research Service, Library of Congress</dc:contributor>
    <dc:description>This file contains bill summaries and statuses for federal legislation. A bill summary describes the most significant provisions of a piece of legislation and details the effects the legislative text may have on current law and federal programs. Bill summaries are authored by the Congressional Research Service (CRS) of the Library of Congress. As stated in Public Law 91-510 (2 USC 166 (d)(6)), one of the duties of CRS is "to prepare summaries and digests of bills and resolutions of a public general nature introduced in the Senate or House of Representatives". For more information, refer to the User Guide that accompanies this file.</dc:description>
  </dublinCore>
</billStatus>

