<?xml version="1.0" encoding="UTF-8"?>
<billStatus>
  <bill>
    <titles>
      <item>
        <title>VET Act</title>
        <titleType>(Extracted from GPO) Short Titles as Introduced</titleType>
        <parentTitleType />
        <chamberCode />
        <chamberName />
      </item>
      <item>
        <title>Veterans Emergency Treatment Act</title>
        <titleType>(Extracted from GPO) Short Titles as Introduced</titleType>
        <parentTitleType />
        <chamberCode />
        <chamberName />
      </item>
      <item>
        <title>VET Act</title>
        <titleType>Short Titles as Introduced</titleType>
        <parentTitleType />
        <chamberCode />
        <chamberName />
      </item>
      <item>
        <title>Veterans Emergency Treatment Act</title>
        <titleType>Short Titles as Introduced</titleType>
        <parentTitleType />
        <chamberCode />
        <chamberName />
      </item>
      <item>
        <title>To amend title 38, United States Code, to clarify the emergency hospital care furnished by the Secretary of Veterans Affairs to certain veterans.</title>
        <titleType>Official Title as Introduced</titleType>
        <parentTitleType />
        <chamberCode />
        <chamberName />
      </item>
      <item>
        <title>VET Act</title>
        <titleType>Display Title</titleType>
        <parentTitleType />
        <chamberCode />
        <chamberName />
      </item>
    </titles>
    <committeeReports />
    <sponsors>
      <item>
        <firstName>Dan</firstName>
        <middleName />
        <identifiers>
          <gpoId />
          <lisID>2275</lisID>
          <bioguideId>N000189</bioguideId>
        </identifiers>
        <party>R</party>
        <bioguideId>N000189</bioguideId>
        <lastName>Newhouse</lastName>
        <fullName>Rep. Newhouse, Dan [R-WA-4]</fullName>
        <byRequestType />
        <district>4</district>
        <state>WA</state>
      </item>
    </sponsors>
    <title>VET Act</title>
    <actions>
      <item>
        <actionDate>2017-02-03</actionDate>
        <committee>
          <systemCode>hsvr03</systemCode>
          <name>Health Subcommittee</name>
        </committee>
        <links />
        <sourceSystem>
          <name>House committee actions</name>
          <code>1</code>
        </sourceSystem>
        <text>Referred to the Subcommittee on Health.</text>
        <type>Committee</type>
      </item>
      <item>
        <links />
        <actionDate>2017-01-12</actionDate>
        <type>IntroReferral</type>
        <text>Referred to the House Committee on Veterans' Affairs.</text>
        <actionCode>H11100</actionCode>
        <sourceSystem>
          <name>House floor actions</name>
          <code>2</code>
        </sourceSystem>
        <committee>
          <systemCode>hsvr00</systemCode>
          <name>Veterans' Affairs Committee</name>
        </committee>
      </item>
      <item>
        <links>
          <link>
            <url>https://www.congress.gov/congressional-record/volume-163/extensions-of-remarks-section/page/E58</url>
            <name>E58</name>
          </link>
        </links>
        <actionDate>2017-01-12</actionDate>
        <type>IntroReferral</type>
        <text>Sponsor introductory remarks on measure. (CR E58)</text>
        <actionCode>B00100</actionCode>
        <sourceSystem>
          <name>Library of Congress</name>
          <code>9</code>
        </sourceSystem>
        <committee />
      </item>
      <item>
        <links />
        <actionDate>2017-01-12</actionDate>
        <type>IntroReferral</type>
        <text>Introduced in House</text>
        <actionCode>Intro-H</actionCode>
        <sourceSystem>
          <name>Library of Congress</name>
          <code>9</code>
        </sourceSystem>
        <committee />
      </item>
      <item>
        <links />
        <actionDate>2017-01-12</actionDate>
        <type>IntroReferral</type>
        <text>Introduced in House</text>
        <actionCode>1000</actionCode>
        <sourceSystem>
          <name>Library of Congress</name>
          <code>9</code>
        </sourceSystem>
        <committee />
      </item>
      <actionByCounts>
        <houseOfRepresentatives>4</houseOfRepresentatives>
      </actionByCounts>
      <actionTypeCounts>
        <billReferrals>1</billReferrals>
        <placeholderTextForB>1</placeholderTextForB>
        <placeholderTextForH>1</placeholderTextForH>
        <introducedInTheHouse>1</introducedInTheHouse>
        <introducedInHouse>1</introducedInHouse>
      </actionTypeCounts>
    </actions>
    <summaries>
      <billSummaries>
        <item>
          <text><![CDATA[<p><strong>Veterans Emergency Treatment Act or the VET Act</strong></p> <p>This bill requires that a veteran enrolled in the Department of Veterans Affairs (VA) health care program who requests a medical examination or treatment at an emergency department of a VA medical facility be provided with a medical screening examination to determine whether an emergency medical condition exists and, if so, stabilizing medical treatment or a transfer to another VA or non-VA medical facility.</p> <p>If a non-stabilized emergency medical condition exists, the VA hospital may not transfer the veteran unless: (1) the veteran, after being made aware of the risks, makes a written transfer request; or (2) a physician (or a qualified medical person if a physician is not present) certifies that the medical benefits of a transfer outweigh the risks.</p> <p>The VA may not take adverse action against a VA employee because the employee refuses to authorize the transfer of an enrolled veteran with a non-stabilized emergency medical condition or because the employee reports a violation of a requirement of this bill. </p> <p>A VA or non-VA medical facility may not delay provision of an appropriate medical screening examination or further medical examination and treatment required in order to inquire about the payment method or insurance status of an enrolled veteran.</p>]]></text>
          <name>Introduced in House</name>
          <lastSummaryUpdateDate>2017-02-07T16:32:20Z</lastSummaryUpdateDate>
          <versionCode>00</versionCode>
          <actionDesc>Introduced in House</actionDesc>
          <updateDate>2017-01-12T05:00:00Z</updateDate>
          <actionDate>2017-01-12</actionDate>
        </item>
      </billSummaries>
    </summaries>
    <constitutionalAuthorityStatementText><![CDATA[<pre>From the Congressional Record Online through the Government Publishing Office [<a href='http://www.gpo.gov'>www.gpo.gov</a>]By Mr. NEWHOUSE:H.R. 476.Congress has the power to enact this legislation pursuantto the following:Article I, Section 8, Clause 18 of the United StatesConstitution[Page H472]</pre>]]></constitutionalAuthorityStatementText>
    <billNumber>476</billNumber>
    <calendarNumbers />
    <originChamber>House</originChamber>
    <version>1.0.0</version>
    <subjects>
      <billSubjects>
        <legislativeSubjects>
          <item>
            <name>Department of Veterans Affairs</name>
          </item>
          <item>
            <name>Emergency medical services and trauma care</name>
          </item>
          <item>
            <name>Employee performance</name>
          </item>
          <item>
            <name>Government employee pay, benefits, personnel management</name>
          </item>
          <item>
            <name>Hospital care</name>
          </item>
          <item>
            <name>Medical tests and diagnostic methods</name>
          </item>
          <item>
            <name>Veterans' medical care</name>
          </item>
          <item>
            <name>Women's health</name>
          </item>
        </legislativeSubjects>
        <policyArea>
          <name>Armed Forces and National Security</name>
        </policyArea>
      </billSubjects>
    </subjects>
    <cosponsors>
      <item>
        <sponsorshipWithdrawnDate />
        <state>TX</state>
        <bioguideId>G000552</bioguideId>
        <fullName>Rep. Gohmert, Louie [R-TX-1]</fullName>
        <district>1</district>
        <firstName>Louie</firstName>
        <middleName />
        <isOriginalCosponsor>True</isOriginalCosponsor>
        <sponsorshipDate>2017-01-12</sponsorshipDate>
        <identifiers>
          <lisID>1801</lisID>
          <bioguideId>G000552</bioguideId>
          <gpoId>8157</gpoId>
        </identifiers>
        <lastName>Gohmert</lastName>
        <party>R</party>
      </item>
      <item>
        <sponsorshipWithdrawnDate />
        <state>TX</state>
        <bioguideId>H001036</bioguideId>
        <fullName>Rep. Hensarling, Jeb [R-TX-5]</fullName>
        <district>5</district>
        <firstName>Jeb</firstName>
        <middleName />
        <isOriginalCosponsor>True</isOriginalCosponsor>
        <sponsorshipDate>2017-01-12</sponsorshipDate>
        <identifiers>
          <bioguideId>H001036</bioguideId>
          <gpoId>8161</gpoId>
          <lisID>1749</lisID>
        </identifiers>
        <lastName>Hensarling</lastName>
        <party>R</party>
      </item>
      <item>
        <sponsorshipWithdrawnDate />
        <state>NC</state>
        <bioguideId>J000255</bioguideId>
        <fullName>Rep. Jones, Walter B., Jr. [R-NC-3]</fullName>
        <district>3</district>
        <firstName>WALTER</firstName>
        <middleName>B.</middleName>
        <isOriginalCosponsor>True</isOriginalCosponsor>
        <sponsorshipDate>2017-01-12</sponsorshipDate>
        <identifiers>
          <lisID>612</lisID>
          <bioguideId>J000255</bioguideId>
          <gpoId>8026</gpoId>
        </identifiers>
        <lastName>JONES</lastName>
        <party>R</party>
      </item>
      <item>
        <sponsorshipWithdrawnDate />
        <state>KS</state>
        <bioguideId>M001198</bioguideId>
        <fullName>Rep. Marshall, Roger W. [R-KS-1]</fullName>
        <district>1</district>
        <firstName>Roger</firstName>
        <middleName>W.</middleName>
        <isOriginalCosponsor>True</isOriginalCosponsor>
        <sponsorshipDate>2017-01-12</sponsorshipDate>
        <identifiers>
          <bioguideId>M001198</bioguideId>
          <lisID>2328</lisID>
          <gpoId />
        </identifiers>
        <lastName>Marshall</lastName>
        <party>R</party>
      </item>
      <item>
        <sponsorshipWithdrawnDate />
        <state>TX</state>
        <bioguideId>O000168</bioguideId>
        <fullName>Rep. Olson, Pete [R-TX-22]</fullName>
        <district>22</district>
        <firstName>Pete</firstName>
        <middleName />
        <isOriginalCosponsor>True</isOriginalCosponsor>
        <sponsorshipDate>2017-01-12</sponsorshipDate>
        <identifiers>
          <lisID>1955</lisID>
          <bioguideId>O000168</bioguideId>
          <gpoId>8178</gpoId>
        </identifiers>
        <lastName>Olson</lastName>
        <party>R</party>
      </item>
      <item>
        <sponsorshipWithdrawnDate />
        <state>AS</state>
        <bioguideId>R000600</bioguideId>
        <fullName>Rep. Radewagen, Aumua Amata Coleman [R-AS-At Large]</fullName>
        <district>0</district>
        <firstName>Aumua Amata</firstName>
        <middleName>Coleman</middleName>
        <isOriginalCosponsor>True</isOriginalCosponsor>
        <sponsorshipDate>2017-01-12</sponsorshipDate>
        <identifiers>
          <bioguideId>R000600</bioguideId>
          <lisID>2222</lisID>
          <gpoId />
        </identifiers>
        <lastName>Radewagen</lastName>
        <party>R</party>
      </item>
      <item>
        <sponsorshipWithdrawnDate />
        <state>IA</state>
        <bioguideId>Y000066</bioguideId>
        <fullName>Rep. Young, David [R-IA-3]</fullName>
        <district>3</district>
        <firstName>David</firstName>
        <middleName />
        <isOriginalCosponsor>True</isOriginalCosponsor>
        <sponsorshipDate>2017-01-12</sponsorshipDate>
        <identifiers>
          <bioguideId>Y000066</bioguideId>
          <lisID>2242</lisID>
          <gpoId />
        </identifiers>
        <lastName>Young</lastName>
        <party>R</party>
      </item>
      <item>
        <sponsorshipWithdrawnDate />
        <state>IN</state>
        <bioguideId>B001299</bioguideId>
        <fullName>Rep. Banks, Jim [R-IN-3]</fullName>
        <district>3</district>
        <firstName>Jim</firstName>
        <middleName />
        <isOriginalCosponsor>False</isOriginalCosponsor>
        <sponsorshipDate>2017-01-24</sponsorshipDate>
        <identifiers>
          <gpoId />
          <bioguideId>B001299</bioguideId>
          <lisID>2326</lisID>
        </identifiers>
        <lastName>Banks</lastName>
        <party>R</party>
      </item>
      <item>
        <sponsorshipWithdrawnDate />
        <state>AL</state>
        <bioguideId>B001289</bioguideId>
        <fullName>Rep. Byrne, Bradley [R-AL-1]</fullName>
        <district>1</district>
        <firstName>Bradley</firstName>
        <middleName />
        <isOriginalCosponsor>False</isOriginalCosponsor>
        <sponsorshipDate>2017-01-24</sponsorshipDate>
        <identifiers>
          <bioguideId>B001289</bioguideId>
          <lisID>2197</lisID>
          <gpoId />
        </identifiers>
        <lastName>Byrne</lastName>
        <party>R</party>
      </item>
      <item>
        <sponsorshipWithdrawnDate />
        <state>VA</state>
        <bioguideId>G000289</bioguideId>
        <fullName>Rep. Goodlatte, Bob [R-VA-6]</fullName>
        <district>6</district>
        <firstName>ROBERT</firstName>
        <middleName>W.</middleName>
        <isOriginalCosponsor>False</isOriginalCosponsor>
        <sponsorshipDate>2017-01-24</sponsorshipDate>
        <identifiers>
          <gpoId>8197</gpoId>
          <lisID>446</lisID>
          <bioguideId>G000289</bioguideId>
        </identifiers>
        <lastName>GOODLATTE</lastName>
        <party>R</party>
      </item>
      <item>
        <sponsorshipWithdrawnDate />
        <state>NC</state>
        <bioguideId>R000603</bioguideId>
        <fullName>Rep. Rouzer, David [R-NC-7]</fullName>
        <district>7</district>
        <firstName>David</firstName>
        <middleName />
        <isOriginalCosponsor>False</isOriginalCosponsor>
        <sponsorshipDate>2017-01-24</sponsorshipDate>
        <identifiers>
          <lisID>2256</lisID>
          <bioguideId>R000603</bioguideId>
          <gpoId />
        </identifiers>
        <lastName>Rouzer</lastName>
        <party>R</party>
      </item>
      <item>
        <sponsorshipWithdrawnDate />
        <state>NM</state>
        <bioguideId>L000580</bioguideId>
        <fullName>Rep. Lujan Grisham, Michelle [D-NM-1]</fullName>
        <district>1</district>
        <firstName>Michelle</firstName>
        <middleName />
        <isOriginalCosponsor>False</isOriginalCosponsor>
        <sponsorshipDate>2017-02-06</sponsorshipDate>
        <identifiers>
          <lisID>2146</lisID>
          <bioguideId>L000580</bioguideId>
          <gpoId />
        </identifiers>
        <lastName>Lujan Grisham</lastName>
        <party>D</party>
      </item>
      <item>
        <sponsorshipWithdrawnDate />
        <state>WI</state>
        <bioguideId>S000244</bioguideId>
        <fullName>Rep. Sensenbrenner, F. James, Jr. [R-WI-5]</fullName>
        <district>5</district>
        <firstName>F.</firstName>
        <middleName>JAMES</middleName>
        <isOriginalCosponsor>False</isOriginalCosponsor>
        <sponsorshipDate>2017-02-06</sponsorshipDate>
        <identifiers>
          <bioguideId>S000244</bioguideId>
          <lisID>1041</lisID>
          <gpoId>8218</gpoId>
        </identifiers>
        <lastName>SENSENBRENNER</lastName>
        <party>R</party>
      </item>
      <item>
        <sponsorshipWithdrawnDate />
        <state>CA</state>
        <bioguideId>A000371</bioguideId>
        <fullName>Rep. Aguilar, Pete [D-CA-31]</fullName>
        <district>31</district>
        <firstName>Pete</firstName>
        <middleName />
        <isOriginalCosponsor>False</isOriginalCosponsor>
        <sponsorshipDate>2017-02-15</sponsorshipDate>
        <identifiers>
          <gpoId />
          <bioguideId>A000371</bioguideId>
          <lisID>2229</lisID>
        </identifiers>
        <lastName>Aguilar</lastName>
        <party>D</party>
      </item>
      <item>
        <sponsorshipWithdrawnDate />
        <state>WA</state>
        <bioguideId>K000381</bioguideId>
        <fullName>Rep. Kilmer, Derek [D-WA-6]</fullName>
        <district>6</district>
        <firstName>Derek</firstName>
        <middleName />
        <isOriginalCosponsor>False</isOriginalCosponsor>
        <sponsorshipDate>2017-02-15</sponsorshipDate>
        <identifiers>
          <lisID>2169</lisID>
          <gpoId />
          <bioguideId>K000381</bioguideId>
        </identifiers>
        <lastName>Kilmer</lastName>
        <party>D</party>
      </item>
      <item>
        <sponsorshipWithdrawnDate />
        <state>MA</state>
        <bioguideId>M001196</bioguideId>
        <fullName>Rep. Moulton, Seth [D-MA-6]</fullName>
        <district>6</district>
        <firstName>Seth</firstName>
        <middleName />
        <isOriginalCosponsor>False</isOriginalCosponsor>
        <sponsorshipDate>2017-02-15</sponsorshipDate>
        <identifiers>
          <lisID>2246</lisID>
          <bioguideId>M001196</bioguideId>
          <gpoId />
        </identifiers>
        <lastName>Moulton</lastName>
        <party>D</party>
      </item>
      <item>
        <sponsorshipWithdrawnDate />
        <state>NY</state>
        <bioguideId>R000602</bioguideId>
        <fullName>Rep. Rice, Kathleen M. [D-NY-4]</fullName>
        <district>4</district>
        <firstName>Kathleen</firstName>
        <middleName>M.</middleName>
        <isOriginalCosponsor>False</isOriginalCosponsor>
        <sponsorshipDate>2017-02-15</sponsorshipDate>
        <identifiers>
          <lisID>2262</lisID>
          <bioguideId>R000602</bioguideId>
          <gpoId />
        </identifiers>
        <lastName>Rice</lastName>
        <party>D</party>
      </item>
      <item>
        <sponsorshipWithdrawnDate />
        <state>OK</state>
        <bioguideId>C001053</bioguideId>
        <fullName>Rep. Cole, Tom [R-OK-4]</fullName>
        <district>4</district>
        <firstName>Tom</firstName>
        <middleName />
        <isOriginalCosponsor>False</isOriginalCosponsor>
        <sponsorshipDate>2017-03-10</sponsorshipDate>
        <identifiers>
          <lisID>1742</lisID>
          <bioguideId>C001053</bioguideId>
          <gpoId>8112</gpoId>
        </identifiers>
        <lastName>Cole</lastName>
        <party>R</party>
      </item>
      <item>
        <sponsorshipWithdrawnDate />
        <state>FL</state>
        <bioguideId>M001202</bioguideId>
        <fullName>Rep. Murphy, Stephanie N. [D-FL-7]</fullName>
        <district>7</district>
        <firstName>Stephanie</firstName>
        <middleName>N.</middleName>
        <isOriginalCosponsor>False</isOriginalCosponsor>
        <sponsorshipDate>2017-03-10</sponsorshipDate>
        <identifiers>
          <lisID>2318</lisID>
          <bioguideId>M001202</bioguideId>
          <gpoId />
        </identifiers>
        <lastName>Murphy</lastName>
        <party>D</party>
      </item>
    </cosponsors>
    <latestAction>
      <text>Referred to the Subcommittee on Health.</text>
      <links />
      <actionDate>2017-02-03</actionDate>
    </latestAction>
    <laws />
    <notes />
    <createDate>2017-01-13T04:55:31Z</createDate>
    <billType>HR</billType>
    <updateDate>2018-02-06T16:40:50Z</updateDate>
    <relatedBills />
    <cboCostEstimates />
    <introducedDate>2017-01-12</introducedDate>
    <amendments />
    <policyArea>
      <name>Armed Forces and National Security</name>
    </policyArea>
    <recordedVotes />
    <congress>115</congress>
    <committees>
      <billCommittees>
        <item>
          <name>Veterans' Affairs Committee</name>
          <chamber>House</chamber>
          <type>Standing</type>
          <subcommittees>
            <item>
              <name>Health Subcommittee</name>
              <systemCode>hsvr03</systemCode>
              <activities>
                <item>
                  <name>Referred to</name>
                  <date>2017-02-03T19:16:09Z</date>
                </item>
              </activities>
            </item>
          </subcommittees>
          <systemCode>hsvr00</systemCode>
          <activities>
            <item>
              <name>Referred to</name>
              <date>2017-01-12T15:04:15Z</date>
            </item>
          </activities>
        </item>
      </billCommittees>
    </committees>
  </bill>
  <dublinCore xmlns:dc="http://purl.org/dc/elements/1.1/">
    <dc:format>text/xml</dc:format>
    <dc:language>EN</dc:language>
    <dc:rights>Pursuant to Title 17 Section 105 of the United States Code, this file is not subject to copyright protection and is in the public domain.</dc:rights>
    <dc:contributor>Congressional Research Service, Library of Congress</dc:contributor>
    <dc:description>This file contains bill summaries and statuses for federal legislation. A bill summary describes the most significant provisions of a piece of legislation and details the effects the legislative text may have on current law and federal programs. Bill summaries are authored by the Congressional Research Service (CRS) of the Library of Congress. As stated in Public Law 91-510 (2 USC 166 (d)(6)), one of the duties of CRS is "to prepare summaries and digests of bills and resolutions of a public general nature introduced in the Senate or House of Representatives". For more information, refer to the User Guide that accompanies this file.</dc:description>
  </dublinCore>
</billStatus>

