<?xml version="1.0" encoding="UTF-8"?>
<billStatus>
  <bill>
    <policyArea>
      <name>Crime and Law Enforcement</name>
    </policyArea>
    <committeeReports />
    <congress>115</congress>
    <sponsors>
      <item>
        <identifiers>
          <lisID>985</lisID>
          <gpoId>7890</gpoId>
          <bioguideId>R000435</bioguideId>
        </identifiers>
        <district>27</district>
        <middleName />
        <byRequestType />
        <fullName>Rep. Ros-Lehtinen, Ileana [R-FL-27]</fullName>
        <bioguideId>R000435</bioguideId>
        <state>FL</state>
        <party>R</party>
        <firstName>ILEANA</firstName>
        <lastName>ROS-LEHTINEN</lastName>
      </item>
    </sponsors>
    <calendarNumbers />
    <amendments />
    <relatedBills>
      <item>
        <number>1173</number>
        <type>S</type>
        <latestAction>
          <text>Read twice and referred to the Committee on the Judiciary.</text>
          <actionDate>2017-05-18</actionDate>
        </latestAction>
        <congress>115</congress>
        <latestTitle>Child Custody Protection Act of 2017</latestTitle>
        <relationshipDetails>
          <item>
            <identifiedBy>CRS</identifiedBy>
            <type>Related bill</type>
          </item>
        </relationshipDetails>
      </item>
      <item>
        <number>224</number>
        <type>S</type>
        <latestAction>
          <text>Read twice and referred to the Committee on the Judiciary.</text>
          <actionDate>2017-01-24</actionDate>
        </latestAction>
        <congress>115</congress>
        <latestTitle>Child Interstate Abortion Notification Act</latestTitle>
        <relationshipDetails>
          <item>
            <identifiedBy>CRS</identifiedBy>
            <type>Related bill</type>
          </item>
        </relationshipDetails>
      </item>
    </relatedBills>
    <notes />
    <originChamber>House</originChamber>
    <version>1.0.0</version>
    <billNumber>692</billNumber>
    <title>Child Interstate Abortion Notification Act</title>
    <cosponsors>
      <item>
        <lastName>JONES</lastName>
        <firstName>WALTER</firstName>
        <sponsorshipWithdrawnDate />
        <isOriginalCosponsor>True</isOriginalCosponsor>
        <district>3</district>
        <party>R</party>
        <fullName>Rep. Jones, Walter B., Jr. [R-NC-3]</fullName>
        <middleName>B.</middleName>
        <state>NC</state>
        <bioguideId>J000255</bioguideId>
        <sponsorshipDate>2017-01-24</sponsorshipDate>
        <identifiers>
          <lisID>612</lisID>
          <gpoId>8026</gpoId>
          <bioguideId>J000255</bioguideId>
        </identifiers>
      </item>
      <item>
        <lastName>Wagner</lastName>
        <firstName>Ann</firstName>
        <sponsorshipWithdrawnDate />
        <isOriginalCosponsor>True</isOriginalCosponsor>
        <district>2</district>
        <party>R</party>
        <fullName>Rep. Wagner, Ann [R-MO-2]</fullName>
        <middleName />
        <state>MO</state>
        <bioguideId>W000812</bioguideId>
        <sponsorshipDate>2017-01-24</sponsorshipDate>
        <identifiers>
          <lisID>2137</lisID>
          <bioguideId>W000812</bioguideId>
          <gpoId />
        </identifiers>
      </item>
      <item>
        <lastName>Hultgren</lastName>
        <firstName>Randy</firstName>
        <sponsorshipWithdrawnDate />
        <isOriginalCosponsor>True</isOriginalCosponsor>
        <district>14</district>
        <party>R</party>
        <fullName>Rep. Hultgren, Randy [R-IL-14]</fullName>
        <middleName />
        <state>IL</state>
        <bioguideId>H001059</bioguideId>
        <sponsorshipDate>2017-01-24</sponsorshipDate>
        <identifiers>
          <bioguideId>H001059</bioguideId>
          <gpoId>7934</gpoId>
          <lisID>2015</lisID>
        </identifiers>
      </item>
      <item>
        <lastName>Franks</lastName>
        <firstName>Trent</firstName>
        <sponsorshipWithdrawnDate />
        <isOriginalCosponsor>True</isOriginalCosponsor>
        <district>8</district>
        <party>R</party>
        <fullName>Rep. Franks, Trent [R-AZ-8]</fullName>
        <middleName />
        <state>AZ</state>
        <bioguideId>F000448</bioguideId>
        <sponsorshipDate>2017-01-24</sponsorshipDate>
        <identifiers>
          <bioguideId>F000448</bioguideId>
          <lisID>1707</lisID>
          <gpoId>7799</gpoId>
        </identifiers>
      </item>
      <item>
        <lastName>Diaz-Balart</lastName>
        <firstName>Mario</firstName>
        <sponsorshipWithdrawnDate />
        <isOriginalCosponsor>True</isOriginalCosponsor>
        <district>25</district>
        <party>R</party>
        <fullName>Rep. Diaz-Balart, Mario [R-FL-25]</fullName>
        <middleName />
        <state>FL</state>
        <bioguideId>D000600</bioguideId>
        <sponsorshipDate>2017-01-24</sponsorshipDate>
        <identifiers>
          <bioguideId>D000600</bioguideId>
          <lisID>1717</lisID>
          <gpoId>7893</gpoId>
        </identifiers>
      </item>
      <item>
        <lastName>Roe</lastName>
        <firstName>David</firstName>
        <sponsorshipWithdrawnDate />
        <isOriginalCosponsor>True</isOriginalCosponsor>
        <district>1</district>
        <party>R</party>
        <fullName>Rep. Roe, David P. [R-TN-1]</fullName>
        <middleName>P.</middleName>
        <state>TN</state>
        <bioguideId>R000582</bioguideId>
        <sponsorshipDate>2017-01-24</sponsorshipDate>
        <identifiers>
          <bioguideId>R000582</bioguideId>
          <gpoId>8148</gpoId>
          <lisID>1954</lisID>
        </identifiers>
      </item>
      <item>
        <lastName>Duncan</lastName>
        <firstName>Jeff</firstName>
        <sponsorshipWithdrawnDate />
        <isOriginalCosponsor>True</isOriginalCosponsor>
        <district>3</district>
        <party>R</party>
        <fullName>Rep. Duncan, Jeff [R-SC-3]</fullName>
        <middleName />
        <state>SC</state>
        <bioguideId>D000615</bioguideId>
        <sponsorshipDate>2017-01-24</sponsorshipDate>
        <identifiers>
          <lisID>2057</lisID>
          <gpoId>8143</gpoId>
          <bioguideId>D000615</bioguideId>
        </identifiers>
      </item>
      <item>
        <lastName>Walberg</lastName>
        <firstName>Tim</firstName>
        <sponsorshipWithdrawnDate />
        <isOriginalCosponsor>True</isOriginalCosponsor>
        <district>7</district>
        <party>R</party>
        <fullName>Rep. Walberg, Tim [R-MI-7]</fullName>
        <middleName />
        <state>MI</state>
        <bioguideId>W000798</bioguideId>
        <sponsorshipDate>2017-01-24</sponsorshipDate>
        <identifiers>
          <lisID>1855</lisID>
          <bioguideId>W000798</bioguideId>
          <gpoId>7992</gpoId>
        </identifiers>
      </item>
      <item>
        <lastName>Ratcliffe</lastName>
        <firstName>John</firstName>
        <sponsorshipWithdrawnDate />
        <isOriginalCosponsor>True</isOriginalCosponsor>
        <district>4</district>
        <party>R</party>
        <fullName>Rep. Ratcliffe, John [R-TX-4]</fullName>
        <middleName />
        <state>TX</state>
        <bioguideId>R000601</bioguideId>
        <sponsorshipDate>2017-01-24</sponsorshipDate>
        <identifiers>
          <bioguideId>R000601</bioguideId>
          <gpoId />
          <lisID>2268</lisID>
        </identifiers>
      </item>
      <item>
        <lastName>SHIMKUS</lastName>
        <firstName>JOHN</firstName>
        <sponsorshipWithdrawnDate />
        <isOriginalCosponsor>True</isOriginalCosponsor>
        <district>15</district>
        <party>R</party>
        <fullName>Rep. Shimkus, John [R-IL-15]</fullName>
        <middleName>M.</middleName>
        <state>IL</state>
        <bioguideId>S000364</bioguideId>
        <sponsorshipDate>2017-01-24</sponsorshipDate>
        <identifiers>
          <lisID>1527</lisID>
          <gpoId>7939</gpoId>
          <bioguideId>S000364</bioguideId>
        </identifiers>
      </item>
      <item>
        <lastName>Kelly</lastName>
        <firstName>Mike</firstName>
        <sponsorshipWithdrawnDate />
        <isOriginalCosponsor>True</isOriginalCosponsor>
        <district>3</district>
        <party>R</party>
        <fullName>Rep. Kelly, Mike [R-PA-3]</fullName>
        <middleName />
        <state>PA</state>
        <bioguideId>K000376</bioguideId>
        <sponsorshipDate>2017-01-24</sponsorshipDate>
        <identifiers>
          <gpoId>8708</gpoId>
          <lisID>2051</lisID>
          <bioguideId>K000376</bioguideId>
        </identifiers>
      </item>
      <item>
        <lastName>BRADY</lastName>
        <firstName>KEVIN</firstName>
        <sponsorshipWithdrawnDate />
        <isOriginalCosponsor>True</isOriginalCosponsor>
        <district>8</district>
        <party>R</party>
        <fullName>Rep. Brady, Kevin [R-TX-8]</fullName>
        <middleName />
        <state>TX</state>
        <bioguideId>B000755</bioguideId>
        <sponsorshipDate>2017-01-24</sponsorshipDate>
        <identifiers>
          <gpoId>8164</gpoId>
          <lisID>1468</lisID>
          <bioguideId>B000755</bioguideId>
        </identifiers>
      </item>
      <item>
        <lastName>Barletta</lastName>
        <firstName>Lou</firstName>
        <sponsorshipWithdrawnDate />
        <isOriginalCosponsor>True</isOriginalCosponsor>
        <district>11</district>
        <party>R</party>
        <fullName>Rep. Barletta, Lou [R-PA-11]</fullName>
        <middleName />
        <state>PA</state>
        <bioguideId>B001269</bioguideId>
        <sponsorshipDate>2017-01-24</sponsorshipDate>
        <identifiers>
          <gpoId>8129</gpoId>
          <lisID>2054</lisID>
          <bioguideId>B001269</bioguideId>
        </identifiers>
      </item>
      <item>
        <lastName>Kelly</lastName>
        <firstName>Trent</firstName>
        <sponsorshipWithdrawnDate />
        <isOriginalCosponsor>True</isOriginalCosponsor>
        <district>1</district>
        <party>R</party>
        <fullName>Rep. Kelly, Trent [R-MS-1]</fullName>
        <middleName />
        <state>MS</state>
        <bioguideId>K000388</bioguideId>
        <sponsorshipDate>2017-01-24</sponsorshipDate>
        <identifiers>
          <bioguideId>K000388</bioguideId>
          <lisID>2294</lisID>
          <gpoId />
        </identifiers>
      </item>
      <item>
        <lastName>Foxx</lastName>
        <firstName>Virginia</firstName>
        <sponsorshipWithdrawnDate />
        <isOriginalCosponsor>True</isOriginalCosponsor>
        <district>5</district>
        <party>R</party>
        <fullName>Rep. Foxx, Virginia [R-NC-5]</fullName>
        <middleName />
        <state>NC</state>
        <bioguideId>F000450</bioguideId>
        <sponsorshipDate>2017-01-24</sponsorshipDate>
        <identifiers>
          <lisID>1791</lisID>
          <bioguideId>F000450</bioguideId>
          <gpoId>8028</gpoId>
        </identifiers>
      </item>
      <item>
        <lastName>Lamborn</lastName>
        <firstName>Doug</firstName>
        <sponsorshipWithdrawnDate />
        <isOriginalCosponsor>True</isOriginalCosponsor>
        <district>5</district>
        <party>R</party>
        <fullName>Rep. Lamborn, Doug [R-CO-5]</fullName>
        <middleName />
        <state>CO</state>
        <bioguideId>L000564</bioguideId>
        <sponsorshipDate>2017-01-24</sponsorshipDate>
        <identifiers>
          <lisID>1834</lisID>
          <bioguideId>L000564</bioguideId>
          <gpoId>7863</gpoId>
        </identifiers>
      </item>
      <item>
        <lastName>Curbelo</lastName>
        <firstName>Carlos</firstName>
        <sponsorshipWithdrawnDate />
        <isOriginalCosponsor>True</isOriginalCosponsor>
        <district>26</district>
        <party>R</party>
        <fullName>Rep. Curbelo, Carlos [R-FL-26]</fullName>
        <middleName />
        <state>FL</state>
        <bioguideId>C001107</bioguideId>
        <sponsorshipDate>2017-01-24</sponsorshipDate>
        <identifiers>
          <lisID>2235</lisID>
          <gpoId />
          <bioguideId>C001107</bioguideId>
        </identifiers>
      </item>
      <item>
        <lastName>Jordan</lastName>
        <firstName>Jim</firstName>
        <sponsorshipWithdrawnDate />
        <isOriginalCosponsor>True</isOriginalCosponsor>
        <district>4</district>
        <party>R</party>
        <fullName>Rep. Jordan, Jim [R-OH-4]</fullName>
        <middleName />
        <state>OH</state>
        <bioguideId>J000289</bioguideId>
        <sponsorshipDate>2017-01-24</sponsorshipDate>
        <identifiers>
          <lisID>1868</lisID>
          <bioguideId>J000289</bioguideId>
          <gpoId>8094</gpoId>
        </identifiers>
      </item>
      <item>
        <lastName>Yoho</lastName>
        <firstName>Ted</firstName>
        <sponsorshipWithdrawnDate />
        <isOriginalCosponsor>True</isOriginalCosponsor>
        <district>3</district>
        <party>R</party>
        <fullName>Rep. Yoho, Ted S. [R-FL-3]</fullName>
        <middleName>S.</middleName>
        <state>FL</state>
        <bioguideId>Y000065</bioguideId>
        <sponsorshipDate>2017-01-24</sponsorshipDate>
        <identifiers>
          <bioguideId>Y000065</bioguideId>
          <gpoId />
          <lisID>2115</lisID>
        </identifiers>
      </item>
      <item>
        <lastName>Pearce</lastName>
        <firstName>Stevan</firstName>
        <sponsorshipWithdrawnDate />
        <isOriginalCosponsor>True</isOriginalCosponsor>
        <district>2</district>
        <party>R</party>
        <fullName>Rep. Pearce, Stevan [R-NM-2]</fullName>
        <middleName />
        <state>NM</state>
        <bioguideId>P000588</bioguideId>
        <sponsorshipDate>2017-01-24</sponsorshipDate>
        <identifiers>
          <gpoId>8057</gpoId>
          <lisID>1738</lisID>
          <bioguideId>P000588</bioguideId>
        </identifiers>
      </item>
      <item>
        <lastName>ADERHOLT</lastName>
        <firstName>ROBERT</firstName>
        <sponsorshipWithdrawnDate />
        <isOriginalCosponsor>True</isOriginalCosponsor>
        <district>4</district>
        <party>R</party>
        <fullName>Rep. Aderholt, Robert B. [R-AL-4]</fullName>
        <middleName>B.</middleName>
        <state>AL</state>
        <bioguideId>A000055</bioguideId>
        <sponsorshipDate>2017-01-24</sponsorshipDate>
        <identifiers>
          <lisID>1460</lisID>
          <gpoId>7789</gpoId>
          <bioguideId>A000055</bioguideId>
        </identifiers>
      </item>
      <item>
        <lastName>Hensarling</lastName>
        <firstName>Jeb</firstName>
        <sponsorshipWithdrawnDate />
        <isOriginalCosponsor>True</isOriginalCosponsor>
        <district>5</district>
        <party>R</party>
        <fullName>Rep. Hensarling, Jeb [R-TX-5]</fullName>
        <middleName />
        <state>TX</state>
        <bioguideId>H001036</bioguideId>
        <sponsorshipDate>2017-01-24</sponsorshipDate>
        <identifiers>
          <bioguideId>H001036</bioguideId>
          <gpoId>8161</gpoId>
          <lisID>1749</lisID>
        </identifiers>
      </item>
      <item>
        <lastName>Collins</lastName>
        <firstName>Doug</firstName>
        <sponsorshipWithdrawnDate />
        <isOriginalCosponsor>True</isOriginalCosponsor>
        <district>9</district>
        <party>R</party>
        <fullName>Rep. Collins, Doug [R-GA-9]</fullName>
        <middleName />
        <state>GA</state>
        <bioguideId>C001093</bioguideId>
        <sponsorshipDate>2017-01-24</sponsorshipDate>
        <identifiers>
          <lisID>2121</lisID>
          <bioguideId>C001093</bioguideId>
          <gpoId />
        </identifiers>
      </item>
      <item>
        <lastName>DUNCAN</lastName>
        <firstName>JOHN</firstName>
        <sponsorshipWithdrawnDate />
        <isOriginalCosponsor>True</isOriginalCosponsor>
        <district>2</district>
        <party>R</party>
        <fullName>Rep. Duncan, John J., Jr. [R-TN-2]</fullName>
        <middleName>J.</middleName>
        <state>TN</state>
        <bioguideId>D000533</bioguideId>
        <sponsorshipDate>2017-01-24</sponsorshipDate>
        <identifiers>
          <lisID>322</lisID>
          <bioguideId>D000533</bioguideId>
          <gpoId>8149</gpoId>
        </identifiers>
      </item>
      <item>
        <lastName>Johnson</lastName>
        <firstName>Bill</firstName>
        <sponsorshipWithdrawnDate />
        <isOriginalCosponsor>True</isOriginalCosponsor>
        <district>6</district>
        <party>R</party>
        <fullName>Rep. Johnson, Bill [R-OH-6]</fullName>
        <middleName />
        <state>OH</state>
        <bioguideId>J000292</bioguideId>
        <sponsorshipDate>2017-01-24</sponsorshipDate>
        <identifiers>
          <lisID>2046</lisID>
          <bioguideId>J000292</bioguideId>
          <gpoId>8096</gpoId>
        </identifiers>
      </item>
      <item>
        <lastName>Hudson</lastName>
        <firstName>Richard</firstName>
        <sponsorshipWithdrawnDate />
        <isOriginalCosponsor>True</isOriginalCosponsor>
        <district>8</district>
        <party>R</party>
        <fullName>Rep. Hudson, Richard [R-NC-8]</fullName>
        <middleName />
        <state>NC</state>
        <bioguideId>H001067</bioguideId>
        <sponsorshipDate>2017-01-24</sponsorshipDate>
        <identifiers>
          <gpoId />
          <lisID>2140</lisID>
          <bioguideId>H001067</bioguideId>
        </identifiers>
      </item>
      <item>
        <lastName>Mooney</lastName>
        <firstName>Alexander</firstName>
        <sponsorshipWithdrawnDate />
        <isOriginalCosponsor>True</isOriginalCosponsor>
        <district>2</district>
        <party>R</party>
        <fullName>Rep. Mooney, Alexander X. [R-WV-2]</fullName>
        <middleName>X.</middleName>
        <state>WV</state>
        <bioguideId>M001195</bioguideId>
        <sponsorshipDate>2017-01-24</sponsorshipDate>
        <identifiers>
          <gpoId />
          <lisID>2277</lisID>
          <bioguideId>M001195</bioguideId>
        </identifiers>
      </item>
      <item>
        <lastName>Latta</lastName>
        <firstName>Robert</firstName>
        <sponsorshipWithdrawnDate />
        <isOriginalCosponsor>True</isOriginalCosponsor>
        <district>5</district>
        <party>R</party>
        <fullName>Rep. Latta, Robert E. [R-OH-5]</fullName>
        <middleName>E.</middleName>
        <state>OH</state>
        <bioguideId>L000566</bioguideId>
        <sponsorshipDate>2017-01-24</sponsorshipDate>
        <identifiers>
          <lisID>1885</lisID>
          <gpoId>8095</gpoId>
          <bioguideId>L000566</bioguideId>
        </identifiers>
      </item>
      <item>
        <lastName>Rothfus</lastName>
        <firstName>Keith</firstName>
        <sponsorshipWithdrawnDate />
        <isOriginalCosponsor>True</isOriginalCosponsor>
        <district>12</district>
        <party>R</party>
        <fullName>Rep. Rothfus, Keith J. [R-PA-12]</fullName>
        <middleName>J.</middleName>
        <state>PA</state>
        <bioguideId>R000598</bioguideId>
        <sponsorshipDate>2017-01-24</sponsorshipDate>
        <identifiers>
          <lisID>2158</lisID>
          <bioguideId>R000598</bioguideId>
          <gpoId />
        </identifiers>
      </item>
      <item>
        <lastName>Huizenga</lastName>
        <firstName>Bill</firstName>
        <sponsorshipWithdrawnDate />
        <isOriginalCosponsor>True</isOriginalCosponsor>
        <district>2</district>
        <party>R</party>
        <fullName>Rep. Huizenga, Bill [R-MI-2]</fullName>
        <middleName />
        <state>MI</state>
        <bioguideId>H001058</bioguideId>
        <sponsorshipDate>2017-01-24</sponsorshipDate>
        <identifiers>
          <lisID>2028</lisID>
          <gpoId>7987</gpoId>
          <bioguideId>H001058</bioguideId>
        </identifiers>
      </item>
      <item>
        <lastName>Olson</lastName>
        <firstName>Pete</firstName>
        <sponsorshipWithdrawnDate />
        <isOriginalCosponsor>True</isOriginalCosponsor>
        <district>22</district>
        <party>R</party>
        <fullName>Rep. Olson, Pete [R-TX-22]</fullName>
        <middleName />
        <state>TX</state>
        <bioguideId>O000168</bioguideId>
        <sponsorshipDate>2017-01-24</sponsorshipDate>
        <identifiers>
          <lisID>1955</lisID>
          <bioguideId>O000168</bioguideId>
          <gpoId>8178</gpoId>
        </identifiers>
      </item>
      <item>
        <lastName>Blackburn</lastName>
        <firstName>Marsha</firstName>
        <sponsorshipWithdrawnDate />
        <isOriginalCosponsor>True</isOriginalCosponsor>
        <district>7</district>
        <party>R</party>
        <fullName>Rep. Blackburn, Marsha [R-TN-7]</fullName>
        <middleName />
        <state>TN</state>
        <bioguideId>B001243</bioguideId>
        <sponsorshipDate>2017-01-24</sponsorshipDate>
        <identifiers>
          <lisID>1748</lisID>
          <gpoId>8154</gpoId>
          <bioguideId>B001243</bioguideId>
        </identifiers>
      </item>
      <item>
        <lastName>Farenthold</lastName>
        <firstName>Blake</firstName>
        <sponsorshipWithdrawnDate />
        <isOriginalCosponsor>True</isOriginalCosponsor>
        <district>27</district>
        <party>R</party>
        <fullName>Rep. Farenthold, Blake [R-TX-27]</fullName>
        <middleName />
        <state>TX</state>
        <bioguideId>F000460</bioguideId>
        <sponsorshipDate>2017-01-24</sponsorshipDate>
        <identifiers>
          <lisID>2067</lisID>
          <bioguideId>F000460</bioguideId>
          <gpoId>8183</gpoId>
        </identifiers>
      </item>
      <item>
        <lastName>Grothman</lastName>
        <firstName>Glenn</firstName>
        <sponsorshipWithdrawnDate />
        <isOriginalCosponsor>True</isOriginalCosponsor>
        <district>6</district>
        <party>R</party>
        <fullName>Rep. Grothman, Glenn [R-WI-6]</fullName>
        <middleName />
        <state>WI</state>
        <bioguideId>G000576</bioguideId>
        <sponsorshipDate>2017-01-24</sponsorshipDate>
        <identifiers>
          <bioguideId>G000576</bioguideId>
          <gpoId />
          <lisID>2276</lisID>
        </identifiers>
      </item>
      <item>
        <lastName>Poe</lastName>
        <firstName>Ted</firstName>
        <sponsorshipWithdrawnDate />
        <isOriginalCosponsor>True</isOriginalCosponsor>
        <district>2</district>
        <party>R</party>
        <fullName>Rep. Poe, Ted [R-TX-2]</fullName>
        <middleName />
        <state>TX</state>
        <bioguideId>P000592</bioguideId>
        <sponsorshipDate>2017-01-24</sponsorshipDate>
        <identifiers>
          <lisID>1802</lisID>
          <bioguideId>P000592</bioguideId>
          <gpoId>8158</gpoId>
        </identifiers>
      </item>
      <item>
        <lastName>LaMalfa</lastName>
        <firstName>Doug</firstName>
        <sponsorshipWithdrawnDate />
        <isOriginalCosponsor>True</isOriginalCosponsor>
        <district>1</district>
        <party>R</party>
        <fullName>Rep. LaMalfa, Doug [R-CA-1]</fullName>
        <middleName />
        <state>CA</state>
        <bioguideId>L000578</bioguideId>
        <sponsorshipDate>2017-01-24</sponsorshipDate>
        <identifiers>
          <gpoId />
          <lisID>2100</lisID>
          <bioguideId>L000578</bioguideId>
        </identifiers>
      </item>
      <item>
        <lastName>Messer</lastName>
        <firstName>Luke</firstName>
        <sponsorshipWithdrawnDate />
        <isOriginalCosponsor>True</isOriginalCosponsor>
        <district>6</district>
        <party>R</party>
        <fullName>Rep. Messer, Luke [R-IN-6]</fullName>
        <middleName />
        <state>IN</state>
        <bioguideId>M001189</bioguideId>
        <sponsorshipDate>2017-01-24</sponsorshipDate>
        <identifiers>
          <gpoId />
          <bioguideId>M001189</bioguideId>
          <lisID>2130</lisID>
        </identifiers>
      </item>
      <item>
        <lastName>CHABOT</lastName>
        <firstName>STEVE</firstName>
        <sponsorshipWithdrawnDate />
        <isOriginalCosponsor>True</isOriginalCosponsor>
        <district>1</district>
        <party>R</party>
        <fullName>Rep. Chabot, Steve [R-OH-1]</fullName>
        <middleName />
        <state>OH</state>
        <bioguideId>C000266</bioguideId>
        <sponsorshipDate>2017-01-24</sponsorshipDate>
        <identifiers>
          <lisID>186</lisID>
          <bioguideId>C000266</bioguideId>
          <gpoId>8091</gpoId>
        </identifiers>
      </item>
      <item>
        <lastName>Amash</lastName>
        <firstName>Justin</firstName>
        <sponsorshipWithdrawnDate />
        <isOriginalCosponsor>True</isOriginalCosponsor>
        <district>3</district>
        <party>R</party>
        <fullName>Rep. Amash, Justin [R-MI-3]</fullName>
        <middleName />
        <state>MI</state>
        <bioguideId>A000367</bioguideId>
        <sponsorshipDate>2017-01-24</sponsorshipDate>
        <identifiers>
          <bioguideId>A000367</bioguideId>
          <lisID>2029</lisID>
          <gpoId>7988</gpoId>
        </identifiers>
      </item>
      <item>
        <lastName>Rouzer</lastName>
        <firstName>David</firstName>
        <sponsorshipWithdrawnDate />
        <isOriginalCosponsor>False</isOriginalCosponsor>
        <district>7</district>
        <party>R</party>
        <fullName>Rep. Rouzer, David [R-NC-7]</fullName>
        <middleName />
        <state>NC</state>
        <bioguideId>R000603</bioguideId>
        <sponsorshipDate>2017-01-31</sponsorshipDate>
        <identifiers>
          <gpoId />
          <bioguideId>R000603</bioguideId>
          <lisID>2256</lisID>
        </identifiers>
      </item>
      <item>
        <lastName>Davis</lastName>
        <firstName>Rodney</firstName>
        <sponsorshipWithdrawnDate />
        <isOriginalCosponsor>False</isOriginalCosponsor>
        <district>13</district>
        <party>R</party>
        <fullName>Rep. Davis, Rodney [R-IL-13]</fullName>
        <middleName />
        <state>IL</state>
        <bioguideId>D000619</bioguideId>
        <sponsorshipDate>2017-01-31</sponsorshipDate>
        <identifiers>
          <lisID>2126</lisID>
          <gpoId />
          <bioguideId>D000619</bioguideId>
        </identifiers>
      </item>
      <item>
        <lastName>SMITH</lastName>
        <firstName>CHRISTOPHER</firstName>
        <sponsorshipWithdrawnDate />
        <isOriginalCosponsor>False</isOriginalCosponsor>
        <district>4</district>
        <party>R</party>
        <fullName>Rep. Smith, Christopher H. [R-NJ-4]</fullName>
        <middleName>H.</middleName>
        <state>NJ</state>
        <bioguideId>S000522</bioguideId>
        <sponsorshipDate>2017-01-31</sponsorshipDate>
        <identifiers>
          <lisID>1071</lisID>
          <bioguideId>S000522</bioguideId>
          <gpoId>8046</gpoId>
        </identifiers>
      </item>
      <item>
        <lastName>Love</lastName>
        <firstName>Mia</firstName>
        <sponsorshipWithdrawnDate />
        <isOriginalCosponsor>False</isOriginalCosponsor>
        <district>4</district>
        <party>R</party>
        <fullName>Rep. Love, Mia B. [R-UT-4]</fullName>
        <middleName>B.</middleName>
        <state>UT</state>
        <bioguideId>L000584</bioguideId>
        <sponsorshipDate>2017-01-31</sponsorshipDate>
        <identifiers>
          <bioguideId>L000584</bioguideId>
          <lisID>2271</lisID>
          <gpoId />
        </identifiers>
      </item>
      <item>
        <lastName>Collins</lastName>
        <firstName>Chris</firstName>
        <sponsorshipWithdrawnDate />
        <isOriginalCosponsor>False</isOriginalCosponsor>
        <district>27</district>
        <party>R</party>
        <fullName>Rep. Collins, Chris [R-NY-27]</fullName>
        <middleName />
        <state>NY</state>
        <bioguideId>C001092</bioguideId>
        <sponsorshipDate>2017-02-06</sponsorshipDate>
        <identifiers>
          <bioguideId>C001092</bioguideId>
          <gpoId />
          <lisID>2151</lisID>
        </identifiers>
      </item>
      <item>
        <lastName>Gaetz</lastName>
        <firstName>Matt</firstName>
        <sponsorshipWithdrawnDate />
        <isOriginalCosponsor>False</isOriginalCosponsor>
        <district>1</district>
        <party>R</party>
        <fullName>Rep. Gaetz, Matt [R-FL-1]</fullName>
        <middleName />
        <state>FL</state>
        <bioguideId>G000578</bioguideId>
        <sponsorshipDate>2017-02-06</sponsorshipDate>
        <identifiers>
          <lisID>2314</lisID>
          <gpoId />
          <bioguideId>G000578</bioguideId>
        </identifiers>
      </item>
      <item>
        <lastName>Graves</lastName>
        <firstName>Tom</firstName>
        <sponsorshipWithdrawnDate />
        <isOriginalCosponsor>False</isOriginalCosponsor>
        <district>14</district>
        <party>R</party>
        <fullName>Rep. Graves, Tom [R-GA-14]</fullName>
        <middleName />
        <state>GA</state>
        <bioguideId>G000560</bioguideId>
        <sponsorshipDate>2017-02-06</sponsorshipDate>
        <identifiers>
          <bioguideId>G000560</bioguideId>
          <lisID>1979</lisID>
          <gpoId>7906</gpoId>
        </identifiers>
      </item>
      <item>
        <lastName>Marshall</lastName>
        <firstName>Roger</firstName>
        <sponsorshipWithdrawnDate />
        <isOriginalCosponsor>False</isOriginalCosponsor>
        <district>1</district>
        <party>R</party>
        <fullName>Rep. Marshall, Roger W. [R-KS-1]</fullName>
        <middleName>W.</middleName>
        <state>KS</state>
        <bioguideId>M001198</bioguideId>
        <sponsorshipDate>2017-02-16</sponsorshipDate>
        <identifiers>
          <lisID>2328</lisID>
          <bioguideId>M001198</bioguideId>
          <gpoId />
        </identifiers>
      </item>
      <item>
        <lastName>Meadows</lastName>
        <firstName>Mark</firstName>
        <sponsorshipWithdrawnDate />
        <isOriginalCosponsor>False</isOriginalCosponsor>
        <district>11</district>
        <party>R</party>
        <fullName>Rep. Meadows, Mark [R-NC-11]</fullName>
        <middleName />
        <state>NC</state>
        <bioguideId>M001187</bioguideId>
        <sponsorshipDate>2017-02-16</sponsorshipDate>
        <identifiers>
          <lisID>2142</lisID>
          <bioguideId>M001187</bioguideId>
          <gpoId />
        </identifiers>
      </item>
      <item>
        <lastName>Russell</lastName>
        <firstName>Steve</firstName>
        <sponsorshipWithdrawnDate />
        <isOriginalCosponsor>False</isOriginalCosponsor>
        <district>5</district>
        <party>R</party>
        <fullName>Rep. Russell, Steve [R-OK-5]</fullName>
        <middleName />
        <state>OK</state>
        <bioguideId>R000604</bioguideId>
        <sponsorshipDate>2017-02-16</sponsorshipDate>
        <identifiers>
          <lisID>2265</lisID>
          <bioguideId>R000604</bioguideId>
          <gpoId />
        </identifiers>
      </item>
      <item>
        <lastName>Webster</lastName>
        <firstName>Daniel</firstName>
        <sponsorshipWithdrawnDate />
        <isOriginalCosponsor>False</isOriginalCosponsor>
        <district>11</district>
        <party>R</party>
        <fullName>Rep. Webster, Daniel [R-FL-11]</fullName>
        <middleName />
        <state>FL</state>
        <bioguideId>W000806</bioguideId>
        <sponsorshipDate>2017-02-16</sponsorshipDate>
        <identifiers>
          <gpoId>7880</gpoId>
          <bioguideId>W000806</bioguideId>
          <lisID>2002</lisID>
        </identifiers>
      </item>
      <item>
        <lastName>Luetkemeyer</lastName>
        <firstName>Blaine</firstName>
        <sponsorshipWithdrawnDate />
        <isOriginalCosponsor>False</isOriginalCosponsor>
        <district>3</district>
        <party>R</party>
        <fullName>Rep. Luetkemeyer, Blaine [R-MO-3]</fullName>
        <middleName />
        <state>MO</state>
        <bioguideId>L000569</bioguideId>
        <sponsorshipDate>2017-02-16</sponsorshipDate>
        <identifiers>
          <lisID>1931</lisID>
          <gpoId>8017</gpoId>
          <bioguideId>L000569</bioguideId>
        </identifiers>
      </item>
      <item>
        <lastName>Pittenger</lastName>
        <firstName>Robert</firstName>
        <sponsorshipWithdrawnDate />
        <isOriginalCosponsor>False</isOriginalCosponsor>
        <district>9</district>
        <party>R</party>
        <fullName>Rep. Pittenger, Robert [R-NC-9]</fullName>
        <middleName />
        <state>NC</state>
        <bioguideId>P000606</bioguideId>
        <sponsorshipDate>2017-02-16</sponsorshipDate>
        <identifiers>
          <bioguideId>P000606</bioguideId>
          <gpoId />
          <lisID>2141</lisID>
        </identifiers>
      </item>
      <item>
        <lastName>Roby</lastName>
        <firstName>Martha</firstName>
        <sponsorshipWithdrawnDate />
        <isOriginalCosponsor>False</isOriginalCosponsor>
        <district>2</district>
        <party>R</party>
        <fullName>Rep. Roby, Martha [R-AL-2]</fullName>
        <middleName />
        <state>AL</state>
        <bioguideId>R000591</bioguideId>
        <sponsorshipDate>2017-02-16</sponsorshipDate>
        <identifiers>
          <bioguideId>R000591</bioguideId>
          <lisID>1986</lisID>
          <gpoId>7787</gpoId>
        </identifiers>
      </item>
      <item>
        <lastName>Hartzler</lastName>
        <firstName>Vicky</firstName>
        <sponsorshipWithdrawnDate />
        <isOriginalCosponsor>False</isOriginalCosponsor>
        <district>4</district>
        <party>R</party>
        <fullName>Rep. Hartzler, Vicky [R-MO-4]</fullName>
        <middleName />
        <state>MO</state>
        <bioguideId>H001053</bioguideId>
        <sponsorshipDate>2017-03-30</sponsorshipDate>
        <identifiers>
          <lisID>2032</lisID>
          <gpoId>8012</gpoId>
          <bioguideId>H001053</bioguideId>
        </identifiers>
      </item>
      <item>
        <lastName>Carter</lastName>
        <firstName>Earl</firstName>
        <sponsorshipWithdrawnDate />
        <isOriginalCosponsor>False</isOriginalCosponsor>
        <district>1</district>
        <party>R</party>
        <fullName>Rep. Carter, Earl L. "Buddy" [R-GA-1]</fullName>
        <middleName>L. "Buddy"</middleName>
        <state>GA</state>
        <bioguideId>C001103</bioguideId>
        <sponsorshipDate>2017-07-25</sponsorshipDate>
        <identifiers>
          <bioguideId>C001103</bioguideId>
          <gpoId />
          <lisID>2236</lisID>
        </identifiers>
      </item>
      <item>
        <lastName>Turner</lastName>
        <firstName>Michael</firstName>
        <sponsorshipWithdrawnDate />
        <isOriginalCosponsor>False</isOriginalCosponsor>
        <district>10</district>
        <party>R</party>
        <fullName>Rep. Turner, Michael R. [R-OH-10]</fullName>
        <middleName>R.</middleName>
        <state>OH</state>
        <bioguideId>T000463</bioguideId>
        <sponsorshipDate>2017-09-28</sponsorshipDate>
        <identifiers>
          <bioguideId>T000463</bioguideId>
          <lisID>1741</lisID>
          <gpoId>8093</gpoId>
        </identifiers>
      </item>
      <item>
        <lastName>Biggs</lastName>
        <firstName>Andy</firstName>
        <sponsorshipWithdrawnDate />
        <isOriginalCosponsor>False</isOriginalCosponsor>
        <district>5</district>
        <party>R</party>
        <fullName>Rep. Biggs, Andy [R-AZ-5]</fullName>
        <middleName />
        <state>AZ</state>
        <bioguideId>B001302</bioguideId>
        <sponsorshipDate>2018-02-05</sponsorshipDate>
        <identifiers>
          <lisID>2307</lisID>
          <gpoId />
          <bioguideId>B001302</bioguideId>
        </identifiers>
      </item>
    </cosponsors>
    <subjects>
      <billSubjects>
        <legislativeSubjects>
          <item>
            <name>Abortion</name>
          </item>
          <item>
            <name>Child health</name>
          </item>
          <item>
            <name>Civil actions and liability</name>
          </item>
          <item>
            <name>Criminal procedure and sentencing</name>
          </item>
          <item>
            <name>Family relationships</name>
          </item>
          <item>
            <name>Health personnel</name>
          </item>
          <item>
            <name>Separation, divorce, custody, support</name>
          </item>
          <item>
            <name>Teenage pregnancy</name>
          </item>
        </legislativeSubjects>
        <policyArea>
          <name>Crime and Law Enforcement</name>
        </policyArea>
      </billSubjects>
    </subjects>
    <constitutionalAuthorityStatementText><![CDATA[<pre>From the Congressional Record Online through the Government Publishing Office [<a href='http://www.gpo.gov'>www.gpo.gov</a>]By Ms. ROS-LEHTINEN:H.R. 692.Congress has the power to enact this legislation pursuantto the following:This bill is enacted pursuant to the power granted toCongress under Article I, Section 8, Clause 3 of the UnitedStates Constitution.[Page H689]</pre>]]></constitutionalAuthorityStatementText>
    <laws />
    <actions>
      <actionTypeCounts>
        <placeholderTextForH>2</placeholderTextForH>
        <introducedInTheHouse>1</introducedInTheHouse>
        <introducedInHouse>1</introducedInHouse>
        <billReferrals>1</billReferrals>
      </actionTypeCounts>
      <item>
        <actionDate>2017-02-14</actionDate>
        <committee>
          <systemCode>hsju08</systemCode>
          <name>Crime, Terrorism, Homeland Security, and Investigations Subcommittee</name>
        </committee>
        <links />
        <sourceSystem>
          <name>House committee actions</name>
          <code>1</code>
        </sourceSystem>
        <text>Referred to the Subcommittee on Crime, Terrorism, Homeland Security, and Investigations.</text>
        <type>Committee</type>
      </item>
      <item>
        <actionDate>2017-02-14</actionDate>
        <committee>
          <systemCode>hsju10</systemCode>
          <name>Constitution and Civil Justice Subcommittee</name>
        </committee>
        <links />
        <sourceSystem>
          <name>House committee actions</name>
          <code>1</code>
        </sourceSystem>
        <text>Referred to the Subcommittee on the Constitution and Civil Justice.</text>
        <type>Committee</type>
      </item>
      <item>
        <text>Referred to the House Committee on the Judiciary.</text>
        <links />
        <actionDate>2017-01-24</actionDate>
        <committee>
          <systemCode>hsju00</systemCode>
          <name>Judiciary Committee</name>
        </committee>
        <sourceSystem>
          <name>House floor actions</name>
          <code>2</code>
        </sourceSystem>
        <type>IntroReferral</type>
        <actionCode>H11100</actionCode>
      </item>
      <item>
        <text>Introduced in House</text>
        <links />
        <actionDate>2017-01-24</actionDate>
        <committee />
        <sourceSystem>
          <name>Library of Congress</name>
          <code>9</code>
        </sourceSystem>
        <type>IntroReferral</type>
        <actionCode>Intro-H</actionCode>
      </item>
      <item>
        <text>Introduced in House</text>
        <links />
        <actionDate>2017-01-24</actionDate>
        <committee />
        <sourceSystem>
          <name>Library of Congress</name>
          <code>9</code>
        </sourceSystem>
        <type>IntroReferral</type>
        <actionCode>1000</actionCode>
      </item>
      <actionByCounts>
        <houseOfRepresentatives>5</houseOfRepresentatives>
      </actionByCounts>
    </actions>
    <titles>
      <item>
        <chamberName />
        <titleType>(Extracted from GPO) Short Titles as Introduced</titleType>
        <title>Child Interstate Abortion Notification Act</title>
        <parentTitleType />
        <chamberCode />
      </item>
      <item>
        <chamberName />
        <titleType>Short Titles as Introduced</titleType>
        <title>Child Interstate Abortion Notification Act</title>
        <parentTitleType />
        <chamberCode />
      </item>
      <item>
        <chamberName />
        <titleType>Official Title as Introduced</titleType>
        <title>To amend title 18, United States Code, to prohibit taking minors across State lines in circumvention of laws requiring the involvement of parents in abortion decisions.</title>
        <parentTitleType />
        <chamberCode />
      </item>
      <item>
        <chamberName />
        <titleType>Display Title</titleType>
        <title>Child Interstate Abortion Notification Act</title>
        <parentTitleType />
        <chamberCode />
      </item>
    </titles>
    <summaries>
      <billSummaries>
        <item>
          <versionCode>00</versionCode>
          <updateDate>2017-01-24T05:00:00Z</updateDate>
          <actionDate>2017-01-24</actionDate>
          <text><![CDATA[<p><b>Child Interstate Abortion Notification Act</b></p> <p>This bill amends the federal criminal code to make it a crime to knowingly transport a minor across a state line to obtain an abortion without satisfying a parental involvement law in the minor's resident state. A parental involvement law requires parental consent or notification, or judicial authorization, for a minor to obtain an abortion. </p> <p>A violator is subject to criminal penalties&#8212;a fine, up to one year in prison, or both. The bill provides an exception for an abortion that is necessary to save the life of a minor whose life is endangered by a physical disorder, illness, or condition.</p> <p>This bill prohibits an individual who has committed incest with a minor from knowingly transporting the minor across a state line to receive an abortion. </p> <p>Additionally, this bill makes it a crime for a physician to knowingly perform or induce an abortion on an out-of-state minor without first complying with parental notification requirements, subject to specified exceptions.</p> <p>A physician violator is subject to criminal penalties&#8212;a fine, up to one year in prison, or both.</p>]]></text>
          <actionDesc>Introduced in House</actionDesc>
          <lastSummaryUpdateDate>2017-11-17T20:36:48Z</lastSummaryUpdateDate>
          <name>Introduced in House</name>
        </item>
      </billSummaries>
    </summaries>
    <committees>
      <billCommittees>
        <item>
          <systemCode>hsju00</systemCode>
          <chamber>House</chamber>
          <type>Standing</type>
          <activities>
            <item>
              <name>Referred to</name>
              <date>2017-01-24T15:07:25Z</date>
            </item>
          </activities>
          <name>Judiciary Committee</name>
          <subcommittees>
            <item>
              <systemCode>hsju08</systemCode>
              <name>Crime, Terrorism, Homeland Security, and Investigations Subcommittee</name>
              <activities>
                <item>
                  <name>Referred to</name>
                  <date>2017-02-14T20:00:42Z</date>
                </item>
              </activities>
            </item>
            <item>
              <systemCode>hsju10</systemCode>
              <name>Constitution and Civil Justice Subcommittee</name>
              <activities>
                <item>
                  <name>Referred to</name>
                  <date>2017-02-14T20:00:33Z</date>
                </item>
              </activities>
            </item>
          </subcommittees>
        </item>
      </billCommittees>
    </committees>
    <introducedDate>2017-01-24</introducedDate>
    <updateDate>2018-02-06T16:41:06Z</updateDate>
    <cboCostEstimates />
    <recordedVotes />
    <billType>HR</billType>
    <createDate>2017-01-25T04:45:56Z</createDate>
    <latestAction>
      <text>Referred to the Subcommittee on Crime, Terrorism, Homeland Security, and Investigations.</text>
      <links />
      <actionDate>2017-02-14</actionDate>
    </latestAction>
  </bill>
  <dublinCore xmlns:dc="http://purl.org/dc/elements/1.1/">
    <dc:format>text/xml</dc:format>
    <dc:language>EN</dc:language>
    <dc:rights>Pursuant to Title 17 Section 105 of the United States Code, this file is not subject to copyright protection and is in the public domain.</dc:rights>
    <dc:contributor>Congressional Research Service, Library of Congress</dc:contributor>
    <dc:description>This file contains bill summaries and statuses for federal legislation. A bill summary describes the most significant provisions of a piece of legislation and details the effects the legislative text may have on current law and federal programs. Bill summaries are authored by the Congressional Research Service (CRS) of the Library of Congress. As stated in Public Law 91-510 (2 USC 166 (d)(6)), one of the duties of CRS is "to prepare summaries and digests of bills and resolutions of a public general nature introduced in the Senate or House of Representatives". For more information, refer to the User Guide that accompanies this file.</dc:description>
  </dublinCore>
</billStatus>

