<?xml version="1.0" encoding="UTF-8"?>
<billStatus>
  <bill>
    <cosponsors>
      <item>
        <isOriginalCosponsor>True</isOriginalCosponsor>
        <fullName>Rep. McCaul, Michael T. [R-TX-10]</fullName>
        <middleName>T.</middleName>
        <sponsorshipDate>2017-01-24</sponsorshipDate>
        <bioguideId>M001157</bioguideId>
        <lastName>McCaul</lastName>
        <party>R</party>
        <district>10</district>
        <firstName>Michael</firstName>
        <state>TX</state>
        <identifiers>
          <lisID>1804</lisID>
          <bioguideId>M001157</bioguideId>
          <gpoId>8166</gpoId>
        </identifiers>
        <sponsorshipWithdrawnDate />
      </item>
      <item>
        <isOriginalCosponsor>True</isOriginalCosponsor>
        <fullName>Rep. King, Peter T. [R-NY-2]</fullName>
        <middleName>T.</middleName>
        <sponsorshipDate>2017-01-24</sponsorshipDate>
        <bioguideId>K000210</bioguideId>
        <lastName>KING</lastName>
        <party>R</party>
        <district>2</district>
        <firstName>PETER</firstName>
        <state>NY</state>
        <identifiers>
          <bioguideId>K000210</bioguideId>
          <lisID>635</lisID>
          <gpoId>8064</gpoId>
        </identifiers>
        <sponsorshipWithdrawnDate />
      </item>
    </cosponsors>
    <congress>115</congress>
    <committees>
      <billCommittees>
        <item>
          <systemCode>ssga00</systemCode>
          <name>Homeland Security and Governmental Affairs Committee</name>
          <type>Standing</type>
          <activities>
            <item>
              <name>Referred to</name>
              <date>2017-02-01T23:24:20Z</date>
            </item>
          </activities>
          <chamber>Senate</chamber>
          <subcommittees />
        </item>
        <item>
          <systemCode>hshm00</systemCode>
          <name>Homeland Security Committee</name>
          <type>Standing</type>
          <activities>
            <item>
              <name>Referred to</name>
              <date>2017-01-24T15:01:25Z</date>
            </item>
          </activities>
          <chamber>House</chamber>
          <subcommittees />
        </item>
      </billCommittees>
    </committees>
    <constitutionalAuthorityStatementText><![CDATA[<pre>From the Congressional Record Online through the Government Publishing Office [<a href='http://www.gpo.gov'>www.gpo.gov</a>]By Mr. DONOVAN:H.R. 655.Congress has the power to enact this legislation pursuantto the following:Article 1, Section 8 of the Constitution of the UnitedStates.[Page H688]</pre>]]></constitutionalAuthorityStatementText>
    <laws />
    <titles>
      <item>
        <title>Securing the Cities Act of 2017</title>
        <titleType>(Extracted from GPO) Short Titles as Introduced</titleType>
        <parentTitleType />
        <chamberCode />
        <chamberName />
      </item>
      <item>
        <title>Securing the Cities Act of 2017</title>
        <titleType>(Extracted from GPO) Short Titles as Passed House</titleType>
        <parentTitleType />
        <chamberCode>H</chamberCode>
        <chamberName>House</chamberName>
      </item>
      <item>
        <title>Securing the Cities Act of 2017</title>
        <titleType>Short Titles as Introduced</titleType>
        <parentTitleType />
        <chamberCode />
        <chamberName />
      </item>
      <item>
        <title>To amend the Homeland Security Act of 2002 to establish the Securing the Cities program to enhance the ability of the United States to detect and prevent terrorist attacks and other high consequence events utilizing nuclear or other radiological materials that pose a high risk to homeland security in high-risk urban areas, and for other purposes.</title>
        <titleType>Official Title as Introduced</titleType>
        <parentTitleType />
        <chamberCode />
        <chamberName />
      </item>
      <item>
        <title>Securing the Cities Act of 2017</title>
        <titleType>Display Title</titleType>
        <parentTitleType />
        <chamberCode />
        <chamberName />
      </item>
    </titles>
    <billType>HR</billType>
    <amendments />
    <recordedVotes />
    <actions>
      <item>
        <actionDate>2017-02-01</actionDate>
        <committee>
          <systemCode>ssga00</systemCode>
          <name>Homeland Security and Governmental Affairs Committee</name>
        </committee>
        <links />
        <sourceSystem>
          <code>0</code>
          <name>Senate</name>
        </sourceSystem>
        <text>Received in the Senate and Read twice and referred to the Committee on Homeland Security and Governmental Affairs.</text>
        <type>IntroReferral</type>
      </item>
      <item>
        <committee />
        <sourceSystem>
          <code>2</code>
          <name>House floor actions</name>
        </sourceSystem>
        <actionDate>2017-01-31</actionDate>
        <text>Motion to reconsider laid on the table Agreed to without objection.</text>
        <actionTime>16:26:27</actionTime>
        <links />
        <actionCode>H38310</actionCode>
        <type>Floor</type>
      </item>
      <item>
        <committee />
        <sourceSystem>
          <code>2</code>
          <name>House floor actions</name>
        </sourceSystem>
        <actionDate>2017-01-31</actionDate>
        <text>On motion to suspend the rules and pass the bill Agreed to by voice vote. (text: CR H796)</text>
        <actionTime>16:26:25</actionTime>
        <links>
          <link>
            <url>https://www.congress.gov/congressional-record/volume-163/house-section/page/H796</url>
            <name>H796</name>
          </link>
        </links>
        <actionCode>H37300</actionCode>
        <type>Floor</type>
      </item>
      <item>
        <committee />
        <sourceSystem>
          <code>9</code>
          <name>Library of Congress</name>
        </sourceSystem>
        <actionDate>2017-01-31</actionDate>
        <text>Passed/agreed to in House: On motion to suspend the rules and pass the bill Agreed to by voice vote.(text: CR H796)</text>
        <actionTime>16:26:25</actionTime>
        <links>
          <link>
            <url>https://www.congress.gov/congressional-record/volume-163/house-section/page/H796</url>
            <name>H796</name>
          </link>
        </links>
        <actionCode>8000</actionCode>
        <type>Floor</type>
      </item>
      <item>
        <committee />
        <sourceSystem>
          <code>2</code>
          <name>House floor actions</name>
        </sourceSystem>
        <actionDate>2017-01-31</actionDate>
        <text>DEBATE - The House proceeded with forty minutes of debate on H.R. 655.</text>
        <actionTime>16:19:41</actionTime>
        <links>
          <link>
            <url>https://www.congress.gov/bill/115th-congress/house-bill/655</url>
            <name>H.R. 655</name>
          </link>
        </links>
        <actionCode>H8D000</actionCode>
        <type>Floor</type>
      </item>
      <item>
        <committee />
        <sourceSystem>
          <code>2</code>
          <name>House floor actions</name>
        </sourceSystem>
        <actionDate>2017-01-31</actionDate>
        <text>Considered under suspension of the rules. (consideration: CR H796-797)</text>
        <actionTime>16:19:40</actionTime>
        <links>
          <link>
            <url>https://www.congress.gov/congressional-record/volume-163/house-section/page/H796-797</url>
            <name>H796-797</name>
          </link>
        </links>
        <actionCode>H30000</actionCode>
        <type>Floor</type>
      </item>
      <item>
        <committee />
        <sourceSystem>
          <code>2</code>
          <name>House floor actions</name>
        </sourceSystem>
        <actionDate>2017-01-31</actionDate>
        <text>Mr. Donovan moved to suspend the rules and pass the bill.</text>
        <actionTime>16:19:26</actionTime>
        <links />
        <actionCode>H30300</actionCode>
        <type>Floor</type>
      </item>
      <item>
        <committee>
          <systemCode>hshm00</systemCode>
          <name>Homeland Security Committee</name>
        </committee>
        <sourceSystem>
          <code>2</code>
          <name>House floor actions</name>
        </sourceSystem>
        <actionDate>2017-01-24</actionDate>
        <text>Referred to the House Committee on Homeland Security.</text>
        <links />
        <type>IntroReferral</type>
        <actionCode>H11100</actionCode>
      </item>
      <item>
        <committee />
        <sourceSystem>
          <code>9</code>
          <name>Library of Congress</name>
        </sourceSystem>
        <actionDate>2017-01-24</actionDate>
        <text>Introduced in House</text>
        <links />
        <type>IntroReferral</type>
        <actionCode>Intro-H</actionCode>
      </item>
      <item>
        <committee />
        <sourceSystem>
          <code>9</code>
          <name>Library of Congress</name>
        </sourceSystem>
        <actionDate>2017-01-24</actionDate>
        <text>Introduced in House</text>
        <links />
        <type>IntroReferral</type>
        <actionCode>1000</actionCode>
      </item>
      <actionByCounts>
        <houseOfRepresentatives>9</houseOfRepresentatives>
        <senate>1</senate>
      </actionByCounts>
      <actionTypeCounts>
        <motionToReconsiderResults>1</motionToReconsiderResults>
        <billReferrals>1</billReferrals>
        <passedAgreedToInHouse>1</passedAgreedToInHouse>
        <introducedInTheHouse>1</introducedInTheHouse>
        <referredToCommittee>1</referredToCommittee>
        <motionMadeToSuspendTheRules>1</motionMadeToSuspendTheRules>
        <finalPassageUnderSuspensionOfTheRulesResults>1</finalPassageUnderSuspensionOfTheRulesResults>
        <generalDebate>1</generalDebate>
        <introducedInHouse>1</introducedInHouse>
        <considerationByHouse>1</considerationByHouse>
      </actionTypeCounts>
    </actions>
    <introducedDate>2017-01-24</introducedDate>
    <relatedBills />
    <committeeReports />
    <calendarNumbers />
    <billNumber>655</billNumber>
    <summaries>
      <billSummaries>
        <item>
          <versionCode>00</versionCode>
          <updateDate>2017-01-24T05:00:00Z</updateDate>
          <actionDesc>Introduced in House</actionDesc>
          <lastSummaryUpdateDate>2017-02-14T19:19:46Z</lastSummaryUpdateDate>
          <actionDate>2017-01-24</actionDate>
          <name>Introduced in House</name>
          <text><![CDATA[<p>(<strong>Securing the Cities Act of 2017</strong></p> <p>This bill amends the Homeland Security Act of 2002 to require the Domestic Nuclear Detection Office (DNDO) to establish the Securing the Cities program to enhance the ability of the United States to detect and prevent terrorist attacks and other high consequence events utilizing nuclear or other radiological materials that pose a high risk to homeland security in high-risk urban areas. </p> <p>Under such program, the DNDO shall:</p> <ul> <li> assist state, local, tribal, and territorial governments in designing and implementing, or enhancing existing, architectures for coordinated and integrated detection and interdiction of nuclear or other radiological materials that are out of regulatory control;</li> <li>support the development of a region-wide operating capability to detect and report on nuclear and other radioactive materials out of regulatory control;</li> <li>provide resources to enhance detection, analysis, communication, and coordination to better integrate state, local, tribal, and territorial assets into federal operations;</li> <li> facilitate alarm adjudication and provide subject matter expertise and technical assistance on concepts of operations, training, exercises, and alarm response protocols;</li> <li> communicate with, and promote sharing of information about the presence or detection of nuclear or other radiological materials among, appropriate federal, state, local, tribal, and territorial governments in a manner that ensures transparency;</li> <li> provide augmenting resources to enable state, local, tribal, and territorial governments to sustain and refresh their capabilities developed under the program; and </li> <li>designate participating jurisdictions from among high-risk urban areas and other cities and regions, as appropriate, and notify Congress at least three days before designating or changing such jurisdictions.</li> </ul> <p>The Comptroller General is required to submit an assessment evaluating the effectiveness of the program.</p> <p> The DNDO shall report to Congress on the feasibility of developing model exercises to test the preparedness of jurisdictions participating in the program in meeting the challenges that may be posed by a range of nuclear and radiological threats.</p>]]></text>
        </item>
        <item>
          <versionCode>81</versionCode>
          <updateDate>2017-01-31T13:50:18Z</updateDate>
          <actionDesc>Passed House without amendment</actionDesc>
          <lastSummaryUpdateDate>2017-02-15T16:35:50Z</lastSummaryUpdateDate>
          <actionDate>2017-01-31</actionDate>
          <name>Passed House without amendment</name>
          <text><![CDATA[<p>(This measure has not been amended since it was introduced. The summary has been expanded because action occurred on the measure.)</p> <p><strong>Securing the Cities Act of 2017</strong></p> <p>(Sec. 2) This bill amends the Homeland Security Act of 2002 to require the Domestic Nuclear Detection Office (DNDO) to establish the Securing the Cities program to enhance the ability of the United States to detect and prevent terrorist attacks and other high consequence events utilizing nuclear or other radiological materials that pose a high risk to homeland security in high-risk urban areas. </p> <p>Under such program, the DNDO shall:</p> <ul> <li> assist state, local, tribal, and territorial governments in designing and implementing, or enhancing existing, architectures for coordinated and integrated detection and interdiction of nuclear or other radiological materials that are out of regulatory control;</li> <li>support the development of a region-wide operating capability to detect and report on nuclear and other radioactive materials out of regulatory control;</li> <li>provide resources to enhance detection, analysis, communication, and coordination to better integrate state, local, tribal, and territorial assets into federal operations;</li> <li> facilitate alarm adjudication and provide subject matter expertise and technical assistance on concepts of operations, training, exercises, and alarm response protocols;</li> <li> communicate with, and promote sharing of information about the presence or detection of nuclear or other radiological materials among, appropriate federal, state, local, tribal, and territorial governments in a manner that ensures transparency;</li> <li> provide augmenting resources to enable state, local, tribal, and territorial governments to sustain and refresh their capabilities developed under the program; and </li> <li>designate participating jurisdictions from among high-risk urban areas and other cities and regions, as appropriate, and notify Congress at least three days before designating or changing such jurisdictions.</li> </ul> <p>The Comptroller General is required to submit an assessment evaluating the effectiveness of the program.</p> <p> (Sec. 3) The DNDO shall report to Congress on the feasibility of developing model exercises to test the preparedness of jurisdictions participating in the program in meeting the challenges that may be posed by a range of nuclear and radiological threats.</p>]]></text>
        </item>
      </billSummaries>
    </summaries>
    <cboCostEstimates />
    <updateDate>2018-02-06T16:41:03Z</updateDate>
    <policyArea>
      <name>Emergency Management</name>
    </policyArea>
    <latestAction>
      <text>Received in the Senate and Read twice and referred to the Committee on Homeland Security and Governmental Affairs.</text>
      <actionDate>2017-02-01</actionDate>
      <links />
    </latestAction>
    <version>1.0.0</version>
    <subjects>
      <billSubjects>
        <policyArea>
          <name>Emergency Management</name>
        </policyArea>
        <legislativeSubjects>
          <item>
            <name>Congressional oversight</name>
          </item>
          <item>
            <name>Crime prevention</name>
          </item>
          <item>
            <name>Emergency planning and evacuation</name>
          </item>
          <item>
            <name>Homeland security</name>
          </item>
          <item>
            <name>Intergovernmental relations</name>
          </item>
          <item>
            <name>Law enforcement administration and funding</name>
          </item>
          <item>
            <name>Nuclear weapons</name>
          </item>
          <item>
            <name>Radiation</name>
          </item>
          <item>
            <name>State and local government operations</name>
          </item>
          <item>
            <name>Terrorism</name>
          </item>
          <item>
            <name>Urban and suburban affairs and development</name>
          </item>
        </legislativeSubjects>
      </billSubjects>
    </subjects>
    <title>Securing the Cities Act of 2017</title>
    <originChamber>House</originChamber>
    <sponsors>
      <item>
        <byRequestType />
        <district>11</district>
        <party>R</party>
        <fullName>Rep. Donovan, Daniel M., Jr. [R-NY-11]</fullName>
        <lastName>Donovan</lastName>
        <state>NY</state>
        <bioguideId>D000625</bioguideId>
        <middleName>M.</middleName>
        <firstName>Daniel</firstName>
        <identifiers>
          <bioguideId>D000625</bioguideId>
          <lisID>2293</lisID>
          <gpoId />
        </identifiers>
      </item>
    </sponsors>
    <notes />
    <createDate>2017-01-25T04:45:55Z</createDate>
  </bill>
  <dublinCore xmlns:dc="http://purl.org/dc/elements/1.1/">
    <dc:format>text/xml</dc:format>
    <dc:language>EN</dc:language>
    <dc:rights>Pursuant to Title 17 Section 105 of the United States Code, this file is not subject to copyright protection and is in the public domain.</dc:rights>
    <dc:contributor>Congressional Research Service, Library of Congress</dc:contributor>
    <dc:description>This file contains bill summaries and statuses for federal legislation. A bill summary describes the most significant provisions of a piece of legislation and details the effects the legislative text may have on current law and federal programs. Bill summaries are authored by the Congressional Research Service (CRS) of the Library of Congress. As stated in Public Law 91-510 (2 USC 166 (d)(6)), one of the duties of CRS is "to prepare summaries and digests of bills and resolutions of a public general nature introduced in the Senate or House of Representatives". For more information, refer to the User Guide that accompanies this file.</dc:description>
  </dublinCore>
</billStatus>

