<?xml version="1.0" encoding="UTF-8"?>
<billStatus>
  <bill>
    <committeeReports />
    <originChamber>House</originChamber>
    <billNumber>157</billNumber>
    <actions>
      <item>
        <links />
        <actionDate>2017-01-03</actionDate>
        <type>IntroReferral</type>
        <text>Referred to the House Committee on Foreign Affairs.</text>
        <actionCode>H11100</actionCode>
        <sourceSystem>
          <name>House floor actions</name>
          <code>2</code>
        </sourceSystem>
        <committee>
          <systemCode>hsfa00</systemCode>
          <name>Foreign Affairs Committee</name>
        </committee>
      </item>
      <item>
        <links />
        <actionDate>2017-01-03</actionDate>
        <type>IntroReferral</type>
        <text>Introduced in House</text>
        <actionCode>Intro-H</actionCode>
        <sourceSystem>
          <name>Library of Congress</name>
          <code>9</code>
        </sourceSystem>
        <committee />
      </item>
      <item>
        <links />
        <actionDate>2017-01-03</actionDate>
        <type>IntroReferral</type>
        <text>Introduced in House</text>
        <actionCode>1000</actionCode>
        <sourceSystem>
          <name>Library of Congress</name>
          <code>9</code>
        </sourceSystem>
        <committee />
      </item>
      <actionByCounts>
        <houseOfRepresentatives>3</houseOfRepresentatives>
      </actionByCounts>
      <actionTypeCounts>
        <billReferrals>1</billReferrals>
        <introducedInTheHouse>1</introducedInTheHouse>
        <introducedInHouse>1</introducedInHouse>
      </actionTypeCounts>
    </actions>
    <calendarNumbers />
    <updateDate>2018-02-06T16:40:28Z</updateDate>
    <cosponsors>
      <item>
        <isOriginalCosponsor>True</isOriginalCosponsor>
        <middleName />
        <sponsorshipDate>2017-01-03</sponsorshipDate>
        <firstName>David</firstName>
        <party>R</party>
        <identifiers>
          <gpoId>7802</gpoId>
          <bioguideId>S001183</bioguideId>
          <lisID>1994</lisID>
        </identifiers>
        <district>6</district>
        <sponsorshipWithdrawnDate />
        <fullName>Rep. Schweikert, David [R-AZ-6]</fullName>
        <bioguideId>S001183</bioguideId>
        <lastName>Schweikert</lastName>
        <state>AZ</state>
      </item>
    </cosponsors>
    <notes />
    <subjects>
      <billSubjects>
        <policyArea>
          <name>International Affairs</name>
        </policyArea>
        <legislativeSubjects>
          <item>
            <name>Africa</name>
          </item>
          <item>
            <name>Appropriations</name>
          </item>
          <item>
            <name>Border security and unlawful immigration</name>
          </item>
          <item>
            <name>Congressional oversight</name>
          </item>
          <item>
            <name>Criminal investigation, prosecution, interrogation</name>
          </item>
          <item>
            <name>Elections, voting, political campaign regulation</name>
          </item>
          <item>
            <name>Firearms and explosives</name>
          </item>
          <item>
            <name>Foreign aid and international relief</name>
          </item>
          <item>
            <name>Government ethics and transparency, public corruption</name>
          </item>
          <item>
            <name>Human rights</name>
          </item>
          <item>
            <name>International organizations and cooperation</name>
          </item>
          <item>
            <name>Judicial procedure and administration</name>
          </item>
          <item>
            <name>Law enforcement officers</name>
          </item>
          <item>
            <name>Libya</name>
          </item>
          <item>
            <name>Middle East</name>
          </item>
          <item>
            <name>Military assistance, sales, and agreements</name>
          </item>
          <item>
            <name>Military education and training</name>
          </item>
          <item>
            <name>Military readiness</name>
          </item>
          <item>
            <name>Reconstruction and stabilization</name>
          </item>
          <item>
            <name>Rule of law and government transparency</name>
          </item>
          <item>
            <name>Smuggling and trafficking</name>
          </item>
          <item>
            <name>Sovereignty, recognition, national governance and status</name>
          </item>
          <item>
            <name>Syria</name>
          </item>
          <item>
            <name>Terrorism</name>
          </item>
          <item>
            <name>Tunisia</name>
          </item>
          <item>
            <name>U.S. and foreign investments</name>
          </item>
        </legislativeSubjects>
      </billSubjects>
    </subjects>
    <committees>
      <billCommittees>
        <item>
          <systemCode>hsfa00</systemCode>
          <chamber>House</chamber>
          <type>Standing</type>
          <activities>
            <item>
              <date>2017-01-03T17:16:20Z</date>
              <name>Referred to</name>
            </item>
          </activities>
          <name>Foreign Affairs Committee</name>
          <subcommittees />
        </item>
      </billCommittees>
    </committees>
    <version>1.0.0</version>
    <recordedVotes />
    <policyArea>
      <name>International Affairs</name>
    </policyArea>
    <cboCostEstimates />
    <introducedDate>2017-01-03</introducedDate>
    <title>Combatting Terrorism in Tunisia Emergency Support Act of 2017</title>
    <amendments />
    <latestAction>
      <text>Referred to the House Committee on Foreign Affairs.</text>
      <links />
      <actionDate>2017-01-03</actionDate>
    </latestAction>
    <congress>115</congress>
    <billType>HR</billType>
    <createDate>2017-01-04T07:01:12Z</createDate>
    <sponsors>
      <item>
        <lastName>HASTINGS</lastName>
        <party>D</party>
        <state>FL</state>
        <bioguideId>H000324</bioguideId>
        <middleName>L.</middleName>
        <byRequestType />
        <fullName>Rep. Hastings, Alcee L. [D-FL-20]</fullName>
        <firstName>ALCEE</firstName>
        <district>20</district>
        <identifiers>
          <lisID>511</lisID>
          <gpoId>7895</gpoId>
          <bioguideId>H000324</bioguideId>
        </identifiers>
      </item>
    </sponsors>
    <constitutionalAuthorityStatementText><![CDATA[<pre>From the Congressional Record Online through the Government Publishing Office [<a href='http://www.gpo.gov'>www.gpo.gov</a>]By Mr. HASTINGS:H.R. 157.Congress has the power to enact this legislation pursuantto the following:U.S. Constitution Article I, Section 8[Page H51]</pre>]]></constitutionalAuthorityStatementText>
    <relatedBills />
    <laws />
    <titles>
      <item>
        <chamberName />
        <titleType>(Extracted from GPO) Short Titles as Introduced</titleType>
        <title>Combatting Terrorism in Tunisia Emergency Support Act of 2017</title>
        <parentTitleType />
        <chamberCode />
      </item>
      <item>
        <chamberName />
        <titleType>Short Titles as Introduced</titleType>
        <title>Combatting Terrorism in Tunisia Emergency Support Act of 2017</title>
        <parentTitleType />
        <chamberCode />
      </item>
      <item>
        <chamberName />
        <titleType>Official Title as Introduced</titleType>
        <title>To authorize assistance for the Government of Tunisia, and for other purposes.</title>
        <parentTitleType />
        <chamberCode />
      </item>
      <item>
        <chamberName />
        <titleType>Display Title</titleType>
        <title>Combatting Terrorism in Tunisia Emergency Support Act of 2017</title>
        <parentTitleType />
        <chamberCode />
      </item>
    </titles>
    <summaries>
      <billSummaries>
        <item>
          <text><![CDATA[<p><strong>Combatting Terrorism in Tunisia Emergency Support Act of 2017</strong></p> <p>This bill declares that it is the policy of the United States to assist the government of Tunisia in eliminating terrorist organizations that operate in Tunisia and neighboring Libya and preventing fighters in Syria from returning to Tunisia.</p> <p>This bill expresses the sense of the Congress that: </p> <ul> <li>significant reform that protects fundamental human rights is necessary to enable the Tunisian security services to combat terrorism and reinforce the rule of law; </li> <li>expeditious consideration of sales, leases, grants, or transfers of defense articles, services, and equipment is consistent with U.S. policy to assist in eliminating terrorist organizations that threaten Tunisia's national security; </li> <li>Tunisia's peaceful pursuit of democracy should be fully supported by the United States; </li> <li> organizations such as Ansar al-Sharia and the Islamic State have created terrorist sanctuaries in Libya and represent a significant threat to Tunisia's democratic government; and </li> <li>supporting Tunisia's orderly reform of its economic and social sectors should be a U.S. priority.</li> </ul> <p>The bill authorizes the Department of State to: </p> <ul> <li>provide assistance to strengthen and reform Tunisia's security sector;</li> <li>support Tunisia's efforts to combat terrorism; </li> <li>provide assistance to support Tunisia's democracy and civil society; </li> <li>provide assistance to support Tunisia's border security by enhancing its capabilities to interdict illicit weapons trafficking; </li> <li>reprogram certain funds to support Tunisia's economic reforms; and </li> <li>enter into a memorandum of understanding with Tunisia to increase military cooperation, including joint military exercises, personnel exchanges, and enhanced strategic dialogue. </li> </ul> <p>The President is authorized to provide defense articles, services, and training to Tunisia to counter terrorist threats.</p> <p>The State Department shall submit a strategic plan within 90 days to carry out this bill.</p>]]></text>
          <actionDate>2017-01-03</actionDate>
          <updateDate>2017-01-03T05:00:00Z</updateDate>
          <lastSummaryUpdateDate>2017-01-13T15:56:10Z</lastSummaryUpdateDate>
          <name>Introduced in House</name>
          <actionDesc>Introduced in House</actionDesc>
          <versionCode>00</versionCode>
        </item>
      </billSummaries>
    </summaries>
  </bill>
  <dublinCore xmlns:dc="http://purl.org/dc/elements/1.1/">
    <dc:format>text/xml</dc:format>
    <dc:language>EN</dc:language>
    <dc:rights>Pursuant to Title 17 Section 105 of the United States Code, this file is not subject to copyright protection and is in the public domain.</dc:rights>
    <dc:contributor>Congressional Research Service, Library of Congress</dc:contributor>
    <dc:description>This file contains bill summaries and statuses for federal legislation. A bill summary describes the most significant provisions of a piece of legislation and details the effects the legislative text may have on current law and federal programs. Bill summaries are authored by the Congressional Research Service (CRS) of the Library of Congress. As stated in Public Law 91-510 (2 USC 166 (d)(6)), one of the duties of CRS is "to prepare summaries and digests of bills and resolutions of a public general nature introduced in the Senate or House of Representatives". For more information, refer to the User Guide that accompanies this file.</dc:description>
  </dublinCore>
</billStatus>

