<?xml version="1.0" encoding="UTF-8"?>
<billStatus>
  <bill>
    <amendments />
    <updateDate>2018-02-16T18:01:00Z</updateDate>
    <policyArea>
      <name>Taxation</name>
    </policyArea>
    <createDate>2017-01-05T04:47:32Z</createDate>
    <latestAction>
      <text>Referred to the House Committee on Ways and Means.</text>
      <links />
      <actionDate>2017-01-04</actionDate>
    </latestAction>
    <subjects>
      <billSubjects>
        <legislativeSubjects>
          <item>
            <name>Health care costs and insurance</name>
          </item>
          <item>
            <name>Health care coverage and access</name>
          </item>
          <item>
            <name>Income tax deductions</name>
          </item>
          <item>
            <name>Income tax rates</name>
          </item>
        </legislativeSubjects>
        <policyArea>
          <name>Taxation</name>
        </policyArea>
      </billSubjects>
    </subjects>
    <sponsors>
      <item>
        <lastName>Brat</lastName>
        <party>R</party>
        <bioguideId>B001290</bioguideId>
        <fullName>Rep. Brat, Dave [R-VA-7]</fullName>
        <byRequestType />
        <identifiers>
          <bioguideId>B001290</bioguideId>
          <lisID>2203</lisID>
          <gpoId />
        </identifiers>
        <district>7</district>
        <firstName>Dave</firstName>
        <state>VA</state>
        <middleName />
      </item>
    </sponsors>
    <billNumber>247</billNumber>
    <recordedVotes />
    <cosponsors>
      <item>
        <sponsorshipDate>2017-01-04</sponsorshipDate>
        <sponsorshipWithdrawnDate />
        <party>R</party>
        <isOriginalCosponsor>True</isOriginalCosponsor>
        <district>1</district>
        <fullName>Rep. Gohmert, Louie [R-TX-1]</fullName>
        <lastName>Gohmert</lastName>
        <middleName />
        <bioguideId>G000552</bioguideId>
        <firstName>Louie</firstName>
        <state>TX</state>
        <identifiers>
          <lisID>1801</lisID>
          <gpoId>8157</gpoId>
          <bioguideId>G000552</bioguideId>
        </identifiers>
      </item>
      <item>
        <sponsorshipDate>2017-01-04</sponsorshipDate>
        <sponsorshipWithdrawnDate />
        <party>R</party>
        <isOriginalCosponsor>True</isOriginalCosponsor>
        <district>11</district>
        <fullName>Rep. Meadows, Mark [R-NC-11]</fullName>
        <lastName>Meadows</lastName>
        <middleName />
        <bioguideId>M001187</bioguideId>
        <firstName>Mark</firstName>
        <state>NC</state>
        <identifiers>
          <lisID>2142</lisID>
          <gpoId />
          <bioguideId>M001187</bioguideId>
        </identifiers>
      </item>
      <item>
        <sponsorshipDate>2017-01-04</sponsorshipDate>
        <sponsorshipWithdrawnDate />
        <party>R</party>
        <isOriginalCosponsor>True</isOriginalCosponsor>
        <district>39</district>
        <fullName>Rep. Royce, Edward R. [R-CA-39]</fullName>
        <lastName>ROYCE</lastName>
        <middleName />
        <bioguideId>R000487</bioguideId>
        <firstName>ED</firstName>
        <state>CA</state>
        <identifiers>
          <gpoId>7845</gpoId>
          <bioguideId>R000487</bioguideId>
          <lisID>998</lisID>
        </identifiers>
      </item>
      <item>
        <sponsorshipDate>2017-01-04</sponsorshipDate>
        <sponsorshipWithdrawnDate />
        <party>R</party>
        <isOriginalCosponsor>True</isOriginalCosponsor>
        <district>4</district>
        <fullName>Rep. Rokita, Todd [R-IN-4]</fullName>
        <lastName>Rokita</lastName>
        <middleName />
        <bioguideId>R000592</bioguideId>
        <firstName>Todd</firstName>
        <state>IN</state>
        <identifiers>
          <gpoId>7943</gpoId>
          <bioguideId>R000592</bioguideId>
          <lisID>2017</lisID>
        </identifiers>
      </item>
      <item>
        <sponsorshipDate>2017-01-04</sponsorshipDate>
        <sponsorshipWithdrawnDate />
        <party>R</party>
        <isOriginalCosponsor>True</isOriginalCosponsor>
        <district>6</district>
        <fullName>Rep. Schweikert, David [R-AZ-6]</fullName>
        <lastName>Schweikert</lastName>
        <middleName />
        <bioguideId>S001183</bioguideId>
        <firstName>David</firstName>
        <state>AZ</state>
        <identifiers>
          <lisID>1994</lisID>
          <gpoId>7802</gpoId>
          <bioguideId>S001183</bioguideId>
        </identifiers>
      </item>
      <item>
        <sponsorshipDate>2017-01-04</sponsorshipDate>
        <sponsorshipWithdrawnDate />
        <party>R</party>
        <isOriginalCosponsor>True</isOriginalCosponsor>
        <district>2</district>
        <fullName>Rep. Guthrie, Brett [R-KY-2]</fullName>
        <lastName>Guthrie</lastName>
        <middleName />
        <bioguideId>G000558</bioguideId>
        <firstName>Brett</firstName>
        <state>KY</state>
        <identifiers>
          <bioguideId>G000558</bioguideId>
          <lisID>1922</lisID>
          <gpoId>7954</gpoId>
        </identifiers>
      </item>
      <item>
        <sponsorshipDate>2017-01-04</sponsorshipDate>
        <sponsorshipWithdrawnDate />
        <party>R</party>
        <isOriginalCosponsor>True</isOriginalCosponsor>
        <district>4</district>
        <fullName>Rep. Gosar, Paul A. [R-AZ-4]</fullName>
        <lastName>Gosar</lastName>
        <middleName>A.</middleName>
        <bioguideId>G000565</bioguideId>
        <firstName>Paul</firstName>
        <state>AZ</state>
        <identifiers>
          <lisID>1992</lisID>
          <gpoId>7798</gpoId>
          <bioguideId>G000565</bioguideId>
        </identifiers>
      </item>
      <item>
        <sponsorshipDate>2017-01-11</sponsorshipDate>
        <sponsorshipWithdrawnDate />
        <party>R</party>
        <isOriginalCosponsor>False</isOriginalCosponsor>
        <district>2</district>
        <fullName>Rep. Huizenga, Bill [R-MI-2]</fullName>
        <lastName>Huizenga</lastName>
        <middleName />
        <bioguideId>H001058</bioguideId>
        <firstName>Bill</firstName>
        <state>MI</state>
        <identifiers>
          <gpoId>7987</gpoId>
          <lisID>2028</lisID>
          <bioguideId>H001058</bioguideId>
        </identifiers>
      </item>
      <item>
        <sponsorshipDate>2017-01-11</sponsorshipDate>
        <sponsorshipWithdrawnDate />
        <party>R</party>
        <isOriginalCosponsor>False</isOriginalCosponsor>
        <district>23</district>
        <fullName>Rep. Hurd, Will [R-TX-23]</fullName>
        <lastName>Hurd</lastName>
        <middleName />
        <bioguideId>H001073</bioguideId>
        <firstName>Will</firstName>
        <state>TX</state>
        <identifiers>
          <gpoId />
          <lisID>2269</lisID>
          <bioguideId>H001073</bioguideId>
        </identifiers>
      </item>
      <item>
        <sponsorshipDate>2017-03-30</sponsorshipDate>
        <sponsorshipWithdrawnDate />
        <party>R</party>
        <isOriginalCosponsor>False</isOriginalCosponsor>
        <district>7</district>
        <fullName>Rep. Rouzer, David [R-NC-7]</fullName>
        <lastName>Rouzer</lastName>
        <middleName />
        <bioguideId>R000603</bioguideId>
        <firstName>David</firstName>
        <state>NC</state>
        <identifiers>
          <bioguideId>R000603</bioguideId>
          <lisID>2256</lisID>
          <gpoId />
        </identifiers>
      </item>
      <item>
        <sponsorshipDate>2017-03-30</sponsorshipDate>
        <sponsorshipWithdrawnDate />
        <party>R</party>
        <isOriginalCosponsor>False</isOriginalCosponsor>
        <district>2</district>
        <fullName>Rep. Bacon, Don [R-NE-2]</fullName>
        <lastName>Bacon</lastName>
        <middleName />
        <bioguideId>B001298</bioguideId>
        <firstName>Don</firstName>
        <state>NE</state>
        <identifiers>
          <lisID>2337</lisID>
          <gpoId />
          <bioguideId>B001298</bioguideId>
        </identifiers>
      </item>
      <item>
        <sponsorshipDate>2017-04-27</sponsorshipDate>
        <sponsorshipWithdrawnDate />
        <party>R</party>
        <isOriginalCosponsor>False</isOriginalCosponsor>
        <district>3</district>
        <fullName>Rep. Tipton, Scott  R. [R-CO-3]</fullName>
        <lastName>Tipton</lastName>
        <middleName>R.</middleName>
        <bioguideId>T000470</bioguideId>
        <firstName>Scott</firstName>
        <state>CO</state>
        <identifiers>
          <lisID>1997</lisID>
          <gpoId>7861</gpoId>
          <bioguideId>T000470</bioguideId>
        </identifiers>
      </item>
      <item>
        <sponsorshipDate>2017-05-04</sponsorshipDate>
        <sponsorshipWithdrawnDate />
        <party>R</party>
        <isOriginalCosponsor>False</isOriginalCosponsor>
        <district>4</district>
        <fullName>Rep. Ratcliffe, John [R-TX-4]</fullName>
        <lastName>Ratcliffe</lastName>
        <middleName />
        <bioguideId>R000601</bioguideId>
        <firstName>John</firstName>
        <state>TX</state>
        <identifiers>
          <bioguideId>R000601</bioguideId>
          <lisID>2268</lisID>
          <gpoId />
        </identifiers>
      </item>
      <item>
        <sponsorshipDate>2017-05-26</sponsorshipDate>
        <sponsorshipWithdrawnDate />
        <party>R</party>
        <isOriginalCosponsor>False</isOriginalCosponsor>
        <district>6</district>
        <fullName>Rep. Palmer, Gary J. [R-AL-6]</fullName>
        <lastName>Palmer</lastName>
        <middleName>J.</middleName>
        <bioguideId>P000609</bioguideId>
        <firstName>Gary</firstName>
        <state>AL</state>
        <identifiers>
          <gpoId />
          <lisID>2221</lisID>
          <bioguideId>P000609</bioguideId>
        </identifiers>
      </item>
      <item>
        <sponsorshipDate>2017-10-02</sponsorshipDate>
        <sponsorshipWithdrawnDate />
        <party>R</party>
        <isOriginalCosponsor>False</isOriginalCosponsor>
        <district>5</district>
        <fullName>Rep. Norman, Ralph [R-SC-5]</fullName>
        <lastName>Norman</lastName>
        <middleName />
        <bioguideId>N000190</bioguideId>
        <firstName>Ralph</firstName>
        <state>SC</state>
        <identifiers>
          <gpoId />
          <bioguideId>N000190</bioguideId>
          <lisID>2361</lisID>
        </identifiers>
      </item>
      <item>
        <sponsorshipDate>2018-02-13</sponsorshipDate>
        <sponsorshipWithdrawnDate />
        <party>R</party>
        <isOriginalCosponsor>False</isOriginalCosponsor>
        <district>8</district>
        <fullName>Rep. Gallagher, Mike [R-WI-8]</fullName>
        <lastName>Gallagher</lastName>
        <middleName />
        <bioguideId>G000579</bioguideId>
        <firstName>Mike</firstName>
        <state>WI</state>
        <identifiers>
          <gpoId />
          <lisID>2355</lisID>
          <bioguideId>G000579</bioguideId>
        </identifiers>
      </item>
    </cosponsors>
    <titles>
      <item>
        <titleType>(Extracted from GPO) Short Titles as Introduced</titleType>
        <parentTitleType />
        <chamberCode />
        <title>Health Savings Account Expansion Act of 2017</title>
        <chamberName />
      </item>
      <item>
        <titleType>Short Titles as Introduced</titleType>
        <parentTitleType />
        <chamberCode />
        <title>Health Savings Account Expansion Act of 2017</title>
        <chamberName />
      </item>
      <item>
        <titleType>Official Title as Introduced</titleType>
        <parentTitleType />
        <chamberCode />
        <title>To amend the Internal Revenue Code of 1986 to expand the permissible use of health savings accounts to include health insurance payments and to increase the dollar limitation for contributions to health savings accounts, and for other purposes.</title>
        <chamberName />
      </item>
      <item>
        <titleType>Display Title</titleType>
        <parentTitleType />
        <chamberCode />
        <title>Health Savings Account Expansion Act of 2017</title>
        <chamberName />
      </item>
    </titles>
    <committees>
      <billCommittees>
        <item>
          <chamber>House</chamber>
          <type>Standing</type>
          <subcommittees />
          <systemCode>hswm00</systemCode>
          <name>Ways and Means Committee</name>
          <activities>
            <item>
              <date>2017-01-04T15:06:30Z</date>
              <name>Referred to</name>
            </item>
          </activities>
        </item>
      </billCommittees>
    </committees>
    <calendarNumbers />
    <billType>HR</billType>
    <originChamber>House</originChamber>
    <summaries>
      <billSummaries>
        <item>
          <lastSummaryUpdateDate>2017-01-13T14:39:20Z</lastSummaryUpdateDate>
          <versionCode>00</versionCode>
          <actionDesc>Introduced in House</actionDesc>
          <actionDate>2017-01-04</actionDate>
          <name>Introduced in House</name>
          <text><![CDATA[<p><b>Health Savings Account Expansion Act of 201</b><b>7</b></p> <p>This bill amends the Internal Revenue Code to modify the requirements for health savings accounts (HSAs) to:</p> <ul> <li> increase the maximum contribution amounts, </li> <li> permit the use of HSAs to pay health insurance premiums and direct primary care expenses, </li> <li> repeal the restriction on using HSAs for over-the-counter medications, </li> <li> eliminate the requirement that a participant in an HSA be enrolled in a high deductible health care plan, and </li> <li> decrease the additional tax for HSA distributions not used for qualified medical expenses. </li> </ul>]]></text>
          <updateDate>2017-01-04T05:00:00Z</updateDate>
        </item>
      </billSummaries>
    </summaries>
    <committeeReports />
    <laws />
    <version>1.0.0</version>
    <title>Health Savings Account Expansion Act of 2017</title>
    <cboCostEstimates />
    <introducedDate>2017-01-04</introducedDate>
    <actions>
      <actionByCounts>
        <houseOfRepresentatives>3</houseOfRepresentatives>
      </actionByCounts>
      <actionTypeCounts>
        <introducedInTheHouse>1</introducedInTheHouse>
        <introducedInHouse>1</introducedInHouse>
        <billReferrals>1</billReferrals>
      </actionTypeCounts>
      <item>
        <actionDate>2017-01-04</actionDate>
        <type>IntroReferral</type>
        <sourceSystem>
          <name>House floor actions</name>
          <code>2</code>
        </sourceSystem>
        <committee>
          <name>Ways and Means Committee</name>
          <systemCode>hswm00</systemCode>
        </committee>
        <text>Referred to the House Committee on Ways and Means.</text>
        <actionCode>H11100</actionCode>
        <links />
      </item>
      <item>
        <actionDate>2017-01-04</actionDate>
        <type>IntroReferral</type>
        <sourceSystem>
          <name>Library of Congress</name>
          <code>9</code>
        </sourceSystem>
        <committee />
        <text>Introduced in House</text>
        <actionCode>Intro-H</actionCode>
        <links />
      </item>
      <item>
        <actionDate>2017-01-04</actionDate>
        <type>IntroReferral</type>
        <sourceSystem>
          <name>Library of Congress</name>
          <code>9</code>
        </sourceSystem>
        <committee />
        <text>Introduced in House</text>
        <actionCode>1000</actionCode>
        <links />
      </item>
    </actions>
    <congress>115</congress>
    <notes />
    <constitutionalAuthorityStatementText><![CDATA[<pre>From the Congressional Record Online through the Government Publishing Office [<a href='http://www.gpo.gov'>www.gpo.gov</a>]By Mr. BRAT:H.R. 247.Congress has the power to enact this legislation pursuantto the following:The Sixteenth Amendment to the Constitution grants Congress``power to lay and collect taxes on incomes, from whateversource derived, without apportionment among the severalStates, and without regard to any census or enumeration.''Left undefined in the amendment, the ``incomes'' appropriatefor taxation must be determined through legislation passed byCongress. Congress therefore has the power to exclude fromincome taxation such sources as it deems appropriate.[Page H96]</pre>]]></constitutionalAuthorityStatementText>
    <relatedBills>
      <item>
        <number>28</number>
        <latestAction>
          <text>Read twice and referred to the Committee on Finance. (Sponsor introductory remarks on measure: CR S60-61)</text>
          <actionDate>2017-01-04</actionDate>
        </latestAction>
        <congress>115</congress>
        <latestTitle>Health Savings Account Expansion Act of 2017</latestTitle>
        <type>S</type>
        <relationshipDetails>
          <item>
            <type>Identical bill</type>
            <identifiedBy>CRS</identifiedBy>
          </item>
          <item>
            <type>Related bill</type>
            <identifiedBy>CRS</identifiedBy>
          </item>
        </relationshipDetails>
      </item>
    </relatedBills>
  </bill>
  <dublinCore xmlns:dc="http://purl.org/dc/elements/1.1/">
    <dc:format>text/xml</dc:format>
    <dc:language>EN</dc:language>
    <dc:rights>Pursuant to Title 17 Section 105 of the United States Code, this file is not subject to copyright protection and is in the public domain.</dc:rights>
    <dc:contributor>Congressional Research Service, Library of Congress</dc:contributor>
    <dc:description>This file contains bill summaries and statuses for federal legislation. A bill summary describes the most significant provisions of a piece of legislation and details the effects the legislative text may have on current law and federal programs. Bill summaries are authored by the Congressional Research Service (CRS) of the Library of Congress. As stated in Public Law 91-510 (2 USC 166 (d)(6)), one of the duties of CRS is "to prepare summaries and digests of bills and resolutions of a public general nature introduced in the Senate or House of Representatives". For more information, refer to the User Guide that accompanies this file.</dc:description>
  </dublinCore>
</billStatus>

