<?xml version="1.0" encoding="UTF-8"?>
<billStatus>
  <bill>
    <committeeReports />
    <summaries>
      <billSummaries>
        <item>
          <updateDate>2017-01-13T05:00:00Z</updateDate>
          <actionDesc>Introduced in House</actionDesc>
          <versionCode>00</versionCode>
          <lastSummaryUpdateDate>2017-08-07T15:50:50Z</lastSummaryUpdateDate>
          <name>Introduced in House</name>
          <actionDate>2017-01-13</actionDate>
          <text><![CDATA[<p><strong>Terror-Free Skies Act</strong></p> <p>This bill requires the President to report to specified congressional committees every 180 days on the Iranian government's use of commercial aircraft and related services for illicit military or other activities during the past five years. Such report shall describe the extent to which:</p> <ul> <li>Iran's government has used commercial aircraft, including Iran Air, or related services to transport illicit cargo to or from Iran, including military goods, weapons, personnel, electronic parts and mechanical equipment, or rocket or missile components; </li> <li>the commercial aviation sector of Iran has provided support to the Islamic Revolutionary Guard Corps, Iran's Ministry of Defense and Armed Forces Logistics, the Bashar al Assad Regime, Hezbollah, Hamas, Kata'ib Hezbollah, or any other foreign terrorist organizations or entities designated on the specially designated national list maintained by the U.S. Department of the Treasury; and </li> <li>foreign governments and persons have facilitated such activities. </li></ul> <p>If the President determines in such a report that any Iranian commercial airliner has used commercial aircraft for illicit military purposes on or after January 16, 2016, the President shall designate such airline as a specially designated national and blocked person.</p> <p>This bill shall cease to be effective 30 days after the President certifies that the Iranian government has ceased providing support for acts of international terrorism.</p> <ul></ul>]]></text>
        </item>
      </billSummaries>
    </summaries>
    <relatedBills>
      <item>
        <type>S</type>
        <latestTitle>Iran Terror-Free Skies Act of 2017</latestTitle>
        <congress>115</congress>
        <latestAction>
          <text>Read twice and referred to the Committee on Foreign Relations.</text>
          <actionDate>2017-02-16</actionDate>
        </latestAction>
        <number>420</number>
        <relationshipDetails>
          <item>
            <type>Related bill</type>
            <identifiedBy>CRS</identifiedBy>
          </item>
        </relationshipDetails>
      </item>
    </relatedBills>
    <createDate>2017-01-14T04:47:33Z</createDate>
    <cosponsors>
      <item>
        <sponsorshipWithdrawnDate />
        <lastName>SHERMAN</lastName>
        <identifiers>
          <gpoId>7832</gpoId>
          <bioguideId>S000344</bioguideId>
          <lisID>1526</lisID>
        </identifiers>
        <isOriginalCosponsor>True</isOriginalCosponsor>
        <middleName />
        <state>CA</state>
        <party>D</party>
        <fullName>Rep. Sherman, Brad [D-CA-30]</fullName>
        <bioguideId>S000344</bioguideId>
        <sponsorshipDate>2017-01-13</sponsorshipDate>
        <firstName>BRAD</firstName>
        <district>30</district>
      </item>
      <item>
        <sponsorshipWithdrawnDate />
        <lastName>Zeldin</lastName>
        <identifiers>
          <lisID>2261</lisID>
          <bioguideId>Z000017</bioguideId>
          <gpoId />
        </identifiers>
        <isOriginalCosponsor>True</isOriginalCosponsor>
        <middleName>M.</middleName>
        <state>NY</state>
        <party>R</party>
        <fullName>Rep. Zeldin, Lee M. [R-NY-1]</fullName>
        <bioguideId>Z000017</bioguideId>
        <sponsorshipDate>2017-01-13</sponsorshipDate>
        <firstName>Lee</firstName>
        <district>1</district>
      </item>
      <item>
        <sponsorshipWithdrawnDate />
        <lastName>Bacon</lastName>
        <identifiers>
          <gpoId />
          <bioguideId>B001298</bioguideId>
          <lisID>2337</lisID>
        </identifiers>
        <isOriginalCosponsor>False</isOriginalCosponsor>
        <middleName />
        <state>NE</state>
        <party>R</party>
        <fullName>Rep. Bacon, Don [R-NE-2]</fullName>
        <bioguideId>B001298</bioguideId>
        <sponsorshipDate>2017-04-26</sponsorshipDate>
        <firstName>Don</firstName>
        <district>2</district>
      </item>
      <item>
        <sponsorshipWithdrawnDate />
        <lastName>Russell</lastName>
        <identifiers>
          <bioguideId>R000604</bioguideId>
          <lisID>2265</lisID>
          <gpoId />
        </identifiers>
        <isOriginalCosponsor>False</isOriginalCosponsor>
        <middleName />
        <state>OK</state>
        <party>R</party>
        <fullName>Rep. Russell, Steve [R-OK-5]</fullName>
        <bioguideId>R000604</bioguideId>
        <sponsorshipDate>2017-04-26</sponsorshipDate>
        <firstName>Steve</firstName>
        <district>5</district>
      </item>
      <item>
        <sponsorshipWithdrawnDate />
        <lastName>Brooks</lastName>
        <identifiers>
          <gpoId>7790</gpoId>
          <bioguideId>B001274</bioguideId>
          <lisID>1987</lisID>
        </identifiers>
        <isOriginalCosponsor>False</isOriginalCosponsor>
        <middleName />
        <state>AL</state>
        <party>R</party>
        <fullName>Rep. Brooks, Mo [R-AL-5]</fullName>
        <bioguideId>B001274</bioguideId>
        <sponsorshipDate>2017-05-22</sponsorshipDate>
        <firstName>Mo</firstName>
        <district>5</district>
      </item>
      <item>
        <sponsorshipWithdrawnDate />
        <lastName>Lamborn</lastName>
        <identifiers>
          <lisID>1834</lisID>
          <gpoId>7863</gpoId>
          <bioguideId>L000564</bioguideId>
        </identifiers>
        <isOriginalCosponsor>False</isOriginalCosponsor>
        <middleName />
        <state>CO</state>
        <party>R</party>
        <fullName>Rep. Lamborn, Doug [R-CO-5]</fullName>
        <bioguideId>L000564</bioguideId>
        <sponsorshipDate>2017-06-23</sponsorshipDate>
        <firstName>Doug</firstName>
        <district>5</district>
      </item>
      <item>
        <sponsorshipWithdrawnDate />
        <lastName>Brooks</lastName>
        <identifiers>
          <gpoId />
          <lisID>2129</lisID>
          <bioguideId>B001284</bioguideId>
        </identifiers>
        <isOriginalCosponsor>False</isOriginalCosponsor>
        <middleName>W.</middleName>
        <state>IN</state>
        <party>R</party>
        <fullName>Rep. Brooks, Susan W. [R-IN-5]</fullName>
        <bioguideId>B001284</bioguideId>
        <sponsorshipDate>2018-01-17</sponsorshipDate>
        <firstName>Susan</firstName>
        <district>5</district>
      </item>
    </cosponsors>
    <billNumber>566</billNumber>
    <version>1.0.0</version>
    <calendarNumbers />
    <amendments />
    <laws />
    <constitutionalAuthorityStatementText><![CDATA[<pre>From the Congressional Record Online through the Government Publishing Office [<a href='http://www.gpo.gov'>www.gpo.gov</a>]By Mr. ROSKAM:H.R. 566.Congress has the power to enact this legislation pursuantto the following:Article 1, Section 8, Clause 1 of the Constitution.Article 1, Section 8, Clause 3 of the Constitution.Article 1, Section 8, Clause 18 of the Constitution.[Page H548]</pre>]]></constitutionalAuthorityStatementText>
    <titles>
      <item>
        <parentTitleType />
        <titleType>(Extracted from GPO) Short Titles as Introduced</titleType>
        <title>Terror-Free Skies Act</title>
        <chamberCode />
        <chamberName />
      </item>
      <item>
        <parentTitleType />
        <titleType>Short Titles as Introduced</titleType>
        <title>Terror-Free Skies Act</title>
        <chamberCode />
        <chamberName />
      </item>
      <item>
        <parentTitleType />
        <titleType>Official Title as Introduced</titleType>
        <title>To require the President to report on the use by the Government of Iran of commercial aircraft and related services for illicit military or other activities, and for other purposes.</title>
        <chamberCode />
        <chamberName />
      </item>
      <item>
        <parentTitleType />
        <titleType>Display Title</titleType>
        <title>Terror-Free Skies Act</title>
        <chamberCode />
        <chamberName />
      </item>
    </titles>
    <recordedVotes />
    <originChamber>House</originChamber>
    <latestAction>
      <text>Referred to the House Committee on Foreign Affairs.</text>
      <actionDate>2017-01-13</actionDate>
      <links />
    </latestAction>
    <introducedDate>2017-01-13</introducedDate>
    <sponsors>
      <item>
        <fullName>Rep. Roskam, Peter J. [R-IL-6]</fullName>
        <party>R</party>
        <identifiers>
          <lisID>1848</lisID>
          <gpoId>7926</gpoId>
          <bioguideId>R000580</bioguideId>
        </identifiers>
        <firstName>Peter</firstName>
        <middleName>J.</middleName>
        <district>6</district>
        <lastName>Roskam</lastName>
        <bioguideId>R000580</bioguideId>
        <state>IL</state>
        <byRequestType />
      </item>
    </sponsors>
    <subjects>
      <billSubjects>
        <legislativeSubjects>
          <item>
            <name>Aviation and airports</name>
          </item>
          <item>
            <name>Congressional oversight</name>
          </item>
          <item>
            <name>Iran</name>
          </item>
          <item>
            <name>Lebanon</name>
          </item>
          <item>
            <name>Middle East</name>
          </item>
          <item>
            <name>Military assistance, sales, and agreements</name>
          </item>
          <item>
            <name>Terrorism</name>
          </item>
        </legislativeSubjects>
        <policyArea>
          <name>International Affairs</name>
        </policyArea>
      </billSubjects>
    </subjects>
    <policyArea>
      <name>International Affairs</name>
    </policyArea>
    <billType>HR</billType>
    <notes />
    <title>Terror-Free Skies Act</title>
    <committees>
      <billCommittees>
        <item>
          <systemCode>hsfa00</systemCode>
          <chamber>House</chamber>
          <activities>
            <item>
              <name>Referred to</name>
              <date>2017-01-13T14:02:10Z</date>
            </item>
          </activities>
          <name>Foreign Affairs Committee</name>
          <type>Standing</type>
          <subcommittees />
        </item>
      </billCommittees>
    </committees>
    <congress>115</congress>
    <cboCostEstimates />
    <updateDate>2018-02-28T18:59:06Z</updateDate>
    <actions>
      <actionByCounts>
        <houseOfRepresentatives>3</houseOfRepresentatives>
      </actionByCounts>
      <actionTypeCounts>
        <billReferrals>1</billReferrals>
        <introducedInHouse>1</introducedInHouse>
        <introducedInTheHouse>1</introducedInTheHouse>
      </actionTypeCounts>
      <item>
        <type>IntroReferral</type>
        <links />
        <committee>
          <systemCode>hsfa00</systemCode>
          <name>Foreign Affairs Committee</name>
        </committee>
        <text>Referred to the House Committee on Foreign Affairs.</text>
        <actionCode>H11100</actionCode>
        <actionDate>2017-01-13</actionDate>
        <sourceSystem>
          <name>House floor actions</name>
          <code>2</code>
        </sourceSystem>
      </item>
      <item>
        <type>IntroReferral</type>
        <links />
        <committee />
        <text>Introduced in House</text>
        <actionCode>Intro-H</actionCode>
        <actionDate>2017-01-13</actionDate>
        <sourceSystem>
          <name>Library of Congress</name>
          <code>9</code>
        </sourceSystem>
      </item>
      <item>
        <type>IntroReferral</type>
        <links />
        <committee />
        <text>Introduced in House</text>
        <actionCode>1000</actionCode>
        <actionDate>2017-01-13</actionDate>
        <sourceSystem>
          <name>Library of Congress</name>
          <code>9</code>
        </sourceSystem>
      </item>
    </actions>
  </bill>
  <dublinCore xmlns:dc="http://purl.org/dc/elements/1.1/">
    <dc:format>text/xml</dc:format>
    <dc:language>EN</dc:language>
    <dc:rights>Pursuant to Title 17 Section 105 of the United States Code, this file is not subject to copyright protection and is in the public domain.</dc:rights>
    <dc:contributor>Congressional Research Service, Library of Congress</dc:contributor>
    <dc:description>This file contains bill summaries and statuses for federal legislation. A bill summary describes the most significant provisions of a piece of legislation and details the effects the legislative text may have on current law and federal programs. Bill summaries are authored by the Congressional Research Service (CRS) of the Library of Congress. As stated in Public Law 91-510 (2 USC 166 (d)(6)), one of the duties of CRS is "to prepare summaries and digests of bills and resolutions of a public general nature introduced in the Senate or House of Representatives". For more information, refer to the User Guide that accompanies this file.</dc:description>
  </dublinCore>
</billStatus>

