<?xml version="1.0" encoding="UTF-8"?>
<billStatus>
  <bill>
    <sponsors>
      <item>
        <fullName>Rep. Yarmuth, John A. [D-KY-3]</fullName>
        <lastName>Yarmuth</lastName>
        <bioguideId>Y000062</bioguideId>
        <party>D</party>
        <middleName>A.</middleName>
        <state>KY</state>
        <firstName>John</firstName>
        <district>3</district>
        <byRequestType />
        <identifiers>
          <lisID>1853</lisID>
          <gpoId>7955</gpoId>
          <bioguideId>Y000062</bioguideId>
        </identifiers>
      </item>
    </sponsors>
    <laws />
    <version>1.0.0</version>
    <introducedDate>2017-01-13</introducedDate>
    <cboCostEstimates />
    <titles>
      <item>
        <chamberName />
        <titleType>(Extracted from GPO) Short Titles as Introduced</titleType>
        <title>Muhammad Ali Commemorative Coin Act</title>
        <parentTitleType />
        <chamberCode />
      </item>
      <item>
        <chamberName />
        <titleType>Short Titles as Introduced</titleType>
        <title>Muhammad Ali Commemorative Coin Act</title>
        <parentTitleType />
        <chamberCode />
      </item>
      <item>
        <chamberName />
        <titleType>Official Title as Introduced</titleType>
        <title>To require the Secretary of the Treasury to mint coins in commemoration of Muhammad Ali.</title>
        <parentTitleType />
        <chamberCode />
      </item>
      <item>
        <chamberName />
        <titleType>Display Title</titleType>
        <title>Muhammad Ali Commemorative Coin Act</title>
        <parentTitleType />
        <chamberCode />
      </item>
    </titles>
    <amendments />
    <recordedVotes />
    <relatedBills>
      <item>
        <congress>115</congress>
        <number>166</number>
        <type>S</type>
        <relationshipDetails>
          <item>
            <type>Identical bill</type>
            <identifiedBy>CRS</identifiedBy>
          </item>
        </relationshipDetails>
        <latestTitle>Muhammad Ali Commemorative Coin Act</latestTitle>
        <latestAction>
          <text>Read twice and referred to the Committee on Banking, Housing, and Urban Affairs.</text>
          <actionDate>2017-01-17</actionDate>
        </latestAction>
      </item>
    </relatedBills>
    <constitutionalAuthorityStatementText><![CDATA[<pre>From the Congressional Record Online through the Government Publishing Office [<a href='http://www.gpo.gov'>www.gpo.gov</a>]By Mr. YARMUTH:H.R. 579.Congress has the power to enact this legislation pursuantto the following:Section 8 of Article I of the Constitution.[Page H548]</pre>]]></constitutionalAuthorityStatementText>
    <billType>HR</billType>
    <actions>
      <actionTypeCounts>
        <introducedInTheHouse>1</introducedInTheHouse>
        <billReferrals>1</billReferrals>
        <introducedInHouse>1</introducedInHouse>
      </actionTypeCounts>
      <item>
        <type>IntroReferral</type>
        <links />
        <text>Referred to the House Committee on Financial Services.</text>
        <committee>
          <systemCode>hsba00</systemCode>
          <name>Financial Services Committee</name>
        </committee>
        <actionDate>2017-01-13</actionDate>
        <sourceSystem>
          <name>House floor actions</name>
          <code>2</code>
        </sourceSystem>
        <actionCode>H11100</actionCode>
      </item>
      <item>
        <type>IntroReferral</type>
        <links />
        <text>Introduced in House</text>
        <committee />
        <actionDate>2017-01-13</actionDate>
        <sourceSystem>
          <name>Library of Congress</name>
          <code>9</code>
        </sourceSystem>
        <actionCode>Intro-H</actionCode>
      </item>
      <item>
        <type>IntroReferral</type>
        <links />
        <text>Introduced in House</text>
        <committee />
        <actionDate>2017-01-13</actionDate>
        <sourceSystem>
          <name>Library of Congress</name>
          <code>9</code>
        </sourceSystem>
        <actionCode>1000</actionCode>
      </item>
      <actionByCounts>
        <houseOfRepresentatives>3</houseOfRepresentatives>
      </actionByCounts>
    </actions>
    <notes />
    <originChamber>House</originChamber>
    <congress>115</congress>
    <subjects>
      <billSubjects>
        <legislativeSubjects>
          <item>
            <name>Athletes</name>
          </item>
          <item>
            <name>Currency</name>
          </item>
          <item>
            <name>Professional sports</name>
          </item>
        </legislativeSubjects>
        <policyArea>
          <name>Finance and Financial Sector</name>
        </policyArea>
      </billSubjects>
    </subjects>
    <billNumber>579</billNumber>
    <cosponsors>
      <item>
        <identifiers>
          <lisID>1994</lisID>
          <bioguideId>S001183</bioguideId>
          <gpoId>7802</gpoId>
        </identifiers>
        <sponsorshipDate>2017-01-13</sponsorshipDate>
        <district>6</district>
        <middleName />
        <sponsorshipWithdrawnDate />
        <fullName>Rep. Schweikert, David [R-AZ-6]</fullName>
        <party>R</party>
        <firstName>David</firstName>
        <isOriginalCosponsor>True</isOriginalCosponsor>
        <lastName>Schweikert</lastName>
        <state>AZ</state>
        <bioguideId>S001183</bioguideId>
      </item>
      <item>
        <identifiers>
          <gpoId>8067</gpoId>
          <bioguideId>M001137</bioguideId>
          <lisID>1506</lisID>
        </identifiers>
        <sponsorshipDate>2017-03-24</sponsorshipDate>
        <district>5</district>
        <middleName>W.</middleName>
        <sponsorshipWithdrawnDate />
        <fullName>Rep. Meeks, Gregory W. [D-NY-5]</fullName>
        <party>D</party>
        <firstName>GREGORY</firstName>
        <isOriginalCosponsor>False</isOriginalCosponsor>
        <lastName>MEEKS</lastName>
        <state>NY</state>
        <bioguideId>M001137</bioguideId>
      </item>
      <item>
        <identifiers>
          <lisID>2298</lisID>
          <gpoId />
          <bioguideId>E000296</bioguideId>
        </identifiers>
        <sponsorshipDate>2017-03-28</sponsorshipDate>
        <district>2</district>
        <middleName />
        <sponsorshipWithdrawnDate />
        <fullName>Rep. Evans, Dwight [D-PA-2]</fullName>
        <party>D</party>
        <firstName>Dwight</firstName>
        <isOriginalCosponsor>False</isOriginalCosponsor>
        <lastName>Evans</lastName>
        <state>PA</state>
        <bioguideId>E000296</bioguideId>
      </item>
      <item>
        <identifiers>
          <bioguideId>M001190</bioguideId>
          <lisID>2156</lisID>
          <gpoId />
        </identifiers>
        <sponsorshipDate>2017-04-06</sponsorshipDate>
        <district>2</district>
        <middleName />
        <sponsorshipWithdrawnDate />
        <fullName>Rep. Mullin, Markwayne [R-OK-2]</fullName>
        <party>R</party>
        <firstName>Markwayne</firstName>
        <isOriginalCosponsor>False</isOriginalCosponsor>
        <lastName>Mullin</lastName>
        <state>OK</state>
        <bioguideId>M001190</bioguideId>
      </item>
      <item>
        <identifiers>
          <gpoId>7921</gpoId>
          <lisID>1003</lisID>
          <bioguideId>R000515</bioguideId>
        </identifiers>
        <sponsorshipDate>2017-06-23</sponsorshipDate>
        <district>1</district>
        <middleName>L.</middleName>
        <sponsorshipWithdrawnDate />
        <fullName>Rep. Rush, Bobby L. [D-IL-1]</fullName>
        <party>D</party>
        <firstName>BOBBY</firstName>
        <isOriginalCosponsor>False</isOriginalCosponsor>
        <lastName>RUSH</lastName>
        <state>IL</state>
        <bioguideId>R000515</bioguideId>
      </item>
      <item>
        <identifiers>
          <lisID>2153</lisID>
          <bioguideId>B001281</bioguideId>
          <gpoId />
        </identifiers>
        <sponsorshipDate>2017-06-23</sponsorshipDate>
        <district>3</district>
        <middleName />
        <sponsorshipWithdrawnDate />
        <fullName>Rep. Beatty, Joyce [D-OH-3]</fullName>
        <party>D</party>
        <firstName>Joyce</firstName>
        <isOriginalCosponsor>False</isOriginalCosponsor>
        <lastName>Beatty</lastName>
        <state>OH</state>
        <bioguideId>B001281</bioguideId>
      </item>
      <item>
        <identifiers>
          <lisID>1940</lisID>
          <bioguideId>T000468</bioguideId>
          <gpoId>7493</gpoId>
        </identifiers>
        <sponsorshipDate>2017-06-23</sponsorshipDate>
        <district>1</district>
        <middleName />
        <sponsorshipWithdrawnDate />
        <fullName>Rep. Titus, Dina [D-NV-1]</fullName>
        <party>D</party>
        <firstName>Dina</firstName>
        <isOriginalCosponsor>False</isOriginalCosponsor>
        <lastName>Titus</lastName>
        <state>NV</state>
        <bioguideId>T000468</bioguideId>
      </item>
      <item>
        <identifiers>
          <lisID>2251</lisID>
          <gpoId />
          <bioguideId>D000624</bioguideId>
        </identifiers>
        <sponsorshipDate>2017-06-23</sponsorshipDate>
        <district>12</district>
        <middleName />
        <sponsorshipWithdrawnDate />
        <fullName>Rep. Dingell, Debbie [D-MI-12]</fullName>
        <party>D</party>
        <firstName>Debbie</firstName>
        <isOriginalCosponsor>False</isOriginalCosponsor>
        <lastName>Dingell</lastName>
        <state>MI</state>
        <bioguideId>D000624</bioguideId>
      </item>
      <item>
        <identifiers>
          <bioguideId>K000381</bioguideId>
          <gpoId />
          <lisID>2169</lisID>
        </identifiers>
        <sponsorshipDate>2017-06-23</sponsorshipDate>
        <district>6</district>
        <middleName />
        <sponsorshipWithdrawnDate />
        <fullName>Rep. Kilmer, Derek [D-WA-6]</fullName>
        <party>D</party>
        <firstName>Derek</firstName>
        <isOriginalCosponsor>False</isOriginalCosponsor>
        <lastName>Kilmer</lastName>
        <state>WA</state>
        <bioguideId>K000381</bioguideId>
      </item>
      <item>
        <identifiers>
          <bioguideId>N000147</bioguideId>
          <lisID>868</lisID>
          <gpoId>7871</gpoId>
        </identifiers>
        <sponsorshipDate>2017-06-23</sponsorshipDate>
        <district>0</district>
        <middleName>HOLMES</middleName>
        <sponsorshipWithdrawnDate />
        <fullName>Rep. Norton, Eleanor Holmes [D-DC-At Large]</fullName>
        <party>D</party>
        <firstName>ELEANOR</firstName>
        <isOriginalCosponsor>False</isOriginalCosponsor>
        <lastName>NORTON</lastName>
        <state>DC</state>
        <bioguideId>N000147</bioguideId>
      </item>
      <item>
        <identifiers>
          <lisID>599</lisID>
          <bioguideId>J000126</bioguideId>
          <gpoId>8186</gpoId>
        </identifiers>
        <sponsorshipDate>2017-06-23</sponsorshipDate>
        <district>30</district>
        <middleName>BERNICE</middleName>
        <sponsorshipWithdrawnDate />
        <fullName>Rep. Johnson, Eddie Bernice [D-TX-30]</fullName>
        <party>D</party>
        <firstName>EDDIE</firstName>
        <isOriginalCosponsor>False</isOriginalCosponsor>
        <lastName>JOHNSON</lastName>
        <state>TX</state>
        <bioguideId>J000126</bioguideId>
      </item>
      <item>
        <identifiers>
          <bioguideId>L000551</bioguideId>
          <gpoId>7814</gpoId>
          <lisID>1501</lisID>
        </identifiers>
        <sponsorshipDate>2017-06-23</sponsorshipDate>
        <district>13</district>
        <middleName />
        <sponsorshipWithdrawnDate />
        <fullName>Rep. Lee, Barbara [D-CA-13]</fullName>
        <party>D</party>
        <firstName>BARBARA</firstName>
        <isOriginalCosponsor>False</isOriginalCosponsor>
        <lastName>LEE</lastName>
        <state>CA</state>
        <bioguideId>L000551</bioguideId>
      </item>
      <item>
        <identifiers>
          <lisID>1761</lisID>
          <bioguideId>B001251</bioguideId>
          <gpoId>8024</gpoId>
        </identifiers>
        <sponsorshipDate>2017-06-28</sponsorshipDate>
        <district>1</district>
        <middleName />
        <sponsorshipWithdrawnDate />
        <fullName>Rep. Butterfield, G. K. [D-NC-1]</fullName>
        <party>D</party>
        <firstName>G. K.</firstName>
        <isOriginalCosponsor>False</isOriginalCosponsor>
        <lastName>Butterfield</lastName>
        <state>NC</state>
        <bioguideId>B001251</bioguideId>
      </item>
      <item>
        <identifiers>
          <bioguideId>C001049</bioguideId>
          <lisID>1654</lisID>
          <gpoId>8009</gpoId>
        </identifiers>
        <sponsorshipDate>2017-06-28</sponsorshipDate>
        <district>1</district>
        <middleName>LACY</middleName>
        <sponsorshipWithdrawnDate />
        <fullName>Rep. Clay, Wm. Lacy [D-MO-1]</fullName>
        <party>D</party>
        <firstName>WM.</firstName>
        <isOriginalCosponsor>False</isOriginalCosponsor>
        <lastName>CLAY</lastName>
        <state>MO</state>
        <bioguideId>C001049</bioguideId>
      </item>
      <item>
        <identifiers>
          <gpoId>7960</gpoId>
          <bioguideId>R000588</bioguideId>
          <lisID>2023</lisID>
        </identifiers>
        <sponsorshipDate>2017-06-28</sponsorshipDate>
        <district>2</district>
        <middleName>L.</middleName>
        <sponsorshipWithdrawnDate />
        <fullName>Rep. Richmond, Cedric L. [D-LA-2]</fullName>
        <party>D</party>
        <firstName>Cedric</firstName>
        <isOriginalCosponsor>False</isOriginalCosponsor>
        <lastName>Richmond</lastName>
        <state>LA</state>
        <bioguideId>R000588</bioguideId>
      </item>
      <item>
        <identifiers>
          <gpoId>7895</gpoId>
          <bioguideId>H000324</bioguideId>
          <lisID>511</lisID>
        </identifiers>
        <sponsorshipDate>2017-06-28</sponsorshipDate>
        <district>20</district>
        <middleName>L.</middleName>
        <sponsorshipWithdrawnDate />
        <fullName>Rep. Hastings, Alcee L. [D-FL-20]</fullName>
        <party>D</party>
        <firstName>ALCEE</firstName>
        <isOriginalCosponsor>False</isOriginalCosponsor>
        <lastName>HASTINGS</lastName>
        <state>FL</state>
        <bioguideId>H000324</bioguideId>
      </item>
      <item>
        <identifiers>
          <gpoId />
          <bioguideId>D000627</bioguideId>
          <lisID>2320</lisID>
        </identifiers>
        <sponsorshipDate>2017-06-28</sponsorshipDate>
        <district>10</district>
        <middleName>Butler</middleName>
        <sponsorshipWithdrawnDate />
        <fullName>Rep. Demings, Val Butler [D-FL-10]</fullName>
        <party>D</party>
        <firstName>Val</firstName>
        <isOriginalCosponsor>False</isOriginalCosponsor>
        <lastName>Demings</lastName>
        <state>FL</state>
        <bioguideId>D000627</bioguideId>
      </item>
      <item>
        <identifiers>
          <lisID>1878</lisID>
          <bioguideId>C001068</bioguideId>
          <gpoId>8156</gpoId>
        </identifiers>
        <sponsorshipDate>2017-09-25</sponsorshipDate>
        <district>9</district>
        <middleName />
        <sponsorshipWithdrawnDate />
        <fullName>Rep. Cohen, Steve [D-TN-9]</fullName>
        <party>D</party>
        <firstName>Steve</firstName>
        <isOriginalCosponsor>False</isOriginalCosponsor>
        <lastName>Cohen</lastName>
        <state>TN</state>
        <bioguideId>C001068</bioguideId>
      </item>
      <item>
        <identifiers>
          <lisID>1889</lisID>
          <bioguideId>C001072</bioguideId>
          <gpoId>7946</gpoId>
        </identifiers>
        <sponsorshipDate>2017-09-25</sponsorshipDate>
        <district>7</district>
        <middleName />
        <sponsorshipWithdrawnDate />
        <fullName>Rep. Carson, Andre [D-IN-7]</fullName>
        <party>D</party>
        <firstName>Andre</firstName>
        <isOriginalCosponsor>False</isOriginalCosponsor>
        <lastName>Carson</lastName>
        <state>IN</state>
        <bioguideId>C001072</bioguideId>
      </item>
      <item>
        <identifiers>
          <bioguideId>J000032</bioguideId>
          <lisID>588</lisID>
          <gpoId>8174</gpoId>
        </identifiers>
        <sponsorshipDate>2017-10-24</sponsorshipDate>
        <district>18</district>
        <middleName />
        <sponsorshipWithdrawnDate />
        <fullName>Rep. Jackson Lee, Sheila [D-TX-18]</fullName>
        <party>D</party>
        <firstName>SHEILA</firstName>
        <isOriginalCosponsor>False</isOriginalCosponsor>
        <lastName>JACKSON LEE</lastName>
        <state>TX</state>
        <bioguideId>J000032</bioguideId>
      </item>
      <item>
        <identifiers>
          <bioguideId>L000565</bioguideId>
          <lisID>1846</lisID>
          <gpoId>7915</gpoId>
        </identifiers>
        <sponsorshipDate>2017-11-08</sponsorshipDate>
        <district>2</district>
        <middleName />
        <sponsorshipWithdrawnDate />
        <fullName>Rep. Loebsack, David [D-IA-2]</fullName>
        <party>D</party>
        <firstName>David</firstName>
        <isOriginalCosponsor>False</isOriginalCosponsor>
        <lastName>Loebsack</lastName>
        <state>IA</state>
        <bioguideId>L000565</bioguideId>
      </item>
    </cosponsors>
    <summaries>
      <billSummaries>
        <item>
          <text><![CDATA[<p><strong>Muhammad Ali Commemorative Coin Act</strong></p> <p>This bill requires the Department of the Treasury to mint and issue commemorative coins that emblemize the life and legacy of Muhammad Ali.&nbsp;</p> <p>Surcharges received from the sale of these coins shall be paid to: (1) the Muhammad Ali Center in Louisville, Kentucky; (2) the Muhammad Ali Institute for Peace and Justice at the University of Louisville; and (3) the Muhammad Ali Parkinson Center and Movement Disorder Clinic.</p>]]></text>
          <versionCode>00</versionCode>
          <actionDate>2017-01-13</actionDate>
          <name>Introduced in House</name>
          <actionDesc>Introduced in House</actionDesc>
          <lastSummaryUpdateDate>2017-05-31T21:47:54Z</lastSummaryUpdateDate>
          <updateDate>2017-01-13T05:00:00Z</updateDate>
        </item>
      </billSummaries>
    </summaries>
    <policyArea>
      <name>Finance and Financial Sector</name>
    </policyArea>
    <latestAction>
      <links />
      <actionDate>2017-01-13</actionDate>
      <text>Referred to the House Committee on Financial Services.</text>
    </latestAction>
    <updateDate>2018-02-06T16:40:56Z</updateDate>
    <committees>
      <billCommittees>
        <item>
          <name>Financial Services Committee</name>
          <chamber>House</chamber>
          <type>Standing</type>
          <subcommittees />
          <systemCode>hsba00</systemCode>
          <activities>
            <item>
              <name>Referred to</name>
              <date>2017-01-13T14:00:31Z</date>
            </item>
          </activities>
        </item>
      </billCommittees>
    </committees>
    <createDate>2017-01-14T04:47:33Z</createDate>
    <title>Muhammad Ali Commemorative Coin Act</title>
    <committeeReports />
    <calendarNumbers />
  </bill>
  <dublinCore xmlns:dc="http://purl.org/dc/elements/1.1/">
    <dc:format>text/xml</dc:format>
    <dc:language>EN</dc:language>
    <dc:rights>Pursuant to Title 17 Section 105 of the United States Code, this file is not subject to copyright protection and is in the public domain.</dc:rights>
    <dc:contributor>Congressional Research Service, Library of Congress</dc:contributor>
    <dc:description>This file contains bill summaries and statuses for federal legislation. A bill summary describes the most significant provisions of a piece of legislation and details the effects the legislative text may have on current law and federal programs. Bill summaries are authored by the Congressional Research Service (CRS) of the Library of Congress. As stated in Public Law 91-510 (2 USC 166 (d)(6)), one of the duties of CRS is "to prepare summaries and digests of bills and resolutions of a public general nature introduced in the Senate or House of Representatives". For more information, refer to the User Guide that accompanies this file.</dc:description>
  </dublinCore>
</billStatus>

