<?xml version="1.0" encoding="UTF-8"?>
<billStatus>
  <bill>
    <titles>
      <item>
        <chamberName />
        <titleType>(Extracted from GPO) Short Titles as Introduced</titleType>
        <title>West Coast Ocean Protection Act of 2017</title>
        <parentTitleType />
        <chamberCode />
      </item>
      <item>
        <chamberName />
        <titleType>Short Titles as Introduced</titleType>
        <title>West Coast Ocean Protection Act of 2017</title>
        <parentTitleType />
        <chamberCode />
      </item>
      <item>
        <chamberName />
        <titleType>Official Title as Introduced</titleType>
        <title>To amend the Outer Continental Shelf Lands Act to permanently prohibit the conduct of offshore drilling on the outer Continental Shelf off the coast of California, Oregon, and Washington.</title>
        <parentTitleType />
        <chamberCode />
      </item>
      <item>
        <chamberName />
        <titleType>Display Title</titleType>
        <title>West Coast Ocean Protection Act of 2017</title>
        <parentTitleType />
        <chamberCode />
      </item>
    </titles>
    <committeeReports />
    <sponsors>
      <item>
        <firstName>Jared</firstName>
        <middleName />
        <identifiers>
          <lisID>2101</lisID>
          <gpoId />
          <bioguideId>H001068</bioguideId>
        </identifiers>
        <party>D</party>
        <bioguideId>H001068</bioguideId>
        <lastName>Huffman</lastName>
        <fullName>Rep. Huffman, Jared [D-CA-2]</fullName>
        <byRequestType />
        <district>2</district>
        <state>CA</state>
      </item>
    </sponsors>
    <title>West Coast Ocean Protection Act of 2017</title>
    <actions>
      <actionTypeCounts>
        <introducedInTheHouse>1</introducedInTheHouse>
        <billReferrals>1</billReferrals>
        <introducedInHouse>1</introducedInHouse>
        <placeholderTextForH>1</placeholderTextForH>
      </actionTypeCounts>
      <item>
        <actionDate>2017-02-10</actionDate>
        <committee>
          <systemCode>hsii06</systemCode>
          <name>Energy and Mineral Resources Subcommittee</name>
        </committee>
        <links />
        <sourceSystem>
          <name>House committee actions</name>
          <code>1</code>
        </sourceSystem>
        <text>Referred to the Subcommittee on Energy and Mineral Resources.</text>
        <type>Committee</type>
      </item>
      <item>
        <type>IntroReferral</type>
        <links />
        <text>Referred to the House Committee on Natural Resources.</text>
        <committee>
          <systemCode>hsii00</systemCode>
          <name>Natural Resources Committee</name>
        </committee>
        <actionDate>2017-01-03</actionDate>
        <sourceSystem>
          <name>House floor actions</name>
          <code>2</code>
        </sourceSystem>
        <actionCode>H11100</actionCode>
      </item>
      <item>
        <type>IntroReferral</type>
        <links />
        <text>Introduced in House</text>
        <committee />
        <actionDate>2017-01-03</actionDate>
        <sourceSystem>
          <name>Library of Congress</name>
          <code>9</code>
        </sourceSystem>
        <actionCode>Intro-H</actionCode>
      </item>
      <item>
        <type>IntroReferral</type>
        <links />
        <text>Introduced in House</text>
        <committee />
        <actionDate>2017-01-03</actionDate>
        <sourceSystem>
          <name>Library of Congress</name>
          <code>9</code>
        </sourceSystem>
        <actionCode>1000</actionCode>
      </item>
      <actionByCounts>
        <houseOfRepresentatives>4</houseOfRepresentatives>
      </actionByCounts>
    </actions>
    <summaries>
      <billSummaries>
        <item>
          <updateDate>2017-01-03T05:00:00Z</updateDate>
          <actionDesc>Introduced in House</actionDesc>
          <versionCode>00</versionCode>
          <name>Introduced in House</name>
          <text><![CDATA[<p><b>West Coast Ocean Protection Act of 2017</b></p> <p>This bill amends the Outer Continental Shelf Lands Act to prohibit the Bureau of Ocean Energy Management from issuing a lease for the exploration, development, or production of oil or natural gas in any area of the outer Continental Shelf off the coast of California, Oregon, or Washington.</p>]]></text>
          <lastSummaryUpdateDate>2017-01-12T15:20:22Z</lastSummaryUpdateDate>
          <actionDate>2017-01-03</actionDate>
        </item>
      </billSummaries>
    </summaries>
    <constitutionalAuthorityStatementText><![CDATA[<pre>From the Congressional Record Online through the Government Publishing Office [<a href='http://www.gpo.gov'>www.gpo.gov</a>]By Mr. HUFFMAN:H.R. 169.Congress has the power to enact this legislation pursuantto the following:Article IV Section III: The Congress shall have power todispose of and make all needful rules and regualtionsrespecting the territory or other property belonging to theUnited States; and nothing in this Constitution shall be soconstrued as to prejudice any claims of the United States, orof any particular state.[Page H51]</pre>]]></constitutionalAuthorityStatementText>
    <billNumber>169</billNumber>
    <calendarNumbers />
    <originChamber>House</originChamber>
    <version>1.0.0</version>
    <subjects>
      <billSubjects>
        <legislativeSubjects>
          <item>
            <name>California</name>
          </item>
          <item>
            <name>Marine and coastal resources, fisheries</name>
          </item>
          <item>
            <name>Oil and gas</name>
          </item>
          <item>
            <name>Oregon</name>
          </item>
          <item>
            <name>Pacific Ocean</name>
          </item>
          <item>
            <name>Washington State</name>
          </item>
        </legislativeSubjects>
        <policyArea>
          <name>Energy</name>
        </policyArea>
      </billSubjects>
    </subjects>
    <cosponsors>
      <item>
        <bioguideId>D000617</bioguideId>
        <district>1</district>
        <isOriginalCosponsor>True</isOriginalCosponsor>
        <sponsorshipWithdrawnDate />
        <lastName>DelBene</lastName>
        <state>WA</state>
        <fullName>Rep. DelBene, Suzan K. [D-WA-1]</fullName>
        <sponsorshipDate>2017-01-03</sponsorshipDate>
        <middleName>K.</middleName>
        <firstName>Suzan</firstName>
        <party>D</party>
        <identifiers>
          <bioguideId>D000617</bioguideId>
          <lisID>2096</lisID>
          <gpoId>8374</gpoId>
        </identifiers>
      </item>
      <item>
        <bioguideId>D000191</bioguideId>
        <district>4</district>
        <isOriginalCosponsor>True</isOriginalCosponsor>
        <sponsorshipWithdrawnDate />
        <lastName>DEFAZIO</lastName>
        <state>OR</state>
        <fullName>Rep. DeFazio, Peter A. [D-OR-4]</fullName>
        <sponsorshipDate>2017-01-03</sponsorshipDate>
        <middleName>A.</middleName>
        <firstName>PETER</firstName>
        <party>D</party>
        <identifiers>
          <gpoId>8117</gpoId>
          <lisID>279</lisID>
          <bioguideId>D000191</bioguideId>
        </identifiers>
      </item>
      <item>
        <bioguideId>P000613</bioguideId>
        <district>20</district>
        <isOriginalCosponsor>True</isOriginalCosponsor>
        <sponsorshipWithdrawnDate />
        <lastName>Panetta</lastName>
        <state>CA</state>
        <fullName>Rep. Panetta, Jimmy [D-CA-20]</fullName>
        <sponsorshipDate>2017-01-03</sponsorshipDate>
        <middleName />
        <firstName>Jimmy</firstName>
        <party>D</party>
        <identifiers>
          <bioguideId>P000613</bioguideId>
          <lisID>2309</lisID>
          <gpoId />
        </identifiers>
      </item>
      <item>
        <bioguideId>L000582</bioguideId>
        <district>33</district>
        <isOriginalCosponsor>True</isOriginalCosponsor>
        <sponsorshipWithdrawnDate />
        <lastName>Lieu</lastName>
        <state>CA</state>
        <fullName>Rep. Lieu, Ted [D-CA-33]</fullName>
        <sponsorshipDate>2017-01-03</sponsorshipDate>
        <middleName />
        <firstName>Ted</firstName>
        <party>D</party>
        <identifiers>
          <bioguideId>L000582</bioguideId>
          <lisID>2230</lisID>
          <gpoId />
        </identifiers>
      </item>
      <item>
        <bioguideId>L000551</bioguideId>
        <district>13</district>
        <isOriginalCosponsor>True</isOriginalCosponsor>
        <sponsorshipWithdrawnDate />
        <lastName>LEE</lastName>
        <state>CA</state>
        <fullName>Rep. Lee, Barbara [D-CA-13]</fullName>
        <sponsorshipDate>2017-01-03</sponsorshipDate>
        <middleName />
        <firstName>BARBARA</firstName>
        <party>D</party>
        <identifiers>
          <lisID>1501</lisID>
          <gpoId>7814</gpoId>
          <bioguideId>L000551</bioguideId>
        </identifiers>
      </item>
      <item>
        <bioguideId>S001193</bioguideId>
        <district>15</district>
        <isOriginalCosponsor>True</isOriginalCosponsor>
        <sponsorshipWithdrawnDate />
        <lastName>Swalwell</lastName>
        <state>CA</state>
        <fullName>Rep. Swalwell, Eric [D-CA-15]</fullName>
        <sponsorshipDate>2017-01-03</sponsorshipDate>
        <middleName />
        <firstName>Eric</firstName>
        <party>D</party>
        <identifiers>
          <lisID>2104</lisID>
          <bioguideId>S001193</bioguideId>
          <gpoId />
        </identifiers>
      </item>
      <item>
        <bioguideId>M001163</bioguideId>
        <district>6</district>
        <isOriginalCosponsor>True</isOriginalCosponsor>
        <sponsorshipWithdrawnDate />
        <lastName>Matsui</lastName>
        <state>CA</state>
        <fullName>Rep. Matsui, Doris O. [D-CA-6]</fullName>
        <sponsorshipDate>2017-01-03</sponsorshipDate>
        <middleName>O.</middleName>
        <firstName>Doris</firstName>
        <party>D</party>
        <identifiers>
          <lisID>1814</lisID>
          <gpoId>7810</gpoId>
          <bioguideId>M001163</bioguideId>
        </identifiers>
      </item>
      <item>
        <bioguideId>K000381</bioguideId>
        <district>6</district>
        <isOriginalCosponsor>True</isOriginalCosponsor>
        <sponsorshipWithdrawnDate />
        <lastName>Kilmer</lastName>
        <state>WA</state>
        <fullName>Rep. Kilmer, Derek [D-WA-6]</fullName>
        <sponsorshipDate>2017-01-03</sponsorshipDate>
        <middleName />
        <firstName>Derek</firstName>
        <party>D</party>
        <identifiers>
          <gpoId />
          <lisID>2169</lisID>
          <bioguideId>K000381</bioguideId>
        </identifiers>
      </item>
      <item>
        <bioguideId>L000579</bioguideId>
        <district>47</district>
        <isOriginalCosponsor>True</isOriginalCosponsor>
        <sponsorshipWithdrawnDate />
        <lastName>Lowenthal</lastName>
        <state>CA</state>
        <fullName>Rep. Lowenthal, Alan S. [D-CA-47]</fullName>
        <sponsorshipDate>2017-01-03</sponsorshipDate>
        <middleName>S.</middleName>
        <firstName>Alan</firstName>
        <party>D</party>
        <identifiers>
          <lisID>2111</lisID>
          <gpoId />
          <bioguideId>L000579</bioguideId>
        </identifiers>
      </item>
      <item>
        <bioguideId>T000460</bioguideId>
        <district>5</district>
        <isOriginalCosponsor>True</isOriginalCosponsor>
        <sponsorshipWithdrawnDate />
        <lastName>THOMPSON</lastName>
        <state>CA</state>
        <fullName>Rep. Thompson, Mike [D-CA-5]</fullName>
        <sponsorshipDate>2017-01-03</sponsorshipDate>
        <middleName />
        <firstName>MIKE</firstName>
        <party>D</party>
        <identifiers>
          <lisID>1593</lisID>
          <bioguideId>T000460</bioguideId>
          <gpoId>7806</gpoId>
        </identifiers>
      </item>
      <item>
        <bioguideId>S001175</bioguideId>
        <district>14</district>
        <isOriginalCosponsor>True</isOriginalCosponsor>
        <sponsorshipWithdrawnDate />
        <lastName>Speier</lastName>
        <state>CA</state>
        <fullName>Rep. Speier, Jackie [D-CA-14]</fullName>
        <sponsorshipDate>2017-01-03</sponsorshipDate>
        <middleName />
        <firstName>Jackie</firstName>
        <party>D</party>
        <identifiers>
          <bioguideId>S001175</bioguideId>
          <lisID>1890</lisID>
          <gpoId>7817</gpoId>
        </identifiers>
      </item>
      <item>
        <bioguideId>P000608</bioguideId>
        <district>52</district>
        <isOriginalCosponsor>True</isOriginalCosponsor>
        <sponsorshipWithdrawnDate />
        <lastName>Peters</lastName>
        <state>CA</state>
        <fullName>Rep. Peters, Scott H. [D-CA-52]</fullName>
        <sponsorshipDate>2017-01-03</sponsorshipDate>
        <middleName>H.</middleName>
        <firstName>Scott</firstName>
        <party>D</party>
        <identifiers>
          <lisID>2113</lisID>
          <gpoId />
          <bioguideId>P000608</bioguideId>
        </identifiers>
      </item>
      <item>
        <bioguideId>G000559</bioguideId>
        <district>3</district>
        <isOriginalCosponsor>True</isOriginalCosponsor>
        <sponsorshipWithdrawnDate />
        <lastName>Garamendi</lastName>
        <state>CA</state>
        <fullName>Rep. Garamendi, John [D-CA-3]</fullName>
        <sponsorshipDate>2017-01-03</sponsorshipDate>
        <middleName />
        <firstName>John</firstName>
        <party>D</party>
        <identifiers>
          <lisID>1973</lisID>
          <bioguideId>G000559</bioguideId>
          <gpoId>7815</gpoId>
        </identifiers>
      </item>
      <item>
        <bioguideId>B000574</bioguideId>
        <district>3</district>
        <isOriginalCosponsor>True</isOriginalCosponsor>
        <sponsorshipWithdrawnDate />
        <lastName>BLUMENAUER</lastName>
        <state>OR</state>
        <fullName>Rep. Blumenauer, Earl [D-OR-3]</fullName>
        <sponsorshipDate>2017-01-03</sponsorshipDate>
        <middleName />
        <firstName>EARL</firstName>
        <party>D</party>
        <identifiers>
          <lisID>99</lisID>
          <gpoId>8116</gpoId>
          <bioguideId>B000574</bioguideId>
        </identifiers>
      </item>
      <item>
        <bioguideId>B001278</bioguideId>
        <district>1</district>
        <isOriginalCosponsor>False</isOriginalCosponsor>
        <sponsorshipWithdrawnDate />
        <lastName>Bonamici</lastName>
        <state>OR</state>
        <fullName>Rep. Bonamici, Suzanne [D-OR-1]</fullName>
        <sponsorshipDate>2017-01-04</sponsorshipDate>
        <middleName />
        <firstName>Suzanne</firstName>
        <party>D</party>
        <identifiers>
          <bioguideId>B001278</bioguideId>
          <lisID>2092</lisID>
          <gpoId>8367</gpoId>
        </identifiers>
      </item>
      <item>
        <bioguideId>L000397</bioguideId>
        <district>19</district>
        <isOriginalCosponsor>False</isOriginalCosponsor>
        <sponsorshipWithdrawnDate />
        <lastName>LOFGREN</lastName>
        <state>CA</state>
        <fullName>Rep. Lofgren, Zoe [D-CA-19]</fullName>
        <sponsorshipDate>2017-01-04</sponsorshipDate>
        <middleName />
        <firstName>ZOE</firstName>
        <party>D</party>
        <identifiers>
          <lisID>701</lisID>
          <bioguideId>L000397</bioguideId>
          <gpoId>7821</gpoId>
        </identifiers>
      </item>
      <item>
        <bioguideId>E000215</bioguideId>
        <district>18</district>
        <isOriginalCosponsor>False</isOriginalCosponsor>
        <sponsorshipWithdrawnDate />
        <lastName>ESHOO</lastName>
        <state>CA</state>
        <fullName>Rep. Eshoo, Anna G. [D-CA-18]</fullName>
        <sponsorshipDate>2017-01-06</sponsorshipDate>
        <middleName>G.</middleName>
        <firstName>ANNA</firstName>
        <party>D</party>
        <identifiers>
          <lisID>355</lisID>
          <bioguideId>E000215</bioguideId>
          <gpoId>7819</gpoId>
        </identifiers>
      </item>
      <item>
        <bioguideId>H001064</bioguideId>
        <district>10</district>
        <isOriginalCosponsor>False</isOriginalCosponsor>
        <sponsorshipWithdrawnDate />
        <lastName>Heck</lastName>
        <state>WA</state>
        <fullName>Rep. Heck, Denny [D-WA-10]</fullName>
        <sponsorshipDate>2017-01-06</sponsorshipDate>
        <middleName />
        <firstName>Denny</firstName>
        <party>D</party>
        <identifiers>
          <bioguideId>H001064</bioguideId>
          <gpoId />
          <lisID>2170</lisID>
        </identifiers>
      </item>
      <item>
        <bioguideId>S000510</bioguideId>
        <district>9</district>
        <isOriginalCosponsor>False</isOriginalCosponsor>
        <sponsorshipWithdrawnDate />
        <lastName>SMITH</lastName>
        <state>WA</state>
        <fullName>Rep. Smith, Adam [D-WA-9]</fullName>
        <sponsorshipDate>2017-02-01</sponsorshipDate>
        <middleName />
        <firstName>ADAM</firstName>
        <party>D</party>
        <identifiers>
          <bioguideId>S000510</bioguideId>
          <lisID>1528</lisID>
          <gpoId>8213</gpoId>
        </identifiers>
      </item>
      <item>
        <bioguideId>L000560</bioguideId>
        <district>2</district>
        <isOriginalCosponsor>False</isOriginalCosponsor>
        <sponsorshipWithdrawnDate />
        <lastName>LARSEN</lastName>
        <state>WA</state>
        <fullName>Rep. Larsen, Rick [D-WA-2]</fullName>
        <sponsorshipDate>2017-03-29</sponsorshipDate>
        <middleName />
        <firstName>RICK</firstName>
        <party>D</party>
        <identifiers>
          <lisID>1675</lisID>
          <gpoId>8206</gpoId>
          <bioguideId>L000560</bioguideId>
        </identifiers>
      </item>
      <item>
        <bioguideId>C001097</bioguideId>
        <district>29</district>
        <isOriginalCosponsor>False</isOriginalCosponsor>
        <sponsorshipWithdrawnDate />
        <lastName>Cardenas</lastName>
        <state>CA</state>
        <fullName>Rep. Cardenas, Tony [D-CA-29]</fullName>
        <sponsorshipDate>2017-03-29</sponsorshipDate>
        <middleName />
        <firstName>Tony</firstName>
        <party>D</party>
        <identifiers>
          <lisID>2107</lisID>
          <bioguideId>C001097</bioguideId>
          <gpoId />
        </identifiers>
      </item>
      <item>
        <bioguideId>B001300</bioguideId>
        <district>44</district>
        <isOriginalCosponsor>False</isOriginalCosponsor>
        <sponsorshipWithdrawnDate />
        <lastName>Barragan</lastName>
        <state>CA</state>
        <fullName>Rep. Barragan, Nanette Diaz [D-CA-44]</fullName>
        <sponsorshipDate>2017-03-29</sponsorshipDate>
        <middleName>Diaz</middleName>
        <firstName>Nanette</firstName>
        <party>D</party>
        <identifiers>
          <lisID>2311</lisID>
          <bioguideId>B001300</bioguideId>
          <gpoId />
        </identifiers>
      </item>
      <item>
        <bioguideId>M001166</bioguideId>
        <district>9</district>
        <isOriginalCosponsor>False</isOriginalCosponsor>
        <sponsorshipWithdrawnDate />
        <lastName>McNerney</lastName>
        <state>CA</state>
        <fullName>Rep. McNerney, Jerry [D-CA-9]</fullName>
        <sponsorshipDate>2017-03-29</sponsorshipDate>
        <middleName />
        <firstName>Jerry</firstName>
        <party>D</party>
        <identifiers>
          <bioguideId>M001166</bioguideId>
          <lisID>1832</lisID>
          <gpoId>7816</gpoId>
        </identifiers>
      </item>
      <item>
        <bioguideId>N000179</bioguideId>
        <district>32</district>
        <isOriginalCosponsor>False</isOriginalCosponsor>
        <sponsorshipWithdrawnDate />
        <lastName>NAPOLITANO</lastName>
        <state>CA</state>
        <fullName>Rep. Napolitano, Grace F. [D-CA-32]</fullName>
        <sponsorshipDate>2017-04-06</sponsorshipDate>
        <middleName>F.</middleName>
        <firstName>GRACE</firstName>
        <party>D</party>
        <identifiers>
          <lisID>1602</lisID>
          <bioguideId>N000179</bioguideId>
          <gpoId>7843</gpoId>
        </identifiers>
      </item>
      <item>
        <bioguideId>C001112</bioguideId>
        <district>24</district>
        <isOriginalCosponsor>False</isOriginalCosponsor>
        <sponsorshipWithdrawnDate />
        <lastName>Carbajal</lastName>
        <state>CA</state>
        <fullName>Rep. Carbajal, Salud O. [D-CA-24]</fullName>
        <sponsorshipDate>2017-04-25</sponsorshipDate>
        <middleName>O.</middleName>
        <firstName>Salud</firstName>
        <party>D</party>
        <identifiers>
          <lisID>2310</lisID>
          <bioguideId>C001112</bioguideId>
          <gpoId />
        </identifiers>
      </item>
      <item>
        <bioguideId>S000344</bioguideId>
        <district>30</district>
        <isOriginalCosponsor>False</isOriginalCosponsor>
        <sponsorshipWithdrawnDate />
        <lastName>SHERMAN</lastName>
        <state>CA</state>
        <fullName>Rep. Sherman, Brad [D-CA-30]</fullName>
        <sponsorshipDate>2017-04-25</sponsorshipDate>
        <middleName />
        <firstName>BRAD</firstName>
        <party>D</party>
        <identifiers>
          <gpoId>7832</gpoId>
          <lisID>1526</lisID>
          <bioguideId>S000344</bioguideId>
        </identifiers>
      </item>
      <item>
        <bioguideId>K000389</bioguideId>
        <district>17</district>
        <isOriginalCosponsor>False</isOriginalCosponsor>
        <sponsorshipWithdrawnDate />
        <lastName>Khanna</lastName>
        <state>CA</state>
        <fullName>Rep. Khanna, Ro [D-CA-17]</fullName>
        <sponsorshipDate>2017-04-27</sponsorshipDate>
        <middleName />
        <firstName>Ro</firstName>
        <party>D</party>
        <identifiers>
          <lisID>2308</lisID>
          <bioguideId>K000389</bioguideId>
          <gpoId />
        </identifiers>
      </item>
      <item>
        <bioguideId>B001285</bioguideId>
        <district>26</district>
        <isOriginalCosponsor>False</isOriginalCosponsor>
        <sponsorshipWithdrawnDate />
        <lastName>Brownley</lastName>
        <state>CA</state>
        <fullName>Rep. Brownley, Julia [D-CA-26]</fullName>
        <sponsorshipDate>2017-04-27</sponsorshipDate>
        <middleName />
        <firstName>Julia</firstName>
        <party>D</party>
        <identifiers>
          <bioguideId>B001285</bioguideId>
          <lisID>2106</lisID>
          <gpoId />
        </identifiers>
      </item>
      <item>
        <bioguideId>S001150</bioguideId>
        <district>28</district>
        <isOriginalCosponsor>False</isOriginalCosponsor>
        <sponsorshipWithdrawnDate />
        <lastName>SCHIFF</lastName>
        <state>CA</state>
        <fullName>Rep. Schiff, Adam B. [D-CA-28]</fullName>
        <sponsorshipDate>2017-05-03</sponsorshipDate>
        <middleName>B.</middleName>
        <firstName>ADAM</firstName>
        <party>D</party>
        <identifiers>
          <bioguideId>S001150</bioguideId>
          <lisID>1635</lisID>
          <gpoId>7834</gpoId>
        </identifiers>
      </item>
      <item>
        <bioguideId>D000598</bioguideId>
        <district>53</district>
        <isOriginalCosponsor>False</isOriginalCosponsor>
        <sponsorshipWithdrawnDate />
        <lastName>DAVIS</lastName>
        <state>CA</state>
        <fullName>Rep. Davis, Susan A. [D-CA-53]</fullName>
        <sponsorshipDate>2017-05-16</sponsorshipDate>
        <middleName>A.</middleName>
        <firstName>SUSAN</firstName>
        <party>D</party>
        <identifiers>
          <bioguideId>D000598</bioguideId>
          <lisID>1641</lisID>
          <gpoId>7858</gpoId>
        </identifiers>
      </item>
      <item>
        <bioguideId>S001180</bioguideId>
        <district>5</district>
        <isOriginalCosponsor>False</isOriginalCosponsor>
        <sponsorshipWithdrawnDate />
        <lastName>Schrader</lastName>
        <state>OR</state>
        <fullName>Rep. Schrader, Kurt [D-OR-5]</fullName>
        <sponsorshipDate>2017-05-16</sponsorshipDate>
        <middleName />
        <firstName>Kurt</firstName>
        <party>D</party>
        <identifiers>
          <lisID>1950</lisID>
          <bioguideId>S001180</bioguideId>
          <gpoId>8118</gpoId>
        </identifiers>
      </item>
      <item>
        <bioguideId>D000623</bioguideId>
        <district>11</district>
        <isOriginalCosponsor>False</isOriginalCosponsor>
        <sponsorshipWithdrawnDate />
        <lastName>DeSaulnier</lastName>
        <state>CA</state>
        <fullName>Rep. DeSaulnier, Mark [D-CA-11]</fullName>
        <sponsorshipDate>2017-05-24</sponsorshipDate>
        <middleName />
        <firstName>Mark</firstName>
        <party>D</party>
        <identifiers>
          <bioguideId>D000623</bioguideId>
          <lisID>2227</lisID>
          <gpoId />
        </identifiers>
      </item>
      <item>
        <bioguideId>W000187</bioguideId>
        <district>43</district>
        <isOriginalCosponsor>False</isOriginalCosponsor>
        <sponsorshipWithdrawnDate />
        <lastName>WATERS</lastName>
        <state>CA</state>
        <fullName>Rep. Waters, Maxine [D-CA-43]</fullName>
        <sponsorshipDate>2017-05-24</sponsorshipDate>
        <middleName />
        <firstName>MAXINE</firstName>
        <party>D</party>
        <identifiers>
          <lisID>1205</lisID>
          <bioguideId>W000187</bioguideId>
          <gpoId>7840</gpoId>
        </identifiers>
      </item>
      <item>
        <bioguideId>G000551</bioguideId>
        <district>3</district>
        <isOriginalCosponsor>False</isOriginalCosponsor>
        <sponsorshipWithdrawnDate />
        <lastName>Grijalva</lastName>
        <state>AZ</state>
        <fullName>Rep. Grijalva, Raul M. [D-AZ-3]</fullName>
        <sponsorshipDate>2017-06-07</sponsorshipDate>
        <middleName>M.</middleName>
        <firstName>Raul</firstName>
        <party>D</party>
        <identifiers>
          <bioguideId>G000551</bioguideId>
          <gpoId>7804</gpoId>
          <lisID>1708</lisID>
        </identifiers>
      </item>
      <item>
        <bioguideId>V000130</bioguideId>
        <district>51</district>
        <isOriginalCosponsor>False</isOriginalCosponsor>
        <sponsorshipWithdrawnDate />
        <lastName>Vargas</lastName>
        <state>CA</state>
        <fullName>Rep. Vargas, Juan [D-CA-51]</fullName>
        <sponsorshipDate>2017-06-13</sponsorshipDate>
        <middleName />
        <firstName>Juan</firstName>
        <party>D</party>
        <identifiers>
          <bioguideId>V000130</bioguideId>
          <gpoId />
          <lisID>2112</lisID>
        </identifiers>
      </item>
      <item>
        <bioguideId>G000585</bioguideId>
        <district>34</district>
        <isOriginalCosponsor>False</isOriginalCosponsor>
        <sponsorshipWithdrawnDate />
        <lastName>Gomez</lastName>
        <state>CA</state>
        <fullName>Rep. Gomez, Jimmy [D-CA-34]</fullName>
        <sponsorshipDate>2017-11-08</sponsorshipDate>
        <middleName />
        <firstName>Jimmy</firstName>
        <party>D</party>
        <identifiers>
          <bioguideId>G000585</bioguideId>
          <lisID>2362</lisID>
          <gpoId />
        </identifiers>
      </item>
      <item>
        <bioguideId>T000472</bioguideId>
        <district>41</district>
        <isOriginalCosponsor>False</isOriginalCosponsor>
        <sponsorshipWithdrawnDate />
        <lastName>Takano</lastName>
        <state>CA</state>
        <fullName>Rep. Takano, Mark [D-CA-41]</fullName>
        <sponsorshipDate>2017-12-07</sponsorshipDate>
        <middleName />
        <firstName>Mark</firstName>
        <party>D</party>
        <identifiers>
          <lisID>2110</lisID>
          <gpoId />
          <bioguideId>T000472</bioguideId>
        </identifiers>
      </item>
      <item>
        <bioguideId>R000486</bioguideId>
        <district>40</district>
        <isOriginalCosponsor>False</isOriginalCosponsor>
        <sponsorshipWithdrawnDate />
        <lastName>ROYBAL-ALLARD</lastName>
        <state>CA</state>
        <fullName>Rep. Roybal-Allard, Lucille [D-CA-40]</fullName>
        <sponsorshipDate>2018-01-19</sponsorshipDate>
        <middleName />
        <firstName>LUCILLE</firstName>
        <party>D</party>
        <identifiers>
          <bioguideId>R000486</bioguideId>
          <lisID>997</lisID>
          <gpoId>7839</gpoId>
        </identifiers>
      </item>
      <item>
        <bioguideId>T000474</bioguideId>
        <district>35</district>
        <isOriginalCosponsor>False</isOriginalCosponsor>
        <sponsorshipWithdrawnDate />
        <lastName>Torres</lastName>
        <state>CA</state>
        <fullName>Rep. Torres, Norma J. [D-CA-35]</fullName>
        <sponsorshipDate>2018-01-19</sponsorshipDate>
        <middleName>J.</middleName>
        <firstName>Norma</firstName>
        <party>D</party>
        <identifiers>
          <bioguideId>T000474</bioguideId>
          <gpoId />
          <lisID>2231</lisID>
        </identifiers>
      </item>
      <item>
        <bioguideId>J000298</bioguideId>
        <district>7</district>
        <isOriginalCosponsor>False</isOriginalCosponsor>
        <sponsorshipWithdrawnDate />
        <lastName>Jayapal</lastName>
        <state>WA</state>
        <fullName>Rep. Jayapal, Pramila [D-WA-7]</fullName>
        <sponsorshipDate>2018-01-19</sponsorshipDate>
        <middleName />
        <firstName>Pramila</firstName>
        <party>D</party>
        <identifiers>
          <lisID>2354</lisID>
          <bioguideId>J000298</bioguideId>
          <gpoId />
        </identifiers>
      </item>
      <item>
        <bioguideId>A000371</bioguideId>
        <district>31</district>
        <isOriginalCosponsor>False</isOriginalCosponsor>
        <sponsorshipWithdrawnDate />
        <lastName>Aguilar</lastName>
        <state>CA</state>
        <fullName>Rep. Aguilar, Pete [D-CA-31]</fullName>
        <sponsorshipDate>2018-01-19</sponsorshipDate>
        <middleName />
        <firstName>Pete</firstName>
        <party>D</party>
        <identifiers>
          <bioguideId>A000371</bioguideId>
          <lisID>2229</lisID>
          <gpoId />
        </identifiers>
      </item>
      <item>
        <bioguideId>C001110</bioguideId>
        <district>46</district>
        <isOriginalCosponsor>False</isOriginalCosponsor>
        <sponsorshipWithdrawnDate />
        <lastName>Correa</lastName>
        <state>CA</state>
        <fullName>Rep. Correa, J. Luis [D-CA-46]</fullName>
        <sponsorshipDate>2018-01-22</sponsorshipDate>
        <middleName>Luis</middleName>
        <firstName>J.</firstName>
        <party>D</party>
        <identifiers>
          <bioguideId>C001110</bioguideId>
          <lisID>2312</lisID>
          <gpoId />
        </identifiers>
      </item>
    </cosponsors>
    <latestAction>
      <text>Referred to the Subcommittee on Energy and Mineral Resources.</text>
      <links />
      <actionDate>2017-02-10</actionDate>
    </latestAction>
    <laws />
    <notes />
    <createDate>2017-01-04T07:01:12Z</createDate>
    <billType>HR</billType>
    <updateDate>2018-02-06T16:40:29Z</updateDate>
    <relatedBills>
      <item>
        <number>31</number>
        <congress>115</congress>
        <relationshipDetails>
          <item>
            <type>Identical bill</type>
            <identifiedBy>CRS</identifiedBy>
          </item>
        </relationshipDetails>
        <latestTitle>West Coast Ocean Protection Act of 2017</latestTitle>
        <latestAction>
          <text>Read twice and referred to the Committee on Energy and Natural Resources. (Sponsor introductory remarks on measure: CR S61-62)</text>
          <actionDate>2017-01-04</actionDate>
        </latestAction>
        <type>S</type>
      </item>
    </relatedBills>
    <cboCostEstimates />
    <introducedDate>2017-01-03</introducedDate>
    <amendments />
    <policyArea>
      <name>Energy</name>
    </policyArea>
    <recordedVotes />
    <congress>115</congress>
    <committees>
      <billCommittees>
        <item>
          <subcommittees>
            <item>
              <name>Energy and Mineral Resources Subcommittee</name>
              <systemCode>hsii06</systemCode>
              <activities>
                <item>
                  <name>Referred to</name>
                  <date>2017-02-10T16:45:20Z</date>
                </item>
              </activities>
            </item>
          </subcommittees>
          <type>Standing</type>
          <systemCode>hsii00</systemCode>
          <activities>
            <item>
              <name>Referred to</name>
              <date>2017-01-03T17:22:00Z</date>
            </item>
          </activities>
          <name>Natural Resources Committee</name>
          <chamber>House</chamber>
        </item>
      </billCommittees>
    </committees>
  </bill>
  <dublinCore xmlns:dc="http://purl.org/dc/elements/1.1/">
    <dc:format>text/xml</dc:format>
    <dc:language>EN</dc:language>
    <dc:rights>Pursuant to Title 17 Section 105 of the United States Code, this file is not subject to copyright protection and is in the public domain.</dc:rights>
    <dc:contributor>Congressional Research Service, Library of Congress</dc:contributor>
    <dc:description>This file contains bill summaries and statuses for federal legislation. A bill summary describes the most significant provisions of a piece of legislation and details the effects the legislative text may have on current law and federal programs. Bill summaries are authored by the Congressional Research Service (CRS) of the Library of Congress. As stated in Public Law 91-510 (2 USC 166 (d)(6)), one of the duties of CRS is "to prepare summaries and digests of bills and resolutions of a public general nature introduced in the Senate or House of Representatives". For more information, refer to the User Guide that accompanies this file.</dc:description>
  </dublinCore>
</billStatus>

