<?xml version="1.0" encoding="UTF-8"?>
<billStatus>
  <bill>
    <billNumber>388</billNumber>
    <relatedBills />
    <originChamber>House</originChamber>
    <recordedVotes />
    <latestAction>
      <text>Referred to the Subcommittee on Health.</text>
      <links />
      <actionDate>2017-02-03</actionDate>
    </latestAction>
    <createDate>2017-01-11T05:09:42Z</createDate>
    <title>Veterans Health Equity Act of 2017</title>
    <summaries>
      <billSummaries>
        <item>
          <text><![CDATA[<p><b>Veterans Health Equity Act of 2017</b></p> <p>This bill requires the Department of Veterans Affairs to ensure that veterans eligible for hospital care and medical services through the VA have access to: (1) at least one full-service VA hospital in each of the 48 contiguous states, or (2) hospital care and medical services comparable to that provided in full-service VA hospitals through contract with other health providers in such states.</p> <p>Directs the VA to report on compliance with such requirement, including its effect on improving the quality and standards of veterans' care. </p>]]></text>
          <actionDate>2017-01-10</actionDate>
          <updateDate>2017-01-10T05:00:00Z</updateDate>
          <lastSummaryUpdateDate>2017-02-04T16:36:19Z</lastSummaryUpdateDate>
          <name>Introduced in House</name>
          <actionDesc>Introduced in House</actionDesc>
          <versionCode>00</versionCode>
        </item>
      </billSummaries>
    </summaries>
    <actions>
      <actionByCounts>
        <houseOfRepresentatives>4</houseOfRepresentatives>
      </actionByCounts>
      <item>
        <actionDate>2017-02-03</actionDate>
        <committee>
          <name>Health Subcommittee</name>
          <systemCode>hsvr03</systemCode>
        </committee>
        <links />
        <sourceSystem>
          <name>House committee actions</name>
          <code>1</code>
        </sourceSystem>
        <text>Referred to the Subcommittee on Health.</text>
        <type>Committee</type>
      </item>
      <item>
        <text>Referred to the House Committee on Veterans' Affairs.</text>
        <type>IntroReferral</type>
        <sourceSystem>
          <name>House floor actions</name>
          <code>2</code>
        </sourceSystem>
        <committee>
          <name>Veterans' Affairs Committee</name>
          <systemCode>hsvr00</systemCode>
        </committee>
        <actionCode>H11100</actionCode>
        <actionDate>2017-01-10</actionDate>
        <links />
      </item>
      <item>
        <text>Introduced in House</text>
        <type>IntroReferral</type>
        <sourceSystem>
          <name>Library of Congress</name>
          <code>9</code>
        </sourceSystem>
        <committee />
        <actionCode>Intro-H</actionCode>
        <actionDate>2017-01-10</actionDate>
        <links />
      </item>
      <item>
        <text>Introduced in House</text>
        <type>IntroReferral</type>
        <sourceSystem>
          <name>Library of Congress</name>
          <code>9</code>
        </sourceSystem>
        <committee />
        <actionCode>1000</actionCode>
        <actionDate>2017-01-10</actionDate>
        <links />
      </item>
      <actionTypeCounts>
        <introducedInHouse>1</introducedInHouse>
        <billReferrals>1</billReferrals>
        <placeholderTextForH>1</placeholderTextForH>
        <introducedInTheHouse>1</introducedInTheHouse>
      </actionTypeCounts>
    </actions>
    <updateDate>2018-02-06T16:40:44Z</updateDate>
    <amendments />
    <notes />
    <sponsors>
      <item>
        <bioguideId>S001170</bioguideId>
        <district>1</district>
        <middleName />
        <byRequestType />
        <firstName>Carol</firstName>
        <lastName>Shea-Porter</lastName>
        <state>NH</state>
        <party>D</party>
        <identifiers>
          <gpoId>7528</gpoId>
          <lisID>1861</lisID>
          <bioguideId>S001170</bioguideId>
        </identifiers>
        <fullName>Rep. Shea-Porter, Carol [D-NH-1]</fullName>
      </item>
    </sponsors>
    <committees>
      <billCommittees>
        <item>
          <subcommittees>
            <item>
              <name>Health Subcommittee</name>
              <systemCode>hsvr03</systemCode>
              <activities>
                <item>
                  <name>Referred to</name>
                  <date>2017-02-03T19:14:47Z</date>
                </item>
              </activities>
            </item>
          </subcommittees>
          <type>Standing</type>
          <systemCode>hsvr00</systemCode>
          <activities>
            <item>
              <name>Referred to</name>
              <date>2017-01-10T15:01:00Z</date>
            </item>
          </activities>
          <name>Veterans' Affairs Committee</name>
          <chamber>House</chamber>
        </item>
      </billCommittees>
    </committees>
    <cosponsors>
      <item>
        <isOriginalCosponsor>False</isOriginalCosponsor>
        <fullName>Rep. Kuster, Ann M. [D-NH-2]</fullName>
        <middleName>M.</middleName>
        <sponsorshipDate>2017-02-28</sponsorshipDate>
        <bioguideId>K000382</bioguideId>
        <lastName>Kuster</lastName>
        <party>D</party>
        <district>2</district>
        <firstName>Ann</firstName>
        <state>NH</state>
        <identifiers>
          <bioguideId>K000382</bioguideId>
          <lisID>2145</lisID>
          <gpoId />
        </identifiers>
        <sponsorshipWithdrawnDate />
      </item>
    </cosponsors>
    <constitutionalAuthorityStatementText><![CDATA[<pre>From the Congressional Record Online through the Government Publishing Office [<a href='http://www.gpo.gov'>www.gpo.gov</a>]By Ms. SHEA-PORTER:H.R. 388.Congress has the power to enact this legislation pursuantto the following:Article I, Section 8, Clause 1:The Congress shall have Power To lay and collect Taxes,Duties, Imposts and Excises, to pay the Debts and provide forthe common Defence[note l]and general Welfare of the UnitedStates; but all Duties, Imposts and Excises shall be uniformthroughout the United States;...[Page H299]</pre>]]></constitutionalAuthorityStatementText>
    <policyArea>
      <name>Armed Forces and National Security</name>
    </policyArea>
    <cboCostEstimates />
    <laws />
    <congress>115</congress>
    <version>1.0.0</version>
    <introducedDate>2017-01-10</introducedDate>
    <committeeReports />
    <titles>
      <item>
        <chamberCode />
        <chamberName />
        <parentTitleType />
        <titleType>(Extracted from GPO) Short Titles as Introduced</titleType>
        <title>Veterans Health Equity Act of 2017</title>
      </item>
      <item>
        <chamberCode />
        <chamberName />
        <parentTitleType />
        <titleType>Short Titles as Introduced</titleType>
        <title>Veterans Health Equity Act of 2017</title>
      </item>
      <item>
        <chamberCode />
        <chamberName />
        <parentTitleType />
        <titleType>Official Title as Introduced</titleType>
        <title>To amend title 38, United States Code, to ensure that veterans in each of the 48 contiguous States are able to receive services in at least one full-service hospital of the Veterans Health Administration in the State or receive comparable services provided by contract in the State.</title>
      </item>
      <item>
        <chamberCode />
        <chamberName />
        <parentTitleType />
        <titleType>Display Title</titleType>
        <title>Veterans Health Equity Act of 2017</title>
      </item>
    </titles>
    <calendarNumbers />
    <subjects>
      <billSubjects>
        <policyArea>
          <name>Armed Forces and National Security</name>
        </policyArea>
        <legislativeSubjects>
          <item>
            <name>Health care coverage and access</name>
          </item>
          <item>
            <name>Hospital care</name>
          </item>
          <item>
            <name>Public contracts and procurement</name>
          </item>
          <item>
            <name>Veterans' medical care</name>
          </item>
        </legislativeSubjects>
      </billSubjects>
    </subjects>
    <billType>HR</billType>
  </bill>
  <dublinCore xmlns:dc="http://purl.org/dc/elements/1.1/">
    <dc:format>text/xml</dc:format>
    <dc:language>EN</dc:language>
    <dc:rights>Pursuant to Title 17 Section 105 of the United States Code, this file is not subject to copyright protection and is in the public domain.</dc:rights>
    <dc:contributor>Congressional Research Service, Library of Congress</dc:contributor>
    <dc:description>This file contains bill summaries and statuses for federal legislation. A bill summary describes the most significant provisions of a piece of legislation and details the effects the legislative text may have on current law and federal programs. Bill summaries are authored by the Congressional Research Service (CRS) of the Library of Congress. As stated in Public Law 91-510 (2 USC 166 (d)(6)), one of the duties of CRS is "to prepare summaries and digests of bills and resolutions of a public general nature introduced in the Senate or House of Representatives". For more information, refer to the User Guide that accompanies this file.</dc:description>
  </dublinCore>
</billStatus>

