<?xml version="1.0" encoding="UTF-8"?>
<billStatus>
  <bill>
    <introducedDate>2017-01-05</introducedDate>
    <congress>115</congress>
    <latestAction>
      <actionDate>2017-02-10</actionDate>
      <links />
      <text>Referred to the Subcommittee on Federal Lands.</text>
    </latestAction>
    <originChamber>House</originChamber>
    <billNumber>343</billNumber>
    <sponsors>
      <item>
        <state>NJ</state>
        <identifiers>
          <bioguideId>S001165</bioguideId>
          <lisID>1818</lisID>
          <gpoId>8055</gpoId>
        </identifiers>
        <bioguideId>S001165</bioguideId>
        <lastName>Sires</lastName>
        <fullName>Rep. Sires, Albio [D-NJ-8]</fullName>
        <district>8</district>
        <firstName>Albio</firstName>
        <byRequestType />
        <middleName />
        <party>D</party>
      </item>
    </sponsors>
    <committeeReports />
    <relatedBills />
    <titles>
      <item>
        <parentTitleType />
        <chamberCode />
        <titleType>(Extracted from GPO) Short Titles as Introduced</titleType>
        <chamberName />
        <title>Community Parks Revitalization Act</title>
      </item>
      <item>
        <parentTitleType />
        <chamberCode />
        <titleType>Short Titles as Introduced</titleType>
        <chamberName />
        <title>Community Parks Revitalization Act</title>
      </item>
      <item>
        <parentTitleType />
        <chamberCode />
        <titleType>Official Title as Introduced</titleType>
        <chamberName />
        <title>To authorize the Secretary of Housing and Urban Development to establish a program enabling communities to better leverage resources to address health, economic development, and conservation concerns through needed investments in parks, recreational areas, facilities, and programs, and for other purposes.</title>
      </item>
      <item>
        <parentTitleType />
        <chamberCode />
        <titleType>Display Title</titleType>
        <chamberName />
        <title>Community Parks Revitalization Act</title>
      </item>
    </titles>
    <constitutionalAuthorityStatementText><![CDATA[<pre>From the Congressional Record Online through the Government Publishing Office [<a href='http://www.gpo.gov'>www.gpo.gov</a>]By Mr. SIRES:H.R. 343.Congress has the power to enact this legislation pursuantto the following:Pursuant to clause 3(d)(1) of rule XIII of the Rules of theHouse of Representatives, the Committee finds the authorityfor this legislation in article I, sectoin 8 of theConstitution.[Page H183]</pre>]]></constitutionalAuthorityStatementText>
    <billType>HR</billType>
    <summaries>
      <billSummaries>
        <item>
          <versionCode>00</versionCode>
          <text><![CDATA[<p><b>Community Parks Revitalization Act</b></p> <p> This bill requires the Department of Housing and Urban Development (HUD) to carry out a community revitalization program of federal grants to eligible local governments located within standard metropolitan statistical areas for various park and recreation purposes, including grants for rehabilitation and construction, innovation and recreation programming, and recovery action programs.</p> <p>HUD may designate local governments not located in standard metropolitan statistical areas to receive such grants under a partial eligibility waiver.</p> <p>The bill prescribes requirements, including matching requirements, for rehabilitation and construction and for innovation and recreation grants.</p> <p>This bill limits to 10% the use of funds appropriated for rehabilitation and construction grants for acquisition of land or interests in land.</p> <p>A recipient may transfer a grant in whole or in part to private nonprofit agencies for recreational areas and facilities they own or operate which offer recreational opportunities to the general population. </p> <p>For project approval, an applicant must submit to HUD evidence of its commitment to ongoing planning, rehabilitation, service, operation, and maintenance programs for its park and recreation systems, expressed in a five-year local park and recreation recovery action program.</p> <p>The bill prescribes requirements for the five-year park and recreation recovery action program under an at-risk youth recreation grant.</p> <p>HUD may increase federal rehabilitation and construction, innovation, and at-risk youth recreation grants to a state under this bill by an additional match of up to 15% (but not more than 15%) of total project or program cost. The bill limits the aggregate amount of the grant and the additional grant amounts to 85% of total project or program cost.</p> <p>The bill prohibits the conversion, without HUD approval, of any property improved or developed with assistance under this bill for uses other than for public recreation.</p>]]></text>
          <actionDesc>Introduced in House</actionDesc>
          <actionDate>2017-01-05</actionDate>
          <lastSummaryUpdateDate>2017-02-27T21:39:59Z</lastSummaryUpdateDate>
          <name>Introduced in House</name>
          <updateDate>2017-01-05T05:00:00Z</updateDate>
        </item>
      </billSummaries>
    </summaries>
    <subjects>
      <billSubjects>
        <legislativeSubjects>
          <item>
            <name>Administrative law and regulatory procedures</name>
          </item>
          <item>
            <name>Building construction</name>
          </item>
          <item>
            <name>Child safety and welfare</name>
          </item>
          <item>
            <name>Department of Housing and Urban Development</name>
          </item>
          <item>
            <name>Disability and paralysis</name>
          </item>
          <item>
            <name>Educational facilities and institutions</name>
          </item>
          <item>
            <name>Government buildings, facilities, and property</name>
          </item>
          <item>
            <name>Government lending and loan guarantees</name>
          </item>
          <item>
            <name>Housing and community development funding</name>
          </item>
          <item>
            <name>Infrastructure development</name>
          </item>
          <item>
            <name>Juvenile crime and gang violence</name>
          </item>
          <item>
            <name>Land transfers</name>
          </item>
          <item>
            <name>Land use and conservation</name>
          </item>
          <item>
            <name>Lighting and heating</name>
          </item>
          <item>
            <name>Military personnel and dependents</name>
          </item>
          <item>
            <name>Outdoor recreation</name>
          </item>
          <item>
            <name>Parks, recreation areas, trails</name>
          </item>
          <item>
            <name>Pedestrians and bicycling</name>
          </item>
          <item>
            <name>Physical fitness and lifestyle</name>
          </item>
          <item>
            <name>Sports and recreation facilities</name>
          </item>
          <item>
            <name>Transportation programs funding</name>
          </item>
          <item>
            <name>Urban and suburban affairs and development</name>
          </item>
          <item>
            <name>Veterans' education, employment, rehabilitation</name>
          </item>
        </legislativeSubjects>
        <policyArea>
          <name>Housing and Community Development</name>
        </policyArea>
      </billSubjects>
    </subjects>
    <laws />
    <policyArea>
      <name>Housing and Community Development</name>
    </policyArea>
    <committees>
      <billCommittees>
        <item>
          <systemCode>hsii00</systemCode>
          <name>Natural Resources Committee</name>
          <type>Standing</type>
          <activities>
            <item>
              <name>Referred to</name>
              <date>2017-01-05T15:06:40Z</date>
            </item>
          </activities>
          <chamber>House</chamber>
          <subcommittees>
            <item>
              <activities>
                <item>
                  <name>Referred to</name>
                  <date>2017-02-10T16:49:15Z</date>
                </item>
              </activities>
              <systemCode>hsii10</systemCode>
              <name>Federal Lands Subcommittee</name>
            </item>
          </subcommittees>
        </item>
        <item>
          <systemCode>hsed00</systemCode>
          <name>Education and the Workforce Committee</name>
          <type>Standing</type>
          <activities>
            <item>
              <name>Referred to</name>
              <date>2017-01-05T15:06:35Z</date>
            </item>
          </activities>
          <chamber>House</chamber>
          <subcommittees />
        </item>
        <item>
          <systemCode>hsba00</systemCode>
          <name>Financial Services Committee</name>
          <type>Standing</type>
          <activities>
            <item>
              <name>Referred to</name>
              <date>2017-01-05T15:06:30Z</date>
            </item>
          </activities>
          <chamber>House</chamber>
          <subcommittees />
        </item>
      </billCommittees>
    </committees>
    <version>1.0.0</version>
    <recordedVotes />
    <updateDate>2018-02-06T16:40:40Z</updateDate>
    <title>Community Parks Revitalization Act</title>
    <createDate>2017-01-06T04:57:26Z</createDate>
    <cboCostEstimates />
    <actions>
      <actionByCounts>
        <houseOfRepresentatives>7</houseOfRepresentatives>
      </actionByCounts>
      <actionTypeCounts>
        <billReferralsAggregate>1</billReferralsAggregate>
        <placeholderTextForH>1</placeholderTextForH>
        <billReferrals>3</billReferrals>
        <introducedInHouse>1</introducedInHouse>
        <introducedInTheHouse>1</introducedInTheHouse>
      </actionTypeCounts>
      <item>
        <actionDate>2017-02-10</actionDate>
        <committee>
          <systemCode>hsii10</systemCode>
          <name>Federal Lands Subcommittee</name>
        </committee>
        <links />
        <sourceSystem>
          <name>House committee actions</name>
          <code>1</code>
        </sourceSystem>
        <text>Referred to the Subcommittee on Federal Lands.</text>
        <type>Committee</type>
      </item>
      <item>
        <sourceSystem>
          <name>House floor actions</name>
          <code>2</code>
        </sourceSystem>
        <actionDate>2017-01-05</actionDate>
        <text>Referred to House Natural Resources</text>
        <type>IntroReferral</type>
        <links />
        <committee>
          <systemCode>hsii00</systemCode>
          <name>Natural Resources Committee</name>
        </committee>
        <actionCode>H11100</actionCode>
      </item>
      <item>
        <sourceSystem>
          <name>House floor actions</name>
          <code>2</code>
        </sourceSystem>
        <actionDate>2017-01-05</actionDate>
        <text>Referred to House Education and the Workforce</text>
        <type>IntroReferral</type>
        <links />
        <committee>
          <systemCode>hsed00</systemCode>
          <name>Education and the Workforce Committee</name>
        </committee>
        <actionCode>H11100</actionCode>
      </item>
      <item>
        <sourceSystem>
          <name>House floor actions</name>
          <code>2</code>
        </sourceSystem>
        <actionDate>2017-01-05</actionDate>
        <text>Referred to House Financial Services</text>
        <type>IntroReferral</type>
        <links />
        <committee>
          <systemCode>hsba00</systemCode>
          <name>Financial Services Committee</name>
        </committee>
        <actionCode>H11100</actionCode>
      </item>
      <item>
        <sourceSystem>
          <name>Library of Congress</name>
          <code>9</code>
        </sourceSystem>
        <actionDate>2017-01-05</actionDate>
        <text>Referred to the Committee on Financial Services, and in addition to the Committees on Education and the Workforce, and Natural Resources, for a period to be subsequently determined by the Speaker, in each case for consideration of such provisions as fall within the jurisdiction of the committee concerned.</text>
        <type>IntroReferral</type>
        <links />
        <committee />
        <actionCode>H11100-A</actionCode>
      </item>
      <item>
        <sourceSystem>
          <name>Library of Congress</name>
          <code>9</code>
        </sourceSystem>
        <actionDate>2017-01-05</actionDate>
        <text>Introduced in House</text>
        <type>IntroReferral</type>
        <links />
        <committee />
        <actionCode>Intro-H</actionCode>
      </item>
      <item>
        <sourceSystem>
          <name>Library of Congress</name>
          <code>9</code>
        </sourceSystem>
        <actionDate>2017-01-05</actionDate>
        <text>Introduced in House</text>
        <type>IntroReferral</type>
        <links />
        <committee />
        <actionCode>1000</actionCode>
      </item>
    </actions>
    <amendments />
    <notes />
    <calendarNumbers />
    <cosponsors />
  </bill>
  <dublinCore xmlns:dc="http://purl.org/dc/elements/1.1/">
    <dc:format>text/xml</dc:format>
    <dc:language>EN</dc:language>
    <dc:rights>Pursuant to Title 17 Section 105 of the United States Code, this file is not subject to copyright protection and is in the public domain.</dc:rights>
    <dc:contributor>Congressional Research Service, Library of Congress</dc:contributor>
    <dc:description>This file contains bill summaries and statuses for federal legislation. A bill summary describes the most significant provisions of a piece of legislation and details the effects the legislative text may have on current law and federal programs. Bill summaries are authored by the Congressional Research Service (CRS) of the Library of Congress. As stated in Public Law 91-510 (2 USC 166 (d)(6)), one of the duties of CRS is "to prepare summaries and digests of bills and resolutions of a public general nature introduced in the Senate or House of Representatives". For more information, refer to the User Guide that accompanies this file.</dc:description>
  </dublinCore>
</billStatus>

