<?xml version="1.0" encoding="UTF-8"?>
<billStatus>
  <bill>
    <introducedDate>2017-01-04</introducedDate>
    <congress>115</congress>
    <latestAction>
      <actionDate>2017-01-11</actionDate>
      <links />
      <text>Received in the Senate and Read twice and referred to the Committee on Homeland Security and Governmental Affairs.</text>
    </latestAction>
    <originChamber>House</originChamber>
    <billNumber>239</billNumber>
    <sponsors>
      <item>
        <state>TX</state>
        <identifiers>
          <bioguideId>R000601</bioguideId>
          <lisID>2268</lisID>
          <gpoId />
        </identifiers>
        <bioguideId>R000601</bioguideId>
        <lastName>Ratcliffe</lastName>
        <fullName>Rep. Ratcliffe, John [R-TX-4]</fullName>
        <district>4</district>
        <firstName>John</firstName>
        <byRequestType />
        <middleName />
        <party>R</party>
      </item>
    </sponsors>
    <committeeReports />
    <relatedBills>
      <item>
        <number>278</number>
        <latestTitle>Support for Rapid Innovation Act of 2017</latestTitle>
        <type>S</type>
        <relationshipDetails>
          <item>
            <identifiedBy>CRS</identifiedBy>
            <type>Related bill</type>
          </item>
        </relationshipDetails>
        <congress>115</congress>
        <latestAction>
          <text>Read twice and referred to the Committee on Homeland Security and Governmental Affairs. (Sponsor introductory remarks on measure: CR S657-658; text of measure as introduced: CR S658)</text>
          <actionDate>2017-02-02</actionDate>
        </latestAction>
      </item>
    </relatedBills>
    <titles>
      <item>
        <chamberName>House</chamberName>
        <titleType>(Extracted from GPO) Short Titles as Passed House</titleType>
        <title>Support for Rapid Innovation Act of 2017</title>
        <parentTitleType />
        <chamberCode>H</chamberCode>
      </item>
      <item>
        <chamberName />
        <titleType>(Extracted from GPO) Short Titles as Introduced</titleType>
        <title>Support for Rapid Innovation Act of 2017</title>
        <parentTitleType />
        <chamberCode />
      </item>
      <item>
        <chamberName />
        <titleType>Short Titles as Introduced</titleType>
        <title>Support for Rapid Innovation Act of 2017</title>
        <parentTitleType />
        <chamberCode />
      </item>
      <item>
        <chamberName />
        <titleType>Official Title as Introduced</titleType>
        <title>To amend the Homeland Security Act of 2002 to provide for innovative research and development, and for other purposes.</title>
        <parentTitleType />
        <chamberCode />
      </item>
      <item>
        <chamberName />
        <titleType>Display Title</titleType>
        <title>Support for Rapid Innovation Act of 2017</title>
        <parentTitleType />
        <chamberCode />
      </item>
    </titles>
    <constitutionalAuthorityStatementText><![CDATA[<pre>From the Congressional Record Online through the Government Publishing Office [<a href='http://www.gpo.gov'>www.gpo.gov</a>]By Mr. RATCLIFFE:H.R. 239.Congress has the power to enact this legislation pursuantto the following:Article 1, Section 8, Clause 18--To make all Laws whichshall be necessary and proper for carrying into Execution theforegoing Powers, and all other Powers vested by thisConstitution in the Government of the United States or in anyDepartment or Officer thereof.[Page H96]</pre>]]></constitutionalAuthorityStatementText>
    <billType>HR</billType>
    <summaries>
      <billSummaries>
        <item>
          <versionCode>00</versionCode>
          <actionDate>2017-01-04</actionDate>
          <updateDate>2017-01-04T05:00:00Z</updateDate>
          <text><![CDATA[<p><strong>Support for Rapid Innovation Act of 2017</strong></p> <p>This bill amends the Homeland Security Act of 2002 to direct the Under Secretary for Science and Technology of the Department of Homeland Security (DHS) to support the research, development, testing, evaluation, and transition of cybersecurity technologies.</p> <p>Such research and development shall:</p> <ul> <li>advance the development and accelerate the deployment of more secure information systems,</li> <li> improve and create technologies for detecting attacks or intrusions,</li> <li> improve and create mitigation and recovery methodologies and development of resilient networks and information systems,</li> <li> support the review of source code that underpins critical infrastructure information systems,</li> <li> develop and support infrastructure and tools to support cybersecurity research and development efforts,</li> <li> assist the development and support of technologies to reduce vulnerabilities in industrial control systems, and </li> <li> develop and support cyber forensics and attack attribution capabilities. </li> </ul> <p>The Under Secretary shall: </p> <ul> <li>support projects carried out under this bill through their full life cycle;</li> <li> identify mature technologies that address existing or imminent cybersecurity gaps in public or private information systems and networks, identify and support necessary improvements, and introduce new cybersecurity technologies throughout the homeland security enterprise through partnerships and commercialization; and </li> <li> target federally funded cybersecurity research that demonstrates a high probability of successful transition to the commercial market within two years and that is expected to have a notable impact on information systems and networks.</li> </ul> <p>The bill: (1) extends the authority of the Secretary of DHS to carry out a research and development projects pilot program until September 30, 2021; (2) requires a DHS component to obtain the Secretary's approval before utilizing authority for such a project by providing a proposal that includes the rationale, funds to be spent, and expected outcome for the project; and (3) requires the Secretary's annual report on such program to include the extent of cost-sharing for projects among federal and non-federal sources and the extent to which utilization of project authority has addressed a homeland security capability gap or threat to the homeland.</p>]]></text>
          <actionDesc>Introduced in House</actionDesc>
          <name>Introduced in House</name>
          <lastSummaryUpdateDate>2017-01-09T20:41:06Z</lastSummaryUpdateDate>
        </item>
        <item>
          <versionCode>36</versionCode>
          <actionDate>2017-01-10</actionDate>
          <updateDate>2017-01-10T14:27:19Z</updateDate>
          <text><![CDATA[<p><strong>Support for Rapid Innovation Act of 2017</strong></p> <p>(Sec. 2) This bill amends the Homeland Security Act of 2002 to direct the Under Secretary for Science and Technology of the Department of Homeland Security (DHS) to support the research, development, testing, evaluation, and transition of cybersecurity technologies.</p> <p>Such research and development shall:</p> <ul> <li>advance the development and accelerate the deployment of more secure information systems,</li> <li> improve and create technologies for detecting attacks or intrusions,</li> <li> improve and create mitigation and recovery methodologies and development of resilient networks and information systems,</li> <li> support the review of source code that underpins critical infrastructure information systems,</li> <li> develop and support infrastructure and tools to support cybersecurity research and development efforts,</li> <li> assist the development and support of technologies to reduce vulnerabilities in industrial control systems, and </li> <li> develop and support cyber forensics and attack attribution capabilities. </li> </ul> <p>The Under Secretary shall: </p> <ul> <li>support projects carried out under this bill through their full life cycle;</li> <li> identify mature technologies that address existing or imminent cybersecurity gaps in public or private information systems and networks, identify and support necessary improvements, and introduce new cybersecurity technologies throughout the homeland security enterprise through partnerships and commercialization; and </li> <li> target federally funded cybersecurity research that demonstrates a high probability of successful transition to the commercial market within two years and that is expected to have a notable impact on information systems and networks.</li> </ul> <p>The bill: (1) extends the authority of the Secretary of DHS to carry out a research and development projects pilot program until September 30, 2021; (2) requires a DHS component to obtain the Secretary's approval before utilizing authority for such a project by providing a proposal that includes the rationale, funds to be spent, and expected outcome for the project; and (3) requires the Secretary's annual report on such program to include the extent of cost-sharing for projects among federal and non-federal sources and the extent to which utilization of project authority has addressed a homeland security capability gap or threat to the homeland.</p>]]></text>
          <actionDesc>Passed House amended</actionDesc>
          <name>Passed House amended</name>
          <lastSummaryUpdateDate>2017-01-30T20:58:57Z</lastSummaryUpdateDate>
        </item>
      </billSummaries>
    </summaries>
    <subjects>
      <billSubjects>
        <policyArea>
          <name>Science, Technology, Communications</name>
        </policyArea>
        <legislativeSubjects>
          <item>
            <name>Computer security and identity theft</name>
          </item>
          <item>
            <name>Research administration and funding</name>
          </item>
          <item>
            <name>Research and development</name>
          </item>
        </legislativeSubjects>
      </billSubjects>
    </subjects>
    <laws />
    <policyArea>
      <name>Science, Technology, Communications</name>
    </policyArea>
    <committees>
      <billCommittees>
        <item>
          <systemCode>ssga00</systemCode>
          <chamber>Senate</chamber>
          <type>Standing</type>
          <activities>
            <item>
              <name>Referred to</name>
              <date>2017-01-11T18:25:44Z</date>
            </item>
          </activities>
          <name>Homeland Security and Governmental Affairs Committee</name>
          <subcommittees />
        </item>
        <item>
          <systemCode>hshm00</systemCode>
          <chamber>House</chamber>
          <type>Standing</type>
          <activities>
            <item>
              <name>Referred to</name>
              <date>2017-01-04T15:00:40Z</date>
            </item>
          </activities>
          <name>Homeland Security Committee</name>
          <subcommittees />
        </item>
      </billCommittees>
    </committees>
    <version>1.0.0</version>
    <recordedVotes />
    <updateDate>2018-02-06T16:40:34Z</updateDate>
    <title>Support for Rapid Innovation Act of 2017</title>
    <createDate>2017-01-05T04:47:32Z</createDate>
    <cboCostEstimates />
    <actions>
      <item>
        <actionDate>2017-01-11</actionDate>
        <committee>
          <systemCode>ssga00</systemCode>
          <name>Homeland Security and Governmental Affairs Committee</name>
        </committee>
        <links />
        <sourceSystem>
          <name>Senate</name>
          <code>0</code>
        </sourceSystem>
        <text>Received in the Senate and Read twice and referred to the Committee on Homeland Security and Governmental Affairs.</text>
        <type>IntroReferral</type>
      </item>
      <item>
        <sourceSystem>
          <name>House floor actions</name>
          <code>2</code>
        </sourceSystem>
        <actionDate>2017-01-10</actionDate>
        <actionTime>16:27:53</actionTime>
        <links />
        <text>Motion to reconsider laid on the table Agreed to without objection.</text>
        <committee />
        <actionCode>H38310</actionCode>
        <type>Floor</type>
      </item>
      <item>
        <sourceSystem>
          <name>House floor actions</name>
          <code>2</code>
        </sourceSystem>
        <actionDate>2017-01-10</actionDate>
        <actionTime>16:27:52</actionTime>
        <links>
          <link>
            <name>H275-276</name>
            <url>https://www.congress.gov/congressional-record/volume-163/house-section/page/H275-276</url>
          </link>
        </links>
        <text>On motion to suspend the rules and pass the bill, as amended Agreed to by voice vote. (text: CR H275-276)</text>
        <committee />
        <actionCode>H37300</actionCode>
        <type>Floor</type>
      </item>
      <item>
        <sourceSystem>
          <name>Library of Congress</name>
          <code>9</code>
        </sourceSystem>
        <actionDate>2017-01-10</actionDate>
        <actionTime>16:27:52</actionTime>
        <links>
          <link>
            <name>H275-276</name>
            <url>https://www.congress.gov/congressional-record/volume-163/house-section/page/H275-276</url>
          </link>
        </links>
        <text>Passed/agreed to in House: On motion to suspend the rules and pass the bill, as amended Agreed to by voice vote.(text: CR H275-276)</text>
        <committee />
        <actionCode>8000</actionCode>
        <type>Floor</type>
      </item>
      <item>
        <sourceSystem>
          <name>House floor actions</name>
          <code>2</code>
        </sourceSystem>
        <actionDate>2017-01-10</actionDate>
        <actionTime>16:18:35</actionTime>
        <links>
          <link>
            <name>H.R. 239</name>
            <url>https://www.congress.gov/bill/115th-congress/house-bill/239</url>
          </link>
        </links>
        <text>DEBATE - The House proceeded with forty minutes of debate on H.R. 239.</text>
        <committee />
        <actionCode>H8D000</actionCode>
        <type>Floor</type>
      </item>
      <item>
        <sourceSystem>
          <name>House floor actions</name>
          <code>2</code>
        </sourceSystem>
        <actionDate>2017-01-10</actionDate>
        <actionTime>16:18:33</actionTime>
        <links>
          <link>
            <name>H275-277</name>
            <url>https://www.congress.gov/congressional-record/volume-163/house-section/page/H275-277</url>
          </link>
        </links>
        <text>Considered under suspension of the rules. (consideration: CR H275-277)</text>
        <committee />
        <actionCode>H30000</actionCode>
        <type>Floor</type>
      </item>
      <item>
        <sourceSystem>
          <name>House floor actions</name>
          <code>2</code>
        </sourceSystem>
        <actionDate>2017-01-10</actionDate>
        <actionTime>16:18:16</actionTime>
        <links />
        <text>Mr. Ratcliffe moved to suspend the rules and pass the bill, as amended.</text>
        <committee />
        <actionCode>H30300</actionCode>
        <type>Floor</type>
      </item>
      <item>
        <sourceSystem>
          <name>House floor actions</name>
          <code>2</code>
        </sourceSystem>
        <actionDate>2017-01-04</actionDate>
        <links />
        <text>Referred to the House Committee on Homeland Security.</text>
        <committee>
          <systemCode>hshm00</systemCode>
          <name>Homeland Security Committee</name>
        </committee>
        <actionCode>H11100</actionCode>
        <type>IntroReferral</type>
      </item>
      <item>
        <sourceSystem>
          <name>Library of Congress</name>
          <code>9</code>
        </sourceSystem>
        <actionDate>2017-01-04</actionDate>
        <links />
        <text>Introduced in House</text>
        <committee />
        <actionCode>Intro-H</actionCode>
        <type>IntroReferral</type>
      </item>
      <item>
        <sourceSystem>
          <name>Library of Congress</name>
          <code>9</code>
        </sourceSystem>
        <actionDate>2017-01-04</actionDate>
        <links />
        <text>Introduced in House</text>
        <committee />
        <actionCode>1000</actionCode>
        <type>IntroReferral</type>
      </item>
      <actionByCounts>
        <houseOfRepresentatives>9</houseOfRepresentatives>
        <senate>1</senate>
      </actionByCounts>
      <actionTypeCounts>
        <finalPassageUnderSuspensionOfTheRulesResults>1</finalPassageUnderSuspensionOfTheRulesResults>
        <introducedInTheHouse>1</introducedInTheHouse>
        <referredToCommittee>1</referredToCommittee>
        <generalDebate>1</generalDebate>
        <passedAgreedToInHouse>1</passedAgreedToInHouse>
        <billReferrals>1</billReferrals>
        <considerationByHouse>1</considerationByHouse>
        <motionToReconsiderResults>1</motionToReconsiderResults>
        <introducedInHouse>1</introducedInHouse>
        <motionMadeToSuspendTheRules>1</motionMadeToSuspendTheRules>
      </actionTypeCounts>
    </actions>
    <amendments />
    <notes />
    <calendarNumbers />
    <cosponsors>
      <item>
        <isOriginalCosponsor>True</isOriginalCosponsor>
        <firstName>Michael</firstName>
        <party>R</party>
        <sponsorshipDate>2017-01-04</sponsorshipDate>
        <lastName>McCaul</lastName>
        <bioguideId>M001157</bioguideId>
        <middleName>T.</middleName>
        <identifiers>
          <gpoId>8166</gpoId>
          <bioguideId>M001157</bioguideId>
          <lisID>1804</lisID>
        </identifiers>
        <fullName>Rep. McCaul, Michael T. [R-TX-10]</fullName>
        <state>TX</state>
        <district>10</district>
        <sponsorshipWithdrawnDate />
      </item>
    </cosponsors>
  </bill>
  <dublinCore xmlns:dc="http://purl.org/dc/elements/1.1/">
    <dc:format>text/xml</dc:format>
    <dc:language>EN</dc:language>
    <dc:rights>Pursuant to Title 17 Section 105 of the United States Code, this file is not subject to copyright protection and is in the public domain.</dc:rights>
    <dc:contributor>Congressional Research Service, Library of Congress</dc:contributor>
    <dc:description>This file contains bill summaries and statuses for federal legislation. A bill summary describes the most significant provisions of a piece of legislation and details the effects the legislative text may have on current law and federal programs. Bill summaries are authored by the Congressional Research Service (CRS) of the Library of Congress. As stated in Public Law 91-510 (2 USC 166 (d)(6)), one of the duties of CRS is "to prepare summaries and digests of bills and resolutions of a public general nature introduced in the Senate or House of Representatives". For more information, refer to the User Guide that accompanies this file.</dc:description>
  </dublinCore>
</billStatus>

