<?xml version="1.0" encoding="UTF-8"?>
<billStatus>
  <bill>
    <introducedDate>2017-01-13</introducedDate>
    <congress>115</congress>
    <latestAction>
      <actionDate>2017-01-13</actionDate>
      <links />
      <text>Referred to the House Committee on Ways and Means.</text>
    </latestAction>
    <originChamber>House</originChamber>
    <billNumber>562</billNumber>
    <sponsors>
      <item>
        <state>IN</state>
        <identifiers>
          <bioguideId>M001189</bioguideId>
          <gpoId />
          <lisID>2130</lisID>
        </identifiers>
        <bioguideId>M001189</bioguideId>
        <lastName>Messer</lastName>
        <fullName>Rep. Messer, Luke [R-IN-6]</fullName>
        <district>6</district>
        <firstName>Luke</firstName>
        <byRequestType />
        <middleName />
        <party>R</party>
      </item>
    </sponsors>
    <committeeReports />
    <relatedBills />
    <titles>
      <item>
        <chamberCode />
        <title>Obamacare Regressive Tax Relief Act</title>
        <titleType>(Extracted from GPO) Short Titles as Introduced</titleType>
        <parentTitleType />
        <chamberName />
      </item>
      <item>
        <chamberCode />
        <title>Obamacare Regressive Tax Relief Act</title>
        <titleType>Short Titles as Introduced</titleType>
        <parentTitleType />
        <chamberName />
      </item>
      <item>
        <chamberCode />
        <title>To amend the Internal Revenue Code of 1986 to flatline the individual mandate penalty.</title>
        <titleType>Official Title as Introduced</titleType>
        <parentTitleType />
        <chamberName />
      </item>
      <item>
        <chamberCode />
        <title>Obamacare Regressive Tax Relief Act</title>
        <titleType>Display Title</titleType>
        <parentTitleType />
        <chamberName />
      </item>
    </titles>
    <constitutionalAuthorityStatementText><![CDATA[<pre>From the Congressional Record Online through the Government Publishing Office [<a href='http://www.gpo.gov'>www.gpo.gov</a>]By Mr. MESSER:H.R. 562.Congress has the power to enact this legislation pursuantto the following:Clause 3 of Section 8 of Article I of the Constitution.[Page H548]</pre>]]></constitutionalAuthorityStatementText>
    <billType>HR</billType>
    <summaries>
      <billSummaries>
        <item>
          <versionCode>00</versionCode>
          <actionDate>2017-01-13</actionDate>
          <updateDate>2017-01-13T05:00:00Z</updateDate>
          <text><![CDATA[<p><b>Obamacare Regressive Tax Relief Act </b></p> <p>This bill amends the Internal Revenue Code to reduce the penalties for individuals who fail to maintain the minimum essential health insurance coverage required by the Patient Protection and Affordable Care Act. </p>]]></text>
          <actionDesc>Introduced in House</actionDesc>
          <name>Introduced in House</name>
          <lastSummaryUpdateDate>2017-01-31T16:38:41Z</lastSummaryUpdateDate>
        </item>
      </billSummaries>
    </summaries>
    <subjects>
      <billSubjects>
        <policyArea>
          <name>Taxation</name>
        </policyArea>
        <legislativeSubjects>
          <item>
            <name>Health care costs and insurance</name>
          </item>
          <item>
            <name>Health care coverage and access</name>
          </item>
          <item>
            <name>Inflation and prices</name>
          </item>
          <item>
            <name>Sales and excise taxes</name>
          </item>
        </legislativeSubjects>
      </billSubjects>
    </subjects>
    <laws />
    <policyArea>
      <name>Taxation</name>
    </policyArea>
    <committees>
      <billCommittees>
        <item>
          <name>Ways and Means Committee</name>
          <chamber>House</chamber>
          <type>Standing</type>
          <subcommittees />
          <systemCode>hswm00</systemCode>
          <activities>
            <item>
              <name>Referred to</name>
              <date>2017-01-13T14:05:35Z</date>
            </item>
          </activities>
        </item>
      </billCommittees>
    </committees>
    <version>1.0.0</version>
    <recordedVotes />
    <updateDate>2018-02-06T16:40:55Z</updateDate>
    <title>Obamacare Regressive Tax Relief Act</title>
    <createDate>2017-01-14T04:47:33Z</createDate>
    <cboCostEstimates />
    <actions>
      <actionTypeCounts>
        <introducedInTheHouse>1</introducedInTheHouse>
        <introducedInHouse>1</introducedInHouse>
        <billReferrals>1</billReferrals>
      </actionTypeCounts>
      <item>
        <text>Referred to the House Committee on Ways and Means.</text>
        <links />
        <actionDate>2017-01-13</actionDate>
        <committee>
          <systemCode>hswm00</systemCode>
          <name>Ways and Means Committee</name>
        </committee>
        <sourceSystem>
          <name>House floor actions</name>
          <code>2</code>
        </sourceSystem>
        <type>IntroReferral</type>
        <actionCode>H11100</actionCode>
      </item>
      <item>
        <text>Introduced in House</text>
        <links />
        <actionDate>2017-01-13</actionDate>
        <committee />
        <sourceSystem>
          <name>Library of Congress</name>
          <code>9</code>
        </sourceSystem>
        <type>IntroReferral</type>
        <actionCode>Intro-H</actionCode>
      </item>
      <item>
        <text>Introduced in House</text>
        <links />
        <actionDate>2017-01-13</actionDate>
        <committee />
        <sourceSystem>
          <name>Library of Congress</name>
          <code>9</code>
        </sourceSystem>
        <type>IntroReferral</type>
        <actionCode>1000</actionCode>
      </item>
      <actionByCounts>
        <houseOfRepresentatives>3</houseOfRepresentatives>
      </actionByCounts>
    </actions>
    <amendments />
    <notes />
    <calendarNumbers />
    <cosponsors />
  </bill>
  <dublinCore xmlns:dc="http://purl.org/dc/elements/1.1/">
    <dc:format>text/xml</dc:format>
    <dc:language>EN</dc:language>
    <dc:rights>Pursuant to Title 17 Section 105 of the United States Code, this file is not subject to copyright protection and is in the public domain.</dc:rights>
    <dc:contributor>Congressional Research Service, Library of Congress</dc:contributor>
    <dc:description>This file contains bill summaries and statuses for federal legislation. A bill summary describes the most significant provisions of a piece of legislation and details the effects the legislative text may have on current law and federal programs. Bill summaries are authored by the Congressional Research Service (CRS) of the Library of Congress. As stated in Public Law 91-510 (2 USC 166 (d)(6)), one of the duties of CRS is "to prepare summaries and digests of bills and resolutions of a public general nature introduced in the Senate or House of Representatives". For more information, refer to the User Guide that accompanies this file.</dc:description>
  </dublinCore>
</billStatus>

