<?xml version="1.0" encoding="UTF-8"?>
<billStatus>
  <bill>
    <calendarNumbers />
    <constitutionalAuthorityStatementText><![CDATA[<pre>From the Congressional Record Online through the Government Publishing Office [<a href='http://www.gpo.gov'>www.gpo.gov</a>]By Mr. CRAWFORD:H.R. 368.Congress has the power to enact this legislation pursuantto the following:Article VI, Clause 2 of the United States Constitution asupheld by the Supreme Court in Missouri v. Holland, 252 U.S.416 (1920).[Page H235]</pre>]]></constitutionalAuthorityStatementText>
    <congress>115</congress>
    <titles>
      <item>
        <chamberCode />
        <titleType>(Extracted from GPO) Short Titles as Introduced</titleType>
        <parentTitleType />
        <chamberName />
        <title>Safeguard Aquaculture Farmers Act</title>
      </item>
      <item>
        <chamberCode />
        <titleType>Short Titles as Introduced</titleType>
        <parentTitleType />
        <chamberName />
        <title>Safeguard Aquaculture Farmers Act</title>
      </item>
      <item>
        <chamberCode />
        <titleType>Official Title as Introduced</titleType>
        <parentTitleType />
        <chamberName />
        <title>To provide the force and effect of law for certain regulations relating to the taking of double-crested cormorants to reduce depredation at aquaculture facilities and protect public resources.</title>
      </item>
      <item>
        <chamberCode />
        <titleType>Display Title</titleType>
        <parentTitleType />
        <chamberName />
        <title>Safeguard Aquaculture Farmers Act</title>
      </item>
    </titles>
    <introducedDate>2017-01-09</introducedDate>
    <latestAction>
      <actionDate>2017-02-10</actionDate>
      <text>Referred to the Subcommittee on Federal Lands.</text>
      <links />
    </latestAction>
    <title>Safeguard Aquaculture Farmers Act</title>
    <subjects>
      <billSubjects>
        <policyArea>
          <name>Animals</name>
        </policyArea>
        <legislativeSubjects>
          <item>
            <name>Administrative law and regulatory procedures</name>
          </item>
          <item>
            <name>Aquaculture</name>
          </item>
          <item>
            <name>Birds</name>
          </item>
          <item>
            <name>Department of the Interior</name>
          </item>
          <item>
            <name>Hunting and fishing</name>
          </item>
        </legislativeSubjects>
      </billSubjects>
    </subjects>
    <relatedBills>
      <item>
        <latestTitle>Safeguard Aquaculture Farmers Act</latestTitle>
        <number>219</number>
        <latestAction>
          <actionDate>2017-01-24</actionDate>
          <text>Read twice and referred to the Committee on Environment and Public Works.</text>
        </latestAction>
        <congress>115</congress>
        <relationshipDetails>
          <item>
            <identifiedBy>CRS</identifiedBy>
            <type>Identical bill</type>
          </item>
        </relationshipDetails>
        <type>S</type>
      </item>
    </relatedBills>
    <updateDate>2018-02-06T16:40:43Z</updateDate>
    <committeeReports />
    <notes />
    <recordedVotes />
    <amendments />
    <billType>HR</billType>
    <committees>
      <billCommittees>
        <item>
          <subcommittees>
            <item>
              <name>Federal Lands Subcommittee</name>
              <systemCode>hsii10</systemCode>
              <activities>
                <item>
                  <name>Referred to</name>
                  <date>2017-02-10T16:42:17Z</date>
                </item>
              </activities>
            </item>
            <item>
              <name>Water, Power and Oceans Subcommittee</name>
              <systemCode>hsii13</systemCode>
              <activities>
                <item>
                  <name>Referred to</name>
                  <date>2017-02-10T16:42:09Z</date>
                </item>
              </activities>
            </item>
          </subcommittees>
          <type>Standing</type>
          <systemCode>hsii00</systemCode>
          <activities>
            <item>
              <name>Referred to</name>
              <date>2017-01-09T17:00:20Z</date>
            </item>
          </activities>
          <name>Natural Resources Committee</name>
          <chamber>House</chamber>
        </item>
      </billCommittees>
    </committees>
    <cboCostEstimates />
    <billNumber>368</billNumber>
    <policyArea>
      <name>Animals</name>
    </policyArea>
    <version>1.0.0</version>
    <createDate>2017-01-10T05:15:44Z</createDate>
    <originChamber>House</originChamber>
    <actions>
      <actionByCounts>
        <houseOfRepresentatives>5</houseOfRepresentatives>
      </actionByCounts>
      <actionTypeCounts>
        <placeholderTextForH>2</placeholderTextForH>
        <billReferrals>1</billReferrals>
        <introducedInHouse>1</introducedInHouse>
        <introducedInTheHouse>1</introducedInTheHouse>
      </actionTypeCounts>
      <item>
        <actionDate>2017-02-10</actionDate>
        <committee>
          <systemCode>hsii10</systemCode>
          <name>Federal Lands Subcommittee</name>
        </committee>
        <links />
        <sourceSystem>
          <name>House committee actions</name>
          <code>1</code>
        </sourceSystem>
        <text>Referred to the Subcommittee on Federal Lands.</text>
        <type>Committee</type>
      </item>
      <item>
        <actionDate>2017-02-10</actionDate>
        <committee>
          <systemCode>hsii13</systemCode>
          <name>Water, Power and Oceans Subcommittee</name>
        </committee>
        <links />
        <sourceSystem>
          <name>House committee actions</name>
          <code>1</code>
        </sourceSystem>
        <text>Referred to the Subcommittee on Water, Power and Oceans.</text>
        <type>Committee</type>
      </item>
      <item>
        <sourceSystem>
          <name>House floor actions</name>
          <code>2</code>
        </sourceSystem>
        <actionDate>2017-01-09</actionDate>
        <text>Referred to the House Committee on Natural Resources.</text>
        <type>IntroReferral</type>
        <links />
        <committee>
          <systemCode>hsii00</systemCode>
          <name>Natural Resources Committee</name>
        </committee>
        <actionCode>H11100</actionCode>
      </item>
      <item>
        <sourceSystem>
          <name>Library of Congress</name>
          <code>9</code>
        </sourceSystem>
        <actionDate>2017-01-09</actionDate>
        <text>Introduced in House</text>
        <type>IntroReferral</type>
        <links />
        <committee />
        <actionCode>Intro-H</actionCode>
      </item>
      <item>
        <sourceSystem>
          <name>Library of Congress</name>
          <code>9</code>
        </sourceSystem>
        <actionDate>2017-01-09</actionDate>
        <text>Introduced in House</text>
        <type>IntroReferral</type>
        <links />
        <committee />
        <actionCode>1000</actionCode>
      </item>
    </actions>
    <sponsors>
      <item>
        <party>R</party>
        <bioguideId>C001087</bioguideId>
        <district>1</district>
        <firstName>Eric</firstName>
        <middleName>A. "Rick"</middleName>
        <state>AR</state>
        <fullName>Rep. Crawford, Eric A. "Rick" [R-AR-1]</fullName>
        <identifiers>
          <lisID>1989</lisID>
          <bioguideId>C001087</bioguideId>
          <gpoId>7793</gpoId>
        </identifiers>
        <lastName>Crawford</lastName>
        <byRequestType />
      </item>
    </sponsors>
    <summaries>
      <billSummaries>
        <item>
          <versionCode>00</versionCode>
          <text><![CDATA[<p><b>Safeguard Aquaculture Farmers Act</b></p> <p>This bill provides the force and effect of law for certain regulations that allow for the taking of double-crested cormorants (birds) that eat fish at aquaculture facilities. </p>]]></text>
          <actionDesc>Introduced in House</actionDesc>
          <actionDate>2017-01-09</actionDate>
          <lastSummaryUpdateDate>2017-02-01T19:15:38Z</lastSummaryUpdateDate>
          <name>Introduced in House</name>
          <updateDate>2017-01-09T05:00:00Z</updateDate>
        </item>
      </billSummaries>
    </summaries>
    <laws />
    <cosponsors>
      <item>
        <lastName>ADERHOLT</lastName>
        <sponsorshipDate>2017-01-09</sponsorshipDate>
        <bioguideId>A000055</bioguideId>
        <middleName>B.</middleName>
        <identifiers>
          <bioguideId>A000055</bioguideId>
          <lisID>1460</lisID>
          <gpoId>7789</gpoId>
        </identifiers>
        <district>4</district>
        <party>R</party>
        <state>AL</state>
        <firstName>ROBERT</firstName>
        <sponsorshipWithdrawnDate />
        <isOriginalCosponsor>True</isOriginalCosponsor>
        <fullName>Rep. Aderholt, Robert B. [R-AL-4]</fullName>
      </item>
      <item>
        <lastName>Harper</lastName>
        <sponsorshipDate>2017-01-09</sponsorshipDate>
        <bioguideId>H001045</bioguideId>
        <middleName />
        <identifiers>
          <bioguideId>H001045</bioguideId>
          <lisID>1933</lisID>
          <gpoId>8021</gpoId>
        </identifiers>
        <district>3</district>
        <party>R</party>
        <state>MS</state>
        <firstName>Gregg</firstName>
        <sponsorshipWithdrawnDate />
        <isOriginalCosponsor>True</isOriginalCosponsor>
        <fullName>Rep. Harper, Gregg [R-MS-3]</fullName>
      </item>
      <item>
        <lastName>Westerman</lastName>
        <sponsorshipDate>2017-01-09</sponsorshipDate>
        <bioguideId>W000821</bioguideId>
        <middleName />
        <identifiers>
          <gpoId />
          <bioguideId>W000821</bioguideId>
          <lisID>2224</lisID>
        </identifiers>
        <district>4</district>
        <party>R</party>
        <state>AR</state>
        <firstName>Bruce</firstName>
        <sponsorshipWithdrawnDate />
        <isOriginalCosponsor>True</isOriginalCosponsor>
        <fullName>Rep. Westerman, Bruce [R-AR-4]</fullName>
      </item>
      <item>
        <lastName>Hill</lastName>
        <sponsorshipDate>2017-01-09</sponsorshipDate>
        <bioguideId>H001072</bioguideId>
        <middleName>French</middleName>
        <identifiers>
          <lisID>2223</lisID>
          <bioguideId>H001072</bioguideId>
          <gpoId />
        </identifiers>
        <district>2</district>
        <party>R</party>
        <state>AR</state>
        <firstName>J.</firstName>
        <sponsorshipWithdrawnDate />
        <isOriginalCosponsor>True</isOriginalCosponsor>
        <fullName>Rep. Hill, J. French [R-AR-2]</fullName>
      </item>
      <item>
        <lastName>Sewell</lastName>
        <sponsorshipDate>2017-01-09</sponsorshipDate>
        <bioguideId>S001185</bioguideId>
        <middleName>A.</middleName>
        <identifiers>
          <lisID>1988</lisID>
          <bioguideId>S001185</bioguideId>
          <gpoId>7792</gpoId>
        </identifiers>
        <district>7</district>
        <party>D</party>
        <state>AL</state>
        <firstName>Terri</firstName>
        <sponsorshipWithdrawnDate />
        <isOriginalCosponsor>True</isOriginalCosponsor>
        <fullName>Rep. Sewell, Terri A. [D-AL-7]</fullName>
      </item>
      <item>
        <lastName>Palazzo</lastName>
        <sponsorshipDate>2017-01-09</sponsorshipDate>
        <bioguideId>P000601</bioguideId>
        <middleName>M.</middleName>
        <identifiers>
          <bioguideId>P000601</bioguideId>
          <lisID>2035</lisID>
          <gpoId>8022</gpoId>
        </identifiers>
        <district>4</district>
        <party>R</party>
        <state>MS</state>
        <firstName>Steven</firstName>
        <sponsorshipWithdrawnDate />
        <isOriginalCosponsor>True</isOriginalCosponsor>
        <fullName>Rep. Palazzo, Steven M. [R-MS-4]</fullName>
      </item>
      <item>
        <lastName>Womack</lastName>
        <sponsorshipDate>2017-01-09</sponsorshipDate>
        <bioguideId>W000809</bioguideId>
        <middleName />
        <identifiers>
          <gpoId>7795</gpoId>
          <bioguideId>W000809</bioguideId>
          <lisID>1991</lisID>
        </identifiers>
        <district>3</district>
        <party>R</party>
        <state>AR</state>
        <firstName>Steve</firstName>
        <sponsorshipWithdrawnDate />
        <isOriginalCosponsor>True</isOriginalCosponsor>
        <fullName>Rep. Womack, Steve [R-AR-3]</fullName>
      </item>
      <item>
        <lastName>JONES</lastName>
        <sponsorshipDate>2017-03-17</sponsorshipDate>
        <bioguideId>J000255</bioguideId>
        <middleName>B.</middleName>
        <identifiers>
          <lisID>612</lisID>
          <bioguideId>J000255</bioguideId>
          <gpoId>8026</gpoId>
        </identifiers>
        <district>3</district>
        <party>R</party>
        <state>NC</state>
        <firstName>WALTER</firstName>
        <sponsorshipWithdrawnDate />
        <isOriginalCosponsor>False</isOriginalCosponsor>
        <fullName>Rep. Jones, Walter B., Jr. [R-NC-3]</fullName>
      </item>
      <item>
        <lastName>PETERSON</lastName>
        <sponsorshipDate>2017-11-30</sponsorshipDate>
        <bioguideId>P000258</bioguideId>
        <middleName>C.</middleName>
        <identifiers>
          <gpoId>8007</gpoId>
          <bioguideId>P000258</bioguideId>
          <lisID>910</lisID>
        </identifiers>
        <district>7</district>
        <party>D</party>
        <state>MN</state>
        <firstName>COLLIN</firstName>
        <sponsorshipWithdrawnDate />
        <isOriginalCosponsor>False</isOriginalCosponsor>
        <fullName>Rep. Peterson, Collin C. [D-MN-7]</fullName>
      </item>
    </cosponsors>
  </bill>
  <dublinCore xmlns:dc="http://purl.org/dc/elements/1.1/">
    <dc:format>text/xml</dc:format>
    <dc:language>EN</dc:language>
    <dc:rights>Pursuant to Title 17 Section 105 of the United States Code, this file is not subject to copyright protection and is in the public domain.</dc:rights>
    <dc:contributor>Congressional Research Service, Library of Congress</dc:contributor>
    <dc:description>This file contains bill summaries and statuses for federal legislation. A bill summary describes the most significant provisions of a piece of legislation and details the effects the legislative text may have on current law and federal programs. Bill summaries are authored by the Congressional Research Service (CRS) of the Library of Congress. As stated in Public Law 91-510 (2 USC 166 (d)(6)), one of the duties of CRS is "to prepare summaries and digests of bills and resolutions of a public general nature introduced in the Senate or House of Representatives". For more information, refer to the User Guide that accompanies this file.</dc:description>
  </dublinCore>
</billStatus>

