<?xml version="1.0" encoding="UTF-8"?>
<billStatus>
  <bill>
    <policyArea>
      <name>International Affairs</name>
    </policyArea>
    <introducedDate>2017-01-13</introducedDate>
    <cosponsors>
      <item>
        <lastName>MCCOLLUM</lastName>
        <sponsorshipDate>2017-01-13</sponsorshipDate>
        <bioguideId>M001143</bioguideId>
        <middleName />
        <identifiers>
          <bioguideId>M001143</bioguideId>
          <lisID>1653</lisID>
          <gpoId>8004</gpoId>
        </identifiers>
        <district>4</district>
        <party>D</party>
        <state>MN</state>
        <firstName>BETTY</firstName>
        <sponsorshipWithdrawnDate />
        <isOriginalCosponsor>True</isOriginalCosponsor>
        <fullName>Rep. McCollum, Betty [D-MN-4]</fullName>
      </item>
      <item>
        <lastName>Ellison</lastName>
        <sponsorshipDate>2017-01-13</sponsorshipDate>
        <bioguideId>E000288</bioguideId>
        <middleName />
        <identifiers>
          <lisID>1857</lisID>
          <bioguideId>E000288</bioguideId>
          <gpoId>8005</gpoId>
        </identifiers>
        <district>5</district>
        <party>D</party>
        <state>MN</state>
        <firstName>Keith</firstName>
        <sponsorshipWithdrawnDate />
        <isOriginalCosponsor>True</isOriginalCosponsor>
        <fullName>Rep. Ellison, Keith [D-MN-5]</fullName>
      </item>
      <item>
        <lastName>NOLAN</lastName>
        <sponsorshipDate>2017-01-13</sponsorshipDate>
        <bioguideId>N000127</bioguideId>
        <middleName />
        <identifiers>
          <bioguideId>N000127</bioguideId>
          <lisID>867</lisID>
          <gpoId />
        </identifiers>
        <district>8</district>
        <party>D</party>
        <state>MN</state>
        <firstName>RICHARD</firstName>
        <sponsorshipWithdrawnDate />
        <isOriginalCosponsor>True</isOriginalCosponsor>
        <fullName>Rep. Nolan, Richard M. [D-MN-8]</fullName>
      </item>
      <item>
        <lastName>PETERSON</lastName>
        <sponsorshipDate>2017-01-13</sponsorshipDate>
        <bioguideId>P000258</bioguideId>
        <middleName>C.</middleName>
        <identifiers>
          <lisID>910</lisID>
          <bioguideId>P000258</bioguideId>
          <gpoId>8007</gpoId>
        </identifiers>
        <district>7</district>
        <party>D</party>
        <state>MN</state>
        <firstName>COLLIN</firstName>
        <sponsorshipWithdrawnDate />
        <isOriginalCosponsor>True</isOriginalCosponsor>
        <fullName>Rep. Peterson, Collin C. [D-MN-7]</fullName>
      </item>
      <item>
        <lastName>Paulsen</lastName>
        <sponsorshipDate>2017-01-13</sponsorshipDate>
        <bioguideId>P000594</bioguideId>
        <middleName />
        <identifiers>
          <lisID>1930</lisID>
          <bioguideId>P000594</bioguideId>
          <gpoId>8003</gpoId>
        </identifiers>
        <district>3</district>
        <party>R</party>
        <state>MN</state>
        <firstName>Erik</firstName>
        <sponsorshipWithdrawnDate />
        <isOriginalCosponsor>True</isOriginalCosponsor>
        <fullName>Rep. Paulsen, Erik [R-MN-3]</fullName>
      </item>
      <item>
        <lastName>Lewis</lastName>
        <sponsorshipDate>2017-01-13</sponsorshipDate>
        <bioguideId>L000587</bioguideId>
        <middleName />
        <identifiers>
          <lisID>2335</lisID>
          <bioguideId>L000587</bioguideId>
          <gpoId />
        </identifiers>
        <district>2</district>
        <party>R</party>
        <state>MN</state>
        <firstName>Jason</firstName>
        <sponsorshipWithdrawnDate />
        <isOriginalCosponsor>True</isOriginalCosponsor>
        <fullName>Rep. Lewis, Jason [R-MN-2]</fullName>
      </item>
      <item>
        <lastName>Walz</lastName>
        <sponsorshipDate>2017-01-13</sponsorshipDate>
        <bioguideId>W000799</bioguideId>
        <middleName>J.</middleName>
        <identifiers>
          <bioguideId>W000799</bioguideId>
          <lisID>1856</lisID>
          <gpoId>8001</gpoId>
        </identifiers>
        <district>1</district>
        <party>D</party>
        <state>MN</state>
        <firstName>Timothy</firstName>
        <sponsorshipWithdrawnDate />
        <isOriginalCosponsor>True</isOriginalCosponsor>
        <fullName>Rep. Walz, Timothy J. [D-MN-1]</fullName>
      </item>
      <item>
        <lastName>Weber</lastName>
        <sponsorshipDate>2017-01-13</sponsorshipDate>
        <bioguideId>W000814</bioguideId>
        <middleName>K.</middleName>
        <identifiers>
          <bioguideId>W000814</bioguideId>
          <lisID>2161</lisID>
          <gpoId />
        </identifiers>
        <district>14</district>
        <party>R</party>
        <state>TX</state>
        <firstName>Randy</firstName>
        <sponsorshipWithdrawnDate />
        <isOriginalCosponsor>True</isOriginalCosponsor>
        <fullName>Rep. Weber, Randy K., Sr. [R-TX-14]</fullName>
      </item>
      <item>
        <lastName>Poe</lastName>
        <sponsorshipDate>2017-01-24</sponsorshipDate>
        <bioguideId>P000592</bioguideId>
        <middleName />
        <identifiers>
          <gpoId>8158</gpoId>
          <lisID>1802</lisID>
          <bioguideId>P000592</bioguideId>
        </identifiers>
        <district>2</district>
        <party>R</party>
        <state>TX</state>
        <firstName>Ted</firstName>
        <sponsorshipWithdrawnDate />
        <isOriginalCosponsor>False</isOriginalCosponsor>
        <fullName>Rep. Poe, Ted [R-TX-2]</fullName>
      </item>
      <item>
        <lastName>Meehan</lastName>
        <sponsorshipDate>2017-03-23</sponsorshipDate>
        <bioguideId>M001181</bioguideId>
        <middleName />
        <identifiers>
          <gpoId>8125</gpoId>
          <bioguideId>M001181</bioguideId>
          <lisID>2052</lisID>
        </identifiers>
        <district>7</district>
        <party>R</party>
        <state>PA</state>
        <firstName>Patrick</firstName>
        <sponsorshipWithdrawnDate />
        <isOriginalCosponsor>False</isOriginalCosponsor>
        <fullName>Rep. Meehan, Patrick [R-PA-7]</fullName>
      </item>
    </cosponsors>
    <titles>
      <item>
        <chamberName>House</chamberName>
        <titleType>(Extracted from GPO) Short Titles as Passed House</titleType>
        <title>U.S. Wants to Compete for a World Expo Act</title>
        <parentTitleType />
        <chamberCode>H</chamberCode>
      </item>
      <item>
        <chamberName>Senate</chamberName>
        <titleType>(Extracted from GPO) Short Titles as Reported to Senate</titleType>
        <title>U.S. Wants to Compete for a World Expo Act</title>
        <parentTitleType />
        <chamberCode>S</chamberCode>
      </item>
      <item>
        <chamberName />
        <titleType>(Extracted from GPO) Short Titles as Introduced</titleType>
        <title>U.S. Wants to Compete for a World Expo Act</title>
        <parentTitleType />
        <chamberCode />
      </item>
      <item>
        <chamberName />
        <titleType>Short Titles as Enacted</titleType>
        <title>U.S. Wants to Compete for a World Expo Act</title>
        <parentTitleType>Short Title</parentTitleType>
        <chamberCode />
      </item>
      <item>
        <chamberName>Senate</chamberName>
        <titleType>Short Titles as Passed Senate</titleType>
        <title>U.S. Wants to Compete for a World Expo Act</title>
        <parentTitleType>Short Titles Senate</parentTitleType>
        <chamberCode>S</chamberCode>
      </item>
      <item>
        <chamberName>House</chamberName>
        <titleType>Short Titles as Passed House</titleType>
        <title>U.S. Wants to Compete for a World Expo Act</title>
        <parentTitleType>Short Titles House of Representatives</parentTitleType>
        <chamberCode>H</chamberCode>
      </item>
      <item>
        <chamberName>Senate</chamberName>
        <titleType>Short Titles as Reported to Senate</titleType>
        <title>U.S. Wants to Compete for a World Expo Act</title>
        <parentTitleType>Short Titles Senate</parentTitleType>
        <chamberCode>S</chamberCode>
      </item>
      <item>
        <chamberName />
        <titleType>Short Titles as Introduced</titleType>
        <title>U.S. Wants to Compete for a World Expo Act</title>
        <parentTitleType />
        <chamberCode />
      </item>
      <item>
        <chamberName />
        <titleType>Official Title as Introduced</titleType>
        <title>To require the Secretary of State to take such actions as may be necessary for the United States to rejoin the Bureau of International Expositions, and for other purposes.</title>
        <parentTitleType />
        <chamberCode />
      </item>
      <item>
        <chamberName />
        <titleType>Display Title</titleType>
        <title>U.S. Wants to Compete for a World Expo Act</title>
        <parentTitleType />
        <chamberCode />
      </item>
    </titles>
    <congress>115</congress>
    <recordedVotes />
    <amendments />
    <laws>
      <item>
        <number>115-32</number>
        <type>Public Law</type>
      </item>
    </laws>
    <cboCostEstimates />
    <actions>
      <actionByCounts>
        <senate>8</senate>
        <houseOfRepresentatives>13</houseOfRepresentatives>
      </actionByCounts>
      <actionTypeCounts>
        <introducedInTheHouse>1</introducedInTheHouse>
        <passedAgreedToInSenate>1</passedAgreedToInSenate>
        <resolvingDifferencesHouseActions>1</resolvingDifferencesHouseActions>
        <introducedInHouse>1</introducedInHouse>
        <finalPassageUnderSuspensionOfTheRulesResults>1</finalPassageUnderSuspensionOfTheRulesResults>
        <considerationByHouse>1</considerationByHouse>
        <placedOnCalendarGeneralOrders>1</placedOnCalendarGeneralOrders>
        <reportedToSenate>2</reportedToSenate>
        <becamePublicLaw>2</becamePublicLaw>
        <passedAgreedToInHouse>1</passedAgreedToInHouse>
        <billReferrals>1</billReferrals>
        <placeholderTextForE>3</placeholderTextForE>
        <motionMadeToSuspendTheRules>1</motionMadeToSuspendTheRules>
        <orderedReported>1</orderedReported>
        <sentToHouse>1</sentToHouse>
        <referredToCommittee>1</referredToCommittee>
        <generalDebate>2</generalDebate>
        <motionToReconsiderResults>2</motionToReconsiderResults>
        <presentedToPresident>1</presentedToPresident>
        <voteOnHouseAgreeingToTheSenateAction>1</voteOnHouseAgreeingToTheSenateAction>
        <passedSenate>1</passedSenate>
      </actionTypeCounts>
      <item>
        <actionDate>2017-05-08</actionDate>
        <text>Became Public Law No: 115-32.</text>
        <sourceSystem>
          <name>House floor actions</name>
          <code>2</code>
        </sourceSystem>
        <committee />
        <links>
          <link>
            <name>Public Law No: 115-32</name>
            <url>https://www.congress.gov/bill/115th-congress/house-bill/534/text/pl</url>
          </link>
        </links>
        <actionCode>E40000</actionCode>
        <type>President</type>
      </item>
      <item>
        <actionDate>2017-05-08</actionDate>
        <text>Became Public Law No: 115-32.</text>
        <sourceSystem>
          <name>Library of Congress</name>
          <code>9</code>
        </sourceSystem>
        <committee />
        <links>
          <link>
            <name>Public Law No: 115-32</name>
            <url>https://www.congress.gov/bill/115th-congress/house-bill/534/text/pl</url>
          </link>
        </links>
        <actionCode>36000</actionCode>
        <type>BecameLaw</type>
      </item>
      <item>
        <actionDate>2017-05-08</actionDate>
        <text>Signed by President.</text>
        <sourceSystem>
          <name>House floor actions</name>
          <code>2</code>
        </sourceSystem>
        <committee />
        <links />
        <actionCode>E30000</actionCode>
        <type>President</type>
      </item>
      <item>
        <actionDate>2017-05-08</actionDate>
        <text>Signed by President.</text>
        <sourceSystem>
          <name>Library of Congress</name>
          <code>9</code>
        </sourceSystem>
        <committee />
        <links />
        <actionCode>36000</actionCode>
        <type>BecameLaw</type>
      </item>
      <item>
        <actionDate>2017-05-05</actionDate>
        <text>Presented to President.</text>
        <sourceSystem>
          <name>House floor actions</name>
          <code>2</code>
        </sourceSystem>
        <committee />
        <links />
        <actionCode>E20000</actionCode>
        <type>Floor</type>
      </item>
      <item>
        <actionDate>2017-05-05</actionDate>
        <text>Presented to President.</text>
        <sourceSystem>
          <name>Library of Congress</name>
          <code>9</code>
        </sourceSystem>
        <committee />
        <links />
        <actionCode>28000</actionCode>
        <type>President</type>
      </item>
      <item>
        <actionDate>2017-05-04</actionDate>
        <text>Motion to reconsider laid on the table Agreed to without objection.</text>
        <sourceSystem>
          <name>House floor actions</name>
          <code>2</code>
        </sourceSystem>
        <committee />
        <links />
        <actionCode>H41931</actionCode>
        <type>ResolvingDifferences</type>
        <actionTime>14:31:30</actionTime>
      </item>
      <item>
        <actionDate>2017-05-04</actionDate>
        <text>On motion that the House agree to the Senate amendment Agreed to without objection. (text as House agreed to Senate amendment: CR H4172-4173)</text>
        <sourceSystem>
          <name>House floor actions</name>
          <code>2</code>
        </sourceSystem>
        <committee />
        <links>
          <link>
            <name>H4172-4173</name>
            <url>https://www.congress.gov/congressional-record/volume-163/house-section/page/H4172-4173</url>
          </link>
        </links>
        <actionCode>H41610</actionCode>
        <type>ResolvingDifferences</type>
        <actionTime>14:31:15</actionTime>
      </item>
      <item>
        <actionDate>2017-05-04</actionDate>
        <text>Resolving differences -- House actions: On motion that the House agree to the Senate amendment Agreed to without objection.(text as House agreed to Senate amendment: CR H4172-4173)</text>
        <sourceSystem>
          <name>Library of Congress</name>
          <code>9</code>
        </sourceSystem>
        <committee />
        <links>
          <link>
            <name>H4172-4173</name>
            <url>https://www.congress.gov/congressional-record/volume-163/house-section/page/H4172-4173</url>
          </link>
        </links>
        <actionCode>19500</actionCode>
        <type>NotUsed</type>
      </item>
      <item>
        <actionDate>2017-05-04</actionDate>
        <text>Mr. Emmer asked unanimous consent to take from the Speaker's Table and agree to the Senate amendment. (consideration: CR H4172-4173)</text>
        <sourceSystem>
          <name>House floor actions</name>
          <code>2</code>
        </sourceSystem>
        <committee />
        <links>
          <link>
            <name>H4172-4173</name>
            <url>https://www.congress.gov/congressional-record/volume-163/house-section/page/H4172-4173</url>
          </link>
        </links>
        <actionCode>H8D000</actionCode>
        <type>Floor</type>
        <actionTime>14:31:01</actionTime>
      </item>
      <item>
        <actionDate>2017-05-04</actionDate>
        <committee />
        <links />
        <sourceSystem>
          <name>Senate</name>
          <code>0</code>
        </sourceSystem>
        <text>Message on Senate action sent to the House.</text>
        <type>Floor</type>
      </item>
      <item>
        <actionDate>2017-05-04</actionDate>
        <committee />
        <links>
          <link>
            <name>S2737</name>
            <url>https://www.congress.gov/congressional-record/volume-163/senate-section/page/S2737</url>
          </link>
          <link>
            <name>S2737-2738</name>
            <url>https://www.congress.gov/congressional-record/volume-163/senate-section/page/S2737-2738</url>
          </link>
        </links>
        <sourceSystem>
          <name>Senate</name>
          <code>0</code>
        </sourceSystem>
        <text>Passed Senate with an amendment by Unanimous Consent. (consideration: CR S2737-2738; text of amendment in the nature of a substitute: CR S2737)</text>
        <type>Floor</type>
      </item>
      <item>
        <actionDate>2017-05-04</actionDate>
        <text>Passed/agreed to in Senate: Passed Senate with an amendment by Unanimous Consent.(consideration: CR S2737-2738; text of amendment in the nature of a substitute: CR S2737)</text>
        <sourceSystem>
          <name>Library of Congress</name>
          <code>9</code>
        </sourceSystem>
        <committee />
        <links>
          <link>
            <name>S2737</name>
            <url>https://www.congress.gov/congressional-record/volume-163/senate-section/page/S2737</url>
          </link>
          <link>
            <name>S2737-2738</name>
            <url>https://www.congress.gov/congressional-record/volume-163/senate-section/page/S2737-2738</url>
          </link>
        </links>
        <actionCode>17000</actionCode>
        <type>Floor</type>
      </item>
      <item>
        <actionDate>2017-05-03</actionDate>
        <committee />
        <links />
        <sourceSystem>
          <name>Senate</name>
          <code>0</code>
        </sourceSystem>
        <text>Placed on Senate Legislative Calendar under General Orders. Calendar No. 48.</text>
        <type>Calendars</type>
      </item>
      <item>
        <actionDate>2017-05-03</actionDate>
        <committee>
          <systemCode>ssfr00</systemCode>
          <name>Foreign Relations Committee</name>
        </committee>
        <links />
        <sourceSystem>
          <name>Senate</name>
          <code>0</code>
        </sourceSystem>
        <text>Committee on Foreign Relations. Reported by Senator Corker with an amendment in the nature of a substitute. Without written report.</text>
        <type>Committee</type>
      </item>
      <item>
        <actionDate>2017-05-03</actionDate>
        <text>Committee on Foreign Relations. Reported by Senator Corker with an amendment in the nature of a substitute. Without written report.</text>
        <sourceSystem>
          <name>Library of Congress</name>
          <code>9</code>
        </sourceSystem>
        <committee>
          <systemCode>ssfr00</systemCode>
          <name>Foreign Relations Committee</name>
        </committee>
        <links />
        <actionCode>14000</actionCode>
        <type>Committee</type>
      </item>
      <item>
        <actionDate>2017-05-03</actionDate>
        <committee>
          <systemCode>ssfr00</systemCode>
          <name>Foreign Relations Committee</name>
        </committee>
        <links />
        <sourceSystem>
          <name>Senate</name>
          <code>0</code>
        </sourceSystem>
        <text>Committee on Foreign Relations. Ordered to be reported with an amendment in the nature of a substitute favorably.</text>
        <type>Committee</type>
      </item>
      <item>
        <actionDate>2017-04-26</actionDate>
        <committee>
          <systemCode>ssfr00</systemCode>
          <name>Foreign Relations Committee</name>
        </committee>
        <links />
        <sourceSystem>
          <name>Senate</name>
          <code>0</code>
        </sourceSystem>
        <text>Received in the Senate and Read twice and referred to the Committee on Foreign Relations.</text>
        <type>IntroReferral</type>
      </item>
      <item>
        <actionDate>2017-04-25</actionDate>
        <text>Motion to reconsider laid on the table Agreed to without objection.</text>
        <sourceSystem>
          <name>House floor actions</name>
          <code>2</code>
        </sourceSystem>
        <committee />
        <links />
        <actionCode>H38310</actionCode>
        <type>Floor</type>
        <actionTime>17:44:45</actionTime>
      </item>
      <item>
        <actionDate>2017-04-25</actionDate>
        <text>On motion to suspend the rules and pass the bill, as amended Agreed to by voice vote. (text: CR H2829-2830)</text>
        <sourceSystem>
          <name>House floor actions</name>
          <code>2</code>
        </sourceSystem>
        <committee />
        <links>
          <link>
            <name>H2829-2830</name>
            <url>https://www.congress.gov/congressional-record/volume-163/house-section/page/H2829-2830</url>
          </link>
        </links>
        <actionCode>H37300</actionCode>
        <type>Floor</type>
        <actionTime>17:44:43</actionTime>
      </item>
      <item>
        <actionDate>2017-04-25</actionDate>
        <text>Passed/agreed to in House: On motion to suspend the rules and pass the bill, as amended Agreed to by voice vote.</text>
        <sourceSystem>
          <name>Library of Congress</name>
          <code>9</code>
        </sourceSystem>
        <committee />
        <links />
        <actionCode>8000</actionCode>
        <type>Floor</type>
        <actionTime>17:44:43</actionTime>
      </item>
      <item>
        <actionDate>2017-04-25</actionDate>
        <text>DEBATE - The House proceeded with forty minutes of debate on H.R. 534.</text>
        <sourceSystem>
          <name>House floor actions</name>
          <code>2</code>
        </sourceSystem>
        <committee />
        <links>
          <link>
            <name>H.R. 534</name>
            <url>https://www.congress.gov/bill/115th-congress/house-bill/534</url>
          </link>
        </links>
        <actionCode>H8D000</actionCode>
        <type>Floor</type>
        <actionTime>17:30:47</actionTime>
      </item>
      <item>
        <actionDate>2017-04-25</actionDate>
        <text>Considered under suspension of the rules. (consideration: CR H2829-2832)</text>
        <sourceSystem>
          <name>House floor actions</name>
          <code>2</code>
        </sourceSystem>
        <committee />
        <links>
          <link>
            <name>H2829-2832</name>
            <url>https://www.congress.gov/congressional-record/volume-163/house-section/page/H2829-2832</url>
          </link>
        </links>
        <actionCode>H30000</actionCode>
        <type>Floor</type>
        <actionTime>17:30:33</actionTime>
      </item>
      <item>
        <actionDate>2017-04-25</actionDate>
        <text>Mr. Royce (CA) moved to suspend the rules and pass the bill, as amended.</text>
        <sourceSystem>
          <name>House floor actions</name>
          <code>2</code>
        </sourceSystem>
        <committee />
        <links />
        <actionCode>H30300</actionCode>
        <type>Floor</type>
        <actionTime>17:30:19</actionTime>
      </item>
      <item>
        <actionDate>2017-01-13</actionDate>
        <text>Referred to the House Committee on Foreign Affairs.</text>
        <sourceSystem>
          <name>House floor actions</name>
          <code>2</code>
        </sourceSystem>
        <committee>
          <systemCode>hsfa00</systemCode>
          <name>Foreign Affairs Committee</name>
        </committee>
        <links />
        <actionCode>H11100</actionCode>
        <type>IntroReferral</type>
      </item>
      <item>
        <actionDate>2017-01-13</actionDate>
        <text>Introduced in House</text>
        <sourceSystem>
          <name>Library of Congress</name>
          <code>9</code>
        </sourceSystem>
        <committee />
        <links />
        <actionCode>Intro-H</actionCode>
        <type>IntroReferral</type>
      </item>
      <item>
        <actionDate>2017-01-13</actionDate>
        <text>Introduced in House</text>
        <sourceSystem>
          <name>Library of Congress</name>
          <code>9</code>
        </sourceSystem>
        <committee />
        <links />
        <actionCode>1000</actionCode>
        <type>IntroReferral</type>
      </item>
    </actions>
    <updateDate>2018-02-06T16:40:53Z</updateDate>
    <summaries>
      <billSummaries>
        <item>
          <versionCode>00</versionCode>
          <actionDate>2017-01-13</actionDate>
          <updateDate>2017-01-13T05:00:00Z</updateDate>
          <text><![CDATA[<p><strong>U.S. Wants to Compete for a World Expo Act</strong></p> <p>This bill expresses the sense of Congress that the United States should rejoin the Bureau of International Expositions (BIE) to promote public diplomacy, global branding, and tourism to the United States.</p> <p> The Department of State shall take necessary action within 90 days for the United States to rejoin the BIE.</p>]]></text>
          <actionDesc>Introduced in House</actionDesc>
          <name>Introduced in House</name>
          <lastSummaryUpdateDate>2017-02-08T20:15:10Z</lastSummaryUpdateDate>
        </item>
        <item>
          <versionCode>36</versionCode>
          <actionDate>2017-04-25</actionDate>
          <updateDate>2017-04-25T13:10:27Z</updateDate>
          <text><![CDATA[<p><strong>U.S. Wants to Compete for a World Expo Act</strong></p> <p>(Sec. 3) This bill calls for: (1) the United States to rejoin the Bureau of International Expositions (BIE) to promote global branding, domestic job creation, and U.S. tourism; (2) the Department of State to facilitate the timely submission of a request to rejoin the BIE; and (3) funding for U.S. participation in international expositions or other BIE-facilitated events to continue to be privately solicited and sourced. </p> <p>(Sec. 4) The bill authorizes the State Department to: (1) take necessary actions for the United States to rejoin the BIE, and (2) accept contributions for such purpose. </p> <p>(Sec. 5) Nothing in this bill may be construed to authorize any obligation or expenditure prohibited by provisions of the Admiral James W. Nance and Meg Donovan Foreign Relations Authorization Act, Fiscal Years 2000 and 2001 relating to limitations on the obligation or expenditure of funds by the State Department for a U.S. pavilion or exhibit at an international exposition or world's fair registered by the BIE. </p>]]></text>
          <actionDesc>Passed House amended</actionDesc>
          <name>Passed House amended</name>
          <lastSummaryUpdateDate>2017-07-06T20:38:31Z</lastSummaryUpdateDate>
        </item>
        <item>
          <versionCode>01</versionCode>
          <actionDate>2017-05-03</actionDate>
          <updateDate>2017-05-03T14:38:06Z</updateDate>
          <text><![CDATA[<p><strong>U.S. Wants to Compete for a World Expo Act</strong></p> <p> (Sec. 3) This bill calls for: (1) the United States to rejoin the Bureau of International Expositions (BIE) to promote global branding, domestic job creation, and U.S. tourism; and (2) the Department of State to facilitate the timely submission of a request to rejoin the BIE. </p> <p>(Sec. 4) The bill authorizes the State Department to: (1) take necessary actions for the United States to rejoin the BIE, and (2) accept contributions for such purpose. </p> <p>(Sec. 5) Nothing in this bill may be construed to authorize any obligation or expenditure prohibited by provisions of the Admiral James W. Nance and Meg Donovan Foreign Relations Authorization Act, Fiscal Years 2000 and 2001 relating to limitations on the obligation or expenditure of funds by the State Department for a U.S. pavilion or exhibit at an international exposition or world's fair registered by the BIE. Such Act is amended to prohibit State Department employees in their official capacity from soliciting funds to pay expenses for such a U.S. pavilion or exhibit. </p>]]></text>
          <actionDesc>Reported to Senate with amendment(s)</actionDesc>
          <name>Reported to Senate with amendment(s)</name>
          <lastSummaryUpdateDate>2017-07-06T20:26:04Z</lastSummaryUpdateDate>
        </item>
        <item>
          <versionCode>35</versionCode>
          <actionDate>2017-05-04</actionDate>
          <updateDate>2017-05-04T14:24:48Z</updateDate>
          <text><![CDATA[<p>(This measure has not been amended since it was reported to the Senate on May 3, 2017. The summary of that version is repeated here.)</p> <p><strong>U.S. Wants to Compete for a World Expo Act</strong></p> <p> (Sec. 3) This bill calls for: (1) the United States to rejoin the Bureau of International Expositions (BIE) to promote global branding, domestic job creation, and U.S. tourism; and (2) the Department of State to facilitate the timely submission of a request to rejoin the BIE. </p> <p>(Sec. 4) The bill authorizes the State Department to: (1) take necessary actions for the United States to rejoin the BIE, and (2) accept contributions for such purpose. </p> <p>(Sec. 5) Nothing in this bill may be construed to authorize any obligation or expenditure prohibited by provisions of the Admiral James W. Nance and Meg Donovan Foreign Relations Authorization Act, Fiscal Years 2000 and 2001 relating to limitations on the obligation or expenditure of funds by the State Department for a U.S. pavilion or exhibit at an international exposition or world's fair registered by the BIE. Such Act is amended to prohibit State Department employees in their official capacity from soliciting funds to pay expenses for such a U.S. pavilion or exhibit. </p>]]></text>
          <actionDesc>Passed Senate amended</actionDesc>
          <name>Passed Senate amended</name>
          <lastSummaryUpdateDate>2017-07-06T20:28:20Z</lastSummaryUpdateDate>
        </item>
        <item>
          <versionCode>49</versionCode>
          <actionDate>2017-05-08</actionDate>
          <updateDate>2017-05-09T03:59:58Z</updateDate>
          <text><![CDATA[<p>(This measure has not been amended since it was reported to the Senate on May 3, 2017. The summary of that version is repeated here.)</p> <p><strong>U.S. Wants to Compete for a World Expo Act</strong></p> <p>(Sec. 3) This bill calls for: (1) the United States to rejoin the Bureau of International Expositions (BIE) to promote global branding, domestic job creation, and U.S. tourism; and (2) the Department of State to facilitate the timely submission of a request to rejoin the BIE. </p> <p>(Sec. 4) The bill authorizes the State Department to: (1) take necessary actions for the United States to rejoin the BIE, and (2) accept contributions for such purpose. </p> <p>(Sec. 5) Nothing in this bill may be construed to authorize any obligation or expenditure prohibited by provisions of the Admiral James W. Nance and Meg Donovan Foreign Relations Authorization Act, Fiscal Years 2000 and 2001 relating to limitations on the obligation or expenditure of funds by the State Department for a U.S. pavilion or exhibit at an international exposition or world's fair registered by the BIE. Such Act is amended to prohibit State Department employees in their official capacity from soliciting funds to pay expenses for such a U.S. pavilion or exhibit. </p>]]></text>
          <actionDesc>Public Law</actionDesc>
          <name>Public Law</name>
          <lastSummaryUpdateDate>2017-07-06T20:45:29Z</lastSummaryUpdateDate>
        </item>
      </billSummaries>
    </summaries>
    <title>U.S. Wants to Compete for a World Expo Act</title>
    <calendarNumbers>
      <item>
        <number>0048</number>
        <calendar>Senate Calendar of Business</calendar>
      </item>
    </calendarNumbers>
    <originChamber>House</originChamber>
    <constitutionalAuthorityStatementText><![CDATA[<pre>From the Congressional Record Online through the Government Publishing Office [<a href='http://www.gpo.gov'>www.gpo.gov</a>]By Mr. EMMER:H.R. 534.Congress has the power to enact this legislation pursuantto the following:(Congress has the power to enact this legislation pursuantto the following: Article 1 Section 8 of the U.S.Constitution grants Congress the authority to regulatecommerce with foreign nations, and among the several states,and with the Indian tribes.)[Page H547]</pre>]]></constitutionalAuthorityStatementText>
    <notes />
    <billType>HR</billType>
    <committees>
      <billCommittees>
        <item>
          <chamber>Senate</chamber>
          <subcommittees />
          <systemCode>ssfr00</systemCode>
          <name>Foreign Relations Committee</name>
          <activities>
            <item>
              <name>Reported by</name>
              <date>2017-05-03T22:02:00Z</date>
            </item>
            <item>
              <name>Markup by</name>
              <date>2017-05-03T21:15:34Z</date>
            </item>
            <item>
              <name>Referred to</name>
              <date>2017-04-26T15:47:34Z</date>
            </item>
          </activities>
          <type>Standing</type>
        </item>
        <item>
          <chamber>House</chamber>
          <subcommittees />
          <systemCode>hsfa00</systemCode>
          <name>Foreign Affairs Committee</name>
          <activities>
            <item>
              <name>Referred to</name>
              <date>2017-01-13T14:06:40Z</date>
            </item>
          </activities>
          <type>Standing</type>
        </item>
      </billCommittees>
    </committees>
    <latestAction>
      <text>Became Public Law No: 115-32.</text>
      <actionDate>2017-05-08</actionDate>
      <links>
        <link>
          <name>Public Law No: 115-32</name>
          <url>https://www.congress.gov/bill/115th-congress/house-bill/534/text/pl</url>
        </link>
      </links>
    </latestAction>
    <committeeReports />
    <billNumber>534</billNumber>
    <sponsors>
      <item>
        <byRequestType />
        <state>MN</state>
        <bioguideId>E000294</bioguideId>
        <identifiers>
          <lisID>2253</lisID>
          <bioguideId>E000294</bioguideId>
          <gpoId />
        </identifiers>
        <fullName>Rep. Emmer, Tom [R-MN-6]</fullName>
        <district>6</district>
        <lastName>Emmer</lastName>
        <firstName>Tom</firstName>
        <middleName />
        <party>R</party>
      </item>
    </sponsors>
    <subjects>
      <billSubjects>
        <policyArea>
          <name>International Affairs</name>
        </policyArea>
        <legislativeSubjects>
          <item>
            <name>Competitiveness, trade promotion, trade deficits</name>
          </item>
          <item>
            <name>Diplomacy, foreign officials, Americans abroad</name>
          </item>
          <item>
            <name>International organizations and cooperation</name>
          </item>
          <item>
            <name>Museums, exhibitions, cultural centers</name>
          </item>
          <item>
            <name>Travel and tourism</name>
          </item>
        </legislativeSubjects>
      </billSubjects>
    </subjects>
    <createDate>2017-01-14T04:47:32Z</createDate>
    <version>1.0.0</version>
    <relatedBills />
  </bill>
  <dublinCore xmlns:dc="http://purl.org/dc/elements/1.1/">
    <dc:format>text/xml</dc:format>
    <dc:language>EN</dc:language>
    <dc:rights>Pursuant to Title 17 Section 105 of the United States Code, this file is not subject to copyright protection and is in the public domain.</dc:rights>
    <dc:contributor>Congressional Research Service, Library of Congress</dc:contributor>
    <dc:description>This file contains bill summaries and statuses for federal legislation. A bill summary describes the most significant provisions of a piece of legislation and details the effects the legislative text may have on current law and federal programs. Bill summaries are authored by the Congressional Research Service (CRS) of the Library of Congress. As stated in Public Law 91-510 (2 USC 166 (d)(6)), one of the duties of CRS is "to prepare summaries and digests of bills and resolutions of a public general nature introduced in the Senate or House of Representatives". For more information, refer to the User Guide that accompanies this file.</dc:description>
  </dublinCore>
</billStatus>

