<?xml version="1.0" encoding="UTF-8"?>
<billStatus>
  <bill>
    <calendarNumbers />
    <constitutionalAuthorityStatementText><![CDATA[<pre>From the Congressional Record Online through the Government Publishing Office [<a href='http://www.gpo.gov'>www.gpo.gov</a>]By Mr. KELLY of Pennsylvania:H.R. 792.Congress has the power to enact this legislation pursuantto the following:The Congress enacts this bill pursuant to Article I Section8 of the United States Constitution.[Page H878]</pre>]]></constitutionalAuthorityStatementText>
    <congress>115</congress>
    <titles>
      <item>
        <titleType>(Extracted from GPO) Short Titles as Introduced</titleType>
        <parentTitleType />
        <chamberName />
        <title>Steel Industry Preservation Act</title>
        <chamberCode />
      </item>
      <item>
        <titleType>Short Titles as Introduced</titleType>
        <parentTitleType />
        <chamberName />
        <title>Steel Industry Preservation Act</title>
        <chamberCode />
      </item>
      <item>
        <titleType>Official Title as Introduced</titleType>
        <parentTitleType />
        <chamberName />
        <title>To amend the Internal Revenue Code of 1986 to extend and modify the section 45 credit for refined coal from steel industry fuel, and for other purposes.</title>
        <chamberCode />
      </item>
      <item>
        <titleType>Display Title</titleType>
        <parentTitleType />
        <chamberName />
        <title>Steel Industry Preservation Act</title>
        <chamberCode />
      </item>
    </titles>
    <introducedDate>2017-02-01</introducedDate>
    <latestAction>
      <actionDate>2017-02-01</actionDate>
      <text>Referred to the House Committee on Ways and Means.</text>
      <links />
    </latestAction>
    <title>Steel Industry Preservation Act</title>
    <subjects>
      <billSubjects>
        <policyArea>
          <name>Taxation</name>
        </policyArea>
        <legislativeSubjects>
          <item>
            <name>Alternative and renewable resources</name>
          </item>
          <item>
            <name>Business expenses</name>
          </item>
          <item>
            <name>Coal</name>
          </item>
          <item>
            <name>Income tax credits</name>
          </item>
          <item>
            <name>Income tax deductions</name>
          </item>
          <item>
            <name>Industrial facilities</name>
          </item>
          <item>
            <name>Manufacturing</name>
          </item>
          <item>
            <name>Metals</name>
          </item>
          <item>
            <name>Oil and gas</name>
          </item>
          <item>
            <name>Tax administration and collection, taxpayers</name>
          </item>
        </legislativeSubjects>
      </billSubjects>
    </subjects>
    <relatedBills>
      <item>
        <number>262</number>
        <latestTitle>Steel Industry Preservation Act</latestTitle>
        <type>S</type>
        <relationshipDetails>
          <item>
            <identifiedBy>CRS</identifiedBy>
            <type>Identical bill</type>
          </item>
        </relationshipDetails>
        <congress>115</congress>
        <latestAction>
          <text>Read twice and referred to the Committee on Finance.</text>
          <actionDate>2017-02-01</actionDate>
        </latestAction>
      </item>
    </relatedBills>
    <updateDate>2018-02-06T16:41:11Z</updateDate>
    <committeeReports />
    <notes />
    <recordedVotes />
    <amendments />
    <billType>HR</billType>
    <committees>
      <billCommittees>
        <item>
          <name>Ways and Means Committee</name>
          <chamber>House</chamber>
          <type>Standing</type>
          <subcommittees />
          <systemCode>hswm00</systemCode>
          <activities>
            <item>
              <name>Referred to</name>
              <date>2017-02-01T15:04:05Z</date>
            </item>
          </activities>
        </item>
      </billCommittees>
    </committees>
    <cboCostEstimates />
    <billNumber>792</billNumber>
    <policyArea>
      <name>Taxation</name>
    </policyArea>
    <version>1.0.0</version>
    <createDate>2017-02-02T05:28:45Z</createDate>
    <originChamber>House</originChamber>
    <actions>
      <actionByCounts>
        <houseOfRepresentatives>3</houseOfRepresentatives>
      </actionByCounts>
      <actionTypeCounts>
        <introducedInTheHouse>1</introducedInTheHouse>
        <billReferrals>1</billReferrals>
        <introducedInHouse>1</introducedInHouse>
      </actionTypeCounts>
      <item>
        <actionDate>2017-02-01</actionDate>
        <text>Referred to the House Committee on Ways and Means.</text>
        <sourceSystem>
          <name>House floor actions</name>
          <code>2</code>
        </sourceSystem>
        <committee>
          <systemCode>hswm00</systemCode>
          <name>Ways and Means Committee</name>
        </committee>
        <links />
        <actionCode>H11100</actionCode>
        <type>IntroReferral</type>
      </item>
      <item>
        <actionDate>2017-02-01</actionDate>
        <text>Introduced in House</text>
        <sourceSystem>
          <name>Library of Congress</name>
          <code>9</code>
        </sourceSystem>
        <committee />
        <links />
        <actionCode>Intro-H</actionCode>
        <type>IntroReferral</type>
      </item>
      <item>
        <actionDate>2017-02-01</actionDate>
        <text>Introduced in House</text>
        <sourceSystem>
          <name>Library of Congress</name>
          <code>9</code>
        </sourceSystem>
        <committee />
        <links />
        <actionCode>1000</actionCode>
        <type>IntroReferral</type>
      </item>
    </actions>
    <sponsors>
      <item>
        <party>R</party>
        <bioguideId>K000376</bioguideId>
        <district>3</district>
        <firstName>Mike</firstName>
        <middleName />
        <state>PA</state>
        <fullName>Rep. Kelly, Mike [R-PA-3]</fullName>
        <identifiers>
          <gpoId>8708</gpoId>
          <bioguideId>K000376</bioguideId>
          <lisID>2051</lisID>
        </identifiers>
        <lastName>Kelly</lastName>
        <byRequestType />
      </item>
    </sponsors>
    <summaries>
      <billSummaries>
        <item>
          <lastSummaryUpdateDate>2017-02-09T14:27:26Z</lastSummaryUpdateDate>
          <updateDate>2017-02-01T05:00:00Z</updateDate>
          <versionCode>00</versionCode>
          <text><![CDATA[<p><b>Steel Industry Preservation Act </b></p> <p>This bill amends the Internal Revenue Code to extend and modify the production tax credit for steel industry fuel. </p> <p>(Under current law, steel industry fuel is a fuel which is: (1) produced through a process of liquefying coal waste sludge and distributing it on coal, and (2) used as a feedstock for the manufacture of coke.) </p> <p>The bill modifies the tax credit for steel industry fuel to: </p> <ul> <li> extend the credit period and the placed-in-service date, </li> <li> revise the definition of &quot;steel industry fuel&quot; to allow blends of coal and petroleum coke or other coke feedstock in the fuel, </li> <li> set forth ownership requirements, and </li> <li>specify requirements for treating an owner as producing and selling steel industry fuel. </li> </ul> <p>A taxpayer that produces steel industry fuel may elect to accept an increased tax credit in lieu of certain deductions for expenses in connection with the production of steel industry fuel. </p> <p>The bill specifies the treatment of the credit for the purpose of the alternative minimum tax. It also exempts transactions related to steel industry fuel from rules that restrict deductions and other tax benefits for activities that are not engaged in for profit or that do not have economic substance. </p>]]></text>
          <name>Introduced in House</name>
          <actionDesc>Introduced in House</actionDesc>
          <actionDate>2017-02-01</actionDate>
        </item>
      </billSummaries>
    </summaries>
    <laws />
    <cosponsors>
      <item>
        <identifiers>
          <lisID>316</lisID>
          <bioguideId>D000482</bioguideId>
          <gpoId>8132</gpoId>
        </identifiers>
        <sponsorshipDate>2017-02-01</sponsorshipDate>
        <district>14</district>
        <middleName />
        <sponsorshipWithdrawnDate />
        <fullName>Rep. Doyle, Michael F. [D-PA-14]</fullName>
        <party>D</party>
        <firstName>MIKE</firstName>
        <isOriginalCosponsor>True</isOriginalCosponsor>
        <lastName>DOYLE</lastName>
        <state>PA</state>
        <bioguideId>D000482</bioguideId>
      </item>
      <item>
        <identifiers>
          <lisID>2074</lisID>
          <gpoId>8222</gpoId>
          <bioguideId>M001180</bioguideId>
        </identifiers>
        <sponsorshipDate>2017-02-07</sponsorshipDate>
        <district>1</district>
        <middleName>B.</middleName>
        <sponsorshipWithdrawnDate />
        <fullName>Rep. McKinley, David B. [R-WV-1]</fullName>
        <party>R</party>
        <firstName>David</firstName>
        <isOriginalCosponsor>False</isOriginalCosponsor>
        <lastName>McKinley</lastName>
        <state>WV</state>
        <bioguideId>M001180</bioguideId>
      </item>
      <item>
        <identifiers>
          <bioguideId>M001151</bioguideId>
          <gpoId>8723</gpoId>
          <lisID>1744</lisID>
        </identifiers>
        <sponsorshipDate>2017-04-12</sponsorshipDate>
        <district>18</district>
        <middleName />
        <sponsorshipWithdrawnDate />
        <fullName>Rep. Murphy, Tim [R-PA-18]</fullName>
        <party>R</party>
        <firstName>Tim</firstName>
        <isOriginalCosponsor>False</isOriginalCosponsor>
        <lastName>Murphy</lastName>
        <state>PA</state>
        <bioguideId>M001151</bioguideId>
      </item>
      <item>
        <identifiers>
          <bioguideId>R000577</bioguideId>
          <lisID>1756</lisID>
          <gpoId>8107</gpoId>
        </identifiers>
        <sponsorshipDate>2017-04-12</sponsorshipDate>
        <district>13</district>
        <middleName />
        <sponsorshipWithdrawnDate />
        <fullName>Rep. Ryan, Tim [D-OH-13]</fullName>
        <party>D</party>
        <firstName>TIM</firstName>
        <isOriginalCosponsor>False</isOriginalCosponsor>
        <lastName>RYAN</lastName>
        <state>OH</state>
        <bioguideId>R000577</bioguideId>
      </item>
      <item>
        <identifiers>
          <lisID>2248</lisID>
          <bioguideId>M001194</bioguideId>
          <gpoId />
        </identifiers>
        <sponsorshipDate>2017-06-22</sponsorshipDate>
        <district>4</district>
        <middleName>R.</middleName>
        <sponsorshipWithdrawnDate />
        <fullName>Rep. Moolenaar, John R. [R-MI-4]</fullName>
        <party>R</party>
        <firstName>John</firstName>
        <isOriginalCosponsor>False</isOriginalCosponsor>
        <lastName>Moolenaar</lastName>
        <state>MI</state>
        <bioguideId>M001194</bioguideId>
      </item>
      <item>
        <identifiers>
          <lisID>1952</lisID>
          <gpoId>8123</gpoId>
          <bioguideId>T000467</bioguideId>
        </identifiers>
        <sponsorshipDate>2017-07-11</sponsorshipDate>
        <district>5</district>
        <middleName />
        <sponsorshipWithdrawnDate />
        <fullName>Rep. Thompson, Glenn [R-PA-5]</fullName>
        <party>R</party>
        <firstName>Glenn</firstName>
        <isOriginalCosponsor>False</isOriginalCosponsor>
        <lastName>Thompson</lastName>
        <state>PA</state>
        <bioguideId>T000467</bioguideId>
      </item>
      <item>
        <identifiers>
          <lisID>2249</lisID>
          <bioguideId>B001293</bioguideId>
          <gpoId />
        </identifiers>
        <sponsorshipDate>2017-07-20</sponsorshipDate>
        <district>8</district>
        <middleName />
        <sponsorshipWithdrawnDate />
        <fullName>Rep. Bishop, Mike [R-MI-8]</fullName>
        <party>R</party>
        <firstName>Mike</firstName>
        <isOriginalCosponsor>False</isOriginalCosponsor>
        <lastName>Bishop</lastName>
        <state>MI</state>
        <bioguideId>B001293</bioguideId>
      </item>
      <item>
        <identifiers>
          <gpoId />
          <bioguideId>D000624</bioguideId>
          <lisID>2251</lisID>
        </identifiers>
        <sponsorshipDate>2017-07-20</sponsorshipDate>
        <district>12</district>
        <middleName />
        <sponsorshipWithdrawnDate />
        <fullName>Rep. Dingell, Debbie [D-MI-12]</fullName>
        <party>D</party>
        <firstName>Debbie</firstName>
        <isOriginalCosponsor>False</isOriginalCosponsor>
        <lastName>Dingell</lastName>
        <state>MI</state>
        <bioguideId>D000624</bioguideId>
      </item>
      <item>
        <identifiers>
          <lisID>2278</lisID>
          <bioguideId>J000297</bioguideId>
          <gpoId />
        </identifiers>
        <sponsorshipDate>2017-07-28</sponsorshipDate>
        <district>3</district>
        <middleName>H.</middleName>
        <sponsorshipWithdrawnDate />
        <fullName>Rep. Jenkins, Evan H. [R-WV-3]</fullName>
        <party>R</party>
        <firstName>Evan</firstName>
        <isOriginalCosponsor>False</isOriginalCosponsor>
        <lastName>Jenkins</lastName>
        <state>WV</state>
        <bioguideId>J000297</bioguideId>
      </item>
      <item>
        <identifiers>
          <lisID>1855</lisID>
          <bioguideId>W000798</bioguideId>
          <gpoId>7992</gpoId>
        </identifiers>
        <sponsorshipDate>2017-07-28</sponsorshipDate>
        <district>7</district>
        <middleName />
        <sponsorshipWithdrawnDate />
        <fullName>Rep. Walberg, Tim [R-MI-7]</fullName>
        <party>R</party>
        <firstName>Tim</firstName>
        <isOriginalCosponsor>False</isOriginalCosponsor>
        <lastName>Walberg</lastName>
        <state>MI</state>
        <bioguideId>W000798</bioguideId>
      </item>
      <item>
        <identifiers>
          <lisID>462</lisID>
          <bioguideId>G000410</bioguideId>
          <gpoId>8185</gpoId>
        </identifiers>
        <sponsorshipDate>2017-10-03</sponsorshipDate>
        <district>29</district>
        <middleName />
        <sponsorshipWithdrawnDate />
        <fullName>Rep. Green, Gene [D-TX-29]</fullName>
        <party>D</party>
        <firstName>GENE</firstName>
        <isOriginalCosponsor>False</isOriginalCosponsor>
        <lastName>GREEN</lastName>
        <state>TX</state>
        <bioguideId>G000410</bioguideId>
      </item>
      <item>
        <identifiers>
          <gpoId>7987</gpoId>
          <bioguideId>H001058</bioguideId>
          <lisID>2028</lisID>
        </identifiers>
        <sponsorshipDate>2017-10-25</sponsorshipDate>
        <district>2</district>
        <middleName />
        <sponsorshipWithdrawnDate />
        <fullName>Rep. Huizenga, Bill [R-MI-2]</fullName>
        <party>R</party>
        <firstName>Bill</firstName>
        <isOriginalCosponsor>False</isOriginalCosponsor>
        <lastName>Huizenga</lastName>
        <state>MI</state>
        <bioguideId>H001058</bioguideId>
      </item>
      <item>
        <identifiers>
          <lisID>616</lisID>
          <bioguideId>K000009</bioguideId>
          <gpoId>8099</gpoId>
        </identifiers>
        <sponsorshipDate>2017-11-06</sponsorshipDate>
        <district>9</district>
        <middleName />
        <sponsorshipWithdrawnDate />
        <fullName>Rep. Kaptur, Marcy [D-OH-9]</fullName>
        <party>D</party>
        <firstName>MARCY</firstName>
        <isOriginalCosponsor>False</isOriginalCosponsor>
        <lastName>KAPTUR</lastName>
        <state>OH</state>
        <bioguideId>K000009</bioguideId>
      </item>
    </cosponsors>
  </bill>
  <dublinCore xmlns:dc="http://purl.org/dc/elements/1.1/">
    <dc:format>text/xml</dc:format>
    <dc:language>EN</dc:language>
    <dc:rights>Pursuant to Title 17 Section 105 of the United States Code, this file is not subject to copyright protection and is in the public domain.</dc:rights>
    <dc:contributor>Congressional Research Service, Library of Congress</dc:contributor>
    <dc:description>This file contains bill summaries and statuses for federal legislation. A bill summary describes the most significant provisions of a piece of legislation and details the effects the legislative text may have on current law and federal programs. Bill summaries are authored by the Congressional Research Service (CRS) of the Library of Congress. As stated in Public Law 91-510 (2 USC 166 (d)(6)), one of the duties of CRS is "to prepare summaries and digests of bills and resolutions of a public general nature introduced in the Senate or House of Representatives". For more information, refer to the User Guide that accompanies this file.</dc:description>
  </dublinCore>
</billStatus>

