<?xml version="1.0" encoding="UTF-8"?>
<billStatus>
  <bill>
    <notes />
    <sponsors>
      <item>
        <party>R</party>
        <fullName>Rep. Loudermilk, Barry [R-GA-11]</fullName>
        <lastName>Loudermilk</lastName>
        <middleName />
        <identifiers>
          <gpoId />
          <lisID>2238</lisID>
          <bioguideId>L000583</bioguideId>
        </identifiers>
        <firstName>Barry</firstName>
        <state>GA</state>
        <byRequestType />
        <bioguideId>L000583</bioguideId>
        <district>11</district>
      </item>
    </sponsors>
    <policyArea>
      <name>Government Operations and Politics</name>
    </policyArea>
    <committees>
      <billCommittees>
        <item>
          <systemCode>hsgo00</systemCode>
          <name>Oversight and Government Reform Committee</name>
          <activities>
            <item>
              <name>Referred to</name>
              <date>2017-01-13T14:06:15Z</date>
            </item>
          </activities>
          <chamber>House</chamber>
          <type>Standing</type>
          <subcommittees />
        </item>
      </billCommittees>
    </committees>
    <relatedBills />
    <titles>
      <item>
        <titleType>(Extracted from GPO) Short Titles as Introduced</titleType>
        <chamberName />
        <parentTitleType />
        <title>MERIT Act of 2017</title>
        <chamberCode />
      </item>
      <item>
        <titleType>(Extracted from GPO) Short Titles as Introduced</titleType>
        <chamberName />
        <parentTitleType />
        <title>Modern Employment Reform, Improvement, and Transformation Act of 2017</title>
        <chamberCode />
      </item>
      <item>
        <titleType>Short Titles as Introduced</titleType>
        <chamberName />
        <parentTitleType />
        <title>MERIT Act of 2017</title>
        <chamberCode />
      </item>
      <item>
        <titleType>Short Titles as Introduced</titleType>
        <chamberName />
        <parentTitleType />
        <title>Modern Employment Reform, Improvement, and Transformation Act of 2017</title>
        <chamberCode />
      </item>
      <item>
        <titleType>Official Title as Introduced</titleType>
        <chamberName />
        <parentTitleType />
        <title>To amend title 5, United States Code, to provide for an alternative removal for performance or misconduct for Federal employees.</title>
        <chamberCode />
      </item>
      <item>
        <titleType>Display Title</titleType>
        <chamberName />
        <parentTitleType />
        <title>MERIT Act of 2017</title>
        <chamberCode />
      </item>
    </titles>
    <originChamber>House</originChamber>
    <congress>115</congress>
    <constitutionalAuthorityStatementText><![CDATA[<pre>From the Congressional Record Online through the Government Publishing Office [<a href='http://www.gpo.gov'>www.gpo.gov</a>]By Mr. LOUDERMILK:H.R. 559.Congress has the power to enact this legislation pursuantto the following:Art. I, Sec. 8, cl. 18To make all laws which shall be necessasry and proper forcarrying into Execution the foregoing Powers, and all otherPowers vested by this Constitution in the Government of theUnited States, or in any Department or Officer thereof.[Page H548]</pre>]]></constitutionalAuthorityStatementText>
    <actions>
      <actionTypeCounts>
        <billReferrals>1</billReferrals>
        <introducedInTheHouse>1</introducedInTheHouse>
        <introducedInHouse>1</introducedInHouse>
      </actionTypeCounts>
      <actionByCounts>
        <houseOfRepresentatives>3</houseOfRepresentatives>
      </actionByCounts>
      <item>
        <text>Referred to the House Committee on Oversight and Government Reform.</text>
        <actionDate>2017-01-13</actionDate>
        <sourceSystem>
          <name>House floor actions</name>
          <code>2</code>
        </sourceSystem>
        <type>IntroReferral</type>
        <actionCode>H11100</actionCode>
        <committee>
          <name>Oversight and Government Reform Committee</name>
          <systemCode>hsgo00</systemCode>
        </committee>
        <links />
      </item>
      <item>
        <text>Introduced in House</text>
        <actionDate>2017-01-13</actionDate>
        <sourceSystem>
          <name>Library of Congress</name>
          <code>9</code>
        </sourceSystem>
        <type>IntroReferral</type>
        <actionCode>Intro-H</actionCode>
        <committee />
        <links />
      </item>
      <item>
        <text>Introduced in House</text>
        <actionDate>2017-01-13</actionDate>
        <sourceSystem>
          <name>Library of Congress</name>
          <code>9</code>
        </sourceSystem>
        <type>IntroReferral</type>
        <actionCode>1000</actionCode>
        <committee />
        <links />
      </item>
    </actions>
    <subjects>
      <billSubjects>
        <legislativeSubjects>
          <item>
            <name>Administrative remedies</name>
          </item>
          <item>
            <name>Employee performance</name>
          </item>
          <item>
            <name>Government employee pay, benefits, personnel management</name>
          </item>
        </legislativeSubjects>
        <policyArea>
          <name>Government Operations and Politics</name>
        </policyArea>
      </billSubjects>
    </subjects>
    <laws />
    <createDate>2017-01-14T04:47:33Z</createDate>
    <title>MERIT Act of 2017</title>
    <committeeReports />
    <billType>HR</billType>
    <introducedDate>2017-01-13</introducedDate>
    <updateDate>2018-03-02T08:15:42Z</updateDate>
    <summaries>
      <billSummaries>
        <item>
          <updateDate>2017-01-13T05:00:00Z</updateDate>
          <name>Introduced in House</name>
          <lastSummaryUpdateDate>2017-09-11T19:57:02Z</lastSummaryUpdateDate>
          <versionCode>00</versionCode>
          <text><![CDATA[<p><b>Modern Employment Reform, Improvement, and Transformation Act of 2017 or the MERIT Act of 2017</b></p> <p>This bill establishes an alternative mechanism for the expedited removal by agency heads of federal employees for performance or misconduct by: (1) limiting an appeal to the Merit Systems Protection Board (MSPB) to appeals made not later than 7 days after the date of such removal; and (2) making inapplicable to removals employee protections affording employees at least 30 days advance written notice of the proposed action and a reasonable time to answer the proposal orally and in writing, representation by an attorney, and a written decision.</p> <p>Upon receipt of an appeal, the MSPB shall issue a decision not later than 30 days after the date of the appeal. In any case in which an MSPB judge cannot issue a decision in accordance with such 30-day requirement, the removal is final.</p> <p>The MSPB: (1) shall uphold the decision of the agency head to remove an employee if the decision is supported by substantial evidence; and (2) may not stay any removal unless the basis for the appeal of such removal is related to certain prohibited personnel practices.</p>]]></text>
          <actionDate>2017-01-13</actionDate>
          <actionDesc>Introduced in House</actionDesc>
        </item>
      </billSummaries>
    </summaries>
    <cosponsors>
      <item>
        <sponsorshipWithdrawnDate />
        <lastName>Scott</lastName>
        <identifiers>
          <bioguideId>S001189</bioguideId>
          <lisID>2009</lisID>
          <gpoId>7905</gpoId>
        </identifiers>
        <isOriginalCosponsor>True</isOriginalCosponsor>
        <middleName />
        <state>GA</state>
        <party>R</party>
        <fullName>Rep. Scott, Austin [R-GA-8]</fullName>
        <bioguideId>S001189</bioguideId>
        <sponsorshipDate>2017-01-13</sponsorshipDate>
        <firstName>Austin</firstName>
        <district>8</district>
      </item>
      <item>
        <sponsorshipWithdrawnDate />
        <lastName>Grothman</lastName>
        <identifiers>
          <bioguideId>G000576</bioguideId>
          <lisID>2276</lisID>
          <gpoId />
        </identifiers>
        <isOriginalCosponsor>True</isOriginalCosponsor>
        <middleName />
        <state>WI</state>
        <party>R</party>
        <fullName>Rep. Grothman, Glenn [R-WI-6]</fullName>
        <bioguideId>G000576</bioguideId>
        <sponsorshipDate>2017-01-13</sponsorshipDate>
        <firstName>Glenn</firstName>
        <district>6</district>
      </item>
      <item>
        <sponsorshipWithdrawnDate />
        <lastName>Barr</lastName>
        <identifiers>
          <lisID>2131</lisID>
          <gpoId />
          <bioguideId>B001282</bioguideId>
        </identifiers>
        <isOriginalCosponsor>True</isOriginalCosponsor>
        <middleName />
        <state>KY</state>
        <party>R</party>
        <fullName>Rep. Barr, Andy [R-KY-6]</fullName>
        <bioguideId>B001282</bioguideId>
        <sponsorshipDate>2017-01-13</sponsorshipDate>
        <firstName>Andy</firstName>
        <district>6</district>
      </item>
      <item>
        <sponsorshipWithdrawnDate />
        <lastName>Messer</lastName>
        <identifiers>
          <gpoId />
          <lisID>2130</lisID>
          <bioguideId>M001189</bioguideId>
        </identifiers>
        <isOriginalCosponsor>True</isOriginalCosponsor>
        <middleName />
        <state>IN</state>
        <party>R</party>
        <fullName>Rep. Messer, Luke [R-IN-6]</fullName>
        <bioguideId>M001189</bioguideId>
        <sponsorshipDate>2017-01-13</sponsorshipDate>
        <firstName>Luke</firstName>
        <district>6</district>
      </item>
      <item>
        <sponsorshipWithdrawnDate />
        <lastName>Babin</lastName>
        <identifiers>
          <lisID>2270</lisID>
          <gpoId />
          <bioguideId>B001291</bioguideId>
        </identifiers>
        <isOriginalCosponsor>True</isOriginalCosponsor>
        <middleName />
        <state>TX</state>
        <party>R</party>
        <fullName>Rep. Babin, Brian [R-TX-36]</fullName>
        <bioguideId>B001291</bioguideId>
        <sponsorshipDate>2017-01-13</sponsorshipDate>
        <firstName>Brian</firstName>
        <district>36</district>
      </item>
      <item>
        <sponsorshipWithdrawnDate />
        <lastName>Arrington</lastName>
        <identifiers>
          <bioguideId>A000375</bioguideId>
          <lisID>2350</lisID>
          <gpoId />
        </identifiers>
        <isOriginalCosponsor>True</isOriginalCosponsor>
        <middleName>C.</middleName>
        <state>TX</state>
        <party>R</party>
        <fullName>Rep. Arrington, Jodey C. [R-TX-19]</fullName>
        <bioguideId>A000375</bioguideId>
        <sponsorshipDate>2017-01-13</sponsorshipDate>
        <firstName>Jodey</firstName>
        <district>19</district>
      </item>
      <item>
        <sponsorshipWithdrawnDate />
        <lastName>Bishop</lastName>
        <identifiers>
          <gpoId />
          <lisID>2249</lisID>
          <bioguideId>B001293</bioguideId>
        </identifiers>
        <isOriginalCosponsor>True</isOriginalCosponsor>
        <middleName />
        <state>MI</state>
        <party>R</party>
        <fullName>Rep. Bishop, Mike [R-MI-8]</fullName>
        <bioguideId>B001293</bioguideId>
        <sponsorshipDate>2017-01-13</sponsorshipDate>
        <firstName>Mike</firstName>
        <district>8</district>
      </item>
      <item>
        <sponsorshipWithdrawnDate />
        <lastName>Burgess</lastName>
        <identifiers>
          <gpoId>8182</gpoId>
          <lisID>1751</lisID>
          <bioguideId>B001248</bioguideId>
        </identifiers>
        <isOriginalCosponsor>False</isOriginalCosponsor>
        <middleName>C.</middleName>
        <state>TX</state>
        <party>R</party>
        <fullName>Rep. Burgess, Michael C. [R-TX-26]</fullName>
        <bioguideId>B001248</bioguideId>
        <sponsorshipDate>2017-01-24</sponsorshipDate>
        <firstName>Michael</firstName>
        <district>26</district>
      </item>
      <item>
        <sponsorshipWithdrawnDate />
        <lastName>Kelly</lastName>
        <identifiers>
          <lisID>2294</lisID>
          <gpoId />
          <bioguideId>K000388</bioguideId>
        </identifiers>
        <isOriginalCosponsor>False</isOriginalCosponsor>
        <middleName />
        <state>MS</state>
        <party>R</party>
        <fullName>Rep. Kelly, Trent [R-MS-1]</fullName>
        <bioguideId>K000388</bioguideId>
        <sponsorshipDate>2017-02-01</sponsorshipDate>
        <firstName>Trent</firstName>
        <district>1</district>
      </item>
      <item>
        <sponsorshipWithdrawnDate />
        <lastName>Gaetz</lastName>
        <identifiers>
          <lisID>2314</lisID>
          <gpoId />
          <bioguideId>G000578</bioguideId>
        </identifiers>
        <isOriginalCosponsor>False</isOriginalCosponsor>
        <middleName />
        <state>FL</state>
        <party>R</party>
        <fullName>Rep. Gaetz, Matt [R-FL-1]</fullName>
        <bioguideId>G000578</bioguideId>
        <sponsorshipDate>2017-02-06</sponsorshipDate>
        <firstName>Matt</firstName>
        <district>1</district>
      </item>
      <item>
        <sponsorshipWithdrawnDate />
        <lastName>Coffman</lastName>
        <identifiers>
          <bioguideId>C001077</bioguideId>
          <lisID>1912</lisID>
          <gpoId>7864</gpoId>
        </identifiers>
        <isOriginalCosponsor>False</isOriginalCosponsor>
        <middleName />
        <state>CO</state>
        <party>R</party>
        <fullName>Rep. Coffman, Mike [R-CO-6]</fullName>
        <bioguideId>C001077</bioguideId>
        <sponsorshipDate>2017-02-06</sponsorshipDate>
        <firstName>Mike</firstName>
        <district>6</district>
      </item>
      <item>
        <sponsorshipWithdrawnDate />
        <lastName>Brat</lastName>
        <identifiers>
          <lisID>2203</lisID>
          <gpoId />
          <bioguideId>B001290</bioguideId>
        </identifiers>
        <isOriginalCosponsor>False</isOriginalCosponsor>
        <middleName />
        <state>VA</state>
        <party>R</party>
        <fullName>Rep. Brat, Dave [R-VA-7]</fullName>
        <bioguideId>B001290</bioguideId>
        <sponsorshipDate>2017-02-06</sponsorshipDate>
        <firstName>Dave</firstName>
        <district>7</district>
      </item>
      <item>
        <sponsorshipWithdrawnDate />
        <lastName>Hensarling</lastName>
        <identifiers>
          <gpoId>8161</gpoId>
          <lisID>1749</lisID>
          <bioguideId>H001036</bioguideId>
        </identifiers>
        <isOriginalCosponsor>False</isOriginalCosponsor>
        <middleName />
        <state>TX</state>
        <party>R</party>
        <fullName>Rep. Hensarling, Jeb [R-TX-5]</fullName>
        <bioguideId>H001036</bioguideId>
        <sponsorshipDate>2017-02-14</sponsorshipDate>
        <firstName>Jeb</firstName>
        <district>5</district>
      </item>
      <item>
        <sponsorshipWithdrawnDate />
        <lastName>Ratcliffe</lastName>
        <identifiers>
          <bioguideId>R000601</bioguideId>
          <lisID>2268</lisID>
          <gpoId />
        </identifiers>
        <isOriginalCosponsor>False</isOriginalCosponsor>
        <middleName />
        <state>TX</state>
        <party>R</party>
        <fullName>Rep. Ratcliffe, John [R-TX-4]</fullName>
        <bioguideId>R000601</bioguideId>
        <sponsorshipDate>2017-02-14</sponsorshipDate>
        <firstName>John</firstName>
        <district>4</district>
      </item>
      <item>
        <sponsorshipWithdrawnDate />
        <lastName>Hill</lastName>
        <identifiers>
          <lisID>2223</lisID>
          <bioguideId>H001072</bioguideId>
          <gpoId />
        </identifiers>
        <isOriginalCosponsor>False</isOriginalCosponsor>
        <middleName>French</middleName>
        <state>AR</state>
        <party>R</party>
        <fullName>Rep. Hill, J. French [R-AR-2]</fullName>
        <bioguideId>H001072</bioguideId>
        <sponsorshipDate>2017-03-01</sponsorshipDate>
        <firstName>J.</firstName>
        <district>2</district>
      </item>
      <item>
        <sponsorshipWithdrawnDate />
        <lastName>SESSIONS</lastName>
        <identifiers>
          <gpoId>8188</gpoId>
          <bioguideId>S000250</bioguideId>
          <lisID>1525</lisID>
        </identifiers>
        <isOriginalCosponsor>False</isOriginalCosponsor>
        <middleName />
        <state>TX</state>
        <party>R</party>
        <fullName>Rep. Sessions, Pete [R-TX-32]</fullName>
        <bioguideId>S000250</bioguideId>
        <sponsorshipDate>2017-03-20</sponsorshipDate>
        <firstName>PETE</firstName>
        <district>32</district>
      </item>
      <item>
        <sponsorshipWithdrawnDate />
        <lastName>CHABOT</lastName>
        <identifiers>
          <bioguideId>C000266</bioguideId>
          <lisID>186</lisID>
          <gpoId>8091</gpoId>
        </identifiers>
        <isOriginalCosponsor>False</isOriginalCosponsor>
        <middleName />
        <state>OH</state>
        <party>R</party>
        <fullName>Rep. Chabot, Steve [R-OH-1]</fullName>
        <bioguideId>C000266</bioguideId>
        <sponsorshipDate>2017-03-27</sponsorshipDate>
        <firstName>STEVE</firstName>
        <district>1</district>
      </item>
      <item>
        <sponsorshipWithdrawnDate />
        <lastName>McCaul</lastName>
        <identifiers>
          <bioguideId>M001157</bioguideId>
          <gpoId>8166</gpoId>
          <lisID>1804</lisID>
        </identifiers>
        <isOriginalCosponsor>False</isOriginalCosponsor>
        <middleName>T.</middleName>
        <state>TX</state>
        <party>R</party>
        <fullName>Rep. McCaul, Michael T. [R-TX-10]</fullName>
        <bioguideId>M001157</bioguideId>
        <sponsorshipDate>2017-03-27</sponsorshipDate>
        <firstName>Michael</firstName>
        <district>10</district>
      </item>
      <item>
        <sponsorshipWithdrawnDate />
        <lastName>Tipton</lastName>
        <identifiers>
          <lisID>1997</lisID>
          <gpoId>7861</gpoId>
          <bioguideId>T000470</bioguideId>
        </identifiers>
        <isOriginalCosponsor>False</isOriginalCosponsor>
        <middleName>R.</middleName>
        <state>CO</state>
        <party>R</party>
        <fullName>Rep. Tipton, Scott  R. [R-CO-3]</fullName>
        <bioguideId>T000470</bioguideId>
        <sponsorshipDate>2017-04-04</sponsorshipDate>
        <firstName>Scott</firstName>
        <district>3</district>
      </item>
      <item>
        <sponsorshipWithdrawnDate />
        <lastName>Rooney</lastName>
        <identifiers>
          <gpoId />
          <bioguideId>R000607</bioguideId>
          <lisID>2323</lisID>
        </identifiers>
        <isOriginalCosponsor>False</isOriginalCosponsor>
        <middleName />
        <state>FL</state>
        <party>R</party>
        <fullName>Rep. Rooney, Francis [R-FL-19]</fullName>
        <bioguideId>R000607</bioguideId>
        <sponsorshipDate>2017-05-01</sponsorshipDate>
        <firstName>Francis</firstName>
        <district>19</district>
      </item>
      <item>
        <sponsorshipWithdrawnDate />
        <lastName>Rokita</lastName>
        <identifiers>
          <bioguideId>R000592</bioguideId>
          <gpoId>7943</gpoId>
          <lisID>2017</lisID>
        </identifiers>
        <isOriginalCosponsor>False</isOriginalCosponsor>
        <middleName />
        <state>IN</state>
        <party>R</party>
        <fullName>Rep. Rokita, Todd [R-IN-4]</fullName>
        <bioguideId>R000592</bioguideId>
        <sponsorshipDate>2017-07-13</sponsorshipDate>
        <firstName>Todd</firstName>
        <district>4</district>
      </item>
      <item>
        <sponsorshipWithdrawnDate />
        <lastName>Allen</lastName>
        <identifiers>
          <bioguideId>A000372</bioguideId>
          <lisID>2239</lisID>
          <gpoId />
        </identifiers>
        <isOriginalCosponsor>False</isOriginalCosponsor>
        <middleName>W.</middleName>
        <state>GA</state>
        <party>R</party>
        <fullName>Rep. Allen, Rick W. [R-GA-12]</fullName>
        <bioguideId>A000372</bioguideId>
        <sponsorshipDate>2017-09-07</sponsorshipDate>
        <firstName>Rick</firstName>
        <district>12</district>
      </item>
      <item>
        <sponsorshipWithdrawnDate />
        <lastName>Norman</lastName>
        <identifiers>
          <lisID>2361</lisID>
          <gpoId />
          <bioguideId>N000190</bioguideId>
        </identifiers>
        <isOriginalCosponsor>False</isOriginalCosponsor>
        <middleName />
        <state>SC</state>
        <party>R</party>
        <fullName>Rep. Norman, Ralph [R-SC-5]</fullName>
        <bioguideId>N000190</bioguideId>
        <sponsorshipDate>2017-09-13</sponsorshipDate>
        <firstName>Ralph</firstName>
        <district>5</district>
      </item>
      <item>
        <sponsorshipWithdrawnDate />
        <lastName>Pearce</lastName>
        <identifiers>
          <bioguideId>P000588</bioguideId>
          <gpoId>8057</gpoId>
          <lisID>1738</lisID>
        </identifiers>
        <isOriginalCosponsor>False</isOriginalCosponsor>
        <middleName />
        <state>NM</state>
        <party>R</party>
        <fullName>Rep. Pearce, Stevan [R-NM-2]</fullName>
        <bioguideId>P000588</bioguideId>
        <sponsorshipDate>2017-10-05</sponsorshipDate>
        <firstName>Stevan</firstName>
        <district>2</district>
      </item>
      <item>
        <sponsorshipWithdrawnDate />
        <lastName>Mooney</lastName>
        <identifiers>
          <bioguideId>M001195</bioguideId>
          <lisID>2277</lisID>
          <gpoId />
        </identifiers>
        <isOriginalCosponsor>False</isOriginalCosponsor>
        <middleName>X.</middleName>
        <state>WV</state>
        <party>R</party>
        <fullName>Rep. Mooney, Alexander X. [R-WV-2]</fullName>
        <bioguideId>M001195</bioguideId>
        <sponsorshipDate>2017-11-07</sponsorshipDate>
        <firstName>Alexander</firstName>
        <district>2</district>
      </item>
      <item>
        <sponsorshipWithdrawnDate />
        <lastName>Davidson</lastName>
        <identifiers>
          <gpoId />
          <bioguideId>D000626</bioguideId>
          <lisID>2296</lisID>
        </identifiers>
        <isOriginalCosponsor>False</isOriginalCosponsor>
        <middleName />
        <state>OH</state>
        <party>R</party>
        <fullName>Rep. Davidson, Warren [R-OH-8]</fullName>
        <bioguideId>D000626</bioguideId>
        <sponsorshipDate>2017-11-07</sponsorshipDate>
        <firstName>Warren</firstName>
        <district>8</district>
      </item>
      <item>
        <sponsorshipWithdrawnDate />
        <lastName>King</lastName>
        <identifiers>
          <lisID>1724</lisID>
          <bioguideId>K000362</bioguideId>
          <gpoId>7918</gpoId>
        </identifiers>
        <isOriginalCosponsor>False</isOriginalCosponsor>
        <middleName />
        <state>IA</state>
        <party>R</party>
        <fullName>Rep. King, Steve [R-IA-4]</fullName>
        <bioguideId>K000362</bioguideId>
        <sponsorshipDate>2017-11-07</sponsorshipDate>
        <firstName>Steve</firstName>
        <district>4</district>
      </item>
      <item>
        <sponsorshipWithdrawnDate />
        <lastName>Weber</lastName>
        <identifiers>
          <bioguideId>W000814</bioguideId>
          <lisID>2161</lisID>
          <gpoId />
        </identifiers>
        <isOriginalCosponsor>False</isOriginalCosponsor>
        <middleName>K.</middleName>
        <state>TX</state>
        <party>R</party>
        <fullName>Rep. Weber, Randy K., Sr. [R-TX-14]</fullName>
        <bioguideId>W000814</bioguideId>
        <sponsorshipDate>2017-11-08</sponsorshipDate>
        <firstName>Randy</firstName>
        <district>14</district>
      </item>
      <item>
        <sponsorshipWithdrawnDate />
        <lastName>Walker</lastName>
        <identifiers>
          <lisID>2255</lisID>
          <gpoId />
          <bioguideId>W000819</bioguideId>
        </identifiers>
        <isOriginalCosponsor>False</isOriginalCosponsor>
        <middleName />
        <state>NC</state>
        <party>R</party>
        <fullName>Rep. Walker, Mark [R-NC-6]</fullName>
        <bioguideId>W000819</bioguideId>
        <sponsorshipDate>2017-11-08</sponsorshipDate>
        <firstName>Mark</firstName>
        <district>6</district>
      </item>
      <item>
        <sponsorshipWithdrawnDate />
        <lastName>Gibbs</lastName>
        <identifiers>
          <lisID>2049</lisID>
          <gpoId>8108</gpoId>
          <bioguideId>G000563</bioguideId>
        </identifiers>
        <isOriginalCosponsor>False</isOriginalCosponsor>
        <middleName />
        <state>OH</state>
        <party>R</party>
        <fullName>Rep. Gibbs, Bob [R-OH-7]</fullName>
        <bioguideId>G000563</bioguideId>
        <sponsorshipDate>2017-11-08</sponsorshipDate>
        <firstName>Bob</firstName>
        <district>7</district>
      </item>
      <item>
        <sponsorshipWithdrawnDate />
        <lastName>Graves</lastName>
        <identifiers>
          <bioguideId>G000560</bioguideId>
          <gpoId>7906</gpoId>
          <lisID>1979</lisID>
        </identifiers>
        <isOriginalCosponsor>False</isOriginalCosponsor>
        <middleName />
        <state>GA</state>
        <party>R</party>
        <fullName>Rep. Graves, Tom [R-GA-14]</fullName>
        <bioguideId>G000560</bioguideId>
        <sponsorshipDate>2017-11-09</sponsorshipDate>
        <firstName>Tom</firstName>
        <district>14</district>
      </item>
      <item>
        <sponsorshipWithdrawnDate />
        <lastName>Ferguson</lastName>
        <identifiers>
          <bioguideId>F000465</bioguideId>
          <lisID>2324</lisID>
          <gpoId />
        </identifiers>
        <isOriginalCosponsor>False</isOriginalCosponsor>
        <middleName>Drew</middleName>
        <state>GA</state>
        <party>R</party>
        <fullName>Rep. Ferguson, A. Drew, IV [R-GA-3]</fullName>
        <bioguideId>F000465</bioguideId>
        <sponsorshipDate>2017-11-09</sponsorshipDate>
        <firstName>A.</firstName>
        <district>3</district>
      </item>
      <item>
        <sponsorshipWithdrawnDate />
        <lastName>Gosar</lastName>
        <identifiers>
          <bioguideId>G000565</bioguideId>
          <lisID>1992</lisID>
          <gpoId>7798</gpoId>
        </identifiers>
        <isOriginalCosponsor>False</isOriginalCosponsor>
        <middleName>A.</middleName>
        <state>AZ</state>
        <party>R</party>
        <fullName>Rep. Gosar, Paul A. [R-AZ-4]</fullName>
        <bioguideId>G000565</bioguideId>
        <sponsorshipDate>2017-11-13</sponsorshipDate>
        <firstName>Paul</firstName>
        <district>4</district>
      </item>
      <item>
        <sponsorshipWithdrawnDate />
        <lastName>Dunn</lastName>
        <identifiers>
          <lisID>2315</lisID>
          <gpoId />
          <bioguideId>D000628</bioguideId>
        </identifiers>
        <isOriginalCosponsor>False</isOriginalCosponsor>
        <middleName>P.</middleName>
        <state>FL</state>
        <party>R</party>
        <fullName>Rep. Dunn, Neal P. [R-FL-2]</fullName>
        <bioguideId>D000628</bioguideId>
        <sponsorshipDate>2017-11-13</sponsorshipDate>
        <firstName>Neal</firstName>
        <district>2</district>
      </item>
      <item>
        <sponsorshipWithdrawnDate />
        <lastName>Woodall</lastName>
        <identifiers>
          <bioguideId>W000810</bioguideId>
          <lisID>2008</lisID>
          <gpoId>7904</gpoId>
        </identifiers>
        <isOriginalCosponsor>False</isOriginalCosponsor>
        <middleName />
        <state>GA</state>
        <party>R</party>
        <fullName>Rep. Woodall, Rob [R-GA-7]</fullName>
        <bioguideId>W000810</bioguideId>
        <sponsorshipDate>2017-11-14</sponsorshipDate>
        <firstName>Rob</firstName>
        <district>7</district>
      </item>
      <item>
        <sponsorshipWithdrawnDate />
        <lastName>Banks</lastName>
        <identifiers>
          <gpoId />
          <bioguideId>B001299</bioguideId>
          <lisID>2326</lisID>
        </identifiers>
        <isOriginalCosponsor>False</isOriginalCosponsor>
        <middleName />
        <state>IN</state>
        <party>R</party>
        <fullName>Rep. Banks, Jim [R-IN-3]</fullName>
        <bioguideId>B001299</bioguideId>
        <sponsorshipDate>2017-12-19</sponsorshipDate>
        <firstName>Jim</firstName>
        <district>3</district>
      </item>
      <item>
        <sponsorshipWithdrawnDate />
        <lastName>Luetkemeyer</lastName>
        <identifiers>
          <gpoId>8017</gpoId>
          <lisID>1931</lisID>
          <bioguideId>L000569</bioguideId>
        </identifiers>
        <isOriginalCosponsor>False</isOriginalCosponsor>
        <middleName />
        <state>MO</state>
        <party>R</party>
        <fullName>Rep. Luetkemeyer, Blaine [R-MO-3]</fullName>
        <bioguideId>L000569</bioguideId>
        <sponsorshipDate>2018-01-11</sponsorshipDate>
        <firstName>Blaine</firstName>
        <district>3</district>
      </item>
      <item>
        <sponsorshipWithdrawnDate />
        <lastName>Posey</lastName>
        <identifiers>
          <gpoId>7887</gpoId>
          <lisID>1915</lisID>
          <bioguideId>P000599</bioguideId>
        </identifiers>
        <isOriginalCosponsor>False</isOriginalCosponsor>
        <middleName />
        <state>FL</state>
        <party>R</party>
        <fullName>Rep. Posey, Bill [R-FL-8]</fullName>
        <bioguideId>P000599</bioguideId>
        <sponsorshipDate>2018-02-06</sponsorshipDate>
        <firstName>Bill</firstName>
        <district>8</district>
      </item>
      <item>
        <sponsorshipWithdrawnDate />
        <lastName>BARTON</lastName>
        <identifiers>
          <lisID>62</lisID>
          <bioguideId>B000213</bioguideId>
          <gpoId>8162</gpoId>
        </identifiers>
        <isOriginalCosponsor>False</isOriginalCosponsor>
        <middleName>L.</middleName>
        <state>TX</state>
        <party>R</party>
        <fullName>Rep. Barton, Joe [R-TX-6]</fullName>
        <bioguideId>B000213</bioguideId>
        <sponsorshipDate>2018-02-06</sponsorshipDate>
        <firstName>JOE</firstName>
        <district>6</district>
      </item>
      <item>
        <sponsorshipWithdrawnDate />
        <lastName>Wilson</lastName>
        <identifiers>
          <bioguideId>W000795</bioguideId>
          <lisID>1688</lisID>
          <gpoId>8142</gpoId>
        </identifiers>
        <isOriginalCosponsor>False</isOriginalCosponsor>
        <middleName />
        <state>SC</state>
        <party>R</party>
        <fullName>Rep. Wilson, Joe [R-SC-2]</fullName>
        <bioguideId>W000795</bioguideId>
        <sponsorshipDate>2018-02-06</sponsorshipDate>
        <firstName>Joe</firstName>
        <district>2</district>
      </item>
      <item>
        <sponsorshipWithdrawnDate />
        <lastName>Blackburn</lastName>
        <identifiers>
          <lisID>1748</lisID>
          <gpoId>8154</gpoId>
          <bioguideId>B001243</bioguideId>
        </identifiers>
        <isOriginalCosponsor>False</isOriginalCosponsor>
        <middleName />
        <state>TN</state>
        <party>R</party>
        <fullName>Rep. Blackburn, Marsha [R-TN-7]</fullName>
        <bioguideId>B001243</bioguideId>
        <sponsorshipDate>2018-02-06</sponsorshipDate>
        <firstName>Marsha</firstName>
        <district>7</district>
      </item>
      <item>
        <sponsorshipWithdrawnDate />
        <lastName>Graves</lastName>
        <identifiers>
          <lisID>2245</lisID>
          <gpoId />
          <bioguideId>G000577</bioguideId>
        </identifiers>
        <isOriginalCosponsor>False</isOriginalCosponsor>
        <middleName />
        <state>LA</state>
        <party>R</party>
        <fullName>Rep. Graves, Garret [R-LA-6]</fullName>
        <bioguideId>G000577</bioguideId>
        <sponsorshipDate>2018-02-06</sponsorshipDate>
        <firstName>Garret</firstName>
        <district>6</district>
      </item>
      <item>
        <sponsorshipWithdrawnDate />
        <lastName>Harris</lastName>
        <identifiers>
          <gpoId>7976</gpoId>
          <lisID>2026</lisID>
          <bioguideId>H001052</bioguideId>
        </identifiers>
        <isOriginalCosponsor>False</isOriginalCosponsor>
        <middleName />
        <state>MD</state>
        <party>R</party>
        <fullName>Rep. Harris, Andy [R-MD-1]</fullName>
        <bioguideId>H001052</bioguideId>
        <sponsorshipDate>2018-02-06</sponsorshipDate>
        <firstName>Andy</firstName>
        <district>1</district>
      </item>
      <item>
        <sponsorshipWithdrawnDate />
        <lastName>Carter</lastName>
        <identifiers>
          <gpoId />
          <lisID>2236</lisID>
          <bioguideId>C001103</bioguideId>
        </identifiers>
        <isOriginalCosponsor>False</isOriginalCosponsor>
        <middleName>L. "Buddy"</middleName>
        <state>GA</state>
        <party>R</party>
        <fullName>Rep. Carter, Earl L. "Buddy" [R-GA-1]</fullName>
        <bioguideId>C001103</bioguideId>
        <sponsorshipDate>2018-02-06</sponsorshipDate>
        <firstName>Earl</firstName>
        <district>1</district>
      </item>
      <item>
        <sponsorshipWithdrawnDate />
        <lastName>Williams</lastName>
        <identifiers>
          <bioguideId>W000816</bioguideId>
          <lisID>2165</lisID>
          <gpoId />
        </identifiers>
        <isOriginalCosponsor>False</isOriginalCosponsor>
        <middleName />
        <state>TX</state>
        <party>R</party>
        <fullName>Rep. Williams, Roger [R-TX-25]</fullName>
        <bioguideId>W000816</bioguideId>
        <sponsorshipDate>2018-02-06</sponsorshipDate>
        <firstName>Roger</firstName>
        <district>25</district>
      </item>
      <item>
        <sponsorshipWithdrawnDate />
        <lastName>Hice</lastName>
        <identifiers>
          <lisID>2237</lisID>
          <bioguideId>H001071</bioguideId>
          <gpoId />
        </identifiers>
        <isOriginalCosponsor>False</isOriginalCosponsor>
        <middleName>B.</middleName>
        <state>GA</state>
        <party>R</party>
        <fullName>Rep. Hice, Jody B. [R-GA-10]</fullName>
        <bioguideId>H001071</bioguideId>
        <sponsorshipDate>2018-02-23</sponsorshipDate>
        <firstName>Jody</firstName>
        <district>10</district>
      </item>
      <item>
        <sponsorshipWithdrawnDate />
        <lastName>McClintock</lastName>
        <identifiers>
          <gpoId>7809</gpoId>
          <lisID>1908</lisID>
          <bioguideId>M001177</bioguideId>
        </identifiers>
        <isOriginalCosponsor>False</isOriginalCosponsor>
        <middleName />
        <state>CA</state>
        <party>R</party>
        <fullName>Rep. McClintock, Tom [R-CA-4]</fullName>
        <bioguideId>M001177</bioguideId>
        <sponsorshipDate>2018-02-26</sponsorshipDate>
        <firstName>Tom</firstName>
        <district>4</district>
      </item>
      <item>
        <sponsorshipWithdrawnDate />
        <lastName>Flores</lastName>
        <identifiers>
          <bioguideId>F000461</bioguideId>
          <gpoId>8173</gpoId>
          <lisID>2065</lisID>
        </identifiers>
        <isOriginalCosponsor>False</isOriginalCosponsor>
        <middleName />
        <state>TX</state>
        <party>R</party>
        <fullName>Rep. Flores, Bill [R-TX-17]</fullName>
        <bioguideId>F000461</bioguideId>
        <sponsorshipDate>2018-03-01</sponsorshipDate>
        <firstName>Bill</firstName>
        <district>17</district>
      </item>
      <item>
        <sponsorshipWithdrawnDate />
        <lastName>Webster</lastName>
        <identifiers>
          <gpoId>7880</gpoId>
          <lisID>2002</lisID>
          <bioguideId>W000806</bioguideId>
        </identifiers>
        <isOriginalCosponsor>False</isOriginalCosponsor>
        <middleName />
        <state>FL</state>
        <party>R</party>
        <fullName>Rep. Webster, Daniel [R-FL-11]</fullName>
        <bioguideId>W000806</bioguideId>
        <sponsorshipDate>2018-03-01</sponsorshipDate>
        <firstName>Daniel</firstName>
        <district>11</district>
      </item>
    </cosponsors>
    <billNumber>559</billNumber>
    <recordedVotes />
    <version>1.0.0</version>
    <calendarNumbers />
    <cboCostEstimates />
    <amendments />
    <latestAction>
      <actionDate>2017-01-13</actionDate>
      <links />
      <text>Referred to the House Committee on Oversight and Government Reform.</text>
    </latestAction>
  </bill>
  <dublinCore xmlns:dc="http://purl.org/dc/elements/1.1/">
    <dc:format>text/xml</dc:format>
    <dc:language>EN</dc:language>
    <dc:rights>Pursuant to Title 17 Section 105 of the United States Code, this file is not subject to copyright protection and is in the public domain.</dc:rights>
    <dc:contributor>Congressional Research Service, Library of Congress</dc:contributor>
    <dc:description>This file contains bill summaries and statuses for federal legislation. A bill summary describes the most significant provisions of a piece of legislation and details the effects the legislative text may have on current law and federal programs. Bill summaries are authored by the Congressional Research Service (CRS) of the Library of Congress. As stated in Public Law 91-510 (2 USC 166 (d)(6)), one of the duties of CRS is "to prepare summaries and digests of bills and resolutions of a public general nature introduced in the Senate or House of Representatives". For more information, refer to the User Guide that accompanies this file.</dc:description>
  </dublinCore>
</billStatus>

