<?xml version="1.0" encoding="UTF-8"?>
<billStatus>
  <bill>
    <constitutionalAuthorityStatementText><![CDATA[<pre>From the Congressional Record Online through the Government Publishing Office [<a href='http://www.gpo.gov'>www.gpo.gov</a>]By Ms. JENKINS of Kansas:H.R. 529.Congress has the power to enact this legislation pursuantto the following:Article I:Section 8:The Congress shall have Power To lay and collect Taxes,Duties, Imposts and Excises, to pay the Debts and provide forthe common Defense and general Welfare of the United States.[Page H547]</pre>]]></constitutionalAuthorityStatementText>
    <originChamber>House</originChamber>
    <subjects>
      <billSubjects>
        <legislativeSubjects>
          <item>
            <name>Bank accounts, deposits, capital</name>
          </item>
          <item>
            <name>Disability and paralysis</name>
          </item>
          <item>
            <name>Employee benefits and pensions</name>
          </item>
          <item>
            <name>Financial services and investments</name>
          </item>
          <item>
            <name>Higher education</name>
          </item>
          <item>
            <name>Income tax credits</name>
          </item>
          <item>
            <name>Income tax exclusion</name>
          </item>
          <item>
            <name>Income tax rates</name>
          </item>
          <item>
            <name>Inflation and prices</name>
          </item>
          <item>
            <name>Student aid and college costs</name>
          </item>
        </legislativeSubjects>
        <policyArea>
          <name>Taxation</name>
        </policyArea>
      </billSubjects>
    </subjects>
    <cosponsors>
      <item>
        <lastName>KIND</lastName>
        <firstName>RON</firstName>
        <sponsorshipWithdrawnDate />
        <isOriginalCosponsor>True</isOriginalCosponsor>
        <district>3</district>
        <party>D</party>
        <fullName>Rep. Kind, Ron [D-WI-3]</fullName>
        <middleName />
        <state>WI</state>
        <bioguideId>K000188</bioguideId>
        <sponsorshipDate>2017-01-13</sponsorshipDate>
        <identifiers>
          <lisID>1498</lisID>
          <bioguideId>K000188</bioguideId>
          <gpoId>8216</gpoId>
        </identifiers>
      </item>
      <item>
        <lastName>Wittman</lastName>
        <firstName>Robert</firstName>
        <sponsorshipWithdrawnDate />
        <isOriginalCosponsor>False</isOriginalCosponsor>
        <district>1</district>
        <party>R</party>
        <fullName>Rep. Wittman, Robert J. [R-VA-1]</fullName>
        <middleName>J.</middleName>
        <state>VA</state>
        <bioguideId>W000804</bioguideId>
        <sponsorshipDate>2017-02-02</sponsorshipDate>
        <identifiers>
          <lisID>1886</lisID>
          <gpoId>8192</gpoId>
          <bioguideId>W000804</bioguideId>
        </identifiers>
      </item>
      <item>
        <lastName>LOFGREN</lastName>
        <firstName>ZOE</firstName>
        <sponsorshipWithdrawnDate />
        <isOriginalCosponsor>False</isOriginalCosponsor>
        <district>19</district>
        <party>D</party>
        <fullName>Rep. Lofgren, Zoe [D-CA-19]</fullName>
        <middleName />
        <state>CA</state>
        <bioguideId>L000397</bioguideId>
        <sponsorshipDate>2017-05-18</sponsorshipDate>
        <identifiers>
          <bioguideId>L000397</bioguideId>
          <lisID>701</lisID>
          <gpoId>7821</gpoId>
        </identifiers>
      </item>
      <item>
        <lastName>DEFAZIO</lastName>
        <firstName>PETER</firstName>
        <sponsorshipWithdrawnDate />
        <isOriginalCosponsor>False</isOriginalCosponsor>
        <district>4</district>
        <party>D</party>
        <fullName>Rep. DeFazio, Peter A. [D-OR-4]</fullName>
        <middleName>A.</middleName>
        <state>OR</state>
        <bioguideId>D000191</bioguideId>
        <sponsorshipDate>2017-06-07</sponsorshipDate>
        <identifiers>
          <lisID>279</lisID>
          <bioguideId>D000191</bioguideId>
          <gpoId>8117</gpoId>
        </identifiers>
      </item>
      <item>
        <lastName>Cole</lastName>
        <firstName>Tom</firstName>
        <sponsorshipWithdrawnDate />
        <isOriginalCosponsor>False</isOriginalCosponsor>
        <district>4</district>
        <party>R</party>
        <fullName>Rep. Cole, Tom [R-OK-4]</fullName>
        <middleName />
        <state>OK</state>
        <bioguideId>C001053</bioguideId>
        <sponsorshipDate>2017-07-24</sponsorshipDate>
        <identifiers>
          <lisID>1742</lisID>
          <bioguideId>C001053</bioguideId>
          <gpoId>8112</gpoId>
        </identifiers>
      </item>
      <item>
        <lastName>Fitzpatrick</lastName>
        <firstName>Brian</firstName>
        <sponsorshipWithdrawnDate />
        <isOriginalCosponsor>False</isOriginalCosponsor>
        <district>8</district>
        <party>R</party>
        <fullName>Rep. Fitzpatrick, Brian K. [R-PA-8]</fullName>
        <middleName>K.</middleName>
        <state>PA</state>
        <bioguideId>F000466</bioguideId>
        <sponsorshipDate>2017-08-15</sponsorshipDate>
        <identifiers>
          <lisID>2345</lisID>
          <bioguideId>F000466</bioguideId>
          <gpoId />
        </identifiers>
      </item>
    </cosponsors>
    <billType>HR</billType>
    <recordedVotes />
    <laws />
    <committeeReports />
    <actions>
      <actionByCounts>
        <houseOfRepresentatives>3</houseOfRepresentatives>
      </actionByCounts>
      <actionTypeCounts>
        <introducedInTheHouse>1</introducedInTheHouse>
        <billReferrals>1</billReferrals>
        <introducedInHouse>1</introducedInHouse>
      </actionTypeCounts>
      <item>
        <actionDate>2017-01-13</actionDate>
        <text>Referred to the House Committee on Ways and Means.</text>
        <sourceSystem>
          <name>House floor actions</name>
          <code>2</code>
        </sourceSystem>
        <committee>
          <systemCode>hswm00</systemCode>
          <name>Ways and Means Committee</name>
        </committee>
        <links />
        <actionCode>H11100</actionCode>
        <type>IntroReferral</type>
      </item>
      <item>
        <actionDate>2017-01-13</actionDate>
        <text>Introduced in House</text>
        <sourceSystem>
          <name>Library of Congress</name>
          <code>9</code>
        </sourceSystem>
        <committee />
        <links />
        <actionCode>Intro-H</actionCode>
        <type>IntroReferral</type>
      </item>
      <item>
        <actionDate>2017-01-13</actionDate>
        <text>Introduced in House</text>
        <sourceSystem>
          <name>Library of Congress</name>
          <code>9</code>
        </sourceSystem>
        <committee />
        <links />
        <actionCode>1000</actionCode>
        <type>IntroReferral</type>
      </item>
    </actions>
    <createDate>2017-01-14T04:47:32Z</createDate>
    <version>1.0.0</version>
    <notes />
    <latestAction>
      <actionDate>2017-01-13</actionDate>
      <text>Referred to the House Committee on Ways and Means.</text>
      <links />
    </latestAction>
    <title>529 and ABLE Account Improvement Act of 2017</title>
    <summaries>
      <billSummaries>
        <item>
          <versionCode>00</versionCode>
          <updateDate>2017-01-13T05:00:00Z</updateDate>
          <actionDate>2017-01-13</actionDate>
          <text><![CDATA[<p><b>529 and ABLE Account Improvement Act of 201</b><b>7</b></p> <p>This bill amends the Internal Revenue Code to modify the tax treatment of qualified tuition programs (known as 529 plans) and ABLE accounts. (Tax-favored ABLE [Achieving a Better Life Experience] accounts are designed to enable individuals with disabilities to save for and pay for disability-related expenses.) </p> <p>The bill excludes from gross income a fringe benefit consisting of up to $100 per year (adjusted for inflation after 2017) of employer contributions to an employee's 529 or ABLE account. The employer contribution must be made: (1) to an account for which the designated beneficiary is the employee or a member of the employee's family, and (2) in connection with a payroll deduction contribution program established by the employer. </p> <p>The bill also: (1) expands the tax credit for small employer pension plan startup costs to include the costs of establishing a payroll deduction contribution program for 529 plans and ABLE accounts,(2) permits 529 funds to be used for education loan payments or charitable contributions without being subject to the additional tax for distributions that are not used for qualified higher education expenses, and (3) permits tax-free rollovers of funds between 529 and ABLE accounts for the benefit of the same beneficiary or a family member of the beneficiary.</p> <p>For the purpose of current law restrictions on the frequency of investment directions that a beneficiary or contributor may provide for a 529 or ABLE account, rebalancing investments among broad-based investment strategies established under the program is not an investment direction unless the beneficiary or contributor directs the specific investments within the strategies. </p>]]></text>
          <actionDesc>Introduced in House</actionDesc>
          <lastSummaryUpdateDate>2017-02-02T13:54:50Z</lastSummaryUpdateDate>
          <name>Introduced in House</name>
        </item>
      </billSummaries>
    </summaries>
    <congress>115</congress>
    <policyArea>
      <name>Taxation</name>
    </policyArea>
    <billNumber>529</billNumber>
    <calendarNumbers />
    <cboCostEstimates />
    <introducedDate>2017-01-13</introducedDate>
    <relatedBills />
    <committees>
      <billCommittees>
        <item>
          <chamber>House</chamber>
          <name>Ways and Means Committee</name>
          <systemCode>hswm00</systemCode>
          <type>Standing</type>
          <subcommittees />
          <activities>
            <item>
              <name>Referred to</name>
              <date>2017-01-13T14:02:00Z</date>
            </item>
          </activities>
        </item>
      </billCommittees>
    </committees>
    <titles>
      <item>
        <title>529 and ABLE Account Improvement Act of 2017</title>
        <titleType>(Extracted from GPO) Short Titles as Introduced</titleType>
        <parentTitleType />
        <chamberCode />
        <chamberName />
      </item>
      <item>
        <title>529 and ABLE Account Improvement Act of 2017</title>
        <titleType>Short Titles as Introduced</titleType>
        <parentTitleType />
        <chamberCode />
        <chamberName />
      </item>
      <item>
        <title>To amend the Internal Revenue Code of 1986 to make improvements in the rules related to qualified tuition programs and qualified ABLE programs.</title>
        <titleType>Official Title as Introduced</titleType>
        <parentTitleType />
        <chamberCode />
        <chamberName />
      </item>
      <item>
        <title>529 and ABLE Account Improvement Act of 2017</title>
        <titleType>Display Title</titleType>
        <parentTitleType />
        <chamberCode />
        <chamberName />
      </item>
    </titles>
    <sponsors>
      <item>
        <fullName>Rep. Jenkins, Lynn [R-KS-2]</fullName>
        <middleName />
        <district>2</district>
        <byRequestType />
        <firstName>Lynn</firstName>
        <bioguideId>J000290</bioguideId>
        <state>KS</state>
        <party>R</party>
        <lastName>Jenkins</lastName>
        <identifiers>
          <lisID>1921</lisID>
          <bioguideId>J000290</bioguideId>
          <gpoId>7950</gpoId>
        </identifiers>
      </item>
    </sponsors>
    <updateDate>2018-02-06T16:40:53Z</updateDate>
    <amendments />
  </bill>
  <dublinCore xmlns:dc="http://purl.org/dc/elements/1.1/">
    <dc:format>text/xml</dc:format>
    <dc:language>EN</dc:language>
    <dc:rights>Pursuant to Title 17 Section 105 of the United States Code, this file is not subject to copyright protection and is in the public domain.</dc:rights>
    <dc:contributor>Congressional Research Service, Library of Congress</dc:contributor>
    <dc:description>This file contains bill summaries and statuses for federal legislation. A bill summary describes the most significant provisions of a piece of legislation and details the effects the legislative text may have on current law and federal programs. Bill summaries are authored by the Congressional Research Service (CRS) of the Library of Congress. As stated in Public Law 91-510 (2 USC 166 (d)(6)), one of the duties of CRS is "to prepare summaries and digests of bills and resolutions of a public general nature introduced in the Senate or House of Representatives". For more information, refer to the User Guide that accompanies this file.</dc:description>
  </dublinCore>
</billStatus>

