<?xml version="1.0" encoding="UTF-8"?>
<billStatus>
  <bill>
    <committeeReports />
    <laws />
    <updateDate>2018-03-02T08:15:42Z</updateDate>
    <notes />
    <billNumber>530</billNumber>
    <introducedDate>2017-01-13</introducedDate>
    <calendarNumbers />
    <title>SECURE Our Democracy Act</title>
    <originChamber>House</originChamber>
    <billType>HR</billType>
    <actions>
      <actionTypeCounts>
        <placeholderTextForH>2</placeholderTextForH>
        <billReferrals>3</billReferrals>
        <introducedInTheHouse>1</introducedInTheHouse>
        <introducedInHouse>1</introducedInHouse>
        <billReferralsAggregate>1</billReferralsAggregate>
      </actionTypeCounts>
      <actionByCounts>
        <houseOfRepresentatives>8</houseOfRepresentatives>
      </actionByCounts>
      <item>
        <actionDate>2017-02-08</actionDate>
        <committee>
          <name>Crime, Terrorism, Homeland Security, and Investigations Subcommittee</name>
          <systemCode>hsju08</systemCode>
        </committee>
        <links />
        <sourceSystem>
          <name>House committee actions</name>
          <code>1</code>
        </sourceSystem>
        <text>Referred to the Subcommittee on Crime, Terrorism, Homeland Security, and Investigations.</text>
        <type>Committee</type>
      </item>
      <item>
        <actionDate>2017-02-08</actionDate>
        <committee>
          <name>Immigration and Border Security Subcommittee</name>
          <systemCode>hsju01</systemCode>
        </committee>
        <links />
        <sourceSystem>
          <name>House committee actions</name>
          <code>1</code>
        </sourceSystem>
        <text>Referred to the Subcommittee on Immigration and Border Security.</text>
        <type>Committee</type>
      </item>
      <item>
        <text>Referred to House Financial Services</text>
        <actionDate>2017-01-13</actionDate>
        <sourceSystem>
          <name>House floor actions</name>
          <code>2</code>
        </sourceSystem>
        <type>IntroReferral</type>
        <actionCode>H11100</actionCode>
        <committee>
          <name>Financial Services Committee</name>
          <systemCode>hsba00</systemCode>
        </committee>
        <links />
      </item>
      <item>
        <text>Referred to House Judiciary</text>
        <actionDate>2017-01-13</actionDate>
        <sourceSystem>
          <name>House floor actions</name>
          <code>2</code>
        </sourceSystem>
        <type>IntroReferral</type>
        <actionCode>H11100</actionCode>
        <committee>
          <name>Judiciary Committee</name>
          <systemCode>hsju00</systemCode>
        </committee>
        <links />
      </item>
      <item>
        <text>Referred to House Foreign Affairs</text>
        <actionDate>2017-01-13</actionDate>
        <sourceSystem>
          <name>House floor actions</name>
          <code>2</code>
        </sourceSystem>
        <type>IntroReferral</type>
        <actionCode>H11100</actionCode>
        <committee>
          <name>Foreign Affairs Committee</name>
          <systemCode>hsfa00</systemCode>
        </committee>
        <links />
      </item>
      <item>
        <text>Referred to the Committee on Foreign Affairs, and in addition to the Committees on the Judiciary, and Financial Services, for a period to be subsequently determined by the Speaker, in each case for consideration of such provisions as fall within the jurisdiction of the committee concerned.</text>
        <actionDate>2017-01-13</actionDate>
        <sourceSystem>
          <name>Library of Congress</name>
          <code>9</code>
        </sourceSystem>
        <type>IntroReferral</type>
        <actionCode>H11100-A</actionCode>
        <committee />
        <links />
      </item>
      <item>
        <text>Introduced in House</text>
        <actionDate>2017-01-13</actionDate>
        <sourceSystem>
          <name>Library of Congress</name>
          <code>9</code>
        </sourceSystem>
        <type>IntroReferral</type>
        <actionCode>Intro-H</actionCode>
        <committee />
        <links />
      </item>
      <item>
        <text>Introduced in House</text>
        <actionDate>2017-01-13</actionDate>
        <sourceSystem>
          <name>Library of Congress</name>
          <code>9</code>
        </sourceSystem>
        <type>IntroReferral</type>
        <actionCode>1000</actionCode>
        <committee />
        <links />
      </item>
    </actions>
    <version>1.0.0</version>
    <summaries>
      <billSummaries>
        <item>
          <updateDate>2017-01-13T05:00:00Z</updateDate>
          <lastSummaryUpdateDate>2017-03-13T19:34:26Z</lastSummaryUpdateDate>
          <versionCode>00</versionCode>
          <name>Introduced in House</name>
          <text><![CDATA[<p><strong>Safeguard our Elections and Combat Unlawful Interference in Our Democracy Act or the SECURE Our Democracy Act</strong></p> <p>This bill directs the Department of State to submit within 120 days a list of each foreign person that: (1) was at any time since January 1, 2015, involved in actions to unlawfully access, disrupt, misappropriate, influence, or alter information related to U.S. political parties, federal election candidates, or the administration of federal elections; or (2) worked or acted as an agent or instrumentality of, or on behalf of, or that was otherwise associated with, such foreign person. </p> <p>The unclassified portion of such list shall be made available to the public and published in the Federal Register.</p> <p>A listed alien shall be ineligible to receive a U.S. entry visa, and any current visa shall be revoked. Such prohibitions shall also apply to an alien who is an official of, an agent or instrumentality of, or working or acting on behalf of, a listed foreign entity or government if such alien knowingly authorized, conspired to commit, was responsible for, engaged in, or otherwise assisted or facilitated such prohibited actions. </p> <p>The President, through the Department of the Treasury, shall: (1) freeze and prohibit a listed foreign person's transactions in property and property interests that are in the United States or controlled a U.S. person, and (2) require each financial institution that is a U.S. person and has within its possession or control such property or property interests to certify that it has frozen all such assets. </p>]]></text>
          <actionDate>2017-01-13</actionDate>
          <actionDesc>Introduced in House</actionDesc>
        </item>
      </billSummaries>
    </summaries>
    <committees>
      <billCommittees>
        <item>
          <systemCode>hsju00</systemCode>
          <name>Judiciary Committee</name>
          <activities>
            <item>
              <name>Referred to</name>
              <date>2017-01-13T14:04:45Z</date>
            </item>
          </activities>
          <chamber>House</chamber>
          <type>Standing</type>
          <subcommittees>
            <item>
              <activities>
                <item>
                  <name>Referred to</name>
                  <date>2017-02-08T21:30:57Z</date>
                </item>
              </activities>
              <systemCode>hsju08</systemCode>
              <name>Crime, Terrorism, Homeland Security, and Investigations Subcommittee</name>
            </item>
            <item>
              <activities>
                <item>
                  <name>Referred to</name>
                  <date>2017-02-08T21:30:48Z</date>
                </item>
              </activities>
              <systemCode>hsju01</systemCode>
              <name>Immigration and Border Security Subcommittee</name>
            </item>
          </subcommittees>
        </item>
        <item>
          <systemCode>hsba00</systemCode>
          <name>Financial Services Committee</name>
          <activities>
            <item>
              <name>Referred to</name>
              <date>2017-01-13T14:04:50Z</date>
            </item>
          </activities>
          <chamber>House</chamber>
          <type>Standing</type>
          <subcommittees />
        </item>
        <item>
          <systemCode>hsfa00</systemCode>
          <name>Foreign Affairs Committee</name>
          <activities>
            <item>
              <name>Referred to</name>
              <date>2017-01-13T14:04:40Z</date>
            </item>
          </activities>
          <chamber>House</chamber>
          <type>Standing</type>
          <subcommittees />
        </item>
      </billCommittees>
    </committees>
    <createDate>2017-01-14T04:47:32Z</createDate>
    <constitutionalAuthorityStatementText><![CDATA[<pre>From the Congressional Record Online through the Government Publishing Office [<a href='http://www.gpo.gov'>www.gpo.gov</a>]By Mr. ENGEL:H.R. 530.Congress has the power to enact this legislation pursuantto the following:Article I, Section 8, Clause 18 of the Constitution.[Page H547]</pre>]]></constitutionalAuthorityStatementText>
    <recordedVotes />
    <congress>115</congress>
    <relatedBills />
    <titles>
      <item>
        <chamberName />
        <chamberCode />
        <parentTitleType />
        <titleType>(Extracted from GPO) Short Titles as Introduced</titleType>
        <title>Safeguard our Elections and Combat Unlawful Interference in Our Democracy Act</title>
      </item>
      <item>
        <chamberName />
        <chamberCode />
        <parentTitleType />
        <titleType>Short Titles as Introduced</titleType>
        <title>SECURE Our Democracy Act</title>
      </item>
      <item>
        <chamberName />
        <chamberCode />
        <parentTitleType />
        <titleType>Short Titles as Introduced</titleType>
        <title>Safeguard our Elections and Combat Unlawful Interference in Our Democracy Act</title>
      </item>
      <item>
        <chamberName />
        <chamberCode />
        <parentTitleType />
        <titleType>Official Title as Introduced</titleType>
        <title>To expose and deter unlawful and subversive foreign interference in elections for Federal office, and for other purposes.</title>
      </item>
      <item>
        <chamberName />
        <chamberCode />
        <parentTitleType />
        <titleType>Display Title</titleType>
        <title>SECURE Our Democracy Act</title>
      </item>
    </titles>
    <cboCostEstimates />
    <sponsors>
      <item>
        <lastName>ENGEL</lastName>
        <identifiers>
          <bioguideId>E000179</bioguideId>
          <lisID>344</lisID>
          <gpoId>8078</gpoId>
        </identifiers>
        <party>D</party>
        <firstName>ELIOT</firstName>
        <middleName>L.</middleName>
        <fullName>Rep. Engel, Eliot L. [D-NY-16]</fullName>
        <district>16</district>
        <byRequestType />
        <state>NY</state>
        <bioguideId>E000179</bioguideId>
      </item>
    </sponsors>
    <latestAction>
      <links />
      <actionDate>2017-02-08</actionDate>
      <text>Referred to the Subcommittee on Crime, Terrorism, Homeland Security, and Investigations.</text>
    </latestAction>
    <subjects>
      <billSubjects>
        <legislativeSubjects>
          <item>
            <name>Administrative law and regulatory procedures</name>
          </item>
          <item>
            <name>Bank accounts, deposits, capital</name>
          </item>
          <item>
            <name>Computer security and identity theft</name>
          </item>
          <item>
            <name>Congressional oversight</name>
          </item>
          <item>
            <name>Department of the Treasury</name>
          </item>
          <item>
            <name>Diplomacy, foreign officials, Americans abroad</name>
          </item>
          <item>
            <name>Elections, voting, political campaign regulation</name>
          </item>
          <item>
            <name>Foreign property</name>
          </item>
          <item>
            <name>Government Operations and Politics</name>
          </item>
          <item>
            <name>Government ethics and transparency, public corruption</name>
          </item>
          <item>
            <name>Political parties and affiliation</name>
          </item>
          <item>
            <name>Presidents and presidential powers, Vice Presidents</name>
          </item>
          <item>
            <name>Sanctions</name>
          </item>
          <item>
            <name>Visas and passports</name>
          </item>
          <item>
            <name>War and emergency powers</name>
          </item>
        </legislativeSubjects>
        <policyArea>
          <name>International Affairs</name>
        </policyArea>
      </billSubjects>
    </subjects>
    <amendments />
    <policyArea>
      <name>International Affairs</name>
    </policyArea>
    <cosponsors>
      <item>
        <bioguideId>C001078</bioguideId>
        <firstName>Gerald</firstName>
        <lastName>Connolly</lastName>
        <state>VA</state>
        <district>11</district>
        <middleName>E.</middleName>
        <isOriginalCosponsor>True</isOriginalCosponsor>
        <sponsorshipDate>2017-01-13</sponsorshipDate>
        <sponsorshipWithdrawnDate />
        <party>D</party>
        <identifiers>
          <bioguideId>C001078</bioguideId>
          <gpoId>8202</gpoId>
          <lisID>1959</lisID>
        </identifiers>
        <fullName>Rep. Connolly, Gerald E. [D-VA-11]</fullName>
      </item>
      <item>
        <bioguideId>S001200</bioguideId>
        <firstName>Darren</firstName>
        <lastName>Soto</lastName>
        <state>FL</state>
        <district>9</district>
        <middleName />
        <isOriginalCosponsor>True</isOriginalCosponsor>
        <sponsorshipDate>2017-01-13</sponsorshipDate>
        <sponsorshipWithdrawnDate />
        <party>D</party>
        <identifiers>
          <bioguideId>S001200</bioguideId>
          <gpoId />
          <lisID>2319</lisID>
        </identifiers>
        <fullName>Rep. Soto, Darren [D-FL-9]</fullName>
      </item>
      <item>
        <bioguideId>K000375</bioguideId>
        <firstName>William</firstName>
        <lastName>Keating</lastName>
        <state>MA</state>
        <district>9</district>
        <middleName>R.</middleName>
        <isOriginalCosponsor>True</isOriginalCosponsor>
        <sponsorshipDate>2017-01-13</sponsorshipDate>
        <sponsorshipWithdrawnDate />
        <party>D</party>
        <identifiers>
          <gpoId>7975</gpoId>
          <bioguideId>K000375</bioguideId>
          <lisID>2025</lisID>
        </identifiers>
        <fullName>Rep. Keating, William R. [D-MA-9]</fullName>
      </item>
      <item>
        <bioguideId>S001165</bioguideId>
        <firstName>Albio</firstName>
        <lastName>Sires</lastName>
        <state>NJ</state>
        <district>8</district>
        <middleName />
        <isOriginalCosponsor>True</isOriginalCosponsor>
        <sponsorshipDate>2017-01-13</sponsorshipDate>
        <sponsorshipWithdrawnDate />
        <party>D</party>
        <identifiers>
          <lisID>1818</lisID>
          <gpoId>8055</gpoId>
          <bioguideId>S001165</bioguideId>
        </identifiers>
        <fullName>Rep. Sires, Albio [D-NJ-8]</fullName>
      </item>
      <item>
        <bioguideId>K000385</bioguideId>
        <firstName>Robin</firstName>
        <lastName>Kelly</lastName>
        <state>IL</state>
        <district>2</district>
        <middleName>L.</middleName>
        <isOriginalCosponsor>True</isOriginalCosponsor>
        <sponsorshipDate>2017-01-13</sponsorshipDate>
        <sponsorshipWithdrawnDate />
        <party>D</party>
        <identifiers>
          <lisID>2190</lisID>
          <gpoId />
          <bioguideId>K000385</bioguideId>
        </identifiers>
        <fullName>Rep. Kelly, Robin L. [D-IL-2]</fullName>
      </item>
      <item>
        <bioguideId>F000462</bioguideId>
        <firstName>Lois</firstName>
        <lastName>Frankel</lastName>
        <state>FL</state>
        <district>21</district>
        <middleName />
        <isOriginalCosponsor>True</isOriginalCosponsor>
        <sponsorshipDate>2017-01-13</sponsorshipDate>
        <sponsorshipWithdrawnDate />
        <party>D</party>
        <identifiers>
          <lisID>2119</lisID>
          <bioguideId>F000462</bioguideId>
          <gpoId />
        </identifiers>
        <fullName>Rep. Frankel, Lois [D-FL-21]</fullName>
      </item>
      <item>
        <bioguideId>N000147</bioguideId>
        <firstName>ELEANOR</firstName>
        <lastName>NORTON</lastName>
        <state>DC</state>
        <district>0</district>
        <middleName>HOLMES</middleName>
        <isOriginalCosponsor>True</isOriginalCosponsor>
        <sponsorshipDate>2017-01-13</sponsorshipDate>
        <sponsorshipWithdrawnDate />
        <party>D</party>
        <identifiers>
          <lisID>868</lisID>
          <gpoId>7871</gpoId>
          <bioguideId>N000147</bioguideId>
        </identifiers>
        <fullName>Rep. Norton, Eleanor Holmes [D-DC-At Large]</fullName>
      </item>
      <item>
        <bioguideId>L000582</bioguideId>
        <firstName>Ted</firstName>
        <lastName>Lieu</lastName>
        <state>CA</state>
        <district>33</district>
        <middleName />
        <isOriginalCosponsor>True</isOriginalCosponsor>
        <sponsorshipDate>2017-01-13</sponsorshipDate>
        <sponsorshipWithdrawnDate />
        <party>D</party>
        <identifiers>
          <gpoId />
          <lisID>2230</lisID>
          <bioguideId>L000582</bioguideId>
        </identifiers>
        <fullName>Rep. Lieu, Ted [D-CA-33]</fullName>
      </item>
      <item>
        <bioguideId>D000623</bioguideId>
        <firstName>Mark</firstName>
        <lastName>DeSaulnier</lastName>
        <state>CA</state>
        <district>11</district>
        <middleName />
        <isOriginalCosponsor>True</isOriginalCosponsor>
        <sponsorshipDate>2017-01-13</sponsorshipDate>
        <sponsorshipWithdrawnDate />
        <party>D</party>
        <identifiers>
          <gpoId />
          <lisID>2227</lisID>
          <bioguideId>D000623</bioguideId>
        </identifiers>
        <fullName>Rep. DeSaulnier, Mark [D-CA-11]</fullName>
      </item>
      <item>
        <bioguideId>C001084</bioguideId>
        <firstName>David</firstName>
        <lastName>Cicilline</lastName>
        <state>RI</state>
        <district>1</district>
        <middleName>N.</middleName>
        <isOriginalCosponsor>True</isOriginalCosponsor>
        <sponsorshipDate>2017-01-13</sponsorshipDate>
        <sponsorshipWithdrawnDate />
        <party>D</party>
        <identifiers>
          <bioguideId>C001084</bioguideId>
          <gpoId>8139</gpoId>
          <lisID>2055</lisID>
        </identifiers>
        <fullName>Rep. Cicilline, David N. [D-RI-1]</fullName>
      </item>
      <item>
        <bioguideId>W000822</bioguideId>
        <firstName>Bonnie</firstName>
        <lastName>Watson Coleman</lastName>
        <state>NJ</state>
        <district>12</district>
        <middleName />
        <isOriginalCosponsor>True</isOriginalCosponsor>
        <sponsorshipDate>2017-01-13</sponsorshipDate>
        <sponsorshipWithdrawnDate />
        <party>D</party>
        <identifiers>
          <gpoId />
          <lisID>2259</lisID>
          <bioguideId>W000822</bioguideId>
        </identifiers>
        <fullName>Rep. Watson Coleman, Bonnie [D-NJ-12]</fullName>
      </item>
      <item>
        <bioguideId>J000032</bioguideId>
        <firstName>SHEILA</firstName>
        <lastName>JACKSON LEE</lastName>
        <state>TX</state>
        <district>18</district>
        <middleName />
        <isOriginalCosponsor>True</isOriginalCosponsor>
        <sponsorshipDate>2017-01-13</sponsorshipDate>
        <sponsorshipWithdrawnDate />
        <party>D</party>
        <identifiers>
          <bioguideId>J000032</bioguideId>
          <gpoId>8174</gpoId>
          <lisID>588</lisID>
        </identifiers>
        <fullName>Rep. Jackson Lee, Sheila [D-TX-18]</fullName>
      </item>
      <item>
        <bioguideId>L000581</bioguideId>
        <firstName>Brenda</firstName>
        <lastName>Lawrence</lastName>
        <state>MI</state>
        <district>14</district>
        <middleName>L.</middleName>
        <isOriginalCosponsor>True</isOriginalCosponsor>
        <sponsorshipDate>2017-01-13</sponsorshipDate>
        <sponsorshipWithdrawnDate />
        <party>D</party>
        <identifiers>
          <gpoId />
          <bioguideId>L000581</bioguideId>
          <lisID>2252</lisID>
        </identifiers>
        <fullName>Rep. Lawrence, Brenda L. [D-MI-14]</fullName>
      </item>
      <item>
        <bioguideId>B001296</bioguideId>
        <firstName>Brendan</firstName>
        <lastName>Boyle</lastName>
        <state>PA</state>
        <district>13</district>
        <middleName>F.</middleName>
        <isOriginalCosponsor>True</isOriginalCosponsor>
        <sponsorshipDate>2017-01-13</sponsorshipDate>
        <sponsorshipWithdrawnDate />
        <party>D</party>
        <identifiers>
          <lisID>2267</lisID>
          <bioguideId>B001296</bioguideId>
          <gpoId />
        </identifiers>
        <fullName>Rep. Boyle, Brendan F. [D-PA-13]</fullName>
      </item>
      <item>
        <bioguideId>S001170</bioguideId>
        <firstName>Carol</firstName>
        <lastName>Shea-Porter</lastName>
        <state>NH</state>
        <district>1</district>
        <middleName />
        <isOriginalCosponsor>True</isOriginalCosponsor>
        <sponsorshipDate>2017-01-13</sponsorshipDate>
        <sponsorshipWithdrawnDate />
        <party>D</party>
        <identifiers>
          <bioguideId>S001170</bioguideId>
          <gpoId>7528</gpoId>
          <lisID>1861</lisID>
        </identifiers>
        <fullName>Rep. Shea-Porter, Carol [D-NH-1]</fullName>
      </item>
      <item>
        <bioguideId>C001091</bioguideId>
        <firstName>Joaquin</firstName>
        <lastName>Castro</lastName>
        <state>TX</state>
        <district>20</district>
        <middleName />
        <isOriginalCosponsor>True</isOriginalCosponsor>
        <sponsorshipDate>2017-01-13</sponsorshipDate>
        <sponsorshipWithdrawnDate />
        <party>D</party>
        <identifiers>
          <bioguideId>C001091</bioguideId>
          <lisID>2163</lisID>
          <gpoId />
        </identifiers>
        <fullName>Rep. Castro, Joaquin [D-TX-20]</fullName>
      </item>
      <item>
        <bioguideId>E000297</bioguideId>
        <firstName>Adriano</firstName>
        <lastName>Espaillat</lastName>
        <state>NY</state>
        <district>13</district>
        <middleName />
        <isOriginalCosponsor>True</isOriginalCosponsor>
        <sponsorshipDate>2017-01-13</sponsorshipDate>
        <sponsorshipWithdrawnDate />
        <party>D</party>
        <identifiers>
          <gpoId />
          <bioguideId>E000297</bioguideId>
          <lisID>2342</lisID>
        </identifiers>
        <fullName>Rep. Espaillat, Adriano [D-NY-13]</fullName>
      </item>
      <item>
        <bioguideId>S000344</bioguideId>
        <firstName>BRAD</firstName>
        <lastName>SHERMAN</lastName>
        <state>CA</state>
        <district>30</district>
        <middleName />
        <isOriginalCosponsor>True</isOriginalCosponsor>
        <sponsorshipDate>2017-01-13</sponsorshipDate>
        <sponsorshipWithdrawnDate />
        <party>D</party>
        <identifiers>
          <bioguideId>S000344</bioguideId>
          <lisID>1526</lisID>
          <gpoId>7832</gpoId>
        </identifiers>
        <fullName>Rep. Sherman, Brad [D-CA-30]</fullName>
      </item>
      <item>
        <bioguideId>S000510</bioguideId>
        <firstName>ADAM</firstName>
        <lastName>SMITH</lastName>
        <state>WA</state>
        <district>9</district>
        <middleName />
        <isOriginalCosponsor>True</isOriginalCosponsor>
        <sponsorshipDate>2017-01-13</sponsorshipDate>
        <sponsorshipWithdrawnDate />
        <party>D</party>
        <identifiers>
          <gpoId>8213</gpoId>
          <bioguideId>S000510</bioguideId>
          <lisID>1528</lisID>
        </identifiers>
        <fullName>Rep. Smith, Adam [D-WA-9]</fullName>
      </item>
      <item>
        <bioguideId>C000714</bioguideId>
        <firstName>JOHN</firstName>
        <lastName>CONYERS</lastName>
        <state>MI</state>
        <district>13</district>
        <middleName />
        <isOriginalCosponsor>True</isOriginalCosponsor>
        <sponsorshipDate>2017-01-13</sponsorshipDate>
        <sponsorshipWithdrawnDate />
        <party>D</party>
        <identifiers>
          <lisID>229</lisID>
          <gpoId>7999</gpoId>
          <bioguideId>C000714</bioguideId>
        </identifiers>
        <fullName>Rep. Conyers, John, Jr. [D-MI-13]</fullName>
      </item>
      <item>
        <bioguideId>T000193</bioguideId>
        <firstName>BENNIE</firstName>
        <lastName>THOMPSON</lastName>
        <state>MS</state>
        <district>2</district>
        <middleName />
        <isOriginalCosponsor>True</isOriginalCosponsor>
        <sponsorshipDate>2017-01-13</sponsorshipDate>
        <sponsorshipWithdrawnDate />
        <party>D</party>
        <identifiers>
          <bioguideId>T000193</bioguideId>
          <lisID>1151</lisID>
          <gpoId>8020</gpoId>
        </identifiers>
        <fullName>Rep. Thompson, Bennie G. [D-MS-2]</fullName>
      </item>
      <item>
        <bioguideId>T000468</bioguideId>
        <firstName>Dina</firstName>
        <lastName>Titus</lastName>
        <state>NV</state>
        <district>1</district>
        <middleName />
        <isOriginalCosponsor>True</isOriginalCosponsor>
        <sponsorshipDate>2017-01-13</sponsorshipDate>
        <sponsorshipWithdrawnDate />
        <party>D</party>
        <identifiers>
          <gpoId>7493</gpoId>
          <bioguideId>T000468</bioguideId>
          <lisID>1940</lisID>
        </identifiers>
        <fullName>Rep. Titus, Dina [D-NV-1]</fullName>
      </item>
      <item>
        <bioguideId>B001287</bioguideId>
        <firstName>Ami</firstName>
        <lastName>Bera</lastName>
        <state>CA</state>
        <district>7</district>
        <middleName />
        <isOriginalCosponsor>True</isOriginalCosponsor>
        <sponsorshipDate>2017-01-13</sponsorshipDate>
        <sponsorshipWithdrawnDate />
        <party>D</party>
        <identifiers>
          <gpoId />
          <lisID>2102</lisID>
          <bioguideId>B001287</bioguideId>
        </identifiers>
        <fullName>Rep. Bera, Ami [D-CA-7]</fullName>
      </item>
      <item>
        <bioguideId>D000610</bioguideId>
        <firstName>Theodore</firstName>
        <lastName>Deutch</lastName>
        <state>FL</state>
        <district>22</district>
        <middleName>E.</middleName>
        <isOriginalCosponsor>True</isOriginalCosponsor>
        <sponsorshipDate>2017-01-13</sponsorshipDate>
        <sponsorshipWithdrawnDate />
        <party>D</party>
        <identifiers>
          <gpoId>7891</gpoId>
          <bioguideId>D000610</bioguideId>
          <lisID>1976</lisID>
        </identifiers>
        <fullName>Rep. Deutch, Theodore E. [D-FL-22]</fullName>
      </item>
      <item>
        <bioguideId>G000559</bioguideId>
        <firstName>John</firstName>
        <lastName>Garamendi</lastName>
        <state>CA</state>
        <district>3</district>
        <middleName />
        <isOriginalCosponsor>True</isOriginalCosponsor>
        <sponsorshipDate>2017-01-13</sponsorshipDate>
        <sponsorshipWithdrawnDate />
        <party>D</party>
        <identifiers>
          <lisID>1973</lisID>
          <gpoId>7815</gpoId>
          <bioguideId>G000559</bioguideId>
        </identifiers>
        <fullName>Rep. Garamendi, John [D-CA-3]</fullName>
      </item>
      <item>
        <bioguideId>W000800</bioguideId>
        <firstName>Peter</firstName>
        <lastName>Welch</lastName>
        <state>VT</state>
        <district>0</district>
        <middleName />
        <isOriginalCosponsor>True</isOriginalCosponsor>
        <sponsorshipDate>2017-01-13</sponsorshipDate>
        <sponsorshipWithdrawnDate />
        <party>D</party>
        <identifiers>
          <bioguideId>W000800</bioguideId>
          <lisID>1879</lisID>
          <gpoId>8204</gpoId>
        </identifiers>
        <fullName>Rep. Welch, Peter [D-VT-At Large]</fullName>
      </item>
      <item>
        <bioguideId>M000312</bioguideId>
        <firstName>JAMES</firstName>
        <lastName>MCGOVERN</lastName>
        <state>MA</state>
        <district>2</district>
        <middleName>P.</middleName>
        <isOriginalCosponsor>True</isOriginalCosponsor>
        <sponsorshipDate>2017-01-13</sponsorshipDate>
        <sponsorshipWithdrawnDate />
        <party>D</party>
        <identifiers>
          <lisID>1504</lisID>
          <gpoId>7968</gpoId>
          <bioguideId>M000312</bioguideId>
        </identifiers>
        <fullName>Rep. McGovern, James P. [D-MA-2]</fullName>
      </item>
      <item>
        <bioguideId>S001190</bioguideId>
        <firstName>Bradley</firstName>
        <lastName>Schneider</lastName>
        <state>IL</state>
        <district>10</district>
        <middleName>Scott</middleName>
        <isOriginalCosponsor>True</isOriginalCosponsor>
        <sponsorshipDate>2017-01-13</sponsorshipDate>
        <sponsorshipWithdrawnDate />
        <party>D</party>
        <identifiers>
          <bioguideId>S001190</bioguideId>
          <lisID>2124</lisID>
          <gpoId />
        </identifiers>
        <fullName>Rep. Schneider, Bradley Scott [D-IL-10]</fullName>
      </item>
      <item>
        <bioguideId>C001038</bioguideId>
        <firstName>JOSEPH</firstName>
        <lastName>CROWLEY</lastName>
        <state>NY</state>
        <district>14</district>
        <middleName />
        <isOriginalCosponsor>True</isOriginalCosponsor>
        <sponsorshipDate>2017-01-13</sponsorshipDate>
        <sponsorshipWithdrawnDate />
        <party>D</party>
        <identifiers>
          <gpoId>8068</gpoId>
          <lisID>1604</lisID>
          <bioguideId>C001038</bioguideId>
        </identifiers>
        <fullName>Rep. Crowley, Joseph [D-NY-14]</fullName>
      </item>
      <item>
        <bioguideId>M001188</bioguideId>
        <firstName>Grace</firstName>
        <lastName>Meng</lastName>
        <state>NY</state>
        <district>6</district>
        <middleName />
        <isOriginalCosponsor>True</isOriginalCosponsor>
        <sponsorshipDate>2017-01-13</sponsorshipDate>
        <sponsorshipWithdrawnDate />
        <party>D</party>
        <identifiers>
          <lisID>2148</lisID>
          <gpoId />
          <bioguideId>M001188</bioguideId>
        </identifiers>
        <fullName>Rep. Meng, Grace [D-NY-6]</fullName>
      </item>
      <item>
        <bioguideId>L000579</bioguideId>
        <firstName>Alan</firstName>
        <lastName>Lowenthal</lastName>
        <state>CA</state>
        <district>47</district>
        <middleName>S.</middleName>
        <isOriginalCosponsor>True</isOriginalCosponsor>
        <sponsorshipDate>2017-01-13</sponsorshipDate>
        <sponsorshipWithdrawnDate />
        <party>D</party>
        <identifiers>
          <bioguideId>L000579</bioguideId>
          <lisID>2111</lisID>
          <gpoId />
        </identifiers>
        <fullName>Rep. Lowenthal, Alan S. [D-CA-47]</fullName>
      </item>
      <item>
        <bioguideId>M001137</bioguideId>
        <firstName>GREGORY</firstName>
        <lastName>MEEKS</lastName>
        <state>NY</state>
        <district>5</district>
        <middleName>W.</middleName>
        <isOriginalCosponsor>True</isOriginalCosponsor>
        <sponsorshipDate>2017-01-13</sponsorshipDate>
        <sponsorshipWithdrawnDate />
        <party>D</party>
        <identifiers>
          <lisID>1506</lisID>
          <gpoId>8067</gpoId>
          <bioguideId>M001137</bioguideId>
        </identifiers>
        <fullName>Rep. Meeks, Gregory W. [D-NY-5]</fullName>
      </item>
      <item>
        <bioguideId>P000610</bioguideId>
        <firstName>Stacey</firstName>
        <lastName>Plaskett</lastName>
        <state>VI</state>
        <district>0</district>
        <middleName>E.</middleName>
        <isOriginalCosponsor>True</isOriginalCosponsor>
        <sponsorshipDate>2017-01-13</sponsorshipDate>
        <sponsorshipWithdrawnDate />
        <party>D</party>
        <identifiers>
          <bioguideId>P000610</bioguideId>
          <lisID>2274</lisID>
          <gpoId />
        </identifiers>
        <fullName>Rep. Plaskett, Stacey E. [D-VI-At Large]</fullName>
      </item>
      <item>
        <bioguideId>C000984</bioguideId>
        <firstName>ELIJAH</firstName>
        <lastName>CUMMINGS</lastName>
        <state>MD</state>
        <district>7</district>
        <middleName>E.</middleName>
        <isOriginalCosponsor>True</isOriginalCosponsor>
        <sponsorshipDate>2017-01-13</sponsorshipDate>
        <sponsorshipWithdrawnDate />
        <party>D</party>
        <identifiers>
          <lisID>256</lisID>
          <bioguideId>C000984</bioguideId>
          <gpoId>7982</gpoId>
        </identifiers>
        <fullName>Rep. Cummings, Elijah E. [D-MD-7]</fullName>
      </item>
      <item>
        <bioguideId>L000580</bioguideId>
        <firstName>Michelle</firstName>
        <lastName>Lujan Grisham</lastName>
        <state>NM</state>
        <district>1</district>
        <middleName />
        <isOriginalCosponsor>True</isOriginalCosponsor>
        <sponsorshipDate>2017-01-13</sponsorshipDate>
        <sponsorshipWithdrawnDate />
        <party>D</party>
        <identifiers>
          <lisID>2146</lisID>
          <gpoId />
          <bioguideId>L000580</bioguideId>
        </identifiers>
        <fullName>Rep. Lujan Grisham, Michelle [D-NM-1]</fullName>
      </item>
      <item>
        <bioguideId>C001049</bioguideId>
        <firstName>WM.</firstName>
        <lastName>CLAY</lastName>
        <state>MO</state>
        <district>1</district>
        <middleName>LACY</middleName>
        <isOriginalCosponsor>True</isOriginalCosponsor>
        <sponsorshipDate>2017-01-13</sponsorshipDate>
        <sponsorshipWithdrawnDate />
        <party>D</party>
        <identifiers>
          <bioguideId>C001049</bioguideId>
          <gpoId>8009</gpoId>
          <lisID>1654</lisID>
        </identifiers>
        <fullName>Rep. Clay, Wm. Lacy [D-MO-1]</fullName>
      </item>
      <item>
        <bioguideId>J000288</bioguideId>
        <firstName>Henry</firstName>
        <lastName>Johnson</lastName>
        <state>GA</state>
        <district>4</district>
        <middleName>C. "Hank"</middleName>
        <isOriginalCosponsor>True</isOriginalCosponsor>
        <sponsorshipDate>2017-01-13</sponsorshipDate>
        <sponsorshipWithdrawnDate />
        <party>D</party>
        <identifiers>
          <gpoId>7901</gpoId>
          <bioguideId>J000288</bioguideId>
          <lisID>1843</lisID>
        </identifiers>
        <fullName>Rep. Johnson, Henry C. "Hank," Jr. [D-GA-4]</fullName>
      </item>
      <item>
        <bioguideId>D000620</bioguideId>
        <firstName>John</firstName>
        <lastName>Delaney</lastName>
        <state>MD</state>
        <district>6</district>
        <middleName>K.</middleName>
        <isOriginalCosponsor>True</isOriginalCosponsor>
        <sponsorshipDate>2017-01-13</sponsorshipDate>
        <sponsorshipWithdrawnDate />
        <party>D</party>
        <identifiers>
          <bioguideId>D000620</bioguideId>
          <lisID>2133</lisID>
          <gpoId />
        </identifiers>
        <fullName>Rep. Delaney, John K. [D-MD-6]</fullName>
      </item>
      <item>
        <bioguideId>R000515</bioguideId>
        <firstName>BOBBY</firstName>
        <lastName>RUSH</lastName>
        <state>IL</state>
        <district>1</district>
        <middleName>L.</middleName>
        <isOriginalCosponsor>True</isOriginalCosponsor>
        <sponsorshipDate>2017-01-13</sponsorshipDate>
        <sponsorshipWithdrawnDate />
        <party>D</party>
        <identifiers>
          <bioguideId>R000515</bioguideId>
          <lisID>1003</lisID>
          <gpoId>7921</gpoId>
        </identifiers>
        <fullName>Rep. Rush, Bobby L. [D-IL-1]</fullName>
      </item>
      <item>
        <bioguideId>P000593</bioguideId>
        <firstName>Ed</firstName>
        <lastName>Perlmutter</lastName>
        <state>CO</state>
        <district>7</district>
        <middleName />
        <isOriginalCosponsor>True</isOriginalCosponsor>
        <sponsorshipDate>2017-01-13</sponsorshipDate>
        <sponsorshipWithdrawnDate />
        <party>D</party>
        <identifiers>
          <lisID>1835</lisID>
          <bioguideId>P000593</bioguideId>
          <gpoId>7865</gpoId>
        </identifiers>
        <fullName>Rep. Perlmutter, Ed [D-CO-7]</fullName>
      </item>
      <item>
        <bioguideId>G000571</bioguideId>
        <firstName>Tulsi</firstName>
        <lastName>Gabbard</lastName>
        <state>HI</state>
        <district>2</district>
        <middleName />
        <isOriginalCosponsor>True</isOriginalCosponsor>
        <sponsorshipDate>2017-01-13</sponsorshipDate>
        <sponsorshipWithdrawnDate />
        <party>D</party>
        <identifiers>
          <lisID>2122</lisID>
          <gpoId />
          <bioguideId>G000571</bioguideId>
        </identifiers>
        <fullName>Rep. Gabbard, Tulsi [D-HI-2]</fullName>
      </item>
      <item>
        <bioguideId>T000474</bioguideId>
        <firstName>Norma</firstName>
        <lastName>Torres</lastName>
        <state>CA</state>
        <district>35</district>
        <middleName>J.</middleName>
        <isOriginalCosponsor>True</isOriginalCosponsor>
        <sponsorshipDate>2017-01-13</sponsorshipDate>
        <sponsorshipWithdrawnDate />
        <party>D</party>
        <identifiers>
          <bioguideId>T000474</bioguideId>
          <lisID>2231</lisID>
          <gpoId />
        </identifiers>
        <fullName>Rep. Torres, Norma J. [D-CA-35]</fullName>
      </item>
      <item>
        <bioguideId>P000597</bioguideId>
        <firstName>Chellie</firstName>
        <lastName>Pingree</lastName>
        <state>ME</state>
        <district>1</district>
        <middleName />
        <isOriginalCosponsor>True</isOriginalCosponsor>
        <sponsorshipDate>2017-01-13</sponsorshipDate>
        <sponsorshipWithdrawnDate />
        <party>D</party>
        <identifiers>
          <gpoId>7984</gpoId>
          <bioguideId>P000597</bioguideId>
          <lisID>1927</lisID>
        </identifiers>
        <fullName>Rep. Pingree, Chellie [D-ME-1]</fullName>
      </item>
      <item>
        <bioguideId>L000480</bioguideId>
        <firstName>NITA</firstName>
        <lastName>LOWEY</lastName>
        <state>NY</state>
        <district>17</district>
        <middleName>M.</middleName>
        <isOriginalCosponsor>True</isOriginalCosponsor>
        <sponsorshipDate>2017-01-13</sponsorshipDate>
        <sponsorshipWithdrawnDate />
        <party>D</party>
        <identifiers>
          <lisID>709</lisID>
          <gpoId>8079</gpoId>
          <bioguideId>L000480</bioguideId>
        </identifiers>
        <fullName>Rep. Lowey, Nita M. [D-NY-17]</fullName>
      </item>
      <item>
        <bioguideId>H001038</bioguideId>
        <firstName>Brian</firstName>
        <lastName>Higgins</lastName>
        <state>NY</state>
        <district>26</district>
        <middleName />
        <isOriginalCosponsor>True</isOriginalCosponsor>
        <sponsorshipDate>2017-01-13</sponsorshipDate>
        <sponsorshipWithdrawnDate />
        <party>D</party>
        <identifiers>
          <bioguideId>H001038</bioguideId>
          <lisID>1794</lisID>
          <gpoId>8088</gpoId>
        </identifiers>
        <fullName>Rep. Higgins, Brian [D-NY-26]</fullName>
      </item>
      <item>
        <bioguideId>C001069</bioguideId>
        <firstName>Joe</firstName>
        <lastName>Courtney</lastName>
        <state>CT</state>
        <district>2</district>
        <middleName />
        <isOriginalCosponsor>True</isOriginalCosponsor>
        <sponsorshipDate>2017-01-13</sponsorshipDate>
        <sponsorshipWithdrawnDate />
        <party>D</party>
        <identifiers>
          <bioguideId>C001069</bioguideId>
          <gpoId>7867</gpoId>
          <lisID>1836</lisID>
        </identifiers>
        <fullName>Rep. Courtney, Joe [D-CT-2]</fullName>
      </item>
      <item>
        <bioguideId>B001270</bioguideId>
        <firstName>Karen</firstName>
        <lastName>Bass</lastName>
        <state>CA</state>
        <district>37</district>
        <middleName />
        <isOriginalCosponsor>True</isOriginalCosponsor>
        <sponsorshipDate>2017-01-13</sponsorshipDate>
        <sponsorshipWithdrawnDate />
        <party>D</party>
        <identifiers>
          <gpoId>7838</gpoId>
          <bioguideId>B001270</bioguideId>
          <lisID>1996</lisID>
        </identifiers>
        <fullName>Rep. Bass, Karen [D-CA-37]</fullName>
      </item>
      <item>
        <bioguideId>S001201</bioguideId>
        <firstName>Thomas</firstName>
        <lastName>Suozzi</lastName>
        <state>NY</state>
        <district>3</district>
        <middleName>R.</middleName>
        <isOriginalCosponsor>True</isOriginalCosponsor>
        <sponsorshipDate>2017-01-13</sponsorshipDate>
        <sponsorshipWithdrawnDate />
        <party>D</party>
        <identifiers>
          <lisID>2341</lisID>
          <bioguideId>S001201</bioguideId>
          <gpoId />
        </identifiers>
        <fullName>Rep. Suozzi, Thomas R. [D-NY-3]</fullName>
      </item>
      <item>
        <bioguideId>N000002</bioguideId>
        <firstName>JERROLD</firstName>
        <lastName>NADLER</lastName>
        <state>NY</state>
        <district>10</district>
        <middleName />
        <isOriginalCosponsor>True</isOriginalCosponsor>
        <sponsorshipDate>2017-01-13</sponsorshipDate>
        <sponsorshipWithdrawnDate />
        <party>D</party>
        <identifiers>
          <gpoId>8069</gpoId>
          <lisID>850</lisID>
          <bioguideId>N000002</bioguideId>
        </identifiers>
        <fullName>Rep. Nadler, Jerrold [D-NY-10]</fullName>
      </item>
      <item>
        <bioguideId>C001111</bioguideId>
        <firstName>Charlie</firstName>
        <lastName>Crist</lastName>
        <state>FL</state>
        <district>13</district>
        <middleName />
        <isOriginalCosponsor>True</isOriginalCosponsor>
        <sponsorshipDate>2017-01-13</sponsorshipDate>
        <sponsorshipWithdrawnDate />
        <party>D</party>
        <identifiers>
          <gpoId />
          <lisID>2321</lisID>
          <bioguideId>C001111</bioguideId>
        </identifiers>
        <fullName>Rep. Crist, Charlie [D-FL-13]</fullName>
      </item>
      <item>
        <bioguideId>E000293</bioguideId>
        <firstName>Elizabeth</firstName>
        <lastName>Esty</lastName>
        <state>CT</state>
        <district>5</district>
        <middleName>H.</middleName>
        <isOriginalCosponsor>True</isOriginalCosponsor>
        <sponsorshipDate>2017-01-13</sponsorshipDate>
        <sponsorshipWithdrawnDate />
        <party>D</party>
        <identifiers>
          <bioguideId>E000293</bioguideId>
          <lisID>2114</lisID>
          <gpoId />
        </identifiers>
        <fullName>Rep. Esty, Elizabeth H. [D-CT-5]</fullName>
      </item>
      <item>
        <bioguideId>M000087</bioguideId>
        <firstName>CAROLYN</firstName>
        <lastName>MALONEY</lastName>
        <state>NY</state>
        <district>12</district>
        <middleName>B.</middleName>
        <isOriginalCosponsor>True</isOriginalCosponsor>
        <sponsorshipDate>2017-01-13</sponsorshipDate>
        <sponsorshipWithdrawnDate />
        <party>D</party>
        <identifiers>
          <bioguideId>M000087</bioguideId>
          <lisID>729</lisID>
          <gpoId>8075</gpoId>
        </identifiers>
        <fullName>Rep. Maloney, Carolyn B. [D-NY-12]</fullName>
      </item>
      <item>
        <bioguideId>L000562</bioguideId>
        <firstName>Stephen</firstName>
        <lastName>Lynch</lastName>
        <state>MA</state>
        <district>8</district>
        <middleName>F.</middleName>
        <isOriginalCosponsor>True</isOriginalCosponsor>
        <sponsorshipDate>2017-01-13</sponsorshipDate>
        <sponsorshipWithdrawnDate />
        <party>D</party>
        <identifiers>
          <bioguideId>L000562</bioguideId>
          <lisID>1686</lisID>
          <gpoId>7974</gpoId>
        </identifiers>
        <fullName>Rep. Lynch, Stephen F. [D-MA-8]</fullName>
      </item>
      <item>
        <bioguideId>M001196</bioguideId>
        <firstName>Seth</firstName>
        <lastName>Moulton</lastName>
        <state>MA</state>
        <district>6</district>
        <middleName />
        <isOriginalCosponsor>True</isOriginalCosponsor>
        <sponsorshipDate>2017-01-13</sponsorshipDate>
        <sponsorshipWithdrawnDate />
        <party>D</party>
        <identifiers>
          <lisID>2246</lisID>
          <bioguideId>M001196</bioguideId>
          <gpoId />
        </identifiers>
        <fullName>Rep. Moulton, Seth [D-MA-6]</fullName>
      </item>
      <item>
        <bioguideId>S001150</bioguideId>
        <firstName>ADAM</firstName>
        <lastName>SCHIFF</lastName>
        <state>CA</state>
        <district>28</district>
        <middleName>B.</middleName>
        <isOriginalCosponsor>True</isOriginalCosponsor>
        <sponsorshipDate>2017-01-13</sponsorshipDate>
        <sponsorshipWithdrawnDate />
        <party>D</party>
        <identifiers>
          <bioguideId>S001150</bioguideId>
          <lisID>1635</lisID>
          <gpoId>7834</gpoId>
        </identifiers>
        <fullName>Rep. Schiff, Adam B. [D-CA-28]</fullName>
      </item>
      <item>
        <bioguideId>C001067</bioguideId>
        <firstName>Yvette</firstName>
        <lastName>Clarke</lastName>
        <state>NY</state>
        <district>9</district>
        <middleName>D.</middleName>
        <isOriginalCosponsor>True</isOriginalCosponsor>
        <sponsorshipDate>2017-01-13</sponsorshipDate>
        <sponsorshipWithdrawnDate />
        <party>D</party>
        <identifiers>
          <bioguideId>C001067</bioguideId>
          <lisID>1864</lisID>
          <gpoId>8072</gpoId>
        </identifiers>
        <fullName>Rep. Clarke, Yvette D. [D-NY-9]</fullName>
      </item>
      <item>
        <bioguideId>W000808</bioguideId>
        <firstName>Frederica</firstName>
        <lastName>Wilson</lastName>
        <state>FL</state>
        <district>24</district>
        <middleName>S.</middleName>
        <isOriginalCosponsor>True</isOriginalCosponsor>
        <sponsorshipDate>2017-01-13</sponsorshipDate>
        <sponsorshipWithdrawnDate />
        <party>D</party>
        <identifiers>
          <gpoId>7889</gpoId>
          <lisID>2004</lisID>
          <bioguideId>W000808</bioguideId>
        </identifiers>
        <fullName>Rep. Wilson, Frederica S. [D-FL-24]</fullName>
      </item>
      <item>
        <bioguideId>B001278</bioguideId>
        <firstName>Suzanne</firstName>
        <lastName>Bonamici</lastName>
        <state>OR</state>
        <district>1</district>
        <middleName />
        <isOriginalCosponsor>True</isOriginalCosponsor>
        <sponsorshipDate>2017-01-13</sponsorshipDate>
        <sponsorshipWithdrawnDate />
        <party>D</party>
        <identifiers>
          <bioguideId>B001278</bioguideId>
          <gpoId>8367</gpoId>
          <lisID>2092</lisID>
        </identifiers>
        <fullName>Rep. Bonamici, Suzanne [D-OR-1]</fullName>
      </item>
      <item>
        <bioguideId>H000324</bioguideId>
        <firstName>ALCEE</firstName>
        <lastName>HASTINGS</lastName>
        <state>FL</state>
        <district>20</district>
        <middleName>L.</middleName>
        <isOriginalCosponsor>True</isOriginalCosponsor>
        <sponsorshipDate>2017-01-13</sponsorshipDate>
        <sponsorshipWithdrawnDate />
        <party>D</party>
        <identifiers>
          <gpoId>7895</gpoId>
          <bioguideId>H000324</bioguideId>
          <lisID>511</lisID>
        </identifiers>
        <fullName>Rep. Hastings, Alcee L. [D-FL-20]</fullName>
      </item>
      <item>
        <bioguideId>C001068</bioguideId>
        <firstName>Steve</firstName>
        <lastName>Cohen</lastName>
        <state>TN</state>
        <district>9</district>
        <middleName />
        <isOriginalCosponsor>True</isOriginalCosponsor>
        <sponsorshipDate>2017-01-13</sponsorshipDate>
        <sponsorshipWithdrawnDate />
        <party>D</party>
        <identifiers>
          <bioguideId>C001068</bioguideId>
          <lisID>1878</lisID>
          <gpoId>8156</gpoId>
        </identifiers>
        <fullName>Rep. Cohen, Steve [D-TN-9]</fullName>
      </item>
      <item>
        <bioguideId>B001286</bioguideId>
        <firstName>Cheri</firstName>
        <lastName>Bustos</lastName>
        <state>IL</state>
        <district>17</district>
        <middleName />
        <isOriginalCosponsor>True</isOriginalCosponsor>
        <sponsorshipDate>2017-01-13</sponsorshipDate>
        <sponsorshipWithdrawnDate />
        <party>D</party>
        <identifiers>
          <gpoId />
          <bioguideId>B001286</bioguideId>
          <lisID>2127</lisID>
        </identifiers>
        <fullName>Rep. Bustos, Cheri [D-IL-17]</fullName>
      </item>
      <item>
        <bioguideId>K000188</bioguideId>
        <firstName>RON</firstName>
        <lastName>KIND</lastName>
        <state>WI</state>
        <district>3</district>
        <middleName />
        <isOriginalCosponsor>True</isOriginalCosponsor>
        <sponsorshipDate>2017-01-13</sponsorshipDate>
        <sponsorshipWithdrawnDate />
        <party>D</party>
        <identifiers>
          <lisID>1498</lisID>
          <gpoId>8216</gpoId>
          <bioguideId>K000188</bioguideId>
        </identifiers>
        <fullName>Rep. Kind, Ron [D-WI-3]</fullName>
      </item>
      <item>
        <bioguideId>Q000023</bioguideId>
        <firstName>Mike</firstName>
        <lastName>Quigley</lastName>
        <state>IL</state>
        <district>5</district>
        <middleName />
        <isOriginalCosponsor>True</isOriginalCosponsor>
        <sponsorshipDate>2017-01-13</sponsorshipDate>
        <sponsorshipWithdrawnDate />
        <party>D</party>
        <identifiers>
          <bioguideId>Q000023</bioguideId>
          <lisID>1967</lisID>
          <gpoId>7925</gpoId>
        </identifiers>
        <fullName>Rep. Quigley, Mike [D-IL-5]</fullName>
      </item>
      <item>
        <bioguideId>V000081</bioguideId>
        <firstName>NYDIA</firstName>
        <lastName>VELAZQUEZ</lastName>
        <state>NY</state>
        <district>7</district>
        <middleName>M.</middleName>
        <isOriginalCosponsor>True</isOriginalCosponsor>
        <sponsorshipDate>2017-01-13</sponsorshipDate>
        <sponsorshipWithdrawnDate />
        <party>D</party>
        <identifiers>
          <lisID>1184</lisID>
          <bioguideId>V000081</bioguideId>
          <gpoId>8073</gpoId>
        </identifiers>
        <fullName>Rep. Velazquez, Nydia M. [D-NY-7]</fullName>
      </item>
      <item>
        <bioguideId>C001080</bioguideId>
        <firstName>Judy</firstName>
        <lastName>Chu</lastName>
        <state>CA</state>
        <district>27</district>
        <middleName />
        <isOriginalCosponsor>False</isOriginalCosponsor>
        <sponsorshipDate>2017-01-23</sponsorshipDate>
        <sponsorshipWithdrawnDate />
        <party>D</party>
        <identifiers>
          <lisID>1970</lisID>
          <bioguideId>C001080</bioguideId>
          <gpoId>7837</gpoId>
        </identifiers>
        <fullName>Rep. Chu, Judy [D-CA-27]</fullName>
      </item>
      <item>
        <bioguideId>L000551</bioguideId>
        <firstName>BARBARA</firstName>
        <lastName>LEE</lastName>
        <state>CA</state>
        <district>13</district>
        <middleName />
        <isOriginalCosponsor>False</isOriginalCosponsor>
        <sponsorshipDate>2017-01-23</sponsorshipDate>
        <sponsorshipWithdrawnDate />
        <party>D</party>
        <identifiers>
          <bioguideId>L000551</bioguideId>
          <lisID>1501</lisID>
          <gpoId>7814</gpoId>
        </identifiers>
        <fullName>Rep. Lee, Barbara [D-CA-13]</fullName>
      </item>
      <item>
        <bioguideId>B001245</bioguideId>
        <firstName>Madeleine</firstName>
        <lastName>Bordallo</lastName>
        <state>GU</state>
        <district>0</district>
        <middleName>Z.</middleName>
        <isOriginalCosponsor>False</isOriginalCosponsor>
        <sponsorshipDate>2017-02-07</sponsorshipDate>
        <sponsorshipWithdrawnDate />
        <party>D</party>
        <identifiers>
          <lisID>1723</lisID>
          <gpoId>7911</gpoId>
          <bioguideId>B001245</bioguideId>
        </identifiers>
        <fullName>Rep. Bordallo, Madeleine Z. [D-GU-At Large]</fullName>
      </item>
      <item>
        <bioguideId>V000130</bioguideId>
        <firstName>Juan</firstName>
        <lastName>Vargas</lastName>
        <state>CA</state>
        <district>51</district>
        <middleName />
        <isOriginalCosponsor>False</isOriginalCosponsor>
        <sponsorshipDate>2017-02-09</sponsorshipDate>
        <sponsorshipWithdrawnDate />
        <party>D</party>
        <identifiers>
          <lisID>2112</lisID>
          <gpoId />
          <bioguideId>V000130</bioguideId>
        </identifiers>
        <fullName>Rep. Vargas, Juan [D-CA-51]</fullName>
      </item>
      <item>
        <bioguideId>R000602</bioguideId>
        <firstName>Kathleen</firstName>
        <lastName>Rice</lastName>
        <state>NY</state>
        <district>4</district>
        <middleName>M.</middleName>
        <isOriginalCosponsor>False</isOriginalCosponsor>
        <sponsorshipDate>2017-02-09</sponsorshipDate>
        <sponsorshipWithdrawnDate />
        <party>D</party>
        <identifiers>
          <lisID>2262</lisID>
          <gpoId />
          <bioguideId>R000602</bioguideId>
        </identifiers>
        <fullName>Rep. Rice, Kathleen M. [D-NY-4]</fullName>
      </item>
      <item>
        <bioguideId>S001145</bioguideId>
        <firstName>JANICE</firstName>
        <lastName>SCHAKOWSKY</lastName>
        <state>IL</state>
        <district>9</district>
        <middleName>D.</middleName>
        <isOriginalCosponsor>False</isOriginalCosponsor>
        <sponsorshipDate>2017-02-13</sponsorshipDate>
        <sponsorshipWithdrawnDate />
        <party>D</party>
        <identifiers>
          <bioguideId>S001145</bioguideId>
          <gpoId>7929</gpoId>
          <lisID>1588</lisID>
        </identifiers>
        <fullName>Rep. Schakowsky, Janice D. [D-IL-9]</fullName>
      </item>
      <item>
        <bioguideId>Y000062</bioguideId>
        <firstName>John</firstName>
        <lastName>Yarmuth</lastName>
        <state>KY</state>
        <district>3</district>
        <middleName>A.</middleName>
        <isOriginalCosponsor>False</isOriginalCosponsor>
        <sponsorshipDate>2017-02-13</sponsorshipDate>
        <sponsorshipWithdrawnDate />
        <party>D</party>
        <identifiers>
          <bioguideId>Y000062</bioguideId>
          <gpoId>7955</gpoId>
          <lisID>1853</lisID>
        </identifiers>
        <fullName>Rep. Yarmuth, John A. [D-KY-3]</fullName>
      </item>
      <item>
        <bioguideId>K000390</bioguideId>
        <firstName>Ruben</firstName>
        <lastName>Kihuen</lastName>
        <state>NV</state>
        <district>4</district>
        <middleName>J.</middleName>
        <isOriginalCosponsor>False</isOriginalCosponsor>
        <sponsorshipDate>2017-02-13</sponsorshipDate>
        <sponsorshipWithdrawnDate />
        <party>D</party>
        <identifiers>
          <gpoId />
          <bioguideId>K000390</bioguideId>
          <lisID>2340</lisID>
        </identifiers>
        <fullName>Rep. Kihuen, Ruben J. [D-NV-4]</fullName>
      </item>
      <item>
        <bioguideId>S001175</bioguideId>
        <firstName>Jackie</firstName>
        <lastName>Speier</lastName>
        <state>CA</state>
        <district>14</district>
        <middleName />
        <isOriginalCosponsor>False</isOriginalCosponsor>
        <sponsorshipDate>2017-02-14</sponsorshipDate>
        <sponsorshipWithdrawnDate />
        <party>D</party>
        <identifiers>
          <bioguideId>S001175</bioguideId>
          <lisID>1890</lisID>
          <gpoId>7817</gpoId>
        </identifiers>
        <fullName>Rep. Speier, Jackie [D-CA-14]</fullName>
      </item>
      <item>
        <bioguideId>M001143</bioguideId>
        <firstName>BETTY</firstName>
        <lastName>MCCOLLUM</lastName>
        <state>MN</state>
        <district>4</district>
        <middleName />
        <isOriginalCosponsor>False</isOriginalCosponsor>
        <sponsorshipDate>2017-02-15</sponsorshipDate>
        <sponsorshipWithdrawnDate />
        <party>D</party>
        <identifiers>
          <bioguideId>M001143</bioguideId>
          <lisID>1653</lisID>
          <gpoId>8004</gpoId>
        </identifiers>
        <fullName>Rep. McCollum, Betty [D-MN-4]</fullName>
      </item>
      <item>
        <bioguideId>L000263</bioguideId>
        <firstName>SANDER</firstName>
        <lastName>LEVIN</lastName>
        <state>MI</state>
        <district>9</district>
        <middleName>M.</middleName>
        <isOriginalCosponsor>False</isOriginalCosponsor>
        <sponsorshipDate>2017-02-15</sponsorshipDate>
        <sponsorshipWithdrawnDate />
        <party>D</party>
        <identifiers>
          <bioguideId>L000263</bioguideId>
          <gpoId>7997</gpoId>
          <lisID>683</lisID>
        </identifiers>
        <fullName>Rep. Levin, Sander M. [D-MI-9]</fullName>
      </item>
      <item>
        <bioguideId>R000606</bioguideId>
        <firstName>Jamie</firstName>
        <lastName>Raskin</lastName>
        <state>MD</state>
        <district>8</district>
        <middleName />
        <isOriginalCosponsor>False</isOriginalCosponsor>
        <sponsorshipDate>2017-02-21</sponsorshipDate>
        <sponsorshipWithdrawnDate />
        <party>D</party>
        <identifiers>
          <lisID>2332</lisID>
          <gpoId />
          <bioguideId>R000606</bioguideId>
        </identifiers>
        <fullName>Rep. Raskin, Jamie [D-MD-8]</fullName>
      </item>
      <item>
        <bioguideId>N000179</bioguideId>
        <firstName>GRACE</firstName>
        <lastName>NAPOLITANO</lastName>
        <state>CA</state>
        <district>32</district>
        <middleName>F.</middleName>
        <isOriginalCosponsor>False</isOriginalCosponsor>
        <sponsorshipDate>2017-03-07</sponsorshipDate>
        <sponsorshipWithdrawnDate />
        <party>D</party>
        <identifiers>
          <lisID>1602</lisID>
          <bioguideId>N000179</bioguideId>
          <gpoId>7843</gpoId>
        </identifiers>
        <fullName>Rep. Napolitano, Grace F. [D-CA-32]</fullName>
      </item>
      <item>
        <bioguideId>G000535</bioguideId>
        <firstName>LUIS</firstName>
        <lastName>GUTIERREZ</lastName>
        <state>IL</state>
        <district>4</district>
        <middleName>V.</middleName>
        <isOriginalCosponsor>False</isOriginalCosponsor>
        <sponsorshipDate>2017-03-07</sponsorshipDate>
        <sponsorshipWithdrawnDate />
        <party>D</party>
        <identifiers>
          <bioguideId>G000535</bioguideId>
          <lisID>478</lisID>
          <gpoId>7924</gpoId>
        </identifiers>
        <fullName>Rep. Gutierrez, Luis V. [D-IL-4]</fullName>
      </item>
      <item>
        <bioguideId>T000460</bioguideId>
        <firstName>MIKE</firstName>
        <lastName>THOMPSON</lastName>
        <state>CA</state>
        <district>5</district>
        <middleName />
        <isOriginalCosponsor>False</isOriginalCosponsor>
        <sponsorshipDate>2017-03-07</sponsorshipDate>
        <sponsorshipWithdrawnDate />
        <party>D</party>
        <identifiers>
          <gpoId>7806</gpoId>
          <lisID>1593</lisID>
          <bioguideId>T000460</bioguideId>
        </identifiers>
        <fullName>Rep. Thompson, Mike [D-CA-5]</fullName>
      </item>
      <item>
        <bioguideId>P000598</bioguideId>
        <firstName>Jared</firstName>
        <lastName>Polis</lastName>
        <state>CO</state>
        <district>2</district>
        <middleName />
        <isOriginalCosponsor>False</isOriginalCosponsor>
        <sponsorshipDate>2017-03-07</sponsorshipDate>
        <sponsorshipWithdrawnDate />
        <party>D</party>
        <identifiers>
          <gpoId>7860</gpoId>
          <lisID>1910</lisID>
          <bioguideId>P000598</bioguideId>
        </identifiers>
        <fullName>Rep. Polis, Jared [D-CO-2]</fullName>
      </item>
      <item>
        <bioguideId>E000288</bioguideId>
        <firstName>Keith</firstName>
        <lastName>Ellison</lastName>
        <state>MN</state>
        <district>5</district>
        <middleName />
        <isOriginalCosponsor>False</isOriginalCosponsor>
        <sponsorshipDate>2017-03-08</sponsorshipDate>
        <sponsorshipWithdrawnDate />
        <party>D</party>
        <identifiers>
          <gpoId>8005</gpoId>
          <bioguideId>E000288</bioguideId>
          <lisID>1857</lisID>
        </identifiers>
        <fullName>Rep. Ellison, Keith [D-MN-5]</fullName>
      </item>
      <item>
        <bioguideId>P000607</bioguideId>
        <firstName>Mark</firstName>
        <lastName>Pocan</lastName>
        <state>WI</state>
        <district>2</district>
        <middleName />
        <isOriginalCosponsor>False</isOriginalCosponsor>
        <sponsorshipDate>2017-03-13</sponsorshipDate>
        <sponsorshipWithdrawnDate />
        <party>D</party>
        <identifiers>
          <gpoId />
          <lisID>2171</lisID>
          <bioguideId>P000607</bioguideId>
        </identifiers>
        <fullName>Rep. Pocan, Mark [D-WI-2]</fullName>
      </item>
      <item>
        <bioguideId>H001047</bioguideId>
        <firstName>James</firstName>
        <lastName>Himes</lastName>
        <state>CT</state>
        <district>4</district>
        <middleName>A.</middleName>
        <isOriginalCosponsor>False</isOriginalCosponsor>
        <sponsorshipDate>2017-03-17</sponsorshipDate>
        <sponsorshipWithdrawnDate />
        <party>D</party>
        <identifiers>
          <bioguideId>H001047</bioguideId>
          <lisID>1913</lisID>
          <gpoId>7869</gpoId>
        </identifiers>
        <fullName>Rep. Himes, James A. [D-CT-4]</fullName>
      </item>
      <item>
        <bioguideId>C001101</bioguideId>
        <firstName>Katherine</firstName>
        <lastName>Clark</lastName>
        <state>MA</state>
        <district>5</district>
        <middleName>M.</middleName>
        <isOriginalCosponsor>False</isOriginalCosponsor>
        <sponsorshipDate>2017-03-21</sponsorshipDate>
        <sponsorshipWithdrawnDate />
        <party>D</party>
        <identifiers>
          <gpoId />
          <bioguideId>C001101</bioguideId>
          <lisID>2196</lisID>
        </identifiers>
        <fullName>Rep. Clark, Katherine M. [D-MA-5]</fullName>
      </item>
      <item>
        <bioguideId>G000551</bioguideId>
        <firstName>Raul</firstName>
        <lastName>Grijalva</lastName>
        <state>AZ</state>
        <district>3</district>
        <middleName>M.</middleName>
        <isOriginalCosponsor>False</isOriginalCosponsor>
        <sponsorshipDate>2017-03-22</sponsorshipDate>
        <sponsorshipWithdrawnDate />
        <party>D</party>
        <identifiers>
          <bioguideId>G000551</bioguideId>
          <lisID>1708</lisID>
          <gpoId>7804</gpoId>
        </identifiers>
        <fullName>Rep. Grijalva, Raul M. [D-AZ-3]</fullName>
      </item>
      <item>
        <bioguideId>L000559</bioguideId>
        <firstName>JAMES</firstName>
        <lastName>LANGEVIN</lastName>
        <state>RI</state>
        <district>2</district>
        <middleName>R.</middleName>
        <isOriginalCosponsor>False</isOriginalCosponsor>
        <sponsorshipDate>2017-03-28</sponsorshipDate>
        <sponsorshipWithdrawnDate />
        <party>D</party>
        <identifiers>
          <gpoId>8140</gpoId>
          <bioguideId>L000559</bioguideId>
          <lisID>1668</lisID>
        </identifiers>
        <fullName>Rep. Langevin, James R. [D-RI-2]</fullName>
      </item>
      <item>
        <bioguideId>J000298</bioguideId>
        <firstName>Pramila</firstName>
        <lastName>Jayapal</lastName>
        <state>WA</state>
        <district>7</district>
        <middleName />
        <isOriginalCosponsor>False</isOriginalCosponsor>
        <sponsorshipDate>2017-04-03</sponsorshipDate>
        <sponsorshipWithdrawnDate />
        <party>D</party>
        <identifiers>
          <bioguideId>J000298</bioguideId>
          <gpoId />
          <lisID>2354</lisID>
        </identifiers>
        <fullName>Rep. Jayapal, Pramila [D-WA-7]</fullName>
      </item>
      <item>
        <bioguideId>K000379</bioguideId>
        <firstName>Joseph</firstName>
        <lastName>Kennedy</lastName>
        <state>MA</state>
        <district>4</district>
        <middleName>P.</middleName>
        <isOriginalCosponsor>False</isOriginalCosponsor>
        <sponsorshipDate>2017-04-04</sponsorshipDate>
        <sponsorshipWithdrawnDate />
        <party>D</party>
        <identifiers>
          <lisID>2172</lisID>
          <gpoId />
          <bioguideId>K000379</bioguideId>
        </identifiers>
        <fullName>Rep. Kennedy, Joseph P., III [D-MA-4]</fullName>
      </item>
      <item>
        <bioguideId>H001064</bioguideId>
        <firstName>Denny</firstName>
        <lastName>Heck</lastName>
        <state>WA</state>
        <district>10</district>
        <middleName />
        <isOriginalCosponsor>False</isOriginalCosponsor>
        <sponsorshipDate>2018-03-01</sponsorshipDate>
        <sponsorshipWithdrawnDate />
        <party>D</party>
        <identifiers>
          <bioguideId>H001064</bioguideId>
          <gpoId />
          <lisID>2170</lisID>
        </identifiers>
        <fullName>Rep. Heck, Denny [D-WA-10]</fullName>
      </item>
    </cosponsors>
  </bill>
  <dublinCore xmlns:dc="http://purl.org/dc/elements/1.1/">
    <dc:format>text/xml</dc:format>
    <dc:language>EN</dc:language>
    <dc:rights>Pursuant to Title 17 Section 105 of the United States Code, this file is not subject to copyright protection and is in the public domain.</dc:rights>
    <dc:contributor>Congressional Research Service, Library of Congress</dc:contributor>
    <dc:description>This file contains bill summaries and statuses for federal legislation. A bill summary describes the most significant provisions of a piece of legislation and details the effects the legislative text may have on current law and federal programs. Bill summaries are authored by the Congressional Research Service (CRS) of the Library of Congress. As stated in Public Law 91-510 (2 USC 166 (d)(6)), one of the duties of CRS is "to prepare summaries and digests of bills and resolutions of a public general nature introduced in the Senate or House of Representatives". For more information, refer to the User Guide that accompanies this file.</dc:description>
  </dublinCore>
</billStatus>

