<?xml version="1.0" encoding="UTF-8"?>
<billStatus>
  <bill>
    <cosponsors>
      <item>
        <isOriginalCosponsor>True</isOriginalCosponsor>
        <firstName>Brett</firstName>
        <party>R</party>
        <sponsorshipDate>2017-01-03</sponsorshipDate>
        <lastName>Guthrie</lastName>
        <bioguideId>G000558</bioguideId>
        <middleName />
        <identifiers>
          <lisID>1922</lisID>
          <bioguideId>G000558</bioguideId>
          <gpoId>7954</gpoId>
        </identifiers>
        <fullName>Rep. Guthrie, Brett [R-KY-2]</fullName>
        <state>KY</state>
        <district>2</district>
        <sponsorshipWithdrawnDate />
      </item>
    </cosponsors>
    <congress>115</congress>
    <committees>
      <billCommittees>
        <item>
          <systemCode>hsif00</systemCode>
          <chamber>House</chamber>
          <type>Standing</type>
          <activities>
            <item>
              <name>Referred to</name>
              <date>2017-01-03T17:18:05Z</date>
            </item>
          </activities>
          <name>Energy and Commerce Committee</name>
          <subcommittees>
            <item>
              <systemCode>hsif14</systemCode>
              <name>Health Subcommittee</name>
              <activities>
                <item>
                  <name>Referred to</name>
                  <date>2017-01-25T14:13:02Z</date>
                </item>
              </activities>
            </item>
          </subcommittees>
        </item>
      </billCommittees>
    </committees>
    <constitutionalAuthorityStatementText><![CDATA[<pre>From the Congressional Record Online through the Government Publishing Office [<a href='http://www.gpo.gov'>www.gpo.gov</a>]By Mr. MULLIN:H.R. 180.Congress has the power to enact this legislation pursuantto the following:Article I, Section 8, Clause 3 of the United StatesConstitution[Page H51]</pre>]]></constitutionalAuthorityStatementText>
    <laws />
    <titles>
      <item>
        <chamberName />
        <parentTitleType />
        <chamberCode />
        <titleType>Official Title as Introduced</titleType>
        <title>To amend title XIX of the Social Security Act to eliminate the requirement for 3 months of retroactive coverage under the Medicaid program.</title>
      </item>
      <item>
        <chamberName />
        <parentTitleType />
        <chamberCode />
        <titleType>Display Title</titleType>
        <title>To amend title XIX of the Social Security Act to eliminate the requirement for 3 months of retroactive coverage under the Medicaid program.</title>
      </item>
    </titles>
    <billType>HR</billType>
    <amendments />
    <recordedVotes />
    <actions>
      <actionByCounts>
        <houseOfRepresentatives>4</houseOfRepresentatives>
      </actionByCounts>
      <actionTypeCounts>
        <placeholderTextForH>1</placeholderTextForH>
        <billReferrals>1</billReferrals>
        <introducedInHouse>1</introducedInHouse>
        <introducedInTheHouse>1</introducedInTheHouse>
      </actionTypeCounts>
      <item>
        <actionDate>2017-01-25</actionDate>
        <committee>
          <systemCode>hsif14</systemCode>
          <name>Health Subcommittee</name>
        </committee>
        <links />
        <sourceSystem>
          <name>House committee actions</name>
          <code>1</code>
        </sourceSystem>
        <text>Referred to the Subcommittee on Health.</text>
        <type>Committee</type>
      </item>
      <item>
        <sourceSystem>
          <name>House floor actions</name>
          <code>2</code>
        </sourceSystem>
        <actionDate>2017-01-03</actionDate>
        <text>Referred to the House Committee on Energy and Commerce.</text>
        <type>IntroReferral</type>
        <links />
        <committee>
          <systemCode>hsif00</systemCode>
          <name>Energy and Commerce Committee</name>
        </committee>
        <actionCode>H11100</actionCode>
      </item>
      <item>
        <sourceSystem>
          <name>Library of Congress</name>
          <code>9</code>
        </sourceSystem>
        <actionDate>2017-01-03</actionDate>
        <text>Introduced in House</text>
        <type>IntroReferral</type>
        <links />
        <committee />
        <actionCode>Intro-H</actionCode>
      </item>
      <item>
        <sourceSystem>
          <name>Library of Congress</name>
          <code>9</code>
        </sourceSystem>
        <actionDate>2017-01-03</actionDate>
        <text>Introduced in House</text>
        <type>IntroReferral</type>
        <links />
        <committee />
        <actionCode>1000</actionCode>
      </item>
    </actions>
    <introducedDate>2017-01-03</introducedDate>
    <relatedBills>
      <item>
        <congress>115</congress>
        <latestAction>
          <actionDate>2017-07-28</actionDate>
          <text>Returned to the Calendar. Calendar No. 120.</text>
        </latestAction>
        <type>HR</type>
        <latestTitle>American Health Care Act of 2017</latestTitle>
        <number>1628</number>
        <relationshipDetails>
          <item>
            <type>Related bill</type>
            <identifiedBy>CRS</identifiedBy>
          </item>
        </relationshipDetails>
      </item>
    </relatedBills>
    <committeeReports />
    <calendarNumbers />
    <billNumber>180</billNumber>
    <summaries>
      <billSummaries>
        <item>
          <versionCode>00</versionCode>
          <text><![CDATA[<p>This bill amends title XIX (Medicaid) of the Social Security Act to eliminate the requirement for up to three months of retroactive coverage under Medicaid. </p> <p>Under current law, a state&nbsp;Medicaid program&nbsp;must provide coverage for up to three months prior to an individual's application for benefits if the individual would have been eligible for benefits during that period. The bill eliminates this requirement and instead specifies that coverage begins&nbsp;in the month&nbsp;during which the individual applies for benefits.</p>]]></text>
          <actionDesc>Introduced in House</actionDesc>
          <actionDate>2017-01-03</actionDate>
          <lastSummaryUpdateDate>2017-01-17T22:22:41Z</lastSummaryUpdateDate>
          <name>Introduced in House</name>
          <updateDate>2017-01-03T05:00:00Z</updateDate>
        </item>
      </billSummaries>
    </summaries>
    <cboCostEstimates />
    <updateDate>2018-02-06T16:40:30Z</updateDate>
    <policyArea>
      <name>Health</name>
    </policyArea>
    <latestAction>
      <text>Referred to the Subcommittee on Health.</text>
      <actionDate>2017-01-25</actionDate>
      <links />
    </latestAction>
    <version>1.0.0</version>
    <subjects>
      <billSubjects>
        <policyArea>
          <name>Health</name>
        </policyArea>
        <legislativeSubjects>
          <item>
            <name>Health care coverage and access</name>
          </item>
          <item>
            <name>Medicaid</name>
          </item>
        </legislativeSubjects>
      </billSubjects>
    </subjects>
    <title>To amend title XIX of the Social Security Act to eliminate the requirement for 3 months of retroactive coverage under the Medicaid program.</title>
    <originChamber>House</originChamber>
    <sponsors>
      <item>
        <byRequestType />
        <district>2</district>
        <party>R</party>
        <fullName>Rep. Mullin, Markwayne [R-OK-2]</fullName>
        <lastName>Mullin</lastName>
        <state>OK</state>
        <bioguideId>M001190</bioguideId>
        <middleName />
        <firstName>Markwayne</firstName>
        <identifiers>
          <gpoId />
          <bioguideId>M001190</bioguideId>
          <lisID>2156</lisID>
        </identifiers>
      </item>
    </sponsors>
    <notes />
    <createDate>2017-01-04T07:01:12Z</createDate>
  </bill>
  <dublinCore xmlns:dc="http://purl.org/dc/elements/1.1/">
    <dc:format>text/xml</dc:format>
    <dc:language>EN</dc:language>
    <dc:rights>Pursuant to Title 17 Section 105 of the United States Code, this file is not subject to copyright protection and is in the public domain.</dc:rights>
    <dc:contributor>Congressional Research Service, Library of Congress</dc:contributor>
    <dc:description>This file contains bill summaries and statuses for federal legislation. A bill summary describes the most significant provisions of a piece of legislation and details the effects the legislative text may have on current law and federal programs. Bill summaries are authored by the Congressional Research Service (CRS) of the Library of Congress. As stated in Public Law 91-510 (2 USC 166 (d)(6)), one of the duties of CRS is "to prepare summaries and digests of bills and resolutions of a public general nature introduced in the Senate or House of Representatives". For more information, refer to the User Guide that accompanies this file.</dc:description>
  </dublinCore>
</billStatus>

