<?xml version="1.0" encoding="UTF-8"?>
<billStatus>
  <bill>
    <cboCostEstimates />
    <title>Primary Care Enhancement Act of 2017</title>
    <originChamber>House</originChamber>
    <summaries>
      <billSummaries>
        <item>
          <actionDate>2017-01-06</actionDate>
          <name>Introduced in House</name>
          <versionCode>00</versionCode>
          <actionDesc>Introduced in House</actionDesc>
          <lastSummaryUpdateDate>2017-02-09T18:35:12Z</lastSummaryUpdateDate>
          <text><![CDATA[<p><b>Primary Care Enhancement Act of 2017</b></p> <p>This bill amends the Internal Revenue Code to: (1) permit an individual to pay primary care service arrangement costs from a health savings account; and (2) allow an eligible taxpayer enrolled in a high-deductible health plan to take a tax deduction for cash paid into a health savings account, even if the taxpayer is simultaneously enrolled in a primary care service arrangement.</p> <p>Under a &quot;primary care service arrangement,&quot; an individual is provided coverage restricted to primary care services in exchange for a fixed periodic fee or payment for such services. </p> <p>For the purposes of certain tax-deductible expenses for medical care, the bill expands the definition of &quot;medical care&quot; to include periodic provider fees paid to a primary care physician for a defined set of medical services provided on an as-needed basis. </p>]]></text>
          <updateDate>2017-01-06T05:00:00Z</updateDate>
        </item>
      </billSummaries>
    </summaries>
    <constitutionalAuthorityStatementText><![CDATA[<pre>From the Congressional Record Online through the Government Publishing Office [<a href='http://www.gpo.gov'>www.gpo.gov</a>]By Mr. PAULSEN:H.R. 365.Congress has the power to enact this legislation pursuantto the following:Article 1, Section 8, Clause 1--the power to lay andcollect taxesArticle 1, Section 8, Clause 18--necessary and properclause[Page H195]</pre>]]></constitutionalAuthorityStatementText>
    <latestAction>
      <actionDate>2017-01-06</actionDate>
      <text>Referred to the House Committee on Ways and Means.</text>
      <links />
    </latestAction>
    <actions>
      <actionTypeCounts>
        <billReferrals>1</billReferrals>
        <introducedInTheHouse>1</introducedInTheHouse>
        <introducedInHouse>1</introducedInHouse>
      </actionTypeCounts>
      <item>
        <links />
        <committee>
          <name>Ways and Means Committee</name>
          <systemCode>hswm00</systemCode>
        </committee>
        <type>IntroReferral</type>
        <actionCode>H11100</actionCode>
        <actionDate>2017-01-06</actionDate>
        <sourceSystem>
          <code>2</code>
          <name>House floor actions</name>
        </sourceSystem>
        <text>Referred to the House Committee on Ways and Means.</text>
      </item>
      <item>
        <links />
        <committee />
        <type>IntroReferral</type>
        <actionCode>Intro-H</actionCode>
        <actionDate>2017-01-06</actionDate>
        <sourceSystem>
          <code>9</code>
          <name>Library of Congress</name>
        </sourceSystem>
        <text>Introduced in House</text>
      </item>
      <item>
        <links />
        <committee />
        <type>IntroReferral</type>
        <actionCode>1000</actionCode>
        <actionDate>2017-01-06</actionDate>
        <sourceSystem>
          <code>9</code>
          <name>Library of Congress</name>
        </sourceSystem>
        <text>Introduced in House</text>
      </item>
      <actionByCounts>
        <houseOfRepresentatives>3</houseOfRepresentatives>
      </actionByCounts>
    </actions>
    <amendments />
    <introducedDate>2017-01-06</introducedDate>
    <policyArea>
      <name>Taxation</name>
    </policyArea>
    <billNumber>365</billNumber>
    <congress>115</congress>
    <committeeReports />
    <cosponsors>
      <item>
        <lastName>BLUMENAUER</lastName>
        <firstName>EARL</firstName>
        <fullName>Rep. Blumenauer, Earl [D-OR-3]</fullName>
        <sponsorshipDate>2017-01-06</sponsorshipDate>
        <isOriginalCosponsor>True</isOriginalCosponsor>
        <bioguideId>B000574</bioguideId>
        <state>OR</state>
        <sponsorshipWithdrawnDate />
        <district>3</district>
        <identifiers>
          <gpoId>8116</gpoId>
          <bioguideId>B000574</bioguideId>
          <lisID>99</lisID>
        </identifiers>
        <party>D</party>
        <middleName />
      </item>
      <item>
        <lastName>Dent</lastName>
        <firstName>Charles</firstName>
        <fullName>Rep. Dent, Charles W. [R-PA-15]</fullName>
        <sponsorshipDate>2017-01-06</sponsorshipDate>
        <isOriginalCosponsor>True</isOriginalCosponsor>
        <bioguideId>D000604</bioguideId>
        <state>PA</state>
        <sponsorshipWithdrawnDate />
        <district>15</district>
        <identifiers>
          <lisID>1799</lisID>
          <gpoId>8133</gpoId>
          <bioguideId>D000604</bioguideId>
        </identifiers>
        <party>R</party>
        <middleName>W.</middleName>
      </item>
      <item>
        <lastName>Fitzpatrick</lastName>
        <firstName>Brian</firstName>
        <fullName>Rep. Fitzpatrick, Brian K. [R-PA-8]</fullName>
        <sponsorshipDate>2017-01-10</sponsorshipDate>
        <isOriginalCosponsor>False</isOriginalCosponsor>
        <bioguideId>F000466</bioguideId>
        <state>PA</state>
        <sponsorshipWithdrawnDate />
        <district>8</district>
        <identifiers>
          <lisID>2345</lisID>
          <gpoId />
          <bioguideId>F000466</bioguideId>
        </identifiers>
        <party>R</party>
        <middleName>K.</middleName>
      </item>
      <item>
        <lastName>Jenkins</lastName>
        <firstName>Lynn</firstName>
        <fullName>Rep. Jenkins, Lynn [R-KS-2]</fullName>
        <sponsorshipDate>2017-01-17</sponsorshipDate>
        <isOriginalCosponsor>False</isOriginalCosponsor>
        <bioguideId>J000290</bioguideId>
        <state>KS</state>
        <sponsorshipWithdrawnDate />
        <district>2</district>
        <identifiers>
          <bioguideId>J000290</bioguideId>
          <lisID>1921</lisID>
          <gpoId>7950</gpoId>
        </identifiers>
        <party>R</party>
        <middleName />
      </item>
      <item>
        <lastName>Tipton</lastName>
        <firstName>Scott</firstName>
        <fullName>Rep. Tipton, Scott  R. [R-CO-3]</fullName>
        <sponsorshipDate>2017-02-01</sponsorshipDate>
        <isOriginalCosponsor>False</isOriginalCosponsor>
        <bioguideId>T000470</bioguideId>
        <state>CO</state>
        <sponsorshipWithdrawnDate />
        <district>3</district>
        <identifiers>
          <bioguideId>T000470</bioguideId>
          <gpoId>7861</gpoId>
          <lisID>1997</lisID>
        </identifiers>
        <party>R</party>
        <middleName>R.</middleName>
      </item>
      <item>
        <lastName>Fortenberry</lastName>
        <firstName>Jeff</firstName>
        <fullName>Rep. Fortenberry, Jeff [R-NE-1]</fullName>
        <sponsorshipDate>2017-02-01</sponsorshipDate>
        <isOriginalCosponsor>False</isOriginalCosponsor>
        <bioguideId>F000449</bioguideId>
        <state>NE</state>
        <sponsorshipWithdrawnDate />
        <district>1</district>
        <identifiers>
          <lisID>1793</lisID>
          <gpoId>8038</gpoId>
          <bioguideId>F000449</bioguideId>
        </identifiers>
        <party>R</party>
        <middleName />
      </item>
      <item>
        <lastName>Smith</lastName>
        <firstName>Jason</firstName>
        <fullName>Rep. Smith, Jason [R-MO-8]</fullName>
        <sponsorshipDate>2017-02-02</sponsorshipDate>
        <isOriginalCosponsor>False</isOriginalCosponsor>
        <bioguideId>S001195</bioguideId>
        <state>MO</state>
        <sponsorshipWithdrawnDate />
        <district>8</district>
        <identifiers>
          <gpoId />
          <bioguideId>S001195</bioguideId>
          <lisID>2191</lisID>
        </identifiers>
        <party>R</party>
        <middleName />
      </item>
      <item>
        <lastName>Hensarling</lastName>
        <firstName>Jeb</firstName>
        <fullName>Rep. Hensarling, Jeb [R-TX-5]</fullName>
        <sponsorshipDate>2017-03-29</sponsorshipDate>
        <isOriginalCosponsor>False</isOriginalCosponsor>
        <bioguideId>H001036</bioguideId>
        <state>TX</state>
        <sponsorshipWithdrawnDate />
        <district>5</district>
        <identifiers>
          <bioguideId>H001036</bioguideId>
          <gpoId>8161</gpoId>
          <lisID>1749</lisID>
        </identifiers>
        <party>R</party>
        <middleName />
      </item>
      <item>
        <lastName>Banks</lastName>
        <firstName>Jim</firstName>
        <fullName>Rep. Banks, Jim [R-IN-3]</fullName>
        <sponsorshipDate>2017-04-03</sponsorshipDate>
        <isOriginalCosponsor>False</isOriginalCosponsor>
        <bioguideId>B001299</bioguideId>
        <state>IN</state>
        <sponsorshipWithdrawnDate />
        <district>3</district>
        <identifiers>
          <bioguideId>B001299</bioguideId>
          <gpoId />
          <lisID>2326</lisID>
        </identifiers>
        <party>R</party>
        <middleName />
      </item>
      <item>
        <lastName>SESSIONS</lastName>
        <firstName>PETE</firstName>
        <fullName>Rep. Sessions, Pete [R-TX-32]</fullName>
        <sponsorshipDate>2017-04-04</sponsorshipDate>
        <isOriginalCosponsor>False</isOriginalCosponsor>
        <bioguideId>S000250</bioguideId>
        <state>TX</state>
        <sponsorshipWithdrawnDate />
        <district>32</district>
        <identifiers>
          <lisID>1525</lisID>
          <gpoId>8188</gpoId>
          <bioguideId>S000250</bioguideId>
        </identifiers>
        <party>R</party>
        <middleName />
      </item>
      <item>
        <lastName>GRAVES</lastName>
        <firstName>SAM</firstName>
        <fullName>Rep. Graves, Sam [R-MO-6]</fullName>
        <sponsorshipDate>2017-04-25</sponsorshipDate>
        <isOriginalCosponsor>False</isOriginalCosponsor>
        <bioguideId>G000546</bioguideId>
        <state>MO</state>
        <sponsorshipWithdrawnDate />
        <district>6</district>
        <identifiers>
          <bioguideId>G000546</bioguideId>
          <gpoId>8014</gpoId>
          <lisID>1656</lisID>
        </identifiers>
        <party>R</party>
        <middleName />
      </item>
      <item>
        <lastName>Young</lastName>
        <firstName>David</firstName>
        <fullName>Rep. Young, David [R-IA-3]</fullName>
        <sponsorshipDate>2017-06-20</sponsorshipDate>
        <isOriginalCosponsor>False</isOriginalCosponsor>
        <bioguideId>Y000066</bioguideId>
        <state>IA</state>
        <sponsorshipWithdrawnDate />
        <district>3</district>
        <identifiers>
          <bioguideId>Y000066</bioguideId>
          <lisID>2242</lisID>
          <gpoId />
        </identifiers>
        <party>R</party>
        <middleName />
      </item>
      <item>
        <lastName>Lamborn</lastName>
        <firstName>Doug</firstName>
        <fullName>Rep. Lamborn, Doug [R-CO-5]</fullName>
        <sponsorshipDate>2017-06-20</sponsorshipDate>
        <isOriginalCosponsor>False</isOriginalCosponsor>
        <bioguideId>L000564</bioguideId>
        <state>CO</state>
        <sponsorshipWithdrawnDate />
        <district>5</district>
        <identifiers>
          <bioguideId>L000564</bioguideId>
          <gpoId>7863</gpoId>
          <lisID>1834</lisID>
        </identifiers>
        <party>R</party>
        <middleName />
      </item>
      <item>
        <lastName>Walorski</lastName>
        <firstName>Jackie</firstName>
        <fullName>Rep. Walorski, Jackie [R-IN-2]</fullName>
        <sponsorshipDate>2017-06-21</sponsorshipDate>
        <isOriginalCosponsor>False</isOriginalCosponsor>
        <bioguideId>W000813</bioguideId>
        <state>IN</state>
        <sponsorshipWithdrawnDate />
        <district>2</district>
        <identifiers>
          <gpoId />
          <bioguideId>W000813</bioguideId>
          <lisID>2128</lisID>
        </identifiers>
        <party>R</party>
        <middleName />
      </item>
      <item>
        <lastName>PETERSON</lastName>
        <firstName>COLLIN</firstName>
        <fullName>Rep. Peterson, Collin C. [D-MN-7]</fullName>
        <sponsorshipDate>2017-07-28</sponsorshipDate>
        <isOriginalCosponsor>False</isOriginalCosponsor>
        <bioguideId>P000258</bioguideId>
        <state>MN</state>
        <sponsorshipWithdrawnDate />
        <district>7</district>
        <identifiers>
          <bioguideId>P000258</bioguideId>
          <lisID>910</lisID>
          <gpoId>8007</gpoId>
        </identifiers>
        <party>D</party>
        <middleName>C.</middleName>
      </item>
      <item>
        <lastName>Herrera Beutler</lastName>
        <firstName>Jaime</firstName>
        <fullName>Rep. Herrera Beutler, Jaime [R-WA-3]</fullName>
        <sponsorshipDate>2017-09-05</sponsorshipDate>
        <isOriginalCosponsor>False</isOriginalCosponsor>
        <bioguideId>H001056</bioguideId>
        <state>WA</state>
        <sponsorshipWithdrawnDate />
        <district>3</district>
        <identifiers>
          <bioguideId>H001056</bioguideId>
          <lisID>2071</lisID>
          <gpoId>8207</gpoId>
        </identifiers>
        <party>R</party>
        <middleName />
      </item>
      <item>
        <lastName>Norman</lastName>
        <firstName>Ralph</firstName>
        <fullName>Rep. Norman, Ralph [R-SC-5]</fullName>
        <sponsorshipDate>2017-09-08</sponsorshipDate>
        <isOriginalCosponsor>False</isOriginalCosponsor>
        <bioguideId>N000190</bioguideId>
        <state>SC</state>
        <sponsorshipWithdrawnDate />
        <district>5</district>
        <identifiers>
          <bioguideId>N000190</bioguideId>
          <gpoId />
          <lisID>2361</lisID>
        </identifiers>
        <party>R</party>
        <middleName />
      </item>
      <item>
        <lastName>Kelly</lastName>
        <firstName>Mike</firstName>
        <fullName>Rep. Kelly, Mike [R-PA-3]</fullName>
        <sponsorshipDate>2017-09-12</sponsorshipDate>
        <isOriginalCosponsor>False</isOriginalCosponsor>
        <bioguideId>K000376</bioguideId>
        <state>PA</state>
        <sponsorshipWithdrawnDate />
        <district>3</district>
        <identifiers>
          <bioguideId>K000376</bioguideId>
          <lisID>2051</lisID>
          <gpoId>8708</gpoId>
        </identifiers>
        <party>R</party>
        <middleName />
      </item>
      <item>
        <lastName>Yoder</lastName>
        <firstName>Kevin</firstName>
        <fullName>Rep. Yoder, Kevin [R-KS-3]</fullName>
        <sponsorshipDate>2017-09-13</sponsorshipDate>
        <isOriginalCosponsor>False</isOriginalCosponsor>
        <bioguideId>Y000063</bioguideId>
        <state>KS</state>
        <sponsorshipWithdrawnDate />
        <district>3</district>
        <identifiers>
          <bioguideId>Y000063</bioguideId>
          <lisID>2021</lisID>
          <gpoId>7951</gpoId>
        </identifiers>
        <party>R</party>
        <middleName />
      </item>
      <item>
        <lastName>Marshall</lastName>
        <firstName>Roger</firstName>
        <fullName>Rep. Marshall, Roger W. [R-KS-1]</fullName>
        <sponsorshipDate>2017-09-25</sponsorshipDate>
        <isOriginalCosponsor>False</isOriginalCosponsor>
        <bioguideId>M001198</bioguideId>
        <state>KS</state>
        <sponsorshipWithdrawnDate />
        <district>1</district>
        <identifiers>
          <lisID>2328</lisID>
          <gpoId />
          <bioguideId>M001198</bioguideId>
        </identifiers>
        <party>R</party>
        <middleName>W.</middleName>
      </item>
      <item>
        <lastName>Garrett</lastName>
        <firstName>Thomas</firstName>
        <fullName>Rep. Garrett, Thomas A., Jr. [R-VA-5]</fullName>
        <sponsorshipDate>2017-10-31</sponsorshipDate>
        <isOriginalCosponsor>False</isOriginalCosponsor>
        <bioguideId>G000580</bioguideId>
        <state>VA</state>
        <sponsorshipWithdrawnDate />
        <district>5</district>
        <identifiers>
          <bioguideId>G000580</bioguideId>
          <gpoId />
          <lisID>2353</lisID>
        </identifiers>
        <party>R</party>
        <middleName>A.</middleName>
      </item>
      <item>
        <lastName>Meadows</lastName>
        <firstName>Mark</firstName>
        <fullName>Rep. Meadows, Mark [R-NC-11]</fullName>
        <sponsorshipDate>2017-11-29</sponsorshipDate>
        <isOriginalCosponsor>False</isOriginalCosponsor>
        <bioguideId>M001187</bioguideId>
        <state>NC</state>
        <sponsorshipWithdrawnDate />
        <district>11</district>
        <identifiers>
          <bioguideId>M001187</bioguideId>
          <lisID>2142</lisID>
          <gpoId />
        </identifiers>
        <party>R</party>
        <middleName />
      </item>
      <item>
        <lastName>Marchant</lastName>
        <firstName>Kenny</firstName>
        <fullName>Rep. Marchant, Kenny [R-TX-24]</fullName>
        <sponsorshipDate>2018-01-09</sponsorshipDate>
        <isOriginalCosponsor>False</isOriginalCosponsor>
        <bioguideId>M001158</bioguideId>
        <state>TX</state>
        <sponsorshipWithdrawnDate />
        <district>24</district>
        <identifiers>
          <bioguideId>M001158</bioguideId>
          <lisID>1806</lisID>
          <gpoId>8766</gpoId>
        </identifiers>
        <party>R</party>
        <middleName />
      </item>
      <item>
        <lastName>Massie</lastName>
        <firstName>Thomas</firstName>
        <fullName>Rep. Massie, Thomas [R-KY-4]</fullName>
        <sponsorshipDate>2018-01-29</sponsorshipDate>
        <isOriginalCosponsor>False</isOriginalCosponsor>
        <bioguideId>M001184</bioguideId>
        <state>KY</state>
        <sponsorshipWithdrawnDate />
        <district>4</district>
        <identifiers>
          <bioguideId>M001184</bioguideId>
          <lisID>2094</lisID>
          <gpoId>8371</gpoId>
        </identifiers>
        <party>R</party>
        <middleName />
      </item>
      <item>
        <lastName>Long</lastName>
        <firstName>Billy</firstName>
        <fullName>Rep. Long, Billy [R-MO-7]</fullName>
        <sponsorshipDate>2018-01-30</sponsorshipDate>
        <isOriginalCosponsor>False</isOriginalCosponsor>
        <bioguideId>L000576</bioguideId>
        <state>MO</state>
        <sponsorshipWithdrawnDate />
        <district>7</district>
        <identifiers>
          <bioguideId>L000576</bioguideId>
          <lisID>2033</lisID>
          <gpoId>8015</gpoId>
        </identifiers>
        <party>R</party>
        <middleName />
      </item>
      <item>
        <lastName>Hartzler</lastName>
        <firstName>Vicky</firstName>
        <fullName>Rep. Hartzler, Vicky [R-MO-4]</fullName>
        <sponsorshipDate>2018-02-05</sponsorshipDate>
        <isOriginalCosponsor>False</isOriginalCosponsor>
        <bioguideId>H001053</bioguideId>
        <state>MO</state>
        <sponsorshipWithdrawnDate />
        <district>4</district>
        <identifiers>
          <gpoId>8012</gpoId>
          <bioguideId>H001053</bioguideId>
          <lisID>2032</lisID>
        </identifiers>
        <party>R</party>
        <middleName />
      </item>
      <item>
        <lastName>Luetkemeyer</lastName>
        <firstName>Blaine</firstName>
        <fullName>Rep. Luetkemeyer, Blaine [R-MO-3]</fullName>
        <sponsorshipDate>2018-02-14</sponsorshipDate>
        <isOriginalCosponsor>False</isOriginalCosponsor>
        <bioguideId>L000569</bioguideId>
        <state>MO</state>
        <sponsorshipWithdrawnDate />
        <district>3</district>
        <identifiers>
          <bioguideId>L000569</bioguideId>
          <gpoId>8017</gpoId>
          <lisID>1931</lisID>
        </identifiers>
        <party>R</party>
        <middleName />
      </item>
      <item>
        <lastName>Peters</lastName>
        <firstName>Scott</firstName>
        <fullName>Rep. Peters, Scott H. [D-CA-52]</fullName>
        <sponsorshipDate>2018-02-23</sponsorshipDate>
        <isOriginalCosponsor>False</isOriginalCosponsor>
        <bioguideId>P000608</bioguideId>
        <state>CA</state>
        <sponsorshipWithdrawnDate />
        <district>52</district>
        <identifiers>
          <bioguideId>P000608</bioguideId>
          <lisID>2113</lisID>
          <gpoId />
        </identifiers>
        <party>D</party>
        <middleName>H.</middleName>
      </item>
    </cosponsors>
    <version>1.0.0</version>
    <createDate>2017-01-07T04:48:26Z</createDate>
    <billType>HR</billType>
    <titles>
      <item>
        <titleType>(Extracted from GPO) Short Titles as Introduced</titleType>
        <chamberCode />
        <title>Primary Care Enhancement Act of 2017</title>
        <chamberName />
        <parentTitleType />
      </item>
      <item>
        <titleType>Short Titles as Introduced</titleType>
        <chamberCode />
        <title>Primary Care Enhancement Act of 2017</title>
        <chamberName />
        <parentTitleType />
      </item>
      <item>
        <titleType>Official Title as Introduced</titleType>
        <chamberCode />
        <title>To amend the Internal Revenue Code of 1986 to provide for the treatment of certain direct primary care service arrangements and periodic provider fees.</title>
        <chamberName />
        <parentTitleType />
      </item>
      <item>
        <titleType>Display Title</titleType>
        <chamberCode />
        <title>Primary Care Enhancement Act of 2017</title>
        <chamberName />
        <parentTitleType />
      </item>
    </titles>
    <notes />
    <sponsors>
      <item>
        <byRequestType />
        <party>R</party>
        <fullName>Rep. Paulsen, Erik [R-MN-3]</fullName>
        <identifiers>
          <gpoId>8003</gpoId>
          <bioguideId>P000594</bioguideId>
          <lisID>1930</lisID>
        </identifiers>
        <lastName>Paulsen</lastName>
        <bioguideId>P000594</bioguideId>
        <state>MN</state>
        <firstName>Erik</firstName>
        <middleName />
        <district>3</district>
      </item>
    </sponsors>
    <recordedVotes />
    <relatedBills>
      <item>
        <relationshipDetails>
          <item>
            <type>Related bill</type>
            <identifiedBy>CRS</identifiedBy>
          </item>
        </relationshipDetails>
        <congress>115</congress>
        <type>S</type>
        <latestAction>
          <actionDate>2017-06-14</actionDate>
          <text>Read twice and referred to the Committee on Finance.</text>
        </latestAction>
        <latestTitle>Primary Care Enhancement Act of 2017</latestTitle>
        <number>1358</number>
      </item>
      <item>
        <relationshipDetails>
          <item>
            <type>Related bill</type>
            <identifiedBy>CRS</identifiedBy>
          </item>
        </relationshipDetails>
        <congress>115</congress>
        <type>HR</type>
        <latestAction>
          <actionDate>2017-02-10</actionDate>
          <text>Referred to the Subcommittee on Indian, Insular and Alaska Native Affairs.</text>
        </latestAction>
        <latestTitle>American Health Care Reform Act of 2017</latestTitle>
        <number>277</number>
      </item>
      <item>
        <relationshipDetails>
          <item>
            <type>Related bill</type>
            <identifiedBy>CRS</identifiedBy>
          </item>
        </relationshipDetails>
        <congress>115</congress>
        <type>S</type>
        <latestAction>
          <actionDate>2017-02-15</actionDate>
          <text>Read twice and referred to the Committee on Finance.</text>
        </latestAction>
        <latestTitle>Health Savings Act of 2017</latestTitle>
        <number>403</number>
      </item>
    </relatedBills>
    <subjects>
      <billSubjects>
        <legislativeSubjects>
          <item>
            <name>Health care costs and insurance</name>
          </item>
          <item>
            <name>Income tax deductions</name>
          </item>
        </legislativeSubjects>
        <policyArea>
          <name>Taxation</name>
        </policyArea>
      </billSubjects>
    </subjects>
    <updateDate>2018-02-24T08:15:20Z</updateDate>
    <laws />
    <calendarNumbers />
    <committees>
      <billCommittees>
        <item>
          <activities>
            <item>
              <date>2017-01-06T17:02:40Z</date>
              <name>Referred to</name>
            </item>
          </activities>
          <chamber>House</chamber>
          <subcommittees />
          <systemCode>hswm00</systemCode>
          <name>Ways and Means Committee</name>
          <type>Standing</type>
        </item>
      </billCommittees>
    </committees>
  </bill>
  <dublinCore xmlns:dc="http://purl.org/dc/elements/1.1/">
    <dc:format>text/xml</dc:format>
    <dc:language>EN</dc:language>
    <dc:rights>Pursuant to Title 17 Section 105 of the United States Code, this file is not subject to copyright protection and is in the public domain.</dc:rights>
    <dc:contributor>Congressional Research Service, Library of Congress</dc:contributor>
    <dc:description>This file contains bill summaries and statuses for federal legislation. A bill summary describes the most significant provisions of a piece of legislation and details the effects the legislative text may have on current law and federal programs. Bill summaries are authored by the Congressional Research Service (CRS) of the Library of Congress. As stated in Public Law 91-510 (2 USC 166 (d)(6)), one of the duties of CRS is "to prepare summaries and digests of bills and resolutions of a public general nature introduced in the Senate or House of Representatives". For more information, refer to the User Guide that accompanies this file.</dc:description>
  </dublinCore>
</billStatus>

