<?xml version="1.0" encoding="UTF-8"?>
<billStatus>
  <bill>
    <calendarNumbers />
    <constitutionalAuthorityStatementText><![CDATA[<pre>From the Congressional Record Online through the Government Publishing Office [<a href='http://www.gpo.gov'>www.gpo.gov</a>]By Mr. BUDD:H.R. 789.Congress has the power to enact this legislation pursuantto the following:Article I, section 8 of the United States Constitution.[Page H878]</pre>]]></constitutionalAuthorityStatementText>
    <congress>115</congress>
    <titles>
      <item>
        <chamberName />
        <titleType>(Extracted from GPO) Short Titles as Introduced</titleType>
        <title>No Bonuses for Terrorists Act</title>
        <parentTitleType />
        <chamberCode />
      </item>
      <item>
        <chamberName />
        <titleType>Short Titles as Introduced</titleType>
        <title>No Bonuses for Terrorists Act</title>
        <parentTitleType />
        <chamberCode />
      </item>
      <item>
        <chamberName />
        <titleType>Official Title as Introduced</titleType>
        <title>To amend the Foreign Assistance Act of 1961 to limit assistance to the Palestinian Authority and the Palestine Liberation Organization, and for other purposes.</title>
        <parentTitleType />
        <chamberCode />
      </item>
      <item>
        <chamberName />
        <titleType>Display Title</titleType>
        <title>No Bonuses for Terrorists Act</title>
        <parentTitleType />
        <chamberCode />
      </item>
    </titles>
    <introducedDate>2017-02-01</introducedDate>
    <latestAction>
      <actionDate>2017-02-01</actionDate>
      <text>Referred to the House Committee on Foreign Affairs.</text>
      <links />
    </latestAction>
    <title>No Bonuses for Terrorists Act</title>
    <subjects>
      <billSubjects>
        <policyArea>
          <name>International Affairs</name>
        </policyArea>
        <legislativeSubjects>
          <item>
            <name>Arab-Israeli relations</name>
          </item>
          <item>
            <name>Conflicts and wars</name>
          </item>
          <item>
            <name>Congressional oversight</name>
          </item>
          <item>
            <name>Foreign aid and international relief</name>
          </item>
          <item>
            <name>Israel</name>
          </item>
          <item>
            <name>Middle East</name>
          </item>
          <item>
            <name>Military assistance, sales, and agreements</name>
          </item>
          <item>
            <name>Palestinians</name>
          </item>
          <item>
            <name>Sovereignty, recognition, national governance and status</name>
          </item>
          <item>
            <name>Terrorism</name>
          </item>
        </legislativeSubjects>
      </billSubjects>
    </subjects>
    <relatedBills />
    <updateDate>2018-02-06T16:41:11Z</updateDate>
    <committeeReports />
    <notes />
    <recordedVotes />
    <amendments />
    <billType>HR</billType>
    <committees>
      <billCommittees>
        <item>
          <name>Foreign Affairs Committee</name>
          <chamber>House</chamber>
          <type>Standing</type>
          <subcommittees />
          <systemCode>hsfa00</systemCode>
          <activities>
            <item>
              <name>Referred to</name>
              <date>2017-02-01T15:01:10Z</date>
            </item>
          </activities>
        </item>
      </billCommittees>
    </committees>
    <cboCostEstimates />
    <billNumber>789</billNumber>
    <policyArea>
      <name>International Affairs</name>
    </policyArea>
    <version>1.0.0</version>
    <createDate>2017-02-02T05:28:45Z</createDate>
    <originChamber>House</originChamber>
    <actions>
      <actionTypeCounts>
        <introducedInHouse>1</introducedInHouse>
        <introducedInTheHouse>1</introducedInTheHouse>
        <billReferrals>1</billReferrals>
      </actionTypeCounts>
      <item>
        <type>IntroReferral</type>
        <text>Referred to the House Committee on Foreign Affairs.</text>
        <links />
        <committee>
          <systemCode>hsfa00</systemCode>
          <name>Foreign Affairs Committee</name>
        </committee>
        <sourceSystem>
          <code>2</code>
          <name>House floor actions</name>
        </sourceSystem>
        <actionDate>2017-02-01</actionDate>
        <actionCode>H11100</actionCode>
      </item>
      <item>
        <type>IntroReferral</type>
        <text>Introduced in House</text>
        <links />
        <committee />
        <sourceSystem>
          <code>9</code>
          <name>Library of Congress</name>
        </sourceSystem>
        <actionDate>2017-02-01</actionDate>
        <actionCode>Intro-H</actionCode>
      </item>
      <item>
        <type>IntroReferral</type>
        <text>Introduced in House</text>
        <links />
        <committee />
        <sourceSystem>
          <code>9</code>
          <name>Library of Congress</name>
        </sourceSystem>
        <actionDate>2017-02-01</actionDate>
        <actionCode>1000</actionCode>
      </item>
      <actionByCounts>
        <houseOfRepresentatives>3</houseOfRepresentatives>
      </actionByCounts>
    </actions>
    <sponsors>
      <item>
        <party>R</party>
        <bioguideId>B001305</bioguideId>
        <district>13</district>
        <firstName>Ted</firstName>
        <middleName />
        <state>NC</state>
        <fullName>Rep. Budd, Ted [R-NC-13]</fullName>
        <identifiers>
          <gpoId />
          <bioguideId>B001305</bioguideId>
          <lisID>2336</lisID>
        </identifiers>
        <lastName>Budd</lastName>
        <byRequestType />
      </item>
    </sponsors>
    <summaries>
      <billSummaries>
        <item>
          <versionCode>00</versionCode>
          <actionDate>2017-02-01</actionDate>
          <updateDate>2017-02-01T05:00:00Z</updateDate>
          <text><![CDATA[<p><strong>No Bonuses for Terrorists Act</strong></p> <p>This bill amends the Foreign Assistance Act of 1961 to prohibit the provision of assistance to the Palestinian Authority (PA) and the Palestinian Liberation Organization (PLO) until the Department of State has certified that the PA and the PLO have ceased paying financial compensation or any other benefit not generally available to the Palestinian population at large to the families of Palestinians killed in connection with an act of terrorism. Recertification is required every six months.</p> <p>If the State Department is unable to make such a certification: (1) it shall report to Congress why it is unable to do so, and (2) funds that otherwise would have been provided to the PA and the PLO shall be transferred and made available to the Department of Defense for assistance to Israel for procurement of the Iron Dome defense system.</p> <p> The State Department shall annually report on the amount of bonuses, financial compensation, or other benefits that have been disbursed by the PA and the PLO in the preceding 12 months. </p>]]></text>
          <actionDesc>Introduced in House</actionDesc>
          <name>Introduced in House</name>
          <lastSummaryUpdateDate>2017-08-04T20:04:57Z</lastSummaryUpdateDate>
        </item>
      </billSummaries>
    </summaries>
    <laws />
    <cosponsors>
      <item>
        <sponsorshipWithdrawnDate />
        <state>SC</state>
        <bioguideId>S000051</bioguideId>
        <fullName>Rep. Sanford, Mark [R-SC-1]</fullName>
        <district>1</district>
        <firstName>Mark</firstName>
        <middleName />
        <isOriginalCosponsor>True</isOriginalCosponsor>
        <sponsorshipDate>2017-02-01</sponsorshipDate>
        <identifiers>
          <lisID>1012</lisID>
          <gpoId />
          <bioguideId>S000051</bioguideId>
        </identifiers>
        <lastName>Sanford</lastName>
        <party>R</party>
      </item>
      <item>
        <sponsorshipWithdrawnDate />
        <state>NC</state>
        <bioguideId>M001187</bioguideId>
        <fullName>Rep. Meadows, Mark [R-NC-11]</fullName>
        <district>11</district>
        <firstName>Mark</firstName>
        <middleName />
        <isOriginalCosponsor>True</isOriginalCosponsor>
        <sponsorshipDate>2017-02-01</sponsorshipDate>
        <identifiers>
          <gpoId />
          <bioguideId>M001187</bioguideId>
          <lisID>2142</lisID>
        </identifiers>
        <lastName>Meadows</lastName>
        <party>R</party>
      </item>
      <item>
        <sponsorshipWithdrawnDate />
        <state>TN</state>
        <bioguideId>B001273</bioguideId>
        <fullName>Rep. Black, Diane [R-TN-6]</fullName>
        <district>6</district>
        <firstName>Diane</firstName>
        <middleName />
        <isOriginalCosponsor>True</isOriginalCosponsor>
        <sponsorshipDate>2017-02-01</sponsorshipDate>
        <identifiers>
          <bioguideId>B001273</bioguideId>
          <lisID>2063</lisID>
          <gpoId>8153</gpoId>
        </identifiers>
        <lastName>Black</lastName>
        <party>R</party>
      </item>
      <item>
        <sponsorshipWithdrawnDate />
        <state>TX</state>
        <bioguideId>G000552</bioguideId>
        <fullName>Rep. Gohmert, Louie [R-TX-1]</fullName>
        <district>1</district>
        <firstName>Louie</firstName>
        <middleName />
        <isOriginalCosponsor>True</isOriginalCosponsor>
        <sponsorshipDate>2017-02-01</sponsorshipDate>
        <identifiers>
          <lisID>1801</lisID>
          <gpoId>8157</gpoId>
          <bioguideId>G000552</bioguideId>
        </identifiers>
        <lastName>Gohmert</lastName>
        <party>R</party>
      </item>
      <item>
        <sponsorshipWithdrawnDate />
        <state>FL</state>
        <bioguideId>D000628</bioguideId>
        <fullName>Rep. Dunn, Neal P. [R-FL-2]</fullName>
        <district>2</district>
        <firstName>Neal</firstName>
        <middleName>P.</middleName>
        <isOriginalCosponsor>False</isOriginalCosponsor>
        <sponsorshipDate>2017-02-06</sponsorshipDate>
        <identifiers>
          <gpoId />
          <bioguideId>D000628</bioguideId>
          <lisID>2315</lisID>
        </identifiers>
        <lastName>Dunn</lastName>
        <party>R</party>
      </item>
      <item>
        <sponsorshipWithdrawnDate />
        <state>WY</state>
        <bioguideId>C001109</bioguideId>
        <fullName>Rep. Cheney, Liz [R-WY-At Large]</fullName>
        <district>0</district>
        <firstName>Liz</firstName>
        <middleName />
        <isOriginalCosponsor>False</isOriginalCosponsor>
        <sponsorshipDate>2017-02-06</sponsorshipDate>
        <identifiers>
          <gpoId />
          <lisID>2356</lisID>
          <bioguideId>C001109</bioguideId>
        </identifiers>
        <lastName>Cheney</lastName>
        <party>R</party>
      </item>
      <item>
        <sponsorshipWithdrawnDate />
        <state>VA</state>
        <bioguideId>B001290</bioguideId>
        <fullName>Rep. Brat, Dave [R-VA-7]</fullName>
        <district>7</district>
        <firstName>Dave</firstName>
        <middleName />
        <isOriginalCosponsor>False</isOriginalCosponsor>
        <sponsorshipDate>2017-02-06</sponsorshipDate>
        <identifiers>
          <lisID>2203</lisID>
          <bioguideId>B001290</bioguideId>
          <gpoId />
        </identifiers>
        <lastName>Brat</lastName>
        <party>R</party>
      </item>
      <item>
        <sponsorshipWithdrawnDate />
        <state>SC</state>
        <bioguideId>D000615</bioguideId>
        <fullName>Rep. Duncan, Jeff [R-SC-3]</fullName>
        <district>3</district>
        <firstName>Jeff</firstName>
        <middleName />
        <isOriginalCosponsor>False</isOriginalCosponsor>
        <sponsorshipDate>2017-02-07</sponsorshipDate>
        <identifiers>
          <lisID>2057</lisID>
          <bioguideId>D000615</bioguideId>
          <gpoId>8143</gpoId>
        </identifiers>
        <lastName>Duncan</lastName>
        <party>R</party>
      </item>
      <item>
        <sponsorshipWithdrawnDate />
        <state>FL</state>
        <bioguideId>R000607</bioguideId>
        <fullName>Rep. Rooney, Francis [R-FL-19]</fullName>
        <district>19</district>
        <firstName>Francis</firstName>
        <middleName />
        <isOriginalCosponsor>False</isOriginalCosponsor>
        <sponsorshipDate>2017-03-10</sponsorshipDate>
        <identifiers>
          <gpoId />
          <bioguideId>R000607</bioguideId>
          <lisID>2323</lisID>
        </identifiers>
        <lastName>Rooney</lastName>
        <party>R</party>
      </item>
    </cosponsors>
  </bill>
  <dublinCore xmlns:dc="http://purl.org/dc/elements/1.1/">
    <dc:format>text/xml</dc:format>
    <dc:language>EN</dc:language>
    <dc:rights>Pursuant to Title 17 Section 105 of the United States Code, this file is not subject to copyright protection and is in the public domain.</dc:rights>
    <dc:contributor>Congressional Research Service, Library of Congress</dc:contributor>
    <dc:description>This file contains bill summaries and statuses for federal legislation. A bill summary describes the most significant provisions of a piece of legislation and details the effects the legislative text may have on current law and federal programs. Bill summaries are authored by the Congressional Research Service (CRS) of the Library of Congress. As stated in Public Law 91-510 (2 USC 166 (d)(6)), one of the duties of CRS is "to prepare summaries and digests of bills and resolutions of a public general nature introduced in the Senate or House of Representatives". For more information, refer to the User Guide that accompanies this file.</dc:description>
  </dublinCore>
</billStatus>

