<?xml version="1.0" encoding="UTF-8"?>
<billStatus>
  <bill>
    <notes />
    <sponsors>
      <item>
        <party>R</party>
        <fullName>Rep. Collins, Doug [R-GA-9]</fullName>
        <lastName>Collins</lastName>
        <middleName />
        <identifiers>
          <lisID>2121</lisID>
          <gpoId />
          <bioguideId>C001093</bioguideId>
        </identifiers>
        <firstName>Doug</firstName>
        <state>GA</state>
        <byRequestType />
        <bioguideId>C001093</bioguideId>
        <district>9</district>
      </item>
    </sponsors>
    <policyArea>
      <name>Government Operations and Politics</name>
    </policyArea>
    <committees>
      <billCommittees>
        <item>
          <type>Standing</type>
          <chamber>Senate</chamber>
          <name>Homeland Security and Governmental Affairs Committee</name>
          <activities>
            <item>
              <name>Reported by</name>
              <date>2018-02-15T22:50:23Z</date>
            </item>
            <item>
              <name>Markup by</name>
              <date>2018-02-14T15:01:04Z</date>
            </item>
            <item>
              <name>Referred to</name>
              <date>2017-11-16T16:42:07Z</date>
            </item>
          </activities>
          <subcommittees />
          <systemCode>ssga00</systemCode>
        </item>
        <item>
          <type>Standing</type>
          <chamber>House</chamber>
          <name>Oversight and Government Reform Committee</name>
          <activities>
            <item>
              <name>Markup by</name>
              <date>2017-11-02T20:19:59Z</date>
            </item>
            <item>
              <name>Referred to</name>
              <date>2017-09-25T16:00:29Z</date>
            </item>
          </activities>
          <subcommittees />
          <systemCode>hsgo00</systemCode>
        </item>
      </billCommittees>
    </committees>
    <relatedBills />
    <titles>
      <item>
        <titleType>Official Titles as Amended by House</titleType>
        <chamberCode>H</chamberCode>
        <parentTitleType>Official Titles House of Representatives</parentTitleType>
        <title>To designate the facility of the United States Postal Service located at 430 Main Street in Clermont, Georgia, as the "Zack T. Addington Post Office".</title>
        <chamberName>House</chamberName>
      </item>
      <item>
        <titleType>Official Title as Introduced</titleType>
        <chamberCode />
        <parentTitleType />
        <title>To designate the facility of the United States Postal Service located at 430 Main Street in Clermont, Georgia, as the "Zachary Addington Post Office".</title>
        <chamberName />
      </item>
      <item>
        <titleType>Display Title</titleType>
        <chamberCode />
        <parentTitleType />
        <title>To designate the facility of the United States Postal Service located at 430 Main Street in Clermont, Georgia, as the "Zack T. Addington Post Office".</title>
        <chamberName />
      </item>
    </titles>
    <originChamber>House</originChamber>
    <congress>115</congress>
    <constitutionalAuthorityStatementText><![CDATA[<pre>[Congressional Record Volume 163, Number 153 (Monday, September 25, 2017)]From the Congressional Record Online through the Government Publishing Office [<a href='http://www.gpo.gov'>www.gpo.gov</a>]By Mr. COLLINS of Georgia:H.R. 3821.Congress has the power to enact this legislation pursuantto the following:Under Article I, Section 8, Clause 7 of the United StatesConstitution, Congress is empowered ``To establish PostOffices and post roads''.[Page H7486]</pre>]]></constitutionalAuthorityStatementText>
    <actions>
      <actionByCounts>
        <senate>5</senate>
        <houseOfRepresentatives>14</houseOfRepresentatives>
      </actionByCounts>
      <actionTypeCounts>
        <generalDebate>1</generalDebate>
        <introducedInHouse>1</introducedInHouse>
        <motionMadeToSuspendTheRules>1</motionMadeToSuspendTheRules>
        <actionStageOverride>1</actionStageOverride>
        <considerationByHouse>2</considerationByHouse>
        <finalPassageUnderSuspensionOfTheRulesResults>1</finalPassageUnderSuspensionOfTheRulesResults>
        <referredToCommittee>1</referredToCommittee>
        <placeholderTextForH>2</placeholderTextForH>
        <motionToReconsiderResults>1</motionToReconsiderResults>
        <passedAgreedToInHouse>1</passedAgreedToInHouse>
        <reportedToSenate>2</reportedToSenate>
        <introducedInTheHouse>1</introducedInTheHouse>
        <billReferrals>1</billReferrals>
        <amendingTheTitleOfAnActWithoutObjection>1</amendingTheTitleOfAnActWithoutObjection>
        <placedOnCalendarGeneralOrders>1</placedOnCalendarGeneralOrders>
        <orderedReported>1</orderedReported>
      </actionTypeCounts>
      <item>
        <actionDate>2018-02-15</actionDate>
        <committee />
        <links />
        <sourceSystem>
          <name>Senate</name>
          <code>0</code>
        </sourceSystem>
        <text>Placed on Senate Legislative Calendar under General Orders. Calendar No. 330.</text>
        <type>Calendars</type>
      </item>
      <item>
        <actionDate>2018-02-15</actionDate>
        <committee>
          <systemCode>ssga00</systemCode>
          <name>Homeland Security and Governmental Affairs Committee</name>
        </committee>
        <links />
        <sourceSystem>
          <name>Senate</name>
          <code>0</code>
        </sourceSystem>
        <text>Committee on Homeland Security and Governmental Affairs. Reported by Senator Johnson without amendment. Without written report.</text>
        <type>Committee</type>
      </item>
      <item>
        <type>Committee</type>
        <links />
        <committee>
          <systemCode>ssga00</systemCode>
          <name>Homeland Security and Governmental Affairs Committee</name>
        </committee>
        <text>Committee on Homeland Security and Governmental Affairs. Reported by Senator Johnson without amendment. Without written report.</text>
        <actionCode>14000</actionCode>
        <actionDate>2018-02-15</actionDate>
        <sourceSystem>
          <name>Library of Congress</name>
          <code>9</code>
        </sourceSystem>
      </item>
      <item>
        <actionDate>2018-02-14</actionDate>
        <committee>
          <systemCode>ssga00</systemCode>
          <name>Homeland Security and Governmental Affairs Committee</name>
        </committee>
        <links />
        <sourceSystem>
          <name>Senate</name>
          <code>0</code>
        </sourceSystem>
        <text>Committee on Homeland Security and Governmental Affairs. Ordered to be reported without amendment favorably.</text>
        <type>Committee</type>
      </item>
      <item>
        <actionDate>2017-11-16</actionDate>
        <committee>
          <systemCode>ssga00</systemCode>
          <name>Homeland Security and Governmental Affairs Committee</name>
        </committee>
        <links />
        <sourceSystem>
          <name>Senate</name>
          <code>0</code>
        </sourceSystem>
        <text>Received in the Senate and Read twice and referred to the Committee on Homeland Security and Governmental Affairs.</text>
        <type>IntroReferral</type>
      </item>
      <item>
        <type>Floor</type>
        <links />
        <actionTime>16:42:03</actionTime>
        <committee />
        <text>The title of the measure was amended. Agreed to without objection.</text>
        <actionCode>H38800</actionCode>
        <actionDate>2017-11-15</actionDate>
        <sourceSystem>
          <name>House floor actions</name>
          <code>2</code>
        </sourceSystem>
      </item>
      <item>
        <type>Floor</type>
        <links />
        <actionTime>16:41:58</actionTime>
        <committee />
        <text>Motion to reconsider laid on the table Agreed to without objection.</text>
        <actionCode>H38310</actionCode>
        <actionDate>2017-11-15</actionDate>
        <sourceSystem>
          <name>House floor actions</name>
          <code>2</code>
        </sourceSystem>
      </item>
      <item>
        <type>Floor</type>
        <links>
          <link>
            <name>H9296-9297</name>
            <url>https://www.congress.gov/congressional-record/volume-163/house-section/page/H9296-9297</url>
          </link>
          <link>
            <name>Roll no. 635</name>
            <url>http://clerk.house.gov/evs/2017/roll635.xml</url>
          </link>
        </links>
        <actionTime>16:41:57</actionTime>
        <committee />
        <text>On motion to suspend the rules and pass the bill, as amended Agreed to by the Yeas and Nays: (2/3 required): 420 - 0 (Roll no. 635). (text: CR H9296-9297)</text>
        <actionCode>H37300</actionCode>
        <actionDate>2017-11-15</actionDate>
        <sourceSystem>
          <name>House floor actions</name>
          <code>2</code>
        </sourceSystem>
      </item>
      <item>
        <type>Floor</type>
        <links>
          <link>
            <name>Roll no. 635</name>
            <url>http://clerk.house.gov/evs/2017/roll635.xml</url>
          </link>
        </links>
        <actionTime>16:41:57</actionTime>
        <committee />
        <text>Passed/agreed to in House: On motion to suspend the rules and pass the bill, as amended Agreed to by the Yeas and Nays: (2/3 required): 420 - 0 (Roll no. 635).</text>
        <actionCode>8000</actionCode>
        <actionDate>2017-11-15</actionDate>
        <sourceSystem>
          <name>Library of Congress</name>
          <code>9</code>
        </sourceSystem>
      </item>
      <item>
        <type>Floor</type>
        <links>
          <link>
            <name>H9300-9301</name>
            <url>https://www.congress.gov/congressional-record/volume-163/house-section/page/H9300-9301</url>
          </link>
        </links>
        <actionTime>16:16:48</actionTime>
        <committee />
        <text>Considered as unfinished business. (consideration: CR H9300-9301)</text>
        <actionCode>H30000</actionCode>
        <actionDate>2017-11-15</actionDate>
        <sourceSystem>
          <name>House floor actions</name>
          <code>2</code>
        </sourceSystem>
      </item>
      <item>
        <type>Floor</type>
        <links />
        <actionTime>15:55:31</actionTime>
        <committee />
        <text>At the conclusion of debate, the Yeas and Nays were demanded and ordered. Pursuant to the provisions of clause 8, rule XX, the Chair announced that further proceedings on the motion would be postponed.</text>
        <actionCode>H37220</actionCode>
        <actionDate>2017-11-15</actionDate>
        <sourceSystem>
          <name>House floor actions</name>
          <code>2</code>
        </sourceSystem>
      </item>
      <item>
        <type>Floor</type>
        <links>
          <link>
            <name>H.R. 3821</name>
            <url>https://www.congress.gov/bill/115th-congress/house-bill/3821</url>
          </link>
        </links>
        <actionTime>15:49:30</actionTime>
        <committee />
        <text>DEBATE - The House proceeded with forty minutes of debate on H.R. 3821.</text>
        <actionCode>H8D000</actionCode>
        <actionDate>2017-11-15</actionDate>
        <sourceSystem>
          <name>House floor actions</name>
          <code>2</code>
        </sourceSystem>
      </item>
      <item>
        <type>Floor</type>
        <links>
          <link>
            <name>H9296-9297</name>
            <url>https://www.congress.gov/congressional-record/volume-163/house-section/page/H9296-9297</url>
          </link>
        </links>
        <actionTime>15:49:29</actionTime>
        <committee />
        <text>Considered under suspension of the rules. (consideration: CR H9296-9297)</text>
        <actionCode>H30000</actionCode>
        <actionDate>2017-11-15</actionDate>
        <sourceSystem>
          <name>House floor actions</name>
          <code>2</code>
        </sourceSystem>
      </item>
      <item>
        <type>Floor</type>
        <links />
        <actionTime>15:49:20</actionTime>
        <committee />
        <text>Mr. Comer moved to suspend the rules and pass the bill, as amended.</text>
        <actionCode>H30300</actionCode>
        <actionDate>2017-11-15</actionDate>
        <sourceSystem>
          <name>House floor actions</name>
          <code>2</code>
        </sourceSystem>
      </item>
      <item>
        <actionDate>2017-11-02</actionDate>
        <committee>
          <systemCode>hsgo00</systemCode>
          <name>Oversight and Government Reform Committee</name>
        </committee>
        <links />
        <sourceSystem>
          <name>House committee actions</name>
          <code>1</code>
        </sourceSystem>
        <text>Ordered to be Reported by Unanimous Consent.</text>
        <type>Committee</type>
      </item>
      <item>
        <actionDate>2017-11-02</actionDate>
        <committee>
          <systemCode>hsgo00</systemCode>
          <name>Oversight and Government Reform Committee</name>
        </committee>
        <links />
        <sourceSystem>
          <name>House committee actions</name>
          <code>1</code>
        </sourceSystem>
        <text>Committee Consideration and Mark-up Session Held.</text>
        <type>Committee</type>
      </item>
      <item>
        <type>IntroReferral</type>
        <links />
        <committee>
          <systemCode>hsgo00</systemCode>
          <name>Oversight and Government Reform Committee</name>
        </committee>
        <text>Referred to the House Committee on Oversight and Government Reform.</text>
        <actionCode>H11100</actionCode>
        <actionDate>2017-09-25</actionDate>
        <sourceSystem>
          <name>House floor actions</name>
          <code>2</code>
        </sourceSystem>
      </item>
      <item>
        <type>IntroReferral</type>
        <links />
        <committee />
        <text>Introduced in House</text>
        <actionCode>Intro-H</actionCode>
        <actionDate>2017-09-25</actionDate>
        <sourceSystem>
          <name>Library of Congress</name>
          <code>9</code>
        </sourceSystem>
      </item>
      <item>
        <type>IntroReferral</type>
        <links />
        <committee />
        <text>Introduced in House</text>
        <actionCode>1000</actionCode>
        <actionDate>2017-09-25</actionDate>
        <sourceSystem>
          <name>Library of Congress</name>
          <code>9</code>
        </sourceSystem>
      </item>
    </actions>
    <subjects>
      <billSubjects>
        <legislativeSubjects>
          <item>
            <name>Congressional tributes</name>
          </item>
          <item>
            <name>Georgia</name>
          </item>
          <item>
            <name>Government buildings, facilities, and property</name>
          </item>
          <item>
            <name>Postal service</name>
          </item>
        </legislativeSubjects>
        <policyArea>
          <name>Government Operations and Politics</name>
        </policyArea>
      </billSubjects>
    </subjects>
    <laws />
    <createDate>2017-09-26T03:11:21Z</createDate>
    <title>To designate the facility of the United States Postal Service located at 430 Main Street in Clermont, Georgia, as the "Zack T. Addington Post Office".</title>
    <committeeReports />
    <billType>HR</billType>
    <introducedDate>2017-09-25</introducedDate>
    <updateDate>2018-03-01T17:45:10Z</updateDate>
    <summaries>
      <billSummaries>
        <item>
          <versionCode>00</versionCode>
          <name>Introduced in House</name>
          <actionDate>2017-09-25</actionDate>
          <lastSummaryUpdateDate>2017-09-26T08:06:35Z</lastSummaryUpdateDate>
          <text><![CDATA[Designates the facility of the United States Postal Service located at 430 Main Street in Clermont, Georgia, as the "Zachary Addington Post Office."]]></text>
          <updateDate>2017-09-25T04:00:00Z</updateDate>
          <actionDesc>Introduced in House</actionDesc>
        </item>
        <item>
          <versionCode>36</versionCode>
          <name>Passed House amended</name>
          <actionDate>2017-11-15</actionDate>
          <lastSummaryUpdateDate>2018-01-19T20:11:01Z</lastSummaryUpdateDate>
          <text><![CDATA[<p>(Sec. 1) Designates the facility of the United States Postal Service located at 430 Main Street in Clermont, Georgia, as the "Zack T. Addington Post Office."</p>]]></text>
          <updateDate>2017-11-15T17:07:18Z</updateDate>
          <actionDesc>Passed House amended</actionDesc>
        </item>
      </billSummaries>
    </summaries>
    <cosponsors>
      <item>
        <party>D</party>
        <sponsorshipDate>2017-09-25</sponsorshipDate>
        <middleName>D.</middleName>
        <bioguideId>B000490</bioguideId>
        <isOriginalCosponsor>True</isOriginalCosponsor>
        <lastName>BISHOP</lastName>
        <identifiers>
          <bioguideId>B000490</bioguideId>
          <gpoId>7899</gpoId>
          <lisID>91</lisID>
        </identifiers>
        <state>GA</state>
        <fullName>Rep. Bishop, Sanford D., Jr. [D-GA-2]</fullName>
        <sponsorshipWithdrawnDate />
        <firstName>SANFORD</firstName>
        <district>2</district>
      </item>
      <item>
        <party>R</party>
        <sponsorshipDate>2017-09-25</sponsorshipDate>
        <middleName />
        <bioguideId>W000810</bioguideId>
        <isOriginalCosponsor>True</isOriginalCosponsor>
        <lastName>Woodall</lastName>
        <identifiers>
          <lisID>2008</lisID>
          <bioguideId>W000810</bioguideId>
          <gpoId>7904</gpoId>
        </identifiers>
        <state>GA</state>
        <fullName>Rep. Woodall, Rob [R-GA-7]</fullName>
        <sponsorshipWithdrawnDate />
        <firstName>Rob</firstName>
        <district>7</district>
      </item>
      <item>
        <party>R</party>
        <sponsorshipDate>2017-09-25</sponsorshipDate>
        <middleName>B.</middleName>
        <bioguideId>H001071</bioguideId>
        <isOriginalCosponsor>True</isOriginalCosponsor>
        <lastName>Hice</lastName>
        <identifiers>
          <gpoId />
          <bioguideId>H001071</bioguideId>
          <lisID>2237</lisID>
        </identifiers>
        <state>GA</state>
        <fullName>Rep. Hice, Jody B. [R-GA-10]</fullName>
        <sponsorshipWithdrawnDate />
        <firstName>Jody</firstName>
        <district>10</district>
      </item>
      <item>
        <party>R</party>
        <sponsorshipDate>2017-09-25</sponsorshipDate>
        <middleName />
        <bioguideId>G000560</bioguideId>
        <isOriginalCosponsor>True</isOriginalCosponsor>
        <lastName>Graves</lastName>
        <identifiers>
          <bioguideId>G000560</bioguideId>
          <lisID>1979</lisID>
          <gpoId>7906</gpoId>
        </identifiers>
        <state>GA</state>
        <fullName>Rep. Graves, Tom [R-GA-14]</fullName>
        <sponsorshipWithdrawnDate />
        <firstName>Tom</firstName>
        <district>14</district>
      </item>
      <item>
        <party>R</party>
        <sponsorshipDate>2017-09-25</sponsorshipDate>
        <middleName />
        <bioguideId>S001189</bioguideId>
        <isOriginalCosponsor>True</isOriginalCosponsor>
        <lastName>Scott</lastName>
        <identifiers>
          <gpoId>7905</gpoId>
          <lisID>2009</lisID>
          <bioguideId>S001189</bioguideId>
        </identifiers>
        <state>GA</state>
        <fullName>Rep. Scott, Austin [R-GA-8]</fullName>
        <sponsorshipWithdrawnDate />
        <firstName>Austin</firstName>
        <district>8</district>
      </item>
      <item>
        <party>R</party>
        <sponsorshipDate>2017-09-25</sponsorshipDate>
        <middleName>W.</middleName>
        <bioguideId>A000372</bioguideId>
        <isOriginalCosponsor>True</isOriginalCosponsor>
        <lastName>Allen</lastName>
        <identifiers>
          <bioguideId>A000372</bioguideId>
          <gpoId />
          <lisID>2239</lisID>
        </identifiers>
        <state>GA</state>
        <fullName>Rep. Allen, Rick W. [R-GA-12]</fullName>
        <sponsorshipWithdrawnDate />
        <firstName>Rick</firstName>
        <district>12</district>
      </item>
      <item>
        <party>R</party>
        <sponsorshipDate>2017-09-25</sponsorshipDate>
        <middleName />
        <bioguideId>L000583</bioguideId>
        <isOriginalCosponsor>True</isOriginalCosponsor>
        <lastName>Loudermilk</lastName>
        <identifiers>
          <gpoId />
          <lisID>2238</lisID>
          <bioguideId>L000583</bioguideId>
        </identifiers>
        <state>GA</state>
        <fullName>Rep. Loudermilk, Barry [R-GA-11]</fullName>
        <sponsorshipWithdrawnDate />
        <firstName>Barry</firstName>
        <district>11</district>
      </item>
      <item>
        <party>D</party>
        <sponsorshipDate>2017-09-25</sponsorshipDate>
        <middleName>C. "Hank"</middleName>
        <bioguideId>J000288</bioguideId>
        <isOriginalCosponsor>True</isOriginalCosponsor>
        <lastName>Johnson</lastName>
        <identifiers>
          <bioguideId>J000288</bioguideId>
          <lisID>1843</lisID>
          <gpoId>7901</gpoId>
        </identifiers>
        <state>GA</state>
        <fullName>Rep. Johnson, Henry C. "Hank," Jr. [D-GA-4]</fullName>
        <sponsorshipWithdrawnDate />
        <firstName>Henry</firstName>
        <district>4</district>
      </item>
      <item>
        <party>R</party>
        <sponsorshipDate>2017-09-25</sponsorshipDate>
        <middleName>L. "Buddy"</middleName>
        <bioguideId>C001103</bioguideId>
        <isOriginalCosponsor>True</isOriginalCosponsor>
        <lastName>Carter</lastName>
        <identifiers>
          <lisID>2236</lisID>
          <bioguideId>C001103</bioguideId>
          <gpoId />
        </identifiers>
        <state>GA</state>
        <fullName>Rep. Carter, Earl L. "Buddy" [R-GA-1]</fullName>
        <sponsorshipWithdrawnDate />
        <firstName>Earl</firstName>
        <district>1</district>
      </item>
      <item>
        <party>D</party>
        <sponsorshipDate>2017-09-25</sponsorshipDate>
        <middleName />
        <bioguideId>S001157</bioguideId>
        <isOriginalCosponsor>True</isOriginalCosponsor>
        <lastName>Scott</lastName>
        <identifiers>
          <lisID>1722</lisID>
          <gpoId>7910</gpoId>
          <bioguideId>S001157</bioguideId>
        </identifiers>
        <state>GA</state>
        <fullName>Rep. Scott, David [D-GA-13]</fullName>
        <sponsorshipWithdrawnDate />
        <firstName>David</firstName>
        <district>13</district>
      </item>
      <item>
        <party>R</party>
        <sponsorshipDate>2017-09-25</sponsorshipDate>
        <middleName>Drew</middleName>
        <bioguideId>F000465</bioguideId>
        <isOriginalCosponsor>True</isOriginalCosponsor>
        <lastName>Ferguson</lastName>
        <identifiers>
          <lisID>2324</lisID>
          <gpoId />
          <bioguideId>F000465</bioguideId>
        </identifiers>
        <state>GA</state>
        <fullName>Rep. Ferguson, A. Drew, IV [R-GA-3]</fullName>
        <sponsorshipWithdrawnDate />
        <firstName>A.</firstName>
        <district>3</district>
      </item>
      <item>
        <party>D</party>
        <sponsorshipDate>2017-09-25</sponsorshipDate>
        <middleName />
        <bioguideId>L000287</bioguideId>
        <isOriginalCosponsor>True</isOriginalCosponsor>
        <lastName>LEWIS</lastName>
        <identifiers>
          <gpoId>7902</gpoId>
          <lisID>688</lisID>
          <bioguideId>L000287</bioguideId>
        </identifiers>
        <state>GA</state>
        <fullName>Rep. Lewis, John [D-GA-5]</fullName>
        <sponsorshipWithdrawnDate />
        <firstName>JOHN</firstName>
        <district>5</district>
      </item>
      <item>
        <party>R</party>
        <sponsorshipDate>2017-09-25</sponsorshipDate>
        <middleName>C.</middleName>
        <bioguideId>H001078</bioguideId>
        <isOriginalCosponsor>True</isOriginalCosponsor>
        <lastName>Handel</lastName>
        <identifiers>
          <gpoId />
          <bioguideId>H001078</bioguideId>
          <lisID>2360</lisID>
        </identifiers>
        <state>GA</state>
        <fullName>Rep. Handel, Karen C. [R-GA-6]</fullName>
        <sponsorshipWithdrawnDate />
        <firstName>Karen</firstName>
        <district>6</district>
      </item>
    </cosponsors>
    <billNumber>3821</billNumber>
    <recordedVotes>
      <recordedVote>
        <date>2017-11-15T21:41:57Z</date>
        <chamber>House</chamber>
        <url>http://clerk.house.gov/evs/2017/roll635.xml</url>
        <fullActionName>Final Passage Under Suspension of the Rules Results</fullActionName>
        <sessionNumber>1</sessionNumber>
        <congress>115</congress>
        <rollNumber>635</rollNumber>
      </recordedVote>
    </recordedVotes>
    <version>1.0.0</version>
    <calendarNumbers>
      <item>
        <number>0330</number>
        <calendar>Senate Calendar of Business</calendar>
      </item>
    </calendarNumbers>
    <cboCostEstimates />
    <amendments />
    <latestAction>
      <actionDate>2018-02-15</actionDate>
      <links />
      <text>Placed on Senate Legislative Calendar under General Orders. Calendar No. 330.</text>
    </latestAction>
  </bill>
  <dublinCore xmlns:dc="http://purl.org/dc/elements/1.1/">
    <dc:format>text/xml</dc:format>
    <dc:language>EN</dc:language>
    <dc:rights>Pursuant to Title 17 Section 105 of the United States Code, this file is not subject to copyright protection and is in the public domain.</dc:rights>
    <dc:contributor>Congressional Research Service, Library of Congress</dc:contributor>
    <dc:description>This file contains bill summaries and statuses for federal legislation. A bill summary describes the most significant provisions of a piece of legislation and details the effects the legislative text may have on current law and federal programs. Bill summaries are authored by the Congressional Research Service (CRS) of the Library of Congress. As stated in Public Law 91-510 (2 USC 166 (d)(6)), one of the duties of CRS is "to prepare summaries and digests of bills and resolutions of a public general nature introduced in the Senate or House of Representatives". For more information, refer to the User Guide that accompanies this file.</dc:description>
  </dublinCore>
</billStatus>

