<?xml version="1.0" encoding="UTF-8"?>
<billStatus>
  <bill>
    <policyArea>
      <name>Civil Rights and Liberties, Minority Issues</name>
    </policyArea>
    <committeeReports />
    <congress>115</congress>
    <sponsors>
      <item>
        <identifiers>
          <bioguideId>R000577</bioguideId>
          <lisID>1756</lisID>
          <gpoId>8107</gpoId>
        </identifiers>
        <district>13</district>
        <middleName />
        <byRequestType />
        <fullName>Rep. Ryan, Tim [D-OH-13]</fullName>
        <bioguideId>R000577</bioguideId>
        <state>OH</state>
        <party>D</party>
        <firstName>TIM</firstName>
        <lastName>RYAN</lastName>
      </item>
    </sponsors>
    <calendarNumbers />
    <amendments />
    <relatedBills />
    <notes />
    <originChamber>House</originChamber>
    <version>1.0.0</version>
    <billNumber>812</billNumber>
    <title>To award a Congressional Gold Medal to Simeon Booker in recognition of his achievements in the field of journalism, including reporting during the Civil Rights movement, as well as social and political commentary.</title>
    <cosponsors>
      <item>
        <isOriginalCosponsor>True</isOriginalCosponsor>
        <fullName>Rep. Joyce, David P. [R-OH-14]</fullName>
        <middleName>P.</middleName>
        <sponsorshipDate>2017-02-01</sponsorshipDate>
        <bioguideId>J000295</bioguideId>
        <lastName>Joyce</lastName>
        <party>R</party>
        <district>14</district>
        <firstName>David</firstName>
        <state>OH</state>
        <identifiers>
          <bioguideId>J000295</bioguideId>
          <lisID>2154</lisID>
          <gpoId />
        </identifiers>
        <sponsorshipWithdrawnDate />
      </item>
      <item>
        <isOriginalCosponsor>True</isOriginalCosponsor>
        <fullName>Rep. Fudge, Marcia L. [D-OH-11]</fullName>
        <middleName>L.</middleName>
        <sponsorshipDate>2017-02-01</sponsorshipDate>
        <bioguideId>F000455</bioguideId>
        <lastName>Fudge</lastName>
        <party>D</party>
        <district>11</district>
        <firstName>Marcia</firstName>
        <state>OH</state>
        <identifiers>
          <lisID>1895</lisID>
          <bioguideId>F000455</bioguideId>
          <gpoId>8101</gpoId>
        </identifiers>
        <sponsorshipWithdrawnDate />
      </item>
      <item>
        <isOriginalCosponsor>True</isOriginalCosponsor>
        <fullName>Rep. Beatty, Joyce [D-OH-3]</fullName>
        <middleName />
        <sponsorshipDate>2017-02-01</sponsorshipDate>
        <bioguideId>B001281</bioguideId>
        <lastName>Beatty</lastName>
        <party>D</party>
        <district>3</district>
        <firstName>Joyce</firstName>
        <state>OH</state>
        <identifiers>
          <lisID>2153</lisID>
          <bioguideId>B001281</bioguideId>
          <gpoId />
        </identifiers>
        <sponsorshipWithdrawnDate />
      </item>
      <item>
        <isOriginalCosponsor>True</isOriginalCosponsor>
        <fullName>Rep. Kaptur, Marcy [D-OH-9]</fullName>
        <middleName />
        <sponsorshipDate>2017-02-01</sponsorshipDate>
        <bioguideId>K000009</bioguideId>
        <lastName>KAPTUR</lastName>
        <party>D</party>
        <district>9</district>
        <firstName>MARCY</firstName>
        <state>OH</state>
        <identifiers>
          <lisID>616</lisID>
          <bioguideId>K000009</bioguideId>
          <gpoId>8099</gpoId>
        </identifiers>
        <sponsorshipWithdrawnDate />
      </item>
      <item>
        <isOriginalCosponsor>True</isOriginalCosponsor>
        <fullName>Rep. Norton, Eleanor Holmes [D-DC-At Large]</fullName>
        <middleName>HOLMES</middleName>
        <sponsorshipDate>2017-02-01</sponsorshipDate>
        <bioguideId>N000147</bioguideId>
        <lastName>NORTON</lastName>
        <party>D</party>
        <district>0</district>
        <firstName>ELEANOR</firstName>
        <state>DC</state>
        <identifiers>
          <bioguideId>N000147</bioguideId>
          <lisID>868</lisID>
          <gpoId>7871</gpoId>
        </identifiers>
        <sponsorshipWithdrawnDate />
      </item>
      <item>
        <isOriginalCosponsor>True</isOriginalCosponsor>
        <fullName>Rep. Cummings, Elijah E. [D-MD-7]</fullName>
        <middleName>E.</middleName>
        <sponsorshipDate>2017-02-01</sponsorshipDate>
        <bioguideId>C000984</bioguideId>
        <lastName>CUMMINGS</lastName>
        <party>D</party>
        <district>7</district>
        <firstName>ELIJAH</firstName>
        <state>MD</state>
        <identifiers>
          <lisID>256</lisID>
          <bioguideId>C000984</bioguideId>
          <gpoId>7982</gpoId>
        </identifiers>
        <sponsorshipWithdrawnDate />
      </item>
      <item>
        <isOriginalCosponsor>True</isOriginalCosponsor>
        <fullName>Rep. Cohen, Steve [D-TN-9]</fullName>
        <middleName />
        <sponsorshipDate>2017-02-01</sponsorshipDate>
        <bioguideId>C001068</bioguideId>
        <lastName>Cohen</lastName>
        <party>D</party>
        <district>9</district>
        <firstName>Steve</firstName>
        <state>TN</state>
        <identifiers>
          <lisID>1878</lisID>
          <gpoId>8156</gpoId>
          <bioguideId>C001068</bioguideId>
        </identifiers>
        <sponsorshipWithdrawnDate />
      </item>
      <item>
        <isOriginalCosponsor>True</isOriginalCosponsor>
        <fullName>Rep. Johnson, Eddie Bernice [D-TX-30]</fullName>
        <middleName>BERNICE</middleName>
        <sponsorshipDate>2017-02-01</sponsorshipDate>
        <bioguideId>J000126</bioguideId>
        <lastName>JOHNSON</lastName>
        <party>D</party>
        <district>30</district>
        <firstName>EDDIE</firstName>
        <state>TX</state>
        <identifiers>
          <lisID>599</lisID>
          <bioguideId>J000126</bioguideId>
          <gpoId>8186</gpoId>
        </identifiers>
        <sponsorshipWithdrawnDate />
      </item>
      <item>
        <isOriginalCosponsor>True</isOriginalCosponsor>
        <fullName>Rep. Smith, Adam [D-WA-9]</fullName>
        <middleName />
        <sponsorshipDate>2017-02-01</sponsorshipDate>
        <bioguideId>S000510</bioguideId>
        <lastName>SMITH</lastName>
        <party>D</party>
        <district>9</district>
        <firstName>ADAM</firstName>
        <state>WA</state>
        <identifiers>
          <lisID>1528</lisID>
          <bioguideId>S000510</bioguideId>
          <gpoId>8213</gpoId>
        </identifiers>
        <sponsorshipWithdrawnDate />
      </item>
      <item>
        <isOriginalCosponsor>True</isOriginalCosponsor>
        <fullName>Rep. Richmond, Cedric L. [D-LA-2]</fullName>
        <middleName>L.</middleName>
        <sponsorshipDate>2017-02-01</sponsorshipDate>
        <bioguideId>R000588</bioguideId>
        <lastName>Richmond</lastName>
        <party>D</party>
        <district>2</district>
        <firstName>Cedric</firstName>
        <state>LA</state>
        <identifiers>
          <lisID>2023</lisID>
          <bioguideId>R000588</bioguideId>
          <gpoId>7960</gpoId>
        </identifiers>
        <sponsorshipWithdrawnDate />
      </item>
      <item>
        <isOriginalCosponsor>True</isOriginalCosponsor>
        <fullName>Rep. Conyers, John, Jr. [D-MI-13]</fullName>
        <middleName />
        <sponsorshipDate>2017-02-01</sponsorshipDate>
        <bioguideId>C000714</bioguideId>
        <lastName>CONYERS</lastName>
        <party>D</party>
        <district>13</district>
        <firstName>JOHN</firstName>
        <state>MI</state>
        <identifiers>
          <bioguideId>C000714</bioguideId>
          <gpoId>7999</gpoId>
          <lisID>229</lisID>
        </identifiers>
        <sponsorshipWithdrawnDate />
      </item>
      <item>
        <isOriginalCosponsor>True</isOriginalCosponsor>
        <fullName>Rep. Moore, Gwen [D-WI-4]</fullName>
        <middleName />
        <sponsorshipDate>2017-02-01</sponsorshipDate>
        <bioguideId>M001160</bioguideId>
        <lastName>Moore</lastName>
        <party>D</party>
        <district>4</district>
        <firstName>Gwen</firstName>
        <state>WI</state>
        <identifiers>
          <gpoId>8217</gpoId>
          <bioguideId>M001160</bioguideId>
          <lisID>1811</lisID>
        </identifiers>
        <sponsorshipWithdrawnDate />
      </item>
      <item>
        <isOriginalCosponsor>True</isOriginalCosponsor>
        <fullName>Rep. Clay, Wm. Lacy [D-MO-1]</fullName>
        <middleName>LACY</middleName>
        <sponsorshipDate>2017-02-01</sponsorshipDate>
        <bioguideId>C001049</bioguideId>
        <lastName>CLAY</lastName>
        <party>D</party>
        <district>1</district>
        <firstName>WM.</firstName>
        <state>MO</state>
        <identifiers>
          <gpoId>8009</gpoId>
          <lisID>1654</lisID>
          <bioguideId>C001049</bioguideId>
        </identifiers>
        <sponsorshipWithdrawnDate />
      </item>
      <item>
        <isOriginalCosponsor>True</isOriginalCosponsor>
        <fullName>Rep. Soto, Darren [D-FL-9]</fullName>
        <middleName />
        <sponsorshipDate>2017-02-01</sponsorshipDate>
        <bioguideId>S001200</bioguideId>
        <lastName>Soto</lastName>
        <party>D</party>
        <district>9</district>
        <firstName>Darren</firstName>
        <state>FL</state>
        <identifiers>
          <gpoId />
          <bioguideId>S001200</bioguideId>
          <lisID>2319</lisID>
        </identifiers>
        <sponsorshipWithdrawnDate />
      </item>
      <item>
        <isOriginalCosponsor>False</isOriginalCosponsor>
        <fullName>Rep. Carson, Andre [D-IN-7]</fullName>
        <middleName />
        <sponsorshipDate>2017-02-03</sponsorshipDate>
        <bioguideId>C001072</bioguideId>
        <lastName>Carson</lastName>
        <party>D</party>
        <district>7</district>
        <firstName>Andre</firstName>
        <state>IN</state>
        <identifiers>
          <lisID>1889</lisID>
          <bioguideId>C001072</bioguideId>
          <gpoId>7946</gpoId>
        </identifiers>
        <sponsorshipWithdrawnDate />
      </item>
      <item>
        <isOriginalCosponsor>False</isOriginalCosponsor>
        <fullName>Rep. Hastings, Alcee L. [D-FL-20]</fullName>
        <middleName>L.</middleName>
        <sponsorshipDate>2017-02-03</sponsorshipDate>
        <bioguideId>H000324</bioguideId>
        <lastName>HASTINGS</lastName>
        <party>D</party>
        <district>20</district>
        <firstName>ALCEE</firstName>
        <state>FL</state>
        <identifiers>
          <lisID>511</lisID>
          <bioguideId>H000324</bioguideId>
          <gpoId>7895</gpoId>
        </identifiers>
        <sponsorshipWithdrawnDate />
      </item>
      <item>
        <isOriginalCosponsor>False</isOriginalCosponsor>
        <fullName>Rep. Evans, Dwight [D-PA-2]</fullName>
        <middleName />
        <sponsorshipDate>2017-03-02</sponsorshipDate>
        <bioguideId>E000296</bioguideId>
        <lastName>Evans</lastName>
        <party>D</party>
        <district>2</district>
        <firstName>Dwight</firstName>
        <state>PA</state>
        <identifiers>
          <gpoId />
          <bioguideId>E000296</bioguideId>
          <lisID>2298</lisID>
        </identifiers>
        <sponsorshipWithdrawnDate />
      </item>
      <item>
        <isOriginalCosponsor>False</isOriginalCosponsor>
        <fullName>Rep. Renacci, James B. [R-OH-16]</fullName>
        <middleName>B.</middleName>
        <sponsorshipDate>2017-03-21</sponsorshipDate>
        <bioguideId>R000586</bioguideId>
        <lastName>Renacci</lastName>
        <party>R</party>
        <district>16</district>
        <firstName>James</firstName>
        <state>OH</state>
        <identifiers>
          <lisID>2048</lisID>
          <gpoId>8106</gpoId>
          <bioguideId>R000586</bioguideId>
        </identifiers>
        <sponsorshipWithdrawnDate />
      </item>
      <item>
        <isOriginalCosponsor>False</isOriginalCosponsor>
        <fullName>Rep. Clarke, Yvette D. [D-NY-9]</fullName>
        <middleName>D.</middleName>
        <sponsorshipDate>2017-04-25</sponsorshipDate>
        <bioguideId>C001067</bioguideId>
        <lastName>Clarke</lastName>
        <party>D</party>
        <district>9</district>
        <firstName>Yvette</firstName>
        <state>NY</state>
        <identifiers>
          <bioguideId>C001067</bioguideId>
          <gpoId>8072</gpoId>
          <lisID>1864</lisID>
        </identifiers>
        <sponsorshipWithdrawnDate />
      </item>
      <item>
        <isOriginalCosponsor>False</isOriginalCosponsor>
        <fullName>Rep. Meeks, Gregory W. [D-NY-5]</fullName>
        <middleName>W.</middleName>
        <sponsorshipDate>2017-04-25</sponsorshipDate>
        <bioguideId>M001137</bioguideId>
        <lastName>MEEKS</lastName>
        <party>D</party>
        <district>5</district>
        <firstName>GREGORY</firstName>
        <state>NY</state>
        <identifiers>
          <lisID>1506</lisID>
          <bioguideId>M001137</bioguideId>
          <gpoId>8067</gpoId>
        </identifiers>
        <sponsorshipWithdrawnDate />
      </item>
      <item>
        <isOriginalCosponsor>False</isOriginalCosponsor>
        <fullName>Rep. Ellison, Keith [D-MN-5]</fullName>
        <middleName />
        <sponsorshipDate>2017-04-25</sponsorshipDate>
        <bioguideId>E000288</bioguideId>
        <lastName>Ellison</lastName>
        <party>D</party>
        <district>5</district>
        <firstName>Keith</firstName>
        <state>MN</state>
        <identifiers>
          <lisID>1857</lisID>
          <bioguideId>E000288</bioguideId>
          <gpoId>8005</gpoId>
        </identifiers>
        <sponsorshipWithdrawnDate />
      </item>
      <item>
        <isOriginalCosponsor>False</isOriginalCosponsor>
        <fullName>Rep. Johnson, Bill [R-OH-6]</fullName>
        <middleName />
        <sponsorshipDate>2017-05-17</sponsorshipDate>
        <bioguideId>J000292</bioguideId>
        <lastName>Johnson</lastName>
        <party>R</party>
        <district>6</district>
        <firstName>Bill</firstName>
        <state>OH</state>
        <identifiers>
          <lisID>2046</lisID>
          <bioguideId>J000292</bioguideId>
          <gpoId>8096</gpoId>
        </identifiers>
        <sponsorshipWithdrawnDate />
      </item>
      <item>
        <isOriginalCosponsor>False</isOriginalCosponsor>
        <fullName>Rep. Jackson Lee, Sheila [D-TX-18]</fullName>
        <middleName />
        <sponsorshipDate>2017-07-27</sponsorshipDate>
        <bioguideId>J000032</bioguideId>
        <lastName>JACKSON LEE</lastName>
        <party>D</party>
        <district>18</district>
        <firstName>SHEILA</firstName>
        <state>TX</state>
        <identifiers>
          <bioguideId>J000032</bioguideId>
          <gpoId>8174</gpoId>
          <lisID>588</lisID>
        </identifiers>
        <sponsorshipWithdrawnDate />
      </item>
      <item>
        <isOriginalCosponsor>False</isOriginalCosponsor>
        <fullName>Rep. Raskin, Jamie [D-MD-8]</fullName>
        <middleName />
        <sponsorshipDate>2017-08-11</sponsorshipDate>
        <bioguideId>R000606</bioguideId>
        <lastName>Raskin</lastName>
        <party>D</party>
        <district>8</district>
        <firstName>Jamie</firstName>
        <state>MD</state>
        <identifiers>
          <lisID>2332</lisID>
          <gpoId />
          <bioguideId>R000606</bioguideId>
        </identifiers>
        <sponsorshipWithdrawnDate />
      </item>
      <item>
        <isOriginalCosponsor>False</isOriginalCosponsor>
        <fullName>Rep. Turner, Michael R. [R-OH-10]</fullName>
        <middleName>R.</middleName>
        <sponsorshipDate>2017-08-11</sponsorshipDate>
        <bioguideId>T000463</bioguideId>
        <lastName>Turner</lastName>
        <party>R</party>
        <district>10</district>
        <firstName>Michael</firstName>
        <state>OH</state>
        <identifiers>
          <lisID>1741</lisID>
          <bioguideId>T000463</bioguideId>
          <gpoId>8093</gpoId>
        </identifiers>
        <sponsorshipWithdrawnDate />
      </item>
      <item>
        <isOriginalCosponsor>False</isOriginalCosponsor>
        <fullName>Rep. Gonzalez, Vicente [D-TX-15]</fullName>
        <middleName />
        <sponsorshipDate>2017-08-11</sponsorshipDate>
        <bioguideId>G000581</bioguideId>
        <lastName>Gonzalez</lastName>
        <party>D</party>
        <district>15</district>
        <firstName>Vicente</firstName>
        <state>TX</state>
        <identifiers>
          <lisID>2349</lisID>
          <bioguideId>G000581</bioguideId>
          <gpoId />
        </identifiers>
        <sponsorshipWithdrawnDate />
      </item>
      <item>
        <isOriginalCosponsor>False</isOriginalCosponsor>
        <fullName>Rep. Krishnamoorthi, Raja [D-IL-8]</fullName>
        <middleName />
        <sponsorshipDate>2017-09-06</sponsorshipDate>
        <bioguideId>K000391</bioguideId>
        <lastName>Krishnamoorthi</lastName>
        <party>D</party>
        <district>8</district>
        <firstName>Raja</firstName>
        <state>IL</state>
        <identifiers>
          <lisID>2325</lisID>
          <bioguideId>K000391</bioguideId>
          <gpoId />
        </identifiers>
        <sponsorshipWithdrawnDate />
      </item>
      <item>
        <isOriginalCosponsor>False</isOriginalCosponsor>
        <fullName>Rep. Lawson, Al, Jr. [D-FL-5]</fullName>
        <middleName />
        <sponsorshipDate>2017-09-06</sponsorshipDate>
        <bioguideId>L000586</bioguideId>
        <lastName>Lawson</lastName>
        <party>D</party>
        <district>5</district>
        <firstName>Al</firstName>
        <state>FL</state>
        <identifiers>
          <bioguideId>L000586</bioguideId>
          <lisID>2317</lisID>
          <gpoId />
        </identifiers>
        <sponsorshipWithdrawnDate />
      </item>
      <item>
        <isOriginalCosponsor>False</isOriginalCosponsor>
        <fullName>Rep. Grijalva, Raul M. [D-AZ-3]</fullName>
        <middleName>M.</middleName>
        <sponsorshipDate>2017-09-07</sponsorshipDate>
        <bioguideId>G000551</bioguideId>
        <lastName>Grijalva</lastName>
        <party>D</party>
        <district>3</district>
        <firstName>Raul</firstName>
        <state>AZ</state>
        <identifiers>
          <lisID>1708</lisID>
          <bioguideId>G000551</bioguideId>
          <gpoId>7804</gpoId>
        </identifiers>
        <sponsorshipWithdrawnDate />
      </item>
      <item>
        <isOriginalCosponsor>False</isOriginalCosponsor>
        <fullName>Rep. Kennedy, Joseph P., III [D-MA-4]</fullName>
        <middleName>P.</middleName>
        <sponsorshipDate>2017-09-07</sponsorshipDate>
        <bioguideId>K000379</bioguideId>
        <lastName>Kennedy</lastName>
        <party>D</party>
        <district>4</district>
        <firstName>Joseph</firstName>
        <state>MA</state>
        <identifiers>
          <lisID>2172</lisID>
          <bioguideId>K000379</bioguideId>
          <gpoId />
        </identifiers>
        <sponsorshipWithdrawnDate />
      </item>
      <item>
        <isOriginalCosponsor>False</isOriginalCosponsor>
        <fullName>Rep. Harper, Gregg [R-MS-3]</fullName>
        <middleName />
        <sponsorshipDate>2017-09-08</sponsorshipDate>
        <bioguideId>H001045</bioguideId>
        <lastName>Harper</lastName>
        <party>R</party>
        <district>3</district>
        <firstName>Gregg</firstName>
        <state>MS</state>
        <identifiers>
          <lisID>1933</lisID>
          <bioguideId>H001045</bioguideId>
          <gpoId>8021</gpoId>
        </identifiers>
        <sponsorshipWithdrawnDate />
      </item>
      <item>
        <isOriginalCosponsor>False</isOriginalCosponsor>
        <fullName>Rep. Cicilline, David N. [D-RI-1]</fullName>
        <middleName>N.</middleName>
        <sponsorshipDate>2017-09-12</sponsorshipDate>
        <bioguideId>C001084</bioguideId>
        <lastName>Cicilline</lastName>
        <party>D</party>
        <district>1</district>
        <firstName>David</firstName>
        <state>RI</state>
        <identifiers>
          <gpoId>8139</gpoId>
          <bioguideId>C001084</bioguideId>
          <lisID>2055</lisID>
        </identifiers>
        <sponsorshipWithdrawnDate />
      </item>
      <item>
        <isOriginalCosponsor>False</isOriginalCosponsor>
        <fullName>Rep. Rush, Bobby L. [D-IL-1]</fullName>
        <middleName>L.</middleName>
        <sponsorshipDate>2017-09-14</sponsorshipDate>
        <bioguideId>R000515</bioguideId>
        <lastName>RUSH</lastName>
        <party>D</party>
        <district>1</district>
        <firstName>BOBBY</firstName>
        <state>IL</state>
        <identifiers>
          <lisID>1003</lisID>
          <bioguideId>R000515</bioguideId>
          <gpoId>7921</gpoId>
        </identifiers>
        <sponsorshipWithdrawnDate />
      </item>
      <item>
        <isOriginalCosponsor>False</isOriginalCosponsor>
        <fullName>Rep. Comstock, Barbara [R-VA-10]</fullName>
        <middleName />
        <sponsorshipDate>2017-09-14</sponsorshipDate>
        <bioguideId>C001105</bioguideId>
        <lastName>Comstock</lastName>
        <party>R</party>
        <district>10</district>
        <firstName>Barbara</firstName>
        <state>VA</state>
        <identifiers>
          <lisID>2273</lisID>
          <bioguideId>C001105</bioguideId>
          <gpoId />
        </identifiers>
        <sponsorshipWithdrawnDate />
      </item>
      <item>
        <isOriginalCosponsor>False</isOriginalCosponsor>
        <fullName>Rep. Jeffries, Hakeem S. [D-NY-8]</fullName>
        <middleName>S.</middleName>
        <sponsorshipDate>2017-09-25</sponsorshipDate>
        <bioguideId>J000294</bioguideId>
        <lastName>Jeffries</lastName>
        <party>D</party>
        <district>8</district>
        <firstName>Hakeem</firstName>
        <state>NY</state>
        <identifiers>
          <lisID>2149</lisID>
          <bioguideId>J000294</bioguideId>
          <gpoId />
        </identifiers>
        <sponsorshipWithdrawnDate />
      </item>
      <item>
        <isOriginalCosponsor>False</isOriginalCosponsor>
        <fullName>Rep. Lee, Barbara [D-CA-13]</fullName>
        <middleName />
        <sponsorshipDate>2017-09-25</sponsorshipDate>
        <bioguideId>L000551</bioguideId>
        <lastName>LEE</lastName>
        <party>D</party>
        <district>13</district>
        <firstName>BARBARA</firstName>
        <state>CA</state>
        <identifiers>
          <lisID>1501</lisID>
          <bioguideId>L000551</bioguideId>
          <gpoId>7814</gpoId>
        </identifiers>
        <sponsorshipWithdrawnDate />
      </item>
      <item>
        <isOriginalCosponsor>False</isOriginalCosponsor>
        <fullName>Rep. Dingell, Debbie [D-MI-12]</fullName>
        <middleName />
        <sponsorshipDate>2017-09-25</sponsorshipDate>
        <bioguideId>D000624</bioguideId>
        <lastName>Dingell</lastName>
        <party>D</party>
        <district>12</district>
        <firstName>Debbie</firstName>
        <state>MI</state>
        <identifiers>
          <gpoId />
          <bioguideId>D000624</bioguideId>
          <lisID>2251</lisID>
        </identifiers>
        <sponsorshipWithdrawnDate />
      </item>
      <item>
        <isOriginalCosponsor>False</isOriginalCosponsor>
        <fullName>Rep. Thompson, Bennie G. [D-MS-2]</fullName>
        <middleName />
        <sponsorshipDate>2017-09-25</sponsorshipDate>
        <bioguideId>T000193</bioguideId>
        <lastName>THOMPSON</lastName>
        <party>D</party>
        <district>2</district>
        <firstName>BENNIE</firstName>
        <state>MS</state>
        <identifiers>
          <bioguideId>T000193</bioguideId>
          <lisID>1151</lisID>
          <gpoId>8020</gpoId>
        </identifiers>
        <sponsorshipWithdrawnDate />
      </item>
      <item>
        <isOriginalCosponsor>False</isOriginalCosponsor>
        <fullName>Rep. Scott, Robert C. "Bobby" [D-VA-3]</fullName>
        <middleName>C. "Bobby"</middleName>
        <sponsorshipDate>2017-09-28</sponsorshipDate>
        <bioguideId>S000185</bioguideId>
        <lastName>Scott</lastName>
        <party>D</party>
        <district>3</district>
        <firstName>Robert</firstName>
        <state>VA</state>
        <identifiers>
          <lisID>1037</lisID>
          <gpoId>8194</gpoId>
          <bioguideId>S000185</bioguideId>
        </identifiers>
        <sponsorshipWithdrawnDate />
      </item>
      <item>
        <isOriginalCosponsor>False</isOriginalCosponsor>
        <fullName>Rep. Sewell, Terri A. [D-AL-7]</fullName>
        <middleName>A.</middleName>
        <sponsorshipDate>2017-10-02</sponsorshipDate>
        <bioguideId>S001185</bioguideId>
        <lastName>Sewell</lastName>
        <party>D</party>
        <district>7</district>
        <firstName>Terri</firstName>
        <state>AL</state>
        <identifiers>
          <gpoId>7792</gpoId>
          <bioguideId>S001185</bioguideId>
          <lisID>1988</lisID>
        </identifiers>
        <sponsorshipWithdrawnDate />
      </item>
      <item>
        <isOriginalCosponsor>False</isOriginalCosponsor>
        <fullName>Rep. Higgins, Brian [D-NY-26]</fullName>
        <middleName />
        <sponsorshipDate>2017-10-24</sponsorshipDate>
        <bioguideId>H001038</bioguideId>
        <lastName>Higgins</lastName>
        <party>D</party>
        <district>26</district>
        <firstName>Brian</firstName>
        <state>NY</state>
        <identifiers>
          <gpoId>8088</gpoId>
          <bioguideId>H001038</bioguideId>
          <lisID>1794</lisID>
        </identifiers>
        <sponsorshipWithdrawnDate />
      </item>
      <item>
        <isOriginalCosponsor>False</isOriginalCosponsor>
        <fullName>Rep. Lewis, John [D-GA-5]</fullName>
        <middleName />
        <sponsorshipDate>2018-02-05</sponsorshipDate>
        <bioguideId>L000287</bioguideId>
        <lastName>LEWIS</lastName>
        <party>D</party>
        <district>5</district>
        <firstName>JOHN</firstName>
        <state>GA</state>
        <identifiers>
          <bioguideId>L000287</bioguideId>
          <lisID>688</lisID>
          <gpoId>7902</gpoId>
        </identifiers>
        <sponsorshipWithdrawnDate />
      </item>
    </cosponsors>
    <subjects>
      <billSubjects>
        <legislativeSubjects>
          <item>
            <name>Congressional tributes</name>
          </item>
          <item>
            <name>News media and reporting</name>
          </item>
          <item>
            <name>Racial and ethnic relations</name>
          </item>
        </legislativeSubjects>
        <policyArea>
          <name>Civil Rights and Liberties, Minority Issues</name>
        </policyArea>
      </billSubjects>
    </subjects>
    <constitutionalAuthorityStatementText><![CDATA[<pre>From the Congressional Record Online through the Government Publishing Office [<a href='http://www.gpo.gov'>www.gpo.gov</a>]By Mr. RYAN of Ohio:H.R. 812.Congress has the power to enact this legislation pursuantto the following:Article I, Section 8: To make all Laws which shall benecessary and proper for carrying into Execution theforegoing Powers, and all other Powers vested by thisConstitution in the Government of the United States, or inany Department or Officer thereof.[Page H878]</pre>]]></constitutionalAuthorityStatementText>
    <laws />
    <actions>
      <actionTypeCounts>
        <introducedInHouse>1</introducedInHouse>
        <introducedInTheHouse>1</introducedInTheHouse>
        <billReferrals>1</billReferrals>
      </actionTypeCounts>
      <item>
        <type>IntroReferral</type>
        <text>Referred to the House Committee on Financial Services.</text>
        <links />
        <committee>
          <systemCode>hsba00</systemCode>
          <name>Financial Services Committee</name>
        </committee>
        <sourceSystem>
          <code>2</code>
          <name>House floor actions</name>
        </sourceSystem>
        <actionDate>2017-02-01</actionDate>
        <actionCode>H11100</actionCode>
      </item>
      <item>
        <type>IntroReferral</type>
        <text>Introduced in House</text>
        <links />
        <committee />
        <sourceSystem>
          <code>9</code>
          <name>Library of Congress</name>
        </sourceSystem>
        <actionDate>2017-02-01</actionDate>
        <actionCode>Intro-H</actionCode>
      </item>
      <item>
        <type>IntroReferral</type>
        <text>Introduced in House</text>
        <links />
        <committee />
        <sourceSystem>
          <code>9</code>
          <name>Library of Congress</name>
        </sourceSystem>
        <actionDate>2017-02-01</actionDate>
        <actionCode>1000</actionCode>
      </item>
      <actionByCounts>
        <houseOfRepresentatives>3</houseOfRepresentatives>
      </actionByCounts>
    </actions>
    <titles>
      <item>
        <title>To award a Congressional Gold Medal to Simeon Booker in recognition of his achievements in the field of journalism, including reporting during the Civil Rights movement, as well as social and political commentary.</title>
        <titleType>Official Title as Introduced</titleType>
        <parentTitleType />
        <chamberCode />
        <chamberName />
      </item>
      <item>
        <title>To award a Congressional Gold Medal to Simeon Booker in recognition of his achievements in the field of journalism, including reporting during the Civil Rights movement, as well as social and political commentary.</title>
        <titleType>Display Title</titleType>
        <parentTitleType />
        <chamberCode />
        <chamberName />
      </item>
    </titles>
    <summaries>
      <billSummaries>
        <item>
          <versionCode>00</versionCode>
          <actionDate>2017-02-01</actionDate>
          <updateDate>2017-02-01T05:00:00Z</updateDate>
          <text><![CDATA[<p>This bill directs the&nbsp;Speaker of the House of Representatives and the President pro tempore of the Senate&nbsp;to arrange for the presentation of a Congressional Gold Medal to Simeon Saunders Booker, Jr., in recognition of his achievements in the field of journalism, including his reporting during the civil rights movement and his social and political commentary.</p>]]></text>
          <actionDesc>Introduced in House</actionDesc>
          <name>Introduced in House</name>
          <lastSummaryUpdateDate>2017-02-27T19:57:04Z</lastSummaryUpdateDate>
        </item>
      </billSummaries>
    </summaries>
    <committees>
      <billCommittees>
        <item>
          <name>Financial Services Committee</name>
          <chamber>House</chamber>
          <type>Standing</type>
          <subcommittees />
          <systemCode>hsba00</systemCode>
          <activities>
            <item>
              <name>Referred to</name>
              <date>2017-02-01T15:01:40Z</date>
            </item>
          </activities>
        </item>
      </billCommittees>
    </committees>
    <introducedDate>2017-02-01</introducedDate>
    <updateDate>2018-02-06T16:41:12Z</updateDate>
    <cboCostEstimates />
    <recordedVotes />
    <billType>HR</billType>
    <createDate>2017-02-02T05:28:45Z</createDate>
    <latestAction>
      <text>Referred to the House Committee on Financial Services.</text>
      <links />
      <actionDate>2017-02-01</actionDate>
    </latestAction>
  </bill>
  <dublinCore xmlns:dc="http://purl.org/dc/elements/1.1/">
    <dc:format>text/xml</dc:format>
    <dc:language>EN</dc:language>
    <dc:rights>Pursuant to Title 17 Section 105 of the United States Code, this file is not subject to copyright protection and is in the public domain.</dc:rights>
    <dc:contributor>Congressional Research Service, Library of Congress</dc:contributor>
    <dc:description>This file contains bill summaries and statuses for federal legislation. A bill summary describes the most significant provisions of a piece of legislation and details the effects the legislative text may have on current law and federal programs. Bill summaries are authored by the Congressional Research Service (CRS) of the Library of Congress. As stated in Public Law 91-510 (2 USC 166 (d)(6)), one of the duties of CRS is "to prepare summaries and digests of bills and resolutions of a public general nature introduced in the Senate or House of Representatives". For more information, refer to the User Guide that accompanies this file.</dc:description>
  </dublinCore>
</billStatus>

