<?xml version="1.0" encoding="UTF-8"?>
<billStatus>
  <bill>
    <updateDate>2018-02-28T08:16:26Z</updateDate>
    <cboCostEstimates />
    <latestAction>
      <text>Referred to the House Committee on Financial Services.</text>
      <links />
      <actionDate>2017-05-19</actionDate>
    </latestAction>
    <billNumber>2553</billNumber>
    <committeeReports />
    <title>TABS Act of 2017</title>
    <summaries>
      <billSummaries>
        <item>
          <updateDate>2017-05-19T04:00:00Z</updateDate>
          <lastSummaryUpdateDate>2017-07-03T19:21:53Z</lastSummaryUpdateDate>
          <versionCode>00</versionCode>
          <name>Introduced in House</name>
          <text><![CDATA[<p><b>Taking Account of Bureaucrats' Spending Act of 2017 or the TABS Act of 201</b><b>7</b></p> <p>This bill amends the Consumer Financial Protection Act of 2010 to eliminate provisions that fund the Consumer Financial Protection Bureau (CFPB) using transfers from the earnings of the Federal Reserve System. The transfers under current law permit the CFPB to be funded outside of the annual appropriations process, and this bill brings the CFPB into the regular process. </p>]]></text>
          <actionDate>2017-05-19</actionDate>
          <actionDesc>Introduced in House</actionDesc>
        </item>
      </billSummaries>
    </summaries>
    <billType>HR</billType>
    <relatedBills>
      <item>
        <number>3280</number>
        <relationshipDetails>
          <item>
            <type>Related bill</type>
            <identifiedBy>CRS</identifiedBy>
          </item>
        </relationshipDetails>
        <latestTitle>Financial Services and General Government Appropriations Act, 2018</latestTitle>
        <congress>115</congress>
        <latestAction>
          <actionDate>2017-07-18</actionDate>
          <text>Placed on the Union Calendar, Calendar No. 167.</text>
        </latestAction>
        <type>HR</type>
      </item>
    </relatedBills>
    <calendarNumbers />
    <subjects>
      <billSubjects>
        <legislativeSubjects>
          <item>
            <name>Appropriations</name>
          </item>
          <item>
            <name>Consumer Financial Protection Bureau</name>
          </item>
          <item>
            <name>Consumer affairs</name>
          </item>
          <item>
            <name>Executive agency funding and structure</name>
          </item>
          <item>
            <name>Federal Reserve System</name>
          </item>
          <item>
            <name>Financial services and investments</name>
          </item>
        </legislativeSubjects>
        <policyArea>
          <name>Finance and Financial Sector</name>
        </policyArea>
      </billSubjects>
    </subjects>
    <policyArea>
      <name>Finance and Financial Sector</name>
    </policyArea>
    <committees>
      <billCommittees>
        <item>
          <type>Standing</type>
          <chamber>House</chamber>
          <name>Financial Services Committee</name>
          <activities>
            <item>
              <name>Referred to</name>
              <date>2017-05-19T13:01:20Z</date>
            </item>
          </activities>
          <subcommittees />
          <systemCode>hsba00</systemCode>
        </item>
      </billCommittees>
    </committees>
    <createDate>2017-05-20T03:11:40Z</createDate>
    <laws />
    <recordedVotes />
    <cosponsors>
      <item>
        <identifiers>
          <lisID>1997</lisID>
          <gpoId>7861</gpoId>
          <bioguideId>T000470</bioguideId>
        </identifiers>
        <isOriginalCosponsor>True</isOriginalCosponsor>
        <middleName>R.</middleName>
        <firstName>Scott</firstName>
        <sponsorshipDate>2017-05-19</sponsorshipDate>
        <fullName>Rep. Tipton, Scott  R. [R-CO-3]</fullName>
        <district>3</district>
        <sponsorshipWithdrawnDate />
        <party>R</party>
        <lastName>Tipton</lastName>
        <bioguideId>T000470</bioguideId>
        <state>CO</state>
      </item>
      <item>
        <identifiers>
          <lisID>2158</lisID>
          <gpoId />
          <bioguideId>R000598</bioguideId>
        </identifiers>
        <isOriginalCosponsor>True</isOriginalCosponsor>
        <middleName>J.</middleName>
        <firstName>Keith</firstName>
        <sponsorshipDate>2017-05-19</sponsorshipDate>
        <fullName>Rep. Rothfus, Keith J. [R-PA-12]</fullName>
        <district>12</district>
        <sponsorshipWithdrawnDate />
        <party>R</party>
        <lastName>Rothfus</lastName>
        <bioguideId>R000598</bioguideId>
        <state>PA</state>
      </item>
      <item>
        <identifiers>
          <lisID>2271</lisID>
          <gpoId />
          <bioguideId>L000584</bioguideId>
        </identifiers>
        <isOriginalCosponsor>True</isOriginalCosponsor>
        <middleName>B.</middleName>
        <firstName>Mia</firstName>
        <sponsorshipDate>2017-05-19</sponsorshipDate>
        <fullName>Rep. Love, Mia B. [R-UT-4]</fullName>
        <district>4</district>
        <sponsorshipWithdrawnDate />
        <party>R</party>
        <lastName>Love</lastName>
        <bioguideId>L000584</bioguideId>
        <state>UT</state>
      </item>
      <item>
        <identifiers>
          <gpoId />
          <bioguideId>W000812</bioguideId>
          <lisID>2137</lisID>
        </identifiers>
        <isOriginalCosponsor>True</isOriginalCosponsor>
        <middleName />
        <firstName>Ann</firstName>
        <sponsorshipDate>2017-05-19</sponsorshipDate>
        <fullName>Rep. Wagner, Ann [R-MO-2]</fullName>
        <district>2</district>
        <sponsorshipWithdrawnDate />
        <party>R</party>
        <lastName>Wagner</lastName>
        <bioguideId>W000812</bioguideId>
        <state>MO</state>
      </item>
      <item>
        <identifiers>
          <lisID>2072</lisID>
          <bioguideId>D000614</bioguideId>
          <gpoId>8220</gpoId>
        </identifiers>
        <isOriginalCosponsor>True</isOriginalCosponsor>
        <middleName>P.</middleName>
        <firstName>Sean</firstName>
        <sponsorshipDate>2017-05-19</sponsorshipDate>
        <fullName>Rep. Duffy, Sean P. [R-WI-7]</fullName>
        <district>7</district>
        <sponsorshipWithdrawnDate />
        <party>R</party>
        <lastName>Duffy</lastName>
        <bioguideId>D000614</bioguideId>
        <state>WI</state>
      </item>
      <item>
        <identifiers>
          <bioguideId>T000478</bioguideId>
          <lisID>2344</lisID>
          <gpoId />
        </identifiers>
        <isOriginalCosponsor>True</isOriginalCosponsor>
        <middleName />
        <firstName>Claudia</firstName>
        <sponsorshipDate>2017-05-19</sponsorshipDate>
        <fullName>Rep. Tenney, Claudia [R-NY-22]</fullName>
        <district>22</district>
        <sponsorshipWithdrawnDate />
        <party>R</party>
        <lastName>Tenney</lastName>
        <bioguideId>T000478</bioguideId>
        <state>NY</state>
      </item>
      <item>
        <identifiers>
          <gpoId />
          <lisID>2238</lisID>
          <bioguideId>L000583</bioguideId>
        </identifiers>
        <isOriginalCosponsor>True</isOriginalCosponsor>
        <middleName />
        <firstName>Barry</firstName>
        <sponsorshipDate>2017-05-19</sponsorshipDate>
        <fullName>Rep. Loudermilk, Barry [R-GA-11]</fullName>
        <district>11</district>
        <sponsorshipWithdrawnDate />
        <party>R</party>
        <lastName>Loudermilk</lastName>
        <bioguideId>L000583</bioguideId>
        <state>GA</state>
      </item>
      <item>
        <identifiers>
          <lisID>2047</lisID>
          <gpoId>8105</gpoId>
          <bioguideId>S001187</bioguideId>
        </identifiers>
        <isOriginalCosponsor>True</isOriginalCosponsor>
        <middleName />
        <firstName>Steve</firstName>
        <sponsorshipDate>2017-05-19</sponsorshipDate>
        <fullName>Rep. Stivers, Steve [R-OH-15]</fullName>
        <district>15</district>
        <sponsorshipWithdrawnDate />
        <party>R</party>
        <lastName>Stivers</lastName>
        <bioguideId>S001187</bioguideId>
        <state>OH</state>
      </item>
      <item>
        <identifiers>
          <bioguideId>H001059</bioguideId>
          <gpoId>7934</gpoId>
          <lisID>2015</lisID>
        </identifiers>
        <isOriginalCosponsor>True</isOriginalCosponsor>
        <middleName />
        <firstName>Randy</firstName>
        <sponsorshipDate>2017-05-19</sponsorshipDate>
        <fullName>Rep. Hultgren, Randy [R-IL-14]</fullName>
        <district>14</district>
        <sponsorshipWithdrawnDate />
        <party>R</party>
        <lastName>Hultgren</lastName>
        <bioguideId>H001059</bioguideId>
        <state>IL</state>
      </item>
      <item>
        <identifiers>
          <gpoId />
          <lisID>2141</lisID>
          <bioguideId>P000606</bioguideId>
        </identifiers>
        <isOriginalCosponsor>True</isOriginalCosponsor>
        <middleName />
        <firstName>Robert</firstName>
        <sponsorshipDate>2017-05-19</sponsorshipDate>
        <fullName>Rep. Pittenger, Robert [R-NC-9]</fullName>
        <district>9</district>
        <sponsorshipWithdrawnDate />
        <party>R</party>
        <lastName>Pittenger</lastName>
        <bioguideId>P000606</bioguideId>
        <state>NC</state>
      </item>
      <item>
        <identifiers>
          <bioguideId>E000294</bioguideId>
          <lisID>2253</lisID>
          <gpoId />
        </identifiers>
        <isOriginalCosponsor>True</isOriginalCosponsor>
        <middleName />
        <firstName>Tom</firstName>
        <sponsorshipDate>2017-05-19</sponsorshipDate>
        <fullName>Rep. Emmer, Tom [R-MN-6]</fullName>
        <district>6</district>
        <sponsorshipWithdrawnDate />
        <party>R</party>
        <lastName>Emmer</lastName>
        <bioguideId>E000294</bioguideId>
        <state>MN</state>
      </item>
      <item>
        <identifiers>
          <bioguideId>H001074</bioguideId>
          <lisID>2327</lisID>
          <gpoId />
        </identifiers>
        <isOriginalCosponsor>True</isOriginalCosponsor>
        <middleName />
        <firstName>Trey</firstName>
        <sponsorshipDate>2017-05-19</sponsorshipDate>
        <fullName>Rep. Hollingsworth, Trey [R-IN-9]</fullName>
        <district>9</district>
        <sponsorshipWithdrawnDate />
        <party>R</party>
        <lastName>Hollingsworth</lastName>
        <bioguideId>H001074</bioguideId>
        <state>IN</state>
      </item>
      <item>
        <identifiers>
          <bioguideId>D000626</bioguideId>
          <lisID>2296</lisID>
          <gpoId />
        </identifiers>
        <isOriginalCosponsor>True</isOriginalCosponsor>
        <middleName />
        <firstName>Warren</firstName>
        <sponsorshipDate>2017-05-19</sponsorshipDate>
        <fullName>Rep. Davidson, Warren [R-OH-8]</fullName>
        <district>8</district>
        <sponsorshipWithdrawnDate />
        <party>R</party>
        <lastName>Davidson</lastName>
        <bioguideId>D000626</bioguideId>
        <state>OH</state>
      </item>
      <item>
        <identifiers>
          <lisID>2250</lisID>
          <gpoId />
          <bioguideId>T000475</bioguideId>
        </identifiers>
        <isOriginalCosponsor>True</isOriginalCosponsor>
        <middleName>A.</middleName>
        <firstName>David</firstName>
        <sponsorshipDate>2017-05-19</sponsorshipDate>
        <fullName>Rep. Trott, David A. [R-MI-11]</fullName>
        <district>11</district>
        <sponsorshipWithdrawnDate />
        <party>R</party>
        <lastName>Trott</lastName>
        <bioguideId>T000475</bioguideId>
        <state>MI</state>
      </item>
      <item>
        <identifiers>
          <gpoId />
          <lisID>2165</lisID>
          <bioguideId>W000816</bioguideId>
        </identifiers>
        <isOriginalCosponsor>True</isOriginalCosponsor>
        <middleName />
        <firstName>Roger</firstName>
        <sponsorshipDate>2017-05-19</sponsorshipDate>
        <fullName>Rep. Williams, Roger [R-TX-25]</fullName>
        <district>25</district>
        <sponsorshipWithdrawnDate />
        <party>R</party>
        <lastName>Williams</lastName>
        <bioguideId>W000816</bioguideId>
        <state>TX</state>
      </item>
      <item>
        <identifiers>
          <lisID>2261</lisID>
          <gpoId />
          <bioguideId>Z000017</bioguideId>
        </identifiers>
        <isOriginalCosponsor>False</isOriginalCosponsor>
        <middleName>M.</middleName>
        <firstName>Lee</firstName>
        <sponsorshipDate>2017-07-27</sponsorshipDate>
        <fullName>Rep. Zeldin, Lee M. [R-NY-1]</fullName>
        <district>1</district>
        <sponsorshipWithdrawnDate />
        <party>R</party>
        <lastName>Zeldin</lastName>
        <bioguideId>Z000017</bioguideId>
        <state>NY</state>
      </item>
      <item>
        <identifiers>
          <gpoId />
          <bioguideId>H001071</bioguideId>
          <lisID>2237</lisID>
        </identifiers>
        <isOriginalCosponsor>False</isOriginalCosponsor>
        <middleName>B.</middleName>
        <firstName>Jody</firstName>
        <sponsorshipDate>2018-02-16</sponsorshipDate>
        <fullName>Rep. Hice, Jody B. [R-GA-10]</fullName>
        <district>10</district>
        <sponsorshipWithdrawnDate />
        <party>R</party>
        <lastName>Hice</lastName>
        <bioguideId>H001071</bioguideId>
        <state>GA</state>
      </item>
      <item>
        <identifiers>
          <bioguideId>D000628</bioguideId>
          <lisID>2315</lisID>
          <gpoId />
        </identifiers>
        <isOriginalCosponsor>False</isOriginalCosponsor>
        <middleName>P.</middleName>
        <firstName>Neal</firstName>
        <sponsorshipDate>2018-02-16</sponsorshipDate>
        <fullName>Rep. Dunn, Neal P. [R-FL-2]</fullName>
        <district>2</district>
        <sponsorshipWithdrawnDate />
        <party>R</party>
        <lastName>Dunn</lastName>
        <bioguideId>D000628</bioguideId>
        <state>FL</state>
      </item>
      <item>
        <identifiers>
          <lisID>2256</lisID>
          <bioguideId>R000603</bioguideId>
          <gpoId />
        </identifiers>
        <isOriginalCosponsor>False</isOriginalCosponsor>
        <middleName />
        <firstName>David</firstName>
        <sponsorshipDate>2018-02-27</sponsorshipDate>
        <fullName>Rep. Rouzer, David [R-NC-7]</fullName>
        <district>7</district>
        <sponsorshipWithdrawnDate />
        <party>R</party>
        <lastName>Rouzer</lastName>
        <bioguideId>R000603</bioguideId>
        <state>NC</state>
      </item>
      <item>
        <identifiers>
          <bioguideId>P000599</bioguideId>
          <lisID>1915</lisID>
          <gpoId>7887</gpoId>
        </identifiers>
        <isOriginalCosponsor>False</isOriginalCosponsor>
        <middleName />
        <firstName>Bill</firstName>
        <sponsorshipDate>2018-02-27</sponsorshipDate>
        <fullName>Rep. Posey, Bill [R-FL-8]</fullName>
        <district>8</district>
        <sponsorshipWithdrawnDate />
        <party>R</party>
        <lastName>Posey</lastName>
        <bioguideId>P000599</bioguideId>
        <state>FL</state>
      </item>
      <item>
        <identifiers>
          <lisID>2028</lisID>
          <gpoId>7987</gpoId>
          <bioguideId>H001058</bioguideId>
        </identifiers>
        <isOriginalCosponsor>False</isOriginalCosponsor>
        <middleName />
        <firstName>Bill</firstName>
        <sponsorshipDate>2018-02-27</sponsorshipDate>
        <fullName>Rep. Huizenga, Bill [R-MI-2]</fullName>
        <district>2</district>
        <sponsorshipWithdrawnDate />
        <party>R</party>
        <lastName>Huizenga</lastName>
        <bioguideId>H001058</bioguideId>
        <state>MI</state>
      </item>
      <item>
        <identifiers>
          <bioguideId>M001179</bioguideId>
          <gpoId>8128</gpoId>
          <lisID>2053</lisID>
        </identifiers>
        <isOriginalCosponsor>False</isOriginalCosponsor>
        <middleName />
        <firstName>Tom</firstName>
        <sponsorshipDate>2018-02-27</sponsorshipDate>
        <fullName>Rep. Marino, Tom [R-PA-10]</fullName>
        <district>10</district>
        <sponsorshipWithdrawnDate />
        <party>R</party>
        <lastName>Marino</lastName>
        <bioguideId>M001179</bioguideId>
        <state>PA</state>
      </item>
      <item>
        <identifiers>
          <lisID>1738</lisID>
          <gpoId>8057</gpoId>
          <bioguideId>P000588</bioguideId>
        </identifiers>
        <isOriginalCosponsor>False</isOriginalCosponsor>
        <middleName />
        <firstName>Stevan</firstName>
        <sponsorshipDate>2018-02-27</sponsorshipDate>
        <fullName>Rep. Pearce, Stevan [R-NM-2]</fullName>
        <district>2</district>
        <sponsorshipWithdrawnDate />
        <party>R</party>
        <lastName>Pearce</lastName>
        <bioguideId>P000588</bioguideId>
        <state>NM</state>
      </item>
      <item>
        <identifiers>
          <lisID>2003</lisID>
          <bioguideId>R000593</bioguideId>
          <gpoId>7884</gpoId>
        </identifiers>
        <isOriginalCosponsor>False</isOriginalCosponsor>
        <middleName>A.</middleName>
        <firstName>Dennis</firstName>
        <sponsorshipDate>2018-02-27</sponsorshipDate>
        <fullName>Rep. Ross, Dennis A. [R-FL-15]</fullName>
        <district>15</district>
        <sponsorshipWithdrawnDate />
        <party>R</party>
        <lastName>Ross</lastName>
        <bioguideId>R000593</bioguideId>
        <state>FL</state>
      </item>
    </cosponsors>
    <originChamber>House</originChamber>
    <sponsors>
      <item>
        <bioguideId>B001282</bioguideId>
        <firstName>Andy</firstName>
        <lastName>Barr</lastName>
        <fullName>Rep. Barr, Andy [R-KY-6]</fullName>
        <state>KY</state>
        <district>6</district>
        <middleName />
        <byRequestType />
        <identifiers>
          <bioguideId>B001282</bioguideId>
          <lisID>2131</lisID>
          <gpoId />
        </identifiers>
        <party>R</party>
      </item>
    </sponsors>
    <introducedDate>2017-05-19</introducedDate>
    <amendments />
    <notes />
    <version>1.0.0</version>
    <congress>115</congress>
    <titles>
      <item>
        <titleType>(Extracted from GPO) Short Titles as Introduced</titleType>
        <chamberCode />
        <parentTitleType />
        <title>TABS Act of 2017</title>
        <chamberName />
      </item>
      <item>
        <titleType>(Extracted from GPO) Short Titles as Introduced</titleType>
        <chamberCode />
        <parentTitleType />
        <title>Taking Account of Bureaucrats’ Spending Act of 2017</title>
        <chamberName />
      </item>
      <item>
        <titleType>Short Titles as Introduced</titleType>
        <chamberCode />
        <parentTitleType />
        <title>TABS Act of 2017</title>
        <chamberName />
      </item>
      <item>
        <titleType>Short Titles as Introduced</titleType>
        <chamberCode />
        <parentTitleType />
        <title>Taking Account of Bureaucrats' Spending Act of 2017</title>
        <chamberName />
      </item>
      <item>
        <titleType>Official Title as Introduced</titleType>
        <chamberCode />
        <parentTitleType />
        <title>To amend the Consumer Financial Protection Act of 2010 to bring the Bureau of Consumer Financial Protection into the regular appropriations process, and for other purposes.</title>
        <chamberName />
      </item>
      <item>
        <titleType>Display Title</titleType>
        <chamberCode />
        <parentTitleType />
        <title>TABS Act of 2017</title>
        <chamberName />
      </item>
    </titles>
    <actions>
      <actionByCounts>
        <houseOfRepresentatives>3</houseOfRepresentatives>
      </actionByCounts>
      <actionTypeCounts>
        <billReferrals>1</billReferrals>
        <introducedInTheHouse>1</introducedInTheHouse>
        <introducedInHouse>1</introducedInHouse>
      </actionTypeCounts>
      <item>
        <type>IntroReferral</type>
        <text>Referred to the House Committee on Financial Services.</text>
        <sourceSystem>
          <name>House floor actions</name>
          <code>2</code>
        </sourceSystem>
        <actionCode>H11100</actionCode>
        <links />
        <committee>
          <name>Financial Services Committee</name>
          <systemCode>hsba00</systemCode>
        </committee>
        <actionDate>2017-05-19</actionDate>
      </item>
      <item>
        <type>IntroReferral</type>
        <text>Introduced in House</text>
        <sourceSystem>
          <name>Library of Congress</name>
          <code>9</code>
        </sourceSystem>
        <actionCode>Intro-H</actionCode>
        <links />
        <committee />
        <actionDate>2017-05-19</actionDate>
      </item>
      <item>
        <type>IntroReferral</type>
        <text>Introduced in House</text>
        <sourceSystem>
          <name>Library of Congress</name>
          <code>9</code>
        </sourceSystem>
        <actionCode>1000</actionCode>
        <links />
        <committee />
        <actionDate>2017-05-19</actionDate>
      </item>
    </actions>
    <constitutionalAuthorityStatementText><![CDATA[<pre>From the Congressional Record Online through the Government Publishing Office [<a href='http://www.gpo.gov'>www.gpo.gov</a>]By Mr. BARR:H.R. 2553.Congress has the power to enact this legislation pursuantto the following:(Article I, Section 9, Clause 7: No Money shall be drawnfrom the Treasury but in Consequence of Appropriations madeby Law; and a regular Statement and Account of the Receiptsand Expenditures of all public Money shall be published fromtime to time)[Page H4389]</pre>]]></constitutionalAuthorityStatementText>
  </bill>
  <dublinCore xmlns:dc="http://purl.org/dc/elements/1.1/">
    <dc:format>text/xml</dc:format>
    <dc:language>EN</dc:language>
    <dc:rights>Pursuant to Title 17 Section 105 of the United States Code, this file is not subject to copyright protection and is in the public domain.</dc:rights>
    <dc:contributor>Congressional Research Service, Library of Congress</dc:contributor>
    <dc:description>This file contains bill summaries and statuses for federal legislation. A bill summary describes the most significant provisions of a piece of legislation and details the effects the legislative text may have on current law and federal programs. Bill summaries are authored by the Congressional Research Service (CRS) of the Library of Congress. As stated in Public Law 91-510 (2 USC 166 (d)(6)), one of the duties of CRS is "to prepare summaries and digests of bills and resolutions of a public general nature introduced in the Senate or House of Representatives". For more information, refer to the User Guide that accompanies this file.</dc:description>
  </dublinCore>
</billStatus>

