<?xml version="1.0" encoding="UTF-8"?>
<billStatus>
  <bill>
    <policyArea>
      <name>Health</name>
    </policyArea>
    <committeeReports />
    <congress>115</congress>
    <sponsors>
      <item>
        <identifiers>
          <lisID>2063</lisID>
          <gpoId>8153</gpoId>
          <bioguideId>B001273</bioguideId>
        </identifiers>
        <district>6</district>
        <middleName />
        <byRequestType />
        <fullName>Rep. Black, Diane [R-TN-6]</fullName>
        <bioguideId>B001273</bioguideId>
        <state>TN</state>
        <party>R</party>
        <firstName>Diane</firstName>
        <lastName>Black</lastName>
      </item>
    </sponsors>
    <calendarNumbers />
    <amendments />
    <relatedBills>
      <item>
        <number>3354</number>
        <congress>115</congress>
        <relationshipDetails>
          <item>
            <type>Related bill</type>
            <identifiedBy>CRS</identifiedBy>
          </item>
        </relationshipDetails>
        <latestTitle>Interior and Environment, Agriculture and Rural Development, Commerce, Justice, Science, Financial Services and General Government, Homeland Security, Labor, Health and Human Services, Education, State and Foreign Operations, Transportation, Housing and Urban Development, Defense, Military Construction and Veterans Affairs, Legislative Branch, and Energy and Water Development Appropriations Act, 2018</latestTitle>
        <latestAction>
          <text>Read the second time. Placed on Senate Legislative Calendar under General Orders. Calendar No. 230.</text>
          <actionDate>2017-09-27</actionDate>
        </latestAction>
        <type>HR</type>
      </item>
      <item>
        <number>301</number>
        <congress>115</congress>
        <relationshipDetails>
          <item>
            <type>Identical bill</type>
            <identifiedBy>CRS</identifiedBy>
          </item>
        </relationshipDetails>
        <latestTitle>Conscience Protection Act of 2017</latestTitle>
        <latestAction>
          <text>Read twice and referred to the Committee on Health, Education, Labor, and Pensions.</text>
          <actionDate>2017-02-03</actionDate>
        </latestAction>
        <type>S</type>
      </item>
    </relatedBills>
    <notes />
    <originChamber>House</originChamber>
    <version>1.0.0</version>
    <billNumber>644</billNumber>
    <title>Conscience Protection Act of 2017</title>
    <cosponsors>
      <item>
        <lastName>Fortenberry</lastName>
        <sponsorshipDate>2017-01-24</sponsorshipDate>
        <bioguideId>F000449</bioguideId>
        <middleName />
        <identifiers>
          <bioguideId>F000449</bioguideId>
          <lisID>1793</lisID>
          <gpoId>8038</gpoId>
        </identifiers>
        <district>1</district>
        <party>R</party>
        <state>NE</state>
        <firstName>Jeff</firstName>
        <sponsorshipWithdrawnDate />
        <isOriginalCosponsor>True</isOriginalCosponsor>
        <fullName>Rep. Fortenberry, Jeff [R-NE-1]</fullName>
      </item>
      <item>
        <lastName>Farenthold</lastName>
        <sponsorshipDate>2017-01-24</sponsorshipDate>
        <bioguideId>F000460</bioguideId>
        <middleName />
        <identifiers>
          <lisID>2067</lisID>
          <bioguideId>F000460</bioguideId>
          <gpoId>8183</gpoId>
        </identifiers>
        <district>27</district>
        <party>R</party>
        <state>TX</state>
        <firstName>Blake</firstName>
        <sponsorshipWithdrawnDate />
        <isOriginalCosponsor>True</isOriginalCosponsor>
        <fullName>Rep. Farenthold, Blake [R-TX-27]</fullName>
      </item>
      <item>
        <lastName>Huizenga</lastName>
        <sponsorshipDate>2017-01-24</sponsorshipDate>
        <bioguideId>H001058</bioguideId>
        <middleName />
        <identifiers>
          <bioguideId>H001058</bioguideId>
          <lisID>2028</lisID>
          <gpoId>7987</gpoId>
        </identifiers>
        <district>2</district>
        <party>R</party>
        <state>MI</state>
        <firstName>Bill</firstName>
        <sponsorshipWithdrawnDate />
        <isOriginalCosponsor>True</isOriginalCosponsor>
        <fullName>Rep. Huizenga, Bill [R-MI-2]</fullName>
      </item>
      <item>
        <lastName>Roskam</lastName>
        <sponsorshipDate>2017-01-24</sponsorshipDate>
        <bioguideId>R000580</bioguideId>
        <middleName>J.</middleName>
        <identifiers>
          <bioguideId>R000580</bioguideId>
          <lisID>1848</lisID>
          <gpoId>7926</gpoId>
        </identifiers>
        <district>6</district>
        <party>R</party>
        <state>IL</state>
        <firstName>Peter</firstName>
        <sponsorshipWithdrawnDate />
        <isOriginalCosponsor>True</isOriginalCosponsor>
        <fullName>Rep. Roskam, Peter J. [R-IL-6]</fullName>
      </item>
      <item>
        <lastName>Pittenger</lastName>
        <sponsorshipDate>2017-01-24</sponsorshipDate>
        <bioguideId>P000606</bioguideId>
        <middleName />
        <identifiers>
          <bioguideId>P000606</bioguideId>
          <gpoId />
          <lisID>2141</lisID>
        </identifiers>
        <district>9</district>
        <party>R</party>
        <state>NC</state>
        <firstName>Robert</firstName>
        <sponsorshipWithdrawnDate />
        <isOriginalCosponsor>True</isOriginalCosponsor>
        <fullName>Rep. Pittenger, Robert [R-NC-9]</fullName>
      </item>
      <item>
        <lastName>Duncan</lastName>
        <sponsorshipDate>2017-01-24</sponsorshipDate>
        <bioguideId>D000615</bioguideId>
        <middleName />
        <identifiers>
          <lisID>2057</lisID>
          <gpoId>8143</gpoId>
          <bioguideId>D000615</bioguideId>
        </identifiers>
        <district>3</district>
        <party>R</party>
        <state>SC</state>
        <firstName>Jeff</firstName>
        <sponsorshipWithdrawnDate />
        <isOriginalCosponsor>True</isOriginalCosponsor>
        <fullName>Rep. Duncan, Jeff [R-SC-3]</fullName>
      </item>
      <item>
        <lastName>Kelly</lastName>
        <sponsorshipDate>2017-01-24</sponsorshipDate>
        <bioguideId>K000388</bioguideId>
        <middleName />
        <identifiers>
          <bioguideId>K000388</bioguideId>
          <lisID>2294</lisID>
          <gpoId />
        </identifiers>
        <district>1</district>
        <party>R</party>
        <state>MS</state>
        <firstName>Trent</firstName>
        <sponsorshipWithdrawnDate />
        <isOriginalCosponsor>True</isOriginalCosponsor>
        <fullName>Rep. Kelly, Trent [R-MS-1]</fullName>
      </item>
      <item>
        <lastName>Wagner</lastName>
        <sponsorshipDate>2017-01-24</sponsorshipDate>
        <bioguideId>W000812</bioguideId>
        <middleName />
        <identifiers>
          <lisID>2137</lisID>
          <bioguideId>W000812</bioguideId>
          <gpoId />
        </identifiers>
        <district>2</district>
        <party>R</party>
        <state>MO</state>
        <firstName>Ann</firstName>
        <sponsorshipWithdrawnDate />
        <isOriginalCosponsor>True</isOriginalCosponsor>
        <fullName>Rep. Wagner, Ann [R-MO-2]</fullName>
      </item>
      <item>
        <lastName>Gibbs</lastName>
        <sponsorshipDate>2017-01-24</sponsorshipDate>
        <bioguideId>G000563</bioguideId>
        <middleName />
        <identifiers>
          <gpoId>8108</gpoId>
          <bioguideId>G000563</bioguideId>
          <lisID>2049</lisID>
        </identifiers>
        <district>7</district>
        <party>R</party>
        <state>OH</state>
        <firstName>Bob</firstName>
        <sponsorshipWithdrawnDate />
        <isOriginalCosponsor>True</isOriginalCosponsor>
        <fullName>Rep. Gibbs, Bob [R-OH-7]</fullName>
      </item>
      <item>
        <lastName>Banks</lastName>
        <sponsorshipDate>2017-01-24</sponsorshipDate>
        <bioguideId>B001299</bioguideId>
        <middleName />
        <identifiers>
          <gpoId />
          <lisID>2326</lisID>
          <bioguideId>B001299</bioguideId>
        </identifiers>
        <district>3</district>
        <party>R</party>
        <state>IN</state>
        <firstName>Jim</firstName>
        <sponsorshipWithdrawnDate />
        <isOriginalCosponsor>True</isOriginalCosponsor>
        <fullName>Rep. Banks, Jim [R-IN-3]</fullName>
      </item>
      <item>
        <lastName>Blackburn</lastName>
        <sponsorshipDate>2017-01-24</sponsorshipDate>
        <bioguideId>B001243</bioguideId>
        <middleName />
        <identifiers>
          <lisID>1748</lisID>
          <gpoId>8154</gpoId>
          <bioguideId>B001243</bioguideId>
        </identifiers>
        <district>7</district>
        <party>R</party>
        <state>TN</state>
        <firstName>Marsha</firstName>
        <sponsorshipWithdrawnDate />
        <isOriginalCosponsor>True</isOriginalCosponsor>
        <fullName>Rep. Blackburn, Marsha [R-TN-7]</fullName>
      </item>
      <item>
        <lastName>Moolenaar</lastName>
        <sponsorshipDate>2017-01-24</sponsorshipDate>
        <bioguideId>M001194</bioguideId>
        <middleName>R.</middleName>
        <identifiers>
          <lisID>2248</lisID>
          <bioguideId>M001194</bioguideId>
          <gpoId />
        </identifiers>
        <district>4</district>
        <party>R</party>
        <state>MI</state>
        <firstName>John</firstName>
        <sponsorshipWithdrawnDate />
        <isOriginalCosponsor>True</isOriginalCosponsor>
        <fullName>Rep. Moolenaar, John R. [R-MI-4]</fullName>
      </item>
      <item>
        <lastName>Mooney</lastName>
        <sponsorshipDate>2017-01-24</sponsorshipDate>
        <bioguideId>M001195</bioguideId>
        <middleName>X.</middleName>
        <identifiers>
          <lisID>2277</lisID>
          <bioguideId>M001195</bioguideId>
          <gpoId />
        </identifiers>
        <district>2</district>
        <party>R</party>
        <state>WV</state>
        <firstName>Alexander</firstName>
        <sponsorshipWithdrawnDate />
        <isOriginalCosponsor>True</isOriginalCosponsor>
        <fullName>Rep. Mooney, Alexander X. [R-WV-2]</fullName>
      </item>
      <item>
        <lastName>Latta</lastName>
        <sponsorshipDate>2017-01-24</sponsorshipDate>
        <bioguideId>L000566</bioguideId>
        <middleName>E.</middleName>
        <identifiers>
          <lisID>1885</lisID>
          <gpoId>8095</gpoId>
          <bioguideId>L000566</bioguideId>
        </identifiers>
        <district>5</district>
        <party>R</party>
        <state>OH</state>
        <firstName>Robert</firstName>
        <sponsorshipWithdrawnDate />
        <isOriginalCosponsor>True</isOriginalCosponsor>
        <fullName>Rep. Latta, Robert E. [R-OH-5]</fullName>
      </item>
      <item>
        <lastName>Hice</lastName>
        <sponsorshipDate>2017-01-24</sponsorshipDate>
        <bioguideId>H001071</bioguideId>
        <middleName>B.</middleName>
        <identifiers>
          <lisID>2237</lisID>
          <bioguideId>H001071</bioguideId>
          <gpoId />
        </identifiers>
        <district>10</district>
        <party>R</party>
        <state>GA</state>
        <firstName>Jody</firstName>
        <sponsorshipWithdrawnDate />
        <isOriginalCosponsor>True</isOriginalCosponsor>
        <fullName>Rep. Hice, Jody B. [R-GA-10]</fullName>
      </item>
      <item>
        <lastName>Cramer</lastName>
        <sponsorshipDate>2017-01-24</sponsorshipDate>
        <bioguideId>C001096</bioguideId>
        <middleName />
        <identifiers>
          <lisID>2144</lisID>
          <gpoId />
          <bioguideId>C001096</bioguideId>
        </identifiers>
        <district>0</district>
        <party>R</party>
        <state>ND</state>
        <firstName>Kevin</firstName>
        <sponsorshipWithdrawnDate />
        <isOriginalCosponsor>True</isOriginalCosponsor>
        <fullName>Rep. Cramer, Kevin [R-ND-At Large]</fullName>
      </item>
      <item>
        <lastName>Rothfus</lastName>
        <sponsorshipDate>2017-01-24</sponsorshipDate>
        <bioguideId>R000598</bioguideId>
        <middleName>J.</middleName>
        <identifiers>
          <lisID>2158</lisID>
          <bioguideId>R000598</bioguideId>
          <gpoId />
        </identifiers>
        <district>12</district>
        <party>R</party>
        <state>PA</state>
        <firstName>Keith</firstName>
        <sponsorshipWithdrawnDate />
        <isOriginalCosponsor>True</isOriginalCosponsor>
        <fullName>Rep. Rothfus, Keith J. [R-PA-12]</fullName>
      </item>
      <item>
        <lastName>Davis</lastName>
        <sponsorshipDate>2017-01-24</sponsorshipDate>
        <bioguideId>D000619</bioguideId>
        <middleName />
        <identifiers>
          <lisID>2126</lisID>
          <gpoId />
          <bioguideId>D000619</bioguideId>
        </identifiers>
        <district>13</district>
        <party>R</party>
        <state>IL</state>
        <firstName>Rodney</firstName>
        <sponsorshipWithdrawnDate />
        <isOriginalCosponsor>True</isOriginalCosponsor>
        <fullName>Rep. Davis, Rodney [R-IL-13]</fullName>
      </item>
      <item>
        <lastName>Wenstrup</lastName>
        <sponsorshipDate>2017-01-24</sponsorshipDate>
        <bioguideId>W000815</bioguideId>
        <middleName>R.</middleName>
        <identifiers>
          <lisID>2152</lisID>
          <bioguideId>W000815</bioguideId>
          <gpoId />
        </identifiers>
        <district>2</district>
        <party>R</party>
        <state>OH</state>
        <firstName>Brad</firstName>
        <sponsorshipWithdrawnDate />
        <isOriginalCosponsor>True</isOriginalCosponsor>
        <fullName>Rep. Wenstrup, Brad R. [R-OH-2]</fullName>
      </item>
      <item>
        <lastName>Stewart</lastName>
        <sponsorshipDate>2017-01-24</sponsorshipDate>
        <bioguideId>S001192</bioguideId>
        <middleName />
        <identifiers>
          <gpoId />
          <bioguideId>S001192</bioguideId>
          <lisID>2168</lisID>
        </identifiers>
        <district>2</district>
        <party>R</party>
        <state>UT</state>
        <firstName>Chris</firstName>
        <sponsorshipWithdrawnDate />
        <isOriginalCosponsor>True</isOriginalCosponsor>
        <fullName>Rep. Stewart, Chris [R-UT-2]</fullName>
      </item>
      <item>
        <lastName>Foxx</lastName>
        <sponsorshipDate>2017-01-24</sponsorshipDate>
        <bioguideId>F000450</bioguideId>
        <middleName />
        <identifiers>
          <lisID>1791</lisID>
          <bioguideId>F000450</bioguideId>
          <gpoId>8028</gpoId>
        </identifiers>
        <district>5</district>
        <party>R</party>
        <state>NC</state>
        <firstName>Virginia</firstName>
        <sponsorshipWithdrawnDate />
        <isOriginalCosponsor>True</isOriginalCosponsor>
        <fullName>Rep. Foxx, Virginia [R-NC-5]</fullName>
      </item>
      <item>
        <lastName>JONES</lastName>
        <sponsorshipDate>2017-01-24</sponsorshipDate>
        <bioguideId>J000255</bioguideId>
        <middleName>B.</middleName>
        <identifiers>
          <lisID>612</lisID>
          <gpoId>8026</gpoId>
          <bioguideId>J000255</bioguideId>
        </identifiers>
        <district>3</district>
        <party>R</party>
        <state>NC</state>
        <firstName>WALTER</firstName>
        <sponsorshipWithdrawnDate />
        <isOriginalCosponsor>True</isOriginalCosponsor>
        <fullName>Rep. Jones, Walter B., Jr. [R-NC-3]</fullName>
      </item>
      <item>
        <lastName>Hultgren</lastName>
        <sponsorshipDate>2017-01-24</sponsorshipDate>
        <bioguideId>H001059</bioguideId>
        <middleName />
        <identifiers>
          <bioguideId>H001059</bioguideId>
          <lisID>2015</lisID>
          <gpoId>7934</gpoId>
        </identifiers>
        <district>14</district>
        <party>R</party>
        <state>IL</state>
        <firstName>Randy</firstName>
        <sponsorshipWithdrawnDate />
        <isOriginalCosponsor>True</isOriginalCosponsor>
        <fullName>Rep. Hultgren, Randy [R-IL-14]</fullName>
      </item>
      <item>
        <lastName>Noem</lastName>
        <sponsorshipDate>2017-01-24</sponsorshipDate>
        <bioguideId>N000184</bioguideId>
        <middleName>L.</middleName>
        <identifiers>
          <bioguideId>N000184</bioguideId>
          <lisID>2060</lisID>
          <gpoId>8147</gpoId>
        </identifiers>
        <district>0</district>
        <party>R</party>
        <state>SD</state>
        <firstName>Kristi</firstName>
        <sponsorshipWithdrawnDate />
        <isOriginalCosponsor>True</isOriginalCosponsor>
        <fullName>Rep. Noem, Kristi L. [R-SD-At Large]</fullName>
      </item>
      <item>
        <lastName>SMITH</lastName>
        <sponsorshipDate>2017-01-24</sponsorshipDate>
        <bioguideId>S000522</bioguideId>
        <middleName>H.</middleName>
        <identifiers>
          <lisID>1071</lisID>
          <bioguideId>S000522</bioguideId>
          <gpoId>8046</gpoId>
        </identifiers>
        <district>4</district>
        <party>R</party>
        <state>NJ</state>
        <firstName>CHRISTOPHER</firstName>
        <sponsorshipWithdrawnDate />
        <isOriginalCosponsor>True</isOriginalCosponsor>
        <fullName>Rep. Smith, Christopher H. [R-NJ-4]</fullName>
      </item>
      <item>
        <lastName>Carter</lastName>
        <sponsorshipDate>2017-01-24</sponsorshipDate>
        <bioguideId>C001103</bioguideId>
        <middleName>L. "Buddy"</middleName>
        <identifiers>
          <lisID>2236</lisID>
          <gpoId />
          <bioguideId>C001103</bioguideId>
        </identifiers>
        <district>1</district>
        <party>R</party>
        <state>GA</state>
        <firstName>Earl</firstName>
        <sponsorshipWithdrawnDate />
        <isOriginalCosponsor>True</isOriginalCosponsor>
        <fullName>Rep. Carter, Earl L. "Buddy" [R-GA-1]</fullName>
      </item>
      <item>
        <lastName>Johnson</lastName>
        <sponsorshipDate>2017-01-24</sponsorshipDate>
        <bioguideId>J000299</bioguideId>
        <middleName />
        <identifiers>
          <gpoId />
          <lisID>2330</lisID>
          <bioguideId>J000299</bioguideId>
        </identifiers>
        <district>4</district>
        <party>R</party>
        <state>LA</state>
        <firstName>Mike</firstName>
        <sponsorshipWithdrawnDate />
        <isOriginalCosponsor>True</isOriginalCosponsor>
        <fullName>Rep. Johnson, Mike [R-LA-4]</fullName>
      </item>
      <item>
        <lastName>DUNCAN</lastName>
        <sponsorshipDate>2017-01-24</sponsorshipDate>
        <bioguideId>D000533</bioguideId>
        <middleName>J.</middleName>
        <identifiers>
          <lisID>322</lisID>
          <bioguideId>D000533</bioguideId>
          <gpoId>8149</gpoId>
        </identifiers>
        <district>2</district>
        <party>R</party>
        <state>TN</state>
        <firstName>JOHN</firstName>
        <sponsorshipWithdrawnDate />
        <isOriginalCosponsor>True</isOriginalCosponsor>
        <fullName>Rep. Duncan, John J., Jr. [R-TN-2]</fullName>
      </item>
      <item>
        <lastName>Yoder</lastName>
        <sponsorshipDate>2017-01-24</sponsorshipDate>
        <bioguideId>Y000063</bioguideId>
        <middleName />
        <identifiers>
          <lisID>2021</lisID>
          <bioguideId>Y000063</bioguideId>
          <gpoId>7951</gpoId>
        </identifiers>
        <district>3</district>
        <party>R</party>
        <state>KS</state>
        <firstName>Kevin</firstName>
        <sponsorshipWithdrawnDate />
        <isOriginalCosponsor>True</isOriginalCosponsor>
        <fullName>Rep. Yoder, Kevin [R-KS-3]</fullName>
      </item>
      <item>
        <lastName>Roe</lastName>
        <sponsorshipDate>2017-01-24</sponsorshipDate>
        <bioguideId>R000582</bioguideId>
        <middleName>P.</middleName>
        <identifiers>
          <bioguideId>R000582</bioguideId>
          <gpoId>8148</gpoId>
          <lisID>1954</lisID>
        </identifiers>
        <district>1</district>
        <party>R</party>
        <state>TN</state>
        <firstName>David</firstName>
        <sponsorshipWithdrawnDate />
        <isOriginalCosponsor>True</isOriginalCosponsor>
        <fullName>Rep. Roe, David P. [R-TN-1]</fullName>
      </item>
      <item>
        <lastName>Walberg</lastName>
        <sponsorshipDate>2017-01-24</sponsorshipDate>
        <bioguideId>W000798</bioguideId>
        <middleName />
        <identifiers>
          <lisID>1855</lisID>
          <bioguideId>W000798</bioguideId>
          <gpoId>7992</gpoId>
        </identifiers>
        <district>7</district>
        <party>R</party>
        <state>MI</state>
        <firstName>Tim</firstName>
        <sponsorshipWithdrawnDate />
        <isOriginalCosponsor>True</isOriginalCosponsor>
        <fullName>Rep. Walberg, Tim [R-MI-7]</fullName>
      </item>
      <item>
        <lastName>Babin</lastName>
        <sponsorshipDate>2017-01-24</sponsorshipDate>
        <bioguideId>B001291</bioguideId>
        <middleName />
        <identifiers>
          <gpoId />
          <bioguideId>B001291</bioguideId>
          <lisID>2270</lisID>
        </identifiers>
        <district>36</district>
        <party>R</party>
        <state>TX</state>
        <firstName>Brian</firstName>
        <sponsorshipWithdrawnDate />
        <isOriginalCosponsor>True</isOriginalCosponsor>
        <fullName>Rep. Babin, Brian [R-TX-36]</fullName>
      </item>
      <item>
        <lastName>Wilson</lastName>
        <sponsorshipDate>2017-01-24</sponsorshipDate>
        <bioguideId>W000795</bioguideId>
        <middleName />
        <identifiers>
          <gpoId>8142</gpoId>
          <bioguideId>W000795</bioguideId>
          <lisID>1688</lisID>
        </identifiers>
        <district>2</district>
        <party>R</party>
        <state>SC</state>
        <firstName>Joe</firstName>
        <sponsorshipWithdrawnDate />
        <isOriginalCosponsor>True</isOriginalCosponsor>
        <fullName>Rep. Wilson, Joe [R-SC-2]</fullName>
      </item>
      <item>
        <lastName>Scalise</lastName>
        <sponsorshipDate>2017-01-24</sponsorshipDate>
        <bioguideId>S001176</bioguideId>
        <middleName />
        <identifiers>
          <bioguideId>S001176</bioguideId>
          <gpoId>7959</gpoId>
          <lisID>1892</lisID>
        </identifiers>
        <district>1</district>
        <party>R</party>
        <state>LA</state>
        <firstName>Steve</firstName>
        <sponsorshipWithdrawnDate />
        <isOriginalCosponsor>True</isOriginalCosponsor>
        <fullName>Rep. Scalise, Steve [R-LA-1]</fullName>
      </item>
      <item>
        <lastName>Lamborn</lastName>
        <sponsorshipDate>2017-01-24</sponsorshipDate>
        <bioguideId>L000564</bioguideId>
        <middleName />
        <identifiers>
          <lisID>1834</lisID>
          <bioguideId>L000564</bioguideId>
          <gpoId>7863</gpoId>
        </identifiers>
        <district>5</district>
        <party>R</party>
        <state>CO</state>
        <firstName>Doug</firstName>
        <sponsorshipWithdrawnDate />
        <isOriginalCosponsor>True</isOriginalCosponsor>
        <fullName>Rep. Lamborn, Doug [R-CO-5]</fullName>
      </item>
      <item>
        <lastName>Palazzo</lastName>
        <sponsorshipDate>2017-01-24</sponsorshipDate>
        <bioguideId>P000601</bioguideId>
        <middleName>M.</middleName>
        <identifiers>
          <lisID>2035</lisID>
          <bioguideId>P000601</bioguideId>
          <gpoId>8022</gpoId>
        </identifiers>
        <district>4</district>
        <party>R</party>
        <state>MS</state>
        <firstName>Steven</firstName>
        <sponsorshipWithdrawnDate />
        <isOriginalCosponsor>True</isOriginalCosponsor>
        <fullName>Rep. Palazzo, Steven M. [R-MS-4]</fullName>
      </item>
      <item>
        <lastName>Mitchell</lastName>
        <sponsorshipDate>2017-01-24</sponsorshipDate>
        <bioguideId>M001201</bioguideId>
        <middleName />
        <identifiers>
          <lisID>2334</lisID>
          <bioguideId>M001201</bioguideId>
          <gpoId />
        </identifiers>
        <district>10</district>
        <party>R</party>
        <state>MI</state>
        <firstName>Paul</firstName>
        <sponsorshipWithdrawnDate />
        <isOriginalCosponsor>True</isOriginalCosponsor>
        <fullName>Rep. Mitchell, Paul [R-MI-10]</fullName>
      </item>
      <item>
        <lastName>Bridenstine</lastName>
        <sponsorshipDate>2017-01-24</sponsorshipDate>
        <bioguideId>B001283</bioguideId>
        <middleName />
        <identifiers>
          <gpoId />
          <lisID>2155</lisID>
          <bioguideId>B001283</bioguideId>
        </identifiers>
        <district>1</district>
        <party>R</party>
        <state>OK</state>
        <firstName>Jim</firstName>
        <sponsorshipWithdrawnDate />
        <isOriginalCosponsor>True</isOriginalCosponsor>
        <fullName>Rep. Bridenstine, Jim [R-OK-1]</fullName>
      </item>
      <item>
        <lastName>Luetkemeyer</lastName>
        <sponsorshipDate>2017-01-24</sponsorshipDate>
        <bioguideId>L000569</bioguideId>
        <middleName />
        <identifiers>
          <lisID>1931</lisID>
          <gpoId>8017</gpoId>
          <bioguideId>L000569</bioguideId>
        </identifiers>
        <district>3</district>
        <party>R</party>
        <state>MO</state>
        <firstName>Blaine</firstName>
        <sponsorshipWithdrawnDate />
        <isOriginalCosponsor>True</isOriginalCosponsor>
        <fullName>Rep. Luetkemeyer, Blaine [R-MO-3]</fullName>
      </item>
      <item>
        <lastName>Gohmert</lastName>
        <sponsorshipDate>2017-01-24</sponsorshipDate>
        <bioguideId>G000552</bioguideId>
        <middleName />
        <identifiers>
          <lisID>1801</lisID>
          <gpoId>8157</gpoId>
          <bioguideId>G000552</bioguideId>
        </identifiers>
        <district>1</district>
        <party>R</party>
        <state>TX</state>
        <firstName>Louie</firstName>
        <sponsorshipWithdrawnDate />
        <isOriginalCosponsor>True</isOriginalCosponsor>
        <fullName>Rep. Gohmert, Louie [R-TX-1]</fullName>
      </item>
      <item>
        <lastName>Rooney</lastName>
        <sponsorshipDate>2017-01-24</sponsorshipDate>
        <bioguideId>R000583</bioguideId>
        <middleName>J.</middleName>
        <identifiers>
          <lisID>1916</lisID>
          <bioguideId>R000583</bioguideId>
          <gpoId>7888</gpoId>
        </identifiers>
        <district>17</district>
        <party>R</party>
        <state>FL</state>
        <firstName>Thomas</firstName>
        <sponsorshipWithdrawnDate />
        <isOriginalCosponsor>True</isOriginalCosponsor>
        <fullName>Rep. Rooney, Thomas J. [R-FL-17]</fullName>
      </item>
      <item>
        <lastName>BRADY</lastName>
        <sponsorshipDate>2017-01-24</sponsorshipDate>
        <bioguideId>B000755</bioguideId>
        <middleName />
        <identifiers>
          <gpoId>8164</gpoId>
          <lisID>1468</lisID>
          <bioguideId>B000755</bioguideId>
        </identifiers>
        <district>8</district>
        <party>R</party>
        <state>TX</state>
        <firstName>KEVIN</firstName>
        <sponsorshipWithdrawnDate />
        <isOriginalCosponsor>True</isOriginalCosponsor>
        <fullName>Rep. Brady, Kevin [R-TX-8]</fullName>
      </item>
      <item>
        <lastName>Allen</lastName>
        <sponsorshipDate>2017-01-24</sponsorshipDate>
        <bioguideId>A000372</bioguideId>
        <middleName>W.</middleName>
        <identifiers>
          <lisID>2239</lisID>
          <bioguideId>A000372</bioguideId>
          <gpoId />
        </identifiers>
        <district>12</district>
        <party>R</party>
        <state>GA</state>
        <firstName>Rick</firstName>
        <sponsorshipWithdrawnDate />
        <isOriginalCosponsor>True</isOriginalCosponsor>
        <fullName>Rep. Allen, Rick W. [R-GA-12]</fullName>
      </item>
      <item>
        <lastName>Franks</lastName>
        <sponsorshipDate>2017-01-24</sponsorshipDate>
        <bioguideId>F000448</bioguideId>
        <middleName />
        <identifiers>
          <bioguideId>F000448</bioguideId>
          <lisID>1707</lisID>
          <gpoId>7799</gpoId>
        </identifiers>
        <district>8</district>
        <party>R</party>
        <state>AZ</state>
        <firstName>Trent</firstName>
        <sponsorshipWithdrawnDate />
        <isOriginalCosponsor>True</isOriginalCosponsor>
        <fullName>Rep. Franks, Trent [R-AZ-8]</fullName>
      </item>
      <item>
        <lastName>Guthrie</lastName>
        <sponsorshipDate>2017-01-24</sponsorshipDate>
        <bioguideId>G000558</bioguideId>
        <middleName />
        <identifiers>
          <lisID>1922</lisID>
          <gpoId>7954</gpoId>
          <bioguideId>G000558</bioguideId>
        </identifiers>
        <district>2</district>
        <party>R</party>
        <state>KY</state>
        <firstName>Brett</firstName>
        <sponsorshipWithdrawnDate />
        <isOriginalCosponsor>True</isOriginalCosponsor>
        <fullName>Rep. Guthrie, Brett [R-KY-2]</fullName>
      </item>
      <item>
        <lastName>Walorski</lastName>
        <sponsorshipDate>2017-01-24</sponsorshipDate>
        <bioguideId>W000813</bioguideId>
        <middleName />
        <identifiers>
          <lisID>2128</lisID>
          <bioguideId>W000813</bioguideId>
          <gpoId />
        </identifiers>
        <district>2</district>
        <party>R</party>
        <state>IN</state>
        <firstName>Jackie</firstName>
        <sponsorshipWithdrawnDate />
        <isOriginalCosponsor>True</isOriginalCosponsor>
        <fullName>Rep. Walorski, Jackie [R-IN-2]</fullName>
      </item>
      <item>
        <lastName>Marchant</lastName>
        <sponsorshipDate>2017-01-24</sponsorshipDate>
        <bioguideId>M001158</bioguideId>
        <middleName />
        <identifiers>
          <lisID>1806</lisID>
          <gpoId>8766</gpoId>
          <bioguideId>M001158</bioguideId>
        </identifiers>
        <district>24</district>
        <party>R</party>
        <state>TX</state>
        <firstName>Kenny</firstName>
        <sponsorshipWithdrawnDate />
        <isOriginalCosponsor>True</isOriginalCosponsor>
        <fullName>Rep. Marchant, Kenny [R-TX-24]</fullName>
      </item>
      <item>
        <lastName>Kelly</lastName>
        <sponsorshipDate>2017-01-24</sponsorshipDate>
        <bioguideId>K000376</bioguideId>
        <middleName />
        <identifiers>
          <gpoId>8708</gpoId>
          <lisID>2051</lisID>
          <bioguideId>K000376</bioguideId>
        </identifiers>
        <district>3</district>
        <party>R</party>
        <state>PA</state>
        <firstName>Mike</firstName>
        <sponsorshipWithdrawnDate />
        <isOriginalCosponsor>True</isOriginalCosponsor>
        <fullName>Rep. Kelly, Mike [R-PA-3]</fullName>
      </item>
      <item>
        <lastName>Rokita</lastName>
        <sponsorshipDate>2017-01-24</sponsorshipDate>
        <bioguideId>R000592</bioguideId>
        <middleName />
        <identifiers>
          <lisID>2017</lisID>
          <bioguideId>R000592</bioguideId>
          <gpoId>7943</gpoId>
        </identifiers>
        <district>4</district>
        <party>R</party>
        <state>IN</state>
        <firstName>Todd</firstName>
        <sponsorshipWithdrawnDate />
        <isOriginalCosponsor>True</isOriginalCosponsor>
        <fullName>Rep. Rokita, Todd [R-IN-4]</fullName>
      </item>
      <item>
        <lastName>Hensarling</lastName>
        <sponsorshipDate>2017-01-24</sponsorshipDate>
        <bioguideId>H001036</bioguideId>
        <middleName />
        <identifiers>
          <lisID>1749</lisID>
          <bioguideId>H001036</bioguideId>
          <gpoId>8161</gpoId>
        </identifiers>
        <district>5</district>
        <party>R</party>
        <state>TX</state>
        <firstName>Jeb</firstName>
        <sponsorshipWithdrawnDate />
        <isOriginalCosponsor>True</isOriginalCosponsor>
        <fullName>Rep. Hensarling, Jeb [R-TX-5]</fullName>
      </item>
      <item>
        <lastName>Olson</lastName>
        <sponsorshipDate>2017-01-24</sponsorshipDate>
        <bioguideId>O000168</bioguideId>
        <middleName />
        <identifiers>
          <lisID>1955</lisID>
          <bioguideId>O000168</bioguideId>
          <gpoId>8178</gpoId>
        </identifiers>
        <district>22</district>
        <party>R</party>
        <state>TX</state>
        <firstName>Pete</firstName>
        <sponsorshipWithdrawnDate />
        <isOriginalCosponsor>True</isOriginalCosponsor>
        <fullName>Rep. Olson, Pete [R-TX-22]</fullName>
      </item>
      <item>
        <lastName>Meadows</lastName>
        <sponsorshipDate>2017-01-24</sponsorshipDate>
        <bioguideId>M001187</bioguideId>
        <middleName />
        <identifiers>
          <lisID>2142</lisID>
          <bioguideId>M001187</bioguideId>
          <gpoId />
        </identifiers>
        <district>11</district>
        <party>R</party>
        <state>NC</state>
        <firstName>Mark</firstName>
        <sponsorshipWithdrawnDate />
        <isOriginalCosponsor>True</isOriginalCosponsor>
        <fullName>Rep. Meadows, Mark [R-NC-11]</fullName>
      </item>
      <item>
        <lastName>CHABOT</lastName>
        <sponsorshipDate>2017-01-24</sponsorshipDate>
        <bioguideId>C000266</bioguideId>
        <middleName />
        <identifiers>
          <bioguideId>C000266</bioguideId>
          <lisID>186</lisID>
          <gpoId>8091</gpoId>
        </identifiers>
        <district>1</district>
        <party>R</party>
        <state>OH</state>
        <firstName>STEVE</firstName>
        <sponsorshipWithdrawnDate />
        <isOriginalCosponsor>True</isOriginalCosponsor>
        <fullName>Rep. Chabot, Steve [R-OH-1]</fullName>
      </item>
      <item>
        <lastName>ADERHOLT</lastName>
        <sponsorshipDate>2017-01-24</sponsorshipDate>
        <bioguideId>A000055</bioguideId>
        <middleName>B.</middleName>
        <identifiers>
          <lisID>1460</lisID>
          <gpoId>7789</gpoId>
          <bioguideId>A000055</bioguideId>
        </identifiers>
        <district>4</district>
        <party>R</party>
        <state>AL</state>
        <firstName>ROBERT</firstName>
        <sponsorshipWithdrawnDate />
        <isOriginalCosponsor>True</isOriginalCosponsor>
        <fullName>Rep. Aderholt, Robert B. [R-AL-4]</fullName>
      </item>
      <item>
        <lastName>GRAVES</lastName>
        <sponsorshipDate>2017-01-24</sponsorshipDate>
        <bioguideId>G000546</bioguideId>
        <middleName />
        <identifiers>
          <lisID>1656</lisID>
          <bioguideId>G000546</bioguideId>
          <gpoId>8014</gpoId>
        </identifiers>
        <district>6</district>
        <party>R</party>
        <state>MO</state>
        <firstName>SAM</firstName>
        <sponsorshipWithdrawnDate />
        <isOriginalCosponsor>True</isOriginalCosponsor>
        <fullName>Rep. Graves, Sam [R-MO-6]</fullName>
      </item>
      <item>
        <lastName>Johnson</lastName>
        <sponsorshipDate>2017-01-24</sponsorshipDate>
        <bioguideId>J000292</bioguideId>
        <middleName />
        <identifiers>
          <lisID>2046</lisID>
          <bioguideId>J000292</bioguideId>
          <gpoId>8096</gpoId>
        </identifiers>
        <district>6</district>
        <party>R</party>
        <state>OH</state>
        <firstName>Bill</firstName>
        <sponsorshipWithdrawnDate />
        <isOriginalCosponsor>True</isOriginalCosponsor>
        <fullName>Rep. Johnson, Bill [R-OH-6]</fullName>
      </item>
      <item>
        <lastName>Yoho</lastName>
        <sponsorshipDate>2017-01-24</sponsorshipDate>
        <bioguideId>Y000065</bioguideId>
        <middleName>S.</middleName>
        <identifiers>
          <bioguideId>Y000065</bioguideId>
          <gpoId />
          <lisID>2115</lisID>
        </identifiers>
        <district>3</district>
        <party>R</party>
        <state>FL</state>
        <firstName>Ted</firstName>
        <sponsorshipWithdrawnDate />
        <isOriginalCosponsor>True</isOriginalCosponsor>
        <fullName>Rep. Yoho, Ted S. [R-FL-3]</fullName>
      </item>
      <item>
        <lastName>Fleischmann</lastName>
        <sponsorshipDate>2017-01-24</sponsorshipDate>
        <bioguideId>F000459</bioguideId>
        <middleName>J. "Chuck"</middleName>
        <identifiers>
          <lisID>2061</lisID>
          <gpoId>8150</gpoId>
          <bioguideId>F000459</bioguideId>
        </identifiers>
        <district>3</district>
        <party>R</party>
        <state>TN</state>
        <firstName>Charles</firstName>
        <sponsorshipWithdrawnDate />
        <isOriginalCosponsor>True</isOriginalCosponsor>
        <fullName>Rep. Fleischmann, Charles J. "Chuck" [R-TN-3]</fullName>
      </item>
      <item>
        <lastName>Brat</lastName>
        <sponsorshipDate>2017-01-24</sponsorshipDate>
        <bioguideId>B001290</bioguideId>
        <middleName />
        <identifiers>
          <gpoId />
          <bioguideId>B001290</bioguideId>
          <lisID>2203</lisID>
        </identifiers>
        <district>7</district>
        <party>R</party>
        <state>VA</state>
        <firstName>Dave</firstName>
        <sponsorshipWithdrawnDate />
        <isOriginalCosponsor>True</isOriginalCosponsor>
        <fullName>Rep. Brat, Dave [R-VA-7]</fullName>
      </item>
      <item>
        <lastName>Bilirakis</lastName>
        <sponsorshipDate>2017-01-24</sponsorshipDate>
        <bioguideId>B001257</bioguideId>
        <middleName>M.</middleName>
        <identifiers>
          <lisID>1838</lisID>
          <gpoId>7881</gpoId>
          <bioguideId>B001257</bioguideId>
        </identifiers>
        <district>12</district>
        <party>R</party>
        <state>FL</state>
        <firstName>Gus</firstName>
        <sponsorshipWithdrawnDate />
        <isOriginalCosponsor>True</isOriginalCosponsor>
        <fullName>Rep. Bilirakis, Gus M. [R-FL-12]</fullName>
      </item>
      <item>
        <lastName>Roby</lastName>
        <sponsorshipDate>2017-01-24</sponsorshipDate>
        <bioguideId>R000591</bioguideId>
        <middleName />
        <identifiers>
          <bioguideId>R000591</bioguideId>
          <lisID>1986</lisID>
          <gpoId>7787</gpoId>
        </identifiers>
        <district>2</district>
        <party>R</party>
        <state>AL</state>
        <firstName>Martha</firstName>
        <sponsorshipWithdrawnDate />
        <isOriginalCosponsor>True</isOriginalCosponsor>
        <fullName>Rep. Roby, Martha [R-AL-2]</fullName>
      </item>
      <item>
        <lastName>Loudermilk</lastName>
        <sponsorshipDate>2017-01-24</sponsorshipDate>
        <bioguideId>L000583</bioguideId>
        <middleName />
        <identifiers>
          <lisID>2238</lisID>
          <bioguideId>L000583</bioguideId>
          <gpoId />
        </identifiers>
        <district>11</district>
        <party>R</party>
        <state>GA</state>
        <firstName>Barry</firstName>
        <sponsorshipWithdrawnDate />
        <isOriginalCosponsor>True</isOriginalCosponsor>
        <fullName>Rep. Loudermilk, Barry [R-GA-11]</fullName>
      </item>
      <item>
        <lastName>Biggs</lastName>
        <sponsorshipDate>2017-01-24</sponsorshipDate>
        <bioguideId>B001302</bioguideId>
        <middleName />
        <identifiers>
          <lisID>2307</lisID>
          <gpoId />
          <bioguideId>B001302</bioguideId>
        </identifiers>
        <district>5</district>
        <party>R</party>
        <state>AZ</state>
        <firstName>Andy</firstName>
        <sponsorshipWithdrawnDate />
        <isOriginalCosponsor>True</isOriginalCosponsor>
        <fullName>Rep. Biggs, Andy [R-AZ-5]</fullName>
      </item>
      <item>
        <lastName>Poe</lastName>
        <sponsorshipDate>2017-01-24</sponsorshipDate>
        <bioguideId>P000592</bioguideId>
        <middleName />
        <identifiers>
          <lisID>1802</lisID>
          <bioguideId>P000592</bioguideId>
          <gpoId>8158</gpoId>
        </identifiers>
        <district>2</district>
        <party>R</party>
        <state>TX</state>
        <firstName>Ted</firstName>
        <sponsorshipWithdrawnDate />
        <isOriginalCosponsor>True</isOriginalCosponsor>
        <fullName>Rep. Poe, Ted [R-TX-2]</fullName>
      </item>
      <item>
        <lastName>LaMalfa</lastName>
        <sponsorshipDate>2017-01-24</sponsorshipDate>
        <bioguideId>L000578</bioguideId>
        <middleName />
        <identifiers>
          <gpoId />
          <lisID>2100</lisID>
          <bioguideId>L000578</bioguideId>
        </identifiers>
        <district>1</district>
        <party>R</party>
        <state>CA</state>
        <firstName>Doug</firstName>
        <sponsorshipWithdrawnDate />
        <isOriginalCosponsor>True</isOriginalCosponsor>
        <fullName>Rep. LaMalfa, Doug [R-CA-1]</fullName>
      </item>
      <item>
        <lastName>Pearce</lastName>
        <sponsorshipDate>2017-01-24</sponsorshipDate>
        <bioguideId>P000588</bioguideId>
        <middleName />
        <identifiers>
          <gpoId>8057</gpoId>
          <lisID>1738</lisID>
          <bioguideId>P000588</bioguideId>
        </identifiers>
        <district>2</district>
        <party>R</party>
        <state>NM</state>
        <firstName>Stevan</firstName>
        <sponsorshipWithdrawnDate />
        <isOriginalCosponsor>True</isOriginalCosponsor>
        <fullName>Rep. Pearce, Stevan [R-NM-2]</fullName>
      </item>
      <item>
        <lastName>Webster</lastName>
        <sponsorshipDate>2017-01-24</sponsorshipDate>
        <bioguideId>W000806</bioguideId>
        <middleName />
        <identifiers>
          <gpoId>7880</gpoId>
          <bioguideId>W000806</bioguideId>
          <lisID>2002</lisID>
        </identifiers>
        <district>11</district>
        <party>R</party>
        <state>FL</state>
        <firstName>Daniel</firstName>
        <sponsorshipWithdrawnDate />
        <isOriginalCosponsor>True</isOriginalCosponsor>
        <fullName>Rep. Webster, Daniel [R-FL-11]</fullName>
      </item>
      <item>
        <lastName>Hudson</lastName>
        <sponsorshipDate>2017-01-24</sponsorshipDate>
        <bioguideId>H001067</bioguideId>
        <middleName />
        <identifiers>
          <gpoId />
          <bioguideId>H001067</bioguideId>
          <lisID>2140</lisID>
        </identifiers>
        <district>8</district>
        <party>R</party>
        <state>NC</state>
        <firstName>Richard</firstName>
        <sponsorshipWithdrawnDate />
        <isOriginalCosponsor>True</isOriginalCosponsor>
        <fullName>Rep. Hudson, Richard [R-NC-8]</fullName>
      </item>
      <item>
        <lastName>Perry</lastName>
        <sponsorshipDate>2017-01-24</sponsorshipDate>
        <bioguideId>P000605</bioguideId>
        <middleName />
        <identifiers>
          <lisID>2157</lisID>
          <gpoId />
          <bioguideId>P000605</bioguideId>
        </identifiers>
        <district>4</district>
        <party>R</party>
        <state>PA</state>
        <firstName>Scott</firstName>
        <sponsorshipWithdrawnDate />
        <isOriginalCosponsor>True</isOriginalCosponsor>
        <fullName>Rep. Perry, Scott [R-PA-4]</fullName>
      </item>
      <item>
        <lastName>Hill</lastName>
        <sponsorshipDate>2017-01-24</sponsorshipDate>
        <bioguideId>H001072</bioguideId>
        <middleName>French</middleName>
        <identifiers>
          <lisID>2223</lisID>
          <bioguideId>H001072</bioguideId>
          <gpoId />
        </identifiers>
        <district>2</district>
        <party>R</party>
        <state>AR</state>
        <firstName>J.</firstName>
        <sponsorshipWithdrawnDate />
        <isOriginalCosponsor>True</isOriginalCosponsor>
        <fullName>Rep. Hill, J. French [R-AR-2]</fullName>
      </item>
      <item>
        <lastName>Rutherford</lastName>
        <sponsorshipDate>2017-01-24</sponsorshipDate>
        <bioguideId>R000609</bioguideId>
        <middleName>H.</middleName>
        <identifiers>
          <lisID>2316</lisID>
          <bioguideId>R000609</bioguideId>
          <gpoId />
        </identifiers>
        <district>4</district>
        <party>R</party>
        <state>FL</state>
        <firstName>John</firstName>
        <sponsorshipWithdrawnDate />
        <isOriginalCosponsor>True</isOriginalCosponsor>
        <fullName>Rep. Rutherford, John H. [R-FL-4]</fullName>
      </item>
      <item>
        <lastName>Harris</lastName>
        <sponsorshipDate>2017-01-24</sponsorshipDate>
        <bioguideId>H001052</bioguideId>
        <middleName />
        <identifiers>
          <lisID>2026</lisID>
          <gpoId>7976</gpoId>
          <bioguideId>H001052</bioguideId>
        </identifiers>
        <district>1</district>
        <party>R</party>
        <state>MD</state>
        <firstName>Andy</firstName>
        <sponsorshipWithdrawnDate />
        <isOriginalCosponsor>True</isOriginalCosponsor>
        <fullName>Rep. Harris, Andy [R-MD-1]</fullName>
      </item>
      <item>
        <lastName>Griffith</lastName>
        <sponsorshipDate>2017-01-31</sponsorshipDate>
        <bioguideId>G000568</bioguideId>
        <middleName>Morgan</middleName>
        <identifiers>
          <lisID>2070</lisID>
          <bioguideId>G000568</bioguideId>
          <gpoId>8200</gpoId>
        </identifiers>
        <district>9</district>
        <party>R</party>
        <state>VA</state>
        <firstName>H.</firstName>
        <sponsorshipWithdrawnDate />
        <isOriginalCosponsor>False</isOriginalCosponsor>
        <fullName>Rep. Griffith, H. Morgan [R-VA-9]</fullName>
      </item>
      <item>
        <lastName>Flores</lastName>
        <sponsorshipDate>2017-01-31</sponsorshipDate>
        <bioguideId>F000461</bioguideId>
        <middleName />
        <identifiers>
          <lisID>2065</lisID>
          <gpoId>8173</gpoId>
          <bioguideId>F000461</bioguideId>
        </identifiers>
        <district>17</district>
        <party>R</party>
        <state>TX</state>
        <firstName>Bill</firstName>
        <sponsorshipWithdrawnDate />
        <isOriginalCosponsor>False</isOriginalCosponsor>
        <fullName>Rep. Flores, Bill [R-TX-17]</fullName>
      </item>
      <item>
        <lastName>Emmer</lastName>
        <sponsorshipDate>2017-01-31</sponsorshipDate>
        <bioguideId>E000294</bioguideId>
        <middleName />
        <identifiers>
          <bioguideId>E000294</bioguideId>
          <lisID>2253</lisID>
          <gpoId />
        </identifiers>
        <district>6</district>
        <party>R</party>
        <state>MN</state>
        <firstName>Tom</firstName>
        <sponsorshipWithdrawnDate />
        <isOriginalCosponsor>False</isOriginalCosponsor>
        <fullName>Rep. Emmer, Tom [R-MN-6]</fullName>
      </item>
      <item>
        <lastName>Jordan</lastName>
        <sponsorshipDate>2017-01-31</sponsorshipDate>
        <bioguideId>J000289</bioguideId>
        <middleName />
        <identifiers>
          <lisID>1868</lisID>
          <bioguideId>J000289</bioguideId>
          <gpoId>8094</gpoId>
        </identifiers>
        <district>4</district>
        <party>R</party>
        <state>OH</state>
        <firstName>Jim</firstName>
        <sponsorshipWithdrawnDate />
        <isOriginalCosponsor>False</isOriginalCosponsor>
        <fullName>Rep. Jordan, Jim [R-OH-4]</fullName>
      </item>
      <item>
        <lastName>Murphy</lastName>
        <sponsorshipDate>2017-01-31</sponsorshipDate>
        <bioguideId>M001151</bioguideId>
        <middleName />
        <identifiers>
          <lisID>1744</lisID>
          <gpoId>8723</gpoId>
          <bioguideId>M001151</bioguideId>
        </identifiers>
        <district>18</district>
        <party>R</party>
        <state>PA</state>
        <firstName>Tim</firstName>
        <sponsorshipWithdrawnDate />
        <isOriginalCosponsor>False</isOriginalCosponsor>
        <fullName>Rep. Murphy, Tim [R-PA-18]</fullName>
      </item>
      <item>
        <lastName>Amash</lastName>
        <sponsorshipDate>2017-01-31</sponsorshipDate>
        <bioguideId>A000367</bioguideId>
        <middleName />
        <identifiers>
          <bioguideId>A000367</bioguideId>
          <lisID>2029</lisID>
          <gpoId>7988</gpoId>
        </identifiers>
        <district>3</district>
        <party>R</party>
        <state>MI</state>
        <firstName>Justin</firstName>
        <sponsorshipWithdrawnDate />
        <isOriginalCosponsor>False</isOriginalCosponsor>
        <fullName>Rep. Amash, Justin [R-MI-3]</fullName>
      </item>
      <item>
        <lastName>Love</lastName>
        <sponsorshipDate>2017-01-31</sponsorshipDate>
        <bioguideId>L000584</bioguideId>
        <middleName>B.</middleName>
        <identifiers>
          <bioguideId>L000584</bioguideId>
          <lisID>2271</lisID>
          <gpoId />
        </identifiers>
        <district>4</district>
        <party>R</party>
        <state>UT</state>
        <firstName>Mia</firstName>
        <sponsorshipWithdrawnDate />
        <isOriginalCosponsor>False</isOriginalCosponsor>
        <fullName>Rep. Love, Mia B. [R-UT-4]</fullName>
      </item>
      <item>
        <lastName>Renacci</lastName>
        <sponsorshipDate>2017-01-31</sponsorshipDate>
        <bioguideId>R000586</bioguideId>
        <middleName>B.</middleName>
        <identifiers>
          <lisID>2048</lisID>
          <bioguideId>R000586</bioguideId>
          <gpoId>8106</gpoId>
        </identifiers>
        <district>16</district>
        <party>R</party>
        <state>OH</state>
        <firstName>James</firstName>
        <sponsorshipWithdrawnDate />
        <isOriginalCosponsor>False</isOriginalCosponsor>
        <fullName>Rep. Renacci, James B. [R-OH-16]</fullName>
      </item>
      <item>
        <lastName>Collins</lastName>
        <sponsorshipDate>2017-02-01</sponsorshipDate>
        <bioguideId>C001092</bioguideId>
        <middleName />
        <identifiers>
          <lisID>2151</lisID>
          <gpoId />
          <bioguideId>C001092</bioguideId>
        </identifiers>
        <district>27</district>
        <party>R</party>
        <state>NY</state>
        <firstName>Chris</firstName>
        <sponsorshipWithdrawnDate />
        <isOriginalCosponsor>False</isOriginalCosponsor>
        <fullName>Rep. Collins, Chris [R-NY-27]</fullName>
      </item>
      <item>
        <lastName>PETERSON</lastName>
        <sponsorshipDate>2017-02-14</sponsorshipDate>
        <bioguideId>P000258</bioguideId>
        <middleName>C.</middleName>
        <identifiers>
          <bioguideId>P000258</bioguideId>
          <lisID>910</lisID>
          <gpoId>8007</gpoId>
        </identifiers>
        <district>7</district>
        <party>D</party>
        <state>MN</state>
        <firstName>COLLIN</firstName>
        <sponsorshipWithdrawnDate />
        <isOriginalCosponsor>False</isOriginalCosponsor>
        <fullName>Rep. Peterson, Collin C. [D-MN-7]</fullName>
      </item>
      <item>
        <lastName>Marshall</lastName>
        <sponsorshipDate>2017-02-15</sponsorshipDate>
        <bioguideId>M001198</bioguideId>
        <middleName>W.</middleName>
        <identifiers>
          <bioguideId>M001198</bioguideId>
          <lisID>2328</lisID>
          <gpoId />
        </identifiers>
        <district>1</district>
        <party>R</party>
        <state>KS</state>
        <firstName>Roger</firstName>
        <sponsorshipWithdrawnDate />
        <isOriginalCosponsor>False</isOriginalCosponsor>
        <fullName>Rep. Marshall, Roger W. [R-KS-1]</fullName>
      </item>
      <item>
        <lastName>Turner</lastName>
        <sponsorshipDate>2017-02-15</sponsorshipDate>
        <bioguideId>T000463</bioguideId>
        <middleName>R.</middleName>
        <identifiers>
          <lisID>1741</lisID>
          <bioguideId>T000463</bioguideId>
          <gpoId>8093</gpoId>
        </identifiers>
        <district>10</district>
        <party>R</party>
        <state>OH</state>
        <firstName>Michael</firstName>
        <sponsorshipWithdrawnDate />
        <isOriginalCosponsor>False</isOriginalCosponsor>
        <fullName>Rep. Turner, Michael R. [R-OH-10]</fullName>
      </item>
      <item>
        <lastName>Lipinski</lastName>
        <sponsorshipDate>2017-02-15</sponsorshipDate>
        <bioguideId>L000563</bioguideId>
        <middleName>William</middleName>
        <identifiers>
          <gpoId>7923</gpoId>
          <lisID>1781</lisID>
          <bioguideId>L000563</bioguideId>
        </identifiers>
        <district>3</district>
        <party>D</party>
        <state>IL</state>
        <firstName>Daniel</firstName>
        <sponsorshipWithdrawnDate />
        <isOriginalCosponsor>False</isOriginalCosponsor>
        <fullName>Rep. Lipinski, Daniel [D-IL-3]</fullName>
      </item>
      <item>
        <lastName>Ferguson</lastName>
        <sponsorshipDate>2017-02-28</sponsorshipDate>
        <bioguideId>F000465</bioguideId>
        <middleName>Drew</middleName>
        <identifiers>
          <gpoId />
          <bioguideId>F000465</bioguideId>
          <lisID>2324</lisID>
        </identifiers>
        <district>3</district>
        <party>R</party>
        <state>GA</state>
        <firstName>A.</firstName>
        <sponsorshipWithdrawnDate />
        <isOriginalCosponsor>False</isOriginalCosponsor>
        <fullName>Rep. Ferguson, A. Drew, IV [R-GA-3]</fullName>
      </item>
      <item>
        <lastName>Grothman</lastName>
        <sponsorshipDate>2017-02-28</sponsorshipDate>
        <bioguideId>G000576</bioguideId>
        <middleName />
        <identifiers>
          <bioguideId>G000576</bioguideId>
          <gpoId />
          <lisID>2276</lisID>
        </identifiers>
        <district>6</district>
        <party>R</party>
        <state>WI</state>
        <firstName>Glenn</firstName>
        <sponsorshipWithdrawnDate />
        <isOriginalCosponsor>False</isOriginalCosponsor>
        <fullName>Rep. Grothman, Glenn [R-WI-6]</fullName>
      </item>
      <item>
        <lastName>Hartzler</lastName>
        <sponsorshipDate>2017-02-28</sponsorshipDate>
        <bioguideId>H001053</bioguideId>
        <middleName />
        <identifiers>
          <lisID>2032</lisID>
          <gpoId>8012</gpoId>
          <bioguideId>H001053</bioguideId>
        </identifiers>
        <district>4</district>
        <party>R</party>
        <state>MO</state>
        <firstName>Vicky</firstName>
        <sponsorshipWithdrawnDate />
        <isOriginalCosponsor>False</isOriginalCosponsor>
        <fullName>Rep. Hartzler, Vicky [R-MO-4]</fullName>
      </item>
      <item>
        <lastName>Higgins</lastName>
        <sponsorshipDate>2017-02-28</sponsorshipDate>
        <bioguideId>H001077</bioguideId>
        <middleName />
        <identifiers>
          <bioguideId>H001077</bioguideId>
          <lisID>2329</lisID>
          <gpoId />
        </identifiers>
        <district>3</district>
        <party>R</party>
        <state>LA</state>
        <firstName>Clay</firstName>
        <sponsorshipWithdrawnDate />
        <isOriginalCosponsor>False</isOriginalCosponsor>
        <fullName>Rep. Higgins, Clay [R-LA-3]</fullName>
      </item>
      <item>
        <lastName>McClintock</lastName>
        <sponsorshipDate>2017-03-09</sponsorshipDate>
        <bioguideId>M001177</bioguideId>
        <middleName />
        <identifiers>
          <lisID>1908</lisID>
          <gpoId>7809</gpoId>
          <bioguideId>M001177</bioguideId>
        </identifiers>
        <district>4</district>
        <party>R</party>
        <state>CA</state>
        <firstName>Tom</firstName>
        <sponsorshipWithdrawnDate />
        <isOriginalCosponsor>False</isOriginalCosponsor>
        <fullName>Rep. McClintock, Tom [R-CA-4]</fullName>
      </item>
      <item>
        <lastName>JOHNSON</lastName>
        <sponsorshipDate>2017-03-09</sponsorshipDate>
        <bioguideId>J000174</bioguideId>
        <middleName />
        <identifiers>
          <gpoId>8159</gpoId>
          <bioguideId>J000174</bioguideId>
          <lisID>603</lisID>
        </identifiers>
        <district>3</district>
        <party>R</party>
        <state>TX</state>
        <firstName>SAM</firstName>
        <sponsorshipWithdrawnDate />
        <isOriginalCosponsor>False</isOriginalCosponsor>
        <fullName>Rep. Johnson, Sam [R-TX-3]</fullName>
      </item>
      <item>
        <lastName>Wittman</lastName>
        <sponsorshipDate>2017-03-09</sponsorshipDate>
        <bioguideId>W000804</bioguideId>
        <middleName>J.</middleName>
        <identifiers>
          <lisID>1886</lisID>
          <bioguideId>W000804</bioguideId>
          <gpoId>8192</gpoId>
        </identifiers>
        <district>1</district>
        <party>R</party>
        <state>VA</state>
        <firstName>Robert</firstName>
        <sponsorshipWithdrawnDate />
        <isOriginalCosponsor>False</isOriginalCosponsor>
        <fullName>Rep. Wittman, Robert J. [R-VA-1]</fullName>
      </item>
      <item>
        <lastName>GOODLATTE</lastName>
        <sponsorshipDate>2017-03-15</sponsorshipDate>
        <bioguideId>G000289</bioguideId>
        <middleName>W.</middleName>
        <identifiers>
          <gpoId>8197</gpoId>
          <bioguideId>G000289</bioguideId>
          <lisID>446</lisID>
        </identifiers>
        <district>6</district>
        <party>R</party>
        <state>VA</state>
        <firstName>ROBERT</firstName>
        <sponsorshipWithdrawnDate />
        <isOriginalCosponsor>False</isOriginalCosponsor>
        <fullName>Rep. Goodlatte, Bob [R-VA-6]</fullName>
      </item>
      <item>
        <lastName>Messer</lastName>
        <sponsorshipDate>2017-03-15</sponsorshipDate>
        <bioguideId>M001189</bioguideId>
        <middleName />
        <identifiers>
          <gpoId />
          <bioguideId>M001189</bioguideId>
          <lisID>2130</lisID>
        </identifiers>
        <district>6</district>
        <party>R</party>
        <state>IN</state>
        <firstName>Luke</firstName>
        <sponsorshipWithdrawnDate />
        <isOriginalCosponsor>False</isOriginalCosponsor>
        <fullName>Rep. Messer, Luke [R-IN-6]</fullName>
      </item>
      <item>
        <lastName>Bucshon</lastName>
        <sponsorshipDate>2017-03-15</sponsorshipDate>
        <bioguideId>B001275</bioguideId>
        <middleName />
        <identifiers>
          <lisID>2018</lisID>
          <bioguideId>B001275</bioguideId>
          <gpoId>7947</gpoId>
        </identifiers>
        <district>8</district>
        <party>R</party>
        <state>IN</state>
        <firstName>Larry</firstName>
        <sponsorshipWithdrawnDate />
        <isOriginalCosponsor>False</isOriginalCosponsor>
        <fullName>Rep. Bucshon, Larry [R-IN-8]</fullName>
      </item>
      <item>
        <lastName>Smucker</lastName>
        <sponsorshipDate>2017-03-15</sponsorshipDate>
        <bioguideId>S001199</bioguideId>
        <middleName />
        <identifiers>
          <lisID>2346</lisID>
          <bioguideId>S001199</bioguideId>
          <gpoId />
        </identifiers>
        <district>16</district>
        <party>R</party>
        <state>PA</state>
        <firstName>Lloyd</firstName>
        <sponsorshipWithdrawnDate />
        <isOriginalCosponsor>False</isOriginalCosponsor>
        <fullName>Rep. Smucker, Lloyd [R-PA-16]</fullName>
      </item>
      <item>
        <lastName>Young</lastName>
        <sponsorshipDate>2017-03-22</sponsorshipDate>
        <bioguideId>Y000066</bioguideId>
        <middleName />
        <identifiers>
          <lisID>2242</lisID>
          <gpoId />
          <bioguideId>Y000066</bioguideId>
        </identifiers>
        <district>3</district>
        <party>R</party>
        <state>IA</state>
        <firstName>David</firstName>
        <sponsorshipWithdrawnDate />
        <isOriginalCosponsor>False</isOriginalCosponsor>
        <fullName>Rep. Young, David [R-IA-3]</fullName>
      </item>
      <item>
        <lastName>Walker</lastName>
        <sponsorshipDate>2017-03-23</sponsorshipDate>
        <bioguideId>W000819</bioguideId>
        <middleName />
        <identifiers>
          <bioguideId>W000819</bioguideId>
          <lisID>2255</lisID>
          <gpoId />
        </identifiers>
        <district>6</district>
        <party>R</party>
        <state>NC</state>
        <firstName>Mark</firstName>
        <sponsorshipWithdrawnDate />
        <isOriginalCosponsor>False</isOriginalCosponsor>
        <fullName>Rep. Walker, Mark [R-NC-6]</fullName>
      </item>
      <item>
        <lastName>Arrington</lastName>
        <sponsorshipDate>2017-03-23</sponsorshipDate>
        <bioguideId>A000375</bioguideId>
        <middleName>C.</middleName>
        <identifiers>
          <lisID>2350</lisID>
          <bioguideId>A000375</bioguideId>
          <gpoId />
        </identifiers>
        <district>19</district>
        <party>R</party>
        <state>TX</state>
        <firstName>Jodey</firstName>
        <sponsorshipWithdrawnDate />
        <isOriginalCosponsor>False</isOriginalCosponsor>
        <fullName>Rep. Arrington, Jodey C. [R-TX-19]</fullName>
      </item>
      <item>
        <lastName>Palmer</lastName>
        <sponsorshipDate>2017-04-04</sponsorshipDate>
        <bioguideId>P000609</bioguideId>
        <middleName>J.</middleName>
        <identifiers>
          <bioguideId>P000609</bioguideId>
          <lisID>2221</lisID>
          <gpoId />
        </identifiers>
        <district>6</district>
        <party>R</party>
        <state>AL</state>
        <firstName>Gary</firstName>
        <sponsorshipWithdrawnDate />
        <isOriginalCosponsor>False</isOriginalCosponsor>
        <fullName>Rep. Palmer, Gary J. [R-AL-6]</fullName>
      </item>
      <item>
        <lastName>Bacon</lastName>
        <sponsorshipDate>2017-04-04</sponsorshipDate>
        <bioguideId>B001298</bioguideId>
        <middleName />
        <identifiers>
          <bioguideId>B001298</bioguideId>
          <gpoId />
          <lisID>2337</lisID>
        </identifiers>
        <district>2</district>
        <party>R</party>
        <state>NE</state>
        <firstName>Don</firstName>
        <sponsorshipWithdrawnDate />
        <isOriginalCosponsor>False</isOriginalCosponsor>
        <fullName>Rep. Bacon, Don [R-NE-2]</fullName>
      </item>
      <item>
        <lastName>Conaway</lastName>
        <sponsorshipDate>2017-04-04</sponsorshipDate>
        <bioguideId>C001062</bioguideId>
        <middleName>Michael</middleName>
        <identifiers>
          <bioguideId>C001062</bioguideId>
          <lisID>1805</lisID>
          <gpoId>8167</gpoId>
        </identifiers>
        <district>11</district>
        <party>R</party>
        <state>TX</state>
        <firstName>K.</firstName>
        <sponsorshipWithdrawnDate />
        <isOriginalCosponsor>False</isOriginalCosponsor>
        <fullName>Rep. Conaway, K. Michael [R-TX-11]</fullName>
      </item>
      <item>
        <lastName>LaHood</lastName>
        <sponsorshipDate>2017-04-04</sponsorshipDate>
        <bioguideId>L000585</bioguideId>
        <middleName />
        <identifiers>
          <gpoId />
          <lisID>2295</lisID>
          <bioguideId>L000585</bioguideId>
        </identifiers>
        <district>18</district>
        <party>R</party>
        <state>IL</state>
        <firstName>Darin</firstName>
        <sponsorshipWithdrawnDate />
        <isOriginalCosponsor>False</isOriginalCosponsor>
        <fullName>Rep. LaHood, Darin [R-IL-18]</fullName>
      </item>
      <item>
        <lastName>McKinley</lastName>
        <sponsorshipDate>2017-04-06</sponsorshipDate>
        <bioguideId>M001180</bioguideId>
        <middleName>B.</middleName>
        <identifiers>
          <bioguideId>M001180</bioguideId>
          <lisID>2074</lisID>
          <gpoId>8222</gpoId>
        </identifiers>
        <district>1</district>
        <party>R</party>
        <state>WV</state>
        <firstName>David</firstName>
        <sponsorshipWithdrawnDate />
        <isOriginalCosponsor>False</isOriginalCosponsor>
        <fullName>Rep. McKinley, David B. [R-WV-1]</fullName>
      </item>
      <item>
        <lastName>Bishop</lastName>
        <sponsorshipDate>2017-04-25</sponsorshipDate>
        <bioguideId>B001293</bioguideId>
        <middleName />
        <identifiers>
          <bioguideId>B001293</bioguideId>
          <lisID>2249</lisID>
          <gpoId />
        </identifiers>
        <district>8</district>
        <party>R</party>
        <state>MI</state>
        <firstName>Mike</firstName>
        <sponsorshipWithdrawnDate />
        <isOriginalCosponsor>False</isOriginalCosponsor>
        <fullName>Rep. Bishop, Mike [R-MI-8]</fullName>
      </item>
      <item>
        <lastName>Massie</lastName>
        <sponsorshipDate>2017-07-20</sponsorshipDate>
        <bioguideId>M001184</bioguideId>
        <middleName />
        <identifiers>
          <bioguideId>M001184</bioguideId>
          <lisID>2094</lisID>
          <gpoId>8371</gpoId>
        </identifiers>
        <district>4</district>
        <party>R</party>
        <state>KY</state>
        <firstName>Thomas</firstName>
        <sponsorshipWithdrawnDate />
        <isOriginalCosponsor>False</isOriginalCosponsor>
        <fullName>Rep. Massie, Thomas [R-KY-4]</fullName>
      </item>
      <item>
        <lastName>Abraham</lastName>
        <sponsorshipDate>2017-09-01</sponsorshipDate>
        <bioguideId>A000374</bioguideId>
        <middleName>Lee</middleName>
        <identifiers>
          <lisID>2244</lisID>
          <gpoId />
          <bioguideId>A000374</bioguideId>
        </identifiers>
        <district>5</district>
        <party>R</party>
        <state>LA</state>
        <firstName>Ralph</firstName>
        <sponsorshipWithdrawnDate />
        <isOriginalCosponsor>False</isOriginalCosponsor>
        <fullName>Rep. Abraham, Ralph Lee [R-LA-5]</fullName>
      </item>
      <item>
        <lastName>Jenkins</lastName>
        <sponsorshipDate>2017-09-01</sponsorshipDate>
        <bioguideId>J000297</bioguideId>
        <middleName>H.</middleName>
        <identifiers>
          <lisID>2278</lisID>
          <bioguideId>J000297</bioguideId>
          <gpoId />
        </identifiers>
        <district>3</district>
        <party>R</party>
        <state>WV</state>
        <firstName>Evan</firstName>
        <sponsorshipWithdrawnDate />
        <isOriginalCosponsor>False</isOriginalCosponsor>
        <fullName>Rep. Jenkins, Evan H. [R-WV-3]</fullName>
      </item>
      <item>
        <lastName>Bishop</lastName>
        <sponsorshipDate>2017-09-01</sponsorshipDate>
        <bioguideId>B001250</bioguideId>
        <middleName />
        <identifiers>
          <gpoId>8189</gpoId>
          <bioguideId>B001250</bioguideId>
          <lisID>1753</lisID>
        </identifiers>
        <district>1</district>
        <party>R</party>
        <state>UT</state>
        <firstName>Rob</firstName>
        <sponsorshipWithdrawnDate />
        <isOriginalCosponsor>False</isOriginalCosponsor>
        <fullName>Rep. Bishop, Rob [R-UT-1]</fullName>
      </item>
      <item>
        <lastName>Ratcliffe</lastName>
        <sponsorshipDate>2017-09-01</sponsorshipDate>
        <bioguideId>R000601</bioguideId>
        <middleName />
        <identifiers>
          <bioguideId>R000601</bioguideId>
          <gpoId />
          <lisID>2268</lisID>
        </identifiers>
        <district>4</district>
        <party>R</party>
        <state>TX</state>
        <firstName>John</firstName>
        <sponsorshipWithdrawnDate />
        <isOriginalCosponsor>False</isOriginalCosponsor>
        <fullName>Rep. Ratcliffe, John [R-TX-4]</fullName>
      </item>
      <item>
        <lastName>Collins</lastName>
        <sponsorshipDate>2017-09-01</sponsorshipDate>
        <bioguideId>C001093</bioguideId>
        <middleName />
        <identifiers>
          <lisID>2121</lisID>
          <bioguideId>C001093</bioguideId>
          <gpoId />
        </identifiers>
        <district>9</district>
        <party>R</party>
        <state>GA</state>
        <firstName>Doug</firstName>
        <sponsorshipWithdrawnDate />
        <isOriginalCosponsor>False</isOriginalCosponsor>
        <fullName>Rep. Collins, Doug [R-GA-9]</fullName>
      </item>
      <item>
        <lastName>Bergman</lastName>
        <sponsorshipDate>2017-09-06</sponsorshipDate>
        <bioguideId>B001301</bioguideId>
        <middleName />
        <identifiers>
          <lisID>2333</lisID>
          <gpoId />
          <bioguideId>B001301</bioguideId>
        </identifiers>
        <district>1</district>
        <party>R</party>
        <state>MI</state>
        <firstName>Jack</firstName>
        <sponsorshipWithdrawnDate />
        <isOriginalCosponsor>False</isOriginalCosponsor>
        <fullName>Rep. Bergman, Jack [R-MI-1]</fullName>
      </item>
      <item>
        <lastName>Gallagher</lastName>
        <sponsorshipDate>2017-09-11</sponsorshipDate>
        <bioguideId>G000579</bioguideId>
        <middleName />
        <identifiers>
          <bioguideId>G000579</bioguideId>
          <lisID>2355</lisID>
          <gpoId />
        </identifiers>
        <district>8</district>
        <party>R</party>
        <state>WI</state>
        <firstName>Mike</firstName>
        <sponsorshipWithdrawnDate />
        <isOriginalCosponsor>False</isOriginalCosponsor>
        <fullName>Rep. Gallagher, Mike [R-WI-8]</fullName>
      </item>
      <item>
        <lastName>Davidson</lastName>
        <sponsorshipDate>2017-09-12</sponsorshipDate>
        <bioguideId>D000626</bioguideId>
        <middleName />
        <identifiers>
          <lisID>2296</lisID>
          <bioguideId>D000626</bioguideId>
          <gpoId />
        </identifiers>
        <district>8</district>
        <party>R</party>
        <state>OH</state>
        <firstName>Warren</firstName>
        <sponsorshipWithdrawnDate />
        <isOriginalCosponsor>False</isOriginalCosponsor>
        <fullName>Rep. Davidson, Warren [R-OH-8]</fullName>
      </item>
      <item>
        <lastName>Labrador</lastName>
        <sponsorshipDate>2017-09-12</sponsorshipDate>
        <bioguideId>L000573</bioguideId>
        <middleName>R.</middleName>
        <identifiers>
          <bioguideId>L000573</bioguideId>
          <lisID>2011</lisID>
          <gpoId>7919</gpoId>
        </identifiers>
        <district>1</district>
        <party>R</party>
        <state>ID</state>
        <firstName>Raul</firstName>
        <sponsorshipWithdrawnDate />
        <isOriginalCosponsor>False</isOriginalCosponsor>
        <fullName>Rep. Labrador, Raul R. [R-ID-1]</fullName>
      </item>
      <item>
        <lastName>SESSIONS</lastName>
        <sponsorshipDate>2017-09-18</sponsorshipDate>
        <bioguideId>S000250</bioguideId>
        <middleName />
        <identifiers>
          <lisID>1525</lisID>
          <gpoId>8188</gpoId>
          <bioguideId>S000250</bioguideId>
        </identifiers>
        <district>32</district>
        <party>R</party>
        <state>TX</state>
        <firstName>PETE</firstName>
        <sponsorshipWithdrawnDate />
        <isOriginalCosponsor>False</isOriginalCosponsor>
        <fullName>Rep. Sessions, Pete [R-TX-32]</fullName>
      </item>
      <item>
        <lastName>Graves</lastName>
        <sponsorshipDate>2017-09-18</sponsorshipDate>
        <bioguideId>G000560</bioguideId>
        <middleName />
        <identifiers>
          <bioguideId>G000560</bioguideId>
          <lisID>1979</lisID>
          <gpoId>7906</gpoId>
        </identifiers>
        <district>14</district>
        <party>R</party>
        <state>GA</state>
        <firstName>Tom</firstName>
        <sponsorshipWithdrawnDate />
        <isOriginalCosponsor>False</isOriginalCosponsor>
        <fullName>Rep. Graves, Tom [R-GA-14]</fullName>
      </item>
      <item>
        <lastName>Joyce</lastName>
        <sponsorshipDate>2017-09-18</sponsorshipDate>
        <bioguideId>J000295</bioguideId>
        <middleName>P.</middleName>
        <identifiers>
          <lisID>2154</lisID>
          <gpoId />
          <bioguideId>J000295</bioguideId>
        </identifiers>
        <district>14</district>
        <party>R</party>
        <state>OH</state>
        <firstName>David</firstName>
        <sponsorshipWithdrawnDate />
        <isOriginalCosponsor>False</isOriginalCosponsor>
        <fullName>Rep. Joyce, David P. [R-OH-14]</fullName>
      </item>
      <item>
        <lastName>Kustoff</lastName>
        <sponsorshipDate>2017-09-21</sponsorshipDate>
        <bioguideId>K000392</bioguideId>
        <middleName />
        <identifiers>
          <bioguideId>K000392</bioguideId>
          <gpoId />
          <lisID>2348</lisID>
        </identifiers>
        <district>8</district>
        <party>R</party>
        <state>TN</state>
        <firstName>David</firstName>
        <sponsorshipWithdrawnDate />
        <isOriginalCosponsor>False</isOriginalCosponsor>
        <fullName>Rep. Kustoff, David [R-TN-8]</fullName>
      </item>
      <item>
        <lastName>Long</lastName>
        <sponsorshipDate>2017-09-25</sponsorshipDate>
        <bioguideId>L000576</bioguideId>
        <middleName />
        <identifiers>
          <lisID>2033</lisID>
          <gpoId>8015</gpoId>
          <bioguideId>L000576</bioguideId>
        </identifiers>
        <district>7</district>
        <party>R</party>
        <state>MO</state>
        <firstName>Billy</firstName>
        <sponsorshipWithdrawnDate />
        <isOriginalCosponsor>False</isOriginalCosponsor>
        <fullName>Rep. Long, Billy [R-MO-7]</fullName>
      </item>
      <item>
        <lastName>Norman</lastName>
        <sponsorshipDate>2017-09-26</sponsorshipDate>
        <bioguideId>N000190</bioguideId>
        <middleName />
        <identifiers>
          <lisID>2361</lisID>
          <bioguideId>N000190</bioguideId>
          <gpoId />
        </identifiers>
        <district>5</district>
        <party>R</party>
        <state>SC</state>
        <firstName>Ralph</firstName>
        <sponsorshipWithdrawnDate />
        <isOriginalCosponsor>False</isOriginalCosponsor>
        <fullName>Rep. Norman, Ralph [R-SC-5]</fullName>
      </item>
      <item>
        <lastName>Scott</lastName>
        <sponsorshipDate>2017-09-27</sponsorshipDate>
        <bioguideId>S001189</bioguideId>
        <middleName />
        <identifiers>
          <lisID>2009</lisID>
          <bioguideId>S001189</bioguideId>
          <gpoId>7905</gpoId>
        </identifiers>
        <district>8</district>
        <party>R</party>
        <state>GA</state>
        <firstName>Austin</firstName>
        <sponsorshipWithdrawnDate />
        <isOriginalCosponsor>False</isOriginalCosponsor>
        <fullName>Rep. Scott, Austin [R-GA-8]</fullName>
      </item>
      <item>
        <lastName>Zeldin</lastName>
        <sponsorshipDate>2017-10-02</sponsorshipDate>
        <bioguideId>Z000017</bioguideId>
        <middleName>M.</middleName>
        <identifiers>
          <lisID>2261</lisID>
          <gpoId />
          <bioguideId>Z000017</bioguideId>
        </identifiers>
        <district>1</district>
        <party>R</party>
        <state>NY</state>
        <firstName>Lee</firstName>
        <sponsorshipWithdrawnDate />
        <isOriginalCosponsor>False</isOriginalCosponsor>
        <fullName>Rep. Zeldin, Lee M. [R-NY-1]</fullName>
      </item>
      <item>
        <lastName>Weber</lastName>
        <sponsorshipDate>2017-11-07</sponsorshipDate>
        <bioguideId>W000814</bioguideId>
        <middleName>K.</middleName>
        <identifiers>
          <bioguideId>W000814</bioguideId>
          <gpoId />
          <lisID>2161</lisID>
        </identifiers>
        <district>14</district>
        <party>R</party>
        <state>TX</state>
        <firstName>Randy</firstName>
        <sponsorshipWithdrawnDate />
        <isOriginalCosponsor>False</isOriginalCosponsor>
        <fullName>Rep. Weber, Randy K., Sr. [R-TX-14]</fullName>
      </item>
      <item>
        <lastName>Jenkins</lastName>
        <sponsorshipDate>2017-12-01</sponsorshipDate>
        <bioguideId>J000290</bioguideId>
        <middleName />
        <identifiers>
          <bioguideId>J000290</bioguideId>
          <lisID>1921</lisID>
          <gpoId>7950</gpoId>
        </identifiers>
        <district>2</district>
        <party>R</party>
        <state>KS</state>
        <firstName>Lynn</firstName>
        <sponsorshipWithdrawnDate />
        <isOriginalCosponsor>False</isOriginalCosponsor>
        <fullName>Rep. Jenkins, Lynn [R-KS-2]</fullName>
      </item>
      <item>
        <lastName>King</lastName>
        <sponsorshipDate>2017-12-05</sponsorshipDate>
        <bioguideId>K000362</bioguideId>
        <middleName />
        <identifiers>
          <lisID>1724</lisID>
          <bioguideId>K000362</bioguideId>
          <gpoId>7918</gpoId>
        </identifiers>
        <district>4</district>
        <party>R</party>
        <state>IA</state>
        <firstName>Steve</firstName>
        <sponsorshipWithdrawnDate />
        <isOriginalCosponsor>False</isOriginalCosponsor>
        <fullName>Rep. King, Steve [R-IA-4]</fullName>
      </item>
      <item>
        <lastName>Gosar</lastName>
        <sponsorshipDate>2017-12-06</sponsorshipDate>
        <bioguideId>G000565</bioguideId>
        <middleName>A.</middleName>
        <identifiers>
          <bioguideId>G000565</bioguideId>
          <lisID>1992</lisID>
          <gpoId>7798</gpoId>
        </identifiers>
        <district>4</district>
        <party>R</party>
        <state>AZ</state>
        <firstName>Paul</firstName>
        <sponsorshipWithdrawnDate />
        <isOriginalCosponsor>False</isOriginalCosponsor>
        <fullName>Rep. Gosar, Paul A. [R-AZ-4]</fullName>
      </item>
      <item>
        <lastName>Burgess</lastName>
        <sponsorshipDate>2018-01-25</sponsorshipDate>
        <bioguideId>B001248</bioguideId>
        <middleName>C.</middleName>
        <identifiers>
          <gpoId>8182</gpoId>
          <lisID>1751</lisID>
          <bioguideId>B001248</bioguideId>
        </identifiers>
        <district>26</district>
        <party>R</party>
        <state>TX</state>
        <firstName>Michael</firstName>
        <sponsorshipWithdrawnDate />
        <isOriginalCosponsor>False</isOriginalCosponsor>
        <fullName>Rep. Burgess, Michael C. [R-TX-26]</fullName>
      </item>
    </cosponsors>
    <subjects>
      <billSubjects>
        <policyArea>
          <name>Health</name>
        </policyArea>
        <legislativeSubjects>
          <item>
            <name>Abortion</name>
          </item>
          <item>
            <name>Civil actions and liability</name>
          </item>
          <item>
            <name>Disability and health-based discrimination</name>
          </item>
          <item>
            <name>Government liability</name>
          </item>
          <item>
            <name>Government studies and investigations</name>
          </item>
          <item>
            <name>Health facilities and institutions</name>
          </item>
          <item>
            <name>Health personnel</name>
          </item>
          <item>
            <name>Health programs administration and funding</name>
          </item>
          <item>
            <name>Medical education</name>
          </item>
          <item>
            <name>Religion</name>
          </item>
        </legislativeSubjects>
      </billSubjects>
    </subjects>
    <constitutionalAuthorityStatementText><![CDATA[<pre>[Pages H687-H688]From the Congressional Record Online through the Government Publishing Office [<a href='http://www.gpo.gov'>www.gpo.gov</a>]By Mrs. BLACK:H.R. 644.Congress has the power to enact this legislation pursuantto the following:This bill makes specific changes to existing law in amanner that provides conscience protections in accord withthe 1st Amendment of the United States Constitution. Further,this bill creates a private right of action in federal courtin accord with Clause 9[[Page H688]]of Section 8 of Article I, of the United States Constitution.Similarly, this bill provides for preventing disbursement ofall or a portion of certain Federal financial assistance inaccord with Clause 1, Section 8 Article 1.</pre>]]></constitutionalAuthorityStatementText>
    <laws />
    <actions>
      <item>
        <sourceSystem>
          <name>House floor actions</name>
          <code>2</code>
        </sourceSystem>
        <actionDate>2017-01-24</actionDate>
        <links />
        <text>Referred to the House Committee on Energy and Commerce.</text>
        <committee>
          <systemCode>hsif00</systemCode>
          <name>Energy and Commerce Committee</name>
        </committee>
        <actionCode>H11100</actionCode>
        <type>IntroReferral</type>
      </item>
      <item>
        <sourceSystem>
          <name>Library of Congress</name>
          <code>9</code>
        </sourceSystem>
        <actionDate>2017-01-24</actionDate>
        <links />
        <text>Introduced in House</text>
        <committee />
        <actionCode>Intro-H</actionCode>
        <type>IntroReferral</type>
      </item>
      <item>
        <sourceSystem>
          <name>Library of Congress</name>
          <code>9</code>
        </sourceSystem>
        <actionDate>2017-01-24</actionDate>
        <links />
        <text>Introduced in House</text>
        <committee />
        <actionCode>1000</actionCode>
        <type>IntroReferral</type>
      </item>
      <actionByCounts>
        <houseOfRepresentatives>3</houseOfRepresentatives>
      </actionByCounts>
      <actionTypeCounts>
        <billReferrals>1</billReferrals>
        <introducedInTheHouse>1</introducedInTheHouse>
        <introducedInHouse>1</introducedInHouse>
      </actionTypeCounts>
    </actions>
    <titles>
      <item>
        <titleType>(Extracted from GPO) Short Titles as Introduced</titleType>
        <parentTitleType />
        <chamberName />
        <title>Conscience Protection Act of 2017</title>
        <chamberCode />
      </item>
      <item>
        <titleType>Short Titles as Introduced</titleType>
        <parentTitleType />
        <chamberName />
        <title>Conscience Protection Act of 2017</title>
        <chamberCode />
      </item>
      <item>
        <titleType>Official Title as Introduced</titleType>
        <parentTitleType />
        <chamberName />
        <title>To amend the Public Health Service Act to prohibit governmental discrimination against providers of health services that are not involved in abortion.</title>
        <chamberCode />
      </item>
      <item>
        <titleType>Display Title</titleType>
        <parentTitleType />
        <chamberName />
        <title>Conscience Protection Act of 2017</title>
        <chamberCode />
      </item>
    </titles>
    <summaries>
      <billSummaries>
        <item>
          <versionCode>00</versionCode>
          <text><![CDATA[<p><b>Conscience Protection Act of 2017</b></p> <p>This bill amends the Public Health Service Act to codify the prohibition against the federal government and state and local governments that receive federal financial assistance for health-related activities penalizing or discriminating against a health care provider based on the provider's refusal to be involved in, or provide coverage for, abortion. Health care providers include health care professionals, health care facilities, social services providers, health care professional training programs, and health insurers.</p> <p>The Office for Civil Rights of the Department of Health and Human Services, in coordination with the Department of Justice (DOJ), must investigate complaints alleging discrimination based on an individual's religious belief, moral conviction, or refusal to be involved in an abortion.</p> DOJ or any entity adversely affected by such discrimination may obtain equitable or legal relief in a civil action. Administrative remedies do not need to be sought or exhausted prior to commencing an action or granting relief. Such an action may be brought against a governmental entity.]]></text>
          <actionDesc>Introduced in House</actionDesc>
          <actionDate>2017-01-24</actionDate>
          <lastSummaryUpdateDate>2017-02-03T22:39:14Z</lastSummaryUpdateDate>
          <name>Introduced in House</name>
          <updateDate>2017-01-24T05:00:00Z</updateDate>
        </item>
      </billSummaries>
    </summaries>
    <committees>
      <billCommittees>
        <item>
          <chamber>House</chamber>
          <name>Energy and Commerce Committee</name>
          <systemCode>hsif00</systemCode>
          <type>Standing</type>
          <subcommittees />
          <activities>
            <item>
              <name>Referred to</name>
              <date>2017-01-24T15:03:50Z</date>
            </item>
          </activities>
        </item>
      </billCommittees>
    </committees>
    <introducedDate>2017-01-24</introducedDate>
    <updateDate>2018-02-06T16:41:02Z</updateDate>
    <cboCostEstimates />
    <recordedVotes />
    <billType>HR</billType>
    <createDate>2017-01-25T04:45:55Z</createDate>
    <latestAction>
      <text>Referred to the House Committee on Energy and Commerce.</text>
      <links />
      <actionDate>2017-01-24</actionDate>
    </latestAction>
  </bill>
  <dublinCore xmlns:dc="http://purl.org/dc/elements/1.1/">
    <dc:format>text/xml</dc:format>
    <dc:language>EN</dc:language>
    <dc:rights>Pursuant to Title 17 Section 105 of the United States Code, this file is not subject to copyright protection and is in the public domain.</dc:rights>
    <dc:contributor>Congressional Research Service, Library of Congress</dc:contributor>
    <dc:description>This file contains bill summaries and statuses for federal legislation. A bill summary describes the most significant provisions of a piece of legislation and details the effects the legislative text may have on current law and federal programs. Bill summaries are authored by the Congressional Research Service (CRS) of the Library of Congress. As stated in Public Law 91-510 (2 USC 166 (d)(6)), one of the duties of CRS is "to prepare summaries and digests of bills and resolutions of a public general nature introduced in the Senate or House of Representatives". For more information, refer to the User Guide that accompanies this file.</dc:description>
  </dublinCore>
</billStatus>

