<?xml version="1.0" encoding="UTF-8"?>
<billStatus>
  <bill>
    <sponsors>
      <item>
        <fullName>Rep. Plaskett, Stacey E. [D-VI-At Large]</fullName>
        <lastName>Plaskett</lastName>
        <bioguideId>P000610</bioguideId>
        <party>D</party>
        <middleName>E.</middleName>
        <state>VI</state>
        <firstName>Stacey</firstName>
        <district>0</district>
        <byRequestType />
        <identifiers>
          <lisID>2274</lisID>
          <bioguideId>P000610</bioguideId>
          <gpoId />
        </identifiers>
      </item>
    </sponsors>
    <laws />
    <version>1.0.0</version>
    <introducedDate>2017-01-03</introducedDate>
    <cboCostEstimates />
    <titles>
      <item>
        <title>United States Virgin Islands College Access Act of 2017</title>
        <titleType>(Extracted from GPO) Short Titles as Introduced</titleType>
        <parentTitleType />
        <chamberCode />
        <chamberName />
      </item>
      <item>
        <title>United States Virgin Islands College Access Act of 2017</title>
        <titleType>Short Titles as Introduced</titleType>
        <parentTitleType />
        <chamberCode />
        <chamberName />
      </item>
      <item>
        <title>To establish a program that enables college-bound residents of the United States Virgin Islands to have greater choices among institutions of higher education, and for other purposes.</title>
        <titleType>Official Title as Introduced</titleType>
        <parentTitleType />
        <chamberCode />
        <chamberName />
      </item>
      <item>
        <title>United States Virgin Islands College Access Act of 2017</title>
        <titleType>Display Title</titleType>
        <parentTitleType />
        <chamberCode />
        <chamberName />
      </item>
    </titles>
    <amendments />
    <recordedVotes />
    <relatedBills>
      <item>
        <latestTitle>Puerto Rico and Virgin Islands Equitable Rebuild Act of 2018</latestTitle>
        <number>4782</number>
        <congress>115</congress>
        <latestAction>
          <actionDate>2018-01-16</actionDate>
          <text>Referred to the Subcommittee on Indian, Insular and Alaska Native Affairs.</text>
        </latestAction>
        <type>HR</type>
        <relationshipDetails>
          <item>
            <type>Related bill</type>
            <identifiedBy>CRS</identifiedBy>
          </item>
        </relationshipDetails>
      </item>
    </relatedBills>
    <constitutionalAuthorityStatementText><![CDATA[<pre>From the Congressional Record Online through the Government Publishing Office [<a href='http://www.gpo.gov'>www.gpo.gov</a>]By Ms. PLASKETT:H.R. 186.Congress has the power to enact this legislation pursuantto the following:Article IV, Section 3 provides that the Congress shall havePower to dispose of and make needful Rules and Regulationsrespecting the Territory or other Property belong to theUnited States.[Page H51]</pre>]]></constitutionalAuthorityStatementText>
    <billType>HR</billType>
    <actions>
      <actionTypeCounts>
        <introducedInTheHouse>1</introducedInTheHouse>
        <introducedInHouse>1</introducedInHouse>
        <billReferrals>1</billReferrals>
      </actionTypeCounts>
      <item>
        <text>Referred to the House Committee on Education and the Workforce.</text>
        <links />
        <actionDate>2017-01-03</actionDate>
        <committee>
          <systemCode>hsed00</systemCode>
          <name>Education and the Workforce Committee</name>
        </committee>
        <sourceSystem>
          <name>House floor actions</name>
          <code>2</code>
        </sourceSystem>
        <type>IntroReferral</type>
        <actionCode>H11100</actionCode>
      </item>
      <item>
        <text>Introduced in House</text>
        <links />
        <actionDate>2017-01-03</actionDate>
        <committee />
        <sourceSystem>
          <name>Library of Congress</name>
          <code>9</code>
        </sourceSystem>
        <type>IntroReferral</type>
        <actionCode>Intro-H</actionCode>
      </item>
      <item>
        <text>Introduced in House</text>
        <links />
        <actionDate>2017-01-03</actionDate>
        <committee />
        <sourceSystem>
          <name>Library of Congress</name>
          <code>9</code>
        </sourceSystem>
        <type>IntroReferral</type>
        <actionCode>1000</actionCode>
      </item>
      <actionByCounts>
        <houseOfRepresentatives>3</houseOfRepresentatives>
      </actionByCounts>
    </actions>
    <notes />
    <originChamber>House</originChamber>
    <congress>115</congress>
    <subjects>
      <billSubjects>
        <legislativeSubjects>
          <item>
            <name>Caribbean area</name>
          </item>
          <item>
            <name>Congressional oversight</name>
          </item>
          <item>
            <name>Education programs funding</name>
          </item>
          <item>
            <name>Higher education</name>
          </item>
          <item>
            <name>Student aid and college costs</name>
          </item>
          <item>
            <name>U.S. territories and protectorates</name>
          </item>
          <item>
            <name>Virgin Islands</name>
          </item>
        </legislativeSubjects>
        <policyArea>
          <name>Education</name>
        </policyArea>
      </billSubjects>
    </subjects>
    <billNumber>186</billNumber>
    <cosponsors />
    <summaries>
      <billSummaries>
        <item>
          <text><![CDATA[<p> <b>United States Virgin Islands College Access Act of </b><b>2017</b></p> <p>This bill directs the U.S. Virgin Islands to award grants to public four-year institutions of higher education (IHEs) located in a state, the District of Columbia, Puerto Rico, or Guam to cover the difference between in-state and out-of-state tuition and fees for students who have: (1) been domiciled in the Virgin Islands for at least the 12 months preceding their enrollment in the IHE; and (2) received on or after January 1, 2013, a secondary school diploma or its equivalent while domiciled there.</p> <p> The Government Accountability Office must monitor the program's effectiveness in expanding educational opportunities for such students.</p>]]></text>
          <versionCode>00</versionCode>
          <actionDate>2017-01-03</actionDate>
          <name>Introduced in House</name>
          <actionDesc>Introduced in House</actionDesc>
          <lastSummaryUpdateDate>2017-02-15T19:36:08Z</lastSummaryUpdateDate>
          <updateDate>2017-01-03T05:00:00Z</updateDate>
        </item>
      </billSummaries>
    </summaries>
    <policyArea>
      <name>Education</name>
    </policyArea>
    <latestAction>
      <links />
      <actionDate>2017-01-03</actionDate>
      <text>Referred to the House Committee on Education and the Workforce.</text>
    </latestAction>
    <updateDate>2018-02-06T16:40:30Z</updateDate>
    <committees>
      <billCommittees>
        <item>
          <type>Standing</type>
          <systemCode>hsed00</systemCode>
          <subcommittees />
          <activities>
            <item>
              <date>2017-01-03T17:23:30Z</date>
              <name>Referred to</name>
            </item>
          </activities>
          <chamber>House</chamber>
          <name>Education and the Workforce Committee</name>
        </item>
      </billCommittees>
    </committees>
    <createDate>2017-01-04T07:01:12Z</createDate>
    <title>United States Virgin Islands College Access Act of 2017</title>
    <committeeReports />
    <calendarNumbers />
  </bill>
  <dublinCore xmlns:dc="http://purl.org/dc/elements/1.1/">
    <dc:format>text/xml</dc:format>
    <dc:language>EN</dc:language>
    <dc:rights>Pursuant to Title 17 Section 105 of the United States Code, this file is not subject to copyright protection and is in the public domain.</dc:rights>
    <dc:contributor>Congressional Research Service, Library of Congress</dc:contributor>
    <dc:description>This file contains bill summaries and statuses for federal legislation. A bill summary describes the most significant provisions of a piece of legislation and details the effects the legislative text may have on current law and federal programs. Bill summaries are authored by the Congressional Research Service (CRS) of the Library of Congress. As stated in Public Law 91-510 (2 USC 166 (d)(6)), one of the duties of CRS is "to prepare summaries and digests of bills and resolutions of a public general nature introduced in the Senate or House of Representatives". For more information, refer to the User Guide that accompanies this file.</dc:description>
  </dublinCore>
</billStatus>

