<?xml version="1.0" encoding="UTF-8"?>
<billStatus>
  <bill>
    <constitutionalAuthorityStatementText><![CDATA[<pre>From the Congressional Record Online through the Government Publishing Office [<a href='http://www.gpo.gov'>www.gpo.gov</a>]By Ms. LEE:H.R. 334.Congress has the power to enact this legislation pursuantto the following:Article 1, Section 8, which says that: ``The Congress shallhave the power . . . to declare war, grant letters of marqueand repirsal, and make rules concerning captures on land andwater . . . and to make all laws which shall be necessary andproper for carrying into execution the foregoing powers, andall other powers vested by this Constitution in thegovernment of the United States, or in any department orofficer thereof''[Page H183]</pre>]]></constitutionalAuthorityStatementText>
    <originChamber>House</originChamber>
    <subjects>
      <billSubjects>
        <legislativeSubjects>
          <item>
            <name>Asia</name>
          </item>
          <item>
            <name>Birth defects</name>
          </item>
          <item>
            <name>Conflicts and wars</name>
          </item>
          <item>
            <name>Environmental health</name>
          </item>
          <item>
            <name>Foreign aid and international relief</name>
          </item>
          <item>
            <name>Hazardous wastes and toxic substances</name>
          </item>
          <item>
            <name>Health care coverage and access</name>
          </item>
          <item>
            <name>Health information and medical records</name>
          </item>
          <item>
            <name>Health programs administration and funding</name>
          </item>
          <item>
            <name>Medical research</name>
          </item>
          <item>
            <name>Medical tests and diagnostic methods</name>
          </item>
          <item>
            <name>Military personnel and dependents</name>
          </item>
          <item>
            <name>Public-private cooperation</name>
          </item>
          <item>
            <name>Research administration and funding</name>
          </item>
          <item>
            <name>Residential rehabilitation and home repair</name>
          </item>
          <item>
            <name>Veterans' medical care</name>
          </item>
          <item>
            <name>Vietnam</name>
          </item>
          <item>
            <name>World health</name>
          </item>
        </legislativeSubjects>
        <policyArea>
          <name>International Affairs</name>
        </policyArea>
      </billSubjects>
    </subjects>
    <cosponsors>
      <item>
        <identifiers>
          <gpoId>8069</gpoId>
          <lisID>850</lisID>
          <bioguideId>N000002</bioguideId>
        </identifiers>
        <sponsorshipDate>2017-01-05</sponsorshipDate>
        <district>10</district>
        <middleName />
        <sponsorshipWithdrawnDate />
        <fullName>Rep. Nadler, Jerrold [D-NY-10]</fullName>
        <party>D</party>
        <firstName>JERROLD</firstName>
        <isOriginalCosponsor>True</isOriginalCosponsor>
        <lastName>NADLER</lastName>
        <state>NY</state>
        <bioguideId>N000002</bioguideId>
      </item>
      <item>
        <identifiers>
          <lisID>1708</lisID>
          <gpoId>7804</gpoId>
          <bioguideId>G000551</bioguideId>
        </identifiers>
        <sponsorshipDate>2017-01-05</sponsorshipDate>
        <district>3</district>
        <middleName>M.</middleName>
        <sponsorshipWithdrawnDate />
        <fullName>Rep. Grijalva, Raul M. [D-AZ-3]</fullName>
        <party>D</party>
        <firstName>Raul</firstName>
        <isOriginalCosponsor>True</isOriginalCosponsor>
        <lastName>Grijalva</lastName>
        <state>AZ</state>
        <bioguideId>G000551</bioguideId>
      </item>
      <item>
        <identifiers>
          <lisID>511</lisID>
          <gpoId>7895</gpoId>
          <bioguideId>H000324</bioguideId>
        </identifiers>
        <sponsorshipDate>2017-01-05</sponsorshipDate>
        <district>20</district>
        <middleName>L.</middleName>
        <sponsorshipWithdrawnDate />
        <fullName>Rep. Hastings, Alcee L. [D-FL-20]</fullName>
        <party>D</party>
        <firstName>ALCEE</firstName>
        <isOriginalCosponsor>True</isOriginalCosponsor>
        <lastName>HASTINGS</lastName>
        <state>FL</state>
        <bioguideId>H000324</bioguideId>
      </item>
      <item>
        <identifiers>
          <lisID>1857</lisID>
          <gpoId>8005</gpoId>
          <bioguideId>E000288</bioguideId>
        </identifiers>
        <sponsorshipDate>2017-01-05</sponsorshipDate>
        <district>5</district>
        <middleName />
        <sponsorshipWithdrawnDate />
        <fullName>Rep. Ellison, Keith [D-MN-5]</fullName>
        <party>D</party>
        <firstName>Keith</firstName>
        <isOriginalCosponsor>True</isOriginalCosponsor>
        <lastName>Ellison</lastName>
        <state>MN</state>
        <bioguideId>E000288</bioguideId>
      </item>
      <item>
        <identifiers>
          <gpoId>7999</gpoId>
          <lisID>229</lisID>
          <bioguideId>C000714</bioguideId>
        </identifiers>
        <sponsorshipDate>2017-01-05</sponsorshipDate>
        <district>13</district>
        <middleName />
        <sponsorshipWithdrawnDate />
        <fullName>Rep. Conyers, John, Jr. [D-MI-13]</fullName>
        <party>D</party>
        <firstName>JOHN</firstName>
        <isOriginalCosponsor>True</isOriginalCosponsor>
        <lastName>CONYERS</lastName>
        <state>MI</state>
        <bioguideId>C000714</bioguideId>
      </item>
      <item>
        <identifiers>
          <lisID>1042</lisID>
          <bioguideId>S000248</bioguideId>
          <gpoId>8077</gpoId>
        </identifiers>
        <sponsorshipDate>2017-01-05</sponsorshipDate>
        <district>15</district>
        <middleName>E.</middleName>
        <sponsorshipWithdrawnDate />
        <fullName>Rep. Serrano, Jose E. [D-NY-15]</fullName>
        <party>D</party>
        <firstName>JOSE</firstName>
        <isOriginalCosponsor>True</isOriginalCosponsor>
        <lastName>SERRANO</lastName>
        <state>NY</state>
        <bioguideId>S000248</bioguideId>
      </item>
      <item>
        <identifiers>
          <bioguideId>P000597</bioguideId>
          <lisID>1927</lisID>
          <gpoId>7984</gpoId>
        </identifiers>
        <sponsorshipDate>2017-01-10</sponsorshipDate>
        <district>1</district>
        <middleName />
        <sponsorshipWithdrawnDate />
        <fullName>Rep. Pingree, Chellie [D-ME-1]</fullName>
        <party>D</party>
        <firstName>Chellie</firstName>
        <isOriginalCosponsor>False</isOriginalCosponsor>
        <lastName>Pingree</lastName>
        <state>ME</state>
        <bioguideId>P000597</bioguideId>
      </item>
      <item>
        <identifiers>
          <lisID>1878</lisID>
          <bioguideId>C001068</bioguideId>
          <gpoId>8156</gpoId>
        </identifiers>
        <sponsorshipDate>2017-01-10</sponsorshipDate>
        <district>9</district>
        <middleName />
        <sponsorshipWithdrawnDate />
        <fullName>Rep. Cohen, Steve [D-TN-9]</fullName>
        <party>D</party>
        <firstName>Steve</firstName>
        <isOriginalCosponsor>False</isOriginalCosponsor>
        <lastName>Cohen</lastName>
        <state>TN</state>
        <bioguideId>C001068</bioguideId>
      </item>
      <item>
        <identifiers>
          <gpoId>7968</gpoId>
          <lisID>1504</lisID>
          <bioguideId>M000312</bioguideId>
        </identifiers>
        <sponsorshipDate>2017-01-10</sponsorshipDate>
        <district>2</district>
        <middleName>P.</middleName>
        <sponsorshipWithdrawnDate />
        <fullName>Rep. McGovern, James P. [D-MA-2]</fullName>
        <party>D</party>
        <firstName>JAMES</firstName>
        <isOriginalCosponsor>False</isOriginalCosponsor>
        <lastName>MCGOVERN</lastName>
        <state>MA</state>
        <bioguideId>M000312</bioguideId>
      </item>
      <item>
        <identifiers>
          <gpoId>8107</gpoId>
          <bioguideId>R000577</bioguideId>
          <lisID>1756</lisID>
        </identifiers>
        <sponsorshipDate>2017-01-10</sponsorshipDate>
        <district>13</district>
        <middleName />
        <sponsorshipWithdrawnDate />
        <fullName>Rep. Ryan, Tim [D-OH-13]</fullName>
        <party>D</party>
        <firstName>TIM</firstName>
        <isOriginalCosponsor>False</isOriginalCosponsor>
        <lastName>RYAN</lastName>
        <state>OH</state>
        <bioguideId>R000577</bioguideId>
      </item>
      <item>
        <identifiers>
          <bioguideId>G000559</bioguideId>
          <lisID>1973</lisID>
          <gpoId>7815</gpoId>
        </identifiers>
        <sponsorshipDate>2017-01-17</sponsorshipDate>
        <district>3</district>
        <middleName />
        <sponsorshipWithdrawnDate />
        <fullName>Rep. Garamendi, John [D-CA-3]</fullName>
        <party>D</party>
        <firstName>John</firstName>
        <isOriginalCosponsor>False</isOriginalCosponsor>
        <lastName>Garamendi</lastName>
        <state>CA</state>
        <bioguideId>G000559</bioguideId>
      </item>
      <item>
        <identifiers>
          <bioguideId>M001188</bioguideId>
          <gpoId />
          <lisID>2148</lisID>
        </identifiers>
        <sponsorshipDate>2017-01-17</sponsorshipDate>
        <district>6</district>
        <middleName />
        <sponsorshipWithdrawnDate />
        <fullName>Rep. Meng, Grace [D-NY-6]</fullName>
        <party>D</party>
        <firstName>Grace</firstName>
        <isOriginalCosponsor>False</isOriginalCosponsor>
        <lastName>Meng</lastName>
        <state>NY</state>
        <bioguideId>M001188</bioguideId>
      </item>
      <item>
        <identifiers>
          <gpoId>7837</gpoId>
          <lisID>1970</lisID>
          <bioguideId>C001080</bioguideId>
        </identifiers>
        <sponsorshipDate>2017-01-17</sponsorshipDate>
        <district>27</district>
        <middleName />
        <sponsorshipWithdrawnDate />
        <fullName>Rep. Chu, Judy [D-CA-27]</fullName>
        <party>D</party>
        <firstName>Judy</firstName>
        <isOriginalCosponsor>False</isOriginalCosponsor>
        <lastName>Chu</lastName>
        <state>CA</state>
        <bioguideId>C001080</bioguideId>
      </item>
      <item>
        <identifiers>
          <lisID>1184</lisID>
          <bioguideId>V000081</bioguideId>
          <gpoId>8073</gpoId>
        </identifiers>
        <sponsorshipDate>2017-01-17</sponsorshipDate>
        <district>7</district>
        <middleName>M.</middleName>
        <sponsorshipWithdrawnDate />
        <fullName>Rep. Velazquez, Nydia M. [D-NY-7]</fullName>
        <party>D</party>
        <firstName>NYDIA</firstName>
        <isOriginalCosponsor>False</isOriginalCosponsor>
        <lastName>VELAZQUEZ</lastName>
        <state>NY</state>
        <bioguideId>V000081</bioguideId>
      </item>
      <item>
        <identifiers>
          <bioguideId>R000486</bioguideId>
          <gpoId>7839</gpoId>
          <lisID>997</lisID>
        </identifiers>
        <sponsorshipDate>2017-01-17</sponsorshipDate>
        <district>40</district>
        <middleName />
        <sponsorshipWithdrawnDate />
        <fullName>Rep. Roybal-Allard, Lucille [D-CA-40]</fullName>
        <party>D</party>
        <firstName>LUCILLE</firstName>
        <isOriginalCosponsor>False</isOriginalCosponsor>
        <lastName>ROYBAL-ALLARD</lastName>
        <state>CA</state>
        <bioguideId>R000486</bioguideId>
      </item>
      <item>
        <identifiers>
          <lisID>2112</lisID>
          <bioguideId>V000130</bioguideId>
          <gpoId />
        </identifiers>
        <sponsorshipDate>2017-01-23</sponsorshipDate>
        <district>51</district>
        <middleName />
        <sponsorshipWithdrawnDate />
        <fullName>Rep. Vargas, Juan [D-CA-51]</fullName>
        <party>D</party>
        <firstName>Juan</firstName>
        <isOriginalCosponsor>False</isOriginalCosponsor>
        <lastName>Vargas</lastName>
        <state>CA</state>
        <bioguideId>V000130</bioguideId>
      </item>
      <item>
        <identifiers>
          <bioguideId>L000559</bioguideId>
          <gpoId>8140</gpoId>
          <lisID>1668</lisID>
        </identifiers>
        <sponsorshipDate>2017-01-23</sponsorshipDate>
        <district>2</district>
        <middleName>R.</middleName>
        <sponsorshipWithdrawnDate />
        <fullName>Rep. Langevin, James R. [D-RI-2]</fullName>
        <party>D</party>
        <firstName>JAMES</firstName>
        <isOriginalCosponsor>False</isOriginalCosponsor>
        <lastName>LANGEVIN</lastName>
        <state>RI</state>
        <bioguideId>L000559</bioguideId>
      </item>
      <item>
        <identifiers>
          <bioguideId>S001200</bioguideId>
          <lisID>2319</lisID>
          <gpoId />
        </identifiers>
        <sponsorshipDate>2017-01-27</sponsorshipDate>
        <district>9</district>
        <middleName />
        <sponsorshipWithdrawnDate />
        <fullName>Rep. Soto, Darren [D-FL-9]</fullName>
        <party>D</party>
        <firstName>Darren</firstName>
        <isOriginalCosponsor>False</isOriginalCosponsor>
        <lastName>Soto</lastName>
        <state>FL</state>
        <bioguideId>S001200</bioguideId>
      </item>
      <item>
        <identifiers>
          <gpoId />
          <lisID>2251</lisID>
          <bioguideId>D000624</bioguideId>
        </identifiers>
        <sponsorshipDate>2017-01-27</sponsorshipDate>
        <district>12</district>
        <middleName />
        <sponsorshipWithdrawnDate />
        <fullName>Rep. Dingell, Debbie [D-MI-12]</fullName>
        <party>D</party>
        <firstName>Debbie</firstName>
        <isOriginalCosponsor>False</isOriginalCosponsor>
        <lastName>Dingell</lastName>
        <state>MI</state>
        <bioguideId>D000624</bioguideId>
      </item>
      <item>
        <identifiers>
          <gpoId />
          <bioguideId>J000298</bioguideId>
          <lisID>2354</lisID>
        </identifiers>
        <sponsorshipDate>2017-02-01</sponsorshipDate>
        <district>7</district>
        <middleName />
        <sponsorshipWithdrawnDate />
        <fullName>Rep. Jayapal, Pramila [D-WA-7]</fullName>
        <party>D</party>
        <firstName>Pramila</firstName>
        <isOriginalCosponsor>False</isOriginalCosponsor>
        <lastName>Jayapal</lastName>
        <state>WA</state>
        <bioguideId>J000298</bioguideId>
      </item>
      <item>
        <identifiers>
          <lisID>2171</lisID>
          <gpoId />
          <bioguideId>P000607</bioguideId>
        </identifiers>
        <sponsorshipDate>2017-02-06</sponsorshipDate>
        <district>2</district>
        <middleName />
        <sponsorshipWithdrawnDate />
        <fullName>Rep. Pocan, Mark [D-WI-2]</fullName>
        <party>D</party>
        <firstName>Mark</firstName>
        <isOriginalCosponsor>False</isOriginalCosponsor>
        <lastName>Pocan</lastName>
        <state>WI</state>
        <bioguideId>P000607</bioguideId>
      </item>
      <item>
        <identifiers>
          <bioguideId>P000034</bioguideId>
          <gpoId>8048</gpoId>
          <lisID>887</lisID>
        </identifiers>
        <sponsorshipDate>2017-02-06</sponsorshipDate>
        <district>6</district>
        <middleName />
        <sponsorshipWithdrawnDate />
        <fullName>Rep. Pallone, Frank, Jr. [D-NJ-6]</fullName>
        <party>D</party>
        <firstName>FRANK</firstName>
        <isOriginalCosponsor>False</isOriginalCosponsor>
        <lastName>PALLONE</lastName>
        <state>NJ</state>
        <bioguideId>P000034</bioguideId>
      </item>
      <item>
        <identifiers>
          <bioguideId>C001037</bioguideId>
          <gpoId>7973</gpoId>
          <lisID>1564</lisID>
        </identifiers>
        <sponsorshipDate>2017-02-06</sponsorshipDate>
        <district>7</district>
        <middleName>E.</middleName>
        <sponsorshipWithdrawnDate />
        <fullName>Rep. Capuano, Michael E. [D-MA-7]</fullName>
        <party>D</party>
        <firstName>MICHAEL</firstName>
        <isOriginalCosponsor>False</isOriginalCosponsor>
        <lastName>CAPUANO</lastName>
        <state>MA</state>
        <bioguideId>C001037</bioguideId>
      </item>
    </cosponsors>
    <billType>HR</billType>
    <recordedVotes />
    <laws />
    <committeeReports />
    <actions>
      <actionByCounts>
        <houseOfRepresentatives>8</houseOfRepresentatives>
      </actionByCounts>
      <actionTypeCounts>
        <introducedInTheHouse>1</introducedInTheHouse>
        <placeholderTextForH>2</placeholderTextForH>
        <billReferralsAggregate>1</billReferralsAggregate>
        <billReferrals>3</billReferrals>
        <introducedInHouse>1</introducedInHouse>
      </actionTypeCounts>
      <item>
        <actionDate>2017-02-03</actionDate>
        <committee>
          <name>Disability Assistance and Memorial Affairs Subcommittee</name>
          <systemCode>hsvr09</systemCode>
        </committee>
        <links />
        <sourceSystem>
          <code>1</code>
          <name>House committee actions</name>
        </sourceSystem>
        <text>Referred to the Subcommittee on Disability Assistance and Memorial Affairs.</text>
        <type>Committee</type>
      </item>
      <item>
        <actionDate>2017-01-25</actionDate>
        <committee>
          <name>Health Subcommittee</name>
          <systemCode>hsif14</systemCode>
        </committee>
        <links />
        <sourceSystem>
          <code>1</code>
          <name>House committee actions</name>
        </sourceSystem>
        <text>Referred to the Subcommittee on Health.</text>
        <type>Committee</type>
      </item>
      <item>
        <text>Referred to House Foreign Affairs</text>
        <links />
        <sourceSystem>
          <code>2</code>
          <name>House floor actions</name>
        </sourceSystem>
        <actionCode>H11100</actionCode>
        <type>IntroReferral</type>
        <committee>
          <name>Foreign Affairs Committee</name>
          <systemCode>hsfa00</systemCode>
        </committee>
        <actionDate>2017-01-05</actionDate>
      </item>
      <item>
        <text>Referred to House Energy and Commerce</text>
        <links />
        <sourceSystem>
          <code>2</code>
          <name>House floor actions</name>
        </sourceSystem>
        <actionCode>H11100</actionCode>
        <type>IntroReferral</type>
        <committee>
          <name>Energy and Commerce Committee</name>
          <systemCode>hsif00</systemCode>
        </committee>
        <actionDate>2017-01-05</actionDate>
      </item>
      <item>
        <text>Referred to House Veterans' Affairs</text>
        <links />
        <sourceSystem>
          <code>2</code>
          <name>House floor actions</name>
        </sourceSystem>
        <actionCode>H11100</actionCode>
        <type>IntroReferral</type>
        <committee>
          <name>Veterans' Affairs Committee</name>
          <systemCode>hsvr00</systemCode>
        </committee>
        <actionDate>2017-01-05</actionDate>
      </item>
      <item>
        <text>Referred to the Committee on Veterans' Affairs, and in addition to the Committees on Energy and Commerce, and Foreign Affairs, for a period to be subsequently determined by the Speaker, in each case for consideration of such provisions as fall within the jurisdiction of the committee concerned.</text>
        <links />
        <sourceSystem>
          <code>9</code>
          <name>Library of Congress</name>
        </sourceSystem>
        <actionCode>H11100-A</actionCode>
        <type>IntroReferral</type>
        <committee />
        <actionDate>2017-01-05</actionDate>
      </item>
      <item>
        <text>Introduced in House</text>
        <links />
        <sourceSystem>
          <code>9</code>
          <name>Library of Congress</name>
        </sourceSystem>
        <actionCode>Intro-H</actionCode>
        <type>IntroReferral</type>
        <committee />
        <actionDate>2017-01-05</actionDate>
      </item>
      <item>
        <text>Introduced in House</text>
        <links />
        <sourceSystem>
          <code>9</code>
          <name>Library of Congress</name>
        </sourceSystem>
        <actionCode>1000</actionCode>
        <type>IntroReferral</type>
        <committee />
        <actionDate>2017-01-05</actionDate>
      </item>
    </actions>
    <createDate>2017-01-06T04:57:26Z</createDate>
    <version>1.0.0</version>
    <notes />
    <latestAction>
      <actionDate>2017-02-03</actionDate>
      <text>Referred to the Subcommittee on Disability Assistance and Memorial Affairs.</text>
      <links />
    </latestAction>
    <title>Victims of Agent Orange Relief Act of 2017</title>
    <summaries>
      <billSummaries>
        <item>
          <updateDate>2017-01-05T05:00:00Z</updateDate>
          <lastSummaryUpdateDate>2017-02-04T15:41:51Z</lastSummaryUpdateDate>
          <actionDate>2017-01-05</actionDate>
          <name>Introduced in House</name>
          <actionDesc>Introduced in House</actionDesc>
          <versionCode>00</versionCode>
          <text><![CDATA[<p><strong>Victims of Agent Orange Relief Act of 2017</strong></p> <p>This bill directs the Department of State shall provide assistance: (1) to address the health care needs of covered individuals, (2) to institutions in Vietnam that provide health care to such individuals, (3) to repair and rebuild substandard homes in Vietnam for covered individuals and their families, and (4) to remediate geographic areas of Vietnam that contain high levels of Agent Orange.</p> <p>A &quot;covered individual&quot; is defined as an individual who is a Vietnam resident and who: (1) is affected by health issues related to Agent Orange exposure which took place between January 1, 1961, and May 7, 1975; (2) lives or had lived in or near geographic areas in Vietnam that continue to contain high levels of Agent Orange; or (3) is the child or descendant of such an individual and is affected by such health issues. </p> <p>State and the Department of Veterans Affairs (VA) shall provide assistance to support research relating to health issues of individuals affected by Agent Orange.</p> <p>The Department of Health and Human Services shall: (1) make grants to appropriate public health organizations and Vietnamese-American organizations to conduct a broad health assessment of Vietnamese-Americans who may have been exposed to Agent Orange and their children or descendants; and (2) establish centers in U.S. locations where large populations of Vietnamese-Americans reside to provide assessment, counseling, and treatment for conditions related to Agent Orange exposure. </p> <p>The bill amends veterans benefits provisions to provide benefits to the children of male (currently only female) Vietnam veterans who are affected by certain birth defects. The VA shall require any health care provider with whom the VA enters into a contract for the provision of health care to such children to provide the VA access to the medical records of such children for research into the intergenerational effects of Agent Orange exposure.</p>]]></text>
        </item>
      </billSummaries>
    </summaries>
    <congress>115</congress>
    <policyArea>
      <name>International Affairs</name>
    </policyArea>
    <billNumber>334</billNumber>
    <calendarNumbers />
    <cboCostEstimates />
    <introducedDate>2017-01-05</introducedDate>
    <relatedBills />
    <committees>
      <billCommittees>
        <item>
          <systemCode>hsvr00</systemCode>
          <name>Veterans' Affairs Committee</name>
          <type>Standing</type>
          <activities>
            <item>
              <name>Referred to</name>
              <date>2017-01-05T15:02:45Z</date>
            </item>
          </activities>
          <chamber>House</chamber>
          <subcommittees>
            <item>
              <activities>
                <item>
                  <name>Referred to</name>
                  <date>2017-02-03T19:13:46Z</date>
                </item>
              </activities>
              <systemCode>hsvr09</systemCode>
              <name>Disability Assistance and Memorial Affairs Subcommittee</name>
            </item>
          </subcommittees>
        </item>
        <item>
          <systemCode>hsif00</systemCode>
          <name>Energy and Commerce Committee</name>
          <type>Standing</type>
          <activities>
            <item>
              <name>Referred to</name>
              <date>2017-01-05T15:02:50Z</date>
            </item>
          </activities>
          <chamber>House</chamber>
          <subcommittees>
            <item>
              <activities>
                <item>
                  <name>Referred to</name>
                  <date>2017-01-25T14:26:18Z</date>
                </item>
              </activities>
              <systemCode>hsif14</systemCode>
              <name>Health Subcommittee</name>
            </item>
          </subcommittees>
        </item>
        <item>
          <systemCode>hsfa00</systemCode>
          <name>Foreign Affairs Committee</name>
          <type>Standing</type>
          <activities>
            <item>
              <name>Referred to</name>
              <date>2017-01-05T15:03:00Z</date>
            </item>
          </activities>
          <chamber>House</chamber>
          <subcommittees />
        </item>
      </billCommittees>
    </committees>
    <titles>
      <item>
        <titleType>(Extracted from GPO) Short Titles as Introduced</titleType>
        <parentTitleType />
        <chamberName />
        <title>Victims of Agent Orange Relief Act of 2017</title>
        <chamberCode />
      </item>
      <item>
        <titleType>Short Titles as Introduced</titleType>
        <parentTitleType />
        <chamberName />
        <title>Victims of Agent Orange Relief Act of 2017</title>
        <chamberCode />
      </item>
      <item>
        <titleType>Official Title as Introduced</titleType>
        <parentTitleType />
        <chamberName />
        <title>To direct the Secretary of State, the Secretary of Health and Human Services, and the Secretary of Veterans Affairs to provide assistance for individuals affected by exposure to Agent Orange, and for other purposes.</title>
        <chamberCode />
      </item>
      <item>
        <titleType>Display Title</titleType>
        <parentTitleType />
        <chamberName />
        <title>Victims of Agent Orange Relief Act of 2017</title>
        <chamberCode />
      </item>
    </titles>
    <sponsors>
      <item>
        <fullName>Rep. Lee, Barbara [D-CA-13]</fullName>
        <middleName />
        <district>13</district>
        <byRequestType />
        <firstName>BARBARA</firstName>
        <bioguideId>L000551</bioguideId>
        <state>CA</state>
        <party>D</party>
        <lastName>LEE</lastName>
        <identifiers>
          <lisID>1501</lisID>
          <bioguideId>L000551</bioguideId>
          <gpoId>7814</gpoId>
        </identifiers>
      </item>
    </sponsors>
    <updateDate>2018-02-06T16:40:40Z</updateDate>
    <amendments />
  </bill>
  <dublinCore xmlns:dc="http://purl.org/dc/elements/1.1/">
    <dc:format>text/xml</dc:format>
    <dc:language>EN</dc:language>
    <dc:rights>Pursuant to Title 17 Section 105 of the United States Code, this file is not subject to copyright protection and is in the public domain.</dc:rights>
    <dc:contributor>Congressional Research Service, Library of Congress</dc:contributor>
    <dc:description>This file contains bill summaries and statuses for federal legislation. A bill summary describes the most significant provisions of a piece of legislation and details the effects the legislative text may have on current law and federal programs. Bill summaries are authored by the Congressional Research Service (CRS) of the Library of Congress. As stated in Public Law 91-510 (2 USC 166 (d)(6)), one of the duties of CRS is "to prepare summaries and digests of bills and resolutions of a public general nature introduced in the Senate or House of Representatives". For more information, refer to the User Guide that accompanies this file.</dc:description>
  </dublinCore>
</billStatus>

