<?xml version="1.0" encoding="UTF-8"?>
<billStatus>
  <bill>
    <billNumber>841</billNumber>
    <relatedBills />
    <originChamber>House</originChamber>
    <recordedVotes />
    <latestAction>
      <text>Referred to the House Committee on Oversight and Government Reform.</text>
      <links />
      <actionDate>2017-02-02</actionDate>
    </latestAction>
    <createDate>2017-02-03T05:17:29Z</createDate>
    <title>Phone The White House Act</title>
    <summaries>
      <billSummaries>
        <item>
          <text><![CDATA[<p><b>Phone the White House Act </b></p> <p>This bill specifies that no funds are authorized to be appropriated to the Executive Office of the President for any period during which a system is not in effect in which members of the public may submit comments to the office by telephone. </p>]]></text>
          <name>Introduced in House</name>
          <lastSummaryUpdateDate>2017-03-01T22:35:17Z</lastSummaryUpdateDate>
          <versionCode>00</versionCode>
          <actionDesc>Introduced in House</actionDesc>
          <updateDate>2017-02-02T05:00:00Z</updateDate>
          <actionDate>2017-02-02</actionDate>
        </item>
      </billSummaries>
    </summaries>
    <actions>
      <actionTypeCounts>
        <introducedInTheHouse>1</introducedInTheHouse>
        <billReferrals>1</billReferrals>
        <introducedInHouse>1</introducedInHouse>
      </actionTypeCounts>
      <item>
        <type>IntroReferral</type>
        <links />
        <text>Referred to the House Committee on Oversight and Government Reform.</text>
        <committee>
          <systemCode>hsgo00</systemCode>
          <name>Oversight and Government Reform Committee</name>
        </committee>
        <actionDate>2017-02-02</actionDate>
        <sourceSystem>
          <name>House floor actions</name>
          <code>2</code>
        </sourceSystem>
        <actionCode>H11100</actionCode>
      </item>
      <item>
        <type>IntroReferral</type>
        <links />
        <text>Introduced in House</text>
        <committee />
        <actionDate>2017-02-02</actionDate>
        <sourceSystem>
          <name>Library of Congress</name>
          <code>9</code>
        </sourceSystem>
        <actionCode>Intro-H</actionCode>
      </item>
      <item>
        <type>IntroReferral</type>
        <links />
        <text>Introduced in House</text>
        <committee />
        <actionDate>2017-02-02</actionDate>
        <sourceSystem>
          <name>Library of Congress</name>
          <code>9</code>
        </sourceSystem>
        <actionCode>1000</actionCode>
      </item>
      <actionByCounts>
        <houseOfRepresentatives>3</houseOfRepresentatives>
      </actionByCounts>
    </actions>
    <updateDate>2018-02-06T16:41:13Z</updateDate>
    <amendments />
    <notes />
    <sponsors>
      <item>
        <bioguideId>S001175</bioguideId>
        <district>14</district>
        <middleName />
        <byRequestType />
        <firstName>Jackie</firstName>
        <lastName>Speier</lastName>
        <state>CA</state>
        <party>D</party>
        <identifiers>
          <lisID>1890</lisID>
          <bioguideId>S001175</bioguideId>
          <gpoId>7817</gpoId>
        </identifiers>
        <fullName>Rep. Speier, Jackie [D-CA-14]</fullName>
      </item>
    </sponsors>
    <committees>
      <billCommittees>
        <item>
          <name>Oversight and Government Reform Committee</name>
          <chamber>House</chamber>
          <type>Standing</type>
          <subcommittees />
          <systemCode>hsgo00</systemCode>
          <activities>
            <item>
              <name>Referred to</name>
              <date>2017-02-02T15:03:00Z</date>
            </item>
          </activities>
        </item>
      </billCommittees>
    </committees>
    <cosponsors>
      <item>
        <sponsorshipWithdrawnDate />
        <state>TN</state>
        <bioguideId>C001068</bioguideId>
        <fullName>Rep. Cohen, Steve [D-TN-9]</fullName>
        <district>9</district>
        <firstName>Steve</firstName>
        <middleName />
        <isOriginalCosponsor>True</isOriginalCosponsor>
        <sponsorshipDate>2017-02-02</sponsorshipDate>
        <identifiers>
          <bioguideId>C001068</bioguideId>
          <lisID>1878</lisID>
          <gpoId>8156</gpoId>
        </identifiers>
        <lastName>Cohen</lastName>
        <party>D</party>
      </item>
      <item>
        <sponsorshipWithdrawnDate />
        <state>NJ</state>
        <bioguideId>W000822</bioguideId>
        <fullName>Rep. Watson Coleman, Bonnie [D-NJ-12]</fullName>
        <district>12</district>
        <firstName>Bonnie</firstName>
        <middleName />
        <isOriginalCosponsor>True</isOriginalCosponsor>
        <sponsorshipDate>2017-02-02</sponsorshipDate>
        <identifiers>
          <bioguideId>W000822</bioguideId>
          <lisID>2259</lisID>
          <gpoId />
        </identifiers>
        <lastName>Watson Coleman</lastName>
        <party>D</party>
      </item>
      <item>
        <sponsorshipWithdrawnDate />
        <state>ME</state>
        <bioguideId>P000597</bioguideId>
        <fullName>Rep. Pingree, Chellie [D-ME-1]</fullName>
        <district>1</district>
        <firstName>Chellie</firstName>
        <middleName />
        <isOriginalCosponsor>True</isOriginalCosponsor>
        <sponsorshipDate>2017-02-02</sponsorshipDate>
        <identifiers>
          <lisID>1927</lisID>
          <gpoId>7984</gpoId>
          <bioguideId>P000597</bioguideId>
        </identifiers>
        <lastName>Pingree</lastName>
        <party>D</party>
      </item>
      <item>
        <sponsorshipWithdrawnDate />
        <state>CT</state>
        <bioguideId>D000216</bioguideId>
        <fullName>Rep. DeLauro, Rosa L. [D-CT-3]</fullName>
        <district>3</district>
        <firstName>ROSA</firstName>
        <middleName />
        <isOriginalCosponsor>True</isOriginalCosponsor>
        <sponsorshipDate>2017-02-02</sponsorshipDate>
        <identifiers>
          <bioguideId>D000216</bioguideId>
          <lisID>281</lisID>
          <gpoId>7868</gpoId>
        </identifiers>
        <lastName>DELAURO</lastName>
        <party>D</party>
      </item>
      <item>
        <sponsorshipWithdrawnDate />
        <state>NH</state>
        <bioguideId>S001170</bioguideId>
        <fullName>Rep. Shea-Porter, Carol [D-NH-1]</fullName>
        <district>1</district>
        <firstName>Carol</firstName>
        <middleName />
        <isOriginalCosponsor>True</isOriginalCosponsor>
        <sponsorshipDate>2017-02-02</sponsorshipDate>
        <identifiers>
          <lisID>1861</lisID>
          <bioguideId>S001170</bioguideId>
          <gpoId>7528</gpoId>
        </identifiers>
        <lastName>Shea-Porter</lastName>
        <party>D</party>
      </item>
      <item>
        <sponsorshipWithdrawnDate />
        <state>NY</state>
        <bioguideId>C001067</bioguideId>
        <fullName>Rep. Clarke, Yvette D. [D-NY-9]</fullName>
        <district>9</district>
        <firstName>Yvette</firstName>
        <middleName>D.</middleName>
        <isOriginalCosponsor>True</isOriginalCosponsor>
        <sponsorshipDate>2017-02-02</sponsorshipDate>
        <identifiers>
          <bioguideId>C001067</bioguideId>
          <gpoId>8072</gpoId>
          <lisID>1864</lisID>
        </identifiers>
        <lastName>Clarke</lastName>
        <party>D</party>
      </item>
      <item>
        <sponsorshipWithdrawnDate />
        <state>NY</state>
        <bioguideId>M001137</bioguideId>
        <fullName>Rep. Meeks, Gregory W. [D-NY-5]</fullName>
        <district>5</district>
        <firstName>GREGORY</firstName>
        <middleName>W.</middleName>
        <isOriginalCosponsor>True</isOriginalCosponsor>
        <sponsorshipDate>2017-02-02</sponsorshipDate>
        <identifiers>
          <lisID>1506</lisID>
          <bioguideId>M001137</bioguideId>
          <gpoId>8067</gpoId>
        </identifiers>
        <lastName>MEEKS</lastName>
        <party>D</party>
      </item>
      <item>
        <sponsorshipWithdrawnDate />
        <state>FL</state>
        <bioguideId>S001200</bioguideId>
        <fullName>Rep. Soto, Darren [D-FL-9]</fullName>
        <district>9</district>
        <firstName>Darren</firstName>
        <middleName />
        <isOriginalCosponsor>True</isOriginalCosponsor>
        <sponsorshipDate>2017-02-02</sponsorshipDate>
        <identifiers>
          <gpoId />
          <bioguideId>S001200</bioguideId>
          <lisID>2319</lisID>
        </identifiers>
        <lastName>Soto</lastName>
        <party>D</party>
      </item>
      <item>
        <sponsorshipWithdrawnDate />
        <state>NY</state>
        <bioguideId>S000480</bioguideId>
        <fullName>Rep. Slaughter, Louise McIntosh [D-NY-25]</fullName>
        <district>25</district>
        <firstName>LOUISE</firstName>
        <middleName>M.</middleName>
        <isOriginalCosponsor>True</isOriginalCosponsor>
        <sponsorshipDate>2017-02-02</sponsorshipDate>
        <identifiers>
          <lisID>1069</lisID>
          <gpoId>8089</gpoId>
          <bioguideId>S000480</bioguideId>
        </identifiers>
        <lastName>SLAUGHTER</lastName>
        <party>D</party>
      </item>
      <item>
        <sponsorshipWithdrawnDate />
        <state>CA</state>
        <bioguideId>T000472</bioguideId>
        <fullName>Rep. Takano, Mark [D-CA-41]</fullName>
        <district>41</district>
        <firstName>Mark</firstName>
        <middleName />
        <isOriginalCosponsor>True</isOriginalCosponsor>
        <sponsorshipDate>2017-02-02</sponsorshipDate>
        <identifiers>
          <lisID>2110</lisID>
          <bioguideId>T000472</bioguideId>
          <gpoId />
        </identifiers>
        <lastName>Takano</lastName>
        <party>D</party>
      </item>
      <item>
        <sponsorshipWithdrawnDate />
        <state>MA</state>
        <bioguideId>M000312</bioguideId>
        <fullName>Rep. McGovern, James P. [D-MA-2]</fullName>
        <district>2</district>
        <firstName>JAMES</firstName>
        <middleName>P.</middleName>
        <isOriginalCosponsor>True</isOriginalCosponsor>
        <sponsorshipDate>2017-02-02</sponsorshipDate>
        <identifiers>
          <gpoId>7968</gpoId>
          <lisID>1504</lisID>
          <bioguideId>M000312</bioguideId>
        </identifiers>
        <lastName>MCGOVERN</lastName>
        <party>D</party>
      </item>
      <item>
        <sponsorshipWithdrawnDate />
        <state>CA</state>
        <bioguideId>G000559</bioguideId>
        <fullName>Rep. Garamendi, John [D-CA-3]</fullName>
        <district>3</district>
        <firstName>John</firstName>
        <middleName />
        <isOriginalCosponsor>True</isOriginalCosponsor>
        <sponsorshipDate>2017-02-02</sponsorshipDate>
        <identifiers>
          <bioguideId>G000559</bioguideId>
          <lisID>1973</lisID>
          <gpoId>7815</gpoId>
        </identifiers>
        <lastName>Garamendi</lastName>
        <party>D</party>
      </item>
      <item>
        <sponsorshipWithdrawnDate />
        <state>OR</state>
        <bioguideId>B000574</bioguideId>
        <fullName>Rep. Blumenauer, Earl [D-OR-3]</fullName>
        <district>3</district>
        <firstName>EARL</firstName>
        <middleName />
        <isOriginalCosponsor>True</isOriginalCosponsor>
        <sponsorshipDate>2017-02-02</sponsorshipDate>
        <identifiers>
          <lisID>99</lisID>
          <gpoId>8116</gpoId>
          <bioguideId>B000574</bioguideId>
        </identifiers>
        <lastName>BLUMENAUER</lastName>
        <party>D</party>
      </item>
      <item>
        <sponsorshipWithdrawnDate />
        <state>CA</state>
        <bioguideId>E000215</bioguideId>
        <fullName>Rep. Eshoo, Anna G. [D-CA-18]</fullName>
        <district>18</district>
        <firstName>ANNA</firstName>
        <middleName>G.</middleName>
        <isOriginalCosponsor>True</isOriginalCosponsor>
        <sponsorshipDate>2017-02-02</sponsorshipDate>
        <identifiers>
          <bioguideId>E000215</bioguideId>
          <lisID>355</lisID>
          <gpoId>7819</gpoId>
        </identifiers>
        <lastName>ESHOO</lastName>
        <party>D</party>
      </item>
      <item>
        <sponsorshipWithdrawnDate />
        <state>MN</state>
        <bioguideId>E000288</bioguideId>
        <fullName>Rep. Ellison, Keith [D-MN-5]</fullName>
        <district>5</district>
        <firstName>Keith</firstName>
        <middleName />
        <isOriginalCosponsor>True</isOriginalCosponsor>
        <sponsorshipDate>2017-02-02</sponsorshipDate>
        <identifiers>
          <gpoId>8005</gpoId>
          <lisID>1857</lisID>
          <bioguideId>E000288</bioguideId>
        </identifiers>
        <lastName>Ellison</lastName>
        <party>D</party>
      </item>
      <item>
        <sponsorshipWithdrawnDate />
        <state>CA</state>
        <bioguideId>C001080</bioguideId>
        <fullName>Rep. Chu, Judy [D-CA-27]</fullName>
        <district>27</district>
        <firstName>Judy</firstName>
        <middleName />
        <isOriginalCosponsor>False</isOriginalCosponsor>
        <sponsorshipDate>2017-02-03</sponsorshipDate>
        <identifiers>
          <bioguideId>C001080</bioguideId>
          <lisID>1970</lisID>
          <gpoId>7837</gpoId>
        </identifiers>
        <lastName>Chu</lastName>
        <party>D</party>
      </item>
      <item>
        <sponsorshipWithdrawnDate />
        <state>NY</state>
        <bioguideId>T000469</bioguideId>
        <fullName>Rep. Tonko, Paul [D-NY-20]</fullName>
        <district>20</district>
        <firstName>Paul</firstName>
        <middleName />
        <isOriginalCosponsor>False</isOriginalCosponsor>
        <sponsorshipDate>2017-02-03</sponsorshipDate>
        <identifiers>
          <gpoId>8082</gpoId>
          <lisID>1942</lisID>
          <bioguideId>T000469</bioguideId>
        </identifiers>
        <lastName>Tonko</lastName>
        <party>D</party>
      </item>
      <item>
        <sponsorshipWithdrawnDate />
        <state>IL</state>
        <bioguideId>G000535</bioguideId>
        <fullName>Rep. Gutierrez, Luis V. [D-IL-4]</fullName>
        <district>4</district>
        <firstName>LUIS</firstName>
        <middleName>V.</middleName>
        <isOriginalCosponsor>False</isOriginalCosponsor>
        <sponsorshipDate>2017-02-06</sponsorshipDate>
        <identifiers>
          <bioguideId>G000535</bioguideId>
          <lisID>478</lisID>
          <gpoId>7924</gpoId>
        </identifiers>
        <lastName>GUTIERREZ</lastName>
        <party>D</party>
      </item>
    </cosponsors>
    <constitutionalAuthorityStatementText><![CDATA[<pre>From the Congressional Record Online through the Government Publishing Office [<a href='http://www.gpo.gov'>www.gpo.gov</a>]By Ms. SPEIER:H.R. 841.Congress has the power to enact this legislation pursuantto the following:This bill is enacted pursuant to the power granted toCongress under Article 1, Section 8 of the United StatesConstitution.[Page H946]</pre>]]></constitutionalAuthorityStatementText>
    <policyArea>
      <name>Government Operations and Politics</name>
    </policyArea>
    <cboCostEstimates />
    <laws />
    <congress>115</congress>
    <version>1.0.0</version>
    <introducedDate>2017-02-02</introducedDate>
    <committeeReports />
    <titles>
      <item>
        <parentTitleType />
        <chamberCode />
        <titleType>(Extracted from GPO) Short Titles as Introduced</titleType>
        <chamberName />
        <title>Phone The White House Act</title>
      </item>
      <item>
        <parentTitleType />
        <chamberCode />
        <titleType>Short Titles as Introduced</titleType>
        <chamberName />
        <title>Phone The White House Act</title>
      </item>
      <item>
        <parentTitleType />
        <chamberCode />
        <titleType>Official Title as Introduced</titleType>
        <chamberName />
        <title>To prohibit the appropriation of funds to the Executive Office of the President until the restoration of the White House phone-in comment line.</title>
      </item>
      <item>
        <parentTitleType />
        <chamberCode />
        <titleType>Display Title</titleType>
        <chamberName />
        <title>Phone The White House Act</title>
      </item>
    </titles>
    <calendarNumbers />
    <subjects>
      <billSubjects>
        <policyArea>
          <name>Government Operations and Politics</name>
        </policyArea>
        <legislativeSubjects>
          <item>
            <name>Executive Office of the President</name>
          </item>
          <item>
            <name>Executive agency funding and structure</name>
          </item>
          <item>
            <name>Government information and archives</name>
          </item>
          <item>
            <name>Presidents and presidential powers, Vice Presidents</name>
          </item>
          <item>
            <name>Public participation and lobbying</name>
          </item>
          <item>
            <name>Telephone and wireless communication</name>
          </item>
        </legislativeSubjects>
      </billSubjects>
    </subjects>
    <billType>HR</billType>
  </bill>
  <dublinCore xmlns:dc="http://purl.org/dc/elements/1.1/">
    <dc:format>text/xml</dc:format>
    <dc:language>EN</dc:language>
    <dc:rights>Pursuant to Title 17 Section 105 of the United States Code, this file is not subject to copyright protection and is in the public domain.</dc:rights>
    <dc:contributor>Congressional Research Service, Library of Congress</dc:contributor>
    <dc:description>This file contains bill summaries and statuses for federal legislation. A bill summary describes the most significant provisions of a piece of legislation and details the effects the legislative text may have on current law and federal programs. Bill summaries are authored by the Congressional Research Service (CRS) of the Library of Congress. As stated in Public Law 91-510 (2 USC 166 (d)(6)), one of the duties of CRS is "to prepare summaries and digests of bills and resolutions of a public general nature introduced in the Senate or House of Representatives". For more information, refer to the User Guide that accompanies this file.</dc:description>
  </dublinCore>
</billStatus>

