<?xml version="1.0" encoding="UTF-8"?>
<billStatus>
  <bill>
    <cosponsors>
      <item>
        <district>2</district>
        <lastName>Huffman</lastName>
        <bioguideId>H001068</bioguideId>
        <state>CA</state>
        <identifiers>
          <gpoId />
          <lisID>2101</lisID>
          <bioguideId>H001068</bioguideId>
        </identifiers>
        <sponsorshipDate>2017-01-24</sponsorshipDate>
        <isOriginalCosponsor>True</isOriginalCosponsor>
        <party>D</party>
        <middleName />
        <firstName>Jared</firstName>
        <fullName>Rep. Huffman, Jared [D-CA-2]</fullName>
        <sponsorshipWithdrawnDate />
      </item>
      <item>
        <district>13</district>
        <lastName>LEE</lastName>
        <bioguideId>L000551</bioguideId>
        <state>CA</state>
        <identifiers>
          <lisID>1501</lisID>
          <gpoId>7814</gpoId>
          <bioguideId>L000551</bioguideId>
        </identifiers>
        <sponsorshipDate>2017-01-24</sponsorshipDate>
        <isOriginalCosponsor>True</isOriginalCosponsor>
        <party>D</party>
        <middleName />
        <firstName>BARBARA</firstName>
        <fullName>Rep. Lee, Barbara [D-CA-13]</fullName>
        <sponsorshipWithdrawnDate />
      </item>
      <item>
        <district>5</district>
        <lastName>Clark</lastName>
        <bioguideId>C001101</bioguideId>
        <state>MA</state>
        <identifiers>
          <lisID>2196</lisID>
          <bioguideId>C001101</bioguideId>
          <gpoId />
        </identifiers>
        <sponsorshipDate>2017-01-24</sponsorshipDate>
        <isOriginalCosponsor>True</isOriginalCosponsor>
        <party>D</party>
        <middleName>M.</middleName>
        <firstName>Katherine</firstName>
        <fullName>Rep. Clark, Katherine M. [D-MA-5]</fullName>
        <sponsorshipWithdrawnDate />
      </item>
      <item>
        <district>1</district>
        <lastName>CLAY</lastName>
        <bioguideId>C001049</bioguideId>
        <state>MO</state>
        <identifiers>
          <gpoId>8009</gpoId>
          <lisID>1654</lisID>
          <bioguideId>C001049</bioguideId>
        </identifiers>
        <sponsorshipDate>2017-01-24</sponsorshipDate>
        <isOriginalCosponsor>True</isOriginalCosponsor>
        <party>D</party>
        <middleName>LACY</middleName>
        <firstName>WM.</firstName>
        <fullName>Rep. Clay, Wm. Lacy [D-MO-1]</fullName>
        <sponsorshipWithdrawnDate />
      </item>
      <item>
        <district>6</district>
        <lastName>CLYBURN</lastName>
        <bioguideId>C000537</bioguideId>
        <state>SC</state>
        <identifiers>
          <lisID>208</lisID>
          <gpoId>8146</gpoId>
          <bioguideId>C000537</bioguideId>
        </identifiers>
        <sponsorshipDate>2017-01-24</sponsorshipDate>
        <isOriginalCosponsor>True</isOriginalCosponsor>
        <party>D</party>
        <middleName>E.</middleName>
        <firstName>JAMES</firstName>
        <fullName>Rep. Clyburn, James E. [D-SC-6]</fullName>
        <sponsorshipWithdrawnDate />
      </item>
      <item>
        <district>9</district>
        <lastName>Cohen</lastName>
        <bioguideId>C001068</bioguideId>
        <state>TN</state>
        <identifiers>
          <lisID>1878</lisID>
          <gpoId>8156</gpoId>
          <bioguideId>C001068</bioguideId>
        </identifiers>
        <sponsorshipDate>2017-01-24</sponsorshipDate>
        <isOriginalCosponsor>True</isOriginalCosponsor>
        <party>D</party>
        <middleName />
        <firstName>Steve</firstName>
        <fullName>Rep. Cohen, Steve [D-TN-9]</fullName>
        <sponsorshipWithdrawnDate />
      </item>
      <item>
        <district>7</district>
        <lastName>CUMMINGS</lastName>
        <bioguideId>C000984</bioguideId>
        <state>MD</state>
        <identifiers>
          <lisID>256</lisID>
          <gpoId>7982</gpoId>
          <bioguideId>C000984</bioguideId>
        </identifiers>
        <sponsorshipDate>2017-01-24</sponsorshipDate>
        <isOriginalCosponsor>True</isOriginalCosponsor>
        <party>D</party>
        <middleName>E.</middleName>
        <firstName>ELIJAH</firstName>
        <fullName>Rep. Cummings, Elijah E. [D-MD-7]</fullName>
        <sponsorshipWithdrawnDate />
      </item>
      <item>
        <district>5</district>
        <lastName>Ellison</lastName>
        <bioguideId>E000288</bioguideId>
        <state>MN</state>
        <identifiers>
          <lisID>1857</lisID>
          <gpoId>8005</gpoId>
          <bioguideId>E000288</bioguideId>
        </identifiers>
        <sponsorshipDate>2017-01-24</sponsorshipDate>
        <isOriginalCosponsor>True</isOriginalCosponsor>
        <party>D</party>
        <middleName />
        <firstName>Keith</firstName>
        <fullName>Rep. Ellison, Keith [D-MN-5]</fullName>
        <sponsorshipWithdrawnDate />
      </item>
      <item>
        <district>16</district>
        <lastName>ENGEL</lastName>
        <bioguideId>E000179</bioguideId>
        <state>NY</state>
        <identifiers>
          <lisID>344</lisID>
          <gpoId>8078</gpoId>
          <bioguideId>E000179</bioguideId>
        </identifiers>
        <sponsorshipDate>2017-01-24</sponsorshipDate>
        <isOriginalCosponsor>True</isOriginalCosponsor>
        <party>D</party>
        <middleName>L.</middleName>
        <firstName>ELIOT</firstName>
        <fullName>Rep. Engel, Eliot L. [D-NY-16]</fullName>
        <sponsorshipWithdrawnDate />
      </item>
      <item>
        <district>3</district>
        <lastName>Grijalva</lastName>
        <bioguideId>G000551</bioguideId>
        <state>AZ</state>
        <identifiers>
          <lisID>1708</lisID>
          <gpoId>7804</gpoId>
          <bioguideId>G000551</bioguideId>
        </identifiers>
        <sponsorshipDate>2017-01-24</sponsorshipDate>
        <isOriginalCosponsor>True</isOriginalCosponsor>
        <party>D</party>
        <middleName>M.</middleName>
        <firstName>Raul</firstName>
        <fullName>Rep. Grijalva, Raul M. [D-AZ-3]</fullName>
        <sponsorshipWithdrawnDate />
      </item>
      <item>
        <district>18</district>
        <lastName>JACKSON LEE</lastName>
        <bioguideId>J000032</bioguideId>
        <state>TX</state>
        <identifiers>
          <lisID>588</lisID>
          <gpoId>8174</gpoId>
          <bioguideId>J000032</bioguideId>
        </identifiers>
        <sponsorshipDate>2017-01-24</sponsorshipDate>
        <isOriginalCosponsor>True</isOriginalCosponsor>
        <party>D</party>
        <middleName />
        <firstName>SHEILA</firstName>
        <fullName>Rep. Jackson Lee, Sheila [D-TX-18]</fullName>
        <sponsorshipWithdrawnDate />
      </item>
      <item>
        <district>33</district>
        <lastName>Lieu</lastName>
        <bioguideId>L000582</bioguideId>
        <state>CA</state>
        <identifiers>
          <lisID>2230</lisID>
          <gpoId />
          <bioguideId>L000582</bioguideId>
        </identifiers>
        <sponsorshipDate>2017-01-24</sponsorshipDate>
        <isOriginalCosponsor>True</isOriginalCosponsor>
        <party>D</party>
        <middleName />
        <firstName>Ted</firstName>
        <fullName>Rep. Lieu, Ted [D-CA-33]</fullName>
        <sponsorshipWithdrawnDate />
      </item>
      <item>
        <district>0</district>
        <lastName>NORTON</lastName>
        <bioguideId>N000147</bioguideId>
        <state>DC</state>
        <identifiers>
          <gpoId>7871</gpoId>
          <lisID>868</lisID>
          <bioguideId>N000147</bioguideId>
        </identifiers>
        <sponsorshipDate>2017-01-24</sponsorshipDate>
        <isOriginalCosponsor>True</isOriginalCosponsor>
        <party>D</party>
        <middleName>HOLMES</middleName>
        <firstName>ELEANOR</firstName>
        <fullName>Rep. Norton, Eleanor Holmes [D-DC-At Large]</fullName>
        <sponsorshipWithdrawnDate />
      </item>
      <item>
        <district>2</district>
        <lastName>Pocan</lastName>
        <bioguideId>P000607</bioguideId>
        <state>WI</state>
        <identifiers>
          <lisID>2171</lisID>
          <bioguideId>P000607</bioguideId>
          <gpoId />
        </identifiers>
        <sponsorshipDate>2017-01-24</sponsorshipDate>
        <isOriginalCosponsor>True</isOriginalCosponsor>
        <party>D</party>
        <middleName />
        <firstName>Mark</firstName>
        <fullName>Rep. Pocan, Mark [D-WI-2]</fullName>
        <sponsorshipWithdrawnDate />
      </item>
      <item>
        <district>40</district>
        <lastName>ROYBAL-ALLARD</lastName>
        <bioguideId>R000486</bioguideId>
        <state>CA</state>
        <identifiers>
          <lisID>997</lisID>
          <gpoId>7839</gpoId>
          <bioguideId>R000486</bioguideId>
        </identifiers>
        <sponsorshipDate>2017-01-24</sponsorshipDate>
        <isOriginalCosponsor>True</isOriginalCosponsor>
        <party>D</party>
        <middleName />
        <firstName>LUCILLE</firstName>
        <fullName>Rep. Roybal-Allard, Lucille [D-CA-40]</fullName>
        <sponsorshipWithdrawnDate />
      </item>
      <item>
        <district>13</district>
        <lastName>RYAN</lastName>
        <bioguideId>R000577</bioguideId>
        <state>OH</state>
        <identifiers>
          <lisID>1756</lisID>
          <gpoId>8107</gpoId>
          <bioguideId>R000577</bioguideId>
        </identifiers>
        <sponsorshipDate>2017-01-24</sponsorshipDate>
        <isOriginalCosponsor>True</isOriginalCosponsor>
        <party>D</party>
        <middleName />
        <firstName>TIM</firstName>
        <fullName>Rep. Ryan, Tim [D-OH-13]</fullName>
        <sponsorshipWithdrawnDate />
      </item>
      <item>
        <district>3</district>
        <lastName>Scott</lastName>
        <bioguideId>S000185</bioguideId>
        <state>VA</state>
        <identifiers>
          <lisID>1037</lisID>
          <gpoId>8194</gpoId>
          <bioguideId>S000185</bioguideId>
        </identifiers>
        <sponsorshipDate>2017-01-24</sponsorshipDate>
        <isOriginalCosponsor>True</isOriginalCosponsor>
        <party>D</party>
        <middleName>C. "Bobby"</middleName>
        <firstName>Robert</firstName>
        <fullName>Rep. Scott, Robert C. "Bobby" [D-VA-3]</fullName>
        <sponsorshipWithdrawnDate />
      </item>
      <item>
        <district>15</district>
        <lastName>SERRANO</lastName>
        <bioguideId>S000248</bioguideId>
        <state>NY</state>
        <identifiers>
          <lisID>1042</lisID>
          <gpoId>8077</gpoId>
          <bioguideId>S000248</bioguideId>
        </identifiers>
        <sponsorshipDate>2017-01-24</sponsorshipDate>
        <isOriginalCosponsor>True</isOriginalCosponsor>
        <party>D</party>
        <middleName>E.</middleName>
        <firstName>JOSE</firstName>
        <fullName>Rep. Serrano, Jose E. [D-NY-15]</fullName>
        <sponsorshipWithdrawnDate />
      </item>
      <item>
        <district>41</district>
        <lastName>Takano</lastName>
        <bioguideId>T000472</bioguideId>
        <state>CA</state>
        <identifiers>
          <lisID>2110</lisID>
          <gpoId />
          <bioguideId>T000472</bioguideId>
        </identifiers>
        <sponsorshipDate>2017-01-24</sponsorshipDate>
        <isOriginalCosponsor>True</isOriginalCosponsor>
        <party>D</party>
        <middleName />
        <firstName>Mark</firstName>
        <fullName>Rep. Takano, Mark [D-CA-41]</fullName>
        <sponsorshipWithdrawnDate />
      </item>
      <item>
        <district>9</district>
        <lastName>KAPTUR</lastName>
        <bioguideId>K000009</bioguideId>
        <state>OH</state>
        <identifiers>
          <lisID>616</lisID>
          <gpoId>8099</gpoId>
          <bioguideId>K000009</bioguideId>
        </identifiers>
        <sponsorshipDate>2017-01-24</sponsorshipDate>
        <isOriginalCosponsor>True</isOriginalCosponsor>
        <party>D</party>
        <middleName />
        <firstName>MARCY</firstName>
        <fullName>Rep. Kaptur, Marcy [D-OH-9]</fullName>
        <sponsorshipWithdrawnDate />
      </item>
      <item>
        <district>8</district>
        <lastName>Jeffries</lastName>
        <bioguideId>J000294</bioguideId>
        <state>NY</state>
        <identifiers>
          <gpoId />
          <lisID>2149</lisID>
          <bioguideId>J000294</bioguideId>
        </identifiers>
        <sponsorshipDate>2017-01-24</sponsorshipDate>
        <isOriginalCosponsor>True</isOriginalCosponsor>
        <party>D</party>
        <middleName>S.</middleName>
        <firstName>Hakeem</firstName>
        <fullName>Rep. Jeffries, Hakeem S. [D-NY-8]</fullName>
        <sponsorshipWithdrawnDate />
      </item>
      <item>
        <district>5</district>
        <lastName>LEWIS</lastName>
        <bioguideId>L000287</bioguideId>
        <state>GA</state>
        <identifiers>
          <lisID>688</lisID>
          <gpoId>7902</gpoId>
          <bioguideId>L000287</bioguideId>
        </identifiers>
        <sponsorshipDate>2017-01-24</sponsorshipDate>
        <isOriginalCosponsor>True</isOriginalCosponsor>
        <party>D</party>
        <middleName />
        <firstName>JOHN</firstName>
        <fullName>Rep. Lewis, John [D-GA-5]</fullName>
        <sponsorshipWithdrawnDate />
      </item>
      <item>
        <district>20</district>
        <lastName>Tonko</lastName>
        <bioguideId>T000469</bioguideId>
        <state>NY</state>
        <identifiers>
          <lisID>1942</lisID>
          <gpoId>8082</gpoId>
          <bioguideId>T000469</bioguideId>
        </identifiers>
        <sponsorshipDate>2017-01-24</sponsorshipDate>
        <isOriginalCosponsor>True</isOriginalCosponsor>
        <party>D</party>
        <middleName />
        <firstName>Paul</firstName>
        <fullName>Rep. Tonko, Paul [D-NY-20]</fullName>
        <sponsorshipWithdrawnDate />
      </item>
      <item>
        <district>2</district>
        <lastName>THOMPSON</lastName>
        <bioguideId>T000193</bioguideId>
        <state>MS</state>
        <identifiers>
          <gpoId>8020</gpoId>
          <lisID>1151</lisID>
          <bioguideId>T000193</bioguideId>
        </identifiers>
        <sponsorshipDate>2017-01-24</sponsorshipDate>
        <isOriginalCosponsor>True</isOriginalCosponsor>
        <party>D</party>
        <middleName />
        <firstName>BENNIE</firstName>
        <fullName>Rep. Thompson, Bennie G. [D-MS-2]</fullName>
        <sponsorshipWithdrawnDate />
      </item>
      <item>
        <district>9</district>
        <lastName>SCHAKOWSKY</lastName>
        <bioguideId>S001145</bioguideId>
        <state>IL</state>
        <identifiers>
          <gpoId>7929</gpoId>
          <lisID>1588</lisID>
          <bioguideId>S001145</bioguideId>
        </identifiers>
        <sponsorshipDate>2017-01-24</sponsorshipDate>
        <isOriginalCosponsor>True</isOriginalCosponsor>
        <party>D</party>
        <middleName>D.</middleName>
        <firstName>JANICE</firstName>
        <fullName>Rep. Schakowsky, Janice D. [D-IL-9]</fullName>
        <sponsorshipWithdrawnDate />
      </item>
      <item>
        <district>12</district>
        <lastName>Watson Coleman</lastName>
        <bioguideId>W000822</bioguideId>
        <state>NJ</state>
        <identifiers>
          <lisID>2259</lisID>
          <gpoId />
          <bioguideId>W000822</bioguideId>
        </identifiers>
        <sponsorshipDate>2017-01-24</sponsorshipDate>
        <isOriginalCosponsor>True</isOriginalCosponsor>
        <party>D</party>
        <middleName />
        <firstName>Bonnie</firstName>
        <fullName>Rep. Watson Coleman, Bonnie [D-NJ-12]</fullName>
        <sponsorshipWithdrawnDate />
      </item>
      <item>
        <district>0</district>
        <lastName>Welch</lastName>
        <bioguideId>W000800</bioguideId>
        <state>VT</state>
        <identifiers>
          <lisID>1879</lisID>
          <bioguideId>W000800</bioguideId>
          <gpoId>8204</gpoId>
        </identifiers>
        <sponsorshipDate>2017-01-24</sponsorshipDate>
        <isOriginalCosponsor>True</isOriginalCosponsor>
        <party>D</party>
        <middleName />
        <firstName>Peter</firstName>
        <fullName>Rep. Welch, Peter [D-VT-At Large]</fullName>
        <sponsorshipWithdrawnDate />
      </item>
      <item>
        <district>32</district>
        <lastName>NAPOLITANO</lastName>
        <bioguideId>N000179</bioguideId>
        <state>CA</state>
        <identifiers>
          <gpoId>7843</gpoId>
          <lisID>1602</lisID>
          <bioguideId>N000179</bioguideId>
        </identifiers>
        <sponsorshipDate>2017-01-24</sponsorshipDate>
        <isOriginalCosponsor>True</isOriginalCosponsor>
        <party>D</party>
        <middleName>F.</middleName>
        <firstName>GRACE</firstName>
        <fullName>Rep. Napolitano, Grace F. [D-CA-32]</fullName>
        <sponsorshipWithdrawnDate />
      </item>
      <item>
        <district>1</district>
        <lastName>BRADY</lastName>
        <bioguideId>B001227</bioguideId>
        <state>PA</state>
        <identifiers>
          <gpoId>8119</gpoId>
          <lisID>1469</lisID>
          <bioguideId>B001227</bioguideId>
        </identifiers>
        <sponsorshipDate>2017-01-24</sponsorshipDate>
        <isOriginalCosponsor>True</isOriginalCosponsor>
        <party>D</party>
        <middleName>A.</middleName>
        <firstName>ROBERT</firstName>
        <fullName>Rep. Brady, Robert A. [D-PA-1]</fullName>
        <sponsorshipWithdrawnDate />
      </item>
      <item>
        <district>17</district>
        <lastName>Cartwright</lastName>
        <bioguideId>C001090</bioguideId>
        <state>PA</state>
        <identifiers>
          <lisID>2159</lisID>
          <gpoId />
          <bioguideId>C001090</bioguideId>
        </identifiers>
        <sponsorshipDate>2017-01-24</sponsorshipDate>
        <isOriginalCosponsor>True</isOriginalCosponsor>
        <party>D</party>
        <middleName />
        <firstName>Matt</firstName>
        <fullName>Rep. Cartwright, Matt [D-PA-17]</fullName>
        <sponsorshipWithdrawnDate />
      </item>
      <item>
        <district>1</district>
        <lastName>Pingree</lastName>
        <bioguideId>P000597</bioguideId>
        <state>ME</state>
        <identifiers>
          <lisID>1927</lisID>
          <bioguideId>P000597</bioguideId>
          <gpoId>7984</gpoId>
        </identifiers>
        <sponsorshipDate>2017-01-24</sponsorshipDate>
        <isOriginalCosponsor>True</isOriginalCosponsor>
        <party>D</party>
        <middleName />
        <firstName>Chellie</firstName>
        <fullName>Rep. Pingree, Chellie [D-ME-1]</fullName>
        <sponsorshipWithdrawnDate />
      </item>
      <item>
        <district>14</district>
        <lastName>Lawrence</lastName>
        <bioguideId>L000581</bioguideId>
        <state>MI</state>
        <identifiers>
          <lisID>2252</lisID>
          <gpoId />
          <bioguideId>L000581</bioguideId>
        </identifiers>
        <sponsorshipDate>2017-01-24</sponsorshipDate>
        <isOriginalCosponsor>True</isOriginalCosponsor>
        <party>D</party>
        <middleName>L.</middleName>
        <firstName>Brenda</firstName>
        <fullName>Rep. Lawrence, Brenda L. [D-MI-14]</fullName>
        <sponsorshipWithdrawnDate />
      </item>
      <item>
        <district>3</district>
        <lastName>Garamendi</lastName>
        <bioguideId>G000559</bioguideId>
        <state>CA</state>
        <identifiers>
          <lisID>1973</lisID>
          <bioguideId>G000559</bioguideId>
          <gpoId>7815</gpoId>
        </identifiers>
        <sponsorshipDate>2017-01-24</sponsorshipDate>
        <isOriginalCosponsor>True</isOriginalCosponsor>
        <party>D</party>
        <middleName />
        <firstName>John</firstName>
        <fullName>Rep. Garamendi, John [D-CA-3]</fullName>
        <sponsorshipWithdrawnDate />
      </item>
      <item>
        <district>19</district>
        <lastName>LOFGREN</lastName>
        <bioguideId>L000397</bioguideId>
        <state>CA</state>
        <identifiers>
          <lisID>701</lisID>
          <gpoId>7821</gpoId>
          <bioguideId>L000397</bioguideId>
        </identifiers>
        <sponsorshipDate>2017-01-24</sponsorshipDate>
        <isOriginalCosponsor>True</isOriginalCosponsor>
        <party>D</party>
        <middleName />
        <firstName>ZOE</firstName>
        <fullName>Rep. Lofgren, Zoe [D-CA-19]</fullName>
        <sponsorshipWithdrawnDate />
      </item>
      <item>
        <district>3</district>
        <lastName>BLUMENAUER</lastName>
        <bioguideId>B000574</bioguideId>
        <state>OR</state>
        <identifiers>
          <lisID>99</lisID>
          <gpoId>8116</gpoId>
          <bioguideId>B000574</bioguideId>
        </identifiers>
        <sponsorshipDate>2017-01-24</sponsorshipDate>
        <isOriginalCosponsor>True</isOriginalCosponsor>
        <party>D</party>
        <middleName />
        <firstName>EARL</firstName>
        <fullName>Rep. Blumenauer, Earl [D-OR-3]</fullName>
        <sponsorshipWithdrawnDate />
      </item>
      <item>
        <district>2</district>
        <lastName>Kelly</lastName>
        <bioguideId>K000385</bioguideId>
        <state>IL</state>
        <identifiers>
          <lisID>2190</lisID>
          <gpoId />
          <bioguideId>K000385</bioguideId>
        </identifiers>
        <sponsorshipDate>2017-01-24</sponsorshipDate>
        <isOriginalCosponsor>True</isOriginalCosponsor>
        <party>D</party>
        <middleName>L.</middleName>
        <firstName>Robin</firstName>
        <fullName>Rep. Kelly, Robin L. [D-IL-2]</fullName>
        <sponsorshipWithdrawnDate />
      </item>
      <item>
        <district>9</district>
        <lastName>Clarke</lastName>
        <bioguideId>C001067</bioguideId>
        <state>NY</state>
        <identifiers>
          <lisID>1864</lisID>
          <gpoId>8072</gpoId>
          <bioguideId>C001067</bioguideId>
        </identifiers>
        <sponsorshipDate>2017-01-24</sponsorshipDate>
        <isOriginalCosponsor>True</isOriginalCosponsor>
        <party>D</party>
        <middleName>D.</middleName>
        <firstName>Yvette</firstName>
        <fullName>Rep. Clarke, Yvette D. [D-NY-9]</fullName>
        <sponsorshipWithdrawnDate />
      </item>
      <item>
        <district>8</district>
        <lastName>NOLAN</lastName>
        <bioguideId>N000127</bioguideId>
        <state>MN</state>
        <identifiers>
          <lisID>867</lisID>
          <gpoId />
          <bioguideId>N000127</bioguideId>
        </identifiers>
        <sponsorshipDate>2017-01-24</sponsorshipDate>
        <isOriginalCosponsor>True</isOriginalCosponsor>
        <party>D</party>
        <middleName />
        <firstName>RICHARD</firstName>
        <fullName>Rep. Nolan, Richard M. [D-MN-8]</fullName>
        <sponsorshipWithdrawnDate />
      </item>
      <item>
        <district>5</district>
        <lastName>Cleaver</lastName>
        <bioguideId>C001061</bioguideId>
        <state>MO</state>
        <identifiers>
          <lisID>1790</lisID>
          <gpoId>8013</gpoId>
          <bioguideId>C001061</bioguideId>
        </identifiers>
        <sponsorshipDate>2017-01-24</sponsorshipDate>
        <isOriginalCosponsor>True</isOriginalCosponsor>
        <party>D</party>
        <middleName />
        <firstName>Emanuel</firstName>
        <fullName>Rep. Cleaver, Emanuel [D-MO-5]</fullName>
        <sponsorshipWithdrawnDate />
      </item>
      <item>
        <district>20</district>
        <lastName>HASTINGS</lastName>
        <bioguideId>H000324</bioguideId>
        <state>FL</state>
        <identifiers>
          <lisID>511</lisID>
          <gpoId>7895</gpoId>
          <bioguideId>H000324</bioguideId>
        </identifiers>
        <sponsorshipDate>2017-01-24</sponsorshipDate>
        <isOriginalCosponsor>True</isOriginalCosponsor>
        <party>D</party>
        <middleName>L.</middleName>
        <firstName>ALCEE</firstName>
        <fullName>Rep. Hastings, Alcee L. [D-FL-20]</fullName>
        <sponsorshipWithdrawnDate />
      </item>
      <item>
        <district>27</district>
        <lastName>Chu</lastName>
        <bioguideId>C001080</bioguideId>
        <state>CA</state>
        <identifiers>
          <lisID>1970</lisID>
          <gpoId>7837</gpoId>
          <bioguideId>C001080</bioguideId>
        </identifiers>
        <sponsorshipDate>2017-01-24</sponsorshipDate>
        <isOriginalCosponsor>True</isOriginalCosponsor>
        <party>D</party>
        <middleName />
        <firstName>Judy</firstName>
        <fullName>Rep. Chu, Judy [D-CA-27]</fullName>
        <sponsorshipWithdrawnDate />
      </item>
      <item>
        <district>2</district>
        <lastName>MCGOVERN</lastName>
        <bioguideId>M000312</bioguideId>
        <state>MA</state>
        <identifiers>
          <lisID>1504</lisID>
          <gpoId>7968</gpoId>
          <bioguideId>M000312</bioguideId>
        </identifiers>
        <sponsorshipDate>2017-01-24</sponsorshipDate>
        <isOriginalCosponsor>True</isOriginalCosponsor>
        <party>D</party>
        <middleName>P.</middleName>
        <firstName>JAMES</firstName>
        <fullName>Rep. McGovern, James P. [D-MA-2]</fullName>
        <sponsorshipWithdrawnDate />
      </item>
      <item>
        <district>4</district>
        <lastName>Johnson</lastName>
        <bioguideId>J000288</bioguideId>
        <state>GA</state>
        <identifiers>
          <lisID>1843</lisID>
          <bioguideId>J000288</bioguideId>
          <gpoId>7901</gpoId>
        </identifiers>
        <sponsorshipDate>2017-01-24</sponsorshipDate>
        <isOriginalCosponsor>True</isOriginalCosponsor>
        <party>D</party>
        <middleName>C. "Hank"</middleName>
        <firstName>Henry</firstName>
        <fullName>Rep. Johnson, Henry C. "Hank," Jr. [D-GA-4]</fullName>
        <sponsorshipWithdrawnDate />
      </item>
      <item>
        <district>10</district>
        <lastName>NADLER</lastName>
        <bioguideId>N000002</bioguideId>
        <state>NY</state>
        <identifiers>
          <lisID>850</lisID>
          <gpoId>8069</gpoId>
          <bioguideId>N000002</bioguideId>
        </identifiers>
        <sponsorshipDate>2017-01-24</sponsorshipDate>
        <isOriginalCosponsor>True</isOriginalCosponsor>
        <party>D</party>
        <middleName />
        <firstName>JERROLD</firstName>
        <fullName>Rep. Nadler, Jerrold [D-NY-10]</fullName>
        <sponsorshipWithdrawnDate />
      </item>
      <item>
        <district>7</district>
        <lastName>Jayapal</lastName>
        <bioguideId>J000298</bioguideId>
        <state>WA</state>
        <identifiers>
          <lisID>2354</lisID>
          <gpoId />
          <bioguideId>J000298</bioguideId>
        </identifiers>
        <sponsorshipDate>2017-01-24</sponsorshipDate>
        <isOriginalCosponsor>True</isOriginalCosponsor>
        <party>D</party>
        <middleName />
        <firstName>Pramila</firstName>
        <fullName>Rep. Jayapal, Pramila [D-WA-7]</fullName>
        <sponsorshipWithdrawnDate />
      </item>
      <item>
        <district>14</district>
        <lastName>DOYLE</lastName>
        <bioguideId>D000482</bioguideId>
        <state>PA</state>
        <identifiers>
          <lisID>316</lisID>
          <gpoId>8132</gpoId>
          <bioguideId>D000482</bioguideId>
        </identifiers>
        <sponsorshipDate>2017-01-24</sponsorshipDate>
        <isOriginalCosponsor>True</isOriginalCosponsor>
        <party>D</party>
        <middleName />
        <firstName>MIKE</firstName>
        <fullName>Rep. Doyle, Michael F. [D-PA-14]</fullName>
        <sponsorshipWithdrawnDate />
      </item>
      <item>
        <district>12</district>
        <lastName>Adams</lastName>
        <bioguideId>A000370</bioguideId>
        <state>NC</state>
        <identifiers>
          <lisID>2201</lisID>
          <gpoId />
          <bioguideId>A000370</bioguideId>
        </identifiers>
        <sponsorshipDate>2017-01-24</sponsorshipDate>
        <isOriginalCosponsor>True</isOriginalCosponsor>
        <party>D</party>
        <middleName>S.</middleName>
        <firstName>Alma</firstName>
        <fullName>Rep. Adams, Alma S. [D-NC-12]</fullName>
        <sponsorshipWithdrawnDate />
      </item>
      <item>
        <district>3</district>
        <lastName>Beatty</lastName>
        <bioguideId>B001281</bioguideId>
        <state>OH</state>
        <identifiers>
          <gpoId />
          <lisID>2153</lisID>
          <bioguideId>B001281</bioguideId>
        </identifiers>
        <sponsorshipDate>2017-01-24</sponsorshipDate>
        <isOriginalCosponsor>True</isOriginalCosponsor>
        <party>D</party>
        <middleName />
        <firstName>Joyce</firstName>
        <fullName>Rep. Beatty, Joyce [D-OH-3]</fullName>
        <sponsorshipWithdrawnDate />
      </item>
      <item>
        <district>9</district>
        <lastName>Green</lastName>
        <bioguideId>G000553</bioguideId>
        <state>TX</state>
        <identifiers>
          <lisID>1803</lisID>
          <gpoId>8165</gpoId>
          <bioguideId>G000553</bioguideId>
        </identifiers>
        <sponsorshipDate>2017-01-24</sponsorshipDate>
        <isOriginalCosponsor>True</isOriginalCosponsor>
        <party>D</party>
        <middleName />
        <firstName>Al</firstName>
        <fullName>Rep. Green, Al [D-TX-9]</fullName>
        <sponsorshipWithdrawnDate />
      </item>
      <item>
        <district>11</district>
        <lastName>DeSaulnier</lastName>
        <bioguideId>D000623</bioguideId>
        <state>CA</state>
        <identifiers>
          <gpoId />
          <lisID>2227</lisID>
          <bioguideId>D000623</bioguideId>
        </identifiers>
        <sponsorshipDate>2017-01-24</sponsorshipDate>
        <isOriginalCosponsor>True</isOriginalCosponsor>
        <party>D</party>
        <middleName />
        <firstName>Mark</firstName>
        <fullName>Rep. DeSaulnier, Mark [D-CA-11]</fullName>
        <sponsorshipWithdrawnDate />
      </item>
      <item>
        <district>4</district>
        <lastName>Moore</lastName>
        <bioguideId>M001160</bioguideId>
        <state>WI</state>
        <identifiers>
          <gpoId>8217</gpoId>
          <lisID>1811</lisID>
          <bioguideId>M001160</bioguideId>
        </identifiers>
        <sponsorshipDate>2017-01-24</sponsorshipDate>
        <isOriginalCosponsor>True</isOriginalCosponsor>
        <party>D</party>
        <middleName />
        <firstName>Gwen</firstName>
        <fullName>Rep. Moore, Gwen [D-WI-4]</fullName>
        <sponsorshipWithdrawnDate />
      </item>
      <item>
        <district>4</district>
        <lastName>GUTIERREZ</lastName>
        <bioguideId>G000535</bioguideId>
        <state>IL</state>
        <identifiers>
          <gpoId>7924</gpoId>
          <lisID>478</lisID>
          <bioguideId>G000535</bioguideId>
        </identifiers>
        <sponsorshipDate>2017-02-02</sponsorshipDate>
        <isOriginalCosponsor>False</isOriginalCosponsor>
        <party>D</party>
        <middleName>V.</middleName>
        <firstName>LUIS</firstName>
        <fullName>Rep. Gutierrez, Luis V. [D-IL-4]</fullName>
        <sponsorshipWithdrawnDate />
      </item>
      <item>
        <district>3</district>
        <lastName>Yarmuth</lastName>
        <bioguideId>Y000062</bioguideId>
        <state>KY</state>
        <identifiers>
          <lisID>1853</lisID>
          <bioguideId>Y000062</bioguideId>
          <gpoId>7955</gpoId>
        </identifiers>
        <sponsorshipDate>2017-02-02</sponsorshipDate>
        <isOriginalCosponsor>False</isOriginalCosponsor>
        <party>D</party>
        <middleName>A.</middleName>
        <firstName>John</firstName>
        <fullName>Rep. Yarmuth, John A. [D-KY-3]</fullName>
        <sponsorshipWithdrawnDate />
      </item>
      <item>
        <district>7</district>
        <lastName>DAVIS</lastName>
        <bioguideId>D000096</bioguideId>
        <state>IL</state>
        <identifiers>
          <lisID>1477</lisID>
          <bioguideId>D000096</bioguideId>
          <gpoId>7927</gpoId>
        </identifiers>
        <sponsorshipDate>2017-02-02</sponsorshipDate>
        <isOriginalCosponsor>False</isOriginalCosponsor>
        <party>D</party>
        <middleName>K.</middleName>
        <firstName>DANNY</firstName>
        <fullName>Rep. Davis, Danny K. [D-IL-7]</fullName>
        <sponsorshipWithdrawnDate />
      </item>
      <item>
        <district>1</district>
        <lastName>RUSH</lastName>
        <bioguideId>R000515</bioguideId>
        <state>IL</state>
        <identifiers>
          <lisID>1003</lisID>
          <gpoId>7921</gpoId>
          <bioguideId>R000515</bioguideId>
        </identifiers>
        <sponsorshipDate>2017-02-02</sponsorshipDate>
        <isOriginalCosponsor>False</isOriginalCosponsor>
        <party>D</party>
        <middleName>L.</middleName>
        <firstName>BOBBY</firstName>
        <fullName>Rep. Rush, Bobby L. [D-IL-1]</fullName>
        <sponsorshipWithdrawnDate />
      </item>
      <item>
        <district>25</district>
        <lastName>SLAUGHTER</lastName>
        <bioguideId>S000480</bioguideId>
        <state>NY</state>
        <identifiers>
          <gpoId>8089</gpoId>
          <lisID>1069</lisID>
          <bioguideId>S000480</bioguideId>
        </identifiers>
        <sponsorshipDate>2017-02-02</sponsorshipDate>
        <isOriginalCosponsor>False</isOriginalCosponsor>
        <party>D</party>
        <middleName>M.</middleName>
        <firstName>LOUISE</firstName>
        <fullName>Rep. Slaughter, Louise McIntosh [D-NY-25]</fullName>
        <sponsorshipWithdrawnDate />
      </item>
      <item>
        <district>47</district>
        <lastName>Lowenthal</lastName>
        <bioguideId>L000579</bioguideId>
        <state>CA</state>
        <identifiers>
          <lisID>2111</lisID>
          <gpoId />
          <bioguideId>L000579</bioguideId>
        </identifiers>
        <sponsorshipDate>2017-02-03</sponsorshipDate>
        <isOriginalCosponsor>False</isOriginalCosponsor>
        <party>D</party>
        <middleName>S.</middleName>
        <firstName>Alan</firstName>
        <fullName>Rep. Lowenthal, Alan S. [D-CA-47]</fullName>
        <sponsorshipWithdrawnDate />
      </item>
      <item>
        <district>8</district>
        <lastName>Raskin</lastName>
        <bioguideId>R000606</bioguideId>
        <state>MD</state>
        <identifiers>
          <lisID>2332</lisID>
          <bioguideId>R000606</bioguideId>
          <gpoId />
        </identifiers>
        <sponsorshipDate>2017-02-14</sponsorshipDate>
        <isOriginalCosponsor>False</isOriginalCosponsor>
        <party>D</party>
        <middleName />
        <firstName>Jamie</firstName>
        <fullName>Rep. Raskin, Jamie [D-MD-8]</fullName>
        <sponsorshipWithdrawnDate />
      </item>
      <item>
        <district>17</district>
        <lastName>Khanna</lastName>
        <bioguideId>K000389</bioguideId>
        <state>CA</state>
        <identifiers>
          <lisID>2308</lisID>
          <gpoId />
          <bioguideId>K000389</bioguideId>
        </identifiers>
        <sponsorshipDate>2017-02-14</sponsorshipDate>
        <isOriginalCosponsor>False</isOriginalCosponsor>
        <party>D</party>
        <middleName />
        <firstName>Ro</firstName>
        <fullName>Rep. Khanna, Ro [D-CA-17]</fullName>
        <sponsorshipWithdrawnDate />
      </item>
      <item>
        <district>14</district>
        <lastName>Speier</lastName>
        <bioguideId>S001175</bioguideId>
        <state>CA</state>
        <identifiers>
          <lisID>1890</lisID>
          <gpoId>7817</gpoId>
          <bioguideId>S001175</bioguideId>
        </identifiers>
        <sponsorshipDate>2017-02-28</sponsorshipDate>
        <isOriginalCosponsor>False</isOriginalCosponsor>
        <party>D</party>
        <middleName />
        <firstName>Jackie</firstName>
        <fullName>Rep. Speier, Jackie [D-CA-14]</fullName>
        <sponsorshipWithdrawnDate />
      </item>
      <item>
        <district>2</district>
        <lastName>Evans</lastName>
        <bioguideId>E000296</bioguideId>
        <state>PA</state>
        <identifiers>
          <lisID>2298</lisID>
          <gpoId />
          <bioguideId>E000296</bioguideId>
        </identifiers>
        <sponsorshipDate>2017-02-28</sponsorshipDate>
        <isOriginalCosponsor>False</isOriginalCosponsor>
        <party>D</party>
        <middleName />
        <firstName>Dwight</firstName>
        <fullName>Rep. Evans, Dwight [D-PA-2]</fullName>
        <sponsorshipWithdrawnDate />
      </item>
      <item>
        <district>7</district>
        <lastName>CAPUANO</lastName>
        <bioguideId>C001037</bioguideId>
        <state>MA</state>
        <identifiers>
          <lisID>1564</lisID>
          <gpoId>7973</gpoId>
          <bioguideId>C001037</bioguideId>
        </identifiers>
        <sponsorshipDate>2017-03-08</sponsorshipDate>
        <isOriginalCosponsor>False</isOriginalCosponsor>
        <party>D</party>
        <middleName>E.</middleName>
        <firstName>MICHAEL</firstName>
        <fullName>Rep. Capuano, Michael E. [D-MA-7]</fullName>
        <sponsorshipWithdrawnDate />
      </item>
      <item>
        <district>1</district>
        <lastName>Butterfield</lastName>
        <bioguideId>B001251</bioguideId>
        <state>NC</state>
        <identifiers>
          <lisID>1761</lisID>
          <bioguideId>B001251</bioguideId>
          <gpoId>8024</gpoId>
        </identifiers>
        <sponsorshipDate>2017-03-08</sponsorshipDate>
        <isOriginalCosponsor>False</isOriginalCosponsor>
        <party>D</party>
        <middleName />
        <firstName>G. K.</firstName>
        <fullName>Rep. Butterfield, G. K. [D-NC-1]</fullName>
        <sponsorshipWithdrawnDate />
      </item>
      <item>
        <district>11</district>
        <lastName>Fudge</lastName>
        <bioguideId>F000455</bioguideId>
        <state>OH</state>
        <identifiers>
          <lisID>1895</lisID>
          <gpoId>8101</gpoId>
          <bioguideId>F000455</bioguideId>
        </identifiers>
        <sponsorshipDate>2017-03-09</sponsorshipDate>
        <isOriginalCosponsor>False</isOriginalCosponsor>
        <party>D</party>
        <middleName>L.</middleName>
        <firstName>Marcia</firstName>
        <fullName>Rep. Fudge, Marcia L. [D-OH-11]</fullName>
        <sponsorshipWithdrawnDate />
      </item>
      <item>
        <district>37</district>
        <lastName>Bass</lastName>
        <bioguideId>B001270</bioguideId>
        <state>CA</state>
        <identifiers>
          <lisID>1996</lisID>
          <bioguideId>B001270</bioguideId>
          <gpoId>7838</gpoId>
        </identifiers>
        <sponsorshipDate>2017-03-10</sponsorshipDate>
        <isOriginalCosponsor>False</isOriginalCosponsor>
        <party>D</party>
        <middleName />
        <firstName>Karen</firstName>
        <fullName>Rep. Bass, Karen [D-CA-37]</fullName>
        <sponsorshipWithdrawnDate />
      </item>
      <item>
        <district>18</district>
        <lastName>ESHOO</lastName>
        <bioguideId>E000215</bioguideId>
        <state>CA</state>
        <identifiers>
          <lisID>355</lisID>
          <bioguideId>E000215</bioguideId>
          <gpoId>7819</gpoId>
        </identifiers>
        <sponsorshipDate>2017-03-16</sponsorshipDate>
        <isOriginalCosponsor>False</isOriginalCosponsor>
        <party>D</party>
        <middleName>G.</middleName>
        <firstName>ANNA</firstName>
        <fullName>Rep. Eshoo, Anna G. [D-CA-18]</fullName>
        <sponsorshipWithdrawnDate />
      </item>
      <item>
        <district>26</district>
        <lastName>Higgins</lastName>
        <bioguideId>H001038</bioguideId>
        <state>NY</state>
        <identifiers>
          <gpoId>8088</gpoId>
          <lisID>1794</lisID>
          <bioguideId>H001038</bioguideId>
        </identifiers>
        <sponsorshipDate>2017-03-16</sponsorshipDate>
        <isOriginalCosponsor>False</isOriginalCosponsor>
        <party>D</party>
        <middleName />
        <firstName>Brian</firstName>
        <fullName>Rep. Higgins, Brian [D-NY-26]</fullName>
        <sponsorshipWithdrawnDate />
      </item>
      <item>
        <district>1</district>
        <lastName>Bonamici</lastName>
        <bioguideId>B001278</bioguideId>
        <state>OR</state>
        <identifiers>
          <gpoId>8367</gpoId>
          <lisID>2092</lisID>
          <bioguideId>B001278</bioguideId>
        </identifiers>
        <sponsorshipDate>2017-03-16</sponsorshipDate>
        <isOriginalCosponsor>False</isOriginalCosponsor>
        <party>D</party>
        <middleName />
        <firstName>Suzanne</firstName>
        <fullName>Rep. Bonamici, Suzanne [D-OR-1]</fullName>
        <sponsorshipWithdrawnDate />
      </item>
      <item>
        <district>5</district>
        <lastName>MEEKS</lastName>
        <bioguideId>M001137</bioguideId>
        <state>NY</state>
        <identifiers>
          <lisID>1506</lisID>
          <bioguideId>M001137</bioguideId>
          <gpoId>8067</gpoId>
        </identifiers>
        <sponsorshipDate>2017-03-16</sponsorshipDate>
        <isOriginalCosponsor>False</isOriginalCosponsor>
        <party>D</party>
        <middleName>W.</middleName>
        <firstName>GREGORY</firstName>
        <fullName>Rep. Meeks, Gregory W. [D-NY-5]</fullName>
        <sponsorshipWithdrawnDate />
      </item>
      <item>
        <district>12</district>
        <lastName>MALONEY</lastName>
        <bioguideId>M000087</bioguideId>
        <state>NY</state>
        <identifiers>
          <lisID>729</lisID>
          <bioguideId>M000087</bioguideId>
          <gpoId>8075</gpoId>
        </identifiers>
        <sponsorshipDate>2017-03-22</sponsorshipDate>
        <isOriginalCosponsor>False</isOriginalCosponsor>
        <party>D</party>
        <middleName>B.</middleName>
        <firstName>CAROLYN</firstName>
        <fullName>Rep. Maloney, Carolyn B. [D-NY-12]</fullName>
        <sponsorshipWithdrawnDate />
      </item>
      <item>
        <district>13</district>
        <lastName>Espaillat</lastName>
        <bioguideId>E000297</bioguideId>
        <state>NY</state>
        <identifiers>
          <lisID>2342</lisID>
          <gpoId />
          <bioguideId>E000297</bioguideId>
        </identifiers>
        <sponsorshipDate>2017-03-22</sponsorshipDate>
        <isOriginalCosponsor>False</isOriginalCosponsor>
        <party>D</party>
        <middleName />
        <firstName>Adriano</firstName>
        <fullName>Rep. Espaillat, Adriano [D-NY-13]</fullName>
        <sponsorshipWithdrawnDate />
      </item>
      <item>
        <district>44</district>
        <lastName>Barragan</lastName>
        <bioguideId>B001300</bioguideId>
        <state>CA</state>
        <identifiers>
          <lisID>2311</lisID>
          <bioguideId>B001300</bioguideId>
          <gpoId />
        </identifiers>
        <sponsorshipDate>2017-03-22</sponsorshipDate>
        <isOriginalCosponsor>False</isOriginalCosponsor>
        <party>D</party>
        <middleName>Diaz</middleName>
        <firstName>Nanette</firstName>
        <fullName>Rep. Barragan, Nanette Diaz [D-CA-44]</fullName>
        <sponsorshipWithdrawnDate />
      </item>
      <item>
        <district>7</district>
        <lastName>VELAZQUEZ</lastName>
        <bioguideId>V000081</bioguideId>
        <state>NY</state>
        <identifiers>
          <gpoId>8073</gpoId>
          <lisID>1184</lisID>
          <bioguideId>V000081</bioguideId>
        </identifiers>
        <sponsorshipDate>2017-03-28</sponsorshipDate>
        <isOriginalCosponsor>False</isOriginalCosponsor>
        <party>D</party>
        <middleName>M.</middleName>
        <firstName>NYDIA</firstName>
        <fullName>Rep. Velazquez, Nydia M. [D-NY-7]</fullName>
        <sponsorshipWithdrawnDate />
      </item>
      <item>
        <district>10</district>
        <lastName>Payne</lastName>
        <bioguideId>P000604</bioguideId>
        <state>NJ</state>
        <identifiers>
          <lisID>2097</lisID>
          <gpoId>8373</gpoId>
          <bioguideId>P000604</bioguideId>
        </identifiers>
        <sponsorshipDate>2017-03-28</sponsorshipDate>
        <isOriginalCosponsor>False</isOriginalCosponsor>
        <party>D</party>
        <middleName>M.</middleName>
        <firstName>Donald</firstName>
        <fullName>Rep. Payne, Donald M., Jr. [D-NJ-10]</fullName>
        <sponsorshipWithdrawnDate />
      </item>
      <item>
        <district>24</district>
        <lastName>Wilson</lastName>
        <bioguideId>W000808</bioguideId>
        <state>FL</state>
        <identifiers>
          <lisID>2004</lisID>
          <bioguideId>W000808</bioguideId>
          <gpoId>7889</gpoId>
        </identifiers>
        <sponsorshipDate>2017-03-29</sponsorshipDate>
        <isOriginalCosponsor>False</isOriginalCosponsor>
        <party>D</party>
        <middleName>S.</middleName>
        <firstName>Frederica</firstName>
        <fullName>Rep. Wilson, Frederica S. [D-FL-24]</fullName>
        <sponsorshipWithdrawnDate />
      </item>
      <item>
        <district>2</district>
        <lastName>Gabbard</lastName>
        <bioguideId>G000571</bioguideId>
        <state>HI</state>
        <identifiers>
          <lisID>2122</lisID>
          <bioguideId>G000571</bioguideId>
          <gpoId />
        </identifiers>
        <sponsorshipDate>2017-03-29</sponsorshipDate>
        <isOriginalCosponsor>False</isOriginalCosponsor>
        <party>D</party>
        <middleName />
        <firstName>Tulsi</firstName>
        <fullName>Rep. Gabbard, Tulsi [D-HI-2]</fullName>
        <sponsorshipWithdrawnDate />
      </item>
      <item>
        <district>4</district>
        <lastName>DEFAZIO</lastName>
        <bioguideId>D000191</bioguideId>
        <state>OR</state>
        <identifiers>
          <lisID>279</lisID>
          <gpoId>8117</gpoId>
          <bioguideId>D000191</bioguideId>
        </identifiers>
        <sponsorshipDate>2017-04-03</sponsorshipDate>
        <isOriginalCosponsor>False</isOriginalCosponsor>
        <party>D</party>
        <middleName>A.</middleName>
        <firstName>PETER</firstName>
        <fullName>Rep. DeFazio, Peter A. [D-OR-4]</fullName>
        <sponsorshipWithdrawnDate />
      </item>
      <item>
        <district>14</district>
        <lastName>Castor</lastName>
        <bioguideId>C001066</bioguideId>
        <state>FL</state>
        <identifiers>
          <gpoId>7883</gpoId>
          <lisID>1839</lisID>
          <bioguideId>C001066</bioguideId>
        </identifiers>
        <sponsorshipDate>2017-04-03</sponsorshipDate>
        <isOriginalCosponsor>False</isOriginalCosponsor>
        <party>D</party>
        <middleName />
        <firstName>Kathy</firstName>
        <fullName>Rep. Castor, Kathy [D-FL-14]</fullName>
        <sponsorshipWithdrawnDate />
      </item>
      <item>
        <district>29</district>
        <lastName>GREEN</lastName>
        <bioguideId>G000410</bioguideId>
        <state>TX</state>
        <identifiers>
          <lisID>462</lisID>
          <bioguideId>G000410</bioguideId>
          <gpoId>8185</gpoId>
        </identifiers>
        <sponsorshipDate>2017-04-03</sponsorshipDate>
        <isOriginalCosponsor>False</isOriginalCosponsor>
        <party>D</party>
        <middleName />
        <firstName>GENE</firstName>
        <fullName>Rep. Green, Gene [D-TX-29]</fullName>
        <sponsorshipWithdrawnDate />
      </item>
      <item>
        <district>4</district>
        <lastName>PRICE</lastName>
        <bioguideId>P000523</bioguideId>
        <state>NC</state>
        <identifiers>
          <lisID>930</lisID>
          <gpoId>8027</gpoId>
          <bioguideId>P000523</bioguideId>
        </identifiers>
        <sponsorshipDate>2017-04-03</sponsorshipDate>
        <isOriginalCosponsor>False</isOriginalCosponsor>
        <party>D</party>
        <middleName>E.</middleName>
        <firstName>DAVID</firstName>
        <fullName>Rep. Price, David E. [D-NC-4]</fullName>
        <sponsorshipWithdrawnDate />
      </item>
      <item>
        <district>1</district>
        <lastName>Cicilline</lastName>
        <bioguideId>C001084</bioguideId>
        <state>RI</state>
        <identifiers>
          <lisID>2055</lisID>
          <gpoId>8139</gpoId>
          <bioguideId>C001084</bioguideId>
        </identifiers>
        <sponsorshipDate>2017-04-03</sponsorshipDate>
        <isOriginalCosponsor>False</isOriginalCosponsor>
        <party>D</party>
        <middleName>N.</middleName>
        <firstName>David</firstName>
        <fullName>Rep. Cicilline, David N. [D-RI-1]</fullName>
        <sponsorshipWithdrawnDate />
      </item>
      <item>
        <district>20</district>
        <lastName>Panetta</lastName>
        <bioguideId>P000613</bioguideId>
        <state>CA</state>
        <identifiers>
          <lisID>2309</lisID>
          <gpoId />
          <bioguideId>P000613</bioguideId>
        </identifiers>
        <sponsorshipDate>2017-04-03</sponsorshipDate>
        <isOriginalCosponsor>False</isOriginalCosponsor>
        <party>D</party>
        <middleName />
        <firstName>Jimmy</firstName>
        <fullName>Rep. Panetta, Jimmy [D-CA-20]</fullName>
        <sponsorshipWithdrawnDate />
      </item>
      <item>
        <district>4</district>
        <lastName>Brown</lastName>
        <bioguideId>B001304</bioguideId>
        <state>MD</state>
        <identifiers>
          <lisID>2331</lisID>
          <bioguideId>B001304</bioguideId>
          <gpoId />
        </identifiers>
        <sponsorshipDate>2017-04-03</sponsorshipDate>
        <isOriginalCosponsor>False</isOriginalCosponsor>
        <party>D</party>
        <middleName>G.</middleName>
        <firstName>Anthony</firstName>
        <fullName>Rep. Brown, Anthony G. [D-MD-4]</fullName>
        <sponsorshipWithdrawnDate />
      </item>
      <item>
        <district>7</district>
        <lastName>Carson</lastName>
        <bioguideId>C001072</bioguideId>
        <state>IN</state>
        <identifiers>
          <lisID>1889</lisID>
          <gpoId>7946</gpoId>
          <bioguideId>C001072</bioguideId>
        </identifiers>
        <sponsorshipDate>2017-04-03</sponsorshipDate>
        <isOriginalCosponsor>False</isOriginalCosponsor>
        <party>D</party>
        <middleName />
        <firstName>Andre</firstName>
        <fullName>Rep. Carson, Andre [D-IN-7]</fullName>
        <sponsorshipWithdrawnDate />
      </item>
      <item>
        <district>3</district>
        <lastName>Sarbanes</lastName>
        <bioguideId>S001168</bioguideId>
        <state>MD</state>
        <identifiers>
          <lisID>1854</lisID>
          <bioguideId>S001168</bioguideId>
          <gpoId>7978</gpoId>
        </identifiers>
        <sponsorshipDate>2017-04-05</sponsorshipDate>
        <isOriginalCosponsor>False</isOriginalCosponsor>
        <party>D</party>
        <middleName>P.</middleName>
        <firstName>John</firstName>
        <fullName>Rep. Sarbanes, John P. [D-MD-3]</fullName>
        <sponsorshipWithdrawnDate />
      </item>
      <item>
        <district>1</district>
        <lastName>Titus</lastName>
        <bioguideId>T000468</bioguideId>
        <state>NV</state>
        <identifiers>
          <lisID>1940</lisID>
          <gpoId>7493</gpoId>
          <bioguideId>T000468</bioguideId>
        </identifiers>
        <sponsorshipDate>2017-04-05</sponsorshipDate>
        <isOriginalCosponsor>False</isOriginalCosponsor>
        <party>D</party>
        <middleName />
        <firstName>Dina</firstName>
        <fullName>Rep. Titus, Dina [D-NV-1]</fullName>
        <sponsorshipWithdrawnDate />
      </item>
      <item>
        <district>6</district>
        <lastName>Meng</lastName>
        <bioguideId>M001188</bioguideId>
        <state>NY</state>
        <identifiers>
          <lisID>2148</lisID>
          <gpoId />
          <bioguideId>M001188</bioguideId>
        </identifiers>
        <sponsorshipDate>2017-04-05</sponsorshipDate>
        <isOriginalCosponsor>False</isOriginalCosponsor>
        <party>D</party>
        <middleName />
        <firstName>Grace</firstName>
        <fullName>Rep. Meng, Grace [D-NY-6]</fullName>
        <sponsorshipWithdrawnDate />
      </item>
      <item>
        <district>46</district>
        <lastName>Correa</lastName>
        <bioguideId>C001110</bioguideId>
        <state>CA</state>
        <identifiers>
          <gpoId />
          <lisID>2312</lisID>
          <bioguideId>C001110</bioguideId>
        </identifiers>
        <sponsorshipDate>2017-04-05</sponsorshipDate>
        <isOriginalCosponsor>False</isOriginalCosponsor>
        <party>D</party>
        <middleName>Luis</middleName>
        <firstName>J.</firstName>
        <fullName>Rep. Correa, J. Luis [D-CA-46]</fullName>
        <sponsorshipWithdrawnDate />
      </item>
      <item>
        <district>1</district>
        <lastName>DEGETTE</lastName>
        <bioguideId>D000197</bioguideId>
        <state>CO</state>
        <identifiers>
          <lisID>1479</lisID>
          <bioguideId>D000197</bioguideId>
          <gpoId>7859</gpoId>
        </identifiers>
        <sponsorshipDate>2017-04-05</sponsorshipDate>
        <isOriginalCosponsor>False</isOriginalCosponsor>
        <party>D</party>
        <middleName />
        <firstName>DIANA</firstName>
        <fullName>Rep. DeGette, Diana [D-CO-1]</fullName>
        <sponsorshipWithdrawnDate />
      </item>
      <item>
        <district>9</district>
        <lastName>McNerney</lastName>
        <bioguideId>M001166</bioguideId>
        <state>CA</state>
        <identifiers>
          <lisID>1832</lisID>
          <gpoId>7816</gpoId>
          <bioguideId>M001166</bioguideId>
        </identifiers>
        <sponsorshipDate>2017-04-05</sponsorshipDate>
        <isOriginalCosponsor>False</isOriginalCosponsor>
        <party>D</party>
        <middleName />
        <firstName>Jerry</firstName>
        <fullName>Rep. McNerney, Jerry [D-CA-9]</fullName>
        <sponsorshipWithdrawnDate />
      </item>
      <item>
        <district>12</district>
        <lastName>Dingell</lastName>
        <bioguideId>D000624</bioguideId>
        <state>MI</state>
        <identifiers>
          <lisID>2251</lisID>
          <gpoId />
          <bioguideId>D000624</bioguideId>
        </identifiers>
        <sponsorshipDate>2017-04-06</sponsorshipDate>
        <isOriginalCosponsor>False</isOriginalCosponsor>
        <party>D</party>
        <middleName />
        <firstName>Debbie</firstName>
        <fullName>Rep. Dingell, Debbie [D-MI-12]</fullName>
        <sponsorshipWithdrawnDate />
      </item>
      <item>
        <district>7</district>
        <lastName>Gallego</lastName>
        <bioguideId>G000574</bioguideId>
        <state>AZ</state>
        <identifiers>
          <lisID>2226</lisID>
          <bioguideId>G000574</bioguideId>
          <gpoId />
        </identifiers>
        <sponsorshipDate>2017-04-06</sponsorshipDate>
        <isOriginalCosponsor>False</isOriginalCosponsor>
        <party>D</party>
        <middleName />
        <firstName>Ruben</firstName>
        <fullName>Rep. Gallego, Ruben [D-AZ-7]</fullName>
        <sponsorshipWithdrawnDate />
      </item>
      <item>
        <district>2</district>
        <lastName>Loebsack</lastName>
        <bioguideId>L000565</bioguideId>
        <state>IA</state>
        <identifiers>
          <gpoId>7915</gpoId>
          <lisID>1846</lisID>
          <bioguideId>L000565</bioguideId>
        </identifiers>
        <sponsorshipDate>2017-04-06</sponsorshipDate>
        <isOriginalCosponsor>False</isOriginalCosponsor>
        <party>D</party>
        <middleName />
        <firstName>David</firstName>
        <fullName>Rep. Loebsack, David [D-IA-2]</fullName>
        <sponsorshipWithdrawnDate />
      </item>
      <item>
        <district>2</district>
        <lastName>Polis</lastName>
        <bioguideId>P000598</bioguideId>
        <state>CO</state>
        <identifiers>
          <lisID>1910</lisID>
          <gpoId>7860</gpoId>
          <bioguideId>P000598</bioguideId>
        </identifiers>
        <sponsorshipDate>2017-04-17</sponsorshipDate>
        <isOriginalCosponsor>False</isOriginalCosponsor>
        <party>D</party>
        <middleName />
        <firstName>Jared</firstName>
        <fullName>Rep. Polis, Jared [D-CO-2]</fullName>
        <sponsorshipWithdrawnDate />
      </item>
      <item>
        <district>0</district>
        <lastName>Sablan</lastName>
        <bioguideId>S001177</bioguideId>
        <state>MP</state>
        <identifiers>
          <lisID>1962</lisID>
          <gpoId>8018</gpoId>
          <bioguideId>S001177</bioguideId>
        </identifiers>
        <sponsorshipDate>2017-04-17</sponsorshipDate>
        <isOriginalCosponsor>False</isOriginalCosponsor>
        <party>D</party>
        <middleName>Kilili Camacho</middleName>
        <firstName>Gregorio</firstName>
        <fullName>Rep. Sablan, Gregorio Kilili Camacho [D-MP-At Large]</fullName>
        <sponsorshipWithdrawnDate />
      </item>
      <item>
        <district>7</district>
        <lastName>Perlmutter</lastName>
        <bioguideId>P000593</bioguideId>
        <state>CO</state>
        <identifiers>
          <lisID>1835</lisID>
          <gpoId>7865</gpoId>
          <bioguideId>P000593</bioguideId>
        </identifiers>
        <sponsorshipDate>2017-04-17</sponsorshipDate>
        <isOriginalCosponsor>False</isOriginalCosponsor>
        <party>D</party>
        <middleName />
        <firstName>Ed</firstName>
        <fullName>Rep. Perlmutter, Ed [D-CO-7]</fullName>
        <sponsorshipWithdrawnDate />
      </item>
      <item>
        <district>15</district>
        <lastName>Gonzalez</lastName>
        <bioguideId>G000581</bioguideId>
        <state>TX</state>
        <identifiers>
          <gpoId />
          <lisID>2349</lisID>
          <bioguideId>G000581</bioguideId>
        </identifiers>
        <sponsorshipDate>2017-04-17</sponsorshipDate>
        <isOriginalCosponsor>False</isOriginalCosponsor>
        <party>D</party>
        <middleName />
        <firstName>Vicente</firstName>
        <fullName>Rep. Gonzalez, Vicente [D-TX-15]</fullName>
        <sponsorshipWithdrawnDate />
      </item>
      <item>
        <district>9</district>
        <lastName>SMITH</lastName>
        <bioguideId>S000510</bioguideId>
        <state>WA</state>
        <identifiers>
          <lisID>1528</lisID>
          <gpoId>8213</gpoId>
          <bioguideId>S000510</bioguideId>
        </identifiers>
        <sponsorshipDate>2017-04-17</sponsorshipDate>
        <isOriginalCosponsor>False</isOriginalCosponsor>
        <party>D</party>
        <middleName />
        <firstName>ADAM</firstName>
        <fullName>Rep. Smith, Adam [D-WA-9]</fullName>
        <sponsorshipWithdrawnDate />
      </item>
      <item>
        <district>38</district>
        <lastName>SANCHEZ</lastName>
        <bioguideId>S001156</bioguideId>
        <state>CA</state>
        <identifiers>
          <lisID>1757</lisID>
          <gpoId>7844</gpoId>
          <bioguideId>S001156</bioguideId>
        </identifiers>
        <sponsorshipDate>2017-04-20</sponsorshipDate>
        <isOriginalCosponsor>False</isOriginalCosponsor>
        <party>D</party>
        <middleName>T.</middleName>
        <firstName>LINDA</firstName>
        <fullName>Rep. Sanchez, Linda T. [D-CA-38]</fullName>
        <sponsorshipWithdrawnDate />
      </item>
      <item>
        <district>13</district>
        <lastName>Boyle</lastName>
        <bioguideId>B001296</bioguideId>
        <state>PA</state>
        <identifiers>
          <lisID>2267</lisID>
          <gpoId />
          <bioguideId>B001296</bioguideId>
        </identifiers>
        <sponsorshipDate>2017-04-25</sponsorshipDate>
        <isOriginalCosponsor>False</isOriginalCosponsor>
        <party>D</party>
        <middleName>F.</middleName>
        <firstName>Brendan</firstName>
        <fullName>Rep. Boyle, Brendan F. [D-PA-13]</fullName>
        <sponsorshipWithdrawnDate />
      </item>
      <item>
        <district>5</district>
        <lastName>Lawson</lastName>
        <bioguideId>L000586</bioguideId>
        <state>FL</state>
        <identifiers>
          <lisID>2317</lisID>
          <gpoId />
          <bioguideId>L000586</bioguideId>
        </identifiers>
        <sponsorshipDate>2017-04-25</sponsorshipDate>
        <isOriginalCosponsor>False</isOriginalCosponsor>
        <party>D</party>
        <middleName />
        <firstName>Al</firstName>
        <fullName>Rep. Lawson, Al, Jr. [D-FL-5]</fullName>
        <sponsorshipWithdrawnDate />
      </item>
      <item>
        <district>15</district>
        <lastName>Swalwell</lastName>
        <bioguideId>S001193</bioguideId>
        <state>CA</state>
        <identifiers>
          <gpoId />
          <lisID>2104</lisID>
          <bioguideId>S001193</bioguideId>
        </identifiers>
        <sponsorshipDate>2017-04-25</sponsorshipDate>
        <isOriginalCosponsor>False</isOriginalCosponsor>
        <party>D</party>
        <middleName />
        <firstName>Eric</firstName>
        <fullName>Rep. Swalwell, Eric [D-CA-15]</fullName>
        <sponsorshipWithdrawnDate />
      </item>
      <item>
        <district>5</district>
        <lastName>COOPER</lastName>
        <bioguideId>C000754</bioguideId>
        <state>TN</state>
        <identifiers>
          <gpoId>8152</gpoId>
          <lisID>231</lisID>
          <bioguideId>C000754</bioguideId>
        </identifiers>
        <sponsorshipDate>2017-04-25</sponsorshipDate>
        <isOriginalCosponsor>False</isOriginalCosponsor>
        <party>D</party>
        <middleName>H.</middleName>
        <firstName>JAMES</firstName>
        <fullName>Rep. Cooper, Jim [D-TN-5]</fullName>
        <sponsorshipWithdrawnDate />
      </item>
      <item>
        <district>5</district>
        <lastName>THOMPSON</lastName>
        <bioguideId>T000460</bioguideId>
        <state>CA</state>
        <identifiers>
          <gpoId>7806</gpoId>
          <lisID>1593</lisID>
          <bioguideId>T000460</bioguideId>
        </identifiers>
        <sponsorshipDate>2017-04-25</sponsorshipDate>
        <isOriginalCosponsor>False</isOriginalCosponsor>
        <party>D</party>
        <middleName />
        <firstName>MIKE</firstName>
        <fullName>Rep. Thompson, Mike [D-CA-5]</fullName>
        <sponsorshipWithdrawnDate />
      </item>
      <item>
        <district>43</district>
        <lastName>WATERS</lastName>
        <bioguideId>W000187</bioguideId>
        <state>CA</state>
        <identifiers>
          <gpoId>7840</gpoId>
          <lisID>1205</lisID>
          <bioguideId>W000187</bioguideId>
        </identifiers>
        <sponsorshipDate>2017-04-28</sponsorshipDate>
        <isOriginalCosponsor>False</isOriginalCosponsor>
        <party>D</party>
        <middleName />
        <firstName>MAXINE</firstName>
        <fullName>Rep. Waters, Maxine [D-CA-43]</fullName>
        <sponsorshipWithdrawnDate />
      </item>
      <item>
        <district>9</district>
        <lastName>Soto</lastName>
        <bioguideId>S001200</bioguideId>
        <state>FL</state>
        <identifiers>
          <gpoId />
          <lisID>2319</lisID>
          <bioguideId>S001200</bioguideId>
        </identifiers>
        <sponsorshipDate>2017-04-28</sponsorshipDate>
        <isOriginalCosponsor>False</isOriginalCosponsor>
        <party>D</party>
        <middleName />
        <firstName>Darren</firstName>
        <fullName>Rep. Soto, Darren [D-FL-9]</fullName>
        <sponsorshipWithdrawnDate />
      </item>
      <item>
        <district>6</district>
        <lastName>Matsui</lastName>
        <bioguideId>M001163</bioguideId>
        <state>CA</state>
        <identifiers>
          <lisID>1814</lisID>
          <bioguideId>M001163</bioguideId>
          <gpoId>7810</gpoId>
        </identifiers>
        <sponsorshipDate>2017-04-28</sponsorshipDate>
        <isOriginalCosponsor>False</isOriginalCosponsor>
        <party>D</party>
        <middleName>O.</middleName>
        <firstName>Doris</firstName>
        <fullName>Rep. Matsui, Doris O. [D-CA-6]</fullName>
        <sponsorshipWithdrawnDate />
      </item>
      <item>
        <district>1</district>
        <lastName>VISCLOSKY</lastName>
        <bioguideId>V000108</bioguideId>
        <state>IN</state>
        <identifiers>
          <lisID>1188</lisID>
          <gpoId>7940</gpoId>
          <bioguideId>V000108</bioguideId>
        </identifiers>
        <sponsorshipDate>2017-04-28</sponsorshipDate>
        <isOriginalCosponsor>False</isOriginalCosponsor>
        <party>D</party>
        <middleName>J.</middleName>
        <firstName>PETER</firstName>
        <fullName>Rep. Visclosky, Peter J. [D-IN-1]</fullName>
        <sponsorshipWithdrawnDate />
      </item>
      <item>
        <district>8</district>
        <lastName>Sires</lastName>
        <bioguideId>S001165</bioguideId>
        <state>NJ</state>
        <identifiers>
          <lisID>1818</lisID>
          <bioguideId>S001165</bioguideId>
          <gpoId>8055</gpoId>
        </identifiers>
        <sponsorshipDate>2017-05-16</sponsorshipDate>
        <isOriginalCosponsor>False</isOriginalCosponsor>
        <party>D</party>
        <middleName />
        <firstName>Albio</firstName>
        <fullName>Rep. Sires, Albio [D-NJ-8]</fullName>
        <sponsorshipWithdrawnDate />
      </item>
      <item>
        <district>22</district>
        <lastName>Deutch</lastName>
        <bioguideId>D000610</bioguideId>
        <state>FL</state>
        <identifiers>
          <lisID>1976</lisID>
          <gpoId>7891</gpoId>
          <bioguideId>D000610</bioguideId>
        </identifiers>
        <sponsorshipDate>2017-05-16</sponsorshipDate>
        <isOriginalCosponsor>False</isOriginalCosponsor>
        <party>D</party>
        <middleName>E.</middleName>
        <firstName>Theodore</firstName>
        <fullName>Rep. Deutch, Theodore E. [D-FL-22]</fullName>
        <sponsorshipWithdrawnDate />
      </item>
      <item>
        <district>14</district>
        <lastName>CROWLEY</lastName>
        <bioguideId>C001038</bioguideId>
        <state>NY</state>
        <identifiers>
          <lisID>1604</lisID>
          <gpoId>8068</gpoId>
          <bioguideId>C001038</bioguideId>
        </identifiers>
        <sponsorshipDate>2017-05-23</sponsorshipDate>
        <isOriginalCosponsor>False</isOriginalCosponsor>
        <party>D</party>
        <middleName />
        <firstName>JOSEPH</firstName>
        <fullName>Rep. Crowley, Joseph [D-NY-14]</fullName>
        <sponsorshipWithdrawnDate />
      </item>
      <item>
        <district>33</district>
        <lastName>Veasey</lastName>
        <bioguideId>V000131</bioguideId>
        <state>TX</state>
        <identifiers>
          <gpoId />
          <lisID>2166</lisID>
          <bioguideId>V000131</bioguideId>
        </identifiers>
        <sponsorshipDate>2017-05-24</sponsorshipDate>
        <isOriginalCosponsor>False</isOriginalCosponsor>
        <party>D</party>
        <middleName>A.</middleName>
        <firstName>Marc</firstName>
        <fullName>Rep. Veasey, Marc A. [D-TX-33]</fullName>
        <sponsorshipWithdrawnDate />
      </item>
      <item>
        <district>28</district>
        <lastName>SCHIFF</lastName>
        <bioguideId>S001150</bioguideId>
        <state>CA</state>
        <identifiers>
          <gpoId>7834</gpoId>
          <lisID>1635</lisID>
          <bioguideId>S001150</bioguideId>
        </identifiers>
        <sponsorshipDate>2017-06-22</sponsorshipDate>
        <isOriginalCosponsor>False</isOriginalCosponsor>
        <party>D</party>
        <middleName>B.</middleName>
        <firstName>ADAM</firstName>
        <fullName>Rep. Schiff, Adam B. [D-CA-28]</fullName>
        <sponsorshipWithdrawnDate />
      </item>
      <item>
        <district>17</district>
        <lastName>LOWEY</lastName>
        <bioguideId>L000480</bioguideId>
        <state>NY</state>
        <identifiers>
          <gpoId>8079</gpoId>
          <lisID>709</lisID>
          <bioguideId>L000480</bioguideId>
        </identifiers>
        <sponsorshipDate>2017-07-12</sponsorshipDate>
        <isOriginalCosponsor>False</isOriginalCosponsor>
        <party>D</party>
        <middleName>M.</middleName>
        <firstName>NITA</firstName>
        <fullName>Rep. Lowey, Nita M. [D-NY-17]</fullName>
        <sponsorshipWithdrawnDate />
      </item>
      <item>
        <district>2</district>
        <lastName>BISHOP</lastName>
        <bioguideId>B000490</bioguideId>
        <state>GA</state>
        <identifiers>
          <lisID>91</lisID>
          <bioguideId>B000490</bioguideId>
          <gpoId>7899</gpoId>
        </identifiers>
        <sponsorshipDate>2017-07-17</sponsorshipDate>
        <isOriginalCosponsor>False</isOriginalCosponsor>
        <party>D</party>
        <middleName>D.</middleName>
        <firstName>SANFORD</firstName>
        <fullName>Rep. Bishop, Sanford D., Jr. [D-GA-2]</fullName>
        <sponsorshipWithdrawnDate />
      </item>
      <item>
        <district>34</district>
        <lastName>Gomez</lastName>
        <bioguideId>G000585</bioguideId>
        <state>CA</state>
        <identifiers>
          <lisID>2362</lisID>
          <gpoId />
          <bioguideId>G000585</bioguideId>
        </identifiers>
        <sponsorshipDate>2017-07-28</sponsorshipDate>
        <isOriginalCosponsor>False</isOriginalCosponsor>
        <party>D</party>
        <middleName />
        <firstName>Jimmy</firstName>
        <fullName>Rep. Gomez, Jimmy [D-CA-34]</fullName>
        <sponsorshipWithdrawnDate />
      </item>
      <item>
        <district>30</district>
        <lastName>SHERMAN</lastName>
        <bioguideId>S000344</bioguideId>
        <state>CA</state>
        <identifiers>
          <lisID>1526</lisID>
          <gpoId>7832</gpoId>
          <bioguideId>S000344</bioguideId>
        </identifiers>
        <sponsorshipDate>2017-08-18</sponsorshipDate>
        <isOriginalCosponsor>False</isOriginalCosponsor>
        <party>D</party>
        <middleName />
        <firstName>BRAD</firstName>
        <fullName>Rep. Sherman, Brad [D-CA-30]</fullName>
        <sponsorshipWithdrawnDate />
      </item>
      <item>
        <district>34</district>
        <lastName>Vela</lastName>
        <bioguideId>V000132</bioguideId>
        <state>TX</state>
        <identifiers>
          <lisID>2167</lisID>
          <gpoId />
          <bioguideId>V000132</bioguideId>
        </identifiers>
        <sponsorshipDate>2017-09-13</sponsorshipDate>
        <isOriginalCosponsor>False</isOriginalCosponsor>
        <party>D</party>
        <middleName />
        <firstName>Filemon</firstName>
        <fullName>Rep. Vela, Filemon [D-TX-34]</fullName>
        <sponsorshipWithdrawnDate />
      </item>
      <item>
        <district>2</district>
        <lastName>LANGEVIN</lastName>
        <bioguideId>L000559</bioguideId>
        <state>RI</state>
        <identifiers>
          <lisID>1668</lisID>
          <gpoId>8140</gpoId>
          <bioguideId>L000559</bioguideId>
        </identifiers>
        <sponsorshipDate>2017-09-14</sponsorshipDate>
        <isOriginalCosponsor>False</isOriginalCosponsor>
        <party>D</party>
        <middleName>R.</middleName>
        <firstName>JAMES</firstName>
        <fullName>Rep. Langevin, James R. [D-RI-2]</fullName>
        <sponsorshipWithdrawnDate />
      </item>
      <item>
        <district>8</district>
        <lastName>Beyer</lastName>
        <bioguideId>B001292</bioguideId>
        <state>VA</state>
        <identifiers>
          <lisID>2272</lisID>
          <gpoId />
          <bioguideId>B001292</bioguideId>
        </identifiers>
        <sponsorshipDate>2017-09-26</sponsorshipDate>
        <isOriginalCosponsor>False</isOriginalCosponsor>
        <party>D</party>
        <middleName>S.</middleName>
        <firstName>Donald</firstName>
        <fullName>Rep. Beyer, Donald S., Jr. [D-VA-8]</fullName>
        <sponsorshipWithdrawnDate />
      </item>
      <item>
        <district>21</district>
        <lastName>Frankel</lastName>
        <bioguideId>F000462</bioguideId>
        <state>FL</state>
        <identifiers>
          <lisID>2119</lisID>
          <gpoId />
          <bioguideId>F000462</bioguideId>
        </identifiers>
        <sponsorshipDate>2018-02-14</sponsorshipDate>
        <isOriginalCosponsor>False</isOriginalCosponsor>
        <party>D</party>
        <middleName />
        <firstName>Lois</firstName>
        <fullName>Rep. Frankel, Lois [D-FL-21]</fullName>
        <sponsorshipWithdrawnDate />
      </item>
    </cosponsors>
    <summaries>
      <billSummaries>
        <item>
          <actionDate>2017-01-24</actionDate>
          <lastSummaryUpdateDate>2017-02-03T22:38:55Z</lastSummaryUpdateDate>
          <updateDate>2017-01-24T05:00:00Z</updateDate>
          <name>Introduced in House</name>
          <text><![CDATA[<p><b>Expanded &amp; Improved Medicare for All Act</b></p> <p>This bill establishes the Medicare for All Program to provide all individuals residing in the United States and U.S. territories with free health care that includes all medically necessary care, such as primary care and prevention, dietary and nutritional therapies, prescription drugs, emergency care, long-term care, mental health services, dental services, and vision care.</p> <p>Only public or nonprofit institutions may participate. Nonprofit health maintenance organizations (HMOs) that deliver care in their own facilities may participate. </p> <p>Patients may choose from participating physicians and institutions. </p> <p>Health insurers may not sell health insurance that duplicates the benefits provided under this bill. Insurers may sell benefits that are not medically necessary, such as cosmetic surgery benefits. </p> <p>The bill sets forth methods to pay institutional providers and health professionals for services. Financial incentives between HMOs and physicians based on utilization are prohibited. </p> <p>The program is funded: (1) from existing sources of government revenues for health care, (2) by increasing personal income taxes on the top 5% of income earners, (3) by instituting a progressive excise tax on payroll and self-employment income, (4) by instituting a tax on unearned income, and (5) by instituting a tax on stock and bond transactions. Amounts that would have been appropriated for federal public health care programs, including Medicare, Medicaid, and the Children's Health Insurance Program (CHIP), are transferred and appropriated to carry out this bill.</p> <p>The program must give employment transition benefits and first priority in retraining and job placement to individuals whose jobs are eliminated due to reduced clerical and administrative work under this bill. </p> <p>The Department of Health and Human Services must create a confidential electronic patient record system.</p> <p>The bill establishes a National Board of Universal Quality and Access to provide advice on quality, access, and affordability. </p> <p>The Indian Health Service must be integrated into the program after five years. Congress must evaluate the continued independence of Department of Veterans Affairs health programs.</p>]]></text>
          <versionCode>00</versionCode>
          <actionDesc>Introduced in House</actionDesc>
        </item>
      </billSummaries>
    </summaries>
    <sponsors>
      <item>
        <district>13</district>
        <bioguideId>C000714</bioguideId>
        <party>D</party>
        <fullName>Rep. Conyers, John, Jr. [D-MI-13]</fullName>
        <firstName>JOHN</firstName>
        <byRequestType />
        <lastName>CONYERS</lastName>
        <identifiers>
          <lisID>229</lisID>
          <bioguideId>C000714</bioguideId>
          <gpoId>7999</gpoId>
        </identifiers>
        <middleName />
        <state>MI</state>
      </item>
    </sponsors>
    <committeeReports />
    <cboCostEstimates />
    <updateDate>2018-02-19T03:11:21Z</updateDate>
    <title>Expanded &amp; Improved Medicare For All Act</title>
    <originChamber>House</originChamber>
    <latestAction>
      <actionDate>2017-02-10</actionDate>
      <text>Referred to the Subcommittee on Indian, Insular and Alaska Native Affairs.</text>
      <links />
    </latestAction>
    <version>1.0.0</version>
    <relatedBills />
    <actions>
      <actionByCounts>
        <houseOfRepresentatives>8</houseOfRepresentatives>
      </actionByCounts>
      <item>
        <actionDate>2017-02-10</actionDate>
        <committee>
          <systemCode>hsii24</systemCode>
          <name>Indian, Insular and Alaska Native Affairs Subcommittee</name>
        </committee>
        <links />
        <sourceSystem>
          <code>1</code>
          <name>House committee actions</name>
        </sourceSystem>
        <text>Referred to the Subcommittee on Indian, Insular and Alaska Native Affairs.</text>
        <type>Committee</type>
      </item>
      <item>
        <actionDate>2017-02-07</actionDate>
        <committee>
          <systemCode>hswm02</systemCode>
          <name>Health Subcommittee</name>
        </committee>
        <links />
        <sourceSystem>
          <code>1</code>
          <name>House committee actions</name>
        </sourceSystem>
        <text>Referred to the Subcommittee on Health.</text>
        <type>Committee</type>
      </item>
      <item>
        <sourceSystem>
          <code>2</code>
          <name>House floor actions</name>
        </sourceSystem>
        <type>IntroReferral</type>
        <links />
        <actionDate>2017-01-24</actionDate>
        <committee>
          <systemCode>hsii00</systemCode>
          <name>Natural Resources Committee</name>
        </committee>
        <actionCode>H11100</actionCode>
        <text>Referred to House Natural Resources</text>
      </item>
      <item>
        <sourceSystem>
          <code>2</code>
          <name>House floor actions</name>
        </sourceSystem>
        <type>IntroReferral</type>
        <links />
        <actionDate>2017-01-24</actionDate>
        <committee>
          <systemCode>hswm00</systemCode>
          <name>Ways and Means Committee</name>
        </committee>
        <actionCode>H11100</actionCode>
        <text>Referred to House Ways and Means</text>
      </item>
      <item>
        <sourceSystem>
          <code>2</code>
          <name>House floor actions</name>
        </sourceSystem>
        <type>IntroReferral</type>
        <links />
        <actionDate>2017-01-24</actionDate>
        <committee>
          <systemCode>hsif00</systemCode>
          <name>Energy and Commerce Committee</name>
        </committee>
        <actionCode>H11100</actionCode>
        <text>Referred to House Energy and Commerce</text>
      </item>
      <item>
        <sourceSystem>
          <code>9</code>
          <name>Library of Congress</name>
        </sourceSystem>
        <type>IntroReferral</type>
        <links />
        <actionDate>2017-01-24</actionDate>
        <committee />
        <actionCode>H11100-A</actionCode>
        <text>Referred to the Committee on Energy and Commerce, and in addition to the Committees on Ways and Means, and Natural Resources, for a period to be subsequently determined by the Speaker, in each case for consideration of such provisions as fall within the jurisdiction of the committee concerned.</text>
      </item>
      <item>
        <sourceSystem>
          <code>9</code>
          <name>Library of Congress</name>
        </sourceSystem>
        <type>IntroReferral</type>
        <links />
        <actionDate>2017-01-24</actionDate>
        <committee />
        <actionCode>Intro-H</actionCode>
        <text>Introduced in House</text>
      </item>
      <item>
        <sourceSystem>
          <code>9</code>
          <name>Library of Congress</name>
        </sourceSystem>
        <type>IntroReferral</type>
        <links />
        <actionDate>2017-01-24</actionDate>
        <committee />
        <actionCode>1000</actionCode>
        <text>Introduced in House</text>
      </item>
      <actionTypeCounts>
        <introducedInHouse>1</introducedInHouse>
        <introducedInTheHouse>1</introducedInTheHouse>
        <billReferralsAggregate>1</billReferralsAggregate>
        <placeholderTextForH>2</placeholderTextForH>
        <billReferrals>3</billReferrals>
      </actionTypeCounts>
    </actions>
    <billType>HR</billType>
    <subjects>
      <billSubjects>
        <policyArea>
          <name>Health</name>
        </policyArea>
        <legislativeSubjects>
          <item>
            <name>Advisory bodies</name>
          </item>
          <item>
            <name>Appropriations</name>
          </item>
          <item>
            <name>Child health</name>
          </item>
          <item>
            <name>Comprehensive health care</name>
          </item>
          <item>
            <name>Department of Health and Human Services</name>
          </item>
          <item>
            <name>Employment and training programs</name>
          </item>
          <item>
            <name>Employment taxes</name>
          </item>
          <item>
            <name>Executive agency funding and structure</name>
          </item>
          <item>
            <name>Government studies and investigations</name>
          </item>
          <item>
            <name>Government trust funds</name>
          </item>
          <item>
            <name>Health care costs and insurance</name>
          </item>
          <item>
            <name>Health care coverage and access</name>
          </item>
          <item>
            <name>Health care quality</name>
          </item>
          <item>
            <name>Health information and medical records</name>
          </item>
          <item>
            <name>Health personnel</name>
          </item>
          <item>
            <name>Health programs administration and funding</name>
          </item>
          <item>
            <name>Health promotion and preventive care</name>
          </item>
          <item>
            <name>Income tax rates</name>
          </item>
          <item>
            <name>Indian social and development programs</name>
          </item>
          <item>
            <name>Long-term, rehabilitative, and terminal care</name>
          </item>
          <item>
            <name>Medical ethics</name>
          </item>
          <item>
            <name>Medicare</name>
          </item>
          <item>
            <name>Mental health</name>
          </item>
          <item>
            <name>Minority health</name>
          </item>
          <item>
            <name>Poverty and welfare assistance</name>
          </item>
          <item>
            <name>Prescription drugs</name>
          </item>
          <item>
            <name>Right of privacy</name>
          </item>
          <item>
            <name>Sales and excise taxes</name>
          </item>
          <item>
            <name>Securities</name>
          </item>
          <item>
            <name>State and local finance</name>
          </item>
          <item>
            <name>Veterans' medical care</name>
          </item>
        </legislativeSubjects>
      </billSubjects>
    </subjects>
    <recordedVotes />
    <createDate>2017-01-25T04:45:56Z</createDate>
    <laws />
    <amendments />
    <billNumber>676</billNumber>
    <committees>
      <billCommittees>
        <item>
          <chamber>House</chamber>
          <systemCode>hsii00</systemCode>
          <type>Standing</type>
          <subcommittees>
            <item>
              <activities>
                <item>
                  <date>2017-02-10T16:57:46Z</date>
                  <name>Referred to</name>
                </item>
              </activities>
              <systemCode>hsii24</systemCode>
              <name>Indian, Insular and Alaska Native Affairs Subcommittee</name>
            </item>
          </subcommittees>
          <activities>
            <item>
              <date>2017-01-24T15:09:20Z</date>
              <name>Referred to</name>
            </item>
          </activities>
          <name>Natural Resources Committee</name>
        </item>
        <item>
          <chamber>House</chamber>
          <systemCode>hswm00</systemCode>
          <type>Standing</type>
          <subcommittees>
            <item>
              <activities>
                <item>
                  <date>2017-02-07T22:07:31Z</date>
                  <name>Referred to</name>
                </item>
              </activities>
              <systemCode>hswm02</systemCode>
              <name>Health Subcommittee</name>
            </item>
          </subcommittees>
          <activities>
            <item>
              <date>2017-01-24T15:09:15Z</date>
              <name>Referred to</name>
            </item>
          </activities>
          <name>Ways and Means Committee</name>
        </item>
        <item>
          <chamber>House</chamber>
          <systemCode>hsif00</systemCode>
          <type>Standing</type>
          <subcommittees />
          <activities>
            <item>
              <date>2017-01-24T15:09:10Z</date>
              <name>Referred to</name>
            </item>
          </activities>
          <name>Energy and Commerce Committee</name>
        </item>
      </billCommittees>
    </committees>
    <titles>
      <item>
        <chamberName />
        <title>Expanded &amp; Improved Medicare For All Act</title>
        <parentTitleType />
        <titleType>(Extracted from GPO) Short Titles as Introduced</titleType>
        <chamberCode />
      </item>
      <item>
        <chamberName />
        <title>Expanded &amp; Improved Medicare For All Act</title>
        <parentTitleType />
        <titleType>Short Titles as Introduced</titleType>
        <chamberCode />
      </item>
      <item>
        <chamberName />
        <title>To provide for comprehensive health insurance coverage for all United States residents, improved health care delivery, and for other purposes.</title>
        <parentTitleType />
        <titleType>Official Title as Introduced</titleType>
        <chamberCode />
      </item>
      <item>
        <chamberName />
        <title>Expanded &amp; Improved Medicare For All Act</title>
        <parentTitleType />
        <titleType>Display Title</titleType>
        <chamberCode />
      </item>
    </titles>
    <introducedDate>2017-01-24</introducedDate>
    <constitutionalAuthorityStatementText><![CDATA[<pre>From the Congressional Record Online through the Government Publishing Office [<a href='http://www.gpo.gov'>www.gpo.gov</a>]By Mr. CONYERS:H.R. 676.Congress has the power to enact this legislation pursuantto the following:Article I, Section 8[Page H688]</pre>]]></constitutionalAuthorityStatementText>
    <calendarNumbers />
    <congress>115</congress>
    <policyArea>
      <name>Health</name>
    </policyArea>
    <notes />
  </bill>
  <dublinCore xmlns:dc="http://purl.org/dc/elements/1.1/">
    <dc:format>text/xml</dc:format>
    <dc:language>EN</dc:language>
    <dc:rights>Pursuant to Title 17 Section 105 of the United States Code, this file is not subject to copyright protection and is in the public domain.</dc:rights>
    <dc:contributor>Congressional Research Service, Library of Congress</dc:contributor>
    <dc:description>This file contains bill summaries and statuses for federal legislation. A bill summary describes the most significant provisions of a piece of legislation and details the effects the legislative text may have on current law and federal programs. Bill summaries are authored by the Congressional Research Service (CRS) of the Library of Congress. As stated in Public Law 91-510 (2 USC 166 (d)(6)), one of the duties of CRS is "to prepare summaries and digests of bills and resolutions of a public general nature introduced in the Senate or House of Representatives". For more information, refer to the User Guide that accompanies this file.</dc:description>
  </dublinCore>
</billStatus>

