<?xml version="1.0" encoding="UTF-8"?>
<billStatus>
  <bill>
    <policyArea>
      <name>Government Operations and Politics</name>
    </policyArea>
    <introducedDate>2017-01-13</introducedDate>
    <cosponsors />
    <titles>
      <item>
        <titleType>(Extracted from GPO) Short Titles as Introduced</titleType>
        <parentTitleType />
        <chamberName />
        <title>Budget Process Accountability Act</title>
        <chamberCode />
      </item>
      <item>
        <titleType>Short Titles as Introduced</titleType>
        <parentTitleType />
        <chamberName />
        <title>Budget Process Accountability Act</title>
        <chamberCode />
      </item>
      <item>
        <titleType>Official Title as Introduced</titleType>
        <parentTitleType />
        <chamberName />
        <title>To amend the Internal Revenue Code of 1986 to provide an exemption to the individual mandate to maintain health coverage for individuals residing in counties with fewer than 2 health insurance issuers offering plans on an Exchange; to require Members of Congress and congressional staff to abide by the Patient Protection and Affordable Care Act with respect to health insurance coverage; and for other purposes.</title>
        <chamberCode />
      </item>
      <item>
        <titleType>Display Title</titleType>
        <parentTitleType />
        <chamberName />
        <title>Budget Process Accountability Act</title>
        <chamberCode />
      </item>
    </titles>
    <congress>115</congress>
    <recordedVotes />
    <amendments />
    <laws />
    <cboCostEstimates />
    <actions>
      <item>
        <actionDate>2017-01-25</actionDate>
        <committee>
          <systemCode>hsif14</systemCode>
          <name>Health Subcommittee</name>
        </committee>
        <links />
        <sourceSystem>
          <code>1</code>
          <name>House committee actions</name>
        </sourceSystem>
        <text>Referred to the Subcommittee on Health.</text>
        <type>Committee</type>
      </item>
      <item>
        <committee>
          <systemCode>hsgo00</systemCode>
          <name>Oversight and Government Reform Committee</name>
        </committee>
        <sourceSystem>
          <code>2</code>
          <name>House floor actions</name>
        </sourceSystem>
        <actionDate>2017-01-13</actionDate>
        <text>Referred to House Oversight and Government Reform</text>
        <links />
        <type>IntroReferral</type>
        <actionCode>H11100</actionCode>
      </item>
      <item>
        <committee>
          <systemCode>hsha00</systemCode>
          <name>House Administration Committee</name>
        </committee>
        <sourceSystem>
          <code>2</code>
          <name>House floor actions</name>
        </sourceSystem>
        <actionDate>2017-01-13</actionDate>
        <text>Referred to House Administration</text>
        <links />
        <type>IntroReferral</type>
        <actionCode>H11100</actionCode>
      </item>
      <item>
        <committee>
          <systemCode>hsif00</systemCode>
          <name>Energy and Commerce Committee</name>
        </committee>
        <sourceSystem>
          <code>2</code>
          <name>House floor actions</name>
        </sourceSystem>
        <actionDate>2017-01-13</actionDate>
        <text>Referred to House Energy and Commerce</text>
        <links />
        <type>IntroReferral</type>
        <actionCode>H11100</actionCode>
      </item>
      <item>
        <committee>
          <systemCode>hswm00</systemCode>
          <name>Ways and Means Committee</name>
        </committee>
        <sourceSystem>
          <code>2</code>
          <name>House floor actions</name>
        </sourceSystem>
        <actionDate>2017-01-13</actionDate>
        <text>Referred to House Ways and Means</text>
        <links />
        <type>IntroReferral</type>
        <actionCode>H11100</actionCode>
      </item>
      <item>
        <committee />
        <sourceSystem>
          <code>9</code>
          <name>Library of Congress</name>
        </sourceSystem>
        <actionDate>2017-01-13</actionDate>
        <text>Referred to the Committee on Ways and Means, and in addition to the Committees on Energy and Commerce, House Administration, and Oversight and Government Reform, for a period to be subsequently determined by the Speaker, in each case for consideration of such provisions as fall within the jurisdiction of the committee concerned.</text>
        <links />
        <type>IntroReferral</type>
        <actionCode>H11100-A</actionCode>
      </item>
      <item>
        <committee />
        <sourceSystem>
          <code>9</code>
          <name>Library of Congress</name>
        </sourceSystem>
        <actionDate>2017-01-13</actionDate>
        <text>Introduced in House</text>
        <links />
        <type>IntroReferral</type>
        <actionCode>Intro-H</actionCode>
      </item>
      <item>
        <committee />
        <sourceSystem>
          <code>9</code>
          <name>Library of Congress</name>
        </sourceSystem>
        <actionDate>2017-01-13</actionDate>
        <text>Introduced in House</text>
        <links />
        <type>IntroReferral</type>
        <actionCode>1000</actionCode>
      </item>
      <actionByCounts>
        <houseOfRepresentatives>8</houseOfRepresentatives>
      </actionByCounts>
      <actionTypeCounts>
        <billReferrals>4</billReferrals>
        <placeholderTextForH>1</placeholderTextForH>
        <introducedInTheHouse>1</introducedInTheHouse>
        <introducedInHouse>1</introducedInHouse>
        <billReferralsAggregate>1</billReferralsAggregate>
      </actionTypeCounts>
    </actions>
    <updateDate>2018-02-06T16:40:53Z</updateDate>
    <summaries>
      <billSummaries>
        <item>
          <text><![CDATA[<p><strong></strong><b>Budget Process Accountability Act</b></p> This bill amends the Internal Revenue Code to exempt individuals from the requirement to maintain minimum essential health care coverage if they reside in a county where fewer than two health insurers offer insurance on the health insurance exchange. <p>This bill amends the Patient Protection and Affordable Care Act to extend the requirement for participation in a health insurance exchange to the President, Vice President, executive branch political appointees, and employees of congressional committees and leadership offices of Congress. Currently, this requirement applies to Members of Congress and their staff.</p> <p>The government is prohibited from contributing to or subsidizing the health insurance coverage of officials and employees subject to this requirement.</p> <p> <p><BR> </p>]]></text>
          <versionCode>00</versionCode>
          <actionDate>2017-01-13</actionDate>
          <name>Introduced in House</name>
          <actionDesc>Introduced in House</actionDesc>
          <lastSummaryUpdateDate>2017-01-27T14:50:06Z</lastSummaryUpdateDate>
          <updateDate>2017-01-13T05:00:00Z</updateDate>
        </item>
      </billSummaries>
    </summaries>
    <title>Budget Process Accountability Act</title>
    <calendarNumbers />
    <originChamber>House</originChamber>
    <constitutionalAuthorityStatementText><![CDATA[<pre>From the Congressional Record Online through the Government Publishing Office [<a href='http://www.gpo.gov'>www.gpo.gov</a>]By Mr. BIGGS:H.R. 537.Congress has the power to enact this legislation pursuantto the following:Article I, Section 8 enumerated powers[Page H547]</pre>]]></constitutionalAuthorityStatementText>
    <notes />
    <billType>HR</billType>
    <committees>
      <billCommittees>
        <item>
          <name>Energy and Commerce Committee</name>
          <chamber>House</chamber>
          <type>Standing</type>
          <subcommittees>
            <item>
              <name>Health Subcommittee</name>
              <systemCode>hsif14</systemCode>
              <activities>
                <item>
                  <name>Referred to</name>
                  <date>2017-01-25T14:40:21Z</date>
                </item>
              </activities>
            </item>
          </subcommittees>
          <systemCode>hsif00</systemCode>
          <activities>
            <item>
              <name>Referred to</name>
              <date>2017-01-13T14:07:35Z</date>
            </item>
          </activities>
        </item>
        <item>
          <name>Oversight and Government Reform Committee</name>
          <chamber>House</chamber>
          <type>Standing</type>
          <subcommittees />
          <systemCode>hsgo00</systemCode>
          <activities>
            <item>
              <name>Referred to</name>
              <date>2017-01-13T14:07:45Z</date>
            </item>
          </activities>
        </item>
        <item>
          <name>House Administration Committee</name>
          <chamber>House</chamber>
          <type>Standing</type>
          <subcommittees />
          <systemCode>hsha00</systemCode>
          <activities>
            <item>
              <name>Referred to</name>
              <date>2017-01-13T14:07:40Z</date>
            </item>
          </activities>
        </item>
        <item>
          <name>Ways and Means Committee</name>
          <chamber>House</chamber>
          <type>Standing</type>
          <subcommittees />
          <systemCode>hswm00</systemCode>
          <activities>
            <item>
              <name>Referred to</name>
              <date>2017-01-13T14:07:30Z</date>
            </item>
          </activities>
        </item>
      </billCommittees>
    </committees>
    <latestAction>
      <text>Referred to the Subcommittee on Health.</text>
      <actionDate>2017-01-25</actionDate>
      <links />
    </latestAction>
    <committeeReports />
    <billNumber>537</billNumber>
    <sponsors>
      <item>
        <byRequestType />
        <state>AZ</state>
        <bioguideId>B001302</bioguideId>
        <identifiers>
          <bioguideId>B001302</bioguideId>
          <lisID>2307</lisID>
          <gpoId />
        </identifiers>
        <fullName>Rep. Biggs, Andy [R-AZ-5]</fullName>
        <district>5</district>
        <lastName>Biggs</lastName>
        <firstName>Andy</firstName>
        <middleName />
        <party>R</party>
      </item>
    </sponsors>
    <subjects>
      <billSubjects>
        <policyArea>
          <name>Government Operations and Politics</name>
        </policyArea>
        <legislativeSubjects>
          <item>
            <name>Congressional committees</name>
          </item>
          <item>
            <name>Congressional leadership</name>
          </item>
          <item>
            <name>Congressional officers and employees</name>
          </item>
          <item>
            <name>Federal officials</name>
          </item>
          <item>
            <name>Government employee pay, benefits, personnel management</name>
          </item>
          <item>
            <name>Health care costs and insurance</name>
          </item>
          <item>
            <name>Health care coverage and access</name>
          </item>
          <item>
            <name>Presidents and presidential powers, Vice Presidents</name>
          </item>
          <item>
            <name>Sales and excise taxes</name>
          </item>
        </legislativeSubjects>
      </billSubjects>
    </subjects>
    <createDate>2017-01-14T04:47:32Z</createDate>
    <version>1.0.0</version>
    <relatedBills>
      <item>
        <type>HR</type>
        <latestAction>
          <text>Referred to the House Committee on Ways and Means.</text>
          <actionDate>2017-01-13</actionDate>
        </latestAction>
        <latestTitle>Protection from Insurance Exchange Monopolies Act</latestTitle>
        <relationshipDetails>
          <item>
            <type>Related bill</type>
            <identifiedBy>CRS</identifiedBy>
          </item>
        </relationshipDetails>
        <congress>115</congress>
        <number>521</number>
      </item>
      <item>
        <type>HR</type>
        <latestAction>
          <text>Referred to the Subcommittee on Health.</text>
          <actionDate>2017-01-31</actionDate>
        </latestAction>
        <latestTitle>No Exemption for Washington from Obamacare Act</latestTitle>
        <relationshipDetails>
          <item>
            <type>Related bill</type>
            <identifiedBy>CRS</identifiedBy>
          </item>
        </relationshipDetails>
        <congress>115</congress>
        <number>499</number>
      </item>
    </relatedBills>
  </bill>
  <dublinCore xmlns:dc="http://purl.org/dc/elements/1.1/">
    <dc:format>text/xml</dc:format>
    <dc:language>EN</dc:language>
    <dc:rights>Pursuant to Title 17 Section 105 of the United States Code, this file is not subject to copyright protection and is in the public domain.</dc:rights>
    <dc:contributor>Congressional Research Service, Library of Congress</dc:contributor>
    <dc:description>This file contains bill summaries and statuses for federal legislation. A bill summary describes the most significant provisions of a piece of legislation and details the effects the legislative text may have on current law and federal programs. Bill summaries are authored by the Congressional Research Service (CRS) of the Library of Congress. As stated in Public Law 91-510 (2 USC 166 (d)(6)), one of the duties of CRS is "to prepare summaries and digests of bills and resolutions of a public general nature introduced in the Senate or House of Representatives". For more information, refer to the User Guide that accompanies this file.</dc:description>
  </dublinCore>
</billStatus>

