<?xml version="1.0" encoding="UTF-8"?>
<billStatus>
  <bill>
    <sponsors>
      <item>
        <fullName>Rep. Cramer, Kevin [R-ND-At Large]</fullName>
        <lastName>Cramer</lastName>
        <bioguideId>C001096</bioguideId>
        <party>R</party>
        <middleName />
        <state>ND</state>
        <firstName>Kevin</firstName>
        <district>0</district>
        <byRequestType />
        <identifiers>
          <lisID>2144</lisID>
          <gpoId />
          <bioguideId>C001096</bioguideId>
        </identifiers>
      </item>
    </sponsors>
    <laws />
    <version>1.0.0</version>
    <introducedDate>2017-01-13</introducedDate>
    <cboCostEstimates />
    <titles>
      <item>
        <titleType>(Extracted from GPO) Short Titles as Introduced</titleType>
        <title>United States Commission on the Organization of Petroleum Exporting Countries Act of 2017</title>
        <chamberCode />
        <parentTitleType />
        <chamberName />
      </item>
      <item>
        <titleType>Short Titles as Introduced</titleType>
        <title>United States Commission on the Organization of Petroleum Exporting Countries Act of 2017</title>
        <chamberCode />
        <parentTitleType />
        <chamberName />
      </item>
      <item>
        <titleType>Official Title as Introduced</titleType>
        <title>To establish the United States Commission on the Organization of Petroleum Exporting Countries, and for other purposes.</title>
        <chamberCode />
        <parentTitleType />
        <chamberName />
      </item>
      <item>
        <titleType>Display Title</titleType>
        <title>United States Commission on the Organization of Petroleum Exporting Countries Act of 2017</title>
        <chamberCode />
        <parentTitleType />
        <chamberName />
      </item>
    </titles>
    <amendments />
    <recordedVotes />
    <relatedBills />
    <constitutionalAuthorityStatementText><![CDATA[<pre>From the Congressional Record Online through the Government Publishing Office [<a href='http://www.gpo.gov'>www.gpo.gov</a>]By Mr. CRAMER:H.R. 545.Congress has the power to enact this legislation pursuantto the following:The constitutional authority on which this bill rests isthe power of Congress to regulate Commerce with foreignNations in Article I, Section 8 of the United StatesConstitution, specifically Clause 3.[Page H547]</pre>]]></constitutionalAuthorityStatementText>
    <billType>HR</billType>
    <actions>
      <actionTypeCounts>
        <introducedInHouse>1</introducedInHouse>
        <introducedInTheHouse>1</introducedInTheHouse>
        <billReferrals>2</billReferrals>
        <billReferralsAggregate>1</billReferralsAggregate>
      </actionTypeCounts>
      <item>
        <type>IntroReferral</type>
        <text>Referred to House Foreign Affairs</text>
        <links />
        <committee>
          <systemCode>hsfa00</systemCode>
          <name>Foreign Affairs Committee</name>
        </committee>
        <sourceSystem>
          <code>2</code>
          <name>House floor actions</name>
        </sourceSystem>
        <actionDate>2017-01-13</actionDate>
        <actionCode>H11100</actionCode>
      </item>
      <item>
        <type>IntroReferral</type>
        <text>Referred to House Energy and Commerce</text>
        <links />
        <committee>
          <systemCode>hsif00</systemCode>
          <name>Energy and Commerce Committee</name>
        </committee>
        <sourceSystem>
          <code>2</code>
          <name>House floor actions</name>
        </sourceSystem>
        <actionDate>2017-01-13</actionDate>
        <actionCode>H11100</actionCode>
      </item>
      <item>
        <type>IntroReferral</type>
        <text>Referred to the Committee on Energy and Commerce, and in addition to the Committee on Foreign Affairs, for a period to be subsequently determined by the Speaker, in each case for consideration of such provisions as fall within the jurisdiction of the committee concerned.</text>
        <links />
        <committee />
        <sourceSystem>
          <code>9</code>
          <name>Library of Congress</name>
        </sourceSystem>
        <actionDate>2017-01-13</actionDate>
        <actionCode>H11100-A</actionCode>
      </item>
      <item>
        <type>IntroReferral</type>
        <text>Introduced in House</text>
        <links />
        <committee />
        <sourceSystem>
          <code>9</code>
          <name>Library of Congress</name>
        </sourceSystem>
        <actionDate>2017-01-13</actionDate>
        <actionCode>Intro-H</actionCode>
      </item>
      <item>
        <type>IntroReferral</type>
        <text>Introduced in House</text>
        <links />
        <committee />
        <sourceSystem>
          <code>9</code>
          <name>Library of Congress</name>
        </sourceSystem>
        <actionDate>2017-01-13</actionDate>
        <actionCode>1000</actionCode>
      </item>
      <actionByCounts>
        <houseOfRepresentatives>5</houseOfRepresentatives>
      </actionByCounts>
    </actions>
    <notes />
    <originChamber>House</originChamber>
    <congress>115</congress>
    <subjects>
      <billSubjects>
        <legislativeSubjects>
          <item>
            <name>Advisory bodies</name>
          </item>
          <item>
            <name>Competitiveness, trade promotion, trade deficits</name>
          </item>
          <item>
            <name>Energy storage, supplies, demand</name>
          </item>
          <item>
            <name>Government studies and investigations</name>
          </item>
          <item>
            <name>International organizations and cooperation</name>
          </item>
          <item>
            <name>Oil and gas</name>
          </item>
        </legislativeSubjects>
        <policyArea>
          <name>Energy</name>
        </policyArea>
      </billSubjects>
    </subjects>
    <billNumber>545</billNumber>
    <cosponsors>
      <item>
        <isOriginalCosponsor>True</isOriginalCosponsor>
        <middleName />
        <sponsorshipDate>2017-01-13</sponsorshipDate>
        <firstName>Trent</firstName>
        <party>R</party>
        <identifiers>
          <lisID>1707</lisID>
          <gpoId>7799</gpoId>
          <bioguideId>F000448</bioguideId>
        </identifiers>
        <district>8</district>
        <sponsorshipWithdrawnDate />
        <fullName>Rep. Franks, Trent [R-AZ-8]</fullName>
        <bioguideId>F000448</bioguideId>
        <lastName>Franks</lastName>
        <state>AZ</state>
      </item>
      <item>
        <isOriginalCosponsor>True</isOriginalCosponsor>
        <middleName>C.</middleName>
        <sponsorshipDate>2017-01-13</sponsorshipDate>
        <firstName>COLLIN</firstName>
        <party>D</party>
        <identifiers>
          <bioguideId>P000258</bioguideId>
          <lisID>910</lisID>
          <gpoId>8007</gpoId>
        </identifiers>
        <district>7</district>
        <sponsorshipWithdrawnDate />
        <fullName>Rep. Peterson, Collin C. [D-MN-7]</fullName>
        <bioguideId>P000258</bioguideId>
        <lastName>PETERSON</lastName>
        <state>MN</state>
      </item>
      <item>
        <isOriginalCosponsor>True</isOriginalCosponsor>
        <middleName />
        <sponsorshipDate>2017-01-13</sponsorshipDate>
        <firstName>David</firstName>
        <party>D</party>
        <identifiers>
          <lisID>1722</lisID>
          <bioguideId>S001157</bioguideId>
          <gpoId>7910</gpoId>
        </identifiers>
        <district>13</district>
        <sponsorshipWithdrawnDate />
        <fullName>Rep. Scott, David [D-GA-13]</fullName>
        <bioguideId>S001157</bioguideId>
        <lastName>Scott</lastName>
        <state>GA</state>
      </item>
      <item>
        <isOriginalCosponsor>False</isOriginalCosponsor>
        <middleName />
        <sponsorshipDate>2017-01-30</sponsorshipDate>
        <firstName>Markwayne</firstName>
        <party>R</party>
        <identifiers>
          <bioguideId>M001190</bioguideId>
          <lisID>2156</lisID>
          <gpoId />
        </identifiers>
        <district>2</district>
        <sponsorshipWithdrawnDate />
        <fullName>Rep. Mullin, Markwayne [R-OK-2]</fullName>
        <bioguideId>M001190</bioguideId>
        <lastName>Mullin</lastName>
        <state>OK</state>
      </item>
      <item>
        <isOriginalCosponsor>False</isOriginalCosponsor>
        <middleName>B.</middleName>
        <sponsorshipDate>2017-01-30</sponsorshipDate>
        <firstName>David</firstName>
        <party>R</party>
        <identifiers>
          <bioguideId>M001180</bioguideId>
          <lisID>2074</lisID>
          <gpoId>8222</gpoId>
        </identifiers>
        <district>1</district>
        <sponsorshipWithdrawnDate />
        <fullName>Rep. McKinley, David B. [R-WV-1]</fullName>
        <bioguideId>M001180</bioguideId>
        <lastName>McKinley</lastName>
        <state>WV</state>
      </item>
      <item>
        <isOriginalCosponsor>False</isOriginalCosponsor>
        <middleName />
        <sponsorshipDate>2017-02-07</sponsorshipDate>
        <firstName>Jeff</firstName>
        <party>R</party>
        <identifiers>
          <bioguideId>D000615</bioguideId>
          <lisID>2057</lisID>
          <gpoId>8143</gpoId>
        </identifiers>
        <district>3</district>
        <sponsorshipWithdrawnDate />
        <fullName>Rep. Duncan, Jeff [R-SC-3]</fullName>
        <bioguideId>D000615</bioguideId>
        <lastName>Duncan</lastName>
        <state>SC</state>
      </item>
      <item>
        <isOriginalCosponsor>False</isOriginalCosponsor>
        <middleName />
        <sponsorshipDate>2017-02-07</sponsorshipDate>
        <firstName>Doug</firstName>
        <party>R</party>
        <identifiers>
          <lisID>1834</lisID>
          <bioguideId>L000564</bioguideId>
          <gpoId>7863</gpoId>
        </identifiers>
        <district>5</district>
        <sponsorshipWithdrawnDate />
        <fullName>Rep. Lamborn, Doug [R-CO-5]</fullName>
        <bioguideId>L000564</bioguideId>
        <lastName>Lamborn</lastName>
        <state>CO</state>
      </item>
      <item>
        <isOriginalCosponsor>False</isOriginalCosponsor>
        <middleName>E.</middleName>
        <sponsorshipDate>2017-02-07</sponsorshipDate>
        <firstName>Mark</firstName>
        <party>R</party>
        <identifiers>
          <gpoId>8366</gpoId>
          <lisID>2090</lisID>
          <bioguideId>A000369</bioguideId>
        </identifiers>
        <district>2</district>
        <sponsorshipWithdrawnDate />
        <fullName>Rep. Amodei, Mark E. [R-NV-2]</fullName>
        <bioguideId>A000369</bioguideId>
        <lastName>Amodei</lastName>
        <state>NV</state>
      </item>
      <item>
        <isOriginalCosponsor>False</isOriginalCosponsor>
        <middleName />
        <sponsorshipDate>2017-02-07</sponsorshipDate>
        <firstName>Tim</firstName>
        <party>R</party>
        <identifiers>
          <bioguideId>M001151</bioguideId>
          <gpoId>8723</gpoId>
          <lisID>1744</lisID>
        </identifiers>
        <district>18</district>
        <sponsorshipWithdrawnDate />
        <fullName>Rep. Murphy, Tim [R-PA-18]</fullName>
        <bioguideId>M001151</bioguideId>
        <lastName>Murphy</lastName>
        <state>PA</state>
      </item>
      <item>
        <isOriginalCosponsor>False</isOriginalCosponsor>
        <middleName />
        <sponsorshipDate>2017-02-07</sponsorshipDate>
        <firstName>Brian</firstName>
        <party>R</party>
        <identifiers>
          <bioguideId>B001291</bioguideId>
          <lisID>2270</lisID>
          <gpoId />
        </identifiers>
        <district>36</district>
        <sponsorshipWithdrawnDate />
        <fullName>Rep. Babin, Brian [R-TX-36]</fullName>
        <bioguideId>B001291</bioguideId>
        <lastName>Babin</lastName>
        <state>TX</state>
      </item>
      <item>
        <isOriginalCosponsor>False</isOriginalCosponsor>
        <middleName />
        <sponsorshipDate>2017-02-07</sponsorshipDate>
        <firstName>Lynn</firstName>
        <party>R</party>
        <identifiers>
          <bioguideId>J000290</bioguideId>
          <lisID>1921</lisID>
          <gpoId>7950</gpoId>
        </identifiers>
        <district>2</district>
        <sponsorshipWithdrawnDate />
        <fullName>Rep. Jenkins, Lynn [R-KS-2]</fullName>
        <bioguideId>J000290</bioguideId>
        <lastName>Jenkins</lastName>
        <state>KS</state>
      </item>
      <item>
        <isOriginalCosponsor>False</isOriginalCosponsor>
        <middleName />
        <sponsorshipDate>2017-03-02</sponsorshipDate>
        <firstName>Tom</firstName>
        <party>R</party>
        <identifiers>
          <lisID>1742</lisID>
          <bioguideId>C001053</bioguideId>
          <gpoId>8112</gpoId>
        </identifiers>
        <district>4</district>
        <sponsorshipWithdrawnDate />
        <fullName>Rep. Cole, Tom [R-OK-4]</fullName>
        <bioguideId>C001053</bioguideId>
        <lastName>Cole</lastName>
        <state>OK</state>
      </item>
      <item>
        <isOriginalCosponsor>False</isOriginalCosponsor>
        <middleName />
        <sponsorshipDate>2017-03-02</sponsorshipDate>
        <firstName>David</firstName>
        <party>R</party>
        <identifiers>
          <lisID>2256</lisID>
          <bioguideId>R000603</bioguideId>
          <gpoId />
        </identifiers>
        <district>7</district>
        <sponsorshipWithdrawnDate />
        <fullName>Rep. Rouzer, David [R-NC-7]</fullName>
        <bioguideId>R000603</bioguideId>
        <lastName>Rouzer</lastName>
        <state>NC</state>
      </item>
      <item>
        <isOriginalCosponsor>False</isOriginalCosponsor>
        <middleName />
        <sponsorshipDate>2017-03-02</sponsorshipDate>
        <firstName>Chris</firstName>
        <party>R</party>
        <identifiers>
          <lisID>2151</lisID>
          <gpoId />
          <bioguideId>C001092</bioguideId>
        </identifiers>
        <district>27</district>
        <sponsorshipWithdrawnDate />
        <fullName>Rep. Collins, Chris [R-NY-27]</fullName>
        <bioguideId>C001092</bioguideId>
        <lastName>Collins</lastName>
        <state>NY</state>
      </item>
      <item>
        <isOriginalCosponsor>False</isOriginalCosponsor>
        <middleName />
        <sponsorshipDate>2017-03-30</sponsorshipDate>
        <firstName>Scott</firstName>
        <party>R</party>
        <identifiers>
          <lisID>2157</lisID>
          <gpoId />
          <bioguideId>P000605</bioguideId>
        </identifiers>
        <district>4</district>
        <sponsorshipWithdrawnDate />
        <fullName>Rep. Perry, Scott [R-PA-4]</fullName>
        <bioguideId>P000605</bioguideId>
        <lastName>Perry</lastName>
        <state>PA</state>
      </item>
      <item>
        <isOriginalCosponsor>False</isOriginalCosponsor>
        <middleName>Morgan</middleName>
        <sponsorshipDate>2017-03-30</sponsorshipDate>
        <firstName>H.</firstName>
        <party>R</party>
        <identifiers>
          <bioguideId>G000568</bioguideId>
          <lisID>2070</lisID>
          <gpoId>8200</gpoId>
        </identifiers>
        <district>9</district>
        <sponsorshipWithdrawnDate />
        <fullName>Rep. Griffith, H. Morgan [R-VA-9]</fullName>
        <bioguideId>G000568</bioguideId>
        <lastName>Griffith</lastName>
        <state>VA</state>
      </item>
      <item>
        <isOriginalCosponsor>False</isOriginalCosponsor>
        <middleName>J.</middleName>
        <sponsorshipDate>2017-03-30</sponsorshipDate>
        <firstName>Brian</firstName>
        <party>R</party>
        <identifiers>
          <lisID>2322</lisID>
          <bioguideId>M001199</bioguideId>
          <gpoId />
        </identifiers>
        <district>18</district>
        <sponsorshipWithdrawnDate />
        <fullName>Rep. Mast, Brian J. [R-FL-18]</fullName>
        <bioguideId>M001199</bioguideId>
        <lastName>Mast</lastName>
        <state>FL</state>
      </item>
      <item>
        <isOriginalCosponsor>False</isOriginalCosponsor>
        <middleName />
        <sponsorshipDate>2017-04-06</sponsorshipDate>
        <firstName>Dave</firstName>
        <party>R</party>
        <identifiers>
          <gpoId />
          <bioguideId>B001290</bioguideId>
          <lisID>2203</lisID>
        </identifiers>
        <district>7</district>
        <sponsorshipWithdrawnDate />
        <fullName>Rep. Brat, Dave [R-VA-7]</fullName>
        <bioguideId>B001290</bioguideId>
        <lastName>Brat</lastName>
        <state>VA</state>
      </item>
      <item>
        <isOriginalCosponsor>False</isOriginalCosponsor>
        <middleName />
        <sponsorshipDate>2017-04-06</sponsorshipDate>
        <firstName>Steve</firstName>
        <party>R</party>
        <identifiers>
          <lisID>2047</lisID>
          <bioguideId>S001187</bioguideId>
          <gpoId>8105</gpoId>
        </identifiers>
        <district>15</district>
        <sponsorshipWithdrawnDate />
        <fullName>Rep. Stivers, Steve [R-OH-15]</fullName>
        <bioguideId>S001187</bioguideId>
        <lastName>Stivers</lastName>
        <state>OH</state>
      </item>
      <item>
        <isOriginalCosponsor>False</isOriginalCosponsor>
        <middleName />
        <sponsorshipDate>2017-04-06</sponsorshipDate>
        <firstName>Jim</firstName>
        <party>R</party>
        <identifiers>
          <bioguideId>B001299</bioguideId>
          <gpoId />
          <lisID>2326</lisID>
        </identifiers>
        <district>3</district>
        <sponsorshipWithdrawnDate />
        <fullName>Rep. Banks, Jim [R-IN-3]</fullName>
        <bioguideId>B001299</bioguideId>
        <lastName>Banks</lastName>
        <state>IN</state>
      </item>
      <item>
        <isOriginalCosponsor>False</isOriginalCosponsor>
        <middleName>A.</middleName>
        <sponsorshipDate>2017-04-06</sponsorshipDate>
        <firstName>Paul</firstName>
        <party>R</party>
        <identifiers>
          <bioguideId>G000565</bioguideId>
          <lisID>1992</lisID>
          <gpoId>7798</gpoId>
        </identifiers>
        <district>4</district>
        <sponsorshipWithdrawnDate />
        <fullName>Rep. Gosar, Paul A. [R-AZ-4]</fullName>
        <bioguideId>G000565</bioguideId>
        <lastName>Gosar</lastName>
        <state>AZ</state>
      </item>
      <item>
        <isOriginalCosponsor>False</isOriginalCosponsor>
        <middleName />
        <sponsorshipDate>2017-04-06</sponsorshipDate>
        <firstName>Tim</firstName>
        <party>R</party>
        <identifiers>
          <lisID>1855</lisID>
          <bioguideId>W000798</bioguideId>
          <gpoId>7992</gpoId>
        </identifiers>
        <district>7</district>
        <sponsorshipWithdrawnDate />
        <fullName>Rep. Walberg, Tim [R-MI-7]</fullName>
        <bioguideId>W000798</bioguideId>
        <lastName>Walberg</lastName>
        <state>MI</state>
      </item>
      <item>
        <isOriginalCosponsor>False</isOriginalCosponsor>
        <middleName />
        <sponsorshipDate>2017-04-25</sponsorshipDate>
        <firstName>Lou</firstName>
        <party>R</party>
        <identifiers>
          <bioguideId>B001269</bioguideId>
          <gpoId>8129</gpoId>
          <lisID>2054</lisID>
        </identifiers>
        <district>11</district>
        <sponsorshipWithdrawnDate />
        <fullName>Rep. Barletta, Lou [R-PA-11]</fullName>
        <bioguideId>B001269</bioguideId>
        <lastName>Barletta</lastName>
        <state>PA</state>
      </item>
      <item>
        <isOriginalCosponsor>False</isOriginalCosponsor>
        <middleName />
        <sponsorshipDate>2017-04-25</sponsorshipDate>
        <firstName>Mike</firstName>
        <party>R</party>
        <identifiers>
          <lisID>1912</lisID>
          <gpoId>7864</gpoId>
          <bioguideId>C001077</bioguideId>
        </identifiers>
        <district>6</district>
        <sponsorshipWithdrawnDate />
        <fullName>Rep. Coffman, Mike [R-CO-6]</fullName>
        <bioguideId>C001077</bioguideId>
        <lastName>Coffman</lastName>
        <state>CO</state>
      </item>
      <item>
        <isOriginalCosponsor>False</isOriginalCosponsor>
        <middleName>W.</middleName>
        <sponsorshipDate>2017-04-25</sponsorshipDate>
        <firstName>ROBERT</firstName>
        <party>R</party>
        <identifiers>
          <gpoId>8197</gpoId>
          <bioguideId>G000289</bioguideId>
          <lisID>446</lisID>
        </identifiers>
        <district>6</district>
        <sponsorshipWithdrawnDate />
        <fullName>Rep. Goodlatte, Bob [R-VA-6]</fullName>
        <bioguideId>G000289</bioguideId>
        <lastName>GOODLATTE</lastName>
        <state>VA</state>
      </item>
      <item>
        <isOriginalCosponsor>False</isOriginalCosponsor>
        <middleName>A.</middleName>
        <sponsorshipDate>2017-05-16</sponsorshipDate>
        <firstName>Thomas</firstName>
        <party>R</party>
        <identifiers>
          <gpoId />
          <lisID>2353</lisID>
          <bioguideId>G000580</bioguideId>
        </identifiers>
        <district>5</district>
        <sponsorshipWithdrawnDate />
        <fullName>Rep. Garrett, Thomas A., Jr. [R-VA-5]</fullName>
        <bioguideId>G000580</bioguideId>
        <lastName>Garrett</lastName>
        <state>VA</state>
      </item>
      <item>
        <isOriginalCosponsor>False</isOriginalCosponsor>
        <middleName>L.</middleName>
        <sponsorshipDate>2017-05-16</sponsorshipDate>
        <firstName>JOE</firstName>
        <party>R</party>
        <identifiers>
          <lisID>62</lisID>
          <bioguideId>B000213</bioguideId>
          <gpoId>8162</gpoId>
        </identifiers>
        <district>6</district>
        <sponsorshipWithdrawnDate />
        <fullName>Rep. Barton, Joe [R-TX-6]</fullName>
        <bioguideId>B000213</bioguideId>
        <lastName>BARTON</lastName>
        <state>TX</state>
      </item>
      <item>
        <isOriginalCosponsor>False</isOriginalCosponsor>
        <middleName>M.</middleName>
        <sponsorshipDate>2017-05-16</sponsorshipDate>
        <firstName>Gus</firstName>
        <party>R</party>
        <identifiers>
          <bioguideId>B001257</bioguideId>
          <gpoId>7881</gpoId>
          <lisID>1838</lisID>
        </identifiers>
        <district>12</district>
        <sponsorshipWithdrawnDate />
        <fullName>Rep. Bilirakis, Gus M. [R-FL-12]</fullName>
        <bioguideId>B001257</bioguideId>
        <lastName>Bilirakis</lastName>
        <state>FL</state>
      </item>
      <item>
        <isOriginalCosponsor>False</isOriginalCosponsor>
        <middleName>D.</middleName>
        <sponsorshipDate>2017-05-16</sponsorshipDate>
        <firstName>FRANK</firstName>
        <party>R</party>
        <identifiers>
          <bioguideId>L000491</bioguideId>
          <lisID>711</lisID>
          <gpoId>8111</gpoId>
        </identifiers>
        <district>3</district>
        <sponsorshipWithdrawnDate />
        <fullName>Rep. Lucas, Frank D. [R-OK-3]</fullName>
        <bioguideId>L000491</bioguideId>
        <lastName>LUCAS</lastName>
        <state>OK</state>
      </item>
      <item>
        <isOriginalCosponsor>False</isOriginalCosponsor>
        <middleName>J.</middleName>
        <sponsorshipDate>2017-05-19</sponsorshipDate>
        <firstName>Robert</firstName>
        <party>R</party>
        <identifiers>
          <lisID>1886</lisID>
          <gpoId>8192</gpoId>
          <bioguideId>W000804</bioguideId>
        </identifiers>
        <district>1</district>
        <sponsorshipWithdrawnDate />
        <fullName>Rep. Wittman, Robert J. [R-VA-1]</fullName>
        <bioguideId>W000804</bioguideId>
        <lastName>Wittman</lastName>
        <state>VA</state>
      </item>
      <item>
        <isOriginalCosponsor>False</isOriginalCosponsor>
        <middleName>Lee</middleName>
        <sponsorshipDate>2017-05-19</sponsorshipDate>
        <firstName>Ralph</firstName>
        <party>R</party>
        <identifiers>
          <lisID>2244</lisID>
          <gpoId />
          <bioguideId>A000374</bioguideId>
        </identifiers>
        <district>5</district>
        <sponsorshipWithdrawnDate />
        <fullName>Rep. Abraham, Ralph Lee [R-LA-5]</fullName>
        <bioguideId>A000374</bioguideId>
        <lastName>Abraham</lastName>
        <state>LA</state>
      </item>
      <item>
        <isOriginalCosponsor>False</isOriginalCosponsor>
        <middleName>E.</middleName>
        <sponsorshipDate>2017-05-25</sponsorshipDate>
        <firstName>DON</firstName>
        <party>R</party>
        <identifiers>
          <bioguideId>Y000033</bioguideId>
          <lisID>1256</lisID>
          <gpoId>7785</gpoId>
        </identifiers>
        <district>0</district>
        <sponsorshipWithdrawnDate />
        <fullName>Rep. Young, Don [R-AK-At Large]</fullName>
        <bioguideId>Y000033</bioguideId>
        <lastName>YOUNG</lastName>
        <state>AK</state>
      </item>
      <item>
        <isOriginalCosponsor>False</isOriginalCosponsor>
        <middleName />
        <sponsorshipDate>2017-05-25</sponsorshipDate>
        <firstName>Cathy</firstName>
        <party>R</party>
        <identifiers>
          <bioguideId>M001159</bioguideId>
          <lisID>1809</lisID>
          <gpoId>8209</gpoId>
        </identifiers>
        <district>5</district>
        <sponsorshipWithdrawnDate />
        <fullName>Rep. McMorris Rodgers, Cathy [R-WA-5]</fullName>
        <bioguideId>M001159</bioguideId>
        <lastName>McMorris Rodgers</lastName>
        <state>WA</state>
      </item>
      <item>
        <isOriginalCosponsor>False</isOriginalCosponsor>
        <middleName />
        <sponsorshipDate>2017-05-25</sponsorshipDate>
        <firstName>Tom</firstName>
        <party>R</party>
        <identifiers>
          <bioguideId>E000294</bioguideId>
          <lisID>2253</lisID>
          <gpoId />
        </identifiers>
        <district>6</district>
        <sponsorshipWithdrawnDate />
        <fullName>Rep. Emmer, Tom [R-MN-6]</fullName>
        <bioguideId>E000294</bioguideId>
        <lastName>Emmer</lastName>
        <state>MN</state>
      </item>
      <item>
        <isOriginalCosponsor>False</isOriginalCosponsor>
        <middleName />
        <sponsorshipDate>2017-06-07</sponsorshipDate>
        <firstName>Paul</firstName>
        <party>R</party>
        <identifiers>
          <lisID>2103</lisID>
          <gpoId />
          <bioguideId>C001094</bioguideId>
        </identifiers>
        <district>8</district>
        <sponsorshipWithdrawnDate />
        <fullName>Rep. Cook, Paul [R-CA-8]</fullName>
        <bioguideId>C001094</bioguideId>
        <lastName>Cook</lastName>
        <state>CA</state>
      </item>
      <item>
        <isOriginalCosponsor>False</isOriginalCosponsor>
        <middleName />
        <sponsorshipDate>2017-06-07</sponsorshipDate>
        <firstName>Henry</firstName>
        <party>D</party>
        <identifiers>
          <lisID>1807</lisID>
          <gpoId>8184</gpoId>
          <bioguideId>C001063</bioguideId>
        </identifiers>
        <district>28</district>
        <sponsorshipWithdrawnDate />
        <fullName>Rep. Cuellar, Henry [D-TX-28]</fullName>
        <bioguideId>C001063</bioguideId>
        <lastName>Cuellar</lastName>
        <state>TX</state>
      </item>
      <item>
        <isOriginalCosponsor>False</isOriginalCosponsor>
        <middleName />
        <sponsorshipDate>2017-06-07</sponsorshipDate>
        <firstName>Vicente</firstName>
        <party>D</party>
        <identifiers>
          <bioguideId>G000581</bioguideId>
          <gpoId />
          <lisID>2349</lisID>
        </identifiers>
        <district>15</district>
        <sponsorshipWithdrawnDate />
        <fullName>Rep. Gonzalez, Vicente [D-TX-15]</fullName>
        <bioguideId>G000581</bioguideId>
        <lastName>Gonzalez</lastName>
        <state>TX</state>
      </item>
      <item>
        <isOriginalCosponsor>False</isOriginalCosponsor>
        <middleName />
        <sponsorshipDate>2017-06-07</sponsorshipDate>
        <firstName>TIM</firstName>
        <party>D</party>
        <identifiers>
          <bioguideId>R000577</bioguideId>
          <lisID>1756</lisID>
          <gpoId>8107</gpoId>
        </identifiers>
        <district>13</district>
        <sponsorshipWithdrawnDate />
        <fullName>Rep. Ryan, Tim [D-OH-13]</fullName>
        <bioguideId>R000577</bioguideId>
        <lastName>RYAN</lastName>
        <state>OH</state>
      </item>
      <item>
        <isOriginalCosponsor>False</isOriginalCosponsor>
        <middleName />
        <sponsorshipDate>2017-06-07</sponsorshipDate>
        <firstName>Thomas</firstName>
        <party>R</party>
        <identifiers>
          <gpoId />
          <bioguideId>M001193</bioguideId>
          <lisID>2258</lisID>
        </identifiers>
        <district>3</district>
        <sponsorshipWithdrawnDate />
        <fullName>Rep. MacArthur, Thomas [R-NJ-3]</fullName>
        <bioguideId>M001193</bioguideId>
        <lastName>MacArthur</lastName>
        <state>NJ</state>
      </item>
      <item>
        <isOriginalCosponsor>False</isOriginalCosponsor>
        <middleName />
        <sponsorshipDate>2017-06-20</sponsorshipDate>
        <firstName>Jim</firstName>
        <party>R</party>
        <identifiers>
          <lisID>2155</lisID>
          <bioguideId>B001283</bioguideId>
          <gpoId />
        </identifiers>
        <district>1</district>
        <sponsorshipWithdrawnDate />
        <fullName>Rep. Bridenstine, Jim [R-OK-1]</fullName>
        <bioguideId>B001283</bioguideId>
        <lastName>Bridenstine</lastName>
        <state>OK</state>
      </item>
      <item>
        <isOriginalCosponsor>False</isOriginalCosponsor>
        <middleName />
        <sponsorshipDate>2017-06-20</sponsorshipDate>
        <firstName>Bill</firstName>
        <party>R</party>
        <identifiers>
          <gpoId>7887</gpoId>
          <lisID>1915</lisID>
          <bioguideId>P000599</bioguideId>
        </identifiers>
        <district>8</district>
        <sponsorshipWithdrawnDate />
        <fullName>Rep. Posey, Bill [R-FL-8]</fullName>
        <bioguideId>P000599</bioguideId>
        <lastName>Posey</lastName>
        <state>FL</state>
      </item>
      <item>
        <isOriginalCosponsor>False</isOriginalCosponsor>
        <middleName />
        <sponsorshipDate>2017-06-20</sponsorshipDate>
        <firstName>Bill</firstName>
        <party>R</party>
        <identifiers>
          <bioguideId>H001058</bioguideId>
          <lisID>2028</lisID>
          <gpoId>7987</gpoId>
        </identifiers>
        <district>2</district>
        <sponsorshipWithdrawnDate />
        <fullName>Rep. Huizenga, Bill [R-MI-2]</fullName>
        <bioguideId>H001058</bioguideId>
        <lastName>Huizenga</lastName>
        <state>MI</state>
      </item>
      <item>
        <isOriginalCosponsor>False</isOriginalCosponsor>
        <middleName />
        <sponsorshipDate>2017-06-23</sponsorshipDate>
        <firstName>Barry</firstName>
        <party>R</party>
        <identifiers>
          <lisID>2238</lisID>
          <bioguideId>L000583</bioguideId>
          <gpoId />
        </identifiers>
        <district>11</district>
        <sponsorshipWithdrawnDate />
        <fullName>Rep. Loudermilk, Barry [R-GA-11]</fullName>
        <bioguideId>L000583</bioguideId>
        <lastName>Loudermilk</lastName>
        <state>GA</state>
      </item>
      <item>
        <isOriginalCosponsor>False</isOriginalCosponsor>
        <middleName>X.</middleName>
        <sponsorshipDate>2017-06-23</sponsorshipDate>
        <firstName>Alexander</firstName>
        <party>R</party>
        <identifiers>
          <lisID>2277</lisID>
          <bioguideId>M001195</bioguideId>
          <gpoId />
        </identifiers>
        <district>2</district>
        <sponsorshipWithdrawnDate />
        <fullName>Rep. Mooney, Alexander X. [R-WV-2]</fullName>
        <bioguideId>M001195</bioguideId>
        <lastName>Mooney</lastName>
        <state>WV</state>
      </item>
      <item>
        <isOriginalCosponsor>False</isOriginalCosponsor>
        <middleName />
        <sponsorshipDate>2017-06-27</sponsorshipDate>
        <firstName>Marsha</firstName>
        <party>R</party>
        <identifiers>
          <lisID>1748</lisID>
          <gpoId>8154</gpoId>
          <bioguideId>B001243</bioguideId>
        </identifiers>
        <district>7</district>
        <sponsorshipWithdrawnDate />
        <fullName>Rep. Blackburn, Marsha [R-TN-7]</fullName>
        <bioguideId>B001243</bioguideId>
        <lastName>Blackburn</lastName>
        <state>TN</state>
      </item>
      <item>
        <isOriginalCosponsor>False</isOriginalCosponsor>
        <middleName>French</middleName>
        <sponsorshipDate>2017-06-27</sponsorshipDate>
        <firstName>J.</firstName>
        <party>R</party>
        <identifiers>
          <lisID>2223</lisID>
          <bioguideId>H001072</bioguideId>
          <gpoId />
        </identifiers>
        <district>2</district>
        <sponsorshipWithdrawnDate />
        <fullName>Rep. Hill, J. French [R-AR-2]</fullName>
        <bioguideId>H001072</bioguideId>
        <lastName>Hill</lastName>
        <state>AR</state>
      </item>
      <item>
        <isOriginalCosponsor>False</isOriginalCosponsor>
        <middleName />
        <sponsorshipDate>2017-06-27</sponsorshipDate>
        <firstName>Richard</firstName>
        <party>R</party>
        <identifiers>
          <gpoId />
          <bioguideId>H001067</bioguideId>
          <lisID>2140</lisID>
        </identifiers>
        <district>8</district>
        <sponsorshipWithdrawnDate />
        <fullName>Rep. Hudson, Richard [R-NC-8]</fullName>
        <bioguideId>H001067</bioguideId>
        <lastName>Hudson</lastName>
        <state>NC</state>
      </item>
      <item>
        <isOriginalCosponsor>False</isOriginalCosponsor>
        <middleName />
        <sponsorshipDate>2017-06-27</sponsorshipDate>
        <firstName>Mark</firstName>
        <party>R</party>
        <identifiers>
          <gpoId />
          <bioguideId>M001187</bioguideId>
          <lisID>2142</lisID>
        </identifiers>
        <district>11</district>
        <sponsorshipWithdrawnDate />
        <fullName>Rep. Meadows, Mark [R-NC-11]</fullName>
        <bioguideId>M001187</bioguideId>
        <lastName>Meadows</lastName>
        <state>NC</state>
      </item>
      <item>
        <isOriginalCosponsor>False</isOriginalCosponsor>
        <middleName />
        <sponsorshipDate>2017-06-29</sponsorshipDate>
        <firstName>Kenny</firstName>
        <party>R</party>
        <identifiers>
          <lisID>1806</lisID>
          <gpoId>8766</gpoId>
          <bioguideId>M001158</bioguideId>
        </identifiers>
        <district>24</district>
        <sponsorshipWithdrawnDate />
        <fullName>Rep. Marchant, Kenny [R-TX-24]</fullName>
        <bioguideId>M001158</bioguideId>
        <lastName>Marchant</lastName>
        <state>TX</state>
      </item>
      <item>
        <isOriginalCosponsor>False</isOriginalCosponsor>
        <middleName />
        <sponsorshipDate>2017-06-29</sponsorshipDate>
        <firstName>Robert</firstName>
        <party>R</party>
        <identifiers>
          <gpoId />
          <bioguideId>P000606</bioguideId>
          <lisID>2141</lisID>
        </identifiers>
        <district>9</district>
        <sponsorshipWithdrawnDate />
        <fullName>Rep. Pittenger, Robert [R-NC-9]</fullName>
        <bioguideId>P000606</bioguideId>
        <lastName>Pittenger</lastName>
        <state>NC</state>
      </item>
      <item>
        <isOriginalCosponsor>False</isOriginalCosponsor>
        <middleName />
        <sponsorshipDate>2017-07-17</sponsorshipDate>
        <firstName>Lloyd</firstName>
        <party>R</party>
        <identifiers>
          <lisID>2346</lisID>
          <bioguideId>S001199</bioguideId>
          <gpoId />
        </identifiers>
        <district>16</district>
        <sponsorshipWithdrawnDate />
        <fullName>Rep. Smucker, Lloyd [R-PA-16]</fullName>
        <bioguideId>S001199</bioguideId>
        <lastName>Smucker</lastName>
        <state>PA</state>
      </item>
      <item>
        <isOriginalCosponsor>False</isOriginalCosponsor>
        <middleName />
        <sponsorshipDate>2017-07-27</sponsorshipDate>
        <firstName>Leonard</firstName>
        <party>R</party>
        <identifiers>
          <lisID>1936</lisID>
          <gpoId>8049</gpoId>
          <bioguideId>L000567</bioguideId>
        </identifiers>
        <district>7</district>
        <sponsorshipWithdrawnDate />
        <fullName>Rep. Lance, Leonard [R-NJ-7]</fullName>
        <bioguideId>L000567</bioguideId>
        <lastName>Lance</lastName>
        <state>NJ</state>
      </item>
      <item>
        <isOriginalCosponsor>False</isOriginalCosponsor>
        <middleName />
        <sponsorshipDate>2017-07-27</sponsorshipDate>
        <firstName>Pete</firstName>
        <party>R</party>
        <identifiers>
          <bioguideId>O000168</bioguideId>
          <lisID>1955</lisID>
          <gpoId>8178</gpoId>
        </identifiers>
        <district>22</district>
        <sponsorshipWithdrawnDate />
        <fullName>Rep. Olson, Pete [R-TX-22]</fullName>
        <bioguideId>O000168</bioguideId>
        <lastName>Olson</lastName>
        <state>TX</state>
      </item>
      <item>
        <isOriginalCosponsor>False</isOriginalCosponsor>
        <middleName />
        <sponsorshipDate>2017-07-27</sponsorshipDate>
        <firstName>Scott</firstName>
        <party>R</party>
        <identifiers>
          <lisID>2351</lisID>
          <bioguideId>T000477</bioguideId>
          <gpoId />
        </identifiers>
        <district>2</district>
        <sponsorshipWithdrawnDate />
        <fullName>Rep. Taylor, Scott [R-VA-2]</fullName>
        <bioguideId>T000477</bioguideId>
        <lastName>Taylor</lastName>
        <state>VA</state>
      </item>
      <item>
        <isOriginalCosponsor>False</isOriginalCosponsor>
        <middleName />
        <sponsorshipDate>2017-07-28</sponsorshipDate>
        <firstName>STEVE</firstName>
        <party>R</party>
        <identifiers>
          <lisID>186</lisID>
          <gpoId>8091</gpoId>
          <bioguideId>C000266</bioguideId>
        </identifiers>
        <district>1</district>
        <sponsorshipWithdrawnDate />
        <fullName>Rep. Chabot, Steve [R-OH-1]</fullName>
        <bioguideId>C000266</bioguideId>
        <lastName>CHABOT</lastName>
        <state>OH</state>
      </item>
      <item>
        <isOriginalCosponsor>False</isOriginalCosponsor>
        <middleName>W.</middleName>
        <sponsorshipDate>2017-07-28</sponsorshipDate>
        <firstName>Rick</firstName>
        <party>R</party>
        <identifiers>
          <lisID>2239</lisID>
          <bioguideId>A000372</bioguideId>
          <gpoId />
        </identifiers>
        <district>12</district>
        <sponsorshipWithdrawnDate />
        <fullName>Rep. Allen, Rick W. [R-GA-12]</fullName>
        <bioguideId>A000372</bioguideId>
        <lastName>Allen</lastName>
        <state>GA</state>
      </item>
      <item>
        <isOriginalCosponsor>False</isOriginalCosponsor>
        <middleName />
        <sponsorshipDate>2017-09-07</sponsorshipDate>
        <firstName>Ron</firstName>
        <party>R</party>
        <identifiers>
          <gpoId />
          <lisID>2358</lisID>
          <bioguideId>E000298</bioguideId>
        </identifiers>
        <district>4</district>
        <sponsorshipWithdrawnDate />
        <fullName>Rep. Estes, Ron [R-KS-4]</fullName>
        <bioguideId>E000298</bioguideId>
        <lastName>Estes</lastName>
        <state>KS</state>
      </item>
      <item>
        <isOriginalCosponsor>False</isOriginalCosponsor>
        <middleName>L. "Buddy"</middleName>
        <sponsorshipDate>2017-09-07</sponsorshipDate>
        <firstName>Earl</firstName>
        <party>R</party>
        <identifiers>
          <lisID>2236</lisID>
          <gpoId />
          <bioguideId>C001103</bioguideId>
        </identifiers>
        <district>1</district>
        <sponsorshipWithdrawnDate />
        <fullName>Rep. Carter, Earl L. "Buddy" [R-GA-1]</fullName>
        <bioguideId>C001103</bioguideId>
        <lastName>Carter</lastName>
        <state>GA</state>
      </item>
      <item>
        <isOriginalCosponsor>False</isOriginalCosponsor>
        <middleName />
        <sponsorshipDate>2017-10-11</sponsorshipDate>
        <firstName>GENE</firstName>
        <party>D</party>
        <identifiers>
          <gpoId>8185</gpoId>
          <bioguideId>G000410</bioguideId>
          <lisID>462</lisID>
        </identifiers>
        <district>29</district>
        <sponsorshipWithdrawnDate />
        <fullName>Rep. Green, Gene [D-TX-29]</fullName>
        <bioguideId>G000410</bioguideId>
        <lastName>GREEN</lastName>
        <state>TX</state>
      </item>
      <item>
        <isOriginalCosponsor>False</isOriginalCosponsor>
        <middleName />
        <sponsorshipDate>2017-10-25</sponsorshipDate>
        <firstName>Bill</firstName>
        <party>R</party>
        <identifiers>
          <lisID>2046</lisID>
          <gpoId>8096</gpoId>
          <bioguideId>J000292</bioguideId>
        </identifiers>
        <district>6</district>
        <sponsorshipWithdrawnDate />
        <fullName>Rep. Johnson, Bill [R-OH-6]</fullName>
        <bioguideId>J000292</bioguideId>
        <lastName>Johnson</lastName>
        <state>OH</state>
      </item>
      <item>
        <isOriginalCosponsor>False</isOriginalCosponsor>
        <middleName />
        <sponsorshipDate>2017-11-06</sponsorshipDate>
        <firstName>KEN</firstName>
        <party>R</party>
        <identifiers>
          <lisID>165</lisID>
          <gpoId>7849</gpoId>
          <bioguideId>C000059</bioguideId>
        </identifiers>
        <district>42</district>
        <sponsorshipWithdrawnDate />
        <fullName>Rep. Calvert, Ken [R-CA-42]</fullName>
        <bioguideId>C000059</bioguideId>
        <lastName>CALVERT</lastName>
        <state>CA</state>
      </item>
      <item>
        <isOriginalCosponsor>False</isOriginalCosponsor>
        <middleName />
        <sponsorshipDate>2017-12-13</sponsorshipDate>
        <firstName>Dan</firstName>
        <party>R</party>
        <identifiers>
          <gpoId />
          <lisID>2275</lisID>
          <bioguideId>N000189</bioguideId>
        </identifiers>
        <district>4</district>
        <sponsorshipWithdrawnDate />
        <fullName>Rep. Newhouse, Dan [R-WA-4]</fullName>
        <bioguideId>N000189</bioguideId>
        <lastName>Newhouse</lastName>
        <state>WA</state>
      </item>
      <item>
        <isOriginalCosponsor>False</isOriginalCosponsor>
        <middleName />
        <sponsorshipDate>2017-12-21</sponsorshipDate>
        <firstName>Bill</firstName>
        <party>R</party>
        <identifiers>
          <lisID>1681</lisID>
          <gpoId>8127</gpoId>
          <bioguideId>S001154</bioguideId>
        </identifiers>
        <district>9</district>
        <sponsorshipWithdrawnDate />
        <fullName>Rep. Shuster, Bill [R-PA-9]</fullName>
        <bioguideId>S001154</bioguideId>
        <lastName>Shuster</lastName>
        <state>PA</state>
      </item>
    </cosponsors>
    <summaries>
      <billSummaries>
        <item>
          <text><![CDATA[<p><b>United States Commission on the Organization of Petroleum Exporting Countries Act of 2017</b></p> <p>This bill establishes the United States Commission on the Organization of Petroleum Exporting Countries (OPEC) to investigate and address any practices on the part of OPEC that prevent or reduce competition in the global oil market.</p> <p>The Commission shall be composed of a bipartisan group of 16 experts on energy and related matters chosen by the leadership of both parties in Congress and appointed by the President. All members of the Commission must be U.S. citizens.</p> <p>The bill requires the Commission to:</p> <ul> <li>determine whether the anti-competitive behavior of OPEC is designed to disadvantage U.S. oil producers;</li> <li>assess the impact of OPEC's policies on U.S. economic and energy security interests;</li> <li>assess how federal agencies are working to alleviate the potential negative impacts of OPEC's behavior; and</li> <li>produce policy recommendations for tax, trade, defense, diplomacy, and other areas where OPEC's behavior is found to cause adverse impacts.</li> </ul> <p>The Commission must submit a report of its findings and recommendations to Congress and the President within 12 months. The Commission shall terminate within 90 days after submission of its report. On receipt of the Commission's report, the President will have 90 days to submit Congress a proposal to implement or respond to the recommendations.</p>]]></text>
          <name>Introduced in House</name>
          <lastSummaryUpdateDate>2017-02-01T16:42:12Z</lastSummaryUpdateDate>
          <versionCode>00</versionCode>
          <actionDesc>Introduced in House</actionDesc>
          <updateDate>2017-01-13T05:00:00Z</updateDate>
          <actionDate>2017-01-13</actionDate>
        </item>
      </billSummaries>
    </summaries>
    <policyArea>
      <name>Energy</name>
    </policyArea>
    <latestAction>
      <links />
      <actionDate>2017-01-13</actionDate>
      <text>Referred to House Foreign Affairs</text>
    </latestAction>
    <updateDate>2018-02-06T16:40:54Z</updateDate>
    <committees>
      <billCommittees>
        <item>
          <type>Standing</type>
          <systemCode>hsfa00</systemCode>
          <subcommittees />
          <activities>
            <item>
              <date>2017-01-13T14:07:15Z</date>
              <name>Referred to</name>
            </item>
          </activities>
          <chamber>House</chamber>
          <name>Foreign Affairs Committee</name>
        </item>
        <item>
          <type>Standing</type>
          <systemCode>hsif00</systemCode>
          <subcommittees />
          <activities>
            <item>
              <date>2017-01-13T14:07:10Z</date>
              <name>Referred to</name>
            </item>
          </activities>
          <chamber>House</chamber>
          <name>Energy and Commerce Committee</name>
        </item>
      </billCommittees>
    </committees>
    <createDate>2017-01-14T04:47:33Z</createDate>
    <title>United States Commission on the Organization of Petroleum Exporting Countries Act of 2017</title>
    <committeeReports />
    <calendarNumbers />
  </bill>
  <dublinCore xmlns:dc="http://purl.org/dc/elements/1.1/">
    <dc:format>text/xml</dc:format>
    <dc:language>EN</dc:language>
    <dc:rights>Pursuant to Title 17 Section 105 of the United States Code, this file is not subject to copyright protection and is in the public domain.</dc:rights>
    <dc:contributor>Congressional Research Service, Library of Congress</dc:contributor>
    <dc:description>This file contains bill summaries and statuses for federal legislation. A bill summary describes the most significant provisions of a piece of legislation and details the effects the legislative text may have on current law and federal programs. Bill summaries are authored by the Congressional Research Service (CRS) of the Library of Congress. As stated in Public Law 91-510 (2 USC 166 (d)(6)), one of the duties of CRS is "to prepare summaries and digests of bills and resolutions of a public general nature introduced in the Senate or House of Representatives". For more information, refer to the User Guide that accompanies this file.</dc:description>
  </dublinCore>
</billStatus>

