<?xml version="1.0" encoding="UTF-8"?>
<billStatus>
  <bill>
    <introducedDate>2017-01-24</introducedDate>
    <congress>115</congress>
    <latestAction>
      <actionDate>2017-01-24</actionDate>
      <links />
      <text>Referred to the House Committee on Energy and Commerce.</text>
    </latestAction>
    <originChamber>House</originChamber>
    <billNumber>635</billNumber>
    <sponsors>
      <item>
        <state>IL</state>
        <identifiers>
          <lisID>1588</lisID>
          <bioguideId>S001145</bioguideId>
          <gpoId>7929</gpoId>
        </identifiers>
        <bioguideId>S001145</bioguideId>
        <lastName>SCHAKOWSKY</lastName>
        <fullName>Rep. Schakowsky, Janice D. [D-IL-9]</fullName>
        <district>9</district>
        <firstName>JANICE</firstName>
        <byRequestType />
        <middleName>D.</middleName>
        <party>D</party>
      </item>
    </sponsors>
    <committeeReports />
    <relatedBills>
      <item>
        <relationshipDetails>
          <item>
            <identifiedBy>CRS</identifiedBy>
            <type>Related bill</type>
          </item>
        </relationshipDetails>
        <latestAction>
          <actionDate>2017-01-23</actionDate>
          <text>Read twice and referred to the Committee on Health, Education, Labor, and Pensions.</text>
        </latestAction>
        <type>S</type>
        <number>194</number>
        <latestTitle>CHOICE Act</latestTitle>
        <congress>115</congress>
      </item>
    </relatedBills>
    <titles>
      <item>
        <chamberCode />
        <title>CHOICE Act</title>
        <titleType>(Extracted from GPO) Short Titles as Introduced</titleType>
        <parentTitleType />
        <chamberName />
      </item>
      <item>
        <chamberCode />
        <title>Consumer Health Options and Insurance Competition Enhancement Act</title>
        <titleType>(Extracted from GPO) Short Titles as Introduced</titleType>
        <parentTitleType />
        <chamberName />
      </item>
      <item>
        <chamberCode />
        <title>CHOICE Act</title>
        <titleType>Short Titles as Introduced</titleType>
        <parentTitleType />
        <chamberName />
      </item>
      <item>
        <chamberCode />
        <title>Consumer Health Options and Insurance Competition Enhancement Act</title>
        <titleType>Short Titles as Introduced</titleType>
        <parentTitleType />
        <chamberName />
      </item>
      <item>
        <chamberCode />
        <title>To amend the Public Health Service Act to establish a public health insurance option, and for other purposes.</title>
        <titleType>Official Title as Introduced</titleType>
        <parentTitleType />
        <chamberName />
      </item>
      <item>
        <chamberCode />
        <title>CHOICE Act</title>
        <titleType>Display Title</titleType>
        <parentTitleType />
        <chamberName />
      </item>
    </titles>
    <constitutionalAuthorityStatementText><![CDATA[<pre>From the Congressional Record Online through the Government Publishing Office [<a href='http://www.gpo.gov'>www.gpo.gov</a>]By Ms. SCHAKOWSKY:H.R. 635.Congress has the power to enact this legislation pursuantto the following:Article 1, Section 8: The Congress shall have power to layand collect taxes, duties, imposts and excises, to pay thedebts and provide for the common defense and general welfareof the United State[Page H687]</pre>]]></constitutionalAuthorityStatementText>
    <billType>HR</billType>
    <summaries>
      <billSummaries>
        <item>
          <versionCode>00</versionCode>
          <updateDate>2017-01-24T05:00:00Z</updateDate>
          <actionDate>2017-01-24</actionDate>
          <text><![CDATA[<p><b>Consumer Health Options and Insurance Competition Enhancement Act or the CHOICE Act</b></p> <p>This bill amends the Public Health Service Act to require the Department of Health and Human Services (HHS) to offer, throughout the United States, a public health insurance option that provides value, choice, competition, and the stability of affordable, high-quality coverage. Plans under the public health insurance option must be qualified health plans and must include plans with bronze, silver, and gold tier benefits. (Qualified health plans are sold on health insurance exchanges, are the only plans eligible for premium subsidies, and fulfill an individual's requirement to maintain minimum essential coverage.)</p> <p>HHS must establish an office of the ombudsman for the public health insurance option.</p> <p>States may establish advisory councils to provide recommendations to HHS on the operations and policies of the public health insurance option.</p> <p>HHS must collect data to establish rates for premiums and health care provider reimbursement and for other purposes.</p> <p>Premium rates for public health insurance option plans must: (1) fully finance administrative costs and provided health benefits, and (2) include a contingency margin.</p> <p>HHS must negotiate rates for health care providers and prescription drugs under the public health insurance option. If HHS is unable to reach a negotiated agreement on rates, HHS must use Medicare rates.</p> <p>States may not tax federal receipts or disbursements attributable to the operation of the public health insurance option.</p> HHS must establish conditions for participation by health care providers in the public health insurance option. A provider participating in Medicare or Medicaid is a participant in the public health insurance option unless the provider opts out.]]></text>
          <actionDesc>Introduced in House</actionDesc>
          <lastSummaryUpdateDate>2017-04-06T20:22:05Z</lastSummaryUpdateDate>
          <name>Introduced in House</name>
        </item>
      </billSummaries>
    </summaries>
    <subjects>
      <billSubjects>
        <policyArea>
          <name>Health</name>
        </policyArea>
        <legislativeSubjects>
          <item>
            <name>Advisory bodies</name>
          </item>
          <item>
            <name>Department of Health and Human Services</name>
          </item>
          <item>
            <name>Executive agency funding and structure</name>
          </item>
          <item>
            <name>Health care costs and insurance</name>
          </item>
          <item>
            <name>Health care coverage and access</name>
          </item>
          <item>
            <name>Health care quality</name>
          </item>
          <item>
            <name>Health information and medical records</name>
          </item>
          <item>
            <name>Health programs administration and funding</name>
          </item>
          <item>
            <name>Medicaid</name>
          </item>
          <item>
            <name>Medicare</name>
          </item>
          <item>
            <name>Prescription drugs</name>
          </item>
          <item>
            <name>Public contracts and procurement</name>
          </item>
          <item>
            <name>State and local government operations</name>
          </item>
        </legislativeSubjects>
      </billSubjects>
    </subjects>
    <laws />
    <policyArea>
      <name>Health</name>
    </policyArea>
    <committees>
      <billCommittees>
        <item>
          <chamber>House</chamber>
          <name>Energy and Commerce Committee</name>
          <systemCode>hsif00</systemCode>
          <activities>
            <item>
              <date>2017-01-24T15:08:30Z</date>
              <name>Referred to</name>
            </item>
          </activities>
          <type>Standing</type>
          <subcommittees />
        </item>
      </billCommittees>
    </committees>
    <version>1.0.0</version>
    <recordedVotes />
    <updateDate>2018-02-06T16:41:01Z</updateDate>
    <title>CHOICE Act</title>
    <createDate>2017-01-25T04:45:55Z</createDate>
    <cboCostEstimates />
    <actions>
      <item>
        <links />
        <actionDate>2017-01-24</actionDate>
        <type>IntroReferral</type>
        <text>Referred to the House Committee on Energy and Commerce.</text>
        <actionCode>H11100</actionCode>
        <sourceSystem>
          <name>House floor actions</name>
          <code>2</code>
        </sourceSystem>
        <committee>
          <systemCode>hsif00</systemCode>
          <name>Energy and Commerce Committee</name>
        </committee>
      </item>
      <item>
        <links />
        <actionDate>2017-01-24</actionDate>
        <type>IntroReferral</type>
        <text>Introduced in House</text>
        <actionCode>Intro-H</actionCode>
        <sourceSystem>
          <name>Library of Congress</name>
          <code>9</code>
        </sourceSystem>
        <committee />
      </item>
      <item>
        <links />
        <actionDate>2017-01-24</actionDate>
        <type>IntroReferral</type>
        <text>Introduced in House</text>
        <actionCode>1000</actionCode>
        <sourceSystem>
          <name>Library of Congress</name>
          <code>9</code>
        </sourceSystem>
        <committee />
      </item>
      <actionByCounts>
        <houseOfRepresentatives>3</houseOfRepresentatives>
      </actionByCounts>
      <actionTypeCounts>
        <billReferrals>1</billReferrals>
        <introducedInTheHouse>1</introducedInTheHouse>
        <introducedInHouse>1</introducedInHouse>
      </actionTypeCounts>
    </actions>
    <amendments />
    <notes />
    <calendarNumbers />
    <cosponsors>
      <item>
        <identifiers>
          <bioguideId>D000610</bioguideId>
          <gpoId>7891</gpoId>
          <lisID>1976</lisID>
        </identifiers>
        <sponsorshipDate>2017-01-24</sponsorshipDate>
        <district>22</district>
        <middleName>E.</middleName>
        <sponsorshipWithdrawnDate />
        <fullName>Rep. Deutch, Theodore E. [D-FL-22]</fullName>
        <party>D</party>
        <firstName>Theodore</firstName>
        <isOriginalCosponsor>True</isOriginalCosponsor>
        <lastName>Deutch</lastName>
        <state>FL</state>
        <bioguideId>D000610</bioguideId>
      </item>
      <item>
        <identifiers>
          <bioguideId>N000147</bioguideId>
          <lisID>868</lisID>
          <gpoId>7871</gpoId>
        </identifiers>
        <sponsorshipDate>2017-01-24</sponsorshipDate>
        <district>0</district>
        <middleName>HOLMES</middleName>
        <sponsorshipWithdrawnDate />
        <fullName>Rep. Norton, Eleanor Holmes [D-DC-At Large]</fullName>
        <party>D</party>
        <firstName>ELEANOR</firstName>
        <isOriginalCosponsor>True</isOriginalCosponsor>
        <lastName>NORTON</lastName>
        <state>DC</state>
        <bioguideId>N000147</bioguideId>
      </item>
      <item>
        <identifiers>
          <gpoId>7810</gpoId>
          <bioguideId>M001163</bioguideId>
          <lisID>1814</lisID>
        </identifiers>
        <sponsorshipDate>2017-01-24</sponsorshipDate>
        <district>6</district>
        <middleName>O.</middleName>
        <sponsorshipWithdrawnDate />
        <fullName>Rep. Matsui, Doris O. [D-CA-6]</fullName>
        <party>D</party>
        <firstName>Doris</firstName>
        <isOriginalCosponsor>True</isOriginalCosponsor>
        <lastName>Matsui</lastName>
        <state>CA</state>
        <bioguideId>M001163</bioguideId>
      </item>
      <item>
        <identifiers>
          <gpoId>8078</gpoId>
          <bioguideId>E000179</bioguideId>
          <lisID>344</lisID>
        </identifiers>
        <sponsorshipDate>2017-01-24</sponsorshipDate>
        <district>16</district>
        <middleName>L.</middleName>
        <sponsorshipWithdrawnDate />
        <fullName>Rep. Engel, Eliot L. [D-NY-16]</fullName>
        <party>D</party>
        <firstName>ELIOT</firstName>
        <isOriginalCosponsor>True</isOriginalCosponsor>
        <lastName>ENGEL</lastName>
        <state>NY</state>
        <bioguideId>E000179</bioguideId>
      </item>
      <item>
        <identifiers>
          <gpoId>7984</gpoId>
          <bioguideId>P000597</bioguideId>
          <lisID>1927</lisID>
        </identifiers>
        <sponsorshipDate>2017-01-24</sponsorshipDate>
        <district>1</district>
        <middleName />
        <sponsorshipWithdrawnDate />
        <fullName>Rep. Pingree, Chellie [D-ME-1]</fullName>
        <party>D</party>
        <firstName>Chellie</firstName>
        <isOriginalCosponsor>True</isOriginalCosponsor>
        <lastName>Pingree</lastName>
        <state>ME</state>
        <bioguideId>P000597</bioguideId>
      </item>
      <item>
        <identifiers>
          <bioguideId>P000598</bioguideId>
          <lisID>1910</lisID>
          <gpoId>7860</gpoId>
        </identifiers>
        <sponsorshipDate>2017-01-24</sponsorshipDate>
        <district>2</district>
        <middleName />
        <sponsorshipWithdrawnDate />
        <fullName>Rep. Polis, Jared [D-CO-2]</fullName>
        <party>D</party>
        <firstName>Jared</firstName>
        <isOriginalCosponsor>True</isOriginalCosponsor>
        <lastName>Polis</lastName>
        <state>CO</state>
        <bioguideId>P000598</bioguideId>
      </item>
      <item>
        <identifiers>
          <gpoId>8005</gpoId>
          <lisID>1857</lisID>
          <bioguideId>E000288</bioguideId>
        </identifiers>
        <sponsorshipDate>2017-01-24</sponsorshipDate>
        <district>5</district>
        <middleName />
        <sponsorshipWithdrawnDate />
        <fullName>Rep. Ellison, Keith [D-MN-5]</fullName>
        <party>D</party>
        <firstName>Keith</firstName>
        <isOriginalCosponsor>True</isOriginalCosponsor>
        <lastName>Ellison</lastName>
        <state>MN</state>
        <bioguideId>E000288</bioguideId>
      </item>
      <item>
        <identifiers>
          <bioguideId>T000472</bioguideId>
          <gpoId />
          <lisID>2110</lisID>
        </identifiers>
        <sponsorshipDate>2017-01-24</sponsorshipDate>
        <district>41</district>
        <middleName />
        <sponsorshipWithdrawnDate />
        <fullName>Rep. Takano, Mark [D-CA-41]</fullName>
        <party>D</party>
        <firstName>Mark</firstName>
        <isOriginalCosponsor>True</isOriginalCosponsor>
        <lastName>Takano</lastName>
        <state>CA</state>
        <bioguideId>T000472</bioguideId>
      </item>
      <item>
        <identifiers>
          <lisID>1037</lisID>
          <gpoId>8194</gpoId>
          <bioguideId>S000185</bioguideId>
        </identifiers>
        <sponsorshipDate>2017-01-24</sponsorshipDate>
        <district>3</district>
        <middleName>C. "Bobby"</middleName>
        <sponsorshipWithdrawnDate />
        <fullName>Rep. Scott, Robert C. "Bobby" [D-VA-3]</fullName>
        <party>D</party>
        <firstName>Robert</firstName>
        <isOriginalCosponsor>True</isOriginalCosponsor>
        <lastName>Scott</lastName>
        <state>VA</state>
        <bioguideId>S000185</bioguideId>
      </item>
      <item>
        <identifiers>
          <lisID>2171</lisID>
          <bioguideId>P000607</bioguideId>
          <gpoId />
        </identifiers>
        <sponsorshipDate>2017-01-24</sponsorshipDate>
        <district>2</district>
        <middleName />
        <sponsorshipWithdrawnDate />
        <fullName>Rep. Pocan, Mark [D-WI-2]</fullName>
        <party>D</party>
        <firstName>Mark</firstName>
        <isOriginalCosponsor>True</isOriginalCosponsor>
        <lastName>Pocan</lastName>
        <state>WI</state>
        <bioguideId>P000607</bioguideId>
      </item>
      <item>
        <identifiers>
          <bioguideId>S001168</bioguideId>
          <lisID>1854</lisID>
          <gpoId>7978</gpoId>
        </identifiers>
        <sponsorshipDate>2017-01-24</sponsorshipDate>
        <district>3</district>
        <middleName>P.</middleName>
        <sponsorshipWithdrawnDate />
        <fullName>Rep. Sarbanes, John P. [D-MD-3]</fullName>
        <party>D</party>
        <firstName>John</firstName>
        <isOriginalCosponsor>True</isOriginalCosponsor>
        <lastName>Sarbanes</lastName>
        <state>MD</state>
        <bioguideId>S001168</bioguideId>
      </item>
      <item>
        <identifiers>
          <lisID>1653</lisID>
          <bioguideId>M001143</bioguideId>
          <gpoId>8004</gpoId>
        </identifiers>
        <sponsorshipDate>2017-01-24</sponsorshipDate>
        <district>4</district>
        <middleName />
        <sponsorshipWithdrawnDate />
        <fullName>Rep. McCollum, Betty [D-MN-4]</fullName>
        <party>D</party>
        <firstName>BETTY</firstName>
        <isOriginalCosponsor>True</isOriginalCosponsor>
        <lastName>MCCOLLUM</lastName>
        <state>MN</state>
        <bioguideId>M001143</bioguideId>
      </item>
      <item>
        <identifiers>
          <lisID>688</lisID>
          <bioguideId>L000287</bioguideId>
          <gpoId>7902</gpoId>
        </identifiers>
        <sponsorshipDate>2017-01-24</sponsorshipDate>
        <district>5</district>
        <middleName />
        <sponsorshipWithdrawnDate />
        <fullName>Rep. Lewis, John [D-GA-5]</fullName>
        <party>D</party>
        <firstName>JOHN</firstName>
        <isOriginalCosponsor>True</isOriginalCosponsor>
        <lastName>LEWIS</lastName>
        <state>GA</state>
        <bioguideId>L000287</bioguideId>
      </item>
      <item>
        <identifiers>
          <gpoId>8217</gpoId>
          <bioguideId>M001160</bioguideId>
          <lisID>1811</lisID>
        </identifiers>
        <sponsorshipDate>2017-01-24</sponsorshipDate>
        <district>4</district>
        <middleName />
        <sponsorshipWithdrawnDate />
        <fullName>Rep. Moore, Gwen [D-WI-4]</fullName>
        <party>D</party>
        <firstName>Gwen</firstName>
        <isOriginalCosponsor>True</isOriginalCosponsor>
        <lastName>Moore</lastName>
        <state>WI</state>
        <bioguideId>M001160</bioguideId>
      </item>
      <item>
        <identifiers>
          <lisID>1973</lisID>
          <bioguideId>G000559</bioguideId>
          <gpoId>7815</gpoId>
        </identifiers>
        <sponsorshipDate>2017-01-31</sponsorshipDate>
        <district>3</district>
        <middleName />
        <sponsorshipWithdrawnDate />
        <fullName>Rep. Garamendi, John [D-CA-3]</fullName>
        <party>D</party>
        <firstName>John</firstName>
        <isOriginalCosponsor>False</isOriginalCosponsor>
        <lastName>Garamendi</lastName>
        <state>CA</state>
        <bioguideId>G000559</bioguideId>
      </item>
      <item>
        <identifiers>
          <lisID>281</lisID>
          <bioguideId>D000216</bioguideId>
          <gpoId>7868</gpoId>
        </identifiers>
        <sponsorshipDate>2017-01-31</sponsorshipDate>
        <district>3</district>
        <middleName />
        <sponsorshipWithdrawnDate />
        <fullName>Rep. DeLauro, Rosa L. [D-CT-3]</fullName>
        <party>D</party>
        <firstName>ROSA</firstName>
        <isOriginalCosponsor>False</isOriginalCosponsor>
        <lastName>DELAURO</lastName>
        <state>CT</state>
        <bioguideId>D000216</bioguideId>
      </item>
      <item>
        <identifiers>
          <bioguideId>C000714</bioguideId>
          <gpoId>7999</gpoId>
          <lisID>229</lisID>
        </identifiers>
        <sponsorshipDate>2017-01-31</sponsorshipDate>
        <district>13</district>
        <middleName />
        <sponsorshipWithdrawnDate />
        <fullName>Rep. Conyers, John, Jr. [D-MI-13]</fullName>
        <party>D</party>
        <firstName>JOHN</firstName>
        <isOriginalCosponsor>False</isOriginalCosponsor>
        <lastName>CONYERS</lastName>
        <state>MI</state>
        <bioguideId>C000714</bioguideId>
      </item>
      <item>
        <identifiers>
          <lisID>1970</lisID>
          <gpoId>7837</gpoId>
          <bioguideId>C001080</bioguideId>
        </identifiers>
        <sponsorshipDate>2017-01-31</sponsorshipDate>
        <district>27</district>
        <middleName />
        <sponsorshipWithdrawnDate />
        <fullName>Rep. Chu, Judy [D-CA-27]</fullName>
        <party>D</party>
        <firstName>Judy</firstName>
        <isOriginalCosponsor>False</isOriginalCosponsor>
        <lastName>Chu</lastName>
        <state>CA</state>
        <bioguideId>C001080</bioguideId>
      </item>
      <item>
        <identifiers>
          <bioguideId>C001068</bioguideId>
          <lisID>1878</lisID>
          <gpoId>8156</gpoId>
        </identifiers>
        <sponsorshipDate>2017-02-02</sponsorshipDate>
        <district>9</district>
        <middleName />
        <sponsorshipWithdrawnDate />
        <fullName>Rep. Cohen, Steve [D-TN-9]</fullName>
        <party>D</party>
        <firstName>Steve</firstName>
        <isOriginalCosponsor>False</isOriginalCosponsor>
        <lastName>Cohen</lastName>
        <state>TN</state>
        <bioguideId>C001068</bioguideId>
      </item>
      <item>
        <identifiers>
          <lisID>1853</lisID>
          <gpoId>7955</gpoId>
          <bioguideId>Y000062</bioguideId>
        </identifiers>
        <sponsorshipDate>2017-02-27</sponsorshipDate>
        <district>3</district>
        <middleName>A.</middleName>
        <sponsorshipWithdrawnDate />
        <fullName>Rep. Yarmuth, John A. [D-KY-3]</fullName>
        <party>D</party>
        <firstName>John</firstName>
        <isOriginalCosponsor>False</isOriginalCosponsor>
        <lastName>Yarmuth</lastName>
        <state>KY</state>
        <bioguideId>Y000062</bioguideId>
      </item>
      <item>
        <identifiers>
          <gpoId>8139</gpoId>
          <lisID>2055</lisID>
          <bioguideId>C001084</bioguideId>
        </identifiers>
        <sponsorshipDate>2017-04-03</sponsorshipDate>
        <district>1</district>
        <middleName>N.</middleName>
        <sponsorshipWithdrawnDate />
        <fullName>Rep. Cicilline, David N. [D-RI-1]</fullName>
        <party>D</party>
        <firstName>David</firstName>
        <isOriginalCosponsor>False</isOriginalCosponsor>
        <lastName>Cicilline</lastName>
        <state>RI</state>
        <bioguideId>C001084</bioguideId>
      </item>
      <item>
        <identifiers>
          <lisID>2101</lisID>
          <bioguideId>H001068</bioguideId>
          <gpoId />
        </identifiers>
        <sponsorshipDate>2017-04-05</sponsorshipDate>
        <district>2</district>
        <middleName />
        <sponsorshipWithdrawnDate />
        <fullName>Rep. Huffman, Jared [D-CA-2]</fullName>
        <party>D</party>
        <firstName>Jared</firstName>
        <isOriginalCosponsor>False</isOriginalCosponsor>
        <lastName>Huffman</lastName>
        <state>CA</state>
        <bioguideId>H001068</bioguideId>
      </item>
      <item>
        <identifiers>
          <gpoId />
          <bioguideId>K000391</bioguideId>
          <lisID>2325</lisID>
        </identifiers>
        <sponsorshipDate>2017-04-06</sponsorshipDate>
        <district>8</district>
        <middleName />
        <sponsorshipWithdrawnDate />
        <fullName>Rep. Krishnamoorthi, Raja [D-IL-8]</fullName>
        <party>D</party>
        <firstName>Raja</firstName>
        <isOriginalCosponsor>False</isOriginalCosponsor>
        <lastName>Krishnamoorthi</lastName>
        <state>IL</state>
        <bioguideId>K000391</bioguideId>
      </item>
      <item>
        <identifiers>
          <lisID>1526</lisID>
          <gpoId>7832</gpoId>
          <bioguideId>S000344</bioguideId>
        </identifiers>
        <sponsorshipDate>2017-04-25</sponsorshipDate>
        <district>30</district>
        <middleName />
        <sponsorshipWithdrawnDate />
        <fullName>Rep. Sherman, Brad [D-CA-30]</fullName>
        <party>D</party>
        <firstName>BRAD</firstName>
        <isOriginalCosponsor>False</isOriginalCosponsor>
        <lastName>SHERMAN</lastName>
        <state>CA</state>
        <bioguideId>S000344</bioguideId>
      </item>
      <item>
        <identifiers>
          <lisID>1635</lisID>
          <bioguideId>S001150</bioguideId>
          <gpoId>7834</gpoId>
        </identifiers>
        <sponsorshipDate>2017-04-25</sponsorshipDate>
        <district>28</district>
        <middleName>B.</middleName>
        <sponsorshipWithdrawnDate />
        <fullName>Rep. Schiff, Adam B. [D-CA-28]</fullName>
        <party>D</party>
        <firstName>ADAM</firstName>
        <isOriginalCosponsor>False</isOriginalCosponsor>
        <lastName>SCHIFF</lastName>
        <state>CA</state>
        <bioguideId>S001150</bioguideId>
      </item>
      <item>
        <identifiers>
          <lisID>1777</lisID>
          <gpoId>7892</gpoId>
          <bioguideId>W000797</bioguideId>
        </identifiers>
        <sponsorshipDate>2017-05-02</sponsorshipDate>
        <district>23</district>
        <middleName />
        <sponsorshipWithdrawnDate />
        <fullName>Rep. Wasserman Schultz, Debbie [D-FL-23]</fullName>
        <party>D</party>
        <firstName>Debbie</firstName>
        <isOriginalCosponsor>False</isOriginalCosponsor>
        <lastName>Wasserman Schultz</lastName>
        <state>FL</state>
        <bioguideId>W000797</bioguideId>
      </item>
      <item>
        <identifiers>
          <gpoId>8116</gpoId>
          <bioguideId>B000574</bioguideId>
          <lisID>99</lisID>
        </identifiers>
        <sponsorshipDate>2017-05-02</sponsorshipDate>
        <district>3</district>
        <middleName />
        <sponsorshipWithdrawnDate />
        <fullName>Rep. Blumenauer, Earl [D-OR-3]</fullName>
        <party>D</party>
        <firstName>EARL</firstName>
        <isOriginalCosponsor>False</isOriginalCosponsor>
        <lastName>BLUMENAUER</lastName>
        <state>OR</state>
        <bioguideId>B000574</bioguideId>
      </item>
      <item>
        <identifiers>
          <lisID>1967</lisID>
          <bioguideId>Q000023</bioguideId>
          <gpoId>7925</gpoId>
        </identifiers>
        <sponsorshipDate>2017-05-19</sponsorshipDate>
        <district>5</district>
        <middleName />
        <sponsorshipWithdrawnDate />
        <fullName>Rep. Quigley, Mike [D-IL-5]</fullName>
        <party>D</party>
        <firstName>Mike</firstName>
        <isOriginalCosponsor>False</isOriginalCosponsor>
        <lastName>Quigley</lastName>
        <state>IL</state>
        <bioguideId>Q000023</bioguideId>
      </item>
      <item>
        <identifiers>
          <bioguideId>D000482</bioguideId>
          <lisID>316</lisID>
          <gpoId>8132</gpoId>
        </identifiers>
        <sponsorshipDate>2017-06-06</sponsorshipDate>
        <district>14</district>
        <middleName />
        <sponsorshipWithdrawnDate />
        <fullName>Rep. Doyle, Michael F. [D-PA-14]</fullName>
        <party>D</party>
        <firstName>MIKE</firstName>
        <isOriginalCosponsor>False</isOriginalCosponsor>
        <lastName>DOYLE</lastName>
        <state>PA</state>
        <bioguideId>D000482</bioguideId>
      </item>
      <item>
        <identifiers>
          <lisID>1942</lisID>
          <bioguideId>T000469</bioguideId>
          <gpoId>8082</gpoId>
        </identifiers>
        <sponsorshipDate>2017-06-06</sponsorshipDate>
        <district>20</district>
        <middleName />
        <sponsorshipWithdrawnDate />
        <fullName>Rep. Tonko, Paul [D-NY-20]</fullName>
        <party>D</party>
        <firstName>Paul</firstName>
        <isOriginalCosponsor>False</isOriginalCosponsor>
        <lastName>Tonko</lastName>
        <state>NY</state>
        <bioguideId>T000469</bioguideId>
      </item>
      <item>
        <identifiers>
          <lisID>1708</lisID>
          <bioguideId>G000551</bioguideId>
          <gpoId>7804</gpoId>
        </identifiers>
        <sponsorshipDate>2017-06-06</sponsorshipDate>
        <district>3</district>
        <middleName>M.</middleName>
        <sponsorshipWithdrawnDate />
        <fullName>Rep. Grijalva, Raul M. [D-AZ-3]</fullName>
        <party>D</party>
        <firstName>Raul</firstName>
        <isOriginalCosponsor>False</isOriginalCosponsor>
        <lastName>Grijalva</lastName>
        <state>AZ</state>
        <bioguideId>G000551</bioguideId>
      </item>
      <item>
        <identifiers>
          <gpoId>7843</gpoId>
          <bioguideId>N000179</bioguideId>
          <lisID>1602</lisID>
        </identifiers>
        <sponsorshipDate>2017-06-06</sponsorshipDate>
        <district>32</district>
        <middleName>F.</middleName>
        <sponsorshipWithdrawnDate />
        <fullName>Rep. Napolitano, Grace F. [D-CA-32]</fullName>
        <party>D</party>
        <firstName>GRACE</firstName>
        <isOriginalCosponsor>False</isOriginalCosponsor>
        <lastName>NAPOLITANO</lastName>
        <state>CA</state>
        <bioguideId>N000179</bioguideId>
      </item>
      <item>
        <identifiers>
          <lisID>2196</lisID>
          <gpoId />
          <bioguideId>C001101</bioguideId>
        </identifiers>
        <sponsorshipDate>2017-06-08</sponsorshipDate>
        <district>5</district>
        <middleName>M.</middleName>
        <sponsorshipWithdrawnDate />
        <fullName>Rep. Clark, Katherine M. [D-MA-5]</fullName>
        <party>D</party>
        <firstName>Katherine</firstName>
        <isOriginalCosponsor>False</isOriginalCosponsor>
        <lastName>Clark</lastName>
        <state>MA</state>
        <bioguideId>C001101</bioguideId>
      </item>
      <item>
        <identifiers>
          <bioguideId>L000579</bioguideId>
          <lisID>2111</lisID>
          <gpoId />
        </identifiers>
        <sponsorshipDate>2017-06-08</sponsorshipDate>
        <district>47</district>
        <middleName>S.</middleName>
        <sponsorshipWithdrawnDate />
        <fullName>Rep. Lowenthal, Alan S. [D-CA-47]</fullName>
        <party>D</party>
        <firstName>Alan</firstName>
        <isOriginalCosponsor>False</isOriginalCosponsor>
        <lastName>Lowenthal</lastName>
        <state>CA</state>
        <bioguideId>L000579</bioguideId>
      </item>
      <item>
        <identifiers>
          <lisID>2119</lisID>
          <bioguideId>F000462</bioguideId>
          <gpoId />
        </identifiers>
        <sponsorshipDate>2017-06-15</sponsorshipDate>
        <district>21</district>
        <middleName />
        <sponsorshipWithdrawnDate />
        <fullName>Rep. Frankel, Lois [D-FL-21]</fullName>
        <party>D</party>
        <firstName>Lois</firstName>
        <isOriginalCosponsor>False</isOriginalCosponsor>
        <lastName>Frankel</lastName>
        <state>FL</state>
        <bioguideId>F000462</bioguideId>
      </item>
      <item>
        <identifiers>
          <lisID>2340</lisID>
          <bioguideId>K000390</bioguideId>
          <gpoId />
        </identifiers>
        <sponsorshipDate>2017-07-20</sponsorshipDate>
        <district>4</district>
        <middleName>J.</middleName>
        <sponsorshipWithdrawnDate />
        <fullName>Rep. Kihuen, Ruben J. [D-NV-4]</fullName>
        <party>D</party>
        <firstName>Ruben</firstName>
        <isOriginalCosponsor>False</isOriginalCosponsor>
        <lastName>Kihuen</lastName>
        <state>NV</state>
        <bioguideId>K000390</bioguideId>
      </item>
      <item>
        <identifiers>
          <lisID>2339</lisID>
          <gpoId />
          <bioguideId>R000608</bioguideId>
        </identifiers>
        <sponsorshipDate>2017-07-24</sponsorshipDate>
        <district>3</district>
        <middleName />
        <sponsorshipWithdrawnDate />
        <fullName>Rep. Rosen, Jacky [D-NV-3]</fullName>
        <party>D</party>
        <firstName>Jacky</firstName>
        <isOriginalCosponsor>False</isOriginalCosponsor>
        <lastName>Rosen</lastName>
        <state>NV</state>
        <bioguideId>R000608</bioguideId>
      </item>
      <item>
        <identifiers>
          <bioguideId>D000197</bioguideId>
          <lisID>1479</lisID>
          <gpoId>7859</gpoId>
        </identifiers>
        <sponsorshipDate>2017-09-25</sponsorshipDate>
        <district>1</district>
        <middleName />
        <sponsorshipWithdrawnDate />
        <fullName>Rep. DeGette, Diana [D-CO-1]</fullName>
        <party>D</party>
        <firstName>DIANA</firstName>
        <isOriginalCosponsor>False</isOriginalCosponsor>
        <lastName>DEGETTE</lastName>
        <state>CO</state>
        <bioguideId>D000197</bioguideId>
      </item>
      <item>
        <identifiers>
          <bioguideId>L000559</bioguideId>
          <lisID>1668</lisID>
          <gpoId>8140</gpoId>
        </identifiers>
        <sponsorshipDate>2017-10-23</sponsorshipDate>
        <district>2</district>
        <middleName>R.</middleName>
        <sponsorshipWithdrawnDate />
        <fullName>Rep. Langevin, James R. [D-RI-2]</fullName>
        <party>D</party>
        <firstName>JAMES</firstName>
        <isOriginalCosponsor>False</isOriginalCosponsor>
        <lastName>LANGEVIN</lastName>
        <state>RI</state>
        <bioguideId>L000559</bioguideId>
      </item>
      <item>
        <identifiers>
          <lisID>1510</lisID>
          <bioguideId>P000096</bioguideId>
          <gpoId>8050</gpoId>
        </identifiers>
        <sponsorshipDate>2017-12-05</sponsorshipDate>
        <district>9</district>
        <middleName>J.</middleName>
        <sponsorshipWithdrawnDate />
        <fullName>Rep. Pascrell, Bill, Jr. [D-NJ-9]</fullName>
        <party>D</party>
        <firstName>WILLIAM</firstName>
        <isOriginalCosponsor>False</isOriginalCosponsor>
        <lastName>PASCRELL</lastName>
        <state>NJ</state>
        <bioguideId>P000096</bioguideId>
      </item>
    </cosponsors>
  </bill>
  <dublinCore xmlns:dc="http://purl.org/dc/elements/1.1/">
    <dc:format>text/xml</dc:format>
    <dc:language>EN</dc:language>
    <dc:rights>Pursuant to Title 17 Section 105 of the United States Code, this file is not subject to copyright protection and is in the public domain.</dc:rights>
    <dc:contributor>Congressional Research Service, Library of Congress</dc:contributor>
    <dc:description>This file contains bill summaries and statuses for federal legislation. A bill summary describes the most significant provisions of a piece of legislation and details the effects the legislative text may have on current law and federal programs. Bill summaries are authored by the Congressional Research Service (CRS) of the Library of Congress. As stated in Public Law 91-510 (2 USC 166 (d)(6)), one of the duties of CRS is "to prepare summaries and digests of bills and resolutions of a public general nature introduced in the Senate or House of Representatives". For more information, refer to the User Guide that accompanies this file.</dc:description>
  </dublinCore>
</billStatus>

