<?xml version="1.0" encoding="UTF-8"?>
<billStatus>
  <bill>
    <notes />
    <titles>
      <item>
        <parentTitleType>Short Titles House of Representatives</parentTitleType>
        <chamberCode>H</chamberCode>
        <chamberName>House</chamberName>
        <titleType>Short Titles as Passed House</titleType>
        <title>REPORT Act</title>
      </item>
      <item>
        <parentTitleType>Short Titles House of Representatives</parentTitleType>
        <chamberCode>H</chamberCode>
        <chamberName>House</chamberName>
        <titleType>Short Titles as Passed House</titleType>
        <title>Reporting Efficiently to Proper Officials in Response to Terrorism Act of 2017</title>
      </item>
      <item>
        <parentTitleType>Short Titles House of Representatives</parentTitleType>
        <chamberCode>H</chamberCode>
        <chamberName>House</chamberName>
        <titleType>Short Titles as Reported to House</titleType>
        <title>REPORT Act</title>
      </item>
      <item>
        <parentTitleType>Short Titles House of Representatives</parentTitleType>
        <chamberCode>H</chamberCode>
        <chamberName>House</chamberName>
        <titleType>Short Titles as Reported to House</titleType>
        <title>Reporting Efficiently to Proper Officials in Response to Terrorism Act of 2017</title>
      </item>
      <item>
        <parentTitleType />
        <chamberCode />
        <chamberName />
        <titleType>Short Titles as Introduced</titleType>
        <title>REPORT Act</title>
      </item>
      <item>
        <parentTitleType />
        <chamberCode />
        <chamberName />
        <titleType>Short Titles as Introduced</titleType>
        <title>Reporting Efficiently to Proper Officials in Response to Terrorism Act of 2017</title>
      </item>
      <item>
        <parentTitleType />
        <chamberCode />
        <chamberName />
        <titleType>Official Title as Introduced</titleType>
        <title>To provide for joint reports by relevant Federal agencies to Congress regarding incidents of terrorism, and for other purposes.</title>
      </item>
      <item>
        <parentTitleType />
        <chamberCode />
        <chamberName />
        <titleType>Display Title</titleType>
        <title>REPORT Act</title>
      </item>
      <item>
        <parentTitleType />
        <chamberCode>H</chamberCode>
        <chamberName>House</chamberName>
        <titleType>(Extracted from GPO) Short Titles as Passed House</titleType>
        <title>REPORT Act</title>
      </item>
      <item>
        <parentTitleType />
        <chamberCode>H</chamberCode>
        <chamberName>House</chamberName>
        <titleType>(Extracted from GPO) Short Titles as Passed House</titleType>
        <title>Reporting Efficiently to Proper Officials in Response to Terrorism Act of 2017</title>
      </item>
      <item>
        <parentTitleType />
        <chamberCode>H</chamberCode>
        <chamberName>House</chamberName>
        <titleType>(Extracted from GPO) Short Titles as Reported to House</titleType>
        <title>REPORT Act</title>
      </item>
      <item>
        <parentTitleType />
        <chamberCode>H</chamberCode>
        <chamberName>House</chamberName>
        <titleType>(Extracted from GPO) Short Titles as Reported to House</titleType>
        <title>Reporting Efficiently to Proper Officials in Response to Terrorism Act of 2017</title>
      </item>
      <item>
        <parentTitleType />
        <chamberCode />
        <chamberName />
        <titleType>(Extracted from GPO) Short Titles as Introduced</titleType>
        <title>REPORT Act</title>
      </item>
      <item>
        <parentTitleType />
        <chamberCode />
        <chamberName />
        <titleType>(Extracted from GPO) Short Titles as Introduced</titleType>
        <title>Reporting Efficiently to Proper Officials in Response to Terrorism Act of 2017</title>
      </item>
    </titles>
    <introducedDate>2017-01-24</introducedDate>
    <title>REPORT Act</title>
    <subjects>
      <billSubjects>
        <legislativeSubjects>
          <item>
            <name>Congressional oversight</name>
          </item>
          <item>
            <name>Crime prevention</name>
          </item>
          <item>
            <name>Criminal investigation, prosecution, interrogation</name>
          </item>
          <item>
            <name>Government studies and investigations</name>
          </item>
          <item>
            <name>Homeland security</name>
          </item>
          <item>
            <name>Terrorism</name>
          </item>
        </legislativeSubjects>
        <policyArea>
          <name>Emergency Management</name>
        </policyArea>
      </billSubjects>
    </subjects>
    <constitutionalAuthorityStatementText><![CDATA[<pre>From the Congressional Record Online through the Government Publishing Office [<a href='http://www.gpo.gov'>www.gpo.gov</a>]By Mr. AGUILAR:H.R. 625.Congress has the power to enact this legislation pursuantto the following:Article 1, section 8, clause 18 of the United StatesConstitution.[Page H687]</pre>]]></constitutionalAuthorityStatementText>
    <laws />
    <relatedBills>
      <item>
        <type>S</type>
        <latestAction>
          <text>Placed on Senate Legislative Calendar under General Orders. Calendar No. 336.</text>
          <actionDate>2018-02-26</actionDate>
        </latestAction>
        <relationshipDetails>
          <item>
            <type>Related bill</type>
            <identifiedBy>CRS</identifiedBy>
          </item>
        </relationshipDetails>
        <latestTitle>REPORT Act</latestTitle>
        <congress>115</congress>
        <number>1884</number>
      </item>
    </relatedBills>
    <recordedVotes />
    <updateDate>2018-02-28T08:41:05Z</updateDate>
    <congress>115</congress>
    <sponsors>
      <item>
        <identifiers>
          <gpoId />
          <lisID>2229</lisID>
          <bioguideId>A000371</bioguideId>
        </identifiers>
        <middleName />
        <bioguideId>A000371</bioguideId>
        <firstName>Pete</firstName>
        <byRequestType />
        <state>CA</state>
        <fullName>Rep. Aguilar, Pete [D-CA-31]</fullName>
        <lastName>Aguilar</lastName>
        <district>31</district>
        <party>D</party>
      </item>
    </sponsors>
    <committeeReports>
      <committeeReport>
        <citation>H. Rept. 115-182</citation>
      </committeeReport>
    </committeeReports>
    <actions>
      <actionByCounts>
        <houseOfRepresentatives>15</houseOfRepresentatives>
        <senate>1</senate>
      </actionByCounts>
      <actionTypeCounts>
        <committeeReportOfABill>1</committeeReportOfABill>
        <billReferrals>1</billReferrals>
        <placeholderTextForB>1</placeholderTextForB>
        <introducedInTheHouse>1</introducedInTheHouse>
        <unionCalendarAssignment>1</unionCalendarAssignment>
        <considerationByHouse>1</considerationByHouse>
        <actionStageOverride>1</actionStageOverride>
        <introducedInHouse>1</introducedInHouse>
        <generalDebate>1</generalDebate>
        <placeholderTextForH>2</placeholderTextForH>
        <motionToReconsiderResults>1</motionToReconsiderResults>
        <passedAgreedToInHouse>1</passedAgreedToInHouse>
        <finalPassageUnderSuspensionOfTheRulesResults>1</finalPassageUnderSuspensionOfTheRulesResults>
        <referredToCommittee>1</referredToCommittee>
        <motionMadeToSuspendTheRules>1</motionMadeToSuspendTheRules>
        <reportedToHouse>1</reportedToHouse>
      </actionTypeCounts>
      <item>
        <actionDate>2017-06-21</actionDate>
        <committee>
          <name>Homeland Security and Governmental Affairs Committee</name>
          <systemCode>ssga00</systemCode>
        </committee>
        <links />
        <sourceSystem>
          <name>Senate</name>
          <code>0</code>
        </sourceSystem>
        <text>Received in the Senate and Read twice and referred to the Committee on Homeland Security and Governmental Affairs.</text>
        <type>IntroReferral</type>
      </item>
      <item>
        <text>Motion to reconsider laid on the table Agreed to without objection.</text>
        <type>Floor</type>
        <actionDate>2017-06-20</actionDate>
        <links />
        <actionCode>H38310</actionCode>
        <actionTime>18:28:01</actionTime>
        <committee />
        <sourceSystem>
          <name>House floor actions</name>
          <code>2</code>
        </sourceSystem>
      </item>
      <item>
        <text>On motion to suspend the rules and pass the bill, as amended Agreed to by voice vote. (text: CR H4976-4977)</text>
        <type>Floor</type>
        <actionDate>2017-06-20</actionDate>
        <links>
          <link>
            <name>H4976-4977</name>
            <url>https://www.congress.gov/congressional-record/volume-163/house-section/page/H4976-4977</url>
          </link>
        </links>
        <actionCode>H37300</actionCode>
        <actionTime>18:27:58</actionTime>
        <committee />
        <sourceSystem>
          <name>House floor actions</name>
          <code>2</code>
        </sourceSystem>
      </item>
      <item>
        <text>Passed/agreed to in House: On motion to suspend the rules and pass the bill, as amended Agreed to by voice vote.(text: CR H4976-4977)</text>
        <type>Floor</type>
        <actionDate>2017-06-20</actionDate>
        <links>
          <link>
            <name>H4976-4977</name>
            <url>https://www.congress.gov/congressional-record/volume-163/house-section/page/H4976-4977</url>
          </link>
        </links>
        <actionCode>8000</actionCode>
        <actionTime>18:27:58</actionTime>
        <committee />
        <sourceSystem>
          <name>Library of Congress</name>
          <code>9</code>
        </sourceSystem>
      </item>
      <item>
        <text>DEBATE - The House proceeded with forty minutes of debate on H.R. 625.</text>
        <type>Floor</type>
        <actionDate>2017-06-20</actionDate>
        <links>
          <link>
            <name>H.R. 625</name>
            <url>https://www.congress.gov/bill/115th-congress/house-bill/625</url>
          </link>
        </links>
        <actionCode>H8D000</actionCode>
        <actionTime>18:19:36</actionTime>
        <committee />
        <sourceSystem>
          <name>House floor actions</name>
          <code>2</code>
        </sourceSystem>
      </item>
      <item>
        <text>Considered under suspension of the rules. (consideration: CR H4976-4978)</text>
        <type>Floor</type>
        <actionDate>2017-06-20</actionDate>
        <links>
          <link>
            <name>H4976-4978</name>
            <url>https://www.congress.gov/congressional-record/volume-163/house-section/page/H4976-4978</url>
          </link>
        </links>
        <actionCode>H30000</actionCode>
        <actionTime>18:19:34</actionTime>
        <committee />
        <sourceSystem>
          <name>House floor actions</name>
          <code>2</code>
        </sourceSystem>
      </item>
      <item>
        <text>Mr. Katko moved to suspend the rules and pass the bill, as amended.</text>
        <type>Floor</type>
        <actionDate>2017-06-20</actionDate>
        <links />
        <actionCode>H30300</actionCode>
        <actionTime>18:19:20</actionTime>
        <committee />
        <sourceSystem>
          <name>House floor actions</name>
          <code>2</code>
        </sourceSystem>
      </item>
      <item>
        <text>Placed on the Union Calendar, Calendar No. 123.</text>
        <type>Calendars</type>
        <actionDate>2017-06-15</actionDate>
        <links />
        <actionCode>H12410</actionCode>
        <committee />
        <sourceSystem>
          <name>House floor actions</name>
          <code>2</code>
        </sourceSystem>
      </item>
      <item>
        <text>Reported (Amended) by the Committee on Homeland Security. H. Rept. 115-182.</text>
        <type>Committee</type>
        <actionDate>2017-06-15</actionDate>
        <links>
          <link>
            <name>H. Rept. 115-182</name>
            <url>https://www.congress.gov/congressional-report/115th-congress/house-report/182</url>
          </link>
        </links>
        <actionCode>H12200</actionCode>
        <committee>
          <name>Homeland Security Committee</name>
          <systemCode>hshm00</systemCode>
        </committee>
        <sourceSystem>
          <name>House floor actions</name>
          <code>2</code>
        </sourceSystem>
      </item>
      <item>
        <text>Reported (Amended) by the Committee on Homeland Security. H. Rept. 115-182.</text>
        <type>Committee</type>
        <actionDate>2017-06-15</actionDate>
        <links>
          <link>
            <name>H. Rept. 115-182</name>
            <url>https://www.congress.gov/congressional-report/115th-congress/house-report/182</url>
          </link>
        </links>
        <actionCode>5000</actionCode>
        <committee>
          <name>Homeland Security Committee</name>
          <systemCode>hshm00</systemCode>
        </committee>
        <sourceSystem>
          <name>Library of Congress</name>
          <code>9</code>
        </sourceSystem>
      </item>
      <item>
        <actionDate>2017-05-03</actionDate>
        <committee>
          <name>Homeland Security Committee</name>
          <systemCode>hshm00</systemCode>
        </committee>
        <links />
        <sourceSystem>
          <name>House committee actions</name>
          <code>1</code>
        </sourceSystem>
        <text>Ordered to be Reported (Amended) by Voice Vote.</text>
        <type>Committee</type>
      </item>
      <item>
        <actionDate>2017-05-03</actionDate>
        <committee>
          <name>Homeland Security Committee</name>
          <systemCode>hshm00</systemCode>
        </committee>
        <links />
        <sourceSystem>
          <name>House committee actions</name>
          <code>1</code>
        </sourceSystem>
        <text>Committee Consideration and Mark-up Session Held.</text>
        <type>Committee</type>
      </item>
      <item>
        <actionDate>2017-02-07</actionDate>
        <committee>
          <name>Counterterrorism and Intelligence Subcommittee</name>
          <systemCode>hshm05</systemCode>
        </committee>
        <links />
        <sourceSystem>
          <name>House committee actions</name>
          <code>1</code>
        </sourceSystem>
        <text>Referred to the Subcommittee on Counterterrorism and Intelligence.</text>
        <type>Committee</type>
      </item>
      <item>
        <text>Sponsor introductory remarks on measure. (CR H759)</text>
        <type>IntroReferral</type>
        <actionDate>2017-01-31</actionDate>
        <links>
          <link>
            <name>H759</name>
            <url>https://www.congress.gov/congressional-record/volume-163/house-section/page/H759</url>
          </link>
        </links>
        <actionCode>B00100</actionCode>
        <committee />
        <sourceSystem>
          <name>Library of Congress</name>
          <code>9</code>
        </sourceSystem>
      </item>
      <item>
        <text>Referred to the House Committee on Homeland Security.</text>
        <type>IntroReferral</type>
        <actionDate>2017-01-24</actionDate>
        <links />
        <actionCode>H11100</actionCode>
        <committee>
          <name>Homeland Security Committee</name>
          <systemCode>hshm00</systemCode>
        </committee>
        <sourceSystem>
          <name>House floor actions</name>
          <code>2</code>
        </sourceSystem>
      </item>
      <item>
        <text>Introduced in House</text>
        <type>IntroReferral</type>
        <actionDate>2017-01-24</actionDate>
        <links />
        <actionCode>Intro-H</actionCode>
        <committee />
        <sourceSystem>
          <name>Library of Congress</name>
          <code>9</code>
        </sourceSystem>
      </item>
      <item>
        <text>Introduced in House</text>
        <type>IntroReferral</type>
        <actionDate>2017-01-24</actionDate>
        <links />
        <actionCode>1000</actionCode>
        <committee />
        <sourceSystem>
          <name>Library of Congress</name>
          <code>9</code>
        </sourceSystem>
      </item>
    </actions>
    <createDate>2017-01-25T04:45:55Z</createDate>
    <billType>HR</billType>
    <policyArea>
      <name>Emergency Management</name>
    </policyArea>
    <cosponsors>
      <item>
        <bioguideId>C000059</bioguideId>
        <firstName>KEN</firstName>
        <lastName>CALVERT</lastName>
        <state>CA</state>
        <district>42</district>
        <middleName />
        <isOriginalCosponsor>True</isOriginalCosponsor>
        <sponsorshipDate>2017-01-24</sponsorshipDate>
        <sponsorshipWithdrawnDate />
        <party>R</party>
        <identifiers>
          <lisID>165</lisID>
          <gpoId>7849</gpoId>
          <bioguideId>C000059</bioguideId>
        </identifiers>
        <fullName>Rep. Calvert, Ken [R-CA-42]</fullName>
      </item>
      <item>
        <bioguideId>V000132</bioguideId>
        <firstName>Filemon</firstName>
        <lastName>Vela</lastName>
        <state>TX</state>
        <district>34</district>
        <middleName />
        <isOriginalCosponsor>False</isOriginalCosponsor>
        <sponsorshipDate>2017-02-01</sponsorshipDate>
        <sponsorshipWithdrawnDate />
        <party>D</party>
        <identifiers>
          <gpoId />
          <bioguideId>V000132</bioguideId>
          <lisID>2167</lisID>
        </identifiers>
        <fullName>Rep. Vela, Filemon [D-TX-34]</fullName>
      </item>
      <item>
        <bioguideId>C001094</bioguideId>
        <firstName>Paul</firstName>
        <lastName>Cook</lastName>
        <state>CA</state>
        <district>8</district>
        <middleName />
        <isOriginalCosponsor>False</isOriginalCosponsor>
        <sponsorshipDate>2017-02-13</sponsorshipDate>
        <sponsorshipWithdrawnDate />
        <party>R</party>
        <identifiers>
          <bioguideId>C001094</bioguideId>
          <lisID>2103</lisID>
          <gpoId />
        </identifiers>
        <fullName>Rep. Cook, Paul [R-CA-8]</fullName>
      </item>
      <item>
        <bioguideId>M001196</bioguideId>
        <firstName>Seth</firstName>
        <lastName>Moulton</lastName>
        <state>MA</state>
        <district>6</district>
        <middleName />
        <isOriginalCosponsor>False</isOriginalCosponsor>
        <sponsorshipDate>2017-02-15</sponsorshipDate>
        <sponsorshipWithdrawnDate />
        <party>D</party>
        <identifiers>
          <gpoId />
          <lisID>2246</lisID>
          <bioguideId>M001196</bioguideId>
        </identifiers>
        <fullName>Rep. Moulton, Seth [D-MA-6]</fullName>
      </item>
      <item>
        <bioguideId>K000381</bioguideId>
        <firstName>Derek</firstName>
        <lastName>Kilmer</lastName>
        <state>WA</state>
        <district>6</district>
        <middleName />
        <isOriginalCosponsor>False</isOriginalCosponsor>
        <sponsorshipDate>2017-02-15</sponsorshipDate>
        <sponsorshipWithdrawnDate />
        <party>D</party>
        <identifiers>
          <bioguideId>K000381</bioguideId>
          <lisID>2169</lisID>
          <gpoId />
        </identifiers>
        <fullName>Rep. Kilmer, Derek [D-WA-6]</fullName>
      </item>
      <item>
        <bioguideId>R000602</bioguideId>
        <firstName>Kathleen</firstName>
        <lastName>Rice</lastName>
        <state>NY</state>
        <district>4</district>
        <middleName>M.</middleName>
        <isOriginalCosponsor>False</isOriginalCosponsor>
        <sponsorshipDate>2017-02-15</sponsorshipDate>
        <sponsorshipWithdrawnDate />
        <party>D</party>
        <identifiers>
          <bioguideId>R000602</bioguideId>
          <lisID>2262</lisID>
          <gpoId />
        </identifiers>
        <fullName>Rep. Rice, Kathleen M. [D-NY-4]</fullName>
      </item>
      <item>
        <bioguideId>L000559</bioguideId>
        <firstName>JAMES</firstName>
        <lastName>LANGEVIN</lastName>
        <state>RI</state>
        <district>2</district>
        <middleName>R.</middleName>
        <isOriginalCosponsor>False</isOriginalCosponsor>
        <sponsorshipDate>2017-02-15</sponsorshipDate>
        <sponsorshipWithdrawnDate />
        <party>D</party>
        <identifiers>
          <gpoId>8140</gpoId>
          <lisID>1668</lisID>
          <bioguideId>L000559</bioguideId>
        </identifiers>
        <fullName>Rep. Langevin, James R. [D-RI-2]</fullName>
      </item>
      <item>
        <bioguideId>C001110</bioguideId>
        <firstName>J.</firstName>
        <lastName>Correa</lastName>
        <state>CA</state>
        <district>46</district>
        <middleName>Luis</middleName>
        <isOriginalCosponsor>False</isOriginalCosponsor>
        <sponsorshipDate>2017-02-16</sponsorshipDate>
        <sponsorshipWithdrawnDate />
        <party>D</party>
        <identifiers>
          <bioguideId>C001110</bioguideId>
          <gpoId />
          <lisID>2312</lisID>
        </identifiers>
        <fullName>Rep. Correa, J. Luis [D-CA-46]</fullName>
      </item>
      <item>
        <bioguideId>W000822</bioguideId>
        <firstName>Bonnie</firstName>
        <lastName>Watson Coleman</lastName>
        <state>NJ</state>
        <district>12</district>
        <middleName />
        <isOriginalCosponsor>False</isOriginalCosponsor>
        <sponsorshipDate>2017-02-27</sponsorshipDate>
        <sponsorshipWithdrawnDate />
        <party>D</party>
        <identifiers>
          <bioguideId>W000822</bioguideId>
          <lisID>2259</lisID>
          <gpoId />
        </identifiers>
        <fullName>Rep. Watson Coleman, Bonnie [D-NJ-12]</fullName>
      </item>
      <item>
        <bioguideId>P000604</bioguideId>
        <firstName>Donald</firstName>
        <lastName>Payne</lastName>
        <state>NJ</state>
        <district>10</district>
        <middleName>M.</middleName>
        <isOriginalCosponsor>False</isOriginalCosponsor>
        <sponsorshipDate>2017-03-02</sponsorshipDate>
        <sponsorshipWithdrawnDate />
        <party>D</party>
        <identifiers>
          <lisID>2097</lisID>
          <bioguideId>P000604</bioguideId>
          <gpoId>8373</gpoId>
        </identifiers>
        <fullName>Rep. Payne, Donald M., Jr. [D-NJ-10]</fullName>
      </item>
      <item>
        <bioguideId>D000627</bioguideId>
        <firstName>Val</firstName>
        <lastName>Demings</lastName>
        <state>FL</state>
        <district>10</district>
        <middleName>Butler</middleName>
        <isOriginalCosponsor>False</isOriginalCosponsor>
        <sponsorshipDate>2017-03-02</sponsorshipDate>
        <sponsorshipWithdrawnDate />
        <party>D</party>
        <identifiers>
          <lisID>2320</lisID>
          <gpoId />
          <bioguideId>D000627</bioguideId>
        </identifiers>
        <fullName>Rep. Demings, Val Butler [D-FL-10]</fullName>
      </item>
      <item>
        <bioguideId>R000588</bioguideId>
        <firstName>Cedric</firstName>
        <lastName>Richmond</lastName>
        <state>LA</state>
        <district>2</district>
        <middleName>L.</middleName>
        <isOriginalCosponsor>False</isOriginalCosponsor>
        <sponsorshipDate>2017-03-02</sponsorshipDate>
        <sponsorshipWithdrawnDate />
        <party>D</party>
        <identifiers>
          <bioguideId>R000588</bioguideId>
          <gpoId>7960</gpoId>
          <lisID>2023</lisID>
        </identifiers>
        <fullName>Rep. Richmond, Cedric L. [D-LA-2]</fullName>
      </item>
      <item>
        <bioguideId>J000032</bioguideId>
        <firstName>SHEILA</firstName>
        <lastName>JACKSON LEE</lastName>
        <state>TX</state>
        <district>18</district>
        <middleName />
        <isOriginalCosponsor>False</isOriginalCosponsor>
        <sponsorshipDate>2017-03-02</sponsorshipDate>
        <sponsorshipWithdrawnDate />
        <party>D</party>
        <identifiers>
          <lisID>588</lisID>
          <gpoId>8174</gpoId>
          <bioguideId>J000032</bioguideId>
        </identifiers>
        <fullName>Rep. Jackson Lee, Sheila [D-TX-18]</fullName>
      </item>
      <item>
        <bioguideId>B001300</bioguideId>
        <firstName>Nanette</firstName>
        <lastName>Barragan</lastName>
        <state>CA</state>
        <district>44</district>
        <middleName>Diaz</middleName>
        <isOriginalCosponsor>False</isOriginalCosponsor>
        <sponsorshipDate>2017-03-02</sponsorshipDate>
        <sponsorshipWithdrawnDate />
        <party>D</party>
        <identifiers>
          <lisID>2311</lisID>
          <gpoId />
          <bioguideId>B001300</bioguideId>
        </identifiers>
        <fullName>Rep. Barragan, Nanette Diaz [D-CA-44]</fullName>
      </item>
      <item>
        <bioguideId>V000129</bioguideId>
        <firstName>David</firstName>
        <lastName>Valadao</lastName>
        <state>CA</state>
        <district>21</district>
        <middleName>G.</middleName>
        <isOriginalCosponsor>False</isOriginalCosponsor>
        <sponsorshipDate>2017-03-02</sponsorshipDate>
        <sponsorshipWithdrawnDate />
        <party>R</party>
        <identifiers>
          <bioguideId>V000129</bioguideId>
          <lisID>2105</lisID>
          <gpoId />
        </identifiers>
        <fullName>Rep. Valadao, David G. [R-CA-21]</fullName>
      </item>
      <item>
        <bioguideId>D000612</bioguideId>
        <firstName>Jeff</firstName>
        <lastName>Denham</lastName>
        <state>CA</state>
        <district>10</district>
        <middleName />
        <isOriginalCosponsor>False</isOriginalCosponsor>
        <sponsorshipDate>2017-03-02</sponsorshipDate>
        <sponsorshipWithdrawnDate />
        <party>R</party>
        <identifiers>
          <gpoId>7824</gpoId>
          <bioguideId>D000612</bioguideId>
          <lisID>1995</lisID>
        </identifiers>
        <fullName>Rep. Denham, Jeff [R-CA-10]</fullName>
      </item>
      <item>
        <bioguideId>K000387</bioguideId>
        <firstName>Stephen</firstName>
        <lastName>Knight</lastName>
        <state>CA</state>
        <district>25</district>
        <middleName />
        <isOriginalCosponsor>False</isOriginalCosponsor>
        <sponsorshipDate>2017-03-02</sponsorshipDate>
        <sponsorshipWithdrawnDate />
        <party>R</party>
        <identifiers>
          <gpoId />
          <lisID>2228</lisID>
          <bioguideId>K000387</bioguideId>
        </identifiers>
        <fullName>Rep. Knight, Stephen [R-CA-25]</fullName>
      </item>
      <item>
        <bioguideId>C001107</bioguideId>
        <firstName>Carlos</firstName>
        <lastName>Curbelo</lastName>
        <state>FL</state>
        <district>26</district>
        <middleName />
        <isOriginalCosponsor>False</isOriginalCosponsor>
        <sponsorshipDate>2017-03-02</sponsorshipDate>
        <sponsorshipWithdrawnDate />
        <party>R</party>
        <identifiers>
          <bioguideId>C001107</bioguideId>
          <lisID>2235</lisID>
          <gpoId />
        </identifiers>
        <fullName>Rep. Curbelo, Carlos [R-FL-26]</fullName>
      </item>
      <item>
        <bioguideId>I000056</bioguideId>
        <firstName>DARRELL</firstName>
        <lastName>ISSA</lastName>
        <state>CA</state>
        <district>49</district>
        <middleName>E.</middleName>
        <isOriginalCosponsor>False</isOriginalCosponsor>
        <sponsorshipDate>2017-03-02</sponsorshipDate>
        <sponsorshipWithdrawnDate />
        <party>R</party>
        <identifiers>
          <lisID>1640</lisID>
          <bioguideId>I000056</bioguideId>
          <gpoId>7854</gpoId>
        </identifiers>
        <fullName>Rep. Issa, Darrell E. [R-CA-49]</fullName>
      </item>
      <item>
        <bioguideId>T000193</bioguideId>
        <firstName>BENNIE</firstName>
        <lastName>THOMPSON</lastName>
        <state>MS</state>
        <district>2</district>
        <middleName />
        <isOriginalCosponsor>False</isOriginalCosponsor>
        <sponsorshipDate>2017-03-07</sponsorshipDate>
        <sponsorshipWithdrawnDate />
        <party>D</party>
        <identifiers>
          <bioguideId>T000193</bioguideId>
          <lisID>1151</lisID>
          <gpoId>8020</gpoId>
        </identifiers>
        <fullName>Rep. Thompson, Bennie G. [D-MS-2]</fullName>
      </item>
      <item>
        <bioguideId>K000375</bioguideId>
        <firstName>William</firstName>
        <lastName>Keating</lastName>
        <state>MA</state>
        <district>9</district>
        <middleName>R.</middleName>
        <isOriginalCosponsor>False</isOriginalCosponsor>
        <sponsorshipDate>2017-03-07</sponsorshipDate>
        <sponsorshipWithdrawnDate />
        <party>D</party>
        <identifiers>
          <lisID>2025</lisID>
          <gpoId>7975</gpoId>
          <bioguideId>K000375</bioguideId>
        </identifiers>
        <fullName>Rep. Keating, William R. [D-MA-9]</fullName>
      </item>
      <item>
        <bioguideId>H001048</bioguideId>
        <firstName>Duncan</firstName>
        <lastName>Hunter</lastName>
        <state>CA</state>
        <district>50</district>
        <middleName>D.</middleName>
        <isOriginalCosponsor>False</isOriginalCosponsor>
        <sponsorshipDate>2017-03-07</sponsorshipDate>
        <sponsorshipWithdrawnDate />
        <party>R</party>
        <identifiers>
          <bioguideId>H001048</bioguideId>
          <lisID>1909</lisID>
          <gpoId>7857</gpoId>
        </identifiers>
        <fullName>Rep. Hunter, Duncan D. [R-CA-50]</fullName>
      </item>
      <item>
        <bioguideId>S001183</bioguideId>
        <firstName>David</firstName>
        <lastName>Schweikert</lastName>
        <state>AZ</state>
        <district>6</district>
        <middleName />
        <isOriginalCosponsor>False</isOriginalCosponsor>
        <sponsorshipDate>2017-03-07</sponsorshipDate>
        <sponsorshipWithdrawnDate />
        <party>R</party>
        <identifiers>
          <lisID>1994</lisID>
          <bioguideId>S001183</bioguideId>
          <gpoId>7802</gpoId>
        </identifiers>
        <fullName>Rep. Schweikert, David [R-AZ-6]</fullName>
      </item>
      <item>
        <bioguideId>M001195</bioguideId>
        <firstName>Alexander</firstName>
        <lastName>Mooney</lastName>
        <state>WV</state>
        <district>2</district>
        <middleName>X.</middleName>
        <isOriginalCosponsor>False</isOriginalCosponsor>
        <sponsorshipDate>2017-03-07</sponsorshipDate>
        <sponsorshipWithdrawnDate />
        <party>R</party>
        <identifiers>
          <gpoId />
          <lisID>2277</lisID>
          <bioguideId>M001195</bioguideId>
        </identifiers>
        <fullName>Rep. Mooney, Alexander X. [R-WV-2]</fullName>
      </item>
      <item>
        <bioguideId>G000577</bioguideId>
        <firstName>Garret</firstName>
        <lastName>Graves</lastName>
        <state>LA</state>
        <district>6</district>
        <middleName />
        <isOriginalCosponsor>False</isOriginalCosponsor>
        <sponsorshipDate>2017-03-07</sponsorshipDate>
        <sponsorshipWithdrawnDate />
        <party>R</party>
        <identifiers>
          <bioguideId>G000577</bioguideId>
          <lisID>2245</lisID>
          <gpoId />
        </identifiers>
        <fullName>Rep. Graves, Garret [R-LA-6]</fullName>
      </item>
    </cosponsors>
    <version>1.0.0</version>
    <amendments />
    <billNumber>625</billNumber>
    <cboCostEstimates />
    <originChamber>House</originChamber>
    <committees>
      <billCommittees>
        <item>
          <systemCode>ssga00</systemCode>
          <chamber>Senate</chamber>
          <activities>
            <item>
              <name>Referred to</name>
              <date>2017-06-21T17:25:20Z</date>
            </item>
          </activities>
          <name>Homeland Security and Governmental Affairs Committee</name>
          <type>Standing</type>
          <subcommittees />
        </item>
        <item>
          <systemCode>hshm00</systemCode>
          <chamber>House</chamber>
          <activities>
            <item>
              <name>Reported by</name>
              <date>2017-06-15T19:13:37Z</date>
            </item>
            <item>
              <name>Markup by</name>
              <date>2017-05-03T14:16:32Z</date>
            </item>
            <item>
              <name>Referred to</name>
              <date>2017-01-24T15:02:30Z</date>
            </item>
          </activities>
          <name>Homeland Security Committee</name>
          <type>Standing</type>
          <subcommittees>
            <item>
              <systemCode>hshm05</systemCode>
              <activities>
                <item>
                  <name>Referred to</name>
                  <date>2017-02-07T21:09:23Z</date>
                </item>
              </activities>
              <name>Counterterrorism and Intelligence Subcommittee</name>
            </item>
          </subcommittees>
        </item>
      </billCommittees>
    </committees>
    <calendarNumbers>
      <item>
        <calendar>U00123</calendar>
        <number />
      </item>
    </calendarNumbers>
    <latestAction>
      <text>Received in the Senate and Read twice and referred to the Committee on Homeland Security and Governmental Affairs.</text>
      <actionDate>2017-06-21</actionDate>
      <links />
    </latestAction>
    <summaries>
      <billSummaries>
        <item>
          <actionDesc>Introduced in House</actionDesc>
          <actionDate>2017-01-24</actionDate>
          <text><![CDATA[<p><strong>Reporting Efficiently to Proper Officials in Response to Terrorism Act of 2017 or the REPORT Act</strong></p> <p>This bill requires the Department of Homeland Security, in coordination with the Department of Justice, the Federal Bureau of Investigation (FBI), and, as appropriate, the National Counterterrorism Center, to submit to Congress an unclassified report on an incident of terrorism in the United States as soon as the investigation of such incident is completed by the primary government agency. </p> <p>An "incident of terrorism" means an event declared by the FBI to be an act of terrorism.</p> <p>Such report shall contain: (1) a statement of the facts of the incident; and (2) any recommendations for changes in practices or law, consistent with the Constitution, that could help prevent future attacks.</p> <ul></ul>]]></text>
          <versionCode>00</versionCode>
          <updateDate>2017-01-24T05:00:00Z</updateDate>
          <lastSummaryUpdateDate>2017-06-23T14:55:29Z</lastSummaryUpdateDate>
          <name>Introduced in House</name>
        </item>
        <item>
          <actionDesc>Reported to House with amendment(s)</actionDesc>
          <actionDate>2017-06-15</actionDate>
          <text><![CDATA[<p><strong>Reporting Efficiently to Proper Officials in Response to Terrorism Act of 2017 or the REPORT Act</strong></p> <p>(Sec. 2) This bill requires the Department of Homeland Security (DHS), in coordination with the Department of Justice (DOJ), the Federal Bureau of Investigation (FBI), and, as appropriate, the National Counterterrorism Center (NCC), to submit to Congress an unclassified report on an act of terrorism in the United States within one year after the primary government agency completes an investigation of such act. Such requirement shall not apply in instances in which DHS, DOJ, the FBI, or the NCC determines that the information required to be reported could jeopardize an ongoing investigation or prosecution, in which case DHS shall notify Congress prior to the first anniversary of the completion of the investigation.</p> <p>Such a report shall: (1) identify any gaps in national security that could be addressed to prevent future acts of terrorism, and (2) include any recommendations for additional measures that could be taken to improve homeland security.</p>]]></text>
          <versionCode>17</versionCode>
          <updateDate>2017-06-15T12:13:54Z</updateDate>
          <lastSummaryUpdateDate>2017-07-19T19:59:53Z</lastSummaryUpdateDate>
          <name>Reported to House with amendment(s)</name>
        </item>
        <item>
          <actionDesc>Passed House amended</actionDesc>
          <actionDate>2017-06-20</actionDate>
          <text><![CDATA[<p><strong>Reporting Efficiently to Proper Officials in Response to Terrorism Act of 2017 or the REPORT Act</strong></p> <p>(Sec. 2) This bill requires the Department of Homeland Security (DHS), the Department of Justice (DOJ), the Federal Bureau of Investigation (FBI), and, as appropriate, the National Counterterrorism Center (NCC), to submit to Congress an unclassified report on an act of terrorism in the United States within one year after the primary government agency completes an investigation of such act. Such requirement shall not apply in instances in which DHS, DOJ, the FBI, or the NCC determines that the information required to be reported could jeopardize an ongoing investigation or prosecution, in which case DHS shall notify Congress prior to the first anniversary of the completion of the investigation.</p> <p>Such a report shall: (1) identify any gaps in national security that could be addressed to prevent future acts of terrorism, and (2) include any recommendations for additional measures that could be taken to improve homeland security.</p>]]></text>
          <versionCode>36</versionCode>
          <updateDate>2017-06-20T13:10:52Z</updateDate>
          <lastSummaryUpdateDate>2017-07-19T20:52:26Z</lastSummaryUpdateDate>
          <name>Passed House amended</name>
        </item>
      </billSummaries>
    </summaries>
  </bill>
  <dublinCore xmlns:dc="http://purl.org/dc/elements/1.1/">
    <dc:format>text/xml</dc:format>
    <dc:language>EN</dc:language>
    <dc:rights>Pursuant to Title 17 Section 105 of the United States Code, this file is not subject to copyright protection and is in the public domain.</dc:rights>
    <dc:contributor>Congressional Research Service, Library of Congress</dc:contributor>
    <dc:description>This file contains bill summaries and statuses for federal legislation. A bill summary describes the most significant provisions of a piece of legislation and details the effects the legislative text may have on current law and federal programs. Bill summaries are authored by the Congressional Research Service (CRS) of the Library of Congress. As stated in Public Law 91-510 (2 USC 166 (d)(6)), one of the duties of CRS is "to prepare summaries and digests of bills and resolutions of a public general nature introduced in the Senate or House of Representatives". For more information, refer to the User Guide that accompanies this file.</dc:description>
  </dublinCore>
</billStatus>

