<?xml version="1.0" encoding="UTF-8"?>
<billStatus>
  <bill>
    <notes />
    <titles>
      <item>
        <titleType>(Extracted from GPO) Short Titles as Introduced</titleType>
        <chamberCode />
        <parentTitleType />
        <title>FACT Act</title>
        <chamberName />
      </item>
      <item>
        <titleType>(Extracted from GPO) Short Titles as Introduced</titleType>
        <chamberCode />
        <parentTitleType />
        <title>Federal Accountability in Chemical Testing Act</title>
        <chamberName />
      </item>
      <item>
        <titleType>Short Titles as Introduced</titleType>
        <chamberCode />
        <parentTitleType />
        <title>FACT Act</title>
        <chamberName />
      </item>
      <item>
        <titleType>Short Titles as Introduced</titleType>
        <chamberCode />
        <parentTitleType />
        <title>Federal Accountability in Chemical Testing Act</title>
        <chamberName />
      </item>
      <item>
        <titleType>Official Title as Introduced</titleType>
        <chamberCode />
        <parentTitleType />
        <title>To amend the ICCVAM Authorization Act of 2000 to improve reporting about animal testing and alternative test method use by Federal agencies, and for other purposes.</title>
        <chamberName />
      </item>
      <item>
        <titleType>Display Title</titleType>
        <chamberCode />
        <parentTitleType />
        <title>FACT Act</title>
        <chamberName />
      </item>
    </titles>
    <introducedDate>2017-02-02</introducedDate>
    <title>FACT Act</title>
    <subjects>
      <billSubjects>
        <legislativeSubjects>
          <item>
            <name>Advisory bodies</name>
          </item>
          <item>
            <name>Animal protection and human-animal relationships</name>
          </item>
          <item>
            <name>Department of Health and Human Services</name>
          </item>
          <item>
            <name>Environmental health</name>
          </item>
          <item>
            <name>Government information and archives</name>
          </item>
          <item>
            <name>Hazardous wastes and toxic substances</name>
          </item>
          <item>
            <name>Medical research</name>
          </item>
          <item>
            <name>National Institutes of Health (NIH)</name>
          </item>
          <item>
            <name>Research administration and funding</name>
          </item>
        </legislativeSubjects>
        <policyArea>
          <name>Health</name>
        </policyArea>
      </billSubjects>
    </subjects>
    <constitutionalAuthorityStatementText><![CDATA[<pre>From the Congressional Record Online through the Government Publishing Office [<a href='http://www.gpo.gov'>www.gpo.gov</a>]By Mr. CALVERT:H.R. 816.Congress has the power to enact this legislation pursuantto the following:Article 1, Section 8 of the United States Constitution,specifically clause 18 (relating to the power to make alllaws necessary and proper for carrying out the powers vestedin Congress).[Page H945]</pre>]]></constitutionalAuthorityStatementText>
    <laws />
    <relatedBills />
    <recordedVotes />
    <updateDate>2018-02-28T08:16:16Z</updateDate>
    <congress>115</congress>
    <sponsors>
      <item>
        <identifiers>
          <gpoId>7849</gpoId>
          <lisID>165</lisID>
          <bioguideId>C000059</bioguideId>
        </identifiers>
        <middleName />
        <bioguideId>C000059</bioguideId>
        <firstName>KEN</firstName>
        <byRequestType />
        <state>CA</state>
        <fullName>Rep. Calvert, Ken [R-CA-42]</fullName>
        <lastName>CALVERT</lastName>
        <district>42</district>
        <party>R</party>
      </item>
    </sponsors>
    <committeeReports />
    <actions>
      <actionByCounts>
        <houseOfRepresentatives>4</houseOfRepresentatives>
      </actionByCounts>
      <actionTypeCounts>
        <billReferrals>1</billReferrals>
        <placeholderTextForH>1</placeholderTextForH>
        <introducedInTheHouse>1</introducedInTheHouse>
        <introducedInHouse>1</introducedInHouse>
      </actionTypeCounts>
      <item>
        <actionDate>2017-02-03</actionDate>
        <committee>
          <systemCode>hsif14</systemCode>
          <name>Health Subcommittee</name>
        </committee>
        <links />
        <sourceSystem>
          <name>House committee actions</name>
          <code>1</code>
        </sourceSystem>
        <text>Referred to the Subcommittee on Health.</text>
        <type>Committee</type>
      </item>
      <item>
        <sourceSystem>
          <name>House floor actions</name>
          <code>2</code>
        </sourceSystem>
        <links />
        <committee>
          <systemCode>hsif00</systemCode>
          <name>Energy and Commerce Committee</name>
        </committee>
        <text>Referred to the House Committee on Energy and Commerce.</text>
        <type>IntroReferral</type>
        <actionCode>H11100</actionCode>
        <actionDate>2017-02-02</actionDate>
      </item>
      <item>
        <sourceSystem>
          <name>Library of Congress</name>
          <code>9</code>
        </sourceSystem>
        <links />
        <committee />
        <text>Introduced in House</text>
        <type>IntroReferral</type>
        <actionCode>Intro-H</actionCode>
        <actionDate>2017-02-02</actionDate>
      </item>
      <item>
        <sourceSystem>
          <name>Library of Congress</name>
          <code>9</code>
        </sourceSystem>
        <links />
        <committee />
        <text>Introduced in House</text>
        <type>IntroReferral</type>
        <actionCode>1000</actionCode>
        <actionDate>2017-02-02</actionDate>
      </item>
    </actions>
    <createDate>2017-02-03T05:17:29Z</createDate>
    <billType>HR</billType>
    <policyArea>
      <name>Health</name>
    </policyArea>
    <cosponsors>
      <item>
        <district>39</district>
        <sponsorshipDate>2017-02-02</sponsorshipDate>
        <middleName />
        <state>CA</state>
        <bioguideId>R000487</bioguideId>
        <identifiers>
          <gpoId>7845</gpoId>
          <bioguideId>R000487</bioguideId>
          <lisID>998</lisID>
        </identifiers>
        <lastName>ROYCE</lastName>
        <fullName>Rep. Royce, Edward R. [R-CA-39]</fullName>
        <isOriginalCosponsor>True</isOriginalCosponsor>
        <firstName>ED</firstName>
        <party>R</party>
        <sponsorshipWithdrawnDate />
      </item>
      <item>
        <district>16</district>
        <sponsorshipDate>2017-02-02</sponsorshipDate>
        <middleName />
        <state>FL</state>
        <bioguideId>B001260</bioguideId>
        <identifiers>
          <lisID>1840</lisID>
          <gpoId>7885</gpoId>
          <bioguideId>B001260</bioguideId>
        </identifiers>
        <lastName>Buchanan</lastName>
        <fullName>Rep. Buchanan, Vern [R-FL-16]</fullName>
        <isOriginalCosponsor>True</isOriginalCosponsor>
        <firstName>Vern</firstName>
        <party>R</party>
        <sponsorshipWithdrawnDate />
      </item>
      <item>
        <district>8</district>
        <sponsorshipDate>2017-02-02</sponsorshipDate>
        <middleName />
        <state>MI</state>
        <bioguideId>B001293</bioguideId>
        <identifiers>
          <bioguideId>B001293</bioguideId>
          <lisID>2249</lisID>
          <gpoId />
        </identifiers>
        <lastName>Bishop</lastName>
        <fullName>Rep. Bishop, Mike [R-MI-8]</fullName>
        <isOriginalCosponsor>True</isOriginalCosponsor>
        <firstName>Mike</firstName>
        <party>R</party>
        <sponsorshipWithdrawnDate />
      </item>
      <item>
        <district>1</district>
        <sponsorshipDate>2017-02-02</sponsorshipDate>
        <middleName />
        <state>NV</state>
        <bioguideId>T000468</bioguideId>
        <identifiers>
          <lisID>1940</lisID>
          <bioguideId>T000468</bioguideId>
          <gpoId>7493</gpoId>
        </identifiers>
        <lastName>Titus</lastName>
        <fullName>Rep. Titus, Dina [D-NV-1]</fullName>
        <isOriginalCosponsor>True</isOriginalCosponsor>
        <firstName>Dina</firstName>
        <party>D</party>
        <sponsorshipWithdrawnDate />
      </item>
      <item>
        <district>4</district>
        <sponsorshipDate>2017-02-02</sponsorshipDate>
        <middleName />
        <state>MN</state>
        <bioguideId>M001143</bioguideId>
        <identifiers>
          <bioguideId>M001143</bioguideId>
          <gpoId>8004</gpoId>
          <lisID>1653</lisID>
        </identifiers>
        <lastName>MCCOLLUM</lastName>
        <fullName>Rep. McCollum, Betty [D-MN-4]</fullName>
        <isOriginalCosponsor>True</isOriginalCosponsor>
        <firstName>BETTY</firstName>
        <party>D</party>
        <sponsorshipWithdrawnDate />
      </item>
      <item>
        <district>10</district>
        <sponsorshipDate>2017-02-02</sponsorshipDate>
        <middleName />
        <state>PA</state>
        <bioguideId>M001179</bioguideId>
        <identifiers>
          <bioguideId>M001179</bioguideId>
          <gpoId>8128</gpoId>
          <lisID>2053</lisID>
        </identifiers>
        <lastName>Marino</lastName>
        <fullName>Rep. Marino, Tom [R-PA-10]</fullName>
        <isOriginalCosponsor>True</isOriginalCosponsor>
        <firstName>Tom</firstName>
        <party>R</party>
        <sponsorshipWithdrawnDate />
      </item>
      <item>
        <district>40</district>
        <sponsorshipDate>2017-02-02</sponsorshipDate>
        <middleName />
        <state>CA</state>
        <bioguideId>R000486</bioguideId>
        <identifiers>
          <lisID>997</lisID>
          <bioguideId>R000486</bioguideId>
          <gpoId>7839</gpoId>
        </identifiers>
        <lastName>ROYBAL-ALLARD</lastName>
        <fullName>Rep. Roybal-Allard, Lucille [D-CA-40]</fullName>
        <isOriginalCosponsor>True</isOriginalCosponsor>
        <firstName>LUCILLE</firstName>
        <party>D</party>
        <sponsorshipWithdrawnDate />
      </item>
      <item>
        <district>3</district>
        <sponsorshipDate>2017-02-06</sponsorshipDate>
        <middleName>M.</middleName>
        <state>AZ</state>
        <bioguideId>G000551</bioguideId>
        <identifiers>
          <bioguideId>G000551</bioguideId>
          <gpoId>7804</gpoId>
          <lisID>1708</lisID>
        </identifiers>
        <lastName>Grijalva</lastName>
        <fullName>Rep. Grijalva, Raul M. [D-AZ-3]</fullName>
        <isOriginalCosponsor>False</isOriginalCosponsor>
        <firstName>Raul</firstName>
        <party>D</party>
        <sponsorshipWithdrawnDate />
      </item>
      <item>
        <district>3</district>
        <sponsorshipDate>2017-02-06</sponsorshipDate>
        <middleName />
        <state>OR</state>
        <bioguideId>B000574</bioguideId>
        <identifiers>
          <bioguideId>B000574</bioguideId>
          <lisID>99</lisID>
          <gpoId>8116</gpoId>
        </identifiers>
        <lastName>BLUMENAUER</lastName>
        <fullName>Rep. Blumenauer, Earl [D-OR-3]</fullName>
        <isOriginalCosponsor>False</isOriginalCosponsor>
        <firstName>EARL</firstName>
        <party>D</party>
        <sponsorshipWithdrawnDate />
      </item>
      <item>
        <district>4</district>
        <sponsorshipDate>2017-02-07</sponsorshipDate>
        <middleName>A.</middleName>
        <state>OR</state>
        <bioguideId>D000191</bioguideId>
        <identifiers>
          <gpoId>8117</gpoId>
          <lisID>279</lisID>
          <bioguideId>D000191</bioguideId>
        </identifiers>
        <lastName>DEFAZIO</lastName>
        <fullName>Rep. DeFazio, Peter A. [D-OR-4]</fullName>
        <isOriginalCosponsor>False</isOriginalCosponsor>
        <firstName>PETER</firstName>
        <party>D</party>
        <sponsorshipWithdrawnDate />
      </item>
      <item>
        <district>5</district>
        <sponsorshipDate>2017-02-07</sponsorshipDate>
        <middleName />
        <state>IL</state>
        <bioguideId>Q000023</bioguideId>
        <identifiers>
          <bioguideId>Q000023</bioguideId>
          <lisID>1967</lisID>
          <gpoId>7925</gpoId>
        </identifiers>
        <lastName>Quigley</lastName>
        <fullName>Rep. Quigley, Mike [D-IL-5]</fullName>
        <isOriginalCosponsor>False</isOriginalCosponsor>
        <firstName>Mike</firstName>
        <party>D</party>
        <sponsorshipWithdrawnDate />
      </item>
      <item>
        <district>16</district>
        <sponsorshipDate>2017-02-07</sponsorshipDate>
        <middleName>L.</middleName>
        <state>NY</state>
        <bioguideId>E000179</bioguideId>
        <identifiers>
          <gpoId>8078</gpoId>
          <bioguideId>E000179</bioguideId>
          <lisID>344</lisID>
        </identifiers>
        <lastName>ENGEL</lastName>
        <fullName>Rep. Engel, Eliot L. [D-NY-16]</fullName>
        <isOriginalCosponsor>False</isOriginalCosponsor>
        <firstName>ELIOT</firstName>
        <party>D</party>
        <sponsorshipWithdrawnDate />
      </item>
      <item>
        <district>26</district>
        <sponsorshipDate>2017-02-07</sponsorshipDate>
        <middleName />
        <state>CA</state>
        <bioguideId>B001285</bioguideId>
        <identifiers>
          <lisID>2106</lisID>
          <gpoId />
          <bioguideId>B001285</bioguideId>
        </identifiers>
        <lastName>Brownley</lastName>
        <fullName>Rep. Brownley, Julia [D-CA-26]</fullName>
        <isOriginalCosponsor>False</isOriginalCosponsor>
        <firstName>Julia</firstName>
        <party>D</party>
        <sponsorshipWithdrawnDate />
      </item>
      <item>
        <district>22</district>
        <sponsorshipDate>2017-02-13</sponsorshipDate>
        <middleName>E.</middleName>
        <state>FL</state>
        <bioguideId>D000610</bioguideId>
        <identifiers>
          <bioguideId>D000610</bioguideId>
          <lisID>1976</lisID>
          <gpoId>7891</gpoId>
        </identifiers>
        <lastName>Deutch</lastName>
        <fullName>Rep. Deutch, Theodore E. [D-FL-22]</fullName>
        <isOriginalCosponsor>False</isOriginalCosponsor>
        <firstName>Theodore</firstName>
        <party>D</party>
        <sponsorshipWithdrawnDate />
      </item>
      <item>
        <district>5</district>
        <sponsorshipDate>2017-02-13</sponsorshipDate>
        <middleName>JAMES</middleName>
        <state>WI</state>
        <bioguideId>S000244</bioguideId>
        <identifiers>
          <gpoId>8218</gpoId>
          <lisID>1041</lisID>
          <bioguideId>S000244</bioguideId>
        </identifiers>
        <lastName>SENSENBRENNER</lastName>
        <fullName>Rep. Sensenbrenner, F. James, Jr. [R-WI-5]</fullName>
        <isOriginalCosponsor>False</isOriginalCosponsor>
        <firstName>F.</firstName>
        <party>R</party>
        <sponsorshipWithdrawnDate />
      </item>
      <item>
        <district>32</district>
        <sponsorshipDate>2017-02-13</sponsorshipDate>
        <middleName>F.</middleName>
        <state>CA</state>
        <bioguideId>N000179</bioguideId>
        <identifiers>
          <gpoId>7843</gpoId>
          <lisID>1602</lisID>
          <bioguideId>N000179</bioguideId>
        </identifiers>
        <lastName>NAPOLITANO</lastName>
        <fullName>Rep. Napolitano, Grace F. [D-CA-32]</fullName>
        <isOriginalCosponsor>False</isOriginalCosponsor>
        <firstName>GRACE</firstName>
        <party>D</party>
        <sponsorshipWithdrawnDate />
      </item>
      <item>
        <district>20</district>
        <sponsorshipDate>2017-02-13</sponsorshipDate>
        <middleName>L.</middleName>
        <state>FL</state>
        <bioguideId>H000324</bioguideId>
        <identifiers>
          <lisID>511</lisID>
          <gpoId>7895</gpoId>
          <bioguideId>H000324</bioguideId>
        </identifiers>
        <lastName>HASTINGS</lastName>
        <fullName>Rep. Hastings, Alcee L. [D-FL-20]</fullName>
        <isOriginalCosponsor>False</isOriginalCosponsor>
        <firstName>ALCEE</firstName>
        <party>D</party>
        <sponsorshipWithdrawnDate />
      </item>
      <item>
        <district>9</district>
        <sponsorshipDate>2017-02-13</sponsorshipDate>
        <middleName>R.</middleName>
        <state>MA</state>
        <bioguideId>K000375</bioguideId>
        <identifiers>
          <gpoId>7975</gpoId>
          <lisID>2025</lisID>
          <bioguideId>K000375</bioguideId>
        </identifiers>
        <lastName>Keating</lastName>
        <fullName>Rep. Keating, William R. [D-MA-9]</fullName>
        <isOriginalCosponsor>False</isOriginalCosponsor>
        <firstName>William</firstName>
        <party>D</party>
        <sponsorshipWithdrawnDate />
      </item>
      <item>
        <district>1</district>
        <sponsorshipDate>2017-02-13</sponsorshipDate>
        <middleName />
        <state>NH</state>
        <bioguideId>S001170</bioguideId>
        <identifiers>
          <gpoId>7528</gpoId>
          <bioguideId>S001170</bioguideId>
          <lisID>1861</lisID>
        </identifiers>
        <lastName>Shea-Porter</lastName>
        <fullName>Rep. Shea-Porter, Carol [D-NH-1]</fullName>
        <isOriginalCosponsor>False</isOriginalCosponsor>
        <firstName>Carol</firstName>
        <party>D</party>
        <sponsorshipWithdrawnDate />
      </item>
      <item>
        <district>1</district>
        <sponsorshipDate>2017-02-13</sponsorshipDate>
        <middleName />
        <state>FL</state>
        <bioguideId>G000578</bioguideId>
        <identifiers>
          <gpoId />
          <lisID>2314</lisID>
          <bioguideId>G000578</bioguideId>
        </identifiers>
        <lastName>Gaetz</lastName>
        <fullName>Rep. Gaetz, Matt [R-FL-1]</fullName>
        <isOriginalCosponsor>False</isOriginalCosponsor>
        <firstName>Matt</firstName>
        <party>R</party>
        <sponsorshipWithdrawnDate />
      </item>
      <item>
        <district>0</district>
        <sponsorshipDate>2017-02-13</sponsorshipDate>
        <middleName>HOLMES</middleName>
        <state>DC</state>
        <bioguideId>N000147</bioguideId>
        <identifiers>
          <lisID>868</lisID>
          <bioguideId>N000147</bioguideId>
          <gpoId>7871</gpoId>
        </identifiers>
        <lastName>NORTON</lastName>
        <fullName>Rep. Norton, Eleanor Holmes [D-DC-At Large]</fullName>
        <isOriginalCosponsor>False</isOriginalCosponsor>
        <firstName>ELEANOR</firstName>
        <party>D</party>
        <sponsorshipWithdrawnDate />
      </item>
      <item>
        <district>13</district>
        <sponsorshipDate>2017-02-13</sponsorshipDate>
        <middleName />
        <state>CA</state>
        <bioguideId>L000551</bioguideId>
        <identifiers>
          <bioguideId>L000551</bioguideId>
          <lisID>1501</lisID>
          <gpoId>7814</gpoId>
        </identifiers>
        <lastName>LEE</lastName>
        <fullName>Rep. Lee, Barbara [D-CA-13]</fullName>
        <isOriginalCosponsor>False</isOriginalCosponsor>
        <firstName>BARBARA</firstName>
        <party>D</party>
        <sponsorshipWithdrawnDate />
      </item>
      <item>
        <district>2</district>
        <sponsorshipDate>2017-02-14</sponsorshipDate>
        <middleName />
        <state>AZ</state>
        <bioguideId>M001197</bioguideId>
        <identifiers>
          <bioguideId>M001197</bioguideId>
          <lisID>2225</lisID>
          <gpoId />
        </identifiers>
        <lastName>McSally</lastName>
        <fullName>Rep. McSally, Martha [R-AZ-2]</fullName>
        <isOriginalCosponsor>False</isOriginalCosponsor>
        <firstName>Martha</firstName>
        <party>R</party>
        <sponsorshipWithdrawnDate />
      </item>
      <item>
        <district>19</district>
        <sponsorshipDate>2017-02-14</sponsorshipDate>
        <middleName />
        <state>CA</state>
        <bioguideId>L000397</bioguideId>
        <identifiers>
          <bioguideId>L000397</bioguideId>
          <gpoId>7821</gpoId>
          <lisID>701</lisID>
        </identifiers>
        <lastName>LOFGREN</lastName>
        <fullName>Rep. Lofgren, Zoe [D-CA-19]</fullName>
        <isOriginalCosponsor>False</isOriginalCosponsor>
        <firstName>ZOE</firstName>
        <party>D</party>
        <sponsorshipWithdrawnDate />
      </item>
      <item>
        <district>1</district>
        <sponsorshipDate>2017-02-14</sponsorshipDate>
        <middleName>N.</middleName>
        <state>RI</state>
        <bioguideId>C001084</bioguideId>
        <identifiers>
          <bioguideId>C001084</bioguideId>
          <lisID>2055</lisID>
          <gpoId>8139</gpoId>
        </identifiers>
        <lastName>Cicilline</lastName>
        <fullName>Rep. Cicilline, David N. [D-RI-1]</fullName>
        <isOriginalCosponsor>False</isOriginalCosponsor>
        <firstName>David</firstName>
        <party>D</party>
        <sponsorshipWithdrawnDate />
      </item>
      <item>
        <district>15</district>
        <sponsorshipDate>2017-02-15</sponsorshipDate>
        <middleName />
        <state>CA</state>
        <bioguideId>S001193</bioguideId>
        <identifiers>
          <bioguideId>S001193</bioguideId>
          <lisID>2104</lisID>
          <gpoId />
        </identifiers>
        <lastName>Swalwell</lastName>
        <fullName>Rep. Swalwell, Eric [D-CA-15]</fullName>
        <isOriginalCosponsor>False</isOriginalCosponsor>
        <firstName>Eric</firstName>
        <party>D</party>
        <sponsorshipWithdrawnDate />
      </item>
      <item>
        <district>2</district>
        <sponsorshipDate>2017-02-16</sponsorshipDate>
        <middleName>A.</middleName>
        <state>NJ</state>
        <bioguideId>L000554</bioguideId>
        <identifiers>
          <bioguideId>L000554</bioguideId>
          <lisID>699</lisID>
          <gpoId>8044</gpoId>
        </identifiers>
        <lastName>LOBIONDO</lastName>
        <fullName>Rep. LoBiondo, Frank A. [R-NJ-2]</fullName>
        <isOriginalCosponsor>False</isOriginalCosponsor>
        <firstName>FRANK</firstName>
        <party>R</party>
        <sponsorshipWithdrawnDate />
      </item>
      <item>
        <district>52</district>
        <sponsorshipDate>2017-02-16</sponsorshipDate>
        <middleName>H.</middleName>
        <state>CA</state>
        <bioguideId>P000608</bioguideId>
        <identifiers>
          <lisID>2113</lisID>
          <bioguideId>P000608</bioguideId>
          <gpoId />
        </identifiers>
        <lastName>Peters</lastName>
        <fullName>Rep. Peters, Scott H. [D-CA-52]</fullName>
        <isOriginalCosponsor>False</isOriginalCosponsor>
        <firstName>Scott</firstName>
        <party>D</party>
        <sponsorshipWithdrawnDate />
      </item>
      <item>
        <district>14</district>
        <sponsorshipDate>2017-02-16</sponsorshipDate>
        <middleName />
        <state>PA</state>
        <bioguideId>D000482</bioguideId>
        <identifiers>
          <bioguideId>D000482</bioguideId>
          <gpoId>8132</gpoId>
          <lisID>316</lisID>
        </identifiers>
        <lastName>DOYLE</lastName>
        <fullName>Rep. Doyle, Michael F. [D-PA-14]</fullName>
        <isOriginalCosponsor>False</isOriginalCosponsor>
        <firstName>MIKE</firstName>
        <party>D</party>
        <sponsorshipWithdrawnDate />
      </item>
      <item>
        <district>49</district>
        <sponsorshipDate>2017-02-16</sponsorshipDate>
        <middleName>E.</middleName>
        <state>CA</state>
        <bioguideId>I000056</bioguideId>
        <identifiers>
          <lisID>1640</lisID>
          <bioguideId>I000056</bioguideId>
          <gpoId>7854</gpoId>
        </identifiers>
        <lastName>ISSA</lastName>
        <fullName>Rep. Issa, Darrell E. [R-CA-49]</fullName>
        <isOriginalCosponsor>False</isOriginalCosponsor>
        <firstName>DARRELL</firstName>
        <party>R</party>
        <sponsorshipWithdrawnDate />
      </item>
      <item>
        <district>7</district>
        <sponsorshipDate>2017-02-27</sponsorshipDate>
        <middleName />
        <state>PA</state>
        <bioguideId>M001181</bioguideId>
        <identifiers>
          <gpoId>8125</gpoId>
          <lisID>2052</lisID>
          <bioguideId>M001181</bioguideId>
        </identifiers>
        <lastName>Meehan</lastName>
        <fullName>Rep. Meehan, Patrick [R-PA-7]</fullName>
        <isOriginalCosponsor>False</isOriginalCosponsor>
        <firstName>Patrick</firstName>
        <party>R</party>
        <sponsorshipWithdrawnDate />
      </item>
      <item>
        <district>33</district>
        <sponsorshipDate>2017-02-28</sponsorshipDate>
        <middleName />
        <state>CA</state>
        <bioguideId>L000582</bioguideId>
        <identifiers>
          <bioguideId>L000582</bioguideId>
          <lisID>2230</lisID>
          <gpoId />
        </identifiers>
        <lastName>Lieu</lastName>
        <fullName>Rep. Lieu, Ted [D-CA-33]</fullName>
        <isOriginalCosponsor>False</isOriginalCosponsor>
        <firstName>Ted</firstName>
        <party>D</party>
        <sponsorshipWithdrawnDate />
      </item>
      <item>
        <district>6</district>
        <sponsorshipDate>2017-02-28</sponsorshipDate>
        <middleName />
        <state>WA</state>
        <bioguideId>K000381</bioguideId>
        <identifiers>
          <bioguideId>K000381</bioguideId>
          <lisID>2169</lisID>
          <gpoId />
        </identifiers>
        <lastName>Kilmer</lastName>
        <fullName>Rep. Kilmer, Derek [D-WA-6]</fullName>
        <isOriginalCosponsor>False</isOriginalCosponsor>
        <firstName>Derek</firstName>
        <party>D</party>
        <sponsorshipWithdrawnDate />
      </item>
      <item>
        <district>16</district>
        <sponsorshipDate>2017-02-28</sponsorshipDate>
        <middleName />
        <state>TX</state>
        <bioguideId>O000170</bioguideId>
        <identifiers>
          <gpoId />
          <lisID>2162</lisID>
          <bioguideId>O000170</bioguideId>
        </identifiers>
        <lastName>O'Rourke</lastName>
        <fullName>Rep. O'Rourke, Beto [D-TX-16]</fullName>
        <isOriginalCosponsor>False</isOriginalCosponsor>
        <firstName>Beto</firstName>
        <party>D</party>
        <sponsorshipWithdrawnDate />
      </item>
      <item>
        <district>41</district>
        <sponsorshipDate>2017-03-01</sponsorshipDate>
        <middleName />
        <state>CA</state>
        <bioguideId>T000472</bioguideId>
        <identifiers>
          <gpoId />
          <bioguideId>T000472</bioguideId>
          <lisID>2110</lisID>
        </identifiers>
        <lastName>Takano</lastName>
        <fullName>Rep. Takano, Mark [D-CA-41]</fullName>
        <isOriginalCosponsor>False</isOriginalCosponsor>
        <firstName>Mark</firstName>
        <party>D</party>
        <sponsorshipWithdrawnDate />
      </item>
      <item>
        <district>3</district>
        <sponsorshipDate>2017-03-02</sponsorshipDate>
        <middleName />
        <state>MA</state>
        <bioguideId>T000465</bioguideId>
        <identifiers>
          <gpoId>7970</gpoId>
          <lisID>1884</lisID>
          <bioguideId>T000465</bioguideId>
        </identifiers>
        <lastName>Tsongas</lastName>
        <fullName>Rep. Tsongas, Niki [D-MA-3]</fullName>
        <isOriginalCosponsor>False</isOriginalCosponsor>
        <firstName>Niki</firstName>
        <party>D</party>
        <sponsorshipWithdrawnDate />
      </item>
      <item>
        <district>18</district>
        <sponsorshipDate>2017-03-07</sponsorshipDate>
        <middleName>J.</middleName>
        <state>FL</state>
        <bioguideId>M001199</bioguideId>
        <identifiers>
          <lisID>2322</lisID>
          <gpoId />
          <bioguideId>M001199</bioguideId>
        </identifiers>
        <lastName>Mast</lastName>
        <fullName>Rep. Mast, Brian J. [R-FL-18]</fullName>
        <isOriginalCosponsor>False</isOriginalCosponsor>
        <firstName>Brian</firstName>
        <party>R</party>
        <sponsorshipWithdrawnDate />
      </item>
      <item>
        <district>8</district>
        <sponsorshipDate>2017-03-07</sponsorshipDate>
        <middleName>K.</middleName>
        <state>PA</state>
        <bioguideId>F000466</bioguideId>
        <identifiers>
          <bioguideId>F000466</bioguideId>
          <lisID>2345</lisID>
          <gpoId />
        </identifiers>
        <lastName>Fitzpatrick</lastName>
        <fullName>Rep. Fitzpatrick, Brian K. [R-PA-8]</fullName>
        <isOriginalCosponsor>False</isOriginalCosponsor>
        <firstName>Brian</firstName>
        <party>R</party>
        <sponsorshipWithdrawnDate />
      </item>
      <item>
        <district>27</district>
        <sponsorshipDate>2017-03-07</sponsorshipDate>
        <middleName />
        <state>CA</state>
        <bioguideId>C001080</bioguideId>
        <identifiers>
          <bioguideId>C001080</bioguideId>
          <lisID>1970</lisID>
          <gpoId>7837</gpoId>
        </identifiers>
        <lastName>Chu</lastName>
        <fullName>Rep. Chu, Judy [D-CA-27]</fullName>
        <isOriginalCosponsor>False</isOriginalCosponsor>
        <firstName>Judy</firstName>
        <party>D</party>
        <sponsorshipWithdrawnDate />
      </item>
      <item>
        <district>2</district>
        <sponsorshipDate>2017-03-07</sponsorshipDate>
        <middleName />
        <state>CO</state>
        <bioguideId>P000598</bioguideId>
        <identifiers>
          <bioguideId>P000598</bioguideId>
          <lisID>1910</lisID>
          <gpoId>7860</gpoId>
        </identifiers>
        <lastName>Polis</lastName>
        <fullName>Rep. Polis, Jared [D-CO-2]</fullName>
        <isOriginalCosponsor>False</isOriginalCosponsor>
        <firstName>Jared</firstName>
        <party>D</party>
        <sponsorshipWithdrawnDate />
      </item>
      <item>
        <district>8</district>
        <sponsorshipDate>2017-03-09</sponsorshipDate>
        <middleName>S.</middleName>
        <state>VA</state>
        <bioguideId>B001292</bioguideId>
        <identifiers>
          <gpoId />
          <bioguideId>B001292</bioguideId>
          <lisID>2272</lisID>
        </identifiers>
        <lastName>Beyer</lastName>
        <fullName>Rep. Beyer, Donald S., Jr. [D-VA-8]</fullName>
        <isOriginalCosponsor>False</isOriginalCosponsor>
        <firstName>Donald</firstName>
        <party>D</party>
        <sponsorshipWithdrawnDate />
      </item>
      <item>
        <district>3</district>
        <sponsorshipDate>2017-03-09</sponsorshipDate>
        <middleName>R.</middleName>
        <state>CO</state>
        <bioguideId>T000470</bioguideId>
        <identifiers>
          <lisID>1997</lisID>
          <gpoId>7861</gpoId>
          <bioguideId>T000470</bioguideId>
        </identifiers>
        <lastName>Tipton</lastName>
        <fullName>Rep. Tipton, Scott  R. [R-CO-3]</fullName>
        <isOriginalCosponsor>False</isOriginalCosponsor>
        <firstName>Scott</firstName>
        <party>R</party>
        <sponsorshipWithdrawnDate />
      </item>
      <item>
        <district>7</district>
        <sponsorshipDate>2017-03-10</sponsorshipDate>
        <middleName>N.</middleName>
        <state>FL</state>
        <bioguideId>M001202</bioguideId>
        <identifiers>
          <bioguideId>M001202</bioguideId>
          <lisID>2318</lisID>
          <gpoId />
        </identifiers>
        <lastName>Murphy</lastName>
        <fullName>Rep. Murphy, Stephanie N. [D-FL-7]</fullName>
        <isOriginalCosponsor>False</isOriginalCosponsor>
        <firstName>Stephanie</firstName>
        <party>D</party>
        <sponsorshipWithdrawnDate />
      </item>
      <item>
        <district>26</district>
        <sponsorshipDate>2017-03-10</sponsorshipDate>
        <middleName />
        <state>FL</state>
        <bioguideId>C001107</bioguideId>
        <identifiers>
          <bioguideId>C001107</bioguideId>
          <gpoId />
          <lisID>2235</lisID>
        </identifiers>
        <lastName>Curbelo</lastName>
        <fullName>Rep. Curbelo, Carlos [R-FL-26]</fullName>
        <isOriginalCosponsor>False</isOriginalCosponsor>
        <firstName>Carlos</firstName>
        <party>R</party>
        <sponsorshipWithdrawnDate />
      </item>
      <item>
        <district>10</district>
        <sponsorshipDate>2017-03-15</sponsorshipDate>
        <middleName />
        <state>VA</state>
        <bioguideId>C001105</bioguideId>
        <identifiers>
          <gpoId />
          <lisID>2273</lisID>
          <bioguideId>C001105</bioguideId>
        </identifiers>
        <lastName>Comstock</lastName>
        <fullName>Rep. Comstock, Barbara [R-VA-10]</fullName>
        <isOriginalCosponsor>False</isOriginalCosponsor>
        <firstName>Barbara</firstName>
        <party>R</party>
        <sponsorshipWithdrawnDate />
      </item>
      <item>
        <district>2</district>
        <sponsorshipDate>2017-03-16</sponsorshipDate>
        <middleName />
        <state>CA</state>
        <bioguideId>H001068</bioguideId>
        <identifiers>
          <bioguideId>H001068</bioguideId>
          <lisID>2101</lisID>
          <gpoId />
        </identifiers>
        <lastName>Huffman</lastName>
        <fullName>Rep. Huffman, Jared [D-CA-2]</fullName>
        <isOriginalCosponsor>False</isOriginalCosponsor>
        <firstName>Jared</firstName>
        <party>D</party>
        <sponsorshipWithdrawnDate />
      </item>
      <item>
        <district>24</district>
        <sponsorshipDate>2017-03-21</sponsorshipDate>
        <middleName>O.</middleName>
        <state>CA</state>
        <bioguideId>C001112</bioguideId>
        <identifiers>
          <lisID>2310</lisID>
          <gpoId />
          <bioguideId>C001112</bioguideId>
        </identifiers>
        <lastName>Carbajal</lastName>
        <fullName>Rep. Carbajal, Salud O. [D-CA-24]</fullName>
        <isOriginalCosponsor>False</isOriginalCosponsor>
        <firstName>Salud</firstName>
        <party>D</party>
        <sponsorshipWithdrawnDate />
      </item>
      <item>
        <district>29</district>
        <sponsorshipDate>2017-03-27</sponsorshipDate>
        <middleName />
        <state>TX</state>
        <bioguideId>G000410</bioguideId>
        <identifiers>
          <bioguideId>G000410</bioguideId>
          <gpoId>8185</gpoId>
          <lisID>462</lisID>
        </identifiers>
        <lastName>GREEN</lastName>
        <fullName>Rep. Green, Gene [D-TX-29]</fullName>
        <isOriginalCosponsor>False</isOriginalCosponsor>
        <firstName>GENE</firstName>
        <party>D</party>
        <sponsorshipWithdrawnDate />
      </item>
      <item>
        <district>11</district>
        <sponsorshipDate>2017-03-28</sponsorshipDate>
        <middleName />
        <state>CA</state>
        <bioguideId>D000623</bioguideId>
        <identifiers>
          <gpoId />
          <lisID>2227</lisID>
          <bioguideId>D000623</bioguideId>
        </identifiers>
        <lastName>DeSaulnier</lastName>
        <fullName>Rep. DeSaulnier, Mark [D-CA-11]</fullName>
        <isOriginalCosponsor>False</isOriginalCosponsor>
        <firstName>Mark</firstName>
        <party>D</party>
        <sponsorshipWithdrawnDate />
      </item>
      <item>
        <district>47</district>
        <sponsorshipDate>2017-03-30</sponsorshipDate>
        <middleName>S.</middleName>
        <state>CA</state>
        <bioguideId>L000579</bioguideId>
        <identifiers>
          <lisID>2111</lisID>
          <bioguideId>L000579</bioguideId>
          <gpoId />
        </identifiers>
        <lastName>Lowenthal</lastName>
        <fullName>Rep. Lowenthal, Alan S. [D-CA-47]</fullName>
        <isOriginalCosponsor>False</isOriginalCosponsor>
        <firstName>Alan</firstName>
        <party>D</party>
        <sponsorshipWithdrawnDate />
      </item>
      <item>
        <district>3</district>
        <sponsorshipDate>2017-04-04</sponsorshipDate>
        <middleName />
        <state>OH</state>
        <bioguideId>B001281</bioguideId>
        <identifiers>
          <gpoId />
          <lisID>2153</lisID>
          <bioguideId>B001281</bioguideId>
        </identifiers>
        <lastName>Beatty</lastName>
        <fullName>Rep. Beatty, Joyce [D-OH-3]</fullName>
        <isOriginalCosponsor>False</isOriginalCosponsor>
        <firstName>Joyce</firstName>
        <party>D</party>
        <sponsorshipWithdrawnDate />
      </item>
      <item>
        <district>46</district>
        <sponsorshipDate>2017-04-25</sponsorshipDate>
        <middleName>Luis</middleName>
        <state>CA</state>
        <bioguideId>C001110</bioguideId>
        <identifiers>
          <bioguideId>C001110</bioguideId>
          <lisID>2312</lisID>
          <gpoId />
        </identifiers>
        <lastName>Correa</lastName>
        <fullName>Rep. Correa, J. Luis [D-CA-46]</fullName>
        <isOriginalCosponsor>False</isOriginalCosponsor>
        <firstName>J.</firstName>
        <party>D</party>
        <sponsorshipWithdrawnDate />
      </item>
      <item>
        <district>13</district>
        <sponsorshipDate>2017-04-27</sponsorshipDate>
        <middleName>F.</middleName>
        <state>PA</state>
        <bioguideId>B001296</bioguideId>
        <identifiers>
          <lisID>2267</lisID>
          <gpoId />
          <bioguideId>B001296</bioguideId>
        </identifiers>
        <lastName>Boyle</lastName>
        <fullName>Rep. Boyle, Brendan F. [D-PA-13]</fullName>
        <isOriginalCosponsor>False</isOriginalCosponsor>
        <firstName>Brendan</firstName>
        <party>D</party>
        <sponsorshipWithdrawnDate />
      </item>
      <item>
        <district>11</district>
        <sponsorshipDate>2017-05-16</sponsorshipDate>
        <middleName>M.</middleName>
        <state>NY</state>
        <bioguideId>D000625</bioguideId>
        <identifiers>
          <gpoId />
          <lisID>2293</lisID>
          <bioguideId>D000625</bioguideId>
        </identifiers>
        <lastName>Donovan</lastName>
        <fullName>Rep. Donovan, Daniel M., Jr. [R-NY-11]</fullName>
        <isOriginalCosponsor>False</isOriginalCosponsor>
        <firstName>Daniel</firstName>
        <party>R</party>
        <sponsorshipWithdrawnDate />
      </item>
      <item>
        <district>17</district>
        <sponsorshipDate>2017-05-17</sponsorshipDate>
        <middleName />
        <state>PA</state>
        <bioguideId>C001090</bioguideId>
        <identifiers>
          <gpoId />
          <bioguideId>C001090</bioguideId>
          <lisID>2159</lisID>
        </identifiers>
        <lastName>Cartwright</lastName>
        <fullName>Rep. Cartwright, Matt [D-PA-17]</fullName>
        <isOriginalCosponsor>False</isOriginalCosponsor>
        <firstName>Matt</firstName>
        <party>D</party>
        <sponsorshipWithdrawnDate />
      </item>
      <item>
        <district>20</district>
        <sponsorshipDate>2017-05-17</sponsorshipDate>
        <middleName />
        <state>CA</state>
        <bioguideId>P000613</bioguideId>
        <identifiers>
          <gpoId />
          <bioguideId>P000613</bioguideId>
          <lisID>2309</lisID>
        </identifiers>
        <lastName>Panetta</lastName>
        <fullName>Rep. Panetta, Jimmy [D-CA-20]</fullName>
        <isOriginalCosponsor>False</isOriginalCosponsor>
        <firstName>Jimmy</firstName>
        <party>D</party>
        <sponsorshipWithdrawnDate />
      </item>
      <item>
        <district>9</district>
        <sponsorshipDate>2017-05-18</sponsorshipDate>
        <middleName />
        <state>WA</state>
        <bioguideId>S000510</bioguideId>
        <identifiers>
          <gpoId>8213</gpoId>
          <bioguideId>S000510</bioguideId>
          <lisID>1528</lisID>
        </identifiers>
        <lastName>SMITH</lastName>
        <fullName>Rep. Smith, Adam [D-WA-9]</fullName>
        <isOriginalCosponsor>False</isOriginalCosponsor>
        <firstName>ADAM</firstName>
        <party>D</party>
        <sponsorshipWithdrawnDate />
      </item>
      <item>
        <district>3</district>
        <sponsorshipDate>2017-05-18</sponsorshipDate>
        <middleName />
        <state>PA</state>
        <bioguideId>K000376</bioguideId>
        <identifiers>
          <lisID>2051</lisID>
          <gpoId>8708</gpoId>
          <bioguideId>K000376</bioguideId>
        </identifiers>
        <lastName>Kelly</lastName>
        <fullName>Rep. Kelly, Mike [R-PA-3]</fullName>
        <isOriginalCosponsor>False</isOriginalCosponsor>
        <firstName>Mike</firstName>
        <party>R</party>
        <sponsorshipWithdrawnDate />
      </item>
      <item>
        <district>8</district>
        <sponsorshipDate>2017-06-06</sponsorshipDate>
        <middleName />
        <state>MD</state>
        <bioguideId>R000606</bioguideId>
        <identifiers>
          <bioguideId>R000606</bioguideId>
          <lisID>2332</lisID>
          <gpoId />
        </identifiers>
        <lastName>Raskin</lastName>
        <fullName>Rep. Raskin, Jamie [D-MD-8]</fullName>
        <isOriginalCosponsor>False</isOriginalCosponsor>
        <firstName>Jamie</firstName>
        <party>D</party>
        <sponsorshipWithdrawnDate />
      </item>
      <item>
        <district>7</district>
        <sponsorshipDate>2017-06-06</sponsorshipDate>
        <middleName />
        <state>VA</state>
        <bioguideId>B001290</bioguideId>
        <identifiers>
          <lisID>2203</lisID>
          <gpoId />
          <bioguideId>B001290</bioguideId>
        </identifiers>
        <lastName>Brat</lastName>
        <fullName>Rep. Brat, Dave [R-VA-7]</fullName>
        <isOriginalCosponsor>False</isOriginalCosponsor>
        <firstName>Dave</firstName>
        <party>R</party>
        <sponsorshipWithdrawnDate />
      </item>
      <item>
        <district>2</district>
        <sponsorshipDate>2017-06-08</sponsorshipDate>
        <middleName />
        <state>WI</state>
        <bioguideId>P000607</bioguideId>
        <identifiers>
          <gpoId />
          <bioguideId>P000607</bioguideId>
          <lisID>2171</lisID>
        </identifiers>
        <lastName>Pocan</lastName>
        <fullName>Rep. Pocan, Mark [D-WI-2]</fullName>
        <isOriginalCosponsor>False</isOriginalCosponsor>
        <firstName>Mark</firstName>
        <party>D</party>
        <sponsorshipWithdrawnDate />
      </item>
      <item>
        <district>9</district>
        <sponsorshipDate>2017-06-26</sponsorshipDate>
        <middleName />
        <state>CA</state>
        <bioguideId>M001166</bioguideId>
        <identifiers>
          <bioguideId>M001166</bioguideId>
          <gpoId>7816</gpoId>
          <lisID>1832</lisID>
        </identifiers>
        <lastName>McNerney</lastName>
        <fullName>Rep. McNerney, Jerry [D-CA-9]</fullName>
        <isOriginalCosponsor>False</isOriginalCosponsor>
        <firstName>Jerry</firstName>
        <party>D</party>
        <sponsorshipWithdrawnDate />
      </item>
      <item>
        <district>2</district>
        <sponsorshipDate>2017-07-14</sponsorshipDate>
        <middleName />
        <state>NE</state>
        <bioguideId>B001298</bioguideId>
        <identifiers>
          <bioguideId>B001298</bioguideId>
          <lisID>2337</lisID>
          <gpoId />
        </identifiers>
        <lastName>Bacon</lastName>
        <fullName>Rep. Bacon, Don [R-NE-2]</fullName>
        <isOriginalCosponsor>False</isOriginalCosponsor>
        <firstName>Don</firstName>
        <party>R</party>
        <sponsorshipWithdrawnDate />
      </item>
      <item>
        <district>24</district>
        <sponsorshipDate>2017-10-31</sponsorshipDate>
        <middleName>S.</middleName>
        <state>FL</state>
        <bioguideId>W000808</bioguideId>
        <identifiers>
          <bioguideId>W000808</bioguideId>
          <lisID>2004</lisID>
          <gpoId>7889</gpoId>
        </identifiers>
        <lastName>Wilson</lastName>
        <fullName>Rep. Wilson, Frederica S. [D-FL-24]</fullName>
        <isOriginalCosponsor>False</isOriginalCosponsor>
        <firstName>Frederica</firstName>
        <party>D</party>
        <sponsorshipWithdrawnDate />
      </item>
      <item>
        <district>4</district>
        <sponsorshipDate>2017-12-20</sponsorshipDate>
        <middleName>Donald</middleName>
        <state>VA</state>
        <bioguideId>M001200</bioguideId>
        <identifiers>
          <gpoId />
          <lisID>2352</lisID>
          <bioguideId>M001200</bioguideId>
        </identifiers>
        <lastName>McEachin</lastName>
        <fullName>Rep. McEachin, A. Donald [D-VA-4]</fullName>
        <isOriginalCosponsor>False</isOriginalCosponsor>
        <firstName>A.</firstName>
        <party>D</party>
        <sponsorshipWithdrawnDate />
      </item>
      <item>
        <district>13</district>
        <sponsorshipDate>2018-02-26</sponsorshipDate>
        <middleName />
        <state>FL</state>
        <bioguideId>C001111</bioguideId>
        <identifiers>
          <bioguideId>C001111</bioguideId>
          <lisID>2321</lisID>
          <gpoId />
        </identifiers>
        <lastName>Crist</lastName>
        <fullName>Rep. Crist, Charlie [D-FL-13]</fullName>
        <isOriginalCosponsor>False</isOriginalCosponsor>
        <firstName>Charlie</firstName>
        <party>D</party>
        <sponsorshipWithdrawnDate />
      </item>
      <item>
        <district>0</district>
        <sponsorshipDate>2018-02-26</sponsorshipDate>
        <middleName />
        <state>DE</state>
        <bioguideId>B001303</bioguideId>
        <identifiers>
          <bioguideId>B001303</bioguideId>
          <lisID>2313</lisID>
          <gpoId />
        </identifiers>
        <lastName>Blunt Rochester</lastName>
        <fullName>Rep. Blunt Rochester, Lisa [D-DE-At Large]</fullName>
        <isOriginalCosponsor>False</isOriginalCosponsor>
        <firstName>Lisa</firstName>
        <party>D</party>
        <sponsorshipWithdrawnDate />
      </item>
      <item>
        <district>11</district>
        <sponsorshipDate>2018-02-27</sponsorshipDate>
        <middleName>A.</middleName>
        <state>MI</state>
        <bioguideId>T000475</bioguideId>
        <identifiers>
          <lisID>2250</lisID>
          <gpoId />
          <bioguideId>T000475</bioguideId>
        </identifiers>
        <lastName>Trott</lastName>
        <fullName>Rep. Trott, David A. [R-MI-11]</fullName>
        <isOriginalCosponsor>False</isOriginalCosponsor>
        <firstName>David</firstName>
        <party>R</party>
        <sponsorshipWithdrawnDate />
      </item>
    </cosponsors>
    <version>1.0.0</version>
    <amendments />
    <billNumber>816</billNumber>
    <cboCostEstimates />
    <originChamber>House</originChamber>
    <committees>
      <billCommittees>
        <item>
          <type>Standing</type>
          <chamber>House</chamber>
          <name>Energy and Commerce Committee</name>
          <activities>
            <item>
              <name>Referred to</name>
              <date>2017-02-02T15:00:25Z</date>
            </item>
          </activities>
          <subcommittees>
            <item>
              <activities>
                <item>
                  <name>Referred to</name>
                  <date>2017-02-03T16:03:13Z</date>
                </item>
              </activities>
              <systemCode>hsif14</systemCode>
              <name>Health Subcommittee</name>
            </item>
          </subcommittees>
          <systemCode>hsif00</systemCode>
        </item>
      </billCommittees>
    </committees>
    <calendarNumbers />
    <latestAction>
      <text>Referred to the Subcommittee on Health.</text>
      <actionDate>2017-02-03</actionDate>
      <links />
    </latestAction>
    <summaries>
      <billSummaries>
        <item>
          <actionDesc>Introduced in House</actionDesc>
          <actionDate>2017-02-02</actionDate>
          <name>Introduced in House</name>
          <versionCode>00</versionCode>
          <text><![CDATA[<p><b>Federal Accountability in Chemical Testing Act or the FACT Act</b></p> <p>This bill amends the ICCVAM Authorization Act of 2000 to require the reports of the Interagency Coordinating Committee on the Validation of Alternative Methods (ICCVAM) to include a description of the progress on the development and use of alternative methods for toxicological testing by participating federal agencies.</p> Federal agencies that require or recommend toxicological testing must provide the ICCVAM with the information needed to carry out the Act.]]></text>
          <updateDate>2017-02-02T05:00:00Z</updateDate>
          <lastSummaryUpdateDate>2017-07-31T20:05:23Z</lastSummaryUpdateDate>
        </item>
      </billSummaries>
    </summaries>
  </bill>
  <dublinCore xmlns:dc="http://purl.org/dc/elements/1.1/">
    <dc:format>text/xml</dc:format>
    <dc:language>EN</dc:language>
    <dc:rights>Pursuant to Title 17 Section 105 of the United States Code, this file is not subject to copyright protection and is in the public domain.</dc:rights>
    <dc:contributor>Congressional Research Service, Library of Congress</dc:contributor>
    <dc:description>This file contains bill summaries and statuses for federal legislation. A bill summary describes the most significant provisions of a piece of legislation and details the effects the legislative text may have on current law and federal programs. Bill summaries are authored by the Congressional Research Service (CRS) of the Library of Congress. As stated in Public Law 91-510 (2 USC 166 (d)(6)), one of the duties of CRS is "to prepare summaries and digests of bills and resolutions of a public general nature introduced in the Senate or House of Representatives". For more information, refer to the User Guide that accompanies this file.</dc:description>
  </dublinCore>
</billStatus>

