<?xml version="1.0" encoding="UTF-8"?>
<billStatus>
  <bill>
    <createDate>2017-01-06T04:57:26Z</createDate>
    <congress>115</congress>
    <calendarNumbers />
    <amendments />
    <recordedVotes />
    <cboCostEstimates>
      <item>
        <pubDate>2017-06-13T14:36:56Z</pubDate>
        <title>H.R. 338, a bill to promote a 21st century energy and manufacturing workforce</title>
        <url>https://www.cbo.gov/publication/52802</url>
      </item>
    </cboCostEstimates>
    <updateDate>2018-02-22T15:27:15Z</updateDate>
    <laws />
    <billNumber>338</billNumber>
    <summaries>
      <billSummaries>
        <item>
          <versionCode>00</versionCode>
          <actionDate>2017-01-05</actionDate>
          <lastSummaryUpdateDate>2017-04-03T16:14:40Z</lastSummaryUpdateDate>
          <updateDate>2017-01-05T05:00:00Z</updateDate>
          <actionDesc>Introduced in House</actionDesc>
          <text><![CDATA[<p>This bill directs the Department of Energy (DOE), in awarding grants, to prioritize education and training for energy and manufacturing jobs, including by encouraging state and local education agencies to equip students for those jobs and strengthening DOE programs and labs carrying out workforce development initiatives.</p> <p>DOE must prioritize educating and training workers from underrepresented groups such as minorities, women, and veterans.DOE may encourage, but not incentivize or require, any state or school district to adopt a curriculum to equip students with the skills and training necessary to fill employment opportunities in the energy and manufacturing industries.</p> <p>DOE must establish a clearinghouse for information and guidance on job training and other workforce development programs.Additionally, DOE must work with the energy and manufacturing industries, educational institutions, and other governmental agencies to identify areas of workforce need and develop guidelines to implement the best practices for effective job training programs.</p> <p>The bill requires DOE to consider increasing outreach to institutions that serve minority populations.DOE must also give special consideration to dislocated energy and manufacturing workers.</p> <p>The bill does not authorize additional funding to carry out its requirements or authorize the creation of a new workforce development program.</p>]]></text>
          <name>Introduced in House</name>
        </item>
        <item>
          <versionCode>81</versionCode>
          <actionDate>2017-06-12</actionDate>
          <lastSummaryUpdateDate>2017-08-14T20:24:59Z</lastSummaryUpdateDate>
          <updateDate>2017-06-12T18:06:40Z</updateDate>
          <actionDesc>Passed House without amendment</actionDesc>
          <text><![CDATA[<p>(This measure has not been amended since it was introduced. The summary has been expanded because action occurred on the measure.)</p> <p>(Sec. 1) This bill directs the Department of Energy (DOE), in awarding grants, to prioritize education and training for energy and manufacturing jobs, including by encouraging state and local education agencies to equip students for those jobs and strengthening DOE programs and labs carrying out workforce development initiatives. DOE must prioritize educating and training workers from underrepresented groups such as minorities, women, and veterans. DOE may encourage, but not incentivize, require, or coerce any state or school district to adopt a curriculum to equip students with the skills and training necessary to fill employment opportunities in the energy and manufacturing industries.</p> <p>In addition, DOE is directed to:</p> <ul> <li> establish a clearinghouse for information and guidance on job training and other workforce development programs for energy and manufacturing jobs; and</li> <li>work with the energy and manufacturing industries, educational institutions, and other government agencies to identify areas of workforce need and develop guidelines to implement the best practices for effective job training programs.</li> </ul> <p>The bill requires DOE to consider increasing outreach to institutions that serve minority populations. The Minorities in Energy Initiative provides for DOE to:</p> <ul> <li>make existing resources available to minority serving institutions with the objective of increasing the number of minorities and women trained to work in the energy and manufacturing industries;</li> <li>encourage the energy and manufacturing industries to improve the amount of internships and cooperative work study programs available for minority students; and</li> <li>increase underrepresented groups' participation in internships, fellowships, and employment at DOE laboratories.</li> </ul> <p>DOE must give special consideration to dislocated energy and manufacturing workers by:</p> <ul> <li>increasing outreach to employers and job trainers who train unemployed energy and manufacturing workers for re-entry into the job market,</li> <li>making existing resources available to institutions that provide job training to unemployed energy and manufacturing workers,</li> <li>encouraging the energy and manufacturing industries to improve opportunities for energy and manufacturing workers to participate in career pathway programs, and</li> <li>working with the energy and manufacturing industries to identify energy and manufacturing operations scheduled for closure and provide early intervention assistance to affected workers through partnerships with state and local workforce boards.</li> </ul> <p>This bill does not authorize the creation of a new workforce development program.</p> <p>(Sec. 2) DOE is required to submit a report to Congress, within five years, on the national outlook for the energy and manufacturing industries. The report must include a summary of energy and manufacturing jobs that have been created by this bill. In addition, the report must contain the:</p> <ul> <li>number of workforce training program participants served,</li> <li>percentage of workforce training program participants in competitive employment,</li> <li>median income of workforce training program participants, and</li> <li>percentage of workforce training program participants receiving industry-recognized credentials.</li> </ul> <p>(Sec. 3) This bill does not authorize additional funding to carry out its requirements.</p>]]></text>
          <name>Passed House without amendment</name>
        </item>
      </billSummaries>
    </summaries>
    <constitutionalAuthorityStatementText><![CDATA[<pre>From the Congressional Record Online through the Government Publishing Office [<a href='http://www.gpo.gov'>www.gpo.gov</a>]By Mr. RUSH:H.R. 338.Congress has the power to enact this legislation pursuantto the following:This bill is enacted pursuant to the power granted toCongress under Article I, Section 8, Clause 3 of the UnitedStates Constitution.[Page H183]</pre>]]></constitutionalAuthorityStatementText>
    <notes />
    <sponsors>
      <item>
        <firstName>BOBBY</firstName>
        <state>IL</state>
        <lastName>RUSH</lastName>
        <party>D</party>
        <district>1</district>
        <fullName>Rep. Rush, Bobby L. [D-IL-1]</fullName>
        <middleName>L.</middleName>
        <bioguideId>R000515</bioguideId>
        <byRequestType />
        <identifiers>
          <bioguideId>R000515</bioguideId>
          <gpoId>7921</gpoId>
          <lisID>1003</lisID>
        </identifiers>
      </item>
    </sponsors>
    <titles>
      <item>
        <chamberName />
        <title>To promote a 21st century energy and manufacturing workforce.</title>
        <titleType>Official Title as Introduced</titleType>
        <chamberCode />
        <parentTitleType />
      </item>
      <item>
        <chamberName />
        <title>To promote a 21st century energy and manufacturing workforce.</title>
        <titleType>Display Title</titleType>
        <chamberCode />
        <parentTitleType />
      </item>
    </titles>
    <committees>
      <billCommittees>
        <item>
          <chamber>Senate</chamber>
          <name>Energy and Natural Resources Committee</name>
          <activities>
            <item>
              <date>2017-06-13T16:43:07Z</date>
              <name>Referred to</name>
            </item>
          </activities>
          <type>Standing</type>
          <subcommittees />
          <systemCode>sseg00</systemCode>
        </item>
        <item>
          <chamber>House</chamber>
          <name>Energy and Commerce Committee</name>
          <activities>
            <item>
              <date>2017-06-12T19:10:41Z</date>
              <name>Reported by</name>
            </item>
            <item>
              <date>2017-06-07T13:29:34Z</date>
              <name>Markup by</name>
            </item>
            <item>
              <date>2017-01-05T15:05:25Z</date>
              <name>Referred to</name>
            </item>
          </activities>
          <type>Standing</type>
          <subcommittees>
            <item>
              <systemCode>hsif03</systemCode>
              <name>Energy and Power Subcommittee</name>
              <activities>
                <item>
                  <date>2017-06-07T21:05:25Z</date>
                  <name>Discharged from</name>
                </item>
                <item>
                  <date>2017-01-25T14:28:02Z</date>
                  <name>Referred to</name>
                </item>
              </activities>
            </item>
          </subcommittees>
          <systemCode>hsif00</systemCode>
        </item>
        <item>
          <chamber>House</chamber>
          <name>Education and the Workforce Committee</name>
          <activities>
            <item>
              <date>2017-01-05T15:05:20Z</date>
              <name>Referred to</name>
            </item>
          </activities>
          <type>Standing</type>
          <subcommittees />
          <systemCode>hsed00</systemCode>
        </item>
      </billCommittees>
    </committees>
    <billType>HR</billType>
    <actions>
      <actionByCounts>
        <senate>1</senate>
        <houseOfRepresentatives>17</houseOfRepresentatives>
      </actionByCounts>
      <item>
        <actionDate>2017-06-13</actionDate>
        <committee>
          <name>Energy and Natural Resources Committee</name>
          <systemCode>sseg00</systemCode>
        </committee>
        <links />
        <sourceSystem>
          <code>0</code>
          <name>Senate</name>
        </sourceSystem>
        <text>Received in the Senate and Read twice and referred to the Committee on Energy and Natural Resources.</text>
        <type>IntroReferral</type>
      </item>
      <item>
        <committee />
        <links />
        <text>Motion to reconsider laid on the table Agreed to without objection.</text>
        <actionDate>2017-06-12</actionDate>
        <actionTime>16:44:56</actionTime>
        <actionCode>H38310</actionCode>
        <sourceSystem>
          <code>2</code>
          <name>House floor actions</name>
        </sourceSystem>
        <type>Floor</type>
      </item>
      <item>
        <committee />
        <links>
          <link>
            <name>H4831-4832</name>
            <url>https://www.congress.gov/congressional-record/volume-163/house-section/page/H4831-4832</url>
          </link>
        </links>
        <text>On motion to suspend the rules and pass the bill Agreed to by voice vote. (text: CR H4831-4832)</text>
        <actionDate>2017-06-12</actionDate>
        <actionTime>16:44:54</actionTime>
        <actionCode>H37300</actionCode>
        <sourceSystem>
          <code>2</code>
          <name>House floor actions</name>
        </sourceSystem>
        <type>Floor</type>
      </item>
      <item>
        <committee />
        <links />
        <text>Passed/agreed to in House: On motion to suspend the rules and pass the bill Agreed to by voice vote.</text>
        <actionDate>2017-06-12</actionDate>
        <actionTime>16:44:54</actionTime>
        <actionCode>8000</actionCode>
        <sourceSystem>
          <code>9</code>
          <name>Library of Congress</name>
        </sourceSystem>
        <type>Floor</type>
      </item>
      <item>
        <committee />
        <links>
          <link>
            <name>H.R. 338</name>
            <url>https://www.congress.gov/bill/115th-congress/house-bill/338</url>
          </link>
        </links>
        <text>DEBATE - The House proceeded with forty minutes of debate on H.R. 338.</text>
        <actionDate>2017-06-12</actionDate>
        <actionTime>16:26:59</actionTime>
        <actionCode>H8D000</actionCode>
        <sourceSystem>
          <code>2</code>
          <name>House floor actions</name>
        </sourceSystem>
        <type>Floor</type>
      </item>
      <item>
        <committee />
        <links>
          <link>
            <name>H4831-4834</name>
            <url>https://www.congress.gov/congressional-record/volume-163/house-section/page/H4831-4834</url>
          </link>
        </links>
        <text>Considered under suspension of the rules. (consideration: CR H4831-4834)</text>
        <actionDate>2017-06-12</actionDate>
        <actionTime>16:26:58</actionTime>
        <actionCode>H30000</actionCode>
        <sourceSystem>
          <code>2</code>
          <name>House floor actions</name>
        </sourceSystem>
        <type>Floor</type>
      </item>
      <item>
        <committee />
        <links />
        <text>Mr. Upton moved to suspend the rules and pass the bill.</text>
        <actionDate>2017-06-12</actionDate>
        <actionTime>16:26:50</actionTime>
        <actionCode>H30300</actionCode>
        <sourceSystem>
          <code>2</code>
          <name>House floor actions</name>
        </sourceSystem>
        <type>Floor</type>
      </item>
      <item>
        <committee>
          <name>Energy and Commerce Committee</name>
          <systemCode>hsif00</systemCode>
        </committee>
        <links>
          <link>
            <name>H. Rept. 115-168</name>
            <url>https://www.congress.gov/congressional-report/115th-congress/house-report/168</url>
          </link>
        </links>
        <text>Reported by the Committee on Energy and Commerce. H. Rept. 115-168, Part I.</text>
        <actionDate>2017-06-12</actionDate>
        <type>Committee</type>
        <actionCode>H12200</actionCode>
        <sourceSystem>
          <code>2</code>
          <name>House floor actions</name>
        </sourceSystem>
      </item>
      <item>
        <committee>
          <name>Energy and Commerce Committee</name>
          <systemCode>hsif00</systemCode>
        </committee>
        <links>
          <link>
            <name>H. Rept. 115-168</name>
            <url>https://www.congress.gov/congressional-report/115th-congress/house-report/168</url>
          </link>
        </links>
        <text>Reported by the Committee on Energy and Commerce. H. Rept. 115-168, Part I.</text>
        <actionDate>2017-06-12</actionDate>
        <type>Committee</type>
        <actionCode>5000</actionCode>
        <sourceSystem>
          <code>9</code>
          <name>Library of Congress</name>
        </sourceSystem>
      </item>
      <item>
        <actionDate>2017-06-07</actionDate>
        <committee>
          <name>Energy and Commerce Committee</name>
          <systemCode>hsif00</systemCode>
        </committee>
        <links />
        <sourceSystem>
          <code>1</code>
          <name>House committee actions</name>
        </sourceSystem>
        <text>Subcommittee on Energy Discharged.</text>
        <type>Committee</type>
      </item>
      <item>
        <actionDate>2017-06-07</actionDate>
        <committee>
          <name>Energy and Commerce Committee</name>
          <systemCode>hsif00</systemCode>
        </committee>
        <links />
        <sourceSystem>
          <code>1</code>
          <name>House committee actions</name>
        </sourceSystem>
        <text>Ordered to be Reported by Unanimous Consent.</text>
        <type>Committee</type>
      </item>
      <item>
        <actionDate>2017-06-07</actionDate>
        <committee>
          <name>Energy and Commerce Committee</name>
          <systemCode>hsif00</systemCode>
        </committee>
        <links />
        <sourceSystem>
          <code>1</code>
          <name>House committee actions</name>
        </sourceSystem>
        <text>Committee Consideration and Mark-up Session Held.</text>
        <type>Committee</type>
      </item>
      <item>
        <actionDate>2017-01-25</actionDate>
        <committee>
          <name>Energy and Power Subcommittee</name>
          <systemCode>hsif03</systemCode>
        </committee>
        <links />
        <sourceSystem>
          <code>1</code>
          <name>House committee actions</name>
        </sourceSystem>
        <text>Referred to the Subcommittee on Energy.</text>
        <type>Committee</type>
      </item>
      <item>
        <committee>
          <name>Energy and Commerce Committee</name>
          <systemCode>hsif00</systemCode>
        </committee>
        <links />
        <text>Referred to House Energy and Commerce</text>
        <actionDate>2017-01-05</actionDate>
        <type>IntroReferral</type>
        <actionCode>H11100</actionCode>
        <sourceSystem>
          <code>2</code>
          <name>House floor actions</name>
        </sourceSystem>
      </item>
      <item>
        <committee>
          <name>Education and the Workforce Committee</name>
          <systemCode>hsed00</systemCode>
        </committee>
        <links />
        <text>Referred to House Education and the Workforce</text>
        <actionDate>2017-01-05</actionDate>
        <type>IntroReferral</type>
        <actionCode>H11100</actionCode>
        <sourceSystem>
          <code>2</code>
          <name>House floor actions</name>
        </sourceSystem>
      </item>
      <item>
        <committee />
        <links />
        <text>Referred to the Committee on Education and the Workforce, and in addition to the Committee on Energy and Commerce, for a period to be subsequently determined by the Speaker, in each case for consideration of such provisions as fall within the jurisdiction of the committee concerned.</text>
        <actionDate>2017-01-05</actionDate>
        <type>IntroReferral</type>
        <actionCode>H11100-A</actionCode>
        <sourceSystem>
          <code>9</code>
          <name>Library of Congress</name>
        </sourceSystem>
      </item>
      <item>
        <committee />
        <links />
        <text>Introduced in House</text>
        <actionDate>2017-01-05</actionDate>
        <type>IntroReferral</type>
        <actionCode>Intro-H</actionCode>
        <sourceSystem>
          <code>9</code>
          <name>Library of Congress</name>
        </sourceSystem>
      </item>
      <item>
        <committee />
        <links />
        <text>Introduced in House</text>
        <actionDate>2017-01-05</actionDate>
        <type>IntroReferral</type>
        <actionCode>1000</actionCode>
        <sourceSystem>
          <code>9</code>
          <name>Library of Congress</name>
        </sourceSystem>
      </item>
      <actionTypeCounts>
        <introducedInTheHouse>1</introducedInTheHouse>
        <billReferrals>2</billReferrals>
        <generalDebate>1</generalDebate>
        <actionStageOverride>1</actionStageOverride>
        <introducedInHouse>1</introducedInHouse>
        <billReferralsAggregate>1</billReferralsAggregate>
        <motionToReconsiderResults>1</motionToReconsiderResults>
        <considerationByHouse>1</considerationByHouse>
        <motionMadeToSuspendTheRules>1</motionMadeToSuspendTheRules>
        <passedAgreedToInHouse>1</passedAgreedToInHouse>
        <committeeReportOfABill>1</committeeReportOfABill>
        <referredToCommittee>1</referredToCommittee>
        <finalPassageUnderSuspensionOfTheRulesResults>1</finalPassageUnderSuspensionOfTheRulesResults>
        <placeholderTextForH>3</placeholderTextForH>
        <reportedToHouse>1</reportedToHouse>
      </actionTypeCounts>
    </actions>
    <committeeReports>
      <committeeReport>
        <citation>H. Rept. 115-168</citation>
      </committeeReport>
    </committeeReports>
    <version>1.0.0</version>
    <originChamber>House</originChamber>
    <subjects>
      <billSubjects>
        <legislativeSubjects>
          <item>
            <name>Alternative and renewable resources</name>
          </item>
          <item>
            <name>Chemistry</name>
          </item>
          <item>
            <name>Coal</name>
          </item>
          <item>
            <name>Electric power generation and transmission</name>
          </item>
          <item>
            <name>Employment and training programs</name>
          </item>
          <item>
            <name>Energy efficiency and conservation</name>
          </item>
          <item>
            <name>Government information and archives</name>
          </item>
          <item>
            <name>Manufacturing</name>
          </item>
          <item>
            <name>Minority education</name>
          </item>
          <item>
            <name>Minority employment</name>
          </item>
          <item>
            <name>Nuclear power</name>
          </item>
          <item>
            <name>Oil and gas</name>
          </item>
          <item>
            <name>Pipelines</name>
          </item>
          <item>
            <name>Student aid and college costs</name>
          </item>
          <item>
            <name>Unemployment</name>
          </item>
        </legislativeSubjects>
        <policyArea>
          <name>Labor and Employment</name>
        </policyArea>
      </billSubjects>
    </subjects>
    <title>To promote a 21st century energy and manufacturing workforce.</title>
    <introducedDate>2017-01-05</introducedDate>
    <cosponsors>
      <item>
        <lastName>Hudson</lastName>
        <firstName>Richard</firstName>
        <state>NC</state>
        <isOriginalCosponsor>True</isOriginalCosponsor>
        <district>8</district>
        <middleName />
        <identifiers>
          <bioguideId>H001067</bioguideId>
          <lisID>2140</lisID>
          <gpoId />
        </identifiers>
        <sponsorshipWithdrawnDate />
        <party>R</party>
        <sponsorshipDate>2017-01-05</sponsorshipDate>
        <fullName>Rep. Hudson, Richard [R-NC-8]</fullName>
        <bioguideId>H001067</bioguideId>
      </item>
      <item>
        <lastName>GREEN</lastName>
        <firstName>GENE</firstName>
        <state>TX</state>
        <isOriginalCosponsor>False</isOriginalCosponsor>
        <district>29</district>
        <middleName />
        <identifiers>
          <bioguideId>G000410</bioguideId>
          <gpoId>8185</gpoId>
          <lisID>462</lisID>
        </identifiers>
        <sponsorshipWithdrawnDate />
        <party>D</party>
        <sponsorshipDate>2017-01-11</sponsorshipDate>
        <fullName>Rep. Green, Gene [D-TX-29]</fullName>
        <bioguideId>G000410</bioguideId>
      </item>
      <item>
        <lastName>McKinley</lastName>
        <firstName>David</firstName>
        <state>WV</state>
        <isOriginalCosponsor>False</isOriginalCosponsor>
        <district>1</district>
        <middleName>B.</middleName>
        <identifiers>
          <bioguideId>M001180</bioguideId>
          <gpoId>8222</gpoId>
          <lisID>2074</lisID>
        </identifiers>
        <sponsorshipWithdrawnDate />
        <party>R</party>
        <sponsorshipDate>2017-01-31</sponsorshipDate>
        <fullName>Rep. McKinley, David B. [R-WV-1]</fullName>
        <bioguideId>M001180</bioguideId>
      </item>
      <item>
        <lastName>RYAN</lastName>
        <firstName>TIM</firstName>
        <state>OH</state>
        <isOriginalCosponsor>False</isOriginalCosponsor>
        <district>13</district>
        <middleName />
        <identifiers>
          <gpoId>8107</gpoId>
          <bioguideId>R000577</bioguideId>
          <lisID>1756</lisID>
        </identifiers>
        <sponsorshipWithdrawnDate />
        <party>D</party>
        <sponsorshipDate>2017-05-03</sponsorshipDate>
        <fullName>Rep. Ryan, Tim [D-OH-13]</fullName>
        <bioguideId>R000577</bioguideId>
      </item>
      <item>
        <lastName>Butterfield</lastName>
        <firstName>G. K.</firstName>
        <state>NC</state>
        <isOriginalCosponsor>False</isOriginalCosponsor>
        <district>1</district>
        <middleName />
        <identifiers>
          <bioguideId>B001251</bioguideId>
          <gpoId>8024</gpoId>
          <lisID>1761</lisID>
        </identifiers>
        <sponsorshipWithdrawnDate />
        <party>D</party>
        <sponsorshipDate>2017-06-06</sponsorshipDate>
        <fullName>Rep. Butterfield, G. K. [D-NC-1]</fullName>
        <bioguideId>B001251</bioguideId>
      </item>
    </cosponsors>
    <latestAction>
      <links />
      <text>Received in the Senate and Read twice and referred to the Committee on Energy and Natural Resources.</text>
      <actionDate>2017-06-13</actionDate>
    </latestAction>
    <policyArea>
      <name>Labor and Employment</name>
    </policyArea>
    <relatedBills />
  </bill>
  <dublinCore xmlns:dc="http://purl.org/dc/elements/1.1/">
    <dc:format>text/xml</dc:format>
    <dc:language>EN</dc:language>
    <dc:rights>Pursuant to Title 17 Section 105 of the United States Code, this file is not subject to copyright protection and is in the public domain.</dc:rights>
    <dc:contributor>Congressional Research Service, Library of Congress</dc:contributor>
    <dc:description>This file contains bill summaries and statuses for federal legislation. A bill summary describes the most significant provisions of a piece of legislation and details the effects the legislative text may have on current law and federal programs. Bill summaries are authored by the Congressional Research Service (CRS) of the Library of Congress. As stated in Public Law 91-510 (2 USC 166 (d)(6)), one of the duties of CRS is "to prepare summaries and digests of bills and resolutions of a public general nature introduced in the Senate or House of Representatives". For more information, refer to the User Guide that accompanies this file.</dc:description>
  </dublinCore>
</billStatus>

