<?xml version="1.0" encoding="UTF-8"?>
<billStatus>
  <bill>
    <billNumber>183</billNumber>
    <relatedBills />
    <originChamber>House</originChamber>
    <recordedVotes />
    <latestAction>
      <text>Referred to the Subcommittee on Indian, Insular and Alaska Native Affairs.</text>
      <links />
      <actionDate>2017-02-10</actionDate>
    </latestAction>
    <createDate>2017-01-04T07:01:12Z</createDate>
    <title>To provide for the equitable settlement of certain Indian land disputes regarding land in Illinois, and for other purposes.</title>
    <summaries>
      <billSummaries>
        <item>
          <text><![CDATA[<p>This bill confers exclusive jurisdiction to the U.S. Court of Federal Claims for the Miami Tribe of Oklahoma's land claim arising under the Treaty of Grouseland. The court must render judgement without regard to defenses based on the passage of time, including the statute of limitations. The United States is the only entity liable for such a claim and monetary damages are the only available remedy. This jurisdiction expires unless such a claim is filed within one year of enactment of this bill.</p> All other claims of the tribe to title arising under the Treaty of Grouseland are extinguished.]]></text>
          <versionCode>00</versionCode>
          <actionDate>2017-01-03</actionDate>
          <name>Introduced in House</name>
          <actionDesc>Introduced in House</actionDesc>
          <lastSummaryUpdateDate>2017-01-17T22:24:58Z</lastSummaryUpdateDate>
          <updateDate>2017-01-03T05:00:00Z</updateDate>
        </item>
      </billSummaries>
    </summaries>
    <actions>
      <actionByCounts>
        <houseOfRepresentatives>4</houseOfRepresentatives>
      </actionByCounts>
      <item>
        <actionDate>2017-02-10</actionDate>
        <committee>
          <name>Indian, Insular and Alaska Native Affairs Subcommittee</name>
          <systemCode>hsii24</systemCode>
        </committee>
        <links />
        <sourceSystem>
          <name>House committee actions</name>
          <code>1</code>
        </sourceSystem>
        <text>Referred to the Subcommittee on Indian, Insular and Alaska Native Affairs.</text>
        <type>Committee</type>
      </item>
      <item>
        <text>Referred to the House Committee on Natural Resources.</text>
        <type>IntroReferral</type>
        <sourceSystem>
          <name>House floor actions</name>
          <code>2</code>
        </sourceSystem>
        <committee>
          <name>Natural Resources Committee</name>
          <systemCode>hsii00</systemCode>
        </committee>
        <actionCode>H11100</actionCode>
        <actionDate>2017-01-03</actionDate>
        <links />
      </item>
      <item>
        <text>Introduced in House</text>
        <type>IntroReferral</type>
        <sourceSystem>
          <name>Library of Congress</name>
          <code>9</code>
        </sourceSystem>
        <committee />
        <actionCode>Intro-H</actionCode>
        <actionDate>2017-01-03</actionDate>
        <links />
      </item>
      <item>
        <text>Introduced in House</text>
        <type>IntroReferral</type>
        <sourceSystem>
          <name>Library of Congress</name>
          <code>9</code>
        </sourceSystem>
        <committee />
        <actionCode>1000</actionCode>
        <actionDate>2017-01-03</actionDate>
        <links />
      </item>
      <actionTypeCounts>
        <introducedInHouse>1</introducedInHouse>
        <billReferrals>1</billReferrals>
        <placeholderTextForH>1</placeholderTextForH>
        <introducedInTheHouse>1</introducedInTheHouse>
      </actionTypeCounts>
    </actions>
    <updateDate>2018-02-06T16:40:30Z</updateDate>
    <amendments />
    <notes />
    <sponsors>
      <item>
        <bioguideId>M001190</bioguideId>
        <district>2</district>
        <middleName />
        <byRequestType />
        <firstName>Markwayne</firstName>
        <lastName>Mullin</lastName>
        <state>OK</state>
        <party>R</party>
        <identifiers>
          <gpoId />
          <bioguideId>M001190</bioguideId>
          <lisID>2156</lisID>
        </identifiers>
        <fullName>Rep. Mullin, Markwayne [R-OK-2]</fullName>
      </item>
    </sponsors>
    <committees>
      <billCommittees>
        <item>
          <subcommittees>
            <item>
              <name>Indian, Insular and Alaska Native Affairs Subcommittee</name>
              <systemCode>hsii24</systemCode>
              <activities>
                <item>
                  <name>Referred to</name>
                  <date>2017-02-10T16:54:11Z</date>
                </item>
              </activities>
            </item>
          </subcommittees>
          <type>Standing</type>
          <systemCode>hsii00</systemCode>
          <activities>
            <item>
              <name>Referred to</name>
              <date>2017-01-03T17:18:40Z</date>
            </item>
          </activities>
          <name>Natural Resources Committee</name>
          <chamber>House</chamber>
        </item>
      </billCommittees>
    </committees>
    <cosponsors />
    <constitutionalAuthorityStatementText><![CDATA[<pre>From the Congressional Record Online through the Government Publishing Office [<a href='http://www.gpo.gov'>www.gpo.gov</a>]By Mr. MULLIN:H.R. 183.Congress has the power to enact this legislation pursuantto the following:Section 1 of Article III of the Constitution[Page H51]</pre>]]></constitutionalAuthorityStatementText>
    <policyArea>
      <name>Native Americans</name>
    </policyArea>
    <cboCostEstimates />
    <laws />
    <congress>115</congress>
    <version>1.0.0</version>
    <introducedDate>2017-01-03</introducedDate>
    <committeeReports />
    <titles>
      <item>
        <titleType>Official Title as Introduced</titleType>
        <parentTitleType />
        <chamberName />
        <title>To provide for the equitable settlement of certain Indian land disputes regarding land in Illinois, and for other purposes.</title>
        <chamberCode />
      </item>
      <item>
        <titleType>Display Title</titleType>
        <parentTitleType />
        <chamberName />
        <title>To provide for the equitable settlement of certain Indian land disputes regarding land in Illinois, and for other purposes.</title>
        <chamberCode />
      </item>
    </titles>
    <calendarNumbers />
    <subjects>
      <billSubjects>
        <legislativeSubjects>
          <item>
            <name>Indian claims</name>
          </item>
          <item>
            <name>Indian lands and resources rights</name>
          </item>
          <item>
            <name>Jurisdiction and venue</name>
          </item>
          <item>
            <name>Oklahoma</name>
          </item>
          <item>
            <name>Specialized courts</name>
          </item>
        </legislativeSubjects>
        <policyArea>
          <name>Native Americans</name>
        </policyArea>
      </billSubjects>
    </subjects>
    <billType>HR</billType>
  </bill>
  <dublinCore xmlns:dc="http://purl.org/dc/elements/1.1/">
    <dc:format>text/xml</dc:format>
    <dc:language>EN</dc:language>
    <dc:rights>Pursuant to Title 17 Section 105 of the United States Code, this file is not subject to copyright protection and is in the public domain.</dc:rights>
    <dc:contributor>Congressional Research Service, Library of Congress</dc:contributor>
    <dc:description>This file contains bill summaries and statuses for federal legislation. A bill summary describes the most significant provisions of a piece of legislation and details the effects the legislative text may have on current law and federal programs. Bill summaries are authored by the Congressional Research Service (CRS) of the Library of Congress. As stated in Public Law 91-510 (2 USC 166 (d)(6)), one of the duties of CRS is "to prepare summaries and digests of bills and resolutions of a public general nature introduced in the Senate or House of Representatives". For more information, refer to the User Guide that accompanies this file.</dc:description>
  </dublinCore>
</billStatus>

