<?xml version="1.0" encoding="UTF-8"?>
<billStatus>
  <bill>
    <cosponsors />
    <congress>115</congress>
    <committees>
      <billCommittees>
        <item>
          <type>Standing</type>
          <systemCode>ssas00</systemCode>
          <subcommittees />
          <activities>
            <item>
              <date>2017-07-20T15:36:14Z</date>
              <name>Referred to</name>
            </item>
          </activities>
          <chamber>Senate</chamber>
          <name>Armed Services Committee</name>
        </item>
      </billCommittees>
    </committees>
    <laws />
    <titles>
      <item>
        <title>Whole of Society Cyber Personnel Cooperation Resolution of 2017</title>
        <titleType>Short Titles as Introduced</titleType>
        <parentTitleType />
        <chamberCode />
        <chamberName />
      </item>
      <item>
        <title>A concurrent resolution expressing the sense of Congress on the use of the Intergovernmental Personnel Act Mobility Program and the Department of Defense Information Technology Exchange Program to obtain personnel with cyber skills and abilities for the Department of Defense.</title>
        <titleType>Official Title as Introduced</titleType>
        <parentTitleType />
        <chamberCode />
        <chamberName />
      </item>
      <item>
        <title>Whole of Society Cyber Personnel Cooperation Resolution of 2017</title>
        <titleType>Display Title</titleType>
        <parentTitleType />
        <chamberCode />
        <chamberName />
      </item>
      <item>
        <title>Whole of Society Cyber Personnel Cooperation Resolution of 2017</title>
        <titleType>(Extracted from GPO) Short Titles as Introduced</titleType>
        <parentTitleType />
        <chamberCode />
        <chamberName />
      </item>
    </titles>
    <billType>SCONRES</billType>
    <amendments />
    <recordedVotes />
    <actions>
      <item>
        <actionDate>2017-07-20</actionDate>
        <committee>
          <systemCode>ssas00</systemCode>
          <name>Armed Services Committee</name>
        </committee>
        <links>
          <link>
            <name>S4119-4120</name>
            <url>https://www.congress.gov/congressional-record/volume-163/senate-section/page/S4119-4120</url>
          </link>
        </links>
        <sourceSystem>
          <name>Senate</name>
          <code>0</code>
        </sourceSystem>
        <text>Referred to the Committee on Armed Services. (text of measure as introduced: CR S4119-4120)</text>
        <type>IntroReferral</type>
      </item>
      <item>
        <sourceSystem>
          <name>Library of Congress</name>
          <code>9</code>
        </sourceSystem>
        <actionDate>2017-07-20</actionDate>
        <links />
        <text>Introduced in Senate</text>
        <committee />
        <actionCode>10000</actionCode>
        <type>IntroReferral</type>
      </item>
      <actionByCounts>
        <senate>2</senate>
      </actionByCounts>
      <actionTypeCounts>
        <referredToCommittee>1</referredToCommittee>
        <introducedInSenate>1</introducedInSenate>
      </actionTypeCounts>
    </actions>
    <introducedDate>2017-07-20</introducedDate>
    <relatedBills />
    <committeeReports />
    <calendarNumbers />
    <billNumber>22</billNumber>
    <summaries>
      <billSummaries>
        <item>
          <text><![CDATA[<p><b>Whole of Society Cyber Personnel Cooperation Resolution of 2017</b></p> <p>Expresses the sense of Congress that: (1) the Department of Defense (DOD) should fully use the Intergovernmental Personnel Act Mobility Program and the DOD Information Technology Exchange Program to obtain cyber personnel across the government by leveraging cyber capabilities found at the state and local government level and in the private sector in order to meet the needs of DOD for cybersecurity professionals, and (2) DOD should implement at the earliest practicable date a strategy that includes policies and plans to fully use such programs to obtain such personnel for DOD.</p>]]></text>
          <actionDate>2017-07-20</actionDate>
          <updateDate>2017-07-20T04:00:00Z</updateDate>
          <lastSummaryUpdateDate>2017-09-28T16:06:23Z</lastSummaryUpdateDate>
          <name>Introduced in Senate</name>
          <actionDesc>Introduced in Senate</actionDesc>
          <versionCode>00</versionCode>
        </item>
      </billSummaries>
    </summaries>
    <cboCostEstimates />
    <updateDate>2018-02-06T16:43:54Z</updateDate>
    <policyArea>
      <name>Armed Forces and National Security</name>
    </policyArea>
    <latestAction>
      <text>Referred to the Committee on Armed Services. (text of measure as introduced: CR S4119-4120)</text>
      <actionDate>2017-07-20</actionDate>
      <links />
    </latestAction>
    <subjects>
      <billSubjects>
        <legislativeSubjects />
        <policyArea>
          <name>Armed Forces and National Security</name>
        </policyArea>
      </billSubjects>
    </subjects>
    <title>Whole of Society Cyber Personnel Cooperation Resolution of 2017</title>
    <version>1.0.0</version>
    <sponsors>
      <item>
        <byRequestType />
        <party>R</party>
        <fullName>Sen. Rounds, Mike  [R-SD]</fullName>
        <bioguideId>R000605</bioguideId>
        <state>SD</state>
        <lastName>Rounds</lastName>
        <middleName />
        <firstName>Mike</firstName>
        <identifiers>
          <lisID>2288</lisID>
          <bioguideId>R000605</bioguideId>
          <gpoId />
        </identifiers>
      </item>
    </sponsors>
    <notes />
    <createDate>2017-07-21T00:56:42Z</createDate>
    <originChamber>Senate</originChamber>
  </bill>
  <dublinCore xmlns:dc="http://purl.org/dc/elements/1.1/">
    <dc:format>text/xml</dc:format>
    <dc:language>EN</dc:language>
    <dc:rights>Pursuant to Title 17 Section 105 of the United States Code, this file is not subject to copyright protection and is in the public domain.</dc:rights>
    <dc:contributor>Congressional Research Service, Library of Congress</dc:contributor>
    <dc:description>This file contains bill summaries and statuses for federal legislation. A bill summary describes the most significant provisions of a piece of legislation and details the effects the legislative text may have on current law and federal programs. Bill summaries are authored by the Congressional Research Service (CRS) of the Library of Congress. As stated in Public Law 91-510 (2 USC 166 (d)(6)), one of the duties of CRS is "to prepare summaries and digests of bills and resolutions of a public general nature introduced in the Senate or House of Representatives". For more information, refer to the User Guide that accompanies this file.</dc:description>
  </dublinCore>
</billStatus>

