<?xml version="1.0" encoding="UTF-8"?>
<billStatus>
  <bill>
    <relatedBills>
      <item>
        <latestTitle>Authorizing the use of Emancipation Hall in the Capitol Visitor Center for the unveiling of the American Prisoners of War/Missing in Action (POW/MIA) Chair of Honor.</latestTitle>
        <number>83</number>
        <latestAction>
          <actionDate>2017-09-28</actionDate>
          <text>Referred to the House Committee on House Administration.</text>
        </latestAction>
        <congress>115</congress>
        <relationshipDetails>
          <item>
            <identifiedBy>CRS</identifiedBy>
            <type>Identical bill</type>
          </item>
        </relationshipDetails>
        <type>HCONRES</type>
      </item>
    </relatedBills>
    <originChamber>Senate</originChamber>
    <recordedVotes />
    <latestAction>
      <text>Motion to reconsider laid on the table Agreed to without objection.</text>
      <links />
      <actionDate>2017-10-25</actionDate>
      <actionTime>14:12:43</actionTime>
    </latestAction>
    <createDate>2017-10-17T00:26:18Z</createDate>
    <title>A concurrent resolution authorizing the use of Emancipation Hall in the Capitol Visitor Center for the unveiling of the American Prisoners of War/Missing in Action (POW/MIA) Chair of Honor.</title>
    <summaries>
      <billSummaries>
        <item>
          <updateDate>2017-10-16T04:00:00Z</updateDate>
          <lastSummaryUpdateDate>2017-11-09T20:28:12Z</lastSummaryUpdateDate>
          <actionDate>2017-10-16</actionDate>
          <name>Introduced in Senate</name>
          <actionDesc>Introduced in Senate</actionDesc>
          <versionCode>00</versionCode>
          <text><![CDATA[<p>Authorizes the use of Emancipation Hall in the Capitol Visitor Center for the unveiling of the American Prisoners of War/Missing in Action (POW/MIA) Chair of Honor.</p>]]></text>
        </item>
        <item>
          <updateDate>2017-10-16T13:23:19Z</updateDate>
          <lastSummaryUpdateDate>2017-11-09T20:29:06Z</lastSummaryUpdateDate>
          <actionDate>2017-10-16</actionDate>
          <name>Passed Senate without amendment</name>
          <actionDesc>Passed Senate without amendment</actionDesc>
          <versionCode>82</versionCode>
          <text><![CDATA[<p>(This measure has not been amended since it was introduced. The summary has been expanded because action occurred on the measure.)</p> <p>(Sec. 1) Authorizes the use of Emancipation Hall in the Capitol Visitor Center for the unveiling of the American Prisoners of War/Missing in Action (POW/MIA) Chair of Honor.</p>]]></text>
        </item>
        <item>
          <updateDate>2017-10-25T12:46:05Z</updateDate>
          <lastSummaryUpdateDate>2017-11-09T20:29:22Z</lastSummaryUpdateDate>
          <actionDate>2017-10-25</actionDate>
          <name>Passed House without amendment</name>
          <actionDesc>Passed House without amendment</actionDesc>
          <versionCode>81</versionCode>
          <text><![CDATA[<p>(This measure has not been amended since it was introduced. The expanded summary of the Senate passed version is repeated here.)</p> <p>(Sec. 1) Authorizes the use of Emancipation Hall in the Capitol Visitor Center for the unveiling of the American Prisoners of War/Missing in Action (POW/MIA) Chair of Honor.</p>]]></text>
        </item>
      </billSummaries>
    </summaries>
    <actions>
      <actionTypeCounts>
        <passageOfAMeasure>1</passageOfAMeasure>
        <motionToReconsiderResults>1</motionToReconsiderResults>
        <passedAgreedToInSenate>1</passedAgreedToInSenate>
        <introducedInSenate>1</introducedInSenate>
        <passedOrAgreedToInSenateDayOf>1</passedOrAgreedToInSenateDayOf>
        <sentToHouse>1</sentToHouse>
        <considerationByHouse>1</considerationByHouse>
        <unanimousConsentRequestToConsider>1</unanimousConsentRequestToConsider>
        <passedAgreedToInHouse>1</passedAgreedToInHouse>
        <heldAtTheDesk>1</heldAtTheDesk>
        <receivedInTheHouse>1</receivedInTheHouse>
      </actionTypeCounts>
      <item>
        <type>Floor</type>
        <text>Motion to reconsider laid on the table Agreed to without objection.</text>
        <links />
        <committee />
        <actionTime>14:12:43</actionTime>
        <sourceSystem>
          <code>2</code>
          <name>House floor actions</name>
        </sourceSystem>
        <actionDate>2017-10-25</actionDate>
        <actionCode>H38310</actionCode>
      </item>
      <item>
        <type>Floor</type>
        <text>On agreeing to the resolution Agreed to without objection. (text: CR H8168)</text>
        <links>
          <link>
            <name>H8168</name>
            <url>https://www.congress.gov/congressional-record/volume-163/house-section/page/H8168</url>
          </link>
        </links>
        <committee />
        <actionTime>14:12:42</actionTime>
        <sourceSystem>
          <code>2</code>
          <name>House floor actions</name>
        </sourceSystem>
        <actionDate>2017-10-25</actionDate>
        <actionCode>H37100</actionCode>
      </item>
      <item>
        <type>Floor</type>
        <text>Passed/agreed to in House: On agreeing to the resolution Agreed to without objection.</text>
        <links />
        <committee />
        <actionTime>14:12:42</actionTime>
        <sourceSystem>
          <code>9</code>
          <name>Library of Congress</name>
        </sourceSystem>
        <actionDate>2017-10-25</actionDate>
        <actionCode>8000</actionCode>
      </item>
      <item>
        <type>Floor</type>
        <text>Considered by unanimous consent. (consideration: CR H8168)</text>
        <links>
          <link>
            <name>H8168</name>
            <url>https://www.congress.gov/congressional-record/volume-163/house-section/page/H8168</url>
          </link>
        </links>
        <committee />
        <actionTime>14:12:02</actionTime>
        <sourceSystem>
          <code>2</code>
          <name>House floor actions</name>
        </sourceSystem>
        <actionDate>2017-10-25</actionDate>
        <actionCode>H30000</actionCode>
      </item>
      <item>
        <type>Floor</type>
        <text>Mr. Harper asked unanimous consent to take from the Speaker's table and consider.</text>
        <links />
        <committee />
        <actionTime>14:12:02</actionTime>
        <sourceSystem>
          <code>2</code>
          <name>House floor actions</name>
        </sourceSystem>
        <actionDate>2017-10-25</actionDate>
        <actionCode>H30200</actionCode>
      </item>
      <item>
        <type>Floor</type>
        <text>Held at the desk.</text>
        <links />
        <committee />
        <actionTime>13:21:11</actionTime>
        <sourceSystem>
          <code>2</code>
          <name>House floor actions</name>
        </sourceSystem>
        <actionDate>2017-10-19</actionDate>
        <actionCode>H15000</actionCode>
      </item>
      <item>
        <type>Floor</type>
        <text>Received in the House.</text>
        <links />
        <committee />
        <actionTime>12:02:03</actionTime>
        <sourceSystem>
          <code>2</code>
          <name>House floor actions</name>
        </sourceSystem>
        <actionDate>2017-10-19</actionDate>
        <actionCode>H14000</actionCode>
      </item>
      <item>
        <actionDate>2017-10-17</actionDate>
        <committee />
        <links />
        <sourceSystem>
          <code>0</code>
          <name>Senate</name>
        </sourceSystem>
        <text>Message on Senate action sent to the House.</text>
        <type>Floor</type>
      </item>
      <item>
        <actionDate>2017-10-16</actionDate>
        <committee />
        <links>
          <link>
            <name>S6406</name>
            <url>https://www.congress.gov/congressional-record/volume-163/senate-section/page/S6406</url>
          </link>
          <link>
            <name>S6409</name>
            <url>https://www.congress.gov/congressional-record/volume-163/senate-section/page/S6409</url>
          </link>
        </links>
        <sourceSystem>
          <code>0</code>
          <name>Senate</name>
        </sourceSystem>
        <text>Submitted in the Senate, considered, and agreed to without amendment by Unanimous Consent. (consideration: CR S6409; text: CR S6406)</text>
        <type>Floor</type>
      </item>
      <item>
        <type>Floor</type>
        <text>Passed/agreed to in Senate: Submitted in the Senate, considered, and agreed to without amendment by Unanimous Consent.</text>
        <links />
        <committee />
        <sourceSystem>
          <code>9</code>
          <name>Library of Congress</name>
        </sourceSystem>
        <actionDate>2017-10-16</actionDate>
        <actionCode>17000</actionCode>
      </item>
      <item>
        <type>IntroReferral</type>
        <text>Introduced in Senate</text>
        <links />
        <committee />
        <sourceSystem>
          <code>9</code>
          <name>Library of Congress</name>
        </sourceSystem>
        <actionDate>2017-10-16</actionDate>
        <actionCode>10000</actionCode>
      </item>
      <actionByCounts>
        <houseOfRepresentatives>7</houseOfRepresentatives>
        <senate>4</senate>
      </actionByCounts>
    </actions>
    <updateDate>2018-02-06T16:43:54Z</updateDate>
    <amendments />
    <notes />
    <sponsors>
      <item>
        <bioguideId>W000817</bioguideId>
        <middleName>A.</middleName>
        <byRequestType />
        <firstName>Elizabeth</firstName>
        <lastName>Warren</lastName>
        <state>MA</state>
        <party>D</party>
        <identifiers>
          <lisID>2182</lisID>
          <gpoId />
          <bioguideId>W000817</bioguideId>
        </identifiers>
        <fullName>Sen. Warren, Elizabeth [D-MA]</fullName>
      </item>
    </sponsors>
    <committees>
      <billCommittees />
    </committees>
    <cosponsors>
      <item>
        <firstName>Marco</firstName>
        <sponsorshipWithdrawnDate />
        <state>FL</state>
        <bioguideId>R000595</bioguideId>
        <identifiers>
          <lisID>2084</lisID>
          <bioguideId>R000595</bioguideId>
          <gpoId>8242</gpoId>
        </identifiers>
        <fullName>Sen. Rubio, Marco [R-FL]</fullName>
        <lastName>Rubio</lastName>
        <party>R</party>
        <middleName />
        <isOriginalCosponsor>True</isOriginalCosponsor>
        <sponsorshipDate>2017-10-16</sponsorshipDate>
      </item>
      <item>
        <firstName>Amy</firstName>
        <sponsorshipWithdrawnDate />
        <state>MN</state>
        <bioguideId>K000367</bioguideId>
        <identifiers>
          <gpoId>8249</gpoId>
          <lisID>1826</lisID>
          <bioguideId>K000367</bioguideId>
        </identifiers>
        <fullName>Sen. Klobuchar, Amy [D-MN]</fullName>
        <lastName>Klobuchar</lastName>
        <party>D</party>
        <middleName />
        <isOriginalCosponsor>True</isOriginalCosponsor>
        <sponsorshipDate>2017-10-16</sponsorshipDate>
      </item>
      <item>
        <firstName>Thomas</firstName>
        <sponsorshipWithdrawnDate />
        <state>NC</state>
        <bioguideId>T000476</bioguideId>
        <identifiers>
          <bioguideId>T000476</bioguideId>
          <lisID>2291</lisID>
          <gpoId />
        </identifiers>
        <fullName>Sen. Tillis, Thom [R-NC]</fullName>
        <lastName>Tillis</lastName>
        <party>R</party>
        <middleName>Roland</middleName>
        <isOriginalCosponsor>True</isOriginalCosponsor>
        <sponsorshipDate>2017-10-16</sponsorshipDate>
      </item>
      <item>
        <firstName>Mike</firstName>
        <sponsorshipWithdrawnDate />
        <state>SD</state>
        <bioguideId>R000605</bioguideId>
        <identifiers>
          <lisID>2288</lisID>
          <bioguideId>R000605</bioguideId>
          <gpoId />
        </identifiers>
        <fullName>Sen. Rounds, Mike  [R-SD]</fullName>
        <lastName>Rounds</lastName>
        <party>R</party>
        <middleName />
        <isOriginalCosponsor>True</isOriginalCosponsor>
        <sponsorshipDate>2017-10-16</sponsorshipDate>
      </item>
      <item>
        <firstName>Mark</firstName>
        <sponsorshipWithdrawnDate />
        <state>VA</state>
        <bioguideId>W000805</bioguideId>
        <identifiers>
          <lisID>1897</lisID>
          <bioguideId>W000805</bioguideId>
          <gpoId>8269</gpoId>
        </identifiers>
        <fullName>Sen. Warner, Mark R. [D-VA]</fullName>
        <lastName>Warner</lastName>
        <party>D</party>
        <middleName>R.</middleName>
        <isOriginalCosponsor>True</isOriginalCosponsor>
        <sponsorshipDate>2017-10-16</sponsorshipDate>
      </item>
      <item>
        <firstName>Jeanne</firstName>
        <sponsorshipWithdrawnDate />
        <state>NH</state>
        <bioguideId>S001181</bioguideId>
        <identifiers>
          <lisID>1901</lisID>
          <gpoId>8276</gpoId>
          <bioguideId>S001181</bioguideId>
        </identifiers>
        <fullName>Sen. Shaheen, Jeanne [D-NH]</fullName>
        <lastName>Shaheen</lastName>
        <party>D</party>
        <middleName />
        <isOriginalCosponsor>True</isOriginalCosponsor>
        <sponsorshipDate>2017-10-16</sponsorshipDate>
      </item>
      <item>
        <firstName>Claire</firstName>
        <sponsorshipWithdrawnDate />
        <state>MO</state>
        <bioguideId>M001170</bioguideId>
        <identifiers>
          <gpoId>8252</gpoId>
          <lisID>1820</lisID>
          <bioguideId>M001170</bioguideId>
        </identifiers>
        <fullName>Sen. McCaskill, Claire [D-MO]</fullName>
        <lastName>McCaskill</lastName>
        <party>D</party>
        <middleName />
        <isOriginalCosponsor>True</isOriginalCosponsor>
        <sponsorshipDate>2017-10-16</sponsorshipDate>
      </item>
      <item>
        <firstName>Tammy</firstName>
        <sponsorshipWithdrawnDate />
        <state>IL</state>
        <bioguideId>D000622</bioguideId>
        <identifiers>
          <gpoId />
          <lisID>2123</lisID>
          <bioguideId>D000622</bioguideId>
        </identifiers>
        <fullName>Sen. Duckworth, Tammy [D-IL]</fullName>
        <lastName>Duckworth</lastName>
        <party>D</party>
        <middleName />
        <isOriginalCosponsor>True</isOriginalCosponsor>
        <sponsorshipDate>2017-10-16</sponsorshipDate>
      </item>
      <item>
        <firstName>EDWARD</firstName>
        <sponsorshipWithdrawnDate />
        <state>MA</state>
        <bioguideId>M000133</bioguideId>
        <identifiers>
          <lisID>735</lisID>
          <bioguideId>M000133</bioguideId>
          <gpoId>7972</gpoId>
        </identifiers>
        <fullName>Sen. Markey, Edward J. [D-MA]</fullName>
        <lastName>MARKEY</lastName>
        <party>D</party>
        <middleName>J.</middleName>
        <isOriginalCosponsor>True</isOriginalCosponsor>
        <sponsorshipDate>2017-10-16</sponsorshipDate>
      </item>
      <item>
        <firstName>SHERROD</firstName>
        <sponsorshipWithdrawnDate />
        <state>OH</state>
        <bioguideId>B000944</bioguideId>
        <identifiers>
          <bioguideId>B000944</bioguideId>
          <lisID>136</lisID>
          <gpoId>8309</gpoId>
        </identifiers>
        <fullName>Sen. Brown, Sherrod [D-OH]</fullName>
        <lastName>BROWN</lastName>
        <party>D</party>
        <middleName />
        <isOriginalCosponsor>True</isOriginalCosponsor>
        <sponsorshipDate>2017-10-16</sponsorshipDate>
      </item>
      <item>
        <firstName>ROBERT</firstName>
        <sponsorshipWithdrawnDate />
        <state>NJ</state>
        <bioguideId>M000639</bioguideId>
        <identifiers>
          <lisID>791</lisID>
          <bioguideId>M000639</bioguideId>
          <gpoId>8239</gpoId>
        </identifiers>
        <fullName>Sen. Menendez, Robert [D-NJ]</fullName>
        <lastName>MENENDEZ</lastName>
        <party>D</party>
        <middleName />
        <isOriginalCosponsor>True</isOriginalCosponsor>
        <sponsorshipDate>2017-10-16</sponsorshipDate>
      </item>
      <item>
        <firstName>Catherine</firstName>
        <sponsorshipWithdrawnDate />
        <state>NV</state>
        <bioguideId>C001113</bioguideId>
        <identifiers>
          <gpoId />
          <bioguideId>C001113</bioguideId>
          <lisID>2299</lisID>
        </identifiers>
        <fullName>Sen. Cortez Masto, Catherine  [D-NV]</fullName>
        <lastName>Cortez Masto</lastName>
        <party>D</party>
        <middleName />
        <isOriginalCosponsor>True</isOriginalCosponsor>
        <sponsorshipDate>2017-10-16</sponsorshipDate>
      </item>
    </cosponsors>
    <laws />
    <policyArea>
      <name>Congress</name>
    </policyArea>
    <cboCostEstimates />
    <billNumber>26</billNumber>
    <congress>115</congress>
    <version>1.0.0</version>
    <introducedDate>2017-10-16</introducedDate>
    <committeeReports />
    <titles>
      <item>
        <parentTitleType />
        <chamberCode />
        <chamberName />
        <titleType>Official Title as Introduced</titleType>
        <title>A concurrent resolution authorizing the use of Emancipation Hall in the Capitol Visitor Center for the unveiling of the American Prisoners of War/Missing in Action (POW/MIA) Chair of Honor.</title>
      </item>
      <item>
        <parentTitleType />
        <chamberCode />
        <chamberName />
        <titleType>Display Title</titleType>
        <title>A concurrent resolution authorizing the use of Emancipation Hall in the Capitol Visitor Center for the unveiling of the American Prisoners of War/Missing in Action (POW/MIA) Chair of Honor.</title>
      </item>
    </titles>
    <calendarNumbers />
    <subjects>
      <billSubjects>
        <policyArea>
          <name>Congress</name>
        </policyArea>
        <legislativeSubjects>
          <item>
            <name>Conflicts and wars</name>
          </item>
          <item>
            <name>Congressional tributes</name>
          </item>
          <item>
            <name>Military personnel and dependents</name>
          </item>
          <item>
            <name>Monuments and memorials</name>
          </item>
          <item>
            <name>U.S. Capitol</name>
          </item>
        </legislativeSubjects>
      </billSubjects>
    </subjects>
    <billType>SCONRES</billType>
  </bill>
  <dublinCore xmlns:dc="http://purl.org/dc/elements/1.1/">
    <dc:format>text/xml</dc:format>
    <dc:language>EN</dc:language>
    <dc:rights>Pursuant to Title 17 Section 105 of the United States Code, this file is not subject to copyright protection and is in the public domain.</dc:rights>
    <dc:contributor>Congressional Research Service, Library of Congress</dc:contributor>
    <dc:description>This file contains bill summaries and statuses for federal legislation. A bill summary describes the most significant provisions of a piece of legislation and details the effects the legislative text may have on current law and federal programs. Bill summaries are authored by the Congressional Research Service (CRS) of the Library of Congress. As stated in Public Law 91-510 (2 USC 166 (d)(6)), one of the duties of CRS is "to prepare summaries and digests of bills and resolutions of a public general nature introduced in the Senate or House of Representatives". For more information, refer to the User Guide that accompanies this file.</dc:description>
  </dublinCore>
</billStatus>

