<?xml version="1.0" encoding="UTF-8"?>
<billStatus>
  <bill>
    <createDate>2017-01-04T04:47:41Z</createDate>
    <introducedDate>2017-01-03</introducedDate>
    <congress>115</congress>
    <latestAction>
      <actionDate>2017-01-03</actionDate>
      <actionTime>18:05:56</actionTime>
      <links />
      <text>Motion to reconsider laid on the table Agreed to without objection.</text>
    </latestAction>
    <originChamber>Senate</originChamber>
    <billNumber>1</billNumber>
    <sponsors>
      <item>
        <state>KY</state>
        <identifiers>
          <gpoId>8254</gpoId>
          <bioguideId>M000355</bioguideId>
          <lisID>1395</lisID>
        </identifiers>
        <bioguideId>M000355</bioguideId>
        <lastName>MCCONNELL</lastName>
        <fullName>Sen. McConnell, Mitch [R-KY]</fullName>
        <firstName>MITCH</firstName>
        <party>R</party>
        <middleName />
        <byRequestType />
      </item>
    </sponsors>
    <title>A concurrent resolution extending the life of the Joint Congressional Committee on Inaugural Ceremonies.</title>
    <relatedBills />
    <titles>
      <item>
        <chamberName />
        <titleType>Official Title as Introduced</titleType>
        <title>A concurrent resolution extending the life of the Joint Congressional Committee on Inaugural Ceremonies.</title>
        <parentTitleType />
        <chamberCode />
      </item>
      <item>
        <chamberName />
        <titleType>Display Title</titleType>
        <title>A concurrent resolution extending the life of the Joint Congressional Committee on Inaugural Ceremonies.</title>
        <parentTitleType />
        <chamberCode />
      </item>
    </titles>
    <billType>SCONRES</billType>
    <summaries>
      <billSummaries>
        <item>
          <text><![CDATA[<p>Declares that: (1) the Joint Congressional Committee on Inaugural Ceremonies, created by S.Con.Res. 28 (114th Congress), to make the necessary arrangements for the inauguration of the President-elect and the Vice President-elect of the United States, is continued with the same power and authority provided for in such resolution; and (2) the provisions of S.Con.Res. 29 (114th Congress), to authorize the rotunda and Emancipation Hall of the Capitol to be used in connection with such proceedings and ceremonies, are continued with the same power and authority provided for in such resolution.</p>]]></text>
          <actionDate>2017-01-03</actionDate>
          <updateDate>2017-01-03T05:00:00Z</updateDate>
          <lastSummaryUpdateDate>2017-02-04T14:01:21Z</lastSummaryUpdateDate>
          <name>Introduced in Senate</name>
          <actionDesc>Introduced in Senate</actionDesc>
          <versionCode>00</versionCode>
        </item>
        <item>
          <text><![CDATA[<p>(This measure has not been amended since it was introduced. The summary of that version is repeated here.)</p> <p>Declares that: (1) the Joint Congressional Committee on Inaugural Ceremonies, created by S.Con.Res. 28 (114th Congress), to make the necessary arrangements for the inauguration of the President-elect and the Vice President-elect of the United States, is continued with the same power and authority provided for in such resolution; and (2) the provisions of S.Con.Res. 29 (114th Congress), to authorize the rotunda and Emancipation Hall of the Capitol to be used in connection with such proceedings and ceremonies, are continued with the same power and authority provided for in such resolution.</p>]]></text>
          <actionDate>2017-01-03</actionDate>
          <updateDate>2017-01-03T14:30:45Z</updateDate>
          <lastSummaryUpdateDate>2017-02-04T14:01:35Z</lastSummaryUpdateDate>
          <name>Passed House without amendment</name>
          <actionDesc>Passed House without amendment</actionDesc>
          <versionCode>81</versionCode>
        </item>
      </billSummaries>
    </summaries>
    <committeeReports />
    <laws />
    <subjects>
      <billSubjects>
        <policyArea>
          <name>Congress</name>
        </policyArea>
        <legislativeSubjects>
          <item>
            <name>Congressional committees</name>
          </item>
          <item>
            <name>Congressional operations and organization</name>
          </item>
          <item>
            <name>Presidents and presidential powers, Vice Presidents</name>
          </item>
          <item>
            <name>U.S. Capitol</name>
          </item>
        </legislativeSubjects>
      </billSubjects>
    </subjects>
    <committees>
      <billCommittees />
    </committees>
    <version>1.0.0</version>
    <recordedVotes />
    <updateDate>2018-02-06T16:43:51Z</updateDate>
    <calendarNumbers />
    <cboCostEstimates />
    <actions>
      <actionTypeCounts>
        <motionToReconsiderResults>1</motionToReconsiderResults>
        <passedAgreedToInSenate>1</passedAgreedToInSenate>
        <considerationByHouse>1</considerationByHouse>
        <heldAtTheDesk>1</heldAtTheDesk>
        <passedAgreedToInHouse>1</passedAgreedToInHouse>
        <introducedInSenate>1</introducedInSenate>
        <passedOrAgreedToInSenateDayOf>1</passedOrAgreedToInSenateDayOf>
        <sentToHouse>1</sentToHouse>
        <receivedInTheHouse>1</receivedInTheHouse>
        <passageOfAMeasure>1</passageOfAMeasure>
      </actionTypeCounts>
      <item>
        <actionTime>18:05:56</actionTime>
        <links />
        <text>Motion to reconsider laid on the table Agreed to without objection.</text>
        <committee />
        <actionDate>2017-01-03</actionDate>
        <sourceSystem>
          <name>House floor actions</name>
          <code>2</code>
        </sourceSystem>
        <actionCode>H38310</actionCode>
        <type>Floor</type>
      </item>
      <item>
        <actionTime>18:05:52</actionTime>
        <links>
          <link>
            <name>H36</name>
            <url>https://www.congress.gov/congressional-record/volume-163/house-section/page/H36</url>
          </link>
        </links>
        <text>On agreeing to the resolution Agreed to by voice vote. (text: CR H36)</text>
        <committee />
        <actionDate>2017-01-03</actionDate>
        <sourceSystem>
          <name>House floor actions</name>
          <code>2</code>
        </sourceSystem>
        <actionCode>H37100</actionCode>
        <type>Floor</type>
      </item>
      <item>
        <actionTime>18:05:52</actionTime>
        <links>
          <link>
            <name>H36</name>
            <url>https://www.congress.gov/congressional-record/volume-163/house-section/page/H36</url>
          </link>
        </links>
        <text>Passed/agreed to in House: On agreeing to the resolution Agreed to by voice vote.(text: CR H36)</text>
        <committee />
        <actionDate>2017-01-03</actionDate>
        <sourceSystem>
          <name>Library of Congress</name>
          <code>9</code>
        </sourceSystem>
        <actionCode>8000</actionCode>
        <type>Floor</type>
      </item>
      <item>
        <actionTime>18:04:32</actionTime>
        <links>
          <link>
            <name>H36</name>
            <url>https://www.congress.gov/congressional-record/volume-163/house-section/page/H36</url>
          </link>
        </links>
        <text>Considered as privileged matter. (consideration: CR H36)</text>
        <committee />
        <actionDate>2017-01-03</actionDate>
        <sourceSystem>
          <name>House floor actions</name>
          <code>2</code>
        </sourceSystem>
        <actionCode>H30000</actionCode>
        <type>Floor</type>
      </item>
      <item>
        <actionTime>16:54:59</actionTime>
        <links />
        <text>Held at the desk.</text>
        <committee />
        <actionDate>2017-01-03</actionDate>
        <sourceSystem>
          <name>House floor actions</name>
          <code>2</code>
        </sourceSystem>
        <actionCode>H15000</actionCode>
        <type>Floor</type>
      </item>
      <item>
        <actionDate>2017-01-03</actionDate>
        <committee />
        <links />
        <sourceSystem>
          <name>Senate</name>
          <code>0</code>
        </sourceSystem>
        <text>Message on Senate action sent to the House.</text>
        <type>Floor</type>
      </item>
      <item>
        <actionTime>15:59:49</actionTime>
        <links />
        <text>Received in the House.</text>
        <committee />
        <actionDate>2017-01-03</actionDate>
        <sourceSystem>
          <name>House floor actions</name>
          <code>2</code>
        </sourceSystem>
        <actionCode>H14000</actionCode>
        <type>Floor</type>
      </item>
      <item>
        <actionDate>2017-01-03</actionDate>
        <committee />
        <links>
          <link>
            <name>S6</name>
            <url>https://www.congress.gov/congressional-record/volume-163/senate-section/page/S6</url>
          </link>
        </links>
        <sourceSystem>
          <name>Senate</name>
          <code>0</code>
        </sourceSystem>
        <text>Submitted in the Senate, considered, and agreed to without amendment by Unanimous Consent. (consideration: CR S6; text as passed Senate: CR S6)</text>
        <type>Floor</type>
      </item>
      <item>
        <type>Floor</type>
        <links>
          <link>
            <name>S6</name>
            <url>https://www.congress.gov/congressional-record/volume-163/senate-section/page/S6</url>
          </link>
        </links>
        <text>Passed/agreed to in Senate: Submitted in the Senate, considered, and agreed to without amendment by Unanimous Consent.(consideration: CR S6; text as passed Senate: CR S6)</text>
        <committee />
        <actionDate>2017-01-03</actionDate>
        <sourceSystem>
          <name>Library of Congress</name>
          <code>9</code>
        </sourceSystem>
        <actionCode>17000</actionCode>
      </item>
      <item>
        <type>IntroReferral</type>
        <links />
        <text>Introduced in Senate</text>
        <committee />
        <actionDate>2017-01-03</actionDate>
        <sourceSystem>
          <name>Library of Congress</name>
          <code>9</code>
        </sourceSystem>
        <actionCode>10000</actionCode>
      </item>
      <actionByCounts>
        <senate>4</senate>
        <houseOfRepresentatives>6</houseOfRepresentatives>
      </actionByCounts>
    </actions>
    <amendments />
    <notes />
    <policyArea>
      <name>Congress</name>
    </policyArea>
    <cosponsors />
  </bill>
  <dublinCore xmlns:dc="http://purl.org/dc/elements/1.1/">
    <dc:format>text/xml</dc:format>
    <dc:language>EN</dc:language>
    <dc:rights>Pursuant to Title 17 Section 105 of the United States Code, this file is not subject to copyright protection and is in the public domain.</dc:rights>
    <dc:contributor>Congressional Research Service, Library of Congress</dc:contributor>
    <dc:description>This file contains bill summaries and statuses for federal legislation. A bill summary describes the most significant provisions of a piece of legislation and details the effects the legislative text may have on current law and federal programs. Bill summaries are authored by the Congressional Research Service (CRS) of the Library of Congress. As stated in Public Law 91-510 (2 USC 166 (d)(6)), one of the duties of CRS is "to prepare summaries and digests of bills and resolutions of a public general nature introduced in the Senate or House of Representatives". For more information, refer to the User Guide that accompanies this file.</dc:description>
  </dublinCore>
</billStatus>

