<?xml version="1.0" encoding="UTF-8"?>
<billStatus>
  <bill>
    <calendarNumbers />
    <congress>115</congress>
    <titles>
      <item>
        <parentTitleType />
        <chamberCode />
        <chamberName />
        <titleType>Official Title as Introduced</titleType>
        <title>A concurrent resolution expressing the sense of Congress that those who served in the bays, harbors, and territorial seas of the Republic of Vietnam during the period beginning on January 9, 1962, and ending on May 7, 1975, should be presumed to have served in the Republic of Vietnam for all purposes under the Agent Orange Act of 1991.</title>
      </item>
      <item>
        <parentTitleType />
        <chamberCode />
        <chamberName />
        <titleType>Display Title</titleType>
        <title>A concurrent resolution expressing the sense of Congress that those who served in the bays, harbors, and territorial seas of the Republic of Vietnam during the period beginning on January 9, 1962, and ending on May 7, 1975, should be presumed to have served in the Republic of Vietnam for all purposes under the Agent Orange Act of 1991.</title>
      </item>
    </titles>
    <introducedDate>2017-04-04</introducedDate>
    <latestAction>
      <actionDate>2017-04-04</actionDate>
      <text>Referred to the Committee on Veterans' Affairs. (text of measure as introduced: CR S2219-2220)</text>
      <links />
    </latestAction>
    <title>A concurrent resolution expressing the sense of Congress that those who served in the bays, harbors, and territorial seas of the Republic of Vietnam during the period beginning on January 9, 1962, and ending on May 7, 1975, should be presumed to have served in the Republic of Vietnam for all purposes under the Agent Orange Act of 1991.</title>
    <subjects>
      <billSubjects>
        <policyArea>
          <name>Armed Forces and National Security</name>
        </policyArea>
        <legislativeSubjects>
          <item>
            <name>Administrative remedies</name>
          </item>
          <item>
            <name>Asia</name>
          </item>
          <item>
            <name>Conflicts and wars</name>
          </item>
          <item>
            <name>Department of Veterans Affairs</name>
          </item>
          <item>
            <name>Disability and paralysis</name>
          </item>
          <item>
            <name>Hazardous wastes and toxic substances</name>
          </item>
          <item>
            <name>Veterans' medical care</name>
          </item>
          <item>
            <name>Veterans' pensions and compensation</name>
          </item>
          <item>
            <name>Vietnam</name>
          </item>
        </legislativeSubjects>
      </billSubjects>
    </subjects>
    <relatedBills>
      <item>
        <latestTitle>Expressing the sense of Congress that those who served in the bays, harbors, and territorial seas of the Republic of Vietnam during the period beginning on January 9, 1962, and ending on May 7, 1975, should be presumed to have served in the Republic of Vietnam for all purposes under the Agent Orange Act of 1991.</latestTitle>
        <number>45</number>
        <congress>115</congress>
        <latestAction>
          <actionDate>2017-04-04</actionDate>
          <text>Referred to the Subcommittee on Disability Assistance and Memorial Affairs.</text>
        </latestAction>
        <type>HCONRES</type>
        <relationshipDetails>
          <item>
            <type>Identical bill</type>
            <identifiedBy>CRS</identifiedBy>
          </item>
        </relationshipDetails>
      </item>
    </relatedBills>
    <updateDate>2018-02-06T16:43:53Z</updateDate>
    <committeeReports />
    <notes />
    <recordedVotes />
    <amendments />
    <createDate>2017-04-05T07:26:59Z</createDate>
    <committees>
      <billCommittees>
        <item>
          <systemCode>ssva00</systemCode>
          <chamber>Senate</chamber>
          <type>Standing</type>
          <activities>
            <item>
              <date>2017-04-04T16:30:48Z</date>
              <name>Referred to</name>
            </item>
          </activities>
          <name>Veterans' Affairs Committee</name>
          <subcommittees />
        </item>
      </billCommittees>
    </committees>
    <cboCostEstimates />
    <billNumber>12</billNumber>
    <policyArea>
      <name>Armed Forces and National Security</name>
    </policyArea>
    <version>1.0.0</version>
    <billType>SCONRES</billType>
    <originChamber>Senate</originChamber>
    <actions>
      <item>
        <actionDate>2017-04-04</actionDate>
        <committee>
          <systemCode>ssva00</systemCode>
          <name>Veterans' Affairs Committee</name>
        </committee>
        <links>
          <link>
            <url>https://www.congress.gov/congressional-record/volume-163/senate-section/page/S2219-2220</url>
            <name>S2219-2220</name>
          </link>
        </links>
        <sourceSystem>
          <code>0</code>
          <name>Senate</name>
        </sourceSystem>
        <text>Referred to the Committee on Veterans' Affairs. (text of measure as introduced: CR S2219-2220)</text>
        <type>IntroReferral</type>
      </item>
      <item>
        <committee />
        <sourceSystem>
          <code>9</code>
          <name>Library of Congress</name>
        </sourceSystem>
        <actionDate>2017-04-04</actionDate>
        <text>Introduced in Senate</text>
        <links />
        <type>IntroReferral</type>
        <actionCode>10000</actionCode>
      </item>
      <actionByCounts>
        <senate>2</senate>
      </actionByCounts>
      <actionTypeCounts>
        <referredToCommittee>1</referredToCommittee>
        <introducedInSenate>1</introducedInSenate>
      </actionTypeCounts>
    </actions>
    <sponsors>
      <item>
        <bioguideId>G000386</bioguideId>
        <party>R</party>
        <firstName>CHARLES</firstName>
        <middleName>ERNEST</middleName>
        <byRequestType />
        <fullName>Sen. Grassley, Chuck [R-IA]</fullName>
        <identifiers>
          <lisID>457</lisID>
          <bioguideId>G000386</bioguideId>
          <gpoId>8316</gpoId>
        </identifiers>
        <lastName>GRASSLEY</lastName>
        <state>IA</state>
      </item>
    </sponsors>
    <summaries>
      <billSummaries>
        <item>
          <versionCode>00</versionCode>
          <text><![CDATA[<p>Recognizes that the intent of the Agent Orange Act of 1991 included the presumption that veterans who served in the Armed Forces in the bays, harbors, and territorial seas of the Republic of Vietnam between January 9, 1962, and May 7, 1975, served in Vietnam for all purposes under the Agent Orange Act of 1991.</p> <p>Expresses the intent that such veterans who served in those areas and other areas exposed to Agent Orange who have been diagnosed with connected medical conditions should be equally recognized for such exposure through equitable benefits and coverage as those who served in the inland rivers and on the Vietnamese land mass.</p> <p>Calls on the Department of Veterans Affairs to review its policy that excludes presumptive coverage for Agent Orange exposure for such veterans.</p>]]></text>
          <actionDesc>Introduced in Senate</actionDesc>
          <actionDate>2017-04-04</actionDate>
          <lastSummaryUpdateDate>2017-06-07T18:59:44Z</lastSummaryUpdateDate>
          <name>Introduced in Senate</name>
          <updateDate>2017-04-04T04:00:00Z</updateDate>
        </item>
      </billSummaries>
    </summaries>
    <laws />
    <cosponsors>
      <item>
        <firstName>Kirsten</firstName>
        <sponsorshipWithdrawnDate />
        <state>NY</state>
        <bioguideId>G000555</bioguideId>
        <identifiers>
          <lisID>1866</lisID>
          <bioguideId>G000555</bioguideId>
          <gpoId>8336</gpoId>
        </identifiers>
        <fullName>Sen. Gillibrand, Kirsten E. [D-NY]</fullName>
        <lastName>Gillibrand</lastName>
        <party>D</party>
        <middleName>E.</middleName>
        <isOriginalCosponsor>True</isOriginalCosponsor>
        <sponsorshipDate>2017-04-04</sponsorshipDate>
      </item>
      <item>
        <firstName>Steve</firstName>
        <sponsorshipWithdrawnDate />
        <state>MT</state>
        <bioguideId>D000618</bioguideId>
        <identifiers>
          <lisID>2138</lisID>
          <bioguideId>D000618</bioguideId>
          <gpoId />
        </identifiers>
        <fullName>Sen. Daines, Steve [R-MT]</fullName>
        <lastName>Daines</lastName>
        <party>R</party>
        <middleName />
        <isOriginalCosponsor>True</isOriginalCosponsor>
        <sponsorshipDate>2017-04-04</sponsorshipDate>
      </item>
      <item>
        <firstName>Jon</firstName>
        <sponsorshipWithdrawnDate />
        <state>MT</state>
        <bioguideId>T000464</bioguideId>
        <identifiers>
          <lisID>1829</lisID>
          <bioguideId>T000464</bioguideId>
          <gpoId>8258</gpoId>
        </identifiers>
        <fullName>Sen. Tester, Jon [D-MT]</fullName>
        <lastName>Tester</lastName>
        <party>D</party>
        <middleName />
        <isOriginalCosponsor>False</isOriginalCosponsor>
        <sponsorshipDate>2017-04-07</sponsorshipDate>
      </item>
      <item>
        <firstName>Sheldon</firstName>
        <sponsorshipWithdrawnDate />
        <state>RI</state>
        <bioguideId>W000802</bioguideId>
        <identifiers>
          <bioguideId>W000802</bioguideId>
          <gpoId>8264</gpoId>
          <lisID>1823</lisID>
        </identifiers>
        <fullName>Sen. Whitehouse, Sheldon [D-RI]</fullName>
        <lastName>Whitehouse</lastName>
        <party>D</party>
        <middleName />
        <isOriginalCosponsor>False</isOriginalCosponsor>
        <sponsorshipDate>2017-04-24</sponsorshipDate>
      </item>
      <item>
        <firstName>EDWARD</firstName>
        <sponsorshipWithdrawnDate />
        <state>MA</state>
        <bioguideId>M000133</bioguideId>
        <identifiers>
          <lisID>735</lisID>
          <bioguideId>M000133</bioguideId>
          <gpoId>7972</gpoId>
        </identifiers>
        <fullName>Sen. Markey, Edward J. [D-MA]</fullName>
        <lastName>MARKEY</lastName>
        <party>D</party>
        <middleName>J.</middleName>
        <isOriginalCosponsor>False</isOriginalCosponsor>
        <sponsorshipDate>2017-04-24</sponsorshipDate>
      </item>
      <item>
        <firstName>Bob</firstName>
        <sponsorshipWithdrawnDate />
        <state>PA</state>
        <bioguideId>C001070</bioguideId>
        <identifiers>
          <lisID>1828</lisID>
          <bioguideId>C001070</bioguideId>
          <gpoId>8282</gpoId>
        </identifiers>
        <fullName>Sen. Casey, Robert P., Jr. [D-PA]</fullName>
        <lastName>Casey</lastName>
        <party>D</party>
        <middleName />
        <isOriginalCosponsor>False</isOriginalCosponsor>
        <sponsorshipDate>2017-04-24</sponsorshipDate>
      </item>
      <item>
        <firstName>Christopher</firstName>
        <sponsorshipWithdrawnDate />
        <state>DE</state>
        <bioguideId>C001088</bioguideId>
        <identifiers>
          <bioguideId>C001088</bioguideId>
          <gpoId>8297</gpoId>
          <lisID>1984</lisID>
        </identifiers>
        <fullName>Sen. Coons, Christopher A. [D-DE]</fullName>
        <lastName>Coons</lastName>
        <party>D</party>
        <middleName>A.</middleName>
        <isOriginalCosponsor>False</isOriginalCosponsor>
        <sponsorshipDate>2017-04-24</sponsorshipDate>
      </item>
      <item>
        <firstName>Marco</firstName>
        <sponsorshipWithdrawnDate />
        <state>FL</state>
        <bioguideId>R000595</bioguideId>
        <identifiers>
          <lisID>2084</lisID>
          <bioguideId>R000595</bioguideId>
          <gpoId>8242</gpoId>
        </identifiers>
        <fullName>Sen. Rubio, Marco [R-FL]</fullName>
        <lastName>Rubio</lastName>
        <party>R</party>
        <middleName />
        <isOriginalCosponsor>False</isOriginalCosponsor>
        <sponsorshipDate>2017-04-24</sponsorshipDate>
      </item>
      <item>
        <firstName>CLARENCE</firstName>
        <sponsorshipWithdrawnDate />
        <state>FL</state>
        <bioguideId>N000032</bioguideId>
        <identifiers>
          <gpoId>8236</gpoId>
          <lisID>859</lisID>
          <bioguideId>N000032</bioguideId>
        </identifiers>
        <fullName>Sen. Nelson, Bill [D-FL]</fullName>
        <lastName>NELSON</lastName>
        <party>D</party>
        <middleName>WILLIAM</middleName>
        <isOriginalCosponsor>False</isOriginalCosponsor>
        <sponsorshipDate>2017-04-24</sponsorshipDate>
      </item>
      <item>
        <firstName>Al</firstName>
        <sponsorshipWithdrawnDate />
        <state>MN</state>
        <bioguideId>F000457</bioguideId>
        <identifiers>
          <lisID>1969</lisID>
          <gpoId>8339</gpoId>
          <bioguideId>F000457</bioguideId>
        </identifiers>
        <fullName>Sen. Franken, Al [D-MN]</fullName>
        <lastName>Franken</lastName>
        <party>D</party>
        <middleName />
        <isOriginalCosponsor>False</isOriginalCosponsor>
        <sponsorshipDate>2017-04-25</sponsorshipDate>
      </item>
      <item>
        <firstName>SHERROD</firstName>
        <sponsorshipWithdrawnDate />
        <state>OH</state>
        <bioguideId>B000944</bioguideId>
        <identifiers>
          <bioguideId>B000944</bioguideId>
          <lisID>136</lisID>
          <gpoId>8309</gpoId>
        </identifiers>
        <fullName>Sen. Brown, Sherrod [D-OH]</fullName>
        <lastName>BROWN</lastName>
        <party>D</party>
        <middleName />
        <isOriginalCosponsor>False</isOriginalCosponsor>
        <sponsorshipDate>2017-04-25</sponsorshipDate>
      </item>
      <item>
        <firstName>Gary</firstName>
        <sponsorshipWithdrawnDate />
        <state>MI</state>
        <bioguideId>P000595</bioguideId>
        <identifiers>
          <lisID>1929</lisID>
          <bioguideId>P000595</bioguideId>
          <gpoId>7994</gpoId>
        </identifiers>
        <fullName>Sen. Peters, Gary C. [D-MI]</fullName>
        <lastName>Peters</lastName>
        <party>D</party>
        <middleName>C.</middleName>
        <isOriginalCosponsor>False</isOriginalCosponsor>
        <sponsorshipDate>2017-04-27</sponsorshipDate>
      </item>
      <item>
        <firstName>DEBORAH</firstName>
        <sponsorshipWithdrawnDate />
        <state>MI</state>
        <bioguideId>S000770</bioguideId>
        <identifiers>
          <lisID>1531</lisID>
          <bioguideId>S000770</bioguideId>
          <gpoId>8261</gpoId>
        </identifiers>
        <fullName>Sen. Stabenow, Debbie [D-MI]</fullName>
        <lastName>STABENOW</lastName>
        <party>D</party>
        <middleName>ANN</middleName>
        <isOriginalCosponsor>False</isOriginalCosponsor>
        <sponsorshipDate>2017-04-27</sponsorshipDate>
      </item>
      <item>
        <firstName>Elizabeth</firstName>
        <sponsorshipWithdrawnDate />
        <state>MA</state>
        <bioguideId>W000817</bioguideId>
        <identifiers>
          <lisID>2182</lisID>
          <gpoId />
          <bioguideId>W000817</bioguideId>
        </identifiers>
        <fullName>Sen. Warren, Elizabeth [D-MA]</fullName>
        <lastName>Warren</lastName>
        <party>D</party>
        <middleName>A.</middleName>
        <isOriginalCosponsor>False</isOriginalCosponsor>
        <sponsorshipDate>2017-04-27</sponsorshipDate>
      </item>
      <item>
        <firstName>Dean</firstName>
        <sponsorshipWithdrawnDate />
        <state>NV</state>
        <bioguideId>H001041</bioguideId>
        <identifiers>
          <lisID>1863</lisID>
          <gpoId>8060</gpoId>
          <bioguideId>H001041</bioguideId>
        </identifiers>
        <fullName>Sen. Heller, Dean [R-NV]</fullName>
        <lastName>Heller</lastName>
        <party>R</party>
        <middleName />
        <isOriginalCosponsor>False</isOriginalCosponsor>
        <sponsorshipDate>2017-04-28</sponsorshipDate>
      </item>
      <item>
        <firstName>MICHAEL</firstName>
        <sponsorshipWithdrawnDate />
        <state>ID</state>
        <bioguideId>C000880</bioguideId>
        <identifiers>
          <bioguideId>C000880</bioguideId>
          <lisID>250</lisID>
          <gpoId>8289</gpoId>
        </identifiers>
        <fullName>Sen. Crapo, Mike [R-ID]</fullName>
        <lastName>CRAPO</lastName>
        <party>R</party>
        <middleName>D.</middleName>
        <isOriginalCosponsor>False</isOriginalCosponsor>
        <sponsorshipDate>2017-05-01</sponsorshipDate>
      </item>
      <item>
        <firstName>ROBERT</firstName>
        <sponsorshipWithdrawnDate />
        <state>NJ</state>
        <bioguideId>M000639</bioguideId>
        <identifiers>
          <lisID>791</lisID>
          <bioguideId>M000639</bioguideId>
          <gpoId>8239</gpoId>
        </identifiers>
        <fullName>Sen. Menendez, Robert [D-NJ]</fullName>
        <lastName>MENENDEZ</lastName>
        <party>D</party>
        <middleName />
        <isOriginalCosponsor>False</isOriginalCosponsor>
        <sponsorshipDate>2017-05-01</sponsorshipDate>
      </item>
      <item>
        <firstName>John</firstName>
        <sponsorshipWithdrawnDate />
        <state>AR</state>
        <bioguideId>B001236</bioguideId>
        <identifiers>
          <lisID>1687</lisID>
          <bioguideId>B001236</bioguideId>
          <gpoId>8247</gpoId>
        </identifiers>
        <fullName>Sen. Boozman, John [R-AR]</fullName>
        <lastName>Boozman</lastName>
        <party>R</party>
        <middleName />
        <isOriginalCosponsor>False</isOriginalCosponsor>
        <sponsorshipDate>2017-05-01</sponsorshipDate>
      </item>
      <item>
        <firstName>Amy</firstName>
        <sponsorshipWithdrawnDate />
        <state>MN</state>
        <bioguideId>K000367</bioguideId>
        <identifiers>
          <gpoId>8249</gpoId>
          <lisID>1826</lisID>
          <bioguideId>K000367</bioguideId>
        </identifiers>
        <fullName>Sen. Klobuchar, Amy [D-MN]</fullName>
        <lastName>Klobuchar</lastName>
        <party>D</party>
        <middleName />
        <isOriginalCosponsor>False</isOriginalCosponsor>
        <sponsorshipDate>2017-05-08</sponsorshipDate>
      </item>
      <item>
        <firstName>John</firstName>
        <sponsorshipWithdrawnDate />
        <state>LA</state>
        <bioguideId>K000393</bioguideId>
        <identifiers>
          <bioguideId>K000393</bioguideId>
          <gpoId />
          <lisID>2303</lisID>
        </identifiers>
        <fullName>Sen. Kennedy, John [R-LA]</fullName>
        <lastName>Kennedy</lastName>
        <party>R</party>
        <middleName>Neely</middleName>
        <isOriginalCosponsor>False</isOriginalCosponsor>
        <sponsorshipDate>2017-05-10</sponsorshipDate>
      </item>
      <item>
        <firstName>Cory</firstName>
        <sponsorshipWithdrawnDate />
        <state>CO</state>
        <bioguideId>G000562</bioguideId>
        <identifiers>
          <lisID>1998</lisID>
          <bioguideId>G000562</bioguideId>
          <gpoId>7862</gpoId>
        </identifiers>
        <fullName>Sen. Gardner, Cory [R-CO]</fullName>
        <lastName>Gardner</lastName>
        <party>R</party>
        <middleName />
        <isOriginalCosponsor>False</isOriginalCosponsor>
        <sponsorshipDate>2017-05-11</sponsorshipDate>
      </item>
      <item>
        <firstName>Mike</firstName>
        <sponsorshipWithdrawnDate />
        <state>SD</state>
        <bioguideId>R000605</bioguideId>
        <identifiers>
          <lisID>2288</lisID>
          <bioguideId>R000605</bioguideId>
          <gpoId />
        </identifiers>
        <fullName>Sen. Rounds, Mike  [R-SD]</fullName>
        <lastName>Rounds</lastName>
        <party>R</party>
        <middleName />
        <isOriginalCosponsor>False</isOriginalCosponsor>
        <sponsorshipDate>2017-06-06</sponsorshipDate>
      </item>
      <item>
        <firstName>Chris</firstName>
        <sponsorshipWithdrawnDate />
        <state>MD</state>
        <bioguideId>V000128</bioguideId>
        <identifiers>
          <bioguideId>V000128</bioguideId>
          <gpoId>7983</gpoId>
          <lisID>1729</lisID>
        </identifiers>
        <fullName>Sen. Van Hollen, Chris [D-MD]</fullName>
        <lastName>Van Hollen</lastName>
        <party>D</party>
        <middleName />
        <isOriginalCosponsor>False</isOriginalCosponsor>
        <sponsorshipDate>2017-06-12</sponsorshipDate>
      </item>
      <item>
        <firstName>Cory</firstName>
        <sponsorshipWithdrawnDate />
        <state>NJ</state>
        <bioguideId>B001288</bioguideId>
        <identifiers>
          <gpoId />
          <bioguideId>B001288</bioguideId>
          <lisID>2194</lisID>
        </identifiers>
        <fullName>Sen. Booker, Cory A. [D-NJ]</fullName>
        <lastName>Booker</lastName>
        <party>D</party>
        <middleName>A.</middleName>
        <isOriginalCosponsor>False</isOriginalCosponsor>
        <sponsorshipDate>2017-06-22</sponsorshipDate>
      </item>
      <item>
        <firstName>PATRICK</firstName>
        <sponsorshipWithdrawnDate />
        <state>VT</state>
        <bioguideId>L000174</bioguideId>
        <identifiers>
          <lisID>1383</lisID>
          <bioguideId>L000174</bioguideId>
          <gpoId>8244</gpoId>
        </identifiers>
        <fullName>Sen. Leahy, Patrick J. [D-VT]</fullName>
        <lastName>LEAHY</lastName>
        <party>D</party>
        <middleName>JOSEPH</middleName>
        <isOriginalCosponsor>False</isOriginalCosponsor>
        <sponsorshipDate>2017-06-26</sponsorshipDate>
      </item>
      <item>
        <firstName>TAMMY</firstName>
        <sponsorshipWithdrawnDate />
        <state>WI</state>
        <bioguideId>B001230</bioguideId>
        <identifiers>
          <bioguideId>B001230</bioguideId>
          <gpoId>8215</gpoId>
          <lisID>1558</lisID>
        </identifiers>
        <fullName>Sen. Baldwin, Tammy [D-WI]</fullName>
        <lastName>BALDWIN</lastName>
        <party>D</party>
        <middleName />
        <isOriginalCosponsor>False</isOriginalCosponsor>
        <sponsorshipDate>2017-09-11</sponsorshipDate>
      </item>
    </cosponsors>
  </bill>
  <dublinCore xmlns:dc="http://purl.org/dc/elements/1.1/">
    <dc:format>text/xml</dc:format>
    <dc:language>EN</dc:language>
    <dc:rights>Pursuant to Title 17 Section 105 of the United States Code, this file is not subject to copyright protection and is in the public domain.</dc:rights>
    <dc:contributor>Congressional Research Service, Library of Congress</dc:contributor>
    <dc:description>This file contains bill summaries and statuses for federal legislation. A bill summary describes the most significant provisions of a piece of legislation and details the effects the legislative text may have on current law and federal programs. Bill summaries are authored by the Congressional Research Service (CRS) of the Library of Congress. As stated in Public Law 91-510 (2 USC 166 (d)(6)), one of the duties of CRS is "to prepare summaries and digests of bills and resolutions of a public general nature introduced in the Senate or House of Representatives". For more information, refer to the User Guide that accompanies this file.</dc:description>
  </dublinCore>
</billStatus>

