<?xml version="1.0" encoding="UTF-8"?>
<billStatus>
  <bill>
    <notes />
    <cosponsors>
      <item>
        <party>D</party>
        <fullName>Sen. Stabenow, Debbie [D-MI]</fullName>
        <sponsorshipWithdrawnDate />
        <lastName>STABENOW</lastName>
        <sponsorshipDate>2017-03-02</sponsorshipDate>
        <identifiers>
          <gpoId>8261</gpoId>
          <lisID>1531</lisID>
          <bioguideId>S000770</bioguideId>
        </identifiers>
        <isOriginalCosponsor>True</isOriginalCosponsor>
        <firstName>DEBORAH</firstName>
        <middleName>ANN</middleName>
        <bioguideId>S000770</bioguideId>
        <state>MI</state>
      </item>
      <item>
        <party>R</party>
        <fullName>Sen. Crapo, Mike [R-ID]</fullName>
        <sponsorshipWithdrawnDate />
        <lastName>CRAPO</lastName>
        <sponsorshipDate>2017-03-02</sponsorshipDate>
        <identifiers>
          <bioguideId>C000880</bioguideId>
          <gpoId>8289</gpoId>
          <lisID>250</lisID>
        </identifiers>
        <isOriginalCosponsor>True</isOriginalCosponsor>
        <firstName>MICHAEL</firstName>
        <middleName>D.</middleName>
        <bioguideId>C000880</bioguideId>
        <state>ID</state>
      </item>
      <item>
        <party>D</party>
        <fullName>Sen. Cardin, Benjamin L. [D-MD]</fullName>
        <sponsorshipWithdrawnDate />
        <lastName>CARDIN</lastName>
        <sponsorshipDate>2017-03-02</sponsorshipDate>
        <identifiers>
          <lisID>174</lisID>
          <gpoId>8287</gpoId>
          <bioguideId>C000141</bioguideId>
        </identifiers>
        <isOriginalCosponsor>True</isOriginalCosponsor>
        <firstName>BENJAMIN</firstName>
        <middleName>L.</middleName>
        <bioguideId>C000141</bioguideId>
        <state>MD</state>
      </item>
      <item>
        <party>D</party>
        <fullName>Sen. Klobuchar, Amy [D-MN]</fullName>
        <sponsorshipWithdrawnDate />
        <lastName>Klobuchar</lastName>
        <sponsorshipDate>2017-03-02</sponsorshipDate>
        <identifiers>
          <lisID>1826</lisID>
          <gpoId>8249</gpoId>
          <bioguideId>K000367</bioguideId>
        </identifiers>
        <isOriginalCosponsor>True</isOriginalCosponsor>
        <firstName>Amy</firstName>
        <middleName />
        <bioguideId>K000367</bioguideId>
        <state>MN</state>
      </item>
      <item>
        <party>R</party>
        <fullName>Sen. Johnson, Ron [R-WI]</fullName>
        <sponsorshipWithdrawnDate />
        <lastName>Johnson</lastName>
        <sponsorshipDate>2017-03-09</sponsorshipDate>
        <identifiers>
          <gpoId>8355</gpoId>
          <lisID>2086</lisID>
          <bioguideId>J000293</bioguideId>
        </identifiers>
        <isOriginalCosponsor>False</isOriginalCosponsor>
        <firstName>Ron</firstName>
        <middleName />
        <bioguideId>J000293</bioguideId>
        <state>WI</state>
      </item>
      <item>
        <party>D</party>
        <fullName>Sen. Heitkamp, Heidi [D-ND]</fullName>
        <sponsorshipWithdrawnDate />
        <lastName>Heitkamp</lastName>
        <sponsorshipDate>2017-03-13</sponsorshipDate>
        <identifiers>
          <gpoId />
          <lisID>2174</lisID>
          <bioguideId>H001069</bioguideId>
        </identifiers>
        <isOriginalCosponsor>False</isOriginalCosponsor>
        <firstName>Heidi</firstName>
        <middleName />
        <bioguideId>H001069</bioguideId>
        <state>ND</state>
      </item>
      <item>
        <party>R</party>
        <fullName>Sen. Blunt, Roy [R-MO]</fullName>
        <sponsorshipWithdrawnDate />
        <lastName>Blunt</lastName>
        <sponsorshipDate>2017-03-13</sponsorshipDate>
        <identifiers>
          <lisID>1464</lisID>
          <gpoId>8313</gpoId>
          <bioguideId>B000575</bioguideId>
        </identifiers>
        <isOriginalCosponsor>False</isOriginalCosponsor>
        <firstName>Roy</firstName>
        <middleName />
        <bioguideId>B000575</bioguideId>
        <state>MO</state>
      </item>
      <item>
        <party>R</party>
        <fullName>Sen. Thune, John [R-SD]</fullName>
        <sponsorshipWithdrawnDate />
        <lastName>THUNE</lastName>
        <sponsorshipDate>2017-03-14</sponsorshipDate>
        <identifiers>
          <lisID>1534</lisID>
          <bioguideId>T000250</bioguideId>
          <gpoId>8257</gpoId>
        </identifiers>
        <isOriginalCosponsor>False</isOriginalCosponsor>
        <firstName>JOHN</firstName>
        <middleName>R.</middleName>
        <bioguideId>T000250</bioguideId>
        <state>SD</state>
      </item>
      <item>
        <party>R</party>
        <fullName>Sen. Hoeven, John [R-ND]</fullName>
        <sponsorshipWithdrawnDate />
        <lastName>Hoeven</lastName>
        <sponsorshipDate>2017-03-14</sponsorshipDate>
        <identifiers>
          <gpoId>8331</gpoId>
          <lisID>2079</lisID>
          <bioguideId>H001061</bioguideId>
        </identifiers>
        <isOriginalCosponsor>False</isOriginalCosponsor>
        <firstName>John</firstName>
        <middleName />
        <bioguideId>H001061</bioguideId>
        <state>ND</state>
      </item>
      <item>
        <party>D</party>
        <fullName>Sen. Brown, Sherrod [D-OH]</fullName>
        <sponsorshipWithdrawnDate />
        <lastName>BROWN</lastName>
        <sponsorshipDate>2017-04-07</sponsorshipDate>
        <identifiers>
          <gpoId>8309</gpoId>
          <bioguideId>B000944</bioguideId>
          <lisID>136</lisID>
        </identifiers>
        <isOriginalCosponsor>False</isOriginalCosponsor>
        <firstName>SHERROD</firstName>
        <middleName />
        <bioguideId>B000944</bioguideId>
        <state>OH</state>
      </item>
      <item>
        <party>R</party>
        <fullName>Sen. Rounds, Mike  [R-SD]</fullName>
        <sponsorshipWithdrawnDate />
        <lastName>Rounds</lastName>
        <sponsorshipDate>2017-04-07</sponsorshipDate>
        <identifiers>
          <lisID>2288</lisID>
          <bioguideId>R000605</bioguideId>
          <gpoId />
        </identifiers>
        <isOriginalCosponsor>False</isOriginalCosponsor>
        <firstName>Mike</firstName>
        <middleName />
        <bioguideId>R000605</bioguideId>
        <state>SD</state>
      </item>
      <item>
        <party>R</party>
        <fullName>Sen. Portman, Rob [R-OH]</fullName>
        <sponsorshipWithdrawnDate />
        <lastName>PORTMAN</lastName>
        <sponsorshipDate>2017-06-22</sponsorshipDate>
        <identifiers>
          <bioguideId>P000449</bioguideId>
          <lisID>924</lisID>
          <gpoId>8266</gpoId>
        </identifiers>
        <isOriginalCosponsor>False</isOriginalCosponsor>
        <firstName>ROB</firstName>
        <middleName />
        <bioguideId>P000449</bioguideId>
        <state>OH</state>
      </item>
      <item>
        <party>R</party>
        <fullName>Sen. Risch, James E. [R-ID]</fullName>
        <sponsorshipWithdrawnDate />
        <lastName>Risch</lastName>
        <sponsorshipDate>2017-07-19</sponsorshipDate>
        <identifiers>
          <lisID>1896</lisID>
          <bioguideId>R000584</bioguideId>
          <gpoId>8274</gpoId>
        </identifiers>
        <isOriginalCosponsor>False</isOriginalCosponsor>
        <firstName>James</firstName>
        <middleName>E.</middleName>
        <bioguideId>R000584</bioguideId>
        <state>ID</state>
      </item>
      <item>
        <party>R</party>
        <fullName>Sen. Scott, Tim [R-SC]</fullName>
        <sponsorshipWithdrawnDate />
        <lastName>Scott</lastName>
        <sponsorshipDate>2017-08-02</sponsorshipDate>
        <identifiers>
          <gpoId>8141</gpoId>
          <lisID>2056</lisID>
          <bioguideId>S001184</bioguideId>
        </identifiers>
        <isOriginalCosponsor>False</isOriginalCosponsor>
        <firstName>Tim</firstName>
        <middleName />
        <bioguideId>S001184</bioguideId>
        <state>SC</state>
      </item>
      <item>
        <party>D</party>
        <fullName>Sen. Baldwin, Tammy [D-WI]</fullName>
        <sponsorshipWithdrawnDate />
        <lastName>BALDWIN</lastName>
        <sponsorshipDate>2017-10-19</sponsorshipDate>
        <identifiers>
          <gpoId>8215</gpoId>
          <lisID>1558</lisID>
          <bioguideId>B001230</bioguideId>
        </identifiers>
        <isOriginalCosponsor>False</isOriginalCosponsor>
        <firstName>TAMMY</firstName>
        <middleName />
        <bioguideId>B001230</bioguideId>
        <state>WI</state>
      </item>
      <item>
        <party>D</party>
        <fullName>Sen. Peters, Gary C. [D-MI]</fullName>
        <sponsorshipWithdrawnDate />
        <lastName>Peters</lastName>
        <sponsorshipDate>2018-02-27</sponsorshipDate>
        <identifiers>
          <gpoId>7994</gpoId>
          <lisID>1929</lisID>
          <bioguideId>P000595</bioguideId>
        </identifiers>
        <isOriginalCosponsor>False</isOriginalCosponsor>
        <firstName>Gary</firstName>
        <middleName>C.</middleName>
        <bioguideId>P000595</bioguideId>
        <state>MI</state>
      </item>
    </cosponsors>
    <committees>
      <billCommittees>
        <item>
          <systemCode>ssfi00</systemCode>
          <name>Finance Committee</name>
          <activities>
            <item>
              <name>Referred to</name>
              <date>2017-03-02T20:27:21Z</date>
            </item>
          </activities>
          <chamber>Senate</chamber>
          <type>Standing</type>
          <subcommittees />
        </item>
      </billCommittees>
    </committees>
    <laws />
    <cboCostEstimates />
    <sponsors>
      <item>
        <firstName>PAT</firstName>
        <party>R</party>
        <bioguideId>R000307</bioguideId>
        <identifiers>
          <lisID>968</lisID>
          <gpoId>8275</gpoId>
          <bioguideId>R000307</bioguideId>
        </identifiers>
        <lastName>ROBERTS</lastName>
        <state>KS</state>
        <byRequestType />
        <fullName>Sen. Roberts, Pat [R-KS]</fullName>
        <middleName />
      </item>
    </sponsors>
    <createDate>2017-03-03T05:11:26Z</createDate>
    <billNumber>7</billNumber>
    <congress>115</congress>
    <subjects>
      <billSubjects>
        <legislativeSubjects>
          <item>
            <name>Life, casualty, property insurance</name>
          </item>
          <item>
            <name>Social work, volunteer service, charitable organizations</name>
          </item>
          <item>
            <name>Tax-exempt organizations</name>
          </item>
        </legislativeSubjects>
        <policyArea>
          <name>Taxation</name>
        </policyArea>
      </billSubjects>
    </subjects>
    <originChamber>Senate</originChamber>
    <committeeReports />
    <policyArea>
      <name>Taxation</name>
    </policyArea>
    <relatedBills>
      <item>
        <type>HCONRES</type>
        <number>10</number>
        <latestTitle>Expressing the sense of the Congress that tax-exempt fraternal benefit societies have historically and continue to provide critical benefits to Americans and United States communities.</latestTitle>
        <congress>115</congress>
        <relationshipDetails>
          <item>
            <type>Related bill</type>
            <identifiedBy>CRS</identifiedBy>
          </item>
        </relationshipDetails>
        <latestAction>
          <text>Referred to the Subcommittee on Trade.</text>
          <actionDate>2017-01-26</actionDate>
        </latestAction>
      </item>
    </relatedBills>
    <title>A concurrent resolution expressing the sense of Congress that tax-exempt fraternal benefit societies have historically provided and continue to provide critical benefits to the people and communities of the United States.</title>
    <titles>
      <item>
        <titleType>Official Title as Introduced</titleType>
        <chamberCode />
        <parentTitleType />
        <title>A concurrent resolution expressing the sense of Congress that tax-exempt fraternal benefit societies have historically provided and continue to provide critical benefits to the people and communities of the United States.</title>
        <chamberName />
      </item>
      <item>
        <titleType>Display Title</titleType>
        <chamberCode />
        <parentTitleType />
        <title>A concurrent resolution expressing the sense of Congress that tax-exempt fraternal benefit societies have historically provided and continue to provide critical benefits to the people and communities of the United States.</title>
        <chamberName />
      </item>
    </titles>
    <summaries>
      <billSummaries>
        <item>
          <versionCode>00</versionCode>
          <name>Introduced in Senate</name>
          <actionDate>2017-03-02</actionDate>
          <lastSummaryUpdateDate>2017-03-06T15:26:46Z</lastSummaryUpdateDate>
          <text><![CDATA[<p> Expresses the sense of Congress that the tax exemption of fraternal benefit societies continues to generate significant returns to the United States and that the work of such societies should continue to be promoted. </p> <UL> </UL>]]></text>
          <updateDate>2017-03-02T05:00:00Z</updateDate>
          <actionDesc>Introduced in Senate</actionDesc>
        </item>
      </billSummaries>
    </summaries>
    <latestAction>
      <actionDate>2017-03-02</actionDate>
      <links />
      <text>Referred to the Committee on Finance. (text of measure as introduced: CR S1583-1584)</text>
    </latestAction>
    <calendarNumbers />
    <recordedVotes />
    <updateDate>2018-02-28T06:19:15Z</updateDate>
    <amendments />
    <introducedDate>2017-03-02</introducedDate>
    <version>1.0.0</version>
    <actions>
      <actionByCounts>
        <senate>2</senate>
      </actionByCounts>
      <item>
        <actionDate>2017-03-02</actionDate>
        <committee>
          <name>Finance Committee</name>
          <systemCode>ssfi00</systemCode>
        </committee>
        <links>
          <link>
            <url>https://www.congress.gov/congressional-record/volume-163/senate-section/page/S1583-1584</url>
            <name>S1583-1584</name>
          </link>
        </links>
        <sourceSystem>
          <name>Senate</name>
          <code>0</code>
        </sourceSystem>
        <text>Referred to the Committee on Finance. (text of measure as introduced: CR S1583-1584)</text>
        <type>IntroReferral</type>
      </item>
      <item>
        <links />
        <text>Introduced in Senate</text>
        <committee />
        <actionDate>2017-03-02</actionDate>
        <type>IntroReferral</type>
        <actionCode>10000</actionCode>
        <sourceSystem>
          <name>Library of Congress</name>
          <code>9</code>
        </sourceSystem>
      </item>
      <actionTypeCounts>
        <introducedInSenate>1</introducedInSenate>
        <referredToCommittee>1</referredToCommittee>
      </actionTypeCounts>
    </actions>
    <billType>SCONRES</billType>
  </bill>
  <dublinCore xmlns:dc="http://purl.org/dc/elements/1.1/">
    <dc:format>text/xml</dc:format>
    <dc:language>EN</dc:language>
    <dc:rights>Pursuant to Title 17 Section 105 of the United States Code, this file is not subject to copyright protection and is in the public domain.</dc:rights>
    <dc:contributor>Congressional Research Service, Library of Congress</dc:contributor>
    <dc:description>This file contains bill summaries and statuses for federal legislation. A bill summary describes the most significant provisions of a piece of legislation and details the effects the legislative text may have on current law and federal programs. Bill summaries are authored by the Congressional Research Service (CRS) of the Library of Congress. As stated in Public Law 91-510 (2 USC 166 (d)(6)), one of the duties of CRS is "to prepare summaries and digests of bills and resolutions of a public general nature introduced in the Senate or House of Representatives". For more information, refer to the User Guide that accompanies this file.</dc:description>
  </dublinCore>
</billStatus>

