<?xml version="1.0" encoding="UTF-8"?>
<billStatus>
  <bill>
    <committeeReports />
    <summaries>
      <billSummaries />
    </summaries>
    <relatedBills>
      <item>
        <type>HCONRES</type>
        <latestTitle>Authorizing the use of Emancipation Hall for a ceremony to present the Congressional Gold Medal collectively to the members of the Office of Strategic Services.</latestTitle>
        <relationshipDetails>
          <item>
            <type>Identical bill</type>
            <identifiedBy>CRS</identifiedBy>
          </item>
        </relationshipDetails>
        <number>106</number>
        <latestAction>
          <text>Message on Senate action sent to the House.</text>
          <actionDate>2018-03-01</actionDate>
        </latestAction>
        <congress>115</congress>
      </item>
    </relatedBills>
    <createDate>2018-02-28T05:26:07Z</createDate>
    <cosponsors>
      <item>
        <fullName>Sen. Blunt, Roy [R-MO]</fullName>
        <lastName>Blunt</lastName>
        <sponsorshipDate>2018-02-27</sponsorshipDate>
        <isOriginalCosponsor>True</isOriginalCosponsor>
        <bioguideId>B000575</bioguideId>
        <party>R</party>
        <middleName />
        <state>MO</state>
        <sponsorshipWithdrawnDate />
        <firstName>Roy</firstName>
        <identifiers>
          <gpoId>8313</gpoId>
          <lisID>1464</lisID>
          <bioguideId>B000575</bioguideId>
        </identifiers>
      </item>
    </cosponsors>
    <billNumber>35</billNumber>
    <version>1.0.0</version>
    <calendarNumbers />
    <amendments />
    <laws />
    <titles>
      <item>
        <chamberName />
        <chamberCode />
        <parentTitleType />
        <titleType>Official Title as Introduced</titleType>
        <title>A concurrent resolution authorizing the use of Emancipation Hall in the Capitol Visitor Center for a ceremony to present the Congressional Gold Medal collectively to the members of the Office of Strategic Services.</title>
      </item>
      <item>
        <chamberName />
        <chamberCode />
        <parentTitleType />
        <titleType>Display Title</titleType>
        <title>A concurrent resolution authorizing the use of Emancipation Hall in the Capitol Visitor Center for a ceremony to present the Congressional Gold Medal collectively to the members of the Office of Strategic Services.</title>
      </item>
    </titles>
    <recordedVotes />
    <originChamber>Senate</originChamber>
    <latestAction>
      <text>Held at the desk.</text>
      <actionTime>15:56:29</actionTime>
      <actionDate>2018-03-01</actionDate>
      <links />
    </latestAction>
    <introducedDate>2018-02-27</introducedDate>
    <sponsors>
      <item>
        <fullName>Sen. Warner, Mark R. [D-VA]</fullName>
        <party>D</party>
        <identifiers>
          <lisID>1897</lisID>
          <gpoId>8269</gpoId>
          <bioguideId>W000805</bioguideId>
        </identifiers>
        <firstName>Mark</firstName>
        <middleName>R.</middleName>
        <lastName>Warner</lastName>
        <bioguideId>W000805</bioguideId>
        <state>VA</state>
        <byRequestType />
      </item>
    </sponsors>
    <subjects>
      <billSubjects>
        <policyArea>
          <name>Congress</name>
        </policyArea>
        <legislativeSubjects />
      </billSubjects>
    </subjects>
    <policyArea>
      <name>Congress</name>
    </policyArea>
    <billType>SCONRES</billType>
    <notes />
    <title>A concurrent resolution authorizing the use of Emancipation Hall in the Capitol Visitor Center for a ceremony to present the Congressional Gold Medal collectively to the members of the Office of Strategic Services.</title>
    <committees>
      <billCommittees />
    </committees>
    <congress>115</congress>
    <cboCostEstimates />
    <updateDate>2018-03-02T08:12:46Z</updateDate>
    <actions>
      <actionByCounts>
        <houseOfRepresentatives>2</houseOfRepresentatives>
        <senate>4</senate>
      </actionByCounts>
      <actionTypeCounts>
        <passedAgreedToInSenate>1</passedAgreedToInSenate>
        <introducedInSenate>1</introducedInSenate>
        <passedOrAgreedToInSenateDayOf>1</passedOrAgreedToInSenateDayOf>
        <sentToHouse>1</sentToHouse>
        <heldAtTheDesk>1</heldAtTheDesk>
        <receivedInTheHouse>1</receivedInTheHouse>
      </actionTypeCounts>
      <item>
        <sourceSystem>
          <name>House floor actions</name>
          <code>2</code>
        </sourceSystem>
        <links />
        <committee />
        <text>Held at the desk.</text>
        <type>Floor</type>
        <actionTime>15:56:29</actionTime>
        <actionCode>H15000</actionCode>
        <actionDate>2018-03-01</actionDate>
      </item>
      <item>
        <sourceSystem>
          <name>House floor actions</name>
          <code>2</code>
        </sourceSystem>
        <links />
        <committee />
        <text>Received in the House.</text>
        <type>Floor</type>
        <actionTime>13:32:13</actionTime>
        <actionCode>H14000</actionCode>
        <actionDate>2018-03-01</actionDate>
      </item>
      <item>
        <actionDate>2018-02-28</actionDate>
        <committee />
        <links />
        <sourceSystem>
          <name>Senate</name>
          <code>0</code>
        </sourceSystem>
        <text>Message on Senate action sent to the House.</text>
        <type>Floor</type>
      </item>
      <item>
        <actionDate>2018-02-27</actionDate>
        <committee />
        <links>
          <link>
            <url>https://www.congress.gov/congressional-record/volume-164/senate-section/page/S1253</url>
            <name>S1253</name>
          </link>
          <link>
            <url>https://www.congress.gov/congressional-record/volume-164/senate-section/page/S1254-1255</url>
            <name>S1254-1255</name>
          </link>
        </links>
        <sourceSystem>
          <name>Senate</name>
          <code>0</code>
        </sourceSystem>
        <text>Submitted in the Senate, considered, and agreed to without amendment by Unanimous Consent. (consideration: CR S1254-1255; text: CR S1253)</text>
        <type>Floor</type>
      </item>
      <item>
        <sourceSystem>
          <name>Library of Congress</name>
          <code>9</code>
        </sourceSystem>
        <links />
        <committee />
        <text>Passed/agreed to in Senate: Submitted in the Senate, considered, and agreed to without amendment by Unanimous Consent.</text>
        <type>Floor</type>
        <actionCode>17000</actionCode>
        <actionDate>2018-02-27</actionDate>
      </item>
      <item>
        <sourceSystem>
          <name>Library of Congress</name>
          <code>9</code>
        </sourceSystem>
        <links />
        <committee />
        <text>Introduced in Senate</text>
        <type>IntroReferral</type>
        <actionCode>10000</actionCode>
        <actionDate>2018-02-27</actionDate>
      </item>
    </actions>
  </bill>
  <dublinCore xmlns:dc="http://purl.org/dc/elements/1.1/">
    <dc:format>text/xml</dc:format>
    <dc:language>EN</dc:language>
    <dc:rights>Pursuant to Title 17 Section 105 of the United States Code, this file is not subject to copyright protection and is in the public domain.</dc:rights>
    <dc:contributor>Congressional Research Service, Library of Congress</dc:contributor>
    <dc:description>This file contains bill summaries and statuses for federal legislation. A bill summary describes the most significant provisions of a piece of legislation and details the effects the legislative text may have on current law and federal programs. Bill summaries are authored by the Congressional Research Service (CRS) of the Library of Congress. As stated in Public Law 91-510 (2 USC 166 (d)(6)), one of the duties of CRS is "to prepare summaries and digests of bills and resolutions of a public general nature introduced in the Senate or House of Representatives". For more information, refer to the User Guide that accompanies this file.</dc:description>
  </dublinCore>
</billStatus>

