<?xml version="1.0" encoding="UTF-8"?>
<billStatus>
  <bill>
    <policyArea>
      <name>Labor and Employment</name>
    </policyArea>
    <committeeReports />
    <congress>115</congress>
    <sponsors>
      <item>
        <identifiers>
          <bioguideId>B000944</bioguideId>
          <lisID>136</lisID>
          <gpoId>8309</gpoId>
        </identifiers>
        <middleName />
        <byRequestType />
        <fullName>Sen. Brown, Sherrod [D-OH]</fullName>
        <bioguideId>B000944</bioguideId>
        <state>OH</state>
        <party>D</party>
        <firstName>SHERROD</firstName>
        <lastName>BROWN</lastName>
      </item>
    </sponsors>
    <calendarNumbers />
    <amendments />
    <relatedBills>
      <item>
        <number>68</number>
        <type>HCONRES</type>
        <latestAction>
          <text>Referred to the House Committee on Education and the Workforce.</text>
          <actionDate>2017-06-29</actionDate>
        </latestAction>
        <congress>115</congress>
        <latestTitle>Expressing the sense of Congress that the overtime rule published in the Federal Register by the Secretary of Labor on May 23, 2016, would provide millions of workers with greater economic security and was a legally valid exercise of the authority of the Secretary under the Fair Labor Standards Act of 1938.</latestTitle>
        <relationshipDetails>
          <item>
            <identifiedBy>CRS</identifiedBy>
            <type>Identical bill</type>
          </item>
        </relationshipDetails>
      </item>
    </relatedBills>
    <notes />
    <originChamber>Senate</originChamber>
    <version>1.0.0</version>
    <billNumber>20</billNumber>
    <title>A concurrent resolution expressing the sense of Congress that the overtime rule published in the Federal Register by the Secretary of Labor on May 23, 2016, would provide millions of workers with greater economic security and was a legally valid exercise of the authority of the Secretary under the Fair Labor Standards Act of 1938.</title>
    <cosponsors>
      <item>
        <isOriginalCosponsor>True</isOriginalCosponsor>
        <fullName>Sen. Murray, Patty [D-WA]</fullName>
        <middleName />
        <state>WA</state>
        <sponsorshipDate>2017-06-29</sponsorshipDate>
        <firstName>PATTY</firstName>
        <bioguideId>M001111</bioguideId>
        <party>D</party>
        <lastName>MURRAY</lastName>
        <sponsorshipWithdrawnDate />
        <identifiers>
          <lisID>1409</lisID>
          <bioguideId>M001111</bioguideId>
          <gpoId>8237</gpoId>
        </identifiers>
      </item>
      <item>
        <isOriginalCosponsor>True</isOriginalCosponsor>
        <fullName>Sen. Booker, Cory A. [D-NJ]</fullName>
        <middleName>A.</middleName>
        <state>NJ</state>
        <sponsorshipDate>2017-06-29</sponsorshipDate>
        <firstName>Cory</firstName>
        <bioguideId>B001288</bioguideId>
        <party>D</party>
        <lastName>Booker</lastName>
        <sponsorshipWithdrawnDate />
        <identifiers>
          <gpoId />
          <bioguideId>B001288</bioguideId>
          <lisID>2194</lisID>
        </identifiers>
      </item>
      <item>
        <isOriginalCosponsor>True</isOriginalCosponsor>
        <fullName>Sen. Casey, Robert P., Jr. [D-PA]</fullName>
        <middleName />
        <state>PA</state>
        <sponsorshipDate>2017-06-29</sponsorshipDate>
        <firstName>Bob</firstName>
        <bioguideId>C001070</bioguideId>
        <party>D</party>
        <lastName>Casey</lastName>
        <sponsorshipWithdrawnDate />
        <identifiers>
          <lisID>1828</lisID>
          <bioguideId>C001070</bioguideId>
          <gpoId>8282</gpoId>
        </identifiers>
      </item>
      <item>
        <isOriginalCosponsor>True</isOriginalCosponsor>
        <fullName>Sen. Sanders, Bernard [I-VT]</fullName>
        <middleName />
        <state>VT</state>
        <sponsorshipDate>2017-06-29</sponsorshipDate>
        <firstName>BERNARD</firstName>
        <bioguideId>S000033</bioguideId>
        <party>I</party>
        <lastName>SANDERS</lastName>
        <sponsorshipWithdrawnDate />
        <identifiers>
          <gpoId>8270</gpoId>
          <bioguideId>S000033</bioguideId>
          <lisID>1010</lisID>
        </identifiers>
      </item>
      <item>
        <isOriginalCosponsor>True</isOriginalCosponsor>
        <fullName>Sen. Franken, Al [D-MN]</fullName>
        <middleName />
        <state>MN</state>
        <sponsorshipDate>2017-06-29</sponsorshipDate>
        <firstName>Al</firstName>
        <bioguideId>F000457</bioguideId>
        <party>D</party>
        <lastName>Franken</lastName>
        <sponsorshipWithdrawnDate />
        <identifiers>
          <lisID>1969</lisID>
          <gpoId>8339</gpoId>
          <bioguideId>F000457</bioguideId>
        </identifiers>
      </item>
      <item>
        <isOriginalCosponsor>True</isOriginalCosponsor>
        <fullName>Sen. Warren, Elizabeth [D-MA]</fullName>
        <middleName>A.</middleName>
        <state>MA</state>
        <sponsorshipDate>2017-06-29</sponsorshipDate>
        <firstName>Elizabeth</firstName>
        <bioguideId>W000817</bioguideId>
        <party>D</party>
        <lastName>Warren</lastName>
        <sponsorshipWithdrawnDate />
        <identifiers>
          <lisID>2182</lisID>
          <gpoId />
          <bioguideId>W000817</bioguideId>
        </identifiers>
      </item>
      <item>
        <isOriginalCosponsor>True</isOriginalCosponsor>
        <fullName>Sen. Markey, Edward J. [D-MA]</fullName>
        <middleName>J.</middleName>
        <state>MA</state>
        <sponsorshipDate>2017-06-29</sponsorshipDate>
        <firstName>EDWARD</firstName>
        <bioguideId>M000133</bioguideId>
        <party>D</party>
        <lastName>MARKEY</lastName>
        <sponsorshipWithdrawnDate />
        <identifiers>
          <lisID>735</lisID>
          <bioguideId>M000133</bioguideId>
          <gpoId>7972</gpoId>
        </identifiers>
      </item>
      <item>
        <isOriginalCosponsor>True</isOriginalCosponsor>
        <fullName>Sen. Gillibrand, Kirsten E. [D-NY]</fullName>
        <middleName>E.</middleName>
        <state>NY</state>
        <sponsorshipDate>2017-06-29</sponsorshipDate>
        <firstName>Kirsten</firstName>
        <bioguideId>G000555</bioguideId>
        <party>D</party>
        <lastName>Gillibrand</lastName>
        <sponsorshipWithdrawnDate />
        <identifiers>
          <lisID>1866</lisID>
          <bioguideId>G000555</bioguideId>
          <gpoId>8336</gpoId>
        </identifiers>
      </item>
      <item>
        <isOriginalCosponsor>True</isOriginalCosponsor>
        <fullName>Sen. Blumenthal, Richard [D-CT]</fullName>
        <middleName />
        <state>CT</state>
        <sponsorshipDate>2017-06-29</sponsorshipDate>
        <firstName>Richard</firstName>
        <bioguideId>B001277</bioguideId>
        <party>D</party>
        <lastName>Blumenthal</lastName>
        <sponsorshipWithdrawnDate />
        <identifiers>
          <lisID>2076</lisID>
          <bioguideId>B001277</bioguideId>
          <gpoId>8332</gpoId>
        </identifiers>
      </item>
      <item>
        <isOriginalCosponsor>True</isOriginalCosponsor>
        <fullName>Sen. Cantwell, Maria [D-WA]</fullName>
        <middleName />
        <state>WA</state>
        <sponsorshipDate>2017-06-29</sponsorshipDate>
        <firstName>MARIA</firstName>
        <bioguideId>C000127</bioguideId>
        <party>D</party>
        <lastName>CANTWELL</lastName>
        <sponsorshipWithdrawnDate />
        <identifiers>
          <lisID>172</lisID>
          <bioguideId>C000127</bioguideId>
          <gpoId>8288</gpoId>
        </identifiers>
      </item>
      <item>
        <isOriginalCosponsor>True</isOriginalCosponsor>
        <fullName>Sen. Shaheen, Jeanne [D-NH]</fullName>
        <middleName />
        <state>NH</state>
        <sponsorshipDate>2017-06-29</sponsorshipDate>
        <firstName>Jeanne</firstName>
        <bioguideId>S001181</bioguideId>
        <party>D</party>
        <lastName>Shaheen</lastName>
        <sponsorshipWithdrawnDate />
        <identifiers>
          <lisID>1901</lisID>
          <gpoId>8276</gpoId>
          <bioguideId>S001181</bioguideId>
        </identifiers>
      </item>
      <item>
        <isOriginalCosponsor>True</isOriginalCosponsor>
        <fullName>Sen. Baldwin, Tammy [D-WI]</fullName>
        <middleName />
        <state>WI</state>
        <sponsorshipDate>2017-06-29</sponsorshipDate>
        <firstName>TAMMY</firstName>
        <bioguideId>B001230</bioguideId>
        <party>D</party>
        <lastName>BALDWIN</lastName>
        <sponsorshipWithdrawnDate />
        <identifiers>
          <bioguideId>B001230</bioguideId>
          <gpoId>8215</gpoId>
          <lisID>1558</lisID>
        </identifiers>
      </item>
      <item>
        <isOriginalCosponsor>True</isOriginalCosponsor>
        <fullName>Sen. Hassan, Margaret Wood [D-NH]</fullName>
        <middleName>Wood</middleName>
        <state>NH</state>
        <sponsorshipDate>2017-06-29</sponsorshipDate>
        <firstName>Margaret</firstName>
        <bioguideId>H001076</bioguideId>
        <party>D</party>
        <lastName>Hassan</lastName>
        <sponsorshipWithdrawnDate />
        <identifiers>
          <lisID>2302</lisID>
          <bioguideId>H001076</bioguideId>
          <gpoId />
        </identifiers>
      </item>
      <item>
        <isOriginalCosponsor>True</isOriginalCosponsor>
        <fullName>Sen. Merkley, Jeff [D-OR]</fullName>
        <middleName />
        <state>OR</state>
        <sponsorshipDate>2017-06-29</sponsorshipDate>
        <firstName>Jeff</firstName>
        <bioguideId>M001176</bioguideId>
        <party>D</party>
        <lastName>Merkley</lastName>
        <sponsorshipWithdrawnDate />
        <identifiers>
          <lisID>1900</lisID>
          <bioguideId>M001176</bioguideId>
          <gpoId>8238</gpoId>
        </identifiers>
      </item>
      <item>
        <isOriginalCosponsor>True</isOriginalCosponsor>
        <fullName>Sen. Wyden, Ron [D-OR]</fullName>
        <middleName />
        <state>OR</state>
        <sponsorshipDate>2017-06-29</sponsorshipDate>
        <firstName>RON</firstName>
        <bioguideId>W000779</bioguideId>
        <party>D</party>
        <lastName>WYDEN</lastName>
        <sponsorshipWithdrawnDate />
        <identifiers>
          <gpoId>8265</gpoId>
          <lisID>1247</lisID>
          <bioguideId>W000779</bioguideId>
        </identifiers>
      </item>
      <item>
        <isOriginalCosponsor>True</isOriginalCosponsor>
        <fullName>Sen. Menendez, Robert [D-NJ]</fullName>
        <middleName />
        <state>NJ</state>
        <sponsorshipDate>2017-06-29</sponsorshipDate>
        <firstName>ROBERT</firstName>
        <bioguideId>M000639</bioguideId>
        <party>D</party>
        <lastName>MENENDEZ</lastName>
        <sponsorshipWithdrawnDate />
        <identifiers>
          <lisID>791</lisID>
          <bioguideId>M000639</bioguideId>
          <gpoId>8239</gpoId>
        </identifiers>
      </item>
    </cosponsors>
    <subjects>
      <billSubjects>
        <policyArea>
          <name>Labor and Employment</name>
        </policyArea>
        <legislativeSubjects>
          <item>
            <name>Administrative law and regulatory procedures</name>
          </item>
          <item>
            <name>Computers and information technology</name>
          </item>
          <item>
            <name>Department of Labor</name>
          </item>
          <item>
            <name>Labor standards</name>
          </item>
          <item>
            <name>Retail and wholesale trades</name>
          </item>
          <item>
            <name>Wages and earnings</name>
          </item>
        </legislativeSubjects>
      </billSubjects>
    </subjects>
    <laws />
    <actions>
      <item>
        <actionDate>2017-06-29</actionDate>
        <committee>
          <systemCode>sshr00</systemCode>
          <name>Health, Education, Labor, and Pensions Committee</name>
        </committee>
        <links>
          <link>
            <name>S3865-3866</name>
            <url>https://www.congress.gov/congressional-record/volume-163/senate-section/page/S3865-3866</url>
          </link>
        </links>
        <sourceSystem>
          <name>Senate</name>
          <code>0</code>
        </sourceSystem>
        <text>Referred to the Committee on Health, Education, Labor, and Pensions. (text of measure as introduced: CR S3865-3866)</text>
        <type>IntroReferral</type>
      </item>
      <item>
        <sourceSystem>
          <name>Library of Congress</name>
          <code>9</code>
        </sourceSystem>
        <actionDate>2017-06-29</actionDate>
        <links />
        <text>Introduced in Senate</text>
        <committee />
        <actionCode>10000</actionCode>
        <type>IntroReferral</type>
      </item>
      <actionByCounts>
        <senate>2</senate>
      </actionByCounts>
      <actionTypeCounts>
        <referredToCommittee>1</referredToCommittee>
        <introducedInSenate>1</introducedInSenate>
      </actionTypeCounts>
    </actions>
    <titles>
      <item>
        <titleType>Official Title as Introduced</titleType>
        <title>A concurrent resolution expressing the sense of Congress that the overtime rule published in the Federal Register by the Secretary of Labor on May 23, 2016, would provide millions of workers with greater economic security and was a legally valid exercise of the authority of the Secretary under the Fair Labor Standards Act of 1938.</title>
        <chamberCode />
        <parentTitleType />
        <chamberName />
      </item>
      <item>
        <titleType>Display Title</titleType>
        <title>A concurrent resolution expressing the sense of Congress that the overtime rule published in the Federal Register by the Secretary of Labor on May 23, 2016, would provide millions of workers with greater economic security and was a legally valid exercise of the authority of the Secretary under the Fair Labor Standards Act of 1938.</title>
        <chamberCode />
        <parentTitleType />
        <chamberName />
      </item>
    </titles>
    <summaries>
      <billSummaries>
        <item>
          <versionCode>00</versionCode>
          <updateDate>2017-06-29T04:00:00Z</updateDate>
          <actionDesc>Introduced in Senate</actionDesc>
          <lastSummaryUpdateDate>2017-09-25T18:57:04Z</lastSummaryUpdateDate>
          <actionDate>2017-06-29</actionDate>
          <name>Introduced in Senate</name>
          <text><![CDATA[<p>Expresses the sense of Congress that the final rule issued on May 23, 2016, by the Department of Labor titled &quot;Defining and Delimiting the Exemptions for Executive, Administrative, Professional, Outside Sales and Computer Employees&quot;: (1) would provide more than 13 million workers with greater economic security, (2) was created through the legally valid exercises of the congressionally delegated authority of the Department of Labor under the Fair Labor Standards Act of 1938, and (3) should be defended and enforced with due haste.</p>]]></text>
        </item>
      </billSummaries>
    </summaries>
    <committees>
      <billCommittees>
        <item>
          <type>Standing</type>
          <systemCode>sshr00</systemCode>
          <subcommittees />
          <activities>
            <item>
              <date>2017-06-29T18:13:42Z</date>
              <name>Referred to</name>
            </item>
          </activities>
          <chamber>Senate</chamber>
          <name>Health, Education, Labor, and Pensions Committee</name>
        </item>
      </billCommittees>
    </committees>
    <introducedDate>2017-06-29</introducedDate>
    <updateDate>2018-02-06T16:43:54Z</updateDate>
    <cboCostEstimates />
    <recordedVotes />
    <billType>SCONRES</billType>
    <createDate>2017-06-30T00:41:32Z</createDate>
    <latestAction>
      <text>Referred to the Committee on Health, Education, Labor, and Pensions. (text of measure as introduced: CR S3865-3866)</text>
      <links />
      <actionDate>2017-06-29</actionDate>
    </latestAction>
  </bill>
  <dublinCore xmlns:dc="http://purl.org/dc/elements/1.1/">
    <dc:format>text/xml</dc:format>
    <dc:language>EN</dc:language>
    <dc:rights>Pursuant to Title 17 Section 105 of the United States Code, this file is not subject to copyright protection and is in the public domain.</dc:rights>
    <dc:contributor>Congressional Research Service, Library of Congress</dc:contributor>
    <dc:description>This file contains bill summaries and statuses for federal legislation. A bill summary describes the most significant provisions of a piece of legislation and details the effects the legislative text may have on current law and federal programs. Bill summaries are authored by the Congressional Research Service (CRS) of the Library of Congress. As stated in Public Law 91-510 (2 USC 166 (d)(6)), one of the duties of CRS is "to prepare summaries and digests of bills and resolutions of a public general nature introduced in the Senate or House of Representatives". For more information, refer to the User Guide that accompanies this file.</dc:description>
  </dublinCore>
</billStatus>

