<?xml version="1.0" encoding="UTF-8"?>
<billStatus>
  <bill>
    <titles>
      <item>
        <chamberCode />
        <title>A concurrent resolution authorizing the use of Emancipation Hall in the Capitol Visitor Center for a ceremony to present the Congressional Gold Medal to the Filipino Veterans of World War II.</title>
        <titleType>Official Title as Introduced</titleType>
        <parentTitleType />
        <chamberName />
      </item>
      <item>
        <chamberCode />
        <title>A concurrent resolution authorizing the use of Emancipation Hall in the Capitol Visitor Center for a ceremony to present the Congressional Gold Medal to the Filipino Veterans of World War II.</title>
        <titleType>Display Title</titleType>
        <parentTitleType />
        <chamberName />
      </item>
    </titles>
    <committeeReports />
    <sponsors>
      <item>
        <firstName>Mazie</firstName>
        <identifiers>
          <bioguideId>H001042</bioguideId>
          <lisID>1844</lisID>
          <gpoId>7913</gpoId>
        </identifiers>
        <party>D</party>
        <bioguideId>H001042</bioguideId>
        <lastName>Hirono</lastName>
        <fullName>Sen. Hirono, Mazie K. [D-HI]</fullName>
        <byRequestType />
        <middleName>K.</middleName>
        <state>HI</state>
      </item>
    </sponsors>
    <title>A concurrent resolution authorizing the use of Emancipation Hall in the Capitol Visitor Center for a ceremony to present the Congressional Gold Medal to the Filipino Veterans of World War II.</title>
    <actions>
      <actionByCounts>
        <senate>4</senate>
        <houseOfRepresentatives>9</houseOfRepresentatives>
      </actionByCounts>
      <actionTypeCounts>
        <passedAgreedToInSenate>1</passedAgreedToInSenate>
        <receivedInTheHouse>1</receivedInTheHouse>
        <considerationByHouse>1</considerationByHouse>
        <passedOrAgreedToInSenateDayOf>1</passedOrAgreedToInSenateDayOf>
        <unanimousConsentRequestToConsider>1</unanimousConsentRequestToConsider>
        <introducedInSenate>1</introducedInSenate>
        <passedAgreedToInHouse>1</passedAgreedToInHouse>
        <committeeDischarged>1</committeeDischarged>
        <billReferrals>1</billReferrals>
        <houseCommitteeDischarged>1</houseCommitteeDischarged>
        <sentToHouse>1</sentToHouse>
        <passageOfAMeasure>1</passageOfAMeasure>
        <motionToReconsiderResults>1</motionToReconsiderResults>
      </actionTypeCounts>
      <item>
        <actionDate>2017-09-12</actionDate>
        <text>Motion to reconsider laid on the table Agreed to without objection.</text>
        <sourceSystem>
          <name>House floor actions</name>
          <code>2</code>
        </sourceSystem>
        <committee />
        <links />
        <actionCode>H38310</actionCode>
        <type>Floor</type>
        <actionTime>18:54:02</actionTime>
      </item>
      <item>
        <actionDate>2017-09-12</actionDate>
        <text>On agreeing to the resolution Agreed to without objection. (text: CR H7287)</text>
        <sourceSystem>
          <name>House floor actions</name>
          <code>2</code>
        </sourceSystem>
        <committee />
        <links>
          <link>
            <name>H7287</name>
            <url>https://www.congress.gov/congressional-record/volume-163/house-section/page/H7287</url>
          </link>
        </links>
        <actionCode>H37100</actionCode>
        <type>Floor</type>
        <actionTime>18:53:59</actionTime>
      </item>
      <item>
        <actionDate>2017-09-12</actionDate>
        <text>Passed/agreed to in House: On agreeing to the resolution Agreed to without objection.</text>
        <sourceSystem>
          <name>Library of Congress</name>
          <code>9</code>
        </sourceSystem>
        <committee />
        <links />
        <actionCode>8000</actionCode>
        <type>Floor</type>
        <actionTime>18:53:59</actionTime>
      </item>
      <item>
        <actionDate>2017-09-12</actionDate>
        <text>Considered by unanimous consent. (consideration: CR H7287)</text>
        <sourceSystem>
          <name>House floor actions</name>
          <code>2</code>
        </sourceSystem>
        <committee />
        <links>
          <link>
            <name>H7287</name>
            <url>https://www.congress.gov/congressional-record/volume-163/house-section/page/H7287</url>
          </link>
        </links>
        <actionCode>H30000</actionCode>
        <type>Floor</type>
        <actionTime>18:53:36</actionTime>
      </item>
      <item>
        <actionDate>2017-09-12</actionDate>
        <text>Committee on House Administration discharged.</text>
        <sourceSystem>
          <name>House floor actions</name>
          <code>2</code>
        </sourceSystem>
        <committee>
          <systemCode>hsha00</systemCode>
          <name>House Administration Committee</name>
        </committee>
        <links />
        <actionCode>H12300</actionCode>
        <type>Discharge</type>
      </item>
      <item>
        <actionDate>2017-09-12</actionDate>
        <text>Committee on House Administration discharged.</text>
        <sourceSystem>
          <name>Library of Congress</name>
          <code>9</code>
        </sourceSystem>
        <committee>
          <systemCode>hsha00</systemCode>
          <name>House Administration Committee</name>
        </committee>
        <links />
        <actionCode>5500</actionCode>
        <type>Committee</type>
      </item>
      <item>
        <actionDate>2017-09-12</actionDate>
        <text>Mr. Harper asked unanimous consent to discharge from committee and consider.</text>
        <sourceSystem>
          <name>House floor actions</name>
          <code>2</code>
        </sourceSystem>
        <committee />
        <links />
        <actionCode>H30200</actionCode>
        <type>Floor</type>
        <actionTime>18:53:34</actionTime>
      </item>
      <item>
        <actionDate>2017-09-07</actionDate>
        <text>Referred to the House Committee on House Administration.</text>
        <sourceSystem>
          <name>House floor actions</name>
          <code>2</code>
        </sourceSystem>
        <committee>
          <systemCode>hsha00</systemCode>
          <name>House Administration Committee</name>
        </committee>
        <links />
        <actionCode>H11100</actionCode>
        <type>IntroReferral</type>
      </item>
      <item>
        <actionDate>2017-09-07</actionDate>
        <text>Received in the House.</text>
        <sourceSystem>
          <name>House floor actions</name>
          <code>2</code>
        </sourceSystem>
        <committee />
        <links />
        <actionCode>H14000</actionCode>
        <type>Floor</type>
        <actionTime>12:04:14</actionTime>
      </item>
      <item>
        <actionDate>2017-09-07</actionDate>
        <committee />
        <links />
        <sourceSystem>
          <name>Senate</name>
          <code>0</code>
        </sourceSystem>
        <text>Message on Senate action sent to the House.</text>
        <type>Floor</type>
      </item>
      <item>
        <actionDate>2017-09-06</actionDate>
        <committee />
        <links>
          <link>
            <name>S5006</name>
            <url>https://www.congress.gov/congressional-record/volume-163/senate-section/page/S5006</url>
          </link>
          <link>
            <name>S5016-5017</name>
            <url>https://www.congress.gov/congressional-record/volume-163/senate-section/page/S5016-5017</url>
          </link>
        </links>
        <sourceSystem>
          <name>Senate</name>
          <code>0</code>
        </sourceSystem>
        <text>Submitted in the Senate, considered, and agreed to without amendment by Unanimous Consent. (consideration: CR S5016-5017; text as passed Senate: CR S5006)</text>
        <type>Floor</type>
      </item>
      <item>
        <actionDate>2017-09-06</actionDate>
        <text>Passed/agreed to in Senate: Submitted in the Senate, considered, and agreed to without amendment by Unanimous Consent.</text>
        <sourceSystem>
          <name>Library of Congress</name>
          <code>9</code>
        </sourceSystem>
        <committee />
        <links />
        <actionCode>17000</actionCode>
        <type>Floor</type>
      </item>
      <item>
        <actionDate>2017-09-06</actionDate>
        <text>Introduced in Senate</text>
        <sourceSystem>
          <name>Library of Congress</name>
          <code>9</code>
        </sourceSystem>
        <committee />
        <links />
        <actionCode>10000</actionCode>
        <type>IntroReferral</type>
      </item>
    </actions>
    <summaries>
      <billSummaries>
        <item>
          <versionCode>00</versionCode>
          <updateDate>2017-09-06T04:00:00Z</updateDate>
          <actionDate>2017-09-06</actionDate>
          <text><![CDATA[<p>Authorizes the use of Emancipation Hall in the Capitol Visitor Center on October 25, 2017, for a ceremony to present a Congressional Gold Medal collectively to the Filipino Veterans of World War II in recognition of their dedicated military service.</p>]]></text>
          <actionDesc>Introduced in Senate</actionDesc>
          <lastSummaryUpdateDate>2017-09-14T20:29:48Z</lastSummaryUpdateDate>
          <name>Introduced in Senate</name>
        </item>
        <item>
          <versionCode>82</versionCode>
          <updateDate>2017-09-06T13:57:16Z</updateDate>
          <actionDate>2017-09-06</actionDate>
          <text><![CDATA[<p>(This measure has not been amended since it was introduced. The summary of that version is repeated here.)</p> <p>Authorizes the use of Emancipation Hall in the Capitol Visitor Center on October 25, 2017, for a ceremony to present a Congressional Gold Medal collectively to the Filipino Veterans of World War II in recognition of their dedicated military service.</p>]]></text>
          <actionDesc>Passed Senate without amendment</actionDesc>
          <lastSummaryUpdateDate>2017-09-14T20:30:07Z</lastSummaryUpdateDate>
          <name>Passed Senate without amendment</name>
        </item>
        <item>
          <versionCode>81</versionCode>
          <updateDate>2017-09-12T15:30:06Z</updateDate>
          <actionDate>2017-09-12</actionDate>
          <text><![CDATA[<p>(This measure has not been amended since it was introduced. The summary of that version is repeated here.)</p> <p>Authorizes the use of Emancipation Hall in the Capitol Visitor Center on October 25, 2017, for a ceremony to present a Congressional Gold Medal collectively to the Filipino Veterans of World War II in recognition of their dedicated military service.</p>]]></text>
          <actionDesc>Passed House without amendment</actionDesc>
          <lastSummaryUpdateDate>2017-11-21T16:16:57Z</lastSummaryUpdateDate>
          <name>Passed House without amendment</name>
        </item>
      </billSummaries>
    </summaries>
    <recordedVotes />
    <billNumber>23</billNumber>
    <calendarNumbers />
    <cosponsors />
    <version>1.0.0</version>
    <subjects>
      <billSubjects>
        <legislativeSubjects />
        <policyArea>
          <name>Armed Forces and National Security</name>
        </policyArea>
      </billSubjects>
    </subjects>
    <latestAction>
      <actionTime>18:54:02</actionTime>
      <text>Motion to reconsider laid on the table Agreed to without objection.</text>
      <links />
      <actionDate>2017-09-12</actionDate>
    </latestAction>
    <originChamber>Senate</originChamber>
    <laws />
    <notes />
    <createDate>2017-09-07T02:11:29Z</createDate>
    <billType>SCONRES</billType>
    <updateDate>2018-02-06T16:43:54Z</updateDate>
    <policyArea>
      <name>Armed Forces and National Security</name>
    </policyArea>
    <cboCostEstimates />
    <introducedDate>2017-09-06</introducedDate>
    <amendments />
    <relatedBills />
    <congress>115</congress>
    <committees>
      <billCommittees>
        <item>
          <chamber>House</chamber>
          <name>House Administration Committee</name>
          <systemCode>hsha00</systemCode>
          <type>Standing</type>
          <subcommittees />
          <activities>
            <item>
              <name>Discharged from</name>
              <date>2017-09-12T22:53:35Z</date>
            </item>
            <item>
              <name>Referred to</name>
              <date>2017-09-07T21:39:45Z</date>
            </item>
          </activities>
        </item>
      </billCommittees>
    </committees>
  </bill>
  <dublinCore xmlns:dc="http://purl.org/dc/elements/1.1/">
    <dc:format>text/xml</dc:format>
    <dc:language>EN</dc:language>
    <dc:rights>Pursuant to Title 17 Section 105 of the United States Code, this file is not subject to copyright protection and is in the public domain.</dc:rights>
    <dc:contributor>Congressional Research Service, Library of Congress</dc:contributor>
    <dc:description>This file contains bill summaries and statuses for federal legislation. A bill summary describes the most significant provisions of a piece of legislation and details the effects the legislative text may have on current law and federal programs. Bill summaries are authored by the Congressional Research Service (CRS) of the Library of Congress. As stated in Public Law 91-510 (2 USC 166 (d)(6)), one of the duties of CRS is "to prepare summaries and digests of bills and resolutions of a public general nature introduced in the Senate or House of Representatives". For more information, refer to the User Guide that accompanies this file.</dc:description>
  </dublinCore>
</billStatus>

