<?xml version="1.0" encoding="UTF-8"?>
<billStatus>
  <bill>
    <committeeReports />
    <laws />
    <updateDate>2018-02-28T19:17:45Z</updateDate>
    <notes />
    <billNumber>29</billNumber>
    <introducedDate>2017-11-02</introducedDate>
    <calendarNumbers />
    <title>A concurrent resolution recognizing the 100th anniversary of the Balfour Declaration.</title>
    <originChamber>Senate</originChamber>
    <billType>SCONRES</billType>
    <actions>
      <actionByCounts>
        <senate>2</senate>
      </actionByCounts>
      <actionTypeCounts>
        <introducedInSenate>1</introducedInSenate>
        <referredToCommittee>1</referredToCommittee>
      </actionTypeCounts>
      <item>
        <actionDate>2017-11-02</actionDate>
        <committee>
          <name>Foreign Relations Committee</name>
          <systemCode>ssfr00</systemCode>
        </committee>
        <links>
          <link>
            <name>S7003</name>
            <url>https://www.congress.gov/congressional-record/volume-163/senate-section/page/S7003</url>
          </link>
        </links>
        <sourceSystem>
          <name>Senate</name>
          <code>0</code>
        </sourceSystem>
        <text>Referred to the Committee on Foreign Relations. (text of measure as introduced: CR S7003)</text>
        <type>IntroReferral</type>
      </item>
      <item>
        <text>Introduced in Senate</text>
        <type>IntroReferral</type>
        <actionDate>2017-11-02</actionDate>
        <links />
        <actionCode>10000</actionCode>
        <committee />
        <sourceSystem>
          <name>Library of Congress</name>
          <code>9</code>
        </sourceSystem>
      </item>
    </actions>
    <version>1.0.0</version>
    <summaries>
      <billSummaries>
        <item>
          <actionDesc>Introduced in Senate</actionDesc>
          <actionDate>2017-11-02</actionDate>
          <text><![CDATA[<p>Commemorates the centenary of the Balfour Declaration.</p> <p> Affirms the Senate's commitment to maintaining the strongest of bilateral ties with Israel.</p> <p> Recognizes the importance of Israel's establishment as a secure and democratic homeland for the Jewish people. </p>]]></text>
          <versionCode>00</versionCode>
          <updateDate>2017-11-02T04:00:00Z</updateDate>
          <lastSummaryUpdateDate>2017-11-07T22:19:25Z</lastSummaryUpdateDate>
          <name>Introduced in Senate</name>
        </item>
      </billSummaries>
    </summaries>
    <committees>
      <billCommittees>
        <item>
          <chamber>Senate</chamber>
          <name>Foreign Relations Committee</name>
          <systemCode>ssfr00</systemCode>
          <activities>
            <item>
              <date>2017-11-02T15:40:21Z</date>
              <name>Referred to</name>
            </item>
          </activities>
          <type>Standing</type>
          <subcommittees />
        </item>
      </billCommittees>
    </committees>
    <createDate>2017-11-03T00:41:16Z</createDate>
    <subjects>
      <billSubjects>
        <legislativeSubjects>
          <item>
            <name>Commemorative events and holidays</name>
          </item>
          <item>
            <name>Israel</name>
          </item>
          <item>
            <name>Middle East</name>
          </item>
          <item>
            <name>Sovereignty, recognition, national governance and status</name>
          </item>
        </legislativeSubjects>
        <policyArea>
          <name>International Affairs</name>
        </policyArea>
      </billSubjects>
    </subjects>
    <recordedVotes />
    <congress>115</congress>
    <relatedBills>
      <item>
        <type>HCONRES</type>
        <number>92</number>
        <latestTitle>Recognizing the deep and abiding friendship between the United States and Israel.</latestTitle>
        <congress>115</congress>
        <relationshipDetails>
          <item>
            <type>Related bill</type>
            <identifiedBy>CRS</identifiedBy>
          </item>
        </relationshipDetails>
        <latestAction>
          <text>Received in the Senate and referred to the Committee on Foreign Relations.</text>
          <actionDate>2017-11-16</actionDate>
        </latestAction>
      </item>
    </relatedBills>
    <titles>
      <item>
        <title>A concurrent resolution recognizing the 100th anniversary of the Balfour Declaration.</title>
        <titleType>Official Title as Introduced</titleType>
        <parentTitleType />
        <chamberName />
        <chamberCode />
      </item>
      <item>
        <title>A concurrent resolution recognizing the 100th anniversary of the Balfour Declaration.</title>
        <titleType>Display Title</titleType>
        <parentTitleType />
        <chamberName />
        <chamberCode />
      </item>
    </titles>
    <cboCostEstimates />
    <sponsors>
      <item>
        <lastName>Lankford</lastName>
        <identifiers>
          <lisID>2050</lisID>
          <bioguideId>L000575</bioguideId>
          <gpoId>8113</gpoId>
        </identifiers>
        <party>R</party>
        <firstName>James</firstName>
        <middleName />
        <fullName>Sen. Lankford, James [R-OK]</fullName>
        <bioguideId>L000575</bioguideId>
        <state>OK</state>
        <byRequestType />
      </item>
    </sponsors>
    <latestAction>
      <links />
      <actionDate>2017-11-02</actionDate>
      <text>Referred to the Committee on Foreign Relations. (text of measure as introduced: CR S7003)</text>
    </latestAction>
    <amendments />
    <policyArea>
      <name>International Affairs</name>
    </policyArea>
    <cosponsors>
      <item>
        <identifiers>
          <bioguideId>M001183</bioguideId>
          <lisID>1983</lisID>
          <gpoId>8256</gpoId>
        </identifiers>
        <middleName />
        <state>WV</state>
        <bioguideId>M001183</bioguideId>
        <firstName>Joe</firstName>
        <sponsorshipWithdrawnDate />
        <sponsorshipDate>2017-11-02</sponsorshipDate>
        <fullName>Sen. Manchin, Joe, III [D-WV]</fullName>
        <lastName>Manchin</lastName>
        <party>D</party>
        <isOriginalCosponsor>True</isOriginalCosponsor>
      </item>
    </cosponsors>
  </bill>
  <dublinCore xmlns:dc="http://purl.org/dc/elements/1.1/">
    <dc:format>text/xml</dc:format>
    <dc:language>EN</dc:language>
    <dc:rights>Pursuant to Title 17 Section 105 of the United States Code, this file is not subject to copyright protection and is in the public domain.</dc:rights>
    <dc:contributor>Congressional Research Service, Library of Congress</dc:contributor>
    <dc:description>This file contains bill summaries and statuses for federal legislation. A bill summary describes the most significant provisions of a piece of legislation and details the effects the legislative text may have on current law and federal programs. Bill summaries are authored by the Congressional Research Service (CRS) of the Library of Congress. As stated in Public Law 91-510 (2 USC 166 (d)(6)), one of the duties of CRS is "to prepare summaries and digests of bills and resolutions of a public general nature introduced in the Senate or House of Representatives". For more information, refer to the User Guide that accompanies this file.</dc:description>
  </dublinCore>
</billStatus>

