<?xml version="1.0" encoding="UTF-8"?>
<billStatus>
  <bill>
    <titles>
      <item>
        <titleType>Official Title as Introduced</titleType>
        <parentTitleType />
        <chamberName />
        <title>A concurrent resolution expressing support for strengthening engagement between the United States and the Asia-Pacific Economic Cooperation.</title>
        <chamberCode />
      </item>
      <item>
        <titleType>Display Title</titleType>
        <parentTitleType />
        <chamberName />
        <title>A concurrent resolution expressing support for strengthening engagement between the United States and the Asia-Pacific Economic Cooperation.</title>
        <chamberCode />
      </item>
    </titles>
    <committeeReports />
    <sponsors>
      <item>
        <firstName>ORRIN</firstName>
        <identifiers>
          <bioguideId>H000338</bioguideId>
          <lisID>1351</lisID>
          <gpoId>8314</gpoId>
        </identifiers>
        <party>R</party>
        <bioguideId>H000338</bioguideId>
        <lastName>HATCH</lastName>
        <fullName>Sen. Hatch, Orrin G. [R-UT]</fullName>
        <byRequestType />
        <middleName>GRANT</middleName>
        <state>UT</state>
      </item>
    </sponsors>
    <title>A concurrent resolution expressing support for strengthening engagement between the United States and the Asia-Pacific Economic Cooperation.</title>
    <actions>
      <item>
        <actionDate>2017-05-18</actionDate>
        <committee>
          <systemCode>ssfr00</systemCode>
          <name>Foreign Relations Committee</name>
        </committee>
        <links>
          <link>
            <url>https://www.congress.gov/congressional-record/volume-163/senate-section/page/S3047</url>
            <name>S3047</name>
          </link>
        </links>
        <sourceSystem>
          <name>Senate</name>
          <code>0</code>
        </sourceSystem>
        <text>Referred to the Committee on Foreign Relations. (text of measure as introduced: CR S3047)</text>
        <type>IntroReferral</type>
      </item>
      <item>
        <links />
        <actionDate>2017-05-18</actionDate>
        <type>IntroReferral</type>
        <text>Introduced in Senate</text>
        <actionCode>10000</actionCode>
        <sourceSystem>
          <name>Library of Congress</name>
          <code>9</code>
        </sourceSystem>
        <committee />
      </item>
      <actionByCounts>
        <senate>2</senate>
      </actionByCounts>
      <actionTypeCounts>
        <introducedInSenate>1</introducedInSenate>
        <referredToCommittee>1</referredToCommittee>
      </actionTypeCounts>
    </actions>
    <summaries>
      <billSummaries>
        <item>
          <versionCode>00</versionCode>
          <text><![CDATA[<p>Expresses the sense of Congress that:</p> <ul> <li> the continuing success of the Asia-Pacific Economic Cooperation (APEC) is in the national economic interest of the United States,</li> <li> APEC should be a part of the U.S. diplomatic and economic strategy for the Asia-Pacific region, and </li> <li> the United States should continue to engage APEC in promoting economic growth through the adoption of rules-based policies to strengthen trade and investment between the United States and other APEC members.</li> </ul>]]></text>
          <actionDesc>Introduced in Senate</actionDesc>
          <actionDate>2017-05-18</actionDate>
          <lastSummaryUpdateDate>2017-08-24T15:32:44Z</lastSummaryUpdateDate>
          <name>Introduced in Senate</name>
          <updateDate>2017-05-18T04:00:00Z</updateDate>
        </item>
      </billSummaries>
    </summaries>
    <recordedVotes />
    <billNumber>16</billNumber>
    <calendarNumbers />
    <cosponsors>
      <item>
        <state>OR</state>
        <identifiers>
          <gpoId>8265</gpoId>
          <lisID>1247</lisID>
          <bioguideId>W000779</bioguideId>
        </identifiers>
        <bioguideId>W000779</bioguideId>
        <sponsorshipDate>2017-05-18</sponsorshipDate>
        <lastName>WYDEN</lastName>
        <fullName>Sen. Wyden, Ron [D-OR]</fullName>
        <firstName>RON</firstName>
        <party>D</party>
        <middleName />
        <isOriginalCosponsor>True</isOriginalCosponsor>
        <sponsorshipWithdrawnDate />
      </item>
    </cosponsors>
    <version>1.0.0</version>
    <subjects>
      <billSubjects>
        <policyArea>
          <name>International Affairs</name>
        </policyArea>
        <legislativeSubjects>
          <item>
            <name>Asia</name>
          </item>
          <item>
            <name>Diplomacy, foreign officials, Americans abroad</name>
          </item>
          <item>
            <name>Free trade and trade barriers</name>
          </item>
          <item>
            <name>International organizations and cooperation</name>
          </item>
          <item>
            <name>U.S. and foreign investments</name>
          </item>
        </legislativeSubjects>
      </billSubjects>
    </subjects>
    <latestAction>
      <text>Referred to the Committee on Foreign Relations. (text of measure as introduced: CR S3047)</text>
      <links />
      <actionDate>2017-05-18</actionDate>
    </latestAction>
    <originChamber>Senate</originChamber>
    <laws />
    <notes />
    <createDate>2017-05-19T00:26:37Z</createDate>
    <billType>SCONRES</billType>
    <updateDate>2018-02-06T16:43:54Z</updateDate>
    <policyArea>
      <name>International Affairs</name>
    </policyArea>
    <cboCostEstimates />
    <introducedDate>2017-05-18</introducedDate>
    <amendments />
    <relatedBills>
      <item>
        <number>54</number>
        <latestTitle>Expressing support for strengthening engagement between the United States and the Asia-Pacific Economic Cooperation.</latestTitle>
        <type>HCONRES</type>
        <relationshipDetails>
          <item>
            <identifiedBy>CRS</identifiedBy>
            <type>Identical bill</type>
          </item>
        </relationshipDetails>
        <congress>115</congress>
        <latestAction>
          <text>Referred to the Subcommittee on Asia and the Pacific.</text>
          <actionDate>2017-06-27</actionDate>
        </latestAction>
      </item>
    </relatedBills>
    <congress>115</congress>
    <committees>
      <billCommittees>
        <item>
          <name>Foreign Relations Committee</name>
          <chamber>Senate</chamber>
          <type>Standing</type>
          <subcommittees />
          <systemCode>ssfr00</systemCode>
          <activities>
            <item>
              <name>Referred to</name>
              <date>2017-05-18T18:21:19Z</date>
            </item>
          </activities>
        </item>
      </billCommittees>
    </committees>
  </bill>
  <dublinCore xmlns:dc="http://purl.org/dc/elements/1.1/">
    <dc:format>text/xml</dc:format>
    <dc:language>EN</dc:language>
    <dc:rights>Pursuant to Title 17 Section 105 of the United States Code, this file is not subject to copyright protection and is in the public domain.</dc:rights>
    <dc:contributor>Congressional Research Service, Library of Congress</dc:contributor>
    <dc:description>This file contains bill summaries and statuses for federal legislation. A bill summary describes the most significant provisions of a piece of legislation and details the effects the legislative text may have on current law and federal programs. Bill summaries are authored by the Congressional Research Service (CRS) of the Library of Congress. As stated in Public Law 91-510 (2 USC 166 (d)(6)), one of the duties of CRS is "to prepare summaries and digests of bills and resolutions of a public general nature introduced in the Senate or House of Representatives". For more information, refer to the User Guide that accompanies this file.</dc:description>
  </dublinCore>
</billStatus>

