<?xml version="1.0" encoding="UTF-8"?>
<billStatus>
  <bill>
    <subjects>
      <billSubjects>
        <legislativeSubjects />
        <policyArea>
          <name>Crime and Law Enforcement</name>
        </policyArea>
      </billSubjects>
    </subjects>
    <cosponsors />
    <introducedDate>2017-10-26</introducedDate>
    <cboCostEstimates />
    <latestAction>
      <text>Motion to reconsider laid on the table Agreed to without objection.</text>
      <actionTime>12:04:15</actionTime>
      <actionDate>2017-11-02</actionDate>
      <links />
    </latestAction>
    <notes />
    <billType>SCONRES</billType>
    <originChamber>Senate</originChamber>
    <summaries>
      <billSummaries>
        <item>
          <updateDate>2017-10-26T04:00:00Z</updateDate>
          <actionDesc>Introduced in Senate</actionDesc>
          <versionCode>00</versionCode>
          <lastSummaryUpdateDate>2018-03-01T20:29:52Z</lastSummaryUpdateDate>
          <name>Introduced in Senate</name>
          <actionDate>2017-10-26</actionDate>
          <text><![CDATA[<p>Directs the Secretary of the Senate to make specified technical corrections in the enrollment of S. 782 (PROTECT Our Children Act of 2017).</p>]]></text>
        </item>
      </billSummaries>
    </summaries>
    <amendments />
    <relatedBills>
      <item>
        <number>782</number>
        <latestAction>
          <text>Became Public Law No: 115-82.</text>
          <actionDate>2017-11-02</actionDate>
        </latestAction>
        <congress>115</congress>
        <relationshipDetails>
          <item>
            <type>Related bill</type>
            <identifiedBy>CRS</identifiedBy>
          </item>
          <item>
            <type>Related bill</type>
            <identifiedBy>House</identifiedBy>
          </item>
        </relationshipDetails>
        <latestTitle>PROTECT Our Children Act of 2017</latestTitle>
        <type>S</type>
      </item>
    </relatedBills>
    <updateDate>2018-03-01T20:30:10Z</updateDate>
    <policyArea>
      <name>Crime and Law Enforcement</name>
    </policyArea>
    <sponsors>
      <item>
        <firstName>John</firstName>
        <middleName />
        <lastName>Cornyn</lastName>
        <fullName>Sen. Cornyn, John [R-TX]</fullName>
        <bioguideId>C001056</bioguideId>
        <state>TX</state>
        <byRequestType />
        <identifiers>
          <bioguideId>C001056</bioguideId>
          <lisID>1692</lisID>
          <gpoId>8295</gpoId>
        </identifiers>
        <party>R</party>
      </item>
    </sponsors>
    <committeeReports />
    <billNumber>28</billNumber>
    <titles>
      <item>
        <titleType>Official Title as Introduced</titleType>
        <chamberName />
        <parentTitleType />
        <title>A concurrent resolution providing for a correction in the enrollment of S. 782.</title>
        <chamberCode />
      </item>
      <item>
        <titleType>Display Title</titleType>
        <chamberName />
        <parentTitleType />
        <title>A concurrent resolution providing for a correction in the enrollment of S. 782.</title>
        <chamberCode />
      </item>
    </titles>
    <calendarNumbers />
    <createDate>2017-10-27T00:41:20Z</createDate>
    <title>A concurrent resolution providing for a correction in the enrollment of S. 782.</title>
    <congress>115</congress>
    <version>1.0.0</version>
    <committees>
      <billCommittees />
    </committees>
    <laws />
    <actions>
      <actionByCounts>
        <houseOfRepresentatives>7</houseOfRepresentatives>
        <senate>4</senate>
      </actionByCounts>
      <actionTypeCounts>
        <motionToReconsiderResults>1</motionToReconsiderResults>
        <passedAgreedToInSenate>1</passedAgreedToInSenate>
        <passageOfAMeasure>1</passageOfAMeasure>
        <considerationByHouse>1</considerationByHouse>
        <passedOrAgreedToInSenateDayOf>1</passedOrAgreedToInSenateDayOf>
        <unanimousConsentRequestToConsider>1</unanimousConsentRequestToConsider>
        <receivedInTheHouse>1</receivedInTheHouse>
        <heldAtTheDesk>1</heldAtTheDesk>
        <sentToHouse>1</sentToHouse>
        <passedAgreedToInHouse>1</passedAgreedToInHouse>
        <introducedInSenate>1</introducedInSenate>
      </actionTypeCounts>
      <item>
        <sourceSystem>
          <name>House floor actions</name>
          <code>2</code>
        </sourceSystem>
        <links />
        <committee />
        <text>Motion to reconsider laid on the table Agreed to without objection.</text>
        <type>Floor</type>
        <actionTime>12:04:15</actionTime>
        <actionCode>H38310</actionCode>
        <actionDate>2017-11-02</actionDate>
      </item>
      <item>
        <sourceSystem>
          <name>House floor actions</name>
          <code>2</code>
        </sourceSystem>
        <links>
          <link>
            <url>https://www.congress.gov/congressional-record/volume-163/house-section/page/H8393</url>
            <name>H8393</name>
          </link>
        </links>
        <committee />
        <text>On agreeing to the resolution Agreed to without objection. (text: CR H8393)</text>
        <type>Floor</type>
        <actionTime>12:04:11</actionTime>
        <actionCode>H37100</actionCode>
        <actionDate>2017-11-02</actionDate>
      </item>
      <item>
        <sourceSystem>
          <name>Library of Congress</name>
          <code>9</code>
        </sourceSystem>
        <links />
        <committee />
        <text>Passed/agreed to in House: On agreeing to the resolution Agreed to without objection.</text>
        <type>Floor</type>
        <actionTime>12:04:11</actionTime>
        <actionCode>8000</actionCode>
        <actionDate>2017-11-02</actionDate>
      </item>
      <item>
        <sourceSystem>
          <name>House floor actions</name>
          <code>2</code>
        </sourceSystem>
        <links />
        <committee />
        <text>Mr. Poe (TX) asked unanimous consent to take from the Speaker's table and consider.</text>
        <type>Floor</type>
        <actionTime>12:03:53</actionTime>
        <actionCode>H30200</actionCode>
        <actionDate>2017-11-02</actionDate>
      </item>
      <item>
        <sourceSystem>
          <name>House floor actions</name>
          <code>2</code>
        </sourceSystem>
        <links>
          <link>
            <url>https://www.congress.gov/congressional-record/volume-163/house-section/page/H8393</url>
            <name>H8393</name>
          </link>
        </links>
        <committee />
        <text>Considered by unanimous consent. (consideration: CR H8393)</text>
        <type>Floor</type>
        <actionTime>12:03:53</actionTime>
        <actionCode>H30000</actionCode>
        <actionDate>2017-11-02</actionDate>
      </item>
      <item>
        <sourceSystem>
          <name>House floor actions</name>
          <code>2</code>
        </sourceSystem>
        <links />
        <committee />
        <text>Held at the desk.</text>
        <type>Floor</type>
        <actionTime>16:53:20</actionTime>
        <actionCode>H15000</actionCode>
        <actionDate>2017-10-31</actionDate>
      </item>
      <item>
        <sourceSystem>
          <name>House floor actions</name>
          <code>2</code>
        </sourceSystem>
        <links />
        <committee />
        <text>Received in the House.</text>
        <type>Floor</type>
        <actionTime>14:02:03</actionTime>
        <actionCode>H14000</actionCode>
        <actionDate>2017-10-31</actionDate>
      </item>
      <item>
        <actionDate>2017-10-27</actionDate>
        <committee />
        <links />
        <sourceSystem>
          <name>Senate</name>
          <code>0</code>
        </sourceSystem>
        <text>Message on Senate action sent to the House.</text>
        <type>Floor</type>
      </item>
      <item>
        <actionDate>2017-10-26</actionDate>
        <committee />
        <links>
          <link>
            <url>https://www.congress.gov/congressional-record/volume-163/senate-section/page/S6858</url>
            <name>S6858</name>
          </link>
          <link>
            <url>https://www.congress.gov/congressional-record/volume-163/senate-section/page/S6859-6860</url>
            <name>S6859-6860</name>
          </link>
        </links>
        <sourceSystem>
          <name>Senate</name>
          <code>0</code>
        </sourceSystem>
        <text>Submitted in the Senate, considered, and agreed to without amendment by Unanimous Consent. (consideration: CR S6859-6860; text as passed Senate: CR S6858)</text>
        <type>Floor</type>
      </item>
      <item>
        <sourceSystem>
          <name>Library of Congress</name>
          <code>9</code>
        </sourceSystem>
        <links />
        <committee />
        <text>Passed/agreed to in Senate: Submitted in the Senate, considered, and agreed to without amendment by Unanimous Consent.</text>
        <type>Floor</type>
        <actionCode>17000</actionCode>
        <actionDate>2017-10-26</actionDate>
      </item>
      <item>
        <sourceSystem>
          <name>Library of Congress</name>
          <code>9</code>
        </sourceSystem>
        <links />
        <committee />
        <text>Introduced in Senate</text>
        <type>IntroReferral</type>
        <actionCode>10000</actionCode>
        <actionDate>2017-10-26</actionDate>
      </item>
    </actions>
    <recordedVotes />
  </bill>
  <dublinCore xmlns:dc="http://purl.org/dc/elements/1.1/">
    <dc:format>text/xml</dc:format>
    <dc:language>EN</dc:language>
    <dc:rights>Pursuant to Title 17 Section 105 of the United States Code, this file is not subject to copyright protection and is in the public domain.</dc:rights>
    <dc:contributor>Congressional Research Service, Library of Congress</dc:contributor>
    <dc:description>This file contains bill summaries and statuses for federal legislation. A bill summary describes the most significant provisions of a piece of legislation and details the effects the legislative text may have on current law and federal programs. Bill summaries are authored by the Congressional Research Service (CRS) of the Library of Congress. As stated in Public Law 91-510 (2 USC 166 (d)(6)), one of the duties of CRS is "to prepare summaries and digests of bills and resolutions of a public general nature introduced in the Senate or House of Representatives". For more information, refer to the User Guide that accompanies this file.</dc:description>
  </dublinCore>
</billStatus>

