<?xml version="1.0" encoding="UTF-8"?>
<billStatus>
  <bill>
    <relatedBills>
      <item>
        <latestTitle>Clarifying any potential misunderstanding as to whether actions taken by President-elect Donald Trump constitute a violation of the Emoluments Clause, and calling on President-elect Trump to divest his interest in, and sever his relationship to, the Trump Organization.</latestTitle>
        <number>5</number>
        <congress>115</congress>
        <latestAction>
          <actionDate>2017-01-04</actionDate>
          <text>Referred to the House Committee on Oversight and Government Reform.</text>
        </latestAction>
        <type>HCONRES</type>
        <relationshipDetails>
          <item>
            <type>Related bill</type>
            <identifiedBy>CRS</identifiedBy>
          </item>
        </relationshipDetails>
      </item>
    </relatedBills>
    <originChamber>Senate</originChamber>
    <recordedVotes />
    <latestAction>
      <text>Referred to the Committee on Homeland Security and Governmental Affairs. (text of measure as introduced: CR S1584)</text>
      <links />
      <actionDate>2017-03-02</actionDate>
    </latestAction>
    <createDate>2017-03-03T05:11:26Z</createDate>
    <title>A concurrent resolution clarifying any potential misunderstanding as to whether actions taken by President Donald J. Trump constitute a violation of the Emoluments Clause, and calling on President Trump to divest his interest in, and sever his relationship to, the Trump Organization.</title>
    <summaries>
      <billSummaries>
        <item>
          <lastSummaryUpdateDate>2017-05-05T18:55:39Z</lastSummaryUpdateDate>
          <updateDate>2017-03-02T05:00:00Z</updateDate>
          <versionCode>00</versionCode>
          <text><![CDATA[<p>Finds that the promised actions outlined by President Trump at his January 11, 2017, press conference are inadequate and insufficient to ensure compliance with the Emoluments Clause of the Constitution.</p> <p>Calls upon President Trump to: (1) follow the precedent established by prior Presidents and convert his assets to conflict-free holdings, adopt blind trusts, or take other equivalent measures; and (2) not use the powers or opportunities of his position as President for any purpose related to the Trump Organization.</p> <p>Declares that in the absence of express affirmative authorization by Congress, Congress regards dealings that President Trump may have through his companies with foreign governments or entities owned or controlled by foreign governments to be potential violations of such clause. </p>]]></text>
          <name>Introduced in Senate</name>
          <actionDesc>Introduced in Senate</actionDesc>
          <actionDate>2017-03-02</actionDate>
        </item>
      </billSummaries>
    </summaries>
    <actions>
      <item>
        <actionDate>2017-03-02</actionDate>
        <committee>
          <systemCode>ssga00</systemCode>
          <name>Homeland Security and Governmental Affairs Committee</name>
        </committee>
        <links>
          <link>
            <url>https://www.congress.gov/congressional-record/volume-163/senate-section/page/S1584</url>
            <name>S1584</name>
          </link>
        </links>
        <sourceSystem>
          <code>0</code>
          <name>Senate</name>
        </sourceSystem>
        <text>Referred to the Committee on Homeland Security and Governmental Affairs. (text of measure as introduced: CR S1584)</text>
        <type>IntroReferral</type>
      </item>
      <item>
        <committee />
        <sourceSystem>
          <code>9</code>
          <name>Library of Congress</name>
        </sourceSystem>
        <actionDate>2017-03-02</actionDate>
        <text>Introduced in Senate</text>
        <links />
        <type>IntroReferral</type>
        <actionCode>10000</actionCode>
      </item>
      <actionByCounts>
        <senate>2</senate>
      </actionByCounts>
      <actionTypeCounts>
        <referredToCommittee>1</referredToCommittee>
        <introducedInSenate>1</introducedInSenate>
      </actionTypeCounts>
    </actions>
    <updateDate>2018-02-06T16:43:53Z</updateDate>
    <amendments />
    <notes />
    <sponsors>
      <item>
        <bioguideId>C000141</bioguideId>
        <middleName>L.</middleName>
        <byRequestType />
        <firstName>BENJAMIN</firstName>
        <lastName>CARDIN</lastName>
        <state>MD</state>
        <party>D</party>
        <identifiers>
          <gpoId>8287</gpoId>
          <lisID>174</lisID>
          <bioguideId>C000141</bioguideId>
        </identifiers>
        <fullName>Sen. Cardin, Benjamin L. [D-MD]</fullName>
      </item>
    </sponsors>
    <committees>
      <billCommittees>
        <item>
          <systemCode>ssga00</systemCode>
          <chamber>Senate</chamber>
          <type>Standing</type>
          <activities>
            <item>
              <date>2017-03-02T20:34:33Z</date>
              <name>Referred to</name>
            </item>
          </activities>
          <name>Homeland Security and Governmental Affairs Committee</name>
          <subcommittees />
        </item>
      </billCommittees>
    </committees>
    <cosponsors>
      <item>
        <identifiers>
          <lisID>1383</lisID>
          <bioguideId>L000174</bioguideId>
          <gpoId>8244</gpoId>
        </identifiers>
        <bioguideId>L000174</bioguideId>
        <sponsorshipDate>2017-03-02</sponsorshipDate>
        <middleName>JOSEPH</middleName>
        <fullName>Sen. Leahy, Patrick J. [D-VT]</fullName>
        <sponsorshipWithdrawnDate />
        <state>VT</state>
        <party>D</party>
        <firstName>PATRICK</firstName>
        <isOriginalCosponsor>True</isOriginalCosponsor>
        <lastName>LEAHY</lastName>
      </item>
      <item>
        <identifiers>
          <gpoId>8252</gpoId>
          <lisID>1820</lisID>
          <bioguideId>M001170</bioguideId>
        </identifiers>
        <bioguideId>M001170</bioguideId>
        <sponsorshipDate>2017-03-02</sponsorshipDate>
        <middleName />
        <fullName>Sen. McCaskill, Claire [D-MO]</fullName>
        <sponsorshipWithdrawnDate />
        <state>MO</state>
        <party>D</party>
        <firstName>Claire</firstName>
        <isOriginalCosponsor>True</isOriginalCosponsor>
        <lastName>McCaskill</lastName>
      </item>
      <item>
        <identifiers>
          <lisID>2182</lisID>
          <gpoId />
          <bioguideId>W000817</bioguideId>
        </identifiers>
        <bioguideId>W000817</bioguideId>
        <sponsorshipDate>2017-03-02</sponsorshipDate>
        <middleName>A.</middleName>
        <fullName>Sen. Warren, Elizabeth [D-MA]</fullName>
        <sponsorshipWithdrawnDate />
        <state>MA</state>
        <party>D</party>
        <firstName>Elizabeth</firstName>
        <isOriginalCosponsor>True</isOriginalCosponsor>
        <lastName>Warren</lastName>
      </item>
      <item>
        <identifiers>
          <lisID>179</lisID>
          <gpoId>8283</gpoId>
          <bioguideId>C000174</bioguideId>
        </identifiers>
        <bioguideId>C000174</bioguideId>
        <sponsorshipDate>2017-03-02</sponsorshipDate>
        <middleName>R.</middleName>
        <fullName>Sen. Carper, Thomas R. [D-DE]</fullName>
        <sponsorshipWithdrawnDate />
        <state>DE</state>
        <party>D</party>
        <firstName>THOMAS</firstName>
        <isOriginalCosponsor>True</isOriginalCosponsor>
        <lastName>CARPER</lastName>
      </item>
      <item>
        <identifiers>
          <bioguideId>F000062</bioguideId>
          <lisID>1332</lisID>
          <gpoId>8338</gpoId>
        </identifiers>
        <bioguideId>F000062</bioguideId>
        <sponsorshipDate>2017-03-02</sponsorshipDate>
        <middleName />
        <fullName>Sen. Feinstein, Dianne [D-CA]</fullName>
        <sponsorshipWithdrawnDate />
        <state>CA</state>
        <party>D</party>
        <firstName>DIANNE</firstName>
        <isOriginalCosponsor>True</isOriginalCosponsor>
        <lastName>FEINSTEIN</lastName>
      </item>
      <item>
        <identifiers>
          <lisID>1409</lisID>
          <bioguideId>M001111</bioguideId>
          <gpoId>8237</gpoId>
        </identifiers>
        <bioguideId>M001111</bioguideId>
        <sponsorshipDate>2017-03-02</sponsorshipDate>
        <middleName />
        <fullName>Sen. Murray, Patty [D-WA]</fullName>
        <sponsorshipWithdrawnDate />
        <state>WA</state>
        <party>D</party>
        <firstName>PATTY</firstName>
        <isOriginalCosponsor>True</isOriginalCosponsor>
        <lastName>MURRAY</lastName>
      </item>
      <item>
        <identifiers>
          <gpoId>8265</gpoId>
          <lisID>1247</lisID>
          <bioguideId>W000779</bioguideId>
        </identifiers>
        <bioguideId>W000779</bioguideId>
        <sponsorshipDate>2017-03-02</sponsorshipDate>
        <middleName />
        <fullName>Sen. Wyden, Ron [D-OR]</fullName>
        <sponsorshipWithdrawnDate />
        <state>OR</state>
        <party>D</party>
        <firstName>RON</firstName>
        <isOriginalCosponsor>True</isOriginalCosponsor>
        <lastName>WYDEN</lastName>
      </item>
      <item>
        <identifiers>
          <lisID>326</lisID>
          <bioguideId>D000563</bioguideId>
          <gpoId>8326</gpoId>
        </identifiers>
        <bioguideId>D000563</bioguideId>
        <sponsorshipDate>2017-03-02</sponsorshipDate>
        <middleName>J.</middleName>
        <fullName>Sen. Durbin, Richard J. [D-IL]</fullName>
        <sponsorshipWithdrawnDate />
        <state>IL</state>
        <party>D</party>
        <firstName>RICHARD</firstName>
        <isOriginalCosponsor>True</isOriginalCosponsor>
        <lastName>DURBIN</lastName>
      </item>
      <item>
        <identifiers>
          <lisID>949</lisID>
          <gpoId>8272</gpoId>
          <bioguideId>R000122</bioguideId>
        </identifiers>
        <bioguideId>R000122</bioguideId>
        <sponsorshipDate>2017-03-02</sponsorshipDate>
        <middleName>F.</middleName>
        <fullName>Sen. Reed, Jack [D-RI]</fullName>
        <sponsorshipWithdrawnDate />
        <state>RI</state>
        <party>D</party>
        <firstName>JOHN</firstName>
        <isOriginalCosponsor>True</isOriginalCosponsor>
        <lastName>REED</lastName>
      </item>
      <item>
        <identifiers>
          <lisID>1531</lisID>
          <bioguideId>S000770</bioguideId>
          <gpoId>8261</gpoId>
        </identifiers>
        <bioguideId>S000770</bioguideId>
        <sponsorshipDate>2017-03-02</sponsorshipDate>
        <middleName>ANN</middleName>
        <fullName>Sen. Stabenow, Debbie [D-MI]</fullName>
        <sponsorshipWithdrawnDate />
        <state>MI</state>
        <party>D</party>
        <firstName>DEBORAH</firstName>
        <isOriginalCosponsor>True</isOriginalCosponsor>
        <lastName>STABENOW</lastName>
      </item>
      <item>
        <identifiers>
          <bioguideId>B000944</bioguideId>
          <lisID>136</lisID>
          <gpoId>8309</gpoId>
        </identifiers>
        <bioguideId>B000944</bioguideId>
        <sponsorshipDate>2017-03-02</sponsorshipDate>
        <middleName />
        <fullName>Sen. Brown, Sherrod [D-OH]</fullName>
        <sponsorshipWithdrawnDate />
        <state>OH</state>
        <party>D</party>
        <firstName>SHERROD</firstName>
        <isOriginalCosponsor>True</isOriginalCosponsor>
        <lastName>BROWN</lastName>
      </item>
      <item>
        <identifiers>
          <lisID>1828</lisID>
          <bioguideId>C001070</bioguideId>
          <gpoId>8282</gpoId>
        </identifiers>
        <bioguideId>C001070</bioguideId>
        <sponsorshipDate>2017-03-02</sponsorshipDate>
        <middleName />
        <fullName>Sen. Casey, Robert P., Jr. [D-PA]</fullName>
        <sponsorshipWithdrawnDate />
        <state>PA</state>
        <party>D</party>
        <firstName>Bob</firstName>
        <isOriginalCosponsor>True</isOriginalCosponsor>
        <lastName>Casey</lastName>
      </item>
      <item>
        <identifiers>
          <gpoId>8249</gpoId>
          <lisID>1826</lisID>
          <bioguideId>K000367</bioguideId>
        </identifiers>
        <bioguideId>K000367</bioguideId>
        <sponsorshipDate>2017-03-02</sponsorshipDate>
        <middleName />
        <fullName>Sen. Klobuchar, Amy [D-MN]</fullName>
        <sponsorshipWithdrawnDate />
        <state>MN</state>
        <party>D</party>
        <firstName>Amy</firstName>
        <isOriginalCosponsor>True</isOriginalCosponsor>
        <lastName>Klobuchar</lastName>
      </item>
      <item>
        <identifiers>
          <bioguideId>W000802</bioguideId>
          <gpoId>8264</gpoId>
          <lisID>1823</lisID>
        </identifiers>
        <bioguideId>W000802</bioguideId>
        <sponsorshipDate>2017-03-02</sponsorshipDate>
        <middleName />
        <fullName>Sen. Whitehouse, Sheldon [D-RI]</fullName>
        <sponsorshipWithdrawnDate />
        <state>RI</state>
        <party>D</party>
        <firstName>Sheldon</firstName>
        <isOriginalCosponsor>True</isOriginalCosponsor>
        <lastName>Whitehouse</lastName>
      </item>
      <item>
        <identifiers>
          <bioguideId>U000039</bioguideId>
          <gpoId>8260</gpoId>
          <lisID>1567</lisID>
        </identifiers>
        <bioguideId>U000039</bioguideId>
        <sponsorshipDate>2017-03-02</sponsorshipDate>
        <middleName />
        <fullName>Sen. Udall, Tom [D-NM]</fullName>
        <sponsorshipWithdrawnDate />
        <state>NM</state>
        <party>D</party>
        <firstName>TOM</firstName>
        <isOriginalCosponsor>True</isOriginalCosponsor>
        <lastName>UDALL</lastName>
      </item>
      <item>
        <identifiers>
          <lisID>1900</lisID>
          <bioguideId>M001176</bioguideId>
          <gpoId>8238</gpoId>
        </identifiers>
        <bioguideId>M001176</bioguideId>
        <sponsorshipDate>2017-03-02</sponsorshipDate>
        <middleName />
        <fullName>Sen. Merkley, Jeff [D-OR]</fullName>
        <sponsorshipWithdrawnDate />
        <state>OR</state>
        <party>D</party>
        <firstName>Jeff</firstName>
        <isOriginalCosponsor>True</isOriginalCosponsor>
        <lastName>Merkley</lastName>
      </item>
      <item>
        <identifiers>
          <lisID>1965</lisID>
          <gpoId>8302</gpoId>
          <bioguideId>B001267</bioguideId>
        </identifiers>
        <bioguideId>B001267</bioguideId>
        <sponsorshipDate>2017-03-02</sponsorshipDate>
        <middleName>F.</middleName>
        <fullName>Sen. Bennet, Michael F. [D-CO]</fullName>
        <sponsorshipWithdrawnDate />
        <state>CO</state>
        <party>D</party>
        <firstName>Michael</firstName>
        <isOriginalCosponsor>True</isOriginalCosponsor>
        <lastName>Bennet</lastName>
      </item>
      <item>
        <identifiers>
          <lisID>1866</lisID>
          <bioguideId>G000555</bioguideId>
          <gpoId>8336</gpoId>
        </identifiers>
        <bioguideId>G000555</bioguideId>
        <sponsorshipDate>2017-03-02</sponsorshipDate>
        <middleName>E.</middleName>
        <fullName>Sen. Gillibrand, Kirsten E. [D-NY]</fullName>
        <sponsorshipWithdrawnDate />
        <state>NY</state>
        <party>D</party>
        <firstName>Kirsten</firstName>
        <isOriginalCosponsor>True</isOriginalCosponsor>
        <lastName>Gillibrand</lastName>
      </item>
      <item>
        <identifiers>
          <lisID>1969</lisID>
          <gpoId>8339</gpoId>
          <bioguideId>F000457</bioguideId>
        </identifiers>
        <bioguideId>F000457</bioguideId>
        <sponsorshipDate>2017-03-02</sponsorshipDate>
        <middleName />
        <fullName>Sen. Franken, Al [D-MN]</fullName>
        <sponsorshipWithdrawnDate />
        <state>MN</state>
        <party>D</party>
        <firstName>Al</firstName>
        <isOriginalCosponsor>True</isOriginalCosponsor>
        <lastName>Franken</lastName>
      </item>
      <item>
        <identifiers>
          <bioguideId>C001088</bioguideId>
          <gpoId>8297</gpoId>
          <lisID>1984</lisID>
        </identifiers>
        <bioguideId>C001088</bioguideId>
        <sponsorshipDate>2017-03-02</sponsorshipDate>
        <middleName>A.</middleName>
        <fullName>Sen. Coons, Christopher A. [D-DE]</fullName>
        <sponsorshipWithdrawnDate />
        <state>DE</state>
        <party>D</party>
        <firstName>Christopher</firstName>
        <isOriginalCosponsor>True</isOriginalCosponsor>
        <lastName>Coons</lastName>
      </item>
      <item>
        <identifiers>
          <lisID>2076</lisID>
          <bioguideId>B001277</bioguideId>
          <gpoId>8332</gpoId>
        </identifiers>
        <bioguideId>B001277</bioguideId>
        <sponsorshipDate>2017-03-02</sponsorshipDate>
        <middleName />
        <fullName>Sen. Blumenthal, Richard [D-CT]</fullName>
        <sponsorshipWithdrawnDate />
        <state>CT</state>
        <party>D</party>
        <firstName>Richard</firstName>
        <isOriginalCosponsor>True</isOriginalCosponsor>
        <lastName>Blumenthal</lastName>
      </item>
      <item>
        <identifiers>
          <bioguideId>B001230</bioguideId>
          <gpoId>8215</gpoId>
          <lisID>1558</lisID>
        </identifiers>
        <bioguideId>B001230</bioguideId>
        <sponsorshipDate>2017-03-02</sponsorshipDate>
        <middleName />
        <fullName>Sen. Baldwin, Tammy [D-WI]</fullName>
        <sponsorshipWithdrawnDate />
        <state>WI</state>
        <party>D</party>
        <firstName>TAMMY</firstName>
        <isOriginalCosponsor>True</isOriginalCosponsor>
        <lastName>BALDWIN</lastName>
      </item>
      <item>
        <identifiers>
          <lisID>1837</lisID>
          <bioguideId>M001169</bioguideId>
          <gpoId>7870</gpoId>
        </identifiers>
        <bioguideId>M001169</bioguideId>
        <sponsorshipDate>2017-03-02</sponsorshipDate>
        <middleName />
        <fullName>Sen. Murphy, Christopher [D-CT]</fullName>
        <sponsorshipWithdrawnDate />
        <state>CT</state>
        <party>D</party>
        <firstName>Christopher</firstName>
        <isOriginalCosponsor>True</isOriginalCosponsor>
        <lastName>Murphy</lastName>
      </item>
      <item>
        <identifiers>
          <bioguideId>H001042</bioguideId>
          <lisID>1844</lisID>
          <gpoId>7913</gpoId>
        </identifiers>
        <bioguideId>H001042</bioguideId>
        <sponsorshipDate>2017-03-02</sponsorshipDate>
        <middleName>K.</middleName>
        <fullName>Sen. Hirono, Mazie K. [D-HI]</fullName>
        <sponsorshipWithdrawnDate />
        <state>HI</state>
        <party>D</party>
        <firstName>Mazie</firstName>
        <isOriginalCosponsor>True</isOriginalCosponsor>
        <lastName>Hirono</lastName>
      </item>
      <item>
        <identifiers>
          <gpoId>8056</gpoId>
          <lisID>1937</lisID>
          <bioguideId>H001046</bioguideId>
        </identifiers>
        <bioguideId>H001046</bioguideId>
        <sponsorshipDate>2017-03-02</sponsorshipDate>
        <middleName />
        <fullName>Sen. Heinrich, Martin [D-NM]</fullName>
        <sponsorshipWithdrawnDate />
        <state>NM</state>
        <party>D</party>
        <firstName>Martin</firstName>
        <isOriginalCosponsor>True</isOriginalCosponsor>
        <lastName>Heinrich</lastName>
      </item>
      <item>
        <identifiers>
          <lisID>735</lisID>
          <bioguideId>M000133</bioguideId>
          <gpoId>7972</gpoId>
        </identifiers>
        <bioguideId>M000133</bioguideId>
        <sponsorshipDate>2017-03-02</sponsorshipDate>
        <middleName>J.</middleName>
        <fullName>Sen. Markey, Edward J. [D-MA]</fullName>
        <sponsorshipWithdrawnDate />
        <state>MA</state>
        <party>D</party>
        <firstName>EDWARD</firstName>
        <isOriginalCosponsor>True</isOriginalCosponsor>
        <lastName>MARKEY</lastName>
      </item>
      <item>
        <identifiers>
          <gpoId />
          <bioguideId>B001288</bioguideId>
          <lisID>2194</lisID>
        </identifiers>
        <bioguideId>B001288</bioguideId>
        <sponsorshipDate>2017-03-02</sponsorshipDate>
        <middleName>A.</middleName>
        <fullName>Sen. Booker, Cory A. [D-NJ]</fullName>
        <sponsorshipWithdrawnDate />
        <state>NJ</state>
        <party>D</party>
        <firstName>Cory</firstName>
        <isOriginalCosponsor>True</isOriginalCosponsor>
        <lastName>Booker</lastName>
      </item>
      <item>
        <identifiers>
          <lisID>1929</lisID>
          <bioguideId>P000595</bioguideId>
          <gpoId>7994</gpoId>
        </identifiers>
        <bioguideId>P000595</bioguideId>
        <sponsorshipDate>2017-03-02</sponsorshipDate>
        <middleName>C.</middleName>
        <fullName>Sen. Peters, Gary C. [D-MI]</fullName>
        <sponsorshipWithdrawnDate />
        <state>MI</state>
        <party>D</party>
        <firstName>Gary</firstName>
        <isOriginalCosponsor>True</isOriginalCosponsor>
        <lastName>Peters</lastName>
      </item>
      <item>
        <identifiers>
          <bioguideId>V000128</bioguideId>
          <gpoId>7983</gpoId>
          <lisID>1729</lisID>
        </identifiers>
        <bioguideId>V000128</bioguideId>
        <sponsorshipDate>2017-03-02</sponsorshipDate>
        <middleName />
        <fullName>Sen. Van Hollen, Chris [D-MD]</fullName>
        <sponsorshipWithdrawnDate />
        <state>MD</state>
        <party>D</party>
        <firstName>Chris</firstName>
        <isOriginalCosponsor>True</isOriginalCosponsor>
        <lastName>Van Hollen</lastName>
      </item>
      <item>
        <identifiers>
          <lisID>2301</lisID>
          <gpoId />
          <bioguideId>H001075</bioguideId>
        </identifiers>
        <bioguideId>H001075</bioguideId>
        <sponsorshipDate>2017-03-02</sponsorshipDate>
        <middleName>D.</middleName>
        <fullName>Sen. Harris, Kamala D. [D-CA]</fullName>
        <sponsorshipWithdrawnDate />
        <state>CA</state>
        <party>D</party>
        <firstName>Kamala</firstName>
        <isOriginalCosponsor>True</isOriginalCosponsor>
        <lastName>Harris</lastName>
      </item>
      <item>
        <identifiers>
          <gpoId />
          <bioguideId>C001113</bioguideId>
          <lisID>2299</lisID>
        </identifiers>
        <bioguideId>C001113</bioguideId>
        <sponsorshipDate>2017-03-02</sponsorshipDate>
        <middleName />
        <fullName>Sen. Cortez Masto, Catherine  [D-NV]</fullName>
        <sponsorshipWithdrawnDate />
        <state>NV</state>
        <party>D</party>
        <firstName>Catherine</firstName>
        <isOriginalCosponsor>True</isOriginalCosponsor>
        <lastName>Cortez Masto</lastName>
      </item>
      <item>
        <identifiers>
          <gpoId />
          <lisID>2123</lisID>
          <bioguideId>D000622</bioguideId>
        </identifiers>
        <bioguideId>D000622</bioguideId>
        <sponsorshipDate>2017-03-02</sponsorshipDate>
        <middleName />
        <fullName>Sen. Duckworth, Tammy [D-IL]</fullName>
        <sponsorshipWithdrawnDate />
        <state>IL</state>
        <party>D</party>
        <firstName>Tammy</firstName>
        <isOriginalCosponsor>True</isOriginalCosponsor>
        <lastName>Duckworth</lastName>
      </item>
    </cosponsors>
    <laws />
    <policyArea>
      <name>Government Operations and Politics</name>
    </policyArea>
    <cboCostEstimates />
    <billNumber>8</billNumber>
    <congress>115</congress>
    <version>1.0.0</version>
    <introducedDate>2017-03-02</introducedDate>
    <committeeReports />
    <titles>
      <item>
        <chamberCode />
        <titleType>Official Title as Introduced</titleType>
        <parentTitleType />
        <chamberName />
        <title>A concurrent resolution clarifying any potential misunderstanding as to whether actions taken by President Donald J. Trump constitute a violation of the Emoluments Clause, and calling on President Trump to divest his interest in, and sever his relationship to, the Trump Organization.</title>
      </item>
      <item>
        <chamberCode />
        <titleType>Display Title</titleType>
        <parentTitleType />
        <chamberName />
        <title>A concurrent resolution clarifying any potential misunderstanding as to whether actions taken by President Donald J. Trump constitute a violation of the Emoluments Clause, and calling on President Trump to divest his interest in, and sever his relationship to, the Trump Organization.</title>
      </item>
    </titles>
    <calendarNumbers />
    <subjects>
      <billSubjects>
        <legislativeSubjects>
          <item>
            <name>Business ethics</name>
          </item>
          <item>
            <name>Constitution and constitutional amendments</name>
          </item>
          <item>
            <name>Corporate finance and management</name>
          </item>
          <item>
            <name>Government ethics and transparency, public corruption</name>
          </item>
          <item>
            <name>Presidents and presidential powers, Vice Presidents</name>
          </item>
          <item>
            <name>Trade restrictions</name>
          </item>
          <item>
            <name>U.S. and foreign investments</name>
          </item>
        </legislativeSubjects>
        <policyArea>
          <name>Government Operations and Politics</name>
        </policyArea>
      </billSubjects>
    </subjects>
    <billType>SCONRES</billType>
  </bill>
  <dublinCore xmlns:dc="http://purl.org/dc/elements/1.1/">
    <dc:format>text/xml</dc:format>
    <dc:language>EN</dc:language>
    <dc:rights>Pursuant to Title 17 Section 105 of the United States Code, this file is not subject to copyright protection and is in the public domain.</dc:rights>
    <dc:contributor>Congressional Research Service, Library of Congress</dc:contributor>
    <dc:description>This file contains bill summaries and statuses for federal legislation. A bill summary describes the most significant provisions of a piece of legislation and details the effects the legislative text may have on current law and federal programs. Bill summaries are authored by the Congressional Research Service (CRS) of the Library of Congress. As stated in Public Law 91-510 (2 USC 166 (d)(6)), one of the duties of CRS is "to prepare summaries and digests of bills and resolutions of a public general nature introduced in the Senate or House of Representatives". For more information, refer to the User Guide that accompanies this file.</dc:description>
  </dublinCore>
</billStatus>

