<?xml version="1.0" encoding="UTF-8"?>
<billStatus>
  <bill>
    <originChamber>Senate</originChamber>
    <introducedDate>2017-05-18</introducedDate>
    <cosponsors>
      <item>
        <identifiers>
          <gpoId />
          <lisID>2098</lisID>
          <bioguideId>C001095</bioguideId>
        </identifiers>
        <bioguideId>C001095</bioguideId>
        <sponsorshipDate>2017-05-18</sponsorshipDate>
        <middleName />
        <fullName>Sen. Cotton, Tom [R-AR]</fullName>
        <sponsorshipWithdrawnDate />
        <state>AR</state>
        <party>R</party>
        <firstName>Tom</firstName>
        <isOriginalCosponsor>True</isOriginalCosponsor>
        <lastName>Cotton</lastName>
      </item>
      <item>
        <identifiers>
          <gpoId>8252</gpoId>
          <lisID>1820</lisID>
          <bioguideId>M001170</bioguideId>
        </identifiers>
        <bioguideId>M001170</bioguideId>
        <sponsorshipDate>2017-06-19</sponsorshipDate>
        <middleName />
        <fullName>Sen. McCaskill, Claire [D-MO]</fullName>
        <sponsorshipWithdrawnDate />
        <state>MO</state>
        <party>D</party>
        <firstName>Claire</firstName>
        <isOriginalCosponsor>False</isOriginalCosponsor>
        <lastName>McCaskill</lastName>
      </item>
      <item>
        <identifiers>
          <gpoId>8355</gpoId>
          <bioguideId>J000293</bioguideId>
          <lisID>2086</lisID>
        </identifiers>
        <bioguideId>J000293</bioguideId>
        <sponsorshipDate>2017-07-20</sponsorshipDate>
        <middleName />
        <fullName>Sen. Johnson, Ron [R-WI]</fullName>
        <sponsorshipWithdrawnDate />
        <state>WI</state>
        <party>R</party>
        <firstName>Ron</firstName>
        <isOriginalCosponsor>False</isOriginalCosponsor>
        <lastName>Johnson</lastName>
      </item>
    </cosponsors>
    <billType>SCONRES</billType>
    <recordedVotes />
    <laws />
    <committeeReports />
    <actions>
      <item>
        <committee />
        <sourceSystem>
          <code>2</code>
          <name>House floor actions</name>
        </sourceSystem>
        <actionDate>2017-08-04</actionDate>
        <text>Held at the desk.</text>
        <actionTime>14:31:37</actionTime>
        <links />
        <actionCode>H15000</actionCode>
        <type>Floor</type>
      </item>
      <item>
        <committee />
        <sourceSystem>
          <code>2</code>
          <name>House floor actions</name>
        </sourceSystem>
        <actionDate>2017-08-04</actionDate>
        <text>Received in the House.</text>
        <actionTime>13:06:37</actionTime>
        <links />
        <actionCode>H14000</actionCode>
        <type>Floor</type>
      </item>
      <item>
        <actionDate>2017-08-04</actionDate>
        <committee />
        <links />
        <sourceSystem>
          <code>0</code>
          <name>Senate</name>
        </sourceSystem>
        <text>Message on Senate action sent to the House.</text>
        <type>Floor</type>
      </item>
      <item>
        <actionDate>2017-08-03</actionDate>
        <committee />
        <links />
        <sourceSystem>
          <code>0</code>
          <name>Senate</name>
        </sourceSystem>
        <text>Resolution agreed to in Senate with an amendment and with a preamble by Unanimous Consent.</text>
        <type>Floor</type>
      </item>
      <item>
        <committee />
        <sourceSystem>
          <code>9</code>
          <name>Library of Congress</name>
        </sourceSystem>
        <actionDate>2017-08-03</actionDate>
        <text>Passed/agreed to in Senate: Resolution agreed to in Senate with an amendment and with a preamble by Unanimous Consent.</text>
        <links />
        <type>Floor</type>
        <actionCode>17000</actionCode>
      </item>
      <item>
        <actionDate>2017-07-27</actionDate>
        <committee />
        <links />
        <sourceSystem>
          <code>0</code>
          <name>Senate</name>
        </sourceSystem>
        <text>Placed on Senate Legislative Calendar under General Orders. Calendar No. 183.</text>
        <type>Calendars</type>
      </item>
      <item>
        <actionDate>2017-07-27</actionDate>
        <committee>
          <systemCode>ssga00</systemCode>
          <name>Homeland Security and Governmental Affairs Committee</name>
        </committee>
        <links />
        <sourceSystem>
          <code>0</code>
          <name>Senate</name>
        </sourceSystem>
        <text>Committee on Homeland Security and Governmental Affairs. Reported by Senator Johnson with an amendment. Without written report.</text>
        <type>Committee</type>
      </item>
      <item>
        <committee>
          <systemCode>ssga00</systemCode>
          <name>Homeland Security and Governmental Affairs Committee</name>
        </committee>
        <sourceSystem>
          <code>9</code>
          <name>Library of Congress</name>
        </sourceSystem>
        <actionDate>2017-07-27</actionDate>
        <text>Committee on Homeland Security and Governmental Affairs. Reported by Senator Johnson with an amendment. Without written report.</text>
        <links />
        <type>Committee</type>
        <actionCode>14000</actionCode>
      </item>
      <item>
        <actionDate>2017-07-26</actionDate>
        <committee>
          <systemCode>ssga00</systemCode>
          <name>Homeland Security and Governmental Affairs Committee</name>
        </committee>
        <links />
        <sourceSystem>
          <code>0</code>
          <name>Senate</name>
        </sourceSystem>
        <text>Committee on Homeland Security and Governmental Affairs. Ordered to be reported without amendment favorably.</text>
        <type>Committee</type>
      </item>
      <item>
        <actionDate>2017-05-18</actionDate>
        <committee>
          <systemCode>ssga00</systemCode>
          <name>Homeland Security and Governmental Affairs Committee</name>
        </committee>
        <links>
          <link>
            <url>https://www.congress.gov/congressional-record/volume-163/senate-section/page/S3047</url>
            <name>S3047</name>
          </link>
        </links>
        <sourceSystem>
          <code>0</code>
          <name>Senate</name>
        </sourceSystem>
        <text>Referred to the Committee on Homeland Security and Governmental Affairs. (text of measure as introduced: CR S3047)</text>
        <type>IntroReferral</type>
      </item>
      <item>
        <committee />
        <sourceSystem>
          <code>9</code>
          <name>Library of Congress</name>
        </sourceSystem>
        <actionDate>2017-05-18</actionDate>
        <text>Introduced in Senate</text>
        <links />
        <type>IntroReferral</type>
        <actionCode>10000</actionCode>
      </item>
      <actionByCounts>
        <houseOfRepresentatives>2</houseOfRepresentatives>
        <senate>9</senate>
      </actionByCounts>
      <actionTypeCounts>
        <passedAgreedToInSenate>1</passedAgreedToInSenate>
        <agreedToInSenate>1</agreedToInSenate>
        <referredToCommittee>1</referredToCommittee>
        <heldAtTheDesk>1</heldAtTheDesk>
        <reportedToSenate>2</reportedToSenate>
        <sentToHouse>1</sentToHouse>
        <orderedReported>1</orderedReported>
        <placedOnCalendarGeneralOrders>1</placedOnCalendarGeneralOrders>
        <introducedInSenate>1</introducedInSenate>
        <receivedInTheHouse>1</receivedInTheHouse>
      </actionTypeCounts>
    </actions>
    <createDate>2017-05-19T00:26:37Z</createDate>
    <version>1.0.0</version>
    <notes />
    <latestAction>
      <actionDate>2017-08-04</actionDate>
      <text>Held at the desk.</text>
      <actionTime>14:31:37</actionTime>
      <links />
    </latestAction>
    <title>A concurrent resolution expressing support for the designation of October 28, 2017, as "Honoring the Nation's First Responders Day".</title>
    <summaries>
      <billSummaries>
        <item>
          <text><![CDATA[<p>Supports the designation of October 28, 2017, as Honoring the Nation's First Responders Day.</p>]]></text>
          <actionDate>2017-05-18</actionDate>
          <updateDate>2017-05-18T04:00:00Z</updateDate>
          <lastSummaryUpdateDate>2017-08-03T21:01:12Z</lastSummaryUpdateDate>
          <name>Introduced in Senate</name>
          <actionDesc>Introduced in Senate</actionDesc>
          <versionCode>00</versionCode>
        </item>
        <item>
          <text><![CDATA[<p>Supports the designation of October 28, 2017, as Honoring the Nation's First Responders Day.</p>]]></text>
          <actionDate>2017-07-27</actionDate>
          <updateDate>2017-07-27T17:24:14Z</updateDate>
          <lastSummaryUpdateDate>2017-08-03T21:02:00Z</lastSummaryUpdateDate>
          <name>Reported to Senate with amendment(s)</name>
          <actionDesc>Reported to Senate with amendment(s)</actionDesc>
          <versionCode>01</versionCode>
        </item>
        <item>
          <text><![CDATA[<p>(This measure has not been amended since it was reported to the Senate on July 27, 2017. The summary of that version is repeated here.)</p> <p>Supports the designation of October 28, 2017, as Honoring the Nation's First Responders Day.</p>]]></text>
          <actionDate>2017-08-03</actionDate>
          <updateDate>2017-08-03T15:15:59Z</updateDate>
          <lastSummaryUpdateDate>2017-09-28T20:57:29Z</lastSummaryUpdateDate>
          <name>Passed Senate amended</name>
          <actionDesc>Passed Senate amended</actionDesc>
          <versionCode>35</versionCode>
        </item>
      </billSummaries>
    </summaries>
    <congress>115</congress>
    <policyArea>
      <name>Emergency Management</name>
    </policyArea>
    <billNumber>15</billNumber>
    <calendarNumbers>
      <item>
        <calendar>Senate Calendar of Business</calendar>
        <number>0183</number>
      </item>
    </calendarNumbers>
    <cboCostEstimates />
    <subjects>
      <billSubjects>
        <policyArea>
          <name>Emergency Management</name>
        </policyArea>
        <legislativeSubjects>
          <item>
            <name>Commemorative events and holidays</name>
          </item>
          <item>
            <name>Congressional tributes</name>
          </item>
          <item>
            <name>First responders and emergency personnel</name>
          </item>
        </legislativeSubjects>
      </billSubjects>
    </subjects>
    <relatedBills>
      <item>
        <number>56</number>
        <type>HCONRES</type>
        <latestAction>
          <text>Referred to the House Committee on Transportation and Infrastructure.</text>
          <actionDate>2017-05-18</actionDate>
        </latestAction>
        <congress>115</congress>
        <latestTitle>Expressing support for designation of October 28 as "Honoring the Nation's First Responders Day".</latestTitle>
        <relationshipDetails>
          <item>
            <identifiedBy>CRS</identifiedBy>
            <type>Related bill</type>
          </item>
        </relationshipDetails>
      </item>
    </relatedBills>
    <committees>
      <billCommittees>
        <item>
          <systemCode>ssga00</systemCode>
          <name>Homeland Security and Governmental Affairs Committee</name>
          <type>Standing</type>
          <activities>
            <item>
              <name>Reported by</name>
              <date>2017-07-27T16:25:56Z</date>
            </item>
            <item>
              <name>Markup by</name>
              <date>2017-07-26T14:00:54Z</date>
            </item>
            <item>
              <name>Referred to</name>
              <date>2017-05-18T17:45:41Z</date>
            </item>
          </activities>
          <chamber>Senate</chamber>
          <subcommittees />
        </item>
      </billCommittees>
    </committees>
    <titles>
      <item>
        <parentTitleType />
        <chamberCode />
        <titleType>Official Title as Introduced</titleType>
        <chamberName />
        <title>A concurrent resolution expressing support for the designation of October 28, 2017, as "Honoring the Nation's First Responders Day".</title>
      </item>
      <item>
        <parentTitleType />
        <chamberCode />
        <titleType>Display Title</titleType>
        <chamberName />
        <title>A concurrent resolution expressing support for the designation of October 28, 2017, as "Honoring the Nation's First Responders Day".</title>
      </item>
    </titles>
    <sponsors>
      <item>
        <fullName>Sen. Warren, Elizabeth [D-MA]</fullName>
        <middleName>A.</middleName>
        <state>MA</state>
        <byRequestType />
        <firstName>Elizabeth</firstName>
        <bioguideId>W000817</bioguideId>
        <party>D</party>
        <lastName>Warren</lastName>
        <identifiers>
          <lisID>2182</lisID>
          <gpoId />
          <bioguideId>W000817</bioguideId>
        </identifiers>
      </item>
    </sponsors>
    <updateDate>2018-02-06T16:43:54Z</updateDate>
    <amendments />
  </bill>
  <dublinCore xmlns:dc="http://purl.org/dc/elements/1.1/">
    <dc:format>text/xml</dc:format>
    <dc:language>EN</dc:language>
    <dc:rights>Pursuant to Title 17 Section 105 of the United States Code, this file is not subject to copyright protection and is in the public domain.</dc:rights>
    <dc:contributor>Congressional Research Service, Library of Congress</dc:contributor>
    <dc:description>This file contains bill summaries and statuses for federal legislation. A bill summary describes the most significant provisions of a piece of legislation and details the effects the legislative text may have on current law and federal programs. Bill summaries are authored by the Congressional Research Service (CRS) of the Library of Congress. As stated in Public Law 91-510 (2 USC 166 (d)(6)), one of the duties of CRS is "to prepare summaries and digests of bills and resolutions of a public general nature introduced in the Senate or House of Representatives". For more information, refer to the User Guide that accompanies this file.</dc:description>
  </dublinCore>
</billStatus>

