<?xml version="1.0" encoding="UTF-8"?>
<billStatus>
  <bill>
    <cosponsors>
      <item>
        <isOriginalCosponsor>True</isOriginalCosponsor>
        <fullName>Sen. Merkley, Jeff [D-OR]</fullName>
        <middleName />
        <state>OR</state>
        <sponsorshipDate>2017-06-29</sponsorshipDate>
        <firstName>Jeff</firstName>
        <bioguideId>M001176</bioguideId>
        <party>D</party>
        <lastName>Merkley</lastName>
        <sponsorshipWithdrawnDate />
        <identifiers>
          <lisID>1900</lisID>
          <bioguideId>M001176</bioguideId>
          <gpoId>8238</gpoId>
        </identifiers>
      </item>
      <item>
        <isOriginalCosponsor>True</isOriginalCosponsor>
        <fullName>Sen. Cruz, Ted [R-TX]</fullName>
        <middleName />
        <state>TX</state>
        <sponsorshipDate>2017-06-29</sponsorshipDate>
        <firstName>Ted</firstName>
        <bioguideId>C001098</bioguideId>
        <party>R</party>
        <lastName>Cruz</lastName>
        <sponsorshipWithdrawnDate />
        <identifiers>
          <lisID>2175</lisID>
          <bioguideId>C001098</bioguideId>
          <gpoId />
        </identifiers>
      </item>
      <item>
        <isOriginalCosponsor>False</isOriginalCosponsor>
        <fullName>Sen. Durbin, Richard J. [D-IL]</fullName>
        <middleName>J.</middleName>
        <state>IL</state>
        <sponsorshipDate>2017-07-11</sponsorshipDate>
        <firstName>RICHARD</firstName>
        <bioguideId>D000563</bioguideId>
        <party>D</party>
        <lastName>DURBIN</lastName>
        <sponsorshipWithdrawnDate />
        <identifiers>
          <lisID>326</lisID>
          <bioguideId>D000563</bioguideId>
          <gpoId>8326</gpoId>
        </identifiers>
      </item>
    </cosponsors>
    <congress>115</congress>
    <committees>
      <billCommittees>
        <item>
          <systemCode>ssfr00</systemCode>
          <chamber>Senate</chamber>
          <type>Standing</type>
          <activities>
            <item>
              <date>2017-06-29T18:50:25Z</date>
              <name>Referred to</name>
            </item>
          </activities>
          <name>Foreign Relations Committee</name>
          <subcommittees />
        </item>
      </billCommittees>
    </committees>
    <laws />
    <titles>
      <item>
        <chamberCode />
        <chamberName />
        <parentTitleType />
        <titleType>Official Title as Introduced</titleType>
        <title>A concurrent resolution urging the Government of the People's Republic of China to unconditionally release Liu Xiaobo, together with his wife Liu Xia, to allow them to freely meet with friends, family, and counsel and seek medical treatment wherever they desire.</title>
      </item>
      <item>
        <chamberCode />
        <chamberName />
        <parentTitleType />
        <titleType>Display Title</titleType>
        <title>A concurrent resolution urging the Government of the People's Republic of China to unconditionally release Liu Xiaobo, together with his wife Liu Xia, to allow them to freely meet with friends, family, and counsel and seek medical treatment wherever they desire.</title>
      </item>
    </titles>
    <billType>SCONRES</billType>
    <amendments />
    <recordedVotes />
    <actions>
      <item>
        <actionDate>2017-06-29</actionDate>
        <committee>
          <systemCode>ssfr00</systemCode>
          <name>Foreign Relations Committee</name>
        </committee>
        <links>
          <link>
            <url>https://www.congress.gov/congressional-record/volume-163/senate-section/page/S3866</url>
            <name>S3866</name>
          </link>
        </links>
        <sourceSystem>
          <name>Senate</name>
          <code>0</code>
        </sourceSystem>
        <text>Referred to the Committee on Foreign Relations. (text of measure as introduced: CR S3866)</text>
        <type>IntroReferral</type>
      </item>
      <item>
        <links />
        <actionDate>2017-06-29</actionDate>
        <type>IntroReferral</type>
        <text>Introduced in Senate</text>
        <actionCode>10000</actionCode>
        <sourceSystem>
          <name>Library of Congress</name>
          <code>9</code>
        </sourceSystem>
        <committee />
      </item>
      <actionByCounts>
        <senate>2</senate>
      </actionByCounts>
      <actionTypeCounts>
        <introducedInSenate>1</introducedInSenate>
        <referredToCommittee>1</referredToCommittee>
      </actionTypeCounts>
    </actions>
    <introducedDate>2017-06-29</introducedDate>
    <relatedBills>
      <item>
        <type>HCONRES</type>
        <latestAction>
          <text>Received in the Senate and referred to the Committee on Foreign Relations.</text>
          <actionDate>2017-07-10</actionDate>
        </latestAction>
        <latestTitle>Urging the Government of the People's Republic of China to unconditionally release Liu Xiaobo, together with his wife Liu Xia, to allow them to freely meet with friends, family, and counsel and seek medical treatment wherever they desire.</latestTitle>
        <relationshipDetails>
          <item>
            <type>Related bill</type>
            <identifiedBy>CRS</identifiedBy>
          </item>
        </relationshipDetails>
        <congress>115</congress>
        <number>67</number>
      </item>
    </relatedBills>
    <committeeReports />
    <calendarNumbers />
    <billNumber>21</billNumber>
    <summaries>
      <billSummaries>
        <item>
          <versionCode>00</versionCode>
          <updateDate>2017-06-29T04:00:00Z</updateDate>
          <actionDesc>Introduced in Senate</actionDesc>
          <lastSummaryUpdateDate>2017-07-12T21:05:35Z</lastSummaryUpdateDate>
          <actionDate>2017-06-29</actionDate>
          <name>Introduced in Senate</name>
          <text><![CDATA[<p>Recognizes Liu Xiaobo for his decades of peaceful struggle for basic human rights and democracy in the People's Republic of China.</p> <p>Urges the Chinese government to unconditionally release Liu Xiaobo and his wife, Liu Xia, and the President to seek their humanitarian transfer from China so that Liu Xiaobo can seek medical treatment in the United States or elsewhere overseas.</p><ul> </ul>]]></text>
        </item>
      </billSummaries>
    </summaries>
    <cboCostEstimates />
    <updateDate>2018-02-06T16:43:54Z</updateDate>
    <policyArea>
      <name>International Affairs</name>
    </policyArea>
    <latestAction>
      <text>Referred to the Committee on Foreign Relations. (text of measure as introduced: CR S3866)</text>
      <actionDate>2017-06-29</actionDate>
      <links />
    </latestAction>
    <subjects>
      <billSubjects>
        <legislativeSubjects>
          <item>
            <name>Asia</name>
          </item>
          <item>
            <name>China</name>
          </item>
          <item>
            <name>Congressional tributes</name>
          </item>
          <item>
            <name>Detention of persons</name>
          </item>
          <item>
            <name>Human rights</name>
          </item>
          <item>
            <name>Protest and dissent</name>
          </item>
          <item>
            <name>Sovereignty, recognition, national governance and status</name>
          </item>
        </legislativeSubjects>
        <policyArea>
          <name>International Affairs</name>
        </policyArea>
      </billSubjects>
    </subjects>
    <title>A concurrent resolution urging the Government of the People's Republic of China to unconditionally release Liu Xiaobo, together with his wife Liu Xia, to allow them to freely meet with friends, family, and counsel and seek medical treatment wherever they desire.</title>
    <version>1.0.0</version>
    <sponsors>
      <item>
        <byRequestType />
        <party>R</party>
        <fullName>Sen. Rubio, Marco [R-FL]</fullName>
        <bioguideId>R000595</bioguideId>
        <state>FL</state>
        <lastName>Rubio</lastName>
        <middleName />
        <firstName>Marco</firstName>
        <identifiers>
          <lisID>2084</lisID>
          <bioguideId>R000595</bioguideId>
          <gpoId>8242</gpoId>
        </identifiers>
      </item>
    </sponsors>
    <notes />
    <createDate>2017-06-30T00:41:33Z</createDate>
    <originChamber>Senate</originChamber>
  </bill>
  <dublinCore xmlns:dc="http://purl.org/dc/elements/1.1/">
    <dc:format>text/xml</dc:format>
    <dc:language>EN</dc:language>
    <dc:rights>Pursuant to Title 17 Section 105 of the United States Code, this file is not subject to copyright protection and is in the public domain.</dc:rights>
    <dc:contributor>Congressional Research Service, Library of Congress</dc:contributor>
    <dc:description>This file contains bill summaries and statuses for federal legislation. A bill summary describes the most significant provisions of a piece of legislation and details the effects the legislative text may have on current law and federal programs. Bill summaries are authored by the Congressional Research Service (CRS) of the Library of Congress. As stated in Public Law 91-510 (2 USC 166 (d)(6)), one of the duties of CRS is "to prepare summaries and digests of bills and resolutions of a public general nature introduced in the Senate or House of Representatives". For more information, refer to the User Guide that accompanies this file.</dc:description>
  </dublinCore>
</billStatus>

