<?xml version="1.0" encoding="UTF-8"?>
<billStatus>
  <bill>
    <policyArea>
      <name>Arts, Culture, Religion</name>
    </policyArea>
    <committeeReports />
    <congress>115</congress>
    <sponsors>
      <item>
        <identifiers>
          <lisID>2176</lisID>
          <bioguideId>K000384</bioguideId>
          <gpoId />
        </identifiers>
        <middleName />
        <byRequestType />
        <fullName>Sen. Kaine, Tim [D-VA]</fullName>
        <bioguideId>K000384</bioguideId>
        <state>VA</state>
        <party>D</party>
        <firstName>Timothy</firstName>
        <lastName>Kaine</lastName>
      </item>
    </sponsors>
    <calendarNumbers />
    <amendments />
    <relatedBills>
      <item>
        <latestTitle>Designating the George C. Marshall Museum and George C. Marshall Research Library in Lexington, Virginia, as the National George C. Marshall Museum and Library.</latestTitle>
        <number>33</number>
        <congress>115</congress>
        <latestAction>
          <actionDate>2017-06-08</actionDate>
          <text>Received in the Senate and referred to the Committee on Energy and Natural Resources.</text>
        </latestAction>
        <type>HCONRES</type>
        <relationshipDetails>
          <item>
            <type>Related bill</type>
            <identifiedBy>CRS</identifiedBy>
          </item>
        </relationshipDetails>
      </item>
    </relatedBills>
    <notes />
    <originChamber>Senate</originChamber>
    <version>1.0.0</version>
    <billNumber>9</billNumber>
    <title>A concurrent resolution recognizing the George C. Marshall Museum and George C. Marshall Research Library in Lexington, Virginia, as the National George C. Marshall Museum and Library.</title>
    <cosponsors>
      <item>
        <isOriginalCosponsor>True</isOriginalCosponsor>
        <fullName>Sen. Warner, Mark R. [D-VA]</fullName>
        <firstName>Mark</firstName>
        <identifiers>
          <lisID>1897</lisID>
          <bioguideId>W000805</bioguideId>
          <gpoId>8269</gpoId>
        </identifiers>
        <party>D</party>
        <sponsorshipDate>2017-03-15</sponsorshipDate>
        <lastName>Warner</lastName>
        <bioguideId>W000805</bioguideId>
        <state>VA</state>
        <middleName>R.</middleName>
        <sponsorshipWithdrawnDate />
      </item>
    </cosponsors>
    <subjects>
      <billSubjects>
        <legislativeSubjects>
          <item>
            <name>Diplomacy, foreign officials, Americans abroad</name>
          </item>
          <item>
            <name>Libraries and archives</name>
          </item>
          <item>
            <name>Military history</name>
          </item>
          <item>
            <name>Museums, exhibitions, cultural centers</name>
          </item>
          <item>
            <name>U.S. history</name>
          </item>
          <item>
            <name>Virginia</name>
          </item>
        </legislativeSubjects>
        <policyArea>
          <name>Arts, Culture, Religion</name>
        </policyArea>
      </billSubjects>
    </subjects>
    <laws />
    <actions>
      <actionTypeCounts>
        <referredToCommittee>1</referredToCommittee>
        <introducedInSenate>1</introducedInSenate>
      </actionTypeCounts>
      <item>
        <actionDate>2017-03-15</actionDate>
        <committee>
          <systemCode>sseg00</systemCode>
          <name>Energy and Natural Resources Committee</name>
        </committee>
        <links>
          <link>
            <url>https://www.congress.gov/congressional-record/volume-163/senate-section/page/S1847-1848</url>
            <name>S1847-1848</name>
          </link>
          <link>
            <url>https://www.congress.gov/congressional-record/volume-163/senate-section/page/S1848</url>
            <name>S1848</name>
          </link>
        </links>
        <sourceSystem>
          <name>Senate</name>
          <code>0</code>
        </sourceSystem>
        <text>Referred to the Committee on Energy and Natural Resources. (Sponsor introductory remarks on measure: CR S1848; text of measure as introduced: CR S1847-1848)</text>
        <type>IntroReferral</type>
      </item>
      <item>
        <text>Introduced in Senate</text>
        <links />
        <actionDate>2017-03-15</actionDate>
        <committee />
        <sourceSystem>
          <name>Library of Congress</name>
          <code>9</code>
        </sourceSystem>
        <type>IntroReferral</type>
        <actionCode>10000</actionCode>
      </item>
      <actionByCounts>
        <senate>2</senate>
      </actionByCounts>
    </actions>
    <titles>
      <item>
        <chamberName />
        <titleType>Official Title as Introduced</titleType>
        <title>A concurrent resolution recognizing the George C. Marshall Museum and George C. Marshall Research Library in Lexington, Virginia, as the National George C. Marshall Museum and Library.</title>
        <parentTitleType />
        <chamberCode />
      </item>
      <item>
        <chamberName />
        <titleType>Display Title</titleType>
        <title>A concurrent resolution recognizing the George C. Marshall Museum and George C. Marshall Research Library in Lexington, Virginia, as the National George C. Marshall Museum and Library.</title>
        <parentTitleType />
        <chamberCode />
      </item>
    </titles>
    <summaries>
      <billSummaries>
        <item>
          <versionCode>00</versionCode>
          <updateDate>2017-03-15T04:00:00Z</updateDate>
          <actionDesc>Introduced in Senate</actionDesc>
          <lastSummaryUpdateDate>2017-03-23T21:23:43Z</lastSummaryUpdateDate>
          <actionDate>2017-03-15</actionDate>
          <name>Introduced in Senate</name>
          <text><![CDATA[<p>Recognizes the George C. Marshall Museum and George C. Marshall Research Library in Lexington, Virginia, as the &quot;National George C. Marshall Museum and Library.&quot; </p>]]></text>
        </item>
      </billSummaries>
    </summaries>
    <committees>
      <billCommittees>
        <item>
          <name>Energy and Natural Resources Committee</name>
          <chamber>Senate</chamber>
          <type>Standing</type>
          <subcommittees />
          <systemCode>sseg00</systemCode>
          <activities>
            <item>
              <name>Referred to</name>
              <date>2017-03-15T18:20:27Z</date>
            </item>
          </activities>
        </item>
      </billCommittees>
    </committees>
    <introducedDate>2017-03-15</introducedDate>
    <updateDate>2018-02-06T16:43:53Z</updateDate>
    <cboCostEstimates />
    <recordedVotes />
    <billType>SCONRES</billType>
    <createDate>2017-03-16T05:28:13Z</createDate>
    <latestAction>
      <text>Referred to the Committee on Energy and Natural Resources. (Sponsor introductory remarks on measure: CR S1848; text of measure as introduced: CR S1847-1848)</text>
      <links />
      <actionDate>2017-03-15</actionDate>
    </latestAction>
  </bill>
  <dublinCore xmlns:dc="http://purl.org/dc/elements/1.1/">
    <dc:format>text/xml</dc:format>
    <dc:language>EN</dc:language>
    <dc:rights>Pursuant to Title 17 Section 105 of the United States Code, this file is not subject to copyright protection and is in the public domain.</dc:rights>
    <dc:contributor>Congressional Research Service, Library of Congress</dc:contributor>
    <dc:description>This file contains bill summaries and statuses for federal legislation. A bill summary describes the most significant provisions of a piece of legislation and details the effects the legislative text may have on current law and federal programs. Bill summaries are authored by the Congressional Research Service (CRS) of the Library of Congress. As stated in Public Law 91-510 (2 USC 166 (d)(6)), one of the duties of CRS is "to prepare summaries and digests of bills and resolutions of a public general nature introduced in the Senate or House of Representatives". For more information, refer to the User Guide that accompanies this file.</dc:description>
  </dublinCore>
</billStatus>

