<?xml version="1.0" encoding="UTF-8"?>
<billStatus>
  <bill>
    <notes />
    <titles>
      <item>
        <title>A concurrent resolution expressing the sense of Congress that the United States should withdraw from the Paris Agreement, adopted in December 2015.</title>
        <titleType>Official Title as Introduced</titleType>
        <parentTitleType />
        <chamberName />
        <chamberCode />
      </item>
      <item>
        <title>A concurrent resolution expressing the sense of Congress that the United States should withdraw from the Paris Agreement, adopted in December 2015.</title>
        <titleType>Display Title</titleType>
        <parentTitleType />
        <chamberName />
        <chamberCode />
      </item>
    </titles>
    <createDate>2017-05-23T00:26:37Z</createDate>
    <title>A concurrent resolution expressing the sense of Congress that the United States should withdraw from the Paris Agreement, adopted in December 2015.</title>
    <subjects>
      <billSubjects>
        <policyArea>
          <name>International Affairs</name>
        </policyArea>
        <legislativeSubjects>
          <item>
            <name>Air quality</name>
          </item>
          <item>
            <name>Climate change and greenhouse gases</name>
          </item>
          <item>
            <name>International law and treaties</name>
          </item>
        </legislativeSubjects>
      </billSubjects>
    </subjects>
    <laws />
    <relatedBills>
      <item>
        <type>HCONRES</type>
        <latestAction>
          <text>Referred to the House Committee on Foreign Affairs.</text>
          <actionDate>2017-05-18</actionDate>
        </latestAction>
        <relationshipDetails>
          <item>
            <type>Identical bill</type>
            <identifiedBy>CRS</identifiedBy>
          </item>
        </relationshipDetails>
        <latestTitle>Expressing the sense of Congress that the United States should withdraw from the Paris Agreement, adopted in December 2015.</latestTitle>
        <congress>115</congress>
        <number>55</number>
      </item>
    </relatedBills>
    <recordedVotes />
    <updateDate>2018-03-02T05:44:06Z</updateDate>
    <congress>115</congress>
    <sponsors>
      <item>
        <identifiers>
          <bioguideId>P000603</bioguideId>
          <lisID>2082</lisID>
          <gpoId>8308</gpoId>
        </identifiers>
        <middleName />
        <bioguideId>P000603</bioguideId>
        <firstName>Rand</firstName>
        <byRequestType />
        <state>KY</state>
        <fullName>Sen. Paul, Rand [R-KY]</fullName>
        <lastName>Paul</lastName>
        <party>R</party>
      </item>
    </sponsors>
    <committeeReports />
    <actions>
      <actionByCounts>
        <senate>2</senate>
      </actionByCounts>
      <actionTypeCounts>
        <referredToCommittee>1</referredToCommittee>
        <introducedInSenate>1</introducedInSenate>
      </actionTypeCounts>
      <item>
        <actionDate>2017-05-22</actionDate>
        <committee>
          <systemCode>ssfr00</systemCode>
          <name>Foreign Relations Committee</name>
        </committee>
        <links>
          <link>
            <url>https://www.congress.gov/congressional-record/volume-163/senate-section/page/S3072</url>
            <name>S3072</name>
          </link>
        </links>
        <sourceSystem>
          <name>Senate</name>
          <code>0</code>
        </sourceSystem>
        <text>Referred to the Committee on Foreign Relations. (text of measure as introduced: CR S3072)</text>
        <type>IntroReferral</type>
      </item>
      <item>
        <sourceSystem>
          <name>Library of Congress</name>
          <code>9</code>
        </sourceSystem>
        <links />
        <committee />
        <text>Introduced in Senate</text>
        <type>IntroReferral</type>
        <actionCode>10000</actionCode>
        <actionDate>2017-05-22</actionDate>
      </item>
    </actions>
    <introducedDate>2017-05-22</introducedDate>
    <billType>SCONRES</billType>
    <policyArea>
      <name>International Affairs</name>
    </policyArea>
    <cosponsors>
      <item>
        <fullName>Sen. Inhofe, James M. [R-OK]</fullName>
        <middleName />
        <party>R</party>
        <isOriginalCosponsor>True</isOriginalCosponsor>
        <firstName>JIM</firstName>
        <bioguideId>I000024</bioguideId>
        <sponsorshipDate>2017-05-22</sponsorshipDate>
        <sponsorshipWithdrawnDate />
        <state>OK</state>
        <lastName>INHOFE</lastName>
        <identifiers>
          <gpoId>8322</gpoId>
          <lisID>583</lisID>
          <bioguideId>I000024</bioguideId>
        </identifiers>
      </item>
      <item>
        <fullName>Sen. Wicker, Roger F. [R-MS]</fullName>
        <middleName>F.</middleName>
        <party>R</party>
        <isOriginalCosponsor>True</isOriginalCosponsor>
        <firstName>ROGER</firstName>
        <bioguideId>W000437</bioguideId>
        <sponsorshipDate>2017-05-22</sponsorshipDate>
        <sponsorshipWithdrawnDate />
        <state>MS</state>
        <lastName>WICKER</lastName>
        <identifiers>
          <bioguideId>W000437</bioguideId>
          <lisID>1226</lisID>
          <gpoId>8263</gpoId>
        </identifiers>
      </item>
      <item>
        <fullName>Sen. Risch, James E. [R-ID]</fullName>
        <middleName>E.</middleName>
        <party>R</party>
        <isOriginalCosponsor>True</isOriginalCosponsor>
        <firstName>James</firstName>
        <bioguideId>R000584</bioguideId>
        <sponsorshipDate>2017-05-22</sponsorshipDate>
        <sponsorshipWithdrawnDate />
        <state>ID</state>
        <lastName>Risch</lastName>
        <identifiers>
          <lisID>1896</lisID>
          <bioguideId>R000584</bioguideId>
          <gpoId>8274</gpoId>
        </identifiers>
      </item>
      <item>
        <fullName>Sen. Enzi, Michael B. [R-WY]</fullName>
        <middleName>B.</middleName>
        <party>R</party>
        <isOriginalCosponsor>True</isOriginalCosponsor>
        <firstName>MICHAEL</firstName>
        <bioguideId>E000285</bioguideId>
        <sponsorshipDate>2017-05-22</sponsorshipDate>
        <sponsorshipWithdrawnDate />
        <state>WY</state>
        <lastName>ENZI</lastName>
        <identifiers>
          <bioguideId>E000285</bioguideId>
          <gpoId>8328</gpoId>
          <lisID>1542</lisID>
        </identifiers>
      </item>
      <item>
        <fullName>Sen. Hatch, Orrin G. [R-UT]</fullName>
        <middleName>GRANT</middleName>
        <party>R</party>
        <isOriginalCosponsor>True</isOriginalCosponsor>
        <firstName>ORRIN</firstName>
        <bioguideId>H000338</bioguideId>
        <sponsorshipDate>2017-05-22</sponsorshipDate>
        <sponsorshipWithdrawnDate />
        <state>UT</state>
        <lastName>HATCH</lastName>
        <identifiers>
          <bioguideId>H000338</bioguideId>
          <lisID>1351</lisID>
          <gpoId>8314</gpoId>
        </identifiers>
      </item>
      <item>
        <fullName>Sen. Cruz, Ted [R-TX]</fullName>
        <middleName />
        <party>R</party>
        <isOriginalCosponsor>True</isOriginalCosponsor>
        <firstName>Ted</firstName>
        <bioguideId>C001098</bioguideId>
        <sponsorshipDate>2017-05-22</sponsorshipDate>
        <sponsorshipWithdrawnDate />
        <state>TX</state>
        <lastName>Cruz</lastName>
        <identifiers>
          <gpoId />
          <lisID>2175</lisID>
          <bioguideId>C001098</bioguideId>
        </identifiers>
      </item>
    </cosponsors>
    <version>1.0.0</version>
    <amendments />
    <billNumber>17</billNumber>
    <cboCostEstimates />
    <originChamber>Senate</originChamber>
    <committees>
      <billCommittees>
        <item>
          <activities>
            <item>
              <name>Referred to</name>
              <date>2017-05-22T22:25:15Z</date>
            </item>
          </activities>
          <chamber>Senate</chamber>
          <subcommittees />
          <systemCode>ssfr00</systemCode>
          <name>Foreign Relations Committee</name>
          <type>Standing</type>
        </item>
      </billCommittees>
    </committees>
    <calendarNumbers />
    <latestAction>
      <text>Referred to the Committee on Foreign Relations. (text of measure as introduced: CR S3072)</text>
      <actionDate>2017-05-22</actionDate>
      <links />
    </latestAction>
    <summaries>
      <billSummaries>
        <item>
          <name>Introduced in Senate</name>
          <versionCode>00</versionCode>
          <actionDate>2017-05-22</actionDate>
          <updateDate>2017-05-22T04:00:00Z</updateDate>
          <lastSummaryUpdateDate>2017-09-15T22:23:30Z</lastSummaryUpdateDate>
          <text><![CDATA[<p> Expresses the sense of Congress that the United States should withdraw from the Paris Agreement on climate change, adopted in December 2015.</p>]]></text>
          <actionDesc>Introduced in Senate</actionDesc>
        </item>
      </billSummaries>
    </summaries>
  </bill>
  <dublinCore xmlns:dc="http://purl.org/dc/elements/1.1/">
    <dc:format>text/xml</dc:format>
    <dc:language>EN</dc:language>
    <dc:rights>Pursuant to Title 17 Section 105 of the United States Code, this file is not subject to copyright protection and is in the public domain.</dc:rights>
    <dc:contributor>Congressional Research Service, Library of Congress</dc:contributor>
    <dc:description>This file contains bill summaries and statuses for federal legislation. A bill summary describes the most significant provisions of a piece of legislation and details the effects the legislative text may have on current law and federal programs. Bill summaries are authored by the Congressional Research Service (CRS) of the Library of Congress. As stated in Public Law 91-510 (2 USC 166 (d)(6)), one of the duties of CRS is "to prepare summaries and digests of bills and resolutions of a public general nature introduced in the Senate or House of Representatives". For more information, refer to the User Guide that accompanies this file.</dc:description>
  </dublinCore>
</billStatus>

