<?xml version="1.0" encoding="UTF-8"?>
<billStatus>
  <bill>
    <titles>
      <item>
        <title>A concurrent resolution to provide for the counting on January 6, 2017, of the electoral votes for President and Vice President of the United States.</title>
        <titleType>Official Title as Introduced</titleType>
        <parentTitleType />
        <chamberCode />
        <chamberName />
      </item>
      <item>
        <title>A concurrent resolution to provide for the counting on January 6, 2017, of the electoral votes for President and Vice President of the United States.</title>
        <titleType>Display Title</titleType>
        <parentTitleType />
        <chamberCode />
        <chamberName />
      </item>
    </titles>
    <committeeReports />
    <sponsors>
      <item>
        <firstName>MITCH</firstName>
        <identifiers>
          <gpoId>8254</gpoId>
          <bioguideId>M000355</bioguideId>
          <lisID>1395</lisID>
        </identifiers>
        <party>R</party>
        <bioguideId>M000355</bioguideId>
        <lastName>MCCONNELL</lastName>
        <fullName>Sen. McConnell, Mitch [R-KY]</fullName>
        <byRequestType />
        <middleName />
        <state>KY</state>
      </item>
    </sponsors>
    <title>A concurrent resolution to provide for the counting on January 6, 2017, of the electoral votes for President and Vice President of the United States.</title>
    <actions>
      <item>
        <committee />
        <sourceSystem>
          <code>2</code>
          <name>House floor actions</name>
        </sourceSystem>
        <actionDate>2017-01-03</actionDate>
        <text>Motion to reconsider laid on the table Agreed to without objection.</text>
        <actionTime>18:07:13</actionTime>
        <links />
        <actionCode>H38310</actionCode>
        <type>Floor</type>
      </item>
      <item>
        <committee />
        <sourceSystem>
          <code>2</code>
          <name>House floor actions</name>
        </sourceSystem>
        <actionDate>2017-01-03</actionDate>
        <text>On agreeing to the resolution Agreed to by voice vote. (text: CR H36)</text>
        <actionTime>18:07:08</actionTime>
        <links>
          <link>
            <url>https://www.congress.gov/congressional-record/volume-163/house-section/page/H36</url>
            <name>H36</name>
          </link>
        </links>
        <actionCode>H37100</actionCode>
        <type>Floor</type>
      </item>
      <item>
        <committee />
        <sourceSystem>
          <code>9</code>
          <name>Library of Congress</name>
        </sourceSystem>
        <actionDate>2017-01-03</actionDate>
        <text>Passed/agreed to in House: On agreeing to the resolution Agreed to by voice vote.(text: CR H36)</text>
        <actionTime>18:07:08</actionTime>
        <links>
          <link>
            <url>https://www.congress.gov/congressional-record/volume-163/house-section/page/H36</url>
            <name>H36</name>
          </link>
        </links>
        <actionCode>8000</actionCode>
        <type>Floor</type>
      </item>
      <item>
        <committee />
        <sourceSystem>
          <code>2</code>
          <name>House floor actions</name>
        </sourceSystem>
        <actionDate>2017-01-03</actionDate>
        <text>Considered as privileged matter. (consideration: CR H36)</text>
        <actionTime>18:05:57</actionTime>
        <links>
          <link>
            <url>https://www.congress.gov/congressional-record/volume-163/house-section/page/H36</url>
            <name>H36</name>
          </link>
        </links>
        <actionCode>H30000</actionCode>
        <type>Floor</type>
      </item>
      <item>
        <committee />
        <sourceSystem>
          <code>2</code>
          <name>House floor actions</name>
        </sourceSystem>
        <actionDate>2017-01-03</actionDate>
        <text>Held at the desk.</text>
        <actionTime>16:55:04</actionTime>
        <links />
        <actionCode>H15000</actionCode>
        <type>Floor</type>
      </item>
      <item>
        <actionDate>2017-01-03</actionDate>
        <committee />
        <links />
        <sourceSystem>
          <code>0</code>
          <name>Senate</name>
        </sourceSystem>
        <text>Message on Senate action sent to the House.</text>
        <type>Floor</type>
      </item>
      <item>
        <committee />
        <sourceSystem>
          <code>2</code>
          <name>House floor actions</name>
        </sourceSystem>
        <actionDate>2017-01-03</actionDate>
        <text>Received in the House.</text>
        <actionTime>15:59:50</actionTime>
        <links />
        <actionCode>H14000</actionCode>
        <type>Floor</type>
      </item>
      <item>
        <actionDate>2017-01-03</actionDate>
        <committee />
        <links>
          <link>
            <url>https://www.congress.gov/congressional-record/volume-163/senate-section/page/S23</url>
            <name>S23</name>
          </link>
          <link>
            <url>https://www.congress.gov/congressional-record/volume-163/senate-section/page/S6-7</url>
            <name>S6-7</name>
          </link>
          <link>
            <url>https://www.congress.gov/congressional-record/volume-163/senate-section/page/S7</url>
            <name>S7</name>
          </link>
        </links>
        <sourceSystem>
          <code>0</code>
          <name>Senate</name>
        </sourceSystem>
        <text>Submitted in the Senate, considered, and agreed to without amendment by Unanimous Consent. (consideration: CR S6-7, S23; text as passed Senate: CR S7, S23)</text>
        <type>Floor</type>
      </item>
      <item>
        <committee />
        <sourceSystem>
          <code>9</code>
          <name>Library of Congress</name>
        </sourceSystem>
        <actionDate>2017-01-03</actionDate>
        <text>Passed/agreed to in Senate: Submitted in the Senate, considered, and agreed to without amendment by Unanimous Consent.(consideration: CR S6-7, S23; text as passed Senate: CR S7, S23)</text>
        <links>
          <link>
            <url>https://www.congress.gov/congressional-record/volume-163/senate-section/page/S23</url>
            <name>S23</name>
          </link>
          <link>
            <url>https://www.congress.gov/congressional-record/volume-163/senate-section/page/S6-7</url>
            <name>S6-7</name>
          </link>
          <link>
            <url>https://www.congress.gov/congressional-record/volume-163/senate-section/page/S7</url>
            <name>S7</name>
          </link>
        </links>
        <type>Floor</type>
        <actionCode>17000</actionCode>
      </item>
      <item>
        <committee />
        <sourceSystem>
          <code>9</code>
          <name>Library of Congress</name>
        </sourceSystem>
        <actionDate>2017-01-03</actionDate>
        <text>Introduced in Senate</text>
        <links />
        <type>IntroReferral</type>
        <actionCode>10000</actionCode>
      </item>
      <actionByCounts>
        <houseOfRepresentatives>6</houseOfRepresentatives>
        <senate>4</senate>
      </actionByCounts>
      <actionTypeCounts>
        <motionToReconsiderResults>1</motionToReconsiderResults>
        <passedAgreedToInHouse>1</passedAgreedToInHouse>
        <passedOrAgreedToInSenateDayOf>1</passedOrAgreedToInSenateDayOf>
        <considerationByHouse>1</considerationByHouse>
        <heldAtTheDesk>1</heldAtTheDesk>
        <passedAgreedToInSenate>1</passedAgreedToInSenate>
        <passageOfAMeasure>1</passageOfAMeasure>
        <receivedInTheHouse>1</receivedInTheHouse>
        <introducedInSenate>1</introducedInSenate>
        <sentToHouse>1</sentToHouse>
      </actionTypeCounts>
    </actions>
    <summaries>
      <billSummaries>
        <item>
          <versionCode>00</versionCode>
          <updateDate>2017-01-03T05:00:00Z</updateDate>
          <actionDesc>Introduced in Senate</actionDesc>
          <lastSummaryUpdateDate>2017-01-27T14:55:07Z</lastSummaryUpdateDate>
          <actionDate>2017-01-03</actionDate>
          <name>Introduced in Senate</name>
          <text><![CDATA[<p>Provides for the counting of the electoral votes for President and Vice President of the United States. </p>]]></text>
        </item>
        <item>
          <versionCode>81</versionCode>
          <updateDate>2017-01-03T14:30:59Z</updateDate>
          <actionDesc>Passed House without amendment</actionDesc>
          <lastSummaryUpdateDate>2017-02-06T19:36:08Z</lastSummaryUpdateDate>
          <actionDate>2017-01-03</actionDate>
          <name>Passed House without amendment</name>
          <text><![CDATA[<p>(This measure has not been amended since it was introduced. The summary of that version is repeated here.)</p> <p>Provides for the counting of the electoral votes for President and Vice President of the United States. </p>]]></text>
        </item>
      </billSummaries>
    </summaries>
    <recordedVotes />
    <billNumber>2</billNumber>
    <calendarNumbers />
    <cosponsors />
    <version>1.0.0</version>
    <subjects>
      <billSubjects>
        <legislativeSubjects>
          <item>
            <name>Congress</name>
          </item>
          <item>
            <name>Congressional operations and organization</name>
          </item>
          <item>
            <name>Elections, voting, political campaign regulation</name>
          </item>
          <item>
            <name>Presidents and presidential powers, Vice Presidents</name>
          </item>
        </legislativeSubjects>
        <policyArea>
          <name>Government Operations and Politics</name>
        </policyArea>
      </billSubjects>
    </subjects>
    <latestAction>
      <actionTime>18:07:13</actionTime>
      <text>Motion to reconsider laid on the table Agreed to without objection.</text>
      <links />
      <actionDate>2017-01-03</actionDate>
    </latestAction>
    <originChamber>Senate</originChamber>
    <laws />
    <notes />
    <createDate>2017-01-04T04:47:42Z</createDate>
    <billType>SCONRES</billType>
    <updateDate>2018-02-06T16:43:51Z</updateDate>
    <policyArea>
      <name>Government Operations and Politics</name>
    </policyArea>
    <cboCostEstimates />
    <introducedDate>2017-01-03</introducedDate>
    <amendments />
    <relatedBills />
    <congress>115</congress>
    <committees>
      <billCommittees />
    </committees>
  </bill>
  <dublinCore xmlns:dc="http://purl.org/dc/elements/1.1/">
    <dc:format>text/xml</dc:format>
    <dc:language>EN</dc:language>
    <dc:rights>Pursuant to Title 17 Section 105 of the United States Code, this file is not subject to copyright protection and is in the public domain.</dc:rights>
    <dc:contributor>Congressional Research Service, Library of Congress</dc:contributor>
    <dc:description>This file contains bill summaries and statuses for federal legislation. A bill summary describes the most significant provisions of a piece of legislation and details the effects the legislative text may have on current law and federal programs. Bill summaries are authored by the Congressional Research Service (CRS) of the Library of Congress. As stated in Public Law 91-510 (2 USC 166 (d)(6)), one of the duties of CRS is "to prepare summaries and digests of bills and resolutions of a public general nature introduced in the Senate or House of Representatives". For more information, refer to the User Guide that accompanies this file.</dc:description>
  </dublinCore>
</billStatus>

