<?xml version="1.0" encoding="UTF-8"?>
<billStatus>
  <bill>
    <committeeReports />
    <originChamber>Senate</originChamber>
    <billNumber>24</billNumber>
    <actions>
      <item>
        <links />
        <actionDate>2017-09-08</actionDate>
        <type>Floor</type>
        <text>Motion to reconsider laid on the table Agreed to without objection.</text>
        <actionCode>H38310</actionCode>
        <sourceSystem>
          <name>House floor actions</name>
          <code>2</code>
        </sourceSystem>
        <actionTime>10:58:09</actionTime>
        <committee />
      </item>
      <item>
        <links>
          <link>
            <url>https://www.congress.gov/congressional-record/volume-163/house-section/page/H7200-7201</url>
            <name>H7200-7201</name>
          </link>
        </links>
        <actionDate>2017-09-08</actionDate>
        <type>Floor</type>
        <text>On agreeing to the resolution Agreed to without objection. (text: CR H7200-7201)</text>
        <actionCode>H37100</actionCode>
        <sourceSystem>
          <name>House floor actions</name>
          <code>2</code>
        </sourceSystem>
        <actionTime>10:58:05</actionTime>
        <committee />
      </item>
      <item>
        <links />
        <actionDate>2017-09-08</actionDate>
        <type>Floor</type>
        <text>Passed/agreed to in House: On agreeing to the resolution Agreed to without objection.</text>
        <actionCode>8000</actionCode>
        <sourceSystem>
          <name>Library of Congress</name>
          <code>9</code>
        </sourceSystem>
        <actionTime>10:58:05</actionTime>
        <committee />
      </item>
      <item>
        <links>
          <link>
            <url>https://www.congress.gov/congressional-record/volume-163/house-section/page/H7200-7201</url>
            <name>H7200-7201</name>
          </link>
        </links>
        <actionDate>2017-09-08</actionDate>
        <type>Floor</type>
        <text>Considered by unanimous consent. (consideration: CR H7200-7201)</text>
        <actionCode>H30000</actionCode>
        <sourceSystem>
          <name>House floor actions</name>
          <code>2</code>
        </sourceSystem>
        <actionTime>10:58:00</actionTime>
        <committee />
      </item>
      <item>
        <links />
        <actionDate>2017-09-08</actionDate>
        <type>Floor</type>
        <text>Mr. Calvert asked unanimous consent to take from the Speaker's table and consider.</text>
        <actionCode>H30200</actionCode>
        <sourceSystem>
          <name>House floor actions</name>
          <code>2</code>
        </sourceSystem>
        <actionTime>10:57:34</actionTime>
        <committee />
      </item>
      <item>
        <links />
        <actionDate>2017-09-07</actionDate>
        <type>Floor</type>
        <text>Held at the desk.</text>
        <actionCode>H15000</actionCode>
        <sourceSystem>
          <name>House floor actions</name>
          <code>2</code>
        </sourceSystem>
        <actionTime>19:11:01</actionTime>
        <committee />
      </item>
      <item>
        <actionDate>2017-09-07</actionDate>
        <committee />
        <links />
        <sourceSystem>
          <name>Senate</name>
          <code>0</code>
        </sourceSystem>
        <text>Message on Senate action sent to the House.</text>
        <type>Floor</type>
      </item>
      <item>
        <links />
        <actionDate>2017-09-07</actionDate>
        <type>Floor</type>
        <text>Received in the House.</text>
        <actionCode>H14000</actionCode>
        <sourceSystem>
          <name>House floor actions</name>
          <code>2</code>
        </sourceSystem>
        <actionTime>18:44:28</actionTime>
        <committee />
      </item>
      <item>
        <actionDate>2017-09-07</actionDate>
        <committee />
        <links>
          <link>
            <url>https://www.congress.gov/congressional-record/volume-163/senate-section/page/S5061-5062</url>
            <name>S5061-5062</name>
          </link>
          <link>
            <url>https://www.congress.gov/congressional-record/volume-163/senate-section/page/S5077</url>
            <name>S5077</name>
          </link>
        </links>
        <sourceSystem>
          <name>Senate</name>
          <code>0</code>
        </sourceSystem>
        <text>Submitted in the Senate, considered, and agreed to without amendment by Unanimous Consent. (consideration: CR S5077; text as passed Senate: CR S5061-5062)</text>
        <type>Floor</type>
      </item>
      <item>
        <links />
        <actionDate>2017-09-07</actionDate>
        <type>Floor</type>
        <text>Passed/agreed to in Senate: Submitted in the Senate, considered, and agreed to without amendment by Unanimous Consent.</text>
        <actionCode>17000</actionCode>
        <sourceSystem>
          <name>Library of Congress</name>
          <code>9</code>
        </sourceSystem>
        <committee />
      </item>
      <item>
        <links />
        <actionDate>2017-09-07</actionDate>
        <type>IntroReferral</type>
        <text>Introduced in Senate</text>
        <actionCode>10000</actionCode>
        <sourceSystem>
          <name>Library of Congress</name>
          <code>9</code>
        </sourceSystem>
        <committee />
      </item>
      <actionByCounts>
        <houseOfRepresentatives>7</houseOfRepresentatives>
        <senate>4</senate>
      </actionByCounts>
      <actionTypeCounts>
        <sentToHouse>1</sentToHouse>
        <passedOrAgreedToInSenateDayOf>1</passedOrAgreedToInSenateDayOf>
        <introducedInSenate>1</introducedInSenate>
        <passageOfAMeasure>1</passageOfAMeasure>
        <motionToReconsiderResults>1</motionToReconsiderResults>
        <receivedInTheHouse>1</receivedInTheHouse>
        <unanimousConsentRequestToConsider>1</unanimousConsentRequestToConsider>
        <heldAtTheDesk>1</heldAtTheDesk>
        <considerationByHouse>1</considerationByHouse>
        <passedAgreedToInHouse>1</passedAgreedToInHouse>
        <passedAgreedToInSenate>1</passedAgreedToInSenate>
      </actionTypeCounts>
    </actions>
    <calendarNumbers />
    <updateDate>2018-02-06T16:43:54Z</updateDate>
    <cosponsors />
    <notes />
    <subjects>
      <billSubjects>
        <policyArea>
          <name>Economics and Public Finance</name>
        </policyArea>
        <legislativeSubjects />
      </billSubjects>
    </subjects>
    <committees>
      <billCommittees />
    </committees>
    <version>1.0.0</version>
    <recordedVotes />
    <policyArea>
      <name>Economics and Public Finance</name>
    </policyArea>
    <cboCostEstimates />
    <introducedDate>2017-09-07</introducedDate>
    <title>Providing for a correction in the enrollment of H.R. 601.</title>
    <amendments />
    <congress>115</congress>
    <billType>SCONRES</billType>
    <createDate>2017-09-08T10:26:38Z</createDate>
    <sponsors>
      <item>
        <lastName>MCCONNELL</lastName>
        <party>R</party>
        <state>KY</state>
        <bioguideId>M000355</bioguideId>
        <middleName />
        <byRequestType />
        <fullName>Sen. McConnell, Mitch [R-KY]</fullName>
        <firstName>MITCH</firstName>
        <identifiers>
          <gpoId>8254</gpoId>
          <bioguideId>M000355</bioguideId>
          <lisID>1395</lisID>
        </identifiers>
      </item>
    </sponsors>
    <latestAction>
      <actionTime>10:58:09</actionTime>
      <text>Motion to reconsider laid on the table Agreed to without objection.</text>
      <links />
      <actionDate>2017-09-08</actionDate>
    </latestAction>
    <relatedBills>
      <item>
        <relationshipDetails>
          <item>
            <identifiedBy>House</identifiedBy>
            <type>Related bill</type>
          </item>
        </relationshipDetails>
        <latestAction>
          <actionDate>2017-09-08</actionDate>
          <text>Became Public Law No: 115-56.</text>
        </latestAction>
        <type>HR</type>
        <number>601</number>
        <latestTitle>Continuing Appropriations Act, 2018 and Supplemental Appropriations for Disaster Relief Requirements Act, 2017</latestTitle>
        <congress>115</congress>
      </item>
    </relatedBills>
    <laws />
    <titles>
      <item>
        <chamberCode />
        <titleType>Official Title as Introduced</titleType>
        <parentTitleType />
        <chamberName />
        <title>Providing for a correction in the enrollment of H.R. 601.</title>
      </item>
      <item>
        <chamberCode />
        <titleType>Display Title</titleType>
        <parentTitleType />
        <chamberName />
        <title>Providing for a correction in the enrollment of H.R. 601.</title>
      </item>
      <item>
        <chamberCode>S</chamberCode>
        <titleType>(Extracted from GPO) Short Titles as Passed Senate</titleType>
        <parentTitleType />
        <chamberName>Senate</chamberName>
        <title>Continuing Appropriations Act, 2018 and Supplemental Appropriations for Disaster Relief Requirements Act, 2017</title>
      </item>
    </titles>
    <summaries>
      <billSummaries>
        <item>
          <versionCode>00</versionCode>
          <updateDate>2017-09-07T04:00:00Z</updateDate>
          <actionDate>2017-09-07</actionDate>
          <text><![CDATA[<p>Directs the Clerk of the House of Representatives to make specified corrections in the enrollment of H.R. 601 (Continuing Appropriations Act, 2018 and Supplemental Appropriations for Disaster Relief Requirements Act, 2017).</p>]]></text>
          <actionDesc>Introduced in Senate</actionDesc>
          <lastSummaryUpdateDate>2017-09-22T21:59:02Z</lastSummaryUpdateDate>
          <name>Introduced in Senate</name>
        </item>
        <item>
          <versionCode>82</versionCode>
          <updateDate>2017-09-07T15:22:17Z</updateDate>
          <actionDate>2017-09-07</actionDate>
          <text><![CDATA[<p>(This measure has not been amended since it was introduced. The summary of that version is repeated here.)</p> <p>Directs the Clerk of the House of Representatives to make specified corrections in the enrollment of H.R. 601 (Continuing Appropriations Act, 2018 and Supplemental Appropriations for Disaster Relief Requirements Act, 2017).</p>]]></text>
          <actionDesc>Passed Senate without amendment</actionDesc>
          <lastSummaryUpdateDate>2017-09-22T22:04:22Z</lastSummaryUpdateDate>
          <name>Passed Senate without amendment</name>
        </item>
        <item>
          <versionCode>81</versionCode>
          <updateDate>2017-09-08T11:44:22Z</updateDate>
          <actionDate>2017-09-08</actionDate>
          <text><![CDATA[<p>(This measure has not been amended since it was introduced. The summary of that version is repeated here.)</p> <p>Directs the Clerk of the House of Representatives to make specified corrections in the enrollment of H.R. 601 (Continuing Appropriations Act, 2018 and Supplemental Appropriations for Disaster Relief Requirements Act, 2017).</p>]]></text>
          <actionDesc>Passed House without amendment</actionDesc>
          <lastSummaryUpdateDate>2017-09-22T22:08:11Z</lastSummaryUpdateDate>
          <name>Passed House without amendment</name>
        </item>
      </billSummaries>
    </summaries>
  </bill>
  <dublinCore xmlns:dc="http://purl.org/dc/elements/1.1/">
    <dc:format>text/xml</dc:format>
    <dc:language>EN</dc:language>
    <dc:rights>Pursuant to Title 17 Section 105 of the United States Code, this file is not subject to copyright protection and is in the public domain.</dc:rights>
    <dc:contributor>Congressional Research Service, Library of Congress</dc:contributor>
    <dc:description>This file contains bill summaries and statuses for federal legislation. A bill summary describes the most significant provisions of a piece of legislation and details the effects the legislative text may have on current law and federal programs. Bill summaries are authored by the Congressional Research Service (CRS) of the Library of Congress. As stated in Public Law 91-510 (2 USC 166 (d)(6)), one of the duties of CRS is "to prepare summaries and digests of bills and resolutions of a public general nature introduced in the Senate or House of Representatives". For more information, refer to the User Guide that accompanies this file.</dc:description>
  </dublinCore>
</billStatus>

