<?xml version="1.0" encoding="UTF-8"?>
<billStatus>
  <bill>
    <calendarNumbers />
    <billNumber>31</billNumber>
    <title>A concurrent resolution authorizing the use of the rotunda of the Capitol for a ceremony to award the Congressional Gold Medal to Bob Dole.</title>
    <congress>115</congress>
    <titles>
      <item>
        <titleType>Official Title as Introduced</titleType>
        <parentTitleType />
        <chamberCode />
        <title>A concurrent resolution authorizing the use of the rotunda of the Capitol for a ceremony to award the Congressional Gold Medal to Bob Dole.</title>
        <chamberName />
      </item>
      <item>
        <titleType>Display Title</titleType>
        <parentTitleType />
        <chamberCode />
        <title>A concurrent resolution authorizing the use of the rotunda of the Capitol for a ceremony to award the Congressional Gold Medal to Bob Dole.</title>
        <chamberName />
      </item>
    </titles>
    <relatedBills />
    <sponsors>
      <item>
        <byRequestType />
        <party>R</party>
        <bioguideId>R000307</bioguideId>
        <firstName>PAT</firstName>
        <fullName>Sen. Roberts, Pat [R-KS]</fullName>
        <middleName />
        <state>KS</state>
        <identifiers>
          <bioguideId>R000307</bioguideId>
          <lisID>968</lisID>
          <gpoId>8275</gpoId>
        </identifiers>
        <lastName>ROBERTS</lastName>
      </item>
    </sponsors>
    <createDate>2017-12-20T07:11:04Z</createDate>
    <originChamber>Senate</originChamber>
    <updateDate>2018-02-16T04:50:48Z</updateDate>
    <notes />
    <policyArea>
      <name>Congress</name>
    </policyArea>
    <cosponsors />
    <committeeReports />
    <cboCostEstimates />
    <laws />
    <committees>
      <billCommittees />
    </committees>
    <subjects>
      <billSubjects>
        <legislativeSubjects />
        <policyArea>
          <name>Congress</name>
        </policyArea>
      </billSubjects>
    </subjects>
    <version>1.0.0</version>
    <billType>SCONRES</billType>
    <latestAction>
      <actionDate>2017-12-21</actionDate>
      <links />
      <text>Motion to reconsider laid on the table Agreed to without objection.</text>
      <actionTime>14:28:36</actionTime>
    </latestAction>
    <actions>
      <actionByCounts>
        <houseOfRepresentatives>7</houseOfRepresentatives>
        <senate>4</senate>
      </actionByCounts>
      <actionTypeCounts>
        <motionToReconsiderResults>1</motionToReconsiderResults>
        <passedOrAgreedToInSenateDayOf>1</passedOrAgreedToInSenateDayOf>
        <passedAgreedToInSenate>1</passedAgreedToInSenate>
        <considerationByHouse>1</considerationByHouse>
        <unanimousConsentRequestToConsider>1</unanimousConsentRequestToConsider>
        <sentToHouse>1</sentToHouse>
        <heldAtTheDesk>1</heldAtTheDesk>
        <passageOfAMeasure>1</passageOfAMeasure>
        <receivedInTheHouse>1</receivedInTheHouse>
        <passedAgreedToInHouse>1</passedAgreedToInHouse>
        <introducedInSenate>1</introducedInSenate>
      </actionTypeCounts>
      <item>
        <actionCode>H38310</actionCode>
        <links />
        <text>Motion to reconsider laid on the table Agreed to without objection.</text>
        <actionTime>14:28:36</actionTime>
        <type>Floor</type>
        <committee />
        <sourceSystem>
          <code>2</code>
          <name>House floor actions</name>
        </sourceSystem>
        <actionDate>2017-12-21</actionDate>
      </item>
      <item>
        <actionCode>H37100</actionCode>
        <links>
          <link>
            <url>https://www.congress.gov/congressional-record/volume-163/house-section/page/H10361</url>
            <name>H10361</name>
          </link>
        </links>
        <text>On agreeing to the resolution Agreed to without objection. (text: CR H10361)</text>
        <actionTime>14:28:34</actionTime>
        <type>Floor</type>
        <committee />
        <sourceSystem>
          <code>2</code>
          <name>House floor actions</name>
        </sourceSystem>
        <actionDate>2017-12-21</actionDate>
      </item>
      <item>
        <actionCode>8000</actionCode>
        <links />
        <text>Passed/agreed to in House: On agreeing to the resolution Agreed to without objection.</text>
        <actionTime>14:28:34</actionTime>
        <type>Floor</type>
        <committee />
        <sourceSystem>
          <code>9</code>
          <name>Library of Congress</name>
        </sourceSystem>
        <actionDate>2017-12-21</actionDate>
      </item>
      <item>
        <actionCode>H30000</actionCode>
        <links>
          <link>
            <url>https://www.congress.gov/congressional-record/volume-163/house-section/page/H10361-10362</url>
            <name>H10361-10362</name>
          </link>
        </links>
        <text>Considered by unanimous consent. (consideration: CR H10361-10362)</text>
        <actionTime>14:28:06</actionTime>
        <type>Floor</type>
        <committee />
        <sourceSystem>
          <code>2</code>
          <name>House floor actions</name>
        </sourceSystem>
        <actionDate>2017-12-21</actionDate>
      </item>
      <item>
        <actionCode>H30200</actionCode>
        <links />
        <text>Mr. Harper asked unanimous consent to take from the Speaker's table and consider.</text>
        <actionTime>14:28:06</actionTime>
        <type>Floor</type>
        <committee />
        <sourceSystem>
          <code>2</code>
          <name>House floor actions</name>
        </sourceSystem>
        <actionDate>2017-12-21</actionDate>
      </item>
      <item>
        <actionCode>H15000</actionCode>
        <links />
        <text>Held at the desk.</text>
        <actionTime>12:31:19</actionTime>
        <type>Floor</type>
        <committee />
        <sourceSystem>
          <code>2</code>
          <name>House floor actions</name>
        </sourceSystem>
        <actionDate>2017-12-21</actionDate>
      </item>
      <item>
        <actionCode>H14000</actionCode>
        <links />
        <text>Received in the House.</text>
        <actionTime>12:23:04</actionTime>
        <type>Floor</type>
        <committee />
        <sourceSystem>
          <code>2</code>
          <name>House floor actions</name>
        </sourceSystem>
        <actionDate>2017-12-21</actionDate>
      </item>
      <item>
        <actionDate>2017-12-21</actionDate>
        <committee />
        <links />
        <sourceSystem>
          <code>0</code>
          <name>Senate</name>
        </sourceSystem>
        <text>Message on Senate action sent to the House.</text>
        <type>Floor</type>
      </item>
      <item>
        <actionDate>2017-12-20</actionDate>
        <committee />
        <links>
          <link>
            <url>https://www.congress.gov/congressional-record/volume-163/senate-section/page/S8150</url>
            <name>S8150</name>
          </link>
          <link>
            <url>https://www.congress.gov/congressional-record/volume-163/senate-section/page/S8151</url>
            <name>S8151</name>
          </link>
        </links>
        <sourceSystem>
          <code>0</code>
          <name>Senate</name>
        </sourceSystem>
        <text>Submitted in the Senate, considered, and agreed to without amendment by Unanimous Consent. (consideration: CR S8151; text: CR S8150)</text>
        <type>Floor</type>
      </item>
      <item>
        <actionCode>17000</actionCode>
        <links />
        <text>Passed/agreed to in Senate: Submitted in the Senate, considered, and agreed to without amendment by Unanimous Consent.</text>
        <committee />
        <type>Floor</type>
        <sourceSystem>
          <code>9</code>
          <name>Library of Congress</name>
        </sourceSystem>
        <actionDate>2017-12-20</actionDate>
      </item>
      <item>
        <actionCode>10000</actionCode>
        <links />
        <text>Introduced in Senate</text>
        <committee />
        <type>IntroReferral</type>
        <sourceSystem>
          <code>9</code>
          <name>Library of Congress</name>
        </sourceSystem>
        <actionDate>2017-12-20</actionDate>
      </item>
    </actions>
    <introducedDate>2017-12-20</introducedDate>
    <amendments />
    <recordedVotes />
    <summaries>
      <billSummaries>
        <item>
          <lastSummaryUpdateDate>2018-02-05T22:18:18Z</lastSummaryUpdateDate>
          <versionCode>00</versionCode>
          <actionDesc>Introduced in Senate</actionDesc>
          <actionDate>2017-12-20</actionDate>
          <name>Introduced in Senate</name>
          <text><![CDATA[<p>Authorizes the use of the Capitol rotunda on January 17, 2018, for a ceremony to award the Congressional Gold Medal to Bob Dole.</p>]]></text>
          <updateDate>2017-12-20T05:00:00Z</updateDate>
        </item>
        <item>
          <lastSummaryUpdateDate>2018-02-05T22:18:41Z</lastSummaryUpdateDate>
          <versionCode>82</versionCode>
          <actionDesc>Passed Senate without amendment</actionDesc>
          <actionDate>2017-12-20</actionDate>
          <name>Passed Senate without amendment</name>
          <text><![CDATA[<p>(This measure has not been amended since it was introduced. The summary of that version is repeated here.)</p> <p>Authorizes the use of the Capitol rotunda on January 17, 2018, for a ceremony to award the Congressional Gold Medal to Bob Dole.</p>]]></text>
          <updateDate>2017-12-20T13:52:29Z</updateDate>
        </item>
        <item>
          <lastSummaryUpdateDate>2018-02-05T22:18:27Z</lastSummaryUpdateDate>
          <versionCode>81</versionCode>
          <actionDesc>Passed House without amendment</actionDesc>
          <actionDate>2017-12-21</actionDate>
          <name>Passed House without amendment</name>
          <text><![CDATA[<p>(This measure has not been amended since it was introduced. The summary of that version is repeated here.)</p> <p>Authorizes the use of the Capitol rotunda on January 17, 2018, for a ceremony to award the Congressional Gold Medal to Bob Dole.</p>]]></text>
          <updateDate>2017-12-21T16:29:52Z</updateDate>
        </item>
      </billSummaries>
    </summaries>
  </bill>
  <dublinCore xmlns:dc="http://purl.org/dc/elements/1.1/">
    <dc:format>text/xml</dc:format>
    <dc:language>EN</dc:language>
    <dc:rights>Pursuant to Title 17 Section 105 of the United States Code, this file is not subject to copyright protection and is in the public domain.</dc:rights>
    <dc:contributor>Congressional Research Service, Library of Congress</dc:contributor>
    <dc:description>This file contains bill summaries and statuses for federal legislation. A bill summary describes the most significant provisions of a piece of legislation and details the effects the legislative text may have on current law and federal programs. Bill summaries are authored by the Congressional Research Service (CRS) of the Library of Congress. As stated in Public Law 91-510 (2 USC 166 (d)(6)), one of the duties of CRS is "to prepare summaries and digests of bills and resolutions of a public general nature introduced in the Senate or House of Representatives". For more information, refer to the User Guide that accompanies this file.</dc:description>
  </dublinCore>
</billStatus>

