<?xml version="1.0" encoding="UTF-8"?>
<billStatus>
  <bill>
    <notes />
    <sponsors>
      <item>
        <party>R</party>
        <fullName>Sen. Cornyn, John [R-TX]</fullName>
        <lastName>Cornyn</lastName>
        <middleName />
        <identifiers>
          <gpoId>8295</gpoId>
          <lisID>1692</lisID>
          <bioguideId>C001056</bioguideId>
        </identifiers>
        <firstName>John</firstName>
        <byRequestType />
        <bioguideId>C001056</bioguideId>
        <state>TX</state>
      </item>
    </sponsors>
    <policyArea>
      <name>Crime and Law Enforcement</name>
    </policyArea>
    <committees>
      <billCommittees>
        <item>
          <systemCode>ssju00</systemCode>
          <chamber>Senate</chamber>
          <activities>
            <item>
              <name>Reported by</name>
              <date>2017-05-11T18:50:57Z</date>
            </item>
            <item>
              <name>Markup by</name>
              <date>2017-05-11T14:00:36Z</date>
            </item>
            <item>
              <name>Referred to</name>
              <date>2017-03-08T21:10:19Z</date>
            </item>
          </activities>
          <name>Judiciary Committee</name>
          <type>Standing</type>
          <subcommittees />
        </item>
      </billCommittees>
    </committees>
    <relatedBills>
      <item>
        <number>1428</number>
        <congress>115</congress>
        <relationshipDetails>
          <item>
            <type>Related bill</type>
            <identifiedBy>House</identifiedBy>
          </item>
          <item>
            <type>Identical bill</type>
            <identifiedBy>CRS</identifiedBy>
          </item>
        </relationshipDetails>
        <type>HR</type>
        <latestTitle>American Law Enforcement Heroes Act of 2017</latestTitle>
        <latestAction>
          <actionDate>2017-05-17</actionDate>
          <text>Received in the Senate and Read twice and referred to the Committee on the Judiciary.</text>
        </latestAction>
      </item>
    </relatedBills>
    <titles>
      <item>
        <parentTitleType>Short Title</parentTitleType>
        <titleType>Short Titles as Enacted</titleType>
        <chamberCode />
        <chamberName />
        <title>American Law Enforcement Heroes Act of 2017</title>
      </item>
      <item>
        <parentTitleType>Short Titles Senate</parentTitleType>
        <titleType>Short Titles as Passed Senate</titleType>
        <chamberCode>S</chamberCode>
        <chamberName>Senate</chamberName>
        <title>American Law Enforcement Heroes Act of 2017</title>
      </item>
      <item>
        <parentTitleType>Short Titles House of Representatives</parentTitleType>
        <titleType>Short Titles as Passed House</titleType>
        <chamberCode>H</chamberCode>
        <chamberName>House</chamberName>
        <title>American Law Enforcement Heroes Act of 2017</title>
      </item>
      <item>
        <parentTitleType>Short Titles Senate</parentTitleType>
        <titleType>Short Titles as Reported to Senate</titleType>
        <chamberCode>S</chamberCode>
        <chamberName>Senate</chamberName>
        <title>American Law Enforcement Heroes Act of 2017</title>
      </item>
      <item>
        <parentTitleType />
        <titleType>Short Titles as Introduced</titleType>
        <chamberCode />
        <chamberName />
        <title>American Law Enforcement Heroes Act of 2017</title>
      </item>
      <item>
        <parentTitleType />
        <titleType>Official Title as Introduced</titleType>
        <chamberCode />
        <chamberName />
        <title>A bill to amend the Omnibus Crime Control and Safe Streets Act of 1968 to authorize COPS grantees to use grant funds to hire veterans as career law enforcement officers, and for other purposes.</title>
      </item>
      <item>
        <parentTitleType />
        <titleType>Display Title</titleType>
        <chamberCode />
        <chamberName />
        <title>American Law Enforcement Heroes Act of 2017</title>
      </item>
      <item>
        <parentTitleType />
        <titleType>(Extracted from GPO) Short Titles as Reported to Senate</titleType>
        <chamberCode>S</chamberCode>
        <chamberName>Senate</chamberName>
        <title>American Law Enforcement Heroes Act of 2017</title>
      </item>
      <item>
        <parentTitleType />
        <titleType>(Extracted from GPO) Short Titles as Passed Senate</titleType>
        <chamberCode>S</chamberCode>
        <chamberName>Senate</chamberName>
        <title>American Law Enforcement Heroes Act of 2017</title>
      </item>
      <item>
        <parentTitleType />
        <titleType>(Extracted from GPO) Short Titles as Introduced</titleType>
        <chamberCode />
        <chamberName />
        <title>American Law Enforcement Heroes Act of 2017</title>
      </item>
    </titles>
    <originChamber>Senate</originChamber>
    <congress>115</congress>
    <actions>
      <actionByCounts>
        <houseOfRepresentatives>6</houseOfRepresentatives>
        <senate>9</senate>
      </actionByCounts>
      <actionTypeCounts>
        <unanimousConsentRequestToConsider>1</unanimousConsentRequestToConsider>
        <passedAgreedToInSenate>1</passedAgreedToInSenate>
        <referredToCommittee>1</referredToCommittee>
        <motionToReconsiderResults>1</motionToReconsiderResults>
        <passageOfAMeasure>1</passageOfAMeasure>
        <heldAtTheDesk>1</heldAtTheDesk>
        <passedSenate>1</passedSenate>
        <presentedToPresident>1</presentedToPresident>
        <receivedInTheHouse>1</receivedInTheHouse>
        <orderedReported>1</orderedReported>
        <reportedToSenate>2</reportedToSenate>
        <sentToHouse>1</sentToHouse>
        <placeholderTextForE>3</placeholderTextForE>
        <passedAgreedToInHouse>1</passedAgreedToInHouse>
        <placedOnCalendarGeneralOrders>1</placedOnCalendarGeneralOrders>
        <becamePublicLaw>2</becamePublicLaw>
        <introducedInSenate>1</introducedInSenate>
      </actionTypeCounts>
      <item>
        <type>President</type>
        <text>Became Public Law No: 115-37.</text>
        <sourceSystem>
          <name>House floor actions</name>
          <code>2</code>
        </sourceSystem>
        <actionCode>E40000</actionCode>
        <links>
          <link>
            <name>Public Law No: 115-37</name>
            <url>https://www.congress.gov/bill/115th-congress/senate-bill/583/text/pl</url>
          </link>
        </links>
        <committee />
        <actionDate>2017-06-02</actionDate>
      </item>
      <item>
        <type>BecameLaw</type>
        <text>Became Public Law No: 115-37.</text>
        <sourceSystem>
          <name>Library of Congress</name>
          <code>9</code>
        </sourceSystem>
        <actionCode>36000</actionCode>
        <links>
          <link>
            <name>Public Law No: 115-37</name>
            <url>https://www.congress.gov/bill/115th-congress/senate-bill/583/text/pl</url>
          </link>
        </links>
        <committee />
        <actionDate>2017-06-02</actionDate>
      </item>
      <item>
        <type>President</type>
        <text>Signed by President.</text>
        <sourceSystem>
          <name>House floor actions</name>
          <code>2</code>
        </sourceSystem>
        <actionCode>E30000</actionCode>
        <links />
        <committee />
        <actionDate>2017-06-02</actionDate>
      </item>
      <item>
        <type>BecameLaw</type>
        <text>Signed by President.</text>
        <sourceSystem>
          <name>Library of Congress</name>
          <code>9</code>
        </sourceSystem>
        <actionCode>36000</actionCode>
        <links />
        <committee />
        <actionDate>2017-06-02</actionDate>
      </item>
      <item>
        <type>Floor</type>
        <text>Presented to President.</text>
        <sourceSystem>
          <name>House floor actions</name>
          <code>2</code>
        </sourceSystem>
        <actionCode>E20000</actionCode>
        <links />
        <committee />
        <actionDate>2017-05-22</actionDate>
      </item>
      <item>
        <type>President</type>
        <text>Presented to President.</text>
        <sourceSystem>
          <name>Library of Congress</name>
          <code>9</code>
        </sourceSystem>
        <actionCode>28000</actionCode>
        <links />
        <committee />
        <actionDate>2017-05-22</actionDate>
      </item>
      <item>
        <type>Floor</type>
        <text>Motion to reconsider laid on the table Agreed to without objection.</text>
        <sourceSystem>
          <name>House floor actions</name>
          <code>2</code>
        </sourceSystem>
        <actionCode>H38310</actionCode>
        <actionTime>18:32:29</actionTime>
        <links />
        <committee />
        <actionDate>2017-05-17</actionDate>
      </item>
      <item>
        <type>Floor</type>
        <text>On passage Passed without objection. (text: CR H4295)</text>
        <sourceSystem>
          <name>House floor actions</name>
          <code>2</code>
        </sourceSystem>
        <actionCode>H37100</actionCode>
        <actionTime>18:32:27</actionTime>
        <links>
          <link>
            <name>H4295</name>
            <url>https://www.congress.gov/congressional-record/volume-163/house-section/page/H4295</url>
          </link>
        </links>
        <committee />
        <actionDate>2017-05-17</actionDate>
      </item>
      <item>
        <type>Floor</type>
        <text>Passed/agreed to in House: On passage Passed without objection.</text>
        <sourceSystem>
          <name>Library of Congress</name>
          <code>9</code>
        </sourceSystem>
        <actionCode>8000</actionCode>
        <actionTime>18:32:27</actionTime>
        <links />
        <committee />
        <actionDate>2017-05-17</actionDate>
      </item>
      <item>
        <type>Floor</type>
        <text>Mr. Goodlatte asked unanimous consent to take from the Speaker's table and consider. (consideration: CR H4295)</text>
        <sourceSystem>
          <name>House floor actions</name>
          <code>2</code>
        </sourceSystem>
        <actionCode>H30200</actionCode>
        <actionTime>18:31:55</actionTime>
        <links>
          <link>
            <name>H4295</name>
            <url>https://www.congress.gov/congressional-record/volume-163/house-section/page/H4295</url>
          </link>
        </links>
        <committee />
        <actionDate>2017-05-17</actionDate>
      </item>
      <item>
        <type>Floor</type>
        <text>Held at the desk.</text>
        <sourceSystem>
          <name>House floor actions</name>
          <code>2</code>
        </sourceSystem>
        <actionCode>H15000</actionCode>
        <actionTime>14:04:38</actionTime>
        <links />
        <committee />
        <actionDate>2017-05-17</actionDate>
      </item>
      <item>
        <type>Floor</type>
        <text>Received in the House.</text>
        <sourceSystem>
          <name>House floor actions</name>
          <code>2</code>
        </sourceSystem>
        <actionCode>H14000</actionCode>
        <actionTime>12:38:03</actionTime>
        <links />
        <committee />
        <actionDate>2017-05-17</actionDate>
      </item>
      <item>
        <actionDate>2017-05-17</actionDate>
        <committee />
        <links />
        <sourceSystem>
          <name>Senate</name>
          <code>0</code>
        </sourceSystem>
        <text>Message on Senate action sent to the House.</text>
        <type>Floor</type>
      </item>
      <item>
        <actionDate>2017-05-16</actionDate>
        <committee />
        <links>
          <link>
            <name>S2955</name>
            <url>https://www.congress.gov/congressional-record/volume-163/senate-section/page/S2955</url>
          </link>
        </links>
        <sourceSystem>
          <name>Senate</name>
          <code>0</code>
        </sourceSystem>
        <text>Passed Senate without amendment by Unanimous Consent. (consideration: CR S2955; text as passed Senate: CR S2955)</text>
        <type>Floor</type>
      </item>
      <item>
        <type>Floor</type>
        <text>Passed/agreed to in Senate: Passed Senate without amendment by Unanimous Consent.(consideration: CR S2955; text as passed Senate: CR S2955)</text>
        <sourceSystem>
          <name>Library of Congress</name>
          <code>9</code>
        </sourceSystem>
        <actionCode>17000</actionCode>
        <links>
          <link>
            <name>S2955</name>
            <url>https://www.congress.gov/congressional-record/volume-163/senate-section/page/S2955</url>
          </link>
        </links>
        <committee />
        <actionDate>2017-05-16</actionDate>
      </item>
      <item>
        <actionDate>2017-05-11</actionDate>
        <committee />
        <links />
        <sourceSystem>
          <name>Senate</name>
          <code>0</code>
        </sourceSystem>
        <text>Placed on Senate Legislative Calendar under General Orders. Calendar No. 75.</text>
        <type>Calendars</type>
      </item>
      <item>
        <actionDate>2017-05-11</actionDate>
        <committee>
          <name>Judiciary Committee</name>
          <systemCode>ssju00</systemCode>
        </committee>
        <links />
        <sourceSystem>
          <name>Senate</name>
          <code>0</code>
        </sourceSystem>
        <text>Committee on the Judiciary. Reported by Senator Grassley without amendment. Without written report.</text>
        <type>Committee</type>
      </item>
      <item>
        <type>Committee</type>
        <text>Committee on the Judiciary. Reported by Senator Grassley without amendment. Without written report.</text>
        <sourceSystem>
          <name>Library of Congress</name>
          <code>9</code>
        </sourceSystem>
        <actionCode>14000</actionCode>
        <links />
        <committee>
          <name>Judiciary Committee</name>
          <systemCode>ssju00</systemCode>
        </committee>
        <actionDate>2017-05-11</actionDate>
      </item>
      <item>
        <actionDate>2017-05-11</actionDate>
        <committee>
          <name>Judiciary Committee</name>
          <systemCode>ssju00</systemCode>
        </committee>
        <links />
        <sourceSystem>
          <name>Senate</name>
          <code>0</code>
        </sourceSystem>
        <text>Committee on the Judiciary. Ordered to be reported without amendment favorably.</text>
        <type>Committee</type>
      </item>
      <item>
        <actionDate>2017-03-08</actionDate>
        <committee>
          <name>Judiciary Committee</name>
          <systemCode>ssju00</systemCode>
        </committee>
        <links />
        <sourceSystem>
          <name>Senate</name>
          <code>0</code>
        </sourceSystem>
        <text>Read twice and referred to the Committee on the Judiciary.</text>
        <type>IntroReferral</type>
      </item>
      <item>
        <type>IntroReferral</type>
        <text>Introduced in Senate</text>
        <sourceSystem>
          <name>Library of Congress</name>
          <code>9</code>
        </sourceSystem>
        <actionCode>10000</actionCode>
        <links />
        <committee />
        <actionDate>2017-03-08</actionDate>
      </item>
    </actions>
    <subjects>
      <billSubjects>
        <legislativeSubjects>
          <item>
            <name>Employee hiring</name>
          </item>
          <item>
            <name>Law enforcement administration and funding</name>
          </item>
          <item>
            <name>Law enforcement officers</name>
          </item>
          <item>
            <name>Veterans' education, employment, rehabilitation</name>
          </item>
        </legislativeSubjects>
        <policyArea>
          <name>Crime and Law Enforcement</name>
        </policyArea>
      </billSubjects>
    </subjects>
    <laws>
      <item>
        <number>115-37</number>
        <type>Public Law</type>
      </item>
    </laws>
    <createDate>2017-03-09T05:25:17Z</createDate>
    <title>American Law Enforcement Heroes Act of 2017</title>
    <committeeReports />
    <billType>S</billType>
    <introducedDate>2017-03-08</introducedDate>
    <updateDate>2018-02-27T05:28:51Z</updateDate>
    <summaries>
      <billSummaries>
        <item>
          <name>Introduced in Senate</name>
          <versionCode>00</versionCode>
          <actionDate>2017-03-08</actionDate>
          <updateDate>2017-03-08T05:00:00Z</updateDate>
          <lastSummaryUpdateDate>2017-05-22T17:07:04Z</lastSummaryUpdateDate>
          <text><![CDATA[<p><b>American Law Enforcement Heroes Act of 2017</b></p> <p>This bill amends the Omnibus Crime Control and Safe Streets Act of 1968 to include as an allowable use of grant funds under the Community Oriented Policing Services program prioritizing the hiring and training of veterans as career law enforcement officers. </p>]]></text>
          <actionDesc>Introduced in Senate</actionDesc>
        </item>
        <item>
          <name>Reported to Senate without amendment</name>
          <versionCode>80</versionCode>
          <actionDate>2017-05-11</actionDate>
          <updateDate>2017-05-11T14:00:11Z</updateDate>
          <lastSummaryUpdateDate>2017-11-14T20:07:12Z</lastSummaryUpdateDate>
          <text><![CDATA[<p>(This measure has not been amended since it was introduced. The summary has been expanded because action occurred on the measure.)</p> <p><b>American Law Enforcement Heroes Act of 2017</b></p> <p>(Sec. 2) This bill amends the Omnibus Crime Control and Safe Streets Act of 1968 to include as an allowable use of grant funds under the Community Oriented Policing Services program prioritizing the hiring and training of veterans as career law enforcement officers. </p>]]></text>
          <actionDesc>Reported to Senate without amendment</actionDesc>
        </item>
        <item>
          <name>Passed Senate without amendment</name>
          <versionCode>82</versionCode>
          <actionDate>2017-05-16</actionDate>
          <updateDate>2017-05-16T12:38:13Z</updateDate>
          <lastSummaryUpdateDate>2017-11-20T15:23:21Z</lastSummaryUpdateDate>
          <text><![CDATA[<p>(This measure has not been amended since it was introduced. The expanded summary of the Senate reported version is repeated here.)</p> <p><b>American Law Enforcement Heroes Act of 2017</b></p> <p>(Sec. 2) This bill amends the Omnibus Crime Control and Safe Streets Act of 1968 to include as an allowable use of grant funds under the Community Oriented Policing Services program prioritizing the hiring and training of veterans as career law enforcement officers. </p>]]></text>
          <actionDesc>Passed Senate without amendment</actionDesc>
        </item>
        <item>
          <name>Passed House without amendment</name>
          <versionCode>81</versionCode>
          <actionDate>2017-05-17</actionDate>
          <updateDate>2017-05-17T13:45:11Z</updateDate>
          <lastSummaryUpdateDate>2017-11-20T16:34:57Z</lastSummaryUpdateDate>
          <text><![CDATA[<p>(This measure has not been amended since it was introduced. The expanded summary of the Senate reported version is repeated here.)</p> <p><b>American Law Enforcement Heroes Act of 2017</b></p> <p>(Sec. 2) This bill amends the Omnibus Crime Control and Safe Streets Act of 1968 to include as an allowable use of grant funds under the Community Oriented Policing Services program prioritizing the hiring and training of veterans as career law enforcement officers. </p>]]></text>
          <actionDesc>Passed House without amendment</actionDesc>
        </item>
        <item>
          <name>Public Law</name>
          <versionCode>49</versionCode>
          <actionDate>2017-06-02</actionDate>
          <updateDate>2017-06-03T03:59:59Z</updateDate>
          <lastSummaryUpdateDate>2017-11-20T20:52:34Z</lastSummaryUpdateDate>
          <text><![CDATA[<p>(This measure has not been amended since it was introduced. The expanded summary of the Senate reported version is repeated here.)</p> <p><b>American Law Enforcement Heroes Act of 2017</b></p> <p>(Sec. 2) This bill amends the Omnibus Crime Control and Safe Streets Act of 1968 to include as an allowable use of grant funds under the Community Oriented Policing Services program prioritizing the hiring and training of veterans as career law enforcement officers. </p>]]></text>
          <actionDesc>Public Law</actionDesc>
        </item>
      </billSummaries>
    </summaries>
    <cosponsors>
      <item>
        <party>D</party>
        <fullName>Sen. Klobuchar, Amy [D-MN]</fullName>
        <sponsorshipWithdrawnDate />
        <lastName>Klobuchar</lastName>
        <sponsorshipDate>2017-03-08</sponsorshipDate>
        <identifiers>
          <bioguideId>K000367</bioguideId>
          <gpoId>8249</gpoId>
          <lisID>1826</lisID>
        </identifiers>
        <isOriginalCosponsor>True</isOriginalCosponsor>
        <firstName>Amy</firstName>
        <middleName />
        <bioguideId>K000367</bioguideId>
        <state>MN</state>
      </item>
      <item>
        <party>R</party>
        <fullName>Sen. Grassley, Chuck [R-IA]</fullName>
        <sponsorshipWithdrawnDate />
        <lastName>GRASSLEY</lastName>
        <sponsorshipDate>2017-03-08</sponsorshipDate>
        <identifiers>
          <gpoId>8316</gpoId>
          <lisID>457</lisID>
          <bioguideId>G000386</bioguideId>
        </identifiers>
        <isOriginalCosponsor>True</isOriginalCosponsor>
        <firstName>CHARLES</firstName>
        <middleName>ERNEST</middleName>
        <bioguideId>G000386</bioguideId>
        <state>IA</state>
      </item>
      <item>
        <party>D</party>
        <fullName>Sen. Blumenthal, Richard [D-CT]</fullName>
        <sponsorshipWithdrawnDate />
        <lastName>Blumenthal</lastName>
        <sponsorshipDate>2017-03-08</sponsorshipDate>
        <identifiers>
          <bioguideId>B001277</bioguideId>
          <lisID>2076</lisID>
          <gpoId>8332</gpoId>
        </identifiers>
        <isOriginalCosponsor>True</isOriginalCosponsor>
        <firstName>Richard</firstName>
        <middleName />
        <bioguideId>B001277</bioguideId>
        <state>CT</state>
      </item>
      <item>
        <party>R</party>
        <fullName>Sen. Tillis, Thom [R-NC]</fullName>
        <sponsorshipWithdrawnDate />
        <lastName>Tillis</lastName>
        <sponsorshipDate>2017-03-08</sponsorshipDate>
        <identifiers>
          <gpoId />
          <bioguideId>T000476</bioguideId>
          <lisID>2291</lisID>
        </identifiers>
        <isOriginalCosponsor>True</isOriginalCosponsor>
        <firstName>Thomas</firstName>
        <middleName>Roland</middleName>
        <bioguideId>T000476</bioguideId>
        <state>NC</state>
      </item>
      <item>
        <party>D</party>
        <fullName>Sen. Feinstein, Dianne [D-CA]</fullName>
        <sponsorshipWithdrawnDate />
        <lastName>FEINSTEIN</lastName>
        <sponsorshipDate>2017-03-08</sponsorshipDate>
        <identifiers>
          <bioguideId>F000062</bioguideId>
          <lisID>1332</lisID>
          <gpoId>8338</gpoId>
        </identifiers>
        <isOriginalCosponsor>True</isOriginalCosponsor>
        <firstName>DIANNE</firstName>
        <middleName />
        <bioguideId>F000062</bioguideId>
        <state>CA</state>
      </item>
      <item>
        <party>R</party>
        <fullName>Sen. Hatch, Orrin G. [R-UT]</fullName>
        <sponsorshipWithdrawnDate />
        <lastName>HATCH</lastName>
        <sponsorshipDate>2017-03-08</sponsorshipDate>
        <identifiers>
          <lisID>1351</lisID>
          <bioguideId>H000338</bioguideId>
          <gpoId>8314</gpoId>
        </identifiers>
        <isOriginalCosponsor>True</isOriginalCosponsor>
        <firstName>ORRIN</firstName>
        <middleName>GRANT</middleName>
        <bioguideId>H000338</bioguideId>
        <state>UT</state>
      </item>
      <item>
        <party>R</party>
        <fullName>Sen. Heller, Dean [R-NV]</fullName>
        <sponsorshipWithdrawnDate />
        <lastName>Heller</lastName>
        <sponsorshipDate>2017-03-08</sponsorshipDate>
        <identifiers>
          <lisID>1863</lisID>
          <gpoId>8060</gpoId>
          <bioguideId>H001041</bioguideId>
        </identifiers>
        <isOriginalCosponsor>True</isOriginalCosponsor>
        <firstName>Dean</firstName>
        <middleName />
        <bioguideId>H001041</bioguideId>
        <state>NV</state>
      </item>
      <item>
        <party>R</party>
        <fullName>Sen. Cruz, Ted [R-TX]</fullName>
        <sponsorshipWithdrawnDate />
        <lastName>Cruz</lastName>
        <sponsorshipDate>2017-03-08</sponsorshipDate>
        <identifiers>
          <lisID>2175</lisID>
          <gpoId />
          <bioguideId>C001098</bioguideId>
        </identifiers>
        <isOriginalCosponsor>True</isOriginalCosponsor>
        <firstName>Ted</firstName>
        <middleName />
        <bioguideId>C001098</bioguideId>
        <state>TX</state>
      </item>
      <item>
        <party>R</party>
        <fullName>Sen. Blunt, Roy [R-MO]</fullName>
        <sponsorshipWithdrawnDate />
        <lastName>Blunt</lastName>
        <sponsorshipDate>2017-04-03</sponsorshipDate>
        <identifiers>
          <bioguideId>B000575</bioguideId>
          <lisID>1464</lisID>
          <gpoId>8313</gpoId>
        </identifiers>
        <isOriginalCosponsor>False</isOriginalCosponsor>
        <firstName>Roy</firstName>
        <middleName />
        <bioguideId>B000575</bioguideId>
        <state>MO</state>
      </item>
      <item>
        <party>D</party>
        <fullName>Sen. Coons, Christopher A. [D-DE]</fullName>
        <sponsorshipWithdrawnDate />
        <lastName>Coons</lastName>
        <sponsorshipDate>2017-04-03</sponsorshipDate>
        <identifiers>
          <bioguideId>C001088</bioguideId>
          <lisID>1984</lisID>
          <gpoId>8297</gpoId>
        </identifiers>
        <isOriginalCosponsor>False</isOriginalCosponsor>
        <firstName>Christopher</firstName>
        <middleName>A.</middleName>
        <bioguideId>C001088</bioguideId>
        <state>DE</state>
      </item>
      <item>
        <party>R</party>
        <fullName>Sen. Cotton, Tom [R-AR]</fullName>
        <sponsorshipWithdrawnDate />
        <lastName>Cotton</lastName>
        <sponsorshipDate>2017-04-03</sponsorshipDate>
        <identifiers>
          <lisID>2098</lisID>
          <gpoId />
          <bioguideId>C001095</bioguideId>
        </identifiers>
        <isOriginalCosponsor>False</isOriginalCosponsor>
        <firstName>Tom</firstName>
        <middleName />
        <bioguideId>C001095</bioguideId>
        <state>AR</state>
      </item>
      <item>
        <party>D</party>
        <fullName>Sen. Heitkamp, Heidi [D-ND]</fullName>
        <sponsorshipWithdrawnDate />
        <lastName>Heitkamp</lastName>
        <sponsorshipDate>2017-04-03</sponsorshipDate>
        <identifiers>
          <gpoId />
          <lisID>2174</lisID>
          <bioguideId>H001069</bioguideId>
        </identifiers>
        <isOriginalCosponsor>False</isOriginalCosponsor>
        <firstName>Heidi</firstName>
        <middleName />
        <bioguideId>H001069</bioguideId>
        <state>ND</state>
      </item>
      <item>
        <party>D</party>
        <fullName>Sen. Manchin, Joe, III [D-WV]</fullName>
        <sponsorshipWithdrawnDate />
        <lastName>Manchin</lastName>
        <sponsorshipDate>2017-04-03</sponsorshipDate>
        <identifiers>
          <lisID>1983</lisID>
          <gpoId>8256</gpoId>
          <bioguideId>M001183</bioguideId>
        </identifiers>
        <isOriginalCosponsor>False</isOriginalCosponsor>
        <firstName>Joe</firstName>
        <middleName />
        <bioguideId>M001183</bioguideId>
        <state>WV</state>
      </item>
      <item>
        <party>R</party>
        <fullName>Sen. Sullivan, Dan  [R-AK]</fullName>
        <sponsorshipWithdrawnDate />
        <lastName>Sullivan</lastName>
        <sponsorshipDate>2017-04-03</sponsorshipDate>
        <identifiers>
          <bioguideId>S001198</bioguideId>
          <lisID>2290</lisID>
          <gpoId />
        </identifiers>
        <isOriginalCosponsor>False</isOriginalCosponsor>
        <firstName>Dan</firstName>
        <middleName />
        <bioguideId>S001198</bioguideId>
        <state>AK</state>
      </item>
      <item>
        <party>D</party>
        <fullName>Sen. Whitehouse, Sheldon [D-RI]</fullName>
        <sponsorshipWithdrawnDate />
        <lastName>Whitehouse</lastName>
        <sponsorshipDate>2017-04-03</sponsorshipDate>
        <identifiers>
          <lisID>1823</lisID>
          <gpoId>8264</gpoId>
          <bioguideId>W000802</bioguideId>
        </identifiers>
        <isOriginalCosponsor>False</isOriginalCosponsor>
        <firstName>Sheldon</firstName>
        <middleName />
        <bioguideId>W000802</bioguideId>
        <state>RI</state>
      </item>
      <item>
        <party>D</party>
        <fullName>Sen. Donnelly, Joe [D-IN]</fullName>
        <sponsorshipWithdrawnDate />
        <lastName>Donnelly</lastName>
        <sponsorshipDate>2017-04-06</sponsorshipDate>
        <identifiers>
          <bioguideId>D000607</bioguideId>
          <gpoId>7941</gpoId>
          <lisID>1850</lisID>
        </identifiers>
        <isOriginalCosponsor>False</isOriginalCosponsor>
        <firstName>Joe</firstName>
        <middleName />
        <bioguideId>D000607</bioguideId>
        <state>IN</state>
      </item>
      <item>
        <party>R</party>
        <fullName>Sen. Young, Todd C. [R-IN]</fullName>
        <sponsorshipWithdrawnDate />
        <lastName>Young</lastName>
        <sponsorshipDate>2017-04-06</sponsorshipDate>
        <identifiers>
          <bioguideId>Y000064</bioguideId>
          <lisID>2019</lisID>
          <gpoId>7948</gpoId>
        </identifiers>
        <isOriginalCosponsor>False</isOriginalCosponsor>
        <firstName>Todd</firstName>
        <middleName>C.</middleName>
        <bioguideId>Y000064</bioguideId>
        <state>IN</state>
      </item>
      <item>
        <party>D</party>
        <fullName>Sen. Durbin, Richard J. [D-IL]</fullName>
        <sponsorshipWithdrawnDate />
        <lastName>DURBIN</lastName>
        <sponsorshipDate>2017-05-10</sponsorshipDate>
        <identifiers>
          <lisID>326</lisID>
          <gpoId>8326</gpoId>
          <bioguideId>D000563</bioguideId>
        </identifiers>
        <isOriginalCosponsor>False</isOriginalCosponsor>
        <firstName>RICHARD</firstName>
        <middleName>J.</middleName>
        <bioguideId>D000563</bioguideId>
        <state>IL</state>
      </item>
      <item>
        <party>D</party>
        <fullName>Sen. Hirono, Mazie K. [D-HI]</fullName>
        <sponsorshipWithdrawnDate />
        <lastName>Hirono</lastName>
        <sponsorshipDate>2017-05-10</sponsorshipDate>
        <identifiers>
          <gpoId>7913</gpoId>
          <bioguideId>H001042</bioguideId>
          <lisID>1844</lisID>
        </identifiers>
        <isOriginalCosponsor>False</isOriginalCosponsor>
        <firstName>Mazie</firstName>
        <middleName>K.</middleName>
        <bioguideId>H001042</bioguideId>
        <state>HI</state>
      </item>
      <item>
        <party>R</party>
        <fullName>Sen. Ernst, Joni  [R-IA]</fullName>
        <sponsorshipWithdrawnDate />
        <lastName>Ernst</lastName>
        <sponsorshipDate>2017-05-11</sponsorshipDate>
        <identifiers>
          <bioguideId>E000295</bioguideId>
          <lisID>2283</lisID>
          <gpoId />
        </identifiers>
        <isOriginalCosponsor>False</isOriginalCosponsor>
        <firstName>Joni</firstName>
        <middleName />
        <bioguideId>E000295</bioguideId>
        <state>IA</state>
      </item>
      <item>
        <party>R</party>
        <fullName>Sen. Kennedy, John [R-LA]</fullName>
        <sponsorshipWithdrawnDate />
        <lastName>Kennedy</lastName>
        <sponsorshipDate>2017-05-11</sponsorshipDate>
        <identifiers>
          <bioguideId>K000393</bioguideId>
          <lisID>2303</lisID>
          <gpoId />
        </identifiers>
        <isOriginalCosponsor>False</isOriginalCosponsor>
        <firstName>John</firstName>
        <middleName>Neely</middleName>
        <bioguideId>K000393</bioguideId>
        <state>LA</state>
      </item>
      <item>
        <party>D</party>
        <fullName>Sen. Cortez Masto, Catherine  [D-NV]</fullName>
        <sponsorshipWithdrawnDate />
        <lastName>Cortez Masto</lastName>
        <sponsorshipDate>2017-05-15</sponsorshipDate>
        <identifiers>
          <bioguideId>C001113</bioguideId>
          <lisID>2299</lisID>
          <gpoId />
        </identifiers>
        <isOriginalCosponsor>False</isOriginalCosponsor>
        <firstName>Catherine</firstName>
        <middleName />
        <bioguideId>C001113</bioguideId>
        <state>NV</state>
      </item>
      <item>
        <party>D</party>
        <fullName>Sen. Brown, Sherrod [D-OH]</fullName>
        <sponsorshipWithdrawnDate />
        <lastName>BROWN</lastName>
        <sponsorshipDate>2017-05-16</sponsorshipDate>
        <identifiers>
          <lisID>136</lisID>
          <gpoId>8309</gpoId>
          <bioguideId>B000944</bioguideId>
        </identifiers>
        <isOriginalCosponsor>False</isOriginalCosponsor>
        <firstName>SHERROD</firstName>
        <middleName />
        <bioguideId>B000944</bioguideId>
        <state>OH</state>
      </item>
    </cosponsors>
    <billNumber>583</billNumber>
    <recordedVotes />
    <version>1.0.0</version>
    <calendarNumbers>
      <item>
        <number>0075</number>
        <calendar>Senate Calendar of Business</calendar>
      </item>
    </calendarNumbers>
    <cboCostEstimates />
    <amendments />
    <latestAction>
      <actionDate>2017-06-02</actionDate>
      <links>
        <link>
          <url>https://www.congress.gov/bill/115th-congress/senate-bill/583/text/pl</url>
          <name>Public Law No: 115-37</name>
        </link>
      </links>
      <text>Became Public Law No: 115-37.</text>
    </latestAction>
  </bill>
  <dublinCore xmlns:dc="http://purl.org/dc/elements/1.1/">
    <dc:format>text/xml</dc:format>
    <dc:language>EN</dc:language>
    <dc:rights>Pursuant to Title 17 Section 105 of the United States Code, this file is not subject to copyright protection and is in the public domain.</dc:rights>
    <dc:contributor>Congressional Research Service, Library of Congress</dc:contributor>
    <dc:description>This file contains bill summaries and statuses for federal legislation. A bill summary describes the most significant provisions of a piece of legislation and details the effects the legislative text may have on current law and federal programs. Bill summaries are authored by the Congressional Research Service (CRS) of the Library of Congress. As stated in Public Law 91-510 (2 USC 166 (d)(6)), one of the duties of CRS is "to prepare summaries and digests of bills and resolutions of a public general nature introduced in the Senate or House of Representatives". For more information, refer to the User Guide that accompanies this file.</dc:description>
  </dublinCore>
</billStatus>

