<?xml version="1.0" encoding="UTF-8"?>
<billStatus>
  <bill>
    <createDate>2017-02-03T05:17:31Z</createDate>
    <introducedDate>2017-02-02</introducedDate>
    <congress>115</congress>
    <latestAction>
      <actionDate>2017-02-02</actionDate>
      <links />
      <text>Read twice and referred to the Committee on Finance.</text>
    </latestAction>
    <originChamber>Senate</originChamber>
    <billNumber>293</billNumber>
    <sponsors>
      <item>
        <state>SC</state>
        <identifiers>
          <lisID>2056</lisID>
          <bioguideId>S001184</bioguideId>
          <gpoId>8141</gpoId>
        </identifiers>
        <bioguideId>S001184</bioguideId>
        <lastName>Scott</lastName>
        <fullName>Sen. Scott, Tim [R-SC]</fullName>
        <firstName>Tim</firstName>
        <party>R</party>
        <middleName />
        <byRequestType />
      </item>
    </sponsors>
    <title>Investing in Opportunity Act</title>
    <relatedBills>
      <item>
        <relationshipDetails>
          <item>
            <identifiedBy>CRS</identifiedBy>
            <type>Related bill</type>
          </item>
        </relationshipDetails>
        <latestAction>
          <actionDate>2017-05-03</actionDate>
          <text>Read twice and referred to the Committee on Finance.</text>
        </latestAction>
        <type>S</type>
        <number>1013</number>
        <latestTitle>Gigabit Opportunity Act</latestTitle>
        <congress>115</congress>
      </item>
      <item>
        <relationshipDetails>
          <item>
            <identifiedBy>CRS</identifiedBy>
            <type>Related bill</type>
          </item>
        </relationshipDetails>
        <latestAction>
          <actionDate>2017-11-28</actionDate>
          <text>Placed on Senate Legislative Calendar under General Orders. Calendar No. 269.</text>
        </latestAction>
        <type>S</type>
        <number>1</number>
        <latestTitle>An original bill to provide for reconciliation pursuant to title II of the concurrent resolution on the budget for fiscal year 2018.</latestTitle>
        <congress>115</congress>
      </item>
      <item>
        <relationshipDetails>
          <item>
            <identifiedBy>CRS</identifiedBy>
            <type>Identical bill</type>
          </item>
        </relationshipDetails>
        <latestAction>
          <actionDate>2017-02-02</actionDate>
          <text>Referred to the House Committee on Ways and Means.</text>
        </latestAction>
        <type>HR</type>
        <number>828</number>
        <latestTitle>Investing in Opportunity Act</latestTitle>
        <congress>115</congress>
      </item>
    </relatedBills>
    <titles>
      <item>
        <chamberCode />
        <title>Investing in Opportunity Act</title>
        <titleType>(Extracted from GPO) Short Titles as Introduced</titleType>
        <parentTitleType />
        <chamberName />
      </item>
      <item>
        <chamberCode />
        <title>Investing in Opportunity Act</title>
        <titleType>Short Titles as Introduced</titleType>
        <parentTitleType />
        <chamberName />
      </item>
      <item>
        <chamberCode />
        <title>A bill to amend the Internal Revenue Code of 1986 to provide for the deferral of inclusion in gross income for capital gains reinvested in opportunity zones.</title>
        <titleType>Official Title as Introduced</titleType>
        <parentTitleType />
        <chamberName />
      </item>
      <item>
        <chamberCode />
        <title>Investing in Opportunity Act</title>
        <titleType>Display Title</titleType>
        <parentTitleType />
        <chamberName />
      </item>
    </titles>
    <billType>S</billType>
    <summaries>
      <billSummaries>
        <item>
          <versionCode>00</versionCode>
          <text><![CDATA[<p><b>Investing in Opportunity Act </b></p> <p>This bill amends the Internal Revenue Code to authorize the designation of opportunity zones in low-income communities and to provide tax incentives for investments in the zones, including deferring the recognition of capital gains that are reinvested in the zones. </p> <p>Governors may submit nominations for a limited number of opportunity zones to the Department of the Treasury for certification and designation. Governors must give particular consideration to areas that: </p> <ul> <li> are currently the focus of mutually reinforcing state, local, or private economic development initiatives to attract investment and foster startup activity; </li> <li> have demonstrated success in geographically targeted development programs such as promise zones, the new markets tax credit, empowerment zones, and renewal communities; and </li> <li> have recently experienced significant layoffs due to business closures or relocations. </li> </ul> <p>Treasury must designate zones if a governor fails to submit nominations within a specified period of time. </p> <p>An &quot;opportunity fund&quot; is any investment vehicle organized as a corporation or a partnership to invest in opportunity zones that holds at least 90% of its assets in opportunity zone assets. </p> <p>Taxpayers may temporarily defer the recognition of capital gains that are invested in opportunity zones. Investments in opportunity zones or opportunity funds that are held for at least five years are eligible for capital gains tax reductions or exemptions, depending on how long the investment is held. </p> <p>Treasury must report to Congress on the opportunity zone incentives enacted in this bill, including an assessment of opportunity fund investments at the national and state levels. </p>]]></text>
          <actionDesc>Introduced in Senate</actionDesc>
          <actionDate>2017-02-02</actionDate>
          <lastSummaryUpdateDate>2017-04-18T19:38:51Z</lastSummaryUpdateDate>
          <name>Introduced in Senate</name>
          <updateDate>2017-02-02T05:00:00Z</updateDate>
        </item>
      </billSummaries>
    </summaries>
    <committeeReports />
    <laws />
    <subjects>
      <billSubjects>
        <legislativeSubjects>
          <item>
            <name>Business investment and capital</name>
          </item>
          <item>
            <name>Capital gains tax</name>
          </item>
          <item>
            <name>Congressional oversight</name>
          </item>
          <item>
            <name>Economic development</name>
          </item>
          <item>
            <name>Financial services and investments</name>
          </item>
          <item>
            <name>Income tax credits</name>
          </item>
          <item>
            <name>Income tax deferral</name>
          </item>
          <item>
            <name>Income tax exclusion</name>
          </item>
          <item>
            <name>Income tax rates</name>
          </item>
          <item>
            <name>Securities</name>
          </item>
          <item>
            <name>Unemployment</name>
          </item>
        </legislativeSubjects>
        <policyArea>
          <name>Taxation</name>
        </policyArea>
      </billSubjects>
    </subjects>
    <committees>
      <billCommittees>
        <item>
          <chamber>Senate</chamber>
          <subcommittees />
          <systemCode>ssfi00</systemCode>
          <name>Finance Committee</name>
          <activities>
            <item>
              <name>Referred to</name>
              <date>2017-02-02T20:23:27Z</date>
            </item>
          </activities>
          <type>Standing</type>
        </item>
      </billCommittees>
    </committees>
    <version>1.0.0</version>
    <recordedVotes />
    <updateDate>2018-02-06T16:44:40Z</updateDate>
    <calendarNumbers />
    <cboCostEstimates />
    <actions>
      <item>
        <actionDate>2017-02-02</actionDate>
        <committee>
          <systemCode>ssfi00</systemCode>
          <name>Finance Committee</name>
        </committee>
        <links />
        <sourceSystem>
          <code>0</code>
          <name>Senate</name>
        </sourceSystem>
        <text>Read twice and referred to the Committee on Finance.</text>
        <type>IntroReferral</type>
      </item>
      <item>
        <committee />
        <sourceSystem>
          <code>9</code>
          <name>Library of Congress</name>
        </sourceSystem>
        <actionDate>2017-02-02</actionDate>
        <text>Introduced in Senate</text>
        <links />
        <type>IntroReferral</type>
        <actionCode>10000</actionCode>
      </item>
      <actionByCounts>
        <senate>2</senate>
      </actionByCounts>
      <actionTypeCounts>
        <referredToCommittee>1</referredToCommittee>
        <introducedInSenate>1</introducedInSenate>
      </actionTypeCounts>
    </actions>
    <amendments />
    <notes />
    <policyArea>
      <name>Taxation</name>
    </policyArea>
    <cosponsors>
      <item>
        <isOriginalCosponsor>True</isOriginalCosponsor>
        <fullName>Sen. Booker, Cory A. [D-NJ]</fullName>
        <middleName>A.</middleName>
        <state>NJ</state>
        <sponsorshipDate>2017-02-02</sponsorshipDate>
        <firstName>Cory</firstName>
        <bioguideId>B001288</bioguideId>
        <party>D</party>
        <lastName>Booker</lastName>
        <sponsorshipWithdrawnDate />
        <identifiers>
          <bioguideId>B001288</bioguideId>
          <lisID>2194</lisID>
          <gpoId />
        </identifiers>
      </item>
      <item>
        <isOriginalCosponsor>True</isOriginalCosponsor>
        <fullName>Sen. Blunt, Roy [R-MO]</fullName>
        <middleName />
        <state>MO</state>
        <sponsorshipDate>2017-02-02</sponsorshipDate>
        <firstName>Roy</firstName>
        <bioguideId>B000575</bioguideId>
        <party>R</party>
        <lastName>Blunt</lastName>
        <sponsorshipWithdrawnDate />
        <identifiers>
          <bioguideId>B000575</bioguideId>
          <lisID>1464</lisID>
          <gpoId>8313</gpoId>
        </identifiers>
      </item>
      <item>
        <isOriginalCosponsor>True</isOriginalCosponsor>
        <fullName>Sen. Bennet, Michael F. [D-CO]</fullName>
        <middleName>F.</middleName>
        <state>CO</state>
        <sponsorshipDate>2017-02-02</sponsorshipDate>
        <firstName>Michael</firstName>
        <bioguideId>B001267</bioguideId>
        <party>D</party>
        <lastName>Bennet</lastName>
        <sponsorshipWithdrawnDate />
        <identifiers>
          <gpoId>8302</gpoId>
          <lisID>1965</lisID>
          <bioguideId>B001267</bioguideId>
        </identifiers>
      </item>
      <item>
        <isOriginalCosponsor>True</isOriginalCosponsor>
        <fullName>Sen. Graham, Lindsey [R-SC]</fullName>
        <middleName>O.</middleName>
        <state>SC</state>
        <sponsorshipDate>2017-02-02</sponsorshipDate>
        <firstName>LINDSEY</firstName>
        <bioguideId>G000359</bioguideId>
        <party>R</party>
        <lastName>GRAHAM</lastName>
        <sponsorshipWithdrawnDate />
        <identifiers>
          <lisID>452</lisID>
          <bioguideId>G000359</bioguideId>
          <gpoId>8335</gpoId>
        </identifiers>
      </item>
      <item>
        <isOriginalCosponsor>True</isOriginalCosponsor>
        <fullName>Sen. Coons, Christopher A. [D-DE]</fullName>
        <middleName>A.</middleName>
        <state>DE</state>
        <sponsorshipDate>2017-02-02</sponsorshipDate>
        <firstName>Christopher</firstName>
        <bioguideId>C001088</bioguideId>
        <party>D</party>
        <lastName>Coons</lastName>
        <sponsorshipWithdrawnDate />
        <identifiers>
          <lisID>1984</lisID>
          <bioguideId>C001088</bioguideId>
          <gpoId>8297</gpoId>
        </identifiers>
      </item>
      <item>
        <isOriginalCosponsor>True</isOriginalCosponsor>
        <fullName>Sen. Capito, Shelley Moore [R-WV]</fullName>
        <middleName>MOORE</middleName>
        <state>WV</state>
        <sponsorshipDate>2017-02-02</sponsorshipDate>
        <firstName>SHELLEY</firstName>
        <bioguideId>C001047</bioguideId>
        <party>R</party>
        <lastName>CAPITO</lastName>
        <sponsorshipWithdrawnDate />
        <identifiers>
          <lisID>1676</lisID>
          <bioguideId>C001047</bioguideId>
          <gpoId>8223</gpoId>
        </identifiers>
      </item>
      <item>
        <isOriginalCosponsor>True</isOriginalCosponsor>
        <fullName>Sen. Gillibrand, Kirsten E. [D-NY]</fullName>
        <middleName>E.</middleName>
        <state>NY</state>
        <sponsorshipDate>2017-02-02</sponsorshipDate>
        <firstName>Kirsten</firstName>
        <bioguideId>G000555</bioguideId>
        <party>D</party>
        <lastName>Gillibrand</lastName>
        <sponsorshipWithdrawnDate />
        <identifiers>
          <bioguideId>G000555</bioguideId>
          <lisID>1866</lisID>
          <gpoId>8336</gpoId>
        </identifiers>
      </item>
      <item>
        <isOriginalCosponsor>True</isOriginalCosponsor>
        <fullName>Sen. Peters, Gary C. [D-MI]</fullName>
        <middleName>C.</middleName>
        <state>MI</state>
        <sponsorshipDate>2017-02-02</sponsorshipDate>
        <firstName>Gary</firstName>
        <bioguideId>P000595</bioguideId>
        <party>D</party>
        <lastName>Peters</lastName>
        <sponsorshipWithdrawnDate />
        <identifiers>
          <lisID>1929</lisID>
          <gpoId>7994</gpoId>
          <bioguideId>P000595</bioguideId>
        </identifiers>
      </item>
      <item>
        <isOriginalCosponsor>True</isOriginalCosponsor>
        <fullName>Sen. Gardner, Cory [R-CO]</fullName>
        <middleName />
        <state>CO</state>
        <sponsorshipDate>2017-02-02</sponsorshipDate>
        <firstName>Cory</firstName>
        <bioguideId>G000562</bioguideId>
        <party>R</party>
        <lastName>Gardner</lastName>
        <sponsorshipWithdrawnDate />
        <identifiers>
          <bioguideId>G000562</bioguideId>
          <lisID>1998</lisID>
          <gpoId>7862</gpoId>
        </identifiers>
      </item>
      <item>
        <isOriginalCosponsor>True</isOriginalCosponsor>
        <fullName>Sen. Young, Todd C. [R-IN]</fullName>
        <middleName>C.</middleName>
        <state>IN</state>
        <sponsorshipDate>2017-02-02</sponsorshipDate>
        <firstName>Todd</firstName>
        <bioguideId>Y000064</bioguideId>
        <party>R</party>
        <lastName>Young</lastName>
        <sponsorshipWithdrawnDate />
        <identifiers>
          <lisID>2019</lisID>
          <bioguideId>Y000064</bioguideId>
          <gpoId>7948</gpoId>
        </identifiers>
      </item>
      <item>
        <isOriginalCosponsor>True</isOriginalCosponsor>
        <fullName>Sen. Warner, Mark R. [D-VA]</fullName>
        <middleName>R.</middleName>
        <state>VA</state>
        <sponsorshipDate>2017-02-02</sponsorshipDate>
        <firstName>Mark</firstName>
        <bioguideId>W000805</bioguideId>
        <party>D</party>
        <lastName>Warner</lastName>
        <sponsorshipWithdrawnDate />
        <identifiers>
          <gpoId>8269</gpoId>
          <lisID>1897</lisID>
          <bioguideId>W000805</bioguideId>
        </identifiers>
      </item>
      <item>
        <isOriginalCosponsor>False</isOriginalCosponsor>
        <fullName>Sen. Hassan, Margaret Wood [D-NH]</fullName>
        <middleName>Wood</middleName>
        <state>NH</state>
        <sponsorshipDate>2017-04-06</sponsorshipDate>
        <firstName>Margaret</firstName>
        <bioguideId>H001076</bioguideId>
        <party>D</party>
        <lastName>Hassan</lastName>
        <sponsorshipWithdrawnDate />
        <identifiers>
          <bioguideId>H001076</bioguideId>
          <lisID>2302</lisID>
          <gpoId />
        </identifiers>
      </item>
      <item>
        <isOriginalCosponsor>False</isOriginalCosponsor>
        <fullName>Sen. Ernst, Joni  [R-IA]</fullName>
        <middleName />
        <state>IA</state>
        <sponsorshipDate>2017-10-03</sponsorshipDate>
        <firstName>Joni</firstName>
        <bioguideId>E000295</bioguideId>
        <party>R</party>
        <lastName>Ernst</lastName>
        <sponsorshipWithdrawnDate />
        <identifiers>
          <lisID>2283</lisID>
          <gpoId />
          <bioguideId>E000295</bioguideId>
        </identifiers>
      </item>
      <item>
        <isOriginalCosponsor>False</isOriginalCosponsor>
        <fullName>Sen. Portman, Rob [R-OH]</fullName>
        <middleName />
        <state>OH</state>
        <sponsorshipDate>2017-10-05</sponsorshipDate>
        <firstName>ROB</firstName>
        <bioguideId>P000449</bioguideId>
        <party>R</party>
        <lastName>PORTMAN</lastName>
        <sponsorshipWithdrawnDate />
        <identifiers>
          <bioguideId>P000449</bioguideId>
          <gpoId>8266</gpoId>
          <lisID>924</lisID>
        </identifiers>
      </item>
    </cosponsors>
  </bill>
  <dublinCore xmlns:dc="http://purl.org/dc/elements/1.1/">
    <dc:format>text/xml</dc:format>
    <dc:language>EN</dc:language>
    <dc:rights>Pursuant to Title 17 Section 105 of the United States Code, this file is not subject to copyright protection and is in the public domain.</dc:rights>
    <dc:contributor>Congressional Research Service, Library of Congress</dc:contributor>
    <dc:description>This file contains bill summaries and statuses for federal legislation. A bill summary describes the most significant provisions of a piece of legislation and details the effects the legislative text may have on current law and federal programs. Bill summaries are authored by the Congressional Research Service (CRS) of the Library of Congress. As stated in Public Law 91-510 (2 USC 166 (d)(6)), one of the duties of CRS is "to prepare summaries and digests of bills and resolutions of a public general nature introduced in the Senate or House of Representatives". For more information, refer to the User Guide that accompanies this file.</dc:description>
  </dublinCore>
</billStatus>

