<?xml version="1.0" encoding="UTF-8"?>
<billStatus>
  <bill>
    <calendarNumbers />
    <congress>115</congress>
    <titles>
      <item>
        <title>TAILOR Act of 2017</title>
        <titleType>(Extracted from GPO) Short Titles as Introduced</titleType>
        <parentTitleType />
        <chamberCode />
        <chamberName />
      </item>
      <item>
        <title>Taking Account of Institutions with Low Operation Risk Act of 2017</title>
        <titleType>(Extracted from GPO) Short Titles as Introduced</titleType>
        <parentTitleType />
        <chamberCode />
        <chamberName />
      </item>
      <item>
        <title>TAILOR Act of 2017</title>
        <titleType>Short Titles as Introduced</titleType>
        <parentTitleType />
        <chamberCode />
        <chamberName />
      </item>
      <item>
        <title>Taking Account of Institutions with Low Operation Risk Act of 2017</title>
        <titleType>Short Titles as Introduced</titleType>
        <parentTitleType />
        <chamberCode />
        <chamberName />
      </item>
      <item>
        <title>A bill to require the Federal financial institutions regulatory agencies to take risk profiles and business models of institutions into account when taking regulatory actions, and for other purposes.</title>
        <titleType>Official Title as Introduced</titleType>
        <parentTitleType />
        <chamberCode />
        <chamberName />
      </item>
      <item>
        <title>TAILOR Act of 2017</title>
        <titleType>Display Title</titleType>
        <parentTitleType />
        <chamberCode />
        <chamberName />
      </item>
    </titles>
    <introducedDate>2017-02-13</introducedDate>
    <latestAction>
      <actionDate>2017-07-13</actionDate>
      <text>Committee on Banking, Housing, and Urban Affairs. Hearings held. Hearings printed: S.Hrg. 115-108.</text>
      <links />
    </latestAction>
    <title>TAILOR Act of 2017</title>
    <subjects>
      <billSubjects>
        <policyArea>
          <name>Finance and Financial Sector</name>
        </policyArea>
        <legislativeSubjects>
          <item>
            <name>Administrative law and regulatory procedures</name>
          </item>
          <item>
            <name>Banking and financial institutions regulation</name>
          </item>
          <item>
            <name>Congressional oversight</name>
          </item>
          <item>
            <name>Consumer Financial Protection Bureau</name>
          </item>
          <item>
            <name>Department of the Treasury</name>
          </item>
          <item>
            <name>Federal Deposit Insurance Corporation (FDIC)</name>
          </item>
          <item>
            <name>Federal Reserve System</name>
          </item>
          <item>
            <name>National Credit Union Administration</name>
          </item>
        </legislativeSubjects>
      </billSubjects>
    </subjects>
    <relatedBills />
    <updateDate>2018-02-06T16:44:45Z</updateDate>
    <committeeReports />
    <notes />
    <recordedVotes />
    <amendments />
    <createDate>2017-02-14T05:20:37Z</createDate>
    <committees>
      <billCommittees>
        <item>
          <type>Standing</type>
          <systemCode>ssbk00</systemCode>
          <subcommittees />
          <activities>
            <item>
              <date>2017-07-13T14:00:02Z</date>
              <name>Hearings by</name>
            </item>
            <item>
              <date>2017-02-14T00:14:01Z</date>
              <name>Referred to</name>
            </item>
          </activities>
          <chamber>Senate</chamber>
          <name>Banking, Housing, and Urban Affairs Committee</name>
        </item>
      </billCommittees>
    </committees>
    <cboCostEstimates />
    <billNumber>366</billNumber>
    <policyArea>
      <name>Finance and Financial Sector</name>
    </policyArea>
    <version>1.0.0</version>
    <billType>S</billType>
    <originChamber>Senate</originChamber>
    <actions>
      <actionByCounts>
        <senate>5</senate>
      </actionByCounts>
      <actionTypeCounts>
        <referredToCommittee>1</referredToCommittee>
        <hearingsHeld>3</hearingsHeld>
        <introducedInSenate>1</introducedInSenate>
      </actionTypeCounts>
      <item>
        <actionDate>2017-07-13</actionDate>
        <committee>
          <systemCode>ssbk00</systemCode>
          <name>Banking, Housing, and Urban Affairs Committee</name>
        </committee>
        <links />
        <sourceSystem>
          <name>Senate</name>
          <code>0</code>
        </sourceSystem>
        <text>Committee on Banking, Housing, and Urban Affairs. Hearings held. Hearings printed: S.Hrg. 115-108.</text>
        <type>Committee</type>
      </item>
      <item>
        <actionDate>2017-06-22</actionDate>
        <committee>
          <systemCode>ssbk00</systemCode>
          <name>Banking, Housing, and Urban Affairs Committee</name>
        </committee>
        <links />
        <sourceSystem>
          <name>Senate</name>
          <code>0</code>
        </sourceSystem>
        <text>Committee on Banking, Housing, and Urban Affairs. Hearings held.</text>
        <type>Committee</type>
      </item>
      <item>
        <actionDate>2017-06-08</actionDate>
        <committee>
          <systemCode>ssbk00</systemCode>
          <name>Banking, Housing, and Urban Affairs Committee</name>
        </committee>
        <links />
        <sourceSystem>
          <name>Senate</name>
          <code>0</code>
        </sourceSystem>
        <text>Committee on Banking, Housing, and Urban Affairs. Hearings held.</text>
        <type>Committee</type>
      </item>
      <item>
        <actionDate>2017-02-13</actionDate>
        <committee>
          <systemCode>ssbk00</systemCode>
          <name>Banking, Housing, and Urban Affairs Committee</name>
        </committee>
        <links />
        <sourceSystem>
          <name>Senate</name>
          <code>0</code>
        </sourceSystem>
        <text>Read twice and referred to the Committee on Banking, Housing, and Urban Affairs.</text>
        <type>IntroReferral</type>
      </item>
      <item>
        <sourceSystem>
          <name>Library of Congress</name>
          <code>9</code>
        </sourceSystem>
        <actionDate>2017-02-13</actionDate>
        <text>Introduced in Senate</text>
        <type>IntroReferral</type>
        <links />
        <committee />
        <actionCode>10000</actionCode>
      </item>
    </actions>
    <sponsors>
      <item>
        <bioguideId>R000605</bioguideId>
        <party>R</party>
        <firstName>Mike</firstName>
        <middleName />
        <byRequestType />
        <fullName>Sen. Rounds, Mike  [R-SD]</fullName>
        <identifiers>
          <lisID>2288</lisID>
          <gpoId />
          <bioguideId>R000605</bioguideId>
        </identifiers>
        <lastName>Rounds</lastName>
        <state>SD</state>
      </item>
    </sponsors>
    <summaries>
      <billSummaries>
        <item>
          <versionCode>00</versionCode>
          <text><![CDATA[<p><strong>Taking Account of Institutions with Low Operation Risk Act of 2017 or the TAILOR Act of 2017</strong></p> <p>This bill requires federal financial regulatory agencies to: (1)&nbsp;in general, tailor a regulatory action so as to limit the regulatory&nbsp;impact and other burdens on the institutions involved, with consideration of the risk profiles and business models of those institutions; and (2) report to Congress on specific actions taken to do so, as well as on other related issues.</p> <p>The bill's requirements apply not only to future regulatory actions but also to regulations adopted on or after July 21, 2010.</p>]]></text>
          <actionDesc>Introduced in Senate</actionDesc>
          <actionDate>2017-02-13</actionDate>
          <lastSummaryUpdateDate>2017-09-20T15:24:37Z</lastSummaryUpdateDate>
          <name>Introduced in Senate</name>
          <updateDate>2017-02-13T05:00:00Z</updateDate>
        </item>
      </billSummaries>
    </summaries>
    <laws />
    <cosponsors>
      <item>
        <bioguideId>F000463</bioguideId>
        <sponsorshipDate>2017-03-13</sponsorshipDate>
        <isOriginalCosponsor>False</isOriginalCosponsor>
        <middleName />
        <sponsorshipWithdrawnDate />
        <firstName>Deb</firstName>
        <lastName>Fischer</lastName>
        <state>NE</state>
        <party>R</party>
        <identifiers>
          <gpoId />
          <lisID>2179</lisID>
          <bioguideId>F000463</bioguideId>
        </identifiers>
        <fullName>Sen. Fischer, Deb [R-NE]</fullName>
      </item>
      <item>
        <bioguideId>E000295</bioguideId>
        <sponsorshipDate>2017-03-28</sponsorshipDate>
        <isOriginalCosponsor>False</isOriginalCosponsor>
        <middleName />
        <sponsorshipWithdrawnDate />
        <firstName>Joni</firstName>
        <lastName>Ernst</lastName>
        <state>IA</state>
        <party>R</party>
        <identifiers>
          <bioguideId>E000295</bioguideId>
          <lisID>2283</lisID>
          <gpoId />
        </identifiers>
        <fullName>Sen. Ernst, Joni  [R-IA]</fullName>
      </item>
      <item>
        <bioguideId>P000612</bioguideId>
        <sponsorshipDate>2017-03-28</sponsorshipDate>
        <isOriginalCosponsor>False</isOriginalCosponsor>
        <middleName>Alfred</middleName>
        <sponsorshipWithdrawnDate />
        <firstName>David</firstName>
        <lastName>Perdue</lastName>
        <state>GA</state>
        <party>R</party>
        <identifiers>
          <bioguideId>P000612</bioguideId>
          <lisID>2286</lisID>
          <gpoId />
        </identifiers>
        <fullName>Sen. Perdue, David [R-GA]</fullName>
      </item>
      <item>
        <bioguideId>G000562</bioguideId>
        <sponsorshipDate>2017-03-28</sponsorshipDate>
        <isOriginalCosponsor>False</isOriginalCosponsor>
        <middleName />
        <sponsorshipWithdrawnDate />
        <firstName>Cory</firstName>
        <lastName>Gardner</lastName>
        <state>CO</state>
        <party>R</party>
        <identifiers>
          <lisID>1998</lisID>
          <gpoId>7862</gpoId>
          <bioguideId>G000562</bioguideId>
        </identifiers>
        <fullName>Sen. Gardner, Cory [R-CO]</fullName>
      </item>
      <item>
        <bioguideId>B001261</bioguideId>
        <sponsorshipDate>2017-03-28</sponsorshipDate>
        <isOriginalCosponsor>False</isOriginalCosponsor>
        <middleName />
        <sponsorshipWithdrawnDate />
        <firstName>John</firstName>
        <lastName>Barrasso</lastName>
        <state>WY</state>
        <party>R</party>
        <identifiers>
          <gpoId>8300</gpoId>
          <lisID>1881</lisID>
          <bioguideId>B001261</bioguideId>
        </identifiers>
        <fullName>Sen. Barrasso, John [R-WY]</fullName>
      </item>
      <item>
        <bioguideId>B001236</bioguideId>
        <sponsorshipDate>2017-03-29</sponsorshipDate>
        <isOriginalCosponsor>False</isOriginalCosponsor>
        <middleName />
        <sponsorshipWithdrawnDate />
        <firstName>John</firstName>
        <lastName>Boozman</lastName>
        <state>AR</state>
        <party>R</party>
        <identifiers>
          <gpoId>8247</gpoId>
          <lisID>1687</lisID>
          <bioguideId>B001236</bioguideId>
        </identifiers>
        <fullName>Sen. Boozman, John [R-AR]</fullName>
      </item>
      <item>
        <bioguideId>H000338</bioguideId>
        <sponsorshipDate>2017-04-04</sponsorshipDate>
        <isOriginalCosponsor>False</isOriginalCosponsor>
        <middleName>GRANT</middleName>
        <sponsorshipWithdrawnDate />
        <firstName>ORRIN</firstName>
        <lastName>HATCH</lastName>
        <state>UT</state>
        <party>R</party>
        <identifiers>
          <bioguideId>H000338</bioguideId>
          <lisID>1351</lisID>
          <gpoId>8314</gpoId>
        </identifiers>
        <fullName>Sen. Hatch, Orrin G. [R-UT]</fullName>
      </item>
      <item>
        <bioguideId>D000618</bioguideId>
        <sponsorshipDate>2017-05-16</sponsorshipDate>
        <isOriginalCosponsor>False</isOriginalCosponsor>
        <middleName />
        <sponsorshipWithdrawnDate />
        <firstName>Steve</firstName>
        <lastName>Daines</lastName>
        <state>MT</state>
        <party>R</party>
        <identifiers>
          <lisID>2138</lisID>
          <gpoId />
          <bioguideId>D000618</bioguideId>
        </identifiers>
        <fullName>Sen. Daines, Steve [R-MT]</fullName>
      </item>
      <item>
        <bioguideId>I000024</bioguideId>
        <sponsorshipDate>2017-10-03</sponsorshipDate>
        <isOriginalCosponsor>False</isOriginalCosponsor>
        <middleName />
        <sponsorshipWithdrawnDate />
        <firstName>JIM</firstName>
        <lastName>INHOFE</lastName>
        <state>OK</state>
        <party>R</party>
        <identifiers>
          <lisID>583</lisID>
          <bioguideId>I000024</bioguideId>
          <gpoId>8322</gpoId>
        </identifiers>
        <fullName>Sen. Inhofe, James M. [R-OK]</fullName>
      </item>
    </cosponsors>
  </bill>
  <dublinCore xmlns:dc="http://purl.org/dc/elements/1.1/">
    <dc:format>text/xml</dc:format>
    <dc:language>EN</dc:language>
    <dc:rights>Pursuant to Title 17 Section 105 of the United States Code, this file is not subject to copyright protection and is in the public domain.</dc:rights>
    <dc:contributor>Congressional Research Service, Library of Congress</dc:contributor>
    <dc:description>This file contains bill summaries and statuses for federal legislation. A bill summary describes the most significant provisions of a piece of legislation and details the effects the legislative text may have on current law and federal programs. Bill summaries are authored by the Congressional Research Service (CRS) of the Library of Congress. As stated in Public Law 91-510 (2 USC 166 (d)(6)), one of the duties of CRS is "to prepare summaries and digests of bills and resolutions of a public general nature introduced in the Senate or House of Representatives". For more information, refer to the User Guide that accompanies this file.</dc:description>
  </dublinCore>
</billStatus>

