<?xml version="1.0" encoding="UTF-8"?>
<billStatus>
  <bill>
    <updateDate>2018-02-27T05:28:35Z</updateDate>
    <cboCostEstimates />
    <latestAction>
      <text>Held at the desk.</text>
      <actionDate>2017-08-04</actionDate>
      <links />
      <actionTime>14:30:59</actionTime>
    </latestAction>
    <billNumber>860</billNumber>
    <committeeReports />
    <title>Juvenile Justice and Delinquency Prevention Reauthorization Act of 2017</title>
    <summaries>
      <billSummaries>
        <item>
          <updateDate>2017-04-05T04:00:00Z</updateDate>
          <actionDesc>Introduced in Senate</actionDesc>
          <versionCode>00</versionCode>
          <lastSummaryUpdateDate>2018-02-22T17:00:33Z</lastSummaryUpdateDate>
          <name>Introduced in Senate</name>
          <actionDate>2017-04-05</actionDate>
          <text><![CDATA[<p><b>Juvenile Justice and Delinquency Prevention Reauthorization Act of 2017</b></p> <p>This bill amends the Juvenile Justice and Delinquency Prevention Act of 1974 (JJDPA) to modify and reauthorize through FY2021 juvenile justice programs and activities.</p> <p>Specifically, it:</p> <ul> <li>revises and expands the purpose areas of the JJDPA; </li> <li>expands membership on the Coordinating Council on Juvenile Justice and Delinquency Prevention to include the Administrator of the Substance Abuse and Mental Health Services Administration and the Secretary of the Interior; </li> <li>expands requirements for the Department of Justice's Office of Juvenile Justice and Delinquency Prevention (OJJDP) with respect to the annual report on juveniles in custody; </li> <li>modifies the required components of a state's juvenile justice and prevention plan; </li> <li>modifies the four core requirements with which a state must comply to receive a full allocation of funds under the State Formula Grant Program; </li> <li>broadens the authorized grant purposes under the Incentive Grants for Local Delinquency Prevention Programs to include evidence-based or promising programs on mentoring, parent training and support, or in-home family services; and </li> <li> subjects juvenile justice grants to accountability provisions. </li> </ul> <p>The Government Accountability Office must evaluate the OJJDP's performance and audit selected grant recipients.</p> <p> The bill also amends the Omnibus Crime Control and Safe Streets Act of 1968 to condition a state's receipt of funds under the Juvenile Accountability Block Grant program on compliance with the core requirements of the JJDPA applicable to the detention and confinement of juveniles. </p>]]></text>
        </item>
      </billSummaries>
    </summaries>
    <billType>S</billType>
    <relatedBills>
      <item>
        <type>HR</type>
        <latestAction>
          <text>Read twice. Placed on Senate Legislative Calendar under General Orders. Calendar No. 303.</text>
          <actionDate>2018-02-06</actionDate>
        </latestAction>
        <relationshipDetails>
          <item>
            <type>Related bill</type>
            <identifiedBy>House</identifiedBy>
          </item>
          <item>
            <type>Related bill</type>
            <identifiedBy>CRS</identifiedBy>
          </item>
        </relationshipDetails>
        <latestTitle>Juvenile Justice Reform Act of 2017</latestTitle>
        <congress>115</congress>
        <number>1809</number>
      </item>
    </relatedBills>
    <calendarNumbers />
    <subjects>
      <billSubjects>
        <legislativeSubjects>
          <item>
            <name>Accounting and auditing</name>
          </item>
          <item>
            <name>Child care and development</name>
          </item>
          <item>
            <name>Child health</name>
          </item>
          <item>
            <name>Child safety and welfare</name>
          </item>
          <item>
            <name>Congressional oversight</name>
          </item>
          <item>
            <name>Correctional facilities and imprisonment</name>
          </item>
          <item>
            <name>Crime victims</name>
          </item>
          <item>
            <name>Crimes against children</name>
          </item>
          <item>
            <name>Criminal justice information and records</name>
          </item>
          <item>
            <name>Criminal procedure and sentencing</name>
          </item>
          <item>
            <name>Detention of persons</name>
          </item>
          <item>
            <name>Disability and paralysis</name>
          </item>
          <item>
            <name>Domestic violence and child abuse</name>
          </item>
          <item>
            <name>Drug, alcohol, tobacco use</name>
          </item>
          <item>
            <name>Executive agency funding and structure</name>
          </item>
          <item>
            <name>Food assistance and relief</name>
          </item>
          <item>
            <name>Government studies and investigations</name>
          </item>
          <item>
            <name>Human trafficking</name>
          </item>
          <item>
            <name>Indian social and development programs</name>
          </item>
          <item>
            <name>Judicial procedure and administration</name>
          </item>
          <item>
            <name>Juvenile crime and gang violence</name>
          </item>
          <item>
            <name>Law enforcement administration and funding</name>
          </item>
          <item>
            <name>Mental health</name>
          </item>
          <item>
            <name>Performance measurement</name>
          </item>
          <item>
            <name>Sex offenses</name>
          </item>
          <item>
            <name>Social work, volunteer service, charitable organizations</name>
          </item>
          <item>
            <name>State and local government operations</name>
          </item>
          <item>
            <name>Teenage pregnancy</name>
          </item>
          <item>
            <name>Women's health</name>
          </item>
        </legislativeSubjects>
        <policyArea>
          <name>Crime and Law Enforcement</name>
        </policyArea>
      </billSubjects>
    </subjects>
    <policyArea>
      <name>Crime and Law Enforcement</name>
    </policyArea>
    <committees>
      <billCommittees>
        <item>
          <activities>
            <item>
              <name>Discharged from</name>
              <date>2017-08-01T22:07:35Z</date>
            </item>
            <item>
              <name>Referred to</name>
              <date>2017-04-05T23:32:22Z</date>
            </item>
          </activities>
          <subcommittees />
          <systemCode>ssju00</systemCode>
          <name>Judiciary Committee</name>
          <type>Standing</type>
          <chamber>Senate</chamber>
        </item>
      </billCommittees>
    </committees>
    <createDate>2017-04-06T02:11:55Z</createDate>
    <laws />
    <recordedVotes />
    <cosponsors>
      <item>
        <firstName>Sheldon</firstName>
        <middleName />
        <lastName>Whitehouse</lastName>
        <bioguideId>W000802</bioguideId>
        <fullName>Sen. Whitehouse, Sheldon [D-RI]</fullName>
        <state>RI</state>
        <sponsorshipDate>2017-04-05</sponsorshipDate>
        <sponsorshipWithdrawnDate />
        <party>D</party>
        <identifiers>
          <lisID>1823</lisID>
          <gpoId>8264</gpoId>
          <bioguideId>W000802</bioguideId>
        </identifiers>
        <isOriginalCosponsor>True</isOriginalCosponsor>
      </item>
      <item>
        <firstName>Thomas</firstName>
        <middleName>Roland</middleName>
        <lastName>Tillis</lastName>
        <bioguideId>T000476</bioguideId>
        <fullName>Sen. Tillis, Thom [R-NC]</fullName>
        <state>NC</state>
        <sponsorshipDate>2017-04-05</sponsorshipDate>
        <sponsorshipWithdrawnDate />
        <party>R</party>
        <identifiers>
          <gpoId />
          <bioguideId>T000476</bioguideId>
          <lisID>2291</lisID>
        </identifiers>
        <isOriginalCosponsor>True</isOriginalCosponsor>
      </item>
      <item>
        <firstName>DIANNE</firstName>
        <middleName />
        <lastName>FEINSTEIN</lastName>
        <bioguideId>F000062</bioguideId>
        <fullName>Sen. Feinstein, Dianne [D-CA]</fullName>
        <state>CA</state>
        <sponsorshipDate>2017-04-05</sponsorshipDate>
        <sponsorshipWithdrawnDate />
        <party>D</party>
        <identifiers>
          <bioguideId>F000062</bioguideId>
          <lisID>1332</lisID>
          <gpoId>8338</gpoId>
        </identifiers>
        <isOriginalCosponsor>True</isOriginalCosponsor>
      </item>
      <item>
        <firstName>ORRIN</firstName>
        <middleName>GRANT</middleName>
        <lastName>HATCH</lastName>
        <bioguideId>H000338</bioguideId>
        <fullName>Sen. Hatch, Orrin G. [R-UT]</fullName>
        <state>UT</state>
        <sponsorshipDate>2017-04-05</sponsorshipDate>
        <sponsorshipWithdrawnDate />
        <party>R</party>
        <identifiers>
          <lisID>1351</lisID>
          <bioguideId>H000338</bioguideId>
          <gpoId>8314</gpoId>
        </identifiers>
        <isOriginalCosponsor>True</isOriginalCosponsor>
      </item>
      <item>
        <firstName>PATRICK</firstName>
        <middleName>JOSEPH</middleName>
        <lastName>LEAHY</lastName>
        <bioguideId>L000174</bioguideId>
        <fullName>Sen. Leahy, Patrick J. [D-VT]</fullName>
        <state>VT</state>
        <sponsorshipDate>2017-04-05</sponsorshipDate>
        <sponsorshipWithdrawnDate />
        <party>D</party>
        <identifiers>
          <bioguideId>L000174</bioguideId>
          <lisID>1383</lisID>
          <gpoId>8244</gpoId>
        </identifiers>
        <isOriginalCosponsor>True</isOriginalCosponsor>
      </item>
      <item>
        <firstName>RICHARD</firstName>
        <middleName>J.</middleName>
        <lastName>DURBIN</lastName>
        <bioguideId>D000563</bioguideId>
        <fullName>Sen. Durbin, Richard J. [D-IL]</fullName>
        <state>IL</state>
        <sponsorshipDate>2017-04-05</sponsorshipDate>
        <sponsorshipWithdrawnDate />
        <party>D</party>
        <identifiers>
          <lisID>326</lisID>
          <gpoId>8326</gpoId>
          <bioguideId>D000563</bioguideId>
        </identifiers>
        <isOriginalCosponsor>True</isOriginalCosponsor>
      </item>
      <item>
        <firstName>John</firstName>
        <middleName />
        <lastName>Cornyn</lastName>
        <bioguideId>C001056</bioguideId>
        <fullName>Sen. Cornyn, John [R-TX]</fullName>
        <state>TX</state>
        <sponsorshipDate>2017-04-05</sponsorshipDate>
        <sponsorshipWithdrawnDate />
        <party>R</party>
        <identifiers>
          <gpoId>8295</gpoId>
          <lisID>1692</lisID>
          <bioguideId>C001056</bioguideId>
        </identifiers>
        <isOriginalCosponsor>True</isOriginalCosponsor>
      </item>
      <item>
        <firstName>Roy</firstName>
        <middleName />
        <lastName>Blunt</lastName>
        <bioguideId>B000575</bioguideId>
        <fullName>Sen. Blunt, Roy [R-MO]</fullName>
        <state>MO</state>
        <sponsorshipDate>2017-04-05</sponsorshipDate>
        <sponsorshipWithdrawnDate />
        <party>R</party>
        <identifiers>
          <bioguideId>B000575</bioguideId>
          <lisID>1464</lisID>
          <gpoId>8313</gpoId>
        </identifiers>
        <isOriginalCosponsor>True</isOriginalCosponsor>
      </item>
      <item>
        <firstName>Amy</firstName>
        <middleName />
        <lastName>Klobuchar</lastName>
        <bioguideId>K000367</bioguideId>
        <fullName>Sen. Klobuchar, Amy [D-MN]</fullName>
        <state>MN</state>
        <sponsorshipDate>2017-04-05</sponsorshipDate>
        <sponsorshipWithdrawnDate />
        <party>D</party>
        <identifiers>
          <bioguideId>K000367</bioguideId>
          <gpoId>8249</gpoId>
          <lisID>1826</lisID>
        </identifiers>
        <isOriginalCosponsor>True</isOriginalCosponsor>
      </item>
      <item>
        <firstName>Marco</firstName>
        <middleName />
        <lastName>Rubio</lastName>
        <bioguideId>R000595</bioguideId>
        <fullName>Sen. Rubio, Marco [R-FL]</fullName>
        <state>FL</state>
        <sponsorshipDate>2017-05-16</sponsorshipDate>
        <sponsorshipWithdrawnDate />
        <party>R</party>
        <identifiers>
          <lisID>2084</lisID>
          <gpoId>8242</gpoId>
          <bioguideId>R000595</bioguideId>
        </identifiers>
        <isOriginalCosponsor>False</isOriginalCosponsor>
      </item>
      <item>
        <firstName>Al</firstName>
        <middleName />
        <lastName>Franken</lastName>
        <bioguideId>F000457</bioguideId>
        <fullName>Sen. Franken, Al [D-MN]</fullName>
        <state>MN</state>
        <sponsorshipDate>2017-05-16</sponsorshipDate>
        <sponsorshipWithdrawnDate />
        <party>D</party>
        <identifiers>
          <gpoId>8339</gpoId>
          <lisID>1969</lisID>
          <bioguideId>F000457</bioguideId>
        </identifiers>
        <isOriginalCosponsor>False</isOriginalCosponsor>
      </item>
      <item>
        <firstName>Cory</firstName>
        <middleName>A.</middleName>
        <lastName>Booker</lastName>
        <bioguideId>B001288</bioguideId>
        <fullName>Sen. Booker, Cory A. [D-NJ]</fullName>
        <state>NJ</state>
        <sponsorshipDate>2017-07-24</sponsorshipDate>
        <sponsorshipWithdrawnDate />
        <party>D</party>
        <identifiers>
          <bioguideId>B001288</bioguideId>
          <gpoId />
          <lisID>2194</lisID>
        </identifiers>
        <isOriginalCosponsor>False</isOriginalCosponsor>
      </item>
      <item>
        <firstName>Joni</firstName>
        <middleName />
        <lastName>Ernst</lastName>
        <bioguideId>E000295</bioguideId>
        <fullName>Sen. Ernst, Joni  [R-IA]</fullName>
        <state>IA</state>
        <sponsorshipDate>2017-07-24</sponsorshipDate>
        <sponsorshipWithdrawnDate />
        <party>R</party>
        <identifiers>
          <bioguideId>E000295</bioguideId>
          <lisID>2283</lisID>
          <gpoId />
        </identifiers>
        <isOriginalCosponsor>False</isOriginalCosponsor>
      </item>
    </cosponsors>
    <originChamber>Senate</originChamber>
    <sponsors>
      <item>
        <bioguideId>G000386</bioguideId>
        <firstName>CHARLES</firstName>
        <lastName>GRASSLEY</lastName>
        <state>IA</state>
        <party>R</party>
        <middleName>ERNEST</middleName>
        <byRequestType />
        <identifiers>
          <gpoId>8316</gpoId>
          <lisID>457</lisID>
          <bioguideId>G000386</bioguideId>
        </identifiers>
        <fullName>Sen. Grassley, Chuck [R-IA]</fullName>
      </item>
    </sponsors>
    <introducedDate>2017-04-05</introducedDate>
    <amendments>
      <amendment>
        <number>741</number>
        <congress>115</congress>
        <chamber>Senate</chamber>
        <amendedBill>
          <congress>115</congress>
          <originChamber>Senate</originChamber>
          <title>Juvenile Justice and Delinquency Prevention Reauthorization Act of 2017</title>
          <number>860</number>
          <type>S</type>
          <originChamberCode>S</originChamberCode>
        </amendedBill>
        <updateDate>2018-02-27T05:27:26Z</updateDate>
        <notes />
        <titles />
        <sponsors>
          <item>
            <fullName>Sen. Grassley, Chuck [R-IA]</fullName>
            <lastName>GRASSLEY</lastName>
            <bioguideId>G000386</bioguideId>
            <party>R</party>
            <middleName>ERNEST</middleName>
            <state>IA</state>
            <firstName>CHARLES</firstName>
            <identifiers>
              <gpoId>8316</gpoId>
              <lisID>457</lisID>
              <bioguideId>G000386</bioguideId>
            </identifiers>
          </item>
        </sponsors>
        <createDate>2017-08-02T04:36:33Z</createDate>
        <cosponsors>
          <totalCount>0</totalCount>
          <currentCount>0</currentCount>
        </cosponsors>
        <purpose>To improve the bill.</purpose>
        <amendedAmendment />
        <number>741</number>
        <links />
        <actions>
          <count>6</count>
          <actionByCounts>
            <senate>5</senate>
          </actionByCounts>
          <actionTypeCounts>
            <amendmentProposed>1</amendmentProposed>
            <senateAmendmentSubmitted>1</senateAmendmentSubmitted>
            <senateAmendmentProposedOnTheFloor>1</senateAmendmentProposedOnTheFloor>
            <senateAmendmentAgreedTo>1</senateAmendmentAgreedTo>
            <amendmentAgreedTo>1</amendmentAgreedTo>
          </actionTypeCounts>
          <actions>
            <item>
              <actionDate>2017-08-01</actionDate>
              <committee />
              <links>
                <link>
                  <name>S.Amdt.741</name>
                  <url>https://www.congress.gov/amendment/115th-congress/senate-amendment/741</url>
                </link>
                <link>
                  <name>SA 741</name>
                  <url>https://www.congress.gov/amendment/115th-congress/senate-amendment/741</url>
                </link>
              </links>
              <sourceSystem>
                <name>Senate</name>
                <code>0</code>
              </sourceSystem>
              <text>Amendment SA 741 agreed to in Senate by Unanimous Consent.</text>
              <type>Floor</type>
            </item>
            <item>
              <actionDate>2017-08-01</actionDate>
              <committee />
              <links>
                <link>
                  <name>S.Amdt.741</name>
                  <url>https://www.congress.gov/amendment/115th-congress/senate-amendment/741</url>
                </link>
                <link>
                  <name>S4650-4651</name>
                  <url>https://www.congress.gov/congressional-record/volume-163/senate-section/page/S4650-4651</url>
                </link>
                <link>
                  <name>S4651</name>
                  <url>https://www.congress.gov/congressional-record/volume-163/senate-section/page/S4651</url>
                </link>
                <link>
                  <name>SA 741</name>
                  <url>https://www.congress.gov/amendment/115th-congress/senate-amendment/741</url>
                </link>
              </links>
              <sourceSystem>
                <name>Senate</name>
                <code>0</code>
              </sourceSystem>
              <text>Amendment SA 741 proposed by Senator Grassley. (consideration: CR S4650-4651; text: CR S4651) To improve the bill.</text>
              <type>Floor</type>
            </item>
            <item>
              <actionDate>2017-08-01</actionDate>
              <committee />
              <links />
              <text />
            </item>
            <item>
              <text>Senate amendment proposed (on the floor): Amendment SA 741 proposed by Senator Grassley.(consideration: CR S4650-4651; text: CR S4651)</text>
              <type>Floor</type>
              <actionDate>2017-08-01</actionDate>
              <links>
                <link>
                  <name>S.Amdt.741</name>
                  <url>https://www.congress.gov/amendment/115th-congress/senate-amendment/741</url>
                </link>
                <link>
                  <name>S4650-4651</name>
                  <url>https://www.congress.gov/congressional-record/volume-163/senate-section/page/S4650-4651</url>
                </link>
                <link>
                  <name>S4651</name>
                  <url>https://www.congress.gov/congressional-record/volume-163/senate-section/page/S4651</url>
                </link>
                <link>
                  <name>SA 741</name>
                  <url>https://www.congress.gov/amendment/115th-congress/senate-amendment/741</url>
                </link>
              </links>
              <actionCode>93000</actionCode>
              <committee />
              <sourceSystem>
                <name>Library of Congress</name>
                <code>9</code>
              </sourceSystem>
            </item>
            <item>
              <text>Senate amendment agreed to: Amendment SA 741 agreed to in Senate by Unanimous Consent.</text>
              <type>Floor</type>
              <actionDate>2017-08-01</actionDate>
              <links>
                <link>
                  <name>S.Amdt.741</name>
                  <url>https://www.congress.gov/amendment/115th-congress/senate-amendment/741</url>
                </link>
                <link>
                  <name>SA 741</name>
                  <url>https://www.congress.gov/amendment/115th-congress/senate-amendment/741</url>
                </link>
              </links>
              <actionCode>94000</actionCode>
              <committee />
              <sourceSystem>
                <name>Library of Congress</name>
                <code>9</code>
              </sourceSystem>
            </item>
            <item>
              <text>Senate amendment submitted</text>
              <type>Floor</type>
              <actionDate>2017-08-01</actionDate>
              <links />
              <actionCode>91000</actionCode>
              <committee />
              <sourceSystem>
                <name>Library of Congress</name>
                <code>9</code>
              </sourceSystem>
            </item>
          </actions>
        </actions>
        <submittedDate>2017-08-01T04:00:00Z</submittedDate>
        <description />
        <version>1.0.0</version>
        <proposedDate>2017-08-01T04:00:00Z</proposedDate>
        <type>SAMDT</type>
        <amendments>
          <count>0</count>
        </amendments>
        <purpose>To improve the bill.</purpose>
        <description />
        <congress>115</congress>
        <latestAction>
          <actionDate>2017-08-01</actionDate>
          <text>Amendment SA 741 agreed to in Senate by Unanimous Consent.</text>
        </latestAction>
        <type>SAMDT</type>
      </amendment>
    </amendments>
    <notes />
    <version>1.0.0</version>
    <congress>115</congress>
    <titles>
      <item>
        <title>Juvenile Justice and Delinquency Prevention Reauthorization Act of 2017</title>
        <chamberCode>S</chamberCode>
        <titleType>Short Titles as Passed Senate</titleType>
        <parentTitleType>Short Titles Senate</parentTitleType>
        <chamberName>Senate</chamberName>
      </item>
      <item>
        <title>Juvenile Justice and Delinquency Prevention Reauthorization Act of 2017</title>
        <chamberCode />
        <titleType>Short Titles as Introduced</titleType>
        <parentTitleType />
        <chamberName />
      </item>
      <item>
        <title>A bill to reauthorize and improve the Juvenile Justice and Delinquency Prevention Act of 1974, and for other purposes.</title>
        <chamberCode />
        <titleType>Official Title as Introduced</titleType>
        <parentTitleType />
        <chamberName />
      </item>
      <item>
        <title>Juvenile Justice and Delinquency Prevention Reauthorization Act of 2017</title>
        <chamberCode />
        <titleType>Display Title</titleType>
        <parentTitleType />
        <chamberName />
      </item>
      <item>
        <title>Juvenile Justice and Delinquency Prevention Reauthorization Act of 2017</title>
        <chamberCode>S</chamberCode>
        <titleType>(Extracted from GPO) Short Titles as Passed Senate</titleType>
        <parentTitleType />
        <chamberName>Senate</chamberName>
      </item>
      <item>
        <title>Juvenile Justice and Delinquency Prevention Reauthorization Act of 2017</title>
        <chamberCode />
        <titleType>(Extracted from GPO) Short Titles as Introduced</titleType>
        <parentTitleType />
        <chamberName />
      </item>
    </titles>
    <actions>
      <actionByCounts>
        <houseOfRepresentatives>2</houseOfRepresentatives>
        <senate>8</senate>
      </actionByCounts>
      <actionTypeCounts>
        <passedAgreedToInSenate>1</passedAgreedToInSenate>
        <introducedInSenate>1</introducedInSenate>
        <heldAtTheDesk>1</heldAtTheDesk>
        <senateCommitteeDischarged>1</senateCommitteeDischarged>
        <referredToCommittee>1</referredToCommittee>
        <sentToHouse>1</sentToHouse>
        <passedSenate>1</passedSenate>
        <committeeDischarged>1</committeeDischarged>
        <receivedInTheHouse>1</receivedInTheHouse>
        <measureLaidBeforeSenate>1</measureLaidBeforeSenate>
      </actionTypeCounts>
      <item>
        <sourceSystem>
          <name>House floor actions</name>
          <code>2</code>
        </sourceSystem>
        <links />
        <committee />
        <text>Held at the desk.</text>
        <type>Floor</type>
        <actionTime>14:30:59</actionTime>
        <actionCode>H15000</actionCode>
        <actionDate>2017-08-04</actionDate>
      </item>
      <item>
        <sourceSystem>
          <name>House floor actions</name>
          <code>2</code>
        </sourceSystem>
        <links />
        <committee />
        <text>Received in the House.</text>
        <type>Floor</type>
        <actionTime>13:04:45</actionTime>
        <actionCode>H14000</actionCode>
        <actionDate>2017-08-04</actionDate>
      </item>
      <item>
        <actionDate>2017-08-02</actionDate>
        <committee />
        <links />
        <sourceSystem>
          <name>Senate</name>
          <code>0</code>
        </sourceSystem>
        <text>Message on Senate action sent to the House.</text>
        <type>Floor</type>
      </item>
      <item>
        <actionDate>2017-08-01</actionDate>
        <committee />
        <links>
          <link>
            <url>https://www.congress.gov/congressional-record/volume-163/senate-section/page/S4651-4659</url>
            <name>S4651-4659</name>
          </link>
        </links>
        <sourceSystem>
          <name>Senate</name>
          <code>0</code>
        </sourceSystem>
        <text>Passed Senate with an amendment by Voice Vote. (text: CR S4651-4659)</text>
        <type>Floor</type>
      </item>
      <item>
        <sourceSystem>
          <name>Library of Congress</name>
          <code>9</code>
        </sourceSystem>
        <links />
        <committee />
        <text>Passed/agreed to in Senate: Passed Senate with an amendment by Voice Vote.</text>
        <type>Floor</type>
        <actionCode>17000</actionCode>
        <actionDate>2017-08-01</actionDate>
      </item>
      <item>
        <actionDate>2017-08-01</actionDate>
        <committee />
        <links>
          <link>
            <url>https://www.congress.gov/congressional-record/volume-163/senate-section/page/S4649-4659</url>
            <name>S4649-4659</name>
          </link>
        </links>
        <sourceSystem>
          <name>Senate</name>
          <code>0</code>
        </sourceSystem>
        <text>Measure laid before Senate by unanimous consent. (consideration: CR S4649-4659)</text>
        <type>Floor</type>
      </item>
      <item>
        <actionDate>2017-08-01</actionDate>
        <committee>
          <systemCode>ssju00</systemCode>
          <name>Judiciary Committee</name>
        </committee>
        <links />
        <sourceSystem>
          <name>Senate</name>
          <code>0</code>
        </sourceSystem>
        <text>Senate Committee on the Judiciary discharged by Unanimous Consent.</text>
        <type>Discharge</type>
      </item>
      <item>
        <sourceSystem>
          <name>Library of Congress</name>
          <code>9</code>
        </sourceSystem>
        <links />
        <committee>
          <systemCode>ssju00</systemCode>
          <name>Judiciary Committee</name>
        </committee>
        <text>Senate Committee on the Judiciary discharged by Unanimous Consent.</text>
        <type>Committee</type>
        <actionCode>14500</actionCode>
        <actionDate>2017-08-01</actionDate>
      </item>
      <item>
        <actionDate>2017-04-05</actionDate>
        <committee>
          <systemCode>ssju00</systemCode>
          <name>Judiciary Committee</name>
        </committee>
        <links />
        <sourceSystem>
          <name>Senate</name>
          <code>0</code>
        </sourceSystem>
        <text>Read twice and referred to the Committee on the Judiciary.</text>
        <type>IntroReferral</type>
      </item>
      <item>
        <sourceSystem>
          <name>Library of Congress</name>
          <code>9</code>
        </sourceSystem>
        <links />
        <committee />
        <text>Introduced in Senate</text>
        <type>IntroReferral</type>
        <actionCode>10000</actionCode>
        <actionDate>2017-04-05</actionDate>
      </item>
    </actions>
  </bill>
  <dublinCore xmlns:dc="http://purl.org/dc/elements/1.1/">
    <dc:format>text/xml</dc:format>
    <dc:language>EN</dc:language>
    <dc:rights>Pursuant to Title 17 Section 105 of the United States Code, this file is not subject to copyright protection and is in the public domain.</dc:rights>
    <dc:contributor>Congressional Research Service, Library of Congress</dc:contributor>
    <dc:description>This file contains bill summaries and statuses for federal legislation. A bill summary describes the most significant provisions of a piece of legislation and details the effects the legislative text may have on current law and federal programs. Bill summaries are authored by the Congressional Research Service (CRS) of the Library of Congress. As stated in Public Law 91-510 (2 USC 166 (d)(6)), one of the duties of CRS is "to prepare summaries and digests of bills and resolutions of a public general nature introduced in the Senate or House of Representatives". For more information, refer to the User Guide that accompanies this file.</dc:description>
  </dublinCore>
</billStatus>

