<?xml version="1.0" encoding="UTF-8"?>
<billStatus>
  <bill>
    <createDate>2017-02-28T05:17:32Z</createDate>
    <introducedDate>2017-02-27</introducedDate>
    <congress>115</congress>
    <latestAction>
      <actionDate>2017-02-27</actionDate>
      <links />
      <text>Read twice and referred to the Committee on the Judiciary.</text>
    </latestAction>
    <originChamber>Senate</originChamber>
    <billNumber>446</billNumber>
    <sponsors>
      <item>
        <state>TX</state>
        <identifiers>
          <lisID>1692</lisID>
          <bioguideId>C001056</bioguideId>
          <gpoId>8295</gpoId>
        </identifiers>
        <bioguideId>C001056</bioguideId>
        <lastName>Cornyn</lastName>
        <fullName>Sen. Cornyn, John [R-TX]</fullName>
        <firstName>John</firstName>
        <party>R</party>
        <middleName />
        <byRequestType />
      </item>
    </sponsors>
    <title>Constitutional Concealed Carry Reciprocity Act of 2017</title>
    <relatedBills />
    <titles>
      <item>
        <titleType>(Extracted from GPO) Short Titles as Introduced</titleType>
        <title>Constitutional Concealed Carry Reciprocity Act of 2017</title>
        <chamberCode />
        <parentTitleType />
        <chamberName />
      </item>
      <item>
        <titleType>Short Titles as Introduced</titleType>
        <title>Constitutional Concealed Carry Reciprocity Act of 2017</title>
        <chamberCode />
        <parentTitleType />
        <chamberName />
      </item>
      <item>
        <titleType>Official Title as Introduced</titleType>
        <title>A bill to allow reciprocity for the carrying of certain concealed firearms.</title>
        <chamberCode />
        <parentTitleType />
        <chamberName />
      </item>
      <item>
        <titleType>Display Title</titleType>
        <title>Constitutional Concealed Carry Reciprocity Act of 2017</title>
        <chamberCode />
        <parentTitleType />
        <chamberName />
      </item>
    </titles>
    <billType>S</billType>
    <summaries>
      <billSummaries>
        <item>
          <updateDate>2017-02-27T05:00:00Z</updateDate>
          <lastSummaryUpdateDate>2017-07-24T20:01:43Z</lastSummaryUpdateDate>
          <actionDate>2017-02-27</actionDate>
          <name>Introduced in Senate</name>
          <actionDesc>Introduced in Senate</actionDesc>
          <versionCode>00</versionCode>
          <text><![CDATA[<p> <p><b>Constitutional Concealed Carry Reciprocity Act of 2017</b></p> <p> This bill amends the federal criminal code to allow a qualified individual to carry a concealed handgun into or possess a concealed handgun in another state that allows its residents to carry concealed firearms.</p> <p>A qualified individual must: (1) be eligible to possess, transport, or receive a firearm under federal law; (2) carry a valid photo identification document; and (3) carry a valid state-issued concealed carry permit, or be eligible to carry a concealed firearm in his or her state of residence.</p>]]></text>
        </item>
      </billSummaries>
    </summaries>
    <committeeReports />
    <laws />
    <subjects>
      <billSubjects>
        <legislativeSubjects>
          <item>
            <name>Firearms and explosives</name>
          </item>
          <item>
            <name>Intergovernmental relations</name>
          </item>
          <item>
            <name>Licensing and registrations</name>
          </item>
          <item>
            <name>State and local government operations</name>
          </item>
        </legislativeSubjects>
        <policyArea>
          <name>Crime and Law Enforcement</name>
        </policyArea>
      </billSubjects>
    </subjects>
    <committees>
      <billCommittees>
        <item>
          <type>Standing</type>
          <systemCode>ssju00</systemCode>
          <subcommittees />
          <activities>
            <item>
              <date>2017-02-27T18:47:36Z</date>
              <name>Referred to</name>
            </item>
          </activities>
          <chamber>Senate</chamber>
          <name>Judiciary Committee</name>
        </item>
      </billCommittees>
    </committees>
    <version>1.0.0</version>
    <recordedVotes />
    <updateDate>2018-02-06T16:44:50Z</updateDate>
    <calendarNumbers />
    <cboCostEstimates />
    <actions>
      <item>
        <actionDate>2017-02-27</actionDate>
        <committee>
          <systemCode>ssju00</systemCode>
          <name>Judiciary Committee</name>
        </committee>
        <links />
        <sourceSystem>
          <name>Senate</name>
          <code>0</code>
        </sourceSystem>
        <text>Read twice and referred to the Committee on the Judiciary.</text>
        <type>IntroReferral</type>
      </item>
      <item>
        <links />
        <actionDate>2017-02-27</actionDate>
        <type>IntroReferral</type>
        <text>Introduced in Senate</text>
        <actionCode>10000</actionCode>
        <sourceSystem>
          <name>Library of Congress</name>
          <code>9</code>
        </sourceSystem>
        <committee />
      </item>
      <actionByCounts>
        <senate>2</senate>
      </actionByCounts>
      <actionTypeCounts>
        <introducedInSenate>1</introducedInSenate>
        <referredToCommittee>1</referredToCommittee>
      </actionTypeCounts>
    </actions>
    <amendments />
    <notes />
    <policyArea>
      <name>Crime and Law Enforcement</name>
    </policyArea>
    <cosponsors>
      <item>
        <bioguideId>B001261</bioguideId>
        <sponsorshipDate>2017-02-27</sponsorshipDate>
        <isOriginalCosponsor>True</isOriginalCosponsor>
        <middleName />
        <sponsorshipWithdrawnDate />
        <firstName>John</firstName>
        <lastName>Barrasso</lastName>
        <state>WY</state>
        <party>R</party>
        <identifiers>
          <gpoId>8300</gpoId>
          <bioguideId>B001261</bioguideId>
          <lisID>1881</lisID>
        </identifiers>
        <fullName>Sen. Barrasso, John [R-WY]</fullName>
      </item>
      <item>
        <bioguideId>B000575</bioguideId>
        <sponsorshipDate>2017-02-27</sponsorshipDate>
        <isOriginalCosponsor>True</isOriginalCosponsor>
        <middleName />
        <sponsorshipWithdrawnDate />
        <firstName>Roy</firstName>
        <lastName>Blunt</lastName>
        <state>MO</state>
        <party>R</party>
        <identifiers>
          <bioguideId>B000575</bioguideId>
          <lisID>1464</lisID>
          <gpoId>8313</gpoId>
        </identifiers>
        <fullName>Sen. Blunt, Roy [R-MO]</fullName>
      </item>
      <item>
        <bioguideId>B001236</bioguideId>
        <sponsorshipDate>2017-02-27</sponsorshipDate>
        <isOriginalCosponsor>True</isOriginalCosponsor>
        <middleName />
        <sponsorshipWithdrawnDate />
        <firstName>John</firstName>
        <lastName>Boozman</lastName>
        <state>AR</state>
        <party>R</party>
        <identifiers>
          <gpoId>8247</gpoId>
          <lisID>1687</lisID>
          <bioguideId>B001236</bioguideId>
        </identifiers>
        <fullName>Sen. Boozman, John [R-AR]</fullName>
      </item>
      <item>
        <bioguideId>C001047</bioguideId>
        <sponsorshipDate>2017-02-27</sponsorshipDate>
        <isOriginalCosponsor>True</isOriginalCosponsor>
        <middleName>MOORE</middleName>
        <sponsorshipWithdrawnDate />
        <firstName>SHELLEY</firstName>
        <lastName>CAPITO</lastName>
        <state>WV</state>
        <party>R</party>
        <identifiers>
          <lisID>1676</lisID>
          <bioguideId>C001047</bioguideId>
          <gpoId>8223</gpoId>
        </identifiers>
        <fullName>Sen. Capito, Shelley Moore [R-WV]</fullName>
      </item>
      <item>
        <bioguideId>C000567</bioguideId>
        <sponsorshipDate>2017-02-27</sponsorshipDate>
        <isOriginalCosponsor>True</isOriginalCosponsor>
        <middleName />
        <sponsorshipWithdrawnDate />
        <firstName>Thad</firstName>
        <lastName>Cochran</lastName>
        <state>MS</state>
        <party>R</party>
        <identifiers>
          <lisID>213</lisID>
          <bioguideId>C000567</bioguideId>
          <gpoId>8292</gpoId>
        </identifiers>
        <fullName>Sen. Cochran, Thad [R-MS]</fullName>
      </item>
      <item>
        <bioguideId>C000880</bioguideId>
        <sponsorshipDate>2017-02-27</sponsorshipDate>
        <isOriginalCosponsor>True</isOriginalCosponsor>
        <middleName>D.</middleName>
        <sponsorshipWithdrawnDate />
        <firstName>MICHAEL</firstName>
        <lastName>CRAPO</lastName>
        <state>ID</state>
        <party>R</party>
        <identifiers>
          <lisID>250</lisID>
          <gpoId>8289</gpoId>
          <bioguideId>C000880</bioguideId>
        </identifiers>
        <fullName>Sen. Crapo, Mike [R-ID]</fullName>
      </item>
      <item>
        <bioguideId>C001098</bioguideId>
        <sponsorshipDate>2017-02-27</sponsorshipDate>
        <isOriginalCosponsor>True</isOriginalCosponsor>
        <middleName />
        <sponsorshipWithdrawnDate />
        <firstName>Ted</firstName>
        <lastName>Cruz</lastName>
        <state>TX</state>
        <party>R</party>
        <identifiers>
          <gpoId />
          <lisID>2175</lisID>
          <bioguideId>C001098</bioguideId>
        </identifiers>
        <fullName>Sen. Cruz, Ted [R-TX]</fullName>
      </item>
      <item>
        <bioguideId>D000618</bioguideId>
        <sponsorshipDate>2017-02-27</sponsorshipDate>
        <isOriginalCosponsor>True</isOriginalCosponsor>
        <middleName />
        <sponsorshipWithdrawnDate />
        <firstName>Steve</firstName>
        <lastName>Daines</lastName>
        <state>MT</state>
        <party>R</party>
        <identifiers>
          <bioguideId>D000618</bioguideId>
          <lisID>2138</lisID>
          <gpoId />
        </identifiers>
        <fullName>Sen. Daines, Steve [R-MT]</fullName>
      </item>
      <item>
        <bioguideId>E000285</bioguideId>
        <sponsorshipDate>2017-02-27</sponsorshipDate>
        <isOriginalCosponsor>True</isOriginalCosponsor>
        <middleName>B.</middleName>
        <sponsorshipWithdrawnDate />
        <firstName>MICHAEL</firstName>
        <lastName>ENZI</lastName>
        <state>WY</state>
        <party>R</party>
        <identifiers>
          <lisID>1542</lisID>
          <bioguideId>E000285</bioguideId>
          <gpoId>8328</gpoId>
        </identifiers>
        <fullName>Sen. Enzi, Michael B. [R-WY]</fullName>
      </item>
      <item>
        <bioguideId>E000295</bioguideId>
        <sponsorshipDate>2017-02-27</sponsorshipDate>
        <isOriginalCosponsor>True</isOriginalCosponsor>
        <middleName />
        <sponsorshipWithdrawnDate />
        <firstName>Joni</firstName>
        <lastName>Ernst</lastName>
        <state>IA</state>
        <party>R</party>
        <identifiers>
          <bioguideId>E000295</bioguideId>
          <lisID>2283</lisID>
          <gpoId />
        </identifiers>
        <fullName>Sen. Ernst, Joni  [R-IA]</fullName>
      </item>
      <item>
        <bioguideId>F000463</bioguideId>
        <sponsorshipDate>2017-02-27</sponsorshipDate>
        <isOriginalCosponsor>True</isOriginalCosponsor>
        <middleName />
        <sponsorshipWithdrawnDate />
        <firstName>Deb</firstName>
        <lastName>Fischer</lastName>
        <state>NE</state>
        <party>R</party>
        <identifiers>
          <gpoId />
          <lisID>2179</lisID>
          <bioguideId>F000463</bioguideId>
        </identifiers>
        <fullName>Sen. Fischer, Deb [R-NE]</fullName>
      </item>
      <item>
        <bioguideId>G000359</bioguideId>
        <sponsorshipDate>2017-02-27</sponsorshipDate>
        <isOriginalCosponsor>True</isOriginalCosponsor>
        <middleName>O.</middleName>
        <sponsorshipWithdrawnDate />
        <firstName>LINDSEY</firstName>
        <lastName>GRAHAM</lastName>
        <state>SC</state>
        <party>R</party>
        <identifiers>
          <lisID>452</lisID>
          <bioguideId>G000359</bioguideId>
          <gpoId>8335</gpoId>
        </identifiers>
        <fullName>Sen. Graham, Lindsey [R-SC]</fullName>
      </item>
      <item>
        <bioguideId>G000386</bioguideId>
        <sponsorshipDate>2017-02-27</sponsorshipDate>
        <isOriginalCosponsor>True</isOriginalCosponsor>
        <middleName>ERNEST</middleName>
        <sponsorshipWithdrawnDate />
        <firstName>CHARLES</firstName>
        <lastName>GRASSLEY</lastName>
        <state>IA</state>
        <party>R</party>
        <identifiers>
          <lisID>457</lisID>
          <bioguideId>G000386</bioguideId>
          <gpoId>8316</gpoId>
        </identifiers>
        <fullName>Sen. Grassley, Chuck [R-IA]</fullName>
      </item>
      <item>
        <bioguideId>H000338</bioguideId>
        <sponsorshipDate>2017-02-27</sponsorshipDate>
        <isOriginalCosponsor>True</isOriginalCosponsor>
        <middleName>GRANT</middleName>
        <sponsorshipWithdrawnDate />
        <firstName>ORRIN</firstName>
        <lastName>HATCH</lastName>
        <state>UT</state>
        <party>R</party>
        <identifiers>
          <lisID>1351</lisID>
          <bioguideId>H000338</bioguideId>
          <gpoId>8314</gpoId>
        </identifiers>
        <fullName>Sen. Hatch, Orrin G. [R-UT]</fullName>
      </item>
      <item>
        <bioguideId>H001041</bioguideId>
        <sponsorshipDate>2017-02-27</sponsorshipDate>
        <isOriginalCosponsor>True</isOriginalCosponsor>
        <middleName />
        <sponsorshipWithdrawnDate />
        <firstName>Dean</firstName>
        <lastName>Heller</lastName>
        <state>NV</state>
        <party>R</party>
        <identifiers>
          <lisID>1863</lisID>
          <gpoId>8060</gpoId>
          <bioguideId>H001041</bioguideId>
        </identifiers>
        <fullName>Sen. Heller, Dean [R-NV]</fullName>
      </item>
      <item>
        <bioguideId>H001061</bioguideId>
        <sponsorshipDate>2017-02-27</sponsorshipDate>
        <isOriginalCosponsor>True</isOriginalCosponsor>
        <middleName />
        <sponsorshipWithdrawnDate />
        <firstName>John</firstName>
        <lastName>Hoeven</lastName>
        <state>ND</state>
        <party>R</party>
        <identifiers>
          <bioguideId>H001061</bioguideId>
          <lisID>2079</lisID>
          <gpoId>8331</gpoId>
        </identifiers>
        <fullName>Sen. Hoeven, John [R-ND]</fullName>
      </item>
      <item>
        <bioguideId>I000055</bioguideId>
        <sponsorshipDate>2017-02-27</sponsorshipDate>
        <isOriginalCosponsor>True</isOriginalCosponsor>
        <middleName />
        <sponsorshipWithdrawnDate />
        <firstName>Johnny</firstName>
        <lastName>Isakson</lastName>
        <state>GA</state>
        <party>R</party>
        <identifiers>
          <lisID>1608</lisID>
          <bioguideId>I000055</bioguideId>
          <gpoId>8323</gpoId>
        </identifiers>
        <fullName>Sen. Isakson, Johnny [R-GA]</fullName>
      </item>
      <item>
        <bioguideId>M000303</bioguideId>
        <sponsorshipDate>2017-02-27</sponsorshipDate>
        <isOriginalCosponsor>True</isOriginalCosponsor>
        <middleName>SIDNEY</middleName>
        <sponsorshipWithdrawnDate />
        <firstName>JOHN</firstName>
        <lastName>MCCAIN</lastName>
        <state>AZ</state>
        <party>R</party>
        <identifiers>
          <bioguideId>M000303</bioguideId>
          <lisID>754</lisID>
          <gpoId>8253</gpoId>
        </identifiers>
        <fullName>Sen. McCain, John [R-AZ]</fullName>
      </item>
      <item>
        <bioguideId>M000934</bioguideId>
        <sponsorshipDate>2017-02-27</sponsorshipDate>
        <isOriginalCosponsor>True</isOriginalCosponsor>
        <middleName />
        <sponsorshipWithdrawnDate />
        <firstName>JERRY</firstName>
        <lastName>MORAN</lastName>
        <state>KS</state>
        <party>R</party>
        <identifiers>
          <bioguideId>M000934</bioguideId>
          <lisID>1507</lisID>
          <gpoId>8307</gpoId>
        </identifiers>
        <fullName>Sen. Moran, Jerry [R-KS]</fullName>
      </item>
      <item>
        <bioguideId>M001153</bioguideId>
        <sponsorshipDate>2017-02-27</sponsorshipDate>
        <isOriginalCosponsor>True</isOriginalCosponsor>
        <middleName />
        <sponsorshipWithdrawnDate />
        <firstName>Lisa</firstName>
        <lastName>Murkowski</lastName>
        <state>AK</state>
        <party>R</party>
        <identifiers>
          <lisID>1694</lisID>
          <bioguideId>M001153</bioguideId>
          <gpoId>8234</gpoId>
        </identifiers>
        <fullName>Sen. Murkowski, Lisa [R-AK]</fullName>
      </item>
      <item>
        <bioguideId>P000612</bioguideId>
        <sponsorshipDate>2017-02-27</sponsorshipDate>
        <isOriginalCosponsor>True</isOriginalCosponsor>
        <middleName>Alfred</middleName>
        <sponsorshipWithdrawnDate />
        <firstName>David</firstName>
        <lastName>Perdue</lastName>
        <state>GA</state>
        <party>R</party>
        <identifiers>
          <bioguideId>P000612</bioguideId>
          <lisID>2286</lisID>
          <gpoId />
        </identifiers>
        <fullName>Sen. Perdue, David [R-GA]</fullName>
      </item>
      <item>
        <bioguideId>P000449</bioguideId>
        <sponsorshipDate>2017-02-27</sponsorshipDate>
        <isOriginalCosponsor>True</isOriginalCosponsor>
        <middleName />
        <sponsorshipWithdrawnDate />
        <firstName>ROB</firstName>
        <lastName>PORTMAN</lastName>
        <state>OH</state>
        <party>R</party>
        <identifiers>
          <bioguideId>P000449</bioguideId>
          <lisID>924</lisID>
          <gpoId>8266</gpoId>
        </identifiers>
        <fullName>Sen. Portman, Rob [R-OH]</fullName>
      </item>
      <item>
        <bioguideId>R000307</bioguideId>
        <sponsorshipDate>2017-02-27</sponsorshipDate>
        <isOriginalCosponsor>True</isOriginalCosponsor>
        <middleName />
        <sponsorshipWithdrawnDate />
        <firstName>PAT</firstName>
        <lastName>ROBERTS</lastName>
        <state>KS</state>
        <party>R</party>
        <identifiers>
          <bioguideId>R000307</bioguideId>
          <gpoId>8275</gpoId>
          <lisID>968</lisID>
        </identifiers>
        <fullName>Sen. Roberts, Pat [R-KS]</fullName>
      </item>
      <item>
        <bioguideId>R000605</bioguideId>
        <sponsorshipDate>2017-02-27</sponsorshipDate>
        <isOriginalCosponsor>True</isOriginalCosponsor>
        <middleName />
        <sponsorshipWithdrawnDate />
        <firstName>Mike</firstName>
        <lastName>Rounds</lastName>
        <state>SD</state>
        <party>R</party>
        <identifiers>
          <lisID>2288</lisID>
          <bioguideId>R000605</bioguideId>
          <gpoId />
        </identifiers>
        <fullName>Sen. Rounds, Mike  [R-SD]</fullName>
      </item>
      <item>
        <bioguideId>R000595</bioguideId>
        <sponsorshipDate>2017-02-27</sponsorshipDate>
        <isOriginalCosponsor>True</isOriginalCosponsor>
        <middleName />
        <sponsorshipWithdrawnDate />
        <firstName>Marco</firstName>
        <lastName>Rubio</lastName>
        <state>FL</state>
        <party>R</party>
        <identifiers>
          <lisID>2084</lisID>
          <bioguideId>R000595</bioguideId>
          <gpoId>8242</gpoId>
        </identifiers>
        <fullName>Sen. Rubio, Marco [R-FL]</fullName>
      </item>
      <item>
        <bioguideId>T000250</bioguideId>
        <sponsorshipDate>2017-02-27</sponsorshipDate>
        <isOriginalCosponsor>True</isOriginalCosponsor>
        <middleName>R.</middleName>
        <sponsorshipWithdrawnDate />
        <firstName>JOHN</firstName>
        <lastName>THUNE</lastName>
        <state>SD</state>
        <party>R</party>
        <identifiers>
          <lisID>1534</lisID>
          <bioguideId>T000250</bioguideId>
          <gpoId>8257</gpoId>
        </identifiers>
        <fullName>Sen. Thune, John [R-SD]</fullName>
      </item>
      <item>
        <bioguideId>W000437</bioguideId>
        <sponsorshipDate>2017-02-27</sponsorshipDate>
        <isOriginalCosponsor>True</isOriginalCosponsor>
        <middleName>F.</middleName>
        <sponsorshipWithdrawnDate />
        <firstName>ROGER</firstName>
        <lastName>WICKER</lastName>
        <state>MS</state>
        <party>R</party>
        <identifiers>
          <lisID>1226</lisID>
          <bioguideId>W000437</bioguideId>
          <gpoId>8263</gpoId>
        </identifiers>
        <fullName>Sen. Wicker, Roger F. [R-MS]</fullName>
      </item>
      <item>
        <bioguideId>Y000064</bioguideId>
        <sponsorshipDate>2017-02-27</sponsorshipDate>
        <isOriginalCosponsor>True</isOriginalCosponsor>
        <middleName>C.</middleName>
        <sponsorshipWithdrawnDate />
        <firstName>Todd</firstName>
        <lastName>Young</lastName>
        <state>IN</state>
        <party>R</party>
        <identifiers>
          <lisID>2019</lisID>
          <gpoId>7948</gpoId>
          <bioguideId>Y000064</bioguideId>
        </identifiers>
        <fullName>Sen. Young, Todd C. [R-IN]</fullName>
      </item>
      <item>
        <bioguideId>J000293</bioguideId>
        <sponsorshipDate>2017-02-27</sponsorshipDate>
        <isOriginalCosponsor>True</isOriginalCosponsor>
        <middleName />
        <sponsorshipWithdrawnDate />
        <firstName>Ron</firstName>
        <lastName>Johnson</lastName>
        <state>WI</state>
        <party>R</party>
        <identifiers>
          <gpoId>8355</gpoId>
          <lisID>2086</lisID>
          <bioguideId>J000293</bioguideId>
        </identifiers>
        <fullName>Sen. Johnson, Ron [R-WI]</fullName>
      </item>
      <item>
        <bioguideId>F000444</bioguideId>
        <sponsorshipDate>2017-02-27</sponsorshipDate>
        <isOriginalCosponsor>True</isOriginalCosponsor>
        <middleName />
        <sponsorshipWithdrawnDate />
        <firstName>JEFF</firstName>
        <lastName>FLAKE</lastName>
        <state>AZ</state>
        <party>R</party>
        <identifiers>
          <lisID>1633</lisID>
          <bioguideId>F000444</bioguideId>
          <gpoId>7803</gpoId>
        </identifiers>
        <fullName>Sen. Flake, Jeff [R-AZ]</fullName>
      </item>
      <item>
        <bioguideId>L000575</bioguideId>
        <sponsorshipDate>2017-02-28</sponsorshipDate>
        <isOriginalCosponsor>False</isOriginalCosponsor>
        <middleName />
        <sponsorshipWithdrawnDate />
        <firstName>James</firstName>
        <lastName>Lankford</lastName>
        <state>OK</state>
        <party>R</party>
        <identifiers>
          <gpoId>8113</gpoId>
          <bioguideId>L000575</bioguideId>
          <lisID>2050</lisID>
        </identifiers>
        <fullName>Sen. Lankford, James [R-OK]</fullName>
      </item>
      <item>
        <bioguideId>R000584</bioguideId>
        <sponsorshipDate>2017-03-02</sponsorshipDate>
        <isOriginalCosponsor>False</isOriginalCosponsor>
        <middleName>E.</middleName>
        <sponsorshipWithdrawnDate />
        <firstName>James</firstName>
        <lastName>Risch</lastName>
        <state>ID</state>
        <party>R</party>
        <identifiers>
          <gpoId>8274</gpoId>
          <bioguideId>R000584</bioguideId>
          <lisID>1896</lisID>
        </identifiers>
        <fullName>Sen. Risch, James E. [R-ID]</fullName>
      </item>
      <item>
        <bioguideId>S001202</bioguideId>
        <sponsorshipDate>2017-03-02</sponsorshipDate>
        <isOriginalCosponsor>False</isOriginalCosponsor>
        <middleName />
        <sponsorshipWithdrawnDate />
        <firstName>Luther</firstName>
        <lastName>Strange</lastName>
        <state>AL</state>
        <party>R</party>
        <identifiers>
          <bioguideId>S001202</bioguideId>
          <gpoId />
          <lisID>2357</lisID>
        </identifiers>
        <fullName>Sen. Strange, Luther [R-AL]</fullName>
      </item>
      <item>
        <bioguideId>S000320</bioguideId>
        <sponsorshipDate>2017-03-02</sponsorshipDate>
        <isOriginalCosponsor>False</isOriginalCosponsor>
        <middleName>CRAIG</middleName>
        <sponsorshipWithdrawnDate />
        <firstName>RICHARD</firstName>
        <lastName>SHELBY</lastName>
        <state>AL</state>
        <party>R</party>
        <identifiers>
          <bioguideId>S000320</bioguideId>
          <gpoId>8277</gpoId>
          <lisID>1049</lisID>
        </identifiers>
        <fullName>Sen. Shelby, Richard C. [R-AL]</fullName>
      </item>
      <item>
        <bioguideId>S001198</bioguideId>
        <sponsorshipDate>2017-03-02</sponsorshipDate>
        <isOriginalCosponsor>False</isOriginalCosponsor>
        <middleName />
        <sponsorshipWithdrawnDate />
        <firstName>Dan</firstName>
        <lastName>Sullivan</lastName>
        <state>AK</state>
        <party>R</party>
        <identifiers>
          <bioguideId>S001198</bioguideId>
          <lisID>2290</lisID>
          <gpoId />
        </identifiers>
        <fullName>Sen. Sullivan, Dan  [R-AK]</fullName>
      </item>
      <item>
        <bioguideId>I000024</bioguideId>
        <sponsorshipDate>2017-03-06</sponsorshipDate>
        <isOriginalCosponsor>False</isOriginalCosponsor>
        <middleName />
        <sponsorshipWithdrawnDate />
        <firstName>JIM</firstName>
        <lastName>INHOFE</lastName>
        <state>OK</state>
        <party>R</party>
        <identifiers>
          <lisID>583</lisID>
          <bioguideId>I000024</bioguideId>
          <gpoId>8322</gpoId>
        </identifiers>
        <fullName>Sen. Inhofe, James M. [R-OK]</fullName>
      </item>
      <item>
        <bioguideId>K000393</bioguideId>
        <sponsorshipDate>2017-05-22</sponsorshipDate>
        <isOriginalCosponsor>False</isOriginalCosponsor>
        <middleName>Neely</middleName>
        <sponsorshipWithdrawnDate />
        <firstName>John</firstName>
        <lastName>Kennedy</lastName>
        <state>LA</state>
        <party>R</party>
        <identifiers>
          <lisID>2303</lisID>
          <gpoId />
          <bioguideId>K000393</bioguideId>
        </identifiers>
        <fullName>Sen. Kennedy, John [R-LA]</fullName>
      </item>
      <item>
        <bioguideId>C001075</bioguideId>
        <sponsorshipDate>2017-09-18</sponsorshipDate>
        <isOriginalCosponsor>False</isOriginalCosponsor>
        <middleName />
        <sponsorshipWithdrawnDate />
        <firstName>Bill</firstName>
        <lastName>Cassidy</lastName>
        <state>LA</state>
        <party>R</party>
        <identifiers>
          <bioguideId>C001075</bioguideId>
          <lisID>1925</lisID>
          <gpoId>7964</gpoId>
        </identifiers>
        <fullName>Sen. Cassidy, Bill [R-LA]</fullName>
      </item>
      <item>
        <bioguideId>T000476</bioguideId>
        <sponsorshipDate>2017-11-30</sponsorshipDate>
        <isOriginalCosponsor>False</isOriginalCosponsor>
        <middleName>Roland</middleName>
        <sponsorshipWithdrawnDate />
        <firstName>Thomas</firstName>
        <lastName>Tillis</lastName>
        <state>NC</state>
        <party>R</party>
        <identifiers>
          <bioguideId>T000476</bioguideId>
          <lisID>2291</lisID>
          <gpoId />
        </identifiers>
        <fullName>Sen. Tillis, Thom [R-NC]</fullName>
      </item>
    </cosponsors>
  </bill>
  <dublinCore xmlns:dc="http://purl.org/dc/elements/1.1/">
    <dc:format>text/xml</dc:format>
    <dc:language>EN</dc:language>
    <dc:rights>Pursuant to Title 17 Section 105 of the United States Code, this file is not subject to copyright protection and is in the public domain.</dc:rights>
    <dc:contributor>Congressional Research Service, Library of Congress</dc:contributor>
    <dc:description>This file contains bill summaries and statuses for federal legislation. A bill summary describes the most significant provisions of a piece of legislation and details the effects the legislative text may have on current law and federal programs. Bill summaries are authored by the Congressional Research Service (CRS) of the Library of Congress. As stated in Public Law 91-510 (2 USC 166 (d)(6)), one of the duties of CRS is "to prepare summaries and digests of bills and resolutions of a public general nature introduced in the Senate or House of Representatives". For more information, refer to the User Guide that accompanies this file.</dc:description>
  </dublinCore>
</billStatus>

