<?xml version="1.0" encoding="UTF-8"?>
<billStatus>
  <bill>
    <billType>S</billType>
    <committees>
      <billCommittees>
        <item>
          <chamber>Senate</chamber>
          <activities>
            <item>
              <date>2018-02-06T15:00:34Z</date>
              <name>Hearings by</name>
            </item>
            <item>
              <date>2017-12-01T16:45:31Z</date>
              <name>Referred to</name>
            </item>
          </activities>
          <subcommittees />
          <name>Energy and Natural Resources Committee</name>
          <type>Standing</type>
          <systemCode>sseg00</systemCode>
        </item>
      </billCommittees>
    </committees>
    <version>1.0.0</version>
    <originChamber>Senate</originChamber>
    <recordedVotes />
    <notes />
    <subjects>
      <billSubjects>
        <policyArea>
          <name>Public Lands and Natural Resources</name>
        </policyArea>
        <legislativeSubjects />
      </billSubjects>
    </subjects>
    <amendments />
    <title>Bikini Resettlement and Relocation Act</title>
    <policyArea>
      <name>Public Lands and Natural Resources</name>
    </policyArea>
    <calendarNumbers />
    <cboCostEstimates />
    <relatedBills />
    <actions>
      <actionByCounts>
        <senate>3</senate>
      </actionByCounts>
      <actionTypeCounts>
        <introducedInSenate>1</introducedInSenate>
        <referredToCommittee>1</referredToCommittee>
        <hearingsHeld>1</hearingsHeld>
      </actionTypeCounts>
      <item>
        <actionDate>2018-02-06</actionDate>
        <committee>
          <name>Energy and Natural Resources Committee</name>
          <systemCode>sseg00</systemCode>
        </committee>
        <links />
        <sourceSystem>
          <name>Senate</name>
          <code>0</code>
        </sourceSystem>
        <text>Committee on Energy and Natural Resources. Hearings held.</text>
        <type>Committee</type>
      </item>
      <item>
        <actionDate>2017-12-01</actionDate>
        <committee>
          <name>Energy and Natural Resources Committee</name>
          <systemCode>sseg00</systemCode>
        </committee>
        <links />
        <sourceSystem>
          <name>Senate</name>
          <code>0</code>
        </sourceSystem>
        <text>Read twice and referred to the Committee on Energy and Natural Resources.</text>
        <type>IntroReferral</type>
      </item>
      <item>
        <actionDate>2017-12-01</actionDate>
        <type>IntroReferral</type>
        <sourceSystem>
          <name>Library of Congress</name>
          <code>9</code>
        </sourceSystem>
        <committee />
        <text>Introduced in Senate</text>
        <actionCode>10000</actionCode>
        <links />
      </item>
    </actions>
    <summaries>
      <billSummaries />
    </summaries>
    <introducedDate>2017-12-01</introducedDate>
    <latestAction>
      <text>Committee on Energy and Natural Resources. Hearings held.</text>
      <links />
      <actionDate>2018-02-06</actionDate>
    </latestAction>
    <createDate>2017-12-02T00:41:13Z</createDate>
    <laws />
    <cosponsors />
    <sponsors>
      <item>
        <fullName>Sen. Murkowski, Lisa [R-AK]</fullName>
        <state>AK</state>
        <identifiers>
          <gpoId>8234</gpoId>
          <lisID>1694</lisID>
          <bioguideId>M001153</bioguideId>
        </identifiers>
        <party>R</party>
        <firstName>Lisa</firstName>
        <middleName />
        <bioguideId>M001153</bioguideId>
        <byRequestType />
        <lastName>Murkowski</lastName>
      </item>
    </sponsors>
    <updateDate>2018-02-15T02:14:43Z</updateDate>
    <titles>
      <item>
        <titleType>Short Titles as Introduced</titleType>
        <parentTitleType />
        <chamberCode />
        <title>Bikini Resettlement and Relocation Act</title>
        <chamberName />
      </item>
      <item>
        <titleType>Official Title as Introduced</titleType>
        <parentTitleType />
        <chamberCode />
        <title>A bill to provide for the resettlement and relocation of the people of Bikini.</title>
        <chamberName />
      </item>
      <item>
        <titleType>Display Title</titleType>
        <parentTitleType />
        <chamberCode />
        <title>Bikini Resettlement and Relocation Act</title>
        <chamberName />
      </item>
      <item>
        <titleType>(Extracted from GPO) Short Titles as Introduced</titleType>
        <parentTitleType />
        <chamberCode />
        <title>Bikini Resettlement and Relocation Act</title>
        <chamberName />
      </item>
    </titles>
    <congress>115</congress>
    <committeeReports />
    <billNumber>2182</billNumber>
  </bill>
  <dublinCore xmlns:dc="http://purl.org/dc/elements/1.1/">
    <dc:format>text/xml</dc:format>
    <dc:language>EN</dc:language>
    <dc:rights>Pursuant to Title 17 Section 105 of the United States Code, this file is not subject to copyright protection and is in the public domain.</dc:rights>
    <dc:contributor>Congressional Research Service, Library of Congress</dc:contributor>
    <dc:description>This file contains bill summaries and statuses for federal legislation. A bill summary describes the most significant provisions of a piece of legislation and details the effects the legislative text may have on current law and federal programs. Bill summaries are authored by the Congressional Research Service (CRS) of the Library of Congress. As stated in Public Law 91-510 (2 USC 166 (d)(6)), one of the duties of CRS is "to prepare summaries and digests of bills and resolutions of a public general nature introduced in the Senate or House of Representatives". For more information, refer to the User Guide that accompanies this file.</dc:description>
  </dublinCore>
</billStatus>

