<?xml version="1.0" encoding="UTF-8"?>
<billStatus>
  <bill>
    <billNumber>302</billNumber>
    <committeeReports>
      <committeeReport>
        <citation>S. Rept. 115-27</citation>
      </committeeReport>
    </committeeReports>
    <originChamber>Senate</originChamber>
    <latestAction>
      <actionDate>2017-11-30</actionDate>
      <text>Held at the desk.</text>
      <actionTime>18:29:35</actionTime>
      <links />
    </latestAction>
    <cboCostEstimates>
      <item>
        <pubDate>2017-02-24T21:04:00Z</pubDate>
        <title>S. 302, John P. Smith Act</title>
        <url>https://www.cbo.gov/publication/52459</url>
      </item>
    </cboCostEstimates>
    <createDate>2017-02-04T05:07:09Z</createDate>
    <titles>
      <item>
        <chamberName>Senate</chamberName>
        <title>John P. Smith Act</title>
        <titleType>Short Titles as Passed Senate</titleType>
        <chamberCode>S</chamberCode>
        <parentTitleType>Short Titles Senate</parentTitleType>
      </item>
      <item>
        <chamberName>Senate</chamberName>
        <title>John P. Smith Act</title>
        <titleType>Short Titles as Reported to Senate</titleType>
        <chamberCode>S</chamberCode>
        <parentTitleType>Short Titles Senate</parentTitleType>
      </item>
      <item>
        <chamberName />
        <title>John P. Smith Act</title>
        <titleType>Short Titles as Introduced</titleType>
        <chamberCode />
        <parentTitleType />
      </item>
      <item>
        <chamberName />
        <title>A bill to enhance tribal road safety, and for other purposes.</title>
        <titleType>Official Title as Introduced</titleType>
        <chamberCode />
        <parentTitleType />
      </item>
      <item>
        <chamberName />
        <title>John P. Smith Act</title>
        <titleType>Display Title</titleType>
        <chamberCode />
        <parentTitleType />
      </item>
      <item>
        <chamberName>Senate</chamberName>
        <title>John P. Smith Act</title>
        <titleType>(Extracted from GPO) Short Titles as Passed Senate</titleType>
        <chamberCode>S</chamberCode>
        <parentTitleType />
      </item>
      <item>
        <chamberName>Senate</chamberName>
        <title>John P. Smith Act</title>
        <titleType>(Extracted from GPO) Short Titles as Reported to Senate</titleType>
        <chamberCode>S</chamberCode>
        <parentTitleType />
      </item>
      <item>
        <chamberName />
        <title>John P. Smith Act</title>
        <titleType>(Extracted from GPO) Short Titles as Introduced</titleType>
        <chamberCode />
        <parentTitleType />
      </item>
    </titles>
    <updateDate>2018-02-22T15:28:43Z</updateDate>
    <notes />
    <title>John P. Smith Act</title>
    <relatedBills />
    <laws />
    <congress>115</congress>
    <calendarNumbers>
      <item>
        <calendar>Senate Calendar of Business</calendar>
        <number>0033</number>
      </item>
    </calendarNumbers>
    <introducedDate>2017-02-03</introducedDate>
    <actions>
      <item>
        <text>Held at the desk.</text>
        <actionCode>H15000</actionCode>
        <actionTime>18:29:35</actionTime>
        <committee />
        <actionDate>2017-11-30</actionDate>
        <type>Floor</type>
        <sourceSystem>
          <code>2</code>
          <name>House floor actions</name>
        </sourceSystem>
        <links />
      </item>
      <item>
        <actionDate>2017-11-30</actionDate>
        <committee />
        <links />
        <sourceSystem>
          <code>0</code>
          <name>Senate</name>
        </sourceSystem>
        <text>Message on Senate action sent to the House.</text>
        <type>Floor</type>
      </item>
      <item>
        <text>Received in the House.</text>
        <actionCode>H14000</actionCode>
        <actionTime>14:55:35</actionTime>
        <committee />
        <actionDate>2017-11-30</actionDate>
        <type>Floor</type>
        <sourceSystem>
          <code>2</code>
          <name>House floor actions</name>
        </sourceSystem>
        <links />
      </item>
      <item>
        <actionDate>2017-11-29</actionDate>
        <committee />
        <links>
          <link>
            <name>S7490-7491</name>
            <url>https://www.congress.gov/congressional-record/volume-163/senate-section/page/S7490-7491</url>
          </link>
        </links>
        <sourceSystem>
          <code>0</code>
          <name>Senate</name>
        </sourceSystem>
        <text>Passed Senate without amendment by Unanimous Consent. (consideration: CR S7490-7491; text: CR S7490-7491)</text>
        <type>Floor</type>
      </item>
      <item>
        <text>Passed/agreed to in Senate: Passed Senate without amendment by Unanimous Consent.</text>
        <actionCode>17000</actionCode>
        <committee />
        <actionDate>2017-11-29</actionDate>
        <type>Floor</type>
        <sourceSystem>
          <code>9</code>
          <name>Library of Congress</name>
        </sourceSystem>
        <links />
      </item>
      <item>
        <actionDate>2017-04-06</actionDate>
        <committee />
        <links />
        <sourceSystem>
          <code>0</code>
          <name>Senate</name>
        </sourceSystem>
        <text>Placed on Senate Legislative Calendar under General Orders. Calendar No. 33.</text>
        <type>Calendars</type>
      </item>
      <item>
        <actionDate>2017-04-06</actionDate>
        <committee>
          <systemCode>slia00</systemCode>
          <name>Indian Affairs Committee</name>
        </committee>
        <links>
          <link>
            <name>report No. 115-27</name>
            <url>https://www.congress.gov/congressional-report/115th-congress/senate-report/27</url>
          </link>
        </links>
        <sourceSystem>
          <code>0</code>
          <name>Senate</name>
        </sourceSystem>
        <text>Committee on Indian Affairs. Reported by Senator Hoeven without amendment. With written report No. 115-27.</text>
        <type>Committee</type>
      </item>
      <item>
        <text>Committee on Indian Affairs. Reported by Senator Hoeven without amendment. With written report No. 115-27.</text>
        <actionCode>14000</actionCode>
        <committee>
          <systemCode>slia00</systemCode>
          <name>Indian Affairs Committee</name>
        </committee>
        <actionDate>2017-04-06</actionDate>
        <type>Committee</type>
        <sourceSystem>
          <code>9</code>
          <name>Library of Congress</name>
        </sourceSystem>
        <links>
          <link>
            <name>report No. 115-27</name>
            <url>https://www.congress.gov/congressional-report/115th-congress/senate-report/27</url>
          </link>
        </links>
      </item>
      <item>
        <actionDate>2017-02-08</actionDate>
        <committee>
          <systemCode>slia00</systemCode>
          <name>Indian Affairs Committee</name>
        </committee>
        <links />
        <sourceSystem>
          <code>0</code>
          <name>Senate</name>
        </sourceSystem>
        <text>Committee on Indian Affairs. Ordered to be reported favorably.</text>
        <type>Committee</type>
      </item>
      <item>
        <actionDate>2017-02-03</actionDate>
        <committee>
          <systemCode>slia00</systemCode>
          <name>Indian Affairs Committee</name>
        </committee>
        <links>
          <link>
            <name>S680-681</name>
            <url>https://www.congress.gov/congressional-record/volume-163/senate-section/page/S680-681</url>
          </link>
        </links>
        <sourceSystem>
          <code>0</code>
          <name>Senate</name>
        </sourceSystem>
        <text>Read twice and referred to the Committee on Indian Affairs. (Sponsor introductory remarks on measure: CR S680-681)</text>
        <type>IntroReferral</type>
      </item>
      <item>
        <text>Introduced in Senate</text>
        <actionCode>10000</actionCode>
        <committee />
        <actionDate>2017-02-03</actionDate>
        <type>IntroReferral</type>
        <sourceSystem>
          <code>9</code>
          <name>Library of Congress</name>
        </sourceSystem>
        <links />
      </item>
      <actionByCounts>
        <houseOfRepresentatives>2</houseOfRepresentatives>
        <senate>9</senate>
      </actionByCounts>
      <actionTypeCounts>
        <orderedReported>1</orderedReported>
        <heldAtTheDesk>1</heldAtTheDesk>
        <referredToCommittee>1</referredToCommittee>
        <reportedToSenate>2</reportedToSenate>
        <sentToHouse>1</sentToHouse>
        <receivedInTheHouse>1</receivedInTheHouse>
        <passedSenate>1</passedSenate>
        <placedOnCalendarGeneralOrders>1</placedOnCalendarGeneralOrders>
        <introducedInSenate>1</introducedInSenate>
        <passedAgreedToInSenate>1</passedAgreedToInSenate>
      </actionTypeCounts>
    </actions>
    <version>1.0.0</version>
    <billType>S</billType>
    <committees>
      <billCommittees>
        <item>
          <subcommittees />
          <chamber>Senate</chamber>
          <activities>
            <item>
              <date>2017-04-06T21:16:45Z</date>
              <name>Reported by</name>
            </item>
            <item>
              <date>2017-02-03T17:00:28Z</date>
              <name>Referred to</name>
            </item>
          </activities>
          <type>Other</type>
          <name>Indian Affairs Committee</name>
          <systemCode>slia00</systemCode>
        </item>
      </billCommittees>
    </committees>
    <cosponsors>
      <item>
        <sponsorshipWithdrawnDate />
        <lastName>CRAPO</lastName>
        <firstName>MICHAEL</firstName>
        <fullName>Sen. Crapo, Mike [R-ID]</fullName>
        <sponsorshipDate>2017-02-03</sponsorshipDate>
        <isOriginalCosponsor>True</isOriginalCosponsor>
        <bioguideId>C000880</bioguideId>
        <middleName>D.</middleName>
        <identifiers>
          <bioguideId>C000880</bioguideId>
          <gpoId>8289</gpoId>
          <lisID>250</lisID>
        </identifiers>
        <state>ID</state>
        <party>R</party>
      </item>
      <item>
        <sponsorshipWithdrawnDate />
        <lastName>ENZI</lastName>
        <firstName>MICHAEL</firstName>
        <fullName>Sen. Enzi, Michael B. [R-WY]</fullName>
        <sponsorshipDate>2017-02-07</sponsorshipDate>
        <isOriginalCosponsor>False</isOriginalCosponsor>
        <bioguideId>E000285</bioguideId>
        <middleName>B.</middleName>
        <identifiers>
          <bioguideId>E000285</bioguideId>
          <gpoId>8328</gpoId>
          <lisID>1542</lisID>
        </identifiers>
        <state>WY</state>
        <party>R</party>
      </item>
    </cosponsors>
    <subjects>
      <billSubjects>
        <legislativeSubjects>
          <item>
            <name>Congressional oversight</name>
          </item>
          <item>
            <name>Environmental assessment, monitoring, research</name>
          </item>
          <item>
            <name>Federal-Indian relations</name>
          </item>
          <item>
            <name>Government information and archives</name>
          </item>
          <item>
            <name>Indian lands and resources rights</name>
          </item>
          <item>
            <name>Land use and conservation</name>
          </item>
          <item>
            <name>Motor carriers</name>
          </item>
          <item>
            <name>Pedestrians and bicycling</name>
          </item>
          <item>
            <name>Railroads</name>
          </item>
          <item>
            <name>Roads and highways</name>
          </item>
          <item>
            <name>Transportation programs funding</name>
          </item>
          <item>
            <name>Transportation safety and security</name>
          </item>
        </legislativeSubjects>
        <policyArea>
          <name>Transportation and Public Works</name>
        </policyArea>
      </billSubjects>
    </subjects>
    <amendments />
    <summaries>
      <billSummaries>
        <item>
          <lastSummaryUpdateDate>2017-08-29T21:38:05Z</lastSummaryUpdateDate>
          <text><![CDATA[<p><b>John P. Smith Act</b></p> <p>This bill modifies the approval process used for certain transportation projects on Indian reservations by allowing&nbsp;categorical exclusions from National Environmental Policy Act (NEPA) requirements.</p> <p>A "categorical exclusion" is a category of actions which do not individually or cumulatively have a significant effect on the human environment and which have been found to have no such effect in procedures adopted by a federal agency in implementing environmental regulations and for which, therefore, neither an environmental assessment nor an environmental impact statement is required.</p> <p>A "tribal transportation safety project" is one that is eligible for assistance under the tribal transportation program and that:</p> <ul> <li>corrects or improves a hazardous road location or feature, or </li> <li>addresses a highway safety problem. </li></ul> <p>The Department of the Interior shall review existing categorical exclusions for tribal transportation program projects and identify tribal transportation safety projects that meet categorical exclusion requirements. </p> <p>The bill prescribes requirements for the expedited review and approval of tribal transportation safety projects under NEPA or other federal laws.</p> <p>Interior shall enter into five-year programmatic agreements with Indian tribes that establish efficient administrative procedures for carrying out environmental reviews for tribal transportation projects, including whether any project is categorically excluded from the preparation of an environmental assessment or impact statement under NEPA.</p>]]></text>
          <actionDesc>Introduced in Senate</actionDesc>
          <actionDate>2017-02-03</actionDate>
          <name>Introduced in Senate</name>
          <updateDate>2017-02-03T05:00:00Z</updateDate>
          <versionCode>00</versionCode>
        </item>
        <item>
          <lastSummaryUpdateDate>2017-08-29T21:39:23Z</lastSummaryUpdateDate>
          <text><![CDATA[<p>(This measure has not been amended since it was introduced. The summary has been expanded because action occurred on the measure.)</p> <p><b>John P. Smith Act</b></p> <p>(Sec. 3) This bill modifies the approval process used for certain transportation projects on Indian reservations by allowing&nbsp;categorical exclusions from National Environmental Policy Act (NEPA) requirements.</p> <p>A "categorical exclusion" is a category of actions which do not individually or cumulatively have a significant effect on the human environment and which have been found to have no such effect in procedures adopted by a federal agency in implementing environmental regulations and for which, therefore, neither an environmental assessment nor an environmental impact statement is required.</p> <p>A "tribal transportation safety project" is one that is eligible for assistance under the tribal transportation program and that:</p> <ul> <li>corrects or improves a hazardous road location or feature, or </li> <li>addresses a highway safety problem. </li></ul> <p>The Department of the Interior shall review existing categorical exclusions for tribal transportation program projects and identify tribal transportation safety projects that meet categorical exclusion requirements. </p> <p>The bill prescribes requirements for the expedited review and approval of tribal transportation safety projects under NEPA or other federal laws.</p> <p>(Sec. 4) Interior shall enter into five-year programmatic agreements with Indian tribes that establish efficient administrative procedures for carrying out environmental reviews for tribal transportation projects, including whether any project is categorically excluded from the preparation of an environmental assessment or impact statement under NEPA.</p>]]></text>
          <actionDesc>Reported to Senate without amendment</actionDesc>
          <actionDate>2017-04-06</actionDate>
          <name>Reported to Senate without amendment</name>
          <updateDate>2017-04-06T16:03:08Z</updateDate>
          <versionCode>80</versionCode>
        </item>
      </billSummaries>
    </summaries>
    <recordedVotes />
    <policyArea>
      <name>Transportation and Public Works</name>
    </policyArea>
    <sponsors>
      <item>
        <byRequestType />
        <party>R</party>
        <middleName />
        <lastName>Barrasso</lastName>
        <bioguideId>B001261</bioguideId>
        <fullName>Sen. Barrasso, John [R-WY]</fullName>
        <firstName>John</firstName>
        <identifiers>
          <bioguideId>B001261</bioguideId>
          <gpoId>8300</gpoId>
          <lisID>1881</lisID>
        </identifiers>
        <state>WY</state>
      </item>
    </sponsors>
  </bill>
  <dublinCore xmlns:dc="http://purl.org/dc/elements/1.1/">
    <dc:format>text/xml</dc:format>
    <dc:language>EN</dc:language>
    <dc:rights>Pursuant to Title 17 Section 105 of the United States Code, this file is not subject to copyright protection and is in the public domain.</dc:rights>
    <dc:contributor>Congressional Research Service, Library of Congress</dc:contributor>
    <dc:description>This file contains bill summaries and statuses for federal legislation. A bill summary describes the most significant provisions of a piece of legislation and details the effects the legislative text may have on current law and federal programs. Bill summaries are authored by the Congressional Research Service (CRS) of the Library of Congress. As stated in Public Law 91-510 (2 USC 166 (d)(6)), one of the duties of CRS is "to prepare summaries and digests of bills and resolutions of a public general nature introduced in the Senate or House of Representatives". For more information, refer to the User Guide that accompanies this file.</dc:description>
  </dublinCore>
</billStatus>

