<?xml version="1.0" encoding="UTF-8"?>
<billStatus>
  <bill>
    <createDate>2017-02-18T05:14:02Z</createDate>
    <introducedDate>2017-02-17</introducedDate>
    <congress>115</congress>
    <latestAction>
      <actionDate>2017-06-14</actionDate>
      <links />
      <text>Committee on Energy and Natural Resources Subcommittee on Water and Power. Hearings held.</text>
    </latestAction>
    <originChamber>Senate</originChamber>
    <billNumber>440</billNumber>
    <sponsors>
      <item>
        <state>ND</state>
        <identifiers>
          <bioguideId>H001061</bioguideId>
          <lisID>2079</lisID>
          <gpoId>8331</gpoId>
        </identifiers>
        <bioguideId>H001061</bioguideId>
        <lastName>Hoeven</lastName>
        <fullName>Sen. Hoeven, John [R-ND]</fullName>
        <firstName>John</firstName>
        <party>R</party>
        <middleName />
        <byRequestType />
      </item>
    </sponsors>
    <title>A bill to establish a procedure for the conveyance of certain Federal property around the Dickinson Reservoir in the State of North Dakota.</title>
    <relatedBills />
    <titles>
      <item>
        <parentTitleType />
        <chamberCode />
        <titleType>Official Title as Introduced</titleType>
        <chamberName />
        <title>A bill to establish a procedure for the conveyance of certain Federal property around the Dickinson Reservoir in the State of North Dakota.</title>
      </item>
      <item>
        <parentTitleType />
        <chamberCode />
        <titleType>Display Title</titleType>
        <chamberName />
        <title>A bill to establish a procedure for the conveyance of certain Federal property around the Dickinson Reservoir in the State of North Dakota.</title>
      </item>
    </titles>
    <billType>S</billType>
    <summaries>
      <billSummaries>
        <item>
          <text><![CDATA[<p>This bill directs the Commissioner of Reclamation to: (1) provide to the holder of a permit for a cabin site located on federal property around the Dickinson Reservoir in North Dakota the first option to purchase the site for fair market value, provided that the permittee first pay to Dickinson Parks &amp; Recreation (the Department) any outstanding permit fees before exercising such option; and (2) convey to a permittee who exercises such option all U.S. interest in the site, easements for access to the site, a dock for the site, and the improvements on it. The fair market value of a property shall be determined by a local, third-party appraiser, valuing the property as unimproved residential property, excluding all improvements. </p> <p>Beginning two years after enactment of this bill: (1) if a permittee has not exercised such option, the Commissioner shall transfer the site to the Department, without cost; and (2) the Commissioner shall transfer to the Department, without cost, land currently managed by the Department on which no cabin is located.</p> <p>Each such conveyance and transfer shall be made subject to specified mineral rights and rights-of-way of third parties.</p> <p>A permittee may not build any new permanent structure below an elevation of 2,430 feet. If a permittee builds such a structure, the permittee's site shall revert to the Department.</p> <p> Revenues from a sale of federal land pursuant to this bill shall be made available to the Commissioner for: (1) the costs of carrying out this bill, and (2) deferred maintenance activities relating to the operation of the dam in the Dickinson Reservoir.</p>]]></text>
          <actionDate>2017-02-17</actionDate>
          <updateDate>2017-02-17T05:00:00Z</updateDate>
          <lastSummaryUpdateDate>2017-07-24T19:12:33Z</lastSummaryUpdateDate>
          <name>Introduced in Senate</name>
          <actionDesc>Introduced in Senate</actionDesc>
          <versionCode>00</versionCode>
        </item>
      </billSummaries>
    </summaries>
    <committeeReports />
    <laws />
    <subjects>
      <billSubjects>
        <policyArea>
          <name>Public Lands and Natural Resources</name>
        </policyArea>
        <legislativeSubjects>
          <item>
            <name>Dams and canals</name>
          </item>
          <item>
            <name>Land transfers</name>
          </item>
          <item>
            <name>North Dakota</name>
          </item>
          <item>
            <name>Water storage</name>
          </item>
        </legislativeSubjects>
      </billSubjects>
    </subjects>
    <committees>
      <billCommittees>
        <item>
          <subcommittees>
            <item>
              <name>Water and Power Subcommittee</name>
              <systemCode>sseg07</systemCode>
              <activities>
                <item>
                  <name>Hearings by</name>
                  <date>2017-06-14T18:30:06Z</date>
                </item>
              </activities>
            </item>
          </subcommittees>
          <type>Standing</type>
          <systemCode>sseg00</systemCode>
          <activities>
            <item>
              <name>Referred to</name>
              <date>2017-02-17T18:04:17Z</date>
            </item>
          </activities>
          <name>Energy and Natural Resources Committee</name>
          <chamber>Senate</chamber>
        </item>
      </billCommittees>
    </committees>
    <version>1.0.0</version>
    <recordedVotes />
    <updateDate>2018-02-06T16:44:49Z</updateDate>
    <calendarNumbers />
    <cboCostEstimates />
    <actions>
      <actionByCounts>
        <senate>3</senate>
      </actionByCounts>
      <actionTypeCounts>
        <referredToCommittee>1</referredToCommittee>
        <introducedInSenate>1</introducedInSenate>
        <hearingsHeld>1</hearingsHeld>
      </actionTypeCounts>
      <item>
        <actionDate>2017-06-14</actionDate>
        <committee>
          <name>Water and Power Subcommittee</name>
          <systemCode>sseg07</systemCode>
        </committee>
        <links />
        <sourceSystem>
          <code>0</code>
          <name>Senate</name>
        </sourceSystem>
        <text>Committee on Energy and Natural Resources Subcommittee on Water and Power. Hearings held.</text>
        <type>Committee</type>
      </item>
      <item>
        <actionDate>2017-02-17</actionDate>
        <committee>
          <name>Energy and Natural Resources Committee</name>
          <systemCode>sseg00</systemCode>
        </committee>
        <links />
        <sourceSystem>
          <code>0</code>
          <name>Senate</name>
        </sourceSystem>
        <text>Read twice and referred to the Committee on Energy and Natural Resources.</text>
        <type>IntroReferral</type>
      </item>
      <item>
        <text>Introduced in Senate</text>
        <links />
        <sourceSystem>
          <code>9</code>
          <name>Library of Congress</name>
        </sourceSystem>
        <actionCode>10000</actionCode>
        <type>IntroReferral</type>
        <committee />
        <actionDate>2017-02-17</actionDate>
      </item>
    </actions>
    <amendments />
    <notes />
    <policyArea>
      <name>Public Lands and Natural Resources</name>
    </policyArea>
    <cosponsors>
      <item>
        <fullName>Sen. Heitkamp, Heidi [D-ND]</fullName>
        <lastName>Heitkamp</lastName>
        <bioguideId>H001069</bioguideId>
        <isOriginalCosponsor>True</isOriginalCosponsor>
        <middleName />
        <state>ND</state>
        <firstName>Heidi</firstName>
        <sponsorshipDate>2017-02-17</sponsorshipDate>
        <sponsorshipWithdrawnDate />
        <party>D</party>
        <identifiers>
          <bioguideId>H001069</bioguideId>
          <gpoId />
          <lisID>2174</lisID>
        </identifiers>
      </item>
    </cosponsors>
  </bill>
  <dublinCore xmlns:dc="http://purl.org/dc/elements/1.1/">
    <dc:format>text/xml</dc:format>
    <dc:language>EN</dc:language>
    <dc:rights>Pursuant to Title 17 Section 105 of the United States Code, this file is not subject to copyright protection and is in the public domain.</dc:rights>
    <dc:contributor>Congressional Research Service, Library of Congress</dc:contributor>
    <dc:description>This file contains bill summaries and statuses for federal legislation. A bill summary describes the most significant provisions of a piece of legislation and details the effects the legislative text may have on current law and federal programs. Bill summaries are authored by the Congressional Research Service (CRS) of the Library of Congress. As stated in Public Law 91-510 (2 USC 166 (d)(6)), one of the duties of CRS is "to prepare summaries and digests of bills and resolutions of a public general nature introduced in the Senate or House of Representatives". For more information, refer to the User Guide that accompanies this file.</dc:description>
  </dublinCore>
</billStatus>

