<?xml version="1.0" encoding="UTF-8"?>
<billStatus>
  <bill>
    <notes />
    <sponsors>
      <item>
        <party>R</party>
        <fullName>Sen. Capito, Shelley Moore [R-WV]</fullName>
        <lastName>CAPITO</lastName>
        <middleName>MOORE</middleName>
        <identifiers>
          <lisID>1676</lisID>
          <gpoId>8223</gpoId>
          <bioguideId>C001047</bioguideId>
        </identifiers>
        <firstName>SHELLEY</firstName>
        <byRequestType />
        <bioguideId>C001047</bioguideId>
        <state>WV</state>
      </item>
    </sponsors>
    <policyArea>
      <name>Public Lands and Natural Resources</name>
    </policyArea>
    <committees>
      <billCommittees>
        <item>
          <activities>
            <item>
              <name>Referred to</name>
              <date>2017-03-09T18:44:50Z</date>
            </item>
          </activities>
          <chamber>Senate</chamber>
          <subcommittees />
          <systemCode>ssev00</systemCode>
          <name>Environment and Public Works Committee</name>
          <type>Standing</type>
        </item>
      </billCommittees>
    </committees>
    <relatedBills>
      <item>
        <type>HR</type>
        <latestTitle>Authorizing Critical Conservation and Enabling Sportsmen and Sportswomen Act</latestTitle>
        <relationshipDetails>
          <item>
            <type>Related bill</type>
            <identifiedBy>CRS</identifiedBy>
          </item>
        </relationshipDetails>
        <number>4489</number>
        <latestAction>
          <text>Referred to the Subcommittee on Conservation and Forestry.</text>
          <actionDate>2017-12-21</actionDate>
        </latestAction>
        <congress>115</congress>
      </item>
      <item>
        <type>HR</type>
        <latestTitle>Target Practice and Marksmanship Training Support Act</latestTitle>
        <relationshipDetails>
          <item>
            <type>Identical bill</type>
            <identifiedBy>CRS</identifiedBy>
          </item>
        </relationshipDetails>
        <number>788</number>
        <latestAction>
          <text>Referred to the Subcommittee on the Constitution and Civil Justice.</text>
          <actionDate>2017-03-02</actionDate>
        </latestAction>
        <congress>115</congress>
      </item>
      <item>
        <type>S</type>
        <latestTitle>HELP for Wildlife Act</latestTitle>
        <relationshipDetails>
          <item>
            <type>Related bill</type>
            <identifiedBy>CRS</identifiedBy>
          </item>
        </relationshipDetails>
        <number>1514</number>
        <latestAction>
          <text>Placed on Senate Legislative Calendar under General Orders. Calendar No. 237.</text>
          <actionDate>2017-10-05</actionDate>
        </latestAction>
        <congress>115</congress>
      </item>
    </relatedBills>
    <titles>
      <item>
        <parentTitleType />
        <titleType>(Extracted from GPO) Short Titles as Introduced</titleType>
        <chamberCode />
        <chamberName />
        <title>Target Practice and Marksmanship Training Support Act</title>
      </item>
      <item>
        <parentTitleType />
        <titleType>Short Titles as Introduced</titleType>
        <chamberCode />
        <chamberName />
        <title>Target Practice and Marksmanship Training Support Act</title>
      </item>
      <item>
        <parentTitleType />
        <titleType>Official Title as Introduced</titleType>
        <chamberCode />
        <chamberName />
        <title>A bill to amend the Pittman-Robertson Wildlife Restoration Act to facilitate the establishment of additional or expanded public target ranges in certain States.</title>
      </item>
      <item>
        <parentTitleType />
        <titleType>Display Title</titleType>
        <chamberCode />
        <chamberName />
        <title>Target Practice and Marksmanship Training Support Act</title>
      </item>
    </titles>
    <originChamber>Senate</originChamber>
    <congress>115</congress>
    <actions>
      <item>
        <actionDate>2017-03-09</actionDate>
        <committee>
          <name>Environment and Public Works Committee</name>
          <systemCode>ssev00</systemCode>
        </committee>
        <links />
        <sourceSystem>
          <code>0</code>
          <name>Senate</name>
        </sourceSystem>
        <text>Read twice and referred to the Committee on Environment and Public Works.</text>
        <type>IntroReferral</type>
      </item>
      <item>
        <type>IntroReferral</type>
        <actionCode>10000</actionCode>
        <committee />
        <sourceSystem>
          <code>9</code>
          <name>Library of Congress</name>
        </sourceSystem>
        <text>Introduced in Senate</text>
        <actionDate>2017-03-09</actionDate>
        <links />
      </item>
      <actionTypeCounts>
        <referredToCommittee>1</referredToCommittee>
        <introducedInSenate>1</introducedInSenate>
      </actionTypeCounts>
      <actionByCounts>
        <senate>2</senate>
      </actionByCounts>
    </actions>
    <subjects>
      <billSubjects>
        <policyArea>
          <name>Public Lands and Natural Resources</name>
        </policyArea>
        <legislativeSubjects>
          <item>
            <name>Firearms and explosives</name>
          </item>
          <item>
            <name>Forests, forestry, trees</name>
          </item>
          <item>
            <name>Government liability</name>
          </item>
          <item>
            <name>Land transfers</name>
          </item>
          <item>
            <name>Land use and conservation</name>
          </item>
          <item>
            <name>Outdoor recreation</name>
          </item>
          <item>
            <name>Solid waste and recycling</name>
          </item>
          <item>
            <name>Wildlife conservation and habitat protection</name>
          </item>
        </legislativeSubjects>
      </billSubjects>
    </subjects>
    <laws />
    <createDate>2017-03-10T05:16:41Z</createDate>
    <title>Target Practice and Marksmanship Training Support Act</title>
    <committeeReports />
    <billType>S</billType>
    <introducedDate>2017-03-09</introducedDate>
    <updateDate>2018-02-28T16:30:10Z</updateDate>
    <summaries>
      <billSummaries>
        <item>
          <updateDate>2017-03-09T05:00:00Z</updateDate>
          <actionDesc>Introduced in Senate</actionDesc>
          <versionCode>00</versionCode>
          <lastSummaryUpdateDate>2017-06-23T20:06:14Z</lastSummaryUpdateDate>
          <name>Introduced in Senate</name>
          <actionDate>2017-03-09</actionDate>
          <text><![CDATA[<p><b>Target Practice and Marksmanship Training Support Act </b></p> <p> This bill amends the Pittman-Robertson Wildlife Restoration Act to facilitate the construction and expansion of public target ranges by: (1) authorizing a state to pay up to 90% of the costs of acquiring land for, expanding, or constructing a public target range; (2) authorizing a state to elect to allocate 10% of a specified amount apportioned to it from the federal aid to wildlife restoration fund for those costs; (3) limiting the federal share of those costs under such Act to 90%; and (4) requiring amounts provided for those costs under such Act to remain available for expenditure and obligation for five fiscal years.</p> <p>The United States shall be shielded from any civil action or claim for money damages for injury to or loss of property, personal injury, or death caused by an activity occurring at a public target range that is funded by the federal government pursuant to such Act or located on federal land, except to the extent provided under the Federal Tort Claims Act with respect to the exercise or performance of a discretionary function. </p> <p>The bill urges the Forest Service and the Bureau of Land Management to cooperate with state and local authorities and other entities to carry out waste removal and other activities on any federal land used as a public target range to encourage its continued use for target practice or marksmanship training.</p>]]></text>
        </item>
      </billSummaries>
    </summaries>
    <cosponsors>
      <item>
        <fullName>Sen. Boozman, John [R-AR]</fullName>
        <firstName>John</firstName>
        <party>R</party>
        <identifiers>
          <gpoId>8247</gpoId>
          <bioguideId>B001236</bioguideId>
          <lisID>1687</lisID>
        </identifiers>
        <isOriginalCosponsor>True</isOriginalCosponsor>
        <middleName />
        <lastName>Boozman</lastName>
        <bioguideId>B001236</bioguideId>
        <state>AR</state>
        <sponsorshipDate>2017-03-09</sponsorshipDate>
        <sponsorshipWithdrawnDate />
      </item>
      <item>
        <fullName>Sen. Bennet, Michael F. [D-CO]</fullName>
        <firstName>Michael</firstName>
        <party>D</party>
        <identifiers>
          <gpoId>8302</gpoId>
          <lisID>1965</lisID>
          <bioguideId>B001267</bioguideId>
        </identifiers>
        <isOriginalCosponsor>True</isOriginalCosponsor>
        <middleName>F.</middleName>
        <lastName>Bennet</lastName>
        <bioguideId>B001267</bioguideId>
        <state>CO</state>
        <sponsorshipDate>2017-03-09</sponsorshipDate>
        <sponsorshipWithdrawnDate />
      </item>
      <item>
        <fullName>Sen. Heitkamp, Heidi [D-ND]</fullName>
        <firstName>Heidi</firstName>
        <party>D</party>
        <identifiers>
          <lisID>2174</lisID>
          <gpoId />
          <bioguideId>H001069</bioguideId>
        </identifiers>
        <isOriginalCosponsor>True</isOriginalCosponsor>
        <middleName />
        <lastName>Heitkamp</lastName>
        <bioguideId>H001069</bioguideId>
        <state>ND</state>
        <sponsorshipDate>2017-03-09</sponsorshipDate>
        <sponsorshipWithdrawnDate />
      </item>
      <item>
        <fullName>Sen. Manchin, Joe, III [D-WV]</fullName>
        <firstName>Joe</firstName>
        <party>D</party>
        <identifiers>
          <gpoId>8256</gpoId>
          <lisID>1983</lisID>
          <bioguideId>M001183</bioguideId>
        </identifiers>
        <isOriginalCosponsor>False</isOriginalCosponsor>
        <middleName />
        <lastName>Manchin</lastName>
        <bioguideId>M001183</bioguideId>
        <state>WV</state>
        <sponsorshipDate>2017-03-21</sponsorshipDate>
        <sponsorshipWithdrawnDate />
      </item>
      <item>
        <fullName>Sen. Flake, Jeff [R-AZ]</fullName>
        <firstName>JEFF</firstName>
        <party>R</party>
        <identifiers>
          <gpoId>7803</gpoId>
          <lisID>1633</lisID>
          <bioguideId>F000444</bioguideId>
        </identifiers>
        <isOriginalCosponsor>False</isOriginalCosponsor>
        <middleName />
        <lastName>FLAKE</lastName>
        <bioguideId>F000444</bioguideId>
        <state>AZ</state>
        <sponsorshipDate>2017-04-03</sponsorshipDate>
        <sponsorshipWithdrawnDate />
      </item>
      <item>
        <fullName>Sen. Risch, James E. [R-ID]</fullName>
        <firstName>James</firstName>
        <party>R</party>
        <identifiers>
          <bioguideId>R000584</bioguideId>
          <gpoId>8274</gpoId>
          <lisID>1896</lisID>
        </identifiers>
        <isOriginalCosponsor>False</isOriginalCosponsor>
        <middleName>E.</middleName>
        <lastName>Risch</lastName>
        <bioguideId>R000584</bioguideId>
        <state>ID</state>
        <sponsorshipDate>2017-04-04</sponsorshipDate>
        <sponsorshipWithdrawnDate />
      </item>
      <item>
        <fullName>Sen. Crapo, Mike [R-ID]</fullName>
        <firstName>MICHAEL</firstName>
        <party>R</party>
        <identifiers>
          <bioguideId>C000880</bioguideId>
          <lisID>250</lisID>
          <gpoId>8289</gpoId>
        </identifiers>
        <isOriginalCosponsor>False</isOriginalCosponsor>
        <middleName>D.</middleName>
        <lastName>CRAPO</lastName>
        <bioguideId>C000880</bioguideId>
        <state>ID</state>
        <sponsorshipDate>2017-04-07</sponsorshipDate>
        <sponsorshipWithdrawnDate />
      </item>
      <item>
        <fullName>Sen. Tester, Jon [D-MT]</fullName>
        <firstName>Jon</firstName>
        <party>D</party>
        <identifiers>
          <bioguideId>T000464</bioguideId>
          <lisID>1829</lisID>
          <gpoId>8258</gpoId>
        </identifiers>
        <isOriginalCosponsor>False</isOriginalCosponsor>
        <middleName />
        <lastName>Tester</lastName>
        <bioguideId>T000464</bioguideId>
        <state>MT</state>
        <sponsorshipDate>2017-05-01</sponsorshipDate>
        <sponsorshipWithdrawnDate />
      </item>
      <item>
        <fullName>Sen. Heinrich, Martin [D-NM]</fullName>
        <firstName>Martin</firstName>
        <party>D</party>
        <identifiers>
          <bioguideId>H001046</bioguideId>
          <gpoId>8056</gpoId>
          <lisID>1937</lisID>
        </identifiers>
        <isOriginalCosponsor>False</isOriginalCosponsor>
        <middleName />
        <lastName>Heinrich</lastName>
        <bioguideId>H001046</bioguideId>
        <state>NM</state>
        <sponsorshipDate>2017-05-02</sponsorshipDate>
        <sponsorshipWithdrawnDate />
      </item>
      <item>
        <fullName>Sen. Hatch, Orrin G. [R-UT]</fullName>
        <firstName>ORRIN</firstName>
        <party>R</party>
        <identifiers>
          <lisID>1351</lisID>
          <bioguideId>H000338</bioguideId>
          <gpoId>8314</gpoId>
        </identifiers>
        <isOriginalCosponsor>False</isOriginalCosponsor>
        <middleName>GRANT</middleName>
        <lastName>HATCH</lastName>
        <bioguideId>H000338</bioguideId>
        <state>UT</state>
        <sponsorshipDate>2017-06-08</sponsorshipDate>
        <sponsorshipWithdrawnDate />
      </item>
      <item>
        <fullName>Sen. King, Angus S., Jr. [I-ME]</fullName>
        <firstName>Angus</firstName>
        <party>I</party>
        <identifiers>
          <lisID>2185</lisID>
          <gpoId />
          <bioguideId>K000383</bioguideId>
        </identifiers>
        <isOriginalCosponsor>False</isOriginalCosponsor>
        <middleName />
        <lastName>King</lastName>
        <bioguideId>K000383</bioguideId>
        <state>ME</state>
        <sponsorshipDate>2017-06-15</sponsorshipDate>
        <sponsorshipWithdrawnDate />
      </item>
      <item>
        <fullName>Sen. Strange, Luther [R-AL]</fullName>
        <firstName>Luther</firstName>
        <party>R</party>
        <identifiers>
          <bioguideId>S001202</bioguideId>
          <lisID>2357</lisID>
          <gpoId />
        </identifiers>
        <isOriginalCosponsor>False</isOriginalCosponsor>
        <middleName />
        <lastName>Strange</lastName>
        <bioguideId>S001202</bioguideId>
        <state>AL</state>
        <sponsorshipDate>2017-08-02</sponsorshipDate>
        <sponsorshipWithdrawnDate />
      </item>
      <item>
        <fullName>Sen. Cassidy, Bill [R-LA]</fullName>
        <firstName>Bill</firstName>
        <party>R</party>
        <identifiers>
          <gpoId>7964</gpoId>
          <lisID>1925</lisID>
          <bioguideId>C001075</bioguideId>
        </identifiers>
        <isOriginalCosponsor>False</isOriginalCosponsor>
        <middleName />
        <lastName>Cassidy</lastName>
        <bioguideId>C001075</bioguideId>
        <state>LA</state>
        <sponsorshipDate>2017-09-28</sponsorshipDate>
        <sponsorshipWithdrawnDate />
      </item>
    </cosponsors>
    <billNumber>593</billNumber>
    <recordedVotes />
    <version>1.0.0</version>
    <calendarNumbers />
    <cboCostEstimates />
    <amendments />
    <latestAction>
      <actionDate>2017-03-09</actionDate>
      <links />
      <text>Read twice and referred to the Committee on Environment and Public Works.</text>
    </latestAction>
  </bill>
  <dublinCore xmlns:dc="http://purl.org/dc/elements/1.1/">
    <dc:format>text/xml</dc:format>
    <dc:language>EN</dc:language>
    <dc:rights>Pursuant to Title 17 Section 105 of the United States Code, this file is not subject to copyright protection and is in the public domain.</dc:rights>
    <dc:contributor>Congressional Research Service, Library of Congress</dc:contributor>
    <dc:description>This file contains bill summaries and statuses for federal legislation. A bill summary describes the most significant provisions of a piece of legislation and details the effects the legislative text may have on current law and federal programs. Bill summaries are authored by the Congressional Research Service (CRS) of the Library of Congress. As stated in Public Law 91-510 (2 USC 166 (d)(6)), one of the duties of CRS is "to prepare summaries and digests of bills and resolutions of a public general nature introduced in the Senate or House of Representatives". For more information, refer to the User Guide that accompanies this file.</dc:description>
  </dublinCore>
</billStatus>

