<?xml version="1.0" encoding="UTF-8"?>
<billStatus>
  <bill>
    <calendarNumbers>
      <item>
        <calendar>Senate Calendar of Business</calendar>
        <number>0073</number>
      </item>
    </calendarNumbers>
    <billType>S</billType>
    <title>Energy Savings and Industrial Competitiveness Act</title>
    <introducedDate>2017-02-15</introducedDate>
    <latestAction>
      <actionDate>2017-05-10</actionDate>
      <text>Placed on Senate Legislative Calendar under General Orders. Calendar No. 73.</text>
      <links />
    </latestAction>
    <titles>
      <item>
        <titleType>(Extracted from GPO) Short Titles as Reported to Senate</titleType>
        <parentTitleType />
        <title>Energy Savings and Industrial Competitiveness Act</title>
        <chamberCode>S</chamberCode>
        <chamberName>Senate</chamberName>
      </item>
      <item>
        <titleType>(Extracted from GPO) Short Titles as Introduced</titleType>
        <parentTitleType />
        <title>Energy Savings and Industrial Competitiveness Act</title>
        <chamberCode />
        <chamberName />
      </item>
      <item>
        <titleType>Short Titles as Reported to Senate</titleType>
        <parentTitleType>Short Titles Senate</parentTitleType>
        <title>Energy Savings and Industrial Competitiveness Act</title>
        <chamberCode>S</chamberCode>
        <chamberName>Senate</chamberName>
      </item>
      <item>
        <titleType>Short Titles as Introduced</titleType>
        <parentTitleType />
        <title>Energy Savings and Industrial Competitiveness Act</title>
        <chamberCode />
        <chamberName />
      </item>
      <item>
        <titleType>Official Title as Introduced</titleType>
        <parentTitleType />
        <title>A bill to promote energy savings in residential buildings and industry, and for other purposes.</title>
        <chamberCode />
        <chamberName />
      </item>
      <item>
        <titleType>Display Title</titleType>
        <parentTitleType />
        <title>Energy Savings and Industrial Competitiveness Act</title>
        <chamberCode />
        <chamberName />
      </item>
    </titles>
    <actions>
      <actionByCounts>
        <senate>6</senate>
      </actionByCounts>
      <actionTypeCounts>
        <introducedInSenate>1</introducedInSenate>
        <reportedToSenate>2</reportedToSenate>
        <orderedReported>1</orderedReported>
        <referredToCommittee>1</referredToCommittee>
        <placedOnCalendarGeneralOrders>1</placedOnCalendarGeneralOrders>
      </actionTypeCounts>
      <item>
        <actionDate>2017-05-10</actionDate>
        <committee />
        <links />
        <sourceSystem>
          <code>0</code>
          <name>Senate</name>
        </sourceSystem>
        <text>Placed on Senate Legislative Calendar under General Orders. Calendar No. 73.</text>
        <type>Calendars</type>
      </item>
      <item>
        <actionDate>2017-05-10</actionDate>
        <committee>
          <systemCode>sseg00</systemCode>
          <name>Energy and Natural Resources Committee</name>
        </committee>
        <links>
          <link>
            <url>https://www.congress.gov/congressional-report/115th-congress/senate-report/60</url>
            <name>report No. 115-60</name>
          </link>
        </links>
        <sourceSystem>
          <code>0</code>
          <name>Senate</name>
        </sourceSystem>
        <text>Committee on Energy and Natural Resources. Reported by Senator Murkowski without amendment. With written report No. 115-60.</text>
        <type>Committee</type>
      </item>
      <item>
        <committee>
          <systemCode>sseg00</systemCode>
          <name>Energy and Natural Resources Committee</name>
        </committee>
        <links>
          <link>
            <url>https://www.congress.gov/congressional-report/115th-congress/senate-report/60</url>
            <name>report No. 115-60</name>
          </link>
        </links>
        <sourceSystem>
          <code>9</code>
          <name>Library of Congress</name>
        </sourceSystem>
        <text>Committee on Energy and Natural Resources. Reported by Senator Murkowski without amendment. With written report No. 115-60.</text>
        <actionCode>14000</actionCode>
        <actionDate>2017-05-10</actionDate>
        <type>Committee</type>
      </item>
      <item>
        <actionDate>2017-03-30</actionDate>
        <committee>
          <systemCode>sseg00</systemCode>
          <name>Energy and Natural Resources Committee</name>
        </committee>
        <links />
        <sourceSystem>
          <code>0</code>
          <name>Senate</name>
        </sourceSystem>
        <text>Committee on Energy and Natural Resources. Ordered to be reported without amendment favorably.</text>
        <type>Committee</type>
      </item>
      <item>
        <actionDate>2017-02-15</actionDate>
        <committee>
          <systemCode>sseg00</systemCode>
          <name>Energy and Natural Resources Committee</name>
        </committee>
        <links />
        <sourceSystem>
          <code>0</code>
          <name>Senate</name>
        </sourceSystem>
        <text>Read twice and referred to the Committee on Energy and Natural Resources.</text>
        <type>IntroReferral</type>
      </item>
      <item>
        <committee />
        <links />
        <sourceSystem>
          <code>9</code>
          <name>Library of Congress</name>
        </sourceSystem>
        <text>Introduced in Senate</text>
        <actionCode>10000</actionCode>
        <actionDate>2017-02-15</actionDate>
        <type>IntroReferral</type>
      </item>
    </actions>
    <policyArea>
      <name>Energy</name>
    </policyArea>
    <originChamber>Senate</originChamber>
    <subjects>
      <billSubjects>
        <legislativeSubjects>
          <item>
            <name>Administrative law and regulatory procedures</name>
          </item>
          <item>
            <name>Advisory bodies</name>
          </item>
          <item>
            <name>Alternative and renewable resources</name>
          </item>
          <item>
            <name>Building construction</name>
          </item>
          <item>
            <name>Computers and information technology</name>
          </item>
          <item>
            <name>Congressional oversight</name>
          </item>
          <item>
            <name>Consumer affairs</name>
          </item>
          <item>
            <name>Department of Energy</name>
          </item>
          <item>
            <name>Department of Housing and Urban Development</name>
          </item>
          <item>
            <name>Education programs funding</name>
          </item>
          <item>
            <name>Educational facilities and institutions</name>
          </item>
          <item>
            <name>Elementary and secondary education</name>
          </item>
          <item>
            <name>Employment and training programs</name>
          </item>
          <item>
            <name>Energy efficiency and conservation</name>
          </item>
          <item>
            <name>Energy prices</name>
          </item>
          <item>
            <name>Energy research</name>
          </item>
          <item>
            <name>Environmental Protection Agency (EPA)</name>
          </item>
          <item>
            <name>Environmental technology</name>
          </item>
          <item>
            <name>General Services Administration</name>
          </item>
          <item>
            <name>Government buildings, facilities, and property</name>
          </item>
          <item>
            <name>Government information and archives</name>
          </item>
          <item>
            <name>Government lending and loan guarantees</name>
          </item>
          <item>
            <name>Government studies and investigations</name>
          </item>
          <item>
            <name>Higher education</name>
          </item>
          <item>
            <name>Housing and community development funding</name>
          </item>
          <item>
            <name>Housing finance and home ownership</name>
          </item>
          <item>
            <name>Housing for the elderly and disabled</name>
          </item>
          <item>
            <name>Industrial facilities</name>
          </item>
          <item>
            <name>Licensing and registrations</name>
          </item>
          <item>
            <name>Lighting and heating</name>
          </item>
          <item>
            <name>Manufacturing</name>
          </item>
          <item>
            <name>Materials</name>
          </item>
          <item>
            <name>Performance measurement</name>
          </item>
          <item>
            <name>Product safety and quality</name>
          </item>
          <item>
            <name>Public contracts and procurement</name>
          </item>
          <item>
            <name>Public utilities and utility rates</name>
          </item>
          <item>
            <name>Real estate business</name>
          </item>
          <item>
            <name>Research and development</name>
          </item>
          <item>
            <name>Residential rehabilitation and home repair</name>
          </item>
          <item>
            <name>Science and engineering education</name>
          </item>
          <item>
            <name>Small business</name>
          </item>
          <item>
            <name>State and local government operations</name>
          </item>
          <item>
            <name>Technology assessment</name>
          </item>
          <item>
            <name>Water use and supply</name>
          </item>
        </legislativeSubjects>
        <policyArea>
          <name>Energy</name>
        </policyArea>
      </billSubjects>
    </subjects>
    <recordedVotes />
    <cboCostEstimates>
      <item>
        <url>https://www.cbo.gov/publication/52834</url>
        <pubDate>2017-06-20T19:37:00Z</pubDate>
        <title>S. 385, Energy Savings and Industrial Competitiveness Act</title>
      </item>
    </cboCostEstimates>
    <billNumber>385</billNumber>
    <updateDate>2018-02-22T15:28:44Z</updateDate>
    <committeeReports>
      <committeeReport>
        <citation>S. Rept. 115-60</citation>
      </committeeReport>
    </committeeReports>
    <notes />
    <laws />
    <createDate>2017-02-16T08:49:56Z</createDate>
    <summaries>
      <billSummaries>
        <item>
          <actionDate>2017-02-15</actionDate>
          <name>Introduced in Senate</name>
          <versionCode>00</versionCode>
          <actionDesc>Introduced in Senate</actionDesc>
          <lastSummaryUpdateDate>2017-05-04T15:52:19Z</lastSummaryUpdateDate>
          <text><![CDATA[<p><b>Energy Savings and Industrial Competitiveness Act</b></p> <p>This bill revises a variety of programs to encourage energy efficiency in buildings, industry, the federal government, and certain appliances, including by:</p> <ul> <li>requiring states and Indian tribes to measure their compliance with certain residential and commercial building energy codes;</li> <li>requiring the Department of Energy (DOE) to provide grants for establishing building training and assessment centers at institutions of higher education;</li> <li>requiring DOE to establish a process to recognize schools for implementing energy efficient and renewable energy projects;</li> <li>directing DOE to carry out an industry-government partnership program to research, develop, and demonstrate new sustainable manufacturing and industrial technologies and processes;</li> <li>establishing a Supply Star program within DOE to identify and promote practices, recognize companies, and recognize products that use highly efficient supply chains that conserve energy, water, and other resources;</li> <li>requiring DOE to establish rebate programs concerning energy efficient electric motors or transformers;</li> <li>revising requirements concerning the energy performance of federal buildings, certification under the Energy Star Program, certification of green buildings, and energy efficiency in federal real estate transactions and programs; and </li> <li>requiring the Department of Housing and Urban Development to establish a demonstration program for energy and water conservation improvements at multifamily residential units. </li> </ul>]]></text>
          <updateDate>2017-02-15T05:00:00Z</updateDate>
        </item>
        <item>
          <actionDate>2017-05-10</actionDate>
          <name>Reported to Senate without amendment</name>
          <versionCode>80</versionCode>
          <actionDesc>Reported to Senate without amendment</actionDesc>
          <lastSummaryUpdateDate>2017-10-24T14:47:02Z</lastSummaryUpdateDate>
          <text><![CDATA[<p>(This measure has not been amended since it was introduced. The summary has been expanded because action occurred on the measure.)</p> <p><b>Energy Savings and Industrial Competitiveness Act of 2017</b></p> <p>This bill revises a variety of programs to encourage energy efficiency in buildings, industry, the federal government, and certain appliances.</p> <p>TITLE I--BUILDINGS</p> <p>Subtitle A--Building Energy Codes <p>(Sec. 101) This bill amends the Energy Conservation and Production Act (ECPA) to require states and Indian tribes to measure and certify their compliance with certain residential and commercial building energy codes by a specified deadline.</p> <p>The Department of Energy (DOE) must: (1) provide technical and financial support to states and Indian tribes for developing stretch codes and advanced standards for achieving even greater energy efficiency in buildings, (2) update model building energy codes to achieve energy savings targets, and (3) submit annual reports on compliance with those codes and any improvements in energy savings resulting from those targets.</p> <p>DOE must study the feasibility, impact, economics, and merit of: (1) codes requiring buildings to become zero-net-energy; (2) code procedures to incorporate measured lifetimes, not just first-year energy use, in trade-offs and performance calculations; and (3) legislative options for increasing energy savings from building energy codes.</p> <p>DOE must: (1) support the updating of model building energy codes, and (2) provide technical assistance to organizations that set model building energy codes and standards.</p> <p>Subtitle B--Worker Training and Capacity Building </p> <p>(Sec. 111) DOE must provide grants to establish building training and assessment centers at institutions of higher learning to:</p> <ul> <li> identify and promote opportunities, concepts, and technologies for expanding building energy and environmental performance;</li> <li>promote the application of emerging concepts and technologies in commercial and institutional buildings;</li> <li>train engineers, architects, building scientists, building energy permitting and enforcement officials, and building technicians in energy-efficient design and operation;</li> <li>assist institutions of higher education in training building technicians;</li> <li>promote research and development for the use of alternative energy sources and distributed generation to supply heat and power for buildings;</li> <li>coordinate with and assist state-accredited technical training centers, community colleges, Tribal Colleges or Universities, and local offices of the National Institute of Food and Agriculture; and </li> <li>ensure appropriate services are provided to each region of the United States. </li> </ul> <p>(Sec. 112) DOE must make grants to pay the federal share (i.e., 50%) of career skills training programs that help students obtain a certification to install energy efficient buildings technologies. <p>Subtitle C--School Buildings </p> <p>(Sec. 121) DOE, acting through the Office of Energy Efficiency and Renewable Energy, must act as the lead federal agency for coordinating and disseminating information on existing federal programs and assistance that may be used to help initiate, develop, and finance energy efficiency, renewable energy, and energy retrofitting projects for schools.</p> <p>TITLE II--INDUSTRIAL EFFICIENCY AND COMPETITIVENESS </p> <p>Subtitle A--Manufacturing Energy Efficiency</p> <p>(Sec. 202) The bill amends the Energy Independence and Security Act of 2007 (EISA) by renaming the energy-intensive industries program as the future of industry program. For purposes of the program, the bill defines &quot;energy service provider&quot; to mean any business providing technology or services to improve the energy efficiency, water efficiency, power factor, or load management of a manufacturing site or other industrial process in an energy-intensive industry, or any utility operating under a utility energy service project.</p> <p>Industrial research and assessment centers must: (1) coordinate with Manufacturing Extension Partnership Centers of the National Institute of Standards and Technology and DOE's Building Technologies Program, (2) increase partnerships with DOE's national laboratories and with energy service providers and technology providers, (3) identify opportunities for reducing greenhouse gas emissions, and (4) promote sustainable manufacturing practices for small- and medium-sized manufacturers.</p> <p>DOE must: (1) provide funding for certain outreach and coordination activities of industrial research and assessment centers; and (2) pay the federal share of associated internship programs under which students work with or for industries, manufacturers, and energy service providers to implement the centers' recommendations.</p> <p>DOE must establish an advisory steering committee to provide recommendations on planning and implementing DOE's Advanced Manufacturing Office.</p> <p>(Sec. 203) The bill amends the Energy Policy and Conservation Act by directing DOE to: (1) conduct on-site technical assessments at the request of a manufacturer to identify opportunities for improving sustainability; and (2) carry out an industry-government partnership program to research, develop, and demonstrate new sustainable manufacturing and industrial technologies and processes. </p> <p>Subtitle B--Supply Star </p> <p>(Sec. 211) A Supply Star program is established within DOE to identify and promote practices, recognize companies, and recognize products that use highly efficient supply chains that conserve energy, water, and other resources. DOE may award grants or other incentives for studying supply chain energy resource efficiency and demonstrating and achieving reductions in the energy resource consumption of commercial products.</p> <p>Subtitle C--Extended Product System Rebate Program </p> <p>(Sec. 221) DOE must establish a rebate program for expenditures for purchasing and installing a new constant speed electric motor control that reduces energy use by at least 5%. </p> <p>Subtitle D--Transformer Rebate Program </p> <p>(Sec. 231) DOE must establish a rebate program for expenditures made by qualified industrial or manufacturing facilities, commercial buildings, and multifamily residential buildings for the purchase and installation of certain energy efficient transformers. This program terminates on December 31, 2019.</p> <p>TITLE III--FEDERAL AGENCY ENERGY EFFICIENCY </p> <p>(Sec. 301) The bill amends the National Energy Conservation Policy Act to require each federal agency to collaborate with the Office of the Management and Budget (OMB) to develop an implementation strategy for the maintenance, purchase, and use of energy-efficient and energy-saving information technologies. </p> <p> OMB must establish performance goals for evaluating the efforts of agencies in improving such information technology systems. </p> <p>(Sec. 302) The bill amends the EISA to revise requirements for the voluntary national information program. DOE must: (1) maintain a data center energy practitioner program for certifying energy practitioners qualified to evaluate the energy usage and efficiency opportunities in federal data centers, (2) establish an open data initiative for federal data center energy usage data, (3) participate in efforts to harmonize global specifications and metrics for data center energy efficiency, and (4) facilitate in the development of an efficiency metric that measures the energy efficiency of a data center.</p> <p>(Sec. 303) The Department of Housing and Urban Development (HUD) must establish a program that demonstrates the use of budget-neutral, performance-based agreements for energy or water conservation improvements at multifamily residential units. This program terminates on September 30, 2020.</p> <p>TITLE IV--REGULATORY PROVISIONS </p> <p>Subtitle A--Third-Party Certification Under Energy Star Program</p> <p>(Sec. 401) The bill amends the EPCA to require the Environmental Protection Agency (EPA) to revise the certification requirements for the labeling of consumer, home, and office electronic products for program partners that have complied with all requirements of the Energy Star program for a period of at least 18 months. Those requirements may not require third-party certification for a product to be listed.</p> <p>Subtitle B--Federal Green Buildings </p> <p>(Sec. 411) The bill amends the EISA by directing the Office of Federal High-Performance Green Buildings of the General Services Administration to identify and provide to DOE a list of private sector green building certification systems that are most likely to encourage a comprehensive and environmentally sound approach to certification of green buildings.</p> <p>Subtitle C--Energy Performance Requirement for Federal Buildings</p> <p>(Sec. 421) The bill amends the National Energy Conservation Policy Act to extend energy efficiency performance targets for federal buildings through FY2017 (from a 33% reduction from 2003 energy consumption level for FY2016 to a 36% reduction for FY2017). Federal buildings where energy intensive activities are carried out may be excluded from those targets. The bill establishes requirements for excluded buildings. </p> <p>(Sec. 422) The bill amends the ECPA to expand the scope of existing energy standards for new federal buildings to cover buildings altered by federal agencies and major renovations.</p> <p>DOE must establish federal building energy efficiency performance standards that require federal buildings to meet or exceed applicable state and local building energy codes if the state or local codes are more stringent than the ASHRAE Standard 90.1 or the International Energy Conservation Code.</p> <p>(Sec. 423) HUD must develop and issue underwriting and appraisal guidelines that account for the energy cost savings of a loan applicant that has a qualified home energy efficiency report.</p> <p>HUD must reconvene an advisory group to provide advice on the implementation of the enhanced energy efficiency underwriting criteria.</p> <p>TITLE V--MISCELLANEOUS</p> <p>(Sec. 501) For purposes of complying with the Statutory Pay-As-You-Go Act of 2010, the budgetary effects of this bill shall be determined by reference to the latest statement titled &quot;Budgetary Effects of PAYGO Legislation.&quot; </p> <p>(Sec. 502) The authorization of amounts under this bill and its amendments shall be effective for any fiscal year only to the extent and in the amount provided in advance in appropriations Acts.]]></text>
          <updateDate>2017-05-10T13:47:02Z</updateDate>
        </item>
      </billSummaries>
    </summaries>
    <amendments />
    <committees>
      <billCommittees>
        <item>
          <subcommittees />
          <type>Standing</type>
          <name>Energy and Natural Resources Committee</name>
          <activities>
            <item>
              <name>Reported by</name>
              <date>2017-05-10T14:58:25Z</date>
            </item>
            <item>
              <name>Markup by</name>
              <date>2017-03-30T13:30:00Z</date>
            </item>
            <item>
              <name>Referred to</name>
              <date>2017-02-15T17:26:01Z</date>
            </item>
          </activities>
          <chamber>Senate</chamber>
          <systemCode>sseg00</systemCode>
        </item>
      </billCommittees>
    </committees>
    <cosponsors>
      <item>
        <sponsorshipWithdrawnDate />
        <lastName>Shaheen</lastName>
        <firstName>Jeanne</firstName>
        <fullName>Sen. Shaheen, Jeanne [D-NH]</fullName>
        <sponsorshipDate>2017-02-15</sponsorshipDate>
        <isOriginalCosponsor>True</isOriginalCosponsor>
        <bioguideId>S001181</bioguideId>
        <middleName />
        <identifiers>
          <bioguideId>S001181</bioguideId>
          <lisID>1901</lisID>
          <gpoId>8276</gpoId>
        </identifiers>
        <state>NH</state>
        <party>D</party>
      </item>
      <item>
        <sponsorshipWithdrawnDate />
        <lastName>Coons</lastName>
        <firstName>Christopher</firstName>
        <fullName>Sen. Coons, Christopher A. [D-DE]</fullName>
        <sponsorshipDate>2017-02-15</sponsorshipDate>
        <isOriginalCosponsor>True</isOriginalCosponsor>
        <bioguideId>C001088</bioguideId>
        <middleName>A.</middleName>
        <identifiers>
          <bioguideId>C001088</bioguideId>
          <lisID>1984</lisID>
          <gpoId>8297</gpoId>
        </identifiers>
        <state>DE</state>
        <party>D</party>
      </item>
      <item>
        <sponsorshipWithdrawnDate />
        <lastName>WICKER</lastName>
        <firstName>ROGER</firstName>
        <fullName>Sen. Wicker, Roger F. [R-MS]</fullName>
        <sponsorshipDate>2017-02-15</sponsorshipDate>
        <isOriginalCosponsor>True</isOriginalCosponsor>
        <bioguideId>W000437</bioguideId>
        <middleName>F.</middleName>
        <identifiers>
          <bioguideId>W000437</bioguideId>
          <gpoId>8263</gpoId>
          <lisID>1226</lisID>
        </identifiers>
        <state>MS</state>
        <party>R</party>
      </item>
      <item>
        <sponsorshipWithdrawnDate />
        <lastName>Franken</lastName>
        <firstName>Al</firstName>
        <fullName>Sen. Franken, Al [D-MN]</fullName>
        <sponsorshipDate>2017-02-15</sponsorshipDate>
        <isOriginalCosponsor>True</isOriginalCosponsor>
        <bioguideId>F000457</bioguideId>
        <middleName />
        <identifiers>
          <bioguideId>F000457</bioguideId>
          <gpoId>8339</gpoId>
          <lisID>1969</lisID>
        </identifiers>
        <state>MN</state>
        <party>D</party>
      </item>
      <item>
        <sponsorshipWithdrawnDate />
        <lastName>COLLINS</lastName>
        <firstName>SUSAN</firstName>
        <fullName>Sen. Collins, Susan M. [R-ME]</fullName>
        <sponsorshipDate>2017-02-15</sponsorshipDate>
        <isOriginalCosponsor>True</isOriginalCosponsor>
        <bioguideId>C001035</bioguideId>
        <middleName>MARGARET</middleName>
        <identifiers>
          <bioguideId>C001035</bioguideId>
          <gpoId>8291</gpoId>
          <lisID>1541</lisID>
        </identifiers>
        <state>ME</state>
        <party>R</party>
      </item>
      <item>
        <sponsorshipWithdrawnDate />
        <lastName>Manchin</lastName>
        <firstName>Joe</firstName>
        <fullName>Sen. Manchin, Joe, III [D-WV]</fullName>
        <sponsorshipDate>2017-02-15</sponsorshipDate>
        <isOriginalCosponsor>True</isOriginalCosponsor>
        <bioguideId>M001183</bioguideId>
        <middleName />
        <identifiers>
          <bioguideId>M001183</bioguideId>
          <gpoId>8256</gpoId>
          <lisID>1983</lisID>
        </identifiers>
        <state>WV</state>
        <party>D</party>
      </item>
      <item>
        <sponsorshipWithdrawnDate />
        <lastName>Bennet</lastName>
        <firstName>Michael</firstName>
        <fullName>Sen. Bennet, Michael F. [D-CO]</fullName>
        <sponsorshipDate>2017-02-15</sponsorshipDate>
        <isOriginalCosponsor>True</isOriginalCosponsor>
        <bioguideId>B001267</bioguideId>
        <middleName>F.</middleName>
        <identifiers>
          <bioguideId>B001267</bioguideId>
          <gpoId>8302</gpoId>
          <lisID>1965</lisID>
        </identifiers>
        <state>CO</state>
        <party>D</party>
      </item>
      <item>
        <sponsorshipWithdrawnDate />
        <lastName>Warner</lastName>
        <firstName>Mark</firstName>
        <fullName>Sen. Warner, Mark R. [D-VA]</fullName>
        <sponsorshipDate>2017-02-15</sponsorshipDate>
        <isOriginalCosponsor>True</isOriginalCosponsor>
        <bioguideId>W000805</bioguideId>
        <middleName>R.</middleName>
        <identifiers>
          <bioguideId>W000805</bioguideId>
          <gpoId>8269</gpoId>
          <lisID>1897</lisID>
        </identifiers>
        <state>VA</state>
        <party>D</party>
      </item>
      <item>
        <sponsorshipWithdrawnDate />
        <lastName>Heitkamp</lastName>
        <firstName>Heidi</firstName>
        <fullName>Sen. Heitkamp, Heidi [D-ND]</fullName>
        <sponsorshipDate>2017-02-15</sponsorshipDate>
        <isOriginalCosponsor>True</isOriginalCosponsor>
        <bioguideId>H001069</bioguideId>
        <middleName />
        <identifiers>
          <bioguideId>H001069</bioguideId>
          <lisID>2174</lisID>
          <gpoId />
        </identifiers>
        <state>ND</state>
        <party>D</party>
      </item>
      <item>
        <sponsorshipWithdrawnDate />
        <lastName>Heller</lastName>
        <firstName>Dean</firstName>
        <fullName>Sen. Heller, Dean [R-NV]</fullName>
        <sponsorshipDate>2017-02-15</sponsorshipDate>
        <isOriginalCosponsor>True</isOriginalCosponsor>
        <bioguideId>H001041</bioguideId>
        <middleName />
        <identifiers>
          <bioguideId>H001041</bioguideId>
          <gpoId>8060</gpoId>
          <lisID>1863</lisID>
        </identifiers>
        <state>NV</state>
        <party>R</party>
      </item>
      <item>
        <sponsorshipWithdrawnDate />
        <lastName>Hassan</lastName>
        <firstName>Margaret</firstName>
        <fullName>Sen. Hassan, Margaret Wood [D-NH]</fullName>
        <sponsorshipDate>2017-09-06</sponsorshipDate>
        <isOriginalCosponsor>False</isOriginalCosponsor>
        <bioguideId>H001076</bioguideId>
        <middleName>Wood</middleName>
        <identifiers>
          <bioguideId>H001076</bioguideId>
          <gpoId />
          <lisID>2302</lisID>
        </identifiers>
        <state>NH</state>
        <party>D</party>
      </item>
    </cosponsors>
    <congress>115</congress>
    <relatedBills>
      <item>
        <congress>115</congress>
        <latestTitle>Energy Savings and Industrial Competitiveness Act</latestTitle>
        <type>HR</type>
        <relationshipDetails>
          <item>
            <identifiedBy>CRS</identifiedBy>
            <type>Identical bill</type>
          </item>
        </relationshipDetails>
        <latestAction>
          <text>Referred to the Subcommittee on Energy.</text>
          <actionDate>2017-04-25</actionDate>
        </latestAction>
        <number>1443</number>
      </item>
      <item>
        <congress>115</congress>
        <latestTitle>Streamlining Energy Efficiency for Schools Act</latestTitle>
        <type>S</type>
        <relationshipDetails>
          <item>
            <identifiedBy>CRS</identifiedBy>
            <type>Related bill</type>
          </item>
        </relationshipDetails>
        <latestAction>
          <text>Read twice and referred to the Committee on Energy and Natural Resources.</text>
          <actionDate>2017-02-15</actionDate>
        </latestAction>
        <number>383</number>
      </item>
      <item>
        <congress>115</congress>
        <latestTitle>Energy and Natural Resources Act of 2017</latestTitle>
        <type>S</type>
        <relationshipDetails>
          <item>
            <identifiedBy>CRS</identifiedBy>
            <type>Related bill</type>
          </item>
        </relationshipDetails>
        <latestAction>
          <text>Committee on Energy and Natural Resources. Hearings held.</text>
          <actionDate>2017-09-19</actionDate>
        </latestAction>
        <number>1460</number>
      </item>
    </relatedBills>
    <version>1.0.0</version>
    <sponsors>
      <item>
        <lastName>PORTMAN</lastName>
        <identifiers>
          <lisID>924</lisID>
          <gpoId>8266</gpoId>
          <bioguideId>P000449</bioguideId>
        </identifiers>
        <middleName />
        <bioguideId>P000449</bioguideId>
        <firstName>ROB</firstName>
        <byRequestType />
        <state>OH</state>
        <fullName>Sen. Portman, Rob [R-OH]</fullName>
        <party>R</party>
      </item>
    </sponsors>
  </bill>
  <dublinCore xmlns:dc="http://purl.org/dc/elements/1.1/">
    <dc:format>text/xml</dc:format>
    <dc:language>EN</dc:language>
    <dc:rights>Pursuant to Title 17 Section 105 of the United States Code, this file is not subject to copyright protection and is in the public domain.</dc:rights>
    <dc:contributor>Congressional Research Service, Library of Congress</dc:contributor>
    <dc:description>This file contains bill summaries and statuses for federal legislation. A bill summary describes the most significant provisions of a piece of legislation and details the effects the legislative text may have on current law and federal programs. Bill summaries are authored by the Congressional Research Service (CRS) of the Library of Congress. As stated in Public Law 91-510 (2 USC 166 (d)(6)), one of the duties of CRS is "to prepare summaries and digests of bills and resolutions of a public general nature introduced in the Senate or House of Representatives". For more information, refer to the User Guide that accompanies this file.</dc:description>
  </dublinCore>
</billStatus>

