<?xml version="1.0" encoding="UTF-8"?>
<billStatus>
  <bill>
    <billNumber>584</billNumber>
    <committeeReports>
      <committeeReport>
        <citation>S. Rept. 115-194</citation>
      </committeeReport>
    </committeeReports>
    <originChamber>Senate</originChamber>
    <latestAction>
      <actionDate>2017-12-14</actionDate>
      <text>Placed on Senate Legislative Calendar under General Orders. Calendar No. 284.</text>
      <links />
    </latestAction>
    <cboCostEstimates />
    <createDate>2017-03-09T05:25:17Z</createDate>
    <titles>
      <item>
        <chamberName>Senate</chamberName>
        <parentTitleType>Short Titles Senate</parentTitleType>
        <title>Small Business Regulatory Flexibility Improvements Act</title>
        <chamberCode>S</chamberCode>
        <titleType>Short Titles as Reported to Senate</titleType>
      </item>
      <item>
        <chamberName />
        <parentTitleType />
        <title>Small Business Regulatory Flexibility Improvements Act</title>
        <chamberCode />
        <titleType>Short Titles as Introduced</titleType>
      </item>
      <item>
        <chamberName />
        <parentTitleType />
        <title>A bill to amend chapter 6 of title 5, United States Code (commonly known as the Regulatory Flexibility Act), to ensure complete analysis of potential impacts on small entities of rules, and for other purposes.</title>
        <chamberCode />
        <titleType>Official Title as Introduced</titleType>
      </item>
      <item>
        <chamberName />
        <parentTitleType />
        <title>Small Business Regulatory Flexibility Improvements Act</title>
        <chamberCode />
        <titleType>Display Title</titleType>
      </item>
      <item>
        <chamberName>Senate</chamberName>
        <parentTitleType />
        <title>Small Business Regulatory Flexibility Improvements Act</title>
        <chamberCode>S</chamberCode>
        <titleType>(Extracted from GPO) Short Titles as Reported to Senate</titleType>
      </item>
      <item>
        <chamberName />
        <parentTitleType />
        <title>Small Business Regulatory Flexibility Improvements Act</title>
        <chamberCode />
        <titleType>(Extracted from GPO) Short Titles as Introduced</titleType>
      </item>
    </titles>
    <updateDate>2018-02-22T15:28:46Z</updateDate>
    <notes />
    <title>Small Business Regulatory Flexibility Improvements Act</title>
    <relatedBills>
      <item>
        <number>5</number>
        <latestTitle>Regulatory Accountability Act of 2017</latestTitle>
        <type>HR</type>
        <congress>115</congress>
        <relationshipDetails>
          <item>
            <identifiedBy>CRS</identifiedBy>
            <type>Related bill</type>
          </item>
        </relationshipDetails>
        <latestAction>
          <actionDate>2017-03-29</actionDate>
          <text>Committee on Small Business and Entrepreneurship. Hearings held. Hearings printed: S.Hrg. 115-21.</text>
        </latestAction>
      </item>
      <item>
        <number>33</number>
        <latestTitle>Small Business Regulatory Flexibility Improvements Act of 2017</latestTitle>
        <type>HR</type>
        <congress>115</congress>
        <relationshipDetails>
          <item>
            <identifiedBy>CRS</identifiedBy>
            <type>Related bill</type>
          </item>
        </relationshipDetails>
        <latestAction>
          <actionDate>2017-03-29</actionDate>
          <text>Committee on Small Business and Entrepreneurship. Hearings held. Hearings printed: S.Hrg. 115-21.</text>
        </latestAction>
      </item>
    </relatedBills>
    <laws />
    <congress>115</congress>
    <calendarNumbers>
      <item>
        <calendar>Senate Calendar of Business</calendar>
        <number>0284</number>
      </item>
    </calendarNumbers>
    <introducedDate>2017-03-08</introducedDate>
    <actions>
      <actionByCounts>
        <senate>6</senate>
      </actionByCounts>
      <item>
        <actionDate>2017-12-14</actionDate>
        <committee />
        <links />
        <sourceSystem>
          <code>0</code>
          <name>Senate</name>
        </sourceSystem>
        <text>Placed on Senate Legislative Calendar under General Orders. Calendar No. 284.</text>
        <type>Calendars</type>
      </item>
      <item>
        <actionDate>2017-12-14</actionDate>
        <committee>
          <systemCode>ssga00</systemCode>
          <name>Homeland Security and Governmental Affairs Committee</name>
        </committee>
        <links>
          <link>
            <url>https://www.congress.gov/congressional-report/115th-congress/senate-report/194</url>
            <name>report No. 115-194</name>
          </link>
        </links>
        <sourceSystem>
          <code>0</code>
          <name>Senate</name>
        </sourceSystem>
        <text>Committee on Homeland Security and Governmental Affairs. Reported by Senator Johnson with amendments. With written report No. 115-194. Minority views filed.</text>
        <type>Committee</type>
      </item>
      <item>
        <actionDate>2017-12-14</actionDate>
        <text>Committee on Homeland Security and Governmental Affairs. Reported by Senator Johnson with amendments. With written report No. 115-194. Minority views filed.</text>
        <sourceSystem>
          <code>9</code>
          <name>Library of Congress</name>
        </sourceSystem>
        <committee>
          <systemCode>ssga00</systemCode>
          <name>Homeland Security and Governmental Affairs Committee</name>
        </committee>
        <type>Committee</type>
        <actionCode>14000</actionCode>
        <links>
          <link>
            <url>https://www.congress.gov/congressional-report/115th-congress/senate-report/194</url>
            <name>report No. 115-194</name>
          </link>
        </links>
      </item>
      <item>
        <actionDate>2017-05-17</actionDate>
        <committee>
          <systemCode>ssga00</systemCode>
          <name>Homeland Security and Governmental Affairs Committee</name>
        </committee>
        <links />
        <sourceSystem>
          <code>0</code>
          <name>Senate</name>
        </sourceSystem>
        <text>Committee on Homeland Security and Governmental Affairs. Ordered to be reported without amendment favorably.</text>
        <type>Committee</type>
      </item>
      <item>
        <actionDate>2017-03-08</actionDate>
        <committee>
          <systemCode>ssga00</systemCode>
          <name>Homeland Security and Governmental Affairs Committee</name>
        </committee>
        <links />
        <sourceSystem>
          <code>0</code>
          <name>Senate</name>
        </sourceSystem>
        <text>Read twice and referred to the Committee on Homeland Security and Governmental Affairs.</text>
        <type>IntroReferral</type>
      </item>
      <item>
        <actionDate>2017-03-08</actionDate>
        <text>Introduced in Senate</text>
        <sourceSystem>
          <code>9</code>
          <name>Library of Congress</name>
        </sourceSystem>
        <committee />
        <type>IntroReferral</type>
        <actionCode>10000</actionCode>
        <links />
      </item>
      <actionTypeCounts>
        <placedOnCalendarGeneralOrders>1</placedOnCalendarGeneralOrders>
        <orderedReported>1</orderedReported>
        <referredToCommittee>1</referredToCommittee>
        <reportedToSenate>2</reportedToSenate>
        <introducedInSenate>1</introducedInSenate>
      </actionTypeCounts>
    </actions>
    <version>1.0.0</version>
    <billType>S</billType>
    <committees>
      <billCommittees>
        <item>
          <systemCode>ssga00</systemCode>
          <chamber>Senate</chamber>
          <type>Standing</type>
          <name>Homeland Security and Governmental Affairs Committee</name>
          <subcommittees />
          <activities>
            <item>
              <date>2017-12-14T18:13:28Z</date>
              <name>Reported by</name>
            </item>
            <item>
              <date>2017-05-17T14:00:52Z</date>
              <name>Markup by</name>
            </item>
            <item>
              <date>2017-03-08T21:12:50Z</date>
              <name>Referred to</name>
            </item>
          </activities>
        </item>
      </billCommittees>
    </committees>
    <cosponsors>
      <item>
        <state>ID</state>
        <party>R</party>
        <fullName>Sen. Risch, James E. [R-ID]</fullName>
        <identifiers>
          <bioguideId>R000584</bioguideId>
          <lisID>1896</lisID>
          <gpoId>8274</gpoId>
        </identifiers>
        <lastName>Risch</lastName>
        <bioguideId>R000584</bioguideId>
        <isOriginalCosponsor>True</isOriginalCosponsor>
        <sponsorshipWithdrawnDate />
        <firstName>James</firstName>
        <middleName>E.</middleName>
        <sponsorshipDate>2017-03-08</sponsorshipDate>
      </item>
      <item>
        <state>IA</state>
        <party>R</party>
        <fullName>Sen. Grassley, Chuck [R-IA]</fullName>
        <identifiers>
          <lisID>457</lisID>
          <gpoId>8316</gpoId>
          <bioguideId>G000386</bioguideId>
        </identifiers>
        <lastName>GRASSLEY</lastName>
        <bioguideId>G000386</bioguideId>
        <isOriginalCosponsor>True</isOriginalCosponsor>
        <sponsorshipWithdrawnDate />
        <firstName>CHARLES</firstName>
        <middleName>ERNEST</middleName>
        <sponsorshipDate>2017-03-08</sponsorshipDate>
      </item>
      <item>
        <state>UT</state>
        <party>R</party>
        <fullName>Sen. Hatch, Orrin G. [R-UT]</fullName>
        <identifiers>
          <bioguideId>H000338</bioguideId>
          <gpoId>8314</gpoId>
          <lisID>1351</lisID>
        </identifiers>
        <lastName>HATCH</lastName>
        <bioguideId>H000338</bioguideId>
        <isOriginalCosponsor>False</isOriginalCosponsor>
        <sponsorshipWithdrawnDate />
        <firstName>ORRIN</firstName>
        <middleName>GRANT</middleName>
        <sponsorshipDate>2017-03-09</sponsorshipDate>
      </item>
      <item>
        <state>ND</state>
        <party>R</party>
        <fullName>Sen. Hoeven, John [R-ND]</fullName>
        <identifiers>
          <bioguideId>H001061</bioguideId>
          <lisID>2079</lisID>
          <gpoId>8331</gpoId>
        </identifiers>
        <lastName>Hoeven</lastName>
        <bioguideId>H001061</bioguideId>
        <isOriginalCosponsor>False</isOriginalCosponsor>
        <sponsorshipWithdrawnDate />
        <firstName>John</firstName>
        <middleName />
        <sponsorshipDate>2017-03-09</sponsorshipDate>
      </item>
      <item>
        <state>KS</state>
        <party>R</party>
        <fullName>Sen. Roberts, Pat [R-KS]</fullName>
        <identifiers>
          <bioguideId>R000307</bioguideId>
          <lisID>968</lisID>
          <gpoId>8275</gpoId>
        </identifiers>
        <lastName>ROBERTS</lastName>
        <bioguideId>R000307</bioguideId>
        <isOriginalCosponsor>False</isOriginalCosponsor>
        <sponsorshipWithdrawnDate />
        <firstName>PAT</firstName>
        <middleName />
        <sponsorshipDate>2017-04-05</sponsorshipDate>
      </item>
      <item>
        <state>FL</state>
        <party>R</party>
        <fullName>Sen. Rubio, Marco [R-FL]</fullName>
        <identifiers>
          <lisID>2084</lisID>
          <gpoId>8242</gpoId>
          <bioguideId>R000595</bioguideId>
        </identifiers>
        <lastName>Rubio</lastName>
        <bioguideId>R000595</bioguideId>
        <isOriginalCosponsor>False</isOriginalCosponsor>
        <sponsorshipWithdrawnDate />
        <firstName>Marco</firstName>
        <middleName />
        <sponsorshipDate>2017-06-22</sponsorshipDate>
      </item>
    </cosponsors>
    <subjects>
      <billSubjects>
        <legislativeSubjects>
          <item>
            <name>Administrative law and regulatory procedures</name>
          </item>
          <item>
            <name>Administrative remedies</name>
          </item>
          <item>
            <name>Business records</name>
          </item>
          <item>
            <name>Civil actions and liability</name>
          </item>
          <item>
            <name>Competitiveness, trade promotion, trade deficits</name>
          </item>
          <item>
            <name>Congressional oversight</name>
          </item>
          <item>
            <name>Economic performance and conditions</name>
          </item>
          <item>
            <name>Federal appellate courts</name>
          </item>
          <item>
            <name>Federal-Indian relations</name>
          </item>
          <item>
            <name>Forests, forestry, trees</name>
          </item>
          <item>
            <name>Government information and archives</name>
          </item>
          <item>
            <name>Government studies and investigations</name>
          </item>
          <item>
            <name>Industrial policy and productivity</name>
          </item>
          <item>
            <name>Judicial review and appeals</name>
          </item>
          <item>
            <name>Jurisdiction and venue</name>
          </item>
          <item>
            <name>Land use and conservation</name>
          </item>
          <item>
            <name>Small Business Administration</name>
          </item>
          <item>
            <name>Small business</name>
          </item>
          <item>
            <name>Tax administration and collection, taxpayers</name>
          </item>
        </legislativeSubjects>
        <policyArea>
          <name>Government Operations and Politics</name>
        </policyArea>
      </billSubjects>
    </subjects>
    <amendments />
    <summaries>
      <billSummaries>
        <item>
          <lastSummaryUpdateDate>2017-07-05T22:19:47Z</lastSummaryUpdateDate>
          <text><![CDATA[<p><strong>Small Business Regulatory Flexibility Improvements Act</strong> </p> <p>This bill modifies the rulemaking requirements and procedures of federal agencies (excluding Congress, U.S. courts, U.S. territories and possessions, and the District of Columbia) under the Regulatory Flexibility Act of 1980 (RFA) and the Small Business Regulatory Enforcement Fairness Act of 1996 (SBREFA). The definition of "rule" under the RFA is expanded to include all agency rules, except for: (1) rules that pertain to the protection of the rights of and benefits for veterans or that impose limitations on the cost and terms of consumer credit extended to service members and their dependents, or (2) rules of particular (and not general) applicability relating to rates, wages, and other financial indicators. Under a new definition of "economic impact," agencies are required to consider any direct economic effect of a proposed rule on small entities and any indirect economic effect on small entities that is reasonably foreseeable and that results from such rule. </p> <p>Under the bill, agencies are required to modify their rulemaking procedures to: </p> <ul> <li>include within initial and final regulatory flexibility analyses a detailed statement of information relating to a proposed rule; </li> <li>include in the agency regulatory flexibility agenda a description of the sector of the North American Industrial Classification System that is affected by a proposed agency rule that is likely to have a significant economic impact of a substantial number of small entities; </li> <li>require each initial regulatory flexibility analysis to contain detailed information about a proposed rule, including why agency action is being considered, the objectives and legal basis for the proposed rule, and an estimate of the number and types of small entities to which the proposed rule will apply; </li> <li>eliminate waivers or delays of an initial regulatory flexibility analysis; </li> <li>modify the procedures for participation of small entities in the promulgation of a proposed rule and the review panel advocacy process; and </li> <li>publish a plan for the periodic review of existing rules and new rules that have a significant impact on a substantial number of small entities to determine whether such rules should be continued, changed, or rescinded. </li></ul> <p>Judicial review of an agency final rule for compliance with RFA requirements is allowed after the publication of such rule, instead of after completion of the rulemaking process.</p> <p>The Small Business Act is amended to authorize the Chief Counsel for Advocacy of the Small Business Administration (SBA) to make small business size-standard determinations for all purposes other than for the purposes of such Act or the Small Business Investment Act of 1958.</p> <p>SBREFA is amended to require agencies, in preparing small entity compliance guides, to solicit input from affected small entities or associations of small entities. </p> <p>The Government Accountability Office must complete and publish a study that examines whether the SBA Chief Counsel for Advocacy has the capacity and resources to carry out duties under this bill. </p> <p>An agency may not impose a civil fine on a small business for a violation of the agency's information collection requirements if the small business has not previously violated a similar requirement during the preceding five years, unless there is: (1) a potential for serious harm to the public interest; (2) an impediment to detection of criminal activity; (3) a violation of an internal revenue law or a law concerning the assessment or collection of any tax, debt, revenue, or receipt; (4) a violation that is not corrected within six months; or (5) a danger to public health or safety, subject to a possible exception if the violation is corrected within 24 hours. The agency shall not take into account a small business's violation of another agency's information collection requirements. </p>]]></text>
          <actionDesc>Introduced in Senate</actionDesc>
          <actionDate>2017-03-08</actionDate>
          <name>Introduced in Senate</name>
          <updateDate>2017-03-08T05:00:00Z</updateDate>
          <versionCode>00</versionCode>
        </item>
      </billSummaries>
    </summaries>
    <recordedVotes />
    <policyArea>
      <name>Government Operations and Politics</name>
    </policyArea>
    <sponsors>
      <item>
        <byRequestType />
        <party>R</party>
        <middleName />
        <lastName>Lankford</lastName>
        <bioguideId>L000575</bioguideId>
        <fullName>Sen. Lankford, James [R-OK]</fullName>
        <firstName>James</firstName>
        <identifiers>
          <bioguideId>L000575</bioguideId>
          <gpoId>8113</gpoId>
          <lisID>2050</lisID>
        </identifiers>
        <state>OK</state>
      </item>
    </sponsors>
  </bill>
  <dublinCore xmlns:dc="http://purl.org/dc/elements/1.1/">
    <dc:format>text/xml</dc:format>
    <dc:language>EN</dc:language>
    <dc:rights>Pursuant to Title 17 Section 105 of the United States Code, this file is not subject to copyright protection and is in the public domain.</dc:rights>
    <dc:contributor>Congressional Research Service, Library of Congress</dc:contributor>
    <dc:description>This file contains bill summaries and statuses for federal legislation. A bill summary describes the most significant provisions of a piece of legislation and details the effects the legislative text may have on current law and federal programs. Bill summaries are authored by the Congressional Research Service (CRS) of the Library of Congress. As stated in Public Law 91-510 (2 USC 166 (d)(6)), one of the duties of CRS is "to prepare summaries and digests of bills and resolutions of a public general nature introduced in the Senate or House of Representatives". For more information, refer to the User Guide that accompanies this file.</dc:description>
  </dublinCore>
</billStatus>

