<?xml version="1.0" encoding="UTF-8"?>
<billStatus>
  <bill>
    <calendarNumbers>
      <item>
        <calendar>Senate Calendar of Business</calendar>
        <number>0224</number>
      </item>
    </calendarNumbers>
    <billType>S</billType>
    <title>A bill to make technical amendments to certain marine fish conservation statutes, and for other purposes.</title>
    <introducedDate>2017-02-15</introducedDate>
    <latestAction>
      <actionDate>2017-10-04</actionDate>
      <text>Referred to the Subcommittee on Water, Power and Oceans.</text>
      <links />
    </latestAction>
    <titles>
      <item>
        <chamberName />
        <parentTitleType />
        <title>A bill to make technical amendments to certain marine fish conservation statutes, and for other purposes.</title>
        <chamberCode />
        <titleType>Official Title as Introduced</titleType>
      </item>
      <item>
        <chamberName />
        <parentTitleType />
        <title>A bill to make technical amendments to certain marine fish conservation statutes, and for other purposes.</title>
        <chamberCode />
        <titleType>Display Title</titleType>
      </item>
    </titles>
    <actions>
      <actionByCounts>
        <houseOfRepresentatives>3</houseOfRepresentatives>
        <senate>9</senate>
      </actionByCounts>
      <item>
        <actionDate>2017-10-04</actionDate>
        <committee>
          <systemCode>hsii13</systemCode>
          <name>Water, Power and Oceans Subcommittee</name>
        </committee>
        <links />
        <sourceSystem>
          <code>1</code>
          <name>House committee actions</name>
        </sourceSystem>
        <text>Referred to the Subcommittee on Water, Power and Oceans.</text>
        <type>Committee</type>
      </item>
      <item>
        <actionDate>2017-10-03</actionDate>
        <text>Referred to the House Committee on Natural Resources.</text>
        <sourceSystem>
          <code>2</code>
          <name>House floor actions</name>
        </sourceSystem>
        <committee>
          <systemCode>hsii00</systemCode>
          <name>Natural Resources Committee</name>
        </committee>
        <type>IntroReferral</type>
        <actionCode>H11100</actionCode>
        <links />
      </item>
      <item>
        <actionDate>2017-10-03</actionDate>
        <text>Received in the House.</text>
        <actionTime>15:05:56</actionTime>
        <sourceSystem>
          <code>2</code>
          <name>House floor actions</name>
        </sourceSystem>
        <committee />
        <links />
        <actionCode>H14000</actionCode>
        <type>Floor</type>
      </item>
      <item>
        <actionDate>2017-10-03</actionDate>
        <committee />
        <links />
        <sourceSystem>
          <code>0</code>
          <name>Senate</name>
        </sourceSystem>
        <text>Message on Senate action sent to the House.</text>
        <type>Floor</type>
      </item>
      <item>
        <actionDate>2017-10-02</actionDate>
        <committee />
        <links>
          <link>
            <url>https://www.congress.gov/congressional-record/volume-163/senate-section/page/S6263</url>
            <name>S6263</name>
          </link>
        </links>
        <sourceSystem>
          <code>0</code>
          <name>Senate</name>
        </sourceSystem>
        <text>Passed Senate without amendment by Voice Vote. (consideration: CR S6263; text: CR S6263)</text>
        <type>Floor</type>
      </item>
      <item>
        <actionDate>2017-10-02</actionDate>
        <text>Passed/agreed to in Senate: Passed Senate without amendment by Voice Vote.</text>
        <sourceSystem>
          <code>9</code>
          <name>Library of Congress</name>
        </sourceSystem>
        <committee />
        <type>Floor</type>
        <actionCode>17000</actionCode>
        <links />
      </item>
      <item>
        <actionDate>2017-09-19</actionDate>
        <committee />
        <links />
        <sourceSystem>
          <code>0</code>
          <name>Senate</name>
        </sourceSystem>
        <text>Placed on Senate Legislative Calendar under General Orders. Calendar No. 224.</text>
        <type>Calendars</type>
      </item>
      <item>
        <actionDate>2017-09-19</actionDate>
        <committee>
          <systemCode>sscm00</systemCode>
          <name>Commerce, Science, and Transportation Committee</name>
        </committee>
        <links>
          <link>
            <url>https://www.congress.gov/congressional-report/115th-congress/senate-report/160</url>
            <name>report No. 115-160</name>
          </link>
        </links>
        <sourceSystem>
          <code>0</code>
          <name>Senate</name>
        </sourceSystem>
        <text>Committee on Commerce, Science, and Transportation. Reported by Senator Thune without amendment. With written report No. 115-160.</text>
        <type>Committee</type>
      </item>
      <item>
        <actionDate>2017-09-19</actionDate>
        <text>Committee on Commerce, Science, and Transportation. Reported by Senator Thune without amendment. With written report No. 115-160.</text>
        <sourceSystem>
          <code>9</code>
          <name>Library of Congress</name>
        </sourceSystem>
        <committee>
          <systemCode>sscm00</systemCode>
          <name>Commerce, Science, and Transportation Committee</name>
        </committee>
        <type>Committee</type>
        <actionCode>14000</actionCode>
        <links>
          <link>
            <url>https://www.congress.gov/congressional-report/115th-congress/senate-report/160</url>
            <name>report No. 115-160</name>
          </link>
        </links>
      </item>
      <item>
        <actionDate>2017-05-18</actionDate>
        <committee>
          <systemCode>sscm00</systemCode>
          <name>Commerce, Science, and Transportation Committee</name>
        </committee>
        <links />
        <sourceSystem>
          <code>0</code>
          <name>Senate</name>
        </sourceSystem>
        <text>Committee on Commerce, Science, and Transportation. Ordered to be reported without amendment favorably.</text>
        <type>Committee</type>
      </item>
      <item>
        <actionDate>2017-02-15</actionDate>
        <committee>
          <systemCode>sscm00</systemCode>
          <name>Commerce, Science, and Transportation Committee</name>
        </committee>
        <links />
        <sourceSystem>
          <code>0</code>
          <name>Senate</name>
        </sourceSystem>
        <text>Read twice and referred to the Committee on Commerce, Science, and Transportation.</text>
        <type>IntroReferral</type>
      </item>
      <item>
        <actionDate>2017-02-15</actionDate>
        <text>Introduced in Senate</text>
        <sourceSystem>
          <code>9</code>
          <name>Library of Congress</name>
        </sourceSystem>
        <committee />
        <type>IntroReferral</type>
        <actionCode>10000</actionCode>
        <links />
      </item>
      <actionTypeCounts>
        <billReferrals>1</billReferrals>
        <orderedReported>1</orderedReported>
        <introducedInSenate>1</introducedInSenate>
        <receivedInTheHouse>1</receivedInTheHouse>
        <passedAgreedToInSenate>1</passedAgreedToInSenate>
        <placedOnCalendarGeneralOrders>1</placedOnCalendarGeneralOrders>
        <placeholderTextForH>1</placeholderTextForH>
        <referredToCommittee>1</referredToCommittee>
        <passedSenate>1</passedSenate>
        <sentToHouse>1</sentToHouse>
        <reportedToSenate>2</reportedToSenate>
      </actionTypeCounts>
    </actions>
    <policyArea>
      <name>Public Lands and Natural Resources</name>
    </policyArea>
    <originChamber>Senate</originChamber>
    <subjects>
      <billSubjects>
        <legislativeSubjects>
          <item>
            <name>Marine and coastal resources, fisheries</name>
          </item>
        </legislativeSubjects>
        <policyArea>
          <name>Public Lands and Natural Resources</name>
        </policyArea>
      </billSubjects>
    </subjects>
    <recordedVotes />
    <cboCostEstimates />
    <billNumber>396</billNumber>
    <updateDate>2018-02-22T15:28:44Z</updateDate>
    <committeeReports>
      <committeeReport>
        <citation>S. Rept. 115-160</citation>
      </committeeReport>
    </committeeReports>
    <notes />
    <laws />
    <createDate>2017-02-16T08:49:56Z</createDate>
    <summaries>
      <billSummaries>
        <item>
          <actionDate>2017-02-15</actionDate>
          <versionCode>00</versionCode>
          <text><![CDATA[<p>This bill amends the Billfish Conservation Act of 2012 to limit the sale of billfish caught by U.S. fishing vessels. </p> <p>Under current law, billfish caught by U.S. vessels that land (number or poundage of fish unloaded onshore by commercial fisherman) in Hawaii or Pacific Insular Areas (American Samoa, Baker Island, Guam, Howland Island, Jarvis Island, Johnston Atoll, Kingman Reef, Midway Island, the Northern Mariana Islands, Palmyra Atoll, and Wake Island) may be sold and exported to non-U.S. markets or transported to other U.S. markets.</p> <p>This bill requires billfish caught by U.S. vessels that land in Hawaii or Pacific Insular Areas to be retained for sale in those areas. </p>]]></text>
          <name>Introduced in Senate</name>
          <actionDesc>Introduced in Senate</actionDesc>
          <lastSummaryUpdateDate>2017-08-26T16:50:03Z</lastSummaryUpdateDate>
          <updateDate>2017-02-15T05:00:00Z</updateDate>
        </item>
        <item>
          <actionDate>2017-09-19</actionDate>
          <versionCode>80</versionCode>
          <text><![CDATA[<p>(This measure has not been amended since it was introduced. The summary has been expanded because action occurred on the measure.)</p> <p>(Sec.1)This bill amends the Billfish Conservation Act of 2012 to limit the sale of billfish caught by U.S. fishing vessels. </p> <p>Under current law, billfish caught by U.S. vessels that land (number or poundage of fish unloaded onshore by commercial fisherman) in Hawaii or Pacific Insular Areas (American Samoa, Baker Island, Guam, Howland Island, Jarvis Island, Johnston Atoll, Kingman Reef, Midway Island, the Northern Mariana Islands, Palmyra Atoll, and Wake Island) may be sold and exported to non-U.S. markets or transported to other U.S. markets.</p> <p>This bill requires billfish caught by U.S. vessels that land in Hawaii or Pacific Insular Areas to be retained for sale in those areas.</p>]]></text>
          <name>Reported to Senate without amendment</name>
          <actionDesc>Reported to Senate without amendment</actionDesc>
          <lastSummaryUpdateDate>2017-09-25T12:52:49Z</lastSummaryUpdateDate>
          <updateDate>2017-09-19T15:32:53Z</updateDate>
        </item>
      </billSummaries>
    </summaries>
    <amendments />
    <committees>
      <billCommittees>
        <item>
          <activities>
            <item>
              <date>2017-10-03T21:21:55Z</date>
              <name>Referred to</name>
            </item>
          </activities>
          <type>Standing</type>
          <systemCode>hsii00</systemCode>
          <name>Natural Resources Committee</name>
          <subcommittees>
            <item>
              <systemCode>hsii13</systemCode>
              <activities>
                <item>
                  <date>2017-10-04T15:38:38Z</date>
                  <name>Referred to</name>
                </item>
              </activities>
              <name>Water, Power and Oceans Subcommittee</name>
            </item>
          </subcommittees>
          <chamber>House</chamber>
        </item>
        <item>
          <activities>
            <item>
              <date>2017-09-19T14:35:13Z</date>
              <name>Reported by</name>
            </item>
            <item>
              <date>2017-05-18T14:00:00Z</date>
              <name>Markup by</name>
            </item>
            <item>
              <date>2017-02-15T20:16:18Z</date>
              <name>Referred to</name>
            </item>
          </activities>
          <type>Standing</type>
          <systemCode>sscm00</systemCode>
          <name>Commerce, Science, and Transportation Committee</name>
          <subcommittees />
          <chamber>Senate</chamber>
        </item>
      </billCommittees>
    </committees>
    <cosponsors>
      <item>
        <fullName>Sen. Rubio, Marco [R-FL]</fullName>
        <isOriginalCosponsor>True</isOriginalCosponsor>
        <bioguideId>R000595</bioguideId>
        <middleName />
        <lastName>Rubio</lastName>
        <identifiers>
          <lisID>2084</lisID>
          <gpoId>8242</gpoId>
          <bioguideId>R000595</bioguideId>
        </identifiers>
        <firstName>Marco</firstName>
        <sponsorshipDate>2017-02-15</sponsorshipDate>
        <state>FL</state>
        <sponsorshipWithdrawnDate />
        <party>R</party>
      </item>
      <item>
        <fullName>Sen. Moran, Jerry [R-KS]</fullName>
        <isOriginalCosponsor>True</isOriginalCosponsor>
        <bioguideId>M000934</bioguideId>
        <middleName />
        <lastName>MORAN</lastName>
        <identifiers>
          <bioguideId>M000934</bioguideId>
          <lisID>1507</lisID>
          <gpoId>8307</gpoId>
        </identifiers>
        <firstName>JERRY</firstName>
        <sponsorshipDate>2017-02-15</sponsorshipDate>
        <state>KS</state>
        <sponsorshipWithdrawnDate />
        <party>R</party>
      </item>
      <item>
        <fullName>Sen. Manchin, Joe, III [D-WV]</fullName>
        <isOriginalCosponsor>True</isOriginalCosponsor>
        <bioguideId>M001183</bioguideId>
        <middleName />
        <lastName>Manchin</lastName>
        <identifiers>
          <bioguideId>M001183</bioguideId>
          <gpoId>8256</gpoId>
          <lisID>1983</lisID>
        </identifiers>
        <firstName>Joe</firstName>
        <sponsorshipDate>2017-02-15</sponsorshipDate>
        <state>WV</state>
        <sponsorshipWithdrawnDate />
        <party>D</party>
      </item>
    </cosponsors>
    <congress>115</congress>
    <relatedBills>
      <item>
        <number>4528</number>
        <latestTitle>To make technical amendments to certain marine fish conservation statutes, and for other purposes.</latestTitle>
        <type>HR</type>
        <congress>115</congress>
        <relationshipDetails>
          <item>
            <identifiedBy>CRS</identifiedBy>
            <type>Identical bill</type>
          </item>
        </relationshipDetails>
        <latestAction>
          <actionDate>2017-12-11</actionDate>
          <text>Referred to the Subcommittee on Water, Power and Oceans.</text>
        </latestAction>
      </item>
    </relatedBills>
    <version>1.0.0</version>
    <sponsors>
      <item>
        <lastName>NELSON</lastName>
        <identifiers>
          <bioguideId>N000032</bioguideId>
          <lisID>859</lisID>
          <gpoId>8236</gpoId>
        </identifiers>
        <middleName>WILLIAM</middleName>
        <bioguideId>N000032</bioguideId>
        <firstName>CLARENCE</firstName>
        <byRequestType />
        <state>FL</state>
        <fullName>Sen. Nelson, Bill [D-FL]</fullName>
        <party>D</party>
      </item>
    </sponsors>
  </bill>
  <dublinCore xmlns:dc="http://purl.org/dc/elements/1.1/">
    <dc:format>text/xml</dc:format>
    <dc:language>EN</dc:language>
    <dc:rights>Pursuant to Title 17 Section 105 of the United States Code, this file is not subject to copyright protection and is in the public domain.</dc:rights>
    <dc:contributor>Congressional Research Service, Library of Congress</dc:contributor>
    <dc:description>This file contains bill summaries and statuses for federal legislation. A bill summary describes the most significant provisions of a piece of legislation and details the effects the legislative text may have on current law and federal programs. Bill summaries are authored by the Congressional Research Service (CRS) of the Library of Congress. As stated in Public Law 91-510 (2 USC 166 (d)(6)), one of the duties of CRS is "to prepare summaries and digests of bills and resolutions of a public general nature introduced in the Senate or House of Representatives". For more information, refer to the User Guide that accompanies this file.</dc:description>
  </dublinCore>
</billStatus>

