<?xml version="1.0" encoding="UTF-8"?>
<billStatus>
  <bill>
    <committeeReports />
    <originChamber>Senate</originChamber>
    <billNumber>251</billNumber>
    <actions>
      <actionByCounts>
        <senate>2</senate>
      </actionByCounts>
      <item>
        <actionDate>2017-02-01</actionDate>
        <committee>
          <name>Finance Committee</name>
          <systemCode>ssfi00</systemCode>
        </committee>
        <links />
        <sourceSystem>
          <name>Senate</name>
          <code>0</code>
        </sourceSystem>
        <text>Read twice and referred to the Committee on Finance.</text>
        <type>IntroReferral</type>
      </item>
      <item>
        <text>Introduced in Senate</text>
        <type>IntroReferral</type>
        <sourceSystem>
          <name>Library of Congress</name>
          <code>9</code>
        </sourceSystem>
        <committee />
        <actionCode>10000</actionCode>
        <actionDate>2017-02-01</actionDate>
        <links />
      </item>
      <actionTypeCounts>
        <referredToCommittee>1</referredToCommittee>
        <introducedInSenate>1</introducedInSenate>
      </actionTypeCounts>
    </actions>
    <calendarNumbers />
    <updateDate>2018-02-06T16:44:38Z</updateDate>
    <cosponsors>
      <item>
        <isOriginalCosponsor>True</isOriginalCosponsor>
        <fullName>Sen. Heinrich, Martin [D-NM]</fullName>
        <middleName />
        <state>NM</state>
        <sponsorshipDate>2017-02-01</sponsorshipDate>
        <firstName>Martin</firstName>
        <bioguideId>H001046</bioguideId>
        <party>D</party>
        <lastName>Heinrich</lastName>
        <sponsorshipWithdrawnDate />
        <identifiers>
          <gpoId>8056</gpoId>
          <lisID>1937</lisID>
          <bioguideId>H001046</bioguideId>
        </identifiers>
      </item>
      <item>
        <isOriginalCosponsor>True</isOriginalCosponsor>
        <fullName>Sen. Stabenow, Debbie [D-MI]</fullName>
        <middleName>ANN</middleName>
        <state>MI</state>
        <sponsorshipDate>2017-02-01</sponsorshipDate>
        <firstName>DEBORAH</firstName>
        <bioguideId>S000770</bioguideId>
        <party>D</party>
        <lastName>STABENOW</lastName>
        <sponsorshipWithdrawnDate />
        <identifiers>
          <gpoId>8261</gpoId>
          <lisID>1531</lisID>
          <bioguideId>S000770</bioguideId>
        </identifiers>
      </item>
      <item>
        <isOriginalCosponsor>False</isOriginalCosponsor>
        <fullName>Sen. Schatz, Brian [D-HI]</fullName>
        <middleName />
        <state>HI</state>
        <sponsorshipDate>2017-02-02</sponsorshipDate>
        <firstName>Brian</firstName>
        <bioguideId>S001194</bioguideId>
        <party>D</party>
        <lastName>Schatz</lastName>
        <sponsorshipWithdrawnDate />
        <identifiers>
          <lisID>2173</lisID>
          <bioguideId>S001194</bioguideId>
          <gpoId />
        </identifiers>
      </item>
      <item>
        <isOriginalCosponsor>False</isOriginalCosponsor>
        <fullName>Sen. Brown, Sherrod [D-OH]</fullName>
        <middleName />
        <state>OH</state>
        <sponsorshipDate>2017-02-13</sponsorshipDate>
        <firstName>SHERROD</firstName>
        <bioguideId>B000944</bioguideId>
        <party>D</party>
        <lastName>BROWN</lastName>
        <sponsorshipWithdrawnDate />
        <identifiers>
          <gpoId>8309</gpoId>
          <lisID>136</lisID>
          <bioguideId>B000944</bioguideId>
        </identifiers>
      </item>
      <item>
        <isOriginalCosponsor>False</isOriginalCosponsor>
        <fullName>Sen. Leahy, Patrick J. [D-VT]</fullName>
        <middleName>JOSEPH</middleName>
        <state>VT</state>
        <sponsorshipDate>2017-02-14</sponsorshipDate>
        <firstName>PATRICK</firstName>
        <bioguideId>L000174</bioguideId>
        <party>D</party>
        <lastName>LEAHY</lastName>
        <sponsorshipWithdrawnDate />
        <identifiers>
          <gpoId>8244</gpoId>
          <lisID>1383</lisID>
          <bioguideId>L000174</bioguideId>
        </identifiers>
      </item>
      <item>
        <isOriginalCosponsor>False</isOriginalCosponsor>
        <fullName>Sen. Peters, Gary C. [D-MI]</fullName>
        <middleName>C.</middleName>
        <state>MI</state>
        <sponsorshipDate>2017-02-16</sponsorshipDate>
        <firstName>Gary</firstName>
        <bioguideId>P000595</bioguideId>
        <party>D</party>
        <lastName>Peters</lastName>
        <sponsorshipWithdrawnDate />
        <identifiers>
          <lisID>1929</lisID>
          <gpoId>7994</gpoId>
          <bioguideId>P000595</bioguideId>
        </identifiers>
      </item>
      <item>
        <isOriginalCosponsor>False</isOriginalCosponsor>
        <fullName>Sen. Nelson, Bill [D-FL]</fullName>
        <middleName>WILLIAM</middleName>
        <state>FL</state>
        <sponsorshipDate>2017-02-27</sponsorshipDate>
        <firstName>CLARENCE</firstName>
        <bioguideId>N000032</bioguideId>
        <party>D</party>
        <lastName>NELSON</lastName>
        <sponsorshipWithdrawnDate />
        <identifiers>
          <lisID>859</lisID>
          <bioguideId>N000032</bioguideId>
          <gpoId>8236</gpoId>
        </identifiers>
      </item>
      <item>
        <isOriginalCosponsor>False</isOriginalCosponsor>
        <fullName>Sen. Cardin, Benjamin L. [D-MD]</fullName>
        <middleName>L.</middleName>
        <state>MD</state>
        <sponsorshipDate>2017-03-08</sponsorshipDate>
        <firstName>BENJAMIN</firstName>
        <bioguideId>C000141</bioguideId>
        <party>D</party>
        <lastName>CARDIN</lastName>
        <sponsorshipWithdrawnDate />
        <identifiers>
          <bioguideId>C000141</bioguideId>
          <lisID>174</lisID>
          <gpoId>8287</gpoId>
        </identifiers>
      </item>
      <item>
        <isOriginalCosponsor>False</isOriginalCosponsor>
        <fullName>Sen. Hirono, Mazie K. [D-HI]</fullName>
        <middleName>K.</middleName>
        <state>HI</state>
        <sponsorshipDate>2017-04-27</sponsorshipDate>
        <firstName>Mazie</firstName>
        <bioguideId>H001042</bioguideId>
        <party>D</party>
        <lastName>Hirono</lastName>
        <sponsorshipWithdrawnDate />
        <identifiers>
          <bioguideId>H001042</bioguideId>
          <gpoId>7913</gpoId>
          <lisID>1844</lisID>
        </identifiers>
      </item>
      <item>
        <isOriginalCosponsor>False</isOriginalCosponsor>
        <fullName>Sen. Duckworth, Tammy [D-IL]</fullName>
        <middleName />
        <state>IL</state>
        <sponsorshipDate>2017-05-24</sponsorshipDate>
        <firstName>Tammy</firstName>
        <bioguideId>D000622</bioguideId>
        <party>D</party>
        <lastName>Duckworth</lastName>
        <sponsorshipWithdrawnDate />
        <identifiers>
          <lisID>2123</lisID>
          <bioguideId>D000622</bioguideId>
          <gpoId />
        </identifiers>
      </item>
      <item>
        <isOriginalCosponsor>False</isOriginalCosponsor>
        <fullName>Sen. Tester, Jon [D-MT]</fullName>
        <middleName />
        <state>MT</state>
        <sponsorshipDate>2017-06-13</sponsorshipDate>
        <firstName>Jon</firstName>
        <bioguideId>T000464</bioguideId>
        <party>D</party>
        <lastName>Tester</lastName>
        <sponsorshipWithdrawnDate />
        <identifiers>
          <lisID>1829</lisID>
          <gpoId>8258</gpoId>
          <bioguideId>T000464</bioguideId>
        </identifiers>
      </item>
      <item>
        <isOriginalCosponsor>False</isOriginalCosponsor>
        <fullName>Sen. Heitkamp, Heidi [D-ND]</fullName>
        <middleName />
        <state>ND</state>
        <sponsorshipDate>2017-07-10</sponsorshipDate>
        <firstName>Heidi</firstName>
        <bioguideId>H001069</bioguideId>
        <party>D</party>
        <lastName>Heitkamp</lastName>
        <sponsorshipWithdrawnDate />
        <identifiers>
          <lisID>2174</lisID>
          <bioguideId>H001069</bioguideId>
          <gpoId />
        </identifiers>
      </item>
      <item>
        <isOriginalCosponsor>False</isOriginalCosponsor>
        <fullName>Sen. Casey, Robert P., Jr. [D-PA]</fullName>
        <middleName />
        <state>PA</state>
        <sponsorshipDate>2017-10-04</sponsorshipDate>
        <firstName>Bob</firstName>
        <bioguideId>C001070</bioguideId>
        <party>D</party>
        <lastName>Casey</lastName>
        <sponsorshipWithdrawnDate />
        <identifiers>
          <bioguideId>C001070</bioguideId>
          <gpoId>8282</gpoId>
          <lisID>1828</lisID>
        </identifiers>
      </item>
      <item>
        <isOriginalCosponsor>False</isOriginalCosponsor>
        <fullName>Sen. Donnelly, Joe [D-IN]</fullName>
        <middleName />
        <state>IN</state>
        <sponsorshipDate>2017-11-28</sponsorshipDate>
        <firstName>Joe</firstName>
        <bioguideId>D000607</bioguideId>
        <party>D</party>
        <lastName>Donnelly</lastName>
        <sponsorshipWithdrawnDate />
        <identifiers>
          <lisID>1850</lisID>
          <bioguideId>D000607</bioguideId>
          <gpoId>7941</gpoId>
        </identifiers>
      </item>
    </cosponsors>
    <notes />
    <subjects>
      <billSubjects>
        <policyArea>
          <name>Health</name>
        </policyArea>
        <legislativeSubjects>
          <item>
            <name>Advisory bodies</name>
          </item>
          <item>
            <name>Executive agency funding and structure</name>
          </item>
          <item>
            <name>Health programs administration and funding</name>
          </item>
          <item>
            <name>Medicare</name>
          </item>
        </legislativeSubjects>
      </billSubjects>
    </subjects>
    <committees>
      <billCommittees>
        <item>
          <chamber>Senate</chamber>
          <subcommittees />
          <systemCode>ssfi00</systemCode>
          <name>Finance Committee</name>
          <activities>
            <item>
              <name>Referred to</name>
              <date>2017-02-01T21:14:45Z</date>
            </item>
          </activities>
          <type>Standing</type>
        </item>
      </billCommittees>
    </committees>
    <version>1.0.0</version>
    <recordedVotes />
    <policyArea>
      <name>Health</name>
    </policyArea>
    <cboCostEstimates />
    <introducedDate>2017-02-01</introducedDate>
    <title>Protecting Medicare from Executive Action Act of 2017</title>
    <amendments />
    <congress>115</congress>
    <billType>S</billType>
    <createDate>2017-02-02T05:28:48Z</createDate>
    <sponsors>
      <item>
        <lastName>WYDEN</lastName>
        <party>D</party>
        <state>OR</state>
        <bioguideId>W000779</bioguideId>
        <middleName />
        <byRequestType />
        <fullName>Sen. Wyden, Ron [D-OR]</fullName>
        <firstName>RON</firstName>
        <identifiers>
          <lisID>1247</lisID>
          <gpoId>8265</gpoId>
          <bioguideId>W000779</bioguideId>
        </identifiers>
      </item>
    </sponsors>
    <latestAction>
      <text>Read twice and referred to the Committee on Finance.</text>
      <links />
      <actionDate>2017-02-01</actionDate>
    </latestAction>
    <relatedBills>
      <item>
        <number>849</number>
        <type>HR</type>
        <latestAction>
          <text>Received in the Senate and Read twice and referred to the Committee on Finance.</text>
          <actionDate>2017-11-06</actionDate>
        </latestAction>
        <congress>115</congress>
        <latestTitle>Protecting Seniors Access to Medicare Act</latestTitle>
        <relationshipDetails>
          <item>
            <identifiedBy>CRS</identifiedBy>
            <type>Related bill</type>
          </item>
        </relationshipDetails>
      </item>
      <item>
        <number>260</number>
        <type>S</type>
        <latestAction>
          <text>Read twice and referred to the Committee on Finance. (Text of measure as introduced: CR S597)</text>
          <actionDate>2017-02-01</actionDate>
        </latestAction>
        <congress>115</congress>
        <latestTitle>Protecting Seniors' Access to Medicare Act of 2017</latestTitle>
        <relationshipDetails>
          <item>
            <identifiedBy>CRS</identifiedBy>
            <type>Related bill</type>
          </item>
        </relationshipDetails>
      </item>
    </relatedBills>
    <laws />
    <titles>
      <item>
        <titleType>(Extracted from GPO) Short Titles as Introduced</titleType>
        <parentTitleType />
        <chamberName />
        <title>Protecting Medicare from Executive Action Act of 2017</title>
        <chamberCode />
      </item>
      <item>
        <titleType>Short Titles as Introduced</titleType>
        <parentTitleType />
        <chamberName />
        <title>Protecting Medicare from Executive Action Act of 2017</title>
        <chamberCode />
      </item>
      <item>
        <titleType>Official Title as Introduced</titleType>
        <parentTitleType />
        <chamberName />
        <title>A bill to repeal the Independent Payment Advisory Board in order to ensure that it cannot be used to undermine the Medicare entitlement for beneficiaries.</title>
        <chamberCode />
      </item>
      <item>
        <titleType>Display Title</titleType>
        <parentTitleType />
        <chamberName />
        <title>Protecting Medicare from Executive Action Act of 2017</title>
        <chamberCode />
      </item>
    </titles>
    <summaries>
      <billSummaries>
        <item>
          <text><![CDATA[<p><b>Protecting Medicare from Executive Action Act of 2017</b></p> <p>This bill amends&nbsp;the Patient Protection and Affordable Care Act (PPACA) to terminate the Independent Payment Advisory Board (IPAB). Under PPACA,&nbsp;the IPAB is tasked with developing proposals to reduce the per capita rate of growth in Medicare spending.</p>]]></text>
          <versionCode>00</versionCode>
          <actionDate>2017-02-01</actionDate>
          <name>Introduced in Senate</name>
          <actionDesc>Introduced in Senate</actionDesc>
          <lastSummaryUpdateDate>2017-11-06T16:20:34Z</lastSummaryUpdateDate>
          <updateDate>2017-02-01T05:00:00Z</updateDate>
        </item>
      </billSummaries>
    </summaries>
  </bill>
  <dublinCore xmlns:dc="http://purl.org/dc/elements/1.1/">
    <dc:format>text/xml</dc:format>
    <dc:language>EN</dc:language>
    <dc:rights>Pursuant to Title 17 Section 105 of the United States Code, this file is not subject to copyright protection and is in the public domain.</dc:rights>
    <dc:contributor>Congressional Research Service, Library of Congress</dc:contributor>
    <dc:description>This file contains bill summaries and statuses for federal legislation. A bill summary describes the most significant provisions of a piece of legislation and details the effects the legislative text may have on current law and federal programs. Bill summaries are authored by the Congressional Research Service (CRS) of the Library of Congress. As stated in Public Law 91-510 (2 USC 166 (d)(6)), one of the duties of CRS is "to prepare summaries and digests of bills and resolutions of a public general nature introduced in the Senate or House of Representatives". For more information, refer to the User Guide that accompanies this file.</dc:description>
  </dublinCore>
</billStatus>

