<?xml version="1.0" encoding="UTF-8"?>
<billStatus>
  <bill>
    <sponsors>
      <item>
        <fullName>Sen. Donnelly, Joe [D-IN]</fullName>
        <lastName>Donnelly</lastName>
        <bioguideId>D000607</bioguideId>
        <party>D</party>
        <middleName />
        <state>IN</state>
        <firstName>Joe</firstName>
        <byRequestType />
        <identifiers>
          <lisID>1850</lisID>
          <bioguideId>D000607</bioguideId>
          <gpoId>7941</gpoId>
        </identifiers>
      </item>
    </sponsors>
    <laws />
    <version>1.0.0</version>
    <introducedDate>2017-03-28</introducedDate>
    <cboCostEstimates />
    <titles>
      <item>
        <chamberCode />
        <chamberName />
        <parentTitleType />
        <titleType>(Extracted from GPO) Short Titles as Introduced</titleType>
        <title>Protecting Veterans Credit Act of 2017</title>
      </item>
      <item>
        <chamberCode />
        <chamberName />
        <parentTitleType />
        <titleType>Short Titles as Introduced</titleType>
        <title>Protecting Veterans Credit Act of 2017</title>
      </item>
      <item>
        <chamberCode />
        <chamberName />
        <parentTitleType />
        <titleType>Official Title as Introduced</titleType>
        <title>A bill to amend the Fair Credit Reporting Act to delay the inclusion in consumer credit reports and to establish requirements for debt collectors with respect to medical debt information of veterans due to inappropriate or delayed billing payments or reimbursements from the Department of Veterans Affairs, and for other purposes.</title>
      </item>
      <item>
        <chamberCode />
        <chamberName />
        <parentTitleType />
        <titleType>Display Title</titleType>
        <title>Protecting Veterans Credit Act of 2017</title>
      </item>
    </titles>
    <amendments />
    <recordedVotes />
    <relatedBills>
      <item>
        <congress>115</congress>
        <latestAction>
          <actionDate>2018-01-09</actionDate>
          <text>Hearings Held by the Subcommittee on Financial Institutions and Consumer Credit Prior to Referral.</text>
        </latestAction>
        <type>HR</type>
        <latestTitle>Protecting Veterans Credit Act of 2017</latestTitle>
        <number>2683</number>
        <relationshipDetails>
          <item>
            <type>Identical bill</type>
            <identifiedBy>CRS</identifiedBy>
          </item>
        </relationshipDetails>
      </item>
    </relatedBills>
    <congress>115</congress>
    <billType>S</billType>
    <actions>
      <item>
        <actionDate>2017-10-17</actionDate>
        <committee>
          <systemCode>ssbk00</systemCode>
          <name>Banking, Housing, and Urban Affairs Committee</name>
        </committee>
        <links />
        <sourceSystem>
          <name>Senate</name>
          <code>0</code>
        </sourceSystem>
        <text>Committee on Banking, Housing, and Urban Affairs. Hearings held.</text>
        <type>Committee</type>
      </item>
      <item>
        <actionDate>2017-03-28</actionDate>
        <committee>
          <systemCode>ssbk00</systemCode>
          <name>Banking, Housing, and Urban Affairs Committee</name>
        </committee>
        <links />
        <sourceSystem>
          <name>Senate</name>
          <code>0</code>
        </sourceSystem>
        <text>Read twice and referred to the Committee on Banking, Housing, and Urban Affairs.</text>
        <type>IntroReferral</type>
      </item>
      <item>
        <sourceSystem>
          <name>Library of Congress</name>
          <code>9</code>
        </sourceSystem>
        <actionDate>2017-03-28</actionDate>
        <links />
        <text>Introduced in Senate</text>
        <committee />
        <actionCode>10000</actionCode>
        <type>IntroReferral</type>
      </item>
      <actionByCounts>
        <senate>3</senate>
      </actionByCounts>
      <actionTypeCounts>
        <hearingsHeld>1</hearingsHeld>
        <referredToCommittee>1</referredToCommittee>
        <introducedInSenate>1</introducedInSenate>
      </actionTypeCounts>
    </actions>
    <notes />
    <originChamber>Senate</originChamber>
    <title>Protecting Veterans Credit Act of 2017</title>
    <billNumber>744</billNumber>
    <cosponsors>
      <item>
        <state>SD</state>
        <party>R</party>
        <fullName>Sen. Rounds, Mike  [R-SD]</fullName>
        <lastName>Rounds</lastName>
        <isOriginalCosponsor>True</isOriginalCosponsor>
        <bioguideId>R000605</bioguideId>
        <sponsorshipWithdrawnDate />
        <middleName />
        <identifiers>
          <lisID>2288</lisID>
          <bioguideId>R000605</bioguideId>
          <gpoId />
        </identifiers>
        <firstName>Mike</firstName>
        <sponsorshipDate>2017-03-28</sponsorshipDate>
      </item>
      <item>
        <state>GA</state>
        <party>R</party>
        <fullName>Sen. Perdue, David [R-GA]</fullName>
        <lastName>Perdue</lastName>
        <isOriginalCosponsor>False</isOriginalCosponsor>
        <bioguideId>P000612</bioguideId>
        <sponsorshipWithdrawnDate />
        <middleName>Alfred</middleName>
        <identifiers>
          <bioguideId>P000612</bioguideId>
          <lisID>2286</lisID>
          <gpoId />
        </identifiers>
        <firstName>David</firstName>
        <sponsorshipDate>2017-04-25</sponsorshipDate>
      </item>
      <item>
        <state>MA</state>
        <party>D</party>
        <fullName>Sen. Warren, Elizabeth [D-MA]</fullName>
        <lastName>Warren</lastName>
        <isOriginalCosponsor>False</isOriginalCosponsor>
        <bioguideId>W000817</bioguideId>
        <sponsorshipWithdrawnDate />
        <middleName>A.</middleName>
        <identifiers>
          <lisID>2182</lisID>
          <bioguideId>W000817</bioguideId>
          <gpoId />
        </identifiers>
        <firstName>Elizabeth</firstName>
        <sponsorshipDate>2017-04-25</sponsorshipDate>
      </item>
      <item>
        <state>LA</state>
        <party>R</party>
        <fullName>Sen. Kennedy, John [R-LA]</fullName>
        <lastName>Kennedy</lastName>
        <isOriginalCosponsor>False</isOriginalCosponsor>
        <bioguideId>K000393</bioguideId>
        <sponsorshipWithdrawnDate />
        <middleName>Neely</middleName>
        <identifiers>
          <lisID>2303</lisID>
          <bioguideId>K000393</bioguideId>
          <gpoId />
        </identifiers>
        <firstName>John</firstName>
        <sponsorshipDate>2017-09-18</sponsorshipDate>
      </item>
      <item>
        <state>ME</state>
        <party>I</party>
        <fullName>Sen. King, Angus S., Jr. [I-ME]</fullName>
        <lastName>King</lastName>
        <isOriginalCosponsor>False</isOriginalCosponsor>
        <bioguideId>K000383</bioguideId>
        <sponsorshipWithdrawnDate />
        <middleName />
        <identifiers>
          <bioguideId>K000383</bioguideId>
          <lisID>2185</lisID>
          <gpoId />
        </identifiers>
        <firstName>Angus</firstName>
        <sponsorshipDate>2017-11-06</sponsorshipDate>
      </item>
    </cosponsors>
    <summaries>
      <billSummaries>
        <item>
          <text><![CDATA[<p><b>Protecting Veterans Credit Act of 2017</b></p> <p>This bill amends the Fair Credit Reporting Act to exclude from consumer report information: (1) a veteran's medical debt if the hospital care or medical services relating to the debt antedates the credit report by less than one year; and (2) a fully paid or settled veteran's medical debt that had been characterized as delinquent, charged off, or in collection.</p> <p>The bill defines a &quot;veteran's medical debt&quot; as debt from health care provided in a non-Department of Veterans Affairs (VA) facility under the laws administered by the VA, including medical debt that the VA has wrongfully charged a veteran.</p> <p>A dispute process for veterans medical debt is established whereby: </p> <ul> <li>a veteran may submit a notice along with proof of VA liability for the debt or documentation that the VA is in the process of paying for authorized medical services to a consumer reporting agency or a reseller in order to dispute such debt's inclusion in the consumer report; </li> <li>the VA shall submit to a veteran a notice it has assumed liability for part or all of the veteran's medical debt; and </li> <li>if such notice and proof of liability or documentation is received, the consumer reporting agency shall delete all information relating to the veteran's medical debt from the file of the consumer and notify the furnisher and the consumer of such deletion.</li> </ul>]]></text>
          <versionCode>00</versionCode>
          <actionDate>2017-03-28</actionDate>
          <name>Introduced in Senate</name>
          <actionDesc>Introduced in Senate</actionDesc>
          <lastSummaryUpdateDate>2017-10-18T17:38:32Z</lastSummaryUpdateDate>
          <updateDate>2017-03-28T04:00:00Z</updateDate>
        </item>
      </billSummaries>
    </summaries>
    <policyArea>
      <name>Finance and Financial Sector</name>
    </policyArea>
    <latestAction>
      <links />
      <actionDate>2017-10-17</actionDate>
      <text>Committee on Banking, Housing, and Urban Affairs. Hearings held.</text>
    </latestAction>
    <updateDate>2018-02-06T16:45:08Z</updateDate>
    <committees>
      <billCommittees>
        <item>
          <systemCode>ssbk00</systemCode>
          <name>Banking, Housing, and Urban Affairs Committee</name>
          <type>Standing</type>
          <activities>
            <item>
              <name>Hearings by</name>
              <date>2017-10-17T14:00:38Z</date>
            </item>
            <item>
              <name>Referred to</name>
              <date>2017-03-28T20:14:38Z</date>
            </item>
          </activities>
          <chamber>Senate</chamber>
          <subcommittees />
        </item>
      </billCommittees>
    </committees>
    <createDate>2017-03-29T05:08:05Z</createDate>
    <subjects>
      <billSubjects>
        <legislativeSubjects>
          <item>
            <name>Consumer credit</name>
          </item>
          <item>
            <name>Government liability</name>
          </item>
          <item>
            <name>Health care costs and insurance</name>
          </item>
          <item>
            <name>Hospital care</name>
          </item>
          <item>
            <name>Veterans' medical care</name>
          </item>
        </legislativeSubjects>
        <policyArea>
          <name>Finance and Financial Sector</name>
        </policyArea>
      </billSubjects>
    </subjects>
    <committeeReports />
    <calendarNumbers />
  </bill>
  <dublinCore xmlns:dc="http://purl.org/dc/elements/1.1/">
    <dc:format>text/xml</dc:format>
    <dc:language>EN</dc:language>
    <dc:rights>Pursuant to Title 17 Section 105 of the United States Code, this file is not subject to copyright protection and is in the public domain.</dc:rights>
    <dc:contributor>Congressional Research Service, Library of Congress</dc:contributor>
    <dc:description>This file contains bill summaries and statuses for federal legislation. A bill summary describes the most significant provisions of a piece of legislation and details the effects the legislative text may have on current law and federal programs. Bill summaries are authored by the Congressional Research Service (CRS) of the Library of Congress. As stated in Public Law 91-510 (2 USC 166 (d)(6)), one of the duties of CRS is "to prepare summaries and digests of bills and resolutions of a public general nature introduced in the Senate or House of Representatives". For more information, refer to the User Guide that accompanies this file.</dc:description>
  </dublinCore>
</billStatus>

