<?xml version="1.0" encoding="UTF-8"?>
<billStatus>
  <bill>
    <congress>115</congress>
    <summaries>
      <billSummaries>
        <item>
          <actionDate>2017-01-24</actionDate>
          <lastSummaryUpdateDate>2017-02-11T17:42:05Z</lastSummaryUpdateDate>
          <updateDate>2017-01-24T05:00:00Z</updateDate>
          <name>Introduced in Senate</name>
          <text><![CDATA[<p><strong>Combating European Anti-Semitism Act</strong></p> <p>This bill expresses the sense of Congress that: (1) it is in the U.S. national interest to combat anti-Semitism at home and abroad; (2) there is a need to ensure the security of European Jewish communities, including synagogues, schools, and cemeteries; and (3) the United States should continue to emphasize the importance of combating anti-Semitism in multilateral bodies.</p> <p>The International Religious Freedom Act of 1998 is amended to require the Department of State's Annual Report on International Religious Freedom to include, for each European country in which threats or attacks against Jewish persons, schools, and religious institutions are particularly significant, a description of: </p> <ul> <li>the security challenges and needs of European Jewish communities and European law enforcement agencies; </li> <li>U.S. efforts to partner with European law enforcement agencies and civil society groups to combat anti-Semitic incidents;</li> <li>educational programming and public awareness initiatives that impart values of pluralism and tolerance, showcase the positive contributions of Jews, and pay special attention to population segments that exhibit a high degree of anti-Semitic animus; and </li> <li>efforts by European governments to adopt and apply a working definition of anti-Semitism.</li></ul>]]></text>
          <versionCode>00</versionCode>
          <actionDesc>Introduced in Senate</actionDesc>
        </item>
      </billSummaries>
    </summaries>
    <billType>S</billType>
    <actions>
      <actionByCounts>
        <senate>2</senate>
      </actionByCounts>
      <item>
        <actionDate>2017-01-24</actionDate>
        <committee>
          <systemCode>ssfr00</systemCode>
          <name>Foreign Relations Committee</name>
        </committee>
        <links />
        <sourceSystem>
          <code>0</code>
          <name>Senate</name>
        </sourceSystem>
        <text>Read twice and referred to the Committee on Foreign Relations.</text>
        <type>IntroReferral</type>
      </item>
      <item>
        <sourceSystem>
          <code>9</code>
          <name>Library of Congress</name>
        </sourceSystem>
        <type>IntroReferral</type>
        <links />
        <actionDate>2017-01-24</actionDate>
        <committee />
        <actionCode>10000</actionCode>
        <text>Introduced in Senate</text>
      </item>
      <actionTypeCounts>
        <introducedInSenate>1</introducedInSenate>
        <referredToCommittee>1</referredToCommittee>
      </actionTypeCounts>
    </actions>
    <cosponsors>
      <item>
        <identifiers>
          <lisID>2176</lisID>
          <gpoId />
          <bioguideId>K000384</bioguideId>
        </identifiers>
        <fullName>Sen. Kaine, Tim [D-VA]</fullName>
        <firstName>Timothy</firstName>
        <party>D</party>
        <sponsorshipWithdrawnDate />
        <bioguideId>K000384</bioguideId>
        <state>VA</state>
        <middleName />
        <isOriginalCosponsor>True</isOriginalCosponsor>
        <lastName>Kaine</lastName>
        <sponsorshipDate>2017-01-24</sponsorshipDate>
      </item>
      <item>
        <identifiers>
          <gpoId>7862</gpoId>
          <lisID>1998</lisID>
          <bioguideId>G000562</bioguideId>
        </identifiers>
        <fullName>Sen. Gardner, Cory [R-CO]</fullName>
        <firstName>Cory</firstName>
        <party>R</party>
        <sponsorshipWithdrawnDate />
        <bioguideId>G000562</bioguideId>
        <state>CO</state>
        <middleName />
        <isOriginalCosponsor>True</isOriginalCosponsor>
        <lastName>Gardner</lastName>
        <sponsorshipDate>2017-01-24</sponsorshipDate>
      </item>
      <item>
        <identifiers>
          <lisID>791</lisID>
          <gpoId>8239</gpoId>
          <bioguideId>M000639</bioguideId>
        </identifiers>
        <fullName>Sen. Menendez, Robert [D-NJ]</fullName>
        <firstName>ROBERT</firstName>
        <party>D</party>
        <sponsorshipWithdrawnDate />
        <bioguideId>M000639</bioguideId>
        <state>NJ</state>
        <middleName />
        <isOriginalCosponsor>True</isOriginalCosponsor>
        <lastName>MENENDEZ</lastName>
        <sponsorshipDate>2017-01-24</sponsorshipDate>
      </item>
      <item>
        <identifiers>
          <gpoId />
          <lisID>2286</lisID>
          <bioguideId>P000612</bioguideId>
        </identifiers>
        <fullName>Sen. Perdue, David [R-GA]</fullName>
        <firstName>David</firstName>
        <party>R</party>
        <sponsorshipWithdrawnDate />
        <bioguideId>P000612</bioguideId>
        <state>GA</state>
        <middleName>Alfred</middleName>
        <isOriginalCosponsor>True</isOriginalCosponsor>
        <lastName>Perdue</lastName>
        <sponsorshipDate>2017-01-24</sponsorshipDate>
      </item>
      <item>
        <identifiers>
          <lisID>859</lisID>
          <gpoId>8236</gpoId>
          <bioguideId>N000032</bioguideId>
        </identifiers>
        <fullName>Sen. Nelson, Bill [D-FL]</fullName>
        <firstName>CLARENCE</firstName>
        <party>D</party>
        <sponsorshipWithdrawnDate />
        <bioguideId>N000032</bioguideId>
        <state>FL</state>
        <middleName>WILLIAM</middleName>
        <isOriginalCosponsor>True</isOriginalCosponsor>
        <lastName>NELSON</lastName>
        <sponsorshipDate>2017-01-24</sponsorshipDate>
      </item>
      <item>
        <identifiers>
          <lisID>1687</lisID>
          <gpoId>8247</gpoId>
          <bioguideId>B001236</bioguideId>
        </identifiers>
        <fullName>Sen. Boozman, John [R-AR]</fullName>
        <firstName>John</firstName>
        <party>R</party>
        <sponsorshipWithdrawnDate />
        <bioguideId>B001236</bioguideId>
        <state>AR</state>
        <middleName />
        <isOriginalCosponsor>True</isOriginalCosponsor>
        <lastName>Boozman</lastName>
        <sponsorshipDate>2017-01-24</sponsorshipDate>
      </item>
      <item>
        <identifiers>
          <lisID>2076</lisID>
          <gpoId>8332</gpoId>
          <bioguideId>B001277</bioguideId>
        </identifiers>
        <fullName>Sen. Blumenthal, Richard [D-CT]</fullName>
        <firstName>Richard</firstName>
        <party>D</party>
        <sponsorshipWithdrawnDate />
        <bioguideId>B001277</bioguideId>
        <state>CT</state>
        <middleName />
        <isOriginalCosponsor>True</isOriginalCosponsor>
        <lastName>Blumenthal</lastName>
        <sponsorshipDate>2017-01-24</sponsorshipDate>
      </item>
      <item>
        <identifiers>
          <gpoId>8113</gpoId>
          <lisID>2050</lisID>
          <bioguideId>L000575</bioguideId>
        </identifiers>
        <fullName>Sen. Lankford, James [R-OK]</fullName>
        <firstName>James</firstName>
        <party>R</party>
        <sponsorshipWithdrawnDate />
        <bioguideId>L000575</bioguideId>
        <state>OK</state>
        <middleName />
        <isOriginalCosponsor>True</isOriginalCosponsor>
        <lastName>Lankford</lastName>
        <sponsorshipDate>2017-01-24</sponsorshipDate>
      </item>
      <item>
        <identifiers>
          <lisID>136</lisID>
          <gpoId>8309</gpoId>
          <bioguideId>B000944</bioguideId>
        </identifiers>
        <fullName>Sen. Brown, Sherrod [D-OH]</fullName>
        <firstName>SHERROD</firstName>
        <party>D</party>
        <sponsorshipWithdrawnDate />
        <bioguideId>B000944</bioguideId>
        <state>OH</state>
        <middleName />
        <isOriginalCosponsor>True</isOriginalCosponsor>
        <lastName>BROWN</lastName>
        <sponsorshipDate>2017-01-24</sponsorshipDate>
      </item>
      <item>
        <identifiers>
          <lisID>2173</lisID>
          <gpoId />
          <bioguideId>S001194</bioguideId>
        </identifiers>
        <fullName>Sen. Schatz, Brian [D-HI]</fullName>
        <firstName>Brian</firstName>
        <party>D</party>
        <sponsorshipWithdrawnDate />
        <bioguideId>S001194</bioguideId>
        <state>HI</state>
        <middleName />
        <isOriginalCosponsor>True</isOriginalCosponsor>
        <lastName>Schatz</lastName>
        <sponsorshipDate>2017-01-24</sponsorshipDate>
      </item>
      <item>
        <identifiers>
          <lisID>1351</lisID>
          <gpoId>8314</gpoId>
          <bioguideId>H000338</bioguideId>
        </identifiers>
        <fullName>Sen. Hatch, Orrin G. [R-UT]</fullName>
        <firstName>ORRIN</firstName>
        <party>R</party>
        <sponsorshipWithdrawnDate />
        <bioguideId>H000338</bioguideId>
        <state>UT</state>
        <middleName>GRANT</middleName>
        <isOriginalCosponsor>True</isOriginalCosponsor>
        <lastName>HATCH</lastName>
        <sponsorshipDate>2017-01-24</sponsorshipDate>
      </item>
      <item>
        <identifiers>
          <gpoId>7994</gpoId>
          <lisID>1929</lisID>
          <bioguideId>P000595</bioguideId>
        </identifiers>
        <fullName>Sen. Peters, Gary C. [D-MI]</fullName>
        <firstName>Gary</firstName>
        <party>D</party>
        <sponsorshipWithdrawnDate />
        <bioguideId>P000595</bioguideId>
        <state>MI</state>
        <middleName>C.</middleName>
        <isOriginalCosponsor>False</isOriginalCosponsor>
        <lastName>Peters</lastName>
        <sponsorshipDate>2017-01-30</sponsorshipDate>
      </item>
      <item>
        <identifiers>
          <lisID>735</lisID>
          <gpoId>7972</gpoId>
          <bioguideId>M000133</bioguideId>
        </identifiers>
        <fullName>Sen. Markey, Edward J. [D-MA]</fullName>
        <firstName>EDWARD</firstName>
        <party>D</party>
        <sponsorshipWithdrawnDate />
        <bioguideId>M000133</bioguideId>
        <state>MA</state>
        <middleName>J.</middleName>
        <isOriginalCosponsor>False</isOriginalCosponsor>
        <lastName>MARKEY</lastName>
        <sponsorshipDate>2017-03-06</sponsorshipDate>
      </item>
      <item>
        <identifiers>
          <lisID>1984</lisID>
          <bioguideId>C001088</bioguideId>
          <gpoId>8297</gpoId>
        </identifiers>
        <fullName>Sen. Coons, Christopher A. [D-DE]</fullName>
        <firstName>Christopher</firstName>
        <party>D</party>
        <sponsorshipWithdrawnDate />
        <bioguideId>C001088</bioguideId>
        <state>DE</state>
        <middleName>A.</middleName>
        <isOriginalCosponsor>False</isOriginalCosponsor>
        <lastName>Coons</lastName>
        <sponsorshipDate>2017-03-13</sponsorshipDate>
      </item>
      <item>
        <identifiers>
          <lisID>2194</lisID>
          <bioguideId>B001288</bioguideId>
          <gpoId />
        </identifiers>
        <fullName>Sen. Booker, Cory A. [D-NJ]</fullName>
        <firstName>Cory</firstName>
        <party>D</party>
        <sponsorshipWithdrawnDate />
        <bioguideId>B001288</bioguideId>
        <state>NJ</state>
        <middleName>A.</middleName>
        <isOriginalCosponsor>False</isOriginalCosponsor>
        <lastName>Booker</lastName>
        <sponsorshipDate>2017-03-27</sponsorshipDate>
      </item>
      <item>
        <identifiers>
          <gpoId>8274</gpoId>
          <lisID>1896</lisID>
          <bioguideId>R000584</bioguideId>
        </identifiers>
        <fullName>Sen. Risch, James E. [R-ID]</fullName>
        <firstName>James</firstName>
        <party>R</party>
        <sponsorshipWithdrawnDate />
        <bioguideId>R000584</bioguideId>
        <state>ID</state>
        <middleName>E.</middleName>
        <isOriginalCosponsor>False</isOriginalCosponsor>
        <lastName>Risch</lastName>
        <sponsorshipDate>2017-04-03</sponsorshipDate>
      </item>
      <item>
        <identifiers>
          <gpoId>8266</gpoId>
          <lisID>924</lisID>
          <bioguideId>P000449</bioguideId>
        </identifiers>
        <fullName>Sen. Portman, Rob [R-OH]</fullName>
        <firstName>ROB</firstName>
        <party>R</party>
        <sponsorshipWithdrawnDate />
        <bioguideId>P000449</bioguideId>
        <state>OH</state>
        <middleName />
        <isOriginalCosponsor>False</isOriginalCosponsor>
        <lastName>PORTMAN</lastName>
        <sponsorshipDate>2017-05-17</sponsorshipDate>
      </item>
      <item>
        <identifiers>
          <lisID>1866</lisID>
          <gpoId>8336</gpoId>
          <bioguideId>G000555</bioguideId>
        </identifiers>
        <fullName>Sen. Gillibrand, Kirsten E. [D-NY]</fullName>
        <firstName>Kirsten</firstName>
        <party>D</party>
        <sponsorshipWithdrawnDate />
        <bioguideId>G000555</bioguideId>
        <state>NY</state>
        <middleName>E.</middleName>
        <isOriginalCosponsor>False</isOriginalCosponsor>
        <lastName>Gillibrand</lastName>
        <sponsorshipDate>2017-06-06</sponsorshipDate>
      </item>
      <item>
        <identifiers>
          <gpoId />
          <lisID>2291</lisID>
          <bioguideId>T000476</bioguideId>
        </identifiers>
        <fullName>Sen. Tillis, Thom [R-NC]</fullName>
        <firstName>Thomas</firstName>
        <party>R</party>
        <sponsorshipWithdrawnDate />
        <bioguideId>T000476</bioguideId>
        <state>NC</state>
        <middleName>Roland</middleName>
        <isOriginalCosponsor>False</isOriginalCosponsor>
        <lastName>Tillis</lastName>
        <sponsorshipDate>2017-06-21</sponsorshipDate>
      </item>
      <item>
        <identifiers>
          <lisID>2288</lisID>
          <bioguideId>R000605</bioguideId>
          <gpoId />
        </identifiers>
        <fullName>Sen. Rounds, Mike  [R-SD]</fullName>
        <firstName>Mike</firstName>
        <party>R</party>
        <sponsorshipWithdrawnDate />
        <bioguideId>R000605</bioguideId>
        <state>SD</state>
        <middleName />
        <isOriginalCosponsor>False</isOriginalCosponsor>
        <lastName>Rounds</lastName>
        <sponsorshipDate>2017-07-12</sponsorshipDate>
      </item>
      <item>
        <identifiers>
          <lisID>2182</lisID>
          <gpoId />
          <bioguideId>W000817</bioguideId>
        </identifiers>
        <fullName>Sen. Warren, Elizabeth [D-MA]</fullName>
        <firstName>Elizabeth</firstName>
        <party>D</party>
        <sponsorshipWithdrawnDate />
        <bioguideId>W000817</bioguideId>
        <state>MA</state>
        <middleName>A.</middleName>
        <isOriginalCosponsor>False</isOriginalCosponsor>
        <lastName>Warren</lastName>
        <sponsorshipDate>2017-07-17</sponsorshipDate>
      </item>
      <item>
        <identifiers>
          <lisID>1558</lisID>
          <bioguideId>B001230</bioguideId>
          <gpoId>8215</gpoId>
        </identifiers>
        <fullName>Sen. Baldwin, Tammy [D-WI]</fullName>
        <firstName>TAMMY</firstName>
        <party>D</party>
        <sponsorshipWithdrawnDate />
        <bioguideId>B001230</bioguideId>
        <state>WI</state>
        <middleName />
        <isOriginalCosponsor>False</isOriginalCosponsor>
        <lastName>BALDWIN</lastName>
        <sponsorshipDate>2017-09-19</sponsorshipDate>
      </item>
      <item>
        <identifiers>
          <gpoId />
          <lisID>2098</lisID>
          <bioguideId>C001095</bioguideId>
        </identifiers>
        <fullName>Sen. Cotton, Tom [R-AR]</fullName>
        <firstName>Tom</firstName>
        <party>R</party>
        <sponsorshipWithdrawnDate />
        <bioguideId>C001095</bioguideId>
        <state>AR</state>
        <middleName />
        <isOriginalCosponsor>False</isOriginalCosponsor>
        <lastName>Cotton</lastName>
        <sponsorshipDate>2017-09-26</sponsorshipDate>
      </item>
      <item>
        <identifiers>
          <lisID>1828</lisID>
          <gpoId>8282</gpoId>
          <bioguideId>C001070</bioguideId>
        </identifiers>
        <fullName>Sen. Casey, Robert P., Jr. [D-PA]</fullName>
        <firstName>Bob</firstName>
        <party>D</party>
        <sponsorshipWithdrawnDate />
        <bioguideId>C001070</bioguideId>
        <state>PA</state>
        <middleName />
        <isOriginalCosponsor>False</isOriginalCosponsor>
        <lastName>Casey</lastName>
        <sponsorshipDate>2017-11-14</sponsorshipDate>
      </item>
      <item>
        <identifiers>
          <gpoId>8249</gpoId>
          <lisID>1826</lisID>
          <bioguideId>K000367</bioguideId>
        </identifiers>
        <fullName>Sen. Klobuchar, Amy [D-MN]</fullName>
        <firstName>Amy</firstName>
        <party>D</party>
        <sponsorshipWithdrawnDate />
        <bioguideId>K000367</bioguideId>
        <state>MN</state>
        <middleName />
        <isOriginalCosponsor>False</isOriginalCosponsor>
        <lastName>Klobuchar</lastName>
        <sponsorshipDate>2018-02-12</sponsorshipDate>
      </item>
    </cosponsors>
    <notes />
    <createDate>2017-01-25T04:45:58Z</createDate>
    <introducedDate>2017-01-24</introducedDate>
    <policyArea>
      <name>International Affairs</name>
    </policyArea>
    <version>1.0.0</version>
    <updateDate>2018-02-20T13:04:18Z</updateDate>
    <committees>
      <billCommittees>
        <item>
          <chamber>Senate</chamber>
          <systemCode>ssfr00</systemCode>
          <type>Standing</type>
          <subcommittees />
          <activities>
            <item>
              <date>2017-01-24T16:11:29Z</date>
              <name>Referred to</name>
            </item>
          </activities>
          <name>Foreign Relations Committee</name>
        </item>
      </billCommittees>
    </committees>
    <amendments />
    <titles>
      <item>
        <titleType>(Extracted from GPO) Short Titles as Introduced</titleType>
        <title>Combating European Anti-Semitism Act of 2017</title>
        <parentTitleType />
        <chamberCode />
        <chamberName />
      </item>
      <item>
        <titleType>Short Titles as Introduced</titleType>
        <title>Combating European Anti-Semitism Act of 2017</title>
        <parentTitleType />
        <chamberCode />
        <chamberName />
      </item>
      <item>
        <titleType>Official Title as Introduced</titleType>
        <title>A bill to require continued and enhanced annual reporting to Congress in the Annual Report on International Religious Freedom on anti-Semitic incidents in Europe, the safety and security of European Jewish communities, and the efforts of the United States to partner with European governments, the European Union, and civil society groups, to combat anti-Semitism, and for other purposes.</title>
        <parentTitleType />
        <chamberCode />
        <chamberName />
      </item>
      <item>
        <titleType>Display Title</titleType>
        <title>Combating European Anti-Semitism Act of 2017</title>
        <parentTitleType />
        <chamberCode />
        <chamberName />
      </item>
    </titles>
    <title>Combating European Anti-Semitism Act of 2017</title>
    <recordedVotes />
    <sponsors>
      <item>
        <fullName>Sen. Rubio, Marco [R-FL]</fullName>
        <firstName>Marco</firstName>
        <party>R</party>
        <middleName />
        <identifiers>
          <lisID>2084</lisID>
          <gpoId>8242</gpoId>
          <bioguideId>R000595</bioguideId>
        </identifiers>
        <byRequestType />
        <state>FL</state>
        <lastName>Rubio</lastName>
        <bioguideId>R000595</bioguideId>
      </item>
    </sponsors>
    <cboCostEstimates />
    <billNumber>198</billNumber>
    <laws />
    <originChamber>Senate</originChamber>
    <committeeReports />
    <relatedBills>
      <item>
        <latestTitle>Combating European Anti-Semitism Act of 2017</latestTitle>
        <number>672</number>
        <congress>115</congress>
        <type>HR</type>
        <latestAction>
          <text>Received in the Senate and Read twice and referred to the Committee on Foreign Relations.</text>
          <actionDate>2017-05-18</actionDate>
        </latestAction>
        <relationshipDetails>
          <item>
            <type>Identical bill</type>
            <identifiedBy>CRS</identifiedBy>
          </item>
        </relationshipDetails>
      </item>
    </relatedBills>
    <subjects>
      <billSubjects>
        <policyArea>
          <name>International Affairs</name>
        </policyArea>
        <legislativeSubjects>
          <item>
            <name>Cemeteries and funerals</name>
          </item>
          <item>
            <name>Congressional oversight</name>
          </item>
          <item>
            <name>Diplomacy, foreign officials, Americans abroad</name>
          </item>
          <item>
            <name>Educational facilities and institutions</name>
          </item>
          <item>
            <name>Europe</name>
          </item>
          <item>
            <name>Human rights</name>
          </item>
          <item>
            <name>International organizations and cooperation</name>
          </item>
          <item>
            <name>Law enforcement administration and funding</name>
          </item>
          <item>
            <name>Racial and ethnic relations</name>
          </item>
          <item>
            <name>Religion</name>
          </item>
          <item>
            <name>Teaching, teachers, curricula</name>
          </item>
        </legislativeSubjects>
      </billSubjects>
    </subjects>
    <calendarNumbers />
    <latestAction>
      <text>Read twice and referred to the Committee on Foreign Relations.</text>
      <links />
      <actionDate>2017-01-24</actionDate>
    </latestAction>
  </bill>
  <dublinCore xmlns:dc="http://purl.org/dc/elements/1.1/">
    <dc:format>text/xml</dc:format>
    <dc:language>EN</dc:language>
    <dc:rights>Pursuant to Title 17 Section 105 of the United States Code, this file is not subject to copyright protection and is in the public domain.</dc:rights>
    <dc:contributor>Congressional Research Service, Library of Congress</dc:contributor>
    <dc:description>This file contains bill summaries and statuses for federal legislation. A bill summary describes the most significant provisions of a piece of legislation and details the effects the legislative text may have on current law and federal programs. Bill summaries are authored by the Congressional Research Service (CRS) of the Library of Congress. As stated in Public Law 91-510 (2 USC 166 (d)(6)), one of the duties of CRS is "to prepare summaries and digests of bills and resolutions of a public general nature introduced in the Senate or House of Representatives". For more information, refer to the User Guide that accompanies this file.</dc:description>
  </dublinCore>
</billStatus>

