<?xml version="1.0" encoding="UTF-8"?>
<billStatus>
  <bill>
    <relatedBills>
      <item>
        <number>4426</number>
        <type>HR</type>
        <latestAction>
          <text>Referred to the Subcommittee on Conservation and Forestry.</text>
          <actionDate>2017-12-21</actionDate>
        </latestAction>
        <congress>115</congress>
        <latestTitle>Sustainable Energy Development Reform Act</latestTitle>
        <relationshipDetails>
          <item>
            <identifiedBy>CRS</identifiedBy>
            <type>Related bill</type>
          </item>
        </relationshipDetails>
      </item>
      <item>
        <number>1731</number>
        <type>HR</type>
        <latestAction>
          <text>Placed on the Union Calendar, Calendar No. 255.</text>
          <actionDate>2017-10-19</actionDate>
        </latestAction>
        <congress>115</congress>
        <latestTitle>RECLAIM Act of 2017</latestTitle>
        <relationshipDetails>
          <item>
            <identifiedBy>CRS</identifiedBy>
            <type>Related bill</type>
          </item>
        </relationshipDetails>
      </item>
      <item>
        <number>728</number>
        <type>S</type>
        <latestAction>
          <text>Read twice and referred to the Committee on Energy and Natural Resources. (text of measure as introduced: CR S1997-1999)</text>
          <actionDate>2017-03-27</actionDate>
        </latestAction>
        <congress>115</congress>
        <latestTitle>RECLAIM Act of2017</latestTitle>
        <relationshipDetails>
          <item>
            <identifiedBy>CRS</identifiedBy>
            <type>Related bill</type>
          </item>
        </relationshipDetails>
      </item>
    </relatedBills>
    <originChamber>Senate</originChamber>
    <recordedVotes />
    <latestAction>
      <text>Read twice and referred to the Committee on Energy and Natural Resources.</text>
      <links />
      <actionDate>2017-03-27</actionDate>
    </latestAction>
    <createDate>2017-03-28T05:32:35Z</createDate>
    <title>RECLAIM Act of 2017</title>
    <summaries>
      <billSummaries>
        <item>
          <lastSummaryUpdateDate>2018-01-09T21:05:04Z</lastSummaryUpdateDate>
          <updateDate>2017-03-27T04:00:00Z</updateDate>
          <versionCode>00</versionCode>
          <text><![CDATA[<p><b>Revitalizing the Economy of Coal Communities by Leveraging Local Activities and Investing More Act of 2017 or the RECLAIM Act of 2017</b></p> <p>This bill amends the Surface Mining Control and Reclamation Act of 1977 to make specified funds available to the Department of the Interior for each of FY2018-FY2022 for distribution to states and Indian tribes to promote economic revitalization, diversification, and development in economically distressed communities through the reclamation and restoration of land and water resources adversely affected by coal mining carried out before August 3, 1977.</p> <p>The bill prescribes general requirements for projects to reclaim abandoned mine lands and waters that are likely to create favorable conditions for the economic development of the project site or promote the general welfare through economic and community development of the area in which the project is conducted. Any such project shall be located in a community affected by a recent decline in mining.</p><p>A state or Indian tribe that receives funds under this bill may retain a portion of them as necessary to supplement its acid mine drainage abatement and treatment fund for future operation and maintenance costs for the treatment of acid mine drainage associated with individual projects.</p>]]></text>
          <name>Introduced in Senate</name>
          <actionDesc>Introduced in Senate</actionDesc>
          <actionDate>2017-03-27</actionDate>
        </item>
      </billSummaries>
    </summaries>
    <actions>
      <actionByCounts>
        <senate>2</senate>
      </actionByCounts>
      <actionTypeCounts>
        <referredToCommittee>1</referredToCommittee>
        <introducedInSenate>1</introducedInSenate>
      </actionTypeCounts>
      <item>
        <actionDate>2017-03-27</actionDate>
        <committee>
          <systemCode>sseg00</systemCode>
          <name>Energy and Natural Resources Committee</name>
        </committee>
        <links />
        <sourceSystem>
          <name>Senate</name>
          <code>0</code>
        </sourceSystem>
        <text>Read twice and referred to the Committee on Energy and Natural Resources.</text>
        <type>IntroReferral</type>
      </item>
      <item>
        <sourceSystem>
          <name>Library of Congress</name>
          <code>9</code>
        </sourceSystem>
        <actionDate>2017-03-27</actionDate>
        <text>Introduced in Senate</text>
        <type>IntroReferral</type>
        <links />
        <committee />
        <actionCode>10000</actionCode>
      </item>
    </actions>
    <updateDate>2018-02-06T16:45:07Z</updateDate>
    <amendments />
    <notes />
    <sponsors>
      <item>
        <bioguideId>M001183</bioguideId>
        <middleName />
        <byRequestType />
        <firstName>Joe</firstName>
        <lastName>Manchin</lastName>
        <state>WV</state>
        <party>D</party>
        <identifiers>
          <gpoId>8256</gpoId>
          <bioguideId>M001183</bioguideId>
          <lisID>1983</lisID>
        </identifiers>
        <fullName>Sen. Manchin, Joe, III [D-WV]</fullName>
      </item>
    </sponsors>
    <committees>
      <billCommittees>
        <item>
          <subcommittees />
          <type>Standing</type>
          <systemCode>sseg00</systemCode>
          <activities>
            <item>
              <name>Referred to</name>
              <date>2017-03-27T22:18:30Z</date>
            </item>
          </activities>
          <name>Energy and Natural Resources Committee</name>
          <chamber>Senate</chamber>
        </item>
      </billCommittees>
    </committees>
    <cosponsors>
      <item>
        <state>OH</state>
        <identifiers>
          <lisID>136</lisID>
          <gpoId>8309</gpoId>
          <bioguideId>B000944</bioguideId>
        </identifiers>
        <bioguideId>B000944</bioguideId>
        <sponsorshipDate>2017-03-27</sponsorshipDate>
        <lastName>BROWN</lastName>
        <fullName>Sen. Brown, Sherrod [D-OH]</fullName>
        <firstName>SHERROD</firstName>
        <party>D</party>
        <middleName />
        <isOriginalCosponsor>True</isOriginalCosponsor>
        <sponsorshipWithdrawnDate />
      </item>
      <item>
        <state>VA</state>
        <identifiers>
          <lisID>2176</lisID>
          <bioguideId>K000384</bioguideId>
          <gpoId />
        </identifiers>
        <bioguideId>K000384</bioguideId>
        <sponsorshipDate>2017-03-27</sponsorshipDate>
        <lastName>Kaine</lastName>
        <fullName>Sen. Kaine, Tim [D-VA]</fullName>
        <firstName>Timothy</firstName>
        <party>D</party>
        <middleName />
        <isOriginalCosponsor>True</isOriginalCosponsor>
        <sponsorshipWithdrawnDate />
      </item>
      <item>
        <state>PA</state>
        <identifiers>
          <lisID>1828</lisID>
          <bioguideId>C001070</bioguideId>
          <gpoId>8282</gpoId>
        </identifiers>
        <bioguideId>C001070</bioguideId>
        <sponsorshipDate>2017-03-27</sponsorshipDate>
        <lastName>Casey</lastName>
        <fullName>Sen. Casey, Robert P., Jr. [D-PA]</fullName>
        <firstName>Bob</firstName>
        <party>D</party>
        <middleName />
        <isOriginalCosponsor>True</isOriginalCosponsor>
        <sponsorshipWithdrawnDate />
      </item>
      <item>
        <state>VA</state>
        <identifiers>
          <lisID>1897</lisID>
          <bioguideId>W000805</bioguideId>
          <gpoId>8269</gpoId>
        </identifiers>
        <bioguideId>W000805</bioguideId>
        <sponsorshipDate>2017-03-27</sponsorshipDate>
        <lastName>Warner</lastName>
        <fullName>Sen. Warner, Mark R. [D-VA]</fullName>
        <firstName>Mark</firstName>
        <party>D</party>
        <middleName>R.</middleName>
        <isOriginalCosponsor>True</isOriginalCosponsor>
        <sponsorshipWithdrawnDate />
      </item>
      <item>
        <state>IL</state>
        <identifiers>
          <bioguideId>D000622</bioguideId>
          <gpoId />
          <lisID>2123</lisID>
        </identifiers>
        <bioguideId>D000622</bioguideId>
        <sponsorshipDate>2017-06-12</sponsorshipDate>
        <lastName>Duckworth</lastName>
        <fullName>Sen. Duckworth, Tammy [D-IL]</fullName>
        <firstName>Tammy</firstName>
        <party>D</party>
        <middleName />
        <isOriginalCosponsor>False</isOriginalCosponsor>
        <sponsorshipWithdrawnDate />
      </item>
    </cosponsors>
    <laws />
    <policyArea>
      <name>Energy</name>
    </policyArea>
    <cboCostEstimates />
    <billNumber>738</billNumber>
    <congress>115</congress>
    <version>1.0.0</version>
    <introducedDate>2017-03-27</introducedDate>
    <committeeReports />
    <titles>
      <item>
        <chamberCode />
        <title>RECLAIM Act of 2017</title>
        <titleType>(Extracted from GPO) Short Titles as Introduced</titleType>
        <parentTitleType />
        <chamberName />
      </item>
      <item>
        <chamberCode />
        <title>Revitalizing the Economy of Coal Communities by Leveraging Local Activities and Investing More Act of 2017</title>
        <titleType>(Extracted from GPO) Short Titles as Introduced</titleType>
        <parentTitleType />
        <chamberName />
      </item>
      <item>
        <chamberCode />
        <title>RECLAIM Act of 2017</title>
        <titleType>Short Titles as Introduced</titleType>
        <parentTitleType />
        <chamberName />
      </item>
      <item>
        <chamberCode />
        <title>Revitalizing the Economy of Coal Communities by Leveraging Local Activities and Investing More Act of 2017</title>
        <titleType>Short Titles as Introduced</titleType>
        <parentTitleType />
        <chamberName />
      </item>
      <item>
        <chamberCode />
        <title>A bill to amend the Surface Mining Control and Reclamation Act of 1977 to provide funds to States and Indian tribes for the purpose of promoting economic revitalization, diversification, and development in economically distressed communities through the reclamation and restoration of land and water resources adversely affected by coal mining carried out before August 3, 1977, and for other purposes.</title>
        <titleType>Official Title as Introduced</titleType>
        <parentTitleType />
        <chamberName />
      </item>
      <item>
        <chamberCode />
        <title>RECLAIM Act of 2017</title>
        <titleType>Display Title</titleType>
        <parentTitleType />
        <chamberName />
      </item>
    </titles>
    <calendarNumbers />
    <subjects>
      <billSubjects>
        <legislativeSubjects />
        <policyArea>
          <name>Energy</name>
        </policyArea>
      </billSubjects>
    </subjects>
    <billType>S</billType>
  </bill>
  <dublinCore xmlns:dc="http://purl.org/dc/elements/1.1/">
    <dc:format>text/xml</dc:format>
    <dc:language>EN</dc:language>
    <dc:rights>Pursuant to Title 17 Section 105 of the United States Code, this file is not subject to copyright protection and is in the public domain.</dc:rights>
    <dc:contributor>Congressional Research Service, Library of Congress</dc:contributor>
    <dc:description>This file contains bill summaries and statuses for federal legislation. A bill summary describes the most significant provisions of a piece of legislation and details the effects the legislative text may have on current law and federal programs. Bill summaries are authored by the Congressional Research Service (CRS) of the Library of Congress. As stated in Public Law 91-510 (2 USC 166 (d)(6)), one of the duties of CRS is "to prepare summaries and digests of bills and resolutions of a public general nature introduced in the Senate or House of Representatives". For more information, refer to the User Guide that accompanies this file.</dc:description>
  </dublinCore>
</billStatus>

