<?xml version="1.0" encoding="UTF-8"?>
<billStatus>
  <bill>
    <cosponsors>
      <item>
        <isOriginalCosponsor>True</isOriginalCosponsor>
        <fullName>Sen. Lee, Mike [R-UT]</fullName>
        <firstName>Mike</firstName>
        <identifiers>
          <bioguideId>L000577</bioguideId>
          <gpoId>8303</gpoId>
          <lisID>2080</lisID>
        </identifiers>
        <party>R</party>
        <sponsorshipDate>2017-03-07</sponsorshipDate>
        <lastName>Lee</lastName>
        <bioguideId>L000577</bioguideId>
        <state>UT</state>
        <middleName />
        <sponsorshipWithdrawnDate />
      </item>
    </cosponsors>
    <congress>115</congress>
    <committees>
      <billCommittees>
        <item>
          <chamber>Senate</chamber>
          <name>Finance Committee</name>
          <systemCode>ssfi00</systemCode>
          <type>Standing</type>
          <subcommittees />
          <activities>
            <item>
              <name>Referred to</name>
              <date>2017-03-07T23:19:43Z</date>
            </item>
          </activities>
        </item>
      </billCommittees>
    </committees>
    <laws />
    <titles>
      <item>
        <titleType>Official Title as Introduced</titleType>
        <title>A bill to provide for reconciliation pursuant to section 2002 of the concurrent resolution on the budget for fiscal year 2017.</title>
        <chamberCode />
        <parentTitleType />
        <chamberName />
      </item>
      <item>
        <titleType>Display Title</titleType>
        <title>A bill to provide for reconciliation pursuant to section 2002 of the concurrent resolution on the budget for fiscal year 2017.</title>
        <chamberCode />
        <parentTitleType />
        <chamberName />
      </item>
    </titles>
    <billType>S</billType>
    <amendments />
    <recordedVotes />
    <actions>
      <item>
        <actionDate>2017-03-07</actionDate>
        <committee>
          <systemCode>ssfi00</systemCode>
          <name>Finance Committee</name>
        </committee>
        <links />
        <sourceSystem>
          <code>0</code>
          <name>Senate</name>
        </sourceSystem>
        <text>Read twice and referred to the Committee on Finance.</text>
        <type>IntroReferral</type>
      </item>
      <item>
        <committee />
        <sourceSystem>
          <code>9</code>
          <name>Library of Congress</name>
        </sourceSystem>
        <actionDate>2017-03-07</actionDate>
        <text>Introduced in Senate</text>
        <links />
        <type>IntroReferral</type>
        <actionCode>10000</actionCode>
      </item>
      <actionByCounts>
        <senate>2</senate>
      </actionByCounts>
      <actionTypeCounts>
        <referredToCommittee>1</referredToCommittee>
        <introducedInSenate>1</introducedInSenate>
      </actionTypeCounts>
    </actions>
    <introducedDate>2017-03-07</introducedDate>
    <relatedBills>
      <item>
        <congress>115</congress>
        <latestTitle>To provide for reconciliation pursuant to title II of the concurrent resolution on the budget for fiscal year 2017.</latestTitle>
        <number>1436</number>
        <type>HR</type>
        <latestAction>
          <text>Referred to the Subcommittee on Health.</text>
          <actionDate>2017-03-10</actionDate>
        </latestAction>
        <relationshipDetails>
          <item>
            <type>Related bill</type>
            <identifiedBy>CRS</identifiedBy>
          </item>
        </relationshipDetails>
      </item>
    </relatedBills>
    <committeeReports />
    <calendarNumbers />
    <billNumber>554</billNumber>
    <summaries>
      <billSummaries>
        <item>
          <text><![CDATA[<p>This bill amends the Patient Protection and Affordable Care Act (PPACA) to terminate the Prevention and Public Health Fund.</p> <p>The bill increases funding for community health centers.</p> <p>The Department of Health and Human Services may not make payments under the transitional reinsurance program.</p> <p>The bill makes appropriations for grants to states to address substance abuse or urgent mental health needs.</p> <p>This bill amends the Internal Revenue Code, including to require individuals to pay back all excess advance payments of the premium assistance tax credit.</p> <p>The premium assistance tax credit and reduced cost sharing are terminated at the end of 2019.</p> <p>The small employer health insurance tax credit does not apply after 2019.</p> <p>Individuals are no longer required to maintain minimum essential health care coverage.</p> <p>Large employers are no longer required to provide health coverage to employees.</p> <p>For one year, the bill restricts the availability of federal funding for payments to certain family planning providers (e.g., Planned Parenthood Federation of America). </p> <p>This bill amends the Social Security Act, including to end the expansion of Medicaid under PPACA on December 31, 2019.</p> <p>The tax on high-cost, employer-sponsored health coverage (popularly known as the &quot;Cadillac tax&quot;) does not apply after 2019.</p> <p>The bill revises provisions regarding health savings accounts, Archer medical savings accounts, health flexible spending arrangements, and health reimbursement arrangements, including to allow payments for over-the-counter medications.</p> <p>The bill eliminates various taxes and fees imposed by PPACA, including the tax on medical devices, the annual fee on health insurers, the indoor tanning services tax, and the net investment income tax.</p> Funds are provided to the Federal Hospital Insurance Trust Fund.]]></text>
          <name>Introduced in Senate</name>
          <lastSummaryUpdateDate>2017-09-20T15:29:55Z</lastSummaryUpdateDate>
          <versionCode>00</versionCode>
          <actionDesc>Introduced in Senate</actionDesc>
          <updateDate>2017-03-07T05:00:00Z</updateDate>
          <actionDate>2017-03-07</actionDate>
        </item>
      </billSummaries>
    </summaries>
    <cboCostEstimates />
    <updateDate>2018-02-06T16:44:56Z</updateDate>
    <policyArea>
      <name>Health</name>
    </policyArea>
    <latestAction>
      <text>Read twice and referred to the Committee on Finance.</text>
      <actionDate>2017-03-07</actionDate>
      <links />
    </latestAction>
    <subjects>
      <billSubjects>
        <policyArea>
          <name>Health</name>
        </policyArea>
        <legislativeSubjects>
          <item>
            <name>Abortion</name>
          </item>
          <item>
            <name>Appropriations</name>
          </item>
          <item>
            <name>Drug trafficking and controlled substances</name>
          </item>
          <item>
            <name>Drug, alcohol, tobacco use</name>
          </item>
          <item>
            <name>Employee benefits and pensions</name>
          </item>
          <item>
            <name>Employment taxes</name>
          </item>
          <item>
            <name>Family planning and birth control</name>
          </item>
          <item>
            <name>Government trust funds</name>
          </item>
          <item>
            <name>Health care costs and insurance</name>
          </item>
          <item>
            <name>Health care coverage and access</name>
          </item>
          <item>
            <name>Health facilities and institutions</name>
          </item>
          <item>
            <name>Health programs administration and funding</name>
          </item>
          <item>
            <name>Health promotion and preventive care</name>
          </item>
          <item>
            <name>Health technology, devices, supplies</name>
          </item>
          <item>
            <name>Hospital care</name>
          </item>
          <item>
            <name>Income tax credits</name>
          </item>
          <item>
            <name>Income tax deductions</name>
          </item>
          <item>
            <name>Medicaid</name>
          </item>
          <item>
            <name>Medical education</name>
          </item>
          <item>
            <name>Medicare</name>
          </item>
          <item>
            <name>Mental health</name>
          </item>
          <item>
            <name>Prescription drugs</name>
          </item>
          <item>
            <name>Sales and excise taxes</name>
          </item>
          <item>
            <name>Self-employed</name>
          </item>
          <item>
            <name>Sex and reproductive health</name>
          </item>
          <item>
            <name>Small business</name>
          </item>
          <item>
            <name>Tax administration and collection, taxpayers</name>
          </item>
          <item>
            <name>Tax-exempt organizations</name>
          </item>
          <item>
            <name>Women's health</name>
          </item>
        </legislativeSubjects>
      </billSubjects>
    </subjects>
    <title>A bill to provide for reconciliation pursuant to section 2002 of the concurrent resolution on the budget for fiscal year 2017.</title>
    <version>1.0.0</version>
    <sponsors>
      <item>
        <byRequestType />
        <party>R</party>
        <fullName>Sen. Paul, Rand [R-KY]</fullName>
        <bioguideId>P000603</bioguideId>
        <state>KY</state>
        <lastName>Paul</lastName>
        <middleName />
        <firstName>Rand</firstName>
        <identifiers>
          <lisID>2082</lisID>
          <bioguideId>P000603</bioguideId>
          <gpoId>8308</gpoId>
        </identifiers>
      </item>
    </sponsors>
    <notes />
    <createDate>2017-03-08T05:28:21Z</createDate>
    <originChamber>Senate</originChamber>
  </bill>
  <dublinCore xmlns:dc="http://purl.org/dc/elements/1.1/">
    <dc:format>text/xml</dc:format>
    <dc:language>EN</dc:language>
    <dc:rights>Pursuant to Title 17 Section 105 of the United States Code, this file is not subject to copyright protection and is in the public domain.</dc:rights>
    <dc:contributor>Congressional Research Service, Library of Congress</dc:contributor>
    <dc:description>This file contains bill summaries and statuses for federal legislation. A bill summary describes the most significant provisions of a piece of legislation and details the effects the legislative text may have on current law and federal programs. Bill summaries are authored by the Congressional Research Service (CRS) of the Library of Congress. As stated in Public Law 91-510 (2 USC 166 (d)(6)), one of the duties of CRS is "to prepare summaries and digests of bills and resolutions of a public general nature introduced in the Senate or House of Representatives". For more information, refer to the User Guide that accompanies this file.</dc:description>
  </dublinCore>
</billStatus>

