<?xml version="1.0" encoding="UTF-8"?>
<billStatus>
  <bill>
    <calendarNumbers />
    <congress>115</congress>
    <titles>
      <item>
        <parentTitleType />
        <chamberCode />
        <chamberName />
        <titleType>(Extracted from GPO) Short Titles as Introduced</titleType>
        <title>African American Civil Rights Network Act</title>
      </item>
      <item>
        <parentTitleType />
        <chamberCode />
        <chamberName />
        <titleType>Short Titles as Introduced</titleType>
        <title>African American Civil Rights Network Act</title>
      </item>
      <item>
        <parentTitleType />
        <chamberCode />
        <chamberName />
        <titleType>Official Title as Introduced</titleType>
        <title>A bill to amend title 54, United States Code, to establish within the National Park Service the African American Civil Rights Network, and for other purposes.</title>
      </item>
      <item>
        <parentTitleType />
        <chamberCode />
        <chamberName />
        <titleType>Display Title</titleType>
        <title>African American Civil Rights Network Act</title>
      </item>
    </titles>
    <introducedDate>2017-04-05</introducedDate>
    <latestAction>
      <actionDate>2017-04-05</actionDate>
      <text>Read twice and referred to the Committee on Energy and Natural Resources.</text>
      <links />
    </latestAction>
    <title>African American Civil Rights Network Act</title>
    <subjects>
      <billSubjects>
        <legislativeSubjects>
          <item>
            <name>Government buildings, facilities, and property</name>
          </item>
          <item>
            <name>Government studies and investigations</name>
          </item>
          <item>
            <name>Historic sites and heritage areas</name>
          </item>
          <item>
            <name>Parks, recreation areas, trails</name>
          </item>
          <item>
            <name>Protest and dissent</name>
          </item>
          <item>
            <name>Racial and ethnic relations</name>
          </item>
          <item>
            <name>U.S. history</name>
          </item>
        </legislativeSubjects>
        <policyArea>
          <name>Public Lands and Natural Resources</name>
        </policyArea>
      </billSubjects>
    </subjects>
    <relatedBills>
      <item>
        <latestTitle>African American Civil Rights Network Act of 2017</latestTitle>
        <number>1927</number>
        <congress>115</congress>
        <latestAction>
          <actionDate>2018-01-08</actionDate>
          <text>Became Public Law No: 115-104.</text>
        </latestAction>
        <type>HR</type>
        <relationshipDetails>
          <item>
            <type>Related bill</type>
            <identifiedBy>CRS</identifiedBy>
          </item>
        </relationshipDetails>
      </item>
      <item>
        <latestTitle>Energy and Natural Resources Act of 2017</latestTitle>
        <number>1460</number>
        <congress>115</congress>
        <latestAction>
          <actionDate>2017-09-19</actionDate>
          <text>Committee on Energy and Natural Resources. Hearings held.</text>
        </latestAction>
        <type>S</type>
        <relationshipDetails>
          <item>
            <type>Related bill</type>
            <identifiedBy>CRS</identifiedBy>
          </item>
        </relationshipDetails>
      </item>
    </relatedBills>
    <updateDate>2018-02-06T16:45:12Z</updateDate>
    <committeeReports />
    <notes />
    <recordedVotes />
    <amendments />
    <createDate>2017-04-06T02:11:54Z</createDate>
    <committees>
      <billCommittees>
        <item>
          <chamber>Senate</chamber>
          <subcommittees />
          <type>Standing</type>
          <activities>
            <item>
              <date>2017-04-05T21:50:41Z</date>
              <name>Referred to</name>
            </item>
          </activities>
          <systemCode>sseg00</systemCode>
          <name>Energy and Natural Resources Committee</name>
        </item>
      </billCommittees>
    </committees>
    <cboCostEstimates />
    <billNumber>857</billNumber>
    <policyArea>
      <name>Public Lands and Natural Resources</name>
    </policyArea>
    <version>1.0.0</version>
    <billType>S</billType>
    <originChamber>Senate</originChamber>
    <actions>
      <item>
        <actionDate>2017-04-05</actionDate>
        <committee>
          <systemCode>sseg00</systemCode>
          <name>Energy and Natural Resources Committee</name>
        </committee>
        <links />
        <sourceSystem>
          <name>Senate</name>
          <code>0</code>
        </sourceSystem>
        <text>Read twice and referred to the Committee on Energy and Natural Resources.</text>
        <type>IntroReferral</type>
      </item>
      <item>
        <links />
        <actionDate>2017-04-05</actionDate>
        <type>IntroReferral</type>
        <text>Introduced in Senate</text>
        <actionCode>10000</actionCode>
        <sourceSystem>
          <name>Library of Congress</name>
          <code>9</code>
        </sourceSystem>
        <committee />
      </item>
      <actionByCounts>
        <senate>2</senate>
      </actionByCounts>
      <actionTypeCounts>
        <introducedInSenate>1</introducedInSenate>
        <referredToCommittee>1</referredToCommittee>
      </actionTypeCounts>
    </actions>
    <sponsors>
      <item>
        <bioguideId>B000944</bioguideId>
        <party>D</party>
        <firstName>SHERROD</firstName>
        <middleName />
        <byRequestType />
        <fullName>Sen. Brown, Sherrod [D-OH]</fullName>
        <identifiers>
          <bioguideId>B000944</bioguideId>
          <lisID>136</lisID>
          <gpoId>8309</gpoId>
        </identifiers>
        <lastName>BROWN</lastName>
        <state>OH</state>
      </item>
    </sponsors>
    <summaries>
      <billSummaries>
        <item>
          <lastSummaryUpdateDate>2017-04-20T19:36:47Z</lastSummaryUpdateDate>
          <updateDate>2017-04-05T04:00:00Z</updateDate>
          <versionCode>00</versionCode>
          <text><![CDATA[<p><b>African American Civil Rights Network Act</b></p> <p> This bill requires the Department of the Interior to establish within the National Park Service (NPS) an African American Civil Rights Network that encompasses: (1) all NPS units and programs that relate to the African American civil rights movement during the period from 1939 through 1968; (2) other federal, state, local, and privately owned properties that relate to the African American civil rights movement and that are included in, or eligible for, the National Register of Historic Places; and (3) other governmental and nongovernmental facilities and programs of an educational, research, or interpretive nature that are directly related to such movement. </p> <p>In carrying out the network, Interior must: (1) review civil rights movement studies and reports that may already be underway or completed, such as the Civil Rights Framework Study; (2) produce and disseminate educational materials, such as handbooks, maps, interpretive guides, or electronic information; (3) provide technical assistance; and (4) adopt an official, uniform symbol or device for the network and issue regulations for the symbol's use.</p>]]></text>
          <name>Introduced in Senate</name>
          <actionDesc>Introduced in Senate</actionDesc>
          <actionDate>2017-04-05</actionDate>
        </item>
      </billSummaries>
    </summaries>
    <laws />
    <cosponsors>
      <item>
        <lastName>Alexander</lastName>
        <sponsorshipDate>2017-04-05</sponsorshipDate>
        <party>R</party>
        <state>TN</state>
        <bioguideId>A000360</bioguideId>
        <middleName />
        <sponsorshipWithdrawnDate />
        <fullName>Sen. Alexander, Lamar [R-TN]</fullName>
        <firstName>Lamar</firstName>
        <isOriginalCosponsor>True</isOriginalCosponsor>
        <identifiers>
          <gpoId>8304</gpoId>
          <bioguideId>A000360</bioguideId>
          <lisID>1695</lisID>
        </identifiers>
      </item>
    </cosponsors>
  </bill>
  <dublinCore xmlns:dc="http://purl.org/dc/elements/1.1/">
    <dc:format>text/xml</dc:format>
    <dc:language>EN</dc:language>
    <dc:rights>Pursuant to Title 17 Section 105 of the United States Code, this file is not subject to copyright protection and is in the public domain.</dc:rights>
    <dc:contributor>Congressional Research Service, Library of Congress</dc:contributor>
    <dc:description>This file contains bill summaries and statuses for federal legislation. A bill summary describes the most significant provisions of a piece of legislation and details the effects the legislative text may have on current law and federal programs. Bill summaries are authored by the Congressional Research Service (CRS) of the Library of Congress. As stated in Public Law 91-510 (2 USC 166 (d)(6)), one of the duties of CRS is "to prepare summaries and digests of bills and resolutions of a public general nature introduced in the Senate or House of Representatives". For more information, refer to the User Guide that accompanies this file.</dc:description>
  </dublinCore>
</billStatus>

