<?xml version="1.0" encoding="UTF-8"?>
<billStatus>
  <bill>
    <committeeReports />
    <originChamber>Senate</originChamber>
    <billNumber>591</billNumber>
    <actions>
      <actionTypeCounts>
        <hearingsHeld>2</hearingsHeld>
        <introducedInSenate>1</introducedInSenate>
        <referredToCommittee>1</referredToCommittee>
      </actionTypeCounts>
      <item>
        <actionDate>2017-06-14</actionDate>
        <committee>
          <systemCode>spag00</systemCode>
          <name>Aging Committee</name>
        </committee>
        <links />
        <sourceSystem>
          <name>Senate</name>
          <code>0</code>
        </sourceSystem>
        <text>Special Committee on Aging. Hearings held.</text>
        <type>Committee</type>
      </item>
      <item>
        <actionDate>2017-05-17</actionDate>
        <committee>
          <systemCode>ssva00</systemCode>
          <name>Veterans' Affairs Committee</name>
        </committee>
        <links />
        <sourceSystem>
          <name>Senate</name>
          <code>0</code>
        </sourceSystem>
        <text>Committee on Veterans' Affairs. Hearings held.</text>
        <type>Committee</type>
      </item>
      <item>
        <actionDate>2017-03-09</actionDate>
        <committee>
          <systemCode>ssva00</systemCode>
          <name>Veterans' Affairs Committee</name>
        </committee>
        <links />
        <sourceSystem>
          <name>Senate</name>
          <code>0</code>
        </sourceSystem>
        <text>Read twice and referred to the Committee on Veterans' Affairs.</text>
        <type>IntroReferral</type>
      </item>
      <item>
        <type>IntroReferral</type>
        <links />
        <text>Introduced in Senate</text>
        <committee />
        <actionDate>2017-03-09</actionDate>
        <sourceSystem>
          <name>Library of Congress</name>
          <code>9</code>
        </sourceSystem>
        <actionCode>10000</actionCode>
      </item>
      <actionByCounts>
        <senate>4</senate>
      </actionByCounts>
    </actions>
    <calendarNumbers />
    <updateDate>2018-02-06T16:44:58Z</updateDate>
    <cosponsors>
      <item>
        <state>ME</state>
        <party>R</party>
        <fullName>Sen. Collins, Susan M. [R-ME]</fullName>
        <lastName>COLLINS</lastName>
        <isOriginalCosponsor>True</isOriginalCosponsor>
        <bioguideId>C001035</bioguideId>
        <sponsorshipWithdrawnDate />
        <middleName>MARGARET</middleName>
        <identifiers>
          <lisID>1541</lisID>
          <gpoId>8291</gpoId>
          <bioguideId>C001035</bioguideId>
        </identifiers>
        <firstName>SUSAN</firstName>
        <sponsorshipDate>2017-03-09</sponsorshipDate>
      </item>
      <item>
        <state>WI</state>
        <party>D</party>
        <fullName>Sen. Baldwin, Tammy [D-WI]</fullName>
        <lastName>BALDWIN</lastName>
        <isOriginalCosponsor>True</isOriginalCosponsor>
        <bioguideId>B001230</bioguideId>
        <sponsorshipWithdrawnDate />
        <middleName />
        <identifiers>
          <lisID>1558</lisID>
          <bioguideId>B001230</bioguideId>
          <gpoId>8215</gpoId>
        </identifiers>
        <firstName>TAMMY</firstName>
        <sponsorshipDate>2017-03-09</sponsorshipDate>
      </item>
      <item>
        <state>CO</state>
        <party>D</party>
        <fullName>Sen. Bennet, Michael F. [D-CO]</fullName>
        <lastName>Bennet</lastName>
        <isOriginalCosponsor>True</isOriginalCosponsor>
        <bioguideId>B001267</bioguideId>
        <sponsorshipWithdrawnDate />
        <middleName>F.</middleName>
        <identifiers>
          <bioguideId>B001267</bioguideId>
          <lisID>1965</lisID>
          <gpoId>8302</gpoId>
        </identifiers>
        <firstName>Michael</firstName>
        <sponsorshipDate>2017-03-09</sponsorshipDate>
      </item>
      <item>
        <state>CT</state>
        <party>D</party>
        <fullName>Sen. Blumenthal, Richard [D-CT]</fullName>
        <lastName>Blumenthal</lastName>
        <isOriginalCosponsor>True</isOriginalCosponsor>
        <bioguideId>B001277</bioguideId>
        <sponsorshipWithdrawnDate />
        <middleName />
        <identifiers>
          <lisID>2076</lisID>
          <bioguideId>B001277</bioguideId>
          <gpoId>8332</gpoId>
        </identifiers>
        <firstName>Richard</firstName>
        <sponsorshipDate>2017-03-09</sponsorshipDate>
      </item>
      <item>
        <state>OH</state>
        <party>D</party>
        <fullName>Sen. Brown, Sherrod [D-OH]</fullName>
        <lastName>BROWN</lastName>
        <isOriginalCosponsor>True</isOriginalCosponsor>
        <bioguideId>B000944</bioguideId>
        <sponsorshipWithdrawnDate />
        <middleName />
        <identifiers>
          <lisID>136</lisID>
          <gpoId>8309</gpoId>
          <bioguideId>B000944</bioguideId>
        </identifiers>
        <firstName>SHERROD</firstName>
        <sponsorshipDate>2017-03-09</sponsorshipDate>
      </item>
      <item>
        <state>DE</state>
        <party>D</party>
        <fullName>Sen. Coons, Christopher A. [D-DE]</fullName>
        <lastName>Coons</lastName>
        <isOriginalCosponsor>True</isOriginalCosponsor>
        <bioguideId>C001088</bioguideId>
        <sponsorshipWithdrawnDate />
        <middleName>A.</middleName>
        <identifiers>
          <gpoId>8297</gpoId>
          <bioguideId>C001088</bioguideId>
          <lisID>1984</lisID>
        </identifiers>
        <firstName>Christopher</firstName>
        <sponsorshipDate>2017-03-09</sponsorshipDate>
      </item>
      <item>
        <state>IL</state>
        <party>D</party>
        <fullName>Sen. Durbin, Richard J. [D-IL]</fullName>
        <lastName>DURBIN</lastName>
        <isOriginalCosponsor>True</isOriginalCosponsor>
        <bioguideId>D000563</bioguideId>
        <sponsorshipWithdrawnDate />
        <middleName>J.</middleName>
        <identifiers>
          <gpoId>8326</gpoId>
          <bioguideId>D000563</bioguideId>
          <lisID>326</lisID>
        </identifiers>
        <firstName>RICHARD</firstName>
        <sponsorshipDate>2017-03-09</sponsorshipDate>
      </item>
      <item>
        <state>MN</state>
        <party>D</party>
        <fullName>Sen. Franken, Al [D-MN]</fullName>
        <lastName>Franken</lastName>
        <isOriginalCosponsor>True</isOriginalCosponsor>
        <bioguideId>F000457</bioguideId>
        <sponsorshipWithdrawnDate />
        <middleName />
        <identifiers>
          <gpoId>8339</gpoId>
          <bioguideId>F000457</bioguideId>
          <lisID>1969</lisID>
        </identifiers>
        <firstName>Al</firstName>
        <sponsorshipDate>2017-03-09</sponsorshipDate>
      </item>
      <item>
        <state>ME</state>
        <party>I</party>
        <fullName>Sen. King, Angus S., Jr. [I-ME]</fullName>
        <lastName>King</lastName>
        <isOriginalCosponsor>True</isOriginalCosponsor>
        <bioguideId>K000383</bioguideId>
        <sponsorshipWithdrawnDate />
        <middleName />
        <identifiers>
          <bioguideId>K000383</bioguideId>
          <gpoId />
          <lisID>2185</lisID>
        </identifiers>
        <firstName>Angus</firstName>
        <sponsorshipDate>2017-03-09</sponsorshipDate>
      </item>
      <item>
        <state>CT</state>
        <party>D</party>
        <fullName>Sen. Murphy, Christopher [D-CT]</fullName>
        <lastName>Murphy</lastName>
        <isOriginalCosponsor>True</isOriginalCosponsor>
        <bioguideId>M001169</bioguideId>
        <sponsorshipWithdrawnDate />
        <middleName />
        <identifiers>
          <bioguideId>M001169</bioguideId>
          <lisID>1837</lisID>
          <gpoId>7870</gpoId>
        </identifiers>
        <firstName>Christopher</firstName>
        <sponsorshipDate>2017-03-09</sponsorshipDate>
      </item>
      <item>
        <state>HI</state>
        <party>D</party>
        <fullName>Sen. Schatz, Brian [D-HI]</fullName>
        <lastName>Schatz</lastName>
        <isOriginalCosponsor>True</isOriginalCosponsor>
        <bioguideId>S001194</bioguideId>
        <sponsorshipWithdrawnDate />
        <middleName />
        <identifiers>
          <gpoId />
          <bioguideId>S001194</bioguideId>
          <lisID>2173</lisID>
        </identifiers>
        <firstName>Brian</firstName>
        <sponsorshipDate>2017-03-09</sponsorshipDate>
      </item>
      <item>
        <state>VT</state>
        <party>I</party>
        <fullName>Sen. Sanders, Bernard [I-VT]</fullName>
        <lastName>SANDERS</lastName>
        <isOriginalCosponsor>True</isOriginalCosponsor>
        <bioguideId>S000033</bioguideId>
        <sponsorshipWithdrawnDate />
        <middleName />
        <identifiers>
          <bioguideId>S000033</bioguideId>
          <lisID>1010</lisID>
          <gpoId>8270</gpoId>
        </identifiers>
        <firstName>BERNARD</firstName>
        <sponsorshipDate>2017-03-09</sponsorshipDate>
      </item>
      <item>
        <state>NH</state>
        <party>D</party>
        <fullName>Sen. Shaheen, Jeanne [D-NH]</fullName>
        <lastName>Shaheen</lastName>
        <isOriginalCosponsor>True</isOriginalCosponsor>
        <bioguideId>S001181</bioguideId>
        <sponsorshipWithdrawnDate />
        <middleName />
        <identifiers>
          <bioguideId>S001181</bioguideId>
          <lisID>1901</lisID>
          <gpoId>8276</gpoId>
        </identifiers>
        <firstName>Jeanne</firstName>
        <sponsorshipDate>2017-03-09</sponsorshipDate>
      </item>
      <item>
        <state>MT</state>
        <party>D</party>
        <fullName>Sen. Tester, Jon [D-MT]</fullName>
        <lastName>Tester</lastName>
        <isOriginalCosponsor>True</isOriginalCosponsor>
        <bioguideId>T000464</bioguideId>
        <sponsorshipWithdrawnDate />
        <middleName />
        <identifiers>
          <lisID>1829</lisID>
          <gpoId>8258</gpoId>
          <bioguideId>T000464</bioguideId>
        </identifiers>
        <firstName>Jon</firstName>
        <sponsorshipDate>2017-03-09</sponsorshipDate>
      </item>
      <item>
        <state>VA</state>
        <party>D</party>
        <fullName>Sen. Warner, Mark R. [D-VA]</fullName>
        <lastName>Warner</lastName>
        <isOriginalCosponsor>True</isOriginalCosponsor>
        <bioguideId>W000805</bioguideId>
        <sponsorshipWithdrawnDate />
        <middleName>R.</middleName>
        <identifiers>
          <bioguideId>W000805</bioguideId>
          <lisID>1897</lisID>
          <gpoId>8269</gpoId>
        </identifiers>
        <firstName>Mark</firstName>
        <sponsorshipDate>2017-03-09</sponsorshipDate>
      </item>
      <item>
        <state>WA</state>
        <party>D</party>
        <fullName>Sen. Cantwell, Maria [D-WA]</fullName>
        <lastName>CANTWELL</lastName>
        <isOriginalCosponsor>True</isOriginalCosponsor>
        <bioguideId>C000127</bioguideId>
        <sponsorshipWithdrawnDate />
        <middleName />
        <identifiers>
          <lisID>172</lisID>
          <bioguideId>C000127</bioguideId>
          <gpoId>8288</gpoId>
        </identifiers>
        <firstName>MARIA</firstName>
        <sponsorshipDate>2017-03-09</sponsorshipDate>
      </item>
      <item>
        <state>MA</state>
        <party>D</party>
        <fullName>Sen. Markey, Edward J. [D-MA]</fullName>
        <lastName>MARKEY</lastName>
        <isOriginalCosponsor>False</isOriginalCosponsor>
        <bioguideId>M000133</bioguideId>
        <sponsorshipWithdrawnDate />
        <middleName>J.</middleName>
        <identifiers>
          <gpoId>7972</gpoId>
          <lisID>735</lisID>
          <bioguideId>M000133</bioguideId>
        </identifiers>
        <firstName>EDWARD</firstName>
        <sponsorshipDate>2017-03-21</sponsorshipDate>
      </item>
      <item>
        <state>HI</state>
        <party>D</party>
        <fullName>Sen. Hirono, Mazie K. [D-HI]</fullName>
        <lastName>Hirono</lastName>
        <isOriginalCosponsor>False</isOriginalCosponsor>
        <bioguideId>H001042</bioguideId>
        <sponsorshipWithdrawnDate />
        <middleName>K.</middleName>
        <identifiers>
          <gpoId>7913</gpoId>
          <lisID>1844</lisID>
          <bioguideId>H001042</bioguideId>
        </identifiers>
        <firstName>Mazie</firstName>
        <sponsorshipDate>2017-03-22</sponsorshipDate>
      </item>
      <item>
        <state>WV</state>
        <party>D</party>
        <fullName>Sen. Manchin, Joe, III [D-WV]</fullName>
        <lastName>Manchin</lastName>
        <isOriginalCosponsor>False</isOriginalCosponsor>
        <bioguideId>M001183</bioguideId>
        <sponsorshipWithdrawnDate />
        <middleName />
        <identifiers>
          <lisID>1983</lisID>
          <bioguideId>M001183</bioguideId>
          <gpoId>8256</gpoId>
        </identifiers>
        <firstName>Joe</firstName>
        <sponsorshipDate>2017-03-23</sponsorshipDate>
      </item>
      <item>
        <state>MA</state>
        <party>D</party>
        <fullName>Sen. Warren, Elizabeth [D-MA]</fullName>
        <lastName>Warren</lastName>
        <isOriginalCosponsor>False</isOriginalCosponsor>
        <bioguideId>W000817</bioguideId>
        <sponsorshipWithdrawnDate />
        <middleName>A.</middleName>
        <identifiers>
          <lisID>2182</lisID>
          <gpoId />
          <bioguideId>W000817</bioguideId>
        </identifiers>
        <firstName>Elizabeth</firstName>
        <sponsorshipDate>2017-04-07</sponsorshipDate>
      </item>
      <item>
        <state>NJ</state>
        <party>D</party>
        <fullName>Sen. Menendez, Robert [D-NJ]</fullName>
        <lastName>MENENDEZ</lastName>
        <isOriginalCosponsor>False</isOriginalCosponsor>
        <bioguideId>M000639</bioguideId>
        <sponsorshipWithdrawnDate />
        <middleName />
        <identifiers>
          <lisID>791</lisID>
          <bioguideId>M000639</bioguideId>
          <gpoId>8239</gpoId>
        </identifiers>
        <firstName>ROBERT</firstName>
        <sponsorshipDate>2017-04-24</sponsorshipDate>
      </item>
      <item>
        <state>PA</state>
        <party>D</party>
        <fullName>Sen. Casey, Robert P., Jr. [D-PA]</fullName>
        <lastName>Casey</lastName>
        <isOriginalCosponsor>False</isOriginalCosponsor>
        <bioguideId>C001070</bioguideId>
        <sponsorshipWithdrawnDate />
        <middleName />
        <identifiers>
          <gpoId>8282</gpoId>
          <bioguideId>C001070</bioguideId>
          <lisID>1828</lisID>
        </identifiers>
        <firstName>Bob</firstName>
        <sponsorshipDate>2017-04-26</sponsorshipDate>
      </item>
      <item>
        <state>MI</state>
        <party>D</party>
        <fullName>Sen. Stabenow, Debbie [D-MI]</fullName>
        <lastName>STABENOW</lastName>
        <isOriginalCosponsor>False</isOriginalCosponsor>
        <bioguideId>S000770</bioguideId>
        <sponsorshipWithdrawnDate />
        <middleName>ANN</middleName>
        <identifiers>
          <bioguideId>S000770</bioguideId>
          <lisID>1531</lisID>
          <gpoId>8261</gpoId>
        </identifiers>
        <firstName>DEBORAH</firstName>
        <sponsorshipDate>2017-05-18</sponsorshipDate>
      </item>
      <item>
        <state>MD</state>
        <party>D</party>
        <fullName>Sen. Van Hollen, Chris [D-MD]</fullName>
        <lastName>Van Hollen</lastName>
        <isOriginalCosponsor>False</isOriginalCosponsor>
        <bioguideId>V000128</bioguideId>
        <sponsorshipWithdrawnDate />
        <middleName />
        <identifiers>
          <bioguideId>V000128</bioguideId>
          <lisID>1729</lisID>
          <gpoId>7983</gpoId>
        </identifiers>
        <firstName>Chris</firstName>
        <sponsorshipDate>2017-06-14</sponsorshipDate>
      </item>
      <item>
        <state>IL</state>
        <party>D</party>
        <fullName>Sen. Duckworth, Tammy [D-IL]</fullName>
        <lastName>Duckworth</lastName>
        <isOriginalCosponsor>False</isOriginalCosponsor>
        <bioguideId>D000622</bioguideId>
        <sponsorshipWithdrawnDate />
        <middleName />
        <identifiers>
          <gpoId />
          <bioguideId>D000622</bioguideId>
          <lisID>2123</lisID>
        </identifiers>
        <firstName>Tammy</firstName>
        <sponsorshipDate>2017-06-14</sponsorshipDate>
      </item>
      <item>
        <state>MD</state>
        <party>D</party>
        <fullName>Sen. Cardin, Benjamin L. [D-MD]</fullName>
        <lastName>CARDIN</lastName>
        <isOriginalCosponsor>False</isOriginalCosponsor>
        <bioguideId>C000141</bioguideId>
        <sponsorshipWithdrawnDate />
        <middleName>L.</middleName>
        <identifiers>
          <gpoId>8287</gpoId>
          <lisID>174</lisID>
          <bioguideId>C000141</bioguideId>
        </identifiers>
        <firstName>BENJAMIN</firstName>
        <sponsorshipDate>2017-06-19</sponsorshipDate>
      </item>
      <item>
        <state>FL</state>
        <party>D</party>
        <fullName>Sen. Nelson, Bill [D-FL]</fullName>
        <lastName>NELSON</lastName>
        <isOriginalCosponsor>False</isOriginalCosponsor>
        <bioguideId>N000032</bioguideId>
        <sponsorshipWithdrawnDate />
        <middleName>WILLIAM</middleName>
        <identifiers>
          <bioguideId>N000032</bioguideId>
          <gpoId>8236</gpoId>
          <lisID>859</lisID>
        </identifiers>
        <firstName>CLARENCE</firstName>
        <sponsorshipDate>2017-08-03</sponsorshipDate>
      </item>
      <item>
        <state>OR</state>
        <party>D</party>
        <fullName>Sen. Wyden, Ron [D-OR]</fullName>
        <lastName>WYDEN</lastName>
        <isOriginalCosponsor>False</isOriginalCosponsor>
        <bioguideId>W000779</bioguideId>
        <sponsorshipWithdrawnDate />
        <middleName />
        <identifiers>
          <gpoId>8265</gpoId>
          <lisID>1247</lisID>
          <bioguideId>W000779</bioguideId>
        </identifiers>
        <firstName>RON</firstName>
        <sponsorshipDate>2017-10-23</sponsorshipDate>
      </item>
      <item>
        <state>OR</state>
        <party>D</party>
        <fullName>Sen. Merkley, Jeff [D-OR]</fullName>
        <lastName>Merkley</lastName>
        <isOriginalCosponsor>False</isOriginalCosponsor>
        <bioguideId>M001176</bioguideId>
        <sponsorshipWithdrawnDate />
        <middleName />
        <identifiers>
          <bioguideId>M001176</bioguideId>
          <lisID>1900</lisID>
          <gpoId>8238</gpoId>
        </identifiers>
        <firstName>Jeff</firstName>
        <sponsorshipDate>2017-10-24</sponsorshipDate>
      </item>
      <item>
        <state>VA</state>
        <party>D</party>
        <fullName>Sen. Kaine, Tim [D-VA]</fullName>
        <lastName>Kaine</lastName>
        <isOriginalCosponsor>False</isOriginalCosponsor>
        <bioguideId>K000384</bioguideId>
        <sponsorshipWithdrawnDate />
        <middleName />
        <identifiers>
          <lisID>2176</lisID>
          <gpoId />
          <bioguideId>K000384</bioguideId>
        </identifiers>
        <firstName>Timothy</firstName>
        <sponsorshipDate>2017-11-01</sponsorshipDate>
      </item>
      <item>
        <state>NJ</state>
        <party>D</party>
        <fullName>Sen. Booker, Cory A. [D-NJ]</fullName>
        <lastName>Booker</lastName>
        <isOriginalCosponsor>False</isOriginalCosponsor>
        <bioguideId>B001288</bioguideId>
        <sponsorshipWithdrawnDate />
        <middleName>A.</middleName>
        <identifiers>
          <lisID>2194</lisID>
          <bioguideId>B001288</bioguideId>
          <gpoId />
        </identifiers>
        <firstName>Cory</firstName>
        <sponsorshipDate>2017-11-06</sponsorshipDate>
      </item>
      <item>
        <state>NV</state>
        <party>D</party>
        <fullName>Sen. Cortez Masto, Catherine  [D-NV]</fullName>
        <lastName>Cortez Masto</lastName>
        <isOriginalCosponsor>False</isOriginalCosponsor>
        <bioguideId>C001113</bioguideId>
        <sponsorshipWithdrawnDate />
        <middleName />
        <identifiers>
          <lisID>2299</lisID>
          <bioguideId>C001113</bioguideId>
          <gpoId />
        </identifiers>
        <firstName>Catherine</firstName>
        <sponsorshipDate>2017-11-07</sponsorshipDate>
      </item>
      <item>
        <state>MI</state>
        <party>D</party>
        <fullName>Sen. Peters, Gary C. [D-MI]</fullName>
        <lastName>Peters</lastName>
        <isOriginalCosponsor>False</isOriginalCosponsor>
        <bioguideId>P000595</bioguideId>
        <sponsorshipWithdrawnDate />
        <middleName>C.</middleName>
        <identifiers>
          <lisID>1929</lisID>
          <gpoId>7994</gpoId>
          <bioguideId>P000595</bioguideId>
        </identifiers>
        <firstName>Gary</firstName>
        <sponsorshipDate>2017-11-27</sponsorshipDate>
      </item>
    </cosponsors>
    <notes />
    <subjects>
      <billSubjects>
        <legislativeSubjects>
          <item>
            <name>Child care and development</name>
          </item>
          <item>
            <name>Congressional oversight</name>
          </item>
          <item>
            <name>Disability and paralysis</name>
          </item>
          <item>
            <name>Employee leave</name>
          </item>
          <item>
            <name>Executive agency funding and structure</name>
          </item>
          <item>
            <name>Financial services and investments</name>
          </item>
          <item>
            <name>Government employee pay, benefits, personnel management</name>
          </item>
          <item>
            <name>Government studies and investigations</name>
          </item>
          <item>
            <name>Lawyers and legal services</name>
          </item>
          <item>
            <name>Mental health</name>
          </item>
          <item>
            <name>Military personnel and dependents</name>
          </item>
          <item>
            <name>Neurological disorders</name>
          </item>
          <item>
            <name>Student aid and college costs</name>
          </item>
          <item>
            <name>Veterans' education, employment, rehabilitation</name>
          </item>
          <item>
            <name>Veterans' medical care</name>
          </item>
        </legislativeSubjects>
        <policyArea>
          <name>Armed Forces and National Security</name>
        </policyArea>
      </billSubjects>
    </subjects>
    <committees>
      <billCommittees>
        <item>
          <chamber>Senate</chamber>
          <subcommittees />
          <type>Special</type>
          <activities>
            <item>
              <date>2017-06-14T18:30:02Z</date>
              <name>Hearings by</name>
            </item>
          </activities>
          <systemCode>spag00</systemCode>
          <name>Aging Committee</name>
        </item>
        <item>
          <chamber>Senate</chamber>
          <subcommittees />
          <type>Standing</type>
          <activities>
            <item>
              <date>2017-05-17T18:30:12Z</date>
              <name>Hearings by</name>
            </item>
            <item>
              <date>2017-03-09T17:01:14Z</date>
              <name>Referred to</name>
            </item>
          </activities>
          <systemCode>ssva00</systemCode>
          <name>Veterans' Affairs Committee</name>
        </item>
      </billCommittees>
    </committees>
    <version>1.0.0</version>
    <recordedVotes />
    <policyArea>
      <name>Armed Forces and National Security</name>
    </policyArea>
    <cboCostEstimates />
    <introducedDate>2017-03-09</introducedDate>
    <title>Military and Veteran Caregiver Services Improvement Act of 2017</title>
    <amendments />
    <congress>115</congress>
    <billType>S</billType>
    <createDate>2017-03-10T05:16:41Z</createDate>
    <sponsors>
      <item>
        <lastName>MURRAY</lastName>
        <party>D</party>
        <state>WA</state>
        <bioguideId>M001111</bioguideId>
        <middleName />
        <byRequestType />
        <fullName>Sen. Murray, Patty [D-WA]</fullName>
        <firstName>PATTY</firstName>
        <identifiers>
          <bioguideId>M001111</bioguideId>
          <lisID>1409</lisID>
          <gpoId>8237</gpoId>
        </identifiers>
      </item>
    </sponsors>
    <latestAction>
      <text>Special Committee on Aging. Hearings held.</text>
      <links />
      <actionDate>2017-06-14</actionDate>
    </latestAction>
    <relatedBills>
      <item>
        <relationshipDetails>
          <item>
            <identifiedBy>CRS</identifiedBy>
            <type>Related bill</type>
          </item>
        </relationshipDetails>
        <latestAction>
          <actionDate>2017-04-05</actionDate>
          <text>Referred to the Subcommittee on Military Personnel.</text>
        </latestAction>
        <type>HR</type>
        <number>1472</number>
        <latestTitle>Military and Veteran Caregiver Services Improvement Act of 2017</latestTitle>
        <congress>115</congress>
      </item>
    </relatedBills>
    <laws />
    <titles>
      <item>
        <chamberCode />
        <titleType>(Extracted from GPO) Short Titles as Introduced</titleType>
        <parentTitleType />
        <chamberName />
        <title>Military and Veteran Caregiver Services Improvement Act of 2017</title>
      </item>
      <item>
        <chamberCode />
        <titleType>Short Titles as Introduced</titleType>
        <parentTitleType />
        <chamberName />
        <title>Military and Veteran Caregiver Services Improvement Act of 2017</title>
      </item>
      <item>
        <chamberCode />
        <titleType>Official Title as Introduced</titleType>
        <parentTitleType />
        <chamberName />
        <title>A bill to expand eligibility for the program of comprehensive assistance for family caregivers of the Department of Veterans Affairs, to expand benefits available to participants under such program, to enhance special compensation for members of the uniformed services who require assistance in everyday life, and for other purposes.</title>
      </item>
      <item>
        <chamberCode />
        <titleType>Display Title</titleType>
        <parentTitleType />
        <chamberName />
        <title>Military and Veteran Caregiver Services Improvement Act of 2017</title>
      </item>
    </titles>
    <summaries>
      <billSummaries>
        <item>
          <updateDate>2017-03-09T05:00:00Z</updateDate>
          <lastSummaryUpdateDate>2017-03-18T15:08:57Z</lastSummaryUpdateDate>
          <actionDate>2017-03-09</actionDate>
          <name>Introduced in Senate</name>
          <actionDesc>Introduced in Senate</actionDesc>
          <versionCode>00</versionCode>
          <text><![CDATA[<p><strong>Military and Veteran Caregiver Services Improvement Act of 2017</strong></p> <p>This bill expands eligibility for the family caregiver program of the Department of Veterans Affairs (VA) to include members of the Armed Forces or veterans who are seriously injured or who became ill on active duty prior to September 11, 2001 (currently, limited to service after September 11, 2001). </p> <p>Services to caregivers of veterans under such program are expanded to include&nbsp;child care services, financial planning services, and legal services. </p> <p> The bill terminates the support program for caregivers of covered veterans on October 1, 2022, except that any caregiver activities carried out on September 30, 2022, shall be continued on and after October 1, 2022. </p> <p>The bill authorizes the transfer of entitlement to post 9/11 education assistance to family members by veterans who are retired for a physical disability or&nbsp;who are seriously injured veterans in need of family caregiver services, without regard to length-of-service requirements. </p> <p>The VA is authorized to pay monthly special compensation to seriously injured or ill veterans in need of personal care services and to their caregivers. </p> <p>Flexible work schedules or telework&nbsp;are authorized for federal employees who are caregivers of veterans. </p> <p>The Public Health Service Act is amended to&nbsp;designate a veteran participating in the program of comprehensive assistance for family caregivers as an adult with a special need for purposes of the&nbsp;lifespan respite care program. </p> <p>An interagency working group is established in the executive branch to review and report on policies relating to the caregivers of veterans and members of the Armed Forces.</p> <p>The VA shall provide for studies on members of the Armed Forces who commenced service after September 11, 2001, and veterans who have incurred a serious injury or illness, including a mental health injury, and their caregivers.</p>]]></text>
        </item>
      </billSummaries>
    </summaries>
  </bill>
  <dublinCore xmlns:dc="http://purl.org/dc/elements/1.1/">
    <dc:format>text/xml</dc:format>
    <dc:language>EN</dc:language>
    <dc:rights>Pursuant to Title 17 Section 105 of the United States Code, this file is not subject to copyright protection and is in the public domain.</dc:rights>
    <dc:contributor>Congressional Research Service, Library of Congress</dc:contributor>
    <dc:description>This file contains bill summaries and statuses for federal legislation. A bill summary describes the most significant provisions of a piece of legislation and details the effects the legislative text may have on current law and federal programs. Bill summaries are authored by the Congressional Research Service (CRS) of the Library of Congress. As stated in Public Law 91-510 (2 USC 166 (d)(6)), one of the duties of CRS is "to prepare summaries and digests of bills and resolutions of a public general nature introduced in the Senate or House of Representatives". For more information, refer to the User Guide that accompanies this file.</dc:description>
  </dublinCore>
</billStatus>

