<?xml version="1.0" encoding="UTF-8"?>
<billStatus>
  <bill>
    <cboCostEstimates />
    <billType>S</billType>
    <policyArea>
      <name>Crime and Law Enforcement</name>
    </policyArea>
    <version>1.0.0</version>
    <congress>115</congress>
    <titles>
      <item>
        <parentTitleType>Short Titles Senate</parentTitleType>
        <chamberCode>S</chamberCode>
        <titleType>Short Titles as Passed Senate</titleType>
        <chamberName>Senate</chamberName>
        <title>POWER Act</title>
      </item>
      <item>
        <parentTitleType>Short Titles Senate</parentTitleType>
        <chamberCode>S</chamberCode>
        <titleType>Short Titles as Passed Senate</titleType>
        <chamberName>Senate</chamberName>
        <title>Pro bono Work to Empower and Represent Act of 2017</title>
      </item>
      <item>
        <parentTitleType />
        <chamberCode />
        <titleType>Short Titles as Introduced</titleType>
        <chamberName />
        <title>POWER Act</title>
      </item>
      <item>
        <parentTitleType />
        <chamberCode />
        <titleType>Short Titles as Introduced</titleType>
        <chamberName />
        <title>Pro bono Work to Empower and Represent Act of 2017</title>
      </item>
      <item>
        <parentTitleType />
        <chamberCode />
        <titleType>Official Title as Introduced</titleType>
        <chamberName />
        <title>A bill to promote pro bono legal services as a critical way in which to empower survivors of domestic violence.</title>
      </item>
      <item>
        <parentTitleType />
        <chamberCode />
        <titleType>Display Title</titleType>
        <chamberName />
        <title>POWER Act</title>
      </item>
      <item>
        <parentTitleType />
        <chamberCode>S</chamberCode>
        <titleType>(Extracted from GPO) Short Titles as Passed Senate</titleType>
        <chamberName>Senate</chamberName>
        <title>POWER Act</title>
      </item>
      <item>
        <parentTitleType />
        <chamberCode>S</chamberCode>
        <titleType>(Extracted from GPO) Short Titles as Passed Senate</titleType>
        <chamberName>Senate</chamberName>
        <title>Pro bono Work to Empower and Represent Act of 2017</title>
      </item>
      <item>
        <parentTitleType />
        <chamberCode />
        <titleType>(Extracted from GPO) Short Titles as Introduced</titleType>
        <chamberName />
        <title>POWER Act</title>
      </item>
      <item>
        <parentTitleType />
        <chamberCode />
        <titleType>(Extracted from GPO) Short Titles as Introduced</titleType>
        <chamberName />
        <title>Pro bono Work to Empower and Represent Act of 2017</title>
      </item>
    </titles>
    <title>POWER Act</title>
    <latestAction>
      <links />
      <actionDate>2017-08-23</actionDate>
      <text>Referred to the Subcommittee on Crime, Terrorism, Homeland Security, and Investigations.</text>
    </latestAction>
    <subjects>
      <billSubjects>
        <policyArea>
          <name>Crime and Law Enforcement</name>
        </policyArea>
        <legislativeSubjects>
          <item>
            <name>Assault and harassment offenses</name>
          </item>
          <item>
            <name>Crime victims</name>
          </item>
          <item>
            <name>Domestic violence and child abuse</name>
          </item>
          <item>
            <name>Lawyers and legal services</name>
          </item>
          <item>
            <name>Sex offenses</name>
          </item>
        </legislativeSubjects>
      </billSubjects>
    </subjects>
    <billNumber>717</billNumber>
    <calendarNumbers />
    <updateDate>2018-02-20T12:50:31Z</updateDate>
    <recordedVotes />
    <laws />
    <originChamber>Senate</originChamber>
    <sponsors>
      <item>
        <fullName>Sen. Sullivan, Dan  [R-AK]</fullName>
        <state>AK</state>
        <identifiers>
          <lisID>2290</lisID>
          <bioguideId>S001198</bioguideId>
          <gpoId />
        </identifiers>
        <lastName>Sullivan</lastName>
        <party>R</party>
        <bioguideId>S001198</bioguideId>
        <byRequestType />
        <firstName>Dan</firstName>
        <middleName />
      </item>
    </sponsors>
    <committeeReports />
    <summaries>
      <billSummaries>
        <item>
          <actionDate>2017-03-23</actionDate>
          <versionCode>00</versionCode>
          <actionDesc>Introduced in Senate</actionDesc>
          <lastSummaryUpdateDate>2017-07-25T14:34:13Z</lastSummaryUpdateDate>
          <text><![CDATA[<p><b>Pro bono Work to Empower and Represent Act of 2017 or the POWER Act </b></p> <p>This bill requires each U.S. Attorney for each judicial district to lead at least one public event that promotes pro bono legal services as a critical way to: (1) empower survivors of domestic violence, dating violence, sexual assault, and stalking; and (2) engage citizens in assisting those survivors.</p> <p>A similar requirement applies to districts containing Indian tribes and tribal organizations.</p> <p>Each U.S. Attorney shall: (1) have discretion on the design, organization, and implementation of such public events; and (2) seek to maximize an event's local impact and the access of such survivors to high-quality pro bono legal services. </p>]]></text>
          <updateDate>2017-03-23T04:00:00Z</updateDate>
          <name>Introduced in Senate</name>
        </item>
        <item>
          <actionDate>2017-08-01</actionDate>
          <versionCode>82</versionCode>
          <actionDesc>Passed Senate without amendment</actionDesc>
          <lastSummaryUpdateDate>2018-02-09T15:56:51Z</lastSummaryUpdateDate>
          <text><![CDATA[<p>(This measure has not been amended since it was introduced. The summary has been expanded because action occurred on the measure.)</p> <p><b>Pro bono Work to Empower and Represent Act of 2017 or the POWER Act </b></p> <p>(Sec. 3) This bill requires the U.S. Attorney's office in each judicial district to conduct, at least annually, a public event to promote pro bono legal services for survivors of domestic violence, dating violence, sexual assault, and stalking. </p> <p>Additionally, the U.S. Attorney's office in a judicial district that contains an Indian tribe or tribal organization must conduct, at least once during each three-year period, a public event to promote pro bono legal services for Indian or Alaska Native victims of domestic violence, dating violence, sexual assault, and stalking.</p> <p>U.S. Attorneys' offices must, in conducting public events, seek to maximize the local impact and the provision of high-quality pro bono legal services to survivors. </p> <p>(Sec. 4) U.S. Attorneys' offices must report to the Department of Justice (DOJ) on the public events they conduct. DOJ must compile and summarize the reports and submit them to Congress. </p>]]></text>
          <updateDate>2017-08-01T12:47:49Z</updateDate>
          <name>Passed Senate without amendment</name>
        </item>
      </billSummaries>
    </summaries>
    <createDate>2017-03-24T05:21:03Z</createDate>
    <notes />
    <introducedDate>2017-03-23</introducedDate>
    <actions>
      <actionTypeCounts>
        <billReferrals>1</billReferrals>
        <committeeDischarged>1</committeeDischarged>
        <introducedInSenate>1</introducedInSenate>
        <senateCommitteeDischarged>1</senateCommitteeDischarged>
        <placeholderTextForH>1</placeholderTextForH>
        <receivedInTheHouse>1</receivedInTheHouse>
        <passedSenate>1</passedSenate>
        <passedAgreedToInSenate>1</passedAgreedToInSenate>
        <sentToHouse>1</sentToHouse>
        <referredToCommittee>1</referredToCommittee>
      </actionTypeCounts>
      <actionByCounts>
        <senate>7</senate>
        <houseOfRepresentatives>3</houseOfRepresentatives>
      </actionByCounts>
      <item>
        <actionDate>2017-08-23</actionDate>
        <committee>
          <systemCode>hsju08</systemCode>
          <name>Crime, Terrorism, Homeland Security, and Investigations Subcommittee</name>
        </committee>
        <links />
        <sourceSystem>
          <code>1</code>
          <name>House committee actions</name>
        </sourceSystem>
        <text>Referred to the Subcommittee on Crime, Terrorism, Homeland Security, and Investigations.</text>
        <type>Committee</type>
      </item>
      <item>
        <actionCode>H11100</actionCode>
        <links />
        <committee>
          <systemCode>hsju00</systemCode>
          <name>Judiciary Committee</name>
        </committee>
        <sourceSystem>
          <code>2</code>
          <name>House floor actions</name>
        </sourceSystem>
        <actionDate>2017-08-04</actionDate>
        <type>IntroReferral</type>
        <text>Referred to the House Committee on the Judiciary.</text>
      </item>
      <item>
        <actionCode>H14000</actionCode>
        <links />
        <committee />
        <sourceSystem>
          <code>2</code>
          <name>House floor actions</name>
        </sourceSystem>
        <actionDate>2017-08-04</actionDate>
        <actionTime>13:04:49</actionTime>
        <type>Floor</type>
        <text>Received in the House.</text>
      </item>
      <item>
        <actionDate>2017-08-02</actionDate>
        <committee />
        <links />
        <sourceSystem>
          <code>0</code>
          <name>Senate</name>
        </sourceSystem>
        <text>Message on Senate action sent to the House.</text>
        <type>Floor</type>
      </item>
      <item>
        <actionDate>2017-08-01</actionDate>
        <committee />
        <links>
          <link>
            <url>https://www.congress.gov/congressional-record/volume-163/senate-section/page/S4694-4695</url>
            <name>S4694-4695</name>
          </link>
        </links>
        <sourceSystem>
          <code>0</code>
          <name>Senate</name>
        </sourceSystem>
        <text>Passed Senate without amendment by Unanimous Consent. (text: CR S4694-4695)</text>
        <type>Floor</type>
      </item>
      <item>
        <actionCode>17000</actionCode>
        <links />
        <committee />
        <sourceSystem>
          <code>9</code>
          <name>Library of Congress</name>
        </sourceSystem>
        <actionDate>2017-08-01</actionDate>
        <type>Floor</type>
        <text>Passed/agreed to in Senate: Passed Senate without amendment by Unanimous Consent.</text>
      </item>
      <item>
        <actionDate>2017-08-01</actionDate>
        <committee>
          <systemCode>ssju00</systemCode>
          <name>Judiciary Committee</name>
        </committee>
        <links>
          <link>
            <url>https://www.congress.gov/congressional-record/volume-163/senate-section/page/S4694-4695</url>
            <name>S4694-4695</name>
          </link>
        </links>
        <sourceSystem>
          <code>0</code>
          <name>Senate</name>
        </sourceSystem>
        <text>Senate Committee on the Judiciary discharged by Unanimous Consent. (consideration: CR S4694-4695)</text>
        <type>Discharge</type>
      </item>
      <item>
        <actionCode>14500</actionCode>
        <links />
        <committee>
          <systemCode>ssju00</systemCode>
          <name>Judiciary Committee</name>
        </committee>
        <sourceSystem>
          <code>9</code>
          <name>Library of Congress</name>
        </sourceSystem>
        <actionDate>2017-08-01</actionDate>
        <type>Committee</type>
        <text>Senate Committee on the Judiciary discharged by Unanimous Consent.</text>
      </item>
      <item>
        <actionDate>2017-03-23</actionDate>
        <committee>
          <systemCode>ssju00</systemCode>
          <name>Judiciary Committee</name>
        </committee>
        <links />
        <sourceSystem>
          <code>0</code>
          <name>Senate</name>
        </sourceSystem>
        <text>Read twice and referred to the Committee on the Judiciary.</text>
        <type>IntroReferral</type>
      </item>
      <item>
        <actionCode>10000</actionCode>
        <links />
        <committee />
        <sourceSystem>
          <code>9</code>
          <name>Library of Congress</name>
        </sourceSystem>
        <actionDate>2017-03-23</actionDate>
        <type>IntroReferral</type>
        <text>Introduced in Senate</text>
      </item>
    </actions>
    <committees>
      <billCommittees>
        <item>
          <subcommittees>
            <item>
              <name>Crime, Terrorism, Homeland Security, and Investigations Subcommittee</name>
              <systemCode>hsju08</systemCode>
              <activities>
                <item>
                  <name>Referred to</name>
                  <date>2017-08-23T18:56:19Z</date>
                </item>
              </activities>
            </item>
          </subcommittees>
          <chamber>House</chamber>
          <name>Judiciary Committee</name>
          <type>Standing</type>
          <systemCode>hsju00</systemCode>
          <activities>
            <item>
              <name>Referred to</name>
              <date>2017-08-04T18:46:43Z</date>
            </item>
          </activities>
        </item>
        <item>
          <subcommittees />
          <chamber>Senate</chamber>
          <name>Judiciary Committee</name>
          <type>Standing</type>
          <systemCode>ssju00</systemCode>
          <activities>
            <item>
              <name>Discharged from</name>
              <date>2017-08-01T23:48:21Z</date>
            </item>
            <item>
              <name>Referred to</name>
              <date>2017-03-23T19:42:28Z</date>
            </item>
          </activities>
        </item>
      </billCommittees>
    </committees>
    <relatedBills>
      <item>
        <latestAction>
          <actionDate>2017-04-12</actionDate>
          <text>Referred to the Subcommittee on Crime, Terrorism, Homeland Security, and Investigations.</text>
        </latestAction>
        <latestTitle>POWER Act</latestTitle>
        <congress>115</congress>
        <type>HR</type>
        <number>1762</number>
        <relationshipDetails>
          <item>
            <type>Related bill</type>
            <identifiedBy>CRS</identifiedBy>
          </item>
        </relationshipDetails>
      </item>
    </relatedBills>
    <amendments />
    <cosponsors>
      <item>
        <middleName />
        <state>ND</state>
        <bioguideId>H001069</bioguideId>
        <fullName>Sen. Heitkamp, Heidi [D-ND]</fullName>
        <party>D</party>
        <lastName>Heitkamp</lastName>
        <identifiers>
          <lisID>2174</lisID>
          <gpoId />
          <bioguideId>H001069</bioguideId>
        </identifiers>
        <isOriginalCosponsor>True</isOriginalCosponsor>
        <sponsorshipWithdrawnDate />
        <firstName>Heidi</firstName>
        <sponsorshipDate>2017-03-23</sponsorshipDate>
      </item>
      <item>
        <middleName />
        <state>NH</state>
        <bioguideId>S001181</bioguideId>
        <fullName>Sen. Shaheen, Jeanne [D-NH]</fullName>
        <party>D</party>
        <lastName>Shaheen</lastName>
        <identifiers>
          <lisID>1901</lisID>
          <gpoId>8276</gpoId>
          <bioguideId>S001181</bioguideId>
        </identifiers>
        <isOriginalCosponsor>True</isOriginalCosponsor>
        <sponsorshipWithdrawnDate />
        <firstName>Jeanne</firstName>
        <sponsorshipDate>2017-03-23</sponsorshipDate>
      </item>
      <item>
        <middleName />
        <state>AK</state>
        <bioguideId>M001153</bioguideId>
        <fullName>Sen. Murkowski, Lisa [R-AK]</fullName>
        <party>R</party>
        <lastName>Murkowski</lastName>
        <identifiers>
          <lisID>1694</lisID>
          <bioguideId>M001153</bioguideId>
          <gpoId>8234</gpoId>
        </identifiers>
        <isOriginalCosponsor>True</isOriginalCosponsor>
        <sponsorshipWithdrawnDate />
        <firstName>Lisa</firstName>
        <sponsorshipDate>2017-03-23</sponsorshipDate>
      </item>
      <item>
        <middleName>MOORE</middleName>
        <state>WV</state>
        <bioguideId>C001047</bioguideId>
        <fullName>Sen. Capito, Shelley Moore [R-WV]</fullName>
        <party>R</party>
        <lastName>CAPITO</lastName>
        <identifiers>
          <lisID>1676</lisID>
          <gpoId>8223</gpoId>
          <bioguideId>C001047</bioguideId>
        </identifiers>
        <isOriginalCosponsor>True</isOriginalCosponsor>
        <sponsorshipWithdrawnDate />
        <firstName>SHELLEY</firstName>
        <sponsorshipDate>2017-03-23</sponsorshipDate>
      </item>
      <item>
        <middleName />
        <state>TX</state>
        <bioguideId>C001056</bioguideId>
        <fullName>Sen. Cornyn, John [R-TX]</fullName>
        <party>R</party>
        <lastName>Cornyn</lastName>
        <identifiers>
          <lisID>1692</lisID>
          <bioguideId>C001056</bioguideId>
          <gpoId>8295</gpoId>
        </identifiers>
        <isOriginalCosponsor>True</isOriginalCosponsor>
        <sponsorshipWithdrawnDate />
        <firstName>John</firstName>
        <sponsorshipDate>2017-03-23</sponsorshipDate>
      </item>
      <item>
        <middleName />
        <state>MT</state>
        <bioguideId>D000618</bioguideId>
        <fullName>Sen. Daines, Steve [R-MT]</fullName>
        <party>R</party>
        <lastName>Daines</lastName>
        <identifiers>
          <gpoId />
          <lisID>2138</lisID>
          <bioguideId>D000618</bioguideId>
        </identifiers>
        <isOriginalCosponsor>True</isOriginalCosponsor>
        <sponsorshipWithdrawnDate />
        <firstName>Steve</firstName>
        <sponsorshipDate>2017-03-23</sponsorshipDate>
      </item>
      <item>
        <middleName>GRANT</middleName>
        <state>UT</state>
        <bioguideId>H000338</bioguideId>
        <fullName>Sen. Hatch, Orrin G. [R-UT]</fullName>
        <party>R</party>
        <lastName>HATCH</lastName>
        <identifiers>
          <lisID>1351</lisID>
          <bioguideId>H000338</bioguideId>
          <gpoId>8314</gpoId>
        </identifiers>
        <isOriginalCosponsor>False</isOriginalCosponsor>
        <sponsorshipWithdrawnDate />
        <firstName>ORRIN</firstName>
        <sponsorshipDate>2017-03-29</sponsorshipDate>
      </item>
      <item>
        <middleName>JOSEPH</middleName>
        <state>VT</state>
        <bioguideId>L000174</bioguideId>
        <fullName>Sen. Leahy, Patrick J. [D-VT]</fullName>
        <party>D</party>
        <lastName>LEAHY</lastName>
        <identifiers>
          <lisID>1383</lisID>
          <bioguideId>L000174</bioguideId>
          <gpoId>8244</gpoId>
        </identifiers>
        <isOriginalCosponsor>False</isOriginalCosponsor>
        <sponsorshipWithdrawnDate />
        <firstName>PATRICK</firstName>
        <sponsorshipDate>2017-03-29</sponsorshipDate>
      </item>
      <item>
        <middleName />
        <state>IN</state>
        <bioguideId>D000607</bioguideId>
        <fullName>Sen. Donnelly, Joe [D-IN]</fullName>
        <party>D</party>
        <lastName>Donnelly</lastName>
        <identifiers>
          <lisID>1850</lisID>
          <gpoId>7941</gpoId>
          <bioguideId>D000607</bioguideId>
        </identifiers>
        <isOriginalCosponsor>False</isOriginalCosponsor>
        <sponsorshipWithdrawnDate />
        <firstName>Joe</firstName>
        <sponsorshipDate>2017-04-05</sponsorshipDate>
      </item>
      <item>
        <middleName>ERNEST</middleName>
        <state>IA</state>
        <bioguideId>G000386</bioguideId>
        <fullName>Sen. Grassley, Chuck [R-IA]</fullName>
        <party>R</party>
        <lastName>GRASSLEY</lastName>
        <identifiers>
          <lisID>457</lisID>
          <gpoId>8316</gpoId>
          <bioguideId>G000386</bioguideId>
        </identifiers>
        <isOriginalCosponsor>False</isOriginalCosponsor>
        <sponsorshipWithdrawnDate />
        <firstName>CHARLES</firstName>
        <sponsorshipDate>2017-04-25</sponsorshipDate>
      </item>
      <item>
        <middleName>A.</middleName>
        <state>MA</state>
        <bioguideId>W000817</bioguideId>
        <fullName>Sen. Warren, Elizabeth [D-MA]</fullName>
        <party>D</party>
        <lastName>Warren</lastName>
        <identifiers>
          <lisID>2182</lisID>
          <gpoId />
          <bioguideId>W000817</bioguideId>
        </identifiers>
        <isOriginalCosponsor>False</isOriginalCosponsor>
        <sponsorshipWithdrawnDate />
        <firstName>Elizabeth</firstName>
        <sponsorshipDate>2017-06-21</sponsorshipDate>
      </item>
    </cosponsors>
  </bill>
  <dublinCore xmlns:dc="http://purl.org/dc/elements/1.1/">
    <dc:format>text/xml</dc:format>
    <dc:language>EN</dc:language>
    <dc:rights>Pursuant to Title 17 Section 105 of the United States Code, this file is not subject to copyright protection and is in the public domain.</dc:rights>
    <dc:contributor>Congressional Research Service, Library of Congress</dc:contributor>
    <dc:description>This file contains bill summaries and statuses for federal legislation. A bill summary describes the most significant provisions of a piece of legislation and details the effects the legislative text may have on current law and federal programs. Bill summaries are authored by the Congressional Research Service (CRS) of the Library of Congress. As stated in Public Law 91-510 (2 USC 166 (d)(6)), one of the duties of CRS is "to prepare summaries and digests of bills and resolutions of a public general nature introduced in the Senate or House of Representatives". For more information, refer to the User Guide that accompanies this file.</dc:description>
  </dublinCore>
</billStatus>

