<?xml version="1.0" encoding="UTF-8"?>
<billStatus>
  <bill>
    <notes />
    <sponsors>
      <item>
        <party>D</party>
        <fullName>Sen. Bennet, Michael F. [D-CO]</fullName>
        <lastName>Bennet</lastName>
        <middleName>F.</middleName>
        <identifiers>
          <bioguideId>B001267</bioguideId>
          <lisID>1965</lisID>
          <gpoId>8302</gpoId>
        </identifiers>
        <firstName>Michael</firstName>
        <byRequestType />
        <bioguideId>B001267</bioguideId>
        <state>CO</state>
      </item>
    </sponsors>
    <policyArea>
      <name>Taxation</name>
    </policyArea>
    <committees>
      <billCommittees>
        <item>
          <type>Standing</type>
          <name>Finance Committee</name>
          <systemCode>ssfi00</systemCode>
          <chamber>Senate</chamber>
          <activities>
            <item>
              <name>Referred to</name>
              <date>2017-04-05T21:17:20Z</date>
            </item>
          </activities>
          <subcommittees />
        </item>
      </billCommittees>
    </committees>
    <relatedBills>
      <item>
        <type>HR</type>
        <latestTitle>Carbon Capture Improvement Act of 2017</latestTitle>
        <relationshipDetails>
          <item>
            <type>Identical bill</type>
            <identifiedBy>CRS</identifiedBy>
          </item>
        </relationshipDetails>
        <number>2011</number>
        <latestAction>
          <text>Referred to the House Committee on Ways and Means.</text>
          <actionDate>2017-04-06</actionDate>
        </latestAction>
        <congress>115</congress>
      </item>
    </relatedBills>
    <titles>
      <item>
        <titleType>(Extracted from GPO) Short Titles as Introduced</titleType>
        <chamberCode />
        <parentTitleType />
        <title>Carbon Capture Improvement Act of 2017</title>
        <chamberName />
      </item>
      <item>
        <titleType>Short Titles as Introduced</titleType>
        <chamberCode />
        <parentTitleType />
        <title>Carbon Capture Improvement Act of 2017</title>
        <chamberName />
      </item>
      <item>
        <titleType>Official Title as Introduced</titleType>
        <chamberCode />
        <parentTitleType />
        <title>A bill to amend the Internal Revenue Code of 1986 to provide for the issuance of exempt facility bonds for qualified carbon dioxide capture facilities.</title>
        <chamberName />
      </item>
      <item>
        <titleType>Display Title</titleType>
        <chamberCode />
        <parentTitleType />
        <title>Carbon Capture Improvement Act of 2017</title>
        <chamberName />
      </item>
    </titles>
    <originChamber>Senate</originChamber>
    <congress>115</congress>
    <actions>
      <actionTypeCounts>
        <referredToCommittee>1</referredToCommittee>
        <introducedInSenate>1</introducedInSenate>
      </actionTypeCounts>
      <actionByCounts>
        <senate>2</senate>
      </actionByCounts>
      <item>
        <actionDate>2017-04-05</actionDate>
        <committee>
          <name>Finance Committee</name>
          <systemCode>ssfi00</systemCode>
        </committee>
        <links />
        <sourceSystem>
          <name>Senate</name>
          <code>0</code>
        </sourceSystem>
        <text>Read twice and referred to the Committee on Finance.</text>
        <type>IntroReferral</type>
      </item>
      <item>
        <text>Introduced in Senate</text>
        <actionDate>2017-04-05</actionDate>
        <sourceSystem>
          <name>Library of Congress</name>
          <code>9</code>
        </sourceSystem>
        <type>IntroReferral</type>
        <actionCode>10000</actionCode>
        <committee />
        <links />
      </item>
    </actions>
    <subjects>
      <billSubjects>
        <legislativeSubjects>
          <item>
            <name>Air quality</name>
          </item>
          <item>
            <name>Climate change and greenhouse gases</name>
          </item>
          <item>
            <name>Income tax exclusion</name>
          </item>
          <item>
            <name>Industrial facilities</name>
          </item>
          <item>
            <name>Manufacturing</name>
          </item>
          <item>
            <name>Oil and gas</name>
          </item>
          <item>
            <name>Securities</name>
          </item>
        </legislativeSubjects>
        <policyArea>
          <name>Taxation</name>
        </policyArea>
      </billSubjects>
    </subjects>
    <laws />
    <createDate>2017-04-06T02:11:54Z</createDate>
    <title>Carbon Capture Improvement Act of 2017</title>
    <committeeReports />
    <billType>S</billType>
    <introducedDate>2017-04-05</introducedDate>
    <updateDate>2018-03-02T05:44:35Z</updateDate>
    <summaries>
      <billSummaries>
        <item>
          <name>Introduced in Senate</name>
          <versionCode>00</versionCode>
          <actionDate>2017-04-05</actionDate>
          <updateDate>2017-04-05T04:00:00Z</updateDate>
          <lastSummaryUpdateDate>2017-04-25T21:00:12Z</lastSummaryUpdateDate>
          <text><![CDATA[<p><b>Carbon Capture Improvement Act of 2017</b></p> <p>This bill amends the Internal Revenue Code to authorize the issuance of tax-exempt facility bonds for the financing of qualified carbon dioxide capture facilities.</p> <p>A &quot;qualified carbon dioxide capture facility&quot; is any equipment installed in an industrial carbon dioxide facility that satisfies specified capture and storage requirements and: (1) is used for the capture, treatment and purification, compression, transportation, or on-site storage of carbon dioxide produced by the industrial carbon dioxide facility; or (2) is integral or functionally related and subordinate to a gasification process that converts a product from coal, petroleum residue, biomass, or other materials which are recovered for their energy or feedstock value into a synthesis gas composed primarily of carbon dioxide and hydrogen for direct use or subsequent chemical or physical conversion.</p>]]></text>
          <actionDesc>Introduced in Senate</actionDesc>
        </item>
      </billSummaries>
    </summaries>
    <cosponsors>
      <item>
        <lastName>PORTMAN</lastName>
        <identifiers>
          <bioguideId>P000449</bioguideId>
          <lisID>924</lisID>
          <gpoId>8266</gpoId>
        </identifiers>
        <party>R</party>
        <isOriginalCosponsor>True</isOriginalCosponsor>
        <middleName />
        <fullName>Sen. Portman, Rob [R-OH]</fullName>
        <firstName>ROB</firstName>
        <sponsorshipWithdrawnDate />
        <bioguideId>P000449</bioguideId>
        <state>OH</state>
        <sponsorshipDate>2017-04-05</sponsorshipDate>
      </item>
      <item>
        <lastName>Heitkamp</lastName>
        <identifiers>
          <bioguideId>H001069</bioguideId>
          <lisID>2174</lisID>
          <gpoId />
        </identifiers>
        <party>D</party>
        <isOriginalCosponsor>False</isOriginalCosponsor>
        <middleName />
        <fullName>Sen. Heitkamp, Heidi [D-ND]</fullName>
        <firstName>Heidi</firstName>
        <sponsorshipWithdrawnDate />
        <bioguideId>H001069</bioguideId>
        <state>ND</state>
        <sponsorshipDate>2017-09-06</sponsorshipDate>
      </item>
      <item>
        <lastName>Coons</lastName>
        <identifiers>
          <lisID>1984</lisID>
          <bioguideId>C001088</bioguideId>
          <gpoId>8297</gpoId>
        </identifiers>
        <party>D</party>
        <isOriginalCosponsor>False</isOriginalCosponsor>
        <middleName>A.</middleName>
        <fullName>Sen. Coons, Christopher A. [D-DE]</fullName>
        <firstName>Christopher</firstName>
        <sponsorshipWithdrawnDate />
        <bioguideId>C001088</bioguideId>
        <state>DE</state>
        <sponsorshipDate>2017-10-18</sponsorshipDate>
      </item>
    </cosponsors>
    <billNumber>843</billNumber>
    <recordedVotes />
    <version>1.0.0</version>
    <calendarNumbers />
    <cboCostEstimates />
    <amendments />
    <latestAction>
      <actionDate>2017-04-05</actionDate>
      <links />
      <text>Read twice and referred to the Committee on Finance.</text>
    </latestAction>
  </bill>
  <dublinCore xmlns:dc="http://purl.org/dc/elements/1.1/">
    <dc:format>text/xml</dc:format>
    <dc:language>EN</dc:language>
    <dc:rights>Pursuant to Title 17 Section 105 of the United States Code, this file is not subject to copyright protection and is in the public domain.</dc:rights>
    <dc:contributor>Congressional Research Service, Library of Congress</dc:contributor>
    <dc:description>This file contains bill summaries and statuses for federal legislation. A bill summary describes the most significant provisions of a piece of legislation and details the effects the legislative text may have on current law and federal programs. Bill summaries are authored by the Congressional Research Service (CRS) of the Library of Congress. As stated in Public Law 91-510 (2 USC 166 (d)(6)), one of the duties of CRS is "to prepare summaries and digests of bills and resolutions of a public general nature introduced in the Senate or House of Representatives". For more information, refer to the User Guide that accompanies this file.</dc:description>
  </dublinCore>
</billStatus>

