<?xml version="1.0" encoding="UTF-8"?>
<billStatus>
  <bill>
    <cosponsors>
      <item>
        <fullName>Sen. Donnelly, Joe [D-IN]</fullName>
        <lastName>Donnelly</lastName>
        <bioguideId>D000607</bioguideId>
        <isOriginalCosponsor>True</isOriginalCosponsor>
        <middleName />
        <state>IN</state>
        <firstName>Joe</firstName>
        <sponsorshipDate>2017-02-03</sponsorshipDate>
        <sponsorshipWithdrawnDate />
        <party>D</party>
        <identifiers>
          <lisID>1850</lisID>
          <bioguideId>D000607</bioguideId>
          <gpoId>7941</gpoId>
        </identifiers>
      </item>
    </cosponsors>
    <congress>115</congress>
    <committees>
      <billCommittees>
        <item>
          <chamber>House</chamber>
          <subcommittees>
            <item>
              <systemCode>hsju10</systemCode>
              <activities>
                <item>
                  <name>Referred to</name>
                  <date>2017-02-14T20:10:19Z</date>
                </item>
              </activities>
              <name>Constitution and Civil Justice Subcommittee</name>
            </item>
          </subcommittees>
          <systemCode>hsju00</systemCode>
          <name>Judiciary Committee</name>
          <activities>
            <item>
              <name>Discharged from</name>
              <date>2017-03-21T18:41:10Z</date>
            </item>
            <item>
              <name>Markup by</name>
              <date>2017-03-16T15:31:33Z</date>
            </item>
            <item>
              <name>Referred to</name>
              <date>2017-02-06T21:38:51Z</date>
            </item>
          </activities>
          <type>Standing</type>
        </item>
      </billCommittees>
    </committees>
    <laws>
      <item>
        <number>115-15</number>
        <type>Public Law</type>
      </item>
    </laws>
    <titles>
      <item>
        <chamberCode>S</chamberCode>
        <chamberName>Senate</chamberName>
        <parentTitleType />
        <titleType>(Extracted from GPO) Short Titles as Passed Senate</titleType>
        <title>Vietnam War Veterans Recognition Act of 2017</title>
      </item>
      <item>
        <chamberCode>S</chamberCode>
        <chamberName>Senate</chamberName>
        <parentTitleType>Short Titles Senate</parentTitleType>
        <titleType>Short Titles as Passed Senate</titleType>
        <title>Vietnam War Veterans Recognition Act of 2017</title>
      </item>
      <item>
        <chamberCode />
        <chamberName />
        <parentTitleType />
        <titleType>Short Titles as Introduced</titleType>
        <title>Vietnam War Veterans Recognition Act of 2017</title>
      </item>
      <item>
        <chamberCode />
        <chamberName />
        <parentTitleType />
        <titleType>Official Title as Introduced</titleType>
        <title>A bill to amend title 4, United States Code, to encourage the display of the flag of the United States on National Vietnam War Veterans Day.</title>
      </item>
      <item>
        <chamberCode />
        <chamberName />
        <parentTitleType />
        <titleType>Display Title</titleType>
        <title>Vietnam War Veterans Recognition Act of 2017</title>
      </item>
    </titles>
    <billType>S</billType>
    <amendments />
    <recordedVotes />
    <actions>
      <actionTypeCounts>
        <committeeDischarged>1</committeeDischarged>
        <passedAgreedToInSenate>1</passedAgreedToInSenate>
        <becamePublicLaw>2</becamePublicLaw>
        <placeholderTextForH>2</placeholderTextForH>
        <actionStageOverride>1</actionStageOverride>
        <sentToHouse>1</sentToHouse>
        <introducedInSenate>1</introducedInSenate>
        <houseCommitteeDischarged>1</houseCommitteeDischarged>
        <passedOrAgreedToInSenateDayOf>1</passedOrAgreedToInSenateDayOf>
        <billReferrals>1</billReferrals>
        <placeholderTextForE>3</placeholderTextForE>
        <motionToReconsiderResults>1</motionToReconsiderResults>
        <considerationByHouse>1</considerationByHouse>
        <presentedToPresident>1</presentedToPresident>
        <passedAgreedToInHouse>1</passedAgreedToInHouse>
        <passageOfAMeasure>1</passageOfAMeasure>
        <receivedInTheHouse>1</receivedInTheHouse>
        <unanimousConsentRequestToConsider>1</unanimousConsentRequestToConsider>
      </actionTypeCounts>
      <item>
        <type>President</type>
        <links>
          <link>
            <name>Public Law No: 115-15</name>
            <url>https://www.congress.gov/bill/115th-congress/senate-bill/305/text/pl</url>
          </link>
        </links>
        <text>Became Public Law No: 115-15.</text>
        <committee />
        <actionDate>2017-03-28</actionDate>
        <sourceSystem>
          <name>House floor actions</name>
          <code>2</code>
        </sourceSystem>
        <actionCode>E40000</actionCode>
      </item>
      <item>
        <type>BecameLaw</type>
        <links>
          <link>
            <name>Public Law No: 115-15</name>
            <url>https://www.congress.gov/bill/115th-congress/senate-bill/305/text/pl</url>
          </link>
        </links>
        <text>Became Public Law No: 115-15.</text>
        <committee />
        <actionDate>2017-03-28</actionDate>
        <sourceSystem>
          <name>Library of Congress</name>
          <code>9</code>
        </sourceSystem>
        <actionCode>36000</actionCode>
      </item>
      <item>
        <type>President</type>
        <links />
        <text>Signed by President.</text>
        <committee />
        <actionDate>2017-03-28</actionDate>
        <sourceSystem>
          <name>House floor actions</name>
          <code>2</code>
        </sourceSystem>
        <actionCode>E30000</actionCode>
      </item>
      <item>
        <type>BecameLaw</type>
        <links />
        <text>Signed by President.</text>
        <committee />
        <actionDate>2017-03-28</actionDate>
        <sourceSystem>
          <name>Library of Congress</name>
          <code>9</code>
        </sourceSystem>
        <actionCode>36000</actionCode>
      </item>
      <item>
        <type>Floor</type>
        <links />
        <text>Presented to President.</text>
        <committee />
        <actionDate>2017-03-23</actionDate>
        <sourceSystem>
          <name>House floor actions</name>
          <code>2</code>
        </sourceSystem>
        <actionCode>E20000</actionCode>
      </item>
      <item>
        <type>President</type>
        <links />
        <text>Presented to President.</text>
        <committee />
        <actionDate>2017-03-23</actionDate>
        <sourceSystem>
          <name>Library of Congress</name>
          <code>9</code>
        </sourceSystem>
        <actionCode>28000</actionCode>
      </item>
      <item>
        <actionTime>14:41:30</actionTime>
        <links />
        <text>Motion to reconsider laid on the table Agreed to without objection.</text>
        <committee />
        <actionDate>2017-03-21</actionDate>
        <sourceSystem>
          <name>House floor actions</name>
          <code>2</code>
        </sourceSystem>
        <actionCode>H38310</actionCode>
        <type>Floor</type>
      </item>
      <item>
        <actionTime>14:41:25</actionTime>
        <links>
          <link>
            <name>H2267</name>
            <url>https://www.congress.gov/congressional-record/volume-163/house-section/page/H2267</url>
          </link>
        </links>
        <text>On passage Passed by voice vote. (text of measure as passed: CR H2267)</text>
        <committee />
        <actionDate>2017-03-21</actionDate>
        <sourceSystem>
          <name>House floor actions</name>
          <code>2</code>
        </sourceSystem>
        <actionCode>H37100</actionCode>
        <type>Floor</type>
      </item>
      <item>
        <actionTime>14:41:25</actionTime>
        <links>
          <link>
            <name>H2267</name>
            <url>https://www.congress.gov/congressional-record/volume-163/house-section/page/H2267</url>
          </link>
        </links>
        <text>Passed/agreed to in House: On passage Passed by voice vote.(text of measure as passed: CR H2267)</text>
        <committee />
        <actionDate>2017-03-21</actionDate>
        <sourceSystem>
          <name>Library of Congress</name>
          <code>9</code>
        </sourceSystem>
        <actionCode>8000</actionCode>
        <type>Floor</type>
      </item>
      <item>
        <actionTime>14:41:22</actionTime>
        <links>
          <link>
            <name>H2267</name>
            <url>https://www.congress.gov/congressional-record/volume-163/house-section/page/H2267</url>
          </link>
        </links>
        <text>Considered by unanimous consent. (consideration: CR H2267)</text>
        <committee />
        <actionDate>2017-03-21</actionDate>
        <sourceSystem>
          <name>House floor actions</name>
          <code>2</code>
        </sourceSystem>
        <actionCode>H30000</actionCode>
        <type>Floor</type>
      </item>
      <item>
        <type>Discharge</type>
        <links />
        <text>Committee on the Judiciary discharged.</text>
        <committee>
          <systemCode>hsju00</systemCode>
          <name>Judiciary Committee</name>
        </committee>
        <actionDate>2017-03-21</actionDate>
        <sourceSystem>
          <name>House floor actions</name>
          <code>2</code>
        </sourceSystem>
        <actionCode>H12300</actionCode>
      </item>
      <item>
        <type>Committee</type>
        <links />
        <text>Committee on the Judiciary discharged.</text>
        <committee>
          <systemCode>hsju00</systemCode>
          <name>Judiciary Committee</name>
        </committee>
        <actionDate>2017-03-21</actionDate>
        <sourceSystem>
          <name>Library of Congress</name>
          <code>9</code>
        </sourceSystem>
        <actionCode>5500</actionCode>
      </item>
      <item>
        <actionTime>14:41:03</actionTime>
        <links />
        <text>Mr. Goodlatte asked unanimous consent to discharge from committee and consider.</text>
        <committee />
        <actionDate>2017-03-21</actionDate>
        <sourceSystem>
          <name>House floor actions</name>
          <code>2</code>
        </sourceSystem>
        <actionCode>H30200</actionCode>
        <type>Floor</type>
      </item>
      <item>
        <actionDate>2017-03-16</actionDate>
        <committee>
          <systemCode>hsju00</systemCode>
          <name>Judiciary Committee</name>
        </committee>
        <links />
        <sourceSystem>
          <name>House committee actions</name>
          <code>1</code>
        </sourceSystem>
        <text>Ordered to be Reported.</text>
        <type>Committee</type>
      </item>
      <item>
        <actionDate>2017-03-16</actionDate>
        <committee>
          <systemCode>hsju00</systemCode>
          <name>Judiciary Committee</name>
        </committee>
        <links />
        <sourceSystem>
          <name>House committee actions</name>
          <code>1</code>
        </sourceSystem>
        <text>Committee Consideration and Mark-up Session Held.</text>
        <type>Committee</type>
      </item>
      <item>
        <actionDate>2017-02-14</actionDate>
        <committee>
          <systemCode>hsju10</systemCode>
          <name>Constitution and Civil Justice Subcommittee</name>
        </committee>
        <links />
        <sourceSystem>
          <name>House committee actions</name>
          <code>1</code>
        </sourceSystem>
        <text>Referred to the Subcommittee on the Constitution and Civil Justice.</text>
        <type>Committee</type>
      </item>
      <item>
        <type>IntroReferral</type>
        <links />
        <text>Referred to the House Committee on the Judiciary.</text>
        <committee>
          <systemCode>hsju00</systemCode>
          <name>Judiciary Committee</name>
        </committee>
        <actionDate>2017-02-06</actionDate>
        <sourceSystem>
          <name>House floor actions</name>
          <code>2</code>
        </sourceSystem>
        <actionCode>H11100</actionCode>
      </item>
      <item>
        <actionTime>14:05:54</actionTime>
        <links />
        <text>Received in the House.</text>
        <committee />
        <actionDate>2017-02-06</actionDate>
        <sourceSystem>
          <name>House floor actions</name>
          <code>2</code>
        </sourceSystem>
        <actionCode>H14000</actionCode>
        <type>Floor</type>
      </item>
      <item>
        <actionDate>2017-02-03</actionDate>
        <committee />
        <links />
        <sourceSystem>
          <name>Senate</name>
          <code>0</code>
        </sourceSystem>
        <text>Message on Senate action sent to the House.</text>
        <type>Floor</type>
      </item>
      <item>
        <actionDate>2017-02-03</actionDate>
        <committee />
        <links>
          <link>
            <name>S683</name>
            <url>https://www.congress.gov/congressional-record/volume-163/senate-section/page/S683</url>
          </link>
        </links>
        <sourceSystem>
          <name>Senate</name>
          <code>0</code>
        </sourceSystem>
        <text>Introduced in the Senate, read twice, considered, read the third time, and passed without amendment by Unanimous Consent. (consideration: CR S683; text as passed Senate: CR S683)</text>
        <type>Floor</type>
      </item>
      <item>
        <type>Floor</type>
        <links>
          <link>
            <name>S683</name>
            <url>https://www.congress.gov/congressional-record/volume-163/senate-section/page/S683</url>
          </link>
        </links>
        <text>Passed/agreed to in Senate: Introduced in the Senate, read twice, considered, read the third time, and passed without amendment by Unanimous Consent.(consideration: CR S683; text as passed Senate: CR S683)</text>
        <committee />
        <actionDate>2017-02-03</actionDate>
        <sourceSystem>
          <name>Library of Congress</name>
          <code>9</code>
        </sourceSystem>
        <actionCode>17000</actionCode>
      </item>
      <item>
        <type>IntroReferral</type>
        <links />
        <text>Introduced in Senate</text>
        <committee />
        <actionDate>2017-02-03</actionDate>
        <sourceSystem>
          <name>Library of Congress</name>
          <code>9</code>
        </sourceSystem>
        <actionCode>10000</actionCode>
      </item>
      <actionByCounts>
        <senate>4</senate>
        <houseOfRepresentatives>12</houseOfRepresentatives>
      </actionByCounts>
    </actions>
    <introducedDate>2017-02-03</introducedDate>
    <relatedBills />
    <committeeReports />
    <calendarNumbers />
    <billNumber>305</billNumber>
    <summaries>
      <billSummaries>
        <item>
          <versionCode>00</versionCode>
          <text><![CDATA[<p><strong>Vietnam War Veterans Recognition Act</strong> <strong>of 2017</strong></p> <p>This bill includes National Vietnam War Veterans Day, March 29, among those days on which the flag should especially be displayed.</p>]]></text>
          <actionDesc>Introduced in Senate</actionDesc>
          <actionDate>2017-02-03</actionDate>
          <lastSummaryUpdateDate>2017-03-01T21:15:01Z</lastSummaryUpdateDate>
          <name>Introduced in Senate</name>
          <updateDate>2017-02-03T05:00:00Z</updateDate>
        </item>
        <item>
          <versionCode>82</versionCode>
          <text><![CDATA[<p>(This measure has not been amended since it was introduced. The summary has been expanded because action occurred on the measure.)</p> <p><strong>Vietnam War Veterans Recognition Act</strong> <strong>of 2017</strong></p> <p>(Sec. 2) This bill includes National Vietnam War Veterans Day, March 29, among those days on which the flag should especially be displayed.</p>]]></text>
          <actionDesc>Passed Senate without amendment</actionDesc>
          <actionDate>2017-02-03</actionDate>
          <lastSummaryUpdateDate>2017-03-16T19:34:09Z</lastSummaryUpdateDate>
          <name>Passed Senate without amendment</name>
          <updateDate>2017-02-03T15:13:58Z</updateDate>
        </item>
        <item>
          <versionCode>81</versionCode>
          <text><![CDATA[<p>(This measure has not been amended since it was introduced. The expanded summary of the Senate passed version is repeated here.)</p> <p><strong>Vietnam War Veterans Recognition Act</strong> <strong>of 2017</strong></p> <p>(Sec. 2) This bill includes National Vietnam War Veterans Day, March 29, among those days on which the flag should especially be displayed.</p>]]></text>
          <actionDesc>Passed House without amendment</actionDesc>
          <actionDate>2017-03-21</actionDate>
          <lastSummaryUpdateDate>2017-03-25T16:29:28Z</lastSummaryUpdateDate>
          <name>Passed House without amendment</name>
          <updateDate>2017-03-21T19:22:10Z</updateDate>
        </item>
        <item>
          <versionCode>49</versionCode>
          <text><![CDATA[<p>(This measure has not been amended since it was introduced. The expanded summary of the Senate passed version is repeated here.)</p> <p><strong>Vietnam War Veterans Recognition Act</strong> <strong>of 2017</strong></p> <p>(Sec. 2) This bill includes National Vietnam War Veterans Day, March 29, among those days on which the flag should especially be displayed.</p>]]></text>
          <actionDesc>Public Law</actionDesc>
          <actionDate>2017-03-28</actionDate>
          <lastSummaryUpdateDate>2017-04-08T14:45:24Z</lastSummaryUpdateDate>
          <name>Public Law</name>
          <updateDate>2017-03-29T03:59:58Z</updateDate>
        </item>
      </billSummaries>
    </summaries>
    <cboCostEstimates />
    <updateDate>2018-02-06T16:44:41Z</updateDate>
    <policyArea>
      <name>Armed Forces and National Security</name>
    </policyArea>
    <latestAction>
      <text>Became Public Law No: 115-15.</text>
      <actionDate>2017-03-28</actionDate>
      <links>
        <link>
          <name>Public Law No: 115-15</name>
          <url>https://www.congress.gov/bill/115th-congress/senate-bill/305/text/pl</url>
        </link>
      </links>
    </latestAction>
    <subjects>
      <billSubjects>
        <policyArea>
          <name>Armed Forces and National Security</name>
        </policyArea>
        <legislativeSubjects>
          <item>
            <name>Asia</name>
          </item>
          <item>
            <name>Commemorative events and holidays</name>
          </item>
          <item>
            <name>Conflicts and wars</name>
          </item>
          <item>
            <name>National symbols</name>
          </item>
          <item>
            <name>Veterans' organizations and recognition</name>
          </item>
          <item>
            <name>Vietnam</name>
          </item>
        </legislativeSubjects>
      </billSubjects>
    </subjects>
    <title>Vietnam War Veterans Recognition Act of 2017</title>
    <version>1.0.0</version>
    <sponsors>
      <item>
        <byRequestType />
        <party>R</party>
        <fullName>Sen. Toomey, Pat [R-PA]</fullName>
        <bioguideId>T000461</bioguideId>
        <state>PA</state>
        <lastName>Toomey</lastName>
        <middleName />
        <firstName>Pat</firstName>
        <identifiers>
          <bioguideId>T000461</bioguideId>
          <lisID>1594</lisID>
          <gpoId />
        </identifiers>
      </item>
    </sponsors>
    <notes />
    <createDate>2017-02-04T05:07:09Z</createDate>
    <originChamber>Senate</originChamber>
  </bill>
  <dublinCore xmlns:dc="http://purl.org/dc/elements/1.1/">
    <dc:format>text/xml</dc:format>
    <dc:language>EN</dc:language>
    <dc:rights>Pursuant to Title 17 Section 105 of the United States Code, this file is not subject to copyright protection and is in the public domain.</dc:rights>
    <dc:contributor>Congressional Research Service, Library of Congress</dc:contributor>
    <dc:description>This file contains bill summaries and statuses for federal legislation. A bill summary describes the most significant provisions of a piece of legislation and details the effects the legislative text may have on current law and federal programs. Bill summaries are authored by the Congressional Research Service (CRS) of the Library of Congress. As stated in Public Law 91-510 (2 USC 166 (d)(6)), one of the duties of CRS is "to prepare summaries and digests of bills and resolutions of a public general nature introduced in the Senate or House of Representatives". For more information, refer to the User Guide that accompanies this file.</dc:description>
  </dublinCore>
</billStatus>

