<?xml version="1.0" encoding="UTF-8"?>
<billStatus>
  <bill>
    <actions>
      <actionByCounts>
        <houseOfRepresentatives>2</houseOfRepresentatives>
        <senate>10</senate>
      </actionByCounts>
      <item>
        <actionDate>2017-11-30</actionDate>
        <text>Referred to the House Committee on Education and the Workforce.</text>
        <sourceSystem>
          <code>2</code>
          <name>House floor actions</name>
        </sourceSystem>
        <committee>
          <systemCode>hsed00</systemCode>
          <name>Education and the Workforce Committee</name>
        </committee>
        <type>IntroReferral</type>
        <actionCode>H11100</actionCode>
        <links />
      </item>
      <item>
        <actionDate>2017-11-30</actionDate>
        <committee />
        <links />
        <sourceSystem>
          <code>0</code>
          <name>Senate</name>
        </sourceSystem>
        <text>Message on Senate action sent to the House.</text>
        <type>Floor</type>
      </item>
      <item>
        <actionDate>2017-11-30</actionDate>
        <text>Received in the House.</text>
        <actionTime>14:55:37</actionTime>
        <sourceSystem>
          <code>2</code>
          <name>House floor actions</name>
        </sourceSystem>
        <committee />
        <links />
        <actionCode>H14000</actionCode>
        <type>Floor</type>
      </item>
      <item>
        <actionDate>2017-11-29</actionDate>
        <committee />
        <links>
          <link>
            <url>https://www.congress.gov/congressional-record/volume-163/senate-section/page/S7490</url>
            <name>S7490</name>
          </link>
        </links>
        <sourceSystem>
          <code>0</code>
          <name>Senate</name>
        </sourceSystem>
        <text>Passed Senate with an amendment by Unanimous Consent. (text: CR S7490)</text>
        <type>Floor</type>
      </item>
      <item>
        <actionDate>2017-11-29</actionDate>
        <text>Passed/agreed to in Senate: Passed Senate with an amendment by Unanimous Consent.</text>
        <sourceSystem>
          <code>9</code>
          <name>Library of Congress</name>
        </sourceSystem>
        <committee />
        <type>Floor</type>
        <actionCode>17000</actionCode>
        <links />
      </item>
      <item>
        <actionDate>2017-11-29</actionDate>
        <committee />
        <links>
          <link>
            <url>https://www.congress.gov/congressional-record/volume-163/senate-section/page/S7490</url>
            <name>S7490</name>
          </link>
        </links>
        <sourceSystem>
          <code>0</code>
          <name>Senate</name>
        </sourceSystem>
        <text>Measure laid before Senate by unanimous consent. (consideration: CR S7490)</text>
        <type>Floor</type>
      </item>
      <item>
        <actionDate>2017-04-04</actionDate>
        <committee />
        <links />
        <sourceSystem>
          <code>0</code>
          <name>Senate</name>
        </sourceSystem>
        <text>Placed on Senate Legislative Calendar under General Orders. Calendar No. 30.</text>
        <type>Calendars</type>
      </item>
      <item>
        <actionDate>2017-04-04</actionDate>
        <committee>
          <systemCode>slia00</systemCode>
          <name>Indian Affairs Committee</name>
        </committee>
        <links>
          <link>
            <url>https://www.congress.gov/congressional-report/115th-congress/senate-report/23</url>
            <name>report No. 115-23</name>
          </link>
        </links>
        <sourceSystem>
          <code>0</code>
          <name>Senate</name>
        </sourceSystem>
        <text>Committee on Indian Affairs. Reported by Senator Hoeven without amendment. With written report No. 115-23.</text>
        <type>Committee</type>
      </item>
      <item>
        <actionDate>2017-04-04</actionDate>
        <text>Committee on Indian Affairs. Reported by Senator Hoeven without amendment. With written report No. 115-23.</text>
        <sourceSystem>
          <code>9</code>
          <name>Library of Congress</name>
        </sourceSystem>
        <committee>
          <systemCode>slia00</systemCode>
          <name>Indian Affairs Committee</name>
        </committee>
        <type>Committee</type>
        <actionCode>14000</actionCode>
        <links>
          <link>
            <url>https://www.congress.gov/congressional-report/115th-congress/senate-report/23</url>
            <name>report No. 115-23</name>
          </link>
        </links>
      </item>
      <item>
        <actionDate>2017-02-08</actionDate>
        <committee>
          <systemCode>slia00</systemCode>
          <name>Indian Affairs Committee</name>
        </committee>
        <links />
        <sourceSystem>
          <code>0</code>
          <name>Senate</name>
        </sourceSystem>
        <text>Committee on Indian Affairs. Ordered to be reported favorably.</text>
        <type>Committee</type>
      </item>
      <item>
        <actionDate>2017-02-01</actionDate>
        <committee>
          <systemCode>slia00</systemCode>
          <name>Indian Affairs Committee</name>
        </committee>
        <links />
        <sourceSystem>
          <code>0</code>
          <name>Senate</name>
        </sourceSystem>
        <text>Read twice and referred to the Committee on Indian Affairs.</text>
        <type>IntroReferral</type>
      </item>
      <item>
        <actionDate>2017-02-01</actionDate>
        <text>Introduced in Senate</text>
        <sourceSystem>
          <code>9</code>
          <name>Library of Congress</name>
        </sourceSystem>
        <committee />
        <type>IntroReferral</type>
        <actionCode>10000</actionCode>
        <links />
      </item>
      <actionTypeCounts>
        <billReferrals>1</billReferrals>
        <orderedReported>1</orderedReported>
        <introducedInSenate>1</introducedInSenate>
        <receivedInTheHouse>1</receivedInTheHouse>
        <passedAgreedToInSenate>1</passedAgreedToInSenate>
        <placedOnCalendarGeneralOrders>1</placedOnCalendarGeneralOrders>
        <measureLaidBeforeSenate>1</measureLaidBeforeSenate>
        <referredToCommittee>1</referredToCommittee>
        <passedSenate>1</passedSenate>
        <sentToHouse>1</sentToHouse>
        <reportedToSenate>2</reportedToSenate>
      </actionTypeCounts>
    </actions>
    <latestAction>
      <links />
      <text>Referred to the House Committee on Education and the Workforce.</text>
      <actionDate>2017-11-30</actionDate>
    </latestAction>
    <laws />
    <cosponsors>
      <item>
        <isOriginalCosponsor>True</isOriginalCosponsor>
        <party>R</party>
        <middleName />
        <sponsorshipDate>2017-02-01</sponsorshipDate>
        <lastName>Murkowski</lastName>
        <bioguideId>M001153</bioguideId>
        <fullName>Sen. Murkowski, Lisa [R-AK]</fullName>
        <sponsorshipWithdrawnDate />
        <firstName>Lisa</firstName>
        <identifiers>
          <bioguideId>M001153</bioguideId>
          <gpoId>8234</gpoId>
          <lisID>1694</lisID>
        </identifiers>
        <state>AK</state>
      </item>
      <item>
        <isOriginalCosponsor>True</isOriginalCosponsor>
        <party>D</party>
        <middleName />
        <sponsorshipDate>2017-02-01</sponsorshipDate>
        <lastName>Heitkamp</lastName>
        <bioguideId>H001069</bioguideId>
        <fullName>Sen. Heitkamp, Heidi [D-ND]</fullName>
        <sponsorshipWithdrawnDate />
        <firstName>Heidi</firstName>
        <identifiers>
          <bioguideId>H001069</bioguideId>
          <lisID>2174</lisID>
          <gpoId />
        </identifiers>
        <state>ND</state>
      </item>
      <item>
        <isOriginalCosponsor>True</isOriginalCosponsor>
        <party>D</party>
        <middleName />
        <sponsorshipDate>2017-02-01</sponsorshipDate>
        <lastName>Tester</lastName>
        <bioguideId>T000464</bioguideId>
        <fullName>Sen. Tester, Jon [D-MT]</fullName>
        <sponsorshipWithdrawnDate />
        <firstName>Jon</firstName>
        <identifiers>
          <bioguideId>T000464</bioguideId>
          <lisID>1829</lisID>
          <gpoId>8258</gpoId>
        </identifiers>
        <state>MT</state>
      </item>
      <item>
        <isOriginalCosponsor>True</isOriginalCosponsor>
        <party>D</party>
        <middleName />
        <sponsorshipDate>2017-02-01</sponsorshipDate>
        <lastName>Franken</lastName>
        <bioguideId>F000457</bioguideId>
        <fullName>Sen. Franken, Al [D-MN]</fullName>
        <sponsorshipWithdrawnDate />
        <firstName>Al</firstName>
        <identifiers>
          <bioguideId>F000457</bioguideId>
          <gpoId>8339</gpoId>
          <lisID>1969</lisID>
        </identifiers>
        <state>MN</state>
      </item>
      <item>
        <isOriginalCosponsor>True</isOriginalCosponsor>
        <party>D</party>
        <middleName />
        <sponsorshipDate>2017-02-01</sponsorshipDate>
        <lastName>Heinrich</lastName>
        <bioguideId>H001046</bioguideId>
        <fullName>Sen. Heinrich, Martin [D-NM]</fullName>
        <sponsorshipWithdrawnDate />
        <firstName>Martin</firstName>
        <identifiers>
          <bioguideId>H001046</bioguideId>
          <lisID>1937</lisID>
          <gpoId>8056</gpoId>
        </identifiers>
        <state>NM</state>
      </item>
      <item>
        <isOriginalCosponsor>True</isOriginalCosponsor>
        <party>D</party>
        <middleName />
        <sponsorshipDate>2017-02-01</sponsorshipDate>
        <lastName>Schatz</lastName>
        <bioguideId>S001194</bioguideId>
        <fullName>Sen. Schatz, Brian [D-HI]</fullName>
        <sponsorshipWithdrawnDate />
        <firstName>Brian</firstName>
        <identifiers>
          <bioguideId>S001194</bioguideId>
          <lisID>2173</lisID>
          <gpoId />
        </identifiers>
        <state>HI</state>
      </item>
      <item>
        <isOriginalCosponsor>False</isOriginalCosponsor>
        <party>D</party>
        <middleName />
        <sponsorshipDate>2017-03-01</sponsorshipDate>
        <lastName>Van Hollen</lastName>
        <bioguideId>V000128</bioguideId>
        <fullName>Sen. Van Hollen, Chris [D-MD]</fullName>
        <sponsorshipWithdrawnDate />
        <firstName>Chris</firstName>
        <identifiers>
          <gpoId>7983</gpoId>
          <bioguideId>V000128</bioguideId>
          <lisID>1729</lisID>
        </identifiers>
        <state>MD</state>
      </item>
    </cosponsors>
    <title>Esther Martinez Native American Languages Preservation Act</title>
    <committees>
      <billCommittees>
        <item>
          <chamber>House</chamber>
          <name>Education and the Workforce Committee</name>
          <activities>
            <item>
              <date>2017-11-30T22:26:24Z</date>
              <name>Referred to</name>
            </item>
          </activities>
          <type>Standing</type>
          <subcommittees />
          <systemCode>hsed00</systemCode>
        </item>
        <item>
          <chamber>Senate</chamber>
          <name>Indian Affairs Committee</name>
          <activities>
            <item>
              <date>2017-04-04T21:35:23Z</date>
              <name>Reported by</name>
            </item>
            <item>
              <date>2017-02-01T21:29:35Z</date>
              <name>Referred to</name>
            </item>
          </activities>
          <type>Other</type>
          <subcommittees />
          <systemCode>slia00</systemCode>
        </item>
      </billCommittees>
    </committees>
    <notes />
    <committeeReports>
      <committeeReport>
        <citation>S. Rept. 115-23</citation>
      </committeeReport>
    </committeeReports>
    <calendarNumbers>
      <item>
        <calendar>Senate Calendar of Business</calendar>
        <number>0030</number>
      </item>
    </calendarNumbers>
    <policyArea>
      <name>Native Americans</name>
    </policyArea>
    <summaries>
      <billSummaries>
        <item>
          <versionCode>00</versionCode>
          <text><![CDATA[<p><b>Esther Martinez Native American Languages Preservation Act</b></p> <p> This bill amends the Native American Programs Act of 1974 to reauthorize through FY2022 and revise a grant program administered by the Administration for Native Americans at the Department of Health and Human Services to ensure the survival and continuing vitality of Native American languages.</p> <p>The minimum number of enrollees in educational programs funded by grants is reduced from 10 to 5 enrollees in Native American language nests and from 15 to 10 enrollees in the Native American language survival schools. </p> <p>The bill increases the maximum duration of grants. </p> <p>]]></text>
          <actionDesc>Introduced in Senate</actionDesc>
          <lastSummaryUpdateDate>2017-02-14T19:13:46Z</lastSummaryUpdateDate>
          <updateDate>2017-02-01T05:00:00Z</updateDate>
          <actionDate>2017-02-01</actionDate>
          <name>Introduced in Senate</name>
        </item>
        <item>
          <versionCode>80</versionCode>
          <text><![CDATA[<p>(This measure has not been amended since it was introduced. The summary has been expanded because action occurred on the measure.)</p> <p><b>Esther Martinez Native American Languages Preservation Act</b></p> <p> (Sec. 2) This bill amends the Native American Programs Act of 1974 to revise a grant program administered by the Administration for Native Americans at the Department of Health and Human Services to ensure the survival and continuing vitality of Native American languages. The minimum number of enrollees in educational programs funded by grants is reduced from 10 to 5 enrollees in Native American language nests and from 15 to 10 enrollees in the Native American language survival schools. The bill increases the maximum duration of grants.</p> <p>(Sec. 3) The program is reauthorized through FY2022.</p>]]></text>
          <actionDesc>Reported to Senate without amendment</actionDesc>
          <lastSummaryUpdateDate>2017-07-07T17:16:08Z</lastSummaryUpdateDate>
          <updateDate>2017-04-04T14:03:17Z</updateDate>
          <actionDate>2017-04-04</actionDate>
          <name>Reported to Senate without amendment</name>
        </item>
        <item>
          <versionCode>35</versionCode>
          <text><![CDATA[<p><b>Esther Martinez Native American Languages Preservation Act</b></p> <p> (Sec. 2) This bill amends the Native American Programs Act of 1974 to revise a grant program administered by the Administration for Native Americans at the Department of Health and Human Services to ensure the survival and continuing vitality of Native American languages. The minimum number of enrollees in educational programs funded by grants is reduced from 10 to 5 enrollees in Native American language nests and from 15 to 10 enrollees in the Native American language survival schools. The bill increases the maximum duration of grants.</p> <p>(Sec. 3) The program is reauthorized through FY2023.</p>]]></text>
          <actionDesc>Passed Senate amended</actionDesc>
          <lastSummaryUpdateDate>2017-12-08T16:47:10Z</lastSummaryUpdateDate>
          <updateDate>2017-11-29T15:16:59Z</updateDate>
          <actionDate>2017-11-29</actionDate>
          <name>Passed Senate amended</name>
        </item>
      </billSummaries>
    </summaries>
    <subjects>
      <billSubjects>
        <legislativeSubjects>
          <item>
            <name>Department of the Interior</name>
          </item>
          <item>
            <name>Executive agency funding and structure</name>
          </item>
          <item>
            <name>Foreign language and bilingual programs</name>
          </item>
          <item>
            <name>Indian social and development programs</name>
          </item>
        </legislativeSubjects>
        <policyArea>
          <name>Native Americans</name>
        </policyArea>
      </billSubjects>
    </subjects>
    <billNumber>254</billNumber>
    <cboCostEstimates>
      <item>
        <pubDate>2017-03-07T22:08:58Z</pubDate>
        <url>https://www.cbo.gov/publication/52484</url>
        <title>S. 254, Esther Martinez Native American Languages Preservation Act</title>
      </item>
    </cboCostEstimates>
    <introducedDate>2017-02-01</introducedDate>
    <congress>115</congress>
    <billType>S</billType>
    <sponsors>
      <item>
        <state>NM</state>
        <middleName />
        <bioguideId>U000039</bioguideId>
        <firstName>TOM</firstName>
        <byRequestType />
        <lastName>UDALL</lastName>
        <identifiers>
          <gpoId>8260</gpoId>
          <bioguideId>U000039</bioguideId>
          <lisID>1567</lisID>
        </identifiers>
        <fullName>Sen. Udall, Tom [D-NM]</fullName>
        <party>D</party>
      </item>
    </sponsors>
    <amendments>
      <amendment>
        <congress>115</congress>
        <proposedDate>2017-11-29T05:00:00Z</proposedDate>
        <amendedAmendment />
        <congress>115</congress>
        <version>1.0.0</version>
        <createDate>2017-11-30T05:31:27Z</createDate>
        <cosponsors>
          <totalCount>0</totalCount>
          <currentCount>0</currentCount>
        </cosponsors>
        <links />
        <amendments>
          <count>0</count>
        </amendments>
        <titles />
        <amendedBill>
          <congress>115</congress>
          <type>S</type>
          <title>Esther Martinez Native American Languages Preservation Act</title>
          <originChamberCode>S</originChamberCode>
          <originChamber>Senate</originChamber>
          <number>254</number>
        </amendedBill>
        <submittedDate>2017-11-29T05:00:00Z</submittedDate>
        <chamber>Senate</chamber>
        <notes />
        <type>SAMDT</type>
        <description />
        <sponsors>
          <item>
            <lastName>Hoeven</lastName>
            <identifiers>
              <bioguideId>H001061</bioguideId>
              <lisID>2079</lisID>
              <gpoId>8331</gpoId>
            </identifiers>
            <middleName />
            <bioguideId>H001061</bioguideId>
            <firstName>John</firstName>
            <state>ND</state>
            <fullName>Sen. Hoeven, John [R-ND]</fullName>
            <party>R</party>
          </item>
        </sponsors>
        <purpose>To amend the authorization of appropriations for the Native American languages grant program under section 803C of the Native American Programs Act of 1974.</purpose>
        <actions>
          <actionByCounts>
            <senate>5</senate>
          </actionByCounts>
          <actions>
            <item>
              <actionDate>2017-11-29</actionDate>
              <committee />
              <links>
                <link>
                  <url>https://www.congress.gov/amendment/115th-congress/senate-amendment/1637</url>
                  <name>S.Amdt.1637</name>
                </link>
                <link>
                  <url>https://www.congress.gov/amendment/115th-congress/senate-amendment/1637</url>
                  <name>SA 1637</name>
                </link>
              </links>
              <sourceSystem>
                <name>Senate</name>
                <code>0</code>
              </sourceSystem>
              <text>Amendment SA 1637 agreed to in Senate by Unanimous Consent.</text>
              <type>Floor</type>
            </item>
            <item>
              <actionDate>2017-11-29</actionDate>
              <committee />
              <links>
                <link>
                  <url>https://www.congress.gov/amendment/115th-congress/senate-amendment/1637</url>
                  <name>S.Amdt.1637</name>
                </link>
                <link>
                  <url>https://www.congress.gov/congressional-record/volume-163/senate-section/page/S7470</url>
                  <name>S7470</name>
                </link>
                <link>
                  <url>https://www.congress.gov/congressional-record/volume-163/senate-section/page/S7490</url>
                  <name>S7490</name>
                </link>
                <link>
                  <url>https://www.congress.gov/amendment/115th-congress/senate-amendment/1637</url>
                  <name>SA 1637</name>
                </link>
              </links>
              <sourceSystem>
                <name>Senate</name>
                <code>0</code>
              </sourceSystem>
              <text>Amendment SA 1637 proposed by Senator McConnell for Senator Hoeven. (consideration: CR S7470; text: CR S7490) To amend the authorization of appropriations for the Native American languages grant program under section 803C of the Native American Programs Act of 1974.</text>
              <type>Floor</type>
            </item>
            <item>
              <actionDate>2017-11-29</actionDate>
              <committee />
              <links />
              <text />
            </item>
            <item>
              <actionDate>2017-11-29</actionDate>
              <text>Senate amendment proposed (on the floor): Amendment SA 1637 proposed by Senator McConnell for Senator Hoeven.</text>
              <links>
                <link>
                  <url>https://www.congress.gov/amendment/115th-congress/senate-amendment/1637</url>
                  <name>S.Amdt.1637</name>
                </link>
                <link>
                  <url>https://www.congress.gov/congressional-record/volume-163/senate-section/page/S7470</url>
                  <name>S7470</name>
                </link>
                <link>
                  <url>https://www.congress.gov/congressional-record/volume-163/senate-section/page/S7490</url>
                  <name>S7490</name>
                </link>
                <link>
                  <url>https://www.congress.gov/amendment/115th-congress/senate-amendment/1637</url>
                  <name>SA 1637</name>
                </link>
              </links>
              <actionCode>93000</actionCode>
              <type>Floor</type>
              <committee />
              <sourceSystem>
                <name>Library of Congress</name>
                <code>9</code>
              </sourceSystem>
            </item>
            <item>
              <actionDate>2017-11-29</actionDate>
              <text>Senate amendment agreed to: Amendment SA 1637 agreed to in Senate by Unanimous Consent.</text>
              <links>
                <link>
                  <url>https://www.congress.gov/amendment/115th-congress/senate-amendment/1637</url>
                  <name>S.Amdt.1637</name>
                </link>
                <link>
                  <url>https://www.congress.gov/amendment/115th-congress/senate-amendment/1637</url>
                  <name>SA 1637</name>
                </link>
              </links>
              <actionCode>94000</actionCode>
              <type>Floor</type>
              <committee />
              <sourceSystem>
                <name>Library of Congress</name>
                <code>9</code>
              </sourceSystem>
            </item>
            <item>
              <actionDate>2017-11-29</actionDate>
              <text>Senate amendment submitted</text>
              <links />
              <actionCode>91000</actionCode>
              <type>Floor</type>
              <committee />
              <sourceSystem>
                <name>Library of Congress</name>
                <code>9</code>
              </sourceSystem>
            </item>
          </actions>
          <actionTypeCounts>
            <senateAmendmentProposedOnTheFloor>1</senateAmendmentProposedOnTheFloor>
            <amendmentAgreedTo>1</amendmentAgreedTo>
            <senateAmendmentAgreedTo>1</senateAmendmentAgreedTo>
            <senateAmendmentSubmitted>1</senateAmendmentSubmitted>
            <amendmentProposed>1</amendmentProposed>
          </actionTypeCounts>
          <count>6</count>
        </actions>
        <updateDate>2018-02-22T15:28:42Z</updateDate>
        <number>1637</number>
        <description />
        <type>SAMDT</type>
        <latestAction>
          <actionDate>2017-11-29</actionDate>
          <text>Amendment SA 1637 agreed to in Senate by Unanimous Consent.</text>
        </latestAction>
        <purpose>To amend the authorization of appropriations for the Native American languages grant program under section 803C of the Native American Programs Act of 1974.</purpose>
        <number>1637</number>
      </amendment>
    </amendments>
    <version>1.0.0</version>
    <relatedBills>
      <item>
        <number>1169</number>
        <relationshipDetails>
          <item>
            <identifiedBy>CRS</identifiedBy>
            <type>Identical bill</type>
          </item>
        </relationshipDetails>
        <type>HR</type>
        <latestAction>
          <actionDate>2017-02-16</actionDate>
          <text>Referred to the House Committee on Education and the Workforce.</text>
        </latestAction>
        <latestTitle>Esther Martinez Native American Languages Preservation Act</latestTitle>
        <congress>115</congress>
      </item>
    </relatedBills>
    <createDate>2017-02-02T05:28:48Z</createDate>
    <updateDate>2018-02-22T15:28:42Z</updateDate>
    <recordedVotes />
    <titles>
      <item>
        <chamberName>Senate</chamberName>
        <parentTitleType>Short Titles Senate</parentTitleType>
        <title>Esther Martinez Native American Languages Preservation Act</title>
        <chamberCode>S</chamberCode>
        <titleType>Short Titles as Passed Senate</titleType>
      </item>
      <item>
        <chamberName>Senate</chamberName>
        <parentTitleType>Short Titles Senate</parentTitleType>
        <title>Esther Martinez Native American Languages Preservation Act</title>
        <chamberCode>S</chamberCode>
        <titleType>Short Titles as Reported to Senate</titleType>
      </item>
      <item>
        <chamberName />
        <parentTitleType />
        <title>Esther Martinez Native American Languages Preservation Act</title>
        <chamberCode />
        <titleType>Short Titles as Introduced</titleType>
      </item>
      <item>
        <chamberName />
        <parentTitleType />
        <title>A bill to amend the Native American Programs Act of 1974 to provide flexibility and reauthorization to ensure the survival and continuing vitality of Native American languages.</title>
        <chamberCode />
        <titleType>Official Title as Introduced</titleType>
      </item>
      <item>
        <chamberName />
        <parentTitleType />
        <title>Esther Martinez Native American Languages Preservation Act</title>
        <chamberCode />
        <titleType>Display Title</titleType>
      </item>
      <item>
        <chamberName>Senate</chamberName>
        <parentTitleType />
        <title>Esther Martinez Native American Languages Preservation Act</title>
        <chamberCode>S</chamberCode>
        <titleType>(Extracted from GPO) Short Titles as Passed Senate</titleType>
      </item>
      <item>
        <chamberName>Senate</chamberName>
        <parentTitleType />
        <title>Esther Martinez Native American Languages Preservation Act</title>
        <chamberCode>S</chamberCode>
        <titleType>(Extracted from GPO) Short Titles as Reported to Senate</titleType>
      </item>
      <item>
        <chamberName />
        <parentTitleType />
        <title>Esther Martinez Native American Languages Preservation Act</title>
        <chamberCode />
        <titleType>(Extracted from GPO) Short Titles as Introduced</titleType>
      </item>
    </titles>
    <originChamber>Senate</originChamber>
  </bill>
  <dublinCore xmlns:dc="http://purl.org/dc/elements/1.1/">
    <dc:format>text/xml</dc:format>
    <dc:language>EN</dc:language>
    <dc:rights>Pursuant to Title 17 Section 105 of the United States Code, this file is not subject to copyright protection and is in the public domain.</dc:rights>
    <dc:contributor>Congressional Research Service, Library of Congress</dc:contributor>
    <dc:description>This file contains bill summaries and statuses for federal legislation. A bill summary describes the most significant provisions of a piece of legislation and details the effects the legislative text may have on current law and federal programs. Bill summaries are authored by the Congressional Research Service (CRS) of the Library of Congress. As stated in Public Law 91-510 (2 USC 166 (d)(6)), one of the duties of CRS is "to prepare summaries and digests of bills and resolutions of a public general nature introduced in the Senate or House of Representatives". For more information, refer to the User Guide that accompanies this file.</dc:description>
  </dublinCore>
</billStatus>

