<?xml version="1.0" encoding="UTF-8"?>
<billStatus>
  <bill>
    <sponsors>
      <item>
        <fullName>Sen. Lankford, James [R-OK]</fullName>
        <lastName>Lankford</lastName>
        <bioguideId>L000575</bioguideId>
        <party>R</party>
        <middleName />
        <state>OK</state>
        <firstName>James</firstName>
        <byRequestType />
        <identifiers>
          <gpoId>8113</gpoId>
          <bioguideId>L000575</bioguideId>
          <lisID>2050</lisID>
        </identifiers>
      </item>
    </sponsors>
    <laws />
    <version>1.0.0</version>
    <introducedDate>2017-02-15</introducedDate>
    <cboCostEstimates />
    <titles>
      <item>
        <title>Judgment Fund Transparency and Terrorism Financing Prevention Act of 2017</title>
        <titleType>(Extracted from GPO) Short Titles as Introduced</titleType>
        <parentTitleType />
        <chamberCode />
        <chamberName />
      </item>
      <item>
        <title>Judgment Fund Transparency and Terrorism Financing Prevention Act of 2017</title>
        <titleType>Short Titles as Introduced</titleType>
        <parentTitleType />
        <chamberCode />
        <chamberName />
      </item>
      <item>
        <title>A bill to amend title 31, United States Code, to provide for transparency of payments made from the Judgment Fund.</title>
        <titleType>Official Title as Introduced</titleType>
        <parentTitleType />
        <chamberCode />
        <chamberName />
      </item>
      <item>
        <title>Judgment Fund Transparency and Terrorism Financing Prevention Act of 2017</title>
        <titleType>Display Title</titleType>
        <parentTitleType />
        <chamberCode />
        <chamberName />
      </item>
    </titles>
    <amendments />
    <recordedVotes />
    <relatedBills>
      <item>
        <congress>115</congress>
        <latestAction>
          <actionDate>2017-03-08</actionDate>
          <text>Read twice and referred to the Committee on the Judiciary.</text>
        </latestAction>
        <type>S</type>
        <latestTitle>Judgment Fund Transparency Act of 2017</latestTitle>
        <number>565</number>
        <relationshipDetails>
          <item>
            <type>Related bill</type>
            <identifiedBy>CRS</identifiedBy>
          </item>
        </relationshipDetails>
      </item>
      <item>
        <congress>115</congress>
        <latestAction>
          <actionDate>2017-10-16</actionDate>
          <text>Placed on the Union Calendar, Calendar No. 252.</text>
        </latestAction>
        <type>HR</type>
        <latestTitle>Judgment Fund Transparency Act of 2017</latestTitle>
        <number>1096</number>
        <relationshipDetails>
          <item>
            <type>Related bill</type>
            <identifiedBy>CRS</identifiedBy>
          </item>
        </relationshipDetails>
      </item>
    </relatedBills>
    <congress>115</congress>
    <billType>S</billType>
    <actions>
      <actionByCounts>
        <senate>2</senate>
      </actionByCounts>
      <item>
        <actionDate>2017-02-15</actionDate>
        <committee>
          <name>Judiciary Committee</name>
          <systemCode>ssju00</systemCode>
        </committee>
        <links />
        <sourceSystem>
          <name>Senate</name>
          <code>0</code>
        </sourceSystem>
        <text>Read twice and referred to the Committee on the Judiciary.</text>
        <type>IntroReferral</type>
      </item>
      <item>
        <text>Introduced in Senate</text>
        <type>IntroReferral</type>
        <sourceSystem>
          <name>Library of Congress</name>
          <code>9</code>
        </sourceSystem>
        <committee />
        <actionCode>10000</actionCode>
        <actionDate>2017-02-15</actionDate>
        <links />
      </item>
      <actionTypeCounts>
        <referredToCommittee>1</referredToCommittee>
        <introducedInSenate>1</introducedInSenate>
      </actionTypeCounts>
    </actions>
    <notes />
    <originChamber>Senate</originChamber>
    <title>Judgment Fund Transparency and Terrorism Financing Prevention Act of 2017</title>
    <billNumber>386</billNumber>
    <cosponsors>
      <item>
        <isOriginalCosponsor>True</isOriginalCosponsor>
        <fullName>Sen. Fischer, Deb [R-NE]</fullName>
        <firstName>Deb</firstName>
        <identifiers>
          <gpoId />
          <lisID>2179</lisID>
          <bioguideId>F000463</bioguideId>
        </identifiers>
        <party>R</party>
        <sponsorshipDate>2017-02-15</sponsorshipDate>
        <lastName>Fischer</lastName>
        <bioguideId>F000463</bioguideId>
        <state>NE</state>
        <middleName />
        <sponsorshipWithdrawnDate />
      </item>
      <item>
        <isOriginalCosponsor>True</isOriginalCosponsor>
        <fullName>Sen. Cruz, Ted [R-TX]</fullName>
        <firstName>Ted</firstName>
        <identifiers>
          <gpoId />
          <lisID>2175</lisID>
          <bioguideId>C001098</bioguideId>
        </identifiers>
        <party>R</party>
        <sponsorshipDate>2017-02-15</sponsorshipDate>
        <lastName>Cruz</lastName>
        <bioguideId>C001098</bioguideId>
        <state>TX</state>
        <middleName />
        <sponsorshipWithdrawnDate />
      </item>
      <item>
        <isOriginalCosponsor>True</isOriginalCosponsor>
        <fullName>Sen. Inhofe, James M. [R-OK]</fullName>
        <firstName>JIM</firstName>
        <identifiers>
          <lisID>583</lisID>
          <bioguideId>I000024</bioguideId>
          <gpoId>8322</gpoId>
        </identifiers>
        <party>R</party>
        <sponsorshipDate>2017-02-15</sponsorshipDate>
        <lastName>INHOFE</lastName>
        <bioguideId>I000024</bioguideId>
        <state>OK</state>
        <middleName />
        <sponsorshipWithdrawnDate />
      </item>
    </cosponsors>
    <summaries>
      <billSummaries>
        <item>
          <versionCode>00</versionCode>
          <updateDate>2017-02-15T05:00:00Z</updateDate>
          <actionDesc>Introduced in Senate</actionDesc>
          <lastSummaryUpdateDate>2017-03-01T22:27:44Z</lastSummaryUpdateDate>
          <actionDate>2017-02-15</actionDate>
          <name>Introduced in Senate</name>
          <text><![CDATA[<p><b>Judgment Fund Transparency and Terrorism Financing Prevention Act </b><b>of 2017</b></p> <p>This bill requires the Department of the Treasury to disclose details after payments are made from the Judgment Fund. (The Judgment Fund is a permanent and indefinite appropriation to pay judgments against the United States.) </p> <p>Unless the disclosure is prohibited by law or a court order, Treasury must disclose to the public on a website: </p> <ul> <li>the agency or entity whose actions gave rise to the claim or judgment, </li> <li>the plaintiff or claimant, </li> <li>the counsel for the plaintiff or claimant, </li> <li>the amount paid, </li> <li>a description of the facts that gave rise to the claim, </li> <li>the agency that submitted the claim, and</li> <li> any information available on reports generated by the Judgment Fund Payment Search administered by Treasury. </li> </ul> <p>If the payment is made to a foreign state, Treasury must also disclose:</p> <ul> <li>the method of payment;</li> <li>the currency denomination used for the payment; and </li> <li>the name and location of each financial institution owned or controlled by a foreign state or an agent of a foreign state through which the payment passed, from which the payment was withdrawn, or that is holding the payment. </li> </ul> <p>No payments from the fund may be made to a state sponsor of terrorism. </p>]]></text>
        </item>
      </billSummaries>
    </summaries>
    <policyArea>
      <name>Government Operations and Politics</name>
    </policyArea>
    <latestAction>
      <links />
      <actionDate>2017-02-15</actionDate>
      <text>Read twice and referred to the Committee on the Judiciary.</text>
    </latestAction>
    <updateDate>2018-02-06T16:44:46Z</updateDate>
    <committees>
      <billCommittees>
        <item>
          <name>Judiciary Committee</name>
          <chamber>Senate</chamber>
          <type>Standing</type>
          <subcommittees />
          <systemCode>ssju00</systemCode>
          <activities>
            <item>
              <name>Referred to</name>
              <date>2017-02-15T17:29:33Z</date>
            </item>
          </activities>
        </item>
      </billCommittees>
    </committees>
    <createDate>2017-02-16T08:49:56Z</createDate>
    <subjects>
      <billSubjects>
        <policyArea>
          <name>Government Operations and Politics</name>
        </policyArea>
        <legislativeSubjects>
          <item>
            <name>Foreign and international banking</name>
          </item>
          <item>
            <name>Government information and archives</name>
          </item>
          <item>
            <name>Government liability</name>
          </item>
          <item>
            <name>Terrorism</name>
          </item>
        </legislativeSubjects>
      </billSubjects>
    </subjects>
    <committeeReports />
    <calendarNumbers />
  </bill>
  <dublinCore xmlns:dc="http://purl.org/dc/elements/1.1/">
    <dc:format>text/xml</dc:format>
    <dc:language>EN</dc:language>
    <dc:rights>Pursuant to Title 17 Section 105 of the United States Code, this file is not subject to copyright protection and is in the public domain.</dc:rights>
    <dc:contributor>Congressional Research Service, Library of Congress</dc:contributor>
    <dc:description>This file contains bill summaries and statuses for federal legislation. A bill summary describes the most significant provisions of a piece of legislation and details the effects the legislative text may have on current law and federal programs. Bill summaries are authored by the Congressional Research Service (CRS) of the Library of Congress. As stated in Public Law 91-510 (2 USC 166 (d)(6)), one of the duties of CRS is "to prepare summaries and digests of bills and resolutions of a public general nature introduced in the Senate or House of Representatives". For more information, refer to the User Guide that accompanies this file.</dc:description>
  </dublinCore>
</billStatus>

