<?xml version="1.0" encoding="UTF-8"?>
<billStatus>
  <bill>
    <titles>
      <item>
        <chamberName />
        <parentTitleType />
        <chamberCode />
        <titleType>(Extracted from GPO) Short Titles as Introduced</titleType>
        <title>Stop Arming Terrorists Act</title>
      </item>
      <item>
        <chamberName />
        <parentTitleType />
        <chamberCode />
        <titleType>Short Titles as Introduced</titleType>
        <title>Stop Arming Terrorists Act</title>
      </item>
      <item>
        <chamberName />
        <parentTitleType />
        <chamberCode />
        <titleType>Official Title as Introduced</titleType>
        <title>A bill to prohibit the use of United States Government funds to provide assistance to Al Qaeda, Jabhat Fateh al-Sham, and the Islamic State of Iraq and the Levant (ISIL) and to countries supporting those organizations, and for other purposes.</title>
      </item>
      <item>
        <chamberName />
        <parentTitleType />
        <chamberCode />
        <titleType>Display Title</titleType>
        <title>Stop Arming Terrorists Act</title>
      </item>
    </titles>
    <committeeReports />
    <sponsors>
      <item>
        <firstName>Rand</firstName>
        <identifiers>
          <lisID>2082</lisID>
          <bioguideId>P000603</bioguideId>
          <gpoId>8308</gpoId>
        </identifiers>
        <party>R</party>
        <bioguideId>P000603</bioguideId>
        <lastName>Paul</lastName>
        <fullName>Sen. Paul, Rand [R-KY]</fullName>
        <byRequestType />
        <middleName />
        <state>KY</state>
      </item>
    </sponsors>
    <title>Stop Arming Terrorists Act</title>
    <actions>
      <actionByCounts>
        <senate>2</senate>
      </actionByCounts>
      <item>
        <actionDate>2017-03-06</actionDate>
        <committee>
          <name>Foreign Relations Committee</name>
          <systemCode>ssfr00</systemCode>
        </committee>
        <links />
        <sourceSystem>
          <name>Senate</name>
          <code>0</code>
        </sourceSystem>
        <text>Read twice and referred to the Committee on Foreign Relations.</text>
        <type>IntroReferral</type>
      </item>
      <item>
        <text>Introduced in Senate</text>
        <type>IntroReferral</type>
        <sourceSystem>
          <name>Library of Congress</name>
          <code>9</code>
        </sourceSystem>
        <committee />
        <actionCode>10000</actionCode>
        <actionDate>2017-03-06</actionDate>
        <links />
      </item>
      <actionTypeCounts>
        <referredToCommittee>1</referredToCommittee>
        <introducedInSenate>1</introducedInSenate>
      </actionTypeCounts>
    </actions>
    <summaries>
      <billSummaries>
        <item>
          <versionCode>00</versionCode>
          <text><![CDATA[<p><b>Stop Arming Terrorists Act</b></p> <p>This bill prohibits the use of federal agency funds to provide covered assistance to: (1) Al Qaeda, Jabhat Fateh al-Sham, the Islamic State of Iraq and the Levant (ISIL), or any individual or group that is affiliated with, associated with, cooperating with, or adherents to such groups; or (2) the government of any country that the Office of the Director of National Intelligence (ODNI) determines has, within the most recent 12 months, provided covered assistance to such a group or individual.</p> <p>&quot;Covered assistance&quot; is defined as:</p> <ul> <li>defense articles, defense services, training or logistical support, or any other military assistance provided by grant, loan, credit, transfer, or cash sales; </li> <li> intelligence sharing; or </li> <li> cash assistance. </li> </ul> <p>The ODNI shall:</p> <ul> <li> make, within 90 days after this bill's enactment, initial determinations about such countries and about whether an individual or group is, or has been within the most recent 12 months, affiliated with, associated with, cooperating with, or an adherent to Al Qaeda, Jabhat Fateh al-Sham, or ISIL;</li> <li>review and make subsequent determinations regarding such countries, groups, or individuals every 6 months in consultation with specified congressional committees; </li> <li> brief such committees on each determination; and</li> <li> brief such committees on any other country, individual, or group that the ODNI considered but did not make a determination that the the country provided covered assistance to, or that the group or individual is affiliated with, associated with, cooperating with, or an adherent to, Al Qaeda, Jabhat Fateh al-Sham, or ISIL.</li> </ul>]]></text>
          <actionDesc>Introduced in Senate</actionDesc>
          <actionDate>2017-03-06</actionDate>
          <lastSummaryUpdateDate>2017-03-18T15:35:10Z</lastSummaryUpdateDate>
          <name>Introduced in Senate</name>
          <updateDate>2017-03-06T05:00:00Z</updateDate>
        </item>
      </billSummaries>
    </summaries>
    <recordedVotes />
    <billNumber>532</billNumber>
    <calendarNumbers />
    <cosponsors />
    <version>1.0.0</version>
    <subjects>
      <billSubjects>
        <policyArea>
          <name>International Affairs</name>
        </policyArea>
        <legislativeSubjects>
          <item>
            <name>Congressional oversight</name>
          </item>
          <item>
            <name>Foreign aid and international relief</name>
          </item>
          <item>
            <name>Intelligence activities, surveillance, classified information</name>
          </item>
          <item>
            <name>Iraq</name>
          </item>
          <item>
            <name>Middle East</name>
          </item>
          <item>
            <name>Military assistance, sales, and agreements</name>
          </item>
          <item>
            <name>Military education and training</name>
          </item>
          <item>
            <name>Political movements and philosophies</name>
          </item>
          <item>
            <name>Syria</name>
          </item>
          <item>
            <name>Terrorism</name>
          </item>
        </legislativeSubjects>
      </billSubjects>
    </subjects>
    <latestAction>
      <text>Read twice and referred to the Committee on Foreign Relations.</text>
      <links />
      <actionDate>2017-03-06</actionDate>
    </latestAction>
    <originChamber>Senate</originChamber>
    <laws />
    <notes />
    <createDate>2017-03-07T05:14:52Z</createDate>
    <billType>S</billType>
    <updateDate>2018-02-06T16:44:54Z</updateDate>
    <policyArea>
      <name>International Affairs</name>
    </policyArea>
    <cboCostEstimates />
    <introducedDate>2017-03-06</introducedDate>
    <amendments />
    <relatedBills>
      <item>
        <latestTitle>Stop Arming Terrorists Act</latestTitle>
        <number>608</number>
        <latestAction>
          <actionDate>2017-01-23</actionDate>
          <text>Referred to House Intelligence (Permanent)</text>
        </latestAction>
        <congress>115</congress>
        <relationshipDetails>
          <item>
            <identifiedBy>CRS</identifiedBy>
            <type>Identical bill</type>
          </item>
        </relationshipDetails>
        <type>HR</type>
      </item>
    </relatedBills>
    <congress>115</congress>
    <committees>
      <billCommittees>
        <item>
          <systemCode>ssfr00</systemCode>
          <chamber>Senate</chamber>
          <type>Standing</type>
          <activities>
            <item>
              <date>2017-03-06T20:37:25Z</date>
              <name>Referred to</name>
            </item>
          </activities>
          <name>Foreign Relations Committee</name>
          <subcommittees />
        </item>
      </billCommittees>
    </committees>
  </bill>
  <dublinCore xmlns:dc="http://purl.org/dc/elements/1.1/">
    <dc:format>text/xml</dc:format>
    <dc:language>EN</dc:language>
    <dc:rights>Pursuant to Title 17 Section 105 of the United States Code, this file is not subject to copyright protection and is in the public domain.</dc:rights>
    <dc:contributor>Congressional Research Service, Library of Congress</dc:contributor>
    <dc:description>This file contains bill summaries and statuses for federal legislation. A bill summary describes the most significant provisions of a piece of legislation and details the effects the legislative text may have on current law and federal programs. Bill summaries are authored by the Congressional Research Service (CRS) of the Library of Congress. As stated in Public Law 91-510 (2 USC 166 (d)(6)), one of the duties of CRS is "to prepare summaries and digests of bills and resolutions of a public general nature introduced in the Senate or House of Representatives". For more information, refer to the User Guide that accompanies this file.</dc:description>
  </dublinCore>
</billStatus>

