<?xml version="1.0" encoding="UTF-8"?>
<billStatus>
  <bill>
    <policyArea>
      <name>Commerce</name>
    </policyArea>
    <introducedDate>2017-02-14</introducedDate>
    <cosponsors>
      <item>
        <identifiers>
          <lisID>859</lisID>
          <bioguideId>N000032</bioguideId>
          <gpoId>8236</gpoId>
        </identifiers>
        <bioguideId>N000032</bioguideId>
        <sponsorshipDate>2017-02-14</sponsorshipDate>
        <middleName>WILLIAM</middleName>
        <fullName>Sen. Nelson, Bill [D-FL]</fullName>
        <sponsorshipWithdrawnDate />
        <state>FL</state>
        <party>D</party>
        <firstName>CLARENCE</firstName>
        <isOriginalCosponsor>True</isOriginalCosponsor>
        <lastName>NELSON</lastName>
      </item>
      <item>
        <identifiers>
          <lisID>1929</lisID>
          <bioguideId>P000595</bioguideId>
          <gpoId>7994</gpoId>
        </identifiers>
        <bioguideId>P000595</bioguideId>
        <sponsorshipDate>2017-03-15</sponsorshipDate>
        <middleName>C.</middleName>
        <fullName>Sen. Peters, Gary C. [D-MI]</fullName>
        <sponsorshipWithdrawnDate />
        <state>MI</state>
        <party>D</party>
        <firstName>Gary</firstName>
        <isOriginalCosponsor>False</isOriginalCosponsor>
        <lastName>Peters</lastName>
      </item>
      <item>
        <identifiers>
          <bioguideId>R000307</bioguideId>
          <gpoId>8275</gpoId>
          <lisID>968</lisID>
        </identifiers>
        <bioguideId>R000307</bioguideId>
        <sponsorshipDate>2017-04-04</sponsorshipDate>
        <middleName />
        <fullName>Sen. Roberts, Pat [R-KS]</fullName>
        <sponsorshipWithdrawnDate />
        <state>KS</state>
        <party>R</party>
        <firstName>PAT</firstName>
        <isOriginalCosponsor>False</isOriginalCosponsor>
        <lastName>ROBERTS</lastName>
      </item>
      <item>
        <identifiers>
          <bioguideId>M000934</bioguideId>
          <lisID>1507</lisID>
          <gpoId>8307</gpoId>
        </identifiers>
        <bioguideId>M000934</bioguideId>
        <sponsorshipDate>2017-04-24</sponsorshipDate>
        <middleName />
        <fullName>Sen. Moran, Jerry [R-KS]</fullName>
        <sponsorshipWithdrawnDate />
        <state>KS</state>
        <party>R</party>
        <firstName>JERRY</firstName>
        <isOriginalCosponsor>False</isOriginalCosponsor>
        <lastName>MORAN</lastName>
      </item>
      <item>
        <identifiers>
          <lisID>153</lisID>
          <bioguideId>B001135</bioguideId>
          <gpoId>8286</gpoId>
        </identifiers>
        <bioguideId>B001135</bioguideId>
        <sponsorshipDate>2017-04-24</sponsorshipDate>
        <middleName />
        <fullName>Sen. Burr, Richard [R-NC]</fullName>
        <sponsorshipWithdrawnDate />
        <state>NC</state>
        <party>R</party>
        <firstName>RICHARD</firstName>
        <isOriginalCosponsor>False</isOriginalCosponsor>
        <lastName>BURR</lastName>
      </item>
      <item>
        <identifiers>
          <lisID>1826</lisID>
          <bioguideId>K000367</bioguideId>
          <gpoId>8249</gpoId>
        </identifiers>
        <bioguideId>K000367</bioguideId>
        <sponsorshipDate>2017-05-08</sponsorshipDate>
        <middleName />
        <fullName>Sen. Klobuchar, Amy [D-MN]</fullName>
        <sponsorshipWithdrawnDate />
        <state>MN</state>
        <party>D</party>
        <firstName>Amy</firstName>
        <isOriginalCosponsor>False</isOriginalCosponsor>
        <lastName>Klobuchar</lastName>
      </item>
      <item>
        <identifiers>
          <lisID>1983</lisID>
          <gpoId>8256</gpoId>
          <bioguideId>M001183</bioguideId>
        </identifiers>
        <bioguideId>M001183</bioguideId>
        <sponsorshipDate>2017-05-15</sponsorshipDate>
        <middleName />
        <fullName>Sen. Manchin, Joe, III [D-WV]</fullName>
        <sponsorshipWithdrawnDate />
        <state>WV</state>
        <party>D</party>
        <firstName>Joe</firstName>
        <isOriginalCosponsor>False</isOriginalCosponsor>
        <lastName>Manchin</lastName>
      </item>
      <item>
        <identifiers>
          <lisID>1226</lisID>
          <bioguideId>W000437</bioguideId>
          <gpoId>8263</gpoId>
        </identifiers>
        <bioguideId>W000437</bioguideId>
        <sponsorshipDate>2017-05-23</sponsorshipDate>
        <middleName>F.</middleName>
        <fullName>Sen. Wicker, Roger F. [R-MS]</fullName>
        <sponsorshipWithdrawnDate />
        <state>MS</state>
        <party>R</party>
        <firstName>ROGER</firstName>
        <isOriginalCosponsor>False</isOriginalCosponsor>
        <lastName>WICKER</lastName>
      </item>
      <item>
        <identifiers>
          <lisID>1676</lisID>
          <bioguideId>C001047</bioguideId>
          <gpoId>8223</gpoId>
        </identifiers>
        <bioguideId>C001047</bioguideId>
        <sponsorshipDate>2017-06-20</sponsorshipDate>
        <middleName>MOORE</middleName>
        <fullName>Sen. Capito, Shelley Moore [R-WV]</fullName>
        <sponsorshipWithdrawnDate />
        <state>WV</state>
        <party>R</party>
        <firstName>SHELLEY</firstName>
        <isOriginalCosponsor>False</isOriginalCosponsor>
        <lastName>CAPITO</lastName>
      </item>
      <item>
        <identifiers>
          <gpoId>8323</gpoId>
          <bioguideId>I000055</bioguideId>
          <lisID>1608</lisID>
        </identifiers>
        <bioguideId>I000055</bioguideId>
        <sponsorshipDate>2017-10-31</sponsorshipDate>
        <middleName />
        <fullName>Sen. Isakson, Johnny [R-GA]</fullName>
        <sponsorshipWithdrawnDate />
        <state>GA</state>
        <party>R</party>
        <firstName>Johnny</firstName>
        <isOriginalCosponsor>False</isOriginalCosponsor>
        <lastName>Isakson</lastName>
      </item>
      <item>
        <identifiers>
          <lisID>250</lisID>
          <bioguideId>C000880</bioguideId>
          <gpoId>8289</gpoId>
        </identifiers>
        <bioguideId>C000880</bioguideId>
        <sponsorshipDate>2017-11-15</sponsorshipDate>
        <middleName>D.</middleName>
        <fullName>Sen. Crapo, Mike [R-ID]</fullName>
        <sponsorshipWithdrawnDate />
        <state>ID</state>
        <party>R</party>
        <firstName>MICHAEL</firstName>
        <isOriginalCosponsor>False</isOriginalCosponsor>
        <lastName>CRAPO</lastName>
      </item>
    </cosponsors>
    <congress>115</congress>
    <recordedVotes />
    <amendments />
    <laws />
    <cboCostEstimates>
      <item>
        <pubDate>2017-09-27T15:00:13Z</pubDate>
        <title>S. 374, Concrete Masonry Products Research, Education, and Promotion Act of 2017</title>
        <url>https://www.cbo.gov/publication/53155</url>
      </item>
    </cboCostEstimates>
    <actions>
      <actionTypeCounts>
        <orderedReported>1</orderedReported>
        <introducedInSenate>1</introducedInSenate>
        <referredToCommittee>1</referredToCommittee>
      </actionTypeCounts>
      <item>
        <actionDate>2017-08-02</actionDate>
        <committee>
          <systemCode>sscm00</systemCode>
          <name>Commerce, Science, and Transportation Committee</name>
        </committee>
        <links />
        <sourceSystem>
          <name>Senate</name>
          <code>0</code>
        </sourceSystem>
        <text>Committee on Commerce, Science, and Transportation. Ordered to be reported without amendment favorably.</text>
        <type>Committee</type>
      </item>
      <item>
        <actionDate>2017-02-14</actionDate>
        <committee>
          <systemCode>sscm00</systemCode>
          <name>Commerce, Science, and Transportation Committee</name>
        </committee>
        <links />
        <sourceSystem>
          <name>Senate</name>
          <code>0</code>
        </sourceSystem>
        <text>Read twice and referred to the Committee on Commerce, Science, and Transportation.</text>
        <type>IntroReferral</type>
      </item>
      <item>
        <type>IntroReferral</type>
        <links />
        <text>Introduced in Senate</text>
        <committee />
        <actionDate>2017-02-14</actionDate>
        <sourceSystem>
          <name>Library of Congress</name>
          <code>9</code>
        </sourceSystem>
        <actionCode>10000</actionCode>
      </item>
      <actionByCounts>
        <senate>3</senate>
      </actionByCounts>
    </actions>
    <latestAction>
      <text>Committee on Commerce, Science, and Transportation. Ordered to be reported without amendment favorably.</text>
      <actionDate>2017-08-02</actionDate>
      <links />
    </latestAction>
    <titles>
      <item>
        <chamberName />
        <titleType>(Extracted from GPO) Short Titles as Introduced</titleType>
        <title>Concrete Masonry Products Research, Education, and Promotion Act of 2017</title>
        <parentTitleType />
        <chamberCode />
      </item>
      <item>
        <chamberName />
        <titleType>Short Titles as Introduced</titleType>
        <title>Concrete Masonry Products Research, Education, and Promotion Act of 2017</title>
        <parentTitleType />
        <chamberCode />
      </item>
      <item>
        <chamberName />
        <titleType>Official Title as Introduced</titleType>
        <title>A bill to enable concrete masonry products manufacturers to establish, finance, and carry out a coordinated program of research, education, and promotion to improve, maintain, and develop markets for concrete masonry products.</title>
        <parentTitleType />
        <chamberCode />
      </item>
      <item>
        <chamberName />
        <titleType>Display Title</titleType>
        <title>Concrete Masonry Products Research, Education, and Promotion Act of 2017</title>
        <parentTitleType />
        <chamberCode />
      </item>
    </titles>
    <summaries>
      <billSummaries>
        <item>
          <text><![CDATA[<p><b>Concrete Masonry Products Research, Education, and Promotion Act of 2017</b></p> <p>This bill directs the Department of Commerce to issue orders applicable to U.S. manufacturers of concrete masonry products. Any such order must provide for the establishment of a Concrete Masonry Products Board to carry out a program of generic promotion, research, and education regarding concrete masonry products. </p> <p>An order must also provide that assessments be paid by concrete masonry product manufacturers for concrete masonry products manufactured and marketed in the United States. At least 50% of the assessments paid by a manufacturer must be used to support research, education, and generic promotion programs and projects in support of the geographic region of the manufacturer. </p> <p>During the 60-day period preceding the proposed effective date of an order, Commerce shall conduct a referendum for order approval among manufacturers.</p> <p>The bill allows petition and review of an order, and order enforcement through U.S. district courts. </p> <p>The bill requires a study and a report by: (1) the Government Accountability Office on how the board spends assessments collected, the impact of board activities, and other matters relating to the demand for concrete masonry products; and (2) Commerce on the appropriateness and effectiveness of applying the commodity check-off program model to a nonagricultural industry. </p>]]></text>
          <versionCode>00</versionCode>
          <actionDate>2017-02-14</actionDate>
          <name>Introduced in Senate</name>
          <actionDesc>Introduced in Senate</actionDesc>
          <lastSummaryUpdateDate>2017-06-12T20:02:14Z</lastSummaryUpdateDate>
          <updateDate>2017-02-14T05:00:00Z</updateDate>
        </item>
      </billSummaries>
    </summaries>
    <title>Concrete Masonry Products Research, Education, and Promotion Act of 2017</title>
    <calendarNumbers />
    <originChamber>Senate</originChamber>
    <updateDate>2018-02-06T16:44:45Z</updateDate>
    <notes />
    <billType>S</billType>
    <committees>
      <billCommittees>
        <item>
          <chamber>Senate</chamber>
          <subcommittees />
          <systemCode>sscm00</systemCode>
          <name>Commerce, Science, and Transportation Committee</name>
          <activities>
            <item>
              <name>Markup by</name>
              <date>2017-08-02T14:00:04Z</date>
            </item>
            <item>
              <name>Referred to</name>
              <date>2017-02-14T20:58:50Z</date>
            </item>
          </activities>
          <type>Standing</type>
        </item>
      </billCommittees>
    </committees>
    <relatedBills>
      <item>
        <congress>115</congress>
        <latestTitle>Concrete Masonry Products Research, Education, and Promotion Act of 2017</latestTitle>
        <number>1046</number>
        <type>HR</type>
        <latestAction>
          <text>Referred to the Subcommittee on Digital Commerce and Consumer Protection.</text>
          <actionDate>2017-02-17</actionDate>
        </latestAction>
        <relationshipDetails>
          <item>
            <type>Identical bill</type>
            <identifiedBy>CRS</identifiedBy>
          </item>
        </relationshipDetails>
      </item>
    </relatedBills>
    <committeeReports />
    <billNumber>374</billNumber>
    <sponsors>
      <item>
        <byRequestType />
        <state>MO</state>
        <bioguideId>B000575</bioguideId>
        <identifiers>
          <bioguideId>B000575</bioguideId>
          <lisID>1464</lisID>
          <gpoId>8313</gpoId>
        </identifiers>
        <fullName>Sen. Blunt, Roy [R-MO]</fullName>
        <lastName>Blunt</lastName>
        <firstName>Roy</firstName>
        <middleName />
        <party>R</party>
      </item>
    </sponsors>
    <createDate>2017-02-15T05:13:06Z</createDate>
    <version>1.0.0</version>
    <subjects>
      <billSubjects>
        <policyArea>
          <name>Commerce</name>
        </policyArea>
        <legislativeSubjects>
          <item>
            <name>Administrative law and regulatory procedures</name>
          </item>
          <item>
            <name>Administrative remedies</name>
          </item>
          <item>
            <name>Building construction</name>
          </item>
          <item>
            <name>Congressional oversight</name>
          </item>
          <item>
            <name>Department of Commerce</name>
          </item>
          <item>
            <name>Executive agency funding and structure</name>
          </item>
          <item>
            <name>Government studies and investigations</name>
          </item>
          <item>
            <name>Judicial review and appeals</name>
          </item>
          <item>
            <name>Manufacturing</name>
          </item>
          <item>
            <name>Marketing and advertising</name>
          </item>
          <item>
            <name>Materials</name>
          </item>
          <item>
            <name>User charges and fees</name>
          </item>
        </legislativeSubjects>
      </billSubjects>
    </subjects>
  </bill>
  <dublinCore xmlns:dc="http://purl.org/dc/elements/1.1/">
    <dc:format>text/xml</dc:format>
    <dc:language>EN</dc:language>
    <dc:rights>Pursuant to Title 17 Section 105 of the United States Code, this file is not subject to copyright protection and is in the public domain.</dc:rights>
    <dc:contributor>Congressional Research Service, Library of Congress</dc:contributor>
    <dc:description>This file contains bill summaries and statuses for federal legislation. A bill summary describes the most significant provisions of a piece of legislation and details the effects the legislative text may have on current law and federal programs. Bill summaries are authored by the Congressional Research Service (CRS) of the Library of Congress. As stated in Public Law 91-510 (2 USC 166 (d)(6)), one of the duties of CRS is "to prepare summaries and digests of bills and resolutions of a public general nature introduced in the Senate or House of Representatives". For more information, refer to the User Guide that accompanies this file.</dc:description>
  </dublinCore>
</billStatus>

