<?xml version="1.0" encoding="UTF-8"?>
<billStatus>
  <bill>
    <amendments />
    <notes />
    <actions>
      <actionByCounts>
        <senate>6</senate>
      </actionByCounts>
      <item>
        <actionDate>2017-06-13</actionDate>
        <committee />
        <links />
        <sourceSystem>
          <name>Senate</name>
          <code>0</code>
        </sourceSystem>
        <text>Placed on Senate Legislative Calendar under General Orders. Calendar No. 143.</text>
        <type>Calendars</type>
      </item>
      <item>
        <actionDate>2017-06-13</actionDate>
        <committee>
          <name>Energy and Natural Resources Committee</name>
          <systemCode>sseg00</systemCode>
        </committee>
        <links>
          <link>
            <url>https://www.congress.gov/congressional-report/115th-congress/senate-report/107</url>
            <name>report No. 115-107</name>
          </link>
        </links>
        <sourceSystem>
          <name>Senate</name>
          <code>0</code>
        </sourceSystem>
        <text>Committee on Energy and Natural Resources. Reported by Senator Murkowski without amendment. With written report No. 115-107.</text>
        <type>Committee</type>
      </item>
      <item>
        <actionDate>2017-06-13</actionDate>
        <text>Committee on Energy and Natural Resources. Reported by Senator Murkowski without amendment. With written report No. 115-107.</text>
        <links>
          <link>
            <url>https://www.congress.gov/congressional-report/115th-congress/senate-report/107</url>
            <name>report No. 115-107</name>
          </link>
        </links>
        <actionCode>14000</actionCode>
        <type>Committee</type>
        <committee>
          <name>Energy and Natural Resources Committee</name>
          <systemCode>sseg00</systemCode>
        </committee>
        <sourceSystem>
          <name>Library of Congress</name>
          <code>9</code>
        </sourceSystem>
      </item>
      <item>
        <actionDate>2017-03-30</actionDate>
        <committee>
          <name>Energy and Natural Resources Committee</name>
          <systemCode>sseg00</systemCode>
        </committee>
        <links />
        <sourceSystem>
          <name>Senate</name>
          <code>0</code>
        </sourceSystem>
        <text>Committee on Energy and Natural Resources. Ordered to be reported without amendment favorably.</text>
        <type>Committee</type>
      </item>
      <item>
        <actionDate>2017-03-23</actionDate>
        <committee>
          <name>Energy and Natural Resources Committee</name>
          <systemCode>sseg00</systemCode>
        </committee>
        <links />
        <sourceSystem>
          <name>Senate</name>
          <code>0</code>
        </sourceSystem>
        <text>Read twice and referred to the Committee on Energy and Natural Resources.</text>
        <type>IntroReferral</type>
      </item>
      <item>
        <actionDate>2017-03-23</actionDate>
        <text>Introduced in Senate</text>
        <links />
        <actionCode>10000</actionCode>
        <type>IntroReferral</type>
        <committee />
        <sourceSystem>
          <name>Library of Congress</name>
          <code>9</code>
        </sourceSystem>
      </item>
      <actionTypeCounts>
        <reportedToSenate>2</reportedToSenate>
        <placedOnCalendarGeneralOrders>1</placedOnCalendarGeneralOrders>
        <orderedReported>1</orderedReported>
        <introducedInSenate>1</introducedInSenate>
        <referredToCommittee>1</referredToCommittee>
      </actionTypeCounts>
    </actions>
    <cosponsors>
      <item>
        <sponsorshipWithdrawnDate />
        <lastName>MURRAY</lastName>
        <firstName>PATTY</firstName>
        <fullName>Sen. Murray, Patty [D-WA]</fullName>
        <sponsorshipDate>2017-03-23</sponsorshipDate>
        <isOriginalCosponsor>True</isOriginalCosponsor>
        <bioguideId>M001111</bioguideId>
        <middleName />
        <identifiers>
          <bioguideId>M001111</bioguideId>
          <lisID>1409</lisID>
          <gpoId>8237</gpoId>
        </identifiers>
        <state>WA</state>
        <party>D</party>
      </item>
    </cosponsors>
    <sponsors>
      <item>
        <lastName>CANTWELL</lastName>
        <byRequestType />
        <fullName>Sen. Cantwell, Maria [D-WA]</fullName>
        <firstName>MARIA</firstName>
        <party>D</party>
        <identifiers>
          <bioguideId>C000127</bioguideId>
          <gpoId>8288</gpoId>
          <lisID>172</lisID>
        </identifiers>
        <state>WA</state>
        <bioguideId>C000127</bioguideId>
        <middleName />
      </item>
    </sponsors>
    <originChamber>Senate</originChamber>
    <version>1.0.0</version>
    <introducedDate>2017-03-23</introducedDate>
    <calendarNumbers>
      <item>
        <number>0143</number>
        <calendar>Senate Calendar of Business</calendar>
      </item>
    </calendarNumbers>
    <committees>
      <billCommittees>
        <item>
          <activities>
            <item>
              <date>2017-06-13T20:44:48Z</date>
              <name>Reported by</name>
            </item>
            <item>
              <date>2017-03-30T13:30:00Z</date>
              <name>Markup by</name>
            </item>
            <item>
              <date>2017-03-23T19:06:02Z</date>
              <name>Referred to</name>
            </item>
          </activities>
          <type>Standing</type>
          <systemCode>sseg00</systemCode>
          <name>Energy and Natural Resources Committee</name>
          <subcommittees />
          <chamber>Senate</chamber>
        </item>
      </billCommittees>
    </committees>
    <createDate>2017-03-24T05:21:03Z</createDate>
    <relatedBills>
      <item>
        <latestTitle>Energy and Natural Resources Act of 2017</latestTitle>
        <type>S</type>
        <relationshipDetails>
          <item>
            <type>Related bill</type>
            <identifiedBy>CRS</identifiedBy>
          </item>
        </relationshipDetails>
        <latestAction>
          <text>Committee on Energy and Natural Resources. Hearings held.</text>
          <actionDate>2017-09-19</actionDate>
        </latestAction>
        <congress>115</congress>
        <number>1460</number>
      </item>
    </relatedBills>
    <recordedVotes />
    <laws />
    <committeeReports>
      <committeeReport>
        <citation>S. Rept. 115-107</citation>
      </committeeReport>
    </committeeReports>
    <policyArea>
      <name>Water Resources Development</name>
    </policyArea>
    <billNumber>714</billNumber>
    <title>Yakima River Basin Water Enhancement Project Phase III Act of 2017</title>
    <subjects>
      <billSubjects>
        <legislativeSubjects>
          <item>
            <name>Congressional oversight</name>
          </item>
          <item>
            <name>Fishes</name>
          </item>
          <item>
            <name>Indian lands and resources rights</name>
          </item>
          <item>
            <name>Lakes and rivers</name>
          </item>
          <item>
            <name>Washington State</name>
          </item>
          <item>
            <name>Water resources funding</name>
          </item>
          <item>
            <name>Water storage</name>
          </item>
          <item>
            <name>Water use and supply</name>
          </item>
          <item>
            <name>Watersheds</name>
          </item>
          <item>
            <name>Wildlife conservation and habitat protection</name>
          </item>
        </legislativeSubjects>
        <policyArea>
          <name>Water Resources Development</name>
        </policyArea>
      </billSubjects>
    </subjects>
    <billType>S</billType>
    <cboCostEstimates>
      <item>
        <pubDate>2017-05-16T15:23:11Z</pubDate>
        <title>S. 714, Yakima River Basin Water Enhancement Project Phase III Act of 2017</title>
        <url>https://www.cbo.gov/publication/52727</url>
      </item>
    </cboCostEstimates>
    <congress>115</congress>
    <titles>
      <item>
        <title>Yakima River Basin Water Enhancement Project Phase III Act of 2017</title>
        <titleType>(Extracted from GPO) Short Titles as Reported to Senate</titleType>
        <chamberCode>S</chamberCode>
        <parentTitleType />
        <chamberName>Senate</chamberName>
      </item>
      <item>
        <title>Yakima River Basin Water Enhancement Project Phase III Act of 2017</title>
        <titleType>(Extracted from GPO) Short Titles as Introduced</titleType>
        <chamberCode />
        <parentTitleType />
        <chamberName />
      </item>
      <item>
        <title>Yakima River Basin Water Enhancement Project Phase III Act of 2017</title>
        <titleType>Short Titles as Reported to Senate</titleType>
        <chamberCode>S</chamberCode>
        <parentTitleType>Short Titles Senate</parentTitleType>
        <chamberName>Senate</chamberName>
      </item>
      <item>
        <title>Yakima River Basin Water Enhancement Project Phase III Act of 2017</title>
        <titleType>Short Titles as Introduced</titleType>
        <chamberCode />
        <parentTitleType />
        <chamberName />
      </item>
      <item>
        <title>A bill to amend Public Law 103-434 to authorize Phase III of the Yakima River Basin Water Enhancement Project for the purpose of improving water management in the Yakima River basin, and for other purposes.</title>
        <titleType>Official Title as Introduced</titleType>
        <chamberCode />
        <parentTitleType />
        <chamberName />
      </item>
      <item>
        <title>Yakima River Basin Water Enhancement Project Phase III Act of 2017</title>
        <titleType>Display Title</titleType>
        <chamberCode />
        <parentTitleType />
        <chamberName />
      </item>
    </titles>
    <updateDate>2018-02-22T15:28:47Z</updateDate>
    <summaries>
      <billSummaries>
        <item>
          <actionDesc>Introduced in Senate</actionDesc>
          <versionCode>00</versionCode>
          <text><![CDATA[<p><strong>Yakima River Basin Water Enhancement Project Phase III Act of</strong> <b>2017</b></p> <p>This bill expands the purposes of the Yakima River Basin Water Conservation Program to include: </p> <ul> <li>protection, mitigation, and enhancement of fish and wildlife and the recovery and maintenance of self-sustaining harvestable populations of fish and other aquatic life, both anadromous and resident species, throughout their historic distribution range in the Yakima River Basin; </li> <li>improving the reliability of municipal, industrial, and domestic water supply and use purposes, especially during drought years; </li> <li>implementation of the Yakima River Basin Integrated Water Resource Management Plan to realize water savings of not less than 85,000 acre feet, in addition to the 165,000 acre feet of water savings targeted through the Basin Conservation Program, as authorized on October 31, 1994; </li> <li>encouraging an increase in the use of water transfers, leasing, markets, and other voluntary transactions among public and private entities to enhance water management in the Yakima River Basin; </li> <li>improving the resilience of the ecosystems, economies, and communities in the Basin as they face drought and other changes; and </li> <li>authorizing and implementing the Yakima River Basin Integrated Water Resource Management Plan as Phase III of the Yakima River Basin Water Enhancement Project. </li></ul> <p>The bill defines "Integrated Plan" and "Yakima River Basin Integrated Water Resource Plan" as the plan and activities authorized by the Yakima River Basin Enhancement Project Phase III Act of 2015 to be carried out in cooperation with, and in addition to, activities of the state of Washington and the Yakama Nation. </p> <p>The bill directs the Conservation Advisory Group to provide recommendations to advance the purposes and programs of the Yakima River Basin Enhancement Project. Federal and state governments may fund up to the 17.5% of the local cost share of the Basin Conservation Program in exchange for the long-term use of the conserved water. The bill also allows water acquisition efforts to continue as needed to provide water to be used by the Yakima Project Manager for instream flow purposes and to allow voluntary water acquisitions to provide improved instream flows for anadromous and resident fish and other aquatic life. </p> <p>The bill increases funding for: (1) the Wapato Irrigation Project, (2) development of additional storage capacity at Lake Cle Elum, (3) the Interim Comprehensive Basin Operating Plan, and (4) environmental compliance activities in the Yakima River. </p> <p>The Yakima Indian Nation is redesignated as the Yakama Nation. </p> <p>The Department of the Interior may conduct studies to evaluate measures to further Yakima Project purposes on tributaries to the Yakima River. </p> <p>The bill directs Interior to:</p> <ul> <li>implement the Integrated Plan as Phase III of the Yakima River Basin Water Enhancement Project, subject to feasibility studies, environmental reviews, cost-benefit analyses, and available appropriations; </li> <li>implement an initial development phase of the Integrated Plan and develop plans for the intermediate and final development phases of the Integrated Plan; </li> <li>complete upstream and downstream fish passage facilities at Cle Elum Reservoir and another Yakima Project reservoir; </li> <li>negotiate long-term agreements for a pump plan and associated facilities to access and deliver inactive storage at Kachess Reservoir and a conveyance system to allow water transfers from Keechelus Reservoir to Kachess Reservoir ("K to K Pipeline"); </li> <li>participate in, provide funding for, and accept non-federal financing for water conservation projects intended to conserve 85,000 acre feet of water and for aquifer storage and recovery projects; </li> <li>conduct studies, feasibility analyses and environmental reviews of fish passage, water supply, conservation, habitat restoration projects, and other alternatives for the initial and future phases of the Integrated Plan; </li> <li>coordinate with and assist the state of Washington in implementing a robust water market to enhance water management in the Yakima River Basin; </li> <li>enter into cooperative agreements with, or make grants to, the Yakama Nation, the state of Washington, or other entities subject to a 50% non-federal cost-sharing requirement; and </li> <li>retain authority and discretion over the management of project supplies to optimize operational use and flexibility to ensure compliance with all applicable laws and treaty rights of the Yakama Nation. </li></ul> <p>Interior, in conjunction with the state of Washington and in consultation with the Yakama Nation, must submit to specified congressional committees, not later than five years after the enactment of this bill, a progress report on the development and implementation of the Integrated Plan. </p>]]></text>
          <actionDate>2017-03-23</actionDate>
          <name>Introduced in Senate</name>
          <lastSummaryUpdateDate>2017-07-22T13:57:30Z</lastSummaryUpdateDate>
          <updateDate>2017-03-23T04:00:00Z</updateDate>
        </item>
        <item>
          <actionDesc>Reported to Senate without amendment</actionDesc>
          <versionCode>80</versionCode>
          <text><![CDATA[<p>(This measure has not been amended since it was introduced. The summary has been expanded because action occurred on the measure.)</p> <p><strong>Yakima River Basin Water Enhancement Project Phase III Act of</strong> <b>2017</b></p> <p>(Sec. 2) This bill expands the purposes of the Yakima River Basin Water Conservation Program to include: </p> <ul> <li>protection, mitigation, and enhancement of fish and wildlife and the recovery and maintenance of self-sustaining harvestable populations of fish and other aquatic life, both anadromous and resident species, throughout their historic distribution range in the Yakima River Basin; </li> <li>improving the reliability of municipal, industrial, and domestic water supply and use purposes, especially during drought years; </li> <li>implementation of the Yakima River Basin Integrated Water Resource Management Plan to realize water savings of not less than 85,000 acre feet, in addition to the 165,000 acre feet of water savings targeted through the Basin Conservation Program, as authorized on October 31, 1994; </li> <li>encouraging an increase in the use of water transfers, leasing, markets, and other voluntary transactions among public and private entities to enhance water management in the Yakima River Basin; </li> <li>improving the resilience of the ecosystems, economies, and communities in the Basin as they face drought and other changes; and </li> <li>authorizing and implementing the Yakima River Basin Integrated Water Resource Management Plan as Phase III of the Yakima River Basin Water Enhancement Project. </li></ul> <p>The bill defines "Integrated Plan" and "Yakima River Basin Integrated Water Resource Plan" as the plan and activities authorized by the Yakima River Basin Enhancement Project Phase III Act of 2015 to be carried out in cooperation with, and in addition to, activities of the state of Washington and the Yakama Nation. </p> <p>(Sec. 3) The bill directs the Conservation Advisory Group to provide recommendations to advance the purposes and programs of the Yakima River Basin Enhancement Project. Federal and state governments may fund up to the 17.5% of the local cost share of the Basin Conservation Program in exchange for the long-term use of the conserved water. The bill also allows water acquisition efforts to continue as needed to provide water to be used by the Yakima Project Manager for instream flow purposes and to allow voluntary water acquisitions to provide improved instream flows for anadromous and resident fish and other aquatic life. </p> <p>(Sec. 4) The bill increases funding for: (1) the Wapato Irrigation Project, (2) development of additional storage capacity at Lake Cle Elum, (3) the Interim Comprehensive Basin Operating Plan, and (4) environmental compliance activities in the Yakima River. </p> <p>The Yakima Indian Nation is redesignated as the Yakama Nation. </p> <p>The Department of the Interior may conduct studies to evaluate measures to further Yakima Project purposes on tributaries to the Yakima River. </p> <p>(Sec. 5) The bill directs Interior to:</p> <ul> <li>implement the Integrated Plan as Phase III of the Yakima River Basin Water Enhancement Project, subject to feasibility studies, environmental reviews, cost-benefit analyses, and available appropriations; </li> <li>implement an initial development phase of the Integrated Plan and develop plans for the intermediate and final development phases of the Integrated Plan; </li> <li>complete upstream and downstream fish passage facilities at Cle Elum Reservoir and another Yakima Project reservoir; </li> <li>negotiate long-term agreements for a pump plan and associated facilities to access and deliver inactive storage at Kachess Reservoir and a conveyance system to allow water transfers from Keechelus Reservoir to Kachess Reservoir ("K to K Pipeline"); </li> <li>participate in, provide funding for, and accept non-federal financing for water conservation projects intended to conserve 85,000 acre feet of water and for aquifer storage and recovery projects; </li> <li>conduct studies, feasibility analyses and environmental reviews of fish passage, water supply, conservation, habitat restoration projects, and other alternatives for the initial and future phases of the Integrated Plan; </li> <li>coordinate with and assist the state of Washington in implementing a robust water market to enhance water management in the Yakima River Basin; </li> <li>enter into cooperative agreements with, or make grants to, the Yakama Nation, the state of Washington, or other entities subject to a 50% non-federal cost-sharing requirement; and </li> <li>retain authority and discretion over the management of project supplies to optimize operational use and flexibility to ensure compliance with all applicable laws and treaty rights of the Yakama Nation. </li></ul> <p>Interior, in conjunction with the state of Washington and in consultation with the Yakama Nation, must submit to specified congressional committees, not later than five years after the enactment of this bill, a progress report on the development and implementation of the Integrated Plan. </p>]]></text>
          <actionDate>2017-06-13</actionDate>
          <name>Reported to Senate without amendment</name>
          <lastSummaryUpdateDate>2017-07-19T15:50:19Z</lastSummaryUpdateDate>
          <updateDate>2017-06-13T12:32:53Z</updateDate>
        </item>
      </billSummaries>
    </summaries>
    <latestAction>
      <text>Placed on Senate Legislative Calendar under General Orders. Calendar No. 143.</text>
      <actionDate>2017-06-13</actionDate>
      <links />
    </latestAction>
  </bill>
  <dublinCore xmlns:dc="http://purl.org/dc/elements/1.1/">
    <dc:format>text/xml</dc:format>
    <dc:language>EN</dc:language>
    <dc:rights>Pursuant to Title 17 Section 105 of the United States Code, this file is not subject to copyright protection and is in the public domain.</dc:rights>
    <dc:contributor>Congressional Research Service, Library of Congress</dc:contributor>
    <dc:description>This file contains bill summaries and statuses for federal legislation. A bill summary describes the most significant provisions of a piece of legislation and details the effects the legislative text may have on current law and federal programs. Bill summaries are authored by the Congressional Research Service (CRS) of the Library of Congress. As stated in Public Law 91-510 (2 USC 166 (d)(6)), one of the duties of CRS is "to prepare summaries and digests of bills and resolutions of a public general nature introduced in the Senate or House of Representatives". For more information, refer to the User Guide that accompanies this file.</dc:description>
  </dublinCore>
</billStatus>

