<?xml version="1.0" encoding="UTF-8"?>
<billStatus>
  <bill>
    <cosponsors>
      <item>
        <identifiers>
          <gpoId>8249</gpoId>
          <lisID>1826</lisID>
          <bioguideId>K000367</bioguideId>
        </identifiers>
        <fullName>Sen. Klobuchar, Amy [D-MN]</fullName>
        <firstName>Amy</firstName>
        <party>D</party>
        <sponsorshipWithdrawnDate />
        <bioguideId>K000367</bioguideId>
        <state>MN</state>
        <middleName />
        <isOriginalCosponsor>True</isOriginalCosponsor>
        <lastName>Klobuchar</lastName>
        <sponsorshipDate>2017-02-14</sponsorshipDate>
      </item>
      <item>
        <identifiers>
          <lisID>2084</lisID>
          <gpoId>8242</gpoId>
          <bioguideId>R000595</bioguideId>
        </identifiers>
        <fullName>Sen. Rubio, Marco [R-FL]</fullName>
        <firstName>Marco</firstName>
        <party>R</party>
        <sponsorshipWithdrawnDate />
        <bioguideId>R000595</bioguideId>
        <state>FL</state>
        <middleName />
        <isOriginalCosponsor>True</isOriginalCosponsor>
        <lastName>Rubio</lastName>
        <sponsorshipDate>2017-02-14</sponsorshipDate>
      </item>
      <item>
        <identifiers>
          <gpoId />
          <lisID>2302</lisID>
          <bioguideId>H001076</bioguideId>
        </identifiers>
        <fullName>Sen. Hassan, Margaret Wood [D-NH]</fullName>
        <firstName>Margaret</firstName>
        <party>D</party>
        <sponsorshipWithdrawnDate />
        <bioguideId>H001076</bioguideId>
        <state>NH</state>
        <middleName>Wood</middleName>
        <isOriginalCosponsor>True</isOriginalCosponsor>
        <lastName>Hassan</lastName>
        <sponsorshipDate>2017-02-14</sponsorshipDate>
      </item>
      <item>
        <identifiers>
          <lisID>1984</lisID>
          <bioguideId>C001088</bioguideId>
          <gpoId>8297</gpoId>
        </identifiers>
        <fullName>Sen. Coons, Christopher A. [D-DE]</fullName>
        <firstName>Christopher</firstName>
        <party>D</party>
        <sponsorshipWithdrawnDate />
        <bioguideId>C001088</bioguideId>
        <state>DE</state>
        <middleName>A.</middleName>
        <isOriginalCosponsor>False</isOriginalCosponsor>
        <lastName>Coons</lastName>
        <sponsorshipDate>2017-02-15</sponsorshipDate>
      </item>
      <item>
        <identifiers>
          <gpoId>8223</gpoId>
          <lisID>1676</lisID>
          <bioguideId>C001047</bioguideId>
        </identifiers>
        <fullName>Sen. Capito, Shelley Moore [R-WV]</fullName>
        <firstName>SHELLEY</firstName>
        <party>R</party>
        <sponsorshipWithdrawnDate />
        <bioguideId>C001047</bioguideId>
        <state>WV</state>
        <middleName>MOORE</middleName>
        <isOriginalCosponsor>False</isOriginalCosponsor>
        <lastName>CAPITO</lastName>
        <sponsorshipDate>2017-03-01</sponsorshipDate>
      </item>
      <item>
        <identifiers>
          <gpoId />
          <lisID>2185</lisID>
          <bioguideId>K000383</bioguideId>
        </identifiers>
        <fullName>Sen. King, Angus S., Jr. [I-ME]</fullName>
        <firstName>Angus</firstName>
        <party>I</party>
        <sponsorshipWithdrawnDate />
        <bioguideId>K000383</bioguideId>
        <state>ME</state>
        <middleName />
        <isOriginalCosponsor>False</isOriginalCosponsor>
        <lastName>King</lastName>
        <sponsorshipDate>2017-03-02</sponsorshipDate>
      </item>
      <item>
        <identifiers>
          <lisID>1541</lisID>
          <bioguideId>C001035</bioguideId>
          <gpoId>8291</gpoId>
        </identifiers>
        <fullName>Sen. Collins, Susan M. [R-ME]</fullName>
        <firstName>SUSAN</firstName>
        <party>R</party>
        <sponsorshipWithdrawnDate />
        <bioguideId>C001035</bioguideId>
        <state>ME</state>
        <middleName>MARGARET</middleName>
        <isOriginalCosponsor>False</isOriginalCosponsor>
        <lastName>COLLINS</lastName>
        <sponsorshipDate>2017-03-13</sponsorshipDate>
      </item>
      <item>
        <identifiers>
          <lisID>1608</lisID>
          <gpoId>8323</gpoId>
          <bioguideId>I000055</bioguideId>
        </identifiers>
        <fullName>Sen. Isakson, Johnny [R-GA]</fullName>
        <firstName>Johnny</firstName>
        <party>R</party>
        <sponsorshipWithdrawnDate />
        <bioguideId>I000055</bioguideId>
        <state>GA</state>
        <middleName />
        <isOriginalCosponsor>False</isOriginalCosponsor>
        <lastName>Isakson</lastName>
        <sponsorshipDate>2017-03-21</sponsorshipDate>
      </item>
      <item>
        <identifiers>
          <gpoId />
          <lisID>2286</lisID>
          <bioguideId>P000612</bioguideId>
        </identifiers>
        <fullName>Sen. Perdue, David [R-GA]</fullName>
        <firstName>David</firstName>
        <party>R</party>
        <sponsorshipWithdrawnDate />
        <bioguideId>P000612</bioguideId>
        <state>GA</state>
        <middleName>Alfred</middleName>
        <isOriginalCosponsor>False</isOriginalCosponsor>
        <lastName>Perdue</lastName>
        <sponsorshipDate>2017-03-23</sponsorshipDate>
      </item>
      <item>
        <identifiers>
          <lisID>2182</lisID>
          <gpoId />
          <bioguideId>W000817</bioguideId>
        </identifiers>
        <fullName>Sen. Warren, Elizabeth [D-MA]</fullName>
        <firstName>Elizabeth</firstName>
        <party>D</party>
        <sponsorshipWithdrawnDate />
        <bioguideId>W000817</bioguideId>
        <state>MA</state>
        <middleName>A.</middleName>
        <isOriginalCosponsor>False</isOriginalCosponsor>
        <lastName>Warren</lastName>
        <sponsorshipDate>2017-03-27</sponsorshipDate>
      </item>
      <item>
        <identifiers>
          <lisID>2290</lisID>
          <bioguideId>S001198</bioguideId>
          <gpoId />
        </identifiers>
        <fullName>Sen. Sullivan, Dan  [R-AK]</fullName>
        <firstName>Dan</firstName>
        <party>R</party>
        <sponsorshipWithdrawnDate />
        <bioguideId>S001198</bioguideId>
        <state>AK</state>
        <middleName />
        <isOriginalCosponsor>False</isOriginalCosponsor>
        <lastName>Sullivan</lastName>
        <sponsorshipDate>2017-04-04</sponsorshipDate>
      </item>
      <item>
        <identifiers>
          <lisID>2019</lisID>
          <bioguideId>Y000064</bioguideId>
          <gpoId>7948</gpoId>
        </identifiers>
        <fullName>Sen. Young, Todd C. [R-IN]</fullName>
        <firstName>Todd</firstName>
        <party>R</party>
        <sponsorshipWithdrawnDate />
        <bioguideId>Y000064</bioguideId>
        <state>IN</state>
        <middleName>C.</middleName>
        <isOriginalCosponsor>False</isOriginalCosponsor>
        <lastName>Young</lastName>
        <sponsorshipDate>2017-04-05</sponsorshipDate>
      </item>
      <item>
        <identifiers>
          <gpoId>8261</gpoId>
          <lisID>1531</lisID>
          <bioguideId>S000770</bioguideId>
        </identifiers>
        <fullName>Sen. Stabenow, Debbie [D-MI]</fullName>
        <firstName>DEBORAH</firstName>
        <party>D</party>
        <sponsorshipWithdrawnDate />
        <bioguideId>S000770</bioguideId>
        <state>MI</state>
        <middleName>ANN</middleName>
        <isOriginalCosponsor>False</isOriginalCosponsor>
        <lastName>STABENOW</lastName>
        <sponsorshipDate>2017-04-24</sponsorshipDate>
      </item>
      <item>
        <identifiers>
          <lisID>136</lisID>
          <gpoId>8309</gpoId>
          <bioguideId>B000944</bioguideId>
        </identifiers>
        <fullName>Sen. Brown, Sherrod [D-OH]</fullName>
        <firstName>SHERROD</firstName>
        <party>D</party>
        <sponsorshipWithdrawnDate />
        <bioguideId>B000944</bioguideId>
        <state>OH</state>
        <middleName />
        <isOriginalCosponsor>False</isOriginalCosponsor>
        <lastName>BROWN</lastName>
        <sponsorshipDate>2017-04-26</sponsorshipDate>
      </item>
      <item>
        <identifiers>
          <gpoId>8276</gpoId>
          <lisID>1901</lisID>
          <bioguideId>S001181</bioguideId>
        </identifiers>
        <fullName>Sen. Shaheen, Jeanne [D-NH]</fullName>
        <firstName>Jeanne</firstName>
        <party>D</party>
        <sponsorshipWithdrawnDate />
        <bioguideId>S001181</bioguideId>
        <state>NH</state>
        <middleName />
        <isOriginalCosponsor>False</isOriginalCosponsor>
        <lastName>Shaheen</lastName>
        <sponsorshipDate>2017-04-27</sponsorshipDate>
      </item>
      <item>
        <identifiers>
          <gpoId />
          <lisID>2098</lisID>
          <bioguideId>C001095</bioguideId>
        </identifiers>
        <fullName>Sen. Cotton, Tom [R-AR]</fullName>
        <firstName>Tom</firstName>
        <party>R</party>
        <sponsorshipWithdrawnDate />
        <bioguideId>C001095</bioguideId>
        <state>AR</state>
        <middleName />
        <isOriginalCosponsor>False</isOriginalCosponsor>
        <lastName>Cotton</lastName>
        <sponsorshipDate>2017-05-01</sponsorshipDate>
      </item>
      <item>
        <identifiers>
          <lisID>2357</lisID>
          <gpoId />
          <bioguideId>S001202</bioguideId>
        </identifiers>
        <fullName>Sen. Strange, Luther [R-AL]</fullName>
        <firstName>Luther</firstName>
        <party>R</party>
        <sponsorshipWithdrawnDate />
        <bioguideId>S001202</bioguideId>
        <state>AL</state>
        <middleName />
        <isOriginalCosponsor>False</isOriginalCosponsor>
        <lastName>Strange</lastName>
        <sponsorshipDate>2017-06-15</sponsorshipDate>
      </item>
      <item>
        <identifiers>
          <lisID>2288</lisID>
          <bioguideId>R000605</bioguideId>
          <gpoId />
        </identifiers>
        <fullName>Sen. Rounds, Mike  [R-SD]</fullName>
        <firstName>Mike</firstName>
        <party>R</party>
        <sponsorshipWithdrawnDate />
        <bioguideId>R000605</bioguideId>
        <state>SD</state>
        <middleName />
        <isOriginalCosponsor>False</isOriginalCosponsor>
        <lastName>Rounds</lastName>
        <sponsorshipDate>2017-07-11</sponsorshipDate>
      </item>
      <item>
        <identifiers>
          <lisID>153</lisID>
          <bioguideId>B001135</bioguideId>
          <gpoId>8286</gpoId>
        </identifiers>
        <fullName>Sen. Burr, Richard [R-NC]</fullName>
        <firstName>RICHARD</firstName>
        <party>R</party>
        <sponsorshipWithdrawnDate />
        <bioguideId>B001135</bioguideId>
        <state>NC</state>
        <middleName />
        <isOriginalCosponsor>False</isOriginalCosponsor>
        <lastName>BURR</lastName>
        <sponsorshipDate>2017-07-19</sponsorshipDate>
      </item>
      <item>
        <identifiers>
          <lisID>1692</lisID>
          <bioguideId>C001056</bioguideId>
          <gpoId>8295</gpoId>
        </identifiers>
        <fullName>Sen. Cornyn, John [R-TX]</fullName>
        <firstName>John</firstName>
        <party>R</party>
        <sponsorshipWithdrawnDate />
        <bioguideId>C001056</bioguideId>
        <state>TX</state>
        <middleName />
        <isOriginalCosponsor>False</isOriginalCosponsor>
        <lastName>Cornyn</lastName>
        <sponsorshipDate>2017-07-20</sponsorshipDate>
      </item>
      <item>
        <identifiers>
          <lisID>452</lisID>
          <bioguideId>G000359</bioguideId>
          <gpoId>8335</gpoId>
        </identifiers>
        <fullName>Sen. Graham, Lindsey [R-SC]</fullName>
        <firstName>LINDSEY</firstName>
        <party>R</party>
        <sponsorshipWithdrawnDate />
        <bioguideId>G000359</bioguideId>
        <state>SC</state>
        <middleName>O.</middleName>
        <isOriginalCosponsor>False</isOriginalCosponsor>
        <lastName>GRAHAM</lastName>
        <sponsorshipDate>2017-07-24</sponsorshipDate>
      </item>
      <item>
        <identifiers>
          <lisID>2176</lisID>
          <gpoId />
          <bioguideId>K000384</bioguideId>
        </identifiers>
        <fullName>Sen. Kaine, Tim [D-VA]</fullName>
        <firstName>Timothy</firstName>
        <party>D</party>
        <sponsorshipWithdrawnDate />
        <bioguideId>K000384</bioguideId>
        <state>VA</state>
        <middleName />
        <isOriginalCosponsor>False</isOriginalCosponsor>
        <lastName>Kaine</lastName>
        <sponsorshipDate>2017-07-25</sponsorshipDate>
      </item>
      <item>
        <identifiers>
          <lisID>2123</lisID>
          <gpoId />
          <bioguideId>D000622</bioguideId>
        </identifiers>
        <fullName>Sen. Duckworth, Tammy [D-IL]</fullName>
        <firstName>Tammy</firstName>
        <party>D</party>
        <sponsorshipWithdrawnDate />
        <bioguideId>D000622</bioguideId>
        <state>IL</state>
        <middleName />
        <isOriginalCosponsor>False</isOriginalCosponsor>
        <lastName>Duckworth</lastName>
        <sponsorshipDate>2017-08-02</sponsorshipDate>
      </item>
      <item>
        <identifiers>
          <gpoId>7964</gpoId>
          <lisID>1925</lisID>
          <bioguideId>C001075</bioguideId>
        </identifiers>
        <fullName>Sen. Cassidy, Bill [R-LA]</fullName>
        <firstName>Bill</firstName>
        <party>R</party>
        <sponsorshipWithdrawnDate />
        <bioguideId>C001075</bioguideId>
        <state>LA</state>
        <middleName />
        <isOriginalCosponsor>False</isOriginalCosponsor>
        <lastName>Cassidy</lastName>
        <sponsorshipDate>2017-09-12</sponsorshipDate>
      </item>
      <item>
        <identifiers>
          <lisID>2079</lisID>
          <gpoId>8331</gpoId>
          <bioguideId>H001061</bioguideId>
        </identifiers>
        <fullName>Sen. Hoeven, John [R-ND]</fullName>
        <firstName>John</firstName>
        <party>R</party>
        <sponsorshipWithdrawnDate />
        <bioguideId>H001061</bioguideId>
        <state>ND</state>
        <middleName />
        <isOriginalCosponsor>False</isOriginalCosponsor>
        <lastName>Hoeven</lastName>
        <sponsorshipDate>2017-09-19</sponsorshipDate>
      </item>
      <item>
        <identifiers>
          <lisID>2056</lisID>
          <bioguideId>S001184</bioguideId>
          <gpoId>8141</gpoId>
        </identifiers>
        <fullName>Sen. Scott, Tim [R-SC]</fullName>
        <firstName>Tim</firstName>
        <party>R</party>
        <sponsorshipWithdrawnDate />
        <bioguideId>S001184</bioguideId>
        <state>SC</state>
        <middleName />
        <isOriginalCosponsor>False</isOriginalCosponsor>
        <lastName>Scott</lastName>
        <sponsorshipDate>2017-10-23</sponsorshipDate>
      </item>
      <item>
        <identifiers>
          <gpoId />
          <lisID>2303</lisID>
          <bioguideId>K000393</bioguideId>
        </identifiers>
        <fullName>Sen. Kennedy, John [R-LA]</fullName>
        <firstName>John</firstName>
        <party>R</party>
        <sponsorshipWithdrawnDate />
        <bioguideId>K000393</bioguideId>
        <state>LA</state>
        <middleName>Neely</middleName>
        <isOriginalCosponsor>False</isOriginalCosponsor>
        <lastName>Kennedy</lastName>
        <sponsorshipDate>2017-11-06</sponsorshipDate>
      </item>
      <item>
        <identifiers>
          <lisID>1828</lisID>
          <gpoId>8282</gpoId>
          <bioguideId>C001070</bioguideId>
        </identifiers>
        <fullName>Sen. Casey, Robert P., Jr. [D-PA]</fullName>
        <firstName>Bob</firstName>
        <party>D</party>
        <sponsorshipWithdrawnDate />
        <bioguideId>C001070</bioguideId>
        <state>PA</state>
        <middleName />
        <isOriginalCosponsor>False</isOriginalCosponsor>
        <lastName>Casey</lastName>
        <sponsorshipDate>2017-11-07</sponsorshipDate>
      </item>
      <item>
        <identifiers>
          <lisID>1983</lisID>
          <gpoId>8256</gpoId>
          <bioguideId>M001183</bioguideId>
        </identifiers>
        <fullName>Sen. Manchin, Joe, III [D-WV]</fullName>
        <firstName>Joe</firstName>
        <party>D</party>
        <sponsorshipWithdrawnDate />
        <bioguideId>M001183</bioguideId>
        <state>WV</state>
        <middleName />
        <isOriginalCosponsor>False</isOriginalCosponsor>
        <lastName>Manchin</lastName>
        <sponsorshipDate>2017-11-14</sponsorshipDate>
      </item>
      <item>
        <identifiers>
          <gpoId>8275</gpoId>
          <lisID>968</lisID>
          <bioguideId>R000307</bioguideId>
        </identifiers>
        <fullName>Sen. Roberts, Pat [R-KS]</fullName>
        <firstName>PAT</firstName>
        <party>R</party>
        <sponsorshipWithdrawnDate />
        <bioguideId>R000307</bioguideId>
        <state>KS</state>
        <middleName />
        <isOriginalCosponsor>False</isOriginalCosponsor>
        <lastName>ROBERTS</lastName>
        <sponsorshipDate>2018-02-12</sponsorshipDate>
      </item>
    </cosponsors>
    <congress>115</congress>
    <committeeReports />
    <sponsors>
      <item>
        <middleName />
        <byRequestType />
        <lastName>PORTMAN</lastName>
        <bioguideId>P000449</bioguideId>
        <firstName>ROB</firstName>
        <state>OH</state>
        <identifiers>
          <gpoId>8266</gpoId>
          <lisID>924</lisID>
          <bioguideId>P000449</bioguideId>
        </identifiers>
        <fullName>Sen. Portman, Rob [R-OH]</fullName>
        <party>R</party>
      </item>
    </sponsors>
    <cboCostEstimates />
    <createDate>2017-02-15T05:13:06Z</createDate>
    <policyArea>
      <name>Foreign Trade and International Finance</name>
    </policyArea>
    <updateDate>2018-02-20T13:04:18Z</updateDate>
    <notes />
    <introducedDate>2017-02-14</introducedDate>
    <title>STOP Act of 2017</title>
    <committees>
      <billCommittees>
        <item>
          <chamber>Senate</chamber>
          <systemCode>ssfi00</systemCode>
          <type>Standing</type>
          <subcommittees />
          <activities>
            <item>
              <date>2017-02-14T19:50:52Z</date>
              <name>Referred to</name>
            </item>
          </activities>
          <name>Finance Committee</name>
        </item>
      </billCommittees>
    </committees>
    <calendarNumbers />
    <titles>
      <item>
        <chamberName />
        <title>STOP Act of 2017</title>
        <parentTitleType />
        <titleType>(Extracted from GPO) Short Titles as Introduced</titleType>
        <chamberCode />
      </item>
      <item>
        <chamberName />
        <title>Synthetics Trafficking and Overdose Prevention Act of 2017</title>
        <parentTitleType />
        <titleType>(Extracted from GPO) Short Titles as Introduced</titleType>
        <chamberCode />
      </item>
      <item>
        <chamberName />
        <title>STOP Act of 2017</title>
        <parentTitleType />
        <titleType>Short Titles as Introduced</titleType>
        <chamberCode />
      </item>
      <item>
        <chamberName />
        <title>Synthetics Trafficking and Overdose Prevention Act of 2017</title>
        <parentTitleType />
        <titleType>Short Titles as Introduced</titleType>
        <chamberCode />
      </item>
      <item>
        <chamberName />
        <title>A bill to amend the Tariff Act of 1930 to ensure that merchandise arriving through the mail shall be subject to review by U.S. Customs and Border Protection and to require the provision of advance electronic information on shipments of mail to U.S. Customs and Border Protection and for other purposes.</title>
        <parentTitleType />
        <titleType>Official Title as Introduced</titleType>
        <chamberCode />
      </item>
      <item>
        <chamberName />
        <title>STOP Act of 2017</title>
        <parentTitleType />
        <titleType>Display Title</titleType>
        <chamberCode />
      </item>
    </titles>
    <laws />
    <summaries>
      <billSummaries>
        <item>
          <versionCode>00</versionCode>
          <actionDesc>Introduced in Senate</actionDesc>
          <name>Introduced in Senate</name>
          <lastSummaryUpdateDate>2018-01-16T18:40:45Z</lastSummaryUpdateDate>
          <actionDate>2017-02-14</actionDate>
          <text><![CDATA[<p><b>Synthetics Trafficking and Overdose Prevention Act of 2017 or the STOP Act of 2017</b></p> <p>This bill amends the Tariff Act of 1930 to make the Postmaster General the consignee (i.e., the entity financially responsible for the receipt of a shipment) for merchandise, excluding documents, imported through the mail into the United States. The Postmaster General must designate licensed customs brokers to file required documents or information for such shipments.</p>   <p>The bill amends the Consolidated Omnibus Budget Reconciliation Act of 1985 to impose a customs user fee on postal shipments or any other item valued at $2,000 or less arriving at an international mail facility.</p> <p>The bill amends the Trade Act of 2002 to direct the Department of the Treasury to require the Postmaster General to provide for the advanced electronic transmission to the U.S. Customs and Border Protection of certain information for all postal shipments by the U.S. Postal Service (USPS), including postal shipments it receives from foreign postal operators. </p> <p>The Postmaster General:</p> <ul> <li> shall be liable for civil penalties for postal shipment violations committed by a foreign postal operator or the USPS;</li> <li>may be directly or indirectly responsible for discrepancies resulting from omissions made or false information provided by a foreign postal operator or the USPS; and</li> <li>shall ensure that all costs and penalties associated with complying with this bill are recouped from foreign shippers, foreign postal operators, or U.S. ultimate consignees.</li> </ul>]]></text>
          <updateDate>2017-02-14T05:00:00Z</updateDate>
        </item>
      </billSummaries>
    </summaries>
    <latestAction>
      <actionDate>2017-02-14</actionDate>
      <text>Read twice and referred to the Committee on Finance.</text>
      <links />
    </latestAction>
    <recordedVotes />
    <relatedBills>
      <item>
        <latestAction>
          <actionDate>2018-02-05</actionDate>
          <text>ASSUMING FIRST SPONSORSHIP - Mr. Faso asked unanimous consent that he may hereafter be considered as the first sponsor of H.R. 1057, a bill originally introduced by Representative Tiberi, for the purpose of adding cosponsors and requesting reprintings pursuant to clause 7 of rule XII. Agreed to without objection.</text>
          <actionTime>19:04:47</actionTime>
        </latestAction>
        <type>HR</type>
        <latestTitle>STOP Act of 2017</latestTitle>
        <congress>115</congress>
        <number>1057</number>
        <relationshipDetails>
          <item>
            <type>Identical bill</type>
            <identifiedBy>CRS</identifiedBy>
          </item>
          <item>
            <type>Related bill</type>
            <identifiedBy>CRS</identifiedBy>
          </item>
        </relationshipDetails>
      </item>
    </relatedBills>
    <billNumber>372</billNumber>
    <actions>
      <actionByCounts>
        <senate>2</senate>
      </actionByCounts>
      <item>
        <actionDate>2017-02-14</actionDate>
        <committee>
          <name>Finance Committee</name>
          <systemCode>ssfi00</systemCode>
        </committee>
        <links />
        <sourceSystem>
          <code>0</code>
          <name>Senate</name>
        </sourceSystem>
        <text>Read twice and referred to the Committee on Finance.</text>
        <type>IntroReferral</type>
      </item>
      <item>
        <links />
        <committee />
        <actionCode>10000</actionCode>
        <actionDate>2017-02-14</actionDate>
        <text>Introduced in Senate</text>
        <sourceSystem>
          <code>9</code>
          <name>Library of Congress</name>
        </sourceSystem>
        <type>IntroReferral</type>
      </item>
      <actionTypeCounts>
        <introducedInSenate>1</introducedInSenate>
        <referredToCommittee>1</referredToCommittee>
      </actionTypeCounts>
    </actions>
    <billType>S</billType>
    <version>1.0.0</version>
    <originChamber>Senate</originChamber>
    <amendments />
    <subjects>
      <billSubjects>
        <policyArea>
          <name>Foreign Trade and International Finance</name>
        </policyArea>
        <legislativeSubjects>
          <item>
            <name>Administrative law and regulatory procedures</name>
          </item>
          <item>
            <name>Customs enforcement</name>
          </item>
          <item>
            <name>Department of the Treasury</name>
          </item>
          <item>
            <name>Government information and archives</name>
          </item>
          <item>
            <name>Government liability</name>
          </item>
          <item>
            <name>International law and treaties</name>
          </item>
          <item>
            <name>Postal service</name>
          </item>
          <item>
            <name>Tariffs</name>
          </item>
          <item>
            <name>U.S. Postal Service</name>
          </item>
          <item>
            <name>User charges and fees</name>
          </item>
        </legislativeSubjects>
      </billSubjects>
    </subjects>
  </bill>
  <dublinCore xmlns:dc="http://purl.org/dc/elements/1.1/">
    <dc:format>text/xml</dc:format>
    <dc:language>EN</dc:language>
    <dc:rights>Pursuant to Title 17 Section 105 of the United States Code, this file is not subject to copyright protection and is in the public domain.</dc:rights>
    <dc:contributor>Congressional Research Service, Library of Congress</dc:contributor>
    <dc:description>This file contains bill summaries and statuses for federal legislation. A bill summary describes the most significant provisions of a piece of legislation and details the effects the legislative text may have on current law and federal programs. Bill summaries are authored by the Congressional Research Service (CRS) of the Library of Congress. As stated in Public Law 91-510 (2 USC 166 (d)(6)), one of the duties of CRS is "to prepare summaries and digests of bills and resolutions of a public general nature introduced in the Senate or House of Representatives". For more information, refer to the User Guide that accompanies this file.</dc:description>
  </dublinCore>
</billStatus>

