<?xml version="1.0" encoding="UTF-8"?>
<billStatus>
  <bill>
    <billType>S</billType>
    <committees>
      <billCommittees>
        <item>
          <activities>
            <item>
              <name>Referred to</name>
              <date>2017-04-27T15:59:44Z</date>
            </item>
          </activities>
          <type>Standing</type>
          <systemCode>ssaf00</systemCode>
          <name>Agriculture, Nutrition, and Forestry Committee</name>
          <subcommittees />
          <chamber>Senate</chamber>
        </item>
      </billCommittees>
    </committees>
    <version>1.0.0</version>
    <originChamber>Senate</originChamber>
    <recordedVotes />
    <notes />
    <subjects>
      <billSubjects>
        <policyArea>
          <name>Public Lands and Natural Resources</name>
        </policyArea>
        <legislativeSubjects>
          <item>
            <name>Congressional oversight</name>
          </item>
          <item>
            <name>Ecology</name>
          </item>
          <item>
            <name>Fires</name>
          </item>
          <item>
            <name>Forests, forestry, trees</name>
          </item>
          <item>
            <name>Indian lands and resources rights</name>
          </item>
          <item>
            <name>Intergovernmental relations</name>
          </item>
          <item>
            <name>Land use and conservation</name>
          </item>
          <item>
            <name>Pest management</name>
          </item>
          <item>
            <name>Public-private cooperation</name>
          </item>
          <item>
            <name>State and local government operations</name>
          </item>
          <item>
            <name>Water quality</name>
          </item>
          <item>
            <name>Water use and supply</name>
          </item>
          <item>
            <name>Wildlife conservation and habitat protection</name>
          </item>
        </legislativeSubjects>
      </billSubjects>
    </subjects>
    <amendments />
    <title>Empowering State Forestry to Improve Forest Health Act of 2017</title>
    <policyArea>
      <name>Public Lands and Natural Resources</name>
    </policyArea>
    <calendarNumbers />
    <cboCostEstimates />
    <relatedBills>
      <item>
        <number>4976</number>
        <type>HR</type>
        <latestTitle>Empowering State Forestry to Improve Forest Health Act of 2018</latestTitle>
        <relationshipDetails>
          <item>
            <type>Related bill</type>
            <identifiedBy>CRS</identifiedBy>
          </item>
        </relationshipDetails>
        <latestAction>
          <text>Referred to the Committee on Agriculture, and in addition to the Committee on Natural Resources, for a period to be subsequently determined by the Speaker, in each case for consideration of such provisions as fall within the jurisdiction of the committee concerned.</text>
          <actionDate>2018-02-07</actionDate>
        </latestAction>
        <congress>115</congress>
      </item>
    </relatedBills>
    <actions>
      <actionByCounts>
        <senate>2</senate>
      </actionByCounts>
      <actionTypeCounts>
        <introducedInSenate>1</introducedInSenate>
        <referredToCommittee>1</referredToCommittee>
      </actionTypeCounts>
      <item>
        <actionDate>2017-04-27</actionDate>
        <committee>
          <name>Agriculture, Nutrition, and Forestry Committee</name>
          <systemCode>ssaf00</systemCode>
        </committee>
        <links />
        <sourceSystem>
          <name>Senate</name>
          <code>0</code>
        </sourceSystem>
        <text>Read twice and referred to the Committee on Agriculture, Nutrition, and Forestry.</text>
        <type>IntroReferral</type>
      </item>
      <item>
        <actionDate>2017-04-27</actionDate>
        <type>IntroReferral</type>
        <sourceSystem>
          <name>Library of Congress</name>
          <code>9</code>
        </sourceSystem>
        <committee />
        <text>Introduced in Senate</text>
        <actionCode>10000</actionCode>
        <links />
      </item>
    </actions>
    <summaries>
      <billSummaries>
        <item>
          <text><![CDATA[<p><b>Empowering State Forestry to Improve Forest Health Act of 2017</b></p> <p>This bill amends the Cooperative Forestry Assistance Act of 1978 to direct the Forest Service to establish a landscape-scale restoration program to provide financial and technical assistance for landscape-scale restoration projects on state and private forest lands that maintain or improve benefits from trees and forests on such lands. </p> <p>The program shall: </p> <ul> <li>address the national private forest conservation priorities specified under the Act; and </li> <li>enhance public benefits from trees and forests, as identified in a state-wide assessment and a long-term state-wide forest resource strategy under the Act.</li> </ul> <p>The program shall also have one or more objectives, including to:</p> <ul> <li>protect or improve water quality or quantity;</li> <li>reduce wildfire risk, including through hazardous fuels treatment;</li> <li>protect or enhance wildlife habitat;</li> <li>improve forest health and forest ecosystems, including addressing native, nonnative, and invasive pests; or</li> <li>enhance opportunities for new and existing markets in which the production and use of wood products strengthens local and regional economies. </li> </ul> <p> The Forest Service shall allocate from the amounts made available under this bill:</p> <ul> <li>50% for the competitive process for distributing funds for landscape-scale restoration projects; and</li> <li>50% proportionally to states to maximize the achievement of the restoration program's objectives and to address the highest national priorities, as identified in state-wide assessments and long-term state-wide forest resource strategies.</li> </ul> <p>The bill amends the Healthy Forests Restoration Act of 2003 to allocate funds and use specified authorities of the Department of Agriculture or of the Department of the Interior, as appropriate, to assist cross-boundary hazardous fuel reduction and wildfire mitigation programs. </p> <p>]]></text>
          <versionCode>00</versionCode>
          <lastSummaryUpdateDate>2017-06-21T18:07:48Z</lastSummaryUpdateDate>
          <actionDesc>Introduced in Senate</actionDesc>
          <updateDate>2017-04-27T04:00:00Z</updateDate>
          <name>Introduced in Senate</name>
          <actionDate>2017-04-27</actionDate>
        </item>
      </billSummaries>
    </summaries>
    <introducedDate>2017-04-27</introducedDate>
    <latestAction>
      <text>Read twice and referred to the Committee on Agriculture, Nutrition, and Forestry.</text>
      <links />
      <actionDate>2017-04-27</actionDate>
    </latestAction>
    <createDate>2017-04-28T00:41:45Z</createDate>
    <laws />
    <cosponsors>
      <item>
        <sponsorshipWithdrawnDate />
        <lastName>Daines</lastName>
        <party>R</party>
        <identifiers>
          <lisID>2138</lisID>
          <gpoId />
          <bioguideId>D000618</bioguideId>
        </identifiers>
        <fullName>Sen. Daines, Steve [R-MT]</fullName>
        <firstName>Steve</firstName>
        <isOriginalCosponsor>True</isOriginalCosponsor>
        <state>MT</state>
        <sponsorshipDate>2017-04-27</sponsorshipDate>
        <bioguideId>D000618</bioguideId>
        <middleName />
      </item>
    </cosponsors>
    <sponsors>
      <item>
        <fullName>Sen. Klobuchar, Amy [D-MN]</fullName>
        <state>MN</state>
        <identifiers>
          <gpoId>8249</gpoId>
          <lisID>1826</lisID>
          <bioguideId>K000367</bioguideId>
        </identifiers>
        <party>D</party>
        <firstName>Amy</firstName>
        <middleName />
        <bioguideId>K000367</bioguideId>
        <byRequestType />
        <lastName>Klobuchar</lastName>
      </item>
    </sponsors>
    <updateDate>2018-02-16T18:14:02Z</updateDate>
    <titles>
      <item>
        <title>Empowering State Forestry to Improve Forest Health Act of 2017</title>
        <titleType>(Extracted from GPO) Short Titles as Introduced</titleType>
        <chamberCode />
        <chamberName />
        <parentTitleType />
      </item>
      <item>
        <title>Empowering State Forestry to Improve Forest Health Act of 2017</title>
        <titleType>Short Titles as Introduced</titleType>
        <chamberCode />
        <chamberName />
        <parentTitleType />
      </item>
      <item>
        <title>A bill to establish a grant program to support landscape-scale restoration and management, and for other purposes.</title>
        <titleType>Official Title as Introduced</titleType>
        <chamberCode />
        <chamberName />
        <parentTitleType />
      </item>
      <item>
        <title>Empowering State Forestry to Improve Forest Health Act of 2017</title>
        <titleType>Display Title</titleType>
        <chamberCode />
        <chamberName />
        <parentTitleType />
      </item>
    </titles>
    <congress>115</congress>
    <committeeReports />
    <billNumber>962</billNumber>
  </bill>
  <dublinCore xmlns:dc="http://purl.org/dc/elements/1.1/">
    <dc:format>text/xml</dc:format>
    <dc:language>EN</dc:language>
    <dc:rights>Pursuant to Title 17 Section 105 of the United States Code, this file is not subject to copyright protection and is in the public domain.</dc:rights>
    <dc:contributor>Congressional Research Service, Library of Congress</dc:contributor>
    <dc:description>This file contains bill summaries and statuses for federal legislation. A bill summary describes the most significant provisions of a piece of legislation and details the effects the legislative text may have on current law and federal programs. Bill summaries are authored by the Congressional Research Service (CRS) of the Library of Congress. As stated in Public Law 91-510 (2 USC 166 (d)(6)), one of the duties of CRS is "to prepare summaries and digests of bills and resolutions of a public general nature introduced in the Senate or House of Representatives". For more information, refer to the User Guide that accompanies this file.</dc:description>
  </dublinCore>
</billStatus>

