<?xml version="1.0" encoding="UTF-8"?>
<billStatus>
  <bill>
    <createDate>2017-03-14T05:27:25Z</createDate>
    <billNumber>607</billNumber>
    <originChamber>Senate</originChamber>
    <cosponsors>
      <item>
        <isOriginalCosponsor>True</isOriginalCosponsor>
        <party>D</party>
        <middleName />
        <sponsorshipDate>2017-03-13</sponsorshipDate>
        <lastName>Tester</lastName>
        <bioguideId>T000464</bioguideId>
        <fullName>Sen. Tester, Jon [D-MT]</fullName>
        <sponsorshipWithdrawnDate />
        <firstName>Jon</firstName>
        <identifiers>
          <bioguideId>T000464</bioguideId>
          <lisID>1829</lisID>
          <gpoId>8258</gpoId>
        </identifiers>
        <state>MT</state>
      </item>
      <item>
        <isOriginalCosponsor>True</isOriginalCosponsor>
        <party>D</party>
        <middleName />
        <sponsorshipDate>2017-03-13</sponsorshipDate>
        <lastName>CANTWELL</lastName>
        <bioguideId>C000127</bioguideId>
        <fullName>Sen. Cantwell, Maria [D-WA]</fullName>
        <sponsorshipWithdrawnDate />
        <firstName>MARIA</firstName>
        <identifiers>
          <bioguideId>C000127</bioguideId>
          <gpoId>8288</gpoId>
          <lisID>172</lisID>
        </identifiers>
        <state>WA</state>
      </item>
    </cosponsors>
    <version>1.0.0</version>
    <laws />
    <sponsors>
      <item>
        <fullName>Sen. Udall, Tom [D-NM]</fullName>
        <bioguideId>U000039</bioguideId>
        <lastName>UDALL</lastName>
        <middleName />
        <identifiers>
          <gpoId>8260</gpoId>
          <bioguideId>U000039</bioguideId>
          <lisID>1567</lisID>
        </identifiers>
        <firstName>TOM</firstName>
        <state>NM</state>
        <byRequestType />
        <party>D</party>
      </item>
    </sponsors>
    <committeeReports>
      <committeeReport>
        <citation>S. Rept. 115-163</citation>
      </committeeReport>
    </committeeReports>
    <notes />
    <summaries>
      <billSummaries>
        <item>
          <versionCode>00</versionCode>
          <actionDate>2017-03-13</actionDate>
          <lastSummaryUpdateDate>2017-07-07T19:19:21Z</lastSummaryUpdateDate>
          <updateDate>2017-03-13T04:00:00Z</updateDate>
          <actionDesc>Introduced in Senate</actionDesc>
          <text><![CDATA[<p><b>Native American Business Incubators Program Act </b></p> <p>This bill requires the Department of the Interior to establish a grant program in the Office of Indian Energy and Economic Development for establishing and operating business incubators that serve Native American communities. A business incubator is an organization that: (1) provides physical workspace and facilities resources to startups and established businesses, and (2) is designed to accelerate the growth and success of businesses through a variety of business support resources and services. Grant applicants may be institutions of higher education, private nonprofits, Native American tribes, or tribal nonprofits.</p> <p>Interior must facilitate the establishment of relationships between grant recipients and educational institutions serving Native American communities.</p>]]></text>
          <name>Introduced in Senate</name>
        </item>
        <item>
          <versionCode>80</versionCode>
          <actionDate>2017-09-26</actionDate>
          <lastSummaryUpdateDate>2018-02-07T22:37:54Z</lastSummaryUpdateDate>
          <updateDate>2017-09-26T12:36:16Z</updateDate>
          <actionDesc>Reported to Senate without amendment</actionDesc>
          <text><![CDATA[<p>(This measure has not been amended since it was introduced. The summary has been expanded because action occurred on the measure.)</p> <p><b>Native American Business Incubators Program Act </b></p> <p>(Sec. 4) This bill requires the Department of the Interior to establish a grant program in the Office of Indian Energy and Economic Development for establishing and operating business incubators that serve Native American communities. A business incubator is an organization that: (1) provides physical workspace and facilities resources to startups and established businesses, and (2) is designed to accelerate the growth and success of businesses through a variety of business support resources and services.</p> <p> Grant applicants may be institutions of higher education, private nonprofits, Native American tribes, or tribal nonprofits.</p> <p>Interior must issue a grant for a three-year term and may renew a grant for up to three more years.</p> <p> Grant recipients must provide a nonfederal contribution of at least 25% of the annual grant disbursement each year or 33% of a grant renewal, unless Interior waives this requirement.</p> <p>(Sec. 6) Interior must facilitate the establishment of relationships between grant recipients and educational institutions serving Native American communities.</p> <p>(Sec. 7) Interior must coordinate with the Department of Agriculture, the Department of Commerce, the Department of the Treasury, and the Small Business Administration to ensure that grant recipients have the information and materials needed to provide Native American businesses and entrepreneurs with assistance in applying for federal business and entrepreneurial development programs.</p>]]></text>
          <name>Reported to Senate without amendment</name>
        </item>
      </billSummaries>
    </summaries>
    <introducedDate>2017-03-13</introducedDate>
    <cboCostEstimates>
      <item>
        <title>S. 607, Native American Business Incubators Program Act</title>
        <url>https://www.cbo.gov/publication/52657</url>
        <pubDate>2017-04-21T20:00:33Z</pubDate>
      </item>
    </cboCostEstimates>
    <relatedBills>
      <item>
        <latestTitle>Jobs for Tribes Act</latestTitle>
        <latestAction>
          <actionDate>2018-01-17</actionDate>
          <text>Subcommittee Hearings Held.</text>
        </latestAction>
        <congress>115</congress>
        <number>4506</number>
        <type>HR</type>
        <relationshipDetails>
          <item>
            <type>Related bill</type>
            <identifiedBy>CRS</identifiedBy>
          </item>
        </relationshipDetails>
      </item>
    </relatedBills>
    <committees>
      <billCommittees>
        <item>
          <type>Other</type>
          <name>Indian Affairs Committee</name>
          <chamber>Senate</chamber>
          <systemCode>slia00</systemCode>
          <activities>
            <item>
              <date>2017-09-26T19:34:43Z</date>
              <name>Reported by</name>
            </item>
            <item>
              <date>2017-03-29T18:30:00Z</date>
              <name>Markup by</name>
            </item>
            <item>
              <date>2017-03-13T22:34:31Z</date>
              <name>Referred to</name>
            </item>
          </activities>
          <subcommittees />
        </item>
      </billCommittees>
    </committees>
    <subjects>
      <billSubjects>
        <policyArea>
          <name>Native Americans</name>
        </policyArea>
        <legislativeSubjects>
          <item>
            <name>Business education</name>
          </item>
          <item>
            <name>Business investment and capital</name>
          </item>
          <item>
            <name>Economic development</name>
          </item>
          <item>
            <name>Education programs funding</name>
          </item>
          <item>
            <name>Indian social and development programs</name>
          </item>
          <item>
            <name>Minority education</name>
          </item>
        </legislativeSubjects>
      </billSubjects>
    </subjects>
    <policyArea>
      <name>Native Americans</name>
    </policyArea>
    <recordedVotes />
    <latestAction>
      <actionDate>2017-09-26</actionDate>
      <text>Placed on Senate Legislative Calendar under General Orders. Calendar No. 229.</text>
      <links />
    </latestAction>
    <titles>
      <item>
        <title>Native American Business Incubators Program Act</title>
        <titleType>Short Titles as Reported to Senate</titleType>
        <chamberCode>S</chamberCode>
        <parentTitleType>Short Titles Senate</parentTitleType>
        <chamberName>Senate</chamberName>
      </item>
      <item>
        <title>Native American Business Incubators Program Act</title>
        <titleType>Short Titles as Introduced</titleType>
        <chamberCode />
        <parentTitleType />
        <chamberName />
      </item>
      <item>
        <title>A bill to establish a business incubators program within the Department of the Interior to promote economic development in Indian reservation communities.</title>
        <titleType>Official Title as Introduced</titleType>
        <chamberCode />
        <parentTitleType />
        <chamberName />
      </item>
      <item>
        <title>Native American Business Incubators Program Act</title>
        <titleType>Display Title</titleType>
        <chamberCode />
        <parentTitleType />
        <chamberName />
      </item>
      <item>
        <title>Native American Business Incubators Program Act</title>
        <titleType>(Extracted from GPO) Short Titles as Reported to Senate</titleType>
        <chamberCode>S</chamberCode>
        <parentTitleType />
        <chamberName>Senate</chamberName>
      </item>
      <item>
        <title>Native American Business Incubators Program Act</title>
        <titleType>(Extracted from GPO) Short Titles as Introduced</titleType>
        <chamberCode />
        <parentTitleType />
        <chamberName />
      </item>
    </titles>
    <amendments />
    <billType>S</billType>
    <calendarNumbers>
      <item>
        <calendar>Senate Calendar of Business</calendar>
        <number>0229</number>
      </item>
    </calendarNumbers>
    <title>Native American Business Incubators Program Act</title>
    <congress>115</congress>
    <updateDate>2018-02-22T15:28:46Z</updateDate>
    <actions>
      <actionTypeCounts>
        <orderedReported>1</orderedReported>
        <referredToCommittee>1</referredToCommittee>
        <placedOnCalendarGeneralOrders>1</placedOnCalendarGeneralOrders>
        <reportedToSenate>2</reportedToSenate>
        <introducedInSenate>1</introducedInSenate>
      </actionTypeCounts>
      <item>
        <actionDate>2017-09-26</actionDate>
        <committee />
        <links />
        <sourceSystem>
          <code>0</code>
          <name>Senate</name>
        </sourceSystem>
        <text>Placed on Senate Legislative Calendar under General Orders. Calendar No. 229.</text>
        <type>Calendars</type>
      </item>
      <item>
        <actionDate>2017-09-26</actionDate>
        <committee>
          <name>Indian Affairs Committee</name>
          <systemCode>slia00</systemCode>
        </committee>
        <links>
          <link>
            <name>report No. 115-163</name>
            <url>https://www.congress.gov/congressional-report/115th-congress/senate-report/163</url>
          </link>
        </links>
        <sourceSystem>
          <code>0</code>
          <name>Senate</name>
        </sourceSystem>
        <text>Committee on Indian Affairs. Reported by Senator Hoeven without amendment. With written report No. 115-163.</text>
        <type>Committee</type>
      </item>
      <item>
        <links>
          <link>
            <name>report No. 115-163</name>
            <url>https://www.congress.gov/congressional-report/115th-congress/senate-report/163</url>
          </link>
        </links>
        <committee>
          <name>Indian Affairs Committee</name>
          <systemCode>slia00</systemCode>
        </committee>
        <type>Committee</type>
        <actionCode>14000</actionCode>
        <actionDate>2017-09-26</actionDate>
        <sourceSystem>
          <code>9</code>
          <name>Library of Congress</name>
        </sourceSystem>
        <text>Committee on Indian Affairs. Reported by Senator Hoeven without amendment. With written report No. 115-163.</text>
      </item>
      <item>
        <actionDate>2017-03-29</actionDate>
        <committee>
          <name>Indian Affairs Committee</name>
          <systemCode>slia00</systemCode>
        </committee>
        <links />
        <sourceSystem>
          <code>0</code>
          <name>Senate</name>
        </sourceSystem>
        <text>Committee on Indian Affairs. Ordered to be reported without amendment favorably.</text>
        <type>Committee</type>
      </item>
      <item>
        <actionDate>2017-03-13</actionDate>
        <committee>
          <name>Indian Affairs Committee</name>
          <systemCode>slia00</systemCode>
        </committee>
        <links />
        <sourceSystem>
          <code>0</code>
          <name>Senate</name>
        </sourceSystem>
        <text>Read twice and referred to the Committee on Indian Affairs.</text>
        <type>IntroReferral</type>
      </item>
      <item>
        <links />
        <committee />
        <type>IntroReferral</type>
        <actionCode>10000</actionCode>
        <actionDate>2017-03-13</actionDate>
        <sourceSystem>
          <code>9</code>
          <name>Library of Congress</name>
        </sourceSystem>
        <text>Introduced in Senate</text>
      </item>
      <actionByCounts>
        <senate>6</senate>
      </actionByCounts>
    </actions>
  </bill>
  <dublinCore xmlns:dc="http://purl.org/dc/elements/1.1/">
    <dc:format>text/xml</dc:format>
    <dc:language>EN</dc:language>
    <dc:rights>Pursuant to Title 17 Section 105 of the United States Code, this file is not subject to copyright protection and is in the public domain.</dc:rights>
    <dc:contributor>Congressional Research Service, Library of Congress</dc:contributor>
    <dc:description>This file contains bill summaries and statuses for federal legislation. A bill summary describes the most significant provisions of a piece of legislation and details the effects the legislative text may have on current law and federal programs. Bill summaries are authored by the Congressional Research Service (CRS) of the Library of Congress. As stated in Public Law 91-510 (2 USC 166 (d)(6)), one of the duties of CRS is "to prepare summaries and digests of bills and resolutions of a public general nature introduced in the Senate or House of Representatives". For more information, refer to the User Guide that accompanies this file.</dc:description>
  </dublinCore>
</billStatus>

