<?xml version="1.0" encoding="UTF-8"?>
<billStatus>
  <bill>
    <relatedBills>
      <item>
        <latestTitle>Marijuana Revenue and Regulation Act</latestTitle>
        <number>1823</number>
        <latestAction>
          <actionDate>2017-03-30</actionDate>
          <text>Referred to the House Committee on Ways and Means.</text>
        </latestAction>
        <congress>115</congress>
        <relationshipDetails>
          <item>
            <identifiedBy>CRS</identifiedBy>
            <type>Related bill</type>
          </item>
        </relationshipDetails>
        <type>HR</type>
      </item>
      <item>
        <latestTitle>Regulate Marijuana Like Alcohol Act</latestTitle>
        <number>1841</number>
        <latestAction>
          <actionDate>2017-04-24</actionDate>
          <text>Referred to the Subcommittee on Conservation and Forestry.</text>
        </latestAction>
        <congress>115</congress>
        <relationshipDetails>
          <item>
            <identifiedBy>CRS</identifiedBy>
            <type>Related bill</type>
          </item>
        </relationshipDetails>
        <type>HR</type>
      </item>
    </relatedBills>
    <originChamber>Senate</originChamber>
    <recordedVotes />
    <latestAction>
      <text>Read twice and referred to the Committee on Finance.</text>
      <links />
      <actionDate>2017-03-30</actionDate>
    </latestAction>
    <createDate>2017-03-31T05:07:21Z</createDate>
    <title>Marijuana Revenue and Regulation Act</title>
    <summaries>
      <billSummaries>
        <item>
          <versionCode>00</versionCode>
          <updateDate>2017-03-30T04:00:00Z</updateDate>
          <actionDate>2017-03-30</actionDate>
          <text><![CDATA[<p><b>Marijuana Revenue and Regulation Act </b></p> <p>This bill removes marijuana from the list of controlled substances and establishes requirements for the taxation and regulation of marijuana products. </p> <p>The bill amends the Internal Revenue Code to impose: (1) an excise tax on any marijuana product produced in or imported into the United States, and (2) an occupational tax on marijuana production facilities and export warehouses. </p> <p>The term "marijuana product" does not include: (1) any article containing marijuana which has been approved by the Food and Drug Administration for sale for therapeutic purposes and is marketed and sold solely for such purpose, or (2) industrial hemp</p> <p>The excise tax includes exemptions for: (1) products that are used for research or by government entities for nonconsumption purposes; and (2) the transfer of products between production, import, and export facilities. A credit or refund of the tax must be issued for products that are withdrawn from the market, lost, or destroyed.</p> <p>The Department of Justice must remove marijuana from all schedules of controlled substances under the Controlled Substances Act (CSA). The bill amends the CSA to require penalties for shipping or transporting marijuana into any state or jurisdiction where it is illegal. </p> <p>The bill requires producers, importers, and exporters of marijuana products to: </p> <ul> <li> obtain a permit and a bond covering tax liability from the Department of the Treasury prior to beginning operations; </li> <li> meet recordkeeping requirements; and </li> <li>comply with certain policies and restrictions regarding packaging, labeling, and advertising.</li> </ul> <p>The bill also:</p> <ul> <li>establishes penalties for violations of marijuana laws; </li> <li>prohibits the sale of more than one ounce of marijuana in any single retail transaction; and </li> <li>provides specified authorities to the Food and Drug Administration and the Bureau of Alcohol, Tobacco, Firearms, and Explosives with respect to marijuana. </li> </ul>]]></text>
          <actionDesc>Introduced in Senate</actionDesc>
          <lastSummaryUpdateDate>2017-06-26T18:35:58Z</lastSummaryUpdateDate>
          <name>Introduced in Senate</name>
        </item>
      </billSummaries>
    </summaries>
    <actions>
      <item>
        <actionDate>2017-03-30</actionDate>
        <committee>
          <systemCode>ssfi00</systemCode>
          <name>Finance Committee</name>
        </committee>
        <links />
        <sourceSystem>
          <name>Senate</name>
          <code>0</code>
        </sourceSystem>
        <text>Read twice and referred to the Committee on Finance.</text>
        <type>IntroReferral</type>
      </item>
      <item>
        <sourceSystem>
          <name>Library of Congress</name>
          <code>9</code>
        </sourceSystem>
        <actionDate>2017-03-30</actionDate>
        <links />
        <text>Introduced in Senate</text>
        <committee />
        <actionCode>10000</actionCode>
        <type>IntroReferral</type>
      </item>
      <actionByCounts>
        <senate>2</senate>
      </actionByCounts>
      <actionTypeCounts>
        <referredToCommittee>1</referredToCommittee>
        <introducedInSenate>1</introducedInSenate>
      </actionTypeCounts>
    </actions>
    <updateDate>2018-02-06T16:45:09Z</updateDate>
    <amendments />
    <notes />
    <sponsors>
      <item>
        <bioguideId>W000779</bioguideId>
        <middleName />
        <byRequestType />
        <firstName>RON</firstName>
        <lastName>WYDEN</lastName>
        <state>OR</state>
        <party>D</party>
        <identifiers>
          <lisID>1247</lisID>
          <gpoId>8265</gpoId>
          <bioguideId>W000779</bioguideId>
        </identifiers>
        <fullName>Sen. Wyden, Ron [D-OR]</fullName>
      </item>
    </sponsors>
    <committees>
      <billCommittees>
        <item>
          <chamber>Senate</chamber>
          <subcommittees />
          <systemCode>ssfi00</systemCode>
          <name>Finance Committee</name>
          <activities>
            <item>
              <name>Referred to</name>
              <date>2017-03-30T15:53:59Z</date>
            </item>
          </activities>
          <type>Standing</type>
        </item>
      </billCommittees>
    </committees>
    <cosponsors />
    <laws />
    <policyArea>
      <name>Taxation</name>
    </policyArea>
    <cboCostEstimates />
    <billNumber>776</billNumber>
    <congress>115</congress>
    <version>1.0.0</version>
    <introducedDate>2017-03-30</introducedDate>
    <committeeReports />
    <titles>
      <item>
        <chamberCode />
        <titleType>(Extracted from GPO) Short Titles as Introduced</titleType>
        <parentTitleType />
        <chamberName />
        <title>Marijuana Revenue and Regulation Act</title>
      </item>
      <item>
        <chamberCode />
        <titleType>Short Titles as Introduced</titleType>
        <parentTitleType />
        <chamberName />
        <title>Marijuana Revenue and Regulation Act</title>
      </item>
      <item>
        <chamberCode />
        <titleType>Official Title as Introduced</titleType>
        <parentTitleType />
        <chamberName />
        <title>A bill to amend the Internal Revenue Code of 1986 to provide for the taxation and regulation of marijuana products, and for other purposes.</title>
      </item>
      <item>
        <chamberCode />
        <titleType>Display Title</titleType>
        <parentTitleType />
        <chamberName />
        <title>Marijuana Revenue and Regulation Act</title>
      </item>
    </titles>
    <calendarNumbers />
    <subjects>
      <billSubjects>
        <policyArea>
          <name>Taxation</name>
        </policyArea>
        <legislativeSubjects>
          <item>
            <name>Administrative law and regulatory procedures</name>
          </item>
          <item>
            <name>Administrative remedies</name>
          </item>
          <item>
            <name>Civil actions and liability</name>
          </item>
          <item>
            <name>Congressional oversight</name>
          </item>
          <item>
            <name>Consumer affairs</name>
          </item>
          <item>
            <name>Department of Justice</name>
          </item>
          <item>
            <name>Department of the Treasury</name>
          </item>
          <item>
            <name>Drug Enforcement Administration (DEA)</name>
          </item>
          <item>
            <name>Drug trafficking and controlled substances</name>
          </item>
          <item>
            <name>Drug, alcohol, tobacco use</name>
          </item>
          <item>
            <name>Executive agency funding and structure</name>
          </item>
          <item>
            <name>Fraud offenses and financial crimes</name>
          </item>
          <item>
            <name>Government studies and investigations</name>
          </item>
          <item>
            <name>Judicial review and appeals</name>
          </item>
          <item>
            <name>Licensing and registrations</name>
          </item>
          <item>
            <name>Marketing and advertising</name>
          </item>
          <item>
            <name>Retail and wholesale trades</name>
          </item>
          <item>
            <name>Sales and excise taxes</name>
          </item>
          <item>
            <name>Tax administration and collection, taxpayers</name>
          </item>
          <item>
            <name>Trade restrictions</name>
          </item>
        </legislativeSubjects>
      </billSubjects>
    </subjects>
    <billType>S</billType>
  </bill>
  <dublinCore xmlns:dc="http://purl.org/dc/elements/1.1/">
    <dc:format>text/xml</dc:format>
    <dc:language>EN</dc:language>
    <dc:rights>Pursuant to Title 17 Section 105 of the United States Code, this file is not subject to copyright protection and is in the public domain.</dc:rights>
    <dc:contributor>Congressional Research Service, Library of Congress</dc:contributor>
    <dc:description>This file contains bill summaries and statuses for federal legislation. A bill summary describes the most significant provisions of a piece of legislation and details the effects the legislative text may have on current law and federal programs. Bill summaries are authored by the Congressional Research Service (CRS) of the Library of Congress. As stated in Public Law 91-510 (2 USC 166 (d)(6)), one of the duties of CRS is "to prepare summaries and digests of bills and resolutions of a public general nature introduced in the Senate or House of Representatives". For more information, refer to the User Guide that accompanies this file.</dc:description>
  </dublinCore>
</billStatus>

