<?xml version="1.0" encoding="UTF-8"?>
<billStatus>
  <bill>
    <amendments />
    <notes />
    <actions>
      <actionTypeCounts>
        <referredToCommittee>1</referredToCommittee>
        <introducedInSenate>1</introducedInSenate>
        <orderedReported>1</orderedReported>
        <placedOnCalendarGeneralOrders>1</placedOnCalendarGeneralOrders>
        <reportedToSenate>2</reportedToSenate>
      </actionTypeCounts>
      <item>
        <actionDate>2017-06-08</actionDate>
        <committee />
        <links />
        <sourceSystem>
          <code>0</code>
          <name>Senate</name>
        </sourceSystem>
        <text>Placed on Senate Legislative Calendar under General Orders. Calendar No. 127.</text>
        <type>Calendars</type>
      </item>
      <item>
        <actionDate>2017-06-08</actionDate>
        <committee>
          <systemCode>sseg00</systemCode>
          <name>Energy and Natural Resources Committee</name>
        </committee>
        <links>
          <link>
            <url>https://www.congress.gov/congressional-report/115th-congress/senate-report/97</url>
            <name>report No. 115-97</name>
          </link>
        </links>
        <sourceSystem>
          <code>0</code>
          <name>Senate</name>
        </sourceSystem>
        <text>Committee on Energy and Natural Resources. Reported by Senator Murkowski without amendment. With written report No. 115-97.</text>
        <type>Committee</type>
      </item>
      <item>
        <sourceSystem>
          <code>9</code>
          <name>Library of Congress</name>
        </sourceSystem>
        <committee>
          <systemCode>sseg00</systemCode>
          <name>Energy and Natural Resources Committee</name>
        </committee>
        <type>Committee</type>
        <actionDate>2017-06-08</actionDate>
        <links>
          <link>
            <url>https://www.congress.gov/congressional-report/115th-congress/senate-report/97</url>
            <name>report No. 115-97</name>
          </link>
        </links>
        <text>Committee on Energy and Natural Resources. Reported by Senator Murkowski without amendment. With written report No. 115-97.</text>
        <actionCode>14000</actionCode>
      </item>
      <item>
        <actionDate>2017-03-30</actionDate>
        <committee>
          <systemCode>sseg00</systemCode>
          <name>Energy and Natural Resources Committee</name>
        </committee>
        <links />
        <sourceSystem>
          <code>0</code>
          <name>Senate</name>
        </sourceSystem>
        <text>Committee on Energy and Natural Resources. Ordered to be reported without amendment favorably.</text>
        <type>Committee</type>
      </item>
      <item>
        <actionDate>2017-01-24</actionDate>
        <committee>
          <systemCode>sseg00</systemCode>
          <name>Energy and Natural Resources Committee</name>
        </committee>
        <links />
        <sourceSystem>
          <code>0</code>
          <name>Senate</name>
        </sourceSystem>
        <text>Read twice and referred to the Committee on Energy and Natural Resources.</text>
        <type>IntroReferral</type>
      </item>
      <item>
        <sourceSystem>
          <code>9</code>
          <name>Library of Congress</name>
        </sourceSystem>
        <committee />
        <type>IntroReferral</type>
        <actionDate>2017-01-24</actionDate>
        <links />
        <text>Introduced in Senate</text>
        <actionCode>10000</actionCode>
      </item>
      <actionByCounts>
        <senate>6</senate>
      </actionByCounts>
    </actions>
    <cosponsors>
      <item>
        <identifiers>
          <bioguideId>S001194</bioguideId>
          <lisID>2173</lisID>
          <gpoId />
        </identifiers>
        <lastName>Schatz</lastName>
        <firstName>Brian</firstName>
        <middleName />
        <sponsorshipWithdrawnDate />
        <fullName>Sen. Schatz, Brian [D-HI]</fullName>
        <isOriginalCosponsor>True</isOriginalCosponsor>
        <sponsorshipDate>2017-01-24</sponsorshipDate>
        <state>HI</state>
        <party>D</party>
        <bioguideId>S001194</bioguideId>
      </item>
    </cosponsors>
    <sponsors>
      <item>
        <lastName>Barrasso</lastName>
        <byRequestType />
        <fullName>Sen. Barrasso, John [R-WY]</fullName>
        <firstName>John</firstName>
        <party>R</party>
        <identifiers>
          <bioguideId>B001261</bioguideId>
          <gpoId>8300</gpoId>
          <lisID>1881</lisID>
        </identifiers>
        <state>WY</state>
        <bioguideId>B001261</bioguideId>
        <middleName />
      </item>
    </sponsors>
    <originChamber>Senate</originChamber>
    <version>1.0.0</version>
    <introducedDate>2017-01-24</introducedDate>
    <calendarNumbers>
      <item>
        <number>0127</number>
        <calendar>Senate Calendar of Business</calendar>
      </item>
    </calendarNumbers>
    <committees>
      <billCommittees>
        <item>
          <activities>
            <item>
              <date>2017-06-08T22:04:18Z</date>
              <name>Reported by</name>
            </item>
            <item>
              <date>2017-03-30T13:30:00Z</date>
              <name>Markup by</name>
            </item>
            <item>
              <date>2017-01-24T21:41:28Z</date>
              <name>Referred to</name>
            </item>
          </activities>
          <chamber>Senate</chamber>
          <subcommittees />
          <systemCode>sseg00</systemCode>
          <name>Energy and Natural Resources Committee</name>
          <type>Standing</type>
        </item>
      </billCommittees>
    </committees>
    <createDate>2017-01-25T04:45:58Z</createDate>
    <relatedBills>
      <item>
        <congress>115</congress>
        <latestTitle>Bureau of Reclamation Transparency Act</latestTitle>
        <type>HR</type>
        <relationshipDetails>
          <item>
            <identifiedBy>House</identifiedBy>
            <type>Related bill</type>
          </item>
          <item>
            <identifiedBy>CRS</identifiedBy>
            <type>Identical bill</type>
          </item>
        </relationshipDetails>
        <latestAction>
          <text>Placed on the Union Calendar, Calendar No. 103.</text>
          <actionDate>2017-06-02</actionDate>
        </latestAction>
        <number>660</number>
      </item>
    </relatedBills>
    <recordedVotes />
    <laws />
    <committeeReports>
      <committeeReport>
        <citation>S. Rept. 115-97</citation>
      </committeeReport>
    </committeeReports>
    <policyArea>
      <name>Water Resources Development</name>
    </policyArea>
    <billNumber>216</billNumber>
    <title>Bureau of Reclamation Transparency Act</title>
    <subjects>
      <billSubjects>
        <legislativeSubjects>
          <item>
            <name>Appropriations</name>
          </item>
          <item>
            <name>Congressional oversight</name>
          </item>
          <item>
            <name>Dams and canals</name>
          </item>
          <item>
            <name>Department of the Interior</name>
          </item>
          <item>
            <name>Government information and archives</name>
          </item>
          <item>
            <name>Infrastructure development</name>
          </item>
          <item>
            <name>Water resources funding</name>
          </item>
          <item>
            <name>Water use and supply</name>
          </item>
        </legislativeSubjects>
        <policyArea>
          <name>Water Resources Development</name>
        </policyArea>
      </billSubjects>
    </subjects>
    <billType>S</billType>
    <cboCostEstimates>
      <item>
        <pubDate>2017-04-13T15:13:07Z</pubDate>
        <title>S. 216, Bureau of Reclamation Transparency Act</title>
        <url>https://www.cbo.gov/publication/52642</url>
      </item>
    </cboCostEstimates>
    <congress>115</congress>
    <titles>
      <item>
        <chamberName>Senate</chamberName>
        <title>Bureau of Reclamation Transparency Act</title>
        <titleType>(Extracted from GPO) Short Titles as Reported to Senate</titleType>
        <chamberCode>S</chamberCode>
        <parentTitleType />
      </item>
      <item>
        <chamberName />
        <title>Bureau of Reclamation Transparency Act</title>
        <titleType>(Extracted from GPO) Short Titles as Introduced</titleType>
        <chamberCode />
        <parentTitleType />
      </item>
      <item>
        <chamberName>Senate</chamberName>
        <title>Bureau of Reclamation Transparency Act</title>
        <titleType>Short Titles as Reported to Senate</titleType>
        <chamberCode>S</chamberCode>
        <parentTitleType>Short Titles Senate</parentTitleType>
      </item>
      <item>
        <chamberName />
        <title>Bureau of Reclamation Transparency Act</title>
        <titleType>Short Titles as Introduced</titleType>
        <chamberCode />
        <parentTitleType />
      </item>
      <item>
        <chamberName />
        <title>A bill to require the Secretary of the Interior to submit to Congress a report on the efforts of the Bureau of Reclamation to manage its infrastructure assets.</title>
        <titleType>Official Title as Introduced</titleType>
        <chamberCode />
        <parentTitleType />
      </item>
      <item>
        <chamberName />
        <title>Bureau of Reclamation Transparency Act</title>
        <titleType>Display Title</titleType>
        <chamberCode />
        <parentTitleType />
      </item>
    </titles>
    <updateDate>2018-02-22T15:28:42Z</updateDate>
    <summaries>
      <billSummaries>
        <item>
          <lastSummaryUpdateDate>2017-02-08T21:00:55Z</lastSummaryUpdateDate>
          <text><![CDATA[<p><b>Bureau of Reclamation Transparency Act</b></p> <p>This bill directs the Department of the Interior to submit to Congress, make publicly available, and biennially update an Asset Management Report that describes the Bureau of Reclamation's efforts to maintain in a reliable manner all reserved works (buildings, structures, facilities, or equipment owned by the Bureau for which operations and maintenance are performed by Bureau employees or through a contract with the Bureau) at Reclamation facilities (infrastructure assets that are owned by the Bureau at each Reclamation project owned by the Bureau) and to standardize and streamline data reporting and processes across regions and areas for the purpose of maintaining such works.</p> <p>Such Report shall include: (1) a detailed assessment of major repair and rehabilitation needs for all such works; and (2) an itemized list of major repair and rehabilitation needs of individual Reclamation facilities at each Reclamation project, including a budget level cost estimate of appropriations needed to complete each item and an assignment of a categorical rating for each item consistent with existing uniform categorization systems to inform the annual budget process and agency requirements.</p> <p>Interior shall: (1) coordinate with the non-federal entities responsible for the operation and maintenance of transferred works (Reclamation facilities at which operations and maintenance are carried out by a non-federal entity under a formal agreement with the Bureau) in developing reporting requirements for Asset Management Reports with respect to major repair and rehabilitation needs for such works; and (2) develop and implement a categorical rating system for transferred works.</p> <p>The bill reduces the maximum amount of the federal share of the cost of the Central Valley Water Recycling Project otherwise available as of the date of enactment of this bill by $2 million.</p>]]></text>
          <actionDesc>Introduced in Senate</actionDesc>
          <actionDate>2017-01-24</actionDate>
          <name>Introduced in Senate</name>
          <updateDate>2017-01-24T05:00:00Z</updateDate>
          <versionCode>00</versionCode>
        </item>
        <item>
          <lastSummaryUpdateDate>2017-09-05T18:59:11Z</lastSummaryUpdateDate>
          <text><![CDATA[<p>(This measure has not been amended since it was introduced. The summary has been expanded because action occurred on the measure.)</p> <p><b>Bureau of Reclamation Transparency Act</b></p> <p>(Sec. 4) This bill directs the Department of the Interior to submit to Congress, make publicly available, and biennially update an Asset Management Report that describes the Bureau of Reclamation's efforts to maintain in a reliable manner all reserved works (buildings, structures, facilities, or equipment owned by the Bureau for which operations and maintenance are performed by Bureau employees or through a contract with the Bureau) at Reclamation facilities (infrastructure assets that are owned by the Bureau at each Reclamation project owned by the Bureau) and to standardize and streamline data reporting and processes across regions and areas for the purpose of maintaining such works.</p> <p>Such report shall include: (1) a detailed assessment of major repair and rehabilitation needs for all such works; and (2) an itemized list of major repair and rehabilitation needs of individual Reclamation facilities at each Reclamation project, including a budget level cost estimate of appropriations needed to complete each item and an assignment of a categorical rating for each item consistent with existing uniform categorization systems to inform the annual budget process and agency requirements.</p> <p>(Sec. 5) Interior shall: (1) coordinate with the non-federal entities responsible for the operation and maintenance of transferred works (Reclamation facilities at which operations and maintenance are carried out by a non-federal entity under a formal agreement with the Bureau) in developing reporting requirements for Asset Management Reports with respect to major repair and rehabilitation needs for such works, and (2) develop and implement a categorical rating system for transferred works.</p> <p>(Sec. 6) The bill reduces the maximum amount of the federal share of the cost of the Central Valley Water Recycling Project otherwise available as of the date of enactment of this bill by $2 million.</p>]]></text>
          <actionDesc>Reported to Senate without amendment</actionDesc>
          <actionDate>2017-06-08</actionDate>
          <name>Reported to Senate without amendment</name>
          <updateDate>2017-06-08T14:09:13Z</updateDate>
          <versionCode>80</versionCode>
        </item>
      </billSummaries>
    </summaries>
    <latestAction>
      <text>Placed on Senate Legislative Calendar under General Orders. Calendar No. 127.</text>
      <actionDate>2017-06-08</actionDate>
      <links />
    </latestAction>
  </bill>
  <dublinCore xmlns:dc="http://purl.org/dc/elements/1.1/">
    <dc:format>text/xml</dc:format>
    <dc:language>EN</dc:language>
    <dc:rights>Pursuant to Title 17 Section 105 of the United States Code, this file is not subject to copyright protection and is in the public domain.</dc:rights>
    <dc:contributor>Congressional Research Service, Library of Congress</dc:contributor>
    <dc:description>This file contains bill summaries and statuses for federal legislation. A bill summary describes the most significant provisions of a piece of legislation and details the effects the legislative text may have on current law and federal programs. Bill summaries are authored by the Congressional Research Service (CRS) of the Library of Congress. As stated in Public Law 91-510 (2 USC 166 (d)(6)), one of the duties of CRS is "to prepare summaries and digests of bills and resolutions of a public general nature introduced in the Senate or House of Representatives". For more information, refer to the User Guide that accompanies this file.</dc:description>
  </dublinCore>
</billStatus>

