<?xml version="1.0" encoding="UTF-8"?>
<billStatus>
  <bill>
    <actions>
      <actionByCounts>
        <senate>6</senate>
      </actionByCounts>
      <item>
        <actionDate>2017-05-03</actionDate>
        <committee />
        <links />
        <sourceSystem>
          <code>0</code>
          <name>Senate</name>
        </sourceSystem>
        <text>Placed on Senate Legislative Calendar under General Orders. Calendar No. 50.</text>
        <type>Calendars</type>
      </item>
      <item>
        <actionDate>2017-05-03</actionDate>
        <committee>
          <name>Energy and Natural Resources Committee</name>
          <systemCode>sseg00</systemCode>
        </committee>
        <links>
          <link>
            <name>report No. 115-36</name>
            <url>https://www.congress.gov/congressional-report/115th-congress/senate-report/36</url>
          </link>
        </links>
        <sourceSystem>
          <code>0</code>
          <name>Senate</name>
        </sourceSystem>
        <text>Committee on Energy and Natural Resources. Reported by Senator Murkowski without amendment. With written report No. 115-36.</text>
        <type>Committee</type>
      </item>
      <item>
        <committee>
          <name>Energy and Natural Resources Committee</name>
          <systemCode>sseg00</systemCode>
        </committee>
        <links>
          <link>
            <name>report No. 115-36</name>
            <url>https://www.congress.gov/congressional-report/115th-congress/senate-report/36</url>
          </link>
        </links>
        <text>Committee on Energy and Natural Resources. Reported by Senator Murkowski without amendment. With written report No. 115-36.</text>
        <actionDate>2017-05-03</actionDate>
        <type>Committee</type>
        <actionCode>14000</actionCode>
        <sourceSystem>
          <code>9</code>
          <name>Library of Congress</name>
        </sourceSystem>
      </item>
      <item>
        <actionDate>2017-03-30</actionDate>
        <committee>
          <name>Energy and Natural Resources Committee</name>
          <systemCode>sseg00</systemCode>
        </committee>
        <links />
        <sourceSystem>
          <code>0</code>
          <name>Senate</name>
        </sourceSystem>
        <text>Committee on Energy and Natural Resources. Ordered to be reported without amendment favorably.</text>
        <type>Committee</type>
      </item>
      <item>
        <actionDate>2017-01-11</actionDate>
        <committee>
          <name>Energy and Natural Resources Committee</name>
          <systemCode>sseg00</systemCode>
        </committee>
        <links />
        <sourceSystem>
          <code>0</code>
          <name>Senate</name>
        </sourceSystem>
        <text>Read twice and referred to the Committee on Energy and Natural Resources.</text>
        <type>IntroReferral</type>
      </item>
      <item>
        <committee />
        <links />
        <text>Introduced in Senate</text>
        <actionDate>2017-01-11</actionDate>
        <type>IntroReferral</type>
        <actionCode>10000</actionCode>
        <sourceSystem>
          <code>9</code>
          <name>Library of Congress</name>
        </sourceSystem>
      </item>
      <actionTypeCounts>
        <reportedToSenate>2</reportedToSenate>
        <orderedReported>1</orderedReported>
        <placedOnCalendarGeneralOrders>1</placedOnCalendarGeneralOrders>
        <introducedInSenate>1</introducedInSenate>
        <referredToCommittee>1</referredToCommittee>
      </actionTypeCounts>
    </actions>
    <latestAction>
      <links />
      <text>Placed on Senate Legislative Calendar under General Orders. Calendar No. 50.</text>
      <actionDate>2017-05-03</actionDate>
    </latestAction>
    <laws />
    <cosponsors />
    <title>James K. Polk Presidential Home Study Act</title>
    <committees>
      <billCommittees>
        <item>
          <systemCode>sseg00</systemCode>
          <chamber>Senate</chamber>
          <type>Standing</type>
          <name>Energy and Natural Resources Committee</name>
          <subcommittees />
          <activities>
            <item>
              <date>2017-05-03T22:41:59Z</date>
              <name>Reported by</name>
            </item>
            <item>
              <date>2017-03-30T13:30:00Z</date>
              <name>Markup by</name>
            </item>
            <item>
              <date>2017-01-11T19:05:15Z</date>
              <name>Referred to</name>
            </item>
          </activities>
        </item>
      </billCommittees>
    </committees>
    <notes />
    <committeeReports>
      <committeeReport>
        <citation>S. Rept. 115-36</citation>
      </committeeReport>
    </committeeReports>
    <calendarNumbers>
      <item>
        <calendar>Senate Calendar of Business</calendar>
        <number>0050</number>
      </item>
    </calendarNumbers>
    <policyArea>
      <name>Public Lands and Natural Resources</name>
    </policyArea>
    <summaries>
      <billSummaries>
        <item>
          <actionDate>2017-01-11</actionDate>
          <name>Introduced in Senate</name>
          <versionCode>00</versionCode>
          <actionDesc>Introduced in Senate</actionDesc>
          <lastSummaryUpdateDate>2017-03-13T19:42:21Z</lastSummaryUpdateDate>
          <text><![CDATA[<p><b>James K. Polk Presidential Home Study Act</b></p> <p> This bill directs the Department of the Interior to conduct a special resource study of the James K. Polk Home and adjacent property in Columbia, Tennessee. </p> <p>In conducting this study, Interior shall evaluate the national significance of the study area, determine the suitability and feasibility of designating it as a unit of the National Park System, and&nbsp; consider other alternatives for preservation, protection, and interpretation of the study area by government entities or private and nonprofit organizations.<br /></p>]]></text>
          <updateDate>2017-01-11T05:00:00Z</updateDate>
        </item>
        <item>
          <actionDate>2017-05-03</actionDate>
          <name>Reported to Senate without amendment</name>
          <versionCode>80</versionCode>
          <actionDesc>Reported to Senate without amendment</actionDesc>
          <lastSummaryUpdateDate>2017-06-01T19:46:45Z</lastSummaryUpdateDate>
          <text><![CDATA[<p>(This measure has not been amended since it was introduced. The summary has been expanded because action occurred on the measure.)</p> <p><b>James K. Polk Presidential Home Study Act</b></p> <p> (Sec. 2) This bill directs the Department of the Interior to conduct a special resource study of the James K. Polk Home and adjacent property in Columbia, Tennessee. </p> <p>In conducting this study, Interior shall evaluate the national significance of the study area, determine the suitability and feasibility of designating it as a unit of the National Park System, and&nbsp; consider other alternatives for preservation, protection, and interpretation of the study area by government entities or private and nonprofit organizations.<br /></p>]]></text>
          <updateDate>2017-05-03T14:08:45Z</updateDate>
        </item>
      </billSummaries>
    </summaries>
    <subjects>
      <billSubjects>
        <legislativeSubjects>
          <item>
            <name>Government studies and investigations</name>
          </item>
          <item>
            <name>Historic sites and heritage areas</name>
          </item>
          <item>
            <name>Parks, recreation areas, trails</name>
          </item>
          <item>
            <name>Presidents and presidential powers, Vice Presidents</name>
          </item>
          <item>
            <name>Tennessee</name>
          </item>
        </legislativeSubjects>
        <policyArea>
          <name>Public Lands and Natural Resources</name>
        </policyArea>
      </billSubjects>
    </subjects>
    <billNumber>99</billNumber>
    <cboCostEstimates>
      <item>
        <pubDate>2017-04-10T20:25:22Z</pubDate>
        <url>https://www.cbo.gov/publication/52608</url>
        <title>S. 99, James K. Polk Presidential Home Study Act</title>
      </item>
    </cboCostEstimates>
    <introducedDate>2017-01-11</introducedDate>
    <congress>115</congress>
    <billType>S</billType>
    <sponsors>
      <item>
        <state>TN</state>
        <middleName />
        <bioguideId>A000360</bioguideId>
        <firstName>Lamar</firstName>
        <byRequestType />
        <lastName>Alexander</lastName>
        <identifiers>
          <bioguideId>A000360</bioguideId>
          <gpoId>8304</gpoId>
          <lisID>1695</lisID>
        </identifiers>
        <fullName>Sen. Alexander, Lamar [R-TN]</fullName>
        <party>R</party>
      </item>
    </sponsors>
    <amendments />
    <version>1.0.0</version>
    <relatedBills>
      <item>
        <latestTitle>James K. Polk Presidential Home Study Act</latestTitle>
        <type>HR</type>
        <relationshipDetails>
          <item>
            <type>Related bill</type>
            <identifiedBy>CRS</identifiedBy>
          </item>
          <item>
            <type>Related bill</type>
            <identifiedBy>House</identifiedBy>
          </item>
        </relationshipDetails>
        <latestAction>
          <text>Placed on the Union Calendar, Calendar No. 400.</text>
          <actionDate>2018-01-29</actionDate>
        </latestAction>
        <congress>115</congress>
        <number>443</number>
      </item>
    </relatedBills>
    <createDate>2017-01-12T08:17:36Z</createDate>
    <updateDate>2018-02-22T15:29:48Z</updateDate>
    <recordedVotes />
    <titles>
      <item>
        <chamberName>Senate</chamberName>
        <title>James K. Polk Presidential Home Study Act</title>
        <titleType>(Extracted from GPO) Short Titles as Reported to Senate</titleType>
        <chamberCode>S</chamberCode>
        <parentTitleType />
      </item>
      <item>
        <chamberName />
        <title>James K. Polk Presidential Home Study Act</title>
        <titleType>(Extracted from GPO) Short Titles as Introduced</titleType>
        <chamberCode />
        <parentTitleType />
      </item>
      <item>
        <chamberName>Senate</chamberName>
        <title>James K. Polk Presidential Home Study Act</title>
        <titleType>Short Titles as Reported to Senate</titleType>
        <chamberCode>S</chamberCode>
        <parentTitleType>Short Titles Senate</parentTitleType>
      </item>
      <item>
        <chamberName />
        <title>James K. Polk Presidential Home Study Act</title>
        <titleType>Short Titles as Introduced</titleType>
        <chamberCode />
        <parentTitleType />
      </item>
      <item>
        <chamberName />
        <title>A bill to require the Secretary of the Interior to study the suitability and feasibility of designating the President James K. Polk Home in Columbia, Tennessee, as a unit of the National Park System, and for other purposes.</title>
        <titleType>Official Title as Introduced</titleType>
        <chamberCode />
        <parentTitleType />
      </item>
      <item>
        <chamberName />
        <title>James K. Polk Presidential Home Study Act</title>
        <titleType>Display Title</titleType>
        <chamberCode />
        <parentTitleType />
      </item>
    </titles>
    <originChamber>Senate</originChamber>
  </bill>
  <dublinCore xmlns:dc="http://purl.org/dc/elements/1.1/">
    <dc:format>text/xml</dc:format>
    <dc:language>EN</dc:language>
    <dc:rights>Pursuant to Title 17 Section 105 of the United States Code, this file is not subject to copyright protection and is in the public domain.</dc:rights>
    <dc:contributor>Congressional Research Service, Library of Congress</dc:contributor>
    <dc:description>This file contains bill summaries and statuses for federal legislation. A bill summary describes the most significant provisions of a piece of legislation and details the effects the legislative text may have on current law and federal programs. Bill summaries are authored by the Congressional Research Service (CRS) of the Library of Congress. As stated in Public Law 91-510 (2 USC 166 (d)(6)), one of the duties of CRS is "to prepare summaries and digests of bills and resolutions of a public general nature introduced in the Senate or House of Representatives". For more information, refer to the User Guide that accompanies this file.</dc:description>
  </dublinCore>
</billStatus>

