<?xml version="1.0" encoding="UTF-8"?>
<billStatus>
  <bill>
    <createDate>2017-02-02T05:28:48Z</createDate>
    <billNumber>267</billNumber>
    <originChamber>Senate</originChamber>
    <cosponsors>
      <item>
        <isOriginalCosponsor>True</isOriginalCosponsor>
        <party>R</party>
        <middleName />
        <sponsorshipDate>2017-02-01</sponsorshipDate>
        <lastName>Murkowski</lastName>
        <bioguideId>M001153</bioguideId>
        <fullName>Sen. Murkowski, Lisa [R-AK]</fullName>
        <sponsorshipWithdrawnDate />
        <firstName>Lisa</firstName>
        <identifiers>
          <bioguideId>M001153</bioguideId>
          <lisID>1694</lisID>
          <gpoId>8234</gpoId>
        </identifiers>
        <state>AK</state>
      </item>
    </cosponsors>
    <version>1.0.0</version>
    <laws />
    <sponsors>
      <item>
        <fullName>Sen. Sullivan, Dan  [R-AK]</fullName>
        <bioguideId>S001198</bioguideId>
        <lastName>Sullivan</lastName>
        <middleName />
        <identifiers>
          <bioguideId>S001198</bioguideId>
          <gpoId />
          <lisID>2290</lisID>
        </identifiers>
        <firstName>Dan</firstName>
        <state>AK</state>
        <byRequestType />
        <party>R</party>
      </item>
    </sponsors>
    <committeeReports>
      <committeeReport>
        <citation>S. Rept. 115-98</citation>
      </committeeReport>
    </committeeReports>
    <notes />
    <summaries>
      <billSummaries>
        <item>
          <text><![CDATA[<p>This bill directs the Department of the Interior, after consulting with the U.S. Forest Service, to modify the boundary of the Swan Lake Hydroelectric Project (FERC No. 2911) in southeast Alaska and to convey any additional land necessary for the project to the state of Alaska.</p>]]></text>
          <lastSummaryUpdateDate>2017-03-06T19:48:10Z</lastSummaryUpdateDate>
          <versionCode>00</versionCode>
          <actionDesc>Introduced in Senate</actionDesc>
          <actionDate>2017-02-01</actionDate>
          <name>Introduced in Senate</name>
          <updateDate>2017-02-01T05:00:00Z</updateDate>
        </item>
        <item>
          <text><![CDATA[<p>(This measure has not been amended since it was introduced. The summary has been expanded because action occurred on the measure.)</p> <p>(Sec.1)This bill directs the Department of the Interior, after consulting with the U.S. Forest Service, to modify the boundary of the Swan Lake Hydroelectric Project (FERC No. 2911) in southeast Alaska and to convey any additional land necessary for the project to the state of Alaska.</p>]]></text>
          <lastSummaryUpdateDate>2017-10-12T16:51:12Z</lastSummaryUpdateDate>
          <versionCode>80</versionCode>
          <actionDesc>Reported to Senate without amendment</actionDesc>
          <actionDate>2017-06-08</actionDate>
          <name>Reported to Senate without amendment</name>
          <updateDate>2017-06-08T14:09:53Z</updateDate>
        </item>
      </billSummaries>
    </summaries>
    <introducedDate>2017-02-01</introducedDate>
    <cboCostEstimates>
      <item>
        <title>S. 267, a bill to provide for the correction of a survey of certain land in the state of Alaska</title>
        <url>https://www.cbo.gov/publication/52667</url>
        <pubDate>2017-04-27T15:26:47Z</pubDate>
      </item>
    </cboCostEstimates>
    <relatedBills>
      <item>
        <number>219</number>
        <relationshipDetails>
          <item>
            <identifiedBy>House</identifiedBy>
            <type>Related bill</type>
          </item>
          <item>
            <identifiedBy>CRS</identifiedBy>
            <type>Related bill</type>
          </item>
        </relationshipDetails>
        <type>HR</type>
        <latestAction>
          <actionDate>2018-02-07</actionDate>
          <text>Received in the Senate. Read twice. Placed on Senate Legislative Calendar under General Orders. Calendar No. 306.</text>
        </latestAction>
        <latestTitle>Swan Lake Hydroelectric Project Boundary Correction Act</latestTitle>
        <congress>115</congress>
      </item>
    </relatedBills>
    <committees>
      <billCommittees>
        <item>
          <systemCode>sseg00</systemCode>
          <type>Standing</type>
          <subcommittees />
          <chamber>Senate</chamber>
          <name>Energy and Natural Resources Committee</name>
          <activities>
            <item>
              <name>Reported by</name>
              <date>2017-06-08T22:07:56Z</date>
            </item>
            <item>
              <name>Markup by</name>
              <date>2017-03-30T13:30:00Z</date>
            </item>
            <item>
              <name>Referred to</name>
              <date>2017-02-01T22:21:51Z</date>
            </item>
          </activities>
        </item>
      </billCommittees>
    </committees>
    <subjects>
      <billSubjects>
        <legislativeSubjects>
          <item>
            <name>Alaska</name>
          </item>
          <item>
            <name>Alternative and renewable resources</name>
          </item>
          <item>
            <name>Dams and canals</name>
          </item>
          <item>
            <name>Electric power generation and transmission</name>
          </item>
          <item>
            <name>Land transfers</name>
          </item>
        </legislativeSubjects>
        <policyArea>
          <name>Public Lands and Natural Resources</name>
        </policyArea>
      </billSubjects>
    </subjects>
    <policyArea>
      <name>Public Lands and Natural Resources</name>
    </policyArea>
    <recordedVotes />
    <latestAction>
      <actionDate>2017-06-08</actionDate>
      <text>Placed on Senate Legislative Calendar under General Orders. Calendar No. 128.</text>
      <links />
    </latestAction>
    <titles>
      <item>
        <titleType>Official Title as Introduced</titleType>
        <chamberCode />
        <title>A bill to provide for the correction of a survey of certain land in the State of Alaska.</title>
        <chamberName />
        <parentTitleType />
      </item>
      <item>
        <titleType>Display Title</titleType>
        <chamberCode />
        <title>A bill to provide for the correction of a survey of certain land in the State of Alaska.</title>
        <chamberName />
        <parentTitleType />
      </item>
    </titles>
    <amendments />
    <billType>S</billType>
    <calendarNumbers>
      <item>
        <calendar>Senate Calendar of Business</calendar>
        <number>0128</number>
      </item>
    </calendarNumbers>
    <title>A bill to provide for the correction of a survey of certain land in the State of Alaska.</title>
    <congress>115</congress>
    <updateDate>2018-02-22T15:29:44Z</updateDate>
    <actions>
      <actionTypeCounts>
        <introducedInSenate>1</introducedInSenate>
        <reportedToSenate>2</reportedToSenate>
        <orderedReported>1</orderedReported>
        <placedOnCalendarGeneralOrders>1</placedOnCalendarGeneralOrders>
        <referredToCommittee>1</referredToCommittee>
      </actionTypeCounts>
      <item>
        <actionDate>2017-06-08</actionDate>
        <committee />
        <links />
        <sourceSystem>
          <code>0</code>
          <name>Senate</name>
        </sourceSystem>
        <text>Placed on Senate Legislative Calendar under General Orders. Calendar No. 128.</text>
        <type>Calendars</type>
      </item>
      <item>
        <actionDate>2017-06-08</actionDate>
        <committee>
          <systemCode>sseg00</systemCode>
          <name>Energy and Natural Resources Committee</name>
        </committee>
        <links>
          <link>
            <name>report No. 115-98</name>
            <url>https://www.congress.gov/congressional-report/115th-congress/senate-report/98</url>
          </link>
        </links>
        <sourceSystem>
          <code>0</code>
          <name>Senate</name>
        </sourceSystem>
        <text>Committee on Energy and Natural Resources. Reported by Senator Murkowski without amendment. With written report No. 115-98.</text>
        <type>Committee</type>
      </item>
      <item>
        <committee>
          <systemCode>sseg00</systemCode>
          <name>Energy and Natural Resources Committee</name>
        </committee>
        <sourceSystem>
          <code>9</code>
          <name>Library of Congress</name>
        </sourceSystem>
        <actionDate>2017-06-08</actionDate>
        <text>Committee on Energy and Natural Resources. Reported by Senator Murkowski without amendment. With written report No. 115-98.</text>
        <links>
          <link>
            <name>report No. 115-98</name>
            <url>https://www.congress.gov/congressional-report/115th-congress/senate-report/98</url>
          </link>
        </links>
        <type>Committee</type>
        <actionCode>14000</actionCode>
      </item>
      <item>
        <actionDate>2017-03-30</actionDate>
        <committee>
          <systemCode>sseg00</systemCode>
          <name>Energy and Natural Resources Committee</name>
        </committee>
        <links />
        <sourceSystem>
          <code>0</code>
          <name>Senate</name>
        </sourceSystem>
        <text>Committee on Energy and Natural Resources. Ordered to be reported without amendment favorably.</text>
        <type>Committee</type>
      </item>
      <item>
        <actionDate>2017-02-01</actionDate>
        <committee>
          <systemCode>sseg00</systemCode>
          <name>Energy and Natural Resources Committee</name>
        </committee>
        <links />
        <sourceSystem>
          <code>0</code>
          <name>Senate</name>
        </sourceSystem>
        <text>Read twice and referred to the Committee on Energy and Natural Resources.</text>
        <type>IntroReferral</type>
      </item>
      <item>
        <committee />
        <sourceSystem>
          <code>9</code>
          <name>Library of Congress</name>
        </sourceSystem>
        <actionDate>2017-02-01</actionDate>
        <text>Introduced in Senate</text>
        <links />
        <type>IntroReferral</type>
        <actionCode>10000</actionCode>
      </item>
      <actionByCounts>
        <senate>6</senate>
      </actionByCounts>
    </actions>
  </bill>
  <dublinCore xmlns:dc="http://purl.org/dc/elements/1.1/">
    <dc:format>text/xml</dc:format>
    <dc:language>EN</dc:language>
    <dc:rights>Pursuant to Title 17 Section 105 of the United States Code, this file is not subject to copyright protection and is in the public domain.</dc:rights>
    <dc:contributor>Congressional Research Service, Library of Congress</dc:contributor>
    <dc:description>This file contains bill summaries and statuses for federal legislation. A bill summary describes the most significant provisions of a piece of legislation and details the effects the legislative text may have on current law and federal programs. Bill summaries are authored by the Congressional Research Service (CRS) of the Library of Congress. As stated in Public Law 91-510 (2 USC 166 (d)(6)), one of the duties of CRS is "to prepare summaries and digests of bills and resolutions of a public general nature introduced in the Senate or House of Representatives". For more information, refer to the User Guide that accompanies this file.</dc:description>
  </dublinCore>
</billStatus>

