<?xml version="1.0" encoding="UTF-8"?>
<billStatus>
  <bill>
    <introducedDate>2017-03-27</introducedDate>
    <committees>
      <billCommittees>
        <item>
          <subcommittees />
          <type>Standing</type>
          <name>Energy and Natural Resources Committee</name>
          <activities>
            <item>
              <name>Reported by</name>
              <date>2017-05-24T15:40:33Z</date>
            </item>
            <item>
              <name>Markup by</name>
              <date>2017-03-30T13:30:00Z</date>
            </item>
            <item>
              <name>Referred to</name>
              <date>2017-03-27T21:02:31Z</date>
            </item>
          </activities>
          <chamber>Senate</chamber>
          <systemCode>sseg00</systemCode>
        </item>
      </billCommittees>
    </committees>
    <billType>S</billType>
    <actions>
      <actionTypeCounts>
        <introducedInSenate>1</introducedInSenate>
        <reportedToSenate>2</reportedToSenate>
        <orderedReported>1</orderedReported>
        <placedOnCalendarGeneralOrders>1</placedOnCalendarGeneralOrders>
        <referredToCommittee>1</referredToCommittee>
      </actionTypeCounts>
      <item>
        <actionDate>2017-05-24</actionDate>
        <committee />
        <links />
        <sourceSystem>
          <code>0</code>
          <name>Senate</name>
        </sourceSystem>
        <text>Placed on Senate Legislative Calendar under General Orders. Calendar No. 102.</text>
        <type>Calendars</type>
      </item>
      <item>
        <actionDate>2017-05-24</actionDate>
        <committee>
          <systemCode>sseg00</systemCode>
          <name>Energy and Natural Resources Committee</name>
        </committee>
        <links>
          <link>
            <name>report No. 115-83</name>
            <url>https://www.congress.gov/congressional-report/115th-congress/senate-report/83</url>
          </link>
        </links>
        <sourceSystem>
          <code>0</code>
          <name>Senate</name>
        </sourceSystem>
        <text>Committee on Energy and Natural Resources. Reported by Senator Murkowski with amendments. With written report No. 115-83.</text>
        <type>Committee</type>
      </item>
      <item>
        <committee>
          <systemCode>sseg00</systemCode>
          <name>Energy and Natural Resources Committee</name>
        </committee>
        <sourceSystem>
          <code>9</code>
          <name>Library of Congress</name>
        </sourceSystem>
        <actionDate>2017-05-24</actionDate>
        <text>Committee on Energy and Natural Resources. Reported by Senator Murkowski with amendments. With written report No. 115-83.</text>
        <links>
          <link>
            <name>report No. 115-83</name>
            <url>https://www.congress.gov/congressional-report/115th-congress/senate-report/83</url>
          </link>
        </links>
        <type>Committee</type>
        <actionCode>14000</actionCode>
      </item>
      <item>
        <actionDate>2017-03-30</actionDate>
        <committee>
          <systemCode>sseg00</systemCode>
          <name>Energy and Natural Resources Committee</name>
        </committee>
        <links />
        <sourceSystem>
          <code>0</code>
          <name>Senate</name>
        </sourceSystem>
        <text>Committee on Energy and Natural Resources. Ordered to be reported with an amendment favorably.</text>
        <type>Committee</type>
      </item>
      <item>
        <actionDate>2017-03-27</actionDate>
        <committee>
          <systemCode>sseg00</systemCode>
          <name>Energy and Natural Resources Committee</name>
        </committee>
        <links />
        <sourceSystem>
          <code>0</code>
          <name>Senate</name>
        </sourceSystem>
        <text>Read twice and referred to the Committee on Energy and Natural Resources.</text>
        <type>IntroReferral</type>
      </item>
      <item>
        <committee />
        <sourceSystem>
          <code>9</code>
          <name>Library of Congress</name>
        </sourceSystem>
        <actionDate>2017-03-27</actionDate>
        <text>Introduced in Senate</text>
        <links />
        <type>IntroReferral</type>
        <actionCode>10000</actionCode>
      </item>
      <actionByCounts>
        <senate>6</senate>
      </actionByCounts>
    </actions>
    <summaries>
      <billSummaries>
        <item>
          <versionCode>00</versionCode>
          <text><![CDATA[<p>This bill authorizes the Federal Energy Regulatory Commission (FERC), upon request, to extend by eight years the time period during which construction must commence on the Cannonsville Hydroelectric Project located on the West Branch of the Delaware River in the Catskill Mountains of upstate New York. (The City of New York was granted a construction license for the Cannonsville Hydroelectric Project on May 13, 2014.)</p> <p>Additionally, FERC may reinstate the construction license if it is expired.</p>]]></text>
          <actionDesc>Introduced in Senate</actionDesc>
          <lastSummaryUpdateDate>2017-05-30T15:49:58Z</lastSummaryUpdateDate>
          <updateDate>2017-03-27T04:00:00Z</updateDate>
          <actionDate>2017-03-27</actionDate>
          <name>Introduced in Senate</name>
        </item>
        <item>
          <versionCode>01</versionCode>
          <text><![CDATA[<p>(Sec.1)This bill authorizes the Federal Energy Regulatory Commission (FERC), upon request, to extend by eight years the time period during which construction must commence on the Cannonsville Hydroelectric Project located on the West Branch of the Delaware River in the Catskill Mountains of upstate New York. (The City of New York was granted a construction license for the Cannonsville Hydroelectric Project on May 13, 2014.)</p> <p>Additionally, FERC may reinstate the construction license if it is expired.</p>]]></text>
          <actionDesc>Reported to Senate with amendment(s)</actionDesc>
          <lastSummaryUpdateDate>2017-05-31T21:46:50Z</lastSummaryUpdateDate>
          <updateDate>2017-05-24T12:40:42Z</updateDate>
          <actionDate>2017-05-24</actionDate>
          <name>Reported to Senate with amendment(s)</name>
        </item>
      </billSummaries>
    </summaries>
    <updateDate>2018-02-22T15:28:48Z</updateDate>
    <amendments />
    <subjects>
      <billSubjects>
        <legislativeSubjects>
          <item>
            <name>Administrative law and regulatory procedures</name>
          </item>
          <item>
            <name>Alternative and renewable resources</name>
          </item>
          <item>
            <name>Dams and canals</name>
          </item>
          <item>
            <name>Electric power generation and transmission</name>
          </item>
          <item>
            <name>Federal Energy Regulatory Commission (FERC)</name>
          </item>
          <item>
            <name>Licensing and registrations</name>
          </item>
          <item>
            <name>New York City</name>
          </item>
          <item>
            <name>New York State</name>
          </item>
          <item>
            <name>Water storage</name>
          </item>
        </legislativeSubjects>
        <policyArea>
          <name>Energy</name>
        </policyArea>
      </billSubjects>
    </subjects>
    <calendarNumbers>
      <item>
        <number>0102</number>
        <calendar>Senate Calendar of Business</calendar>
      </item>
    </calendarNumbers>
    <cosponsors>
      <item>
        <fullName>Sen. Schumer, Charles E. [D-NY]</fullName>
        <isOriginalCosponsor>False</isOriginalCosponsor>
        <bioguideId>S000148</bioguideId>
        <middleName>E.</middleName>
        <lastName>SCHUMER</lastName>
        <identifiers>
          <gpoId>8279</gpoId>
          <bioguideId>S000148</bioguideId>
          <lisID>1036</lisID>
        </identifiers>
        <firstName>CHARLES</firstName>
        <sponsorshipDate>2017-03-28</sponsorshipDate>
        <state>NY</state>
        <sponsorshipWithdrawnDate />
        <party>D</party>
      </item>
    </cosponsors>
    <titles>
      <item>
        <titleType>Official Title as Introduced</titleType>
        <parentTitleType />
        <title>A bill to extend a project of the Federal Energy Regulatory Commission involving the Cannonsville Dam.</title>
        <chamberCode />
        <chamberName />
      </item>
      <item>
        <titleType>Display Title</titleType>
        <parentTitleType />
        <title>A bill to extend a project of the Federal Energy Regulatory Commission involving the Cannonsville Dam.</title>
        <chamberCode />
        <chamberName />
      </item>
    </titles>
    <relatedBills>
      <item>
        <number>2292</number>
        <relationshipDetails>
          <item>
            <identifiedBy>CRS</identifiedBy>
            <type>Identical bill</type>
          </item>
          <item>
            <identifiedBy>House</identifiedBy>
            <type>Related bill</type>
          </item>
        </relationshipDetails>
        <type>HR</type>
        <latestAction>
          <actionDate>2017-06-13</actionDate>
          <text>Received in the Senate. Read twice. Placed on Senate Legislative Calendar under General Orders. Calendar No. 139.</text>
        </latestAction>
        <latestTitle>To extend a project of the Federal Energy Regulatory Commission involving the Cannonsville Dam.</latestTitle>
        <congress>115</congress>
      </item>
    </relatedBills>
    <policyArea>
      <name>Energy</name>
    </policyArea>
    <version>1.0.0</version>
    <latestAction>
      <actionDate>2017-05-24</actionDate>
      <links />
      <text>Placed on Senate Legislative Calendar under General Orders. Calendar No. 102.</text>
    </latestAction>
    <originChamber>Senate</originChamber>
    <sponsors>
      <item>
        <state>NY</state>
        <fullName>Sen. Gillibrand, Kirsten E. [D-NY]</fullName>
        <bioguideId>G000555</bioguideId>
        <firstName>Kirsten</firstName>
        <byRequestType />
        <party>D</party>
        <middleName>E.</middleName>
        <identifiers>
          <bioguideId>G000555</bioguideId>
          <lisID>1866</lisID>
          <gpoId>8336</gpoId>
        </identifiers>
        <lastName>Gillibrand</lastName>
      </item>
    </sponsors>
    <cboCostEstimates>
      <item>
        <title>S. 734, a bill to extend a project of the Federal Energy Regulatory Commission involving the Cannonsville Dam</title>
        <pubDate>2017-04-07T15:02:00Z</pubDate>
        <url>https://www.cbo.gov/publication/52586</url>
      </item>
    </cboCostEstimates>
    <createDate>2017-03-28T05:32:35Z</createDate>
    <congress>115</congress>
    <recordedVotes />
    <laws />
    <title>A bill to extend a project of the Federal Energy Regulatory Commission involving the Cannonsville Dam.</title>
    <committeeReports>
      <committeeReport>
        <citation>S. Rept. 115-83</citation>
      </committeeReport>
    </committeeReports>
    <billNumber>734</billNumber>
    <notes />
  </bill>
  <dublinCore xmlns:dc="http://purl.org/dc/elements/1.1/">
    <dc:format>text/xml</dc:format>
    <dc:language>EN</dc:language>
    <dc:rights>Pursuant to Title 17 Section 105 of the United States Code, this file is not subject to copyright protection and is in the public domain.</dc:rights>
    <dc:contributor>Congressional Research Service, Library of Congress</dc:contributor>
    <dc:description>This file contains bill summaries and statuses for federal legislation. A bill summary describes the most significant provisions of a piece of legislation and details the effects the legislative text may have on current law and federal programs. Bill summaries are authored by the Congressional Research Service (CRS) of the Library of Congress. As stated in Public Law 91-510 (2 USC 166 (d)(6)), one of the duties of CRS is "to prepare summaries and digests of bills and resolutions of a public general nature introduced in the Senate or House of Representatives". For more information, refer to the User Guide that accompanies this file.</dc:description>
  </dublinCore>
</billStatus>

