<?xml version="1.0" encoding="UTF-8"?>
<billStatus>
  <bill>
    <relatedBills />
    <originChamber>Senate</originChamber>
    <recordedVotes />
    <latestAction>
      <text>Read twice and referred to the Committee on Banking, Housing, and Urban Affairs. (Sponsor introductory remarks on measure: CR S1780)</text>
      <links />
      <actionDate>2017-03-13</actionDate>
    </latestAction>
    <createDate>2017-03-14T05:27:25Z</createDate>
    <title>PCAOB Enforcement Transparency Act of 2017</title>
    <summaries>
      <billSummaries>
        <item>
          <lastSummaryUpdateDate>2017-07-17T21:11:25Z</lastSummaryUpdateDate>
          <updateDate>2017-03-13T04:00:00Z</updateDate>
          <versionCode>00</versionCode>
          <text><![CDATA[<p><b>PCAOB Enforcement Transparency Act of 2017</b></p> <p>This bill amends the Sarbanes-Oxley Act of 2002 to make Public Company Accounting Oversight Board disciplinary proceedings open to the public unless the board, on its own motion or after considering the motion of a party, orders otherwise.</p>]]></text>
          <name>Introduced in Senate</name>
          <actionDesc>Introduced in Senate</actionDesc>
          <actionDate>2017-03-13</actionDate>
        </item>
      </billSummaries>
    </summaries>
    <actions>
      <actionByCounts>
        <senate>2</senate>
      </actionByCounts>
      <actionTypeCounts>
        <referredToCommittee>1</referredToCommittee>
        <introducedInSenate>1</introducedInSenate>
      </actionTypeCounts>
      <item>
        <actionDate>2017-03-13</actionDate>
        <committee>
          <systemCode>ssbk00</systemCode>
          <name>Banking, Housing, and Urban Affairs Committee</name>
        </committee>
        <links>
          <link>
            <name>S1780</name>
            <url>https://www.congress.gov/congressional-record/volume-163/senate-section/page/S1780</url>
          </link>
        </links>
        <sourceSystem>
          <name>Senate</name>
          <code>0</code>
        </sourceSystem>
        <text>Read twice and referred to the Committee on Banking, Housing, and Urban Affairs. (Sponsor introductory remarks on measure: CR S1780)</text>
        <type>IntroReferral</type>
      </item>
      <item>
        <sourceSystem>
          <name>Library of Congress</name>
          <code>9</code>
        </sourceSystem>
        <actionDate>2017-03-13</actionDate>
        <text>Introduced in Senate</text>
        <type>IntroReferral</type>
        <links />
        <committee />
        <actionCode>10000</actionCode>
      </item>
    </actions>
    <updateDate>2018-02-06T16:44:59Z</updateDate>
    <amendments />
    <notes />
    <sponsors>
      <item>
        <bioguideId>R000122</bioguideId>
        <middleName>F.</middleName>
        <byRequestType />
        <firstName>JOHN</firstName>
        <lastName>REED</lastName>
        <state>RI</state>
        <party>D</party>
        <identifiers>
          <lisID>949</lisID>
          <gpoId>8272</gpoId>
          <bioguideId>R000122</bioguideId>
        </identifiers>
        <fullName>Sen. Reed, Jack [D-RI]</fullName>
      </item>
    </sponsors>
    <committees>
      <billCommittees>
        <item>
          <chamber>Senate</chamber>
          <subcommittees />
          <systemCode>ssbk00</systemCode>
          <name>Banking, Housing, and Urban Affairs Committee</name>
          <activities>
            <item>
              <name>Referred to</name>
              <date>2017-03-13T19:39:12Z</date>
            </item>
          </activities>
          <type>Standing</type>
        </item>
      </billCommittees>
    </committees>
    <cosponsors>
      <item>
        <bioguideId>G000386</bioguideId>
        <sponsorshipDate>2017-03-13</sponsorshipDate>
        <isOriginalCosponsor>True</isOriginalCosponsor>
        <middleName>ERNEST</middleName>
        <sponsorshipWithdrawnDate />
        <firstName>CHARLES</firstName>
        <lastName>GRASSLEY</lastName>
        <state>IA</state>
        <party>R</party>
        <identifiers>
          <lisID>457</lisID>
          <bioguideId>G000386</bioguideId>
          <gpoId>8316</gpoId>
        </identifiers>
        <fullName>Sen. Grassley, Chuck [R-IA]</fullName>
      </item>
    </cosponsors>
    <laws />
    <policyArea>
      <name>Finance and Financial Sector</name>
    </policyArea>
    <cboCostEstimates />
    <billNumber>610</billNumber>
    <congress>115</congress>
    <version>1.0.0</version>
    <introducedDate>2017-03-13</introducedDate>
    <committeeReports />
    <titles>
      <item>
        <parentTitleType />
        <chamberCode />
        <chamberName />
        <titleType>(Extracted from GPO) Short Titles as Introduced</titleType>
        <title>PCAOB Enforcement Transparency Act of 2017</title>
      </item>
      <item>
        <parentTitleType />
        <chamberCode />
        <chamberName />
        <titleType>Short Titles as Introduced</titleType>
        <title>PCAOB Enforcement Transparency Act of 2017</title>
      </item>
      <item>
        <parentTitleType />
        <chamberCode />
        <chamberName />
        <titleType>Official Title as Introduced</titleType>
        <title>A bill to promote transparency by permitting the Public Company Accounting Oversight Board to allow its disciplinary proceedings to be open to the public, and for other purposes.</title>
      </item>
      <item>
        <parentTitleType />
        <chamberCode />
        <chamberName />
        <titleType>Display Title</titleType>
        <title>PCAOB Enforcement Transparency Act of 2017</title>
      </item>
    </titles>
    <calendarNumbers />
    <subjects>
      <billSubjects>
        <legislativeSubjects>
          <item>
            <name>Accounting and auditing</name>
          </item>
          <item>
            <name>Administrative remedies</name>
          </item>
          <item>
            <name>Banking and financial institutions regulation</name>
          </item>
          <item>
            <name>Corporate finance and management</name>
          </item>
          <item>
            <name>Public participation and lobbying</name>
          </item>
        </legislativeSubjects>
        <policyArea>
          <name>Finance and Financial Sector</name>
        </policyArea>
      </billSubjects>
    </subjects>
    <billType>S</billType>
  </bill>
  <dublinCore xmlns:dc="http://purl.org/dc/elements/1.1/">
    <dc:format>text/xml</dc:format>
    <dc:language>EN</dc:language>
    <dc:rights>Pursuant to Title 17 Section 105 of the United States Code, this file is not subject to copyright protection and is in the public domain.</dc:rights>
    <dc:contributor>Congressional Research Service, Library of Congress</dc:contributor>
    <dc:description>This file contains bill summaries and statuses for federal legislation. A bill summary describes the most significant provisions of a piece of legislation and details the effects the legislative text may have on current law and federal programs. Bill summaries are authored by the Congressional Research Service (CRS) of the Library of Congress. As stated in Public Law 91-510 (2 USC 166 (d)(6)), one of the duties of CRS is "to prepare summaries and digests of bills and resolutions of a public general nature introduced in the Senate or House of Representatives". For more information, refer to the User Guide that accompanies this file.</dc:description>
  </dublinCore>
</billStatus>

