<?xml version="1.0" encoding="UTF-8"?>
<billStatus>
  <bill>
    <titles>
      <item>
        <parentTitleType />
        <chamberCode>S</chamberCode>
        <chamberName>Senate</chamberName>
        <titleType>(Extracted from GPO) Short Titles as Passed Senate</titleType>
        <title>Public Safety Officers’ Benefits Improvement Act of 2017</title>
      </item>
      <item>
        <parentTitleType />
        <chamberCode />
        <chamberName />
        <titleType>(Extracted from GPO) Short Titles as Introduced</titleType>
        <title>Public Safety Officers’ Benefits Improvement Act of 2017</title>
      </item>
      <item>
        <parentTitleType />
        <chamberCode>S</chamberCode>
        <chamberName>Senate</chamberName>
        <titleType>(Extracted from GPO) Short Titles as Reported to Senate</titleType>
        <title>Public Safety Officers’ Benefits Improvement Act of 2017</title>
      </item>
      <item>
        <parentTitleType>Short Title</parentTitleType>
        <chamberCode />
        <chamberName />
        <titleType>Short Titles as Enacted</titleType>
        <title>Public Safety Officers' Benefits Improvement Act of 2017</title>
      </item>
      <item>
        <parentTitleType>Short Titles Senate</parentTitleType>
        <chamberCode>S</chamberCode>
        <chamberName>Senate</chamberName>
        <titleType>Short Titles as Passed Senate</titleType>
        <title>Public Safety Officers' Benefits Improvement Act of 2017</title>
      </item>
      <item>
        <parentTitleType>Short Titles House of Representatives</parentTitleType>
        <chamberCode>H</chamberCode>
        <chamberName>House</chamberName>
        <titleType>Short Titles as Passed House</titleType>
        <title>Public Safety Officers' Benefits Improvement Act of 2017</title>
      </item>
      <item>
        <parentTitleType>Short Titles Senate</parentTitleType>
        <chamberCode>S</chamberCode>
        <chamberName>Senate</chamberName>
        <titleType>Short Titles as Reported to Senate</titleType>
        <title>Public Safety Officers' Benefits Improvement Act of 2017</title>
      </item>
      <item>
        <parentTitleType />
        <chamberCode />
        <chamberName />
        <titleType>Short Titles as Introduced</titleType>
        <title>Public Safety Officers' Benefits Improvement Act of 2017</title>
      </item>
      <item>
        <parentTitleType />
        <chamberCode />
        <chamberName />
        <titleType>Official Title as Introduced</titleType>
        <title>A bill to require adequate reporting on the Public Safety Officers' Benefits program, and for other purposes.</title>
      </item>
      <item>
        <parentTitleType />
        <chamberCode />
        <chamberName />
        <titleType>Display Title</titleType>
        <title>Public Safety Officers' Benefits Improvement Act of 2017</title>
      </item>
    </titles>
    <committeeReports />
    <sponsors>
      <item>
        <firstName>CHARLES</firstName>
        <identifiers>
          <lisID>457</lisID>
          <bioguideId>G000386</bioguideId>
          <gpoId>8316</gpoId>
        </identifiers>
        <party>R</party>
        <bioguideId>G000386</bioguideId>
        <lastName>GRASSLEY</lastName>
        <fullName>Sen. Grassley, Chuck [R-IA]</fullName>
        <byRequestType />
        <middleName>ERNEST</middleName>
        <state>IA</state>
      </item>
    </sponsors>
    <title>Public Safety Officers' Benefits Improvement Act of 2017</title>
    <actions>
      <actionTypeCounts>
        <measureLaidBeforeSenate>1</measureLaidBeforeSenate>
        <hearingsHeld>1</hearingsHeld>
        <becamePublicLaw>2</becamePublicLaw>
        <finalPassageUnderSuspensionOfTheRulesResults>1</finalPassageUnderSuspensionOfTheRulesResults>
        <heldAtTheDesk>1</heldAtTheDesk>
        <placeholderTextForE>3</placeholderTextForE>
        <sentToHouse>1</sentToHouse>
        <passedSenate>1</passedSenate>
        <passedAgreedToInSenate>1</passedAgreedToInSenate>
        <placedOnCalendarGeneralOrders>1</placedOnCalendarGeneralOrders>
        <generalDebate>1</generalDebate>
        <reportedToSenate>2</reportedToSenate>
        <introducedInSenate>1</introducedInSenate>
        <presentedToPresident>1</presentedToPresident>
        <referredToCommittee>1</referredToCommittee>
        <passedAgreedToInHouse>1</passedAgreedToInHouse>
        <orderedReported>1</orderedReported>
        <receivedInTheHouse>1</receivedInTheHouse>
        <motionMadeToSuspendTheRules>1</motionMadeToSuspendTheRules>
        <considerationByHouse>1</considerationByHouse>
        <motionToReconsiderResults>1</motionToReconsiderResults>
      </actionTypeCounts>
      <item>
        <actionDate>2018-01-17</actionDate>
        <committee>
          <systemCode>ssju00</systemCode>
          <name>Judiciary Committee</name>
        </committee>
        <links />
        <sourceSystem>
          <name>Senate</name>
          <code>0</code>
        </sourceSystem>
        <text>Committee on the Judiciary. Hearings held.</text>
        <type>Committee</type>
      </item>
      <item>
        <type>President</type>
        <links>
          <link>
            <name>Public Law No: 115-36</name>
            <url>https://www.congress.gov/bill/115th-congress/senate-bill/419/text/pl</url>
          </link>
        </links>
        <text>Became Public Law No: 115-36.</text>
        <committee />
        <actionDate>2017-06-02</actionDate>
        <sourceSystem>
          <name>House floor actions</name>
          <code>2</code>
        </sourceSystem>
        <actionCode>E40000</actionCode>
      </item>
      <item>
        <type>BecameLaw</type>
        <links>
          <link>
            <name>Public Law No: 115-36</name>
            <url>https://www.congress.gov/bill/115th-congress/senate-bill/419/text/pl</url>
          </link>
        </links>
        <text>Became Public Law No: 115-36.</text>
        <committee />
        <actionDate>2017-06-02</actionDate>
        <sourceSystem>
          <name>Library of Congress</name>
          <code>9</code>
        </sourceSystem>
        <actionCode>36000</actionCode>
      </item>
      <item>
        <type>President</type>
        <links />
        <text>Signed by President.</text>
        <committee />
        <actionDate>2017-06-02</actionDate>
        <sourceSystem>
          <name>House floor actions</name>
          <code>2</code>
        </sourceSystem>
        <actionCode>E30000</actionCode>
      </item>
      <item>
        <type>BecameLaw</type>
        <links />
        <text>Signed by President.</text>
        <committee />
        <actionDate>2017-06-02</actionDate>
        <sourceSystem>
          <name>Library of Congress</name>
          <code>9</code>
        </sourceSystem>
        <actionCode>36000</actionCode>
      </item>
      <item>
        <type>Floor</type>
        <links />
        <text>Presented to President.</text>
        <committee />
        <actionDate>2017-05-22</actionDate>
        <sourceSystem>
          <name>House floor actions</name>
          <code>2</code>
        </sourceSystem>
        <actionCode>E20000</actionCode>
      </item>
      <item>
        <type>President</type>
        <links />
        <text>Presented to President.</text>
        <committee />
        <actionDate>2017-05-22</actionDate>
        <sourceSystem>
          <name>Library of Congress</name>
          <code>9</code>
        </sourceSystem>
        <actionCode>28000</actionCode>
      </item>
      <item>
        <actionTime>14:30:40</actionTime>
        <links />
        <text>Motion to reconsider laid on the table Agreed to without objection.</text>
        <committee />
        <actionDate>2017-05-17</actionDate>
        <sourceSystem>
          <name>House floor actions</name>
          <code>2</code>
        </sourceSystem>
        <actionCode>H38310</actionCode>
        <type>Floor</type>
      </item>
      <item>
        <actionTime>14:30:38</actionTime>
        <links>
          <link>
            <name>H4248-4249</name>
            <url>https://www.congress.gov/congressional-record/volume-163/house-section/page/H4248-4249</url>
          </link>
        </links>
        <text>On motion to suspend the rules and pass the bill Agreed to by voice vote. (text: CR H4248-4249)</text>
        <committee />
        <actionDate>2017-05-17</actionDate>
        <sourceSystem>
          <name>House floor actions</name>
          <code>2</code>
        </sourceSystem>
        <actionCode>H37300</actionCode>
        <type>Floor</type>
      </item>
      <item>
        <actionTime>14:30:38</actionTime>
        <links />
        <text>Passed/agreed to in House: On motion to suspend the rules and pass the bill Agreed to by voice vote.</text>
        <committee />
        <actionDate>2017-05-17</actionDate>
        <sourceSystem>
          <name>Library of Congress</name>
          <code>9</code>
        </sourceSystem>
        <actionCode>8000</actionCode>
        <type>Floor</type>
      </item>
      <item>
        <actionTime>14:18:48</actionTime>
        <links>
          <link>
            <name>S. 419</name>
            <url>https://www.congress.gov/bill/115th-congress/senate-bill/419</url>
          </link>
        </links>
        <text>DEBATE - The House proceeded with forty minutes of debate on S. 419.</text>
        <committee />
        <actionDate>2017-05-17</actionDate>
        <sourceSystem>
          <name>House floor actions</name>
          <code>2</code>
        </sourceSystem>
        <actionCode>H8D000</actionCode>
        <type>Floor</type>
      </item>
      <item>
        <actionTime>14:18:47</actionTime>
        <links>
          <link>
            <name>H4248-4251</name>
            <url>https://www.congress.gov/congressional-record/volume-163/house-section/page/H4248-4251</url>
          </link>
        </links>
        <text>Considered under suspension of the rules. (consideration: CR H4248-4251)</text>
        <committee />
        <actionDate>2017-05-17</actionDate>
        <sourceSystem>
          <name>House floor actions</name>
          <code>2</code>
        </sourceSystem>
        <actionCode>H30000</actionCode>
        <type>Floor</type>
      </item>
      <item>
        <actionTime>14:18:39</actionTime>
        <links />
        <text>Mr. Goodlatte moved to suspend the rules and pass the bill.</text>
        <committee />
        <actionDate>2017-05-17</actionDate>
        <sourceSystem>
          <name>House floor actions</name>
          <code>2</code>
        </sourceSystem>
        <actionCode>H30300</actionCode>
        <type>Floor</type>
      </item>
      <item>
        <actionTime>14:04:30</actionTime>
        <links />
        <text>Held at the desk.</text>
        <committee />
        <actionDate>2017-05-17</actionDate>
        <sourceSystem>
          <name>House floor actions</name>
          <code>2</code>
        </sourceSystem>
        <actionCode>H15000</actionCode>
        <type>Floor</type>
      </item>
      <item>
        <actionTime>12:38:02</actionTime>
        <links />
        <text>Received in the House.</text>
        <committee />
        <actionDate>2017-05-17</actionDate>
        <sourceSystem>
          <name>House floor actions</name>
          <code>2</code>
        </sourceSystem>
        <actionCode>H14000</actionCode>
        <type>Floor</type>
      </item>
      <item>
        <actionDate>2017-05-17</actionDate>
        <committee />
        <links />
        <sourceSystem>
          <name>Senate</name>
          <code>0</code>
        </sourceSystem>
        <text>Message on Senate action sent to the House.</text>
        <type>Floor</type>
      </item>
      <item>
        <actionDate>2017-05-16</actionDate>
        <committee />
        <links />
        <sourceSystem>
          <name>Senate</name>
          <code>0</code>
        </sourceSystem>
        <text>Passed Senate with an amendment by Unanimous Consent.</text>
        <type>Floor</type>
      </item>
      <item>
        <type>Floor</type>
        <links />
        <text>Passed/agreed to in Senate: Passed Senate with an amendment by Unanimous Consent.</text>
        <committee />
        <actionDate>2017-05-16</actionDate>
        <sourceSystem>
          <name>Library of Congress</name>
          <code>9</code>
        </sourceSystem>
        <actionCode>17000</actionCode>
      </item>
      <item>
        <actionDate>2017-05-16</actionDate>
        <committee />
        <links>
          <link>
            <name>S2954</name>
            <url>https://www.congress.gov/congressional-record/volume-163/senate-section/page/S2954</url>
          </link>
        </links>
        <sourceSystem>
          <name>Senate</name>
          <code>0</code>
        </sourceSystem>
        <text>Measure laid before Senate by unanimous consent. (consideration: CR S2954)</text>
        <type>Floor</type>
      </item>
      <item>
        <actionDate>2017-03-09</actionDate>
        <committee />
        <links />
        <sourceSystem>
          <name>Senate</name>
          <code>0</code>
        </sourceSystem>
        <text>Placed on Senate Legislative Calendar under General Orders. Calendar No. 10.</text>
        <type>Calendars</type>
      </item>
      <item>
        <actionDate>2017-03-09</actionDate>
        <committee>
          <systemCode>ssju00</systemCode>
          <name>Judiciary Committee</name>
        </committee>
        <links />
        <sourceSystem>
          <name>Senate</name>
          <code>0</code>
        </sourceSystem>
        <text>Committee on the Judiciary. Reported by Senator Grassley without amendment. Without written report.</text>
        <type>Committee</type>
      </item>
      <item>
        <type>Committee</type>
        <links />
        <text>Committee on the Judiciary. Reported by Senator Grassley without amendment. Without written report.</text>
        <committee>
          <systemCode>ssju00</systemCode>
          <name>Judiciary Committee</name>
        </committee>
        <actionDate>2017-03-09</actionDate>
        <sourceSystem>
          <name>Library of Congress</name>
          <code>9</code>
        </sourceSystem>
        <actionCode>14000</actionCode>
      </item>
      <item>
        <actionDate>2017-03-09</actionDate>
        <committee>
          <systemCode>ssju00</systemCode>
          <name>Judiciary Committee</name>
        </committee>
        <links />
        <sourceSystem>
          <name>Senate</name>
          <code>0</code>
        </sourceSystem>
        <text>Committee on the Judiciary. Ordered to be reported without amendment favorably.</text>
        <type>Committee</type>
      </item>
      <item>
        <actionDate>2017-02-16</actionDate>
        <committee>
          <systemCode>ssju00</systemCode>
          <name>Judiciary Committee</name>
        </committee>
        <links />
        <sourceSystem>
          <name>Senate</name>
          <code>0</code>
        </sourceSystem>
        <text>Read twice and referred to the Committee on the Judiciary.</text>
        <type>IntroReferral</type>
      </item>
      <item>
        <type>IntroReferral</type>
        <links />
        <text>Introduced in Senate</text>
        <committee />
        <actionDate>2017-02-16</actionDate>
        <sourceSystem>
          <name>Library of Congress</name>
          <code>9</code>
        </sourceSystem>
        <actionCode>10000</actionCode>
      </item>
      <actionByCounts>
        <senate>11</senate>
        <houseOfRepresentatives>8</houseOfRepresentatives>
      </actionByCounts>
    </actions>
    <summaries>
      <billSummaries>
        <item>
          <versionCode>00</versionCode>
          <updateDate>2017-02-16T05:00:00Z</updateDate>
          <actionDate>2017-02-16</actionDate>
          <text><![CDATA[<p><b>Public Safety Officers' Benefits Improvement Act of 2017</b></p> <p>This bill amends the Omnibus Crime Control and Safe Streets Act of 1968 to revise requirements for the Public Safety Officers' Benefits (PSOB) program. (The PSOB program provides death, disability, and education benefits to public safety officers and survivors of public safety officers who are killed or injured in the line of duty.)</p> <p>]]></text>
          <actionDesc>Introduced in Senate</actionDesc>
          <lastSummaryUpdateDate>2017-07-25T14:20:34Z</lastSummaryUpdateDate>
          <name>Introduced in Senate</name>
        </item>
        <item>
          <versionCode>80</versionCode>
          <updateDate>2017-03-09T14:10:13Z</updateDate>
          <actionDate>2017-03-09</actionDate>
          <text><![CDATA[<p>(This measure has not been amended since it was introduced. The summary has been expanded because action occurred on the measure.)</p> <p><b>Public Safety Officers' Benefits Improvement Act of </b><b>2017</b></p> <p>(Sec. 2) This bill amends the Omnibus Crime Control and Safe Streets Act of 1968 to revise requirements for the Public Safety Officers' Benefits (PSOB) program. (The PSOB program provides death, disability, and education benefits to public safety officers and survivors of public safety officers who are killed or injured in the line of duty.) </p> <p>It authorizes the Department of Justice's Bureau of Justice Assistance (BJA) to establish PSOB program rules, regulations, and procedures based on standards developed by another federal agency. </p> <p>In determining a claimant's eligibility for death or disability benefits, the BJA must give substantial weight to evidence and facts presented by a state, local, or federal agency. </p> <p>The BJA must also publish and update information on pending claims and report to Congress on submitted claims for death, disability, and educational benefits.</p> <p>(Sec. 3) This section extends the age limitation for a PSOB claim for death, disability, or education benefits that is approved more than one year after the date on which it was filed. </p> <p>(Sec. 4) The BJA must attempt to obtain necessary documentation to determine a claimant's eligibility for death, disability, or education benefits. If it cannot determine eligibility due to a lack of documentation from a third party (e.g., a public agency), then the BJA may abandon the claim only after it utilizes investigative tools, including subpoenas, to obtain the information. </p> <p>(Sec. 5) The bill establishes a rebuttable presumption that a public safety officer acted properly at the time of injury or death and that no specified limitation (e.g., voluntary intoxication at the time of injury or death) bars the payment of death or disability benefits. The BJA may rebut the presumption by clear and convincing evidence to the contrary.</p> <p>(Sec. 6) This bill's provisions apply to a claim that is pending on or submitted on or after enactment.</p>]]></text>
          <actionDesc>Reported to Senate without amendment</actionDesc>
          <lastSummaryUpdateDate>2017-11-09T17:14:56Z</lastSummaryUpdateDate>
          <name>Reported to Senate without amendment</name>
        </item>
        <item>
          <versionCode>35</versionCode>
          <updateDate>2017-05-16T12:36:21Z</updateDate>
          <actionDate>2017-05-16</actionDate>
          <text><![CDATA[<p><b>Public Safety Officers' Benefits Improvement Act of </b><b>2017</b></p> <p>(Sec. 2) This bill amends the Omnibus Crime Control and Safe Streets Act of 1968 to revise requirements for the Public Safety Officers' Benefits (PSOB) program. (The PSOB program provides death, disability, and education benefits to public safety officers and survivors of public safety officers who are killed or injured in the line of duty.) </p> <p>It authorizes the Department of Justice's Bureau of Justice Assistance (BJA) to establish PSOB program rules, regulations, and procedures based on standards developed by another federal agency. </p> <p>In determining a claimant's eligibility for death or disability benefits, the BJA must give substantial weight to evidence and facts presented by a state, local, or federal agency. If a state, local, or federal agency provides a certification of facts regarding eligibility for death or disability benefits, then BJA must adopt the factual findings, if they are supported by substantial evidence.</p> <p>The BJA must also publish and update information on pending claims and submitted claims for death, disability, and educational benefits.</p> <p>(Sec. 3) This section extends the age limitation for a PSOB claim for death, disability, or education benefits that is approved more than one year after the date on which it was filed. </p> <p>(Sec. 4) The BJA must attempt to obtain necessary documentation to determine a claimant's eligibility for death, disability, or education benefits. If it cannot determine eligibility due to a lack of documentation from a third party (e.g., a public agency), and such information is not readily available to the claimant, then the BJA may abandon the claim only after it utilizes investigative tools, including subpoenas, to obtain the information. </p> <p>(Sec. 5) The bill establishes a presumption that a public safety officer acted properly at the time of injury or death and that no specified limitation (e.g., voluntary intoxication at the time of injury or death) bars the payment of death or disability benefits. The BJA must not determine that a limitation applies, absent clear and convincing evidence. </p> <p>(Sec. 6) This bill's provisions apply to a claim that is pending on or submitted on or after enactment.</p>]]></text>
          <actionDesc>Passed Senate amended</actionDesc>
          <lastSummaryUpdateDate>2017-11-20T15:23:01Z</lastSummaryUpdateDate>
          <name>Passed Senate amended</name>
        </item>
        <item>
          <versionCode>81</versionCode>
          <updateDate>2017-05-17T13:22:29Z</updateDate>
          <actionDate>2017-05-17</actionDate>
          <text><![CDATA[<p>(This measure has not been amended since it was passed by the Senate on May 16, 2017. The summary of that version is repeated here.)</p> <p><b>Public Safety Officers' Benefits Improvement Act of </b><b>2017</b></p> <p>(Sec. 2) This bill amends the Omnibus Crime Control and Safe Streets Act of 1968 to revise requirements for the Public Safety Officers' Benefits (PSOB) program. (The PSOB program provides death, disability, and education benefits to public safety officers and survivors of public safety officers who are killed or injured in the line of duty.) </p> <p>It authorizes the Department of Justice's Bureau of Justice Assistance (BJA) to establish PSOB program rules, regulations, and procedures based on standards developed by another federal agency. </p> <p>In determining a claimant's eligibility for death or disability benefits, the BJA must give substantial weight to evidence and facts presented by a state, local, or federal agency. If a state, local, or federal agency provides a certification of facts regarding eligibility for death or disability benefits, then BJA must adopt the factual findings, if they are supported by substantial evidence.</p> <p>The BJA must also publish and update information on pending claims and submitted claims for death, disability, and educational benefits.</p> <p>(Sec. 3) This section extends the age limitation for a PSOB claim for death, disability, or education benefits that is approved more than one year after the date on which it was filed. </p> <p>(Sec. 4) The BJA must attempt to obtain necessary documentation to determine a claimant's eligibility for death, disability, or education benefits. If it cannot determine eligibility due to a lack of documentation from a third party (e.g., a public agency), and such information is not readily available to the claimant, then the BJA may abandon the claim only after it utilizes investigative tools, including subpoenas, to obtain the information. </p> <p>(Sec. 5) The bill establishes a presumption that a public safety officer acted properly at the time of injury or death and that no specified limitation (e.g., voluntary intoxication at the time of injury or death) bars the payment of death or disability benefits. The BJA must not determine that a limitation applies, absent clear and convincing evidence. </p> <p>(Sec. 6) This bill's provisions apply to a claim that is pending on or submitted on or after enactment.</p>]]></text>
          <actionDesc>Passed House without amendment</actionDesc>
          <lastSummaryUpdateDate>2017-11-20T20:52:16Z</lastSummaryUpdateDate>
          <name>Passed House without amendment</name>
        </item>
        <item>
          <versionCode>49</versionCode>
          <updateDate>2017-06-03T03:59:58Z</updateDate>
          <actionDate>2017-06-02</actionDate>
          <text><![CDATA[<p>(This measure has not been amended since it was passed by the Senate on May 16, 2017. The summary of that version is repeated here.)</p> <p><b>Public Safety Officers' Benefits Improvement Act of </b><b>2017</b></p> <p>(Sec. 2) This bill amends the Omnibus Crime Control and Safe Streets Act of 1968 to revise requirements for the Public Safety Officers' Benefits (PSOB) program. (The PSOB program provides death, disability, and education benefits to public safety officers and survivors of public safety officers who are killed or injured in the line of duty.) </p> <p>It authorizes the Department of Justice's Bureau of Justice Assistance (BJA) to establish PSOB program rules, regulations, and procedures based on standards developed by another federal agency. </p> <p>In determining a claimant's eligibility for death or disability benefits, the BJA must give substantial weight to evidence and facts presented by a state, local, or federal agency. If a state, local, or federal agency provides a certification of facts regarding eligibility for death or disability benefits, then BJA must adopt the factual findings, if they are supported by substantial evidence.</p> <p>The BJA must also publish and update information on pending claims and submitted claims for death, disability, and educational benefits.</p> <p>(Sec. 3) This section extends the age limitation for a PSOB claim for death, disability, or education benefits that is approved more than one year after the date on which it was filed. </p> <p>(Sec. 4) The BJA must attempt to obtain necessary documentation to determine a claimant's eligibility for death, disability, or education benefits. If it cannot determine eligibility due to a lack of documentation from a third party (e.g., a public agency), and such information is not readily available to the claimant, then the BJA may abandon the claim only after it utilizes investigative tools, including subpoenas, to obtain the information. </p> <p>(Sec. 5) The bill establishes a presumption that a public safety officer acted properly at the time of injury or death and that no specified limitation (e.g., voluntary intoxication at the time of injury or death) bars the payment of death or disability benefits. The BJA must not determine that a limitation applies, absent clear and convincing evidence. </p> <p>(Sec. 6) This bill's provisions apply to a claim that is pending on or submitted on or after enactment.</p>]]></text>
          <actionDesc>Public Law</actionDesc>
          <lastSummaryUpdateDate>2017-12-18T19:46:48Z</lastSummaryUpdateDate>
          <name>Public Law</name>
        </item>
      </billSummaries>
    </summaries>
    <recordedVotes />
    <billNumber>419</billNumber>
    <calendarNumbers>
      <item>
        <calendar>Senate Calendar of Business</calendar>
        <number>0010</number>
      </item>
    </calendarNumbers>
    <cosponsors>
      <item>
        <party>D</party>
        <bioguideId>G000555</bioguideId>
        <isOriginalCosponsor>True</isOriginalCosponsor>
        <firstName>Kirsten</firstName>
        <middleName>E.</middleName>
        <sponsorshipWithdrawnDate />
        <sponsorshipDate>2017-02-16</sponsorshipDate>
        <fullName>Sen. Gillibrand, Kirsten E. [D-NY]</fullName>
        <identifiers>
          <bioguideId>G000555</bioguideId>
          <lisID>1866</lisID>
          <gpoId>8336</gpoId>
        </identifiers>
        <lastName>Gillibrand</lastName>
        <state>NY</state>
      </item>
      <item>
        <party>R</party>
        <bioguideId>H000338</bioguideId>
        <isOriginalCosponsor>True</isOriginalCosponsor>
        <firstName>ORRIN</firstName>
        <middleName>GRANT</middleName>
        <sponsorshipWithdrawnDate />
        <sponsorshipDate>2017-02-16</sponsorshipDate>
        <fullName>Sen. Hatch, Orrin G. [R-UT]</fullName>
        <identifiers>
          <lisID>1351</lisID>
          <bioguideId>H000338</bioguideId>
          <gpoId>8314</gpoId>
        </identifiers>
        <lastName>HATCH</lastName>
        <state>UT</state>
      </item>
      <item>
        <party>D</party>
        <bioguideId>C001088</bioguideId>
        <isOriginalCosponsor>True</isOriginalCosponsor>
        <firstName>Christopher</firstName>
        <middleName>A.</middleName>
        <sponsorshipWithdrawnDate />
        <sponsorshipDate>2017-02-16</sponsorshipDate>
        <fullName>Sen. Coons, Christopher A. [D-DE]</fullName>
        <identifiers>
          <lisID>1984</lisID>
          <bioguideId>C001088</bioguideId>
          <gpoId>8297</gpoId>
        </identifiers>
        <lastName>Coons</lastName>
        <state>DE</state>
      </item>
      <item>
        <party>D</party>
        <bioguideId>F000062</bioguideId>
        <isOriginalCosponsor>False</isOriginalCosponsor>
        <firstName>DIANNE</firstName>
        <middleName />
        <sponsorshipWithdrawnDate />
        <sponsorshipDate>2017-03-09</sponsorshipDate>
        <fullName>Sen. Feinstein, Dianne [D-CA]</fullName>
        <identifiers>
          <lisID>1332</lisID>
          <bioguideId>F000062</bioguideId>
          <gpoId>8338</gpoId>
        </identifiers>
        <lastName>FEINSTEIN</lastName>
        <state>CA</state>
      </item>
      <item>
        <party>D</party>
        <bioguideId>H001042</bioguideId>
        <isOriginalCosponsor>False</isOriginalCosponsor>
        <firstName>Mazie</firstName>
        <middleName>K.</middleName>
        <sponsorshipWithdrawnDate />
        <sponsorshipDate>2017-03-09</sponsorshipDate>
        <fullName>Sen. Hirono, Mazie K. [D-HI]</fullName>
        <identifiers>
          <bioguideId>H001042</bioguideId>
          <gpoId>7913</gpoId>
          <lisID>1844</lisID>
        </identifiers>
        <lastName>Hirono</lastName>
        <state>HI</state>
      </item>
      <item>
        <party>D</party>
        <bioguideId>D000563</bioguideId>
        <isOriginalCosponsor>False</isOriginalCosponsor>
        <firstName>RICHARD</firstName>
        <middleName>J.</middleName>
        <sponsorshipWithdrawnDate />
        <sponsorshipDate>2017-03-09</sponsorshipDate>
        <fullName>Sen. Durbin, Richard J. [D-IL]</fullName>
        <identifiers>
          <lisID>326</lisID>
          <gpoId>8326</gpoId>
          <bioguideId>D000563</bioguideId>
        </identifiers>
        <lastName>DURBIN</lastName>
        <state>IL</state>
      </item>
      <item>
        <party>D</party>
        <bioguideId>B001277</bioguideId>
        <isOriginalCosponsor>False</isOriginalCosponsor>
        <firstName>Richard</firstName>
        <middleName />
        <sponsorshipWithdrawnDate />
        <sponsorshipDate>2017-03-09</sponsorshipDate>
        <fullName>Sen. Blumenthal, Richard [D-CT]</fullName>
        <identifiers>
          <lisID>2076</lisID>
          <bioguideId>B001277</bioguideId>
          <gpoId>8332</gpoId>
        </identifiers>
        <lastName>Blumenthal</lastName>
        <state>CT</state>
      </item>
      <item>
        <party>D</party>
        <bioguideId>K000367</bioguideId>
        <isOriginalCosponsor>False</isOriginalCosponsor>
        <firstName>Amy</firstName>
        <middleName />
        <sponsorshipWithdrawnDate />
        <sponsorshipDate>2017-03-09</sponsorshipDate>
        <fullName>Sen. Klobuchar, Amy [D-MN]</fullName>
        <identifiers>
          <gpoId>8249</gpoId>
          <bioguideId>K000367</bioguideId>
          <lisID>1826</lisID>
        </identifiers>
        <lastName>Klobuchar</lastName>
        <state>MN</state>
      </item>
      <item>
        <party>R</party>
        <bioguideId>B000575</bioguideId>
        <isOriginalCosponsor>False</isOriginalCosponsor>
        <firstName>Roy</firstName>
        <middleName />
        <sponsorshipWithdrawnDate />
        <sponsorshipDate>2017-03-09</sponsorshipDate>
        <fullName>Sen. Blunt, Roy [R-MO]</fullName>
        <identifiers>
          <bioguideId>B000575</bioguideId>
          <lisID>1464</lisID>
          <gpoId>8313</gpoId>
        </identifiers>
        <lastName>Blunt</lastName>
        <state>MO</state>
      </item>
      <item>
        <party>D</party>
        <bioguideId>F000457</bioguideId>
        <isOriginalCosponsor>False</isOriginalCosponsor>
        <firstName>Al</firstName>
        <middleName />
        <sponsorshipWithdrawnDate />
        <sponsorshipDate>2017-03-09</sponsorshipDate>
        <fullName>Sen. Franken, Al [D-MN]</fullName>
        <identifiers>
          <gpoId>8339</gpoId>
          <bioguideId>F000457</bioguideId>
          <lisID>1969</lisID>
        </identifiers>
        <lastName>Franken</lastName>
        <state>MN</state>
      </item>
      <item>
        <party>D</party>
        <bioguideId>W000802</bioguideId>
        <isOriginalCosponsor>False</isOriginalCosponsor>
        <firstName>Sheldon</firstName>
        <middleName />
        <sponsorshipWithdrawnDate />
        <sponsorshipDate>2017-03-09</sponsorshipDate>
        <fullName>Sen. Whitehouse, Sheldon [D-RI]</fullName>
        <identifiers>
          <bioguideId>W000802</bioguideId>
          <gpoId>8264</gpoId>
          <lisID>1823</lisID>
        </identifiers>
        <lastName>Whitehouse</lastName>
        <state>RI</state>
      </item>
      <item>
        <party>D</party>
        <bioguideId>L000174</bioguideId>
        <isOriginalCosponsor>False</isOriginalCosponsor>
        <firstName>PATRICK</firstName>
        <middleName>JOSEPH</middleName>
        <sponsorshipWithdrawnDate />
        <sponsorshipDate>2017-03-09</sponsorshipDate>
        <fullName>Sen. Leahy, Patrick J. [D-VT]</fullName>
        <identifiers>
          <lisID>1383</lisID>
          <gpoId>8244</gpoId>
          <bioguideId>L000174</bioguideId>
        </identifiers>
        <lastName>LEAHY</lastName>
        <state>VT</state>
      </item>
      <item>
        <party>R</party>
        <bioguideId>C001056</bioguideId>
        <isOriginalCosponsor>False</isOriginalCosponsor>
        <firstName>John</firstName>
        <middleName />
        <sponsorshipWithdrawnDate />
        <sponsorshipDate>2017-05-04</sponsorshipDate>
        <fullName>Sen. Cornyn, John [R-TX]</fullName>
        <identifiers>
          <lisID>1692</lisID>
          <bioguideId>C001056</bioguideId>
          <gpoId>8295</gpoId>
        </identifiers>
        <lastName>Cornyn</lastName>
        <state>TX</state>
      </item>
      <item>
        <party>R</party>
        <bioguideId>K000393</bioguideId>
        <isOriginalCosponsor>False</isOriginalCosponsor>
        <firstName>John</firstName>
        <middleName>Neely</middleName>
        <sponsorshipWithdrawnDate />
        <sponsorshipDate>2017-05-04</sponsorshipDate>
        <fullName>Sen. Kennedy, John [R-LA]</fullName>
        <identifiers>
          <lisID>2303</lisID>
          <gpoId />
          <bioguideId>K000393</bioguideId>
        </identifiers>
        <lastName>Kennedy</lastName>
        <state>LA</state>
      </item>
      <item>
        <party>R</party>
        <bioguideId>C001098</bioguideId>
        <isOriginalCosponsor>False</isOriginalCosponsor>
        <firstName>Ted</firstName>
        <middleName />
        <sponsorshipWithdrawnDate />
        <sponsorshipDate>2017-05-04</sponsorshipDate>
        <fullName>Sen. Cruz, Ted [R-TX]</fullName>
        <identifiers>
          <gpoId />
          <lisID>2175</lisID>
          <bioguideId>C001098</bioguideId>
        </identifiers>
        <lastName>Cruz</lastName>
        <state>TX</state>
      </item>
      <item>
        <party>R</party>
        <bioguideId>T000476</bioguideId>
        <isOriginalCosponsor>False</isOriginalCosponsor>
        <firstName>Thomas</firstName>
        <middleName>Roland</middleName>
        <sponsorshipWithdrawnDate />
        <sponsorshipDate>2017-05-04</sponsorshipDate>
        <fullName>Sen. Tillis, Thom [R-NC]</fullName>
        <identifiers>
          <bioguideId>T000476</bioguideId>
          <lisID>2291</lisID>
          <gpoId />
        </identifiers>
        <lastName>Tillis</lastName>
        <state>NC</state>
      </item>
    </cosponsors>
    <version>1.0.0</version>
    <subjects>
      <billSubjects>
        <policyArea>
          <name>Crime and Law Enforcement</name>
        </policyArea>
        <legislativeSubjects>
          <item>
            <name>Administrative law and regulatory procedures</name>
          </item>
          <item>
            <name>Administrative remedies</name>
          </item>
          <item>
            <name>Congressional oversight</name>
          </item>
          <item>
            <name>Department of Justice</name>
          </item>
          <item>
            <name>Disability assistance</name>
          </item>
          <item>
            <name>Employee benefits and pensions</name>
          </item>
          <item>
            <name>Evidence and witnesses</name>
          </item>
          <item>
            <name>Fires</name>
          </item>
          <item>
            <name>First responders and emergency personnel</name>
          </item>
          <item>
            <name>Government employee pay, benefits, personnel management</name>
          </item>
          <item>
            <name>Government information and archives</name>
          </item>
          <item>
            <name>Government studies and investigations</name>
          </item>
          <item>
            <name>Law enforcement officers</name>
          </item>
          <item>
            <name>Student aid and college costs</name>
          </item>
          <item>
            <name>Terrorism</name>
          </item>
        </legislativeSubjects>
      </billSubjects>
    </subjects>
    <latestAction>
      <text>Committee on the Judiciary. Hearings held.</text>
      <links>
        <link>
          <name>Public Law No: 115-36</name>
          <url>https://www.congress.gov/bill/115th-congress/senate-bill/419/text/pl</url>
        </link>
      </links>
      <actionDate>2018-01-17</actionDate>
    </latestAction>
    <originChamber>Senate</originChamber>
    <laws>
      <item>
        <type>Public Law</type>
        <number>115-36</number>
      </item>
    </laws>
    <notes />
    <createDate>2017-02-17T09:06:58Z</createDate>
    <billType>S</billType>
    <updateDate>2018-02-06T16:44:48Z</updateDate>
    <policyArea>
      <name>Crime and Law Enforcement</name>
    </policyArea>
    <cboCostEstimates>
      <item>
        <pubDate>2017-04-06T15:04:48Z</pubDate>
        <url>https://www.cbo.gov/publication/52579</url>
        <title>S. 419, Public Safety Officers’ Benefits Improvement Act of 2017</title>
      </item>
    </cboCostEstimates>
    <introducedDate>2017-02-16</introducedDate>
    <amendments>
      <amendment>
        <chamber>Senate</chamber>
        <type>SAMDT</type>
        <amendments>
          <count>0</count>
        </amendments>
        <updateDate>2018-02-06T16:44:48Z</updateDate>
        <cosponsors>
          <totalCount>0</totalCount>
          <currentCount>0</currentCount>
        </cosponsors>
        <notes />
        <createDate>2017-05-17T04:31:06Z</createDate>
        <sponsors>
          <item>
            <lastName>GRASSLEY</lastName>
            <party>R</party>
            <state>IA</state>
            <bioguideId>G000386</bioguideId>
            <middleName>ERNEST</middleName>
            <fullName>Sen. Grassley, Chuck [R-IA]</fullName>
            <firstName>CHARLES</firstName>
            <identifiers>
              <lisID>457</lisID>
              <bioguideId>G000386</bioguideId>
              <gpoId>8316</gpoId>
            </identifiers>
          </item>
        </sponsors>
        <version>1.0.0</version>
        <links />
        <purpose>In the nature of a substitute.</purpose>
        <number>216</number>
        <actions>
          <count>6</count>
          <actionTypeCounts>
            <senateAmendmentAgreedTo>1</senateAmendmentAgreedTo>
            <amendmentProposed>1</amendmentProposed>
            <amendmentAgreedTo>1</amendmentAgreedTo>
            <senateAmendmentSubmitted>1</senateAmendmentSubmitted>
            <senateAmendmentProposedOnTheFloor>1</senateAmendmentProposedOnTheFloor>
          </actionTypeCounts>
          <actions>
            <item>
              <actionDate>2017-05-16</actionDate>
              <committee />
              <links>
                <link>
                  <name>S.Amdt.216</name>
                  <url>https://www.congress.gov/amendment/115th-congress/senate-amendment/216</url>
                </link>
                <link>
                  <name>SA 216</name>
                  <url>https://www.congress.gov/amendment/115th-congress/senate-amendment/216</url>
                </link>
              </links>
              <sourceSystem>
                <name>Senate</name>
                <code>0</code>
              </sourceSystem>
              <text>Amendment SA 216 agreed to in Senate by Unanimous Consent.</text>
              <type>Floor</type>
            </item>
            <item>
              <actionDate>2017-05-16</actionDate>
              <committee />
              <links>
                <link>
                  <name>S.Amdt.216</name>
                  <url>https://www.congress.gov/amendment/115th-congress/senate-amendment/216</url>
                </link>
                <link>
                  <name>S2954</name>
                  <url>https://www.congress.gov/congressional-record/volume-163/senate-section/page/S2954</url>
                </link>
                <link>
                  <name>SA 216</name>
                  <url>https://www.congress.gov/amendment/115th-congress/senate-amendment/216</url>
                </link>
              </links>
              <sourceSystem>
                <name>Senate</name>
                <code>0</code>
              </sourceSystem>
              <text>Amendment SA 216 proposed by Senator Alexander for Senator Grassley. (consideration: CR S2954) In the nature of a substitute.</text>
              <type>Floor</type>
            </item>
            <item>
              <actionDate>2017-05-16</actionDate>
              <committee />
              <links />
              <text />
            </item>
            <item>
              <type>Floor</type>
              <links>
                <link>
                  <name>S.Amdt.216</name>
                  <url>https://www.congress.gov/amendment/115th-congress/senate-amendment/216</url>
                </link>
                <link>
                  <name>SA 216</name>
                  <url>https://www.congress.gov/amendment/115th-congress/senate-amendment/216</url>
                </link>
              </links>
              <text>Senate amendment agreed to: Amendment SA 216 agreed to in Senate by Unanimous Consent.</text>
              <committee />
              <actionDate>2017-05-16</actionDate>
              <sourceSystem>
                <name>Library of Congress</name>
                <code>9</code>
              </sourceSystem>
              <actionCode>94000</actionCode>
            </item>
            <item>
              <type>Floor</type>
              <links>
                <link>
                  <name>S.Amdt.216</name>
                  <url>https://www.congress.gov/amendment/115th-congress/senate-amendment/216</url>
                </link>
                <link>
                  <name>S2954</name>
                  <url>https://www.congress.gov/congressional-record/volume-163/senate-section/page/S2954</url>
                </link>
                <link>
                  <name>SA 216</name>
                  <url>https://www.congress.gov/amendment/115th-congress/senate-amendment/216</url>
                </link>
              </links>
              <text>Senate amendment proposed (on the floor): Amendment SA 216 proposed by Senator Alexander for Senator Grassley.(consideration: CR S2954)</text>
              <committee />
              <actionDate>2017-05-16</actionDate>
              <sourceSystem>
                <name>Library of Congress</name>
                <code>9</code>
              </sourceSystem>
              <actionCode>93000</actionCode>
            </item>
            <item>
              <type>Floor</type>
              <links />
              <text>Senate amendment submitted</text>
              <committee />
              <actionDate>2017-05-16</actionDate>
              <sourceSystem>
                <name>Library of Congress</name>
                <code>9</code>
              </sourceSystem>
              <actionCode>91000</actionCode>
            </item>
          </actions>
          <actionByCounts>
            <senate>5</senate>
          </actionByCounts>
        </actions>
        <proposedDate>2017-05-16T04:00:00Z</proposedDate>
        <submittedDate>2017-05-16T04:00:00Z</submittedDate>
        <titles />
        <amendedAmendment />
        <description />
        <amendedBill>
          <title>Public Safety Officers' Benefits Improvement Act of 2017</title>
          <number>419</number>
          <originChamber>Senate</originChamber>
          <type>S</type>
          <congress>115</congress>
          <originChamberCode>S</originChamberCode>
        </amendedBill>
        <congress>115</congress>
        <description />
        <purpose>In the nature of a substitute.</purpose>
        <number>216</number>
        <congress>115</congress>
        <latestAction>
          <actionDate>2017-05-16</actionDate>
          <text>Amendment SA 216 agreed to in Senate by Unanimous Consent.</text>
        </latestAction>
        <type>SAMDT</type>
      </amendment>
    </amendments>
    <relatedBills />
    <congress>115</congress>
    <committees>
      <billCommittees>
        <item>
          <name>Judiciary Committee</name>
          <chamber>Senate</chamber>
          <type>Standing</type>
          <subcommittees />
          <systemCode>ssju00</systemCode>
          <activities>
            <item>
              <name>Hearings by</name>
              <date>2018-01-17T19:30:00Z</date>
            </item>
            <item>
              <name>Reported by</name>
              <date>2017-03-09T22:54:07Z</date>
            </item>
            <item>
              <name>Markup by</name>
              <date>2017-03-09T18:18:37Z</date>
            </item>
            <item>
              <name>Referred to</name>
              <date>2017-02-16T20:00:47Z</date>
            </item>
          </activities>
        </item>
      </billCommittees>
    </committees>
  </bill>
  <dublinCore xmlns:dc="http://purl.org/dc/elements/1.1/">
    <dc:format>text/xml</dc:format>
    <dc:language>EN</dc:language>
    <dc:rights>Pursuant to Title 17 Section 105 of the United States Code, this file is not subject to copyright protection and is in the public domain.</dc:rights>
    <dc:contributor>Congressional Research Service, Library of Congress</dc:contributor>
    <dc:description>This file contains bill summaries and statuses for federal legislation. A bill summary describes the most significant provisions of a piece of legislation and details the effects the legislative text may have on current law and federal programs. Bill summaries are authored by the Congressional Research Service (CRS) of the Library of Congress. As stated in Public Law 91-510 (2 USC 166 (d)(6)), one of the duties of CRS is "to prepare summaries and digests of bills and resolutions of a public general nature introduced in the Senate or House of Representatives". For more information, refer to the User Guide that accompanies this file.</dc:description>
  </dublinCore>
</billStatus>

