<?xml version="1.0" encoding="UTF-8"?>
<billStatus>
  <bill>
    <policyArea>
      <name>Labor and Employment</name>
    </policyArea>
    <committeeReports />
    <congress>115</congress>
    <sponsors>
      <item>
        <identifiers>
          <lisID>1829</lisID>
          <gpoId>8258</gpoId>
          <bioguideId>T000464</bioguideId>
        </identifiers>
        <middleName />
        <byRequestType />
        <fullName>Sen. Tester, Jon [D-MT]</fullName>
        <bioguideId>T000464</bioguideId>
        <state>MT</state>
        <party>D</party>
        <firstName>Jon</firstName>
        <lastName>Tester</lastName>
      </item>
    </sponsors>
    <calendarNumbers />
    <amendments />
    <relatedBills>
      <item>
        <congress>115</congress>
        <latestAction>
          <actionDate>2017-03-16</actionDate>
          <text>Referred to House Administration</text>
        </latestAction>
        <type>HR</type>
        <latestTitle>Sarah Grace-Farley-Kluger Act</latestTitle>
        <number>1560</number>
        <relationshipDetails>
          <item>
            <type>Identical bill</type>
            <identifiedBy>CRS</identifiedBy>
          </item>
        </relationshipDetails>
      </item>
    </relatedBills>
    <notes />
    <originChamber>Senate</originChamber>
    <version>1.0.0</version>
    <billNumber>528</billNumber>
    <title>Sarah Grace-Farley-Kluger Act</title>
    <cosponsors>
      <item>
        <identifiers>
          <lisID>1558</lisID>
          <bioguideId>B001230</bioguideId>
          <gpoId>8215</gpoId>
        </identifiers>
        <bioguideId>B001230</bioguideId>
        <sponsorshipDate>2017-03-06</sponsorshipDate>
        <middleName />
        <fullName>Sen. Baldwin, Tammy [D-WI]</fullName>
        <sponsorshipWithdrawnDate />
        <state>WI</state>
        <party>D</party>
        <firstName>TAMMY</firstName>
        <isOriginalCosponsor>True</isOriginalCosponsor>
        <lastName>BALDWIN</lastName>
      </item>
      <item>
        <identifiers>
          <lisID>2194</lisID>
          <bioguideId>B001288</bioguideId>
          <gpoId />
        </identifiers>
        <bioguideId>B001288</bioguideId>
        <sponsorshipDate>2017-03-06</sponsorshipDate>
        <middleName>A.</middleName>
        <fullName>Sen. Booker, Cory A. [D-NJ]</fullName>
        <sponsorshipWithdrawnDate />
        <state>NJ</state>
        <party>D</party>
        <firstName>Cory</firstName>
        <isOriginalCosponsor>True</isOriginalCosponsor>
        <lastName>Booker</lastName>
      </item>
      <item>
        <identifiers>
          <lisID>2076</lisID>
          <bioguideId>B001277</bioguideId>
          <gpoId>8332</gpoId>
        </identifiers>
        <bioguideId>B001277</bioguideId>
        <sponsorshipDate>2017-03-06</sponsorshipDate>
        <middleName />
        <fullName>Sen. Blumenthal, Richard [D-CT]</fullName>
        <sponsorshipWithdrawnDate />
        <state>CT</state>
        <party>D</party>
        <firstName>Richard</firstName>
        <isOriginalCosponsor>True</isOriginalCosponsor>
        <lastName>Blumenthal</lastName>
      </item>
      <item>
        <identifiers>
          <gpoId>8297</gpoId>
          <bioguideId>C001088</bioguideId>
          <lisID>1984</lisID>
        </identifiers>
        <bioguideId>C001088</bioguideId>
        <sponsorshipDate>2017-03-06</sponsorshipDate>
        <middleName>A.</middleName>
        <fullName>Sen. Coons, Christopher A. [D-DE]</fullName>
        <sponsorshipWithdrawnDate />
        <state>DE</state>
        <party>D</party>
        <firstName>Christopher</firstName>
        <isOriginalCosponsor>True</isOriginalCosponsor>
        <lastName>Coons</lastName>
      </item>
      <item>
        <identifiers>
          <gpoId>8326</gpoId>
          <bioguideId>D000563</bioguideId>
          <lisID>326</lisID>
        </identifiers>
        <bioguideId>D000563</bioguideId>
        <sponsorshipDate>2017-03-06</sponsorshipDate>
        <middleName>J.</middleName>
        <fullName>Sen. Durbin, Richard J. [D-IL]</fullName>
        <sponsorshipWithdrawnDate />
        <state>IL</state>
        <party>D</party>
        <firstName>RICHARD</firstName>
        <isOriginalCosponsor>True</isOriginalCosponsor>
        <lastName>DURBIN</lastName>
      </item>
      <item>
        <identifiers>
          <gpoId>8339</gpoId>
          <bioguideId>F000457</bioguideId>
          <lisID>1969</lisID>
        </identifiers>
        <bioguideId>F000457</bioguideId>
        <sponsorshipDate>2017-03-06</sponsorshipDate>
        <middleName />
        <fullName>Sen. Franken, Al [D-MN]</fullName>
        <sponsorshipWithdrawnDate />
        <state>MN</state>
        <party>D</party>
        <firstName>Al</firstName>
        <isOriginalCosponsor>True</isOriginalCosponsor>
        <lastName>Franken</lastName>
      </item>
      <item>
        <identifiers>
          <gpoId>8336</gpoId>
          <lisID>1866</lisID>
          <bioguideId>G000555</bioguideId>
        </identifiers>
        <bioguideId>G000555</bioguideId>
        <sponsorshipDate>2017-03-06</sponsorshipDate>
        <middleName>E.</middleName>
        <fullName>Sen. Gillibrand, Kirsten E. [D-NY]</fullName>
        <sponsorshipWithdrawnDate />
        <state>NY</state>
        <party>D</party>
        <firstName>Kirsten</firstName>
        <isOriginalCosponsor>True</isOriginalCosponsor>
        <lastName>Gillibrand</lastName>
      </item>
      <item>
        <identifiers>
          <gpoId />
          <lisID>2174</lisID>
          <bioguideId>H001069</bioguideId>
        </identifiers>
        <bioguideId>H001069</bioguideId>
        <sponsorshipDate>2017-03-06</sponsorshipDate>
        <middleName />
        <fullName>Sen. Heitkamp, Heidi [D-ND]</fullName>
        <sponsorshipWithdrawnDate />
        <state>ND</state>
        <party>D</party>
        <firstName>Heidi</firstName>
        <isOriginalCosponsor>True</isOriginalCosponsor>
        <lastName>Heitkamp</lastName>
      </item>
      <item>
        <identifiers>
          <gpoId>7972</gpoId>
          <lisID>735</lisID>
          <bioguideId>M000133</bioguideId>
        </identifiers>
        <bioguideId>M000133</bioguideId>
        <sponsorshipDate>2017-03-06</sponsorshipDate>
        <middleName>J.</middleName>
        <fullName>Sen. Markey, Edward J. [D-MA]</fullName>
        <sponsorshipWithdrawnDate />
        <state>MA</state>
        <party>D</party>
        <firstName>EDWARD</firstName>
        <isOriginalCosponsor>True</isOriginalCosponsor>
        <lastName>MARKEY</lastName>
      </item>
      <item>
        <identifiers>
          <lisID>2182</lisID>
          <gpoId />
          <bioguideId>W000817</bioguideId>
        </identifiers>
        <bioguideId>W000817</bioguideId>
        <sponsorshipDate>2017-03-06</sponsorshipDate>
        <middleName>A.</middleName>
        <fullName>Sen. Warren, Elizabeth [D-MA]</fullName>
        <sponsorshipWithdrawnDate />
        <state>MA</state>
        <party>D</party>
        <firstName>Elizabeth</firstName>
        <isOriginalCosponsor>True</isOriginalCosponsor>
        <lastName>Warren</lastName>
      </item>
      <item>
        <identifiers>
          <bioguideId>W000802</bioguideId>
          <gpoId>8264</gpoId>
          <lisID>1823</lisID>
        </identifiers>
        <bioguideId>W000802</bioguideId>
        <sponsorshipDate>2017-03-06</sponsorshipDate>
        <middleName />
        <fullName>Sen. Whitehouse, Sheldon [D-RI]</fullName>
        <sponsorshipWithdrawnDate />
        <state>RI</state>
        <party>D</party>
        <firstName>Sheldon</firstName>
        <isOriginalCosponsor>True</isOriginalCosponsor>
        <lastName>Whitehouse</lastName>
      </item>
      <item>
        <identifiers>
          <bioguideId>K000383</bioguideId>
          <gpoId />
          <lisID>2185</lisID>
        </identifiers>
        <bioguideId>K000383</bioguideId>
        <sponsorshipDate>2017-03-13</sponsorshipDate>
        <middleName />
        <fullName>Sen. King, Angus S., Jr. [I-ME]</fullName>
        <sponsorshipWithdrawnDate />
        <state>ME</state>
        <party>I</party>
        <firstName>Angus</firstName>
        <isOriginalCosponsor>False</isOriginalCosponsor>
        <lastName>King</lastName>
      </item>
      <item>
        <identifiers>
          <gpoId>8249</gpoId>
          <bioguideId>K000367</bioguideId>
          <lisID>1826</lisID>
        </identifiers>
        <bioguideId>K000367</bioguideId>
        <sponsorshipDate>2017-06-28</sponsorshipDate>
        <middleName />
        <fullName>Sen. Klobuchar, Amy [D-MN]</fullName>
        <sponsorshipWithdrawnDate />
        <state>MN</state>
        <party>D</party>
        <firstName>Amy</firstName>
        <isOriginalCosponsor>False</isOriginalCosponsor>
        <lastName>Klobuchar</lastName>
      </item>
      <item>
        <identifiers>
          <lisID>1332</lisID>
          <bioguideId>F000062</bioguideId>
          <gpoId>8338</gpoId>
        </identifiers>
        <bioguideId>F000062</bioguideId>
        <sponsorshipDate>2018-01-09</sponsorshipDate>
        <middleName />
        <fullName>Sen. Feinstein, Dianne [D-CA]</fullName>
        <sponsorshipWithdrawnDate />
        <state>CA</state>
        <party>D</party>
        <firstName>DIANNE</firstName>
        <isOriginalCosponsor>False</isOriginalCosponsor>
        <lastName>FEINSTEIN</lastName>
      </item>
    </cosponsors>
    <subjects>
      <billSubjects>
        <legislativeSubjects>
          <item>
            <name>Elementary and secondary education</name>
          </item>
          <item>
            <name>Employee leave</name>
          </item>
          <item>
            <name>Family relationships</name>
          </item>
          <item>
            <name>Government employee pay, benefits, personnel management</name>
          </item>
          <item>
            <name>Teaching, teachers, curricula</name>
          </item>
        </legislativeSubjects>
        <policyArea>
          <name>Labor and Employment</name>
        </policyArea>
      </billSubjects>
    </subjects>
    <laws />
    <actions>
      <actionTypeCounts>
        <referredToCommittee>1</referredToCommittee>
        <introducedInSenate>1</introducedInSenate>
      </actionTypeCounts>
      <item>
        <actionDate>2017-03-06</actionDate>
        <committee>
          <systemCode>sshr00</systemCode>
          <name>Health, Education, Labor, and Pensions Committee</name>
        </committee>
        <links />
        <sourceSystem>
          <code>0</code>
          <name>Senate</name>
        </sourceSystem>
        <text>Read twice and referred to the Committee on Health, Education, Labor, and Pensions.</text>
        <type>IntroReferral</type>
      </item>
      <item>
        <type>IntroReferral</type>
        <text>Introduced in Senate</text>
        <links />
        <committee />
        <sourceSystem>
          <code>9</code>
          <name>Library of Congress</name>
        </sourceSystem>
        <actionDate>2017-03-06</actionDate>
        <actionCode>10000</actionCode>
      </item>
      <actionByCounts>
        <senate>2</senate>
      </actionByCounts>
    </actions>
    <titles>
      <item>
        <chamberCode />
        <titleType>(Extracted from GPO) Short Titles as Introduced</titleType>
        <parentTitleType />
        <chamberName />
        <title>Sarah Grace-Farley-Kluger Act</title>
      </item>
      <item>
        <chamberCode />
        <titleType>(Extracted from GPO) Short Titles as Introduced</titleType>
        <parentTitleType />
        <chamberName />
        <title>Parental Bereavement Act of 2017</title>
      </item>
      <item>
        <chamberCode />
        <titleType>Short Titles as Introduced</titleType>
        <parentTitleType />
        <chamberName />
        <title>Sarah Grace-Farley-Kluger Act</title>
      </item>
      <item>
        <chamberCode />
        <titleType>Short Titles as Introduced</titleType>
        <parentTitleType />
        <chamberName />
        <title>Parental Bereavement Act of 2017</title>
      </item>
      <item>
        <chamberCode />
        <titleType>Official Title as Introduced</titleType>
        <parentTitleType />
        <chamberName />
        <title>A bill to amend the Family and Medical Leave Act of 1993 to provide leave because of the death of a son or daughter.</title>
      </item>
      <item>
        <chamberCode />
        <titleType>Display Title</titleType>
        <parentTitleType />
        <chamberName />
        <title>Sarah Grace-Farley-Kluger Act</title>
      </item>
    </titles>
    <summaries>
      <billSummaries>
        <item>
          <text><![CDATA[<script src="SpryAssets/SpryValidationSelect.js" type="text/javascript"></script> <link href="SpryAssets/SpryValidationSelect.css" rel="stylesheet" type="text/css"> <p><b>Parental Bereavement Act of 2017 or the Sarah Grace-Farley-Kluger Act</b></p> <p>This bill amends the Family and Medical Leave Act of 1993 to entitle an eligible employee to up to 12 workweeks of leave during any 12-month period because of the death of a son or daughter.</p> <p> Such an employee may substitute any available paid leave for any leave without pay.</p> <p>The bill applies the same leave entitlement to federal employees.</p>]]></text>
          <versionCode>00</versionCode>
          <actionDate>2017-03-06</actionDate>
          <name>Introduced in Senate</name>
          <actionDesc>Introduced in Senate</actionDesc>
          <lastSummaryUpdateDate>2017-03-17T15:14:00Z</lastSummaryUpdateDate>
          <updateDate>2017-03-06T05:00:00Z</updateDate>
        </item>
      </billSummaries>
    </summaries>
    <committees>
      <billCommittees>
        <item>
          <chamber>Senate</chamber>
          <name>Health, Education, Labor, and Pensions Committee</name>
          <systemCode>sshr00</systemCode>
          <activities>
            <item>
              <date>2017-03-06T20:05:06Z</date>
              <name>Referred to</name>
            </item>
          </activities>
          <type>Standing</type>
          <subcommittees />
        </item>
      </billCommittees>
    </committees>
    <introducedDate>2017-03-06</introducedDate>
    <updateDate>2018-02-06T16:44:54Z</updateDate>
    <cboCostEstimates />
    <recordedVotes />
    <billType>S</billType>
    <createDate>2017-03-07T05:14:52Z</createDate>
    <latestAction>
      <text>Read twice and referred to the Committee on Health, Education, Labor, and Pensions.</text>
      <links />
      <actionDate>2017-03-06</actionDate>
    </latestAction>
  </bill>
  <dublinCore xmlns:dc="http://purl.org/dc/elements/1.1/">
    <dc:format>text/xml</dc:format>
    <dc:language>EN</dc:language>
    <dc:rights>Pursuant to Title 17 Section 105 of the United States Code, this file is not subject to copyright protection and is in the public domain.</dc:rights>
    <dc:contributor>Congressional Research Service, Library of Congress</dc:contributor>
    <dc:description>This file contains bill summaries and statuses for federal legislation. A bill summary describes the most significant provisions of a piece of legislation and details the effects the legislative text may have on current law and federal programs. Bill summaries are authored by the Congressional Research Service (CRS) of the Library of Congress. As stated in Public Law 91-510 (2 USC 166 (d)(6)), one of the duties of CRS is "to prepare summaries and digests of bills and resolutions of a public general nature introduced in the Senate or House of Representatives". For more information, refer to the User Guide that accompanies this file.</dc:description>
  </dublinCore>
</billStatus>

