<?xml version="1.0" encoding="UTF-8"?>
<billStatus>
  <bill>
    <policyArea>
      <name>Health</name>
    </policyArea>
    <introducedDate>2017-03-30</introducedDate>
    <cosponsors>
      <item>
        <lastName>PORTMAN</lastName>
        <sponsorshipDate>2017-03-30</sponsorshipDate>
        <party>R</party>
        <state>OH</state>
        <bioguideId>P000449</bioguideId>
        <middleName />
        <sponsorshipWithdrawnDate />
        <fullName>Sen. Portman, Rob [R-OH]</fullName>
        <firstName>ROB</firstName>
        <isOriginalCosponsor>True</isOriginalCosponsor>
        <identifiers>
          <gpoId>8266</gpoId>
          <lisID>924</lisID>
          <bioguideId>P000449</bioguideId>
        </identifiers>
      </item>
      <item>
        <lastName>Manchin</lastName>
        <sponsorshipDate>2017-03-30</sponsorshipDate>
        <party>D</party>
        <state>WV</state>
        <bioguideId>M001183</bioguideId>
        <middleName />
        <sponsorshipWithdrawnDate />
        <fullName>Sen. Manchin, Joe, III [D-WV]</fullName>
        <firstName>Joe</firstName>
        <isOriginalCosponsor>True</isOriginalCosponsor>
        <identifiers>
          <gpoId>8256</gpoId>
          <bioguideId>M001183</bioguideId>
          <lisID>1983</lisID>
        </identifiers>
      </item>
      <item>
        <lastName>King</lastName>
        <sponsorshipDate>2017-03-30</sponsorshipDate>
        <party>I</party>
        <state>ME</state>
        <bioguideId>K000383</bioguideId>
        <middleName />
        <sponsorshipWithdrawnDate />
        <fullName>Sen. King, Angus S., Jr. [I-ME]</fullName>
        <firstName>Angus</firstName>
        <isOriginalCosponsor>True</isOriginalCosponsor>
        <identifiers>
          <bioguideId>K000383</bioguideId>
          <lisID>2185</lisID>
          <gpoId />
        </identifiers>
      </item>
      <item>
        <lastName>Hassan</lastName>
        <sponsorshipDate>2017-05-23</sponsorshipDate>
        <party>D</party>
        <state>NH</state>
        <bioguideId>H001076</bioguideId>
        <middleName>Wood</middleName>
        <sponsorshipWithdrawnDate />
        <fullName>Sen. Hassan, Margaret Wood [D-NH]</fullName>
        <firstName>Margaret</firstName>
        <isOriginalCosponsor>False</isOriginalCosponsor>
        <identifiers>
          <bioguideId>H001076</bioguideId>
          <lisID>2302</lisID>
          <gpoId />
        </identifiers>
      </item>
      <item>
        <lastName>Blumenthal</lastName>
        <sponsorshipDate>2017-10-31</sponsorshipDate>
        <party>D</party>
        <state>CT</state>
        <bioguideId>B001277</bioguideId>
        <middleName />
        <sponsorshipWithdrawnDate />
        <fullName>Sen. Blumenthal, Richard [D-CT]</fullName>
        <firstName>Richard</firstName>
        <isOriginalCosponsor>False</isOriginalCosponsor>
        <identifiers>
          <lisID>2076</lisID>
          <bioguideId>B001277</bioguideId>
          <gpoId>8332</gpoId>
        </identifiers>
      </item>
      <item>
        <lastName>Gillibrand</lastName>
        <sponsorshipDate>2017-11-06</sponsorshipDate>
        <party>D</party>
        <state>NY</state>
        <bioguideId>G000555</bioguideId>
        <middleName>E.</middleName>
        <sponsorshipWithdrawnDate />
        <fullName>Sen. Gillibrand, Kirsten E. [D-NY]</fullName>
        <firstName>Kirsten</firstName>
        <isOriginalCosponsor>False</isOriginalCosponsor>
        <identifiers>
          <gpoId>8336</gpoId>
          <lisID>1866</lisID>
          <bioguideId>G000555</bioguideId>
        </identifiers>
      </item>
    </cosponsors>
    <congress>115</congress>
    <recordedVotes />
    <amendments />
    <laws />
    <cboCostEstimates />
    <actions>
      <actionTypeCounts>
        <referredToCommittee>1</referredToCommittee>
        <introducedInSenate>1</introducedInSenate>
      </actionTypeCounts>
      <item>
        <actionDate>2017-03-30</actionDate>
        <committee>
          <systemCode>sshr00</systemCode>
          <name>Health, Education, Labor, and Pensions Committee</name>
        </committee>
        <links />
        <sourceSystem>
          <name>Senate</name>
          <code>0</code>
        </sourceSystem>
        <text>Read twice and referred to the Committee on Health, Education, Labor, and Pensions.</text>
        <type>IntroReferral</type>
      </item>
      <item>
        <text>Introduced in Senate</text>
        <links />
        <actionDate>2017-03-30</actionDate>
        <committee />
        <sourceSystem>
          <name>Library of Congress</name>
          <code>9</code>
        </sourceSystem>
        <type>IntroReferral</type>
        <actionCode>10000</actionCode>
      </item>
      <actionByCounts>
        <senate>2</senate>
      </actionByCounts>
    </actions>
    <latestAction>
      <text>Read twice and referred to the Committee on Health, Education, Labor, and Pensions.</text>
      <actionDate>2017-03-30</actionDate>
      <links />
    </latestAction>
    <titles>
      <item>
        <parentTitleType />
        <chamberCode />
        <chamberName />
        <titleType>(Extracted from GPO) Short Titles as Introduced</titleType>
        <title>Prescription Drug Monitoring Act of 2017</title>
      </item>
      <item>
        <parentTitleType />
        <chamberCode />
        <chamberName />
        <titleType>Short Titles as Introduced</titleType>
        <title>Prescription Drug Monitoring Act of 2017</title>
      </item>
      <item>
        <parentTitleType />
        <chamberCode />
        <chamberName />
        <titleType>Official Title as Introduced</titleType>
        <title>A bill to require the use of prescription drug monitoring programs and to facilitate information sharing among States.</title>
      </item>
      <item>
        <parentTitleType />
        <chamberCode />
        <chamberName />
        <titleType>Display Title</titleType>
        <title>Prescription Drug Monitoring Act of 2017</title>
      </item>
    </titles>
    <summaries>
      <billSummaries>
        <item>
          <lastSummaryUpdateDate>2017-07-25T21:17:19Z</lastSummaryUpdateDate>
          <updateDate>2017-03-30T04:00:00Z</updateDate>
          <versionCode>00</versionCode>
          <text><![CDATA[<p><b>Prescription Drug Monitoring Act of </b><b>2017</b></p> <p>This bill requires a state that receives grant funds under the prescription drug monitoring program (PDMP) or the controlled substance monitoring program to comply with specified requirements, including a requirement to share its PDMP data with other states. The Department of Justice (DOJ) or Department of Health and Human Services may withhold grant funds from a state that fails to comply.</p> <p> To facilitate data sharing among states, the bill directs DOJ to award a grant under the Comprehensive Opioid Abuse Grant Program to establish and maintain a data-sharing hub.</p>]]></text>
          <name>Introduced in Senate</name>
          <actionDesc>Introduced in Senate</actionDesc>
          <actionDate>2017-03-30</actionDate>
        </item>
      </billSummaries>
    </summaries>
    <title>Prescription Drug Monitoring Act of 2017</title>
    <calendarNumbers />
    <originChamber>Senate</originChamber>
    <updateDate>2018-02-06T16:45:09Z</updateDate>
    <notes />
    <billType>S</billType>
    <committees>
      <billCommittees>
        <item>
          <systemCode>sshr00</systemCode>
          <chamber>Senate</chamber>
          <type>Standing</type>
          <activities>
            <item>
              <date>2017-03-30T15:58:47Z</date>
              <name>Referred to</name>
            </item>
          </activities>
          <name>Health, Education, Labor, and Pensions Committee</name>
          <subcommittees />
        </item>
      </billCommittees>
    </committees>
    <relatedBills>
      <item>
        <latestTitle>Prescription Drug Monitoring Act of 2017</latestTitle>
        <number>1854</number>
        <congress>115</congress>
        <latestAction>
          <actionDate>2017-04-24</actionDate>
          <text>Referred to the Subcommittee on Crime, Terrorism, Homeland Security, and Investigations.</text>
        </latestAction>
        <type>HR</type>
        <relationshipDetails>
          <item>
            <type>Identical bill</type>
            <identifiedBy>CRS</identifiedBy>
          </item>
        </relationshipDetails>
      </item>
    </relatedBills>
    <committeeReports />
    <billNumber>778</billNumber>
    <sponsors>
      <item>
        <byRequestType />
        <state>MN</state>
        <bioguideId>K000367</bioguideId>
        <identifiers>
          <bioguideId>K000367</bioguideId>
          <lisID>1826</lisID>
          <gpoId>8249</gpoId>
        </identifiers>
        <fullName>Sen. Klobuchar, Amy [D-MN]</fullName>
        <lastName>Klobuchar</lastName>
        <firstName>Amy</firstName>
        <middleName />
        <party>D</party>
      </item>
    </sponsors>
    <createDate>2017-03-31T05:07:21Z</createDate>
    <version>1.0.0</version>
    <subjects>
      <billSubjects>
        <legislativeSubjects>
          <item>
            <name>Drug trafficking and controlled substances</name>
          </item>
          <item>
            <name>Health information and medical records</name>
          </item>
          <item>
            <name>Health personnel</name>
          </item>
          <item>
            <name>Intergovernmental relations</name>
          </item>
          <item>
            <name>Prescription drugs</name>
          </item>
          <item>
            <name>State and local government operations</name>
          </item>
        </legislativeSubjects>
        <policyArea>
          <name>Health</name>
        </policyArea>
      </billSubjects>
    </subjects>
  </bill>
  <dublinCore xmlns:dc="http://purl.org/dc/elements/1.1/">
    <dc:format>text/xml</dc:format>
    <dc:language>EN</dc:language>
    <dc:rights>Pursuant to Title 17 Section 105 of the United States Code, this file is not subject to copyright protection and is in the public domain.</dc:rights>
    <dc:contributor>Congressional Research Service, Library of Congress</dc:contributor>
    <dc:description>This file contains bill summaries and statuses for federal legislation. A bill summary describes the most significant provisions of a piece of legislation and details the effects the legislative text may have on current law and federal programs. Bill summaries are authored by the Congressional Research Service (CRS) of the Library of Congress. As stated in Public Law 91-510 (2 USC 166 (d)(6)), one of the duties of CRS is "to prepare summaries and digests of bills and resolutions of a public general nature introduced in the Senate or House of Representatives". For more information, refer to the User Guide that accompanies this file.</dc:description>
  </dublinCore>
</billStatus>

