<?xml version="1.0" encoding="UTF-8"?>
<billStatus>
  <bill>
    <originChamber>Senate</originChamber>
    <introducedDate>2017-02-15</introducedDate>
    <cosponsors>
      <item>
        <bioguideId>W000805</bioguideId>
        <sponsorshipDate>2017-02-15</sponsorshipDate>
        <isOriginalCosponsor>True</isOriginalCosponsor>
        <middleName>R.</middleName>
        <sponsorshipWithdrawnDate />
        <firstName>Mark</firstName>
        <lastName>Warner</lastName>
        <state>VA</state>
        <party>D</party>
        <identifiers>
          <bioguideId>W000805</bioguideId>
          <lisID>1897</lisID>
          <gpoId>8269</gpoId>
        </identifiers>
        <fullName>Sen. Warner, Mark R. [D-VA]</fullName>
      </item>
      <item>
        <bioguideId>S001181</bioguideId>
        <sponsorshipDate>2017-02-15</sponsorshipDate>
        <isOriginalCosponsor>True</isOriginalCosponsor>
        <middleName />
        <sponsorshipWithdrawnDate />
        <firstName>Jeanne</firstName>
        <lastName>Shaheen</lastName>
        <state>NH</state>
        <party>D</party>
        <identifiers>
          <lisID>1901</lisID>
          <bioguideId>S001181</bioguideId>
          <gpoId>8276</gpoId>
        </identifiers>
        <fullName>Sen. Shaheen, Jeanne [D-NH]</fullName>
      </item>
      <item>
        <bioguideId>P000449</bioguideId>
        <sponsorshipDate>2017-02-15</sponsorshipDate>
        <isOriginalCosponsor>True</isOriginalCosponsor>
        <middleName />
        <sponsorshipWithdrawnDate />
        <firstName>ROB</firstName>
        <lastName>PORTMAN</lastName>
        <state>OH</state>
        <party>R</party>
        <identifiers>
          <bioguideId>P000449</bioguideId>
          <lisID>924</lisID>
          <gpoId>8266</gpoId>
        </identifiers>
        <fullName>Sen. Portman, Rob [R-OH]</fullName>
      </item>
      <item>
        <bioguideId>M001176</bioguideId>
        <sponsorshipDate>2017-02-15</sponsorshipDate>
        <isOriginalCosponsor>True</isOriginalCosponsor>
        <middleName />
        <sponsorshipWithdrawnDate />
        <firstName>Jeff</firstName>
        <lastName>Merkley</lastName>
        <state>OR</state>
        <party>D</party>
        <identifiers>
          <gpoId>8238</gpoId>
          <bioguideId>M001176</bioguideId>
          <lisID>1900</lisID>
        </identifiers>
        <fullName>Sen. Merkley, Jeff [D-OR]</fullName>
      </item>
      <item>
        <bioguideId>W000817</bioguideId>
        <sponsorshipDate>2017-06-14</sponsorshipDate>
        <isOriginalCosponsor>False</isOriginalCosponsor>
        <middleName>A.</middleName>
        <sponsorshipWithdrawnDate />
        <firstName>Elizabeth</firstName>
        <lastName>Warren</lastName>
        <state>MA</state>
        <party>D</party>
        <identifiers>
          <bioguideId>W000817</bioguideId>
          <lisID>2182</lisID>
          <gpoId />
        </identifiers>
        <fullName>Sen. Warren, Elizabeth [D-MA]</fullName>
      </item>
    </cosponsors>
    <billType>S</billType>
    <recordedVotes />
    <laws />
    <committeeReports />
    <actions>
      <actionByCounts>
        <senate>2</senate>
      </actionByCounts>
      <actionTypeCounts>
        <referredToCommittee>1</referredToCommittee>
        <introducedInSenate>1</introducedInSenate>
      </actionTypeCounts>
      <item>
        <actionDate>2017-02-15</actionDate>
        <committee>
          <name>Energy and Natural Resources Committee</name>
          <systemCode>sseg00</systemCode>
        </committee>
        <links />
        <sourceSystem>
          <code>0</code>
          <name>Senate</name>
        </sourceSystem>
        <text>Read twice and referred to the Committee on Energy and Natural Resources.</text>
        <type>IntroReferral</type>
      </item>
      <item>
        <text>Introduced in Senate</text>
        <links />
        <sourceSystem>
          <code>9</code>
          <name>Library of Congress</name>
        </sourceSystem>
        <actionCode>10000</actionCode>
        <type>IntroReferral</type>
        <committee />
        <actionDate>2017-02-15</actionDate>
      </item>
    </actions>
    <createDate>2017-02-16T08:49:56Z</createDate>
    <version>1.0.0</version>
    <notes />
    <latestAction>
      <actionDate>2017-02-15</actionDate>
      <text>Read twice and referred to the Committee on Energy and Natural Resources.</text>
      <links />
    </latestAction>
    <title>Streamlining Energy Efficiency for Schools Act</title>
    <summaries>
      <billSummaries>
        <item>
          <versionCode>00</versionCode>
          <updateDate>2017-02-15T05:00:00Z</updateDate>
          <actionDesc>Introduced in Senate</actionDesc>
          <lastSummaryUpdateDate>2017-02-27T20:49:37Z</lastSummaryUpdateDate>
          <actionDate>2017-02-15</actionDate>
          <name>Introduced in Senate</name>
          <text><![CDATA[<p><b>Streamlining Energy Efficiency for Schools Act</b></p> <p>This bill amends the Energy Policy and Conservation Act to direct the Department of Energy (DOE), acting through the Office of Energy Efficiency and Renewable Energy, to act as the lead federal agency for coordinating and disseminating information on existing federal programs and assistance that may be used to help initiate, develop, and finance energy efficiency, renewable energy, and energy retrofitting projects for schools. </p> <p>DOE must: </p> <ul> <li>carry out a review of existing programs and financing mechanisms available in or from appropriate federal agencies with jurisdiction over energy financing and facilitation that are currently used or may be used for such purposes;</li> <li> establish a federal cross-departmental collaborative coordination, education, and outreach effort to streamline communication and promote available federal opportunities and assistance for such projects that enables states, local educational agencies, and schools to use existing federal opportunities more effectively and to form partnerships with appropriate entities to support project initiation;</li> <li> provide technical assistance for states, local educational agencies, and schools to help develop and finance projects that meet specified requirements;</li> <li> develop and maintain a single online resource website with contact information for relevant technical assistance and support staff in the office for states, local educational agencies, and schools to effectively access and use federal opportunities and assistance to develop such projects; and</li> <li>establish a process for recognition of schools that have successfully implemented such projects and are willing to serve as resources for other local educational agencies and schools to assist initiation of similar efforts.</li> </ul>]]></text>
        </item>
      </billSummaries>
    </summaries>
    <congress>115</congress>
    <policyArea>
      <name>Energy</name>
    </policyArea>
    <billNumber>383</billNumber>
    <calendarNumbers />
    <cboCostEstimates />
    <subjects>
      <billSubjects>
        <policyArea>
          <name>Energy</name>
        </policyArea>
        <legislativeSubjects>
          <item>
            <name>Alternative and renewable resources</name>
          </item>
          <item>
            <name>Building construction</name>
          </item>
          <item>
            <name>Educational facilities and institutions</name>
          </item>
          <item>
            <name>Elementary and secondary education</name>
          </item>
          <item>
            <name>Energy efficiency and conservation</name>
          </item>
          <item>
            <name>Government information and archives</name>
          </item>
          <item>
            <name>Higher education</name>
          </item>
        </legislativeSubjects>
      </billSubjects>
    </subjects>
    <relatedBills>
      <item>
        <congress>115</congress>
        <latestAction>
          <actionDate>2017-04-25</actionDate>
          <text>Referred to the Subcommittee on Energy.</text>
        </latestAction>
        <type>HR</type>
        <latestTitle>Energy Savings and Industrial Competitiveness Act</latestTitle>
        <number>1443</number>
        <relationshipDetails>
          <item>
            <type>Related bill</type>
            <identifiedBy>CRS</identifiedBy>
          </item>
        </relationshipDetails>
      </item>
      <item>
        <congress>115</congress>
        <latestAction>
          <actionDate>2017-05-10</actionDate>
          <text>Placed on Senate Legislative Calendar under General Orders. Calendar No. 73.</text>
        </latestAction>
        <type>S</type>
        <latestTitle>Energy Savings and Industrial Competitiveness Act</latestTitle>
        <number>385</number>
        <relationshipDetails>
          <item>
            <type>Related bill</type>
            <identifiedBy>CRS</identifiedBy>
          </item>
        </relationshipDetails>
      </item>
    </relatedBills>
    <committees>
      <billCommittees>
        <item>
          <chamber>Senate</chamber>
          <subcommittees />
          <systemCode>sseg00</systemCode>
          <name>Energy and Natural Resources Committee</name>
          <activities>
            <item>
              <name>Referred to</name>
              <date>2017-02-15T16:09:15Z</date>
            </item>
          </activities>
          <type>Standing</type>
        </item>
      </billCommittees>
    </committees>
    <titles>
      <item>
        <title>Streamlining Energy Efficiency for Schools Act</title>
        <titleType>(Extracted from GPO) Short Titles as Introduced</titleType>
        <parentTitleType />
        <chamberCode />
        <chamberName />
      </item>
      <item>
        <title>Streamlining Energy Efficiency for Schools Act</title>
        <titleType>Short Titles as Introduced</titleType>
        <parentTitleType />
        <chamberCode />
        <chamberName />
      </item>
      <item>
        <title>A bill to coordinate the provision of energy retrofitting assistance to schools.</title>
        <titleType>Official Title as Introduced</titleType>
        <parentTitleType />
        <chamberCode />
        <chamberName />
      </item>
      <item>
        <title>Streamlining Energy Efficiency for Schools Act</title>
        <titleType>Display Title</titleType>
        <parentTitleType />
        <chamberCode />
        <chamberName />
      </item>
    </titles>
    <sponsors>
      <item>
        <fullName>Sen. Collins, Susan M. [R-ME]</fullName>
        <middleName>MARGARET</middleName>
        <state>ME</state>
        <byRequestType />
        <firstName>SUSAN</firstName>
        <bioguideId>C001035</bioguideId>
        <party>R</party>
        <lastName>COLLINS</lastName>
        <identifiers>
          <lisID>1541</lisID>
          <bioguideId>C001035</bioguideId>
          <gpoId>8291</gpoId>
        </identifiers>
      </item>
    </sponsors>
    <updateDate>2018-02-06T16:44:46Z</updateDate>
    <amendments />
  </bill>
  <dublinCore xmlns:dc="http://purl.org/dc/elements/1.1/">
    <dc:format>text/xml</dc:format>
    <dc:language>EN</dc:language>
    <dc:rights>Pursuant to Title 17 Section 105 of the United States Code, this file is not subject to copyright protection and is in the public domain.</dc:rights>
    <dc:contributor>Congressional Research Service, Library of Congress</dc:contributor>
    <dc:description>This file contains bill summaries and statuses for federal legislation. A bill summary describes the most significant provisions of a piece of legislation and details the effects the legislative text may have on current law and federal programs. Bill summaries are authored by the Congressional Research Service (CRS) of the Library of Congress. As stated in Public Law 91-510 (2 USC 166 (d)(6)), one of the duties of CRS is "to prepare summaries and digests of bills and resolutions of a public general nature introduced in the Senate or House of Representatives". For more information, refer to the User Guide that accompanies this file.</dc:description>
  </dublinCore>
</billStatus>

