<?xml version="1.0" encoding="UTF-8"?>
<billStatus>
  <bill>
    <committeeReports />
    <originChamber>Senate</originChamber>
    <billNumber>707</billNumber>
    <actions>
      <item>
        <actionDate>2017-03-23</actionDate>
        <committee>
          <systemCode>ssfi00</systemCode>
          <name>Finance Committee</name>
        </committee>
        <links />
        <sourceSystem>
          <name>Senate</name>
          <code>0</code>
        </sourceSystem>
        <text>Read twice and referred to the Committee on Finance.</text>
        <type>IntroReferral</type>
      </item>
      <item>
        <links />
        <actionDate>2017-03-23</actionDate>
        <type>IntroReferral</type>
        <text>Introduced in Senate</text>
        <actionCode>10000</actionCode>
        <sourceSystem>
          <name>Library of Congress</name>
          <code>9</code>
        </sourceSystem>
        <committee />
      </item>
      <actionByCounts>
        <senate>2</senate>
      </actionByCounts>
      <actionTypeCounts>
        <introducedInSenate>1</introducedInSenate>
        <referredToCommittee>1</referredToCommittee>
      </actionTypeCounts>
    </actions>
    <calendarNumbers />
    <updateDate>2018-02-06T16:45:05Z</updateDate>
    <cosponsors>
      <item>
        <isOriginalCosponsor>True</isOriginalCosponsor>
        <fullName>Sen. Nelson, Bill [D-FL]</fullName>
        <firstName>CLARENCE</firstName>
        <identifiers>
          <bioguideId>N000032</bioguideId>
          <gpoId>8236</gpoId>
          <lisID>859</lisID>
        </identifiers>
        <party>D</party>
        <sponsorshipDate>2017-03-23</sponsorshipDate>
        <lastName>NELSON</lastName>
        <bioguideId>N000032</bioguideId>
        <state>FL</state>
        <middleName>WILLIAM</middleName>
        <sponsorshipWithdrawnDate />
      </item>
    </cosponsors>
    <notes />
    <subjects>
      <billSubjects>
        <policyArea>
          <name>Taxation</name>
        </policyArea>
        <legislativeSubjects>
          <item>
            <name>Income tax rates</name>
          </item>
          <item>
            <name>Tax administration and collection, taxpayers</name>
          </item>
        </legislativeSubjects>
      </billSubjects>
    </subjects>
    <committees>
      <billCommittees>
        <item>
          <chamber>Senate</chamber>
          <subcommittees />
          <type>Standing</type>
          <activities>
            <item>
              <date>2017-03-23T16:34:04Z</date>
              <name>Referred to</name>
            </item>
          </activities>
          <systemCode>ssfi00</systemCode>
          <name>Finance Committee</name>
        </item>
      </billCommittees>
    </committees>
    <version>1.0.0</version>
    <recordedVotes />
    <policyArea>
      <name>Taxation</name>
    </policyArea>
    <cboCostEstimates />
    <introducedDate>2017-03-23</introducedDate>
    <title>Main Street Fairness Act</title>
    <amendments />
    <congress>115</congress>
    <billType>S</billType>
    <createDate>2017-03-24T05:21:03Z</createDate>
    <sponsors>
      <item>
        <lastName>COLLINS</lastName>
        <party>R</party>
        <state>ME</state>
        <bioguideId>C001035</bioguideId>
        <middleName>MARGARET</middleName>
        <byRequestType />
        <fullName>Sen. Collins, Susan M. [R-ME]</fullName>
        <firstName>SUSAN</firstName>
        <identifiers>
          <lisID>1541</lisID>
          <gpoId>8291</gpoId>
          <bioguideId>C001035</bioguideId>
        </identifiers>
      </item>
    </sponsors>
    <latestAction>
      <text>Read twice and referred to the Committee on Finance.</text>
      <links />
      <actionDate>2017-03-23</actionDate>
    </latestAction>
    <relatedBills>
      <item>
        <type>HR</type>
        <latestAction>
          <text>Referred to the House Committee on Ways and Means.</text>
          <actionDate>2017-01-03</actionDate>
        </latestAction>
        <latestTitle>Main Street Fairness Act</latestTitle>
        <relationshipDetails>
          <item>
            <type>Identical bill</type>
            <identifiedBy>CRS</identifiedBy>
          </item>
        </relationshipDetails>
        <congress>115</congress>
        <number>116</number>
      </item>
    </relatedBills>
    <laws />
    <titles>
      <item>
        <parentTitleType />
        <chamberCode />
        <chamberName />
        <titleType>(Extracted from GPO) Short Titles as Introduced</titleType>
        <title>Main Street Fairness Act</title>
      </item>
      <item>
        <parentTitleType />
        <chamberCode />
        <chamberName />
        <titleType>Short Titles as Introduced</titleType>
        <title>Main Street Fairness Act</title>
      </item>
      <item>
        <parentTitleType />
        <chamberCode />
        <chamberName />
        <titleType>Official Title as Introduced</titleType>
        <title>A bill to amend the Internal Revenue Code of 1986 to ensure that pass-through businesses do not pay tax at a higher rate than corporations.</title>
      </item>
      <item>
        <parentTitleType />
        <chamberCode />
        <chamberName />
        <titleType>Display Title</titleType>
        <title>Main Street Fairness Act</title>
      </item>
    </titles>
    <summaries>
      <billSummaries>
        <item>
          <versionCode>00</versionCode>
          <updateDate>2017-03-23T04:00:00Z</updateDate>
          <actionDesc>Introduced in Senate</actionDesc>
          <lastSummaryUpdateDate>2017-04-03T19:20:42Z</lastSummaryUpdateDate>
          <actionDate>2017-03-23</actionDate>
          <name>Introduced in Senate</name>
          <text><![CDATA[<p><b>Main Street Fairness Act </b></p> <p>This bill amends the Internal Revenue Code to prevent qualified business income attributed to individuals from being taxed at a higher rate than corporate income.</p> <p>(Under current law, business income attributed to individuals is taxed using individual income tax rates rather than the corporate tax rate.)</p> <p>Qualified business income is all items of income, deduction, loss, or credit properly attributable to the taxpayer from the active conduct of a trade or business, including:</p> <ul> <li> a partnership in which the taxpayer holds a capital or profits interest; </li> <li> an S corporation in which the taxpayer is a shareholder;</li> <li> a sole proprietorship or an entity otherwise disregarded as separate from its sole owner, in which the taxpayer is the sole owner; and </li> <li> a trust or estate in which the taxpayer is a beneficiary. </li> </ul> <p>Qualified business income does not include any item taken into account in determining net capital gain or the financial services income of partnerships. </p>]]></text>
        </item>
      </billSummaries>
    </summaries>
  </bill>
  <dublinCore xmlns:dc="http://purl.org/dc/elements/1.1/">
    <dc:format>text/xml</dc:format>
    <dc:language>EN</dc:language>
    <dc:rights>Pursuant to Title 17 Section 105 of the United States Code, this file is not subject to copyright protection and is in the public domain.</dc:rights>
    <dc:contributor>Congressional Research Service, Library of Congress</dc:contributor>
    <dc:description>This file contains bill summaries and statuses for federal legislation. A bill summary describes the most significant provisions of a piece of legislation and details the effects the legislative text may have on current law and federal programs. Bill summaries are authored by the Congressional Research Service (CRS) of the Library of Congress. As stated in Public Law 91-510 (2 USC 166 (d)(6)), one of the duties of CRS is "to prepare summaries and digests of bills and resolutions of a public general nature introduced in the Senate or House of Representatives". For more information, refer to the User Guide that accompanies this file.</dc:description>
  </dublinCore>
</billStatus>

