<?xml version="1.0" encoding="UTF-8"?>
<billStatus>
  <bill>
    <committeeReports />
    <summaries>
      <billSummaries>
        <item>
          <updateDate>2017-02-16T05:00:00Z</updateDate>
          <lastSummaryUpdateDate>2018-02-08T20:06:04Z</lastSummaryUpdateDate>
          <versionCode>00</versionCode>
          <name>Introduced in Senate</name>
          <text><![CDATA[<p><strong>Advancing Care for Exceptional Kids Act of 2017 or the ACE Kids Act of 2017</strong></p> <p>This bill allows a state Medicaid program&nbsp;or child health plan to provide coordinated care through enhanced pediatric health homes (EPHHs) for children who have complex medical conditions. Pursuant to an agreement with a state, an EPHH offers: (1)&nbsp;comprehensive pediatric care management, (2) care coordination and health promotion, (3) comprehensive transitional care, (4) patient and family support, (5) referrals to community and social support services, (6) the use of health information technology to link services, and (7) coordination of access to the full range of pediatric specialty and subspecialty medical services.</p> <p>In general, an EPHH&nbsp;must enroll any eligible child who requests enrollment. A child who opts to enroll shall have the option to disenroll from the EPHH and instead receive covered services under the state Medicaid program or the Children's Health Insurance Program (CHIP).</p> <p>Each state shall develop a methodology for payment to EPHHs under the state plan.</p> <p>The bill establishes requirements related to data collection and quality assurance.</p> <p>The Centers for Medicare &amp; Medicaid Services (CMS) shall issue guidance to states&nbsp;on best practices for ensuring that children with complex medical conditions receive prompt care from out-of-state providers when medically necessary.</p> <p>The Medicaid and CHIP Payment and Access Commission must report to Congress and the CMS on specified information related to children with complex medical conditions.</p>]]></text>
          <actionDate>2017-02-16</actionDate>
          <actionDesc>Introduced in Senate</actionDesc>
        </item>
      </billSummaries>
    </summaries>
    <relatedBills />
    <createDate>2017-02-17T09:06:59Z</createDate>
    <cosponsors>
      <item>
        <fullName>Sen. Bennet, Michael F. [D-CO]</fullName>
        <middleName>F.</middleName>
        <party>D</party>
        <isOriginalCosponsor>True</isOriginalCosponsor>
        <firstName>Michael</firstName>
        <bioguideId>B001267</bioguideId>
        <sponsorshipDate>2017-02-16</sponsorshipDate>
        <sponsorshipWithdrawnDate />
        <state>CO</state>
        <lastName>Bennet</lastName>
        <identifiers>
          <lisID>1965</lisID>
          <gpoId>8302</gpoId>
          <bioguideId>B001267</bioguideId>
        </identifiers>
      </item>
      <item>
        <fullName>Sen. Portman, Rob [R-OH]</fullName>
        <middleName />
        <party>R</party>
        <isOriginalCosponsor>True</isOriginalCosponsor>
        <firstName>ROB</firstName>
        <bioguideId>P000449</bioguideId>
        <sponsorshipDate>2017-02-16</sponsorshipDate>
        <sponsorshipWithdrawnDate />
        <state>OH</state>
        <lastName>PORTMAN</lastName>
        <identifiers>
          <bioguideId>P000449</bioguideId>
          <lisID>924</lisID>
          <gpoId>8266</gpoId>
        </identifiers>
      </item>
      <item>
        <fullName>Sen. Harris, Kamala D. [D-CA]</fullName>
        <middleName>D.</middleName>
        <party>D</party>
        <isOriginalCosponsor>True</isOriginalCosponsor>
        <firstName>Kamala</firstName>
        <bioguideId>H001075</bioguideId>
        <sponsorshipDate>2017-02-16</sponsorshipDate>
        <sponsorshipWithdrawnDate />
        <state>CA</state>
        <lastName>Harris</lastName>
        <identifiers>
          <lisID>2301</lisID>
          <gpoId />
          <bioguideId>H001075</bioguideId>
        </identifiers>
      </item>
      <item>
        <fullName>Sen. Blunt, Roy [R-MO]</fullName>
        <middleName />
        <party>R</party>
        <isOriginalCosponsor>True</isOriginalCosponsor>
        <firstName>Roy</firstName>
        <bioguideId>B000575</bioguideId>
        <sponsorshipDate>2017-02-16</sponsorshipDate>
        <sponsorshipWithdrawnDate />
        <state>MO</state>
        <lastName>Blunt</lastName>
        <identifiers>
          <lisID>1464</lisID>
          <bioguideId>B000575</bioguideId>
          <gpoId>8313</gpoId>
        </identifiers>
      </item>
      <item>
        <fullName>Sen. Nelson, Bill [D-FL]</fullName>
        <middleName>WILLIAM</middleName>
        <party>D</party>
        <isOriginalCosponsor>True</isOriginalCosponsor>
        <firstName>CLARENCE</firstName>
        <bioguideId>N000032</bioguideId>
        <sponsorshipDate>2017-02-16</sponsorshipDate>
        <sponsorshipWithdrawnDate />
        <state>FL</state>
        <lastName>NELSON</lastName>
        <identifiers>
          <lisID>859</lisID>
          <gpoId>8236</gpoId>
          <bioguideId>N000032</bioguideId>
        </identifiers>
      </item>
      <item>
        <fullName>Sen. Brown, Sherrod [D-OH]</fullName>
        <middleName />
        <party>D</party>
        <isOriginalCosponsor>True</isOriginalCosponsor>
        <firstName>SHERROD</firstName>
        <bioguideId>B000944</bioguideId>
        <sponsorshipDate>2017-02-16</sponsorshipDate>
        <sponsorshipWithdrawnDate />
        <state>OH</state>
        <lastName>BROWN</lastName>
        <identifiers>
          <bioguideId>B000944</bioguideId>
          <lisID>136</lisID>
          <gpoId>8309</gpoId>
        </identifiers>
      </item>
      <item>
        <fullName>Sen. Gardner, Cory [R-CO]</fullName>
        <middleName />
        <party>R</party>
        <isOriginalCosponsor>True</isOriginalCosponsor>
        <firstName>Cory</firstName>
        <bioguideId>G000562</bioguideId>
        <sponsorshipDate>2017-02-16</sponsorshipDate>
        <sponsorshipWithdrawnDate />
        <state>CO</state>
        <lastName>Gardner</lastName>
        <identifiers>
          <bioguideId>G000562</bioguideId>
          <lisID>1998</lisID>
          <gpoId>7862</gpoId>
        </identifiers>
      </item>
      <item>
        <fullName>Sen. Murray, Patty [D-WA]</fullName>
        <middleName />
        <party>D</party>
        <isOriginalCosponsor>True</isOriginalCosponsor>
        <firstName>PATTY</firstName>
        <bioguideId>M001111</bioguideId>
        <sponsorshipDate>2017-02-16</sponsorshipDate>
        <sponsorshipWithdrawnDate />
        <state>WA</state>
        <lastName>MURRAY</lastName>
        <identifiers>
          <bioguideId>M001111</bioguideId>
          <gpoId>8237</gpoId>
          <lisID>1409</lisID>
        </identifiers>
      </item>
      <item>
        <fullName>Sen. Roberts, Pat [R-KS]</fullName>
        <middleName />
        <party>R</party>
        <isOriginalCosponsor>False</isOriginalCosponsor>
        <firstName>PAT</firstName>
        <bioguideId>R000307</bioguideId>
        <sponsorshipDate>2017-03-14</sponsorshipDate>
        <sponsorshipWithdrawnDate />
        <state>KS</state>
        <lastName>ROBERTS</lastName>
        <identifiers>
          <gpoId>8275</gpoId>
          <lisID>968</lisID>
          <bioguideId>R000307</bioguideId>
        </identifiers>
      </item>
      <item>
        <fullName>Sen. Moran, Jerry [R-KS]</fullName>
        <middleName />
        <party>R</party>
        <isOriginalCosponsor>False</isOriginalCosponsor>
        <firstName>JERRY</firstName>
        <bioguideId>M000934</bioguideId>
        <sponsorshipDate>2017-04-27</sponsorshipDate>
        <sponsorshipWithdrawnDate />
        <state>KS</state>
        <lastName>MORAN</lastName>
        <identifiers>
          <bioguideId>M000934</bioguideId>
          <lisID>1507</lisID>
          <gpoId>8307</gpoId>
        </identifiers>
      </item>
      <item>
        <fullName>Sen. Graham, Lindsey [R-SC]</fullName>
        <middleName>O.</middleName>
        <party>R</party>
        <isOriginalCosponsor>False</isOriginalCosponsor>
        <firstName>LINDSEY</firstName>
        <bioguideId>G000359</bioguideId>
        <sponsorshipDate>2017-05-03</sponsorshipDate>
        <sponsorshipWithdrawnDate />
        <state>SC</state>
        <lastName>GRAHAM</lastName>
        <identifiers>
          <lisID>452</lisID>
          <bioguideId>G000359</bioguideId>
          <gpoId>8335</gpoId>
        </identifiers>
      </item>
      <item>
        <fullName>Sen. Cochran, Thad [R-MS]</fullName>
        <middleName />
        <party>R</party>
        <isOriginalCosponsor>False</isOriginalCosponsor>
        <firstName>Thad</firstName>
        <bioguideId>C000567</bioguideId>
        <sponsorshipDate>2017-05-10</sponsorshipDate>
        <sponsorshipWithdrawnDate />
        <state>MS</state>
        <lastName>Cochran</lastName>
        <identifiers>
          <lisID>213</lisID>
          <gpoId>8292</gpoId>
          <bioguideId>C000567</bioguideId>
        </identifiers>
      </item>
      <item>
        <fullName>Sen. McCaskill, Claire [D-MO]</fullName>
        <middleName />
        <party>D</party>
        <isOriginalCosponsor>False</isOriginalCosponsor>
        <firstName>Claire</firstName>
        <bioguideId>M001170</bioguideId>
        <sponsorshipDate>2017-05-16</sponsorshipDate>
        <sponsorshipWithdrawnDate />
        <state>MO</state>
        <lastName>McCaskill</lastName>
        <identifiers>
          <gpoId>8252</gpoId>
          <lisID>1820</lisID>
          <bioguideId>M001170</bioguideId>
        </identifiers>
      </item>
      <item>
        <fullName>Sen. Durbin, Richard J. [D-IL]</fullName>
        <middleName>J.</middleName>
        <party>D</party>
        <isOriginalCosponsor>False</isOriginalCosponsor>
        <firstName>RICHARD</firstName>
        <bioguideId>D000563</bioguideId>
        <sponsorshipDate>2017-05-16</sponsorshipDate>
        <sponsorshipWithdrawnDate />
        <state>IL</state>
        <lastName>DURBIN</lastName>
        <identifiers>
          <bioguideId>D000563</bioguideId>
          <lisID>326</lisID>
          <gpoId>8326</gpoId>
        </identifiers>
      </item>
      <item>
        <fullName>Sen. Scott, Tim [R-SC]</fullName>
        <middleName />
        <party>R</party>
        <isOriginalCosponsor>False</isOriginalCosponsor>
        <firstName>Tim</firstName>
        <bioguideId>S001184</bioguideId>
        <sponsorshipDate>2017-05-22</sponsorshipDate>
        <sponsorshipWithdrawnDate />
        <state>SC</state>
        <lastName>Scott</lastName>
        <identifiers>
          <lisID>2056</lisID>
          <bioguideId>S001184</bioguideId>
          <gpoId>8141</gpoId>
        </identifiers>
      </item>
      <item>
        <fullName>Sen. Wicker, Roger F. [R-MS]</fullName>
        <middleName>F.</middleName>
        <party>R</party>
        <isOriginalCosponsor>False</isOriginalCosponsor>
        <firstName>ROGER</firstName>
        <bioguideId>W000437</bioguideId>
        <sponsorshipDate>2017-05-24</sponsorshipDate>
        <sponsorshipWithdrawnDate />
        <state>MS</state>
        <lastName>WICKER</lastName>
        <identifiers>
          <bioguideId>W000437</bioguideId>
          <lisID>1226</lisID>
          <gpoId>8263</gpoId>
        </identifiers>
      </item>
      <item>
        <fullName>Sen. Duckworth, Tammy [D-IL]</fullName>
        <middleName />
        <party>D</party>
        <isOriginalCosponsor>False</isOriginalCosponsor>
        <firstName>Tammy</firstName>
        <bioguideId>D000622</bioguideId>
        <sponsorshipDate>2017-08-02</sponsorshipDate>
        <sponsorshipWithdrawnDate />
        <state>IL</state>
        <lastName>Duckworth</lastName>
        <identifiers>
          <bioguideId>D000622</bioguideId>
          <lisID>2123</lisID>
          <gpoId />
        </identifiers>
      </item>
      <item>
        <fullName>Sen. Murphy, Christopher [D-CT]</fullName>
        <middleName />
        <party>D</party>
        <isOriginalCosponsor>False</isOriginalCosponsor>
        <firstName>Christopher</firstName>
        <bioguideId>M001169</bioguideId>
        <sponsorshipDate>2017-09-11</sponsorshipDate>
        <sponsorshipWithdrawnDate />
        <state>CT</state>
        <lastName>Murphy</lastName>
        <identifiers>
          <gpoId>7870</gpoId>
          <lisID>1837</lisID>
          <bioguideId>M001169</bioguideId>
        </identifiers>
      </item>
      <item>
        <fullName>Sen. Fischer, Deb [R-NE]</fullName>
        <middleName />
        <party>R</party>
        <isOriginalCosponsor>False</isOriginalCosponsor>
        <firstName>Deb</firstName>
        <bioguideId>F000463</bioguideId>
        <sponsorshipDate>2017-09-12</sponsorshipDate>
        <sponsorshipWithdrawnDate />
        <state>NE</state>
        <lastName>Fischer</lastName>
        <identifiers>
          <lisID>2179</lisID>
          <gpoId />
          <bioguideId>F000463</bioguideId>
        </identifiers>
      </item>
      <item>
        <fullName>Sen. Blumenthal, Richard [D-CT]</fullName>
        <middleName />
        <party>D</party>
        <isOriginalCosponsor>False</isOriginalCosponsor>
        <firstName>Richard</firstName>
        <bioguideId>B001277</bioguideId>
        <sponsorshipDate>2017-10-17</sponsorshipDate>
        <sponsorshipWithdrawnDate />
        <state>CT</state>
        <lastName>Blumenthal</lastName>
        <identifiers>
          <gpoId>8332</gpoId>
          <lisID>2076</lisID>
          <bioguideId>B001277</bioguideId>
        </identifiers>
      </item>
      <item>
        <fullName>Sen. Perdue, David [R-GA]</fullName>
        <middleName>Alfred</middleName>
        <party>R</party>
        <isOriginalCosponsor>False</isOriginalCosponsor>
        <firstName>David</firstName>
        <bioguideId>P000612</bioguideId>
        <sponsorshipDate>2017-11-01</sponsorshipDate>
        <sponsorshipWithdrawnDate />
        <state>GA</state>
        <lastName>Perdue</lastName>
        <identifiers>
          <bioguideId>P000612</bioguideId>
          <lisID>2286</lisID>
          <gpoId />
        </identifiers>
      </item>
      <item>
        <fullName>Sen. Whitehouse, Sheldon [D-RI]</fullName>
        <middleName />
        <party>D</party>
        <isOriginalCosponsor>False</isOriginalCosponsor>
        <firstName>Sheldon</firstName>
        <bioguideId>W000802</bioguideId>
        <sponsorshipDate>2018-02-15</sponsorshipDate>
        <sponsorshipWithdrawnDate />
        <state>RI</state>
        <lastName>Whitehouse</lastName>
        <identifiers>
          <lisID>1823</lisID>
          <bioguideId>W000802</bioguideId>
          <gpoId>8264</gpoId>
        </identifiers>
      </item>
      <item>
        <fullName>Sen. Heitkamp, Heidi [D-ND]</fullName>
        <middleName />
        <party>D</party>
        <isOriginalCosponsor>False</isOriginalCosponsor>
        <firstName>Heidi</firstName>
        <bioguideId>H001069</bioguideId>
        <sponsorshipDate>2018-02-26</sponsorshipDate>
        <sponsorshipWithdrawnDate />
        <state>ND</state>
        <lastName>Heitkamp</lastName>
        <identifiers>
          <bioguideId>H001069</bioguideId>
          <lisID>2174</lisID>
          <gpoId />
        </identifiers>
      </item>
    </cosponsors>
    <billNumber>428</billNumber>
    <version>1.0.0</version>
    <calendarNumbers />
    <amendments />
    <laws />
    <titles>
      <item>
        <parentTitleType />
        <titleType>(Extracted from GPO) Short Titles as Introduced</titleType>
        <chamberCode />
        <chamberName />
        <title>ACE Kids Act of 2017</title>
      </item>
      <item>
        <parentTitleType />
        <titleType>(Extracted from GPO) Short Titles as Introduced</titleType>
        <chamberCode />
        <chamberName />
        <title>Advancing Care for Exceptional Kids Act of 2017</title>
      </item>
      <item>
        <parentTitleType />
        <titleType>Short Titles as Introduced</titleType>
        <chamberCode />
        <chamberName />
        <title>ACE Kids Act of 2017</title>
      </item>
      <item>
        <parentTitleType />
        <titleType>Short Titles as Introduced</titleType>
        <chamberCode />
        <chamberName />
        <title>Advancing Care for Exceptional Kids Act of 2017</title>
      </item>
      <item>
        <parentTitleType />
        <titleType>Official Title as Introduced</titleType>
        <chamberCode />
        <chamberName />
        <title>A bill to amend titles XIX and XXI of the Social Security Act to authorize States to provide coordinated care to children with complex medical conditions through enhanced pediatric health homes, and for other purposes.</title>
      </item>
      <item>
        <parentTitleType />
        <titleType>Display Title</titleType>
        <chamberCode />
        <chamberName />
        <title>ACE Kids Act of 2017</title>
      </item>
    </titles>
    <recordedVotes />
    <originChamber>Senate</originChamber>
    <latestAction>
      <text>Read twice and referred to the Committee on Finance.</text>
      <actionDate>2017-02-16</actionDate>
      <links />
    </latestAction>
    <introducedDate>2017-02-16</introducedDate>
    <sponsors>
      <item>
        <fullName>Sen. Grassley, Chuck [R-IA]</fullName>
        <party>R</party>
        <identifiers>
          <bioguideId>G000386</bioguideId>
          <lisID>457</lisID>
          <gpoId>8316</gpoId>
        </identifiers>
        <firstName>CHARLES</firstName>
        <middleName>ERNEST</middleName>
        <lastName>GRASSLEY</lastName>
        <bioguideId>G000386</bioguideId>
        <state>IA</state>
        <byRequestType />
      </item>
    </sponsors>
    <subjects>
      <billSubjects>
        <policyArea>
          <name>Health</name>
        </policyArea>
        <legislativeSubjects>
          <item>
            <name>Child health</name>
          </item>
          <item>
            <name>Congressional oversight</name>
          </item>
          <item>
            <name>Dental care</name>
          </item>
          <item>
            <name>Disability and paralysis</name>
          </item>
          <item>
            <name>Health care costs and insurance</name>
          </item>
          <item>
            <name>Health care quality</name>
          </item>
          <item>
            <name>Health information and medical records</name>
          </item>
          <item>
            <name>Health promotion and preventive care</name>
          </item>
          <item>
            <name>Home and outpatient care</name>
          </item>
          <item>
            <name>Hospital care</name>
          </item>
          <item>
            <name>Long-term, rehabilitative, and terminal care</name>
          </item>
          <item>
            <name>Medicaid</name>
          </item>
          <item>
            <name>Mental health</name>
          </item>
        </legislativeSubjects>
      </billSubjects>
    </subjects>
    <policyArea>
      <name>Health</name>
    </policyArea>
    <billType>S</billType>
    <notes />
    <title>ACE Kids Act of 2017</title>
    <committees>
      <billCommittees>
        <item>
          <systemCode>ssfi00</systemCode>
          <activities>
            <item>
              <name>Referred to</name>
              <date>2017-02-16T22:25:55Z</date>
            </item>
          </activities>
          <subcommittees />
          <type>Standing</type>
          <name>Finance Committee</name>
          <chamber>Senate</chamber>
        </item>
      </billCommittees>
    </committees>
    <congress>115</congress>
    <cboCostEstimates />
    <updateDate>2018-02-27T05:50:13Z</updateDate>
    <actions>
      <actionByCounts>
        <senate>2</senate>
      </actionByCounts>
      <actionTypeCounts>
        <introducedInSenate>1</introducedInSenate>
        <referredToCommittee>1</referredToCommittee>
      </actionTypeCounts>
      <item>
        <actionDate>2017-02-16</actionDate>
        <committee>
          <name>Finance Committee</name>
          <systemCode>ssfi00</systemCode>
        </committee>
        <links />
        <sourceSystem>
          <name>Senate</name>
          <code>0</code>
        </sourceSystem>
        <text>Read twice and referred to the Committee on Finance.</text>
        <type>IntroReferral</type>
      </item>
      <item>
        <links />
        <committee />
        <actionDate>2017-02-16</actionDate>
        <text>Introduced in Senate</text>
        <sourceSystem>
          <name>Library of Congress</name>
          <code>9</code>
        </sourceSystem>
        <type>IntroReferral</type>
        <actionCode>10000</actionCode>
      </item>
    </actions>
  </bill>
  <dublinCore xmlns:dc="http://purl.org/dc/elements/1.1/">
    <dc:format>text/xml</dc:format>
    <dc:language>EN</dc:language>
    <dc:rights>Pursuant to Title 17 Section 105 of the United States Code, this file is not subject to copyright protection and is in the public domain.</dc:rights>
    <dc:contributor>Congressional Research Service, Library of Congress</dc:contributor>
    <dc:description>This file contains bill summaries and statuses for federal legislation. A bill summary describes the most significant provisions of a piece of legislation and details the effects the legislative text may have on current law and federal programs. Bill summaries are authored by the Congressional Research Service (CRS) of the Library of Congress. As stated in Public Law 91-510 (2 USC 166 (d)(6)), one of the duties of CRS is "to prepare summaries and digests of bills and resolutions of a public general nature introduced in the Senate or House of Representatives". For more information, refer to the User Guide that accompanies this file.</dc:description>
  </dublinCore>
</billStatus>

