<?xml version="1.0" encoding="UTF-8"?>
<billStatus>
  <bill>
    <actions>
      <actionTypeCounts>
        <reportedToSenate>2</reportedToSenate>
        <orderedReported>1</orderedReported>
        <referredToCommittee>1</referredToCommittee>
        <placedOnCalendarGeneralOrders>1</placedOnCalendarGeneralOrders>
        <introducedInSenate>1</introducedInSenate>
      </actionTypeCounts>
      <actionByCounts>
        <senate>6</senate>
      </actionByCounts>
      <item>
        <actionDate>2017-06-08</actionDate>
        <committee />
        <links />
        <sourceSystem>
          <code>0</code>
          <name>Senate</name>
        </sourceSystem>
        <text>Placed on Senate Legislative Calendar under General Orders. Calendar No. 132.</text>
        <type>Calendars</type>
      </item>
      <item>
        <actionDate>2017-06-08</actionDate>
        <committee>
          <systemCode>sseg00</systemCode>
          <name>Energy and Natural Resources Committee</name>
        </committee>
        <links>
          <link>
            <url>https://www.congress.gov/congressional-report/115th-congress/senate-report/102</url>
            <name>report No. 115-102</name>
          </link>
        </links>
        <sourceSystem>
          <code>0</code>
          <name>Senate</name>
        </sourceSystem>
        <text>Committee on Energy and Natural Resources. Reported by Senator Murkowski without amendment. With written report No. 115-102.</text>
        <type>Committee</type>
      </item>
      <item>
        <actionDate>2017-06-08</actionDate>
        <type>Committee</type>
        <actionCode>14000</actionCode>
        <links>
          <link>
            <url>https://www.congress.gov/congressional-report/115th-congress/senate-report/102</url>
            <name>report No. 115-102</name>
          </link>
        </links>
        <text>Committee on Energy and Natural Resources. Reported by Senator Murkowski without amendment. With written report No. 115-102.</text>
        <committee>
          <systemCode>sseg00</systemCode>
          <name>Energy and Natural Resources Committee</name>
        </committee>
        <sourceSystem>
          <code>9</code>
          <name>Library of Congress</name>
        </sourceSystem>
      </item>
      <item>
        <actionDate>2017-03-30</actionDate>
        <committee>
          <systemCode>sseg00</systemCode>
          <name>Energy and Natural Resources Committee</name>
        </committee>
        <links />
        <sourceSystem>
          <code>0</code>
          <name>Senate</name>
        </sourceSystem>
        <text>Committee on Energy and Natural Resources. Ordered to be reported without amendment favorably.</text>
        <type>Committee</type>
      </item>
      <item>
        <actionDate>2017-03-22</actionDate>
        <committee>
          <systemCode>sseg00</systemCode>
          <name>Energy and Natural Resources Committee</name>
        </committee>
        <links />
        <sourceSystem>
          <code>0</code>
          <name>Senate</name>
        </sourceSystem>
        <text>Read twice and referred to the Committee on Energy and Natural Resources.</text>
        <type>IntroReferral</type>
      </item>
      <item>
        <actionDate>2017-03-22</actionDate>
        <type>IntroReferral</type>
        <actionCode>10000</actionCode>
        <links />
        <text>Introduced in Senate</text>
        <committee />
        <sourceSystem>
          <code>9</code>
          <name>Library of Congress</name>
        </sourceSystem>
      </item>
    </actions>
    <latestAction>
      <links />
      <text>Placed on Senate Legislative Calendar under General Orders. Calendar No. 132.</text>
      <actionDate>2017-06-08</actionDate>
    </latestAction>
    <laws />
    <cosponsors>
      <item>
        <sponsorshipWithdrawnDate />
        <isOriginalCosponsor>True</isOriginalCosponsor>
        <identifiers>
          <bioguideId>R000307</bioguideId>
          <lisID>968</lisID>
          <gpoId>8275</gpoId>
        </identifiers>
        <state>KS</state>
        <fullName>Sen. Roberts, Pat [R-KS]</fullName>
        <bioguideId>R000307</bioguideId>
        <firstName>PAT</firstName>
        <party>R</party>
        <middleName />
        <sponsorshipDate>2017-03-22</sponsorshipDate>
        <lastName>ROBERTS</lastName>
      </item>
    </cosponsors>
    <title>Wichita Project Equus Beds Division Authorization Extension Act</title>
    <committees>
      <billCommittees>
        <item>
          <type>Standing</type>
          <name>Energy and Natural Resources Committee</name>
          <chamber>Senate</chamber>
          <systemCode>sseg00</systemCode>
          <activities>
            <item>
              <date>2017-06-08T21:54:52Z</date>
              <name>Reported by</name>
            </item>
            <item>
              <date>2017-03-30T13:30:00Z</date>
              <name>Markup by</name>
            </item>
            <item>
              <date>2017-03-22T22:54:32Z</date>
              <name>Referred to</name>
            </item>
          </activities>
          <subcommittees />
        </item>
      </billCommittees>
    </committees>
    <notes />
    <committeeReports>
      <committeeReport>
        <citation>S. Rept. 115-102</citation>
      </committeeReport>
    </committeeReports>
    <calendarNumbers>
      <item>
        <calendar>Senate Calendar of Business</calendar>
        <number>0132</number>
      </item>
    </calendarNumbers>
    <policyArea>
      <name>Water Resources Development</name>
    </policyArea>
    <summaries>
      <billSummaries>
        <item>
          <actionDate>2017-03-22</actionDate>
          <versionCode>00</versionCode>
          <text><![CDATA[<p><strong>Wichita Project Equus Beds Division Authorization Extension Act</strong></p> <p>This bill amends the Wichita Project Equus Beds Division Authorization Act of 2005 to extend for ten years the authority of the Department of the Interior to carry out the Equus Beds Aquifer Recharge and Recovery Project, Kansas.</p>]]></text>
          <name>Introduced in Senate</name>
          <actionDesc>Introduced in Senate</actionDesc>
          <lastSummaryUpdateDate>2017-04-08T14:55:23Z</lastSummaryUpdateDate>
          <updateDate>2017-03-22T04:00:00Z</updateDate>
        </item>
        <item>
          <actionDate>2017-06-08</actionDate>
          <versionCode>80</versionCode>
          <text><![CDATA[<p>(This measure has not been amended since it was introduced. The summary has been expanded because action occurred on the measure.)</p> <p><strong>Wichita Project Equus Beds Division Authorization Extension Act</strong></p> <p>(Sec. 2) This bill amends the Wichita Project Equus Beds Division Authorization Act of 2005 to extend for ten years the authority of the Department of the Interior to carry out the Equus Beds Aquifer Recharge and Recovery Project, Kansas.</p>]]></text>
          <name>Reported to Senate without amendment</name>
          <actionDesc>Reported to Senate without amendment</actionDesc>
          <lastSummaryUpdateDate>2017-09-05T19:08:24Z</lastSummaryUpdateDate>
          <updateDate>2017-06-08T17:33:28Z</updateDate>
        </item>
      </billSummaries>
    </summaries>
    <subjects>
      <billSubjects>
        <legislativeSubjects>
          <item>
            <name>Kansas</name>
          </item>
          <item>
            <name>Lakes and rivers</name>
          </item>
          <item>
            <name>Water resources funding</name>
          </item>
          <item>
            <name>Water storage</name>
          </item>
          <item>
            <name>Water use and supply</name>
          </item>
        </legislativeSubjects>
        <policyArea>
          <name>Water Resources Development</name>
        </policyArea>
      </billSubjects>
    </subjects>
    <billNumber>703</billNumber>
    <cboCostEstimates>
      <item>
        <pubDate>2017-04-20T15:18:57Z</pubDate>
        <url>https://www.cbo.gov/publication/52653</url>
        <title>S. 703, Wichita Project Equus Beds Division Authorization Extension Act</title>
      </item>
    </cboCostEstimates>
    <introducedDate>2017-03-22</introducedDate>
    <congress>115</congress>
    <billType>S</billType>
    <sponsors>
      <item>
        <state>KS</state>
        <middleName />
        <bioguideId>M000934</bioguideId>
        <firstName>JERRY</firstName>
        <byRequestType />
        <lastName>MORAN</lastName>
        <identifiers>
          <bioguideId>M000934</bioguideId>
          <lisID>1507</lisID>
          <gpoId>8307</gpoId>
        </identifiers>
        <fullName>Sen. Moran, Jerry [R-KS]</fullName>
        <party>R</party>
      </item>
    </sponsors>
    <amendments />
    <version>1.0.0</version>
    <relatedBills />
    <createDate>2017-03-23T05:20:09Z</createDate>
    <updateDate>2018-02-22T15:28:47Z</updateDate>
    <recordedVotes />
    <titles>
      <item>
        <chamberName />
        <parentTitleType />
        <title>Wichita Project Equus Beds Division Authorization Extension Act</title>
        <chamberCode />
        <titleType>(Extracted from GPO) Short Titles as Introduced</titleType>
      </item>
      <item>
        <chamberName>Senate</chamberName>
        <parentTitleType />
        <title>Wichita Project Equus Beds Division Authorization Extension Act</title>
        <chamberCode>S</chamberCode>
        <titleType>(Extracted from GPO) Short Titles as Reported to Senate</titleType>
      </item>
      <item>
        <chamberName>Senate</chamberName>
        <parentTitleType>Short Titles Senate</parentTitleType>
        <title>Wichita Project Equus Beds Division Authorization Extension Act</title>
        <chamberCode>S</chamberCode>
        <titleType>Short Titles as Reported to Senate</titleType>
      </item>
      <item>
        <chamberName />
        <parentTitleType />
        <title>Wichita Project Equus Beds Division Authorization Extension Act</title>
        <chamberCode />
        <titleType>Short Titles as Introduced</titleType>
      </item>
      <item>
        <chamberName />
        <parentTitleType />
        <title>A bill to extend the authority of the Secretary of the Interior to carry out the Equus Beds Division of the Wichita Project.</title>
        <chamberCode />
        <titleType>Official Title as Introduced</titleType>
      </item>
      <item>
        <chamberName />
        <parentTitleType />
        <title>Wichita Project Equus Beds Division Authorization Extension Act</title>
        <chamberCode />
        <titleType>Display Title</titleType>
      </item>
    </titles>
    <originChamber>Senate</originChamber>
  </bill>
  <dublinCore xmlns:dc="http://purl.org/dc/elements/1.1/">
    <dc:format>text/xml</dc:format>
    <dc:language>EN</dc:language>
    <dc:rights>Pursuant to Title 17 Section 105 of the United States Code, this file is not subject to copyright protection and is in the public domain.</dc:rights>
    <dc:contributor>Congressional Research Service, Library of Congress</dc:contributor>
    <dc:description>This file contains bill summaries and statuses for federal legislation. A bill summary describes the most significant provisions of a piece of legislation and details the effects the legislative text may have on current law and federal programs. Bill summaries are authored by the Congressional Research Service (CRS) of the Library of Congress. As stated in Public Law 91-510 (2 USC 166 (d)(6)), one of the duties of CRS is "to prepare summaries and digests of bills and resolutions of a public general nature introduced in the Senate or House of Representatives". For more information, refer to the User Guide that accompanies this file.</dc:description>
  </dublinCore>
</billStatus>

