<?xml version="1.0" encoding="UTF-8"?>
<billStatus>
  <bill>
    <billNumber>730</billNumber>
    <committeeReports>
      <committeeReport>
        <citation>S. Rept. 115-82</citation>
      </committeeReport>
    </committeeReports>
    <originChamber>Senate</originChamber>
    <latestAction>
      <actionDate>2017-05-24</actionDate>
      <text>Placed on Senate Legislative Calendar under General Orders. Calendar No. 101.</text>
      <links />
    </latestAction>
    <cboCostEstimates>
      <item>
        <pubDate>2017-04-07T15:02:00Z</pubDate>
        <title>S. 730, a bill to extend the deadline for commencement of construction of certain hydroelectric projects</title>
        <url>https://www.cbo.gov/publication/52589</url>
      </item>
    </cboCostEstimates>
    <createDate>2017-03-28T05:32:35Z</createDate>
    <titles>
      <item>
        <titleType>Official Title as Introduced</titleType>
        <chamberCode />
        <title>A bill to extend the deadline for commencement of construction of certain hydroelectric projects.</title>
        <chamberName />
        <parentTitleType />
      </item>
      <item>
        <titleType>Display Title</titleType>
        <chamberCode />
        <title>A bill to extend the deadline for commencement of construction of certain hydroelectric projects.</title>
        <chamberName />
        <parentTitleType />
      </item>
    </titles>
    <updateDate>2018-02-22T15:28:48Z</updateDate>
    <notes />
    <title>A bill to extend the deadline for commencement of construction of certain hydroelectric projects.</title>
    <relatedBills>
      <item>
        <latestTitle>To extend the deadline for commencement of construction of a hydroelectric project.</latestTitle>
        <latestAction>
          <actionDate>2017-06-13</actionDate>
          <text>Received in the Senate. Read twice. Placed on Senate Legislative Calendar under General Orders. Calendar No. 136.</text>
        </latestAction>
        <congress>115</congress>
        <number>446</number>
        <type>HR</type>
        <relationshipDetails>
          <item>
            <type>Related bill</type>
            <identifiedBy>CRS</identifiedBy>
          </item>
        </relationshipDetails>
      </item>
      <item>
        <latestTitle>To extend the deadline for commencement of construction of a hydroelectric project.</latestTitle>
        <latestAction>
          <actionDate>2017-06-13</actionDate>
          <text>Received in the Senate. Read twice. Placed on Senate Legislative Calendar under General Orders. Calendar No. 137.</text>
        </latestAction>
        <congress>115</congress>
        <number>447</number>
        <type>HR</type>
        <relationshipDetails>
          <item>
            <type>Related bill</type>
            <identifiedBy>CRS</identifiedBy>
          </item>
        </relationshipDetails>
      </item>
    </relatedBills>
    <laws />
    <congress>115</congress>
    <calendarNumbers>
      <item>
        <calendar>Senate Calendar of Business</calendar>
        <number>0101</number>
      </item>
    </calendarNumbers>
    <introducedDate>2017-03-27</introducedDate>
    <actions>
      <actionByCounts>
        <senate>6</senate>
      </actionByCounts>
      <item>
        <actionDate>2017-05-24</actionDate>
        <committee />
        <links />
        <sourceSystem>
          <code>0</code>
          <name>Senate</name>
        </sourceSystem>
        <text>Placed on Senate Legislative Calendar under General Orders. Calendar No. 101.</text>
        <type>Calendars</type>
      </item>
      <item>
        <actionDate>2017-05-24</actionDate>
        <committee>
          <name>Energy and Natural Resources Committee</name>
          <systemCode>sseg00</systemCode>
        </committee>
        <links>
          <link>
            <name>report No. 115-82</name>
            <url>https://www.congress.gov/congressional-report/115th-congress/senate-report/82</url>
          </link>
        </links>
        <sourceSystem>
          <code>0</code>
          <name>Senate</name>
        </sourceSystem>
        <text>Committee on Energy and Natural Resources. Reported by Senator Murkowski without amendment. With written report No. 115-82.</text>
        <type>Committee</type>
      </item>
      <item>
        <committee>
          <name>Energy and Natural Resources Committee</name>
          <systemCode>sseg00</systemCode>
        </committee>
        <links>
          <link>
            <name>report No. 115-82</name>
            <url>https://www.congress.gov/congressional-report/115th-congress/senate-report/82</url>
          </link>
        </links>
        <text>Committee on Energy and Natural Resources. Reported by Senator Murkowski without amendment. With written report No. 115-82.</text>
        <actionDate>2017-05-24</actionDate>
        <type>Committee</type>
        <actionCode>14000</actionCode>
        <sourceSystem>
          <code>9</code>
          <name>Library of Congress</name>
        </sourceSystem>
      </item>
      <item>
        <actionDate>2017-03-30</actionDate>
        <committee>
          <name>Energy and Natural Resources Committee</name>
          <systemCode>sseg00</systemCode>
        </committee>
        <links />
        <sourceSystem>
          <code>0</code>
          <name>Senate</name>
        </sourceSystem>
        <text>Committee on Energy and Natural Resources. Ordered to be reported without amendment favorably.</text>
        <type>Committee</type>
      </item>
      <item>
        <actionDate>2017-03-27</actionDate>
        <committee>
          <name>Energy and Natural Resources Committee</name>
          <systemCode>sseg00</systemCode>
        </committee>
        <links>
          <link>
            <name>S1999</name>
            <url>https://www.congress.gov/congressional-record/volume-163/senate-section/page/S1999</url>
          </link>
        </links>
        <sourceSystem>
          <code>0</code>
          <name>Senate</name>
        </sourceSystem>
        <text>Read twice and referred to the Committee on Energy and Natural Resources. (Sponsor introductory remarks on measure: CR S1999)</text>
        <type>IntroReferral</type>
      </item>
      <item>
        <committee />
        <links />
        <text>Introduced in Senate</text>
        <actionDate>2017-03-27</actionDate>
        <type>IntroReferral</type>
        <actionCode>10000</actionCode>
        <sourceSystem>
          <code>9</code>
          <name>Library of Congress</name>
        </sourceSystem>
      </item>
      <actionTypeCounts>
        <reportedToSenate>2</reportedToSenate>
        <orderedReported>1</orderedReported>
        <placedOnCalendarGeneralOrders>1</placedOnCalendarGeneralOrders>
        <introducedInSenate>1</introducedInSenate>
        <referredToCommittee>1</referredToCommittee>
      </actionTypeCounts>
    </actions>
    <version>1.0.0</version>
    <billType>S</billType>
    <committees>
      <billCommittees>
        <item>
          <systemCode>sseg00</systemCode>
          <chamber>Senate</chamber>
          <type>Standing</type>
          <name>Energy and Natural Resources Committee</name>
          <subcommittees />
          <activities>
            <item>
              <date>2017-05-24T15:25:01Z</date>
              <name>Reported by</name>
            </item>
            <item>
              <date>2017-03-30T13:30:00Z</date>
              <name>Markup by</name>
            </item>
            <item>
              <date>2017-03-27T20:36:27Z</date>
              <name>Referred to</name>
            </item>
          </activities>
        </item>
      </billCommittees>
    </committees>
    <cosponsors />
    <subjects>
      <billSubjects>
        <policyArea>
          <name>Energy</name>
        </policyArea>
        <legislativeSubjects>
          <item>
            <name>Administrative law and regulatory procedures</name>
          </item>
          <item>
            <name>Alternative and renewable resources</name>
          </item>
          <item>
            <name>Dams and canals</name>
          </item>
          <item>
            <name>Electric power generation and transmission</name>
          </item>
          <item>
            <name>Federal Energy Regulatory Commission (FERC)</name>
          </item>
          <item>
            <name>Licensing and registrations</name>
          </item>
          <item>
            <name>Virginia</name>
          </item>
        </legislativeSubjects>
      </billSubjects>
    </subjects>
    <amendments />
    <summaries>
      <billSummaries>
        <item>
          <actionDate>2017-03-27</actionDate>
          <versionCode>00</versionCode>
          <text><![CDATA[<p>This bill authorizes the Federal Energy Regulatory Commission (FERC), upon request, to extend by six years the time period during which construction must commence on the Gathright Hydroelectric Project located in Alleghany County, Virginia, and the Flannagan Dam and Reservoir Hydroelectric Project located in Dickenson County, Virginia.</p> <p>Additionally, FERC may reinstate either construction license if it is expired.</p>]]></text>
          <name>Introduced in Senate</name>
          <actionDesc>Introduced in Senate</actionDesc>
          <lastSummaryUpdateDate>2017-05-30T15:49:12Z</lastSummaryUpdateDate>
          <updateDate>2017-03-27T04:00:00Z</updateDate>
        </item>
        <item>
          <actionDate>2017-05-24</actionDate>
          <versionCode>80</versionCode>
          <text><![CDATA[<p>(This measure has not been amended since it was introduced. The summary has been expanded because action occurred on the measure.)</p> <p>(Sec.1)This bill authorizes the Federal Energy Regulatory Commission (FERC), upon request, to extend by six years the time period during which construction must commence on the Gathright Hydroelectric Project located in Alleghany County, Virginia, and the Flannagan Dam and Reservoir Hydroelectric Project located in Dickenson County, Virginia.</p> <p>Additionally, FERC may reinstate either construction license if it is expired.</p>]]></text>
          <name>Reported to Senate without amendment</name>
          <actionDesc>Reported to Senate without amendment</actionDesc>
          <lastSummaryUpdateDate>2017-06-15T16:04:13Z</lastSummaryUpdateDate>
          <updateDate>2017-05-24T12:38:59Z</updateDate>
        </item>
      </billSummaries>
    </summaries>
    <recordedVotes />
    <policyArea>
      <name>Energy</name>
    </policyArea>
    <sponsors>
      <item>
        <byRequestType />
        <party>D</party>
        <middleName />
        <lastName>Kaine</lastName>
        <bioguideId>K000384</bioguideId>
        <fullName>Sen. Kaine, Tim [D-VA]</fullName>
        <firstName>Timothy</firstName>
        <identifiers>
          <bioguideId>K000384</bioguideId>
          <gpoId />
          <lisID>2176</lisID>
        </identifiers>
        <state>VA</state>
      </item>
    </sponsors>
  </bill>
  <dublinCore xmlns:dc="http://purl.org/dc/elements/1.1/">
    <dc:format>text/xml</dc:format>
    <dc:language>EN</dc:language>
    <dc:rights>Pursuant to Title 17 Section 105 of the United States Code, this file is not subject to copyright protection and is in the public domain.</dc:rights>
    <dc:contributor>Congressional Research Service, Library of Congress</dc:contributor>
    <dc:description>This file contains bill summaries and statuses for federal legislation. A bill summary describes the most significant provisions of a piece of legislation and details the effects the legislative text may have on current law and federal programs. Bill summaries are authored by the Congressional Research Service (CRS) of the Library of Congress. As stated in Public Law 91-510 (2 USC 166 (d)(6)), one of the duties of CRS is "to prepare summaries and digests of bills and resolutions of a public general nature introduced in the Senate or House of Representatives". For more information, refer to the User Guide that accompanies this file.</dc:description>
  </dublinCore>
</billStatus>

