<?xml version="1.0" encoding="UTF-8"?>
<billStatus>
  <bill>
    <cosponsors />
    <congress>115</congress>
    <committees>
      <billCommittees>
        <item>
          <chamber>Senate</chamber>
          <subcommittees />
          <systemCode>ssfr00</systemCode>
          <name>Foreign Relations Committee</name>
          <activities>
            <item>
              <name>Referred to</name>
              <date>2017-02-27T21:41:55Z</date>
            </item>
          </activities>
          <type>Standing</type>
        </item>
      </billCommittees>
    </committees>
    <laws />
    <titles>
      <item>
        <chamberName />
        <titleType>(Extracted from GPO) Short Titles as Introduced</titleType>
        <title>Driving Innovation and Growth in Internet Technology and Launching Universal Access to the Global Economy (DIGITAL AGE) Act of 2017</title>
        <parentTitleType />
        <chamberCode />
      </item>
      <item>
        <chamberName />
        <titleType>Short Titles as Introduced</titleType>
        <title>Driving Innovation and Growth in Internet Technology and Launching Universal Access to the Global Economy (DIGITAL AGE) Act of 2017</title>
        <parentTitleType />
        <chamberCode />
      </item>
      <item>
        <chamberName />
        <titleType>Official Title as Introduced</titleType>
        <title>A bill to promote worldwide access to the Internet, and for other purposes.</title>
        <parentTitleType />
        <chamberCode />
      </item>
      <item>
        <chamberName />
        <titleType>Display Title</titleType>
        <title>Driving Innovation and Growth in Internet Technology and Launching Universal Access to the Global Economy (DIGITAL AGE) Act of 2017</title>
        <parentTitleType />
        <chamberCode />
      </item>
    </titles>
    <billType>S</billType>
    <amendments />
    <recordedVotes />
    <actions>
      <actionTypeCounts>
        <referredToCommittee>1</referredToCommittee>
        <introducedInSenate>1</introducedInSenate>
      </actionTypeCounts>
      <item>
        <actionDate>2017-02-27</actionDate>
        <committee>
          <systemCode>ssfr00</systemCode>
          <name>Foreign Relations Committee</name>
        </committee>
        <links />
        <sourceSystem>
          <code>0</code>
          <name>Senate</name>
        </sourceSystem>
        <text>Read twice and referred to the Committee on Foreign Relations.</text>
        <type>IntroReferral</type>
      </item>
      <item>
        <type>IntroReferral</type>
        <text>Introduced in Senate</text>
        <links />
        <committee />
        <sourceSystem>
          <code>9</code>
          <name>Library of Congress</name>
        </sourceSystem>
        <actionDate>2017-02-27</actionDate>
        <actionCode>10000</actionCode>
      </item>
      <actionByCounts>
        <senate>2</senate>
      </actionByCounts>
    </actions>
    <introducedDate>2017-02-27</introducedDate>
    <relatedBills />
    <committeeReports />
    <calendarNumbers />
    <billNumber>449</billNumber>
    <summaries>
      <billSummaries>
        <item>
          <text><![CDATA[<p><b>Driving Innovation and Growth in Internet Technology and Launching Universal Access to the Global Economy (DIGITAL AGE) Act of</b> <b>2017</b></p> <p>This bill requires the Department of State to designate to the U.S. Coordinator for International Communications and Information Policy the additional role of Special Representative for the Global Connect Initiative to direct, and represent the United States internationally on, U.S. foreign policy efforts to promote global universal Internet access. </p> <p>The Special Representative shall: (1) oversee the State Department's Global Connect initiative to enable first-time access to mobile and broadband Internet for at least 1.5 billion people in urban and rural areas by 2020, (2) promote investment by international finance institutions and U.S. corporations in Internet infrastructure expansion and connectivity projects, (3) encourage partner countries to adopt policies to lower prices and improve the quality of Internet service, and (4) collaborate with other federal agencies. </p> <p> The U.S. Agency for International Development (USAID) may support expanded Internet connectivity worldwide by: (1) taking part in State Department efforts to provide guidance to partner governments on establishing regulatory policies facilitating expanded Internet connectivity and information communications technology sectors in developing countries; (2) funding and implementing programs to expand Internet infrastructure, digital literacy, and Internet connectivity and usage in close coordination with the State Department; (3) building the capacity of developing countries to monitor and regulate the Internet sector and encourage private investment; and (4) integrating efforts to expand the availability of relevant local content across development sectors such as health programs.</p> <p>The Overseas Private Investment Corporation (OPIC) should expedite institutional efforts and partner with other investors, private sector actors, and stakeholders to increase Internet access services. Investments must focus on expanding: (1) the number of people with new access to Internet services; (2) construction of fiber, mobile, and other emerging access technologies; (3) access in underserved and rural areas; and (4) investment priorities in sub-Saharan Africa and other regions with acute shortages of critical infrastructure.</p> <p>The Foreign Assistance Act of 1961 is amended to: (1) allow OPIC to make loans for projects sponsored by, or significantly involving, U.S. investors or foreign associations with U.S. owners; (2) require systems infrastructure costs to be treated as transaction costs; and (3) extend until 2021 OPIC's authority to issue investment insurance, investment guarantees, and direct loans.</p> <p>The President: (1) must incorporate into the strategic planning processes of the State Department and USAID a multiyear strategy encouraging developing countries to expand Internet access and information communications technology sectors of developing countries to catalyze innovation and economic growth, promote democracy, create educational opportunities, improve health outcomes, and strengthen global research networks; and (2) may establish an Interagency Working Group to coordinate U.S. government activities in carrying out the strategy.</p>]]></text>
          <name>Introduced in Senate</name>
          <lastSummaryUpdateDate>2017-04-21T19:12:43Z</lastSummaryUpdateDate>
          <versionCode>00</versionCode>
          <actionDesc>Introduced in Senate</actionDesc>
          <updateDate>2017-02-27T05:00:00Z</updateDate>
          <actionDate>2017-02-27</actionDate>
        </item>
      </billSummaries>
    </summaries>
    <cboCostEstimates />
    <updateDate>2018-02-06T16:44:50Z</updateDate>
    <policyArea>
      <name>International Affairs</name>
    </policyArea>
    <latestAction>
      <text>Read twice and referred to the Committee on Foreign Relations.</text>
      <actionDate>2017-02-27</actionDate>
      <links />
    </latestAction>
    <subjects>
      <billSubjects>
        <legislativeSubjects>
          <item>
            <name>Africa</name>
          </item>
          <item>
            <name>Department of State</name>
          </item>
          <item>
            <name>Digital media</name>
          </item>
          <item>
            <name>Diplomacy, foreign officials, Americans abroad</name>
          </item>
          <item>
            <name>Economic development</name>
          </item>
          <item>
            <name>Executive agency funding and structure</name>
          </item>
          <item>
            <name>Federal officials</name>
          </item>
          <item>
            <name>Foreign aid and international relief</name>
          </item>
          <item>
            <name>Internet and video services</name>
          </item>
          <item>
            <name>Rural conditions and development</name>
          </item>
          <item>
            <name>Sovereignty, recognition, national governance and status</name>
          </item>
          <item>
            <name>Telephone and wireless communication</name>
          </item>
          <item>
            <name>U.S. and foreign investments</name>
          </item>
        </legislativeSubjects>
        <policyArea>
          <name>International Affairs</name>
        </policyArea>
      </billSubjects>
    </subjects>
    <title>Driving Innovation and Growth in Internet Technology and Launching Universal Access to the Global Economy (DIGITAL AGE) Act of 2017</title>
    <version>1.0.0</version>
    <sponsors>
      <item>
        <byRequestType />
        <party>D</party>
        <fullName>Sen. Markey, Edward J. [D-MA]</fullName>
        <bioguideId>M000133</bioguideId>
        <state>MA</state>
        <lastName>MARKEY</lastName>
        <middleName>J.</middleName>
        <firstName>EDWARD</firstName>
        <identifiers>
          <lisID>735</lisID>
          <bioguideId>M000133</bioguideId>
          <gpoId>7972</gpoId>
        </identifiers>
      </item>
    </sponsors>
    <notes />
    <createDate>2017-02-28T05:17:32Z</createDate>
    <originChamber>Senate</originChamber>
  </bill>
  <dublinCore xmlns:dc="http://purl.org/dc/elements/1.1/">
    <dc:format>text/xml</dc:format>
    <dc:language>EN</dc:language>
    <dc:rights>Pursuant to Title 17 Section 105 of the United States Code, this file is not subject to copyright protection and is in the public domain.</dc:rights>
    <dc:contributor>Congressional Research Service, Library of Congress</dc:contributor>
    <dc:description>This file contains bill summaries and statuses for federal legislation. A bill summary describes the most significant provisions of a piece of legislation and details the effects the legislative text may have on current law and federal programs. Bill summaries are authored by the Congressional Research Service (CRS) of the Library of Congress. As stated in Public Law 91-510 (2 USC 166 (d)(6)), one of the duties of CRS is "to prepare summaries and digests of bills and resolutions of a public general nature introduced in the Senate or House of Representatives". For more information, refer to the User Guide that accompanies this file.</dc:description>
  </dublinCore>
</billStatus>

