<?xml version="1.0" encoding="UTF-8"?>
<billStatus>
  <bill>
    <committeeReports />
    <originChamber>Senate</originChamber>
    <billNumber>370</billNumber>
    <actions>
      <actionTypeCounts>
        <referredToCommittee>1</referredToCommittee>
        <introducedInSenate>1</introducedInSenate>
      </actionTypeCounts>
      <item>
        <actionDate>2017-02-14</actionDate>
        <committee>
          <systemCode>ssbk00</systemCode>
          <name>Banking, Housing, and Urban Affairs Committee</name>
        </committee>
        <links />
        <sourceSystem>
          <code>0</code>
          <name>Senate</name>
        </sourceSystem>
        <text>Read twice and referred to the Committee on Banking, Housing, and Urban Affairs.</text>
        <type>IntroReferral</type>
      </item>
      <item>
        <type>IntroReferral</type>
        <text>Introduced in Senate</text>
        <links />
        <committee />
        <sourceSystem>
          <code>9</code>
          <name>Library of Congress</name>
        </sourceSystem>
        <actionDate>2017-02-14</actionDate>
        <actionCode>10000</actionCode>
      </item>
      <actionByCounts>
        <senate>2</senate>
      </actionByCounts>
    </actions>
    <calendarNumbers />
    <updateDate>2018-02-06T16:44:45Z</updateDate>
    <cosponsors>
      <item>
        <bioguideId>L000577</bioguideId>
        <sponsorshipDate>2017-02-14</sponsorshipDate>
        <isOriginalCosponsor>True</isOriginalCosponsor>
        <middleName />
        <sponsorshipWithdrawnDate />
        <firstName>Mike</firstName>
        <lastName>Lee</lastName>
        <state>UT</state>
        <party>R</party>
        <identifiers>
          <bioguideId>L000577</bioguideId>
          <lisID>2080</lisID>
          <gpoId>8303</gpoId>
        </identifiers>
        <fullName>Sen. Lee, Mike [R-UT]</fullName>
      </item>
      <item>
        <bioguideId>P000603</bioguideId>
        <sponsorshipDate>2017-02-14</sponsorshipDate>
        <isOriginalCosponsor>True</isOriginalCosponsor>
        <middleName />
        <sponsorshipWithdrawnDate />
        <firstName>Rand</firstName>
        <lastName>Paul</lastName>
        <state>KY</state>
        <party>R</party>
        <identifiers>
          <lisID>2082</lisID>
          <bioguideId>P000603</bioguideId>
          <gpoId>8308</gpoId>
        </identifiers>
        <fullName>Sen. Paul, Rand [R-KY]</fullName>
      </item>
      <item>
        <bioguideId>I000024</bioguideId>
        <sponsorshipDate>2017-02-14</sponsorshipDate>
        <isOriginalCosponsor>True</isOriginalCosponsor>
        <middleName />
        <sponsorshipWithdrawnDate />
        <firstName>JIM</firstName>
        <lastName>INHOFE</lastName>
        <state>OK</state>
        <party>R</party>
        <identifiers>
          <lisID>583</lisID>
          <bioguideId>I000024</bioguideId>
          <gpoId>8322</gpoId>
        </identifiers>
        <fullName>Sen. Inhofe, James M. [R-OK]</fullName>
      </item>
      <item>
        <bioguideId>R000605</bioguideId>
        <sponsorshipDate>2017-02-14</sponsorshipDate>
        <isOriginalCosponsor>True</isOriginalCosponsor>
        <middleName />
        <sponsorshipWithdrawnDate />
        <firstName>Mike</firstName>
        <lastName>Rounds</lastName>
        <state>SD</state>
        <party>R</party>
        <identifiers>
          <lisID>2288</lisID>
          <gpoId />
          <bioguideId>R000605</bioguideId>
        </identifiers>
        <fullName>Sen. Rounds, Mike  [R-SD]</fullName>
      </item>
      <item>
        <bioguideId>S001197</bioguideId>
        <sponsorshipDate>2017-02-27</sponsorshipDate>
        <isOriginalCosponsor>False</isOriginalCosponsor>
        <middleName />
        <sponsorshipWithdrawnDate />
        <firstName>Ben</firstName>
        <lastName>Sasse</lastName>
        <state>NE</state>
        <party>R</party>
        <identifiers>
          <gpoId />
          <bioguideId>S001197</bioguideId>
          <lisID>2289</lisID>
        </identifiers>
        <fullName>Sen. Sasse, Ben  [R-NE]</fullName>
      </item>
      <item>
        <bioguideId>C001056</bioguideId>
        <sponsorshipDate>2017-02-27</sponsorshipDate>
        <isOriginalCosponsor>False</isOriginalCosponsor>
        <middleName />
        <sponsorshipWithdrawnDate />
        <firstName>John</firstName>
        <lastName>Cornyn</lastName>
        <state>TX</state>
        <party>R</party>
        <identifiers>
          <bioguideId>C001056</bioguideId>
          <lisID>1692</lisID>
          <gpoId>8295</gpoId>
        </identifiers>
        <fullName>Sen. Cornyn, John [R-TX]</fullName>
      </item>
      <item>
        <bioguideId>R000595</bioguideId>
        <sponsorshipDate>2017-03-07</sponsorshipDate>
        <isOriginalCosponsor>False</isOriginalCosponsor>
        <middleName />
        <sponsorshipWithdrawnDate />
        <firstName>Marco</firstName>
        <lastName>Rubio</lastName>
        <state>FL</state>
        <party>R</party>
        <identifiers>
          <lisID>2084</lisID>
          <bioguideId>R000595</bioguideId>
          <gpoId>8242</gpoId>
        </identifiers>
        <fullName>Sen. Rubio, Marco [R-FL]</fullName>
      </item>
    </cosponsors>
    <notes />
    <subjects>
      <billSubjects>
        <legislativeSubjects>
          <item>
            <name>Banking and financial institutions regulation</name>
          </item>
          <item>
            <name>Consumer Financial Protection Bureau</name>
          </item>
          <item>
            <name>Consumer affairs</name>
          </item>
          <item>
            <name>Consumer credit</name>
          </item>
          <item>
            <name>Executive agency funding and structure</name>
          </item>
        </legislativeSubjects>
        <policyArea>
          <name>Finance and Financial Sector</name>
        </policyArea>
      </billSubjects>
    </subjects>
    <committees>
      <billCommittees>
        <item>
          <systemCode>ssbk00</systemCode>
          <chamber>Senate</chamber>
          <type>Standing</type>
          <activities>
            <item>
              <name>Referred to</name>
              <date>2017-02-14T19:45:52Z</date>
            </item>
          </activities>
          <name>Banking, Housing, and Urban Affairs Committee</name>
          <subcommittees />
        </item>
      </billCommittees>
    </committees>
    <version>1.0.0</version>
    <recordedVotes />
    <policyArea>
      <name>Finance and Financial Sector</name>
    </policyArea>
    <cboCostEstimates />
    <introducedDate>2017-02-14</introducedDate>
    <title>Repeal CFPB Act</title>
    <amendments />
    <congress>115</congress>
    <billType>S</billType>
    <createDate>2017-02-15T05:13:05Z</createDate>
    <sponsors>
      <item>
        <lastName>Cruz</lastName>
        <party>R</party>
        <state>TX</state>
        <bioguideId>C001098</bioguideId>
        <middleName />
        <byRequestType />
        <fullName>Sen. Cruz, Ted [R-TX]</fullName>
        <firstName>Ted</firstName>
        <identifiers>
          <gpoId />
          <lisID>2175</lisID>
          <bioguideId>C001098</bioguideId>
        </identifiers>
      </item>
    </sponsors>
    <latestAction>
      <text>Read twice and referred to the Committee on Banking, Housing, and Urban Affairs.</text>
      <links />
      <actionDate>2017-02-14</actionDate>
    </latestAction>
    <relatedBills>
      <item>
        <congress>115</congress>
        <number>1031</number>
        <type>HR</type>
        <relationshipDetails>
          <item>
            <type>Related bill</type>
            <identifiedBy>CRS</identifiedBy>
          </item>
        </relationshipDetails>
        <latestTitle>To eliminate the Bureau of Consumer Financial Protection by repealing title X of the Dodd-Frank Wall Street Reform and Consumer Protection Act, commonly known as the Consumer Financial Protection Act of 2010.</latestTitle>
        <latestAction>
          <text>Referred to the House Committee on Financial Services.</text>
          <actionDate>2017-02-14</actionDate>
        </latestAction>
      </item>
      <item>
        <congress>115</congress>
        <number>10</number>
        <type>HR</type>
        <relationshipDetails>
          <item>
            <type>Related bill</type>
            <identifiedBy>CRS</identifiedBy>
          </item>
        </relationshipDetails>
        <latestTitle>Financial CHOICE Act of 2017</latestTitle>
        <latestAction>
          <text>Committee on Banking, Housing, and Urban Affairs. Hearings held. Hearings printed: S.Hrg. 115-108.</text>
          <actionDate>2017-07-13</actionDate>
        </latestAction>
      </item>
    </relatedBills>
    <laws />
    <titles>
      <item>
        <parentTitleType />
        <chamberCode />
        <chamberName />
        <titleType>(Extracted from GPO) Short Titles as Introduced</titleType>
        <title>Repeal CFPB Act</title>
      </item>
      <item>
        <parentTitleType />
        <chamberCode />
        <chamberName />
        <titleType>Short Titles as Introduced</titleType>
        <title>Repeal CFPB Act</title>
      </item>
      <item>
        <parentTitleType />
        <chamberCode />
        <chamberName />
        <titleType>Official Title as Introduced</titleType>
        <title>A bill to eliminate the Bureau of Consumer Financial Protection by repealing title X of the Dodd-Frank Wall Street Reform and Consumer Protection Act, commonly known as the Consumer Financial Protection Act of 2010.</title>
      </item>
      <item>
        <parentTitleType />
        <chamberCode />
        <chamberName />
        <titleType>Display Title</titleType>
        <title>Repeal CFPB Act</title>
      </item>
    </titles>
    <summaries>
      <billSummaries>
        <item>
          <versionCode>00</versionCode>
          <actionDate>2017-02-14</actionDate>
          <updateDate>2017-02-14T05:00:00Z</updateDate>
          <text><![CDATA[<p><strong>Repeal CFPB Act</strong></p> <p>This bill repeals the Consumer Financial Protection Act of 2010, which established the Consumer Financial Protection Bureau.</p>]]></text>
          <actionDesc>Introduced in Senate</actionDesc>
          <name>Introduced in Senate</name>
          <lastSummaryUpdateDate>2017-07-14T20:41:25Z</lastSummaryUpdateDate>
        </item>
      </billSummaries>
    </summaries>
  </bill>
  <dublinCore xmlns:dc="http://purl.org/dc/elements/1.1/">
    <dc:format>text/xml</dc:format>
    <dc:language>EN</dc:language>
    <dc:rights>Pursuant to Title 17 Section 105 of the United States Code, this file is not subject to copyright protection and is in the public domain.</dc:rights>
    <dc:contributor>Congressional Research Service, Library of Congress</dc:contributor>
    <dc:description>This file contains bill summaries and statuses for federal legislation. A bill summary describes the most significant provisions of a piece of legislation and details the effects the legislative text may have on current law and federal programs. Bill summaries are authored by the Congressional Research Service (CRS) of the Library of Congress. As stated in Public Law 91-510 (2 USC 166 (d)(6)), one of the duties of CRS is "to prepare summaries and digests of bills and resolutions of a public general nature introduced in the Senate or House of Representatives". For more information, refer to the User Guide that accompanies this file.</dc:description>
  </dublinCore>
</billStatus>

