<?xml version="1.0" encoding="UTF-8"?>
<billStatus>
  <bill>
    <createDate>2017-03-09T05:25:17Z</createDate>
    <introducedDate>2017-03-08</introducedDate>
    <congress>115</congress>
    <latestAction>
      <actionDate>2017-03-08</actionDate>
      <links />
      <text>Read twice and referred to the Committee on Banking, Housing, and Urban Affairs.</text>
    </latestAction>
    <originChamber>Senate</originChamber>
    <billNumber>575</billNumber>
    <sponsors>
      <item>
        <state>NJ</state>
        <identifiers>
          <lisID>2194</lisID>
          <bioguideId>B001288</bioguideId>
          <gpoId />
        </identifiers>
        <bioguideId>B001288</bioguideId>
        <lastName>Booker</lastName>
        <fullName>Sen. Booker, Cory A. [D-NJ]</fullName>
        <firstName>Cory</firstName>
        <party>D</party>
        <middleName>A.</middleName>
        <byRequestType />
      </item>
    </sponsors>
    <title>Stop Debt Collection Abuse Act of 2017</title>
    <relatedBills>
      <item>
        <number>864</number>
        <type>HR</type>
        <latestAction>
          <text>Hearings Held by the Subcommittee on Financial Institutions and Consumer Credit Prior to Referral.</text>
          <actionDate>2017-07-12</actionDate>
        </latestAction>
        <congress>115</congress>
        <latestTitle>Stop Debt Collection Abuse Act of 2017</latestTitle>
        <relationshipDetails>
          <item>
            <identifiedBy>CRS</identifiedBy>
            <type>Related bill</type>
          </item>
        </relationshipDetails>
      </item>
    </relatedBills>
    <titles>
      <item>
        <chamberName />
        <parentTitleType />
        <chamberCode />
        <titleType>(Extracted from GPO) Short Titles as Introduced</titleType>
        <title>Stop Debt Collection Abuse Act of 2017</title>
      </item>
      <item>
        <chamberName />
        <parentTitleType />
        <chamberCode />
        <titleType>Short Titles as Introduced</titleType>
        <title>Stop Debt Collection Abuse Act of 2017</title>
      </item>
      <item>
        <chamberName />
        <parentTitleType />
        <chamberCode />
        <titleType>Official Title as Introduced</titleType>
        <title>A bill to amend the Fair Debt Collection Practices Act to restrict the debt collection practices of certain debt collectors.</title>
      </item>
      <item>
        <chamberName />
        <parentTitleType />
        <chamberCode />
        <titleType>Display Title</titleType>
        <title>Stop Debt Collection Abuse Act of 2017</title>
      </item>
    </titles>
    <billType>S</billType>
    <summaries>
      <billSummaries>
        <item>
          <versionCode>00</versionCode>
          <updateDate>2017-03-08T05:00:00Z</updateDate>
          <actionDate>2017-03-08</actionDate>
          <text><![CDATA[<p><b>Stop Debt Collection Abuse Act of 2017</b></p> <p>This bill amends the Fair Debt Collection Practices Act to&nbsp;apply&nbsp;that Act's restrictions to&nbsp;collectors of debt owed to a federal agency. </p> <p>A federal agency that is a creditor may not sell or transfer a debt to a debt collector until&nbsp;90 days after the obligation&nbsp;arises. Specified notice to the consumer of such a sale or transfer is required.</p> <p>A&nbsp;collector of debt owed to a federal agency may not collect any&nbsp;interest, fee, charge, or expense&nbsp;that is: (1) unreasonable in relation to&nbsp;actual costs, (2) not authorized by a contract between the debt collector and the federal agency,&nbsp;or (3) greater than 10% of the amount collected. </p> <p>The Government Accountability Office shall study and report to Congress on&nbsp;the use of debt collectors by federal, state, and local government agencies.</p>]]></text>
          <actionDesc>Introduced in Senate</actionDesc>
          <lastSummaryUpdateDate>2018-01-24T20:37:00Z</lastSummaryUpdateDate>
          <name>Introduced in Senate</name>
        </item>
      </billSummaries>
    </summaries>
    <committeeReports />
    <laws />
    <subjects>
      <billSubjects>
        <policyArea>
          <name>Finance and Financial Sector</name>
        </policyArea>
        <legislativeSubjects>
          <item>
            <name>Congressional oversight</name>
          </item>
          <item>
            <name>Debt collection</name>
          </item>
          <item>
            <name>Government lending and loan guarantees</name>
          </item>
          <item>
            <name>Government studies and investigations</name>
          </item>
          <item>
            <name>State and local government operations</name>
          </item>
          <item>
            <name>User charges and fees</name>
          </item>
        </legislativeSubjects>
      </billSubjects>
    </subjects>
    <committees>
      <billCommittees>
        <item>
          <type>Standing</type>
          <systemCode>ssbk00</systemCode>
          <subcommittees />
          <activities>
            <item>
              <date>2017-03-08T19:38:49Z</date>
              <name>Referred to</name>
            </item>
          </activities>
          <chamber>Senate</chamber>
          <name>Banking, Housing, and Urban Affairs Committee</name>
        </item>
      </billCommittees>
    </committees>
    <version>1.0.0</version>
    <recordedVotes />
    <updateDate>2018-02-06T16:44:56Z</updateDate>
    <calendarNumbers />
    <cboCostEstimates />
    <actions>
      <item>
        <actionDate>2017-03-08</actionDate>
        <committee>
          <systemCode>ssbk00</systemCode>
          <name>Banking, Housing, and Urban Affairs Committee</name>
        </committee>
        <links />
        <sourceSystem>
          <name>Senate</name>
          <code>0</code>
        </sourceSystem>
        <text>Read twice and referred to the Committee on Banking, Housing, and Urban Affairs.</text>
        <type>IntroReferral</type>
      </item>
      <item>
        <links />
        <actionDate>2017-03-08</actionDate>
        <type>IntroReferral</type>
        <text>Introduced in Senate</text>
        <actionCode>10000</actionCode>
        <sourceSystem>
          <name>Library of Congress</name>
          <code>9</code>
        </sourceSystem>
        <committee />
      </item>
      <actionByCounts>
        <senate>2</senate>
      </actionByCounts>
      <actionTypeCounts>
        <introducedInSenate>1</introducedInSenate>
        <referredToCommittee>1</referredToCommittee>
      </actionTypeCounts>
    </actions>
    <amendments />
    <notes />
    <policyArea>
      <name>Finance and Financial Sector</name>
    </policyArea>
    <cosponsors>
      <item>
        <state>UT</state>
        <party>R</party>
        <fullName>Sen. Lee, Mike [R-UT]</fullName>
        <lastName>Lee</lastName>
        <isOriginalCosponsor>True</isOriginalCosponsor>
        <bioguideId>L000577</bioguideId>
        <sponsorshipWithdrawnDate />
        <middleName />
        <identifiers>
          <bioguideId>L000577</bioguideId>
          <gpoId>8303</gpoId>
          <lisID>2080</lisID>
        </identifiers>
        <firstName>Mike</firstName>
        <sponsorshipDate>2017-03-08</sponsorshipDate>
      </item>
    </cosponsors>
  </bill>
  <dublinCore xmlns:dc="http://purl.org/dc/elements/1.1/">
    <dc:format>text/xml</dc:format>
    <dc:language>EN</dc:language>
    <dc:rights>Pursuant to Title 17 Section 105 of the United States Code, this file is not subject to copyright protection and is in the public domain.</dc:rights>
    <dc:contributor>Congressional Research Service, Library of Congress</dc:contributor>
    <dc:description>This file contains bill summaries and statuses for federal legislation. A bill summary describes the most significant provisions of a piece of legislation and details the effects the legislative text may have on current law and federal programs. Bill summaries are authored by the Congressional Research Service (CRS) of the Library of Congress. As stated in Public Law 91-510 (2 USC 166 (d)(6)), one of the duties of CRS is "to prepare summaries and digests of bills and resolutions of a public general nature introduced in the Senate or House of Representatives". For more information, refer to the User Guide that accompanies this file.</dc:description>
  </dublinCore>
</billStatus>

