<?xml version="1.0" encoding="UTF-8"?>
<billStatus>
  <bill>
    <createDate>2017-01-31T05:23:13Z</createDate>
    <introducedDate>2017-01-30</introducedDate>
    <congress>115</congress>
    <latestAction>
      <actionDate>2017-01-30</actionDate>
      <links />
      <text>Read twice and referred to the Committee on Health, Education, Labor, and Pensions.</text>
    </latestAction>
    <originChamber>Senate</originChamber>
    <billNumber>246</billNumber>
    <sponsors>
      <item>
        <state>NJ</state>
        <identifiers>
          <gpoId>8239</gpoId>
          <lisID>791</lisID>
          <bioguideId>M000639</bioguideId>
        </identifiers>
        <bioguideId>M000639</bioguideId>
        <lastName>MENENDEZ</lastName>
        <fullName>Sen. Menendez, Robert [D-NJ]</fullName>
        <firstName>ROBERT</firstName>
        <party>D</party>
        <middleName />
        <byRequestType />
      </item>
    </sponsors>
    <title>Campus Fire Safety Education Act of 2017</title>
    <relatedBills>
      <item>
        <type>HR</type>
        <latestAction>
          <text>Referred to the House Committee on Education and the Workforce.</text>
          <actionDate>2017-01-30</actionDate>
        </latestAction>
        <latestTitle>Campus Fire Safety Education Act of 2017</latestTitle>
        <relationshipDetails>
          <item>
            <type>Identical bill</type>
            <identifiedBy>CRS</identifiedBy>
          </item>
        </relationshipDetails>
        <congress>115</congress>
        <number>746</number>
      </item>
    </relatedBills>
    <titles>
      <item>
        <chamberName />
        <parentTitleType />
        <chamberCode />
        <titleType>(Extracted from GPO) Short Titles as Introduced</titleType>
        <title>Campus Fire Safety Education Act of 2017</title>
      </item>
      <item>
        <chamberName />
        <parentTitleType />
        <chamberCode />
        <titleType>Short Titles as Introduced</titleType>
        <title>Campus Fire Safety Education Act of 2017</title>
      </item>
      <item>
        <chamberName />
        <parentTitleType />
        <chamberCode />
        <titleType>Official Title as Introduced</titleType>
        <title>A bill to authorize the Secretary of Education to make grants to support fire safety education programs on college campuses.</title>
      </item>
      <item>
        <chamberName />
        <parentTitleType />
        <chamberCode />
        <titleType>Display Title</titleType>
        <title>Campus Fire Safety Education Act of 2017</title>
      </item>
    </titles>
    <billType>S</billType>
    <summaries>
      <billSummaries>
        <item>
          <versionCode>00</versionCode>
          <actionDate>2017-01-30</actionDate>
          <updateDate>2017-01-30T05:00:00Z</updateDate>
          <text><![CDATA[<p><strong>Campus Fire Safety Education Act of 2017</strong></p> <p> This bill directs the Department of Education (ED) to establish a program to award grants, on a competitive basis, to institutions of higher education or consortiums of such institutions, in a collaborative partnership with a nonprofit organization or a public safety department (eligible entity), for: (1) initiating, expanding, or improving fire safety education programs; and (2) increasing fire safety awareness among enrolled students. </p> <p>ED shall give priority to institutions that plan to use funds to initiate, expand, or improve fire safety education programs that include educational material specifically prepared for students with physical, sensory, or cognitive disabilities. The bill sets forth provisions regarding grant periods and matching and other requirements. An eligible entity may not be awarded more than $250,000 per fiscal year under this bill.</p> <p>An eligible entity shall use grant funds to initiate, expand, or improve a fire safety education program that: </p> <ul> <li>reaches all enrolled students (for an institution of higher education); </li> <li>ensures maximum exposure to, increases awareness of, and effectuates change in behavior regarding, fire safety by students through conducting outreach to students a minimum of twice per academic year and through measures that provide fire safety information to any student upon request; </li> <li>includes minimum instruction regarding fire behavior, fire injury and death, ignition scenarios, fire safety systems and equipment, the importance of means of egress, fire prevention techniques, and actions to be taken if a fire occurs to minimize the potential for death, injury, and property damage; and </li> <li>includes a mechanism for carrying out evaluations of program effectiveness. </li> </ul> <p>ED shall publish a report of best practices for initiating, expanding, or improving fire safety education programs.</p>]]></text>
          <actionDesc>Introduced in Senate</actionDesc>
          <name>Introduced in Senate</name>
          <lastSummaryUpdateDate>2017-02-15T20:54:24Z</lastSummaryUpdateDate>
        </item>
      </billSummaries>
    </summaries>
    <committeeReports />
    <laws />
    <subjects>
      <billSubjects>
        <policyArea>
          <name>Education</name>
        </policyArea>
        <legislativeSubjects>
          <item>
            <name>Disability and paralysis</name>
          </item>
          <item>
            <name>Education programs funding</name>
          </item>
          <item>
            <name>Educational facilities and institutions</name>
          </item>
          <item>
            <name>Emergency Management</name>
          </item>
          <item>
            <name>Emergency planning and evacuation</name>
          </item>
          <item>
            <name>Fires</name>
          </item>
          <item>
            <name>Higher education</name>
          </item>
        </legislativeSubjects>
      </billSubjects>
    </subjects>
    <committees>
      <billCommittees>
        <item>
          <type>Standing</type>
          <systemCode>sshr00</systemCode>
          <subcommittees />
          <activities>
            <item>
              <date>2017-01-31T00:14:33Z</date>
              <name>Referred to</name>
            </item>
          </activities>
          <chamber>Senate</chamber>
          <name>Health, Education, Labor, and Pensions Committee</name>
        </item>
      </billCommittees>
    </committees>
    <version>1.0.0</version>
    <recordedVotes />
    <updateDate>2018-02-06T16:44:38Z</updateDate>
    <calendarNumbers />
    <cboCostEstimates />
    <actions>
      <actionByCounts>
        <senate>2</senate>
      </actionByCounts>
      <item>
        <actionDate>2017-01-30</actionDate>
        <committee>
          <name>Health, Education, Labor, and Pensions Committee</name>
          <systemCode>sshr00</systemCode>
        </committee>
        <links />
        <sourceSystem>
          <name>Senate</name>
          <code>0</code>
        </sourceSystem>
        <text>Read twice and referred to the Committee on Health, Education, Labor, and Pensions.</text>
        <type>IntroReferral</type>
      </item>
      <item>
        <text>Introduced in Senate</text>
        <type>IntroReferral</type>
        <sourceSystem>
          <name>Library of Congress</name>
          <code>9</code>
        </sourceSystem>
        <committee />
        <actionCode>10000</actionCode>
        <actionDate>2017-01-30</actionDate>
        <links />
      </item>
      <actionTypeCounts>
        <referredToCommittee>1</referredToCommittee>
        <introducedInSenate>1</introducedInSenate>
      </actionTypeCounts>
    </actions>
    <amendments />
    <notes />
    <policyArea>
      <name>Education</name>
    </policyArea>
    <cosponsors />
  </bill>
  <dublinCore xmlns:dc="http://purl.org/dc/elements/1.1/">
    <dc:format>text/xml</dc:format>
    <dc:language>EN</dc:language>
    <dc:rights>Pursuant to Title 17 Section 105 of the United States Code, this file is not subject to copyright protection and is in the public domain.</dc:rights>
    <dc:contributor>Congressional Research Service, Library of Congress</dc:contributor>
    <dc:description>This file contains bill summaries and statuses for federal legislation. A bill summary describes the most significant provisions of a piece of legislation and details the effects the legislative text may have on current law and federal programs. Bill summaries are authored by the Congressional Research Service (CRS) of the Library of Congress. As stated in Public Law 91-510 (2 USC 166 (d)(6)), one of the duties of CRS is "to prepare summaries and digests of bills and resolutions of a public general nature introduced in the Senate or House of Representatives". For more information, refer to the User Guide that accompanies this file.</dc:description>
  </dublinCore>
</billStatus>

