<?xml version="1.0" encoding="UTF-8"?>
<billStatus>
  <bill>
    <actions>
      <item>
        <actionDate>2018-01-11</actionDate>
        <committee />
        <links />
        <sourceSystem>
          <code>0</code>
          <name>Senate</name>
        </sourceSystem>
        <text>Message on House action received in Senate and at desk: House amendment to Senate bill.</text>
        <type>Floor</type>
      </item>
      <item>
        <text>Motion to reconsider laid on the table Agreed to without objection.</text>
        <actionCode>H38310</actionCode>
        <actionTime>18:10:33</actionTime>
        <committee />
        <actionDate>2018-01-10</actionDate>
        <type>Floor</type>
        <sourceSystem>
          <code>2</code>
          <name>House floor actions</name>
        </sourceSystem>
        <links />
      </item>
      <item>
        <text>On passage Passed by recorded vote: 239 - 173 (Roll no. 11).</text>
        <actionCode>H37100</actionCode>
        <actionTime>18:10:31</actionTime>
        <committee />
        <actionDate>2018-01-10</actionDate>
        <type>Floor</type>
        <sourceSystem>
          <code>2</code>
          <name>House floor actions</name>
        </sourceSystem>
        <links>
          <link>
            <name>Roll no. 11</name>
            <url>http://clerk.house.gov/evs/2018/roll011.xml</url>
          </link>
        </links>
      </item>
      <item>
        <text>Passed/agreed to in House: On passage Passed by recorded vote: 239 - 173 (Roll no. 11).</text>
        <actionCode>8000</actionCode>
        <actionTime>18:10:31</actionTime>
        <committee />
        <actionDate>2018-01-10</actionDate>
        <type>Floor</type>
        <sourceSystem>
          <code>9</code>
          <name>Library of Congress</name>
        </sourceSystem>
        <links>
          <link>
            <name>Roll no. 11</name>
            <url>http://clerk.house.gov/evs/2018/roll011.xml</url>
          </link>
        </links>
      </item>
      <item>
        <text>The previous question was ordered pursuant to the rule.</text>
        <actionCode>H35000</actionCode>
        <actionTime>17:40:59</actionTime>
        <committee />
        <actionDate>2018-01-10</actionDate>
        <type>Floor</type>
        <sourceSystem>
          <code>2</code>
          <name>House floor actions</name>
        </sourceSystem>
        <links />
      </item>
      <item>
        <text>DEBATE - The House proceeded with one hour of debate on S. 140.</text>
        <actionCode>H8D000</actionCode>
        <actionTime>16:46:39</actionTime>
        <committee />
        <actionDate>2018-01-10</actionDate>
        <type>Floor</type>
        <sourceSystem>
          <code>2</code>
          <name>House floor actions</name>
        </sourceSystem>
        <links>
          <link>
            <name>S. 140</name>
            <url>https://www.congress.gov/bill/115th-congress/senate-bill/140</url>
          </link>
        </links>
      </item>
      <item>
        <text>Previous question shall be considered as ordered without intervening motions except motion to recommit with or without instructions. The amendment in the nature of a substitute consisting of the text of Rules Committee Print 115-54 shall be considered as adopted.</text>
        <actionCode>H8D000</actionCode>
        <actionTime>16:45:03</actionTime>
        <committee />
        <actionDate>2018-01-10</actionDate>
        <type>Floor</type>
        <sourceSystem>
          <code>2</code>
          <name>House floor actions</name>
        </sourceSystem>
        <links />
      </item>
      <item>
        <text>Considered under the provisions of rule H. Res. 681. (consideration: CR H114-125; text: CR H114)</text>
        <actionCode>H30000</actionCode>
        <actionTime>16:44:58</actionTime>
        <committee />
        <actionDate>2018-01-10</actionDate>
        <type>Floor</type>
        <sourceSystem>
          <code>2</code>
          <name>House floor actions</name>
        </sourceSystem>
        <links>
          <link>
            <name>H. Res. 681</name>
            <url>https://www.congress.gov/bill/115th-congress/house-resolution/681</url>
          </link>
          <link>
            <name>H114</name>
            <url>https://www.congress.gov/congressional-record/volume-164/house-section/page/H114</url>
          </link>
          <link>
            <name>H114-125</name>
            <url>https://www.congress.gov/congressional-record/volume-164/house-section/page/H114-125</url>
          </link>
        </links>
      </item>
      <item>
        <text>Rule H. Res. 681 passed House.</text>
        <actionCode>H1L220</actionCode>
        <actionTime>16:42:29</actionTime>
        <committee />
        <actionDate>2018-01-10</actionDate>
        <type>Floor</type>
        <sourceSystem>
          <code>2</code>
          <name>House floor actions</name>
        </sourceSystem>
        <links>
          <link>
            <name>H. Res. 681</name>
            <url>https://www.congress.gov/bill/115th-congress/house-resolution/681</url>
          </link>
        </links>
      </item>
      <item>
        <text>Rules Committee Resolution H. Res. 681 Reported to House. Previous question shall be considered as ordered without intervening motions except motion to recommit with or without instructions. The amendment in the nature of a substitute consisting of the text of Rules Committee Print 115-54 shall be considered as adopted</text>
        <actionCode>H1L210</actionCode>
        <actionTime>19:01:59</actionTime>
        <committee />
        <actionDate>2018-01-09</actionDate>
        <type>Floor</type>
        <sourceSystem>
          <code>2</code>
          <name>House floor actions</name>
        </sourceSystem>
        <links>
          <link>
            <name>H. Res. 681</name>
            <url>https://www.congress.gov/bill/115th-congress/house-resolution/681</url>
          </link>
        </links>
      </item>
      <item>
        <text>Placed on the Union Calendar, Calendar No. 326.</text>
        <actionCode>H12410</actionCode>
        <committee />
        <actionDate>2017-12-06</actionDate>
        <type>Calendars</type>
        <sourceSystem>
          <code>2</code>
          <name>House floor actions</name>
        </sourceSystem>
        <links />
      </item>
      <item>
        <text>Reported by the Committee on Natural Resources. H. Rept. 115-441.</text>
        <actionCode>H12200</actionCode>
        <committee>
          <systemCode>hsii00</systemCode>
          <name>Natural Resources Committee</name>
        </committee>
        <actionDate>2017-12-06</actionDate>
        <type>Committee</type>
        <sourceSystem>
          <code>2</code>
          <name>House floor actions</name>
        </sourceSystem>
        <links>
          <link>
            <name>H. Rept. 115-441</name>
            <url>https://www.congress.gov/congressional-report/115th-congress/house-report/441</url>
          </link>
        </links>
      </item>
      <item>
        <text>Reported by the Committee on Natural Resources. H. Rept. 115-441.</text>
        <actionCode>5000</actionCode>
        <committee>
          <systemCode>hsii00</systemCode>
          <name>Natural Resources Committee</name>
        </committee>
        <actionDate>2017-12-06</actionDate>
        <type>Committee</type>
        <sourceSystem>
          <code>9</code>
          <name>Library of Congress</name>
        </sourceSystem>
        <links>
          <link>
            <name>H. Rept. 115-441</name>
            <url>https://www.congress.gov/congressional-report/115th-congress/house-report/441</url>
          </link>
        </links>
      </item>
      <item>
        <actionDate>2017-11-08</actionDate>
        <committee>
          <systemCode>hsii00</systemCode>
          <name>Natural Resources Committee</name>
        </committee>
        <links />
        <sourceSystem>
          <code>1</code>
          <name>House committee actions</name>
        </sourceSystem>
        <text>Ordered to be Reported by Unanimous Consent.</text>
        <type>Committee</type>
      </item>
      <item>
        <actionDate>2017-11-08</actionDate>
        <committee>
          <systemCode>hsii00</systemCode>
          <name>Natural Resources Committee</name>
        </committee>
        <links />
        <sourceSystem>
          <code>1</code>
          <name>House committee actions</name>
        </sourceSystem>
        <text>Subcommittee on Water, Power and Oceans Discharged.</text>
        <type>Committee</type>
      </item>
      <item>
        <actionDate>2017-11-08</actionDate>
        <committee>
          <systemCode>hsii00</systemCode>
          <name>Natural Resources Committee</name>
        </committee>
        <links />
        <sourceSystem>
          <code>1</code>
          <name>House committee actions</name>
        </sourceSystem>
        <text>Committee Consideration and Mark-up Session Held.</text>
        <type>Committee</type>
      </item>
      <item>
        <actionDate>2017-11-07</actionDate>
        <committee>
          <systemCode>hsii00</systemCode>
          <name>Natural Resources Committee</name>
        </committee>
        <links />
        <sourceSystem>
          <code>1</code>
          <name>House committee actions</name>
        </sourceSystem>
        <text>Committee Consideration and Mark-up Session Held.</text>
        <type>Committee</type>
      </item>
      <item>
        <actionDate>2017-11-02</actionDate>
        <committee>
          <systemCode>hsii13</systemCode>
          <name>Water, Power and Oceans Subcommittee</name>
        </committee>
        <links />
        <sourceSystem>
          <code>1</code>
          <name>House committee actions</name>
        </sourceSystem>
        <text>Subcommittee Hearings Held.</text>
        <type>Committee</type>
      </item>
      <item>
        <actionDate>2017-05-16</actionDate>
        <committee>
          <systemCode>hsii13</systemCode>
          <name>Water, Power and Oceans Subcommittee</name>
        </committee>
        <links />
        <sourceSystem>
          <code>1</code>
          <name>House committee actions</name>
        </sourceSystem>
        <text>Referred to the Subcommittee on Water, Power and Oceans.</text>
        <type>Committee</type>
      </item>
      <item>
        <text>Referred to the House Committee on Natural Resources.</text>
        <actionCode>H11100</actionCode>
        <committee>
          <systemCode>hsii00</systemCode>
          <name>Natural Resources Committee</name>
        </committee>
        <actionDate>2017-05-11</actionDate>
        <type>IntroReferral</type>
        <sourceSystem>
          <code>2</code>
          <name>House floor actions</name>
        </sourceSystem>
        <links />
      </item>
      <item>
        <text>Received in the House.</text>
        <actionCode>H14000</actionCode>
        <actionTime>14:03:25</actionTime>
        <committee />
        <actionDate>2017-05-11</actionDate>
        <type>Floor</type>
        <sourceSystem>
          <code>2</code>
          <name>House floor actions</name>
        </sourceSystem>
        <links />
      </item>
      <item>
        <actionDate>2017-05-09</actionDate>
        <committee />
        <links />
        <sourceSystem>
          <code>0</code>
          <name>Senate</name>
        </sourceSystem>
        <text>Message on Senate action sent to the House.</text>
        <type>Floor</type>
      </item>
      <item>
        <actionDate>2017-05-08</actionDate>
        <committee />
        <links>
          <link>
            <name>S2814</name>
            <url>https://www.congress.gov/congressional-record/volume-163/senate-section/page/S2814</url>
          </link>
        </links>
        <sourceSystem>
          <code>0</code>
          <name>Senate</name>
        </sourceSystem>
        <text>Passed Senate without amendment by Unanimous Consent. (consideration: CR S2814; text as passed Senate: CR S2814)</text>
        <type>Floor</type>
      </item>
      <item>
        <text>Passed/agreed to in Senate: Passed Senate without amendment by Unanimous Consent.</text>
        <actionCode>17000</actionCode>
        <committee />
        <actionDate>2017-05-08</actionDate>
        <type>Floor</type>
        <sourceSystem>
          <code>9</code>
          <name>Library of Congress</name>
        </sourceSystem>
        <links />
      </item>
      <item>
        <actionDate>2017-03-21</actionDate>
        <committee />
        <links />
        <sourceSystem>
          <code>0</code>
          <name>Senate</name>
        </sourceSystem>
        <text>Placed on Senate Legislative Calendar under General Orders. Calendar No. 20.</text>
        <type>Calendars</type>
      </item>
      <item>
        <actionDate>2017-03-21</actionDate>
        <committee>
          <systemCode>slia00</systemCode>
          <name>Indian Affairs Committee</name>
        </committee>
        <links>
          <link>
            <name>report No. 115-7</name>
            <url>https://www.congress.gov/congressional-report/115th-congress/senate-report/7</url>
          </link>
        </links>
        <sourceSystem>
          <code>0</code>
          <name>Senate</name>
        </sourceSystem>
        <text>Committee on Indian Affairs. Reported by Senator Hoeven without amendment. With written report No. 115-7.</text>
        <type>Committee</type>
      </item>
      <item>
        <text>Committee on Indian Affairs. Reported by Senator Hoeven without amendment. With written report No. 115-7.</text>
        <actionCode>14000</actionCode>
        <committee>
          <systemCode>slia00</systemCode>
          <name>Indian Affairs Committee</name>
        </committee>
        <actionDate>2017-03-21</actionDate>
        <type>Committee</type>
        <sourceSystem>
          <code>9</code>
          <name>Library of Congress</name>
        </sourceSystem>
        <links>
          <link>
            <name>report No. 115-7</name>
            <url>https://www.congress.gov/congressional-report/115th-congress/senate-report/7</url>
          </link>
        </links>
      </item>
      <item>
        <actionDate>2017-02-08</actionDate>
        <committee>
          <systemCode>slia00</systemCode>
          <name>Indian Affairs Committee</name>
        </committee>
        <links />
        <sourceSystem>
          <code>0</code>
          <name>Senate</name>
        </sourceSystem>
        <text>Committee on Indian Affairs. Ordered to be reported favorably.</text>
        <type>Committee</type>
      </item>
      <item>
        <actionDate>2017-01-12</actionDate>
        <committee>
          <systemCode>slia00</systemCode>
          <name>Indian Affairs Committee</name>
        </committee>
        <links />
        <sourceSystem>
          <code>0</code>
          <name>Senate</name>
        </sourceSystem>
        <text>Read twice and referred to the Committee on Indian Affairs.</text>
        <type>IntroReferral</type>
      </item>
      <item>
        <text>Introduced in Senate</text>
        <actionCode>10000</actionCode>
        <committee />
        <actionDate>2017-01-12</actionDate>
        <type>IntroReferral</type>
        <sourceSystem>
          <code>9</code>
          <name>Library of Congress</name>
        </sourceSystem>
        <links />
      </item>
      <actionByCounts>
        <senate>10</senate>
        <houseOfRepresentatives>20</houseOfRepresentatives>
      </actionByCounts>
      <actionTypeCounts>
        <orderedReported>1</orderedReported>
        <messageOnHouseAction>1</messageOnHouseAction>
        <unionCalendarAssignment>1</unionCalendarAssignment>
        <considerationByHouse>1</considerationByHouse>
        <introducedInSenate>1</introducedInSenate>
        <placeholderTextForHL>1</placeholderTextForHL>
        <passedSenate>1</passedSenate>
        <passedAgreedToInHouse>1</passedAgreedToInHouse>
        <placeholderTextForH>3</placeholderTextForH>
        <committeeReportOfABill>1</committeeReportOfABill>
        <receivedInTheHouse>1</receivedInTheHouse>
        <sentToHouse>1</sentToHouse>
        <placedOnCalendarGeneralOrders>1</placedOnCalendarGeneralOrders>
        <referredToCommittee>1</referredToCommittee>
        <passageOfAMeasure>1</passageOfAMeasure>
        <ruleForConsiderationOfBillReportedToHouse>1</ruleForConsiderationOfBillReportedToHouse>
        <reportedToHouse>1</reportedToHouse>
        <generalDebate>2</generalDebate>
        <billReferrals>1</billReferrals>
        <passedAgreedToInSenate>1</passedAgreedToInSenate>
        <reportedToSenate>2</reportedToSenate>
        <motionToReconsiderResults>1</motionToReconsiderResults>
        <prayer>1</prayer>
        <motionForPreviousQuestion>1</motionForPreviousQuestion>
        <actionStageOverride>2</actionStageOverride>
      </actionTypeCounts>
    </actions>
    <latestAction>
      <links />
      <text>Message on House action received in Senate and at desk: House amendment to Senate bill.</text>
      <actionDate>2018-01-11</actionDate>
    </latestAction>
    <laws />
    <cosponsors>
      <item>
        <firstName>JOHN</firstName>
        <state>AZ</state>
        <lastName>MCCAIN</lastName>
        <sponsorshipWithdrawnDate />
        <party>R</party>
        <fullName>Sen. McCain, John [R-AZ]</fullName>
        <middleName>SIDNEY</middleName>
        <sponsorshipDate>2017-01-12</sponsorshipDate>
        <bioguideId>M000303</bioguideId>
        <isOriginalCosponsor>True</isOriginalCosponsor>
        <identifiers>
          <lisID>754</lisID>
          <gpoId>8253</gpoId>
          <bioguideId>M000303</bioguideId>
        </identifiers>
      </item>
    </cosponsors>
    <title>A bill to amend the White Mountain Apache Tribe Water Rights Quantification Act of 2010 to clarify the use of amounts in the WMAT Settlement Fund.</title>
    <committees>
      <billCommittees>
        <item>
          <type>Standing</type>
          <name>Natural Resources Committee</name>
          <chamber>House</chamber>
          <systemCode>hsii00</systemCode>
          <activities>
            <item>
              <date>2017-12-06T20:44:36Z</date>
              <name>Reported by</name>
            </item>
            <item>
              <date>2017-11-08T18:55:58Z</date>
              <name>Markup by</name>
            </item>
            <item>
              <date>2017-05-11T19:30:52Z</date>
              <name>Referred to</name>
            </item>
          </activities>
          <subcommittees>
            <item>
              <systemCode>hsii13</systemCode>
              <activities>
                <item>
                  <date>2017-11-08T19:27:28Z</date>
                  <name>Discharged from</name>
                </item>
                <item>
                  <date>2017-11-02T17:33:47Z</date>
                  <name>Hearings by</name>
                </item>
                <item>
                  <date>2017-05-16T19:47:51Z</date>
                  <name>Referred to</name>
                </item>
              </activities>
              <name>Water, Power and Oceans Subcommittee</name>
            </item>
          </subcommittees>
        </item>
        <item>
          <type>Other</type>
          <name>Indian Affairs Committee</name>
          <chamber>Senate</chamber>
          <systemCode>slia00</systemCode>
          <activities>
            <item>
              <date>2017-03-21T22:08:12Z</date>
              <name>Reported by</name>
            </item>
            <item>
              <date>2017-01-12T21:49:20Z</date>
              <name>Referred to</name>
            </item>
          </activities>
          <subcommittees />
        </item>
      </billCommittees>
    </committees>
    <notes />
    <committeeReports>
      <committeeReport>
        <citation>S. Rept. 115-7</citation>
      </committeeReport>
      <committeeReport>
        <citation>H. Rept. 115-441</citation>
      </committeeReport>
    </committeeReports>
    <calendarNumbers>
      <item>
        <calendar>Senate Calendar of Business</calendar>
        <number>0020</number>
      </item>
      <item>
        <calendar>U00326</calendar>
        <number />
      </item>
    </calendarNumbers>
    <policyArea>
      <name>Native Americans</name>
    </policyArea>
    <summaries>
      <billSummaries>
        <item>
          <text><![CDATA[<p>This bill amends the White Mountain Apache Tribe Water Rights Quantification Act of 2010 to specify that settlement funds may be used for the planning, design, and construction of the tribe's rural water system.</p>]]></text>
          <lastSummaryUpdateDate>2017-02-01T17:14:28Z</lastSummaryUpdateDate>
          <versionCode>00</versionCode>
          <actionDesc>Introduced in Senate</actionDesc>
          <actionDate>2017-01-12</actionDate>
          <name>Introduced in Senate</name>
          <updateDate>2017-01-12T05:00:00Z</updateDate>
        </item>
        <item>
          <text><![CDATA[<p>(This measure has not been amended since it was introduced. The summary has been expanded because action occurred on the measure.)</p> <p>(Sec. 1) This bill amends the White Mountain Apache Tribe Water Rights Quantification Act of 2010 to specify that settlement funds may be used for the planning, design, and construction of the tribe's rural water system.</p>]]></text>
          <lastSummaryUpdateDate>2017-03-31T21:08:48Z</lastSummaryUpdateDate>
          <versionCode>80</versionCode>
          <actionDesc>Reported to Senate without amendment</actionDesc>
          <actionDate>2017-03-21</actionDate>
          <name>Reported to Senate without amendment</name>
          <updateDate>2017-03-21T12:37:28Z</updateDate>
        </item>
        <item>
          <text><![CDATA[<p>(This measure has not been amended since it was introduced. The expanded summary of the Senate reported version is repeated here.)</p> <p>(Sec. 1) This bill amends the White Mountain Apache Tribe Water Rights Quantification Act of 2010 to specify that settlement funds may be used for the planning, design, and construction of the tribe's rural water system.</p>]]></text>
          <lastSummaryUpdateDate>2017-06-01T14:27:35Z</lastSummaryUpdateDate>
          <versionCode>82</versionCode>
          <actionDesc>Passed Senate without amendment</actionDesc>
          <actionDate>2017-05-08</actionDate>
          <name>Passed Senate without amendment</name>
          <updateDate>2017-05-08T11:48:49Z</updateDate>
        </item>
        <item>
          <text><![CDATA[<p>(This measure has not been amended since it was introduced. The expanded summary of the Senate reported version is repeated here.)</p> <p>(Sec. 1) This bill amends the White Mountain Apache Tribe Water Rights Quantification Act of 2010 to specify that settlement funds may be used for the planning, design, and construction of the tribe's rural water system.</p>]]></text>
          <lastSummaryUpdateDate>2017-12-14T22:28:06Z</lastSummaryUpdateDate>
          <versionCode>79</versionCode>
          <actionDesc>Reported to House without amendment</actionDesc>
          <actionDate>2017-12-06</actionDate>
          <name>Reported to House without amendment</name>
          <updateDate>2017-12-06T13:36:30Z</updateDate>
        </item>
        <item>
          <text><![CDATA[<p>(Sec. 1) This bill amends the White Mountain Apache Tribe Water Rights Quantification Act of 2010 to specify that settlement funds may be used for the planning, design, and construction of the tribe's rural water system in Arizona.</p> <p>(Sec. 2) The bill amends the Act of August 9, 1955, commonly known as the Long-Term Leasing Act, to allow the Ohkay Owingeh pueblo and the pueblo of Santa Clara in New Mexico to lease their restricted fee tribal land (land that is owned by a tribe and has restrictions against alienation and taxation) for up to 99 years. Under current law, they may lease the lands for up to 25 years. </p> <p>(Sec. 3) The bill amends the National Labor Relations Act (NLRA) to exclude Native American tribes and tribal enterprises and institutions on tribal land from requirements for employers under the NLRA. (Currently under the NLRA, employers may not engage in unfair labor practices and must allow employees to form unions, engage in collective bargaining, and take collective action.)]]></text>
          <lastSummaryUpdateDate>2018-01-17T19:48:27Z</lastSummaryUpdateDate>
          <versionCode>36</versionCode>
          <actionDesc>Passed House amended</actionDesc>
          <actionDate>2018-01-10</actionDate>
          <name>Passed House amended</name>
          <updateDate>2018-01-10T15:09:06Z</updateDate>
        </item>
      </billSummaries>
    </summaries>
    <subjects>
      <billSubjects>
        <legislativeSubjects>
          <item>
            <name>Arizona</name>
          </item>
          <item>
            <name>Government trust funds</name>
          </item>
          <item>
            <name>Indian claims</name>
          </item>
          <item>
            <name>Indian lands and resources rights</name>
          </item>
          <item>
            <name>Rural conditions and development</name>
          </item>
          <item>
            <name>Water resources funding</name>
          </item>
          <item>
            <name>Water use and supply</name>
          </item>
        </legislativeSubjects>
        <policyArea>
          <name>Native Americans</name>
        </policyArea>
      </billSubjects>
    </subjects>
    <billNumber>140</billNumber>
    <cboCostEstimates>
      <item>
        <pubDate>2017-02-24T21:04:00Z</pubDate>
        <url>https://www.cbo.gov/publication/52462</url>
        <title>S. 140, a bill to amend the White Mountain Apache Tribe Water Rights Quantification Act of 2010 to clarify the use of amounts in the WMAT Settlement Fund</title>
      </item>
      <item>
        <pubDate>2017-11-21T22:45:29Z</pubDate>
        <url>https://www.cbo.gov/publication/53343</url>
        <title>S. 140, a bill to amend the White Mountain Apache Tribe Water Rights Quantification Act of 2010 to clarify the use of amounts in the WMAT Settlement Fund</title>
      </item>
    </cboCostEstimates>
    <introducedDate>2017-01-12</introducedDate>
    <congress>115</congress>
    <billType>S</billType>
    <sponsors>
      <item>
        <state>AZ</state>
        <middleName />
        <bioguideId>F000444</bioguideId>
        <firstName>JEFF</firstName>
        <byRequestType />
        <lastName>FLAKE</lastName>
        <identifiers>
          <bioguideId>F000444</bioguideId>
          <gpoId>7803</gpoId>
          <lisID>1633</lisID>
        </identifiers>
        <fullName>Sen. Flake, Jeff [R-AZ]</fullName>
        <party>R</party>
      </item>
    </sponsors>
    <amendments>
      <amendment>
        <congress>115</congress>
        <proposedDate />
        <description />
        <purpose>Pursuant to the provisions of H.Res. 681, an amendment in the nature of a substitute consisting of the text of Rules Committee Print 115-54 is considered as adopted.</purpose>
        <titles />
        <version>1.0.0</version>
        <updateDate>2018-02-22T15:28:41Z</updateDate>
        <cosponsors>
          <currentCount>0</currentCount>
          <totalCount>0</totalCount>
        </cosponsors>
        <createDate>2018-01-11T08:16:12Z</createDate>
        <actions>
          <actionByCounts>
            <houseOfRepresentatives>1</houseOfRepresentatives>
          </actionByCounts>
          <actionTypeCounts>
            <houseAmendmentOffered>1</houseAmendmentOffered>
          </actionTypeCounts>
          <actions>
            <item>
              <actionDate>2018-01-10</actionDate>
              <committee />
              <links />
              <text />
            </item>
            <item>
              <text>House amendment offered</text>
              <type>Floor</type>
              <links />
              <sourceSystem>
                <name>Library of Congress</name>
                <code>9</code>
              </sourceSystem>
              <actionDate>2018-01-10</actionDate>
              <committee />
              <actionCode>71000</actionCode>
            </item>
          </actions>
          <count>2</count>
        </actions>
        <number>508</number>
        <sponsors>
          <item>
            <name>Rules Committee</name>
          </item>
        </sponsors>
        <amendedBill>
          <originChamber>Senate</originChamber>
          <title>A bill to amend the White Mountain Apache Tribe Water Rights Quantification Act of 2010 to clarify the use of amounts in the WMAT Settlement Fund.</title>
          <type>S</type>
          <number>140</number>
          <originChamberCode>S</originChamberCode>
          <congress>115</congress>
        </amendedBill>
        <type>HAMDT</type>
        <amendedAmendment />
        <links />
        <notes />
        <chamber>House of Representatives</chamber>
        <amendments>
          <count>0</count>
        </amendments>
        <congress>115</congress>
        <submittedDate>2018-01-10T05:00:00Z</submittedDate>
        <description />
        <type>HAMDT</type>
        <latestAction />
        <purpose>Pursuant to the provisions of H.Res. 681, an amendment in the nature of a substitute consisting of the text of Rules Committee Print 115-54 is considered as adopted.</purpose>
        <number>508</number>
      </amendment>
    </amendments>
    <version>1.0.0</version>
    <relatedBills>
      <item>
        <number>63</number>
        <latestTitle>Tribal Labor Sovereignty Act of 2017</latestTitle>
        <type>S</type>
        <congress>115</congress>
        <relationshipDetails>
          <item>
            <identifiedBy>CRS</identifiedBy>
            <type>Related bill</type>
          </item>
        </relationshipDetails>
        <latestAction>
          <actionDate>2017-02-17</actionDate>
          <text>Placed on Senate Legislative Calendar under General Orders. Calendar No. 9.</text>
        </latestAction>
      </item>
      <item>
        <number>249</number>
        <latestTitle>A bill to provide that the pueblo of Santa Clara may lease for 99 years certain restricted land, and for other purposes.</latestTitle>
        <type>S</type>
        <congress>115</congress>
        <relationshipDetails>
          <item>
            <identifiedBy>CRS</identifiedBy>
            <type>Related bill</type>
          </item>
        </relationshipDetails>
        <latestAction>
          <actionDate>2017-07-24</actionDate>
          <text>Placed on the Union Calendar, Calendar No. 174.</text>
        </latestAction>
      </item>
      <item>
        <number>681</number>
        <latestTitle>Providing for consideration of the bill (S. 140) to amend the White Mountain Apache Tribe Water Rights Quantification Act of 2010 to clarify the use of amounts in the WMAT Settlement Fund.</latestTitle>
        <type>HRES</type>
        <congress>115</congress>
        <relationshipDetails>
          <item>
            <identifiedBy>House</identifiedBy>
            <type>Procedurally-related</type>
          </item>
        </relationshipDetails>
        <latestAction>
          <actionDate>2018-01-10</actionDate>
          <actionTime>16:42:29</actionTime>
          <text>Motion to reconsider laid on the table Agreed to without objection.</text>
        </latestAction>
      </item>
      <item>
        <number>1787</number>
        <latestTitle>To provide that the pueblo of Santa Clara may lease for 99 years certain restricted land, and for other purposes.</latestTitle>
        <type>HR</type>
        <congress>115</congress>
        <relationshipDetails>
          <item>
            <identifiedBy>CRS</identifiedBy>
            <type>Related bill</type>
          </item>
        </relationshipDetails>
        <latestAction>
          <actionDate>2017-04-06</actionDate>
          <text>Referred to the Subcommittee on Indian, Insular and Alaska Native Affairs.</text>
        </latestAction>
      </item>
    </relatedBills>
    <createDate>2017-01-13T04:55:35Z</createDate>
    <updateDate>2018-02-22T15:28:41Z</updateDate>
    <recordedVotes>
      <recordedVote>
        <congress>115</congress>
        <date>2018-01-10T23:10:31Z</date>
        <fullActionName>Passage of a Measure</fullActionName>
        <rollNumber>11</rollNumber>
        <url>http://clerk.house.gov/evs/2018/roll011.xml</url>
        <chamber>House</chamber>
        <sessionNumber>2</sessionNumber>
      </recordedVote>
    </recordedVotes>
    <titles>
      <item>
        <chamberName />
        <title>A bill to amend the White Mountain Apache Tribe Water Rights Quantification Act of 2010 to clarify the use of amounts in the WMAT Settlement Fund.</title>
        <titleType>Official Title as Introduced</titleType>
        <chamberCode />
        <parentTitleType />
      </item>
      <item>
        <chamberName />
        <title>A bill to amend the White Mountain Apache Tribe Water Rights Quantification Act of 2010 to clarify the use of amounts in the WMAT Settlement Fund.</title>
        <titleType>Display Title</titleType>
        <chamberCode />
        <parentTitleType />
      </item>
    </titles>
    <originChamber>Senate</originChamber>
  </bill>
  <dublinCore xmlns:dc="http://purl.org/dc/elements/1.1/">
    <dc:format>text/xml</dc:format>
    <dc:language>EN</dc:language>
    <dc:rights>Pursuant to Title 17 Section 105 of the United States Code, this file is not subject to copyright protection and is in the public domain.</dc:rights>
    <dc:contributor>Congressional Research Service, Library of Congress</dc:contributor>
    <dc:description>This file contains bill summaries and statuses for federal legislation. A bill summary describes the most significant provisions of a piece of legislation and details the effects the legislative text may have on current law and federal programs. Bill summaries are authored by the Congressional Research Service (CRS) of the Library of Congress. As stated in Public Law 91-510 (2 USC 166 (d)(6)), one of the duties of CRS is "to prepare summaries and digests of bills and resolutions of a public general nature introduced in the Senate or House of Representatives". For more information, refer to the User Guide that accompanies this file.</dc:description>
  </dublinCore>
</billStatus>

