<?xml version="1.0" encoding="UTF-8"?>
<billStatus>
  <bill>
    <originChamber>Senate</originChamber>
    <introducedDate>2017-02-15</introducedDate>
    <cosponsors>
      <item>
        <identifiers>
          <lisID>1534</lisID>
          <bioguideId>T000250</bioguideId>
          <gpoId>8257</gpoId>
        </identifiers>
        <bioguideId>T000250</bioguideId>
        <sponsorshipDate>2017-02-15</sponsorshipDate>
        <middleName>R.</middleName>
        <fullName>Sen. Thune, John [R-SD]</fullName>
        <sponsorshipWithdrawnDate />
        <state>SD</state>
        <party>R</party>
        <firstName>JOHN</firstName>
        <isOriginalCosponsor>True</isOriginalCosponsor>
        <lastName>THUNE</lastName>
      </item>
      <item>
        <identifiers>
          <lisID>583</lisID>
          <bioguideId>I000024</bioguideId>
          <gpoId>8322</gpoId>
        </identifiers>
        <bioguideId>I000024</bioguideId>
        <sponsorshipDate>2017-02-15</sponsorshipDate>
        <middleName />
        <fullName>Sen. Inhofe, James M. [R-OK]</fullName>
        <sponsorshipWithdrawnDate />
        <state>OK</state>
        <party>R</party>
        <firstName>JIM</firstName>
        <isOriginalCosponsor>True</isOriginalCosponsor>
        <lastName>INHOFE</lastName>
      </item>
      <item>
        <identifiers>
          <lisID>250</lisID>
          <bioguideId>C000880</bioguideId>
          <gpoId>8289</gpoId>
        </identifiers>
        <bioguideId>C000880</bioguideId>
        <sponsorshipDate>2017-02-15</sponsorshipDate>
        <middleName>D.</middleName>
        <fullName>Sen. Crapo, Mike [R-ID]</fullName>
        <sponsorshipWithdrawnDate />
        <state>ID</state>
        <party>R</party>
        <firstName>MICHAEL</firstName>
        <isOriginalCosponsor>True</isOriginalCosponsor>
        <lastName>CRAPO</lastName>
      </item>
      <item>
        <identifiers>
          <gpoId>8113</gpoId>
          <bioguideId>L000575</bioguideId>
          <lisID>2050</lisID>
        </identifiers>
        <bioguideId>L000575</bioguideId>
        <sponsorshipDate>2017-02-15</sponsorshipDate>
        <middleName />
        <fullName>Sen. Lankford, James [R-OK]</fullName>
        <sponsorshipWithdrawnDate />
        <state>OK</state>
        <party>R</party>
        <firstName>James</firstName>
        <isOriginalCosponsor>True</isOriginalCosponsor>
        <lastName>Lankford</lastName>
      </item>
      <item>
        <identifiers>
          <lisID>2084</lisID>
          <bioguideId>R000595</bioguideId>
          <gpoId>8242</gpoId>
        </identifiers>
        <bioguideId>R000595</bioguideId>
        <sponsorshipDate>2017-02-15</sponsorshipDate>
        <middleName />
        <fullName>Sen. Rubio, Marco [R-FL]</fullName>
        <sponsorshipWithdrawnDate />
        <state>FL</state>
        <party>R</party>
        <firstName>Marco</firstName>
        <isOriginalCosponsor>True</isOriginalCosponsor>
        <lastName>Rubio</lastName>
      </item>
      <item>
        <identifiers>
          <lisID>452</lisID>
          <bioguideId>G000359</bioguideId>
          <gpoId>8335</gpoId>
        </identifiers>
        <bioguideId>G000359</bioguideId>
        <sponsorshipDate>2017-02-15</sponsorshipDate>
        <middleName>O.</middleName>
        <fullName>Sen. Graham, Lindsey [R-SC]</fullName>
        <sponsorshipWithdrawnDate />
        <state>SC</state>
        <party>R</party>
        <firstName>LINDSEY</firstName>
        <isOriginalCosponsor>True</isOriginalCosponsor>
        <lastName>GRAHAM</lastName>
      </item>
      <item>
        <identifiers>
          <lisID>1998</lisID>
          <gpoId>7862</gpoId>
          <bioguideId>G000562</bioguideId>
        </identifiers>
        <bioguideId>G000562</bioguideId>
        <sponsorshipDate>2017-02-17</sponsorshipDate>
        <middleName />
        <fullName>Sen. Gardner, Cory [R-CO]</fullName>
        <sponsorshipWithdrawnDate />
        <state>CO</state>
        <party>R</party>
        <firstName>Cory</firstName>
        <isOriginalCosponsor>False</isOriginalCosponsor>
        <lastName>Gardner</lastName>
      </item>
      <item>
        <identifiers>
          <gpoId>8328</gpoId>
          <bioguideId>E000285</bioguideId>
          <lisID>1542</lisID>
        </identifiers>
        <bioguideId>E000285</bioguideId>
        <sponsorshipDate>2017-03-07</sponsorshipDate>
        <middleName>B.</middleName>
        <fullName>Sen. Enzi, Michael B. [R-WY]</fullName>
        <sponsorshipWithdrawnDate />
        <state>WY</state>
        <party>R</party>
        <firstName>MICHAEL</firstName>
        <isOriginalCosponsor>False</isOriginalCosponsor>
        <lastName>ENZI</lastName>
      </item>
      <item>
        <identifiers>
          <bioguideId>C001075</bioguideId>
          <lisID>1925</lisID>
          <gpoId>7964</gpoId>
        </identifiers>
        <bioguideId>C001075</bioguideId>
        <sponsorshipDate>2017-03-23</sponsorshipDate>
        <middleName />
        <fullName>Sen. Cassidy, Bill [R-LA]</fullName>
        <sponsorshipWithdrawnDate />
        <state>LA</state>
        <party>R</party>
        <firstName>Bill</firstName>
        <isOriginalCosponsor>False</isOriginalCosponsor>
        <lastName>Cassidy</lastName>
      </item>
      <item>
        <identifiers>
          <bioguideId>E000295</bioguideId>
          <lisID>2283</lisID>
          <gpoId />
        </identifiers>
        <bioguideId>E000295</bioguideId>
        <sponsorshipDate>2017-05-11</sponsorshipDate>
        <middleName />
        <fullName>Sen. Ernst, Joni  [R-IA]</fullName>
        <sponsorshipWithdrawnDate />
        <state>IA</state>
        <party>R</party>
        <firstName>Joni</firstName>
        <isOriginalCosponsor>False</isOriginalCosponsor>
        <lastName>Ernst</lastName>
      </item>
      <item>
        <identifiers>
          <gpoId />
          <lisID>2175</lisID>
          <bioguideId>C001098</bioguideId>
        </identifiers>
        <bioguideId>C001098</bioguideId>
        <sponsorshipDate>2017-08-02</sponsorshipDate>
        <middleName />
        <fullName>Sen. Cruz, Ted [R-TX]</fullName>
        <sponsorshipWithdrawnDate />
        <state>TX</state>
        <party>R</party>
        <firstName>Ted</firstName>
        <isOriginalCosponsor>False</isOriginalCosponsor>
        <lastName>Cruz</lastName>
      </item>
    </cosponsors>
    <billType>S</billType>
    <recordedVotes />
    <laws />
    <committeeReports />
    <actions>
      <actionTypeCounts>
        <referredToCommittee>1</referredToCommittee>
        <introducedInSenate>1</introducedInSenate>
      </actionTypeCounts>
      <item>
        <actionDate>2017-02-15</actionDate>
        <committee>
          <systemCode>ssas00</systemCode>
          <name>Armed Services Committee</name>
        </committee>
        <links />
        <sourceSystem>
          <code>0</code>
          <name>Senate</name>
        </sourceSystem>
        <text>Read twice and referred to the Committee on Armed Services.</text>
        <type>IntroReferral</type>
      </item>
      <item>
        <type>IntroReferral</type>
        <text>Introduced in Senate</text>
        <links />
        <committee />
        <sourceSystem>
          <code>9</code>
          <name>Library of Congress</name>
        </sourceSystem>
        <actionDate>2017-02-15</actionDate>
        <actionCode>10000</actionCode>
      </item>
      <actionByCounts>
        <senate>2</senate>
      </actionByCounts>
    </actions>
    <createDate>2017-02-16T08:49:56Z</createDate>
    <version>1.0.0</version>
    <notes />
    <latestAction>
      <actionDate>2017-02-15</actionDate>
      <text>Read twice and referred to the Committee on Armed Services.</text>
      <links />
    </latestAction>
    <title>Protect Our Military Families' 2nd Amendment Rights Act</title>
    <summaries>
      <billSummaries>
        <item>
          <versionCode>00</versionCode>
          <actionDate>2017-02-15</actionDate>
          <updateDate>2017-02-15T05:00:00Z</updateDate>
          <text><![CDATA[<p><strong>Protect Our Military Families' 2nd Amendment Rights Act</strong></p> <p>This bill amends the federal criminal code to allow a licensed gun dealer, importer, or manufacturer to sell or ship a firearm to the spouse of a member of the U.S. Armed Forces on active duty. (Current law already allows a licensed dealer, importer, or manufacturer to sell a firearm to a member of the U.S. Armed Forces on active duty.) </p> <p>The bill also specifies that, for purposes of federal firearms laws, a member of the U.S. Armed Forces on active duty, or his or her spouse, is a resident of the state in which: (1) the member or spouse maintains legal residence, (2) the permanent duty station of the member is located, and (3) the member maintains a home from which he or she commutes to the permanent duty station.</p>]]></text>
          <actionDesc>Introduced in Senate</actionDesc>
          <name>Introduced in Senate</name>
          <lastSummaryUpdateDate>2017-05-01T20:33:59Z</lastSummaryUpdateDate>
        </item>
      </billSummaries>
    </summaries>
    <congress>115</congress>
    <policyArea>
      <name>Crime and Law Enforcement</name>
    </policyArea>
    <billNumber>394</billNumber>
    <calendarNumbers />
    <cboCostEstimates />
    <subjects>
      <billSubjects>
        <legislativeSubjects>
          <item>
            <name>Firearms and explosives</name>
          </item>
          <item>
            <name>Military personnel and dependents</name>
          </item>
        </legislativeSubjects>
        <policyArea>
          <name>Crime and Law Enforcement</name>
        </policyArea>
      </billSubjects>
    </subjects>
    <relatedBills>
      <item>
        <number>256</number>
        <congress>115</congress>
        <relationshipDetails>
          <item>
            <type>Identical bill</type>
            <identifiedBy>CRS</identifiedBy>
          </item>
        </relationshipDetails>
        <latestTitle>Protect Our Military Families' 2nd Amendment Rights Act</latestTitle>
        <latestAction>
          <text>Sponsor introductory remarks on measure. (CR H396)</text>
          <actionDate>2017-01-12</actionDate>
        </latestAction>
        <type>HR</type>
      </item>
    </relatedBills>
    <committees>
      <billCommittees>
        <item>
          <systemCode>ssas00</systemCode>
          <name>Armed Services Committee</name>
          <type>Standing</type>
          <activities>
            <item>
              <name>Referred to</name>
              <date>2017-02-15T19:44:22Z</date>
            </item>
          </activities>
          <chamber>Senate</chamber>
          <subcommittees />
        </item>
      </billCommittees>
    </committees>
    <titles>
      <item>
        <chamberCode />
        <chamberName />
        <parentTitleType />
        <titleType>(Extracted from GPO) Short Titles as Introduced</titleType>
        <title>Protect Our Military Families’ 2nd Amendment Rights Act</title>
      </item>
      <item>
        <chamberCode />
        <chamberName />
        <parentTitleType />
        <titleType>Short Titles as Introduced</titleType>
        <title>Protect Our Military Families' 2nd Amendment Rights Act</title>
      </item>
      <item>
        <chamberCode />
        <chamberName />
        <parentTitleType />
        <titleType>Official Title as Introduced</titleType>
        <title>A bill to amend chapter 44 of title 18, United States Code, to provide that a member of the Armed Forces and the spouse of that member shall have the same rights regarding the receipt of firearms at the location of any duty station of the member.</title>
      </item>
      <item>
        <chamberCode />
        <chamberName />
        <parentTitleType />
        <titleType>Display Title</titleType>
        <title>Protect Our Military Families' 2nd Amendment Rights Act</title>
      </item>
    </titles>
    <sponsors>
      <item>
        <fullName>Sen. Rounds, Mike  [R-SD]</fullName>
        <middleName />
        <state>SD</state>
        <byRequestType />
        <firstName>Mike</firstName>
        <bioguideId>R000605</bioguideId>
        <party>R</party>
        <lastName>Rounds</lastName>
        <identifiers>
          <lisID>2288</lisID>
          <gpoId />
          <bioguideId>R000605</bioguideId>
        </identifiers>
      </item>
    </sponsors>
    <updateDate>2018-02-06T16:44:46Z</updateDate>
    <amendments />
  </bill>
  <dublinCore xmlns:dc="http://purl.org/dc/elements/1.1/">
    <dc:format>text/xml</dc:format>
    <dc:language>EN</dc:language>
    <dc:rights>Pursuant to Title 17 Section 105 of the United States Code, this file is not subject to copyright protection and is in the public domain.</dc:rights>
    <dc:contributor>Congressional Research Service, Library of Congress</dc:contributor>
    <dc:description>This file contains bill summaries and statuses for federal legislation. A bill summary describes the most significant provisions of a piece of legislation and details the effects the legislative text may have on current law and federal programs. Bill summaries are authored by the Congressional Research Service (CRS) of the Library of Congress. As stated in Public Law 91-510 (2 USC 166 (d)(6)), one of the duties of CRS is "to prepare summaries and digests of bills and resolutions of a public general nature introduced in the Senate or House of Representatives". For more information, refer to the User Guide that accompanies this file.</dc:description>
  </dublinCore>
</billStatus>

