<?xml version="1.0" encoding="UTF-8"?>
<billStatus>
  <bill>
    <policyArea>
      <name>Energy</name>
    </policyArea>
    <calendarNumbers>
      <item>
        <calendar>Senate Calendar of Business</calendar>
        <number>0098</number>
      </item>
    </calendarNumbers>
    <actions>
      <actionTypeCounts>
        <orderedReported>1</orderedReported>
        <introducedInSenate>1</introducedInSenate>
        <referredToCommittee>1</referredToCommittee>
        <reportedToSenate>2</reportedToSenate>
        <placedOnCalendarGeneralOrders>1</placedOnCalendarGeneralOrders>
      </actionTypeCounts>
      <actionByCounts>
        <senate>6</senate>
      </actionByCounts>
      <item>
        <actionDate>2017-05-24</actionDate>
        <committee />
        <links />
        <sourceSystem>
          <name>Senate</name>
          <code>0</code>
        </sourceSystem>
        <text>Placed on Senate Legislative Calendar under General Orders. Calendar No. 98.</text>
        <type>Calendars</type>
      </item>
      <item>
        <actionDate>2017-05-24</actionDate>
        <committee>
          <name>Energy and Natural Resources Committee</name>
          <systemCode>sseg00</systemCode>
        </committee>
        <links>
          <link>
            <name>report No. 115-79</name>
            <url>https://www.congress.gov/congressional-report/115th-congress/senate-report/79</url>
          </link>
        </links>
        <sourceSystem>
          <name>Senate</name>
          <code>0</code>
        </sourceSystem>
        <text>Committee on Energy and Natural Resources. Reported by Senator Murkowski without amendment. With written report No. 115-79.</text>
        <type>Committee</type>
      </item>
      <item>
        <text>Committee on Energy and Natural Resources. Reported by Senator Murkowski without amendment. With written report No. 115-79.</text>
        <actionDate>2017-05-24</actionDate>
        <sourceSystem>
          <name>Library of Congress</name>
          <code>9</code>
        </sourceSystem>
        <type>Committee</type>
        <actionCode>14000</actionCode>
        <committee>
          <name>Energy and Natural Resources Committee</name>
          <systemCode>sseg00</systemCode>
        </committee>
        <links>
          <link>
            <name>report No. 115-79</name>
            <url>https://www.congress.gov/congressional-report/115th-congress/senate-report/79</url>
          </link>
        </links>
      </item>
      <item>
        <actionDate>2017-03-30</actionDate>
        <committee>
          <name>Energy and Natural Resources Committee</name>
          <systemCode>sseg00</systemCode>
        </committee>
        <links />
        <sourceSystem>
          <name>Senate</name>
          <code>0</code>
        </sourceSystem>
        <text>Committee on Energy and Natural Resources. Ordered to be reported without amendment favorably.</text>
        <type>Committee</type>
      </item>
      <item>
        <actionDate>2017-01-30</actionDate>
        <committee>
          <name>Energy and Natural Resources Committee</name>
          <systemCode>sseg00</systemCode>
        </committee>
        <links />
        <sourceSystem>
          <name>Senate</name>
          <code>0</code>
        </sourceSystem>
        <text>Read twice and referred to the Committee on Energy and Natural Resources.</text>
        <type>IntroReferral</type>
      </item>
      <item>
        <text>Introduced in Senate</text>
        <actionDate>2017-01-30</actionDate>
        <sourceSystem>
          <name>Library of Congress</name>
          <code>9</code>
        </sourceSystem>
        <type>IntroReferral</type>
        <actionCode>10000</actionCode>
        <committee />
        <links />
      </item>
    </actions>
    <latestAction>
      <text>Placed on Senate Legislative Calendar under General Orders. Calendar No. 98.</text>
      <actionDate>2017-05-24</actionDate>
      <links />
    </latestAction>
    <cboCostEstimates>
      <item>
        <url>https://www.cbo.gov/publication/52880</url>
        <pubDate>2017-07-07T21:01:04Z</pubDate>
        <title>S. 239, Energy Savings Through Public-Private Partnerships Act of 2017</title>
      </item>
      <item>
        <url>https://www.cbo.gov/publication/53600</url>
        <pubDate>2018-02-20T16:00:18Z</pubDate>
        <title>S. 239, Energy Savings Through Public-Private Partnerships Act of 2017</title>
      </item>
    </cboCostEstimates>
    <recordedVotes />
    <titles>
      <item>
        <parentTitleType />
        <titleType>(Extracted from GPO) Short Titles as Reported to Senate</titleType>
        <chamberCode>S</chamberCode>
        <chamberName>Senate</chamberName>
        <title>Energy Savings Through Public-Private Partnerships Act of 2017</title>
      </item>
      <item>
        <parentTitleType />
        <titleType>(Extracted from GPO) Short Titles as Introduced</titleType>
        <chamberCode />
        <chamberName />
        <title>Energy Savings Through Public-Private Partnerships Act of 2017</title>
      </item>
      <item>
        <parentTitleType>Short Titles Senate</parentTitleType>
        <titleType>Short Titles as Reported to Senate</titleType>
        <chamberCode>S</chamberCode>
        <chamberName>Senate</chamberName>
        <title>Energy Savings Through Public-Private Partnerships Act of 2017</title>
      </item>
      <item>
        <parentTitleType />
        <titleType>Short Titles as Introduced</titleType>
        <chamberCode />
        <chamberName />
        <title>Energy Savings Through Public-Private Partnerships Act of 2017</title>
      </item>
      <item>
        <parentTitleType />
        <titleType>Official Title as Introduced</titleType>
        <chamberCode />
        <chamberName />
        <title>A bill to amend the National Energy Conservation Policy Act to encourage the increased use of performance contracting in Federal facilities, and for other purposes.</title>
      </item>
      <item>
        <parentTitleType />
        <titleType>Display Title</titleType>
        <chamberCode />
        <chamberName />
        <title>Energy Savings Through Public-Private Partnerships Act of 2017</title>
      </item>
    </titles>
    <billNumber>239</billNumber>
    <committeeReports>
      <committeeReport>
        <citation>S. Rept. 115-79</citation>
      </committeeReport>
    </committeeReports>
    <cosponsors>
      <item>
        <party>D</party>
        <fullName>Sen. Coons, Christopher A. [D-DE]</fullName>
        <sponsorshipWithdrawnDate />
        <lastName>Coons</lastName>
        <sponsorshipDate>2017-01-30</sponsorshipDate>
        <identifiers>
          <gpoId>8297</gpoId>
          <lisID>1984</lisID>
          <bioguideId>C001088</bioguideId>
        </identifiers>
        <isOriginalCosponsor>True</isOriginalCosponsor>
        <firstName>Christopher</firstName>
        <middleName>A.</middleName>
        <bioguideId>C001088</bioguideId>
        <state>DE</state>
      </item>
      <item>
        <party>R</party>
        <fullName>Sen. Portman, Rob [R-OH]</fullName>
        <sponsorshipWithdrawnDate />
        <lastName>PORTMAN</lastName>
        <sponsorshipDate>2017-01-30</sponsorshipDate>
        <identifiers>
          <gpoId>8266</gpoId>
          <lisID>924</lisID>
          <bioguideId>P000449</bioguideId>
        </identifiers>
        <isOriginalCosponsor>True</isOriginalCosponsor>
        <firstName>ROB</firstName>
        <middleName />
        <bioguideId>P000449</bioguideId>
        <state>OH</state>
      </item>
      <item>
        <party>D</party>
        <fullName>Sen. Shaheen, Jeanne [D-NH]</fullName>
        <sponsorshipWithdrawnDate />
        <lastName>Shaheen</lastName>
        <sponsorshipDate>2017-01-30</sponsorshipDate>
        <identifiers>
          <lisID>1901</lisID>
          <gpoId>8276</gpoId>
          <bioguideId>S001181</bioguideId>
        </identifiers>
        <isOriginalCosponsor>True</isOriginalCosponsor>
        <firstName>Jeanne</firstName>
        <middleName />
        <bioguideId>S001181</bioguideId>
        <state>NH</state>
      </item>
    </cosponsors>
    <title>Energy Savings Through Public-Private Partnerships Act of 2017</title>
    <subjects>
      <billSubjects>
        <legislativeSubjects>
          <item>
            <name>Congressional oversight</name>
          </item>
          <item>
            <name>Energy efficiency and conservation</name>
          </item>
          <item>
            <name>Government buildings, facilities, and property</name>
          </item>
          <item>
            <name>Performance measurement</name>
          </item>
          <item>
            <name>Public contracts and procurement</name>
          </item>
          <item>
            <name>Public utilities and utility rates</name>
          </item>
          <item>
            <name>Water use and supply</name>
          </item>
        </legislativeSubjects>
        <policyArea>
          <name>Energy</name>
        </policyArea>
      </billSubjects>
    </subjects>
    <relatedBills>
      <item>
        <number>723</number>
        <relationshipDetails>
          <item>
            <type>Identical bill</type>
            <identifiedBy>CRS</identifiedBy>
          </item>
          <item>
            <type>Related bill</type>
            <identifiedBy>House</identifiedBy>
          </item>
        </relationshipDetails>
        <latestTitle>Energy Savings Through Public-Private Partnerships Act of 2017</latestTitle>
        <congress>115</congress>
        <latestAction>
          <actionDate>2018-02-23</actionDate>
          <text>Placed on the Union Calendar, Calendar No. 435.</text>
        </latestAction>
        <type>HR</type>
      </item>
      <item>
        <number>1460</number>
        <relationshipDetails>
          <item>
            <type>Related bill</type>
            <identifiedBy>CRS</identifiedBy>
          </item>
        </relationshipDetails>
        <latestTitle>Energy and Natural Resources Act of 2017</latestTitle>
        <congress>115</congress>
        <latestAction>
          <actionDate>2017-09-19</actionDate>
          <text>Committee on Energy and Natural Resources. Hearings held.</text>
        </latestAction>
        <type>S</type>
      </item>
    </relatedBills>
    <amendments />
    <committees>
      <billCommittees>
        <item>
          <type>Standing</type>
          <subcommittees />
          <chamber>Senate</chamber>
          <activities>
            <item>
              <date>2017-05-24T15:24:32Z</date>
              <name>Reported by</name>
            </item>
            <item>
              <date>2017-03-30T13:30:00Z</date>
              <name>Markup by</name>
            </item>
            <item>
              <date>2017-01-30T21:51:46Z</date>
              <name>Referred to</name>
            </item>
          </activities>
          <name>Energy and Natural Resources Committee</name>
          <systemCode>sseg00</systemCode>
        </item>
      </billCommittees>
    </committees>
    <congress>115</congress>
    <laws />
    <updateDate>2018-02-26T14:26:12Z</updateDate>
    <sponsors>
      <item>
        <lastName>Gardner</lastName>
        <middleName />
        <firstName>Cory</firstName>
        <party>R</party>
        <bioguideId>G000562</bioguideId>
        <identifiers>
          <gpoId>7862</gpoId>
          <lisID>1998</lisID>
          <bioguideId>G000562</bioguideId>
        </identifiers>
        <byRequestType />
        <state>CO</state>
        <fullName>Sen. Gardner, Cory [R-CO]</fullName>
      </item>
    </sponsors>
    <summaries>
      <billSummaries>
        <item>
          <updateDate>2017-01-30T05:00:00Z</updateDate>
          <lastSummaryUpdateDate>2017-05-15T20:03:58Z</lastSummaryUpdateDate>
          <versionCode>00</versionCode>
          <name>Introduced in Senate</name>
          <text><![CDATA[<p><b>Energy Savings Through Public-Private Partnerships Act of 2017</b></p> <p>This bill amends the National Energy Conservation Policy Act to revise requirements for energy savings performance contracts and utility energy service contracts (performance contracts). These contracts allow federal agencies to work with private contractors on energy efficiency upgrades to federal facilities, unless the facilities are dams, reservoirs, or hydropower facilities owned or operated by federal agencies.</p> <p>Current law requires federal facility energy managers to evaluate and identify energy and water efficiency measures for federal facilities, but agencies are not required to implement the measures. The bill requires agencies to implement the measures if they are cost-effective.</p> <p>The Department of Energy must report to the President and Congress on each agency's performance contracts, including their investment value and their energy savings.</p> <p>The energy conservation measures that may be contained in performance contracts are expanded by including those involving energy consuming devices and required support structures.</p> <p>Agencies may not limit recognition of operation and maintenance savings associated with energy systems that were modernized or replaced with energy conservation measures and water conservation measures (e.g., lower energy and water bills due to energy efficiency and conservation measures).</p> <p>Agencies may sell or transfer energy savings and apply the proceeds to fund a performance contract.</p> <p>The energy savings that may be contained in performance contracts are expanded to include: (1) the use, sale, or transfer of energy incentives, rebates, or credits (including renewable energy credits) from governments or utilities; and (2) any revenue generated from a reduction in energy or water use, more efficient waste recycling, or additional energy generated from more efficient equipment. </p>]]></text>
          <actionDate>2017-01-30</actionDate>
          <actionDesc>Introduced in Senate</actionDesc>
        </item>
        <item>
          <updateDate>2017-05-24T12:34:36Z</updateDate>
          <lastSummaryUpdateDate>2017-07-25T18:03:32Z</lastSummaryUpdateDate>
          <versionCode>80</versionCode>
          <name>Reported to Senate without amendment</name>
          <text><![CDATA[<p>(This measure has not been amended since it was introduced. The summary has been expanded because action occurred on the measure.)</p> <p><b>Energy Savings Through Public-Private Partnerships Act of 2017</b></p> <p>(Sec. 2) This bill amends the National Energy Conservation Policy Act to revise requirements for energy savings performance contracts and utility energy service contracts (performance contracts). These contracts allow federal agencies to work with private contractors on energy efficiency upgrades to federal facilities, unless the facilities are dams, reservoirs, or hydropower facilities owned or operated by federal agencies.</p> <p>Current law requires federal facility energy managers to evaluate and identify energy and water efficiency measures for federal facilities, but agencies are not required to implement the measures. The bill requires agencies to implement the measures if they are cost-effective.</p> <p>The Department of Energy must report to the President and Congress on each agency's performance contracts, including their investment value and their energy savings.</p> <p>The energy conservation measures that may be contained in performance contracts are expanded by including those involving energy consuming devices and required support structures.</p> <p>Agencies may not limit recognition of operation and maintenance savings associated with energy systems that were modernized or replaced with energy conservation measures and water conservation measures (e.g., lower energy and water bills due to energy efficiency and conservation measures).</p> <p>Agencies may sell or transfer energy savings and apply the proceeds to fund a performance contract. </p> <p>The energy savings that may be contained in performance contracts are expanded to include: (1) the use, sale, or transfer of energy incentives, rebates, or credits (including renewable energy credits) from governments or utilities; and (2) any revenue generated from a reduction in energy or water use, more efficient waste recycling, or additional energy generated from more efficient equipment. </p>]]></text>
          <actionDate>2017-05-24</actionDate>
          <actionDesc>Reported to Senate without amendment</actionDesc>
        </item>
      </billSummaries>
    </summaries>
    <introducedDate>2017-01-30</introducedDate>
    <originChamber>Senate</originChamber>
    <version>1.0.0</version>
    <createDate>2017-01-31T05:23:13Z</createDate>
    <billType>S</billType>
    <notes />
  </bill>
  <dublinCore xmlns:dc="http://purl.org/dc/elements/1.1/">
    <dc:format>text/xml</dc:format>
    <dc:language>EN</dc:language>
    <dc:rights>Pursuant to Title 17 Section 105 of the United States Code, this file is not subject to copyright protection and is in the public domain.</dc:rights>
    <dc:contributor>Congressional Research Service, Library of Congress</dc:contributor>
    <dc:description>This file contains bill summaries and statuses for federal legislation. A bill summary describes the most significant provisions of a piece of legislation and details the effects the legislative text may have on current law and federal programs. Bill summaries are authored by the Congressional Research Service (CRS) of the Library of Congress. As stated in Public Law 91-510 (2 USC 166 (d)(6)), one of the duties of CRS is "to prepare summaries and digests of bills and resolutions of a public general nature introduced in the Senate or House of Representatives". For more information, refer to the User Guide that accompanies this file.</dc:description>
  </dublinCore>
</billStatus>

