<?xml version="1.0" encoding="UTF-8"?>
<billStatus>
  <bill>
    <titles>
      <item>
        <titleType>(Extracted from GPO) Short Titles as Introduced</titleType>
        <parentTitleType />
        <chamberName />
        <title>READ Act</title>
        <chamberCode />
      </item>
      <item>
        <titleType>(Extracted from GPO) Short Titles as Introduced</titleType>
        <parentTitleType />
        <chamberName />
        <title>Reinforcing Education Accountability in Development Act</title>
        <chamberCode />
      </item>
      <item>
        <titleType>Short Titles as Introduced</titleType>
        <parentTitleType />
        <chamberName />
        <title>READ Act</title>
        <chamberCode />
      </item>
      <item>
        <titleType>Short Titles as Introduced</titleType>
        <parentTitleType />
        <chamberName />
        <title>Reinforcing Education Accountability in Development Act</title>
        <chamberCode />
      </item>
      <item>
        <titleType>Official Title as Introduced</titleType>
        <parentTitleType />
        <chamberName />
        <title>A bill to enhance the transparency and accelerate the impact of assistance provided under the Foreign Assistance Act of 1961 to promote quality basic education in developing countries, to better enable such countries to achieve universal access to quality basic education and improved learning outcomes, to eliminate duplication and waste, and for other purposes.</title>
        <chamberCode />
      </item>
      <item>
        <titleType>Display Title</titleType>
        <parentTitleType />
        <chamberName />
        <title>READ Act</title>
        <chamberCode />
      </item>
    </titles>
    <committeeReports />
    <sponsors>
      <item>
        <firstName>Marco</firstName>
        <identifiers>
          <lisID>2084</lisID>
          <bioguideId>R000595</bioguideId>
          <gpoId>8242</gpoId>
        </identifiers>
        <party>R</party>
        <bioguideId>R000595</bioguideId>
        <lastName>Rubio</lastName>
        <fullName>Sen. Rubio, Marco [R-FL]</fullName>
        <byRequestType />
        <middleName />
        <state>FL</state>
      </item>
    </sponsors>
    <title>READ Act</title>
    <actions>
      <actionByCounts>
        <senate>2</senate>
      </actionByCounts>
      <item>
        <actionDate>2017-03-14</actionDate>
        <committee>
          <name>Foreign Relations Committee</name>
          <systemCode>ssfr00</systemCode>
        </committee>
        <links />
        <sourceSystem>
          <name>Senate</name>
          <code>0</code>
        </sourceSystem>
        <text>Read twice and referred to the Committee on Foreign Relations.</text>
        <type>IntroReferral</type>
      </item>
      <item>
        <text>Introduced in Senate</text>
        <type>IntroReferral</type>
        <sourceSystem>
          <name>Library of Congress</name>
          <code>9</code>
        </sourceSystem>
        <committee />
        <actionCode>10000</actionCode>
        <actionDate>2017-03-14</actionDate>
        <links />
      </item>
      <actionTypeCounts>
        <referredToCommittee>1</referredToCommittee>
        <introducedInSenate>1</introducedInSenate>
      </actionTypeCounts>
    </actions>
    <summaries>
      <billSummaries>
        <item>
          <versionCode>00</versionCode>
          <updateDate>2017-03-14T04:00:00Z</updateDate>
          <actionDate>2017-03-14</actionDate>
          <text><![CDATA[<p><strong>Reinforcing Education Accountability in Development Act or the READ Act</strong></p> <p>This bill amends the Foreign Assistance Act of 1961 to state that it shall be U.S. policy to work with partner countries, other donors, multilateral institutions, the private sector, and nongovernmental and civil society organizations (including faith-based organizations) to promote basic education through programs that: (1) respond to the needs and capacities of developing countries to improve literacy and other basic skills; (2) strengthen educational systems, expand access to safe learning environments (including by breaking down barriers to basic education for women and girls), and support the engagement of parents in their children's education; (3) promote education as a foundation for economic growth; and (4) monitor and evaluate the effectiveness and quality of basic education programs in partner countries.</p> <p>The President shall: (1) seek to improve the effectiveness of assistance by coordinating relevant executive branch efforts, (2) ensure that assistance is aligned with U.S. foreign policy and economic interests, and (3) submit to Congress by October 1, 2017, a comprehensive FY2018 through FY2022 strategy to promote basic education in partner countries.</p> <p>The bill establishes within the U.S. Agency for International Development the position of Senior Coordinator of United States International Basic Education Assistance, who shall have primary responsibility for the oversight and coordination of U.S. government resources and activities relating to the promotion of international basic education. </p> </p> </p>]]></text>
          <actionDesc>Introduced in Senate</actionDesc>
          <lastSummaryUpdateDate>2017-09-15T22:17:22Z</lastSummaryUpdateDate>
          <name>Introduced in Senate</name>
        </item>
      </billSummaries>
    </summaries>
    <recordedVotes />
    <billNumber>623</billNumber>
    <calendarNumbers />
    <cosponsors>
      <item>
        <lastName>DURBIN</lastName>
        <sponsorshipDate>2017-03-14</sponsorshipDate>
        <party>D</party>
        <state>IL</state>
        <bioguideId>D000563</bioguideId>
        <middleName>J.</middleName>
        <sponsorshipWithdrawnDate />
        <fullName>Sen. Durbin, Richard J. [D-IL]</fullName>
        <firstName>RICHARD</firstName>
        <isOriginalCosponsor>True</isOriginalCosponsor>
        <identifiers>
          <gpoId>8326</gpoId>
          <bioguideId>D000563</bioguideId>
          <lisID>326</lisID>
        </identifiers>
      </item>
      <item>
        <lastName>Coons</lastName>
        <sponsorshipDate>2017-03-23</sponsorshipDate>
        <party>D</party>
        <state>DE</state>
        <bioguideId>C001088</bioguideId>
        <middleName>A.</middleName>
        <sponsorshipWithdrawnDate />
        <fullName>Sen. Coons, Christopher A. [D-DE]</fullName>
        <firstName>Christopher</firstName>
        <isOriginalCosponsor>False</isOriginalCosponsor>
        <identifiers>
          <gpoId>8297</gpoId>
          <bioguideId>C001088</bioguideId>
          <lisID>1984</lisID>
        </identifiers>
      </item>
      <item>
        <lastName>Shaheen</lastName>
        <sponsorshipDate>2017-03-28</sponsorshipDate>
        <party>D</party>
        <state>NH</state>
        <bioguideId>S001181</bioguideId>
        <middleName />
        <sponsorshipWithdrawnDate />
        <fullName>Sen. Shaheen, Jeanne [D-NH]</fullName>
        <firstName>Jeanne</firstName>
        <isOriginalCosponsor>False</isOriginalCosponsor>
        <identifiers>
          <bioguideId>S001181</bioguideId>
          <lisID>1901</lisID>
          <gpoId>8276</gpoId>
        </identifiers>
      </item>
      <item>
        <lastName>CAPITO</lastName>
        <sponsorshipDate>2017-04-03</sponsorshipDate>
        <party>R</party>
        <state>WV</state>
        <bioguideId>C001047</bioguideId>
        <middleName>MOORE</middleName>
        <sponsorshipWithdrawnDate />
        <fullName>Sen. Capito, Shelley Moore [R-WV]</fullName>
        <firstName>SHELLEY</firstName>
        <isOriginalCosponsor>False</isOriginalCosponsor>
        <identifiers>
          <bioguideId>C001047</bioguideId>
          <lisID>1676</lisID>
          <gpoId>8223</gpoId>
        </identifiers>
      </item>
      <item>
        <lastName>Murphy</lastName>
        <sponsorshipDate>2017-04-27</sponsorshipDate>
        <party>D</party>
        <state>CT</state>
        <bioguideId>M001169</bioguideId>
        <middleName />
        <sponsorshipWithdrawnDate />
        <fullName>Sen. Murphy, Christopher [D-CT]</fullName>
        <firstName>Christopher</firstName>
        <isOriginalCosponsor>False</isOriginalCosponsor>
        <identifiers>
          <bioguideId>M001169</bioguideId>
          <lisID>1837</lisID>
          <gpoId>7870</gpoId>
        </identifiers>
      </item>
      <item>
        <lastName>MARKEY</lastName>
        <sponsorshipDate>2017-05-08</sponsorshipDate>
        <party>D</party>
        <state>MA</state>
        <bioguideId>M000133</bioguideId>
        <middleName>J.</middleName>
        <sponsorshipWithdrawnDate />
        <fullName>Sen. Markey, Edward J. [D-MA]</fullName>
        <firstName>EDWARD</firstName>
        <isOriginalCosponsor>False</isOriginalCosponsor>
        <identifiers>
          <gpoId>7972</gpoId>
          <lisID>735</lisID>
          <bioguideId>M000133</bioguideId>
        </identifiers>
      </item>
      <item>
        <lastName>Booker</lastName>
        <sponsorshipDate>2017-05-18</sponsorshipDate>
        <party>D</party>
        <state>NJ</state>
        <bioguideId>B001288</bioguideId>
        <middleName>A.</middleName>
        <sponsorshipWithdrawnDate />
        <fullName>Sen. Booker, Cory A. [D-NJ]</fullName>
        <firstName>Cory</firstName>
        <isOriginalCosponsor>False</isOriginalCosponsor>
        <identifiers>
          <lisID>2194</lisID>
          <bioguideId>B001288</bioguideId>
          <gpoId />
        </identifiers>
      </item>
      <item>
        <lastName>WYDEN</lastName>
        <sponsorshipDate>2017-05-18</sponsorshipDate>
        <party>D</party>
        <state>OR</state>
        <bioguideId>W000779</bioguideId>
        <middleName />
        <sponsorshipWithdrawnDate />
        <fullName>Sen. Wyden, Ron [D-OR]</fullName>
        <firstName>RON</firstName>
        <isOriginalCosponsor>False</isOriginalCosponsor>
        <identifiers>
          <gpoId>8265</gpoId>
          <lisID>1247</lisID>
          <bioguideId>W000779</bioguideId>
        </identifiers>
      </item>
      <item>
        <lastName>CARDIN</lastName>
        <sponsorshipDate>2017-05-25</sponsorshipDate>
        <party>D</party>
        <state>MD</state>
        <bioguideId>C000141</bioguideId>
        <middleName>L.</middleName>
        <sponsorshipWithdrawnDate />
        <fullName>Sen. Cardin, Benjamin L. [D-MD]</fullName>
        <firstName>BENJAMIN</firstName>
        <isOriginalCosponsor>False</isOriginalCosponsor>
        <identifiers>
          <gpoId>8287</gpoId>
          <lisID>174</lisID>
          <bioguideId>C000141</bioguideId>
        </identifiers>
      </item>
      <item>
        <lastName>NELSON</lastName>
        <sponsorshipDate>2017-06-08</sponsorshipDate>
        <party>D</party>
        <state>FL</state>
        <bioguideId>N000032</bioguideId>
        <middleName>WILLIAM</middleName>
        <sponsorshipWithdrawnDate />
        <fullName>Sen. Nelson, Bill [D-FL]</fullName>
        <firstName>CLARENCE</firstName>
        <isOriginalCosponsor>False</isOriginalCosponsor>
        <identifiers>
          <bioguideId>N000032</bioguideId>
          <gpoId>8236</gpoId>
          <lisID>859</lisID>
        </identifiers>
      </item>
      <item>
        <lastName>King</lastName>
        <sponsorshipDate>2017-07-17</sponsorshipDate>
        <party>I</party>
        <state>ME</state>
        <bioguideId>K000383</bioguideId>
        <middleName />
        <sponsorshipWithdrawnDate />
        <fullName>Sen. King, Angus S., Jr. [I-ME]</fullName>
        <firstName>Angus</firstName>
        <isOriginalCosponsor>False</isOriginalCosponsor>
        <identifiers>
          <bioguideId>K000383</bioguideId>
          <gpoId />
          <lisID>2185</lisID>
        </identifiers>
      </item>
    </cosponsors>
    <version>1.0.0</version>
    <subjects>
      <billSubjects>
        <policyArea>
          <name>International Affairs</name>
        </policyArea>
        <legislativeSubjects>
          <item>
            <name>Academic performance and assessments</name>
          </item>
          <item>
            <name>Adult education and literacy</name>
          </item>
          <item>
            <name>Conflicts and wars</name>
          </item>
          <item>
            <name>Congressional oversight</name>
          </item>
          <item>
            <name>Elementary and secondary education</name>
          </item>
          <item>
            <name>Executive agency funding and structure</name>
          </item>
          <item>
            <name>Federal officials</name>
          </item>
          <item>
            <name>Foreign aid and international relief</name>
          </item>
          <item>
            <name>Multilateral development programs</name>
          </item>
          <item>
            <name>School administration</name>
          </item>
          <item>
            <name>Teaching, teachers, curricula</name>
          </item>
          <item>
            <name>U.S. Agency for International Development (USAID)</name>
          </item>
          <item>
            <name>Women's education</name>
          </item>
        </legislativeSubjects>
      </billSubjects>
    </subjects>
    <latestAction>
      <text>Read twice and referred to the Committee on Foreign Relations.</text>
      <links />
      <actionDate>2017-03-14</actionDate>
    </latestAction>
    <originChamber>Senate</originChamber>
    <laws />
    <notes />
    <createDate>2017-03-15T05:00:55Z</createDate>
    <billType>S</billType>
    <updateDate>2018-02-06T16:44:59Z</updateDate>
    <policyArea>
      <name>International Affairs</name>
    </policyArea>
    <cboCostEstimates />
    <introducedDate>2017-03-14</introducedDate>
    <amendments />
    <relatedBills>
      <item>
        <number>601</number>
        <latestTitle>Continuing Appropriations Act, 2018 and Supplemental Appropriations for Disaster Relief Requirements Act, 2017</latestTitle>
        <type>HR</type>
        <relationshipDetails>
          <item>
            <identifiedBy>CRS</identifiedBy>
            <type>Identical bill</type>
          </item>
        </relationshipDetails>
        <congress>115</congress>
        <latestAction>
          <text>Became Public Law No: 115-56.</text>
          <actionDate>2017-09-08</actionDate>
        </latestAction>
      </item>
    </relatedBills>
    <congress>115</congress>
    <committees>
      <billCommittees>
        <item>
          <systemCode>ssfr00</systemCode>
          <name>Foreign Relations Committee</name>
          <type>Standing</type>
          <activities>
            <item>
              <name>Referred to</name>
              <date>2017-03-14T19:44:41Z</date>
            </item>
          </activities>
          <chamber>Senate</chamber>
          <subcommittees />
        </item>
      </billCommittees>
    </committees>
  </bill>
  <dublinCore xmlns:dc="http://purl.org/dc/elements/1.1/">
    <dc:format>text/xml</dc:format>
    <dc:language>EN</dc:language>
    <dc:rights>Pursuant to Title 17 Section 105 of the United States Code, this file is not subject to copyright protection and is in the public domain.</dc:rights>
    <dc:contributor>Congressional Research Service, Library of Congress</dc:contributor>
    <dc:description>This file contains bill summaries and statuses for federal legislation. A bill summary describes the most significant provisions of a piece of legislation and details the effects the legislative text may have on current law and federal programs. Bill summaries are authored by the Congressional Research Service (CRS) of the Library of Congress. As stated in Public Law 91-510 (2 USC 166 (d)(6)), one of the duties of CRS is "to prepare summaries and digests of bills and resolutions of a public general nature introduced in the Senate or House of Representatives". For more information, refer to the User Guide that accompanies this file.</dc:description>
  </dublinCore>
</billStatus>

