<?xml version="1.0" encoding="UTF-8"?>
<billStatus>
  <bill>
    <createDate>2017-02-03T05:17:31Z</createDate>
    <billNumber>280</billNumber>
    <originChamber>Senate</originChamber>
    <cosponsors>
      <item>
        <sponsorshipWithdrawnDate />
        <lastName>Bennet</lastName>
        <firstName>Michael</firstName>
        <fullName>Sen. Bennet, Michael F. [D-CO]</fullName>
        <sponsorshipDate>2017-02-02</sponsorshipDate>
        <isOriginalCosponsor>True</isOriginalCosponsor>
        <bioguideId>B001267</bioguideId>
        <middleName>F.</middleName>
        <identifiers>
          <bioguideId>B001267</bioguideId>
          <gpoId>8302</gpoId>
          <lisID>1965</lisID>
        </identifiers>
        <state>CO</state>
        <party>D</party>
      </item>
    </cosponsors>
    <version>1.0.0</version>
    <laws />
    <sponsors>
      <item>
        <fullName>Sen. Gardner, Cory [R-CO]</fullName>
        <bioguideId>G000562</bioguideId>
        <lastName>Gardner</lastName>
        <middleName />
        <identifiers>
          <bioguideId>G000562</bioguideId>
          <gpoId>7862</gpoId>
          <lisID>1998</lisID>
        </identifiers>
        <firstName>Cory</firstName>
        <state>CO</state>
        <byRequestType />
        <party>R</party>
      </item>
    </sponsors>
    <committeeReports>
      <committeeReport>
        <citation>S. Rept. 115-45</citation>
      </committeeReport>
    </committeeReports>
    <notes />
    <summaries>
      <billSummaries>
        <item>
          <actionDate>2017-02-02</actionDate>
          <versionCode>00</versionCode>
          <text><![CDATA[<p><b>Crags, Colorado Land Exchange Act</b></p> <p>This bill directs the Department of Agriculture (USDA), if the Broadmoor Hotel, Inc., (BHI) offers to convey to the USDA 320 acres of specified nonfederal land in the Pike National Forest in Teller County, Colorado, and a permanent trail easement for the Barr Trail in El Paso County, Colorado, to accept the offer and convey to BHI 83 acres of specified federal land within the Forest, together with a nonexclusive perpetual access easement for BHI to and from such land on Forest Service Road 371. </p> <p>The nonexclusive perpetual access easement granted to BHI shall allow: (1) BHI to fully maintain, at its own expense, and use Forest Service Road 371 from its junction with Forest Service Road 368 in accordance with historic BHI use and maintenance patterns; and (2) full and continued public and administrative access and use of FSR 371 in accordance with the existing Forest Service travel management plan, or as it may be revised by USDA.</p> <p>The USDA shall determine the values of the lands to be exchanged through appraisals following specified requirements. The values shall be equal, or if they are not equal, equalized as prescribed by this bill.</p> <p>The Barr Trail easement donation shall not be appraised for purposes of this bill.</p> <p>The land acquired by the USDA under this bill shall become part of the Pike-San Isabel National Forest. </p>]]></text>
          <name>Introduced in Senate</name>
          <actionDesc>Introduced in Senate</actionDesc>
          <lastSummaryUpdateDate>2017-03-01T21:11:05Z</lastSummaryUpdateDate>
          <updateDate>2017-02-02T05:00:00Z</updateDate>
        </item>
        <item>
          <actionDate>2017-05-09</actionDate>
          <versionCode>80</versionCode>
          <text><![CDATA[<p>(This measure has not been amended since it was introduced. The summary has been expanded because action occurred on the measure.)</p> <p><b>Crags, Colorado Land Exchange Act</b></p> <p>(Sec. 4) This bill directs the Department of Agriculture (USDA), if the Broadmoor Hotel, Inc., (BHI) offers to convey to the USDA 320 acres of specified nonfederal land in the Pike National Forest in Teller County, Colorado, and a permanent trail easement for the Barr Trail in El Paso County, Colorado, to accept the offer and convey to BHI 83 acres of specified federal land within the Forest, together with a nonexclusive perpetual access easement for BHI to and from such land on Forest Service Road 371. </p> <p>The nonexclusive perpetual access easement granted to BHI shall allow: (1) BHI to fully maintain, at its own expense, and use Forest Service Road 371 from its junction with Forest Service Road 368 in accordance with historic BHI use and maintenance patterns; and (2) full and continued public and administrative access and use of FSR 371 in accordance with the existing Forest Service travel management plan, or as it may be revised by USDA.</p> <p>(Sec. 5) The USDA shall determine the values of the lands to be exchanged through appraisals following specified requirements. The values shall be equal, or if they are not equal, equalized as prescribed by this bill.</p> <p>The Barr Trail easement donation shall not be appraised for purposes of this bill.</p> <p>(Sec. 6) The land acquired by the USDA under this bill shall become part of the Pike-San Isabel National Forest. </p> <p>It is the intent of Congress that the land exchange directed by this bill be completed within one year of this bill's enactment. </p>]]></text>
          <name>Reported to Senate without amendment</name>
          <actionDesc>Reported to Senate without amendment</actionDesc>
          <lastSummaryUpdateDate>2017-06-01T19:56:17Z</lastSummaryUpdateDate>
          <updateDate>2017-05-09T13:49:48Z</updateDate>
        </item>
      </billSummaries>
    </summaries>
    <introducedDate>2017-02-02</introducedDate>
    <cboCostEstimates>
      <item>
        <title>S. 280, Crags, Colorado Land Exchange Act</title>
        <url>https://www.cbo.gov/publication/52619</url>
        <pubDate>2017-04-10T21:01:41Z</pubDate>
      </item>
    </cboCostEstimates>
    <relatedBills>
      <item>
        <latestTitle>Crags, Colorado Land Exchange Act of 2017</latestTitle>
        <latestAction>
          <actionDate>2017-05-09</actionDate>
          <text>Placed on Senate Legislative Calendar under General Orders. Calendar No. 69.</text>
        </latestAction>
        <congress>115</congress>
        <number>618</number>
        <type>HR</type>
        <relationshipDetails>
          <item>
            <type>Related bill</type>
            <identifiedBy>House</identifiedBy>
          </item>
          <item>
            <type>Related bill</type>
            <identifiedBy>CRS</identifiedBy>
          </item>
        </relationshipDetails>
      </item>
    </relatedBills>
    <committees>
      <billCommittees>
        <item>
          <activities>
            <item>
              <date>2017-05-09T15:18:53Z</date>
              <name>Reported by</name>
            </item>
            <item>
              <date>2017-03-30T13:30:00Z</date>
              <name>Markup by</name>
            </item>
            <item>
              <date>2017-02-02T18:32:04Z</date>
              <name>Referred to</name>
            </item>
          </activities>
          <chamber>Senate</chamber>
          <subcommittees />
          <systemCode>sseg00</systemCode>
          <name>Energy and Natural Resources Committee</name>
          <type>Standing</type>
        </item>
      </billCommittees>
    </committees>
    <subjects>
      <billSubjects>
        <policyArea>
          <name>Public Lands and Natural Resources</name>
        </policyArea>
        <legislativeSubjects>
          <item>
            <name>Colorado</name>
          </item>
          <item>
            <name>Forests, forestry, trees</name>
          </item>
          <item>
            <name>Land transfers</name>
          </item>
          <item>
            <name>Land use and conservation</name>
          </item>
        </legislativeSubjects>
      </billSubjects>
    </subjects>
    <policyArea>
      <name>Public Lands and Natural Resources</name>
    </policyArea>
    <recordedVotes />
    <latestAction>
      <actionDate>2017-05-09</actionDate>
      <text>Placed on Senate Legislative Calendar under General Orders. Calendar No. 58.</text>
      <links />
    </latestAction>
    <titles>
      <item>
        <title>Crags, Colorado Land Exchange Act</title>
        <parentTitleType />
        <titleType>(Extracted from GPO) Short Titles as Reported to Senate</titleType>
        <chamberCode>S</chamberCode>
        <chamberName>Senate</chamberName>
      </item>
      <item>
        <title>Crags, Colorado Land Exchange Act</title>
        <parentTitleType />
        <titleType>(Extracted from GPO) Short Titles as Introduced</titleType>
        <chamberCode />
        <chamberName />
      </item>
      <item>
        <title>Crags, Colorado Land Exchange Act</title>
        <parentTitleType>Short Titles Senate</parentTitleType>
        <titleType>Short Titles as Reported to Senate</titleType>
        <chamberCode>S</chamberCode>
        <chamberName>Senate</chamberName>
      </item>
      <item>
        <title>Crags, Colorado Land Exchange Act</title>
        <parentTitleType />
        <titleType>Short Titles as Introduced</titleType>
        <chamberCode />
        <chamberName />
      </item>
      <item>
        <title>A bill to authorize, direct, expedite, and facilitate a land exchange in El Paso and Teller Counties, Colorado, and for other purposes.</title>
        <parentTitleType />
        <titleType>Official Title as Introduced</titleType>
        <chamberCode />
        <chamberName />
      </item>
      <item>
        <title>Crags, Colorado Land Exchange Act</title>
        <parentTitleType />
        <titleType>Display Title</titleType>
        <chamberCode />
        <chamberName />
      </item>
    </titles>
    <amendments />
    <billType>S</billType>
    <calendarNumbers>
      <item>
        <calendar>Senate Calendar of Business</calendar>
        <number>0058</number>
      </item>
    </calendarNumbers>
    <title>Crags, Colorado Land Exchange Act</title>
    <congress>115</congress>
    <updateDate>2018-02-22T15:28:43Z</updateDate>
    <actions>
      <actionByCounts>
        <senate>6</senate>
      </actionByCounts>
      <actionTypeCounts>
        <placedOnCalendarGeneralOrders>1</placedOnCalendarGeneralOrders>
        <introducedInSenate>1</introducedInSenate>
        <orderedReported>1</orderedReported>
        <reportedToSenate>2</reportedToSenate>
        <referredToCommittee>1</referredToCommittee>
      </actionTypeCounts>
      <item>
        <actionDate>2017-05-09</actionDate>
        <committee />
        <links />
        <sourceSystem>
          <name>Senate</name>
          <code>0</code>
        </sourceSystem>
        <text>Placed on Senate Legislative Calendar under General Orders. Calendar No. 58.</text>
        <type>Calendars</type>
      </item>
      <item>
        <actionDate>2017-05-09</actionDate>
        <committee>
          <name>Energy and Natural Resources Committee</name>
          <systemCode>sseg00</systemCode>
        </committee>
        <links>
          <link>
            <name>report No. 115-45</name>
            <url>https://www.congress.gov/congressional-report/115th-congress/senate-report/45</url>
          </link>
        </links>
        <sourceSystem>
          <name>Senate</name>
          <code>0</code>
        </sourceSystem>
        <text>Committee on Energy and Natural Resources. Reported by Senator Murkowski without amendment. With written report No. 115-45.</text>
        <type>Committee</type>
      </item>
      <item>
        <text>Committee on Energy and Natural Resources. Reported by Senator Murkowski without amendment. With written report No. 115-45.</text>
        <type>Committee</type>
        <links>
          <link>
            <name>report No. 115-45</name>
            <url>https://www.congress.gov/congressional-report/115th-congress/senate-report/45</url>
          </link>
        </links>
        <sourceSystem>
          <name>Library of Congress</name>
          <code>9</code>
        </sourceSystem>
        <actionDate>2017-05-09</actionDate>
        <committee>
          <name>Energy and Natural Resources Committee</name>
          <systemCode>sseg00</systemCode>
        </committee>
        <actionCode>14000</actionCode>
      </item>
      <item>
        <actionDate>2017-03-30</actionDate>
        <committee>
          <name>Energy and Natural Resources Committee</name>
          <systemCode>sseg00</systemCode>
        </committee>
        <links />
        <sourceSystem>
          <name>Senate</name>
          <code>0</code>
        </sourceSystem>
        <text>Committee on Energy and Natural Resources. Ordered to be reported without amendment favorably.</text>
        <type>Committee</type>
      </item>
      <item>
        <actionDate>2017-02-02</actionDate>
        <committee>
          <name>Energy and Natural Resources Committee</name>
          <systemCode>sseg00</systemCode>
        </committee>
        <links />
        <sourceSystem>
          <name>Senate</name>
          <code>0</code>
        </sourceSystem>
        <text>Read twice and referred to the Committee on Energy and Natural Resources.</text>
        <type>IntroReferral</type>
      </item>
      <item>
        <text>Introduced in Senate</text>
        <type>IntroReferral</type>
        <links />
        <sourceSystem>
          <name>Library of Congress</name>
          <code>9</code>
        </sourceSystem>
        <actionDate>2017-02-02</actionDate>
        <committee />
        <actionCode>10000</actionCode>
      </item>
    </actions>
  </bill>
  <dublinCore xmlns:dc="http://purl.org/dc/elements/1.1/">
    <dc:format>text/xml</dc:format>
    <dc:language>EN</dc:language>
    <dc:rights>Pursuant to Title 17 Section 105 of the United States Code, this file is not subject to copyright protection and is in the public domain.</dc:rights>
    <dc:contributor>Congressional Research Service, Library of Congress</dc:contributor>
    <dc:description>This file contains bill summaries and statuses for federal legislation. A bill summary describes the most significant provisions of a piece of legislation and details the effects the legislative text may have on current law and federal programs. Bill summaries are authored by the Congressional Research Service (CRS) of the Library of Congress. As stated in Public Law 91-510 (2 USC 166 (d)(6)), one of the duties of CRS is "to prepare summaries and digests of bills and resolutions of a public general nature introduced in the Senate or House of Representatives". For more information, refer to the User Guide that accompanies this file.</dc:description>
  </dublinCore>
</billStatus>

