<?xml version="1.0" encoding="UTF-8"?>
<billStatus>
  <bill>
    <relatedBills>
      <item>
        <type>HR</type>
        <latestAction>
          <text>Referred to the Subcommittee on Federal Lands.</text>
          <actionDate>2017-08-01</actionDate>
        </latestAction>
        <latestTitle>Historic Routes Preservation Act</latestTitle>
        <relationshipDetails>
          <item>
            <type>Related bill</type>
            <identifiedBy>CRS</identifiedBy>
          </item>
        </relationshipDetails>
        <congress>115</congress>
        <number>3270</number>
      </item>
    </relatedBills>
    <originChamber>Senate</originChamber>
    <recordedVotes />
    <latestAction>
      <text>Committee on Energy and Natural Resources Subcommittee on Public Lands, Forests, and Mining. Hearings held.</text>
      <links />
      <actionDate>2017-07-26</actionDate>
    </latestAction>
    <createDate>2017-03-01T05:20:57Z</createDate>
    <title>Historic Routes Preservation Act</title>
    <summaries>
      <billSummaries>
        <item>
          <lastSummaryUpdateDate>2017-04-07T15:19:25Z</lastSummaryUpdateDate>
          <updateDate>2017-02-28T05:00:00Z</updateDate>
          <versionCode>00</versionCode>
          <text><![CDATA[<p><b>Historic Routes Preservation Act</b></p> <p>This bill allows any state, county, political subdivision or agency of a state, company, or other person that asserts public acceptance of a right-of-way granted for the construction of highways over public lands to file a claim within the 25-year period beginning on the date of enactment of this bill, unless such entity filed a notice of an intent to file suit with respect to a claim asserting the public acceptance of such a right-of-way before such date.</p> <p>The bill sets forth a procedure for conclusively verifying, proving, and establishing the acceptance of such rights-of-way.</p>]]></text>
          <name>Introduced in Senate</name>
          <actionDesc>Introduced in Senate</actionDesc>
          <actionDate>2017-02-28</actionDate>
        </item>
      </billSummaries>
    </summaries>
    <actions>
      <actionByCounts>
        <senate>3</senate>
      </actionByCounts>
      <actionTypeCounts>
        <referredToCommittee>1</referredToCommittee>
        <introducedInSenate>1</introducedInSenate>
        <hearingsHeld>1</hearingsHeld>
      </actionTypeCounts>
      <item>
        <actionDate>2017-07-26</actionDate>
        <committee>
          <name>Public Lands, Forests, and Mining Subcommittee</name>
          <systemCode>sseg03</systemCode>
        </committee>
        <links />
        <sourceSystem>
          <code>0</code>
          <name>Senate</name>
        </sourceSystem>
        <text>Committee on Energy and Natural Resources Subcommittee on Public Lands, Forests, and Mining. Hearings held.</text>
        <type>Committee</type>
      </item>
      <item>
        <actionDate>2017-02-28</actionDate>
        <committee>
          <name>Energy and Natural Resources Committee</name>
          <systemCode>sseg00</systemCode>
        </committee>
        <links />
        <sourceSystem>
          <code>0</code>
          <name>Senate</name>
        </sourceSystem>
        <text>Read twice and referred to the Committee on Energy and Natural Resources.</text>
        <type>IntroReferral</type>
      </item>
      <item>
        <text>Introduced in Senate</text>
        <links />
        <sourceSystem>
          <code>9</code>
          <name>Library of Congress</name>
        </sourceSystem>
        <actionCode>10000</actionCode>
        <type>IntroReferral</type>
        <committee />
        <actionDate>2017-02-28</actionDate>
      </item>
    </actions>
    <updateDate>2018-02-06T16:44:51Z</updateDate>
    <amendments />
    <notes />
    <sponsors>
      <item>
        <bioguideId>F000444</bioguideId>
        <middleName />
        <byRequestType />
        <firstName>JEFF</firstName>
        <lastName>FLAKE</lastName>
        <state>AZ</state>
        <party>R</party>
        <identifiers>
          <lisID>1633</lisID>
          <bioguideId>F000444</bioguideId>
          <gpoId>7803</gpoId>
        </identifiers>
        <fullName>Sen. Flake, Jeff [R-AZ]</fullName>
      </item>
    </sponsors>
    <committees>
      <billCommittees>
        <item>
          <chamber>Senate</chamber>
          <subcommittees>
            <item>
              <activities>
                <item>
                  <date>2017-07-26T13:45:50Z</date>
                  <name>Hearings by</name>
                </item>
              </activities>
              <systemCode>sseg03</systemCode>
              <name>Public Lands, Forests, and Mining Subcommittee</name>
            </item>
          </subcommittees>
          <type>Standing</type>
          <activities>
            <item>
              <date>2017-02-28T19:48:28Z</date>
              <name>Referred to</name>
            </item>
          </activities>
          <systemCode>sseg00</systemCode>
          <name>Energy and Natural Resources Committee</name>
        </item>
      </billCommittees>
    </committees>
    <cosponsors>
      <item>
        <identifiers>
          <bioguideId>M000303</bioguideId>
          <lisID>754</lisID>
          <gpoId>8253</gpoId>
        </identifiers>
        <bioguideId>M000303</bioguideId>
        <sponsorshipDate>2017-02-28</sponsorshipDate>
        <middleName>SIDNEY</middleName>
        <fullName>Sen. McCain, John [R-AZ]</fullName>
        <sponsorshipWithdrawnDate />
        <state>AZ</state>
        <party>R</party>
        <firstName>JOHN</firstName>
        <isOriginalCosponsor>True</isOriginalCosponsor>
        <lastName>MCCAIN</lastName>
      </item>
      <item>
        <identifiers>
          <lisID>1863</lisID>
          <gpoId>8060</gpoId>
          <bioguideId>H001041</bioguideId>
        </identifiers>
        <bioguideId>H001041</bioguideId>
        <sponsorshipDate>2017-02-28</sponsorshipDate>
        <middleName />
        <fullName>Sen. Heller, Dean [R-NV]</fullName>
        <sponsorshipWithdrawnDate />
        <state>NV</state>
        <party>R</party>
        <firstName>Dean</firstName>
        <isOriginalCosponsor>True</isOriginalCosponsor>
        <lastName>Heller</lastName>
      </item>
      <item>
        <identifiers>
          <lisID>1351</lisID>
          <bioguideId>H000338</bioguideId>
          <gpoId>8314</gpoId>
        </identifiers>
        <bioguideId>H000338</bioguideId>
        <sponsorshipDate>2017-02-28</sponsorshipDate>
        <middleName>GRANT</middleName>
        <fullName>Sen. Hatch, Orrin G. [R-UT]</fullName>
        <sponsorshipWithdrawnDate />
        <state>UT</state>
        <party>R</party>
        <firstName>ORRIN</firstName>
        <isOriginalCosponsor>True</isOriginalCosponsor>
        <lastName>HATCH</lastName>
      </item>
    </cosponsors>
    <laws />
    <policyArea>
      <name>Public Lands and Natural Resources</name>
    </policyArea>
    <cboCostEstimates />
    <billNumber>468</billNumber>
    <congress>115</congress>
    <version>1.0.0</version>
    <introducedDate>2017-02-28</introducedDate>
    <committeeReports />
    <titles>
      <item>
        <title>Historic Routes Preservation Act</title>
        <titleType>(Extracted from GPO) Short Titles as Introduced</titleType>
        <parentTitleType />
        <chamberCode />
        <chamberName />
      </item>
      <item>
        <title>Historic Routes Preservation Act</title>
        <titleType>Short Titles as Introduced</titleType>
        <parentTitleType />
        <chamberCode />
        <chamberName />
      </item>
      <item>
        <title>A bill to establish a procedure for resolving claims to certain rights-of-way.</title>
        <titleType>Official Title as Introduced</titleType>
        <parentTitleType />
        <chamberCode />
        <chamberName />
      </item>
      <item>
        <title>Historic Routes Preservation Act</title>
        <titleType>Display Title</titleType>
        <parentTitleType />
        <chamberCode />
        <chamberName />
      </item>
    </titles>
    <calendarNumbers />
    <subjects>
      <billSubjects>
        <legislativeSubjects>
          <item>
            <name>Administrative law and regulatory procedures</name>
          </item>
          <item>
            <name>Administrative remedies</name>
          </item>
          <item>
            <name>Congressional oversight</name>
          </item>
          <item>
            <name>Department of the Interior</name>
          </item>
          <item>
            <name>Government liability</name>
          </item>
          <item>
            <name>Judicial review and appeals</name>
          </item>
          <item>
            <name>Land use and conservation</name>
          </item>
          <item>
            <name>Roads and highways</name>
          </item>
        </legislativeSubjects>
        <policyArea>
          <name>Public Lands and Natural Resources</name>
        </policyArea>
      </billSubjects>
    </subjects>
    <billType>S</billType>
  </bill>
  <dublinCore xmlns:dc="http://purl.org/dc/elements/1.1/">
    <dc:format>text/xml</dc:format>
    <dc:language>EN</dc:language>
    <dc:rights>Pursuant to Title 17 Section 105 of the United States Code, this file is not subject to copyright protection and is in the public domain.</dc:rights>
    <dc:contributor>Congressional Research Service, Library of Congress</dc:contributor>
    <dc:description>This file contains bill summaries and statuses for federal legislation. A bill summary describes the most significant provisions of a piece of legislation and details the effects the legislative text may have on current law and federal programs. Bill summaries are authored by the Congressional Research Service (CRS) of the Library of Congress. As stated in Public Law 91-510 (2 USC 166 (d)(6)), one of the duties of CRS is "to prepare summaries and digests of bills and resolutions of a public general nature introduced in the Senate or House of Representatives". For more information, refer to the User Guide that accompanies this file.</dc:description>
  </dublinCore>
</billStatus>

