<?xml version="1.0" encoding="UTF-8"?>
<billStatus>
  <bill>
    <sponsors>
      <item>
        <fullName>Sen. Rubio, Marco [R-FL]</fullName>
        <lastName>Rubio</lastName>
        <bioguideId>R000595</bioguideId>
        <party>R</party>
        <middleName />
        <state>FL</state>
        <firstName>Marco</firstName>
        <byRequestType />
        <identifiers>
          <lisID>2084</lisID>
          <bioguideId>R000595</bioguideId>
          <gpoId>8242</gpoId>
        </identifiers>
      </item>
    </sponsors>
    <laws />
    <version>1.0.0</version>
    <introducedDate>2017-01-17</introducedDate>
    <cboCostEstimates />
    <titles>
      <item>
        <chamberCode />
        <title>A bill to require the Secretary of the Treasury to implement security measures in the electronic tax return filing process to prevent tax refund fraud from being perpetrated with electronic identity theft.</title>
        <titleType>Official Title as Introduced</titleType>
        <parentTitleType />
        <chamberName />
      </item>
      <item>
        <chamberCode />
        <title>A bill to require the Secretary of the Treasury to implement security measures in the electronic tax return filing process to prevent tax refund fraud from being perpetrated with electronic identity theft.</title>
        <titleType>Display Title</titleType>
        <parentTitleType />
        <chamberName />
      </item>
    </titles>
    <amendments />
    <recordedVotes />
    <relatedBills>
      <item>
        <congress>115</congress>
        <latestAction>
          <actionDate>2017-04-20</actionDate>
          <text>Referred to the House Committee on Ways and Means.</text>
        </latestAction>
        <type>HR</type>
        <latestTitle>To require the Secretary of the Treasury to implement security measures in the electronic tax return filing process to prevent tax refund fraud from being perpetrated with electronic identity theft.</latestTitle>
        <number>2114</number>
        <relationshipDetails>
          <item>
            <type>Related bill</type>
            <identifiedBy>CRS</identifiedBy>
          </item>
        </relationshipDetails>
      </item>
    </relatedBills>
    <congress>115</congress>
    <billType>S</billType>
    <actions>
      <actionByCounts>
        <senate>2</senate>
      </actionByCounts>
      <actionTypeCounts>
        <referredToCommittee>1</referredToCommittee>
        <introducedInSenate>1</introducedInSenate>
      </actionTypeCounts>
      <item>
        <actionDate>2017-01-17</actionDate>
        <committee>
          <name>Finance Committee</name>
          <systemCode>ssfi00</systemCode>
        </committee>
        <links />
        <sourceSystem>
          <code>0</code>
          <name>Senate</name>
        </sourceSystem>
        <text>Read twice and referred to the Committee on Finance.</text>
        <type>IntroReferral</type>
      </item>
      <item>
        <text>Introduced in Senate</text>
        <links />
        <sourceSystem>
          <code>9</code>
          <name>Library of Congress</name>
        </sourceSystem>
        <actionCode>10000</actionCode>
        <type>IntroReferral</type>
        <committee />
        <actionDate>2017-01-17</actionDate>
      </item>
    </actions>
    <notes />
    <originChamber>Senate</originChamber>
    <title>A bill to require the Secretary of the Treasury to implement security measures in the electronic tax return filing process to prevent tax refund fraud from being perpetrated with electronic identity theft.</title>
    <billNumber>156</billNumber>
    <cosponsors />
    <summaries>
      <billSummaries>
        <item>
          <lastSummaryUpdateDate>2017-02-08T22:20:32Z</lastSummaryUpdateDate>
          <updateDate>2017-01-17T05:00:00Z</updateDate>
          <versionCode>00</versionCode>
          <text><![CDATA[<p>This bill directs the Internal Revenue Service to implement security measures, including the use of security questions, in the electronic tax return filing process to prevent tax refund fraud from being perpetrated through electronic identity theft. </p>]]></text>
          <name>Introduced in Senate</name>
          <actionDesc>Introduced in Senate</actionDesc>
          <actionDate>2017-01-17</actionDate>
        </item>
      </billSummaries>
    </summaries>
    <policyArea>
      <name>Taxation</name>
    </policyArea>
    <latestAction>
      <links />
      <actionDate>2017-01-17</actionDate>
      <text>Read twice and referred to the Committee on Finance.</text>
    </latestAction>
    <updateDate>2018-02-06T16:44:32Z</updateDate>
    <committees>
      <billCommittees>
        <item>
          <chamber>Senate</chamber>
          <name>Finance Committee</name>
          <systemCode>ssfi00</systemCode>
          <activities>
            <item>
              <date>2017-01-17T20:47:47Z</date>
              <name>Referred to</name>
            </item>
          </activities>
          <type>Standing</type>
          <subcommittees />
        </item>
      </billCommittees>
    </committees>
    <createDate>2017-01-18T05:05:00Z</createDate>
    <subjects>
      <billSubjects>
        <legislativeSubjects>
          <item>
            <name>Computer security and identity theft</name>
          </item>
          <item>
            <name>Fraud offenses and financial crimes</name>
          </item>
          <item>
            <name>Tax administration and collection, taxpayers</name>
          </item>
        </legislativeSubjects>
        <policyArea>
          <name>Taxation</name>
        </policyArea>
      </billSubjects>
    </subjects>
    <committeeReports />
    <calendarNumbers />
  </bill>
  <dublinCore xmlns:dc="http://purl.org/dc/elements/1.1/">
    <dc:format>text/xml</dc:format>
    <dc:language>EN</dc:language>
    <dc:rights>Pursuant to Title 17 Section 105 of the United States Code, this file is not subject to copyright protection and is in the public domain.</dc:rights>
    <dc:contributor>Congressional Research Service, Library of Congress</dc:contributor>
    <dc:description>This file contains bill summaries and statuses for federal legislation. A bill summary describes the most significant provisions of a piece of legislation and details the effects the legislative text may have on current law and federal programs. Bill summaries are authored by the Congressional Research Service (CRS) of the Library of Congress. As stated in Public Law 91-510 (2 USC 166 (d)(6)), one of the duties of CRS is "to prepare summaries and digests of bills and resolutions of a public general nature introduced in the Senate or House of Representatives". For more information, refer to the User Guide that accompanies this file.</dc:description>
  </dublinCore>
</billStatus>

