<?xml version="1.0" encoding="UTF-8"?>
<billStatus>
  <bill>
    <policyArea>
      <name>Public Lands and Natural Resources</name>
    </policyArea>
    <calendarNumbers>
      <item>
        <calendar>Senate Calendar of Business</calendar>
        <number>0154</number>
      </item>
    </calendarNumbers>
    <actions>
      <actionByCounts>
        <senate>6</senate>
      </actionByCounts>
      <actionTypeCounts>
        <orderedReported>1</orderedReported>
        <referredToCommittee>1</referredToCommittee>
        <reportedToSenate>2</reportedToSenate>
        <placedOnCalendarGeneralOrders>1</placedOnCalendarGeneralOrders>
        <introducedInSenate>1</introducedInSenate>
      </actionTypeCounts>
      <item>
        <actionDate>2017-06-22</actionDate>
        <committee />
        <links />
        <sourceSystem>
          <name>Senate</name>
          <code>0</code>
        </sourceSystem>
        <text>Placed on Senate Legislative Calendar under General Orders. Calendar No. 154.</text>
        <type>Calendars</type>
      </item>
      <item>
        <actionDate>2017-06-22</actionDate>
        <committee>
          <name>Energy and Natural Resources Committee</name>
          <systemCode>sseg00</systemCode>
        </committee>
        <links>
          <link>
            <name>report No. 115-116</name>
            <url>https://www.congress.gov/congressional-report/115th-congress/senate-report/116</url>
          </link>
        </links>
        <sourceSystem>
          <name>Senate</name>
          <code>0</code>
        </sourceSystem>
        <text>Committee on Energy and Natural Resources. Reported by Senator Murkowski without amendment. With written report No. 115-116.</text>
        <type>Committee</type>
      </item>
      <item>
        <type>Committee</type>
        <text>Committee on Energy and Natural Resources. Reported by Senator Murkowski without amendment. With written report No. 115-116.</text>
        <sourceSystem>
          <name>Library of Congress</name>
          <code>9</code>
        </sourceSystem>
        <actionCode>14000</actionCode>
        <links>
          <link>
            <name>report No. 115-116</name>
            <url>https://www.congress.gov/congressional-report/115th-congress/senate-report/116</url>
          </link>
        </links>
        <committee>
          <name>Energy and Natural Resources Committee</name>
          <systemCode>sseg00</systemCode>
        </committee>
        <actionDate>2017-06-22</actionDate>
      </item>
      <item>
        <actionDate>2017-03-30</actionDate>
        <committee>
          <name>Energy and Natural Resources Committee</name>
          <systemCode>sseg00</systemCode>
        </committee>
        <links />
        <sourceSystem>
          <name>Senate</name>
          <code>0</code>
        </sourceSystem>
        <text>Committee on Energy and Natural Resources. Ordered to be reported without amendment favorably.</text>
        <type>Committee</type>
      </item>
      <item>
        <actionDate>2017-03-27</actionDate>
        <committee>
          <name>Energy and Natural Resources Committee</name>
          <systemCode>sseg00</systemCode>
        </committee>
        <links />
        <sourceSystem>
          <name>Senate</name>
          <code>0</code>
        </sourceSystem>
        <text>Read twice and referred to the Committee on Energy and Natural Resources.</text>
        <type>IntroReferral</type>
      </item>
      <item>
        <type>IntroReferral</type>
        <text>Introduced in Senate</text>
        <sourceSystem>
          <name>Library of Congress</name>
          <code>9</code>
        </sourceSystem>
        <actionCode>10000</actionCode>
        <links />
        <committee />
        <actionDate>2017-03-27</actionDate>
      </item>
    </actions>
    <latestAction>
      <text>Placed on Senate Legislative Calendar under General Orders. Calendar No. 154.</text>
      <actionDate>2017-06-22</actionDate>
      <links />
    </latestAction>
    <cboCostEstimates>
      <item>
        <url>https://www.cbo.gov/publication/52676</url>
        <pubDate>2017-05-01T15:00:18Z</pubDate>
        <title>S. 733, Sportsmen’s Act</title>
      </item>
    </cboCostEstimates>
    <recordedVotes />
    <titles>
      <item>
        <titleType>Short Titles as Reported to Senate</titleType>
        <chamberCode>S</chamberCode>
        <chamberName>Senate</chamberName>
        <title>Sportsmen's Act</title>
        <parentTitleType>Short Titles Senate</parentTitleType>
      </item>
      <item>
        <titleType>Short Titles as Introduced</titleType>
        <chamberCode />
        <chamberName />
        <title>Sportsmen's Act</title>
        <parentTitleType />
      </item>
      <item>
        <titleType>Official Title as Introduced</titleType>
        <chamberCode />
        <chamberName />
        <title>A bill to protect and enhance opportunities for recreational hunting, fishing, and shooting, and for other purposes.</title>
        <parentTitleType />
      </item>
      <item>
        <titleType>Display Title</titleType>
        <chamberCode />
        <chamberName />
        <title>Sportsmen's Act</title>
        <parentTitleType />
      </item>
      <item>
        <titleType>(Extracted from GPO) Short Titles as Reported to Senate</titleType>
        <chamberCode>S</chamberCode>
        <chamberName>Senate</chamberName>
        <title>Sportsmen's Act</title>
        <parentTitleType />
      </item>
      <item>
        <titleType>(Extracted from GPO) Short Titles as Introduced</titleType>
        <chamberCode />
        <chamberName />
        <title>Sportsmen's Act</title>
        <parentTitleType />
      </item>
    </titles>
    <billNumber>733</billNumber>
    <committeeReports>
      <committeeReport>
        <citation>S. Rept. 115-116</citation>
      </committeeReport>
    </committeeReports>
    <cosponsors>
      <item>
        <fullName>Sen. Heinrich, Martin [D-NM]</fullName>
        <firstName>Martin</firstName>
        <party>D</party>
        <identifiers>
          <bioguideId>H001046</bioguideId>
          <gpoId>8056</gpoId>
          <lisID>1937</lisID>
        </identifiers>
        <isOriginalCosponsor>True</isOriginalCosponsor>
        <middleName />
        <lastName>Heinrich</lastName>
        <bioguideId>H001046</bioguideId>
        <state>NM</state>
        <sponsorshipDate>2017-03-27</sponsorshipDate>
        <sponsorshipWithdrawnDate />
      </item>
      <item>
        <fullName>Sen. Risch, James E. [R-ID]</fullName>
        <firstName>James</firstName>
        <party>R</party>
        <identifiers>
          <bioguideId>R000584</bioguideId>
          <gpoId>8274</gpoId>
          <lisID>1896</lisID>
        </identifiers>
        <isOriginalCosponsor>True</isOriginalCosponsor>
        <middleName>E.</middleName>
        <lastName>Risch</lastName>
        <bioguideId>R000584</bioguideId>
        <state>ID</state>
        <sponsorshipDate>2017-03-27</sponsorshipDate>
        <sponsorshipWithdrawnDate />
      </item>
      <item>
        <fullName>Sen. Manchin, Joe, III [D-WV]</fullName>
        <firstName>Joe</firstName>
        <party>D</party>
        <identifiers>
          <gpoId>8256</gpoId>
          <lisID>1983</lisID>
          <bioguideId>M001183</bioguideId>
        </identifiers>
        <isOriginalCosponsor>True</isOriginalCosponsor>
        <middleName />
        <lastName>Manchin</lastName>
        <bioguideId>M001183</bioguideId>
        <state>WV</state>
        <sponsorshipDate>2017-03-27</sponsorshipDate>
        <sponsorshipWithdrawnDate />
      </item>
      <item>
        <fullName>Sen. Heitkamp, Heidi [D-ND]</fullName>
        <firstName>Heidi</firstName>
        <party>D</party>
        <identifiers>
          <lisID>2174</lisID>
          <gpoId />
          <bioguideId>H001069</bioguideId>
        </identifiers>
        <isOriginalCosponsor>True</isOriginalCosponsor>
        <middleName />
        <lastName>Heitkamp</lastName>
        <bioguideId>H001069</bioguideId>
        <state>ND</state>
        <sponsorshipDate>2017-03-27</sponsorshipDate>
        <sponsorshipWithdrawnDate />
      </item>
      <item>
        <fullName>Sen. Fischer, Deb [R-NE]</fullName>
        <firstName>Deb</firstName>
        <party>R</party>
        <identifiers>
          <gpoId />
          <lisID>2179</lisID>
          <bioguideId>F000463</bioguideId>
        </identifiers>
        <isOriginalCosponsor>False</isOriginalCosponsor>
        <middleName />
        <lastName>Fischer</lastName>
        <bioguideId>F000463</bioguideId>
        <state>NE</state>
        <sponsorshipDate>2017-03-28</sponsorshipDate>
        <sponsorshipWithdrawnDate />
      </item>
      <item>
        <fullName>Sen. Daines, Steve [R-MT]</fullName>
        <firstName>Steve</firstName>
        <party>R</party>
        <identifiers>
          <gpoId />
          <lisID>2138</lisID>
          <bioguideId>D000618</bioguideId>
        </identifiers>
        <isOriginalCosponsor>False</isOriginalCosponsor>
        <middleName />
        <lastName>Daines</lastName>
        <bioguideId>D000618</bioguideId>
        <state>MT</state>
        <sponsorshipDate>2017-03-30</sponsorshipDate>
        <sponsorshipWithdrawnDate />
      </item>
      <item>
        <fullName>Sen. Hoeven, John [R-ND]</fullName>
        <firstName>John</firstName>
        <party>R</party>
        <identifiers>
          <gpoId>8331</gpoId>
          <lisID>2079</lisID>
          <bioguideId>H001061</bioguideId>
        </identifiers>
        <isOriginalCosponsor>False</isOriginalCosponsor>
        <middleName />
        <lastName>Hoeven</lastName>
        <bioguideId>H001061</bioguideId>
        <state>ND</state>
        <sponsorshipDate>2017-03-30</sponsorshipDate>
        <sponsorshipWithdrawnDate />
      </item>
      <item>
        <fullName>Sen. Strange, Luther [R-AL]</fullName>
        <firstName>Luther</firstName>
        <party>R</party>
        <identifiers>
          <bioguideId>S001202</bioguideId>
          <lisID>2357</lisID>
          <gpoId />
        </identifiers>
        <isOriginalCosponsor>False</isOriginalCosponsor>
        <middleName />
        <lastName>Strange</lastName>
        <bioguideId>S001202</bioguideId>
        <state>AL</state>
        <sponsorshipDate>2017-03-30</sponsorshipDate>
        <sponsorshipWithdrawnDate />
      </item>
      <item>
        <fullName>Sen. Alexander, Lamar [R-TN]</fullName>
        <firstName>Lamar</firstName>
        <party>R</party>
        <identifiers>
          <bioguideId>A000360</bioguideId>
          <lisID>1695</lisID>
          <gpoId>8304</gpoId>
        </identifiers>
        <isOriginalCosponsor>False</isOriginalCosponsor>
        <middleName />
        <lastName>Alexander</lastName>
        <bioguideId>A000360</bioguideId>
        <state>TN</state>
        <sponsorshipDate>2017-04-03</sponsorshipDate>
        <sponsorshipWithdrawnDate />
      </item>
      <item>
        <fullName>Sen. Tester, Jon [D-MT]</fullName>
        <firstName>Jon</firstName>
        <party>D</party>
        <identifiers>
          <bioguideId>T000464</bioguideId>
          <lisID>1829</lisID>
          <gpoId>8258</gpoId>
        </identifiers>
        <isOriginalCosponsor>False</isOriginalCosponsor>
        <middleName />
        <lastName>Tester</lastName>
        <bioguideId>T000464</bioguideId>
        <state>MT</state>
        <sponsorshipDate>2017-04-05</sponsorshipDate>
        <sponsorshipWithdrawnDate />
      </item>
      <item>
        <fullName>Sen. McCaskill, Claire [D-MO]</fullName>
        <firstName>Claire</firstName>
        <party>D</party>
        <identifiers>
          <bioguideId>M001170</bioguideId>
          <lisID>1820</lisID>
          <gpoId>8252</gpoId>
        </identifiers>
        <isOriginalCosponsor>False</isOriginalCosponsor>
        <middleName />
        <lastName>McCaskill</lastName>
        <bioguideId>M001170</bioguideId>
        <state>MO</state>
        <sponsorshipDate>2017-04-05</sponsorshipDate>
        <sponsorshipWithdrawnDate />
      </item>
      <item>
        <fullName>Sen. Kaine, Tim [D-VA]</fullName>
        <firstName>Timothy</firstName>
        <party>D</party>
        <identifiers>
          <gpoId />
          <lisID>2176</lisID>
          <bioguideId>K000384</bioguideId>
        </identifiers>
        <isOriginalCosponsor>False</isOriginalCosponsor>
        <middleName />
        <lastName>Kaine</lastName>
        <bioguideId>K000384</bioguideId>
        <state>VA</state>
        <sponsorshipDate>2017-04-05</sponsorshipDate>
        <sponsorshipWithdrawnDate />
      </item>
      <item>
        <fullName>Sen. Klobuchar, Amy [D-MN]</fullName>
        <firstName>Amy</firstName>
        <party>D</party>
        <identifiers>
          <lisID>1826</lisID>
          <gpoId>8249</gpoId>
          <bioguideId>K000367</bioguideId>
        </identifiers>
        <isOriginalCosponsor>False</isOriginalCosponsor>
        <middleName />
        <lastName>Klobuchar</lastName>
        <bioguideId>K000367</bioguideId>
        <state>MN</state>
        <sponsorshipDate>2017-04-05</sponsorshipDate>
        <sponsorshipWithdrawnDate />
      </item>
      <item>
        <fullName>Sen. Portman, Rob [R-OH]</fullName>
        <firstName>ROB</firstName>
        <party>R</party>
        <identifiers>
          <bioguideId>P000449</bioguideId>
          <lisID>924</lisID>
          <gpoId>8266</gpoId>
        </identifiers>
        <isOriginalCosponsor>False</isOriginalCosponsor>
        <middleName />
        <lastName>PORTMAN</lastName>
        <bioguideId>P000449</bioguideId>
        <state>OH</state>
        <sponsorshipDate>2017-05-02</sponsorshipDate>
        <sponsorshipWithdrawnDate />
      </item>
      <item>
        <fullName>Sen. Donnelly, Joe [D-IN]</fullName>
        <firstName>Joe</firstName>
        <party>D</party>
        <identifiers>
          <lisID>1850</lisID>
          <gpoId>7941</gpoId>
          <bioguideId>D000607</bioguideId>
        </identifiers>
        <isOriginalCosponsor>False</isOriginalCosponsor>
        <middleName />
        <lastName>Donnelly</lastName>
        <bioguideId>D000607</bioguideId>
        <state>IN</state>
        <sponsorshipDate>2017-05-04</sponsorshipDate>
        <sponsorshipWithdrawnDate />
      </item>
    </cosponsors>
    <title>Sportsmen's Act</title>
    <subjects>
      <billSubjects>
        <policyArea>
          <name>Public Lands and Natural Resources</name>
        </policyArea>
        <legislativeSubjects>
          <item>
            <name>Advisory bodies</name>
          </item>
          <item>
            <name>Congressional oversight</name>
          </item>
          <item>
            <name>Firearms and explosives</name>
          </item>
          <item>
            <name>Forests, forestry, trees</name>
          </item>
          <item>
            <name>Government information and archives</name>
          </item>
          <item>
            <name>Government liability</name>
          </item>
          <item>
            <name>Hunting and fishing</name>
          </item>
          <item>
            <name>Land transfers</name>
          </item>
          <item>
            <name>Land use and conservation</name>
          </item>
          <item>
            <name>Outdoor recreation</name>
          </item>
          <item>
            <name>Parks, recreation areas, trails</name>
          </item>
          <item>
            <name>Photography and imaging</name>
          </item>
          <item>
            <name>Social work, volunteer service, charitable organizations</name>
          </item>
          <item>
            <name>Television and film</name>
          </item>
          <item>
            <name>User charges and fees</name>
          </item>
          <item>
            <name>Wilderness and natural areas, wildlife refuges, wild rivers, habitats</name>
          </item>
          <item>
            <name>Wildlife conservation and habitat protection</name>
          </item>
        </legislativeSubjects>
      </billSubjects>
    </subjects>
    <relatedBills>
      <item>
        <type>S</type>
        <latestTitle>Energy and Natural Resources Act of 2017</latestTitle>
        <congress>115</congress>
        <latestAction>
          <text>Committee on Energy and Natural Resources. Hearings held.</text>
          <actionDate>2017-09-19</actionDate>
        </latestAction>
        <number>1460</number>
        <relationshipDetails>
          <item>
            <type>Related bill</type>
            <identifiedBy>CRS</identifiedBy>
          </item>
        </relationshipDetails>
      </item>
      <item>
        <type>HR</type>
        <latestTitle>Authorizing Critical Conservation and Enabling Sportsmen and Sportswomen Act</latestTitle>
        <congress>115</congress>
        <latestAction>
          <text>Referred to the Subcommittee on Conservation and Forestry.</text>
          <actionDate>2017-12-21</actionDate>
        </latestAction>
        <number>4489</number>
        <relationshipDetails>
          <item>
            <type>Related bill</type>
            <identifiedBy>CRS</identifiedBy>
          </item>
        </relationshipDetails>
      </item>
    </relatedBills>
    <amendments />
    <committees>
      <billCommittees>
        <item>
          <type>Standing</type>
          <chamber>Senate</chamber>
          <name>Energy and Natural Resources Committee</name>
          <activities>
            <item>
              <name>Reported by</name>
              <date>2017-06-22T17:11:37Z</date>
            </item>
            <item>
              <name>Markup by</name>
              <date>2017-03-30T13:30:00Z</date>
            </item>
            <item>
              <name>Referred to</name>
              <date>2017-03-27T20:43:19Z</date>
            </item>
          </activities>
          <subcommittees />
          <systemCode>sseg00</systemCode>
        </item>
      </billCommittees>
    </committees>
    <congress>115</congress>
    <laws />
    <updateDate>2018-02-28T16:30:11Z</updateDate>
    <sponsors>
      <item>
        <lastName>Murkowski</lastName>
        <middleName />
        <firstName>Lisa</firstName>
        <party>R</party>
        <bioguideId>M001153</bioguideId>
        <identifiers>
          <lisID>1694</lisID>
          <gpoId>8234</gpoId>
          <bioguideId>M001153</bioguideId>
        </identifiers>
        <byRequestType />
        <state>AK</state>
        <fullName>Sen. Murkowski, Lisa [R-AK]</fullName>
      </item>
    </sponsors>
    <summaries>
      <billSummaries>
        <item>
          <updateDate>2017-03-27T04:00:00Z</updateDate>
          <actionDesc>Introduced in Senate</actionDesc>
          <versionCode>00</versionCode>
          <lastSummaryUpdateDate>2017-07-20T21:01:40Z</lastSummaryUpdateDate>
          <name>Introduced in Senate</name>
          <actionDate>2017-03-27</actionDate>
          <text><![CDATA[<p><b>Sportsmen's Act</b></p> This bill declares that federal land must be open for hunting, fishing, and recreational shooting unless the managing agency acts to close the lands in accordance with this bill. <p>The Forest Service or the Bureau of Land Management (BLM) may lease or permit the use of federal land for a shooting range, with specified exceptions.</p> <p> The National Park Service (NPS), the U.S. Fish and Wildlife Service, the BLM, and the Forest Service must prepare a list that identifies land within their respective jurisdictions that is: (1) open to the public for hunting, fishing, or recreational uses; (2) not accessible to the public because the land does not have public entry or exit points or has significantly restricted public entry and exit points; and (3) at a minimum, 640 acres in size. Those federal entities must: (1) make this information available biennially for a 10-year period, and (2) report on options for providing public entry and exit points for the land.</p> <p> The bill provides special rules to expand access to federal land for film crews of three people or fewer. </p> <p>The bill establishes a Wildlife and Hunting Heritage Conservation Council Advisory Committee to advise the Departments of Agriculture and of the Interior on wildlife and habitat conservation, hunting, and recreational shooting. </p> <p>The NPS may not prohibit individuals from transporting bows and crossbows if certain requirements are met. </p>]]></text>
        </item>
        <item>
          <updateDate>2017-06-22T16:11:53Z</updateDate>
          <actionDesc>Reported to Senate without amendment</actionDesc>
          <versionCode>80</versionCode>
          <lastSummaryUpdateDate>2017-08-16T18:13:55Z</lastSummaryUpdateDate>
          <name>Reported to Senate without amendment</name>
          <actionDate>2017-06-22</actionDate>
          <text><![CDATA[<p>(This measure has not been amended since it was introduced. The summary has been expanded because action occurred on the measure.)</p> <p><b>Sportsmen's Act</b></p> <p>TITLE I--NATIONAL POLICY</p> <p>(Sec. 101) This bill states U.S. policy that federal departments and agencies must: </p> <ul> <li>facilitate the expansion and enhancement of hunting, noncommercial fishing, and recreational shooting opportunities on federal land; </li> <li>conserve and enhance aquatic systems and the management of game species and the habitat of those species on federal land; and </li> <li>consider hunting, noncommercial fishing, and recreational shooting opportunities as part of all federal plans for land, resource, and travel management. </li> </ul> <p>TITLE II--SPORTSMEN'S ACCESS TO FEDERAL LAND</p> <p>(Sec. 202) This bill declares that federal land must be open for hunting, noncommercial fishing, and recreational shooting unless the managing agency acts to close the lands. The bill establishes procedures for closing the land, including reporting on the closures.</p> <p>(Sec. 204) The Forest Service or the Bureau of Land Management (BLM) may lease or permit the use of federal land for a shooting range, except land within: </p> <ul> <li>a component of the National Landscape Conservation System; </li> <li>a component of the National Wilderness Preservation System; </li> <li>any area that is designated as a wilderness study area, administratively classified as wilderness-eligible or wilderness-suitable, or a primitive or semiprimitive area; </li> <li>a national monument, national volcanic monument, or national scenic area; or </li> <li>a component of the National Wild and Scenic Rivers System (including areas designated for study for potential addition to the system). </li> </ul> <p>(Sec. 205) The bill amends the Equal Access to Justice Act and the federal judicial code to require the Administrative Conference of the United States to: (1) submit an annual report on the amount of fees and other expenses awarded to prevailing private parties in litigation involving the United States; and (2) create and maintain a searchable, online database containing specified information with respect to each award. (The Equal Access to Justice Act allows a prevailing party to recover costs and attorneys' fees against the United States in both administrative and judicial proceedings, if the position of the United States was not substantially justified.)</p> <p> (Sec. 206) The National Park Service (NPS), the U.S. Fish and Wildlife Service, the BLM, and the Forest Service must prepare a list that identifies land within their respective jurisdictions that is: (1) open to the public for hunting, noncommercial fishing, or recreational uses; (2) not accessible to the public because the land does not have public entry or exit points or has significantly restricted public entry and exit points; and (3) at a minimum, 640 acres in size. Those federal entities must: (1) make this information available biennially for a 10-year period, and (2) report on options for providing public entry and exit points for the land. </p> <p>(Sec. 207) The bill amends the Federal Land Transaction Facilitation Act, including by permanently authorizing the Department of the Interior to sell or exchange certain public land and use the proceeds from those sales or exchanges for acquiring land that is an inholding or adjacent to federally designated areas that contain exceptional resources. </p> <p>TITLE III--FILMING ON FEDERAL LAND MANAGEMENT AGENCY LAND</p> <p>(Sec. 301) The bill requires the Departments of Agriculture (USDA) and of the Interior to establish a fee schedule for commercial filming and still photography operations on federal land and to provide special rules to exempt film crews of three people or fewer from paying fees under such schedule. </p> <p>TITLE IV--WILDLIFE AND HABITAT CONSERVATION</p> <p>(Sec. 401) The bill amends the Pittman-Robertson Wildlife Restoration Act to facilitate the construction and expansion of public target ranges by: (1) authorizing a state to pay up to 90% of the costs of acquiring land for, expanding, or constructing a public target range; (2) authorizing a state to elect to allocate 10% of a specified amount apportioned to it from the wildlife restoration fund for those costs; (3) limiting the federal share of those costs under such Act to 90%; and (4) requiring amounts provided for those costs under such Act to remain available for expenditure and obligation for five fiscal years. </p> <p>The bill urges Interior and USDA to cooperate with state and local authorities and other entities to carry out waste removal and other activities on any federal land used as a public target range to encourage its continued use for target practice or marksmanship training.</p> <p>(Sec. 402) The bill establishes a Wildlife and Hunting Heritage Conservation Council Advisory Committee to advise USDA and Interior on wildlife and habitat conservation, hunting, and recreational shooting. </p> <p>Among its duties, the Advisory Committee shall advise USDA and Interior on: </p> <ul> <li>implementation of the Recreational Hunting and Wildlife Resource Conservation Plan--A Ten-Year Plan for Implementation, and any successor plans, in accordance with Executive Order 13443 (relating to the facilitation of hunting heritage and wildlife conservation); </li> <li>increasing public awareness of, and support for, the Wildlife Restoration Program;</li> <li>fostering wildlife and habitat conservation and ethics in hunting and shooting sports recreation; </li> <li>fostering communication and coordination among the federal government and state and tribal governments, industry, sportsmen and sportswomen who hunt and shoot, wildlife and habitat conservation and management organizations, and the public;</li> <li>providing access to federal land for recreational shooting and hunting; and </li> <li>improving the implementation of federal conservation programs that benefit wildlife, hunting, and outdoor recreation on private land. </li> </ul> <p>TITLE V--BOWS AND WILDLIFE MANAGEMENT</p> <p>(Sec. 501) The NPS may not prohibit individuals from transporting bows and crossbows in the national park system if certain requirements are met. </p> <p>(Sec. 502) The NPS may use qualified volunteers to assist in wildlife management efforts in reducing the size of wildlife populations in the national park system.</p> <p>TITLE VI--MISCELLANEOUS</p> <p> (Sec. 601) The bill does not modify the rights of Indian tribes or federal law relating to migratory birds or endangered or threatened species. </p> <p> (Sec. 602) The bill does not provide a preference for hunting, noncommercial fishing, or recreational shooting over any other use of federal land or water. </p> <p>(Sec. 603) The bill does not: (1) authorize USDA or Interior to require federal licenses or permits for hunting and fishing on federal land, or (2) enlarge or diminish the responsibility or authority of states to manage fish and wildlife. </p>]]></text>
        </item>
      </billSummaries>
    </summaries>
    <introducedDate>2017-03-27</introducedDate>
    <originChamber>Senate</originChamber>
    <version>1.0.0</version>
    <createDate>2017-03-28T05:32:35Z</createDate>
    <billType>S</billType>
    <notes />
  </bill>
  <dublinCore xmlns:dc="http://purl.org/dc/elements/1.1/">
    <dc:format>text/xml</dc:format>
    <dc:language>EN</dc:language>
    <dc:rights>Pursuant to Title 17 Section 105 of the United States Code, this file is not subject to copyright protection and is in the public domain.</dc:rights>
    <dc:contributor>Congressional Research Service, Library of Congress</dc:contributor>
    <dc:description>This file contains bill summaries and statuses for federal legislation. A bill summary describes the most significant provisions of a piece of legislation and details the effects the legislative text may have on current law and federal programs. Bill summaries are authored by the Congressional Research Service (CRS) of the Library of Congress. As stated in Public Law 91-510 (2 USC 166 (d)(6)), one of the duties of CRS is "to prepare summaries and digests of bills and resolutions of a public general nature introduced in the Senate or House of Representatives". For more information, refer to the User Guide that accompanies this file.</dc:description>
  </dublinCore>
</billStatus>

