<?xml version="1.0" encoding="UTF-8"?>
<billStatus>
  <bill>
    <notes />
    <cosponsors>
      <item>
        <party>R</party>
        <fullName>Sen. Capito, Shelley Moore [R-WV]</fullName>
        <sponsorshipWithdrawnDate />
        <lastName>CAPITO</lastName>
        <sponsorshipDate>2017-03-30</sponsorshipDate>
        <identifiers>
          <lisID>1676</lisID>
          <bioguideId>C001047</bioguideId>
          <gpoId>8223</gpoId>
        </identifiers>
        <isOriginalCosponsor>True</isOriginalCosponsor>
        <firstName>SHELLEY</firstName>
        <middleName>MOORE</middleName>
        <bioguideId>C001047</bioguideId>
        <state>WV</state>
      </item>
      <item>
        <party>D</party>
        <fullName>Sen. Cantwell, Maria [D-WA]</fullName>
        <sponsorshipWithdrawnDate />
        <lastName>CANTWELL</lastName>
        <sponsorshipDate>2017-03-30</sponsorshipDate>
        <identifiers>
          <bioguideId>C000127</bioguideId>
          <gpoId>8288</gpoId>
          <lisID>172</lisID>
        </identifiers>
        <isOriginalCosponsor>True</isOriginalCosponsor>
        <firstName>MARIA</firstName>
        <middleName />
        <bioguideId>C000127</bioguideId>
        <state>WA</state>
      </item>
      <item>
        <party>R</party>
        <fullName>Sen. McCain, John [R-AZ]</fullName>
        <sponsorshipWithdrawnDate />
        <lastName>MCCAIN</lastName>
        <sponsorshipDate>2017-03-30</sponsorshipDate>
        <identifiers>
          <gpoId>8253</gpoId>
          <lisID>754</lisID>
          <bioguideId>M000303</bioguideId>
        </identifiers>
        <isOriginalCosponsor>True</isOriginalCosponsor>
        <firstName>JOHN</firstName>
        <middleName>SIDNEY</middleName>
        <bioguideId>M000303</bioguideId>
        <state>AZ</state>
      </item>
      <item>
        <party>D</party>
        <fullName>Sen. Peters, Gary C. [D-MI]</fullName>
        <sponsorshipWithdrawnDate />
        <lastName>Peters</lastName>
        <sponsorshipDate>2017-03-30</sponsorshipDate>
        <identifiers>
          <lisID>1929</lisID>
          <gpoId>7994</gpoId>
          <bioguideId>P000595</bioguideId>
        </identifiers>
        <isOriginalCosponsor>True</isOriginalCosponsor>
        <firstName>Gary</firstName>
        <middleName>C.</middleName>
        <bioguideId>P000595</bioguideId>
        <state>MI</state>
      </item>
      <item>
        <party>R</party>
        <fullName>Sen. Inhofe, James M. [R-OK]</fullName>
        <sponsorshipWithdrawnDate />
        <lastName>INHOFE</lastName>
        <sponsorshipDate>2017-03-30</sponsorshipDate>
        <identifiers>
          <gpoId>8322</gpoId>
          <lisID>583</lisID>
          <bioguideId>I000024</bioguideId>
        </identifiers>
        <isOriginalCosponsor>True</isOriginalCosponsor>
        <firstName>JIM</firstName>
        <middleName />
        <bioguideId>I000024</bioguideId>
        <state>OK</state>
      </item>
      <item>
        <party>D</party>
        <fullName>Sen. Whitehouse, Sheldon [D-RI]</fullName>
        <sponsorshipWithdrawnDate />
        <lastName>Whitehouse</lastName>
        <sponsorshipDate>2017-03-30</sponsorshipDate>
        <identifiers>
          <lisID>1823</lisID>
          <bioguideId>W000802</bioguideId>
          <gpoId>8264</gpoId>
        </identifiers>
        <isOriginalCosponsor>True</isOriginalCosponsor>
        <firstName>Sheldon</firstName>
        <middleName />
        <bioguideId>W000802</bioguideId>
        <state>RI</state>
      </item>
      <item>
        <party>R</party>
        <fullName>Sen. Wicker, Roger F. [R-MS]</fullName>
        <sponsorshipWithdrawnDate />
        <lastName>WICKER</lastName>
        <sponsorshipDate>2017-03-30</sponsorshipDate>
        <identifiers>
          <gpoId>8263</gpoId>
          <lisID>1226</lisID>
          <bioguideId>W000437</bioguideId>
        </identifiers>
        <isOriginalCosponsor>True</isOriginalCosponsor>
        <firstName>ROGER</firstName>
        <middleName>F.</middleName>
        <bioguideId>W000437</bioguideId>
        <state>MS</state>
      </item>
      <item>
        <party>D</party>
        <fullName>Sen. Blumenthal, Richard [D-CT]</fullName>
        <sponsorshipWithdrawnDate />
        <lastName>Blumenthal</lastName>
        <sponsorshipDate>2017-03-30</sponsorshipDate>
        <identifiers>
          <bioguideId>B001277</bioguideId>
          <lisID>2076</lisID>
          <gpoId>8332</gpoId>
        </identifiers>
        <isOriginalCosponsor>True</isOriginalCosponsor>
        <firstName>Richard</firstName>
        <middleName />
        <bioguideId>B001277</bioguideId>
        <state>CT</state>
      </item>
      <item>
        <party>R</party>
        <fullName>Sen. Portman, Rob [R-OH]</fullName>
        <sponsorshipWithdrawnDate />
        <lastName>PORTMAN</lastName>
        <sponsorshipDate>2017-03-30</sponsorshipDate>
        <identifiers>
          <bioguideId>P000449</bioguideId>
          <lisID>924</lisID>
          <gpoId>8266</gpoId>
        </identifiers>
        <isOriginalCosponsor>True</isOriginalCosponsor>
        <firstName>ROB</firstName>
        <middleName />
        <bioguideId>P000449</bioguideId>
        <state>OH</state>
      </item>
      <item>
        <party>D</party>
        <fullName>Sen. Schatz, Brian [D-HI]</fullName>
        <sponsorshipWithdrawnDate />
        <lastName>Schatz</lastName>
        <sponsorshipDate>2017-03-30</sponsorshipDate>
        <identifiers>
          <gpoId />
          <lisID>2173</lisID>
          <bioguideId>S001194</bioguideId>
        </identifiers>
        <isOriginalCosponsor>True</isOriginalCosponsor>
        <firstName>Brian</firstName>
        <middleName />
        <bioguideId>S001194</bioguideId>
        <state>HI</state>
      </item>
      <item>
        <party>D</party>
        <fullName>Sen. Merkley, Jeff [D-OR]</fullName>
        <sponsorshipWithdrawnDate />
        <lastName>Merkley</lastName>
        <sponsorshipDate>2017-10-30</sponsorshipDate>
        <identifiers>
          <lisID>1900</lisID>
          <gpoId>8238</gpoId>
          <bioguideId>M001176</bioguideId>
        </identifiers>
        <isOriginalCosponsor>False</isOriginalCosponsor>
        <firstName>Jeff</firstName>
        <middleName />
        <bioguideId>M001176</bioguideId>
        <state>OR</state>
      </item>
      <item>
        <party>D</party>
        <fullName>Sen. Tester, Jon [D-MT]</fullName>
        <sponsorshipWithdrawnDate />
        <lastName>Tester</lastName>
        <sponsorshipDate>2017-10-30</sponsorshipDate>
        <identifiers>
          <bioguideId>T000464</bioguideId>
          <gpoId>8258</gpoId>
          <lisID>1829</lisID>
        </identifiers>
        <isOriginalCosponsor>False</isOriginalCosponsor>
        <firstName>Jon</firstName>
        <middleName />
        <bioguideId>T000464</bioguideId>
        <state>MT</state>
      </item>
      <item>
        <party>D</party>
        <fullName>Sen. Heinrich, Martin [D-NM]</fullName>
        <sponsorshipWithdrawnDate />
        <lastName>Heinrich</lastName>
        <sponsorshipDate>2017-10-30</sponsorshipDate>
        <identifiers>
          <bioguideId>H001046</bioguideId>
          <lisID>1937</lisID>
          <gpoId>8056</gpoId>
        </identifiers>
        <isOriginalCosponsor>False</isOriginalCosponsor>
        <firstName>Martin</firstName>
        <middleName />
        <bioguideId>H001046</bioguideId>
        <state>NM</state>
      </item>
      <item>
        <party>D</party>
        <fullName>Sen. Van Hollen, Chris [D-MD]</fullName>
        <sponsorshipWithdrawnDate />
        <lastName>Van Hollen</lastName>
        <sponsorshipDate>2017-10-30</sponsorshipDate>
        <identifiers>
          <bioguideId>V000128</bioguideId>
          <lisID>1729</lisID>
          <gpoId>7983</gpoId>
        </identifiers>
        <isOriginalCosponsor>False</isOriginalCosponsor>
        <firstName>Chris</firstName>
        <middleName />
        <bioguideId>V000128</bioguideId>
        <state>MD</state>
      </item>
      <item>
        <party>D</party>
        <fullName>Sen. Gillibrand, Kirsten E. [D-NY]</fullName>
        <sponsorshipWithdrawnDate />
        <lastName>Gillibrand</lastName>
        <sponsorshipDate>2017-10-30</sponsorshipDate>
        <identifiers>
          <bioguideId>G000555</bioguideId>
          <gpoId>8336</gpoId>
          <lisID>1866</lisID>
        </identifiers>
        <isOriginalCosponsor>False</isOriginalCosponsor>
        <firstName>Kirsten</firstName>
        <middleName>E.</middleName>
        <bioguideId>G000555</bioguideId>
        <state>NY</state>
      </item>
      <item>
        <party>D</party>
        <fullName>Sen. Menendez, Robert [D-NJ]</fullName>
        <sponsorshipWithdrawnDate />
        <lastName>MENENDEZ</lastName>
        <sponsorshipDate>2017-10-30</sponsorshipDate>
        <identifiers>
          <gpoId>8239</gpoId>
          <bioguideId>M000639</bioguideId>
          <lisID>791</lisID>
        </identifiers>
        <isOriginalCosponsor>False</isOriginalCosponsor>
        <firstName>ROBERT</firstName>
        <middleName />
        <bioguideId>M000639</bioguideId>
        <state>NJ</state>
      </item>
      <item>
        <party>D</party>
        <fullName>Sen. Baldwin, Tammy [D-WI]</fullName>
        <sponsorshipWithdrawnDate />
        <lastName>BALDWIN</lastName>
        <sponsorshipDate>2017-10-30</sponsorshipDate>
        <identifiers>
          <lisID>1558</lisID>
          <gpoId>8215</gpoId>
          <bioguideId>B001230</bioguideId>
        </identifiers>
        <isOriginalCosponsor>False</isOriginalCosponsor>
        <firstName>TAMMY</firstName>
        <middleName />
        <bioguideId>B001230</bioguideId>
        <state>WI</state>
      </item>
      <item>
        <party>D</party>
        <fullName>Sen. Coons, Christopher A. [D-DE]</fullName>
        <sponsorshipWithdrawnDate />
        <lastName>Coons</lastName>
        <sponsorshipDate>2017-10-30</sponsorshipDate>
        <identifiers>
          <bioguideId>C001088</bioguideId>
          <lisID>1984</lisID>
          <gpoId>8297</gpoId>
        </identifiers>
        <isOriginalCosponsor>False</isOriginalCosponsor>
        <firstName>Christopher</firstName>
        <middleName>A.</middleName>
        <bioguideId>C001088</bioguideId>
        <state>DE</state>
      </item>
      <item>
        <party>D</party>
        <fullName>Sen. Feinstein, Dianne [D-CA]</fullName>
        <sponsorshipWithdrawnDate />
        <lastName>FEINSTEIN</lastName>
        <sponsorshipDate>2017-10-31</sponsorshipDate>
        <identifiers>
          <bioguideId>F000062</bioguideId>
          <lisID>1332</lisID>
          <gpoId>8338</gpoId>
        </identifiers>
        <isOriginalCosponsor>False</isOriginalCosponsor>
        <firstName>DIANNE</firstName>
        <middleName />
        <bioguideId>F000062</bioguideId>
        <state>CA</state>
      </item>
      <item>
        <party>D</party>
        <fullName>Sen. Brown, Sherrod [D-OH]</fullName>
        <sponsorshipWithdrawnDate />
        <lastName>BROWN</lastName>
        <sponsorshipDate>2017-11-09</sponsorshipDate>
        <identifiers>
          <bioguideId>B000944</bioguideId>
          <lisID>136</lisID>
          <gpoId>8309</gpoId>
        </identifiers>
        <isOriginalCosponsor>False</isOriginalCosponsor>
        <firstName>SHERROD</firstName>
        <middleName />
        <bioguideId>B000944</bioguideId>
        <state>OH</state>
      </item>
      <item>
        <party>D</party>
        <fullName>Sen. Casey, Robert P., Jr. [D-PA]</fullName>
        <sponsorshipWithdrawnDate />
        <lastName>Casey</lastName>
        <sponsorshipDate>2017-11-09</sponsorshipDate>
        <identifiers>
          <lisID>1828</lisID>
          <gpoId>8282</gpoId>
          <bioguideId>C001070</bioguideId>
        </identifiers>
        <isOriginalCosponsor>False</isOriginalCosponsor>
        <firstName>Bob</firstName>
        <middleName />
        <bioguideId>C001070</bioguideId>
        <state>PA</state>
      </item>
      <item>
        <party>D</party>
        <fullName>Sen. Harris, Kamala D. [D-CA]</fullName>
        <sponsorshipWithdrawnDate />
        <lastName>Harris</lastName>
        <sponsorshipDate>2017-11-16</sponsorshipDate>
        <identifiers>
          <bioguideId>H001075</bioguideId>
          <lisID>2301</lisID>
          <gpoId />
        </identifiers>
        <isOriginalCosponsor>False</isOriginalCosponsor>
        <firstName>Kamala</firstName>
        <middleName>D.</middleName>
        <bioguideId>H001075</bioguideId>
        <state>CA</state>
      </item>
      <item>
        <party>I</party>
        <fullName>Sen. Sanders, Bernard [I-VT]</fullName>
        <sponsorshipWithdrawnDate />
        <lastName>SANDERS</lastName>
        <sponsorshipDate>2017-11-28</sponsorshipDate>
        <identifiers>
          <bioguideId>S000033</bioguideId>
          <lisID>1010</lisID>
          <gpoId>8270</gpoId>
        </identifiers>
        <isOriginalCosponsor>False</isOriginalCosponsor>
        <firstName>BERNARD</firstName>
        <middleName />
        <bioguideId>S000033</bioguideId>
        <state>VT</state>
      </item>
      <item>
        <party>D</party>
        <fullName>Sen. Leahy, Patrick J. [D-VT]</fullName>
        <sponsorshipWithdrawnDate />
        <lastName>LEAHY</lastName>
        <sponsorshipDate>2017-12-12</sponsorshipDate>
        <identifiers>
          <lisID>1383</lisID>
          <gpoId>8244</gpoId>
          <bioguideId>L000174</bioguideId>
        </identifiers>
        <isOriginalCosponsor>False</isOriginalCosponsor>
        <firstName>PATRICK</firstName>
        <middleName>JOSEPH</middleName>
        <bioguideId>L000174</bioguideId>
        <state>VT</state>
      </item>
      <item>
        <party>D</party>
        <fullName>Sen. Cardin, Benjamin L. [D-MD]</fullName>
        <sponsorshipWithdrawnDate />
        <lastName>CARDIN</lastName>
        <sponsorshipDate>2017-12-12</sponsorshipDate>
        <identifiers>
          <bioguideId>C000141</bioguideId>
          <lisID>174</lisID>
          <gpoId>8287</gpoId>
        </identifiers>
        <isOriginalCosponsor>False</isOriginalCosponsor>
        <firstName>BENJAMIN</firstName>
        <middleName>L.</middleName>
        <bioguideId>C000141</bioguideId>
        <state>MD</state>
      </item>
      <item>
        <party>R</party>
        <fullName>Sen. Boozman, John [R-AR]</fullName>
        <sponsorshipWithdrawnDate />
        <lastName>Boozman</lastName>
        <sponsorshipDate>2017-12-12</sponsorshipDate>
        <identifiers>
          <bioguideId>B001236</bioguideId>
          <gpoId>8247</gpoId>
          <lisID>1687</lisID>
        </identifiers>
        <isOriginalCosponsor>False</isOriginalCosponsor>
        <firstName>John</firstName>
        <middleName />
        <bioguideId>B001236</bioguideId>
        <state>AR</state>
      </item>
      <item>
        <party>D</party>
        <fullName>Sen. Udall, Tom [D-NM]</fullName>
        <sponsorshipWithdrawnDate />
        <lastName>UDALL</lastName>
        <sponsorshipDate>2017-12-19</sponsorshipDate>
        <identifiers>
          <bioguideId>U000039</bioguideId>
          <lisID>1567</lisID>
          <gpoId>8260</gpoId>
        </identifiers>
        <isOriginalCosponsor>False</isOriginalCosponsor>
        <firstName>TOM</firstName>
        <middleName />
        <bioguideId>U000039</bioguideId>
        <state>NM</state>
      </item>
      <item>
        <party>D</party>
        <fullName>Sen. Hirono, Mazie K. [D-HI]</fullName>
        <sponsorshipWithdrawnDate />
        <lastName>Hirono</lastName>
        <sponsorshipDate>2017-12-19</sponsorshipDate>
        <identifiers>
          <bioguideId>H001042</bioguideId>
          <lisID>1844</lisID>
          <gpoId>7913</gpoId>
        </identifiers>
        <isOriginalCosponsor>False</isOriginalCosponsor>
        <firstName>Mazie</firstName>
        <middleName>K.</middleName>
        <bioguideId>H001042</bioguideId>
        <state>HI</state>
      </item>
      <item>
        <party>D</party>
        <fullName>Sen. Durbin, Richard J. [D-IL]</fullName>
        <sponsorshipWithdrawnDate />
        <lastName>DURBIN</lastName>
        <sponsorshipDate>2017-12-19</sponsorshipDate>
        <identifiers>
          <gpoId>8326</gpoId>
          <lisID>326</lisID>
          <bioguideId>D000563</bioguideId>
        </identifiers>
        <isOriginalCosponsor>False</isOriginalCosponsor>
        <firstName>RICHARD</firstName>
        <middleName>J.</middleName>
        <bioguideId>D000563</bioguideId>
        <state>IL</state>
      </item>
      <item>
        <party>D</party>
        <fullName>Sen. Duckworth, Tammy [D-IL]</fullName>
        <sponsorshipWithdrawnDate />
        <lastName>Duckworth</lastName>
        <sponsorshipDate>2017-12-21</sponsorshipDate>
        <identifiers>
          <gpoId />
          <bioguideId>D000622</bioguideId>
          <lisID>2123</lisID>
        </identifiers>
        <isOriginalCosponsor>False</isOriginalCosponsor>
        <firstName>Tammy</firstName>
        <middleName />
        <bioguideId>D000622</bioguideId>
        <state>IL</state>
      </item>
      <item>
        <party>D</party>
        <fullName>Sen. Murphy, Christopher [D-CT]</fullName>
        <sponsorshipWithdrawnDate />
        <lastName>Murphy</lastName>
        <sponsorshipDate>2018-01-16</sponsorshipDate>
        <identifiers>
          <lisID>1837</lisID>
          <bioguideId>M001169</bioguideId>
          <gpoId>7870</gpoId>
        </identifiers>
        <isOriginalCosponsor>False</isOriginalCosponsor>
        <firstName>Christopher</firstName>
        <middleName />
        <bioguideId>M001169</bioguideId>
        <state>CT</state>
      </item>
      <item>
        <party>D</party>
        <fullName>Sen. Murray, Patty [D-WA]</fullName>
        <sponsorshipWithdrawnDate />
        <lastName>MURRAY</lastName>
        <sponsorshipDate>2018-02-27</sponsorshipDate>
        <identifiers>
          <bioguideId>M001111</bioguideId>
          <lisID>1409</lisID>
          <gpoId>8237</gpoId>
        </identifiers>
        <isOriginalCosponsor>False</isOriginalCosponsor>
        <firstName>PATTY</firstName>
        <middleName />
        <bioguideId>M001111</bioguideId>
        <state>WA</state>
      </item>
    </cosponsors>
    <committees>
      <billCommittees>
        <item>
          <type>Standing</type>
          <chamber>Senate</chamber>
          <name>Commerce, Science, and Transportation Committee</name>
          <activities>
            <item>
              <name>Markup by</name>
              <date>2017-05-18T14:00:08Z</date>
            </item>
            <item>
              <name>Referred to</name>
              <date>2017-03-30T20:46:50Z</date>
            </item>
          </activities>
          <subcommittees />
          <systemCode>sscm00</systemCode>
        </item>
      </billCommittees>
    </committees>
    <laws />
    <cboCostEstimates>
      <item>
        <pubDate>2017-07-24T20:00:29Z</pubDate>
        <title>S. 793, Shark Fin Trade Elimination Act of 2017</title>
        <url>https://www.cbo.gov/publication/52955</url>
      </item>
    </cboCostEstimates>
    <sponsors>
      <item>
        <firstName>Cory</firstName>
        <party>D</party>
        <bioguideId>B001288</bioguideId>
        <identifiers>
          <gpoId />
          <lisID>2194</lisID>
          <bioguideId>B001288</bioguideId>
        </identifiers>
        <lastName>Booker</lastName>
        <state>NJ</state>
        <byRequestType />
        <fullName>Sen. Booker, Cory A. [D-NJ]</fullName>
        <middleName>A.</middleName>
      </item>
    </sponsors>
    <createDate>2017-03-31T05:07:22Z</createDate>
    <billNumber>793</billNumber>
    <congress>115</congress>
    <subjects>
      <billSubjects>
        <legislativeSubjects>
          <item>
            <name>Animal protection and human-animal relationships</name>
          </item>
          <item>
            <name>Civil actions and liability</name>
          </item>
          <item>
            <name>Fishes</name>
          </item>
          <item>
            <name>Marine and coastal resources, fisheries</name>
          </item>
          <item>
            <name>Wildlife conservation and habitat protection</name>
          </item>
        </legislativeSubjects>
        <policyArea>
          <name>Animals</name>
        </policyArea>
      </billSubjects>
    </subjects>
    <originChamber>Senate</originChamber>
    <committeeReports />
    <policyArea>
      <name>Animals</name>
    </policyArea>
    <relatedBills>
      <item>
        <number>1456</number>
        <latestAction>
          <text>Referred to the Subcommittee on Water, Power and Oceans.</text>
          <actionDate>2017-03-20</actionDate>
        </latestAction>
        <congress>115</congress>
        <relationshipDetails>
          <item>
            <type>Related bill</type>
            <identifiedBy>CRS</identifiedBy>
          </item>
        </relationshipDetails>
        <latestTitle>Shark Fin Sales Elimination Act of 2017</latestTitle>
        <type>HR</type>
      </item>
      <item>
        <number>2463</number>
        <latestAction>
          <text>Referred to the Subcommittee on Water, Power and Oceans.</text>
          <actionDate>2017-05-24</actionDate>
        </latestAction>
        <congress>115</congress>
        <relationshipDetails>
          <item>
            <type>Related bill</type>
            <identifiedBy>CRS</identifiedBy>
          </item>
        </relationshipDetails>
        <latestTitle>Shark Sales Elimination Act of 2017</latestTitle>
        <type>HR</type>
      </item>
    </relatedBills>
    <title>Shark Fin Trade Elimination Act of 2017</title>
    <titles>
      <item>
        <titleType>(Extracted from GPO) Short Titles as Introduced</titleType>
        <chamberName />
        <parentTitleType />
        <title>Shark Fin Trade Elimination Act of 2017</title>
        <chamberCode />
      </item>
      <item>
        <titleType>Short Titles as Introduced</titleType>
        <chamberName />
        <parentTitleType />
        <title>Shark Fin Trade Elimination Act of 2017</title>
        <chamberCode />
      </item>
      <item>
        <titleType>Official Title as Introduced</titleType>
        <chamberName />
        <parentTitleType />
        <title>A bill to prohibit sale of shark fins, and for other purposes.</title>
        <chamberCode />
      </item>
      <item>
        <titleType>Display Title</titleType>
        <chamberName />
        <parentTitleType />
        <title>Shark Fin Trade Elimination Act of 2017</title>
        <chamberCode />
      </item>
    </titles>
    <summaries>
      <billSummaries>
        <item>
          <updateDate>2017-03-30T04:00:00Z</updateDate>
          <name>Introduced in Senate</name>
          <lastSummaryUpdateDate>2017-07-25T15:02:32Z</lastSummaryUpdateDate>
          <versionCode>00</versionCode>
          <text><![CDATA[<p><b>Shark Fin Trade Elimination Act of 2017</b></p> <p>This bill makes it illegal to possess, buy, sell, or transport shark fins or any product containing shark fins. A person may possess a shark fin that was lawfully taken consistent with a license or permit under certain circumstances.</p> <p>Penalties are imposed for violations under the Magnuson-Stevens Fishery Conservation and Management Act.The maximum civil penalty for each violation shall be $100,000, or the fair market value of the shark fins involved, whichever is greater.</p>]]></text>
          <actionDate>2017-03-30</actionDate>
          <actionDesc>Introduced in Senate</actionDesc>
        </item>
      </billSummaries>
    </summaries>
    <latestAction>
      <actionDate>2017-05-18</actionDate>
      <links />
      <text>Committee on Commerce, Science, and Transportation. Ordered to be reported with an amendment in the nature of a substitute favorably.</text>
    </latestAction>
    <calendarNumbers />
    <recordedVotes />
    <updateDate>2018-02-28T22:00:10Z</updateDate>
    <amendments />
    <introducedDate>2017-03-30</introducedDate>
    <version>1.0.0</version>
    <actions>
      <actionByCounts>
        <senate>3</senate>
      </actionByCounts>
      <actionTypeCounts>
        <introducedInSenate>1</introducedInSenate>
        <referredToCommittee>1</referredToCommittee>
        <orderedReported>1</orderedReported>
      </actionTypeCounts>
      <item>
        <actionDate>2017-05-18</actionDate>
        <committee>
          <name>Commerce, Science, and Transportation Committee</name>
          <systemCode>sscm00</systemCode>
        </committee>
        <links />
        <sourceSystem>
          <name>Senate</name>
          <code>0</code>
        </sourceSystem>
        <text>Committee on Commerce, Science, and Transportation. Ordered to be reported with an amendment in the nature of a substitute favorably.</text>
        <type>Committee</type>
      </item>
      <item>
        <actionDate>2017-03-30</actionDate>
        <committee>
          <name>Commerce, Science, and Transportation Committee</name>
          <systemCode>sscm00</systemCode>
        </committee>
        <links />
        <sourceSystem>
          <name>Senate</name>
          <code>0</code>
        </sourceSystem>
        <text>Read twice and referred to the Committee on Commerce, Science, and Transportation.</text>
        <type>IntroReferral</type>
      </item>
      <item>
        <text>Introduced in Senate</text>
        <type>IntroReferral</type>
        <actionDate>2017-03-30</actionDate>
        <links />
        <actionCode>10000</actionCode>
        <committee />
        <sourceSystem>
          <name>Library of Congress</name>
          <code>9</code>
        </sourceSystem>
      </item>
    </actions>
    <billType>S</billType>
  </bill>
  <dublinCore xmlns:dc="http://purl.org/dc/elements/1.1/">
    <dc:format>text/xml</dc:format>
    <dc:language>EN</dc:language>
    <dc:rights>Pursuant to Title 17 Section 105 of the United States Code, this file is not subject to copyright protection and is in the public domain.</dc:rights>
    <dc:contributor>Congressional Research Service, Library of Congress</dc:contributor>
    <dc:description>This file contains bill summaries and statuses for federal legislation. A bill summary describes the most significant provisions of a piece of legislation and details the effects the legislative text may have on current law and federal programs. Bill summaries are authored by the Congressional Research Service (CRS) of the Library of Congress. As stated in Public Law 91-510 (2 USC 166 (d)(6)), one of the duties of CRS is "to prepare summaries and digests of bills and resolutions of a public general nature introduced in the Senate or House of Representatives". For more information, refer to the User Guide that accompanies this file.</dc:description>
  </dublinCore>
</billStatus>

