<?xml version="1.0" encoding="UTF-8"?>
<billStatus>
  <bill>
    <cosponsors>
      <item>
        <isOriginalCosponsor>True</isOriginalCosponsor>
        <fullName>Sen. Lee, Mike [R-UT]</fullName>
        <middleName />
        <state>UT</state>
        <sponsorshipDate>2017-01-12</sponsorshipDate>
        <firstName>Mike</firstName>
        <bioguideId>L000577</bioguideId>
        <party>R</party>
        <lastName>Lee</lastName>
        <sponsorshipWithdrawnDate />
        <identifiers>
          <lisID>2080</lisID>
          <bioguideId>L000577</bioguideId>
          <gpoId>8303</gpoId>
        </identifiers>
      </item>
      <item>
        <isOriginalCosponsor>True</isOriginalCosponsor>
        <fullName>Sen. Risch, James E. [R-ID]</fullName>
        <middleName>E.</middleName>
        <state>ID</state>
        <sponsorshipDate>2017-01-12</sponsorshipDate>
        <firstName>James</firstName>
        <bioguideId>R000584</bioguideId>
        <party>R</party>
        <lastName>Risch</lastName>
        <sponsorshipWithdrawnDate />
        <identifiers>
          <lisID>1896</lisID>
          <bioguideId>R000584</bioguideId>
          <gpoId>8274</gpoId>
        </identifiers>
      </item>
      <item>
        <isOriginalCosponsor>True</isOriginalCosponsor>
        <fullName>Sen. Rubio, Marco [R-FL]</fullName>
        <middleName />
        <state>FL</state>
        <sponsorshipDate>2017-01-12</sponsorshipDate>
        <firstName>Marco</firstName>
        <bioguideId>R000595</bioguideId>
        <party>R</party>
        <lastName>Rubio</lastName>
        <sponsorshipWithdrawnDate />
        <identifiers>
          <lisID>2084</lisID>
          <bioguideId>R000595</bioguideId>
          <gpoId>8242</gpoId>
        </identifiers>
      </item>
      <item>
        <isOriginalCosponsor>False</isOriginalCosponsor>
        <fullName>Sen. Hatch, Orrin G. [R-UT]</fullName>
        <middleName>GRANT</middleName>
        <state>UT</state>
        <sponsorshipDate>2017-02-03</sponsorshipDate>
        <firstName>ORRIN</firstName>
        <bioguideId>H000338</bioguideId>
        <party>R</party>
        <lastName>HATCH</lastName>
        <sponsorshipWithdrawnDate />
        <identifiers>
          <bioguideId>H000338</bioguideId>
          <gpoId>8314</gpoId>
          <lisID>1351</lisID>
        </identifiers>
      </item>
      <item>
        <isOriginalCosponsor>False</isOriginalCosponsor>
        <fullName>Sen. Inhofe, James M. [R-OK]</fullName>
        <middleName />
        <state>OK</state>
        <sponsorshipDate>2017-03-01</sponsorshipDate>
        <firstName>JIM</firstName>
        <bioguideId>I000024</bioguideId>
        <party>R</party>
        <lastName>INHOFE</lastName>
        <sponsorshipWithdrawnDate />
        <identifiers>
          <lisID>583</lisID>
          <gpoId>8322</gpoId>
          <bioguideId>I000024</bioguideId>
        </identifiers>
      </item>
    </cosponsors>
    <congress>115</congress>
    <committees>
      <billCommittees>
        <item>
          <chamber>Senate</chamber>
          <name>Energy and Natural Resources Committee</name>
          <systemCode>sseg00</systemCode>
          <activities>
            <item>
              <date>2017-01-12T20:32:55Z</date>
              <name>Referred to</name>
            </item>
          </activities>
          <type>Standing</type>
          <subcommittees />
        </item>
      </billCommittees>
    </committees>
    <laws />
    <titles>
      <item>
        <chamberCode />
        <title>National Monument Designation Transparency and Accountability Act of 2017</title>
        <titleType>(Extracted from GPO) Short Titles as Introduced</titleType>
        <parentTitleType />
        <chamberName />
      </item>
      <item>
        <chamberCode />
        <title>National Monument Designation Transparency and Accountability Act of 2017</title>
        <titleType>Short Titles as Introduced</titleType>
        <parentTitleType />
        <chamberName />
      </item>
      <item>
        <chamberCode />
        <title>A bill to amend title 54, United States Code, to provide for congressional and State approval of national monuments and restrictions on the use of national monuments.</title>
        <titleType>Official Title as Introduced</titleType>
        <parentTitleType />
        <chamberName />
      </item>
      <item>
        <chamberCode />
        <title>National Monument Designation Transparency and Accountability Act of 2017</title>
        <titleType>Display Title</titleType>
        <parentTitleType />
        <chamberName />
      </item>
    </titles>
    <billType>S</billType>
    <amendments />
    <recordedVotes />
    <actions>
      <actionByCounts>
        <senate>2</senate>
      </actionByCounts>
      <actionTypeCounts>
        <referredToCommittee>1</referredToCommittee>
        <introducedInSenate>1</introducedInSenate>
      </actionTypeCounts>
      <item>
        <actionDate>2017-01-12</actionDate>
        <committee>
          <systemCode>sseg00</systemCode>
          <name>Energy and Natural Resources Committee</name>
        </committee>
        <links />
        <sourceSystem>
          <name>Senate</name>
          <code>0</code>
        </sourceSystem>
        <text>Read twice and referred to the Committee on Energy and Natural Resources.</text>
        <type>IntroReferral</type>
      </item>
      <item>
        <sourceSystem>
          <name>Library of Congress</name>
          <code>9</code>
        </sourceSystem>
        <actionDate>2017-01-12</actionDate>
        <text>Introduced in Senate</text>
        <type>IntroReferral</type>
        <links />
        <committee />
        <actionCode>10000</actionCode>
      </item>
    </actions>
    <introducedDate>2017-01-12</introducedDate>
    <relatedBills>
      <item>
        <congress>115</congress>
        <latestAction>
          <actionDate>2017-05-11</actionDate>
          <text>Referred to the Subcommittee on Federal Lands.</text>
        </latestAction>
        <type>HR</type>
        <latestTitle>National Monument Designation Transparency and Accountability Act</latestTitle>
        <number>2284</number>
        <relationshipDetails>
          <item>
            <type>Related bill</type>
            <identifiedBy>CRS</identifiedBy>
          </item>
        </relationshipDetails>
      </item>
      <item>
        <congress>115</congress>
        <latestAction>
          <actionDate>2017-01-05</actionDate>
          <text>Read twice and referred to the Committee on Energy and Natural Resources.</text>
        </latestAction>
        <type>S</type>
        <latestTitle>Improved National Monument Designation Process Act</latestTitle>
        <number>33</number>
        <relationshipDetails>
          <item>
            <type>Related bill</type>
            <identifiedBy>CRS</identifiedBy>
          </item>
        </relationshipDetails>
      </item>
    </relatedBills>
    <committeeReports />
    <calendarNumbers />
    <billNumber>132</billNumber>
    <summaries>
      <billSummaries>
        <item>
          <versionCode>00</versionCode>
          <updateDate>2017-01-12T05:00:00Z</updateDate>
          <actionDesc>Introduced in Senate</actionDesc>
          <lastSummaryUpdateDate>2017-02-02T19:06:23Z</lastSummaryUpdateDate>
          <actionDate>2017-01-12</actionDate>
          <name>Introduced in Senate</name>
          <text><![CDATA[<p><b>National Monument Designation Transparency and Accountability Act of 2017</b></p> <p>This bill requires the President, before a national monument can be designated on public land, to obtain congressional approval, certify compliance with the National Environmental Policy Act of 1969, and determine that the state in which the monument is to be located has enacted legislation approving its designation. </p> <p>The Department of the Interior may not implement restrictions on the public use of a national monument until the expiration of an appropriate review period providing for public input and congressional approval. </p>]]></text>
        </item>
      </billSummaries>
    </summaries>
    <cboCostEstimates />
    <updateDate>2018-02-06T16:44:30Z</updateDate>
    <policyArea>
      <name>Public Lands and Natural Resources</name>
    </policyArea>
    <latestAction>
      <text>Read twice and referred to the Committee on Energy and Natural Resources.</text>
      <actionDate>2017-01-12</actionDate>
      <links />
    </latestAction>
    <subjects>
      <billSubjects>
        <policyArea>
          <name>Public Lands and Natural Resources</name>
        </policyArea>
        <legislativeSubjects>
          <item>
            <name>Congressional oversight</name>
          </item>
          <item>
            <name>Environmental assessment, monitoring, research</name>
          </item>
          <item>
            <name>Land use and conservation</name>
          </item>
          <item>
            <name>Monuments and memorials</name>
          </item>
          <item>
            <name>Parks, recreation areas, trails</name>
          </item>
          <item>
            <name>Presidents and presidential powers, Vice Presidents</name>
          </item>
          <item>
            <name>Wilderness and natural areas, wildlife refuges, wild rivers, habitats</name>
          </item>
        </legislativeSubjects>
      </billSubjects>
    </subjects>
    <title>National Monument Designation Transparency and Accountability Act of 2017</title>
    <version>1.0.0</version>
    <sponsors>
      <item>
        <byRequestType />
        <party>R</party>
        <fullName>Sen. Crapo, Mike [R-ID]</fullName>
        <bioguideId>C000880</bioguideId>
        <state>ID</state>
        <lastName>CRAPO</lastName>
        <middleName>D.</middleName>
        <firstName>MICHAEL</firstName>
        <identifiers>
          <gpoId>8289</gpoId>
          <bioguideId>C000880</bioguideId>
          <lisID>250</lisID>
        </identifiers>
      </item>
    </sponsors>
    <notes />
    <createDate>2017-01-13T04:55:34Z</createDate>
    <originChamber>Senate</originChamber>
  </bill>
  <dublinCore xmlns:dc="http://purl.org/dc/elements/1.1/">
    <dc:format>text/xml</dc:format>
    <dc:language>EN</dc:language>
    <dc:rights>Pursuant to Title 17 Section 105 of the United States Code, this file is not subject to copyright protection and is in the public domain.</dc:rights>
    <dc:contributor>Congressional Research Service, Library of Congress</dc:contributor>
    <dc:description>This file contains bill summaries and statuses for federal legislation. A bill summary describes the most significant provisions of a piece of legislation and details the effects the legislative text may have on current law and federal programs. Bill summaries are authored by the Congressional Research Service (CRS) of the Library of Congress. As stated in Public Law 91-510 (2 USC 166 (d)(6)), one of the duties of CRS is "to prepare summaries and digests of bills and resolutions of a public general nature introduced in the Senate or House of Representatives". For more information, refer to the User Guide that accompanies this file.</dc:description>
  </dublinCore>
</billStatus>

