<?xml version="1.0" encoding="UTF-8"?>
<billStatus>
  <bill>
    <createDate>2017-03-09T05:25:16Z</createDate>
    <congress>115</congress>
    <calendarNumbers>
      <item>
        <calendar>Senate Calendar of Business</calendar>
        <number>0142</number>
      </item>
    </calendarNumbers>
    <amendments />
    <recordedVotes />
    <cboCostEstimates>
      <item>
        <pubDate>2017-04-28T15:15:00Z</pubDate>
        <title>S. 566, Methow Headwaters Protection Act</title>
        <url>https://www.cbo.gov/publication/52672</url>
      </item>
    </cboCostEstimates>
    <updateDate>2018-02-22T15:28:45Z</updateDate>
    <laws />
    <billNumber>566</billNumber>
    <summaries>
      <billSummaries>
        <item>
          <actionDesc>Introduced in Senate</actionDesc>
          <versionCode>00</versionCode>
          <text><![CDATA[<p><b>Methow Headwaters Protection Act</b></p> <p>This bill withdraws approximately 340,079 acres of federal land and interests in land located within the Okanogan-Wenatchee National Forest in the state of Washington from: </p> <ul> <li>entry, appropriation, or disposal under the public land laws;</li> <li>location, entry, and patent under the mining laws; and </li> <li>disposition under the mineral leasing and geothermal leasing laws. </li> </ul> <p>Any land or interest in land within the Proposed Withdrawal area acquired by the United States shall, upon acquisition, be immediately withdrawn in accordance with this bill. </p>]]></text>
          <actionDate>2017-03-08</actionDate>
          <name>Introduced in Senate</name>
          <lastSummaryUpdateDate>2017-03-23T21:44:17Z</lastSummaryUpdateDate>
          <updateDate>2017-03-08T05:00:00Z</updateDate>
        </item>
        <item>
          <actionDesc>Reported to Senate without amendment</actionDesc>
          <versionCode>80</versionCode>
          <text><![CDATA[<p>(This measure has not been amended since it was introduced. The summary has been expanded because action occurred on the measure.)</p> <p><b>Methow Headwaters Protection Act</b></p> <p>(Sec. 2) This bill withdraws approximately 340,079 acres of federal land and interests in land located within the Okanogan-Wenatchee National Forest in the state of Washington from: </p> <ul> <li>entry, appropriation, or disposal under the public land laws;</li> <li>location, entry, and patent under the mining laws; and </li> <li>disposition under the mineral leasing and geothermal leasing laws. </li> </ul> <p>Any land or interest in land within the Proposed Withdrawal area acquired by the United States shall, upon acquisition, be immediately withdrawn in accordance with this bill. </p>]]></text>
          <actionDate>2017-06-13</actionDate>
          <name>Reported to Senate without amendment</name>
          <lastSummaryUpdateDate>2017-07-06T18:55:44Z</lastSummaryUpdateDate>
          <updateDate>2017-06-13T12:31:55Z</updateDate>
        </item>
      </billSummaries>
    </summaries>
    <notes />
    <sponsors>
      <item>
        <firstName>MARIA</firstName>
        <state>WA</state>
        <lastName>CANTWELL</lastName>
        <party>D</party>
        <fullName>Sen. Cantwell, Maria [D-WA]</fullName>
        <middleName />
        <bioguideId>C000127</bioguideId>
        <byRequestType />
        <identifiers>
          <bioguideId>C000127</bioguideId>
          <gpoId>8288</gpoId>
          <lisID>172</lisID>
        </identifiers>
      </item>
    </sponsors>
    <titles>
      <item>
        <titleType>(Extracted from GPO) Short Titles as Reported to Senate</titleType>
        <chamberName>Senate</chamberName>
        <title>Methow Headwaters Protection Act</title>
        <chamberCode>S</chamberCode>
        <parentTitleType />
      </item>
      <item>
        <titleType>(Extracted from GPO) Short Titles as Introduced</titleType>
        <chamberName />
        <title>Methow Headwaters Protection Act</title>
        <chamberCode />
        <parentTitleType />
      </item>
      <item>
        <titleType>Short Titles as Reported to Senate</titleType>
        <chamberName>Senate</chamberName>
        <title>Methow Headwaters Protection Act</title>
        <chamberCode>S</chamberCode>
        <parentTitleType>Short Titles Senate</parentTitleType>
      </item>
      <item>
        <titleType>Short Titles as Introduced</titleType>
        <chamberName />
        <title>Methow Headwaters Protection Act</title>
        <chamberCode />
        <parentTitleType />
      </item>
      <item>
        <titleType>Official Title as Introduced</titleType>
        <chamberName />
        <title>A bill to withdraw certain land in Okanogan County, Washington, to protect the land, and for other purposes.</title>
        <chamberCode />
        <parentTitleType />
      </item>
      <item>
        <titleType>Display Title</titleType>
        <chamberName />
        <title>Methow Headwaters Protection Act</title>
        <chamberCode />
        <parentTitleType />
      </item>
    </titles>
    <committees>
      <billCommittees>
        <item>
          <subcommittees />
          <type>Standing</type>
          <name>Energy and Natural Resources Committee</name>
          <activities>
            <item>
              <name>Reported by</name>
              <date>2017-06-13T20:38:34Z</date>
            </item>
            <item>
              <name>Markup by</name>
              <date>2017-03-30T13:30:00Z</date>
            </item>
            <item>
              <name>Referred to</name>
              <date>2017-03-08T15:20:07Z</date>
            </item>
          </activities>
          <chamber>Senate</chamber>
          <systemCode>sseg00</systemCode>
        </item>
      </billCommittees>
    </committees>
    <billType>S</billType>
    <actions>
      <actionByCounts>
        <senate>6</senate>
      </actionByCounts>
      <item>
        <actionDate>2017-06-13</actionDate>
        <committee />
        <links />
        <sourceSystem>
          <name>Senate</name>
          <code>0</code>
        </sourceSystem>
        <text>Placed on Senate Legislative Calendar under General Orders. Calendar No. 142.</text>
        <type>Calendars</type>
      </item>
      <item>
        <actionDate>2017-06-13</actionDate>
        <committee>
          <name>Energy and Natural Resources Committee</name>
          <systemCode>sseg00</systemCode>
        </committee>
        <links>
          <link>
            <url>https://www.congress.gov/congressional-report/115th-congress/senate-report/106</url>
            <name>report No. 115-106</name>
          </link>
        </links>
        <sourceSystem>
          <name>Senate</name>
          <code>0</code>
        </sourceSystem>
        <text>Committee on Energy and Natural Resources. Reported by Senator Murkowski without amendment. With written report No. 115-106.</text>
        <type>Committee</type>
      </item>
      <item>
        <actionDate>2017-06-13</actionDate>
        <text>Committee on Energy and Natural Resources. Reported by Senator Murkowski without amendment. With written report No. 115-106.</text>
        <links>
          <link>
            <url>https://www.congress.gov/congressional-report/115th-congress/senate-report/106</url>
            <name>report No. 115-106</name>
          </link>
        </links>
        <actionCode>14000</actionCode>
        <type>Committee</type>
        <committee>
          <name>Energy and Natural Resources Committee</name>
          <systemCode>sseg00</systemCode>
        </committee>
        <sourceSystem>
          <name>Library of Congress</name>
          <code>9</code>
        </sourceSystem>
      </item>
      <item>
        <actionDate>2017-03-30</actionDate>
        <committee>
          <name>Energy and Natural Resources Committee</name>
          <systemCode>sseg00</systemCode>
        </committee>
        <links />
        <sourceSystem>
          <name>Senate</name>
          <code>0</code>
        </sourceSystem>
        <text>Committee on Energy and Natural Resources. Ordered to be reported without amendment favorably.</text>
        <type>Committee</type>
      </item>
      <item>
        <actionDate>2017-03-08</actionDate>
        <committee>
          <name>Energy and Natural Resources Committee</name>
          <systemCode>sseg00</systemCode>
        </committee>
        <links />
        <sourceSystem>
          <name>Senate</name>
          <code>0</code>
        </sourceSystem>
        <text>Read twice and referred to the Committee on Energy and Natural Resources.</text>
        <type>IntroReferral</type>
      </item>
      <item>
        <actionDate>2017-03-08</actionDate>
        <text>Introduced in Senate</text>
        <links />
        <actionCode>10000</actionCode>
        <type>IntroReferral</type>
        <committee />
        <sourceSystem>
          <name>Library of Congress</name>
          <code>9</code>
        </sourceSystem>
      </item>
      <actionTypeCounts>
        <reportedToSenate>2</reportedToSenate>
        <placedOnCalendarGeneralOrders>1</placedOnCalendarGeneralOrders>
        <orderedReported>1</orderedReported>
        <introducedInSenate>1</introducedInSenate>
        <referredToCommittee>1</referredToCommittee>
      </actionTypeCounts>
    </actions>
    <committeeReports>
      <committeeReport>
        <citation>S. Rept. 115-106</citation>
      </committeeReport>
    </committeeReports>
    <version>1.0.0</version>
    <originChamber>Senate</originChamber>
    <subjects>
      <billSubjects>
        <legislativeSubjects>
          <item>
            <name>Forests, forestry, trees</name>
          </item>
          <item>
            <name>Lakes and rivers</name>
          </item>
          <item>
            <name>Land transfers</name>
          </item>
          <item>
            <name>Mining</name>
          </item>
          <item>
            <name>Washington State</name>
          </item>
        </legislativeSubjects>
        <policyArea>
          <name>Public Lands and Natural Resources</name>
        </policyArea>
      </billSubjects>
    </subjects>
    <title>Methow Headwaters Protection Act</title>
    <introducedDate>2017-03-08</introducedDate>
    <cosponsors>
      <item>
        <lastName>MURRAY</lastName>
        <firstName>PATTY</firstName>
        <identifiers>
          <bioguideId>M001111</bioguideId>
          <lisID>1409</lisID>
          <gpoId>8237</gpoId>
        </identifiers>
        <party>D</party>
        <sponsorshipDate>2017-03-08</sponsorshipDate>
        <isOriginalCosponsor>True</isOriginalCosponsor>
        <middleName />
        <state>WA</state>
        <bioguideId>M001111</bioguideId>
        <fullName>Sen. Murray, Patty [D-WA]</fullName>
        <sponsorshipWithdrawnDate />
      </item>
    </cosponsors>
    <latestAction>
      <links />
      <text>Placed on Senate Legislative Calendar under General Orders. Calendar No. 142.</text>
      <actionDate>2017-06-13</actionDate>
    </latestAction>
    <policyArea>
      <name>Public Lands and Natural Resources</name>
    </policyArea>
    <relatedBills />
  </bill>
  <dublinCore xmlns:dc="http://purl.org/dc/elements/1.1/">
    <dc:format>text/xml</dc:format>
    <dc:language>EN</dc:language>
    <dc:rights>Pursuant to Title 17 Section 105 of the United States Code, this file is not subject to copyright protection and is in the public domain.</dc:rights>
    <dc:contributor>Congressional Research Service, Library of Congress</dc:contributor>
    <dc:description>This file contains bill summaries and statuses for federal legislation. A bill summary describes the most significant provisions of a piece of legislation and details the effects the legislative text may have on current law and federal programs. Bill summaries are authored by the Congressional Research Service (CRS) of the Library of Congress. As stated in Public Law 91-510 (2 USC 166 (d)(6)), one of the duties of CRS is "to prepare summaries and digests of bills and resolutions of a public general nature introduced in the Senate or House of Representatives". For more information, refer to the User Guide that accompanies this file.</dc:description>
  </dublinCore>
</billStatus>

