<?xml version="1.0" encoding="UTF-8"?>
<billStatus>
  <bill>
    <policyArea>
      <name>Taxation</name>
    </policyArea>
    <committeeReports />
    <congress>115</congress>
    <sponsors>
      <item>
        <identifiers>
          <gpoId>8304</gpoId>
          <bioguideId>A000360</bioguideId>
          <lisID>1695</lisID>
        </identifiers>
        <middleName />
        <byRequestType />
        <fullName>Sen. Alexander, Lamar [R-TN]</fullName>
        <bioguideId>A000360</bioguideId>
        <state>TN</state>
        <party>R</party>
        <firstName>Lamar</firstName>
        <lastName>Alexander</lastName>
      </item>
    </sponsors>
    <calendarNumbers />
    <amendments />
    <relatedBills>
      <item>
        <congress>115</congress>
        <number>2516</number>
        <type>HR</type>
        <relationshipDetails>
          <item>
            <type>Related bill</type>
            <identifiedBy>CRS</identifiedBy>
          </item>
        </relationshipDetails>
        <latestTitle>Freedom from the ACA Tax Penalty Act</latestTitle>
        <latestAction>
          <text>Referred to the House Committee on Ways and Means.</text>
          <actionDate>2017-05-18</actionDate>
        </latestAction>
      </item>
      <item>
        <congress>115</congress>
        <number>1933</number>
        <type>HR</type>
        <relationshipDetails>
          <item>
            <type>Identical bill</type>
            <identifiedBy>CRS</identifiedBy>
          </item>
        </relationshipDetails>
        <latestTitle>Health Care Options Act of 2017</latestTitle>
        <latestAction>
          <text>Referred to the Subcommittee on Health.</text>
          <actionDate>2017-04-07</actionDate>
        </latestAction>
      </item>
      <item>
        <congress>115</congress>
        <number>2086</number>
        <type>HR</type>
        <relationshipDetails>
          <item>
            <type>Related bill</type>
            <identifiedBy>CRS</identifiedBy>
          </item>
        </relationshipDetails>
        <latestTitle>No Coverage, No Penalty Act</latestTitle>
        <latestAction>
          <text>Referred to the House Committee on Ways and Means.</text>
          <actionDate>2017-04-12</actionDate>
        </latestAction>
      </item>
    </relatedBills>
    <notes />
    <originChamber>Senate</originChamber>
    <version>1.0.0</version>
    <billNumber>761</billNumber>
    <title>Health Care Options Act of 2017</title>
    <cosponsors>
      <item>
        <fullName>Sen. Corker, Bob [R-TN]</fullName>
        <lastName>Corker</lastName>
        <bioguideId>C001071</bioguideId>
        <isOriginalCosponsor>True</isOriginalCosponsor>
        <middleName />
        <state>TN</state>
        <firstName>Bob</firstName>
        <sponsorshipDate>2017-03-29</sponsorshipDate>
        <sponsorshipWithdrawnDate />
        <party>R</party>
        <identifiers>
          <bioguideId>C001071</bioguideId>
          <lisID>1825</lisID>
          <gpoId>8294</gpoId>
        </identifiers>
      </item>
    </cosponsors>
    <subjects>
      <billSubjects>
        <legislativeSubjects>
          <item>
            <name>Health care costs and insurance</name>
          </item>
          <item>
            <name>Health care coverage and access</name>
          </item>
          <item>
            <name>Income tax credits</name>
          </item>
          <item>
            <name>Sales and excise taxes</name>
          </item>
        </legislativeSubjects>
        <policyArea>
          <name>Taxation</name>
        </policyArea>
      </billSubjects>
    </subjects>
    <laws />
    <actions>
      <item>
        <actionDate>2017-03-29</actionDate>
        <committee>
          <systemCode>ssfi00</systemCode>
          <name>Finance Committee</name>
        </committee>
        <links>
          <link>
            <name>S2100-2101</name>
            <url>https://www.congress.gov/congressional-record/volume-163/senate-section/page/S2100-2101</url>
          </link>
        </links>
        <sourceSystem>
          <name>Senate</name>
          <code>0</code>
        </sourceSystem>
        <text>Read twice and referred to the Committee on Finance. (Sponsor introductory remarks on measure: CR S2100-2101)</text>
        <type>IntroReferral</type>
      </item>
      <item>
        <sourceSystem>
          <name>Library of Congress</name>
          <code>9</code>
        </sourceSystem>
        <actionDate>2017-03-29</actionDate>
        <links />
        <text>Introduced in Senate</text>
        <committee />
        <actionCode>10000</actionCode>
        <type>IntroReferral</type>
      </item>
      <actionByCounts>
        <senate>2</senate>
      </actionByCounts>
      <actionTypeCounts>
        <referredToCommittee>1</referredToCommittee>
        <introducedInSenate>1</introducedInSenate>
      </actionTypeCounts>
    </actions>
    <titles>
      <item>
        <parentTitleType />
        <chamberCode />
        <chamberName />
        <titleType>(Extracted from GPO) Short Titles as Introduced</titleType>
        <title>Health Care Options Act of 2017</title>
      </item>
      <item>
        <parentTitleType />
        <chamberCode />
        <chamberName />
        <titleType>Short Titles as Introduced</titleType>
        <title>Health Care Options Act of 2017</title>
      </item>
      <item>
        <parentTitleType />
        <chamberCode />
        <chamberName />
        <titleType>Official Title as Introduced</titleType>
        <title>A bill to amend the Internal Revenue Code of 1986 to allow individuals to receive a premium assistance credit for insurance not purchased on an Exchange, and for other purposes.</title>
      </item>
      <item>
        <parentTitleType />
        <chamberCode />
        <chamberName />
        <titleType>Display Title</titleType>
        <title>Health Care Options Act of 2017</title>
      </item>
    </titles>
    <summaries>
      <billSummaries>
        <item>
          <updateDate>2017-03-29T04:00:00Z</updateDate>
          <actionDesc>Introduced in Senate</actionDesc>
          <versionCode>00</versionCode>
          <name>Introduced in Senate</name>
          <text><![CDATA[<p><b>Health Care Options Act of 2017 </b></p> <p>This bill amends the Internal Revenue Code to temporarily permit certain individuals to use the premium assistance tax credit to purchase health insurance outside of an exchange established under the Patient Protection and Affordable Care (PPACA). </p> <p>The bill applies to individuals who reside in a rating area or county that the Department of Health and Human Services has certified has no qualified health plans offered through an exchange established under PPACA. </p> <p>Individuals residing in the areas or counties may use the premium assistance tax credit through 2019 to enroll in a plan outside of an exchange if the plan is: (1) authorized by the state in which the taxpayer resides to be offered in the individual market, or (2) is a not-for-profit membership organization that is organized and authorized under state law to accept member contributions to fund health care benefits for members and their families. </p> <p>The bill prohibits advance payments of the credit from being made with respect to the off-exchange plans and specifies reporting requirements for the plans.</p> <p>Through 2019, the bill also exempts the individuals residing in the counties or areas from the requirement to maintain minimum essential health coverage (commonly referred to as the individual mandate). </p>]]></text>
          <lastSummaryUpdateDate>2017-06-19T15:04:12Z</lastSummaryUpdateDate>
          <actionDate>2017-03-29</actionDate>
        </item>
      </billSummaries>
    </summaries>
    <committees>
      <billCommittees>
        <item>
          <chamber>Senate</chamber>
          <name>Finance Committee</name>
          <systemCode>ssfi00</systemCode>
          <activities>
            <item>
              <date>2017-03-29T17:37:48Z</date>
              <name>Referred to</name>
            </item>
          </activities>
          <type>Standing</type>
          <subcommittees />
        </item>
      </billCommittees>
    </committees>
    <introducedDate>2017-03-29</introducedDate>
    <updateDate>2018-02-06T16:45:08Z</updateDate>
    <cboCostEstimates />
    <recordedVotes />
    <billType>S</billType>
    <createDate>2017-03-30T04:33:14Z</createDate>
    <latestAction>
      <text>Read twice and referred to the Committee on Finance. (Sponsor introductory remarks on measure: CR S2100-2101)</text>
      <links />
      <actionDate>2017-03-29</actionDate>
    </latestAction>
  </bill>
  <dublinCore xmlns:dc="http://purl.org/dc/elements/1.1/">
    <dc:format>text/xml</dc:format>
    <dc:language>EN</dc:language>
    <dc:rights>Pursuant to Title 17 Section 105 of the United States Code, this file is not subject to copyright protection and is in the public domain.</dc:rights>
    <dc:contributor>Congressional Research Service, Library of Congress</dc:contributor>
    <dc:description>This file contains bill summaries and statuses for federal legislation. A bill summary describes the most significant provisions of a piece of legislation and details the effects the legislative text may have on current law and federal programs. Bill summaries are authored by the Congressional Research Service (CRS) of the Library of Congress. As stated in Public Law 91-510 (2 USC 166 (d)(6)), one of the duties of CRS is "to prepare summaries and digests of bills and resolutions of a public general nature introduced in the Senate or House of Representatives". For more information, refer to the User Guide that accompanies this file.</dc:description>
  </dublinCore>
</billStatus>

