<?xml version="1.0" encoding="UTF-8"?>
<billStatus>
  <bill>
    <sponsors>
      <item>
        <fullName>Sen. Portman, Rob [R-OH]</fullName>
        <lastName>PORTMAN</lastName>
        <bioguideId>P000449</bioguideId>
        <party>R</party>
        <middleName />
        <state>OH</state>
        <firstName>ROB</firstName>
        <byRequestType />
        <identifiers>
          <lisID>924</lisID>
          <gpoId>8266</gpoId>
          <bioguideId>P000449</bioguideId>
        </identifiers>
      </item>
    </sponsors>
    <laws />
    <version>1.0.0</version>
    <introducedDate>2017-04-24</introducedDate>
    <cboCostEstimates />
    <titles>
      <item>
        <chamberCode />
        <chamberName />
        <parentTitleType />
        <titleType>(Extracted from GPO) Short Titles as Introduced</titleType>
        <title>End Government Shutdowns Act</title>
      </item>
      <item>
        <chamberCode />
        <chamberName />
        <parentTitleType />
        <titleType>Short Titles as Introduced</titleType>
        <title>End Government Shutdowns Act</title>
      </item>
      <item>
        <chamberCode />
        <chamberName />
        <parentTitleType />
        <titleType>Official Title as Introduced</titleType>
        <title>A bill to amend title 31, United States Code, to provide for automatic continuing resolutions.</title>
      </item>
      <item>
        <chamberCode />
        <chamberName />
        <parentTitleType />
        <titleType>Display Title</titleType>
        <title>End Government Shutdowns Act</title>
      </item>
    </titles>
    <amendments />
    <recordedVotes />
    <relatedBills>
      <item>
        <congress>115</congress>
        <number>2339</number>
        <type>S</type>
        <relationshipDetails>
          <item>
            <type>Related bill</type>
            <identifiedBy>CRS</identifiedBy>
          </item>
        </relationshipDetails>
        <latestTitle>Government Shutdown Prevention Act of 2018</latestTitle>
        <latestAction>
          <text>Read twice and referred to the Committee on Appropriations.</text>
          <actionDate>2018-01-25</actionDate>
        </latestAction>
      </item>
      <item>
        <congress>115</congress>
        <number>2221</number>
        <type>HR</type>
        <relationshipDetails>
          <item>
            <type>Related bill</type>
            <identifiedBy>CRS</identifiedBy>
          </item>
        </relationshipDetails>
        <latestTitle>Government Shutdown Prevention Act</latestTitle>
        <latestAction>
          <text>Referred to the House Committee on Appropriations.</text>
          <actionDate>2017-04-27</actionDate>
        </latestAction>
      </item>
      <item>
        <congress>115</congress>
        <number>2162</number>
        <type>HR</type>
        <relationshipDetails>
          <item>
            <type>Identical bill</type>
            <identifiedBy>CRS</identifiedBy>
          </item>
        </relationshipDetails>
        <latestTitle>End Government Shutdowns Act</latestTitle>
        <latestAction>
          <text>Referred to the House Committee on Appropriations.</text>
          <actionDate>2017-04-26</actionDate>
        </latestAction>
      </item>
    </relatedBills>
    <congress>115</congress>
    <billType>S</billType>
    <actions>
      <actionByCounts>
        <senate>2</senate>
      </actionByCounts>
      <actionTypeCounts>
        <referredToCommittee>1</referredToCommittee>
        <introducedInSenate>1</introducedInSenate>
      </actionTypeCounts>
      <item>
        <actionDate>2017-04-24</actionDate>
        <committee>
          <systemCode>ssap00</systemCode>
          <name>Appropriations Committee</name>
        </committee>
        <links />
        <sourceSystem>
          <name>Senate</name>
          <code>0</code>
        </sourceSystem>
        <text>Read twice and referred to the Committee on Appropriations.</text>
        <type>IntroReferral</type>
      </item>
      <item>
        <sourceSystem>
          <name>Library of Congress</name>
          <code>9</code>
        </sourceSystem>
        <actionDate>2017-04-24</actionDate>
        <text>Introduced in Senate</text>
        <type>IntroReferral</type>
        <links />
        <committee />
        <actionCode>10000</actionCode>
      </item>
    </actions>
    <notes />
    <originChamber>Senate</originChamber>
    <title>End Government Shutdowns Act</title>
    <billNumber>918</billNumber>
    <cosponsors>
      <item>
        <party>R</party>
        <bioguideId>I000055</bioguideId>
        <isOriginalCosponsor>True</isOriginalCosponsor>
        <firstName>Johnny</firstName>
        <middleName />
        <sponsorshipWithdrawnDate />
        <sponsorshipDate>2017-04-24</sponsorshipDate>
        <fullName>Sen. Isakson, Johnny [R-GA]</fullName>
        <identifiers>
          <lisID>1608</lisID>
          <bioguideId>I000055</bioguideId>
          <gpoId>8323</gpoId>
        </identifiers>
        <lastName>Isakson</lastName>
        <state>GA</state>
      </item>
      <item>
        <party>R</party>
        <bioguideId>L000577</bioguideId>
        <isOriginalCosponsor>True</isOriginalCosponsor>
        <firstName>Mike</firstName>
        <middleName />
        <sponsorshipWithdrawnDate />
        <sponsorshipDate>2017-04-24</sponsorshipDate>
        <fullName>Sen. Lee, Mike [R-UT]</fullName>
        <identifiers>
          <bioguideId>L000577</bioguideId>
          <gpoId>8303</gpoId>
          <lisID>2080</lisID>
        </identifiers>
        <lastName>Lee</lastName>
        <state>UT</state>
      </item>
      <item>
        <party>R</party>
        <bioguideId>B001261</bioguideId>
        <isOriginalCosponsor>True</isOriginalCosponsor>
        <firstName>John</firstName>
        <middleName />
        <sponsorshipWithdrawnDate />
        <sponsorshipDate>2017-04-24</sponsorshipDate>
        <fullName>Sen. Barrasso, John [R-WY]</fullName>
        <identifiers>
          <lisID>1881</lisID>
          <bioguideId>B001261</bioguideId>
          <gpoId>8300</gpoId>
        </identifiers>
        <lastName>Barrasso</lastName>
        <state>WY</state>
      </item>
      <item>
        <party>R</party>
        <bioguideId>M001153</bioguideId>
        <isOriginalCosponsor>True</isOriginalCosponsor>
        <firstName>Lisa</firstName>
        <middleName />
        <sponsorshipWithdrawnDate />
        <sponsorshipDate>2017-04-24</sponsorshipDate>
        <fullName>Sen. Murkowski, Lisa [R-AK]</fullName>
        <identifiers>
          <bioguideId>M001153</bioguideId>
          <lisID>1694</lisID>
          <gpoId>8234</gpoId>
        </identifiers>
        <lastName>Murkowski</lastName>
        <state>AK</state>
      </item>
      <item>
        <party>R</party>
        <bioguideId>D000618</bioguideId>
        <isOriginalCosponsor>True</isOriginalCosponsor>
        <firstName>Steve</firstName>
        <middleName />
        <sponsorshipWithdrawnDate />
        <sponsorshipDate>2017-04-24</sponsorshipDate>
        <fullName>Sen. Daines, Steve [R-MT]</fullName>
        <identifiers>
          <lisID>2138</lisID>
          <bioguideId>D000618</bioguideId>
          <gpoId />
        </identifiers>
        <lastName>Daines</lastName>
        <state>MT</state>
      </item>
      <item>
        <party>D</party>
        <bioguideId>T000464</bioguideId>
        <isOriginalCosponsor>False</isOriginalCosponsor>
        <firstName>Jon</firstName>
        <middleName />
        <sponsorshipWithdrawnDate />
        <sponsorshipDate>2017-04-27</sponsorshipDate>
        <fullName>Sen. Tester, Jon [D-MT]</fullName>
        <identifiers>
          <lisID>1829</lisID>
          <bioguideId>T000464</bioguideId>
          <gpoId>8258</gpoId>
        </identifiers>
        <lastName>Tester</lastName>
        <state>MT</state>
      </item>
      <item>
        <party>R</party>
        <bioguideId>R000584</bioguideId>
        <isOriginalCosponsor>False</isOriginalCosponsor>
        <firstName>James</firstName>
        <middleName>E.</middleName>
        <sponsorshipWithdrawnDate />
        <sponsorshipDate>2018-01-19</sponsorshipDate>
        <fullName>Sen. Risch, James E. [R-ID]</fullName>
        <identifiers>
          <lisID>1896</lisID>
          <gpoId>8274</gpoId>
          <bioguideId>R000584</bioguideId>
        </identifiers>
        <lastName>Risch</lastName>
        <state>ID</state>
      </item>
      <item>
        <party>R</party>
        <bioguideId>E000285</bioguideId>
        <isOriginalCosponsor>False</isOriginalCosponsor>
        <firstName>MICHAEL</firstName>
        <middleName>B.</middleName>
        <sponsorshipWithdrawnDate />
        <sponsorshipDate>2018-01-19</sponsorshipDate>
        <fullName>Sen. Enzi, Michael B. [R-WY]</fullName>
        <identifiers>
          <bioguideId>E000285</bioguideId>
          <lisID>1542</lisID>
          <gpoId>8328</gpoId>
        </identifiers>
        <lastName>ENZI</lastName>
        <state>WY</state>
      </item>
      <item>
        <party>R</party>
        <bioguideId>G000386</bioguideId>
        <isOriginalCosponsor>False</isOriginalCosponsor>
        <firstName>CHARLES</firstName>
        <middleName>ERNEST</middleName>
        <sponsorshipWithdrawnDate />
        <sponsorshipDate>2018-01-23</sponsorshipDate>
        <fullName>Sen. Grassley, Chuck [R-IA]</fullName>
        <identifiers>
          <lisID>457</lisID>
          <bioguideId>G000386</bioguideId>
          <gpoId>8316</gpoId>
        </identifiers>
        <lastName>GRASSLEY</lastName>
        <state>IA</state>
      </item>
      <item>
        <party>R</party>
        <bioguideId>W000437</bioguideId>
        <isOriginalCosponsor>False</isOriginalCosponsor>
        <firstName>ROGER</firstName>
        <middleName>F.</middleName>
        <sponsorshipWithdrawnDate />
        <sponsorshipDate>2018-01-24</sponsorshipDate>
        <fullName>Sen. Wicker, Roger F. [R-MS]</fullName>
        <identifiers>
          <lisID>1226</lisID>
          <bioguideId>W000437</bioguideId>
          <gpoId>8263</gpoId>
        </identifiers>
        <lastName>WICKER</lastName>
        <state>MS</state>
      </item>
    </cosponsors>
    <summaries>
      <billSummaries>
        <item>
          <versionCode>00</versionCode>
          <actionDate>2017-04-24</actionDate>
          <updateDate>2017-04-24T04:00:00Z</updateDate>
          <text><![CDATA[<p><b>End Government Shutdowns Act </b></p> <p>This bill provides specified continuing appropriations to prevent a government shutdown if any appropriations measure for a fiscal year has not been enacted or a joint resolution making continuing appropriations is not in effect after the fiscal year begins. The appropriations are provided to continue to fund programs, projects, and activities for which funds were provided in the preceding fiscal year. </p>]]></text>
          <actionDesc>Introduced in Senate</actionDesc>
          <name>Introduced in Senate</name>
          <lastSummaryUpdateDate>2017-05-01T13:12:58Z</lastSummaryUpdateDate>
        </item>
      </billSummaries>
    </summaries>
    <policyArea>
      <name>Economics and Public Finance</name>
    </policyArea>
    <latestAction>
      <links />
      <actionDate>2017-04-24</actionDate>
      <text>Read twice and referred to the Committee on Appropriations.</text>
    </latestAction>
    <updateDate>2018-02-06T16:45:15Z</updateDate>
    <committees>
      <billCommittees>
        <item>
          <chamber>Senate</chamber>
          <subcommittees />
          <type>Standing</type>
          <activities>
            <item>
              <date>2017-04-24T20:27:01Z</date>
              <name>Referred to</name>
            </item>
          </activities>
          <systemCode>ssap00</systemCode>
          <name>Appropriations Committee</name>
        </item>
      </billCommittees>
    </committees>
    <createDate>2017-04-25T00:26:56Z</createDate>
    <subjects>
      <billSubjects>
        <policyArea>
          <name>Economics and Public Finance</name>
        </policyArea>
        <legislativeSubjects>
          <item>
            <name>Appropriations</name>
          </item>
          <item>
            <name>Executive agency funding and structure</name>
          </item>
          <item>
            <name>Legislative rules and procedure</name>
          </item>
        </legislativeSubjects>
      </billSubjects>
    </subjects>
    <committeeReports />
    <calendarNumbers />
  </bill>
  <dublinCore xmlns:dc="http://purl.org/dc/elements/1.1/">
    <dc:format>text/xml</dc:format>
    <dc:language>EN</dc:language>
    <dc:rights>Pursuant to Title 17 Section 105 of the United States Code, this file is not subject to copyright protection and is in the public domain.</dc:rights>
    <dc:contributor>Congressional Research Service, Library of Congress</dc:contributor>
    <dc:description>This file contains bill summaries and statuses for federal legislation. A bill summary describes the most significant provisions of a piece of legislation and details the effects the legislative text may have on current law and federal programs. Bill summaries are authored by the Congressional Research Service (CRS) of the Library of Congress. As stated in Public Law 91-510 (2 USC 166 (d)(6)), one of the duties of CRS is "to prepare summaries and digests of bills and resolutions of a public general nature introduced in the Senate or House of Representatives". For more information, refer to the User Guide that accompanies this file.</dc:description>
  </dublinCore>
</billStatus>

