<?xml version="1.0" encoding="UTF-8"?>
<billStatus>
  <bill>
    <calendarNumbers>
      <item>
        <calendar>Senate Calendar of Business</calendar>
        <number>0100</number>
      </item>
    </calendarNumbers>
    <billType>S</billType>
    <title>A bill to amend the Federal Power Act to modernize authorizations for necessary hydropower approvals.</title>
    <introducedDate>2017-03-27</introducedDate>
    <latestAction>
      <actionDate>2017-05-24</actionDate>
      <text>Placed on Senate Legislative Calendar under General Orders. Calendar No. 100.</text>
      <links />
    </latestAction>
    <titles>
      <item>
        <parentTitleType />
        <titleType>Official Title as Introduced</titleType>
        <title>A bill to amend the Federal Power Act to modernize authorizations for necessary hydropower approvals.</title>
        <chamberCode />
        <chamberName />
      </item>
      <item>
        <parentTitleType />
        <titleType>Display Title</titleType>
        <title>A bill to amend the Federal Power Act to modernize authorizations for necessary hydropower approvals.</title>
        <chamberCode />
        <chamberName />
      </item>
    </titles>
    <actions>
      <actionByCounts>
        <senate>6</senate>
      </actionByCounts>
      <item>
        <actionDate>2017-05-24</actionDate>
        <committee />
        <links />
        <sourceSystem>
          <code>0</code>
          <name>Senate</name>
        </sourceSystem>
        <text>Placed on Senate Legislative Calendar under General Orders. Calendar No. 100.</text>
        <type>Calendars</type>
      </item>
      <item>
        <actionDate>2017-05-24</actionDate>
        <committee>
          <systemCode>sseg00</systemCode>
          <name>Energy and Natural Resources Committee</name>
        </committee>
        <links>
          <link>
            <url>https://www.congress.gov/congressional-report/115th-congress/senate-report/81</url>
            <name>report No. 115-81</name>
          </link>
        </links>
        <sourceSystem>
          <code>0</code>
          <name>Senate</name>
        </sourceSystem>
        <text>Committee on Energy and Natural Resources. Reported by Senator Murkowski without amendment. With written report No. 115-81.</text>
        <type>Committee</type>
      </item>
      <item>
        <actionDate>2017-05-24</actionDate>
        <text>Committee on Energy and Natural Resources. Reported by Senator Murkowski without amendment. With written report No. 115-81.</text>
        <sourceSystem>
          <code>9</code>
          <name>Library of Congress</name>
        </sourceSystem>
        <committee>
          <systemCode>sseg00</systemCode>
          <name>Energy and Natural Resources Committee</name>
        </committee>
        <type>Committee</type>
        <actionCode>14000</actionCode>
        <links>
          <link>
            <url>https://www.congress.gov/congressional-report/115th-congress/senate-report/81</url>
            <name>report No. 115-81</name>
          </link>
        </links>
      </item>
      <item>
        <actionDate>2017-03-30</actionDate>
        <committee>
          <systemCode>sseg00</systemCode>
          <name>Energy and Natural Resources Committee</name>
        </committee>
        <links />
        <sourceSystem>
          <code>0</code>
          <name>Senate</name>
        </sourceSystem>
        <text>Committee on Energy and Natural Resources. Ordered to be reported without amendment favorably.</text>
        <type>Committee</type>
      </item>
      <item>
        <actionDate>2017-03-27</actionDate>
        <committee>
          <systemCode>sseg00</systemCode>
          <name>Energy and Natural Resources Committee</name>
        </committee>
        <links />
        <sourceSystem>
          <code>0</code>
          <name>Senate</name>
        </sourceSystem>
        <text>Read twice and referred to the Committee on Energy and Natural Resources.</text>
        <type>IntroReferral</type>
      </item>
      <item>
        <actionDate>2017-03-27</actionDate>
        <text>Introduced in Senate</text>
        <sourceSystem>
          <code>9</code>
          <name>Library of Congress</name>
        </sourceSystem>
        <committee />
        <type>IntroReferral</type>
        <actionCode>10000</actionCode>
        <links />
      </item>
      <actionTypeCounts>
        <placedOnCalendarGeneralOrders>1</placedOnCalendarGeneralOrders>
        <orderedReported>1</orderedReported>
        <referredToCommittee>1</referredToCommittee>
        <reportedToSenate>2</reportedToSenate>
        <introducedInSenate>1</introducedInSenate>
      </actionTypeCounts>
    </actions>
    <policyArea>
      <name>Energy</name>
    </policyArea>
    <originChamber>Senate</originChamber>
    <subjects>
      <billSubjects>
        <legislativeSubjects>
          <item>
            <name>Administrative law and regulatory procedures</name>
          </item>
          <item>
            <name>Alternative and renewable resources</name>
          </item>
          <item>
            <name>Dams and canals</name>
          </item>
          <item>
            <name>Electric power generation and transmission</name>
          </item>
          <item>
            <name>Federal Energy Regulatory Commission (FERC)</name>
          </item>
          <item>
            <name>Licensing and registrations</name>
          </item>
        </legislativeSubjects>
        <policyArea>
          <name>Energy</name>
        </policyArea>
      </billSubjects>
    </subjects>
    <recordedVotes />
    <cboCostEstimates>
      <item>
        <url>https://www.cbo.gov/publication/52655</url>
        <pubDate>2017-04-21T15:00:09Z</pubDate>
        <title>S. 724, a bill to amend the Federal Power Act to modernize authorizations for necessary hydropower approvals</title>
      </item>
    </cboCostEstimates>
    <billNumber>724</billNumber>
    <updateDate>2018-02-22T15:28:47Z</updateDate>
    <committeeReports>
      <committeeReport>
        <citation>S. Rept. 115-81</citation>
      </committeeReport>
    </committeeReports>
    <notes />
    <laws />
    <createDate>2017-03-28T05:32:35Z</createDate>
    <summaries>
      <billSummaries>
        <item>
          <actionDate>2017-03-27</actionDate>
          <versionCode>00</versionCode>
          <text><![CDATA[<p>This bill amends the Federal Power Act to authorize the Federal Energy Regulatory Commission (FERC) to issue a preliminary permit to a hydropower construction license applicant for up to four years, instead of three.</p> <p>FERC may extend a preliminary permit once for no more than four years and may issue a new permit after the end of an extension if it determines there are extraordinary circumstances that warrant the issuance of an additional permit.</p> <p>Additionally, FERC may extend the time a licensee has to commence construction on a project for up to eight years.Under current law, FERC may extend the license for no more than two years.</p>]]></text>
          <name>Introduced in Senate</name>
          <actionDesc>Introduced in Senate</actionDesc>
          <lastSummaryUpdateDate>2017-05-30T18:16:23Z</lastSummaryUpdateDate>
          <updateDate>2017-03-27T04:00:00Z</updateDate>
        </item>
        <item>
          <actionDate>2017-05-24</actionDate>
          <versionCode>80</versionCode>
          <text><![CDATA[<p>(This measure has not been amended since it was introduced. The summary has been expanded because action occurred on the measure.)</p> <p>(Sec.1)This bill amends the Federal Power Act to authorize the Federal Energy Regulatory Commission (FERC) to issue a preliminary permit to a hydropower construction license applicant for up to four years, instead of three.</p> <p>FERC may extend a preliminary permit once for no more than four years and may issue a new permit after the end of an extension if it determines there are extraordinary circumstances that warrant the issuance of an additional permit.</p> <p>Additionally, FERC may extend the time a licensee has to commence construction on a project for up to eight years.Under current law, FERC may extend the license for no more than two years.</p>]]></text>
          <name>Reported to Senate without amendment</name>
          <actionDesc>Reported to Senate without amendment</actionDesc>
          <lastSummaryUpdateDate>2017-06-15T16:13:14Z</lastSummaryUpdateDate>
          <updateDate>2017-05-24T12:36:05Z</updateDate>
        </item>
      </billSummaries>
    </summaries>
    <amendments />
    <committees>
      <billCommittees>
        <item>
          <activities>
            <item>
              <date>2017-05-24T15:23:52Z</date>
              <name>Reported by</name>
            </item>
            <item>
              <date>2017-03-30T13:30:00Z</date>
              <name>Markup by</name>
            </item>
            <item>
              <date>2017-03-27T20:10:48Z</date>
              <name>Referred to</name>
            </item>
          </activities>
          <type>Standing</type>
          <systemCode>sseg00</systemCode>
          <name>Energy and Natural Resources Committee</name>
          <subcommittees />
          <chamber>Senate</chamber>
        </item>
      </billCommittees>
    </committees>
    <cosponsors />
    <congress>115</congress>
    <relatedBills>
      <item>
        <latestTitle>Hydropower Policy Modernization Act of 2017</latestTitle>
        <type>HR</type>
        <latestAction>
          <actionDate>2017-11-09</actionDate>
          <text>Received in the Senate and Read twice and referred to the Committee on Energy and Natural Resources.</text>
        </latestAction>
        <number>3043</number>
        <congress>115</congress>
        <relationshipDetails>
          <item>
            <type>Related bill</type>
            <identifiedBy>CRS</identifiedBy>
          </item>
        </relationshipDetails>
      </item>
      <item>
        <latestTitle>HYPE Act</latestTitle>
        <type>HR</type>
        <latestAction>
          <actionDate>2017-06-13</actionDate>
          <text>Received in the Senate. Read twice. Placed on Senate Legislative Calendar under General Orders. Calendar No. 135.</text>
        </latestAction>
        <number>2274</number>
        <congress>115</congress>
        <relationshipDetails>
          <item>
            <type>Related bill</type>
            <identifiedBy>CRS</identifiedBy>
          </item>
        </relationshipDetails>
      </item>
    </relatedBills>
    <version>1.0.0</version>
    <sponsors>
      <item>
        <lastName>Murkowski</lastName>
        <identifiers>
          <bioguideId>M001153</bioguideId>
          <gpoId>8234</gpoId>
          <lisID>1694</lisID>
        </identifiers>
        <middleName />
        <bioguideId>M001153</bioguideId>
        <firstName>Lisa</firstName>
        <byRequestType />
        <state>AK</state>
        <fullName>Sen. Murkowski, Lisa [R-AK]</fullName>
        <party>R</party>
      </item>
    </sponsors>
  </bill>
  <dublinCore xmlns:dc="http://purl.org/dc/elements/1.1/">
    <dc:format>text/xml</dc:format>
    <dc:language>EN</dc:language>
    <dc:rights>Pursuant to Title 17 Section 105 of the United States Code, this file is not subject to copyright protection and is in the public domain.</dc:rights>
    <dc:contributor>Congressional Research Service, Library of Congress</dc:contributor>
    <dc:description>This file contains bill summaries and statuses for federal legislation. A bill summary describes the most significant provisions of a piece of legislation and details the effects the legislative text may have on current law and federal programs. Bill summaries are authored by the Congressional Research Service (CRS) of the Library of Congress. As stated in Public Law 91-510 (2 USC 166 (d)(6)), one of the duties of CRS is "to prepare summaries and digests of bills and resolutions of a public general nature introduced in the Senate or House of Representatives". For more information, refer to the User Guide that accompanies this file.</dc:description>
  </dublinCore>
</billStatus>

