<?xml version="1.0" encoding="UTF-8"?>
<billStatus>
  <bill>
    <sponsors>
      <item>
        <fullName>Sen. Grassley, Chuck [R-IA]</fullName>
        <lastName>GRASSLEY</lastName>
        <bioguideId>G000386</bioguideId>
        <party>R</party>
        <middleName>ERNEST</middleName>
        <state>IA</state>
        <firstName>CHARLES</firstName>
        <byRequestType />
        <identifiers>
          <lisID>457</lisID>
          <bioguideId>G000386</bioguideId>
          <gpoId>8316</gpoId>
        </identifiers>
      </item>
    </sponsors>
    <laws />
    <version>1.0.0</version>
    <introducedDate>2017-04-07</introducedDate>
    <cboCostEstimates />
    <titles>
      <item>
        <chamberCode />
        <titleType>(Extracted from GPO) Short Titles as Introduced</titleType>
        <parentTitleType />
        <chamberName />
        <title>Net Price Calculator Improvement Act</title>
      </item>
      <item>
        <chamberCode />
        <titleType>Short Titles as Introduced</titleType>
        <parentTitleType />
        <chamberName />
        <title>Net Price Calculator Improvement Act</title>
      </item>
      <item>
        <chamberCode />
        <titleType>Official Title as Introduced</titleType>
        <parentTitleType />
        <chamberName />
        <title>A bill to amend the Higher Education Act of 1965 to make technical improvements to the Net Price Calculator system so that prospective students may have a more accurate understanding of the true cost of college.</title>
      </item>
      <item>
        <chamberCode />
        <titleType>Display Title</titleType>
        <parentTitleType />
        <chamberName />
        <title>Net Price Calculator Improvement Act</title>
      </item>
    </titles>
    <amendments />
    <recordedVotes />
    <relatedBills />
    <congress>115</congress>
    <billType>S</billType>
    <actions>
      <actionByCounts>
        <senate>2</senate>
      </actionByCounts>
      <actionTypeCounts>
        <referredToCommittee>1</referredToCommittee>
        <introducedInSenate>1</introducedInSenate>
      </actionTypeCounts>
      <item>
        <actionDate>2017-04-07</actionDate>
        <committee>
          <systemCode>sshr00</systemCode>
          <name>Health, Education, Labor, and Pensions Committee</name>
        </committee>
        <links />
        <sourceSystem>
          <name>Senate</name>
          <code>0</code>
        </sourceSystem>
        <text>Read twice and referred to the Committee on Health, Education, Labor, and Pensions.</text>
        <type>IntroReferral</type>
      </item>
      <item>
        <actionDate>2017-04-07</actionDate>
        <text>Introduced in Senate</text>
        <sourceSystem>
          <name>Library of Congress</name>
          <code>9</code>
        </sourceSystem>
        <committee />
        <links />
        <actionCode>10000</actionCode>
        <type>IntroReferral</type>
      </item>
    </actions>
    <notes />
    <originChamber>Senate</originChamber>
    <title>Net Price Calculator Improvement Act</title>
    <billNumber>889</billNumber>
    <cosponsors>
      <item>
        <isOriginalCosponsor>True</isOriginalCosponsor>
        <fullName>Sen. Franken, Al [D-MN]</fullName>
        <middleName />
        <state>MN</state>
        <sponsorshipDate>2017-04-07</sponsorshipDate>
        <firstName>Al</firstName>
        <bioguideId>F000457</bioguideId>
        <party>D</party>
        <lastName>Franken</lastName>
        <sponsorshipWithdrawnDate />
        <identifiers>
          <lisID>1969</lisID>
          <bioguideId>F000457</bioguideId>
          <gpoId>8339</gpoId>
        </identifiers>
      </item>
      <item>
        <isOriginalCosponsor>False</isOriginalCosponsor>
        <fullName>Sen. Kaine, Tim [D-VA]</fullName>
        <middleName />
        <state>VA</state>
        <sponsorshipDate>2017-06-05</sponsorshipDate>
        <firstName>Timothy</firstName>
        <bioguideId>K000384</bioguideId>
        <party>D</party>
        <lastName>Kaine</lastName>
        <sponsorshipWithdrawnDate />
        <identifiers>
          <gpoId />
          <lisID>2176</lisID>
          <bioguideId>K000384</bioguideId>
        </identifiers>
      </item>
      <item>
        <isOriginalCosponsor>False</isOriginalCosponsor>
        <fullName>Sen. Coons, Christopher A. [D-DE]</fullName>
        <middleName>A.</middleName>
        <state>DE</state>
        <sponsorshipDate>2017-06-05</sponsorshipDate>
        <firstName>Christopher</firstName>
        <bioguideId>C001088</bioguideId>
        <party>D</party>
        <lastName>Coons</lastName>
        <sponsorshipWithdrawnDate />
        <identifiers>
          <bioguideId>C001088</bioguideId>
          <lisID>1984</lisID>
          <gpoId>8297</gpoId>
        </identifiers>
      </item>
      <item>
        <isOriginalCosponsor>False</isOriginalCosponsor>
        <fullName>Sen. Smith, Tina  [D-MN]</fullName>
        <middleName />
        <state>MN</state>
        <sponsorshipDate>2018-02-05</sponsorshipDate>
        <firstName>Tina</firstName>
        <bioguideId>S001203</bioguideId>
        <party>D</party>
        <lastName>Smith</lastName>
        <sponsorshipWithdrawnDate />
        <identifiers>
          <lisID>2365</lisID>
          <gpoId />
          <bioguideId>S001203</bioguideId>
        </identifiers>
      </item>
    </cosponsors>
    <summaries>
      <billSummaries>
        <item>
          <versionCode>00</versionCode>
          <text><![CDATA[<p><b>Net Price Calculator Improvement Act</b></p> <p>This bill amends the Higher Education Act of 1965 to establish the minimum requirements for the net price calculator that an institution of higher education (IHE) receiving federal funds under title IV (Student Assistance) of the Act must include on its website. (An IHE's net price is the average yearly price actually charged to first-time, full-time undergraduate students receiving student aid at the school after deducting such aid.)</p> <p> <p> <p> <p>It authorizes the Department of Education to develop a universal net price calculator that enables users to answer one set of questions and receive net prices for any IHE that is required to have a net price calculator.</p>]]></text>
          <actionDesc>Introduced in Senate</actionDesc>
          <actionDate>2017-04-07</actionDate>
          <lastSummaryUpdateDate>2017-11-02T19:10:35Z</lastSummaryUpdateDate>
          <name>Introduced in Senate</name>
          <updateDate>2017-04-07T04:00:00Z</updateDate>
        </item>
      </billSummaries>
    </summaries>
    <policyArea>
      <name>Education</name>
    </policyArea>
    <latestAction>
      <links />
      <actionDate>2017-04-07</actionDate>
      <text>Read twice and referred to the Committee on Health, Education, Labor, and Pensions.</text>
    </latestAction>
    <updateDate>2018-02-06T16:45:14Z</updateDate>
    <committees>
      <billCommittees>
        <item>
          <subcommittees />
          <type>Standing</type>
          <systemCode>sshr00</systemCode>
          <activities>
            <item>
              <name>Referred to</name>
              <date>2017-04-07T14:07:37Z</date>
            </item>
          </activities>
          <name>Health, Education, Labor, and Pensions Committee</name>
          <chamber>Senate</chamber>
        </item>
      </billCommittees>
    </committees>
    <createDate>2017-04-08T00:41:49Z</createDate>
    <subjects>
      <billSubjects>
        <policyArea>
          <name>Education</name>
        </policyArea>
        <legislativeSubjects>
          <item>
            <name>Congressional oversight</name>
          </item>
          <item>
            <name>Consumer affairs</name>
          </item>
          <item>
            <name>Government information and archives</name>
          </item>
          <item>
            <name>Higher education</name>
          </item>
          <item>
            <name>Internet and video services</name>
          </item>
          <item>
            <name>Student aid and college costs</name>
          </item>
          <item>
            <name>Veterans' education, employment, rehabilitation</name>
          </item>
        </legislativeSubjects>
      </billSubjects>
    </subjects>
    <committeeReports />
    <calendarNumbers />
  </bill>
  <dublinCore xmlns:dc="http://purl.org/dc/elements/1.1/">
    <dc:format>text/xml</dc:format>
    <dc:language>EN</dc:language>
    <dc:rights>Pursuant to Title 17 Section 105 of the United States Code, this file is not subject to copyright protection and is in the public domain.</dc:rights>
    <dc:contributor>Congressional Research Service, Library of Congress</dc:contributor>
    <dc:description>This file contains bill summaries and statuses for federal legislation. A bill summary describes the most significant provisions of a piece of legislation and details the effects the legislative text may have on current law and federal programs. Bill summaries are authored by the Congressional Research Service (CRS) of the Library of Congress. As stated in Public Law 91-510 (2 USC 166 (d)(6)), one of the duties of CRS is "to prepare summaries and digests of bills and resolutions of a public general nature introduced in the Senate or House of Representatives". For more information, refer to the User Guide that accompanies this file.</dc:description>
  </dublinCore>
</billStatus>

