<?xml version="1.0" encoding="UTF-8"?>
<billStatus>
  <bill>
    <originChamber>Senate</originChamber>
    <introducedDate>2017-03-23</introducedDate>
    <cosponsors>
      <item>
        <party>D</party>
        <bioguideId>K000367</bioguideId>
        <isOriginalCosponsor>True</isOriginalCosponsor>
        <firstName>Amy</firstName>
        <middleName />
        <sponsorshipWithdrawnDate />
        <sponsorshipDate>2017-03-23</sponsorshipDate>
        <fullName>Sen. Klobuchar, Amy [D-MN]</fullName>
        <identifiers>
          <lisID>1826</lisID>
          <gpoId>8249</gpoId>
          <bioguideId>K000367</bioguideId>
        </identifiers>
        <lastName>Klobuchar</lastName>
        <state>MN</state>
      </item>
      <item>
        <party>D</party>
        <bioguideId>W000817</bioguideId>
        <isOriginalCosponsor>False</isOriginalCosponsor>
        <firstName>Elizabeth</firstName>
        <middleName>A.</middleName>
        <sponsorshipWithdrawnDate />
        <sponsorshipDate>2017-05-10</sponsorshipDate>
        <fullName>Sen. Warren, Elizabeth [D-MA]</fullName>
        <identifiers>
          <lisID>2182</lisID>
          <bioguideId>W000817</bioguideId>
          <gpoId />
        </identifiers>
        <lastName>Warren</lastName>
        <state>MA</state>
      </item>
    </cosponsors>
    <billType>S</billType>
    <recordedVotes />
    <laws />
    <committeeReports />
    <actions>
      <item>
        <actionDate>2017-03-23</actionDate>
        <committee>
          <systemCode>ssfi00</systemCode>
          <name>Finance Committee</name>
        </committee>
        <links>
          <link>
            <name>S1975</name>
            <url>https://www.congress.gov/congressional-record/volume-163/senate-section/page/S1975</url>
          </link>
        </links>
        <sourceSystem>
          <name>Senate</name>
          <code>0</code>
        </sourceSystem>
        <text>Read twice and referred to the Committee on Finance. (text of measure as introduced: CR S1975)</text>
        <type>IntroReferral</type>
      </item>
      <item>
        <sourceSystem>
          <name>Library of Congress</name>
          <code>9</code>
        </sourceSystem>
        <actionDate>2017-03-23</actionDate>
        <links />
        <text>Introduced in Senate</text>
        <committee />
        <actionCode>10000</actionCode>
        <type>IntroReferral</type>
      </item>
      <actionByCounts>
        <senate>2</senate>
      </actionByCounts>
      <actionTypeCounts>
        <referredToCommittee>1</referredToCommittee>
        <introducedInSenate>1</introducedInSenate>
      </actionTypeCounts>
    </actions>
    <createDate>2017-03-24T05:21:03Z</createDate>
    <version>1.0.0</version>
    <notes />
    <latestAction>
      <actionDate>2017-03-23</actionDate>
      <text>Read twice and referred to the Committee on Finance. (text of measure as introduced: CR S1975)</text>
      <links />
    </latestAction>
    <title>Sinai Service Recognition Act</title>
    <summaries>
      <billSummaries>
        <item>
          <text><![CDATA[<p><b>Sinai Service Recognition Act</b></p> <p>This bill amends the Internal Revenue Code to require a qualified hazardous duty area to be treated in the same manner as a combat zone for certain tax provisions. </p> <p>A &quot;qualified hazardous duty area&quot; is the Sinai Peninsula of Egypt if a member of the Armed Forces performs services in such location that qualify for special pay for duty subject to hostile fire or imminent danger. </p> <p>The requirement applies to specified tax provisions relating to: </p> <ul> <li> the special rule where a deceased spouse was in missing status;</li> <li> the exclusion from gross income of certain combat pay of members of the Armed Forces; </li> <li> income taxes of members of the Armed Forces on death; </li> <li> combat zone-related deaths of members of the Armed Forces;</li> <li> the definition of wages relating to combat pay for members of the Armed Forces; </li> <li> the taxation of phone service originating from a combat zone from members of the Armed Forces;</li> <li> joint tax returns where an individual is in missing status; and </li> <li> additional time for individuals serving in combat zones to file returns, pay taxes, and perform other specified acts. </li> </ul>]]></text>
          <versionCode>00</versionCode>
          <actionDate>2017-03-23</actionDate>
          <name>Introduced in Senate</name>
          <actionDesc>Introduced in Senate</actionDesc>
          <lastSummaryUpdateDate>2017-04-08T14:59:26Z</lastSummaryUpdateDate>
          <updateDate>2017-03-23T04:00:00Z</updateDate>
        </item>
      </billSummaries>
    </summaries>
    <congress>115</congress>
    <policyArea>
      <name>Taxation</name>
    </policyArea>
    <billNumber>704</billNumber>
    <calendarNumbers />
    <cboCostEstimates />
    <subjects>
      <billSubjects>
        <policyArea>
          <name>Taxation</name>
        </policyArea>
        <legislativeSubjects>
          <item>
            <name>Egypt</name>
          </item>
          <item>
            <name>Employment taxes</name>
          </item>
          <item>
            <name>Income tax exclusion</name>
          </item>
          <item>
            <name>Marriage and family status</name>
          </item>
          <item>
            <name>Middle East</name>
          </item>
          <item>
            <name>Military operations and strategy</name>
          </item>
          <item>
            <name>Military personnel and dependents</name>
          </item>
          <item>
            <name>Sales and excise taxes</name>
          </item>
          <item>
            <name>Tax administration and collection, taxpayers</name>
          </item>
          <item>
            <name>Telephone and wireless communication</name>
          </item>
          <item>
            <name>Transfer and inheritance taxes</name>
          </item>
          <item>
            <name>Wages and earnings</name>
          </item>
        </legislativeSubjects>
      </billSubjects>
    </subjects>
    <relatedBills>
      <item>
        <latestTitle>Sinai Service Recognition Act</latestTitle>
        <number>2138</number>
        <latestAction>
          <actionDate>2017-04-25</actionDate>
          <text>Referred to the House Committee on Ways and Means.</text>
        </latestAction>
        <congress>115</congress>
        <relationshipDetails>
          <item>
            <identifiedBy>CRS</identifiedBy>
            <type>Identical bill</type>
          </item>
        </relationshipDetails>
        <type>HR</type>
      </item>
      <item>
        <latestTitle>An original bill to provide for reconciliation pursuant to title II of the concurrent resolution on the budget for fiscal year 2018.</latestTitle>
        <number>1</number>
        <latestAction>
          <actionDate>2017-11-28</actionDate>
          <text>Placed on Senate Legislative Calendar under General Orders. Calendar No. 269.</text>
        </latestAction>
        <congress>115</congress>
        <relationshipDetails>
          <item>
            <identifiedBy>CRS</identifiedBy>
            <type>Related bill</type>
          </item>
        </relationshipDetails>
        <type>S</type>
      </item>
    </relatedBills>
    <committees>
      <billCommittees>
        <item>
          <name>Finance Committee</name>
          <chamber>Senate</chamber>
          <type>Standing</type>
          <subcommittees />
          <systemCode>ssfi00</systemCode>
          <activities>
            <item>
              <name>Referred to</name>
              <date>2017-03-23T15:06:15Z</date>
            </item>
          </activities>
        </item>
      </billCommittees>
    </committees>
    <titles>
      <item>
        <parentTitleType />
        <chamberCode />
        <chamberName />
        <titleType>(Extracted from GPO) Short Titles as Introduced</titleType>
        <title>Sinai Service Recognition Act</title>
      </item>
      <item>
        <parentTitleType />
        <chamberCode />
        <chamberName />
        <titleType>Short Titles as Introduced</titleType>
        <title>Sinai Service Recognition Act</title>
      </item>
      <item>
        <parentTitleType />
        <chamberCode />
        <chamberName />
        <titleType>Official Title as Introduced</titleType>
        <title>A bill to provide that members of the Armed Forces performing services in the Sinai Peninsula of Egypt shall be entitled to tax benefits in the same manner as if such services were performed in a combat zone.</title>
      </item>
      <item>
        <parentTitleType />
        <chamberCode />
        <chamberName />
        <titleType>Display Title</titleType>
        <title>Sinai Service Recognition Act</title>
      </item>
    </titles>
    <sponsors>
      <item>
        <fullName>Sen. Cornyn, John [R-TX]</fullName>
        <middleName />
        <state>TX</state>
        <byRequestType />
        <firstName>John</firstName>
        <bioguideId>C001056</bioguideId>
        <party>R</party>
        <lastName>Cornyn</lastName>
        <identifiers>
          <lisID>1692</lisID>
          <bioguideId>C001056</bioguideId>
          <gpoId>8295</gpoId>
        </identifiers>
      </item>
    </sponsors>
    <updateDate>2018-02-06T16:45:05Z</updateDate>
    <amendments />
  </bill>
  <dublinCore xmlns:dc="http://purl.org/dc/elements/1.1/">
    <dc:format>text/xml</dc:format>
    <dc:language>EN</dc:language>
    <dc:rights>Pursuant to Title 17 Section 105 of the United States Code, this file is not subject to copyright protection and is in the public domain.</dc:rights>
    <dc:contributor>Congressional Research Service, Library of Congress</dc:contributor>
    <dc:description>This file contains bill summaries and statuses for federal legislation. A bill summary describes the most significant provisions of a piece of legislation and details the effects the legislative text may have on current law and federal programs. Bill summaries are authored by the Congressional Research Service (CRS) of the Library of Congress. As stated in Public Law 91-510 (2 USC 166 (d)(6)), one of the duties of CRS is "to prepare summaries and digests of bills and resolutions of a public general nature introduced in the Senate or House of Representatives". For more information, refer to the User Guide that accompanies this file.</dc:description>
  </dublinCore>
</billStatus>

