<?xml version="1.0" encoding="UTF-8"?>
<billStatus>
  <bill>
    <originChamber>Senate</originChamber>
    <introducedDate>2017-03-07</introducedDate>
    <cosponsors>
      <item>
        <fullName>Sen. Hatch, Orrin G. [R-UT]</fullName>
        <lastName>HATCH</lastName>
        <bioguideId>H000338</bioguideId>
        <isOriginalCosponsor>True</isOriginalCosponsor>
        <middleName>GRANT</middleName>
        <state>UT</state>
        <firstName>ORRIN</firstName>
        <sponsorshipDate>2017-03-07</sponsorshipDate>
        <sponsorshipWithdrawnDate />
        <party>R</party>
        <identifiers>
          <lisID>1351</lisID>
          <bioguideId>H000338</bioguideId>
          <gpoId>8314</gpoId>
        </identifiers>
      </item>
      <item>
        <fullName>Sen. Wyden, Ron [D-OR]</fullName>
        <lastName>WYDEN</lastName>
        <bioguideId>W000779</bioguideId>
        <isOriginalCosponsor>True</isOriginalCosponsor>
        <middleName />
        <state>OR</state>
        <firstName>RON</firstName>
        <sponsorshipDate>2017-03-07</sponsorshipDate>
        <sponsorshipWithdrawnDate />
        <party>D</party>
        <identifiers>
          <gpoId>8265</gpoId>
          <lisID>1247</lisID>
          <bioguideId>W000779</bioguideId>
        </identifiers>
      </item>
      <item>
        <fullName>Sen. Schumer, Charles E. [D-NY]</fullName>
        <lastName>SCHUMER</lastName>
        <bioguideId>S000148</bioguideId>
        <isOriginalCosponsor>True</isOriginalCosponsor>
        <middleName>E.</middleName>
        <state>NY</state>
        <firstName>CHARLES</firstName>
        <sponsorshipDate>2017-03-07</sponsorshipDate>
        <sponsorshipWithdrawnDate />
        <party>D</party>
        <identifiers>
          <bioguideId>S000148</bioguideId>
          <lisID>1036</lisID>
          <gpoId>8279</gpoId>
        </identifiers>
      </item>
      <item>
        <fullName>Sen. Schatz, Brian [D-HI]</fullName>
        <lastName>Schatz</lastName>
        <bioguideId>S001194</bioguideId>
        <isOriginalCosponsor>True</isOriginalCosponsor>
        <middleName />
        <state>HI</state>
        <firstName>Brian</firstName>
        <sponsorshipDate>2017-03-07</sponsorshipDate>
        <sponsorshipWithdrawnDate />
        <party>D</party>
        <identifiers>
          <gpoId />
          <bioguideId>S001194</bioguideId>
          <lisID>2173</lisID>
        </identifiers>
      </item>
      <item>
        <fullName>Sen. Leahy, Patrick J. [D-VT]</fullName>
        <lastName>LEAHY</lastName>
        <bioguideId>L000174</bioguideId>
        <isOriginalCosponsor>True</isOriginalCosponsor>
        <middleName>JOSEPH</middleName>
        <state>VT</state>
        <firstName>PATRICK</firstName>
        <sponsorshipDate>2017-03-07</sponsorshipDate>
        <sponsorshipWithdrawnDate />
        <party>D</party>
        <identifiers>
          <lisID>1383</lisID>
          <gpoId>8244</gpoId>
          <bioguideId>L000174</bioguideId>
        </identifiers>
      </item>
      <item>
        <fullName>Sen. Heller, Dean [R-NV]</fullName>
        <lastName>Heller</lastName>
        <bioguideId>H001041</bioguideId>
        <isOriginalCosponsor>True</isOriginalCosponsor>
        <middleName />
        <state>NV</state>
        <firstName>Dean</firstName>
        <sponsorshipDate>2017-03-07</sponsorshipDate>
        <sponsorshipWithdrawnDate />
        <party>R</party>
        <identifiers>
          <bioguideId>H001041</bioguideId>
          <lisID>1863</lisID>
          <gpoId>8060</gpoId>
        </identifiers>
      </item>
      <item>
        <fullName>Sen. Merkley, Jeff [D-OR]</fullName>
        <lastName>Merkley</lastName>
        <bioguideId>M001176</bioguideId>
        <isOriginalCosponsor>True</isOriginalCosponsor>
        <middleName />
        <state>OR</state>
        <firstName>Jeff</firstName>
        <sponsorshipDate>2017-03-07</sponsorshipDate>
        <sponsorshipWithdrawnDate />
        <party>D</party>
        <identifiers>
          <bioguideId>M001176</bioguideId>
          <lisID>1900</lisID>
          <gpoId>8238</gpoId>
        </identifiers>
      </item>
      <item>
        <fullName>Sen. Booker, Cory A. [D-NJ]</fullName>
        <lastName>Booker</lastName>
        <bioguideId>B001288</bioguideId>
        <isOriginalCosponsor>True</isOriginalCosponsor>
        <middleName>A.</middleName>
        <state>NJ</state>
        <firstName>Cory</firstName>
        <sponsorshipDate>2017-03-07</sponsorshipDate>
        <sponsorshipWithdrawnDate />
        <party>D</party>
        <identifiers>
          <lisID>2194</lisID>
          <bioguideId>B001288</bioguideId>
          <gpoId />
        </identifiers>
      </item>
      <item>
        <fullName>Sen. Murkowski, Lisa [R-AK]</fullName>
        <lastName>Murkowski</lastName>
        <bioguideId>M001153</bioguideId>
        <isOriginalCosponsor>True</isOriginalCosponsor>
        <middleName />
        <state>AK</state>
        <firstName>Lisa</firstName>
        <sponsorshipDate>2017-03-07</sponsorshipDate>
        <sponsorshipWithdrawnDate />
        <party>R</party>
        <identifiers>
          <gpoId>8234</gpoId>
          <bioguideId>M001153</bioguideId>
          <lisID>1694</lisID>
        </identifiers>
      </item>
      <item>
        <fullName>Sen. Young, Todd C. [R-IN]</fullName>
        <lastName>Young</lastName>
        <bioguideId>Y000064</bioguideId>
        <isOriginalCosponsor>True</isOriginalCosponsor>
        <middleName>C.</middleName>
        <state>IN</state>
        <firstName>Todd</firstName>
        <sponsorshipDate>2017-03-07</sponsorshipDate>
        <sponsorshipWithdrawnDate />
        <party>R</party>
        <identifiers>
          <lisID>2019</lisID>
          <gpoId>7948</gpoId>
          <bioguideId>Y000064</bioguideId>
        </identifiers>
      </item>
      <item>
        <fullName>Sen. Collins, Susan M. [R-ME]</fullName>
        <lastName>COLLINS</lastName>
        <bioguideId>C001035</bioguideId>
        <isOriginalCosponsor>True</isOriginalCosponsor>
        <middleName>MARGARET</middleName>
        <state>ME</state>
        <firstName>SUSAN</firstName>
        <sponsorshipDate>2017-03-07</sponsorshipDate>
        <sponsorshipWithdrawnDate />
        <party>R</party>
        <identifiers>
          <lisID>1541</lisID>
          <gpoId>8291</gpoId>
          <bioguideId>C001035</bioguideId>
        </identifiers>
      </item>
      <item>
        <fullName>Sen. Bennet, Michael F. [D-CO]</fullName>
        <lastName>Bennet</lastName>
        <bioguideId>B001267</bioguideId>
        <isOriginalCosponsor>True</isOriginalCosponsor>
        <middleName>F.</middleName>
        <state>CO</state>
        <firstName>Michael</firstName>
        <sponsorshipDate>2017-03-07</sponsorshipDate>
        <sponsorshipWithdrawnDate />
        <party>D</party>
        <identifiers>
          <bioguideId>B001267</bioguideId>
          <lisID>1965</lisID>
          <gpoId>8302</gpoId>
        </identifiers>
      </item>
      <item>
        <fullName>Sen. Shaheen, Jeanne [D-NH]</fullName>
        <lastName>Shaheen</lastName>
        <bioguideId>S001181</bioguideId>
        <isOriginalCosponsor>False</isOriginalCosponsor>
        <middleName />
        <state>NH</state>
        <firstName>Jeanne</firstName>
        <sponsorshipDate>2017-03-13</sponsorshipDate>
        <sponsorshipWithdrawnDate />
        <party>D</party>
        <identifiers>
          <bioguideId>S001181</bioguideId>
          <lisID>1901</lisID>
          <gpoId>8276</gpoId>
        </identifiers>
      </item>
      <item>
        <fullName>Sen. Portman, Rob [R-OH]</fullName>
        <lastName>PORTMAN</lastName>
        <bioguideId>P000449</bioguideId>
        <isOriginalCosponsor>False</isOriginalCosponsor>
        <middleName />
        <state>OH</state>
        <firstName>ROB</firstName>
        <sponsorshipDate>2017-03-13</sponsorshipDate>
        <sponsorshipWithdrawnDate />
        <party>R</party>
        <identifiers>
          <bioguideId>P000449</bioguideId>
          <lisID>924</lisID>
          <gpoId>8266</gpoId>
        </identifiers>
      </item>
      <item>
        <fullName>Sen. Sanders, Bernard [I-VT]</fullName>
        <lastName>SANDERS</lastName>
        <bioguideId>S000033</bioguideId>
        <isOriginalCosponsor>False</isOriginalCosponsor>
        <middleName />
        <state>VT</state>
        <firstName>BERNARD</firstName>
        <sponsorshipDate>2017-04-06</sponsorshipDate>
        <sponsorshipWithdrawnDate />
        <party>I</party>
        <identifiers>
          <bioguideId>S000033</bioguideId>
          <lisID>1010</lisID>
          <gpoId>8270</gpoId>
        </identifiers>
      </item>
      <item>
        <fullName>Sen. Hassan, Margaret Wood [D-NH]</fullName>
        <lastName>Hassan</lastName>
        <bioguideId>H001076</bioguideId>
        <isOriginalCosponsor>False</isOriginalCosponsor>
        <middleName>Wood</middleName>
        <state>NH</state>
        <firstName>Margaret</firstName>
        <sponsorshipDate>2017-04-06</sponsorshipDate>
        <sponsorshipWithdrawnDate />
        <party>D</party>
        <identifiers>
          <gpoId />
          <bioguideId>H001076</bioguideId>
          <lisID>2302</lisID>
        </identifiers>
      </item>
      <item>
        <fullName>Sen. Murray, Patty [D-WA]</fullName>
        <lastName>MURRAY</lastName>
        <bioguideId>M001111</bioguideId>
        <isOriginalCosponsor>False</isOriginalCosponsor>
        <middleName />
        <state>WA</state>
        <firstName>PATTY</firstName>
        <sponsorshipDate>2017-05-15</sponsorshipDate>
        <sponsorshipWithdrawnDate />
        <party>D</party>
        <identifiers>
          <bioguideId>M001111</bioguideId>
          <lisID>1409</lisID>
          <gpoId>8237</gpoId>
        </identifiers>
      </item>
      <item>
        <fullName>Sen. Sullivan, Dan  [R-AK]</fullName>
        <lastName>Sullivan</lastName>
        <bioguideId>S001198</bioguideId>
        <isOriginalCosponsor>False</isOriginalCosponsor>
        <middleName />
        <state>AK</state>
        <firstName>Dan</firstName>
        <sponsorshipDate>2017-05-15</sponsorshipDate>
        <sponsorshipWithdrawnDate />
        <party>R</party>
        <identifiers>
          <lisID>2290</lisID>
          <bioguideId>S001198</bioguideId>
          <gpoId />
        </identifiers>
      </item>
      <item>
        <fullName>Sen. Isakson, Johnny [R-GA]</fullName>
        <lastName>Isakson</lastName>
        <bioguideId>I000055</bioguideId>
        <isOriginalCosponsor>False</isOriginalCosponsor>
        <middleName />
        <state>GA</state>
        <firstName>Johnny</firstName>
        <sponsorshipDate>2017-06-14</sponsorshipDate>
        <sponsorshipWithdrawnDate />
        <party>R</party>
        <identifiers>
          <lisID>1608</lisID>
          <bioguideId>I000055</bioguideId>
          <gpoId>8323</gpoId>
        </identifiers>
      </item>
      <item>
        <fullName>Sen. Graham, Lindsey [R-SC]</fullName>
        <lastName>GRAHAM</lastName>
        <bioguideId>G000359</bioguideId>
        <isOriginalCosponsor>False</isOriginalCosponsor>
        <middleName>O.</middleName>
        <state>SC</state>
        <firstName>LINDSEY</firstName>
        <sponsorshipDate>2017-10-02</sponsorshipDate>
        <sponsorshipWithdrawnDate />
        <party>R</party>
        <identifiers>
          <lisID>452</lisID>
          <bioguideId>G000359</bioguideId>
          <gpoId>8335</gpoId>
        </identifiers>
      </item>
      <item>
        <fullName>Sen. Scott, Tim [R-SC]</fullName>
        <lastName>Scott</lastName>
        <bioguideId>S001184</bioguideId>
        <isOriginalCosponsor>False</isOriginalCosponsor>
        <middleName />
        <state>SC</state>
        <firstName>Tim</firstName>
        <sponsorshipDate>2017-10-31</sponsorshipDate>
        <sponsorshipWithdrawnDate />
        <party>R</party>
        <identifiers>
          <lisID>2056</lisID>
          <bioguideId>S001184</bioguideId>
          <gpoId>8141</gpoId>
        </identifiers>
      </item>
      <item>
        <fullName>Sen. Kaine, Tim [D-VA]</fullName>
        <lastName>Kaine</lastName>
        <bioguideId>K000384</bioguideId>
        <isOriginalCosponsor>False</isOriginalCosponsor>
        <middleName />
        <state>VA</state>
        <firstName>Timothy</firstName>
        <sponsorshipDate>2017-10-31</sponsorshipDate>
        <sponsorshipWithdrawnDate />
        <party>D</party>
        <identifiers>
          <lisID>2176</lisID>
          <gpoId />
          <bioguideId>K000384</bioguideId>
        </identifiers>
      </item>
      <item>
        <fullName>Sen. Kaine, Tim [D-VA]</fullName>
        <lastName>Kaine</lastName>
        <bioguideId>K000384</bioguideId>
        <isOriginalCosponsor>False</isOriginalCosponsor>
        <middleName />
        <state>VA</state>
        <firstName>Timothy</firstName>
        <sponsorshipDate>2017-10-31</sponsorshipDate>
        <sponsorshipWithdrawnDate />
        <party>D</party>
        <identifiers>
          <lisID>2176</lisID>
          <gpoId />
          <bioguideId>K000384</bioguideId>
        </identifiers>
      </item>
    </cosponsors>
    <billType>S</billType>
    <recordedVotes />
    <laws />
    <committeeReports />
    <actions>
      <actionByCounts>
        <senate>2</senate>
      </actionByCounts>
      <item>
        <actionDate>2017-03-07</actionDate>
        <committee>
          <name>Finance Committee</name>
          <systemCode>ssfi00</systemCode>
        </committee>
        <links />
        <sourceSystem>
          <name>Senate</name>
          <code>0</code>
        </sourceSystem>
        <text>Read twice and referred to the Committee on Finance.</text>
        <type>IntroReferral</type>
      </item>
      <item>
        <text>Introduced in Senate</text>
        <type>IntroReferral</type>
        <sourceSystem>
          <name>Library of Congress</name>
          <code>9</code>
        </sourceSystem>
        <committee />
        <actionCode>10000</actionCode>
        <actionDate>2017-03-07</actionDate>
        <links />
      </item>
      <actionTypeCounts>
        <referredToCommittee>1</referredToCommittee>
        <introducedInSenate>1</introducedInSenate>
      </actionTypeCounts>
    </actions>
    <createDate>2017-03-08T05:28:21Z</createDate>
    <version>1.0.0</version>
    <notes />
    <latestAction>
      <actionDate>2017-03-07</actionDate>
      <text>Read twice and referred to the Committee on Finance.</text>
      <links />
    </latestAction>
    <title>Affordable Housing Credit Improvement Act of 2017</title>
    <summaries>
      <billSummaries>
        <item>
          <updateDate>2017-03-07T05:00:00Z</updateDate>
          <actionDesc>Introduced in Senate</actionDesc>
          <versionCode>00</versionCode>
          <name>Introduced in Senate</name>
          <text><![CDATA[<p><b>Affordable Housing Credit Improvement Act of 2017</b></p> <p>This bill amends the Internal Revenue Code, with respect to the low-income housing credit, to rename the credit &quot;the affordable housing credit&quot; and make several modifications to the credit. </p> <p>The bill increases state allocations for the credit and modifies the cost-of-living adjustments. It also revises tenant eligibility requirements, with respect to: </p> <ul> <li> the average income test, </li> <li>income eligibility for rural projects, </li> <li> increased tenant income, </li> <li> student occupancy rules, and</li> <li>tenant voucher payments that are taken into account as rent. </li> </ul> <p>The bill revises various requirements to:</p> <ul> <li> establish a 4% minimum credit rate for certain projects, </li> <li>permit relocation costs to be taken into account as rehabilitation expenditures,</li> <li> repeal the qualified census tract population cap, </li> <li>require housing credit agencies to make certain determinations regarding community revitalization plans, </li> <li> prohibit local approval and contribution requirements, </li> <li> increase the credit for certain projects designated to serve extremely low-income households, </li> <li> increase the credit for certain bond-financed projects designated by state agencies, </li> <li>increase the population cap for difficult development areas, and</li> <li> eliminate the basis reduction for affordable housing properties that are allowed the credit and receive certain energy-related tax credits and deductions. </li> </ul> <p>The bill also modifies requirements regarding the reconstruction or replacement period after a casualty loss, rights related to building purchases, the prohibition on claiming acquisition credits for properties placed in service in the previous 10 years, foreclosures, and projects that assist Native Americans. </p>]]></text>
          <lastSummaryUpdateDate>2017-04-03T21:36:17Z</lastSummaryUpdateDate>
          <actionDate>2017-03-07</actionDate>
        </item>
      </billSummaries>
    </summaries>
    <congress>115</congress>
    <policyArea>
      <name>Taxation</name>
    </policyArea>
    <billNumber>548</billNumber>
    <calendarNumbers />
    <cboCostEstimates />
    <subjects>
      <billSubjects>
        <legislativeSubjects>
          <item>
            <name>Alternative and renewable resources</name>
          </item>
          <item>
            <name>Building construction</name>
          </item>
          <item>
            <name>Business investment and capital</name>
          </item>
          <item>
            <name>Energy efficiency and conservation</name>
          </item>
          <item>
            <name>Housing finance and home ownership</name>
          </item>
          <item>
            <name>Housing supply and affordability</name>
          </item>
          <item>
            <name>Income tax credits</name>
          </item>
          <item>
            <name>Indian social and development programs</name>
          </item>
          <item>
            <name>Inflation and prices</name>
          </item>
          <item>
            <name>Low- and moderate-income housing</name>
          </item>
          <item>
            <name>Residential rehabilitation and home repair</name>
          </item>
          <item>
            <name>Securities</name>
          </item>
          <item>
            <name>State and local finance</name>
          </item>
        </legislativeSubjects>
        <policyArea>
          <name>Taxation</name>
        </policyArea>
      </billSubjects>
    </subjects>
    <relatedBills>
      <item>
        <congress>115</congress>
        <latestTitle>Affordable Housing Credit Improvement Act of 2017</latestTitle>
        <number>1661</number>
        <type>HR</type>
        <latestAction>
          <text>ASSUMING FIRST SPONSORSHIP - Mr. Curbelo asked unanimous consent that he may hereafter be considered as the first sponsor of H.R. 1661, a bill originally introduced by Representative Tiberi, for the purpose of adding cosponsors and requesting reprintings pursuant to clause 7 of rule XII. Agreed to without objection.</text>
          <actionDate>2018-01-16</actionDate>
          <actionTime>19:09:11</actionTime>
        </latestAction>
        <relationshipDetails>
          <item>
            <type>Related bill</type>
            <identifiedBy>CRS</identifiedBy>
          </item>
        </relationshipDetails>
      </item>
    </relatedBills>
    <committees>
      <billCommittees>
        <item>
          <chamber>Senate</chamber>
          <name>Finance Committee</name>
          <systemCode>ssfi00</systemCode>
          <activities>
            <item>
              <date>2017-03-07T22:06:07Z</date>
              <name>Referred to</name>
            </item>
          </activities>
          <type>Standing</type>
          <subcommittees />
        </item>
      </billCommittees>
    </committees>
    <titles>
      <item>
        <parentTitleType />
        <chamberCode />
        <chamberName />
        <titleType>(Extracted from GPO) Short Titles as Introduced</titleType>
        <title>Affordable Housing Credit Improvement Act of 2017</title>
      </item>
      <item>
        <parentTitleType />
        <chamberCode />
        <chamberName />
        <titleType>Short Titles as Introduced</titleType>
        <title>Affordable Housing Credit Improvement Act of 2017</title>
      </item>
      <item>
        <parentTitleType />
        <chamberCode />
        <chamberName />
        <titleType>Official Title as Introduced</titleType>
        <title>A bill to amend the Internal Revenue Code of 1986 to reform the low-income housing credit, and for other purposes.</title>
      </item>
      <item>
        <parentTitleType />
        <chamberCode />
        <chamberName />
        <titleType>Display Title</titleType>
        <title>Affordable Housing Credit Improvement Act of 2017</title>
      </item>
    </titles>
    <sponsors>
      <item>
        <fullName>Sen. Cantwell, Maria [D-WA]</fullName>
        <middleName />
        <state>WA</state>
        <byRequestType />
        <firstName>MARIA</firstName>
        <bioguideId>C000127</bioguideId>
        <party>D</party>
        <lastName>CANTWELL</lastName>
        <identifiers>
          <lisID>172</lisID>
          <bioguideId>C000127</bioguideId>
          <gpoId>8288</gpoId>
        </identifiers>
      </item>
    </sponsors>
    <updateDate>2018-02-06T16:44:55Z</updateDate>
    <amendments />
  </bill>
  <dublinCore xmlns:dc="http://purl.org/dc/elements/1.1/">
    <dc:format>text/xml</dc:format>
    <dc:language>EN</dc:language>
    <dc:rights>Pursuant to Title 17 Section 105 of the United States Code, this file is not subject to copyright protection and is in the public domain.</dc:rights>
    <dc:contributor>Congressional Research Service, Library of Congress</dc:contributor>
    <dc:description>This file contains bill summaries and statuses for federal legislation. A bill summary describes the most significant provisions of a piece of legislation and details the effects the legislative text may have on current law and federal programs. Bill summaries are authored by the Congressional Research Service (CRS) of the Library of Congress. As stated in Public Law 91-510 (2 USC 166 (d)(6)), one of the duties of CRS is "to prepare summaries and digests of bills and resolutions of a public general nature introduced in the Senate or House of Representatives". For more information, refer to the User Guide that accompanies this file.</dc:description>
  </dublinCore>
</billStatus>

