<?xml version="1.0" encoding="UTF-8"?>
<billStatus>
  <bill>
    <introducedDate>2017-03-09</introducedDate>
    <committees>
      <billCommittees>
        <item>
          <activities>
            <item>
              <date>2018-02-23T15:26:00Z</date>
              <name>Legislative interest</name>
            </item>
          </activities>
          <chamber>House</chamber>
          <subcommittees />
          <systemCode>hshm00</systemCode>
          <name>Homeland Security Committee</name>
          <type>Standing</type>
        </item>
        <item>
          <activities>
            <item>
              <date>2017-07-24T20:59:12Z</date>
              <name>Reported by</name>
            </item>
            <item>
              <date>2017-05-17T14:00:34Z</date>
              <name>Markup by</name>
            </item>
            <item>
              <date>2017-03-09T19:18:27Z</date>
              <name>Referred to</name>
            </item>
          </activities>
          <chamber>Senate</chamber>
          <subcommittees />
          <systemCode>ssga00</systemCode>
          <name>Homeland Security and Governmental Affairs Committee</name>
          <type>Standing</type>
        </item>
      </billCommittees>
    </committees>
    <billType>S</billType>
    <actions>
      <actionByCounts>
        <senate>6</senate>
      </actionByCounts>
      <item>
        <actionDate>2017-07-24</actionDate>
        <committee />
        <links />
        <sourceSystem>
          <code>0</code>
          <name>Senate</name>
        </sourceSystem>
        <text>Placed on Senate Legislative Calendar under General Orders. Calendar No. 179.</text>
        <type>Calendars</type>
      </item>
      <item>
        <actionDate>2017-07-24</actionDate>
        <committee>
          <name>Homeland Security and Governmental Affairs Committee</name>
          <systemCode>ssga00</systemCode>
        </committee>
        <links>
          <link>
            <name>report No. 115-133</name>
            <url>https://www.congress.gov/congressional-report/115th-congress/senate-report/133</url>
          </link>
        </links>
        <sourceSystem>
          <code>0</code>
          <name>Senate</name>
        </sourceSystem>
        <text>Committee on Homeland Security and Governmental Affairs. Reported by Senator Johnson with an amendment in the nature of a substitute. With written report No. 115-133.</text>
        <type>Committee</type>
      </item>
      <item>
        <committee>
          <name>Homeland Security and Governmental Affairs Committee</name>
          <systemCode>ssga00</systemCode>
        </committee>
        <links>
          <link>
            <name>report No. 115-133</name>
            <url>https://www.congress.gov/congressional-report/115th-congress/senate-report/133</url>
          </link>
        </links>
        <text>Committee on Homeland Security and Governmental Affairs. Reported by Senator Johnson with an amendment in the nature of a substitute. With written report No. 115-133.</text>
        <actionDate>2017-07-24</actionDate>
        <type>Committee</type>
        <actionCode>14000</actionCode>
        <sourceSystem>
          <code>9</code>
          <name>Library of Congress</name>
        </sourceSystem>
      </item>
      <item>
        <actionDate>2017-05-17</actionDate>
        <committee>
          <name>Homeland Security and Governmental Affairs Committee</name>
          <systemCode>ssga00</systemCode>
        </committee>
        <links />
        <sourceSystem>
          <code>0</code>
          <name>Senate</name>
        </sourceSystem>
        <text>Committee on Homeland Security and Governmental Affairs. Ordered to be reported with an amendment in the nature of a substitute favorably.</text>
        <type>Committee</type>
      </item>
      <item>
        <actionDate>2017-03-09</actionDate>
        <committee>
          <name>Homeland Security and Governmental Affairs Committee</name>
          <systemCode>ssga00</systemCode>
        </committee>
        <links />
        <sourceSystem>
          <code>0</code>
          <name>Senate</name>
        </sourceSystem>
        <text>Read twice and referred to the Committee on Homeland Security and Governmental Affairs.</text>
        <type>IntroReferral</type>
      </item>
      <item>
        <committee />
        <links />
        <text>Introduced in Senate</text>
        <actionDate>2017-03-09</actionDate>
        <type>IntroReferral</type>
        <actionCode>10000</actionCode>
        <sourceSystem>
          <code>9</code>
          <name>Library of Congress</name>
        </sourceSystem>
      </item>
      <actionTypeCounts>
        <reportedToSenate>2</reportedToSenate>
        <orderedReported>1</orderedReported>
        <placedOnCalendarGeneralOrders>1</placedOnCalendarGeneralOrders>
        <introducedInSenate>1</introducedInSenate>
        <referredToCommittee>1</referredToCommittee>
      </actionTypeCounts>
    </actions>
    <summaries>
      <billSummaries>
        <item>
          <lastSummaryUpdateDate>2017-11-03T19:31:11Z</lastSummaryUpdateDate>
          <text><![CDATA[<p><b>Boots on the Border Act of 2017</b></p> <p>This bill amends the Anti-Border Corruption Act of 2010 to expand the categories of certain applicants for law enforcement positions with the U.S. Customs and Border Protection (CBP) for whom polygraph examinations may be waived.</p> <p>An individual who receives such a waiver and who holds a Tier 4 background investigation shall be subject to a Tier 5 single scope background investigation.</p> <p>The CBP may administer a polygraph examination to an applicant for a law enforcement position who received a waiver if the CBP determines, based on information discovered before the completion of a background investigation, that a polygraph is necessary to make a final determination with respect to the suitability of the individual for the position.</p>]]></text>
          <actionDesc>Introduced in Senate</actionDesc>
          <actionDate>2017-03-09</actionDate>
          <name>Introduced in Senate</name>
          <updateDate>2017-03-09T05:00:00Z</updateDate>
          <versionCode>00</versionCode>
        </item>
      </billSummaries>
    </summaries>
    <updateDate>2018-02-24T08:13:02Z</updateDate>
    <amendments />
    <subjects>
      <billSubjects>
        <legislativeSubjects>
          <item>
            <name>Border security and unlawful immigration</name>
          </item>
          <item>
            <name>Department of Homeland Security</name>
          </item>
          <item>
            <name>Employee hiring</name>
          </item>
          <item>
            <name>Government employee pay, benefits, personnel management</name>
          </item>
          <item>
            <name>Law enforcement officers</name>
          </item>
          <item>
            <name>Military personnel and dependents</name>
          </item>
          <item>
            <name>National Guard and reserves</name>
          </item>
          <item>
            <name>Personnel records</name>
          </item>
          <item>
            <name>State and local government operations</name>
          </item>
        </legislativeSubjects>
        <policyArea>
          <name>Government Operations and Politics</name>
        </policyArea>
      </billSubjects>
    </subjects>
    <calendarNumbers>
      <item>
        <number>0179</number>
        <calendar>Senate Calendar of Business</calendar>
      </item>
    </calendarNumbers>
    <cosponsors>
      <item>
        <lastName>MCCAIN</lastName>
        <fullName>Sen. McCain, John [R-AZ]</fullName>
        <identifiers>
          <bioguideId>M000303</bioguideId>
          <gpoId>8253</gpoId>
          <lisID>754</lisID>
        </identifiers>
        <middleName>SIDNEY</middleName>
        <bioguideId>M000303</bioguideId>
        <isOriginalCosponsor>True</isOriginalCosponsor>
        <sponsorshipWithdrawnDate />
        <state>AZ</state>
        <firstName>JOHN</firstName>
        <party>R</party>
        <sponsorshipDate>2017-03-09</sponsorshipDate>
      </item>
      <item>
        <lastName>Johnson</lastName>
        <fullName>Sen. Johnson, Ron [R-WI]</fullName>
        <identifiers>
          <bioguideId>J000293</bioguideId>
          <gpoId>8355</gpoId>
          <lisID>2086</lisID>
        </identifiers>
        <middleName />
        <bioguideId>J000293</bioguideId>
        <isOriginalCosponsor>True</isOriginalCosponsor>
        <sponsorshipWithdrawnDate />
        <state>WI</state>
        <firstName>Ron</firstName>
        <party>R</party>
        <sponsorshipDate>2017-03-09</sponsorshipDate>
      </item>
      <item>
        <lastName>McCaskill</lastName>
        <fullName>Sen. McCaskill, Claire [D-MO]</fullName>
        <identifiers>
          <lisID>1820</lisID>
          <gpoId>8252</gpoId>
          <bioguideId>M001170</bioguideId>
        </identifiers>
        <middleName />
        <bioguideId>M001170</bioguideId>
        <isOriginalCosponsor>False</isOriginalCosponsor>
        <sponsorshipWithdrawnDate />
        <state>MO</state>
        <firstName>Claire</firstName>
        <party>D</party>
        <sponsorshipDate>2017-03-29</sponsorshipDate>
      </item>
    </cosponsors>
    <titles>
      <item>
        <chamberName>Senate</chamberName>
        <parentTitleType>Short Titles Senate</parentTitleType>
        <title>Anti-Border Corruption Reauthorization Act of 2017</title>
        <chamberCode>S</chamberCode>
        <titleType>Short Titles as Reported to Senate</titleType>
      </item>
      <item>
        <chamberName />
        <parentTitleType />
        <title>Boots on the Border Act of 2017</title>
        <chamberCode />
        <titleType>Short Titles as Introduced</titleType>
      </item>
      <item>
        <chamberName />
        <parentTitleType />
        <title>A bill to provide U.S. Customs and Border Protection with additional flexibility to expedite the hiring process for applicants for law enforcement positions, and for other purposes.</title>
        <chamberCode />
        <titleType>Official Title as Introduced</titleType>
      </item>
      <item>
        <chamberName />
        <parentTitleType />
        <title>Anti-Border Corruption Reauthorization Act of 2017</title>
        <chamberCode />
        <titleType>Display Title</titleType>
      </item>
      <item>
        <chamberName>Senate</chamberName>
        <parentTitleType />
        <title>Anti-Border Corruption Reauthorization Act of 2017</title>
        <chamberCode>S</chamberCode>
        <titleType>(Extracted from GPO) Short Titles as Reported to Senate</titleType>
      </item>
      <item>
        <chamberName />
        <parentTitleType />
        <title>Boots on the Border Act of 2017</title>
        <chamberCode />
        <titleType>(Extracted from GPO) Short Titles as Introduced</titleType>
      </item>
    </titles>
    <relatedBills>
      <item>
        <number>2213</number>
        <latestTitle>Anti-Border Corruption Reauthorization Act of 2017</latestTitle>
        <type>HR</type>
        <congress>115</congress>
        <relationshipDetails>
          <item>
            <identifiedBy>CRS</identifiedBy>
            <type>Related bill</type>
          </item>
          <item>
            <identifiedBy>House</identifiedBy>
            <type>Related bill</type>
          </item>
        </relationshipDetails>
        <latestAction>
          <actionDate>2017-06-08</actionDate>
          <text>Received in the Senate and Read twice and referred to the Committee on Homeland Security and Governmental Affairs.</text>
        </latestAction>
      </item>
    </relatedBills>
    <policyArea>
      <name>Government Operations and Politics</name>
    </policyArea>
    <version>1.0.0</version>
    <latestAction>
      <actionDate>2017-07-24</actionDate>
      <links />
      <text>Placed on Senate Legislative Calendar under General Orders. Calendar No. 179.</text>
    </latestAction>
    <originChamber>Senate</originChamber>
    <sponsors>
      <item>
        <state>AZ</state>
        <fullName>Sen. Flake, Jeff [R-AZ]</fullName>
        <bioguideId>F000444</bioguideId>
        <firstName>JEFF</firstName>
        <byRequestType />
        <party>R</party>
        <middleName />
        <identifiers>
          <gpoId>7803</gpoId>
          <bioguideId>F000444</bioguideId>
          <lisID>1633</lisID>
        </identifiers>
        <lastName>FLAKE</lastName>
      </item>
    </sponsors>
    <cboCostEstimates>
      <item>
        <title>S. 595, Anti-Border Corruption Reauthorization Act of 2017</title>
        <pubDate>2017-06-13T18:55:00Z</pubDate>
        <url>https://www.cbo.gov/publication/52809</url>
      </item>
    </cboCostEstimates>
    <createDate>2017-03-10T05:16:41Z</createDate>
    <congress>115</congress>
    <recordedVotes />
    <laws />
    <title>Anti-Border Corruption Reauthorization Act of 2017</title>
    <committeeReports>
      <committeeReport>
        <citation>S. Rept. 115-133</citation>
      </committeeReport>
    </committeeReports>
    <billNumber>595</billNumber>
    <notes />
  </bill>
  <dublinCore xmlns:dc="http://purl.org/dc/elements/1.1/">
    <dc:format>text/xml</dc:format>
    <dc:language>EN</dc:language>
    <dc:rights>Pursuant to Title 17 Section 105 of the United States Code, this file is not subject to copyright protection and is in the public domain.</dc:rights>
    <dc:contributor>Congressional Research Service, Library of Congress</dc:contributor>
    <dc:description>This file contains bill summaries and statuses for federal legislation. A bill summary describes the most significant provisions of a piece of legislation and details the effects the legislative text may have on current law and federal programs. Bill summaries are authored by the Congressional Research Service (CRS) of the Library of Congress. As stated in Public Law 91-510 (2 USC 166 (d)(6)), one of the duties of CRS is "to prepare summaries and digests of bills and resolutions of a public general nature introduced in the Senate or House of Representatives". For more information, refer to the User Guide that accompanies this file.</dc:description>
  </dublinCore>
</billStatus>

