<?xml version="1.0" encoding="UTF-8"?>
<billStatus>
  <bill>
    <createDate>2017-03-28T05:32:35Z</createDate>
    <introducedDate>2017-03-27</introducedDate>
    <congress>115</congress>
    <latestAction>
      <actionDate>2017-03-27</actionDate>
      <links />
      <text>Read twice and referred to the Committee on Environment and Public Works.</text>
    </latestAction>
    <originChamber>Senate</originChamber>
    <billNumber>735</billNumber>
    <sponsors>
      <item>
        <state>WY</state>
        <identifiers>
          <bioguideId>E000285</bioguideId>
          <lisID>1542</lisID>
          <gpoId>8328</gpoId>
        </identifiers>
        <bioguideId>E000285</bioguideId>
        <lastName>ENZI</lastName>
        <fullName>Sen. Enzi, Michael B. [R-WY]</fullName>
        <firstName>MICHAEL</firstName>
        <party>R</party>
        <middleName>B.</middleName>
        <byRequestType />
      </item>
    </sponsors>
    <title>State, Tribal, and Local Species Transparency and Recovery Act</title>
    <relatedBills />
    <titles>
      <item>
        <titleType>(Extracted from GPO) Short Titles as Introduced</titleType>
        <title>State, Tribal, and Local Species Transparency and Recovery Act</title>
        <chamberCode />
        <parentTitleType />
        <chamberName />
      </item>
      <item>
        <titleType>Short Titles as Introduced</titleType>
        <title>State, Tribal, and Local Species Transparency and Recovery Act</title>
        <chamberCode />
        <parentTitleType />
        <chamberName />
      </item>
      <item>
        <titleType>Official Title as Introduced</titleType>
        <title>A bill to amend the Endangered Species Act of 1973 to require disclosure to States of the basis of determinations under such Act, to ensure use of information provided by State, tribal, and county governments in decisionmaking under such Act, and for other purposes.</title>
        <chamberCode />
        <parentTitleType />
        <chamberName />
      </item>
      <item>
        <titleType>Display Title</titleType>
        <title>State, Tribal, and Local Species Transparency and Recovery Act</title>
        <chamberCode />
        <parentTitleType />
        <chamberName />
      </item>
    </titles>
    <billType>S</billType>
    <summaries>
      <billSummaries>
        <item>
          <text><![CDATA[<p><b>State, Tribal, and Local Species Transparency and Recovery Act</b></p> <p>This bill amends the Endangered Species Act of 1973 to require the Department of the Interior or the Department of Commerce, as appropriate, to provide to affected states all data that is used as the basis of a determination on whether a species is an endangered species or a threatened species before making a determination.</p> <p>The appropriate department must use data submitted by a state, tribal, or county government in making such a determination.</p>]]></text>
          <name>Introduced in Senate</name>
          <lastSummaryUpdateDate>2017-04-10T14:04:13Z</lastSummaryUpdateDate>
          <versionCode>00</versionCode>
          <actionDesc>Introduced in Senate</actionDesc>
          <updateDate>2017-03-27T04:00:00Z</updateDate>
          <actionDate>2017-03-27</actionDate>
        </item>
      </billSummaries>
    </summaries>
    <committeeReports />
    <laws />
    <subjects>
      <billSubjects>
        <policyArea>
          <name>Environmental Protection</name>
        </policyArea>
        <legislativeSubjects>
          <item>
            <name>Endangered and threatened species</name>
          </item>
          <item>
            <name>Government information and archives</name>
          </item>
          <item>
            <name>Intergovernmental relations</name>
          </item>
          <item>
            <name>Land transfers</name>
          </item>
          <item>
            <name>State and local government operations</name>
          </item>
          <item>
            <name>Wildlife conservation and habitat protection</name>
          </item>
        </legislativeSubjects>
      </billSubjects>
    </subjects>
    <committees>
      <billCommittees>
        <item>
          <chamber>Senate</chamber>
          <name>Environment and Public Works Committee</name>
          <systemCode>ssev00</systemCode>
          <type>Standing</type>
          <subcommittees />
          <activities>
            <item>
              <name>Referred to</name>
              <date>2017-03-27T21:13:16Z</date>
            </item>
          </activities>
        </item>
      </billCommittees>
    </committees>
    <version>1.0.0</version>
    <recordedVotes />
    <updateDate>2018-02-06T16:45:07Z</updateDate>
    <calendarNumbers />
    <cboCostEstimates />
    <actions>
      <item>
        <actionDate>2017-03-27</actionDate>
        <committee>
          <systemCode>ssev00</systemCode>
          <name>Environment and Public Works Committee</name>
        </committee>
        <links />
        <sourceSystem>
          <name>Senate</name>
          <code>0</code>
        </sourceSystem>
        <text>Read twice and referred to the Committee on Environment and Public Works.</text>
        <type>IntroReferral</type>
      </item>
      <item>
        <sourceSystem>
          <name>Library of Congress</name>
          <code>9</code>
        </sourceSystem>
        <actionDate>2017-03-27</actionDate>
        <links />
        <text>Introduced in Senate</text>
        <committee />
        <actionCode>10000</actionCode>
        <type>IntroReferral</type>
      </item>
      <actionByCounts>
        <senate>2</senate>
      </actionByCounts>
      <actionTypeCounts>
        <referredToCommittee>1</referredToCommittee>
        <introducedInSenate>1</introducedInSenate>
      </actionTypeCounts>
    </actions>
    <amendments />
    <notes />
    <policyArea>
      <name>Environmental Protection</name>
    </policyArea>
    <cosponsors>
      <item>
        <state>WY</state>
        <identifiers>
          <lisID>1881</lisID>
          <gpoId>8300</gpoId>
          <bioguideId>B001261</bioguideId>
        </identifiers>
        <bioguideId>B001261</bioguideId>
        <sponsorshipDate>2017-03-27</sponsorshipDate>
        <lastName>Barrasso</lastName>
        <fullName>Sen. Barrasso, John [R-WY]</fullName>
        <firstName>John</firstName>
        <party>R</party>
        <middleName />
        <isOriginalCosponsor>True</isOriginalCosponsor>
        <sponsorshipWithdrawnDate />
      </item>
      <item>
        <state>NV</state>
        <identifiers>
          <lisID>1863</lisID>
          <gpoId>8060</gpoId>
          <bioguideId>H001041</bioguideId>
        </identifiers>
        <bioguideId>H001041</bioguideId>
        <sponsorshipDate>2017-03-27</sponsorshipDate>
        <lastName>Heller</lastName>
        <fullName>Sen. Heller, Dean [R-NV]</fullName>
        <firstName>Dean</firstName>
        <party>R</party>
        <middleName />
        <isOriginalCosponsor>True</isOriginalCosponsor>
        <sponsorshipWithdrawnDate />
      </item>
      <item>
        <state>KS</state>
        <identifiers>
          <lisID>968</lisID>
          <gpoId>8275</gpoId>
          <bioguideId>R000307</bioguideId>
        </identifiers>
        <bioguideId>R000307</bioguideId>
        <sponsorshipDate>2017-03-27</sponsorshipDate>
        <lastName>ROBERTS</lastName>
        <fullName>Sen. Roberts, Pat [R-KS]</fullName>
        <firstName>PAT</firstName>
        <party>R</party>
        <middleName />
        <isOriginalCosponsor>True</isOriginalCosponsor>
        <sponsorshipWithdrawnDate />
      </item>
    </cosponsors>
  </bill>
  <dublinCore xmlns:dc="http://purl.org/dc/elements/1.1/">
    <dc:format>text/xml</dc:format>
    <dc:language>EN</dc:language>
    <dc:rights>Pursuant to Title 17 Section 105 of the United States Code, this file is not subject to copyright protection and is in the public domain.</dc:rights>
    <dc:contributor>Congressional Research Service, Library of Congress</dc:contributor>
    <dc:description>This file contains bill summaries and statuses for federal legislation. A bill summary describes the most significant provisions of a piece of legislation and details the effects the legislative text may have on current law and federal programs. Bill summaries are authored by the Congressional Research Service (CRS) of the Library of Congress. As stated in Public Law 91-510 (2 USC 166 (d)(6)), one of the duties of CRS is "to prepare summaries and digests of bills and resolutions of a public general nature introduced in the Senate or House of Representatives". For more information, refer to the User Guide that accompanies this file.</dc:description>
  </dublinCore>
</billStatus>

