<?xml version="1.0" encoding="UTF-8"?>
<billStatus>
  <bill>
    <sponsors>
      <item>
        <fullName>Sen. Hatch, Orrin G. [R-UT]</fullName>
        <lastName>HATCH</lastName>
        <bioguideId>H000338</bioguideId>
        <party>R</party>
        <middleName>GRANT</middleName>
        <state>UT</state>
        <firstName>ORRIN</firstName>
        <byRequestType />
        <identifiers>
          <lisID>1351</lisID>
          <bioguideId>H000338</bioguideId>
          <gpoId>8314</gpoId>
        </identifiers>
      </item>
    </sponsors>
    <laws />
    <version>1.0.0</version>
    <introducedDate>2017-03-30</introducedDate>
    <cboCostEstimates />
    <titles>
      <item>
        <parentTitleType />
        <chamberCode />
        <chamberName />
        <titleType>(Extracted from GPO) Short Titles as Introduced</titleType>
        <title>Innovation for Tomorrow's Workforce Act</title>
      </item>
      <item>
        <parentTitleType />
        <chamberCode />
        <chamberName />
        <titleType>Short Titles as Introduced</titleType>
        <title>Innovation for Tomorrow's Workforce Act</title>
      </item>
      <item>
        <parentTitleType />
        <chamberCode />
        <chamberName />
        <titleType>Official Title as Introduced</titleType>
        <title>A bill to amend the Carl D. Perkins Career and Technical Education Act of 2006 to encourage innovation, and for other purposes.</title>
      </item>
      <item>
        <parentTitleType />
        <chamberCode />
        <chamberName />
        <titleType>Display Title</titleType>
        <title>Innovation for Tomorrow's Workforce Act</title>
      </item>
    </titles>
    <amendments />
    <recordedVotes />
    <relatedBills />
    <congress>115</congress>
    <billType>S</billType>
    <actions>
      <actionByCounts>
        <senate>2</senate>
      </actionByCounts>
      <actionTypeCounts>
        <referredToCommittee>1</referredToCommittee>
        <introducedInSenate>1</introducedInSenate>
      </actionTypeCounts>
      <item>
        <actionDate>2017-03-30</actionDate>
        <committee>
          <systemCode>sshr00</systemCode>
          <name>Health, Education, Labor, and Pensions Committee</name>
        </committee>
        <links />
        <sourceSystem>
          <name>Senate</name>
          <code>0</code>
        </sourceSystem>
        <text>Read twice and referred to the Committee on Health, Education, Labor, and Pensions.</text>
        <type>IntroReferral</type>
      </item>
      <item>
        <sourceSystem>
          <name>Library of Congress</name>
          <code>9</code>
        </sourceSystem>
        <actionDate>2017-03-30</actionDate>
        <text>Introduced in Senate</text>
        <type>IntroReferral</type>
        <links />
        <committee />
        <actionCode>10000</actionCode>
      </item>
    </actions>
    <notes />
    <originChamber>Senate</originChamber>
    <title>Innovation for Tomorrow's Workforce Act</title>
    <billNumber>790</billNumber>
    <cosponsors>
      <item>
        <state>CO</state>
        <identifiers>
          <bioguideId>B001267</bioguideId>
          <gpoId>8302</gpoId>
          <lisID>1965</lisID>
        </identifiers>
        <bioguideId>B001267</bioguideId>
        <sponsorshipDate>2017-03-30</sponsorshipDate>
        <lastName>Bennet</lastName>
        <fullName>Sen. Bennet, Michael F. [D-CO]</fullName>
        <firstName>Michael</firstName>
        <party>D</party>
        <middleName>F.</middleName>
        <isOriginalCosponsor>True</isOriginalCosponsor>
        <sponsorshipWithdrawnDate />
      </item>
    </cosponsors>
    <summaries>
      <billSummaries>
        <item>
          <updateDate>2017-03-30T04:00:00Z</updateDate>
          <actionDesc>Introduced in Senate</actionDesc>
          <versionCode>00</versionCode>
          <name>Introduced in Senate</name>
          <text><![CDATA[<p><b>Innovation for Tomorrow's Workforce Act</b></p> <p>This bill amends the Carl D. Perkins Career and Technical Education Act of 2006 to authorize the Department of Education (ED) to award early-phase, mid-phase, or expansion grants to eligible entities, including local educational agencies and area career and technical education (CTE) schools, to: </p> <ul> <li>create, develop, implement, or take to scale evidence-based, field initiated innovations, including through a pay for success initiative to improve CTE student outcomes; and </li> <li>evaluate such innovations rigorously. </li> </ul> <p>Funding under the Act may be used by eligible agencies for state leadership activities and by eligible recipients for local uses to support CTE programs to:</p> <ul> <li> make all forms of instructional content widely available, which may include the use of open educational resources; and</li> <li>support pay for success initiatives. </li> </ul> <p>Funding under the Act may also be used by eligible agencies for state leadership activities to provide or support work-based learning opportunities for students, which may include employer-led training resulting in recognized credential and apprenticeship programs for such students. Funds received for local use shall be used for such activities.</p> <p>ED and the Department of Labor may carry out joint experimental, research, pilot, or demonstration projects regarding integrated, aligned, coordinated, and effective CTE and workforce education and training programs in order to address employment and training needs. The independent assessment of career and technical education programs required under such Act is expanded to include an evaluation of the effectiveness of such projects.</p> <p>Funding under the Act may be used by eligible agencies for local uses to expand opportunities for students to participate in competency-based education programs.</p>]]></text>
          <lastSummaryUpdateDate>2017-12-14T16:37:19Z</lastSummaryUpdateDate>
          <actionDate>2017-03-30</actionDate>
        </item>
      </billSummaries>
    </summaries>
    <policyArea>
      <name>Labor and Employment</name>
    </policyArea>
    <latestAction>
      <links />
      <actionDate>2017-03-30</actionDate>
      <text>Read twice and referred to the Committee on Health, Education, Labor, and Pensions.</text>
    </latestAction>
    <updateDate>2018-02-06T16:45:10Z</updateDate>
    <committees>
      <billCommittees>
        <item>
          <chamber>Senate</chamber>
          <name>Health, Education, Labor, and Pensions Committee</name>
          <systemCode>sshr00</systemCode>
          <type>Standing</type>
          <subcommittees />
          <activities>
            <item>
              <name>Referred to</name>
              <date>2017-03-30T20:14:58Z</date>
            </item>
          </activities>
        </item>
      </billCommittees>
    </committees>
    <createDate>2017-03-31T05:07:22Z</createDate>
    <subjects>
      <billSubjects>
        <legislativeSubjects>
          <item>
            <name>Education programs funding</name>
          </item>
          <item>
            <name>Educational technology and distance education</name>
          </item>
          <item>
            <name>Employment and training programs</name>
          </item>
          <item>
            <name>Vocational and technical education</name>
          </item>
        </legislativeSubjects>
        <policyArea>
          <name>Labor and Employment</name>
        </policyArea>
      </billSubjects>
    </subjects>
    <committeeReports />
    <calendarNumbers />
  </bill>
  <dublinCore xmlns:dc="http://purl.org/dc/elements/1.1/">
    <dc:format>text/xml</dc:format>
    <dc:language>EN</dc:language>
    <dc:rights>Pursuant to Title 17 Section 105 of the United States Code, this file is not subject to copyright protection and is in the public domain.</dc:rights>
    <dc:contributor>Congressional Research Service, Library of Congress</dc:contributor>
    <dc:description>This file contains bill summaries and statuses for federal legislation. A bill summary describes the most significant provisions of a piece of legislation and details the effects the legislative text may have on current law and federal programs. Bill summaries are authored by the Congressional Research Service (CRS) of the Library of Congress. As stated in Public Law 91-510 (2 USC 166 (d)(6)), one of the duties of CRS is "to prepare summaries and digests of bills and resolutions of a public general nature introduced in the Senate or House of Representatives". For more information, refer to the User Guide that accompanies this file.</dc:description>
  </dublinCore>
</billStatus>

