<?xml version="1.0" encoding="UTF-8"?>
<billStatus>
  <bill>
    <sponsors>
      <item>
        <fullName>Sen. Baldwin, Tammy [D-WI]</fullName>
        <lastName>BALDWIN</lastName>
        <bioguideId>B001230</bioguideId>
        <party>D</party>
        <middleName />
        <state>WI</state>
        <firstName>TAMMY</firstName>
        <byRequestType />
        <identifiers>
          <lisID>1558</lisID>
          <bioguideId>B001230</bioguideId>
          <gpoId>8215</gpoId>
        </identifiers>
      </item>
    </sponsors>
    <laws />
    <version>1.0.0</version>
    <introducedDate>2017-03-22</introducedDate>
    <cboCostEstimates />
    <titles>
      <item>
        <chamberCode />
        <chamberName />
        <parentTitleType />
        <titleType>(Extracted from GPO) Short Titles as Introduced</titleType>
        <title>Palliative Care and Hospice Education and Training Act</title>
      </item>
      <item>
        <chamberCode />
        <chamberName />
        <parentTitleType />
        <titleType>Short Titles as Introduced</titleType>
        <title>Palliative Care and Hospice Education and Training Act</title>
      </item>
      <item>
        <chamberCode />
        <chamberName />
        <parentTitleType />
        <titleType>Official Title as Introduced</titleType>
        <title>A bill to amend the Public Health Service Act to increase the number of permanent faculty in palliative care at accredited allopathic and osteopathic medical schools, nursing schools, social work schools, and other programs, including physician assistant education programs, to promote education and research in palliative care and hospice, and to support the development of faculty careers in academic palliative medicine.</title>
      </item>
      <item>
        <chamberCode />
        <chamberName />
        <parentTitleType />
        <titleType>Display Title</titleType>
        <title>Palliative Care and Hospice Education and Training Act</title>
      </item>
    </titles>
    <amendments />
    <recordedVotes />
    <relatedBills>
      <item>
        <relationshipDetails>
          <item>
            <identifiedBy>CRS</identifiedBy>
            <type>Identical bill</type>
          </item>
        </relationshipDetails>
        <latestAction>
          <actionDate>2017-03-24</actionDate>
          <text>Referred to the Subcommittee on Health.</text>
        </latestAction>
        <type>HR</type>
        <number>1676</number>
        <latestTitle>Palliative Care and Hospice Education and Training Act</latestTitle>
        <congress>115</congress>
      </item>
    </relatedBills>
    <congress>115</congress>
    <billType>S</billType>
    <actions>
      <actionByCounts>
        <senate>2</senate>
      </actionByCounts>
      <actionTypeCounts>
        <referredToCommittee>1</referredToCommittee>
        <introducedInSenate>1</introducedInSenate>
      </actionTypeCounts>
      <item>
        <actionDate>2017-03-22</actionDate>
        <committee>
          <systemCode>sshr00</systemCode>
          <name>Health, Education, Labor, and Pensions Committee</name>
        </committee>
        <links />
        <sourceSystem>
          <name>Senate</name>
          <code>0</code>
        </sourceSystem>
        <text>Read twice and referred to the Committee on Health, Education, Labor, and Pensions.</text>
        <type>IntroReferral</type>
      </item>
      <item>
        <actionDate>2017-03-22</actionDate>
        <text>Introduced in Senate</text>
        <sourceSystem>
          <name>Library of Congress</name>
          <code>9</code>
        </sourceSystem>
        <committee />
        <links />
        <actionCode>10000</actionCode>
        <type>IntroReferral</type>
      </item>
    </actions>
    <notes />
    <originChamber>Senate</originChamber>
    <title>Palliative Care and Hospice Education and Training Act</title>
    <billNumber>693</billNumber>
    <cosponsors>
      <item>
        <identifiers>
          <bioguideId>C001047</bioguideId>
          <lisID>1676</lisID>
          <gpoId>8223</gpoId>
        </identifiers>
        <bioguideId>C001047</bioguideId>
        <sponsorshipDate>2017-03-22</sponsorshipDate>
        <middleName>MOORE</middleName>
        <fullName>Sen. Capito, Shelley Moore [R-WV]</fullName>
        <sponsorshipWithdrawnDate />
        <state>WV</state>
        <party>R</party>
        <firstName>SHELLEY</firstName>
        <isOriginalCosponsor>True</isOriginalCosponsor>
        <lastName>CAPITO</lastName>
      </item>
      <item>
        <identifiers>
          <lisID>1541</lisID>
          <gpoId>8291</gpoId>
          <bioguideId>C001035</bioguideId>
        </identifiers>
        <bioguideId>C001035</bioguideId>
        <sponsorshipDate>2017-03-30</sponsorshipDate>
        <middleName>MARGARET</middleName>
        <fullName>Sen. Collins, Susan M. [R-ME]</fullName>
        <sponsorshipWithdrawnDate />
        <state>ME</state>
        <party>R</party>
        <firstName>SUSAN</firstName>
        <isOriginalCosponsor>False</isOriginalCosponsor>
        <lastName>COLLINS</lastName>
      </item>
      <item>
        <identifiers>
          <bioguideId>K000383</bioguideId>
          <gpoId />
          <lisID>2185</lisID>
        </identifiers>
        <bioguideId>K000383</bioguideId>
        <sponsorshipDate>2017-03-30</sponsorshipDate>
        <middleName />
        <fullName>Sen. King, Angus S., Jr. [I-ME]</fullName>
        <sponsorshipWithdrawnDate />
        <state>ME</state>
        <party>I</party>
        <firstName>Angus</firstName>
        <isOriginalCosponsor>False</isOriginalCosponsor>
        <lastName>King</lastName>
      </item>
      <item>
        <identifiers>
          <lisID>1984</lisID>
          <bioguideId>C001088</bioguideId>
          <gpoId>8297</gpoId>
        </identifiers>
        <bioguideId>C001088</bioguideId>
        <sponsorshipDate>2017-05-03</sponsorshipDate>
        <middleName>A.</middleName>
        <fullName>Sen. Coons, Christopher A. [D-DE]</fullName>
        <sponsorshipWithdrawnDate />
        <state>DE</state>
        <party>D</party>
        <firstName>Christopher</firstName>
        <isOriginalCosponsor>False</isOriginalCosponsor>
        <lastName>Coons</lastName>
      </item>
      <item>
        <identifiers>
          <gpoId>8234</gpoId>
          <bioguideId>M001153</bioguideId>
          <lisID>1694</lisID>
        </identifiers>
        <bioguideId>M001153</bioguideId>
        <sponsorshipDate>2017-05-03</sponsorshipDate>
        <middleName />
        <fullName>Sen. Murkowski, Lisa [R-AK]</fullName>
        <sponsorshipWithdrawnDate />
        <state>AK</state>
        <party>R</party>
        <firstName>Lisa</firstName>
        <isOriginalCosponsor>False</isOriginalCosponsor>
        <lastName>Murkowski</lastName>
      </item>
      <item>
        <identifiers>
          <bioguideId>M001169</bioguideId>
          <lisID>1837</lisID>
          <gpoId>7870</gpoId>
        </identifiers>
        <bioguideId>M001169</bioguideId>
        <sponsorshipDate>2017-05-22</sponsorshipDate>
        <middleName />
        <fullName>Sen. Murphy, Christopher [D-CT]</fullName>
        <sponsorshipWithdrawnDate />
        <state>CT</state>
        <party>D</party>
        <firstName>Christopher</firstName>
        <isOriginalCosponsor>False</isOriginalCosponsor>
        <lastName>Murphy</lastName>
      </item>
      <item>
        <identifiers>
          <bioguideId>M000934</bioguideId>
          <lisID>1507</lisID>
          <gpoId>8307</gpoId>
        </identifiers>
        <bioguideId>M000934</bioguideId>
        <sponsorshipDate>2017-05-22</sponsorshipDate>
        <middleName />
        <fullName>Sen. Moran, Jerry [R-KS]</fullName>
        <sponsorshipWithdrawnDate />
        <state>KS</state>
        <party>R</party>
        <firstName>JERRY</firstName>
        <isOriginalCosponsor>False</isOriginalCosponsor>
        <lastName>MORAN</lastName>
      </item>
      <item>
        <identifiers>
          <lisID>1687</lisID>
          <bioguideId>B001236</bioguideId>
          <gpoId>8247</gpoId>
        </identifiers>
        <bioguideId>B001236</bioguideId>
        <sponsorshipDate>2017-07-24</sponsorshipDate>
        <middleName />
        <fullName>Sen. Boozman, John [R-AR]</fullName>
        <sponsorshipWithdrawnDate />
        <state>AR</state>
        <party>R</party>
        <firstName>John</firstName>
        <isOriginalCosponsor>False</isOriginalCosponsor>
        <lastName>Boozman</lastName>
      </item>
      <item>
        <identifiers>
          <gpoId>8336</gpoId>
          <lisID>1866</lisID>
          <bioguideId>G000555</bioguideId>
        </identifiers>
        <bioguideId>G000555</bioguideId>
        <sponsorshipDate>2017-07-24</sponsorshipDate>
        <middleName>E.</middleName>
        <fullName>Sen. Gillibrand, Kirsten E. [D-NY]</fullName>
        <sponsorshipWithdrawnDate />
        <state>NY</state>
        <party>D</party>
        <firstName>Kirsten</firstName>
        <isOriginalCosponsor>False</isOriginalCosponsor>
        <lastName>Gillibrand</lastName>
      </item>
      <item>
        <identifiers>
          <lisID>1826</lisID>
          <gpoId>8249</gpoId>
          <bioguideId>K000367</bioguideId>
        </identifiers>
        <bioguideId>K000367</bioguideId>
        <sponsorshipDate>2017-09-05</sponsorshipDate>
        <middleName />
        <fullName>Sen. Klobuchar, Amy [D-MN]</fullName>
        <sponsorshipWithdrawnDate />
        <state>MN</state>
        <party>D</party>
        <firstName>Amy</firstName>
        <isOriginalCosponsor>False</isOriginalCosponsor>
        <lastName>Klobuchar</lastName>
      </item>
      <item>
        <identifiers>
          <lisID>1464</lisID>
          <gpoId>8313</gpoId>
          <bioguideId>B000575</bioguideId>
        </identifiers>
        <bioguideId>B000575</bioguideId>
        <sponsorshipDate>2017-09-05</sponsorshipDate>
        <middleName />
        <fullName>Sen. Blunt, Roy [R-MO]</fullName>
        <sponsorshipWithdrawnDate />
        <state>MO</state>
        <party>R</party>
        <firstName>Roy</firstName>
        <isOriginalCosponsor>False</isOriginalCosponsor>
        <lastName>Blunt</lastName>
      </item>
      <item>
        <identifiers>
          <gpoId />
          <lisID>2174</lisID>
          <bioguideId>H001069</bioguideId>
        </identifiers>
        <bioguideId>H001069</bioguideId>
        <sponsorshipDate>2017-09-07</sponsorshipDate>
        <middleName />
        <fullName>Sen. Heitkamp, Heidi [D-ND]</fullName>
        <sponsorshipWithdrawnDate />
        <state>ND</state>
        <party>D</party>
        <firstName>Heidi</firstName>
        <isOriginalCosponsor>False</isOriginalCosponsor>
        <lastName>Heitkamp</lastName>
      </item>
      <item>
        <identifiers>
          <lisID>583</lisID>
          <bioguideId>I000024</bioguideId>
          <gpoId>8322</gpoId>
        </identifiers>
        <bioguideId>I000024</bioguideId>
        <sponsorshipDate>2017-09-07</sponsorshipDate>
        <middleName />
        <fullName>Sen. Inhofe, James M. [R-OK]</fullName>
        <sponsorshipWithdrawnDate />
        <state>OK</state>
        <party>R</party>
        <firstName>JIM</firstName>
        <isOriginalCosponsor>False</isOriginalCosponsor>
        <lastName>INHOFE</lastName>
      </item>
      <item>
        <identifiers>
          <lisID>2288</lisID>
          <bioguideId>R000605</bioguideId>
          <gpoId />
        </identifiers>
        <bioguideId>R000605</bioguideId>
        <sponsorshipDate>2017-09-07</sponsorshipDate>
        <middleName />
        <fullName>Sen. Rounds, Mike  [R-SD]</fullName>
        <sponsorshipWithdrawnDate />
        <state>SD</state>
        <party>R</party>
        <firstName>Mike</firstName>
        <isOriginalCosponsor>False</isOriginalCosponsor>
        <lastName>Rounds</lastName>
      </item>
      <item>
        <identifiers>
          <lisID>1983</lisID>
          <bioguideId>M001183</bioguideId>
          <gpoId>8256</gpoId>
        </identifiers>
        <bioguideId>M001183</bioguideId>
        <sponsorshipDate>2017-09-07</sponsorshipDate>
        <middleName />
        <fullName>Sen. Manchin, Joe, III [D-WV]</fullName>
        <sponsorshipWithdrawnDate />
        <state>WV</state>
        <party>D</party>
        <firstName>Joe</firstName>
        <isOriginalCosponsor>False</isOriginalCosponsor>
        <lastName>Manchin</lastName>
      </item>
      <item>
        <identifiers>
          <gpoId>8339</gpoId>
          <bioguideId>F000457</bioguideId>
          <lisID>1969</lisID>
        </identifiers>
        <bioguideId>F000457</bioguideId>
        <sponsorshipDate>2017-09-13</sponsorshipDate>
        <middleName />
        <fullName>Sen. Franken, Al [D-MN]</fullName>
        <sponsorshipWithdrawnDate />
        <state>MN</state>
        <party>D</party>
        <firstName>Al</firstName>
        <isOriginalCosponsor>False</isOriginalCosponsor>
        <lastName>Franken</lastName>
      </item>
      <item>
        <identifiers>
          <bioguideId>F000463</bioguideId>
          <lisID>2179</lisID>
          <gpoId />
        </identifiers>
        <bioguideId>F000463</bioguideId>
        <sponsorshipDate>2017-09-13</sponsorshipDate>
        <middleName />
        <fullName>Sen. Fischer, Deb [R-NE]</fullName>
        <sponsorshipWithdrawnDate />
        <state>NE</state>
        <party>R</party>
        <firstName>Deb</firstName>
        <isOriginalCosponsor>False</isOriginalCosponsor>
        <lastName>Fischer</lastName>
      </item>
      <item>
        <identifiers>
          <lisID>949</lisID>
          <gpoId>8272</gpoId>
          <bioguideId>R000122</bioguideId>
        </identifiers>
        <bioguideId>R000122</bioguideId>
        <sponsorshipDate>2017-09-19</sponsorshipDate>
        <middleName>F.</middleName>
        <fullName>Sen. Reed, Jack [D-RI]</fullName>
        <sponsorshipWithdrawnDate />
        <state>RI</state>
        <party>D</party>
        <firstName>JOHN</firstName>
        <isOriginalCosponsor>False</isOriginalCosponsor>
        <lastName>REED</lastName>
      </item>
      <item>
        <identifiers>
          <bioguideId>C000880</bioguideId>
          <lisID>250</lisID>
          <gpoId>8289</gpoId>
        </identifiers>
        <bioguideId>C000880</bioguideId>
        <sponsorshipDate>2017-09-19</sponsorshipDate>
        <middleName>D.</middleName>
        <fullName>Sen. Crapo, Mike [R-ID]</fullName>
        <sponsorshipWithdrawnDate />
        <state>ID</state>
        <party>R</party>
        <firstName>MICHAEL</firstName>
        <isOriginalCosponsor>False</isOriginalCosponsor>
        <lastName>CRAPO</lastName>
      </item>
      <item>
        <identifiers>
          <gpoId>8274</gpoId>
          <bioguideId>R000584</bioguideId>
          <lisID>1896</lisID>
        </identifiers>
        <bioguideId>R000584</bioguideId>
        <sponsorshipDate>2017-09-27</sponsorshipDate>
        <middleName>E.</middleName>
        <fullName>Sen. Risch, James E. [R-ID]</fullName>
        <sponsorshipWithdrawnDate />
        <state>ID</state>
        <party>R</party>
        <firstName>James</firstName>
        <isOriginalCosponsor>False</isOriginalCosponsor>
        <lastName>Risch</lastName>
      </item>
      <item>
        <identifiers>
          <bioguideId>S000770</bioguideId>
          <lisID>1531</lisID>
          <gpoId>8261</gpoId>
        </identifiers>
        <bioguideId>S000770</bioguideId>
        <sponsorshipDate>2017-09-27</sponsorshipDate>
        <middleName>ANN</middleName>
        <fullName>Sen. Stabenow, Debbie [D-MI]</fullName>
        <sponsorshipWithdrawnDate />
        <state>MI</state>
        <party>D</party>
        <firstName>DEBORAH</firstName>
        <isOriginalCosponsor>False</isOriginalCosponsor>
        <lastName>STABENOW</lastName>
      </item>
      <item>
        <identifiers>
          <lisID>1226</lisID>
          <bioguideId>W000437</bioguideId>
          <gpoId>8263</gpoId>
        </identifiers>
        <bioguideId>W000437</bioguideId>
        <sponsorshipDate>2017-09-27</sponsorshipDate>
        <middleName>F.</middleName>
        <fullName>Sen. Wicker, Roger F. [R-MS]</fullName>
        <sponsorshipWithdrawnDate />
        <state>MS</state>
        <party>R</party>
        <firstName>ROGER</firstName>
        <isOriginalCosponsor>False</isOriginalCosponsor>
        <lastName>WICKER</lastName>
      </item>
      <item>
        <identifiers>
          <lisID>2076</lisID>
          <bioguideId>B001277</bioguideId>
          <gpoId>8332</gpoId>
        </identifiers>
        <bioguideId>B001277</bioguideId>
        <sponsorshipDate>2017-09-27</sponsorshipDate>
        <middleName />
        <fullName>Sen. Blumenthal, Richard [D-CT]</fullName>
        <sponsorshipWithdrawnDate />
        <state>CT</state>
        <party>D</party>
        <firstName>Richard</firstName>
        <isOriginalCosponsor>False</isOriginalCosponsor>
        <lastName>Blumenthal</lastName>
      </item>
      <item>
        <identifiers>
          <bioguideId>B001267</bioguideId>
          <lisID>1965</lisID>
          <gpoId>8302</gpoId>
        </identifiers>
        <bioguideId>B001267</bioguideId>
        <sponsorshipDate>2017-11-15</sponsorshipDate>
        <middleName>F.</middleName>
        <fullName>Sen. Bennet, Michael F. [D-CO]</fullName>
        <sponsorshipWithdrawnDate />
        <state>CO</state>
        <party>D</party>
        <firstName>Michael</firstName>
        <isOriginalCosponsor>False</isOriginalCosponsor>
        <lastName>Bennet</lastName>
      </item>
      <item>
        <identifiers>
          <lisID>2079</lisID>
          <gpoId>8331</gpoId>
          <bioguideId>H001061</bioguideId>
        </identifiers>
        <bioguideId>H001061</bioguideId>
        <sponsorshipDate>2017-11-15</sponsorshipDate>
        <middleName />
        <fullName>Sen. Hoeven, John [R-ND]</fullName>
        <sponsorshipWithdrawnDate />
        <state>ND</state>
        <party>R</party>
        <firstName>John</firstName>
        <isOriginalCosponsor>False</isOriginalCosponsor>
        <lastName>Hoeven</lastName>
      </item>
      <item>
        <identifiers>
          <lisID>2303</lisID>
          <bioguideId>K000393</bioguideId>
          <gpoId />
        </identifiers>
        <bioguideId>K000393</bioguideId>
        <sponsorshipDate>2017-11-30</sponsorshipDate>
        <middleName>Neely</middleName>
        <fullName>Sen. Kennedy, John [R-LA]</fullName>
        <sponsorshipWithdrawnDate />
        <state>LA</state>
        <party>R</party>
        <firstName>John</firstName>
        <isOriginalCosponsor>False</isOriginalCosponsor>
        <lastName>Kennedy</lastName>
      </item>
      <item>
        <identifiers>
          <bioguideId>V000128</bioguideId>
          <lisID>1729</lisID>
          <gpoId>7983</gpoId>
        </identifiers>
        <bioguideId>V000128</bioguideId>
        <sponsorshipDate>2017-11-30</sponsorshipDate>
        <middleName />
        <fullName>Sen. Van Hollen, Chris [D-MD]</fullName>
        <sponsorshipWithdrawnDate />
        <state>MD</state>
        <party>D</party>
        <firstName>Chris</firstName>
        <isOriginalCosponsor>False</isOriginalCosponsor>
        <lastName>Van Hollen</lastName>
      </item>
      <item>
        <identifiers>
          <lisID>1998</lisID>
          <bioguideId>G000562</bioguideId>
          <gpoId>7862</gpoId>
        </identifiers>
        <bioguideId>G000562</bioguideId>
        <sponsorshipDate>2018-01-16</sponsorshipDate>
        <middleName />
        <fullName>Sen. Gardner, Cory [R-CO]</fullName>
        <sponsorshipWithdrawnDate />
        <state>CO</state>
        <party>R</party>
        <firstName>Cory</firstName>
        <isOriginalCosponsor>False</isOriginalCosponsor>
        <lastName>Gardner</lastName>
      </item>
      <item>
        <identifiers>
          <bioguideId>M001176</bioguideId>
          <lisID>1900</lisID>
          <gpoId>8238</gpoId>
        </identifiers>
        <bioguideId>M001176</bioguideId>
        <sponsorshipDate>2018-01-16</sponsorshipDate>
        <middleName />
        <fullName>Sen. Merkley, Jeff [D-OR]</fullName>
        <sponsorshipWithdrawnDate />
        <state>OR</state>
        <party>D</party>
        <firstName>Jeff</firstName>
        <isOriginalCosponsor>False</isOriginalCosponsor>
        <lastName>Merkley</lastName>
      </item>
    </cosponsors>
    <summaries>
      <billSummaries>
        <item>
          <versionCode>00</versionCode>
          <updateDate>2017-03-22T04:00:00Z</updateDate>
          <actionDesc>Introduced in Senate</actionDesc>
          <lastSummaryUpdateDate>2017-07-17T20:25:29Z</lastSummaryUpdateDate>
          <actionDate>2017-03-22</actionDate>
          <name>Introduced in Senate</name>
          <text><![CDATA[<p><b>Palliative Care and Hospice Education and Training Act</b></p> <p>This bill amends the Public Health Service Act to require the Department of Health and Human Services (HHS) to provide support for Palliative Care and Hospice Education Centers. These centers must improve the training of health professionals in palliative care and establish traineeships for individuals preparing for advanced education nursing degrees, social work degrees, or advanced degrees in physician assistant studies in palliative care.</p> <p>HHS may provide support to schools of medicine, schools of osteopathic medicine, teaching hospitals, and graduate medical education programs for training physicians who plan to teach palliative medicine.</p> <p>HHS must: (1) provide Palliative Medicine and Hospice Academic Career Awards to individuals to promote their career development; (2) support entities that operate a Palliative Care and Hospice Education Center; (3) support advanced practice nurses, social workers, physician assistants, pharmacists, chaplains, or students of psychology pursuing an advanced degree in palliative care or related fields; and (4) award grants to schools of nursing, health care facilities, or programs leading to certification as a nurse assistant to train individuals in providing palliative care.</p> <p>The Agency for Healthcare Research and Quality must provide for a national education and awareness campaign to inform patients, families, and health professionals about the benefits of palliative care.</p> <p>The National Institutes of Health must expand national research programs in palliative care.</p>]]></text>
        </item>
      </billSummaries>
    </summaries>
    <policyArea>
      <name>Health</name>
    </policyArea>
    <latestAction>
      <links />
      <actionDate>2017-03-22</actionDate>
      <text>Read twice and referred to the Committee on Health, Education, Labor, and Pensions.</text>
    </latestAction>
    <updateDate>2018-02-06T16:45:04Z</updateDate>
    <committees>
      <billCommittees>
        <item>
          <name>Health, Education, Labor, and Pensions Committee</name>
          <chamber>Senate</chamber>
          <type>Standing</type>
          <subcommittees />
          <systemCode>sshr00</systemCode>
          <activities>
            <item>
              <name>Referred to</name>
              <date>2017-03-22T15:13:21Z</date>
            </item>
          </activities>
        </item>
      </billCommittees>
    </committees>
    <createDate>2017-03-23T05:20:08Z</createDate>
    <subjects>
      <billSubjects>
        <policyArea>
          <name>Health</name>
        </policyArea>
        <legislativeSubjects>
          <item>
            <name>Cancer</name>
          </item>
          <item>
            <name>Cardiovascular and respiratory health</name>
          </item>
          <item>
            <name>Department of Health and Human Services</name>
          </item>
          <item>
            <name>Digestive and metabolic diseases</name>
          </item>
          <item>
            <name>Education programs funding</name>
          </item>
          <item>
            <name>Executive agency funding and structure</name>
          </item>
          <item>
            <name>Government information and archives</name>
          </item>
          <item>
            <name>Health care quality</name>
          </item>
          <item>
            <name>Health facilities and institutions</name>
          </item>
          <item>
            <name>Health programs administration and funding</name>
          </item>
          <item>
            <name>Health promotion and preventive care</name>
          </item>
          <item>
            <name>Home and outpatient care</name>
          </item>
          <item>
            <name>Infectious and parasitic diseases</name>
          </item>
          <item>
            <name>Long-term, rehabilitative, and terminal care</name>
          </item>
          <item>
            <name>Medical education</name>
          </item>
          <item>
            <name>Medical research</name>
          </item>
          <item>
            <name>National Institutes of Health (NIH)</name>
          </item>
          <item>
            <name>Neurological disorders</name>
          </item>
          <item>
            <name>Nursing</name>
          </item>
          <item>
            <name>Research administration and funding</name>
          </item>
          <item>
            <name>Social work, volunteer service, charitable organizations</name>
          </item>
          <item>
            <name>Student aid and college costs</name>
          </item>
        </legislativeSubjects>
      </billSubjects>
    </subjects>
    <committeeReports />
    <calendarNumbers />
  </bill>
  <dublinCore xmlns:dc="http://purl.org/dc/elements/1.1/">
    <dc:format>text/xml</dc:format>
    <dc:language>EN</dc:language>
    <dc:rights>Pursuant to Title 17 Section 105 of the United States Code, this file is not subject to copyright protection and is in the public domain.</dc:rights>
    <dc:contributor>Congressional Research Service, Library of Congress</dc:contributor>
    <dc:description>This file contains bill summaries and statuses for federal legislation. A bill summary describes the most significant provisions of a piece of legislation and details the effects the legislative text may have on current law and federal programs. Bill summaries are authored by the Congressional Research Service (CRS) of the Library of Congress. As stated in Public Law 91-510 (2 USC 166 (d)(6)), one of the duties of CRS is "to prepare summaries and digests of bills and resolutions of a public general nature introduced in the Senate or House of Representatives". For more information, refer to the User Guide that accompanies this file.</dc:description>
  </dublinCore>
</billStatus>

