<?xml version="1.0" encoding="UTF-8"?>
<billStatus>
  <bill>
    <policyArea>
      <name>Taxation</name>
    </policyArea>
    <introducedDate>2017-02-02</introducedDate>
    <cosponsors>
      <item>
        <state>AR</state>
        <identifiers>
          <bioguideId>B001236</bioguideId>
          <lisID>1687</lisID>
          <gpoId>8247</gpoId>
        </identifiers>
        <bioguideId>B001236</bioguideId>
        <sponsorshipDate>2017-02-02</sponsorshipDate>
        <lastName>Boozman</lastName>
        <fullName>Sen. Boozman, John [R-AR]</fullName>
        <firstName>John</firstName>
        <party>R</party>
        <middleName />
        <isOriginalCosponsor>True</isOriginalCosponsor>
        <sponsorshipWithdrawnDate />
      </item>
    </cosponsors>
    <congress>115</congress>
    <recordedVotes />
    <amendments />
    <laws />
    <cboCostEstimates />
    <actions>
      <item>
        <actionDate>2017-02-02</actionDate>
        <committee>
          <systemCode>ssfi00</systemCode>
          <name>Finance Committee</name>
        </committee>
        <links />
        <sourceSystem>
          <name>Senate</name>
          <code>0</code>
        </sourceSystem>
        <text>Read twice and referred to the Committee on Finance.</text>
        <type>IntroReferral</type>
      </item>
      <item>
        <links />
        <actionDate>2017-02-02</actionDate>
        <type>IntroReferral</type>
        <text>Introduced in Senate</text>
        <actionCode>10000</actionCode>
        <sourceSystem>
          <name>Library of Congress</name>
          <code>9</code>
        </sourceSystem>
        <committee />
      </item>
      <actionByCounts>
        <senate>2</senate>
      </actionByCounts>
      <actionTypeCounts>
        <introducedInSenate>1</introducedInSenate>
        <referredToCommittee>1</referredToCommittee>
      </actionTypeCounts>
    </actions>
    <latestAction>
      <text>Read twice and referred to the Committee on Finance.</text>
      <actionDate>2017-02-02</actionDate>
      <links />
    </latestAction>
    <titles>
      <item>
        <parentTitleType />
        <chamberCode />
        <titleType>(Extracted from GPO) Short Titles as Introduced</titleType>
        <chamberName />
        <title>HOME Act</title>
      </item>
      <item>
        <parentTitleType />
        <chamberCode />
        <titleType>(Extracted from GPO) Short Titles as Introduced</titleType>
        <chamberName />
        <title>Helping Our Middle-Class Entrepreneurs Act</title>
      </item>
      <item>
        <parentTitleType />
        <chamberCode />
        <titleType>Short Titles as Introduced</titleType>
        <chamberName />
        <title>HOME Act</title>
      </item>
      <item>
        <parentTitleType />
        <chamberCode />
        <titleType>Short Titles as Introduced</titleType>
        <chamberName />
        <title>Helping Our Middle-Class Entrepreneurs Act</title>
      </item>
      <item>
        <parentTitleType />
        <chamberCode />
        <titleType>Official Title as Introduced</titleType>
        <chamberName />
        <title>A bill to amend the Internal Revenue Code of 1986 to provide a standard home office deduction.</title>
      </item>
      <item>
        <parentTitleType />
        <chamberCode />
        <titleType>Display Title</titleType>
        <chamberName />
        <title>HOME Act</title>
      </item>
    </titles>
    <summaries>
      <billSummaries>
        <item>
          <text><![CDATA[<p><strong>Helping Our Middle-Class Entrepreneurs Act or the HOME Act</strong> </p> <p> This bill amends the Internal Revenue Code to allow a taxpayer who uses a residence to conduct a trade or business a standard tax deduction equal to the lesser of $1,500 or the taxpayer's gross trade or business income derived from the business use of such residence. The bill provides for an inflation adjustment to the standard deduction amount in calendar years beginning after 2017.</p>]]></text>
          <versionCode>00</versionCode>
          <actionDate>2017-02-02</actionDate>
          <name>Introduced in Senate</name>
          <actionDesc>Introduced in Senate</actionDesc>
          <lastSummaryUpdateDate>2017-02-15T15:03:44Z</lastSummaryUpdateDate>
          <updateDate>2017-02-02T05:00:00Z</updateDate>
        </item>
      </billSummaries>
    </summaries>
    <title>HOME Act</title>
    <calendarNumbers />
    <originChamber>Senate</originChamber>
    <updateDate>2018-02-06T16:44:40Z</updateDate>
    <notes />
    <billType>S</billType>
    <committees>
      <billCommittees>
        <item>
          <systemCode>ssfi00</systemCode>
          <name>Finance Committee</name>
          <type>Standing</type>
          <activities>
            <item>
              <name>Referred to</name>
              <date>2017-02-02T19:33:36Z</date>
            </item>
          </activities>
          <chamber>Senate</chamber>
          <subcommittees />
        </item>
      </billCommittees>
    </committees>
    <relatedBills>
      <item>
        <number>836</number>
        <type>HR</type>
        <latestAction>
          <text>Referred to the House Committee on Ways and Means.</text>
          <actionDate>2017-02-02</actionDate>
        </latestAction>
        <congress>115</congress>
        <latestTitle>HOME Act</latestTitle>
        <relationshipDetails>
          <item>
            <identifiedBy>CRS</identifiedBy>
            <type>Identical bill</type>
          </item>
        </relationshipDetails>
      </item>
    </relatedBills>
    <committeeReports />
    <billNumber>290</billNumber>
    <sponsors>
      <item>
        <byRequestType />
        <state>NM</state>
        <bioguideId>U000039</bioguideId>
        <identifiers>
          <lisID>1567</lisID>
          <bioguideId>U000039</bioguideId>
          <gpoId>8260</gpoId>
        </identifiers>
        <fullName>Sen. Udall, Tom [D-NM]</fullName>
        <lastName>UDALL</lastName>
        <firstName>TOM</firstName>
        <middleName />
        <party>D</party>
      </item>
    </sponsors>
    <createDate>2017-02-03T05:17:31Z</createDate>
    <version>1.0.0</version>
    <subjects>
      <billSubjects>
        <policyArea>
          <name>Taxation</name>
        </policyArea>
        <legislativeSubjects>
          <item>
            <name>Business investment and capital</name>
          </item>
          <item>
            <name>Housing finance and home ownership</name>
          </item>
          <item>
            <name>Income tax deductions</name>
          </item>
          <item>
            <name>Inflation and prices</name>
          </item>
        </legislativeSubjects>
      </billSubjects>
    </subjects>
  </bill>
  <dublinCore xmlns:dc="http://purl.org/dc/elements/1.1/">
    <dc:format>text/xml</dc:format>
    <dc:language>EN</dc:language>
    <dc:rights>Pursuant to Title 17 Section 105 of the United States Code, this file is not subject to copyright protection and is in the public domain.</dc:rights>
    <dc:contributor>Congressional Research Service, Library of Congress</dc:contributor>
    <dc:description>This file contains bill summaries and statuses for federal legislation. A bill summary describes the most significant provisions of a piece of legislation and details the effects the legislative text may have on current law and federal programs. Bill summaries are authored by the Congressional Research Service (CRS) of the Library of Congress. As stated in Public Law 91-510 (2 USC 166 (d)(6)), one of the duties of CRS is "to prepare summaries and digests of bills and resolutions of a public general nature introduced in the Senate or House of Representatives". For more information, refer to the User Guide that accompanies this file.</dc:description>
  </dublinCore>
</billStatus>

