<?xml version="1.0" encoding="UTF-8"?>
<billStatus>
  <bill>
    <sponsors>
      <item>
        <fullName>Sen. Heitkamp, Heidi [D-ND]</fullName>
        <lastName>Heitkamp</lastName>
        <bioguideId>H001069</bioguideId>
        <party>D</party>
        <middleName />
        <state>ND</state>
        <firstName>Heidi</firstName>
        <byRequestType />
        <identifiers>
          <lisID>2174</lisID>
          <bioguideId>H001069</bioguideId>
          <gpoId />
        </identifiers>
      </item>
    </sponsors>
    <laws />
    <version>1.0.0</version>
    <introducedDate>2017-02-02</introducedDate>
    <cboCostEstimates />
    <titles>
      <item>
        <chamberCode />
        <chamberName />
        <parentTitleType />
        <titleType>(Extracted from GPO) Short Titles as Introduced</titleType>
        <title>Agricultural Export Expansion Act of 2017</title>
      </item>
      <item>
        <chamberCode />
        <chamberName />
        <parentTitleType />
        <titleType>Short Titles as Introduced</titleType>
        <title>Agricultural Export Expansion Act of 2017</title>
      </item>
      <item>
        <chamberCode />
        <chamberName />
        <parentTitleType />
        <titleType>Official Title as Introduced</titleType>
        <title>A bill to allow the financing by United States persons of sales of agricultural commodities to Cuba.</title>
      </item>
      <item>
        <chamberCode />
        <chamberName />
        <parentTitleType />
        <titleType>Display Title</titleType>
        <title>Agricultural Export Expansion Act of 2017</title>
      </item>
    </titles>
    <amendments />
    <recordedVotes />
    <relatedBills />
    <congress>115</congress>
    <billType>S</billType>
    <actions>
      <actionTypeCounts>
        <introducedInSenate>1</introducedInSenate>
        <referredToCommittee>1</referredToCommittee>
      </actionTypeCounts>
      <item>
        <actionDate>2017-02-02</actionDate>
        <committee>
          <systemCode>ssbk00</systemCode>
          <name>Banking, Housing, and Urban Affairs Committee</name>
        </committee>
        <links />
        <sourceSystem>
          <name>Senate</name>
          <code>0</code>
        </sourceSystem>
        <text>Read twice and referred to the Committee on Banking, Housing, and Urban Affairs.</text>
        <type>IntroReferral</type>
      </item>
      <item>
        <type>IntroReferral</type>
        <links />
        <text>Introduced in Senate</text>
        <committee />
        <actionDate>2017-02-02</actionDate>
        <sourceSystem>
          <name>Library of Congress</name>
          <code>9</code>
        </sourceSystem>
        <actionCode>10000</actionCode>
      </item>
      <actionByCounts>
        <senate>2</senate>
      </actionByCounts>
    </actions>
    <notes />
    <originChamber>Senate</originChamber>
    <title>Agricultural Export Expansion Act of 2017</title>
    <billNumber>275</billNumber>
    <cosponsors>
      <item>
        <lastName>Boozman</lastName>
        <sponsorshipDate>2017-02-02</sponsorshipDate>
        <party>R</party>
        <state>AR</state>
        <bioguideId>B001236</bioguideId>
        <middleName />
        <sponsorshipWithdrawnDate />
        <fullName>Sen. Boozman, John [R-AR]</fullName>
        <firstName>John</firstName>
        <isOriginalCosponsor>True</isOriginalCosponsor>
        <identifiers>
          <bioguideId>B001236</bioguideId>
          <lisID>1687</lisID>
          <gpoId>8247</gpoId>
        </identifiers>
      </item>
      <item>
        <lastName>UDALL</lastName>
        <sponsorshipDate>2017-02-02</sponsorshipDate>
        <party>D</party>
        <state>NM</state>
        <bioguideId>U000039</bioguideId>
        <middleName />
        <sponsorshipWithdrawnDate />
        <fullName>Sen. Udall, Tom [D-NM]</fullName>
        <firstName>TOM</firstName>
        <isOriginalCosponsor>True</isOriginalCosponsor>
        <identifiers>
          <lisID>1567</lisID>
          <bioguideId>U000039</bioguideId>
          <gpoId>8260</gpoId>
        </identifiers>
      </item>
      <item>
        <lastName>LEAHY</lastName>
        <sponsorshipDate>2017-02-02</sponsorshipDate>
        <party>D</party>
        <state>VT</state>
        <bioguideId>L000174</bioguideId>
        <middleName>JOSEPH</middleName>
        <sponsorshipWithdrawnDate />
        <fullName>Sen. Leahy, Patrick J. [D-VT]</fullName>
        <firstName>PATRICK</firstName>
        <isOriginalCosponsor>True</isOriginalCosponsor>
        <identifiers>
          <gpoId>8244</gpoId>
          <lisID>1383</lisID>
          <bioguideId>L000174</bioguideId>
        </identifiers>
      </item>
      <item>
        <lastName>DURBIN</lastName>
        <sponsorshipDate>2017-02-02</sponsorshipDate>
        <party>D</party>
        <state>IL</state>
        <bioguideId>D000563</bioguideId>
        <middleName>J.</middleName>
        <sponsorshipWithdrawnDate />
        <fullName>Sen. Durbin, Richard J. [D-IL]</fullName>
        <firstName>RICHARD</firstName>
        <isOriginalCosponsor>True</isOriginalCosponsor>
        <identifiers>
          <lisID>326</lisID>
          <gpoId>8326</gpoId>
          <bioguideId>D000563</bioguideId>
        </identifiers>
      </item>
      <item>
        <lastName>Klobuchar</lastName>
        <sponsorshipDate>2017-02-02</sponsorshipDate>
        <party>D</party>
        <state>MN</state>
        <bioguideId>K000367</bioguideId>
        <middleName />
        <sponsorshipWithdrawnDate />
        <fullName>Sen. Klobuchar, Amy [D-MN]</fullName>
        <firstName>Amy</firstName>
        <isOriginalCosponsor>True</isOriginalCosponsor>
        <identifiers>
          <lisID>1826</lisID>
          <bioguideId>K000367</bioguideId>
          <gpoId>8249</gpoId>
        </identifiers>
      </item>
      <item>
        <lastName>King</lastName>
        <sponsorshipDate>2017-02-02</sponsorshipDate>
        <party>I</party>
        <state>ME</state>
        <bioguideId>K000383</bioguideId>
        <middleName />
        <sponsorshipWithdrawnDate />
        <fullName>Sen. King, Angus S., Jr. [I-ME]</fullName>
        <firstName>Angus</firstName>
        <isOriginalCosponsor>True</isOriginalCosponsor>
        <identifiers>
          <bioguideId>K000383</bioguideId>
          <gpoId />
          <lisID>2185</lisID>
        </identifiers>
      </item>
      <item>
        <lastName>COLLINS</lastName>
        <sponsorshipDate>2017-02-02</sponsorshipDate>
        <party>R</party>
        <state>ME</state>
        <bioguideId>C001035</bioguideId>
        <middleName>MARGARET</middleName>
        <sponsorshipWithdrawnDate />
        <fullName>Sen. Collins, Susan M. [R-ME]</fullName>
        <firstName>SUSAN</firstName>
        <isOriginalCosponsor>True</isOriginalCosponsor>
        <identifiers>
          <gpoId>8291</gpoId>
          <bioguideId>C001035</bioguideId>
          <lisID>1541</lisID>
        </identifiers>
      </item>
      <item>
        <lastName>STABENOW</lastName>
        <sponsorshipDate>2017-02-02</sponsorshipDate>
        <party>D</party>
        <state>MI</state>
        <bioguideId>S000770</bioguideId>
        <middleName>ANN</middleName>
        <sponsorshipWithdrawnDate />
        <fullName>Sen. Stabenow, Debbie [D-MI]</fullName>
        <firstName>DEBORAH</firstName>
        <isOriginalCosponsor>True</isOriginalCosponsor>
        <identifiers>
          <gpoId>8261</gpoId>
          <lisID>1531</lisID>
          <bioguideId>S000770</bioguideId>
        </identifiers>
      </item>
      <item>
        <lastName>Donnelly</lastName>
        <sponsorshipDate>2017-02-02</sponsorshipDate>
        <party>D</party>
        <state>IN</state>
        <bioguideId>D000607</bioguideId>
        <middleName />
        <sponsorshipWithdrawnDate />
        <fullName>Sen. Donnelly, Joe [D-IN]</fullName>
        <firstName>Joe</firstName>
        <isOriginalCosponsor>True</isOriginalCosponsor>
        <identifiers>
          <lisID>1850</lisID>
          <bioguideId>D000607</bioguideId>
          <gpoId>7941</gpoId>
        </identifiers>
      </item>
      <item>
        <lastName>BALDWIN</lastName>
        <sponsorshipDate>2017-02-02</sponsorshipDate>
        <party>D</party>
        <state>WI</state>
        <bioguideId>B001230</bioguideId>
        <middleName />
        <sponsorshipWithdrawnDate />
        <fullName>Sen. Baldwin, Tammy [D-WI]</fullName>
        <firstName>TAMMY</firstName>
        <isOriginalCosponsor>True</isOriginalCosponsor>
        <identifiers>
          <lisID>1558</lisID>
          <bioguideId>B001230</bioguideId>
          <gpoId>8215</gpoId>
        </identifiers>
      </item>
      <item>
        <lastName>WYDEN</lastName>
        <sponsorshipDate>2017-02-02</sponsorshipDate>
        <party>D</party>
        <state>OR</state>
        <bioguideId>W000779</bioguideId>
        <middleName />
        <sponsorshipWithdrawnDate />
        <fullName>Sen. Wyden, Ron [D-OR]</fullName>
        <firstName>RON</firstName>
        <isOriginalCosponsor>True</isOriginalCosponsor>
        <identifiers>
          <lisID>1247</lisID>
          <gpoId>8265</gpoId>
          <bioguideId>W000779</bioguideId>
        </identifiers>
      </item>
      <item>
        <lastName>Warner</lastName>
        <sponsorshipDate>2017-02-02</sponsorshipDate>
        <party>D</party>
        <state>VA</state>
        <bioguideId>W000805</bioguideId>
        <middleName>R.</middleName>
        <sponsorshipWithdrawnDate />
        <fullName>Sen. Warner, Mark R. [D-VA]</fullName>
        <firstName>Mark</firstName>
        <isOriginalCosponsor>True</isOriginalCosponsor>
        <identifiers>
          <gpoId>8269</gpoId>
          <lisID>1897</lisID>
          <bioguideId>W000805</bioguideId>
        </identifiers>
      </item>
      <item>
        <lastName>Cochran</lastName>
        <sponsorshipDate>2017-02-02</sponsorshipDate>
        <party>R</party>
        <state>MS</state>
        <bioguideId>C000567</bioguideId>
        <middleName />
        <sponsorshipWithdrawnDate />
        <fullName>Sen. Cochran, Thad [R-MS]</fullName>
        <firstName>Thad</firstName>
        <isOriginalCosponsor>True</isOriginalCosponsor>
        <identifiers>
          <gpoId>8292</gpoId>
          <lisID>213</lisID>
          <bioguideId>C000567</bioguideId>
        </identifiers>
      </item>
      <item>
        <lastName>Bennet</lastName>
        <sponsorshipDate>2017-02-27</sponsorshipDate>
        <party>D</party>
        <state>CO</state>
        <bioguideId>B001267</bioguideId>
        <middleName>F.</middleName>
        <sponsorshipWithdrawnDate />
        <fullName>Sen. Bennet, Michael F. [D-CO]</fullName>
        <firstName>Michael</firstName>
        <isOriginalCosponsor>False</isOriginalCosponsor>
        <identifiers>
          <gpoId>8302</gpoId>
          <lisID>1965</lisID>
          <bioguideId>B001267</bioguideId>
        </identifiers>
      </item>
      <item>
        <lastName>MORAN</lastName>
        <sponsorshipDate>2017-03-15</sponsorshipDate>
        <party>R</party>
        <state>KS</state>
        <bioguideId>M000934</bioguideId>
        <middleName />
        <sponsorshipWithdrawnDate />
        <fullName>Sen. Moran, Jerry [R-KS]</fullName>
        <firstName>JERRY</firstName>
        <isOriginalCosponsor>False</isOriginalCosponsor>
        <identifiers>
          <lisID>1507</lisID>
          <gpoId>8307</gpoId>
          <bioguideId>M000934</bioguideId>
        </identifiers>
      </item>
      <item>
        <lastName>Duckworth</lastName>
        <sponsorshipDate>2017-05-03</sponsorshipDate>
        <party>D</party>
        <state>IL</state>
        <bioguideId>D000622</bioguideId>
        <middleName />
        <sponsorshipWithdrawnDate />
        <fullName>Sen. Duckworth, Tammy [D-IL]</fullName>
        <firstName>Tammy</firstName>
        <isOriginalCosponsor>False</isOriginalCosponsor>
        <identifiers>
          <lisID>2123</lisID>
          <bioguideId>D000622</bioguideId>
          <gpoId />
        </identifiers>
      </item>
    </cosponsors>
    <summaries>
      <billSummaries>
        <item>
          <lastSummaryUpdateDate>2017-03-01T22:35:02Z</lastSummaryUpdateDate>
          <updateDate>2017-02-02T05:00:00Z</updateDate>
          <versionCode>00</versionCode>
          <text><![CDATA[<p><b>Agricultural Export Expansion Act of 2017</b></p> <p>This bill amends the Trade Sanctions Reform and Export Enhancement Act of 2000 to permit a person subject to the jurisdiction of the United States to provide payment or financing for sales of agricultural commodities to Cuba or to an individual or entity in Cuba. </p>]]></text>
          <name>Introduced in Senate</name>
          <actionDesc>Introduced in Senate</actionDesc>
          <actionDate>2017-02-02</actionDate>
        </item>
      </billSummaries>
    </summaries>
    <policyArea>
      <name>Foreign Trade and International Finance</name>
    </policyArea>
    <latestAction>
      <links />
      <actionDate>2017-02-02</actionDate>
      <text>Read twice and referred to the Committee on Banking, Housing, and Urban Affairs.</text>
    </latestAction>
    <updateDate>2018-02-06T16:44:39Z</updateDate>
    <committees>
      <billCommittees>
        <item>
          <systemCode>ssbk00</systemCode>
          <chamber>Senate</chamber>
          <type>Standing</type>
          <activities>
            <item>
              <name>Referred to</name>
              <date>2017-02-02T17:13:10Z</date>
            </item>
          </activities>
          <name>Banking, Housing, and Urban Affairs Committee</name>
          <subcommittees />
        </item>
      </billCommittees>
    </committees>
    <createDate>2017-02-03T05:17:31Z</createDate>
    <subjects>
      <billSubjects>
        <legislativeSubjects>
          <item>
            <name>Agricultural trade</name>
          </item>
          <item>
            <name>Caribbean area</name>
          </item>
          <item>
            <name>Cuba</name>
          </item>
          <item>
            <name>Latin America</name>
          </item>
          <item>
            <name>Sanctions</name>
          </item>
          <item>
            <name>Trade restrictions</name>
          </item>
        </legislativeSubjects>
        <policyArea>
          <name>Foreign Trade and International Finance</name>
        </policyArea>
      </billSubjects>
    </subjects>
    <committeeReports />
    <calendarNumbers />
  </bill>
  <dublinCore xmlns:dc="http://purl.org/dc/elements/1.1/">
    <dc:format>text/xml</dc:format>
    <dc:language>EN</dc:language>
    <dc:rights>Pursuant to Title 17 Section 105 of the United States Code, this file is not subject to copyright protection and is in the public domain.</dc:rights>
    <dc:contributor>Congressional Research Service, Library of Congress</dc:contributor>
    <dc:description>This file contains bill summaries and statuses for federal legislation. A bill summary describes the most significant provisions of a piece of legislation and details the effects the legislative text may have on current law and federal programs. Bill summaries are authored by the Congressional Research Service (CRS) of the Library of Congress. As stated in Public Law 91-510 (2 USC 166 (d)(6)), one of the duties of CRS is "to prepare summaries and digests of bills and resolutions of a public general nature introduced in the Senate or House of Representatives". For more information, refer to the User Guide that accompanies this file.</dc:description>
  </dublinCore>
</billStatus>

