<?xml version="1.0" encoding="UTF-8"?>
<billStatus>
  <bill>
    <originChamber>Senate</originChamber>
    <introducedDate>2017-01-30</introducedDate>
    <cosponsors>
      <item>
        <identifiers>
          <lisID>2084</lisID>
          <bioguideId>R000595</bioguideId>
          <gpoId>8242</gpoId>
        </identifiers>
        <bioguideId>R000595</bioguideId>
        <sponsorshipDate>2017-01-30</sponsorshipDate>
        <middleName />
        <fullName>Sen. Rubio, Marco [R-FL]</fullName>
        <sponsorshipWithdrawnDate />
        <state>FL</state>
        <party>R</party>
        <firstName>Marco</firstName>
        <isOriginalCosponsor>True</isOriginalCosponsor>
        <lastName>Rubio</lastName>
      </item>
    </cosponsors>
    <billType>S</billType>
    <recordedVotes />
    <laws />
    <committeeReports />
    <actions>
      <item>
        <actionDate>2017-11-08</actionDate>
        <committee>
          <systemCode>ssju00</systemCode>
          <name>Judiciary Committee</name>
        </committee>
        <links />
        <sourceSystem>
          <code>0</code>
          <name>Senate</name>
        </sourceSystem>
        <text>Committee on the Judiciary. Hearings held.</text>
        <type>Committee</type>
      </item>
      <item>
        <actionDate>2017-01-30</actionDate>
        <committee>
          <systemCode>ssju00</systemCode>
          <name>Judiciary Committee</name>
        </committee>
        <links />
        <sourceSystem>
          <code>0</code>
          <name>Senate</name>
        </sourceSystem>
        <text>Read twice and referred to the Committee on the Judiciary.</text>
        <type>IntroReferral</type>
      </item>
      <item>
        <committee />
        <sourceSystem>
          <code>9</code>
          <name>Library of Congress</name>
        </sourceSystem>
        <actionDate>2017-01-30</actionDate>
        <text>Introduced in Senate</text>
        <links />
        <type>IntroReferral</type>
        <actionCode>10000</actionCode>
      </item>
      <actionByCounts>
        <senate>3</senate>
      </actionByCounts>
      <actionTypeCounts>
        <hearingsHeld>1</hearingsHeld>
        <referredToCommittee>1</referredToCommittee>
        <introducedInSenate>1</introducedInSenate>
      </actionTypeCounts>
    </actions>
    <createDate>2017-01-31T05:23:13Z</createDate>
    <version>1.0.0</version>
    <notes />
    <latestAction>
      <actionDate>2017-11-08</actionDate>
      <text>Committee on the Judiciary. Hearings held.</text>
      <links />
    </latestAction>
    <title>Lawsuit Abuse Reduction Act of 2017</title>
    <summaries>
      <billSummaries>
        <item>
          <versionCode>00</versionCode>
          <actionDate>2017-01-30</actionDate>
          <updateDate>2017-01-30T05:00:00Z</updateDate>
          <text><![CDATA[<p><b>Lawsuit Abuse Reduction Act of</b> <b>2017</b></p> <p>This bill amends the sanctions provisions in Rule 11 of the Federal Rules of Civil Procedure to require the court to impose an appropriate sanction on any attorney, law firm, or party that has violated, or is responsible for the violation of, the rule with regard to representations to the court. Any sanction must compensate parties injured by the conduct in question.</p> <p>The bill removes a provision that prohibits filing a motion for sanctions if the challenged paper, claim, defense, contention, or denial is withdrawn or appropriately corrected within 21 days after service or within another time the court sets. </p> <p>Courts may impose additional sanctions, including striking the pleadings, dismissing the suit, nonmonetary directives, or penalty payments if warranted for effective deterrence.</p>]]></text>
          <actionDesc>Introduced in Senate</actionDesc>
          <name>Introduced in Senate</name>
          <lastSummaryUpdateDate>2017-03-28T20:41:19Z</lastSummaryUpdateDate>
        </item>
      </billSummaries>
    </summaries>
    <congress>115</congress>
    <policyArea>
      <name>Law</name>
    </policyArea>
    <billNumber>237</billNumber>
    <calendarNumbers />
    <cboCostEstimates />
    <subjects>
      <billSubjects>
        <policyArea>
          <name>Law</name>
        </policyArea>
        <legislativeSubjects>
          <item>
            <name>Civil actions and liability</name>
          </item>
          <item>
            <name>Judicial procedure and administration</name>
          </item>
          <item>
            <name>Lawyers and legal services</name>
          </item>
          <item>
            <name>Legal fees and court costs</name>
          </item>
        </legislativeSubjects>
      </billSubjects>
    </subjects>
    <relatedBills>
      <item>
        <number>720</number>
        <type>HR</type>
        <latestAction>
          <text>Received in the Senate and Read twice and referred to the Committee on the Judiciary.</text>
          <actionDate>2017-03-13</actionDate>
        </latestAction>
        <congress>115</congress>
        <latestTitle>Lawsuit Abuse Reduction Act of 2017</latestTitle>
        <relationshipDetails>
          <item>
            <identifiedBy>CRS</identifiedBy>
            <type>Identical bill</type>
          </item>
        </relationshipDetails>
      </item>
    </relatedBills>
    <committees>
      <billCommittees>
        <item>
          <chamber>Senate</chamber>
          <subcommittees />
          <systemCode>ssju00</systemCode>
          <name>Judiciary Committee</name>
          <activities>
            <item>
              <name>Hearings by</name>
              <date>2017-11-08T15:00:00Z</date>
            </item>
            <item>
              <name>Referred to</name>
              <date>2017-01-30T20:52:14Z</date>
            </item>
          </activities>
          <type>Standing</type>
        </item>
      </billCommittees>
    </committees>
    <titles>
      <item>
        <titleType>(Extracted from GPO) Short Titles as Introduced</titleType>
        <parentTitleType />
        <chamberName />
        <title>Lawsuit Abuse Reduction Act of 2017</title>
        <chamberCode />
      </item>
      <item>
        <titleType>Short Titles as Introduced</titleType>
        <parentTitleType />
        <chamberName />
        <title>Lawsuit Abuse Reduction Act of 2017</title>
        <chamberCode />
      </item>
      <item>
        <titleType>Official Title as Introduced</titleType>
        <parentTitleType />
        <chamberName />
        <title>A bill to amend Rule 11 of the Federal Rules of Civil Procedure to improve attorney accountability, and for other purposes.</title>
        <chamberCode />
      </item>
      <item>
        <titleType>Display Title</titleType>
        <parentTitleType />
        <chamberName />
        <title>Lawsuit Abuse Reduction Act of 2017</title>
        <chamberCode />
      </item>
    </titles>
    <sponsors>
      <item>
        <fullName>Sen. Grassley, Chuck [R-IA]</fullName>
        <middleName>ERNEST</middleName>
        <state>IA</state>
        <byRequestType />
        <firstName>CHARLES</firstName>
        <bioguideId>G000386</bioguideId>
        <party>R</party>
        <lastName>GRASSLEY</lastName>
        <identifiers>
          <bioguideId>G000386</bioguideId>
          <gpoId>8316</gpoId>
          <lisID>457</lisID>
        </identifiers>
      </item>
    </sponsors>
    <updateDate>2018-02-06T16:44:37Z</updateDate>
    <amendments />
  </bill>
  <dublinCore xmlns:dc="http://purl.org/dc/elements/1.1/">
    <dc:format>text/xml</dc:format>
    <dc:language>EN</dc:language>
    <dc:rights>Pursuant to Title 17 Section 105 of the United States Code, this file is not subject to copyright protection and is in the public domain.</dc:rights>
    <dc:contributor>Congressional Research Service, Library of Congress</dc:contributor>
    <dc:description>This file contains bill summaries and statuses for federal legislation. A bill summary describes the most significant provisions of a piece of legislation and details the effects the legislative text may have on current law and federal programs. Bill summaries are authored by the Congressional Research Service (CRS) of the Library of Congress. As stated in Public Law 91-510 (2 USC 166 (d)(6)), one of the duties of CRS is "to prepare summaries and digests of bills and resolutions of a public general nature introduced in the Senate or House of Representatives". For more information, refer to the User Guide that accompanies this file.</dc:description>
  </dublinCore>
</billStatus>

