<?xml version="1.0" encoding="UTF-8"?>
<billStatus>
  <bill>
    <relatedBills>
      <item>
        <type>HR</type>
        <latestAction>
          <text>Referred to the Subcommittee on Federal Lands.</text>
          <actionDate>2017-02-10</actionDate>
        </latestAction>
        <latestTitle>Safeguard Aquaculture Farmers Act</latestTitle>
        <relationshipDetails>
          <item>
            <type>Identical bill</type>
            <identifiedBy>CRS</identifiedBy>
          </item>
        </relationshipDetails>
        <congress>115</congress>
        <number>368</number>
      </item>
    </relatedBills>
    <originChamber>Senate</originChamber>
    <recordedVotes />
    <latestAction>
      <text>Read twice and referred to the Committee on Environment and Public Works.</text>
      <links />
      <actionDate>2017-01-24</actionDate>
    </latestAction>
    <createDate>2017-01-25T04:45:58Z</createDate>
    <title>Safeguard Aquaculture Farmers Act</title>
    <summaries>
      <billSummaries>
        <item>
          <updateDate>2017-01-24T05:00:00Z</updateDate>
          <actionDesc>Introduced in Senate</actionDesc>
          <versionCode>00</versionCode>
          <name>Introduced in Senate</name>
          <text><![CDATA[<p><b>Safeguard Aquaculture Farmers Act</b></p> <p>This bill provides the force and effect of law for certain regulations that allow for the taking of double-crested cormorants (birds) that eat fish at aquaculture facilities. </p>]]></text>
          <lastSummaryUpdateDate>2017-07-19T17:13:58Z</lastSummaryUpdateDate>
          <actionDate>2017-01-24</actionDate>
        </item>
      </billSummaries>
    </summaries>
    <actions>
      <item>
        <actionDate>2017-01-24</actionDate>
        <committee>
          <systemCode>ssev00</systemCode>
          <name>Environment and Public Works Committee</name>
        </committee>
        <links />
        <sourceSystem>
          <name>Senate</name>
          <code>0</code>
        </sourceSystem>
        <text>Read twice and referred to the Committee on Environment and Public Works.</text>
        <type>IntroReferral</type>
      </item>
      <item>
        <sourceSystem>
          <name>Library of Congress</name>
          <code>9</code>
        </sourceSystem>
        <actionDate>2017-01-24</actionDate>
        <links />
        <text>Introduced in Senate</text>
        <committee />
        <actionCode>10000</actionCode>
        <type>IntroReferral</type>
      </item>
      <actionByCounts>
        <senate>2</senate>
      </actionByCounts>
      <actionTypeCounts>
        <referredToCommittee>1</referredToCommittee>
        <introducedInSenate>1</introducedInSenate>
      </actionTypeCounts>
    </actions>
    <updateDate>2018-02-06T16:44:36Z</updateDate>
    <amendments />
    <notes />
    <sponsors>
      <item>
        <bioguideId>C001095</bioguideId>
        <middleName />
        <byRequestType />
        <firstName>Tom</firstName>
        <lastName>Cotton</lastName>
        <state>AR</state>
        <party>R</party>
        <identifiers>
          <bioguideId>C001095</bioguideId>
          <lisID>2098</lisID>
          <gpoId />
        </identifiers>
        <fullName>Sen. Cotton, Tom [R-AR]</fullName>
      </item>
    </sponsors>
    <committees>
      <billCommittees>
        <item>
          <systemCode>ssev00</systemCode>
          <name>Environment and Public Works Committee</name>
          <type>Standing</type>
          <activities>
            <item>
              <name>Referred to</name>
              <date>2017-01-24T21:51:14Z</date>
            </item>
          </activities>
          <chamber>Senate</chamber>
          <subcommittees />
        </item>
      </billCommittees>
    </committees>
    <cosponsors>
      <item>
        <isOriginalCosponsor>True</isOriginalCosponsor>
        <fullName>Sen. Boozman, John [R-AR]</fullName>
        <firstName>John</firstName>
        <identifiers>
          <bioguideId>B001236</bioguideId>
          <lisID>1687</lisID>
          <gpoId>8247</gpoId>
        </identifiers>
        <party>R</party>
        <sponsorshipDate>2017-01-24</sponsorshipDate>
        <lastName>Boozman</lastName>
        <bioguideId>B001236</bioguideId>
        <state>AR</state>
        <middleName />
        <sponsorshipWithdrawnDate />
      </item>
      <item>
        <isOriginalCosponsor>True</isOriginalCosponsor>
        <fullName>Sen. Wicker, Roger F. [R-MS]</fullName>
        <firstName>ROGER</firstName>
        <identifiers>
          <lisID>1226</lisID>
          <bioguideId>W000437</bioguideId>
          <gpoId>8263</gpoId>
        </identifiers>
        <party>R</party>
        <sponsorshipDate>2017-01-24</sponsorshipDate>
        <lastName>WICKER</lastName>
        <bioguideId>W000437</bioguideId>
        <state>MS</state>
        <middleName>F.</middleName>
        <sponsorshipWithdrawnDate />
      </item>
      <item>
        <isOriginalCosponsor>True</isOriginalCosponsor>
        <fullName>Sen. Cochran, Thad [R-MS]</fullName>
        <firstName>Thad</firstName>
        <identifiers>
          <gpoId>8292</gpoId>
          <lisID>213</lisID>
          <bioguideId>C000567</bioguideId>
        </identifiers>
        <party>R</party>
        <sponsorshipDate>2017-01-24</sponsorshipDate>
        <lastName>Cochran</lastName>
        <bioguideId>C000567</bioguideId>
        <state>MS</state>
        <middleName />
        <sponsorshipWithdrawnDate />
      </item>
      <item>
        <isOriginalCosponsor>True</isOriginalCosponsor>
        <fullName>Sen. Shelby, Richard C. [R-AL]</fullName>
        <firstName>RICHARD</firstName>
        <identifiers>
          <lisID>1049</lisID>
          <gpoId>8277</gpoId>
          <bioguideId>S000320</bioguideId>
        </identifiers>
        <party>R</party>
        <sponsorshipDate>2017-01-24</sponsorshipDate>
        <lastName>SHELBY</lastName>
        <bioguideId>S000320</bioguideId>
        <state>AL</state>
        <middleName>CRAIG</middleName>
        <sponsorshipWithdrawnDate />
      </item>
      <item>
        <isOriginalCosponsor>True</isOriginalCosponsor>
        <fullName>Sen. Tillis, Thom [R-NC]</fullName>
        <firstName>Thomas</firstName>
        <identifiers>
          <lisID>2291</lisID>
          <bioguideId>T000476</bioguideId>
          <gpoId />
        </identifiers>
        <party>R</party>
        <sponsorshipDate>2017-01-24</sponsorshipDate>
        <lastName>Tillis</lastName>
        <bioguideId>T000476</bioguideId>
        <state>NC</state>
        <middleName>Roland</middleName>
        <sponsorshipWithdrawnDate />
      </item>
    </cosponsors>
    <laws />
    <policyArea>
      <name>Animals</name>
    </policyArea>
    <cboCostEstimates />
    <billNumber>219</billNumber>
    <congress>115</congress>
    <version>1.0.0</version>
    <introducedDate>2017-01-24</introducedDate>
    <committeeReports />
    <titles>
      <item>
        <titleType>(Extracted from GPO) Short Titles as Introduced</titleType>
        <parentTitleType />
        <chamberName />
        <title>Safeguard Aquaculture Farmers Act</title>
        <chamberCode />
      </item>
      <item>
        <titleType>Short Titles as Introduced</titleType>
        <parentTitleType />
        <chamberName />
        <title>Safeguard Aquaculture Farmers Act</title>
        <chamberCode />
      </item>
      <item>
        <titleType>Official Title as Introduced</titleType>
        <parentTitleType />
        <chamberName />
        <title>A bill to provide the force and effect of law for certain regulations relating to the taking of double-crested cormorants to reduce depredation at aquaculture facilities and protect public resources.</title>
        <chamberCode />
      </item>
      <item>
        <titleType>Display Title</titleType>
        <parentTitleType />
        <chamberName />
        <title>Safeguard Aquaculture Farmers Act</title>
        <chamberCode />
      </item>
    </titles>
    <calendarNumbers />
    <subjects>
      <billSubjects>
        <policyArea>
          <name>Animals</name>
        </policyArea>
        <legislativeSubjects>
          <item>
            <name>Administrative law and regulatory procedures</name>
          </item>
          <item>
            <name>Aquaculture</name>
          </item>
          <item>
            <name>Birds</name>
          </item>
          <item>
            <name>Department of the Interior</name>
          </item>
          <item>
            <name>Hunting and fishing</name>
          </item>
        </legislativeSubjects>
      </billSubjects>
    </subjects>
    <billType>S</billType>
  </bill>
  <dublinCore xmlns:dc="http://purl.org/dc/elements/1.1/">
    <dc:format>text/xml</dc:format>
    <dc:language>EN</dc:language>
    <dc:rights>Pursuant to Title 17 Section 105 of the United States Code, this file is not subject to copyright protection and is in the public domain.</dc:rights>
    <dc:contributor>Congressional Research Service, Library of Congress</dc:contributor>
    <dc:description>This file contains bill summaries and statuses for federal legislation. A bill summary describes the most significant provisions of a piece of legislation and details the effects the legislative text may have on current law and federal programs. Bill summaries are authored by the Congressional Research Service (CRS) of the Library of Congress. As stated in Public Law 91-510 (2 USC 166 (d)(6)), one of the duties of CRS is "to prepare summaries and digests of bills and resolutions of a public general nature introduced in the Senate or House of Representatives". For more information, refer to the User Guide that accompanies this file.</dc:description>
  </dublinCore>
</billStatus>

