<?xml version="1.0" encoding="UTF-8"?>
<billStatus>
  <bill>
    <calendarNumbers />
    <congress>115</congress>
    <titles>
      <item>
        <chamberCode />
        <chamberName />
        <parentTitleType />
        <titleType>(Extracted from GPO) Short Titles as Introduced</titleType>
        <title>Higher Education Innovation Act</title>
      </item>
      <item>
        <chamberCode />
        <chamberName />
        <parentTitleType />
        <titleType>Short Titles as Introduced</titleType>
        <title>Higher Education Innovation Act</title>
      </item>
      <item>
        <chamberCode />
        <chamberName />
        <parentTitleType />
        <titleType>Official Title as Introduced</titleType>
        <title>A bill to establish an alternative, outcomes-based process for authorizing innovative, high-quality higher education providers to participate in programs under title IV of the Higher Education Act of 1965.</title>
      </item>
      <item>
        <chamberCode />
        <chamberName />
        <parentTitleType />
        <titleType>Display Title</titleType>
        <title>Higher Education Innovation Act</title>
      </item>
    </titles>
    <introducedDate>2017-03-13</introducedDate>
    <latestAction>
      <actionDate>2017-03-13</actionDate>
      <text>Read twice and referred to the Committee on Health, Education, Labor, and Pensions.</text>
      <links />
    </latestAction>
    <title>Higher Education Innovation Act</title>
    <subjects>
      <billSubjects>
        <legislativeSubjects>
          <item>
            <name>Academic performance and assessments</name>
          </item>
          <item>
            <name>Education programs funding</name>
          </item>
          <item>
            <name>Higher education</name>
          </item>
          <item>
            <name>Performance measurement</name>
          </item>
          <item>
            <name>Student aid and college costs</name>
          </item>
          <item>
            <name>Student records</name>
          </item>
          <item>
            <name>Teaching, teachers, curricula</name>
          </item>
        </legislativeSubjects>
        <policyArea>
          <name>Education</name>
        </policyArea>
      </billSubjects>
    </subjects>
    <relatedBills />
    <updateDate>2018-02-06T16:44:59Z</updateDate>
    <committeeReports />
    <notes />
    <recordedVotes />
    <amendments />
    <createDate>2017-03-14T05:27:25Z</createDate>
    <committees>
      <billCommittees>
        <item>
          <type>Standing</type>
          <systemCode>sshr00</systemCode>
          <subcommittees />
          <activities>
            <item>
              <date>2017-03-13T21:15:22Z</date>
              <name>Referred to</name>
            </item>
          </activities>
          <chamber>Senate</chamber>
          <name>Health, Education, Labor, and Pensions Committee</name>
        </item>
      </billCommittees>
    </committees>
    <cboCostEstimates />
    <billNumber>615</billNumber>
    <policyArea>
      <name>Education</name>
    </policyArea>
    <version>1.0.0</version>
    <billType>S</billType>
    <originChamber>Senate</originChamber>
    <actions>
      <actionTypeCounts>
        <introducedInSenate>1</introducedInSenate>
        <referredToCommittee>1</referredToCommittee>
      </actionTypeCounts>
      <item>
        <actionDate>2017-03-13</actionDate>
        <committee>
          <systemCode>sshr00</systemCode>
          <name>Health, Education, Labor, and Pensions Committee</name>
        </committee>
        <links />
        <sourceSystem>
          <name>Senate</name>
          <code>0</code>
        </sourceSystem>
        <text>Read twice and referred to the Committee on Health, Education, Labor, and Pensions.</text>
        <type>IntroReferral</type>
      </item>
      <item>
        <type>IntroReferral</type>
        <links />
        <text>Introduced in Senate</text>
        <committee />
        <actionDate>2017-03-13</actionDate>
        <sourceSystem>
          <name>Library of Congress</name>
          <code>9</code>
        </sourceSystem>
        <actionCode>10000</actionCode>
      </item>
      <actionByCounts>
        <senate>2</senate>
      </actionByCounts>
    </actions>
    <sponsors>
      <item>
        <bioguideId>B001267</bioguideId>
        <party>D</party>
        <firstName>Michael</firstName>
        <middleName>F.</middleName>
        <byRequestType />
        <fullName>Sen. Bennet, Michael F. [D-CO]</fullName>
        <identifiers>
          <bioguideId>B001267</bioguideId>
          <lisID>1965</lisID>
          <gpoId>8302</gpoId>
        </identifiers>
        <lastName>Bennet</lastName>
        <state>CO</state>
      </item>
    </sponsors>
    <summaries>
      <billSummaries>
        <item>
          <updateDate>2017-03-13T04:00:00Z</updateDate>
          <lastSummaryUpdateDate>2017-09-25T19:59:31Z</lastSummaryUpdateDate>
          <actionDate>2017-03-13</actionDate>
          <name>Introduced in Senate</name>
          <actionDesc>Introduced in Senate</actionDesc>
          <versionCode>00</versionCode>
          <text><![CDATA[<p><b>Higher Education Innovation Act</b> <p>This bill amends title IV (Student Assistance) of the Higher Education Act of 1965 to establish an alternative authorization process for institutions of higher education (IHEs) and other education providers to participate in federal student aid programs.</p> <p>The Department of Education must approve innovation authorizers to authorize IHEs or other education providers that: promote student success outcomes and cost-effectiveness, agree to outcome-based oversight and reporting requirements, meet performance metrics, and comply with other specified requirements. </p> <p>Authorization by an innovation authorizer is deemed recognized accreditation for purposes of participation in title IV federal student aid programs.</p> <p>An IHE or education provider may be both accredited by a recognized accrediting agency and authorized by an innovation authorizer, if it meets the requirements of both. </p>]]></text>
        </item>
      </billSummaries>
    </summaries>
    <laws />
    <cosponsors>
      <item>
        <identifiers>
          <lisID>2084</lisID>
          <bioguideId>R000595</bioguideId>
          <gpoId>8242</gpoId>
        </identifiers>
        <bioguideId>R000595</bioguideId>
        <sponsorshipDate>2017-03-13</sponsorshipDate>
        <middleName />
        <fullName>Sen. Rubio, Marco [R-FL]</fullName>
        <sponsorshipWithdrawnDate />
        <state>FL</state>
        <party>R</party>
        <firstName>Marco</firstName>
        <isOriginalCosponsor>True</isOriginalCosponsor>
        <lastName>Rubio</lastName>
      </item>
    </cosponsors>
  </bill>
  <dublinCore xmlns:dc="http://purl.org/dc/elements/1.1/">
    <dc:format>text/xml</dc:format>
    <dc:language>EN</dc:language>
    <dc:rights>Pursuant to Title 17 Section 105 of the United States Code, this file is not subject to copyright protection and is in the public domain.</dc:rights>
    <dc:contributor>Congressional Research Service, Library of Congress</dc:contributor>
    <dc:description>This file contains bill summaries and statuses for federal legislation. A bill summary describes the most significant provisions of a piece of legislation and details the effects the legislative text may have on current law and federal programs. Bill summaries are authored by the Congressional Research Service (CRS) of the Library of Congress. As stated in Public Law 91-510 (2 USC 166 (d)(6)), one of the duties of CRS is "to prepare summaries and digests of bills and resolutions of a public general nature introduced in the Senate or House of Representatives". For more information, refer to the User Guide that accompanies this file.</dc:description>
  </dublinCore>
</billStatus>

