<?xml version="1.0" encoding="UTF-8"?>
<billStatus>
  <bill>
    <policyArea>
      <name>Transportation and Public Works</name>
    </policyArea>
    <introducedDate>2017-03-29</introducedDate>
    <cosponsors />
    <congress>115</congress>
    <recordedVotes />
    <amendments />
    <laws />
    <cboCostEstimates />
    <actions>
      <actionTypeCounts>
        <referredToCommittee>1</referredToCommittee>
        <introducedInSenate>1</introducedInSenate>
      </actionTypeCounts>
      <item>
        <actionDate>2017-03-29</actionDate>
        <committee>
          <systemCode>sscm00</systemCode>
          <name>Commerce, Science, and Transportation Committee</name>
        </committee>
        <links />
        <sourceSystem>
          <code>0</code>
          <name>Senate</name>
        </sourceSystem>
        <text>Read twice and referred to the Committee on Commerce, Science, and Transportation.</text>
        <type>IntroReferral</type>
      </item>
      <item>
        <type>IntroReferral</type>
        <text>Introduced in Senate</text>
        <links />
        <committee />
        <sourceSystem>
          <code>9</code>
          <name>Library of Congress</name>
        </sourceSystem>
        <actionDate>2017-03-29</actionDate>
        <actionCode>10000</actionCode>
      </item>
      <actionByCounts>
        <senate>2</senate>
      </actionByCounts>
    </actions>
    <latestAction>
      <text>Read twice and referred to the Committee on Commerce, Science, and Transportation.</text>
      <actionDate>2017-03-29</actionDate>
      <links />
    </latestAction>
    <titles>
      <item>
        <titleType>(Extracted from GPO) Short Titles as Introduced</titleType>
        <parentTitleType />
        <chamberName />
        <title>Fairness for Pilots Act</title>
        <chamberCode />
      </item>
      <item>
        <titleType>Short Titles as Introduced</titleType>
        <parentTitleType />
        <chamberName />
        <title>Fairness for Pilots Act</title>
        <chamberCode />
      </item>
      <item>
        <titleType>Official Title as Introduced</titleType>
        <parentTitleType />
        <chamberName />
        <title>A bill to amend the Pilot's Bill of Rights to facilitate appeals, to limit the reexamination of airman certificates, and for other purposes.</title>
        <chamberCode />
      </item>
      <item>
        <titleType>Display Title</titleType>
        <parentTitleType />
        <chamberName />
        <title>Fairness for Pilots Act</title>
        <chamberCode />
      </item>
    </titles>
    <summaries>
      <billSummaries>
        <item>
          <text><![CDATA[<p><b>Fairness for Pilots Act</b></p> <p>This bill amends the Pilot's Bill of Rights to revise the authorization for appeal to a federal court by a substantially affected individual from a decision of the National Transportation Safety Board to uphold an adverse Federal Aviation Administration (FAA) order or final decision. The bill specifies the suspension or revocation of an airman certificate as the punitive civil action which may be appealed.</p> <p>A U.S. district court shall review de novo an FAA denial, suspension, or revocation of an airman certificate.</p> <p>The bill prescribes requirements for FAA reexamination of airmen certificates where there are reasonable grounds to question an airman's lack of competence or believe a certificate was obtained through fraud.</p> <p>The FAA may not take enforcement action against an individual for violation of a Notice to Airmen (NOTAM) regarding airspace system information until the FAA certifies its compliance with certain NOTAM Improvement Program requirements. </p> <p>The FAA, upon receiving a request for a covered flight record of air traffic data not in its possession, shall request the record from a FAA contract tower or other FAA contractor possessing it. </p> <p>The FAA shall revise certain regulations for FAA administrative disposition of a case under the Federal Aviation Act of 1958 or the Hazardous Materials Transportation Act to authorize the FAA legal counsel to close covered enforcement actions with a warning notice, letter of correction, or other administrative action. </p>]]></text>
          <versionCode>00</versionCode>
          <actionDate>2017-03-29</actionDate>
          <name>Introduced in Senate</name>
          <actionDesc>Introduced in Senate</actionDesc>
          <lastSummaryUpdateDate>2018-01-17T21:28:15Z</lastSummaryUpdateDate>
          <updateDate>2017-03-29T04:00:00Z</updateDate>
        </item>
      </billSummaries>
    </summaries>
    <title>Fairness for Pilots Act</title>
    <calendarNumbers />
    <originChamber>Senate</originChamber>
    <updateDate>2018-02-06T16:45:08Z</updateDate>
    <notes />
    <billType>S</billType>
    <committees>
      <billCommittees>
        <item>
          <chamber>Senate</chamber>
          <name>Commerce, Science, and Transportation Committee</name>
          <systemCode>sscm00</systemCode>
          <type>Standing</type>
          <subcommittees />
          <activities>
            <item>
              <name>Referred to</name>
              <date>2017-03-29T14:50:26Z</date>
            </item>
          </activities>
        </item>
      </billCommittees>
    </committees>
    <relatedBills>
      <item>
        <number>1405</number>
        <latestTitle>Federal Aviation Administration Reauthorization Act of 2017</latestTitle>
        <type>S</type>
        <relationshipDetails>
          <item>
            <identifiedBy>CRS</identifiedBy>
            <type>Related bill</type>
          </item>
        </relationshipDetails>
        <congress>115</congress>
        <latestAction>
          <text>Committee on Commerce, Science, and Transportation. Ordered to be reported with an amendment in the nature of a substitute favorably.</text>
          <actionDate>2017-06-29</actionDate>
        </latestAction>
      </item>
      <item>
        <number>2107</number>
        <latestTitle>Fairness for Pilots Act</latestTitle>
        <type>HR</type>
        <relationshipDetails>
          <item>
            <identifiedBy>CRS</identifiedBy>
            <type>Identical bill</type>
          </item>
        </relationshipDetails>
        <congress>115</congress>
        <latestAction>
          <text>Referred to the Subcommittee on Aviation.</text>
          <actionDate>2017-04-21</actionDate>
        </latestAction>
      </item>
    </relatedBills>
    <committeeReports />
    <billNumber>755</billNumber>
    <sponsors>
      <item>
        <byRequestType />
        <state>OK</state>
        <bioguideId>I000024</bioguideId>
        <identifiers>
          <gpoId>8322</gpoId>
          <bioguideId>I000024</bioguideId>
          <lisID>583</lisID>
        </identifiers>
        <fullName>Sen. Inhofe, James M. [R-OK]</fullName>
        <lastName>INHOFE</lastName>
        <firstName>JIM</firstName>
        <middleName />
        <party>R</party>
      </item>
    </sponsors>
    <createDate>2017-03-30T04:33:14Z</createDate>
    <version>1.0.0</version>
    <subjects>
      <billSubjects>
        <policyArea>
          <name>Transportation and Public Works</name>
        </policyArea>
        <legislativeSubjects>
          <item>
            <name>Administrative law and regulatory procedures</name>
          </item>
          <item>
            <name>Administrative remedies</name>
          </item>
          <item>
            <name>Aviation and airports</name>
          </item>
          <item>
            <name>Congressional oversight</name>
          </item>
          <item>
            <name>Department of Transportation</name>
          </item>
          <item>
            <name>Government information and archives</name>
          </item>
          <item>
            <name>Government studies and investigations</name>
          </item>
          <item>
            <name>Judicial review and appeals</name>
          </item>
          <item>
            <name>Licensing and registrations</name>
          </item>
          <item>
            <name>Transportation employees</name>
          </item>
          <item>
            <name>Transportation safety and security</name>
          </item>
        </legislativeSubjects>
      </billSubjects>
    </subjects>
  </bill>
  <dublinCore xmlns:dc="http://purl.org/dc/elements/1.1/">
    <dc:format>text/xml</dc:format>
    <dc:language>EN</dc:language>
    <dc:rights>Pursuant to Title 17 Section 105 of the United States Code, this file is not subject to copyright protection and is in the public domain.</dc:rights>
    <dc:contributor>Congressional Research Service, Library of Congress</dc:contributor>
    <dc:description>This file contains bill summaries and statuses for federal legislation. A bill summary describes the most significant provisions of a piece of legislation and details the effects the legislative text may have on current law and federal programs. Bill summaries are authored by the Congressional Research Service (CRS) of the Library of Congress. As stated in Public Law 91-510 (2 USC 166 (d)(6)), one of the duties of CRS is "to prepare summaries and digests of bills and resolutions of a public general nature introduced in the Senate or House of Representatives". For more information, refer to the User Guide that accompanies this file.</dc:description>
  </dublinCore>
</billStatus>

