<?xml version="1.0" encoding="UTF-8"?>
<billStatus>
  <bill>
    <billNumber>563</billNumber>
    <latestAction>
      <actionDate>2017-05-04</actionDate>
      <links />
      <text>Committee on Banking, Housing, and Urban Affairs. Hearings held. Hearings printed: S.Hrg. 115-16.</text>
    </latestAction>
    <laws />
    <congress>115</congress>
    <title>Flood Insurance Market Parity and Modernization Act</title>
    <relatedBills>
      <item>
        <latestTitle>Private Flood Insurance Market Development Act of 2017</latestTitle>
        <relationshipDetails>
          <item>
            <identifiedBy>CRS</identifiedBy>
            <type>Identical bill</type>
          </item>
        </relationshipDetails>
        <congress>115</congress>
        <number>1422</number>
        <latestAction>
          <text>Placed on the Union Calendar, Calendar No. 155.</text>
          <actionDate>2017-07-14</actionDate>
        </latestAction>
        <type>HR</type>
      </item>
      <item>
        <latestTitle>Disaster Tax Relief and Airport and Airway Extension Act of 2017</latestTitle>
        <relationshipDetails>
          <item>
            <identifiedBy>CRS</identifiedBy>
            <type>Related bill</type>
          </item>
        </relationshipDetails>
        <congress>115</congress>
        <number>3823</number>
        <latestAction>
          <text>Became Public Law No: 115-63.</text>
          <actionDate>2017-09-29</actionDate>
        </latestAction>
        <type>HR</type>
      </item>
    </relatedBills>
    <calendarNumbers />
    <committees>
      <billCommittees>
        <item>
          <activities>
            <item>
              <name>Hearings by</name>
              <date>2017-05-04T14:00:00Z</date>
            </item>
            <item>
              <name>Referred to</name>
              <date>2017-03-08T15:05:53Z</date>
            </item>
          </activities>
          <systemCode>ssbk00</systemCode>
          <name>Banking, Housing, and Urban Affairs Committee</name>
          <subcommittees />
          <chamber>Senate</chamber>
          <type>Standing</type>
        </item>
      </billCommittees>
    </committees>
    <cosponsors>
      <item>
        <middleName />
        <firstName>Jon</firstName>
        <identifiers>
          <bioguideId>T000464</bioguideId>
          <gpoId>8258</gpoId>
          <lisID>1829</lisID>
        </identifiers>
        <isOriginalCosponsor>True</isOriginalCosponsor>
        <fullName>Sen. Tester, Jon [D-MT]</fullName>
        <lastName>Tester</lastName>
        <party>D</party>
        <bioguideId>T000464</bioguideId>
        <state>MT</state>
        <sponsorshipWithdrawnDate />
        <sponsorshipDate>2017-03-08</sponsorshipDate>
      </item>
      <item>
        <middleName />
        <firstName>Marco</firstName>
        <identifiers>
          <bioguideId>R000595</bioguideId>
          <gpoId>8242</gpoId>
          <lisID>2084</lisID>
        </identifiers>
        <isOriginalCosponsor>False</isOriginalCosponsor>
        <fullName>Sen. Rubio, Marco [R-FL]</fullName>
        <lastName>Rubio</lastName>
        <party>R</party>
        <bioguideId>R000595</bioguideId>
        <state>FL</state>
        <sponsorshipWithdrawnDate />
        <sponsorshipDate>2017-03-13</sponsorshipDate>
      </item>
      <item>
        <middleName />
        <firstName>Joe</firstName>
        <identifiers>
          <lisID>1850</lisID>
          <gpoId>7941</gpoId>
          <bioguideId>D000607</bioguideId>
        </identifiers>
        <isOriginalCosponsor>False</isOriginalCosponsor>
        <fullName>Sen. Donnelly, Joe [D-IN]</fullName>
        <lastName>Donnelly</lastName>
        <party>D</party>
        <bioguideId>D000607</bioguideId>
        <state>IN</state>
        <sponsorshipWithdrawnDate />
        <sponsorshipDate>2017-04-04</sponsorshipDate>
      </item>
      <item>
        <middleName />
        <firstName>ROB</firstName>
        <identifiers>
          <lisID>924</lisID>
          <gpoId>8266</gpoId>
          <bioguideId>P000449</bioguideId>
        </identifiers>
        <isOriginalCosponsor>False</isOriginalCosponsor>
        <fullName>Sen. Portman, Rob [R-OH]</fullName>
        <lastName>PORTMAN</lastName>
        <party>R</party>
        <bioguideId>P000449</bioguideId>
        <state>OH</state>
        <sponsorshipWithdrawnDate />
        <sponsorshipDate>2017-05-02</sponsorshipDate>
      </item>
      <item>
        <middleName />
        <firstName>Tom</firstName>
        <identifiers>
          <lisID>2098</lisID>
          <gpoId />
          <bioguideId>C001095</bioguideId>
        </identifiers>
        <isOriginalCosponsor>False</isOriginalCosponsor>
        <fullName>Sen. Cotton, Tom [R-AR]</fullName>
        <lastName>Cotton</lastName>
        <party>R</party>
        <bioguideId>C001095</bioguideId>
        <state>AR</state>
        <sponsorshipWithdrawnDate />
        <sponsorshipDate>2017-05-08</sponsorshipDate>
      </item>
      <item>
        <middleName />
        <firstName>Joni</firstName>
        <identifiers>
          <bioguideId>E000295</bioguideId>
          <lisID>2283</lisID>
          <gpoId />
        </identifiers>
        <isOriginalCosponsor>False</isOriginalCosponsor>
        <fullName>Sen. Ernst, Joni  [R-IA]</fullName>
        <lastName>Ernst</lastName>
        <party>R</party>
        <bioguideId>E000295</bioguideId>
        <state>IA</state>
        <sponsorshipWithdrawnDate />
        <sponsorshipDate>2017-05-10</sponsorshipDate>
      </item>
      <item>
        <middleName />
        <firstName>Thad</firstName>
        <identifiers>
          <gpoId>8292</gpoId>
          <lisID>213</lisID>
          <bioguideId>C000567</bioguideId>
        </identifiers>
        <isOriginalCosponsor>False</isOriginalCosponsor>
        <fullName>Sen. Cochran, Thad [R-MS]</fullName>
        <lastName>Cochran</lastName>
        <party>R</party>
        <bioguideId>C000567</bioguideId>
        <state>MS</state>
        <sponsorshipWithdrawnDate />
        <sponsorshipDate>2017-06-08</sponsorshipDate>
      </item>
      <item>
        <middleName>Alfred</middleName>
        <firstName>David</firstName>
        <identifiers>
          <gpoId />
          <lisID>2286</lisID>
          <bioguideId>P000612</bioguideId>
        </identifiers>
        <isOriginalCosponsor>False</isOriginalCosponsor>
        <fullName>Sen. Perdue, David [R-GA]</fullName>
        <lastName>Perdue</lastName>
        <party>R</party>
        <bioguideId>P000612</bioguideId>
        <state>GA</state>
        <sponsorshipWithdrawnDate />
        <sponsorshipDate>2017-07-20</sponsorshipDate>
      </item>
      <item>
        <middleName />
        <firstName>Tim</firstName>
        <identifiers>
          <gpoId>8141</gpoId>
          <lisID>2056</lisID>
          <bioguideId>S001184</bioguideId>
        </identifiers>
        <isOriginalCosponsor>False</isOriginalCosponsor>
        <fullName>Sen. Scott, Tim [R-SC]</fullName>
        <lastName>Scott</lastName>
        <party>R</party>
        <bioguideId>S001184</bioguideId>
        <state>SC</state>
        <sponsorshipWithdrawnDate />
        <sponsorshipDate>2017-11-06</sponsorshipDate>
      </item>
    </cosponsors>
    <titles>
      <item>
        <title>Flood Insurance Market Parity and Modernization Act</title>
        <chamberCode />
        <parentTitleType />
        <titleType>(Extracted from GPO) Short Titles as Introduced</titleType>
        <chamberName />
      </item>
      <item>
        <title>Flood Insurance Market Parity and Modernization Act</title>
        <chamberCode />
        <parentTitleType />
        <titleType>Short Titles as Introduced</titleType>
        <chamberName />
      </item>
      <item>
        <title>A bill to amend the Flood Disaster Protection Act of 1973 to require that certain buildings and personal property be covered by flood insurance, and for other purposes.</title>
        <chamberCode />
        <parentTitleType />
        <titleType>Official Title as Introduced</titleType>
        <chamberName />
      </item>
      <item>
        <title>Flood Insurance Market Parity and Modernization Act</title>
        <chamberCode />
        <parentTitleType />
        <titleType>Display Title</titleType>
        <chamberName />
      </item>
    </titles>
    <summaries>
      <billSummaries />
    </summaries>
    <committeeReports />
    <notes />
    <cboCostEstimates />
    <createDate>2017-03-09T05:25:16Z</createDate>
    <billType>S</billType>
    <updateDate>2018-01-25T21:37:39Z</updateDate>
    <actions>
      <item>
        <actionDate>2017-05-04</actionDate>
        <committee>
          <name>Banking, Housing, and Urban Affairs Committee</name>
          <systemCode>ssbk00</systemCode>
        </committee>
        <links />
        <sourceSystem>
          <code>0</code>
          <name>Senate</name>
        </sourceSystem>
        <text>Committee on Banking, Housing, and Urban Affairs. Hearings held. Hearings printed: S.Hrg. 115-16.</text>
        <type>Committee</type>
      </item>
      <item>
        <actionDate>2017-03-14</actionDate>
        <committee>
          <name>Banking, Housing, and Urban Affairs Committee</name>
          <systemCode>ssbk00</systemCode>
        </committee>
        <links />
        <sourceSystem>
          <code>0</code>
          <name>Senate</name>
        </sourceSystem>
        <text>Committee on Banking, Housing, and Urban Affairs. Hearings held. Hearings printed: S.Hrg. 115-16.</text>
        <type>Committee</type>
      </item>
      <item>
        <actionDate>2017-03-08</actionDate>
        <committee>
          <name>Banking, Housing, and Urban Affairs Committee</name>
          <systemCode>ssbk00</systemCode>
        </committee>
        <links />
        <sourceSystem>
          <code>0</code>
          <name>Senate</name>
        </sourceSystem>
        <text>Read twice and referred to the Committee on Banking, Housing, and Urban Affairs.</text>
        <type>IntroReferral</type>
      </item>
      <item>
        <actionDate>2017-03-08</actionDate>
        <type>IntroReferral</type>
        <links />
        <text>Introduced in Senate</text>
        <sourceSystem>
          <code>9</code>
          <name>Library of Congress</name>
        </sourceSystem>
        <actionCode>10000</actionCode>
        <committee />
      </item>
      <actionByCounts>
        <senate>4</senate>
      </actionByCounts>
      <actionTypeCounts>
        <referredToCommittee>1</referredToCommittee>
        <introducedInSenate>1</introducedInSenate>
        <hearingsHeld>2</hearingsHeld>
      </actionTypeCounts>
    </actions>
    <version>1.0.0</version>
    <introducedDate>2017-03-08</introducedDate>
    <amendments />
    <sponsors>
      <item>
        <byRequestType />
        <identifiers>
          <lisID>1863</lisID>
          <gpoId>8060</gpoId>
          <bioguideId>H001041</bioguideId>
        </identifiers>
        <state>NV</state>
        <fullName>Sen. Heller, Dean [R-NV]</fullName>
        <party>R</party>
        <middleName />
        <bioguideId>H001041</bioguideId>
        <firstName>Dean</firstName>
        <lastName>Heller</lastName>
      </item>
    </sponsors>
    <subjects>
      <billSubjects>
        <legislativeSubjects>
          <item>
            <name>American Samoa</name>
          </item>
          <item>
            <name>Caribbean area</name>
          </item>
          <item>
            <name>Disaster relief and insurance</name>
          </item>
          <item>
            <name>Floods and storm protection</name>
          </item>
          <item>
            <name>Housing finance and home ownership</name>
          </item>
          <item>
            <name>Northern Mariana Islands</name>
          </item>
          <item>
            <name>Puerto Rico</name>
          </item>
          <item>
            <name>Virgin Islands</name>
          </item>
        </legislativeSubjects>
        <policyArea>
          <name>Finance and Financial Sector</name>
        </policyArea>
      </billSubjects>
    </subjects>
    <recordedVotes />
    <policyArea>
      <name>Finance and Financial Sector</name>
    </policyArea>
    <originChamber>Senate</originChamber>
  </bill>
  <dublinCore xmlns:dc="http://purl.org/dc/elements/1.1/">
    <dc:format>text/xml</dc:format>
    <dc:language>EN</dc:language>
    <dc:rights>Pursuant to Title 17 Section 105 of the United States Code, this file is not subject to copyright protection and is in the public domain.</dc:rights>
    <dc:contributor>Congressional Research Service, Library of Congress</dc:contributor>
    <dc:description>This file contains bill summaries and statuses for federal legislation. A bill summary describes the most significant provisions of a piece of legislation and details the effects the legislative text may have on current law and federal programs. Bill summaries are authored by the Congressional Research Service (CRS) of the Library of Congress. As stated in Public Law 91-510 (2 USC 166 (d)(6)), one of the duties of CRS is "to prepare summaries and digests of bills and resolutions of a public general nature introduced in the Senate or House of Representatives". For more information, refer to the User Guide that accompanies this file.</dc:description>
  </dublinCore>
</billStatus>

