<?xml version="1.0" encoding="UTF-8"?>
<billStatus>
  <bill>
    <cboCostEstimates>
      <item>
        <title>S. 91, Indian Employment, Training and Related Services Consolidation Act of 2017</title>
        <pubDate>2017-03-13T21:01:26Z</pubDate>
        <url>https://www.cbo.gov/publication/52491</url>
      </item>
    </cboCostEstimates>
    <title>Indian Employment, Training and Related Services Consolidation Act of 2017</title>
    <originChamber>Senate</originChamber>
    <summaries>
      <billSummaries>
        <item>
          <versionCode>00</versionCode>
          <text><![CDATA[<p><b>Indian Employment, Training and Related Services Consolidation Act of 2017</b></p> <p> This bill amends the Indian Employment, Training and Related Services Demonstration Act of 1992 to revise the program that provides for the integration of employment, training, and related services programs for Indian tribes. The Act is renamed the Indian Employment, Training and Related Services Act of 1992.</p> <p>The bill revises the types of programs that may be integrated. <p> The bill revises the process for: (1) federal agencies to grant or deny a tribe's request to waive statutory, regulatory, or administrative requirements to efficiently implement an integration plan, and (2) the Department of the Interior to approve or disapprove an integration plan. A tribe is granted certain hearing and appeal rights if Interior disapproves its plan. </p> <p> Tribal authority to use funds to place participants in training positions with employers is revised. </p> <p> The Bureau of Indian Affairs must receive and distribute funds for use in accordance with an approved integration plan. </p> <p>Funds transferred to a tribe must be treated as non-federal funds for purposes of meeting matching requirements, except funds administered by the Department of Labor or the Department of Health and Human Services. <p>Civil liability limitations apply to integration plans.</p>]]></text>
          <actionDesc>Introduced in Senate</actionDesc>
          <lastSummaryUpdateDate>2017-02-28T21:27:14Z</lastSummaryUpdateDate>
          <updateDate>2017-01-10T05:00:00Z</updateDate>
          <actionDate>2017-01-10</actionDate>
          <name>Introduced in Senate</name>
        </item>
        <item>
          <versionCode>80</versionCode>
          <text><![CDATA[<p>(This measure has not been amended since it was introduced. The summary has been expanded because action occurred on the measure.)</p> <p><b>Indian Employment, Training and Related Services Consolidation Act of 2017</b></p> <p> (Sec. 2) This bill amends the Indian Employment, Training and Related Services Demonstration Act of 1992 to rename the Act to the Indian Employment, Training and Related Services Act of 1992 and to revise the program that provides for the integration of employment, training, and related services programs for Indian tribes.</p> <p>(Sec. 6) The bill revises the types of programs that may be integrated. <p> (Sec. 8) The bill revises the process for: (1) federal agencies to grant or deny a tribe's request to waive statutory, regulatory, or administrative requirements to efficiently implement an integration plan; and (2) the Department of the Interior to approve or disapprove an integration plan. A tribe is granted certain hearing and appeal rights if Interior disapproves its plan. </p> <p> (Sec. 10) Tribal authority to use funds to place participants in training positions with employers is revised. </p> <p> (Sec. 13) The Bureau of Indian Affairs must receive and distribute funds for use in accordance with an approved integration plan. </p> <p>(Sec. 14) Funds transferred to a tribe must be treated as non-federal funds for purposes of meeting matching requirements, except funds administered by the Department of Labor or the Department of Health and Human Services. <p>Civil liability limitations apply to approved integration plans.</p>]]></text>
          <actionDesc>Reported to Senate without amendment</actionDesc>
          <lastSummaryUpdateDate>2017-11-07T19:32:36Z</lastSummaryUpdateDate>
          <updateDate>2017-04-06T16:00:32Z</updateDate>
          <actionDate>2017-04-06</actionDate>
          <name>Reported to Senate without amendment</name>
        </item>
      </billSummaries>
    </summaries>
    <updateDate>2018-02-22T15:28:39Z</updateDate>
    <latestAction>
      <actionDate>2017-04-25</actionDate>
      <text>Star Print ordered on report 115-26.</text>
      <links />
    </latestAction>
    <actions>
      <actionByCounts>
        <senate>7</senate>
      </actionByCounts>
      <actionTypeCounts>
        <placedOnCalendarGeneralOrders>1</placedOnCalendarGeneralOrders>
        <introducedInSenate>1</introducedInSenate>
        <starPrintOrdered>1</starPrintOrdered>
        <reportedToSenate>2</reportedToSenate>
        <referredToCommittee>1</referredToCommittee>
        <orderedReported>1</orderedReported>
      </actionTypeCounts>
      <item>
        <actionDate>2017-04-25</actionDate>
        <committee />
        <links />
        <sourceSystem>
          <name>Senate</name>
          <code>0</code>
        </sourceSystem>
        <text>Star Print ordered on report 115-26.</text>
        <type>Floor</type>
      </item>
      <item>
        <actionDate>2017-04-06</actionDate>
        <committee />
        <links />
        <sourceSystem>
          <name>Senate</name>
          <code>0</code>
        </sourceSystem>
        <text>Placed on Senate Legislative Calendar under General Orders. Calendar No. 32.</text>
        <type>Calendars</type>
      </item>
      <item>
        <actionDate>2017-04-06</actionDate>
        <committee>
          <name>Indian Affairs Committee</name>
          <systemCode>slia00</systemCode>
        </committee>
        <links>
          <link>
            <name>report No. 115-26</name>
            <url>https://www.congress.gov/congressional-report/115th-congress/senate-report/26</url>
          </link>
        </links>
        <sourceSystem>
          <name>Senate</name>
          <code>0</code>
        </sourceSystem>
        <text>Committee on Indian Affairs. Reported by Senator Hoeven without amendment. With written report No. 115-26.</text>
        <type>Committee</type>
      </item>
      <item>
        <text>Committee on Indian Affairs. Reported by Senator Hoeven without amendment. With written report No. 115-26.</text>
        <type>Committee</type>
        <links>
          <link>
            <name>report No. 115-26</name>
            <url>https://www.congress.gov/congressional-report/115th-congress/senate-report/26</url>
          </link>
        </links>
        <sourceSystem>
          <name>Library of Congress</name>
          <code>9</code>
        </sourceSystem>
        <actionDate>2017-04-06</actionDate>
        <committee>
          <name>Indian Affairs Committee</name>
          <systemCode>slia00</systemCode>
        </committee>
        <actionCode>14000</actionCode>
      </item>
      <item>
        <actionDate>2017-02-08</actionDate>
        <committee>
          <name>Indian Affairs Committee</name>
          <systemCode>slia00</systemCode>
        </committee>
        <links />
        <sourceSystem>
          <name>Senate</name>
          <code>0</code>
        </sourceSystem>
        <text>Committee on Indian Affairs. Ordered to be reported favorably.</text>
        <type>Committee</type>
      </item>
      <item>
        <actionDate>2017-01-10</actionDate>
        <committee>
          <name>Indian Affairs Committee</name>
          <systemCode>slia00</systemCode>
        </committee>
        <links />
        <sourceSystem>
          <name>Senate</name>
          <code>0</code>
        </sourceSystem>
        <text>Read twice and referred to the Committee on Indian Affairs.</text>
        <type>IntroReferral</type>
      </item>
      <item>
        <text>Introduced in Senate</text>
        <type>IntroReferral</type>
        <links />
        <sourceSystem>
          <name>Library of Congress</name>
          <code>9</code>
        </sourceSystem>
        <actionDate>2017-01-10</actionDate>
        <committee />
        <actionCode>10000</actionCode>
      </item>
    </actions>
    <amendments />
    <introducedDate>2017-01-10</introducedDate>
    <policyArea>
      <name>Native Americans</name>
    </policyArea>
    <billNumber>91</billNumber>
    <congress>115</congress>
    <committeeReports>
      <committeeReport>
        <citation>S. Rept. 115-26</citation>
      </committeeReport>
    </committeeReports>
    <cosponsors>
      <item>
        <firstName>Dan</firstName>
        <state>AK</state>
        <lastName>Sullivan</lastName>
        <sponsorshipWithdrawnDate />
        <party>R</party>
        <fullName>Sen. Sullivan, Dan  [R-AK]</fullName>
        <middleName />
        <sponsorshipDate>2017-01-10</sponsorshipDate>
        <bioguideId>S001198</bioguideId>
        <isOriginalCosponsor>True</isOriginalCosponsor>
        <identifiers>
          <bioguideId>S001198</bioguideId>
          <gpoId />
          <lisID>2290</lisID>
        </identifiers>
      </item>
      <item>
        <firstName>TAMMY</firstName>
        <state>WI</state>
        <lastName>BALDWIN</lastName>
        <sponsorshipWithdrawnDate />
        <party>D</party>
        <fullName>Sen. Baldwin, Tammy [D-WI]</fullName>
        <middleName />
        <sponsorshipDate>2017-10-05</sponsorshipDate>
        <bioguideId>B001230</bioguideId>
        <isOriginalCosponsor>False</isOriginalCosponsor>
        <identifiers>
          <bioguideId>B001230</bioguideId>
          <gpoId>8215</gpoId>
          <lisID>1558</lisID>
        </identifiers>
      </item>
      <item>
        <firstName>Jon</firstName>
        <state>MT</state>
        <lastName>Tester</lastName>
        <sponsorshipWithdrawnDate />
        <party>D</party>
        <fullName>Sen. Tester, Jon [D-MT]</fullName>
        <middleName />
        <sponsorshipDate>2017-11-16</sponsorshipDate>
        <bioguideId>T000464</bioguideId>
        <isOriginalCosponsor>False</isOriginalCosponsor>
        <identifiers>
          <bioguideId>T000464</bioguideId>
          <lisID>1829</lisID>
          <gpoId>8258</gpoId>
        </identifiers>
      </item>
    </cosponsors>
    <version>1.0.0</version>
    <createDate>2017-01-11T05:09:45Z</createDate>
    <billType>S</billType>
    <titles>
      <item>
        <chamberName>Senate</chamberName>
        <parentTitleType />
        <title>Indian Employment, Training and Related Services Act of 1992</title>
        <chamberCode>S</chamberCode>
        <titleType>(Extracted from GPO) Short Titles as Reported to Senate</titleType>
      </item>
      <item>
        <chamberName>Senate</chamberName>
        <parentTitleType />
        <title>Indian Employment, Training and Related Services Consolidation Act of 2017</title>
        <chamberCode>S</chamberCode>
        <titleType>(Extracted from GPO) Short Titles as Reported to Senate</titleType>
      </item>
      <item>
        <chamberName />
        <parentTitleType />
        <title>Indian Employment, Training and Related Services Act of 1992</title>
        <chamberCode />
        <titleType>(Extracted from GPO) Short Titles as Introduced</titleType>
      </item>
      <item>
        <chamberName />
        <parentTitleType />
        <title>Indian Employment, Training and Related Services Consolidation Act of 2017</title>
        <chamberCode />
        <titleType>(Extracted from GPO) Short Titles as Introduced</titleType>
      </item>
      <item>
        <chamberName>Senate</chamberName>
        <parentTitleType>Short Titles Senate</parentTitleType>
        <title>Indian Employment, Training and Related Services Consolidation Act of 2017</title>
        <chamberCode>S</chamberCode>
        <titleType>Short Titles as Reported to Senate</titleType>
      </item>
      <item>
        <chamberName />
        <parentTitleType />
        <title>Indian Employment, Training and Related Services Consolidation Act of 2017</title>
        <chamberCode />
        <titleType>Short Titles as Introduced</titleType>
      </item>
      <item>
        <chamberName />
        <parentTitleType />
        <title>A bill to amend the Indian Employment, Training and Related Services Demonstration Act of 1992 to facilitate the ability of Indian tribes to integrate the employment, training, and related services from diverse Federal sources, and for other purposes.</title>
        <chamberCode />
        <titleType>Official Title as Introduced</titleType>
      </item>
      <item>
        <chamberName />
        <parentTitleType />
        <title>Indian Employment, Training and Related Services Consolidation Act of 2017</title>
        <chamberCode />
        <titleType>Display Title</titleType>
      </item>
    </titles>
    <notes />
    <sponsors>
      <item>
        <byRequestType />
        <party>R</party>
        <fullName>Sen. Murkowski, Lisa [R-AK]</fullName>
        <identifiers>
          <bioguideId>M001153</bioguideId>
          <gpoId>8234</gpoId>
          <lisID>1694</lisID>
        </identifiers>
        <lastName>Murkowski</lastName>
        <bioguideId>M001153</bioguideId>
        <state>AK</state>
        <firstName>Lisa</firstName>
        <middleName />
      </item>
    </sponsors>
    <recordedVotes />
    <relatedBills>
      <item>
        <latestTitle>Indian Employment, Training and Related Services Consolidation Act of 2017</latestTitle>
        <latestAction>
          <actionDate>2017-12-18</actionDate>
          <text>Became Public Law No: 115-93.</text>
        </latestAction>
        <congress>115</congress>
        <number>228</number>
        <type>HR</type>
        <relationshipDetails>
          <item>
            <type>Identical bill</type>
            <identifiedBy>CRS</identifiedBy>
          </item>
          <item>
            <type>Related bill</type>
            <identifiedBy>House</identifiedBy>
          </item>
        </relationshipDetails>
      </item>
    </relatedBills>
    <subjects>
      <billSubjects>
        <legislativeSubjects>
          <item>
            <name>Administrative remedies</name>
          </item>
          <item>
            <name>Civil actions and liability</name>
          </item>
          <item>
            <name>Department of the Interior</name>
          </item>
          <item>
            <name>Economic development</name>
          </item>
          <item>
            <name>Employment and training programs</name>
          </item>
          <item>
            <name>Evidence and witnesses</name>
          </item>
          <item>
            <name>Federal-Indian relations</name>
          </item>
          <item>
            <name>Indian claims</name>
          </item>
          <item>
            <name>Indian social and development programs</name>
          </item>
          <item>
            <name>Minority employment</name>
          </item>
          <item>
            <name>State and local government operations</name>
          </item>
        </legislativeSubjects>
        <policyArea>
          <name>Native Americans</name>
        </policyArea>
      </billSubjects>
    </subjects>
    <laws />
    <calendarNumbers>
      <item>
        <number>0032</number>
        <calendar>Senate Calendar of Business</calendar>
      </item>
    </calendarNumbers>
    <committees>
      <billCommittees>
        <item>
          <activities>
            <item>
              <date>2017-04-06T21:12:03Z</date>
              <name>Reported by</name>
            </item>
            <item>
              <date>2017-01-10T22:29:14Z</date>
              <name>Referred to</name>
            </item>
          </activities>
          <type>Other</type>
          <systemCode>slia00</systemCode>
          <name>Indian Affairs Committee</name>
          <subcommittees />
          <chamber>Senate</chamber>
        </item>
      </billCommittees>
    </committees>
  </bill>
  <dublinCore xmlns:dc="http://purl.org/dc/elements/1.1/">
    <dc:format>text/xml</dc:format>
    <dc:language>EN</dc:language>
    <dc:rights>Pursuant to Title 17 Section 105 of the United States Code, this file is not subject to copyright protection and is in the public domain.</dc:rights>
    <dc:contributor>Congressional Research Service, Library of Congress</dc:contributor>
    <dc:description>This file contains bill summaries and statuses for federal legislation. A bill summary describes the most significant provisions of a piece of legislation and details the effects the legislative text may have on current law and federal programs. Bill summaries are authored by the Congressional Research Service (CRS) of the Library of Congress. As stated in Public Law 91-510 (2 USC 166 (d)(6)), one of the duties of CRS is "to prepare summaries and digests of bills and resolutions of a public general nature introduced in the Senate or House of Representatives". For more information, refer to the User Guide that accompanies this file.</dc:description>
  </dublinCore>
</billStatus>

