<?xml version="1.0" encoding="UTF-8"?>
<billStatus>
  <bill>
    <createDate>2017-03-29T05:08:05Z</createDate>
    <introducedDate>2017-03-28</introducedDate>
    <congress>115</congress>
    <latestAction>
      <actionDate>2017-03-28</actionDate>
      <links />
      <text>Read twice and referred to the Committee on Energy and Natural Resources.</text>
    </latestAction>
    <originChamber>Senate</originChamber>
    <billNumber>753</billNumber>
    <sponsors>
      <item>
        <state>MA</state>
        <identifiers>
          <bioguideId>M000133</bioguideId>
          <gpoId>7972</gpoId>
          <lisID>735</lisID>
        </identifiers>
        <bioguideId>M000133</bioguideId>
        <lastName>MARKEY</lastName>
        <fullName>Sen. Markey, Edward J. [D-MA]</fullName>
        <firstName>EDWARD</firstName>
        <party>D</party>
        <middleName>J.</middleName>
        <byRequestType />
      </item>
    </sponsors>
    <title>A bill to ensure that oil transported through the Keystone XL pipeline into the United States is used to reduce United States dependence on Middle Eastern oil.</title>
    <relatedBills />
    <titles>
      <item>
        <chamberName />
        <titleType>Official Title as Introduced</titleType>
        <title>A bill to ensure that oil transported through the Keystone XL pipeline into the United States is used to reduce United States dependence on Middle Eastern oil.</title>
        <parentTitleType />
        <chamberCode />
      </item>
      <item>
        <chamberName />
        <titleType>Display Title</titleType>
        <title>A bill to ensure that oil transported through the Keystone XL pipeline into the United States is used to reduce United States dependence on Middle Eastern oil.</title>
        <parentTitleType />
        <chamberCode />
      </item>
    </titles>
    <billType>S</billType>
    <summaries>
      <billSummaries>
        <item>
          <lastSummaryUpdateDate>2017-10-19T18:12:39Z</lastSummaryUpdateDate>
          <updateDate>2017-03-28T04:00:00Z</updateDate>
          <versionCode>00</versionCode>
          <text><![CDATA[<p>This bill requires the Department of Energy to ensure that any crude oil, bitumen, and refined petroleum products transported into the United States through the Keystone XL pipeline will be entered into domestic commerce for use as fuel or the manufacture of another product.</p> <p>The President may waive the requirement in specified circumstances, including where: (1)a waiver is in the national interest; (2)an exchange of crude oil or petroleum products provides no net loss of these products domestically; or (3) a waiver is necessary under the Constitution, a law, or an international agreement.</p>]]></text>
          <name>Introduced in Senate</name>
          <actionDesc>Introduced in Senate</actionDesc>
          <actionDate>2017-03-28</actionDate>
        </item>
      </billSummaries>
    </summaries>
    <committeeReports />
    <laws />
    <subjects>
      <billSubjects>
        <policyArea>
          <name>Energy</name>
        </policyArea>
        <legislativeSubjects>
          <item>
            <name>Canada</name>
          </item>
          <item>
            <name>Energy prices</name>
          </item>
          <item>
            <name>Energy storage, supplies, demand</name>
          </item>
          <item>
            <name>Motor fuels</name>
          </item>
          <item>
            <name>Oil and gas</name>
          </item>
          <item>
            <name>Pipelines</name>
          </item>
          <item>
            <name>Presidents and presidential powers, Vice Presidents</name>
          </item>
          <item>
            <name>Trade restrictions</name>
          </item>
        </legislativeSubjects>
      </billSubjects>
    </subjects>
    <committees>
      <billCommittees>
        <item>
          <type>Standing</type>
          <systemCode>sseg00</systemCode>
          <subcommittees />
          <activities>
            <item>
              <date>2017-03-28T21:44:02Z</date>
              <name>Referred to</name>
            </item>
          </activities>
          <chamber>Senate</chamber>
          <name>Energy and Natural Resources Committee</name>
        </item>
      </billCommittees>
    </committees>
    <version>1.0.0</version>
    <recordedVotes />
    <updateDate>2018-02-06T16:45:08Z</updateDate>
    <calendarNumbers />
    <cboCostEstimates />
    <actions>
      <actionByCounts>
        <senate>2</senate>
      </actionByCounts>
      <actionTypeCounts>
        <referredToCommittee>1</referredToCommittee>
        <introducedInSenate>1</introducedInSenate>
      </actionTypeCounts>
      <item>
        <actionDate>2017-03-28</actionDate>
        <committee>
          <name>Energy and Natural Resources Committee</name>
          <systemCode>sseg00</systemCode>
        </committee>
        <links />
        <sourceSystem>
          <code>0</code>
          <name>Senate</name>
        </sourceSystem>
        <text>Read twice and referred to the Committee on Energy and Natural Resources.</text>
        <type>IntroReferral</type>
      </item>
      <item>
        <text>Introduced in Senate</text>
        <links />
        <sourceSystem>
          <code>9</code>
          <name>Library of Congress</name>
        </sourceSystem>
        <actionCode>10000</actionCode>
        <type>IntroReferral</type>
        <committee />
        <actionDate>2017-03-28</actionDate>
      </item>
    </actions>
    <amendments />
    <notes />
    <policyArea>
      <name>Energy</name>
    </policyArea>
    <cosponsors />
  </bill>
  <dublinCore xmlns:dc="http://purl.org/dc/elements/1.1/">
    <dc:format>text/xml</dc:format>
    <dc:language>EN</dc:language>
    <dc:rights>Pursuant to Title 17 Section 105 of the United States Code, this file is not subject to copyright protection and is in the public domain.</dc:rights>
    <dc:contributor>Congressional Research Service, Library of Congress</dc:contributor>
    <dc:description>This file contains bill summaries and statuses for federal legislation. A bill summary describes the most significant provisions of a piece of legislation and details the effects the legislative text may have on current law and federal programs. Bill summaries are authored by the Congressional Research Service (CRS) of the Library of Congress. As stated in Public Law 91-510 (2 USC 166 (d)(6)), one of the duties of CRS is "to prepare summaries and digests of bills and resolutions of a public general nature introduced in the Senate or House of Representatives". For more information, refer to the User Guide that accompanies this file.</dc:description>
  </dublinCore>
</billStatus>

