<?xml version="1.0" encoding="UTF-8"?>
<billStatus>
  <bill>
    <titles>
      <item>
        <chamberCode />
        <titleType>(Extracted from GPO) Short Titles as Introduced</titleType>
        <parentTitleType />
        <chamberName />
        <title>Grow Our Own Directive: Physician Assistant Employment and Education Act of 2017</title>
      </item>
      <item>
        <chamberCode />
        <titleType>Short Titles as Introduced</titleType>
        <parentTitleType />
        <chamberName />
        <title>Grow Our Own Directive: Physician Assistant Employment and Education Act of 2017</title>
      </item>
      <item>
        <chamberCode />
        <titleType>Official Title as Introduced</titleType>
        <parentTitleType />
        <chamberName />
        <title>A bill to increase educational assistance provided by the Department of Veterans Affairs for education and training of physician assistants of the Department, to establish pay grades and require competitive pay for physician assistants of the Department, and for other purposes.</title>
      </item>
      <item>
        <chamberCode />
        <titleType>Display Title</titleType>
        <parentTitleType />
        <chamberName />
        <title>Grow Our Own Directive: Physician Assistant Employment and Education Act of 2017</title>
      </item>
    </titles>
    <committeeReports />
    <sponsors>
      <item>
        <firstName>Jon</firstName>
        <identifiers>
          <bioguideId>T000464</bioguideId>
          <gpoId>8258</gpoId>
          <lisID>1829</lisID>
        </identifiers>
        <party>D</party>
        <bioguideId>T000464</bioguideId>
        <lastName>Tester</lastName>
        <fullName>Sen. Tester, Jon [D-MT]</fullName>
        <byRequestType />
        <middleName />
        <state>MT</state>
      </item>
    </sponsors>
    <title>Grow Our Own Directive: Physician Assistant Employment and Education Act of 2017</title>
    <actions>
      <actionTypeCounts>
        <hearingsHeld>1</hearingsHeld>
        <referredToCommittee>1</referredToCommittee>
        <introducedInSenate>1</introducedInSenate>
      </actionTypeCounts>
      <item>
        <actionDate>2017-07-11</actionDate>
        <committee>
          <systemCode>ssva00</systemCode>
          <name>Veterans' Affairs Committee</name>
        </committee>
        <links />
        <sourceSystem>
          <name>Senate</name>
          <code>0</code>
        </sourceSystem>
        <text>Committee on Veterans' Affairs. Hearings held.</text>
        <type>Committee</type>
      </item>
      <item>
        <actionDate>2017-02-16</actionDate>
        <committee>
          <systemCode>ssva00</systemCode>
          <name>Veterans' Affairs Committee</name>
        </committee>
        <links />
        <sourceSystem>
          <name>Senate</name>
          <code>0</code>
        </sourceSystem>
        <text>Read twice and referred to the Committee on Veterans' Affairs.</text>
        <type>IntroReferral</type>
      </item>
      <item>
        <text>Introduced in Senate</text>
        <links />
        <actionDate>2017-02-16</actionDate>
        <committee />
        <sourceSystem>
          <name>Library of Congress</name>
          <code>9</code>
        </sourceSystem>
        <type>IntroReferral</type>
        <actionCode>10000</actionCode>
      </item>
      <actionByCounts>
        <senate>3</senate>
      </actionByCounts>
    </actions>
    <summaries>
      <billSummaries>
        <item>
          <lastSummaryUpdateDate>2017-09-14T13:52:23Z</lastSummaryUpdateDate>
          <updateDate>2017-02-16T05:00:00Z</updateDate>
          <versionCode>00</versionCode>
          <text><![CDATA[<p><strong>Grow Our Own Directive: Physician Assistant Employment and Education Act of 2017</strong></p> <p>This bill directs the Department of Veterans Affairs (VA) to carry out a five-year Grow Our Own Directive (or G.O.O.D.) pilot program to provide educational assistance to certain former members of the Armed Forces for education and training as VA physician assistants in exchange for recipients agreeing to be employed as physician assistants for the Veterans Health Administration (VHA) for a specified period at a VA medical facility located in a community designated as a medically underserved population in a state with a per capita population of veterans of more than 9%.</p> <p>The VA shall: (1) provide at least 35 new scholarships under the pilot program each year, and (2) ensure that at least 25 new scholarships are awarded each year under its health professional and employee incentive scholarship programs for the education and training of physician assistants.</p> <p>The VA must: (1) establish specified standards to improve its use of educational assistance programs to educate and hire physician assistants, and (2) increase for each of the next five years the scholarship amounts provided under such programs.</p> <p>The bill establishes pay grades and competitive pay requirements for physician assistants. The VA must implement a national strategic plan for the retention and recruitment of VA physician assistants that includes competitive pay in comparison to the pay of physician assistants in the private sector.</p>]]></text>
          <name>Introduced in Senate</name>
          <actionDesc>Introduced in Senate</actionDesc>
          <actionDate>2017-02-16</actionDate>
        </item>
      </billSummaries>
    </summaries>
    <recordedVotes />
    <billNumber>426</billNumber>
    <calendarNumbers />
    <cosponsors>
      <item>
        <isOriginalCosponsor>True</isOriginalCosponsor>
        <fullName>Sen. Baldwin, Tammy [D-WI]</fullName>
        <firstName>TAMMY</firstName>
        <identifiers>
          <bioguideId>B001230</bioguideId>
          <lisID>1558</lisID>
          <gpoId>8215</gpoId>
        </identifiers>
        <party>D</party>
        <sponsorshipDate>2017-02-16</sponsorshipDate>
        <lastName>BALDWIN</lastName>
        <bioguideId>B001230</bioguideId>
        <state>WI</state>
        <middleName />
        <sponsorshipWithdrawnDate />
      </item>
      <item>
        <isOriginalCosponsor>True</isOriginalCosponsor>
        <fullName>Sen. Brown, Sherrod [D-OH]</fullName>
        <firstName>SHERROD</firstName>
        <identifiers>
          <lisID>136</lisID>
          <gpoId>8309</gpoId>
          <bioguideId>B000944</bioguideId>
        </identifiers>
        <party>D</party>
        <sponsorshipDate>2017-02-16</sponsorshipDate>
        <lastName>BROWN</lastName>
        <bioguideId>B000944</bioguideId>
        <state>OH</state>
        <middleName />
        <sponsorshipWithdrawnDate />
      </item>
      <item>
        <isOriginalCosponsor>False</isOriginalCosponsor>
        <fullName>Sen. Schatz, Brian [D-HI]</fullName>
        <firstName>Brian</firstName>
        <identifiers>
          <lisID>2173</lisID>
          <bioguideId>S001194</bioguideId>
          <gpoId />
        </identifiers>
        <party>D</party>
        <sponsorshipDate>2017-02-17</sponsorshipDate>
        <lastName>Schatz</lastName>
        <bioguideId>S001194</bioguideId>
        <state>HI</state>
        <middleName />
        <sponsorshipWithdrawnDate />
      </item>
      <item>
        <isOriginalCosponsor>False</isOriginalCosponsor>
        <fullName>Sen. Moran, Jerry [R-KS]</fullName>
        <firstName>JERRY</firstName>
        <identifiers>
          <bioguideId>M000934</bioguideId>
          <lisID>1507</lisID>
          <gpoId>8307</gpoId>
        </identifiers>
        <party>R</party>
        <sponsorshipDate>2017-02-27</sponsorshipDate>
        <lastName>MORAN</lastName>
        <bioguideId>M000934</bioguideId>
        <state>KS</state>
        <middleName />
        <sponsorshipWithdrawnDate />
      </item>
      <item>
        <isOriginalCosponsor>False</isOriginalCosponsor>
        <fullName>Sen. Hassan, Margaret Wood [D-NH]</fullName>
        <firstName>Margaret</firstName>
        <identifiers>
          <bioguideId>H001076</bioguideId>
          <lisID>2302</lisID>
          <gpoId />
        </identifiers>
        <party>D</party>
        <sponsorshipDate>2017-11-16</sponsorshipDate>
        <lastName>Hassan</lastName>
        <bioguideId>H001076</bioguideId>
        <state>NH</state>
        <middleName>Wood</middleName>
        <sponsorshipWithdrawnDate />
      </item>
    </cosponsors>
    <version>1.0.0</version>
    <subjects>
      <billSubjects>
        <policyArea>
          <name>Armed Forces and National Security</name>
        </policyArea>
        <legislativeSubjects>
          <item>
            <name>Department of Veterans Affairs</name>
          </item>
          <item>
            <name>Employee hiring</name>
          </item>
          <item>
            <name>Government employee pay, benefits, personnel management</name>
          </item>
          <item>
            <name>Health personnel</name>
          </item>
          <item>
            <name>Medical education</name>
          </item>
          <item>
            <name>Student aid and college costs</name>
          </item>
          <item>
            <name>Veterans' education, employment, rehabilitation</name>
          </item>
          <item>
            <name>Veterans' medical care</name>
          </item>
        </legislativeSubjects>
      </billSubjects>
    </subjects>
    <latestAction>
      <text>Committee on Veterans' Affairs. Hearings held.</text>
      <links />
      <actionDate>2017-07-11</actionDate>
    </latestAction>
    <originChamber>Senate</originChamber>
    <laws />
    <notes />
    <createDate>2017-02-17T09:06:58Z</createDate>
    <billType>S</billType>
    <updateDate>2018-02-06T16:44:48Z</updateDate>
    <policyArea>
      <name>Armed Forces and National Security</name>
    </policyArea>
    <cboCostEstimates />
    <introducedDate>2017-02-16</introducedDate>
    <amendments />
    <relatedBills>
      <item>
        <latestTitle>Grow Our Own Directive: Physician Assistant Employment and Education Act of 2017</latestTitle>
        <number>3262</number>
        <latestAction>
          <actionDate>2017-07-31</actionDate>
          <text>Received in the Senate and Read twice and referred to the Committee on Veterans' Affairs.</text>
        </latestAction>
        <congress>115</congress>
        <relationshipDetails>
          <item>
            <identifiedBy>CRS</identifiedBy>
            <type>Related bill</type>
          </item>
        </relationshipDetails>
        <type>HR</type>
      </item>
    </relatedBills>
    <congress>115</congress>
    <committees>
      <billCommittees>
        <item>
          <chamber>Senate</chamber>
          <name>Veterans' Affairs Committee</name>
          <systemCode>ssva00</systemCode>
          <activities>
            <item>
              <date>2017-07-11T18:30:46Z</date>
              <name>Hearings by</name>
            </item>
            <item>
              <date>2017-02-16T21:09:41Z</date>
              <name>Referred to</name>
            </item>
          </activities>
          <type>Standing</type>
          <subcommittees />
        </item>
      </billCommittees>
    </committees>
  </bill>
  <dublinCore xmlns:dc="http://purl.org/dc/elements/1.1/">
    <dc:format>text/xml</dc:format>
    <dc:language>EN</dc:language>
    <dc:rights>Pursuant to Title 17 Section 105 of the United States Code, this file is not subject to copyright protection and is in the public domain.</dc:rights>
    <dc:contributor>Congressional Research Service, Library of Congress</dc:contributor>
    <dc:description>This file contains bill summaries and statuses for federal legislation. A bill summary describes the most significant provisions of a piece of legislation and details the effects the legislative text may have on current law and federal programs. Bill summaries are authored by the Congressional Research Service (CRS) of the Library of Congress. As stated in Public Law 91-510 (2 USC 166 (d)(6)), one of the duties of CRS is "to prepare summaries and digests of bills and resolutions of a public general nature introduced in the Senate or House of Representatives". For more information, refer to the User Guide that accompanies this file.</dc:description>
  </dublinCore>
</billStatus>

