<?xml version="1.0" encoding="UTF-8"?>
<billStatus>
  <bill>
    <calendarNumbers />
    <congress>115</congress>
    <titles>
      <item>
        <parentTitleType />
        <chamberCode />
        <chamberName />
        <titleType>(Extracted from GPO) Short Titles as Introduced</titleType>
        <title>Judicial Administration and Improvement Act of 2017</title>
      </item>
      <item>
        <parentTitleType />
        <chamberCode />
        <chamberName />
        <titleType>Short Titles as Introduced</titleType>
        <title>Judicial Administration and Improvement Act of 2017</title>
      </item>
      <item>
        <parentTitleType />
        <chamberCode />
        <chamberName />
        <titleType>Official Title as Introduced</titleType>
        <title>A bill to amend title 28, United States Code, to divide the ninth judicial circuit of the United States into 2 circuits, and for other purposes.</title>
      </item>
      <item>
        <parentTitleType />
        <chamberCode />
        <chamberName />
        <titleType>Display Title</titleType>
        <title>Judicial Administration and Improvement Act of 2017</title>
      </item>
    </titles>
    <introducedDate>2017-02-02</introducedDate>
    <latestAction>
      <actionDate>2017-02-02</actionDate>
      <text>Read twice and referred to the Committee on the Judiciary. (Sponsor introductory remarks on measure: CR S657)</text>
      <links />
    </latestAction>
    <title>Judicial Administration and Improvement Act of 2017</title>
    <subjects>
      <billSubjects>
        <policyArea>
          <name>Law</name>
        </policyArea>
        <legislativeSubjects>
          <item>
            <name>Alaska</name>
          </item>
          <item>
            <name>Arizona</name>
          </item>
          <item>
            <name>California</name>
          </item>
          <item>
            <name>Federal appellate courts</name>
          </item>
          <item>
            <name>Guam</name>
          </item>
          <item>
            <name>Hawaii</name>
          </item>
          <item>
            <name>Idaho</name>
          </item>
          <item>
            <name>Judges</name>
          </item>
          <item>
            <name>Judicial procedure and administration</name>
          </item>
          <item>
            <name>Montana</name>
          </item>
          <item>
            <name>Nevada</name>
          </item>
          <item>
            <name>Northern Mariana Islands</name>
          </item>
          <item>
            <name>Oregon</name>
          </item>
          <item>
            <name>Washington State</name>
          </item>
        </legislativeSubjects>
      </billSubjects>
    </subjects>
    <relatedBills>
      <item>
        <latestTitle>Circuit Court of Appeals Restructuring and Modernization Act</latestTitle>
        <number>295</number>
        <latestAction>
          <actionDate>2017-02-02</actionDate>
          <text>Read twice and referred to the Committee on the Judiciary.</text>
        </latestAction>
        <congress>115</congress>
        <relationshipDetails>
          <item>
            <identifiedBy>CRS</identifiedBy>
            <type>Related bill</type>
          </item>
        </relationshipDetails>
        <type>S</type>
      </item>
      <item>
        <latestTitle>Ninth Circuit Court Modernization and Twelfth Circuit Court Creation Act of 2017</latestTitle>
        <number>1598</number>
        <latestAction>
          <actionDate>2017-03-31</actionDate>
          <text>Referred to the Subcommittee on Courts, Intellectual Property, and the Internet.</text>
        </latestAction>
        <congress>115</congress>
        <relationshipDetails>
          <item>
            <identifiedBy>CRS</identifiedBy>
            <type>Related bill</type>
          </item>
        </relationshipDetails>
        <type>HR</type>
      </item>
      <item>
        <latestTitle>Ninth Circuit Court of Appeals Judgeship and Reorganization Act of 2017</latestTitle>
        <number>196</number>
        <latestAction>
          <actionDate>2017-01-13</actionDate>
          <text>Referred to the Subcommittee on Courts, Intellectual Property, and the Internet.</text>
        </latestAction>
        <congress>115</congress>
        <relationshipDetails>
          <item>
            <identifiedBy>CRS</identifiedBy>
            <type>Related bill</type>
          </item>
        </relationshipDetails>
        <type>HR</type>
      </item>
      <item>
        <latestTitle>Judicial Administration and Improvement Act of 2016</latestTitle>
        <number>250</number>
        <latestAction>
          <actionDate>2017-01-13</actionDate>
          <text>Referred to the Subcommittee on Courts, Intellectual Property, and the Internet.</text>
        </latestAction>
        <congress>115</congress>
        <relationshipDetails>
          <item>
            <identifiedBy>CRS</identifiedBy>
            <type>Related bill</type>
          </item>
        </relationshipDetails>
        <type>HR</type>
      </item>
    </relatedBills>
    <updateDate>2018-02-06T16:44:39Z</updateDate>
    <committeeReports />
    <notes />
    <recordedVotes />
    <amendments />
    <createDate>2017-02-03T05:17:31Z</createDate>
    <committees>
      <billCommittees>
        <item>
          <subcommittees />
          <type>Standing</type>
          <systemCode>ssju00</systemCode>
          <activities>
            <item>
              <name>Referred to</name>
              <date>2017-02-02T17:22:51Z</date>
            </item>
          </activities>
          <name>Judiciary Committee</name>
          <chamber>Senate</chamber>
        </item>
      </billCommittees>
    </committees>
    <cboCostEstimates />
    <billNumber>276</billNumber>
    <policyArea>
      <name>Law</name>
    </policyArea>
    <version>1.0.0</version>
    <billType>S</billType>
    <originChamber>Senate</originChamber>
    <actions>
      <item>
        <actionDate>2017-02-02</actionDate>
        <committee>
          <systemCode>ssju00</systemCode>
          <name>Judiciary Committee</name>
        </committee>
        <links>
          <link>
            <name>S657</name>
            <url>https://www.congress.gov/congressional-record/volume-163/senate-section/page/S657</url>
          </link>
        </links>
        <sourceSystem>
          <name>Senate</name>
          <code>0</code>
        </sourceSystem>
        <text>Read twice and referred to the Committee on the Judiciary. (Sponsor introductory remarks on measure: CR S657)</text>
        <type>IntroReferral</type>
      </item>
      <item>
        <sourceSystem>
          <name>Library of Congress</name>
          <code>9</code>
        </sourceSystem>
        <actionDate>2017-02-02</actionDate>
        <links />
        <text>Introduced in Senate</text>
        <committee />
        <actionCode>10000</actionCode>
        <type>IntroReferral</type>
      </item>
      <actionByCounts>
        <senate>2</senate>
      </actionByCounts>
      <actionTypeCounts>
        <referredToCommittee>1</referredToCommittee>
        <introducedInSenate>1</introducedInSenate>
      </actionTypeCounts>
    </actions>
    <sponsors>
      <item>
        <bioguideId>F000444</bioguideId>
        <party>R</party>
        <firstName>JEFF</firstName>
        <middleName />
        <byRequestType />
        <fullName>Sen. Flake, Jeff [R-AZ]</fullName>
        <identifiers>
          <lisID>1633</lisID>
          <gpoId>7803</gpoId>
          <bioguideId>F000444</bioguideId>
        </identifiers>
        <lastName>FLAKE</lastName>
        <state>AZ</state>
      </item>
    </sponsors>
    <summaries>
      <billSummaries>
        <item>
          <text><![CDATA[<p><b>Judicial Administration and Improvement Act of</b> <b>2017</b></p> <p>This bill divides the U.S. Court of Appeals for the Ninth Circuit into: (1) a new Ninth Circuit, to be composed of California, Hawaii, Oregon, Guam, and the Northern Mariana Islands; and (2) a newly established Twelfth Circuit, to be composed of Alaska, Arizona, Idaho, Montana, Nevada, and Washington.</p> <p>Precedent from the former Ninth Circuit shall not be binding on the Twelfth Circuit. </p> <p>The bill designates locations where the new circuits are to hold regular sessions. </p> <p>The bill distributes active circuit judges of the former Ninth Circuit to the new circuits. Circuit judges and senior circuit judges currently stationed in Alaska, Arizona, Idaho, Montana, Nevada, or Washington may elect their circuit assignment. For each circuit judge in regular service who elects to be assigned to the new Ninth Circuit, the President shall appoint one additional circuit judge for the Twelfth Circuit.</p>]]></text>
          <actionDate>2017-02-02</actionDate>
          <updateDate>2017-02-02T05:00:00Z</updateDate>
          <lastSummaryUpdateDate>2017-03-28T20:42:29Z</lastSummaryUpdateDate>
          <name>Introduced in Senate</name>
          <actionDesc>Introduced in Senate</actionDesc>
          <versionCode>00</versionCode>
        </item>
      </billSummaries>
    </summaries>
    <laws />
    <cosponsors>
      <item>
        <fullName>Sen. McCain, John [R-AZ]</fullName>
        <lastName>MCCAIN</lastName>
        <bioguideId>M000303</bioguideId>
        <isOriginalCosponsor>True</isOriginalCosponsor>
        <middleName>SIDNEY</middleName>
        <state>AZ</state>
        <firstName>JOHN</firstName>
        <sponsorshipDate>2017-02-02</sponsorshipDate>
        <sponsorshipWithdrawnDate />
        <party>R</party>
        <identifiers>
          <bioguideId>M000303</bioguideId>
          <gpoId>8253</gpoId>
          <lisID>754</lisID>
        </identifiers>
      </item>
      <item>
        <fullName>Sen. Heller, Dean [R-NV]</fullName>
        <lastName>Heller</lastName>
        <bioguideId>H001041</bioguideId>
        <isOriginalCosponsor>False</isOriginalCosponsor>
        <middleName />
        <state>NV</state>
        <firstName>Dean</firstName>
        <sponsorshipDate>2017-03-13</sponsorshipDate>
        <sponsorshipWithdrawnDate />
        <party>R</party>
        <identifiers>
          <bioguideId>H001041</bioguideId>
          <lisID>1863</lisID>
          <gpoId>8060</gpoId>
        </identifiers>
      </item>
    </cosponsors>
  </bill>
  <dublinCore xmlns:dc="http://purl.org/dc/elements/1.1/">
    <dc:format>text/xml</dc:format>
    <dc:language>EN</dc:language>
    <dc:rights>Pursuant to Title 17 Section 105 of the United States Code, this file is not subject to copyright protection and is in the public domain.</dc:rights>
    <dc:contributor>Congressional Research Service, Library of Congress</dc:contributor>
    <dc:description>This file contains bill summaries and statuses for federal legislation. A bill summary describes the most significant provisions of a piece of legislation and details the effects the legislative text may have on current law and federal programs. Bill summaries are authored by the Congressional Research Service (CRS) of the Library of Congress. As stated in Public Law 91-510 (2 USC 166 (d)(6)), one of the duties of CRS is "to prepare summaries and digests of bills and resolutions of a public general nature introduced in the Senate or House of Representatives". For more information, refer to the User Guide that accompanies this file.</dc:description>
  </dublinCore>
</billStatus>

