<?xml version="1.0" encoding="UTF-8"?>
<billStatus>
  <bill>
    <relatedBills>
      <item>
        <congress>115</congress>
        <latestAction>
          <actionDate>2017-11-16</actionDate>
          <text>Referred to the House Committee on Education and the Workforce.</text>
        </latestAction>
        <type>HR</type>
        <latestTitle>Go to High School, Go to College Act of 2017</latestTitle>
        <number>4435</number>
        <relationshipDetails>
          <item>
            <type>Identical bill</type>
            <identifiedBy>CRS</identifiedBy>
          </item>
        </relationshipDetails>
      </item>
    </relatedBills>
    <originChamber>Senate</originChamber>
    <recordedVotes />
    <latestAction>
      <text>Read twice and referred to the Committee on Health, Education, Labor, and Pensions.</text>
      <links />
      <actionDate>2017-04-05</actionDate>
    </latestAction>
    <createDate>2017-04-06T02:11:54Z</createDate>
    <title>Go to High School, Go to College Act of 2017</title>
    <summaries>
      <billSummaries>
        <item>
          <lastSummaryUpdateDate>2017-10-27T21:07:38Z</lastSummaryUpdateDate>
          <updateDate>2017-04-05T04:00:00Z</updateDate>
          <versionCode>00</versionCode>
          <text><![CDATA[<p><b>Go to High School, Go to College Act of 2017</b></p> <p>This bill amends title IV (Student Assistance) of the Higher Education Act of 1965 to direct the Department of Education to carry out (from July 1, 2017, through June 30, 2023) a program awarding Early College Federal Pell Grants to students to support their enrollment in, and completion of, postsecondary courses offered through early college high schools.</p> <p>Students who would be eligible for a Federal Pell Grant if not for their enrollment in secondary school are deemed eligible for an Early College Federal Pell Grant upon their completion of a full-time postsecondary semester or its equivalent.</p> <p>Students may receive Early College Federal Pell Grants in an amount equal to the cost of not more than four full-time postsecondary semesters or the equivalent while enrolled in postsecondary courses offered by an early college high school.</p> <p>Early College Federal Pell Grants shall count toward the 12-semester, or equivalent, limit on a student's receipt of Federal Pell Grants.</p>]]></text>
          <name>Introduced in Senate</name>
          <actionDesc>Introduced in Senate</actionDesc>
          <actionDate>2017-04-05</actionDate>
        </item>
      </billSummaries>
    </summaries>
    <actions>
      <actionByCounts>
        <senate>2</senate>
      </actionByCounts>
      <actionTypeCounts>
        <referredToCommittee>1</referredToCommittee>
        <introducedInSenate>1</introducedInSenate>
      </actionTypeCounts>
      <item>
        <actionDate>2017-04-05</actionDate>
        <committee>
          <systemCode>sshr00</systemCode>
          <name>Health, Education, Labor, and Pensions Committee</name>
        </committee>
        <links />
        <sourceSystem>
          <name>Senate</name>
          <code>0</code>
        </sourceSystem>
        <text>Read twice and referred to the Committee on Health, Education, Labor, and Pensions.</text>
        <type>IntroReferral</type>
      </item>
      <item>
        <sourceSystem>
          <name>Library of Congress</name>
          <code>9</code>
        </sourceSystem>
        <actionDate>2017-04-05</actionDate>
        <text>Introduced in Senate</text>
        <type>IntroReferral</type>
        <links />
        <committee />
        <actionCode>10000</actionCode>
      </item>
    </actions>
    <updateDate>2018-02-06T16:45:12Z</updateDate>
    <amendments />
    <notes />
    <sponsors>
      <item>
        <bioguideId>P000449</bioguideId>
        <middleName />
        <byRequestType />
        <firstName>ROB</firstName>
        <lastName>PORTMAN</lastName>
        <state>OH</state>
        <party>R</party>
        <identifiers>
          <gpoId>8266</gpoId>
          <lisID>924</lisID>
          <bioguideId>P000449</bioguideId>
        </identifiers>
        <fullName>Sen. Portman, Rob [R-OH]</fullName>
      </item>
    </sponsors>
    <committees>
      <billCommittees>
        <item>
          <type>Standing</type>
          <systemCode>sshr00</systemCode>
          <subcommittees />
          <activities>
            <item>
              <date>2017-04-05T20:49:48Z</date>
              <name>Referred to</name>
            </item>
          </activities>
          <chamber>Senate</chamber>
          <name>Health, Education, Labor, and Pensions Committee</name>
        </item>
      </billCommittees>
    </committees>
    <cosponsors>
      <item>
        <isOriginalCosponsor>True</isOriginalCosponsor>
        <fullName>Sen. Warner, Mark R. [D-VA]</fullName>
        <middleName>R.</middleName>
        <state>VA</state>
        <sponsorshipDate>2017-04-05</sponsorshipDate>
        <firstName>Mark</firstName>
        <bioguideId>W000805</bioguideId>
        <party>D</party>
        <lastName>Warner</lastName>
        <sponsorshipWithdrawnDate />
        <identifiers>
          <gpoId>8269</gpoId>
          <lisID>1897</lisID>
          <bioguideId>W000805</bioguideId>
        </identifiers>
      </item>
    </cosponsors>
    <laws />
    <policyArea>
      <name>Education</name>
    </policyArea>
    <cboCostEstimates />
    <billNumber>840</billNumber>
    <congress>115</congress>
    <version>1.0.0</version>
    <introducedDate>2017-04-05</introducedDate>
    <committeeReports />
    <titles>
      <item>
        <titleType>(Extracted from GPO) Short Titles as Introduced</titleType>
        <title>Go to High School, Go to College Act of 2017</title>
        <chamberCode />
        <parentTitleType />
        <chamberName />
      </item>
      <item>
        <titleType>Short Titles as Introduced</titleType>
        <title>Go to High School, Go to College Act of 2017</title>
        <chamberCode />
        <parentTitleType />
        <chamberName />
      </item>
      <item>
        <titleType>Official Title as Introduced</titleType>
        <title>A bill to amend the Higher Education Act of 1965 to allow the Secretary of Education to award Early College Federal Pell Grants.</title>
        <chamberCode />
        <parentTitleType />
        <chamberName />
      </item>
      <item>
        <titleType>Display Title</titleType>
        <title>Go to High School, Go to College Act of 2017</title>
        <chamberCode />
        <parentTitleType />
        <chamberName />
      </item>
    </titles>
    <calendarNumbers />
    <subjects>
      <billSubjects>
        <legislativeSubjects>
          <item>
            <name>Elementary and secondary education</name>
          </item>
          <item>
            <name>Higher education</name>
          </item>
          <item>
            <name>Student aid and college costs</name>
          </item>
        </legislativeSubjects>
        <policyArea>
          <name>Education</name>
        </policyArea>
      </billSubjects>
    </subjects>
    <billType>S</billType>
  </bill>
  <dublinCore xmlns:dc="http://purl.org/dc/elements/1.1/">
    <dc:format>text/xml</dc:format>
    <dc:language>EN</dc:language>
    <dc:rights>Pursuant to Title 17 Section 105 of the United States Code, this file is not subject to copyright protection and is in the public domain.</dc:rights>
    <dc:contributor>Congressional Research Service, Library of Congress</dc:contributor>
    <dc:description>This file contains bill summaries and statuses for federal legislation. A bill summary describes the most significant provisions of a piece of legislation and details the effects the legislative text may have on current law and federal programs. Bill summaries are authored by the Congressional Research Service (CRS) of the Library of Congress. As stated in Public Law 91-510 (2 USC 166 (d)(6)), one of the duties of CRS is "to prepare summaries and digests of bills and resolutions of a public general nature introduced in the Senate or House of Representatives". For more information, refer to the User Guide that accompanies this file.</dc:description>
  </dublinCore>
</billStatus>

