<?xml version="1.0" encoding="UTF-8"?>
<billStatus>
  <bill>
    <notes />
    <titles>
      <item>
        <parentTitleType />
        <titleType>(Extracted from GPO) Short Titles as Introduced</titleType>
        <title>Childhood Cancer STAR Act</title>
        <chamberCode />
        <chamberName />
      </item>
      <item>
        <parentTitleType />
        <titleType>(Extracted from GPO) Short Titles as Introduced</titleType>
        <title>Childhood Cancer Survivorship, Treatment, Access, and Research Act of 2017</title>
        <chamberCode />
        <chamberName />
      </item>
      <item>
        <parentTitleType />
        <titleType>Short Titles as Introduced</titleType>
        <title>Childhood Cancer STAR</title>
        <chamberCode />
        <chamberName />
      </item>
      <item>
        <parentTitleType />
        <titleType>Short Titles as Introduced</titleType>
        <title>Childhood Cancer Survivorship, Treatment, Access, and Research Act of 2017</title>
        <chamberCode />
        <chamberName />
      </item>
      <item>
        <parentTitleType />
        <titleType>Official Title as Introduced</titleType>
        <title>A bill to maximize discovery, and accelerate development and availability, of promising childhood cancer treatments, and for other purposes.</title>
        <chamberCode />
        <chamberName />
      </item>
      <item>
        <parentTitleType />
        <titleType>Display Title</titleType>
        <title>Childhood Cancer STAR</title>
        <chamberCode />
        <chamberName />
      </item>
    </titles>
    <createDate>2017-02-03T05:17:31Z</createDate>
    <title>Childhood Cancer STAR</title>
    <subjects>
      <billSubjects>
        <legislativeSubjects>
          <item>
            <name>Advisory bodies</name>
          </item>
          <item>
            <name>Cancer</name>
          </item>
          <item>
            <name>Child health</name>
          </item>
          <item>
            <name>Congressional oversight</name>
          </item>
          <item>
            <name>Department of Health and Human Services</name>
          </item>
          <item>
            <name>Drug safety, medical device, and laboratory regulation</name>
          </item>
          <item>
            <name>Drug therapy</name>
          </item>
          <item>
            <name>Government information and archives</name>
          </item>
          <item>
            <name>Government studies and investigations</name>
          </item>
          <item>
            <name>Health care costs and insurance</name>
          </item>
          <item>
            <name>Health care coverage and access</name>
          </item>
          <item>
            <name>Health care quality</name>
          </item>
          <item>
            <name>Health information and medical records</name>
          </item>
          <item>
            <name>Health personnel</name>
          </item>
          <item>
            <name>Health programs administration and funding</name>
          </item>
          <item>
            <name>Home and outpatient care</name>
          </item>
          <item>
            <name>Long-term, rehabilitative, and terminal care</name>
          </item>
          <item>
            <name>Medical education</name>
          </item>
          <item>
            <name>Medical research</name>
          </item>
          <item>
            <name>Medical tests and diagnostic methods</name>
          </item>
          <item>
            <name>Mental health</name>
          </item>
          <item>
            <name>National Institutes of Health (NIH)</name>
          </item>
          <item>
            <name>Research administration and funding</name>
          </item>
          <item>
            <name>Social work, volunteer service, charitable organizations</name>
          </item>
        </legislativeSubjects>
        <policyArea>
          <name>Health</name>
        </policyArea>
      </billSubjects>
    </subjects>
    <laws />
    <relatedBills>
      <item>
        <type>HR</type>
        <number>820</number>
        <latestTitle>Childhood Cancer STAR Act</latestTitle>
        <congress>115</congress>
        <relationshipDetails>
          <item>
            <type>Identical bill</type>
            <identifiedBy>CRS</identifiedBy>
          </item>
        </relationshipDetails>
        <latestAction>
          <text>Referred to the Subcommittee on Health.</text>
          <actionDate>2017-02-03</actionDate>
        </latestAction>
      </item>
    </relatedBills>
    <recordedVotes />
    <updateDate>2018-03-01T05:48:30Z</updateDate>
    <congress>115</congress>
    <sponsors>
      <item>
        <identifiers>
          <lisID>949</lisID>
          <gpoId>8272</gpoId>
          <bioguideId>R000122</bioguideId>
        </identifiers>
        <middleName>F.</middleName>
        <bioguideId>R000122</bioguideId>
        <firstName>JOHN</firstName>
        <byRequestType />
        <state>RI</state>
        <fullName>Sen. Reed, Jack [D-RI]</fullName>
        <lastName>REED</lastName>
        <party>D</party>
      </item>
    </sponsors>
    <committeeReports />
    <actions>
      <actionByCounts>
        <senate>3</senate>
      </actionByCounts>
      <actionTypeCounts>
        <introducedInSenate>1</introducedInSenate>
        <referredToCommittee>1</referredToCommittee>
        <orderedReported>1</orderedReported>
      </actionTypeCounts>
      <item>
        <actionDate>2018-02-28</actionDate>
        <committee>
          <systemCode>sshr00</systemCode>
          <name>Health, Education, Labor, and Pensions Committee</name>
        </committee>
        <links />
        <sourceSystem>
          <code>0</code>
          <name>Senate</name>
        </sourceSystem>
        <text>Committee on Health, Education, Labor, and Pensions. Ordered to be reported with an amendment in the nature of a substitute favorably.</text>
        <type>Committee</type>
      </item>
      <item>
        <actionDate>2017-02-02</actionDate>
        <committee>
          <systemCode>sshr00</systemCode>
          <name>Health, Education, Labor, and Pensions Committee</name>
        </committee>
        <links>
          <link>
            <name>S659</name>
            <url>https://www.congress.gov/congressional-record/volume-163/senate-section/page/S659</url>
          </link>
        </links>
        <sourceSystem>
          <code>0</code>
          <name>Senate</name>
        </sourceSystem>
        <text>Read twice and referred to the Committee on Health, Education, Labor, and Pensions. (Sponsor introductory remarks on measure: CR S659)</text>
        <type>IntroReferral</type>
      </item>
      <item>
        <actionDate>2017-02-02</actionDate>
        <committee />
        <links />
        <text>Introduced in Senate</text>
        <type>IntroReferral</type>
        <sourceSystem>
          <code>9</code>
          <name>Library of Congress</name>
        </sourceSystem>
        <actionCode>10000</actionCode>
      </item>
    </actions>
    <introducedDate>2017-02-02</introducedDate>
    <billType>S</billType>
    <policyArea>
      <name>Health</name>
    </policyArea>
    <cosponsors>
      <item>
        <lastName>CAPITO</lastName>
        <identifiers>
          <lisID>1676</lisID>
          <gpoId>8223</gpoId>
          <bioguideId>C001047</bioguideId>
        </identifiers>
        <party>R</party>
        <isOriginalCosponsor>True</isOriginalCosponsor>
        <middleName>MOORE</middleName>
        <fullName>Sen. Capito, Shelley Moore [R-WV]</fullName>
        <firstName>SHELLEY</firstName>
        <sponsorshipWithdrawnDate />
        <bioguideId>C001047</bioguideId>
        <state>WV</state>
        <sponsorshipDate>2017-02-02</sponsorshipDate>
      </item>
      <item>
        <lastName>Van Hollen</lastName>
        <identifiers>
          <bioguideId>V000128</bioguideId>
          <lisID>1729</lisID>
          <gpoId>7983</gpoId>
        </identifiers>
        <party>D</party>
        <isOriginalCosponsor>True</isOriginalCosponsor>
        <middleName />
        <fullName>Sen. Van Hollen, Chris [D-MD]</fullName>
        <firstName>Chris</firstName>
        <sponsorshipWithdrawnDate />
        <bioguideId>V000128</bioguideId>
        <state>MD</state>
        <sponsorshipDate>2017-02-02</sponsorshipDate>
      </item>
      <item>
        <lastName>Isakson</lastName>
        <identifiers>
          <bioguideId>I000055</bioguideId>
          <lisID>1608</lisID>
          <gpoId>8323</gpoId>
        </identifiers>
        <party>R</party>
        <isOriginalCosponsor>True</isOriginalCosponsor>
        <middleName />
        <fullName>Sen. Isakson, Johnny [R-GA]</fullName>
        <firstName>Johnny</firstName>
        <sponsorshipWithdrawnDate />
        <bioguideId>I000055</bioguideId>
        <state>GA</state>
        <sponsorshipDate>2017-02-02</sponsorshipDate>
      </item>
      <item>
        <lastName>Blunt</lastName>
        <identifiers>
          <lisID>1464</lisID>
          <gpoId>8313</gpoId>
          <bioguideId>B000575</bioguideId>
        </identifiers>
        <party>R</party>
        <isOriginalCosponsor>False</isOriginalCosponsor>
        <middleName />
        <fullName>Sen. Blunt, Roy [R-MO]</fullName>
        <firstName>Roy</firstName>
        <sponsorshipWithdrawnDate />
        <bioguideId>B000575</bioguideId>
        <state>MO</state>
        <sponsorshipDate>2017-03-21</sponsorshipDate>
      </item>
      <item>
        <lastName>Shaheen</lastName>
        <identifiers>
          <gpoId>8276</gpoId>
          <lisID>1901</lisID>
          <bioguideId>S001181</bioguideId>
        </identifiers>
        <party>D</party>
        <isOriginalCosponsor>False</isOriginalCosponsor>
        <middleName />
        <fullName>Sen. Shaheen, Jeanne [D-NH]</fullName>
        <firstName>Jeanne</firstName>
        <sponsorshipWithdrawnDate />
        <bioguideId>S001181</bioguideId>
        <state>NH</state>
        <sponsorshipDate>2017-03-27</sponsorshipDate>
      </item>
      <item>
        <lastName>Rubio</lastName>
        <identifiers>
          <bioguideId>R000595</bioguideId>
          <lisID>2084</lisID>
          <gpoId>8242</gpoId>
        </identifiers>
        <party>R</party>
        <isOriginalCosponsor>False</isOriginalCosponsor>
        <middleName />
        <fullName>Sen. Rubio, Marco [R-FL]</fullName>
        <firstName>Marco</firstName>
        <sponsorshipWithdrawnDate />
        <bioguideId>R000595</bioguideId>
        <state>FL</state>
        <sponsorshipDate>2017-04-25</sponsorshipDate>
      </item>
      <item>
        <lastName>Gillibrand</lastName>
        <identifiers>
          <bioguideId>G000555</bioguideId>
          <lisID>1866</lisID>
          <gpoId>8336</gpoId>
        </identifiers>
        <party>D</party>
        <isOriginalCosponsor>False</isOriginalCosponsor>
        <middleName>E.</middleName>
        <fullName>Sen. Gillibrand, Kirsten E. [D-NY]</fullName>
        <firstName>Kirsten</firstName>
        <sponsorshipWithdrawnDate />
        <bioguideId>G000555</bioguideId>
        <state>NY</state>
        <sponsorshipDate>2017-04-25</sponsorshipDate>
      </item>
      <item>
        <lastName>Booker</lastName>
        <identifiers>
          <bioguideId>B001288</bioguideId>
          <lisID>2194</lisID>
          <gpoId />
        </identifiers>
        <party>D</party>
        <isOriginalCosponsor>False</isOriginalCosponsor>
        <middleName>A.</middleName>
        <fullName>Sen. Booker, Cory A. [D-NJ]</fullName>
        <firstName>Cory</firstName>
        <sponsorshipWithdrawnDate />
        <bioguideId>B001288</bioguideId>
        <state>NJ</state>
        <sponsorshipDate>2017-05-03</sponsorshipDate>
      </item>
      <item>
        <lastName>COLLINS</lastName>
        <identifiers>
          <bioguideId>C001035</bioguideId>
          <lisID>1541</lisID>
          <gpoId>8291</gpoId>
        </identifiers>
        <party>R</party>
        <isOriginalCosponsor>False</isOriginalCosponsor>
        <middleName>MARGARET</middleName>
        <fullName>Sen. Collins, Susan M. [R-ME]</fullName>
        <firstName>SUSAN</firstName>
        <sponsorshipWithdrawnDate />
        <bioguideId>C001035</bioguideId>
        <state>ME</state>
        <sponsorshipDate>2017-05-03</sponsorshipDate>
      </item>
      <item>
        <lastName>King</lastName>
        <identifiers>
          <lisID>2185</lisID>
          <bioguideId>K000383</bioguideId>
          <gpoId />
        </identifiers>
        <party>I</party>
        <isOriginalCosponsor>False</isOriginalCosponsor>
        <middleName />
        <fullName>Sen. King, Angus S., Jr. [I-ME]</fullName>
        <firstName>Angus</firstName>
        <sponsorshipWithdrawnDate />
        <bioguideId>K000383</bioguideId>
        <state>ME</state>
        <sponsorshipDate>2017-05-03</sponsorshipDate>
      </item>
      <item>
        <lastName>Coons</lastName>
        <identifiers>
          <lisID>1984</lisID>
          <bioguideId>C001088</bioguideId>
          <gpoId>8297</gpoId>
        </identifiers>
        <party>D</party>
        <isOriginalCosponsor>False</isOriginalCosponsor>
        <middleName>A.</middleName>
        <fullName>Sen. Coons, Christopher A. [D-DE]</fullName>
        <firstName>Christopher</firstName>
        <sponsorshipWithdrawnDate />
        <bioguideId>C001088</bioguideId>
        <state>DE</state>
        <sponsorshipDate>2017-05-03</sponsorshipDate>
      </item>
      <item>
        <lastName>Perdue</lastName>
        <identifiers>
          <lisID>2286</lisID>
          <gpoId />
          <bioguideId>P000612</bioguideId>
        </identifiers>
        <party>R</party>
        <isOriginalCosponsor>False</isOriginalCosponsor>
        <middleName>Alfred</middleName>
        <fullName>Sen. Perdue, David [R-GA]</fullName>
        <firstName>David</firstName>
        <sponsorshipWithdrawnDate />
        <bioguideId>P000612</bioguideId>
        <state>GA</state>
        <sponsorshipDate>2017-05-03</sponsorshipDate>
      </item>
      <item>
        <lastName>GRASSLEY</lastName>
        <identifiers>
          <bioguideId>G000386</bioguideId>
          <lisID>457</lisID>
          <gpoId>8316</gpoId>
        </identifiers>
        <party>R</party>
        <isOriginalCosponsor>False</isOriginalCosponsor>
        <middleName>ERNEST</middleName>
        <fullName>Sen. Grassley, Chuck [R-IA]</fullName>
        <firstName>CHARLES</firstName>
        <sponsorshipWithdrawnDate />
        <bioguideId>G000386</bioguideId>
        <state>IA</state>
        <sponsorshipDate>2017-05-15</sponsorshipDate>
      </item>
      <item>
        <lastName>STABENOW</lastName>
        <identifiers>
          <bioguideId>S000770</bioguideId>
          <lisID>1531</lisID>
          <gpoId>8261</gpoId>
        </identifiers>
        <party>D</party>
        <isOriginalCosponsor>False</isOriginalCosponsor>
        <middleName>ANN</middleName>
        <fullName>Sen. Stabenow, Debbie [D-MI]</fullName>
        <firstName>DEBORAH</firstName>
        <sponsorshipWithdrawnDate />
        <bioguideId>S000770</bioguideId>
        <state>MI</state>
        <sponsorshipDate>2017-05-15</sponsorshipDate>
      </item>
      <item>
        <lastName>Kennedy</lastName>
        <identifiers>
          <lisID>2303</lisID>
          <gpoId />
          <bioguideId>K000393</bioguideId>
        </identifiers>
        <party>R</party>
        <isOriginalCosponsor>False</isOriginalCosponsor>
        <middleName>Neely</middleName>
        <fullName>Sen. Kennedy, John [R-LA]</fullName>
        <firstName>John</firstName>
        <sponsorshipWithdrawnDate />
        <bioguideId>K000393</bioguideId>
        <state>LA</state>
        <sponsorshipDate>2017-05-15</sponsorshipDate>
      </item>
      <item>
        <lastName>Whitehouse</lastName>
        <identifiers>
          <gpoId>8264</gpoId>
          <lisID>1823</lisID>
          <bioguideId>W000802</bioguideId>
        </identifiers>
        <party>D</party>
        <isOriginalCosponsor>False</isOriginalCosponsor>
        <middleName />
        <fullName>Sen. Whitehouse, Sheldon [D-RI]</fullName>
        <firstName>Sheldon</firstName>
        <sponsorshipWithdrawnDate />
        <bioguideId>W000802</bioguideId>
        <state>RI</state>
        <sponsorshipDate>2017-05-15</sponsorshipDate>
      </item>
      <item>
        <lastName>Cassidy</lastName>
        <identifiers>
          <lisID>1925</lisID>
          <bioguideId>C001075</bioguideId>
          <gpoId>7964</gpoId>
        </identifiers>
        <party>R</party>
        <isOriginalCosponsor>False</isOriginalCosponsor>
        <middleName />
        <fullName>Sen. Cassidy, Bill [R-LA]</fullName>
        <firstName>Bill</firstName>
        <sponsorshipWithdrawnDate />
        <bioguideId>C001075</bioguideId>
        <state>LA</state>
        <sponsorshipDate>2017-05-18</sponsorshipDate>
      </item>
      <item>
        <lastName>Blumenthal</lastName>
        <identifiers>
          <lisID>2076</lisID>
          <bioguideId>B001277</bioguideId>
          <gpoId>8332</gpoId>
        </identifiers>
        <party>D</party>
        <isOriginalCosponsor>False</isOriginalCosponsor>
        <middleName />
        <fullName>Sen. Blumenthal, Richard [D-CT]</fullName>
        <firstName>Richard</firstName>
        <sponsorshipWithdrawnDate />
        <bioguideId>B001277</bioguideId>
        <state>CT</state>
        <sponsorshipDate>2017-05-18</sponsorshipDate>
      </item>
      <item>
        <lastName>Young</lastName>
        <identifiers>
          <lisID>2019</lisID>
          <bioguideId>Y000064</bioguideId>
          <gpoId>7948</gpoId>
        </identifiers>
        <party>R</party>
        <isOriginalCosponsor>False</isOriginalCosponsor>
        <middleName>C.</middleName>
        <fullName>Sen. Young, Todd C. [R-IN]</fullName>
        <firstName>Todd</firstName>
        <sponsorshipWithdrawnDate />
        <bioguideId>Y000064</bioguideId>
        <state>IN</state>
        <sponsorshipDate>2017-06-05</sponsorshipDate>
      </item>
      <item>
        <lastName>Casey</lastName>
        <identifiers>
          <gpoId>8282</gpoId>
          <lisID>1828</lisID>
          <bioguideId>C001070</bioguideId>
        </identifiers>
        <party>D</party>
        <isOriginalCosponsor>False</isOriginalCosponsor>
        <middleName />
        <fullName>Sen. Casey, Robert P., Jr. [D-PA]</fullName>
        <firstName>Bob</firstName>
        <sponsorshipWithdrawnDate />
        <bioguideId>C001070</bioguideId>
        <state>PA</state>
        <sponsorshipDate>2017-06-05</sponsorshipDate>
      </item>
      <item>
        <lastName>Manchin</lastName>
        <identifiers>
          <lisID>1983</lisID>
          <gpoId>8256</gpoId>
          <bioguideId>M001183</bioguideId>
        </identifiers>
        <party>D</party>
        <isOriginalCosponsor>False</isOriginalCosponsor>
        <middleName />
        <fullName>Sen. Manchin, Joe, III [D-WV]</fullName>
        <firstName>Joe</firstName>
        <sponsorshipWithdrawnDate />
        <bioguideId>M001183</bioguideId>
        <state>WV</state>
        <sponsorshipDate>2017-09-12</sponsorshipDate>
      </item>
      <item>
        <lastName>Ernst</lastName>
        <identifiers>
          <bioguideId>E000295</bioguideId>
          <lisID>2283</lisID>
          <gpoId />
        </identifiers>
        <party>R</party>
        <isOriginalCosponsor>False</isOriginalCosponsor>
        <middleName />
        <fullName>Sen. Ernst, Joni  [R-IA]</fullName>
        <firstName>Joni</firstName>
        <sponsorshipWithdrawnDate />
        <bioguideId>E000295</bioguideId>
        <state>IA</state>
        <sponsorshipDate>2017-09-14</sponsorshipDate>
      </item>
      <item>
        <lastName>NELSON</lastName>
        <identifiers>
          <bioguideId>N000032</bioguideId>
          <lisID>859</lisID>
          <gpoId>8236</gpoId>
        </identifiers>
        <party>D</party>
        <isOriginalCosponsor>False</isOriginalCosponsor>
        <middleName>WILLIAM</middleName>
        <fullName>Sen. Nelson, Bill [D-FL]</fullName>
        <firstName>CLARENCE</firstName>
        <sponsorshipWithdrawnDate />
        <bioguideId>N000032</bioguideId>
        <state>FL</state>
        <sponsorshipDate>2017-09-14</sponsorshipDate>
      </item>
      <item>
        <lastName>PORTMAN</lastName>
        <identifiers>
          <gpoId>8266</gpoId>
          <lisID>924</lisID>
          <bioguideId>P000449</bioguideId>
        </identifiers>
        <party>R</party>
        <isOriginalCosponsor>False</isOriginalCosponsor>
        <middleName />
        <fullName>Sen. Portman, Rob [R-OH]</fullName>
        <firstName>ROB</firstName>
        <sponsorshipWithdrawnDate />
        <bioguideId>P000449</bioguideId>
        <state>OH</state>
        <sponsorshipDate>2017-09-14</sponsorshipDate>
      </item>
      <item>
        <lastName>Fischer</lastName>
        <identifiers>
          <lisID>2179</lisID>
          <gpoId />
          <bioguideId>F000463</bioguideId>
        </identifiers>
        <party>R</party>
        <isOriginalCosponsor>False</isOriginalCosponsor>
        <middleName />
        <fullName>Sen. Fischer, Deb [R-NE]</fullName>
        <firstName>Deb</firstName>
        <sponsorshipWithdrawnDate />
        <bioguideId>F000463</bioguideId>
        <state>NE</state>
        <sponsorshipDate>2017-10-25</sponsorshipDate>
      </item>
      <item>
        <lastName>Franken</lastName>
        <identifiers>
          <bioguideId>F000457</bioguideId>
          <gpoId>8339</gpoId>
          <lisID>1969</lisID>
        </identifiers>
        <party>D</party>
        <isOriginalCosponsor>False</isOriginalCosponsor>
        <middleName />
        <fullName>Sen. Franken, Al [D-MN]</fullName>
        <firstName>Al</firstName>
        <sponsorshipWithdrawnDate />
        <bioguideId>F000457</bioguideId>
        <state>MN</state>
        <sponsorshipDate>2017-10-25</sponsorshipDate>
      </item>
      <item>
        <lastName>BROWN</lastName>
        <identifiers>
          <gpoId>8309</gpoId>
          <lisID>136</lisID>
          <bioguideId>B000944</bioguideId>
        </identifiers>
        <party>D</party>
        <isOriginalCosponsor>False</isOriginalCosponsor>
        <middleName />
        <fullName>Sen. Brown, Sherrod [D-OH]</fullName>
        <firstName>SHERROD</firstName>
        <sponsorshipWithdrawnDate />
        <bioguideId>B000944</bioguideId>
        <state>OH</state>
        <sponsorshipDate>2018-01-08</sponsorshipDate>
      </item>
      <item>
        <lastName>HATCH</lastName>
        <identifiers>
          <bioguideId>H000338</bioguideId>
          <lisID>1351</lisID>
          <gpoId>8314</gpoId>
        </identifiers>
        <party>R</party>
        <isOriginalCosponsor>False</isOriginalCosponsor>
        <middleName>GRANT</middleName>
        <fullName>Sen. Hatch, Orrin G. [R-UT]</fullName>
        <firstName>ORRIN</firstName>
        <sponsorshipWithdrawnDate />
        <bioguideId>H000338</bioguideId>
        <state>UT</state>
        <sponsorshipDate>2018-01-30</sponsorshipDate>
      </item>
      <item>
        <lastName>Peters</lastName>
        <identifiers>
          <gpoId>7994</gpoId>
          <bioguideId>P000595</bioguideId>
          <lisID>1929</lisID>
        </identifiers>
        <party>D</party>
        <isOriginalCosponsor>False</isOriginalCosponsor>
        <middleName>C.</middleName>
        <fullName>Sen. Peters, Gary C. [D-MI]</fullName>
        <firstName>Gary</firstName>
        <sponsorshipWithdrawnDate />
        <bioguideId>P000595</bioguideId>
        <state>MI</state>
        <sponsorshipDate>2018-01-30</sponsorshipDate>
      </item>
      <item>
        <lastName>Murkowski</lastName>
        <identifiers>
          <gpoId>8234</gpoId>
          <bioguideId>M001153</bioguideId>
          <lisID>1694</lisID>
        </identifiers>
        <party>R</party>
        <isOriginalCosponsor>False</isOriginalCosponsor>
        <middleName />
        <fullName>Sen. Murkowski, Lisa [R-AK]</fullName>
        <firstName>Lisa</firstName>
        <sponsorshipWithdrawnDate />
        <bioguideId>M001153</bioguideId>
        <state>AK</state>
        <sponsorshipDate>2018-02-05</sponsorshipDate>
      </item>
      <item>
        <lastName>Duckworth</lastName>
        <identifiers>
          <gpoId />
          <lisID>2123</lisID>
          <bioguideId>D000622</bioguideId>
        </identifiers>
        <party>D</party>
        <isOriginalCosponsor>False</isOriginalCosponsor>
        <middleName />
        <fullName>Sen. Duckworth, Tammy [D-IL]</fullName>
        <firstName>Tammy</firstName>
        <sponsorshipWithdrawnDate />
        <bioguideId>D000622</bioguideId>
        <state>IL</state>
        <sponsorshipDate>2018-02-05</sponsorshipDate>
      </item>
      <item>
        <lastName>MARKEY</lastName>
        <identifiers>
          <bioguideId>M000133</bioguideId>
          <lisID>735</lisID>
          <gpoId>7972</gpoId>
        </identifiers>
        <party>D</party>
        <isOriginalCosponsor>False</isOriginalCosponsor>
        <middleName>J.</middleName>
        <fullName>Sen. Markey, Edward J. [D-MA]</fullName>
        <firstName>EDWARD</firstName>
        <sponsorshipWithdrawnDate />
        <bioguideId>M000133</bioguideId>
        <state>MA</state>
        <sponsorshipDate>2018-02-08</sponsorshipDate>
      </item>
      <item>
        <lastName>Heller</lastName>
        <identifiers>
          <gpoId>8060</gpoId>
          <lisID>1863</lisID>
          <bioguideId>H001041</bioguideId>
        </identifiers>
        <party>R</party>
        <isOriginalCosponsor>False</isOriginalCosponsor>
        <middleName />
        <fullName>Sen. Heller, Dean [R-NV]</fullName>
        <firstName>Dean</firstName>
        <sponsorshipWithdrawnDate />
        <bioguideId>H001041</bioguideId>
        <state>NV</state>
        <sponsorshipDate>2018-02-08</sponsorshipDate>
      </item>
      <item>
        <lastName>Klobuchar</lastName>
        <identifiers>
          <gpoId>8249</gpoId>
          <bioguideId>K000367</bioguideId>
          <lisID>1826</lisID>
        </identifiers>
        <party>D</party>
        <isOriginalCosponsor>False</isOriginalCosponsor>
        <middleName />
        <fullName>Sen. Klobuchar, Amy [D-MN]</fullName>
        <firstName>Amy</firstName>
        <sponsorshipWithdrawnDate />
        <bioguideId>K000367</bioguideId>
        <state>MN</state>
        <sponsorshipDate>2018-02-14</sponsorshipDate>
      </item>
      <item>
        <lastName>WICKER</lastName>
        <identifiers>
          <bioguideId>W000437</bioguideId>
          <lisID>1226</lisID>
          <gpoId>8263</gpoId>
        </identifiers>
        <party>R</party>
        <isOriginalCosponsor>False</isOriginalCosponsor>
        <middleName>F.</middleName>
        <fullName>Sen. Wicker, Roger F. [R-MS]</fullName>
        <firstName>ROGER</firstName>
        <sponsorshipWithdrawnDate />
        <bioguideId>W000437</bioguideId>
        <state>MS</state>
        <sponsorshipDate>2018-02-14</sponsorshipDate>
      </item>
      <item>
        <lastName>Merkley</lastName>
        <identifiers>
          <lisID>1900</lisID>
          <gpoId>8238</gpoId>
          <bioguideId>M001176</bioguideId>
        </identifiers>
        <party>D</party>
        <isOriginalCosponsor>False</isOriginalCosponsor>
        <middleName />
        <fullName>Sen. Merkley, Jeff [D-OR]</fullName>
        <firstName>Jeff</firstName>
        <sponsorshipWithdrawnDate />
        <bioguideId>M001176</bioguideId>
        <state>OR</state>
        <sponsorshipDate>2018-02-28</sponsorshipDate>
      </item>
      <item>
        <lastName>Donnelly</lastName>
        <identifiers>
          <bioguideId>D000607</bioguideId>
          <lisID>1850</lisID>
          <gpoId>7941</gpoId>
        </identifiers>
        <party>D</party>
        <isOriginalCosponsor>False</isOriginalCosponsor>
        <middleName />
        <fullName>Sen. Donnelly, Joe [D-IN]</fullName>
        <firstName>Joe</firstName>
        <sponsorshipWithdrawnDate />
        <bioguideId>D000607</bioguideId>
        <state>IN</state>
        <sponsorshipDate>2018-02-28</sponsorshipDate>
      </item>
      <item>
        <lastName>FEINSTEIN</lastName>
        <identifiers>
          <gpoId>8338</gpoId>
          <lisID>1332</lisID>
          <bioguideId>F000062</bioguideId>
        </identifiers>
        <party>D</party>
        <isOriginalCosponsor>False</isOriginalCosponsor>
        <middleName />
        <fullName>Sen. Feinstein, Dianne [D-CA]</fullName>
        <firstName>DIANNE</firstName>
        <sponsorshipWithdrawnDate />
        <bioguideId>F000062</bioguideId>
        <state>CA</state>
        <sponsorshipDate>2018-02-28</sponsorshipDate>
      </item>
      <item>
        <lastName>SCHUMER</lastName>
        <identifiers>
          <lisID>1036</lisID>
          <gpoId>8279</gpoId>
          <bioguideId>S000148</bioguideId>
        </identifiers>
        <party>D</party>
        <isOriginalCosponsor>False</isOriginalCosponsor>
        <middleName>E.</middleName>
        <fullName>Sen. Schumer, Charles E. [D-NY]</fullName>
        <firstName>CHARLES</firstName>
        <sponsorshipWithdrawnDate />
        <bioguideId>S000148</bioguideId>
        <state>NY</state>
        <sponsorshipDate>2018-02-28</sponsorshipDate>
      </item>
      <item>
        <lastName>Bennet</lastName>
        <identifiers>
          <bioguideId>B001267</bioguideId>
          <lisID>1965</lisID>
          <gpoId>8302</gpoId>
        </identifiers>
        <party>D</party>
        <isOriginalCosponsor>False</isOriginalCosponsor>
        <middleName>F.</middleName>
        <fullName>Sen. Bennet, Michael F. [D-CO]</fullName>
        <firstName>Michael</firstName>
        <sponsorshipWithdrawnDate />
        <bioguideId>B001267</bioguideId>
        <state>CO</state>
        <sponsorshipDate>2018-02-28</sponsorshipDate>
      </item>
      <item>
        <lastName>LEAHY</lastName>
        <identifiers>
          <gpoId>8244</gpoId>
          <lisID>1383</lisID>
          <bioguideId>L000174</bioguideId>
        </identifiers>
        <party>D</party>
        <isOriginalCosponsor>False</isOriginalCosponsor>
        <middleName>JOSEPH</middleName>
        <fullName>Sen. Leahy, Patrick J. [D-VT]</fullName>
        <firstName>PATRICK</firstName>
        <sponsorshipWithdrawnDate />
        <bioguideId>L000174</bioguideId>
        <state>VT</state>
        <sponsorshipDate>2018-02-28</sponsorshipDate>
      </item>
      <item>
        <lastName>Kaine</lastName>
        <identifiers>
          <bioguideId>K000384</bioguideId>
          <lisID>2176</lisID>
          <gpoId />
        </identifiers>
        <party>D</party>
        <isOriginalCosponsor>False</isOriginalCosponsor>
        <middleName />
        <fullName>Sen. Kaine, Tim [D-VA]</fullName>
        <firstName>Timothy</firstName>
        <sponsorshipWithdrawnDate />
        <bioguideId>K000384</bioguideId>
        <state>VA</state>
        <sponsorshipDate>2018-02-28</sponsorshipDate>
      </item>
      <item>
        <lastName>Smith</lastName>
        <identifiers>
          <bioguideId>S001203</bioguideId>
          <lisID>2365</lisID>
          <gpoId />
        </identifiers>
        <party>D</party>
        <isOriginalCosponsor>False</isOriginalCosponsor>
        <middleName />
        <fullName>Sen. Smith, Tina  [D-MN]</fullName>
        <firstName>Tina</firstName>
        <sponsorshipWithdrawnDate />
        <bioguideId>S001203</bioguideId>
        <state>MN</state>
        <sponsorshipDate>2018-02-28</sponsorshipDate>
      </item>
      <item>
        <lastName>Tillis</lastName>
        <identifiers>
          <bioguideId>T000476</bioguideId>
          <lisID>2291</lisID>
          <gpoId />
        </identifiers>
        <party>R</party>
        <isOriginalCosponsor>False</isOriginalCosponsor>
        <middleName>Roland</middleName>
        <fullName>Sen. Tillis, Thom [R-NC]</fullName>
        <firstName>Thomas</firstName>
        <sponsorshipWithdrawnDate />
        <bioguideId>T000476</bioguideId>
        <state>NC</state>
        <sponsorshipDate>2018-02-28</sponsorshipDate>
      </item>
      <item>
        <lastName>Cortez Masto</lastName>
        <identifiers>
          <gpoId />
          <bioguideId>C001113</bioguideId>
          <lisID>2299</lisID>
        </identifiers>
        <party>D</party>
        <isOriginalCosponsor>False</isOriginalCosponsor>
        <middleName />
        <fullName>Sen. Cortez Masto, Catherine  [D-NV]</fullName>
        <firstName>Catherine</firstName>
        <sponsorshipWithdrawnDate />
        <bioguideId>C001113</bioguideId>
        <state>NV</state>
        <sponsorshipDate>2018-02-28</sponsorshipDate>
      </item>
    </cosponsors>
    <version>1.0.0</version>
    <amendments />
    <billNumber>292</billNumber>
    <cboCostEstimates />
    <originChamber>Senate</originChamber>
    <committees>
      <billCommittees>
        <item>
          <name>Health, Education, Labor, and Pensions Committee</name>
          <chamber>Senate</chamber>
          <activities>
            <item>
              <name>Markup by</name>
              <date>2018-02-28T15:00:04Z</date>
            </item>
            <item>
              <name>Referred to</name>
              <date>2017-02-02T19:45:28Z</date>
            </item>
          </activities>
          <subcommittees />
          <type>Standing</type>
          <systemCode>sshr00</systemCode>
        </item>
      </billCommittees>
    </committees>
    <calendarNumbers />
    <latestAction>
      <text>Committee on Health, Education, Labor, and Pensions. Ordered to be reported with an amendment in the nature of a substitute favorably.</text>
      <actionDate>2018-02-28</actionDate>
      <links />
    </latestAction>
    <summaries>
      <billSummaries>
        <item>
          <updateDate>2017-02-02T05:00:00Z</updateDate>
          <name>Introduced in Senate</name>
          <lastSummaryUpdateDate>2017-07-17T14:44:44Z</lastSummaryUpdateDate>
          <versionCode>00</versionCode>
          <text><![CDATA[<p><b>Childhood Cancer Survivorship, Treatment, Access, and Research Act of 2017 or the Childhood Cancer STAR Act</b> </p> <p>This bill amends the Public Health Service Act to authorize the National Institutes of Health (NIH) to provide support to collect the medical specimens and information of children, adolescents, and young adults with selected cancers that have the least effective treatments in order to achieve a better understanding of these cancers and the effects of treatment.</p> <p>The national childhood cancer registry is reauthorized through FY2022 and revised to authorize the Centers for Disease Control and Prevention to award grants to state cancer registries to improve tracking of childhood cancers.</p> <p>The Department of Health and Human Services (HHS) may: (1) support pilot programs to develop or study models for monitoring and caring for childhood cancer survivors throughout their lives, (2) establish a task force to develop and test standards for high-quality childhood cancer survivorship care, and (3) carry out a demonstration project to improve care coordination as childhood cancer survivors transition to adult care.</p> <p>HHS must convene a Workforce Development Collaborative on Medical and Psychosocial Care for Pediatric Cancer Survivors.</p> <p>The NIH may support research on: (1) outcomes for, and barriers faced by, pediatric cancer survivors within minority or medically underserved populations; and (2) follow-up care for pediatric cancer survivors, including research on the late effects of cancer treatment and long-term complications.</p> The Government Accountability Office must make recommendations to address barriers to childhood cancer survivors obtaining and paying for adequate medical care.]]></text>
          <actionDate>2017-02-02</actionDate>
          <actionDesc>Introduced in Senate</actionDesc>
        </item>
      </billSummaries>
    </summaries>
  </bill>
  <dublinCore xmlns:dc="http://purl.org/dc/elements/1.1/">
    <dc:format>text/xml</dc:format>
    <dc:language>EN</dc:language>
    <dc:rights>Pursuant to Title 17 Section 105 of the United States Code, this file is not subject to copyright protection and is in the public domain.</dc:rights>
    <dc:contributor>Congressional Research Service, Library of Congress</dc:contributor>
    <dc:description>This file contains bill summaries and statuses for federal legislation. A bill summary describes the most significant provisions of a piece of legislation and details the effects the legislative text may have on current law and federal programs. Bill summaries are authored by the Congressional Research Service (CRS) of the Library of Congress. As stated in Public Law 91-510 (2 USC 166 (d)(6)), one of the duties of CRS is "to prepare summaries and digests of bills and resolutions of a public general nature introduced in the Senate or House of Representatives". For more information, refer to the User Guide that accompanies this file.</dc:description>
  </dublinCore>
</billStatus>

