<?xml version="1.0" encoding="UTF-8"?>
<billStatus>
  <bill>
    <cosponsors>
      <item>
        <lastName>Lankford</lastName>
        <sponsorshipDate>2017-03-21</sponsorshipDate>
        <party>R</party>
        <state>OK</state>
        <bioguideId>L000575</bioguideId>
        <middleName />
        <sponsorshipWithdrawnDate />
        <fullName>Sen. Lankford, James [R-OK]</fullName>
        <firstName>James</firstName>
        <isOriginalCosponsor>True</isOriginalCosponsor>
        <identifiers>
          <lisID>2050</lisID>
          <bioguideId>L000575</bioguideId>
          <gpoId>8113</gpoId>
        </identifiers>
      </item>
    </cosponsors>
    <congress>115</congress>
    <committees>
      <billCommittees>
        <item>
          <systemCode>sshr00</systemCode>
          <name>Health, Education, Labor, and Pensions Committee</name>
          <type>Standing</type>
          <activities>
            <item>
              <name>Referred to</name>
              <date>2017-03-21T18:56:33Z</date>
            </item>
          </activities>
          <chamber>Senate</chamber>
          <subcommittees />
        </item>
      </billCommittees>
    </committees>
    <laws />
    <titles>
      <item>
        <titleType>(Extracted from GPO) Short Titles as Introduced</titleType>
        <title>National Adoption and Foster Care Home Study Act</title>
        <chamberCode />
        <parentTitleType />
        <chamberName />
      </item>
      <item>
        <titleType>Short Titles as Introduced</titleType>
        <title>National Adoption and Foster Care Home Study Act</title>
        <chamberCode />
        <parentTitleType />
        <chamberName />
      </item>
      <item>
        <titleType>Official Title as Introduced</titleType>
        <title>A bill to establish a national, research-based, and comprehensive home study assessment process for the evaluation of prospective foster parents and adoptive parents and provide funding to States and Indian tribes to adopt such process.</title>
        <chamberCode />
        <parentTitleType />
        <chamberName />
      </item>
      <item>
        <titleType>Display Title</titleType>
        <title>National Adoption and Foster Care Home Study Act</title>
        <chamberCode />
        <parentTitleType />
        <chamberName />
      </item>
    </titles>
    <billType>S</billType>
    <amendments />
    <recordedVotes />
    <actions>
      <item>
        <actionDate>2017-03-21</actionDate>
        <committee>
          <systemCode>sshr00</systemCode>
          <name>Health, Education, Labor, and Pensions Committee</name>
        </committee>
        <links />
        <sourceSystem>
          <name>Senate</name>
          <code>0</code>
        </sourceSystem>
        <text>Read twice and referred to the Committee on Health, Education, Labor, and Pensions.</text>
        <type>IntroReferral</type>
      </item>
      <item>
        <links />
        <actionDate>2017-03-21</actionDate>
        <type>IntroReferral</type>
        <text>Introduced in Senate</text>
        <actionCode>10000</actionCode>
        <sourceSystem>
          <name>Library of Congress</name>
          <code>9</code>
        </sourceSystem>
        <committee />
      </item>
      <actionByCounts>
        <senate>2</senate>
      </actionByCounts>
      <actionTypeCounts>
        <introducedInSenate>1</introducedInSenate>
        <referredToCommittee>1</referredToCommittee>
      </actionTypeCounts>
    </actions>
    <introducedDate>2017-03-21</introducedDate>
    <relatedBills>
      <item>
        <relationshipDetails>
          <item>
            <identifiedBy>CRS</identifiedBy>
            <type>Identical bill</type>
          </item>
        </relationshipDetails>
        <latestAction>
          <actionDate>2017-03-21</actionDate>
          <text>Referred to the House Committee on Education and the Workforce.</text>
        </latestAction>
        <type>HR</type>
        <number>1650</number>
        <latestTitle>National Adoption and Foster Care Home Study Act</latestTitle>
        <congress>115</congress>
      </item>
    </relatedBills>
    <committeeReports />
    <calendarNumbers />
    <billNumber>684</billNumber>
    <summaries>
      <billSummaries>
        <item>
          <text><![CDATA[<p><b>National Adoption and Foster Care Home Study Act</b></p> <p>This bill amends the Child Abuse Prevention and Treatment Act and Adoption Reform Act of 1978 to direct the Department of Health and Human Services (HHS) to establish a demonstration program through which each participating state or Indian tribe: (1) adopts the uniform, research-based home study methodology developed by HHS&nbsp;for the evaluation of prospective foster parents and adoptive parents; and (2) provides data gathered through operation of the program&nbsp;to HHS, as HHS may require for purposes of the national database established by this bill. </p>  <p>HHS shall: (1) &nbsp;make grants to states and Indian tribes to enable and encourage them to establish demonstration programs, (2) establish a secure national database of home study reports, and (3) contract with an independent entity to carry out a periodic evaluation of the home study methodology developed by HHS and the demonstration programs.</p>]]></text>
          <name>Introduced in Senate</name>
          <lastSummaryUpdateDate>2017-12-26T19:10:29Z</lastSummaryUpdateDate>
          <versionCode>00</versionCode>
          <actionDesc>Introduced in Senate</actionDesc>
          <updateDate>2017-03-21T04:00:00Z</updateDate>
          <actionDate>2017-03-21</actionDate>
        </item>
      </billSummaries>
    </summaries>
    <cboCostEstimates />
    <updateDate>2018-02-06T16:45:04Z</updateDate>
    <policyArea>
      <name>Families</name>
    </policyArea>
    <latestAction>
      <text>Read twice and referred to the Committee on Health, Education, Labor, and Pensions.</text>
      <actionDate>2017-03-21</actionDate>
      <links />
    </latestAction>
    <subjects>
      <billSubjects>
        <policyArea>
          <name>Families</name>
        </policyArea>
        <legislativeSubjects>
          <item>
            <name>Adoption and foster care</name>
          </item>
          <item>
            <name>Child safety and welfare</name>
          </item>
          <item>
            <name>Domestic violence and child abuse</name>
          </item>
          <item>
            <name>Government information and archives</name>
          </item>
          <item>
            <name>Government studies and investigations</name>
          </item>
          <item>
            <name>State and local government operations</name>
          </item>
        </legislativeSubjects>
      </billSubjects>
    </subjects>
    <title>National Adoption and Foster Care Home Study Act</title>
    <version>1.0.0</version>
    <sponsors>
      <item>
        <byRequestType />
        <party>D</party>
        <fullName>Sen. Gillibrand, Kirsten E. [D-NY]</fullName>
        <bioguideId>G000555</bioguideId>
        <state>NY</state>
        <lastName>Gillibrand</lastName>
        <middleName>E.</middleName>
        <firstName>Kirsten</firstName>
        <identifiers>
          <gpoId>8336</gpoId>
          <lisID>1866</lisID>
          <bioguideId>G000555</bioguideId>
        </identifiers>
      </item>
    </sponsors>
    <notes />
    <createDate>2017-03-22T05:45:19Z</createDate>
    <originChamber>Senate</originChamber>
  </bill>
  <dublinCore xmlns:dc="http://purl.org/dc/elements/1.1/">
    <dc:format>text/xml</dc:format>
    <dc:language>EN</dc:language>
    <dc:rights>Pursuant to Title 17 Section 105 of the United States Code, this file is not subject to copyright protection and is in the public domain.</dc:rights>
    <dc:contributor>Congressional Research Service, Library of Congress</dc:contributor>
    <dc:description>This file contains bill summaries and statuses for federal legislation. A bill summary describes the most significant provisions of a piece of legislation and details the effects the legislative text may have on current law and federal programs. Bill summaries are authored by the Congressional Research Service (CRS) of the Library of Congress. As stated in Public Law 91-510 (2 USC 166 (d)(6)), one of the duties of CRS is "to prepare summaries and digests of bills and resolutions of a public general nature introduced in the Senate or House of Representatives". For more information, refer to the User Guide that accompanies this file.</dc:description>
  </dublinCore>
</billStatus>

