<?xml version="1.0" encoding="UTF-8"?>
<billStatus>
  <bill>
    <sponsors>
      <item>
        <fullName>Sen. Wyden, Ron [D-OR]</fullName>
        <lastName>WYDEN</lastName>
        <bioguideId>W000779</bioguideId>
        <party>D</party>
        <middleName />
        <state>OR</state>
        <firstName>RON</firstName>
        <byRequestType />
        <identifiers>
          <lisID>1247</lisID>
          <bioguideId>W000779</bioguideId>
          <gpoId>8265</gpoId>
        </identifiers>
      </item>
    </sponsors>
    <laws />
    <version>1.0.0</version>
    <introducedDate>2017-05-03</introducedDate>
    <cboCostEstimates />
    <titles>
      <item>
        <chamberCode />
        <chamberName />
        <parentTitleType />
        <titleType>(Extracted from GPO) Short Titles as Introduced</titleType>
        <title>Marine Energy Act</title>
      </item>
      <item>
        <chamberCode />
        <chamberName />
        <parentTitleType />
        <titleType>Short Titles as Introduced</titleType>
        <title>Marine Energy Act</title>
      </item>
      <item>
        <chamberCode />
        <chamberName />
        <parentTitleType />
        <titleType>Official Title as Introduced</titleType>
        <title>A bill to promote research, development, and demonstration of marine and hydrokinetic renewable energy technologies, and for other purposes.</title>
      </item>
      <item>
        <chamberCode />
        <chamberName />
        <parentTitleType />
        <titleType>Display Title</titleType>
        <title>Marine Energy Act</title>
      </item>
    </titles>
    <amendments />
    <recordedVotes />
    <relatedBills />
    <congress>115</congress>
    <billType>S</billType>
    <actions>
      <actionByCounts>
        <senate>2</senate>
      </actionByCounts>
      <actionTypeCounts>
        <referredToCommittee>1</referredToCommittee>
        <introducedInSenate>1</introducedInSenate>
      </actionTypeCounts>
      <item>
        <actionDate>2017-05-03</actionDate>
        <committee>
          <systemCode>sseg00</systemCode>
          <name>Energy and Natural Resources Committee</name>
        </committee>
        <links />
        <sourceSystem>
          <name>Senate</name>
          <code>0</code>
        </sourceSystem>
        <text>Read twice and referred to the Committee on Energy and Natural Resources.</text>
        <type>IntroReferral</type>
      </item>
      <item>
        <actionDate>2017-05-03</actionDate>
        <text>Introduced in Senate</text>
        <sourceSystem>
          <name>Library of Congress</name>
          <code>9</code>
        </sourceSystem>
        <committee />
        <links />
        <actionCode>10000</actionCode>
        <type>IntroReferral</type>
      </item>
    </actions>
    <notes />
    <originChamber>Senate</originChamber>
    <title>Marine Energy Act</title>
    <billNumber>1036</billNumber>
    <cosponsors>
      <item>
        <lastName>King</lastName>
        <sponsorshipDate>2017-05-03</sponsorshipDate>
        <party>I</party>
        <state>ME</state>
        <bioguideId>K000383</bioguideId>
        <middleName />
        <sponsorshipWithdrawnDate />
        <fullName>Sen. King, Angus S., Jr. [I-ME]</fullName>
        <firstName>Angus</firstName>
        <isOriginalCosponsor>True</isOriginalCosponsor>
        <identifiers>
          <gpoId />
          <bioguideId>K000383</bioguideId>
          <lisID>2185</lisID>
        </identifiers>
      </item>
      <item>
        <lastName>Merkley</lastName>
        <sponsorshipDate>2017-05-03</sponsorshipDate>
        <party>D</party>
        <state>OR</state>
        <bioguideId>M001176</bioguideId>
        <middleName />
        <sponsorshipWithdrawnDate />
        <fullName>Sen. Merkley, Jeff [D-OR]</fullName>
        <firstName>Jeff</firstName>
        <isOriginalCosponsor>True</isOriginalCosponsor>
        <identifiers>
          <gpoId>8238</gpoId>
          <lisID>1900</lisID>
          <bioguideId>M001176</bioguideId>
        </identifiers>
      </item>
      <item>
        <lastName>Schatz</lastName>
        <sponsorshipDate>2017-05-03</sponsorshipDate>
        <party>D</party>
        <state>HI</state>
        <bioguideId>S001194</bioguideId>
        <middleName />
        <sponsorshipWithdrawnDate />
        <fullName>Sen. Schatz, Brian [D-HI]</fullName>
        <firstName>Brian</firstName>
        <isOriginalCosponsor>True</isOriginalCosponsor>
        <identifiers>
          <gpoId />
          <lisID>2173</lisID>
          <bioguideId>S001194</bioguideId>
        </identifiers>
      </item>
      <item>
        <lastName>Hirono</lastName>
        <sponsorshipDate>2017-05-03</sponsorshipDate>
        <party>D</party>
        <state>HI</state>
        <bioguideId>H001042</bioguideId>
        <middleName>K.</middleName>
        <sponsorshipWithdrawnDate />
        <fullName>Sen. Hirono, Mazie K. [D-HI]</fullName>
        <firstName>Mazie</firstName>
        <isOriginalCosponsor>True</isOriginalCosponsor>
        <identifiers>
          <lisID>1844</lisID>
          <bioguideId>H001042</bioguideId>
          <gpoId>7913</gpoId>
        </identifiers>
      </item>
    </cosponsors>
    <summaries>
      <billSummaries>
        <item>
          <text><![CDATA[<p><b>Marine Energy Act</b></p> <p>This bill amends the Energy Independence and Security Act of 2007 to revise and reauthorize through FY2022 the program of research, development, demonstration, and commercial application to accelerate the introduction of marine and hydrokinetic renewable energy production. The program must give priority to fostering accelerated research, development, and commercialization of technology.</p> <p>The meaning of "marine and hydrokinetic renewable energy&quot; is expanded to include all forms of energy, not just electricity, from: (1) waves, tides, and currents in oceans, estuaries, and tidal areas; (2) free flowing water in rivers, lakes, and streams; (3) free flowing water in man-made channels; and (4) differentials in ocean temperature (ocean thermal energy conversion).</p> <p>National Marine Renewable Energy Research, Development, and Demonstration Centers must support in-water testing and demonstration of marine and hydrokinetic renewable energy technologies, including facilities capable of testing: (1) marine and hydrokinetic renewable energy systems of various technology readiness levels and scales, (2) a variety of technologies in multiple test berths at a single location, and (3) arrays of technology devices. </p>]]></text>
          <versionCode>00</versionCode>
          <actionDate>2017-05-03</actionDate>
          <name>Introduced in Senate</name>
          <actionDesc>Introduced in Senate</actionDesc>
          <lastSummaryUpdateDate>2017-12-22T19:18:34Z</lastSummaryUpdateDate>
          <updateDate>2017-05-03T04:00:00Z</updateDate>
        </item>
      </billSummaries>
    </summaries>
    <policyArea>
      <name>Energy</name>
    </policyArea>
    <latestAction>
      <links />
      <actionDate>2017-05-03</actionDate>
      <text>Read twice and referred to the Committee on Energy and Natural Resources.</text>
    </latestAction>
    <updateDate>2018-02-06T16:45:20Z</updateDate>
    <committees>
      <billCommittees>
        <item>
          <subcommittees />
          <type>Standing</type>
          <systemCode>sseg00</systemCode>
          <activities>
            <item>
              <name>Referred to</name>
              <date>2017-05-03T22:42:58Z</date>
            </item>
          </activities>
          <name>Energy and Natural Resources Committee</name>
          <chamber>Senate</chamber>
        </item>
      </billCommittees>
    </committees>
    <createDate>2017-05-04T00:26:49Z</createDate>
    <subjects>
      <billSubjects>
        <policyArea>
          <name>Energy</name>
        </policyArea>
        <legislativeSubjects>
          <item>
            <name>Alternative and renewable resources</name>
          </item>
          <item>
            <name>Electric power generation and transmission</name>
          </item>
          <item>
            <name>Energy efficiency and conservation</name>
          </item>
          <item>
            <name>Energy research</name>
          </item>
          <item>
            <name>Energy storage, supplies, demand</name>
          </item>
          <item>
            <name>Environmental assessment, monitoring, research</name>
          </item>
          <item>
            <name>Environmental technology</name>
          </item>
          <item>
            <name>Marine and coastal resources, fisheries</name>
          </item>
          <item>
            <name>Research and development</name>
          </item>
          <item>
            <name>Technology transfer and commercialization</name>
          </item>
        </legislativeSubjects>
      </billSubjects>
    </subjects>
    <committeeReports />
    <calendarNumbers />
  </bill>
  <dublinCore xmlns:dc="http://purl.org/dc/elements/1.1/">
    <dc:format>text/xml</dc:format>
    <dc:language>EN</dc:language>
    <dc:rights>Pursuant to Title 17 Section 105 of the United States Code, this file is not subject to copyright protection and is in the public domain.</dc:rights>
    <dc:contributor>Congressional Research Service, Library of Congress</dc:contributor>
    <dc:description>This file contains bill summaries and statuses for federal legislation. A bill summary describes the most significant provisions of a piece of legislation and details the effects the legislative text may have on current law and federal programs. Bill summaries are authored by the Congressional Research Service (CRS) of the Library of Congress. As stated in Public Law 91-510 (2 USC 166 (d)(6)), one of the duties of CRS is "to prepare summaries and digests of bills and resolutions of a public general nature introduced in the Senate or House of Representatives". For more information, refer to the User Guide that accompanies this file.</dc:description>
  </dublinCore>
</billStatus>

