<?xml version="1.0" encoding="UTF-8"?>
<billStatus>
  <bill>
    <sponsors>
      <item>
        <fullName>Sen. Perdue, David [R-GA]</fullName>
        <lastName>Perdue</lastName>
        <bioguideId>P000612</bioguideId>
        <party>R</party>
        <middleName>Alfred</middleName>
        <state>GA</state>
        <firstName>David</firstName>
        <byRequestType />
        <identifiers>
          <bioguideId>P000612</bioguideId>
          <lisID>2286</lisID>
          <gpoId />
        </identifiers>
      </item>
    </sponsors>
    <laws />
    <version>1.0.0</version>
    <introducedDate>2017-03-29</introducedDate>
    <cboCostEstimates />
    <titles>
      <item>
        <chamberName>Senate</chamberName>
        <parentTitleType>Short Titles Senate</parentTitleType>
        <chamberCode>S</chamberCode>
        <titleType>Short Titles as Passed Senate</titleType>
        <title>Private Corrado Piccoli Purple Heart Preservation Act</title>
      </item>
      <item>
        <chamberName />
        <parentTitleType />
        <chamberCode />
        <titleType>Short Titles as Introduced</titleType>
        <title>Private Corrado Piccoli Purple Heart Preservation Act</title>
      </item>
      <item>
        <chamberName />
        <parentTitleType />
        <chamberCode />
        <titleType>Official Title as Introduced</titleType>
        <title>A bill to amend title 18, United States Code, to provide for penalties for the sale of any Purple Heart awarded to a member of the Armed Forces.</title>
      </item>
      <item>
        <chamberName />
        <parentTitleType />
        <chamberCode />
        <titleType>Display Title</titleType>
        <title>Private Corrado Piccoli Purple Heart Preservation Act</title>
      </item>
      <item>
        <chamberName>Senate</chamberName>
        <parentTitleType />
        <chamberCode>S</chamberCode>
        <titleType>(Extracted from GPO) Short Titles as Passed Senate</titleType>
        <title>Private Corrado Piccoli Purple Heart Preservation Act</title>
      </item>
      <item>
        <chamberName />
        <parentTitleType />
        <chamberCode />
        <titleType>(Extracted from GPO) Short Titles as Introduced</titleType>
        <title>Private Corrado Piccoli Purple Heart Preservation Act</title>
      </item>
    </titles>
    <amendments>
      <amendment>
        <number>767</number>
        <purpose>In the nature of a substitute.</purpose>
        <congress>115</congress>
        <description />
        <submittedDate>2017-08-03T04:00:00Z</submittedDate>
        <cosponsors>
          <currentCount>0</currentCount>
          <totalCount>0</totalCount>
        </cosponsors>
        <amendedBill>
          <originChamber>Senate</originChamber>
          <number>765</number>
          <type>S</type>
          <congress>115</congress>
          <title>Private Corrado Piccoli Purple Heart Preservation Act</title>
          <originChamberCode>S</originChamberCode>
        </amendedBill>
        <type>SAMDT</type>
        <createDate>2017-08-04T13:57:17Z</createDate>
        <notes />
        <amendedAmendment />
        <purpose>In the nature of a substitute.</purpose>
        <chamber>Senate</chamber>
        <links />
        <version>1.0.0</version>
        <updateDate>2018-02-06T16:45:08Z</updateDate>
        <amendments>
          <count>0</count>
        </amendments>
        <number>767</number>
        <actions>
          <actions>
            <item>
              <actionDate>2017-08-03</actionDate>
              <committee />
              <links>
                <link>
                  <url>https://www.congress.gov/amendment/115th-congress/senate-amendment/767</url>
                  <name>S.Amdt.767</name>
                </link>
                <link>
                  <url>https://www.congress.gov/amendment/115th-congress/senate-amendment/767</url>
                  <name>SA 767</name>
                </link>
              </links>
              <sourceSystem>
                <code>0</code>
                <name>Senate</name>
              </sourceSystem>
              <text>Amendment SA 767 agreed to in Senate by Unanimous Consent.</text>
              <type>Floor</type>
            </item>
            <item>
              <actionDate>2017-08-03</actionDate>
              <committee />
              <links>
                <link>
                  <url>https://www.congress.gov/amendment/115th-congress/senate-amendment/767</url>
                  <name>S.Amdt.767</name>
                </link>
                <link>
                  <url>https://www.congress.gov/congressional-record/volume-163/senate-section/page/S4806</url>
                  <name>S4806</name>
                </link>
                <link>
                  <url>https://www.congress.gov/amendment/115th-congress/senate-amendment/767</url>
                  <name>SA 767</name>
                </link>
              </links>
              <sourceSystem>
                <code>0</code>
                <name>Senate</name>
              </sourceSystem>
              <text>Amendment SA 767 proposed by Senator Perdue. (consideration: CR S4806; text: CR S4806) In the nature of a substitute.</text>
              <type>Floor</type>
            </item>
            <item>
              <actionDate>2017-08-03</actionDate>
              <committee />
              <links />
              <text />
            </item>
            <item>
              <committee />
              <sourceSystem>
                <code>9</code>
                <name>Library of Congress</name>
              </sourceSystem>
              <actionDate>2017-08-03</actionDate>
              <text>Senate amendment agreed to: Amendment SA 767 agreed to in Senate by Unanimous Consent.</text>
              <links>
                <link>
                  <url>https://www.congress.gov/amendment/115th-congress/senate-amendment/767</url>
                  <name>S.Amdt.767</name>
                </link>
                <link>
                  <url>https://www.congress.gov/amendment/115th-congress/senate-amendment/767</url>
                  <name>SA 767</name>
                </link>
              </links>
              <type>Floor</type>
              <actionCode>94000</actionCode>
            </item>
            <item>
              <committee />
              <sourceSystem>
                <code>9</code>
                <name>Library of Congress</name>
              </sourceSystem>
              <actionDate>2017-08-03</actionDate>
              <text>Senate amendment proposed (on the floor): Amendment SA 767 proposed by Senator Perdue.(consideration: CR S4806; text: CR S4806)</text>
              <links>
                <link>
                  <url>https://www.congress.gov/amendment/115th-congress/senate-amendment/767</url>
                  <name>S.Amdt.767</name>
                </link>
                <link>
                  <url>https://www.congress.gov/congressional-record/volume-163/senate-section/page/S4806</url>
                  <name>S4806</name>
                </link>
                <link>
                  <url>https://www.congress.gov/amendment/115th-congress/senate-amendment/767</url>
                  <name>SA 767</name>
                </link>
              </links>
              <type>Floor</type>
              <actionCode>93000</actionCode>
            </item>
            <item>
              <committee />
              <sourceSystem>
                <code>9</code>
                <name>Library of Congress</name>
              </sourceSystem>
              <actionDate>2017-08-03</actionDate>
              <text>Senate amendment submitted</text>
              <links />
              <type>Floor</type>
              <actionCode>91000</actionCode>
            </item>
          </actions>
          <actionByCounts>
            <senate>5</senate>
          </actionByCounts>
          <actionTypeCounts>
            <amendmentProposed>1</amendmentProposed>
            <senateAmendmentAgreedTo>1</senateAmendmentAgreedTo>
            <senateAmendmentSubmitted>1</senateAmendmentSubmitted>
            <amendmentAgreedTo>1</amendmentAgreedTo>
            <senateAmendmentProposedOnTheFloor>1</senateAmendmentProposedOnTheFloor>
          </actionTypeCounts>
          <count>6</count>
        </actions>
        <proposedDate>2017-08-03T04:00:00Z</proposedDate>
        <titles />
        <sponsors>
          <item>
            <bioguideId>P000612</bioguideId>
            <middleName>Alfred</middleName>
            <firstName>David</firstName>
            <lastName>Perdue</lastName>
            <state>GA</state>
            <party>R</party>
            <identifiers>
              <bioguideId>P000612</bioguideId>
              <lisID>2286</lisID>
              <gpoId />
            </identifiers>
            <fullName>Sen. Perdue, David [R-GA]</fullName>
          </item>
        </sponsors>
        <type>SAMDT</type>
        <latestAction>
          <text>Amendment SA 767 agreed to in Senate by Unanimous Consent.</text>
          <actionDate>2017-08-03</actionDate>
        </latestAction>
        <congress>115</congress>
        <description />
      </amendment>
    </amendments>
    <recordedVotes />
    <relatedBills>
      <item>
        <congress>115</congress>
        <latestTitle>Private Corrado Piccoli Purple Heart Preservation Act</latestTitle>
        <number>544</number>
        <type>HR</type>
        <latestAction>
          <text>Referred to the Subcommittee on Crime, Terrorism, Homeland Security, and Investigations.</text>
          <actionDate>2017-02-08</actionDate>
        </latestAction>
        <relationshipDetails>
          <item>
            <type>Related bill</type>
            <identifiedBy>CRS</identifiedBy>
          </item>
        </relationshipDetails>
      </item>
    </relatedBills>
    <congress>115</congress>
    <billType>S</billType>
    <actions>
      <actionTypeCounts>
        <passedSenate>1</passedSenate>
        <referredToCommittee>1</referredToCommittee>
        <passedAgreedToInSenate>1</passedAgreedToInSenate>
        <senateCommitteeDischarged>1</senateCommitteeDischarged>
        <placeholderTextForH>1</placeholderTextForH>
        <committeeDischarged>1</committeeDischarged>
        <sentToHouse>1</sentToHouse>
        <billReferrals>1</billReferrals>
        <measureLaidBeforeSenate>1</measureLaidBeforeSenate>
        <receivedInTheHouse>1</receivedInTheHouse>
        <introducedInSenate>1</introducedInSenate>
      </actionTypeCounts>
      <item>
        <actionDate>2017-08-23</actionDate>
        <committee>
          <systemCode>hsju08</systemCode>
          <name>Crime, Terrorism, Homeland Security, and Investigations Subcommittee</name>
        </committee>
        <links />
        <sourceSystem>
          <code>1</code>
          <name>House committee actions</name>
        </sourceSystem>
        <text>Referred to the Subcommittee on Crime, Terrorism, Homeland Security, and Investigations.</text>
        <type>Committee</type>
      </item>
      <item>
        <type>IntroReferral</type>
        <text>Referred to the House Committee on the Judiciary.</text>
        <links />
        <committee>
          <systemCode>hsju00</systemCode>
          <name>Judiciary Committee</name>
        </committee>
        <sourceSystem>
          <code>2</code>
          <name>House floor actions</name>
        </sourceSystem>
        <actionDate>2017-08-04</actionDate>
        <actionCode>H11100</actionCode>
      </item>
      <item>
        <type>Floor</type>
        <text>Received in the House.</text>
        <links />
        <committee />
        <actionTime>13:06:22</actionTime>
        <sourceSystem>
          <code>2</code>
          <name>House floor actions</name>
        </sourceSystem>
        <actionDate>2017-08-04</actionDate>
        <actionCode>H14000</actionCode>
      </item>
      <item>
        <actionDate>2017-08-03</actionDate>
        <committee />
        <links />
        <sourceSystem>
          <code>0</code>
          <name>Senate</name>
        </sourceSystem>
        <text>Message on Senate action sent to the House.</text>
        <type>Floor</type>
      </item>
      <item>
        <actionDate>2017-08-03</actionDate>
        <committee />
        <links />
        <sourceSystem>
          <code>0</code>
          <name>Senate</name>
        </sourceSystem>
        <text>Passed Senate with an amendment by Unanimous Consent.</text>
        <type>Floor</type>
      </item>
      <item>
        <type>Floor</type>
        <text>Passed/agreed to in Senate: Passed Senate with an amendment by Unanimous Consent.</text>
        <links />
        <committee />
        <sourceSystem>
          <code>9</code>
          <name>Library of Congress</name>
        </sourceSystem>
        <actionDate>2017-08-03</actionDate>
        <actionCode>17000</actionCode>
      </item>
      <item>
        <actionDate>2017-08-03</actionDate>
        <committee />
        <links>
          <link>
            <name>S4806</name>
            <url>https://www.congress.gov/congressional-record/volume-163/senate-section/page/S4806</url>
          </link>
        </links>
        <sourceSystem>
          <code>0</code>
          <name>Senate</name>
        </sourceSystem>
        <text>Measure laid before Senate by unanimous consent. (consideration: CR S4806)</text>
        <type>Floor</type>
      </item>
      <item>
        <actionDate>2017-08-03</actionDate>
        <committee>
          <systemCode>ssju00</systemCode>
          <name>Judiciary Committee</name>
        </committee>
        <links />
        <sourceSystem>
          <code>0</code>
          <name>Senate</name>
        </sourceSystem>
        <text>Senate Committee on the Judiciary discharged by Unanimous Consent.</text>
        <type>Discharge</type>
      </item>
      <item>
        <type>Committee</type>
        <text>Senate Committee on the Judiciary discharged by Unanimous Consent.</text>
        <links />
        <committee>
          <systemCode>ssju00</systemCode>
          <name>Judiciary Committee</name>
        </committee>
        <sourceSystem>
          <code>9</code>
          <name>Library of Congress</name>
        </sourceSystem>
        <actionDate>2017-08-03</actionDate>
        <actionCode>14500</actionCode>
      </item>
      <item>
        <actionDate>2017-03-29</actionDate>
        <committee>
          <systemCode>ssju00</systemCode>
          <name>Judiciary Committee</name>
        </committee>
        <links />
        <sourceSystem>
          <code>0</code>
          <name>Senate</name>
        </sourceSystem>
        <text>Read twice and referred to the Committee on the Judiciary.</text>
        <type>IntroReferral</type>
      </item>
      <item>
        <type>IntroReferral</type>
        <text>Introduced in Senate</text>
        <links />
        <committee />
        <sourceSystem>
          <code>9</code>
          <name>Library of Congress</name>
        </sourceSystem>
        <actionDate>2017-03-29</actionDate>
        <actionCode>10000</actionCode>
      </item>
      <actionByCounts>
        <houseOfRepresentatives>3</houseOfRepresentatives>
        <senate>8</senate>
      </actionByCounts>
    </actions>
    <notes />
    <originChamber>Senate</originChamber>
    <title>Private Corrado Piccoli Purple Heart Preservation Act</title>
    <billNumber>765</billNumber>
    <cosponsors>
      <item>
        <lastName>CAPITO</lastName>
        <sponsorshipDate>2017-05-09</sponsorshipDate>
        <party>R</party>
        <state>WV</state>
        <bioguideId>C001047</bioguideId>
        <middleName>MOORE</middleName>
        <sponsorshipWithdrawnDate />
        <fullName>Sen. Capito, Shelley Moore [R-WV]</fullName>
        <firstName>SHELLEY</firstName>
        <isOriginalCosponsor>False</isOriginalCosponsor>
        <identifiers>
          <lisID>1676</lisID>
          <gpoId>8223</gpoId>
          <bioguideId>C001047</bioguideId>
        </identifiers>
      </item>
      <item>
        <lastName>COLLINS</lastName>
        <sponsorshipDate>2017-05-17</sponsorshipDate>
        <party>R</party>
        <state>ME</state>
        <bioguideId>C001035</bioguideId>
        <middleName>MARGARET</middleName>
        <sponsorshipWithdrawnDate />
        <fullName>Sen. Collins, Susan M. [R-ME]</fullName>
        <firstName>SUSAN</firstName>
        <isOriginalCosponsor>False</isOriginalCosponsor>
        <identifiers>
          <lisID>1541</lisID>
          <bioguideId>C001035</bioguideId>
          <gpoId>8291</gpoId>
        </identifiers>
      </item>
      <item>
        <lastName>UDALL</lastName>
        <sponsorshipDate>2017-05-18</sponsorshipDate>
        <party>D</party>
        <state>NM</state>
        <bioguideId>U000039</bioguideId>
        <middleName />
        <sponsorshipWithdrawnDate />
        <fullName>Sen. Udall, Tom [D-NM]</fullName>
        <firstName>TOM</firstName>
        <isOriginalCosponsor>False</isOriginalCosponsor>
        <identifiers>
          <bioguideId>U000039</bioguideId>
          <lisID>1567</lisID>
          <gpoId>8260</gpoId>
        </identifiers>
      </item>
      <item>
        <lastName>Strange</lastName>
        <sponsorshipDate>2017-05-24</sponsorshipDate>
        <party>R</party>
        <state>AL</state>
        <bioguideId>S001202</bioguideId>
        <middleName />
        <sponsorshipWithdrawnDate />
        <fullName>Sen. Strange, Luther [R-AL]</fullName>
        <firstName>Luther</firstName>
        <isOriginalCosponsor>False</isOriginalCosponsor>
        <identifiers>
          <bioguideId>S001202</bioguideId>
          <lisID>2357</lisID>
          <gpoId />
        </identifiers>
      </item>
      <item>
        <lastName>LEAHY</lastName>
        <sponsorshipDate>2017-06-26</sponsorshipDate>
        <party>D</party>
        <state>VT</state>
        <bioguideId>L000174</bioguideId>
        <middleName>JOSEPH</middleName>
        <sponsorshipWithdrawnDate />
        <fullName>Sen. Leahy, Patrick J. [D-VT]</fullName>
        <firstName>PATRICK</firstName>
        <isOriginalCosponsor>False</isOriginalCosponsor>
        <identifiers>
          <lisID>1383</lisID>
          <bioguideId>L000174</bioguideId>
          <gpoId>8244</gpoId>
        </identifiers>
      </item>
    </cosponsors>
    <summaries>
      <billSummaries>
        <item>
          <updateDate>2017-03-29T04:00:00Z</updateDate>
          <actionDesc>Introduced in Senate</actionDesc>
          <versionCode>00</versionCode>
          <name>Introduced in Senate</name>
          <text><![CDATA[<p><strong>Private Corrado Piccoli Purple Heart Preservation Act</strong></p> <p>This bill provides that regulations restricting the purchase, production, sale, or exchange of military medals or decorations may not authorize the sale of a Purple Heart awarded to a member of the Armed Forces, unless the sale is conducted by the member to whom the Purple Heart was awarded.</p>]]></text>
          <lastSummaryUpdateDate>2017-04-08T15:16:54Z</lastSummaryUpdateDate>
          <actionDate>2017-03-29</actionDate>
        </item>
      </billSummaries>
    </summaries>
    <policyArea>
      <name>Crime and Law Enforcement</name>
    </policyArea>
    <latestAction>
      <links />
      <actionDate>2017-08-23</actionDate>
      <text>Referred to the Subcommittee on Crime, Terrorism, Homeland Security, and Investigations.</text>
    </latestAction>
    <updateDate>2018-02-06T16:45:08Z</updateDate>
    <committees>
      <billCommittees>
        <item>
          <systemCode>hsju00</systemCode>
          <chamber>House</chamber>
          <type>Standing</type>
          <activities>
            <item>
              <name>Referred to</name>
              <date>2017-08-04T18:45:43Z</date>
            </item>
          </activities>
          <name>Judiciary Committee</name>
          <subcommittees>
            <item>
              <systemCode>hsju08</systemCode>
              <name>Crime, Terrorism, Homeland Security, and Investigations Subcommittee</name>
              <activities>
                <item>
                  <name>Referred to</name>
                  <date>2017-08-23T18:56:47Z</date>
                </item>
              </activities>
            </item>
          </subcommittees>
        </item>
        <item>
          <systemCode>ssju00</systemCode>
          <chamber>Senate</chamber>
          <type>Standing</type>
          <activities>
            <item>
              <name>Discharged from</name>
              <date>2017-08-03T19:43:48Z</date>
            </item>
            <item>
              <name>Referred to</name>
              <date>2017-03-29T20:31:27Z</date>
            </item>
          </activities>
          <name>Judiciary Committee</name>
          <subcommittees />
        </item>
      </billCommittees>
    </committees>
    <createDate>2017-03-30T04:33:14Z</createDate>
    <subjects>
      <billSubjects>
        <legislativeSubjects>
          <item>
            <name>Administrative law and regulatory procedures</name>
          </item>
          <item>
            <name>Conflicts and wars</name>
          </item>
          <item>
            <name>Marketing and advertising</name>
          </item>
          <item>
            <name>Military personnel and dependents</name>
          </item>
          <item>
            <name>Retail and wholesale trades</name>
          </item>
        </legislativeSubjects>
        <policyArea>
          <name>Crime and Law Enforcement</name>
        </policyArea>
      </billSubjects>
    </subjects>
    <committeeReports />
    <calendarNumbers />
  </bill>
  <dublinCore xmlns:dc="http://purl.org/dc/elements/1.1/">
    <dc:format>text/xml</dc:format>
    <dc:language>EN</dc:language>
    <dc:rights>Pursuant to Title 17 Section 105 of the United States Code, this file is not subject to copyright protection and is in the public domain.</dc:rights>
    <dc:contributor>Congressional Research Service, Library of Congress</dc:contributor>
    <dc:description>This file contains bill summaries and statuses for federal legislation. A bill summary describes the most significant provisions of a piece of legislation and details the effects the legislative text may have on current law and federal programs. Bill summaries are authored by the Congressional Research Service (CRS) of the Library of Congress. As stated in Public Law 91-510 (2 USC 166 (d)(6)), one of the duties of CRS is "to prepare summaries and digests of bills and resolutions of a public general nature introduced in the Senate or House of Representatives". For more information, refer to the User Guide that accompanies this file.</dc:description>
  </dublinCore>
</billStatus>

