<?xml version="1.0" encoding="UTF-8"?>
<billStatus>
  <bill>
    <createDate>2017-03-01T05:20:57Z</createDate>
    <introducedDate>2017-02-28</introducedDate>
    <congress>115</congress>
    <latestAction>
      <actionDate>2017-02-28</actionDate>
      <links />
      <text>Read twice and referred to the Committee on Finance.</text>
    </latestAction>
    <originChamber>Senate</originChamber>
    <billNumber>464</billNumber>
    <sponsors>
      <item>
        <state>MA</state>
        <identifiers>
          <lisID>735</lisID>
          <bioguideId>M000133</bioguideId>
          <gpoId>7972</gpoId>
        </identifiers>
        <bioguideId>M000133</bioguideId>
        <lastName>MARKEY</lastName>
        <fullName>Sen. Markey, Edward J. [D-MA]</fullName>
        <firstName>EDWARD</firstName>
        <party>D</party>
        <middleName>J.</middleName>
        <byRequestType />
      </item>
    </sponsors>
    <title>Independence at Home Act of 2017</title>
    <relatedBills />
    <titles>
      <item>
        <parentTitleType />
        <chamberCode />
        <titleType>(Extracted from GPO) Short Titles as Introduced</titleType>
        <chamberName />
        <title>Independence at Home Act of 2017</title>
      </item>
      <item>
        <parentTitleType />
        <chamberCode />
        <titleType>Short Titles as Introduced</titleType>
        <chamberName />
        <title>Independence at Home Act of 2017</title>
      </item>
      <item>
        <parentTitleType />
        <chamberCode />
        <titleType>Official Title as Introduced</titleType>
        <chamberName />
        <title>A bill to amend title XVIII of the Social Security Act to provide for a permanent Independence at Home medical practice program under the Medicare program.</title>
      </item>
      <item>
        <parentTitleType />
        <chamberCode />
        <titleType>Display Title</titleType>
        <chamberName />
        <title>Independence at Home Act of 2017</title>
      </item>
    </titles>
    <billType>S</billType>
    <summaries>
      <billSummaries>
        <item>
          <text><![CDATA[<p><strong>Independence at Home Act of 2017</strong></p> <p>This bill amends title XVIII (Medicare) of the Social Security Act to establish a permanent Independence at Home Medical Practice Program, under which a primary care&nbsp;practice&nbsp;shall be accountable for: (1)&nbsp;providing comprehensive, coordinated, continuous, and accessible care to applicable Medicare beneficiaries at home; and (2) coordinating health care across all treatment settings.</p> <p>Subject to meeting specified quality performance standards, a participating practice&nbsp;is eligible to&nbsp;receive an incentive payment under the program if actual expenditures for applicable beneficiaries are less than&nbsp;the estimated spending target established by the Centers for Medicare &amp; Medicaid Services (CMS).</p> <p>CMS shall terminate a program&nbsp;agreement with a participating practice if the practice: (1)&nbsp;for the third of three consecutive years under the program, will not receive an incentive payment; or (2) fails to meet a minimum number of quality performance standards established by CMS.</p> <p>The bill extends the existing Independence at Home Medical Practice Demonstration Program pending implementation of the permanent program. In addition, the bill&nbsp;removes the limit on the number of beneficiaries that may participate in the demonstration program.</p>]]></text>
          <actionDate>2017-02-28</actionDate>
          <updateDate>2017-02-28T05:00:00Z</updateDate>
          <lastSummaryUpdateDate>2017-04-12T18:29:06Z</lastSummaryUpdateDate>
          <name>Introduced in Senate</name>
          <actionDesc>Introduced in Senate</actionDesc>
          <versionCode>00</versionCode>
        </item>
      </billSummaries>
    </summaries>
    <committeeReports />
    <laws />
    <subjects>
      <billSubjects>
        <legislativeSubjects>
          <item>
            <name>Health care quality</name>
          </item>
          <item>
            <name>Home and outpatient care</name>
          </item>
          <item>
            <name>Medicare</name>
          </item>
        </legislativeSubjects>
        <policyArea>
          <name>Health</name>
        </policyArea>
      </billSubjects>
    </subjects>
    <committees>
      <billCommittees>
        <item>
          <type>Standing</type>
          <systemCode>ssfi00</systemCode>
          <subcommittees />
          <activities>
            <item>
              <date>2017-02-28T16:08:45Z</date>
              <name>Referred to</name>
            </item>
          </activities>
          <chamber>Senate</chamber>
          <name>Finance Committee</name>
        </item>
      </billCommittees>
    </committees>
    <version>1.0.0</version>
    <recordedVotes />
    <updateDate>2018-02-06T16:44:50Z</updateDate>
    <calendarNumbers />
    <cboCostEstimates />
    <actions>
      <actionTypeCounts>
        <referredToCommittee>1</referredToCommittee>
        <introducedInSenate>1</introducedInSenate>
      </actionTypeCounts>
      <item>
        <actionDate>2017-02-28</actionDate>
        <committee>
          <systemCode>ssfi00</systemCode>
          <name>Finance Committee</name>
        </committee>
        <links />
        <sourceSystem>
          <name>Senate</name>
          <code>0</code>
        </sourceSystem>
        <text>Read twice and referred to the Committee on Finance.</text>
        <type>IntroReferral</type>
      </item>
      <item>
        <text>Introduced in Senate</text>
        <links />
        <actionDate>2017-02-28</actionDate>
        <committee />
        <sourceSystem>
          <name>Library of Congress</name>
          <code>9</code>
        </sourceSystem>
        <type>IntroReferral</type>
        <actionCode>10000</actionCode>
      </item>
      <actionByCounts>
        <senate>2</senate>
      </actionByCounts>
    </actions>
    <amendments />
    <notes />
    <policyArea>
      <name>Health</name>
    </policyArea>
    <cosponsors>
      <item>
        <party>R</party>
        <bioguideId>P000449</bioguideId>
        <isOriginalCosponsor>True</isOriginalCosponsor>
        <firstName>ROB</firstName>
        <middleName />
        <sponsorshipWithdrawnDate />
        <sponsorshipDate>2017-02-28</sponsorshipDate>
        <fullName>Sen. Portman, Rob [R-OH]</fullName>
        <identifiers>
          <bioguideId>P000449</bioguideId>
          <lisID>924</lisID>
          <gpoId>8266</gpoId>
        </identifiers>
        <lastName>PORTMAN</lastName>
        <state>OH</state>
      </item>
      <item>
        <party>D</party>
        <bioguideId>B001267</bioguideId>
        <isOriginalCosponsor>True</isOriginalCosponsor>
        <firstName>Michael</firstName>
        <middleName>F.</middleName>
        <sponsorshipWithdrawnDate />
        <sponsorshipDate>2017-02-28</sponsorshipDate>
        <fullName>Sen. Bennet, Michael F. [D-CO]</fullName>
        <identifiers>
          <lisID>1965</lisID>
          <bioguideId>B001267</bioguideId>
          <gpoId>8302</gpoId>
        </identifiers>
        <lastName>Bennet</lastName>
        <state>CO</state>
      </item>
      <item>
        <party>R</party>
        <bioguideId>C001056</bioguideId>
        <isOriginalCosponsor>True</isOriginalCosponsor>
        <firstName>John</firstName>
        <middleName />
        <sponsorshipWithdrawnDate />
        <sponsorshipDate>2017-02-28</sponsorshipDate>
        <fullName>Sen. Cornyn, John [R-TX]</fullName>
        <identifiers>
          <lisID>1692</lisID>
          <bioguideId>C001056</bioguideId>
          <gpoId>8295</gpoId>
        </identifiers>
        <lastName>Cornyn</lastName>
        <state>TX</state>
      </item>
      <item>
        <party>I</party>
        <bioguideId>K000383</bioguideId>
        <isOriginalCosponsor>False</isOriginalCosponsor>
        <firstName>Angus</firstName>
        <middleName />
        <sponsorshipWithdrawnDate />
        <sponsorshipDate>2017-03-21</sponsorshipDate>
        <fullName>Sen. King, Angus S., Jr. [I-ME]</fullName>
        <identifiers>
          <lisID>2185</lisID>
          <gpoId />
          <bioguideId>K000383</bioguideId>
        </identifiers>
        <lastName>King</lastName>
        <state>ME</state>
      </item>
      <item>
        <party>D</party>
        <bioguideId>B000944</bioguideId>
        <isOriginalCosponsor>False</isOriginalCosponsor>
        <firstName>SHERROD</firstName>
        <middleName />
        <sponsorshipWithdrawnDate />
        <sponsorshipDate>2017-03-21</sponsorshipDate>
        <fullName>Sen. Brown, Sherrod [D-OH]</fullName>
        <identifiers>
          <lisID>136</lisID>
          <gpoId>8309</gpoId>
          <bioguideId>B000944</bioguideId>
        </identifiers>
        <lastName>BROWN</lastName>
        <state>OH</state>
      </item>
      <item>
        <party>R</party>
        <bioguideId>C001075</bioguideId>
        <isOriginalCosponsor>False</isOriginalCosponsor>
        <firstName>Bill</firstName>
        <middleName />
        <sponsorshipWithdrawnDate />
        <sponsorshipDate>2017-03-30</sponsorshipDate>
        <fullName>Sen. Cassidy, Bill [R-LA]</fullName>
        <identifiers>
          <bioguideId>C001075</bioguideId>
          <lisID>1925</lisID>
          <gpoId>7964</gpoId>
        </identifiers>
        <lastName>Cassidy</lastName>
        <state>LA</state>
      </item>
      <item>
        <party>D</party>
        <bioguideId>G000555</bioguideId>
        <isOriginalCosponsor>False</isOriginalCosponsor>
        <firstName>Kirsten</firstName>
        <middleName>E.</middleName>
        <sponsorshipWithdrawnDate />
        <sponsorshipDate>2017-03-30</sponsorshipDate>
        <fullName>Sen. Gillibrand, Kirsten E. [D-NY]</fullName>
        <identifiers>
          <gpoId>8336</gpoId>
          <lisID>1866</lisID>
          <bioguideId>G000555</bioguideId>
        </identifiers>
        <lastName>Gillibrand</lastName>
        <state>NY</state>
      </item>
      <item>
        <party>D</party>
        <bioguideId>K000367</bioguideId>
        <isOriginalCosponsor>False</isOriginalCosponsor>
        <firstName>Amy</firstName>
        <middleName />
        <sponsorshipWithdrawnDate />
        <sponsorshipDate>2017-09-14</sponsorshipDate>
        <fullName>Sen. Klobuchar, Amy [D-MN]</fullName>
        <identifiers>
          <gpoId>8249</gpoId>
          <bioguideId>K000367</bioguideId>
          <lisID>1826</lisID>
        </identifiers>
        <lastName>Klobuchar</lastName>
        <state>MN</state>
      </item>
      <item>
        <party>D</party>
        <bioguideId>W000817</bioguideId>
        <isOriginalCosponsor>False</isOriginalCosponsor>
        <firstName>Elizabeth</firstName>
        <middleName>A.</middleName>
        <sponsorshipWithdrawnDate />
        <sponsorshipDate>2017-09-14</sponsorshipDate>
        <fullName>Sen. Warren, Elizabeth [D-MA]</fullName>
        <identifiers>
          <lisID>2182</lisID>
          <gpoId />
          <bioguideId>W000817</bioguideId>
        </identifiers>
        <lastName>Warren</lastName>
        <state>MA</state>
      </item>
    </cosponsors>
  </bill>
  <dublinCore xmlns:dc="http://purl.org/dc/elements/1.1/">
    <dc:format>text/xml</dc:format>
    <dc:language>EN</dc:language>
    <dc:rights>Pursuant to Title 17 Section 105 of the United States Code, this file is not subject to copyright protection and is in the public domain.</dc:rights>
    <dc:contributor>Congressional Research Service, Library of Congress</dc:contributor>
    <dc:description>This file contains bill summaries and statuses for federal legislation. A bill summary describes the most significant provisions of a piece of legislation and details the effects the legislative text may have on current law and federal programs. Bill summaries are authored by the Congressional Research Service (CRS) of the Library of Congress. As stated in Public Law 91-510 (2 USC 166 (d)(6)), one of the duties of CRS is "to prepare summaries and digests of bills and resolutions of a public general nature introduced in the Senate or House of Representatives". For more information, refer to the User Guide that accompanies this file.</dc:description>
  </dublinCore>
</billStatus>

