<?xml version="1.0" encoding="UTF-8"?>
<billStatus>
  <bill>
    <version>1.0.0</version>
    <notes />
    <relatedBills />
    <sponsors>
      <item>
        <bioguideId>G000386</bioguideId>
        <firstName>CHARLES</firstName>
        <state>IA</state>
        <party>R</party>
        <fullName>Sen. Grassley, Chuck [R-IA]</fullName>
        <identifiers>
          <bioguideId>G000386</bioguideId>
          <lisID>457</lisID>
          <gpoId>8316</gpoId>
        </identifiers>
        <byRequestType />
        <lastName>GRASSLEY</lastName>
        <middleName>ERNEST</middleName>
      </item>
    </sponsors>
    <titles>
      <item>
        <titleType>Official Title as Introduced</titleType>
        <title>A bill to amend the Packers and Stockyards Act, 1921, to make it unlawful for a packer to own, feed, or control livestock intended for slaughter.</title>
        <chamberCode />
        <parentTitleType />
        <chamberName />
      </item>
      <item>
        <titleType>Display Title</titleType>
        <title>A bill to amend the Packers and Stockyards Act, 1921, to make it unlawful for a packer to own, feed, or control livestock intended for slaughter.</title>
        <chamberCode />
        <parentTitleType />
        <chamberName />
      </item>
    </titles>
    <introducedDate>2017-04-04</introducedDate>
    <title>A bill to amend the Packers and Stockyards Act, 1921, to make it unlawful for a packer to own, feed, or control livestock intended for slaughter.</title>
    <committeeReports />
    <createDate>2017-04-05T07:27:15Z</createDate>
    <updateDate>2018-02-15T05:16:23Z</updateDate>
    <cosponsors>
      <item>
        <fullName>Sen. McCaskill, Claire [D-MO]</fullName>
        <state>MO</state>
        <identifiers>
          <lisID>1820</lisID>
          <gpoId>8252</gpoId>
          <bioguideId>M001170</bioguideId>
        </identifiers>
        <party>D</party>
        <sponsorshipDate>2018-02-06</sponsorshipDate>
        <middleName />
        <isOriginalCosponsor>False</isOriginalCosponsor>
        <lastName>McCaskill</lastName>
        <bioguideId>M001170</bioguideId>
        <sponsorshipWithdrawnDate />
        <firstName>Claire</firstName>
      </item>
    </cosponsors>
    <calendarNumbers />
    <billNumber>813</billNumber>
    <laws />
    <latestAction>
      <actionDate>2017-04-04</actionDate>
      <links />
      <text>Read twice and referred to the Committee on Agriculture, Nutrition, and Forestry.</text>
    </latestAction>
    <committees>
      <billCommittees>
        <item>
          <chamber>Senate</chamber>
          <activities>
            <item>
              <name>Referred to</name>
              <date>2017-04-04T19:01:59Z</date>
            </item>
          </activities>
          <name>Agriculture, Nutrition, and Forestry Committee</name>
          <type>Standing</type>
          <systemCode>ssaf00</systemCode>
          <subcommittees />
        </item>
      </billCommittees>
    </committees>
    <recordedVotes />
    <actions>
      <actionByCounts>
        <senate>2</senate>
      </actionByCounts>
      <actionTypeCounts>
        <introducedInSenate>1</introducedInSenate>
        <referredToCommittee>1</referredToCommittee>
      </actionTypeCounts>
      <item>
        <actionDate>2017-04-04</actionDate>
        <committee>
          <systemCode>ssaf00</systemCode>
          <name>Agriculture, Nutrition, and Forestry Committee</name>
        </committee>
        <links />
        <sourceSystem>
          <name>Senate</name>
          <code>0</code>
        </sourceSystem>
        <text>Read twice and referred to the Committee on Agriculture, Nutrition, and Forestry.</text>
        <type>IntroReferral</type>
      </item>
      <item>
        <type>IntroReferral</type>
        <text>Introduced in Senate</text>
        <links />
        <actionDate>2017-04-04</actionDate>
        <actionCode>10000</actionCode>
        <committee />
        <sourceSystem>
          <name>Library of Congress</name>
          <code>9</code>
        </sourceSystem>
      </item>
    </actions>
    <cboCostEstimates />
    <congress>115</congress>
    <policyArea>
      <name>Agriculture and Food</name>
    </policyArea>
    <summaries>
      <billSummaries>
        <item>
          <actionDate>2017-04-04</actionDate>
          <actionDesc>Introduced in Senate</actionDesc>
          <versionCode>00</versionCode>
          <text><![CDATA[<p>This bill amends the Packers and Stockyards Act, 1921 to prohibit livestock packers from owning, controlling, or feeding livestock to such an extent that the producer no longer materially participates in the management of the operation with respect to the production of the livestock. </p> <p>The bill includes exceptions for: (1) livestock held for not more than seven days before slaughter; (2) certain cooperatives that own, control, or feed livestock and provide such livestock for slaughter; (3) packers that are not required to report price and quantity information on each reporting day; or (4) packers that own one livestock processing plant. </p>]]></text>
          <updateDate>2017-04-04T04:00:00Z</updateDate>
          <lastSummaryUpdateDate>2017-05-01T13:10:43Z</lastSummaryUpdateDate>
          <name>Introduced in Senate</name>
        </item>
      </billSummaries>
    </summaries>
    <originChamber>Senate</originChamber>
    <billType>S</billType>
    <amendments />
    <subjects>
      <billSubjects>
        <legislativeSubjects>
          <item>
            <name>Livestock</name>
          </item>
          <item>
            <name>Meat</name>
          </item>
        </legislativeSubjects>
        <policyArea>
          <name>Agriculture and Food</name>
        </policyArea>
      </billSubjects>
    </subjects>
  </bill>
  <dublinCore xmlns:dc="http://purl.org/dc/elements/1.1/">
    <dc:format>text/xml</dc:format>
    <dc:language>EN</dc:language>
    <dc:rights>Pursuant to Title 17 Section 105 of the United States Code, this file is not subject to copyright protection and is in the public domain.</dc:rights>
    <dc:contributor>Congressional Research Service, Library of Congress</dc:contributor>
    <dc:description>This file contains bill summaries and statuses for federal legislation. A bill summary describes the most significant provisions of a piece of legislation and details the effects the legislative text may have on current law and federal programs. Bill summaries are authored by the Congressional Research Service (CRS) of the Library of Congress. As stated in Public Law 91-510 (2 USC 166 (d)(6)), one of the duties of CRS is "to prepare summaries and digests of bills and resolutions of a public general nature introduced in the Senate or House of Representatives". For more information, refer to the User Guide that accompanies this file.</dc:description>
  </dublinCore>
</billStatus>

