<?xml version="1.0" encoding="UTF-8"?>
<billStatus>
  <bill>
    <calendarNumbers />
    <congress>115</congress>
    <titles>
      <item>
        <parentTitleType />
        <chamberCode />
        <titleType>Official Title as Introduced</titleType>
        <chamberName />
        <title>A bill to posthumously award the Congressional Gold Medal to each of Glen Doherty, Tyrone Woods, J. Christopher Stevens, and Sean Smith in recognition of their contributions to the Nation.</title>
      </item>
      <item>
        <parentTitleType />
        <chamberCode />
        <titleType>Display Title</titleType>
        <chamberName />
        <title>A bill to posthumously award the Congressional Gold Medal to each of Glen Doherty, Tyrone Woods, J. Christopher Stevens, and Sean Smith in recognition of their contributions to the Nation.</title>
      </item>
    </titles>
    <introducedDate>2017-10-03</introducedDate>
    <latestAction>
      <actionDate>2017-10-03</actionDate>
      <text>Read twice and referred to the Committee on Banking, Housing, and Urban Affairs.</text>
      <links />
    </latestAction>
    <title>A bill to posthumously award the Congressional Gold Medal to each of Glen Doherty, Tyrone Woods, J. Christopher Stevens, and Sean Smith in recognition of their contributions to the Nation.</title>
    <subjects>
      <billSubjects>
        <policyArea>
          <name>International Affairs</name>
        </policyArea>
        <legislativeSubjects />
      </billSubjects>
    </subjects>
    <relatedBills>
      <item>
        <latestTitle>To posthumously award the Congressional Gold Medal to each of Glen Doherty, Tyrone Woods, J. Christopher Stevens, and Sean Smith in recognition of their contributions to the Nation.</latestTitle>
        <number>2315</number>
        <congress>115</congress>
        <latestAction>
          <actionDate>2017-05-03</actionDate>
          <text>Referred to the House Committee on Financial Services.</text>
        </latestAction>
        <type>HR</type>
        <relationshipDetails>
          <item>
            <type>Identical bill</type>
            <identifiedBy>CRS</identifiedBy>
          </item>
        </relationshipDetails>
      </item>
    </relatedBills>
    <updateDate>2018-02-06T16:45:51Z</updateDate>
    <committeeReports />
    <notes />
    <recordedVotes />
    <amendments />
    <createDate>2017-10-04T00:41:24Z</createDate>
    <committees>
      <billCommittees>
        <item>
          <name>Banking, Housing, and Urban Affairs Committee</name>
          <chamber>Senate</chamber>
          <type>Standing</type>
          <subcommittees />
          <systemCode>ssbk00</systemCode>
          <activities>
            <item>
              <name>Referred to</name>
              <date>2017-10-03T15:10:54Z</date>
            </item>
          </activities>
        </item>
      </billCommittees>
    </committees>
    <cboCostEstimates />
    <billNumber>1906</billNumber>
    <policyArea>
      <name>International Affairs</name>
    </policyArea>
    <version>1.0.0</version>
    <billType>S</billType>
    <originChamber>Senate</originChamber>
    <actions>
      <actionByCounts>
        <senate>2</senate>
      </actionByCounts>
      <item>
        <actionDate>2017-10-03</actionDate>
        <committee>
          <name>Banking, Housing, and Urban Affairs Committee</name>
          <systemCode>ssbk00</systemCode>
        </committee>
        <links />
        <sourceSystem>
          <name>Senate</name>
          <code>0</code>
        </sourceSystem>
        <text>Read twice and referred to the Committee on Banking, Housing, and Urban Affairs.</text>
        <type>IntroReferral</type>
      </item>
      <item>
        <text>Introduced in Senate</text>
        <type>IntroReferral</type>
        <sourceSystem>
          <name>Library of Congress</name>
          <code>9</code>
        </sourceSystem>
        <committee />
        <actionCode>10000</actionCode>
        <actionDate>2017-10-03</actionDate>
        <links />
      </item>
      <actionTypeCounts>
        <referredToCommittee>1</referredToCommittee>
        <introducedInSenate>1</introducedInSenate>
      </actionTypeCounts>
    </actions>
    <sponsors>
      <item>
        <bioguideId>M000133</bioguideId>
        <party>D</party>
        <firstName>EDWARD</firstName>
        <middleName>J.</middleName>
        <byRequestType />
        <fullName>Sen. Markey, Edward J. [D-MA]</fullName>
        <identifiers>
          <gpoId>7972</gpoId>
          <bioguideId>M000133</bioguideId>
          <lisID>735</lisID>
        </identifiers>
        <lastName>MARKEY</lastName>
        <state>MA</state>
      </item>
    </sponsors>
    <summaries>
      <billSummaries>
        <item>
          <text><![CDATA[<p> This bill directs the Speaker of the House of Representatives and the President pro tempore of the Senate to arrange for the posthumous award of a Congressional Gold Medal in commemoration of Glen Doherty, Tyrone Woods, J. Christopher Stevens, and Sean Smith in recognition of their contributions to the nation.</p>]]></text>
          <actionDate>2017-10-03</actionDate>
          <updateDate>2017-10-03T04:00:00Z</updateDate>
          <lastSummaryUpdateDate>2017-11-08T22:03:39Z</lastSummaryUpdateDate>
          <name>Introduced in Senate</name>
          <actionDesc>Introduced in Senate</actionDesc>
          <versionCode>00</versionCode>
        </item>
      </billSummaries>
    </summaries>
    <laws />
    <cosponsors>
      <item>
        <lastName>INHOFE</lastName>
        <sponsorshipDate>2017-10-03</sponsorshipDate>
        <party>R</party>
        <state>OK</state>
        <bioguideId>I000024</bioguideId>
        <middleName />
        <sponsorshipWithdrawnDate />
        <fullName>Sen. Inhofe, James M. [R-OK]</fullName>
        <firstName>JIM</firstName>
        <isOriginalCosponsor>True</isOriginalCosponsor>
        <identifiers>
          <lisID>583</lisID>
          <gpoId>8322</gpoId>
          <bioguideId>I000024</bioguideId>
        </identifiers>
      </item>
      <item>
        <lastName>WYDEN</lastName>
        <sponsorshipDate>2017-10-03</sponsorshipDate>
        <party>D</party>
        <state>OR</state>
        <bioguideId>W000779</bioguideId>
        <middleName />
        <sponsorshipWithdrawnDate />
        <fullName>Sen. Wyden, Ron [D-OR]</fullName>
        <firstName>RON</firstName>
        <isOriginalCosponsor>True</isOriginalCosponsor>
        <identifiers>
          <bioguideId>W000779</bioguideId>
          <lisID>1247</lisID>
          <gpoId>8265</gpoId>
        </identifiers>
      </item>
      <item>
        <lastName>Isakson</lastName>
        <sponsorshipDate>2017-10-03</sponsorshipDate>
        <party>R</party>
        <state>GA</state>
        <bioguideId>I000055</bioguideId>
        <middleName />
        <sponsorshipWithdrawnDate />
        <fullName>Sen. Isakson, Johnny [R-GA]</fullName>
        <firstName>Johnny</firstName>
        <isOriginalCosponsor>True</isOriginalCosponsor>
        <identifiers>
          <bioguideId>I000055</bioguideId>
          <lisID>1608</lisID>
          <gpoId>8323</gpoId>
        </identifiers>
      </item>
      <item>
        <lastName>Warren</lastName>
        <sponsorshipDate>2017-10-03</sponsorshipDate>
        <party>D</party>
        <state>MA</state>
        <bioguideId>W000817</bioguideId>
        <middleName>A.</middleName>
        <sponsorshipWithdrawnDate />
        <fullName>Sen. Warren, Elizabeth [D-MA]</fullName>
        <firstName>Elizabeth</firstName>
        <isOriginalCosponsor>True</isOriginalCosponsor>
        <identifiers>
          <lisID>2182</lisID>
          <bioguideId>W000817</bioguideId>
          <gpoId />
        </identifiers>
      </item>
    </cosponsors>
  </bill>
  <dublinCore xmlns:dc="http://purl.org/dc/elements/1.1/">
    <dc:format>text/xml</dc:format>
    <dc:language>EN</dc:language>
    <dc:rights>Pursuant to Title 17 Section 105 of the United States Code, this file is not subject to copyright protection and is in the public domain.</dc:rights>
    <dc:contributor>Congressional Research Service, Library of Congress</dc:contributor>
    <dc:description>This file contains bill summaries and statuses for federal legislation. A bill summary describes the most significant provisions of a piece of legislation and details the effects the legislative text may have on current law and federal programs. Bill summaries are authored by the Congressional Research Service (CRS) of the Library of Congress. As stated in Public Law 91-510 (2 USC 166 (d)(6)), one of the duties of CRS is "to prepare summaries and digests of bills and resolutions of a public general nature introduced in the Senate or House of Representatives". For more information, refer to the User Guide that accompanies this file.</dc:description>
  </dublinCore>
</billStatus>

