<?xml version="1.0" encoding="UTF-8"?>
<billStatus>
  <bill>
    <latestAction>
      <links />
      <text>Read twice and referred to the Committee on Finance.</text>
      <actionDate>2017-02-16</actionDate>
    </latestAction>
    <updateDate>2018-02-20T13:04:18Z</updateDate>
    <originChamber>Senate</originChamber>
    <version>1.0.0</version>
    <billType>S</billType>
    <subjects>
      <billSubjects>
        <legislativeSubjects>
          <item>
            <name>Cardiovascular and respiratory health</name>
          </item>
          <item>
            <name>Health facilities and institutions</name>
          </item>
          <item>
            <name>Health technology, devices, supplies</name>
          </item>
          <item>
            <name>Medical tests and diagnostic methods</name>
          </item>
          <item>
            <name>Medicare</name>
          </item>
          <item>
            <name>Neurological disorders</name>
          </item>
          <item>
            <name>User charges and fees</name>
          </item>
        </legislativeSubjects>
        <policyArea>
          <name>Health</name>
        </policyArea>
      </billSubjects>
    </subjects>
    <calendarNumbers />
    <amendments />
    <committeeReports />
    <congress>115</congress>
    <actions>
      <actionTypeCounts>
        <referredToCommittee>1</referredToCommittee>
        <introducedInSenate>1</introducedInSenate>
      </actionTypeCounts>
      <actionByCounts>
        <senate>2</senate>
      </actionByCounts>
      <item>
        <actionDate>2017-02-16</actionDate>
        <committee>
          <systemCode>ssfi00</systemCode>
          <name>Finance Committee</name>
        </committee>
        <links />
        <sourceSystem>
          <code>0</code>
          <name>Senate</name>
        </sourceSystem>
        <text>Read twice and referred to the Committee on Finance.</text>
        <type>IntroReferral</type>
      </item>
      <item>
        <actionCode>10000</actionCode>
        <links />
        <committee />
        <sourceSystem>
          <code>9</code>
          <name>Library of Congress</name>
        </sourceSystem>
        <actionDate>2017-02-16</actionDate>
        <type>IntroReferral</type>
        <text>Introduced in Senate</text>
      </item>
    </actions>
    <cboCostEstimates />
    <relatedBills>
      <item>
        <latestAction>
          <actionDate>2017-06-01</actionDate>
          <text>Referred to the Subcommittee on Health.</text>
        </latestAction>
        <number>2556</number>
        <relationshipDetails>
          <item>
            <type>Related bill</type>
            <identifiedBy>CRS</identifiedBy>
          </item>
        </relationshipDetails>
        <latestTitle>CONNECT for Health Act of 2017</latestTitle>
        <congress>115</congress>
        <type>HR</type>
      </item>
      <item>
        <latestAction>
          <actionDate>2017-05-03</actionDate>
          <text>Read twice and referred to the Committee on Finance.</text>
        </latestAction>
        <number>1016</number>
        <relationshipDetails>
          <item>
            <type>Related bill</type>
            <identifiedBy>CRS</identifiedBy>
          </item>
        </relationshipDetails>
        <latestTitle>CONNECT for Health Act of 2017</latestTitle>
        <congress>115</congress>
        <type>S</type>
      </item>
      <item>
        <latestAction>
          <actionDate>2017-12-08</actionDate>
          <text>Referred to the Subcommittee on Health.</text>
        </latestAction>
        <number>4579</number>
        <relationshipDetails>
          <item>
            <type>Related bill</type>
            <identifiedBy>CRS</identifiedBy>
          </item>
        </relationshipDetails>
        <latestTitle>Creating High-Quality Results and Outcomes Necessary to Improve Chronic (CHRONIC) Care Act of 2017</latestTitle>
        <congress>115</congress>
        <type>HR</type>
      </item>
      <item>
        <latestAction>
          <actionDate>2017-09-29</actionDate>
          <text>Referred to the Subcommittee on Health.</text>
        </latestAction>
        <number>870</number>
        <relationshipDetails>
          <item>
            <type>Related bill</type>
            <identifiedBy>CRS</identifiedBy>
          </item>
        </relationshipDetails>
        <latestTitle>Creating High-Quality Results and Outcomes Necessary to Improve Chronic (CHRONIC) Care Act of 2017</latestTitle>
        <congress>115</congress>
        <type>S</type>
      </item>
    </relatedBills>
    <introducedDate>2017-02-16</introducedDate>
    <notes />
    <createDate>2017-02-17T09:06:59Z</createDate>
    <recordedVotes />
    <committees>
      <billCommittees>
        <item>
          <name>Finance Committee</name>
          <subcommittees />
          <activities>
            <item>
              <name>Referred to</name>
              <date>2017-02-16T23:38:33Z</date>
            </item>
          </activities>
          <type>Standing</type>
          <chamber>Senate</chamber>
          <systemCode>ssfi00</systemCode>
        </item>
      </billCommittees>
    </committees>
    <billNumber>431</billNumber>
    <summaries>
      <billSummaries>
        <item>
          <text><![CDATA[<p><strong>Furthering Access to Stroke Telemedicine Act</strong></p> <p>This bill amends title XVIII (Medicare) of the Social Security Act to specify that certain siting requirements applicable under the Medicare program shall not apply to telehealth services that are furnished after 2017 for purposes of evaluating an acute stroke. The Centers for Medicare &amp; Medicaid Services shall not pay an originating-site facility fee with respect to such telehealth services.</p>]]></text>
          <lastSummaryUpdateDate>2018-02-08T20:06:16Z</lastSummaryUpdateDate>
          <versionCode>00</versionCode>
          <actionDate>2017-02-16</actionDate>
          <actionDesc>Introduced in Senate</actionDesc>
          <updateDate>2017-02-16T05:00:00Z</updateDate>
          <name>Introduced in Senate</name>
        </item>
      </billSummaries>
    </summaries>
    <policyArea>
      <name>Health</name>
    </policyArea>
    <laws />
    <cosponsors>
      <item>
        <firstName>Brian</firstName>
        <isOriginalCosponsor>True</isOriginalCosponsor>
        <middleName />
        <bioguideId>S001194</bioguideId>
        <identifiers>
          <lisID>2173</lisID>
          <gpoId />
          <bioguideId>S001194</bioguideId>
        </identifiers>
        <state>HI</state>
        <fullName>Sen. Schatz, Brian [D-HI]</fullName>
        <lastName>Schatz</lastName>
        <sponsorshipWithdrawnDate />
        <sponsorshipDate>2017-02-16</sponsorshipDate>
        <party>D</party>
      </item>
      <item>
        <firstName>ROGER</firstName>
        <isOriginalCosponsor>True</isOriginalCosponsor>
        <middleName>F.</middleName>
        <bioguideId>W000437</bioguideId>
        <identifiers>
          <gpoId>8263</gpoId>
          <lisID>1226</lisID>
          <bioguideId>W000437</bioguideId>
        </identifiers>
        <state>MS</state>
        <fullName>Sen. Wicker, Roger F. [R-MS]</fullName>
        <lastName>WICKER</lastName>
        <sponsorshipWithdrawnDate />
        <sponsorshipDate>2017-02-16</sponsorshipDate>
        <party>R</party>
      </item>
      <item>
        <firstName>SHELLEY</firstName>
        <isOriginalCosponsor>False</isOriginalCosponsor>
        <middleName>MOORE</middleName>
        <bioguideId>C001047</bioguideId>
        <identifiers>
          <gpoId>8223</gpoId>
          <lisID>1676</lisID>
          <bioguideId>C001047</bioguideId>
        </identifiers>
        <state>WV</state>
        <fullName>Sen. Capito, Shelley Moore [R-WV]</fullName>
        <lastName>CAPITO</lastName>
        <sponsorshipWithdrawnDate />
        <sponsorshipDate>2017-03-01</sponsorshipDate>
        <party>R</party>
      </item>
      <item>
        <firstName>John</firstName>
        <isOriginalCosponsor>False</isOriginalCosponsor>
        <middleName />
        <bioguideId>B001236</bioguideId>
        <identifiers>
          <lisID>1687</lisID>
          <gpoId>8247</gpoId>
          <bioguideId>B001236</bioguideId>
        </identifiers>
        <state>AR</state>
        <fullName>Sen. Boozman, John [R-AR]</fullName>
        <lastName>Boozman</lastName>
        <sponsorshipWithdrawnDate />
        <sponsorshipDate>2017-03-07</sponsorshipDate>
        <party>R</party>
      </item>
      <item>
        <firstName>CHARLES</firstName>
        <isOriginalCosponsor>False</isOriginalCosponsor>
        <middleName>ERNEST</middleName>
        <bioguideId>G000386</bioguideId>
        <identifiers>
          <gpoId>8316</gpoId>
          <lisID>457</lisID>
          <bioguideId>G000386</bioguideId>
        </identifiers>
        <state>IA</state>
        <fullName>Sen. Grassley, Chuck [R-IA]</fullName>
        <lastName>GRASSLEY</lastName>
        <sponsorshipWithdrawnDate />
        <sponsorshipDate>2017-03-30</sponsorshipDate>
        <party>R</party>
      </item>
      <item>
        <firstName>TAMMY</firstName>
        <isOriginalCosponsor>False</isOriginalCosponsor>
        <middleName />
        <bioguideId>B001230</bioguideId>
        <identifiers>
          <lisID>1558</lisID>
          <bioguideId>B001230</bioguideId>
          <gpoId>8215</gpoId>
        </identifiers>
        <state>WI</state>
        <fullName>Sen. Baldwin, Tammy [D-WI]</fullName>
        <lastName>BALDWIN</lastName>
        <sponsorshipWithdrawnDate />
        <sponsorshipDate>2017-05-10</sponsorshipDate>
        <party>D</party>
      </item>
      <item>
        <firstName>John</firstName>
        <isOriginalCosponsor>False</isOriginalCosponsor>
        <middleName />
        <bioguideId>B001261</bioguideId>
        <identifiers>
          <gpoId>8300</gpoId>
          <lisID>1881</lisID>
          <bioguideId>B001261</bioguideId>
        </identifiers>
        <state>WY</state>
        <fullName>Sen. Barrasso, John [R-WY]</fullName>
        <lastName>Barrasso</lastName>
        <sponsorshipWithdrawnDate />
        <sponsorshipDate>2017-06-06</sponsorshipDate>
        <party>R</party>
      </item>
      <item>
        <firstName>BENJAMIN</firstName>
        <isOriginalCosponsor>False</isOriginalCosponsor>
        <middleName>L.</middleName>
        <bioguideId>C000141</bioguideId>
        <identifiers>
          <lisID>174</lisID>
          <gpoId>8287</gpoId>
          <bioguideId>C000141</bioguideId>
        </identifiers>
        <state>MD</state>
        <fullName>Sen. Cardin, Benjamin L. [D-MD]</fullName>
        <lastName>CARDIN</lastName>
        <sponsorshipWithdrawnDate />
        <sponsorshipDate>2017-06-06</sponsorshipDate>
        <party>D</party>
      </item>
      <item>
        <firstName>Amy</firstName>
        <isOriginalCosponsor>False</isOriginalCosponsor>
        <middleName />
        <bioguideId>K000367</bioguideId>
        <identifiers>
          <gpoId>8249</gpoId>
          <lisID>1826</lisID>
          <bioguideId>K000367</bioguideId>
        </identifiers>
        <state>MN</state>
        <fullName>Sen. Klobuchar, Amy [D-MN]</fullName>
        <lastName>Klobuchar</lastName>
        <sponsorshipWithdrawnDate />
        <sponsorshipDate>2017-06-06</sponsorshipDate>
        <party>D</party>
      </item>
      <item>
        <firstName>Christopher</firstName>
        <isOriginalCosponsor>False</isOriginalCosponsor>
        <middleName>A.</middleName>
        <bioguideId>C001088</bioguideId>
        <identifiers>
          <lisID>1984</lisID>
          <bioguideId>C001088</bioguideId>
          <gpoId>8297</gpoId>
        </identifiers>
        <state>DE</state>
        <fullName>Sen. Coons, Christopher A. [D-DE]</fullName>
        <lastName>Coons</lastName>
        <sponsorshipWithdrawnDate />
        <sponsorshipDate>2017-06-14</sponsorshipDate>
        <party>D</party>
      </item>
      <item>
        <firstName>SHERROD</firstName>
        <isOriginalCosponsor>False</isOriginalCosponsor>
        <middleName />
        <bioguideId>B000944</bioguideId>
        <identifiers>
          <lisID>136</lisID>
          <gpoId>8309</gpoId>
          <bioguideId>B000944</bioguideId>
        </identifiers>
        <state>OH</state>
        <fullName>Sen. Brown, Sherrod [D-OH]</fullName>
        <lastName>BROWN</lastName>
        <sponsorshipWithdrawnDate />
        <sponsorshipDate>2017-07-20</sponsorshipDate>
        <party>D</party>
      </item>
      <item>
        <firstName>Richard</firstName>
        <isOriginalCosponsor>False</isOriginalCosponsor>
        <middleName />
        <bioguideId>B001277</bioguideId>
        <identifiers>
          <lisID>2076</lisID>
          <gpoId>8332</gpoId>
          <bioguideId>B001277</bioguideId>
        </identifiers>
        <state>CT</state>
        <fullName>Sen. Blumenthal, Richard [D-CT]</fullName>
        <lastName>Blumenthal</lastName>
        <sponsorshipWithdrawnDate />
        <sponsorshipDate>2017-09-05</sponsorshipDate>
        <party>D</party>
      </item>
      <item>
        <firstName>Mike</firstName>
        <isOriginalCosponsor>False</isOriginalCosponsor>
        <middleName />
        <bioguideId>R000605</bioguideId>
        <identifiers>
          <lisID>2288</lisID>
          <bioguideId>R000605</bioguideId>
          <gpoId />
        </identifiers>
        <state>SD</state>
        <fullName>Sen. Rounds, Mike  [R-SD]</fullName>
        <lastName>Rounds</lastName>
        <sponsorshipWithdrawnDate />
        <sponsorshipDate>2017-09-07</sponsorshipDate>
        <party>R</party>
      </item>
      <item>
        <firstName>TOM</firstName>
        <isOriginalCosponsor>False</isOriginalCosponsor>
        <middleName />
        <bioguideId>U000039</bioguideId>
        <identifiers>
          <lisID>1567</lisID>
          <gpoId>8260</gpoId>
          <bioguideId>U000039</bioguideId>
        </identifiers>
        <state>NM</state>
        <fullName>Sen. Udall, Tom [D-NM]</fullName>
        <lastName>UDALL</lastName>
        <sponsorshipWithdrawnDate />
        <sponsorshipDate>2017-09-07</sponsorshipDate>
        <party>D</party>
      </item>
      <item>
        <firstName>Joe</firstName>
        <isOriginalCosponsor>False</isOriginalCosponsor>
        <middleName />
        <bioguideId>D000607</bioguideId>
        <identifiers>
          <lisID>1850</lisID>
          <gpoId>7941</gpoId>
          <bioguideId>D000607</bioguideId>
        </identifiers>
        <state>IN</state>
        <fullName>Sen. Donnelly, Joe [D-IN]</fullName>
        <lastName>Donnelly</lastName>
        <sponsorshipWithdrawnDate />
        <sponsorshipDate>2017-09-14</sponsorshipDate>
        <party>D</party>
      </item>
      <item>
        <firstName>Chris</firstName>
        <isOriginalCosponsor>False</isOriginalCosponsor>
        <middleName />
        <bioguideId>V000128</bioguideId>
        <identifiers>
          <lisID>1729</lisID>
          <bioguideId>V000128</bioguideId>
          <gpoId>7983</gpoId>
        </identifiers>
        <state>MD</state>
        <fullName>Sen. Van Hollen, Chris [D-MD]</fullName>
        <lastName>Van Hollen</lastName>
        <sponsorshipWithdrawnDate />
        <sponsorshipDate>2017-09-19</sponsorshipDate>
        <party>D</party>
      </item>
    </cosponsors>
    <title>Furthering Access to Stroke Telemedicine Act</title>
    <sponsors>
      <item>
        <middleName>R.</middleName>
        <state>SD</state>
        <bioguideId>T000250</bioguideId>
        <fullName>Sen. Thune, John [R-SD]</fullName>
        <party>R</party>
        <lastName>THUNE</lastName>
        <identifiers>
          <lisID>1534</lisID>
          <gpoId>8257</gpoId>
          <bioguideId>T000250</bioguideId>
        </identifiers>
        <byRequestType />
        <firstName>JOHN</firstName>
      </item>
    </sponsors>
    <titles>
      <item>
        <parentTitleType />
        <chamberCode />
        <titleType>(Extracted from GPO) Short Titles as Introduced</titleType>
        <chamberName />
        <title>Furthering Access to Stroke Telemedicine Act</title>
      </item>
      <item>
        <parentTitleType />
        <chamberCode />
        <titleType>Short Titles as Introduced</titleType>
        <chamberName />
        <title>Furthering Access to Stroke Telemedicine Act</title>
      </item>
      <item>
        <parentTitleType />
        <chamberCode />
        <titleType>Official Title as Introduced</titleType>
        <chamberName />
        <title>A bill to amend title XVIII of the Social Security Act to expand the use of telehealth for individuals with stroke.</title>
      </item>
      <item>
        <parentTitleType />
        <chamberCode />
        <titleType>Display Title</titleType>
        <chamberName />
        <title>Furthering Access to Stroke Telemedicine Act</title>
      </item>
    </titles>
  </bill>
  <dublinCore xmlns:dc="http://purl.org/dc/elements/1.1/">
    <dc:format>text/xml</dc:format>
    <dc:language>EN</dc:language>
    <dc:rights>Pursuant to Title 17 Section 105 of the United States Code, this file is not subject to copyright protection and is in the public domain.</dc:rights>
    <dc:contributor>Congressional Research Service, Library of Congress</dc:contributor>
    <dc:description>This file contains bill summaries and statuses for federal legislation. A bill summary describes the most significant provisions of a piece of legislation and details the effects the legislative text may have on current law and federal programs. Bill summaries are authored by the Congressional Research Service (CRS) of the Library of Congress. As stated in Public Law 91-510 (2 USC 166 (d)(6)), one of the duties of CRS is "to prepare summaries and digests of bills and resolutions of a public general nature introduced in the Senate or House of Representatives". For more information, refer to the User Guide that accompanies this file.</dc:description>
  </dublinCore>
</billStatus>

