<?xml version="1.0" encoding="UTF-8"?>
<billStatus>
  <bill>
    <notes />
    <cosponsors>
      <item>
        <party>D</party>
        <fullName>Sen. Warren, Elizabeth [D-MA]</fullName>
        <sponsorshipWithdrawnDate />
        <lastName>Warren</lastName>
        <sponsorshipDate>2018-03-01</sponsorshipDate>
        <identifiers>
          <bioguideId>W000817</bioguideId>
          <lisID>2182</lisID>
          <gpoId />
        </identifiers>
        <isOriginalCosponsor>True</isOriginalCosponsor>
        <firstName>Elizabeth</firstName>
        <middleName>A.</middleName>
        <bioguideId>W000817</bioguideId>
        <state>MA</state>
      </item>
      <item>
        <party>D</party>
        <fullName>Sen. Murphy, Christopher [D-CT]</fullName>
        <sponsorshipWithdrawnDate />
        <lastName>Murphy</lastName>
        <sponsorshipDate>2018-03-01</sponsorshipDate>
        <identifiers>
          <bioguideId>M001169</bioguideId>
          <lisID>1837</lisID>
          <gpoId>7870</gpoId>
        </identifiers>
        <isOriginalCosponsor>True</isOriginalCosponsor>
        <firstName>Christopher</firstName>
        <middleName />
        <bioguideId>M001169</bioguideId>
        <state>CT</state>
      </item>
      <item>
        <party>D</party>
        <fullName>Sen. Markey, Edward J. [D-MA]</fullName>
        <sponsorshipWithdrawnDate />
        <lastName>MARKEY</lastName>
        <sponsorshipDate>2018-03-01</sponsorshipDate>
        <identifiers>
          <lisID>735</lisID>
          <gpoId>7972</gpoId>
          <bioguideId>M000133</bioguideId>
        </identifiers>
        <isOriginalCosponsor>True</isOriginalCosponsor>
        <firstName>EDWARD</firstName>
        <middleName>J.</middleName>
        <bioguideId>M000133</bioguideId>
        <state>MA</state>
      </item>
      <item>
        <party>D</party>
        <fullName>Sen. Hirono, Mazie K. [D-HI]</fullName>
        <sponsorshipWithdrawnDate />
        <lastName>Hirono</lastName>
        <sponsorshipDate>2018-03-01</sponsorshipDate>
        <identifiers>
          <gpoId>7913</gpoId>
          <lisID>1844</lisID>
          <bioguideId>H001042</bioguideId>
        </identifiers>
        <isOriginalCosponsor>True</isOriginalCosponsor>
        <firstName>Mazie</firstName>
        <middleName>K.</middleName>
        <bioguideId>H001042</bioguideId>
        <state>HI</state>
      </item>
      <item>
        <party>I</party>
        <fullName>Sen. Sanders, Bernard [I-VT]</fullName>
        <sponsorshipWithdrawnDate />
        <lastName>SANDERS</lastName>
        <sponsorshipDate>2018-03-01</sponsorshipDate>
        <identifiers>
          <gpoId>8270</gpoId>
          <lisID>1010</lisID>
          <bioguideId>S000033</bioguideId>
        </identifiers>
        <isOriginalCosponsor>True</isOriginalCosponsor>
        <firstName>BERNARD</firstName>
        <middleName />
        <bioguideId>S000033</bioguideId>
        <state>VT</state>
      </item>
    </cosponsors>
    <committees>
      <billCommittees>
        <item>
          <systemCode>ssaf00</systemCode>
          <name>Agriculture, Nutrition, and Forestry Committee</name>
          <activities>
            <item>
              <name>Referred to</name>
              <date>2018-03-01T15:28:38Z</date>
            </item>
          </activities>
          <chamber>Senate</chamber>
          <type>Standing</type>
          <subcommittees />
        </item>
      </billCommittees>
    </committees>
    <laws />
    <cboCostEstimates />
    <sponsors>
      <item>
        <firstName>Richard</firstName>
        <party>D</party>
        <bioguideId>B001277</bioguideId>
        <identifiers>
          <gpoId>8332</gpoId>
          <lisID>2076</lisID>
          <bioguideId>B001277</bioguideId>
        </identifiers>
        <lastName>Blumenthal</lastName>
        <state>CT</state>
        <byRequestType />
        <fullName>Sen. Blumenthal, Richard [D-CT]</fullName>
        <middleName />
      </item>
    </sponsors>
    <createDate>2018-03-02T05:41:12Z</createDate>
    <billNumber>2477</billNumber>
    <congress>115</congress>
    <subjects>
      <billSubjects>
        <legislativeSubjects />
      </billSubjects>
    </subjects>
    <originChamber>Senate</originChamber>
    <committeeReports />
    <policyArea />
    <relatedBills />
    <title>A bill to amend the Food and Nutrition Act of 2008 to modify the exception to the work requirement.</title>
    <titles>
      <item>
        <parentTitleType />
        <chamberCode />
        <chamberName />
        <titleType>Official Title as Introduced</titleType>
        <title>A bill to amend the Food and Nutrition Act of 2008 to modify the exception to the work requirement.</title>
      </item>
      <item>
        <parentTitleType />
        <chamberCode />
        <chamberName />
        <titleType>Display Title</titleType>
        <title>A bill to amend the Food and Nutrition Act of 2008 to modify the exception to the work requirement.</title>
      </item>
    </titles>
    <summaries>
      <billSummaries />
    </summaries>
    <latestAction>
      <actionDate>2018-03-01</actionDate>
      <links />
      <text>Read twice and referred to the Committee on Agriculture, Nutrition, and Forestry.</text>
    </latestAction>
    <calendarNumbers />
    <recordedVotes />
    <updateDate>2018-03-02T05:46:29Z</updateDate>
    <amendments />
    <introducedDate>2018-03-01</introducedDate>
    <version>1.0.0</version>
    <actions>
      <actionByCounts>
        <senate>2</senate>
      </actionByCounts>
      <actionTypeCounts>
        <introducedInSenate>1</introducedInSenate>
        <referredToCommittee>1</referredToCommittee>
      </actionTypeCounts>
      <item>
        <actionDate>2018-03-01</actionDate>
        <committee>
          <systemCode>ssaf00</systemCode>
          <name>Agriculture, Nutrition, and Forestry Committee</name>
        </committee>
        <links />
        <sourceSystem>
          <code>0</code>
          <name>Senate</name>
        </sourceSystem>
        <text>Read twice and referred to the Committee on Agriculture, Nutrition, and Forestry.</text>
        <type>IntroReferral</type>
      </item>
      <item>
        <actionDate>2018-03-01</actionDate>
        <committee />
        <links />
        <text>Introduced in Senate</text>
        <type>IntroReferral</type>
        <sourceSystem>
          <code>9</code>
          <name>Library of Congress</name>
        </sourceSystem>
        <actionCode>10000</actionCode>
      </item>
    </actions>
    <billType>S</billType>
  </bill>
  <dublinCore xmlns:dc="http://purl.org/dc/elements/1.1/">
    <dc:format>text/xml</dc:format>
    <dc:language>EN</dc:language>
    <dc:rights>Pursuant to Title 17 Section 105 of the United States Code, this file is not subject to copyright protection and is in the public domain.</dc:rights>
    <dc:contributor>Congressional Research Service, Library of Congress</dc:contributor>
    <dc:description>This file contains bill summaries and statuses for federal legislation. A bill summary describes the most significant provisions of a piece of legislation and details the effects the legislative text may have on current law and federal programs. Bill summaries are authored by the Congressional Research Service (CRS) of the Library of Congress. As stated in Public Law 91-510 (2 USC 166 (d)(6)), one of the duties of CRS is "to prepare summaries and digests of bills and resolutions of a public general nature introduced in the Senate or House of Representatives". For more information, refer to the User Guide that accompanies this file.</dc:description>
  </dublinCore>
</billStatus>

