<?xml version="1.0" encoding="UTF-8"?>
<billStatus>
  <bill>
    <billNumber>213</billNumber>
    <committeeReports>
      <committeeReport>
        <citation>S. Rept. 115-108</citation>
      </committeeReport>
    </committeeReports>
    <originChamber>Senate</originChamber>
    <latestAction>
      <actionDate>2017-06-14</actionDate>
      <text>Placed on Senate Legislative Calendar under General Orders. Calendar No. 145.</text>
      <links />
    </latestAction>
    <cboCostEstimates>
      <item>
        <pubDate>2017-04-10T19:59:31Z</pubDate>
        <title>S. 213, Jay S. Hammond Wilderness Act of 2017</title>
        <url>https://www.cbo.gov/publication/52597</url>
      </item>
    </cboCostEstimates>
    <createDate>2017-01-25T04:45:58Z</createDate>
    <titles>
      <item>
        <titleType>(Extracted from GPO) Short Titles as Reported to Senate</titleType>
        <chamberCode>S</chamberCode>
        <title>Jay S. Hammond Wilderness Act of 2017</title>
        <chamberName>Senate</chamberName>
        <parentTitleType />
      </item>
      <item>
        <titleType>(Extracted from GPO) Short Titles as Introduced</titleType>
        <chamberCode />
        <title>Jay S. Hammond Wilderness Act of 2017</title>
        <chamberName />
        <parentTitleType />
      </item>
      <item>
        <titleType>Short Titles as Reported to Senate</titleType>
        <chamberCode>S</chamberCode>
        <title>Jay S. Hammond Wilderness Act of 2017</title>
        <chamberName>Senate</chamberName>
        <parentTitleType>Short Titles Senate</parentTitleType>
      </item>
      <item>
        <titleType>Short Titles as Introduced</titleType>
        <chamberCode />
        <title>Jay S. Hammond Wilderness Act of 2017</title>
        <chamberName />
        <parentTitleType />
      </item>
      <item>
        <titleType>Official Title as Introduced</titleType>
        <chamberCode />
        <title>A bill to designate the wilderness within the Lake Clark National Park and Preserve in the State of Alaska as the Jay S. Hammond Wilderness Area.</title>
        <chamberName />
        <parentTitleType />
      </item>
      <item>
        <titleType>Display Title</titleType>
        <chamberCode />
        <title>Jay S. Hammond Wilderness Act of 2017</title>
        <chamberName />
        <parentTitleType />
      </item>
    </titles>
    <updateDate>2018-02-22T15:28:41Z</updateDate>
    <notes />
    <title>Jay S. Hammond Wilderness Act of 2017</title>
    <relatedBills />
    <laws />
    <congress>115</congress>
    <calendarNumbers>
      <item>
        <calendar>Senate Calendar of Business</calendar>
        <number>0145</number>
      </item>
    </calendarNumbers>
    <introducedDate>2017-01-24</introducedDate>
    <actions>
      <actionByCounts>
        <senate>6</senate>
      </actionByCounts>
      <item>
        <actionDate>2017-06-14</actionDate>
        <committee />
        <links />
        <sourceSystem>
          <code>0</code>
          <name>Senate</name>
        </sourceSystem>
        <text>Placed on Senate Legislative Calendar under General Orders. Calendar No. 145.</text>
        <type>Calendars</type>
      </item>
      <item>
        <actionDate>2017-06-14</actionDate>
        <committee>
          <name>Energy and Natural Resources Committee</name>
          <systemCode>sseg00</systemCode>
        </committee>
        <links>
          <link>
            <name>report No. 115-108</name>
            <url>https://www.congress.gov/congressional-report/115th-congress/senate-report/108</url>
          </link>
        </links>
        <sourceSystem>
          <code>0</code>
          <name>Senate</name>
        </sourceSystem>
        <text>Committee on Energy and Natural Resources. Reported by Senator Murkowski without amendment. With written report No. 115-108.</text>
        <type>Committee</type>
      </item>
      <item>
        <committee>
          <name>Energy and Natural Resources Committee</name>
          <systemCode>sseg00</systemCode>
        </committee>
        <links>
          <link>
            <name>report No. 115-108</name>
            <url>https://www.congress.gov/congressional-report/115th-congress/senate-report/108</url>
          </link>
        </links>
        <text>Committee on Energy and Natural Resources. Reported by Senator Murkowski without amendment. With written report No. 115-108.</text>
        <actionDate>2017-06-14</actionDate>
        <type>Committee</type>
        <actionCode>14000</actionCode>
        <sourceSystem>
          <code>9</code>
          <name>Library of Congress</name>
        </sourceSystem>
      </item>
      <item>
        <actionDate>2017-03-30</actionDate>
        <committee>
          <name>Energy and Natural Resources Committee</name>
          <systemCode>sseg00</systemCode>
        </committee>
        <links />
        <sourceSystem>
          <code>0</code>
          <name>Senate</name>
        </sourceSystem>
        <text>Committee on Energy and Natural Resources. Ordered to be reported without amendment favorably.</text>
        <type>Committee</type>
      </item>
      <item>
        <actionDate>2017-01-24</actionDate>
        <committee>
          <name>Energy and Natural Resources Committee</name>
          <systemCode>sseg00</systemCode>
        </committee>
        <links />
        <sourceSystem>
          <code>0</code>
          <name>Senate</name>
        </sourceSystem>
        <text>Read twice and referred to the Committee on Energy and Natural Resources.</text>
        <type>IntroReferral</type>
      </item>
      <item>
        <committee />
        <links />
        <text>Introduced in Senate</text>
        <actionDate>2017-01-24</actionDate>
        <type>IntroReferral</type>
        <actionCode>10000</actionCode>
        <sourceSystem>
          <code>9</code>
          <name>Library of Congress</name>
        </sourceSystem>
      </item>
      <actionTypeCounts>
        <reportedToSenate>2</reportedToSenate>
        <orderedReported>1</orderedReported>
        <placedOnCalendarGeneralOrders>1</placedOnCalendarGeneralOrders>
        <introducedInSenate>1</introducedInSenate>
        <referredToCommittee>1</referredToCommittee>
      </actionTypeCounts>
    </actions>
    <version>1.0.0</version>
    <billType>S</billType>
    <committees>
      <billCommittees>
        <item>
          <activities>
            <item>
              <date>2017-06-14T19:18:21Z</date>
              <name>Reported by</name>
            </item>
            <item>
              <date>2017-03-30T13:30:00Z</date>
              <name>Markup by</name>
            </item>
            <item>
              <date>2017-01-24T21:19:10Z</date>
              <name>Referred to</name>
            </item>
          </activities>
          <chamber>Senate</chamber>
          <subcommittees />
          <systemCode>sseg00</systemCode>
          <name>Energy and Natural Resources Committee</name>
          <type>Standing</type>
        </item>
      </billCommittees>
    </committees>
    <cosponsors>
      <item>
        <sponsorshipWithdrawnDate />
        <state>AK</state>
        <middleName />
        <bioguideId>S001198</bioguideId>
        <firstName>Dan</firstName>
        <lastName>Sullivan</lastName>
        <identifiers>
          <bioguideId>S001198</bioguideId>
          <gpoId />
          <lisID>2290</lisID>
        </identifiers>
        <fullName>Sen. Sullivan, Dan  [R-AK]</fullName>
        <party>R</party>
        <isOriginalCosponsor>True</isOriginalCosponsor>
        <sponsorshipDate>2017-01-24</sponsorshipDate>
      </item>
    </cosponsors>
    <subjects>
      <billSubjects>
        <legislativeSubjects>
          <item>
            <name>Alaska</name>
          </item>
          <item>
            <name>Wilderness and natural areas, wildlife refuges, wild rivers, habitats</name>
          </item>
        </legislativeSubjects>
        <policyArea>
          <name>Public Lands and Natural Resources</name>
        </policyArea>
      </billSubjects>
    </subjects>
    <amendments />
    <summaries>
      <billSummaries>
        <item>
          <actionDate>2017-01-24</actionDate>
          <name>Introduced in Senate</name>
          <versionCode>00</versionCode>
          <actionDesc>Introduced in Senate</actionDesc>
          <lastSummaryUpdateDate>2017-03-07T18:42:05Z</lastSummaryUpdateDate>
          <text><![CDATA[<p><b>Jay S. Hammond Wilderness Act of 2017</b></p> <p><strong></strong>This bill designates approximately 2.6 million acres of National Wilderness Preservation System land in the Lake Clark National Park and Preserve in Alaska as the &quot;Jay S. Hammond Wilderness Area.&quot;</p>]]></text>
          <updateDate>2017-01-24T05:00:00Z</updateDate>
        </item>
        <item>
          <actionDate>2017-06-14</actionDate>
          <name>Reported to Senate without amendment</name>
          <versionCode>80</versionCode>
          <actionDesc>Reported to Senate without amendment</actionDesc>
          <lastSummaryUpdateDate>2017-07-06T18:42:56Z</lastSummaryUpdateDate>
          <text><![CDATA[<p>(This measure has not been amended since it was introduced. The summary has been expanded because action occurred on the measure.)</p> <p><b>Jay S. Hammond Wilderness Act of 2017</b></p> <p><strong></strong>(Sec. 2) This bill designates approximately 2.6 million acres of National Wilderness Preservation System land in the Lake Clark National Park and Preserve in Alaska as the &quot;Jay S. Hammond Wilderness Area.&quot;</p>]]></text>
          <updateDate>2017-06-14T12:17:14Z</updateDate>
        </item>
      </billSummaries>
    </summaries>
    <recordedVotes />
    <policyArea>
      <name>Public Lands and Natural Resources</name>
    </policyArea>
    <sponsors>
      <item>
        <byRequestType />
        <party>R</party>
        <middleName />
        <lastName>Murkowski</lastName>
        <bioguideId>M001153</bioguideId>
        <fullName>Sen. Murkowski, Lisa [R-AK]</fullName>
        <firstName>Lisa</firstName>
        <identifiers>
          <bioguideId>M001153</bioguideId>
          <gpoId>8234</gpoId>
          <lisID>1694</lisID>
        </identifiers>
        <state>AK</state>
      </item>
    </sponsors>
  </bill>
  <dublinCore xmlns:dc="http://purl.org/dc/elements/1.1/">
    <dc:format>text/xml</dc:format>
    <dc:language>EN</dc:language>
    <dc:rights>Pursuant to Title 17 Section 105 of the United States Code, this file is not subject to copyright protection and is in the public domain.</dc:rights>
    <dc:contributor>Congressional Research Service, Library of Congress</dc:contributor>
    <dc:description>This file contains bill summaries and statuses for federal legislation. A bill summary describes the most significant provisions of a piece of legislation and details the effects the legislative text may have on current law and federal programs. Bill summaries are authored by the Congressional Research Service (CRS) of the Library of Congress. As stated in Public Law 91-510 (2 USC 166 (d)(6)), one of the duties of CRS is "to prepare summaries and digests of bills and resolutions of a public general nature introduced in the Senate or House of Representatives". For more information, refer to the User Guide that accompanies this file.</dc:description>
  </dublinCore>
</billStatus>

