<?xml version="1.0" encoding="UTF-8"?>
<billStatus>
  <bill>
    <updateDate>2018-02-28T16:45:12Z</updateDate>
    <cboCostEstimates />
    <latestAction>
      <text>Read twice and referred to the Committee on Energy and Natural Resources.</text>
      <links />
      <actionDate>2017-03-02</actionDate>
    </latestAction>
    <billNumber>509</billNumber>
    <committeeReports />
    <title>Federal Land Invasive Species Control, Prevention, and Management Act</title>
    <summaries>
      <billSummaries>
        <item>
          <versionCode>00</versionCode>
          <actionDate>2017-03-02</actionDate>
          <actionDesc>Introduced in Senate</actionDesc>
          <text><![CDATA[<p><b>Federal Land Invasive Species Control, Prevention, and Management Act</b></p> <p>This bill directs each agency concerned (the Department of the Interior for federal land administered through the Bureau of Indian Affairs, Bureau of Land Management, Bureau of Reclamation, National Park Service, or U.S. Fish and Wildlife Service; the Department of Agriculture [USDA] for federal land administered through the U.S. Forest Service; and any other federal agency the duties of which require planning related to, and the treatment of, invasive species on federal land) to plan and carry out activities on land directly managed by the agency concerned to control and manage invasive species in order to inhibit or reduce their populations and to effectuate restoration or reclamation efforts. </p> <p> The agency concerned shall develop a strategic plan for the implementation of an invasive species program that endeavors to achieve a substantive annual net reduction of invasive species populations or infested acreage on land managed by that agency. </p> <p> Each strategic plan shall be developed: (1) in coordination with eligible states, their political subdivisions, and federally recognized Indian tribes; and (2) according to the priorities established by at least one governor of an eligible state in which an ecosystem affected by an invasive species is located. </p> <p> The agency concerned shall prioritize the use of the least costly option necessary to perform effectively, based on sound scientific data and other commonly used cost-effective benchmarks in an area. </p> <p> Projects and activities carried out under this bill must be coordinated with affected local governments according to certain criteria regarding the development and revision of land use plans under the Federal Land Policy and Management Act of 1976. </p>]]></text>
          <lastSummaryUpdateDate>2017-05-25T22:17:59Z</lastSummaryUpdateDate>
          <name>Introduced in Senate</name>
          <updateDate>2017-03-02T05:00:00Z</updateDate>
        </item>
      </billSummaries>
    </summaries>
    <billType>S</billType>
    <relatedBills>
      <item>
        <type>HR</type>
        <latestTitle>Federal Land Invasive Species Control, Prevention, and Management Act</latestTitle>
        <relationshipDetails>
          <item>
            <type>Identical bill</type>
            <identifiedBy>CRS</identifiedBy>
          </item>
        </relationshipDetails>
        <number>1330</number>
        <latestAction>
          <text>Referred to the Subcommittee on Conservation and Forestry.</text>
          <actionDate>2017-03-23</actionDate>
        </latestAction>
        <congress>115</congress>
      </item>
      <item>
        <type>HR</type>
        <latestTitle>Authorizing Critical Conservation and Enabling Sportsmen and Sportswomen Act</latestTitle>
        <relationshipDetails>
          <item>
            <type>Related bill</type>
            <identifiedBy>CRS</identifiedBy>
          </item>
        </relationshipDetails>
        <number>4489</number>
        <latestAction>
          <text>Referred to the Subcommittee on Conservation and Forestry.</text>
          <actionDate>2017-12-21</actionDate>
        </latestAction>
        <congress>115</congress>
      </item>
    </relatedBills>
    <calendarNumbers />
    <subjects>
      <billSubjects>
        <policyArea>
          <name>Public Lands and Natural Resources</name>
        </policyArea>
        <legislativeSubjects>
          <item>
            <name>Animal and plant health</name>
          </item>
          <item>
            <name>Aquatic ecology</name>
          </item>
          <item>
            <name>Ecology</name>
          </item>
          <item>
            <name>Environmental assessment, monitoring, research</name>
          </item>
          <item>
            <name>Environmental health</name>
          </item>
          <item>
            <name>General public lands matters</name>
          </item>
          <item>
            <name>Intergovernmental relations</name>
          </item>
          <item>
            <name>Pest management</name>
          </item>
          <item>
            <name>Public-private cooperation</name>
          </item>
          <item>
            <name>State and local government operations</name>
          </item>
          <item>
            <name>Wildlife conservation and habitat protection</name>
          </item>
        </legislativeSubjects>
      </billSubjects>
    </subjects>
    <policyArea>
      <name>Public Lands and Natural Resources</name>
    </policyArea>
    <committees>
      <billCommittees>
        <item>
          <activities>
            <item>
              <name>Referred to</name>
              <date>2017-03-02T20:13:23Z</date>
            </item>
          </activities>
          <chamber>Senate</chamber>
          <subcommittees />
          <systemCode>sseg00</systemCode>
          <name>Energy and Natural Resources Committee</name>
          <type>Standing</type>
        </item>
      </billCommittees>
    </committees>
    <createDate>2017-03-03T05:11:28Z</createDate>
    <laws />
    <recordedVotes />
    <cosponsors>
      <item>
        <fullName>Sen. Enzi, Michael B. [R-WY]</fullName>
        <firstName>MICHAEL</firstName>
        <party>R</party>
        <identifiers>
          <gpoId>8328</gpoId>
          <lisID>1542</lisID>
          <bioguideId>E000285</bioguideId>
        </identifiers>
        <isOriginalCosponsor>True</isOriginalCosponsor>
        <middleName>B.</middleName>
        <lastName>ENZI</lastName>
        <bioguideId>E000285</bioguideId>
        <state>WY</state>
        <sponsorshipDate>2017-03-02</sponsorshipDate>
        <sponsorshipWithdrawnDate />
      </item>
      <item>
        <fullName>Sen. Murkowski, Lisa [R-AK]</fullName>
        <firstName>Lisa</firstName>
        <party>R</party>
        <identifiers>
          <lisID>1694</lisID>
          <gpoId>8234</gpoId>
          <bioguideId>M001153</bioguideId>
        </identifiers>
        <isOriginalCosponsor>True</isOriginalCosponsor>
        <middleName />
        <lastName>Murkowski</lastName>
        <bioguideId>M001153</bioguideId>
        <state>AK</state>
        <sponsorshipDate>2017-03-02</sponsorshipDate>
        <sponsorshipWithdrawnDate />
      </item>
      <item>
        <fullName>Sen. Risch, James E. [R-ID]</fullName>
        <firstName>James</firstName>
        <party>R</party>
        <identifiers>
          <bioguideId>R000584</bioguideId>
          <gpoId>8274</gpoId>
          <lisID>1896</lisID>
        </identifiers>
        <isOriginalCosponsor>True</isOriginalCosponsor>
        <middleName>E.</middleName>
        <lastName>Risch</lastName>
        <bioguideId>R000584</bioguideId>
        <state>ID</state>
        <sponsorshipDate>2017-03-02</sponsorshipDate>
        <sponsorshipWithdrawnDate />
      </item>
      <item>
        <fullName>Sen. Lee, Mike [R-UT]</fullName>
        <firstName>Mike</firstName>
        <party>R</party>
        <identifiers>
          <bioguideId>L000577</bioguideId>
          <lisID>2080</lisID>
          <gpoId>8303</gpoId>
        </identifiers>
        <isOriginalCosponsor>False</isOriginalCosponsor>
        <middleName />
        <lastName>Lee</lastName>
        <bioguideId>L000577</bioguideId>
        <state>UT</state>
        <sponsorshipDate>2017-05-10</sponsorshipDate>
        <sponsorshipWithdrawnDate />
      </item>
    </cosponsors>
    <originChamber>Senate</originChamber>
    <sponsors>
      <item>
        <bioguideId>B001261</bioguideId>
        <firstName>John</firstName>
        <lastName>Barrasso</lastName>
        <state>WY</state>
        <party>R</party>
        <middleName />
        <byRequestType />
        <identifiers>
          <gpoId>8300</gpoId>
          <lisID>1881</lisID>
          <bioguideId>B001261</bioguideId>
        </identifiers>
        <fullName>Sen. Barrasso, John [R-WY]</fullName>
      </item>
    </sponsors>
    <introducedDate>2017-03-02</introducedDate>
    <amendments />
    <notes />
    <version>1.0.0</version>
    <congress>115</congress>
    <titles>
      <item>
        <parentTitleType />
        <titleType>(Extracted from GPO) Short Titles as Introduced</titleType>
        <title>Federal Land Invasive Species Control, Prevention, and Management Act</title>
        <chamberCode />
        <chamberName />
      </item>
      <item>
        <parentTitleType />
        <titleType>Short Titles as Introduced</titleType>
        <title>Federal Land Invasive Species Control, Prevention, and Management Act</title>
        <chamberCode />
        <chamberName />
      </item>
      <item>
        <parentTitleType />
        <titleType>Official Title as Introduced</titleType>
        <title>A bill to improve the control and management of invasive species that threaten and harm Federal land under the jurisdiction of the Secretary of Agriculture and the Secretary of the Interior, and for other purposes.</title>
        <chamberCode />
        <chamberName />
      </item>
      <item>
        <parentTitleType />
        <titleType>Display Title</titleType>
        <title>Federal Land Invasive Species Control, Prevention, and Management Act</title>
        <chamberCode />
        <chamberName />
      </item>
    </titles>
    <actions>
      <actionTypeCounts>
        <referredToCommittee>1</referredToCommittee>
        <introducedInSenate>1</introducedInSenate>
      </actionTypeCounts>
      <item>
        <actionDate>2017-03-02</actionDate>
        <committee>
          <systemCode>sseg00</systemCode>
          <name>Energy and Natural Resources Committee</name>
        </committee>
        <links />
        <sourceSystem>
          <code>0</code>
          <name>Senate</name>
        </sourceSystem>
        <text>Read twice and referred to the Committee on Energy and Natural Resources.</text>
        <type>IntroReferral</type>
      </item>
      <item>
        <sourceSystem>
          <code>9</code>
          <name>Library of Congress</name>
        </sourceSystem>
        <committee />
        <actionDate>2017-03-02</actionDate>
        <text>Introduced in Senate</text>
        <links />
        <actionCode>10000</actionCode>
        <type>IntroReferral</type>
      </item>
      <actionByCounts>
        <senate>2</senate>
      </actionByCounts>
    </actions>
  </bill>
  <dublinCore xmlns:dc="http://purl.org/dc/elements/1.1/">
    <dc:format>text/xml</dc:format>
    <dc:language>EN</dc:language>
    <dc:rights>Pursuant to Title 17 Section 105 of the United States Code, this file is not subject to copyright protection and is in the public domain.</dc:rights>
    <dc:contributor>Congressional Research Service, Library of Congress</dc:contributor>
    <dc:description>This file contains bill summaries and statuses for federal legislation. A bill summary describes the most significant provisions of a piece of legislation and details the effects the legislative text may have on current law and federal programs. Bill summaries are authored by the Congressional Research Service (CRS) of the Library of Congress. As stated in Public Law 91-510 (2 USC 166 (d)(6)), one of the duties of CRS is "to prepare summaries and digests of bills and resolutions of a public general nature introduced in the Senate or House of Representatives". For more information, refer to the User Guide that accompanies this file.</dc:description>
  </dublinCore>
</billStatus>

