<?xml version="1.0" encoding="UTF-8"?>
<billStatus>
  <bill>
    <actions>
      <item>
        <actionDate>2017-04-05</actionDate>
        <committee>
          <systemCode>sshr00</systemCode>
          <name>Health, Education, Labor, and Pensions Committee</name>
        </committee>
        <links />
        <sourceSystem>
          <name>Senate</name>
          <code>0</code>
        </sourceSystem>
        <text>Read twice and referred to the Committee on Health, Education, Labor, and Pensions.</text>
        <type>IntroReferral</type>
      </item>
      <item>
        <type>IntroReferral</type>
        <actionDate>2017-04-05</actionDate>
        <links />
        <text>Introduced in Senate</text>
        <sourceSystem>
          <name>Library of Congress</name>
          <code>9</code>
        </sourceSystem>
        <actionCode>10000</actionCode>
        <committee />
      </item>
      <actionTypeCounts>
        <referredToCommittee>1</referredToCommittee>
        <introducedInSenate>1</introducedInSenate>
      </actionTypeCounts>
      <actionByCounts>
        <senate>2</senate>
      </actionByCounts>
    </actions>
    <relatedBills>
      <item>
        <number>1912</number>
        <latestTitle>Black Lung Benefits Improvement Act of 2017</latestTitle>
        <congress>115</congress>
        <relationshipDetails>
          <item>
            <type>Related bill</type>
            <identifiedBy>CRS</identifiedBy>
          </item>
        </relationshipDetails>
        <latestAction>
          <actionDate>2017-04-05</actionDate>
          <text>Referred to House Ways and Means</text>
        </latestAction>
        <type>HR</type>
      </item>
    </relatedBills>
    <sponsors>
      <item>
        <fullName>Sen. Casey, Robert P., Jr. [D-PA]</fullName>
        <state>PA</state>
        <firstName>Bob</firstName>
        <bioguideId>C001070</bioguideId>
        <party>D</party>
        <middleName />
        <byRequestType />
        <identifiers>
          <bioguideId>C001070</bioguideId>
          <lisID>1828</lisID>
          <gpoId>8282</gpoId>
        </identifiers>
        <lastName>Casey</lastName>
      </item>
    </sponsors>
    <summaries>
      <billSummaries />
    </summaries>
    <version>1.0.0</version>
    <originChamber>Senate</originChamber>
    <title>Black Lung Benefits Improvement Act of 2017</title>
    <laws />
    <createDate>2017-04-06T02:11:54Z</createDate>
    <cboCostEstimates />
    <policyArea>
      <name>Labor and Employment</name>
    </policyArea>
    <cosponsors>
      <item>
        <bioguideId>B000944</bioguideId>
        <lastName>BROWN</lastName>
        <sponsorshipDate>2017-04-05</sponsorshipDate>
        <state>OH</state>
        <identifiers>
          <gpoId>8309</gpoId>
          <lisID>136</lisID>
          <bioguideId>B000944</bioguideId>
        </identifiers>
        <firstName>SHERROD</firstName>
        <isOriginalCosponsor>True</isOriginalCosponsor>
        <sponsorshipWithdrawnDate />
        <middleName />
        <party>D</party>
        <fullName>Sen. Brown, Sherrod [D-OH]</fullName>
      </item>
      <item>
        <bioguideId>M001183</bioguideId>
        <lastName>Manchin</lastName>
        <sponsorshipDate>2017-04-05</sponsorshipDate>
        <state>WV</state>
        <identifiers>
          <bioguideId>M001183</bioguideId>
          <lisID>1983</lisID>
          <gpoId>8256</gpoId>
        </identifiers>
        <firstName>Joe</firstName>
        <isOriginalCosponsor>True</isOriginalCosponsor>
        <sponsorshipWithdrawnDate />
        <middleName />
        <party>D</party>
        <fullName>Sen. Manchin, Joe, III [D-WV]</fullName>
      </item>
      <item>
        <bioguideId>K000384</bioguideId>
        <lastName>Kaine</lastName>
        <sponsorshipDate>2017-04-05</sponsorshipDate>
        <state>VA</state>
        <identifiers>
          <gpoId />
          <lisID>2176</lisID>
          <bioguideId>K000384</bioguideId>
        </identifiers>
        <firstName>Timothy</firstName>
        <isOriginalCosponsor>True</isOriginalCosponsor>
        <sponsorshipWithdrawnDate />
        <middleName />
        <party>D</party>
        <fullName>Sen. Kaine, Tim [D-VA]</fullName>
      </item>
      <item>
        <bioguideId>W000805</bioguideId>
        <lastName>Warner</lastName>
        <sponsorshipDate>2017-04-05</sponsorshipDate>
        <state>VA</state>
        <identifiers>
          <bioguideId>W000805</bioguideId>
          <lisID>1897</lisID>
          <gpoId>8269</gpoId>
        </identifiers>
        <firstName>Mark</firstName>
        <isOriginalCosponsor>True</isOriginalCosponsor>
        <sponsorshipWithdrawnDate />
        <middleName>R.</middleName>
        <party>D</party>
        <fullName>Sen. Warner, Mark R. [D-VA]</fullName>
      </item>
    </cosponsors>
    <titles>
      <item>
        <title>Black Lung Benefits Improvement Act of 2017</title>
        <chamberCode />
        <chamberName />
        <titleType>(Extracted from GPO) Short Titles as Introduced</titleType>
        <parentTitleType />
      </item>
      <item>
        <title>Black Lung Benefits Improvement Act of 2017</title>
        <chamberCode />
        <chamberName />
        <titleType>Short Titles as Introduced</titleType>
        <parentTitleType />
      </item>
      <item>
        <title>A bill to ensure that claims for benefits under the Black Lung Benefits Act are processed in a fair and timely manner, to better protect miners from pneumoconiosis (commonly known as "black lung disease"), and for other purposes.</title>
        <chamberCode />
        <chamberName />
        <titleType>Official Title as Introduced</titleType>
        <parentTitleType />
      </item>
      <item>
        <title>Black Lung Benefits Improvement Act of 2017</title>
        <chamberCode />
        <chamberName />
        <titleType>Display Title</titleType>
        <parentTitleType />
      </item>
    </titles>
    <updateDate>2017-09-11T02:59:08Z</updateDate>
    <subjects>
      <billSubjects>
        <policyArea>
          <name>Labor and Employment</name>
        </policyArea>
        <legislativeSubjects>
          <item>
            <name>Administrative law and regulatory procedures</name>
          </item>
          <item>
            <name>Administrative remedies</name>
          </item>
          <item>
            <name>Cardiovascular and respiratory health</name>
          </item>
          <item>
            <name>Centers for Disease Control and Prevention (CDC)</name>
          </item>
          <item>
            <name>Coal</name>
          </item>
          <item>
            <name>Congressional oversight</name>
          </item>
          <item>
            <name>Department of Labor</name>
          </item>
          <item>
            <name>Disability assistance</name>
          </item>
          <item>
            <name>Evidence and witnesses</name>
          </item>
          <item>
            <name>Executive agency funding and structure</name>
          </item>
          <item>
            <name>Fraud offenses and financial crimes</name>
          </item>
          <item>
            <name>Government information and archives</name>
          </item>
          <item>
            <name>Government studies and investigations</name>
          </item>
          <item>
            <name>Health information and medical records</name>
          </item>
          <item>
            <name>Health personnel</name>
          </item>
          <item>
            <name>Legal fees and court costs</name>
          </item>
          <item>
            <name>Medical ethics</name>
          </item>
          <item>
            <name>Medical tests and diagnostic methods</name>
          </item>
          <item>
            <name>Mining</name>
          </item>
          <item>
            <name>Social security and elderly assistance</name>
          </item>
          <item>
            <name>Tax administration and collection, taxpayers</name>
          </item>
          <item>
            <name>User charges and fees</name>
          </item>
          <item>
            <name>Wages and earnings</name>
          </item>
          <item>
            <name>Worker safety and health</name>
          </item>
        </legislativeSubjects>
      </billSubjects>
    </subjects>
    <recordedVotes />
    <billNumber>855</billNumber>
    <committeeReports />
    <amendments />
    <notes />
    <introducedDate>2017-04-05</introducedDate>
    <congress>115</congress>
    <committees>
      <billCommittees>
        <item>
          <subcommittees />
          <systemCode>sshr00</systemCode>
          <name>Health, Education, Labor, and Pensions Committee</name>
          <type>Standing</type>
          <chamber>Senate</chamber>
          <activities>
            <item>
              <date>2017-04-05T21:46:45Z</date>
              <name>Referred to</name>
            </item>
          </activities>
        </item>
      </billCommittees>
    </committees>
    <calendarNumbers />
    <billType>S</billType>
    <latestAction>
      <text>Read twice and referred to the Committee on Health, Education, Labor, and Pensions.</text>
      <actionDate>2017-04-05</actionDate>
      <links />
    </latestAction>
  </bill>
  <dublinCore xmlns:dc="http://purl.org/dc/elements/1.1/">
    <dc:format>text/xml</dc:format>
    <dc:language>EN</dc:language>
    <dc:rights>Pursuant to Title 17 Section 105 of the United States Code, this file is not subject to copyright protection and is in the public domain.</dc:rights>
    <dc:contributor>Congressional Research Service, Library of Congress</dc:contributor>
    <dc:description>This file contains bill summaries and statuses for federal legislation. A bill summary describes the most significant provisions of a piece of legislation and details the effects the legislative text may have on current law and federal programs. Bill summaries are authored by the Congressional Research Service (CRS) of the Library of Congress. As stated in Public Law 91-510 (2 USC 166 (d)(6)), one of the duties of CRS is "to prepare summaries and digests of bills and resolutions of a public general nature introduced in the Senate or House of Representatives". For more information, refer to the User Guide that accompanies this file.</dc:description>
  </dublinCore>
</billStatus>

