<?xml version="1.0" encoding="UTF-8"?>
<billStatus>
  <bill>
    <titles>
      <item>
        <parentTitleType />
        <chamberCode />
        <chamberName />
        <titleType>(Extracted from GPO) Short Titles as Introduced</titleType>
        <title>Homeless Children and Youth Act of 2017</title>
      </item>
      <item>
        <parentTitleType />
        <chamberCode />
        <chamberName />
        <titleType>Short Titles as Introduced</titleType>
        <title>Homeless Children and Youth Act of 2017</title>
      </item>
      <item>
        <parentTitleType />
        <chamberCode />
        <chamberName />
        <titleType>Official Title as Introduced</titleType>
        <title>A bill to amend the McKinney-Vento Homeless Assistance Act to meet the needs of homeless children, youth, and families, and honor the assessments and priorities of local communities.</title>
      </item>
      <item>
        <parentTitleType />
        <chamberCode />
        <chamberName />
        <titleType>Display Title</titleType>
        <title>Homeless Children and Youth Act of 2017</title>
      </item>
    </titles>
    <committeeReports />
    <sponsors>
      <item>
        <firstName>DIANNE</firstName>
        <identifiers>
          <lisID>1332</lisID>
          <gpoId>8338</gpoId>
          <bioguideId>F000062</bioguideId>
        </identifiers>
        <party>D</party>
        <bioguideId>F000062</bioguideId>
        <lastName>FEINSTEIN</lastName>
        <fullName>Sen. Feinstein, Dianne [D-CA]</fullName>
        <byRequestType />
        <middleName />
        <state>CA</state>
      </item>
    </sponsors>
    <title>Homeless Children and Youth Act of 2017</title>
    <actions>
      <actionByCounts>
        <senate>2</senate>
      </actionByCounts>
      <actionTypeCounts>
        <referredToCommittee>1</referredToCommittee>
        <introducedInSenate>1</introducedInSenate>
      </actionTypeCounts>
      <item>
        <actionDate>2017-03-13</actionDate>
        <committee>
          <name>Banking, Housing, and Urban Affairs Committee</name>
          <systemCode>ssbk00</systemCode>
        </committee>
        <links>
          <link>
            <name>S1780-1781</name>
            <url>https://www.congress.gov/congressional-record/volume-163/senate-section/page/S1780-1781</url>
          </link>
        </links>
        <sourceSystem>
          <code>0</code>
          <name>Senate</name>
        </sourceSystem>
        <text>Read twice and referred to the Committee on Banking, Housing, and Urban Affairs. (Sponsor introductory remarks on measure: CR S1780-1781)</text>
        <type>IntroReferral</type>
      </item>
      <item>
        <text>Introduced in Senate</text>
        <links />
        <sourceSystem>
          <code>9</code>
          <name>Library of Congress</name>
        </sourceSystem>
        <actionCode>10000</actionCode>
        <type>IntroReferral</type>
        <committee />
        <actionDate>2017-03-13</actionDate>
      </item>
    </actions>
    <summaries>
      <billSummaries>
        <item>
          <versionCode>00</versionCode>
          <updateDate>2017-03-13T04:00:00Z</updateDate>
          <actionDesc>Introduced in Senate</actionDesc>
          <lastSummaryUpdateDate>2018-01-30T14:10:13Z</lastSummaryUpdateDate>
          <actionDate>2017-03-13</actionDate>
          <name>Introduced in Senate</name>
          <text><![CDATA[<p><b>Homeless Children and Youth Act of 2017</b></p> <p>This bill amends the McKinney-Vento Homeless Assistance Act to modify definitions relating to homeless individuals and homeless children or youth as used by the Department of Housing and Urban Development (HUD) to verify eligibility for HUD homeless assistance programs to align them with the definitions of &quot;homeless&quot; used to verify eligibility for other federal assistance programs. (The amended definitions would increase access to federal homeless programs by homeless children, youth, and families.)</p>  <p>The community-wide homeless management information system shall be made publicly available on HUD's website.</p>]]></text>
        </item>
      </billSummaries>
    </summaries>
    <recordedVotes />
    <billNumber>611</billNumber>
    <calendarNumbers />
    <cosponsors>
      <item>
        <isOriginalCosponsor>True</isOriginalCosponsor>
        <fullName>Sen. Portman, Rob [R-OH]</fullName>
        <middleName />
        <state>OH</state>
        <sponsorshipDate>2017-03-13</sponsorshipDate>
        <firstName>ROB</firstName>
        <bioguideId>P000449</bioguideId>
        <party>R</party>
        <lastName>PORTMAN</lastName>
        <sponsorshipWithdrawnDate />
        <identifiers>
          <bioguideId>P000449</bioguideId>
          <gpoId>8266</gpoId>
          <lisID>924</lisID>
        </identifiers>
      </item>
      <item>
        <isOriginalCosponsor>False</isOriginalCosponsor>
        <fullName>Sen. Baldwin, Tammy [D-WI]</fullName>
        <middleName />
        <state>WI</state>
        <sponsorshipDate>2017-04-25</sponsorshipDate>
        <firstName>TAMMY</firstName>
        <bioguideId>B001230</bioguideId>
        <party>D</party>
        <lastName>BALDWIN</lastName>
        <sponsorshipWithdrawnDate />
        <identifiers>
          <lisID>1558</lisID>
          <bioguideId>B001230</bioguideId>
          <gpoId>8215</gpoId>
        </identifiers>
      </item>
      <item>
        <isOriginalCosponsor>False</isOriginalCosponsor>
        <fullName>Sen. Heitkamp, Heidi [D-ND]</fullName>
        <middleName />
        <state>ND</state>
        <sponsorshipDate>2017-09-05</sponsorshipDate>
        <firstName>Heidi</firstName>
        <bioguideId>H001069</bioguideId>
        <party>D</party>
        <lastName>Heitkamp</lastName>
        <sponsorshipWithdrawnDate />
        <identifiers>
          <gpoId />
          <lisID>2174</lisID>
          <bioguideId>H001069</bioguideId>
        </identifiers>
      </item>
      <item>
        <isOriginalCosponsor>False</isOriginalCosponsor>
        <fullName>Sen. Scott, Tim [R-SC]</fullName>
        <middleName />
        <state>SC</state>
        <sponsorshipDate>2017-11-07</sponsorshipDate>
        <firstName>Tim</firstName>
        <bioguideId>S001184</bioguideId>
        <party>R</party>
        <lastName>Scott</lastName>
        <sponsorshipWithdrawnDate />
        <identifiers>
          <bioguideId>S001184</bioguideId>
          <lisID>2056</lisID>
          <gpoId>8141</gpoId>
        </identifiers>
      </item>
      <item>
        <isOriginalCosponsor>False</isOriginalCosponsor>
        <fullName>Sen. Hatch, Orrin G. [R-UT]</fullName>
        <middleName>GRANT</middleName>
        <state>UT</state>
        <sponsorshipDate>2017-12-06</sponsorshipDate>
        <firstName>ORRIN</firstName>
        <bioguideId>H000338</bioguideId>
        <party>R</party>
        <lastName>HATCH</lastName>
        <sponsorshipWithdrawnDate />
        <identifiers>
          <lisID>1351</lisID>
          <bioguideId>H000338</bioguideId>
          <gpoId>8314</gpoId>
        </identifiers>
      </item>
    </cosponsors>
    <version>1.0.0</version>
    <subjects>
      <billSubjects>
        <legislativeSubjects>
          <item>
            <name>Administrative law and regulatory procedures</name>
          </item>
          <item>
            <name>Child care and development</name>
          </item>
          <item>
            <name>Child safety and welfare</name>
          </item>
          <item>
            <name>Congressional oversight</name>
          </item>
          <item>
            <name>Crimes against women</name>
          </item>
          <item>
            <name>Department of Housing and Urban Development</name>
          </item>
          <item>
            <name>Domestic violence and child abuse</name>
          </item>
          <item>
            <name>Family services</name>
          </item>
          <item>
            <name>Government information and archives</name>
          </item>
          <item>
            <name>Health care coverage and access</name>
          </item>
          <item>
            <name>Homelessness and emergency shelter</name>
          </item>
          <item>
            <name>Housing and community development funding</name>
          </item>
          <item>
            <name>Mental health</name>
          </item>
          <item>
            <name>Vocational and technical education</name>
          </item>
        </legislativeSubjects>
        <policyArea>
          <name>Housing and Community Development</name>
        </policyArea>
      </billSubjects>
    </subjects>
    <latestAction>
      <text>Read twice and referred to the Committee on Banking, Housing, and Urban Affairs. (Sponsor introductory remarks on measure: CR S1780-1781)</text>
      <links />
      <actionDate>2017-03-13</actionDate>
    </latestAction>
    <originChamber>Senate</originChamber>
    <laws />
    <notes />
    <createDate>2017-03-14T05:27:25Z</createDate>
    <billType>S</billType>
    <updateDate>2018-02-06T16:44:59Z</updateDate>
    <policyArea>
      <name>Housing and Community Development</name>
    </policyArea>
    <cboCostEstimates />
    <introducedDate>2017-03-13</introducedDate>
    <amendments />
    <relatedBills>
      <item>
        <number>1511</number>
        <type>HR</type>
        <latestAction>
          <text>Referred to House Education and the Workforce</text>
          <actionDate>2017-03-13</actionDate>
        </latestAction>
        <congress>115</congress>
        <latestTitle>Homeless Children and Youth Act of 2017</latestTitle>
        <relationshipDetails>
          <item>
            <identifiedBy>CRS</identifiedBy>
            <type>Identical bill</type>
          </item>
        </relationshipDetails>
      </item>
    </relatedBills>
    <congress>115</congress>
    <committees>
      <billCommittees>
        <item>
          <chamber>Senate</chamber>
          <subcommittees />
          <type>Standing</type>
          <activities>
            <item>
              <date>2017-03-13T19:50:29Z</date>
              <name>Referred to</name>
            </item>
          </activities>
          <systemCode>ssbk00</systemCode>
          <name>Banking, Housing, and Urban Affairs Committee</name>
        </item>
      </billCommittees>
    </committees>
  </bill>
  <dublinCore xmlns:dc="http://purl.org/dc/elements/1.1/">
    <dc:format>text/xml</dc:format>
    <dc:language>EN</dc:language>
    <dc:rights>Pursuant to Title 17 Section 105 of the United States Code, this file is not subject to copyright protection and is in the public domain.</dc:rights>
    <dc:contributor>Congressional Research Service, Library of Congress</dc:contributor>
    <dc:description>This file contains bill summaries and statuses for federal legislation. A bill summary describes the most significant provisions of a piece of legislation and details the effects the legislative text may have on current law and federal programs. Bill summaries are authored by the Congressional Research Service (CRS) of the Library of Congress. As stated in Public Law 91-510 (2 USC 166 (d)(6)), one of the duties of CRS is "to prepare summaries and digests of bills and resolutions of a public general nature introduced in the Senate or House of Representatives". For more information, refer to the User Guide that accompanies this file.</dc:description>
  </dublinCore>
</billStatus>

