<?xml version="1.0" encoding="UTF-8"?>
<billStatus>
  <bill>
    <relatedBills />
    <originChamber>Senate</originChamber>
    <recordedVotes />
    <latestAction>
      <text>Referred to the House Committee on Oversight and Government Reform.</text>
      <links />
      <actionDate>2017-06-14</actionDate>
    </latestAction>
    <createDate>2017-04-06T02:11:54Z</createDate>
    <title>A bill to designate the facility of the United States Postal Service located at 120 West Pike Street in Canonsburg, Pennsylvania, as the "Police Officer Scott Bashioum Post Office Building".</title>
    <summaries>
      <billSummaries>
        <item>
          <text><![CDATA[Designates the facility of the United States Postal Service located at 120 West Pike Street in Canonsburg, Pennsylvania, as the "Police Officer Scott Bashioum Post Office Building."]]></text>
          <actionDate>2017-04-05</actionDate>
          <updateDate>2017-04-05T04:00:00Z</updateDate>
          <lastSummaryUpdateDate>2017-04-06T08:03:54Z</lastSummaryUpdateDate>
          <name>Introduced in Senate</name>
          <actionDesc>Introduced in Senate</actionDesc>
          <versionCode>00</versionCode>
        </item>
      </billSummaries>
    </summaries>
    <actions>
      <item>
        <committee>
          <systemCode>hsgo00</systemCode>
          <name>Oversight and Government Reform Committee</name>
        </committee>
        <sourceSystem>
          <code>2</code>
          <name>House floor actions</name>
        </sourceSystem>
        <actionDate>2017-06-14</actionDate>
        <text>Referred to the House Committee on Oversight and Government Reform.</text>
        <links />
        <type>IntroReferral</type>
        <actionCode>H11100</actionCode>
      </item>
      <item>
        <committee />
        <sourceSystem>
          <code>2</code>
          <name>House floor actions</name>
        </sourceSystem>
        <actionDate>2017-06-14</actionDate>
        <text>Received in the House.</text>
        <actionTime>12:31:01</actionTime>
        <links />
        <actionCode>H14000</actionCode>
        <type>Floor</type>
      </item>
      <item>
        <actionDate>2017-06-14</actionDate>
        <committee />
        <links />
        <sourceSystem>
          <code>0</code>
          <name>Senate</name>
        </sourceSystem>
        <text>Message on Senate action sent to the House.</text>
        <type>Floor</type>
      </item>
      <item>
        <actionDate>2017-06-13</actionDate>
        <committee />
        <links>
          <link>
            <url>https://www.congress.gov/congressional-record/volume-163/senate-section/page/S3459</url>
            <name>S3459</name>
          </link>
        </links>
        <sourceSystem>
          <code>0</code>
          <name>Senate</name>
        </sourceSystem>
        <text>Passed Senate without amendment by Unanimous Consent. (consideration: CR S3459; text: CR S3459)</text>
        <type>Floor</type>
      </item>
      <item>
        <committee />
        <sourceSystem>
          <code>9</code>
          <name>Library of Congress</name>
        </sourceSystem>
        <actionDate>2017-06-13</actionDate>
        <text>Passed/agreed to in Senate: Passed Senate without amendment by Unanimous Consent.</text>
        <links />
        <type>Floor</type>
        <actionCode>17000</actionCode>
      </item>
      <item>
        <actionDate>2017-05-17</actionDate>
        <committee />
        <links />
        <sourceSystem>
          <code>0</code>
          <name>Senate</name>
        </sourceSystem>
        <text>Placed on Senate Legislative Calendar under General Orders. Calendar No. 92.</text>
        <type>Calendars</type>
      </item>
      <item>
        <actionDate>2017-05-17</actionDate>
        <committee>
          <systemCode>ssga00</systemCode>
          <name>Homeland Security and Governmental Affairs Committee</name>
        </committee>
        <links />
        <sourceSystem>
          <code>0</code>
          <name>Senate</name>
        </sourceSystem>
        <text>Committee on Homeland Security and Governmental Affairs. Reported by Senator Johnson without amendment. Without written report.</text>
        <type>Committee</type>
      </item>
      <item>
        <committee>
          <systemCode>ssga00</systemCode>
          <name>Homeland Security and Governmental Affairs Committee</name>
        </committee>
        <sourceSystem>
          <code>9</code>
          <name>Library of Congress</name>
        </sourceSystem>
        <actionDate>2017-05-17</actionDate>
        <text>Committee on Homeland Security and Governmental Affairs. Reported by Senator Johnson without amendment. Without written report.</text>
        <links />
        <type>Committee</type>
        <actionCode>14000</actionCode>
      </item>
      <item>
        <actionDate>2017-05-17</actionDate>
        <committee>
          <systemCode>ssga00</systemCode>
          <name>Homeland Security and Governmental Affairs Committee</name>
        </committee>
        <links />
        <sourceSystem>
          <code>0</code>
          <name>Senate</name>
        </sourceSystem>
        <text>Committee on Homeland Security and Governmental Affairs. Ordered to be reported without amendment favorably.</text>
        <type>Committee</type>
      </item>
      <item>
        <actionDate>2017-04-05</actionDate>
        <committee>
          <systemCode>ssga00</systemCode>
          <name>Homeland Security and Governmental Affairs Committee</name>
        </committee>
        <links />
        <sourceSystem>
          <code>0</code>
          <name>Senate</name>
        </sourceSystem>
        <text>Read twice and referred to the Committee on Homeland Security and Governmental Affairs.</text>
        <type>IntroReferral</type>
      </item>
      <item>
        <committee />
        <sourceSystem>
          <code>9</code>
          <name>Library of Congress</name>
        </sourceSystem>
        <actionDate>2017-04-05</actionDate>
        <text>Introduced in Senate</text>
        <links />
        <type>IntroReferral</type>
        <actionCode>10000</actionCode>
      </item>
      <actionByCounts>
        <houseOfRepresentatives>2</houseOfRepresentatives>
        <senate>9</senate>
      </actionByCounts>
      <actionTypeCounts>
        <billReferrals>1</billReferrals>
        <passedAgreedToInSenate>1</passedAgreedToInSenate>
        <referredToCommittee>1</referredToCommittee>
        <reportedToSenate>2</reportedToSenate>
        <passedSenate>1</passedSenate>
        <sentToHouse>1</sentToHouse>
        <orderedReported>1</orderedReported>
        <placedOnCalendarGeneralOrders>1</placedOnCalendarGeneralOrders>
        <introducedInSenate>1</introducedInSenate>
        <receivedInTheHouse>1</receivedInTheHouse>
      </actionTypeCounts>
    </actions>
    <updateDate>2018-02-06T16:45:11Z</updateDate>
    <amendments />
    <notes />
    <sponsors>
      <item>
        <bioguideId>T000461</bioguideId>
        <middleName />
        <byRequestType />
        <firstName>Pat</firstName>
        <lastName>Toomey</lastName>
        <state>PA</state>
        <party>R</party>
        <identifiers>
          <bioguideId>T000461</bioguideId>
          <gpoId />
          <lisID>1594</lisID>
        </identifiers>
        <fullName>Sen. Toomey, Pat [R-PA]</fullName>
      </item>
    </sponsors>
    <committees>
      <billCommittees>
        <item>
          <subcommittees />
          <type>Standing</type>
          <systemCode>hsgo00</systemCode>
          <activities>
            <item>
              <name>Referred to</name>
              <date>2017-06-14T16:41:03Z</date>
            </item>
          </activities>
          <name>Oversight and Government Reform Committee</name>
          <chamber>House</chamber>
        </item>
        <item>
          <subcommittees />
          <type>Standing</type>
          <systemCode>ssga00</systemCode>
          <activities>
            <item>
              <name>Reported by</name>
              <date>2017-05-17T20:41:22Z</date>
            </item>
            <item>
              <name>Markup by</name>
              <date>2017-05-17T14:00:56Z</date>
            </item>
            <item>
              <name>Referred to</name>
              <date>2017-04-05T17:03:28Z</date>
            </item>
          </activities>
          <name>Homeland Security and Governmental Affairs Committee</name>
          <chamber>Senate</chamber>
        </item>
      </billCommittees>
    </committees>
    <cosponsors>
      <item>
        <party>D</party>
        <bioguideId>C001070</bioguideId>
        <isOriginalCosponsor>True</isOriginalCosponsor>
        <firstName>Bob</firstName>
        <middleName />
        <sponsorshipWithdrawnDate />
        <sponsorshipDate>2017-04-05</sponsorshipDate>
        <fullName>Sen. Casey, Robert P., Jr. [D-PA]</fullName>
        <identifiers>
          <gpoId>8282</gpoId>
          <bioguideId>C001070</bioguideId>
          <lisID>1828</lisID>
        </identifiers>
        <lastName>Casey</lastName>
        <state>PA</state>
      </item>
    </cosponsors>
    <laws />
    <policyArea>
      <name>Government Operations and Politics</name>
    </policyArea>
    <cboCostEstimates />
    <billNumber>831</billNumber>
    <congress>115</congress>
    <version>1.0.0</version>
    <introducedDate>2017-04-05</introducedDate>
    <committeeReports />
    <titles>
      <item>
        <chamberName />
        <titleType>Official Title as Introduced</titleType>
        <title>A bill to designate the facility of the United States Postal Service located at 120 West Pike Street in Canonsburg, Pennsylvania, as the "Police Officer Scott Bashioum Post Office Building".</title>
        <parentTitleType />
        <chamberCode />
      </item>
      <item>
        <chamberName />
        <titleType>Display Title</titleType>
        <title>A bill to designate the facility of the United States Postal Service located at 120 West Pike Street in Canonsburg, Pennsylvania, as the "Police Officer Scott Bashioum Post Office Building".</title>
        <parentTitleType />
        <chamberCode />
      </item>
    </titles>
    <calendarNumbers>
      <item>
        <calendar>Senate Calendar of Business</calendar>
        <number>0092</number>
      </item>
    </calendarNumbers>
    <subjects>
      <billSubjects>
        <policyArea>
          <name>Government Operations and Politics</name>
        </policyArea>
        <legislativeSubjects>
          <item>
            <name>Congressional tributes</name>
          </item>
          <item>
            <name>Government buildings, facilities, and property</name>
          </item>
          <item>
            <name>Law enforcement officers</name>
          </item>
          <item>
            <name>Pennsylvania</name>
          </item>
          <item>
            <name>Postal service</name>
          </item>
        </legislativeSubjects>
      </billSubjects>
    </subjects>
    <billType>S</billType>
  </bill>
  <dublinCore xmlns:dc="http://purl.org/dc/elements/1.1/">
    <dc:format>text/xml</dc:format>
    <dc:language>EN</dc:language>
    <dc:rights>Pursuant to Title 17 Section 105 of the United States Code, this file is not subject to copyright protection and is in the public domain.</dc:rights>
    <dc:contributor>Congressional Research Service, Library of Congress</dc:contributor>
    <dc:description>This file contains bill summaries and statuses for federal legislation. A bill summary describes the most significant provisions of a piece of legislation and details the effects the legislative text may have on current law and federal programs. Bill summaries are authored by the Congressional Research Service (CRS) of the Library of Congress. As stated in Public Law 91-510 (2 USC 166 (d)(6)), one of the duties of CRS is "to prepare summaries and digests of bills and resolutions of a public general nature introduced in the Senate or House of Representatives". For more information, refer to the User Guide that accompanies this file.</dc:description>
  </dublinCore>
</billStatus>

