<?xml version="1.0" encoding="UTF-8"?>
<billStatus>
  <bill>
    <calendarNumbers />
    <congress>115</congress>
    <titles>
      <item>
        <chamberName />
        <titleType>(Extracted from GPO) Short Titles as Introduced</titleType>
        <title>Child and Dependent Care Tax Credit Enhancement Act of 2017</title>
        <parentTitleType />
        <chamberCode />
      </item>
      <item>
        <chamberName />
        <titleType>Short Titles as Introduced</titleType>
        <title>Child and Dependent Care Tax Credit Enhancement Act of 2017</title>
        <parentTitleType />
        <chamberCode />
      </item>
      <item>
        <chamberName />
        <titleType>Official Title as Introduced</titleType>
        <title>A bill to amend the Internal Revenue Code of 1986 to enhance the Child and Dependent Care Tax Credit and make the credit fully refundable.</title>
        <parentTitleType />
        <chamberCode />
      </item>
      <item>
        <chamberName />
        <titleType>Display Title</titleType>
        <title>Child and Dependent Care Tax Credit Enhancement Act of 2017</title>
        <parentTitleType />
        <chamberCode />
      </item>
    </titles>
    <introducedDate>2017-02-28</introducedDate>
    <latestAction>
      <actionDate>2017-02-28</actionDate>
      <text>Read twice and referred to the Committee on Finance.</text>
      <links />
    </latestAction>
    <title>Child and Dependent Care Tax Credit Enhancement Act of 2017</title>
    <subjects>
      <billSubjects>
        <policyArea>
          <name>Taxation</name>
        </policyArea>
        <legislativeSubjects>
          <item>
            <name>Child care and development</name>
          </item>
          <item>
            <name>Income tax credits</name>
          </item>
          <item>
            <name>Inflation and prices</name>
          </item>
        </legislativeSubjects>
      </billSubjects>
    </subjects>
    <relatedBills>
      <item>
        <number>2633</number>
        <congress>115</congress>
        <relationshipDetails>
          <item>
            <type>Identical bill</type>
            <identifiedBy>CRS</identifiedBy>
          </item>
        </relationshipDetails>
        <latestTitle>Child and Dependent Care Tax Credit Enhancement Act of 2017</latestTitle>
        <latestAction>
          <text>Referred to the House Committee on Ways and Means.</text>
          <actionDate>2017-05-24</actionDate>
        </latestAction>
        <type>HR</type>
      </item>
      <item>
        <number>2238</number>
        <congress>115</congress>
        <relationshipDetails>
          <item>
            <type>Related bill</type>
            <identifiedBy>CRS</identifiedBy>
          </item>
        </relationshipDetails>
        <latestTitle>Child and Dependent Care Tax Credit Improvement Act of 2017</latestTitle>
        <latestAction>
          <text>Referred to the House Committee on Ways and Means.</text>
          <actionDate>2017-04-28</actionDate>
        </latestAction>
        <type>HR</type>
      </item>
      <item>
        <number>1880</number>
        <congress>115</congress>
        <relationshipDetails>
          <item>
            <type>Related bill</type>
            <identifiedBy>CRS</identifiedBy>
          </item>
        </relationshipDetails>
        <latestTitle>We the People Democracy Reform Act of 2017</latestTitle>
        <latestAction>
          <text>Read twice and referred to the Committee on Finance.</text>
          <actionDate>2017-09-27</actionDate>
        </latestAction>
        <type>S</type>
      </item>
    </relatedBills>
    <updateDate>2018-02-06T16:44:51Z</updateDate>
    <committeeReports />
    <notes />
    <recordedVotes />
    <amendments />
    <createDate>2017-03-01T05:20:57Z</createDate>
    <committees>
      <billCommittees>
        <item>
          <name>Finance Committee</name>
          <chamber>Senate</chamber>
          <type>Standing</type>
          <subcommittees />
          <systemCode>ssfi00</systemCode>
          <activities>
            <item>
              <name>Referred to</name>
              <date>2017-02-28T19:45:02Z</date>
            </item>
          </activities>
        </item>
      </billCommittees>
    </committees>
    <cboCostEstimates />
    <billNumber>470</billNumber>
    <policyArea>
      <name>Taxation</name>
    </policyArea>
    <version>1.0.0</version>
    <billType>S</billType>
    <originChamber>Senate</originChamber>
    <actions>
      <actionByCounts>
        <senate>2</senate>
      </actionByCounts>
      <actionTypeCounts>
        <referredToCommittee>1</referredToCommittee>
        <introducedInSenate>1</introducedInSenate>
      </actionTypeCounts>
      <item>
        <actionDate>2017-02-28</actionDate>
        <committee>
          <systemCode>ssfi00</systemCode>
          <name>Finance Committee</name>
        </committee>
        <links />
        <sourceSystem>
          <name>Senate</name>
          <code>0</code>
        </sourceSystem>
        <text>Read twice and referred to the Committee on Finance.</text>
        <type>IntroReferral</type>
      </item>
      <item>
        <sourceSystem>
          <name>Library of Congress</name>
          <code>9</code>
        </sourceSystem>
        <actionDate>2017-02-28</actionDate>
        <text>Introduced in Senate</text>
        <type>IntroReferral</type>
        <links />
        <committee />
        <actionCode>10000</actionCode>
      </item>
    </actions>
    <sponsors>
      <item>
        <bioguideId>C001070</bioguideId>
        <party>D</party>
        <firstName>Bob</firstName>
        <middleName />
        <byRequestType />
        <fullName>Sen. Casey, Robert P., Jr. [D-PA]</fullName>
        <identifiers>
          <gpoId>8282</gpoId>
          <bioguideId>C001070</bioguideId>
          <lisID>1828</lisID>
        </identifiers>
        <lastName>Casey</lastName>
        <state>PA</state>
      </item>
    </sponsors>
    <summaries>
      <billSummaries>
        <item>
          <versionCode>00</versionCode>
          <updateDate>2017-02-28T05:00:00Z</updateDate>
          <actionDate>2017-02-28</actionDate>
          <text><![CDATA[<p><strong>Child and Dependent Care Tax Credit Enhancement Act of 201</strong><b>7</b></p> <p>This bill amends the Internal Revenue Code, with respect to the tax credit for employment-related expenses incurred for the care of a taxpayer's dependent, to: (1) increase to $120,000, the adjusted gross income threshold level above which such credit is incrementally reduced; (2) increase the dollar limit on the allowable amount of such credit; (3) allow an inflation adjustment to the adjusted gross income threshold and the maximum credit amounts, beginning after 2018; and (4) make such credit refundable. </p>]]></text>
          <actionDesc>Introduced in Senate</actionDesc>
          <lastSummaryUpdateDate>2017-03-08T15:27:12Z</lastSummaryUpdateDate>
          <name>Introduced in Senate</name>
        </item>
      </billSummaries>
    </summaries>
    <laws />
    <cosponsors>
      <item>
        <bioguideId>W000779</bioguideId>
        <sponsorshipDate>2017-02-28</sponsorshipDate>
        <isOriginalCosponsor>True</isOriginalCosponsor>
        <middleName />
        <sponsorshipWithdrawnDate />
        <firstName>RON</firstName>
        <lastName>WYDEN</lastName>
        <state>OR</state>
        <party>D</party>
        <identifiers>
          <gpoId>8265</gpoId>
          <lisID>1247</lisID>
          <bioguideId>W000779</bioguideId>
        </identifiers>
        <fullName>Sen. Wyden, Ron [D-OR]</fullName>
      </item>
      <item>
        <bioguideId>B000944</bioguideId>
        <sponsorshipDate>2017-02-28</sponsorshipDate>
        <isOriginalCosponsor>True</isOriginalCosponsor>
        <middleName />
        <sponsorshipWithdrawnDate />
        <firstName>SHERROD</firstName>
        <lastName>BROWN</lastName>
        <state>OH</state>
        <party>D</party>
        <identifiers>
          <lisID>136</lisID>
          <gpoId>8309</gpoId>
          <bioguideId>B000944</bioguideId>
        </identifiers>
        <fullName>Sen. Brown, Sherrod [D-OH]</fullName>
      </item>
      <item>
        <bioguideId>S000770</bioguideId>
        <sponsorshipDate>2017-02-28</sponsorshipDate>
        <isOriginalCosponsor>True</isOriginalCosponsor>
        <middleName>ANN</middleName>
        <sponsorshipWithdrawnDate />
        <firstName>DEBORAH</firstName>
        <lastName>STABENOW</lastName>
        <state>MI</state>
        <party>D</party>
        <identifiers>
          <gpoId>8261</gpoId>
          <bioguideId>S000770</bioguideId>
          <lisID>1531</lisID>
        </identifiers>
        <fullName>Sen. Stabenow, Debbie [D-MI]</fullName>
      </item>
      <item>
        <bioguideId>M001111</bioguideId>
        <sponsorshipDate>2017-02-28</sponsorshipDate>
        <isOriginalCosponsor>True</isOriginalCosponsor>
        <middleName />
        <sponsorshipWithdrawnDate />
        <firstName>PATTY</firstName>
        <lastName>MURRAY</lastName>
        <state>WA</state>
        <party>D</party>
        <identifiers>
          <bioguideId>M001111</bioguideId>
          <lisID>1409</lisID>
          <gpoId>8237</gpoId>
        </identifiers>
        <fullName>Sen. Murray, Patty [D-WA]</fullName>
      </item>
      <item>
        <bioguideId>C000141</bioguideId>
        <sponsorshipDate>2017-02-28</sponsorshipDate>
        <isOriginalCosponsor>True</isOriginalCosponsor>
        <middleName>L.</middleName>
        <sponsorshipWithdrawnDate />
        <firstName>BENJAMIN</firstName>
        <lastName>CARDIN</lastName>
        <state>MD</state>
        <party>D</party>
        <identifiers>
          <lisID>174</lisID>
          <gpoId>8287</gpoId>
          <bioguideId>C000141</bioguideId>
        </identifiers>
        <fullName>Sen. Cardin, Benjamin L. [D-MD]</fullName>
      </item>
      <item>
        <bioguideId>M000639</bioguideId>
        <sponsorshipDate>2017-02-28</sponsorshipDate>
        <isOriginalCosponsor>True</isOriginalCosponsor>
        <middleName />
        <sponsorshipWithdrawnDate />
        <firstName>ROBERT</firstName>
        <lastName>MENENDEZ</lastName>
        <state>NJ</state>
        <party>D</party>
        <identifiers>
          <lisID>791</lisID>
          <bioguideId>M000639</bioguideId>
          <gpoId>8239</gpoId>
        </identifiers>
        <fullName>Sen. Menendez, Robert [D-NJ]</fullName>
      </item>
      <item>
        <bioguideId>G000555</bioguideId>
        <sponsorshipDate>2017-04-25</sponsorshipDate>
        <isOriginalCosponsor>False</isOriginalCosponsor>
        <middleName>E.</middleName>
        <sponsorshipWithdrawnDate />
        <firstName>Kirsten</firstName>
        <lastName>Gillibrand</lastName>
        <state>NY</state>
        <party>D</party>
        <identifiers>
          <gpoId>8336</gpoId>
          <lisID>1866</lisID>
          <bioguideId>G000555</bioguideId>
        </identifiers>
        <fullName>Sen. Gillibrand, Kirsten E. [D-NY]</fullName>
      </item>
      <item>
        <bioguideId>H001076</bioguideId>
        <sponsorshipDate>2017-05-01</sponsorshipDate>
        <isOriginalCosponsor>False</isOriginalCosponsor>
        <middleName>Wood</middleName>
        <sponsorshipWithdrawnDate />
        <firstName>Margaret</firstName>
        <lastName>Hassan</lastName>
        <state>NH</state>
        <party>D</party>
        <identifiers>
          <gpoId />
          <bioguideId>H001076</bioguideId>
          <lisID>2302</lisID>
        </identifiers>
        <fullName>Sen. Hassan, Margaret Wood [D-NH]</fullName>
      </item>
      <item>
        <bioguideId>F000457</bioguideId>
        <sponsorshipDate>2017-05-23</sponsorshipDate>
        <isOriginalCosponsor>False</isOriginalCosponsor>
        <middleName />
        <sponsorshipWithdrawnDate />
        <firstName>Al</firstName>
        <lastName>Franken</lastName>
        <state>MN</state>
        <party>D</party>
        <identifiers>
          <gpoId>8339</gpoId>
          <bioguideId>F000457</bioguideId>
          <lisID>1969</lisID>
        </identifiers>
        <fullName>Sen. Franken, Al [D-MN]</fullName>
      </item>
      <item>
        <bioguideId>H001042</bioguideId>
        <sponsorshipDate>2017-10-17</sponsorshipDate>
        <isOriginalCosponsor>False</isOriginalCosponsor>
        <middleName>K.</middleName>
        <sponsorshipWithdrawnDate />
        <firstName>Mazie</firstName>
        <lastName>Hirono</lastName>
        <state>HI</state>
        <party>D</party>
        <identifiers>
          <gpoId>7913</gpoId>
          <lisID>1844</lisID>
          <bioguideId>H001042</bioguideId>
        </identifiers>
        <fullName>Sen. Hirono, Mazie K. [D-HI]</fullName>
      </item>
    </cosponsors>
  </bill>
  <dublinCore xmlns:dc="http://purl.org/dc/elements/1.1/">
    <dc:format>text/xml</dc:format>
    <dc:language>EN</dc:language>
    <dc:rights>Pursuant to Title 17 Section 105 of the United States Code, this file is not subject to copyright protection and is in the public domain.</dc:rights>
    <dc:contributor>Congressional Research Service, Library of Congress</dc:contributor>
    <dc:description>This file contains bill summaries and statuses for federal legislation. A bill summary describes the most significant provisions of a piece of legislation and details the effects the legislative text may have on current law and federal programs. Bill summaries are authored by the Congressional Research Service (CRS) of the Library of Congress. As stated in Public Law 91-510 (2 USC 166 (d)(6)), one of the duties of CRS is "to prepare summaries and digests of bills and resolutions of a public general nature introduced in the Senate or House of Representatives". For more information, refer to the User Guide that accompanies this file.</dc:description>
  </dublinCore>
</billStatus>

