<?xml version="1.0" encoding="UTF-8"?>
<billStatus>
  <bill>
    <committeeReports>
      <committeeReport>
        <citation>S. Rept. 115-6</citation>
      </committeeReport>
    </committeeReports>
    <summaries>
      <billSummaries>
        <item>
          <actionDesc>Introduced in Senate</actionDesc>
          <actionDate>2017-01-11</actionDate>
          <text><![CDATA[<p><strong>Improving Rural Call Quality and Reliability Act of </strong><strong>2017</strong></p> <p>This bill amends the Communications Act of 1934 to require intermediate providers that offer the capability to transmit voice communications and signaling information from one destination to another, and that charge a rate to any other entity (including an affiliated entity) for such a transmission, to: (1) register with the Federal Communications Commission (FCC), and (2) comply with service quality standards to be established by the FCC. </p> <p>An "intermediate provider" is an entity that: (1) enters a business arrangement with a long-distance voice service provider that makes the initial call path choice for more than 100,000 domestic retail subscriber lines, or with another intermediate provider, to carry, route, or transmit voice traffic from a call placed from or to an end user connection using a North American Numbering Plan resource; and (2) does not itself (directly or in conjunction with an affiliate) serve as such a long-distance initial call path choice provider in the context of originating or terminating a given call. </p> <p>The bill prohibits such long-distance providers (including local exchange carriers, interexchange carriers, commercial mobile radio services, interconnected voice over Internet Protocol [VoIP] services, and certain non-interconnected VoIP services) from using an intermediate provider to transmit voice communications and signals unless the intermediate provider is so registered. </p> <p>The FCC must: (1) ensure the integrity of the transmission of voice communications to all customers in the United States, (2) prevent unjust or unreasonable discrimination among areas of the United States in the delivery of such voice communications, and (3) make a registry of intermediate providers publicly available on the FCC website. </p> <p>The bill shall not be construed to preempt or expand the authority of a state agency or public utility commission to collect data, or enforce state law and regulations, regarding the completion of intrastate voice communications. </p> <p>Certain long-distance providers that make initial call path choices are exempt from service quality standards that the FCC is required to establish under this bill if they certify under a safe harbor provision in existing FCC rules that they monitor the performance of, or do not use, intermediate providers. </p>]]></text>
          <versionCode>00</versionCode>
          <updateDate>2017-01-11T05:00:00Z</updateDate>
          <lastSummaryUpdateDate>2017-02-01T23:07:33Z</lastSummaryUpdateDate>
          <name>Introduced in Senate</name>
        </item>
        <item>
          <actionDesc>Reported to Senate without amendment</actionDesc>
          <actionDate>2017-03-21</actionDate>
          <text><![CDATA[<p>(This measure has not been amended since it was introduced. The summary has been expanded because action occurred on the measure.)</p> <p><strong>Improving Rural Call Quality and Reliability Act of </strong><strong>2017</strong></p> <p>(Sec. 2) This bill amends the Communications Act of 1934 to require intermediate providers that offer the capability to transmit voice communications and signaling information from one destination to another, and that charge a rate to any other entity (including an affiliated entity) for such a transmission, to: (1) register with the Federal Communications Commission (FCC), and (2) comply with service quality standards to be established by the FCC. </p> <p>An "intermediate provider" is an entity that: (1) enters a business arrangement with a long-distance voice service provider that makes the initial call path choice for more than 100,000 domestic retail subscriber lines, or with another intermediate provider, to carry, route, or transmit voice traffic from a call placed from or to an end user connection using a North American Numbering Plan resource; and (2) does not itself (directly or in conjunction with an affiliate) serve as such a long-distance initial call path choice provider in the context of originating or terminating a given call. </p> <p>The bill prohibits such long-distance providers (including local exchange carriers, interexchange carriers, commercial mobile radio services, interconnected voice over Internet Protocol [VoIP] services, and certain non-interconnected VoIP services) from using an intermediate provider to transmit voice communications and signals unless the intermediate provider is so registered. </p> <p>The FCC must: (1) ensure the integrity of the transmission of voice communications to all customers in the United States, (2) prevent unjust or unreasonable discrimination among areas of the United States in the delivery of such voice communications, and (3) make a registry of intermediate providers publicly available on the FCC website. </p> <p>The bill shall not be construed to preempt or expand the authority of a state agency or public utility commission to collect data, or enforce state law and regulations, regarding the completion of intrastate voice communications. </p> <p>Certain long-distance providers that make initial call path choices are exempt from service quality standards that the FCC is required to establish under this bill if they certify under a safe harbor provision in existing FCC rules that they monitor the performance of, or do not use, intermediate providers. </p>]]></text>
          <versionCode>80</versionCode>
          <updateDate>2017-03-21T12:36:37Z</updateDate>
          <lastSummaryUpdateDate>2017-03-27T18:29:19Z</lastSummaryUpdateDate>
          <name>Reported to Senate without amendment</name>
        </item>
        <item>
          <actionDesc>Passed Senate without amendment</actionDesc>
          <actionDate>2017-08-03</actionDate>
          <text><![CDATA[<p>(This measure has not been amended since it was reported to the Senate on March 21, 2017. The summary of that version is repeated here.)</p> <p><strong>Improving Rural Call Quality and Reliability Act of </strong><strong>2017</strong></p> <p>(Sec. 2) This bill amends the Communications Act of 1934 to require intermediate providers that offer the capability to transmit voice communications and signaling information from one destination to another, and that charge a rate to any other entity (including an affiliated entity) for such a transmission, to: (1) register with the Federal Communications Commission (FCC), and (2) comply with service quality standards to be established by the FCC. </p> <p>An "intermediate provider" is an entity that: (1) enters a business arrangement with a long-distance voice service provider that makes the initial call path choice for more than 100,000 domestic retail subscriber lines, or with another intermediate provider, to carry, route, or transmit voice traffic from a call placed from or to an end user connection using a North American Numbering Plan resource; and (2) does not itself (directly or in conjunction with an affiliate) serve as such a long-distance initial call path choice provider in the context of originating or terminating a given call. </p> <p>The bill prohibits such long-distance providers (including local exchange carriers, interexchange carriers, commercial mobile radio services, interconnected voice over Internet Protocol [VoIP] services, and certain non-interconnected VoIP services) from using an intermediate provider to transmit voice communications and signals unless the intermediate provider is so registered. </p> <p>The FCC must: (1) ensure the integrity of the transmission of voice communications to all customers in the United States, (2) prevent unjust or unreasonable discrimination among areas of the United States in the delivery of such voice communications, and (3) make a registry of intermediate providers publicly available on the FCC website. </p> <p>The bill shall not be construed to preempt or expand the authority of a state agency or public utility commission to collect data, or enforce state law and regulations, regarding the completion of intrastate voice communications. </p> <p>Certain long-distance providers that make initial call path choices are exempt from service quality standards that the FCC is required to establish under this bill if they certify under a safe harbor provision in existing FCC rules that they monitor the performance of, or do not use, intermediate providers. </p>]]></text>
          <versionCode>82</versionCode>
          <updateDate>2017-08-03T15:04:00Z</updateDate>
          <lastSummaryUpdateDate>2017-10-26T14:56:20Z</lastSummaryUpdateDate>
          <name>Passed Senate without amendment</name>
        </item>
        <item>
          <actionDesc>Passed House without amendment</actionDesc>
          <actionDate>2018-02-09</actionDate>
          <text><![CDATA[<p>(This measure has not been amended since it was reported to the Senate on March 21, 2017. The summary of that version is repeated here.)</p> <p><strong>Improving Rural Call Quality and Reliability Act of </strong><strong>2017</strong></p> <p>(Sec. 2) This bill amends the Communications Act of 1934 to require intermediate providers that offer the capability to transmit voice communications and signaling information from one destination to another, and that charge a rate to any other entity (including an affiliated entity) for such a transmission, to: (1) register with the Federal Communications Commission (FCC), and (2) comply with service quality standards to be established by the FCC. </p> <p>An "intermediate provider" is an entity that: (1) enters a business arrangement with a long-distance voice service provider that makes the initial call path choice for more than 100,000 domestic retail subscriber lines, or with another intermediate provider, to carry, route, or transmit voice traffic from a call placed from or to an end user connection using a North American Numbering Plan resource; and (2) does not itself (directly or in conjunction with an affiliate) serve as such a long-distance initial call path choice provider in the context of originating or terminating a given call. </p> <p>The bill prohibits such long-distance providers (including local exchange carriers, interexchange carriers, commercial mobile radio services, interconnected voice over Internet Protocol [VoIP] services, and certain non-interconnected VoIP services) from using an intermediate provider to transmit voice communications and signals unless the intermediate provider is so registered. </p> <p>The FCC must: (1) ensure the integrity of the transmission of voice communications to all customers in the United States, (2) prevent unjust or unreasonable discrimination among areas of the United States in the delivery of such voice communications, and (3) make a registry of intermediate providers publicly available on the FCC website. </p> <p>The bill shall not be construed to preempt or expand the authority of a state agency or public utility commission to collect data, or enforce state law and regulations, regarding the completion of intrastate voice communications. </p> <p>Certain long-distance providers that make initial call path choices are exempt from service quality standards that the FCC is required to establish under this bill if they certify under a safe harbor provision in existing FCC rules that they monitor the performance of, or do not use, intermediate providers. </p>]]></text>
          <versionCode>81</versionCode>
          <updateDate>2018-02-09T17:49:46Z</updateDate>
          <lastSummaryUpdateDate>2018-02-13T20:33:23Z</lastSummaryUpdateDate>
          <name>Passed House without amendment</name>
        </item>
        <item>
          <actionDesc>Public Law</actionDesc>
          <actionDate>2018-02-26</actionDate>
          <text><![CDATA[<p>(This measure has not been amended since it was reported to the Senate on March 21, 2017. The summary of that version is repeated here.)</p> <p><strong>Improving Rural Call Quality and Reliability Act of </strong><strong>2017</strong></p> <p>(Sec. 2) This bill amends the Communications Act of 1934 to require intermediate providers that offer the capability to transmit voice communications and signaling information from one destination to another, and that charge a rate to any other entity (including an affiliated entity) for such a transmission, to: (1) register with the Federal Communications Commission (FCC), and (2) comply with service quality standards to be established by the FCC. </p> <p>An "intermediate provider" is an entity that: (1) enters a business arrangement with a long-distance voice service provider that makes the initial call path choice for more than 100,000 domestic retail subscriber lines, or with another intermediate provider, to carry, route, or transmit voice traffic from a call placed from or to an end user connection using a North American Numbering Plan resource; and (2) does not itself (directly or in conjunction with an affiliate) serve as such a long-distance initial call path choice provider in the context of originating or terminating a given call. </p> <p>The bill prohibits such long-distance providers (including local exchange carriers, interexchange carriers, commercial mobile radio services, interconnected voice over Internet Protocol [VoIP] services, and certain non-interconnected VoIP services) from using an intermediate provider to transmit voice communications and signals unless the intermediate provider is so registered. </p> <p>The FCC must: (1) ensure the integrity of the transmission of voice communications to all customers in the United States, (2) prevent unjust or unreasonable discrimination among areas of the United States in the delivery of such voice communications, and (3) make a registry of intermediate providers publicly available on the FCC website. </p> <p>The bill shall not be construed to preempt or expand the authority of a state agency or public utility commission to collect data, or enforce state law and regulations, regarding the completion of intrastate voice communications. </p> <p>Certain long-distance providers that make initial call path choices are exempt from service quality standards that the FCC is required to establish under this bill if they certify under a safe harbor provision in existing FCC rules that they monitor the performance of, or do not use, intermediate providers. </p>]]></text>
          <versionCode>49</versionCode>
          <updateDate>2018-02-27T04:59:58Z</updateDate>
          <lastSummaryUpdateDate>2018-02-28T17:40:02Z</lastSummaryUpdateDate>
          <name>Public Law</name>
        </item>
      </billSummaries>
    </summaries>
    <relatedBills>
      <item>
        <number>4986</number>
        <relationshipDetails>
          <item>
            <type>Related bill</type>
            <identifiedBy>CRS</identifiedBy>
          </item>
        </relationshipDetails>
        <latestTitle>FCC Reauthorization Act of 2018</latestTitle>
        <congress>115</congress>
        <latestAction>
          <actionDate>2018-02-14</actionDate>
          <text>Ordered to be Reported (Amended) by Voice Vote.</text>
        </latestAction>
        <type>HR</type>
      </item>
      <item>
        <number>460</number>
        <relationshipDetails>
          <item>
            <type>Identical bill</type>
            <identifiedBy>CRS</identifiedBy>
          </item>
          <item>
            <type>Related bill</type>
            <identifiedBy>House</identifiedBy>
          </item>
        </relationshipDetails>
        <latestTitle>Improving Rural Call Quality and Reliability Act of 2017</latestTitle>
        <congress>115</congress>
        <latestAction>
          <actionDate>2017-01-24</actionDate>
          <text>Received in the Senate and Read twice and referred to the Committee on Commerce, Science, and Transportation.</text>
        </latestAction>
        <type>HR</type>
      </item>
    </relatedBills>
    <createDate>2017-01-12T08:17:36Z</createDate>
    <cosponsors>
      <item>
        <bioguideId>T000250</bioguideId>
        <firstName>JOHN</firstName>
        <sponsorshipWithdrawnDate />
        <lastName>THUNE</lastName>
        <state>SD</state>
        <party>R</party>
        <middleName>R.</middleName>
        <isOriginalCosponsor>True</isOriginalCosponsor>
        <identifiers>
          <bioguideId>T000250</bioguideId>
          <lisID>1534</lisID>
          <gpoId>8257</gpoId>
        </identifiers>
        <fullName>Sen. Thune, John [R-SD]</fullName>
        <sponsorshipDate>2017-01-11</sponsorshipDate>
      </item>
      <item>
        <bioguideId>T000464</bioguideId>
        <firstName>Jon</firstName>
        <sponsorshipWithdrawnDate />
        <lastName>Tester</lastName>
        <state>MT</state>
        <party>D</party>
        <middleName />
        <isOriginalCosponsor>True</isOriginalCosponsor>
        <identifiers>
          <lisID>1829</lisID>
          <bioguideId>T000464</bioguideId>
          <gpoId>8258</gpoId>
        </identifiers>
        <fullName>Sen. Tester, Jon [D-MT]</fullName>
        <sponsorshipDate>2017-01-11</sponsorshipDate>
      </item>
      <item>
        <bioguideId>K000383</bioguideId>
        <firstName>Angus</firstName>
        <sponsorshipWithdrawnDate />
        <lastName>King</lastName>
        <state>ME</state>
        <party>I</party>
        <middleName />
        <isOriginalCosponsor>False</isOriginalCosponsor>
        <identifiers>
          <bioguideId>K000383</bioguideId>
          <lisID>2185</lisID>
          <gpoId />
        </identifiers>
        <fullName>Sen. King, Angus S., Jr. [I-ME]</fullName>
        <sponsorshipDate>2017-02-01</sponsorshipDate>
      </item>
      <item>
        <bioguideId>G000386</bioguideId>
        <firstName>CHARLES</firstName>
        <sponsorshipWithdrawnDate />
        <lastName>GRASSLEY</lastName>
        <state>IA</state>
        <party>R</party>
        <middleName>ERNEST</middleName>
        <isOriginalCosponsor>False</isOriginalCosponsor>
        <identifiers>
          <gpoId>8316</gpoId>
          <bioguideId>G000386</bioguideId>
          <lisID>457</lisID>
        </identifiers>
        <fullName>Sen. Grassley, Chuck [R-IA]</fullName>
        <sponsorshipDate>2017-02-15</sponsorshipDate>
      </item>
      <item>
        <bioguideId>E000295</bioguideId>
        <firstName>Joni</firstName>
        <sponsorshipWithdrawnDate />
        <lastName>Ernst</lastName>
        <state>IA</state>
        <party>R</party>
        <middleName />
        <isOriginalCosponsor>False</isOriginalCosponsor>
        <identifiers>
          <gpoId />
          <lisID>2283</lisID>
          <bioguideId>E000295</bioguideId>
        </identifiers>
        <fullName>Sen. Ernst, Joni  [R-IA]</fullName>
        <sponsorshipDate>2017-02-15</sponsorshipDate>
      </item>
      <item>
        <bioguideId>F000457</bioguideId>
        <firstName>Al</firstName>
        <sponsorshipWithdrawnDate />
        <lastName>Franken</lastName>
        <state>MN</state>
        <party>D</party>
        <middleName />
        <isOriginalCosponsor>False</isOriginalCosponsor>
        <identifiers>
          <gpoId>8339</gpoId>
          <bioguideId>F000457</bioguideId>
          <lisID>1969</lisID>
        </identifiers>
        <fullName>Sen. Franken, Al [D-MN]</fullName>
        <sponsorshipDate>2017-02-28</sponsorshipDate>
      </item>
      <item>
        <bioguideId>R000605</bioguideId>
        <firstName>Mike</firstName>
        <sponsorshipWithdrawnDate />
        <lastName>Rounds</lastName>
        <state>SD</state>
        <party>R</party>
        <middleName />
        <isOriginalCosponsor>False</isOriginalCosponsor>
        <identifiers>
          <lisID>2288</lisID>
          <gpoId />
          <bioguideId>R000605</bioguideId>
        </identifiers>
        <fullName>Sen. Rounds, Mike  [R-SD]</fullName>
        <sponsorshipDate>2017-03-07</sponsorshipDate>
      </item>
      <item>
        <bioguideId>M001170</bioguideId>
        <firstName>Claire</firstName>
        <sponsorshipWithdrawnDate />
        <lastName>McCaskill</lastName>
        <state>MO</state>
        <party>D</party>
        <middleName />
        <isOriginalCosponsor>False</isOriginalCosponsor>
        <identifiers>
          <bioguideId>M001170</bioguideId>
          <lisID>1820</lisID>
          <gpoId>8252</gpoId>
        </identifiers>
        <fullName>Sen. McCaskill, Claire [D-MO]</fullName>
        <sponsorshipDate>2017-03-30</sponsorshipDate>
      </item>
    </cosponsors>
    <billNumber>96</billNumber>
    <version>1.0.0</version>
    <calendarNumbers>
      <item>
        <number>0019</number>
        <calendar>Senate Calendar of Business</calendar>
      </item>
    </calendarNumbers>
    <amendments />
    <laws>
      <item>
        <type>Public Law</type>
        <number>115-129</number>
      </item>
    </laws>
    <titles>
      <item>
        <titleType>Short Titles as Enacted</titleType>
        <chamberCode />
        <parentTitleType>Short Title</parentTitleType>
        <title>Improving Rural Call Quality and Reliability Act of 2017</title>
        <chamberName />
      </item>
      <item>
        <titleType>Short Titles as Passed Senate</titleType>
        <chamberCode>S</chamberCode>
        <parentTitleType>Short Titles Senate</parentTitleType>
        <title>Improving Rural Call Quality and Reliability Act of 2017</title>
        <chamberName>Senate</chamberName>
      </item>
      <item>
        <titleType>Short Titles as Passed House</titleType>
        <chamberCode>H</chamberCode>
        <parentTitleType>Short Titles House of Representatives</parentTitleType>
        <title>Improving Rural Call Quality and Reliability Act of 2017</title>
        <chamberName>House</chamberName>
      </item>
      <item>
        <titleType>Short Titles as Reported to Senate</titleType>
        <chamberCode>S</chamberCode>
        <parentTitleType>Short Titles Senate</parentTitleType>
        <title>Improving Rural Call Quality and Reliability Act of 2017</title>
        <chamberName>Senate</chamberName>
      </item>
      <item>
        <titleType>Short Titles as Introduced</titleType>
        <chamberCode />
        <parentTitleType />
        <title>Improving Rural Call Quality and Reliability Act of 2017</title>
        <chamberName />
      </item>
      <item>
        <titleType>Official Title as Introduced</titleType>
        <chamberCode />
        <parentTitleType />
        <title>A bill to amend the Communications Act of 1934 to ensure the integrity of voice communications and to prevent unjust or unreasonable discrimination among areas of the United States in the delivery of such communications.</title>
        <chamberName />
      </item>
      <item>
        <titleType>Display Title</titleType>
        <chamberCode />
        <parentTitleType />
        <title>Improving Rural Call Quality and Reliability Act of 2017</title>
        <chamberName />
      </item>
      <item>
        <titleType>(Extracted from GPO) Short Titles as Passed Senate</titleType>
        <chamberCode>S</chamberCode>
        <parentTitleType />
        <title>Improving Rural Call Quality and Reliability Act of 2017</title>
        <chamberName>Senate</chamberName>
      </item>
      <item>
        <titleType>(Extracted from GPO) Short Titles as Reported to Senate</titleType>
        <chamberCode>S</chamberCode>
        <parentTitleType />
        <title>Improving Rural Call Quality and Reliability Act of 2017</title>
        <chamberName>Senate</chamberName>
      </item>
      <item>
        <titleType>(Extracted from GPO) Short Titles as Introduced</titleType>
        <chamberCode />
        <parentTitleType />
        <title>Improving Rural Call Quality and Reliability Act of 2017</title>
        <chamberName />
      </item>
    </titles>
    <recordedVotes />
    <originChamber>Senate</originChamber>
    <latestAction>
      <text>Became Public Law No: 115-129.</text>
      <actionDate>2018-02-26</actionDate>
      <links />
    </latestAction>
    <introducedDate>2017-01-11</introducedDate>
    <sponsors>
      <item>
        <fullName>Sen. Klobuchar, Amy [D-MN]</fullName>
        <party>D</party>
        <identifiers>
          <gpoId>8249</gpoId>
          <bioguideId>K000367</bioguideId>
          <lisID>1826</lisID>
        </identifiers>
        <firstName>Amy</firstName>
        <middleName />
        <lastName>Klobuchar</lastName>
        <bioguideId>K000367</bioguideId>
        <state>MN</state>
        <byRequestType />
      </item>
    </sponsors>
    <subjects>
      <billSubjects>
        <legislativeSubjects>
          <item>
            <name>Administrative law and regulatory procedures</name>
          </item>
          <item>
            <name>Federal Communications Commission (FCC)</name>
          </item>
          <item>
            <name>Federal preemption</name>
          </item>
          <item>
            <name>Government information and archives</name>
          </item>
          <item>
            <name>State and local government operations</name>
          </item>
          <item>
            <name>Telephone and wireless communication</name>
          </item>
        </legislativeSubjects>
        <policyArea>
          <name>Science, Technology, Communications</name>
        </policyArea>
      </billSubjects>
    </subjects>
    <policyArea>
      <name>Science, Technology, Communications</name>
    </policyArea>
    <billType>S</billType>
    <notes />
    <title>Improving Rural Call Quality and Reliability Act of 2017</title>
    <committees>
      <billCommittees>
        <item>
          <activities>
            <item>
              <name>Reported by</name>
              <date>2017-03-21T19:50:59Z</date>
            </item>
            <item>
              <name>Markup by</name>
              <date>2017-01-24T15:00:00Z</date>
            </item>
            <item>
              <name>Referred to</name>
              <date>2017-01-11T17:31:27Z</date>
            </item>
          </activities>
          <chamber>Senate</chamber>
          <subcommittees />
          <systemCode>sscm00</systemCode>
          <name>Commerce, Science, and Transportation Committee</name>
          <type>Standing</type>
        </item>
      </billCommittees>
    </committees>
    <congress>115</congress>
    <cboCostEstimates>
      <item>
        <pubDate>2017-01-31T21:16:00Z</pubDate>
        <title>S. 96, Improving Rural Call Quality and Reliability Act of 2017</title>
        <url>https://www.cbo.gov/publication/52399</url>
      </item>
    </cboCostEstimates>
    <updateDate>2018-03-02T05:43:18Z</updateDate>
    <actions>
      <actionByCounts>
        <houseOfRepresentatives>10</houseOfRepresentatives>
        <senate>9</senate>
      </actionByCounts>
      <actionTypeCounts>
        <passedAgreedToInSenate>1</passedAgreedToInSenate>
        <considerationByHouse>2</considerationByHouse>
        <sentToHouse>1</sentToHouse>
        <heldAtTheDesk>1</heldAtTheDesk>
        <becamePublicLaw>2</becamePublicLaw>
        <placeholderTextForH>1</placeholderTextForH>
        <placedOnCalendarGeneralOrders>1</placedOnCalendarGeneralOrders>
        <passedSenate>1</passedSenate>
        <placeholderTextForE>3</placeholderTextForE>
        <generalDebate>1</generalDebate>
        <introducedInSenate>1</introducedInSenate>
        <finalPassageUnderSuspensionOfTheRulesResults>1</finalPassageUnderSuspensionOfTheRulesResults>
        <motionMadeToSuspendTheRules>1</motionMadeToSuspendTheRules>
        <orderedReported>1</orderedReported>
        <reportedToSenate>2</reportedToSenate>
        <passedAgreedToInHouse>1</passedAgreedToInHouse>
        <presentedToPresident>1</presentedToPresident>
        <referredToCommittee>1</referredToCommittee>
        <motionToReconsiderResults>1</motionToReconsiderResults>
        <receivedInTheHouse>1</receivedInTheHouse>
      </actionTypeCounts>
      <item>
        <text>Became Public Law No: 115-129.</text>
        <type>President</type>
        <actionDate>2018-02-26</actionDate>
        <links />
        <actionCode>E40000</actionCode>
        <committee />
        <sourceSystem>
          <name>House floor actions</name>
          <code>2</code>
        </sourceSystem>
      </item>
      <item>
        <text>Became Public Law No: 115-129.</text>
        <type>BecameLaw</type>
        <actionDate>2018-02-26</actionDate>
        <links />
        <actionCode>36000</actionCode>
        <committee />
        <sourceSystem>
          <name>Library of Congress</name>
          <code>9</code>
        </sourceSystem>
      </item>
      <item>
        <text>Signed by President.</text>
        <type>President</type>
        <actionDate>2018-02-26</actionDate>
        <links />
        <actionCode>E30000</actionCode>
        <committee />
        <sourceSystem>
          <name>House floor actions</name>
          <code>2</code>
        </sourceSystem>
      </item>
      <item>
        <text>Signed by President.</text>
        <type>BecameLaw</type>
        <actionDate>2018-02-26</actionDate>
        <links />
        <actionCode>36000</actionCode>
        <committee />
        <sourceSystem>
          <name>Library of Congress</name>
          <code>9</code>
        </sourceSystem>
      </item>
      <item>
        <text>Presented to President.</text>
        <type>Floor</type>
        <actionDate>2018-02-14</actionDate>
        <links />
        <actionCode>E20000</actionCode>
        <committee />
        <sourceSystem>
          <name>House floor actions</name>
          <code>2</code>
        </sourceSystem>
      </item>
      <item>
        <text>Presented to President.</text>
        <type>President</type>
        <actionDate>2018-02-14</actionDate>
        <links />
        <actionCode>28000</actionCode>
        <committee />
        <sourceSystem>
          <name>Library of Congress</name>
          <code>9</code>
        </sourceSystem>
      </item>
      <item>
        <text>Motion to reconsider laid on the table Agreed to without objection.</text>
        <type>Floor</type>
        <actionDate>2018-02-09</actionDate>
        <links />
        <actionCode>H38310</actionCode>
        <actionTime>04:40:41</actionTime>
        <committee />
        <sourceSystem>
          <name>House floor actions</name>
          <code>2</code>
        </sourceSystem>
      </item>
      <item>
        <text>On motion to suspend the rules and pass the bill Agreed to by voice vote. (text: CR H990-991)</text>
        <type>Floor</type>
        <actionDate>2018-02-09</actionDate>
        <links>
          <link>
            <name>H990-991</name>
            <url>https://www.congress.gov/congressional-record/volume-164/house-section/page/H990-991</url>
          </link>
        </links>
        <actionCode>H37300</actionCode>
        <actionTime>04:40:39</actionTime>
        <committee />
        <sourceSystem>
          <name>House floor actions</name>
          <code>2</code>
        </sourceSystem>
      </item>
      <item>
        <text>Passed/agreed to in House: On motion to suspend the rules and pass the bill Agreed to by voice vote.(text: CR H990-991)</text>
        <type>Floor</type>
        <actionDate>2018-02-09</actionDate>
        <links>
          <link>
            <name>H990-991</name>
            <url>https://www.congress.gov/congressional-record/volume-164/house-section/page/H990-991</url>
          </link>
        </links>
        <actionCode>8000</actionCode>
        <actionTime>04:40:39</actionTime>
        <committee />
        <sourceSystem>
          <name>Library of Congress</name>
          <code>9</code>
        </sourceSystem>
      </item>
      <item>
        <text>Considered as unfinished business. (consideration: CR 2/8/2018 H1002)</text>
        <type>Floor</type>
        <actionDate>2018-02-09</actionDate>
        <links>
          <link>
            <name>CR 2/8/2018 H1002</name>
            <url>https://www.congress.gov/congressional-record/volume-164/house-section/page/H1002</url>
          </link>
        </links>
        <actionCode>H30000</actionCode>
        <actionTime>04:40:17</actionTime>
        <committee />
        <sourceSystem>
          <name>House floor actions</name>
          <code>2</code>
        </sourceSystem>
      </item>
      <item>
        <text>At the conclusion of debate, the chair put the question on the motion to suspend the rules. Mr. Lance objected to the vote on the grounds that a quorum was not present. Further proceedings on the motion were postponed. The point of no quorum was considered as withdrawn.</text>
        <type>Floor</type>
        <actionDate>2018-02-08</actionDate>
        <links />
        <actionCode>H37210</actionCode>
        <actionTime>12:29:56</actionTime>
        <committee />
        <sourceSystem>
          <name>House floor actions</name>
          <code>2</code>
        </sourceSystem>
      </item>
      <item>
        <text>DEBATE - The House proceeded with forty minutes of debate on S. 96.</text>
        <type>Floor</type>
        <actionDate>2018-02-08</actionDate>
        <links>
          <link>
            <name>S. 96</name>
            <url>https://www.congress.gov/bill/115th-congress/senate-bill/96</url>
          </link>
        </links>
        <actionCode>H8D000</actionCode>
        <actionTime>12:18:17</actionTime>
        <committee />
        <sourceSystem>
          <name>House floor actions</name>
          <code>2</code>
        </sourceSystem>
      </item>
      <item>
        <text>Considered under suspension of the rules. (consideration: CR H990-992)</text>
        <type>Floor</type>
        <actionDate>2018-02-08</actionDate>
        <links>
          <link>
            <name>H990-992</name>
            <url>https://www.congress.gov/congressional-record/volume-164/house-section/page/H990-992</url>
          </link>
        </links>
        <actionCode>H30000</actionCode>
        <actionTime>12:18:13</actionTime>
        <committee />
        <sourceSystem>
          <name>House floor actions</name>
          <code>2</code>
        </sourceSystem>
      </item>
      <item>
        <text>Mr. Lance moved to suspend the rules and pass the bill.</text>
        <type>Floor</type>
        <actionDate>2018-02-08</actionDate>
        <links />
        <actionCode>H30300</actionCode>
        <actionTime>12:17:59</actionTime>
        <committee />
        <sourceSystem>
          <name>House floor actions</name>
          <code>2</code>
        </sourceSystem>
      </item>
      <item>
        <text>Held at the desk.</text>
        <type>Floor</type>
        <actionDate>2017-08-04</actionDate>
        <links />
        <actionCode>H15000</actionCode>
        <actionTime>14:32:06</actionTime>
        <committee />
        <sourceSystem>
          <name>House floor actions</name>
          <code>2</code>
        </sourceSystem>
      </item>
      <item>
        <text>Received in the House.</text>
        <type>Floor</type>
        <actionDate>2017-08-04</actionDate>
        <links />
        <actionCode>H14000</actionCode>
        <actionTime>13:06:29</actionTime>
        <committee />
        <sourceSystem>
          <name>House floor actions</name>
          <code>2</code>
        </sourceSystem>
      </item>
      <item>
        <actionDate>2017-08-04</actionDate>
        <committee />
        <links />
        <sourceSystem>
          <name>Senate</name>
          <code>0</code>
        </sourceSystem>
        <text>Message on Senate action sent to the House.</text>
        <type>Floor</type>
      </item>
      <item>
        <actionDate>2017-08-03</actionDate>
        <committee />
        <links>
          <link>
            <name>S4815-4816</name>
            <url>https://www.congress.gov/congressional-record/volume-163/senate-section/page/S4815-4816</url>
          </link>
        </links>
        <sourceSystem>
          <name>Senate</name>
          <code>0</code>
        </sourceSystem>
        <text>Passed Senate without amendment by Unanimous Consent. (consideration: CR S4815-4816; text: CR S4815-4816)</text>
        <type>Floor</type>
      </item>
      <item>
        <text>Passed/agreed to in Senate: Passed Senate without amendment by Unanimous Consent.</text>
        <type>Floor</type>
        <actionDate>2017-08-03</actionDate>
        <links />
        <actionCode>17000</actionCode>
        <committee />
        <sourceSystem>
          <name>Library of Congress</name>
          <code>9</code>
        </sourceSystem>
      </item>
      <item>
        <actionDate>2017-03-21</actionDate>
        <committee />
        <links />
        <sourceSystem>
          <name>Senate</name>
          <code>0</code>
        </sourceSystem>
        <text>Placed on Senate Legislative Calendar under General Orders. Calendar No. 19.</text>
        <type>Calendars</type>
      </item>
      <item>
        <actionDate>2017-03-21</actionDate>
        <committee>
          <name>Commerce, Science, and Transportation Committee</name>
          <systemCode>sscm00</systemCode>
        </committee>
        <links>
          <link>
            <name>report No. 115-6</name>
            <url>https://www.congress.gov/congressional-report/115th-congress/senate-report/6</url>
          </link>
        </links>
        <sourceSystem>
          <name>Senate</name>
          <code>0</code>
        </sourceSystem>
        <text>Committee on Commerce, Science, and Transportation. Reported by Senator Thune without amendment. With written report No. 115-6.</text>
        <type>Committee</type>
      </item>
      <item>
        <text>Committee on Commerce, Science, and Transportation. Reported by Senator Thune without amendment. With written report No. 115-6.</text>
        <type>Committee</type>
        <actionDate>2017-03-21</actionDate>
        <links>
          <link>
            <name>report No. 115-6</name>
            <url>https://www.congress.gov/congressional-report/115th-congress/senate-report/6</url>
          </link>
        </links>
        <actionCode>14000</actionCode>
        <committee>
          <name>Commerce, Science, and Transportation Committee</name>
          <systemCode>sscm00</systemCode>
        </committee>
        <sourceSystem>
          <name>Library of Congress</name>
          <code>9</code>
        </sourceSystem>
      </item>
      <item>
        <actionDate>2017-01-24</actionDate>
        <committee>
          <name>Commerce, Science, and Transportation Committee</name>
          <systemCode>sscm00</systemCode>
        </committee>
        <links />
        <sourceSystem>
          <name>Senate</name>
          <code>0</code>
        </sourceSystem>
        <text>Committee on Commerce, Science, and Transportation. Ordered to be reported without amendment favorably.</text>
        <type>Committee</type>
      </item>
      <item>
        <actionDate>2017-01-11</actionDate>
        <committee>
          <name>Commerce, Science, and Transportation Committee</name>
          <systemCode>sscm00</systemCode>
        </committee>
        <links />
        <sourceSystem>
          <name>Senate</name>
          <code>0</code>
        </sourceSystem>
        <text>Read twice and referred to the Committee on Commerce, Science, and Transportation.</text>
        <type>IntroReferral</type>
      </item>
      <item>
        <text>Introduced in Senate</text>
        <type>IntroReferral</type>
        <actionDate>2017-01-11</actionDate>
        <links />
        <actionCode>10000</actionCode>
        <committee />
        <sourceSystem>
          <name>Library of Congress</name>
          <code>9</code>
        </sourceSystem>
      </item>
    </actions>
  </bill>
  <dublinCore xmlns:dc="http://purl.org/dc/elements/1.1/">
    <dc:format>text/xml</dc:format>
    <dc:language>EN</dc:language>
    <dc:rights>Pursuant to Title 17 Section 105 of the United States Code, this file is not subject to copyright protection and is in the public domain.</dc:rights>
    <dc:contributor>Congressional Research Service, Library of Congress</dc:contributor>
    <dc:description>This file contains bill summaries and statuses for federal legislation. A bill summary describes the most significant provisions of a piece of legislation and details the effects the legislative text may have on current law and federal programs. Bill summaries are authored by the Congressional Research Service (CRS) of the Library of Congress. As stated in Public Law 91-510 (2 USC 166 (d)(6)), one of the duties of CRS is "to prepare summaries and digests of bills and resolutions of a public general nature introduced in the Senate or House of Representatives". For more information, refer to the User Guide that accompanies this file.</dc:description>
  </dublinCore>
</billStatus>

