<?xml version="1.0" encoding="UTF-8"?>
<billStatus>
  <bill>
    <billNumber>117</billNumber>
    <committeeReports>
      <committeeReport>
        <citation>S. Rept. 115-94</citation>
      </committeeReport>
      <committeeReport>
        <citation>H. Rept. 115-516</citation>
      </committeeReport>
    </committeeReports>
    <originChamber>Senate</originChamber>
    <latestAction>
      <actionDate>2018-01-31</actionDate>
      <text>Became Public Law No: 115-122.</text>
      <links />
    </latestAction>
    <cboCostEstimates>
      <item>
        <pubDate>2017-04-20T15:02:54Z</pubDate>
        <title>S. 117, Alex Diekmann Peak Designation Act of 2017</title>
        <url>https://www.cbo.gov/publication/52649</url>
      </item>
      <item>
        <pubDate>2018-01-12T16:17:00Z</pubDate>
        <title>S. 117, Alex Diekmann Peak Designation Act of 2017</title>
        <url>https://www.cbo.gov/publication/53471</url>
      </item>
    </cboCostEstimates>
    <createDate>2017-01-13T04:55:34Z</createDate>
    <titles>
      <item>
        <title>Alex Diekmann Peak Designation Act of 2017</title>
        <titleType>Short Titles as Enacted</titleType>
        <chamberCode />
        <parentTitleType>Short Title</parentTitleType>
        <chamberName />
      </item>
      <item>
        <title>Alex Diekmann Peak Designation Act of 2017</title>
        <titleType>Short Titles as Passed Senate</titleType>
        <chamberCode>S</chamberCode>
        <parentTitleType>Short Titles Senate</parentTitleType>
        <chamberName>Senate</chamberName>
      </item>
      <item>
        <title>Alex Diekmann Peak Designation Act of 2017</title>
        <titleType>Short Titles as Passed House</titleType>
        <chamberCode>H</chamberCode>
        <parentTitleType>Short Titles House of Representatives</parentTitleType>
        <chamberName>House</chamberName>
      </item>
      <item>
        <title>Alex Diekmann Peak Designation Act of 2017</title>
        <titleType>Short Titles as Reported to Senate</titleType>
        <chamberCode>S</chamberCode>
        <parentTitleType>Short Titles Senate</parentTitleType>
        <chamberName>Senate</chamberName>
      </item>
      <item>
        <title>Alex Diekmann Peak Designation Act of 2017</title>
        <titleType>Short Titles as Introduced</titleType>
        <chamberCode />
        <parentTitleType />
        <chamberName />
      </item>
      <item>
        <title>A bill to designate a mountain peak in the State of Montana as "Alex Diekmann Peak".</title>
        <titleType>Official Title as Introduced</titleType>
        <chamberCode />
        <parentTitleType />
        <chamberName />
      </item>
      <item>
        <title>Alex Diekmann Peak Designation Act of 2017</title>
        <titleType>Display Title</titleType>
        <chamberCode />
        <parentTitleType />
        <chamberName />
      </item>
      <item>
        <title>Alex Diekmann Peak Designation Act of 2017</title>
        <titleType>(Extracted from GPO) Short Titles as Reported to House</titleType>
        <chamberCode>H</chamberCode>
        <parentTitleType />
        <chamberName>House</chamberName>
      </item>
      <item>
        <title>Alex Diekmann Peak Designation Act of 2017</title>
        <titleType>(Extracted from GPO) Short Titles as Passed Senate</titleType>
        <chamberCode>S</chamberCode>
        <parentTitleType />
        <chamberName>Senate</chamberName>
      </item>
      <item>
        <title>Alex Diekmann Peak Designation Act of 2017</title>
        <titleType>(Extracted from GPO) Short Titles as Reported to Senate</titleType>
        <chamberCode>S</chamberCode>
        <parentTitleType />
        <chamberName>Senate</chamberName>
      </item>
      <item>
        <title>Alex Diekmann Peak Designation Act of 2017</title>
        <titleType>(Extracted from GPO) Short Titles as Introduced</titleType>
        <chamberCode />
        <parentTitleType />
        <chamberName />
      </item>
    </titles>
    <updateDate>2018-02-22T15:28:40Z</updateDate>
    <notes />
    <title>Alex Diekmann Peak Designation Act of 2017</title>
    <relatedBills>
      <item>
        <relationshipDetails>
          <item>
            <type>Related bill</type>
            <identifiedBy>CRS</identifiedBy>
          </item>
        </relationshipDetails>
        <congress>115</congress>
        <type>HR</type>
        <latestAction>
          <actionDate>2017-10-03</actionDate>
          <text>Referred to the Subcommittee on Federal Lands.</text>
        </latestAction>
        <latestTitle>Alex Diekmann Peak Designation Act of 2017</latestTitle>
        <number>3873</number>
      </item>
    </relatedBills>
    <laws>
      <item>
        <number>115-122</number>
        <type>Public Law</type>
      </item>
    </laws>
    <congress>115</congress>
    <calendarNumbers>
      <item>
        <calendar>Senate Calendar of Business</calendar>
        <number>0124</number>
      </item>
      <item>
        <calendar>H00117</calendar>
        <number />
      </item>
    </calendarNumbers>
    <introducedDate>2017-01-12</introducedDate>
    <actions>
      <actionByCounts>
        <senate>9</senate>
        <houseOfRepresentatives>17</houseOfRepresentatives>
      </actionByCounts>
      <actionTypeCounts>
        <committeeReportOfABill>1</committeeReportOfABill>
        <receivedInTheHouse>1</receivedInTheHouse>
        <placeholderTextForH>4</placeholderTextForH>
        <reportedToSenate>2</reportedToSenate>
        <billReferrals>1</billReferrals>
        <houseCalendarAssignment>1</houseCalendarAssignment>
        <motionToReconsiderResults>1</motionToReconsiderResults>
        <sentToHouse>1</sentToHouse>
        <finalPassageUnderSuspensionOfTheRulesResults>1</finalPassageUnderSuspensionOfTheRulesResults>
        <presentedToPresident>1</presentedToPresident>
        <motionMadeToSuspendTheRules>1</motionMadeToSuspendTheRules>
        <placedOnCalendarGeneralOrders>1</placedOnCalendarGeneralOrders>
        <passedSenate>1</passedSenate>
        <becamePublicLaw>2</becamePublicLaw>
        <considerationByHouse>2</considerationByHouse>
        <passedAgreedToInSenate>1</passedAgreedToInSenate>
        <orderedReported>1</orderedReported>
        <placeholderTextForE>3</placeholderTextForE>
        <passedAgreedToInHouse>1</passedAgreedToInHouse>
        <generalDebate>1</generalDebate>
        <referredToCommittee>1</referredToCommittee>
        <introducedInSenate>1</introducedInSenate>
        <actionStageOverride>1</actionStageOverride>
        <reportedToHouse>1</reportedToHouse>
      </actionTypeCounts>
      <item>
        <text>Became Public Law No: 115-122.</text>
        <type>President</type>
        <links />
        <sourceSystem>
          <name>House floor actions</name>
          <code>2</code>
        </sourceSystem>
        <actionDate>2018-01-31</actionDate>
        <committee />
        <actionCode>E40000</actionCode>
      </item>
      <item>
        <text>Became Public Law No: 115-122.</text>
        <type>BecameLaw</type>
        <links />
        <sourceSystem>
          <name>Library of Congress</name>
          <code>9</code>
        </sourceSystem>
        <actionDate>2018-01-31</actionDate>
        <committee />
        <actionCode>36000</actionCode>
      </item>
      <item>
        <text>Signed by President.</text>
        <type>President</type>
        <links />
        <sourceSystem>
          <name>House floor actions</name>
          <code>2</code>
        </sourceSystem>
        <actionDate>2018-01-31</actionDate>
        <committee />
        <actionCode>E30000</actionCode>
      </item>
      <item>
        <text>Signed by President.</text>
        <type>BecameLaw</type>
        <links />
        <sourceSystem>
          <name>Library of Congress</name>
          <code>9</code>
        </sourceSystem>
        <actionDate>2018-01-31</actionDate>
        <committee />
        <actionCode>36000</actionCode>
      </item>
      <item>
        <text>Presented to President.</text>
        <type>Floor</type>
        <links />
        <sourceSystem>
          <name>House floor actions</name>
          <code>2</code>
        </sourceSystem>
        <actionDate>2018-01-19</actionDate>
        <committee />
        <actionCode>E20000</actionCode>
      </item>
      <item>
        <text>Presented to President.</text>
        <type>President</type>
        <links />
        <sourceSystem>
          <name>Library of Congress</name>
          <code>9</code>
        </sourceSystem>
        <actionDate>2018-01-19</actionDate>
        <committee />
        <actionCode>28000</actionCode>
      </item>
      <item>
        <actionTime>19:04:27</actionTime>
        <type>Floor</type>
        <links />
        <sourceSystem>
          <name>House floor actions</name>
          <code>2</code>
        </sourceSystem>
        <actionDate>2018-01-16</actionDate>
        <committee />
        <text>Motion to reconsider laid on the table Agreed to without objection.</text>
        <actionCode>H38310</actionCode>
      </item>
      <item>
        <actionTime>19:04:26</actionTime>
        <type>Floor</type>
        <links>
          <link>
            <name>H386</name>
            <url>https://www.congress.gov/congressional-record/volume-164/house-section/page/H386</url>
          </link>
          <link>
            <name>Roll no. 19</name>
            <url>http://clerk.house.gov/evs/2018/roll019.xml</url>
          </link>
        </links>
        <sourceSystem>
          <name>House floor actions</name>
          <code>2</code>
        </sourceSystem>
        <actionDate>2018-01-16</actionDate>
        <committee />
        <text>On motion to suspend the rules and pass the bill Agreed to by the Yeas and Nays: (2/3 required): 400 - 3 (Roll no. 19). (text: CR H386)</text>
        <actionCode>H37300</actionCode>
      </item>
      <item>
        <actionTime>19:04:26</actionTime>
        <type>Floor</type>
        <links>
          <link>
            <name>Roll no. 19</name>
            <url>http://clerk.house.gov/evs/2018/roll019.xml</url>
          </link>
        </links>
        <sourceSystem>
          <name>Library of Congress</name>
          <code>9</code>
        </sourceSystem>
        <actionDate>2018-01-16</actionDate>
        <committee />
        <text>Passed/agreed to in House: On motion to suspend the rules and pass the bill Agreed to by the Yeas and Nays: (2/3 required): 400 - 3 (Roll no. 19).</text>
        <actionCode>8000</actionCode>
      </item>
      <item>
        <actionTime>18:54:37</actionTime>
        <type>Floor</type>
        <links>
          <link>
            <name>H396</name>
            <url>https://www.congress.gov/congressional-record/volume-164/house-section/page/H396</url>
          </link>
        </links>
        <sourceSystem>
          <name>House floor actions</name>
          <code>2</code>
        </sourceSystem>
        <actionDate>2018-01-16</actionDate>
        <committee />
        <text>Considered as unfinished business. (consideration: CR H396)</text>
        <actionCode>H30000</actionCode>
      </item>
      <item>
        <actionTime>17:12:25</actionTime>
        <type>Floor</type>
        <links />
        <sourceSystem>
          <name>House floor actions</name>
          <code>2</code>
        </sourceSystem>
        <actionDate>2018-01-16</actionDate>
        <committee />
        <text>At the conclusion of debate, the Yeas and Nays were demanded and ordered. Pursuant to the provisions of clause 8, rule XX, the Chair announced that further proceedings on the motion would be postponed.</text>
        <actionCode>H37220</actionCode>
      </item>
      <item>
        <actionTime>17:07:10</actionTime>
        <type>Floor</type>
        <links>
          <link>
            <name>S. 117</name>
            <url>https://www.congress.gov/bill/115th-congress/senate-bill/117</url>
          </link>
        </links>
        <sourceSystem>
          <name>House floor actions</name>
          <code>2</code>
        </sourceSystem>
        <actionDate>2018-01-16</actionDate>
        <committee />
        <text>DEBATE - The House proceeded with forty minutes of debate on S. 117.</text>
        <actionCode>H8D000</actionCode>
      </item>
      <item>
        <actionTime>17:07:08</actionTime>
        <type>Floor</type>
        <links>
          <link>
            <name>H386-387</name>
            <url>https://www.congress.gov/congressional-record/volume-164/house-section/page/H386-387</url>
          </link>
        </links>
        <sourceSystem>
          <name>House floor actions</name>
          <code>2</code>
        </sourceSystem>
        <actionDate>2018-01-16</actionDate>
        <committee />
        <text>Considered under suspension of the rules. (consideration: CR H386-387)</text>
        <actionCode>H30000</actionCode>
      </item>
      <item>
        <actionTime>17:07:00</actionTime>
        <type>Floor</type>
        <links />
        <sourceSystem>
          <name>House floor actions</name>
          <code>2</code>
        </sourceSystem>
        <actionDate>2018-01-16</actionDate>
        <committee />
        <text>Mr. Gianforte moved to suspend the rules and pass the bill.</text>
        <actionCode>H30300</actionCode>
      </item>
      <item>
        <text>Placed on the House Calendar, Calendar No. 117.</text>
        <type>Calendars</type>
        <links />
        <sourceSystem>
          <name>House floor actions</name>
          <code>2</code>
        </sourceSystem>
        <actionDate>2018-01-16</actionDate>
        <committee />
        <actionCode>H12420</actionCode>
      </item>
      <item>
        <text>Reported by the Committee on Natural Resources. H. Rept. 115-516.</text>
        <type>Committee</type>
        <links>
          <link>
            <name>H. Rept. 115-516</name>
            <url>https://www.congress.gov/congressional-report/115th-congress/house-report/516</url>
          </link>
        </links>
        <sourceSystem>
          <name>House floor actions</name>
          <code>2</code>
        </sourceSystem>
        <actionDate>2018-01-16</actionDate>
        <committee>
          <name>Natural Resources Committee</name>
          <systemCode>hsii00</systemCode>
        </committee>
        <actionCode>H12200</actionCode>
      </item>
      <item>
        <text>Reported by the Committee on Natural Resources. H. Rept. 115-516.</text>
        <type>Committee</type>
        <links>
          <link>
            <name>H. Rept. 115-516</name>
            <url>https://www.congress.gov/congressional-report/115th-congress/house-report/516</url>
          </link>
        </links>
        <sourceSystem>
          <name>Library of Congress</name>
          <code>9</code>
        </sourceSystem>
        <actionDate>2018-01-16</actionDate>
        <committee>
          <name>Natural Resources Committee</name>
          <systemCode>hsii00</systemCode>
        </committee>
        <actionCode>5000</actionCode>
      </item>
      <item>
        <actionDate>2018-01-10</actionDate>
        <committee>
          <name>Natural Resources Committee</name>
          <systemCode>hsii00</systemCode>
        </committee>
        <links />
        <sourceSystem>
          <name>House committee actions</name>
          <code>1</code>
        </sourceSystem>
        <text>Ordered to be Reported by Unanimous Consent.</text>
        <type>Committee</type>
      </item>
      <item>
        <actionDate>2018-01-10</actionDate>
        <committee>
          <name>Natural Resources Committee</name>
          <systemCode>hsii00</systemCode>
        </committee>
        <links />
        <sourceSystem>
          <name>House committee actions</name>
          <code>1</code>
        </sourceSystem>
        <text>Committee Consideration and Mark-up Session Held.</text>
        <type>Committee</type>
      </item>
      <item>
        <actionDate>2018-01-10</actionDate>
        <committee>
          <name>Natural Resources Committee</name>
          <systemCode>hsii00</systemCode>
        </committee>
        <links />
        <sourceSystem>
          <name>House committee actions</name>
          <code>1</code>
        </sourceSystem>
        <text>Subcommittee on Federal Lands Discharged.</text>
        <type>Committee</type>
      </item>
      <item>
        <actionDate>2018-01-02</actionDate>
        <committee>
          <name>Federal Lands Subcommittee</name>
          <systemCode>hsii10</systemCode>
        </committee>
        <links />
        <sourceSystem>
          <name>House committee actions</name>
          <code>1</code>
        </sourceSystem>
        <text>Referred to the Subcommittee on Federal Lands.</text>
        <type>Committee</type>
      </item>
      <item>
        <text>Referred to the House Committee on Natural Resources.</text>
        <type>IntroReferral</type>
        <links />
        <sourceSystem>
          <name>House floor actions</name>
          <code>2</code>
        </sourceSystem>
        <actionDate>2017-12-21</actionDate>
        <committee>
          <name>Natural Resources Committee</name>
          <systemCode>hsii00</systemCode>
        </committee>
        <actionCode>H11100</actionCode>
      </item>
      <item>
        <actionTime>12:23:05</actionTime>
        <type>Floor</type>
        <links />
        <sourceSystem>
          <name>House floor actions</name>
          <code>2</code>
        </sourceSystem>
        <actionDate>2017-12-21</actionDate>
        <committee />
        <text>Received in the House.</text>
        <actionCode>H14000</actionCode>
      </item>
      <item>
        <actionDate>2017-12-21</actionDate>
        <committee />
        <links />
        <sourceSystem>
          <name>Senate</name>
          <code>0</code>
        </sourceSystem>
        <text>Message on Senate action sent to the House.</text>
        <type>Floor</type>
      </item>
      <item>
        <actionDate>2017-12-20</actionDate>
        <committee />
        <links>
          <link>
            <name>S8184-8185</name>
            <url>https://www.congress.gov/congressional-record/volume-163/senate-section/page/S8184-8185</url>
          </link>
          <link>
            <name>S8185</name>
            <url>https://www.congress.gov/congressional-record/volume-163/senate-section/page/S8185</url>
          </link>
        </links>
        <sourceSystem>
          <name>Senate</name>
          <code>0</code>
        </sourceSystem>
        <text>Passed Senate with an amendment by Unanimous Consent. (consideration: CR S8184-8185; text as passed Senate: CR S8185)</text>
        <type>Floor</type>
      </item>
      <item>
        <text>Passed/agreed to in Senate: Passed Senate with an amendment by Unanimous Consent.</text>
        <type>Floor</type>
        <links />
        <sourceSystem>
          <name>Library of Congress</name>
          <code>9</code>
        </sourceSystem>
        <actionDate>2017-12-20</actionDate>
        <committee />
        <actionCode>17000</actionCode>
      </item>
      <item>
        <actionDate>2017-06-08</actionDate>
        <committee />
        <links />
        <sourceSystem>
          <name>Senate</name>
          <code>0</code>
        </sourceSystem>
        <text>Placed on Senate Legislative Calendar under General Orders. Calendar No. 124.</text>
        <type>Calendars</type>
      </item>
      <item>
        <actionDate>2017-06-08</actionDate>
        <committee>
          <name>Energy and Natural Resources Committee</name>
          <systemCode>sseg00</systemCode>
        </committee>
        <links>
          <link>
            <name>report No. 115-94</name>
            <url>https://www.congress.gov/congressional-report/115th-congress/senate-report/94</url>
          </link>
        </links>
        <sourceSystem>
          <name>Senate</name>
          <code>0</code>
        </sourceSystem>
        <text>Committee on Energy and Natural Resources. Reported by Senator Murkowski with an amendment. With written report No. 115-94.</text>
        <type>Committee</type>
      </item>
      <item>
        <text>Committee on Energy and Natural Resources. Reported by Senator Murkowski with an amendment. With written report No. 115-94.</text>
        <type>Committee</type>
        <links>
          <link>
            <name>report No. 115-94</name>
            <url>https://www.congress.gov/congressional-report/115th-congress/senate-report/94</url>
          </link>
        </links>
        <sourceSystem>
          <name>Library of Congress</name>
          <code>9</code>
        </sourceSystem>
        <actionDate>2017-06-08</actionDate>
        <committee>
          <name>Energy and Natural Resources Committee</name>
          <systemCode>sseg00</systemCode>
        </committee>
        <actionCode>14000</actionCode>
      </item>
      <item>
        <actionDate>2017-03-30</actionDate>
        <committee>
          <name>Energy and Natural Resources Committee</name>
          <systemCode>sseg00</systemCode>
        </committee>
        <links />
        <sourceSystem>
          <name>Senate</name>
          <code>0</code>
        </sourceSystem>
        <text>Committee on Energy and Natural Resources. Ordered to be reported with an amendment favorably.</text>
        <type>Committee</type>
      </item>
      <item>
        <actionDate>2017-01-12</actionDate>
        <committee>
          <name>Energy and Natural Resources Committee</name>
          <systemCode>sseg00</systemCode>
        </committee>
        <links />
        <sourceSystem>
          <name>Senate</name>
          <code>0</code>
        </sourceSystem>
        <text>Read twice and referred to the Committee on Energy and Natural Resources.</text>
        <type>IntroReferral</type>
      </item>
      <item>
        <text>Introduced in Senate</text>
        <type>IntroReferral</type>
        <links />
        <sourceSystem>
          <name>Library of Congress</name>
          <code>9</code>
        </sourceSystem>
        <actionDate>2017-01-12</actionDate>
        <committee />
        <actionCode>10000</actionCode>
      </item>
    </actions>
    <version>1.0.0</version>
    <billType>S</billType>
    <committees>
      <billCommittees>
        <item>
          <subcommittees>
            <item>
              <activities>
                <item>
                  <date>2018-01-10T20:57:14Z</date>
                  <name>Discharged from</name>
                </item>
                <item>
                  <date>2018-01-02T21:36:07Z</date>
                  <name>Referred to</name>
                </item>
              </activities>
              <systemCode>hsii10</systemCode>
              <name>Federal Lands Subcommittee</name>
            </item>
          </subcommittees>
          <chamber>House</chamber>
          <activities>
            <item>
              <date>2018-01-16T17:20:07Z</date>
              <name>Reported by</name>
            </item>
            <item>
              <date>2018-01-10T20:57:33Z</date>
              <name>Markup by</name>
            </item>
            <item>
              <date>2017-12-21T19:42:40Z</date>
              <name>Referred to</name>
            </item>
          </activities>
          <type>Standing</type>
          <name>Natural Resources Committee</name>
          <systemCode>hsii00</systemCode>
        </item>
        <item>
          <subcommittees />
          <chamber>Senate</chamber>
          <activities>
            <item>
              <date>2017-06-08T21:42:38Z</date>
              <name>Reported by</name>
            </item>
            <item>
              <date>2017-03-30T13:30:00Z</date>
              <name>Markup by</name>
            </item>
            <item>
              <date>2017-01-12T19:00:32Z</date>
              <name>Referred to</name>
            </item>
          </activities>
          <type>Standing</type>
          <name>Energy and Natural Resources Committee</name>
          <systemCode>sseg00</systemCode>
        </item>
      </billCommittees>
    </committees>
    <cosponsors>
      <item>
        <fullName>Sen. Tester, Jon [D-MT]</fullName>
        <isOriginalCosponsor>True</isOriginalCosponsor>
        <bioguideId>T000464</bioguideId>
        <middleName />
        <lastName>Tester</lastName>
        <identifiers>
          <bioguideId>T000464</bioguideId>
          <lisID>1829</lisID>
          <gpoId>8258</gpoId>
        </identifiers>
        <firstName>Jon</firstName>
        <sponsorshipDate>2017-01-12</sponsorshipDate>
        <state>MT</state>
        <sponsorshipWithdrawnDate />
        <party>D</party>
      </item>
    </cosponsors>
    <subjects>
      <billSubjects>
        <legislativeSubjects>
          <item>
            <name>Congressional tributes</name>
          </item>
          <item>
            <name>Montana</name>
          </item>
          <item>
            <name>Wilderness and natural areas, wildlife refuges, wild rivers, habitats</name>
          </item>
        </legislativeSubjects>
        <policyArea>
          <name>Public Lands and Natural Resources</name>
        </policyArea>
      </billSubjects>
    </subjects>
    <amendments />
    <summaries>
      <billSummaries>
        <item>
          <versionCode>00</versionCode>
          <text><![CDATA[<p><b>Alex Diekmann Peak Designation Act of 2017</b></p> <p>This bill designates the 9,765-foot peak located 2.2 miles west-northwest of Finger Mountain on the western boundary of the Lee Metcalf Wilderness in Montana as &quot;Alex Diekmann Peak.&quot;</p>]]></text>
          <actionDesc>Introduced in Senate</actionDesc>
          <lastSummaryUpdateDate>2017-11-02T20:45:04Z</lastSummaryUpdateDate>
          <updateDate>2017-01-12T05:00:00Z</updateDate>
          <actionDate>2017-01-12</actionDate>
          <name>Introduced in Senate</name>
        </item>
        <item>
          <versionCode>01</versionCode>
          <text><![CDATA[<p><b>Alex Diekmann Peak Designation Act of 2017</b></p> <p>(Sec. 2) This bill designates as the Alex Diekmann Peak the 9,765-foot peak located 2.2 miles west-northwest of Finger Mountain on the western boundary of the Lee Metcalf Wilderness in Montana. </p>]]></text>
          <actionDesc>Reported to Senate with amendment(s)</actionDesc>
          <lastSummaryUpdateDate>2017-11-30T15:19:39Z</lastSummaryUpdateDate>
          <updateDate>2017-06-08T14:06:05Z</updateDate>
          <actionDate>2017-06-08</actionDate>
          <name>Reported to Senate with amendment(s)</name>
        </item>
      </billSummaries>
    </summaries>
    <recordedVotes>
      <recordedVote>
        <rollNumber>19</rollNumber>
        <url>http://clerk.house.gov/evs/2018/roll019.xml</url>
        <chamber>House</chamber>
        <congress>115</congress>
        <sessionNumber>2</sessionNumber>
        <fullActionName>Final Passage Under Suspension of the Rules Results</fullActionName>
        <date>2018-01-17T00:04:26Z</date>
      </recordedVote>
    </recordedVotes>
    <policyArea>
      <name>Public Lands and Natural Resources</name>
    </policyArea>
    <sponsors>
      <item>
        <byRequestType />
        <party>R</party>
        <middleName />
        <lastName>Daines</lastName>
        <bioguideId>D000618</bioguideId>
        <fullName>Sen. Daines, Steve [R-MT]</fullName>
        <firstName>Steve</firstName>
        <identifiers>
          <bioguideId>D000618</bioguideId>
          <gpoId />
          <lisID>2138</lisID>
        </identifiers>
        <state>MT</state>
      </item>
    </sponsors>
  </bill>
  <dublinCore xmlns:dc="http://purl.org/dc/elements/1.1/">
    <dc:format>text/xml</dc:format>
    <dc:language>EN</dc:language>
    <dc:rights>Pursuant to Title 17 Section 105 of the United States Code, this file is not subject to copyright protection and is in the public domain.</dc:rights>
    <dc:contributor>Congressional Research Service, Library of Congress</dc:contributor>
    <dc:description>This file contains bill summaries and statuses for federal legislation. A bill summary describes the most significant provisions of a piece of legislation and details the effects the legislative text may have on current law and federal programs. Bill summaries are authored by the Congressional Research Service (CRS) of the Library of Congress. As stated in Public Law 91-510 (2 USC 166 (d)(6)), one of the duties of CRS is "to prepare summaries and digests of bills and resolutions of a public general nature introduced in the Senate or House of Representatives". For more information, refer to the User Guide that accompanies this file.</dc:description>
  </dublinCore>
</billStatus>

