<?xml version="1.0" encoding="UTF-8"?>
<billStatus>
  <bill>
    <committeeReports />
    <originChamber>Senate</originChamber>
    <billNumber>551</billNumber>
    <actions>
      <item>
        <actionDate>2017-03-07</actionDate>
        <committee>
          <systemCode>ssfr00</systemCode>
          <name>Foreign Relations Committee</name>
        </committee>
        <links />
        <sourceSystem>
          <code>0</code>
          <name>Senate</name>
        </sourceSystem>
        <text>Read twice and referred to the Committee on Foreign Relations.</text>
        <type>IntroReferral</type>
      </item>
      <item>
        <committee />
        <sourceSystem>
          <code>9</code>
          <name>Library of Congress</name>
        </sourceSystem>
        <actionDate>2017-03-07</actionDate>
        <text>Introduced in Senate</text>
        <links />
        <type>IntroReferral</type>
        <actionCode>10000</actionCode>
      </item>
      <actionByCounts>
        <senate>2</senate>
      </actionByCounts>
      <actionTypeCounts>
        <referredToCommittee>1</referredToCommittee>
        <introducedInSenate>1</introducedInSenate>
      </actionTypeCounts>
    </actions>
    <calendarNumbers />
    <updateDate>2018-02-06T16:44:55Z</updateDate>
    <cosponsors>
      <item>
        <bioguideId>F000444</bioguideId>
        <sponsorshipDate>2017-03-07</sponsorshipDate>
        <isOriginalCosponsor>True</isOriginalCosponsor>
        <middleName />
        <sponsorshipWithdrawnDate />
        <firstName>JEFF</firstName>
        <lastName>FLAKE</lastName>
        <state>AZ</state>
        <party>R</party>
        <identifiers>
          <lisID>1633</lisID>
          <bioguideId>F000444</bioguideId>
          <gpoId>7803</gpoId>
        </identifiers>
        <fullName>Sen. Flake, Jeff [R-AZ]</fullName>
      </item>
    </cosponsors>
    <notes />
    <subjects>
      <billSubjects>
        <policyArea>
          <name>Environmental Protection</name>
        </policyArea>
        <legislativeSubjects>
          <item>
            <name>Arizona</name>
          </item>
          <item>
            <name>Latin America</name>
          </item>
          <item>
            <name>Mexico</name>
          </item>
          <item>
            <name>Pipelines</name>
          </item>
          <item>
            <name>Solid waste and recycling</name>
          </item>
          <item>
            <name>Water quality</name>
          </item>
        </legislativeSubjects>
      </billSubjects>
    </subjects>
    <committees>
      <billCommittees>
        <item>
          <systemCode>ssfr00</systemCode>
          <chamber>Senate</chamber>
          <type>Standing</type>
          <activities>
            <item>
              <date>2017-03-07T22:49:34Z</date>
              <name>Referred to</name>
            </item>
          </activities>
          <name>Foreign Relations Committee</name>
          <subcommittees />
        </item>
      </billCommittees>
    </committees>
    <version>1.0.0</version>
    <recordedVotes />
    <policyArea>
      <name>Environmental Protection</name>
    </policyArea>
    <cboCostEstimates />
    <introducedDate>2017-03-07</introducedDate>
    <title>Nogales Wastewater Fairness Act</title>
    <amendments />
    <congress>115</congress>
    <billType>S</billType>
    <createDate>2017-03-08T05:28:21Z</createDate>
    <sponsors>
      <item>
        <lastName>MCCAIN</lastName>
        <party>R</party>
        <state>AZ</state>
        <bioguideId>M000303</bioguideId>
        <middleName>SIDNEY</middleName>
        <byRequestType />
        <fullName>Sen. McCain, John [R-AZ]</fullName>
        <firstName>JOHN</firstName>
        <identifiers>
          <bioguideId>M000303</bioguideId>
          <lisID>754</lisID>
          <gpoId>8253</gpoId>
        </identifiers>
      </item>
    </sponsors>
    <latestAction>
      <text>Read twice and referred to the Committee on Foreign Relations.</text>
      <links />
      <actionDate>2017-03-07</actionDate>
    </latestAction>
    <relatedBills>
      <item>
        <latestTitle>Nogales Wastewater Fairness Act</latestTitle>
        <number>1410</number>
        <latestAction>
          <actionDate>2017-03-08</actionDate>
          <text>Referred to the Subcommittee on Water Resources and Environment.</text>
        </latestAction>
        <congress>115</congress>
        <relationshipDetails>
          <item>
            <identifiedBy>CRS</identifiedBy>
            <type>Identical bill</type>
          </item>
        </relationshipDetails>
        <type>HR</type>
      </item>
    </relatedBills>
    <laws />
    <titles>
      <item>
        <parentTitleType />
        <chamberCode />
        <titleType>(Extracted from GPO) Short Titles as Introduced</titleType>
        <chamberName />
        <title>Nogales Wastewater Fairness Act</title>
      </item>
      <item>
        <parentTitleType />
        <chamberCode />
        <titleType>Short Titles as Introduced</titleType>
        <chamberName />
        <title>Nogales Wastewater Fairness Act</title>
      </item>
      <item>
        <parentTitleType />
        <chamberCode />
        <titleType>Official Title as Introduced</titleType>
        <chamberName />
        <title>A bill to establish responsibility for the International Outfall Interceptor.</title>
      </item>
      <item>
        <parentTitleType />
        <chamberCode />
        <titleType>Display Title</titleType>
        <chamberName />
        <title>Nogales Wastewater Fairness Act</title>
      </item>
    </titles>
    <summaries>
      <billSummaries>
        <item>
          <updateDate>2017-03-07T05:00:00Z</updateDate>
          <actionDesc>Introduced in Senate</actionDesc>
          <versionCode>00</versionCode>
          <name>Introduced in Senate</name>
          <text><![CDATA[<p><b>Nogales Wastewater Fairness Act</b></p> <p>This bill directs the U.S. Section of the International Boundary and Water Commission to charge Nogales, Arizona, an equitable proportion of the costs for operating and maintaining the Nogales sanitation project, which should be based on the average daily volume of wastewater originating from Nogales. The sanitation project includes: (1) the International Outfall Interceptor and the trunkline, which is a sewer line that carries wastewater along the U.S. and Mexico border; and (2) the Nogales International Wastewater Treatment Plant. </p> <p>The bill declares that Nogales is not obligated to contribute any capital costs of repairing or upgrading the project.</p>]]></text>
          <lastSummaryUpdateDate>2017-05-02T12:59:44Z</lastSummaryUpdateDate>
          <actionDate>2017-03-07</actionDate>
        </item>
      </billSummaries>
    </summaries>
  </bill>
  <dublinCore xmlns:dc="http://purl.org/dc/elements/1.1/">
    <dc:format>text/xml</dc:format>
    <dc:language>EN</dc:language>
    <dc:rights>Pursuant to Title 17 Section 105 of the United States Code, this file is not subject to copyright protection and is in the public domain.</dc:rights>
    <dc:contributor>Congressional Research Service, Library of Congress</dc:contributor>
    <dc:description>This file contains bill summaries and statuses for federal legislation. A bill summary describes the most significant provisions of a piece of legislation and details the effects the legislative text may have on current law and federal programs. Bill summaries are authored by the Congressional Research Service (CRS) of the Library of Congress. As stated in Public Law 91-510 (2 USC 166 (d)(6)), one of the duties of CRS is "to prepare summaries and digests of bills and resolutions of a public general nature introduced in the Senate or House of Representatives". For more information, refer to the User Guide that accompanies this file.</dc:description>
  </dublinCore>
</billStatus>

