<?xml version="1.0" encoding="UTF-8"?>
<billStatus>
  <bill>
    <calendarNumbers />
    <congress>115</congress>
    <titles>
      <item>
        <chamberName />
        <titleType>(Extracted from GPO) Short Titles as Introduced</titleType>
        <title>JOBS Act of 2017</title>
        <parentTitleType />
        <chamberCode />
      </item>
      <item>
        <chamberName />
        <titleType>(Extracted from GPO) Short Titles as Introduced</titleType>
        <title>Jumpstart Our Businesses by Supporting Students Act of 2017</title>
        <parentTitleType />
        <chamberCode />
      </item>
      <item>
        <chamberName />
        <titleType>Short Titles as Introduced</titleType>
        <title>JOBS Act of 2017</title>
        <parentTitleType />
        <chamberCode />
      </item>
      <item>
        <chamberName />
        <titleType>Short Titles as Introduced</titleType>
        <title>Jumpstart Our Businesses by Supporting Students Act of 2017</title>
        <parentTitleType />
        <chamberCode />
      </item>
      <item>
        <chamberName />
        <titleType>Official Title as Introduced</titleType>
        <title>A bill to amend the Higher Education Act of 1965 to allow the Secretary of Education to award job training Federal Pell Grants.</title>
        <parentTitleType />
        <chamberCode />
      </item>
      <item>
        <chamberName />
        <titleType>Display Title</titleType>
        <title>JOBS Act of 2017</title>
        <parentTitleType />
        <chamberCode />
      </item>
    </titles>
    <introducedDate>2017-01-24</introducedDate>
    <latestAction>
      <actionDate>2017-01-24</actionDate>
      <text>Read twice and referred to the Committee on Health, Education, Labor, and Pensions. (Sponsor introductory remarks on measure: CR S448)</text>
      <links />
    </latestAction>
    <title>JOBS Act of 2017</title>
    <subjects>
      <billSubjects>
        <legislativeSubjects>
          <item>
            <name>Employment and training programs</name>
          </item>
          <item>
            <name>Higher education</name>
          </item>
          <item>
            <name>Student aid and college costs</name>
          </item>
          <item>
            <name>Vocational and technical education</name>
          </item>
        </legislativeSubjects>
        <policyArea>
          <name>Education</name>
        </policyArea>
      </billSubjects>
    </subjects>
    <relatedBills>
      <item>
        <congress>115</congress>
        <latestAction>
          <actionDate>2017-05-16</actionDate>
          <text>Referred to House Budget</text>
        </latestAction>
        <type>HR</type>
        <latestTitle>Pell Grant Preservation and Expansion Act</latestTitle>
        <number>2451</number>
        <relationshipDetails>
          <item>
            <type>Related bill</type>
            <identifiedBy>CRS</identifiedBy>
          </item>
        </relationshipDetails>
      </item>
    </relatedBills>
    <updateDate>2018-02-06T16:44:35Z</updateDate>
    <committeeReports />
    <notes />
    <recordedVotes />
    <amendments />
    <createDate>2017-01-25T04:45:58Z</createDate>
    <committees>
      <billCommittees>
        <item>
          <subcommittees />
          <type>Standing</type>
          <systemCode>sshr00</systemCode>
          <activities>
            <item>
              <name>Referred to</name>
              <date>2017-01-24T19:44:19Z</date>
            </item>
          </activities>
          <name>Health, Education, Labor, and Pensions Committee</name>
          <chamber>Senate</chamber>
        </item>
      </billCommittees>
    </committees>
    <cboCostEstimates />
    <billNumber>206</billNumber>
    <policyArea>
      <name>Education</name>
    </policyArea>
    <version>1.0.0</version>
    <billType>S</billType>
    <originChamber>Senate</originChamber>
    <actions>
      <actionByCounts>
        <senate>2</senate>
      </actionByCounts>
      <actionTypeCounts>
        <referredToCommittee>1</referredToCommittee>
        <introducedInSenate>1</introducedInSenate>
      </actionTypeCounts>
      <item>
        <actionDate>2017-01-24</actionDate>
        <committee>
          <systemCode>sshr00</systemCode>
          <name>Health, Education, Labor, and Pensions Committee</name>
        </committee>
        <links>
          <link>
            <name>S448</name>
            <url>https://www.congress.gov/congressional-record/volume-163/senate-section/page/S448</url>
          </link>
        </links>
        <sourceSystem>
          <name>Senate</name>
          <code>0</code>
        </sourceSystem>
        <text>Read twice and referred to the Committee on Health, Education, Labor, and Pensions. (Sponsor introductory remarks on measure: CR S448)</text>
        <type>IntroReferral</type>
      </item>
      <item>
        <actionDate>2017-01-24</actionDate>
        <text>Introduced in Senate</text>
        <sourceSystem>
          <name>Library of Congress</name>
          <code>9</code>
        </sourceSystem>
        <committee />
        <links />
        <actionCode>10000</actionCode>
        <type>IntroReferral</type>
      </item>
    </actions>
    <sponsors>
      <item>
        <bioguideId>K000384</bioguideId>
        <party>D</party>
        <firstName>Timothy</firstName>
        <middleName />
        <byRequestType />
        <fullName>Sen. Kaine, Tim [D-VA]</fullName>
        <identifiers>
          <lisID>2176</lisID>
          <bioguideId>K000384</bioguideId>
          <gpoId />
        </identifiers>
        <lastName>Kaine</lastName>
        <state>VA</state>
      </item>
    </sponsors>
    <summaries>
      <billSummaries>
        <item>
          <updateDate>2017-01-24T05:00:00Z</updateDate>
          <lastSummaryUpdateDate>2017-02-07T19:30:17Z</lastSummaryUpdateDate>
          <actionDate>2017-01-24</actionDate>
          <name>Introduced in Senate</name>
          <actionDesc>Introduced in Senate</actionDesc>
          <versionCode>00</versionCode>
          <text><![CDATA[<p> <b>Jumpstart Our Businesses by Supporting Students Act of 2017 or the JOBS Act of </b><b>2017</b> <p>This bill amends title IV (Student Assistance) of the Higher Education Act of 1965 to establish the Job Training Federal Pell Grant Program. The Department of Education must award job training Federal Pell Grants to eligible students. </p> <p>An eligible student is one who does not have a degree, attends an institution of higher education (IHE), is enrolled in a job training program at such IHE, and meets all other eligibility requirements for a Federal Pell Grant. </p> <p>The maximum job training Federal Pell Grant award is 50% of the discretionary base maximum award specified in annual appropriations law. </p> <p>Any period during which a student receives a job training Federal Pell Grant counts toward that student's Federal Pell Grant eligibility period.<br /></p>]]></text>
        </item>
      </billSummaries>
    </summaries>
    <laws />
    <cosponsors>
      <item>
        <firstName>ROB</firstName>
        <sponsorshipWithdrawnDate />
        <state>OH</state>
        <bioguideId>P000449</bioguideId>
        <identifiers>
          <bioguideId>P000449</bioguideId>
          <gpoId>8266</gpoId>
          <lisID>924</lisID>
        </identifiers>
        <fullName>Sen. Portman, Rob [R-OH]</fullName>
        <lastName>PORTMAN</lastName>
        <party>R</party>
        <middleName />
        <isOriginalCosponsor>True</isOriginalCosponsor>
        <sponsorshipDate>2017-01-24</sponsorshipDate>
      </item>
      <item>
        <firstName>Kirsten</firstName>
        <sponsorshipWithdrawnDate />
        <state>NY</state>
        <bioguideId>G000555</bioguideId>
        <identifiers>
          <gpoId>8336</gpoId>
          <bioguideId>G000555</bioguideId>
          <lisID>1866</lisID>
        </identifiers>
        <fullName>Sen. Gillibrand, Kirsten E. [D-NY]</fullName>
        <lastName>Gillibrand</lastName>
        <party>D</party>
        <middleName>E.</middleName>
        <isOriginalCosponsor>False</isOriginalCosponsor>
        <sponsorshipDate>2017-02-27</sponsorshipDate>
      </item>
      <item>
        <firstName>SHERROD</firstName>
        <sponsorshipWithdrawnDate />
        <state>OH</state>
        <bioguideId>B000944</bioguideId>
        <identifiers>
          <bioguideId>B000944</bioguideId>
          <gpoId>8309</gpoId>
          <lisID>136</lisID>
        </identifiers>
        <fullName>Sen. Brown, Sherrod [D-OH]</fullName>
        <lastName>BROWN</lastName>
        <party>D</party>
        <middleName />
        <isOriginalCosponsor>False</isOriginalCosponsor>
        <sponsorshipDate>2017-03-08</sponsorshipDate>
      </item>
      <item>
        <firstName>Amy</firstName>
        <sponsorshipWithdrawnDate />
        <state>MN</state>
        <bioguideId>K000367</bioguideId>
        <identifiers>
          <lisID>1826</lisID>
          <bioguideId>K000367</bioguideId>
          <gpoId>8249</gpoId>
        </identifiers>
        <fullName>Sen. Klobuchar, Amy [D-MN]</fullName>
        <lastName>Klobuchar</lastName>
        <party>D</party>
        <middleName />
        <isOriginalCosponsor>False</isOriginalCosponsor>
        <sponsorshipDate>2017-03-14</sponsorshipDate>
      </item>
      <item>
        <firstName>Margaret</firstName>
        <sponsorshipWithdrawnDate />
        <state>NH</state>
        <bioguideId>H001076</bioguideId>
        <identifiers>
          <bioguideId>H001076</bioguideId>
          <lisID>2302</lisID>
          <gpoId />
        </identifiers>
        <fullName>Sen. Hassan, Margaret Wood [D-NH]</fullName>
        <lastName>Hassan</lastName>
        <party>D</party>
        <middleName>Wood</middleName>
        <isOriginalCosponsor>False</isOriginalCosponsor>
        <sponsorshipDate>2017-04-24</sponsorshipDate>
      </item>
      <item>
        <firstName>BENJAMIN</firstName>
        <sponsorshipWithdrawnDate />
        <state>MD</state>
        <bioguideId>C000141</bioguideId>
        <identifiers>
          <bioguideId>C000141</bioguideId>
          <lisID>174</lisID>
          <gpoId>8287</gpoId>
        </identifiers>
        <fullName>Sen. Cardin, Benjamin L. [D-MD]</fullName>
        <lastName>CARDIN</lastName>
        <party>D</party>
        <middleName>L.</middleName>
        <isOriginalCosponsor>False</isOriginalCosponsor>
        <sponsorshipDate>2017-09-05</sponsorshipDate>
      </item>
      <item>
        <firstName>DEBORAH</firstName>
        <sponsorshipWithdrawnDate />
        <state>MI</state>
        <bioguideId>S000770</bioguideId>
        <identifiers>
          <gpoId>8261</gpoId>
          <lisID>1531</lisID>
          <bioguideId>S000770</bioguideId>
        </identifiers>
        <fullName>Sen. Stabenow, Debbie [D-MI]</fullName>
        <lastName>STABENOW</lastName>
        <party>D</party>
        <middleName>ANN</middleName>
        <isOriginalCosponsor>False</isOriginalCosponsor>
        <sponsorshipDate>2017-09-19</sponsorshipDate>
      </item>
    </cosponsors>
  </bill>
  <dublinCore xmlns:dc="http://purl.org/dc/elements/1.1/">
    <dc:format>text/xml</dc:format>
    <dc:language>EN</dc:language>
    <dc:rights>Pursuant to Title 17 Section 105 of the United States Code, this file is not subject to copyright protection and is in the public domain.</dc:rights>
    <dc:contributor>Congressional Research Service, Library of Congress</dc:contributor>
    <dc:description>This file contains bill summaries and statuses for federal legislation. A bill summary describes the most significant provisions of a piece of legislation and details the effects the legislative text may have on current law and federal programs. Bill summaries are authored by the Congressional Research Service (CRS) of the Library of Congress. As stated in Public Law 91-510 (2 USC 166 (d)(6)), one of the duties of CRS is "to prepare summaries and digests of bills and resolutions of a public general nature introduced in the Senate or House of Representatives". For more information, refer to the User Guide that accompanies this file.</dc:description>
  </dublinCore>
</billStatus>

