<?xml version="1.0" encoding="UTF-8"?>
<billStatus>
  <bill>
    <titles>
      <item>
        <titleType>(Extracted from GPO) Short Titles as Introduced</titleType>
        <title>Promise Zone Job Creation Act of 2017</title>
        <chamberCode />
        <parentTitleType />
        <chamberName />
      </item>
      <item>
        <titleType>Short Titles as Introduced</titleType>
        <title>Promise Zone Job Creation Act of 2017</title>
        <chamberCode />
        <parentTitleType />
        <chamberName />
      </item>
      <item>
        <titleType>Official Title as Introduced</titleType>
        <title>A bill to amend the Internal Revenue Code of 1986 to provide for the establishment of Promise Zones.</title>
        <chamberCode />
        <parentTitleType />
        <chamberName />
      </item>
      <item>
        <titleType>Display Title</titleType>
        <title>Promise Zone Job Creation Act of 2017</title>
        <chamberCode />
        <parentTitleType />
        <chamberName />
      </item>
    </titles>
    <committeeReports />
    <sponsors>
      <item>
        <firstName>Bob</firstName>
        <identifiers>
          <bioguideId>C001070</bioguideId>
          <gpoId>8282</gpoId>
          <lisID>1828</lisID>
        </identifiers>
        <party>D</party>
        <bioguideId>C001070</bioguideId>
        <lastName>Casey</lastName>
        <fullName>Sen. Casey, Robert P., Jr. [D-PA]</fullName>
        <byRequestType />
        <middleName />
        <state>PA</state>
      </item>
    </sponsors>
    <title>Promise Zone Job Creation Act of 2017</title>
    <actions>
      <actionTypeCounts>
        <referredToCommittee>1</referredToCommittee>
        <introducedInSenate>1</introducedInSenate>
      </actionTypeCounts>
      <item>
        <actionDate>2017-01-12</actionDate>
        <committee>
          <systemCode>ssfi00</systemCode>
          <name>Finance Committee</name>
        </committee>
        <links />
        <sourceSystem>
          <name>Senate</name>
          <code>0</code>
        </sourceSystem>
        <text>Read twice and referred to the Committee on Finance.</text>
        <type>IntroReferral</type>
      </item>
      <item>
        <text>Introduced in Senate</text>
        <links />
        <actionDate>2017-01-12</actionDate>
        <committee />
        <sourceSystem>
          <name>Library of Congress</name>
          <code>9</code>
        </sourceSystem>
        <type>IntroReferral</type>
        <actionCode>10000</actionCode>
      </item>
      <actionByCounts>
        <senate>2</senate>
      </actionByCounts>
    </actions>
    <summaries>
      <billSummaries>
        <item>
          <updateDate>2017-01-12T05:00:00Z</updateDate>
          <lastSummaryUpdateDate>2017-03-30T18:58:50Z</lastSummaryUpdateDate>
          <actionDate>2017-01-12</actionDate>
          <name>Introduced in Senate</name>
          <actionDesc>Introduced in Senate</actionDesc>
          <versionCode>00</versionCode>
          <text><![CDATA[<p><strong>Promise Zone Job Creation Act of 201</strong><b>7</b></p> <p>This bill amends the Internal Revenue Code to direct the Departments of Housing and Urban Development and Agriculture, acting jointly, to designate, before January 1, 2019, not more than 40 areas as Promise Zones for purposes of priority consideration in federal grant programs and initiatives. Twelve of such areas shall be outside of a metropolitan statistical area or shall be determined to be rural areas. </p> <p>A "Promise Zone" is any area with a&nbsp;continuous boundary and a&nbsp;population of not more than&nbsp;200,000 that is nominated by one or more local governments or Indian tribes and designated on the basis of unemployment rates, poverty rates, vacancy rates, crime rates, household income, home ownership, labor force participation, and educational attainment. An application for designation as a Promise Zone shall include a competitiveness plan that addresses the need of the area to attract investment and jobs and improve educational opportunities.</p> <p>The bill allows: (1) a Promise Zone employment tax credit for wages paid to a qualified zone or resident employee, and (2) expensing of Promise Zone property. </p> <p>A "Promise Zone property" is a property that is: (1) tangible property with a&nbsp;recovery period of 20 years or less for depreciation purposes,&nbsp;water utility property, computer software, or qualified leasehold improvement property; (2) acquired by purchase for use&nbsp;in the active conduct of a trade or business; and (3) originally placed in service in a Promise Zone. </p>]]></text>
        </item>
      </billSummaries>
    </summaries>
    <recordedVotes />
    <billNumber>144</billNumber>
    <calendarNumbers />
    <cosponsors>
      <item>
        <isOriginalCosponsor>True</isOriginalCosponsor>
        <fullName>Sen. Murray, Patty [D-WA]</fullName>
        <middleName />
        <state>WA</state>
        <sponsorshipDate>2017-01-12</sponsorshipDate>
        <firstName>PATTY</firstName>
        <bioguideId>M001111</bioguideId>
        <party>D</party>
        <lastName>MURRAY</lastName>
        <sponsorshipWithdrawnDate />
        <identifiers>
          <gpoId>8237</gpoId>
          <lisID>1409</lisID>
          <bioguideId>M001111</bioguideId>
        </identifiers>
      </item>
    </cosponsors>
    <version>1.0.0</version>
    <subjects>
      <billSubjects>
        <policyArea>
          <name>Taxation</name>
        </policyArea>
        <legislativeSubjects>
          <item>
            <name>Business investment and capital</name>
          </item>
          <item>
            <name>Economic development</name>
          </item>
          <item>
            <name>Employee hiring</name>
          </item>
          <item>
            <name>Income tax credits</name>
          </item>
          <item>
            <name>Income tax deductions</name>
          </item>
          <item>
            <name>Indian social and development programs</name>
          </item>
          <item>
            <name>Rural conditions and development</name>
          </item>
          <item>
            <name>Urban and suburban affairs and development</name>
          </item>
          <item>
            <name>Wages and earnings</name>
          </item>
        </legislativeSubjects>
      </billSubjects>
    </subjects>
    <latestAction>
      <text>Read twice and referred to the Committee on Finance.</text>
      <links />
      <actionDate>2017-01-12</actionDate>
    </latestAction>
    <originChamber>Senate</originChamber>
    <laws />
    <notes />
    <createDate>2017-01-13T04:55:35Z</createDate>
    <billType>S</billType>
    <updateDate>2018-02-06T16:44:31Z</updateDate>
    <policyArea>
      <name>Taxation</name>
    </policyArea>
    <cboCostEstimates />
    <introducedDate>2017-01-12</introducedDate>
    <amendments />
    <relatedBills />
    <congress>115</congress>
    <committees>
      <billCommittees>
        <item>
          <subcommittees />
          <type>Standing</type>
          <systemCode>ssfi00</systemCode>
          <activities>
            <item>
              <name>Referred to</name>
              <date>2017-01-12T21:51:43Z</date>
            </item>
          </activities>
          <name>Finance Committee</name>
          <chamber>Senate</chamber>
        </item>
      </billCommittees>
    </committees>
  </bill>
  <dublinCore xmlns:dc="http://purl.org/dc/elements/1.1/">
    <dc:format>text/xml</dc:format>
    <dc:language>EN</dc:language>
    <dc:rights>Pursuant to Title 17 Section 105 of the United States Code, this file is not subject to copyright protection and is in the public domain.</dc:rights>
    <dc:contributor>Congressional Research Service, Library of Congress</dc:contributor>
    <dc:description>This file contains bill summaries and statuses for federal legislation. A bill summary describes the most significant provisions of a piece of legislation and details the effects the legislative text may have on current law and federal programs. Bill summaries are authored by the Congressional Research Service (CRS) of the Library of Congress. As stated in Public Law 91-510 (2 USC 166 (d)(6)), one of the duties of CRS is "to prepare summaries and digests of bills and resolutions of a public general nature introduced in the Senate or House of Representatives". For more information, refer to the User Guide that accompanies this file.</dc:description>
  </dublinCore>
</billStatus>

