<?xml version="1.0" encoding="UTF-8"?>
<billStatus>
  <bill>
    <cboCostEstimates>
      <item>
        <title>S. 225, Mount Hood Cooper Spur Land Exchange Clarification Act</title>
        <pubDate>2017-04-10T21:20:19Z</pubDate>
        <url>https://www.cbo.gov/publication/52624</url>
      </item>
    </cboCostEstimates>
    <title>Mount Hood Cooper Spur Land Exchange Clarification Act</title>
    <originChamber>Senate</originChamber>
    <summaries>
      <billSummaries>
        <item>
          <text><![CDATA[<p><b>Mount Hood Cooper Spur Land Exchange Clarification Act</b></p> <p> This bill amends the Omnibus Public Land Management Act of 2009 to revise details of the Cooper Spur-Government Camp land exchange between the United States and Oregon. </p> <p>After the final appraised value of the federal and nonfederal lands is determined and approved by Department of Agriculture (USDA), the USDA shall not be required to reappraise or update that value for a period of up to three years, unless the condition of any of the lands is significantly and substantially altered by fire, windstorm, or other events. </p> <p>The bill revises conveyance conditions regarding reservation of a conservation easement to protect identified wetland, reservation of a nonexclusive trail easement, and equalization of values of the exchange properties. </p>]]></text>
          <lastSummaryUpdateDate>2017-05-16T14:32:04Z</lastSummaryUpdateDate>
          <versionCode>00</versionCode>
          <actionDesc>Introduced in Senate</actionDesc>
          <actionDate>2017-01-24</actionDate>
          <name>Introduced in Senate</name>
          <updateDate>2017-01-24T05:00:00Z</updateDate>
        </item>
        <item>
          <text><![CDATA[<p>(This measure has not been amended since it was introduced. The summary has been expanded because action occurred on the measure.)</p> <p><b>Mount Hood Cooper Spur Land Exchange Clarification Act</b></p> <p> (Sec. 2) This bill amends the Omnibus Public Land Management Act of 2009 to revise details of the Cooper Spur-Government Camp land exchange between the United States and Oregon. </p> <p>After the final appraised value of the federal and nonfederal lands is determined and approved by Department of Agriculture (USDA), the USDA shall not be required to reappraise or update that value for a period of up to three years, unless the condition of any of the lands is significantly and substantially altered by fire, windstorm, or other events. </p> <p>The bill revises conveyance conditions regarding reservation of a conservation easement to protect identified wetland, reservation of a nonexclusive trail easement, and equalization of values of the exchange properties. </p>]]></text>
          <lastSummaryUpdateDate>2017-06-01T19:54:34Z</lastSummaryUpdateDate>
          <versionCode>80</versionCode>
          <actionDesc>Reported to Senate without amendment</actionDesc>
          <actionDate>2017-05-09</actionDate>
          <name>Reported to Senate without amendment</name>
          <updateDate>2017-05-09T13:49:16Z</updateDate>
        </item>
      </billSummaries>
    </summaries>
    <updateDate>2018-02-22T15:28:42Z</updateDate>
    <latestAction>
      <actionDate>2017-05-09</actionDate>
      <text>Placed on Senate Legislative Calendar under General Orders. Calendar No. 65.</text>
      <links />
    </latestAction>
    <actions>
      <actionTypeCounts>
        <referredToCommittee>1</referredToCommittee>
        <introducedInSenate>1</introducedInSenate>
        <orderedReported>1</orderedReported>
        <placedOnCalendarGeneralOrders>1</placedOnCalendarGeneralOrders>
        <reportedToSenate>2</reportedToSenate>
      </actionTypeCounts>
      <item>
        <actionDate>2017-05-09</actionDate>
        <committee />
        <links />
        <sourceSystem>
          <code>0</code>
          <name>Senate</name>
        </sourceSystem>
        <text>Placed on Senate Legislative Calendar under General Orders. Calendar No. 65.</text>
        <type>Calendars</type>
      </item>
      <item>
        <actionDate>2017-05-09</actionDate>
        <committee>
          <systemCode>sseg00</systemCode>
          <name>Energy and Natural Resources Committee</name>
        </committee>
        <links>
          <link>
            <url>https://www.congress.gov/congressional-report/115th-congress/senate-report/52</url>
            <name>report No. 115-52</name>
          </link>
        </links>
        <sourceSystem>
          <code>0</code>
          <name>Senate</name>
        </sourceSystem>
        <text>Committee on Energy and Natural Resources. Reported by Senator Murkowski without amendment. With written report No. 115-52.</text>
        <type>Committee</type>
      </item>
      <item>
        <sourceSystem>
          <code>9</code>
          <name>Library of Congress</name>
        </sourceSystem>
        <committee>
          <systemCode>sseg00</systemCode>
          <name>Energy and Natural Resources Committee</name>
        </committee>
        <type>Committee</type>
        <actionDate>2017-05-09</actionDate>
        <links>
          <link>
            <url>https://www.congress.gov/congressional-report/115th-congress/senate-report/52</url>
            <name>report No. 115-52</name>
          </link>
        </links>
        <text>Committee on Energy and Natural Resources. Reported by Senator Murkowski without amendment. With written report No. 115-52.</text>
        <actionCode>14000</actionCode>
      </item>
      <item>
        <actionDate>2017-03-30</actionDate>
        <committee>
          <systemCode>sseg00</systemCode>
          <name>Energy and Natural Resources Committee</name>
        </committee>
        <links />
        <sourceSystem>
          <code>0</code>
          <name>Senate</name>
        </sourceSystem>
        <text>Committee on Energy and Natural Resources. Ordered to be reported without amendment favorably.</text>
        <type>Committee</type>
      </item>
      <item>
        <actionDate>2017-01-24</actionDate>
        <committee>
          <systemCode>sseg00</systemCode>
          <name>Energy and Natural Resources Committee</name>
        </committee>
        <links />
        <sourceSystem>
          <code>0</code>
          <name>Senate</name>
        </sourceSystem>
        <text>Read twice and referred to the Committee on Energy and Natural Resources.</text>
        <type>IntroReferral</type>
      </item>
      <item>
        <sourceSystem>
          <code>9</code>
          <name>Library of Congress</name>
        </sourceSystem>
        <committee />
        <type>IntroReferral</type>
        <actionDate>2017-01-24</actionDate>
        <links />
        <text>Introduced in Senate</text>
        <actionCode>10000</actionCode>
      </item>
      <actionByCounts>
        <senate>6</senate>
      </actionByCounts>
    </actions>
    <amendments />
    <introducedDate>2017-01-24</introducedDate>
    <policyArea>
      <name>Public Lands and Natural Resources</name>
    </policyArea>
    <billNumber>225</billNumber>
    <congress>115</congress>
    <committeeReports>
      <committeeReport>
        <citation>S. Rept. 115-52</citation>
      </committeeReport>
    </committeeReports>
    <cosponsors>
      <item>
        <firstName>Jeff</firstName>
        <state>OR</state>
        <lastName>Merkley</lastName>
        <sponsorshipWithdrawnDate />
        <party>D</party>
        <fullName>Sen. Merkley, Jeff [D-OR]</fullName>
        <middleName />
        <sponsorshipDate>2017-01-24</sponsorshipDate>
        <bioguideId>M001176</bioguideId>
        <isOriginalCosponsor>True</isOriginalCosponsor>
        <identifiers>
          <bioguideId>M001176</bioguideId>
          <gpoId>8238</gpoId>
          <lisID>1900</lisID>
        </identifiers>
      </item>
    </cosponsors>
    <version>1.0.0</version>
    <createDate>2017-01-25T04:45:58Z</createDate>
    <billType>S</billType>
    <titles>
      <item>
        <title>Mount Hood Cooper Spur Land Exchange Clarification Act</title>
        <titleType>(Extracted from GPO) Short Titles as Reported to Senate</titleType>
        <chamberCode>S</chamberCode>
        <parentTitleType />
        <chamberName>Senate</chamberName>
      </item>
      <item>
        <title>Mount Hood Cooper Spur Land Exchange Clarification Act</title>
        <titleType>(Extracted from GPO) Short Titles as Introduced</titleType>
        <chamberCode />
        <parentTitleType />
        <chamberName />
      </item>
      <item>
        <title>Mount Hood Cooper Spur Land Exchange Clarification Act</title>
        <titleType>Short Titles as Reported to Senate</titleType>
        <chamberCode>S</chamberCode>
        <parentTitleType>Short Titles Senate</parentTitleType>
        <chamberName>Senate</chamberName>
      </item>
      <item>
        <title>Mount Hood Cooper Spur Land Exchange Clarification Act</title>
        <titleType>Short Titles as Introduced</titleType>
        <chamberCode />
        <parentTitleType />
        <chamberName />
      </item>
      <item>
        <title>A bill to amend the Omnibus Public Land Management Act of 2009 to modify provisions relating to certain land exchanges in the Mt. Hood Wilderness in the State of Oregon.</title>
        <titleType>Official Title as Introduced</titleType>
        <chamberCode />
        <parentTitleType />
        <chamberName />
      </item>
      <item>
        <title>Mount Hood Cooper Spur Land Exchange Clarification Act</title>
        <titleType>Display Title</titleType>
        <chamberCode />
        <parentTitleType />
        <chamberName />
      </item>
    </titles>
    <notes />
    <sponsors>
      <item>
        <byRequestType />
        <party>D</party>
        <fullName>Sen. Wyden, Ron [D-OR]</fullName>
        <identifiers>
          <bioguideId>W000779</bioguideId>
          <gpoId>8265</gpoId>
          <lisID>1247</lisID>
        </identifiers>
        <lastName>WYDEN</lastName>
        <bioguideId>W000779</bioguideId>
        <state>OR</state>
        <firstName>RON</firstName>
        <middleName />
      </item>
    </sponsors>
    <recordedVotes />
    <relatedBills>
      <item>
        <number>699</number>
        <latestTitle>Mount Hood Cooper Spur Land Exchange Clarification Act</latestTitle>
        <type>HR</type>
        <congress>115</congress>
        <relationshipDetails>
          <item>
            <identifiedBy>CRS</identifiedBy>
            <type>Identical bill</type>
          </item>
          <item>
            <identifiedBy>House</identifiedBy>
            <type>Related bill</type>
          </item>
        </relationshipDetails>
        <latestAction>
          <actionDate>2018-01-10</actionDate>
          <text>Became Public Law No: 115-110.</text>
        </latestAction>
      </item>
    </relatedBills>
    <subjects>
      <billSubjects>
        <legislativeSubjects>
          <item>
            <name>Land transfers</name>
          </item>
          <item>
            <name>Land use and conservation</name>
          </item>
          <item>
            <name>Oregon</name>
          </item>
          <item>
            <name>Parks, recreation areas, trails</name>
          </item>
          <item>
            <name>Sports and recreation facilities</name>
          </item>
          <item>
            <name>Wetlands</name>
          </item>
          <item>
            <name>Wilderness and natural areas, wildlife refuges, wild rivers, habitats</name>
          </item>
        </legislativeSubjects>
        <policyArea>
          <name>Public Lands and Natural Resources</name>
        </policyArea>
      </billSubjects>
    </subjects>
    <laws />
    <calendarNumbers>
      <item>
        <number>0065</number>
        <calendar>Senate Calendar of Business</calendar>
      </item>
    </calendarNumbers>
    <committees>
      <billCommittees>
        <item>
          <systemCode>sseg00</systemCode>
          <type>Standing</type>
          <subcommittees />
          <chamber>Senate</chamber>
          <name>Energy and Natural Resources Committee</name>
          <activities>
            <item>
              <name>Reported by</name>
              <date>2017-05-09T16:18:52Z</date>
            </item>
            <item>
              <name>Markup by</name>
              <date>2017-03-30T13:30:00Z</date>
            </item>
            <item>
              <name>Referred to</name>
              <date>2017-01-24T22:35:56Z</date>
            </item>
          </activities>
        </item>
      </billCommittees>
    </committees>
  </bill>
  <dublinCore xmlns:dc="http://purl.org/dc/elements/1.1/">
    <dc:format>text/xml</dc:format>
    <dc:language>EN</dc:language>
    <dc:rights>Pursuant to Title 17 Section 105 of the United States Code, this file is not subject to copyright protection and is in the public domain.</dc:rights>
    <dc:contributor>Congressional Research Service, Library of Congress</dc:contributor>
    <dc:description>This file contains bill summaries and statuses for federal legislation. A bill summary describes the most significant provisions of a piece of legislation and details the effects the legislative text may have on current law and federal programs. Bill summaries are authored by the Congressional Research Service (CRS) of the Library of Congress. As stated in Public Law 91-510 (2 USC 166 (d)(6)), one of the duties of CRS is "to prepare summaries and digests of bills and resolutions of a public general nature introduced in the Senate or House of Representatives". For more information, refer to the User Guide that accompanies this file.</dc:description>
  </dublinCore>
</billStatus>

