<?xml version="1.0" encoding="UTF-8"?>
<billStatus>
  <bill>
    <cosponsors>
      <item>
        <bioguideId>T000476</bioguideId>
        <sponsorshipDate>2017-03-21</sponsorshipDate>
        <isOriginalCosponsor>True</isOriginalCosponsor>
        <middleName>Roland</middleName>
        <sponsorshipWithdrawnDate />
        <firstName>Thomas</firstName>
        <lastName>Tillis</lastName>
        <state>NC</state>
        <party>R</party>
        <identifiers>
          <bioguideId>T000476</bioguideId>
          <lisID>2291</lisID>
          <gpoId />
        </identifiers>
        <fullName>Sen. Tillis, Thom [R-NC]</fullName>
      </item>
      <item>
        <bioguideId>V000128</bioguideId>
        <sponsorshipDate>2017-03-21</sponsorshipDate>
        <isOriginalCosponsor>True</isOriginalCosponsor>
        <middleName />
        <sponsorshipWithdrawnDate />
        <firstName>Chris</firstName>
        <lastName>Van Hollen</lastName>
        <state>MD</state>
        <party>D</party>
        <identifiers>
          <bioguideId>V000128</bioguideId>
          <lisID>1729</lisID>
          <gpoId>7983</gpoId>
        </identifiers>
        <fullName>Sen. Van Hollen, Chris [D-MD]</fullName>
      </item>
      <item>
        <bioguideId>M000133</bioguideId>
        <sponsorshipDate>2017-03-21</sponsorshipDate>
        <isOriginalCosponsor>True</isOriginalCosponsor>
        <middleName>J.</middleName>
        <sponsorshipWithdrawnDate />
        <firstName>EDWARD</firstName>
        <lastName>MARKEY</lastName>
        <state>MA</state>
        <party>D</party>
        <identifiers>
          <gpoId>7972</gpoId>
          <lisID>735</lisID>
          <bioguideId>M000133</bioguideId>
        </identifiers>
        <fullName>Sen. Markey, Edward J. [D-MA]</fullName>
      </item>
      <item>
        <bioguideId>K000384</bioguideId>
        <sponsorshipDate>2017-03-21</sponsorshipDate>
        <isOriginalCosponsor>True</isOriginalCosponsor>
        <middleName />
        <sponsorshipWithdrawnDate />
        <firstName>Timothy</firstName>
        <lastName>Kaine</lastName>
        <state>VA</state>
        <party>D</party>
        <identifiers>
          <lisID>2176</lisID>
          <gpoId />
          <bioguideId>K000384</bioguideId>
        </identifiers>
        <fullName>Sen. Kaine, Tim [D-VA]</fullName>
      </item>
      <item>
        <bioguideId>G000555</bioguideId>
        <sponsorshipDate>2017-03-21</sponsorshipDate>
        <isOriginalCosponsor>True</isOriginalCosponsor>
        <middleName>E.</middleName>
        <sponsorshipWithdrawnDate />
        <firstName>Kirsten</firstName>
        <lastName>Gillibrand</lastName>
        <state>NY</state>
        <party>D</party>
        <identifiers>
          <gpoId>8336</gpoId>
          <lisID>1866</lisID>
          <bioguideId>G000555</bioguideId>
        </identifiers>
        <fullName>Sen. Gillibrand, Kirsten E. [D-NY]</fullName>
      </item>
      <item>
        <bioguideId>W000817</bioguideId>
        <sponsorshipDate>2017-03-21</sponsorshipDate>
        <isOriginalCosponsor>True</isOriginalCosponsor>
        <middleName>A.</middleName>
        <sponsorshipWithdrawnDate />
        <firstName>Elizabeth</firstName>
        <lastName>Warren</lastName>
        <state>MA</state>
        <party>D</party>
        <identifiers>
          <lisID>2182</lisID>
          <bioguideId>W000817</bioguideId>
          <gpoId />
        </identifiers>
        <fullName>Sen. Warren, Elizabeth [D-MA]</fullName>
      </item>
    </cosponsors>
    <congress>115</congress>
    <committees>
      <billCommittees>
        <item>
          <systemCode>ssfi00</systemCode>
          <chamber>Senate</chamber>
          <type>Standing</type>
          <activities>
            <item>
              <name>Referred to</name>
              <date>2017-03-21T15:43:31Z</date>
            </item>
          </activities>
          <name>Finance Committee</name>
          <subcommittees />
        </item>
      </billCommittees>
    </committees>
    <laws />
    <titles>
      <item>
        <chamberCode />
        <chamberName />
        <parentTitleType />
        <titleType>(Extracted from GPO) Short Titles as Introduced</titleType>
        <title>Savings for Servicemembers Act</title>
      </item>
      <item>
        <chamberCode />
        <chamberName />
        <parentTitleType />
        <titleType>Short Titles as Introduced</titleType>
        <title>Savings for Servicemembers Act</title>
      </item>
      <item>
        <chamberCode />
        <chamberName />
        <parentTitleType />
        <titleType>Official Title as Introduced</titleType>
        <title>A bill to amend the Internal Revenue Code of 1986 to decrease the distance away from home required for a member of a reserve component of the Armed Forces to be eligible for the above-the-line deduction for travel expenses.</title>
      </item>
      <item>
        <chamberCode />
        <chamberName />
        <parentTitleType />
        <titleType>Display Title</titleType>
        <title>Savings for Servicemembers Act</title>
      </item>
    </titles>
    <billType>S</billType>
    <amendments />
    <recordedVotes />
    <actions>
      <item>
        <actionDate>2017-03-21</actionDate>
        <committee>
          <systemCode>ssfi00</systemCode>
          <name>Finance Committee</name>
        </committee>
        <links />
        <sourceSystem>
          <name>Senate</name>
          <code>0</code>
        </sourceSystem>
        <text>Read twice and referred to the Committee on Finance.</text>
        <type>IntroReferral</type>
      </item>
      <item>
        <links />
        <actionDate>2017-03-21</actionDate>
        <type>IntroReferral</type>
        <text>Introduced in Senate</text>
        <actionCode>10000</actionCode>
        <sourceSystem>
          <name>Library of Congress</name>
          <code>9</code>
        </sourceSystem>
        <committee />
      </item>
      <actionByCounts>
        <senate>2</senate>
      </actionByCounts>
      <actionTypeCounts>
        <introducedInSenate>1</introducedInSenate>
        <referredToCommittee>1</referredToCommittee>
      </actionTypeCounts>
    </actions>
    <introducedDate>2017-03-21</introducedDate>
    <relatedBills />
    <committeeReports />
    <calendarNumbers />
    <billNumber>673</billNumber>
    <summaries>
      <billSummaries>
        <item>
          <text><![CDATA[<p><b>Savings for Servicemembers Act </b></p> <p>This bill amends the Internal Revenue Code to reduce from 100 miles to 50 miles the distance from home requirement for the tax deduction for the travel expenses of a member of a reserve component of the Armed Forces. </p>]]></text>
          <actionDate>2017-03-21</actionDate>
          <updateDate>2017-03-21T04:00:00Z</updateDate>
          <lastSummaryUpdateDate>2017-04-12T14:04:04Z</lastSummaryUpdateDate>
          <name>Introduced in Senate</name>
          <actionDesc>Introduced in Senate</actionDesc>
          <versionCode>00</versionCode>
        </item>
      </billSummaries>
    </summaries>
    <cboCostEstimates />
    <updateDate>2018-02-06T16:45:03Z</updateDate>
    <policyArea>
      <name>Taxation</name>
    </policyArea>
    <latestAction>
      <text>Read twice and referred to the Committee on Finance.</text>
      <actionDate>2017-03-21</actionDate>
      <links />
    </latestAction>
    <subjects>
      <billSubjects>
        <legislativeSubjects>
          <item>
            <name>Income tax deductions</name>
          </item>
          <item>
            <name>Military personnel and dependents</name>
          </item>
          <item>
            <name>National Guard and reserves</name>
          </item>
          <item>
            <name>Transportation costs</name>
          </item>
        </legislativeSubjects>
        <policyArea>
          <name>Taxation</name>
        </policyArea>
      </billSubjects>
    </subjects>
    <title>Savings for Servicemembers Act</title>
    <version>1.0.0</version>
    <sponsors>
      <item>
        <byRequestType />
        <party>D</party>
        <fullName>Sen. Klobuchar, Amy [D-MN]</fullName>
        <bioguideId>K000367</bioguideId>
        <state>MN</state>
        <lastName>Klobuchar</lastName>
        <middleName />
        <firstName>Amy</firstName>
        <identifiers>
          <lisID>1826</lisID>
          <gpoId>8249</gpoId>
          <bioguideId>K000367</bioguideId>
        </identifiers>
      </item>
    </sponsors>
    <notes />
    <createDate>2017-03-22T05:45:19Z</createDate>
    <originChamber>Senate</originChamber>
  </bill>
  <dublinCore xmlns:dc="http://purl.org/dc/elements/1.1/">
    <dc:format>text/xml</dc:format>
    <dc:language>EN</dc:language>
    <dc:rights>Pursuant to Title 17 Section 105 of the United States Code, this file is not subject to copyright protection and is in the public domain.</dc:rights>
    <dc:contributor>Congressional Research Service, Library of Congress</dc:contributor>
    <dc:description>This file contains bill summaries and statuses for federal legislation. A bill summary describes the most significant provisions of a piece of legislation and details the effects the legislative text may have on current law and federal programs. Bill summaries are authored by the Congressional Research Service (CRS) of the Library of Congress. As stated in Public Law 91-510 (2 USC 166 (d)(6)), one of the duties of CRS is "to prepare summaries and digests of bills and resolutions of a public general nature introduced in the Senate or House of Representatives". For more information, refer to the User Guide that accompanies this file.</dc:description>
  </dublinCore>
</billStatus>

