<?xml version="1.0" encoding="UTF-8"?>
<billStatus>
  <bill>
    <sponsors>
      <item>
        <fullName>Sen. Bennet, Michael F. [D-CO]</fullName>
        <lastName>Bennet</lastName>
        <bioguideId>B001267</bioguideId>
        <party>D</party>
        <middleName>F.</middleName>
        <state>CO</state>
        <firstName>Michael</firstName>
        <byRequestType />
        <identifiers>
          <lisID>1965</lisID>
          <bioguideId>B001267</bioguideId>
          <gpoId>8302</gpoId>
        </identifiers>
      </item>
    </sponsors>
    <laws />
    <version>1.0.0</version>
    <introducedDate>2017-02-27</introducedDate>
    <cboCostEstimates />
    <titles>
      <item>
        <titleType>(Extracted from GPO) Short Titles as Introduced</titleType>
        <parentTitleType />
        <chamberName />
        <title>RACE for Children Act</title>
        <chamberCode />
      </item>
      <item>
        <titleType>(Extracted from GPO) Short Titles as Introduced</titleType>
        <parentTitleType />
        <chamberName />
        <title>Research to Accelerate Cures and Equity for Children Act</title>
        <chamberCode />
      </item>
      <item>
        <titleType>Short Titles as Introduced</titleType>
        <parentTitleType />
        <chamberName />
        <title>RACE for Children Act</title>
        <chamberCode />
      </item>
      <item>
        <titleType>Short Titles as Introduced</titleType>
        <parentTitleType />
        <chamberName />
        <title>Research to Accelerate Cures and Equity for Children Act</title>
        <chamberCode />
      </item>
      <item>
        <titleType>Official Title as Introduced</titleType>
        <parentTitleType />
        <chamberName />
        <title>A bill to amend the Federal Food, Drug, and Cosmetic Act to establish a program to increase the development of new drugs to treat pediatric cancers, and for other purposes.</title>
        <chamberCode />
      </item>
      <item>
        <titleType>Display Title</titleType>
        <parentTitleType />
        <chamberName />
        <title>RACE for Children Act</title>
        <chamberCode />
      </item>
    </titles>
    <amendments />
    <recordedVotes />
    <relatedBills>
      <item>
        <number>1231</number>
        <congress>115</congress>
        <relationshipDetails>
          <item>
            <type>Identical bill</type>
            <identifiedBy>CRS</identifiedBy>
          </item>
        </relationshipDetails>
        <latestTitle>RACE for Children Act</latestTitle>
        <latestAction>
          <text>Referred to the Subcommittee on Health.</text>
          <actionDate>2017-03-03</actionDate>
        </latestAction>
        <type>HR</type>
      </item>
    </relatedBills>
    <congress>115</congress>
    <billType>S</billType>
    <actions>
      <item>
        <actionDate>2017-02-27</actionDate>
        <committee>
          <systemCode>sshr00</systemCode>
          <name>Health, Education, Labor, and Pensions Committee</name>
        </committee>
        <links />
        <sourceSystem>
          <name>Senate</name>
          <code>0</code>
        </sourceSystem>
        <text>Read twice and referred to the Committee on Health, Education, Labor, and Pensions.</text>
        <type>IntroReferral</type>
      </item>
      <item>
        <links />
        <actionDate>2017-02-27</actionDate>
        <type>IntroReferral</type>
        <text>Introduced in Senate</text>
        <actionCode>10000</actionCode>
        <sourceSystem>
          <name>Library of Congress</name>
          <code>9</code>
        </sourceSystem>
        <committee />
      </item>
      <actionByCounts>
        <senate>2</senate>
      </actionByCounts>
      <actionTypeCounts>
        <introducedInSenate>1</introducedInSenate>
        <referredToCommittee>1</referredToCommittee>
      </actionTypeCounts>
    </actions>
    <notes />
    <originChamber>Senate</originChamber>
    <title>RACE for Children Act</title>
    <billNumber>456</billNumber>
    <cosponsors>
      <item>
        <isOriginalCosponsor>True</isOriginalCosponsor>
        <fullName>Sen. Rubio, Marco [R-FL]</fullName>
        <firstName>Marco</firstName>
        <identifiers>
          <lisID>2084</lisID>
          <bioguideId>R000595</bioguideId>
          <gpoId>8242</gpoId>
        </identifiers>
        <party>R</party>
        <sponsorshipDate>2017-02-27</sponsorshipDate>
        <lastName>Rubio</lastName>
        <bioguideId>R000595</bioguideId>
        <state>FL</state>
        <middleName />
        <sponsorshipWithdrawnDate />
      </item>
      <item>
        <isOriginalCosponsor>True</isOriginalCosponsor>
        <fullName>Sen. Van Hollen, Chris [D-MD]</fullName>
        <firstName>Chris</firstName>
        <identifiers>
          <bioguideId>V000128</bioguideId>
          <gpoId>7983</gpoId>
          <lisID>1729</lisID>
        </identifiers>
        <party>D</party>
        <sponsorshipDate>2017-02-27</sponsorshipDate>
        <lastName>Van Hollen</lastName>
        <bioguideId>V000128</bioguideId>
        <state>MD</state>
        <middleName />
        <sponsorshipWithdrawnDate />
      </item>
      <item>
        <isOriginalCosponsor>True</isOriginalCosponsor>
        <fullName>Sen. Gardner, Cory [R-CO]</fullName>
        <firstName>Cory</firstName>
        <identifiers>
          <lisID>1998</lisID>
          <gpoId>7862</gpoId>
          <bioguideId>G000562</bioguideId>
        </identifiers>
        <party>R</party>
        <sponsorshipDate>2017-02-27</sponsorshipDate>
        <lastName>Gardner</lastName>
        <bioguideId>G000562</bioguideId>
        <state>CO</state>
        <middleName />
        <sponsorshipWithdrawnDate />
      </item>
      <item>
        <isOriginalCosponsor>False</isOriginalCosponsor>
        <fullName>Sen. King, Angus S., Jr. [I-ME]</fullName>
        <firstName>Angus</firstName>
        <identifiers>
          <lisID>2185</lisID>
          <gpoId />
          <bioguideId>K000383</bioguideId>
        </identifiers>
        <party>I</party>
        <sponsorshipDate>2017-08-02</sponsorshipDate>
        <lastName>King</lastName>
        <bioguideId>K000383</bioguideId>
        <state>ME</state>
        <middleName />
        <sponsorshipWithdrawnDate />
      </item>
    </cosponsors>
    <summaries>
      <billSummaries>
        <item>
          <updateDate>2017-02-27T05:00:00Z</updateDate>
          <actionDesc>Introduced in Senate</actionDesc>
          <versionCode>00</versionCode>
          <name>Introduced in Senate</name>
          <text><![CDATA[<p><b>Research to Accelerate Cures and Equity for Children Act or the RACE for Children Act</b></p> <p>This bill amends the Federal Food, Drug, and Cosmetic Act to expand Food and Drug Administration (FDA) requirements for sponsors of certain drugs and biological products for adult cancer to assess the use of their medications in pediatric populations. (Currently, applications for FDA approval of new medications or new uses of medications must include pediatric assessments of safety and effectiveness for claimed indications, with exceptions.) The pediatric assessment for medications, including orphan drugs, that are used to treat cancer in adults and target a molecule germane to pediatric cancer must assess the safety and effectiveness of the medication for pediatric cancer. The bill limits waivers of pediatric assessments for medications that target a molecule germane to a pediatric cancer for which there is a need for additional treatment options.</p> <p>The FDA may require the sponsor of an approved medication that targets a molecule germane to pediatric cancer to complete a pediatric assessment if: (1) the medication is used for a substantial number of pediatric cancer patients, or (2) there is reason to believe the medication would have a meaningful therapeutic benefit over existing therapies for pediatric cancer patients.</p> <p>The FDA committee that reviews requests for pediatric studies must implement a plan to achieve earlier submission of pediatric studies. (Currently, completion of pediatric clinical studies requested by the FDA extends the patents or marketing exclusivity period for a medication by six months, with exceptions.)</p> The FDA must act within 120 days on proposed pediatric study requests and proposed amendments to requests. <div> <div> </div> <div> </div> <div> </div> </div>]]></text>
          <lastSummaryUpdateDate>2017-09-14T16:17:09Z</lastSummaryUpdateDate>
          <actionDate>2017-02-27</actionDate>
        </item>
      </billSummaries>
    </summaries>
    <policyArea>
      <name>Health</name>
    </policyArea>
    <latestAction>
      <links />
      <actionDate>2017-02-27</actionDate>
      <text>Read twice and referred to the Committee on Health, Education, Labor, and Pensions.</text>
    </latestAction>
    <updateDate>2018-02-06T16:44:50Z</updateDate>
    <committees>
      <billCommittees>
        <item>
          <chamber>Senate</chamber>
          <subcommittees />
          <type>Standing</type>
          <activities>
            <item>
              <date>2017-02-27T22:57:50Z</date>
              <name>Referred to</name>
            </item>
          </activities>
          <systemCode>sshr00</systemCode>
          <name>Health, Education, Labor, and Pensions Committee</name>
        </item>
      </billCommittees>
    </committees>
    <createDate>2017-02-28T05:17:32Z</createDate>
    <subjects>
      <billSubjects>
        <policyArea>
          <name>Health</name>
        </policyArea>
        <legislativeSubjects>
          <item>
            <name>Cancer</name>
          </item>
          <item>
            <name>Child health</name>
          </item>
          <item>
            <name>Congressional oversight</name>
          </item>
          <item>
            <name>Drug safety, medical device, and laboratory regulation</name>
          </item>
          <item>
            <name>Drug therapy</name>
          </item>
          <item>
            <name>Medical research</name>
          </item>
        </legislativeSubjects>
      </billSubjects>
    </subjects>
    <committeeReports />
    <calendarNumbers />
  </bill>
  <dublinCore xmlns:dc="http://purl.org/dc/elements/1.1/">
    <dc:format>text/xml</dc:format>
    <dc:language>EN</dc:language>
    <dc:rights>Pursuant to Title 17 Section 105 of the United States Code, this file is not subject to copyright protection and is in the public domain.</dc:rights>
    <dc:contributor>Congressional Research Service, Library of Congress</dc:contributor>
    <dc:description>This file contains bill summaries and statuses for federal legislation. A bill summary describes the most significant provisions of a piece of legislation and details the effects the legislative text may have on current law and federal programs. Bill summaries are authored by the Congressional Research Service (CRS) of the Library of Congress. As stated in Public Law 91-510 (2 USC 166 (d)(6)), one of the duties of CRS is "to prepare summaries and digests of bills and resolutions of a public general nature introduced in the Senate or House of Representatives". For more information, refer to the User Guide that accompanies this file.</dc:description>
  </dublinCore>
</billStatus>

