<?xml version="1.0" encoding="UTF-8"?>
<billStatus>
  <bill>
    <committeeReports />
    <summaries>
      <billSummaries>
        <item>
          <actionDate>2017-06-28</actionDate>
          <actionDesc>Introduced in Senate</actionDesc>
          <lastSummaryUpdateDate>2018-01-09T20:33:21Z</lastSummaryUpdateDate>
          <name>Introduced in Senate</name>
          <versionCode>00</versionCode>
          <text><![CDATA[<p><b>Energy and Natural Resources Act of 2017</b></p> <p>This bill amends the Energy Conservation and Production Act, the Energy Policy and Conservation Act, and the Energy Independence and Security Act of 2007 with respect to energy efficiency for sectors such as buildings, transportation, schools, and manufacturing.</p> <p>Energy infrastructure concerns are addressed, including cybersecurity threats, pipeline permitting, and requirements for enhanced electric grid storage and security as well as bulk-power system reliability.</p> <p>The bill amends the Energy Policy Act of 2005 and specified other Acts regarding: (1)hydroelectric power, (2)geothermal energy, (3)marine hydrokinetic renewable energy, (4)thermal energy, (5)oil and gas, (6)helium,(7)specified critical minerals, (8)fossil energy, (9)nuclear energy, (10)21st century energy workforce development, and (11)recycled carbon fiber and non-recycled mixed plastics.</p> <p>The bill revises the Department of Energy's loan program for innovative technologies. Additionally, the bill addresses energy and water sustainability; energy innovation, management, markets, and affordability; and repeals the mandates for various specified studies, reports, plans, and programs.</p> <p>The bill establishes and revises requirements for specified conservation programs and sets forth polices regarding land conveyances, national park system management, and hunting, fishing, and recreational shooting on federal land.</p> <p>The bill also addresses matters regarding water infrastructure projects, natural hazards systems and programs, and Indian tribal energy development.</p>]]></text>
          <updateDate>2017-06-28T04:00:00Z</updateDate>
        </item>
      </billSummaries>
    </summaries>
    <relatedBills>
      <item>
        <type>HR</type>
        <number>589</number>
        <latestTitle>Department of Energy Research and Innovation Act</latestTitle>
        <congress>115</congress>
        <relationshipDetails>
          <item>
            <type>Related bill</type>
            <identifiedBy>CRS</identifiedBy>
          </item>
          <item>
            <type>Related bill</type>
            <identifiedBy>House</identifiedBy>
          </item>
        </relationshipDetails>
        <latestAction>
          <text>Received in the Senate and Read twice and referred to the Committee on Energy and Natural Resources.</text>
          <actionDate>2017-01-30</actionDate>
        </latestAction>
      </item>
      <item>
        <type>HR</type>
        <number>1675</number>
        <latestTitle>National Landslide Preparedness Act</latestTitle>
        <congress>115</congress>
        <relationshipDetails>
          <item>
            <type>Related bill</type>
            <identifiedBy>CRS</identifiedBy>
          </item>
        </relationshipDetails>
        <latestAction>
          <text>Ordered to be Reported (Amended) by Unanimous Consent.</text>
          <actionDate>2017-12-13</actionDate>
        </latestAction>
      </item>
      <item>
        <type>S</type>
        <number>97</number>
        <latestTitle>Nuclear Energy Innovation Capabilities Act of 2017</latestTitle>
        <congress>115</congress>
        <relationshipDetails>
          <item>
            <type>Related bill</type>
            <identifiedBy>CRS</identifiedBy>
          </item>
        </relationshipDetails>
        <latestAction>
          <text>Placed on Senate Legislative Calendar under General Orders. Calendar No. 153.</text>
          <actionDate>2017-06-21</actionDate>
        </latestAction>
      </item>
      <item>
        <type>S</type>
        <number>245</number>
        <latestTitle>Indian Tribal Energy Development and Self-Determination Act Amendments of 2017</latestTitle>
        <congress>115</congress>
        <relationshipDetails>
          <item>
            <type>Related bill</type>
            <identifiedBy>CRS</identifiedBy>
          </item>
        </relationshipDetails>
        <latestAction>
          <text>Referred to the Subcommittee on Energy and Mineral Resources.</text>
          <actionDate>2017-12-04</actionDate>
        </latestAction>
      </item>
      <item>
        <type>S</type>
        <number>698</number>
        <latestTitle>National Landslide Preparedness Act</latestTitle>
        <congress>115</congress>
        <relationshipDetails>
          <item>
            <type>Related bill</type>
            <identifiedBy>CRS</identifiedBy>
          </item>
        </relationshipDetails>
        <latestAction>
          <text>Read twice and referred to the Committee on Commerce, Science, and Transportation.</text>
          <actionDate>2017-03-22</actionDate>
        </latestAction>
      </item>
      <item>
        <type>S</type>
        <number>714</number>
        <latestTitle>Yakima River Basin Water Enhancement Project Phase III Act of 2017</latestTitle>
        <congress>115</congress>
        <relationshipDetails>
          <item>
            <type>Related bill</type>
            <identifiedBy>CRS</identifiedBy>
          </item>
        </relationshipDetails>
        <latestAction>
          <text>Placed on Senate Legislative Calendar under General Orders. Calendar No. 143.</text>
          <actionDate>2017-06-13</actionDate>
        </latestAction>
      </item>
      <item>
        <type>S</type>
        <number>733</number>
        <latestTitle>Sportsmen's Act</latestTitle>
        <congress>115</congress>
        <relationshipDetails>
          <item>
            <type>Related bill</type>
            <identifiedBy>CRS</identifiedBy>
          </item>
        </relationshipDetails>
        <latestAction>
          <text>Placed on Senate Legislative Calendar under General Orders. Calendar No. 154.</text>
          <actionDate>2017-06-22</actionDate>
        </latestAction>
      </item>
      <item>
        <type>S</type>
        <number>1696</number>
        <latestTitle>Smart Energy and Water Efficiency Act of 2017</latestTitle>
        <congress>115</congress>
        <relationshipDetails>
          <item>
            <type>Related bill</type>
            <identifiedBy>CRS</identifiedBy>
          </item>
        </relationshipDetails>
        <latestAction>
          <text>Read twice and referred to the Committee on Energy and Natural Resources.</text>
          <actionDate>2017-08-01</actionDate>
        </latestAction>
      </item>
      <item>
        <type>S</type>
        <number>1700</number>
        <latestTitle>Water Efficiency Improvement Act of 2017</latestTitle>
        <congress>115</congress>
        <relationshipDetails>
          <item>
            <type>Related bill</type>
            <identifiedBy>CRS</identifiedBy>
          </item>
        </relationshipDetails>
        <latestAction>
          <text>Read twice and referred to the Committee on Environment and Public Works.</text>
          <actionDate>2017-08-02</actionDate>
        </latestAction>
      </item>
      <item>
        <type>HR</type>
        <number>3043</number>
        <latestTitle>Hydropower Policy Modernization Act of 2017</latestTitle>
        <congress>115</congress>
        <relationshipDetails>
          <item>
            <type>Related bill</type>
            <identifiedBy>CRS</identifiedBy>
          </item>
        </relationshipDetails>
        <latestAction>
          <text>Received in the Senate and Read twice and referred to the Committee on Energy and Natural Resources.</text>
          <actionDate>2017-11-09</actionDate>
        </latestAction>
      </item>
      <item>
        <type>HR</type>
        <number>1242</number>
        <latestTitle>400 Years of African-American History Commission Act</latestTitle>
        <congress>115</congress>
        <relationshipDetails>
          <item>
            <type>Related bill</type>
            <identifiedBy>House</identifiedBy>
          </item>
          <item>
            <type>Related bill</type>
            <identifiedBy>CRS</identifiedBy>
          </item>
        </relationshipDetails>
        <latestAction>
          <text>Became Public Law No: 115-102.</text>
          <actionDate>2018-01-08</actionDate>
        </latestAction>
      </item>
      <item>
        <type>HR</type>
        <number>1397</number>
        <latestTitle>To authorize, direct, facilitate, and expedite the transfer of administrative jurisdiction of certain Federal land, and for other purposes.</latestTitle>
        <congress>115</congress>
        <relationshipDetails>
          <item>
            <type>Related bill</type>
            <identifiedBy>House</identifiedBy>
          </item>
          <item>
            <type>Related bill</type>
            <identifiedBy>CRS</identifiedBy>
          </item>
        </relationshipDetails>
        <latestAction>
          <text>Committee on Energy and Natural Resources Subcommittee on National Parks. Hearings held.</text>
          <actionDate>2018-02-14</actionDate>
        </latestAction>
      </item>
      <item>
        <type>S</type>
        <number>2444</number>
        <latestTitle>Energy Cybersecurity Act of 2018</latestTitle>
        <congress>115</congress>
        <relationshipDetails>
          <item>
            <type>Related bill</type>
            <identifiedBy>CRS</identifiedBy>
          </item>
        </relationshipDetails>
        <latestAction>
          <text>Read twice and referred to the Committee on Energy and Natural Resources.</text>
          <actionDate>2018-02-15</actionDate>
        </latestAction>
      </item>
      <item>
        <type>S</type>
        <number>2445</number>
        <latestTitle>Grid Modernization Act</latestTitle>
        <congress>115</congress>
        <relationshipDetails>
          <item>
            <type>Related bill</type>
            <identifiedBy>CRS</identifiedBy>
          </item>
        </relationshipDetails>
        <latestAction>
          <text>Read twice and referred to the Committee on Energy and Natural Resources.</text>
          <actionDate>2018-02-15</actionDate>
        </latestAction>
      </item>
      <item>
        <type>S</type>
        <number>2449</number>
        <latestTitle>21st Century Energy Workforce Act of 2018</latestTitle>
        <congress>115</congress>
        <relationshipDetails>
          <item>
            <type>Related bill</type>
            <identifiedBy>CRS</identifiedBy>
          </item>
        </relationshipDetails>
        <latestAction>
          <text>Read twice and referred to the Committee on Energy and Natural Resources.</text>
          <actionDate>2018-02-15</actionDate>
        </latestAction>
      </item>
      <item>
        <type>HR</type>
        <number>2197</number>
        <latestTitle>To require the Secretary of Energy to establish an energy efficiency materials pilot program.</latestTitle>
        <congress>115</congress>
        <relationshipDetails>
          <item>
            <type>Related bill</type>
            <identifiedBy>CRS</identifiedBy>
          </item>
        </relationshipDetails>
        <latestAction>
          <text>Referred to the Subcommittee on Energy.</text>
          <actionDate>2017-04-28</actionDate>
        </latestAction>
      </item>
      <item>
        <type>S</type>
        <number>981</number>
        <latestTitle>A bill to require the Secretary of Energy to establish an energy efficiency materials pilot program.</latestTitle>
        <congress>115</congress>
        <relationshipDetails>
          <item>
            <type>Related bill</type>
            <identifiedBy>CRS</identifiedBy>
          </item>
        </relationshipDetails>
        <latestAction>
          <text>Read twice and referred to the Committee on Energy and Natural Resources.</text>
          <actionDate>2017-04-27</actionDate>
        </latestAction>
      </item>
      <item>
        <type>HR</type>
        <number>1161</number>
        <latestTitle>Abraham Lincoln National Heritage Area Amendment Act</latestTitle>
        <congress>115</congress>
        <relationshipDetails>
          <item>
            <type>Related bill</type>
            <identifiedBy>CRS</identifiedBy>
          </item>
        </relationshipDetails>
        <latestAction>
          <text>Referred to the Subcommittee on Federal Lands.</text>
          <actionDate>2017-03-02</actionDate>
        </latestAction>
      </item>
      <item>
        <type>HR</type>
        <number>4252</number>
        <latestTitle>Geothermal Production Expansion Act of 2017</latestTitle>
        <congress>115</congress>
        <relationshipDetails>
          <item>
            <type>Related bill</type>
            <identifiedBy>CRS</identifiedBy>
          </item>
        </relationshipDetails>
        <latestAction>
          <text>Referred to the Subcommittee on Energy and Mineral Resources.</text>
          <actionDate>2017-11-14</actionDate>
        </latestAction>
      </item>
      <item>
        <type>HR</type>
        <number>4329</number>
        <latestTitle>Klamath Infrastructure Improvement Act</latestTitle>
        <congress>115</congress>
        <relationshipDetails>
          <item>
            <type>Related bill</type>
            <identifiedBy>CRS</identifiedBy>
          </item>
        </relationshipDetails>
        <latestAction>
          <text>Referred to the Subcommittee on Water, Power and Oceans.</text>
          <actionDate>2017-11-28</actionDate>
        </latestAction>
      </item>
      <item>
        <type>S</type>
        <number>857</number>
        <latestTitle>African American Civil Rights Network Act</latestTitle>
        <congress>115</congress>
        <relationshipDetails>
          <item>
            <type>Related bill</type>
            <identifiedBy>CRS</identifiedBy>
          </item>
        </relationshipDetails>
        <latestAction>
          <text>Read twice and referred to the Committee on Energy and Natural Resources.</text>
          <actionDate>2017-04-05</actionDate>
        </latestAction>
      </item>
      <item>
        <type>S</type>
        <number>2447</number>
        <latestTitle>Smart Building Acceleration Act</latestTitle>
        <congress>115</congress>
        <relationshipDetails>
          <item>
            <type>Related bill</type>
            <identifiedBy>CRS</identifiedBy>
          </item>
        </relationshipDetails>
        <latestAction>
          <text>Read twice and referred to the Committee on Energy and Natural Resources.</text>
          <actionDate>2018-02-15</actionDate>
        </latestAction>
      </item>
      <item>
        <type>S</type>
        <number>1181</number>
        <latestTitle>Good Samaritan Search and Recovery Act</latestTitle>
        <congress>115</congress>
        <relationshipDetails>
          <item>
            <type>Related bill</type>
            <identifiedBy>CRS</identifiedBy>
          </item>
        </relationshipDetails>
        <latestAction>
          <text>Read twice and referred to the Committee on Energy and Natural Resources.</text>
          <actionDate>2017-05-18</actionDate>
        </latestAction>
      </item>
      <item>
        <type>HR</type>
        <number>5069</number>
        <latestTitle>Smart Building Acceleration Act of 2018</latestTitle>
        <congress>115</congress>
        <relationshipDetails>
          <item>
            <type>Related bill</type>
            <identifiedBy>CRS</identifiedBy>
          </item>
        </relationshipDetails>
        <latestAction>
          <text>Referred to the Committee on Energy and Commerce, and in addition to the Committees on Transportation and Infrastructure, and Science, Space, and Technology, for a period to be subsequently determined by the Speaker, in each case for consideration of such provisions as fall within the jurisdiction of the committee concerned.</text>
          <actionDate>2018-02-16</actionDate>
        </latestAction>
      </item>
      <item>
        <type>S</type>
        <number>1160</number>
        <latestTitle>Abraham Lincoln National Heritage Area Amendment Act</latestTitle>
        <congress>115</congress>
        <relationshipDetails>
          <item>
            <type>Related bill</type>
            <identifiedBy>CRS</identifiedBy>
          </item>
        </relationshipDetails>
        <latestAction>
          <text>Committee on Energy and Natural Resources Subcommittee on National Parks. Hearings held.</text>
          <actionDate>2018-02-14</actionDate>
        </latestAction>
      </item>
      <item>
        <type>HR</type>
        <number>518</number>
        <latestTitle>EPS Improvement Act of 2017</latestTitle>
        <congress>115</congress>
        <relationshipDetails>
          <item>
            <type>Related bill</type>
            <identifiedBy>CRS</identifiedBy>
          </item>
        </relationshipDetails>
        <latestAction>
          <text>Became Public Law No: 115-115.</text>
          <actionDate>2018-01-12</actionDate>
        </latestAction>
      </item>
      <item>
        <type>HR</type>
        <number>723</number>
        <latestTitle>Energy Savings Through Public-Private Partnerships Act of 2017</latestTitle>
        <congress>115</congress>
        <relationshipDetails>
          <item>
            <type>Related bill</type>
            <identifiedBy>CRS</identifiedBy>
          </item>
        </relationshipDetails>
        <latestAction>
          <text>Placed on the Union Calendar, Calendar No. 435.</text>
          <actionDate>2018-02-23</actionDate>
        </latestAction>
      </item>
      <item>
        <type>HR</type>
        <number>1306</number>
        <latestTitle>Western Oregon Tribal Fairness Act</latestTitle>
        <congress>115</congress>
        <relationshipDetails>
          <item>
            <type>Related bill</type>
            <identifiedBy>CRS</identifiedBy>
          </item>
        </relationshipDetails>
        <latestAction>
          <text>Became Public Law No: 115-103.</text>
          <actionDate>2018-01-08</actionDate>
        </latestAction>
      </item>
      <item>
        <type>HR</type>
        <number>1350</number>
        <latestTitle>To modify the boundary of Voyageurs National Park in the State of Minnesota, and for other purposes.</latestTitle>
        <congress>115</congress>
        <relationshipDetails>
          <item>
            <type>Related bill</type>
            <identifiedBy>CRS</identifiedBy>
          </item>
        </relationshipDetails>
        <latestAction>
          <text>Placed on the Union Calendar, Calendar No. 349.</text>
          <actionDate>2017-12-18</actionDate>
        </latestAction>
      </item>
      <item>
        <type>S</type>
        <number>217</number>
        <latestTitle>A bill to amend the Denali National Park Improvement Act to clarify certain provisions relating to the natural gas pipeline authorized in the Denali National Park and Preserve.</latestTitle>
        <congress>115</congress>
        <relationshipDetails>
          <item>
            <type>Related bill</type>
            <identifiedBy>CRS</identifiedBy>
          </item>
        </relationshipDetails>
        <latestAction>
          <text>Placed on Senate Legislative Calendar under General Orders. Calendar No. 146.</text>
          <actionDate>2017-06-14</actionDate>
        </latestAction>
      </item>
      <item>
        <type>S</type>
        <number>239</number>
        <latestTitle>Energy Savings Through Public-Private Partnerships Act of 2017</latestTitle>
        <congress>115</congress>
        <relationshipDetails>
          <item>
            <type>Related bill</type>
            <identifiedBy>CRS</identifiedBy>
          </item>
        </relationshipDetails>
        <latestAction>
          <text>Placed on Senate Legislative Calendar under General Orders. Calendar No. 98.</text>
          <actionDate>2017-05-24</actionDate>
        </latestAction>
      </item>
      <item>
        <type>HR</type>
        <number>431</number>
        <latestTitle>Nuclear Energy Innovation Capabilities Act of 2017</latestTitle>
        <congress>115</congress>
        <relationshipDetails>
          <item>
            <type>Related bill</type>
            <identifiedBy>CRS</identifiedBy>
          </item>
        </relationshipDetails>
        <latestAction>
          <text>Referred to the Subcommittee on Energy.</text>
          <actionDate>2017-04-25</actionDate>
        </latestAction>
      </item>
      <item>
        <type>S</type>
        <number>392</number>
        <latestTitle>400 Years of African-American History Commission Act</latestTitle>
        <congress>115</congress>
        <relationshipDetails>
          <item>
            <type>Related bill</type>
            <identifiedBy>CRS</identifiedBy>
          </item>
        </relationshipDetails>
        <latestAction>
          <text>Placed on Senate Legislative Calendar under General Orders. Calendar No. 81.</text>
          <actionDate>2017-05-16</actionDate>
        </latestAction>
      </item>
      <item>
        <type>S</type>
        <number>1225</number>
        <latestTitle>Vehicle Innovation Act of 2017</latestTitle>
        <congress>115</congress>
        <relationshipDetails>
          <item>
            <type>Related bill</type>
            <identifiedBy>CRS</identifiedBy>
          </item>
        </relationshipDetails>
        <latestAction>
          <text>Read twice and referred to the Committee on Energy and Natural Resources.</text>
          <actionDate>2017-05-24</actionDate>
        </latestAction>
      </item>
      <item>
        <type>HR</type>
        <number>306</number>
        <latestTitle>Energy Efficient Government Technology Act</latestTitle>
        <congress>115</congress>
        <relationshipDetails>
          <item>
            <type>Related bill</type>
            <identifiedBy>CRS</identifiedBy>
          </item>
        </relationshipDetails>
        <latestAction>
          <text>Received in the Senate and Read twice and referred to the Committee on Energy and Natural Resources.</text>
          <actionDate>2017-01-11</actionDate>
        </latestAction>
      </item>
      <item>
        <type>HR</type>
        <number>648</number>
        <latestTitle>To authorize the Secretary of the Interior to amend the Definite Plan Report for the Seedskadee Project to enable the use of the active capacity of the Fontenelle Reservoir.</latestTitle>
        <congress>115</congress>
        <relationshipDetails>
          <item>
            <type>Related bill</type>
            <identifiedBy>CRS</identifiedBy>
          </item>
        </relationshipDetails>
        <latestAction>
          <text>Received in the Senate and Read twice and referred to the Committee on Energy and Natural Resources.</text>
          <actionDate>2017-03-21</actionDate>
        </latestAction>
      </item>
      <item>
        <type>S</type>
        <number>973</number>
        <latestTitle>Tennessee Wilderness Act</latestTitle>
        <congress>115</congress>
        <relationshipDetails>
          <item>
            <type>Related bill</type>
            <identifiedBy>CRS</identifiedBy>
          </item>
        </relationshipDetails>
        <latestAction>
          <text>Read twice and referred to the Committee on Energy and Natural Resources.</text>
          <actionDate>2017-04-27</actionDate>
        </latestAction>
      </item>
      <item>
        <type>S</type>
        <number>1260</number>
        <latestTitle>Gulf Islands National Seashore Land Exchange Act</latestTitle>
        <congress>115</congress>
        <relationshipDetails>
          <item>
            <type>Related bill</type>
            <identifiedBy>CRS</identifiedBy>
          </item>
        </relationshipDetails>
        <latestAction>
          <text>Committee on Energy and Natural Resources Subcommittee on National Parks. Hearings held.</text>
          <actionDate>2018-02-14</actionDate>
        </latestAction>
      </item>
      <item>
        <type>S</type>
        <number>1367</number>
        <latestTitle>A bill to require the Secretary of Energy to conduct a study and issue a report that quantifies the energy savings benefits of operational efficiency programs and services for commercial, institutional, industrial, and governmental entities.</latestTitle>
        <congress>115</congress>
        <relationshipDetails>
          <item>
            <type>Related bill</type>
            <identifiedBy>CRS</identifiedBy>
          </item>
        </relationshipDetails>
        <latestAction>
          <text>Read twice and referred to the Committee on Energy and Natural Resources.</text>
          <actionDate>2017-06-15</actionDate>
        </latestAction>
      </item>
      <item>
        <type>S</type>
        <number>385</number>
        <latestTitle>Energy Savings and Industrial Competitiveness Act</latestTitle>
        <congress>115</congress>
        <relationshipDetails>
          <item>
            <type>Related bill</type>
            <identifiedBy>CRS</identifiedBy>
          </item>
        </relationshipDetails>
        <latestAction>
          <text>Placed on Senate Legislative Calendar under General Orders. Calendar No. 73.</text>
          <actionDate>2017-05-10</actionDate>
        </latestAction>
      </item>
      <item>
        <type>HR</type>
        <number>4489</number>
        <latestTitle>Authorizing Critical Conservation and Enabling Sportsmen and Sportswomen Act</latestTitle>
        <congress>115</congress>
        <relationshipDetails>
          <item>
            <type>Related bill</type>
            <identifiedBy>CRS</identifiedBy>
          </item>
        </relationshipDetails>
        <latestAction>
          <text>Referred to the Subcommittee on Conservation and Forestry.</text>
          <actionDate>2017-12-21</actionDate>
        </latestAction>
      </item>
    </relatedBills>
    <createDate>2017-06-29T00:26:35Z</createDate>
    <cosponsors>
      <item>
        <fullName>Sen. Cantwell, Maria [D-WA]</fullName>
        <firstName>MARIA</firstName>
        <party>D</party>
        <identifiers>
          <bioguideId>C000127</bioguideId>
          <lisID>172</lisID>
          <gpoId>8288</gpoId>
        </identifiers>
        <isOriginalCosponsor>True</isOriginalCosponsor>
        <middleName />
        <lastName>CANTWELL</lastName>
        <bioguideId>C000127</bioguideId>
        <state>WA</state>
        <sponsorshipDate>2017-06-28</sponsorshipDate>
        <sponsorshipWithdrawnDate />
      </item>
    </cosponsors>
    <billNumber>1460</billNumber>
    <version>1.0.0</version>
    <calendarNumbers>
      <item>
        <number />
        <calendar>Senate Calendar of Business</calendar>
      </item>
      <item>
        <number>0162</number>
        <calendar>Senate Calendar of Business</calendar>
      </item>
    </calendarNumbers>
    <amendments />
    <laws />
    <titles>
      <item>
        <title>Yakima River Basin Water Enhancement Project Phase III Act of 2017</title>
        <chamberCode />
        <titleType>Short Titles as Introduced for portions of this bill</titleType>
        <parentTitleType />
        <chamberName />
      </item>
      <item>
        <title>Energy and Natural Resources Act of 2017</title>
        <chamberCode />
        <titleType>Short Titles as Introduced</titleType>
        <parentTitleType />
        <chamberName />
      </item>
      <item>
        <title>A bill to provide for the modernization of the energy and natural resources policies of the United States, and for other purposes.</title>
        <chamberCode />
        <titleType>Official Title as Introduced</titleType>
        <parentTitleType />
        <chamberName />
      </item>
      <item>
        <title>Energy and Natural Resources Act of 2017</title>
        <chamberCode />
        <titleType>Display Title</titleType>
        <parentTitleType />
        <chamberName />
      </item>
    </titles>
    <recordedVotes />
    <originChamber>Senate</originChamber>
    <latestAction>
      <text>Committee on Energy and Natural Resources. Hearings held.</text>
      <actionDate>2017-09-19</actionDate>
      <links />
    </latestAction>
    <introducedDate>2017-06-28</introducedDate>
    <sponsors>
      <item>
        <fullName>Sen. Murkowski, Lisa [R-AK]</fullName>
        <party>R</party>
        <identifiers>
          <gpoId>8234</gpoId>
          <lisID>1694</lisID>
          <bioguideId>M001153</bioguideId>
        </identifiers>
        <firstName>Lisa</firstName>
        <middleName />
        <lastName>Murkowski</lastName>
        <bioguideId>M001153</bioguideId>
        <state>AK</state>
        <byRequestType />
      </item>
    </sponsors>
    <subjects>
      <billSubjects>
        <legislativeSubjects>
          <item>
            <name>Administrative law and regulatory procedures</name>
          </item>
          <item>
            <name>Advanced technology and technological innovations</name>
          </item>
          <item>
            <name>Advisory bodies</name>
          </item>
          <item>
            <name>Air quality</name>
          </item>
          <item>
            <name>Alaska</name>
          </item>
          <item>
            <name>Alaska Natives and Hawaiians</name>
          </item>
          <item>
            <name>Alternative and renewable resources</name>
          </item>
          <item>
            <name>Archaeology and anthropology</name>
          </item>
          <item>
            <name>Biological and life sciences</name>
          </item>
          <item>
            <name>California</name>
          </item>
          <item>
            <name>Chemistry</name>
          </item>
          <item>
            <name>Climate change and greenhouse gases</name>
          </item>
          <item>
            <name>Colorado</name>
          </item>
          <item>
            <name>Commemorative events and holidays</name>
          </item>
          <item>
            <name>Competitiveness, trade promotion, trade deficits</name>
          </item>
          <item>
            <name>Computers and information technology</name>
          </item>
          <item>
            <name>Congressional oversight</name>
          </item>
          <item>
            <name>Connecticut</name>
          </item>
          <item>
            <name>Dams and canals</name>
          </item>
          <item>
            <name>Department of Energy</name>
          </item>
          <item>
            <name>Department of the Interior</name>
          </item>
          <item>
            <name>Disaster relief and insurance</name>
          </item>
          <item>
            <name>District of Columbia</name>
          </item>
          <item>
            <name>Earth sciences</name>
          </item>
          <item>
            <name>Economic development</name>
          </item>
          <item>
            <name>Electric power generation and transmission</name>
          </item>
          <item>
            <name>Emergency medical services and trauma care</name>
          </item>
          <item>
            <name>Emergency planning and evacuation</name>
          </item>
          <item>
            <name>Employment and training programs</name>
          </item>
          <item>
            <name>Energy assistance for the poor and aged</name>
          </item>
          <item>
            <name>Energy efficiency and conservation</name>
          </item>
          <item>
            <name>Energy research</name>
          </item>
          <item>
            <name>Energy storage, supplies, demand</name>
          </item>
          <item>
            <name>Environmental assessment, monitoring, research</name>
          </item>
          <item>
            <name>Environmental technology</name>
          </item>
          <item>
            <name>Executive agency funding and structure</name>
          </item>
          <item>
            <name>Federal-Indian relations</name>
          </item>
          <item>
            <name>Firearms and explosives</name>
          </item>
          <item>
            <name>Fires</name>
          </item>
          <item>
            <name>First responders and emergency personnel</name>
          </item>
          <item>
            <name>Fishes</name>
          </item>
          <item>
            <name>Floods and storm protection</name>
          </item>
          <item>
            <name>Forests, forestry, trees</name>
          </item>
          <item>
            <name>Freedom of information</name>
          </item>
          <item>
            <name>Gambling</name>
          </item>
          <item>
            <name>General energy matters</name>
          </item>
          <item>
            <name>Genetics</name>
          </item>
          <item>
            <name>Geography</name>
          </item>
          <item>
            <name>Georgia</name>
          </item>
          <item>
            <name>Government buildings, facilities, and property</name>
          </item>
          <item>
            <name>Government information and archives</name>
          </item>
          <item>
            <name>Government lending and loan guarantees</name>
          </item>
          <item>
            <name>Government liability</name>
          </item>
          <item>
            <name>Government studies and investigations</name>
          </item>
          <item>
            <name>Gulf of Mexico</name>
          </item>
          <item>
            <name>Historic sites and heritage areas</name>
          </item>
          <item>
            <name>Historical and cultural resources</name>
          </item>
          <item>
            <name>Housing finance and home ownership</name>
          </item>
          <item>
            <name>Hunting and fishing</name>
          </item>
          <item>
            <name>Hybrid, electric, and advanced technology vehicles</name>
          </item>
          <item>
            <name>Illinois</name>
          </item>
          <item>
            <name>Indian lands and resources rights</name>
          </item>
          <item>
            <name>Indian social and development programs</name>
          </item>
          <item>
            <name>Industrial facilities</name>
          </item>
          <item>
            <name>Kansas</name>
          </item>
          <item>
            <name>Lakes and rivers</name>
          </item>
          <item>
            <name>Land transfers</name>
          </item>
          <item>
            <name>Land use and conservation</name>
          </item>
          <item>
            <name>Licensing and registrations</name>
          </item>
          <item>
            <name>Life, casualty, property insurance</name>
          </item>
          <item>
            <name>Lighting and heating</name>
          </item>
          <item>
            <name>Mammals</name>
          </item>
          <item>
            <name>Manufacturing</name>
          </item>
          <item>
            <name>Marine and coastal resources, fisheries</name>
          </item>
          <item>
            <name>Marine and inland water transportation</name>
          </item>
          <item>
            <name>Maryland</name>
          </item>
          <item>
            <name>Medical research</name>
          </item>
          <item>
            <name>Metals</name>
          </item>
          <item>
            <name>Military history</name>
          </item>
          <item>
            <name>Mining</name>
          </item>
          <item>
            <name>Minnesota</name>
          </item>
          <item>
            <name>Minority education</name>
          </item>
          <item>
            <name>Mississippi</name>
          </item>
          <item>
            <name>Missouri</name>
          </item>
          <item>
            <name>Montana</name>
          </item>
          <item>
            <name>Monuments and memorials</name>
          </item>
          <item>
            <name>Motor carriers</name>
          </item>
          <item>
            <name>Motor fuels</name>
          </item>
          <item>
            <name>Motor vehicles</name>
          </item>
          <item>
            <name>Native Americans</name>
          </item>
          <item>
            <name>New Jersey</name>
          </item>
          <item>
            <name>New Mexico</name>
          </item>
          <item>
            <name>New York State</name>
          </item>
          <item>
            <name>North Carolina</name>
          </item>
          <item>
            <name>Nuclear Regulatory Commission (NRC)</name>
          </item>
          <item>
            <name>Nuclear power</name>
          </item>
          <item>
            <name>Oil and gas</name>
          </item>
          <item>
            <name>Oregon</name>
          </item>
          <item>
            <name>Outdoor recreation</name>
          </item>
          <item>
            <name>Parks, recreation areas, trails</name>
          </item>
          <item>
            <name>Pennsylvania</name>
          </item>
          <item>
            <name>Performance measurement</name>
          </item>
          <item>
            <name>Photography and imaging</name>
          </item>
          <item>
            <name>Pipelines</name>
          </item>
          <item>
            <name>Presidents and presidential powers, Vice Presidents</name>
          </item>
          <item>
            <name>Protest and dissent</name>
          </item>
          <item>
            <name>Public contracts and procurement</name>
          </item>
          <item>
            <name>Public utilities and utility rates</name>
          </item>
          <item>
            <name>Public-private cooperation</name>
          </item>
          <item>
            <name>Racial and ethnic relations</name>
          </item>
          <item>
            <name>Radiation</name>
          </item>
          <item>
            <name>Research administration and funding</name>
          </item>
          <item>
            <name>Research and development</name>
          </item>
          <item>
            <name>Residential rehabilitation and home repair</name>
          </item>
          <item>
            <name>Roads and highways</name>
          </item>
          <item>
            <name>Seashores and lakeshores</name>
          </item>
          <item>
            <name>Social work, volunteer service, charitable organizations</name>
          </item>
          <item>
            <name>Solid waste and recycling</name>
          </item>
          <item>
            <name>Strategic materials and reserves</name>
          </item>
          <item>
            <name>Teaching, teachers, curricula</name>
          </item>
          <item>
            <name>Technology transfer and commercialization</name>
          </item>
          <item>
            <name>Telephone and wireless communication</name>
          </item>
          <item>
            <name>Television and film</name>
          </item>
          <item>
            <name>Tennessee</name>
          </item>
          <item>
            <name>Transportation costs</name>
          </item>
          <item>
            <name>U.S. history</name>
          </item>
          <item>
            <name>User charges and fees</name>
          </item>
          <item>
            <name>Vermont</name>
          </item>
          <item>
            <name>Virginia</name>
          </item>
          <item>
            <name>Washington State</name>
          </item>
          <item>
            <name>Water resources funding</name>
          </item>
          <item>
            <name>Water storage</name>
          </item>
          <item>
            <name>Water use and supply</name>
          </item>
          <item>
            <name>Watersheds</name>
          </item>
          <item>
            <name>West Virginia</name>
          </item>
          <item>
            <name>Wilderness and natural areas, wildlife refuges, wild rivers, habitats</name>
          </item>
          <item>
            <name>Wildlife conservation and habitat protection</name>
          </item>
          <item>
            <name>Wyoming</name>
          </item>
        </legislativeSubjects>
        <policyArea>
          <name>Energy</name>
        </policyArea>
      </billSubjects>
    </subjects>
    <policyArea>
      <name>Energy</name>
    </policyArea>
    <billType>S</billType>
    <notes />
    <title>Energy and Natural Resources Act of 2017</title>
    <committees>
      <billCommittees>
        <item>
          <type>Standing</type>
          <subcommittees />
          <chamber>Senate</chamber>
          <activities>
            <item>
              <date>2017-09-19T13:30:36Z</date>
              <name>Hearings by</name>
            </item>
          </activities>
          <name>Energy and Natural Resources Committee</name>
          <systemCode>sseg00</systemCode>
        </item>
      </billCommittees>
    </committees>
    <congress>115</congress>
    <cboCostEstimates>
      <item>
        <pubDate>2017-07-26T20:37:48Z</pubDate>
        <title>S. 1460, Energy and Natural Resources Act of 2017</title>
        <url>https://www.cbo.gov/publication/52975</url>
      </item>
    </cboCostEstimates>
    <updateDate>2018-03-02T05:44:38Z</updateDate>
    <actions>
      <actionByCounts>
        <senate>4</senate>
      </actionByCounts>
      <actionTypeCounts>
        <hearingsHeld>1</hearingsHeld>
        <introducedInSenate>1</introducedInSenate>
        <placedOnCalendarSection>2</placedOnCalendarSection>
      </actionTypeCounts>
      <item>
        <actionDate>2017-09-19</actionDate>
        <committee>
          <systemCode>sseg00</systemCode>
          <name>Energy and Natural Resources Committee</name>
        </committee>
        <links />
        <sourceSystem>
          <name>Senate</name>
          <code>0</code>
        </sourceSystem>
        <text>Committee on Energy and Natural Resources. Hearings held.</text>
        <type>Committee</type>
      </item>
      <item>
        <actionDate>2017-06-29</actionDate>
        <committee />
        <links />
        <sourceSystem>
          <name>Senate</name>
          <code>0</code>
        </sourceSystem>
        <text>Read the second time. Placed on Senate Legislative Calendar under General Orders. Calendar No. 162.</text>
        <type>Calendars</type>
      </item>
      <item>
        <actionDate>2017-06-28</actionDate>
        <committee />
        <links />
        <sourceSystem>
          <name>Senate</name>
          <code>0</code>
        </sourceSystem>
        <text>Introduced in the Senate. Read the first time. Placed on Senate Legislative Calendar under Read the First Time.</text>
        <type>Calendars</type>
      </item>
      <item>
        <type>IntroReferral</type>
        <links />
        <committee />
        <text>Introduced in Senate</text>
        <actionCode>10000</actionCode>
        <actionDate>2017-06-28</actionDate>
        <sourceSystem>
          <name>Library of Congress</name>
          <code>9</code>
        </sourceSystem>
      </item>
    </actions>
  </bill>
  <dublinCore xmlns:dc="http://purl.org/dc/elements/1.1/">
    <dc:format>text/xml</dc:format>
    <dc:language>EN</dc:language>
    <dc:rights>Pursuant to Title 17 Section 105 of the United States Code, this file is not subject to copyright protection and is in the public domain.</dc:rights>
    <dc:contributor>Congressional Research Service, Library of Congress</dc:contributor>
    <dc:description>This file contains bill summaries and statuses for federal legislation. A bill summary describes the most significant provisions of a piece of legislation and details the effects the legislative text may have on current law and federal programs. Bill summaries are authored by the Congressional Research Service (CRS) of the Library of Congress. As stated in Public Law 91-510 (2 USC 166 (d)(6)), one of the duties of CRS is "to prepare summaries and digests of bills and resolutions of a public general nature introduced in the Senate or House of Representatives". For more information, refer to the User Guide that accompanies this file.</dc:description>
  </dublinCore>
</billStatus>

