<?xml version="1.0" encoding="UTF-8"?>
<billStatus>
  <bill>
    <relatedBills>
      <item>
        <congress>115</congress>
        <latestAction>
          <actionDate>2017-06-29</actionDate>
          <text>Read twice and referred to the Committee on Finance.</text>
        </latestAction>
        <type>S</type>
        <latestTitle>SHUSH Act</latestTitle>
        <number>1505</number>
        <relationshipDetails>
          <item>
            <type>Related bill</type>
            <identifiedBy>CRS</identifiedBy>
          </item>
        </relationshipDetails>
      </item>
      <item>
        <congress>115</congress>
        <latestAction>
          <actionDate>2017-02-06</actionDate>
          <text>Referred to the Subcommittee on Crime, Terrorism, Homeland Security, and Investigations.</text>
        </latestAction>
        <type>HR</type>
        <latestTitle>Hearing Protection Act of 2017</latestTitle>
        <number>367</number>
        <relationshipDetails>
          <item>
            <type>Related bill</type>
            <identifiedBy>CRS</identifiedBy>
          </item>
        </relationshipDetails>
      </item>
    </relatedBills>
    <originChamber>Senate</originChamber>
    <recordedVotes />
    <latestAction>
      <text>Read twice and referred to the Committee on Finance.</text>
      <links />
      <actionDate>2017-01-09</actionDate>
    </latestAction>
    <createDate>2017-01-10T05:15:46Z</createDate>
    <title>Hearing Protection Act of 2017</title>
    <summaries>
      <billSummaries>
        <item>
          <text><![CDATA[<p><strong>Hearing Protection Act of 201</strong><b>7</b></p> <p>This bill amends the Internal Revenue Code to: (1) eliminate the $200 transfer tax on firearm silencers, and (2) treat any person who acquires or possesses a firearm silencer as meeting any registration or licensing requirements of the National Firearms Act with respect to such silencer. Any person who pays a transfer tax on a silencer after January 9, 2017, may receive a refund of such tax. </p> <p>The bill amends the federal criminal code to preempt state or local laws that tax or regulate firearm silencers. </p>]]></text>
          <actionDate>2017-01-09</actionDate>
          <updateDate>2017-01-09T05:00:00Z</updateDate>
          <lastSummaryUpdateDate>2017-01-26T13:44:40Z</lastSummaryUpdateDate>
          <name>Introduced in Senate</name>
          <actionDesc>Introduced in Senate</actionDesc>
          <versionCode>00</versionCode>
        </item>
      </billSummaries>
    </summaries>
    <actions>
      <item>
        <actionDate>2017-01-09</actionDate>
        <committee>
          <systemCode>ssfi00</systemCode>
          <name>Finance Committee</name>
        </committee>
        <links />
        <sourceSystem>
          <name>Senate</name>
          <code>0</code>
        </sourceSystem>
        <text>Read twice and referred to the Committee on Finance.</text>
        <type>IntroReferral</type>
      </item>
      <item>
        <sourceSystem>
          <name>Library of Congress</name>
          <code>9</code>
        </sourceSystem>
        <actionDate>2017-01-09</actionDate>
        <links />
        <text>Introduced in Senate</text>
        <committee />
        <actionCode>10000</actionCode>
        <type>IntroReferral</type>
      </item>
      <actionByCounts>
        <senate>2</senate>
      </actionByCounts>
      <actionTypeCounts>
        <referredToCommittee>1</referredToCommittee>
        <introducedInSenate>1</introducedInSenate>
      </actionTypeCounts>
    </actions>
    <updateDate>2018-02-06T16:44:25Z</updateDate>
    <amendments />
    <notes />
    <sponsors>
      <item>
        <bioguideId>C000880</bioguideId>
        <middleName>D.</middleName>
        <byRequestType />
        <firstName>MICHAEL</firstName>
        <lastName>CRAPO</lastName>
        <state>ID</state>
        <party>R</party>
        <identifiers>
          <lisID>250</lisID>
          <bioguideId>C000880</bioguideId>
          <gpoId>8289</gpoId>
        </identifiers>
        <fullName>Sen. Crapo, Mike [R-ID]</fullName>
      </item>
    </sponsors>
    <committees>
      <billCommittees>
        <item>
          <type>Standing</type>
          <systemCode>ssfi00</systemCode>
          <subcommittees />
          <activities>
            <item>
              <date>2017-01-09T19:31:06Z</date>
              <name>Referred to</name>
            </item>
          </activities>
          <chamber>Senate</chamber>
          <name>Finance Committee</name>
        </item>
      </billCommittees>
    </committees>
    <cosponsors>
      <item>
        <party>R</party>
        <bioguideId>M000934</bioguideId>
        <isOriginalCosponsor>True</isOriginalCosponsor>
        <firstName>JERRY</firstName>
        <middleName />
        <sponsorshipWithdrawnDate />
        <sponsorshipDate>2017-01-09</sponsorshipDate>
        <fullName>Sen. Moran, Jerry [R-KS]</fullName>
        <identifiers>
          <lisID>1507</lisID>
          <gpoId>8307</gpoId>
          <bioguideId>M000934</bioguideId>
        </identifiers>
        <lastName>MORAN</lastName>
        <state>KS</state>
      </item>
      <item>
        <party>R</party>
        <bioguideId>P000603</bioguideId>
        <isOriginalCosponsor>True</isOriginalCosponsor>
        <firstName>Rand</firstName>
        <middleName />
        <sponsorshipWithdrawnDate />
        <sponsorshipDate>2017-01-09</sponsorshipDate>
        <fullName>Sen. Paul, Rand [R-KY]</fullName>
        <identifiers>
          <bioguideId>P000603</bioguideId>
          <lisID>2082</lisID>
          <gpoId>8308</gpoId>
        </identifiers>
        <lastName>Paul</lastName>
        <state>KY</state>
      </item>
      <item>
        <party>R</party>
        <bioguideId>C001056</bioguideId>
        <isOriginalCosponsor>False</isOriginalCosponsor>
        <firstName>John</firstName>
        <middleName />
        <sponsorshipWithdrawnDate />
        <sponsorshipDate>2017-01-23</sponsorshipDate>
        <fullName>Sen. Cornyn, John [R-TX]</fullName>
        <identifiers>
          <lisID>1692</lisID>
          <bioguideId>C001056</bioguideId>
          <gpoId>8295</gpoId>
        </identifiers>
        <lastName>Cornyn</lastName>
        <state>TX</state>
      </item>
      <item>
        <party>R</party>
        <bioguideId>R000584</bioguideId>
        <isOriginalCosponsor>False</isOriginalCosponsor>
        <firstName>James</firstName>
        <middleName>E.</middleName>
        <sponsorshipWithdrawnDate />
        <sponsorshipDate>2017-02-02</sponsorshipDate>
        <fullName>Sen. Risch, James E. [R-ID]</fullName>
        <identifiers>
          <lisID>1896</lisID>
          <bioguideId>R000584</bioguideId>
          <gpoId>8274</gpoId>
        </identifiers>
        <lastName>Risch</lastName>
        <state>ID</state>
      </item>
      <item>
        <party>R</party>
        <bioguideId>F000463</bioguideId>
        <isOriginalCosponsor>False</isOriginalCosponsor>
        <firstName>Deb</firstName>
        <middleName />
        <sponsorshipWithdrawnDate />
        <sponsorshipDate>2017-02-07</sponsorshipDate>
        <fullName>Sen. Fischer, Deb [R-NE]</fullName>
        <identifiers>
          <gpoId />
          <bioguideId>F000463</bioguideId>
          <lisID>2179</lisID>
        </identifiers>
        <lastName>Fischer</lastName>
        <state>NE</state>
      </item>
      <item>
        <party>R</party>
        <bioguideId>W000437</bioguideId>
        <isOriginalCosponsor>False</isOriginalCosponsor>
        <firstName>ROGER</firstName>
        <middleName>F.</middleName>
        <sponsorshipWithdrawnDate />
        <sponsorshipDate>2017-02-07</sponsorshipDate>
        <fullName>Sen. Wicker, Roger F. [R-MS]</fullName>
        <identifiers>
          <bioguideId>W000437</bioguideId>
          <lisID>1226</lisID>
          <gpoId>8263</gpoId>
        </identifiers>
        <lastName>WICKER</lastName>
        <state>MS</state>
      </item>
      <item>
        <party>R</party>
        <bioguideId>R000605</bioguideId>
        <isOriginalCosponsor>False</isOriginalCosponsor>
        <firstName>Mike</firstName>
        <middleName />
        <sponsorshipWithdrawnDate />
        <sponsorshipDate>2017-02-08</sponsorshipDate>
        <fullName>Sen. Rounds, Mike  [R-SD]</fullName>
        <identifiers>
          <lisID>2288</lisID>
          <gpoId />
          <bioguideId>R000605</bioguideId>
        </identifiers>
        <lastName>Rounds</lastName>
        <state>SD</state>
      </item>
      <item>
        <party>R</party>
        <bioguideId>C001075</bioguideId>
        <isOriginalCosponsor>False</isOriginalCosponsor>
        <firstName>Bill</firstName>
        <middleName />
        <sponsorshipWithdrawnDate />
        <sponsorshipDate>2017-03-01</sponsorshipDate>
        <fullName>Sen. Cassidy, Bill [R-LA]</fullName>
        <identifiers>
          <bioguideId>C001075</bioguideId>
          <gpoId>7964</gpoId>
          <lisID>1925</lisID>
        </identifiers>
        <lastName>Cassidy</lastName>
        <state>LA</state>
      </item>
      <item>
        <party>R</party>
        <bioguideId>R000307</bioguideId>
        <isOriginalCosponsor>False</isOriginalCosponsor>
        <firstName>PAT</firstName>
        <middleName />
        <sponsorshipWithdrawnDate />
        <sponsorshipDate>2017-03-06</sponsorshipDate>
        <fullName>Sen. Roberts, Pat [R-KS]</fullName>
        <identifiers>
          <lisID>968</lisID>
          <bioguideId>R000307</bioguideId>
          <gpoId>8275</gpoId>
        </identifiers>
        <lastName>ROBERTS</lastName>
        <state>KS</state>
      </item>
      <item>
        <party>R</party>
        <bioguideId>K000393</bioguideId>
        <isOriginalCosponsor>False</isOriginalCosponsor>
        <firstName>John</firstName>
        <middleName>Neely</middleName>
        <sponsorshipWithdrawnDate />
        <sponsorshipDate>2017-03-06</sponsorshipDate>
        <fullName>Sen. Kennedy, John [R-LA]</fullName>
        <identifiers>
          <gpoId />
          <bioguideId>K000393</bioguideId>
          <lisID>2303</lisID>
        </identifiers>
        <lastName>Kennedy</lastName>
        <state>LA</state>
      </item>
      <item>
        <party>R</party>
        <bioguideId>D000618</bioguideId>
        <isOriginalCosponsor>False</isOriginalCosponsor>
        <firstName>Steve</firstName>
        <middleName />
        <sponsorshipWithdrawnDate />
        <sponsorshipDate>2017-03-06</sponsorshipDate>
        <fullName>Sen. Daines, Steve [R-MT]</fullName>
        <identifiers>
          <lisID>2138</lisID>
          <gpoId />
          <bioguideId>D000618</bioguideId>
        </identifiers>
        <lastName>Daines</lastName>
        <state>MT</state>
      </item>
      <item>
        <party>R</party>
        <bioguideId>C001095</bioguideId>
        <isOriginalCosponsor>False</isOriginalCosponsor>
        <firstName>Tom</firstName>
        <middleName />
        <sponsorshipWithdrawnDate />
        <sponsorshipDate>2017-03-29</sponsorshipDate>
        <fullName>Sen. Cotton, Tom [R-AR]</fullName>
        <identifiers>
          <lisID>2098</lisID>
          <bioguideId>C001095</bioguideId>
          <gpoId />
        </identifiers>
        <lastName>Cotton</lastName>
        <state>AR</state>
      </item>
      <item>
        <party>R</party>
        <bioguideId>I000055</bioguideId>
        <isOriginalCosponsor>False</isOriginalCosponsor>
        <firstName>Johnny</firstName>
        <middleName />
        <sponsorshipWithdrawnDate />
        <sponsorshipDate>2017-04-06</sponsorshipDate>
        <fullName>Sen. Isakson, Johnny [R-GA]</fullName>
        <identifiers>
          <lisID>1608</lisID>
          <bioguideId>I000055</bioguideId>
          <gpoId>8323</gpoId>
        </identifiers>
        <lastName>Isakson</lastName>
        <state>GA</state>
      </item>
      <item>
        <party>R</party>
        <bioguideId>C001098</bioguideId>
        <isOriginalCosponsor>False</isOriginalCosponsor>
        <firstName>Ted</firstName>
        <middleName />
        <sponsorshipWithdrawnDate />
        <sponsorshipDate>2017-04-25</sponsorshipDate>
        <fullName>Sen. Cruz, Ted [R-TX]</fullName>
        <identifiers>
          <lisID>2175</lisID>
          <bioguideId>C001098</bioguideId>
          <gpoId />
        </identifiers>
        <lastName>Cruz</lastName>
        <state>TX</state>
      </item>
      <item>
        <party>R</party>
        <bioguideId>S001202</bioguideId>
        <isOriginalCosponsor>False</isOriginalCosponsor>
        <firstName>Luther</firstName>
        <middleName />
        <sponsorshipWithdrawnDate />
        <sponsorshipDate>2017-05-11</sponsorshipDate>
        <fullName>Sen. Strange, Luther [R-AL]</fullName>
        <identifiers>
          <bioguideId>S001202</bioguideId>
          <lisID>2357</lisID>
          <gpoId />
        </identifiers>
        <lastName>Strange</lastName>
        <state>AL</state>
      </item>
      <item>
        <party>R</party>
        <bioguideId>L000577</bioguideId>
        <isOriginalCosponsor>False</isOriginalCosponsor>
        <firstName>Mike</firstName>
        <middleName />
        <sponsorshipWithdrawnDate />
        <sponsorshipDate>2017-05-23</sponsorshipDate>
        <fullName>Sen. Lee, Mike [R-UT]</fullName>
        <identifiers>
          <lisID>2080</lisID>
          <bioguideId>L000577</bioguideId>
          <gpoId>8303</gpoId>
        </identifiers>
        <lastName>Lee</lastName>
        <state>UT</state>
      </item>
      <item>
        <party>R</party>
        <bioguideId>H001041</bioguideId>
        <isOriginalCosponsor>False</isOriginalCosponsor>
        <firstName>Dean</firstName>
        <middleName />
        <sponsorshipWithdrawnDate />
        <sponsorshipDate>2017-06-27</sponsorshipDate>
        <fullName>Sen. Heller, Dean [R-NV]</fullName>
        <identifiers>
          <bioguideId>H001041</bioguideId>
          <lisID>1863</lisID>
          <gpoId>8060</gpoId>
        </identifiers>
        <lastName>Heller</lastName>
        <state>NV</state>
      </item>
      <item>
        <party>R</party>
        <bioguideId>B001236</bioguideId>
        <isOriginalCosponsor>False</isOriginalCosponsor>
        <firstName>John</firstName>
        <middleName />
        <sponsorshipWithdrawnDate />
        <sponsorshipDate>2017-07-24</sponsorshipDate>
        <fullName>Sen. Boozman, John [R-AR]</fullName>
        <identifiers>
          <lisID>1687</lisID>
          <bioguideId>B001236</bioguideId>
          <gpoId>8247</gpoId>
        </identifiers>
        <lastName>Boozman</lastName>
        <state>AR</state>
      </item>
    </cosponsors>
    <laws />
    <policyArea>
      <name>Taxation</name>
    </policyArea>
    <cboCostEstimates />
    <billNumber>59</billNumber>
    <congress>115</congress>
    <version>1.0.0</version>
    <introducedDate>2017-01-09</introducedDate>
    <committeeReports />
    <titles>
      <item>
        <title>Hearing Protection Act of 2017</title>
        <titleType>(Extracted from GPO) Short Titles as Introduced</titleType>
        <parentTitleType />
        <chamberCode />
        <chamberName />
      </item>
      <item>
        <title>Hearing Protection Act of 2017</title>
        <titleType>Short Titles as Introduced</titleType>
        <parentTitleType />
        <chamberCode />
        <chamberName />
      </item>
      <item>
        <title>A bill to provide that silencers be treated the same as long guns.</title>
        <titleType>Official Title as Introduced</titleType>
        <parentTitleType />
        <chamberCode />
        <chamberName />
      </item>
      <item>
        <title>Hearing Protection Act of 2017</title>
        <titleType>Display Title</titleType>
        <parentTitleType />
        <chamberCode />
        <chamberName />
      </item>
    </titles>
    <calendarNumbers />
    <subjects>
      <billSubjects>
        <policyArea>
          <name>Taxation</name>
        </policyArea>
        <legislativeSubjects>
          <item>
            <name>Federal preemption</name>
          </item>
          <item>
            <name>Firearms and explosives</name>
          </item>
          <item>
            <name>Licensing and registrations</name>
          </item>
          <item>
            <name>Sales and excise taxes</name>
          </item>
          <item>
            <name>State and local taxation</name>
          </item>
        </legislativeSubjects>
      </billSubjects>
    </subjects>
    <billType>S</billType>
  </bill>
  <dublinCore xmlns:dc="http://purl.org/dc/elements/1.1/">
    <dc:format>text/xml</dc:format>
    <dc:language>EN</dc:language>
    <dc:rights>Pursuant to Title 17 Section 105 of the United States Code, this file is not subject to copyright protection and is in the public domain.</dc:rights>
    <dc:contributor>Congressional Research Service, Library of Congress</dc:contributor>
    <dc:description>This file contains bill summaries and statuses for federal legislation. A bill summary describes the most significant provisions of a piece of legislation and details the effects the legislative text may have on current law and federal programs. Bill summaries are authored by the Congressional Research Service (CRS) of the Library of Congress. As stated in Public Law 91-510 (2 USC 166 (d)(6)), one of the duties of CRS is "to prepare summaries and digests of bills and resolutions of a public general nature introduced in the Senate or House of Representatives". For more information, refer to the User Guide that accompanies this file.</dc:description>
  </dublinCore>
</billStatus>

