<?xml version="1.0" encoding="UTF-8"?>
<billStatus>
  <bill>
    <amendments />
    <notes />
    <actions>
      <actionTypeCounts>
        <placedOnCalendarGeneralOrders>1</placedOnCalendarGeneralOrders>
        <orderedReported>1</orderedReported>
        <passedAgreedToInSenate>1</passedAgreedToInSenate>
        <heldAtTheDesk>1</heldAtTheDesk>
        <receivedInTheHouse>1</receivedInTheHouse>
        <reportedToSenate>2</reportedToSenate>
        <sentToHouse>1</sentToHouse>
        <passedSenate>1</passedSenate>
        <referredToCommittee>1</referredToCommittee>
        <introducedInSenate>1</introducedInSenate>
      </actionTypeCounts>
      <item>
        <actionTime>20:00:31</actionTime>
        <links />
        <committee />
        <type>Floor</type>
        <actionCode>H15000</actionCode>
        <actionDate>2017-09-12</actionDate>
        <sourceSystem>
          <code>2</code>
          <name>House floor actions</name>
        </sourceSystem>
        <text>Held at the desk.</text>
      </item>
      <item>
        <actionDate>2017-09-12</actionDate>
        <committee />
        <links />
        <sourceSystem>
          <code>0</code>
          <name>Senate</name>
        </sourceSystem>
        <text>Message on Senate action sent to the House.</text>
        <type>Floor</type>
      </item>
      <item>
        <actionTime>17:06:21</actionTime>
        <links />
        <committee />
        <type>Floor</type>
        <actionCode>H14000</actionCode>
        <actionDate>2017-09-12</actionDate>
        <sourceSystem>
          <code>2</code>
          <name>House floor actions</name>
        </sourceSystem>
        <text>Received in the House.</text>
      </item>
      <item>
        <actionDate>2017-09-11</actionDate>
        <committee />
        <links>
          <link>
            <name>S5169-5170</name>
            <url>https://www.congress.gov/congressional-record/volume-163/senate-section/page/S5169-5170</url>
          </link>
        </links>
        <sourceSystem>
          <code>0</code>
          <name>Senate</name>
        </sourceSystem>
        <text>Passed Senate with an amendment by Unanimous Consent. (consideration: CR S5169-5170)</text>
        <type>Floor</type>
      </item>
      <item>
        <links />
        <committee />
        <type>Floor</type>
        <actionCode>17000</actionCode>
        <actionDate>2017-09-11</actionDate>
        <sourceSystem>
          <code>9</code>
          <name>Library of Congress</name>
        </sourceSystem>
        <text>Passed/agreed to in Senate: Passed Senate with an amendment by Unanimous Consent.</text>
      </item>
      <item>
        <actionDate>2017-04-05</actionDate>
        <committee />
        <links />
        <sourceSystem>
          <code>0</code>
          <name>Senate</name>
        </sourceSystem>
        <text>Placed on Senate Legislative Calendar under General Orders. Calendar No. 31.</text>
        <type>Calendars</type>
      </item>
      <item>
        <actionDate>2017-04-05</actionDate>
        <committee>
          <name>Commerce, Science, and Transportation Committee</name>
          <systemCode>sscm00</systemCode>
        </committee>
        <links>
          <link>
            <name>report No. 115-24</name>
            <url>https://www.congress.gov/congressional-report/115th-congress/senate-report/24</url>
          </link>
        </links>
        <sourceSystem>
          <code>0</code>
          <name>Senate</name>
        </sourceSystem>
        <text>Committee on Commerce, Science, and Transportation. Reported by Senator Thune with an amendment in the nature of a substitute. With written report No. 115-24.</text>
        <type>Committee</type>
      </item>
      <item>
        <links>
          <link>
            <name>report No. 115-24</name>
            <url>https://www.congress.gov/congressional-report/115th-congress/senate-report/24</url>
          </link>
        </links>
        <committee>
          <name>Commerce, Science, and Transportation Committee</name>
          <systemCode>sscm00</systemCode>
        </committee>
        <type>Committee</type>
        <actionCode>14000</actionCode>
        <actionDate>2017-04-05</actionDate>
        <sourceSystem>
          <code>9</code>
          <name>Library of Congress</name>
        </sourceSystem>
        <text>Committee on Commerce, Science, and Transportation. Reported by Senator Thune with an amendment in the nature of a substitute. With written report No. 115-24.</text>
      </item>
      <item>
        <actionDate>2017-01-24</actionDate>
        <committee>
          <name>Commerce, Science, and Transportation Committee</name>
          <systemCode>sscm00</systemCode>
        </committee>
        <links />
        <sourceSystem>
          <code>0</code>
          <name>Senate</name>
        </sourceSystem>
        <text>Committee on Commerce, Science, and Transportation. Ordered to be reported with an amendment in the nature of a substitute favorably.</text>
        <type>Committee</type>
      </item>
      <item>
        <actionDate>2017-01-11</actionDate>
        <committee>
          <name>Commerce, Science, and Transportation Committee</name>
          <systemCode>sscm00</systemCode>
        </committee>
        <links />
        <sourceSystem>
          <code>0</code>
          <name>Senate</name>
        </sourceSystem>
        <text>Read twice and referred to the Committee on Commerce, Science, and Transportation.</text>
        <type>IntroReferral</type>
      </item>
      <item>
        <links />
        <committee />
        <type>IntroReferral</type>
        <actionCode>10000</actionCode>
        <actionDate>2017-01-11</actionDate>
        <sourceSystem>
          <code>9</code>
          <name>Library of Congress</name>
        </sourceSystem>
        <text>Introduced in Senate</text>
      </item>
      <actionByCounts>
        <houseOfRepresentatives>2</houseOfRepresentatives>
        <senate>9</senate>
      </actionByCounts>
    </actions>
    <cosponsors>
      <item>
        <identifiers>
          <bioguideId>B001288</bioguideId>
          <lisID>2194</lisID>
          <gpoId />
        </identifiers>
        <lastName>Booker</lastName>
        <firstName>Cory</firstName>
        <middleName>A.</middleName>
        <sponsorshipWithdrawnDate />
        <fullName>Sen. Booker, Cory A. [D-NJ]</fullName>
        <isOriginalCosponsor>True</isOriginalCosponsor>
        <sponsorshipDate>2017-01-11</sponsorshipDate>
        <state>NJ</state>
        <party>D</party>
        <bioguideId>B001288</bioguideId>
      </item>
      <item>
        <identifiers>
          <bioguideId>T000250</bioguideId>
          <lisID>1534</lisID>
          <gpoId>8257</gpoId>
        </identifiers>
        <lastName>THUNE</lastName>
        <firstName>JOHN</firstName>
        <middleName>R.</middleName>
        <sponsorshipWithdrawnDate />
        <fullName>Sen. Thune, John [R-SD]</fullName>
        <isOriginalCosponsor>True</isOriginalCosponsor>
        <sponsorshipDate>2017-01-11</sponsorshipDate>
        <state>SD</state>
        <party>R</party>
        <bioguideId>T000250</bioguideId>
      </item>
      <item>
        <identifiers>
          <lisID>2084</lisID>
          <gpoId>8242</gpoId>
          <bioguideId>R000595</bioguideId>
        </identifiers>
        <lastName>Rubio</lastName>
        <firstName>Marco</firstName>
        <middleName />
        <sponsorshipWithdrawnDate />
        <fullName>Sen. Rubio, Marco [R-FL]</fullName>
        <isOriginalCosponsor>True</isOriginalCosponsor>
        <sponsorshipDate>2017-01-11</sponsorshipDate>
        <state>FL</state>
        <party>R</party>
        <bioguideId>R000595</bioguideId>
      </item>
      <item>
        <identifiers>
          <bioguideId>N000032</bioguideId>
          <lisID>859</lisID>
          <gpoId>8236</gpoId>
        </identifiers>
        <lastName>NELSON</lastName>
        <firstName>CLARENCE</firstName>
        <middleName>WILLIAM</middleName>
        <sponsorshipWithdrawnDate />
        <fullName>Sen. Nelson, Bill [D-FL]</fullName>
        <isOriginalCosponsor>True</isOriginalCosponsor>
        <sponsorshipDate>2017-01-11</sponsorshipDate>
        <state>FL</state>
        <party>D</party>
        <bioguideId>N000032</bioguideId>
      </item>
      <item>
        <identifiers>
          <bioguideId>M000639</bioguideId>
          <lisID>791</lisID>
          <gpoId>8239</gpoId>
        </identifiers>
        <lastName>MENENDEZ</lastName>
        <firstName>ROBERT</firstName>
        <middleName />
        <sponsorshipWithdrawnDate />
        <fullName>Sen. Menendez, Robert [D-NJ]</fullName>
        <isOriginalCosponsor>False</isOriginalCosponsor>
        <sponsorshipDate>2017-02-13</sponsorshipDate>
        <state>NJ</state>
        <party>D</party>
        <bioguideId>M000639</bioguideId>
      </item>
      <item>
        <identifiers>
          <gpoId>8279</gpoId>
          <bioguideId>S000148</bioguideId>
          <lisID>1036</lisID>
        </identifiers>
        <lastName>SCHUMER</lastName>
        <firstName>CHARLES</firstName>
        <middleName>E.</middleName>
        <sponsorshipWithdrawnDate />
        <fullName>Sen. Schumer, Charles E. [D-NY]</fullName>
        <isOriginalCosponsor>False</isOriginalCosponsor>
        <sponsorshipDate>2017-09-11</sponsorshipDate>
        <state>NY</state>
        <party>D</party>
        <bioguideId>S000148</bioguideId>
      </item>
    </cosponsors>
    <sponsors>
      <item>
        <lastName>CANTWELL</lastName>
        <byRequestType />
        <fullName>Sen. Cantwell, Maria [D-WA]</fullName>
        <firstName>MARIA</firstName>
        <party>D</party>
        <identifiers>
          <bioguideId>C000127</bioguideId>
          <gpoId>8288</gpoId>
          <lisID>172</lisID>
        </identifiers>
        <state>WA</state>
        <bioguideId>C000127</bioguideId>
        <middleName />
      </item>
    </sponsors>
    <originChamber>Senate</originChamber>
    <version>1.0.0</version>
    <introducedDate>2017-01-11</introducedDate>
    <calendarNumbers>
      <item>
        <number>0031</number>
        <calendar>Senate Calendar of Business</calendar>
      </item>
    </calendarNumbers>
    <committees>
      <billCommittees>
        <item>
          <type>Standing</type>
          <name>Commerce, Science, and Transportation Committee</name>
          <chamber>Senate</chamber>
          <systemCode>sscm00</systemCode>
          <activities>
            <item>
              <date>2017-04-05T19:16:48Z</date>
              <name>Reported by</name>
            </item>
            <item>
              <date>2017-01-24T15:00:00Z</date>
              <name>Markup by</name>
            </item>
            <item>
              <date>2017-01-11T21:13:44Z</date>
              <name>Referred to</name>
            </item>
          </activities>
          <subcommittees />
        </item>
      </billCommittees>
    </committees>
    <createDate>2017-01-12T08:17:36Z</createDate>
    <relatedBills>
      <item>
        <relationshipDetails>
          <item>
            <identifiedBy>CRS</identifiedBy>
            <type>Related bill</type>
          </item>
          <item>
            <identifiedBy>House</identifiedBy>
            <type>Related bill</type>
          </item>
        </relationshipDetails>
        <type>HR</type>
        <latestAction>
          <actionDate>2017-01-24</actionDate>
          <text>Received in the Senate and Read twice and referred to the Committee on Commerce, Science, and Transportation.</text>
        </latestAction>
        <congress>115</congress>
        <latestTitle>Securing Access to Networks in Disasters Act</latestTitle>
        <number>588</number>
      </item>
    </relatedBills>
    <recordedVotes />
    <laws />
    <committeeReports>
      <committeeReport>
        <citation>S. Rept. 115-24</citation>
      </committeeReport>
    </committeeReports>
    <policyArea>
      <name>Science, Technology, Communications</name>
    </policyArea>
    <billNumber>102</billNumber>
    <title>Securing Access to Networks in Disasters Act of 2017</title>
    <subjects>
      <billSubjects>
        <legislativeSubjects>
          <item>
            <name>Administrative law and regulatory procedures</name>
          </item>
          <item>
            <name>Congressional oversight</name>
          </item>
          <item>
            <name>Disaster relief and insurance</name>
          </item>
          <item>
            <name>Emergency communications systems</name>
          </item>
          <item>
            <name>Federal Communications Commission (FCC)</name>
          </item>
          <item>
            <name>Government studies and investigations</name>
          </item>
          <item>
            <name>Internet and video services</name>
          </item>
          <item>
            <name>Telephone and wireless communication</name>
          </item>
        </legislativeSubjects>
        <policyArea>
          <name>Science, Technology, Communications</name>
        </policyArea>
      </billSubjects>
    </subjects>
    <billType>S</billType>
    <cboCostEstimates>
      <item>
        <pubDate>2017-02-09T21:01:20Z</pubDate>
        <title>S. 102, Securing Access to Networks in Disasters Act of 2017</title>
        <url>https://www.cbo.gov/publication/52415</url>
      </item>
    </cboCostEstimates>
    <congress>115</congress>
    <titles>
      <item>
        <title>Securing Access to Networks in Disasters Act of 2017</title>
        <parentTitleType>Short Titles Senate</parentTitleType>
        <titleType>Short Titles as Passed Senate</titleType>
        <chamberCode>S</chamberCode>
        <chamberName>Senate</chamberName>
      </item>
      <item>
        <title>Securing Access to Networks in Disasters Act of 2017</title>
        <parentTitleType>Short Titles Senate</parentTitleType>
        <titleType>Short Titles as Reported to Senate</titleType>
        <chamberCode>S</chamberCode>
        <chamberName>Senate</chamberName>
      </item>
      <item>
        <title>Securing Access to Networks in Disasters Act of 2017</title>
        <parentTitleType />
        <titleType>Short Titles as Introduced</titleType>
        <chamberCode />
        <chamberName />
      </item>
      <item>
        <title>A bill to direct the Federal Communications Commission to commence proceedings related to the resiliency of critical communications networks during times of emergency, and for other purposes.</title>
        <parentTitleType />
        <titleType>Official Title as Introduced</titleType>
        <chamberCode />
        <chamberName />
      </item>
      <item>
        <title>Securing Access to Networks in Disasters Act of 2017</title>
        <parentTitleType />
        <titleType>Display Title</titleType>
        <chamberCode />
        <chamberName />
      </item>
      <item>
        <title>Securing Access to Networks in Disasters Act of 2017</title>
        <parentTitleType />
        <titleType>(Extracted from GPO) Short Titles as Passed Senate</titleType>
        <chamberCode>S</chamberCode>
        <chamberName>Senate</chamberName>
      </item>
      <item>
        <title>Securing Access to Networks in Disasters Act of 2017</title>
        <parentTitleType />
        <titleType>(Extracted from GPO) Short Titles as Reported to Senate</titleType>
        <chamberCode>S</chamberCode>
        <chamberName>Senate</chamberName>
      </item>
      <item>
        <title>Securing Access to Networks in Disasters Act of 2017</title>
        <parentTitleType />
        <titleType>(Extracted from GPO) Short Titles as Introduced</titleType>
        <chamberCode />
        <chamberName />
      </item>
    </titles>
    <updateDate>2018-02-22T15:28:39Z</updateDate>
    <summaries>
      <billSummaries>
        <item>
          <actionDesc>Introduced in Senate</actionDesc>
          <updateDate>2017-01-11T05:00:00Z</updateDate>
          <name>Introduced in Senate</name>
          <lastSummaryUpdateDate>2017-03-08T19:24:50Z</lastSummaryUpdateDate>
          <actionDate>2017-01-11</actionDate>
          <text><![CDATA[<p><b>Securing Access to Networks in Disasters Act of</b> <b>2017</b></p> <p>This bill requires the Federal Communications Commission (FCC) to publish a study on the public safety benefits, technical feasibility, and cost of providing the public with emergency access to 9-1-1 services, when mobile service is unavailable during certain presidentially declared emergencies or major disasters or during gubernatorially declared emergencies, through:</p><ul> <li>telecommunications service provider-owned WiFi access points and other communications technologies operating on unlicensed spectrum, without requiring any login credentials; </li> <li>non-telecommunications service provider-owned WiFi access points; and</li> <li>other alternative means. </li> </ul> <p> The FCC must create a master point of contact directory for effective communications between public safety answering points and telecommunications service providers. </p> <p>The Government Accountability Office must report on how executive departments can better ensure that essential communications services remain operational during emergencies.</p> <p>The Robert T. Stafford Disaster Relief and Emergency Assistance Act is amended to expand the categories of essential communications service providers that may access a disaster site to restore and repair essential services in an emergency or major disaster without being denied or impeded by a federal agency. Services to be considered essential are wireline or mobile telephone service, Internet access service, radio or television broadcasting, cable service, or direct broadcast satellite service.</p> <p>The Federal Emergency Management Agency (FEMA) must encourage the adoption of mutual aid agreements recognizing the credentials of essential service providers issued by all parties to such an agreement.</p> <p>At the direction of the President, federal agencies may provide assistance essential to meeting immediate threats to life and property resulting from a major disaster by allowing access to essential service providers for establishing temporary, or restoring, communications services.</p>]]></text>
          <versionCode>00</versionCode>
        </item>
        <item>
          <actionDesc>Reported to Senate with amendment(s)</actionDesc>
          <updateDate>2017-04-05T18:36:49Z</updateDate>
          <name>Reported to Senate with amendment(s)</name>
          <lastSummaryUpdateDate>2017-05-04T22:19:05Z</lastSummaryUpdateDate>
          <actionDate>2017-04-05</actionDate>
          <text><![CDATA[<p><b>Securing Access to Networks in Disasters Act of</b> <b>2017</b></p> <p>(Sec. 2) This bill expresses the sense of Congress that the voluntary policies outlined in the Wireless Network Resiliency Cooperative Framework should be adhered to by all parties to aid consumers, 9-1-1 professionals, first responders, and local governments in accessing communication services during times of emergency. The framework is a voluntary initiative announced by wireless providers and the CTIA after receiving recommendations from government-private sector partnerships including the Federal Communications Commission's (FCC's) Communications Security, Reliability and Interoperability Council and the CTIA's Business Continuity and Disaster Recovery Certification Program.</p> <p>(Sec. 3) The bill requires the FCC to publish a study on the public safety benefits, technical feasibility, and cost of providing the public with emergency access to 9-1-1 services, when mobile service is unavailable during certain presidentially declared emergencies or major disasters or during gubernatorially declared emergencies, through:</p> <ul> <li>telecommunications service provider-owned WiFi access points and other communications technologies operating on unlicensed spectrum, without requiring any login credentials; </li> <li>non-telecommunications service provider-owned WiFi access points; and</li> <li>other alternative means. </li> </ul> <p>The Government Accountability Office must report on: (1) how executive departments can better ensure that essential communications services remain operational during emergencies, (2) any legislative matters Congress could consider to help promote the resiliency of essential communications services, and (3) whether a nationwide directory of points of contact among providers of essential communications services is needed to facilitate the rapid restoration of such services damaged during times of emergency.</p> <p>The Robert T. Stafford Disaster Relief and Emergency Assistance Act is amended to expand the categories of essential communications service providers that may access a disaster site to restore and repair essential services in an emergency or major disaster without being denied or impeded by a federal agency. Services to be considered essential are wireline or mobile telephone service, Internet access service, radio or television broadcasting, cable service, or direct broadcast satellite service.</p> <p>The Federal Emergency Management Agency (FEMA) must encourage the adoption of mutual aid agreements recognizing the credentials of essential service providers issued by all parties to such an agreement.</p> <p>At the direction of the President, federal agencies may provide assistance essential to meeting immediate threats to life and property resulting from a major disaster by allowing access to essential service providers for establishing temporary, or restoring, communications services.</p>]]></text>
          <versionCode>01</versionCode>
        </item>
        <item>
          <actionDesc>Passed Senate amended</actionDesc>
          <updateDate>2017-09-11T12:41:30Z</updateDate>
          <name>Passed Senate amended</name>
          <lastSummaryUpdateDate>2017-12-06T21:12:52Z</lastSummaryUpdateDate>
          <actionDate>2017-09-11</actionDate>
          <text><![CDATA[<p>(This measure has not been amended since it was reported to the Senate on April 5, 2017. The summary of that version is repeated here.)</p> <p><b>Securing Access to Networks in Disasters Act of</b> <b>2017</b></p> <p>(Sec. 2) This bill expresses the sense of Congress that the voluntary policies outlined in the Wireless Network Resiliency Cooperative Framework should be adhered to by all parties to aid consumers, 9-1-1 professionals, first responders, and local governments in accessing communication services during times of emergency. The framework is a voluntary initiative announced by wireless providers and the CTIA after receiving recommendations from government-private sector partnerships including the Federal Communications Commission's (FCC's) Communications Security, Reliability and Interoperability Council and the CTIA's Business Continuity and Disaster Recovery Certification Program.</p> <p>(Sec. 3) The bill requires the FCC to publish a study on the public safety benefits, technical feasibility, and cost of providing the public with emergency access to 9-1-1 services, when mobile service is unavailable during certain presidentially declared emergencies or major disasters or during gubernatorially declared emergencies, through:</p> <ul> <li>telecommunications service provider-owned WiFi access points and other communications technologies operating on unlicensed spectrum, without requiring any login credentials; </li> <li>non-telecommunications service provider-owned WiFi access points; and </li> <li>other alternative means. </li></ul> <p>The Government Accountability Office must report on: (1) how executive departments can better ensure that essential communications services remain operational during emergencies, (2) any legislative matters Congress could consider to help promote the resiliency of essential communications services, and (3) whether a nationwide directory of points of contact among providers of essential communications services is needed to facilitate the rapid restoration of such services damaged during times of emergency.</p> <p>The Robert T. Stafford Disaster Relief and Emergency Assistance Act is amended to expand the categories of essential communications service providers that may access a disaster site to restore and repair essential services in an emergency or major disaster without being denied or impeded by a federal agency. Services to be considered essential are wireline or mobile telephone service, Internet access service, radio or television broadcasting, cable service, or direct broadcast satellite service.</p> <p>The Federal Emergency Management Agency (FEMA) must encourage the adoption of mutual aid agreements recognizing the credentials of essential service providers issued by all parties to such an agreement.</p> <p>At the direction of the President, federal agencies may provide assistance essential to meeting immediate threats to life and property resulting from a major disaster by allowing access to essential service providers for establishing temporary, or restoring, communications services.</p>]]></text>
          <versionCode>35</versionCode>
        </item>
      </billSummaries>
    </summaries>
    <latestAction>
      <text>Held at the desk.</text>
      <actionTime>20:00:31</actionTime>
      <actionDate>2017-09-12</actionDate>
      <links />
    </latestAction>
  </bill>
  <dublinCore xmlns:dc="http://purl.org/dc/elements/1.1/">
    <dc:format>text/xml</dc:format>
    <dc:language>EN</dc:language>
    <dc:rights>Pursuant to Title 17 Section 105 of the United States Code, this file is not subject to copyright protection and is in the public domain.</dc:rights>
    <dc:contributor>Congressional Research Service, Library of Congress</dc:contributor>
    <dc:description>This file contains bill summaries and statuses for federal legislation. A bill summary describes the most significant provisions of a piece of legislation and details the effects the legislative text may have on current law and federal programs. Bill summaries are authored by the Congressional Research Service (CRS) of the Library of Congress. As stated in Public Law 91-510 (2 USC 166 (d)(6)), one of the duties of CRS is "to prepare summaries and digests of bills and resolutions of a public general nature introduced in the Senate or House of Representatives". For more information, refer to the User Guide that accompanies this file.</dc:description>
  </dublinCore>
</billStatus>

