<?xml version="1.0" encoding="UTF-8"?>
<billStatus>
  <bill>
    <billNumber>608</billNumber>
    <committeeReports />
    <originChamber>Senate</originChamber>
    <latestAction>
      <actionDate>2017-03-13</actionDate>
      <text>Read twice and referred to the Committee on the Judiciary.</text>
      <links />
    </latestAction>
    <cboCostEstimates />
    <createDate>2017-03-14T05:27:25Z</createDate>
    <titles>
      <item>
        <titleType>Official Title as Introduced</titleType>
        <parentTitleType />
        <title>A bill to nullify the effect of the March 6, 2017, Executive order that temporarily restricts most nationals from six countries from entering the United States.</title>
        <chamberCode />
        <chamberName />
      </item>
      <item>
        <titleType>Display Title</titleType>
        <parentTitleType />
        <title>A bill to nullify the effect of the March 6, 2017, Executive order that temporarily restricts most nationals from six countries from entering the United States.</title>
        <chamberCode />
        <chamberName />
      </item>
    </titles>
    <updateDate>2018-02-24T08:13:02Z</updateDate>
    <notes />
    <title>A bill to nullify the effect of the March 6, 2017, Executive order that temporarily restricts most nationals from six countries from entering the United States.</title>
    <relatedBills>
      <item>
        <latestTitle>SOLVE Act 2.0 of 2017</latestTitle>
        <latestAction>
          <actionDate>2017-03-31</actionDate>
          <text>Referred to the Subcommittee on Immigration and Border Security.</text>
        </latestAction>
        <congress>115</congress>
        <number>1503</number>
        <type>HR</type>
        <relationshipDetails>
          <item>
            <type>Related bill</type>
            <identifiedBy>CRS</identifiedBy>
          </item>
        </relationshipDetails>
      </item>
    </relatedBills>
    <laws />
    <congress>115</congress>
    <calendarNumbers />
    <introducedDate>2017-03-13</introducedDate>
    <actions>
      <item>
        <actionDate>2017-03-13</actionDate>
        <committee>
          <systemCode>ssju00</systemCode>
          <name>Judiciary Committee</name>
        </committee>
        <links />
        <sourceSystem>
          <code>0</code>
          <name>Senate</name>
        </sourceSystem>
        <text>Read twice and referred to the Committee on the Judiciary.</text>
        <type>IntroReferral</type>
      </item>
      <item>
        <text>Introduced in Senate</text>
        <actionCode>10000</actionCode>
        <committee />
        <actionDate>2017-03-13</actionDate>
        <type>IntroReferral</type>
        <sourceSystem>
          <code>9</code>
          <name>Library of Congress</name>
        </sourceSystem>
        <links />
      </item>
      <actionByCounts>
        <senate>2</senate>
      </actionByCounts>
      <actionTypeCounts>
        <referredToCommittee>1</referredToCommittee>
        <introducedInSenate>1</introducedInSenate>
      </actionTypeCounts>
    </actions>
    <version>1.0.0</version>
    <billType>S</billType>
    <committees>
      <billCommittees>
        <item>
          <type>Standing</type>
          <name>Homeland Security Committee</name>
          <chamber>House</chamber>
          <systemCode>hshm00</systemCode>
          <activities>
            <item>
              <date>2018-02-23T15:26:00Z</date>
              <name>Legislative interest</name>
            </item>
          </activities>
          <subcommittees />
        </item>
        <item>
          <type>Standing</type>
          <name>Judiciary Committee</name>
          <chamber>Senate</chamber>
          <systemCode>ssju00</systemCode>
          <activities>
            <item>
              <date>2017-03-13T18:44:10Z</date>
              <name>Referred to</name>
            </item>
          </activities>
          <subcommittees />
        </item>
      </billCommittees>
    </committees>
    <cosponsors>
      <item>
        <lastName>SCHUMER</lastName>
        <firstName>CHARLES</firstName>
        <identifiers>
          <bioguideId>S000148</bioguideId>
          <lisID>1036</lisID>
          <gpoId>8279</gpoId>
        </identifiers>
        <party>D</party>
        <sponsorshipDate>2017-03-13</sponsorshipDate>
        <isOriginalCosponsor>True</isOriginalCosponsor>
        <middleName>E.</middleName>
        <state>NY</state>
        <bioguideId>S000148</bioguideId>
        <fullName>Sen. Schumer, Charles E. [D-NY]</fullName>
        <sponsorshipWithdrawnDate />
      </item>
      <item>
        <lastName>DURBIN</lastName>
        <firstName>RICHARD</firstName>
        <identifiers>
          <bioguideId>D000563</bioguideId>
          <gpoId>8326</gpoId>
          <lisID>326</lisID>
        </identifiers>
        <party>D</party>
        <sponsorshipDate>2017-03-13</sponsorshipDate>
        <isOriginalCosponsor>True</isOriginalCosponsor>
        <middleName>J.</middleName>
        <state>IL</state>
        <bioguideId>D000563</bioguideId>
        <fullName>Sen. Durbin, Richard J. [D-IL]</fullName>
        <sponsorshipWithdrawnDate />
      </item>
      <item>
        <lastName>Klobuchar</lastName>
        <firstName>Amy</firstName>
        <identifiers>
          <bioguideId>K000367</bioguideId>
          <gpoId>8249</gpoId>
          <lisID>1826</lisID>
        </identifiers>
        <party>D</party>
        <sponsorshipDate>2017-03-13</sponsorshipDate>
        <isOriginalCosponsor>True</isOriginalCosponsor>
        <middleName />
        <state>MN</state>
        <bioguideId>K000367</bioguideId>
        <fullName>Sen. Klobuchar, Amy [D-MN]</fullName>
        <sponsorshipWithdrawnDate />
      </item>
      <item>
        <lastName>Cortez Masto</lastName>
        <firstName>Catherine</firstName>
        <identifiers>
          <bioguideId>C001113</bioguideId>
          <lisID>2299</lisID>
          <gpoId />
        </identifiers>
        <party>D</party>
        <sponsorshipDate>2017-03-13</sponsorshipDate>
        <isOriginalCosponsor>True</isOriginalCosponsor>
        <middleName />
        <state>NV</state>
        <bioguideId>C001113</bioguideId>
        <fullName>Sen. Cortez Masto, Catherine  [D-NV]</fullName>
        <sponsorshipWithdrawnDate />
      </item>
      <item>
        <lastName>Booker</lastName>
        <firstName>Cory</firstName>
        <identifiers>
          <bioguideId>B001288</bioguideId>
          <lisID>2194</lisID>
          <gpoId />
        </identifiers>
        <party>D</party>
        <sponsorshipDate>2017-03-13</sponsorshipDate>
        <isOriginalCosponsor>True</isOriginalCosponsor>
        <middleName>A.</middleName>
        <state>NJ</state>
        <bioguideId>B001288</bioguideId>
        <fullName>Sen. Booker, Cory A. [D-NJ]</fullName>
        <sponsorshipWithdrawnDate />
      </item>
      <item>
        <lastName>LEAHY</lastName>
        <firstName>PATRICK</firstName>
        <identifiers>
          <lisID>1383</lisID>
          <gpoId>8244</gpoId>
          <bioguideId>L000174</bioguideId>
        </identifiers>
        <party>D</party>
        <sponsorshipDate>2017-03-13</sponsorshipDate>
        <isOriginalCosponsor>True</isOriginalCosponsor>
        <middleName>JOSEPH</middleName>
        <state>VT</state>
        <bioguideId>L000174</bioguideId>
        <fullName>Sen. Leahy, Patrick J. [D-VT]</fullName>
        <sponsorshipWithdrawnDate />
      </item>
      <item>
        <lastName>Shaheen</lastName>
        <firstName>Jeanne</firstName>
        <identifiers>
          <bioguideId>S001181</bioguideId>
          <gpoId>8276</gpoId>
          <lisID>1901</lisID>
        </identifiers>
        <party>D</party>
        <sponsorshipDate>2017-03-13</sponsorshipDate>
        <isOriginalCosponsor>True</isOriginalCosponsor>
        <middleName />
        <state>NH</state>
        <bioguideId>S001181</bioguideId>
        <fullName>Sen. Shaheen, Jeanne [D-NH]</fullName>
        <sponsorshipWithdrawnDate />
      </item>
      <item>
        <lastName>Coons</lastName>
        <firstName>Christopher</firstName>
        <identifiers>
          <bioguideId>C001088</bioguideId>
          <gpoId>8297</gpoId>
          <lisID>1984</lisID>
        </identifiers>
        <party>D</party>
        <sponsorshipDate>2017-03-13</sponsorshipDate>
        <isOriginalCosponsor>True</isOriginalCosponsor>
        <middleName>A.</middleName>
        <state>DE</state>
        <bioguideId>C001088</bioguideId>
        <fullName>Sen. Coons, Christopher A. [D-DE]</fullName>
        <sponsorshipWithdrawnDate />
      </item>
      <item>
        <lastName>Blumenthal</lastName>
        <firstName>Richard</firstName>
        <identifiers>
          <bioguideId>B001277</bioguideId>
          <lisID>2076</lisID>
          <gpoId>8332</gpoId>
        </identifiers>
        <party>D</party>
        <sponsorshipDate>2017-03-13</sponsorshipDate>
        <isOriginalCosponsor>True</isOriginalCosponsor>
        <middleName />
        <state>CT</state>
        <bioguideId>B001277</bioguideId>
        <fullName>Sen. Blumenthal, Richard [D-CT]</fullName>
        <sponsorshipWithdrawnDate />
      </item>
      <item>
        <lastName>Hirono</lastName>
        <firstName>Mazie</firstName>
        <identifiers>
          <bioguideId>H001042</bioguideId>
          <gpoId>7913</gpoId>
          <lisID>1844</lisID>
        </identifiers>
        <party>D</party>
        <sponsorshipDate>2017-03-13</sponsorshipDate>
        <isOriginalCosponsor>True</isOriginalCosponsor>
        <middleName>K.</middleName>
        <state>HI</state>
        <bioguideId>H001042</bioguideId>
        <fullName>Sen. Hirono, Mazie K. [D-HI]</fullName>
        <sponsorshipWithdrawnDate />
      </item>
      <item>
        <lastName>MARKEY</lastName>
        <firstName>EDWARD</firstName>
        <identifiers>
          <bioguideId>M000133</bioguideId>
          <gpoId>7972</gpoId>
          <lisID>735</lisID>
        </identifiers>
        <party>D</party>
        <sponsorshipDate>2017-03-13</sponsorshipDate>
        <isOriginalCosponsor>True</isOriginalCosponsor>
        <middleName>J.</middleName>
        <state>MA</state>
        <bioguideId>M000133</bioguideId>
        <fullName>Sen. Markey, Edward J. [D-MA]</fullName>
        <sponsorshipWithdrawnDate />
      </item>
      <item>
        <lastName>BALDWIN</lastName>
        <firstName>TAMMY</firstName>
        <identifiers>
          <bioguideId>B001230</bioguideId>
          <lisID>1558</lisID>
          <gpoId>8215</gpoId>
        </identifiers>
        <party>D</party>
        <sponsorshipDate>2017-03-13</sponsorshipDate>
        <isOriginalCosponsor>True</isOriginalCosponsor>
        <middleName />
        <state>WI</state>
        <bioguideId>B001230</bioguideId>
        <fullName>Sen. Baldwin, Tammy [D-WI]</fullName>
        <sponsorshipWithdrawnDate />
      </item>
      <item>
        <lastName>Warren</lastName>
        <firstName>Elizabeth</firstName>
        <identifiers>
          <bioguideId>W000817</bioguideId>
          <lisID>2182</lisID>
          <gpoId />
        </identifiers>
        <party>D</party>
        <sponsorshipDate>2017-03-13</sponsorshipDate>
        <isOriginalCosponsor>True</isOriginalCosponsor>
        <middleName>A.</middleName>
        <state>MA</state>
        <bioguideId>W000817</bioguideId>
        <fullName>Sen. Warren, Elizabeth [D-MA]</fullName>
        <sponsorshipWithdrawnDate />
      </item>
      <item>
        <lastName>CARPER</lastName>
        <firstName>THOMAS</firstName>
        <identifiers>
          <bioguideId>C000174</bioguideId>
          <gpoId>8283</gpoId>
          <lisID>179</lisID>
        </identifiers>
        <party>D</party>
        <sponsorshipDate>2017-03-13</sponsorshipDate>
        <isOriginalCosponsor>True</isOriginalCosponsor>
        <middleName>R.</middleName>
        <state>DE</state>
        <bioguideId>C000174</bioguideId>
        <fullName>Sen. Carper, Thomas R. [D-DE]</fullName>
        <sponsorshipWithdrawnDate />
      </item>
      <item>
        <lastName>SANDERS</lastName>
        <firstName>BERNARD</firstName>
        <identifiers>
          <bioguideId>S000033</bioguideId>
          <lisID>1010</lisID>
          <gpoId>8270</gpoId>
        </identifiers>
        <party>I</party>
        <sponsorshipDate>2017-03-13</sponsorshipDate>
        <isOriginalCosponsor>True</isOriginalCosponsor>
        <middleName />
        <state>VT</state>
        <bioguideId>S000033</bioguideId>
        <fullName>Sen. Sanders, Bernard [I-VT]</fullName>
        <sponsorshipWithdrawnDate />
      </item>
      <item>
        <lastName>Bennet</lastName>
        <firstName>Michael</firstName>
        <identifiers>
          <bioguideId>B001267</bioguideId>
          <lisID>1965</lisID>
          <gpoId>8302</gpoId>
        </identifiers>
        <party>D</party>
        <sponsorshipDate>2017-03-13</sponsorshipDate>
        <isOriginalCosponsor>True</isOriginalCosponsor>
        <middleName>F.</middleName>
        <state>CO</state>
        <bioguideId>B001267</bioguideId>
        <fullName>Sen. Bennet, Michael F. [D-CO]</fullName>
        <sponsorshipWithdrawnDate />
      </item>
      <item>
        <lastName>MURRAY</lastName>
        <firstName>PATTY</firstName>
        <identifiers>
          <bioguideId>M001111</bioguideId>
          <lisID>1409</lisID>
          <gpoId>8237</gpoId>
        </identifiers>
        <party>D</party>
        <sponsorshipDate>2017-03-13</sponsorshipDate>
        <isOriginalCosponsor>True</isOriginalCosponsor>
        <middleName />
        <state>WA</state>
        <bioguideId>M001111</bioguideId>
        <fullName>Sen. Murray, Patty [D-WA]</fullName>
        <sponsorshipWithdrawnDate />
      </item>
      <item>
        <lastName>UDALL</lastName>
        <firstName>TOM</firstName>
        <identifiers>
          <bioguideId>U000039</bioguideId>
          <gpoId>8260</gpoId>
          <lisID>1567</lisID>
        </identifiers>
        <party>D</party>
        <sponsorshipDate>2017-03-13</sponsorshipDate>
        <isOriginalCosponsor>True</isOriginalCosponsor>
        <middleName />
        <state>NM</state>
        <bioguideId>U000039</bioguideId>
        <fullName>Sen. Udall, Tom [D-NM]</fullName>
        <sponsorshipWithdrawnDate />
      </item>
      <item>
        <lastName>Kaine</lastName>
        <firstName>Timothy</firstName>
        <identifiers>
          <bioguideId>K000384</bioguideId>
          <gpoId />
          <lisID>2176</lisID>
        </identifiers>
        <party>D</party>
        <sponsorshipDate>2017-03-13</sponsorshipDate>
        <isOriginalCosponsor>True</isOriginalCosponsor>
        <middleName />
        <state>VA</state>
        <bioguideId>K000384</bioguideId>
        <fullName>Sen. Kaine, Tim [D-VA]</fullName>
        <sponsorshipWithdrawnDate />
      </item>
      <item>
        <lastName>Franken</lastName>
        <firstName>Al</firstName>
        <identifiers>
          <gpoId>8339</gpoId>
          <bioguideId>F000457</bioguideId>
          <lisID>1969</lisID>
        </identifiers>
        <party>D</party>
        <sponsorshipDate>2017-03-13</sponsorshipDate>
        <isOriginalCosponsor>True</isOriginalCosponsor>
        <middleName />
        <state>MN</state>
        <bioguideId>F000457</bioguideId>
        <fullName>Sen. Franken, Al [D-MN]</fullName>
        <sponsorshipWithdrawnDate />
      </item>
      <item>
        <lastName>Schatz</lastName>
        <firstName>Brian</firstName>
        <identifiers>
          <bioguideId>S001194</bioguideId>
          <gpoId />
          <lisID>2173</lisID>
        </identifiers>
        <party>D</party>
        <sponsorshipDate>2017-03-13</sponsorshipDate>
        <isOriginalCosponsor>True</isOriginalCosponsor>
        <middleName />
        <state>HI</state>
        <bioguideId>S001194</bioguideId>
        <fullName>Sen. Schatz, Brian [D-HI]</fullName>
        <sponsorshipWithdrawnDate />
      </item>
      <item>
        <lastName>REED</lastName>
        <firstName>JOHN</firstName>
        <identifiers>
          <bioguideId>R000122</bioguideId>
          <lisID>949</lisID>
          <gpoId>8272</gpoId>
        </identifiers>
        <party>D</party>
        <sponsorshipDate>2017-03-13</sponsorshipDate>
        <isOriginalCosponsor>True</isOriginalCosponsor>
        <middleName>F.</middleName>
        <state>RI</state>
        <bioguideId>R000122</bioguideId>
        <fullName>Sen. Reed, Jack [D-RI]</fullName>
        <sponsorshipWithdrawnDate />
      </item>
      <item>
        <lastName>Gillibrand</lastName>
        <firstName>Kirsten</firstName>
        <identifiers>
          <gpoId>8336</gpoId>
          <bioguideId>G000555</bioguideId>
          <lisID>1866</lisID>
        </identifiers>
        <party>D</party>
        <sponsorshipDate>2017-03-13</sponsorshipDate>
        <isOriginalCosponsor>True</isOriginalCosponsor>
        <middleName>E.</middleName>
        <state>NY</state>
        <bioguideId>G000555</bioguideId>
        <fullName>Sen. Gillibrand, Kirsten E. [D-NY]</fullName>
        <sponsorshipWithdrawnDate />
      </item>
      <item>
        <lastName>Merkley</lastName>
        <firstName>Jeff</firstName>
        <identifiers>
          <bioguideId>M001176</bioguideId>
          <lisID>1900</lisID>
          <gpoId>8238</gpoId>
        </identifiers>
        <party>D</party>
        <sponsorshipDate>2017-03-13</sponsorshipDate>
        <isOriginalCosponsor>True</isOriginalCosponsor>
        <middleName />
        <state>OR</state>
        <bioguideId>M001176</bioguideId>
        <fullName>Sen. Merkley, Jeff [D-OR]</fullName>
        <sponsorshipWithdrawnDate />
      </item>
      <item>
        <lastName>Hassan</lastName>
        <firstName>Margaret</firstName>
        <identifiers>
          <bioguideId>H001076</bioguideId>
          <lisID>2302</lisID>
          <gpoId />
        </identifiers>
        <party>D</party>
        <sponsorshipDate>2017-03-13</sponsorshipDate>
        <isOriginalCosponsor>True</isOriginalCosponsor>
        <middleName>Wood</middleName>
        <state>NH</state>
        <bioguideId>H001076</bioguideId>
        <fullName>Sen. Hassan, Margaret Wood [D-NH]</fullName>
        <sponsorshipWithdrawnDate />
      </item>
      <item>
        <lastName>Murphy</lastName>
        <firstName>Christopher</firstName>
        <identifiers>
          <bioguideId>M001169</bioguideId>
          <gpoId>7870</gpoId>
          <lisID>1837</lisID>
        </identifiers>
        <party>D</party>
        <sponsorshipDate>2017-03-13</sponsorshipDate>
        <isOriginalCosponsor>True</isOriginalCosponsor>
        <middleName />
        <state>CT</state>
        <bioguideId>M001169</bioguideId>
        <fullName>Sen. Murphy, Christopher [D-CT]</fullName>
        <sponsorshipWithdrawnDate />
      </item>
      <item>
        <lastName>MENENDEZ</lastName>
        <firstName>ROBERT</firstName>
        <identifiers>
          <bioguideId>M000639</bioguideId>
          <lisID>791</lisID>
          <gpoId>8239</gpoId>
        </identifiers>
        <party>D</party>
        <sponsorshipDate>2017-03-13</sponsorshipDate>
        <isOriginalCosponsor>True</isOriginalCosponsor>
        <middleName />
        <state>NJ</state>
        <bioguideId>M000639</bioguideId>
        <fullName>Sen. Menendez, Robert [D-NJ]</fullName>
        <sponsorshipWithdrawnDate />
      </item>
      <item>
        <lastName>King</lastName>
        <firstName>Angus</firstName>
        <identifiers>
          <bioguideId>K000383</bioguideId>
          <lisID>2185</lisID>
          <gpoId />
        </identifiers>
        <party>I</party>
        <sponsorshipDate>2017-03-13</sponsorshipDate>
        <isOriginalCosponsor>True</isOriginalCosponsor>
        <middleName />
        <state>ME</state>
        <bioguideId>K000383</bioguideId>
        <fullName>Sen. King, Angus S., Jr. [I-ME]</fullName>
        <sponsorshipWithdrawnDate />
      </item>
      <item>
        <lastName>WYDEN</lastName>
        <firstName>RON</firstName>
        <identifiers>
          <bioguideId>W000779</bioguideId>
          <lisID>1247</lisID>
          <gpoId>8265</gpoId>
        </identifiers>
        <party>D</party>
        <sponsorshipDate>2017-03-13</sponsorshipDate>
        <isOriginalCosponsor>True</isOriginalCosponsor>
        <middleName />
        <state>OR</state>
        <bioguideId>W000779</bioguideId>
        <fullName>Sen. Wyden, Ron [D-OR]</fullName>
        <sponsorshipWithdrawnDate />
      </item>
      <item>
        <lastName>Casey</lastName>
        <firstName>Bob</firstName>
        <identifiers>
          <bioguideId>C001070</bioguideId>
          <gpoId>8282</gpoId>
          <lisID>1828</lisID>
        </identifiers>
        <party>D</party>
        <sponsorshipDate>2017-03-13</sponsorshipDate>
        <isOriginalCosponsor>True</isOriginalCosponsor>
        <middleName />
        <state>PA</state>
        <bioguideId>C001070</bioguideId>
        <fullName>Sen. Casey, Robert P., Jr. [D-PA]</fullName>
        <sponsorshipWithdrawnDate />
      </item>
      <item>
        <lastName>Heinrich</lastName>
        <firstName>Martin</firstName>
        <identifiers>
          <bioguideId>H001046</bioguideId>
          <lisID>1937</lisID>
          <gpoId>8056</gpoId>
        </identifiers>
        <party>D</party>
        <sponsorshipDate>2017-03-13</sponsorshipDate>
        <isOriginalCosponsor>True</isOriginalCosponsor>
        <middleName />
        <state>NM</state>
        <bioguideId>H001046</bioguideId>
        <fullName>Sen. Heinrich, Martin [D-NM]</fullName>
        <sponsorshipWithdrawnDate />
      </item>
      <item>
        <lastName>CARDIN</lastName>
        <firstName>BENJAMIN</firstName>
        <identifiers>
          <bioguideId>C000141</bioguideId>
          <gpoId>8287</gpoId>
          <lisID>174</lisID>
        </identifiers>
        <party>D</party>
        <sponsorshipDate>2017-03-13</sponsorshipDate>
        <isOriginalCosponsor>True</isOriginalCosponsor>
        <middleName>L.</middleName>
        <state>MD</state>
        <bioguideId>C000141</bioguideId>
        <fullName>Sen. Cardin, Benjamin L. [D-MD]</fullName>
        <sponsorshipWithdrawnDate />
      </item>
      <item>
        <lastName>Van Hollen</lastName>
        <firstName>Chris</firstName>
        <identifiers>
          <bioguideId>V000128</bioguideId>
          <gpoId>7983</gpoId>
          <lisID>1729</lisID>
        </identifiers>
        <party>D</party>
        <sponsorshipDate>2017-03-13</sponsorshipDate>
        <isOriginalCosponsor>True</isOriginalCosponsor>
        <middleName />
        <state>MD</state>
        <bioguideId>V000128</bioguideId>
        <fullName>Sen. Van Hollen, Chris [D-MD]</fullName>
        <sponsorshipWithdrawnDate />
      </item>
      <item>
        <lastName>Duckworth</lastName>
        <firstName>Tammy</firstName>
        <identifiers>
          <bioguideId>D000622</bioguideId>
          <gpoId />
          <lisID>2123</lisID>
        </identifiers>
        <party>D</party>
        <sponsorshipDate>2017-03-13</sponsorshipDate>
        <isOriginalCosponsor>True</isOriginalCosponsor>
        <middleName />
        <state>IL</state>
        <bioguideId>D000622</bioguideId>
        <fullName>Sen. Duckworth, Tammy [D-IL]</fullName>
        <sponsorshipWithdrawnDate />
      </item>
      <item>
        <lastName>BROWN</lastName>
        <firstName>SHERROD</firstName>
        <identifiers>
          <bioguideId>B000944</bioguideId>
          <gpoId>8309</gpoId>
          <lisID>136</lisID>
        </identifiers>
        <party>D</party>
        <sponsorshipDate>2017-03-13</sponsorshipDate>
        <isOriginalCosponsor>True</isOriginalCosponsor>
        <middleName />
        <state>OH</state>
        <bioguideId>B000944</bioguideId>
        <fullName>Sen. Brown, Sherrod [D-OH]</fullName>
        <sponsorshipWithdrawnDate />
      </item>
      <item>
        <lastName>STABENOW</lastName>
        <firstName>DEBORAH</firstName>
        <identifiers>
          <bioguideId>S000770</bioguideId>
          <gpoId>8261</gpoId>
          <lisID>1531</lisID>
        </identifiers>
        <party>D</party>
        <sponsorshipDate>2017-03-13</sponsorshipDate>
        <isOriginalCosponsor>True</isOriginalCosponsor>
        <middleName>ANN</middleName>
        <state>MI</state>
        <bioguideId>S000770</bioguideId>
        <fullName>Sen. Stabenow, Debbie [D-MI]</fullName>
        <sponsorshipWithdrawnDate />
      </item>
      <item>
        <lastName>Harris</lastName>
        <firstName>Kamala</firstName>
        <identifiers>
          <bioguideId>H001075</bioguideId>
          <gpoId />
          <lisID>2301</lisID>
        </identifiers>
        <party>D</party>
        <sponsorshipDate>2017-03-13</sponsorshipDate>
        <isOriginalCosponsor>True</isOriginalCosponsor>
        <middleName>D.</middleName>
        <state>CA</state>
        <bioguideId>H001075</bioguideId>
        <fullName>Sen. Harris, Kamala D. [D-CA]</fullName>
        <sponsorshipWithdrawnDate />
      </item>
      <item>
        <lastName>Peters</lastName>
        <firstName>Gary</firstName>
        <identifiers>
          <lisID>1929</lisID>
          <gpoId>7994</gpoId>
          <bioguideId>P000595</bioguideId>
        </identifiers>
        <party>D</party>
        <sponsorshipDate>2017-03-15</sponsorshipDate>
        <isOriginalCosponsor>False</isOriginalCosponsor>
        <middleName>C.</middleName>
        <state>MI</state>
        <bioguideId>P000595</bioguideId>
        <fullName>Sen. Peters, Gary C. [D-MI]</fullName>
        <sponsorshipWithdrawnDate />
      </item>
    </cosponsors>
    <subjects>
      <billSubjects>
        <policyArea>
          <name>Immigration</name>
        </policyArea>
        <legislativeSubjects>
          <item>
            <name>Africa</name>
          </item>
          <item>
            <name>Border security and unlawful immigration</name>
          </item>
          <item>
            <name>Immigration status and procedures</name>
          </item>
          <item>
            <name>Iran</name>
          </item>
          <item>
            <name>Libya</name>
          </item>
          <item>
            <name>Middle East</name>
          </item>
          <item>
            <name>Presidents and presidential powers, Vice Presidents</name>
          </item>
          <item>
            <name>Refugees, asylum, displaced persons</name>
          </item>
          <item>
            <name>Religion</name>
          </item>
          <item>
            <name>Somalia</name>
          </item>
          <item>
            <name>Sudan</name>
          </item>
          <item>
            <name>Syria</name>
          </item>
          <item>
            <name>Travel and tourism</name>
          </item>
          <item>
            <name>Visas and passports</name>
          </item>
          <item>
            <name>Yemen</name>
          </item>
        </legislativeSubjects>
      </billSubjects>
    </subjects>
    <amendments />
    <summaries>
      <billSummaries>
        <item>
          <text><![CDATA[<p>This bill rescinds the provisions of Executive Order 13780, entitled &quot;Protecting the Nation from Foreign Terrorist Entry into the United States.&quot; Among the order's major provisions are restrictions on the entry of nationals from six countries (Iran, Libya, Somalia, Sudan, Syria, and Yemen) and additional limitations on refugee admissions to the United States.</p>]]></text>
          <versionCode>00</versionCode>
          <updateDate>2017-03-13T04:00:00Z</updateDate>
          <actionDate>2017-03-13</actionDate>
          <actionDesc>Introduced in Senate</actionDesc>
          <name>Introduced in Senate</name>
          <lastSummaryUpdateDate>2017-03-25T15:58:28Z</lastSummaryUpdateDate>
        </item>
      </billSummaries>
    </summaries>
    <recordedVotes />
    <policyArea>
      <name>Immigration</name>
    </policyArea>
    <sponsors>
      <item>
        <byRequestType />
        <party>D</party>
        <middleName />
        <lastName>FEINSTEIN</lastName>
        <bioguideId>F000062</bioguideId>
        <fullName>Sen. Feinstein, Dianne [D-CA]</fullName>
        <firstName>DIANNE</firstName>
        <identifiers>
          <bioguideId>F000062</bioguideId>
          <lisID>1332</lisID>
          <gpoId>8338</gpoId>
        </identifiers>
        <state>CA</state>
      </item>
    </sponsors>
  </bill>
  <dublinCore xmlns:dc="http://purl.org/dc/elements/1.1/">
    <dc:format>text/xml</dc:format>
    <dc:language>EN</dc:language>
    <dc:rights>Pursuant to Title 17 Section 105 of the United States Code, this file is not subject to copyright protection and is in the public domain.</dc:rights>
    <dc:contributor>Congressional Research Service, Library of Congress</dc:contributor>
    <dc:description>This file contains bill summaries and statuses for federal legislation. A bill summary describes the most significant provisions of a piece of legislation and details the effects the legislative text may have on current law and federal programs. Bill summaries are authored by the Congressional Research Service (CRS) of the Library of Congress. As stated in Public Law 91-510 (2 USC 166 (d)(6)), one of the duties of CRS is "to prepare summaries and digests of bills and resolutions of a public general nature introduced in the Senate or House of Representatives". For more information, refer to the User Guide that accompanies this file.</dc:description>
  </dublinCore>
</billStatus>

