<?xml version="1.0" encoding="UTF-8"?>
<billStatus>
  <bill>
    <calendarNumbers>
      <item>
        <calendar>Senate Calendar of Business</calendar>
        <number>0155</number>
      </item>
    </calendarNumbers>
    <billType>S</billType>
    <title>National Heritage Area Authorization Act of 2017</title>
    <introducedDate>2017-03-23</introducedDate>
    <latestAction>
      <actionDate>2017-06-26</actionDate>
      <text>Placed on Senate Legislative Calendar under General Orders. Calendar No. 155.</text>
      <links />
    </latestAction>
    <titles>
      <item>
        <titleType>Short Titles as Reported to Senate</titleType>
        <title>National Heritage Area Authorization Act of 2017</title>
        <parentTitleType>Short Titles Senate</parentTitleType>
        <chamberName>Senate</chamberName>
        <chamberCode>S</chamberCode>
      </item>
      <item>
        <titleType>Short Titles as Introduced</titleType>
        <title>Mountains to Sound Greenway National Heritage Area Act</title>
        <parentTitleType />
        <chamberName />
        <chamberCode />
      </item>
      <item>
        <titleType>Official Title as Introduced</titleType>
        <title>A bill to establish the Mountains to Sound Greenway National Heritage Area in the State of Washington.</title>
        <parentTitleType />
        <chamberName />
        <chamberCode />
      </item>
      <item>
        <titleType>Display Title</titleType>
        <title>National Heritage Area Authorization Act of 2017</title>
        <parentTitleType />
        <chamberName />
        <chamberCode />
      </item>
      <item>
        <titleType>(Extracted from GPO) Short Titles as Reported to Senate</titleType>
        <title>National Heritage Area Authorization Act of 2017</title>
        <parentTitleType />
        <chamberName>Senate</chamberName>
        <chamberCode>S</chamberCode>
      </item>
      <item>
        <titleType>(Extracted from GPO) Short Titles as Reported to Senate</titleType>
        <title>Mountains to Sound Greenway National Heritage Area Act</title>
        <parentTitleType />
        <chamberName>Senate</chamberName>
        <chamberCode>S</chamberCode>
      </item>
      <item>
        <titleType>(Extracted from GPO) Short Titles as Introduced</titleType>
        <title>Mountains to Sound Greenway National Heritage Area Act</title>
        <parentTitleType />
        <chamberName />
        <chamberCode />
      </item>
    </titles>
    <actions>
      <actionByCounts>
        <senate>6</senate>
      </actionByCounts>
      <actionTypeCounts>
        <introducedInSenate>1</introducedInSenate>
        <reportedToSenate>2</reportedToSenate>
        <orderedReported>1</orderedReported>
        <referredToCommittee>1</referredToCommittee>
        <placedOnCalendarGeneralOrders>1</placedOnCalendarGeneralOrders>
      </actionTypeCounts>
      <item>
        <actionDate>2017-06-26</actionDate>
        <committee />
        <links />
        <sourceSystem>
          <code>0</code>
          <name>Senate</name>
        </sourceSystem>
        <text>Placed on Senate Legislative Calendar under General Orders. Calendar No. 155.</text>
        <type>Calendars</type>
      </item>
      <item>
        <actionDate>2017-06-26</actionDate>
        <committee>
          <systemCode>sseg00</systemCode>
          <name>Energy and Natural Resources Committee</name>
        </committee>
        <links>
          <link>
            <url>https://www.congress.gov/congressional-report/115th-congress/senate-report/118</url>
            <name>report No. 115-118</name>
          </link>
        </links>
        <sourceSystem>
          <code>0</code>
          <name>Senate</name>
        </sourceSystem>
        <text>Committee on Energy and Natural Resources. Reported by Senator Murkowski with an amendment in the nature of a substitute and an amendment to the title. With written report No. 115-118.</text>
        <type>Committee</type>
      </item>
      <item>
        <committee>
          <systemCode>sseg00</systemCode>
          <name>Energy and Natural Resources Committee</name>
        </committee>
        <links>
          <link>
            <url>https://www.congress.gov/congressional-report/115th-congress/senate-report/118</url>
            <name>report No. 115-118</name>
          </link>
        </links>
        <sourceSystem>
          <code>9</code>
          <name>Library of Congress</name>
        </sourceSystem>
        <text>Committee on Energy and Natural Resources. Reported by Senator Murkowski with an amendment in the nature of a substitute and an amendment to the title. With written report No. 115-118.</text>
        <actionCode>14000</actionCode>
        <actionDate>2017-06-26</actionDate>
        <type>Committee</type>
      </item>
      <item>
        <actionDate>2017-03-30</actionDate>
        <committee>
          <systemCode>sseg00</systemCode>
          <name>Energy and Natural Resources Committee</name>
        </committee>
        <links />
        <sourceSystem>
          <code>0</code>
          <name>Senate</name>
        </sourceSystem>
        <text>Committee on Energy and Natural Resources. Ordered to be reported with an amendment in the nature of a substitute favorably.</text>
        <type>Committee</type>
      </item>
      <item>
        <actionDate>2017-03-23</actionDate>
        <committee>
          <systemCode>sseg00</systemCode>
          <name>Energy and Natural Resources Committee</name>
        </committee>
        <links />
        <sourceSystem>
          <code>0</code>
          <name>Senate</name>
        </sourceSystem>
        <text>Read twice and referred to the Committee on Energy and Natural Resources.</text>
        <type>IntroReferral</type>
      </item>
      <item>
        <committee />
        <links />
        <sourceSystem>
          <code>9</code>
          <name>Library of Congress</name>
        </sourceSystem>
        <text>Introduced in Senate</text>
        <actionCode>10000</actionCode>
        <actionDate>2017-03-23</actionDate>
        <type>IntroReferral</type>
      </item>
    </actions>
    <policyArea>
      <name>Public Lands and Natural Resources</name>
    </policyArea>
    <originChamber>Senate</originChamber>
    <subjects>
      <billSubjects>
        <policyArea>
          <name>Public Lands and Natural Resources</name>
        </policyArea>
        <legislativeSubjects>
          <item>
            <name>California</name>
          </item>
          <item>
            <name>Congressional oversight</name>
          </item>
          <item>
            <name>Forests, forestry, trees</name>
          </item>
          <item>
            <name>Historic sites and heritage areas</name>
          </item>
          <item>
            <name>Historical and cultural resources</name>
          </item>
          <item>
            <name>Lakes and rivers</name>
          </item>
          <item>
            <name>Marine and coastal resources, fisheries</name>
          </item>
          <item>
            <name>Maryland</name>
          </item>
          <item>
            <name>Parks, recreation areas, trails</name>
          </item>
          <item>
            <name>Washington State</name>
          </item>
          <item>
            <name>West Virginia</name>
          </item>
        </legislativeSubjects>
      </billSubjects>
    </subjects>
    <recordedVotes />
    <cboCostEstimates>
      <item>
        <url>https://www.cbo.gov/publication/52703</url>
        <pubDate>2017-05-08T15:01:11Z</pubDate>
        <title>S. 713, National Heritage Area Authorization Act of 2017</title>
      </item>
    </cboCostEstimates>
    <billNumber>713</billNumber>
    <updateDate>2018-02-22T15:28:47Z</updateDate>
    <committeeReports>
      <committeeReport>
        <citation>S. Rept. 115-118</citation>
      </committeeReport>
    </committeeReports>
    <notes />
    <laws />
    <createDate>2017-03-24T05:21:03Z</createDate>
    <summaries>
      <billSummaries>
        <item>
          <actionDate>2017-03-23</actionDate>
          <versionCode>00</versionCode>
          <text><![CDATA[<p><b>Mountains to Sound Greenway National Heritage Area Act</b></p> This bill establishes the Mountains to Sound Greenway National Heritage Area in the state of Washington. <p> The Mountains to Sound Greenway Trust is designated as the local coordinating entity for the heritage area, which shall prepare and submit a management plan for it.</p>]]></text>
          <name>Introduced in Senate</name>
          <actionDesc>Introduced in Senate</actionDesc>
          <lastSummaryUpdateDate>2017-04-04T22:24:07Z</lastSummaryUpdateDate>
          <updateDate>2017-03-23T04:00:00Z</updateDate>
        </item>
      </billSummaries>
    </summaries>
    <amendments />
    <committees>
      <billCommittees>
        <item>
          <activities>
            <item>
              <date>2017-06-26T20:45:51Z</date>
              <name>Reported by</name>
            </item>
            <item>
              <date>2017-03-30T13:30:00Z</date>
              <name>Markup by</name>
            </item>
            <item>
              <date>2017-03-23T19:04:20Z</date>
              <name>Referred to</name>
            </item>
          </activities>
          <chamber>Senate</chamber>
          <subcommittees />
          <systemCode>sseg00</systemCode>
          <name>Energy and Natural Resources Committee</name>
          <type>Standing</type>
        </item>
      </billCommittees>
    </committees>
    <cosponsors>
      <item>
        <identifiers>
          <bioguideId>M001111</bioguideId>
          <lisID>1409</lisID>
          <gpoId>8237</gpoId>
        </identifiers>
        <lastName>MURRAY</lastName>
        <firstName>PATTY</firstName>
        <middleName />
        <sponsorshipWithdrawnDate />
        <fullName>Sen. Murray, Patty [D-WA]</fullName>
        <isOriginalCosponsor>True</isOriginalCosponsor>
        <sponsorshipDate>2017-03-23</sponsorshipDate>
        <state>WA</state>
        <party>D</party>
        <bioguideId>M001111</bioguideId>
      </item>
    </cosponsors>
    <congress>115</congress>
    <relatedBills>
      <item>
        <latestTitle>Mountains to Sound Greenway National Heritage Act</latestTitle>
        <type>HR</type>
        <relationshipDetails>
          <item>
            <type>Related bill</type>
            <identifiedBy>CRS</identifiedBy>
          </item>
        </relationshipDetails>
        <latestAction>
          <text>Referred to the Subcommittee on Federal Lands.</text>
          <actionDate>2017-04-10</actionDate>
        </latestAction>
        <congress>115</congress>
        <number>1791</number>
      </item>
      <item>
        <latestTitle>Maritime Washington National Heritage Area Act</latestTitle>
        <type>HR</type>
        <relationshipDetails>
          <item>
            <type>Related bill</type>
            <identifiedBy>CRS</identifiedBy>
          </item>
        </relationshipDetails>
        <latestAction>
          <text>Referred to the Subcommittee on Federal Lands.</text>
          <actionDate>2017-03-20</actionDate>
        </latestAction>
        <congress>115</congress>
        <number>1518</number>
      </item>
      <item>
        <latestTitle>Maritime Washington National Heritage Area Act</latestTitle>
        <type>S</type>
        <relationshipDetails>
          <item>
            <type>Related bill</type>
            <identifiedBy>CRS</identifiedBy>
          </item>
        </relationshipDetails>
        <latestAction>
          <text>Read twice and referred to the Committee on Energy and Natural Resources.</text>
          <actionDate>2017-03-14</actionDate>
        </latestAction>
        <congress>115</congress>
        <number>627</number>
      </item>
    </relatedBills>
    <version>1.0.0</version>
    <sponsors>
      <item>
        <lastName>CANTWELL</lastName>
        <identifiers>
          <bioguideId>C000127</bioguideId>
          <gpoId>8288</gpoId>
          <lisID>172</lisID>
        </identifiers>
        <middleName />
        <bioguideId>C000127</bioguideId>
        <firstName>MARIA</firstName>
        <byRequestType />
        <state>WA</state>
        <fullName>Sen. Cantwell, Maria [D-WA]</fullName>
        <party>D</party>
      </item>
    </sponsors>
  </bill>
  <dublinCore xmlns:dc="http://purl.org/dc/elements/1.1/">
    <dc:format>text/xml</dc:format>
    <dc:language>EN</dc:language>
    <dc:rights>Pursuant to Title 17 Section 105 of the United States Code, this file is not subject to copyright protection and is in the public domain.</dc:rights>
    <dc:contributor>Congressional Research Service, Library of Congress</dc:contributor>
    <dc:description>This file contains bill summaries and statuses for federal legislation. A bill summary describes the most significant provisions of a piece of legislation and details the effects the legislative text may have on current law and federal programs. Bill summaries are authored by the Congressional Research Service (CRS) of the Library of Congress. As stated in Public Law 91-510 (2 USC 166 (d)(6)), one of the duties of CRS is "to prepare summaries and digests of bills and resolutions of a public general nature introduced in the Senate or House of Representatives". For more information, refer to the User Guide that accompanies this file.</dc:description>
  </dublinCore>
</billStatus>

