<?xml version="1.0" encoding="UTF-8"?>
<billStatus>
  <bill>
    <cboCostEstimates />
    <title>Ste. Genevieve National Historical Park Establishment Act</title>
    <originChamber>Senate</originChamber>
    <summaries>
      <billSummaries>
        <item>
          <lastSummaryUpdateDate>2017-08-17T17:07:45Z</lastSummaryUpdateDate>
          <text><![CDATA[<p><b>Ste. Genevieve National Historical Park Establishment Act</b></p> This bill establishes the Ste. Genevieve National Historical Park in Missouri as a unit of the National Park System. <p>The Department of the Interior may acquire, by donation, purchase, or exchange, any land or interest in land located within the park's boundary or any nationally significant property identified in the special resource study that is within the Ste. Genevieve Historic District National Historic Landmark. </p>]]></text>
          <actionDesc>Introduced in Senate</actionDesc>
          <actionDate>2017-06-12</actionDate>
          <name>Introduced in Senate</name>
          <updateDate>2017-06-12T04:00:00Z</updateDate>
          <versionCode>00</versionCode>
        </item>
      </billSummaries>
    </summaries>
    <updateDate>2018-02-22T15:29:41Z</updateDate>
    <latestAction>
      <actionDate>2018-02-14</actionDate>
      <text>Committee on Energy and Natural Resources Subcommittee on National Parks. Hearings held.</text>
      <links />
    </latestAction>
    <actions>
      <actionTypeCounts>
        <introducedInSenate>1</introducedInSenate>
        <hearingsHeld>1</hearingsHeld>
        <referredToCommittee>1</referredToCommittee>
      </actionTypeCounts>
      <item>
        <actionDate>2018-02-14</actionDate>
        <committee>
          <systemCode>sseg04</systemCode>
          <name>National Parks Subcommittee</name>
        </committee>
        <links />
        <sourceSystem>
          <code>0</code>
          <name>Senate</name>
        </sourceSystem>
        <text>Committee on Energy and Natural Resources Subcommittee on National Parks. Hearings held.</text>
        <type>Committee</type>
      </item>
      <item>
        <actionDate>2017-06-12</actionDate>
        <committee>
          <systemCode>sseg00</systemCode>
          <name>Energy and Natural Resources Committee</name>
        </committee>
        <links />
        <sourceSystem>
          <code>0</code>
          <name>Senate</name>
        </sourceSystem>
        <text>Read twice and referred to the Committee on Energy and Natural Resources.</text>
        <type>IntroReferral</type>
      </item>
      <item>
        <committee />
        <sourceSystem>
          <code>9</code>
          <name>Library of Congress</name>
        </sourceSystem>
        <actionDate>2017-06-12</actionDate>
        <text>Introduced in Senate</text>
        <links />
        <type>IntroReferral</type>
        <actionCode>10000</actionCode>
      </item>
      <actionByCounts>
        <senate>3</senate>
      </actionByCounts>
    </actions>
    <amendments />
    <introducedDate>2017-06-12</introducedDate>
    <policyArea>
      <name>Public Lands and Natural Resources</name>
    </policyArea>
    <billNumber>1335</billNumber>
    <congress>115</congress>
    <committeeReports />
    <cosponsors>
      <item>
        <lastName>McCaskill</lastName>
        <fullName>Sen. McCaskill, Claire [D-MO]</fullName>
        <identifiers>
          <bioguideId>M001170</bioguideId>
          <lisID>1820</lisID>
          <gpoId>8252</gpoId>
        </identifiers>
        <middleName />
        <bioguideId>M001170</bioguideId>
        <isOriginalCosponsor>True</isOriginalCosponsor>
        <sponsorshipWithdrawnDate />
        <state>MO</state>
        <firstName>Claire</firstName>
        <party>D</party>
        <sponsorshipDate>2017-06-12</sponsorshipDate>
      </item>
    </cosponsors>
    <version>1.0.0</version>
    <createDate>2017-06-13T00:41:36Z</createDate>
    <billType>S</billType>
    <titles>
      <item>
        <parentTitleType />
        <titleType>Short Titles as Introduced</titleType>
        <title>Ste. Genevieve National Historical Park Establishment Act</title>
        <chamberCode />
        <chamberName />
      </item>
      <item>
        <parentTitleType />
        <titleType>Official Title as Introduced</titleType>
        <title>A bill to establish the Ste. Genevieve National Historic Site in the State of Missouri, and for other purposes.</title>
        <chamberCode />
        <chamberName />
      </item>
      <item>
        <parentTitleType />
        <titleType>Display Title</titleType>
        <title>Ste. Genevieve National Historical Park Establishment Act</title>
        <chamberCode />
        <chamberName />
      </item>
      <item>
        <parentTitleType />
        <titleType>(Extracted from GPO) Short Titles as Introduced</titleType>
        <title>Ste. Genevieve National Historical Park Establishment Act</title>
        <chamberCode />
        <chamberName />
      </item>
    </titles>
    <notes />
    <sponsors>
      <item>
        <byRequestType />
        <party>R</party>
        <fullName>Sen. Blunt, Roy [R-MO]</fullName>
        <identifiers>
          <bioguideId>B000575</bioguideId>
          <lisID>1464</lisID>
          <gpoId>8313</gpoId>
        </identifiers>
        <lastName>Blunt</lastName>
        <bioguideId>B000575</bioguideId>
        <state>MO</state>
        <firstName>Roy</firstName>
        <middleName />
      </item>
    </sponsors>
    <recordedVotes />
    <relatedBills>
      <item>
        <latestTitle>Ste. Genevieve National Historical Park Establishment Act</latestTitle>
        <latestAction>
          <actionDate>2018-02-06</actionDate>
          <text>Received in the Senate and Read twice and referred to the Committee on Energy and Natural Resources.</text>
        </latestAction>
        <congress>115</congress>
        <number>2888</number>
        <type>HR</type>
        <relationshipDetails>
          <item>
            <type>Identical bill</type>
            <identifiedBy>CRS</identifiedBy>
          </item>
        </relationshipDetails>
      </item>
    </relatedBills>
    <subjects>
      <billSubjects>
        <legislativeSubjects>
          <item>
            <name>Historic sites and heritage areas</name>
          </item>
          <item>
            <name>Land transfers</name>
          </item>
          <item>
            <name>Missouri</name>
          </item>
          <item>
            <name>Parks, recreation areas, trails</name>
          </item>
        </legislativeSubjects>
        <policyArea>
          <name>Public Lands and Natural Resources</name>
        </policyArea>
      </billSubjects>
    </subjects>
    <laws />
    <calendarNumbers />
    <committees>
      <billCommittees>
        <item>
          <type>Standing</type>
          <name>Energy and Natural Resources Committee</name>
          <chamber>Senate</chamber>
          <systemCode>sseg00</systemCode>
          <activities>
            <item>
              <date>2017-06-12T20:29:29Z</date>
              <name>Referred to</name>
            </item>
          </activities>
          <subcommittees>
            <item>
              <systemCode>sseg04</systemCode>
              <activities>
                <item>
                  <date>2018-02-14T20:00:16Z</date>
                  <name>Hearings by</name>
                </item>
              </activities>
              <name>National Parks Subcommittee</name>
            </item>
          </subcommittees>
        </item>
      </billCommittees>
    </committees>
  </bill>
  <dublinCore xmlns:dc="http://purl.org/dc/elements/1.1/">
    <dc:format>text/xml</dc:format>
    <dc:language>EN</dc:language>
    <dc:rights>Pursuant to Title 17 Section 105 of the United States Code, this file is not subject to copyright protection and is in the public domain.</dc:rights>
    <dc:contributor>Congressional Research Service, Library of Congress</dc:contributor>
    <dc:description>This file contains bill summaries and statuses for federal legislation. A bill summary describes the most significant provisions of a piece of legislation and details the effects the legislative text may have on current law and federal programs. Bill summaries are authored by the Congressional Research Service (CRS) of the Library of Congress. As stated in Public Law 91-510 (2 USC 166 (d)(6)), one of the duties of CRS is "to prepare summaries and digests of bills and resolutions of a public general nature introduced in the Senate or House of Representatives". For more information, refer to the User Guide that accompanies this file.</dc:description>
  </dublinCore>
</billStatus>

