<?xml version="1.0" encoding="UTF-8"?>
<billStatus>
  <bill>
    <sponsors>
      <item>
        <fullName>Sen. Shaheen, Jeanne [D-NH]</fullName>
        <lastName>Shaheen</lastName>
        <bioguideId>S001181</bioguideId>
        <party>D</party>
        <middleName />
        <state>NH</state>
        <firstName>Jeanne</firstName>
        <byRequestType />
        <identifiers>
          <bioguideId>S001181</bioguideId>
          <lisID>1901</lisID>
          <gpoId>8276</gpoId>
        </identifiers>
      </item>
    </sponsors>
    <laws />
    <version>1.0.0</version>
    <introducedDate>2017-01-24</introducedDate>
    <cboCostEstimates />
    <titles>
      <item>
        <chamberCode />
        <titleType>(Extracted from GPO) Short Titles as Introduced</titleType>
        <parentTitleType />
        <chamberName />
        <title>Global Health, Empowerment and Rights Act</title>
      </item>
      <item>
        <chamberCode />
        <titleType>Short Titles as Introduced</titleType>
        <parentTitleType />
        <chamberName />
        <title>Global Health, Empowerment and Rights Act</title>
      </item>
      <item>
        <chamberCode />
        <titleType>Official Title as Introduced</titleType>
        <parentTitleType />
        <chamberName />
        <title>A bill to prohibit the application of certain restrictive eligibility requirements to foreign nongovernmental organizations with respect to the provision of assistance under part I of the Foreign Assistance Act of 1961.</title>
      </item>
      <item>
        <chamberCode />
        <titleType>Display Title</titleType>
        <parentTitleType />
        <chamberName />
        <title>Global Health, Empowerment and Rights Act</title>
      </item>
    </titles>
    <amendments />
    <recordedVotes />
    <relatedBills>
      <item>
        <type>HR</type>
        <latestAction>
          <text>Referred to the House Committee on Foreign Affairs.</text>
          <actionDate>2017-01-24</actionDate>
        </latestAction>
        <latestTitle>HER Act</latestTitle>
        <relationshipDetails>
          <item>
            <type>Related bill</type>
            <identifiedBy>CRS</identifiedBy>
          </item>
        </relationshipDetails>
        <congress>115</congress>
        <number>671</number>
      </item>
    </relatedBills>
    <congress>115</congress>
    <billType>S</billType>
    <actions>
      <actionTypeCounts>
        <referredToCommittee>1</referredToCommittee>
        <introducedInSenate>1</introducedInSenate>
      </actionTypeCounts>
      <item>
        <actionDate>2017-01-24</actionDate>
        <committee>
          <systemCode>ssfr00</systemCode>
          <name>Foreign Relations Committee</name>
        </committee>
        <links />
        <sourceSystem>
          <name>Senate</name>
          <code>0</code>
        </sourceSystem>
        <text>Read twice and referred to the Committee on Foreign Relations.</text>
        <type>IntroReferral</type>
      </item>
      <item>
        <text>Introduced in Senate</text>
        <links />
        <actionDate>2017-01-24</actionDate>
        <committee />
        <sourceSystem>
          <name>Library of Congress</name>
          <code>9</code>
        </sourceSystem>
        <type>IntroReferral</type>
        <actionCode>10000</actionCode>
      </item>
      <actionByCounts>
        <senate>2</senate>
      </actionByCounts>
    </actions>
    <notes />
    <originChamber>Senate</originChamber>
    <title>Global Health, Empowerment and Rights Act</title>
    <billNumber>210</billNumber>
    <cosponsors>
      <item>
        <identifiers>
          <gpoId>8291</gpoId>
          <bioguideId>C001035</bioguideId>
          <lisID>1541</lisID>
        </identifiers>
        <bioguideId>C001035</bioguideId>
        <sponsorshipDate>2017-01-24</sponsorshipDate>
        <middleName>MARGARET</middleName>
        <fullName>Sen. Collins, Susan M. [R-ME]</fullName>
        <sponsorshipWithdrawnDate />
        <state>ME</state>
        <party>R</party>
        <firstName>SUSAN</firstName>
        <isOriginalCosponsor>True</isOriginalCosponsor>
        <lastName>COLLINS</lastName>
      </item>
      <item>
        <identifiers>
          <lisID>1558</lisID>
          <bioguideId>B001230</bioguideId>
          <gpoId>8215</gpoId>
        </identifiers>
        <bioguideId>B001230</bioguideId>
        <sponsorshipDate>2017-01-24</sponsorshipDate>
        <middleName />
        <fullName>Sen. Baldwin, Tammy [D-WI]</fullName>
        <sponsorshipWithdrawnDate />
        <state>WI</state>
        <party>D</party>
        <firstName>TAMMY</firstName>
        <isOriginalCosponsor>True</isOriginalCosponsor>
        <lastName>BALDWIN</lastName>
      </item>
      <item>
        <identifiers>
          <lisID>1694</lisID>
          <gpoId>8234</gpoId>
          <bioguideId>M001153</bioguideId>
        </identifiers>
        <bioguideId>M001153</bioguideId>
        <sponsorshipDate>2017-01-24</sponsorshipDate>
        <middleName />
        <fullName>Sen. Murkowski, Lisa [R-AK]</fullName>
        <sponsorshipWithdrawnDate />
        <state>AK</state>
        <party>R</party>
        <firstName>Lisa</firstName>
        <isOriginalCosponsor>True</isOriginalCosponsor>
        <lastName>Murkowski</lastName>
      </item>
      <item>
        <identifiers>
          <gpoId>8302</gpoId>
          <lisID>1965</lisID>
          <bioguideId>B001267</bioguideId>
        </identifiers>
        <bioguideId>B001267</bioguideId>
        <sponsorshipDate>2017-01-24</sponsorshipDate>
        <middleName>F.</middleName>
        <fullName>Sen. Bennet, Michael F. [D-CO]</fullName>
        <sponsorshipWithdrawnDate />
        <state>CO</state>
        <party>D</party>
        <firstName>Michael</firstName>
        <isOriginalCosponsor>True</isOriginalCosponsor>
        <lastName>Bennet</lastName>
      </item>
      <item>
        <identifiers>
          <lisID>2076</lisID>
          <gpoId>8332</gpoId>
          <bioguideId>B001277</bioguideId>
        </identifiers>
        <bioguideId>B001277</bioguideId>
        <sponsorshipDate>2017-01-24</sponsorshipDate>
        <middleName />
        <fullName>Sen. Blumenthal, Richard [D-CT]</fullName>
        <sponsorshipWithdrawnDate />
        <state>CT</state>
        <party>D</party>
        <firstName>Richard</firstName>
        <isOriginalCosponsor>True</isOriginalCosponsor>
        <lastName>Blumenthal</lastName>
      </item>
      <item>
        <identifiers>
          <bioguideId>B001288</bioguideId>
          <lisID>2194</lisID>
          <gpoId />
        </identifiers>
        <bioguideId>B001288</bioguideId>
        <sponsorshipDate>2017-01-24</sponsorshipDate>
        <middleName>A.</middleName>
        <fullName>Sen. Booker, Cory A. [D-NJ]</fullName>
        <sponsorshipWithdrawnDate />
        <state>NJ</state>
        <party>D</party>
        <firstName>Cory</firstName>
        <isOriginalCosponsor>True</isOriginalCosponsor>
        <lastName>Booker</lastName>
      </item>
      <item>
        <identifiers>
          <gpoId>8309</gpoId>
          <lisID>136</lisID>
          <bioguideId>B000944</bioguideId>
        </identifiers>
        <bioguideId>B000944</bioguideId>
        <sponsorshipDate>2017-01-24</sponsorshipDate>
        <middleName />
        <fullName>Sen. Brown, Sherrod [D-OH]</fullName>
        <sponsorshipWithdrawnDate />
        <state>OH</state>
        <party>D</party>
        <firstName>SHERROD</firstName>
        <isOriginalCosponsor>True</isOriginalCosponsor>
        <lastName>BROWN</lastName>
      </item>
      <item>
        <identifiers>
          <bioguideId>C000127</bioguideId>
          <lisID>172</lisID>
          <gpoId>8288</gpoId>
        </identifiers>
        <bioguideId>C000127</bioguideId>
        <sponsorshipDate>2017-01-24</sponsorshipDate>
        <middleName />
        <fullName>Sen. Cantwell, Maria [D-WA]</fullName>
        <sponsorshipWithdrawnDate />
        <state>WA</state>
        <party>D</party>
        <firstName>MARIA</firstName>
        <isOriginalCosponsor>True</isOriginalCosponsor>
        <lastName>CANTWELL</lastName>
      </item>
      <item>
        <identifiers>
          <bioguideId>C000141</bioguideId>
          <lisID>174</lisID>
          <gpoId>8287</gpoId>
        </identifiers>
        <bioguideId>C000141</bioguideId>
        <sponsorshipDate>2017-01-24</sponsorshipDate>
        <middleName>L.</middleName>
        <fullName>Sen. Cardin, Benjamin L. [D-MD]</fullName>
        <sponsorshipWithdrawnDate />
        <state>MD</state>
        <party>D</party>
        <firstName>BENJAMIN</firstName>
        <isOriginalCosponsor>True</isOriginalCosponsor>
        <lastName>CARDIN</lastName>
      </item>
      <item>
        <identifiers>
          <bioguideId>C000174</bioguideId>
          <gpoId>8283</gpoId>
          <lisID>179</lisID>
        </identifiers>
        <bioguideId>C000174</bioguideId>
        <sponsorshipDate>2017-01-24</sponsorshipDate>
        <middleName>R.</middleName>
        <fullName>Sen. Carper, Thomas R. [D-DE]</fullName>
        <sponsorshipWithdrawnDate />
        <state>DE</state>
        <party>D</party>
        <firstName>THOMAS</firstName>
        <isOriginalCosponsor>True</isOriginalCosponsor>
        <lastName>CARPER</lastName>
      </item>
      <item>
        <identifiers>
          <lisID>1984</lisID>
          <bioguideId>C001088</bioguideId>
          <gpoId>8297</gpoId>
        </identifiers>
        <bioguideId>C001088</bioguideId>
        <sponsorshipDate>2017-01-24</sponsorshipDate>
        <middleName>A.</middleName>
        <fullName>Sen. Coons, Christopher A. [D-DE]</fullName>
        <sponsorshipWithdrawnDate />
        <state>DE</state>
        <party>D</party>
        <firstName>Christopher</firstName>
        <isOriginalCosponsor>True</isOriginalCosponsor>
        <lastName>Coons</lastName>
      </item>
      <item>
        <identifiers>
          <lisID>2123</lisID>
          <bioguideId>D000622</bioguideId>
          <gpoId />
        </identifiers>
        <bioguideId>D000622</bioguideId>
        <sponsorshipDate>2017-01-24</sponsorshipDate>
        <middleName />
        <fullName>Sen. Duckworth, Tammy [D-IL]</fullName>
        <sponsorshipWithdrawnDate />
        <state>IL</state>
        <party>D</party>
        <firstName>Tammy</firstName>
        <isOriginalCosponsor>True</isOriginalCosponsor>
        <lastName>Duckworth</lastName>
      </item>
      <item>
        <identifiers>
          <gpoId>8326</gpoId>
          <bioguideId>D000563</bioguideId>
          <lisID>326</lisID>
        </identifiers>
        <bioguideId>D000563</bioguideId>
        <sponsorshipDate>2017-01-24</sponsorshipDate>
        <middleName>J.</middleName>
        <fullName>Sen. Durbin, Richard J. [D-IL]</fullName>
        <sponsorshipWithdrawnDate />
        <state>IL</state>
        <party>D</party>
        <firstName>RICHARD</firstName>
        <isOriginalCosponsor>True</isOriginalCosponsor>
        <lastName>DURBIN</lastName>
      </item>
      <item>
        <identifiers>
          <bioguideId>F000062</bioguideId>
          <lisID>1332</lisID>
          <gpoId>8338</gpoId>
        </identifiers>
        <bioguideId>F000062</bioguideId>
        <sponsorshipDate>2017-01-24</sponsorshipDate>
        <middleName />
        <fullName>Sen. Feinstein, Dianne [D-CA]</fullName>
        <sponsorshipWithdrawnDate />
        <state>CA</state>
        <party>D</party>
        <firstName>DIANNE</firstName>
        <isOriginalCosponsor>True</isOriginalCosponsor>
        <lastName>FEINSTEIN</lastName>
      </item>
      <item>
        <identifiers>
          <gpoId>8339</gpoId>
          <lisID>1969</lisID>
          <bioguideId>F000457</bioguideId>
        </identifiers>
        <bioguideId>F000457</bioguideId>
        <sponsorshipDate>2017-01-24</sponsorshipDate>
        <middleName />
        <fullName>Sen. Franken, Al [D-MN]</fullName>
        <sponsorshipWithdrawnDate />
        <state>MN</state>
        <party>D</party>
        <firstName>Al</firstName>
        <isOriginalCosponsor>True</isOriginalCosponsor>
        <lastName>Franken</lastName>
      </item>
      <item>
        <identifiers>
          <gpoId>8336</gpoId>
          <bioguideId>G000555</bioguideId>
          <lisID>1866</lisID>
        </identifiers>
        <bioguideId>G000555</bioguideId>
        <sponsorshipDate>2017-01-24</sponsorshipDate>
        <middleName>E.</middleName>
        <fullName>Sen. Gillibrand, Kirsten E. [D-NY]</fullName>
        <sponsorshipWithdrawnDate />
        <state>NY</state>
        <party>D</party>
        <firstName>Kirsten</firstName>
        <isOriginalCosponsor>True</isOriginalCosponsor>
        <lastName>Gillibrand</lastName>
      </item>
      <item>
        <identifiers>
          <gpoId />
          <bioguideId>H001075</bioguideId>
          <lisID>2301</lisID>
        </identifiers>
        <bioguideId>H001075</bioguideId>
        <sponsorshipDate>2017-01-24</sponsorshipDate>
        <middleName>D.</middleName>
        <fullName>Sen. Harris, Kamala D. [D-CA]</fullName>
        <sponsorshipWithdrawnDate />
        <state>CA</state>
        <party>D</party>
        <firstName>Kamala</firstName>
        <isOriginalCosponsor>True</isOriginalCosponsor>
        <lastName>Harris</lastName>
      </item>
      <item>
        <identifiers>
          <bioguideId>H001076</bioguideId>
          <lisID>2302</lisID>
          <gpoId />
        </identifiers>
        <bioguideId>H001076</bioguideId>
        <sponsorshipDate>2017-01-24</sponsorshipDate>
        <middleName>Wood</middleName>
        <fullName>Sen. Hassan, Margaret Wood [D-NH]</fullName>
        <sponsorshipWithdrawnDate />
        <state>NH</state>
        <party>D</party>
        <firstName>Margaret</firstName>
        <isOriginalCosponsor>True</isOriginalCosponsor>
        <lastName>Hassan</lastName>
      </item>
      <item>
        <identifiers>
          <gpoId>8056</gpoId>
          <lisID>1937</lisID>
          <bioguideId>H001046</bioguideId>
        </identifiers>
        <bioguideId>H001046</bioguideId>
        <sponsorshipDate>2017-01-24</sponsorshipDate>
        <middleName />
        <fullName>Sen. Heinrich, Martin [D-NM]</fullName>
        <sponsorshipWithdrawnDate />
        <state>NM</state>
        <party>D</party>
        <firstName>Martin</firstName>
        <isOriginalCosponsor>True</isOriginalCosponsor>
        <lastName>Heinrich</lastName>
      </item>
      <item>
        <identifiers>
          <lisID>1844</lisID>
          <bioguideId>H001042</bioguideId>
          <gpoId>7913</gpoId>
        </identifiers>
        <bioguideId>H001042</bioguideId>
        <sponsorshipDate>2017-01-24</sponsorshipDate>
        <middleName>K.</middleName>
        <fullName>Sen. Hirono, Mazie K. [D-HI]</fullName>
        <sponsorshipWithdrawnDate />
        <state>HI</state>
        <party>D</party>
        <firstName>Mazie</firstName>
        <isOriginalCosponsor>True</isOriginalCosponsor>
        <lastName>Hirono</lastName>
      </item>
      <item>
        <identifiers>
          <lisID>2176</lisID>
          <bioguideId>K000384</bioguideId>
          <gpoId />
        </identifiers>
        <bioguideId>K000384</bioguideId>
        <sponsorshipDate>2017-01-24</sponsorshipDate>
        <middleName />
        <fullName>Sen. Kaine, Tim [D-VA]</fullName>
        <sponsorshipWithdrawnDate />
        <state>VA</state>
        <party>D</party>
        <firstName>Timothy</firstName>
        <isOriginalCosponsor>True</isOriginalCosponsor>
        <lastName>Kaine</lastName>
      </item>
      <item>
        <identifiers>
          <bioguideId>K000383</bioguideId>
          <gpoId />
          <lisID>2185</lisID>
        </identifiers>
        <bioguideId>K000383</bioguideId>
        <sponsorshipDate>2017-01-24</sponsorshipDate>
        <middleName />
        <fullName>Sen. King, Angus S., Jr. [I-ME]</fullName>
        <sponsorshipWithdrawnDate />
        <state>ME</state>
        <party>I</party>
        <firstName>Angus</firstName>
        <isOriginalCosponsor>True</isOriginalCosponsor>
        <lastName>King</lastName>
      </item>
      <item>
        <identifiers>
          <lisID>1826</lisID>
          <bioguideId>K000367</bioguideId>
          <gpoId>8249</gpoId>
        </identifiers>
        <bioguideId>K000367</bioguideId>
        <sponsorshipDate>2017-01-24</sponsorshipDate>
        <middleName />
        <fullName>Sen. Klobuchar, Amy [D-MN]</fullName>
        <sponsorshipWithdrawnDate />
        <state>MN</state>
        <party>D</party>
        <firstName>Amy</firstName>
        <isOriginalCosponsor>True</isOriginalCosponsor>
        <lastName>Klobuchar</lastName>
      </item>
      <item>
        <identifiers>
          <gpoId>8244</gpoId>
          <lisID>1383</lisID>
          <bioguideId>L000174</bioguideId>
        </identifiers>
        <bioguideId>L000174</bioguideId>
        <sponsorshipDate>2017-01-24</sponsorshipDate>
        <middleName>JOSEPH</middleName>
        <fullName>Sen. Leahy, Patrick J. [D-VT]</fullName>
        <sponsorshipWithdrawnDate />
        <state>VT</state>
        <party>D</party>
        <firstName>PATRICK</firstName>
        <isOriginalCosponsor>True</isOriginalCosponsor>
        <lastName>LEAHY</lastName>
      </item>
      <item>
        <identifiers>
          <bioguideId>M000133</bioguideId>
          <lisID>735</lisID>
          <gpoId>7972</gpoId>
        </identifiers>
        <bioguideId>M000133</bioguideId>
        <sponsorshipDate>2017-01-24</sponsorshipDate>
        <middleName>J.</middleName>
        <fullName>Sen. Markey, Edward J. [D-MA]</fullName>
        <sponsorshipWithdrawnDate />
        <state>MA</state>
        <party>D</party>
        <firstName>EDWARD</firstName>
        <isOriginalCosponsor>True</isOriginalCosponsor>
        <lastName>MARKEY</lastName>
      </item>
      <item>
        <identifiers>
          <gpoId>8239</gpoId>
          <lisID>791</lisID>
          <bioguideId>M000639</bioguideId>
        </identifiers>
        <bioguideId>M000639</bioguideId>
        <sponsorshipDate>2017-01-24</sponsorshipDate>
        <middleName />
        <fullName>Sen. Menendez, Robert [D-NJ]</fullName>
        <sponsorshipWithdrawnDate />
        <state>NJ</state>
        <party>D</party>
        <firstName>ROBERT</firstName>
        <isOriginalCosponsor>True</isOriginalCosponsor>
        <lastName>MENENDEZ</lastName>
      </item>
      <item>
        <identifiers>
          <lisID>1900</lisID>
          <gpoId>8238</gpoId>
          <bioguideId>M001176</bioguideId>
        </identifiers>
        <bioguideId>M001176</bioguideId>
        <sponsorshipDate>2017-01-24</sponsorshipDate>
        <middleName />
        <fullName>Sen. Merkley, Jeff [D-OR]</fullName>
        <sponsorshipWithdrawnDate />
        <state>OR</state>
        <party>D</party>
        <firstName>Jeff</firstName>
        <isOriginalCosponsor>True</isOriginalCosponsor>
        <lastName>Merkley</lastName>
      </item>
      <item>
        <identifiers>
          <gpoId>7870</gpoId>
          <bioguideId>M001169</bioguideId>
          <lisID>1837</lisID>
        </identifiers>
        <bioguideId>M001169</bioguideId>
        <sponsorshipDate>2017-01-24</sponsorshipDate>
        <middleName />
        <fullName>Sen. Murphy, Christopher [D-CT]</fullName>
        <sponsorshipWithdrawnDate />
        <state>CT</state>
        <party>D</party>
        <firstName>Christopher</firstName>
        <isOriginalCosponsor>True</isOriginalCosponsor>
        <lastName>Murphy</lastName>
      </item>
      <item>
        <identifiers>
          <gpoId>8237</gpoId>
          <lisID>1409</lisID>
          <bioguideId>M001111</bioguideId>
        </identifiers>
        <bioguideId>M001111</bioguideId>
        <sponsorshipDate>2017-01-24</sponsorshipDate>
        <middleName />
        <fullName>Sen. Murray, Patty [D-WA]</fullName>
        <sponsorshipWithdrawnDate />
        <state>WA</state>
        <party>D</party>
        <firstName>PATTY</firstName>
        <isOriginalCosponsor>True</isOriginalCosponsor>
        <lastName>MURRAY</lastName>
      </item>
      <item>
        <identifiers>
          <lisID>1929</lisID>
          <gpoId>7994</gpoId>
          <bioguideId>P000595</bioguideId>
        </identifiers>
        <bioguideId>P000595</bioguideId>
        <sponsorshipDate>2017-01-24</sponsorshipDate>
        <middleName>C.</middleName>
        <fullName>Sen. Peters, Gary C. [D-MI]</fullName>
        <sponsorshipWithdrawnDate />
        <state>MI</state>
        <party>D</party>
        <firstName>Gary</firstName>
        <isOriginalCosponsor>True</isOriginalCosponsor>
        <lastName>Peters</lastName>
      </item>
      <item>
        <identifiers>
          <lisID>949</lisID>
          <bioguideId>R000122</bioguideId>
          <gpoId>8272</gpoId>
        </identifiers>
        <bioguideId>R000122</bioguideId>
        <sponsorshipDate>2017-01-24</sponsorshipDate>
        <middleName>F.</middleName>
        <fullName>Sen. Reed, Jack [D-RI]</fullName>
        <sponsorshipWithdrawnDate />
        <state>RI</state>
        <party>D</party>
        <firstName>JOHN</firstName>
        <isOriginalCosponsor>True</isOriginalCosponsor>
        <lastName>REED</lastName>
      </item>
      <item>
        <identifiers>
          <bioguideId>S000033</bioguideId>
          <lisID>1010</lisID>
          <gpoId>8270</gpoId>
        </identifiers>
        <bioguideId>S000033</bioguideId>
        <sponsorshipDate>2017-01-24</sponsorshipDate>
        <middleName />
        <fullName>Sen. Sanders, Bernard [I-VT]</fullName>
        <sponsorshipWithdrawnDate />
        <state>VT</state>
        <party>I</party>
        <firstName>BERNARD</firstName>
        <isOriginalCosponsor>True</isOriginalCosponsor>
        <lastName>SANDERS</lastName>
      </item>
      <item>
        <identifiers>
          <lisID>2173</lisID>
          <bioguideId>S001194</bioguideId>
          <gpoId />
        </identifiers>
        <bioguideId>S001194</bioguideId>
        <sponsorshipDate>2017-01-24</sponsorshipDate>
        <middleName />
        <fullName>Sen. Schatz, Brian [D-HI]</fullName>
        <sponsorshipWithdrawnDate />
        <state>HI</state>
        <party>D</party>
        <firstName>Brian</firstName>
        <isOriginalCosponsor>True</isOriginalCosponsor>
        <lastName>Schatz</lastName>
      </item>
      <item>
        <identifiers>
          <gpoId>8279</gpoId>
          <bioguideId>S000148</bioguideId>
          <lisID>1036</lisID>
        </identifiers>
        <bioguideId>S000148</bioguideId>
        <sponsorshipDate>2017-01-24</sponsorshipDate>
        <middleName>E.</middleName>
        <fullName>Sen. Schumer, Charles E. [D-NY]</fullName>
        <sponsorshipWithdrawnDate />
        <state>NY</state>
        <party>D</party>
        <firstName>CHARLES</firstName>
        <isOriginalCosponsor>True</isOriginalCosponsor>
        <lastName>SCHUMER</lastName>
      </item>
      <item>
        <identifiers>
          <gpoId>8261</gpoId>
          <lisID>1531</lisID>
          <bioguideId>S000770</bioguideId>
        </identifiers>
        <bioguideId>S000770</bioguideId>
        <sponsorshipDate>2017-01-24</sponsorshipDate>
        <middleName>ANN</middleName>
        <fullName>Sen. Stabenow, Debbie [D-MI]</fullName>
        <sponsorshipWithdrawnDate />
        <state>MI</state>
        <party>D</party>
        <firstName>DEBORAH</firstName>
        <isOriginalCosponsor>True</isOriginalCosponsor>
        <lastName>STABENOW</lastName>
      </item>
      <item>
        <identifiers>
          <lisID>1829</lisID>
          <gpoId>8258</gpoId>
          <bioguideId>T000464</bioguideId>
        </identifiers>
        <bioguideId>T000464</bioguideId>
        <sponsorshipDate>2017-01-24</sponsorshipDate>
        <middleName />
        <fullName>Sen. Tester, Jon [D-MT]</fullName>
        <sponsorshipWithdrawnDate />
        <state>MT</state>
        <party>D</party>
        <firstName>Jon</firstName>
        <isOriginalCosponsor>True</isOriginalCosponsor>
        <lastName>Tester</lastName>
      </item>
      <item>
        <identifiers>
          <lisID>1567</lisID>
          <bioguideId>U000039</bioguideId>
          <gpoId>8260</gpoId>
        </identifiers>
        <bioguideId>U000039</bioguideId>
        <sponsorshipDate>2017-01-24</sponsorshipDate>
        <middleName />
        <fullName>Sen. Udall, Tom [D-NM]</fullName>
        <sponsorshipWithdrawnDate />
        <state>NM</state>
        <party>D</party>
        <firstName>TOM</firstName>
        <isOriginalCosponsor>True</isOriginalCosponsor>
        <lastName>UDALL</lastName>
      </item>
      <item>
        <identifiers>
          <bioguideId>V000128</bioguideId>
          <lisID>1729</lisID>
          <gpoId>7983</gpoId>
        </identifiers>
        <bioguideId>V000128</bioguideId>
        <sponsorshipDate>2017-01-24</sponsorshipDate>
        <middleName />
        <fullName>Sen. Van Hollen, Chris [D-MD]</fullName>
        <sponsorshipWithdrawnDate />
        <state>MD</state>
        <party>D</party>
        <firstName>Chris</firstName>
        <isOriginalCosponsor>True</isOriginalCosponsor>
        <lastName>Van Hollen</lastName>
      </item>
      <item>
        <identifiers>
          <lisID>2182</lisID>
          <gpoId />
          <bioguideId>W000817</bioguideId>
        </identifiers>
        <bioguideId>W000817</bioguideId>
        <sponsorshipDate>2017-01-24</sponsorshipDate>
        <middleName>A.</middleName>
        <fullName>Sen. Warren, Elizabeth [D-MA]</fullName>
        <sponsorshipWithdrawnDate />
        <state>MA</state>
        <party>D</party>
        <firstName>Elizabeth</firstName>
        <isOriginalCosponsor>True</isOriginalCosponsor>
        <lastName>Warren</lastName>
      </item>
      <item>
        <identifiers>
          <gpoId>8269</gpoId>
          <lisID>1897</lisID>
          <bioguideId>W000805</bioguideId>
        </identifiers>
        <bioguideId>W000805</bioguideId>
        <sponsorshipDate>2017-01-24</sponsorshipDate>
        <middleName>R.</middleName>
        <fullName>Sen. Warner, Mark R. [D-VA]</fullName>
        <sponsorshipWithdrawnDate />
        <state>VA</state>
        <party>D</party>
        <firstName>Mark</firstName>
        <isOriginalCosponsor>True</isOriginalCosponsor>
        <lastName>Warner</lastName>
      </item>
      <item>
        <identifiers>
          <gpoId>8264</gpoId>
          <lisID>1823</lisID>
          <bioguideId>W000802</bioguideId>
        </identifiers>
        <bioguideId>W000802</bioguideId>
        <sponsorshipDate>2017-01-24</sponsorshipDate>
        <middleName />
        <fullName>Sen. Whitehouse, Sheldon [D-RI]</fullName>
        <sponsorshipWithdrawnDate />
        <state>RI</state>
        <party>D</party>
        <firstName>Sheldon</firstName>
        <isOriginalCosponsor>True</isOriginalCosponsor>
        <lastName>Whitehouse</lastName>
      </item>
      <item>
        <identifiers>
          <gpoId>8265</gpoId>
          <lisID>1247</lisID>
          <bioguideId>W000779</bioguideId>
        </identifiers>
        <bioguideId>W000779</bioguideId>
        <sponsorshipDate>2017-01-24</sponsorshipDate>
        <middleName />
        <fullName>Sen. Wyden, Ron [D-OR]</fullName>
        <sponsorshipWithdrawnDate />
        <state>OR</state>
        <party>D</party>
        <firstName>RON</firstName>
        <isOriginalCosponsor>True</isOriginalCosponsor>
        <lastName>WYDEN</lastName>
      </item>
      <item>
        <identifiers>
          <lisID>2299</lisID>
          <gpoId />
          <bioguideId>C001113</bioguideId>
        </identifiers>
        <bioguideId>C001113</bioguideId>
        <sponsorshipDate>2017-01-24</sponsorshipDate>
        <middleName />
        <fullName>Sen. Cortez Masto, Catherine  [D-NV]</fullName>
        <sponsorshipWithdrawnDate />
        <state>NV</state>
        <party>D</party>
        <firstName>Catherine</firstName>
        <isOriginalCosponsor>True</isOriginalCosponsor>
        <lastName>Cortez Masto</lastName>
      </item>
      <item>
        <identifiers>
          <lisID>859</lisID>
          <bioguideId>N000032</bioguideId>
          <gpoId>8236</gpoId>
        </identifiers>
        <bioguideId>N000032</bioguideId>
        <sponsorshipDate>2017-01-24</sponsorshipDate>
        <middleName>WILLIAM</middleName>
        <fullName>Sen. Nelson, Bill [D-FL]</fullName>
        <sponsorshipWithdrawnDate />
        <state>FL</state>
        <party>D</party>
        <firstName>CLARENCE</firstName>
        <isOriginalCosponsor>True</isOriginalCosponsor>
        <lastName>NELSON</lastName>
      </item>
      <item>
        <identifiers>
          <bioguideId>C001070</bioguideId>
          <gpoId>8282</gpoId>
          <lisID>1828</lisID>
        </identifiers>
        <bioguideId>C001070</bioguideId>
        <sponsorshipDate>2017-01-24</sponsorshipDate>
        <middleName />
        <fullName>Sen. Casey, Robert P., Jr. [D-PA]</fullName>
        <sponsorshipWithdrawnDate />
        <state>PA</state>
        <party>D</party>
        <firstName>Bob</firstName>
        <isOriginalCosponsor>True</isOriginalCosponsor>
        <lastName>Casey</lastName>
      </item>
      <item>
        <identifiers>
          <lisID>1820</lisID>
          <gpoId>8252</gpoId>
          <bioguideId>M001170</bioguideId>
        </identifiers>
        <bioguideId>M001170</bioguideId>
        <sponsorshipDate>2017-01-24</sponsorshipDate>
        <middleName />
        <fullName>Sen. McCaskill, Claire [D-MO]</fullName>
        <sponsorshipWithdrawnDate />
        <state>MO</state>
        <party>D</party>
        <firstName>Claire</firstName>
        <isOriginalCosponsor>True</isOriginalCosponsor>
        <lastName>McCaskill</lastName>
      </item>
    </cosponsors>
    <summaries>
      <billSummaries>
        <item>
          <versionCode>00</versionCode>
          <updateDate>2017-01-24T05:00:00Z</updateDate>
          <actionDate>2017-01-24</actionDate>
          <text><![CDATA[<p><strong>Global Health, Empowerment and Rights Act</strong></p> <p> This bill states that foreign nongovernmental organizations shall not be ineligible for U.S. international development assistance under the Foreign Assistance Act of 1961 solely on the basis of health or medical services provided by such organizations with non-U.S. government funds if such services do not violate the laws of the country in which they are being provided and would not violate U.S. federal law if provided in the United States. Such organizations also shall not be subject to requirements relating to the use of non-U.S. government funds for advocacy and lobbying activities other than those that apply to U.S. nongovernmental organizations receiving such assistance under such Act.</p>]]></text>
          <actionDesc>Introduced in Senate</actionDesc>
          <lastSummaryUpdateDate>2017-02-14T20:34:51Z</lastSummaryUpdateDate>
          <name>Introduced in Senate</name>
        </item>
      </billSummaries>
    </summaries>
    <policyArea>
      <name>International Affairs</name>
    </policyArea>
    <latestAction>
      <links />
      <actionDate>2017-01-24</actionDate>
      <text>Read twice and referred to the Committee on Foreign Relations.</text>
    </latestAction>
    <updateDate>2018-02-06T16:44:36Z</updateDate>
    <committees>
      <billCommittees>
        <item>
          <systemCode>ssfr00</systemCode>
          <chamber>Senate</chamber>
          <type>Standing</type>
          <activities>
            <item>
              <date>2017-01-24T20:47:10Z</date>
              <name>Referred to</name>
            </item>
          </activities>
          <name>Foreign Relations Committee</name>
          <subcommittees />
        </item>
      </billCommittees>
    </committees>
    <createDate>2017-01-25T04:45:58Z</createDate>
    <subjects>
      <billSubjects>
        <legislativeSubjects>
          <item>
            <name>Foreign aid and international relief</name>
          </item>
          <item>
            <name>Health promotion and preventive care</name>
          </item>
          <item>
            <name>International organizations and cooperation</name>
          </item>
          <item>
            <name>Public participation and lobbying</name>
          </item>
          <item>
            <name>World health</name>
          </item>
        </legislativeSubjects>
        <policyArea>
          <name>International Affairs</name>
        </policyArea>
      </billSubjects>
    </subjects>
    <committeeReports />
    <calendarNumbers />
  </bill>
  <dublinCore xmlns:dc="http://purl.org/dc/elements/1.1/">
    <dc:format>text/xml</dc:format>
    <dc:language>EN</dc:language>
    <dc:rights>Pursuant to Title 17 Section 105 of the United States Code, this file is not subject to copyright protection and is in the public domain.</dc:rights>
    <dc:contributor>Congressional Research Service, Library of Congress</dc:contributor>
    <dc:description>This file contains bill summaries and statuses for federal legislation. A bill summary describes the most significant provisions of a piece of legislation and details the effects the legislative text may have on current law and federal programs. Bill summaries are authored by the Congressional Research Service (CRS) of the Library of Congress. As stated in Public Law 91-510 (2 USC 166 (d)(6)), one of the duties of CRS is "to prepare summaries and digests of bills and resolutions of a public general nature introduced in the Senate or House of Representatives". For more information, refer to the User Guide that accompanies this file.</dc:description>
  </dublinCore>
</billStatus>

