<?xml version="1.0" encoding="UTF-8"?>
<billStatus>
  <bill>
    <amendments />
    <notes />
    <actions>
      <actionByCounts>
        <senate>6</senate>
      </actionByCounts>
      <item>
        <actionDate>2017-05-24</actionDate>
        <committee />
        <links />
        <sourceSystem>
          <code>0</code>
          <name>Senate</name>
        </sourceSystem>
        <text>Placed on Senate Legislative Calendar under General Orders. Calendar No. 99.</text>
        <type>Calendars</type>
      </item>
      <item>
        <actionDate>2017-05-24</actionDate>
        <committee>
          <name>Energy and Natural Resources Committee</name>
          <systemCode>sseg00</systemCode>
        </committee>
        <links>
          <link>
            <name>report No. 115-80</name>
            <url>https://www.congress.gov/congressional-report/115th-congress/senate-report/80</url>
          </link>
        </links>
        <sourceSystem>
          <code>0</code>
          <name>Senate</name>
        </sourceSystem>
        <text>Committee on Energy and Natural Resources. Reported by Senator Murkowski with amendments. With written report No. 115-80.</text>
        <type>Committee</type>
      </item>
      <item>
        <committee>
          <name>Energy and Natural Resources Committee</name>
          <systemCode>sseg00</systemCode>
        </committee>
        <links>
          <link>
            <name>report No. 115-80</name>
            <url>https://www.congress.gov/congressional-report/115th-congress/senate-report/80</url>
          </link>
        </links>
        <text>Committee on Energy and Natural Resources. Reported by Senator Murkowski with amendments. With written report No. 115-80.</text>
        <actionDate>2017-05-24</actionDate>
        <type>Committee</type>
        <actionCode>14000</actionCode>
        <sourceSystem>
          <code>9</code>
          <name>Library of Congress</name>
        </sourceSystem>
      </item>
      <item>
        <actionDate>2017-03-30</actionDate>
        <committee>
          <name>Energy and Natural Resources Committee</name>
          <systemCode>sseg00</systemCode>
        </committee>
        <links />
        <sourceSystem>
          <code>0</code>
          <name>Senate</name>
        </sourceSystem>
        <text>Committee on Energy and Natural Resources. Ordered to be reported with an amendment favorably.</text>
        <type>Committee</type>
      </item>
      <item>
        <actionDate>2017-03-27</actionDate>
        <committee>
          <name>Energy and Natural Resources Committee</name>
          <systemCode>sseg00</systemCode>
        </committee>
        <links />
        <sourceSystem>
          <code>0</code>
          <name>Senate</name>
        </sourceSystem>
        <text>Read twice and referred to the Committee on Energy and Natural Resources.</text>
        <type>IntroReferral</type>
      </item>
      <item>
        <committee />
        <links />
        <text>Introduced in Senate</text>
        <actionDate>2017-03-27</actionDate>
        <type>IntroReferral</type>
        <actionCode>10000</actionCode>
        <sourceSystem>
          <code>9</code>
          <name>Library of Congress</name>
        </sourceSystem>
      </item>
      <actionTypeCounts>
        <reportedToSenate>2</reportedToSenate>
        <orderedReported>1</orderedReported>
        <placedOnCalendarGeneralOrders>1</placedOnCalendarGeneralOrders>
        <introducedInSenate>1</introducedInSenate>
        <referredToCommittee>1</referredToCommittee>
      </actionTypeCounts>
    </actions>
    <cosponsors>
      <item>
        <identifiers>
          <bioguideId>T000476</bioguideId>
          <gpoId />
          <lisID>2291</lisID>
        </identifiers>
        <lastName>Tillis</lastName>
        <firstName>Thomas</firstName>
        <middleName>Roland</middleName>
        <sponsorshipWithdrawnDate />
        <fullName>Sen. Tillis, Thom [R-NC]</fullName>
        <isOriginalCosponsor>True</isOriginalCosponsor>
        <sponsorshipDate>2017-03-27</sponsorshipDate>
        <state>NC</state>
        <party>R</party>
        <bioguideId>T000476</bioguideId>
      </item>
    </cosponsors>
    <sponsors>
      <item>
        <lastName>BURR</lastName>
        <byRequestType />
        <fullName>Sen. Burr, Richard [R-NC]</fullName>
        <firstName>RICHARD</firstName>
        <party>R</party>
        <identifiers>
          <bioguideId>B001135</bioguideId>
          <gpoId>8286</gpoId>
          <lisID>153</lisID>
        </identifiers>
        <state>NC</state>
        <bioguideId>B001135</bioguideId>
        <middleName />
      </item>
    </sponsors>
    <originChamber>Senate</originChamber>
    <version>1.0.0</version>
    <introducedDate>2017-03-27</introducedDate>
    <calendarNumbers>
      <item>
        <number>0099</number>
        <calendar>Senate Calendar of Business</calendar>
      </item>
    </calendarNumbers>
    <committees>
      <billCommittees>
        <item>
          <systemCode>sseg00</systemCode>
          <chamber>Senate</chamber>
          <type>Standing</type>
          <name>Energy and Natural Resources Committee</name>
          <subcommittees />
          <activities>
            <item>
              <date>2017-05-24T15:21:23Z</date>
              <name>Reported by</name>
            </item>
            <item>
              <date>2017-03-30T13:30:00Z</date>
              <name>Markup by</name>
            </item>
            <item>
              <date>2017-03-27T20:07:02Z</date>
              <name>Referred to</name>
            </item>
          </activities>
        </item>
      </billCommittees>
    </committees>
    <createDate>2017-03-28T05:32:35Z</createDate>
    <relatedBills>
      <item>
        <latestTitle>To extend the deadline for commencement of construction of a hydroelectric project.</latestTitle>
        <type>HR</type>
        <latestAction>
          <actionDate>2017-06-13</actionDate>
          <text>Received in the Senate. Read twice. Placed on Senate Legislative Calendar under General Orders. Calendar No. 144.</text>
        </latestAction>
        <number>951</number>
        <congress>115</congress>
        <relationshipDetails>
          <item>
            <type>Related bill</type>
            <identifiedBy>CRS</identifiedBy>
          </item>
        </relationshipDetails>
      </item>
    </relatedBills>
    <recordedVotes />
    <laws />
    <committeeReports>
      <committeeReport>
        <citation>S. Rept. 115-80</citation>
      </committeeReport>
    </committeeReports>
    <policyArea>
      <name>Energy</name>
    </policyArea>
    <billNumber>723</billNumber>
    <title>A bill to extend the deadline for commencement of construction of a hydroelectric project.</title>
    <subjects>
      <billSubjects>
        <legislativeSubjects>
          <item>
            <name>Administrative law and regulatory procedures</name>
          </item>
          <item>
            <name>Alternative and renewable resources</name>
          </item>
          <item>
            <name>Dams and canals</name>
          </item>
          <item>
            <name>Electric power generation and transmission</name>
          </item>
          <item>
            <name>Federal Energy Regulatory Commission (FERC)</name>
          </item>
          <item>
            <name>Licensing and registrations</name>
          </item>
          <item>
            <name>North Carolina</name>
          </item>
        </legislativeSubjects>
        <policyArea>
          <name>Energy</name>
        </policyArea>
      </billSubjects>
    </subjects>
    <billType>S</billType>
    <cboCostEstimates>
      <item>
        <pubDate>2017-04-07T15:02:00Z</pubDate>
        <title>S. 723, a bill to extend the deadline for commencement of construction of a hydroelectric project</title>
        <url>https://www.cbo.gov/publication/52585</url>
      </item>
    </cboCostEstimates>
    <congress>115</congress>
    <titles>
      <item>
        <title>A bill to extend the deadline for commencement of construction of a hydroelectric project.</title>
        <titleType>Official Title as Introduced</titleType>
        <chamberCode />
        <parentTitleType />
        <chamberName />
      </item>
      <item>
        <title>A bill to extend the deadline for commencement of construction of a hydroelectric project.</title>
        <titleType>Display Title</titleType>
        <chamberCode />
        <parentTitleType />
        <chamberName />
      </item>
    </titles>
    <updateDate>2018-02-22T15:28:47Z</updateDate>
    <summaries>
      <billSummaries>
        <item>
          <actionDesc>Introduced in Senate</actionDesc>
          <updateDate>2017-03-27T04:00:00Z</updateDate>
          <name>Introduced in Senate</name>
          <lastSummaryUpdateDate>2017-05-30T15:33:23Z</lastSummaryUpdateDate>
          <actionDate>2017-03-27</actionDate>
          <text><![CDATA[<p>This bill authorizes the Federal Energy Regulatory Commission (FERC), upon request, to extend by six years the time period during which construction must commence on the W. Kerr Scott Hydropower Project located on the Yadkin River in Wilkes County, North Carolina.</p> <p>Additionally, FERC may reinstate the construction license if it is expired.</p>]]></text>
          <versionCode>00</versionCode>
        </item>
        <item>
          <actionDesc>Reported to Senate without amendment</actionDesc>
          <updateDate>2017-05-24T13:56:43Z</updateDate>
          <name>Reported to Senate without amendment</name>
          <lastSummaryUpdateDate>2017-06-01T22:05:48Z</lastSummaryUpdateDate>
          <actionDate>2017-05-24</actionDate>
          <text><![CDATA[<p>(This measure has not been amended since it was introduced. The summary has been expanded because action occurred on the measure.)</p> <p>(Sec.1)This bill authorizes the Federal Energy Regulatory Commission (FERC), upon request, to extend by six years the time period during which construction must commence on the W. Kerr Scott Hydropower Project located on the Yadkin River in Wilkes County, North Carolina.</p> <p>Additionally, FERC may reinstate the construction license if it is expired.</p>]]></text>
          <versionCode>80</versionCode>
        </item>
      </billSummaries>
    </summaries>
    <latestAction>
      <text>Placed on Senate Legislative Calendar under General Orders. Calendar No. 99.</text>
      <actionDate>2017-05-24</actionDate>
      <links />
    </latestAction>
  </bill>
  <dublinCore xmlns:dc="http://purl.org/dc/elements/1.1/">
    <dc:format>text/xml</dc:format>
    <dc:language>EN</dc:language>
    <dc:rights>Pursuant to Title 17 Section 105 of the United States Code, this file is not subject to copyright protection and is in the public domain.</dc:rights>
    <dc:contributor>Congressional Research Service, Library of Congress</dc:contributor>
    <dc:description>This file contains bill summaries and statuses for federal legislation. A bill summary describes the most significant provisions of a piece of legislation and details the effects the legislative text may have on current law and federal programs. Bill summaries are authored by the Congressional Research Service (CRS) of the Library of Congress. As stated in Public Law 91-510 (2 USC 166 (d)(6)), one of the duties of CRS is "to prepare summaries and digests of bills and resolutions of a public general nature introduced in the Senate or House of Representatives". For more information, refer to the User Guide that accompanies this file.</dc:description>
  </dublinCore>
</billStatus>

