<?xml version="1.0" encoding="UTF-8"?>
<billStatus>
  <bill>
    <calendarNumbers />
    <congress>115</congress>
    <titles>
      <item>
        <chamberName />
        <titleType>(Extracted from GPO) Short Titles as Introduced</titleType>
        <title>National Strategic and Critical Minerals Production Act</title>
        <parentTitleType />
        <chamberCode />
      </item>
      <item>
        <chamberName />
        <titleType>Short Titles as Introduced</titleType>
        <title>National Strategic and Critical Minerals Production Act</title>
        <parentTitleType />
        <chamberCode />
      </item>
      <item>
        <chamberName />
        <titleType>Official Title as Introduced</titleType>
        <title>A bill to require the Secretary of the Interior and the Secretary of Agriculture to more efficiently develop domestic sources of the minerals and mineral materials of strategic and critical importance to the economic and national security and manufacturing competitiveness of the United States, and for other purposes.</title>
        <parentTitleType />
        <chamberCode />
      </item>
      <item>
        <chamberName />
        <titleType>Display Title</titleType>
        <title>National Strategic and Critical Minerals Production Act</title>
        <parentTitleType />
        <chamberCode />
      </item>
    </titles>
    <introducedDate>2017-01-12</introducedDate>
    <latestAction>
      <actionDate>2017-01-12</actionDate>
      <text>Read twice and referred to the Committee on Energy and Natural Resources.</text>
      <links />
    </latestAction>
    <title>National Strategic and Critical Minerals Production Act</title>
    <subjects>
      <billSubjects>
        <legislativeSubjects>
          <item>
            <name>Administrative law and regulatory procedures</name>
          </item>
          <item>
            <name>Alternative and renewable resources</name>
          </item>
          <item>
            <name>Department of Agriculture</name>
          </item>
          <item>
            <name>Department of the Interior</name>
          </item>
          <item>
            <name>Electric power generation and transmission</name>
          </item>
          <item>
            <name>Energy storage, supplies, demand</name>
          </item>
          <item>
            <name>Environmental assessment, monitoring, research</name>
          </item>
          <item>
            <name>Forests, forestry, trees</name>
          </item>
          <item>
            <name>Infrastructure development</name>
          </item>
          <item>
            <name>Land use and conservation</name>
          </item>
          <item>
            <name>Licensing and registrations</name>
          </item>
          <item>
            <name>Mining</name>
          </item>
          <item>
            <name>Oil and gas</name>
          </item>
          <item>
            <name>Pipelines</name>
          </item>
          <item>
            <name>Strategic materials and reserves</name>
          </item>
        </legislativeSubjects>
        <policyArea>
          <name>Public Lands and Natural Resources</name>
        </policyArea>
      </billSubjects>
    </subjects>
    <relatedBills>
      <item>
        <relationshipDetails>
          <item>
            <identifiedBy>CRS</identifiedBy>
            <type>Identical bill</type>
          </item>
        </relationshipDetails>
        <latestAction>
          <actionDate>2017-02-10</actionDate>
          <text>Referred to the Subcommittee on Energy and Mineral Resources.</text>
        </latestAction>
        <type>HR</type>
        <number>520</number>
        <latestTitle>National Strategic and Critical Minerals Production Act</latestTitle>
        <congress>115</congress>
      </item>
    </relatedBills>
    <updateDate>2018-02-06T16:44:31Z</updateDate>
    <committeeReports />
    <notes />
    <recordedVotes />
    <amendments />
    <createDate>2017-01-13T04:55:35Z</createDate>
    <committees>
      <billCommittees>
        <item>
          <chamber>Senate</chamber>
          <name>Energy and Natural Resources Committee</name>
          <systemCode>sseg00</systemCode>
          <activities>
            <item>
              <date>2017-01-12T22:38:01Z</date>
              <name>Referred to</name>
            </item>
          </activities>
          <type>Standing</type>
          <subcommittees />
        </item>
      </billCommittees>
    </committees>
    <cboCostEstimates />
    <billNumber>145</billNumber>
    <policyArea>
      <name>Public Lands and Natural Resources</name>
    </policyArea>
    <version>1.0.0</version>
    <billType>S</billType>
    <originChamber>Senate</originChamber>
    <actions>
      <actionTypeCounts>
        <referredToCommittee>1</referredToCommittee>
        <introducedInSenate>1</introducedInSenate>
      </actionTypeCounts>
      <item>
        <actionDate>2017-01-12</actionDate>
        <committee>
          <systemCode>sseg00</systemCode>
          <name>Energy and Natural Resources Committee</name>
        </committee>
        <links />
        <sourceSystem>
          <name>Senate</name>
          <code>0</code>
        </sourceSystem>
        <text>Read twice and referred to the Committee on Energy and Natural Resources.</text>
        <type>IntroReferral</type>
      </item>
      <item>
        <text>Introduced in Senate</text>
        <links />
        <actionDate>2017-01-12</actionDate>
        <committee />
        <sourceSystem>
          <name>Library of Congress</name>
          <code>9</code>
        </sourceSystem>
        <type>IntroReferral</type>
        <actionCode>10000</actionCode>
      </item>
      <actionByCounts>
        <senate>2</senate>
      </actionByCounts>
    </actions>
    <sponsors>
      <item>
        <bioguideId>H001041</bioguideId>
        <party>R</party>
        <firstName>Dean</firstName>
        <middleName />
        <byRequestType />
        <fullName>Sen. Heller, Dean [R-NV]</fullName>
        <identifiers>
          <bioguideId>H001041</bioguideId>
          <lisID>1863</lisID>
          <gpoId>8060</gpoId>
        </identifiers>
        <lastName>Heller</lastName>
        <state>NV</state>
      </item>
    </sponsors>
    <summaries>
      <billSummaries>
        <item>
          <versionCode>00</versionCode>
          <text><![CDATA[<p><b>National Strategic and Critical Minerals Production Act</b></p> <p>This bill addresses the mine permitting process.</p> <p>Under the bill, projects that provide minerals vital to job creation, energy infrastructure, American economic competitiveness, and national security must be considered to be &quot;infrastructure projects&quot; as described in Executive Order 13604, entitled &quot;Improving Performance of Federal Permitting and Review of Infrastructure Projects&quot; dated March 22, 2012.This order directed federal agencies to significantly reduce the time required to make permitting and review decisions on infrastructure projects.</p> <p>The bill sets forth general requirements for an existing mineral exploration or mine permit application.</p> <p>The Bureau of Land Management (BLM)or the Forest Service shall appoint a project lead for the mine permitting process to coordinate with other agencies to ensure that the agencies: minimize delays, set and adhere to timelines for completion of the permitting process, set clear permitting goals, and track progress against goals.</p> <p>The requirements of the National Environmental Policy Act of 1969are satisfied if the BLM or the Forest Service determines that the agency issuing the permit will address specified factors, such as environmental impact, alternatives to issuance of the permit, or any irreversible and irretrievable commitment of resources that would be involved in the proposed action. The time period for completion of the mine permitting review process shall not exceed 30 months, except by mutual agreement.</p> <p>Projects on National Forest System land shall be exempt from regulations that prohibit timber tree cutting and road construction in areas without roads.</p> <p>The bill does not apply to oil, gas, and potash leasing and development within the designated potash areas of Eddy and Lea Counties, New Mexico.</p>]]></text>
          <actionDesc>Introduced in Senate</actionDesc>
          <actionDate>2017-01-12</actionDate>
          <lastSummaryUpdateDate>2017-07-17T14:44:09Z</lastSummaryUpdateDate>
          <name>Introduced in Senate</name>
          <updateDate>2017-01-12T05:00:00Z</updateDate>
        </item>
      </billSummaries>
    </summaries>
    <laws />
    <cosponsors>
      <item>
        <state>ID</state>
        <identifiers>
          <gpoId>8289</gpoId>
          <bioguideId>C000880</bioguideId>
          <lisID>250</lisID>
        </identifiers>
        <bioguideId>C000880</bioguideId>
        <sponsorshipDate>2017-01-24</sponsorshipDate>
        <lastName>CRAPO</lastName>
        <fullName>Sen. Crapo, Mike [R-ID]</fullName>
        <firstName>MICHAEL</firstName>
        <party>R</party>
        <middleName>D.</middleName>
        <isOriginalCosponsor>False</isOriginalCosponsor>
        <sponsorshipWithdrawnDate />
      </item>
      <item>
        <state>ID</state>
        <identifiers>
          <lisID>1896</lisID>
          <bioguideId>R000584</bioguideId>
          <gpoId>8274</gpoId>
        </identifiers>
        <bioguideId>R000584</bioguideId>
        <sponsorshipDate>2017-02-28</sponsorshipDate>
        <lastName>Risch</lastName>
        <fullName>Sen. Risch, James E. [R-ID]</fullName>
        <firstName>James</firstName>
        <party>R</party>
        <middleName>E.</middleName>
        <isOriginalCosponsor>False</isOriginalCosponsor>
        <sponsorshipWithdrawnDate />
      </item>
    </cosponsors>
  </bill>
  <dublinCore xmlns:dc="http://purl.org/dc/elements/1.1/">
    <dc:format>text/xml</dc:format>
    <dc:language>EN</dc:language>
    <dc:rights>Pursuant to Title 17 Section 105 of the United States Code, this file is not subject to copyright protection and is in the public domain.</dc:rights>
    <dc:contributor>Congressional Research Service, Library of Congress</dc:contributor>
    <dc:description>This file contains bill summaries and statuses for federal legislation. A bill summary describes the most significant provisions of a piece of legislation and details the effects the legislative text may have on current law and federal programs. Bill summaries are authored by the Congressional Research Service (CRS) of the Library of Congress. As stated in Public Law 91-510 (2 USC 166 (d)(6)), one of the duties of CRS is "to prepare summaries and digests of bills and resolutions of a public general nature introduced in the Senate or House of Representatives". For more information, refer to the User Guide that accompanies this file.</dc:description>
  </dublinCore>
</billStatus>

