<?xml version="1.0" encoding="UTF-8"?>
<billStatus>
  <bill>
    <policyArea>
      <name>Social Sciences and History</name>
    </policyArea>
    <introducedDate>2017-02-15</introducedDate>
    <cosponsors>
      <item>
        <state>NY</state>
        <identifiers>
          <bioguideId>S000148</bioguideId>
          <lisID>1036</lisID>
          <gpoId>8279</gpoId>
        </identifiers>
        <bioguideId>S000148</bioguideId>
        <sponsorshipDate>2017-02-15</sponsorshipDate>
        <lastName>SCHUMER</lastName>
        <fullName>Sen. Schumer, Charles E. [D-NY]</fullName>
        <firstName>CHARLES</firstName>
        <party>D</party>
        <middleName>E.</middleName>
        <isOriginalCosponsor>True</isOriginalCosponsor>
        <sponsorshipWithdrawnDate />
      </item>
    </cosponsors>
    <congress>115</congress>
    <recordedVotes />
    <amendments />
    <laws />
    <cboCostEstimates />
    <actions>
      <actionByCounts>
        <senate>3</senate>
      </actionByCounts>
      <actionTypeCounts>
        <referredToCommittee>1</referredToCommittee>
        <introducedInSenate>1</introducedInSenate>
        <hearingsHeld>1</hearingsHeld>
      </actionTypeCounts>
      <item>
        <actionDate>2017-07-19</actionDate>
        <committee>
          <name>National Parks Subcommittee</name>
          <systemCode>sseg04</systemCode>
        </committee>
        <links />
        <sourceSystem>
          <code>0</code>
          <name>Senate</name>
        </sourceSystem>
        <text>Committee on Energy and Natural Resources Subcommittee on National Parks. Hearings held.</text>
        <type>Committee</type>
      </item>
      <item>
        <actionDate>2017-02-15</actionDate>
        <committee>
          <name>Energy and Natural Resources Committee</name>
          <systemCode>sseg00</systemCode>
        </committee>
        <links />
        <sourceSystem>
          <code>0</code>
          <name>Senate</name>
        </sourceSystem>
        <text>Read twice and referred to the Committee on Energy and Natural Resources.</text>
        <type>IntroReferral</type>
      </item>
      <item>
        <text>Introduced in Senate</text>
        <links />
        <sourceSystem>
          <code>9</code>
          <name>Library of Congress</name>
        </sourceSystem>
        <actionCode>10000</actionCode>
        <type>IntroReferral</type>
        <committee />
        <actionDate>2017-02-15</actionDate>
      </item>
    </actions>
    <latestAction>
      <text>Committee on Energy and Natural Resources Subcommittee on National Parks. Hearings held.</text>
      <actionDate>2017-07-19</actionDate>
      <links />
    </latestAction>
    <titles>
      <item>
        <parentTitleType />
        <chamberCode />
        <titleType>(Extracted from GPO) Short Titles as Introduced</titleType>
        <chamberName />
        <title>African Burial Ground International Memorial Museum and Educational Center Act</title>
      </item>
      <item>
        <parentTitleType />
        <chamberCode />
        <titleType>Short Titles as Introduced</titleType>
        <chamberName />
        <title>African Burial Ground International Memorial Museum and Educational Center Act</title>
      </item>
      <item>
        <parentTitleType />
        <chamberCode />
        <titleType>Official Title as Introduced</titleType>
        <chamberName />
        <title>A bill to establish the African Burial Ground International Memorial Museum and Educational Center in New York, New York, and for other purposes.</title>
      </item>
      <item>
        <parentTitleType />
        <chamberCode />
        <titleType>Display Title</titleType>
        <chamberName />
        <title>African Burial Ground International Memorial Museum and Educational Center Act</title>
      </item>
    </titles>
    <summaries>
      <billSummaries>
        <item>
          <updateDate>2017-02-15T05:00:00Z</updateDate>
          <actionDesc>Introduced in Senate</actionDesc>
          <versionCode>00</versionCode>
          <name>Introduced in Senate</name>
          <text><![CDATA[<p><b>African Burial Ground International Memorial Museum and Educational Center Act</b></p> <p> This bill establishes the African Burial Ground International Memorial Museum and Educational Center at the African Burial Ground National Monument in New York, New York. </p> <p> The National Park Service shall: (1) acquire for the Museum property that is located adjacent to the national monument or in any other area of the African Burial Ground National Historic Landmark in the city other than the location adjacent to the monument, and (2) construct the Museum on the acquired property. </p> <p>The bill establishes within the Department of the Interior the African Burial Ground Advisory Council to: (1) make recommendations on the construction of the Museum, and (2) advise and assist Interior on all matters relating to the operation and preservation of the Museum. </p>]]></text>
          <lastSummaryUpdateDate>2017-05-25T22:13:16Z</lastSummaryUpdateDate>
          <actionDate>2017-02-15</actionDate>
        </item>
      </billSummaries>
    </summaries>
    <title>African Burial Ground International Memorial Museum and Educational Center Act</title>
    <calendarNumbers />
    <originChamber>Senate</originChamber>
    <updateDate>2018-02-06T16:44:46Z</updateDate>
    <notes />
    <billType>S</billType>
    <committees>
      <billCommittees>
        <item>
          <name>Energy and Natural Resources Committee</name>
          <chamber>Senate</chamber>
          <type>Standing</type>
          <subcommittees>
            <item>
              <name>National Parks Subcommittee</name>
              <systemCode>sseg04</systemCode>
              <activities>
                <item>
                  <name>Hearings by</name>
                  <date>2017-07-19T14:15:18Z</date>
                </item>
              </activities>
            </item>
          </subcommittees>
          <systemCode>sseg00</systemCode>
          <activities>
            <item>
              <name>Referred to</name>
              <date>2017-02-15T17:54:12Z</date>
            </item>
          </activities>
        </item>
      </billCommittees>
    </committees>
    <relatedBills>
      <item>
        <number>1088</number>
        <latestTitle>African Burial Ground International Memorial Museum and Educational Center Act</latestTitle>
        <type>HR</type>
        <relationshipDetails>
          <item>
            <identifiedBy>CRS</identifiedBy>
            <type>Identical bill</type>
          </item>
        </relationshipDetails>
        <congress>115</congress>
        <latestAction>
          <text>Referred to the Subcommittee on Federal Lands.</text>
          <actionDate>2017-02-28</actionDate>
        </latestAction>
      </item>
    </relatedBills>
    <committeeReports />
    <billNumber>391</billNumber>
    <sponsors>
      <item>
        <byRequestType />
        <state>NY</state>
        <bioguideId>G000555</bioguideId>
        <identifiers>
          <bioguideId>G000555</bioguideId>
          <lisID>1866</lisID>
          <gpoId>8336</gpoId>
        </identifiers>
        <fullName>Sen. Gillibrand, Kirsten E. [D-NY]</fullName>
        <lastName>Gillibrand</lastName>
        <firstName>Kirsten</firstName>
        <middleName>E.</middleName>
        <party>D</party>
      </item>
    </sponsors>
    <createDate>2017-02-16T08:49:56Z</createDate>
    <version>1.0.0</version>
    <subjects>
      <billSubjects>
        <policyArea>
          <name>Social Sciences and History</name>
        </policyArea>
        <legislativeSubjects>
          <item>
            <name>Advisory bodies</name>
          </item>
          <item>
            <name>Archaeology and anthropology</name>
          </item>
          <item>
            <name>Department of the Interior</name>
          </item>
          <item>
            <name>Executive agency funding and structure</name>
          </item>
          <item>
            <name>Land transfers</name>
          </item>
          <item>
            <name>Monuments and memorials</name>
          </item>
          <item>
            <name>Museums, exhibitions, cultural centers</name>
          </item>
          <item>
            <name>New York City</name>
          </item>
          <item>
            <name>Parks, recreation areas, trails</name>
          </item>
          <item>
            <name>Racial and ethnic relations</name>
          </item>
          <item>
            <name>U.S. history</name>
          </item>
        </legislativeSubjects>
      </billSubjects>
    </subjects>
  </bill>
  <dublinCore xmlns:dc="http://purl.org/dc/elements/1.1/">
    <dc:format>text/xml</dc:format>
    <dc:language>EN</dc:language>
    <dc:rights>Pursuant to Title 17 Section 105 of the United States Code, this file is not subject to copyright protection and is in the public domain.</dc:rights>
    <dc:contributor>Congressional Research Service, Library of Congress</dc:contributor>
    <dc:description>This file contains bill summaries and statuses for federal legislation. A bill summary describes the most significant provisions of a piece of legislation and details the effects the legislative text may have on current law and federal programs. Bill summaries are authored by the Congressional Research Service (CRS) of the Library of Congress. As stated in Public Law 91-510 (2 USC 166 (d)(6)), one of the duties of CRS is "to prepare summaries and digests of bills and resolutions of a public general nature introduced in the Senate or House of Representatives". For more information, refer to the User Guide that accompanies this file.</dc:description>
  </dublinCore>
</billStatus>

