<?xml version="1.0" encoding="UTF-8"?>
<billStatus>
  <bill>
    <introducedDate>2017-03-29</introducedDate>
    <committees>
      <billCommittees>
        <item>
          <type>Standing</type>
          <name>Natural Resources Committee</name>
          <chamber>House</chamber>
          <systemCode>hsii00</systemCode>
          <activities>
            <item>
              <date>2017-08-04T18:45:05Z</date>
              <name>Referred to</name>
            </item>
          </activities>
          <subcommittees>
            <item>
              <systemCode>hsii13</systemCode>
              <activities>
                <item>
                  <date>2017-08-08T13:15:20Z</date>
                  <name>Referred to</name>
                </item>
              </activities>
              <name>Water, Power and Oceans Subcommittee</name>
            </item>
          </subcommittees>
        </item>
        <item>
          <type>Standing</type>
          <name>Transportation and Infrastructure Committee</name>
          <chamber>House</chamber>
          <systemCode>hspw00</systemCode>
          <activities>
            <item>
              <date>2017-08-04T18:45:04Z</date>
              <name>Referred to</name>
            </item>
          </activities>
          <subcommittees>
            <item>
              <systemCode>hspw07</systemCode>
              <activities>
                <item>
                  <date>2017-08-07T19:00:28Z</date>
                  <name>Referred to</name>
                </item>
              </activities>
              <name>Coast Guard and Maritime Transportation Subcommittee</name>
            </item>
          </subcommittees>
        </item>
        <item>
          <type>Standing</type>
          <name>Commerce, Science, and Transportation Committee</name>
          <chamber>Senate</chamber>
          <systemCode>sscm00</systemCode>
          <activities>
            <item>
              <date>2017-07-24T23:07:55Z</date>
              <name>Reported by</name>
            </item>
            <item>
              <date>2017-04-05T14:00:00Z</date>
              <name>Markup by</name>
            </item>
            <item>
              <date>2017-03-29T15:21:19Z</date>
              <name>Referred to</name>
            </item>
          </activities>
          <subcommittees />
        </item>
      </billCommittees>
    </committees>
    <billType>S</billType>
    <actions>
      <item>
        <actionDate>2017-08-08</actionDate>
        <committee>
          <systemCode>hsii13</systemCode>
          <name>Water, Power and Oceans Subcommittee</name>
        </committee>
        <links />
        <sourceSystem>
          <code>1</code>
          <name>House committee actions</name>
        </sourceSystem>
        <text>Referred to the Subcommittee on Water, Power and Oceans.</text>
        <type>Committee</type>
      </item>
      <item>
        <actionDate>2017-08-07</actionDate>
        <committee>
          <systemCode>hspw07</systemCode>
          <name>Coast Guard and Maritime Transportation Subcommittee</name>
        </committee>
        <links />
        <sourceSystem>
          <code>1</code>
          <name>House committee actions</name>
        </sourceSystem>
        <text>Referred to the Subcommittee on Coast Guard and Maritime Transportation.</text>
        <type>Committee</type>
      </item>
      <item>
        <text>Referred to the Committee on Transportation and Infrastructure, and in addition to the Committee on Natural Resources, for a period to be subsequently determined by the Speaker, in each case for consideration of such provisions as fall within the jurisdiction of the committee concerned.</text>
        <actionCode>H11100</actionCode>
        <committee>
          <systemCode>hsii00</systemCode>
          <name>Natural Resources Committee</name>
        </committee>
        <actionDate>2017-08-04</actionDate>
        <type>IntroReferral</type>
        <sourceSystem>
          <code>2</code>
          <name>House floor actions</name>
        </sourceSystem>
        <links />
      </item>
      <item>
        <text>Referred to the Committee on Transportation and Infrastructure, and in addition to the Committee on Natural Resources, for a period to be subsequently determined by the Speaker, in each case for consideration of such provisions as fall within the jurisdiction of the committee concerned.</text>
        <actionCode>H11100</actionCode>
        <committee>
          <systemCode>hspw00</systemCode>
          <name>Transportation and Infrastructure Committee</name>
        </committee>
        <actionDate>2017-08-04</actionDate>
        <type>IntroReferral</type>
        <sourceSystem>
          <code>2</code>
          <name>House floor actions</name>
        </sourceSystem>
        <links />
      </item>
      <item>
        <text>Received in the House.</text>
        <actionCode>H14000</actionCode>
        <actionTime>13:06:35</actionTime>
        <committee />
        <actionDate>2017-08-04</actionDate>
        <type>Floor</type>
        <sourceSystem>
          <code>2</code>
          <name>House floor actions</name>
        </sourceSystem>
        <links />
      </item>
      <item>
        <actionDate>2017-08-04</actionDate>
        <committee />
        <links />
        <sourceSystem>
          <code>0</code>
          <name>Senate</name>
        </sourceSystem>
        <text>Message on Senate action sent to the House.</text>
        <type>Floor</type>
      </item>
      <item>
        <actionDate>2017-08-03</actionDate>
        <committee />
        <links />
        <sourceSystem>
          <code>0</code>
          <name>Senate</name>
        </sourceSystem>
        <text>Passed Senate with amendments by Unanimous Consent.</text>
        <type>Floor</type>
      </item>
      <item>
        <text>Passed/agreed to in Senate: Passed Senate with amendments by Unanimous Consent.</text>
        <actionCode>17000</actionCode>
        <committee />
        <actionDate>2017-08-03</actionDate>
        <type>Floor</type>
        <sourceSystem>
          <code>9</code>
          <name>Library of Congress</name>
        </sourceSystem>
        <links />
      </item>
      <item>
        <actionDate>2017-08-03</actionDate>
        <committee />
        <links>
          <link>
            <name>S4895</name>
            <url>https://www.congress.gov/congressional-record/volume-163/senate-section/page/S4895</url>
          </link>
        </links>
        <sourceSystem>
          <code>0</code>
          <name>Senate</name>
        </sourceSystem>
        <text>Measure laid before Senate by unanimous consent. (consideration: CR S4895)</text>
        <type>Floor</type>
      </item>
      <item>
        <actionDate>2017-07-24</actionDate>
        <committee />
        <links />
        <sourceSystem>
          <code>0</code>
          <name>Senate</name>
        </sourceSystem>
        <text>Placed on Senate Legislative Calendar under General Orders. Calendar No. 181.</text>
        <type>Calendars</type>
      </item>
      <item>
        <actionDate>2017-07-24</actionDate>
        <committee>
          <systemCode>sscm00</systemCode>
          <name>Commerce, Science, and Transportation Committee</name>
        </committee>
        <links>
          <link>
            <name>report No. 115-135</name>
            <url>https://www.congress.gov/congressional-report/115th-congress/senate-report/135</url>
          </link>
        </links>
        <sourceSystem>
          <code>0</code>
          <name>Senate</name>
        </sourceSystem>
        <text>Committee on Commerce, Science, and Transportation. Reported by Senator Thune without amendment. With written report No. 115-135.</text>
        <type>Committee</type>
      </item>
      <item>
        <text>Committee on Commerce, Science, and Transportation. Reported by Senator Thune without amendment. With written report No. 115-135.</text>
        <actionCode>14000</actionCode>
        <committee>
          <systemCode>sscm00</systemCode>
          <name>Commerce, Science, and Transportation Committee</name>
        </committee>
        <actionDate>2017-07-24</actionDate>
        <type>Committee</type>
        <sourceSystem>
          <code>9</code>
          <name>Library of Congress</name>
        </sourceSystem>
        <links>
          <link>
            <name>report No. 115-135</name>
            <url>https://www.congress.gov/congressional-report/115th-congress/senate-report/135</url>
          </link>
        </links>
      </item>
      <item>
        <actionDate>2017-04-05</actionDate>
        <committee>
          <systemCode>sscm00</systemCode>
          <name>Commerce, Science, and Transportation Committee</name>
        </committee>
        <links />
        <sourceSystem>
          <code>0</code>
          <name>Senate</name>
        </sourceSystem>
        <text>Committee on Commerce, Science, and Transportation. Ordered to be reported without amendment favorably.</text>
        <type>Committee</type>
      </item>
      <item>
        <actionDate>2017-03-29</actionDate>
        <committee>
          <systemCode>sscm00</systemCode>
          <name>Commerce, Science, and Transportation Committee</name>
        </committee>
        <links />
        <sourceSystem>
          <code>0</code>
          <name>Senate</name>
        </sourceSystem>
        <text>Read twice and referred to the Committee on Commerce, Science, and Transportation.</text>
        <type>IntroReferral</type>
      </item>
      <item>
        <text>Introduced in Senate</text>
        <actionCode>10000</actionCode>
        <committee />
        <actionDate>2017-03-29</actionDate>
        <type>IntroReferral</type>
        <sourceSystem>
          <code>9</code>
          <name>Library of Congress</name>
        </sourceSystem>
        <links />
      </item>
      <actionByCounts>
        <houseOfRepresentatives>5</houseOfRepresentatives>
        <senate>10</senate>
      </actionByCounts>
      <actionTypeCounts>
        <orderedReported>1</orderedReported>
        <passedSenate>1</passedSenate>
        <receivedInTheHouse>1</receivedInTheHouse>
        <sentToHouse>1</sentToHouse>
        <introducedInSenate>1</introducedInSenate>
        <placedOnCalendarGeneralOrders>1</placedOnCalendarGeneralOrders>
        <referredToCommittee>1</referredToCommittee>
        <billReferrals>2</billReferrals>
        <passedAgreedToInSenate>1</passedAgreedToInSenate>
        <reportedToSenate>2</reportedToSenate>
        <measureLaidBeforeSenate>1</measureLaidBeforeSenate>
        <placeholderTextForH>2</placeholderTextForH>
      </actionTypeCounts>
    </actions>
    <summaries>
      <billSummaries />
    </summaries>
    <updateDate>2018-02-22T15:28:48Z</updateDate>
    <amendments>
      <amendment>
        <latestAction>
          <actionDate>2017-08-03</actionDate>
          <text>Amendment SA 773 agreed to in Senate by Unanimous Consent.</text>
        </latestAction>
        <purpose>To improve the bill.</purpose>
        <type>SAMDT</type>
        <congress>115</congress>
        <description />
        <number>773</number>
        <amendedBill>
          <congress>115</congress>
          <title>SOS Act of 2017</title>
          <type>S</type>
          <originChamberCode>S</originChamberCode>
          <number>756</number>
          <originChamber>Senate</originChamber>
        </amendedBill>
        <amendedAmendment />
        <type>SAMDT</type>
        <congress>115</congress>
        <submittedDate>2017-08-03T04:00:00Z</submittedDate>
        <description />
        <purpose>To improve the bill.</purpose>
        <chamber>Senate</chamber>
        <sponsors>
          <item>
            <state>AK</state>
            <middleName />
            <bioguideId>S001198</bioguideId>
            <firstName>Dan</firstName>
            <lastName>Sullivan</lastName>
            <identifiers>
              <bioguideId>S001198</bioguideId>
              <gpoId />
              <lisID>2290</lisID>
            </identifiers>
            <fullName>Sen. Sullivan, Dan  [R-AK]</fullName>
            <party>R</party>
          </item>
        </sponsors>
        <actions>
          <actionTypeCounts>
            <senateAmendmentAgreedTo>1</senateAmendmentAgreedTo>
            <amendmentAgreedTo>1</amendmentAgreedTo>
            <senateAmendmentSubmitted>1</senateAmendmentSubmitted>
            <amendmentProposed>1</amendmentProposed>
            <senateAmendmentProposedOnTheFloor>1</senateAmendmentProposedOnTheFloor>
          </actionTypeCounts>
          <actionByCounts>
            <senate>5</senate>
          </actionByCounts>
          <actions>
            <item>
              <actionDate>2017-08-03</actionDate>
              <committee />
              <links>
                <link>
                  <url>https://www.congress.gov/amendment/115th-congress/senate-amendment/773</url>
                  <name>S.Amdt.773</name>
                </link>
                <link>
                  <url>https://www.congress.gov/amendment/115th-congress/senate-amendment/773</url>
                  <name>SA 773</name>
                </link>
              </links>
              <sourceSystem>
                <code>0</code>
                <name>Senate</name>
              </sourceSystem>
              <text>Amendment SA 773 agreed to in Senate by Unanimous Consent.</text>
              <type>Floor</type>
            </item>
            <item>
              <actionDate>2017-08-03</actionDate>
              <committee />
              <links>
                <link>
                  <url>https://www.congress.gov/amendment/115th-congress/senate-amendment/773</url>
                  <name>S.Amdt.773</name>
                </link>
                <link>
                  <url>https://www.congress.gov/congressional-record/volume-163/senate-section/page/S4895</url>
                  <name>S4895</name>
                </link>
                <link>
                  <url>https://www.congress.gov/amendment/115th-congress/senate-amendment/773</url>
                  <name>SA 773</name>
                </link>
              </links>
              <sourceSystem>
                <code>0</code>
                <name>Senate</name>
              </sourceSystem>
              <text>Amendment SA 773 proposed by Senator Murkowski for Senator Sullivan. (consideration: CR S4895; text: CR S4895) To improve the bill.</text>
              <type>Floor</type>
            </item>
            <item>
              <actionDate>2017-08-03</actionDate>
              <committee />
              <links />
              <text />
            </item>
            <item>
              <actionDate>2017-08-03</actionDate>
              <type>Floor</type>
              <actionCode>94000</actionCode>
              <links>
                <link>
                  <url>https://www.congress.gov/amendment/115th-congress/senate-amendment/773</url>
                  <name>S.Amdt.773</name>
                </link>
                <link>
                  <url>https://www.congress.gov/amendment/115th-congress/senate-amendment/773</url>
                  <name>SA 773</name>
                </link>
              </links>
              <text>Senate amendment agreed to: Amendment SA 773 agreed to in Senate by Unanimous Consent.</text>
              <committee />
              <sourceSystem>
                <code>9</code>
                <name>Library of Congress</name>
              </sourceSystem>
            </item>
            <item>
              <actionDate>2017-08-03</actionDate>
              <type>Floor</type>
              <actionCode>93000</actionCode>
              <links>
                <link>
                  <url>https://www.congress.gov/amendment/115th-congress/senate-amendment/773</url>
                  <name>S.Amdt.773</name>
                </link>
                <link>
                  <url>https://www.congress.gov/congressional-record/volume-163/senate-section/page/S4895</url>
                  <name>S4895</name>
                </link>
                <link>
                  <url>https://www.congress.gov/amendment/115th-congress/senate-amendment/773</url>
                  <name>SA 773</name>
                </link>
              </links>
              <text>Senate amendment proposed (on the floor): Amendment SA 773 proposed by Senator Murkowski for Senator Sullivan.(consideration: CR S4895; text: CR S4895)</text>
              <committee />
              <sourceSystem>
                <code>9</code>
                <name>Library of Congress</name>
              </sourceSystem>
            </item>
            <item>
              <actionDate>2017-08-03</actionDate>
              <type>Floor</type>
              <actionCode>91000</actionCode>
              <links />
              <text>Senate amendment submitted</text>
              <committee />
              <sourceSystem>
                <code>9</code>
                <name>Library of Congress</name>
              </sourceSystem>
            </item>
          </actions>
          <count>6</count>
        </actions>
        <notes />
        <amendments>
          <count>0</count>
        </amendments>
        <version>1.0.0</version>
        <cosponsors>
          <currentCount>0</currentCount>
          <totalCount>0</totalCount>
        </cosponsors>
        <links />
        <createDate>2017-08-04T13:57:25Z</createDate>
        <proposedDate>2017-08-03T04:00:00Z</proposedDate>
        <updateDate>2018-02-22T15:28:48Z</updateDate>
        <titles />
        <number>773</number>
      </amendment>
    </amendments>
    <subjects>
      <billSubjects>
        <legislativeSubjects>
          <item>
            <name>Coast guard</name>
          </item>
          <item>
            <name>Department of Commerce</name>
          </item>
          <item>
            <name>Department of Homeland Security</name>
          </item>
          <item>
            <name>Department of State</name>
          </item>
          <item>
            <name>Department of the Interior</name>
          </item>
          <item>
            <name>Economic performance and conditions</name>
          </item>
          <item>
            <name>Environmental assessment, monitoring, research</name>
          </item>
          <item>
            <name>Executive agency funding and structure</name>
          </item>
          <item>
            <name>Government information and archives</name>
          </item>
          <item>
            <name>Government studies and investigations</name>
          </item>
          <item>
            <name>Infrastructure development</name>
          </item>
          <item>
            <name>International law and treaties</name>
          </item>
          <item>
            <name>International organizations and cooperation</name>
          </item>
          <item>
            <name>Marine and coastal resources, fisheries</name>
          </item>
          <item>
            <name>Marine and inland water transportation</name>
          </item>
          <item>
            <name>Marine pollution</name>
          </item>
          <item>
            <name>Materials</name>
          </item>
          <item>
            <name>Research and development</name>
          </item>
          <item>
            <name>Rural conditions and development</name>
          </item>
          <item>
            <name>Solid waste and recycling</name>
          </item>
          <item>
            <name>Trade agreements and negotiations</name>
          </item>
          <item>
            <name>Wildlife conservation and habitat protection</name>
          </item>
        </legislativeSubjects>
        <policyArea>
          <name>Environmental Protection</name>
        </policyArea>
      </billSubjects>
    </subjects>
    <calendarNumbers>
      <item>
        <number>0181</number>
        <calendar>Senate Calendar of Business</calendar>
      </item>
    </calendarNumbers>
    <cosponsors>
      <item>
        <identifiers>
          <gpoId>8264</gpoId>
          <bioguideId>W000802</bioguideId>
          <lisID>1823</lisID>
        </identifiers>
        <lastName>Whitehouse</lastName>
        <firstName>Sheldon</firstName>
        <middleName />
        <sponsorshipWithdrawnDate />
        <fullName>Sen. Whitehouse, Sheldon [D-RI]</fullName>
        <isOriginalCosponsor>True</isOriginalCosponsor>
        <sponsorshipDate>2017-03-29</sponsorshipDate>
        <state>RI</state>
        <party>D</party>
        <bioguideId>W000802</bioguideId>
      </item>
      <item>
        <identifiers>
          <bioguideId>B001288</bioguideId>
          <lisID>2194</lisID>
          <gpoId />
        </identifiers>
        <lastName>Booker</lastName>
        <firstName>Cory</firstName>
        <middleName>A.</middleName>
        <sponsorshipWithdrawnDate />
        <fullName>Sen. Booker, Cory A. [D-NJ]</fullName>
        <isOriginalCosponsor>True</isOriginalCosponsor>
        <sponsorshipDate>2017-03-29</sponsorshipDate>
        <state>NJ</state>
        <party>D</party>
        <bioguideId>B001288</bioguideId>
      </item>
      <item>
        <identifiers>
          <bioguideId>C001088</bioguideId>
          <lisID>1984</lisID>
          <gpoId>8297</gpoId>
        </identifiers>
        <lastName>Coons</lastName>
        <firstName>Christopher</firstName>
        <middleName>A.</middleName>
        <sponsorshipWithdrawnDate />
        <fullName>Sen. Coons, Christopher A. [D-DE]</fullName>
        <isOriginalCosponsor>True</isOriginalCosponsor>
        <sponsorshipDate>2017-03-29</sponsorshipDate>
        <state>DE</state>
        <party>D</party>
        <bioguideId>C001088</bioguideId>
      </item>
      <item>
        <identifiers>
          <lisID>1929</lisID>
          <gpoId>7994</gpoId>
          <bioguideId>P000595</bioguideId>
        </identifiers>
        <lastName>Peters</lastName>
        <firstName>Gary</firstName>
        <middleName>C.</middleName>
        <sponsorshipWithdrawnDate />
        <fullName>Sen. Peters, Gary C. [D-MI]</fullName>
        <isOriginalCosponsor>True</isOriginalCosponsor>
        <sponsorshipDate>2017-03-29</sponsorshipDate>
        <state>MI</state>
        <party>D</party>
        <bioguideId>P000595</bioguideId>
      </item>
      <item>
        <identifiers>
          <bioguideId>I000024</bioguideId>
          <gpoId>8322</gpoId>
          <lisID>583</lisID>
        </identifiers>
        <lastName>INHOFE</lastName>
        <firstName>JIM</firstName>
        <middleName />
        <sponsorshipWithdrawnDate />
        <fullName>Sen. Inhofe, James M. [R-OK]</fullName>
        <isOriginalCosponsor>True</isOriginalCosponsor>
        <sponsorshipDate>2017-03-29</sponsorshipDate>
        <state>OK</state>
        <party>R</party>
        <bioguideId>I000024</bioguideId>
      </item>
      <item>
        <identifiers>
          <bioguideId>T000476</bioguideId>
          <gpoId />
          <lisID>2291</lisID>
        </identifiers>
        <lastName>Tillis</lastName>
        <firstName>Thomas</firstName>
        <middleName>Roland</middleName>
        <sponsorshipWithdrawnDate />
        <fullName>Sen. Tillis, Thom [R-NC]</fullName>
        <isOriginalCosponsor>True</isOriginalCosponsor>
        <sponsorshipDate>2017-03-29</sponsorshipDate>
        <state>NC</state>
        <party>R</party>
        <bioguideId>T000476</bioguideId>
      </item>
      <item>
        <identifiers>
          <bioguideId>M001153</bioguideId>
          <gpoId>8234</gpoId>
          <lisID>1694</lisID>
        </identifiers>
        <lastName>Murkowski</lastName>
        <firstName>Lisa</firstName>
        <middleName />
        <sponsorshipWithdrawnDate />
        <fullName>Sen. Murkowski, Lisa [R-AK]</fullName>
        <isOriginalCosponsor>True</isOriginalCosponsor>
        <sponsorshipDate>2017-03-29</sponsorshipDate>
        <state>AK</state>
        <party>R</party>
        <bioguideId>M001153</bioguideId>
      </item>
      <item>
        <identifiers>
          <bioguideId>W000779</bioguideId>
          <gpoId>8265</gpoId>
          <lisID>1247</lisID>
        </identifiers>
        <lastName>WYDEN</lastName>
        <firstName>RON</firstName>
        <middleName />
        <sponsorshipWithdrawnDate />
        <fullName>Sen. Wyden, Ron [D-OR]</fullName>
        <isOriginalCosponsor>False</isOriginalCosponsor>
        <sponsorshipDate>2017-05-24</sponsorshipDate>
        <state>OR</state>
        <party>D</party>
        <bioguideId>W000779</bioguideId>
      </item>
      <item>
        <identifiers>
          <gpoId>8260</gpoId>
          <bioguideId>U000039</bioguideId>
          <lisID>1567</lisID>
        </identifiers>
        <lastName>UDALL</lastName>
        <firstName>TOM</firstName>
        <middleName />
        <sponsorshipWithdrawnDate />
        <fullName>Sen. Udall, Tom [D-NM]</fullName>
        <isOriginalCosponsor>False</isOriginalCosponsor>
        <sponsorshipDate>2017-05-24</sponsorshipDate>
        <state>NM</state>
        <party>D</party>
        <bioguideId>U000039</bioguideId>
      </item>
      <item>
        <identifiers>
          <bioguideId>S001194</bioguideId>
          <lisID>2173</lisID>
          <gpoId />
        </identifiers>
        <lastName>Schatz</lastName>
        <firstName>Brian</firstName>
        <middleName />
        <sponsorshipWithdrawnDate />
        <fullName>Sen. Schatz, Brian [D-HI]</fullName>
        <isOriginalCosponsor>False</isOriginalCosponsor>
        <sponsorshipDate>2017-05-24</sponsorshipDate>
        <state>HI</state>
        <party>D</party>
        <bioguideId>S001194</bioguideId>
      </item>
      <item>
        <identifiers>
          <bioguideId>K000383</bioguideId>
          <gpoId />
          <lisID>2185</lisID>
        </identifiers>
        <lastName>King</lastName>
        <firstName>Angus</firstName>
        <middleName />
        <sponsorshipWithdrawnDate />
        <fullName>Sen. King, Angus S., Jr. [I-ME]</fullName>
        <isOriginalCosponsor>False</isOriginalCosponsor>
        <sponsorshipDate>2017-05-24</sponsorshipDate>
        <state>ME</state>
        <party>I</party>
        <bioguideId>K000383</bioguideId>
      </item>
      <item>
        <identifiers>
          <bioguideId>K000393</bioguideId>
          <lisID>2303</lisID>
          <gpoId />
        </identifiers>
        <lastName>Kennedy</lastName>
        <firstName>John</firstName>
        <middleName>Neely</middleName>
        <sponsorshipWithdrawnDate />
        <fullName>Sen. Kennedy, John [R-LA]</fullName>
        <isOriginalCosponsor>False</isOriginalCosponsor>
        <sponsorshipDate>2017-05-24</sponsorshipDate>
        <state>LA</state>
        <party>R</party>
        <bioguideId>K000393</bioguideId>
      </item>
      <item>
        <identifiers>
          <bioguideId>C001035</bioguideId>
          <gpoId>8291</gpoId>
          <lisID>1541</lisID>
        </identifiers>
        <lastName>COLLINS</lastName>
        <firstName>SUSAN</firstName>
        <middleName>MARGARET</middleName>
        <sponsorshipWithdrawnDate />
        <fullName>Sen. Collins, Susan M. [R-ME]</fullName>
        <isOriginalCosponsor>False</isOriginalCosponsor>
        <sponsorshipDate>2017-05-24</sponsorshipDate>
        <state>ME</state>
        <party>R</party>
        <bioguideId>C001035</bioguideId>
      </item>
      <item>
        <identifiers>
          <bioguideId>C001075</bioguideId>
          <gpoId>7964</gpoId>
          <lisID>1925</lisID>
        </identifiers>
        <lastName>Cassidy</lastName>
        <firstName>Bill</firstName>
        <middleName />
        <sponsorshipWithdrawnDate />
        <fullName>Sen. Cassidy, Bill [R-LA]</fullName>
        <isOriginalCosponsor>False</isOriginalCosponsor>
        <sponsorshipDate>2017-05-24</sponsorshipDate>
        <state>LA</state>
        <party>R</party>
        <bioguideId>C001075</bioguideId>
      </item>
      <item>
        <identifiers>
          <lisID>924</lisID>
          <gpoId>8266</gpoId>
          <bioguideId>P000449</bioguideId>
        </identifiers>
        <lastName>PORTMAN</lastName>
        <firstName>ROB</firstName>
        <middleName />
        <sponsorshipWithdrawnDate />
        <fullName>Sen. Portman, Rob [R-OH]</fullName>
        <isOriginalCosponsor>False</isOriginalCosponsor>
        <sponsorshipDate>2017-07-11</sponsorshipDate>
        <state>OH</state>
        <party>R</party>
        <bioguideId>P000449</bioguideId>
      </item>
      <item>
        <identifiers>
          <gpoId>7983</gpoId>
          <bioguideId>V000128</bioguideId>
          <lisID>1729</lisID>
        </identifiers>
        <lastName>Van Hollen</lastName>
        <firstName>Chris</firstName>
        <middleName />
        <sponsorshipWithdrawnDate />
        <fullName>Sen. Van Hollen, Chris [D-MD]</fullName>
        <isOriginalCosponsor>False</isOriginalCosponsor>
        <sponsorshipDate>2017-07-11</sponsorshipDate>
        <state>MD</state>
        <party>D</party>
        <bioguideId>V000128</bioguideId>
      </item>
      <item>
        <identifiers>
          <bioguideId>W000817</bioguideId>
          <gpoId />
          <lisID>2182</lisID>
        </identifiers>
        <lastName>Warren</lastName>
        <firstName>Elizabeth</firstName>
        <middleName>A.</middleName>
        <sponsorshipWithdrawnDate />
        <fullName>Sen. Warren, Elizabeth [D-MA]</fullName>
        <isOriginalCosponsor>False</isOriginalCosponsor>
        <sponsorshipDate>2017-07-11</sponsorshipDate>
        <state>MA</state>
        <party>D</party>
        <bioguideId>W000817</bioguideId>
      </item>
      <item>
        <identifiers>
          <bioguideId>M000133</bioguideId>
          <lisID>735</lisID>
          <gpoId>7972</gpoId>
        </identifiers>
        <lastName>MARKEY</lastName>
        <firstName>EDWARD</firstName>
        <middleName>J.</middleName>
        <sponsorshipWithdrawnDate />
        <fullName>Sen. Markey, Edward J. [D-MA]</fullName>
        <isOriginalCosponsor>False</isOriginalCosponsor>
        <sponsorshipDate>2017-07-11</sponsorshipDate>
        <state>MA</state>
        <party>D</party>
        <bioguideId>M000133</bioguideId>
      </item>
      <item>
        <identifiers>
          <bioguideId>S001181</bioguideId>
          <lisID>1901</lisID>
          <gpoId>8276</gpoId>
        </identifiers>
        <lastName>Shaheen</lastName>
        <firstName>Jeanne</firstName>
        <middleName />
        <sponsorshipWithdrawnDate />
        <fullName>Sen. Shaheen, Jeanne [D-NH]</fullName>
        <isOriginalCosponsor>False</isOriginalCosponsor>
        <sponsorshipDate>2017-08-03</sponsorshipDate>
        <state>NH</state>
        <party>D</party>
        <bioguideId>S001181</bioguideId>
      </item>
      <item>
        <identifiers>
          <lisID>2084</lisID>
          <gpoId>8242</gpoId>
          <bioguideId>R000595</bioguideId>
        </identifiers>
        <lastName>Rubio</lastName>
        <firstName>Marco</firstName>
        <middleName />
        <sponsorshipWithdrawnDate />
        <fullName>Sen. Rubio, Marco [R-FL]</fullName>
        <isOriginalCosponsor>False</isOriginalCosponsor>
        <sponsorshipDate>2017-08-03</sponsorshipDate>
        <state>FL</state>
        <party>R</party>
        <bioguideId>R000595</bioguideId>
      </item>
      <item>
        <identifiers>
          <bioguideId>M001169</bioguideId>
          <lisID>1837</lisID>
          <gpoId>7870</gpoId>
        </identifiers>
        <lastName>Murphy</lastName>
        <firstName>Christopher</firstName>
        <middleName />
        <sponsorshipWithdrawnDate />
        <fullName>Sen. Murphy, Christopher [D-CT]</fullName>
        <isOriginalCosponsor>False</isOriginalCosponsor>
        <sponsorshipDate>2017-08-03</sponsorshipDate>
        <state>CT</state>
        <party>D</party>
        <bioguideId>M001169</bioguideId>
      </item>
    </cosponsors>
    <titles>
      <item>
        <chamberName>Senate</chamberName>
        <parentTitleType>Short Titles Senate</parentTitleType>
        <title>SOS Act of 2017</title>
        <chamberCode>S</chamberCode>
        <titleType>Short Titles as Passed Senate</titleType>
      </item>
      <item>
        <chamberName>Senate</chamberName>
        <parentTitleType>Short Titles Senate</parentTitleType>
        <title>Save Our Seas Act of 2017</title>
        <chamberCode>S</chamberCode>
        <titleType>Short Titles as Passed Senate</titleType>
      </item>
      <item>
        <chamberName>Senate</chamberName>
        <parentTitleType>Short Titles Senate</parentTitleType>
        <title>SOS Act of 2017</title>
        <chamberCode>S</chamberCode>
        <titleType>Short Titles as Reported to Senate</titleType>
      </item>
      <item>
        <chamberName>Senate</chamberName>
        <parentTitleType>Short Titles Senate</parentTitleType>
        <title>Save Our Seas Act of 2017</title>
        <chamberCode>S</chamberCode>
        <titleType>Short Titles as Reported to Senate</titleType>
      </item>
      <item>
        <chamberName />
        <parentTitleType />
        <title>SOS Act of 2017</title>
        <chamberCode />
        <titleType>Short Titles as Introduced</titleType>
      </item>
      <item>
        <chamberName />
        <parentTitleType />
        <title>Save Our Seas Act of 2017</title>
        <chamberCode />
        <titleType>Short Titles as Introduced</titleType>
      </item>
      <item>
        <chamberName />
        <parentTitleType />
        <title>A bill to reauthorize and amend the Marine Debris Act to promote international action to reduce marine debris, and for other purposes.</title>
        <chamberCode />
        <titleType>Official Title as Introduced</titleType>
      </item>
      <item>
        <chamberName />
        <parentTitleType />
        <title>SOS Act of 2017</title>
        <chamberCode />
        <titleType>Display Title</titleType>
      </item>
      <item>
        <chamberName>Senate</chamberName>
        <parentTitleType />
        <title>SOS Act of 2017</title>
        <chamberCode>S</chamberCode>
        <titleType>(Extracted from GPO) Short Titles as Passed Senate</titleType>
      </item>
      <item>
        <chamberName>Senate</chamberName>
        <parentTitleType />
        <title>Save Our Seas Act of 2017</title>
        <chamberCode>S</chamberCode>
        <titleType>(Extracted from GPO) Short Titles as Passed Senate</titleType>
      </item>
      <item>
        <chamberName>Senate</chamberName>
        <parentTitleType />
        <title>SOS Act of 2017</title>
        <chamberCode>S</chamberCode>
        <titleType>(Extracted from GPO) Short Titles as Reported to Senate</titleType>
      </item>
      <item>
        <chamberName>Senate</chamberName>
        <parentTitleType />
        <title>Save Our Seas Act of 2017</title>
        <chamberCode>S</chamberCode>
        <titleType>(Extracted from GPO) Short Titles as Reported to Senate</titleType>
      </item>
      <item>
        <chamberName />
        <parentTitleType />
        <title>SOS Act of 2017</title>
        <chamberCode />
        <titleType>(Extracted from GPO) Short Titles as Introduced</titleType>
      </item>
      <item>
        <chamberName />
        <parentTitleType />
        <title>Save Our Seas Act of 2017</title>
        <chamberCode />
        <titleType>(Extracted from GPO) Short Titles as Introduced</titleType>
      </item>
    </titles>
    <relatedBills>
      <item>
        <relationshipDetails>
          <item>
            <identifiedBy>CRS</identifiedBy>
            <type>Identical bill</type>
          </item>
        </relationshipDetails>
        <type>HR</type>
        <latestTitle>SOS Act of 2017</latestTitle>
        <number>2748</number>
        <congress>115</congress>
        <latestAction>
          <actionDate>2017-06-12</actionDate>
          <text>Referred to the Subcommittee on Water, Power and Oceans.</text>
        </latestAction>
      </item>
    </relatedBills>
    <policyArea>
      <name>Environmental Protection</name>
    </policyArea>
    <version>1.0.0</version>
    <latestAction>
      <actionDate>2017-08-08</actionDate>
      <links />
      <text>Referred to the Subcommittee on Water, Power and Oceans.</text>
    </latestAction>
    <originChamber>Senate</originChamber>
    <sponsors>
      <item>
        <state>AK</state>
        <fullName>Sen. Sullivan, Dan  [R-AK]</fullName>
        <bioguideId>S001198</bioguideId>
        <firstName>Dan</firstName>
        <byRequestType />
        <party>R</party>
        <middleName />
        <identifiers>
          <bioguideId>S001198</bioguideId>
          <gpoId />
          <lisID>2290</lisID>
        </identifiers>
        <lastName>Sullivan</lastName>
      </item>
    </sponsors>
    <cboCostEstimates>
      <item>
        <title>S. 756, Save Our Seas Act of 2017</title>
        <pubDate>2017-05-02T19:27:00Z</pubDate>
        <url>https://www.cbo.gov/publication/52686</url>
      </item>
    </cboCostEstimates>
    <createDate>2017-03-30T04:33:14Z</createDate>
    <congress>115</congress>
    <recordedVotes />
    <laws />
    <title>SOS Act of 2017</title>
    <committeeReports>
      <committeeReport>
        <citation>S. Rept. 115-135</citation>
      </committeeReport>
    </committeeReports>
    <billNumber>756</billNumber>
    <notes />
  </bill>
  <dublinCore xmlns:dc="http://purl.org/dc/elements/1.1/">
    <dc:format>text/xml</dc:format>
    <dc:language>EN</dc:language>
    <dc:rights>Pursuant to Title 17 Section 105 of the United States Code, this file is not subject to copyright protection and is in the public domain.</dc:rights>
    <dc:contributor>Congressional Research Service, Library of Congress</dc:contributor>
    <dc:description>This file contains bill summaries and statuses for federal legislation. A bill summary describes the most significant provisions of a piece of legislation and details the effects the legislative text may have on current law and federal programs. Bill summaries are authored by the Congressional Research Service (CRS) of the Library of Congress. As stated in Public Law 91-510 (2 USC 166 (d)(6)), one of the duties of CRS is "to prepare summaries and digests of bills and resolutions of a public general nature introduced in the Senate or House of Representatives". For more information, refer to the User Guide that accompanies this file.</dc:description>
  </dublinCore>
</billStatus>

