<?xml version="1.0" encoding="UTF-8"?>
<billStatus>
  <bill>
    <titles>
      <item>
        <titleType>(Extracted from GPO) Short Titles as Introduced</titleType>
        <parentTitleType />
        <chamberName />
        <title>Judgment Fund Transparency Act of 2017</title>
        <chamberCode />
      </item>
      <item>
        <titleType>Short Titles as Introduced</titleType>
        <parentTitleType />
        <chamberName />
        <title>Judgment Fund Transparency Act of 2017</title>
        <chamberCode />
      </item>
      <item>
        <titleType>Official Title as Introduced</titleType>
        <parentTitleType />
        <chamberName />
        <title>A bill to amend title 31, United States Code, to provide for transparency of payments made from the Judgment Fund.</title>
        <chamberCode />
      </item>
      <item>
        <titleType>Display Title</titleType>
        <parentTitleType />
        <chamberName />
        <title>Judgment Fund Transparency Act of 2017</title>
        <chamberCode />
      </item>
    </titles>
    <committeeReports />
    <sponsors>
      <item>
        <firstName>Deb</firstName>
        <identifiers>
          <gpoId />
          <lisID>2179</lisID>
          <bioguideId>F000463</bioguideId>
        </identifiers>
        <party>R</party>
        <bioguideId>F000463</bioguideId>
        <lastName>Fischer</lastName>
        <fullName>Sen. Fischer, Deb [R-NE]</fullName>
        <byRequestType />
        <middleName />
        <state>NE</state>
      </item>
    </sponsors>
    <title>Judgment Fund Transparency Act of 2017</title>
    <actions>
      <actionByCounts>
        <senate>2</senate>
      </actionByCounts>
      <item>
        <actionDate>2017-03-08</actionDate>
        <committee>
          <name>Judiciary Committee</name>
          <systemCode>ssju00</systemCode>
        </committee>
        <links />
        <sourceSystem>
          <name>Senate</name>
          <code>0</code>
        </sourceSystem>
        <text>Read twice and referred to the Committee on the Judiciary.</text>
        <type>IntroReferral</type>
      </item>
      <item>
        <text>Introduced in Senate</text>
        <type>IntroReferral</type>
        <sourceSystem>
          <name>Library of Congress</name>
          <code>9</code>
        </sourceSystem>
        <committee />
        <actionCode>10000</actionCode>
        <actionDate>2017-03-08</actionDate>
        <links />
      </item>
      <actionTypeCounts>
        <referredToCommittee>1</referredToCommittee>
        <introducedInSenate>1</introducedInSenate>
      </actionTypeCounts>
    </actions>
    <summaries>
      <billSummaries>
        <item>
          <versionCode>00</versionCode>
          <text><![CDATA[<p><b>Judgment Fund Transparency Act of 2017</b></p> <p>This bill requires the Department of the Treasury to disclose details after payments are made from the Judgment Fund. The Judgment Fund is a permanent and indefinite appropriation to pay judgments against the United States. Unless the disclosure is prohibited by law or a court order, Treasury is required to make available to the public on a website: the agency or entity whose actions gave rise to the claim or judgment, the plaintiff or claimant, the counsel for the plaintiff or claimant, the amount paid, a description of the facts that gave rise to the claim, and the agency that submitted the claim. </p>]]></text>
          <actionDesc>Introduced in Senate</actionDesc>
          <actionDate>2017-03-08</actionDate>
          <lastSummaryUpdateDate>2017-03-27T17:41:53Z</lastSummaryUpdateDate>
          <name>Introduced in Senate</name>
          <updateDate>2017-03-08T05:00:00Z</updateDate>
        </item>
      </billSummaries>
    </summaries>
    <recordedVotes />
    <billNumber>565</billNumber>
    <calendarNumbers />
    <cosponsors>
      <item>
        <party>R</party>
        <bioguideId>G000562</bioguideId>
        <isOriginalCosponsor>True</isOriginalCosponsor>
        <firstName>Cory</firstName>
        <middleName />
        <sponsorshipWithdrawnDate />
        <sponsorshipDate>2017-03-08</sponsorshipDate>
        <fullName>Sen. Gardner, Cory [R-CO]</fullName>
        <identifiers>
          <lisID>1998</lisID>
          <bioguideId>G000562</bioguideId>
          <gpoId>7862</gpoId>
        </identifiers>
        <lastName>Gardner</lastName>
        <state>CO</state>
      </item>
      <item>
        <party>R</party>
        <bioguideId>G000386</bioguideId>
        <isOriginalCosponsor>True</isOriginalCosponsor>
        <firstName>CHARLES</firstName>
        <middleName>ERNEST</middleName>
        <sponsorshipWithdrawnDate />
        <sponsorshipDate>2017-03-08</sponsorshipDate>
        <fullName>Sen. Grassley, Chuck [R-IA]</fullName>
        <identifiers>
          <lisID>457</lisID>
          <bioguideId>G000386</bioguideId>
          <gpoId>8316</gpoId>
        </identifiers>
        <lastName>GRASSLEY</lastName>
        <state>IA</state>
      </item>
      <item>
        <party>R</party>
        <bioguideId>C000880</bioguideId>
        <isOriginalCosponsor>True</isOriginalCosponsor>
        <firstName>MICHAEL</firstName>
        <middleName>D.</middleName>
        <sponsorshipWithdrawnDate />
        <sponsorshipDate>2017-03-08</sponsorshipDate>
        <fullName>Sen. Crapo, Mike [R-ID]</fullName>
        <identifiers>
          <lisID>250</lisID>
          <gpoId>8289</gpoId>
          <bioguideId>C000880</bioguideId>
        </identifiers>
        <lastName>CRAPO</lastName>
        <state>ID</state>
      </item>
    </cosponsors>
    <version>1.0.0</version>
    <subjects>
      <billSubjects>
        <policyArea>
          <name>Government Operations and Politics</name>
        </policyArea>
        <legislativeSubjects>
          <item>
            <name>Government information and archives</name>
          </item>
          <item>
            <name>Government liability</name>
          </item>
        </legislativeSubjects>
      </billSubjects>
    </subjects>
    <latestAction>
      <text>Read twice and referred to the Committee on the Judiciary.</text>
      <links />
      <actionDate>2017-03-08</actionDate>
    </latestAction>
    <originChamber>Senate</originChamber>
    <laws />
    <notes />
    <createDate>2017-03-09T05:25:16Z</createDate>
    <billType>S</billType>
    <updateDate>2018-02-06T16:44:56Z</updateDate>
    <policyArea>
      <name>Government Operations and Politics</name>
    </policyArea>
    <cboCostEstimates />
    <introducedDate>2017-03-08</introducedDate>
    <amendments />
    <relatedBills>
      <item>
        <latestTitle>Judgment Fund Transparency Act of 2017</latestTitle>
        <number>1096</number>
        <latestAction>
          <actionDate>2017-10-16</actionDate>
          <text>Placed on the Union Calendar, Calendar No. 252.</text>
        </latestAction>
        <congress>115</congress>
        <relationshipDetails>
          <item>
            <identifiedBy>CRS</identifiedBy>
            <type>Related bill</type>
          </item>
        </relationshipDetails>
        <type>HR</type>
      </item>
      <item>
        <latestTitle>Judgment Fund Transparency and Terrorism Financing Prevention Act of 2017</latestTitle>
        <number>386</number>
        <latestAction>
          <actionDate>2017-02-15</actionDate>
          <text>Read twice and referred to the Committee on the Judiciary.</text>
        </latestAction>
        <congress>115</congress>
        <relationshipDetails>
          <item>
            <identifiedBy>CRS</identifiedBy>
            <type>Related bill</type>
          </item>
        </relationshipDetails>
        <type>S</type>
      </item>
    </relatedBills>
    <congress>115</congress>
    <committees>
      <billCommittees>
        <item>
          <systemCode>ssju00</systemCode>
          <chamber>Senate</chamber>
          <type>Standing</type>
          <activities>
            <item>
              <name>Referred to</name>
              <date>2017-03-08T15:08:02Z</date>
            </item>
          </activities>
          <name>Judiciary Committee</name>
          <subcommittees />
        </item>
      </billCommittees>
    </committees>
  </bill>
  <dublinCore xmlns:dc="http://purl.org/dc/elements/1.1/">
    <dc:format>text/xml</dc:format>
    <dc:language>EN</dc:language>
    <dc:rights>Pursuant to Title 17 Section 105 of the United States Code, this file is not subject to copyright protection and is in the public domain.</dc:rights>
    <dc:contributor>Congressional Research Service, Library of Congress</dc:contributor>
    <dc:description>This file contains bill summaries and statuses for federal legislation. A bill summary describes the most significant provisions of a piece of legislation and details the effects the legislative text may have on current law and federal programs. Bill summaries are authored by the Congressional Research Service (CRS) of the Library of Congress. As stated in Public Law 91-510 (2 USC 166 (d)(6)), one of the duties of CRS is "to prepare summaries and digests of bills and resolutions of a public general nature introduced in the Senate or House of Representatives". For more information, refer to the User Guide that accompanies this file.</dc:description>
  </dublinCore>
</billStatus>

