<?xml version="1.0" encoding="UTF-8"?>
<billStatus>
  <bill>
    <policyArea>
      <name>Environmental Protection</name>
    </policyArea>
    <committeeReports />
    <congress>115</congress>
    <sponsors>
      <item>
        <identifiers>
          <lisID>1633</lisID>
          <bioguideId>F000444</bioguideId>
          <gpoId>7803</gpoId>
        </identifiers>
        <middleName />
        <byRequestType />
        <fullName>Sen. Flake, Jeff [R-AZ]</fullName>
        <bioguideId>F000444</bioguideId>
        <state>AZ</state>
        <party>R</party>
        <firstName>JEFF</firstName>
        <lastName>FLAKE</lastName>
      </item>
    </sponsors>
    <calendarNumbers />
    <amendments />
    <relatedBills />
    <notes />
    <originChamber>Senate</originChamber>
    <version>1.0.0</version>
    <billNumber>452</billNumber>
    <title>ORDEAL Act of 2017</title>
    <cosponsors>
      <item>
        <isOriginalCosponsor>True</isOriginalCosponsor>
        <fullName>Sen. McCain, John [R-AZ]</fullName>
        <firstName>JOHN</firstName>
        <identifiers>
          <bioguideId>M000303</bioguideId>
          <lisID>754</lisID>
          <gpoId>8253</gpoId>
        </identifiers>
        <party>R</party>
        <sponsorshipDate>2017-02-27</sponsorshipDate>
        <lastName>MCCAIN</lastName>
        <bioguideId>M000303</bioguideId>
        <state>AZ</state>
        <middleName>SIDNEY</middleName>
        <sponsorshipWithdrawnDate />
      </item>
      <item>
        <isOriginalCosponsor>True</isOriginalCosponsor>
        <fullName>Sen. Wicker, Roger F. [R-MS]</fullName>
        <firstName>ROGER</firstName>
        <identifiers>
          <lisID>1226</lisID>
          <bioguideId>W000437</bioguideId>
          <gpoId>8263</gpoId>
        </identifiers>
        <party>R</party>
        <sponsorshipDate>2017-02-27</sponsorshipDate>
        <lastName>WICKER</lastName>
        <bioguideId>W000437</bioguideId>
        <state>MS</state>
        <middleName>F.</middleName>
        <sponsorshipWithdrawnDate />
      </item>
      <item>
        <isOriginalCosponsor>True</isOriginalCosponsor>
        <fullName>Sen. Capito, Shelley Moore [R-WV]</fullName>
        <firstName>SHELLEY</firstName>
        <identifiers>
          <lisID>1676</lisID>
          <bioguideId>C001047</bioguideId>
          <gpoId>8223</gpoId>
        </identifiers>
        <party>R</party>
        <sponsorshipDate>2017-02-27</sponsorshipDate>
        <lastName>CAPITO</lastName>
        <bioguideId>C001047</bioguideId>
        <state>WV</state>
        <middleName>MOORE</middleName>
        <sponsorshipWithdrawnDate />
      </item>
      <item>
        <isOriginalCosponsor>True</isOriginalCosponsor>
        <fullName>Sen. Cotton, Tom [R-AR]</fullName>
        <firstName>Tom</firstName>
        <identifiers>
          <lisID>2098</lisID>
          <gpoId />
          <bioguideId>C001095</bioguideId>
        </identifiers>
        <party>R</party>
        <sponsorshipDate>2017-02-27</sponsorshipDate>
        <lastName>Cotton</lastName>
        <bioguideId>C001095</bioguideId>
        <state>AR</state>
        <middleName />
        <sponsorshipWithdrawnDate />
      </item>
    </cosponsors>
    <subjects>
      <billSubjects>
        <legislativeSubjects>
          <item>
            <name>Administrative law and regulatory procedures</name>
          </item>
          <item>
            <name>Air quality</name>
          </item>
          <item>
            <name>Environmental Protection Agency (EPA)</name>
          </item>
          <item>
            <name>Environmental regulatory procedures</name>
          </item>
        </legislativeSubjects>
        <policyArea>
          <name>Environmental Protection</name>
        </policyArea>
      </billSubjects>
    </subjects>
    <laws />
    <actions>
      <actionTypeCounts>
        <hearingsHeld>1</hearingsHeld>
        <introducedInSenate>1</introducedInSenate>
        <referredToCommittee>1</referredToCommittee>
      </actionTypeCounts>
      <item>
        <actionDate>2017-05-23</actionDate>
        <committee>
          <systemCode>ssev10</systemCode>
          <name>Clean Air and Nuclear Safety Subcommittee</name>
        </committee>
        <links />
        <sourceSystem>
          <name>Senate</name>
          <code>0</code>
        </sourceSystem>
        <text>Committee on Environment and Public Works Subcommittee on Clean Air and Nuclear Safety. Hearings held. With printed Hearing: S.Hrg. 115-103.</text>
        <type>Committee</type>
      </item>
      <item>
        <actionDate>2017-02-27</actionDate>
        <committee>
          <systemCode>ssev00</systemCode>
          <name>Environment and Public Works Committee</name>
        </committee>
        <links />
        <sourceSystem>
          <name>Senate</name>
          <code>0</code>
        </sourceSystem>
        <text>Read twice and referred to the Committee on Environment and Public Works.</text>
        <type>IntroReferral</type>
      </item>
      <item>
        <type>IntroReferral</type>
        <links />
        <text>Introduced in Senate</text>
        <committee />
        <actionDate>2017-02-27</actionDate>
        <sourceSystem>
          <name>Library of Congress</name>
          <code>9</code>
        </sourceSystem>
        <actionCode>10000</actionCode>
      </item>
      <actionByCounts>
        <senate>3</senate>
      </actionByCounts>
    </actions>
    <titles>
      <item>
        <parentTitleType />
        <chamberCode />
        <chamberName />
        <titleType>(Extracted from GPO) Short Titles as Introduced</titleType>
        <title>ORDEAL Act of 2017</title>
      </item>
      <item>
        <parentTitleType />
        <chamberCode />
        <chamberName />
        <titleType>(Extracted from GPO) Short Titles as Introduced</titleType>
        <title>Ozone Regulatory Delay and Extension of Assessment Length Act of 2017</title>
      </item>
      <item>
        <parentTitleType />
        <chamberCode />
        <chamberName />
        <titleType>Short Titles as Introduced</titleType>
        <title>ORDEAL Act of 2017</title>
      </item>
      <item>
        <parentTitleType />
        <chamberCode />
        <chamberName />
        <titleType>Short Titles as Introduced</titleType>
        <title>Ozone Regulatory Delay and Extension of Assessment Length Act of 2017</title>
      </item>
      <item>
        <parentTitleType />
        <chamberCode />
        <chamberName />
        <titleType>Official Title as Introduced</titleType>
        <title>A bill to amend the Clean Air Act to delay the enforcement and implementation of the 2015 national ambient air quality standards for ozone.</title>
      </item>
      <item>
        <parentTitleType />
        <chamberCode />
        <chamberName />
        <titleType>Display Title</titleType>
        <title>ORDEAL Act of 2017</title>
      </item>
    </titles>
    <summaries>
      <billSummaries>
        <item>
          <updateDate>2017-02-27T05:00:00Z</updateDate>
          <actionDesc>Introduced in Senate</actionDesc>
          <versionCode>00</versionCode>
          <name>Introduced in Senate</name>
          <text><![CDATA[<p><b>Ozone Regulatory Delay and Extension of Assessment Length Act of 2017 or the ORDEAL Act of 2017</b></p> <p>This bill amends the Clean Air Act to lengthen from 5 years to 10 years the intervals at which the Environmental Protection Agency (EPA) is required to review and revise air quality criteria and primary and secondary national ambient air quality standards (NAAQS). This bill eliminates the EPA's authority to review and revise criteria or promulgate new standards for ozone concentrations earlier or more frequently than required. The EPA must delay until 2025 the enforcement and implementation of the rule entitled, &quot;National Ambient Air Quality Standards for Ozone.&quot; No earlier than 2025, the EPA must initiate a new rulemaking to promulgate NAAQS for ozone concentrations.</p> <p>The intervals at which an independent scientific review committee is required to review air quality criteria and NAAQS and recommend any new standards or revisions to existing criteria and standards are lengthened from 5 years to 10 years. The bill delays the review by an independent scientific review committee of NAAQS for ozone concentrations until 2025. </p>]]></text>
          <lastSummaryUpdateDate>2017-09-21T15:27:53Z</lastSummaryUpdateDate>
          <actionDate>2017-02-27</actionDate>
        </item>
      </billSummaries>
    </summaries>
    <committees>
      <billCommittees>
        <item>
          <systemCode>ssev00</systemCode>
          <chamber>Senate</chamber>
          <type>Standing</type>
          <activities>
            <item>
              <date>2017-02-27T22:56:04Z</date>
              <name>Referred to</name>
            </item>
          </activities>
          <name>Environment and Public Works Committee</name>
          <subcommittees>
            <item>
              <activities>
                <item>
                  <date>2017-05-23T18:30:36Z</date>
                  <name>Hearings by</name>
                </item>
              </activities>
              <systemCode>ssev10</systemCode>
              <name>Clean Air and Nuclear Safety Subcommittee</name>
            </item>
          </subcommittees>
        </item>
      </billCommittees>
    </committees>
    <introducedDate>2017-02-27</introducedDate>
    <updateDate>2018-02-06T16:44:50Z</updateDate>
    <cboCostEstimates />
    <recordedVotes />
    <billType>S</billType>
    <createDate>2017-02-28T05:17:32Z</createDate>
    <latestAction>
      <text>Committee on Environment and Public Works Subcommittee on Clean Air and Nuclear Safety. Hearings held. With printed Hearing: S.Hrg. 115-103.</text>
      <links />
      <actionDate>2017-05-23</actionDate>
    </latestAction>
  </bill>
  <dublinCore xmlns:dc="http://purl.org/dc/elements/1.1/">
    <dc:format>text/xml</dc:format>
    <dc:language>EN</dc:language>
    <dc:rights>Pursuant to Title 17 Section 105 of the United States Code, this file is not subject to copyright protection and is in the public domain.</dc:rights>
    <dc:contributor>Congressional Research Service, Library of Congress</dc:contributor>
    <dc:description>This file contains bill summaries and statuses for federal legislation. A bill summary describes the most significant provisions of a piece of legislation and details the effects the legislative text may have on current law and federal programs. Bill summaries are authored by the Congressional Research Service (CRS) of the Library of Congress. As stated in Public Law 91-510 (2 USC 166 (d)(6)), one of the duties of CRS is "to prepare summaries and digests of bills and resolutions of a public general nature introduced in the Senate or House of Representatives". For more information, refer to the User Guide that accompanies this file.</dc:description>
  </dublinCore>
</billStatus>

