<?xml version="1.0" encoding="UTF-8"?>
<billStatus>
  <bill>
    <policyArea>
      <name>Science, Technology, Communications</name>
    </policyArea>
    <committeeReports />
    <congress>115</congress>
    <sponsors>
      <item>
        <identifiers>
          <gpoId>7972</gpoId>
          <lisID>735</lisID>
          <bioguideId>M000133</bioguideId>
        </identifiers>
        <middleName>J.</middleName>
        <byRequestType />
        <fullName>Sen. Markey, Edward J. [D-MA]</fullName>
        <bioguideId>M000133</bioguideId>
        <state>MA</state>
        <party>D</party>
        <firstName>EDWARD</firstName>
        <lastName>MARKEY</lastName>
      </item>
    </sponsors>
    <calendarNumbers />
    <amendments />
    <relatedBills />
    <notes />
    <originChamber>Senate</originChamber>
    <version>1.0.0</version>
    <billNumber>564</billNumber>
    <title>HANGUP Act</title>
    <cosponsors>
      <item>
        <identifiers>
          <bioguideId>L000577</bioguideId>
          <gpoId>8303</gpoId>
          <lisID>2080</lisID>
        </identifiers>
        <bioguideId>L000577</bioguideId>
        <sponsorshipDate>2017-03-08</sponsorshipDate>
        <middleName />
        <fullName>Sen. Lee, Mike [R-UT]</fullName>
        <sponsorshipWithdrawnDate />
        <state>UT</state>
        <party>R</party>
        <firstName>Mike</firstName>
        <isOriginalCosponsor>True</isOriginalCosponsor>
        <lastName>Lee</lastName>
      </item>
    </cosponsors>
    <subjects>
      <billSubjects>
        <legislativeSubjects>
          <item>
            <name>Administrative law and regulatory procedures</name>
          </item>
          <item>
            <name>Debt collection</name>
          </item>
          <item>
            <name>Federal Communications Commission (FCC)</name>
          </item>
          <item>
            <name>Public contracts and procurement</name>
          </item>
          <item>
            <name>Telephone and wireless communication</name>
          </item>
        </legislativeSubjects>
        <policyArea>
          <name>Science, Technology, Communications</name>
        </policyArea>
      </billSubjects>
    </subjects>
    <laws />
    <actions>
      <actionByCounts>
        <senate>2</senate>
      </actionByCounts>
      <actionTypeCounts>
        <referredToCommittee>1</referredToCommittee>
        <introducedInSenate>1</introducedInSenate>
      </actionTypeCounts>
      <item>
        <actionDate>2017-03-08</actionDate>
        <committee>
          <name>Commerce, Science, and Transportation Committee</name>
          <systemCode>sscm00</systemCode>
        </committee>
        <links />
        <sourceSystem>
          <code>0</code>
          <name>Senate</name>
        </sourceSystem>
        <text>Read twice and referred to the Committee on Commerce, Science, and Transportation.</text>
        <type>IntroReferral</type>
      </item>
      <item>
        <text>Introduced in Senate</text>
        <links />
        <sourceSystem>
          <code>9</code>
          <name>Library of Congress</name>
        </sourceSystem>
        <actionCode>10000</actionCode>
        <type>IntroReferral</type>
        <committee />
        <actionDate>2017-03-08</actionDate>
      </item>
    </actions>
    <titles>
      <item>
        <chamberCode />
        <chamberName />
        <parentTitleType />
        <titleType>(Extracted from GPO) Short Titles as Introduced</titleType>
        <title>HANGUP Act</title>
      </item>
      <item>
        <chamberCode />
        <chamberName />
        <parentTitleType />
        <titleType>(Extracted from GPO) Short Titles as Introduced</titleType>
        <title>Help Americans Never Get Unwanted Phone calls Act of 2017</title>
      </item>
      <item>
        <chamberCode />
        <chamberName />
        <parentTitleType />
        <titleType>Short Titles as Introduced</titleType>
        <title>HANGUP Act</title>
      </item>
      <item>
        <chamberCode />
        <chamberName />
        <parentTitleType />
        <titleType>Short Titles as Introduced</titleType>
        <title>Help Americans Never Get Unwanted Phone calls Act of 2017</title>
      </item>
      <item>
        <chamberCode />
        <chamberName />
        <parentTitleType />
        <titleType>Official Title as Introduced</titleType>
        <title>A bill to repeal debt collection amendments made by the Bipartisan Budget Act of 2015, and for other purposes.</title>
      </item>
      <item>
        <chamberCode />
        <chamberName />
        <parentTitleType />
        <titleType>Display Title</titleType>
        <title>HANGUP Act</title>
      </item>
    </titles>
    <summaries>
      <billSummaries>
        <item>
          <versionCode>00</versionCode>
          <actionDate>2017-03-08</actionDate>
          <updateDate>2017-03-08T05:00:00Z</updateDate>
          <text><![CDATA[<p><b>Help Americans Never Get Unwanted Phone Calls Act of 2017 or the HANGUP Act </b></p> <p>This bill amends the Communications Act of 1934 and the Bipartisan Budget Act of 2015 to repeal provisions that authorize the use of automated telephone equipment (robocall or robotext equipment) to call cellular telephones or residential telephone lines for the purpose of collecting debts owed to the U.S. government. </p> <p>The bill also extends the Telephone Consumer Protection Act (TCPA) to restrict government contractors and other legal entities from using such automated telephone equipment without prior consent of the called party. (Currently, government contractors are exempt from TCPA restrictions under a Federal Communications Commission declaratory ruling released on July 5, 2016.) </p>]]></text>
          <actionDesc>Introduced in Senate</actionDesc>
          <name>Introduced in Senate</name>
          <lastSummaryUpdateDate>2017-05-03T18:12:31Z</lastSummaryUpdateDate>
        </item>
      </billSummaries>
    </summaries>
    <committees>
      <billCommittees>
        <item>
          <chamber>Senate</chamber>
          <subcommittees />
          <systemCode>sscm00</systemCode>
          <name>Commerce, Science, and Transportation Committee</name>
          <activities>
            <item>
              <name>Referred to</name>
              <date>2017-03-08T15:07:02Z</date>
            </item>
          </activities>
          <type>Standing</type>
        </item>
      </billCommittees>
    </committees>
    <introducedDate>2017-03-08</introducedDate>
    <updateDate>2018-02-06T16:44:56Z</updateDate>
    <cboCostEstimates />
    <recordedVotes />
    <billType>S</billType>
    <createDate>2017-03-09T05:25:16Z</createDate>
    <latestAction>
      <text>Read twice and referred to the Committee on Commerce, Science, and Transportation.</text>
      <links />
      <actionDate>2017-03-08</actionDate>
    </latestAction>
  </bill>
  <dublinCore xmlns:dc="http://purl.org/dc/elements/1.1/">
    <dc:format>text/xml</dc:format>
    <dc:language>EN</dc:language>
    <dc:rights>Pursuant to Title 17 Section 105 of the United States Code, this file is not subject to copyright protection and is in the public domain.</dc:rights>
    <dc:contributor>Congressional Research Service, Library of Congress</dc:contributor>
    <dc:description>This file contains bill summaries and statuses for federal legislation. A bill summary describes the most significant provisions of a piece of legislation and details the effects the legislative text may have on current law and federal programs. Bill summaries are authored by the Congressional Research Service (CRS) of the Library of Congress. As stated in Public Law 91-510 (2 USC 166 (d)(6)), one of the duties of CRS is "to prepare summaries and digests of bills and resolutions of a public general nature introduced in the Senate or House of Representatives". For more information, refer to the User Guide that accompanies this file.</dc:description>
  </dublinCore>
</billStatus>

