<?xml version="1.0" encoding="UTF-8"?>
<billStatus>
  <bill>
    <policyArea>
      <name>International Affairs</name>
    </policyArea>
    <introducedDate>2017-01-12</introducedDate>
    <cosponsors>
      <item>
        <identifiers>
          <bioguideId>G000359</bioguideId>
          <lisID>452</lisID>
          <gpoId>8335</gpoId>
        </identifiers>
        <bioguideId>G000359</bioguideId>
        <sponsorshipDate>2017-01-12</sponsorshipDate>
        <middleName>O.</middleName>
        <fullName>Sen. Graham, Lindsey [R-SC]</fullName>
        <sponsorshipWithdrawnDate />
        <state>SC</state>
        <party>R</party>
        <firstName>LINDSEY</firstName>
        <isOriginalCosponsor>True</isOriginalCosponsor>
        <lastName>GRAHAM</lastName>
      </item>
      <item>
        <identifiers>
          <lisID>1896</lisID>
          <bioguideId>R000584</bioguideId>
          <gpoId>8274</gpoId>
        </identifiers>
        <bioguideId>R000584</bioguideId>
        <sponsorshipDate>2017-01-12</sponsorshipDate>
        <middleName>E.</middleName>
        <fullName>Sen. Risch, James E. [R-ID]</fullName>
        <sponsorshipWithdrawnDate />
        <state>ID</state>
        <party>R</party>
        <firstName>James</firstName>
        <isOriginalCosponsor>True</isOriginalCosponsor>
        <lastName>Risch</lastName>
      </item>
      <item>
        <identifiers>
          <bioguideId>C001047</bioguideId>
          <lisID>1676</lisID>
          <gpoId>8223</gpoId>
        </identifiers>
        <bioguideId>C001047</bioguideId>
        <sponsorshipDate>2017-01-12</sponsorshipDate>
        <middleName>MOORE</middleName>
        <fullName>Sen. Capito, Shelley Moore [R-WV]</fullName>
        <sponsorshipWithdrawnDate />
        <state>WV</state>
        <party>R</party>
        <firstName>SHELLEY</firstName>
        <isOriginalCosponsor>True</isOriginalCosponsor>
        <lastName>CAPITO</lastName>
      </item>
      <item>
        <identifiers>
          <lisID>2288</lisID>
          <bioguideId>R000605</bioguideId>
          <gpoId />
        </identifiers>
        <bioguideId>R000605</bioguideId>
        <sponsorshipDate>2017-01-12</sponsorshipDate>
        <middleName />
        <fullName>Sen. Rounds, Mike  [R-SD]</fullName>
        <sponsorshipWithdrawnDate />
        <state>SD</state>
        <party>R</party>
        <firstName>Mike</firstName>
        <isOriginalCosponsor>True</isOriginalCosponsor>
        <lastName>Rounds</lastName>
      </item>
      <item>
        <identifiers>
          <gpoId>8257</gpoId>
          <bioguideId>T000250</bioguideId>
          <lisID>1534</lisID>
        </identifiers>
        <bioguideId>T000250</bioguideId>
        <sponsorshipDate>2017-01-12</sponsorshipDate>
        <middleName>R.</middleName>
        <fullName>Sen. Thune, John [R-SD]</fullName>
        <sponsorshipWithdrawnDate />
        <state>SD</state>
        <party>R</party>
        <firstName>JOHN</firstName>
        <isOriginalCosponsor>True</isOriginalCosponsor>
        <lastName>THUNE</lastName>
      </item>
      <item>
        <identifiers>
          <bioguideId>H000338</bioguideId>
          <gpoId>8314</gpoId>
          <lisID>1351</lisID>
        </identifiers>
        <bioguideId>H000338</bioguideId>
        <sponsorshipDate>2017-01-12</sponsorshipDate>
        <middleName>GRANT</middleName>
        <fullName>Sen. Hatch, Orrin G. [R-UT]</fullName>
        <sponsorshipWithdrawnDate />
        <state>UT</state>
        <party>R</party>
        <firstName>ORRIN</firstName>
        <isOriginalCosponsor>True</isOriginalCosponsor>
        <lastName>HATCH</lastName>
      </item>
      <item>
        <identifiers>
          <gpoId>8289</gpoId>
          <bioguideId>C000880</bioguideId>
          <lisID>250</lisID>
        </identifiers>
        <bioguideId>C000880</bioguideId>
        <sponsorshipDate>2017-01-12</sponsorshipDate>
        <middleName>D.</middleName>
        <fullName>Sen. Crapo, Mike [R-ID]</fullName>
        <sponsorshipWithdrawnDate />
        <state>ID</state>
        <party>R</party>
        <firstName>MICHAEL</firstName>
        <isOriginalCosponsor>True</isOriginalCosponsor>
        <lastName>CRAPO</lastName>
      </item>
      <item>
        <identifiers>
          <lisID>2086</lisID>
          <bioguideId>J000293</bioguideId>
          <gpoId>8355</gpoId>
        </identifiers>
        <bioguideId>J000293</bioguideId>
        <sponsorshipDate>2017-01-12</sponsorshipDate>
        <middleName />
        <fullName>Sen. Johnson, Ron [R-WI]</fullName>
        <sponsorshipWithdrawnDate />
        <state>WI</state>
        <party>R</party>
        <firstName>Ron</firstName>
        <isOriginalCosponsor>True</isOriginalCosponsor>
        <lastName>Johnson</lastName>
      </item>
      <item>
        <identifiers>
          <bioguideId>B001261</bioguideId>
          <gpoId>8300</gpoId>
          <lisID>1881</lisID>
        </identifiers>
        <bioguideId>B001261</bioguideId>
        <sponsorshipDate>2017-01-12</sponsorshipDate>
        <middleName />
        <fullName>Sen. Barrasso, John [R-WY]</fullName>
        <sponsorshipWithdrawnDate />
        <state>WY</state>
        <party>R</party>
        <firstName>John</firstName>
        <isOriginalCosponsor>True</isOriginalCosponsor>
        <lastName>Barrasso</lastName>
      </item>
      <item>
        <identifiers>
          <lisID>2138</lisID>
          <bioguideId>D000618</bioguideId>
          <gpoId />
        </identifiers>
        <bioguideId>D000618</bioguideId>
        <sponsorshipDate>2017-01-12</sponsorshipDate>
        <middleName />
        <fullName>Sen. Daines, Steve [R-MT]</fullName>
        <sponsorshipWithdrawnDate />
        <state>MT</state>
        <party>R</party>
        <firstName>Steve</firstName>
        <isOriginalCosponsor>True</isOriginalCosponsor>
        <lastName>Daines</lastName>
      </item>
      <item>
        <identifiers>
          <lisID>968</lisID>
          <bioguideId>R000307</bioguideId>
          <gpoId>8275</gpoId>
        </identifiers>
        <bioguideId>R000307</bioguideId>
        <sponsorshipDate>2017-01-12</sponsorshipDate>
        <middleName />
        <fullName>Sen. Roberts, Pat [R-KS]</fullName>
        <sponsorshipWithdrawnDate />
        <state>KS</state>
        <party>R</party>
        <firstName>PAT</firstName>
        <isOriginalCosponsor>True</isOriginalCosponsor>
        <lastName>ROBERTS</lastName>
      </item>
      <item>
        <identifiers>
          <lisID>2080</lisID>
          <bioguideId>L000577</bioguideId>
          <gpoId>8303</gpoId>
        </identifiers>
        <bioguideId>L000577</bioguideId>
        <sponsorshipDate>2017-01-12</sponsorshipDate>
        <middleName />
        <fullName>Sen. Lee, Mike [R-UT]</fullName>
        <sponsorshipWithdrawnDate />
        <state>UT</state>
        <party>R</party>
        <firstName>Mike</firstName>
        <isOriginalCosponsor>True</isOriginalCosponsor>
        <lastName>Lee</lastName>
      </item>
      <item>
        <identifiers>
          <gpoId />
          <bioguideId>S001198</bioguideId>
          <lisID>2290</lisID>
        </identifiers>
        <bioguideId>S001198</bioguideId>
        <sponsorshipDate>2017-01-12</sponsorshipDate>
        <middleName />
        <fullName>Sen. Sullivan, Dan  [R-AK]</fullName>
        <sponsorshipWithdrawnDate />
        <state>AK</state>
        <party>R</party>
        <firstName>Dan</firstName>
        <isOriginalCosponsor>True</isOriginalCosponsor>
        <lastName>Sullivan</lastName>
      </item>
      <item>
        <identifiers>
          <bioguideId>C001056</bioguideId>
          <lisID>1692</lisID>
          <gpoId>8295</gpoId>
        </identifiers>
        <bioguideId>C001056</bioguideId>
        <sponsorshipDate>2017-01-12</sponsorshipDate>
        <middleName />
        <fullName>Sen. Cornyn, John [R-TX]</fullName>
        <sponsorshipWithdrawnDate />
        <state>TX</state>
        <party>R</party>
        <firstName>John</firstName>
        <isOriginalCosponsor>True</isOriginalCosponsor>
        <lastName>Cornyn</lastName>
      </item>
      <item>
        <identifiers>
          <lisID>1226</lisID>
          <bioguideId>W000437</bioguideId>
          <gpoId>8263</gpoId>
        </identifiers>
        <bioguideId>W000437</bioguideId>
        <sponsorshipDate>2017-01-12</sponsorshipDate>
        <middleName>F.</middleName>
        <fullName>Sen. Wicker, Roger F. [R-MS]</fullName>
        <sponsorshipWithdrawnDate />
        <state>MS</state>
        <party>R</party>
        <firstName>ROGER</firstName>
        <isOriginalCosponsor>True</isOriginalCosponsor>
        <lastName>WICKER</lastName>
      </item>
      <item>
        <identifiers>
          <lisID>213</lisID>
          <bioguideId>C000567</bioguideId>
          <gpoId>8292</gpoId>
        </identifiers>
        <bioguideId>C000567</bioguideId>
        <sponsorshipDate>2017-01-12</sponsorshipDate>
        <middleName />
        <fullName>Sen. Cochran, Thad [R-MS]</fullName>
        <sponsorshipWithdrawnDate />
        <state>MS</state>
        <party>R</party>
        <firstName>Thad</firstName>
        <isOriginalCosponsor>True</isOriginalCosponsor>
        <lastName>Cochran</lastName>
      </item>
      <item>
        <identifiers>
          <bioguideId>H001061</bioguideId>
          <lisID>2079</lisID>
          <gpoId>8331</gpoId>
        </identifiers>
        <bioguideId>H001061</bioguideId>
        <sponsorshipDate>2017-01-12</sponsorshipDate>
        <middleName />
        <fullName>Sen. Hoeven, John [R-ND]</fullName>
        <sponsorshipWithdrawnDate />
        <state>ND</state>
        <party>R</party>
        <firstName>John</firstName>
        <isOriginalCosponsor>True</isOriginalCosponsor>
        <lastName>Hoeven</lastName>
      </item>
      <item>
        <identifiers>
          <lisID>754</lisID>
          <bioguideId>M000303</bioguideId>
          <gpoId>8253</gpoId>
        </identifiers>
        <bioguideId>M000303</bioguideId>
        <sponsorshipDate>2017-01-12</sponsorshipDate>
        <middleName>SIDNEY</middleName>
        <fullName>Sen. McCain, John [R-AZ]</fullName>
        <sponsorshipWithdrawnDate />
        <state>AZ</state>
        <party>R</party>
        <firstName>JOHN</firstName>
        <isOriginalCosponsor>True</isOriginalCosponsor>
        <lastName>MCCAIN</lastName>
      </item>
      <item>
        <identifiers>
          <gpoId />
          <bioguideId>K000393</bioguideId>
          <lisID>2303</lisID>
        </identifiers>
        <bioguideId>K000393</bioguideId>
        <sponsorshipDate>2017-01-12</sponsorshipDate>
        <middleName>Neely</middleName>
        <fullName>Sen. Kennedy, John [R-LA]</fullName>
        <sponsorshipWithdrawnDate />
        <state>LA</state>
        <party>R</party>
        <firstName>John</firstName>
        <isOriginalCosponsor>True</isOriginalCosponsor>
        <lastName>Kennedy</lastName>
      </item>
      <item>
        <identifiers>
          <lisID>1395</lisID>
          <gpoId>8254</gpoId>
          <bioguideId>M000355</bioguideId>
        </identifiers>
        <bioguideId>M000355</bioguideId>
        <sponsorshipDate>2017-01-12</sponsorshipDate>
        <middleName />
        <fullName>Sen. McConnell, Mitch [R-KY]</fullName>
        <sponsorshipWithdrawnDate />
        <state>KY</state>
        <party>R</party>
        <firstName>MITCH</firstName>
        <isOriginalCosponsor>True</isOriginalCosponsor>
        <lastName>MCCONNELL</lastName>
      </item>
      <item>
        <identifiers>
          <lisID>1464</lisID>
          <gpoId>8313</gpoId>
          <bioguideId>B000575</bioguideId>
        </identifiers>
        <bioguideId>B000575</bioguideId>
        <sponsorshipDate>2017-01-12</sponsorshipDate>
        <middleName />
        <fullName>Sen. Blunt, Roy [R-MO]</fullName>
        <sponsorshipWithdrawnDate />
        <state>MO</state>
        <party>R</party>
        <firstName>Roy</firstName>
        <isOriginalCosponsor>True</isOriginalCosponsor>
        <lastName>Blunt</lastName>
      </item>
      <item>
        <identifiers>
          <gpoId />
          <lisID>2179</lisID>
          <bioguideId>F000463</bioguideId>
        </identifiers>
        <bioguideId>F000463</bioguideId>
        <sponsorshipDate>2017-01-30</sponsorshipDate>
        <middleName />
        <fullName>Sen. Fischer, Deb [R-NE]</fullName>
        <sponsorshipWithdrawnDate />
        <state>NE</state>
        <party>R</party>
        <firstName>Deb</firstName>
        <isOriginalCosponsor>False</isOriginalCosponsor>
        <lastName>Fischer</lastName>
      </item>
      <item>
        <identifiers>
          <lisID>583</lisID>
          <gpoId>8322</gpoId>
          <bioguideId>I000024</bioguideId>
        </identifiers>
        <bioguideId>I000024</bioguideId>
        <sponsorshipDate>2017-01-30</sponsorshipDate>
        <middleName />
        <fullName>Sen. Inhofe, James M. [R-OK]</fullName>
        <sponsorshipWithdrawnDate />
        <state>OK</state>
        <party>R</party>
        <firstName>JIM</firstName>
        <isOriginalCosponsor>False</isOriginalCosponsor>
        <lastName>INHOFE</lastName>
      </item>
      <item>
        <identifiers>
          <lisID>153</lisID>
          <gpoId>8286</gpoId>
          <bioguideId>B001135</bioguideId>
        </identifiers>
        <bioguideId>B001135</bioguideId>
        <sponsorshipDate>2017-02-09</sponsorshipDate>
        <middleName />
        <fullName>Sen. Burr, Richard [R-NC]</fullName>
        <sponsorshipWithdrawnDate />
        <state>NC</state>
        <party>R</party>
        <firstName>RICHARD</firstName>
        <isOriginalCosponsor>False</isOriginalCosponsor>
        <lastName>BURR</lastName>
      </item>
    </cosponsors>
    <congress>115</congress>
    <recordedVotes />
    <amendments />
    <laws />
    <cboCostEstimates />
    <actions>
      <item>
        <actionDate>2017-01-12</actionDate>
        <committee>
          <systemCode>ssfr00</systemCode>
          <name>Foreign Relations Committee</name>
        </committee>
        <links />
        <sourceSystem>
          <code>0</code>
          <name>Senate</name>
        </sourceSystem>
        <text>Read twice and referred to the Committee on Foreign Relations.</text>
        <type>IntroReferral</type>
      </item>
      <item>
        <committee />
        <sourceSystem>
          <code>9</code>
          <name>Library of Congress</name>
        </sourceSystem>
        <actionDate>2017-01-12</actionDate>
        <text>Introduced in Senate</text>
        <links />
        <type>IntroReferral</type>
        <actionCode>10000</actionCode>
      </item>
      <actionByCounts>
        <senate>2</senate>
      </actionByCounts>
      <actionTypeCounts>
        <referredToCommittee>1</referredToCommittee>
        <introducedInSenate>1</introducedInSenate>
      </actionTypeCounts>
    </actions>
    <latestAction>
      <text>Read twice and referred to the Committee on Foreign Relations.</text>
      <actionDate>2017-01-12</actionDate>
      <links />
    </latestAction>
    <titles>
      <item>
        <titleType>(Extracted from GPO) Short Titles as Introduced</titleType>
        <parentTitleType />
        <chamberName />
        <title>Safeguard Israel Act of 2017</title>
        <chamberCode />
      </item>
      <item>
        <titleType>Short Titles as Introduced</titleType>
        <parentTitleType />
        <chamberName />
        <title>Safeguard Israel Act of 2017</title>
        <chamberCode />
      </item>
      <item>
        <titleType>Official Title as Introduced</titleType>
        <parentTitleType />
        <chamberName />
        <title>A bill to prohibit voluntary or assessed contributions to the United Nations until the President certifies to Congress that United Nations Security Council Resolution 2334 has been repealed.</title>
        <chamberCode />
      </item>
      <item>
        <titleType>Display Title</titleType>
        <parentTitleType />
        <chamberName />
        <title>Safeguard Israel Act of 2017</title>
        <chamberCode />
      </item>
    </titles>
    <summaries>
      <billSummaries>
        <item>
          <updateDate>2017-01-12T05:00:00Z</updateDate>
          <lastSummaryUpdateDate>2017-07-11T21:12:46Z</lastSummaryUpdateDate>
          <actionDate>2017-01-12</actionDate>
          <name>Introduced in Senate</name>
          <actionDesc>Introduced in Senate</actionDesc>
          <versionCode>00</versionCode>
          <text><![CDATA[<p><strong>Safeguard Israel Act of 2017</strong></p> <p>This bill prohibits the U.S. government from making any voluntary or assessed contributions to the United Nations (U.N.) or any U.N. organization until the President certifies to Congress that Security Council Resolution 2334 has been repealed.</p> <p>Security Council Resolution 2334 characterizes Israeli settlements in the West Bank and East Jerusalem as illegal and demands cessation of settlement activities.</p>]]></text>
        </item>
      </billSummaries>
    </summaries>
    <title>Safeguard Israel Act of 2017</title>
    <calendarNumbers />
    <originChamber>Senate</originChamber>
    <updateDate>2018-02-06T16:44:28Z</updateDate>
    <notes />
    <billType>S</billType>
    <committees>
      <billCommittees>
        <item>
          <systemCode>ssfr00</systemCode>
          <name>Foreign Relations Committee</name>
          <type>Standing</type>
          <activities>
            <item>
              <name>Referred to</name>
              <date>2017-01-12T18:11:16Z</date>
            </item>
          </activities>
          <chamber>Senate</chamber>
          <subcommittees />
        </item>
      </billCommittees>
    </committees>
    <relatedBills>
      <item>
        <latestTitle>Safeguard Israel Act of 2017</latestTitle>
        <number>769</number>
        <latestAction>
          <actionDate>2017-01-31</actionDate>
          <text>Referred to the House Committee on Foreign Affairs.</text>
        </latestAction>
        <congress>115</congress>
        <relationshipDetails>
          <item>
            <identifiedBy>CRS</identifiedBy>
            <type>Identical bill</type>
          </item>
        </relationshipDetails>
        <type>HR</type>
      </item>
    </relatedBills>
    <committeeReports />
    <billNumber>107</billNumber>
    <sponsors>
      <item>
        <byRequestType />
        <state>TX</state>
        <bioguideId>C001098</bioguideId>
        <identifiers>
          <lisID>2175</lisID>
          <bioguideId>C001098</bioguideId>
          <gpoId />
        </identifiers>
        <fullName>Sen. Cruz, Ted [R-TX]</fullName>
        <lastName>Cruz</lastName>
        <firstName>Ted</firstName>
        <middleName />
        <party>R</party>
      </item>
    </sponsors>
    <createDate>2017-01-13T04:55:34Z</createDate>
    <version>1.0.0</version>
    <subjects>
      <billSubjects>
        <legislativeSubjects>
          <item>
            <name>Arab-Israeli relations</name>
          </item>
          <item>
            <name>Conflicts and wars</name>
          </item>
          <item>
            <name>Congressional oversight</name>
          </item>
          <item>
            <name>Foreign aid and international relief</name>
          </item>
          <item>
            <name>International organizations and cooperation</name>
          </item>
          <item>
            <name>Israel</name>
          </item>
          <item>
            <name>Middle East</name>
          </item>
          <item>
            <name>Palestinians</name>
          </item>
          <item>
            <name>United Nations</name>
          </item>
          <item>
            <name>West Bank</name>
          </item>
        </legislativeSubjects>
        <policyArea>
          <name>International Affairs</name>
        </policyArea>
      </billSubjects>
    </subjects>
  </bill>
  <dublinCore xmlns:dc="http://purl.org/dc/elements/1.1/">
    <dc:format>text/xml</dc:format>
    <dc:language>EN</dc:language>
    <dc:rights>Pursuant to Title 17 Section 105 of the United States Code, this file is not subject to copyright protection and is in the public domain.</dc:rights>
    <dc:contributor>Congressional Research Service, Library of Congress</dc:contributor>
    <dc:description>This file contains bill summaries and statuses for federal legislation. A bill summary describes the most significant provisions of a piece of legislation and details the effects the legislative text may have on current law and federal programs. Bill summaries are authored by the Congressional Research Service (CRS) of the Library of Congress. As stated in Public Law 91-510 (2 USC 166 (d)(6)), one of the duties of CRS is "to prepare summaries and digests of bills and resolutions of a public general nature introduced in the Senate or House of Representatives". For more information, refer to the User Guide that accompanies this file.</dc:description>
  </dublinCore>
</billStatus>

