<?xml version="1.0" encoding="UTF-8"?>
<billStatus>
  <bill>
    <originChamber>Senate</originChamber>
    <introducedDate>2017-02-16</introducedDate>
    <cosponsors>
      <item>
        <identifiers>
          <lisID>174</lisID>
          <gpoId>8287</gpoId>
          <bioguideId>C000141</bioguideId>
        </identifiers>
        <bioguideId>C000141</bioguideId>
        <sponsorshipDate>2017-02-16</sponsorshipDate>
        <middleName>L.</middleName>
        <fullName>Sen. Cardin, Benjamin L. [D-MD]</fullName>
        <sponsorshipWithdrawnDate />
        <state>MD</state>
        <party>D</party>
        <firstName>BENJAMIN</firstName>
        <isOriginalCosponsor>True</isOriginalCosponsor>
        <lastName>CARDIN</lastName>
      </item>
      <item>
        <identifiers>
          <gpoId>8261</gpoId>
          <bioguideId>S000770</bioguideId>
          <lisID>1531</lisID>
        </identifiers>
        <bioguideId>S000770</bioguideId>
        <sponsorshipDate>2017-02-16</sponsorshipDate>
        <middleName>ANN</middleName>
        <fullName>Sen. Stabenow, Debbie [D-MI]</fullName>
        <sponsorshipWithdrawnDate />
        <state>MI</state>
        <party>D</party>
        <firstName>DEBORAH</firstName>
        <isOriginalCosponsor>True</isOriginalCosponsor>
        <lastName>STABENOW</lastName>
      </item>
      <item>
        <identifiers>
          <bioguideId>S000148</bioguideId>
          <lisID>1036</lisID>
          <gpoId>8279</gpoId>
        </identifiers>
        <bioguideId>S000148</bioguideId>
        <sponsorshipDate>2017-02-16</sponsorshipDate>
        <middleName>E.</middleName>
        <fullName>Sen. Schumer, Charles E. [D-NY]</fullName>
        <sponsorshipWithdrawnDate />
        <state>NY</state>
        <party>D</party>
        <firstName>CHARLES</firstName>
        <isOriginalCosponsor>True</isOriginalCosponsor>
        <lastName>SCHUMER</lastName>
      </item>
      <item>
        <identifiers>
          <gpoId>8309</gpoId>
          <lisID>136</lisID>
          <bioguideId>B000944</bioguideId>
        </identifiers>
        <bioguideId>B000944</bioguideId>
        <sponsorshipDate>2017-02-16</sponsorshipDate>
        <middleName />
        <fullName>Sen. Brown, Sherrod [D-OH]</fullName>
        <sponsorshipWithdrawnDate />
        <state>OH</state>
        <party>D</party>
        <firstName>SHERROD</firstName>
        <isOriginalCosponsor>True</isOriginalCosponsor>
        <lastName>BROWN</lastName>
      </item>
      <item>
        <identifiers>
          <bioguideId>C001070</bioguideId>
          <gpoId>8282</gpoId>
          <lisID>1828</lisID>
        </identifiers>
        <bioguideId>C001070</bioguideId>
        <sponsorshipDate>2017-02-16</sponsorshipDate>
        <middleName />
        <fullName>Sen. Casey, Robert P., Jr. [D-PA]</fullName>
        <sponsorshipWithdrawnDate />
        <state>PA</state>
        <party>D</party>
        <firstName>Bob</firstName>
        <isOriginalCosponsor>True</isOriginalCosponsor>
        <lastName>Casey</lastName>
      </item>
      <item>
        <identifiers>
          <lisID>791</lisID>
          <bioguideId>M000639</bioguideId>
          <gpoId>8239</gpoId>
        </identifiers>
        <bioguideId>M000639</bioguideId>
        <sponsorshipDate>2017-02-16</sponsorshipDate>
        <middleName />
        <fullName>Sen. Menendez, Robert [D-NJ]</fullName>
        <sponsorshipWithdrawnDate />
        <state>NJ</state>
        <party>D</party>
        <firstName>ROBERT</firstName>
        <isOriginalCosponsor>True</isOriginalCosponsor>
        <lastName>MENENDEZ</lastName>
      </item>
      <item>
        <identifiers>
          <lisID>2076</lisID>
          <bioguideId>B001277</bioguideId>
          <gpoId>8332</gpoId>
        </identifiers>
        <bioguideId>B001277</bioguideId>
        <sponsorshipDate>2017-02-16</sponsorshipDate>
        <middleName />
        <fullName>Sen. Blumenthal, Richard [D-CT]</fullName>
        <sponsorshipWithdrawnDate />
        <state>CT</state>
        <party>D</party>
        <firstName>Richard</firstName>
        <isOriginalCosponsor>True</isOriginalCosponsor>
        <lastName>Blumenthal</lastName>
      </item>
      <item>
        <identifiers>
          <lisID>1383</lisID>
          <gpoId>8244</gpoId>
          <bioguideId>L000174</bioguideId>
        </identifiers>
        <bioguideId>L000174</bioguideId>
        <sponsorshipDate>2017-02-16</sponsorshipDate>
        <middleName>JOSEPH</middleName>
        <fullName>Sen. Leahy, Patrick J. [D-VT]</fullName>
        <sponsorshipWithdrawnDate />
        <state>VT</state>
        <party>D</party>
        <firstName>PATRICK</firstName>
        <isOriginalCosponsor>True</isOriginalCosponsor>
        <lastName>LEAHY</lastName>
      </item>
      <item>
        <identifiers>
          <bioguideId>M001170</bioguideId>
          <lisID>1820</lisID>
          <gpoId>8252</gpoId>
        </identifiers>
        <bioguideId>M001170</bioguideId>
        <sponsorshipDate>2017-02-16</sponsorshipDate>
        <middleName />
        <fullName>Sen. McCaskill, Claire [D-MO]</fullName>
        <sponsorshipWithdrawnDate />
        <state>MO</state>
        <party>D</party>
        <firstName>Claire</firstName>
        <isOriginalCosponsor>True</isOriginalCosponsor>
        <lastName>McCaskill</lastName>
      </item>
      <item>
        <identifiers>
          <bioguideId>V000128</bioguideId>
          <gpoId>7983</gpoId>
          <lisID>1729</lisID>
        </identifiers>
        <bioguideId>V000128</bioguideId>
        <sponsorshipDate>2017-02-16</sponsorshipDate>
        <middleName />
        <fullName>Sen. Van Hollen, Chris [D-MD]</fullName>
        <sponsorshipWithdrawnDate />
        <state>MD</state>
        <party>D</party>
        <firstName>Chris</firstName>
        <isOriginalCosponsor>True</isOriginalCosponsor>
        <lastName>Van Hollen</lastName>
      </item>
      <item>
        <identifiers>
          <bioguideId>W000817</bioguideId>
          <lisID>2182</lisID>
          <gpoId />
        </identifiers>
        <bioguideId>W000817</bioguideId>
        <sponsorshipDate>2017-02-16</sponsorshipDate>
        <middleName>A.</middleName>
        <fullName>Sen. Warren, Elizabeth [D-MA]</fullName>
        <sponsorshipWithdrawnDate />
        <state>MA</state>
        <party>D</party>
        <firstName>Elizabeth</firstName>
        <isOriginalCosponsor>True</isOriginalCosponsor>
        <lastName>Warren</lastName>
      </item>
      <item>
        <identifiers>
          <lisID>1332</lisID>
          <bioguideId>F000062</bioguideId>
          <gpoId>8338</gpoId>
        </identifiers>
        <bioguideId>F000062</bioguideId>
        <sponsorshipDate>2017-02-16</sponsorshipDate>
        <middleName />
        <fullName>Sen. Feinstein, Dianne [D-CA]</fullName>
        <sponsorshipWithdrawnDate />
        <state>CA</state>
        <party>D</party>
        <firstName>DIANNE</firstName>
        <isOriginalCosponsor>True</isOriginalCosponsor>
        <lastName>FEINSTEIN</lastName>
      </item>
      <item>
        <identifiers>
          <lisID>949</lisID>
          <bioguideId>R000122</bioguideId>
          <gpoId>8272</gpoId>
        </identifiers>
        <bioguideId>R000122</bioguideId>
        <sponsorshipDate>2017-02-16</sponsorshipDate>
        <middleName>F.</middleName>
        <fullName>Sen. Reed, Jack [D-RI]</fullName>
        <sponsorshipWithdrawnDate />
        <state>RI</state>
        <party>D</party>
        <firstName>JOHN</firstName>
        <isOriginalCosponsor>True</isOriginalCosponsor>
        <lastName>REED</lastName>
      </item>
    </cosponsors>
    <billType>S</billType>
    <recordedVotes />
    <laws />
    <committeeReports />
    <actions>
      <item>
        <actionDate>2017-02-16</actionDate>
        <committee>
          <systemCode>ssfi00</systemCode>
          <name>Finance Committee</name>
        </committee>
        <links>
          <link>
            <url>https://www.congress.gov/congressional-record/volume-163/senate-section/page/S1306</url>
            <name>S1306</name>
          </link>
        </links>
        <sourceSystem>
          <code>0</code>
          <name>Senate</name>
        </sourceSystem>
        <text>Read twice and referred to the Committee on Finance. (Sponsor introductory remarks on measure: CR S1306)</text>
        <type>IntroReferral</type>
      </item>
      <item>
        <committee />
        <sourceSystem>
          <code>9</code>
          <name>Library of Congress</name>
        </sourceSystem>
        <actionDate>2017-02-16</actionDate>
        <text>Introduced in Senate</text>
        <links />
        <type>IntroReferral</type>
        <actionCode>10000</actionCode>
      </item>
      <actionByCounts>
        <senate>2</senate>
      </actionByCounts>
      <actionTypeCounts>
        <referredToCommittee>1</referredToCommittee>
        <introducedInSenate>1</introducedInSenate>
      </actionTypeCounts>
    </actions>
    <createDate>2017-02-17T09:06:57Z</createDate>
    <version>1.0.0</version>
    <notes />
    <latestAction>
      <actionDate>2017-02-16</actionDate>
      <text>Read twice and referred to the Committee on Finance. (Sponsor introductory remarks on measure: CR S1306)</text>
      <links />
    </latestAction>
    <title>Presidential Trade Transparency Act of 2017</title>
    <summaries>
      <billSummaries>
        <item>
          <text><![CDATA[<p><b>Presidential Trade Transparency Act of 2017</b></p> <p>This bill requires the President to submit to Congress a report containing a full and complete statement of the President's income earned, assets held, and liabilities owed in the preceding 12 months that are associated with a foreign country:</p> <ul> <li> with which the United States is negotiating a trade or investment agreement,</li> <li>that is subject to a presidential trade enforcement action determination modifying the tariff treatment of imported articles from such country, or</li> <li>that is designated as eligible for preferential trade treatment under a trade preference program.</li> </ul> <p>If the President fails to report such information to Congress:</p> <ul> <li> any instrument providing for the modification of such tariff treatment shall have no force or effect, and</li> <li> the bill implementing such a trade or investment agreement shall not be eligible for trade authorities (fast track) procedures under the Bipartisan Congressional Trade Priorities and Accountability Act of 2015.</li> </ul>]]></text>
          <actionDate>2017-02-16</actionDate>
          <updateDate>2017-02-16T05:00:00Z</updateDate>
          <lastSummaryUpdateDate>2017-06-23T22:02:03Z</lastSummaryUpdateDate>
          <name>Introduced in Senate</name>
          <actionDesc>Introduced in Senate</actionDesc>
          <versionCode>00</versionCode>
        </item>
      </billSummaries>
    </summaries>
    <congress>115</congress>
    <policyArea>
      <name>Foreign Trade and International Finance</name>
    </policyArea>
    <billNumber>408</billNumber>
    <calendarNumbers />
    <cboCostEstimates />
    <subjects>
      <billSubjects>
        <policyArea>
          <name>Foreign Trade and International Finance</name>
        </policyArea>
        <legislativeSubjects>
          <item>
            <name>Africa</name>
          </item>
          <item>
            <name>Asia</name>
          </item>
          <item>
            <name>Bank accounts, deposits, capital</name>
          </item>
          <item>
            <name>Caribbean area</name>
          </item>
          <item>
            <name>Competitiveness, trade promotion, trade deficits</name>
          </item>
          <item>
            <name>Congressional oversight</name>
          </item>
          <item>
            <name>Congressional-executive branch relations</name>
          </item>
          <item>
            <name>Financial services and investments</name>
          </item>
          <item>
            <name>Foreign and international banking</name>
          </item>
          <item>
            <name>Free trade and trade barriers</name>
          </item>
          <item>
            <name>Government ethics and transparency, public corruption</name>
          </item>
          <item>
            <name>Latin America</name>
          </item>
          <item>
            <name>Nepal</name>
          </item>
          <item>
            <name>Presidents and presidential powers, Vice Presidents</name>
          </item>
          <item>
            <name>Securities</name>
          </item>
          <item>
            <name>Tariffs</name>
          </item>
          <item>
            <name>Trade agreements and negotiations</name>
          </item>
          <item>
            <name>Trade restrictions</name>
          </item>
          <item>
            <name>U.S. and foreign investments</name>
          </item>
          <item>
            <name>War and emergency powers</name>
          </item>
        </legislativeSubjects>
      </billSubjects>
    </subjects>
    <relatedBills>
      <item>
        <number>1172</number>
        <type>HR</type>
        <latestAction>
          <text>Referred to the Subcommittee on Trade.</text>
          <actionDate>2017-03-03</actionDate>
        </latestAction>
        <congress>115</congress>
        <latestTitle>Presidential Trade Transparency Act of 2017</latestTitle>
        <relationshipDetails>
          <item>
            <identifiedBy>CRS</identifiedBy>
            <type>Identical bill</type>
          </item>
        </relationshipDetails>
      </item>
    </relatedBills>
    <committees>
      <billCommittees>
        <item>
          <chamber>Senate</chamber>
          <name>Finance Committee</name>
          <systemCode>ssfi00</systemCode>
          <type>Standing</type>
          <subcommittees />
          <activities>
            <item>
              <name>Referred to</name>
              <date>2017-02-16T17:30:13Z</date>
            </item>
          </activities>
        </item>
      </billCommittees>
    </committees>
    <titles>
      <item>
        <chamberCode />
        <chamberName />
        <parentTitleType />
        <titleType>(Extracted from GPO) Short Titles as Introduced</titleType>
        <title>Presidential Trade Transparency Act of 2017</title>
      </item>
      <item>
        <chamberCode />
        <chamberName />
        <parentTitleType />
        <titleType>Short Titles as Introduced</titleType>
        <title>Presidential Trade Transparency Act of 2017</title>
      </item>
      <item>
        <chamberCode />
        <chamberName />
        <parentTitleType />
        <titleType>Official Title as Introduced</titleType>
        <title>A bill to require the President to disclose income, assets, and liabilities associated with countries with which the United States is negotiating a trade or investment agreement, countries subject to Presidential determinations in trade enforcement actions, and countries eligible for trade preference programs, and for other purposes.</title>
      </item>
      <item>
        <chamberCode />
        <chamberName />
        <parentTitleType />
        <titleType>Display Title</titleType>
        <title>Presidential Trade Transparency Act of 2017</title>
      </item>
    </titles>
    <sponsors>
      <item>
        <fullName>Sen. Wyden, Ron [D-OR]</fullName>
        <middleName />
        <state>OR</state>
        <byRequestType />
        <firstName>RON</firstName>
        <bioguideId>W000779</bioguideId>
        <party>D</party>
        <lastName>WYDEN</lastName>
        <identifiers>
          <lisID>1247</lisID>
          <gpoId>8265</gpoId>
          <bioguideId>W000779</bioguideId>
        </identifiers>
      </item>
    </sponsors>
    <updateDate>2018-02-06T16:44:47Z</updateDate>
    <amendments />
  </bill>
  <dublinCore xmlns:dc="http://purl.org/dc/elements/1.1/">
    <dc:format>text/xml</dc:format>
    <dc:language>EN</dc:language>
    <dc:rights>Pursuant to Title 17 Section 105 of the United States Code, this file is not subject to copyright protection and is in the public domain.</dc:rights>
    <dc:contributor>Congressional Research Service, Library of Congress</dc:contributor>
    <dc:description>This file contains bill summaries and statuses for federal legislation. A bill summary describes the most significant provisions of a piece of legislation and details the effects the legislative text may have on current law and federal programs. Bill summaries are authored by the Congressional Research Service (CRS) of the Library of Congress. As stated in Public Law 91-510 (2 USC 166 (d)(6)), one of the duties of CRS is "to prepare summaries and digests of bills and resolutions of a public general nature introduced in the Senate or House of Representatives". For more information, refer to the User Guide that accompanies this file.</dc:description>
  </dublinCore>
</billStatus>

