<?xml version="1.0" encoding="UTF-8"?>
<billStatus>
  <bill>
    <committeeReports />
    <originChamber>Senate</originChamber>
    <billNumber>601</billNumber>
    <actions>
      <item>
        <actionDate>2017-03-09</actionDate>
        <committee>
          <systemCode>sshr00</systemCode>
          <name>Health, Education, Labor, and Pensions Committee</name>
        </committee>
        <links>
          <link>
            <name>S1748</name>
            <url>https://www.congress.gov/congressional-record/volume-163/senate-section/page/S1748</url>
          </link>
        </links>
        <sourceSystem>
          <name>Senate</name>
          <code>0</code>
        </sourceSystem>
        <text>Read twice and referred to the Committee on Health, Education, Labor, and Pensions. (Sponsor introductory remarks on measure: CR S1748)</text>
        <type>IntroReferral</type>
      </item>
      <item>
        <sourceSystem>
          <name>Library of Congress</name>
          <code>9</code>
        </sourceSystem>
        <actionDate>2017-03-09</actionDate>
        <links />
        <text>Introduced in Senate</text>
        <committee />
        <actionCode>10000</actionCode>
        <type>IntroReferral</type>
      </item>
      <actionByCounts>
        <senate>2</senate>
      </actionByCounts>
      <actionTypeCounts>
        <referredToCommittee>1</referredToCommittee>
        <introducedInSenate>1</introducedInSenate>
      </actionTypeCounts>
    </actions>
    <calendarNumbers />
    <updateDate>2018-02-06T16:44:58Z</updateDate>
    <cosponsors>
      <item>
        <bioguideId>W000437</bioguideId>
        <sponsorshipDate>2017-03-09</sponsorshipDate>
        <isOriginalCosponsor>True</isOriginalCosponsor>
        <middleName>F.</middleName>
        <sponsorshipWithdrawnDate />
        <firstName>ROGER</firstName>
        <lastName>WICKER</lastName>
        <state>MS</state>
        <party>R</party>
        <identifiers>
          <lisID>1226</lisID>
          <bioguideId>W000437</bioguideId>
          <gpoId>8263</gpoId>
        </identifiers>
        <fullName>Sen. Wicker, Roger F. [R-MS]</fullName>
      </item>
      <item>
        <bioguideId>R000122</bioguideId>
        <sponsorshipDate>2017-03-09</sponsorshipDate>
        <isOriginalCosponsor>True</isOriginalCosponsor>
        <middleName>F.</middleName>
        <sponsorshipWithdrawnDate />
        <firstName>JOHN</firstName>
        <lastName>REED</lastName>
        <state>RI</state>
        <party>D</party>
        <identifiers>
          <lisID>949</lisID>
          <bioguideId>R000122</bioguideId>
          <gpoId>8272</gpoId>
        </identifiers>
        <fullName>Sen. Reed, Jack [D-RI]</fullName>
      </item>
      <item>
        <bioguideId>C000567</bioguideId>
        <sponsorshipDate>2017-03-09</sponsorshipDate>
        <isOriginalCosponsor>True</isOriginalCosponsor>
        <middleName />
        <sponsorshipWithdrawnDate />
        <firstName>Thad</firstName>
        <lastName>Cochran</lastName>
        <state>MS</state>
        <party>R</party>
        <identifiers>
          <lisID>213</lisID>
          <bioguideId>C000567</bioguideId>
          <gpoId>8292</gpoId>
        </identifiers>
        <fullName>Sen. Cochran, Thad [R-MS]</fullName>
      </item>
      <item>
        <bioguideId>M001176</bioguideId>
        <sponsorshipDate>2017-03-09</sponsorshipDate>
        <isOriginalCosponsor>True</isOriginalCosponsor>
        <middleName />
        <sponsorshipWithdrawnDate />
        <firstName>Jeff</firstName>
        <lastName>Merkley</lastName>
        <state>OR</state>
        <party>D</party>
        <identifiers>
          <bioguideId>M001176</bioguideId>
          <lisID>1900</lisID>
          <gpoId>8238</gpoId>
        </identifiers>
        <fullName>Sen. Merkley, Jeff [D-OR]</fullName>
      </item>
      <item>
        <bioguideId>B000944</bioguideId>
        <sponsorshipDate>2017-03-09</sponsorshipDate>
        <isOriginalCosponsor>True</isOriginalCosponsor>
        <middleName />
        <sponsorshipWithdrawnDate />
        <firstName>SHERROD</firstName>
        <lastName>BROWN</lastName>
        <state>OH</state>
        <party>D</party>
        <identifiers>
          <lisID>136</lisID>
          <gpoId>8309</gpoId>
          <bioguideId>B000944</bioguideId>
        </identifiers>
        <fullName>Sen. Brown, Sherrod [D-OH]</fullName>
      </item>
      <item>
        <bioguideId>F000062</bioguideId>
        <sponsorshipDate>2017-04-24</sponsorshipDate>
        <isOriginalCosponsor>False</isOriginalCosponsor>
        <middleName />
        <sponsorshipWithdrawnDate />
        <firstName>DIANNE</firstName>
        <lastName>FEINSTEIN</lastName>
        <state>CA</state>
        <party>D</party>
        <identifiers>
          <lisID>1332</lisID>
          <gpoId>8338</gpoId>
          <bioguideId>F000062</bioguideId>
        </identifiers>
        <fullName>Sen. Feinstein, Dianne [D-CA]</fullName>
      </item>
    </cosponsors>
    <notes />
    <subjects>
      <billSubjects>
        <policyArea>
          <name>Education</name>
        </policyArea>
        <legislativeSubjects>
          <item>
            <name>Area studies and international education</name>
          </item>
          <item>
            <name>Education programs funding</name>
          </item>
          <item>
            <name>Higher education</name>
          </item>
          <item>
            <name>International exchange and broadcasting</name>
          </item>
        </legislativeSubjects>
      </billSubjects>
    </subjects>
    <committees>
      <billCommittees>
        <item>
          <subcommittees />
          <type>Standing</type>
          <systemCode>sshr00</systemCode>
          <activities>
            <item>
              <name>Referred to</name>
              <date>2017-03-09T21:39:08Z</date>
            </item>
          </activities>
          <name>Health, Education, Labor, and Pensions Committee</name>
          <chamber>Senate</chamber>
        </item>
      </billCommittees>
    </committees>
    <version>1.0.0</version>
    <recordedVotes />
    <policyArea>
      <name>Education</name>
    </policyArea>
    <cboCostEstimates />
    <introducedDate>2017-03-09</introducedDate>
    <title>Senator Paul Simon Study Abroad Program Act of 2017</title>
    <amendments />
    <congress>115</congress>
    <billType>S</billType>
    <createDate>2017-03-10T05:16:41Z</createDate>
    <sponsors>
      <item>
        <lastName>DURBIN</lastName>
        <party>D</party>
        <state>IL</state>
        <bioguideId>D000563</bioguideId>
        <middleName>J.</middleName>
        <byRequestType />
        <fullName>Sen. Durbin, Richard J. [D-IL]</fullName>
        <firstName>RICHARD</firstName>
        <identifiers>
          <gpoId>8326</gpoId>
          <bioguideId>D000563</bioguideId>
          <lisID>326</lisID>
        </identifiers>
      </item>
    </sponsors>
    <latestAction>
      <text>Read twice and referred to the Committee on Health, Education, Labor, and Pensions. (Sponsor introductory remarks on measure: CR S1748)</text>
      <links />
      <actionDate>2017-03-09</actionDate>
    </latestAction>
    <relatedBills />
    <laws />
    <titles>
      <item>
        <titleType>(Extracted from GPO) Short Titles as Introduced</titleType>
        <title>Senator Paul Simon Study Abroad Program Act of 2017</title>
        <chamberCode />
        <parentTitleType />
        <chamberName />
      </item>
      <item>
        <titleType>Short Titles as Introduced</titleType>
        <title>Senator Paul Simon Study Abroad Program Act of 2017</title>
        <chamberCode />
        <parentTitleType />
        <chamberName />
      </item>
      <item>
        <titleType>Official Title as Introduced</titleType>
        <title>A bill to ensure that significantly more students graduate college with the international knowledge and experience essential for success in today's global economy through the establishment of the Senator Paul Simon Study Abroad Program in the Department of Education.</title>
        <chamberCode />
        <parentTitleType />
        <chamberName />
      </item>
      <item>
        <titleType>Display Title</titleType>
        <title>Senator Paul Simon Study Abroad Program Act of 2017</title>
        <chamberCode />
        <parentTitleType />
        <chamberName />
      </item>
    </titles>
    <summaries>
      <billSummaries>
        <item>
          <updateDate>2017-03-09T05:00:00Z</updateDate>
          <actionDesc>Introduced in Senate</actionDesc>
          <versionCode>00</versionCode>
          <name>Introduced in Senate</name>
          <text><![CDATA[<p><b>Senator Paul Simon Study Abroad Program Act of 2017</b></p> <p>This bill amends title VII (Graduate and Postsecondary Improvement Programs) of the Higher Education Act of 1965 to establish, as part of the Fund for the Improvement of Postsecondary Education (FIPSE) program, the Senator Paul Simon Study Abroad Program.</p> <p>It authorizes the Department of Education, under the FIPSE program, to award Senator Paul Simon Study Abroad Program grants to institutions of higher education (IHEs), or consortia of IHEs, to provide and expand study abroad opportunities for undergraduate students.</p>]]></text>
          <lastSummaryUpdateDate>2017-07-24T21:46:38Z</lastSummaryUpdateDate>
          <actionDate>2017-03-09</actionDate>
        </item>
      </billSummaries>
    </summaries>
  </bill>
  <dublinCore xmlns:dc="http://purl.org/dc/elements/1.1/">
    <dc:format>text/xml</dc:format>
    <dc:language>EN</dc:language>
    <dc:rights>Pursuant to Title 17 Section 105 of the United States Code, this file is not subject to copyright protection and is in the public domain.</dc:rights>
    <dc:contributor>Congressional Research Service, Library of Congress</dc:contributor>
    <dc:description>This file contains bill summaries and statuses for federal legislation. A bill summary describes the most significant provisions of a piece of legislation and details the effects the legislative text may have on current law and federal programs. Bill summaries are authored by the Congressional Research Service (CRS) of the Library of Congress. As stated in Public Law 91-510 (2 USC 166 (d)(6)), one of the duties of CRS is "to prepare summaries and digests of bills and resolutions of a public general nature introduced in the Senate or House of Representatives". For more information, refer to the User Guide that accompanies this file.</dc:description>
  </dublinCore>
</billStatus>

