<?xml version="1.0" encoding="UTF-8"?>
<billStatus>
  <bill>
    <cosponsors>
      <item>
        <identifiers>
          <gpoId>8316</gpoId>
          <lisID>457</lisID>
          <bioguideId>G000386</bioguideId>
        </identifiers>
        <bioguideId>G000386</bioguideId>
        <lastName>GRASSLEY</lastName>
        <isOriginalCosponsor>True</isOriginalCosponsor>
        <fullName>Sen. Grassley, Chuck [R-IA]</fullName>
        <middleName>ERNEST</middleName>
        <sponsorshipWithdrawnDate />
        <state>IA</state>
        <party>R</party>
        <firstName>CHARLES</firstName>
        <sponsorshipDate>2017-03-30</sponsorshipDate>
      </item>
      <item>
        <identifiers>
          <lisID>2174</lisID>
          <gpoId />
          <bioguideId>H001069</bioguideId>
        </identifiers>
        <bioguideId>H001069</bioguideId>
        <lastName>Heitkamp</lastName>
        <isOriginalCosponsor>True</isOriginalCosponsor>
        <fullName>Sen. Heitkamp, Heidi [D-ND]</fullName>
        <middleName />
        <sponsorshipWithdrawnDate />
        <state>ND</state>
        <party>D</party>
        <firstName>Heidi</firstName>
        <sponsorshipDate>2017-03-30</sponsorshipDate>
      </item>
      <item>
        <identifiers>
          <lisID>1383</lisID>
          <gpoId>8244</gpoId>
          <bioguideId>L000174</bioguideId>
        </identifiers>
        <bioguideId>L000174</bioguideId>
        <lastName>LEAHY</lastName>
        <isOriginalCosponsor>True</isOriginalCosponsor>
        <fullName>Sen. Leahy, Patrick J. [D-VT]</fullName>
        <middleName>JOSEPH</middleName>
        <sponsorshipWithdrawnDate />
        <state>VT</state>
        <party>D</party>
        <firstName>PATRICK</firstName>
        <sponsorshipDate>2017-03-30</sponsorshipDate>
      </item>
    </cosponsors>
    <congress>115</congress>
    <committeeReports />
    <sponsors>
      <item>
        <middleName>F.</middleName>
        <byRequestType />
        <lastName>REED</lastName>
        <bioguideId>R000122</bioguideId>
        <firstName>JOHN</firstName>
        <state>RI</state>
        <identifiers>
          <lisID>949</lisID>
          <bioguideId>R000122</bioguideId>
          <gpoId>8272</gpoId>
        </identifiers>
        <fullName>Sen. Reed, Jack [D-RI]</fullName>
        <party>D</party>
      </item>
    </sponsors>
    <cboCostEstimates />
    <createDate>2017-03-31T05:07:21Z</createDate>
    <policyArea>
      <name>Finance and Financial Sector</name>
    </policyArea>
    <updateDate>2018-02-20T13:04:20Z</updateDate>
    <notes />
    <introducedDate>2017-03-30</introducedDate>
    <title>Stronger Enforcement of Civil Penalties Act of 2017</title>
    <committees>
      <billCommittees>
        <item>
          <chamber>Senate</chamber>
          <subcommittees />
          <name>Banking, Housing, and Urban Affairs Committee</name>
          <systemCode>ssbk00</systemCode>
          <activities>
            <item>
              <name>Referred to</name>
              <date>2017-03-30T16:09:15Z</date>
            </item>
          </activities>
          <type>Standing</type>
        </item>
      </billCommittees>
    </committees>
    <calendarNumbers />
    <titles>
      <item>
        <chamberName />
        <parentTitleType />
        <titleType>(Extracted from GPO) Short Titles as Introduced</titleType>
        <title>Stronger Enforcement of Civil Penalties Act of 2017</title>
        <chamberCode />
      </item>
      <item>
        <chamberName />
        <parentTitleType />
        <titleType>Short Titles as Introduced</titleType>
        <title>Stronger Enforcement of Civil Penalties Act of 2017</title>
        <chamberCode />
      </item>
      <item>
        <chamberName />
        <parentTitleType />
        <titleType>Official Title as Introduced</titleType>
        <title>A bill to enhance civil penalties under the Federal securities laws, and for other purposes.</title>
        <chamberCode />
      </item>
      <item>
        <chamberName />
        <parentTitleType />
        <titleType>Display Title</titleType>
        <title>Stronger Enforcement of Civil Penalties Act of 2017</title>
        <chamberCode />
      </item>
    </titles>
    <laws />
    <summaries>
      <billSummaries>
        <item>
          <updateDate>2017-03-30T04:00:00Z</updateDate>
          <text><![CDATA[<p><b>Stronger Enforcement of Civil Penalties Act of 2017</b></p> <p>This bill amends the Securities Act of 1933, the Securities Exchange Act of 1934, the Investment Company Act of 1940, and the Investment Advisers Act of 1940 to increase civil and administrative&nbsp;monetary penalties for&nbsp;securities laws violations.</p> <p>The bill also adds&nbsp;a fourth tier of monetary penalties for violations by a person that,&nbsp;within the five-year period preceding the violation: (1)&nbsp;was criminally convicted for securities fraud; or (2)&nbsp;became subject to a&nbsp;judgment or order imposing monetary, equitable, or administrative relief in a Securities and Exchange Commission (SEC) action alleging fraud.</p> <p>In addition, the bill expands penalties for violations of certain federal court injunctions or SEC orders.</p>]]></text>
          <name>Introduced in Senate</name>
          <lastSummaryUpdateDate>2018-02-08T20:07:57Z</lastSummaryUpdateDate>
          <versionCode>00</versionCode>
          <actionDesc>Introduced in Senate</actionDesc>
          <actionDate>2017-03-30</actionDate>
        </item>
      </billSummaries>
    </summaries>
    <latestAction>
      <actionDate>2017-03-30</actionDate>
      <text>Read twice and referred to the Committee on Banking, Housing, and Urban Affairs. (Sponsor introductory remarks on measure: CR S2153-2154)</text>
      <links />
    </latestAction>
    <recordedVotes />
    <relatedBills>
      <item>
        <latestTitle>Financial CHOICE Act of 2017</latestTitle>
        <number>10</number>
        <congress>115</congress>
        <type>HR</type>
        <latestAction>
          <text>Committee on Banking, Housing, and Urban Affairs. Hearings held. Hearings printed: S.Hrg. 115-108.</text>
          <actionDate>2017-07-13</actionDate>
        </latestAction>
        <relationshipDetails>
          <item>
            <type>Related bill</type>
            <identifiedBy>CRS</identifiedBy>
          </item>
        </relationshipDetails>
      </item>
    </relatedBills>
    <billNumber>779</billNumber>
    <actions>
      <actionTypeCounts>
        <referredToCommittee>1</referredToCommittee>
        <introducedInSenate>1</introducedInSenate>
      </actionTypeCounts>
      <item>
        <actionDate>2017-03-30</actionDate>
        <committee>
          <name>Banking, Housing, and Urban Affairs Committee</name>
          <systemCode>ssbk00</systemCode>
        </committee>
        <links>
          <link>
            <name>S2153-2154</name>
            <url>https://www.congress.gov/congressional-record/volume-163/senate-section/page/S2153-2154</url>
          </link>
        </links>
        <sourceSystem>
          <code>0</code>
          <name>Senate</name>
        </sourceSystem>
        <text>Read twice and referred to the Committee on Banking, Housing, and Urban Affairs. (Sponsor introductory remarks on measure: CR S2153-2154)</text>
        <type>IntroReferral</type>
      </item>
      <item>
        <committee />
        <links />
        <actionDate>2017-03-30</actionDate>
        <type>IntroReferral</type>
        <actionCode>10000</actionCode>
        <sourceSystem>
          <code>9</code>
          <name>Library of Congress</name>
        </sourceSystem>
        <text>Introduced in Senate</text>
      </item>
      <actionByCounts>
        <senate>2</senate>
      </actionByCounts>
    </actions>
    <billType>S</billType>
    <version>1.0.0</version>
    <originChamber>Senate</originChamber>
    <amendments />
    <subjects>
      <billSubjects>
        <policyArea>
          <name>Finance and Financial Sector</name>
        </policyArea>
        <legislativeSubjects>
          <item>
            <name>Administrative remedies</name>
          </item>
          <item>
            <name>Civil actions and liability</name>
          </item>
          <item>
            <name>Financial services and investments</name>
          </item>
          <item>
            <name>Fraud offenses and financial crimes</name>
          </item>
          <item>
            <name>Securities</name>
          </item>
        </legislativeSubjects>
      </billSubjects>
    </subjects>
  </bill>
  <dublinCore xmlns:dc="http://purl.org/dc/elements/1.1/">
    <dc:format>text/xml</dc:format>
    <dc:language>EN</dc:language>
    <dc:rights>Pursuant to Title 17 Section 105 of the United States Code, this file is not subject to copyright protection and is in the public domain.</dc:rights>
    <dc:contributor>Congressional Research Service, Library of Congress</dc:contributor>
    <dc:description>This file contains bill summaries and statuses for federal legislation. A bill summary describes the most significant provisions of a piece of legislation and details the effects the legislative text may have on current law and federal programs. Bill summaries are authored by the Congressional Research Service (CRS) of the Library of Congress. As stated in Public Law 91-510 (2 USC 166 (d)(6)), one of the duties of CRS is "to prepare summaries and digests of bills and resolutions of a public general nature introduced in the Senate or House of Representatives". For more information, refer to the User Guide that accompanies this file.</dc:description>
  </dublinCore>
</billStatus>

