<?xml version="1.0" encoding="UTF-8"?>
<billStatus>
  <bill>
    <calendarNumbers />
    <congress>115</congress>
    <titles>
      <item>
        <chamberCode />
        <chamberName />
        <parentTitleType />
        <titleType>(Extracted from GPO) Short Titles as Introduced</titleType>
        <title>Highway Rights-of-Way Permitting Efficiency Act of 2017</title>
      </item>
      <item>
        <chamberCode />
        <chamberName />
        <parentTitleType />
        <titleType>Short Titles as Introduced</titleType>
        <title>Highway Rights-of-Way Permitting Efficiency Act of 2017</title>
      </item>
      <item>
        <chamberCode />
        <chamberName />
        <parentTitleType />
        <titleType>Official Title as Introduced</titleType>
        <title>A bill to allow certain State permitting authority to encourage expansion of broadband service to rural communities, and for other purposes.</title>
      </item>
      <item>
        <chamberCode />
        <chamberName />
        <parentTitleType />
        <titleType>Display Title</titleType>
        <title>Highway Rights-of-Way Permitting Efficiency Act of 2017</title>
      </item>
    </titles>
    <introducedDate>2017-03-09</introducedDate>
    <latestAction>
      <actionDate>2017-03-09</actionDate>
      <text>Read twice and referred to the Committee on Environment and Public Works.</text>
      <links />
    </latestAction>
    <title>Highway Rights-of-Way Permitting Efficiency Act of 2017</title>
    <subjects>
      <billSubjects>
        <policyArea>
          <name>Transportation and Public Works</name>
        </policyArea>
        <legislativeSubjects>
          <item>
            <name>Environmental assessment, monitoring, research</name>
          </item>
          <item>
            <name>Forests, forestry, trees</name>
          </item>
          <item>
            <name>Intergovernmental relations</name>
          </item>
          <item>
            <name>Internet and video services</name>
          </item>
          <item>
            <name>Land use and conservation</name>
          </item>
          <item>
            <name>Licensing and registrations</name>
          </item>
          <item>
            <name>Roads and highways</name>
          </item>
          <item>
            <name>State and local government operations</name>
          </item>
          <item>
            <name>Telephone and wireless communication</name>
          </item>
        </legislativeSubjects>
      </billSubjects>
    </subjects>
    <relatedBills>
      <item>
        <relationshipDetails>
          <item>
            <identifiedBy>CRS</identifiedBy>
            <type>Related bill</type>
          </item>
        </relationshipDetails>
        <latestAction>
          <actionDate>2018-01-23</actionDate>
          <text>Referred to the Subcommittee on Federal Lands.</text>
        </latestAction>
        <type>HR</type>
        <number>4824</number>
        <latestTitle>Rural Broadband Permitting Efficiency Act of 2018</latestTitle>
        <congress>115</congress>
      </item>
    </relatedBills>
    <updateDate>2018-02-06T16:44:58Z</updateDate>
    <committeeReports />
    <notes />
    <recordedVotes />
    <amendments />
    <createDate>2017-03-10T05:16:41Z</createDate>
    <committees>
      <billCommittees>
        <item>
          <name>Environment and Public Works Committee</name>
          <chamber>Senate</chamber>
          <type>Standing</type>
          <subcommittees />
          <systemCode>ssev00</systemCode>
          <activities>
            <item>
              <name>Referred to</name>
              <date>2017-03-09T21:44:47Z</date>
            </item>
          </activities>
        </item>
      </billCommittees>
    </committees>
    <cboCostEstimates />
    <billNumber>604</billNumber>
    <policyArea>
      <name>Transportation and Public Works</name>
    </policyArea>
    <version>1.0.0</version>
    <billType>S</billType>
    <originChamber>Senate</originChamber>
    <actions>
      <item>
        <actionDate>2017-03-09</actionDate>
        <committee>
          <systemCode>ssev00</systemCode>
          <name>Environment and Public Works Committee</name>
        </committee>
        <links />
        <sourceSystem>
          <name>Senate</name>
          <code>0</code>
        </sourceSystem>
        <text>Read twice and referred to the Committee on Environment and Public Works.</text>
        <type>IntroReferral</type>
      </item>
      <item>
        <links />
        <actionDate>2017-03-09</actionDate>
        <type>IntroReferral</type>
        <text>Introduced in Senate</text>
        <actionCode>10000</actionCode>
        <sourceSystem>
          <name>Library of Congress</name>
          <code>9</code>
        </sourceSystem>
        <committee />
      </item>
      <actionByCounts>
        <senate>2</senate>
      </actionByCounts>
      <actionTypeCounts>
        <introducedInSenate>1</introducedInSenate>
        <referredToCommittee>1</referredToCommittee>
      </actionTypeCounts>
    </actions>
    <sponsors>
      <item>
        <bioguideId>H000338</bioguideId>
        <party>R</party>
        <firstName>ORRIN</firstName>
        <middleName>GRANT</middleName>
        <byRequestType />
        <fullName>Sen. Hatch, Orrin G. [R-UT]</fullName>
        <identifiers>
          <lisID>1351</lisID>
          <bioguideId>H000338</bioguideId>
          <gpoId>8314</gpoId>
        </identifiers>
        <lastName>HATCH</lastName>
        <state>UT</state>
      </item>
    </sponsors>
    <summaries>
      <billSummaries>
        <item>
          <text><![CDATA[<p><b>Highway Rights-of-Way Permitting Efficiency Act of 2017</b></p> <p>This bill requires the Department of Agriculture (USDA), with respect to National Forest System land, and the Department of the Interior, with respect to Bureau of Land Management (BLM) land, to establish a program to enter into memoranda of understanding with states to allow for the permitting of broadband within an operational right-of-way to enable broadband providers to install infrastructure that allows users to originate and receive high-quality voice, data, graphics, and video telecommunications.</p> <p>The &quot;operational right-of-way&quot; is defined as all real property interests (including easements) acquired for the construction or operation of a project.</p> <p>A state's governor, or a state's top-ranking transportation official in charge of highway construction, may enter into such a memorandum for a term not to exceed 10 years if the state consents to: (1) federal court jurisdiction, (2) federal environmental review procedures, (3) judicial review of decisions regarding the public availability of documents, (4) maintenance of necessary financial resources, and (5) the provision of any information that USDA or Interior needs to ensure that the state is carrying out its responsibilities.</p> <p>USDA and Interior must designate projects within an existing operational right-of-way as actions categorically excluded from federal regulations relating to environmental assessments or environmental impact statements.</p> <p>Interior must establish a Federal Permit Streamlining Project in each BLM field office with responsibility for issuing permits for broadband projects. Under the program, Interior acts as the lead agency for the issuance of a single permit on behalf of all other federal agencies involved in a broadband project through a memorandum of understanding with USDA, the Environmental Protection Agency, the Federal Highway Administration, and the U.S. Fish and Wildlife Service.</p>]]></text>
          <name>Introduced in Senate</name>
          <lastSummaryUpdateDate>2017-05-03T20:18:07Z</lastSummaryUpdateDate>
          <versionCode>00</versionCode>
          <actionDesc>Introduced in Senate</actionDesc>
          <updateDate>2017-03-09T05:00:00Z</updateDate>
          <actionDate>2017-03-09</actionDate>
        </item>
      </billSummaries>
    </summaries>
    <laws />
    <cosponsors>
      <item>
        <party>R</party>
        <bioguideId>D000618</bioguideId>
        <isOriginalCosponsor>True</isOriginalCosponsor>
        <firstName>Steve</firstName>
        <middleName />
        <sponsorshipWithdrawnDate />
        <sponsorshipDate>2017-03-09</sponsorshipDate>
        <fullName>Sen. Daines, Steve [R-MT]</fullName>
        <identifiers>
          <bioguideId>D000618</bioguideId>
          <lisID>2138</lisID>
          <gpoId />
        </identifiers>
        <lastName>Daines</lastName>
        <state>MT</state>
      </item>
      <item>
        <party>R</party>
        <bioguideId>F000463</bioguideId>
        <isOriginalCosponsor>True</isOriginalCosponsor>
        <firstName>Deb</firstName>
        <middleName />
        <sponsorshipWithdrawnDate />
        <sponsorshipDate>2017-03-09</sponsorshipDate>
        <fullName>Sen. Fischer, Deb [R-NE]</fullName>
        <identifiers>
          <gpoId />
          <lisID>2179</lisID>
          <bioguideId>F000463</bioguideId>
        </identifiers>
        <lastName>Fischer</lastName>
        <state>NE</state>
      </item>
      <item>
        <party>R</party>
        <bioguideId>C001047</bioguideId>
        <isOriginalCosponsor>False</isOriginalCosponsor>
        <firstName>SHELLEY</firstName>
        <middleName>MOORE</middleName>
        <sponsorshipWithdrawnDate />
        <sponsorshipDate>2017-03-23</sponsorshipDate>
        <fullName>Sen. Capito, Shelley Moore [R-WV]</fullName>
        <identifiers>
          <bioguideId>C001047</bioguideId>
          <lisID>1676</lisID>
          <gpoId>8223</gpoId>
        </identifiers>
        <lastName>CAPITO</lastName>
        <state>WV</state>
      </item>
      <item>
        <party>R</party>
        <bioguideId>E000295</bioguideId>
        <isOriginalCosponsor>False</isOriginalCosponsor>
        <firstName>Joni</firstName>
        <middleName />
        <sponsorshipWithdrawnDate />
        <sponsorshipDate>2017-04-04</sponsorshipDate>
        <fullName>Sen. Ernst, Joni  [R-IA]</fullName>
        <identifiers>
          <lisID>2283</lisID>
          <bioguideId>E000295</bioguideId>
          <gpoId />
        </identifiers>
        <lastName>Ernst</lastName>
        <state>IA</state>
      </item>
    </cosponsors>
  </bill>
  <dublinCore xmlns:dc="http://purl.org/dc/elements/1.1/">
    <dc:format>text/xml</dc:format>
    <dc:language>EN</dc:language>
    <dc:rights>Pursuant to Title 17 Section 105 of the United States Code, this file is not subject to copyright protection and is in the public domain.</dc:rights>
    <dc:contributor>Congressional Research Service, Library of Congress</dc:contributor>
    <dc:description>This file contains bill summaries and statuses for federal legislation. A bill summary describes the most significant provisions of a piece of legislation and details the effects the legislative text may have on current law and federal programs. Bill summaries are authored by the Congressional Research Service (CRS) of the Library of Congress. As stated in Public Law 91-510 (2 USC 166 (d)(6)), one of the duties of CRS is "to prepare summaries and digests of bills and resolutions of a public general nature introduced in the Senate or House of Representatives". For more information, refer to the User Guide that accompanies this file.</dc:description>
  </dublinCore>
</billStatus>

