<?xml version="1.0" encoding="UTF-8"?>
<billStatus>
  <bill>
    <policyArea>
      <name>Taxation</name>
    </policyArea>
    <introducedDate>2017-03-09</introducedDate>
    <cosponsors>
      <item>
        <lastName>Blumenthal</lastName>
        <sponsorshipDate>2017-03-09</sponsorshipDate>
        <party>D</party>
        <state>CT</state>
        <bioguideId>B001277</bioguideId>
        <middleName />
        <sponsorshipWithdrawnDate />
        <fullName>Sen. Blumenthal, Richard [D-CT]</fullName>
        <firstName>Richard</firstName>
        <isOriginalCosponsor>True</isOriginalCosponsor>
        <identifiers>
          <lisID>2076</lisID>
          <bioguideId>B001277</bioguideId>
          <gpoId>8332</gpoId>
        </identifiers>
      </item>
      <item>
        <lastName>Klobuchar</lastName>
        <sponsorshipDate>2017-03-09</sponsorshipDate>
        <party>D</party>
        <state>MN</state>
        <bioguideId>K000367</bioguideId>
        <middleName />
        <sponsorshipWithdrawnDate />
        <fullName>Sen. Klobuchar, Amy [D-MN]</fullName>
        <firstName>Amy</firstName>
        <isOriginalCosponsor>True</isOriginalCosponsor>
        <identifiers>
          <gpoId>8249</gpoId>
          <bioguideId>K000367</bioguideId>
          <lisID>1826</lisID>
        </identifiers>
      </item>
      <item>
        <lastName>Gillibrand</lastName>
        <sponsorshipDate>2017-03-09</sponsorshipDate>
        <party>D</party>
        <state>NY</state>
        <bioguideId>G000555</bioguideId>
        <middleName>E.</middleName>
        <sponsorshipWithdrawnDate />
        <fullName>Sen. Gillibrand, Kirsten E. [D-NY]</fullName>
        <firstName>Kirsten</firstName>
        <isOriginalCosponsor>True</isOriginalCosponsor>
        <identifiers>
          <gpoId>8336</gpoId>
          <lisID>1866</lisID>
          <bioguideId>G000555</bioguideId>
        </identifiers>
      </item>
      <item>
        <lastName>CARDIN</lastName>
        <sponsorshipDate>2017-03-09</sponsorshipDate>
        <party>D</party>
        <state>MD</state>
        <bioguideId>C000141</bioguideId>
        <middleName>L.</middleName>
        <sponsorshipWithdrawnDate />
        <fullName>Sen. Cardin, Benjamin L. [D-MD]</fullName>
        <firstName>BENJAMIN</firstName>
        <isOriginalCosponsor>True</isOriginalCosponsor>
        <identifiers>
          <gpoId>8287</gpoId>
          <lisID>174</lisID>
          <bioguideId>C000141</bioguideId>
        </identifiers>
      </item>
      <item>
        <lastName>Casey</lastName>
        <sponsorshipDate>2017-03-09</sponsorshipDate>
        <party>D</party>
        <state>PA</state>
        <bioguideId>C001070</bioguideId>
        <middleName />
        <sponsorshipWithdrawnDate />
        <fullName>Sen. Casey, Robert P., Jr. [D-PA]</fullName>
        <firstName>Bob</firstName>
        <isOriginalCosponsor>True</isOriginalCosponsor>
        <identifiers>
          <gpoId>8282</gpoId>
          <bioguideId>C001070</bioguideId>
          <lisID>1828</lisID>
        </identifiers>
      </item>
      <item>
        <lastName>BROWN</lastName>
        <sponsorshipDate>2017-03-09</sponsorshipDate>
        <party>D</party>
        <state>OH</state>
        <bioguideId>B000944</bioguideId>
        <middleName />
        <sponsorshipWithdrawnDate />
        <fullName>Sen. Brown, Sherrod [D-OH]</fullName>
        <firstName>SHERROD</firstName>
        <isOriginalCosponsor>True</isOriginalCosponsor>
        <identifiers>
          <lisID>136</lisID>
          <gpoId>8309</gpoId>
          <bioguideId>B000944</bioguideId>
        </identifiers>
      </item>
    </cosponsors>
    <congress>115</congress>
    <recordedVotes />
    <amendments />
    <laws />
    <cboCostEstimates />
    <actions>
      <item>
        <actionDate>2017-03-09</actionDate>
        <committee>
          <systemCode>ssfi00</systemCode>
          <name>Finance Committee</name>
        </committee>
        <links />
        <sourceSystem>
          <name>Senate</name>
          <code>0</code>
        </sourceSystem>
        <text>Read twice and referred to the Committee on Finance.</text>
        <type>IntroReferral</type>
      </item>
      <item>
        <links />
        <actionDate>2017-03-09</actionDate>
        <type>IntroReferral</type>
        <text>Introduced in Senate</text>
        <actionCode>10000</actionCode>
        <sourceSystem>
          <name>Library of Congress</name>
          <code>9</code>
        </sourceSystem>
        <committee />
      </item>
      <actionByCounts>
        <senate>2</senate>
      </actionByCounts>
      <actionTypeCounts>
        <introducedInSenate>1</introducedInSenate>
        <referredToCommittee>1</referredToCommittee>
      </actionTypeCounts>
    </actions>
    <latestAction>
      <text>Read twice and referred to the Committee on Finance.</text>
      <actionDate>2017-03-09</actionDate>
      <links />
    </latestAction>
    <titles>
      <item>
        <title>Identity Theft and Tax Fraud Prevention Act of 2017</title>
        <titleType>(Extracted from GPO) Short Titles as Introduced</titleType>
        <parentTitleType />
        <chamberCode />
        <chamberName />
      </item>
      <item>
        <title>Identity Theft and Tax Fraud Prevention Act of 2017</title>
        <titleType>Short Titles as Introduced</titleType>
        <parentTitleType />
        <chamberCode />
        <chamberName />
      </item>
      <item>
        <title>A bill to amend the Internal Revenue Code of 1986 to prevent taxpayer identity theft and tax refund fraud, and for other purposes.</title>
        <titleType>Official Title as Introduced</titleType>
        <parentTitleType />
        <chamberCode />
        <chamberName />
      </item>
      <item>
        <title>Identity Theft and Tax Fraud Prevention Act of 2017</title>
        <titleType>Display Title</titleType>
        <parentTitleType />
        <chamberCode />
        <chamberName />
      </item>
    </titles>
    <summaries>
      <billSummaries>
        <item>
          <lastSummaryUpdateDate>2017-06-12T14:44:27Z</lastSummaryUpdateDate>
          <updateDate>2017-03-09T05:00:00Z</updateDate>
          <versionCode>00</versionCode>
          <text><![CDATA[<p><b>Identity Theft and Tax Fraud Prevention Act of 2017</b></p> <p>This bill amends the Internal Revenue Code to establish requirements and authorities for the Internal Revenue Service (IRS) related to: (1) preventing identify theft and tax refund fraud, and (2) the electronic filing of tax returns. </p> <p> The IRS must: </p> <ul> <li> develop and implement guidelines for stolen identity refund fraud cases, </li> <li> provide specified notifications to suspected victims of identity theft, </li> <li>establish a local law enforcement liaison for tax-related identity theft and other tax fraud matters,</li> <li>use information from the Do Not Pay Initiative to help prevent identity theft refund fraud, </li> <li>establish a program to issue identity protection personal identification numbers to any individual after the individual's identity has been verified, </li> <li> establish an Internet platform for Form 1099 filings,</li> <li> require electronically prepared paper returns to include a scannable code to convert the form to an electronic format, and </li> <li> verify the identity of individuals opening e-Services accounts. </li> </ul> <p>The bill also:</p> <ul> <li>increases penalties associated with identify theft,</li> <li>permits the IRS to transfer appropriations between accounts to combat tax fraud, </li> <li>reinstates streamlined critical pay authority for certain IRS information technology positions,</li> <li>amends the Social Security Act to permit the IRS to access the National Directory of New Hires for tax administration purposes,</li> <li>permits the IRS to establish minimum standards for professional tax preparers, and </li> <li> expands the authority of the IRS to require certain taxpayers to file electronic returns. </li> </ul> <p>The IRS and the Department of the Treasury must submit to Congress specified reports regarding identify theft and tax refund fraud. </p>]]></text>
          <name>Introduced in Senate</name>
          <actionDesc>Introduced in Senate</actionDesc>
          <actionDate>2017-03-09</actionDate>
        </item>
      </billSummaries>
    </summaries>
    <title>Identity Theft and Tax Fraud Prevention Act of 2017</title>
    <calendarNumbers />
    <originChamber>Senate</originChamber>
    <updateDate>2018-02-06T16:44:59Z</updateDate>
    <notes />
    <billType>S</billType>
    <committees>
      <billCommittees>
        <item>
          <chamber>Senate</chamber>
          <subcommittees />
          <type>Standing</type>
          <activities>
            <item>
              <date>2017-03-09T22:10:17Z</date>
              <name>Referred to</name>
            </item>
          </activities>
          <systemCode>ssfi00</systemCode>
          <name>Finance Committee</name>
        </item>
      </billCommittees>
    </committees>
    <relatedBills />
    <committeeReports />
    <billNumber>606</billNumber>
    <sponsors>
      <item>
        <byRequestType />
        <state>FL</state>
        <bioguideId>N000032</bioguideId>
        <identifiers>
          <bioguideId>N000032</bioguideId>
          <gpoId>8236</gpoId>
          <lisID>859</lisID>
        </identifiers>
        <fullName>Sen. Nelson, Bill [D-FL]</fullName>
        <lastName>NELSON</lastName>
        <firstName>CLARENCE</firstName>
        <middleName>WILLIAM</middleName>
        <party>D</party>
      </item>
    </sponsors>
    <createDate>2017-03-10T05:16:41Z</createDate>
    <version>1.0.0</version>
    <subjects>
      <billSubjects>
        <policyArea>
          <name>Taxation</name>
        </policyArea>
        <legislativeSubjects>
          <item>
            <name>Appropriations</name>
          </item>
          <item>
            <name>Computer security and identity theft</name>
          </item>
          <item>
            <name>Computers and information technology</name>
          </item>
          <item>
            <name>Congressional oversight</name>
          </item>
          <item>
            <name>Crime prevention</name>
          </item>
          <item>
            <name>Crime victims</name>
          </item>
          <item>
            <name>Criminal investigation, prosecution, interrogation</name>
          </item>
          <item>
            <name>Criminal justice information and records</name>
          </item>
          <item>
            <name>Criminal procedure and sentencing</name>
          </item>
          <item>
            <name>Department of the Treasury</name>
          </item>
          <item>
            <name>Employee hiring</name>
          </item>
          <item>
            <name>Executive agency funding and structure</name>
          </item>
          <item>
            <name>Federal officials</name>
          </item>
          <item>
            <name>Fraud offenses and financial crimes</name>
          </item>
          <item>
            <name>Government employee pay, benefits, personnel management</name>
          </item>
          <item>
            <name>Government information and archives</name>
          </item>
          <item>
            <name>Government studies and investigations</name>
          </item>
          <item>
            <name>Intergovernmental relations</name>
          </item>
          <item>
            <name>Internal Revenue Service (IRS)</name>
          </item>
          <item>
            <name>Internet and video services</name>
          </item>
          <item>
            <name>Law enforcement administration and funding</name>
          </item>
          <item>
            <name>Personnel records</name>
          </item>
          <item>
            <name>State and local government operations</name>
          </item>
          <item>
            <name>Tax administration and collection, taxpayers</name>
          </item>
        </legislativeSubjects>
      </billSubjects>
    </subjects>
  </bill>
  <dublinCore xmlns:dc="http://purl.org/dc/elements/1.1/">
    <dc:format>text/xml</dc:format>
    <dc:language>EN</dc:language>
    <dc:rights>Pursuant to Title 17 Section 105 of the United States Code, this file is not subject to copyright protection and is in the public domain.</dc:rights>
    <dc:contributor>Congressional Research Service, Library of Congress</dc:contributor>
    <dc:description>This file contains bill summaries and statuses for federal legislation. A bill summary describes the most significant provisions of a piece of legislation and details the effects the legislative text may have on current law and federal programs. Bill summaries are authored by the Congressional Research Service (CRS) of the Library of Congress. As stated in Public Law 91-510 (2 USC 166 (d)(6)), one of the duties of CRS is "to prepare summaries and digests of bills and resolutions of a public general nature introduced in the Senate or House of Representatives". For more information, refer to the User Guide that accompanies this file.</dc:description>
  </dublinCore>
</billStatus>

