<?xml version="1.0" encoding="UTF-8"?>
<billStatus>
  <bill>
    <calendarNumbers />
    <billNumber>294</billNumber>
    <title>Traditional Cigar Manufacturing and Small Business Jobs Preservation Act of 2017</title>
    <congress>115</congress>
    <titles>
      <item>
        <title>Traditional Cigar Manufacturing and Small Business Jobs Preservation Act of 2017</title>
        <titleType>(Extracted from GPO) Short Titles as Introduced</titleType>
        <chamberCode />
        <chamberName />
        <parentTitleType />
      </item>
      <item>
        <title>Traditional Cigar Manufacturing and Small Business Jobs Preservation Act of 2017</title>
        <titleType>Short Titles as Introduced</titleType>
        <chamberCode />
        <chamberName />
        <parentTitleType />
      </item>
      <item>
        <title>A bill to amend the Federal Food, Drug, and Cosmetic Act to clarify the Food and Drug Administration's jurisdiction over certain tobacco products, and to protect jobs and small businesses involved in the sale, manufacturing and distribution of traditional and premium cigars.</title>
        <titleType>Official Title as Introduced</titleType>
        <chamberCode />
        <chamberName />
        <parentTitleType />
      </item>
      <item>
        <title>Traditional Cigar Manufacturing and Small Business Jobs Preservation Act of 2017</title>
        <titleType>Display Title</titleType>
        <chamberCode />
        <chamberName />
        <parentTitleType />
      </item>
    </titles>
    <relatedBills>
      <item>
        <latestTitle>Traditional Cigar Manufacturing and Small Business Jobs Preservation Act of 2017</latestTitle>
        <number>564</number>
        <relationshipDetails>
          <item>
            <identifiedBy>CRS</identifiedBy>
            <type>Identical bill</type>
          </item>
        </relationshipDetails>
        <congress>115</congress>
        <type>HR</type>
        <latestAction>
          <text>Referred to the House Committee on Energy and Commerce.</text>
          <actionDate>2017-01-13</actionDate>
        </latestAction>
      </item>
    </relatedBills>
    <sponsors>
      <item>
        <byRequestType />
        <party>D</party>
        <bioguideId>N000032</bioguideId>
        <firstName>CLARENCE</firstName>
        <fullName>Sen. Nelson, Bill [D-FL]</fullName>
        <middleName>WILLIAM</middleName>
        <state>FL</state>
        <identifiers>
          <gpoId>8236</gpoId>
          <bioguideId>N000032</bioguideId>
          <lisID>859</lisID>
        </identifiers>
        <lastName>NELSON</lastName>
      </item>
    </sponsors>
    <createDate>2017-02-03T05:17:31Z</createDate>
    <originChamber>Senate</originChamber>
    <updateDate>2018-02-16T05:27:49Z</updateDate>
    <notes />
    <policyArea>
      <name>Health</name>
    </policyArea>
    <cosponsors>
      <item>
        <identifiers>
          <gpoId>8242</gpoId>
          <bioguideId>R000595</bioguideId>
          <lisID>2084</lisID>
        </identifiers>
        <sponsorshipDate>2017-02-02</sponsorshipDate>
        <isOriginalCosponsor>True</isOriginalCosponsor>
        <bioguideId>R000595</bioguideId>
        <middleName />
        <firstName>Marco</firstName>
        <state>FL</state>
        <lastName>Rubio</lastName>
        <party>R</party>
        <fullName>Sen. Rubio, Marco [R-FL]</fullName>
        <sponsorshipWithdrawnDate />
      </item>
      <item>
        <identifiers>
          <gpoId>8256</gpoId>
          <bioguideId>M001183</bioguideId>
          <lisID>1983</lisID>
        </identifiers>
        <sponsorshipDate>2017-02-02</sponsorshipDate>
        <isOriginalCosponsor>True</isOriginalCosponsor>
        <bioguideId>M001183</bioguideId>
        <middleName />
        <firstName>Joe</firstName>
        <state>WV</state>
        <lastName>Manchin</lastName>
        <party>D</party>
        <fullName>Sen. Manchin, Joe, III [D-WV]</fullName>
        <sponsorshipWithdrawnDate />
      </item>
      <item>
        <identifiers>
          <gpoId />
          <lisID>2138</lisID>
          <bioguideId>D000618</bioguideId>
        </identifiers>
        <sponsorshipDate>2017-02-02</sponsorshipDate>
        <isOriginalCosponsor>True</isOriginalCosponsor>
        <bioguideId>D000618</bioguideId>
        <middleName />
        <firstName>Steve</firstName>
        <state>MT</state>
        <lastName>Daines</lastName>
        <party>R</party>
        <fullName>Sen. Daines, Steve [R-MT]</fullName>
        <sponsorshipWithdrawnDate />
      </item>
      <item>
        <identifiers>
          <gpoId>8282</gpoId>
          <bioguideId>C001070</bioguideId>
          <lisID>1828</lisID>
        </identifiers>
        <sponsorshipDate>2017-02-02</sponsorshipDate>
        <isOriginalCosponsor>True</isOriginalCosponsor>
        <bioguideId>C001070</bioguideId>
        <middleName />
        <firstName>Bob</firstName>
        <state>PA</state>
        <lastName>Casey</lastName>
        <party>D</party>
        <fullName>Sen. Casey, Robert P., Jr. [D-PA]</fullName>
        <sponsorshipWithdrawnDate />
      </item>
      <item>
        <identifiers>
          <lisID>1998</lisID>
          <gpoId>7862</gpoId>
          <bioguideId>G000562</bioguideId>
        </identifiers>
        <sponsorshipDate>2017-02-02</sponsorshipDate>
        <isOriginalCosponsor>True</isOriginalCosponsor>
        <bioguideId>G000562</bioguideId>
        <middleName />
        <firstName>Cory</firstName>
        <state>CO</state>
        <lastName>Gardner</lastName>
        <party>R</party>
        <fullName>Sen. Gardner, Cory [R-CO]</fullName>
        <sponsorshipWithdrawnDate />
      </item>
      <item>
        <identifiers>
          <gpoId>8247</gpoId>
          <bioguideId>B001236</bioguideId>
          <lisID>1687</lisID>
        </identifiers>
        <sponsorshipDate>2017-02-02</sponsorshipDate>
        <isOriginalCosponsor>True</isOriginalCosponsor>
        <bioguideId>B001236</bioguideId>
        <middleName />
        <firstName>John</firstName>
        <state>AR</state>
        <lastName>Boozman</lastName>
        <party>R</party>
        <fullName>Sen. Boozman, John [R-AR]</fullName>
        <sponsorshipWithdrawnDate />
      </item>
      <item>
        <identifiers>
          <lisID>1829</lisID>
          <gpoId>8258</gpoId>
          <bioguideId>T000464</bioguideId>
        </identifiers>
        <sponsorshipDate>2017-02-02</sponsorshipDate>
        <isOriginalCosponsor>True</isOriginalCosponsor>
        <bioguideId>T000464</bioguideId>
        <middleName />
        <firstName>Jon</firstName>
        <state>MT</state>
        <lastName>Tester</lastName>
        <party>D</party>
        <fullName>Sen. Tester, Jon [D-MT]</fullName>
        <sponsorshipWithdrawnDate />
      </item>
      <item>
        <identifiers>
          <lisID>1844</lisID>
          <gpoId>7913</gpoId>
          <bioguideId>H001042</bioguideId>
        </identifiers>
        <sponsorshipDate>2017-02-02</sponsorshipDate>
        <isOriginalCosponsor>True</isOriginalCosponsor>
        <bioguideId>H001042</bioguideId>
        <middleName>K.</middleName>
        <firstName>Mazie</firstName>
        <state>HI</state>
        <lastName>Hirono</lastName>
        <party>D</party>
        <fullName>Sen. Hirono, Mazie K. [D-HI]</fullName>
        <sponsorshipWithdrawnDate />
      </item>
      <item>
        <identifiers>
          <bioguideId>H001041</bioguideId>
          <lisID>1863</lisID>
          <gpoId>8060</gpoId>
        </identifiers>
        <sponsorshipDate>2017-02-02</sponsorshipDate>
        <isOriginalCosponsor>True</isOriginalCosponsor>
        <bioguideId>H001041</bioguideId>
        <middleName />
        <firstName>Dean</firstName>
        <state>NV</state>
        <lastName>Heller</lastName>
        <party>R</party>
        <fullName>Sen. Heller, Dean [R-NV]</fullName>
        <sponsorshipWithdrawnDate />
      </item>
      <item>
        <identifiers>
          <lisID>791</lisID>
          <gpoId>8239</gpoId>
          <bioguideId>M000639</bioguideId>
        </identifiers>
        <sponsorshipDate>2017-02-07</sponsorshipDate>
        <isOriginalCosponsor>False</isOriginalCosponsor>
        <bioguideId>M000639</bioguideId>
        <middleName />
        <firstName>ROBERT</firstName>
        <state>NJ</state>
        <lastName>MENENDEZ</lastName>
        <party>D</party>
        <fullName>Sen. Menendez, Robert [D-NJ]</fullName>
        <sponsorshipWithdrawnDate />
      </item>
      <item>
        <identifiers>
          <lisID>2286</lisID>
          <gpoId />
          <bioguideId>P000612</bioguideId>
        </identifiers>
        <sponsorshipDate>2017-02-17</sponsorshipDate>
        <isOriginalCosponsor>False</isOriginalCosponsor>
        <bioguideId>P000612</bioguideId>
        <middleName>Alfred</middleName>
        <firstName>David</firstName>
        <state>GA</state>
        <lastName>Perdue</lastName>
        <party>R</party>
        <fullName>Sen. Perdue, David [R-GA]</fullName>
        <sponsorshipWithdrawnDate />
      </item>
      <item>
        <identifiers>
          <lisID>583</lisID>
          <gpoId>8322</gpoId>
          <bioguideId>I000024</bioguideId>
        </identifiers>
        <sponsorshipDate>2017-02-27</sponsorshipDate>
        <isOriginalCosponsor>False</isOriginalCosponsor>
        <bioguideId>I000024</bioguideId>
        <middleName />
        <firstName>JIM</firstName>
        <state>OK</state>
        <lastName>INHOFE</lastName>
        <party>R</party>
        <fullName>Sen. Inhofe, James M. [R-OK]</fullName>
        <sponsorshipWithdrawnDate />
      </item>
      <item>
        <identifiers>
          <gpoId>8323</gpoId>
          <lisID>1608</lisID>
          <bioguideId>I000055</bioguideId>
        </identifiers>
        <sponsorshipDate>2017-04-04</sponsorshipDate>
        <isOriginalCosponsor>False</isOriginalCosponsor>
        <bioguideId>I000055</bioguideId>
        <middleName />
        <firstName>Johnny</firstName>
        <state>GA</state>
        <lastName>Isakson</lastName>
        <party>R</party>
        <fullName>Sen. Isakson, Johnny [R-GA]</fullName>
        <sponsorshipWithdrawnDate />
      </item>
      <item>
        <identifiers>
          <gpoId>8316</gpoId>
          <lisID>457</lisID>
          <bioguideId>G000386</bioguideId>
        </identifiers>
        <sponsorshipDate>2017-04-04</sponsorshipDate>
        <isOriginalCosponsor>False</isOriginalCosponsor>
        <bioguideId>G000386</bioguideId>
        <middleName>ERNEST</middleName>
        <firstName>CHARLES</firstName>
        <state>IA</state>
        <lastName>GRASSLEY</lastName>
        <party>R</party>
        <fullName>Sen. Grassley, Chuck [R-IA]</fullName>
        <sponsorshipWithdrawnDate />
      </item>
      <item>
        <identifiers>
          <lisID>2098</lisID>
          <gpoId />
          <bioguideId>C001095</bioguideId>
        </identifiers>
        <sponsorshipDate>2017-06-21</sponsorshipDate>
        <isOriginalCosponsor>False</isOriginalCosponsor>
        <bioguideId>C001095</bioguideId>
        <middleName />
        <firstName>Tom</firstName>
        <state>AR</state>
        <lastName>Cotton</lastName>
        <party>R</party>
        <fullName>Sen. Cotton, Tom [R-AR]</fullName>
        <sponsorshipWithdrawnDate />
      </item>
      <item>
        <identifiers>
          <gpoId>7941</gpoId>
          <bioguideId>D000607</bioguideId>
          <lisID>1850</lisID>
        </identifiers>
        <sponsorshipDate>2017-09-18</sponsorshipDate>
        <isOriginalCosponsor>False</isOriginalCosponsor>
        <bioguideId>D000607</bioguideId>
        <middleName />
        <firstName>Joe</firstName>
        <state>IN</state>
        <lastName>Donnelly</lastName>
        <party>D</party>
        <fullName>Sen. Donnelly, Joe [D-IN]</fullName>
        <sponsorshipWithdrawnDate />
      </item>
      <item>
        <identifiers>
          <bioguideId>T000461</bioguideId>
          <lisID>1594</lisID>
          <gpoId />
        </identifiers>
        <sponsorshipDate>2017-09-26</sponsorshipDate>
        <isOriginalCosponsor>False</isOriginalCosponsor>
        <bioguideId>T000461</bioguideId>
        <middleName />
        <firstName>Pat</firstName>
        <state>PA</state>
        <lastName>Toomey</lastName>
        <party>R</party>
        <fullName>Sen. Toomey, Pat [R-PA]</fullName>
        <sponsorshipWithdrawnDate />
      </item>
      <item>
        <identifiers>
          <bioguideId>G000359</bioguideId>
          <lisID>452</lisID>
          <gpoId>8335</gpoId>
        </identifiers>
        <sponsorshipDate>2017-12-19</sponsorshipDate>
        <isOriginalCosponsor>False</isOriginalCosponsor>
        <bioguideId>G000359</bioguideId>
        <middleName>O.</middleName>
        <firstName>LINDSEY</firstName>
        <state>SC</state>
        <lastName>GRAHAM</lastName>
        <party>R</party>
        <fullName>Sen. Graham, Lindsey [R-SC]</fullName>
        <sponsorshipWithdrawnDate />
      </item>
      <item>
        <identifiers>
          <gpoId />
          <lisID>2303</lisID>
          <bioguideId>K000393</bioguideId>
        </identifiers>
        <sponsorshipDate>2018-02-07</sponsorshipDate>
        <isOriginalCosponsor>False</isOriginalCosponsor>
        <bioguideId>K000393</bioguideId>
        <middleName>Neely</middleName>
        <firstName>John</firstName>
        <state>LA</state>
        <lastName>Kennedy</lastName>
        <party>R</party>
        <fullName>Sen. Kennedy, John [R-LA]</fullName>
        <sponsorshipWithdrawnDate />
      </item>
    </cosponsors>
    <committeeReports />
    <cboCostEstimates />
    <laws />
    <committees>
      <billCommittees>
        <item>
          <chamber>Senate</chamber>
          <type>Standing</type>
          <subcommittees />
          <systemCode>sshr00</systemCode>
          <name>Health, Education, Labor, and Pensions Committee</name>
          <activities>
            <item>
              <date>2017-02-02T22:56:30Z</date>
              <name>Referred to</name>
            </item>
          </activities>
        </item>
      </billCommittees>
    </committees>
    <subjects>
      <billSubjects>
        <policyArea>
          <name>Health</name>
        </policyArea>
        <legislativeSubjects>
          <item>
            <name>Administrative law and regulatory procedures</name>
          </item>
          <item>
            <name>Department of Health and Human Services</name>
          </item>
          <item>
            <name>Drug safety, medical device, and laboratory regulation</name>
          </item>
          <item>
            <name>Drug, alcohol, tobacco use</name>
          </item>
          <item>
            <name>Food and Drug Administration (FDA)</name>
          </item>
          <item>
            <name>User charges and fees</name>
          </item>
        </legislativeSubjects>
      </billSubjects>
    </subjects>
    <version>1.0.0</version>
    <billType>S</billType>
    <latestAction>
      <links />
      <text>Read twice and referred to the Committee on Health, Education, Labor, and Pensions.</text>
      <actionDate>2017-02-02</actionDate>
    </latestAction>
    <actions>
      <actionTypeCounts>
        <referredToCommittee>1</referredToCommittee>
        <introducedInSenate>1</introducedInSenate>
      </actionTypeCounts>
      <item>
        <actionDate>2017-02-02</actionDate>
        <committee>
          <systemCode>sshr00</systemCode>
          <name>Health, Education, Labor, and Pensions Committee</name>
        </committee>
        <links />
        <sourceSystem>
          <name>Senate</name>
          <code>0</code>
        </sourceSystem>
        <text>Read twice and referred to the Committee on Health, Education, Labor, and Pensions.</text>
        <type>IntroReferral</type>
      </item>
      <item>
        <sourceSystem>
          <name>Library of Congress</name>
          <code>9</code>
        </sourceSystem>
        <type>IntroReferral</type>
        <links />
        <text>Introduced in Senate</text>
        <committee />
        <actionCode>10000</actionCode>
        <actionDate>2017-02-02</actionDate>
      </item>
      <actionByCounts>
        <senate>2</senate>
      </actionByCounts>
    </actions>
    <introducedDate>2017-02-02</introducedDate>
    <amendments />
    <recordedVotes />
    <summaries>
      <billSummaries>
        <item>
          <text><![CDATA[<p><b>Traditional Cigar Manufacturing and Small Business Jobs Preservation Act of 2017</b></p> <p>This bill amends the Federal Food, Drug, and Cosmetic Act to exempt traditional large and premium cigars from regulation by the Food and Drug Administration (FDA) and from user fees assessed on tobacco products by the FDA.</p>]]></text>
          <versionCode>00</versionCode>
          <lastSummaryUpdateDate>2017-03-06T17:31:40Z</lastSummaryUpdateDate>
          <actionDesc>Introduced in Senate</actionDesc>
          <updateDate>2017-02-02T05:00:00Z</updateDate>
          <name>Introduced in Senate</name>
          <actionDate>2017-02-02</actionDate>
        </item>
      </billSummaries>
    </summaries>
  </bill>
  <dublinCore xmlns:dc="http://purl.org/dc/elements/1.1/">
    <dc:format>text/xml</dc:format>
    <dc:language>EN</dc:language>
    <dc:rights>Pursuant to Title 17 Section 105 of the United States Code, this file is not subject to copyright protection and is in the public domain.</dc:rights>
    <dc:contributor>Congressional Research Service, Library of Congress</dc:contributor>
    <dc:description>This file contains bill summaries and statuses for federal legislation. A bill summary describes the most significant provisions of a piece of legislation and details the effects the legislative text may have on current law and federal programs. Bill summaries are authored by the Congressional Research Service (CRS) of the Library of Congress. As stated in Public Law 91-510 (2 USC 166 (d)(6)), one of the duties of CRS is "to prepare summaries and digests of bills and resolutions of a public general nature introduced in the Senate or House of Representatives". For more information, refer to the User Guide that accompanies this file.</dc:description>
  </dublinCore>
</billStatus>

