<?xml version="1.0" encoding="UTF-8"?>
<billStatus>
  <bill>
    <actions>
      <actionByCounts>
        <houseOfRepresentatives>2</houseOfRepresentatives>
        <senate>9</senate>
      </actionByCounts>
      <item>
        <actionDate>2017-08-04</actionDate>
        <text>Referred to the House Committee on Science, Space, and Technology.</text>
        <sourceSystem>
          <code>2</code>
          <name>House floor actions</name>
        </sourceSystem>
        <committee>
          <systemCode>hssy00</systemCode>
          <name>Science, Space, and Technology Committee</name>
        </committee>
        <type>IntroReferral</type>
        <actionCode>H11100</actionCode>
        <links />
      </item>
      <item>
        <actionDate>2017-08-04</actionDate>
        <text>Received in the House.</text>
        <actionTime>13:04:59</actionTime>
        <sourceSystem>
          <code>2</code>
          <name>House floor actions</name>
        </sourceSystem>
        <committee />
        <links />
        <actionCode>H14000</actionCode>
        <type>Floor</type>
      </item>
      <item>
        <actionDate>2017-08-03</actionDate>
        <committee />
        <links />
        <sourceSystem>
          <code>0</code>
          <name>Senate</name>
        </sourceSystem>
        <text>Message on Senate action sent to the House.</text>
        <type>Floor</type>
      </item>
      <item>
        <actionDate>2017-08-02</actionDate>
        <committee />
        <links>
          <link>
            <url>https://www.congress.gov/congressional-record/volume-163/senate-section/page/S4714-4715</url>
            <name>S4714-4715</name>
          </link>
        </links>
        <sourceSystem>
          <code>0</code>
          <name>Senate</name>
        </sourceSystem>
        <text>Passed Senate with an amendment by Unanimous Consent. (consideration: CR S4714-4715; text: CR S4714-4715)</text>
        <type>Floor</type>
      </item>
      <item>
        <actionDate>2017-08-02</actionDate>
        <text>Passed/agreed to in Senate: Passed Senate with an amendment by Unanimous Consent.</text>
        <sourceSystem>
          <code>9</code>
          <name>Library of Congress</name>
        </sourceSystem>
        <committee />
        <type>Floor</type>
        <actionCode>17000</actionCode>
        <links />
      </item>
      <item>
        <actionDate>2017-07-11</actionDate>
        <committee />
        <links />
        <sourceSystem>
          <code>0</code>
          <name>Senate</name>
        </sourceSystem>
        <text>Placed on Senate Legislative Calendar under General Orders. Calendar No. 168.</text>
        <type>Calendars</type>
      </item>
      <item>
        <actionDate>2017-07-11</actionDate>
        <committee>
          <systemCode>ssga00</systemCode>
          <name>Homeland Security and Governmental Affairs Committee</name>
        </committee>
        <links>
          <link>
            <url>https://www.congress.gov/congressional-report/115th-congress/senate-report/128</url>
            <name>report No. 115-128</name>
          </link>
        </links>
        <sourceSystem>
          <code>0</code>
          <name>Senate</name>
        </sourceSystem>
        <text>Committee on Homeland Security and Governmental Affairs. Reported by Senator Johnson with an amendment in the nature of a substitute. With written report No. 115-128.</text>
        <type>Committee</type>
      </item>
      <item>
        <actionDate>2017-07-11</actionDate>
        <text>Committee on Homeland Security and Governmental Affairs. Reported by Senator Johnson with an amendment in the nature of a substitute. With written report No. 115-128.</text>
        <sourceSystem>
          <code>9</code>
          <name>Library of Congress</name>
        </sourceSystem>
        <committee>
          <systemCode>ssga00</systemCode>
          <name>Homeland Security and Governmental Affairs Committee</name>
        </committee>
        <type>Committee</type>
        <actionCode>14000</actionCode>
        <links>
          <link>
            <url>https://www.congress.gov/congressional-report/115th-congress/senate-report/128</url>
            <name>report No. 115-128</name>
          </link>
        </links>
      </item>
      <item>
        <actionDate>2017-05-17</actionDate>
        <committee>
          <systemCode>ssga00</systemCode>
          <name>Homeland Security and Governmental Affairs Committee</name>
        </committee>
        <links />
        <sourceSystem>
          <code>0</code>
          <name>Senate</name>
        </sourceSystem>
        <text>Committee on Homeland Security and Governmental Affairs. Ordered to be reported with an amendment in the nature of a substitute favorably.</text>
        <type>Committee</type>
      </item>
      <item>
        <actionDate>2017-04-05</actionDate>
        <committee>
          <systemCode>ssga00</systemCode>
          <name>Homeland Security and Governmental Affairs Committee</name>
        </committee>
        <links />
        <sourceSystem>
          <code>0</code>
          <name>Senate</name>
        </sourceSystem>
        <text>Read twice and referred to the Committee on Homeland Security and Governmental Affairs.</text>
        <type>IntroReferral</type>
      </item>
      <item>
        <actionDate>2017-04-05</actionDate>
        <text>Introduced in Senate</text>
        <sourceSystem>
          <code>9</code>
          <name>Library of Congress</name>
        </sourceSystem>
        <committee />
        <type>IntroReferral</type>
        <actionCode>10000</actionCode>
        <links />
      </item>
      <actionTypeCounts>
        <billReferrals>1</billReferrals>
        <orderedReported>1</orderedReported>
        <introducedInSenate>1</introducedInSenate>
        <receivedInTheHouse>1</receivedInTheHouse>
        <passedAgreedToInSenate>1</passedAgreedToInSenate>
        <placedOnCalendarGeneralOrders>1</placedOnCalendarGeneralOrders>
        <referredToCommittee>1</referredToCommittee>
        <passedSenate>1</passedSenate>
        <sentToHouse>1</sentToHouse>
        <reportedToSenate>2</reportedToSenate>
      </actionTypeCounts>
    </actions>
    <latestAction>
      <links />
      <text>Referred to the House Committee on Science, Space, and Technology.</text>
      <actionDate>2017-08-04</actionDate>
    </latestAction>
    <laws />
    <cosponsors>
      <item>
        <lastName>Tester</lastName>
        <fullName>Sen. Tester, Jon [D-MT]</fullName>
        <identifiers>
          <bioguideId>T000464</bioguideId>
          <lisID>1829</lisID>
          <gpoId>8258</gpoId>
        </identifiers>
        <middleName />
        <bioguideId>T000464</bioguideId>
        <isOriginalCosponsor>True</isOriginalCosponsor>
        <sponsorshipWithdrawnDate />
        <state>MT</state>
        <firstName>Jon</firstName>
        <party>D</party>
        <sponsorshipDate>2017-04-05</sponsorshipDate>
      </item>
      <item>
        <lastName>COLLINS</lastName>
        <fullName>Sen. Collins, Susan M. [R-ME]</fullName>
        <identifiers>
          <bioguideId>C001035</bioguideId>
          <gpoId>8291</gpoId>
          <lisID>1541</lisID>
        </identifiers>
        <middleName>MARGARET</middleName>
        <bioguideId>C001035</bioguideId>
        <isOriginalCosponsor>True</isOriginalCosponsor>
        <sponsorshipWithdrawnDate />
        <state>ME</state>
        <firstName>SUSAN</firstName>
        <party>R</party>
        <sponsorshipDate>2017-04-05</sponsorshipDate>
      </item>
      <item>
        <lastName>CARPER</lastName>
        <fullName>Sen. Carper, Thomas R. [D-DE]</fullName>
        <identifiers>
          <bioguideId>C000174</bioguideId>
          <gpoId>8283</gpoId>
          <lisID>179</lisID>
        </identifiers>
        <middleName>R.</middleName>
        <bioguideId>C000174</bioguideId>
        <isOriginalCosponsor>True</isOriginalCosponsor>
        <sponsorshipWithdrawnDate />
        <state>DE</state>
        <firstName>THOMAS</firstName>
        <party>D</party>
        <sponsorshipDate>2017-04-05</sponsorshipDate>
      </item>
      <item>
        <lastName>Blumenthal</lastName>
        <fullName>Sen. Blumenthal, Richard [D-CT]</fullName>
        <identifiers>
          <bioguideId>B001277</bioguideId>
          <gpoId>8332</gpoId>
          <lisID>2076</lisID>
        </identifiers>
        <middleName />
        <bioguideId>B001277</bioguideId>
        <isOriginalCosponsor>False</isOriginalCosponsor>
        <sponsorshipWithdrawnDate />
        <state>CT</state>
        <firstName>Richard</firstName>
        <party>D</party>
        <sponsorshipDate>2017-04-06</sponsorshipDate>
      </item>
      <item>
        <lastName>Coons</lastName>
        <fullName>Sen. Coons, Christopher A. [D-DE]</fullName>
        <identifiers>
          <bioguideId>C001088</bioguideId>
          <lisID>1984</lisID>
          <gpoId>8297</gpoId>
        </identifiers>
        <middleName>A.</middleName>
        <bioguideId>C001088</bioguideId>
        <isOriginalCosponsor>False</isOriginalCosponsor>
        <sponsorshipWithdrawnDate />
        <state>DE</state>
        <firstName>Christopher</firstName>
        <party>D</party>
        <sponsorshipDate>2017-04-06</sponsorshipDate>
      </item>
      <item>
        <lastName>Gillibrand</lastName>
        <fullName>Sen. Gillibrand, Kirsten E. [D-NY]</fullName>
        <identifiers>
          <bioguideId>G000555</bioguideId>
          <lisID>1866</lisID>
          <gpoId>8336</gpoId>
        </identifiers>
        <middleName>E.</middleName>
        <bioguideId>G000555</bioguideId>
        <isOriginalCosponsor>False</isOriginalCosponsor>
        <sponsorshipWithdrawnDate />
        <state>NY</state>
        <firstName>Kirsten</firstName>
        <party>D</party>
        <sponsorshipDate>2017-04-07</sponsorshipDate>
      </item>
      <item>
        <lastName>McCaskill</lastName>
        <fullName>Sen. McCaskill, Claire [D-MO]</fullName>
        <identifiers>
          <lisID>1820</lisID>
          <gpoId>8252</gpoId>
          <bioguideId>M001170</bioguideId>
        </identifiers>
        <middleName />
        <bioguideId>M001170</bioguideId>
        <isOriginalCosponsor>False</isOriginalCosponsor>
        <sponsorshipWithdrawnDate />
        <state>MO</state>
        <firstName>Claire</firstName>
        <party>D</party>
        <sponsorshipDate>2017-04-07</sponsorshipDate>
      </item>
      <item>
        <lastName>Peters</lastName>
        <fullName>Sen. Peters, Gary C. [D-MI]</fullName>
        <identifiers>
          <lisID>1929</lisID>
          <gpoId>7994</gpoId>
          <bioguideId>P000595</bioguideId>
        </identifiers>
        <middleName>C.</middleName>
        <bioguideId>P000595</bioguideId>
        <isOriginalCosponsor>False</isOriginalCosponsor>
        <sponsorshipWithdrawnDate />
        <state>MI</state>
        <firstName>Gary</firstName>
        <party>D</party>
        <sponsorshipDate>2017-04-27</sponsorshipDate>
      </item>
      <item>
        <lastName>Van Hollen</lastName>
        <fullName>Sen. Van Hollen, Chris [D-MD]</fullName>
        <identifiers>
          <gpoId>7983</gpoId>
          <bioguideId>V000128</bioguideId>
          <lisID>1729</lisID>
        </identifiers>
        <middleName />
        <bioguideId>V000128</bioguideId>
        <isOriginalCosponsor>False</isOriginalCosponsor>
        <sponsorshipWithdrawnDate />
        <state>MD</state>
        <firstName>Chris</firstName>
        <party>D</party>
        <sponsorshipDate>2017-05-03</sponsorshipDate>
      </item>
      <item>
        <lastName>MENENDEZ</lastName>
        <fullName>Sen. Menendez, Robert [D-NJ]</fullName>
        <identifiers>
          <bioguideId>M000639</bioguideId>
          <lisID>791</lisID>
          <gpoId>8239</gpoId>
        </identifiers>
        <middleName />
        <bioguideId>M000639</bioguideId>
        <isOriginalCosponsor>False</isOriginalCosponsor>
        <sponsorshipWithdrawnDate />
        <state>NJ</state>
        <firstName>ROBERT</firstName>
        <party>D</party>
        <sponsorshipDate>2017-05-03</sponsorshipDate>
      </item>
      <item>
        <lastName>WYDEN</lastName>
        <fullName>Sen. Wyden, Ron [D-OR]</fullName>
        <identifiers>
          <bioguideId>W000779</bioguideId>
          <gpoId>8265</gpoId>
          <lisID>1247</lisID>
        </identifiers>
        <middleName />
        <bioguideId>W000779</bioguideId>
        <isOriginalCosponsor>False</isOriginalCosponsor>
        <sponsorshipWithdrawnDate />
        <state>OR</state>
        <firstName>RON</firstName>
        <party>D</party>
        <sponsorshipDate>2017-05-11</sponsorshipDate>
      </item>
      <item>
        <lastName>STABENOW</lastName>
        <fullName>Sen. Stabenow, Debbie [D-MI]</fullName>
        <identifiers>
          <bioguideId>S000770</bioguideId>
          <gpoId>8261</gpoId>
          <lisID>1531</lisID>
        </identifiers>
        <middleName>ANN</middleName>
        <bioguideId>S000770</bioguideId>
        <isOriginalCosponsor>False</isOriginalCosponsor>
        <sponsorshipWithdrawnDate />
        <state>MI</state>
        <firstName>DEBORAH</firstName>
        <party>D</party>
        <sponsorshipDate>2017-05-22</sponsorshipDate>
      </item>
      <item>
        <lastName>Donnelly</lastName>
        <fullName>Sen. Donnelly, Joe [D-IN]</fullName>
        <identifiers>
          <bioguideId>D000607</bioguideId>
          <lisID>1850</lisID>
          <gpoId>7941</gpoId>
        </identifiers>
        <middleName />
        <bioguideId>D000607</bioguideId>
        <isOriginalCosponsor>False</isOriginalCosponsor>
        <sponsorshipWithdrawnDate />
        <state>IN</state>
        <firstName>Joe</firstName>
        <party>D</party>
        <sponsorshipDate>2017-05-23</sponsorshipDate>
      </item>
      <item>
        <lastName>BALDWIN</lastName>
        <fullName>Sen. Baldwin, Tammy [D-WI]</fullName>
        <identifiers>
          <bioguideId>B001230</bioguideId>
          <gpoId>8215</gpoId>
          <lisID>1558</lisID>
        </identifiers>
        <middleName />
        <bioguideId>B001230</bioguideId>
        <isOriginalCosponsor>False</isOriginalCosponsor>
        <sponsorshipWithdrawnDate />
        <state>WI</state>
        <firstName>TAMMY</firstName>
        <party>D</party>
        <sponsorshipDate>2017-06-07</sponsorshipDate>
      </item>
      <item>
        <lastName>Merkley</lastName>
        <fullName>Sen. Merkley, Jeff [D-OR]</fullName>
        <identifiers>
          <bioguideId>M001176</bioguideId>
          <gpoId>8238</gpoId>
          <lisID>1900</lisID>
        </identifiers>
        <middleName />
        <bioguideId>M001176</bioguideId>
        <isOriginalCosponsor>False</isOriginalCosponsor>
        <sponsorshipWithdrawnDate />
        <state>OR</state>
        <firstName>Jeff</firstName>
        <party>D</party>
        <sponsorshipDate>2017-06-13</sponsorshipDate>
      </item>
      <item>
        <lastName>LEAHY</lastName>
        <fullName>Sen. Leahy, Patrick J. [D-VT]</fullName>
        <identifiers>
          <bioguideId>L000174</bioguideId>
          <lisID>1383</lisID>
          <gpoId>8244</gpoId>
        </identifiers>
        <middleName>JOSEPH</middleName>
        <bioguideId>L000174</bioguideId>
        <isOriginalCosponsor>False</isOriginalCosponsor>
        <sponsorshipWithdrawnDate />
        <state>VT</state>
        <firstName>PATRICK</firstName>
        <party>D</party>
        <sponsorshipDate>2017-06-21</sponsorshipDate>
      </item>
    </cosponsors>
    <title>AFG and SAFER Program Reauthorization Act of 2017</title>
    <committees>
      <billCommittees>
        <item>
          <activities>
            <item>
              <date>2017-08-04T18:48:08Z</date>
              <name>Referred to</name>
            </item>
          </activities>
          <type>Standing</type>
          <systemCode>hssy00</systemCode>
          <name>Science, Space, and Technology Committee</name>
          <subcommittees />
          <chamber>House</chamber>
        </item>
        <item>
          <activities>
            <item>
              <date>2017-07-11T20:02:47Z</date>
              <name>Reported by</name>
            </item>
            <item>
              <date>2017-05-17T14:00:36Z</date>
              <name>Markup by</name>
            </item>
            <item>
              <date>2017-04-05T16:58:07Z</date>
              <name>Referred to</name>
            </item>
          </activities>
          <type>Standing</type>
          <systemCode>ssga00</systemCode>
          <name>Homeland Security and Governmental Affairs Committee</name>
          <subcommittees />
          <chamber>Senate</chamber>
        </item>
      </billCommittees>
    </committees>
    <notes />
    <committeeReports>
      <committeeReport>
        <citation>S. Rept. 115-128</citation>
      </committeeReport>
    </committeeReports>
    <calendarNumbers>
      <item>
        <calendar>Senate Calendar of Business</calendar>
        <number>0168</number>
      </item>
    </calendarNumbers>
    <policyArea>
      <name>Emergency Management</name>
    </policyArea>
    <summaries>
      <billSummaries>
        <item>
          <actionDesc>Introduced in Senate</actionDesc>
          <versionCode>00</versionCode>
          <text><![CDATA[<p><strong>AFG and SAFER Program Reauthorization Act of 2017</strong></p> <p>This bill amends the the Federal Fire Prevention and Control Act of 1974 to: (1) repeal the expiration dates of, and to reauthorize through FY2023, the Assistance to Firefighters Grants (AFG) Program, the Fire Prevention and Safety Grants Program, and the Staffing for Adequate Fire and Emergency Response Grant (SAFER) Program; and (2) authorize the use of AFG Program grants, instead of SAFER Program grants, to provide specialized training to first responders on how to recognize and properly intervene with individuals with mental illness.</p>]]></text>
          <actionDate>2017-04-05</actionDate>
          <name>Introduced in Senate</name>
          <lastSummaryUpdateDate>2017-07-25T19:44:15Z</lastSummaryUpdateDate>
          <updateDate>2017-04-05T04:00:00Z</updateDate>
        </item>
        <item>
          <actionDesc>Reported to Senate with amendment(s)</actionDesc>
          <versionCode>01</versionCode>
          <text><![CDATA[<p><strong>AFG and SAFER Program Reauthorization Act of 2017</strong></p> <p>(Sec. 2) This bill amends the the Federal Fire Prevention and Control Act of 1974 to: (1) repeal the expiration dates of, and to reauthorize through FY2023, the Assistance to Firefighters Grants (AFG) Program, the Fire Prevention and Safety Grants (FPSG) Program, and the Staffing for Adequate Fire and Emergency Response Grant (SAFER) Program; and (2) authorize the use of AFG Program grants, instead of SAFER Program grants, to provide specialized training to first responders on how to recognize and properly intervene with individuals with mental illness.</p> <p>(Sec. 3) The SAFER Program is revised to permit the use of grants to change the status of part-time or paid-on-call firefighters to full-time firefighters.</p> <p>(Sec. 4) The United States Fire Administration (USFA) may develop and make widely available an electronic, online training course for members of the fire and emergency response community on matters related to the administration of AFG, FPSG, and SAFER grants.</p> <p>The Federal Emergency Management Agency (FEMA) shall ensure that any such training is: (1) tailored to the financial and time constraints of members of the fire and emergency response community; and (2) accessible to all individuals in the career, combination, paid-on-call, and volunteer fire and emergency response community.</p> <p>(Sec. 5) The USFA shall develop and implement a grant monitoring and oversight framework to mitigate and minimize risks of fraud, waste, abuse, and mismanagement relating to such grants programs.</p>]]></text>
          <actionDate>2017-07-11</actionDate>
          <name>Reported to Senate with amendment(s)</name>
          <lastSummaryUpdateDate>2017-07-25T19:42:15Z</lastSummaryUpdateDate>
          <updateDate>2017-07-11T15:53:56Z</updateDate>
        </item>
        <item>
          <actionDesc>Passed Senate amended</actionDesc>
          <versionCode>35</versionCode>
          <text><![CDATA[<p>(This measure has not been amended since it was reported to the Senate on July 11, 2017. The summary of that version is repeated here.)</p> <p><strong>AFG and SAFER Program Reauthorization Act of 2017</strong></p> <p>(Sec. 2) This bill amends the the Federal Fire Prevention and Control Act of 1974 to: (1) repeal the expiration dates of, and to reauthorize through FY2023, the Assistance to Firefighters Grants (AFG) Program, the Fire Prevention and Safety Grants (FPSG) Program, and the Staffing for Adequate Fire and Emergency Response Grant (SAFER) Program; and (2) authorize the use of AFG Program grants, instead of SAFER Program grants, to provide specialized training to first responders on how to recognize and properly intervene with individuals with mental illness.</p> <p>(Sec. 3) The SAFER Program is revised to permit the use of grants to change the status of part-time or paid-on-call firefighters to full-time firefighters.</p> <p>(Sec. 4) The United States Fire Administration (USFA) may develop and make widely available an electronic, online training course for members of the fire and emergency response community on matters related to the administration of AFG, FPSG, and SAFER grants.</p> <p>The Federal Emergency Management Agency (FEMA) shall ensure that any such training is: (1) tailored to the financial and time constraints of members of the fire and emergency response community; and (2) accessible to all individuals in the career, combination, paid-on-call, and volunteer fire and emergency response community.</p> <p>(Sec. 5) The USFA shall develop and implement a grant monitoring and oversight framework to mitigate and minimize risks of fraud, waste, abuse, and mismanagement relating to such grants programs.</p>]]></text>
          <actionDate>2017-08-02</actionDate>
          <name>Passed Senate amended</name>
          <lastSummaryUpdateDate>2017-08-09T15:05:16Z</lastSummaryUpdateDate>
          <updateDate>2017-08-02T14:24:25Z</updateDate>
        </item>
      </billSummaries>
    </summaries>
    <subjects>
      <billSubjects>
        <policyArea>
          <name>Emergency Management</name>
        </policyArea>
        <legislativeSubjects>
          <item>
            <name>Emergency medical services and trauma care</name>
          </item>
          <item>
            <name>Fires</name>
          </item>
          <item>
            <name>First responders and emergency personnel</name>
          </item>
          <item>
            <name>Fraud offenses and financial crimes</name>
          </item>
          <item>
            <name>Health personnel</name>
          </item>
          <item>
            <name>Mental health</name>
          </item>
        </legislativeSubjects>
      </billSubjects>
    </subjects>
    <billNumber>829</billNumber>
    <cboCostEstimates>
      <item>
        <pubDate>2017-06-15T20:51:09Z</pubDate>
        <url>https://www.cbo.gov/publication/52824</url>
        <title>S. 829, AFG and SAFER Program Reauthorization Act of 2017</title>
      </item>
    </cboCostEstimates>
    <introducedDate>2017-04-05</introducedDate>
    <congress>115</congress>
    <billType>S</billType>
    <sponsors>
      <item>
        <state>AZ</state>
        <middleName>SIDNEY</middleName>
        <bioguideId>M000303</bioguideId>
        <firstName>JOHN</firstName>
        <byRequestType />
        <lastName>MCCAIN</lastName>
        <identifiers>
          <lisID>754</lisID>
          <gpoId>8253</gpoId>
          <bioguideId>M000303</bioguideId>
        </identifiers>
        <fullName>Sen. McCain, John [R-AZ]</fullName>
        <party>R</party>
      </item>
    </sponsors>
    <amendments />
    <version>1.0.0</version>
    <relatedBills>
      <item>
        <latestTitle>AFG and SAFER Program Reauthorization Act of 2017</latestTitle>
        <type>HR</type>
        <relationshipDetails>
          <item>
            <type>Related bill</type>
            <identifiedBy>CRS</identifiedBy>
          </item>
        </relationshipDetails>
        <latestAction>
          <text>Referred to the House Committee on Science, Space, and Technology.</text>
          <actionDate>2017-09-28</actionDate>
        </latestAction>
        <congress>115</congress>
        <number>3881</number>
      </item>
    </relatedBills>
    <createDate>2017-04-06T02:11:54Z</createDate>
    <updateDate>2018-02-22T15:28:49Z</updateDate>
    <recordedVotes />
    <titles>
      <item>
        <parentTitleType>Short Titles Senate</parentTitleType>
        <titleType>Short Titles as Passed Senate</titleType>
        <title>AFG and SAFER Program Reauthorization Act of 2017</title>
        <chamberCode>S</chamberCode>
        <chamberName>Senate</chamberName>
      </item>
      <item>
        <parentTitleType>Short Titles Senate</parentTitleType>
        <titleType>Short Titles as Reported to Senate</titleType>
        <title>AFG and SAFER Program Reauthorization Act of 2017</title>
        <chamberCode>S</chamberCode>
        <chamberName>Senate</chamberName>
      </item>
      <item>
        <parentTitleType />
        <titleType>Short Titles as Introduced</titleType>
        <title>AFG and SAFER Program Reauthorization Act of 2017</title>
        <chamberCode />
        <chamberName />
      </item>
      <item>
        <parentTitleType />
        <titleType>Official Title as Introduced</titleType>
        <title>A bill to reauthorize the Assistance to Firefighters Grants program, the Fire Prevention and Safety Grants program, and the Staffing for Adequate Fire and Emergency Response grant program, and for other purposes.</title>
        <chamberCode />
        <chamberName />
      </item>
      <item>
        <parentTitleType />
        <titleType>Display Title</titleType>
        <title>AFG and SAFER Program Reauthorization Act of 2017</title>
        <chamberCode />
        <chamberName />
      </item>
      <item>
        <parentTitleType />
        <titleType>(Extracted from GPO) Short Titles as Passed Senate</titleType>
        <title>AFG and SAFER Program Reauthorization Act of 2017</title>
        <chamberCode>S</chamberCode>
        <chamberName>Senate</chamberName>
      </item>
      <item>
        <parentTitleType />
        <titleType>(Extracted from GPO) Short Titles as Reported to Senate</titleType>
        <title>AFG and SAFER Program Reauthorization Act of 2017</title>
        <chamberCode>S</chamberCode>
        <chamberName>Senate</chamberName>
      </item>
      <item>
        <parentTitleType />
        <titleType>(Extracted from GPO) Short Titles as Introduced</titleType>
        <title>AFG and SAFER Program Reauthorization Act of 2017</title>
        <chamberCode />
        <chamberName />
      </item>
    </titles>
    <originChamber>Senate</originChamber>
  </bill>
  <dublinCore xmlns:dc="http://purl.org/dc/elements/1.1/">
    <dc:format>text/xml</dc:format>
    <dc:language>EN</dc:language>
    <dc:rights>Pursuant to Title 17 Section 105 of the United States Code, this file is not subject to copyright protection and is in the public domain.</dc:rights>
    <dc:contributor>Congressional Research Service, Library of Congress</dc:contributor>
    <dc:description>This file contains bill summaries and statuses for federal legislation. A bill summary describes the most significant provisions of a piece of legislation and details the effects the legislative text may have on current law and federal programs. Bill summaries are authored by the Congressional Research Service (CRS) of the Library of Congress. As stated in Public Law 91-510 (2 USC 166 (d)(6)), one of the duties of CRS is "to prepare summaries and digests of bills and resolutions of a public general nature introduced in the Senate or House of Representatives". For more information, refer to the User Guide that accompanies this file.</dc:description>
  </dublinCore>
</billStatus>

