<?xml version="1.0" encoding="UTF-8"?>
<billStatus>
  <bill>
    <cboCostEstimates />
    <summaries>
      <billSummaries>
        <item>
          <actionDesc>Introduced in Senate</actionDesc>
          <updateDate>2017-03-08T05:00:00Z</updateDate>
          <lastSummaryUpdateDate>2017-04-04T22:17:00Z</lastSummaryUpdateDate>
          <name>Introduced in Senate</name>
          <versionCode>00</versionCode>
          <text><![CDATA[<p><b>Land and Water Conservation Authorization and Funding Act</b></p> <p> This bill amends the Land and Water Conservation Fund Act of 1965 to make permanent the authorization for the Land and Water Conservation Fund (LWCF).</p> <p> Funds deposited into the LWCF may be spent without being subject to the appropriations process. These funds are in addition to amounts made available by the Gulf of Mexico Energy Security Act of 2006 or otherwise appropriated from the LWCF. </p> <p> The President shall submit to Congress specified details regarding the allocation of funds provided by this bill. Congress may provide for alternate allocations using specified procedures. </p> <p> At least 1.5% of the annual authorized funds shall be used for projects that secure recreational public access to existing federal public land for hunting, fishing, and other recreational purposes.]]></text>
          <actionDate>2017-03-08</actionDate>
        </item>
      </billSummaries>
    </summaries>
    <billNumber>569</billNumber>
    <actions>
      <actionByCounts>
        <senate>2</senate>
      </actionByCounts>
      <item>
        <actionDate>2017-03-08</actionDate>
        <committee>
          <systemCode>sseg00</systemCode>
          <name>Energy and Natural Resources Committee</name>
        </committee>
        <links />
        <sourceSystem>
          <code>0</code>
          <name>Senate</name>
        </sourceSystem>
        <text>Read twice and referred to the Committee on Energy and Natural Resources.</text>
        <type>IntroReferral</type>
      </item>
      <item>
        <sourceSystem>
          <code>9</code>
          <name>Library of Congress</name>
        </sourceSystem>
        <type>IntroReferral</type>
        <links />
        <actionDate>2017-03-08</actionDate>
        <committee />
        <actionCode>10000</actionCode>
        <text>Introduced in Senate</text>
      </item>
      <actionTypeCounts>
        <introducedInSenate>1</introducedInSenate>
        <referredToCommittee>1</referredToCommittee>
      </actionTypeCounts>
    </actions>
    <recordedVotes />
    <relatedBills />
    <committeeReports />
    <congress>115</congress>
    <updateDate>2018-02-20T13:04:20Z</updateDate>
    <createDate>2017-03-09T05:25:17Z</createDate>
    <sponsors>
      <item>
        <firstName>MARIA</firstName>
        <byRequestType />
        <bioguideId>C000127</bioguideId>
        <identifiers>
          <lisID>172</lisID>
          <gpoId>8288</gpoId>
          <bioguideId>C000127</bioguideId>
        </identifiers>
        <state>WA</state>
        <fullName>Sen. Cantwell, Maria [D-WA]</fullName>
        <lastName>CANTWELL</lastName>
        <middleName />
        <party>D</party>
      </item>
    </sponsors>
    <calendarNumbers />
    <latestAction>
      <links />
      <actionDate>2017-03-08</actionDate>
      <text>Read twice and referred to the Committee on Energy and Natural Resources.</text>
    </latestAction>
    <laws />
    <subjects>
      <billSubjects>
        <policyArea>
          <name>Public Lands and Natural Resources</name>
        </policyArea>
        <legislativeSubjects>
          <item>
            <name>Government trust funds</name>
          </item>
          <item>
            <name>Hunting and fishing</name>
          </item>
          <item>
            <name>Land transfers</name>
          </item>
          <item>
            <name>Land use and conservation</name>
          </item>
          <item>
            <name>Outdoor recreation</name>
          </item>
          <item>
            <name>Parks, recreation areas, trails</name>
          </item>
        </legislativeSubjects>
      </billSubjects>
    </subjects>
    <policyArea>
      <name>Public Lands and Natural Resources</name>
    </policyArea>
    <committees>
      <billCommittees>
        <item>
          <subcommittees />
          <chamber>Senate</chamber>
          <name>Energy and Natural Resources Committee</name>
          <type>Standing</type>
          <systemCode>sseg00</systemCode>
          <activities>
            <item>
              <name>Referred to</name>
              <date>2017-03-08T15:41:10Z</date>
            </item>
          </activities>
        </item>
      </billCommittees>
    </committees>
    <billType>S</billType>
    <version>1.0.0</version>
    <title>Land and Water Conservation Authorization and Funding Act</title>
    <cosponsors>
      <item>
        <identifiers>
          <lisID>153</lisID>
          <bioguideId>B001135</bioguideId>
          <gpoId>8286</gpoId>
        </identifiers>
        <fullName>Sen. Burr, Richard [R-NC]</fullName>
        <firstName>RICHARD</firstName>
        <party>R</party>
        <sponsorshipWithdrawnDate />
        <bioguideId>B001135</bioguideId>
        <state>NC</state>
        <middleName />
        <isOriginalCosponsor>True</isOriginalCosponsor>
        <lastName>BURR</lastName>
        <sponsorshipDate>2017-03-08</sponsorshipDate>
      </item>
      <item>
        <identifiers>
          <lisID>1247</lisID>
          <gpoId>8265</gpoId>
          <bioguideId>W000779</bioguideId>
        </identifiers>
        <fullName>Sen. Wyden, Ron [D-OR]</fullName>
        <firstName>RON</firstName>
        <party>D</party>
        <sponsorshipWithdrawnDate />
        <bioguideId>W000779</bioguideId>
        <state>OR</state>
        <middleName />
        <isOriginalCosponsor>True</isOriginalCosponsor>
        <lastName>WYDEN</lastName>
        <sponsorshipDate>2017-03-08</sponsorshipDate>
      </item>
      <item>
        <identifiers>
          <gpoId>8338</gpoId>
          <lisID>1332</lisID>
          <bioguideId>F000062</bioguideId>
        </identifiers>
        <fullName>Sen. Feinstein, Dianne [D-CA]</fullName>
        <firstName>DIANNE</firstName>
        <party>D</party>
        <sponsorshipWithdrawnDate />
        <bioguideId>F000062</bioguideId>
        <state>CA</state>
        <middleName />
        <isOriginalCosponsor>True</isOriginalCosponsor>
        <lastName>FEINSTEIN</lastName>
        <sponsorshipDate>2017-03-08</sponsorshipDate>
      </item>
      <item>
        <identifiers>
          <lisID>1010</lisID>
          <bioguideId>S000033</bioguideId>
          <gpoId>8270</gpoId>
        </identifiers>
        <fullName>Sen. Sanders, Bernard [I-VT]</fullName>
        <firstName>BERNARD</firstName>
        <party>I</party>
        <sponsorshipWithdrawnDate />
        <bioguideId>S000033</bioguideId>
        <state>VT</state>
        <middleName />
        <isOriginalCosponsor>True</isOriginalCosponsor>
        <lastName>SANDERS</lastName>
        <sponsorshipDate>2017-03-08</sponsorshipDate>
      </item>
      <item>
        <identifiers>
          <gpoId>8258</gpoId>
          <lisID>1829</lisID>
          <bioguideId>T000464</bioguideId>
        </identifiers>
        <fullName>Sen. Tester, Jon [D-MT]</fullName>
        <firstName>Jon</firstName>
        <party>D</party>
        <sponsorshipWithdrawnDate />
        <bioguideId>T000464</bioguideId>
        <state>MT</state>
        <middleName />
        <isOriginalCosponsor>True</isOriginalCosponsor>
        <lastName>Tester</lastName>
        <sponsorshipDate>2017-03-08</sponsorshipDate>
      </item>
      <item>
        <identifiers>
          <gpoId>8261</gpoId>
          <lisID>1531</lisID>
          <bioguideId>S000770</bioguideId>
        </identifiers>
        <fullName>Sen. Stabenow, Debbie [D-MI]</fullName>
        <firstName>DEBORAH</firstName>
        <party>D</party>
        <sponsorshipWithdrawnDate />
        <bioguideId>S000770</bioguideId>
        <state>MI</state>
        <middleName>ANN</middleName>
        <isOriginalCosponsor>True</isOriginalCosponsor>
        <lastName>STABENOW</lastName>
        <sponsorshipDate>2017-03-08</sponsorshipDate>
      </item>
      <item>
        <identifiers>
          <lisID>1937</lisID>
          <bioguideId>H001046</bioguideId>
          <gpoId>8056</gpoId>
        </identifiers>
        <fullName>Sen. Heinrich, Martin [D-NM]</fullName>
        <firstName>Martin</firstName>
        <party>D</party>
        <sponsorshipWithdrawnDate />
        <bioguideId>H001046</bioguideId>
        <state>NM</state>
        <middleName />
        <isOriginalCosponsor>True</isOriginalCosponsor>
        <lastName>Heinrich</lastName>
        <sponsorshipDate>2017-03-08</sponsorshipDate>
      </item>
      <item>
        <identifiers>
          <lisID>1983</lisID>
          <gpoId>8256</gpoId>
          <bioguideId>M001183</bioguideId>
        </identifiers>
        <fullName>Sen. Manchin, Joe, III [D-WV]</fullName>
        <firstName>Joe</firstName>
        <party>D</party>
        <sponsorshipWithdrawnDate />
        <bioguideId>M001183</bioguideId>
        <state>WV</state>
        <middleName />
        <isOriginalCosponsor>True</isOriginalCosponsor>
        <lastName>Manchin</lastName>
        <sponsorshipDate>2017-03-08</sponsorshipDate>
      </item>
      <item>
        <identifiers>
          <lisID>1969</lisID>
          <bioguideId>F000457</bioguideId>
          <gpoId>8339</gpoId>
        </identifiers>
        <fullName>Sen. Franken, Al [D-MN]</fullName>
        <firstName>Al</firstName>
        <party>D</party>
        <sponsorshipWithdrawnDate />
        <bioguideId>F000457</bioguideId>
        <state>MN</state>
        <middleName />
        <isOriginalCosponsor>True</isOriginalCosponsor>
        <lastName>Franken</lastName>
        <sponsorshipDate>2017-03-08</sponsorshipDate>
      </item>
      <item>
        <identifiers>
          <lisID>735</lisID>
          <gpoId>7972</gpoId>
          <bioguideId>M000133</bioguideId>
        </identifiers>
        <fullName>Sen. Markey, Edward J. [D-MA]</fullName>
        <firstName>EDWARD</firstName>
        <party>D</party>
        <sponsorshipWithdrawnDate />
        <bioguideId>M000133</bioguideId>
        <state>MA</state>
        <middleName>J.</middleName>
        <isOriginalCosponsor>True</isOriginalCosponsor>
        <lastName>MARKEY</lastName>
        <sponsorshipDate>2017-03-08</sponsorshipDate>
      </item>
      <item>
        <identifiers>
          <lisID>1844</lisID>
          <gpoId>7913</gpoId>
          <bioguideId>H001042</bioguideId>
        </identifiers>
        <fullName>Sen. Hirono, Mazie K. [D-HI]</fullName>
        <firstName>Mazie</firstName>
        <party>D</party>
        <sponsorshipWithdrawnDate />
        <bioguideId>H001042</bioguideId>
        <state>HI</state>
        <middleName>K.</middleName>
        <isOriginalCosponsor>True</isOriginalCosponsor>
        <lastName>Hirono</lastName>
        <sponsorshipDate>2017-03-08</sponsorshipDate>
      </item>
      <item>
        <identifiers>
          <lisID>1900</lisID>
          <gpoId>8238</gpoId>
          <bioguideId>M001176</bioguideId>
        </identifiers>
        <fullName>Sen. Merkley, Jeff [D-OR]</fullName>
        <firstName>Jeff</firstName>
        <party>D</party>
        <sponsorshipWithdrawnDate />
        <bioguideId>M001176</bioguideId>
        <state>OR</state>
        <middleName />
        <isOriginalCosponsor>True</isOriginalCosponsor>
        <lastName>Merkley</lastName>
        <sponsorshipDate>2017-03-08</sponsorshipDate>
      </item>
      <item>
        <identifiers>
          <lisID>2173</lisID>
          <gpoId />
          <bioguideId>S001194</bioguideId>
        </identifiers>
        <fullName>Sen. Schatz, Brian [D-HI]</fullName>
        <firstName>Brian</firstName>
        <party>D</party>
        <sponsorshipWithdrawnDate />
        <bioguideId>S001194</bioguideId>
        <state>HI</state>
        <middleName />
        <isOriginalCosponsor>True</isOriginalCosponsor>
        <lastName>Schatz</lastName>
        <sponsorshipDate>2017-03-08</sponsorshipDate>
      </item>
      <item>
        <identifiers>
          <gpoId>8249</gpoId>
          <lisID>1826</lisID>
          <bioguideId>K000367</bioguideId>
        </identifiers>
        <fullName>Sen. Klobuchar, Amy [D-MN]</fullName>
        <firstName>Amy</firstName>
        <party>D</party>
        <sponsorshipWithdrawnDate />
        <bioguideId>K000367</bioguideId>
        <state>MN</state>
        <middleName />
        <isOriginalCosponsor>True</isOriginalCosponsor>
        <lastName>Klobuchar</lastName>
        <sponsorshipDate>2017-03-08</sponsorshipDate>
      </item>
      <item>
        <identifiers>
          <lisID>1558</lisID>
          <bioguideId>B001230</bioguideId>
          <gpoId>8215</gpoId>
        </identifiers>
        <fullName>Sen. Baldwin, Tammy [D-WI]</fullName>
        <firstName>TAMMY</firstName>
        <party>D</party>
        <sponsorshipWithdrawnDate />
        <bioguideId>B001230</bioguideId>
        <state>WI</state>
        <middleName />
        <isOriginalCosponsor>True</isOriginalCosponsor>
        <lastName>BALDWIN</lastName>
        <sponsorshipDate>2017-03-08</sponsorshipDate>
      </item>
      <item>
        <identifiers>
          <lisID>1965</lisID>
          <gpoId>8302</gpoId>
          <bioguideId>B001267</bioguideId>
        </identifiers>
        <fullName>Sen. Bennet, Michael F. [D-CO]</fullName>
        <firstName>Michael</firstName>
        <party>D</party>
        <sponsorshipWithdrawnDate />
        <bioguideId>B001267</bioguideId>
        <state>CO</state>
        <middleName>F.</middleName>
        <isOriginalCosponsor>True</isOriginalCosponsor>
        <lastName>Bennet</lastName>
        <sponsorshipDate>2017-03-08</sponsorshipDate>
      </item>
      <item>
        <identifiers>
          <lisID>174</lisID>
          <gpoId>8287</gpoId>
          <bioguideId>C000141</bioguideId>
        </identifiers>
        <fullName>Sen. Cardin, Benjamin L. [D-MD]</fullName>
        <firstName>BENJAMIN</firstName>
        <party>D</party>
        <sponsorshipWithdrawnDate />
        <bioguideId>C000141</bioguideId>
        <state>MD</state>
        <middleName>L.</middleName>
        <isOriginalCosponsor>True</isOriginalCosponsor>
        <lastName>CARDIN</lastName>
        <sponsorshipDate>2017-03-08</sponsorshipDate>
      </item>
      <item>
        <identifiers>
          <lisID>1828</lisID>
          <gpoId>8282</gpoId>
          <bioguideId>C001070</bioguideId>
        </identifiers>
        <fullName>Sen. Casey, Robert P., Jr. [D-PA]</fullName>
        <firstName>Bob</firstName>
        <party>D</party>
        <sponsorshipWithdrawnDate />
        <bioguideId>C001070</bioguideId>
        <state>PA</state>
        <middleName />
        <isOriginalCosponsor>True</isOriginalCosponsor>
        <lastName>Casey</lastName>
        <sponsorshipDate>2017-03-08</sponsorshipDate>
      </item>
      <item>
        <identifiers>
          <lisID>1866</lisID>
          <gpoId>8336</gpoId>
          <bioguideId>G000555</bioguideId>
        </identifiers>
        <fullName>Sen. Gillibrand, Kirsten E. [D-NY]</fullName>
        <firstName>Kirsten</firstName>
        <party>D</party>
        <sponsorshipWithdrawnDate />
        <bioguideId>G000555</bioguideId>
        <state>NY</state>
        <middleName>E.</middleName>
        <isOriginalCosponsor>True</isOriginalCosponsor>
        <lastName>Gillibrand</lastName>
        <sponsorshipDate>2017-03-08</sponsorshipDate>
      </item>
      <item>
        <identifiers>
          <gpoId>8276</gpoId>
          <lisID>1901</lisID>
          <bioguideId>S001181</bioguideId>
        </identifiers>
        <fullName>Sen. Shaheen, Jeanne [D-NH]</fullName>
        <firstName>Jeanne</firstName>
        <party>D</party>
        <sponsorshipWithdrawnDate />
        <bioguideId>S001181</bioguideId>
        <state>NH</state>
        <middleName />
        <isOriginalCosponsor>True</isOriginalCosponsor>
        <lastName>Shaheen</lastName>
        <sponsorshipDate>2017-03-08</sponsorshipDate>
      </item>
      <item>
        <identifiers>
          <lisID>1984</lisID>
          <bioguideId>C001088</bioguideId>
          <gpoId>8297</gpoId>
        </identifiers>
        <fullName>Sen. Coons, Christopher A. [D-DE]</fullName>
        <firstName>Christopher</firstName>
        <party>D</party>
        <sponsorshipWithdrawnDate />
        <bioguideId>C001088</bioguideId>
        <state>DE</state>
        <middleName>A.</middleName>
        <isOriginalCosponsor>True</isOriginalCosponsor>
        <lastName>Coons</lastName>
        <sponsorshipDate>2017-03-08</sponsorshipDate>
      </item>
      <item>
        <identifiers>
          <lisID>1567</lisID>
          <gpoId>8260</gpoId>
          <bioguideId>U000039</bioguideId>
        </identifiers>
        <fullName>Sen. Udall, Tom [D-NM]</fullName>
        <firstName>TOM</firstName>
        <party>D</party>
        <sponsorshipWithdrawnDate />
        <bioguideId>U000039</bioguideId>
        <state>NM</state>
        <middleName />
        <isOriginalCosponsor>False</isOriginalCosponsor>
        <lastName>UDALL</lastName>
        <sponsorshipDate>2017-03-09</sponsorshipDate>
      </item>
      <item>
        <identifiers>
          <lisID>326</lisID>
          <gpoId>8326</gpoId>
          <bioguideId>D000563</bioguideId>
        </identifiers>
        <fullName>Sen. Durbin, Richard J. [D-IL]</fullName>
        <firstName>RICHARD</firstName>
        <party>D</party>
        <sponsorshipWithdrawnDate />
        <bioguideId>D000563</bioguideId>
        <state>IL</state>
        <middleName>J.</middleName>
        <isOriginalCosponsor>False</isOriginalCosponsor>
        <lastName>DURBIN</lastName>
        <sponsorshipDate>2017-04-04</sponsorshipDate>
      </item>
      <item>
        <identifiers>
          <lisID>1695</lisID>
          <gpoId>8304</gpoId>
          <bioguideId>A000360</bioguideId>
        </identifiers>
        <fullName>Sen. Alexander, Lamar [R-TN]</fullName>
        <firstName>Lamar</firstName>
        <party>R</party>
        <sponsorshipWithdrawnDate />
        <bioguideId>A000360</bioguideId>
        <state>TN</state>
        <middleName />
        <isOriginalCosponsor>False</isOriginalCosponsor>
        <lastName>Alexander</lastName>
        <sponsorshipDate>2017-04-05</sponsorshipDate>
      </item>
      <item>
        <identifiers>
          <gpoId />
          <lisID>2302</lisID>
          <bioguideId>H001076</bioguideId>
        </identifiers>
        <fullName>Sen. Hassan, Margaret Wood [D-NH]</fullName>
        <firstName>Margaret</firstName>
        <party>D</party>
        <sponsorshipWithdrawnDate />
        <bioguideId>H001076</bioguideId>
        <state>NH</state>
        <middleName>Wood</middleName>
        <isOriginalCosponsor>False</isOriginalCosponsor>
        <lastName>Hassan</lastName>
        <sponsorshipDate>2017-04-25</sponsorshipDate>
      </item>
      <item>
        <identifiers>
          <gpoId>7994</gpoId>
          <lisID>1929</lisID>
          <bioguideId>P000595</bioguideId>
        </identifiers>
        <fullName>Sen. Peters, Gary C. [D-MI]</fullName>
        <firstName>Gary</firstName>
        <party>D</party>
        <sponsorshipWithdrawnDate />
        <bioguideId>P000595</bioguideId>
        <state>MI</state>
        <middleName>C.</middleName>
        <isOriginalCosponsor>False</isOriginalCosponsor>
        <lastName>Peters</lastName>
        <sponsorshipDate>2017-04-25</sponsorshipDate>
      </item>
      <item>
        <identifiers>
          <lisID>2182</lisID>
          <gpoId />
          <bioguideId>W000817</bioguideId>
        </identifiers>
        <fullName>Sen. Warren, Elizabeth [D-MA]</fullName>
        <firstName>Elizabeth</firstName>
        <party>D</party>
        <sponsorshipWithdrawnDate />
        <bioguideId>W000817</bioguideId>
        <state>MA</state>
        <middleName>A.</middleName>
        <isOriginalCosponsor>False</isOriginalCosponsor>
        <lastName>Warren</lastName>
        <sponsorshipDate>2017-05-04</sponsorshipDate>
      </item>
      <item>
        <identifiers>
          <lisID>2076</lisID>
          <gpoId>8332</gpoId>
          <bioguideId>B001277</bioguideId>
        </identifiers>
        <fullName>Sen. Blumenthal, Richard [D-CT]</fullName>
        <firstName>Richard</firstName>
        <party>D</party>
        <sponsorshipWithdrawnDate />
        <bioguideId>B001277</bioguideId>
        <state>CT</state>
        <middleName />
        <isOriginalCosponsor>False</isOriginalCosponsor>
        <lastName>Blumenthal</lastName>
        <sponsorshipDate>2017-05-08</sponsorshipDate>
      </item>
      <item>
        <identifiers>
          <lisID>2301</lisID>
          <gpoId />
          <bioguideId>H001075</bioguideId>
        </identifiers>
        <fullName>Sen. Harris, Kamala D. [D-CA]</fullName>
        <firstName>Kamala</firstName>
        <party>D</party>
        <sponsorshipWithdrawnDate />
        <bioguideId>H001075</bioguideId>
        <state>CA</state>
        <middleName>D.</middleName>
        <isOriginalCosponsor>False</isOriginalCosponsor>
        <lastName>Harris</lastName>
        <sponsorshipDate>2017-05-09</sponsorshipDate>
      </item>
      <item>
        <identifiers>
          <lisID>1729</lisID>
          <bioguideId>V000128</bioguideId>
          <gpoId>7983</gpoId>
        </identifiers>
        <fullName>Sen. Van Hollen, Chris [D-MD]</fullName>
        <firstName>Chris</firstName>
        <party>D</party>
        <sponsorshipWithdrawnDate />
        <bioguideId>V000128</bioguideId>
        <state>MD</state>
        <middleName />
        <isOriginalCosponsor>False</isOriginalCosponsor>
        <lastName>Van Hollen</lastName>
        <sponsorshipDate>2017-05-10</sponsorshipDate>
      </item>
      <item>
        <identifiers>
          <lisID>859</lisID>
          <gpoId>8236</gpoId>
          <bioguideId>N000032</bioguideId>
        </identifiers>
        <fullName>Sen. Nelson, Bill [D-FL]</fullName>
        <firstName>CLARENCE</firstName>
        <party>D</party>
        <sponsorshipWithdrawnDate />
        <bioguideId>N000032</bioguideId>
        <state>FL</state>
        <middleName>WILLIAM</middleName>
        <isOriginalCosponsor>False</isOriginalCosponsor>
        <lastName>NELSON</lastName>
        <sponsorshipDate>2017-05-18</sponsorshipDate>
      </item>
      <item>
        <identifiers>
          <lisID>2299</lisID>
          <bioguideId>C001113</bioguideId>
          <gpoId />
        </identifiers>
        <fullName>Sen. Cortez Masto, Catherine  [D-NV]</fullName>
        <firstName>Catherine</firstName>
        <party>D</party>
        <sponsorshipWithdrawnDate />
        <bioguideId>C001113</bioguideId>
        <state>NV</state>
        <middleName />
        <isOriginalCosponsor>False</isOriginalCosponsor>
        <lastName>Cortez Masto</lastName>
        <sponsorshipDate>2017-05-22</sponsorshipDate>
      </item>
      <item>
        <identifiers>
          <lisID>2123</lisID>
          <gpoId />
          <bioguideId>D000622</bioguideId>
        </identifiers>
        <fullName>Sen. Duckworth, Tammy [D-IL]</fullName>
        <firstName>Tammy</firstName>
        <party>D</party>
        <sponsorshipWithdrawnDate />
        <bioguideId>D000622</bioguideId>
        <state>IL</state>
        <middleName />
        <isOriginalCosponsor>False</isOriginalCosponsor>
        <lastName>Duckworth</lastName>
        <sponsorshipDate>2017-06-05</sponsorshipDate>
      </item>
      <item>
        <identifiers>
          <lisID>1837</lisID>
          <gpoId>7870</gpoId>
          <bioguideId>M001169</bioguideId>
        </identifiers>
        <fullName>Sen. Murphy, Christopher [D-CT]</fullName>
        <firstName>Christopher</firstName>
        <party>D</party>
        <sponsorshipWithdrawnDate />
        <bioguideId>M001169</bioguideId>
        <state>CT</state>
        <middleName />
        <isOriginalCosponsor>False</isOriginalCosponsor>
        <lastName>Murphy</lastName>
        <sponsorshipDate>2017-06-15</sponsorshipDate>
      </item>
      <item>
        <identifiers>
          <lisID>791</lisID>
          <gpoId>8239</gpoId>
          <bioguideId>M000639</bioguideId>
        </identifiers>
        <fullName>Sen. Menendez, Robert [D-NJ]</fullName>
        <firstName>ROBERT</firstName>
        <party>D</party>
        <sponsorshipWithdrawnDate />
        <bioguideId>M000639</bioguideId>
        <state>NJ</state>
        <middleName />
        <isOriginalCosponsor>False</isOriginalCosponsor>
        <lastName>MENENDEZ</lastName>
        <sponsorshipDate>2017-06-20</sponsorshipDate>
      </item>
      <item>
        <identifiers>
          <lisID>2194</lisID>
          <bioguideId>B001288</bioguideId>
          <gpoId />
        </identifiers>
        <fullName>Sen. Booker, Cory A. [D-NJ]</fullName>
        <firstName>Cory</firstName>
        <party>D</party>
        <sponsorshipWithdrawnDate />
        <bioguideId>B001288</bioguideId>
        <state>NJ</state>
        <middleName>A.</middleName>
        <isOriginalCosponsor>False</isOriginalCosponsor>
        <lastName>Booker</lastName>
        <sponsorshipDate>2017-10-18</sponsorshipDate>
      </item>
      <item>
        <identifiers>
          <lisID>1541</lisID>
          <bioguideId>C001035</bioguideId>
          <gpoId>8291</gpoId>
        </identifiers>
        <fullName>Sen. Collins, Susan M. [R-ME]</fullName>
        <firstName>SUSAN</firstName>
        <party>R</party>
        <sponsorshipWithdrawnDate />
        <bioguideId>C001035</bioguideId>
        <state>ME</state>
        <middleName>MARGARET</middleName>
        <isOriginalCosponsor>False</isOriginalCosponsor>
        <lastName>COLLINS</lastName>
        <sponsorshipDate>2018-02-05</sponsorshipDate>
      </item>
      <item>
        <identifiers>
          <lisID>2176</lisID>
          <gpoId />
          <bioguideId>K000384</bioguideId>
        </identifiers>
        <fullName>Sen. Kaine, Tim [D-VA]</fullName>
        <firstName>Timothy</firstName>
        <party>D</party>
        <sponsorshipWithdrawnDate />
        <bioguideId>K000384</bioguideId>
        <state>VA</state>
        <middleName />
        <isOriginalCosponsor>False</isOriginalCosponsor>
        <lastName>Kaine</lastName>
        <sponsorshipDate>2018-02-05</sponsorshipDate>
      </item>
      <item>
        <identifiers>
          <gpoId />
          <lisID>2185</lisID>
          <bioguideId>K000383</bioguideId>
        </identifiers>
        <fullName>Sen. King, Angus S., Jr. [I-ME]</fullName>
        <firstName>Angus</firstName>
        <party>I</party>
        <sponsorshipWithdrawnDate />
        <bioguideId>K000383</bioguideId>
        <state>ME</state>
        <middleName />
        <isOriginalCosponsor>False</isOriginalCosponsor>
        <lastName>King</lastName>
        <sponsorshipDate>2018-02-13</sponsorshipDate>
      </item>
    </cosponsors>
    <amendments />
    <notes />
    <originChamber>Senate</originChamber>
    <titles>
      <item>
        <chamberCode />
        <chamberName />
        <titleType>(Extracted from GPO) Short Titles as Introduced</titleType>
        <title>Land and Water Conservation Authorization and Funding Act</title>
        <parentTitleType />
      </item>
      <item>
        <chamberCode />
        <chamberName />
        <titleType>Short Titles as Introduced</titleType>
        <title>Land and Water Conservation Authorization and Funding Act</title>
        <parentTitleType />
      </item>
      <item>
        <chamberCode />
        <chamberName />
        <titleType>Official Title as Introduced</titleType>
        <title>A bill to amend title 54, United States Code, to provide consistent and reliable authority for, and for the funding of, the Land and Water Conservation Fund to maximize the effectiveness of the Fund for future generations, and for other purposes.</title>
        <parentTitleType />
      </item>
      <item>
        <chamberCode />
        <chamberName />
        <titleType>Display Title</titleType>
        <title>Land and Water Conservation Authorization and Funding Act</title>
        <parentTitleType />
      </item>
    </titles>
    <introducedDate>2017-03-08</introducedDate>
  </bill>
  <dublinCore xmlns:dc="http://purl.org/dc/elements/1.1/">
    <dc:format>text/xml</dc:format>
    <dc:language>EN</dc:language>
    <dc:rights>Pursuant to Title 17 Section 105 of the United States Code, this file is not subject to copyright protection and is in the public domain.</dc:rights>
    <dc:contributor>Congressional Research Service, Library of Congress</dc:contributor>
    <dc:description>This file contains bill summaries and statuses for federal legislation. A bill summary describes the most significant provisions of a piece of legislation and details the effects the legislative text may have on current law and federal programs. Bill summaries are authored by the Congressional Research Service (CRS) of the Library of Congress. As stated in Public Law 91-510 (2 USC 166 (d)(6)), one of the duties of CRS is "to prepare summaries and digests of bills and resolutions of a public general nature introduced in the Senate or House of Representatives". For more information, refer to the User Guide that accompanies this file.</dc:description>
  </dublinCore>
</billStatus>

