<?xml version="1.0" encoding="UTF-8"?>
<billStatus>
  <bill>
    <policyArea>
      <name>International Affairs</name>
    </policyArea>
    <committeeReports />
    <congress>115</congress>
    <sponsors>
      <item>
        <identifiers>
          <bioguideId>L000577</bioguideId>
          <lisID>2080</lisID>
          <gpoId>8303</gpoId>
        </identifiers>
        <middleName />
        <byRequestType />
        <fullName>Sen. Lee, Mike [R-UT]</fullName>
        <bioguideId>L000577</bioguideId>
        <state>UT</state>
        <party>R</party>
        <firstName>Mike</firstName>
        <lastName>Lee</lastName>
      </item>
    </sponsors>
    <calendarNumbers />
    <amendments />
    <relatedBills />
    <notes />
    <originChamber>Senate</originChamber>
    <version>1.0.0</version>
    <billNumber>409</billNumber>
    <title>Military Humanitarian Operations Act of 2017</title>
    <cosponsors>
      <item>
        <isOriginalCosponsor>True</isOriginalCosponsor>
        <fullName>Sen. Paul, Rand [R-KY]</fullName>
        <firstName>Rand</firstName>
        <identifiers>
          <lisID>2082</lisID>
          <bioguideId>P000603</bioguideId>
          <gpoId>8308</gpoId>
        </identifiers>
        <party>R</party>
        <sponsorshipDate>2017-02-16</sponsorshipDate>
        <lastName>Paul</lastName>
        <bioguideId>P000603</bioguideId>
        <state>KY</state>
        <middleName />
        <sponsorshipWithdrawnDate />
      </item>
    </cosponsors>
    <subjects>
      <billSubjects>
        <legislativeSubjects>
          <item>
            <name>Congressional oversight</name>
          </item>
          <item>
            <name>Foreign aid and international relief</name>
          </item>
          <item>
            <name>Human rights</name>
          </item>
          <item>
            <name>International organizations and cooperation</name>
          </item>
          <item>
            <name>Military operations and strategy</name>
          </item>
          <item>
            <name>Presidents and presidential powers, Vice Presidents</name>
          </item>
          <item>
            <name>United Nations</name>
          </item>
          <item>
            <name>War and emergency powers</name>
          </item>
        </legislativeSubjects>
        <policyArea>
          <name>International Affairs</name>
        </policyArea>
      </billSubjects>
    </subjects>
    <laws />
    <actions>
      <actionByCounts>
        <senate>2</senate>
      </actionByCounts>
      <item>
        <actionDate>2017-02-16</actionDate>
        <committee>
          <name>Foreign Relations Committee</name>
          <systemCode>ssfr00</systemCode>
        </committee>
        <links />
        <sourceSystem>
          <name>Senate</name>
          <code>0</code>
        </sourceSystem>
        <text>Read twice and referred to the Committee on Foreign Relations.</text>
        <type>IntroReferral</type>
      </item>
      <item>
        <text>Introduced in Senate</text>
        <type>IntroReferral</type>
        <sourceSystem>
          <name>Library of Congress</name>
          <code>9</code>
        </sourceSystem>
        <committee />
        <actionCode>10000</actionCode>
        <actionDate>2017-02-16</actionDate>
        <links />
      </item>
      <actionTypeCounts>
        <referredToCommittee>1</referredToCommittee>
        <introducedInSenate>1</introducedInSenate>
      </actionTypeCounts>
    </actions>
    <titles>
      <item>
        <chamberName />
        <titleType>(Extracted from GPO) Short Titles as Introduced</titleType>
        <title>Military Humanitarian Operations Act of 2017</title>
        <parentTitleType />
        <chamberCode />
      </item>
      <item>
        <chamberName />
        <titleType>Short Titles as Introduced</titleType>
        <title>Military Humanitarian Operations Act of 2017</title>
        <parentTitleType />
        <chamberCode />
      </item>
      <item>
        <chamberName />
        <titleType>Official Title as Introduced</titleType>
        <title>A bill to provide that the President must seek congressional approval before engaging members of the United States Armed Forces in military humanitarian operations.</title>
        <parentTitleType />
        <chamberCode />
      </item>
      <item>
        <chamberName />
        <titleType>Display Title</titleType>
        <title>Military Humanitarian Operations Act of 2017</title>
        <parentTitleType />
        <chamberCode />
      </item>
    </titles>
    <summaries>
      <billSummaries>
        <item>
          <versionCode>00</versionCode>
          <actionDate>2017-02-16</actionDate>
          <updateDate>2017-02-16T05:00:00Z</updateDate>
          <text><![CDATA[<p><strong>Military Humanitarian Operations Act of 2017</strong></p> <p>This bill defines a &quot;military humanitarian operation&quot; as one involving the deployment of members or weapons systems of the U.S. Armed Forces where hostile activities are reasonably anticipated with the aim of preventing or responding to a humanitarian catastrophe or addressing a threat posed to international peace and security, including:</p> <ul> <li> operations undertaken pursuant to the principle of the &quot;responsibility to protect&quot; in United Nations Security Council Resolution 1674 (2006);</li> <li> operations specifically authorized by the Security Council or other international organizations; and </li> <li> unilateral deployments and deployments made in coordination with international organizations, treaty-based organizations, or coalitions formed to address specific humanitarian catastrophes. </li> </ul> <p>Such term excludes a military operation undertaken for other purposes, including to respond to, repel, or prevent attacks on the United States. </p> <p>The President may not deploy members of the Armed Forces into the territory, airspace, or waters of a foreign country for a military humanitarian operation not previously authorized by statute unless: (1) the President submits to Congress a formal request for authorization to use such members for the operation, and (2) Congress enacts a specific authorization for such use of forces.</p>]]></text>
          <actionDesc>Introduced in Senate</actionDesc>
          <name>Introduced in Senate</name>
          <lastSummaryUpdateDate>2017-08-18T19:31:49Z</lastSummaryUpdateDate>
        </item>
      </billSummaries>
    </summaries>
    <committees>
      <billCommittees>
        <item>
          <chamber>Senate</chamber>
          <subcommittees />
          <type>Standing</type>
          <activities>
            <item>
              <date>2017-02-16T17:41:07Z</date>
              <name>Referred to</name>
            </item>
          </activities>
          <systemCode>ssfr00</systemCode>
          <name>Foreign Relations Committee</name>
        </item>
      </billCommittees>
    </committees>
    <introducedDate>2017-02-16</introducedDate>
    <updateDate>2018-02-06T16:44:47Z</updateDate>
    <cboCostEstimates />
    <recordedVotes />
    <billType>S</billType>
    <createDate>2017-02-17T09:06:57Z</createDate>
    <latestAction>
      <text>Read twice and referred to the Committee on Foreign Relations.</text>
      <links />
      <actionDate>2017-02-16</actionDate>
    </latestAction>
  </bill>
  <dublinCore xmlns:dc="http://purl.org/dc/elements/1.1/">
    <dc:format>text/xml</dc:format>
    <dc:language>EN</dc:language>
    <dc:rights>Pursuant to Title 17 Section 105 of the United States Code, this file is not subject to copyright protection and is in the public domain.</dc:rights>
    <dc:contributor>Congressional Research Service, Library of Congress</dc:contributor>
    <dc:description>This file contains bill summaries and statuses for federal legislation. A bill summary describes the most significant provisions of a piece of legislation and details the effects the legislative text may have on current law and federal programs. Bill summaries are authored by the Congressional Research Service (CRS) of the Library of Congress. As stated in Public Law 91-510 (2 USC 166 (d)(6)), one of the duties of CRS is "to prepare summaries and digests of bills and resolutions of a public general nature introduced in the Senate or House of Representatives". For more information, refer to the User Guide that accompanies this file.</dc:description>
  </dublinCore>
</billStatus>

