<?xml version="1.0" encoding="UTF-8"?>
<billStatus>
  <bill>
    <updateDate>2018-02-28T05:27:44Z</updateDate>
    <cboCostEstimates>
      <item>
        <title>S. 129, National Sea Grant College Program Amendments Act of 2017</title>
        <pubDate>2017-02-14T21:46:38Z</pubDate>
        <url>https://www.cbo.gov/publication/52425</url>
      </item>
    </cboCostEstimates>
    <latestAction>
      <text>Referred to the Subcommittee on Water, Power and Oceans.</text>
      <links />
      <actionDate>2017-09-19</actionDate>
    </latestAction>
    <billNumber>129</billNumber>
    <committeeReports>
      <committeeReport>
        <citation>S. Rept. 115-15</citation>
      </committeeReport>
      <committeeReport>
        <citation>S. Rept. 115-15</citation>
      </committeeReport>
    </committeeReports>
    <title>National Sea Grant College Program Amendments Act of 2017</title>
    <summaries>
      <billSummaries>
        <item>
          <actionDate>2017-01-12</actionDate>
          <actionDesc>Introduced in Senate</actionDesc>
          <lastSummaryUpdateDate>2017-01-27T14:55:56Z</lastSummaryUpdateDate>
          <name>Introduced in Senate</name>
          <versionCode>00</versionCode>
          <text><![CDATA[<p><b>National Sea Grant College Program Amendments Act of 2017</b></p> <p> This bill amends the National Sea Grant College Program Act to reauthorize through FY2022 the National Sea Grant College Program.</p> <p>The bill requires the National Oceanic and Atmospheric Administration (NOAA) to award Dean John A. Knauss Marine Policy Fellowships. Currently, NOAA has discretion in awarding such fellowships. Those fellowships support the placement of graduate students in fields related to ocean, coastal, and Great Lakes resources in positions with the executive and legislative branches.</p> <p>NOAA must establish priorities for the use of donations given for the National Sea Grant Program. </p> <p>An agency may appoint a recipient of a Dean John A. Knauss Marine Policy Fellowship to a federal position within two years after such recipient successfully completes a fellowship.</p> <p>The bill authorizes through FY2022 grants for university research on: (1) the biology, prevention, and control of aquatic nonnative species; (2) oyster diseases, oyster restoration, and oyster-related human health risks; (3) the biology, prevention, and forecasting of harmful algal blooms; and (4) sustainable aquaculture techniques and technologies. The bill also authorizes through FY2022 grants for: (1) fishery extension activities conducted by sea grant colleges or sea grant institutes to enhance existing core program funding; and (2) priority issues identified in the National Sea Grant Program's strategic plan.</p>]]></text>
          <updateDate>2017-01-12T05:00:00Z</updateDate>
        </item>
        <item>
          <actionDate>2017-03-30</actionDate>
          <actionDesc>Reported to Senate without amendment</actionDesc>
          <lastSummaryUpdateDate>2018-02-23T19:39:59Z</lastSummaryUpdateDate>
          <name>Reported to Senate without amendment</name>
          <versionCode>80</versionCode>
          <text><![CDATA[<p>(This measure has not been amended since it was introduced. The summary has been expanded because action occurred on the measure.)</p> <p><b>National Sea Grant College Program Amendments Act of 2017</b></p> <p>(Sec. 3) This bill amends the National Sea Grant College Program Act to reauthorize through FY2022 the National Sea Grant College Program.</p> <p>The bill requires the National Oceanic and Atmospheric Administration (NOAA) to award Dean John A. Knauss Marine Policy Fellowships. Currently, NOAA has discretion in awarding such fellowships. Those fellowships support the placement of graduate students in fields related to ocean, coastal, and Great Lakes resources in positions with the executive and legislative branches.</p> <p>(Sec. 4) NOAA must establish priorities for the use of donations given for the National Sea Grant Program.</p> <p>(Sec. 5) The bill repeals the requirement that NOAA and the National Science Foundation (NSF) jointly report to Congress on the coordination of activities between NOAA's Coastal Ocean and National Sea Grant Program and the NSF.</p> <p>(Sec. 6) The National Sea Grant Advisory Board must report to Congress regarding the state of the National Sea Grant Program every three years, rather than biennially.</p> <p>(Sec. 7) The National Sea Grant Program must consist of financial assistance for research, education, extension, training, technology transfer, public service, and certain other activities.</p> <p>(Sec. 8) An agency may appoint a recipient of a Dean John A. Knauss Marine Policy Fellowship to a federal position within two years after such recipient successfully completes a fellowship.</p> <p>(Sec. 9) The bill authorizes through FY2022 grants for university research on: (1) the biology, prevention, and control of aquatic nonnative species; (2) oyster diseases, oyster restoration, and oyster-related human health risks; (3) the biology, prevention, and forecasting of harmful algal blooms; and (4) sustainable aquaculture techniques and technologies. The bill also authorizes through FY2022 grants for: (1) fishery extension activities conducted by sea grant colleges or sea grant institutes to enhance existing core program funding; and (2) priority issues identified in the National Sea Grant Program's strategic plan.</p>]]></text>
          <updateDate>2017-03-30T13:14:38Z</updateDate>
        </item>
      </billSummaries>
    </summaries>
    <billType>S</billType>
    <relatedBills>
      <item>
        <type>HR</type>
        <latestTitle>National Sea Grant College Program Amendments Act of 2017</latestTitle>
        <relationshipDetails>
          <item>
            <type>Related bill</type>
            <identifiedBy>CRS</identifiedBy>
          </item>
        </relationshipDetails>
        <number>4306</number>
        <latestAction>
          <text>Referred to the Subcommittee on Water, Power and Oceans.</text>
          <actionDate>2018-01-03</actionDate>
        </latestAction>
        <congress>115</congress>
      </item>
    </relatedBills>
    <calendarNumbers>
      <item>
        <calendar>Senate Calendar of Business</calendar>
        <number>0026</number>
      </item>
    </calendarNumbers>
    <subjects>
      <billSubjects>
        <policyArea>
          <name>Public Lands and Natural Resources</name>
        </policyArea>
        <legislativeSubjects>
          <item>
            <name>Advisory bodies</name>
          </item>
          <item>
            <name>Agricultural research</name>
          </item>
          <item>
            <name>Aquaculture</name>
          </item>
          <item>
            <name>Aquatic ecology</name>
          </item>
          <item>
            <name>Congressional committees</name>
          </item>
          <item>
            <name>Congressional officers and employees</name>
          </item>
          <item>
            <name>Congressional oversight</name>
          </item>
          <item>
            <name>Department of Commerce</name>
          </item>
          <item>
            <name>Education programs funding</name>
          </item>
          <item>
            <name>Executive agency funding and structure</name>
          </item>
          <item>
            <name>Food supply, safety, and labeling</name>
          </item>
          <item>
            <name>Government employee pay, benefits, personnel management</name>
          </item>
          <item>
            <name>Great Lakes</name>
          </item>
          <item>
            <name>Higher education</name>
          </item>
          <item>
            <name>Marine and coastal resources, fisheries</name>
          </item>
          <item>
            <name>Research administration and funding</name>
          </item>
          <item>
            <name>Science and engineering education</name>
          </item>
          <item>
            <name>Seafood</name>
          </item>
          <item>
            <name>Social work, volunteer service, charitable organizations</name>
          </item>
          <item>
            <name>Student aid and college costs</name>
          </item>
        </legislativeSubjects>
      </billSubjects>
    </subjects>
    <policyArea>
      <name>Public Lands and Natural Resources</name>
    </policyArea>
    <committees>
      <billCommittees>
        <item>
          <systemCode>hsii00</systemCode>
          <name>Natural Resources Committee</name>
          <activities>
            <item>
              <name>Referred to</name>
              <date>2017-09-18T20:34:56Z</date>
            </item>
          </activities>
          <chamber>House</chamber>
          <type>Standing</type>
          <subcommittees>
            <item>
              <activities>
                <item>
                  <name>Referred to</name>
                  <date>2017-09-19T16:53:19Z</date>
                </item>
              </activities>
              <systemCode>hsii13</systemCode>
              <name>Water, Power and Oceans Subcommittee</name>
            </item>
          </subcommittees>
        </item>
        <item>
          <systemCode>sscm00</systemCode>
          <name>Commerce, Science, and Transportation Committee</name>
          <activities>
            <item>
              <name>Reported by</name>
              <date>2017-03-30T15:39:02Z</date>
            </item>
            <item>
              <name>Markup by</name>
              <date>2017-01-24T15:00:00Z</date>
            </item>
            <item>
              <name>Referred to</name>
              <date>2017-01-12T20:18:05Z</date>
            </item>
          </activities>
          <chamber>Senate</chamber>
          <type>Standing</type>
          <subcommittees />
        </item>
      </billCommittees>
    </committees>
    <createDate>2017-01-13T04:55:34Z</createDate>
    <laws />
    <recordedVotes />
    <cosponsors>
      <item>
        <bioguideId>S001194</bioguideId>
        <firstName>Brian</firstName>
        <sponsorshipDate>2017-01-12</sponsorshipDate>
        <party>D</party>
        <sponsorshipWithdrawnDate />
        <identifiers>
          <bioguideId>S001194</bioguideId>
          <lisID>2173</lisID>
          <gpoId />
        </identifiers>
        <lastName>Schatz</lastName>
        <state>HI</state>
        <isOriginalCosponsor>True</isOriginalCosponsor>
        <fullName>Sen. Schatz, Brian [D-HI]</fullName>
        <middleName />
      </item>
      <item>
        <bioguideId>C000127</bioguideId>
        <firstName>MARIA</firstName>
        <sponsorshipDate>2017-01-12</sponsorshipDate>
        <party>D</party>
        <sponsorshipWithdrawnDate />
        <identifiers>
          <bioguideId>C000127</bioguideId>
          <gpoId>8288</gpoId>
          <lisID>172</lisID>
        </identifiers>
        <lastName>CANTWELL</lastName>
        <state>WA</state>
        <isOriginalCosponsor>True</isOriginalCosponsor>
        <fullName>Sen. Cantwell, Maria [D-WA]</fullName>
        <middleName />
      </item>
      <item>
        <bioguideId>S001198</bioguideId>
        <firstName>Dan</firstName>
        <sponsorshipDate>2017-01-12</sponsorshipDate>
        <party>R</party>
        <sponsorshipWithdrawnDate />
        <identifiers>
          <gpoId />
          <lisID>2290</lisID>
          <bioguideId>S001198</bioguideId>
        </identifiers>
        <lastName>Sullivan</lastName>
        <state>AK</state>
        <isOriginalCosponsor>True</isOriginalCosponsor>
        <fullName>Sen. Sullivan, Dan  [R-AK]</fullName>
        <middleName />
      </item>
      <item>
        <bioguideId>M001153</bioguideId>
        <firstName>Lisa</firstName>
        <sponsorshipDate>2017-03-09</sponsorshipDate>
        <party>R</party>
        <sponsorshipWithdrawnDate />
        <identifiers>
          <gpoId>8234</gpoId>
          <bioguideId>M001153</bioguideId>
          <lisID>1694</lisID>
        </identifiers>
        <lastName>Murkowski</lastName>
        <state>AK</state>
        <isOriginalCosponsor>False</isOriginalCosponsor>
        <fullName>Sen. Murkowski, Lisa [R-AK]</fullName>
        <middleName />
      </item>
      <item>
        <bioguideId>N000032</bioguideId>
        <firstName>CLARENCE</firstName>
        <sponsorshipDate>2017-03-30</sponsorshipDate>
        <party>D</party>
        <sponsorshipWithdrawnDate />
        <identifiers>
          <lisID>859</lisID>
          <bioguideId>N000032</bioguideId>
          <gpoId>8236</gpoId>
        </identifiers>
        <lastName>NELSON</lastName>
        <state>FL</state>
        <isOriginalCosponsor>False</isOriginalCosponsor>
        <fullName>Sen. Nelson, Bill [D-FL]</fullName>
        <middleName>WILLIAM</middleName>
      </item>
    </cosponsors>
    <originChamber>Senate</originChamber>
    <sponsors>
      <item>
        <bioguideId>W000437</bioguideId>
        <firstName>ROGER</firstName>
        <lastName>WICKER</lastName>
        <state>MS</state>
        <party>R</party>
        <middleName>F.</middleName>
        <byRequestType />
        <identifiers>
          <bioguideId>W000437</bioguideId>
          <lisID>1226</lisID>
          <gpoId>8263</gpoId>
        </identifiers>
        <fullName>Sen. Wicker, Roger F. [R-MS]</fullName>
      </item>
    </sponsors>
    <introducedDate>2017-01-12</introducedDate>
    <amendments>
      <amendment>
        <number>1091</number>
        <latestAction>
          <text>Amendment SA 1091 agreed to in Senate by Unanimous Consent.</text>
          <actionDate>2017-09-14</actionDate>
        </latestAction>
        <type>SAMDT</type>
        <cosponsors>
          <totalCount>0</totalCount>
          <currentCount>0</currentCount>
        </cosponsors>
        <amendedAmendment />
        <chamber>Senate</chamber>
        <amendedBill>
          <type>S</type>
          <originChamberCode>S</originChamberCode>
          <originChamber>Senate</originChamber>
          <title>National Sea Grant College Program Amendments Act of 2017</title>
          <congress>115</congress>
          <number>129</number>
        </amendedBill>
        <actions>
          <count>6</count>
          <actionByCounts>
            <senate>5</senate>
          </actionByCounts>
          <actionTypeCounts>
            <senateAmendmentProposedOnTheFloor>1</senateAmendmentProposedOnTheFloor>
            <amendmentAgreedTo>1</amendmentAgreedTo>
            <senateAmendmentSubmitted>1</senateAmendmentSubmitted>
            <amendmentProposed>1</amendmentProposed>
            <senateAmendmentAgreedTo>1</senateAmendmentAgreedTo>
          </actionTypeCounts>
          <actions>
            <item>
              <actionDate>2017-09-14</actionDate>
              <committee />
              <links>
                <link>
                  <name>S.Amdt.1091</name>
                  <url>https://www.congress.gov/amendment/115th-congress/senate-amendment/1091</url>
                </link>
                <link>
                  <name>SA 1091</name>
                  <url>https://www.congress.gov/amendment/115th-congress/senate-amendment/1091</url>
                </link>
              </links>
              <sourceSystem>
                <name>Senate</name>
                <code>0</code>
              </sourceSystem>
              <text>Amendment SA 1091 agreed to in Senate by Unanimous Consent.</text>
              <type>Floor</type>
            </item>
            <item>
              <actionDate>2017-09-14</actionDate>
              <committee />
              <links>
                <link>
                  <name>S.Amdt.1091</name>
                  <url>https://www.congress.gov/amendment/115th-congress/senate-amendment/1091</url>
                </link>
                <link>
                  <name>S5769-5770</name>
                  <url>https://www.congress.gov/congressional-record/volume-163/senate-section/page/S5769-5770</url>
                </link>
                <link>
                  <name>S5770</name>
                  <url>https://www.congress.gov/congressional-record/volume-163/senate-section/page/S5770</url>
                </link>
                <link>
                  <name>SA 1091</name>
                  <url>https://www.congress.gov/amendment/115th-congress/senate-amendment/1091</url>
                </link>
              </links>
              <sourceSystem>
                <name>Senate</name>
                <code>0</code>
              </sourceSystem>
              <text>Amendment SA 1091 proposed by Senator McConnell for Senator Wicker. (consideration: CR S5770; text: CR S5769-5770) In the nature of a substitute.</text>
              <type>Floor</type>
            </item>
            <item>
              <actionDate>2017-09-14</actionDate>
              <committee />
              <links />
              <text />
            </item>
            <item>
              <type>Floor</type>
              <links>
                <link>
                  <name>S.Amdt.1091</name>
                  <url>https://www.congress.gov/amendment/115th-congress/senate-amendment/1091</url>
                </link>
                <link>
                  <name>S5769-5770</name>
                  <url>https://www.congress.gov/congressional-record/volume-163/senate-section/page/S5769-5770</url>
                </link>
                <link>
                  <name>S5770</name>
                  <url>https://www.congress.gov/congressional-record/volume-163/senate-section/page/S5770</url>
                </link>
                <link>
                  <name>SA 1091</name>
                  <url>https://www.congress.gov/amendment/115th-congress/senate-amendment/1091</url>
                </link>
              </links>
              <committee />
              <text>Senate amendment proposed (on the floor): Amendment SA 1091 proposed by Senator McConnell for Senator Wicker.(consideration: CR S5770; text: CR S5769-5770)</text>
              <actionCode>93000</actionCode>
              <actionDate>2017-09-14</actionDate>
              <sourceSystem>
                <name>Library of Congress</name>
                <code>9</code>
              </sourceSystem>
            </item>
            <item>
              <type>Floor</type>
              <links>
                <link>
                  <name>S.Amdt.1091</name>
                  <url>https://www.congress.gov/amendment/115th-congress/senate-amendment/1091</url>
                </link>
                <link>
                  <name>SA 1091</name>
                  <url>https://www.congress.gov/amendment/115th-congress/senate-amendment/1091</url>
                </link>
              </links>
              <committee />
              <text>Senate amendment agreed to: Amendment SA 1091 agreed to in Senate by Unanimous Consent.</text>
              <actionCode>94000</actionCode>
              <actionDate>2017-09-14</actionDate>
              <sourceSystem>
                <name>Library of Congress</name>
                <code>9</code>
              </sourceSystem>
            </item>
            <item>
              <type>Floor</type>
              <links />
              <committee />
              <text>Senate amendment submitted</text>
              <actionCode>91000</actionCode>
              <actionDate>2017-09-14</actionDate>
              <sourceSystem>
                <name>Library of Congress</name>
                <code>9</code>
              </sourceSystem>
            </item>
          </actions>
        </actions>
        <amendments>
          <count>0</count>
        </amendments>
        <updateDate>2018-02-28T05:27:44Z</updateDate>
        <titles />
        <description />
        <links />
        <version>1.0.0</version>
        <submittedDate>2017-09-14T04:00:00Z</submittedDate>
        <createDate>2017-09-15T04:50:51Z</createDate>
        <purpose>In the nature of a substitute.</purpose>
        <sponsors>
          <item>
            <middleName>F.</middleName>
            <bioguideId>W000437</bioguideId>
            <party>R</party>
            <firstName>ROGER</firstName>
            <identifiers>
              <bioguideId>W000437</bioguideId>
              <lisID>1226</lisID>
              <gpoId>8263</gpoId>
            </identifiers>
            <lastName>WICKER</lastName>
            <state>MS</state>
            <fullName>Sen. Wicker, Roger F. [R-MS]</fullName>
          </item>
        </sponsors>
        <proposedDate>2017-09-14T04:00:00Z</proposedDate>
        <congress>115</congress>
        <notes />
        <number>1091</number>
        <description />
        <type>SAMDT</type>
        <purpose>In the nature of a substitute.</purpose>
        <congress>115</congress>
      </amendment>
    </amendments>
    <notes />
    <version>1.0.0</version>
    <congress>115</congress>
    <titles>
      <item>
        <parentTitleType>Short Titles Senate</parentTitleType>
        <titleType>Short Titles as Passed Senate</titleType>
        <chamberCode>S</chamberCode>
        <chamberName>Senate</chamberName>
        <title>National Sea Grant College Program Amendments Act of 2017</title>
      </item>
      <item>
        <parentTitleType>Short Titles Senate</parentTitleType>
        <titleType>Short Titles as Reported to Senate</titleType>
        <chamberCode>S</chamberCode>
        <chamberName>Senate</chamberName>
        <title>National Sea Grant College Program Amendments Act of 2017</title>
      </item>
      <item>
        <parentTitleType />
        <titleType>Short Titles as Introduced</titleType>
        <chamberCode />
        <chamberName />
        <title>National Sea Grant College Program Amendments Act of 2017</title>
      </item>
      <item>
        <parentTitleType />
        <titleType>Official Title as Introduced</titleType>
        <chamberCode />
        <chamberName />
        <title>A bill to reauthorize and amend the National Sea Grant College Program Act, and for other purposes.</title>
      </item>
      <item>
        <parentTitleType />
        <titleType>Display Title</titleType>
        <chamberCode />
        <chamberName />
        <title>National Sea Grant College Program Amendments Act of 2017</title>
      </item>
      <item>
        <parentTitleType />
        <titleType>(Extracted from GPO) Short Titles as Passed Senate</titleType>
        <chamberCode>S</chamberCode>
        <chamberName>Senate</chamberName>
        <title>National Sea Grant College Program Amendments Act of 2017</title>
      </item>
      <item>
        <parentTitleType />
        <titleType>(Extracted from GPO) Short Titles as Reported to Senate</titleType>
        <chamberCode>S</chamberCode>
        <chamberName>Senate</chamberName>
        <title>National Sea Grant College Program Amendments Act of 2017</title>
      </item>
      <item>
        <parentTitleType />
        <titleType>(Extracted from GPO) Short Titles as Introduced</titleType>
        <chamberCode />
        <chamberName />
        <title>National Sea Grant College Program Amendments Act of 2017</title>
      </item>
    </titles>
    <actions>
      <actionByCounts>
        <houseOfRepresentatives>3</houseOfRepresentatives>
        <senate>11</senate>
      </actionByCounts>
      <actionTypeCounts>
        <passedAgreedToInSenate>1</passedAgreedToInSenate>
        <placedOnCalendarGeneralOrders>1</placedOnCalendarGeneralOrders>
        <placeholderTextForH>1</placeholderTextForH>
        <billReferrals>1</billReferrals>
        <passedSenate>1</passedSenate>
        <introducedInSenate>1</introducedInSenate>
        <orderedReported>1</orderedReported>
        <reportedToSenate>2</reportedToSenate>
        <sentToHouse>1</sentToHouse>
        <freeText>1</freeText>
        <measureLaidBeforeSenate>1</measureLaidBeforeSenate>
        <referredToCommittee>1</referredToCommittee>
        <receivedInTheHouse>1</receivedInTheHouse>
      </actionTypeCounts>
      <item>
        <actionDate>2017-09-19</actionDate>
        <committee>
          <name>Water, Power and Oceans Subcommittee</name>
          <systemCode>hsii13</systemCode>
        </committee>
        <links />
        <sourceSystem>
          <name>House committee actions</name>
          <code>1</code>
        </sourceSystem>
        <text>Referred to the Subcommittee on Water, Power and Oceans.</text>
        <type>Committee</type>
      </item>
      <item>
        <text>Referred to the House Committee on Natural Resources.</text>
        <type>IntroReferral</type>
        <actionDate>2017-09-18</actionDate>
        <links />
        <actionCode>H11100</actionCode>
        <committee>
          <name>Natural Resources Committee</name>
          <systemCode>hsii00</systemCode>
        </committee>
        <sourceSystem>
          <name>House floor actions</name>
          <code>2</code>
        </sourceSystem>
      </item>
      <item>
        <text>Received in the House.</text>
        <type>Floor</type>
        <actionDate>2017-09-18</actionDate>
        <links />
        <actionCode>H14000</actionCode>
        <actionTime>14:03:23</actionTime>
        <committee />
        <sourceSystem>
          <name>House floor actions</name>
          <code>2</code>
        </sourceSystem>
      </item>
      <item>
        <actionDate>2017-09-18</actionDate>
        <committee />
        <links />
        <sourceSystem>
          <name>Senate</name>
          <code>0</code>
        </sourceSystem>
        <text>Message on Senate action sent to the House.</text>
        <type>Floor</type>
      </item>
      <item>
        <actionDate>2017-09-14</actionDate>
        <committee />
        <links />
        <sourceSystem>
          <name>Senate</name>
          <code>0</code>
        </sourceSystem>
        <text>Passed Senate with an amendment by Voice Vote.</text>
        <type>Floor</type>
      </item>
      <item>
        <text>Passed/agreed to in Senate: Passed Senate with an amendment by Voice Vote.</text>
        <type>Floor</type>
        <actionDate>2017-09-14</actionDate>
        <links />
        <actionCode>17000</actionCode>
        <committee />
        <sourceSystem>
          <name>Library of Congress</name>
          <code>9</code>
        </sourceSystem>
      </item>
      <item>
        <actionDate>2017-09-14</actionDate>
        <committee />
        <links>
          <link>
            <name>S5770-5771</name>
            <url>https://www.congress.gov/congressional-record/volume-163/senate-section/page/S5770-5771</url>
          </link>
        </links>
        <sourceSystem>
          <name>Senate</name>
          <code>0</code>
        </sourceSystem>
        <text>Measure laid before Senate by unanimous consent. (consideration: CR S5770-5771)</text>
        <type>Floor</type>
      </item>
      <item>
        <actionDate>2017-03-30</actionDate>
        <committee />
        <links>
          <link>
            <name>report No. 115-15</name>
            <url>https://www.congress.gov/congressional-report/115th-congress/senate-report/15</url>
          </link>
        </links>
        <sourceSystem>
          <name>Senate</name>
          <code>0</code>
        </sourceSystem>
        <text>An errata sheet on written report No. 115-15 was printed. (text: &lt;a href="https://www.gpo.gov/fdsys/pkg/CRPT-115srpt15/pdf/CRPT-115srpt15-ERRATA.pdf"&gt;115S.Rept.15 errata&lt;/a&gt;)</text>
        <type>Floor</type>
      </item>
      <item>
        <actionDate>2017-03-30</actionDate>
        <committee />
        <links />
        <sourceSystem>
          <name>Senate</name>
          <code>0</code>
        </sourceSystem>
        <text>Placed on Senate Legislative Calendar under General Orders. Calendar No. 26.</text>
        <type>Calendars</type>
      </item>
      <item>
        <actionDate>2017-03-30</actionDate>
        <committee>
          <name>Commerce, Science, and Transportation Committee</name>
          <systemCode>sscm00</systemCode>
        </committee>
        <links>
          <link>
            <name>report No. 115-15</name>
            <url>https://www.congress.gov/congressional-report/115th-congress/senate-report/15</url>
          </link>
        </links>
        <sourceSystem>
          <name>Senate</name>
          <code>0</code>
        </sourceSystem>
        <text>Committee on Commerce, Science, and Transportation. Reported by Senator Thune without amendment. With written report No. 115-15.</text>
        <type>Committee</type>
      </item>
      <item>
        <text>Committee on Commerce, Science, and Transportation. Reported by Senator Thune without amendment. With written report No. 115-15.</text>
        <type>Committee</type>
        <actionDate>2017-03-30</actionDate>
        <links>
          <link>
            <name>report No. 115-15</name>
            <url>https://www.congress.gov/congressional-report/115th-congress/senate-report/15</url>
          </link>
        </links>
        <actionCode>14000</actionCode>
        <committee>
          <name>Commerce, Science, and Transportation Committee</name>
          <systemCode>sscm00</systemCode>
        </committee>
        <sourceSystem>
          <name>Library of Congress</name>
          <code>9</code>
        </sourceSystem>
      </item>
      <item>
        <actionDate>2017-01-24</actionDate>
        <committee>
          <name>Commerce, Science, and Transportation Committee</name>
          <systemCode>sscm00</systemCode>
        </committee>
        <links />
        <sourceSystem>
          <name>Senate</name>
          <code>0</code>
        </sourceSystem>
        <text>Committee on Commerce, Science, and Transportation. Ordered to be reported without amendment favorably.</text>
        <type>Committee</type>
      </item>
      <item>
        <actionDate>2017-01-12</actionDate>
        <committee>
          <name>Commerce, Science, and Transportation Committee</name>
          <systemCode>sscm00</systemCode>
        </committee>
        <links />
        <sourceSystem>
          <name>Senate</name>
          <code>0</code>
        </sourceSystem>
        <text>Read twice and referred to the Committee on Commerce, Science, and Transportation.</text>
        <type>IntroReferral</type>
      </item>
      <item>
        <text>Introduced in Senate</text>
        <type>IntroReferral</type>
        <actionDate>2017-01-12</actionDate>
        <links />
        <actionCode>10000</actionCode>
        <committee />
        <sourceSystem>
          <name>Library of Congress</name>
          <code>9</code>
        </sourceSystem>
      </item>
    </actions>
  </bill>
  <dublinCore xmlns:dc="http://purl.org/dc/elements/1.1/">
    <dc:format>text/xml</dc:format>
    <dc:language>EN</dc:language>
    <dc:rights>Pursuant to Title 17 Section 105 of the United States Code, this file is not subject to copyright protection and is in the public domain.</dc:rights>
    <dc:contributor>Congressional Research Service, Library of Congress</dc:contributor>
    <dc:description>This file contains bill summaries and statuses for federal legislation. A bill summary describes the most significant provisions of a piece of legislation and details the effects the legislative text may have on current law and federal programs. Bill summaries are authored by the Congressional Research Service (CRS) of the Library of Congress. As stated in Public Law 91-510 (2 USC 166 (d)(6)), one of the duties of CRS is "to prepare summaries and digests of bills and resolutions of a public general nature introduced in the Senate or House of Representatives". For more information, refer to the User Guide that accompanies this file.</dc:description>
  </dublinCore>
</billStatus>

