<?xml version="1.0" encoding="UTF-8"?>
<billStatus>
  <bill>
    <amendments />
    <title>Fair Medicare Hospital Payments Act of 2017</title>
    <sponsors>
      <item>
        <fullName>Sen. Isakson, Johnny [R-GA]</fullName>
        <middleName />
        <firstName>Johnny</firstName>
        <bioguideId>I000055</bioguideId>
        <party>R</party>
        <state>GA</state>
        <lastName>Isakson</lastName>
        <identifiers>
          <bioguideId>I000055</bioguideId>
          <lisID>1608</lisID>
          <gpoId>8323</gpoId>
        </identifiers>
        <byRequestType />
      </item>
    </sponsors>
    <cboCostEstimates />
    <laws />
    <version>1.0.0</version>
    <committees>
      <billCommittees>
        <item>
          <type>Standing</type>
          <name>Finance Committee</name>
          <systemCode>ssfi00</systemCode>
          <chamber>Senate</chamber>
          <activities>
            <item>
              <name>Referred to</name>
              <date>2017-02-15T21:41:27Z</date>
            </item>
          </activities>
          <subcommittees />
        </item>
      </billCommittees>
    </committees>
    <subjects>
      <billSubjects>
        <legislativeSubjects>
          <item>
            <name>Health personnel</name>
          </item>
          <item>
            <name>Home and outpatient care</name>
          </item>
          <item>
            <name>Hospital care</name>
          </item>
          <item>
            <name>Medicare</name>
          </item>
          <item>
            <name>Wages and earnings</name>
          </item>
        </legislativeSubjects>
        <policyArea>
          <name>Health</name>
        </policyArea>
      </billSubjects>
    </subjects>
    <cosponsors>
      <item>
        <firstName>Mark</firstName>
        <middleName>R.</middleName>
        <lastName>Warner</lastName>
        <bioguideId>W000805</bioguideId>
        <fullName>Sen. Warner, Mark R. [D-VA]</fullName>
        <state>VA</state>
        <sponsorshipDate>2017-02-15</sponsorshipDate>
        <sponsorshipWithdrawnDate />
        <party>D</party>
        <identifiers>
          <bioguideId>W000805</bioguideId>
          <lisID>1897</lisID>
          <gpoId>8269</gpoId>
        </identifiers>
        <isOriginalCosponsor>True</isOriginalCosponsor>
      </item>
      <item>
        <firstName>Lamar</firstName>
        <middleName />
        <lastName>Alexander</lastName>
        <bioguideId>A000360</bioguideId>
        <fullName>Sen. Alexander, Lamar [R-TN]</fullName>
        <state>TN</state>
        <sponsorshipDate>2017-02-15</sponsorshipDate>
        <sponsorshipWithdrawnDate />
        <party>R</party>
        <identifiers>
          <lisID>1695</lisID>
          <gpoId>8304</gpoId>
          <bioguideId>A000360</bioguideId>
        </identifiers>
        <isOriginalCosponsor>True</isOriginalCosponsor>
      </item>
      <item>
        <firstName>SHERROD</firstName>
        <middleName />
        <lastName>BROWN</lastName>
        <bioguideId>B000944</bioguideId>
        <fullName>Sen. Brown, Sherrod [D-OH]</fullName>
        <state>OH</state>
        <sponsorshipDate>2017-02-15</sponsorshipDate>
        <sponsorshipWithdrawnDate />
        <party>D</party>
        <identifiers>
          <gpoId>8309</gpoId>
          <bioguideId>B000944</bioguideId>
          <lisID>136</lisID>
        </identifiers>
        <isOriginalCosponsor>True</isOriginalCosponsor>
      </item>
      <item>
        <firstName>RICHARD</firstName>
        <middleName>CRAIG</middleName>
        <lastName>SHELBY</lastName>
        <bioguideId>S000320</bioguideId>
        <fullName>Sen. Shelby, Richard C. [R-AL]</fullName>
        <state>AL</state>
        <sponsorshipDate>2017-02-15</sponsorshipDate>
        <sponsorshipWithdrawnDate />
        <party>R</party>
        <identifiers>
          <bioguideId>S000320</bioguideId>
          <lisID>1049</lisID>
          <gpoId>8277</gpoId>
        </identifiers>
        <isOriginalCosponsor>True</isOriginalCosponsor>
      </item>
      <item>
        <firstName>Timothy</firstName>
        <middleName />
        <lastName>Kaine</lastName>
        <bioguideId>K000384</bioguideId>
        <fullName>Sen. Kaine, Tim [D-VA]</fullName>
        <state>VA</state>
        <sponsorshipDate>2017-02-15</sponsorshipDate>
        <sponsorshipWithdrawnDate />
        <party>D</party>
        <identifiers>
          <lisID>2176</lisID>
          <gpoId />
          <bioguideId>K000384</bioguideId>
        </identifiers>
        <isOriginalCosponsor>True</isOriginalCosponsor>
      </item>
      <item>
        <firstName>David</firstName>
        <middleName>Alfred</middleName>
        <lastName>Perdue</lastName>
        <bioguideId>P000612</bioguideId>
        <fullName>Sen. Perdue, David [R-GA]</fullName>
        <state>GA</state>
        <sponsorshipDate>2017-02-27</sponsorshipDate>
        <sponsorshipWithdrawnDate />
        <party>R</party>
        <identifiers>
          <bioguideId>P000612</bioguideId>
          <lisID>2286</lisID>
          <gpoId />
        </identifiers>
        <isOriginalCosponsor>False</isOriginalCosponsor>
      </item>
      <item>
        <firstName>Bob</firstName>
        <middleName />
        <lastName>Corker</lastName>
        <bioguideId>C001071</bioguideId>
        <fullName>Sen. Corker, Bob [R-TN]</fullName>
        <state>TN</state>
        <sponsorshipDate>2017-03-06</sponsorshipDate>
        <sponsorshipWithdrawnDate />
        <party>R</party>
        <identifiers>
          <lisID>1825</lisID>
          <gpoId>8294</gpoId>
          <bioguideId>C001071</bioguideId>
        </identifiers>
        <isOriginalCosponsor>False</isOriginalCosponsor>
      </item>
      <item>
        <firstName>Thad</firstName>
        <middleName />
        <lastName>Cochran</lastName>
        <bioguideId>C000567</bioguideId>
        <fullName>Sen. Cochran, Thad [R-MS]</fullName>
        <state>MS</state>
        <sponsorshipDate>2017-07-12</sponsorshipDate>
        <sponsorshipWithdrawnDate />
        <party>R</party>
        <identifiers>
          <gpoId>8292</gpoId>
          <bioguideId>C000567</bioguideId>
          <lisID>213</lisID>
        </identifiers>
        <isOriginalCosponsor>False</isOriginalCosponsor>
      </item>
      <item>
        <firstName>ROGER</firstName>
        <middleName>F.</middleName>
        <lastName>WICKER</lastName>
        <bioguideId>W000437</bioguideId>
        <fullName>Sen. Wicker, Roger F. [R-MS]</fullName>
        <state>MS</state>
        <sponsorshipDate>2017-09-05</sponsorshipDate>
        <sponsorshipWithdrawnDate />
        <party>R</party>
        <identifiers>
          <gpoId>8263</gpoId>
          <lisID>1226</lisID>
          <bioguideId>W000437</bioguideId>
        </identifiers>
        <isOriginalCosponsor>False</isOriginalCosponsor>
      </item>
      <item>
        <firstName>PAT</firstName>
        <middleName />
        <lastName>ROBERTS</lastName>
        <bioguideId>R000307</bioguideId>
        <fullName>Sen. Roberts, Pat [R-KS]</fullName>
        <state>KS</state>
        <sponsorshipDate>2017-09-07</sponsorshipDate>
        <sponsorshipWithdrawnDate />
        <party>R</party>
        <identifiers>
          <lisID>968</lisID>
          <gpoId>8275</gpoId>
          <bioguideId>R000307</bioguideId>
        </identifiers>
        <isOriginalCosponsor>False</isOriginalCosponsor>
      </item>
      <item>
        <firstName>Luther</firstName>
        <middleName />
        <lastName>Strange</lastName>
        <bioguideId>S001202</bioguideId>
        <fullName>Sen. Strange, Luther [R-AL]</fullName>
        <state>AL</state>
        <sponsorshipDate>2017-09-07</sponsorshipDate>
        <sponsorshipWithdrawnDate />
        <party>R</party>
        <identifiers>
          <gpoId />
          <lisID>2357</lisID>
          <bioguideId>S001202</bioguideId>
        </identifiers>
        <isOriginalCosponsor>False</isOriginalCosponsor>
      </item>
      <item>
        <firstName>Bill</firstName>
        <middleName />
        <lastName>Cassidy</lastName>
        <bioguideId>C001075</bioguideId>
        <fullName>Sen. Cassidy, Bill [R-LA]</fullName>
        <state>LA</state>
        <sponsorshipDate>2018-02-27</sponsorshipDate>
        <sponsorshipWithdrawnDate />
        <party>R</party>
        <identifiers>
          <lisID>1925</lisID>
          <bioguideId>C001075</bioguideId>
          <gpoId>7964</gpoId>
        </identifiers>
        <isOriginalCosponsor>False</isOriginalCosponsor>
      </item>
    </cosponsors>
    <updateDate>2018-02-28T05:57:59Z</updateDate>
    <originChamber>Senate</originChamber>
    <createDate>2017-02-16T08:49:56Z</createDate>
    <recordedVotes />
    <relatedBills>
      <item>
        <type>HR</type>
        <number>1130</number>
        <latestTitle>Fair Medicare Hospital Payments Act of 2017</latestTitle>
        <congress>115</congress>
        <relationshipDetails>
          <item>
            <type>Identical bill</type>
            <identifiedBy>CRS</identifiedBy>
          </item>
        </relationshipDetails>
        <latestAction>
          <text>Referred to the Subcommittee on Health.</text>
          <actionDate>2017-03-01</actionDate>
        </latestAction>
      </item>
    </relatedBills>
    <notes />
    <introducedDate>2017-02-15</introducedDate>
    <latestAction>
      <actionDate>2017-02-15</actionDate>
      <text>Read twice and referred to the Committee on Finance.</text>
      <links />
    </latestAction>
    <calendarNumbers />
    <billNumber>397</billNumber>
    <policyArea>
      <name>Health</name>
    </policyArea>
    <titles>
      <item>
        <title>Fair Medicare Hospital Payments Act of 2017</title>
        <titleType>(Extracted from GPO) Short Titles as Introduced</titleType>
        <parentTitleType />
        <chamberName />
        <chamberCode />
      </item>
      <item>
        <title>Fair Medicare Hospital Payments Act of 2017</title>
        <titleType>Short Titles as Introduced</titleType>
        <parentTitleType />
        <chamberName />
        <chamberCode />
      </item>
      <item>
        <title>A bill to amend title XVIII of the Social Security Act to ensure fairness in Medicare hospital payments by establishing a floor for the area wage index applied with respect to certain hospitals.</title>
        <titleType>Official Title as Introduced</titleType>
        <parentTitleType />
        <chamberName />
        <chamberCode />
      </item>
      <item>
        <title>Fair Medicare Hospital Payments Act of 2017</title>
        <titleType>Display Title</titleType>
        <parentTitleType />
        <chamberName />
        <chamberCode />
      </item>
    </titles>
    <congress>115</congress>
    <actions>
      <actionByCounts>
        <senate>2</senate>
      </actionByCounts>
      <item>
        <actionDate>2017-02-15</actionDate>
        <committee>
          <name>Finance Committee</name>
          <systemCode>ssfi00</systemCode>
        </committee>
        <links />
        <sourceSystem>
          <name>Senate</name>
          <code>0</code>
        </sourceSystem>
        <text>Read twice and referred to the Committee on Finance.</text>
        <type>IntroReferral</type>
      </item>
      <item>
        <links />
        <text>Introduced in Senate</text>
        <committee />
        <actionDate>2017-02-15</actionDate>
        <type>IntroReferral</type>
        <actionCode>10000</actionCode>
        <sourceSystem>
          <name>Library of Congress</name>
          <code>9</code>
        </sourceSystem>
      </item>
      <actionTypeCounts>
        <introducedInSenate>1</introducedInSenate>
        <referredToCommittee>1</referredToCommittee>
      </actionTypeCounts>
    </actions>
    <summaries>
      <billSummaries>
        <item>
          <actionDesc>Introduced in Senate</actionDesc>
          <actionDate>2017-02-15</actionDate>
          <text><![CDATA[<p><strong>Fair Medicare Hospital Payments Act of 2017</strong></p> <p>This bill amends title XVIII (Medicare) of the Social Security Act to establish, with respect to hospitals not located in a frontier state,&nbsp;a floor on the area wage adjustment factor for hospital inpatient and outpatient services covered under Medicare. (Such a floor&nbsp;already applies with respect to hospitals located in frontier states.)</p>]]></text>
          <versionCode>00</versionCode>
          <updateDate>2017-02-15T05:00:00Z</updateDate>
          <lastSummaryUpdateDate>2017-02-27T20:46:41Z</lastSummaryUpdateDate>
          <name>Introduced in Senate</name>
        </item>
      </billSummaries>
    </summaries>
    <billType>S</billType>
    <committeeReports />
  </bill>
  <dublinCore xmlns:dc="http://purl.org/dc/elements/1.1/">
    <dc:format>text/xml</dc:format>
    <dc:language>EN</dc:language>
    <dc:rights>Pursuant to Title 17 Section 105 of the United States Code, this file is not subject to copyright protection and is in the public domain.</dc:rights>
    <dc:contributor>Congressional Research Service, Library of Congress</dc:contributor>
    <dc:description>This file contains bill summaries and statuses for federal legislation. A bill summary describes the most significant provisions of a piece of legislation and details the effects the legislative text may have on current law and federal programs. Bill summaries are authored by the Congressional Research Service (CRS) of the Library of Congress. As stated in Public Law 91-510 (2 USC 166 (d)(6)), one of the duties of CRS is "to prepare summaries and digests of bills and resolutions of a public general nature introduced in the Senate or House of Representatives". For more information, refer to the User Guide that accompanies this file.</dc:description>
  </dublinCore>
</billStatus>

