<?xml version="1.0" encoding="UTF-8"?>
<billStatus>
  <bill>
    <amendments />
    <updateDate>2018-02-16T05:28:03Z</updateDate>
    <policyArea>
      <name>Public Lands and Natural Resources</name>
    </policyArea>
    <createDate>2017-03-03T05:11:28Z</createDate>
    <latestAction>
      <text>Committee on Energy and Natural Resources Subcommittee on Public Lands, Forests, and Mining. Hearings held.</text>
      <links />
      <actionDate>2018-02-07</actionDate>
    </latestAction>
    <subjects>
      <billSubjects>
        <policyArea>
          <name>Public Lands and Natural Resources</name>
        </policyArea>
        <legislativeSubjects>
          <item>
            <name>Ecology</name>
          </item>
          <item>
            <name>Environmental assessment, monitoring, research</name>
          </item>
          <item>
            <name>Forests, forestry, trees</name>
          </item>
          <item>
            <name>Montana</name>
          </item>
          <item>
            <name>Motor vehicles</name>
          </item>
          <item>
            <name>Outdoor recreation</name>
          </item>
          <item>
            <name>Parks, recreation areas, trails</name>
          </item>
          <item>
            <name>Watersheds</name>
          </item>
          <item>
            <name>Wilderness and natural areas, wildlife refuges, wild rivers, habitats</name>
          </item>
        </legislativeSubjects>
      </billSubjects>
    </subjects>
    <sponsors>
      <item>
        <lastName>Tester</lastName>
        <party>D</party>
        <bioguideId>T000464</bioguideId>
        <fullName>Sen. Tester, Jon [D-MT]</fullName>
        <byRequestType />
        <identifiers>
          <lisID>1829</lisID>
          <gpoId>8258</gpoId>
          <bioguideId>T000464</bioguideId>
        </identifiers>
        <firstName>Jon</firstName>
        <state>MT</state>
        <middleName />
      </item>
    </sponsors>
    <billNumber>507</billNumber>
    <recordedVotes />
    <cosponsors />
    <titles>
      <item>
        <parentTitleType />
        <titleType>(Extracted from GPO) Short Titles as Introduced</titleType>
        <chamberCode />
        <title>Blackfoot Clearwater Stewardship Act of 2017</title>
        <chamberName />
      </item>
      <item>
        <parentTitleType />
        <titleType>Short Titles as Introduced</titleType>
        <chamberCode />
        <title>Blackfoot Clearwater Stewardship Act of 2017</title>
        <chamberName />
      </item>
      <item>
        <parentTitleType />
        <titleType>Official Title as Introduced</titleType>
        <chamberCode />
        <title>A bill to sustain economic development and recreational use of National Forest System land in the State of Montana, to add certain land to the National Wilderness Preservation System, to designate new areas for recreation, and for other purposes.</title>
        <chamberName />
      </item>
      <item>
        <parentTitleType />
        <titleType>Display Title</titleType>
        <chamberCode />
        <title>Blackfoot Clearwater Stewardship Act of 2017</title>
        <chamberName />
      </item>
    </titles>
    <committees>
      <billCommittees>
        <item>
          <chamber>Senate</chamber>
          <subcommittees>
            <item>
              <activities>
                <item>
                  <date>2018-02-07T15:01:08Z</date>
                  <name>Hearings by</name>
                </item>
              </activities>
              <name>Public Lands, Forests, and Mining Subcommittee</name>
              <systemCode>sseg03</systemCode>
            </item>
          </subcommittees>
          <name>Energy and Natural Resources Committee</name>
          <type>Standing</type>
          <systemCode>sseg00</systemCode>
          <activities>
            <item>
              <date>2017-03-02T18:58:10Z</date>
              <name>Referred to</name>
            </item>
          </activities>
        </item>
      </billCommittees>
    </committees>
    <calendarNumbers />
    <billType>S</billType>
    <originChamber>Senate</originChamber>
    <summaries>
      <billSummaries>
        <item>
          <actionDate>2017-03-02</actionDate>
          <versionCode>00</versionCode>
          <name>Introduced in Senate</name>
          <actionDesc>Introduced in Senate</actionDesc>
          <text><![CDATA[<p><b>Blackfoot Clearwater Stewardship Act of 2017</b></p> <p>This bill directs the Department of Agriculture (USDA) to complete a landscape assessment of the Seeley Lake Ranger District of the Lolo National Forest in Montana to: (1) assess the ecological condition of its forests and watersheds; and (2) identify actions needed to facilitate ecosystem sustainability, resilience, and health by assisting in the recovery of its forest ecosystems.</p> <p>A collaboratively developed restoration project within the district may be carried out according to certain provisions &nbsp;applicable to authorized hazardous fuel reduction projects under the Healthy Forests Restoration Act of 2003.</p> <p>The bill designates specified federal land in the forest as: (1) the Otatsy Recreation Management Area, and (2) the Spread Mountain Recreation Area. </p> <p>USDA shall, if, a local collaborative group submits a proposal to improve motorized and nonmotorized recreational trail opportunities within the district, analyze the proposal in accordance with the National Environmental Policy Act of 1969. It&nbsp;may also&nbsp;provide for the construction of any of the routes included in such proposal.</p> <p>The bill designates specified wilderness additions in the forest as wilderness areas and components of the National Wilderness Preservation System. </p>]]></text>
          <updateDate>2017-03-02T05:00:00Z</updateDate>
          <lastSummaryUpdateDate>2017-06-14T19:28:02Z</lastSummaryUpdateDate>
        </item>
      </billSummaries>
    </summaries>
    <committeeReports />
    <laws />
    <version>1.0.0</version>
    <title>Blackfoot Clearwater Stewardship Act of 2017</title>
    <cboCostEstimates />
    <introducedDate>2017-03-02</introducedDate>
    <actions>
      <actionTypeCounts>
        <referredToCommittee>1</referredToCommittee>
        <introducedInSenate>1</introducedInSenate>
        <hearingsHeld>1</hearingsHeld>
      </actionTypeCounts>
      <actionByCounts>
        <senate>3</senate>
      </actionByCounts>
      <item>
        <actionDate>2018-02-07</actionDate>
        <committee>
          <systemCode>sseg03</systemCode>
          <name>Public Lands, Forests, and Mining Subcommittee</name>
        </committee>
        <links />
        <sourceSystem>
          <code>0</code>
          <name>Senate</name>
        </sourceSystem>
        <text>Committee on Energy and Natural Resources Subcommittee on Public Lands, Forests, and Mining. Hearings held.</text>
        <type>Committee</type>
      </item>
      <item>
        <actionDate>2017-03-02</actionDate>
        <committee>
          <systemCode>sseg00</systemCode>
          <name>Energy and Natural Resources Committee</name>
        </committee>
        <links />
        <sourceSystem>
          <code>0</code>
          <name>Senate</name>
        </sourceSystem>
        <text>Read twice and referred to the Committee on Energy and Natural Resources.</text>
        <type>IntroReferral</type>
      </item>
      <item>
        <actionDate>2017-03-02</actionDate>
        <type>IntroReferral</type>
        <text>Introduced in Senate</text>
        <links />
        <committee />
        <sourceSystem>
          <code>9</code>
          <name>Library of Congress</name>
        </sourceSystem>
        <actionCode>10000</actionCode>
      </item>
    </actions>
    <congress>115</congress>
    <notes />
    <relatedBills />
  </bill>
  <dublinCore xmlns:dc="http://purl.org/dc/elements/1.1/">
    <dc:format>text/xml</dc:format>
    <dc:language>EN</dc:language>
    <dc:rights>Pursuant to Title 17 Section 105 of the United States Code, this file is not subject to copyright protection and is in the public domain.</dc:rights>
    <dc:contributor>Congressional Research Service, Library of Congress</dc:contributor>
    <dc:description>This file contains bill summaries and statuses for federal legislation. A bill summary describes the most significant provisions of a piece of legislation and details the effects the legislative text may have on current law and federal programs. Bill summaries are authored by the Congressional Research Service (CRS) of the Library of Congress. As stated in Public Law 91-510 (2 USC 166 (d)(6)), one of the duties of CRS is "to prepare summaries and digests of bills and resolutions of a public general nature introduced in the Senate or House of Representatives". For more information, refer to the User Guide that accompanies this file.</dc:description>
  </dublinCore>
</billStatus>

