<?xml version="1.0" encoding="UTF-8"?>
<billStatus>
  <bill>
    <relatedBills />
    <originChamber>Senate</originChamber>
    <recordedVotes />
    <latestAction>
      <text>Became Public Law No: 115-94.</text>
      <links />
      <actionDate>2017-12-18</actionDate>
    </latestAction>
    <createDate>2017-02-15T05:13:06Z</createDate>
    <title>Department of State Authorities Act, Fiscal Year 2017, Improvements Act</title>
    <summaries>
      <billSummaries>
        <item>
          <versionCode>00</versionCode>
          <updateDate>2017-02-14T05:00:00Z</updateDate>
          <actionDate>2017-02-14</actionDate>
          <text><![CDATA[<p><b>Department of State Authorities Act, Fiscal Year 2017, Improvements Act</b></p> <p>This bill makes technical changes to the Department of State Authorities Act, Fiscal Year 2017 and other related Acts.</p> <p>The bill provides the House and Senate Appropriations Committees with oversight authority regarding congressional reports on: (1) high-risk diplomatic and consular posts, (2) embassy construction costs, (3) combating sexual exploitation in United Nations (U.N.) peacekeeping operations, (4) Department of State overseas staffing levels, and (5) reducing illicit drug supply and abuse in the Western Hemisphere. </p> <p>The bill provides such committees with oversight authority regarding the granting of consular immunity.</p> <p>The Department of State Authorities Act, Fiscal Year 2017 is amended regarding: (1) replacement of a specified reference to anti-Semitism with a reference to intolerance; (2) the definition of &quot;change to the federal status&quot; with respect to the Cuba Service and the Television Marti Service; (3) the report on the costs, strengths, and limitations of U.S. and U.N. peacekeeping operations; (4) U.N. peacekeeper training to reduce sexual exploitation; (5) the U.N. Secretary General; (6) Foreign Service entry; (7) completion of the Western Hemisphere Drug Policy Commission report; and (8) ransoms to foreign terrorist organizations.</p> <p>The United States should use its influence to prohibit U.N. Human Rights Council membership to a country: (1) designated as a Tier 3 human trafficking country, or (2) identified as having failed to prevent or address gross violations of human rights. </p> <p> The President shall report to Congress regarding steps taken to encourage China to enter into a dialogue with the Dalai Lama leading to a negotiated agreement on Tibet. </p>]]></text>
          <actionDesc>Introduced in Senate</actionDesc>
          <lastSummaryUpdateDate>2017-12-15T22:18:15Z</lastSummaryUpdateDate>
          <name>Introduced in Senate</name>
        </item>
      </billSummaries>
    </summaries>
    <actions>
      <actionTypeCounts>
        <committeeDischarged>2</committeeDischarged>
        <motionToReconsiderResults>1</motionToReconsiderResults>
        <placeholderTextForH>1</placeholderTextForH>
        <sentToHouse>2</sentToHouse>
        <houseCommitteeDischarged>1</houseCommitteeDischarged>
        <passedAgreedToInHouse>1</passedAgreedToInHouse>
        <passedSenate>1</passedSenate>
        <placeholderTextForE>3</placeholderTextForE>
        <introducedInSenate>1</introducedInSenate>
        <presentedToPresident>1</presentedToPresident>
        <resolvingDifferencesSenateActions>1</resolvingDifferencesSenateActions>
        <becamePublicLaw>2</becamePublicLaw>
        <senateAgreedFreeText>1</senateAgreedFreeText>
        <messageOnHouseAction>1</messageOnHouseAction>
        <senateCommitteeDischarged>1</senateCommitteeDischarged>
        <passedAgreedToInSenate>1</passedAgreedToInSenate>
        <billReferrals>1</billReferrals>
        <actionStageOverride>1</actionStageOverride>
        <referredToCommittee>1</referredToCommittee>
        <considerationByHouse>1</considerationByHouse>
        <measureLaidBeforeSenate>1</measureLaidBeforeSenate>
        <passageOfAMeasure>1</passageOfAMeasure>
        <receivedInTheHouse>1</receivedInTheHouse>
        <unanimousConsentRequestToConsider>1</unanimousConsentRequestToConsider>
      </actionTypeCounts>
      <item>
        <type>President</type>
        <links />
        <text>Became Public Law No: 115-94.</text>
        <committee />
        <actionDate>2017-12-18</actionDate>
        <sourceSystem>
          <name>House floor actions</name>
          <code>2</code>
        </sourceSystem>
        <actionCode>E40000</actionCode>
      </item>
      <item>
        <type>BecameLaw</type>
        <links />
        <text>Became Public Law No: 115-94.</text>
        <committee />
        <actionDate>2017-12-18</actionDate>
        <sourceSystem>
          <name>Library of Congress</name>
          <code>9</code>
        </sourceSystem>
        <actionCode>36000</actionCode>
      </item>
      <item>
        <type>President</type>
        <links />
        <text>Signed by President.</text>
        <committee />
        <actionDate>2017-12-18</actionDate>
        <sourceSystem>
          <name>House floor actions</name>
          <code>2</code>
        </sourceSystem>
        <actionCode>E30000</actionCode>
      </item>
      <item>
        <type>BecameLaw</type>
        <links />
        <text>Signed by President.</text>
        <committee />
        <actionDate>2017-12-18</actionDate>
        <sourceSystem>
          <name>Library of Congress</name>
          <code>9</code>
        </sourceSystem>
        <actionCode>36000</actionCode>
      </item>
      <item>
        <type>Floor</type>
        <links />
        <text>Presented to President.</text>
        <committee />
        <actionDate>2017-12-06</actionDate>
        <sourceSystem>
          <name>House floor actions</name>
          <code>2</code>
        </sourceSystem>
        <actionCode>E20000</actionCode>
      </item>
      <item>
        <type>President</type>
        <links />
        <text>Presented to President.</text>
        <committee />
        <actionDate>2017-12-06</actionDate>
        <sourceSystem>
          <name>Library of Congress</name>
          <code>9</code>
        </sourceSystem>
        <actionCode>28000</actionCode>
      </item>
      <item>
        <actionDate>2017-12-05</actionDate>
        <committee />
        <links />
        <sourceSystem>
          <name>Senate</name>
          <code>0</code>
        </sourceSystem>
        <text>Message on Senate action sent to the House.</text>
        <type>Floor</type>
      </item>
      <item>
        <actionDate>2017-12-04</actionDate>
        <committee />
        <links />
        <sourceSystem>
          <name>Senate</name>
          <code>0</code>
        </sourceSystem>
        <text>Senate agreed to the House amendment to the Senate bill by Unanimous Consent.</text>
        <type>ResolvingDifferences</type>
      </item>
      <item>
        <type>NotUsed</type>
        <links />
        <text>Resolving differences -- Senate actions: Senate agreed to the House amendment to the Senate bill by Unanimous Consent.</text>
        <committee />
        <actionDate>2017-12-04</actionDate>
        <sourceSystem>
          <name>Library of Congress</name>
          <code>9</code>
        </sourceSystem>
        <actionCode>20500</actionCode>
      </item>
      <item>
        <actionDate>2017-07-31</actionDate>
        <committee />
        <links />
        <sourceSystem>
          <name>Senate</name>
          <code>0</code>
        </sourceSystem>
        <text>Message on House action received in Senate and at desk: House amendment to Senate bill.</text>
        <type>Floor</type>
      </item>
      <item>
        <actionTime>12:56:18</actionTime>
        <links />
        <text>Motion to reconsider laid on the table Agreed to without objection.</text>
        <committee />
        <actionDate>2017-07-28</actionDate>
        <sourceSystem>
          <name>House floor actions</name>
          <code>2</code>
        </sourceSystem>
        <actionCode>H38310</actionCode>
        <type>Floor</type>
      </item>
      <item>
        <actionTime>12:56:15</actionTime>
        <links>
          <link>
            <name>H6558-6559</name>
            <url>https://www.congress.gov/congressional-record/volume-163/house-section/page/H6558-6559</url>
          </link>
        </links>
        <text>On passage Passed without objection. (text: CR H6558-6559)</text>
        <committee />
        <actionDate>2017-07-28</actionDate>
        <sourceSystem>
          <name>House floor actions</name>
          <code>2</code>
        </sourceSystem>
        <actionCode>H37100</actionCode>
        <type>Floor</type>
      </item>
      <item>
        <actionTime>12:56:15</actionTime>
        <links />
        <text>Passed/agreed to in House: On passage Passed without objection.</text>
        <committee />
        <actionDate>2017-07-28</actionDate>
        <sourceSystem>
          <name>Library of Congress</name>
          <code>9</code>
        </sourceSystem>
        <actionCode>8000</actionCode>
        <type>Floor</type>
      </item>
      <item>
        <actionTime>12:55:45</actionTime>
        <links>
          <link>
            <name>H6558-6560</name>
            <url>https://www.congress.gov/congressional-record/volume-163/house-section/page/H6558-6560</url>
          </link>
        </links>
        <text>Considered by unanimous consent. (consideration: CR H6558-6560)</text>
        <committee />
        <actionDate>2017-07-28</actionDate>
        <sourceSystem>
          <name>House floor actions</name>
          <code>2</code>
        </sourceSystem>
        <actionCode>H30000</actionCode>
        <type>Floor</type>
      </item>
      <item>
        <type>Discharge</type>
        <links>
          <link>
            <name>H6558</name>
            <url>https://www.congress.gov/congressional-record/volume-163/house-section/page/H6558</url>
          </link>
        </links>
        <text>Committee on Foreign Affairs discharged. (consideration: CR H6558)</text>
        <committee>
          <systemCode>hsfa00</systemCode>
          <name>Foreign Affairs Committee</name>
        </committee>
        <actionDate>2017-07-28</actionDate>
        <sourceSystem>
          <name>House floor actions</name>
          <code>2</code>
        </sourceSystem>
        <actionCode>H12300</actionCode>
      </item>
      <item>
        <type>Committee</type>
        <links />
        <text>Committee on Foreign Affairs discharged.</text>
        <committee>
          <systemCode>hsfa00</systemCode>
          <name>Foreign Affairs Committee</name>
        </committee>
        <actionDate>2017-07-28</actionDate>
        <sourceSystem>
          <name>Library of Congress</name>
          <code>9</code>
        </sourceSystem>
        <actionCode>5500</actionCode>
      </item>
      <item>
        <actionTime>12:55:30</actionTime>
        <links />
        <text>Mr. Royce (CA) asked unanimous consent to discharge from committee and consider.</text>
        <committee />
        <actionDate>2017-07-28</actionDate>
        <sourceSystem>
          <name>House floor actions</name>
          <code>2</code>
        </sourceSystem>
        <actionCode>H30200</actionCode>
        <type>Floor</type>
      </item>
      <item>
        <actionDate>2017-05-25</actionDate>
        <committee>
          <systemCode>hsfa00</systemCode>
          <name>Foreign Affairs Committee</name>
        </committee>
        <links />
        <sourceSystem>
          <name>House committee actions</name>
          <code>1</code>
        </sourceSystem>
        <text>Ordered to be Reported (Amended) by Voice Vote.</text>
        <type>Committee</type>
      </item>
      <item>
        <actionDate>2017-05-25</actionDate>
        <committee>
          <systemCode>hsfa00</systemCode>
          <name>Foreign Affairs Committee</name>
        </committee>
        <links />
        <sourceSystem>
          <name>House committee actions</name>
          <code>1</code>
        </sourceSystem>
        <text>Committee Consideration and Mark-up Session Held.</text>
        <type>Committee</type>
      </item>
      <item>
        <type>IntroReferral</type>
        <links />
        <text>Referred to the House Committee on Foreign Affairs.</text>
        <committee>
          <systemCode>hsfa00</systemCode>
          <name>Foreign Affairs Committee</name>
        </committee>
        <actionDate>2017-05-02</actionDate>
        <sourceSystem>
          <name>House floor actions</name>
          <code>2</code>
        </sourceSystem>
        <actionCode>H11100</actionCode>
      </item>
      <item>
        <actionTime>13:23:45</actionTime>
        <links />
        <text>Received in the House.</text>
        <committee />
        <actionDate>2017-05-02</actionDate>
        <sourceSystem>
          <name>House floor actions</name>
          <code>2</code>
        </sourceSystem>
        <actionCode>H14000</actionCode>
        <type>Floor</type>
      </item>
      <item>
        <actionDate>2017-05-02</actionDate>
        <committee />
        <links />
        <sourceSystem>
          <name>Senate</name>
          <code>0</code>
        </sourceSystem>
        <text>Message on Senate action sent to the House.</text>
        <type>Floor</type>
      </item>
      <item>
        <actionDate>2017-05-01</actionDate>
        <committee />
        <links>
          <link>
            <name>S2653-2654</name>
            <url>https://www.congress.gov/congressional-record/volume-163/senate-section/page/S2653-2654</url>
          </link>
        </links>
        <sourceSystem>
          <name>Senate</name>
          <code>0</code>
        </sourceSystem>
        <text>Passed Senate with an amendment by Unanimous Consent. (text: CR S2653-2654)</text>
        <type>Floor</type>
      </item>
      <item>
        <type>Floor</type>
        <links>
          <link>
            <name>S2653-2654</name>
            <url>https://www.congress.gov/congressional-record/volume-163/senate-section/page/S2653-2654</url>
          </link>
        </links>
        <text>Passed/agreed to in Senate: Passed Senate with an amendment by Unanimous Consent.(text: CR S2653-2654)</text>
        <committee />
        <actionDate>2017-05-01</actionDate>
        <sourceSystem>
          <name>Library of Congress</name>
          <code>9</code>
        </sourceSystem>
        <actionCode>17000</actionCode>
      </item>
      <item>
        <actionDate>2017-05-01</actionDate>
        <committee />
        <links />
        <sourceSystem>
          <name>Senate</name>
          <code>0</code>
        </sourceSystem>
        <text>Measure laid before Senate by unanimous consent.</text>
        <type>Floor</type>
      </item>
      <item>
        <actionDate>2017-05-01</actionDate>
        <committee>
          <systemCode>ssfr00</systemCode>
          <name>Foreign Relations Committee</name>
        </committee>
        <links>
          <link>
            <name>S2653-2654</name>
            <url>https://www.congress.gov/congressional-record/volume-163/senate-section/page/S2653-2654</url>
          </link>
        </links>
        <sourceSystem>
          <name>Senate</name>
          <code>0</code>
        </sourceSystem>
        <text>Senate Committee on Foreign Relations discharged by Unanimous Consent. (consideration: CR S2653-2654)</text>
        <type>Discharge</type>
      </item>
      <item>
        <type>Committee</type>
        <links>
          <link>
            <name>S2653-2654</name>
            <url>https://www.congress.gov/congressional-record/volume-163/senate-section/page/S2653-2654</url>
          </link>
        </links>
        <text>Senate Committee on Foreign Relations discharged by Unanimous Consent.(consideration: CR S2653-2654)</text>
        <committee>
          <systemCode>ssfr00</systemCode>
          <name>Foreign Relations Committee</name>
        </committee>
        <actionDate>2017-05-01</actionDate>
        <sourceSystem>
          <name>Library of Congress</name>
          <code>9</code>
        </sourceSystem>
        <actionCode>14500</actionCode>
      </item>
      <item>
        <actionDate>2017-02-14</actionDate>
        <committee>
          <systemCode>ssfr00</systemCode>
          <name>Foreign Relations Committee</name>
        </committee>
        <links />
        <sourceSystem>
          <name>Senate</name>
          <code>0</code>
        </sourceSystem>
        <text>Read twice and referred to the Committee on Foreign Relations.</text>
        <type>IntroReferral</type>
      </item>
      <item>
        <type>IntroReferral</type>
        <links />
        <text>Introduced in Senate</text>
        <committee />
        <actionDate>2017-02-14</actionDate>
        <sourceSystem>
          <name>Library of Congress</name>
          <code>9</code>
        </sourceSystem>
        <actionCode>10000</actionCode>
      </item>
      <actionByCounts>
        <senate>12</senate>
        <houseOfRepresentatives>11</houseOfRepresentatives>
      </actionByCounts>
    </actions>
    <updateDate>2018-02-06T16:44:45Z</updateDate>
    <amendments>
      <amendment>
        <number>272</number>
        <congress>115</congress>
        <type>HAMDT</type>
        <links />
        <updateDate>2018-02-06T16:44:45Z</updateDate>
        <type>HAMDT</type>
        <congress>115</congress>
        <number>272</number>
        <description />
        <version>1.0.0</version>
        <sponsors>
          <item>
            <state>CA</state>
            <identifiers>
              <bioguideId>R000487</bioguideId>
              <gpoId>7845</gpoId>
              <lisID>998</lisID>
            </identifiers>
            <bioguideId>R000487</bioguideId>
            <lastName>ROYCE</lastName>
            <fullName>Rep. Royce, Edward R. [R-CA-39]</fullName>
            <firstName>ED</firstName>
            <party>R</party>
            <middleName />
            <district>39</district>
          </item>
        </sponsors>
        <chamber>House of Representatives</chamber>
        <amendedBill>
          <originChamberCode>S</originChamberCode>
          <title>Department of State Authorities Act, Fiscal Year 2017, Improvements Act</title>
          <number>371</number>
          <originChamber>Senate</originChamber>
          <congress>115</congress>
          <type>S</type>
        </amendedBill>
        <purpose>An amendment to strike all after the enacting clause and insert the following new text entitled the "Department of State Authorities Act, Fiscal Year 2017, Improvements Act".</purpose>
        <titles />
        <proposedDate />
        <cosponsors>
          <totalCount>0</totalCount>
          <currentCount>0</currentCount>
        </cosponsors>
        <actions>
          <actionByCounts>
            <houseOfRepresentatives>6</houseOfRepresentatives>
          </actionByCounts>
          <actionTypeCounts>
            <amendmentOffered>1</amendmentOffered>
            <houseAmendmentAgreedTo>1</houseAmendmentAgreedTo>
            <houseAmendmentOfferedReportedBy>1</houseAmendmentOfferedReportedBy>
            <agreeingToTheAmendmentResults>1</agreeingToTheAmendmentResults>
            <amendmentAgreedToByHouse>1</amendmentAgreedToByHouse>
            <houseAmendmentOffered>1</houseAmendmentOffered>
          </actionTypeCounts>
          <actions>
            <item>
              <actionDate>2017-07-28</actionDate>
              <text>On agreeing to the Royce (CA) amendment (A001) Agreed to without objection.</text>
              <sourceSystem>
                <name>House floor actions</name>
                <code>2</code>
              </sourceSystem>
              <committee />
              <links>
                <link>
                  <name>H.Amdt.272</name>
                  <url>https://www.congress.gov/amendment/115th-congress/house-amendment/272</url>
                </link>
              </links>
              <actionCode>H34111</actionCode>
              <type>Floor</type>
              <actionTime>12:56:08</actionTime>
            </item>
            <item>
              <actionDate>2017-07-28</actionDate>
              <text>Amendment (A001) offered by Mr. Royce (CA). (consideration: CR H6559-6560; text: CR H6559-6560)</text>
              <sourceSystem>
                <name>House floor actions</name>
                <code>2</code>
              </sourceSystem>
              <committee />
              <links>
                <link>
                  <name>H.Amdt.272</name>
                  <url>https://www.congress.gov/amendment/115th-congress/house-amendment/272</url>
                </link>
                <link>
                  <name>H6559-6560</name>
                  <url>https://www.congress.gov/congressional-record/volume-163/house-section/page/H6559-6560</url>
                </link>
              </links>
              <actionCode>H3A100</actionCode>
              <type>Floor</type>
              <actionTime>12:56:03</actionTime>
            </item>
            <item>
              <actionDate>2017-07-28</actionDate>
              <committee />
              <links />
              <text />
            </item>
            <item>
              <actionDate>2017-07-28</actionDate>
              <text>House amendment offered/reported by : Amendment (A001) offered by Mr. Royce (CA).(consideration: CR H6559-6560; text: CR H6559-6560)</text>
              <sourceSystem>
                <name>Library of Congress</name>
                <code>9</code>
              </sourceSystem>
              <committee />
              <links>
                <link>
                  <name>H.Amdt.272</name>
                  <url>https://www.congress.gov/amendment/115th-congress/house-amendment/272</url>
                </link>
                <link>
                  <name>H6559-6560</name>
                  <url>https://www.congress.gov/congressional-record/volume-163/house-section/page/H6559-6560</url>
                </link>
              </links>
              <actionCode>71500</actionCode>
              <type>NotUsed</type>
              <actionTime>12:56:03</actionTime>
            </item>
            <item>
              <actionDate>2017-07-28</actionDate>
              <text>Amendment agreed to by House: On agreeing to the Royce (CA) amendment (A001) Agreed to without objection.</text>
              <sourceSystem>
                <name>Library of Congress</name>
                <code>9</code>
              </sourceSystem>
              <committee />
              <links>
                <link>
                  <name>H.Amdt.272</name>
                  <url>https://www.congress.gov/amendment/115th-congress/house-amendment/272</url>
                </link>
              </links>
              <actionCode>79000</actionCode>
              <type>NotUsed</type>
              <actionTime>12:56:08</actionTime>
            </item>
            <item>
              <actionDate>2017-07-28</actionDate>
              <text>House amendment agreed to: On agreeing to the Royce (CA) amendment (A001) Agreed to without objection.</text>
              <sourceSystem>
                <name>Library of Congress</name>
                <code>9</code>
              </sourceSystem>
              <committee />
              <links>
                <link>
                  <name>H.Amdt.272</name>
                  <url>https://www.congress.gov/amendment/115th-congress/house-amendment/272</url>
                </link>
              </links>
              <actionCode>72000</actionCode>
              <type>Floor</type>
              <actionTime>12:56:08</actionTime>
            </item>
            <item>
              <actionDate>2017-07-28</actionDate>
              <text>House amendment offered</text>
              <sourceSystem>
                <name>Library of Congress</name>
                <code>9</code>
              </sourceSystem>
              <committee />
              <links />
              <actionCode>71000</actionCode>
              <type>Floor</type>
            </item>
          </actions>
          <count>7</count>
        </actions>
        <amendedAmendment />
        <submittedDate>2017-07-28T04:00:00Z</submittedDate>
        <notes />
        <createDate>2017-07-29T07:16:22Z</createDate>
        <amendments>
          <count>0</count>
        </amendments>
        <description />
        <latestAction>
          <text>On agreeing to the Royce (CA) amendment (A001) Agreed to without objection.</text>
          <actionTime>12:56:08</actionTime>
          <actionDate>2017-07-28</actionDate>
        </latestAction>
        <purpose>An amendment to strike all after the enacting clause and insert the following new text entitled the "Department of State Authorities Act, Fiscal Year 2017, Improvements Act".</purpose>
      </amendment>
      <amendment>
        <number>209</number>
        <congress>115</congress>
        <type>SAMDT</type>
        <submittedDate>2017-05-01T04:00:00Z</submittedDate>
        <congress>115</congress>
        <sponsors>
          <item>
            <bioguideId>C001071</bioguideId>
            <party>R</party>
            <firstName>Bob</firstName>
            <middleName />
            <fullName>Sen. Corker, Bob [R-TN]</fullName>
            <identifiers>
              <lisID>1825</lisID>
              <bioguideId>C001071</bioguideId>
              <gpoId>8294</gpoId>
            </identifiers>
            <lastName>Corker</lastName>
            <state>TN</state>
          </item>
        </sponsors>
        <titles />
        <proposedDate>2017-05-01T04:00:00Z</proposedDate>
        <description />
        <purpose>To require that the comparative report on peacekeeping operations include an assessment of the operational, structural, and doctrinal differences between the military and civilian infrastructures of the United States and United Nations and other assumptions that impact cost estimates.</purpose>
        <version>1.0.0</version>
        <createDate>2017-05-02T19:48:06Z</createDate>
        <amendedAmendment />
        <chamber>Senate</chamber>
        <type>SAMDT</type>
        <actions>
          <actionByCounts>
            <senate>5</senate>
          </actionByCounts>
          <actionTypeCounts>
            <amendmentAgreedTo>1</amendmentAgreedTo>
            <amendmentProposed>1</amendmentProposed>
            <senateAmendmentAgreedTo>1</senateAmendmentAgreedTo>
            <senateAmendmentProposedOnTheFloor>1</senateAmendmentProposedOnTheFloor>
            <senateAmendmentSubmitted>1</senateAmendmentSubmitted>
          </actionTypeCounts>
          <actions>
            <item>
              <actionDate>2017-05-01</actionDate>
              <committee />
              <links>
                <link>
                  <name>S.Amdt.209</name>
                  <url>https://www.congress.gov/amendment/115th-congress/senate-amendment/209</url>
                </link>
                <link>
                  <name>SA 209</name>
                  <url>https://www.congress.gov/amendment/115th-congress/senate-amendment/209</url>
                </link>
              </links>
              <sourceSystem>
                <code>0</code>
                <name>Senate</name>
              </sourceSystem>
              <text>Amendment SA 209 agreed to in Senate by Unanimous Consent.</text>
              <type>Floor</type>
            </item>
            <item>
              <actionDate>2017-05-01</actionDate>
              <committee />
              <links>
                <link>
                  <name>S.Amdt.209</name>
                  <url>https://www.congress.gov/amendment/115th-congress/senate-amendment/209</url>
                </link>
                <link>
                  <name>S2653</name>
                  <url>https://www.congress.gov/congressional-record/volume-163/senate-section/page/S2653</url>
                </link>
                <link>
                  <name>SA 209</name>
                  <url>https://www.congress.gov/amendment/115th-congress/senate-amendment/209</url>
                </link>
              </links>
              <sourceSystem>
                <code>0</code>
                <name>Senate</name>
              </sourceSystem>
              <text>Amendment SA 209 proposed by Senator Cornyn for Senator Corker. (consideration: CR S2653; text: CR S2653) To require that the comparative report on peacekeeping operations include an assessment of the operational, structural, and doctrinal differences between the military and civilian infrastructures of the United States and United Nations and other assumptions that impact cost estimates.</text>
              <type>Floor</type>
            </item>
            <item>
              <actionDate>2017-05-01</actionDate>
              <committee />
              <links />
              <text />
            </item>
            <item>
              <text>Senate amendment agreed to: Amendment SA 209 agreed to in Senate by Unanimous Consent.</text>
              <links>
                <link>
                  <name>S.Amdt.209</name>
                  <url>https://www.congress.gov/amendment/115th-congress/senate-amendment/209</url>
                </link>
                <link>
                  <name>SA 209</name>
                  <url>https://www.congress.gov/amendment/115th-congress/senate-amendment/209</url>
                </link>
              </links>
              <sourceSystem>
                <code>9</code>
                <name>Library of Congress</name>
              </sourceSystem>
              <actionCode>94000</actionCode>
              <type>Floor</type>
              <committee />
              <actionDate>2017-05-01</actionDate>
            </item>
            <item>
              <text>Senate amendment proposed (on the floor): Amendment SA 209 proposed by Senator Cornyn for Senator Corker.(consideration: CR S2653; text: CR S2653)</text>
              <links>
                <link>
                  <name>S.Amdt.209</name>
                  <url>https://www.congress.gov/amendment/115th-congress/senate-amendment/209</url>
                </link>
                <link>
                  <name>S2653</name>
                  <url>https://www.congress.gov/congressional-record/volume-163/senate-section/page/S2653</url>
                </link>
                <link>
                  <name>SA 209</name>
                  <url>https://www.congress.gov/amendment/115th-congress/senate-amendment/209</url>
                </link>
              </links>
              <sourceSystem>
                <code>9</code>
                <name>Library of Congress</name>
              </sourceSystem>
              <actionCode>93000</actionCode>
              <type>Floor</type>
              <committee />
              <actionDate>2017-05-01</actionDate>
            </item>
            <item>
              <text>Senate amendment submitted</text>
              <links />
              <sourceSystem>
                <code>9</code>
                <name>Library of Congress</name>
              </sourceSystem>
              <actionCode>91000</actionCode>
              <type>Floor</type>
              <committee />
              <actionDate>2017-05-01</actionDate>
            </item>
          </actions>
          <count>6</count>
        </actions>
        <number>209</number>
        <updateDate>2018-02-06T16:44:45Z</updateDate>
        <links />
        <cosponsors>
          <currentCount>0</currentCount>
          <totalCount>0</totalCount>
        </cosponsors>
        <amendedBill>
          <originChamber>Senate</originChamber>
          <originChamberCode>S</originChamberCode>
          <type>S</type>
          <title>Department of State Authorities Act, Fiscal Year 2017, Improvements Act</title>
          <number>371</number>
          <congress>115</congress>
        </amendedBill>
        <amendments>
          <count>0</count>
        </amendments>
        <notes />
        <description />
        <latestAction>
          <text>Amendment SA 209 agreed to in Senate by Unanimous Consent.</text>
          <actionDate>2017-05-01</actionDate>
        </latestAction>
        <purpose>To require that the comparative report on peacekeeping operations include an assessment of the operational, structural, and doctrinal differences between the military and civilian infrastructures of the United States and United Nations and other assumptions that impact cost estimates.</purpose>
      </amendment>
    </amendments>
    <notes />
    <sponsors>
      <item>
        <bioguideId>C001071</bioguideId>
        <middleName />
        <byRequestType />
        <firstName>Bob</firstName>
        <lastName>Corker</lastName>
        <state>TN</state>
        <party>R</party>
        <identifiers>
          <lisID>1825</lisID>
          <bioguideId>C001071</bioguideId>
          <gpoId>8294</gpoId>
        </identifiers>
        <fullName>Sen. Corker, Bob [R-TN]</fullName>
      </item>
    </sponsors>
    <committees>
      <billCommittees>
        <item>
          <systemCode>hsfa00</systemCode>
          <chamber>House</chamber>
          <type>Standing</type>
          <activities>
            <item>
              <name>Discharged from</name>
              <date>2017-07-28T16:55:31Z</date>
            </item>
            <item>
              <name>Markup by</name>
              <date>2017-05-25T15:02:38Z</date>
            </item>
            <item>
              <name>Referred to</name>
              <date>2017-05-02T21:32:24Z</date>
            </item>
          </activities>
          <name>Foreign Affairs Committee</name>
          <subcommittees />
        </item>
        <item>
          <systemCode>ssfr00</systemCode>
          <chamber>Senate</chamber>
          <type>Standing</type>
          <activities>
            <item>
              <name>Discharged from</name>
              <date>2017-05-01T22:37:41Z</date>
            </item>
            <item>
              <name>Referred to</name>
              <date>2017-02-14T19:47:04Z</date>
            </item>
          </activities>
          <name>Foreign Relations Committee</name>
          <subcommittees />
        </item>
      </billCommittees>
    </committees>
    <cosponsors />
    <laws>
      <item>
        <type>Public Law</type>
        <number>115-94</number>
      </item>
    </laws>
    <policyArea>
      <name>International Affairs</name>
    </policyArea>
    <cboCostEstimates>
      <item>
        <url>https://www.cbo.gov/publication/52804</url>
        <pubDate>2017-06-13T19:03:03Z</pubDate>
        <title>S. 371, Department of State Authorities Act, Fiscal Year 2017, Improvements Act</title>
      </item>
    </cboCostEstimates>
    <billNumber>371</billNumber>
    <congress>115</congress>
    <version>1.0.0</version>
    <introducedDate>2017-02-14</introducedDate>
    <committeeReports />
    <titles>
      <item>
        <chamberName />
        <parentTitleType>Short Title</parentTitleType>
        <chamberCode />
        <titleType>Short Titles as Enacted</titleType>
        <title>Department of State Authorities Act, Fiscal Year 2017, Improvements Act</title>
      </item>
      <item>
        <chamberName>Senate</chamberName>
        <parentTitleType>Short Titles Senate</parentTitleType>
        <chamberCode>S</chamberCode>
        <titleType>Short Titles as Passed Senate</titleType>
        <title>Department of State Authorities Act, Fiscal Year 2017, Improvements Act</title>
      </item>
      <item>
        <chamberName>House</chamberName>
        <parentTitleType>Short Titles House of Representatives</parentTitleType>
        <chamberCode>H</chamberCode>
        <titleType>Short Titles as Passed House</titleType>
        <title>Department of State Authorities Act, Fiscal Year 2017, Improvements Act</title>
      </item>
      <item>
        <chamberName />
        <parentTitleType />
        <chamberCode />
        <titleType>Short Titles as Introduced</titleType>
        <title>Department of State Authorities Act, Fiscal Year 2017, Improvements Act</title>
      </item>
      <item>
        <chamberName />
        <parentTitleType />
        <chamberCode />
        <titleType>Official Title as Introduced</titleType>
        <title>A bill to make technical changes and other improvements to the Department of State Authorities Act, Fiscal Year 2017.</title>
      </item>
      <item>
        <chamberName />
        <parentTitleType />
        <chamberCode />
        <titleType>Display Title</titleType>
        <title>Department of State Authorities Act, Fiscal Year 2017, Improvements Act</title>
      </item>
      <item>
        <chamberName>Senate</chamberName>
        <parentTitleType />
        <chamberCode>S</chamberCode>
        <titleType>(Extracted from GPO) Short Titles as Passed Senate</titleType>
        <title>Department of State Authorities Act, Fiscal Year 2017, Improvements Act</title>
      </item>
      <item>
        <chamberName />
        <parentTitleType />
        <chamberCode />
        <titleType>(Extracted from GPO) Short Titles as Introduced</titleType>
        <title>Department of State Authorities Act, Fiscal Year 2017, Improvements Act</title>
      </item>
    </titles>
    <calendarNumbers />
    <subjects>
      <billSubjects>
        <legislativeSubjects>
          <item>
            <name>Asia</name>
          </item>
          <item>
            <name>Broadcasting Board of Governors</name>
          </item>
          <item>
            <name>Building construction</name>
          </item>
          <item>
            <name>Caribbean area</name>
          </item>
          <item>
            <name>China</name>
          </item>
          <item>
            <name>Colombia</name>
          </item>
          <item>
            <name>Congressional oversight</name>
          </item>
          <item>
            <name>Crime victims</name>
          </item>
          <item>
            <name>Criminal investigation, prosecution, interrogation</name>
          </item>
          <item>
            <name>Department of State</name>
          </item>
          <item>
            <name>Diplomacy, foreign officials, Americans abroad</name>
          </item>
          <item>
            <name>Drug trafficking and controlled substances</name>
          </item>
          <item>
            <name>Employee performance</name>
          </item>
          <item>
            <name>Foreign aid and international relief</name>
          </item>
          <item>
            <name>Foreign and international banking</name>
          </item>
          <item>
            <name>Government buildings, facilities, and property</name>
          </item>
          <item>
            <name>Government employee pay, benefits, personnel management</name>
          </item>
          <item>
            <name>Government ethics and transparency, public corruption</name>
          </item>
          <item>
            <name>Government studies and investigations</name>
          </item>
          <item>
            <name>House Committee on Appropriations</name>
          </item>
          <item>
            <name>Human rights</name>
          </item>
          <item>
            <name>Human trafficking</name>
          </item>
          <item>
            <name>International exchange and broadcasting</name>
          </item>
          <item>
            <name>Latin America</name>
          </item>
          <item>
            <name>Military operations and strategy</name>
          </item>
          <item>
            <name>Religion</name>
          </item>
          <item>
            <name>Senate Committee on Appropriations</name>
          </item>
          <item>
            <name>Sex offenses</name>
          </item>
          <item>
            <name>Sovereignty, recognition, national governance and status</name>
          </item>
          <item>
            <name>Terrorism</name>
          </item>
          <item>
            <name>Tibet</name>
          </item>
          <item>
            <name>United Nations</name>
          </item>
          <item>
            <name>Western Hemisphere</name>
          </item>
        </legislativeSubjects>
        <policyArea>
          <name>International Affairs</name>
        </policyArea>
      </billSubjects>
    </subjects>
    <billType>S</billType>
  </bill>
  <dublinCore xmlns:dc="http://purl.org/dc/elements/1.1/">
    <dc:format>text/xml</dc:format>
    <dc:language>EN</dc:language>
    <dc:rights>Pursuant to Title 17 Section 105 of the United States Code, this file is not subject to copyright protection and is in the public domain.</dc:rights>
    <dc:contributor>Congressional Research Service, Library of Congress</dc:contributor>
    <dc:description>This file contains bill summaries and statuses for federal legislation. A bill summary describes the most significant provisions of a piece of legislation and details the effects the legislative text may have on current law and federal programs. Bill summaries are authored by the Congressional Research Service (CRS) of the Library of Congress. As stated in Public Law 91-510 (2 USC 166 (d)(6)), one of the duties of CRS is "to prepare summaries and digests of bills and resolutions of a public general nature introduced in the Senate or House of Representatives". For more information, refer to the User Guide that accompanies this file.</dc:description>
  </dublinCore>
</billStatus>

