<?xml version="1.0" encoding="UTF-8"?>
<billStatus>
  <bill>
    <policyArea>
      <name>Environmental Protection</name>
    </policyArea>
    <introducedDate>2017-03-30</introducedDate>
    <cosponsors>
      <item>
        <lastName>Cornyn</lastName>
        <sponsorshipDate>2017-03-30</sponsorshipDate>
        <party>R</party>
        <state>TX</state>
        <bioguideId>C001056</bioguideId>
        <middleName />
        <sponsorshipWithdrawnDate />
        <fullName>Sen. Cornyn, John [R-TX]</fullName>
        <firstName>John</firstName>
        <isOriginalCosponsor>True</isOriginalCosponsor>
        <identifiers>
          <lisID>1692</lisID>
          <bioguideId>C001056</bioguideId>
          <gpoId>8295</gpoId>
        </identifiers>
      </item>
      <item>
        <lastName>Cotton</lastName>
        <sponsorshipDate>2017-03-30</sponsorshipDate>
        <party>R</party>
        <state>AR</state>
        <bioguideId>C001095</bioguideId>
        <middleName />
        <sponsorshipWithdrawnDate />
        <fullName>Sen. Cotton, Tom [R-AR]</fullName>
        <firstName>Tom</firstName>
        <isOriginalCosponsor>True</isOriginalCosponsor>
        <identifiers>
          <bioguideId>C001095</bioguideId>
          <lisID>2098</lisID>
          <gpoId />
        </identifiers>
      </item>
      <item>
        <lastName>Boozman</lastName>
        <sponsorshipDate>2017-03-30</sponsorshipDate>
        <party>R</party>
        <state>AR</state>
        <bioguideId>B001236</bioguideId>
        <middleName />
        <sponsorshipWithdrawnDate />
        <fullName>Sen. Boozman, John [R-AR]</fullName>
        <firstName>John</firstName>
        <isOriginalCosponsor>True</isOriginalCosponsor>
        <identifiers>
          <lisID>1687</lisID>
          <gpoId>8247</gpoId>
          <bioguideId>B001236</bioguideId>
        </identifiers>
      </item>
    </cosponsors>
    <congress>115</congress>
    <recordedVotes />
    <amendments />
    <laws />
    <cboCostEstimates />
    <actions>
      <actionByCounts>
        <senate>2</senate>
      </actionByCounts>
      <item>
        <actionDate>2017-03-30</actionDate>
        <committee>
          <name>Environment and Public Works Committee</name>
          <systemCode>ssev00</systemCode>
        </committee>
        <links />
        <sourceSystem>
          <name>Senate</name>
          <code>0</code>
        </sourceSystem>
        <text>Read twice and referred to the Committee on Environment and Public Works.</text>
        <type>IntroReferral</type>
      </item>
      <item>
        <text>Introduced in Senate</text>
        <type>IntroReferral</type>
        <sourceSystem>
          <name>Library of Congress</name>
          <code>9</code>
        </sourceSystem>
        <committee />
        <actionCode>10000</actionCode>
        <actionDate>2017-03-30</actionDate>
        <links />
      </item>
      <actionTypeCounts>
        <referredToCommittee>1</referredToCommittee>
        <introducedInSenate>1</introducedInSenate>
      </actionTypeCounts>
    </actions>
    <latestAction>
      <text>Read twice and referred to the Committee on Environment and Public Works.</text>
      <actionDate>2017-03-30</actionDate>
      <links />
    </latestAction>
    <titles>
      <item>
        <chamberCode />
        <title>Public Water Supply Invasive Species Compliance Act of 2017</title>
        <titleType>(Extracted from GPO) Short Titles as Introduced</titleType>
        <parentTitleType />
        <chamberName />
      </item>
      <item>
        <chamberCode />
        <title>Public Water Supply Invasive Species Compliance Act of 2017</title>
        <titleType>Short Titles as Introduced</titleType>
        <parentTitleType />
        <chamberName />
      </item>
      <item>
        <chamberCode />
        <title>A bill to exempt from the Lacey Act and the Lacey Act Amendments of 1981 certain water transfers between any of the States of Texas, Arkansas, and Louisiana.</title>
        <titleType>Official Title as Introduced</titleType>
        <parentTitleType />
        <chamberName />
      </item>
      <item>
        <chamberCode />
        <title>Public Water Supply Invasive Species Compliance Act of 2017</title>
        <titleType>Display Title</titleType>
        <parentTitleType />
        <chamberName />
      </item>
    </titles>
    <summaries>
      <billSummaries>
        <item>
          <versionCode>00</versionCode>
          <updateDate>2017-03-30T04:00:00Z</updateDate>
          <actionDate>2017-03-30</actionDate>
          <text><![CDATA[<p><b>Public Water Supply Invasive Species Compliance Act of 2017</b></p> <p>This bill amends the Lacey Act and the Lacey Act Amendments of 1981 by exempting certain water transfers between public water supplies located on, along, or across the boundaries of Texas, Arkansas, and Louisiana from prohibitions on illegal trade of plants and wildlife. Specifically, the prohibitions do not apply to covered water transfers containing a prohibited species if: (1) the species are present in both public water supplies before the transfer and the water is transferred directly between them; or (2) the water is transferred in a closed conveyance system (a closed system that collects, contains, and transports the flow of water, such as pipe systems) and sent directly to treatment facilities where the species will be destroyed.</p>]]></text>
          <actionDesc>Introduced in Senate</actionDesc>
          <lastSummaryUpdateDate>2017-04-14T21:18:03Z</lastSummaryUpdateDate>
          <name>Introduced in Senate</name>
        </item>
      </billSummaries>
    </summaries>
    <title>Public Water Supply Invasive Species Compliance Act of 2017</title>
    <calendarNumbers />
    <originChamber>Senate</originChamber>
    <updateDate>2018-02-06T16:45:10Z</updateDate>
    <notes />
    <billType>S</billType>
    <committees>
      <billCommittees>
        <item>
          <chamber>Senate</chamber>
          <subcommittees />
          <systemCode>ssev00</systemCode>
          <name>Environment and Public Works Committee</name>
          <activities>
            <item>
              <name>Referred to</name>
              <date>2017-03-30T19:54:45Z</date>
            </item>
          </activities>
          <type>Standing</type>
        </item>
      </billCommittees>
    </committees>
    <relatedBills>
      <item>
        <latestTitle>Public Water Supply Invasive Species Compliance Act of 2017</latestTitle>
        <number>1807</number>
        <congress>115</congress>
        <latestAction>
          <actionDate>2017-08-25</actionDate>
          <text>Placed on the Union Calendar, Calendar No. 198.</text>
        </latestAction>
        <type>HR</type>
        <relationshipDetails>
          <item>
            <type>Identical bill</type>
            <identifiedBy>CRS</identifiedBy>
          </item>
        </relationshipDetails>
      </item>
    </relatedBills>
    <committeeReports />
    <billNumber>789</billNumber>
    <sponsors>
      <item>
        <byRequestType />
        <state>TX</state>
        <bioguideId>C001098</bioguideId>
        <identifiers>
          <bioguideId>C001098</bioguideId>
          <lisID>2175</lisID>
          <gpoId />
        </identifiers>
        <fullName>Sen. Cruz, Ted [R-TX]</fullName>
        <lastName>Cruz</lastName>
        <firstName>Ted</firstName>
        <middleName />
        <party>R</party>
      </item>
    </sponsors>
    <createDate>2017-03-31T05:07:22Z</createDate>
    <version>1.0.0</version>
    <subjects>
      <billSubjects>
        <legislativeSubjects>
          <item>
            <name>Aquatic ecology</name>
          </item>
          <item>
            <name>Arkansas</name>
          </item>
          <item>
            <name>Crimes against animals and natural resources</name>
          </item>
          <item>
            <name>Louisiana</name>
          </item>
          <item>
            <name>Texas</name>
          </item>
          <item>
            <name>Trade restrictions</name>
          </item>
          <item>
            <name>Water use and supply</name>
          </item>
          <item>
            <name>Wildlife conservation and habitat protection</name>
          </item>
        </legislativeSubjects>
        <policyArea>
          <name>Environmental Protection</name>
        </policyArea>
      </billSubjects>
    </subjects>
  </bill>
  <dublinCore xmlns:dc="http://purl.org/dc/elements/1.1/">
    <dc:format>text/xml</dc:format>
    <dc:language>EN</dc:language>
    <dc:rights>Pursuant to Title 17 Section 105 of the United States Code, this file is not subject to copyright protection and is in the public domain.</dc:rights>
    <dc:contributor>Congressional Research Service, Library of Congress</dc:contributor>
    <dc:description>This file contains bill summaries and statuses for federal legislation. A bill summary describes the most significant provisions of a piece of legislation and details the effects the legislative text may have on current law and federal programs. Bill summaries are authored by the Congressional Research Service (CRS) of the Library of Congress. As stated in Public Law 91-510 (2 USC 166 (d)(6)), one of the duties of CRS is "to prepare summaries and digests of bills and resolutions of a public general nature introduced in the Senate or House of Representatives". For more information, refer to the User Guide that accompanies this file.</dc:description>
  </dublinCore>
</billStatus>

