<?xml version="1.0" encoding="UTF-8"?>
<billStatus>
  <bill>
    <cosponsors>
      <item>
        <isOriginalCosponsor>True</isOriginalCosponsor>
        <fullName>Sen. McCaskill, Claire [D-MO]</fullName>
        <middleName />
        <state>MO</state>
        <sponsorshipDate>2017-03-07</sponsorshipDate>
        <firstName>Claire</firstName>
        <bioguideId>M001170</bioguideId>
        <party>D</party>
        <lastName>McCaskill</lastName>
        <sponsorshipWithdrawnDate />
        <identifiers>
          <bioguideId>M001170</bioguideId>
          <lisID>1820</lisID>
          <gpoId>8252</gpoId>
        </identifiers>
      </item>
      <item>
        <isOriginalCosponsor>True</isOriginalCosponsor>
        <fullName>Sen. Bennet, Michael F. [D-CO]</fullName>
        <middleName>F.</middleName>
        <state>CO</state>
        <sponsorshipDate>2017-03-07</sponsorshipDate>
        <firstName>Michael</firstName>
        <bioguideId>B001267</bioguideId>
        <party>D</party>
        <lastName>Bennet</lastName>
        <sponsorshipWithdrawnDate />
        <identifiers>
          <bioguideId>B001267</bioguideId>
          <lisID>1965</lisID>
          <gpoId>8302</gpoId>
        </identifiers>
      </item>
      <item>
        <isOriginalCosponsor>False</isOriginalCosponsor>
        <fullName>Sen. Manchin, Joe, III [D-WV]</fullName>
        <middleName />
        <state>WV</state>
        <sponsorshipDate>2017-03-08</sponsorshipDate>
        <firstName>Joe</firstName>
        <bioguideId>M001183</bioguideId>
        <party>D</party>
        <lastName>Manchin</lastName>
        <sponsorshipWithdrawnDate />
        <identifiers>
          <lisID>1983</lisID>
          <bioguideId>M001183</bioguideId>
          <gpoId>8256</gpoId>
        </identifiers>
      </item>
      <item>
        <isOriginalCosponsor>False</isOriginalCosponsor>
        <fullName>Sen. Murray, Patty [D-WA]</fullName>
        <middleName />
        <state>WA</state>
        <sponsorshipDate>2017-03-09</sponsorshipDate>
        <firstName>PATTY</firstName>
        <bioguideId>M001111</bioguideId>
        <party>D</party>
        <lastName>MURRAY</lastName>
        <sponsorshipWithdrawnDate />
        <identifiers>
          <bioguideId>M001111</bioguideId>
          <lisID>1409</lisID>
          <gpoId>8237</gpoId>
        </identifiers>
      </item>
      <item>
        <isOriginalCosponsor>False</isOriginalCosponsor>
        <fullName>Sen. Baldwin, Tammy [D-WI]</fullName>
        <middleName />
        <state>WI</state>
        <sponsorshipDate>2017-03-09</sponsorshipDate>
        <firstName>TAMMY</firstName>
        <bioguideId>B001230</bioguideId>
        <party>D</party>
        <lastName>BALDWIN</lastName>
        <sponsorshipWithdrawnDate />
        <identifiers>
          <lisID>1558</lisID>
          <bioguideId>B001230</bioguideId>
          <gpoId>8215</gpoId>
        </identifiers>
      </item>
      <item>
        <isOriginalCosponsor>False</isOriginalCosponsor>
        <fullName>Sen. Blumenthal, Richard [D-CT]</fullName>
        <middleName />
        <state>CT</state>
        <sponsorshipDate>2017-06-08</sponsorshipDate>
        <firstName>Richard</firstName>
        <bioguideId>B001277</bioguideId>
        <party>D</party>
        <lastName>Blumenthal</lastName>
        <sponsorshipWithdrawnDate />
        <identifiers>
          <lisID>2076</lisID>
          <bioguideId>B001277</bioguideId>
          <gpoId>8332</gpoId>
        </identifiers>
      </item>
    </cosponsors>
    <congress>115</congress>
    <committees>
      <billCommittees>
        <item>
          <chamber>Senate</chamber>
          <subcommittees />
          <type>Standing</type>
          <activities>
            <item>
              <date>2017-05-17T18:30:10Z</date>
              <name>Hearings by</name>
            </item>
            <item>
              <date>2017-03-07T21:20:50Z</date>
              <name>Referred to</name>
            </item>
          </activities>
          <systemCode>ssva00</systemCode>
          <name>Veterans' Affairs Committee</name>
        </item>
      </billCommittees>
    </committees>
    <laws />
    <titles>
      <item>
        <chamberCode />
        <title>Performance Accountability and Contractor Transparency Act of 2017</title>
        <titleType>(Extracted from GPO) Short Titles as Introduced</titleType>
        <parentTitleType />
        <chamberName />
      </item>
      <item>
        <chamberCode />
        <title>Performance Accountability and Contractor Transparency Act of 2017</title>
        <titleType>Short Titles as Introduced</titleType>
        <parentTitleType />
        <chamberName />
      </item>
      <item>
        <chamberCode />
        <title>A bill to amend title 38, United States Code, to require the Secretary of Veterans Affairs to include in each contract into which the Secretary enters for necessary services authorities and mechanism for appropriate oversight, and for other purposes.</title>
        <titleType>Official Title as Introduced</titleType>
        <parentTitleType />
        <chamberName />
      </item>
      <item>
        <chamberCode />
        <title>Performance Accountability and Contractor Transparency Act of 2017</title>
        <titleType>Display Title</titleType>
        <parentTitleType />
        <chamberName />
      </item>
    </titles>
    <billType>S</billType>
    <amendments />
    <recordedVotes />
    <actions>
      <item>
        <actionDate>2017-05-17</actionDate>
        <committee>
          <systemCode>ssva00</systemCode>
          <name>Veterans' Affairs Committee</name>
        </committee>
        <links />
        <sourceSystem>
          <name>Senate</name>
          <code>0</code>
        </sourceSystem>
        <text>Committee on Veterans' Affairs. Hearings held.</text>
        <type>Committee</type>
      </item>
      <item>
        <actionDate>2017-03-07</actionDate>
        <committee>
          <systemCode>ssva00</systemCode>
          <name>Veterans' Affairs Committee</name>
        </committee>
        <links />
        <sourceSystem>
          <name>Senate</name>
          <code>0</code>
        </sourceSystem>
        <text>Read twice and referred to the Committee on Veterans' Affairs.</text>
        <type>IntroReferral</type>
      </item>
      <item>
        <sourceSystem>
          <name>Library of Congress</name>
          <code>9</code>
        </sourceSystem>
        <actionDate>2017-03-07</actionDate>
        <links />
        <text>Introduced in Senate</text>
        <committee />
        <actionCode>10000</actionCode>
        <type>IntroReferral</type>
      </item>
      <actionByCounts>
        <senate>3</senate>
      </actionByCounts>
      <actionTypeCounts>
        <hearingsHeld>1</hearingsHeld>
        <referredToCommittee>1</referredToCommittee>
        <introducedInSenate>1</introducedInSenate>
      </actionTypeCounts>
    </actions>
    <introducedDate>2017-03-07</introducedDate>
    <relatedBills />
    <committeeReports />
    <calendarNumbers />
    <billNumber>543</billNumber>
    <summaries>
      <billSummaries>
        <item>
          <text><![CDATA[<p><strong>Performance Accountability and Contractor Transparency Act of 2017</strong></p> <p>This bill requires the Department of Veterans Affairs (VA) to ensure that each VA contract for services includes:</p> <ul> <li>measurable metrics on the cost, schedule, and fulfillment of contract requirements;</li> <li>a plan of action and milestones for the provision of the service, including a description of the resources the provider will assign to provide the service;</li> <li>safeguards, including authority to levy financial penalties, to ensure that the service provided meets a minimum threshold of quality; and </li> <li>measurable metrics on the use of award or incentive fees. </li> </ul> <p>In each case of a contract that would result in the VA incurring an obligation exceeding $100 million, the VA must:</p> <ul> <li> ensure that the contract requires the service provider to document its work through VA information technology systems so that the VA can review and validate the quality of the service provided using the metrics set forth in the contract;</li> <li>use the appropriate VA project management accountability system to ensure that the contract provides an adequate return on investment;</li> <li> report on any failure of the service provider to meet contractual obligations, the effect of such failure, and the actions taken by the VA and by the contractor to address it;</li> <li> report the details of any modifications made to the contract and a justification for such modifications; and </li> <li> publish information about the contract and any modifications on its website.</li> </ul>]]></text>
          <name>Introduced in Senate</name>
          <lastSummaryUpdateDate>2017-08-19T12:38:58Z</lastSummaryUpdateDate>
          <versionCode>00</versionCode>
          <actionDesc>Introduced in Senate</actionDesc>
          <updateDate>2017-03-07T05:00:00Z</updateDate>
          <actionDate>2017-03-07</actionDate>
        </item>
      </billSummaries>
    </summaries>
    <cboCostEstimates />
    <updateDate>2018-02-06T16:44:55Z</updateDate>
    <policyArea>
      <name>Armed Forces and National Security</name>
    </policyArea>
    <latestAction>
      <text>Committee on Veterans' Affairs. Hearings held.</text>
      <actionDate>2017-05-17</actionDate>
      <links />
    </latestAction>
    <subjects>
      <billSubjects>
        <legislativeSubjects>
          <item>
            <name>Congressional oversight</name>
          </item>
          <item>
            <name>Department of Veterans Affairs</name>
          </item>
          <item>
            <name>Government information and archives</name>
          </item>
          <item>
            <name>Performance measurement</name>
          </item>
          <item>
            <name>Public contracts and procurement</name>
          </item>
        </legislativeSubjects>
        <policyArea>
          <name>Armed Forces and National Security</name>
        </policyArea>
      </billSubjects>
    </subjects>
    <title>Performance Accountability and Contractor Transparency Act of 2017</title>
    <version>1.0.0</version>
    <sponsors>
      <item>
        <byRequestType />
        <party>D</party>
        <fullName>Sen. Tester, Jon [D-MT]</fullName>
        <bioguideId>T000464</bioguideId>
        <state>MT</state>
        <lastName>Tester</lastName>
        <middleName />
        <firstName>Jon</firstName>
        <identifiers>
          <lisID>1829</lisID>
          <gpoId>8258</gpoId>
          <bioguideId>T000464</bioguideId>
        </identifiers>
      </item>
    </sponsors>
    <notes />
    <createDate>2017-03-08T05:28:21Z</createDate>
    <originChamber>Senate</originChamber>
  </bill>
  <dublinCore xmlns:dc="http://purl.org/dc/elements/1.1/">
    <dc:format>text/xml</dc:format>
    <dc:language>EN</dc:language>
    <dc:rights>Pursuant to Title 17 Section 105 of the United States Code, this file is not subject to copyright protection and is in the public domain.</dc:rights>
    <dc:contributor>Congressional Research Service, Library of Congress</dc:contributor>
    <dc:description>This file contains bill summaries and statuses for federal legislation. A bill summary describes the most significant provisions of a piece of legislation and details the effects the legislative text may have on current law and federal programs. Bill summaries are authored by the Congressional Research Service (CRS) of the Library of Congress. As stated in Public Law 91-510 (2 USC 166 (d)(6)), one of the duties of CRS is "to prepare summaries and digests of bills and resolutions of a public general nature introduced in the Senate or House of Representatives". For more information, refer to the User Guide that accompanies this file.</dc:description>
  </dublinCore>
</billStatus>

