<?xml version="1.0" encoding="UTF-8"?>
<billStatus>
  <bill>
    <relatedBills>
      <item>
        <number>3280</number>
        <type>HR</type>
        <latestAction>
          <text>Placed on the Union Calendar, Calendar No. 167.</text>
          <actionDate>2017-07-18</actionDate>
        </latestAction>
        <congress>115</congress>
        <latestTitle>Financial Services and General Government Appropriations Act, 2018</latestTitle>
        <relationshipDetails>
          <item>
            <identifiedBy>CRS</identifiedBy>
            <type>Related bill</type>
          </item>
        </relationshipDetails>
      </item>
      <item>
        <number>10</number>
        <type>HR</type>
        <latestAction>
          <text>Committee on Banking, Housing, and Urban Affairs. Hearings held. Hearings printed: S.Hrg. 115-108.</text>
          <actionDate>2017-07-13</actionDate>
        </latestAction>
        <congress>115</congress>
        <latestTitle>Financial CHOICE Act of 2017</latestTitle>
        <relationshipDetails>
          <item>
            <identifiedBy>CRS</identifiedBy>
            <type>Related bill</type>
          </item>
        </relationshipDetails>
      </item>
      <item>
        <number>3354</number>
        <type>HR</type>
        <latestAction>
          <text>Read the second time. Placed on Senate Legislative Calendar under General Orders. Calendar No. 230.</text>
          <actionDate>2017-09-27</actionDate>
        </latestAction>
        <congress>115</congress>
        <latestTitle>Interior and Environment, Agriculture and Rural Development, Commerce, Justice, Science, Financial Services and General Government, Homeland Security, Labor, Health and Human Services, Education, State and Foreign Operations, Transportation, Housing and Urban Development, Defense, Military Construction and Veterans Affairs, Legislative Branch, and Energy and Water Development Appropriations Act, 2018</latestTitle>
        <relationshipDetails>
          <item>
            <identifiedBy>CRS</identifiedBy>
            <type>Identical bill</type>
          </item>
        </relationshipDetails>
      </item>
      <item>
        <number>1312</number>
        <type>HR</type>
        <latestAction>
          <text>Received in the Senate and Read twice and referred to the Committee on Banking, Housing, and Urban Affairs.</text>
          <actionDate>2017-05-02</actionDate>
        </latestAction>
        <congress>115</congress>
        <latestTitle>Small Business Capital Formation Enhancement Act</latestTitle>
        <relationshipDetails>
          <item>
            <identifiedBy>CRS</identifiedBy>
            <type>Identical bill</type>
          </item>
        </relationshipDetails>
      </item>
    </relatedBills>
    <originChamber>Senate</originChamber>
    <recordedVotes />
    <latestAction>
      <text>Held at the desk.</text>
      <links />
      <actionDate>2017-09-12</actionDate>
      <actionTime>19:59:28</actionTime>
    </latestAction>
    <createDate>2017-02-17T09:06:58Z</createDate>
    <title>Small Business Capital Formation Enhancement Act</title>
    <summaries>
      <billSummaries>
        <item>
          <updateDate>2017-02-16T05:00:00Z</updateDate>
          <actionDesc>Introduced in Senate</actionDesc>
          <versionCode>00</versionCode>
          <name>Introduced in Senate</name>
          <text><![CDATA[<p><b>Small Business Capital Formation Enhancement Act</b></p> <p>This bill amends the Small Business Investment Incentive Act of 1980 with respect to the annual government-business forum of the Securities and Exchange Commission (SEC) to review the current status of problems and programs relating to small business capital formation.</p> <p>The SEC shall review each of the forum's findings and recommendations and issue a public statement promptly assessing it and disclosing the action, if any, the SEC intends to take with respect to it.</p>]]></text>
          <lastSummaryUpdateDate>2017-04-15T16:21:03Z</lastSummaryUpdateDate>
          <actionDate>2017-02-16</actionDate>
        </item>
        <item>
          <updateDate>2017-09-11T12:27:14Z</updateDate>
          <actionDesc>Passed Senate without amendment</actionDesc>
          <versionCode>82</versionCode>
          <name>Passed Senate without amendment</name>
          <text><![CDATA[<p>(This measure has not been amended since it was introduced. The summary has been expanded because action occurred on the measure.)</p> <p><b>Small Business Capital Formation Enhancement Act</b></p> <p>(Sec. 2) This bill amends the Small Business Investment Incentive Act of 1980 with respect to the annual government-business forum of the Securities and Exchange Commission (SEC) to review the current status of problems and programs relating to small business capital formation.</p> <p>The SEC shall review each of the forum's findings and recommendations and issue a public statement promptly assessing it and disclosing the action, if any, the SEC intends to take with respect to it.</p>]]></text>
          <lastSummaryUpdateDate>2017-09-14T21:49:16Z</lastSummaryUpdateDate>
          <actionDate>2017-09-11</actionDate>
        </item>
      </billSummaries>
    </summaries>
    <actions>
      <actionByCounts>
        <senate>10</senate>
        <houseOfRepresentatives>2</houseOfRepresentatives>
      </actionByCounts>
      <actionTypeCounts>
        <receivedInTheHouse>1</receivedInTheHouse>
        <passedAgreedToInSenate>1</passedAgreedToInSenate>
        <committeeDischarged>2</committeeDischarged>
        <sentToHouse>1</sentToHouse>
        <senateCommitteeDischarged>2</senateCommitteeDischarged>
        <passedSenate>1</passedSenate>
        <referredToCommittee>2</referredToCommittee>
        <heldAtTheDesk>1</heldAtTheDesk>
        <introducedInSenate>1</introducedInSenate>
      </actionTypeCounts>
      <item>
        <sourceSystem>
          <name>House floor actions</name>
          <code>2</code>
        </sourceSystem>
        <actionDate>2017-09-12</actionDate>
        <text>Held at the desk.</text>
        <type>Floor</type>
        <links />
        <committee />
        <actionCode>H15000</actionCode>
        <actionTime>19:59:28</actionTime>
      </item>
      <item>
        <actionDate>2017-09-12</actionDate>
        <committee />
        <links />
        <sourceSystem>
          <name>Senate</name>
          <code>0</code>
        </sourceSystem>
        <text>Message on Senate action sent to the House.</text>
        <type>Floor</type>
      </item>
      <item>
        <sourceSystem>
          <name>House floor actions</name>
          <code>2</code>
        </sourceSystem>
        <actionDate>2017-09-12</actionDate>
        <text>Received in the House.</text>
        <type>Floor</type>
        <links />
        <committee />
        <actionCode>H14000</actionCode>
        <actionTime>17:06:15</actionTime>
      </item>
      <item>
        <actionDate>2017-09-11</actionDate>
        <committee />
        <links>
          <link>
            <name>S 5166</name>
            <url>https://www.congress.gov/bill/115th-congress/senate-bill/5166</url>
          </link>
        </links>
        <sourceSystem>
          <name>Senate</name>
          <code>0</code>
        </sourceSystem>
        <text>Passed Senate without amendment by Unanimous Consent. (text: CR S 5166)</text>
        <type>Floor</type>
      </item>
      <item>
        <sourceSystem>
          <name>Library of Congress</name>
          <code>9</code>
        </sourceSystem>
        <actionDate>2017-09-11</actionDate>
        <text>Passed/agreed to in Senate: Passed Senate without amendment by Unanimous Consent.</text>
        <type>Floor</type>
        <links />
        <committee />
        <actionCode>17000</actionCode>
      </item>
      <item>
        <actionDate>2017-09-11</actionDate>
        <committee>
          <systemCode>ssbk00</systemCode>
          <name>Banking, Housing, and Urban Affairs Committee</name>
        </committee>
        <links>
          <link>
            <name>S5166</name>
            <url>https://www.congress.gov/congressional-record/volume-163/senate-section/page/S5166</url>
          </link>
        </links>
        <sourceSystem>
          <name>Senate</name>
          <code>0</code>
        </sourceSystem>
        <text>Senate Committee on Banking, Housing, and Urban Affairs discharged by Unanimous Consent. (consideration: CR S5166)</text>
        <type>Discharge</type>
      </item>
      <item>
        <sourceSystem>
          <name>Library of Congress</name>
          <code>9</code>
        </sourceSystem>
        <actionDate>2017-09-11</actionDate>
        <text>Senate Committee on Banking, Housing, and Urban Affairs discharged by Unanimous Consent.</text>
        <type>Committee</type>
        <links />
        <committee>
          <systemCode>ssbk00</systemCode>
          <name>Banking, Housing, and Urban Affairs Committee</name>
        </committee>
        <actionCode>14500</actionCode>
      </item>
      <item>
        <actionDate>2017-03-07</actionDate>
        <committee>
          <systemCode>ssbk00</systemCode>
          <name>Banking, Housing, and Urban Affairs Committee</name>
        </committee>
        <links />
        <sourceSystem>
          <name>Senate</name>
          <code>0</code>
        </sourceSystem>
        <text>Referred to the Committee on Banking, Housing, and Urban Affairs.</text>
        <type>IntroReferral</type>
      </item>
      <item>
        <actionDate>2017-03-07</actionDate>
        <committee>
          <systemCode>sssb00</systemCode>
          <name>Small Business and Entrepreneurship Committee</name>
        </committee>
        <links />
        <sourceSystem>
          <name>Senate</name>
          <code>0</code>
        </sourceSystem>
        <text>Senate Committee on Small Business and Entrepreneurship discharged by Unanimous Consent.</text>
        <type>Discharge</type>
      </item>
      <item>
        <sourceSystem>
          <name>Library of Congress</name>
          <code>9</code>
        </sourceSystem>
        <actionDate>2017-03-07</actionDate>
        <text>Senate Committee on Small Business and Entrepreneurship discharged by Unanimous Consent.</text>
        <type>Committee</type>
        <links />
        <committee>
          <systemCode>sssb00</systemCode>
          <name>Small Business and Entrepreneurship Committee</name>
        </committee>
        <actionCode>14500</actionCode>
      </item>
      <item>
        <actionDate>2017-02-16</actionDate>
        <committee>
          <systemCode>sssb00</systemCode>
          <name>Small Business and Entrepreneurship Committee</name>
        </committee>
        <links />
        <sourceSystem>
          <name>Senate</name>
          <code>0</code>
        </sourceSystem>
        <text>Read twice and referred to the Committee on Small Business and Entrepreneurship.</text>
        <type>IntroReferral</type>
      </item>
      <item>
        <sourceSystem>
          <name>Library of Congress</name>
          <code>9</code>
        </sourceSystem>
        <actionDate>2017-02-16</actionDate>
        <text>Introduced in Senate</text>
        <type>IntroReferral</type>
        <links />
        <committee />
        <actionCode>10000</actionCode>
      </item>
    </actions>
    <updateDate>2018-02-06T16:44:47Z</updateDate>
    <amendments />
    <notes />
    <sponsors>
      <item>
        <bioguideId>D000607</bioguideId>
        <middleName />
        <byRequestType />
        <firstName>Joe</firstName>
        <lastName>Donnelly</lastName>
        <state>IN</state>
        <party>D</party>
        <identifiers>
          <lisID>1850</lisID>
          <bioguideId>D000607</bioguideId>
          <gpoId>7941</gpoId>
        </identifiers>
        <fullName>Sen. Donnelly, Joe [D-IN]</fullName>
      </item>
    </sponsors>
    <committees>
      <billCommittees>
        <item>
          <name>Banking, Housing, and Urban Affairs Committee</name>
          <chamber>Senate</chamber>
          <type>Standing</type>
          <subcommittees />
          <systemCode>ssbk00</systemCode>
          <activities>
            <item>
              <name>Discharged from</name>
              <date>2017-09-11T23:48:02Z</date>
            </item>
            <item>
              <name>Referred to</name>
              <date>2017-03-07T20:46:41Z</date>
            </item>
          </activities>
        </item>
        <item>
          <name>Small Business and Entrepreneurship Committee</name>
          <chamber>Senate</chamber>
          <type>Standing</type>
          <subcommittees />
          <systemCode>sssb00</systemCode>
          <activities>
            <item>
              <name>Discharged from</name>
              <date>2017-03-07T20:45:50Z</date>
            </item>
            <item>
              <name>Referred to</name>
              <date>2017-02-16T20:12:17Z</date>
            </item>
          </activities>
        </item>
      </billCommittees>
    </committees>
    <cosponsors>
      <item>
        <isOriginalCosponsor>True</isOriginalCosponsor>
        <fullName>Sen. Tillis, Thom [R-NC]</fullName>
        <firstName>Thomas</firstName>
        <identifiers>
          <lisID>2291</lisID>
          <bioguideId>T000476</bioguideId>
          <gpoId />
        </identifiers>
        <party>R</party>
        <sponsorshipDate>2017-02-16</sponsorshipDate>
        <lastName>Tillis</lastName>
        <bioguideId>T000476</bioguideId>
        <state>NC</state>
        <middleName>Roland</middleName>
        <sponsorshipWithdrawnDate />
      </item>
    </cosponsors>
    <laws />
    <policyArea>
      <name>Commerce</name>
    </policyArea>
    <cboCostEstimates />
    <billNumber>416</billNumber>
    <congress>115</congress>
    <version>1.0.0</version>
    <introducedDate>2017-02-16</introducedDate>
    <committeeReports />
    <titles>
      <item>
        <titleType>Short Titles as Passed Senate</titleType>
        <title>Small Business Capital Formation Enhancement Act</title>
        <chamberCode>S</chamberCode>
        <parentTitleType>Short Titles Senate</parentTitleType>
        <chamberName>Senate</chamberName>
      </item>
      <item>
        <titleType>Short Titles as Introduced</titleType>
        <title>Small Business Capital Formation Enhancement Act</title>
        <chamberCode />
        <parentTitleType />
        <chamberName />
      </item>
      <item>
        <titleType>Official Title as Introduced</titleType>
        <title>A bill to amend the Small Business Investment Incentive Act of 1980 to require an annual review by the Securities and Exchange Commission of the annual government-business forum on capital formation.</title>
        <chamberCode />
        <parentTitleType />
        <chamberName />
      </item>
      <item>
        <titleType>Display Title</titleType>
        <title>Small Business Capital Formation Enhancement Act</title>
        <chamberCode />
        <parentTitleType />
        <chamberName />
      </item>
      <item>
        <titleType>(Extracted from GPO) Short Titles as Passed Senate</titleType>
        <title>Small Business Capital Formation Enhancement Act</title>
        <chamberCode>S</chamberCode>
        <parentTitleType />
        <chamberName>Senate</chamberName>
      </item>
      <item>
        <titleType>(Extracted from GPO) Short Titles as Introduced</titleType>
        <title>Small Business Capital Formation Enhancement Act</title>
        <chamberCode />
        <parentTitleType />
        <chamberName />
      </item>
    </titles>
    <calendarNumbers />
    <subjects>
      <billSubjects>
        <legislativeSubjects>
          <item>
            <name>Business investment and capital</name>
          </item>
          <item>
            <name>Government studies and investigations</name>
          </item>
          <item>
            <name>Securities and Exchange Commission (SEC)</name>
          </item>
          <item>
            <name>Small business</name>
          </item>
        </legislativeSubjects>
        <policyArea>
          <name>Commerce</name>
        </policyArea>
      </billSubjects>
    </subjects>
    <billType>S</billType>
  </bill>
  <dublinCore xmlns:dc="http://purl.org/dc/elements/1.1/">
    <dc:format>text/xml</dc:format>
    <dc:language>EN</dc:language>
    <dc:rights>Pursuant to Title 17 Section 105 of the United States Code, this file is not subject to copyright protection and is in the public domain.</dc:rights>
    <dc:contributor>Congressional Research Service, Library of Congress</dc:contributor>
    <dc:description>This file contains bill summaries and statuses for federal legislation. A bill summary describes the most significant provisions of a piece of legislation and details the effects the legislative text may have on current law and federal programs. Bill summaries are authored by the Congressional Research Service (CRS) of the Library of Congress. As stated in Public Law 91-510 (2 USC 166 (d)(6)), one of the duties of CRS is "to prepare summaries and digests of bills and resolutions of a public general nature introduced in the Senate or House of Representatives". For more information, refer to the User Guide that accompanies this file.</dc:description>
  </dublinCore>
</billStatus>

