<?xml version="1.0" encoding="UTF-8"?>
<billStatus>
  <bill>
    <policyArea>
      <name>Law</name>
    </policyArea>
    <introducedDate>2017-02-02</introducedDate>
    <cosponsors>
      <item>
        <state>AK</state>
        <identifiers>
          <lisID>2290</lisID>
          <gpoId />
          <bioguideId>S001198</bioguideId>
        </identifiers>
        <bioguideId>S001198</bioguideId>
        <sponsorshipDate>2017-02-02</sponsorshipDate>
        <lastName>Sullivan</lastName>
        <fullName>Sen. Sullivan, Dan  [R-AK]</fullName>
        <firstName>Dan</firstName>
        <party>R</party>
        <middleName />
        <isOriginalCosponsor>True</isOriginalCosponsor>
        <sponsorshipWithdrawnDate />
      </item>
      <item>
        <state>AK</state>
        <identifiers>
          <lisID>1694</lisID>
          <gpoId>8234</gpoId>
          <bioguideId>M001153</bioguideId>
        </identifiers>
        <bioguideId>M001153</bioguideId>
        <sponsorshipDate>2017-02-02</sponsorshipDate>
        <lastName>Murkowski</lastName>
        <fullName>Sen. Murkowski, Lisa [R-AK]</fullName>
        <firstName>Lisa</firstName>
        <party>R</party>
        <middleName />
        <isOriginalCosponsor>True</isOriginalCosponsor>
        <sponsorshipWithdrawnDate />
      </item>
    </cosponsors>
    <congress>115</congress>
    <recordedVotes />
    <amendments />
    <laws />
    <cboCostEstimates />
    <actions>
      <item>
        <actionDate>2017-02-02</actionDate>
        <committee>
          <systemCode>ssju00</systemCode>
          <name>Judiciary Committee</name>
        </committee>
        <links />
        <sourceSystem>
          <code>0</code>
          <name>Senate</name>
        </sourceSystem>
        <text>Read twice and referred to the Committee on the Judiciary.</text>
        <type>IntroReferral</type>
      </item>
      <item>
        <committee />
        <sourceSystem>
          <code>9</code>
          <name>Library of Congress</name>
        </sourceSystem>
        <actionDate>2017-02-02</actionDate>
        <text>Introduced in Senate</text>
        <links />
        <type>IntroReferral</type>
        <actionCode>10000</actionCode>
      </item>
      <actionByCounts>
        <senate>2</senate>
      </actionByCounts>
      <actionTypeCounts>
        <referredToCommittee>1</referredToCommittee>
        <introducedInSenate>1</introducedInSenate>
      </actionTypeCounts>
    </actions>
    <latestAction>
      <text>Read twice and referred to the Committee on the Judiciary.</text>
      <actionDate>2017-02-02</actionDate>
      <links />
    </latestAction>
    <titles>
      <item>
        <chamberName />
        <titleType>(Extracted from GPO) Short Titles as Introduced</titleType>
        <title>Circuit Court of Appeals Restructuring and Modernization Act</title>
        <parentTitleType />
        <chamberCode />
      </item>
      <item>
        <chamberName />
        <titleType>Short Titles as Introduced</titleType>
        <title>Circuit Court of Appeals Restructuring and Modernization Act</title>
        <parentTitleType />
        <chamberCode />
      </item>
      <item>
        <chamberName />
        <titleType>Official Title as Introduced</titleType>
        <title>A bill to amend title 28, United States Code, to provide for the appointment of additional Federal circuit judges, to divide the Ninth Judicial Circuit of the United States into 2 circuits, and for other purposes.</title>
        <parentTitleType />
        <chamberCode />
      </item>
      <item>
        <chamberName />
        <titleType>Display Title</titleType>
        <title>Circuit Court of Appeals Restructuring and Modernization Act</title>
        <parentTitleType />
        <chamberCode />
      </item>
    </titles>
    <summaries>
      <billSummaries>
        <item>
          <lastSummaryUpdateDate>2017-02-27T22:50:25Z</lastSummaryUpdateDate>
          <updateDate>2017-02-02T05:00:00Z</updateDate>
          <versionCode>00</versionCode>
          <text><![CDATA[<p><b>Circuit Court of Appeals Restructuring and Modernization Act</b></p> <p>This bill divides the U.S. Court of Appeals for the Ninth Circuit into: (1) a new Ninth Circuit, to be composed of California, Guam, Hawaii, and Northern Mariana Islands; and (2) a newly established Twelfth Circuit, to be composed of Alaska, Arizona, Idaho, Montana, Nevada, Oregon, and Washington.</p> <p>The President must appoint five additional judges for the new Ninth Circuit and two additional temporary judges for the former Ninth Circuit. </p> <p>The bill designates the locations where the new circuits are to hold regular sessions. </p> <p>The Circuit Executive and the Clerk of the Court of the Twelfth Circuit shall be located in Phoenix, Arizona.</p> <p>The bill distributes active circuit judges of the former Ninth Circuit to the new circuits. Senior circuit judges of the former Ninth Circuit may elect their circuit assignment. </p> <p>The bill authorizes the temporary assignment of circuit and district judges of the former Ninth Circuit between the new circuits. </p>]]></text>
          <name>Introduced in Senate</name>
          <actionDesc>Introduced in Senate</actionDesc>
          <actionDate>2017-02-02</actionDate>
        </item>
      </billSummaries>
    </summaries>
    <title>Circuit Court of Appeals Restructuring and Modernization Act</title>
    <calendarNumbers />
    <originChamber>Senate</originChamber>
    <updateDate>2018-02-06T16:44:40Z</updateDate>
    <notes />
    <billType>S</billType>
    <committees>
      <billCommittees>
        <item>
          <systemCode>ssju00</systemCode>
          <chamber>Senate</chamber>
          <type>Standing</type>
          <activities>
            <item>
              <name>Referred to</name>
              <date>2017-02-02T22:58:26Z</date>
            </item>
          </activities>
          <name>Judiciary Committee</name>
          <subcommittees />
        </item>
      </billCommittees>
    </committees>
    <relatedBills>
      <item>
        <number>196</number>
        <latestTitle>Ninth Circuit Court of Appeals Judgeship and Reorganization Act of 2017</latestTitle>
        <type>HR</type>
        <relationshipDetails>
          <item>
            <identifiedBy>CRS</identifiedBy>
            <type>Related bill</type>
          </item>
        </relationshipDetails>
        <congress>115</congress>
        <latestAction>
          <text>Referred to the Subcommittee on Courts, Intellectual Property, and the Internet.</text>
          <actionDate>2017-01-13</actionDate>
        </latestAction>
      </item>
      <item>
        <number>250</number>
        <latestTitle>Judicial Administration and Improvement Act of 2016</latestTitle>
        <type>HR</type>
        <relationshipDetails>
          <item>
            <identifiedBy>CRS</identifiedBy>
            <type>Related bill</type>
          </item>
        </relationshipDetails>
        <congress>115</congress>
        <latestAction>
          <text>Referred to the Subcommittee on Courts, Intellectual Property, and the Internet.</text>
          <actionDate>2017-01-13</actionDate>
        </latestAction>
      </item>
      <item>
        <number>276</number>
        <latestTitle>Judicial Administration and Improvement Act of 2017</latestTitle>
        <type>S</type>
        <relationshipDetails>
          <item>
            <identifiedBy>CRS</identifiedBy>
            <type>Related bill</type>
          </item>
        </relationshipDetails>
        <congress>115</congress>
        <latestAction>
          <text>Read twice and referred to the Committee on the Judiciary. (Sponsor introductory remarks on measure: CR S657)</text>
          <actionDate>2017-02-02</actionDate>
        </latestAction>
      </item>
      <item>
        <number>1598</number>
        <latestTitle>Ninth Circuit Court Modernization and Twelfth Circuit Court Creation Act of 2017</latestTitle>
        <type>HR</type>
        <relationshipDetails>
          <item>
            <identifiedBy>CRS</identifiedBy>
            <type>Related bill</type>
          </item>
        </relationshipDetails>
        <congress>115</congress>
        <latestAction>
          <text>Referred to the Subcommittee on Courts, Intellectual Property, and the Internet.</text>
          <actionDate>2017-03-31</actionDate>
        </latestAction>
      </item>
    </relatedBills>
    <committeeReports />
    <billNumber>295</billNumber>
    <sponsors>
      <item>
        <byRequestType />
        <state>MT</state>
        <bioguideId>D000618</bioguideId>
        <identifiers>
          <lisID>2138</lisID>
          <gpoId />
          <bioguideId>D000618</bioguideId>
        </identifiers>
        <fullName>Sen. Daines, Steve [R-MT]</fullName>
        <lastName>Daines</lastName>
        <firstName>Steve</firstName>
        <middleName />
        <party>R</party>
      </item>
    </sponsors>
    <createDate>2017-02-03T05:17:31Z</createDate>
    <version>1.0.0</version>
    <subjects>
      <billSubjects>
        <policyArea>
          <name>Law</name>
        </policyArea>
        <legislativeSubjects>
          <item>
            <name>Alaska</name>
          </item>
          <item>
            <name>Arizona</name>
          </item>
          <item>
            <name>California</name>
          </item>
          <item>
            <name>Federal appellate courts</name>
          </item>
          <item>
            <name>Guam</name>
          </item>
          <item>
            <name>Hawaii</name>
          </item>
          <item>
            <name>Idaho</name>
          </item>
          <item>
            <name>Judges</name>
          </item>
          <item>
            <name>Judicial procedure and administration</name>
          </item>
          <item>
            <name>Montana</name>
          </item>
          <item>
            <name>Nevada</name>
          </item>
          <item>
            <name>Northern Mariana Islands</name>
          </item>
          <item>
            <name>Oregon</name>
          </item>
          <item>
            <name>Washington State</name>
          </item>
        </legislativeSubjects>
      </billSubjects>
    </subjects>
  </bill>
  <dublinCore xmlns:dc="http://purl.org/dc/elements/1.1/">
    <dc:format>text/xml</dc:format>
    <dc:language>EN</dc:language>
    <dc:rights>Pursuant to Title 17 Section 105 of the United States Code, this file is not subject to copyright protection and is in the public domain.</dc:rights>
    <dc:contributor>Congressional Research Service, Library of Congress</dc:contributor>
    <dc:description>This file contains bill summaries and statuses for federal legislation. A bill summary describes the most significant provisions of a piece of legislation and details the effects the legislative text may have on current law and federal programs. Bill summaries are authored by the Congressional Research Service (CRS) of the Library of Congress. As stated in Public Law 91-510 (2 USC 166 (d)(6)), one of the duties of CRS is "to prepare summaries and digests of bills and resolutions of a public general nature introduced in the Senate or House of Representatives". For more information, refer to the User Guide that accompanies this file.</dc:description>
  </dublinCore>
</billStatus>

