<?xml version="1.0" encoding="UTF-8"?>
<billStatus>
  <bill>
    <sponsors>
      <item>
        <fullName>Sen. Tester, Jon [D-MT]</fullName>
        <lastName>Tester</lastName>
        <bioguideId>T000464</bioguideId>
        <party>D</party>
        <middleName />
        <state>MT</state>
        <firstName>Jon</firstName>
        <byRequestType />
        <identifiers>
          <lisID>1829</lisID>
          <gpoId>8258</gpoId>
          <bioguideId>T000464</bioguideId>
        </identifiers>
      </item>
    </sponsors>
    <laws>
      <item>
        <type>Public Law</type>
        <number>115-26</number>
      </item>
    </laws>
    <version>1.0.0</version>
    <introducedDate>2017-03-07</introducedDate>
    <cboCostEstimates />
    <titles>
      <item>
        <titleType>Official Title as Introduced</titleType>
        <parentTitleType />
        <chamberName />
        <title>A bill to amend the Veterans Access, Choice, and Accountability Act of 2014 to modify the termination date for the Veterans Choice Program, and for other purposes.</title>
        <chamberCode />
      </item>
      <item>
        <titleType>Display Title</titleType>
        <parentTitleType />
        <chamberName />
        <title>A bill to amend the Veterans Access, Choice, and Accountability Act of 2014 to modify the termination date for the Veterans Choice Program, and for other purposes.</title>
        <chamberCode />
      </item>
    </titles>
    <amendments />
    <recordedVotes />
    <relatedBills>
      <item>
        <number>369</number>
        <congress>115</congress>
        <relationshipDetails>
          <item>
            <type>Related bill</type>
            <identifiedBy>House</identifiedBy>
          </item>
          <item>
            <type>Related bill</type>
            <identifiedBy>CRS</identifiedBy>
          </item>
        </relationshipDetails>
        <latestTitle>To eliminate the sunset of the Veterans Choice Program, and for other purposes.</latestTitle>
        <latestAction>
          <text>Placed on the Union Calendar, Calendar No. 36.</text>
          <actionDate>2017-03-29</actionDate>
        </latestAction>
        <type>HR</type>
      </item>
      <item>
        <number>86</number>
        <congress>115</congress>
        <relationshipDetails>
          <item>
            <type>Related bill</type>
            <identifiedBy>CRS</identifiedBy>
          </item>
        </relationshipDetails>
        <latestTitle>Veterans Choice Continuation Act</latestTitle>
        <latestAction>
          <text>Read twice and referred to the Committee on Veterans' Affairs.</text>
          <actionDate>2017-01-10</actionDate>
        </latestAction>
        <type>S</type>
      </item>
    </relatedBills>
    <congress>115</congress>
    <billType>S</billType>
    <actions>
      <item>
        <sourceSystem>
          <name>House floor actions</name>
          <code>2</code>
        </sourceSystem>
        <actionDate>2017-04-19</actionDate>
        <links>
          <link>
            <name>Public Law No: 115-26</name>
            <url>https://www.congress.gov/bill/115th-congress/senate-bill/544/text/pl</url>
          </link>
        </links>
        <text>Became Public Law No: 115-26.</text>
        <committee />
        <actionCode>E40000</actionCode>
        <type>President</type>
      </item>
      <item>
        <sourceSystem>
          <name>Library of Congress</name>
          <code>9</code>
        </sourceSystem>
        <actionDate>2017-04-19</actionDate>
        <links>
          <link>
            <name>Public Law No: 115-26</name>
            <url>https://www.congress.gov/bill/115th-congress/senate-bill/544/text/pl</url>
          </link>
        </links>
        <text>Became Public Law No: 115-26.</text>
        <committee />
        <actionCode>36000</actionCode>
        <type>BecameLaw</type>
      </item>
      <item>
        <sourceSystem>
          <name>House floor actions</name>
          <code>2</code>
        </sourceSystem>
        <actionDate>2017-04-19</actionDate>
        <links />
        <text>Signed by President.</text>
        <committee />
        <actionCode>E30000</actionCode>
        <type>President</type>
      </item>
      <item>
        <sourceSystem>
          <name>Library of Congress</name>
          <code>9</code>
        </sourceSystem>
        <actionDate>2017-04-19</actionDate>
        <links />
        <text>Signed by President.</text>
        <committee />
        <actionCode>36000</actionCode>
        <type>BecameLaw</type>
      </item>
      <item>
        <sourceSystem>
          <name>House floor actions</name>
          <code>2</code>
        </sourceSystem>
        <actionDate>2017-04-07</actionDate>
        <links />
        <text>Presented to President.</text>
        <committee />
        <actionCode>E20000</actionCode>
        <type>Floor</type>
      </item>
      <item>
        <sourceSystem>
          <name>Library of Congress</name>
          <code>9</code>
        </sourceSystem>
        <actionDate>2017-04-07</actionDate>
        <links />
        <text>Presented to President.</text>
        <committee />
        <actionCode>28000</actionCode>
        <type>President</type>
      </item>
      <item>
        <sourceSystem>
          <name>House floor actions</name>
          <code>2</code>
        </sourceSystem>
        <actionDate>2017-04-05</actionDate>
        <actionTime>14:42:55</actionTime>
        <links />
        <text>Motion to reconsider laid on the table Agreed to without objection.</text>
        <committee />
        <actionCode>H38310</actionCode>
        <type>Floor</type>
      </item>
      <item>
        <sourceSystem>
          <name>House floor actions</name>
          <code>2</code>
        </sourceSystem>
        <actionDate>2017-04-05</actionDate>
        <actionTime>14:42:49</actionTime>
        <links>
          <link>
            <name>H2722</name>
            <url>https://www.congress.gov/congressional-record/volume-163/house-section/page/H2722</url>
          </link>
        </links>
        <text>On motion to suspend the rules and pass the bill Agreed to by voice vote. (text: CR H2722)</text>
        <committee />
        <actionCode>H37300</actionCode>
        <type>Floor</type>
      </item>
      <item>
        <sourceSystem>
          <name>Library of Congress</name>
          <code>9</code>
        </sourceSystem>
        <actionDate>2017-04-05</actionDate>
        <actionTime>14:42:49</actionTime>
        <links>
          <link>
            <name>H2722</name>
            <url>https://www.congress.gov/congressional-record/volume-163/house-section/page/H2722</url>
          </link>
        </links>
        <text>Passed/agreed to in House: On motion to suspend the rules and pass the bill Agreed to by voice vote.(text: CR H2722)</text>
        <committee />
        <actionCode>8000</actionCode>
        <type>Floor</type>
      </item>
      <item>
        <sourceSystem>
          <name>House floor actions</name>
          <code>2</code>
        </sourceSystem>
        <actionDate>2017-04-05</actionDate>
        <actionTime>14:10:13</actionTime>
        <links>
          <link>
            <name>S. 544</name>
            <url>https://www.congress.gov/bill/115th-congress/senate-bill/544</url>
          </link>
        </links>
        <text>DEBATE - The House proceeded with forty minutes of debate on S. 544.</text>
        <committee />
        <actionCode>H8D000</actionCode>
        <type>Floor</type>
      </item>
      <item>
        <sourceSystem>
          <name>House floor actions</name>
          <code>2</code>
        </sourceSystem>
        <actionDate>2017-04-05</actionDate>
        <actionTime>14:09:14</actionTime>
        <links>
          <link>
            <name>H2722-2726</name>
            <url>https://www.congress.gov/congressional-record/volume-163/house-section/page/H2722-2726</url>
          </link>
        </links>
        <text>Considered under suspension of the rules. (consideration: CR H2722-2726)</text>
        <committee />
        <actionCode>H30000</actionCode>
        <type>Floor</type>
      </item>
      <item>
        <sourceSystem>
          <name>House floor actions</name>
          <code>2</code>
        </sourceSystem>
        <actionDate>2017-04-05</actionDate>
        <actionTime>14:08:56</actionTime>
        <links />
        <text>Mr. Roe (TN) moved to suspend the rules and pass the bill.</text>
        <committee />
        <actionCode>H30300</actionCode>
        <type>Floor</type>
      </item>
      <item>
        <sourceSystem>
          <name>House floor actions</name>
          <code>2</code>
        </sourceSystem>
        <actionDate>2017-04-03</actionDate>
        <actionTime>19:20:15</actionTime>
        <links />
        <text>Held at the desk.</text>
        <committee />
        <actionCode>H15000</actionCode>
        <type>Floor</type>
      </item>
      <item>
        <sourceSystem>
          <name>House floor actions</name>
          <code>2</code>
        </sourceSystem>
        <actionDate>2017-04-03</actionDate>
        <actionTime>18:09:30</actionTime>
        <links />
        <text>Received in the House.</text>
        <committee />
        <actionCode>H14000</actionCode>
        <type>Floor</type>
      </item>
      <item>
        <actionDate>2017-04-03</actionDate>
        <committee />
        <links />
        <sourceSystem>
          <name>Senate</name>
          <code>0</code>
        </sourceSystem>
        <text>Message on Senate action sent to the House.</text>
        <type>Floor</type>
      </item>
      <item>
        <actionDate>2017-04-03</actionDate>
        <committee />
        <links>
          <link>
            <name>S2163</name>
            <url>https://www.congress.gov/congressional-record/volume-163/senate-section/page/S2163</url>
          </link>
        </links>
        <sourceSystem>
          <name>Senate</name>
          <code>0</code>
        </sourceSystem>
        <text>Passed Senate without amendment by Voice Vote. (text: CR S2163)</text>
        <type>Floor</type>
      </item>
      <item>
        <sourceSystem>
          <name>Library of Congress</name>
          <code>9</code>
        </sourceSystem>
        <actionDate>2017-04-03</actionDate>
        <links>
          <link>
            <name>S2163</name>
            <url>https://www.congress.gov/congressional-record/volume-163/senate-section/page/S2163</url>
          </link>
        </links>
        <text>Passed/agreed to in Senate: Passed Senate without amendment by Voice Vote.(text: CR S2163)</text>
        <committee />
        <actionCode>17000</actionCode>
        <type>Floor</type>
      </item>
      <item>
        <actionDate>2017-04-03</actionDate>
        <committee>
          <systemCode>ssva00</systemCode>
          <name>Veterans' Affairs Committee</name>
        </committee>
        <links>
          <link>
            <name>S2163-2164</name>
            <url>https://www.congress.gov/congressional-record/volume-163/senate-section/page/S2163-2164</url>
          </link>
        </links>
        <sourceSystem>
          <name>Senate</name>
          <code>0</code>
        </sourceSystem>
        <text>Senate Committee on Veterans' Affairs discharged by Unanimous Consent. (consideration: CR S2163-2164)</text>
        <type>Discharge</type>
      </item>
      <item>
        <sourceSystem>
          <name>Library of Congress</name>
          <code>9</code>
        </sourceSystem>
        <actionDate>2017-04-03</actionDate>
        <links>
          <link>
            <name>S2163-2164</name>
            <url>https://www.congress.gov/congressional-record/volume-163/senate-section/page/S2163-2164</url>
          </link>
        </links>
        <text>Senate Committee on Veterans' Affairs discharged by Unanimous Consent.(consideration: CR S2163-2164)</text>
        <committee>
          <systemCode>ssva00</systemCode>
          <name>Veterans' Affairs Committee</name>
        </committee>
        <actionCode>14500</actionCode>
        <type>Committee</type>
      </item>
      <item>
        <actionDate>2017-03-07</actionDate>
        <committee>
          <systemCode>ssva00</systemCode>
          <name>Veterans' Affairs Committee</name>
        </committee>
        <links />
        <sourceSystem>
          <name>Senate</name>
          <code>0</code>
        </sourceSystem>
        <text>Read twice and referred to the Committee on Veterans' Affairs.</text>
        <type>IntroReferral</type>
      </item>
      <item>
        <sourceSystem>
          <name>Library of Congress</name>
          <code>9</code>
        </sourceSystem>
        <actionDate>2017-03-07</actionDate>
        <links />
        <text>Introduced in Senate</text>
        <committee />
        <actionCode>10000</actionCode>
        <type>IntroReferral</type>
      </item>
      <actionByCounts>
        <houseOfRepresentatives>8</houseOfRepresentatives>
        <senate>7</senate>
      </actionByCounts>
      <actionTypeCounts>
        <heldAtTheDesk>1</heldAtTheDesk>
        <passedSenate>1</passedSenate>
        <generalDebate>1</generalDebate>
        <presentedToPresident>1</presentedToPresident>
        <motionToReconsiderResults>1</motionToReconsiderResults>
        <placeholderTextForE>3</placeholderTextForE>
        <receivedInTheHouse>1</receivedInTheHouse>
        <sentToHouse>1</sentToHouse>
        <finalPassageUnderSuspensionOfTheRulesResults>1</finalPassageUnderSuspensionOfTheRulesResults>
        <referredToCommittee>1</referredToCommittee>
        <becamePublicLaw>2</becamePublicLaw>
        <passedAgreedToInSenate>1</passedAgreedToInSenate>
        <passedAgreedToInHouse>1</passedAgreedToInHouse>
        <considerationByHouse>1</considerationByHouse>
        <motionMadeToSuspendTheRules>1</motionMadeToSuspendTheRules>
        <committeeDischarged>1</committeeDischarged>
        <senateCommitteeDischarged>1</senateCommitteeDischarged>
        <introducedInSenate>1</introducedInSenate>
      </actionTypeCounts>
    </actions>
    <notes />
    <originChamber>Senate</originChamber>
    <title>A bill to amend the Veterans Access, Choice, and Accountability Act of 2014 to modify the termination date for the Veterans Choice Program, and for other purposes.</title>
    <billNumber>544</billNumber>
    <cosponsors>
      <item>
        <party>R</party>
        <bioguideId>M000303</bioguideId>
        <isOriginalCosponsor>True</isOriginalCosponsor>
        <firstName>JOHN</firstName>
        <middleName>SIDNEY</middleName>
        <sponsorshipWithdrawnDate />
        <sponsorshipDate>2017-03-07</sponsorshipDate>
        <fullName>Sen. McCain, John [R-AZ]</fullName>
        <identifiers>
          <bioguideId>M000303</bioguideId>
          <lisID>754</lisID>
          <gpoId>8253</gpoId>
        </identifiers>
        <lastName>MCCAIN</lastName>
        <state>AZ</state>
      </item>
      <item>
        <party>R</party>
        <bioguideId>M000934</bioguideId>
        <isOriginalCosponsor>True</isOriginalCosponsor>
        <firstName>JERRY</firstName>
        <middleName />
        <sponsorshipWithdrawnDate />
        <sponsorshipDate>2017-03-07</sponsorshipDate>
        <fullName>Sen. Moran, Jerry [R-KS]</fullName>
        <identifiers>
          <bioguideId>M000934</bioguideId>
          <lisID>1507</lisID>
          <gpoId>8307</gpoId>
        </identifiers>
        <lastName>MORAN</lastName>
        <state>KS</state>
      </item>
      <item>
        <party>R</party>
        <bioguideId>I000055</bioguideId>
        <isOriginalCosponsor>True</isOriginalCosponsor>
        <firstName>Johnny</firstName>
        <middleName />
        <sponsorshipWithdrawnDate />
        <sponsorshipDate>2017-03-07</sponsorshipDate>
        <fullName>Sen. Isakson, Johnny [R-GA]</fullName>
        <identifiers>
          <lisID>1608</lisID>
          <bioguideId>I000055</bioguideId>
          <gpoId>8323</gpoId>
        </identifiers>
        <lastName>Isakson</lastName>
        <state>GA</state>
      </item>
      <item>
        <party>D</party>
        <bioguideId>B001277</bioguideId>
        <isOriginalCosponsor>True</isOriginalCosponsor>
        <firstName>Richard</firstName>
        <middleName />
        <sponsorshipWithdrawnDate />
        <sponsorshipDate>2017-03-07</sponsorshipDate>
        <fullName>Sen. Blumenthal, Richard [D-CT]</fullName>
        <identifiers>
          <lisID>2076</lisID>
          <bioguideId>B001277</bioguideId>
          <gpoId>8332</gpoId>
        </identifiers>
        <lastName>Blumenthal</lastName>
        <state>CT</state>
      </item>
      <item>
        <party>D</party>
        <bioguideId>S001194</bioguideId>
        <isOriginalCosponsor>True</isOriginalCosponsor>
        <firstName>Brian</firstName>
        <middleName />
        <sponsorshipWithdrawnDate />
        <sponsorshipDate>2017-03-07</sponsorshipDate>
        <fullName>Sen. Schatz, Brian [D-HI]</fullName>
        <identifiers>
          <gpoId />
          <bioguideId>S001194</bioguideId>
          <lisID>2173</lisID>
        </identifiers>
        <lastName>Schatz</lastName>
        <state>HI</state>
      </item>
      <item>
        <party>D</party>
        <bioguideId>B001267</bioguideId>
        <isOriginalCosponsor>True</isOriginalCosponsor>
        <firstName>Michael</firstName>
        <middleName>F.</middleName>
        <sponsorshipWithdrawnDate />
        <sponsorshipDate>2017-03-07</sponsorshipDate>
        <fullName>Sen. Bennet, Michael F. [D-CO]</fullName>
        <identifiers>
          <bioguideId>B001267</bioguideId>
          <lisID>1965</lisID>
          <gpoId>8302</gpoId>
        </identifiers>
        <lastName>Bennet</lastName>
        <state>CO</state>
      </item>
      <item>
        <party>R</party>
        <bioguideId>B001236</bioguideId>
        <isOriginalCosponsor>True</isOriginalCosponsor>
        <firstName>John</firstName>
        <middleName />
        <sponsorshipWithdrawnDate />
        <sponsorshipDate>2017-03-07</sponsorshipDate>
        <fullName>Sen. Boozman, John [R-AR]</fullName>
        <identifiers>
          <lisID>1687</lisID>
          <bioguideId>B001236</bioguideId>
          <gpoId>8247</gpoId>
        </identifiers>
        <lastName>Boozman</lastName>
        <state>AR</state>
      </item>
      <item>
        <party>D</party>
        <bioguideId>H001069</bioguideId>
        <isOriginalCosponsor>True</isOriginalCosponsor>
        <firstName>Heidi</firstName>
        <middleName />
        <sponsorshipWithdrawnDate />
        <sponsorshipDate>2017-03-07</sponsorshipDate>
        <fullName>Sen. Heitkamp, Heidi [D-ND]</fullName>
        <identifiers>
          <gpoId />
          <lisID>2174</lisID>
          <bioguideId>H001069</bioguideId>
        </identifiers>
        <lastName>Heitkamp</lastName>
        <state>ND</state>
      </item>
      <item>
        <party>R</party>
        <bioguideId>R000605</bioguideId>
        <isOriginalCosponsor>True</isOriginalCosponsor>
        <firstName>Mike</firstName>
        <middleName />
        <sponsorshipWithdrawnDate />
        <sponsorshipDate>2017-03-07</sponsorshipDate>
        <fullName>Sen. Rounds, Mike  [R-SD]</fullName>
        <identifiers>
          <lisID>2288</lisID>
          <bioguideId>R000605</bioguideId>
          <gpoId />
        </identifiers>
        <lastName>Rounds</lastName>
        <state>SD</state>
      </item>
      <item>
        <party>D</party>
        <bioguideId>M001183</bioguideId>
        <isOriginalCosponsor>False</isOriginalCosponsor>
        <firstName>Joe</firstName>
        <middleName />
        <sponsorshipWithdrawnDate />
        <sponsorshipDate>2017-03-08</sponsorshipDate>
        <fullName>Sen. Manchin, Joe, III [D-WV]</fullName>
        <identifiers>
          <lisID>1983</lisID>
          <bioguideId>M001183</bioguideId>
          <gpoId>8256</gpoId>
        </identifiers>
        <lastName>Manchin</lastName>
        <state>WV</state>
      </item>
      <item>
        <party>D</party>
        <bioguideId>B001230</bioguideId>
        <isOriginalCosponsor>False</isOriginalCosponsor>
        <firstName>TAMMY</firstName>
        <middleName />
        <sponsorshipWithdrawnDate />
        <sponsorshipDate>2017-03-09</sponsorshipDate>
        <fullName>Sen. Baldwin, Tammy [D-WI]</fullName>
        <identifiers>
          <lisID>1558</lisID>
          <bioguideId>B001230</bioguideId>
          <gpoId>8215</gpoId>
        </identifiers>
        <lastName>BALDWIN</lastName>
        <state>WI</state>
      </item>
      <item>
        <party>R</party>
        <bioguideId>C000880</bioguideId>
        <isOriginalCosponsor>False</isOriginalCosponsor>
        <firstName>MICHAEL</firstName>
        <middleName>D.</middleName>
        <sponsorshipWithdrawnDate />
        <sponsorshipDate>2017-03-14</sponsorshipDate>
        <fullName>Sen. Crapo, Mike [R-ID]</fullName>
        <identifiers>
          <lisID>250</lisID>
          <gpoId>8289</gpoId>
          <bioguideId>C000880</bioguideId>
        </identifiers>
        <lastName>CRAPO</lastName>
        <state>ID</state>
      </item>
      <item>
        <party>D</party>
        <bioguideId>N000032</bioguideId>
        <isOriginalCosponsor>False</isOriginalCosponsor>
        <firstName>CLARENCE</firstName>
        <middleName>WILLIAM</middleName>
        <sponsorshipWithdrawnDate />
        <sponsorshipDate>2017-03-14</sponsorshipDate>
        <fullName>Sen. Nelson, Bill [D-FL]</fullName>
        <identifiers>
          <bioguideId>N000032</bioguideId>
          <gpoId>8236</gpoId>
          <lisID>859</lisID>
        </identifiers>
        <lastName>NELSON</lastName>
        <state>FL</state>
      </item>
      <item>
        <party>D</party>
        <bioguideId>B000944</bioguideId>
        <isOriginalCosponsor>False</isOriginalCosponsor>
        <firstName>SHERROD</firstName>
        <middleName />
        <sponsorshipWithdrawnDate />
        <sponsorshipDate>2017-03-14</sponsorshipDate>
        <fullName>Sen. Brown, Sherrod [D-OH]</fullName>
        <identifiers>
          <lisID>136</lisID>
          <gpoId>8309</gpoId>
          <bioguideId>B000944</bioguideId>
        </identifiers>
        <lastName>BROWN</lastName>
        <state>OH</state>
      </item>
      <item>
        <party>R</party>
        <bioguideId>D000618</bioguideId>
        <isOriginalCosponsor>False</isOriginalCosponsor>
        <firstName>Steve</firstName>
        <middleName />
        <sponsorshipWithdrawnDate />
        <sponsorshipDate>2017-03-14</sponsorshipDate>
        <fullName>Sen. Daines, Steve [R-MT]</fullName>
        <identifiers>
          <bioguideId>D000618</bioguideId>
          <lisID>2138</lisID>
          <gpoId />
        </identifiers>
        <lastName>Daines</lastName>
        <state>MT</state>
      </item>
      <item>
        <party>D</party>
        <bioguideId>H001042</bioguideId>
        <isOriginalCosponsor>False</isOriginalCosponsor>
        <firstName>Mazie</firstName>
        <middleName>K.</middleName>
        <sponsorshipWithdrawnDate />
        <sponsorshipDate>2017-03-15</sponsorshipDate>
        <fullName>Sen. Hirono, Mazie K. [D-HI]</fullName>
        <identifiers>
          <gpoId>7913</gpoId>
          <lisID>1844</lisID>
          <bioguideId>H001042</bioguideId>
        </identifiers>
        <lastName>Hirono</lastName>
        <state>HI</state>
      </item>
      <item>
        <party>R</party>
        <bioguideId>H001061</bioguideId>
        <isOriginalCosponsor>False</isOriginalCosponsor>
        <firstName>John</firstName>
        <middleName />
        <sponsorshipWithdrawnDate />
        <sponsorshipDate>2017-03-15</sponsorshipDate>
        <fullName>Sen. Hoeven, John [R-ND]</fullName>
        <identifiers>
          <bioguideId>H001061</bioguideId>
          <lisID>2079</lisID>
          <gpoId>8331</gpoId>
        </identifiers>
        <lastName>Hoeven</lastName>
        <state>ND</state>
      </item>
      <item>
        <party>D</party>
        <bioguideId>P000595</bioguideId>
        <isOriginalCosponsor>False</isOriginalCosponsor>
        <firstName>Gary</firstName>
        <middleName>C.</middleName>
        <sponsorshipWithdrawnDate />
        <sponsorshipDate>2017-03-21</sponsorshipDate>
        <fullName>Sen. Peters, Gary C. [D-MI]</fullName>
        <identifiers>
          <lisID>1929</lisID>
          <gpoId>7994</gpoId>
          <bioguideId>P000595</bioguideId>
        </identifiers>
        <lastName>Peters</lastName>
        <state>MI</state>
      </item>
      <item>
        <party>D</party>
        <bioguideId>V000128</bioguideId>
        <isOriginalCosponsor>False</isOriginalCosponsor>
        <firstName>Chris</firstName>
        <middleName />
        <sponsorshipWithdrawnDate />
        <sponsorshipDate>2017-03-21</sponsorshipDate>
        <fullName>Sen. Van Hollen, Chris [D-MD]</fullName>
        <identifiers>
          <bioguideId>V000128</bioguideId>
          <lisID>1729</lisID>
          <gpoId>7983</gpoId>
        </identifiers>
        <lastName>Van Hollen</lastName>
        <state>MD</state>
      </item>
      <item>
        <party>D</party>
        <bioguideId>M001176</bioguideId>
        <isOriginalCosponsor>False</isOriginalCosponsor>
        <firstName>Jeff</firstName>
        <middleName />
        <sponsorshipWithdrawnDate />
        <sponsorshipDate>2017-03-28</sponsorshipDate>
        <fullName>Sen. Merkley, Jeff [D-OR]</fullName>
        <identifiers>
          <bioguideId>M001176</bioguideId>
          <lisID>1900</lisID>
          <gpoId>8238</gpoId>
        </identifiers>
        <lastName>Merkley</lastName>
        <state>OR</state>
      </item>
      <item>
        <party>I</party>
        <bioguideId>K000383</bioguideId>
        <isOriginalCosponsor>False</isOriginalCosponsor>
        <firstName>Angus</firstName>
        <middleName />
        <sponsorshipWithdrawnDate />
        <sponsorshipDate>2017-04-03</sponsorshipDate>
        <fullName>Sen. King, Angus S., Jr. [I-ME]</fullName>
        <identifiers>
          <bioguideId>K000383</bioguideId>
          <gpoId />
          <lisID>2185</lisID>
        </identifiers>
        <lastName>King</lastName>
        <state>ME</state>
      </item>
    </cosponsors>
    <summaries>
      <billSummaries>
        <item>
          <text><![CDATA[<p>This bill amends the Veterans Access, Choice, and Accountability Act of 2014 to eliminate the August 7, 2017, sunset date for the Veterans Choice Program, thus allowing the program to operate until all of the money in the Veterans Choice Fund is expended. </p> <p>The bill makes the Department of Veterans Affairs (VA) the primary payer (currently the VA is the secondary payer) for medical care relating to non-service connected disabilities and recovery of costs from third parties for certain care under the program.</p> <p>The VA may share medical information with a non-VA entity (including private entities and other federal agencies) that provides veterans with authorized hospital care or medical services. Such entity may not redisclose or use such information for a purpose other than that for which the disclosure was made.</p>]]></text>
          <actionDate>2017-03-07</actionDate>
          <updateDate>2017-03-07T05:00:00Z</updateDate>
          <lastSummaryUpdateDate>2017-04-12T18:24:10Z</lastSummaryUpdateDate>
          <name>Introduced in Senate</name>
          <actionDesc>Introduced in Senate</actionDesc>
          <versionCode>00</versionCode>
        </item>
        <item>
          <text><![CDATA[<p>(This measure has not been amended since it was introduced. The summary has been expanded because action occurred on the measure.)</p> <p> (Sec. 1) This bill amends the Veterans Access, Choice, and Accountability Act of 2014 to eliminate the August 7, 2017, sunset date for the Veterans Choice Program, thus allowing the program to operate until all of the money in the Veterans Choice Fund is expended. </p> <p>(Sec. 2) The bill makes the Department of Veterans Affairs (VA) the primary payer (currently the VA is the secondary payer) for medical care relating to non-service connected disabilities and recovery of costs from third parties for certain care under the program.</p> <p>(Sec. 3) The VA may share medical information with a non-VA entity (including private entities and other federal agencies) that provides veterans with authorized hospital care or medical services. Such entity may not redisclose or use such information for a purpose other than that for which the disclosure was made.</p>]]></text>
          <actionDate>2017-04-03</actionDate>
          <updateDate>2017-04-03T10:45:18Z</updateDate>
          <lastSummaryUpdateDate>2017-04-12T18:25:13Z</lastSummaryUpdateDate>
          <name>Passed Senate without amendment</name>
          <actionDesc>Passed Senate without amendment</actionDesc>
          <versionCode>82</versionCode>
        </item>
        <item>
          <text><![CDATA[<p>(This measure has not been amended since it was introduced. The expanded summary of the Senate passed version is repeated here.)</p> <p>(Sec. 1) This bill amends the Veterans Access, Choice, and Accountability Act of 2014 to eliminate the August 7, 2017, sunset date for the Veterans Choice Program, thus allowing the program to operate until all of the money in the Veterans Choice Fund is expended. </p> <p>(Sec. 2) The bill makes the Department of Veterans Affairs (VA) the primary payer (currently the VA is the secondary payer) for medical care relating to non-service connected disabilities and recovery of costs from third parties for certain care under the program.</p> <p>(Sec. 3) The VA may share medical information with a non-VA entity (including private entities and other federal agencies) that provides veterans with authorized hospital care or medical services. Such entity may not redisclose or use such information for a purpose other than that for which the disclosure was made.</p>]]></text>
          <actionDate>2017-04-05</actionDate>
          <updateDate>2017-04-05T14:31:05Z</updateDate>
          <lastSummaryUpdateDate>2017-04-28T14:14:22Z</lastSummaryUpdateDate>
          <name>Passed House without amendment</name>
          <actionDesc>Passed House without amendment</actionDesc>
          <versionCode>81</versionCode>
        </item>
        <item>
          <text><![CDATA[<p>(This measure has not been amended since it was introduced. The expanded summary of the Senate passed version is repeated here.)</p> <p>(Sec. 1) This bill amends the Veterans Access, Choice, and Accountability Act of 2014 to eliminate the August 7, 2017, sunset date for the Veterans Choice Program, thus allowing the program to operate until all of the money in the Veterans Choice Fund is expended. </p> <p>(Sec. 2) The bill makes the Department of Veterans Affairs (VA) the primary payer (currently the VA is the secondary payer) for medical care relating to non-service connected disabilities and recovery of costs from third parties for certain care under the program.</p> <p>(Sec. 3) The VA may share medical information with a non-VA entity (including private entities and other federal agencies) that provides veterans with authorized hospital care or medical services. Such entity may not redisclose or use such information for a purpose other than that for which the disclosure was made.</p>]]></text>
          <actionDate>2017-04-19</actionDate>
          <updateDate>2017-04-20T03:59:58Z</updateDate>
          <lastSummaryUpdateDate>2017-04-28T14:14:33Z</lastSummaryUpdateDate>
          <name>Public Law</name>
          <actionDesc>Public Law</actionDesc>
          <versionCode>49</versionCode>
        </item>
      </billSummaries>
    </summaries>
    <policyArea>
      <name>Armed Forces and National Security</name>
    </policyArea>
    <latestAction>
      <links>
        <link>
          <url>https://www.congress.gov/bill/115th-congress/senate-bill/544/text/pl</url>
          <name>Public Law No: 115-26</name>
        </link>
      </links>
      <actionDate>2017-04-19</actionDate>
      <text>Became Public Law No: 115-26.</text>
    </latestAction>
    <updateDate>2018-02-06T16:44:55Z</updateDate>
    <committees>
      <billCommittees>
        <item>
          <chamber>Senate</chamber>
          <subcommittees />
          <type>Standing</type>
          <activities>
            <item>
              <date>2017-04-03T20:19:19Z</date>
              <name>Discharged from</name>
            </item>
            <item>
              <date>2017-03-07T21:25:08Z</date>
              <name>Referred to</name>
            </item>
          </activities>
          <systemCode>ssva00</systemCode>
          <name>Veterans' Affairs Committee</name>
        </item>
      </billCommittees>
    </committees>
    <createDate>2017-03-08T05:28:21Z</createDate>
    <subjects>
      <billSubjects>
        <policyArea>
          <name>Armed Forces and National Security</name>
        </policyArea>
        <legislativeSubjects>
          <item>
            <name>Disability and paralysis</name>
          </item>
          <item>
            <name>Health care coverage and access</name>
          </item>
          <item>
            <name>Health information and medical records</name>
          </item>
          <item>
            <name>Hospital care</name>
          </item>
          <item>
            <name>Veterans' medical care</name>
          </item>
        </legislativeSubjects>
      </billSubjects>
    </subjects>
    <committeeReports />
    <calendarNumbers />
  </bill>
  <dublinCore xmlns:dc="http://purl.org/dc/elements/1.1/">
    <dc:format>text/xml</dc:format>
    <dc:language>EN</dc:language>
    <dc:rights>Pursuant to Title 17 Section 105 of the United States Code, this file is not subject to copyright protection and is in the public domain.</dc:rights>
    <dc:contributor>Congressional Research Service, Library of Congress</dc:contributor>
    <dc:description>This file contains bill summaries and statuses for federal legislation. A bill summary describes the most significant provisions of a piece of legislation and details the effects the legislative text may have on current law and federal programs. Bill summaries are authored by the Congressional Research Service (CRS) of the Library of Congress. As stated in Public Law 91-510 (2 USC 166 (d)(6)), one of the duties of CRS is "to prepare summaries and digests of bills and resolutions of a public general nature introduced in the Senate or House of Representatives". For more information, refer to the User Guide that accompanies this file.</dc:description>
  </dublinCore>
</billStatus>

