<?xml version="1.0" encoding="UTF-8"?>
<billStatus>
  <bill>
    <committeeReports>
      <committeeReport>
        <citation>S. Rept. 115-14</citation>
      </committeeReport>
    </committeeReports>
    <laws />
    <notes />
    <calendarNumbers>
      <item>
        <number>0025</number>
        <calendar>Senate Calendar of Business</calendar>
      </item>
    </calendarNumbers>
    <updateDate>2018-02-22T15:28:39Z</updateDate>
    <cosponsors>
      <item>
        <sponsorshipWithdrawnDate />
        <isOriginalCosponsor>True</isOriginalCosponsor>
        <identifiers>
          <bioguideId>M001153</bioguideId>
          <gpoId>8234</gpoId>
          <lisID>1694</lisID>
        </identifiers>
        <state>AK</state>
        <fullName>Sen. Murkowski, Lisa [R-AK]</fullName>
        <bioguideId>M001153</bioguideId>
        <firstName>Lisa</firstName>
        <party>R</party>
        <middleName />
        <sponsorshipDate>2017-01-12</sponsorshipDate>
        <lastName>Murkowski</lastName>
      </item>
      <item>
        <sponsorshipWithdrawnDate />
        <isOriginalCosponsor>True</isOriginalCosponsor>
        <identifiers>
          <bioguideId>S001198</bioguideId>
          <gpoId />
          <lisID>2290</lisID>
        </identifiers>
        <state>AK</state>
        <fullName>Sen. Sullivan, Dan  [R-AK]</fullName>
        <bioguideId>S001198</bioguideId>
        <firstName>Dan</firstName>
        <party>R</party>
        <middleName />
        <sponsorshipDate>2017-01-12</sponsorshipDate>
        <lastName>Sullivan</lastName>
      </item>
      <item>
        <sponsorshipWithdrawnDate />
        <isOriginalCosponsor>True</isOriginalCosponsor>
        <identifiers>
          <bioguideId>B001288</bioguideId>
          <lisID>2194</lisID>
          <gpoId />
        </identifiers>
        <state>NJ</state>
        <fullName>Sen. Booker, Cory A. [D-NJ]</fullName>
        <bioguideId>B001288</bioguideId>
        <firstName>Cory</firstName>
        <party>D</party>
        <middleName>A.</middleName>
        <sponsorshipDate>2017-01-12</sponsorshipDate>
        <lastName>Booker</lastName>
      </item>
    </cosponsors>
    <billNumber>110</billNumber>
    <policyArea>
      <name>Public Lands and Natural Resources</name>
    </policyArea>
    <committees>
      <billCommittees>
        <item>
          <type>Standing</type>
          <activities>
            <item>
              <date>2017-03-30T15:30:53Z</date>
              <name>Reported by</name>
            </item>
            <item>
              <date>2017-01-24T15:00:00Z</date>
              <name>Markup by</name>
            </item>
            <item>
              <date>2017-01-12T19:07:17Z</date>
              <name>Referred to</name>
            </item>
          </activities>
          <chamber>Senate</chamber>
          <systemCode>sscm00</systemCode>
          <subcommittees />
          <name>Commerce, Science, and Transportation Committee</name>
        </item>
      </billCommittees>
    </committees>
    <title>Digital Coast Act</title>
    <sponsors>
      <item>
        <lastName>BALDWIN</lastName>
        <firstName>TAMMY</firstName>
        <identifiers>
          <bioguideId>B001230</bioguideId>
          <gpoId>8215</gpoId>
          <lisID>1558</lisID>
        </identifiers>
        <party>D</party>
        <byRequestType />
        <middleName />
        <state>WI</state>
        <bioguideId>B001230</bioguideId>
        <fullName>Sen. Baldwin, Tammy [D-WI]</fullName>
      </item>
    </sponsors>
    <latestAction>
      <actionDate>2017-05-26</actionDate>
      <actionTime>11:06:03</actionTime>
      <text>Held at the desk.</text>
      <links />
    </latestAction>
    <createDate>2017-01-13T04:55:34Z</createDate>
    <billType>S</billType>
    <actions>
      <actionTypeCounts>
        <placedOnCalendarGeneralOrders>1</placedOnCalendarGeneralOrders>
        <orderedReported>1</orderedReported>
        <passedAgreedToInSenate>1</passedAgreedToInSenate>
        <heldAtTheDesk>1</heldAtTheDesk>
        <receivedInTheHouse>1</receivedInTheHouse>
        <reportedToSenate>2</reportedToSenate>
        <sentToHouse>1</sentToHouse>
        <passedSenate>1</passedSenate>
        <referredToCommittee>1</referredToCommittee>
        <introducedInSenate>1</introducedInSenate>
      </actionTypeCounts>
      <item>
        <actionTime>11:06:03</actionTime>
        <links />
        <committee />
        <type>Floor</type>
        <actionCode>H15000</actionCode>
        <actionDate>2017-05-26</actionDate>
        <sourceSystem>
          <code>2</code>
          <name>House floor actions</name>
        </sourceSystem>
        <text>Held at the desk.</text>
      </item>
      <item>
        <actionTime>10:02:49</actionTime>
        <links />
        <committee />
        <type>Floor</type>
        <actionCode>H14000</actionCode>
        <actionDate>2017-05-26</actionDate>
        <sourceSystem>
          <code>2</code>
          <name>House floor actions</name>
        </sourceSystem>
        <text>Received in the House.</text>
      </item>
      <item>
        <actionDate>2017-05-26</actionDate>
        <committee />
        <links />
        <sourceSystem>
          <code>0</code>
          <name>Senate</name>
        </sourceSystem>
        <text>Message on Senate action sent to the House.</text>
        <type>Floor</type>
      </item>
      <item>
        <actionDate>2017-05-25</actionDate>
        <committee />
        <links>
          <link>
            <name>S3225-3226</name>
            <url>https://www.congress.gov/congressional-record/volume-163/senate-section/page/S3225-3226</url>
          </link>
        </links>
        <sourceSystem>
          <code>0</code>
          <name>Senate</name>
        </sourceSystem>
        <text>Passed Senate without amendment by Unanimous Consent. (consideration: CR S3225-3226; text as passed Senate: CR S3225-3226)</text>
        <type>Floor</type>
      </item>
      <item>
        <links />
        <committee />
        <type>Floor</type>
        <actionCode>17000</actionCode>
        <actionDate>2017-05-25</actionDate>
        <sourceSystem>
          <code>9</code>
          <name>Library of Congress</name>
        </sourceSystem>
        <text>Passed/agreed to in Senate: Passed Senate without amendment by Unanimous Consent.</text>
      </item>
      <item>
        <actionDate>2017-03-30</actionDate>
        <committee />
        <links />
        <sourceSystem>
          <code>0</code>
          <name>Senate</name>
        </sourceSystem>
        <text>Placed on Senate Legislative Calendar under General Orders. Calendar No. 25.</text>
        <type>Calendars</type>
      </item>
      <item>
        <actionDate>2017-03-30</actionDate>
        <committee>
          <name>Commerce, Science, and Transportation Committee</name>
          <systemCode>sscm00</systemCode>
        </committee>
        <links>
          <link>
            <name>report No. 115-14</name>
            <url>https://www.congress.gov/congressional-report/115th-congress/senate-report/14</url>
          </link>
        </links>
        <sourceSystem>
          <code>0</code>
          <name>Senate</name>
        </sourceSystem>
        <text>Committee on Commerce, Science, and Transportation. Reported by Senator Thune without amendment. With written report No. 115-14.</text>
        <type>Committee</type>
      </item>
      <item>
        <links>
          <link>
            <name>report No. 115-14</name>
            <url>https://www.congress.gov/congressional-report/115th-congress/senate-report/14</url>
          </link>
        </links>
        <committee>
          <name>Commerce, Science, and Transportation Committee</name>
          <systemCode>sscm00</systemCode>
        </committee>
        <type>Committee</type>
        <actionCode>14000</actionCode>
        <actionDate>2017-03-30</actionDate>
        <sourceSystem>
          <code>9</code>
          <name>Library of Congress</name>
        </sourceSystem>
        <text>Committee on Commerce, Science, and Transportation. Reported by Senator Thune without amendment. With written report No. 115-14.</text>
      </item>
      <item>
        <actionDate>2017-01-24</actionDate>
        <committee>
          <name>Commerce, Science, and Transportation Committee</name>
          <systemCode>sscm00</systemCode>
        </committee>
        <links />
        <sourceSystem>
          <code>0</code>
          <name>Senate</name>
        </sourceSystem>
        <text>Committee on Commerce, Science, and Transportation. Ordered to be reported without amendment favorably.</text>
        <type>Committee</type>
      </item>
      <item>
        <actionDate>2017-01-12</actionDate>
        <committee>
          <name>Commerce, Science, and Transportation Committee</name>
          <systemCode>sscm00</systemCode>
        </committee>
        <links />
        <sourceSystem>
          <code>0</code>
          <name>Senate</name>
        </sourceSystem>
        <text>Read twice and referred to the Committee on Commerce, Science, and Transportation.</text>
        <type>IntroReferral</type>
      </item>
      <item>
        <links />
        <committee />
        <type>IntroReferral</type>
        <actionCode>10000</actionCode>
        <actionDate>2017-01-12</actionDate>
        <sourceSystem>
          <code>9</code>
          <name>Library of Congress</name>
        </sourceSystem>
        <text>Introduced in Senate</text>
      </item>
      <actionByCounts>
        <houseOfRepresentatives>2</houseOfRepresentatives>
        <senate>9</senate>
      </actionByCounts>
    </actions>
    <subjects>
      <billSubjects>
        <legislativeSubjects>
          <item>
            <name>Broadcasting, cable, digital technologies</name>
          </item>
          <item>
            <name>Department of Commerce</name>
          </item>
          <item>
            <name>Earth sciences</name>
          </item>
          <item>
            <name>Executive agency funding and structure</name>
          </item>
          <item>
            <name>Geography</name>
          </item>
          <item>
            <name>Government information and archives</name>
          </item>
          <item>
            <name>Intergovernmental relations</name>
          </item>
          <item>
            <name>Internet and video services</name>
          </item>
          <item>
            <name>Marine and coastal resources, fisheries</name>
          </item>
          <item>
            <name>State and local government operations</name>
          </item>
          <item>
            <name>U.S. territories and protectorates</name>
          </item>
        </legislativeSubjects>
        <policyArea>
          <name>Public Lands and Natural Resources</name>
        </policyArea>
      </billSubjects>
    </subjects>
    <originChamber>Senate</originChamber>
    <introducedDate>2017-01-12</introducedDate>
    <titles>
      <item>
        <chamberName>Senate</chamberName>
        <title>Digital Coast Act</title>
        <titleType>Short Titles as Passed Senate</titleType>
        <chamberCode>S</chamberCode>
        <parentTitleType>Short Titles Senate</parentTitleType>
      </item>
      <item>
        <chamberName>Senate</chamberName>
        <title>Digital Coast Act</title>
        <titleType>Short Titles as Reported to Senate</titleType>
        <chamberCode>S</chamberCode>
        <parentTitleType>Short Titles Senate</parentTitleType>
      </item>
      <item>
        <chamberName />
        <title>Digital Coast Act</title>
        <titleType>Short Titles as Introduced</titleType>
        <chamberCode />
        <parentTitleType />
      </item>
      <item>
        <chamberName />
        <title>A bill to require the Secretary of Commerce, acting through the Administrator of the National Oceanic and Atmospheric Administration, to establish a constituent-driven program to provide a digital information platform capable of efficiently integrating coastal data with decision-support tools, training, and best practices and to support collection of priority coastal geospatial data to inform and improve local, State, regional, and Federal capacities to manage the coastal region, and for other purposes.</title>
        <titleType>Official Title as Introduced</titleType>
        <chamberCode />
        <parentTitleType />
      </item>
      <item>
        <chamberName />
        <title>Digital Coast Act</title>
        <titleType>Display Title</titleType>
        <chamberCode />
        <parentTitleType />
      </item>
      <item>
        <chamberName>Senate</chamberName>
        <title>Digital Coast Act</title>
        <titleType>(Extracted from GPO) Short Titles as Passed Senate</titleType>
        <chamberCode>S</chamberCode>
        <parentTitleType />
      </item>
      <item>
        <chamberName>Senate</chamberName>
        <title>Digital Coast Act</title>
        <titleType>(Extracted from GPO) Short Titles as Reported to Senate</titleType>
        <chamberCode>S</chamberCode>
        <parentTitleType />
      </item>
      <item>
        <chamberName />
        <title>Digital Coast Act</title>
        <titleType>(Extracted from GPO) Short Titles as Introduced</titleType>
        <chamberCode />
        <parentTitleType />
      </item>
    </titles>
    <version>1.0.0</version>
    <recordedVotes />
    <relatedBills>
      <item>
        <congress>115</congress>
        <latestTitle>Digital Coast Act</latestTitle>
        <type>HR</type>
        <relationshipDetails>
          <item>
            <identifiedBy>CRS</identifiedBy>
            <type>Identical bill</type>
          </item>
        </relationshipDetails>
        <latestAction>
          <text>Referred to the Subcommittee on Water, Power and Oceans.</text>
          <actionDate>2017-10-18</actionDate>
        </latestAction>
        <number>4062</number>
      </item>
    </relatedBills>
    <cboCostEstimates>
      <item>
        <url>https://www.cbo.gov/publication/52496</url>
        <pubDate>2017-03-14T21:30:00Z</pubDate>
        <title>S. 110, Digital Coast Act</title>
      </item>
    </cboCostEstimates>
    <summaries>
      <billSummaries>
        <item>
          <updateDate>2017-01-12T05:00:00Z</updateDate>
          <actionDesc>Introduced in Senate</actionDesc>
          <text><![CDATA[<p><b>Digital Coast Act</b></p> <p>This bill requires the National Oceanic and Atmospheric Administration (NOAA) to establish a constituent-driven Digital Coast program. (This program currently exists under NOAA to provide data, tools, and training that communities use to manage their coastal resources.) The program must: (1) provide an online resource that integrates geospatial data, decision-support tools, training, and best practices to address coastal management issues and needs, and to enhance resilient communities, ecosystem values, and coastal economic growth and development; and (2) provide for the documentation, dissemination, and archiving of the data.</p> <p>NOAA must focus on filling data needs and gaps for critical coastal management issues and support continued improvement in existing efforts to coordinate the acquisition and integration of key data sets needed for coastal management, and other purposes. NOAA may enter into financial agreements to carry out the program. NOAA may enter into contracts with private sector entities as may be necessary to collect, process, and provide remote sensing and other geospatial data and products.</p> <p>Additionally, NOAA may establish public tools that are capable of tracking ocean and Great Lakes economy data for each coastal state.</p>]]></text>
          <lastSummaryUpdateDate>2017-04-03T19:40:31Z</lastSummaryUpdateDate>
          <name>Introduced in Senate</name>
          <actionDate>2017-01-12</actionDate>
          <versionCode>00</versionCode>
        </item>
        <item>
          <updateDate>2017-03-30T13:14:14Z</updateDate>
          <actionDesc>Reported to Senate without amendment</actionDesc>
          <text><![CDATA[<p>(This measure has not been amended since it was introduced. The summary has been expanded because action occurred on the measure.)</p> <p><b>Digital Coast Act</b></p> <p>(Sec.4)This bill requires the National Oceanic and Atmospheric Administration (NOAA) to establish a constituent-driven Digital Coast program. (This program currently exists under NOAA to provide data, tools, and training that communities use to manage their coastal resources.) The program must: (1) provide an online resource that integrates geospatial data, decision-support tools, training, and best practices to address coastal management issues and needs, and to enhance resilient communities, ecosystem values, and coastal economic growth and development; and (2) provide for the documentation, dissemination, and archiving of the data.</p> <p>NOAA must focus on filling data needs and gaps for critical coastal management issues and support continued improvement in existing efforts to coordinate the acquisition and integration of key data sets needed for coastal management, and other purposes. NOAA may: (1) enter into financial agreements and collect fees to carry out the program; (2) enter into contracts with private sector entities as may be necessary to collect, process, and provide remote sensing and other geospatial data and products.</p> <p>Additionally, NOAA may establish publicly available tools that track ocean and Great Lakes economy data for each coastal state.</p>]]></text>
          <lastSummaryUpdateDate>2017-07-07T13:12:04Z</lastSummaryUpdateDate>
          <name>Reported to Senate without amendment</name>
          <actionDate>2017-03-30</actionDate>
          <versionCode>80</versionCode>
        </item>
        <item>
          <updateDate>2017-05-25T12:48:57Z</updateDate>
          <actionDesc>Passed Senate without amendment</actionDesc>
          <text><![CDATA[<p>(This measure has not been amended since it was introduced. The expanded summary of the Senate reported version is repeated here.) </p> <p><b>Digital Coast Act</b></p> <p>(Sec.4)This bill requires the National Oceanic and Atmospheric Administration (NOAA) to establish a constituent-driven Digital Coast program. (This program currently exists under NOAA to provide data, tools, and training that communities use to manage their coastal resources.) The program must: (1) provide an online resource that integrates geospatial data, decision-support tools, training, and best practices to address coastal management issues and needs, and to enhance resilient communities, ecosystem values, and coastal economic growth and development; and (2) provide for the documentation, dissemination, and archiving of the data.</p> <p>NOAA must focus on filling data needs and gaps for critical coastal management issues and support continued improvement in existing efforts to coordinate the acquisition and integration of key data sets needed for coastal management, and other purposes. NOAA may: (1) enter into financial agreements and collect fees to carry out the program; (2) enter into contracts with private sector entities as may be necessary to collect, process, and provide remote sensing and other geospatial data and products.</p> <p>Additionally, NOAA may establish publicly available tools that track ocean and Great Lakes economy data for each coastal state.</p>]]></text>
          <lastSummaryUpdateDate>2017-08-07T21:17:44Z</lastSummaryUpdateDate>
          <name>Passed Senate without amendment</name>
          <actionDate>2017-05-25</actionDate>
          <versionCode>82</versionCode>
        </item>
      </billSummaries>
    </summaries>
    <amendments />
    <congress>115</congress>
  </bill>
  <dublinCore xmlns:dc="http://purl.org/dc/elements/1.1/">
    <dc:format>text/xml</dc:format>
    <dc:language>EN</dc:language>
    <dc:rights>Pursuant to Title 17 Section 105 of the United States Code, this file is not subject to copyright protection and is in the public domain.</dc:rights>
    <dc:contributor>Congressional Research Service, Library of Congress</dc:contributor>
    <dc:description>This file contains bill summaries and statuses for federal legislation. A bill summary describes the most significant provisions of a piece of legislation and details the effects the legislative text may have on current law and federal programs. Bill summaries are authored by the Congressional Research Service (CRS) of the Library of Congress. As stated in Public Law 91-510 (2 USC 166 (d)(6)), one of the duties of CRS is "to prepare summaries and digests of bills and resolutions of a public general nature introduced in the Senate or House of Representatives". For more information, refer to the User Guide that accompanies this file.</dc:description>
  </dublinCore>
</billStatus>

