<?xml version="1.0" encoding="UTF-8"?>
<billStatus>
  <bill>
    <sponsors>
      <item>
        <fullName>Sen. Daines, Steve [R-MT]</fullName>
        <lastName>Daines</lastName>
        <bioguideId>D000618</bioguideId>
        <party>R</party>
        <middleName />
        <state>MT</state>
        <firstName>Steve</firstName>
        <byRequestType />
        <identifiers>
          <bioguideId>D000618</bioguideId>
          <gpoId />
          <lisID>2138</lisID>
        </identifiers>
      </item>
    </sponsors>
    <laws />
    <version>1.0.0</version>
    <introducedDate>2017-03-21</introducedDate>
    <cboCostEstimates />
    <titles>
      <item>
        <chamberCode />
        <chamberName />
        <parentTitleType />
        <titleType>(Extracted from GPO) Short Titles as Introduced</titleType>
        <title>Clean Water for Rural Communities Act</title>
      </item>
      <item>
        <chamberCode />
        <chamberName />
        <parentTitleType />
        <titleType>Short Titles as Introduced</titleType>
        <title>Clean Water for Rural Communities Act</title>
      </item>
      <item>
        <chamberCode />
        <chamberName />
        <parentTitleType />
        <titleType>Official Title as Introduced</titleType>
        <title>A bill to authorize the Dry-Redwater Regional Water Authority System and the Musselshell-Judith Rural Water System in the States of Montana and North Dakota, and for other purposes.</title>
      </item>
      <item>
        <chamberCode />
        <chamberName />
        <parentTitleType />
        <titleType>Display Title</titleType>
        <title>Clean Water for Rural Communities Act</title>
      </item>
    </titles>
    <amendments />
    <recordedVotes />
    <relatedBills />
    <congress>115</congress>
    <billType>S</billType>
    <actions>
      <actionByCounts>
        <senate>3</senate>
      </actionByCounts>
      <actionTypeCounts>
        <referredToCommittee>1</referredToCommittee>
        <introducedInSenate>1</introducedInSenate>
        <hearingsHeld>1</hearingsHeld>
      </actionTypeCounts>
      <item>
        <actionDate>2017-06-14</actionDate>
        <committee>
          <name>Water and Power Subcommittee</name>
          <systemCode>sseg07</systemCode>
        </committee>
        <links />
        <sourceSystem>
          <code>0</code>
          <name>Senate</name>
        </sourceSystem>
        <text>Committee on Energy and Natural Resources Subcommittee on Water and Power. Hearings held.</text>
        <type>Committee</type>
      </item>
      <item>
        <actionDate>2017-03-21</actionDate>
        <committee>
          <name>Energy and Natural Resources Committee</name>
          <systemCode>sseg00</systemCode>
        </committee>
        <links>
          <link>
            <name>S1893</name>
            <url>https://www.congress.gov/congressional-record/volume-163/senate-section/page/S1893</url>
          </link>
          <link>
            <name>S1893-1895</name>
            <url>https://www.congress.gov/congressional-record/volume-163/senate-section/page/S1893-1895</url>
          </link>
        </links>
        <sourceSystem>
          <code>0</code>
          <name>Senate</name>
        </sourceSystem>
        <text>Read twice and referred to the Committee on Energy and Natural Resources. (Sponsor introductory remarks on measure: CR S1893; text of measure as introduced: CR S1893-1895)</text>
        <type>IntroReferral</type>
      </item>
      <item>
        <text>Introduced in Senate</text>
        <links />
        <sourceSystem>
          <code>9</code>
          <name>Library of Congress</name>
        </sourceSystem>
        <actionCode>10000</actionCode>
        <type>IntroReferral</type>
        <committee />
        <actionDate>2017-03-21</actionDate>
      </item>
    </actions>
    <notes />
    <originChamber>Senate</originChamber>
    <title>Clean Water for Rural Communities Act</title>
    <billNumber>685</billNumber>
    <cosponsors>
      <item>
        <party>D</party>
        <bioguideId>T000464</bioguideId>
        <isOriginalCosponsor>True</isOriginalCosponsor>
        <firstName>Jon</firstName>
        <middleName />
        <sponsorshipWithdrawnDate />
        <sponsorshipDate>2017-03-21</sponsorshipDate>
        <fullName>Sen. Tester, Jon [D-MT]</fullName>
        <identifiers>
          <lisID>1829</lisID>
          <gpoId>8258</gpoId>
          <bioguideId>T000464</bioguideId>
        </identifiers>
        <lastName>Tester</lastName>
        <state>MT</state>
      </item>
    </cosponsors>
    <summaries>
      <billSummaries>
        <item>
          <versionCode>00</versionCode>
          <text><![CDATA[<p><strong>Clean Water for Rural Communities Act</strong><strong></strong></p> <p> This bill authorizes the Department of the Interior to carry out the projects entitled: (1) the &quot;Dry-Redwater Regional Water Authority System&quot; in accordance with the Dry-Redwater Regional Water System Feasibility Study, which received funding from the Bureau of Reclamation on September 1, 2010; and (2) the &quot;Musselshell-Judith Rural Water System&quot; in accordance with the Musselshell-Judith Rural Water System Feasibility Report. The bill defines the service areas of such projects in North Dakota and Montana.</p> <p>Interior must enter into a cooperative agreement with the Dry-Redwater Regional Water Authority and the Central Montana Regional Water Authority to provide federal assistance for the planning, design, and construction of such water systems. The bill sets forth the federal share of such costs and the authorized uses of federal funds, which exclude operation, maintenance, or replacement of the water systems.</p> <p>The Western Area Power Administration must make available to the Dry-Redwater System a quantity of power (up to one and a half megawatt capacity) required to meet the system's pumping and incidental operation requirements between May 1 and October 31 of each year: (1) from the water intake facilities; and (2) through all pumping stations, water treatment facilities, reservoirs, storage tanks, and pipelines up to the point of delivery of water to all storage reservoirs and tanks and each entity that distributes water at retail to individual users.</p> <p>The system is eligible to receive such power only if it: (1) operates on a nonprofit basis, and (2) is constructed pursuant to the cooperative agreement with the Dry-Redwater Regional Water Authority. The bill provides for the purchase of additional power.</p> <p>The authority is responsible for: (1) charges for such additional power, (2) the costs of non-federal transmission and distribution system delivery and service arrangements, and (3) funding any upgrades to the transmission system owned by the Western Area Power Administration Basin Electric Power District and the Heartland Consumers Power District required to deliver power to the system.</p> <p>The bill authorizes appropriations and adjustments in authorized amounts in accordance with ordinary fluctuations in development costs.</p>]]></text>
          <actionDesc>Introduced in Senate</actionDesc>
          <actionDate>2017-03-21</actionDate>
          <lastSummaryUpdateDate>2017-04-20T18:10:06Z</lastSummaryUpdateDate>
          <name>Introduced in Senate</name>
          <updateDate>2017-03-21T04:00:00Z</updateDate>
        </item>
      </billSummaries>
    </summaries>
    <policyArea>
      <name>Water Resources Development</name>
    </policyArea>
    <latestAction>
      <links />
      <actionDate>2017-06-14</actionDate>
      <text>Committee on Energy and Natural Resources Subcommittee on Water and Power. Hearings held.</text>
    </latestAction>
    <updateDate>2018-02-06T16:45:04Z</updateDate>
    <committees>
      <billCommittees>
        <item>
          <systemCode>sseg00</systemCode>
          <chamber>Senate</chamber>
          <type>Standing</type>
          <activities>
            <item>
              <date>2017-03-21T19:23:05Z</date>
              <name>Referred to</name>
            </item>
          </activities>
          <name>Energy and Natural Resources Committee</name>
          <subcommittees>
            <item>
              <activities>
                <item>
                  <date>2017-06-14T18:30:10Z</date>
                  <name>Hearings by</name>
                </item>
              </activities>
              <systemCode>sseg07</systemCode>
              <name>Water and Power Subcommittee</name>
            </item>
          </subcommittees>
        </item>
      </billCommittees>
    </committees>
    <createDate>2017-03-22T05:45:19Z</createDate>
    <subjects>
      <billSubjects>
        <legislativeSubjects>
          <item>
            <name>Electric power generation and transmission</name>
          </item>
          <item>
            <name>Montana</name>
          </item>
          <item>
            <name>North Dakota</name>
          </item>
          <item>
            <name>Rural conditions and development</name>
          </item>
          <item>
            <name>Water resources funding</name>
          </item>
          <item>
            <name>Water storage</name>
          </item>
          <item>
            <name>Water use and supply</name>
          </item>
        </legislativeSubjects>
        <policyArea>
          <name>Water Resources Development</name>
        </policyArea>
      </billSubjects>
    </subjects>
    <committeeReports />
    <calendarNumbers />
  </bill>
  <dublinCore xmlns:dc="http://purl.org/dc/elements/1.1/">
    <dc:format>text/xml</dc:format>
    <dc:language>EN</dc:language>
    <dc:rights>Pursuant to Title 17 Section 105 of the United States Code, this file is not subject to copyright protection and is in the public domain.</dc:rights>
    <dc:contributor>Congressional Research Service, Library of Congress</dc:contributor>
    <dc:description>This file contains bill summaries and statuses for federal legislation. A bill summary describes the most significant provisions of a piece of legislation and details the effects the legislative text may have on current law and federal programs. Bill summaries are authored by the Congressional Research Service (CRS) of the Library of Congress. As stated in Public Law 91-510 (2 USC 166 (d)(6)), one of the duties of CRS is "to prepare summaries and digests of bills and resolutions of a public general nature introduced in the Senate or House of Representatives". For more information, refer to the User Guide that accompanies this file.</dc:description>
  </dublinCore>
</billStatus>

