<?xml version="1.0" encoding="UTF-8"?>
<billStatus>
  <bill>
    <originChamber>Senate</originChamber>
    <introducedDate>2017-02-14</introducedDate>
    <cosponsors>
      <item>
        <fullName>Sen. Tillis, Thom [R-NC]</fullName>
        <lastName>Tillis</lastName>
        <bioguideId>T000476</bioguideId>
        <isOriginalCosponsor>True</isOriginalCosponsor>
        <middleName>Roland</middleName>
        <state>NC</state>
        <firstName>Thomas</firstName>
        <sponsorshipDate>2017-02-14</sponsorshipDate>
        <sponsorshipWithdrawnDate />
        <party>R</party>
        <identifiers>
          <lisID>2291</lisID>
          <bioguideId>T000476</bioguideId>
          <gpoId />
        </identifiers>
      </item>
      <item>
        <fullName>Sen. Casey, Robert P., Jr. [D-PA]</fullName>
        <lastName>Casey</lastName>
        <bioguideId>C001070</bioguideId>
        <isOriginalCosponsor>False</isOriginalCosponsor>
        <middleName />
        <state>PA</state>
        <firstName>Bob</firstName>
        <sponsorshipDate>2017-05-25</sponsorshipDate>
        <sponsorshipWithdrawnDate />
        <party>D</party>
        <identifiers>
          <bioguideId>C001070</bioguideId>
          <gpoId>8282</gpoId>
          <lisID>1828</lisID>
        </identifiers>
      </item>
    </cosponsors>
    <billType>S</billType>
    <recordedVotes />
    <laws />
    <committeeReports />
    <actions>
      <actionByCounts>
        <senate>2</senate>
      </actionByCounts>
      <actionTypeCounts>
        <referredToCommittee>1</referredToCommittee>
        <introducedInSenate>1</introducedInSenate>
      </actionTypeCounts>
      <item>
        <actionDate>2017-02-14</actionDate>
        <committee>
          <systemCode>ssva00</systemCode>
          <name>Veterans' Affairs Committee</name>
        </committee>
        <links />
        <sourceSystem>
          <name>Senate</name>
          <code>0</code>
        </sourceSystem>
        <text>Read twice and referred to the Committee on Veterans' Affairs.</text>
        <type>IntroReferral</type>
      </item>
      <item>
        <actionDate>2017-02-14</actionDate>
        <text>Introduced in Senate</text>
        <sourceSystem>
          <name>Library of Congress</name>
          <code>9</code>
        </sourceSystem>
        <committee />
        <links />
        <actionCode>10000</actionCode>
        <type>IntroReferral</type>
      </item>
    </actions>
    <createDate>2017-02-15T05:13:05Z</createDate>
    <version>1.0.0</version>
    <notes />
    <latestAction>
      <actionDate>2017-02-14</actionDate>
      <text>Read twice and referred to the Committee on Veterans' Affairs.</text>
      <links />
    </latestAction>
    <title>BRAVE Act</title>
    <summaries>
      <billSummaries>
        <item>
          <updateDate>2017-02-14T05:00:00Z</updateDate>
          <lastSummaryUpdateDate>2017-03-11T16:18:53Z</lastSummaryUpdateDate>
          <actionDate>2017-02-14</actionDate>
          <name>Introduced in Senate</name>
          <actionDesc>Introduced in Senate</actionDesc>
          <versionCode>00</versionCode>
          <text><![CDATA[<p><strong>Boosting Rates of American Veteran Employment Act or the BRAVE Act</strong></p> <p> This bill authorizes the Department of Veterans Affairs (VA), in awarding a contract for the procurement of goods or services, to give preference to offerors based on the percentage of the offeror's full-time employees who are veterans.</p> <p>The VA is authorized to debar from VA contracting for at least five years any offeror determined to have willfully and intentionally misrepresented the veteran status of its employees.</p>]]></text>
        </item>
      </billSummaries>
    </summaries>
    <congress>115</congress>
    <policyArea>
      <name>Armed Forces and National Security</name>
    </policyArea>
    <billNumber>369</billNumber>
    <calendarNumbers />
    <cboCostEstimates />
    <subjects>
      <billSubjects>
        <policyArea>
          <name>Armed Forces and National Security</name>
        </policyArea>
        <legislativeSubjects>
          <item>
            <name>Department of Veterans Affairs</name>
          </item>
          <item>
            <name>Fraud offenses and financial crimes</name>
          </item>
          <item>
            <name>Public contracts and procurement</name>
          </item>
          <item>
            <name>Veterans' education, employment, rehabilitation</name>
          </item>
        </legislativeSubjects>
      </billSubjects>
    </subjects>
    <relatedBills>
      <item>
        <relationshipDetails>
          <item>
            <identifiedBy>CRS</identifiedBy>
            <type>Identical bill</type>
          </item>
        </relationshipDetails>
        <latestAction>
          <actionDate>2017-02-14</actionDate>
          <text>Received in the Senate and Read twice and referred to the Committee on Veterans' Affairs.</text>
        </latestAction>
        <type>HR</type>
        <number>974</number>
        <latestTitle>BRAVE Act</latestTitle>
        <congress>115</congress>
      </item>
    </relatedBills>
    <committees>
      <billCommittees>
        <item>
          <subcommittees />
          <type>Standing</type>
          <systemCode>ssva00</systemCode>
          <activities>
            <item>
              <name>Referred to</name>
              <date>2017-02-14T17:14:04Z</date>
            </item>
          </activities>
          <name>Veterans' Affairs Committee</name>
          <chamber>Senate</chamber>
        </item>
      </billCommittees>
    </committees>
    <titles>
      <item>
        <title>BRAVE Act</title>
        <titleType>(Extracted from GPO) Short Titles as Introduced</titleType>
        <parentTitleType />
        <chamberCode />
        <chamberName />
      </item>
      <item>
        <title>Boosting Rates of American Veteran Employment Act</title>
        <titleType>(Extracted from GPO) Short Titles as Introduced</titleType>
        <parentTitleType />
        <chamberCode />
        <chamberName />
      </item>
      <item>
        <title>BRAVE Act</title>
        <titleType>Short Titles as Introduced</titleType>
        <parentTitleType />
        <chamberCode />
        <chamberName />
      </item>
      <item>
        <title>Boosting Rates of American Veteran Employment Act</title>
        <titleType>Short Titles as Introduced</titleType>
        <parentTitleType />
        <chamberCode />
        <chamberName />
      </item>
      <item>
        <title>A bill to amend title 38, United States Code, to authorize the Secretary of Veterans Affairs, in awarding a contract for the procurement of goods or services, to give a preference to offerors that employ veterans, and for other purposes.</title>
        <titleType>Official Title as Introduced</titleType>
        <parentTitleType />
        <chamberCode />
        <chamberName />
      </item>
      <item>
        <title>BRAVE Act</title>
        <titleType>Display Title</titleType>
        <parentTitleType />
        <chamberCode />
        <chamberName />
      </item>
    </titles>
    <sponsors>
      <item>
        <fullName>Sen. Baldwin, Tammy [D-WI]</fullName>
        <middleName />
        <state>WI</state>
        <byRequestType />
        <firstName>TAMMY</firstName>
        <bioguideId>B001230</bioguideId>
        <party>D</party>
        <lastName>BALDWIN</lastName>
        <identifiers>
          <bioguideId>B001230</bioguideId>
          <lisID>1558</lisID>
          <gpoId>8215</gpoId>
        </identifiers>
      </item>
    </sponsors>
    <updateDate>2018-02-06T16:44:45Z</updateDate>
    <amendments />
  </bill>
  <dublinCore xmlns:dc="http://purl.org/dc/elements/1.1/">
    <dc:format>text/xml</dc:format>
    <dc:language>EN</dc:language>
    <dc:rights>Pursuant to Title 17 Section 105 of the United States Code, this file is not subject to copyright protection and is in the public domain.</dc:rights>
    <dc:contributor>Congressional Research Service, Library of Congress</dc:contributor>
    <dc:description>This file contains bill summaries and statuses for federal legislation. A bill summary describes the most significant provisions of a piece of legislation and details the effects the legislative text may have on current law and federal programs. Bill summaries are authored by the Congressional Research Service (CRS) of the Library of Congress. As stated in Public Law 91-510 (2 USC 166 (d)(6)), one of the duties of CRS is "to prepare summaries and digests of bills and resolutions of a public general nature introduced in the Senate or House of Representatives". For more information, refer to the User Guide that accompanies this file.</dc:description>
  </dublinCore>
</billStatus>

