<?xml version="1.0" encoding="UTF-8"?>
<billStatus>
  <bill>
    <policyArea>
      <name>Finance and Financial Sector</name>
    </policyArea>
    <committeeReports />
    <congress>115</congress>
    <sponsors>
      <item>
        <identifiers>
          <lisID>136</lisID>
          <gpoId>8309</gpoId>
          <bioguideId>B000944</bioguideId>
        </identifiers>
        <middleName />
        <byRequestType />
        <fullName>Sen. Brown, Sherrod [D-OH]</fullName>
        <bioguideId>B000944</bioguideId>
        <state>OH</state>
        <party>D</party>
        <firstName>SHERROD</firstName>
        <lastName>BROWN</lastName>
      </item>
    </sponsors>
    <calendarNumbers />
    <amendments />
    <relatedBills>
      <item>
        <type>HR</type>
        <latestAction>
          <text>Referred to the House Committee on Financial Services.</text>
          <actionDate>2017-03-07</actionDate>
        </latestAction>
        <latestTitle>Justice for Victims of Fraud Act of 2017</latestTitle>
        <relationshipDetails>
          <item>
            <type>Related bill</type>
            <identifiedBy>CRS</identifiedBy>
          </item>
        </relationshipDetails>
        <congress>115</congress>
        <number>1414</number>
      </item>
    </relatedBills>
    <notes />
    <originChamber>Senate</originChamber>
    <version>1.0.0</version>
    <billNumber>552</billNumber>
    <title>Justice for Victims of Fraud Act of 2017</title>
    <cosponsors>
      <item>
        <state>VT</state>
        <identifiers>
          <bioguideId>L000174</bioguideId>
          <lisID>1383</lisID>
          <gpoId>8244</gpoId>
        </identifiers>
        <bioguideId>L000174</bioguideId>
        <sponsorshipDate>2017-03-07</sponsorshipDate>
        <lastName>LEAHY</lastName>
        <fullName>Sen. Leahy, Patrick J. [D-VT]</fullName>
        <firstName>PATRICK</firstName>
        <party>D</party>
        <middleName>JOSEPH</middleName>
        <isOriginalCosponsor>True</isOriginalCosponsor>
        <sponsorshipWithdrawnDate />
      </item>
      <item>
        <state>WA</state>
        <identifiers>
          <bioguideId>M001111</bioguideId>
          <lisID>1409</lisID>
          <gpoId>8237</gpoId>
        </identifiers>
        <bioguideId>M001111</bioguideId>
        <sponsorshipDate>2017-03-07</sponsorshipDate>
        <lastName>MURRAY</lastName>
        <fullName>Sen. Murray, Patty [D-WA]</fullName>
        <firstName>PATTY</firstName>
        <party>D</party>
        <middleName />
        <isOriginalCosponsor>True</isOriginalCosponsor>
        <sponsorshipWithdrawnDate />
      </item>
      <item>
        <state>OR</state>
        <identifiers>
          <gpoId>8265</gpoId>
          <lisID>1247</lisID>
          <bioguideId>W000779</bioguideId>
        </identifiers>
        <bioguideId>W000779</bioguideId>
        <sponsorshipDate>2017-03-07</sponsorshipDate>
        <lastName>WYDEN</lastName>
        <fullName>Sen. Wyden, Ron [D-OR]</fullName>
        <firstName>RON</firstName>
        <party>D</party>
        <middleName />
        <isOriginalCosponsor>True</isOriginalCosponsor>
        <sponsorshipWithdrawnDate />
      </item>
      <item>
        <state>IL</state>
        <identifiers>
          <gpoId>8326</gpoId>
          <bioguideId>D000563</bioguideId>
          <lisID>326</lisID>
        </identifiers>
        <bioguideId>D000563</bioguideId>
        <sponsorshipDate>2017-03-07</sponsorshipDate>
        <lastName>DURBIN</lastName>
        <fullName>Sen. Durbin, Richard J. [D-IL]</fullName>
        <firstName>RICHARD</firstName>
        <party>D</party>
        <middleName>J.</middleName>
        <isOriginalCosponsor>True</isOriginalCosponsor>
        <sponsorshipWithdrawnDate />
      </item>
      <item>
        <state>RI</state>
        <identifiers>
          <lisID>949</lisID>
          <bioguideId>R000122</bioguideId>
          <gpoId>8272</gpoId>
        </identifiers>
        <bioguideId>R000122</bioguideId>
        <sponsorshipDate>2017-03-07</sponsorshipDate>
        <lastName>REED</lastName>
        <fullName>Sen. Reed, Jack [D-RI]</fullName>
        <firstName>JOHN</firstName>
        <party>D</party>
        <middleName>F.</middleName>
        <isOriginalCosponsor>True</isOriginalCosponsor>
        <sponsorshipWithdrawnDate />
      </item>
      <item>
        <state>NJ</state>
        <identifiers>
          <lisID>791</lisID>
          <bioguideId>M000639</bioguideId>
          <gpoId>8239</gpoId>
        </identifiers>
        <bioguideId>M000639</bioguideId>
        <sponsorshipDate>2017-03-07</sponsorshipDate>
        <lastName>MENENDEZ</lastName>
        <fullName>Sen. Menendez, Robert [D-NJ]</fullName>
        <firstName>ROBERT</firstName>
        <party>D</party>
        <middleName />
        <isOriginalCosponsor>True</isOriginalCosponsor>
        <sponsorshipWithdrawnDate />
      </item>
      <item>
        <state>VT</state>
        <identifiers>
          <bioguideId>S000033</bioguideId>
          <lisID>1010</lisID>
          <gpoId>8270</gpoId>
        </identifiers>
        <bioguideId>S000033</bioguideId>
        <sponsorshipDate>2017-03-07</sponsorshipDate>
        <lastName>SANDERS</lastName>
        <fullName>Sen. Sanders, Bernard [I-VT]</fullName>
        <firstName>BERNARD</firstName>
        <party>I</party>
        <middleName />
        <isOriginalCosponsor>True</isOriginalCosponsor>
        <sponsorshipWithdrawnDate />
      </item>
      <item>
        <state>PA</state>
        <identifiers>
          <gpoId>8282</gpoId>
          <bioguideId>C001070</bioguideId>
          <lisID>1828</lisID>
        </identifiers>
        <bioguideId>C001070</bioguideId>
        <sponsorshipDate>2017-03-07</sponsorshipDate>
        <lastName>Casey</lastName>
        <fullName>Sen. Casey, Robert P., Jr. [D-PA]</fullName>
        <firstName>Bob</firstName>
        <party>D</party>
        <middleName />
        <isOriginalCosponsor>True</isOriginalCosponsor>
        <sponsorshipWithdrawnDate />
      </item>
      <item>
        <state>RI</state>
        <identifiers>
          <bioguideId>W000802</bioguideId>
          <gpoId>8264</gpoId>
          <lisID>1823</lisID>
        </identifiers>
        <bioguideId>W000802</bioguideId>
        <sponsorshipDate>2017-03-07</sponsorshipDate>
        <lastName>Whitehouse</lastName>
        <fullName>Sen. Whitehouse, Sheldon [D-RI]</fullName>
        <firstName>Sheldon</firstName>
        <party>D</party>
        <middleName />
        <isOriginalCosponsor>True</isOriginalCosponsor>
        <sponsorshipWithdrawnDate />
      </item>
      <item>
        <state>VA</state>
        <identifiers>
          <bioguideId>W000805</bioguideId>
          <lisID>1897</lisID>
          <gpoId>8269</gpoId>
        </identifiers>
        <bioguideId>W000805</bioguideId>
        <sponsorshipDate>2017-03-07</sponsorshipDate>
        <lastName>Warner</lastName>
        <fullName>Sen. Warner, Mark R. [D-VA]</fullName>
        <firstName>Mark</firstName>
        <party>D</party>
        <middleName>R.</middleName>
        <isOriginalCosponsor>True</isOriginalCosponsor>
        <sponsorshipWithdrawnDate />
      </item>
      <item>
        <state>OR</state>
        <identifiers>
          <bioguideId>M001176</bioguideId>
          <lisID>1900</lisID>
          <gpoId>8238</gpoId>
        </identifiers>
        <bioguideId>M001176</bioguideId>
        <sponsorshipDate>2017-03-07</sponsorshipDate>
        <lastName>Merkley</lastName>
        <fullName>Sen. Merkley, Jeff [D-OR]</fullName>
        <firstName>Jeff</firstName>
        <party>D</party>
        <middleName />
        <isOriginalCosponsor>True</isOriginalCosponsor>
        <sponsorshipWithdrawnDate />
      </item>
      <item>
        <state>MN</state>
        <identifiers>
          <gpoId>8339</gpoId>
          <bioguideId>F000457</bioguideId>
          <lisID>1969</lisID>
        </identifiers>
        <bioguideId>F000457</bioguideId>
        <sponsorshipDate>2017-03-07</sponsorshipDate>
        <lastName>Franken</lastName>
        <fullName>Sen. Franken, Al [D-MN]</fullName>
        <firstName>Al</firstName>
        <party>D</party>
        <middleName />
        <isOriginalCosponsor>True</isOriginalCosponsor>
        <sponsorshipWithdrawnDate />
      </item>
      <item>
        <state>CT</state>
        <identifiers>
          <lisID>2076</lisID>
          <bioguideId>B001277</bioguideId>
          <gpoId>8332</gpoId>
        </identifiers>
        <bioguideId>B001277</bioguideId>
        <sponsorshipDate>2017-03-07</sponsorshipDate>
        <lastName>Blumenthal</lastName>
        <fullName>Sen. Blumenthal, Richard [D-CT]</fullName>
        <firstName>Richard</firstName>
        <party>D</party>
        <middleName />
        <isOriginalCosponsor>True</isOriginalCosponsor>
        <sponsorshipWithdrawnDate />
      </item>
      <item>
        <state>HI</state>
        <identifiers>
          <gpoId />
          <bioguideId>S001194</bioguideId>
          <lisID>2173</lisID>
        </identifiers>
        <bioguideId>S001194</bioguideId>
        <sponsorshipDate>2017-03-07</sponsorshipDate>
        <lastName>Schatz</lastName>
        <fullName>Sen. Schatz, Brian [D-HI]</fullName>
        <firstName>Brian</firstName>
        <party>D</party>
        <middleName />
        <isOriginalCosponsor>True</isOriginalCosponsor>
        <sponsorshipWithdrawnDate />
      </item>
      <item>
        <state>HI</state>
        <identifiers>
          <gpoId>7913</gpoId>
          <lisID>1844</lisID>
          <bioguideId>H001042</bioguideId>
        </identifiers>
        <bioguideId>H001042</bioguideId>
        <sponsorshipDate>2017-03-07</sponsorshipDate>
        <lastName>Hirono</lastName>
        <fullName>Sen. Hirono, Mazie K. [D-HI]</fullName>
        <firstName>Mazie</firstName>
        <party>D</party>
        <middleName>K.</middleName>
        <isOriginalCosponsor>True</isOriginalCosponsor>
        <sponsorshipWithdrawnDate />
      </item>
      <item>
        <state>MA</state>
        <identifiers>
          <lisID>2182</lisID>
          <gpoId />
          <bioguideId>W000817</bioguideId>
        </identifiers>
        <bioguideId>W000817</bioguideId>
        <sponsorshipDate>2017-03-07</sponsorshipDate>
        <lastName>Warren</lastName>
        <fullName>Sen. Warren, Elizabeth [D-MA]</fullName>
        <firstName>Elizabeth</firstName>
        <party>D</party>
        <middleName>A.</middleName>
        <isOriginalCosponsor>True</isOriginalCosponsor>
        <sponsorshipWithdrawnDate />
      </item>
      <item>
        <state>ND</state>
        <identifiers>
          <gpoId />
          <lisID>2174</lisID>
          <bioguideId>H001069</bioguideId>
        </identifiers>
        <bioguideId>H001069</bioguideId>
        <sponsorshipDate>2017-03-07</sponsorshipDate>
        <lastName>Heitkamp</lastName>
        <fullName>Sen. Heitkamp, Heidi [D-ND]</fullName>
        <firstName>Heidi</firstName>
        <party>D</party>
        <middleName />
        <isOriginalCosponsor>True</isOriginalCosponsor>
        <sponsorshipWithdrawnDate />
      </item>
      <item>
        <state>MD</state>
        <identifiers>
          <bioguideId>V000128</bioguideId>
          <lisID>1729</lisID>
          <gpoId>7983</gpoId>
        </identifiers>
        <bioguideId>V000128</bioguideId>
        <sponsorshipDate>2017-03-07</sponsorshipDate>
        <lastName>Van Hollen</lastName>
        <fullName>Sen. Van Hollen, Chris [D-MD]</fullName>
        <firstName>Chris</firstName>
        <party>D</party>
        <middleName />
        <isOriginalCosponsor>True</isOriginalCosponsor>
        <sponsorshipWithdrawnDate />
      </item>
      <item>
        <state>NV</state>
        <identifiers>
          <gpoId />
          <bioguideId>C001113</bioguideId>
          <lisID>2299</lisID>
        </identifiers>
        <bioguideId>C001113</bioguideId>
        <sponsorshipDate>2017-03-08</sponsorshipDate>
        <lastName>Cortez Masto</lastName>
        <fullName>Sen. Cortez Masto, Catherine  [D-NV]</fullName>
        <firstName>Catherine</firstName>
        <party>D</party>
        <middleName />
        <isOriginalCosponsor>False</isOriginalCosponsor>
        <sponsorshipWithdrawnDate />
      </item>
      <item>
        <state>CA</state>
        <identifiers>
          <lisID>1332</lisID>
          <gpoId>8338</gpoId>
          <bioguideId>F000062</bioguideId>
        </identifiers>
        <bioguideId>F000062</bioguideId>
        <sponsorshipDate>2017-03-29</sponsorshipDate>
        <lastName>FEINSTEIN</lastName>
        <fullName>Sen. Feinstein, Dianne [D-CA]</fullName>
        <firstName>DIANNE</firstName>
        <party>D</party>
        <middleName />
        <isOriginalCosponsor>False</isOriginalCosponsor>
        <sponsorshipWithdrawnDate />
      </item>
      <item>
        <state>NY</state>
        <identifiers>
          <gpoId>8336</gpoId>
          <lisID>1866</lisID>
          <bioguideId>G000555</bioguideId>
        </identifiers>
        <bioguideId>G000555</bioguideId>
        <sponsorshipDate>2018-01-08</sponsorshipDate>
        <lastName>Gillibrand</lastName>
        <fullName>Sen. Gillibrand, Kirsten E. [D-NY]</fullName>
        <firstName>Kirsten</firstName>
        <party>D</party>
        <middleName>E.</middleName>
        <isOriginalCosponsor>False</isOriginalCosponsor>
        <sponsorshipWithdrawnDate />
      </item>
    </cosponsors>
    <subjects>
      <billSubjects>
        <legislativeSubjects>
          <item>
            <name>Alternative dispute resolution, mediation, arbitration</name>
          </item>
          <item>
            <name>Bank accounts, deposits, capital</name>
          </item>
          <item>
            <name>Consumer credit</name>
          </item>
          <item>
            <name>Fraud offenses and financial crimes</name>
          </item>
        </legislativeSubjects>
        <policyArea>
          <name>Finance and Financial Sector</name>
        </policyArea>
      </billSubjects>
    </subjects>
    <laws />
    <actions>
      <actionByCounts>
        <senate>2</senate>
      </actionByCounts>
      <actionTypeCounts>
        <referredToCommittee>1</referredToCommittee>
        <introducedInSenate>1</introducedInSenate>
      </actionTypeCounts>
      <item>
        <actionDate>2017-03-07</actionDate>
        <committee>
          <systemCode>ssbk00</systemCode>
          <name>Banking, Housing, and Urban Affairs Committee</name>
        </committee>
        <links />
        <sourceSystem>
          <name>Senate</name>
          <code>0</code>
        </sourceSystem>
        <text>Read twice and referred to the Committee on Banking, Housing, and Urban Affairs.</text>
        <type>IntroReferral</type>
      </item>
      <item>
        <sourceSystem>
          <name>Library of Congress</name>
          <code>9</code>
        </sourceSystem>
        <actionDate>2017-03-07</actionDate>
        <text>Introduced in Senate</text>
        <type>IntroReferral</type>
        <links />
        <committee />
        <actionCode>10000</actionCode>
      </item>
    </actions>
    <titles>
      <item>
        <chamberCode />
        <titleType>(Extracted from GPO) Short Titles as Introduced</titleType>
        <parentTitleType />
        <chamberName />
        <title>Justice for Victims of Fraud Act of 2017</title>
      </item>
      <item>
        <chamberCode />
        <titleType>Short Titles as Introduced</titleType>
        <parentTitleType />
        <chamberName />
        <title>Justice for Victims of Fraud Act of 2017</title>
      </item>
      <item>
        <chamberCode />
        <titleType>Official Title as Introduced</titleType>
        <parentTitleType />
        <chamberName />
        <title>A bill to amend the Truth in Lending Act and the Electronic Fund Transfer Act to provide justice to victims of fraud.</title>
      </item>
      <item>
        <chamberCode />
        <titleType>Display Title</titleType>
        <parentTitleType />
        <chamberName />
        <title>Justice for Victims of Fraud Act of 2017</title>
      </item>
    </titles>
    <summaries>
      <billSummaries>
        <item>
          <updateDate>2017-03-07T05:00:00Z</updateDate>
          <actionDesc>Introduced in Senate</actionDesc>
          <versionCode>00</versionCode>
          <name>Introduced in Senate</name>
          <text><![CDATA[<p><b>Justice for Victims of Fraud Act of 2017</b></p> <p>This bill amends the Truth in Lending Act and the Electronic Fund Transfer Act to prohibit predispute arbitration agreements with consumers (i.e., agreements to arbitrate any future disputes between parties instead of pursuing the claims in court) from being valid or enforceable in disputes related to credit card accounts or personal bank accounts that are not subject to a final judgment by a court if the credit card or bank account was not issued in response to a request or application for that account. </p> <p>The bill excludes from this prohibition accounts held by a financial institution pursuant to a bona fide trust agreement.</p>]]></text>
          <lastSummaryUpdateDate>2017-05-19T16:49:22Z</lastSummaryUpdateDate>
          <actionDate>2017-03-07</actionDate>
        </item>
      </billSummaries>
    </summaries>
    <committees>
      <billCommittees>
        <item>
          <type>Standing</type>
          <systemCode>ssbk00</systemCode>
          <subcommittees />
          <activities>
            <item>
              <date>2017-03-07T23:01:13Z</date>
              <name>Referred to</name>
            </item>
          </activities>
          <chamber>Senate</chamber>
          <name>Banking, Housing, and Urban Affairs Committee</name>
        </item>
      </billCommittees>
    </committees>
    <introducedDate>2017-03-07</introducedDate>
    <updateDate>2018-02-06T16:44:55Z</updateDate>
    <cboCostEstimates />
    <recordedVotes />
    <billType>S</billType>
    <createDate>2017-03-08T05:28:21Z</createDate>
    <latestAction>
      <text>Read twice and referred to the Committee on Banking, Housing, and Urban Affairs.</text>
      <links />
      <actionDate>2017-03-07</actionDate>
    </latestAction>
  </bill>
  <dublinCore xmlns:dc="http://purl.org/dc/elements/1.1/">
    <dc:format>text/xml</dc:format>
    <dc:language>EN</dc:language>
    <dc:rights>Pursuant to Title 17 Section 105 of the United States Code, this file is not subject to copyright protection and is in the public domain.</dc:rights>
    <dc:contributor>Congressional Research Service, Library of Congress</dc:contributor>
    <dc:description>This file contains bill summaries and statuses for federal legislation. A bill summary describes the most significant provisions of a piece of legislation and details the effects the legislative text may have on current law and federal programs. Bill summaries are authored by the Congressional Research Service (CRS) of the Library of Congress. As stated in Public Law 91-510 (2 USC 166 (d)(6)), one of the duties of CRS is "to prepare summaries and digests of bills and resolutions of a public general nature introduced in the Senate or House of Representatives". For more information, refer to the User Guide that accompanies this file.</dc:description>
  </dublinCore>
</billStatus>

