<?xml version="1.0" encoding="UTF-8"?>
<billStatus>
  <bill>
    <calendarNumbers>
      <item>
        <calendar>Senate Calendar of Business</calendar>
        <number>0080</number>
      </item>
    </calendarNumbers>
    <billType>S</billType>
    <title>Alaska Mental Health Trust Land Exchange Act of 2017</title>
    <introducedDate>2017-01-12</introducedDate>
    <latestAction>
      <actionDate>2017-06-22</actionDate>
      <text>By Senator Murkowski from Committee on Energy and Natural Resources filed written report. Report No. 115-117.</text>
      <links />
    </latestAction>
    <titles>
      <item>
        <titleType>(Extracted from GPO) Short Titles as Reported to Senate</titleType>
        <chamberCode>S</chamberCode>
        <title>Alaska Mental Health Trust Land Exchange Act of 2017</title>
        <chamberName>Senate</chamberName>
        <parentTitleType />
      </item>
      <item>
        <titleType>(Extracted from GPO) Short Titles as Introduced</titleType>
        <chamberCode />
        <title>Alaska Mental Health Trust Land Exchange Act of 2017</title>
        <chamberName />
        <parentTitleType />
      </item>
      <item>
        <titleType>Short Titles as Reported to Senate</titleType>
        <chamberCode>S</chamberCode>
        <title>Alaska Mental Health Trust Land Exchange Act of 2017</title>
        <chamberName>Senate</chamberName>
        <parentTitleType>Short Titles Senate</parentTitleType>
      </item>
      <item>
        <titleType>Short Titles as Introduced</titleType>
        <chamberCode />
        <title>Alaska Mental Health Trust Land Exchange Act of 2017</title>
        <chamberName />
        <parentTitleType />
      </item>
      <item>
        <titleType>Official Title as Introduced</titleType>
        <chamberCode />
        <title>A bill to provide for the exchange of certain National Forest System land and non-Federal land in the State of Alaska, and for other purposes.</title>
        <chamberName />
        <parentTitleType />
      </item>
      <item>
        <titleType>Display Title</titleType>
        <chamberCode />
        <title>Alaska Mental Health Trust Land Exchange Act of 2017</title>
        <chamberName />
        <parentTitleType />
      </item>
    </titles>
    <actions>
      <actionByCounts>
        <senate>8</senate>
      </actionByCounts>
      <item>
        <actionDate>2017-06-22</actionDate>
        <committee>
          <name>Energy and Natural Resources Committee</name>
          <systemCode>sseg00</systemCode>
        </committee>
        <links>
          <link>
            <url>https://www.congress.gov/congressional-report/115th-congress/senate-report/117</url>
            <name>Report No. 115-117</name>
          </link>
        </links>
        <sourceSystem>
          <name>Senate</name>
          <code>0</code>
        </sourceSystem>
        <text>By Senator Murkowski from Committee on Energy and Natural Resources filed written report. Report No. 115-117.</text>
        <type>Floor</type>
      </item>
      <item>
        <actionDate>2017-06-22</actionDate>
        <text>By Senator Murkowski from Committee on Energy and Natural Resources filed written report. Report No. 115-117.</text>
        <links>
          <link>
            <url>https://www.congress.gov/congressional-report/115th-congress/senate-report/117</url>
            <name>Report No. 115-117</name>
          </link>
        </links>
        <actionCode>14900</actionCode>
        <type>Committee</type>
        <committee>
          <name>Energy and Natural Resources Committee</name>
          <systemCode>sseg00</systemCode>
        </committee>
        <sourceSystem>
          <name>Library of Congress</name>
          <code>9</code>
        </sourceSystem>
      </item>
      <item>
        <actionDate>2017-05-16</actionDate>
        <committee />
        <links />
        <sourceSystem>
          <name>Senate</name>
          <code>0</code>
        </sourceSystem>
        <text>Placed on Senate Legislative Calendar under General Orders. Calendar No. 80.</text>
        <type>Calendars</type>
      </item>
      <item>
        <actionDate>2017-05-16</actionDate>
        <committee>
          <name>Energy and Natural Resources Committee</name>
          <systemCode>sseg00</systemCode>
        </committee>
        <links />
        <sourceSystem>
          <name>Senate</name>
          <code>0</code>
        </sourceSystem>
        <text>Committee on Energy and Natural Resources. Reported by Senator Murkowski with an amendment in the nature of a substitute. Without written report.</text>
        <type>Committee</type>
      </item>
      <item>
        <actionDate>2017-05-16</actionDate>
        <text>Committee on Energy and Natural Resources. Reported by Senator Murkowski with an amendment in the nature of a substitute. Without written report.</text>
        <links />
        <actionCode>14000</actionCode>
        <type>Committee</type>
        <committee>
          <name>Energy and Natural Resources Committee</name>
          <systemCode>sseg00</systemCode>
        </committee>
        <sourceSystem>
          <name>Library of Congress</name>
          <code>9</code>
        </sourceSystem>
      </item>
      <item>
        <actionDate>2017-03-30</actionDate>
        <committee>
          <name>Energy and Natural Resources Committee</name>
          <systemCode>sseg00</systemCode>
        </committee>
        <links />
        <sourceSystem>
          <name>Senate</name>
          <code>0</code>
        </sourceSystem>
        <text>Committee on Energy and Natural Resources. Ordered to be reported with an amendment in the nature of a substitute favorably.</text>
        <type>Committee</type>
      </item>
      <item>
        <actionDate>2017-01-12</actionDate>
        <committee>
          <name>Energy and Natural Resources Committee</name>
          <systemCode>sseg00</systemCode>
        </committee>
        <links />
        <sourceSystem>
          <name>Senate</name>
          <code>0</code>
        </sourceSystem>
        <text>Read twice and referred to the Committee on Energy and Natural Resources.</text>
        <type>IntroReferral</type>
      </item>
      <item>
        <actionDate>2017-01-12</actionDate>
        <text>Introduced in Senate</text>
        <links />
        <actionCode>10000</actionCode>
        <type>IntroReferral</type>
        <committee />
        <sourceSystem>
          <name>Library of Congress</name>
          <code>9</code>
        </sourceSystem>
      </item>
      <actionTypeCounts>
        <committeeFiledReportToAccompany>1</committeeFiledReportToAccompany>
        <senateCommitteeReportFiledAfterReporting>1</senateCommitteeReportFiledAfterReporting>
        <referredToCommittee>1</referredToCommittee>
        <placedOnCalendarGeneralOrders>1</placedOnCalendarGeneralOrders>
        <orderedReported>1</orderedReported>
        <introducedInSenate>1</introducedInSenate>
        <reportedToSenate>2</reportedToSenate>
      </actionTypeCounts>
    </actions>
    <policyArea>
      <name>Public Lands and Natural Resources</name>
    </policyArea>
    <originChamber>Senate</originChamber>
    <subjects>
      <billSubjects>
        <legislativeSubjects>
          <item>
            <name>Alaska</name>
          </item>
          <item>
            <name>Forests, forestry, trees</name>
          </item>
          <item>
            <name>Health programs administration and funding</name>
          </item>
          <item>
            <name>Lakes and rivers</name>
          </item>
          <item>
            <name>Land transfers</name>
          </item>
          <item>
            <name>Land use and conservation</name>
          </item>
          <item>
            <name>Mental health</name>
          </item>
          <item>
            <name>Roads and highways</name>
          </item>
          <item>
            <name>Wildlife conservation and habitat protection</name>
          </item>
        </legislativeSubjects>
        <policyArea>
          <name>Public Lands and Natural Resources</name>
        </policyArea>
      </billSubjects>
    </subjects>
    <recordedVotes />
    <cboCostEstimates>
      <item>
        <url>https://www.cbo.gov/publication/52687</url>
        <pubDate>2017-05-02T19:25:00Z</pubDate>
        <title>S. 131, Alaska Mental Health Trust Land Exchange Act of 2017</title>
      </item>
    </cboCostEstimates>
    <billNumber>131</billNumber>
    <updateDate>2018-02-22T15:28:40Z</updateDate>
    <committeeReports>
      <committeeReport>
        <citation>S. Rept. 115-117</citation>
      </committeeReport>
    </committeeReports>
    <notes />
    <laws />
    <createDate>2017-01-13T04:55:34Z</createDate>
    <summaries>
      <billSummaries>
        <item>
          <text><![CDATA[<p><b>Alaska Mental Health Trust Land Exchange Act of 2017</b></p> This bill directs the Department of Agriculture (USDA) to convey certain federal land in two phases to the Alaska Mental Health Trust Authority in exchange for certain nonfederal land.  <p>Before completing each phase of the land exchange, USDA shall complete any necessary land surveys and required pre-exchange clearances, mitigation activities, and approvals related to:</p> <ul> <li>threatened and endangered species,</li> <li>cultural and historic resources,</li> <li>wetland and floodplains, and </li> <li>hazardous materials. </li> </ul>   <p>Upon acquisition by USDA, the nonfederal land shall become part of Tongass National Forest, and shall be withdrawn from:</p> <ul> <li>entry, appropriation, or disposal under the public land laws;</li> <li>location, entry, and patent under the mining laws; and </li> <li>disposition under the mineral leasing, mineral materials, and geothermal leasing laws. </li> </ul>]]></text>
          <lastSummaryUpdateDate>2017-06-21T18:32:11Z</lastSummaryUpdateDate>
          <versionCode>00</versionCode>
          <actionDesc>Introduced in Senate</actionDesc>
          <actionDate>2017-01-12</actionDate>
          <name>Introduced in Senate</name>
          <updateDate>2017-01-12T05:00:00Z</updateDate>
        </item>
        <item>
          <text><![CDATA[<p><b>Alaska Mental Health Trust Land Exchange Act of 2017</b></p> <p>(Sec. 2) This bill states that its purpose is to facilitate and expedite the exchange of land between the Alaska Mental Health Trust Authority (Trust Authority) and the Department of Agriculture (USDA).</p> <p>(Sec. 4) The bill directs USDA to convey to the Alaska Mental Health Trust Authority 7 parcels of federal land if the Trust Authority offers to convey, in two specified phases, 20 parcels of certain nonfederal land. </p> <p>The conveyances of the federal and nonfederal lands shall be subject to valid existing rights, reservations, rights-of-way, or other encumbrances of third parties in, to, or on such lands. </p> <p> USDA and the Trust Authority shall exchange, at no cost, reciprocal easements on existing roads that are necessary to access the parcels of land that each party acquires in the land exchange. The exchanged easements must also provide for public access. </p> <p>USDA and the Trust Authority may enter into a separate cost-share agreement to cover the cost of road maintenance with respect to the easements exchanged. </p> <p>In conveying the K-3 parcel of the nonfederal land, the Trust Authority shall grant to the United States a 300-foot conservation easement abutting such parcel along its interface and the landfill of the city of Ketchikan. Such easement must provide that the land covered by it remains undeveloped and in the ownership of the Trust Authority. The value of such easement must also be included in the value of the nonfederal land for the purpose of equalizing the values of both the federal and nonfederal lands. </p> <p>In order to allow time for the completion of ongoing research activities of the Forest Service, USDA shall reserve research easements on certain parcels for: (1) the Sarkar research easement study plot for a 10-year period; (2) the Naukati commercial thinning study plot for a 15-year period; (3) the Prince of Wales (POW) Yatuk study plot for a 10-year period; (4) the POW Naukati study plot for a 10-year period; and (5) the Revilla George study plot for a 10-year period. </p> <p>The bill prohibits the Trust Authority from constructing new roads or harvesting timber on any study plot covered by an easement during the applicable periods. </p> <p>In conveying the Naukati Phase 1 and East Naukati/2016 Naukati Addition parcels of the federal land to the Trust Authority, USDA shall reserve to the United States a conservation easement that shall protect the aquatic and riparian habitat within a specified area. Such easement shall prohibit within that area: (1) new road construction and timber harvesting within 100 feet of anadromous water bodies (including underground water bodies); and (2) commercial mineral extraction. </p> <p>Before completing each phase of the land exchange, USDA shall complete, for the land to be conveyed in the applicable phase, any necessary land surveys and required pre-exchange clearances, reviews, mitigation activities, and approvals related to:</p> <ul> <li>threatened and endangered species,</li> <li>cultural and historic resources,</li> <li>wetland and floodplains, and </li> <li>hazardous materials. </li> </ul> <p>USDA and the Trust Authority shall select an appraiser to conduct appraisals of the federal and nonfederal lands in accordance with nationally recognized standards. </p> <p>During a three-year period beginning when the final appraised values of the federal and nonfederal land for each phase of the land exchange are approved by USDA, USDA shall not be required to reappraise or update those values. </p> <p>The bill states that after the date on which an agreement to exchange the federal and nonfederal lands is entered into under this bill, no reappraisal or updates to the final appraised values approved for such lands by USDA shall be required. </p> <p>Before completing each phase of land exchange, USDA shall make summaries of the appraisals of the federal and nonfederal lands for that phase available for public review. </p> <p>The values of the federal and nonfederal lands to be exchanged shall be equal or equalized as prescribed by this bill.</p> <p>The Trust Authority shall agree to pay, without compensation, all costs associated with each phase of the land exchange, including: (1) all costs to complete land surveys, appraisals, and environmental reviews specified in this bill so that the exchange may be completed by the deadlines for the completion of each of the phases; and (2) on request by USDA, reimbursement of costs for appropriate agency staff, additional agency staff, or third-party contractors so that the exchange may be completed by those deadlines. </p> <p>Unless otherwise agreed to by USDA and the Trust Authority, land surveys shall not be required for: (1) any portion of the boundaries of the nonfederal land that is contiguous to existing National Forest System land or land that has been surveyed or lotted; (2) any portion of the boundaries of the federal land that is contiguous to land owned by the Trust Authority or the state of Alaska, or land that has been surveyed or lotted; (3) any portion of the boundaries that USDA and the Trust Authority agree is adequately defined by a survey, mapping, or aliquot part, or other legal description; and (4) any portion of the boundaries of the nonfederal land that the United States tentatively conveyed to the state without a survey, is being reconveyed to the United States in the land exchange, and is unsurveyed as of the date of enactment of this bill. </p> <p>The bill states that, if a portion of a parcel of the federal or nonfederal land to be conveyed cannot be conveyed because of the presence of hazardous materials, that portion shall be removed from the exchange and the final values for such lands shall be equalized in accordance with this bill. </p> <p>(Sec. 5) Upon conveyance of the federal lands to the Trust Authority, they shall become the property of the Trust Authority and be available for any uses permitted under applicable law. </p> <p>Upon conveyance of the nonfederal lands by USDA, they shall become part of Tongass National Forest and be managed to: (1) preserve their undeveloped natural character and wildlife, watershed, and scenic values; and (2) provide for recreational opportunities consistent with the purposes and values for them to be preserved, including the development or maintenance of recreational trails for hiking, biking, or skiing. </p> <p>Upon acquisition of the nonfederal lands by USDA, the boundaries of Tongass National Forest shall be adjusted to reflect their inclusion. </p> <p>Upon acquisition of the P-1A parcel of the nonfederal land, USDA must set aside 42 acres of such parcel in a specified location as an administrative site for purposes of the future administrative needs of the Tongass National Forest. </p> <p> (Sec. 6) The nonfederal land acquired by USDA under this bill shall be withdrawn from: (1) entry, appropriation, or disposal under the public land laws; (2) location, entry, and patent under the mining laws; and (3) disposition under the mineral leasing, mineral materials, and geothermal leasing laws. </p> <p>(Sec. 7) The bill revokes any public land order or administrative action that withdraws the federal land from appropriation or disposal under a public land law to the extent necessary to permit conveyance. </p> <p>If the federal land or any federal interest in the nonfederal land is not withdrawn or segregated from entry and appropriation under a public land law (including logging and mineral leasing laws and the Geothermal Steam Act of 1970), such land or interest shall be withdrawn, without further action by USDA, from entry and appropriation. </p> <p>Such a withdrawal shall be terminated: (1) upon the completion of the phase of the land exchange covering the applicable federal land; or (2) if the Trust Authority notifies USDA in writing that it elects to withdraw from that phase of the exchange in accordance with the Federal Land Policy and Management Act of 1976, when USDA receives such notice.</p>]]></text>
          <lastSummaryUpdateDate>2018-01-24T17:23:36Z</lastSummaryUpdateDate>
          <versionCode>01</versionCode>
          <actionDesc>Reported to Senate with amendment(s)</actionDesc>
          <actionDate>2017-05-16</actionDate>
          <name>Reported to Senate with amendment(s)</name>
          <updateDate>2017-05-16T12:35:28Z</updateDate>
        </item>
      </billSummaries>
    </summaries>
    <amendments />
    <committees>
      <billCommittees>
        <item>
          <subcommittees />
          <type>Standing</type>
          <name>Energy and Natural Resources Committee</name>
          <activities>
            <item>
              <name>Reported by</name>
              <date>2017-05-16T15:09:38Z</date>
            </item>
            <item>
              <name>Markup by</name>
              <date>2017-03-30T13:30:00Z</date>
            </item>
            <item>
              <name>Referred to</name>
              <date>2017-01-12T20:30:27Z</date>
            </item>
          </activities>
          <chamber>Senate</chamber>
          <systemCode>sseg00</systemCode>
        </item>
      </billCommittees>
    </committees>
    <cosponsors>
      <item>
        <identifiers>
          <bioguideId>S001198</bioguideId>
          <gpoId />
          <lisID>2290</lisID>
        </identifiers>
        <lastName>Sullivan</lastName>
        <firstName>Dan</firstName>
        <middleName />
        <sponsorshipWithdrawnDate />
        <fullName>Sen. Sullivan, Dan  [R-AK]</fullName>
        <isOriginalCosponsor>True</isOriginalCosponsor>
        <sponsorshipDate>2017-01-12</sponsorshipDate>
        <state>AK</state>
        <party>R</party>
        <bioguideId>S001198</bioguideId>
      </item>
    </cosponsors>
    <congress>115</congress>
    <relatedBills>
      <item>
        <relationshipDetails>
          <item>
            <identifiedBy>CRS</identifiedBy>
            <type>Identical bill</type>
          </item>
        </relationshipDetails>
        <type>HR</type>
        <latestTitle>Alaska Mental Health Trust Land Exchange Act of 2017</latestTitle>
        <number>513</number>
        <congress>115</congress>
        <latestAction>
          <actionDate>2017-02-10</actionDate>
          <text>Referred to the Subcommittee on Federal Lands.</text>
        </latestAction>
      </item>
      <item>
        <relationshipDetails>
          <item>
            <identifiedBy>CRS</identifiedBy>
            <type>Related bill</type>
          </item>
        </relationshipDetails>
        <type>HR</type>
        <latestTitle>Consolidated Appropriations Act, 2017</latestTitle>
        <number>244</number>
        <congress>115</congress>
        <latestAction>
          <actionDate>2017-05-05</actionDate>
          <text>Became Public Law No: 115-31.</text>
        </latestAction>
      </item>
    </relatedBills>
    <version>1.0.0</version>
    <sponsors>
      <item>
        <lastName>Murkowski</lastName>
        <identifiers>
          <bioguideId>M001153</bioguideId>
          <gpoId>8234</gpoId>
          <lisID>1694</lisID>
        </identifiers>
        <middleName />
        <bioguideId>M001153</bioguideId>
        <firstName>Lisa</firstName>
        <byRequestType />
        <state>AK</state>
        <fullName>Sen. Murkowski, Lisa [R-AK]</fullName>
        <party>R</party>
      </item>
    </sponsors>
  </bill>
  <dublinCore xmlns:dc="http://purl.org/dc/elements/1.1/">
    <dc:format>text/xml</dc:format>
    <dc:language>EN</dc:language>
    <dc:rights>Pursuant to Title 17 Section 105 of the United States Code, this file is not subject to copyright protection and is in the public domain.</dc:rights>
    <dc:contributor>Congressional Research Service, Library of Congress</dc:contributor>
    <dc:description>This file contains bill summaries and statuses for federal legislation. A bill summary describes the most significant provisions of a piece of legislation and details the effects the legislative text may have on current law and federal programs. Bill summaries are authored by the Congressional Research Service (CRS) of the Library of Congress. As stated in Public Law 91-510 (2 USC 166 (d)(6)), one of the duties of CRS is "to prepare summaries and digests of bills and resolutions of a public general nature introduced in the Senate or House of Representatives". For more information, refer to the User Guide that accompanies this file.</dc:description>
  </dublinCore>
</billStatus>

