<?xml version="1.0" encoding="UTF-8"?>
<billStatus>
  <bill>
    <originChamber>Senate</originChamber>
    <introducedDate>2017-01-24</introducedDate>
    <cosponsors>
      <item>
        <fullName>Sen. Cortez Masto, Catherine  [D-NV]</fullName>
        <lastName>Cortez Masto</lastName>
        <bioguideId>C001113</bioguideId>
        <isOriginalCosponsor>True</isOriginalCosponsor>
        <middleName />
        <state>NV</state>
        <firstName>Catherine</firstName>
        <sponsorshipDate>2017-01-24</sponsorshipDate>
        <sponsorshipWithdrawnDate />
        <party>D</party>
        <identifiers>
          <lisID>2299</lisID>
          <gpoId />
          <bioguideId>C001113</bioguideId>
        </identifiers>
      </item>
      <item>
        <fullName>Sen. Udall, Tom [D-NM]</fullName>
        <lastName>UDALL</lastName>
        <bioguideId>U000039</bioguideId>
        <isOriginalCosponsor>True</isOriginalCosponsor>
        <middleName />
        <state>NM</state>
        <firstName>TOM</firstName>
        <sponsorshipDate>2017-01-24</sponsorshipDate>
        <sponsorshipWithdrawnDate />
        <party>D</party>
        <identifiers>
          <lisID>1567</lisID>
          <bioguideId>U000039</bioguideId>
          <gpoId>8260</gpoId>
        </identifiers>
      </item>
      <item>
        <fullName>Sen. Van Hollen, Chris [D-MD]</fullName>
        <lastName>Van Hollen</lastName>
        <bioguideId>V000128</bioguideId>
        <isOriginalCosponsor>True</isOriginalCosponsor>
        <middleName />
        <state>MD</state>
        <firstName>Chris</firstName>
        <sponsorshipDate>2017-01-24</sponsorshipDate>
        <sponsorshipWithdrawnDate />
        <party>D</party>
        <identifiers>
          <bioguideId>V000128</bioguideId>
          <lisID>1729</lisID>
          <gpoId>7983</gpoId>
        </identifiers>
      </item>
      <item>
        <fullName>Sen. Booker, Cory A. [D-NJ]</fullName>
        <lastName>Booker</lastName>
        <bioguideId>B001288</bioguideId>
        <isOriginalCosponsor>True</isOriginalCosponsor>
        <middleName>A.</middleName>
        <state>NJ</state>
        <firstName>Cory</firstName>
        <sponsorshipDate>2017-01-24</sponsorshipDate>
        <sponsorshipWithdrawnDate />
        <party>D</party>
        <identifiers>
          <bioguideId>B001288</bioguideId>
          <lisID>2194</lisID>
          <gpoId />
        </identifiers>
      </item>
      <item>
        <fullName>Sen. Harris, Kamala D. [D-CA]</fullName>
        <lastName>Harris</lastName>
        <bioguideId>H001075</bioguideId>
        <isOriginalCosponsor>True</isOriginalCosponsor>
        <middleName>D.</middleName>
        <state>CA</state>
        <firstName>Kamala</firstName>
        <sponsorshipDate>2017-01-24</sponsorshipDate>
        <sponsorshipWithdrawnDate />
        <party>D</party>
        <identifiers>
          <gpoId />
          <bioguideId>H001075</bioguideId>
          <lisID>2301</lisID>
        </identifiers>
      </item>
      <item>
        <fullName>Sen. Wyden, Ron [D-OR]</fullName>
        <lastName>WYDEN</lastName>
        <bioguideId>W000779</bioguideId>
        <isOriginalCosponsor>True</isOriginalCosponsor>
        <middleName />
        <state>OR</state>
        <firstName>RON</firstName>
        <sponsorshipDate>2017-01-24</sponsorshipDate>
        <sponsorshipWithdrawnDate />
        <party>D</party>
        <identifiers>
          <lisID>1247</lisID>
          <gpoId>8265</gpoId>
          <bioguideId>W000779</bioguideId>
        </identifiers>
      </item>
      <item>
        <fullName>Sen. Reed, Jack [D-RI]</fullName>
        <lastName>REED</lastName>
        <bioguideId>R000122</bioguideId>
        <isOriginalCosponsor>True</isOriginalCosponsor>
        <middleName>F.</middleName>
        <state>RI</state>
        <firstName>JOHN</firstName>
        <sponsorshipDate>2017-01-24</sponsorshipDate>
        <sponsorshipWithdrawnDate />
        <party>D</party>
        <identifiers>
          <lisID>949</lisID>
          <bioguideId>R000122</bioguideId>
          <gpoId>8272</gpoId>
        </identifiers>
      </item>
      <item>
        <fullName>Sen. Warren, Elizabeth [D-MA]</fullName>
        <lastName>Warren</lastName>
        <bioguideId>W000817</bioguideId>
        <isOriginalCosponsor>False</isOriginalCosponsor>
        <middleName>A.</middleName>
        <state>MA</state>
        <firstName>Elizabeth</firstName>
        <sponsorshipDate>2017-02-01</sponsorshipDate>
        <sponsorshipWithdrawnDate />
        <party>D</party>
        <identifiers>
          <bioguideId>W000817</bioguideId>
          <lisID>2182</lisID>
          <gpoId />
        </identifiers>
      </item>
      <item>
        <fullName>Sen. Merkley, Jeff [D-OR]</fullName>
        <lastName>Merkley</lastName>
        <bioguideId>M001176</bioguideId>
        <isOriginalCosponsor>False</isOriginalCosponsor>
        <middleName />
        <state>OR</state>
        <firstName>Jeff</firstName>
        <sponsorshipDate>2017-02-01</sponsorshipDate>
        <sponsorshipWithdrawnDate />
        <party>D</party>
        <identifiers>
          <lisID>1900</lisID>
          <gpoId>8238</gpoId>
          <bioguideId>M001176</bioguideId>
        </identifiers>
      </item>
      <item>
        <fullName>Sen. Carper, Thomas R. [D-DE]</fullName>
        <lastName>CARPER</lastName>
        <bioguideId>C000174</bioguideId>
        <isOriginalCosponsor>False</isOriginalCosponsor>
        <middleName>R.</middleName>
        <state>DE</state>
        <firstName>THOMAS</firstName>
        <sponsorshipDate>2017-02-03</sponsorshipDate>
        <sponsorshipWithdrawnDate />
        <party>D</party>
        <identifiers>
          <bioguideId>C000174</bioguideId>
          <gpoId>8283</gpoId>
          <lisID>179</lisID>
        </identifiers>
      </item>
      <item>
        <fullName>Sen. Murphy, Christopher [D-CT]</fullName>
        <lastName>Murphy</lastName>
        <bioguideId>M001169</bioguideId>
        <isOriginalCosponsor>False</isOriginalCosponsor>
        <middleName />
        <state>CT</state>
        <firstName>Christopher</firstName>
        <sponsorshipDate>2017-03-13</sponsorshipDate>
        <sponsorshipWithdrawnDate />
        <party>D</party>
        <identifiers>
          <gpoId>7870</gpoId>
          <bioguideId>M001169</bioguideId>
          <lisID>1837</lisID>
        </identifiers>
      </item>
      <item>
        <fullName>Sen. Whitehouse, Sheldon [D-RI]</fullName>
        <lastName>Whitehouse</lastName>
        <bioguideId>W000802</bioguideId>
        <isOriginalCosponsor>False</isOriginalCosponsor>
        <middleName />
        <state>RI</state>
        <firstName>Sheldon</firstName>
        <sponsorshipDate>2017-09-06</sponsorshipDate>
        <sponsorshipWithdrawnDate />
        <party>D</party>
        <identifiers>
          <gpoId>8264</gpoId>
          <lisID>1823</lisID>
          <bioguideId>W000802</bioguideId>
        </identifiers>
      </item>
    </cosponsors>
    <billType>S</billType>
    <recordedVotes />
    <laws />
    <committeeReports />
    <actions>
      <actionTypeCounts>
        <referredToCommittee>1</referredToCommittee>
        <introducedInSenate>1</introducedInSenate>
      </actionTypeCounts>
      <item>
        <actionDate>2017-01-24</actionDate>
        <committee>
          <systemCode>ssju00</systemCode>
          <name>Judiciary Committee</name>
        </committee>
        <links />
        <sourceSystem>
          <name>Senate</name>
          <code>0</code>
        </sourceSystem>
        <text>Read twice and referred to the Committee on the Judiciary.</text>
        <type>IntroReferral</type>
      </item>
      <item>
        <text>Introduced in Senate</text>
        <links />
        <actionDate>2017-01-24</actionDate>
        <committee />
        <sourceSystem>
          <name>Library of Congress</name>
          <code>9</code>
        </sourceSystem>
        <type>IntroReferral</type>
        <actionCode>10000</actionCode>
      </item>
      <actionByCounts>
        <senate>2</senate>
      </actionByCounts>
    </actions>
    <createDate>2017-01-25T04:45:58Z</createDate>
    <version>1.0.0</version>
    <notes />
    <latestAction>
      <actionDate>2017-01-24</actionDate>
      <text>Read twice and referred to the Committee on the Judiciary.</text>
      <links />
    </latestAction>
    <title>Protect DREAMer Confidentiality Act of 2017</title>
    <summaries>
      <billSummaries>
        <item>
          <lastSummaryUpdateDate>2017-07-20T20:37:02Z</lastSummaryUpdateDate>
          <updateDate>2017-01-24T05:00:00Z</updateDate>
          <versionCode>00</versionCode>
          <text><![CDATA[<p><strong>Protect DREAMer Confidentiality Act of 2017</strong></p> <p>This bill directs the Department of Homeland Security (DHS) to protect individual application information submitted to DHS after June 15, 2012, as part of a request for consideration or reconsideration for the Deferred Action for Childhood Arrivals (DACA) program from disclosure to U.S. Immigration and Customs Enforcement (ICE) or U.S. Customs and Border Protection (CBP) for any purpose other than implementing such program. Such information may be shared with national security and law enforcement agencies: (1) to identify or prevent fraudulent claims, (2) for national security purposes relating to an individual application, or (3) for the investigation or prosecution of a felony not related to immigration status.</p> <p>DHS may not refer an individual whose case has been deferred pursuant to the DACA program to ICE, CBP, the Department of Justice, or any other law enforcement agency.</p>]]></text>
          <name>Introduced in Senate</name>
          <actionDesc>Introduced in Senate</actionDesc>
          <actionDate>2017-01-24</actionDate>
        </item>
      </billSummaries>
    </summaries>
    <congress>115</congress>
    <policyArea>
      <name>Immigration</name>
    </policyArea>
    <billNumber>229</billNumber>
    <calendarNumbers />
    <cboCostEstimates />
    <subjects>
      <billSubjects>
        <policyArea>
          <name>Immigration</name>
        </policyArea>
        <legislativeSubjects>
          <item>
            <name>Criminal investigation, prosecution, interrogation</name>
          </item>
          <item>
            <name>Criminal justice information and records</name>
          </item>
          <item>
            <name>Government information and archives</name>
          </item>
          <item>
            <name>Immigration status and procedures</name>
          </item>
          <item>
            <name>Law enforcement administration and funding</name>
          </item>
          <item>
            <name>Right of privacy</name>
          </item>
        </legislativeSubjects>
      </billSubjects>
    </subjects>
    <relatedBills>
      <item>
        <congress>115</congress>
        <number>3695</number>
        <type>HR</type>
        <relationshipDetails>
          <item>
            <type>Identical bill</type>
            <identifiedBy>CRS</identifiedBy>
          </item>
        </relationshipDetails>
        <latestTitle>Protect DREAMer Confidentiality Act of 2017</latestTitle>
        <latestAction>
          <text>Referred to the Subcommittee on Immigration and Border Security.</text>
          <actionDate>2017-09-21</actionDate>
        </latestAction>
      </item>
    </relatedBills>
    <committees>
      <billCommittees>
        <item>
          <chamber>Senate</chamber>
          <name>Judiciary Committee</name>
          <systemCode>ssju00</systemCode>
          <activities>
            <item>
              <date>2017-01-24T23:50:29Z</date>
              <name>Referred to</name>
            </item>
          </activities>
          <type>Standing</type>
          <subcommittees />
        </item>
      </billCommittees>
    </committees>
    <titles>
      <item>
        <chamberName />
        <parentTitleType />
        <chamberCode />
        <titleType>(Extracted from GPO) Short Titles as Introduced</titleType>
        <title>Protect DREAMer Confidentiality Act of 2017</title>
      </item>
      <item>
        <chamberName />
        <parentTitleType />
        <chamberCode />
        <titleType>Short Titles as Introduced</titleType>
        <title>Protect DREAMer Confidentiality Act of 2017</title>
      </item>
      <item>
        <chamberName />
        <parentTitleType />
        <chamberCode />
        <titleType>Official Title as Introduced</titleType>
        <title>A bill to provide for the confidentiality of information submitted in requests for the Deferred Action for Childhood Arrivals Program, and for other purposes.</title>
      </item>
      <item>
        <chamberName />
        <parentTitleType />
        <chamberCode />
        <titleType>Display Title</titleType>
        <title>Protect DREAMer Confidentiality Act of 2017</title>
      </item>
    </titles>
    <sponsors>
      <item>
        <fullName>Sen. Heinrich, Martin [D-NM]</fullName>
        <middleName />
        <state>NM</state>
        <byRequestType />
        <firstName>Martin</firstName>
        <bioguideId>H001046</bioguideId>
        <party>D</party>
        <lastName>Heinrich</lastName>
        <identifiers>
          <gpoId>8056</gpoId>
          <lisID>1937</lisID>
          <bioguideId>H001046</bioguideId>
        </identifiers>
      </item>
    </sponsors>
    <updateDate>2018-02-06T16:44:37Z</updateDate>
    <amendments />
  </bill>
  <dublinCore xmlns:dc="http://purl.org/dc/elements/1.1/">
    <dc:format>text/xml</dc:format>
    <dc:language>EN</dc:language>
    <dc:rights>Pursuant to Title 17 Section 105 of the United States Code, this file is not subject to copyright protection and is in the public domain.</dc:rights>
    <dc:contributor>Congressional Research Service, Library of Congress</dc:contributor>
    <dc:description>This file contains bill summaries and statuses for federal legislation. A bill summary describes the most significant provisions of a piece of legislation and details the effects the legislative text may have on current law and federal programs. Bill summaries are authored by the Congressional Research Service (CRS) of the Library of Congress. As stated in Public Law 91-510 (2 USC 166 (d)(6)), one of the duties of CRS is "to prepare summaries and digests of bills and resolutions of a public general nature introduced in the Senate or House of Representatives". For more information, refer to the User Guide that accompanies this file.</dc:description>
  </dublinCore>
</billStatus>

