<?xml version="1.0" encoding="UTF-8"?>
<billStatus>
  <bill>
    <relatedBills>
      <item>
        <relationshipDetails>
          <item>
            <identifiedBy>CRS</identifiedBy>
            <type>Identical bill</type>
          </item>
        </relationshipDetails>
        <latestAction>
          <actionDate>2017-01-10</actionDate>
          <text>Received in the Senate and Read twice and referred to the Committee on Health, Education, Labor, and Pensions.</text>
        </latestAction>
        <type>HR</type>
        <number>315</number>
        <latestTitle>Improving Access to Maternity Care Act</latestTitle>
        <congress>115</congress>
      </item>
    </relatedBills>
    <originChamber>Senate</originChamber>
    <recordedVotes />
    <latestAction>
      <text>Read twice and referred to the Committee on Health, Education, Labor, and Pensions.</text>
      <links />
      <actionDate>2017-03-30</actionDate>
    </latestAction>
    <createDate>2017-03-31T05:07:21Z</createDate>
    <title>Improving Access to Maternity Care Act</title>
    <summaries>
      <billSummaries>
        <item>
          <versionCode>00</versionCode>
          <updateDate>2017-03-30T04:00:00Z</updateDate>
          <actionDesc>Introduced in Senate</actionDesc>
          <lastSummaryUpdateDate>2017-09-26T18:47:20Z</lastSummaryUpdateDate>
          <actionDate>2017-03-30</actionDate>
          <name>Introduced in Senate</name>
          <text><![CDATA[<p><b>Improving Access to Maternity Care Act</b></p> <p>This bill amends the Public Health Service Act to require the Health Resources and Services Administration (HRSA) to identify maternity care health professional target areas, which are areas within health professional shortage areas that have a shortage of maternity care health professionals, for purposes of assigning maternity care health professionals to those areas.</p> HRSA must collect and publish data comparing the availability of and need for maternity care health services in health professional shortage areas and areas within those areas.]]></text>
        </item>
      </billSummaries>
    </summaries>
    <actions>
      <item>
        <actionDate>2017-03-30</actionDate>
        <committee>
          <systemCode>sshr00</systemCode>
          <name>Health, Education, Labor, and Pensions Committee</name>
        </committee>
        <links />
        <sourceSystem>
          <code>0</code>
          <name>Senate</name>
        </sourceSystem>
        <text>Read twice and referred to the Committee on Health, Education, Labor, and Pensions.</text>
        <type>IntroReferral</type>
      </item>
      <item>
        <committee />
        <sourceSystem>
          <code>9</code>
          <name>Library of Congress</name>
        </sourceSystem>
        <actionDate>2017-03-30</actionDate>
        <text>Introduced in Senate</text>
        <links />
        <type>IntroReferral</type>
        <actionCode>10000</actionCode>
      </item>
      <actionByCounts>
        <senate>2</senate>
      </actionByCounts>
      <actionTypeCounts>
        <referredToCommittee>1</referredToCommittee>
        <introducedInSenate>1</introducedInSenate>
      </actionTypeCounts>
    </actions>
    <updateDate>2018-02-06T16:45:09Z</updateDate>
    <amendments />
    <notes />
    <sponsors>
      <item>
        <bioguideId>B001230</bioguideId>
        <middleName />
        <byRequestType />
        <firstName>TAMMY</firstName>
        <lastName>BALDWIN</lastName>
        <state>WI</state>
        <party>D</party>
        <identifiers>
          <lisID>1558</lisID>
          <gpoId>8215</gpoId>
          <bioguideId>B001230</bioguideId>
        </identifiers>
        <fullName>Sen. Baldwin, Tammy [D-WI]</fullName>
      </item>
    </sponsors>
    <committees>
      <billCommittees>
        <item>
          <chamber>Senate</chamber>
          <subcommittees />
          <type>Standing</type>
          <activities>
            <item>
              <date>2017-03-30T16:55:30Z</date>
              <name>Referred to</name>
            </item>
          </activities>
          <systemCode>sshr00</systemCode>
          <name>Health, Education, Labor, and Pensions Committee</name>
        </item>
      </billCommittees>
    </committees>
    <cosponsors>
      <item>
        <bioguideId>M001153</bioguideId>
        <sponsorshipDate>2017-03-30</sponsorshipDate>
        <isOriginalCosponsor>True</isOriginalCosponsor>
        <middleName />
        <sponsorshipWithdrawnDate />
        <firstName>Lisa</firstName>
        <lastName>Murkowski</lastName>
        <state>AK</state>
        <party>R</party>
        <identifiers>
          <lisID>1694</lisID>
          <bioguideId>M001153</bioguideId>
          <gpoId>8234</gpoId>
        </identifiers>
        <fullName>Sen. Murkowski, Lisa [R-AK]</fullName>
      </item>
      <item>
        <bioguideId>K000367</bioguideId>
        <sponsorshipDate>2017-09-12</sponsorshipDate>
        <isOriginalCosponsor>False</isOriginalCosponsor>
        <middleName />
        <sponsorshipWithdrawnDate />
        <firstName>Amy</firstName>
        <lastName>Klobuchar</lastName>
        <state>MN</state>
        <party>D</party>
        <identifiers>
          <bioguideId>K000367</bioguideId>
          <lisID>1826</lisID>
          <gpoId>8249</gpoId>
        </identifiers>
        <fullName>Sen. Klobuchar, Amy [D-MN]</fullName>
      </item>
      <item>
        <bioguideId>P000595</bioguideId>
        <sponsorshipDate>2017-09-12</sponsorshipDate>
        <isOriginalCosponsor>False</isOriginalCosponsor>
        <middleName>C.</middleName>
        <sponsorshipWithdrawnDate />
        <firstName>Gary</firstName>
        <lastName>Peters</lastName>
        <state>MI</state>
        <party>D</party>
        <identifiers>
          <gpoId>7994</gpoId>
          <bioguideId>P000595</bioguideId>
          <lisID>1929</lisID>
        </identifiers>
        <fullName>Sen. Peters, Gary C. [D-MI]</fullName>
      </item>
      <item>
        <bioguideId>B000944</bioguideId>
        <sponsorshipDate>2017-11-02</sponsorshipDate>
        <isOriginalCosponsor>False</isOriginalCosponsor>
        <middleName />
        <sponsorshipWithdrawnDate />
        <firstName>SHERROD</firstName>
        <lastName>BROWN</lastName>
        <state>OH</state>
        <party>D</party>
        <identifiers>
          <bioguideId>B000944</bioguideId>
          <lisID>136</lisID>
          <gpoId>8309</gpoId>
        </identifiers>
        <fullName>Sen. Brown, Sherrod [D-OH]</fullName>
      </item>
      <item>
        <bioguideId>M000133</bioguideId>
        <sponsorshipDate>2018-01-09</sponsorshipDate>
        <isOriginalCosponsor>False</isOriginalCosponsor>
        <middleName>J.</middleName>
        <sponsorshipWithdrawnDate />
        <firstName>EDWARD</firstName>
        <lastName>MARKEY</lastName>
        <state>MA</state>
        <party>D</party>
        <identifiers>
          <bioguideId>M000133</bioguideId>
          <gpoId>7972</gpoId>
          <lisID>735</lisID>
        </identifiers>
        <fullName>Sen. Markey, Edward J. [D-MA]</fullName>
      </item>
    </cosponsors>
    <laws />
    <policyArea>
      <name>Health</name>
    </policyArea>
    <cboCostEstimates />
    <billNumber>783</billNumber>
    <congress>115</congress>
    <version>1.0.0</version>
    <introducedDate>2017-03-30</introducedDate>
    <committeeReports />
    <titles>
      <item>
        <titleType>(Extracted from GPO) Short Titles as Introduced</titleType>
        <title>Improving Access to Maternity Care Act</title>
        <chamberCode />
        <parentTitleType />
        <chamberName />
      </item>
      <item>
        <titleType>Short Titles as Introduced</titleType>
        <title>Improving Access to Maternity Care Act</title>
        <chamberCode />
        <parentTitleType />
        <chamberName />
      </item>
      <item>
        <titleType>Official Title as Introduced</titleType>
        <title>A bill to amend the Public Health Service Act to distribute maternity care health professionals to health professional shortage areas identified as in need of maternity care health services.</title>
        <chamberCode />
        <parentTitleType />
        <chamberName />
      </item>
      <item>
        <titleType>Display Title</titleType>
        <title>Improving Access to Maternity Care Act</title>
        <chamberCode />
        <parentTitleType />
        <chamberName />
      </item>
    </titles>
    <calendarNumbers />
    <subjects>
      <billSubjects>
        <policyArea>
          <name>Health</name>
        </policyArea>
        <legislativeSubjects>
          <item>
            <name>Child health</name>
          </item>
          <item>
            <name>Government information and archives</name>
          </item>
          <item>
            <name>Government lending and loan guarantees</name>
          </item>
          <item>
            <name>Health care coverage and access</name>
          </item>
          <item>
            <name>Health personnel</name>
          </item>
          <item>
            <name>Medical education</name>
          </item>
          <item>
            <name>Sex and reproductive health</name>
          </item>
          <item>
            <name>Student aid and college costs</name>
          </item>
          <item>
            <name>Women's health</name>
          </item>
        </legislativeSubjects>
      </billSubjects>
    </subjects>
    <billType>S</billType>
  </bill>
  <dublinCore xmlns:dc="http://purl.org/dc/elements/1.1/">
    <dc:format>text/xml</dc:format>
    <dc:language>EN</dc:language>
    <dc:rights>Pursuant to Title 17 Section 105 of the United States Code, this file is not subject to copyright protection and is in the public domain.</dc:rights>
    <dc:contributor>Congressional Research Service, Library of Congress</dc:contributor>
    <dc:description>This file contains bill summaries and statuses for federal legislation. A bill summary describes the most significant provisions of a piece of legislation and details the effects the legislative text may have on current law and federal programs. Bill summaries are authored by the Congressional Research Service (CRS) of the Library of Congress. As stated in Public Law 91-510 (2 USC 166 (d)(6)), one of the duties of CRS is "to prepare summaries and digests of bills and resolutions of a public general nature introduced in the Senate or House of Representatives". For more information, refer to the User Guide that accompanies this file.</dc:description>
  </dublinCore>
</billStatus>

