<?xml version="1.0" encoding="UTF-8"?>
<billStatus>
  <bill>
    <calendarNumbers />
    <congress>115</congress>
    <titles>
      <item>
        <parentTitleType />
        <chamberCode />
        <chamberName />
        <titleType>(Extracted from GPO) Short Titles as Introduced</titleType>
        <title>Gary Deloney and John Olsen Toxic Exposure Declassification Act</title>
      </item>
      <item>
        <parentTitleType />
        <chamberCode />
        <chamberName />
        <titleType>Short Titles as Introduced</titleType>
        <title>Gary Deloney and John Olsen Toxic Exposure Declassification Act</title>
      </item>
      <item>
        <parentTitleType />
        <chamberCode />
        <chamberName />
        <titleType>Official Title as Introduced</titleType>
        <title>A bill to require the Secretary of Defense to declassify certain documents related to incidents in which members of the Armed Forces were exposed to toxic substances.</title>
      </item>
      <item>
        <parentTitleType />
        <chamberCode />
        <chamberName />
        <titleType>Display Title</titleType>
        <title>Gary Deloney and John Olsen Toxic Exposure Declassification Act</title>
      </item>
    </titles>
    <introducedDate>2017-03-27</introducedDate>
    <latestAction>
      <actionDate>2017-03-27</actionDate>
      <text>Read twice and referred to the Committee on Armed Services.</text>
      <links />
    </latestAction>
    <title>Gary Deloney and John Olsen Toxic Exposure Declassification Act</title>
    <subjects>
      <billSubjects>
        <policyArea>
          <name>Armed Forces and National Security</name>
        </policyArea>
        <legislativeSubjects>
          <item>
            <name>Disability and paralysis</name>
          </item>
          <item>
            <name>Hazardous wastes and toxic substances</name>
          </item>
          <item>
            <name>Intelligence activities, surveillance, classified information</name>
          </item>
          <item>
            <name>Medical tests and diagnostic methods</name>
          </item>
          <item>
            <name>Military personnel and dependents</name>
          </item>
        </legislativeSubjects>
      </billSubjects>
    </subjects>
    <relatedBills />
    <updateDate>2018-02-06T16:45:07Z</updateDate>
    <committeeReports />
    <notes />
    <recordedVotes />
    <amendments />
    <createDate>2017-03-28T05:32:35Z</createDate>
    <committees>
      <billCommittees>
        <item>
          <chamber>Senate</chamber>
          <subcommittees />
          <type>Standing</type>
          <activities>
            <item>
              <date>2017-03-27T20:13:39Z</date>
              <name>Referred to</name>
            </item>
          </activities>
          <systemCode>ssas00</systemCode>
          <name>Armed Services Committee</name>
        </item>
      </billCommittees>
    </committees>
    <cboCostEstimates />
    <billNumber>726</billNumber>
    <policyArea>
      <name>Armed Forces and National Security</name>
    </policyArea>
    <version>1.0.0</version>
    <billType>S</billType>
    <originChamber>Senate</originChamber>
    <actions>
      <actionTypeCounts>
        <introducedInSenate>1</introducedInSenate>
        <referredToCommittee>1</referredToCommittee>
      </actionTypeCounts>
      <item>
        <actionDate>2017-03-27</actionDate>
        <committee>
          <systemCode>ssas00</systemCode>
          <name>Armed Services Committee</name>
        </committee>
        <links />
        <sourceSystem>
          <name>Senate</name>
          <code>0</code>
        </sourceSystem>
        <text>Read twice and referred to the Committee on Armed Services.</text>
        <type>IntroReferral</type>
      </item>
      <item>
        <type>IntroReferral</type>
        <links />
        <text>Introduced in Senate</text>
        <committee />
        <actionDate>2017-03-27</actionDate>
        <sourceSystem>
          <name>Library of Congress</name>
          <code>9</code>
        </sourceSystem>
        <actionCode>10000</actionCode>
      </item>
      <actionByCounts>
        <senate>2</senate>
      </actionByCounts>
    </actions>
    <sponsors>
      <item>
        <bioguideId>M000934</bioguideId>
        <party>R</party>
        <firstName>JERRY</firstName>
        <middleName />
        <byRequestType />
        <fullName>Sen. Moran, Jerry [R-KS]</fullName>
        <identifiers>
          <bioguideId>M000934</bioguideId>
          <lisID>1507</lisID>
          <gpoId>8307</gpoId>
        </identifiers>
        <lastName>MORAN</lastName>
        <state>KS</state>
      </item>
    </sponsors>
    <summaries>
      <billSummaries>
        <item>
          <updateDate>2017-03-27T04:00:00Z</updateDate>
          <actionDesc>Introduced in Senate</actionDesc>
          <versionCode>00</versionCode>
          <name>Introduced in Senate</name>
          <text><![CDATA[<p><strong>Gary Deloney and John Olsen Toxic Exposure Declassification Act</strong></p> <p>This bill directs the Department of Defense (DOD) to declassify documents related to any known incident in which at least 100 members of the Armed Forces were exposed to a toxic substance that resulted in at least one case of a disability that a member of the medical profession has determined is associated with that substance.</p> <p>Such declassification shall be limited to information necessary for a potentially exposed individual to determine:</p> <ul> <li>whether that individual was exposed,</li> <li>the potential severity of the exposure, and </li> <li>any potential health conditions that may have resulted.</li> </ul> <p>DOD is not required to declassify documents if it determines that declassification would materially and immediately threaten U.S. security.</p>]]></text>
          <lastSummaryUpdateDate>2017-07-24T19:23:37Z</lastSummaryUpdateDate>
          <actionDate>2017-03-27</actionDate>
        </item>
      </billSummaries>
    </summaries>
    <laws />
    <cosponsors>
      <item>
        <fullName>Sen. Tester, Jon [D-MT]</fullName>
        <lastName>Tester</lastName>
        <bioguideId>T000464</bioguideId>
        <isOriginalCosponsor>True</isOriginalCosponsor>
        <middleName />
        <state>MT</state>
        <firstName>Jon</firstName>
        <sponsorshipDate>2017-03-27</sponsorshipDate>
        <sponsorshipWithdrawnDate />
        <party>D</party>
        <identifiers>
          <lisID>1829</lisID>
          <gpoId>8258</gpoId>
          <bioguideId>T000464</bioguideId>
        </identifiers>
      </item>
    </cosponsors>
  </bill>
  <dublinCore xmlns:dc="http://purl.org/dc/elements/1.1/">
    <dc:format>text/xml</dc:format>
    <dc:language>EN</dc:language>
    <dc:rights>Pursuant to Title 17 Section 105 of the United States Code, this file is not subject to copyright protection and is in the public domain.</dc:rights>
    <dc:contributor>Congressional Research Service, Library of Congress</dc:contributor>
    <dc:description>This file contains bill summaries and statuses for federal legislation. A bill summary describes the most significant provisions of a piece of legislation and details the effects the legislative text may have on current law and federal programs. Bill summaries are authored by the Congressional Research Service (CRS) of the Library of Congress. As stated in Public Law 91-510 (2 USC 166 (d)(6)), one of the duties of CRS is "to prepare summaries and digests of bills and resolutions of a public general nature introduced in the Senate or House of Representatives". For more information, refer to the User Guide that accompanies this file.</dc:description>
  </dublinCore>
</billStatus>

