<?xml version="1.0" encoding="UTF-8"?>
<billStatus>
  <bill>
    <cosponsors>
      <item>
        <state>NM</state>
        <identifiers>
          <gpoId>8260</gpoId>
          <bioguideId>U000039</bioguideId>
          <lisID>1567</lisID>
        </identifiers>
        <bioguideId>U000039</bioguideId>
        <sponsorshipDate>2017-03-23</sponsorshipDate>
        <lastName>UDALL</lastName>
        <fullName>Sen. Udall, Tom [D-NM]</fullName>
        <firstName>TOM</firstName>
        <party>D</party>
        <middleName />
        <isOriginalCosponsor>False</isOriginalCosponsor>
        <sponsorshipWithdrawnDate />
      </item>
      <item>
        <state>ME</state>
        <identifiers>
          <lisID>1541</lisID>
          <gpoId>8291</gpoId>
          <bioguideId>C001035</bioguideId>
        </identifiers>
        <bioguideId>C001035</bioguideId>
        <sponsorshipDate>2017-04-05</sponsorshipDate>
        <lastName>COLLINS</lastName>
        <fullName>Sen. Collins, Susan M. [R-ME]</fullName>
        <firstName>SUSAN</firstName>
        <party>R</party>
        <middleName>MARGARET</middleName>
        <isOriginalCosponsor>False</isOriginalCosponsor>
        <sponsorshipWithdrawnDate />
      </item>
      <item>
        <state>MT</state>
        <identifiers>
          <lisID>1829</lisID>
          <gpoId>8258</gpoId>
          <bioguideId>T000464</bioguideId>
        </identifiers>
        <bioguideId>T000464</bioguideId>
        <sponsorshipDate>2017-04-06</sponsorshipDate>
        <lastName>Tester</lastName>
        <fullName>Sen. Tester, Jon [D-MT]</fullName>
        <firstName>Jon</firstName>
        <party>D</party>
        <middleName />
        <isOriginalCosponsor>False</isOriginalCosponsor>
        <sponsorshipWithdrawnDate />
      </item>
      <item>
        <state>IN</state>
        <identifiers>
          <lisID>1850</lisID>
          <gpoId>7941</gpoId>
          <bioguideId>D000607</bioguideId>
        </identifiers>
        <bioguideId>D000607</bioguideId>
        <sponsorshipDate>2017-06-06</sponsorshipDate>
        <lastName>Donnelly</lastName>
        <fullName>Sen. Donnelly, Joe [D-IN]</fullName>
        <firstName>Joe</firstName>
        <party>D</party>
        <middleName />
        <isOriginalCosponsor>False</isOriginalCosponsor>
        <sponsorshipWithdrawnDate />
      </item>
      <item>
        <state>WI</state>
        <identifiers>
          <lisID>1558</lisID>
          <bioguideId>B001230</bioguideId>
          <gpoId>8215</gpoId>
        </identifiers>
        <bioguideId>B001230</bioguideId>
        <sponsorshipDate>2017-06-27</sponsorshipDate>
        <lastName>BALDWIN</lastName>
        <fullName>Sen. Baldwin, Tammy [D-WI]</fullName>
        <firstName>TAMMY</firstName>
        <party>D</party>
        <middleName />
        <isOriginalCosponsor>False</isOriginalCosponsor>
        <sponsorshipWithdrawnDate />
      </item>
      <item>
        <state>ME</state>
        <identifiers>
          <bioguideId>K000383</bioguideId>
          <gpoId />
          <lisID>2185</lisID>
        </identifiers>
        <bioguideId>K000383</bioguideId>
        <sponsorshipDate>2017-08-01</sponsorshipDate>
        <lastName>King</lastName>
        <fullName>Sen. King, Angus S., Jr. [I-ME]</fullName>
        <firstName>Angus</firstName>
        <party>I</party>
        <middleName />
        <isOriginalCosponsor>False</isOriginalCosponsor>
        <sponsorshipWithdrawnDate />
      </item>
    </cosponsors>
    <congress>115</congress>
    <committees>
      <billCommittees>
        <item>
          <type>Standing</type>
          <systemCode>ssfi00</systemCode>
          <subcommittees />
          <activities>
            <item>
              <date>2017-03-22T18:50:46Z</date>
              <name>Referred to</name>
            </item>
          </activities>
          <chamber>Senate</chamber>
          <name>Finance Committee</name>
        </item>
      </billCommittees>
    </committees>
    <laws />
    <titles>
      <item>
        <titleType>(Extracted from GPO) Short Titles as Introduced</titleType>
        <parentTitleType />
        <chamberName />
        <title>Tax Relief for Guard and Reserve Training Act</title>
        <chamberCode />
      </item>
      <item>
        <titleType>Short Titles as Introduced</titleType>
        <parentTitleType />
        <chamberName />
        <title>Tax Relief for Guard and Reserve Training Act</title>
        <chamberCode />
      </item>
      <item>
        <titleType>Official Title as Introduced</titleType>
        <parentTitleType />
        <chamberName />
        <title>A bill to amend the Internal Revenue Code of 1986 to lower the mileage threshold for deduction in determining adjusted gross income of certain expenses of members of reserve components of the Armed Forces, and for other purposes.</title>
        <chamberCode />
      </item>
      <item>
        <titleType>Display Title</titleType>
        <parentTitleType />
        <chamberName />
        <title>Tax Relief for Guard and Reserve Training Act</title>
        <chamberCode />
      </item>
    </titles>
    <billType>S</billType>
    <amendments />
    <recordedVotes />
    <actions>
      <actionByCounts>
        <senate>2</senate>
      </actionByCounts>
      <item>
        <actionDate>2017-03-22</actionDate>
        <committee>
          <name>Finance Committee</name>
          <systemCode>ssfi00</systemCode>
        </committee>
        <links>
          <link>
            <name>S1933-1934</name>
            <url>https://www.congress.gov/congressional-record/volume-163/senate-section/page/S1933-1934</url>
          </link>
          <link>
            <name>S1934</name>
            <url>https://www.congress.gov/congressional-record/volume-163/senate-section/page/S1934</url>
          </link>
        </links>
        <sourceSystem>
          <name>Senate</name>
          <code>0</code>
        </sourceSystem>
        <text>Read twice and referred to the Committee on Finance. (Sponsor introductory remarks: CR S1933-1934; text of measure as introduced: CR S1934)</text>
        <type>IntroReferral</type>
      </item>
      <item>
        <text>Introduced in Senate</text>
        <type>IntroReferral</type>
        <sourceSystem>
          <name>Library of Congress</name>
          <code>9</code>
        </sourceSystem>
        <committee />
        <actionCode>10000</actionCode>
        <actionDate>2017-03-22</actionDate>
        <links />
      </item>
      <actionTypeCounts>
        <referredToCommittee>1</referredToCommittee>
        <introducedInSenate>1</introducedInSenate>
      </actionTypeCounts>
    </actions>
    <introducedDate>2017-03-22</introducedDate>
    <relatedBills>
      <item>
        <congress>115</congress>
        <latestAction>
          <actionDate>2017-03-22</actionDate>
          <text>Referred to the House Committee on Ways and Means.</text>
        </latestAction>
        <type>HR</type>
        <latestTitle>Tax Relief for Guard and Reserve Training Act</latestTitle>
        <number>1687</number>
        <relationshipDetails>
          <item>
            <type>Identical bill</type>
            <identifiedBy>CRS</identifiedBy>
          </item>
        </relationshipDetails>
      </item>
    </relatedBills>
    <committeeReports />
    <calendarNumbers />
    <billNumber>697</billNumber>
    <summaries>
      <billSummaries>
        <item>
          <versionCode>00</versionCode>
          <actionDate>2017-03-22</actionDate>
          <updateDate>2017-03-22T04:00:00Z</updateDate>
          <text><![CDATA[<p><b>Tax Relief for Guard and Reserve Training Act </b></p> <p>This bill amends the Internal Revenue Code, with respect to the tax deductions for expenses in connection with the performance of services as a member of a reserve component of the Armed Forces, to: (1) reduce from 100 miles to 50 miles (without regard to whether such period includes an overnight stay) the distance from home requirement for the above-the-line deduction; and (2) exempt from the 2% floor on miscellaneous itemized deductions the deductions allowed that consist of expenses paid or incurred in connection with the performance of such services for any period (without regard to whether such period includes an overnight stay) during which the individual is more than 50 miles away from home in connection with the services. </p> <p>(Above-the-line deductions are subtracted from gross income to arrive at adjusted gross income. Under current law, miscellaneous itemized deductions are only allowed if the aggregate of the deductions exceeds 2% of the taxpayer's adjusted gross income.)</p>]]></text>
          <actionDesc>Introduced in Senate</actionDesc>
          <name>Introduced in Senate</name>
          <lastSummaryUpdateDate>2017-06-14T19:07:11Z</lastSummaryUpdateDate>
        </item>
      </billSummaries>
    </summaries>
    <cboCostEstimates />
    <updateDate>2018-02-06T16:45:05Z</updateDate>
    <policyArea>
      <name>Taxation</name>
    </policyArea>
    <latestAction>
      <text>Read twice and referred to the Committee on Finance. (Sponsor introductory remarks: CR S1933-1934; text of measure as introduced: CR S1934)</text>
      <actionDate>2017-03-22</actionDate>
      <links />
    </latestAction>
    <subjects>
      <billSubjects>
        <policyArea>
          <name>Taxation</name>
        </policyArea>
        <legislativeSubjects>
          <item>
            <name>Income tax deductions</name>
          </item>
          <item>
            <name>National Guard and reserves</name>
          </item>
          <item>
            <name>Transportation costs</name>
          </item>
        </legislativeSubjects>
      </billSubjects>
    </subjects>
    <title>Tax Relief for Guard and Reserve Training Act</title>
    <version>1.0.0</version>
    <sponsors>
      <item>
        <byRequestType />
        <party>R</party>
        <fullName>Sen. Daines, Steve [R-MT]</fullName>
        <bioguideId>D000618</bioguideId>
        <state>MT</state>
        <lastName>Daines</lastName>
        <middleName />
        <firstName>Steve</firstName>
        <identifiers>
          <bioguideId>D000618</bioguideId>
          <gpoId />
          <lisID>2138</lisID>
        </identifiers>
      </item>
    </sponsors>
    <notes />
    <createDate>2017-03-23T05:20:08Z</createDate>
    <originChamber>Senate</originChamber>
  </bill>
  <dublinCore xmlns:dc="http://purl.org/dc/elements/1.1/">
    <dc:format>text/xml</dc:format>
    <dc:language>EN</dc:language>
    <dc:rights>Pursuant to Title 17 Section 105 of the United States Code, this file is not subject to copyright protection and is in the public domain.</dc:rights>
    <dc:contributor>Congressional Research Service, Library of Congress</dc:contributor>
    <dc:description>This file contains bill summaries and statuses for federal legislation. A bill summary describes the most significant provisions of a piece of legislation and details the effects the legislative text may have on current law and federal programs. Bill summaries are authored by the Congressional Research Service (CRS) of the Library of Congress. As stated in Public Law 91-510 (2 USC 166 (d)(6)), one of the duties of CRS is "to prepare summaries and digests of bills and resolutions of a public general nature introduced in the Senate or House of Representatives". For more information, refer to the User Guide that accompanies this file.</dc:description>
  </dublinCore>
</billStatus>

