<?xml version="1.0" encoding="UTF-8"?>
<billStatus>
  <bill>
    <relatedBills />
    <originChamber>Senate</originChamber>
    <recordedVotes />
    <latestAction>
      <text>Read twice and referred to the Committee on Homeland Security and Governmental Affairs.</text>
      <links />
      <actionDate>2017-02-16</actionDate>
    </latestAction>
    <createDate>2017-02-17T09:06:57Z</createDate>
    <title>State and Local Cyber Protection Act of 2017</title>
    <summaries>
      <billSummaries>
        <item>
          <updateDate>2017-02-16T05:00:00Z</updateDate>
          <actionDesc>Introduced in Senate</actionDesc>
          <versionCode>00</versionCode>
          <name>Introduced in Senate</name>
          <text><![CDATA[<p><b>State and Local Cyber Protection Act of</b> <b>2017</b></p> <p>This bill amends the Homeland Security Act of 2002 to require the Department of Homeland Security's (DHS's) national cybersecurity and communications integration center (NCCIC) to assist state and local governments with cybersecurity by:</p> <ul> <li>upon request,&nbsp;identifying system vulnerabilities and information security protections&nbsp;to address unauthorized access, use, disclosure, disruption, modification, or destruction of information collected or maintained by, or information systems used or operated by, state or local governments or other organizations or contractors on their behalf; </li> <li>providing via a web portal updated resources and guidelines related to information security; </li> <li>coordinating through national associations to implement information security tools and policies to ensure the resiliency of state and local information systems; </li> <li>providing training on cybersecurity, privacy, and civil liberties; </li> <li>providing requested technical assistance to deploy technology that continuously diagnoses and mitigates cyber threats and to conduct threat and vulnerability assessments; </li> <li>coordinating vulnerability disclosures under standards developed by the National Institute of Standards and Technology; and </li> <li>ensuring that state and local governments are aware of DHS resources and other federal tools to ensure the security and resiliency of federal civilian information systems.</li></ul> <p>The NCCIC's&nbsp;privacy and civil liberties training must include:&nbsp;(1) reasonable limits on the receipt, retention, use, and disclosure of information associated with specific persons that is not necessary for cybersecurity purposes; (2) data integrity standards requiring the prompt removal and destruction of obsolete or erroneous names and personal information that is unrelated to the risk or incident information; (3) safeguards and confidentiality protections for&nbsp;cyber threat indicators and defensive measures, including information that is proprietary or business-sensitive that may be used to identify specific persons from unauthorized access or acquisition; and (4) methods to ensure that obtained information is used only to address cybersecurity risks and threats or as specifically authorized by law. </p> <p>The NCCIC must seek feedback from state and local governments on the effectiveness of such activities and provide such information to Congress.</p>]]></text>
          <lastSummaryUpdateDate>2017-03-13T19:36:43Z</lastSummaryUpdateDate>
          <actionDate>2017-02-16</actionDate>
        </item>
      </billSummaries>
    </summaries>
    <actions>
      <actionByCounts>
        <senate>2</senate>
      </actionByCounts>
      <actionTypeCounts>
        <referredToCommittee>1</referredToCommittee>
        <introducedInSenate>1</introducedInSenate>
      </actionTypeCounts>
      <item>
        <actionDate>2017-02-16</actionDate>
        <committee>
          <systemCode>ssga00</systemCode>
          <name>Homeland Security and Governmental Affairs Committee</name>
        </committee>
        <links />
        <sourceSystem>
          <name>Senate</name>
          <code>0</code>
        </sourceSystem>
        <text>Read twice and referred to the Committee on Homeland Security and Governmental Affairs.</text>
        <type>IntroReferral</type>
      </item>
      <item>
        <sourceSystem>
          <name>Library of Congress</name>
          <code>9</code>
        </sourceSystem>
        <actionDate>2017-02-16</actionDate>
        <text>Introduced in Senate</text>
        <type>IntroReferral</type>
        <links />
        <committee />
        <actionCode>10000</actionCode>
      </item>
    </actions>
    <updateDate>2018-02-06T16:44:47Z</updateDate>
    <amendments />
    <notes />
    <sponsors>
      <item>
        <bioguideId>P000595</bioguideId>
        <middleName>C.</middleName>
        <byRequestType />
        <firstName>Gary</firstName>
        <lastName>Peters</lastName>
        <state>MI</state>
        <party>D</party>
        <identifiers>
          <lisID>1929</lisID>
          <bioguideId>P000595</bioguideId>
          <gpoId>7994</gpoId>
        </identifiers>
        <fullName>Sen. Peters, Gary C. [D-MI]</fullName>
      </item>
    </sponsors>
    <committees>
      <billCommittees>
        <item>
          <chamber>Senate</chamber>
          <name>Homeland Security and Governmental Affairs Committee</name>
          <systemCode>ssga00</systemCode>
          <type>Standing</type>
          <subcommittees />
          <activities>
            <item>
              <name>Referred to</name>
              <date>2017-02-16T18:28:06Z</date>
            </item>
          </activities>
        </item>
      </billCommittees>
    </committees>
    <cosponsors>
      <item>
        <isOriginalCosponsor>True</isOriginalCosponsor>
        <fullName>Sen. Perdue, David [R-GA]</fullName>
        <firstName>David</firstName>
        <identifiers>
          <bioguideId>P000612</bioguideId>
          <lisID>2286</lisID>
          <gpoId />
        </identifiers>
        <party>R</party>
        <sponsorshipDate>2017-02-16</sponsorshipDate>
        <lastName>Perdue</lastName>
        <bioguideId>P000612</bioguideId>
        <state>GA</state>
        <middleName>Alfred</middleName>
        <sponsorshipWithdrawnDate />
      </item>
    </cosponsors>
    <laws />
    <policyArea>
      <name>Government Operations and Politics</name>
    </policyArea>
    <cboCostEstimates />
    <billNumber>412</billNumber>
    <congress>115</congress>
    <version>1.0.0</version>
    <introducedDate>2017-02-16</introducedDate>
    <committeeReports />
    <titles>
      <item>
        <titleType>(Extracted from GPO) Short Titles as Introduced</titleType>
        <title>State and Local Cyber Protection Act of 2017</title>
        <chamberCode />
        <parentTitleType />
        <chamberName />
      </item>
      <item>
        <titleType>Short Titles as Introduced</titleType>
        <title>State and Local Cyber Protection Act of 2017</title>
        <chamberCode />
        <parentTitleType />
        <chamberName />
      </item>
      <item>
        <titleType>Official Title as Introduced</titleType>
        <title>A bill to amend the Homeland Security Act of 2002 to require State and local coordination on cybersecurity with the national cybersecurity and communications integration center, and for other purposes.</title>
        <chamberCode />
        <parentTitleType />
        <chamberName />
      </item>
      <item>
        <titleType>Display Title</titleType>
        <title>State and Local Cyber Protection Act of 2017</title>
        <chamberCode />
        <parentTitleType />
        <chamberName />
      </item>
    </titles>
    <calendarNumbers />
    <subjects>
      <billSubjects>
        <legislativeSubjects>
          <item>
            <name>Computer security and identity theft</name>
          </item>
          <item>
            <name>Congressional oversight</name>
          </item>
          <item>
            <name>Government information and archives</name>
          </item>
          <item>
            <name>Intergovernmental relations</name>
          </item>
          <item>
            <name>Right of privacy</name>
          </item>
          <item>
            <name>State and local government operations</name>
          </item>
        </legislativeSubjects>
        <policyArea>
          <name>Government Operations and Politics</name>
        </policyArea>
      </billSubjects>
    </subjects>
    <billType>S</billType>
  </bill>
  <dublinCore xmlns:dc="http://purl.org/dc/elements/1.1/">
    <dc:format>text/xml</dc:format>
    <dc:language>EN</dc:language>
    <dc:rights>Pursuant to Title 17 Section 105 of the United States Code, this file is not subject to copyright protection and is in the public domain.</dc:rights>
    <dc:contributor>Congressional Research Service, Library of Congress</dc:contributor>
    <dc:description>This file contains bill summaries and statuses for federal legislation. A bill summary describes the most significant provisions of a piece of legislation and details the effects the legislative text may have on current law and federal programs. Bill summaries are authored by the Congressional Research Service (CRS) of the Library of Congress. As stated in Public Law 91-510 (2 USC 166 (d)(6)), one of the duties of CRS is "to prepare summaries and digests of bills and resolutions of a public general nature introduced in the Senate or House of Representatives". For more information, refer to the User Guide that accompanies this file.</dc:description>
  </dublinCore>
</billStatus>

