<?xml version="1.0" encoding="UTF-8"?>
<billStatus>
  <bill>
    <titles>
      <item>
        <chamberCode />
        <title>Death Tax Repeal Act of 2017</title>
        <titleType>(Extracted from GPO) Short Titles as Introduced</titleType>
        <parentTitleType />
        <chamberName />
      </item>
      <item>
        <chamberCode />
        <title>Death Tax Repeal Act of 2017</title>
        <titleType>Short Titles as Introduced</titleType>
        <parentTitleType />
        <chamberName />
      </item>
      <item>
        <chamberCode />
        <title>A bill to amend the Internal Revenue Code of 1986 to repeal the estate and generation-skipping transfer taxes, and for other purposes.</title>
        <titleType>Official Title as Introduced</titleType>
        <parentTitleType />
        <chamberName />
      </item>
      <item>
        <chamberCode />
        <title>Death Tax Repeal Act of 2017</title>
        <titleType>Display Title</titleType>
        <parentTitleType />
        <chamberName />
      </item>
    </titles>
    <committeeReports />
    <sponsors>
      <item>
        <firstName>JOHN</firstName>
        <identifiers>
          <gpoId>8257</gpoId>
          <bioguideId>T000250</bioguideId>
          <lisID>1534</lisID>
        </identifiers>
        <party>R</party>
        <bioguideId>T000250</bioguideId>
        <lastName>THUNE</lastName>
        <fullName>Sen. Thune, John [R-SD]</fullName>
        <byRequestType />
        <middleName>R.</middleName>
        <state>SD</state>
      </item>
    </sponsors>
    <title>Death Tax Repeal Act of 2017</title>
    <actions>
      <actionByCounts>
        <senate>2</senate>
      </actionByCounts>
      <actionTypeCounts>
        <referredToCommittee>1</referredToCommittee>
        <introducedInSenate>1</introducedInSenate>
      </actionTypeCounts>
      <item>
        <actionDate>2017-01-24</actionDate>
        <committee>
          <systemCode>ssfi00</systemCode>
          <name>Finance Committee</name>
        </committee>
        <links />
        <sourceSystem>
          <name>Senate</name>
          <code>0</code>
        </sourceSystem>
        <text>Read twice and referred to the Committee on Finance.</text>
        <type>IntroReferral</type>
      </item>
      <item>
        <sourceSystem>
          <name>Library of Congress</name>
          <code>9</code>
        </sourceSystem>
        <actionDate>2017-01-24</actionDate>
        <text>Introduced in Senate</text>
        <type>IntroReferral</type>
        <links />
        <committee />
        <actionCode>10000</actionCode>
      </item>
    </actions>
    <summaries>
      <billSummaries>
        <item>
          <versionCode>00</versionCode>
          <actionDate>2017-01-24</actionDate>
          <updateDate>2017-01-24T05:00:00Z</updateDate>
          <text><![CDATA[<p><strong>Death Tax Repeal Act of 201</strong>7</p> <p>This bill amends the Internal Revenue Code to: (1) repeal the estate and generation-skipping transfer taxes, and (2) make permanent the maximum 35% gift tax rate and the lifetime gift tax exemption. The bill also provides for an inflation adjustment to such exemption amount.</p>]]></text>
          <actionDesc>Introduced in Senate</actionDesc>
          <name>Introduced in Senate</name>
          <lastSummaryUpdateDate>2017-02-09T13:46:46Z</lastSummaryUpdateDate>
        </item>
      </billSummaries>
    </summaries>
    <recordedVotes />
    <billNumber>205</billNumber>
    <calendarNumbers />
    <cosponsors>
      <item>
        <isOriginalCosponsor>True</isOriginalCosponsor>
        <fullName>Sen. Alexander, Lamar [R-TN]</fullName>
        <middleName />
        <state>TN</state>
        <sponsorshipDate>2017-01-24</sponsorshipDate>
        <firstName>Lamar</firstName>
        <bioguideId>A000360</bioguideId>
        <party>R</party>
        <lastName>Alexander</lastName>
        <sponsorshipWithdrawnDate />
        <identifiers>
          <gpoId>8304</gpoId>
          <bioguideId>A000360</bioguideId>
          <lisID>1695</lisID>
        </identifiers>
      </item>
      <item>
        <isOriginalCosponsor>True</isOriginalCosponsor>
        <fullName>Sen. Barrasso, John [R-WY]</fullName>
        <middleName />
        <state>WY</state>
        <sponsorshipDate>2017-01-24</sponsorshipDate>
        <firstName>John</firstName>
        <bioguideId>B001261</bioguideId>
        <party>R</party>
        <lastName>Barrasso</lastName>
        <sponsorshipWithdrawnDate />
        <identifiers>
          <bioguideId>B001261</bioguideId>
          <gpoId>8300</gpoId>
          <lisID>1881</lisID>
        </identifiers>
      </item>
      <item>
        <isOriginalCosponsor>True</isOriginalCosponsor>
        <fullName>Sen. Blunt, Roy [R-MO]</fullName>
        <middleName />
        <state>MO</state>
        <sponsorshipDate>2017-01-24</sponsorshipDate>
        <firstName>Roy</firstName>
        <bioguideId>B000575</bioguideId>
        <party>R</party>
        <lastName>Blunt</lastName>
        <sponsorshipWithdrawnDate />
        <identifiers>
          <bioguideId>B000575</bioguideId>
          <lisID>1464</lisID>
          <gpoId>8313</gpoId>
        </identifiers>
      </item>
      <item>
        <isOriginalCosponsor>True</isOriginalCosponsor>
        <fullName>Sen. Boozman, John [R-AR]</fullName>
        <middleName />
        <state>AR</state>
        <sponsorshipDate>2017-01-24</sponsorshipDate>
        <firstName>John</firstName>
        <bioguideId>B001236</bioguideId>
        <party>R</party>
        <lastName>Boozman</lastName>
        <sponsorshipWithdrawnDate />
        <identifiers>
          <bioguideId>B001236</bioguideId>
          <lisID>1687</lisID>
          <gpoId>8247</gpoId>
        </identifiers>
      </item>
      <item>
        <isOriginalCosponsor>True</isOriginalCosponsor>
        <fullName>Sen. Cochran, Thad [R-MS]</fullName>
        <middleName />
        <state>MS</state>
        <sponsorshipDate>2017-01-24</sponsorshipDate>
        <firstName>Thad</firstName>
        <bioguideId>C000567</bioguideId>
        <party>R</party>
        <lastName>Cochran</lastName>
        <sponsorshipWithdrawnDate />
        <identifiers>
          <lisID>213</lisID>
          <bioguideId>C000567</bioguideId>
          <gpoId>8292</gpoId>
        </identifiers>
      </item>
      <item>
        <isOriginalCosponsor>True</isOriginalCosponsor>
        <fullName>Sen. Cornyn, John [R-TX]</fullName>
        <middleName />
        <state>TX</state>
        <sponsorshipDate>2017-01-24</sponsorshipDate>
        <firstName>John</firstName>
        <bioguideId>C001056</bioguideId>
        <party>R</party>
        <lastName>Cornyn</lastName>
        <sponsorshipWithdrawnDate />
        <identifiers>
          <bioguideId>C001056</bioguideId>
          <lisID>1692</lisID>
          <gpoId>8295</gpoId>
        </identifiers>
      </item>
      <item>
        <isOriginalCosponsor>True</isOriginalCosponsor>
        <fullName>Sen. Crapo, Mike [R-ID]</fullName>
        <middleName>D.</middleName>
        <state>ID</state>
        <sponsorshipDate>2017-01-24</sponsorshipDate>
        <firstName>MICHAEL</firstName>
        <bioguideId>C000880</bioguideId>
        <party>R</party>
        <lastName>CRAPO</lastName>
        <sponsorshipWithdrawnDate />
        <identifiers>
          <gpoId>8289</gpoId>
          <bioguideId>C000880</bioguideId>
          <lisID>250</lisID>
        </identifiers>
      </item>
      <item>
        <isOriginalCosponsor>True</isOriginalCosponsor>
        <fullName>Sen. Cruz, Ted [R-TX]</fullName>
        <middleName />
        <state>TX</state>
        <sponsorshipDate>2017-01-24</sponsorshipDate>
        <firstName>Ted</firstName>
        <bioguideId>C001098</bioguideId>
        <party>R</party>
        <lastName>Cruz</lastName>
        <sponsorshipWithdrawnDate />
        <identifiers>
          <lisID>2175</lisID>
          <gpoId />
          <bioguideId>C001098</bioguideId>
        </identifiers>
      </item>
      <item>
        <isOriginalCosponsor>True</isOriginalCosponsor>
        <fullName>Sen. Daines, Steve [R-MT]</fullName>
        <middleName />
        <state>MT</state>
        <sponsorshipDate>2017-01-24</sponsorshipDate>
        <firstName>Steve</firstName>
        <bioguideId>D000618</bioguideId>
        <party>R</party>
        <lastName>Daines</lastName>
        <sponsorshipWithdrawnDate />
        <identifiers>
          <lisID>2138</lisID>
          <bioguideId>D000618</bioguideId>
          <gpoId />
        </identifiers>
      </item>
      <item>
        <isOriginalCosponsor>True</isOriginalCosponsor>
        <fullName>Sen. Enzi, Michael B. [R-WY]</fullName>
        <middleName>B.</middleName>
        <state>WY</state>
        <sponsorshipDate>2017-01-24</sponsorshipDate>
        <firstName>MICHAEL</firstName>
        <bioguideId>E000285</bioguideId>
        <party>R</party>
        <lastName>ENZI</lastName>
        <sponsorshipWithdrawnDate />
        <identifiers>
          <lisID>1542</lisID>
          <gpoId>8328</gpoId>
          <bioguideId>E000285</bioguideId>
        </identifiers>
      </item>
      <item>
        <isOriginalCosponsor>True</isOriginalCosponsor>
        <fullName>Sen. Ernst, Joni  [R-IA]</fullName>
        <middleName />
        <state>IA</state>
        <sponsorshipDate>2017-01-24</sponsorshipDate>
        <firstName>Joni</firstName>
        <bioguideId>E000295</bioguideId>
        <party>R</party>
        <lastName>Ernst</lastName>
        <sponsorshipWithdrawnDate />
        <identifiers>
          <lisID>2283</lisID>
          <gpoId />
          <bioguideId>E000295</bioguideId>
        </identifiers>
      </item>
      <item>
        <isOriginalCosponsor>True</isOriginalCosponsor>
        <fullName>Sen. Fischer, Deb [R-NE]</fullName>
        <middleName />
        <state>NE</state>
        <sponsorshipDate>2017-01-24</sponsorshipDate>
        <firstName>Deb</firstName>
        <bioguideId>F000463</bioguideId>
        <party>R</party>
        <lastName>Fischer</lastName>
        <sponsorshipWithdrawnDate />
        <identifiers>
          <gpoId />
          <lisID>2179</lisID>
          <bioguideId>F000463</bioguideId>
        </identifiers>
      </item>
      <item>
        <isOriginalCosponsor>True</isOriginalCosponsor>
        <fullName>Sen. Gardner, Cory [R-CO]</fullName>
        <middleName />
        <state>CO</state>
        <sponsorshipDate>2017-01-24</sponsorshipDate>
        <firstName>Cory</firstName>
        <bioguideId>G000562</bioguideId>
        <party>R</party>
        <lastName>Gardner</lastName>
        <sponsorshipWithdrawnDate />
        <identifiers>
          <bioguideId>G000562</bioguideId>
          <lisID>1998</lisID>
          <gpoId>7862</gpoId>
        </identifiers>
      </item>
      <item>
        <isOriginalCosponsor>True</isOriginalCosponsor>
        <fullName>Sen. Grassley, Chuck [R-IA]</fullName>
        <middleName>ERNEST</middleName>
        <state>IA</state>
        <sponsorshipDate>2017-01-24</sponsorshipDate>
        <firstName>CHARLES</firstName>
        <bioguideId>G000386</bioguideId>
        <party>R</party>
        <lastName>GRASSLEY</lastName>
        <sponsorshipWithdrawnDate />
        <identifiers>
          <bioguideId>G000386</bioguideId>
          <gpoId>8316</gpoId>
          <lisID>457</lisID>
        </identifiers>
      </item>
      <item>
        <isOriginalCosponsor>True</isOriginalCosponsor>
        <fullName>Sen. Heller, Dean [R-NV]</fullName>
        <middleName />
        <state>NV</state>
        <sponsorshipDate>2017-01-24</sponsorshipDate>
        <firstName>Dean</firstName>
        <bioguideId>H001041</bioguideId>
        <party>R</party>
        <lastName>Heller</lastName>
        <sponsorshipWithdrawnDate />
        <identifiers>
          <bioguideId>H001041</bioguideId>
          <lisID>1863</lisID>
          <gpoId>8060</gpoId>
        </identifiers>
      </item>
      <item>
        <isOriginalCosponsor>True</isOriginalCosponsor>
        <fullName>Sen. Hoeven, John [R-ND]</fullName>
        <middleName />
        <state>ND</state>
        <sponsorshipDate>2017-01-24</sponsorshipDate>
        <firstName>John</firstName>
        <bioguideId>H001061</bioguideId>
        <party>R</party>
        <lastName>Hoeven</lastName>
        <sponsorshipWithdrawnDate />
        <identifiers>
          <lisID>2079</lisID>
          <gpoId>8331</gpoId>
          <bioguideId>H001061</bioguideId>
        </identifiers>
      </item>
      <item>
        <isOriginalCosponsor>True</isOriginalCosponsor>
        <fullName>Sen. Inhofe, James M. [R-OK]</fullName>
        <middleName />
        <state>OK</state>
        <sponsorshipDate>2017-01-24</sponsorshipDate>
        <firstName>JIM</firstName>
        <bioguideId>I000024</bioguideId>
        <party>R</party>
        <lastName>INHOFE</lastName>
        <sponsorshipWithdrawnDate />
        <identifiers>
          <lisID>583</lisID>
          <gpoId>8322</gpoId>
          <bioguideId>I000024</bioguideId>
        </identifiers>
      </item>
      <item>
        <isOriginalCosponsor>True</isOriginalCosponsor>
        <fullName>Sen. Isakson, Johnny [R-GA]</fullName>
        <middleName />
        <state>GA</state>
        <sponsorshipDate>2017-01-24</sponsorshipDate>
        <firstName>Johnny</firstName>
        <bioguideId>I000055</bioguideId>
        <party>R</party>
        <lastName>Isakson</lastName>
        <sponsorshipWithdrawnDate />
        <identifiers>
          <gpoId>8323</gpoId>
          <bioguideId>I000055</bioguideId>
          <lisID>1608</lisID>
        </identifiers>
      </item>
      <item>
        <isOriginalCosponsor>True</isOriginalCosponsor>
        <fullName>Sen. Lee, Mike [R-UT]</fullName>
        <middleName />
        <state>UT</state>
        <sponsorshipDate>2017-01-24</sponsorshipDate>
        <firstName>Mike</firstName>
        <bioguideId>L000577</bioguideId>
        <party>R</party>
        <lastName>Lee</lastName>
        <sponsorshipWithdrawnDate />
        <identifiers>
          <lisID>2080</lisID>
          <bioguideId>L000577</bioguideId>
          <gpoId>8303</gpoId>
        </identifiers>
      </item>
      <item>
        <isOriginalCosponsor>True</isOriginalCosponsor>
        <fullName>Sen. McConnell, Mitch [R-KY]</fullName>
        <middleName />
        <state>KY</state>
        <sponsorshipDate>2017-01-24</sponsorshipDate>
        <firstName>MITCH</firstName>
        <bioguideId>M000355</bioguideId>
        <party>R</party>
        <lastName>MCCONNELL</lastName>
        <sponsorshipWithdrawnDate />
        <identifiers>
          <lisID>1395</lisID>
          <gpoId>8254</gpoId>
          <bioguideId>M000355</bioguideId>
        </identifiers>
      </item>
      <item>
        <isOriginalCosponsor>True</isOriginalCosponsor>
        <fullName>Sen. Moran, Jerry [R-KS]</fullName>
        <middleName />
        <state>KS</state>
        <sponsorshipDate>2017-01-24</sponsorshipDate>
        <firstName>JERRY</firstName>
        <bioguideId>M000934</bioguideId>
        <party>R</party>
        <lastName>MORAN</lastName>
        <sponsorshipWithdrawnDate />
        <identifiers>
          <lisID>1507</lisID>
          <gpoId>8307</gpoId>
          <bioguideId>M000934</bioguideId>
        </identifiers>
      </item>
      <item>
        <isOriginalCosponsor>True</isOriginalCosponsor>
        <fullName>Sen. Roberts, Pat [R-KS]</fullName>
        <middleName />
        <state>KS</state>
        <sponsorshipDate>2017-01-24</sponsorshipDate>
        <firstName>PAT</firstName>
        <bioguideId>R000307</bioguideId>
        <party>R</party>
        <lastName>ROBERTS</lastName>
        <sponsorshipWithdrawnDate />
        <identifiers>
          <gpoId>8275</gpoId>
          <bioguideId>R000307</bioguideId>
          <lisID>968</lisID>
        </identifiers>
      </item>
      <item>
        <isOriginalCosponsor>True</isOriginalCosponsor>
        <fullName>Sen. Rounds, Mike  [R-SD]</fullName>
        <middleName />
        <state>SD</state>
        <sponsorshipDate>2017-01-24</sponsorshipDate>
        <firstName>Mike</firstName>
        <bioguideId>R000605</bioguideId>
        <party>R</party>
        <lastName>Rounds</lastName>
        <sponsorshipWithdrawnDate />
        <identifiers>
          <lisID>2288</lisID>
          <bioguideId>R000605</bioguideId>
          <gpoId />
        </identifiers>
      </item>
      <item>
        <isOriginalCosponsor>True</isOriginalCosponsor>
        <fullName>Sen. Scott, Tim [R-SC]</fullName>
        <middleName />
        <state>SC</state>
        <sponsorshipDate>2017-01-24</sponsorshipDate>
        <firstName>Tim</firstName>
        <bioguideId>S001184</bioguideId>
        <party>R</party>
        <lastName>Scott</lastName>
        <sponsorshipWithdrawnDate />
        <identifiers>
          <lisID>2056</lisID>
          <bioguideId>S001184</bioguideId>
          <gpoId>8141</gpoId>
        </identifiers>
      </item>
      <item>
        <isOriginalCosponsor>True</isOriginalCosponsor>
        <fullName>Sen. Shelby, Richard C. [R-AL]</fullName>
        <middleName>CRAIG</middleName>
        <state>AL</state>
        <sponsorshipDate>2017-01-24</sponsorshipDate>
        <firstName>RICHARD</firstName>
        <bioguideId>S000320</bioguideId>
        <party>R</party>
        <lastName>SHELBY</lastName>
        <sponsorshipWithdrawnDate />
        <identifiers>
          <lisID>1049</lisID>
          <gpoId>8277</gpoId>
          <bioguideId>S000320</bioguideId>
        </identifiers>
      </item>
      <item>
        <isOriginalCosponsor>True</isOriginalCosponsor>
        <fullName>Sen. Tillis, Thom [R-NC]</fullName>
        <middleName>Roland</middleName>
        <state>NC</state>
        <sponsorshipDate>2017-01-24</sponsorshipDate>
        <firstName>Thomas</firstName>
        <bioguideId>T000476</bioguideId>
        <party>R</party>
        <lastName>Tillis</lastName>
        <sponsorshipWithdrawnDate />
        <identifiers>
          <gpoId />
          <lisID>2291</lisID>
          <bioguideId>T000476</bioguideId>
        </identifiers>
      </item>
      <item>
        <isOriginalCosponsor>True</isOriginalCosponsor>
        <fullName>Sen. Flake, Jeff [R-AZ]</fullName>
        <middleName />
        <state>AZ</state>
        <sponsorshipDate>2017-01-24</sponsorshipDate>
        <firstName>JEFF</firstName>
        <bioguideId>F000444</bioguideId>
        <party>R</party>
        <lastName>FLAKE</lastName>
        <sponsorshipWithdrawnDate />
        <identifiers>
          <lisID>1633</lisID>
          <gpoId>7803</gpoId>
          <bioguideId>F000444</bioguideId>
        </identifiers>
      </item>
      <item>
        <isOriginalCosponsor>False</isOriginalCosponsor>
        <fullName>Sen. Perdue, David [R-GA]</fullName>
        <middleName>Alfred</middleName>
        <state>GA</state>
        <sponsorshipDate>2017-01-30</sponsorshipDate>
        <firstName>David</firstName>
        <bioguideId>P000612</bioguideId>
        <party>R</party>
        <lastName>Perdue</lastName>
        <sponsorshipWithdrawnDate />
        <identifiers>
          <bioguideId>P000612</bioguideId>
          <lisID>2286</lisID>
          <gpoId />
        </identifiers>
      </item>
      <item>
        <isOriginalCosponsor>False</isOriginalCosponsor>
        <fullName>Sen. Risch, James E. [R-ID]</fullName>
        <middleName>E.</middleName>
        <state>ID</state>
        <sponsorshipDate>2017-01-30</sponsorshipDate>
        <firstName>James</firstName>
        <bioguideId>R000584</bioguideId>
        <party>R</party>
        <lastName>Risch</lastName>
        <sponsorshipWithdrawnDate />
        <identifiers>
          <lisID>1896</lisID>
          <bioguideId>R000584</bioguideId>
          <gpoId>8274</gpoId>
        </identifiers>
      </item>
      <item>
        <isOriginalCosponsor>False</isOriginalCosponsor>
        <fullName>Sen. Wicker, Roger F. [R-MS]</fullName>
        <middleName>F.</middleName>
        <state>MS</state>
        <sponsorshipDate>2017-01-30</sponsorshipDate>
        <firstName>ROGER</firstName>
        <bioguideId>W000437</bioguideId>
        <party>R</party>
        <lastName>WICKER</lastName>
        <sponsorshipWithdrawnDate />
        <identifiers>
          <lisID>1226</lisID>
          <bioguideId>W000437</bioguideId>
          <gpoId>8263</gpoId>
        </identifiers>
      </item>
      <item>
        <isOriginalCosponsor>False</isOriginalCosponsor>
        <fullName>Sen. Young, Todd C. [R-IN]</fullName>
        <middleName>C.</middleName>
        <state>IN</state>
        <sponsorshipDate>2017-01-30</sponsorshipDate>
        <firstName>Todd</firstName>
        <bioguideId>Y000064</bioguideId>
        <party>R</party>
        <lastName>Young</lastName>
        <sponsorshipWithdrawnDate />
        <identifiers>
          <lisID>2019</lisID>
          <bioguideId>Y000064</bioguideId>
          <gpoId>7948</gpoId>
        </identifiers>
      </item>
      <item>
        <isOriginalCosponsor>False</isOriginalCosponsor>
        <fullName>Sen. Strange, Luther [R-AL]</fullName>
        <middleName />
        <state>AL</state>
        <sponsorshipDate>2017-03-14</sponsorshipDate>
        <firstName>Luther</firstName>
        <bioguideId>S001202</bioguideId>
        <party>R</party>
        <lastName>Strange</lastName>
        <sponsorshipWithdrawnDate />
        <identifiers>
          <lisID>2357</lisID>
          <gpoId />
          <bioguideId>S001202</bioguideId>
        </identifiers>
      </item>
      <item>
        <isOriginalCosponsor>False</isOriginalCosponsor>
        <fullName>Sen. Rubio, Marco [R-FL]</fullName>
        <middleName />
        <state>FL</state>
        <sponsorshipDate>2017-03-14</sponsorshipDate>
        <firstName>Marco</firstName>
        <bioguideId>R000595</bioguideId>
        <party>R</party>
        <lastName>Rubio</lastName>
        <sponsorshipWithdrawnDate />
        <identifiers>
          <lisID>2084</lisID>
          <bioguideId>R000595</bioguideId>
          <gpoId>8242</gpoId>
        </identifiers>
      </item>
      <item>
        <isOriginalCosponsor>False</isOriginalCosponsor>
        <fullName>Sen. Cotton, Tom [R-AR]</fullName>
        <middleName />
        <state>AR</state>
        <sponsorshipDate>2017-03-15</sponsorshipDate>
        <firstName>Tom</firstName>
        <bioguideId>C001095</bioguideId>
        <party>R</party>
        <lastName>Cotton</lastName>
        <sponsorshipWithdrawnDate />
        <identifiers>
          <bioguideId>C001095</bioguideId>
          <lisID>2098</lisID>
          <gpoId />
        </identifiers>
      </item>
      <item>
        <isOriginalCosponsor>False</isOriginalCosponsor>
        <fullName>Sen. Johnson, Ron [R-WI]</fullName>
        <middleName />
        <state>WI</state>
        <sponsorshipDate>2017-04-04</sponsorshipDate>
        <firstName>Ron</firstName>
        <bioguideId>J000293</bioguideId>
        <party>R</party>
        <lastName>Johnson</lastName>
        <sponsorshipWithdrawnDate />
        <identifiers>
          <bioguideId>J000293</bioguideId>
          <gpoId>8355</gpoId>
          <lisID>2086</lisID>
        </identifiers>
      </item>
      <item>
        <isOriginalCosponsor>False</isOriginalCosponsor>
        <fullName>Sen. Kennedy, John [R-LA]</fullName>
        <middleName>Neely</middleName>
        <state>LA</state>
        <sponsorshipDate>2017-04-24</sponsorshipDate>
        <firstName>John</firstName>
        <bioguideId>K000393</bioguideId>
        <party>R</party>
        <lastName>Kennedy</lastName>
        <sponsorshipWithdrawnDate />
        <identifiers>
          <lisID>2303</lisID>
          <bioguideId>K000393</bioguideId>
          <gpoId />
        </identifiers>
      </item>
    </cosponsors>
    <version>1.0.0</version>
    <subjects>
      <billSubjects>
        <policyArea>
          <name>Taxation</name>
        </policyArea>
        <legislativeSubjects>
          <item>
            <name>Inflation and prices</name>
          </item>
          <item>
            <name>Transfer and inheritance taxes</name>
          </item>
        </legislativeSubjects>
      </billSubjects>
    </subjects>
    <latestAction>
      <text>Read twice and referred to the Committee on Finance.</text>
      <links />
      <actionDate>2017-01-24</actionDate>
    </latestAction>
    <originChamber>Senate</originChamber>
    <laws />
    <notes />
    <createDate>2017-01-25T04:45:58Z</createDate>
    <billType>S</billType>
    <updateDate>2018-02-06T16:44:35Z</updateDate>
    <policyArea>
      <name>Taxation</name>
    </policyArea>
    <cboCostEstimates />
    <introducedDate>2017-01-24</introducedDate>
    <amendments />
    <relatedBills>
      <item>
        <latestTitle>Farmers Against Crippling Taxes Act</latestTitle>
        <number>30</number>
        <congress>115</congress>
        <latestAction>
          <actionDate>2017-01-03</actionDate>
          <text>Referred to the House Committee on Ways and Means.</text>
        </latestAction>
        <type>HR</type>
        <relationshipDetails>
          <item>
            <type>Related bill</type>
            <identifiedBy>CRS</identifiedBy>
          </item>
        </relationshipDetails>
      </item>
      <item>
        <latestTitle>Death Tax Repeal Act of 2017</latestTitle>
        <number>198</number>
        <congress>115</congress>
        <latestAction>
          <actionDate>2017-01-03</actionDate>
          <text>Referred to the House Committee on Ways and Means.</text>
        </latestAction>
        <type>HR</type>
        <relationshipDetails>
          <item>
            <type>Related bill</type>
            <identifiedBy>CRS</identifiedBy>
          </item>
        </relationshipDetails>
      </item>
      <item>
        <latestTitle>Death Tax Repeal Act of 2017</latestTitle>
        <number>631</number>
        <congress>115</congress>
        <latestAction>
          <actionDate>2017-01-24</actionDate>
          <text>Referred to the House Committee on Ways and Means.</text>
        </latestAction>
        <type>HR</type>
        <relationshipDetails>
          <item>
            <type>Related bill</type>
            <identifiedBy>CRS</identifiedBy>
          </item>
        </relationshipDetails>
      </item>
    </relatedBills>
    <congress>115</congress>
    <committees>
      <billCommittees>
        <item>
          <chamber>Senate</chamber>
          <subcommittees />
          <systemCode>ssfi00</systemCode>
          <name>Finance Committee</name>
          <activities>
            <item>
              <name>Referred to</name>
              <date>2017-01-24T19:42:43Z</date>
            </item>
          </activities>
          <type>Standing</type>
        </item>
      </billCommittees>
    </committees>
  </bill>
  <dublinCore xmlns:dc="http://purl.org/dc/elements/1.1/">
    <dc:format>text/xml</dc:format>
    <dc:language>EN</dc:language>
    <dc:rights>Pursuant to Title 17 Section 105 of the United States Code, this file is not subject to copyright protection and is in the public domain.</dc:rights>
    <dc:contributor>Congressional Research Service, Library of Congress</dc:contributor>
    <dc:description>This file contains bill summaries and statuses for federal legislation. A bill summary describes the most significant provisions of a piece of legislation and details the effects the legislative text may have on current law and federal programs. Bill summaries are authored by the Congressional Research Service (CRS) of the Library of Congress. As stated in Public Law 91-510 (2 USC 166 (d)(6)), one of the duties of CRS is "to prepare summaries and digests of bills and resolutions of a public general nature introduced in the Senate or House of Representatives". For more information, refer to the User Guide that accompanies this file.</dc:description>
  </dublinCore>
</billStatus>

