<?xml version="1.0" encoding="UTF-8"?>
<billStatus>
  <bill>
    <createDate>2017-03-30T04:33:15Z</createDate>
    <billNumber>770</billNumber>
    <originChamber>Senate</originChamber>
    <cosponsors>
      <item>
        <isOriginalCosponsor>True</isOriginalCosponsor>
        <party>R</party>
        <middleName>E.</middleName>
        <sponsorshipDate>2017-03-29</sponsorshipDate>
        <lastName>Risch</lastName>
        <bioguideId>R000584</bioguideId>
        <fullName>Sen. Risch, James E. [R-ID]</fullName>
        <sponsorshipWithdrawnDate />
        <firstName>James</firstName>
        <identifiers>
          <bioguideId>R000584</bioguideId>
          <lisID>1896</lisID>
          <gpoId>8274</gpoId>
        </identifiers>
        <state>ID</state>
      </item>
      <item>
        <isOriginalCosponsor>True</isOriginalCosponsor>
        <party>R</party>
        <middleName>R.</middleName>
        <sponsorshipDate>2017-03-29</sponsorshipDate>
        <lastName>THUNE</lastName>
        <bioguideId>T000250</bioguideId>
        <fullName>Sen. Thune, John [R-SD]</fullName>
        <sponsorshipWithdrawnDate />
        <firstName>JOHN</firstName>
        <identifiers>
          <bioguideId>T000250</bioguideId>
          <lisID>1534</lisID>
          <gpoId>8257</gpoId>
        </identifiers>
        <state>SD</state>
      </item>
      <item>
        <isOriginalCosponsor>True</isOriginalCosponsor>
        <party>D</party>
        <middleName />
        <sponsorshipDate>2017-03-29</sponsorshipDate>
        <lastName>CANTWELL</lastName>
        <bioguideId>C000127</bioguideId>
        <fullName>Sen. Cantwell, Maria [D-WA]</fullName>
        <sponsorshipWithdrawnDate />
        <firstName>MARIA</firstName>
        <identifiers>
          <bioguideId>C000127</bioguideId>
          <gpoId>8288</gpoId>
          <lisID>172</lisID>
        </identifiers>
        <state>WA</state>
      </item>
      <item>
        <isOriginalCosponsor>True</isOriginalCosponsor>
        <party>D</party>
        <middleName>WILLIAM</middleName>
        <sponsorshipDate>2017-03-29</sponsorshipDate>
        <lastName>NELSON</lastName>
        <bioguideId>N000032</bioguideId>
        <fullName>Sen. Nelson, Bill [D-FL]</fullName>
        <sponsorshipWithdrawnDate />
        <firstName>CLARENCE</firstName>
        <identifiers>
          <bioguideId>N000032</bioguideId>
          <lisID>859</lisID>
          <gpoId>8236</gpoId>
        </identifiers>
        <state>FL</state>
      </item>
      <item>
        <isOriginalCosponsor>False</isOriginalCosponsor>
        <party>R</party>
        <middleName />
        <sponsorshipDate>2017-04-04</sponsorshipDate>
        <lastName>Gardner</lastName>
        <bioguideId>G000562</bioguideId>
        <fullName>Sen. Gardner, Cory [R-CO]</fullName>
        <sponsorshipWithdrawnDate />
        <firstName>Cory</firstName>
        <identifiers>
          <bioguideId>G000562</bioguideId>
          <gpoId>7862</gpoId>
          <lisID>1998</lisID>
        </identifiers>
        <state>CO</state>
      </item>
      <item>
        <isOriginalCosponsor>False</isOriginalCosponsor>
        <party>D</party>
        <middleName />
        <sponsorshipDate>2017-04-04</sponsorshipDate>
        <lastName>Cortez Masto</lastName>
        <bioguideId>C001113</bioguideId>
        <fullName>Sen. Cortez Masto, Catherine  [D-NV]</fullName>
        <sponsorshipWithdrawnDate />
        <firstName>Catherine</firstName>
        <identifiers>
          <bioguideId>C001113</bioguideId>
          <gpoId />
          <lisID>2299</lisID>
        </identifiers>
        <state>NV</state>
      </item>
      <item>
        <isOriginalCosponsor>False</isOriginalCosponsor>
        <party>D</party>
        <middleName>Wood</middleName>
        <sponsorshipDate>2017-04-05</sponsorshipDate>
        <lastName>Hassan</lastName>
        <bioguideId>H001076</bioguideId>
        <fullName>Sen. Hassan, Margaret Wood [D-NH]</fullName>
        <sponsorshipWithdrawnDate />
        <firstName>Margaret</firstName>
        <identifiers>
          <bioguideId>H001076</bioguideId>
          <gpoId />
          <lisID>2302</lisID>
        </identifiers>
        <state>NH</state>
      </item>
      <item>
        <isOriginalCosponsor>False</isOriginalCosponsor>
        <party>D</party>
        <middleName />
        <sponsorshipDate>2017-05-03</sponsorshipDate>
        <lastName>McCaskill</lastName>
        <bioguideId>M001170</bioguideId>
        <fullName>Sen. McCaskill, Claire [D-MO]</fullName>
        <sponsorshipWithdrawnDate />
        <firstName>Claire</firstName>
        <identifiers>
          <lisID>1820</lisID>
          <gpoId>8252</gpoId>
          <bioguideId>M001170</bioguideId>
        </identifiers>
        <state>MO</state>
      </item>
      <item>
        <isOriginalCosponsor>False</isOriginalCosponsor>
        <party>D</party>
        <middleName>E.</middleName>
        <sponsorshipDate>2017-05-03</sponsorshipDate>
        <lastName>Gillibrand</lastName>
        <bioguideId>G000555</bioguideId>
        <fullName>Sen. Gillibrand, Kirsten E. [D-NY]</fullName>
        <sponsorshipWithdrawnDate />
        <firstName>Kirsten</firstName>
        <identifiers>
          <bioguideId>G000555</bioguideId>
          <lisID>1866</lisID>
          <gpoId>8336</gpoId>
        </identifiers>
        <state>NY</state>
      </item>
    </cosponsors>
    <version>1.0.0</version>
    <laws />
    <sponsors>
      <item>
        <fullName>Sen. Schatz, Brian [D-HI]</fullName>
        <bioguideId>S001194</bioguideId>
        <lastName>Schatz</lastName>
        <middleName />
        <identifiers>
          <bioguideId>S001194</bioguideId>
          <lisID>2173</lisID>
          <gpoId />
        </identifiers>
        <firstName>Brian</firstName>
        <state>HI</state>
        <byRequestType />
        <party>D</party>
      </item>
    </sponsors>
    <committeeReports>
      <committeeReport>
        <citation>S. Rept. 115-153</citation>
      </committeeReport>
    </committeeReports>
    <notes />
    <summaries>
      <billSummaries>
        <item>
          <actionDate>2017-03-29</actionDate>
          <name>Introduced in Senate</name>
          <versionCode>00</versionCode>
          <actionDesc>Introduced in Senate</actionDesc>
          <lastSummaryUpdateDate>2017-05-04T21:53:12Z</lastSummaryUpdateDate>
          <text><![CDATA[<p><b>Making Available Information Now to Strengthen Trust and Resilience and Enhance Enterprise Technology Cybersecurity Act of 2017 or the MAIN STREET Cybersecurity Act of 2017</b></p> <p>This bill amends the National Institute of Standards and Technology Act to require the National Institute of Standards and Technology (NIST) to consider small businesses when it facilitates and supports the development of voluntary, consensus-based, industry-led guidelines and procedures to cost-effectively reduce cyber risks to critical infrastructure.</p> <p>NIST must disseminate, and publish on its website, standard and method resources that small business may use voluntarily to help reduce their cybersecurity risks. The resources must be: (1) technology-neutral, (2) based on international standards to the extent possible, (3) able to vary with the nature and size of the implementing small business and the sensitivity of the data collected or stored on the information systems, and (4) consistent with the national cybersecurity awareness and education program under the Cybersecurity Enhancement Act of 2014.</p> <p>Other federal agencies that NIST considers appropriate must also publish the resources on their own websites. </p>]]></text>
          <updateDate>2017-03-29T04:00:00Z</updateDate>
        </item>
        <item>
          <actionDate>2017-09-11</actionDate>
          <name>Reported to Senate with amendment(s)</name>
          <versionCode>01</versionCode>
          <actionDesc>Reported to Senate with amendment(s)</actionDesc>
          <lastSummaryUpdateDate>2017-12-13T20:24:42Z</lastSummaryUpdateDate>
          <text><![CDATA[<p><strong>Making Available Information Now to Strengthen Trust and Resilience and Enhance Enterprise Technology Cybersecurity Act of 2017 or the MAIN STREET Cybersecurity Act of 2017</strong></p> <p>(Sec. 3) This bill amends the National Institute of Standards and Technology Act to require the National Institute of Standards and Technology (NIST) to consider small businesses when it facilitates and supports the development of voluntary, consensus-based, industry-led guidelines and procedures to cost-effectively reduce cyber risks to critical infrastructure. </p> <p>NIST must consult with other federal agencies to disseminate, and publish on its website, resources that small business may use voluntarily to help identify, assess, manage, and reduce their cybersecurity risks. The resources must: (1) be generally applicable and usable by a wide range of small businesses; (2) vary with the nature and size of the implementing small business and the sensitivity of the data collected or stored on its information systems or devices; (3) include elements that promote awareness of simple, basic controls, a workplace cybersecurity culture, and third party stakeholder relationships; (4) be technology-neutral; and (5) be based on international standards to the extent possible and consistent with the Stevenson-Wydler Technology Innovation Act of 1980.</p> <p>Other federal agencies that NIST considers appropriate must also publish the resources on their own websites. </p>]]></text>
          <updateDate>2017-09-11T12:21:51Z</updateDate>
        </item>
        <item>
          <actionDate>2017-09-28</actionDate>
          <name>Passed Senate amended</name>
          <versionCode>35</versionCode>
          <actionDesc>Passed Senate amended</actionDesc>
          <lastSummaryUpdateDate>2017-12-13T20:32:18Z</lastSummaryUpdateDate>
          <text><![CDATA[<p><b>Making Available Information Now to Strengthen Trust and Resilience and Enhance Enterprise Technology Cybersecurity Act of 2017 or the MAIN STREET Cybersecurity Act of 2017</b></p> <p>(Sec. 3) This bill amends the National Institute of Standards and Technology Act to require the National Institute of Standards and Technology (NIST) to consider small businesses when it facilitates and supports the development of voluntary, consensus-based, industry-led guidelines and procedures to cost-effectively reduce cyber risks to critical infrastructure.</p> <p>NIST must disseminate, and publish on its website, standard and method resources that small business may use voluntarily to help reduce their cybersecurity risks. The resources must be: (1) technology-neutral, (2) based on international standards to the extent possible, (3) able to vary with the nature and size of the implementing small business and the sensitivity of the data collected or stored on the information systems, and (4) consistent with the national cybersecurity awareness and education program under the Cybersecurity Enhancement Act of 2014.</p> <p>Other federal agencies that NIST considers appropriate must also publish the resources on their own websites. </p>]]></text>
          <updateDate>2017-09-28T13:31:43Z</updateDate>
        </item>
      </billSummaries>
    </summaries>
    <introducedDate>2017-03-29</introducedDate>
    <cboCostEstimates>
      <item>
        <title>S. 770, MAIN STREET Cybersecurity Act of 2017</title>
        <url>https://www.cbo.gov/publication/52702</url>
        <pubDate>2017-05-08T15:01:04Z</pubDate>
      </item>
    </cboCostEstimates>
    <relatedBills>
      <item>
        <relationshipDetails>
          <item>
            <identifiedBy>House</identifiedBy>
            <type>Related bill</type>
          </item>
          <item>
            <identifiedBy>CRS</identifiedBy>
            <type>Related bill</type>
          </item>
        </relationshipDetails>
        <type>HR</type>
        <latestAction>
          <actionDate>2017-10-16</actionDate>
          <text>Received in the Senate and Read twice and referred to the Committee on Commerce, Science, and Transportation.</text>
        </latestAction>
        <congress>115</congress>
        <latestTitle>NIST Small Business Cybersecurity Act</latestTitle>
        <number>2105</number>
      </item>
    </relatedBills>
    <committees>
      <billCommittees>
        <item>
          <subcommittees />
          <type>Standing</type>
          <name>Commerce, Science, and Transportation Committee</name>
          <activities>
            <item>
              <name>Reported by</name>
              <date>2017-09-11T19:54:42Z</date>
            </item>
            <item>
              <name>Markup by</name>
              <date>2017-04-05T14:00:00Z</date>
            </item>
            <item>
              <name>Referred to</name>
              <date>2017-03-29T21:16:48Z</date>
            </item>
          </activities>
          <chamber>Senate</chamber>
          <systemCode>sscm00</systemCode>
        </item>
      </billCommittees>
    </committees>
    <subjects>
      <billSubjects>
        <policyArea>
          <name>Science, Technology, Communications</name>
        </policyArea>
        <legislativeSubjects>
          <item>
            <name>Computer security and identity theft</name>
          </item>
          <item>
            <name>Government information and archives</name>
          </item>
          <item>
            <name>Infrastructure development</name>
          </item>
          <item>
            <name>Small business</name>
          </item>
        </legislativeSubjects>
      </billSubjects>
    </subjects>
    <policyArea>
      <name>Science, Technology, Communications</name>
    </policyArea>
    <recordedVotes />
    <latestAction>
      <actionDate>2017-10-02</actionDate>
      <text>Held at the desk.</text>
      <links />
      <actionTime>16:51:02</actionTime>
    </latestAction>
    <titles>
      <item>
        <titleType>Short Titles as Passed Senate</titleType>
        <chamberName>Senate</chamberName>
        <title>MAIN STREET Cybersecurity Act of 2017</title>
        <chamberCode>S</chamberCode>
        <parentTitleType>Short Titles Senate</parentTitleType>
      </item>
      <item>
        <titleType>Short Titles as Passed Senate</titleType>
        <chamberName>Senate</chamberName>
        <title>Making Available Information Now to Strengthen Trust and Resilience and Enhance Enterprise Technology Cybersecurity Act of 2017</title>
        <chamberCode>S</chamberCode>
        <parentTitleType>Short Titles Senate</parentTitleType>
      </item>
      <item>
        <titleType>Short Titles as Reported to Senate</titleType>
        <chamberName>Senate</chamberName>
        <title>MAIN STREET Cybersecurity Act of 2017</title>
        <chamberCode>S</chamberCode>
        <parentTitleType>Short Titles Senate</parentTitleType>
      </item>
      <item>
        <titleType>Short Titles as Reported to Senate</titleType>
        <chamberName>Senate</chamberName>
        <title>Making Available Information Now to Strengthen Trust and Resilience and Enhance Enterprise Technology Cybersecurity Act of 2017</title>
        <chamberCode>S</chamberCode>
        <parentTitleType>Short Titles Senate</parentTitleType>
      </item>
      <item>
        <titleType>Short Titles as Introduced</titleType>
        <chamberName />
        <title>MAIN STREET Cybersecurity Act of 2017</title>
        <chamberCode />
        <parentTitleType />
      </item>
      <item>
        <titleType>Short Titles as Introduced</titleType>
        <chamberName />
        <title>Making Available Information Now to Strengthen Trust and Resilience and Enhance Enterprise Technology Cybersecurity Act of 2017</title>
        <chamberCode />
        <parentTitleType />
      </item>
      <item>
        <titleType>Official Title as Introduced</titleType>
        <chamberName />
        <title>A bill to require the Director of the National Institute of Standards and Technology to disseminate resources to help reduce small business cybersecurity risks, and for other purposes.</title>
        <chamberCode />
        <parentTitleType />
      </item>
      <item>
        <titleType>Display Title</titleType>
        <chamberName />
        <title>MAIN STREET Cybersecurity Act of 2017</title>
        <chamberCode />
        <parentTitleType />
      </item>
      <item>
        <titleType>(Extracted from GPO) Short Titles as Passed Senate</titleType>
        <chamberName>Senate</chamberName>
        <title>MAIN STREET Cybersecurity Act of 2017</title>
        <chamberCode>S</chamberCode>
        <parentTitleType />
      </item>
      <item>
        <titleType>(Extracted from GPO) Short Titles as Passed Senate</titleType>
        <chamberName>Senate</chamberName>
        <title>Making Available Information Now to Strengthen Trust and Resilience and Enhance Enterprise Technology Cybersecurity Act of 2017</title>
        <chamberCode>S</chamberCode>
        <parentTitleType />
      </item>
      <item>
        <titleType>(Extracted from GPO) Short Titles as Reported to Senate</titleType>
        <chamberName>Senate</chamberName>
        <title>MAIN STREET Cybersecurity Act of 2017</title>
        <chamberCode>S</chamberCode>
        <parentTitleType />
      </item>
      <item>
        <titleType>(Extracted from GPO) Short Titles as Reported to Senate</titleType>
        <chamberName>Senate</chamberName>
        <title>Making Available Information Now to Strengthen Trust and Resilience and Enhance Enterprise Technology Cybersecurity Act of 2017</title>
        <chamberCode>S</chamberCode>
        <parentTitleType />
      </item>
      <item>
        <titleType>(Extracted from GPO) Short Titles as Introduced</titleType>
        <chamberName />
        <title>MAIN STREET Cybersecurity Act of 2017</title>
        <chamberCode />
        <parentTitleType />
      </item>
      <item>
        <titleType>(Extracted from GPO) Short Titles as Introduced</titleType>
        <chamberName />
        <title>Making Available Information Now to Strengthen Trust and Resilience and Enhance Enterprise Technology Cybersecurity Act of 2017</title>
        <chamberCode />
        <parentTitleType />
      </item>
    </titles>
    <amendments>
      <amendment>
        <congress>115</congress>
        <number>977</number>
        <description />
        <purpose>To improve the bill.</purpose>
        <type>SAMDT</type>
        <latestAction>
          <text>Amendment SA 977 as modified agreed to in Senate by Unanimous Consent.</text>
          <actionDate>2017-09-28</actionDate>
        </latestAction>
        <createDate>2017-09-13T11:49:10Z</createDate>
        <amendedBill>
          <originChamber>Senate</originChamber>
          <title>MAIN STREET Cybersecurity Act of 2017</title>
          <type>S</type>
          <originChamberCode>S</originChamberCode>
          <congress>115</congress>
          <number>770</number>
        </amendedBill>
        <submittedDate>2017-09-12T04:00:00Z</submittedDate>
        <purpose>To improve the bill.</purpose>
        <type>SAMDT</type>
        <chamber>Senate</chamber>
        <congress>115</congress>
        <amendedAmendment />
        <number>977</number>
        <updateDate>2018-02-22T15:28:48Z</updateDate>
        <cosponsors>
          <totalCount>0</totalCount>
          <currentCount>0</currentCount>
        </cosponsors>
        <actions>
          <actionTypeCounts>
            <amendmentProposed>1</amendmentProposed>
            <senateAmendmentProposedOnTheFloor>1</senateAmendmentProposedOnTheFloor>
            <senateAmendmentSubmitted>1</senateAmendmentSubmitted>
            <amendmentAgreedTo>1</amendmentAgreedTo>
            <senateAmendmentAgreedTo>1</senateAmendmentAgreedTo>
          </actionTypeCounts>
          <actions>
            <item>
              <actionDate>2017-09-28</actionDate>
              <committee />
              <links>
                <link>
                  <url>https://www.congress.gov/amendment/115th-congress/senate-amendment/977</url>
                  <name>S.Amdt.977</name>
                </link>
                <link>
                  <url>https://www.congress.gov/amendment/115th-congress/senate-amendment/977</url>
                  <name>SA 977</name>
                </link>
              </links>
              <sourceSystem>
                <code>0</code>
                <name>Senate</name>
              </sourceSystem>
              <text>Amendment SA 977 as modified agreed to in Senate by Unanimous Consent.</text>
              <type>Floor</type>
            </item>
            <item>
              <actionDate>2017-09-28</actionDate>
              <committee />
              <links>
                <link>
                  <url>https://www.congress.gov/amendment/115th-congress/senate-amendment/977</url>
                  <name>S.Amdt.977</name>
                </link>
                <link>
                  <url>https://www.congress.gov/congressional-record/volume-163/senate-section/page/S6232-6233</url>
                  <name>S6232-6233</name>
                </link>
                <link>
                  <url>https://www.congress.gov/congressional-record/volume-163/senate-section/page/S6233</url>
                  <name>S6233</name>
                </link>
                <link>
                  <url>https://www.congress.gov/amendment/115th-congress/senate-amendment/977</url>
                  <name>SA 977</name>
                </link>
              </links>
              <sourceSystem>
                <code>0</code>
                <name>Senate</name>
              </sourceSystem>
              <text>Amendment SA 977 proposed by Senator McConnell for Senator Schatz. (consideration: CR S6232-6233; text as modified: CR S6233) To improve the bill.</text>
              <type>Floor</type>
            </item>
            <item>
              <actionDate>2017-09-12</actionDate>
              <committee />
              <links />
              <text />
            </item>
            <item>
              <sourceSystem>
                <code>9</code>
                <name>Library of Congress</name>
              </sourceSystem>
              <committee />
              <type>Floor</type>
              <actionDate>2017-09-28</actionDate>
              <links>
                <link>
                  <url>https://www.congress.gov/amendment/115th-congress/senate-amendment/977</url>
                  <name>S.Amdt.977</name>
                </link>
                <link>
                  <url>https://www.congress.gov/congressional-record/volume-163/senate-section/page/S6232-6233</url>
                  <name>S6232-6233</name>
                </link>
                <link>
                  <url>https://www.congress.gov/congressional-record/volume-163/senate-section/page/S6233</url>
                  <name>S6233</name>
                </link>
                <link>
                  <url>https://www.congress.gov/amendment/115th-congress/senate-amendment/977</url>
                  <name>SA 977</name>
                </link>
              </links>
              <text>Senate amendment proposed (on the floor): Amendment SA 977 proposed by Senator McConnell for Senator Schatz.(consideration: CR S6232-6233; text as modified: CR S6233)</text>
              <actionCode>93000</actionCode>
            </item>
            <item>
              <sourceSystem>
                <code>9</code>
                <name>Library of Congress</name>
              </sourceSystem>
              <committee />
              <type>Floor</type>
              <actionDate>2017-09-28</actionDate>
              <links>
                <link>
                  <url>https://www.congress.gov/amendment/115th-congress/senate-amendment/977</url>
                  <name>S.Amdt.977</name>
                </link>
                <link>
                  <url>https://www.congress.gov/amendment/115th-congress/senate-amendment/977</url>
                  <name>SA 977</name>
                </link>
              </links>
              <text>Senate amendment agreed to: Amendment SA 977 as modified agreed to in Senate by Unanimous Consent.</text>
              <actionCode>94000</actionCode>
            </item>
            <item>
              <sourceSystem>
                <code>9</code>
                <name>Library of Congress</name>
              </sourceSystem>
              <committee />
              <type>Floor</type>
              <actionDate>2017-09-12</actionDate>
              <links />
              <text>Senate amendment submitted</text>
              <actionCode>91000</actionCode>
            </item>
          </actions>
          <actionByCounts>
            <senate>5</senate>
          </actionByCounts>
          <count>6</count>
        </actions>
        <links />
        <description />
        <version>1.0.0</version>
        <amendments>
          <count>0</count>
        </amendments>
        <notes />
        <proposedDate>2017-09-28T04:00:00Z</proposedDate>
        <sponsors>
          <item>
            <firstName>Brian</firstName>
            <state>HI</state>
            <party>D</party>
            <fullName>Sen. Schatz, Brian [D-HI]</fullName>
            <middleName />
            <bioguideId>S001194</bioguideId>
            <lastName>Schatz</lastName>
            <identifiers>
              <bioguideId>S001194</bioguideId>
              <lisID>2173</lisID>
              <gpoId />
            </identifiers>
          </item>
        </sponsors>
        <titles />
      </amendment>
    </amendments>
    <billType>S</billType>
    <calendarNumbers>
      <item>
        <calendar>Senate Calendar of Business</calendar>
        <number>0217</number>
      </item>
    </calendarNumbers>
    <title>MAIN STREET Cybersecurity Act of 2017</title>
    <congress>115</congress>
    <updateDate>2018-02-22T15:28:48Z</updateDate>
    <actions>
      <actionByCounts>
        <senate>11</senate>
        <houseOfRepresentatives>2</houseOfRepresentatives>
      </actionByCounts>
      <actionTypeCounts>
        <receivedInTheHouse>1</receivedInTheHouse>
        <passedAgreedToInSenate>1</passedAgreedToInSenate>
        <passedSenate>1</passedSenate>
        <reportedToSenate>2</reportedToSenate>
        <placedOnCalendarGeneralOrders>1</placedOnCalendarGeneralOrders>
        <measureLaidBeforeSenate>1</measureLaidBeforeSenate>
        <orderedReported>1</orderedReported>
        <introducedInSenate>1</introducedInSenate>
        <sentToHouse>1</sentToHouse>
        <referredToCommittee>1</referredToCommittee>
        <heldAtTheDesk>1</heldAtTheDesk>
        <amendmentAgreedTo>1</amendmentAgreedTo>
      </actionTypeCounts>
      <item>
        <actionTime>16:51:02</actionTime>
        <type>Floor</type>
        <links />
        <sourceSystem>
          <name>House floor actions</name>
          <code>2</code>
        </sourceSystem>
        <actionDate>2017-10-02</actionDate>
        <committee />
        <text>Held at the desk.</text>
        <actionCode>H15000</actionCode>
      </item>
      <item>
        <actionTime>14:04:48</actionTime>
        <type>Floor</type>
        <links />
        <sourceSystem>
          <name>House floor actions</name>
          <code>2</code>
        </sourceSystem>
        <actionDate>2017-10-02</actionDate>
        <committee />
        <text>Received in the House.</text>
        <actionCode>H14000</actionCode>
      </item>
      <item>
        <actionDate>2017-09-29</actionDate>
        <committee />
        <links />
        <sourceSystem>
          <name>Senate</name>
          <code>0</code>
        </sourceSystem>
        <text>Message on Senate action sent to the House.</text>
        <type>Floor</type>
      </item>
      <item>
        <actionDate>2017-09-28</actionDate>
        <committee />
        <links>
          <link>
            <name>S6233</name>
            <url>https://www.congress.gov/congressional-record/volume-163/senate-section/page/S6233</url>
          </link>
        </links>
        <sourceSystem>
          <name>Senate</name>
          <code>0</code>
        </sourceSystem>
        <text>Passed Senate with an amendment by Unanimous Consent. (text: CR S6233)</text>
        <type>Floor</type>
      </item>
      <item>
        <text>Passed/agreed to in Senate: Passed Senate with an amendment by Unanimous Consent.</text>
        <type>Floor</type>
        <links />
        <sourceSystem>
          <name>Library of Congress</name>
          <code>9</code>
        </sourceSystem>
        <actionDate>2017-09-28</actionDate>
        <committee />
        <actionCode>17000</actionCode>
      </item>
      <item>
        <actionDate>2017-09-28</actionDate>
        <committee />
        <links />
        <sourceSystem>
          <name>Senate</name>
          <code>0</code>
        </sourceSystem>
        <text>The committee substitute as amended agreed to by Unanimous Consent.</text>
        <type>Floor</type>
      </item>
      <item>
        <actionDate>2017-09-28</actionDate>
        <committee />
        <links>
          <link>
            <name>S6232-6233</name>
            <url>https://www.congress.gov/congressional-record/volume-163/senate-section/page/S6232-6233</url>
          </link>
        </links>
        <sourceSystem>
          <name>Senate</name>
          <code>0</code>
        </sourceSystem>
        <text>Measure laid before Senate by unanimous consent. (consideration: CR S6232-6233)</text>
        <type>Floor</type>
      </item>
      <item>
        <actionDate>2017-09-11</actionDate>
        <committee />
        <links />
        <sourceSystem>
          <name>Senate</name>
          <code>0</code>
        </sourceSystem>
        <text>Placed on Senate Legislative Calendar under General Orders. Calendar No. 217.</text>
        <type>Calendars</type>
      </item>
      <item>
        <actionDate>2017-09-11</actionDate>
        <committee>
          <name>Commerce, Science, and Transportation Committee</name>
          <systemCode>sscm00</systemCode>
        </committee>
        <links>
          <link>
            <name>report No. 115-153</name>
            <url>https://www.congress.gov/congressional-report/115th-congress/senate-report/153</url>
          </link>
        </links>
        <sourceSystem>
          <name>Senate</name>
          <code>0</code>
        </sourceSystem>
        <text>Committee on Commerce, Science, and Transportation. Reported by Senator Thune with an amendment in the nature of a substitute. With written report No. 115-153.</text>
        <type>Committee</type>
      </item>
      <item>
        <text>Committee on Commerce, Science, and Transportation. Reported by Senator Thune with an amendment in the nature of a substitute. With written report No. 115-153.</text>
        <type>Committee</type>
        <links>
          <link>
            <name>report No. 115-153</name>
            <url>https://www.congress.gov/congressional-report/115th-congress/senate-report/153</url>
          </link>
        </links>
        <sourceSystem>
          <name>Library of Congress</name>
          <code>9</code>
        </sourceSystem>
        <actionDate>2017-09-11</actionDate>
        <committee>
          <name>Commerce, Science, and Transportation Committee</name>
          <systemCode>sscm00</systemCode>
        </committee>
        <actionCode>14000</actionCode>
      </item>
      <item>
        <actionDate>2017-04-05</actionDate>
        <committee>
          <name>Commerce, Science, and Transportation Committee</name>
          <systemCode>sscm00</systemCode>
        </committee>
        <links />
        <sourceSystem>
          <name>Senate</name>
          <code>0</code>
        </sourceSystem>
        <text>Committee on Commerce, Science, and Transportation. Ordered to be reported with an amendment in the nature of a substitute favorably.</text>
        <type>Committee</type>
      </item>
      <item>
        <actionDate>2017-03-29</actionDate>
        <committee>
          <name>Commerce, Science, and Transportation Committee</name>
          <systemCode>sscm00</systemCode>
        </committee>
        <links />
        <sourceSystem>
          <name>Senate</name>
          <code>0</code>
        </sourceSystem>
        <text>Read twice and referred to the Committee on Commerce, Science, and Transportation.</text>
        <type>IntroReferral</type>
      </item>
      <item>
        <text>Introduced in Senate</text>
        <type>IntroReferral</type>
        <links />
        <sourceSystem>
          <name>Library of Congress</name>
          <code>9</code>
        </sourceSystem>
        <actionDate>2017-03-29</actionDate>
        <committee />
        <actionCode>10000</actionCode>
      </item>
    </actions>
  </bill>
  <dublinCore xmlns:dc="http://purl.org/dc/elements/1.1/">
    <dc:format>text/xml</dc:format>
    <dc:language>EN</dc:language>
    <dc:rights>Pursuant to Title 17 Section 105 of the United States Code, this file is not subject to copyright protection and is in the public domain.</dc:rights>
    <dc:contributor>Congressional Research Service, Library of Congress</dc:contributor>
    <dc:description>This file contains bill summaries and statuses for federal legislation. A bill summary describes the most significant provisions of a piece of legislation and details the effects the legislative text may have on current law and federal programs. Bill summaries are authored by the Congressional Research Service (CRS) of the Library of Congress. As stated in Public Law 91-510 (2 USC 166 (d)(6)), one of the duties of CRS is "to prepare summaries and digests of bills and resolutions of a public general nature introduced in the Senate or House of Representatives". For more information, refer to the User Guide that accompanies this file.</dc:description>
  </dublinCore>
</billStatus>

