<?xml version="1.0" encoding="UTF-8"?>
<billStatus>
  <bill>
    <committeeReports />
    <originChamber>Senate</originChamber>
    <billNumber>539</billNumber>
    <actions>
      <actionTypeCounts>
        <introducedInSenate>1</introducedInSenate>
        <referredToCommittee>1</referredToCommittee>
      </actionTypeCounts>
      <item>
        <actionDate>2017-03-07</actionDate>
        <committee>
          <systemCode>ssga00</systemCode>
          <name>Homeland Security and Governmental Affairs Committee</name>
        </committee>
        <links />
        <sourceSystem>
          <name>Senate</name>
          <code>0</code>
        </sourceSystem>
        <text>Read twice and referred to the Committee on Homeland Security and Governmental Affairs.</text>
        <type>IntroReferral</type>
      </item>
      <item>
        <type>IntroReferral</type>
        <links />
        <text>Introduced in Senate</text>
        <committee />
        <actionDate>2017-03-07</actionDate>
        <sourceSystem>
          <name>Library of Congress</name>
          <code>9</code>
        </sourceSystem>
        <actionCode>10000</actionCode>
      </item>
      <actionByCounts>
        <senate>2</senate>
      </actionByCounts>
    </actions>
    <calendarNumbers />
    <updateDate>2018-02-06T16:44:55Z</updateDate>
    <cosponsors>
      <item>
        <fullName>Sen. Rubio, Marco [R-FL]</fullName>
        <lastName>Rubio</lastName>
        <bioguideId>R000595</bioguideId>
        <isOriginalCosponsor>True</isOriginalCosponsor>
        <middleName />
        <state>FL</state>
        <firstName>Marco</firstName>
        <sponsorshipDate>2017-03-07</sponsorshipDate>
        <sponsorshipWithdrawnDate />
        <party>R</party>
        <identifiers>
          <lisID>2084</lisID>
          <bioguideId>R000595</bioguideId>
          <gpoId>8242</gpoId>
        </identifiers>
      </item>
      <item>
        <fullName>Sen. Menendez, Robert [D-NJ]</fullName>
        <lastName>MENENDEZ</lastName>
        <bioguideId>M000639</bioguideId>
        <isOriginalCosponsor>True</isOriginalCosponsor>
        <middleName />
        <state>NJ</state>
        <firstName>ROBERT</firstName>
        <sponsorshipDate>2017-03-07</sponsorshipDate>
        <sponsorshipWithdrawnDate />
        <party>D</party>
        <identifiers>
          <lisID>791</lisID>
          <bioguideId>M000639</bioguideId>
          <gpoId>8239</gpoId>
        </identifiers>
      </item>
    </cosponsors>
    <notes />
    <subjects>
      <billSubjects>
        <policyArea>
          <name>Government Operations and Politics</name>
        </policyArea>
        <legislativeSubjects>
          <item>
            <name>Congressional tributes</name>
          </item>
          <item>
            <name>Cuba</name>
          </item>
          <item>
            <name>District of Columbia</name>
          </item>
          <item>
            <name>Government buildings, facilities, and property</name>
          </item>
          <item>
            <name>Human rights</name>
          </item>
          <item>
            <name>Latin America</name>
          </item>
          <item>
            <name>Protest and dissent</name>
          </item>
          <item>
            <name>Roads and highways</name>
          </item>
        </legislativeSubjects>
      </billSubjects>
    </subjects>
    <committees>
      <billCommittees>
        <item>
          <name>Homeland Security and Governmental Affairs Committee</name>
          <chamber>Senate</chamber>
          <type>Standing</type>
          <subcommittees />
          <systemCode>ssga00</systemCode>
          <activities>
            <item>
              <name>Referred to</name>
              <date>2017-03-07T18:44:01Z</date>
            </item>
          </activities>
        </item>
      </billCommittees>
    </committees>
    <version>1.0.0</version>
    <recordedVotes />
    <policyArea>
      <name>Government Operations and Politics</name>
    </policyArea>
    <cboCostEstimates />
    <introducedDate>2017-03-07</introducedDate>
    <title>A bill to designate the area between the intersections of 16th Street, Northwest and Fuller Street, Northwest and 16th Street, Northwest and Euclid Street, Northwest in Washington, District of Columbia, as "Oswaldo Paya Way".</title>
    <amendments />
    <congress>115</congress>
    <billType>S</billType>
    <createDate>2017-03-08T05:28:21Z</createDate>
    <sponsors>
      <item>
        <lastName>Cruz</lastName>
        <party>R</party>
        <state>TX</state>
        <bioguideId>C001098</bioguideId>
        <middleName />
        <byRequestType />
        <fullName>Sen. Cruz, Ted [R-TX]</fullName>
        <firstName>Ted</firstName>
        <identifiers>
          <gpoId />
          <lisID>2175</lisID>
          <bioguideId>C001098</bioguideId>
        </identifiers>
      </item>
    </sponsors>
    <latestAction>
      <text>Read twice and referred to the Committee on Homeland Security and Governmental Affairs.</text>
      <links />
      <actionDate>2017-03-07</actionDate>
    </latestAction>
    <relatedBills />
    <laws />
    <titles>
      <item>
        <chamberName />
        <parentTitleType />
        <chamberCode />
        <titleType>Official Title as Introduced</titleType>
        <title>A bill to designate the area between the intersections of 16th Street, Northwest and Fuller Street, Northwest and 16th Street, Northwest and Euclid Street, Northwest in Washington, District of Columbia, as "Oswaldo Paya Way".</title>
      </item>
      <item>
        <chamberName />
        <parentTitleType />
        <chamberCode />
        <titleType>Display Title</titleType>
        <title>A bill to designate the area between the intersections of 16th Street, Northwest and Fuller Street, Northwest and 16th Street, Northwest and Euclid Street, Northwest in Washington, District of Columbia, as "Oswaldo Paya Way".</title>
      </item>
    </titles>
    <summaries>
      <billSummaries>
        <item>
          <updateDate>2017-03-07T05:00:00Z</updateDate>
          <lastSummaryUpdateDate>2017-08-19T12:17:05Z</lastSummaryUpdateDate>
          <actionDate>2017-03-07</actionDate>
          <name>Introduced in Senate</name>
          <actionDesc>Introduced in Senate</actionDesc>
          <versionCode>00</versionCode>
          <text><![CDATA[<p>This bill designates the area between the intersections of 16th Street, NW and Fuller Street, NW and 16th Street, NW and Euclid Street, NW in Washington, DC as &quot;Oswaldo Paya Way.&quot; </p>]]></text>
        </item>
      </billSummaries>
    </summaries>
  </bill>
  <dublinCore xmlns:dc="http://purl.org/dc/elements/1.1/">
    <dc:format>text/xml</dc:format>
    <dc:language>EN</dc:language>
    <dc:rights>Pursuant to Title 17 Section 105 of the United States Code, this file is not subject to copyright protection and is in the public domain.</dc:rights>
    <dc:contributor>Congressional Research Service, Library of Congress</dc:contributor>
    <dc:description>This file contains bill summaries and statuses for federal legislation. A bill summary describes the most significant provisions of a piece of legislation and details the effects the legislative text may have on current law and federal programs. Bill summaries are authored by the Congressional Research Service (CRS) of the Library of Congress. As stated in Public Law 91-510 (2 USC 166 (d)(6)), one of the duties of CRS is "to prepare summaries and digests of bills and resolutions of a public general nature introduced in the Senate or House of Representatives". For more information, refer to the User Guide that accompanies this file.</dc:description>
  </dublinCore>
</billStatus>

