<?xml version="1.0" encoding="UTF-8"?>
<billStatus>
  <bill>
    <relatedBills>
      <item>
        <latestTitle>To block the implementation of certain presidential actions that restrict individuals from certain countries from entering the United States.</latestTitle>
        <number>4271</number>
        <congress>115</congress>
        <latestAction>
          <actionDate>2017-12-13</actionDate>
          <text>Referred to the Subcommittee on Immigration and Border Security.</text>
        </latestAction>
        <type>HR</type>
        <relationshipDetails>
          <item>
            <type>Related bill</type>
            <identifiedBy>CRS</identifiedBy>
          </item>
        </relationshipDetails>
      </item>
      <item>
        <latestTitle>A bill to block the implementation of certain presidential actions that restrict individuals from certain countries from entering the United States.</latestTitle>
        <number>1979</number>
        <congress>115</congress>
        <latestAction>
          <actionDate>2017-10-18</actionDate>
          <text>Read twice and referred to the Committee on the Judiciary.</text>
        </latestAction>
        <type>S</type>
        <relationshipDetails>
          <item>
            <type>Related bill</type>
            <identifiedBy>CRS</identifiedBy>
          </item>
        </relationshipDetails>
      </item>
      <item>
        <latestTitle>A bill to block implementation of the Executive order that restricts individuals from certain countries from entering the United States.</latestTitle>
        <number>248</number>
        <congress>115</congress>
        <latestAction>
          <actionDate>2017-01-30</actionDate>
          <text>Read twice and referred to the Committee on the Judiciary.</text>
        </latestAction>
        <type>S</type>
        <relationshipDetails>
          <item>
            <type>Related bill</type>
            <identifiedBy>CRS</identifiedBy>
          </item>
        </relationshipDetails>
      </item>
    </relatedBills>
    <originChamber>Senate</originChamber>
    <recordedVotes />
    <latestAction>
      <text>Read twice and referred to the Committee on the Judiciary.</text>
      <links />
      <actionDate>2017-03-07</actionDate>
    </latestAction>
    <createDate>2017-03-08T05:28:21Z</createDate>
    <title>A bill to block implementation of the Executive Order that restricts individuals from certain countries from entering the United States.</title>
    <summaries>
      <billSummaries>
        <item>
          <versionCode>00</versionCode>
          <updateDate>2017-03-07T05:00:00Z</updateDate>
          <actionDate>2017-03-07</actionDate>
          <text><![CDATA[<p>This bill prohibits any federal agency funds, resources, or fees from being used to implement or enforce Executive Order 13780, entitled "Protecting the Nation from Foreign Terrorist Entry into the United States." Among the order's major provisions are restrictions on the entry of nationals from six countries (Iran, Libya, Somalia, Sudan, Syria, and Yemen) and additional limitations on refugee admissions to the United States.</p>]]></text>
          <actionDesc>Introduced in Senate</actionDesc>
          <lastSummaryUpdateDate>2017-03-18T15:59:09Z</lastSummaryUpdateDate>
          <name>Introduced in Senate</name>
        </item>
      </billSummaries>
    </summaries>
    <actions>
      <actionByCounts>
        <senate>2</senate>
      </actionByCounts>
      <actionTypeCounts>
        <referredToCommittee>1</referredToCommittee>
        <introducedInSenate>1</introducedInSenate>
      </actionTypeCounts>
      <item>
        <actionDate>2017-03-07</actionDate>
        <committee>
          <systemCode>ssju00</systemCode>
          <name>Judiciary Committee</name>
        </committee>
        <links />
        <sourceSystem>
          <name>Senate</name>
          <code>0</code>
        </sourceSystem>
        <text>Read twice and referred to the Committee on the Judiciary.</text>
        <type>IntroReferral</type>
      </item>
      <item>
        <actionDate>2017-03-07</actionDate>
        <text>Introduced in Senate</text>
        <sourceSystem>
          <name>Library of Congress</name>
          <code>9</code>
        </sourceSystem>
        <committee />
        <links />
        <actionCode>10000</actionCode>
        <type>IntroReferral</type>
      </item>
    </actions>
    <updateDate>2018-02-06T16:44:55Z</updateDate>
    <amendments />
    <notes />
    <sponsors>
      <item>
        <bioguideId>M001169</bioguideId>
        <middleName />
        <byRequestType />
        <firstName>Christopher</firstName>
        <lastName>Murphy</lastName>
        <state>CT</state>
        <party>D</party>
        <identifiers>
          <gpoId>7870</gpoId>
          <lisID>1837</lisID>
          <bioguideId>M001169</bioguideId>
        </identifiers>
        <fullName>Sen. Murphy, Christopher [D-CT]</fullName>
      </item>
    </sponsors>
    <committees>
      <billCommittees>
        <item>
          <subcommittees />
          <type>Standing</type>
          <systemCode>ssju00</systemCode>
          <activities>
            <item>
              <name>Referred to</name>
              <date>2017-03-07T21:52:19Z</date>
            </item>
          </activities>
          <name>Judiciary Committee</name>
          <chamber>Senate</chamber>
        </item>
      </billCommittees>
    </committees>
    <cosponsors>
      <item>
        <isOriginalCosponsor>True</isOriginalCosponsor>
        <fullName>Sen. Leahy, Patrick J. [D-VT]</fullName>
        <firstName>PATRICK</firstName>
        <identifiers>
          <lisID>1383</lisID>
          <gpoId>8244</gpoId>
          <bioguideId>L000174</bioguideId>
        </identifiers>
        <party>D</party>
        <sponsorshipDate>2017-03-07</sponsorshipDate>
        <lastName>LEAHY</lastName>
        <bioguideId>L000174</bioguideId>
        <state>VT</state>
        <middleName>JOSEPH</middleName>
        <sponsorshipWithdrawnDate />
      </item>
      <item>
        <isOriginalCosponsor>True</isOriginalCosponsor>
        <fullName>Sen. Murray, Patty [D-WA]</fullName>
        <firstName>PATTY</firstName>
        <identifiers>
          <bioguideId>M001111</bioguideId>
          <lisID>1409</lisID>
          <gpoId>8237</gpoId>
        </identifiers>
        <party>D</party>
        <sponsorshipDate>2017-03-07</sponsorshipDate>
        <lastName>MURRAY</lastName>
        <bioguideId>M001111</bioguideId>
        <state>WA</state>
        <middleName />
        <sponsorshipWithdrawnDate />
      </item>
      <item>
        <isOriginalCosponsor>True</isOriginalCosponsor>
        <fullName>Sen. Carper, Thomas R. [D-DE]</fullName>
        <firstName>THOMAS</firstName>
        <identifiers>
          <lisID>179</lisID>
          <bioguideId>C000174</bioguideId>
          <gpoId>8283</gpoId>
        </identifiers>
        <party>D</party>
        <sponsorshipDate>2017-03-07</sponsorshipDate>
        <lastName>CARPER</lastName>
        <bioguideId>C000174</bioguideId>
        <state>DE</state>
        <middleName>R.</middleName>
        <sponsorshipWithdrawnDate />
      </item>
      <item>
        <isOriginalCosponsor>True</isOriginalCosponsor>
        <fullName>Sen. Cantwell, Maria [D-WA]</fullName>
        <firstName>MARIA</firstName>
        <identifiers>
          <lisID>172</lisID>
          <bioguideId>C000127</bioguideId>
          <gpoId>8288</gpoId>
        </identifiers>
        <party>D</party>
        <sponsorshipDate>2017-03-07</sponsorshipDate>
        <lastName>CANTWELL</lastName>
        <bioguideId>C000127</bioguideId>
        <state>WA</state>
        <middleName />
        <sponsorshipWithdrawnDate />
      </item>
      <item>
        <isOriginalCosponsor>True</isOriginalCosponsor>
        <fullName>Sen. Sanders, Bernard [I-VT]</fullName>
        <firstName>BERNARD</firstName>
        <identifiers>
          <bioguideId>S000033</bioguideId>
          <lisID>1010</lisID>
          <gpoId>8270</gpoId>
        </identifiers>
        <party>I</party>
        <sponsorshipDate>2017-03-07</sponsorshipDate>
        <lastName>SANDERS</lastName>
        <bioguideId>S000033</bioguideId>
        <state>VT</state>
        <middleName />
        <sponsorshipWithdrawnDate />
      </item>
      <item>
        <isOriginalCosponsor>True</isOriginalCosponsor>
        <fullName>Sen. Shaheen, Jeanne [D-NH]</fullName>
        <firstName>Jeanne</firstName>
        <identifiers>
          <bioguideId>S001181</bioguideId>
          <lisID>1901</lisID>
          <gpoId>8276</gpoId>
        </identifiers>
        <party>D</party>
        <sponsorshipDate>2017-03-07</sponsorshipDate>
        <lastName>Shaheen</lastName>
        <bioguideId>S001181</bioguideId>
        <state>NH</state>
        <middleName />
        <sponsorshipWithdrawnDate />
      </item>
      <item>
        <isOriginalCosponsor>True</isOriginalCosponsor>
        <fullName>Sen. Merkley, Jeff [D-OR]</fullName>
        <firstName>Jeff</firstName>
        <identifiers>
          <bioguideId>M001176</bioguideId>
          <lisID>1900</lisID>
          <gpoId>8238</gpoId>
        </identifiers>
        <party>D</party>
        <sponsorshipDate>2017-03-07</sponsorshipDate>
        <lastName>Merkley</lastName>
        <bioguideId>M001176</bioguideId>
        <state>OR</state>
        <middleName />
        <sponsorshipWithdrawnDate />
      </item>
      <item>
        <isOriginalCosponsor>True</isOriginalCosponsor>
        <fullName>Sen. Gillibrand, Kirsten E. [D-NY]</fullName>
        <firstName>Kirsten</firstName>
        <identifiers>
          <gpoId>8336</gpoId>
          <lisID>1866</lisID>
          <bioguideId>G000555</bioguideId>
        </identifiers>
        <party>D</party>
        <sponsorshipDate>2017-03-07</sponsorshipDate>
        <lastName>Gillibrand</lastName>
        <bioguideId>G000555</bioguideId>
        <state>NY</state>
        <middleName>E.</middleName>
        <sponsorshipWithdrawnDate />
      </item>
      <item>
        <isOriginalCosponsor>True</isOriginalCosponsor>
        <fullName>Sen. Coons, Christopher A. [D-DE]</fullName>
        <firstName>Christopher</firstName>
        <identifiers>
          <gpoId>8297</gpoId>
          <bioguideId>C001088</bioguideId>
          <lisID>1984</lisID>
        </identifiers>
        <party>D</party>
        <sponsorshipDate>2017-03-07</sponsorshipDate>
        <lastName>Coons</lastName>
        <bioguideId>C001088</bioguideId>
        <state>DE</state>
        <middleName>A.</middleName>
        <sponsorshipWithdrawnDate />
      </item>
      <item>
        <isOriginalCosponsor>True</isOriginalCosponsor>
        <fullName>Sen. Blumenthal, Richard [D-CT]</fullName>
        <firstName>Richard</firstName>
        <identifiers>
          <lisID>2076</lisID>
          <bioguideId>B001277</bioguideId>
          <gpoId>8332</gpoId>
        </identifiers>
        <party>D</party>
        <sponsorshipDate>2017-03-07</sponsorshipDate>
        <lastName>Blumenthal</lastName>
        <bioguideId>B001277</bioguideId>
        <state>CT</state>
        <middleName />
        <sponsorshipWithdrawnDate />
      </item>
      <item>
        <isOriginalCosponsor>True</isOriginalCosponsor>
        <fullName>Sen. Schatz, Brian [D-HI]</fullName>
        <firstName>Brian</firstName>
        <identifiers>
          <gpoId />
          <bioguideId>S001194</bioguideId>
          <lisID>2173</lisID>
        </identifiers>
        <party>D</party>
        <sponsorshipDate>2017-03-07</sponsorshipDate>
        <lastName>Schatz</lastName>
        <bioguideId>S001194</bioguideId>
        <state>HI</state>
        <middleName />
        <sponsorshipWithdrawnDate />
      </item>
      <item>
        <isOriginalCosponsor>True</isOriginalCosponsor>
        <fullName>Sen. Baldwin, Tammy [D-WI]</fullName>
        <firstName>TAMMY</firstName>
        <identifiers>
          <lisID>1558</lisID>
          <bioguideId>B001230</bioguideId>
          <gpoId>8215</gpoId>
        </identifiers>
        <party>D</party>
        <sponsorshipDate>2017-03-07</sponsorshipDate>
        <lastName>BALDWIN</lastName>
        <bioguideId>B001230</bioguideId>
        <state>WI</state>
        <middleName />
        <sponsorshipWithdrawnDate />
      </item>
      <item>
        <isOriginalCosponsor>True</isOriginalCosponsor>
        <fullName>Sen. Markey, Edward J. [D-MA]</fullName>
        <firstName>EDWARD</firstName>
        <identifiers>
          <gpoId>7972</gpoId>
          <lisID>735</lisID>
          <bioguideId>M000133</bioguideId>
        </identifiers>
        <party>D</party>
        <sponsorshipDate>2017-03-07</sponsorshipDate>
        <lastName>MARKEY</lastName>
        <bioguideId>M000133</bioguideId>
        <state>MA</state>
        <middleName>J.</middleName>
        <sponsorshipWithdrawnDate />
      </item>
      <item>
        <isOriginalCosponsor>True</isOriginalCosponsor>
        <fullName>Sen. Booker, Cory A. [D-NJ]</fullName>
        <firstName>Cory</firstName>
        <identifiers>
          <lisID>2194</lisID>
          <bioguideId>B001288</bioguideId>
          <gpoId />
        </identifiers>
        <party>D</party>
        <sponsorshipDate>2017-03-07</sponsorshipDate>
        <lastName>Booker</lastName>
        <bioguideId>B001288</bioguideId>
        <state>NJ</state>
        <middleName>A.</middleName>
        <sponsorshipWithdrawnDate />
      </item>
      <item>
        <isOriginalCosponsor>True</isOriginalCosponsor>
        <fullName>Sen. Van Hollen, Chris [D-MD]</fullName>
        <firstName>Chris</firstName>
        <identifiers>
          <bioguideId>V000128</bioguideId>
          <lisID>1729</lisID>
          <gpoId>7983</gpoId>
        </identifiers>
        <party>D</party>
        <sponsorshipDate>2017-03-07</sponsorshipDate>
        <lastName>Van Hollen</lastName>
        <bioguideId>V000128</bioguideId>
        <state>MD</state>
        <middleName />
        <sponsorshipWithdrawnDate />
      </item>
      <item>
        <isOriginalCosponsor>False</isOriginalCosponsor>
        <fullName>Sen. Hassan, Margaret Wood [D-NH]</fullName>
        <firstName>Margaret</firstName>
        <identifiers>
          <gpoId />
          <bioguideId>H001076</bioguideId>
          <lisID>2302</lisID>
        </identifiers>
        <party>D</party>
        <sponsorshipDate>2017-03-08</sponsorshipDate>
        <lastName>Hassan</lastName>
        <bioguideId>H001076</bioguideId>
        <state>NH</state>
        <middleName>Wood</middleName>
        <sponsorshipWithdrawnDate />
      </item>
      <item>
        <isOriginalCosponsor>False</isOriginalCosponsor>
        <fullName>Sen. Peters, Gary C. [D-MI]</fullName>
        <firstName>Gary</firstName>
        <identifiers>
          <lisID>1929</lisID>
          <gpoId>7994</gpoId>
          <bioguideId>P000595</bioguideId>
        </identifiers>
        <party>D</party>
        <sponsorshipDate>2017-03-08</sponsorshipDate>
        <lastName>Peters</lastName>
        <bioguideId>P000595</bioguideId>
        <state>MI</state>
        <middleName>C.</middleName>
        <sponsorshipWithdrawnDate />
      </item>
    </cosponsors>
    <laws />
    <policyArea>
      <name>Immigration</name>
    </policyArea>
    <cboCostEstimates />
    <billNumber>549</billNumber>
    <congress>115</congress>
    <version>1.0.0</version>
    <introducedDate>2017-03-07</introducedDate>
    <committeeReports />
    <titles>
      <item>
        <parentTitleType />
        <chamberCode />
        <titleType>Official Title as Introduced</titleType>
        <chamberName />
        <title>A bill to block implementation of the Executive Order that restricts individuals from certain countries from entering the United States.</title>
      </item>
      <item>
        <parentTitleType />
        <chamberCode />
        <titleType>Display Title</titleType>
        <chamberName />
        <title>A bill to block implementation of the Executive Order that restricts individuals from certain countries from entering the United States.</title>
      </item>
    </titles>
    <calendarNumbers />
    <subjects>
      <billSubjects>
        <legislativeSubjects>
          <item>
            <name>Africa</name>
          </item>
          <item>
            <name>Border security and unlawful immigration</name>
          </item>
          <item>
            <name>Department of Homeland Security</name>
          </item>
          <item>
            <name>Executive agency funding and structure</name>
          </item>
          <item>
            <name>Immigration status and procedures</name>
          </item>
          <item>
            <name>Iran</name>
          </item>
          <item>
            <name>Libya</name>
          </item>
          <item>
            <name>Middle East</name>
          </item>
          <item>
            <name>Presidents and presidential powers, Vice Presidents</name>
          </item>
          <item>
            <name>Refugees, asylum, displaced persons</name>
          </item>
          <item>
            <name>Religion</name>
          </item>
          <item>
            <name>Somalia</name>
          </item>
          <item>
            <name>Sudan</name>
          </item>
          <item>
            <name>Syria</name>
          </item>
          <item>
            <name>Travel and tourism</name>
          </item>
          <item>
            <name>Visas and passports</name>
          </item>
          <item>
            <name>Yemen</name>
          </item>
        </legislativeSubjects>
        <policyArea>
          <name>Immigration</name>
        </policyArea>
      </billSubjects>
    </subjects>
    <billType>S</billType>
  </bill>
  <dublinCore xmlns:dc="http://purl.org/dc/elements/1.1/">
    <dc:format>text/xml</dc:format>
    <dc:language>EN</dc:language>
    <dc:rights>Pursuant to Title 17 Section 105 of the United States Code, this file is not subject to copyright protection and is in the public domain.</dc:rights>
    <dc:contributor>Congressional Research Service, Library of Congress</dc:contributor>
    <dc:description>This file contains bill summaries and statuses for federal legislation. A bill summary describes the most significant provisions of a piece of legislation and details the effects the legislative text may have on current law and federal programs. Bill summaries are authored by the Congressional Research Service (CRS) of the Library of Congress. As stated in Public Law 91-510 (2 USC 166 (d)(6)), one of the duties of CRS is "to prepare summaries and digests of bills and resolutions of a public general nature introduced in the Senate or House of Representatives". For more information, refer to the User Guide that accompanies this file.</dc:description>
  </dublinCore>
</billStatus>

