<?xml version="1.0" encoding="UTF-8"?>
<billStatus>
  <bill>
    <committeeReports />
    <originChamber>Senate</originChamber>
    <billNumber>657</billNumber>
    <actions>
      <item>
        <actionDate>2017-03-15</actionDate>
        <committee>
          <systemCode>sshr00</systemCode>
          <name>Health, Education, Labor, and Pensions Committee</name>
        </committee>
        <links />
        <sourceSystem>
          <name>Senate</name>
          <code>0</code>
        </sourceSystem>
        <text>Read twice and referred to the Committee on Health, Education, Labor, and Pensions.</text>
        <type>IntroReferral</type>
      </item>
      <item>
        <links />
        <actionDate>2017-03-15</actionDate>
        <type>IntroReferral</type>
        <text>Introduced in Senate</text>
        <actionCode>10000</actionCode>
        <sourceSystem>
          <name>Library of Congress</name>
          <code>9</code>
        </sourceSystem>
        <committee />
      </item>
      <actionByCounts>
        <senate>2</senate>
      </actionByCounts>
      <actionTypeCounts>
        <introducedInSenate>1</introducedInSenate>
        <referredToCommittee>1</referredToCommittee>
      </actionTypeCounts>
    </actions>
    <calendarNumbers />
    <updateDate>2018-02-06T16:45:02Z</updateDate>
    <cosponsors>
      <item>
        <isOriginalCosponsor>True</isOriginalCosponsor>
        <fullName>Sen. Brown, Sherrod [D-OH]</fullName>
        <firstName>SHERROD</firstName>
        <identifiers>
          <lisID>136</lisID>
          <gpoId>8309</gpoId>
          <bioguideId>B000944</bioguideId>
        </identifiers>
        <party>D</party>
        <sponsorshipDate>2017-03-15</sponsorshipDate>
        <lastName>BROWN</lastName>
        <bioguideId>B000944</bioguideId>
        <state>OH</state>
        <middleName />
        <sponsorshipWithdrawnDate />
      </item>
      <item>
        <isOriginalCosponsor>False</isOriginalCosponsor>
        <fullName>Sen. Murray, Patty [D-WA]</fullName>
        <firstName>PATTY</firstName>
        <identifiers>
          <lisID>1409</lisID>
          <bioguideId>M001111</bioguideId>
          <gpoId>8237</gpoId>
        </identifiers>
        <party>D</party>
        <sponsorshipDate>2017-03-21</sponsorshipDate>
        <lastName>MURRAY</lastName>
        <bioguideId>M001111</bioguideId>
        <state>WA</state>
        <middleName />
        <sponsorshipWithdrawnDate />
      </item>
    </cosponsors>
    <notes />
    <subjects>
      <billSubjects>
        <policyArea>
          <name>Health</name>
        </policyArea>
        <legislativeSubjects>
          <item>
            <name>Government information and archives</name>
          </item>
          <item>
            <name>Health promotion and preventive care</name>
          </item>
          <item>
            <name>Physical fitness and lifestyle</name>
          </item>
        </legislativeSubjects>
      </billSubjects>
    </subjects>
    <committees>
      <billCommittees>
        <item>
          <chamber>Senate</chamber>
          <subcommittees />
          <type>Standing</type>
          <activities>
            <item>
              <date>2017-03-15T19:53:19Z</date>
              <name>Referred to</name>
            </item>
          </activities>
          <systemCode>sshr00</systemCode>
          <name>Health, Education, Labor, and Pensions Committee</name>
        </item>
      </billCommittees>
    </committees>
    <version>1.0.0</version>
    <recordedVotes />
    <policyArea>
      <name>Health</name>
    </policyArea>
    <cboCostEstimates />
    <introducedDate>2017-03-15</introducedDate>
    <title>Promoting Physical Activity for Americans Act</title>
    <amendments />
    <congress>115</congress>
    <billType>S</billType>
    <createDate>2017-03-16T05:28:17Z</createDate>
    <sponsors>
      <item>
        <lastName>WICKER</lastName>
        <party>R</party>
        <state>MS</state>
        <bioguideId>W000437</bioguideId>
        <middleName>F.</middleName>
        <byRequestType />
        <fullName>Sen. Wicker, Roger F. [R-MS]</fullName>
        <firstName>ROGER</firstName>
        <identifiers>
          <lisID>1226</lisID>
          <bioguideId>W000437</bioguideId>
          <gpoId>8263</gpoId>
        </identifiers>
      </item>
    </sponsors>
    <latestAction>
      <text>Read twice and referred to the Committee on Health, Education, Labor, and Pensions.</text>
      <links />
      <actionDate>2017-03-15</actionDate>
    </latestAction>
    <relatedBills>
      <item>
        <congress>115</congress>
        <latestTitle>Physical Activities Recommendations for Americans Act of 2017</latestTitle>
        <number>1519</number>
        <type>HR</type>
        <latestAction>
          <text>Referred to the Subcommittee on Health.</text>
          <actionDate>2017-03-17</actionDate>
        </latestAction>
        <relationshipDetails>
          <item>
            <type>Related bill</type>
            <identifiedBy>CRS</identifiedBy>
          </item>
        </relationshipDetails>
      </item>
    </relatedBills>
    <laws />
    <titles>
      <item>
        <chamberName />
        <titleType>Short Titles as Introduced</titleType>
        <title>Promoting Physical Activity for Americans Act</title>
        <parentTitleType />
        <chamberCode />
      </item>
      <item>
        <chamberName />
        <titleType>Official Title as Introduced</titleType>
        <title>A bill to provide for the publication by the Secretary of Health and Human Services of physical activity recommendations for Americans.</title>
        <parentTitleType />
        <chamberCode />
      </item>
      <item>
        <chamberName />
        <titleType>Display Title</titleType>
        <title>Promoting Physical Activity for Americans Act</title>
        <parentTitleType />
        <chamberCode />
      </item>
    </titles>
    <summaries>
      <billSummaries>
        <item>
          <lastSummaryUpdateDate>2017-07-17T14:43:44Z</lastSummaryUpdateDate>
          <updateDate>2017-03-15T04:00:00Z</updateDate>
          <versionCode>00</versionCode>
          <text><![CDATA[<p><b>Promoting Physical Activity for Americans Act</b></p> <p>This bill requires the Department of Health and Human Services (HHS) to publish a report at least every 10 years that contains physical activity recommendations for the general public based on the most current scientific and medical knowledge, including information for population subgroups, as needed.</p> <p>HHS must publish updated reports that detail evidence-based practices and highlight continuing physical activity issues between the publications of full reports. Updated reports may focus on particular population subgroups or issues relating to physical activity.</p>]]></text>
          <name>Introduced in Senate</name>
          <actionDesc>Introduced in Senate</actionDesc>
          <actionDate>2017-03-15</actionDate>
        </item>
      </billSummaries>
    </summaries>
  </bill>
  <dublinCore xmlns:dc="http://purl.org/dc/elements/1.1/">
    <dc:format>text/xml</dc:format>
    <dc:language>EN</dc:language>
    <dc:rights>Pursuant to Title 17 Section 105 of the United States Code, this file is not subject to copyright protection and is in the public domain.</dc:rights>
    <dc:contributor>Congressional Research Service, Library of Congress</dc:contributor>
    <dc:description>This file contains bill summaries and statuses for federal legislation. A bill summary describes the most significant provisions of a piece of legislation and details the effects the legislative text may have on current law and federal programs. Bill summaries are authored by the Congressional Research Service (CRS) of the Library of Congress. As stated in Public Law 91-510 (2 USC 166 (d)(6)), one of the duties of CRS is "to prepare summaries and digests of bills and resolutions of a public general nature introduced in the Senate or House of Representatives". For more information, refer to the User Guide that accompanies this file.</dc:description>
  </dublinCore>
</billStatus>

