<?xml version="1.0" encoding="UTF-8"?>
<billStatus>
  <bill>
    <policyArea>
      <name>Agriculture and Food</name>
    </policyArea>
    <committeeReports />
    <congress>115</congress>
    <sponsors>
      <item>
        <identifiers>
          <bioguideId>L000577</bioguideId>
          <lisID>2080</lisID>
          <gpoId>8303</gpoId>
        </identifiers>
        <middleName />
        <byRequestType />
        <fullName>Sen. Lee, Mike [R-UT]</fullName>
        <bioguideId>L000577</bioguideId>
        <state>UT</state>
        <party>R</party>
        <firstName>Mike</firstName>
        <lastName>Lee</lastName>
      </item>
    </sponsors>
    <calendarNumbers />
    <amendments />
    <relatedBills>
      <item>
        <type>HR</type>
        <latestAction>
          <text>Referred to the House Committee on Agriculture.</text>
          <actionDate>2017-03-28</actionDate>
        </latestAction>
        <latestTitle>Opportunities for Fairness in Farming Act of 2017</latestTitle>
        <relationshipDetails>
          <item>
            <type>Identical bill</type>
            <identifiedBy>CRS</identifiedBy>
          </item>
        </relationshipDetails>
        <congress>115</congress>
        <number>1753</number>
      </item>
    </relatedBills>
    <notes />
    <originChamber>Senate</originChamber>
    <version>1.0.0</version>
    <billNumber>741</billNumber>
    <title>Opportunities for Fairness in Farming Act of 2017</title>
    <cosponsors>
      <item>
        <party>D</party>
        <bioguideId>B001288</bioguideId>
        <isOriginalCosponsor>True</isOriginalCosponsor>
        <firstName>Cory</firstName>
        <middleName>A.</middleName>
        <sponsorshipWithdrawnDate />
        <sponsorshipDate>2017-03-28</sponsorshipDate>
        <fullName>Sen. Booker, Cory A. [D-NJ]</fullName>
        <identifiers>
          <lisID>2194</lisID>
          <bioguideId>B001288</bioguideId>
          <gpoId />
        </identifiers>
        <lastName>Booker</lastName>
        <state>NJ</state>
      </item>
      <item>
        <party>R</party>
        <bioguideId>P000603</bioguideId>
        <isOriginalCosponsor>False</isOriginalCosponsor>
        <firstName>Rand</firstName>
        <middleName />
        <sponsorshipWithdrawnDate />
        <sponsorshipDate>2017-06-19</sponsorshipDate>
        <fullName>Sen. Paul, Rand [R-KY]</fullName>
        <identifiers>
          <gpoId>8308</gpoId>
          <bioguideId>P000603</bioguideId>
          <lisID>2082</lisID>
        </identifiers>
        <lastName>Paul</lastName>
        <state>KY</state>
      </item>
    </cosponsors>
    <subjects>
      <billSubjects>
        <legislativeSubjects>
          <item>
            <name>Agricultural marketing and promotion</name>
          </item>
          <item>
            <name>Agricultural research</name>
          </item>
          <item>
            <name>Business records</name>
          </item>
          <item>
            <name>Competition and antitrust</name>
          </item>
          <item>
            <name>Congressional oversight</name>
          </item>
          <item>
            <name>Government information and archives</name>
          </item>
          <item>
            <name>Government studies and investigations</name>
          </item>
          <item>
            <name>Public participation and lobbying</name>
          </item>
        </legislativeSubjects>
        <policyArea>
          <name>Agriculture and Food</name>
        </policyArea>
      </billSubjects>
    </subjects>
    <laws />
    <actions>
      <actionTypeCounts>
        <referredToCommittee>1</referredToCommittee>
        <introducedInSenate>1</introducedInSenate>
      </actionTypeCounts>
      <item>
        <actionDate>2017-03-28</actionDate>
        <committee>
          <systemCode>ssaf00</systemCode>
          <name>Agriculture, Nutrition, and Forestry Committee</name>
        </committee>
        <links />
        <sourceSystem>
          <code>0</code>
          <name>Senate</name>
        </sourceSystem>
        <text>Read twice and referred to the Committee on Agriculture, Nutrition, and Forestry.</text>
        <type>IntroReferral</type>
      </item>
      <item>
        <type>IntroReferral</type>
        <text>Introduced in Senate</text>
        <links />
        <committee />
        <sourceSystem>
          <code>9</code>
          <name>Library of Congress</name>
        </sourceSystem>
        <actionDate>2017-03-28</actionDate>
        <actionCode>10000</actionCode>
      </item>
      <actionByCounts>
        <senate>2</senate>
      </actionByCounts>
    </actions>
    <titles>
      <item>
        <titleType>(Extracted from GPO) Short Titles as Introduced</titleType>
        <title>Opportunities for Fairness in Farming Act of 2017</title>
        <chamberCode />
        <parentTitleType />
        <chamberName />
      </item>
      <item>
        <titleType>Short Titles as Introduced</titleType>
        <title>Opportunities for Fairness in Farming Act of 2017</title>
        <chamberCode />
        <parentTitleType />
        <chamberName />
      </item>
      <item>
        <titleType>Official Title as Introduced</titleType>
        <title>A bill to prohibit certain practices relating to certain commodity promotion programs, to require greater transparency by those programs, and for other purposes.</title>
        <chamberCode />
        <parentTitleType />
        <chamberName />
      </item>
      <item>
        <titleType>Display Title</titleType>
        <title>Opportunities for Fairness in Farming Act of 2017</title>
        <chamberCode />
        <parentTitleType />
        <chamberName />
      </item>
    </titles>
    <summaries>
      <billSummaries>
        <item>
          <versionCode>00</versionCode>
          <actionDate>2017-03-28</actionDate>
          <updateDate>2017-03-28T04:00:00Z</updateDate>
          <text><![CDATA[<p><b>Opportunities for Fairness in Farming Act of 2017</b></p> <p>This bill establishes restrictions and requirements for checkoff programs, which are programs overseen by the Department of Agriculture (USDA) to promote and provide research and information for a particular agricultural commodity without reference to specific producers or brands. </p> <p>The bill prohibits boards established to carry out a checkoff program or a USDA order issued under a checkoff program from entering into a contract or agreement to carry out program activities with a party that engages in activities to influence any government policy or action that relates to agriculture.</p> <p> A board or its employees or agents acting in their official capacity may not engage in any: </p> <ul> <li> act that may involve a conflict of interest; </li> <li>anticompetitive activity;</li> <li>unfair or deceptive act or practice; or</li> <li>act that may be disparaging to, or in any way negatively portray, another agricultural commodity or product. </li> </ul> <p>Upon approval of USDA, a board may enter directly into contracts and agreements to carry out generic promotion, research, or other activities authorized by law if the agreement or contract requires records accounting for the funds received to be submitted to the board. </p> <p>The board must meet specified requirements regarding the publication of budgets and disbursements of funds. </p> <p>The USDA Inspector General and the Government Accountability Office must conduct specified audits regarding checkoff programs. </p>]]></text>
          <actionDesc>Introduced in Senate</actionDesc>
          <name>Introduced in Senate</name>
          <lastSummaryUpdateDate>2017-04-13T16:24:41Z</lastSummaryUpdateDate>
        </item>
      </billSummaries>
    </summaries>
    <committees>
      <billCommittees>
        <item>
          <name>Agriculture, Nutrition, and Forestry Committee</name>
          <chamber>Senate</chamber>
          <type>Standing</type>
          <subcommittees />
          <systemCode>ssaf00</systemCode>
          <activities>
            <item>
              <name>Referred to</name>
              <date>2017-03-28T15:11:27Z</date>
            </item>
          </activities>
        </item>
      </billCommittees>
    </committees>
    <introducedDate>2017-03-28</introducedDate>
    <updateDate>2018-02-06T16:45:08Z</updateDate>
    <cboCostEstimates />
    <recordedVotes />
    <billType>S</billType>
    <createDate>2017-03-29T05:08:05Z</createDate>
    <latestAction>
      <text>Read twice and referred to the Committee on Agriculture, Nutrition, and Forestry.</text>
      <links />
      <actionDate>2017-03-28</actionDate>
    </latestAction>
  </bill>
  <dublinCore xmlns:dc="http://purl.org/dc/elements/1.1/">
    <dc:format>text/xml</dc:format>
    <dc:language>EN</dc:language>
    <dc:rights>Pursuant to Title 17 Section 105 of the United States Code, this file is not subject to copyright protection and is in the public domain.</dc:rights>
    <dc:contributor>Congressional Research Service, Library of Congress</dc:contributor>
    <dc:description>This file contains bill summaries and statuses for federal legislation. A bill summary describes the most significant provisions of a piece of legislation and details the effects the legislative text may have on current law and federal programs. Bill summaries are authored by the Congressional Research Service (CRS) of the Library of Congress. As stated in Public Law 91-510 (2 USC 166 (d)(6)), one of the duties of CRS is "to prepare summaries and digests of bills and resolutions of a public general nature introduced in the Senate or House of Representatives". For more information, refer to the User Guide that accompanies this file.</dc:description>
  </dublinCore>
</billStatus>

