<?xml version="1.0" encoding="UTF-8"?>
<billStatus>
  <bill>
    <notes />
    <sponsors>
      <item>
        <party>D</party>
        <fullName>Sen. Merkley, Jeff [D-OR]</fullName>
        <lastName>Merkley</lastName>
        <middleName />
        <identifiers>
          <gpoId>8238</gpoId>
          <bioguideId>M001176</bioguideId>
          <lisID>1900</lisID>
        </identifiers>
        <firstName>Jeff</firstName>
        <byRequestType />
        <bioguideId>M001176</bioguideId>
        <state>OR</state>
      </item>
    </sponsors>
    <policyArea>
      <name>Energy</name>
    </policyArea>
    <committees>
      <billCommittees>
        <item>
          <name>Energy and Natural Resources Committee</name>
          <chamber>Senate</chamber>
          <activities>
            <item>
              <name>Referred to</name>
              <date>2017-03-28T21:24:58Z</date>
            </item>
          </activities>
          <subcommittees />
          <type>Standing</type>
          <systemCode>sseg00</systemCode>
        </item>
      </billCommittees>
    </committees>
    <relatedBills>
      <item>
        <number>2242</number>
        <congress>115</congress>
        <relationshipDetails>
          <item>
            <type>Related bill</type>
            <identifiedBy>CRS</identifiedBy>
          </item>
        </relationshipDetails>
        <type>HR</type>
        <latestTitle>Keep It in the Ground Act of 2017</latestTitle>
        <latestAction>
          <actionDate>2017-05-11</actionDate>
          <text>Referred to the Subcommittee on Energy and Mineral Resources.</text>
        </latestAction>
      </item>
    </relatedBills>
    <titles>
      <item>
        <parentTitleType />
        <titleType>(Extracted from GPO) Short Titles as Introduced</titleType>
        <chamberCode />
        <chamberName />
        <title>Keep It in the Ground Act of 2017</title>
      </item>
      <item>
        <parentTitleType />
        <titleType>Short Titles as Introduced</titleType>
        <chamberCode />
        <chamberName />
        <title>Keep It in the Ground Act of 2017</title>
      </item>
      <item>
        <parentTitleType />
        <titleType>Official Title as Introduced</titleType>
        <chamberCode />
        <chamberName />
        <title>A bill to prohibit drilling in the outer Continental Shelf, to prohibit coal leases on Federal land, and for other purposes.</title>
      </item>
      <item>
        <parentTitleType />
        <titleType>Display Title</titleType>
        <chamberCode />
        <chamberName />
        <title>Keep It in the Ground Act of 2017</title>
      </item>
    </titles>
    <originChamber>Senate</originChamber>
    <congress>115</congress>
    <actions>
      <actionByCounts>
        <senate>2</senate>
      </actionByCounts>
      <actionTypeCounts>
        <introducedInSenate>1</introducedInSenate>
        <referredToCommittee>1</referredToCommittee>
      </actionTypeCounts>
      <item>
        <actionDate>2017-03-28</actionDate>
        <committee>
          <systemCode>sseg00</systemCode>
          <name>Energy and Natural Resources Committee</name>
        </committee>
        <links />
        <sourceSystem>
          <code>0</code>
          <name>Senate</name>
        </sourceSystem>
        <text>Read twice and referred to the Committee on Energy and Natural Resources.</text>
        <type>IntroReferral</type>
      </item>
      <item>
        <actionDate>2017-03-28</actionDate>
        <committee />
        <links />
        <text>Introduced in Senate</text>
        <type>IntroReferral</type>
        <sourceSystem>
          <code>9</code>
          <name>Library of Congress</name>
        </sourceSystem>
        <actionCode>10000</actionCode>
      </item>
    </actions>
    <subjects>
      <billSubjects>
        <legislativeSubjects>
          <item>
            <name>Air quality</name>
          </item>
          <item>
            <name>Alternative and renewable resources</name>
          </item>
          <item>
            <name>Arctic Ocean</name>
          </item>
          <item>
            <name>Atlantic Ocean</name>
          </item>
          <item>
            <name>Climate change and greenhouse gases</name>
          </item>
          <item>
            <name>Coal</name>
          </item>
          <item>
            <name>Gulf of Mexico</name>
          </item>
          <item>
            <name>Land use and conservation</name>
          </item>
          <item>
            <name>Marine and coastal resources, fisheries</name>
          </item>
          <item>
            <name>Oil and gas</name>
          </item>
          <item>
            <name>Pacific Ocean</name>
          </item>
        </legislativeSubjects>
        <policyArea>
          <name>Energy</name>
        </policyArea>
      </billSubjects>
    </subjects>
    <laws />
    <createDate>2017-03-29T05:08:05Z</createDate>
    <title>Keep It in the Ground Act of 2017</title>
    <committeeReports />
    <billType>S</billType>
    <introducedDate>2017-03-28</introducedDate>
    <updateDate>2018-03-02T05:44:35Z</updateDate>
    <summaries>
      <billSummaries>
        <item>
          <updateDate>2017-03-28T04:00:00Z</updateDate>
          <name>Introduced in Senate</name>
          <lastSummaryUpdateDate>2017-05-31T21:45:45Z</lastSummaryUpdateDate>
          <versionCode>00</versionCode>
          <text><![CDATA[<p><strong>Keep It in the Ground Act of </strong><b>201</b><b>7</b></p> <p> <p>This bill amends the Outer Continental Shelf Lands Act to prohibit the Bureau of Ocean Energy Management (BOEM) from issuing, renewing, reinstating, or extending any nonproducing lease, or issuing any authorization for the exploration or production of oil, natural gas, or any other fossil fuel in the Arctic Ocean, Atlantic Ocean, Pacific Ocean, Gulf of Mexico, or any other area of the Outer Continental Shelf. BOEM shall also cancel within 60 days any lease issued in the Beaufort Sea, Cook Inlet, or Chukchi Sea (three of the five bodies of water that encompass the Alaska Outer Continental Shelf).</p> <p>The Bureau of Land Management (BLM) must not issue, renew, reinstate, or extend any nonproducing lease for the exploration or production of any onshore fossil fuels, including coal, oil, tar sands, oil shale, and gas, on land subject to the Mineral Leasing Act.</p> <p>The bill provides for exceptions if there is an imminent national security threat that would be significantly reduced by granting an exception. </p> <p>In addition, BOEM and the BLM may allow a nonproducing lease to be renewed or extended if the lease contract was signed before this bill, and giving effect to any provision of this bill is likely to lead to a material breach of contract.</p>]]></text>
          <actionDate>2017-03-28</actionDate>
          <actionDesc>Introduced in Senate</actionDesc>
        </item>
      </billSummaries>
    </summaries>
    <cosponsors>
      <item>
        <identifiers>
          <gpoId>8270</gpoId>
          <lisID>1010</lisID>
          <bioguideId>S000033</bioguideId>
        </identifiers>
        <middleName />
        <bioguideId>S000033</bioguideId>
        <sponsorshipDate>2017-03-28</sponsorshipDate>
        <party>I</party>
        <sponsorshipWithdrawnDate />
        <firstName>BERNARD</firstName>
        <lastName>SANDERS</lastName>
        <isOriginalCosponsor>True</isOriginalCosponsor>
        <state>VT</state>
        <fullName>Sen. Sanders, Bernard [I-VT]</fullName>
      </item>
      <item>
        <identifiers>
          <bioguideId>W000817</bioguideId>
          <gpoId />
          <lisID>2182</lisID>
        </identifiers>
        <middleName>A.</middleName>
        <bioguideId>W000817</bioguideId>
        <sponsorshipDate>2017-03-28</sponsorshipDate>
        <party>D</party>
        <sponsorshipWithdrawnDate />
        <firstName>Elizabeth</firstName>
        <lastName>Warren</lastName>
        <isOriginalCosponsor>True</isOriginalCosponsor>
        <state>MA</state>
        <fullName>Sen. Warren, Elizabeth [D-MA]</fullName>
      </item>
      <item>
        <identifiers>
          <gpoId />
          <lisID>2173</lisID>
          <bioguideId>S001194</bioguideId>
        </identifiers>
        <middleName />
        <bioguideId>S001194</bioguideId>
        <sponsorshipDate>2017-03-28</sponsorshipDate>
        <party>D</party>
        <sponsorshipWithdrawnDate />
        <firstName>Brian</firstName>
        <lastName>Schatz</lastName>
        <isOriginalCosponsor>True</isOriginalCosponsor>
        <state>HI</state>
        <fullName>Sen. Schatz, Brian [D-HI]</fullName>
      </item>
      <item>
        <identifiers>
          <bioguideId>L000174</bioguideId>
          <lisID>1383</lisID>
          <gpoId>8244</gpoId>
        </identifiers>
        <middleName>JOSEPH</middleName>
        <bioguideId>L000174</bioguideId>
        <sponsorshipDate>2017-03-28</sponsorshipDate>
        <party>D</party>
        <sponsorshipWithdrawnDate />
        <firstName>PATRICK</firstName>
        <lastName>LEAHY</lastName>
        <isOriginalCosponsor>True</isOriginalCosponsor>
        <state>VT</state>
        <fullName>Sen. Leahy, Patrick J. [D-VT]</fullName>
      </item>
      <item>
        <identifiers>
          <lisID>791</lisID>
          <gpoId>8239</gpoId>
          <bioguideId>M000639</bioguideId>
        </identifiers>
        <middleName />
        <bioguideId>M000639</bioguideId>
        <sponsorshipDate>2017-03-28</sponsorshipDate>
        <party>D</party>
        <sponsorshipWithdrawnDate />
        <firstName>ROBERT</firstName>
        <lastName>MENENDEZ</lastName>
        <isOriginalCosponsor>True</isOriginalCosponsor>
        <state>NJ</state>
        <fullName>Sen. Menendez, Robert [D-NJ]</fullName>
      </item>
      <item>
        <identifiers>
          <lisID>1866</lisID>
          <gpoId>8336</gpoId>
          <bioguideId>G000555</bioguideId>
        </identifiers>
        <middleName>E.</middleName>
        <bioguideId>G000555</bioguideId>
        <sponsorshipDate>2017-03-28</sponsorshipDate>
        <party>D</party>
        <sponsorshipWithdrawnDate />
        <firstName>Kirsten</firstName>
        <lastName>Gillibrand</lastName>
        <isOriginalCosponsor>True</isOriginalCosponsor>
        <state>NY</state>
        <fullName>Sen. Gillibrand, Kirsten E. [D-NY]</fullName>
      </item>
      <item>
        <identifiers>
          <bioguideId>C000141</bioguideId>
          <lisID>174</lisID>
          <gpoId>8287</gpoId>
        </identifiers>
        <middleName>L.</middleName>
        <bioguideId>C000141</bioguideId>
        <sponsorshipDate>2017-04-27</sponsorshipDate>
        <party>D</party>
        <sponsorshipWithdrawnDate />
        <firstName>BENJAMIN</firstName>
        <lastName>CARDIN</lastName>
        <isOriginalCosponsor>False</isOriginalCosponsor>
        <state>MD</state>
        <fullName>Sen. Cardin, Benjamin L. [D-MD]</fullName>
      </item>
    </cosponsors>
    <billNumber>750</billNumber>
    <recordedVotes />
    <version>1.0.0</version>
    <calendarNumbers />
    <cboCostEstimates />
    <amendments />
    <latestAction>
      <actionDate>2017-03-28</actionDate>
      <links />
      <text>Read twice and referred to the Committee on Energy and Natural Resources.</text>
    </latestAction>
  </bill>
  <dublinCore xmlns:dc="http://purl.org/dc/elements/1.1/">
    <dc:format>text/xml</dc:format>
    <dc:language>EN</dc:language>
    <dc:rights>Pursuant to Title 17 Section 105 of the United States Code, this file is not subject to copyright protection and is in the public domain.</dc:rights>
    <dc:contributor>Congressional Research Service, Library of Congress</dc:contributor>
    <dc:description>This file contains bill summaries and statuses for federal legislation. A bill summary describes the most significant provisions of a piece of legislation and details the effects the legislative text may have on current law and federal programs. Bill summaries are authored by the Congressional Research Service (CRS) of the Library of Congress. As stated in Public Law 91-510 (2 USC 166 (d)(6)), one of the duties of CRS is "to prepare summaries and digests of bills and resolutions of a public general nature introduced in the Senate or House of Representatives". For more information, refer to the User Guide that accompanies this file.</dc:description>
  </dublinCore>
</billStatus>

