<?xml version="1.0" encoding="UTF-8"?>
<billStatus>
  <bill>
    <committeeReports />
    <summaries>
      <billSummaries>
        <item>
          <updateDate>2017-04-26T04:00:00Z</updateDate>
          <lastSummaryUpdateDate>2017-08-02T15:44:22Z</lastSummaryUpdateDate>
          <versionCode>00</versionCode>
          <name>Introduced in Senate</name>
          <text><![CDATA[<p><strong>Veterans Treatment Court Improvement Act of 2017</strong></p> <p>This bill requires the Department of Veterans Affairs (VA) to hire at least 50 Veterans Justice Outreach Specialists, place each one at an eligible VA medical center, and ensure that each one serves as part of a justice team in a veterans treatment court or other veteran-focused court.</p> <p>An eligible VA medical center is one that:</p> <ul> <li> complies with all VA guidelines and regulations for placement of a specialist; </li> <li> works with a veteran with active, ongoing, or recent contact with some component of a local criminal justice system;</li> <li> maintains an affiliation with one or more veterans treatment courts or other veteran-focused courts; and </li> <li> either routinely provides specialists, or establishes a VA-approved plan to provide specialists, to serve as part of a justice team in such a court.</li> </ul> <p>The VA shall prioritize the placement of specialists at eligible VA medical centers that have an affiliation with such a court that: (1) was established after the date of this bill's enactment, or (2) was established before such date and is not fully staffed with specialists.</p> <ul> </ul> <ul> </ul>]]></text>
          <actionDate>2017-04-26</actionDate>
          <actionDesc>Introduced in Senate</actionDesc>
        </item>
      </billSummaries>
    </summaries>
    <relatedBills>
      <item>
        <type>HR</type>
        <number>2147</number>
        <latestTitle>Veterans Treatment Court Improvement Act of 2017</latestTitle>
        <congress>115</congress>
        <relationshipDetails>
          <item>
            <type>Identical bill</type>
            <identifiedBy>CRS</identifiedBy>
          </item>
        </relationshipDetails>
        <latestAction>
          <text>Subcommittee Hearings Held.</text>
          <actionDate>2017-09-26</actionDate>
        </latestAction>
      </item>
    </relatedBills>
    <createDate>2017-04-27T00:41:42Z</createDate>
    <cosponsors>
      <item>
        <bioguideId>M000303</bioguideId>
        <firstName>JOHN</firstName>
        <sponsorshipDate>2017-04-26</sponsorshipDate>
        <party>R</party>
        <sponsorshipWithdrawnDate />
        <identifiers>
          <gpoId>8253</gpoId>
          <lisID>754</lisID>
          <bioguideId>M000303</bioguideId>
        </identifiers>
        <lastName>MCCAIN</lastName>
        <state>AZ</state>
        <isOriginalCosponsor>True</isOriginalCosponsor>
        <fullName>Sen. McCain, John [R-AZ]</fullName>
        <middleName>SIDNEY</middleName>
      </item>
      <item>
        <bioguideId>H000338</bioguideId>
        <firstName>ORRIN</firstName>
        <sponsorshipDate>2017-04-26</sponsorshipDate>
        <party>R</party>
        <sponsorshipWithdrawnDate />
        <identifiers>
          <lisID>1351</lisID>
          <bioguideId>H000338</bioguideId>
          <gpoId>8314</gpoId>
        </identifiers>
        <lastName>HATCH</lastName>
        <state>UT</state>
        <isOriginalCosponsor>True</isOriginalCosponsor>
        <fullName>Sen. Hatch, Orrin G. [R-UT]</fullName>
        <middleName>GRANT</middleName>
      </item>
      <item>
        <bioguideId>C001056</bioguideId>
        <firstName>John</firstName>
        <sponsorshipDate>2017-04-26</sponsorshipDate>
        <party>R</party>
        <sponsorshipWithdrawnDate />
        <identifiers>
          <gpoId>8295</gpoId>
          <lisID>1692</lisID>
          <bioguideId>C001056</bioguideId>
        </identifiers>
        <lastName>Cornyn</lastName>
        <state>TX</state>
        <isOriginalCosponsor>True</isOriginalCosponsor>
        <fullName>Sen. Cornyn, John [R-TX]</fullName>
        <middleName />
      </item>
      <item>
        <bioguideId>L000577</bioguideId>
        <firstName>Mike</firstName>
        <sponsorshipDate>2017-04-26</sponsorshipDate>
        <party>R</party>
        <sponsorshipWithdrawnDate />
        <identifiers>
          <bioguideId>L000577</bioguideId>
          <gpoId>8303</gpoId>
          <lisID>2080</lisID>
        </identifiers>
        <lastName>Lee</lastName>
        <state>UT</state>
        <isOriginalCosponsor>True</isOriginalCosponsor>
        <fullName>Sen. Lee, Mike [R-UT]</fullName>
        <middleName />
      </item>
      <item>
        <bioguideId>T000476</bioguideId>
        <firstName>Thomas</firstName>
        <sponsorshipDate>2017-04-26</sponsorshipDate>
        <party>R</party>
        <sponsorshipWithdrawnDate />
        <identifiers>
          <gpoId />
          <bioguideId>T000476</bioguideId>
          <lisID>2291</lisID>
        </identifiers>
        <lastName>Tillis</lastName>
        <state>NC</state>
        <isOriginalCosponsor>True</isOriginalCosponsor>
        <fullName>Sen. Tillis, Thom [R-NC]</fullName>
        <middleName>Roland</middleName>
      </item>
      <item>
        <bioguideId>M001153</bioguideId>
        <firstName>Lisa</firstName>
        <sponsorshipDate>2017-04-26</sponsorshipDate>
        <party>R</party>
        <sponsorshipWithdrawnDate />
        <identifiers>
          <lisID>1694</lisID>
          <gpoId>8234</gpoId>
          <bioguideId>M001153</bioguideId>
        </identifiers>
        <lastName>Murkowski</lastName>
        <state>AK</state>
        <isOriginalCosponsor>True</isOriginalCosponsor>
        <fullName>Sen. Murkowski, Lisa [R-AK]</fullName>
        <middleName />
      </item>
      <item>
        <bioguideId>T000464</bioguideId>
        <firstName>Jon</firstName>
        <sponsorshipDate>2017-04-26</sponsorshipDate>
        <party>D</party>
        <sponsorshipWithdrawnDate />
        <identifiers>
          <gpoId>8258</gpoId>
          <bioguideId>T000464</bioguideId>
          <lisID>1829</lisID>
        </identifiers>
        <lastName>Tester</lastName>
        <state>MT</state>
        <isOriginalCosponsor>True</isOriginalCosponsor>
        <fullName>Sen. Tester, Jon [D-MT]</fullName>
        <middleName />
      </item>
      <item>
        <bioguideId>M001183</bioguideId>
        <firstName>Joe</firstName>
        <sponsorshipDate>2017-04-26</sponsorshipDate>
        <party>D</party>
        <sponsorshipWithdrawnDate />
        <identifiers>
          <lisID>1983</lisID>
          <gpoId>8256</gpoId>
          <bioguideId>M001183</bioguideId>
        </identifiers>
        <lastName>Manchin</lastName>
        <state>WV</state>
        <isOriginalCosponsor>True</isOriginalCosponsor>
        <fullName>Sen. Manchin, Joe, III [D-WV]</fullName>
        <middleName />
      </item>
      <item>
        <bioguideId>D000607</bioguideId>
        <firstName>Joe</firstName>
        <sponsorshipDate>2017-09-14</sponsorshipDate>
        <party>D</party>
        <sponsorshipWithdrawnDate />
        <identifiers>
          <bioguideId>D000607</bioguideId>
          <gpoId>7941</gpoId>
          <lisID>1850</lisID>
        </identifiers>
        <lastName>Donnelly</lastName>
        <state>IN</state>
        <isOriginalCosponsor>False</isOriginalCosponsor>
        <fullName>Sen. Donnelly, Joe [D-IN]</fullName>
        <middleName />
      </item>
      <item>
        <bioguideId>W000817</bioguideId>
        <firstName>Elizabeth</firstName>
        <sponsorshipDate>2017-09-26</sponsorshipDate>
        <party>D</party>
        <sponsorshipWithdrawnDate />
        <identifiers>
          <lisID>2182</lisID>
          <bioguideId>W000817</bioguideId>
          <gpoId />
        </identifiers>
        <lastName>Warren</lastName>
        <state>MA</state>
        <isOriginalCosponsor>False</isOriginalCosponsor>
        <fullName>Sen. Warren, Elizabeth [D-MA]</fullName>
        <middleName>A.</middleName>
      </item>
      <item>
        <bioguideId>K000383</bioguideId>
        <firstName>Angus</firstName>
        <sponsorshipDate>2017-09-28</sponsorshipDate>
        <party>I</party>
        <sponsorshipWithdrawnDate />
        <identifiers>
          <lisID>2185</lisID>
          <gpoId />
          <bioguideId>K000383</bioguideId>
        </identifiers>
        <lastName>King</lastName>
        <state>ME</state>
        <isOriginalCosponsor>False</isOriginalCosponsor>
        <fullName>Sen. King, Angus S., Jr. [I-ME]</fullName>
        <middleName />
      </item>
      <item>
        <bioguideId>C001088</bioguideId>
        <firstName>Christopher</firstName>
        <sponsorshipDate>2017-10-04</sponsorshipDate>
        <party>D</party>
        <sponsorshipWithdrawnDate />
        <identifiers>
          <bioguideId>C001088</bioguideId>
          <lisID>1984</lisID>
          <gpoId>8297</gpoId>
        </identifiers>
        <lastName>Coons</lastName>
        <state>DE</state>
        <isOriginalCosponsor>False</isOriginalCosponsor>
        <fullName>Sen. Coons, Christopher A. [D-DE]</fullName>
        <middleName>A.</middleName>
      </item>
      <item>
        <bioguideId>B001230</bioguideId>
        <firstName>TAMMY</firstName>
        <sponsorshipDate>2017-12-01</sponsorshipDate>
        <party>D</party>
        <sponsorshipWithdrawnDate />
        <identifiers>
          <lisID>1558</lisID>
          <bioguideId>B001230</bioguideId>
          <gpoId>8215</gpoId>
        </identifiers>
        <lastName>BALDWIN</lastName>
        <state>WI</state>
        <isOriginalCosponsor>False</isOriginalCosponsor>
        <fullName>Sen. Baldwin, Tammy [D-WI]</fullName>
        <middleName />
      </item>
      <item>
        <bioguideId>H001076</bioguideId>
        <firstName>Margaret</firstName>
        <sponsorshipDate>2017-12-14</sponsorshipDate>
        <party>D</party>
        <sponsorshipWithdrawnDate />
        <identifiers>
          <bioguideId>H001076</bioguideId>
          <gpoId />
          <lisID>2302</lisID>
        </identifiers>
        <lastName>Hassan</lastName>
        <state>NH</state>
        <isOriginalCosponsor>False</isOriginalCosponsor>
        <fullName>Sen. Hassan, Margaret Wood [D-NH]</fullName>
        <middleName>Wood</middleName>
      </item>
      <item>
        <bioguideId>S001181</bioguideId>
        <firstName>Jeanne</firstName>
        <sponsorshipDate>2017-12-14</sponsorshipDate>
        <party>D</party>
        <sponsorshipWithdrawnDate />
        <identifiers>
          <bioguideId>S001181</bioguideId>
          <lisID>1901</lisID>
          <gpoId>8276</gpoId>
        </identifiers>
        <lastName>Shaheen</lastName>
        <state>NH</state>
        <isOriginalCosponsor>False</isOriginalCosponsor>
        <fullName>Sen. Shaheen, Jeanne [D-NH]</fullName>
        <middleName />
      </item>
      <item>
        <bioguideId>C000880</bioguideId>
        <firstName>MICHAEL</firstName>
        <sponsorshipDate>2017-12-21</sponsorshipDate>
        <party>R</party>
        <sponsorshipWithdrawnDate />
        <identifiers>
          <bioguideId>C000880</bioguideId>
          <lisID>250</lisID>
          <gpoId>8289</gpoId>
        </identifiers>
        <lastName>CRAPO</lastName>
        <state>ID</state>
        <isOriginalCosponsor>False</isOriginalCosponsor>
        <fullName>Sen. Crapo, Mike [R-ID]</fullName>
        <middleName>D.</middleName>
      </item>
      <item>
        <bioguideId>P000595</bioguideId>
        <firstName>Gary</firstName>
        <sponsorshipDate>2018-02-15</sponsorshipDate>
        <party>D</party>
        <sponsorshipWithdrawnDate />
        <identifiers>
          <bioguideId>P000595</bioguideId>
          <lisID>1929</lisID>
          <gpoId>7994</gpoId>
        </identifiers>
        <lastName>Peters</lastName>
        <state>MI</state>
        <isOriginalCosponsor>False</isOriginalCosponsor>
        <fullName>Sen. Peters, Gary C. [D-MI]</fullName>
        <middleName>C.</middleName>
      </item>
    </cosponsors>
    <billNumber>946</billNumber>
    <version>1.0.0</version>
    <calendarNumbers />
    <amendments>
      <amendment>
        <number>2042</number>
        <congress>115</congress>
        <latestAction>
          <text>Amendment SA 2042 agreed to in Senate by Unanimous Consent.</text>
          <actionDate>2018-02-15</actionDate>
        </latestAction>
        <type>SAMDT</type>
        <description />
        <type>SAMDT</type>
        <amendedBill>
          <type>S</type>
          <number>946</number>
          <originChamber>Senate</originChamber>
          <congress>115</congress>
          <originChamberCode>S</originChamberCode>
          <title>Veterans Treatment Court Improvement Act of 2018</title>
        </amendedBill>
        <cosponsors>
          <currentCount>0</currentCount>
          <totalCount>0</totalCount>
        </cosponsors>
        <proposedDate>2018-02-15T05:00:00Z</proposedDate>
        <titles />
        <links />
        <notes />
        <sponsors>
          <item>
            <firstName>JEFF</firstName>
            <middleName />
            <lastName>FLAKE</lastName>
            <fullName>Sen. Flake, Jeff [R-AZ]</fullName>
            <state>AZ</state>
            <party>R</party>
            <identifiers>
              <lisID>1633</lisID>
              <bioguideId>F000444</bioguideId>
              <gpoId>7803</gpoId>
            </identifiers>
            <bioguideId>F000444</bioguideId>
          </item>
        </sponsors>
        <purpose>In the nature of a substitute.</purpose>
        <chamber>Senate</chamber>
        <updateDate>2018-02-27T05:28:59Z</updateDate>
        <amendments>
          <count>0</count>
        </amendments>
        <description />
        <congress>115</congress>
        <version>1.0.0</version>
        <amendedAmendment />
        <createDate>2018-02-19T03:02:48Z</createDate>
        <number>2042</number>
        <submittedDate>2018-02-15T05:00:00Z</submittedDate>
        <actions>
          <count>6</count>
          <actions>
            <item>
              <actionDate>2018-02-15</actionDate>
              <committee />
              <links>
                <link>
                  <url>https://www.congress.gov/amendment/115th-congress/senate-amendment/2042</url>
                  <name>S.Amdt.2042</name>
                </link>
                <link>
                  <url>https://www.congress.gov/amendment/115th-congress/senate-amendment/2042</url>
                  <name>SA 2042</name>
                </link>
              </links>
              <sourceSystem>
                <code>0</code>
                <name>Senate</name>
              </sourceSystem>
              <text>Amendment SA 2042 agreed to in Senate by Unanimous Consent.</text>
              <type>Floor</type>
            </item>
            <item>
              <actionDate>2018-02-15</actionDate>
              <committee />
              <links>
                <link>
                  <url>https://www.congress.gov/amendment/115th-congress/senate-amendment/2042</url>
                  <name>S.Amdt.2042</name>
                </link>
                <link>
                  <url>https://www.congress.gov/congressional-record/volume-164/senate-section/page/S1190</url>
                  <name>S1190</name>
                </link>
                <link>
                  <url>https://www.congress.gov/amendment/115th-congress/senate-amendment/2042</url>
                  <name>SA 2042</name>
                </link>
              </links>
              <sourceSystem>
                <code>0</code>
                <name>Senate</name>
              </sourceSystem>
              <text>Amendment SA 2042 proposed by Senator Alexander for Senator Flake. (consideration: CR S1190; text: CR S1190) In the nature of a substitute.</text>
              <type>Floor</type>
            </item>
            <item>
              <actionDate>2018-02-15</actionDate>
              <committee />
              <links />
              <text />
            </item>
            <item>
              <type>Floor</type>
              <actionCode>93000</actionCode>
              <committee />
              <sourceSystem>
                <code>9</code>
                <name>Library of Congress</name>
              </sourceSystem>
              <text>Senate amendment proposed (on the floor): Amendment SA 2042 proposed by Senator Alexander for Senator Flake.(consideration: CR S1190; text: CR S1190)</text>
              <actionDate>2018-02-15</actionDate>
              <links>
                <link>
                  <url>https://www.congress.gov/amendment/115th-congress/senate-amendment/2042</url>
                  <name>S.Amdt.2042</name>
                </link>
                <link>
                  <url>https://www.congress.gov/congressional-record/volume-164/senate-section/page/S1190</url>
                  <name>S1190</name>
                </link>
                <link>
                  <url>https://www.congress.gov/amendment/115th-congress/senate-amendment/2042</url>
                  <name>SA 2042</name>
                </link>
              </links>
            </item>
            <item>
              <type>Floor</type>
              <actionCode>94000</actionCode>
              <committee />
              <sourceSystem>
                <code>9</code>
                <name>Library of Congress</name>
              </sourceSystem>
              <text>Senate amendment agreed to: Amendment SA 2042 agreed to in Senate by Unanimous Consent.</text>
              <actionDate>2018-02-15</actionDate>
              <links>
                <link>
                  <url>https://www.congress.gov/amendment/115th-congress/senate-amendment/2042</url>
                  <name>S.Amdt.2042</name>
                </link>
                <link>
                  <url>https://www.congress.gov/amendment/115th-congress/senate-amendment/2042</url>
                  <name>SA 2042</name>
                </link>
              </links>
            </item>
            <item>
              <type>Floor</type>
              <actionCode>91000</actionCode>
              <committee />
              <sourceSystem>
                <code>9</code>
                <name>Library of Congress</name>
              </sourceSystem>
              <text>Senate amendment submitted</text>
              <actionDate>2018-02-15</actionDate>
              <links />
            </item>
          </actions>
          <actionTypeCounts>
            <senateAmendmentSubmitted>1</senateAmendmentSubmitted>
            <amendmentAgreedTo>1</amendmentAgreedTo>
            <senateAmendmentAgreedTo>1</senateAmendmentAgreedTo>
            <amendmentProposed>1</amendmentProposed>
            <senateAmendmentProposedOnTheFloor>1</senateAmendmentProposedOnTheFloor>
          </actionTypeCounts>
          <actionByCounts>
            <senate>5</senate>
          </actionByCounts>
        </actions>
        <purpose>In the nature of a substitute.</purpose>
      </amendment>
    </amendments>
    <laws />
    <titles>
      <item>
        <titleType>Short Titles as Passed Senate</titleType>
        <chamberCode>S</chamberCode>
        <chamberName>Senate</chamberName>
        <title>Veterans Treatment Court Improvement Act of 2018</title>
        <parentTitleType>Short Titles Senate</parentTitleType>
      </item>
      <item>
        <titleType>Short Titles as Introduced</titleType>
        <chamberCode />
        <chamberName />
        <title>Veterans Treatment Court Improvement Act of 2017</title>
        <parentTitleType />
      </item>
      <item>
        <titleType>Official Title as Introduced</titleType>
        <chamberCode />
        <chamberName />
        <title>A bill to require the Secretary of Veterans Affairs to hire additional Veterans Justice Outreach Specialists to provide treatment court services to justice-involved veterans, and for other purposes.</title>
        <parentTitleType />
      </item>
      <item>
        <titleType>Display Title</titleType>
        <chamberCode />
        <chamberName />
        <title>Veterans Treatment Court Improvement Act of 2018</title>
        <parentTitleType />
      </item>
      <item>
        <titleType>(Extracted from GPO) Short Titles as Passed Senate</titleType>
        <chamberCode>S</chamberCode>
        <chamberName>Senate</chamberName>
        <title>Veterans Treatment Court Improvement Act of 2018</title>
        <parentTitleType />
      </item>
      <item>
        <titleType>(Extracted from GPO) Short Titles as Introduced</titleType>
        <chamberCode />
        <chamberName />
        <title>Veterans Treatment Court Improvement Act of 2017</title>
        <parentTitleType />
      </item>
    </titles>
    <recordedVotes />
    <originChamber>Senate</originChamber>
    <latestAction>
      <text>Referred to the House Committee on Veterans' Affairs.</text>
      <actionDate>2018-02-20</actionDate>
      <links />
    </latestAction>
    <introducedDate>2017-04-26</introducedDate>
    <sponsors>
      <item>
        <fullName>Sen. Flake, Jeff [R-AZ]</fullName>
        <party>R</party>
        <identifiers>
          <lisID>1633</lisID>
          <bioguideId>F000444</bioguideId>
          <gpoId>7803</gpoId>
        </identifiers>
        <firstName>JEFF</firstName>
        <middleName />
        <lastName>FLAKE</lastName>
        <bioguideId>F000444</bioguideId>
        <state>AZ</state>
        <byRequestType />
      </item>
    </sponsors>
    <subjects>
      <billSubjects>
        <legislativeSubjects>
          <item>
            <name>Criminal procedure and sentencing</name>
          </item>
          <item>
            <name>Department of Veterans Affairs</name>
          </item>
          <item>
            <name>Drug, alcohol, tobacco use</name>
          </item>
          <item>
            <name>Government employee pay, benefits, personnel management</name>
          </item>
          <item>
            <name>Health facilities and institutions</name>
          </item>
          <item>
            <name>Judicial procedure and administration</name>
          </item>
          <item>
            <name>Mental health</name>
          </item>
          <item>
            <name>Specialized courts</name>
          </item>
          <item>
            <name>State and local courts</name>
          </item>
          <item>
            <name>Veterans' education, employment, rehabilitation</name>
          </item>
          <item>
            <name>Veterans' medical care</name>
          </item>
        </legislativeSubjects>
        <policyArea>
          <name>Armed Forces and National Security</name>
        </policyArea>
      </billSubjects>
    </subjects>
    <policyArea>
      <name>Armed Forces and National Security</name>
    </policyArea>
    <billType>S</billType>
    <notes />
    <title>Veterans Treatment Court Improvement Act of 2018</title>
    <committees>
      <billCommittees>
        <item>
          <systemCode>hsvr00</systemCode>
          <name>Veterans' Affairs Committee</name>
          <activities>
            <item>
              <name>Referred to</name>
              <date>2018-02-20T15:32:20Z</date>
            </item>
          </activities>
          <chamber>House</chamber>
          <type>Standing</type>
          <subcommittees />
        </item>
        <item>
          <systemCode>ssva00</systemCode>
          <name>Veterans' Affairs Committee</name>
          <activities>
            <item>
              <name>Discharged from</name>
              <date>2018-02-15T23:00:04Z</date>
            </item>
            <item>
              <name>Hearings by</name>
              <date>2017-07-11T18:30:52Z</date>
            </item>
            <item>
              <name>Referred to</name>
              <date>2017-04-26T15:42:19Z</date>
            </item>
          </activities>
          <chamber>Senate</chamber>
          <type>Standing</type>
          <subcommittees />
        </item>
      </billCommittees>
    </committees>
    <congress>115</congress>
    <cboCostEstimates />
    <updateDate>2018-02-27T05:28:59Z</updateDate>
    <actions>
      <actionTypeCounts>
        <introducedInSenate>1</introducedInSenate>
        <referredToCommittee>1</referredToCommittee>
        <passedAgreedToInSenate>1</passedAgreedToInSenate>
        <hearingsHeld>1</hearingsHeld>
        <sentToHouse>1</sentToHouse>
        <passedSenate>1</passedSenate>
        <measureLaidBeforeSenate>1</measureLaidBeforeSenate>
        <senateCommitteeDischarged>1</senateCommitteeDischarged>
        <receivedInTheHouse>1</receivedInTheHouse>
        <committeeDischarged>1</committeeDischarged>
        <billReferrals>1</billReferrals>
      </actionTypeCounts>
      <actionByCounts>
        <senate>9</senate>
        <houseOfRepresentatives>2</houseOfRepresentatives>
      </actionByCounts>
      <item>
        <text>Referred to the House Committee on Veterans' Affairs.</text>
        <actionDate>2018-02-20</actionDate>
        <sourceSystem>
          <name>House floor actions</name>
          <code>2</code>
        </sourceSystem>
        <type>IntroReferral</type>
        <actionCode>H11100</actionCode>
        <committee>
          <name>Veterans' Affairs Committee</name>
          <systemCode>hsvr00</systemCode>
        </committee>
        <links />
      </item>
      <item>
        <text>Received in the House.</text>
        <actionTime>10:28:04</actionTime>
        <actionDate>2018-02-20</actionDate>
        <sourceSystem>
          <name>House floor actions</name>
          <code>2</code>
        </sourceSystem>
        <type>Floor</type>
        <actionCode>H14000</actionCode>
        <committee />
        <links />
      </item>
      <item>
        <actionDate>2018-02-16</actionDate>
        <committee />
        <links />
        <sourceSystem>
          <name>Senate</name>
          <code>0</code>
        </sourceSystem>
        <text>Message on Senate action sent to the House.</text>
        <type>Floor</type>
      </item>
      <item>
        <actionDate>2018-02-15</actionDate>
        <committee />
        <links />
        <sourceSystem>
          <name>Senate</name>
          <code>0</code>
        </sourceSystem>
        <text>Passed Senate with an amendment by Unanimous Consent.</text>
        <type>Floor</type>
      </item>
      <item>
        <text>Passed/agreed to in Senate: Passed Senate with an amendment by Unanimous Consent.</text>
        <actionDate>2018-02-15</actionDate>
        <sourceSystem>
          <name>Library of Congress</name>
          <code>9</code>
        </sourceSystem>
        <type>Floor</type>
        <actionCode>17000</actionCode>
        <committee />
        <links />
      </item>
      <item>
        <actionDate>2018-02-15</actionDate>
        <committee />
        <links>
          <link>
            <name>S1190</name>
            <url>https://www.congress.gov/congressional-record/volume-164/senate-section/page/S1190</url>
          </link>
        </links>
        <sourceSystem>
          <name>Senate</name>
          <code>0</code>
        </sourceSystem>
        <text>Measure laid before Senate by unanimous consent. (consideration: CR S1190)</text>
        <type>Floor</type>
      </item>
      <item>
        <actionDate>2018-02-15</actionDate>
        <committee>
          <name>Veterans' Affairs Committee</name>
          <systemCode>ssva00</systemCode>
        </committee>
        <links />
        <sourceSystem>
          <name>Senate</name>
          <code>0</code>
        </sourceSystem>
        <text>Senate Committee on Veterans' Affairs discharged by Unanimous Consent.</text>
        <type>Discharge</type>
      </item>
      <item>
        <text>Senate Committee on Veterans' Affairs discharged by Unanimous Consent.</text>
        <actionDate>2018-02-15</actionDate>
        <sourceSystem>
          <name>Library of Congress</name>
          <code>9</code>
        </sourceSystem>
        <type>Committee</type>
        <actionCode>14500</actionCode>
        <committee>
          <name>Veterans' Affairs Committee</name>
          <systemCode>ssva00</systemCode>
        </committee>
        <links />
      </item>
      <item>
        <actionDate>2017-07-11</actionDate>
        <committee>
          <name>Veterans' Affairs Committee</name>
          <systemCode>ssva00</systemCode>
        </committee>
        <links />
        <sourceSystem>
          <name>Senate</name>
          <code>0</code>
        </sourceSystem>
        <text>Committee on Veterans' Affairs. Hearings held.</text>
        <type>Committee</type>
      </item>
      <item>
        <actionDate>2017-04-26</actionDate>
        <committee>
          <name>Veterans' Affairs Committee</name>
          <systemCode>ssva00</systemCode>
        </committee>
        <links>
          <link>
            <name>S2555-2556</name>
            <url>https://www.congress.gov/congressional-record/volume-163/senate-section/page/S2555-2556</url>
          </link>
        </links>
        <sourceSystem>
          <name>Senate</name>
          <code>0</code>
        </sourceSystem>
        <text>Read twice and referred to the Committee on Veterans' Affairs. (Sponsor introductory remarks on measure: CR S2555-2556)</text>
        <type>IntroReferral</type>
      </item>
      <item>
        <text>Introduced in Senate</text>
        <actionDate>2017-04-26</actionDate>
        <sourceSystem>
          <name>Library of Congress</name>
          <code>9</code>
        </sourceSystem>
        <type>IntroReferral</type>
        <actionCode>10000</actionCode>
        <committee />
        <links />
      </item>
    </actions>
  </bill>
  <dublinCore xmlns:dc="http://purl.org/dc/elements/1.1/">
    <dc:format>text/xml</dc:format>
    <dc:language>EN</dc:language>
    <dc:rights>Pursuant to Title 17 Section 105 of the United States Code, this file is not subject to copyright protection and is in the public domain.</dc:rights>
    <dc:contributor>Congressional Research Service, Library of Congress</dc:contributor>
    <dc:description>This file contains bill summaries and statuses for federal legislation. A bill summary describes the most significant provisions of a piece of legislation and details the effects the legislative text may have on current law and federal programs. Bill summaries are authored by the Congressional Research Service (CRS) of the Library of Congress. As stated in Public Law 91-510 (2 USC 166 (d)(6)), one of the duties of CRS is "to prepare summaries and digests of bills and resolutions of a public general nature introduced in the Senate or House of Representatives". For more information, refer to the User Guide that accompanies this file.</dc:description>
  </dublinCore>
</billStatus>

