<?xml version="1.0" encoding="UTF-8"?>
<billStatus>
  <bill>
    <createDate>2017-03-10T05:16:41Z</createDate>
    <introducedDate>2017-03-09</introducedDate>
    <congress>115</congress>
    <latestAction>
      <actionDate>2017-09-21</actionDate>
      <links />
      <text>Referred to the Subcommittee on Crime, Terrorism, Homeland Security, and Investigations.</text>
    </latestAction>
    <originChamber>Senate</originChamber>
    <billNumber>597</billNumber>
    <sponsors>
      <item>
        <state>PA</state>
        <identifiers>
          <gpoId>8282</gpoId>
          <bioguideId>C001070</bioguideId>
          <lisID>1828</lisID>
        </identifiers>
        <bioguideId>C001070</bioguideId>
        <lastName>Casey</lastName>
        <fullName>Sen. Casey, Robert P., Jr. [D-PA]</fullName>
        <firstName>Bob</firstName>
        <party>D</party>
        <middleName />
        <byRequestType />
      </item>
    </sponsors>
    <title>Children of Fallen Heroes Scholarship Act</title>
    <relatedBills>
      <item>
        <type>HR</type>
        <latestAction>
          <text>Referred to the Subcommittee on Crime, Terrorism, Homeland Security, and Investigations.</text>
          <actionDate>2017-03-09</actionDate>
        </latestAction>
        <latestTitle>Children of Fallen Heroes Scholarship Act</latestTitle>
        <relationshipDetails>
          <item>
            <type>Related bill</type>
            <identifiedBy>CRS</identifiedBy>
          </item>
        </relationshipDetails>
        <congress>115</congress>
        <number>949</number>
      </item>
    </relatedBills>
    <titles>
      <item>
        <titleType>(Extracted from GPO) Short Titles as Passed Senate</titleType>
        <parentTitleType />
        <chamberName>Senate</chamberName>
        <title>Children of Fallen Heroes Scholarship Act</title>
        <chamberCode>S</chamberCode>
      </item>
      <item>
        <titleType>(Extracted from GPO) Short Titles as Introduced</titleType>
        <parentTitleType />
        <chamberName />
        <title>Children of Fallen Heroes Scholarship Act</title>
        <chamberCode />
      </item>
      <item>
        <titleType>Short Titles as Introduced</titleType>
        <parentTitleType />
        <chamberName />
        <title>Children of Fallen Heroes Scholarship Act</title>
        <chamberCode />
      </item>
      <item>
        <titleType>Official Title as Introduced</titleType>
        <parentTitleType />
        <chamberName />
        <title>A bill to increase Federal Pell Grants for the children of fallen public safety officers, and for other purposes.</title>
        <chamberCode />
      </item>
      <item>
        <titleType>Display Title</titleType>
        <parentTitleType />
        <chamberName />
        <title>Children of Fallen Heroes Scholarship Act</title>
        <chamberCode />
      </item>
    </titles>
    <billType>S</billType>
    <summaries>
      <billSummaries>
        <item>
          <versionCode>00</versionCode>
          <updateDate>2017-03-09T05:00:00Z</updateDate>
          <actionDate>2017-03-09</actionDate>
          <text><![CDATA[<p><b>Children of Fallen Heroes Scholarship Act</b></p> <p>This bill amends title IV (Student Assistance) of the Higher Education Act of 1965 to eliminate the expected family contribution (EFC) used to determine financial need in the case of a Pell Grant-eligible student whose parent or guardian died in the line of duty as a police officer, firefighter, or other public safety officer. Such student is eligible to receive an automatic zero EFC and qualify for the maximum Pell Grant award if the student was less than 24 years old or enrolled at an institution of higher education at the time of the parent or guardian's death.]]></text>
          <actionDesc>Introduced in Senate</actionDesc>
          <lastSummaryUpdateDate>2017-07-24T21:41:36Z</lastSummaryUpdateDate>
          <name>Introduced in Senate</name>
        </item>
      </billSummaries>
    </summaries>
    <committeeReports />
    <laws />
    <subjects>
      <billSubjects>
        <policyArea>
          <name>Education</name>
        </policyArea>
        <legislativeSubjects>
          <item>
            <name>Fires</name>
          </item>
          <item>
            <name>First responders and emergency personnel</name>
          </item>
          <item>
            <name>Higher education</name>
          </item>
          <item>
            <name>Law enforcement officers</name>
          </item>
          <item>
            <name>Student aid and college costs</name>
          </item>
        </legislativeSubjects>
      </billSubjects>
    </subjects>
    <committees>
      <billCommittees>
        <item>
          <chamber>House</chamber>
          <subcommittees>
            <item>
              <systemCode>hsju08</systemCode>
              <activities>
                <item>
                  <name>Referred to</name>
                  <date>2017-09-21T17:28:39Z</date>
                </item>
              </activities>
              <name>Crime, Terrorism, Homeland Security, and Investigations Subcommittee</name>
            </item>
          </subcommittees>
          <systemCode>hsju00</systemCode>
          <name>Judiciary Committee</name>
          <activities>
            <item>
              <name>Referred to</name>
              <date>2017-09-08T00:19:09Z</date>
            </item>
          </activities>
          <type>Standing</type>
        </item>
        <item>
          <chamber>House</chamber>
          <subcommittees />
          <systemCode>hsbu00</systemCode>
          <name>Budget Committee</name>
          <activities>
            <item>
              <name>Referred to</name>
              <date>2017-09-08T00:19:10Z</date>
            </item>
          </activities>
          <type>Standing</type>
        </item>
        <item>
          <chamber>House</chamber>
          <subcommittees />
          <systemCode>hsed00</systemCode>
          <name>Education and the Workforce Committee</name>
          <activities>
            <item>
              <name>Referred to</name>
              <date>2017-09-08T00:19:08Z</date>
            </item>
          </activities>
          <type>Standing</type>
        </item>
        <item>
          <chamber>Senate</chamber>
          <subcommittees />
          <systemCode>sshr00</systemCode>
          <name>Health, Education, Labor, and Pensions Committee</name>
          <activities>
            <item>
              <name>Discharged from</name>
              <date>2017-09-07T20:54:53Z</date>
            </item>
            <item>
              <name>Referred to</name>
              <date>2017-03-09T19:36:12Z</date>
            </item>
          </activities>
          <type>Standing</type>
        </item>
      </billCommittees>
    </committees>
    <version>1.0.0</version>
    <recordedVotes />
    <updateDate>2018-02-06T16:44:58Z</updateDate>
    <calendarNumbers />
    <cboCostEstimates />
    <actions>
      <item>
        <actionDate>2017-09-21</actionDate>
        <committee>
          <systemCode>hsju08</systemCode>
          <name>Crime, Terrorism, Homeland Security, and Investigations Subcommittee</name>
        </committee>
        <links />
        <sourceSystem>
          <name>House committee actions</name>
          <code>1</code>
        </sourceSystem>
        <text>Referred to the Subcommittee on Crime, Terrorism, Homeland Security, and Investigations.</text>
        <type>Committee</type>
      </item>
      <item>
        <sourceSystem>
          <name>House floor actions</name>
          <code>2</code>
        </sourceSystem>
        <actionDate>2017-09-07</actionDate>
        <links />
        <text>Referred to the Committee on Education and the Workforce, and in addition to the Committees on the Judiciary, and the Budget, for a period to be subsequently determined by the Speaker, in each case for consideration of such provisions as fall within the jurisdiction of the committee concerned.</text>
        <committee>
          <systemCode>hsbu00</systemCode>
          <name>Budget Committee</name>
        </committee>
        <actionCode>H11100</actionCode>
        <type>IntroReferral</type>
      </item>
      <item>
        <sourceSystem>
          <name>House floor actions</name>
          <code>2</code>
        </sourceSystem>
        <actionDate>2017-09-07</actionDate>
        <links />
        <text>Referred to the Committee on Education and the Workforce, and in addition to the Committees on the Judiciary, and the Budget, for a period to be subsequently determined by the Speaker, in each case for consideration of such provisions as fall within the jurisdiction of the committee concerned.</text>
        <committee>
          <systemCode>hsju00</systemCode>
          <name>Judiciary Committee</name>
        </committee>
        <actionCode>H11100</actionCode>
        <type>IntroReferral</type>
      </item>
      <item>
        <sourceSystem>
          <name>House floor actions</name>
          <code>2</code>
        </sourceSystem>
        <actionDate>2017-09-07</actionDate>
        <links />
        <text>Referred to the Committee on Education and the Workforce, and in addition to the Committees on the Judiciary, and the Budget, for a period to be subsequently determined by the Speaker, in each case for consideration of such provisions as fall within the jurisdiction of the committee concerned.</text>
        <committee>
          <systemCode>hsed00</systemCode>
          <name>Education and the Workforce Committee</name>
        </committee>
        <actionCode>H11100</actionCode>
        <type>IntroReferral</type>
      </item>
      <item>
        <actionDate>2017-09-07</actionDate>
        <committee />
        <links />
        <sourceSystem>
          <name>Senate</name>
          <code>0</code>
        </sourceSystem>
        <text>Message on Senate action sent to the House.</text>
        <type>Floor</type>
      </item>
      <item>
        <sourceSystem>
          <name>House floor actions</name>
          <code>2</code>
        </sourceSystem>
        <actionDate>2017-09-07</actionDate>
        <actionTime>18:44:26</actionTime>
        <links />
        <text>Received in the House.</text>
        <committee />
        <actionCode>H14000</actionCode>
        <type>Floor</type>
      </item>
      <item>
        <actionDate>2017-09-07</actionDate>
        <committee />
        <links>
          <link>
            <name>S5077-5078</name>
            <url>https://www.congress.gov/congressional-record/volume-163/senate-section/page/S5077-5078</url>
          </link>
        </links>
        <sourceSystem>
          <name>Senate</name>
          <code>0</code>
        </sourceSystem>
        <text>Passed Senate without amendment by Voice Vote. (text: CR S5077-5078)</text>
        <type>Floor</type>
      </item>
      <item>
        <sourceSystem>
          <name>Library of Congress</name>
          <code>9</code>
        </sourceSystem>
        <actionDate>2017-09-07</actionDate>
        <links />
        <text>Passed/agreed to in Senate: Passed Senate without amendment by Voice Vote.</text>
        <committee />
        <actionCode>17000</actionCode>
        <type>Floor</type>
      </item>
      <item>
        <actionDate>2017-09-07</actionDate>
        <committee>
          <systemCode>sshr00</systemCode>
          <name>Health, Education, Labor, and Pensions Committee</name>
        </committee>
        <links>
          <link>
            <name>S5077-5078</name>
            <url>https://www.congress.gov/congressional-record/volume-163/senate-section/page/S5077-5078</url>
          </link>
        </links>
        <sourceSystem>
          <name>Senate</name>
          <code>0</code>
        </sourceSystem>
        <text>Senate Committee on Health, Education, Labor, and Pensions discharged by Unanimous Consent. (consideration: CR S5077-5078)</text>
        <type>Discharge</type>
      </item>
      <item>
        <sourceSystem>
          <name>Library of Congress</name>
          <code>9</code>
        </sourceSystem>
        <actionDate>2017-09-07</actionDate>
        <links />
        <text>Senate Committee on Health, Education, Labor, and Pensions discharged by Unanimous Consent.</text>
        <committee>
          <systemCode>sshr00</systemCode>
          <name>Health, Education, Labor, and Pensions Committee</name>
        </committee>
        <actionCode>14500</actionCode>
        <type>Committee</type>
      </item>
      <item>
        <actionDate>2017-03-09</actionDate>
        <committee>
          <systemCode>sshr00</systemCode>
          <name>Health, Education, Labor, and Pensions Committee</name>
        </committee>
        <links />
        <sourceSystem>
          <name>Senate</name>
          <code>0</code>
        </sourceSystem>
        <text>Read twice and referred to the Committee on Health, Education, Labor, and Pensions.</text>
        <type>IntroReferral</type>
      </item>
      <item>
        <sourceSystem>
          <name>Library of Congress</name>
          <code>9</code>
        </sourceSystem>
        <actionDate>2017-03-09</actionDate>
        <links />
        <text>Introduced in Senate</text>
        <committee />
        <actionCode>10000</actionCode>
        <type>IntroReferral</type>
      </item>
      <actionByCounts>
        <houseOfRepresentatives>5</houseOfRepresentatives>
        <senate>7</senate>
      </actionByCounts>
      <actionTypeCounts>
        <sentToHouse>1</sentToHouse>
        <passedSenate>1</passedSenate>
        <referredToCommittee>1</referredToCommittee>
        <receivedInTheHouse>1</receivedInTheHouse>
        <passedAgreedToInSenate>1</passedAgreedToInSenate>
        <billReferrals>3</billReferrals>
        <committeeDischarged>1</committeeDischarged>
        <placeholderTextForH>1</placeholderTextForH>
        <senateCommitteeDischarged>1</senateCommitteeDischarged>
        <introducedInSenate>1</introducedInSenate>
      </actionTypeCounts>
    </actions>
    <amendments />
    <notes />
    <policyArea>
      <name>Education</name>
    </policyArea>
    <cosponsors>
      <item>
        <isOriginalCosponsor>True</isOriginalCosponsor>
        <fullName>Sen. Toomey, Pat [R-PA]</fullName>
        <firstName>Pat</firstName>
        <identifiers>
          <bioguideId>T000461</bioguideId>
          <gpoId />
          <lisID>1594</lisID>
        </identifiers>
        <party>R</party>
        <sponsorshipDate>2017-03-09</sponsorshipDate>
        <lastName>Toomey</lastName>
        <bioguideId>T000461</bioguideId>
        <state>PA</state>
        <middleName />
        <sponsorshipWithdrawnDate />
      </item>
      <item>
        <isOriginalCosponsor>True</isOriginalCosponsor>
        <fullName>Sen. Donnelly, Joe [D-IN]</fullName>
        <firstName>Joe</firstName>
        <identifiers>
          <lisID>1850</lisID>
          <gpoId>7941</gpoId>
          <bioguideId>D000607</bioguideId>
        </identifiers>
        <party>D</party>
        <sponsorshipDate>2017-03-09</sponsorshipDate>
        <lastName>Donnelly</lastName>
        <bioguideId>D000607</bioguideId>
        <state>IN</state>
        <middleName />
        <sponsorshipWithdrawnDate />
      </item>
      <item>
        <isOriginalCosponsor>True</isOriginalCosponsor>
        <fullName>Sen. Collins, Susan M. [R-ME]</fullName>
        <firstName>SUSAN</firstName>
        <identifiers>
          <lisID>1541</lisID>
          <gpoId>8291</gpoId>
          <bioguideId>C001035</bioguideId>
        </identifiers>
        <party>R</party>
        <sponsorshipDate>2017-03-09</sponsorshipDate>
        <lastName>COLLINS</lastName>
        <bioguideId>C001035</bioguideId>
        <state>ME</state>
        <middleName>MARGARET</middleName>
        <sponsorshipWithdrawnDate />
      </item>
      <item>
        <isOriginalCosponsor>False</isOriginalCosponsor>
        <fullName>Sen. Brown, Sherrod [D-OH]</fullName>
        <firstName>SHERROD</firstName>
        <identifiers>
          <lisID>136</lisID>
          <gpoId>8309</gpoId>
          <bioguideId>B000944</bioguideId>
        </identifiers>
        <party>D</party>
        <sponsorshipDate>2017-05-18</sponsorshipDate>
        <lastName>BROWN</lastName>
        <bioguideId>B000944</bioguideId>
        <state>OH</state>
        <middleName />
        <sponsorshipWithdrawnDate />
      </item>
      <item>
        <isOriginalCosponsor>False</isOriginalCosponsor>
        <fullName>Sen. Tester, Jon [D-MT]</fullName>
        <firstName>Jon</firstName>
        <identifiers>
          <lisID>1829</lisID>
          <gpoId>8258</gpoId>
          <bioguideId>T000464</bioguideId>
        </identifiers>
        <party>D</party>
        <sponsorshipDate>2017-05-22</sponsorshipDate>
        <lastName>Tester</lastName>
        <bioguideId>T000464</bioguideId>
        <state>MT</state>
        <middleName />
        <sponsorshipWithdrawnDate />
      </item>
    </cosponsors>
  </bill>
  <dublinCore xmlns:dc="http://purl.org/dc/elements/1.1/">
    <dc:format>text/xml</dc:format>
    <dc:language>EN</dc:language>
    <dc:rights>Pursuant to Title 17 Section 105 of the United States Code, this file is not subject to copyright protection and is in the public domain.</dc:rights>
    <dc:contributor>Congressional Research Service, Library of Congress</dc:contributor>
    <dc:description>This file contains bill summaries and statuses for federal legislation. A bill summary describes the most significant provisions of a piece of legislation and details the effects the legislative text may have on current law and federal programs. Bill summaries are authored by the Congressional Research Service (CRS) of the Library of Congress. As stated in Public Law 91-510 (2 USC 166 (d)(6)), one of the duties of CRS is "to prepare summaries and digests of bills and resolutions of a public general nature introduced in the Senate or House of Representatives". For more information, refer to the User Guide that accompanies this file.</dc:description>
  </dublinCore>
</billStatus>

