<?xml version="1.0" encoding="UTF-8"?>
<billStatus>
  <bill>
    <calendarNumbers />
    <congress>115</congress>
    <titles>
      <item>
        <chamberName />
        <titleType>(Extracted from GPO) Short Titles as Introduced</titleType>
        <title>Collegiate Housing and Infrastructure Act of 2017</title>
        <parentTitleType />
        <chamberCode />
      </item>
      <item>
        <chamberName />
        <titleType>Short Titles as Introduced</titleType>
        <title>Collegiate Housing and Infrastructure Act of 2017</title>
        <parentTitleType />
        <chamberCode />
      </item>
      <item>
        <chamberName />
        <titleType>Official Title as Introduced</titleType>
        <title>A bill to amend the Internal Revenue Code of 1986 to provide for collegiate housing and infrastructure grants.</title>
        <parentTitleType />
        <chamberCode />
      </item>
      <item>
        <chamberName />
        <titleType>Display Title</titleType>
        <title>Collegiate Housing and Infrastructure Act of 2017</title>
        <parentTitleType />
        <chamberCode />
      </item>
    </titles>
    <introducedDate>2017-03-27</introducedDate>
    <latestAction>
      <actionDate>2017-03-27</actionDate>
      <text>Read twice and referred to the Committee on Finance.</text>
      <links />
    </latestAction>
    <title>Collegiate Housing and Infrastructure Act of 2017</title>
    <subjects>
      <billSubjects>
        <policyArea>
          <name>Taxation</name>
        </policyArea>
        <legislativeSubjects>
          <item>
            <name>Education programs funding</name>
          </item>
          <item>
            <name>Educational facilities and institutions</name>
          </item>
          <item>
            <name>Higher education</name>
          </item>
          <item>
            <name>Housing and community development funding</name>
          </item>
          <item>
            <name>Social work, volunteer service, charitable organizations</name>
          </item>
          <item>
            <name>Tax-exempt organizations</name>
          </item>
        </legislativeSubjects>
      </billSubjects>
    </subjects>
    <relatedBills>
      <item>
        <latestTitle>Collegiate Housing and Infrastructure Act of 2017</latestTitle>
        <number>1200</number>
        <congress>115</congress>
        <latestAction>
          <actionDate>2017-02-17</actionDate>
          <text>Referred to the House Committee on Ways and Means.</text>
        </latestAction>
        <type>HR</type>
        <relationshipDetails>
          <item>
            <type>Identical bill</type>
            <identifiedBy>CRS</identifiedBy>
          </item>
        </relationshipDetails>
      </item>
    </relatedBills>
    <updateDate>2018-02-06T16:45:07Z</updateDate>
    <committeeReports />
    <notes />
    <recordedVotes />
    <amendments />
    <createDate>2017-03-28T05:32:35Z</createDate>
    <committees>
      <billCommittees>
        <item>
          <chamber>Senate</chamber>
          <name>Finance Committee</name>
          <systemCode>ssfi00</systemCode>
          <type>Standing</type>
          <subcommittees />
          <activities>
            <item>
              <name>Referred to</name>
              <date>2017-03-27T21:14:58Z</date>
            </item>
          </activities>
        </item>
      </billCommittees>
    </committees>
    <cboCostEstimates />
    <billNumber>736</billNumber>
    <policyArea>
      <name>Taxation</name>
    </policyArea>
    <version>1.0.0</version>
    <billType>S</billType>
    <originChamber>Senate</originChamber>
    <actions>
      <actionByCounts>
        <senate>2</senate>
      </actionByCounts>
      <actionTypeCounts>
        <referredToCommittee>1</referredToCommittee>
        <introducedInSenate>1</introducedInSenate>
      </actionTypeCounts>
      <item>
        <actionDate>2017-03-27</actionDate>
        <committee>
          <systemCode>ssfi00</systemCode>
          <name>Finance Committee</name>
        </committee>
        <links />
        <sourceSystem>
          <name>Senate</name>
          <code>0</code>
        </sourceSystem>
        <text>Read twice and referred to the Committee on Finance.</text>
        <type>IntroReferral</type>
      </item>
      <item>
        <sourceSystem>
          <name>Library of Congress</name>
          <code>9</code>
        </sourceSystem>
        <actionDate>2017-03-27</actionDate>
        <text>Introduced in Senate</text>
        <type>IntroReferral</type>
        <links />
        <committee />
        <actionCode>10000</actionCode>
      </item>
    </actions>
    <sponsors>
      <item>
        <bioguideId>E000285</bioguideId>
        <party>R</party>
        <firstName>MICHAEL</firstName>
        <middleName>B.</middleName>
        <byRequestType />
        <fullName>Sen. Enzi, Michael B. [R-WY]</fullName>
        <identifiers>
          <bioguideId>E000285</bioguideId>
          <lisID>1542</lisID>
          <gpoId>8328</gpoId>
        </identifiers>
        <lastName>ENZI</lastName>
        <state>WY</state>
      </item>
    </sponsors>
    <summaries>
      <billSummaries>
        <item>
          <text><![CDATA[<p><strong>Collegiate Housing and Infrastructure Act of 201</strong><b>7</b></p> <p>This bill amends the Internal Revenue Code to allow tax-exempt charitable or educational organizations to make collegiate housing and infrastructure grants to certain tax-exempt social clubs (e.g., college fraternities and sororities) which apply such grants to their collegiate housing property.</p> <p>A &quot;collegiate housing and infrastructure grant&quot; is a grant to provide, improve, operate, or maintain collegiate housing property that may involve more than incidental social, recreational, or private purposes. The grant must be for purposes that would be permissible for a dormitory or other residential facility of the college or university with which the collegiate housing property is associated. The grant may not be used to provide physical fitness facilities. </p>]]></text>
          <name>Introduced in Senate</name>
          <lastSummaryUpdateDate>2017-04-04T14:38:15Z</lastSummaryUpdateDate>
          <versionCode>00</versionCode>
          <actionDesc>Introduced in Senate</actionDesc>
          <updateDate>2017-03-27T04:00:00Z</updateDate>
          <actionDate>2017-03-27</actionDate>
        </item>
      </billSummaries>
    </summaries>
    <laws />
    <cosponsors>
      <item>
        <state>MD</state>
        <party>D</party>
        <fullName>Sen. Cardin, Benjamin L. [D-MD]</fullName>
        <lastName>CARDIN</lastName>
        <isOriginalCosponsor>True</isOriginalCosponsor>
        <bioguideId>C000141</bioguideId>
        <sponsorshipWithdrawnDate />
        <middleName>L.</middleName>
        <identifiers>
          <gpoId>8287</gpoId>
          <lisID>174</lisID>
          <bioguideId>C000141</bioguideId>
        </identifiers>
        <firstName>BENJAMIN</firstName>
        <sponsorshipDate>2017-03-27</sponsorshipDate>
      </item>
      <item>
        <state>DE</state>
        <party>D</party>
        <fullName>Sen. Carper, Thomas R. [D-DE]</fullName>
        <lastName>CARPER</lastName>
        <isOriginalCosponsor>True</isOriginalCosponsor>
        <bioguideId>C000174</bioguideId>
        <sponsorshipWithdrawnDate />
        <middleName>R.</middleName>
        <identifiers>
          <bioguideId>C000174</bioguideId>
          <gpoId>8283</gpoId>
          <lisID>179</lisID>
        </identifiers>
        <firstName>THOMAS</firstName>
        <sponsorshipDate>2017-03-27</sponsorshipDate>
      </item>
      <item>
        <state>ID</state>
        <party>R</party>
        <fullName>Sen. Risch, James E. [R-ID]</fullName>
        <lastName>Risch</lastName>
        <isOriginalCosponsor>True</isOriginalCosponsor>
        <bioguideId>R000584</bioguideId>
        <sponsorshipWithdrawnDate />
        <middleName>E.</middleName>
        <identifiers>
          <bioguideId>R000584</bioguideId>
          <gpoId>8274</gpoId>
          <lisID>1896</lisID>
        </identifiers>
        <firstName>James</firstName>
        <sponsorshipDate>2017-03-27</sponsorshipDate>
      </item>
      <item>
        <state>MS</state>
        <party>R</party>
        <fullName>Sen. Wicker, Roger F. [R-MS]</fullName>
        <lastName>WICKER</lastName>
        <isOriginalCosponsor>True</isOriginalCosponsor>
        <bioguideId>W000437</bioguideId>
        <sponsorshipWithdrawnDate />
        <middleName>F.</middleName>
        <identifiers>
          <lisID>1226</lisID>
          <bioguideId>W000437</bioguideId>
          <gpoId>8263</gpoId>
        </identifiers>
        <firstName>ROGER</firstName>
        <sponsorshipDate>2017-03-27</sponsorshipDate>
      </item>
      <item>
        <state>GA</state>
        <party>R</party>
        <fullName>Sen. Isakson, Johnny [R-GA]</fullName>
        <lastName>Isakson</lastName>
        <isOriginalCosponsor>True</isOriginalCosponsor>
        <bioguideId>I000055</bioguideId>
        <sponsorshipWithdrawnDate />
        <middleName />
        <identifiers>
          <lisID>1608</lisID>
          <bioguideId>I000055</bioguideId>
          <gpoId>8323</gpoId>
        </identifiers>
        <firstName>Johnny</firstName>
        <sponsorshipDate>2017-03-27</sponsorshipDate>
      </item>
      <item>
        <state>KS</state>
        <party>R</party>
        <fullName>Sen. Roberts, Pat [R-KS]</fullName>
        <lastName>ROBERTS</lastName>
        <isOriginalCosponsor>True</isOriginalCosponsor>
        <bioguideId>R000307</bioguideId>
        <sponsorshipWithdrawnDate />
        <middleName />
        <identifiers>
          <lisID>968</lisID>
          <gpoId>8275</gpoId>
          <bioguideId>R000307</bioguideId>
        </identifiers>
        <firstName>PAT</firstName>
        <sponsorshipDate>2017-03-27</sponsorshipDate>
      </item>
      <item>
        <state>MO</state>
        <party>R</party>
        <fullName>Sen. Blunt, Roy [R-MO]</fullName>
        <lastName>Blunt</lastName>
        <isOriginalCosponsor>True</isOriginalCosponsor>
        <bioguideId>B000575</bioguideId>
        <sponsorshipWithdrawnDate />
        <middleName />
        <identifiers>
          <bioguideId>B000575</bioguideId>
          <lisID>1464</lisID>
          <gpoId>8313</gpoId>
        </identifiers>
        <firstName>Roy</firstName>
        <sponsorshipDate>2017-03-27</sponsorshipDate>
      </item>
      <item>
        <state>AR</state>
        <party>R</party>
        <fullName>Sen. Boozman, John [R-AR]</fullName>
        <lastName>Boozman</lastName>
        <isOriginalCosponsor>True</isOriginalCosponsor>
        <bioguideId>B001236</bioguideId>
        <sponsorshipWithdrawnDate />
        <middleName />
        <identifiers>
          <lisID>1687</lisID>
          <gpoId>8247</gpoId>
          <bioguideId>B001236</bioguideId>
        </identifiers>
        <firstName>John</firstName>
        <sponsorshipDate>2017-03-27</sponsorshipDate>
      </item>
      <item>
        <state>KS</state>
        <party>R</party>
        <fullName>Sen. Moran, Jerry [R-KS]</fullName>
        <lastName>MORAN</lastName>
        <isOriginalCosponsor>False</isOriginalCosponsor>
        <bioguideId>M000934</bioguideId>
        <sponsorshipWithdrawnDate />
        <middleName />
        <identifiers>
          <bioguideId>M000934</bioguideId>
          <lisID>1507</lisID>
          <gpoId>8307</gpoId>
        </identifiers>
        <firstName>JERRY</firstName>
        <sponsorshipDate>2017-04-27</sponsorshipDate>
      </item>
      <item>
        <state>WV</state>
        <party>R</party>
        <fullName>Sen. Capito, Shelley Moore [R-WV]</fullName>
        <lastName>CAPITO</lastName>
        <isOriginalCosponsor>False</isOriginalCosponsor>
        <bioguideId>C001047</bioguideId>
        <sponsorshipWithdrawnDate />
        <middleName>MOORE</middleName>
        <identifiers>
          <bioguideId>C001047</bioguideId>
          <lisID>1676</lisID>
          <gpoId>8223</gpoId>
        </identifiers>
        <firstName>SHELLEY</firstName>
        <sponsorshipDate>2017-06-29</sponsorshipDate>
      </item>
      <item>
        <state>IN</state>
        <party>D</party>
        <fullName>Sen. Donnelly, Joe [D-IN]</fullName>
        <lastName>Donnelly</lastName>
        <isOriginalCosponsor>False</isOriginalCosponsor>
        <bioguideId>D000607</bioguideId>
        <sponsorshipWithdrawnDate />
        <middleName />
        <identifiers>
          <lisID>1850</lisID>
          <bioguideId>D000607</bioguideId>
          <gpoId>7941</gpoId>
        </identifiers>
        <firstName>Joe</firstName>
        <sponsorshipDate>2017-09-28</sponsorshipDate>
      </item>
    </cosponsors>
  </bill>
  <dublinCore xmlns:dc="http://purl.org/dc/elements/1.1/">
    <dc:format>text/xml</dc:format>
    <dc:language>EN</dc:language>
    <dc:rights>Pursuant to Title 17 Section 105 of the United States Code, this file is not subject to copyright protection and is in the public domain.</dc:rights>
    <dc:contributor>Congressional Research Service, Library of Congress</dc:contributor>
    <dc:description>This file contains bill summaries and statuses for federal legislation. A bill summary describes the most significant provisions of a piece of legislation and details the effects the legislative text may have on current law and federal programs. Bill summaries are authored by the Congressional Research Service (CRS) of the Library of Congress. As stated in Public Law 91-510 (2 USC 166 (d)(6)), one of the duties of CRS is "to prepare summaries and digests of bills and resolutions of a public general nature introduced in the Senate or House of Representatives". For more information, refer to the User Guide that accompanies this file.</dc:description>
  </dublinCore>
</billStatus>

