<?xml version="1.0" encoding="UTF-8"?>
<billStatus>
  <bill>
    <policyArea>
      <name>Taxation</name>
    </policyArea>
    <introducedDate>2017-04-04</introducedDate>
    <cosponsors>
      <item>
        <identifiers>
          <gpoId>8286</gpoId>
          <lisID>153</lisID>
          <bioguideId>B001135</bioguideId>
        </identifiers>
        <bioguideId>B001135</bioguideId>
        <sponsorshipDate>2017-04-04</sponsorshipDate>
        <middleName />
        <fullName>Sen. Burr, Richard [R-NC]</fullName>
        <sponsorshipWithdrawnDate />
        <state>NC</state>
        <party>R</party>
        <firstName>RICHARD</firstName>
        <isOriginalCosponsor>True</isOriginalCosponsor>
        <lastName>BURR</lastName>
      </item>
      <item>
        <identifiers>
          <lisID>1729</lisID>
          <bioguideId>V000128</bioguideId>
          <gpoId>7983</gpoId>
        </identifiers>
        <bioguideId>V000128</bioguideId>
        <sponsorshipDate>2017-04-04</sponsorshipDate>
        <middleName />
        <fullName>Sen. Van Hollen, Chris [D-MD]</fullName>
        <sponsorshipWithdrawnDate />
        <state>MD</state>
        <party>D</party>
        <firstName>Chris</firstName>
        <isOriginalCosponsor>True</isOriginalCosponsor>
        <lastName>Van Hollen</lastName>
      </item>
      <item>
        <identifiers>
          <bioguideId>B000944</bioguideId>
          <lisID>136</lisID>
          <gpoId>8309</gpoId>
        </identifiers>
        <bioguideId>B000944</bioguideId>
        <sponsorshipDate>2017-04-05</sponsorshipDate>
        <middleName />
        <fullName>Sen. Brown, Sherrod [D-OH]</fullName>
        <sponsorshipWithdrawnDate />
        <state>OH</state>
        <party>D</party>
        <firstName>SHERROD</firstName>
        <isOriginalCosponsor>False</isOriginalCosponsor>
        <lastName>BROWN</lastName>
      </item>
      <item>
        <identifiers>
          <bioguideId>T000461</bioguideId>
          <gpoId />
          <lisID>1594</lisID>
        </identifiers>
        <bioguideId>T000461</bioguideId>
        <sponsorshipDate>2017-05-22</sponsorshipDate>
        <middleName />
        <fullName>Sen. Toomey, Pat [R-PA]</fullName>
        <sponsorshipWithdrawnDate />
        <state>PA</state>
        <party>R</party>
        <firstName>Pat</firstName>
        <isOriginalCosponsor>False</isOriginalCosponsor>
        <lastName>Toomey</lastName>
      </item>
      <item>
        <identifiers>
          <bioguideId>K000367</bioguideId>
          <lisID>1826</lisID>
          <gpoId>8249</gpoId>
        </identifiers>
        <bioguideId>K000367</bioguideId>
        <sponsorshipDate>2017-09-05</sponsorshipDate>
        <middleName />
        <fullName>Sen. Klobuchar, Amy [D-MN]</fullName>
        <sponsorshipWithdrawnDate />
        <state>MN</state>
        <party>D</party>
        <firstName>Amy</firstName>
        <isOriginalCosponsor>False</isOriginalCosponsor>
        <lastName>Klobuchar</lastName>
      </item>
    </cosponsors>
    <congress>115</congress>
    <recordedVotes />
    <amendments />
    <laws />
    <cboCostEstimates />
    <actions>
      <item>
        <actionDate>2017-04-04</actionDate>
        <committee>
          <systemCode>ssfi00</systemCode>
          <name>Finance Committee</name>
        </committee>
        <links />
        <sourceSystem>
          <name>Senate</name>
          <code>0</code>
        </sourceSystem>
        <text>Read twice and referred to the Committee on Finance.</text>
        <type>IntroReferral</type>
      </item>
      <item>
        <links />
        <actionDate>2017-04-04</actionDate>
        <type>IntroReferral</type>
        <text>Introduced in Senate</text>
        <actionCode>10000</actionCode>
        <sourceSystem>
          <name>Library of Congress</name>
          <code>9</code>
        </sourceSystem>
        <committee />
      </item>
      <actionByCounts>
        <senate>2</senate>
      </actionByCounts>
      <actionTypeCounts>
        <introducedInSenate>1</introducedInSenate>
        <referredToCommittee>1</referredToCommittee>
      </actionTypeCounts>
    </actions>
    <latestAction>
      <text>Read twice and referred to the Committee on Finance.</text>
      <actionDate>2017-04-04</actionDate>
      <links />
    </latestAction>
    <titles>
      <item>
        <parentTitleType />
        <chamberCode />
        <titleType>(Extracted from GPO) Short Titles as Introduced</titleType>
        <chamberName />
        <title>ABLE Age Adjustment Act</title>
      </item>
      <item>
        <parentTitleType />
        <chamberCode />
        <titleType>Short Titles as Introduced</titleType>
        <chamberName />
        <title>ABLE Age Adjustment Act</title>
      </item>
      <item>
        <parentTitleType />
        <chamberCode />
        <titleType>Official Title as Introduced</titleType>
        <chamberName />
        <title>A bill to amend the Internal Revenue Code of 1986 to increase the age requirement with respect to eligibility for qualified ABLE programs.</title>
      </item>
      <item>
        <parentTitleType />
        <chamberCode />
        <titleType>Display Title</titleType>
        <chamberName />
        <title>ABLE Age Adjustment Act</title>
      </item>
    </titles>
    <summaries>
      <billSummaries>
        <item>
          <versionCode>00</versionCode>
          <updateDate>2017-04-04T04:00:00Z</updateDate>
          <actionDesc>Introduced in Senate</actionDesc>
          <lastSummaryUpdateDate>2017-04-18T19:23:15Z</lastSummaryUpdateDate>
          <actionDate>2017-04-04</actionDate>
          <name>Introduced in Senate</name>
          <text><![CDATA[<p><strong>ABLE Age Adjustment Act</strong></p> <p>This bill amends the Internal Revenue Code, with respect to qualified ABLE programs, to increase the age&nbsp;threshold for eligibility for such programs from 26 to 46. (Tax-favored ABLE [Achieving a Better Life Experience] accounts are designed to enable individuals with disabilities to save for and pay for disability-related expenses.)</p>]]></text>
        </item>
      </billSummaries>
    </summaries>
    <title>ABLE Age Adjustment Act</title>
    <calendarNumbers />
    <originChamber>Senate</originChamber>
    <updateDate>2018-02-06T16:45:11Z</updateDate>
    <notes />
    <billType>S</billType>
    <committees>
      <billCommittees>
        <item>
          <type>Standing</type>
          <systemCode>ssfi00</systemCode>
          <subcommittees />
          <activities>
            <item>
              <date>2017-04-04T19:18:47Z</date>
              <name>Referred to</name>
            </item>
          </activities>
          <chamber>Senate</chamber>
          <name>Finance Committee</name>
        </item>
      </billCommittees>
    </committees>
    <relatedBills>
      <item>
        <congress>115</congress>
        <latestTitle>ABLE Age Adjustment Act</latestTitle>
        <number>1874</number>
        <type>HR</type>
        <latestAction>
          <text>Referred to the House Committee on Ways and Means.</text>
          <actionDate>2017-04-04</actionDate>
        </latestAction>
        <relationshipDetails>
          <item>
            <type>Identical bill</type>
            <identifiedBy>CRS</identifiedBy>
          </item>
        </relationshipDetails>
      </item>
    </relatedBills>
    <committeeReports />
    <billNumber>817</billNumber>
    <sponsors>
      <item>
        <byRequestType />
        <state>PA</state>
        <bioguideId>C001070</bioguideId>
        <identifiers>
          <gpoId>8282</gpoId>
          <bioguideId>C001070</bioguideId>
          <lisID>1828</lisID>
        </identifiers>
        <fullName>Sen. Casey, Robert P., Jr. [D-PA]</fullName>
        <lastName>Casey</lastName>
        <firstName>Bob</firstName>
        <middleName />
        <party>D</party>
      </item>
    </sponsors>
    <createDate>2017-04-05T07:27:15Z</createDate>
    <version>1.0.0</version>
    <subjects>
      <billSubjects>
        <policyArea>
          <name>Taxation</name>
        </policyArea>
        <legislativeSubjects>
          <item>
            <name>Bank accounts, deposits, capital</name>
          </item>
          <item>
            <name>Disability and paralysis</name>
          </item>
          <item>
            <name>Income tax exclusion</name>
          </item>
        </legislativeSubjects>
      </billSubjects>
    </subjects>
  </bill>
  <dublinCore xmlns:dc="http://purl.org/dc/elements/1.1/">
    <dc:format>text/xml</dc:format>
    <dc:language>EN</dc:language>
    <dc:rights>Pursuant to Title 17 Section 105 of the United States Code, this file is not subject to copyright protection and is in the public domain.</dc:rights>
    <dc:contributor>Congressional Research Service, Library of Congress</dc:contributor>
    <dc:description>This file contains bill summaries and statuses for federal legislation. A bill summary describes the most significant provisions of a piece of legislation and details the effects the legislative text may have on current law and federal programs. Bill summaries are authored by the Congressional Research Service (CRS) of the Library of Congress. As stated in Public Law 91-510 (2 USC 166 (d)(6)), one of the duties of CRS is "to prepare summaries and digests of bills and resolutions of a public general nature introduced in the Senate or House of Representatives". For more information, refer to the User Guide that accompanies this file.</dc:description>
  </dublinCore>
</billStatus>

