<?xml version="1.0" encoding="UTF-8"?>
<billStatus>
  <bill>
    <relatedBills>
      <item>
        <type>HR</type>
        <latestAction>
          <text>Referred to House Budget</text>
          <actionDate>2017-01-31</actionDate>
        </latestAction>
        <latestTitle>Pension and Budget Integrity Act of 2017</latestTitle>
        <relationshipDetails>
          <item>
            <type>Identical bill</type>
            <identifiedBy>CRS</identifiedBy>
          </item>
        </relationshipDetails>
        <congress>115</congress>
        <number>761</number>
      </item>
      <item>
        <type>HR</type>
        <latestAction>
          <text>Referred to the Committee on Education and the Workforce, and in addition to the Committees on Rules, and the Budget, for a period to be subsequently determined by the Speaker, in each case for consideration of such provisions as fall within the jurisdiction of the committee concerned.</text>
          <actionDate>2017-07-28</actionDate>
        </latestAction>
        <latestTitle>Rightsizing Pension Premiums Act of 2017</latestTitle>
        <relationshipDetails>
          <item>
            <type>Related bill</type>
            <identifiedBy>CRS</identifiedBy>
          </item>
        </relationshipDetails>
        <congress>115</congress>
        <number>3596</number>
      </item>
    </relatedBills>
    <originChamber>Senate</originChamber>
    <recordedVotes />
    <latestAction>
      <text>Read twice and referred to the Committee on the Budget.</text>
      <links />
      <actionDate>2017-02-01</actionDate>
    </latestAction>
    <createDate>2017-02-02T05:28:49Z</createDate>
    <title>Pension and Budget Integrity Act of 2017</title>
    <summaries>
      <billSummaries>
        <item>
          <versionCode>00</versionCode>
          <updateDate>2017-02-01T05:00:00Z</updateDate>
          <actionDesc>Introduced in Senate</actionDesc>
          <lastSummaryUpdateDate>2017-03-01T22:35:34Z</lastSummaryUpdateDate>
          <actionDate>2017-02-01</actionDate>
          <name>Introduced in Senate</name>
          <text><![CDATA[<p><b>Pension and Budget Integrity Act of 2017</b></p> <p>This bill prohibits provisions that increase or extend an increase of Pension Benefit Guaranty Corporation (PBGC) premiums from being counted as an offset to determine budget points of order for legislation in the House or the Senate. </p> <p>(The PBGC is a federal agency that insures the benefits of private sector, defined benefit pension plans. The PBGC is financed by insurance premiums paid by sponsors of the plans, investment income, assets from pension plans taken over by the PBGC, and recoveries from the companies formerly responsible for the plans. This bill prevents increases in PBGC premiums from being used to pay for provisions that increase the deficit in determining whether a budget point of order applies to legislation.) </p>]]></text>
        </item>
      </billSummaries>
    </summaries>
    <actions>
      <item>
        <actionDate>2017-02-01</actionDate>
        <committee>
          <systemCode>ssbu00</systemCode>
          <name>Budget Committee</name>
        </committee>
        <links />
        <sourceSystem>
          <name>Senate</name>
          <code>0</code>
        </sourceSystem>
        <text>Read twice and referred to the Committee on the Budget.</text>
        <type>IntroReferral</type>
      </item>
      <item>
        <sourceSystem>
          <name>Library of Congress</name>
          <code>9</code>
        </sourceSystem>
        <actionDate>2017-02-01</actionDate>
        <links />
        <text>Introduced in Senate</text>
        <committee />
        <actionCode>10000</actionCode>
        <type>IntroReferral</type>
      </item>
      <actionByCounts>
        <senate>2</senate>
      </actionByCounts>
      <actionTypeCounts>
        <referredToCommittee>1</referredToCommittee>
        <introducedInSenate>1</introducedInSenate>
      </actionTypeCounts>
    </actions>
    <updateDate>2018-02-06T16:44:39Z</updateDate>
    <amendments />
    <notes />
    <sponsors>
      <item>
        <bioguideId>E000285</bioguideId>
        <middleName>B.</middleName>
        <byRequestType />
        <firstName>MICHAEL</firstName>
        <lastName>ENZI</lastName>
        <state>WY</state>
        <party>R</party>
        <identifiers>
          <gpoId>8328</gpoId>
          <bioguideId>E000285</bioguideId>
          <lisID>1542</lisID>
        </identifiers>
        <fullName>Sen. Enzi, Michael B. [R-WY]</fullName>
      </item>
    </sponsors>
    <committees>
      <billCommittees>
        <item>
          <systemCode>ssbu00</systemCode>
          <chamber>Senate</chamber>
          <type>Standing</type>
          <activities>
            <item>
              <name>Referred to</name>
              <date>2017-02-01T23:53:18Z</date>
            </item>
          </activities>
          <name>Budget Committee</name>
          <subcommittees />
        </item>
      </billCommittees>
    </committees>
    <cosponsors>
      <item>
        <bioguideId>A000360</bioguideId>
        <sponsorshipDate>2017-02-01</sponsorshipDate>
        <isOriginalCosponsor>True</isOriginalCosponsor>
        <middleName />
        <sponsorshipWithdrawnDate />
        <firstName>Lamar</firstName>
        <lastName>Alexander</lastName>
        <state>TN</state>
        <party>R</party>
        <identifiers>
          <gpoId>8304</gpoId>
          <bioguideId>A000360</bioguideId>
          <lisID>1695</lisID>
        </identifiers>
        <fullName>Sen. Alexander, Lamar [R-TN]</fullName>
      </item>
      <item>
        <bioguideId>P000449</bioguideId>
        <sponsorshipDate>2017-02-01</sponsorshipDate>
        <isOriginalCosponsor>True</isOriginalCosponsor>
        <middleName />
        <sponsorshipWithdrawnDate />
        <firstName>ROB</firstName>
        <lastName>PORTMAN</lastName>
        <state>OH</state>
        <party>R</party>
        <identifiers>
          <bioguideId>P000449</bioguideId>
          <gpoId>8266</gpoId>
          <lisID>924</lisID>
        </identifiers>
        <fullName>Sen. Portman, Rob [R-OH]</fullName>
      </item>
      <item>
        <bioguideId>I000055</bioguideId>
        <sponsorshipDate>2017-02-01</sponsorshipDate>
        <isOriginalCosponsor>True</isOriginalCosponsor>
        <middleName />
        <sponsorshipWithdrawnDate />
        <firstName>Johnny</firstName>
        <lastName>Isakson</lastName>
        <state>GA</state>
        <party>R</party>
        <identifiers>
          <gpoId>8323</gpoId>
          <bioguideId>I000055</bioguideId>
          <lisID>1608</lisID>
        </identifiers>
        <fullName>Sen. Isakson, Johnny [R-GA]</fullName>
      </item>
    </cosponsors>
    <laws />
    <policyArea>
      <name>Economics and Public Finance</name>
    </policyArea>
    <cboCostEstimates />
    <billNumber>270</billNumber>
    <congress>115</congress>
    <version>1.0.0</version>
    <introducedDate>2017-02-01</introducedDate>
    <committeeReports />
    <titles>
      <item>
        <chamberCode />
        <chamberName />
        <parentTitleType />
        <titleType>(Extracted from GPO) Short Titles as Introduced</titleType>
        <title>Pension and Budget Integrity Act of 2017</title>
      </item>
      <item>
        <chamberCode />
        <chamberName />
        <parentTitleType />
        <titleType>Short Titles as Introduced</titleType>
        <title>Pension and Budget Integrity Act of 2017</title>
      </item>
      <item>
        <chamberCode />
        <chamberName />
        <parentTitleType />
        <titleType>Official Title as Introduced</titleType>
        <title>A bill to prohibit the use of premiums paid to the Pension Benefit Guaranty Corporation as an offset for other Federal spending.</title>
      </item>
      <item>
        <chamberCode />
        <chamberName />
        <parentTitleType />
        <titleType>Display Title</titleType>
        <title>Pension and Budget Integrity Act of 2017</title>
      </item>
    </titles>
    <calendarNumbers />
    <subjects>
      <billSubjects>
        <policyArea>
          <name>Economics and Public Finance</name>
        </policyArea>
        <legislativeSubjects>
          <item>
            <name>Budget process</name>
          </item>
          <item>
            <name>Employee benefits and pensions</name>
          </item>
          <item>
            <name>Executive agency funding and structure</name>
          </item>
          <item>
            <name>Government corporations and government-sponsored enterprises</name>
          </item>
          <item>
            <name>Legislative rules and procedure</name>
          </item>
          <item>
            <name>Pension Benefit Guaranty Corporation</name>
          </item>
        </legislativeSubjects>
      </billSubjects>
    </subjects>
    <billType>S</billType>
  </bill>
  <dublinCore xmlns:dc="http://purl.org/dc/elements/1.1/">
    <dc:format>text/xml</dc:format>
    <dc:language>EN</dc:language>
    <dc:rights>Pursuant to Title 17 Section 105 of the United States Code, this file is not subject to copyright protection and is in the public domain.</dc:rights>
    <dc:contributor>Congressional Research Service, Library of Congress</dc:contributor>
    <dc:description>This file contains bill summaries and statuses for federal legislation. A bill summary describes the most significant provisions of a piece of legislation and details the effects the legislative text may have on current law and federal programs. Bill summaries are authored by the Congressional Research Service (CRS) of the Library of Congress. As stated in Public Law 91-510 (2 USC 166 (d)(6)), one of the duties of CRS is "to prepare summaries and digests of bills and resolutions of a public general nature introduced in the Senate or House of Representatives". For more information, refer to the User Guide that accompanies this file.</dc:description>
  </dublinCore>
</billStatus>

