<?xml version="1.0" encoding="UTF-8"?>
<billStatus>
  <bill>
    <sponsors>
      <item>
        <state>NM</state>
        <middleName />
        <bioguideId>U000039</bioguideId>
        <fullName>Sen. Udall, Tom [D-NM]</fullName>
        <party>D</party>
        <lastName>UDALL</lastName>
        <byRequestType />
        <firstName>TOM</firstName>
        <identifiers>
          <lisID>1567</lisID>
          <gpoId>8260</gpoId>
          <bioguideId>U000039</bioguideId>
        </identifiers>
      </item>
    </sponsors>
    <policyArea>
      <name>Public Lands and Natural Resources</name>
    </policyArea>
    <committees>
      <billCommittees>
        <item>
          <activities>
            <item>
              <name>Referred to</name>
              <date>2017-02-17T18:39:33Z</date>
            </item>
          </activities>
          <type>Standing</type>
          <subcommittees>
            <item>
              <activities>
                <item>
                  <name>Hearings by</name>
                  <date>2018-02-07T15:01:06Z</date>
                </item>
              </activities>
              <systemCode>sseg03</systemCode>
              <name>Public Lands, Forests, and Mining Subcommittee</name>
            </item>
          </subcommittees>
          <systemCode>sseg00</systemCode>
          <name>Energy and Natural Resources Committee</name>
          <chamber>Senate</chamber>
        </item>
      </billCommittees>
    </committees>
    <calendarNumbers />
    <summaries>
      <billSummaries>
        <item>
          <lastSummaryUpdateDate>2017-03-15T15:33:51Z</lastSummaryUpdateDate>
          <versionCode>00</versionCode>
          <actionDesc>Introduced in Senate</actionDesc>
          <actionDate>2017-02-17</actionDate>
          <name>Introduced in Senate</name>
          <text><![CDATA[<p><b>Organ Mountains-Desert Peaks Conservation Act</b></p> <p> This bill designates specified lands in New Mexico administered by the Bureau of Land Management (BLM) of the Department of the Interior as wilderness and as components of the National Wilderness Preservation System.</p> <p> Such wilderness areas shall also be administered as components of the National Landscape Conservation System. </p> <p> The bill designates approximately 100 acres of specified BLM land in New Mexico as a potential wilderness area, upon which Interior shall permit only those uses already permitted. When specified conditions have been met, this area shall be incorporated into the Robledo Mountains Wilderness. </p> <p> The bill releases from further review for designation as wilderness the public land in Dona Ana County, New Mexico, administered by the BLM and not designated as wilderness.</p> <p> The bill withdraws the Potrillo Mountains Complex from the Potrillo Mountains Wilderness and closes a specified route from public access, making it available only for administrative and law enforcement uses, including border security.</p> <p> In implementing a management plan for the Organ Mountains-Desert Peaks National Monument in New Mexico, Interior shall include a watershed health assessment to identify opportunities for watershed restoration. </p> <p> Any land or interest that is within specified state trust land acquired by the United States shall become part of the monument. </p> <p> Interior shall convey to the state of New Mexico specified BLM land in exchange for specified parcels of state trust land within the monument.</p>]]></text>
          <updateDate>2017-02-17T05:00:00Z</updateDate>
        </item>
      </billSummaries>
    </summaries>
    <amendments />
    <originChamber>Senate</originChamber>
    <createDate>2017-02-18T05:14:02Z</createDate>
    <cosponsors>
      <item>
        <sponsorshipWithdrawnDate />
        <lastName>Heinrich</lastName>
        <party>D</party>
        <identifiers>
          <lisID>1937</lisID>
          <gpoId>8056</gpoId>
          <bioguideId>H001046</bioguideId>
        </identifiers>
        <fullName>Sen. Heinrich, Martin [D-NM]</fullName>
        <firstName>Martin</firstName>
        <isOriginalCosponsor>True</isOriginalCosponsor>
        <state>NM</state>
        <sponsorshipDate>2017-02-17</sponsorshipDate>
        <bioguideId>H001046</bioguideId>
        <middleName />
      </item>
    </cosponsors>
    <actions>
      <actionByCounts>
        <senate>3</senate>
      </actionByCounts>
      <actionTypeCounts>
        <introducedInSenate>1</introducedInSenate>
        <referredToCommittee>1</referredToCommittee>
        <hearingsHeld>1</hearingsHeld>
      </actionTypeCounts>
      <item>
        <actionDate>2018-02-07</actionDate>
        <committee>
          <name>Public Lands, Forests, and Mining Subcommittee</name>
          <systemCode>sseg03</systemCode>
        </committee>
        <links />
        <sourceSystem>
          <name>Senate</name>
          <code>0</code>
        </sourceSystem>
        <text>Committee on Energy and Natural Resources Subcommittee on Public Lands, Forests, and Mining. Hearings held.</text>
        <type>Committee</type>
      </item>
      <item>
        <actionDate>2017-02-17</actionDate>
        <committee>
          <name>Energy and Natural Resources Committee</name>
          <systemCode>sseg00</systemCode>
        </committee>
        <links />
        <sourceSystem>
          <name>Senate</name>
          <code>0</code>
        </sourceSystem>
        <text>Read twice and referred to the Committee on Energy and Natural Resources.</text>
        <type>IntroReferral</type>
      </item>
      <item>
        <actionDate>2017-02-17</actionDate>
        <type>IntroReferral</type>
        <sourceSystem>
          <name>Library of Congress</name>
          <code>9</code>
        </sourceSystem>
        <committee />
        <text>Introduced in Senate</text>
        <actionCode>10000</actionCode>
        <links />
      </item>
    </actions>
    <billType>S</billType>
    <recordedVotes />
    <title>Organ Mountains-Desert Peaks Conservation Act</title>
    <latestAction>
      <links />
      <actionDate>2018-02-07</actionDate>
      <text>Committee on Energy and Natural Resources Subcommittee on Public Lands, Forests, and Mining. Hearings held.</text>
    </latestAction>
    <billNumber>441</billNumber>
    <notes />
    <subjects>
      <billSubjects>
        <legislativeSubjects>
          <item>
            <name>Environmental assessment, monitoring, research</name>
          </item>
          <item>
            <name>Historical and cultural resources</name>
          </item>
          <item>
            <name>Land transfers</name>
          </item>
          <item>
            <name>Land use and conservation</name>
          </item>
          <item>
            <name>Monuments and memorials</name>
          </item>
          <item>
            <name>New Mexico</name>
          </item>
          <item>
            <name>Parks, recreation areas, trails</name>
          </item>
          <item>
            <name>Water quality</name>
          </item>
          <item>
            <name>Watersheds</name>
          </item>
          <item>
            <name>Wilderness and natural areas, wildlife refuges, wild rivers, habitats</name>
          </item>
        </legislativeSubjects>
        <policyArea>
          <name>Public Lands and Natural Resources</name>
        </policyArea>
      </billSubjects>
    </subjects>
    <version>1.0.0</version>
    <introducedDate>2017-02-17</introducedDate>
    <updateDate>2018-02-16T05:28:00Z</updateDate>
    <titles>
      <item>
        <parentTitleType />
        <titleType>(Extracted from GPO) Short Titles as Introduced</titleType>
        <chamberCode />
        <title>Organ Mountains-Desert Peaks Conservation Act</title>
        <chamberName />
      </item>
      <item>
        <parentTitleType />
        <titleType>Short Titles as Introduced</titleType>
        <chamberCode />
        <title>Organ Mountains-Desert Peaks Conservation Act</title>
        <chamberName />
      </item>
      <item>
        <parentTitleType />
        <titleType>Official Title as Introduced</titleType>
        <chamberCode />
        <title>A bill to designate the Organ Mountains and other public land as components of the National Wilderness Preservation System in the State of New Mexico, and for other purposes.</title>
        <chamberName />
      </item>
      <item>
        <parentTitleType />
        <titleType>Display Title</titleType>
        <chamberCode />
        <title>Organ Mountains-Desert Peaks Conservation Act</title>
        <chamberName />
      </item>
    </titles>
    <committeeReports />
    <relatedBills />
    <laws />
    <congress>115</congress>
    <cboCostEstimates />
  </bill>
  <dublinCore xmlns:dc="http://purl.org/dc/elements/1.1/">
    <dc:format>text/xml</dc:format>
    <dc:language>EN</dc:language>
    <dc:rights>Pursuant to Title 17 Section 105 of the United States Code, this file is not subject to copyright protection and is in the public domain.</dc:rights>
    <dc:contributor>Congressional Research Service, Library of Congress</dc:contributor>
    <dc:description>This file contains bill summaries and statuses for federal legislation. A bill summary describes the most significant provisions of a piece of legislation and details the effects the legislative text may have on current law and federal programs. Bill summaries are authored by the Congressional Research Service (CRS) of the Library of Congress. As stated in Public Law 91-510 (2 USC 166 (d)(6)), one of the duties of CRS is "to prepare summaries and digests of bills and resolutions of a public general nature introduced in the Senate or House of Representatives". For more information, refer to the User Guide that accompanies this file.</dc:description>
  </dublinCore>
</billStatus>

