<?xml version="1.0" encoding="UTF-8"?>
<billStatus>
  <bill>
    <sponsors>
      <item>
        <fullName>Sen. Feinstein, Dianne [D-CA]</fullName>
        <lastName>FEINSTEIN</lastName>
        <bioguideId>F000062</bioguideId>
        <party>D</party>
        <middleName />
        <state>CA</state>
        <firstName>DIANNE</firstName>
        <byRequestType />
        <identifiers>
          <bioguideId>F000062</bioguideId>
          <lisID>1332</lisID>
          <gpoId>8338</gpoId>
        </identifiers>
      </item>
    </sponsors>
    <laws />
    <version>1.0.0</version>
    <introducedDate>2017-01-05</introducedDate>
    <cboCostEstimates />
    <titles>
      <item>
        <chamberCode />
        <chamberName />
        <parentTitleType />
        <titleType>(Extracted from GPO) Short Titles as Introduced</titleType>
        <title>California Desert Protection and Recreation Act of 2017</title>
      </item>
      <item>
        <chamberCode />
        <chamberName />
        <parentTitleType />
        <titleType>Short Titles as Introduced</titleType>
        <title>California Desert Protection and Recreation Act of 2017</title>
      </item>
      <item>
        <chamberCode />
        <chamberName />
        <parentTitleType />
        <titleType>Official Title as Introduced</titleType>
        <title>A bill to provide for conservation, enhanced recreation opportunities, and development of renewable energy in the California Desert Conservation Area, and for other purposes.</title>
      </item>
      <item>
        <chamberCode />
        <chamberName />
        <parentTitleType />
        <titleType>Display Title</titleType>
        <title>California Desert Protection and Recreation Act of 2017</title>
      </item>
    </titles>
    <amendments />
    <recordedVotes />
    <relatedBills>
      <item>
        <relationshipDetails>
          <item>
            <identifiedBy>CRS</identifiedBy>
            <type>Related bill</type>
          </item>
        </relationshipDetails>
        <latestAction>
          <actionDate>2017-02-16</actionDate>
          <text>Referred to the Subcommittee on Federal Lands.</text>
        </latestAction>
        <type>HR</type>
        <number>857</number>
        <latestTitle>California Off-Road Recreation and Conservation Act</latestTitle>
        <congress>115</congress>
      </item>
    </relatedBills>
    <congress>115</congress>
    <billType>S</billType>
    <actions>
      <item>
        <actionDate>2017-07-26</actionDate>
        <committee>
          <systemCode>sseg03</systemCode>
          <name>Public Lands, Forests, and Mining Subcommittee</name>
        </committee>
        <links />
        <sourceSystem>
          <code>0</code>
          <name>Senate</name>
        </sourceSystem>
        <text>Committee on Energy and Natural Resources Subcommittee on Public Lands, Forests, and Mining. Hearings held.</text>
        <type>Committee</type>
      </item>
      <item>
        <actionDate>2017-01-05</actionDate>
        <committee>
          <systemCode>sseg00</systemCode>
          <name>Energy and Natural Resources Committee</name>
        </committee>
        <links>
          <link>
            <url>https://www.congress.gov/congressional-record/volume-163/senate-section/page/S114-115</url>
            <name>S114-115</name>
          </link>
        </links>
        <sourceSystem>
          <code>0</code>
          <name>Senate</name>
        </sourceSystem>
        <text>Read twice and referred to the Committee on Energy and Natural Resources. (Sponsor introductory remarks on measure: CR S114-115)</text>
        <type>IntroReferral</type>
      </item>
      <item>
        <committee />
        <sourceSystem>
          <code>9</code>
          <name>Library of Congress</name>
        </sourceSystem>
        <actionDate>2017-01-05</actionDate>
        <text>Introduced in Senate</text>
        <links />
        <type>IntroReferral</type>
        <actionCode>10000</actionCode>
      </item>
      <actionByCounts>
        <senate>3</senate>
      </actionByCounts>
      <actionTypeCounts>
        <hearingsHeld>1</hearingsHeld>
        <referredToCommittee>1</referredToCommittee>
        <introducedInSenate>1</introducedInSenate>
      </actionTypeCounts>
    </actions>
    <notes />
    <originChamber>Senate</originChamber>
    <title>California Desert Protection and Recreation Act of 2017</title>
    <billNumber>32</billNumber>
    <cosponsors>
      <item>
        <firstName>Kamala</firstName>
        <sponsorshipWithdrawnDate />
        <state>CA</state>
        <bioguideId>H001075</bioguideId>
        <identifiers>
          <lisID>2301</lisID>
          <bioguideId>H001075</bioguideId>
          <gpoId />
        </identifiers>
        <fullName>Sen. Harris, Kamala D. [D-CA]</fullName>
        <lastName>Harris</lastName>
        <party>D</party>
        <middleName>D.</middleName>
        <isOriginalCosponsor>False</isOriginalCosponsor>
        <sponsorshipDate>2017-01-30</sponsorshipDate>
      </item>
    </cosponsors>
    <summaries>
      <billSummaries>
        <item>
          <text><![CDATA[<p><b>California Desert Protection and Recreation Act of 2017</b></p> This bill amends the California Desert Protection Act of 1994 to, among other things: <ul> <li> establish or designate wilderness areas, a special management area, off-highway vehicle recreation areas, and a national scenic area; </li> <li> release specified wilderness study areas; </li> <li> adjust national park and preserve boundaries; and </li> <li> specify land withdrawals and conveyances. </li> </ul> <p> Specified federal land shall be taken into trust for the Lone Pine Paiute-Shoshone Tribe. </p> <p> Lands and interests in land, including improvements, outside the boundary of Joshua Tree National Park in California may be acquired for the purpose of operating a visitor center. </p> <p>The bill makes amendments to the California Desert Protection Act of 1994 regarding the California State School lands. </p> <p>The bill amends the Wild and Scenic Rivers Act to designate specified segments of rivers and creeks as components of the National Wild and Scenic Rivers System. </p> <p>The bill establishes the Renewable Energy Resource Conservation Fund for use in regions impacted by the development of wind or solar energy. </p>]]></text>
          <actionDate>2017-01-05</actionDate>
          <updateDate>2017-01-05T05:00:00Z</updateDate>
          <lastSummaryUpdateDate>2017-04-10T16:42:37Z</lastSummaryUpdateDate>
          <name>Introduced in Senate</name>
          <actionDesc>Introduced in Senate</actionDesc>
          <versionCode>00</versionCode>
        </item>
      </billSummaries>
    </summaries>
    <policyArea>
      <name>Public Lands and Natural Resources</name>
    </policyArea>
    <latestAction>
      <links />
      <actionDate>2017-07-26</actionDate>
      <text>Committee on Energy and Natural Resources Subcommittee on Public Lands, Forests, and Mining. Hearings held.</text>
    </latestAction>
    <updateDate>2018-02-06T16:44:23Z</updateDate>
    <committees>
      <billCommittees>
        <item>
          <type>Standing</type>
          <systemCode>sseg00</systemCode>
          <subcommittees>
            <item>
              <activities>
                <item>
                  <date>2017-07-26T13:45:42Z</date>
                  <name>Hearings by</name>
                </item>
              </activities>
              <systemCode>sseg03</systemCode>
              <name>Public Lands, Forests, and Mining Subcommittee</name>
            </item>
          </subcommittees>
          <activities>
            <item>
              <date>2017-01-05T15:36:55Z</date>
              <name>Referred to</name>
            </item>
          </activities>
          <chamber>Senate</chamber>
          <name>Energy and Natural Resources Committee</name>
        </item>
      </billCommittees>
    </committees>
    <createDate>2017-01-06T04:57:27Z</createDate>
    <subjects>
      <billSubjects>
        <policyArea>
          <name>Public Lands and Natural Resources</name>
        </policyArea>
        <legislativeSubjects>
          <item>
            <name>Advisory bodies</name>
          </item>
          <item>
            <name>Air quality</name>
          </item>
          <item>
            <name>Alternative and renewable resources</name>
          </item>
          <item>
            <name>Animal and plant health</name>
          </item>
          <item>
            <name>California</name>
          </item>
          <item>
            <name>Climate change and greenhouse gases</name>
          </item>
          <item>
            <name>Congressional oversight</name>
          </item>
          <item>
            <name>Endangered and threatened species</name>
          </item>
          <item>
            <name>Energy revenues and royalties</name>
          </item>
          <item>
            <name>Environmental assessment, monitoring, research</name>
          </item>
          <item>
            <name>Forests, forestry, trees</name>
          </item>
          <item>
            <name>Government studies and investigations</name>
          </item>
          <item>
            <name>Government trust funds</name>
          </item>
          <item>
            <name>Historical and cultural resources</name>
          </item>
          <item>
            <name>Indian lands and resources rights</name>
          </item>
          <item>
            <name>Land transfers</name>
          </item>
          <item>
            <name>Land use and conservation</name>
          </item>
          <item>
            <name>Licensing and registrations</name>
          </item>
          <item>
            <name>Mining</name>
          </item>
          <item>
            <name>Motor vehicles</name>
          </item>
          <item>
            <name>Outdoor recreation</name>
          </item>
          <item>
            <name>Parks, recreation areas, trails</name>
          </item>
          <item>
            <name>Reptiles</name>
          </item>
          <item>
            <name>Veterinary medicine and animal diseases</name>
          </item>
          <item>
            <name>Water quality</name>
          </item>
          <item>
            <name>Water use and supply</name>
          </item>
          <item>
            <name>Wilderness and natural areas, wildlife refuges, wild rivers, habitats</name>
          </item>
          <item>
            <name>Wildlife conservation and habitat protection</name>
          </item>
        </legislativeSubjects>
      </billSubjects>
    </subjects>
    <committeeReports />
    <calendarNumbers />
  </bill>
  <dublinCore xmlns:dc="http://purl.org/dc/elements/1.1/">
    <dc:format>text/xml</dc:format>
    <dc:language>EN</dc:language>
    <dc:rights>Pursuant to Title 17 Section 105 of the United States Code, this file is not subject to copyright protection and is in the public domain.</dc:rights>
    <dc:contributor>Congressional Research Service, Library of Congress</dc:contributor>
    <dc:description>This file contains bill summaries and statuses for federal legislation. A bill summary describes the most significant provisions of a piece of legislation and details the effects the legislative text may have on current law and federal programs. Bill summaries are authored by the Congressional Research Service (CRS) of the Library of Congress. As stated in Public Law 91-510 (2 USC 166 (d)(6)), one of the duties of CRS is "to prepare summaries and digests of bills and resolutions of a public general nature introduced in the Senate or House of Representatives". For more information, refer to the User Guide that accompanies this file.</dc:description>
  </dublinCore>
</billStatus>

