<?xml version="1.0" encoding="UTF-8"?>
<billStatus>
  <bill>
    <subjects>
      <billSubjects>
        <legislativeSubjects>
          <item>
            <name>Crime prevention</name>
          </item>
          <item>
            <name>Crimes against children</name>
          </item>
          <item>
            <name>Criminal justice information and records</name>
          </item>
          <item>
            <name>Domestic violence and child abuse</name>
          </item>
          <item>
            <name>Internet and video services</name>
          </item>
          <item>
            <name>Law enforcement administration and funding</name>
          </item>
          <item>
            <name>Pornography</name>
          </item>
        </legislativeSubjects>
        <policyArea>
          <name>Crime and Law Enforcement</name>
        </policyArea>
      </billSubjects>
    </subjects>
    <cosponsors>
      <item>
        <identifiers>
          <bioguideId>B001277</bioguideId>
          <lisID>2076</lisID>
          <gpoId>8332</gpoId>
        </identifiers>
        <middleName />
        <bioguideId>B001277</bioguideId>
        <sponsorshipDate>2017-03-30</sponsorshipDate>
        <party>D</party>
        <sponsorshipWithdrawnDate />
        <firstName>Richard</firstName>
        <lastName>Blumenthal</lastName>
        <isOriginalCosponsor>True</isOriginalCosponsor>
        <state>CT</state>
        <fullName>Sen. Blumenthal, Richard [D-CT]</fullName>
      </item>
      <item>
        <identifiers>
          <lisID>1863</lisID>
          <gpoId>8060</gpoId>
          <bioguideId>H001041</bioguideId>
        </identifiers>
        <middleName />
        <bioguideId>H001041</bioguideId>
        <sponsorshipDate>2017-03-30</sponsorshipDate>
        <party>R</party>
        <sponsorshipWithdrawnDate />
        <firstName>Dean</firstName>
        <lastName>Heller</lastName>
        <isOriginalCosponsor>True</isOriginalCosponsor>
        <state>NV</state>
        <fullName>Sen. Heller, Dean [R-NV]</fullName>
      </item>
      <item>
        <identifiers>
          <bioguideId>K000367</bioguideId>
          <gpoId>8249</gpoId>
          <lisID>1826</lisID>
        </identifiers>
        <middleName />
        <bioguideId>K000367</bioguideId>
        <sponsorshipDate>2017-03-30</sponsorshipDate>
        <party>D</party>
        <sponsorshipWithdrawnDate />
        <firstName>Amy</firstName>
        <lastName>Klobuchar</lastName>
        <isOriginalCosponsor>True</isOriginalCosponsor>
        <state>MN</state>
        <fullName>Sen. Klobuchar, Amy [D-MN]</fullName>
      </item>
      <item>
        <identifiers>
          <lisID>1351</lisID>
          <bioguideId>H000338</bioguideId>
          <gpoId>8314</gpoId>
        </identifiers>
        <middleName>GRANT</middleName>
        <bioguideId>H000338</bioguideId>
        <sponsorshipDate>2017-04-05</sponsorshipDate>
        <party>R</party>
        <sponsorshipWithdrawnDate />
        <firstName>ORRIN</firstName>
        <lastName>HATCH</lastName>
        <isOriginalCosponsor>False</isOriginalCosponsor>
        <state>UT</state>
        <fullName>Sen. Hatch, Orrin G. [R-UT]</fullName>
      </item>
      <item>
        <identifiers>
          <lisID>1823</lisID>
          <gpoId>8264</gpoId>
          <bioguideId>W000802</bioguideId>
        </identifiers>
        <middleName />
        <bioguideId>W000802</bioguideId>
        <sponsorshipDate>2017-04-05</sponsorshipDate>
        <party>D</party>
        <sponsorshipWithdrawnDate />
        <firstName>Sheldon</firstName>
        <lastName>Whitehouse</lastName>
        <isOriginalCosponsor>False</isOriginalCosponsor>
        <state>RI</state>
        <fullName>Sen. Whitehouse, Sheldon [D-RI]</fullName>
      </item>
      <item>
        <identifiers>
          <bioguideId>C001088</bioguideId>
          <lisID>1984</lisID>
          <gpoId>8297</gpoId>
        </identifiers>
        <middleName>A.</middleName>
        <bioguideId>C001088</bioguideId>
        <sponsorshipDate>2017-05-11</sponsorshipDate>
        <party>D</party>
        <sponsorshipWithdrawnDate />
        <firstName>Christopher</firstName>
        <lastName>Coons</lastName>
        <isOriginalCosponsor>False</isOriginalCosponsor>
        <state>DE</state>
        <fullName>Sen. Coons, Christopher A. [D-DE]</fullName>
      </item>
      <item>
        <identifiers>
          <bioguideId>F000062</bioguideId>
          <lisID>1332</lisID>
          <gpoId>8338</gpoId>
        </identifiers>
        <middleName />
        <bioguideId>F000062</bioguideId>
        <sponsorshipDate>2017-05-11</sponsorshipDate>
        <party>D</party>
        <sponsorshipWithdrawnDate />
        <firstName>DIANNE</firstName>
        <lastName>FEINSTEIN</lastName>
        <isOriginalCosponsor>False</isOriginalCosponsor>
        <state>CA</state>
        <fullName>Sen. Feinstein, Dianne [D-CA]</fullName>
      </item>
      <item>
        <identifiers>
          <gpoId>8316</gpoId>
          <lisID>457</lisID>
          <bioguideId>G000386</bioguideId>
        </identifiers>
        <middleName>ERNEST</middleName>
        <bioguideId>G000386</bioguideId>
        <sponsorshipDate>2017-05-22</sponsorshipDate>
        <party>R</party>
        <sponsorshipWithdrawnDate />
        <firstName>CHARLES</firstName>
        <lastName>GRASSLEY</lastName>
        <isOriginalCosponsor>False</isOriginalCosponsor>
        <state>IA</state>
        <fullName>Sen. Grassley, Chuck [R-IA]</fullName>
      </item>
      <item>
        <identifiers>
          <bioguideId>L000174</bioguideId>
          <lisID>1383</lisID>
          <gpoId>8244</gpoId>
        </identifiers>
        <middleName>JOSEPH</middleName>
        <bioguideId>L000174</bioguideId>
        <sponsorshipDate>2017-05-23</sponsorshipDate>
        <party>D</party>
        <sponsorshipWithdrawnDate />
        <firstName>PATRICK</firstName>
        <lastName>LEAHY</lastName>
        <isOriginalCosponsor>False</isOriginalCosponsor>
        <state>VT</state>
        <fullName>Sen. Leahy, Patrick J. [D-VT]</fullName>
      </item>
      <item>
        <identifiers>
          <gpoId />
          <bioguideId>T000476</bioguideId>
          <lisID>2291</lisID>
        </identifiers>
        <middleName>Roland</middleName>
        <bioguideId>T000476</bioguideId>
        <sponsorshipDate>2017-06-05</sponsorshipDate>
        <party>R</party>
        <sponsorshipWithdrawnDate />
        <firstName>Thomas</firstName>
        <lastName>Tillis</lastName>
        <isOriginalCosponsor>False</isOriginalCosponsor>
        <state>NC</state>
        <fullName>Sen. Tillis, Thom [R-NC]</fullName>
      </item>
      <item>
        <identifiers>
          <lisID>326</lisID>
          <gpoId>8326</gpoId>
          <bioguideId>D000563</bioguideId>
        </identifiers>
        <middleName>J.</middleName>
        <bioguideId>D000563</bioguideId>
        <sponsorshipDate>2017-06-06</sponsorshipDate>
        <party>D</party>
        <sponsorshipWithdrawnDate />
        <firstName>RICHARD</firstName>
        <lastName>DURBIN</lastName>
        <isOriginalCosponsor>False</isOriginalCosponsor>
        <state>IL</state>
        <fullName>Sen. Durbin, Richard J. [D-IL]</fullName>
      </item>
      <item>
        <identifiers>
          <lisID>2050</lisID>
          <bioguideId>L000575</bioguideId>
          <gpoId>8113</gpoId>
        </identifiers>
        <middleName />
        <bioguideId>L000575</bioguideId>
        <sponsorshipDate>2017-06-06</sponsorshipDate>
        <party>R</party>
        <sponsorshipWithdrawnDate />
        <firstName>James</firstName>
        <lastName>Lankford</lastName>
        <isOriginalCosponsor>False</isOriginalCosponsor>
        <state>OK</state>
        <fullName>Sen. Lankford, James [R-OK]</fullName>
      </item>
      <item>
        <identifiers>
          <bioguideId>K000393</bioguideId>
          <lisID>2303</lisID>
          <gpoId />
        </identifiers>
        <middleName>Neely</middleName>
        <bioguideId>K000393</bioguideId>
        <sponsorshipDate>2017-06-08</sponsorshipDate>
        <party>R</party>
        <sponsorshipWithdrawnDate />
        <firstName>John</firstName>
        <lastName>Kennedy</lastName>
        <isOriginalCosponsor>False</isOriginalCosponsor>
        <state>LA</state>
        <fullName>Sen. Kennedy, John [R-LA]</fullName>
      </item>
      <item>
        <identifiers>
          <lisID>2175</lisID>
          <gpoId />
          <bioguideId>C001098</bioguideId>
        </identifiers>
        <middleName />
        <bioguideId>C001098</bioguideId>
        <sponsorshipDate>2017-06-08</sponsorshipDate>
        <party>R</party>
        <sponsorshipWithdrawnDate />
        <firstName>Ted</firstName>
        <lastName>Cruz</lastName>
        <isOriginalCosponsor>False</isOriginalCosponsor>
        <state>TX</state>
        <fullName>Sen. Cruz, Ted [R-TX]</fullName>
      </item>
    </cosponsors>
    <introducedDate>2017-03-30</introducedDate>
    <cboCostEstimates>
      <item>
        <pubDate>2017-07-18T15:08:55Z</pubDate>
        <url>https://www.cbo.gov/publication/52930</url>
        <title>S. 782, PROTECT Our Children Act of 2017</title>
      </item>
    </cboCostEstimates>
    <latestAction>
      <text>Became Public Law No: 115-82.</text>
      <actionDate>2017-11-02</actionDate>
      <links>
        <link>
          <name>Public Law No: 115-82</name>
          <url>https://www.congress.gov/bill/115th-congress/senate-bill/782/text/pl</url>
        </link>
      </links>
    </latestAction>
    <notes />
    <billType>S</billType>
    <originChamber>Senate</originChamber>
    <summaries>
      <billSummaries>
        <item>
          <name>Introduced in Senate</name>
          <versionCode>00</versionCode>
          <actionDate>2017-03-30</actionDate>
          <updateDate>2017-03-30T04:00:00Z</updateDate>
          <lastSummaryUpdateDate>2017-07-26T15:20:09Z</lastSummaryUpdateDate>
          <text><![CDATA[<p><b>Providing Resources, Officers, and Technology To Eradicate Cyber Threats to Our Children Act of 2017 or the PROTECT Our Children Act of 2017</b></p> <p>This bill amends the PROTECT our Children Act of 2008 to reauthorize through FY2022 the National Internet Crimes Against Children Data System and the National Strategy for Child Exploitation Prevention and Interdiction.</p>]]></text>
          <actionDesc>Introduced in Senate</actionDesc>
        </item>
        <item>
          <name>Reported to Senate without amendment</name>
          <versionCode>80</versionCode>
          <actionDate>2017-06-08</actionDate>
          <updateDate>2017-06-08T14:13:47Z</updateDate>
          <lastSummaryUpdateDate>2017-08-04T20:14:58Z</lastSummaryUpdateDate>
          <text><![CDATA[<p>(This measure has not been amended since it was introduced. The summary has been expanded because action occurred on the measure.)</p> <p><b>Providing Resources, Officers, and Technology To Eradicate Cyber Threats to Our Children Act of 2017 or the PROTECT Our Children Act of 2017</b></p> <p>(Sec. 2) This bill amends the PROTECT our Children Act of 2008 to reauthorize through FY2022 the National Internet Crimes Against Children Data System and the National Strategy for Child Exploitation Prevention and Interdiction.</p>]]></text>
          <actionDesc>Reported to Senate without amendment</actionDesc>
        </item>
        <item>
          <name>Passed Senate without amendment</name>
          <versionCode>82</versionCode>
          <actionDate>2017-06-15</actionDate>
          <updateDate>2017-06-15T12:09:55Z</updateDate>
          <lastSummaryUpdateDate>2017-08-28T21:39:52Z</lastSummaryUpdateDate>
          <text><![CDATA[<p>(This measure has not been amended since it was introduced. The expanded summary of the Senate reported version is repeated here.)</p> <p><b>Providing Resources, Officers, and Technology To Eradicate Cyber Threats to Our Children Act of 2017 or the PROTECT Our Children Act of 2017</b></p> <p>(Sec. 2) This bill amends the PROTECT our Children Act of 2008 to reauthorize through FY2022 the National Internet Crimes Against Children Data System and the National Strategy for Child Exploitation Prevention and Interdiction.</p>]]></text>
          <actionDesc>Passed Senate without amendment</actionDesc>
        </item>
        <item>
          <name>Passed House amended</name>
          <versionCode>36</versionCode>
          <actionDate>2017-10-03</actionDate>
          <updateDate>2017-10-03T13:04:36Z</updateDate>
          <lastSummaryUpdateDate>2018-02-09T17:58:03Z</lastSummaryUpdateDate>
          <text><![CDATA[<p><b>Providing Resources, Officers, and Technology To Eradicate Cyber Threats to Our Children Act of 2017 or the PROTECT Our Children Act of 2017</b></p> <p>(Sec. 2) This bill amends the PROTECT our Children Act of 2008 to reauthorize through FY2022 the National Strategy for Child Exploitation Prevention and Interdiction.</p>]]></text>
          <actionDesc>Passed House amended</actionDesc>
        </item>
        <item>
          <name>Senate agreed to House amendment without amendment</name>
          <versionCode>71</versionCode>
          <actionDate>2017-10-26</actionDate>
          <updateDate>2017-10-26T12:56:19Z</updateDate>
          <lastSummaryUpdateDate>2018-02-20T23:37:44Z</lastSummaryUpdateDate>
          <text><![CDATA[<p>(This measure has not been amended since it was passed by the House on October 3, 2017. The summary of that version is repeated here.)</p> <p><b>Providing Resources, Officers, and Technology To Eradicate Cyber Threats to Our Children Act of 2017 or the PROTECT Our Children Act of 2017</b></p> <p>(Sec. 2) This bill amends the PROTECT our Children Act of 2008 to reauthorize through FY2022 the National Strategy for Child Exploitation Prevention and Interdiction.</p>]]></text>
          <actionDesc>Senate agreed to House amendment without amendment</actionDesc>
        </item>
        <item>
          <name>Public Law</name>
          <versionCode>49</versionCode>
          <actionDate>2017-11-02</actionDate>
          <updateDate>2017-11-03T03:59:58Z</updateDate>
          <lastSummaryUpdateDate>2018-02-22T20:28:23Z</lastSummaryUpdateDate>
          <text><![CDATA[<p>(This measure has not been amended since it was passed by the House on October 3, 2017. The summary of that version is repeated here.)</p> <p><b>Providing Resources, Officers, and Technology To Eradicate Cyber Threats to Our Children Act of 2017 or the PROTECT Our Children Act of 2017</b></p> <p>(Sec. 2) This bill amends the PROTECT our Children Act of 2008 to reauthorize through FY2022 the National Strategy for Child Exploitation Prevention and Interdiction.</p>]]></text>
          <actionDesc>Public Law</actionDesc>
        </item>
      </billSummaries>
    </summaries>
    <amendments />
    <relatedBills>
      <item>
        <type>HR</type>
        <latestTitle>PROTECT Our Children Act of 2017</latestTitle>
        <congress>115</congress>
        <latestAction>
          <text>Referred to the Subcommittee on Crime, Terrorism, Homeland Security, and Investigations.</text>
          <actionDate>2017-04-24</actionDate>
        </latestAction>
        <number>1846</number>
        <relationshipDetails>
          <item>
            <type>Identical bill</type>
            <identifiedBy>CRS</identifiedBy>
          </item>
        </relationshipDetails>
      </item>
      <item>
        <type>SCONRES</type>
        <latestTitle>A concurrent resolution providing for a correction in the enrollment of S. 782.</latestTitle>
        <congress>115</congress>
        <latestAction>
          <text>Motion to reconsider laid on the table Agreed to without objection.</text>
          <actionTime>12:04:15</actionTime>
          <actionDate>2017-11-02</actionDate>
        </latestAction>
        <number>28</number>
        <relationshipDetails>
          <item>
            <type>Related bill</type>
            <identifiedBy>CRS</identifiedBy>
          </item>
          <item>
            <type>Related bill</type>
            <identifiedBy>House</identifiedBy>
          </item>
        </relationshipDetails>
      </item>
    </relatedBills>
    <updateDate>2018-02-27T05:27:48Z</updateDate>
    <policyArea>
      <name>Crime and Law Enforcement</name>
    </policyArea>
    <sponsors>
      <item>
        <firstName>John</firstName>
        <middleName />
        <lastName>Cornyn</lastName>
        <fullName>Sen. Cornyn, John [R-TX]</fullName>
        <bioguideId>C001056</bioguideId>
        <state>TX</state>
        <byRequestType />
        <identifiers>
          <gpoId>8295</gpoId>
          <lisID>1692</lisID>
          <bioguideId>C001056</bioguideId>
        </identifiers>
        <party>R</party>
      </item>
    </sponsors>
    <committeeReports />
    <billNumber>782</billNumber>
    <titles>
      <item>
        <title>PROTECT Our Children Act of 2017</title>
        <chamberCode />
        <titleType>Other Short Titles</titleType>
        <parentTitleType>Short Title</parentTitleType>
        <chamberName />
      </item>
      <item>
        <title>Providing Resources, Officers, and Technology To Eradicate Cyber Threats to Our Children Act of 2017</title>
        <chamberCode />
        <titleType>Other Short Titles</titleType>
        <parentTitleType>Short Title</parentTitleType>
        <chamberName />
      </item>
      <item>
        <title>PROTECT Our Children Act of 2017</title>
        <chamberCode />
        <titleType>Short Titles as Enacted</titleType>
        <parentTitleType>Short Title</parentTitleType>
        <chamberName />
      </item>
      <item>
        <title>Providing Resources, Officers, and Technology To Eradicate Cyber Threats to Our Children Act of 2017</title>
        <chamberCode />
        <titleType>Short Titles as Enacted</titleType>
        <parentTitleType>Short Title</parentTitleType>
        <chamberName />
      </item>
      <item>
        <title>Providing Resources, Officers, and Technology To Eradicate Cyber Threats to Our Children Act of 2017</title>
        <chamberCode>S</chamberCode>
        <titleType>Short Titles as Passed Senate</titleType>
        <parentTitleType>Short Titles Senate</parentTitleType>
        <chamberName>Senate</chamberName>
      </item>
      <item>
        <title>PROTECT Our Children Act of 2017</title>
        <chamberCode>S</chamberCode>
        <titleType>Short Titles as Passed Senate</titleType>
        <parentTitleType>Short Titles Senate</parentTitleType>
        <chamberName>Senate</chamberName>
      </item>
      <item>
        <title>PROTECT Our Children Act of 2017</title>
        <chamberCode>H</chamberCode>
        <titleType>Short Titles as Passed House</titleType>
        <parentTitleType>Short Titles House of Representatives</parentTitleType>
        <chamberName>House</chamberName>
      </item>
      <item>
        <title>Providing Resources, Officers, and Technology To Eradicate Cyber Threats to Our Children Act of 2017</title>
        <chamberCode>H</chamberCode>
        <titleType>Short Titles as Passed House</titleType>
        <parentTitleType>Short Titles House of Representatives</parentTitleType>
        <chamberName>House</chamberName>
      </item>
      <item>
        <title>PROTECT Our Children Act of 2017</title>
        <chamberCode>S</chamberCode>
        <titleType>Short Titles as Reported to Senate</titleType>
        <parentTitleType>Short Titles Senate</parentTitleType>
        <chamberName>Senate</chamberName>
      </item>
      <item>
        <title>Providing Resources, Officers, and Technology To Eradicate Cyber Threats to Our Children Act of 2017</title>
        <chamberCode>S</chamberCode>
        <titleType>Short Titles as Reported to Senate</titleType>
        <parentTitleType>Short Titles Senate</parentTitleType>
        <chamberName>Senate</chamberName>
      </item>
      <item>
        <title>PROTECT Our Children Act of 2017</title>
        <chamberCode />
        <titleType>Short Titles as Introduced</titleType>
        <parentTitleType />
        <chamberName />
      </item>
      <item>
        <title>Providing Resources, Officers, and Technology To Eradicate Cyber Threats to Our Children Act of 2017</title>
        <chamberCode />
        <titleType>Short Titles as Introduced</titleType>
        <parentTitleType />
        <chamberName />
      </item>
      <item>
        <title>A bill to reauthorize the National Internet Crimes Against Children Task Force Program, and for other purposes.</title>
        <chamberCode />
        <titleType>Official Title as Introduced</titleType>
        <parentTitleType />
        <chamberName />
      </item>
      <item>
        <title>PROTECT Our Children Act of 2017</title>
        <chamberCode />
        <titleType>Display Title</titleType>
        <parentTitleType />
        <chamberName />
      </item>
      <item>
        <title>PROTECT Our Children Act of 2017</title>
        <chamberCode>S</chamberCode>
        <titleType>(Extracted from GPO) Short Titles as Passed Senate</titleType>
        <parentTitleType />
        <chamberName>Senate</chamberName>
      </item>
      <item>
        <title>Providing Resources, Officers, and Technology To Eradicate Cyber Threats to Our Children Act of 2017</title>
        <chamberCode>S</chamberCode>
        <titleType>(Extracted from GPO) Short Titles as Passed Senate</titleType>
        <parentTitleType />
        <chamberName>Senate</chamberName>
      </item>
      <item>
        <title>PROTECT Our Children Act of 2017</title>
        <chamberCode>S</chamberCode>
        <titleType>(Extracted from GPO) Short Titles as Reported to Senate</titleType>
        <parentTitleType />
        <chamberName>Senate</chamberName>
      </item>
      <item>
        <title>Providing Resources, Officers, and Technology To Eradicate Cyber Threats to Our Children Act of 2017</title>
        <chamberCode>S</chamberCode>
        <titleType>(Extracted from GPO) Short Titles as Reported to Senate</titleType>
        <parentTitleType />
        <chamberName>Senate</chamberName>
      </item>
      <item>
        <title>PROTECT Our Children Act of 2017</title>
        <chamberCode />
        <titleType>(Extracted from GPO) Short Titles as Introduced</titleType>
        <parentTitleType />
        <chamberName />
      </item>
      <item>
        <title>Providing Resources, Officers, and Technology To Eradicate Cyber Threats to Our Children Act of 2017</title>
        <chamberCode />
        <titleType>(Extracted from GPO) Short Titles as Introduced</titleType>
        <parentTitleType />
        <chamberName />
      </item>
    </titles>
    <calendarNumbers>
      <item>
        <calendar>Senate Calendar of Business</calendar>
        <number>0122</number>
      </item>
    </calendarNumbers>
    <createDate>2017-03-31T05:07:21Z</createDate>
    <title>PROTECT Our Children Act of 2017</title>
    <congress>115</congress>
    <version>1.0.0</version>
    <committees>
      <billCommittees>
        <item>
          <activities>
            <item>
              <name>Referred to</name>
              <date>2017-06-20T20:23:28Z</date>
            </item>
          </activities>
          <subcommittees />
          <systemCode>hsju00</systemCode>
          <name>Judiciary Committee</name>
          <type>Standing</type>
          <chamber>House</chamber>
        </item>
        <item>
          <activities>
            <item>
              <name>Reported by</name>
              <date>2017-06-08T19:10:11Z</date>
            </item>
            <item>
              <name>Markup by</name>
              <date>2017-06-08T13:30:34Z</date>
            </item>
            <item>
              <name>Referred to</name>
              <date>2017-03-30T16:22:12Z</date>
            </item>
          </activities>
          <subcommittees />
          <systemCode>ssju00</systemCode>
          <name>Judiciary Committee</name>
          <type>Standing</type>
          <chamber>Senate</chamber>
        </item>
      </billCommittees>
    </committees>
    <laws>
      <item>
        <type>Public Law</type>
        <number>115-82</number>
      </item>
    </laws>
    <actions>
      <actionByCounts>
        <houseOfRepresentatives>10</houseOfRepresentatives>
        <senate>13</senate>
      </actionByCounts>
      <actionTypeCounts>
        <becamePublicLaw>2</becamePublicLaw>
        <generalDebate>1</generalDebate>
        <receivedInTheHouse>1</receivedInTheHouse>
        <passedAgreedToInHouse>1</passedAgreedToInHouse>
        <resolvingDifferencesSenateActions>1</resolvingDifferencesSenateActions>
        <motionToReconsiderResults>1</motionToReconsiderResults>
        <billReferrals>1</billReferrals>
        <placeholderTextForH>1</placeholderTextForH>
        <senateAgreedFreeText>1</senateAgreedFreeText>
        <sentToHouse>2</sentToHouse>
        <placedOnCalendarGeneralOrders>1</placedOnCalendarGeneralOrders>
        <passedAgreedToInSenate>1</passedAgreedToInSenate>
        <motionMadeToSuspendTheRules>1</motionMadeToSuspendTheRules>
        <referredToCommittee>1</referredToCommittee>
        <messageOnHouseAction>1</messageOnHouseAction>
        <reportedToSenate>2</reportedToSenate>
        <placeholderTextForE>3</placeholderTextForE>
        <finalPassageUnderSuspensionOfTheRulesResults>1</finalPassageUnderSuspensionOfTheRulesResults>
        <considerationByHouse>2</considerationByHouse>
        <orderedReported>1</orderedReported>
        <passedSenate>1</passedSenate>
        <presentedToPresident>1</presentedToPresident>
        <introducedInSenate>1</introducedInSenate>
      </actionTypeCounts>
      <item>
        <sourceSystem>
          <name>House floor actions</name>
          <code>2</code>
        </sourceSystem>
        <links>
          <link>
            <url>https://www.congress.gov/bill/115th-congress/senate-bill/782/text/pl</url>
            <name>Public Law No: 115-82</name>
          </link>
        </links>
        <committee />
        <text>Became Public Law No: 115-82.</text>
        <type>President</type>
        <actionCode>E40000</actionCode>
        <actionDate>2017-11-02</actionDate>
      </item>
      <item>
        <sourceSystem>
          <name>Library of Congress</name>
          <code>9</code>
        </sourceSystem>
        <links>
          <link>
            <url>https://www.congress.gov/bill/115th-congress/senate-bill/782/text/pl</url>
            <name>Public Law No: 115-82</name>
          </link>
        </links>
        <committee />
        <text>Became Public Law No: 115-82.</text>
        <type>BecameLaw</type>
        <actionCode>36000</actionCode>
        <actionDate>2017-11-02</actionDate>
      </item>
      <item>
        <sourceSystem>
          <name>House floor actions</name>
          <code>2</code>
        </sourceSystem>
        <links />
        <committee />
        <text>Signed by President.</text>
        <type>President</type>
        <actionCode>E30000</actionCode>
        <actionDate>2017-11-02</actionDate>
      </item>
      <item>
        <sourceSystem>
          <name>Library of Congress</name>
          <code>9</code>
        </sourceSystem>
        <links />
        <committee />
        <text>Signed by President.</text>
        <type>BecameLaw</type>
        <actionCode>36000</actionCode>
        <actionDate>2017-11-02</actionDate>
      </item>
      <item>
        <sourceSystem>
          <name>House floor actions</name>
          <code>2</code>
        </sourceSystem>
        <links />
        <committee />
        <text>Presented to President.</text>
        <type>Floor</type>
        <actionCode>E20000</actionCode>
        <actionDate>2017-11-02</actionDate>
      </item>
      <item>
        <sourceSystem>
          <name>Library of Congress</name>
          <code>9</code>
        </sourceSystem>
        <links />
        <committee />
        <text>Presented to President.</text>
        <type>President</type>
        <actionCode>28000</actionCode>
        <actionDate>2017-11-02</actionDate>
      </item>
      <item>
        <actionDate>2017-10-27</actionDate>
        <committee />
        <links />
        <sourceSystem>
          <name>Senate</name>
          <code>0</code>
        </sourceSystem>
        <text>Message on Senate action sent to the House.</text>
        <type>Floor</type>
      </item>
      <item>
        <actionDate>2017-10-26</actionDate>
        <committee />
        <links>
          <link>
            <url>https://www.congress.gov/congressional-record/volume-163/senate-section/page/S6859</url>
            <name>S6859</name>
          </link>
        </links>
        <sourceSystem>
          <name>Senate</name>
          <code>0</code>
        </sourceSystem>
        <text>Senate agreed to the House amendment to the Senate bill by Unanimous Consent. (consideration: CR S6859)</text>
        <type>ResolvingDifferences</type>
      </item>
      <item>
        <sourceSystem>
          <name>Library of Congress</name>
          <code>9</code>
        </sourceSystem>
        <links />
        <committee />
        <text>Resolving differences -- Senate actions: Senate agreed to the House amendment to the Senate bill by Unanimous Consent.</text>
        <type>NotUsed</type>
        <actionCode>20500</actionCode>
        <actionDate>2017-10-26</actionDate>
      </item>
      <item>
        <actionDate>2017-10-04</actionDate>
        <committee />
        <links />
        <sourceSystem>
          <name>Senate</name>
          <code>0</code>
        </sourceSystem>
        <text>Message on House action received in Senate and at desk: House amendment to Senate bill.</text>
        <type>Floor</type>
      </item>
      <item>
        <sourceSystem>
          <name>House floor actions</name>
          <code>2</code>
        </sourceSystem>
        <links />
        <committee />
        <text>Motion to reconsider laid on the table Agreed to without objection.</text>
        <type>Floor</type>
        <actionTime>18:10:54</actionTime>
        <actionCode>H38310</actionCode>
        <actionDate>2017-10-03</actionDate>
      </item>
      <item>
        <sourceSystem>
          <name>House floor actions</name>
          <code>2</code>
        </sourceSystem>
        <links>
          <link>
            <url>https://www.congress.gov/congressional-record/volume-163/house-section/page/H7706</url>
            <name>H7706</name>
          </link>
          <link>
            <url>http://clerk.house.gov/evs/2017/roll550.xml</url>
            <name>Roll no. 550</name>
          </link>
        </links>
        <committee />
        <text>On motion to suspend the rules and pass the bill, as amended Agreed to by the Yeas and Nays: (2/3 required): 417 - 3 (Roll no. 550). (text: CR H7706)</text>
        <type>Floor</type>
        <actionTime>18:10:53</actionTime>
        <actionCode>H37300</actionCode>
        <actionDate>2017-10-03</actionDate>
      </item>
      <item>
        <sourceSystem>
          <name>Library of Congress</name>
          <code>9</code>
        </sourceSystem>
        <links>
          <link>
            <url>http://clerk.house.gov/evs/2017/roll550.xml</url>
            <name>Roll no. 550</name>
          </link>
        </links>
        <committee />
        <text>Passed/agreed to in House: On motion to suspend the rules and pass the bill, as amended Agreed to by the Yeas and Nays: (2/3 required): 417 - 3 (Roll no. 550).</text>
        <type>Floor</type>
        <actionTime>18:10:53</actionTime>
        <actionCode>8000</actionCode>
        <actionDate>2017-10-03</actionDate>
      </item>
      <item>
        <sourceSystem>
          <name>House floor actions</name>
          <code>2</code>
        </sourceSystem>
        <links>
          <link>
            <url>https://www.congress.gov/congressional-record/volume-163/house-section/page/H7728</url>
            <name>H7728</name>
          </link>
        </links>
        <committee />
        <text>Considered as unfinished business. (consideration: CR H7728)</text>
        <type>Floor</type>
        <actionTime>18:03:41</actionTime>
        <actionCode>H30000</actionCode>
        <actionDate>2017-10-03</actionDate>
      </item>
      <item>
        <sourceSystem>
          <name>House floor actions</name>
          <code>2</code>
        </sourceSystem>
        <links />
        <committee />
        <text>At the conclusion of debate, the Yeas and Nays were demanded and ordered. Pursuant to the provisions of clause 8, rule XX, the Chair announced that further proceedings on the motion would be postponed.</text>
        <type>Floor</type>
        <actionTime>15:46:43</actionTime>
        <actionCode>H37220</actionCode>
        <actionDate>2017-10-03</actionDate>
      </item>
      <item>
        <sourceSystem>
          <name>House floor actions</name>
          <code>2</code>
        </sourceSystem>
        <links>
          <link>
            <url>https://www.congress.gov/bill/115th-congress/senate-bill/782</url>
            <name>S. 782</name>
          </link>
        </links>
        <committee />
        <text>DEBATE - The House proceeded with forty minutes of debate on S. 782.</text>
        <type>Floor</type>
        <actionTime>15:23:39</actionTime>
        <actionCode>H8D000</actionCode>
        <actionDate>2017-10-03</actionDate>
      </item>
      <item>
        <sourceSystem>
          <name>House floor actions</name>
          <code>2</code>
        </sourceSystem>
        <links>
          <link>
            <url>https://www.congress.gov/congressional-record/volume-163/house-section/page/H7706-7709</url>
            <name>H7706-7709</name>
          </link>
        </links>
        <committee />
        <text>Considered under suspension of the rules. (consideration: CR H7706-7709)</text>
        <type>Floor</type>
        <actionTime>15:23:37</actionTime>
        <actionCode>H30000</actionCode>
        <actionDate>2017-10-03</actionDate>
      </item>
      <item>
        <sourceSystem>
          <name>House floor actions</name>
          <code>2</code>
        </sourceSystem>
        <links />
        <committee />
        <text>Mr. Goodlatte moved to suspend the rules and pass the bill, as amended.</text>
        <type>Floor</type>
        <actionTime>15:23:25</actionTime>
        <actionCode>H30300</actionCode>
        <actionDate>2017-10-03</actionDate>
      </item>
      <item>
        <sourceSystem>
          <name>House floor actions</name>
          <code>2</code>
        </sourceSystem>
        <links />
        <committee>
          <systemCode>hsju00</systemCode>
          <name>Judiciary Committee</name>
        </committee>
        <text>Referred to the House Committee on the Judiciary.</text>
        <type>IntroReferral</type>
        <actionCode>H11100</actionCode>
        <actionDate>2017-06-20</actionDate>
      </item>
      <item>
        <sourceSystem>
          <name>House floor actions</name>
          <code>2</code>
        </sourceSystem>
        <links />
        <committee />
        <text>Received in the House.</text>
        <type>Floor</type>
        <actionTime>14:02:47</actionTime>
        <actionCode>H14000</actionCode>
        <actionDate>2017-06-20</actionDate>
      </item>
      <item>
        <actionDate>2017-06-19</actionDate>
        <committee />
        <links />
        <sourceSystem>
          <name>Senate</name>
          <code>0</code>
        </sourceSystem>
        <text>Message on Senate action sent to the House.</text>
        <type>Floor</type>
      </item>
      <item>
        <actionDate>2017-06-15</actionDate>
        <committee />
        <links>
          <link>
            <url>https://www.congress.gov/congressional-record/volume-163/senate-section/page/S3547-3548</url>
            <name>S3547-3548</name>
          </link>
          <link>
            <url>https://www.congress.gov/congressional-record/volume-163/senate-section/page/S3548</url>
            <name>S3548</name>
          </link>
        </links>
        <sourceSystem>
          <name>Senate</name>
          <code>0</code>
        </sourceSystem>
        <text>Passed Senate without amendment by Unanimous Consent. (consideration: CR S3547-3548; text: CR S3548)</text>
        <type>Floor</type>
      </item>
      <item>
        <sourceSystem>
          <name>Library of Congress</name>
          <code>9</code>
        </sourceSystem>
        <links>
          <link>
            <url>https://www.congress.gov/congressional-record/volume-163/senate-section/page/S3547-3548</url>
            <name>S3547-3548</name>
          </link>
          <link>
            <url>https://www.congress.gov/congressional-record/volume-163/senate-section/page/S3548</url>
            <name>S3548</name>
          </link>
        </links>
        <committee />
        <text>Passed/agreed to in Senate: Passed Senate without amendment by Unanimous Consent.(consideration: CR S3547-3548; text: CR S3548)</text>
        <type>Floor</type>
        <actionCode>17000</actionCode>
        <actionDate>2017-06-15</actionDate>
      </item>
      <item>
        <actionDate>2017-06-08</actionDate>
        <committee />
        <links />
        <sourceSystem>
          <name>Senate</name>
          <code>0</code>
        </sourceSystem>
        <text>Placed on Senate Legislative Calendar under General Orders. Calendar No. 122.</text>
        <type>Calendars</type>
      </item>
      <item>
        <actionDate>2017-06-08</actionDate>
        <committee>
          <systemCode>ssju00</systemCode>
          <name>Judiciary Committee</name>
        </committee>
        <links />
        <sourceSystem>
          <name>Senate</name>
          <code>0</code>
        </sourceSystem>
        <text>Committee on the Judiciary. Reported by Senator Grassley without amendment. Without written report.</text>
        <type>Committee</type>
      </item>
      <item>
        <sourceSystem>
          <name>Library of Congress</name>
          <code>9</code>
        </sourceSystem>
        <links />
        <committee>
          <systemCode>ssju00</systemCode>
          <name>Judiciary Committee</name>
        </committee>
        <text>Committee on the Judiciary. Reported by Senator Grassley without amendment. Without written report.</text>
        <type>Committee</type>
        <actionCode>14000</actionCode>
        <actionDate>2017-06-08</actionDate>
      </item>
      <item>
        <actionDate>2017-06-08</actionDate>
        <committee>
          <systemCode>ssju00</systemCode>
          <name>Judiciary Committee</name>
        </committee>
        <links />
        <sourceSystem>
          <name>Senate</name>
          <code>0</code>
        </sourceSystem>
        <text>Committee on the Judiciary. Ordered to be reported without amendment favorably.</text>
        <type>Committee</type>
      </item>
      <item>
        <actionDate>2017-03-30</actionDate>
        <committee>
          <systemCode>ssju00</systemCode>
          <name>Judiciary Committee</name>
        </committee>
        <links>
          <link>
            <url>https://www.congress.gov/congressional-record/volume-163/senate-section/page/S2154</url>
            <name>S2154</name>
          </link>
        </links>
        <sourceSystem>
          <name>Senate</name>
          <code>0</code>
        </sourceSystem>
        <text>Read twice and referred to the Committee on the Judiciary. (text of measure as introduced: CR S2154)</text>
        <type>IntroReferral</type>
      </item>
      <item>
        <sourceSystem>
          <name>Library of Congress</name>
          <code>9</code>
        </sourceSystem>
        <links />
        <committee />
        <text>Introduced in Senate</text>
        <type>IntroReferral</type>
        <actionCode>10000</actionCode>
        <actionDate>2017-03-30</actionDate>
      </item>
    </actions>
    <recordedVotes>
      <recordedVote>
        <chamber>House</chamber>
        <rollNumber>550</rollNumber>
        <fullActionName>Final Passage Under Suspension of the Rules Results</fullActionName>
        <congress>115</congress>
        <sessionNumber>1</sessionNumber>
        <date>2017-10-03T22:10:53Z</date>
        <url>http://clerk.house.gov/evs/2017/roll550.xml</url>
      </recordedVote>
    </recordedVotes>
  </bill>
  <dublinCore xmlns:dc="http://purl.org/dc/elements/1.1/">
    <dc:format>text/xml</dc:format>
    <dc:language>EN</dc:language>
    <dc:rights>Pursuant to Title 17 Section 105 of the United States Code, this file is not subject to copyright protection and is in the public domain.</dc:rights>
    <dc:contributor>Congressional Research Service, Library of Congress</dc:contributor>
    <dc:description>This file contains bill summaries and statuses for federal legislation. A bill summary describes the most significant provisions of a piece of legislation and details the effects the legislative text may have on current law and federal programs. Bill summaries are authored by the Congressional Research Service (CRS) of the Library of Congress. As stated in Public Law 91-510 (2 USC 166 (d)(6)), one of the duties of CRS is "to prepare summaries and digests of bills and resolutions of a public general nature introduced in the Senate or House of Representatives". For more information, refer to the User Guide that accompanies this file.</dc:description>
  </dublinCore>
</billStatus>

