<?xml version="1.0" encoding="UTF-8"?>
<billStatus>
  <bill>
    <cosponsors>
      <item>
        <identifiers>
          <gpoId>8309</gpoId>
          <lisID>136</lisID>
          <bioguideId>B000944</bioguideId>
        </identifiers>
        <bioguideId>B000944</bioguideId>
        <lastName>BROWN</lastName>
        <isOriginalCosponsor>True</isOriginalCosponsor>
        <fullName>Sen. Brown, Sherrod [D-OH]</fullName>
        <middleName />
        <sponsorshipWithdrawnDate />
        <state>OH</state>
        <party>D</party>
        <firstName>SHERROD</firstName>
        <sponsorshipDate>2017-03-01</sponsorshipDate>
      </item>
      <item>
        <identifiers>
          <lisID>1925</lisID>
          <bioguideId>C001075</bioguideId>
          <gpoId>7964</gpoId>
        </identifiers>
        <bioguideId>C001075</bioguideId>
        <lastName>Cassidy</lastName>
        <isOriginalCosponsor>False</isOriginalCosponsor>
        <fullName>Sen. Cassidy, Bill [R-LA]</fullName>
        <middleName />
        <sponsorshipWithdrawnDate />
        <state>LA</state>
        <party>R</party>
        <firstName>Bill</firstName>
        <sponsorshipDate>2017-04-24</sponsorshipDate>
      </item>
      <item>
        <identifiers>
          <lisID>174</lisID>
          <gpoId>8287</gpoId>
          <bioguideId>C000141</bioguideId>
        </identifiers>
        <bioguideId>C000141</bioguideId>
        <lastName>CARDIN</lastName>
        <isOriginalCosponsor>False</isOriginalCosponsor>
        <fullName>Sen. Cardin, Benjamin L. [D-MD]</fullName>
        <middleName>L.</middleName>
        <sponsorshipWithdrawnDate />
        <state>MD</state>
        <party>D</party>
        <firstName>BENJAMIN</firstName>
        <sponsorshipDate>2017-04-24</sponsorshipDate>
      </item>
      <item>
        <identifiers>
          <gpoId>8282</gpoId>
          <lisID>1828</lisID>
          <bioguideId>C001070</bioguideId>
        </identifiers>
        <bioguideId>C001070</bioguideId>
        <lastName>Casey</lastName>
        <isOriginalCosponsor>False</isOriginalCosponsor>
        <fullName>Sen. Casey, Robert P., Jr. [D-PA]</fullName>
        <middleName />
        <sponsorshipWithdrawnDate />
        <state>PA</state>
        <party>D</party>
        <firstName>Bob</firstName>
        <sponsorshipDate>2017-05-01</sponsorshipDate>
      </item>
      <item>
        <identifiers>
          <lisID>457</lisID>
          <bioguideId>G000386</bioguideId>
          <gpoId>8316</gpoId>
        </identifiers>
        <bioguideId>G000386</bioguideId>
        <lastName>GRASSLEY</lastName>
        <isOriginalCosponsor>False</isOriginalCosponsor>
        <fullName>Sen. Grassley, Chuck [R-IA]</fullName>
        <middleName>ERNEST</middleName>
        <sponsorshipWithdrawnDate />
        <state>IA</state>
        <party>R</party>
        <firstName>CHARLES</firstName>
        <sponsorshipDate>2017-05-04</sponsorshipDate>
      </item>
      <item>
        <identifiers>
          <lisID>2357</lisID>
          <gpoId />
          <bioguideId>S001202</bioguideId>
        </identifiers>
        <bioguideId>S001202</bioguideId>
        <lastName>Strange</lastName>
        <isOriginalCosponsor>False</isOriginalCosponsor>
        <fullName>Sen. Strange, Luther [R-AL]</fullName>
        <middleName />
        <sponsorshipWithdrawnDate />
        <state>AL</state>
        <party>R</party>
        <firstName>Luther</firstName>
        <sponsorshipDate>2017-05-17</sponsorshipDate>
      </item>
      <item>
        <identifiers>
          <gpoId>7983</gpoId>
          <lisID>1729</lisID>
          <bioguideId>V000128</bioguideId>
        </identifiers>
        <bioguideId>V000128</bioguideId>
        <lastName>Van Hollen</lastName>
        <isOriginalCosponsor>False</isOriginalCosponsor>
        <fullName>Sen. Van Hollen, Chris [D-MD]</fullName>
        <middleName />
        <sponsorshipWithdrawnDate />
        <state>MD</state>
        <party>D</party>
        <firstName>Chris</firstName>
        <sponsorshipDate>2017-07-11</sponsorshipDate>
      </item>
      <item>
        <identifiers>
          <lisID>1332</lisID>
          <bioguideId>F000062</bioguideId>
          <gpoId>8338</gpoId>
        </identifiers>
        <bioguideId>F000062</bioguideId>
        <lastName>FEINSTEIN</lastName>
        <isOriginalCosponsor>False</isOriginalCosponsor>
        <fullName>Sen. Feinstein, Dianne [D-CA]</fullName>
        <middleName />
        <sponsorshipWithdrawnDate />
        <state>CA</state>
        <party>D</party>
        <firstName>DIANNE</firstName>
        <sponsorshipDate>2017-07-20</sponsorshipDate>
      </item>
      <item>
        <identifiers>
          <gpoId>8247</gpoId>
          <lisID>1687</lisID>
          <bioguideId>B001236</bioguideId>
        </identifiers>
        <bioguideId>B001236</bioguideId>
        <lastName>Boozman</lastName>
        <isOriginalCosponsor>False</isOriginalCosponsor>
        <fullName>Sen. Boozman, John [R-AR]</fullName>
        <middleName />
        <sponsorshipWithdrawnDate />
        <state>AR</state>
        <party>R</party>
        <firstName>John</firstName>
        <sponsorshipDate>2017-07-24</sponsorshipDate>
      </item>
      <item>
        <identifiers>
          <lisID>1850</lisID>
          <gpoId>7941</gpoId>
          <bioguideId>D000607</bioguideId>
        </identifiers>
        <bioguideId>D000607</bioguideId>
        <lastName>Donnelly</lastName>
        <isOriginalCosponsor>False</isOriginalCosponsor>
        <fullName>Sen. Donnelly, Joe [D-IN]</fullName>
        <middleName />
        <sponsorshipWithdrawnDate />
        <state>IN</state>
        <party>D</party>
        <firstName>Joe</firstName>
        <sponsorshipDate>2017-07-24</sponsorshipDate>
      </item>
      <item>
        <identifiers>
          <gpoId>8238</gpoId>
          <lisID>1900</lisID>
          <bioguideId>M001176</bioguideId>
        </identifiers>
        <bioguideId>M001176</bioguideId>
        <lastName>Merkley</lastName>
        <isOriginalCosponsor>False</isOriginalCosponsor>
        <fullName>Sen. Merkley, Jeff [D-OR]</fullName>
        <middleName />
        <sponsorshipWithdrawnDate />
        <state>OR</state>
        <party>D</party>
        <firstName>Jeff</firstName>
        <sponsorshipDate>2017-10-17</sponsorshipDate>
      </item>
      <item>
        <identifiers>
          <gpoId />
          <lisID>2182</lisID>
          <bioguideId>W000817</bioguideId>
        </identifiers>
        <bioguideId>W000817</bioguideId>
        <lastName>Warren</lastName>
        <isOriginalCosponsor>False</isOriginalCosponsor>
        <fullName>Sen. Warren, Elizabeth [D-MA]</fullName>
        <middleName>A.</middleName>
        <sponsorshipWithdrawnDate />
        <state>MA</state>
        <party>D</party>
        <firstName>Elizabeth</firstName>
        <sponsorshipDate>2017-10-17</sponsorshipDate>
      </item>
      <item>
        <identifiers>
          <lisID>2185</lisID>
          <gpoId />
          <bioguideId>K000383</bioguideId>
        </identifiers>
        <bioguideId>K000383</bioguideId>
        <lastName>King</lastName>
        <isOriginalCosponsor>False</isOriginalCosponsor>
        <fullName>Sen. King, Angus S., Jr. [I-ME]</fullName>
        <middleName />
        <sponsorshipWithdrawnDate />
        <state>ME</state>
        <party>I</party>
        <firstName>Angus</firstName>
        <sponsorshipDate>2017-11-14</sponsorshipDate>
      </item>
    </cosponsors>
    <summaries>
      <billSummaries>
        <item>
          <versionCode>00</versionCode>
          <lastSummaryUpdateDate>2017-06-14T15:24:19Z</lastSummaryUpdateDate>
          <actionDate>2017-03-01</actionDate>
          <updateDate>2017-03-01T05:00:00Z</updateDate>
          <text><![CDATA[<p> Commemorates October 20, 2017, as the 100th anniversary of the Academy of Nutrition and Dietetics.</p> <p>Applauds the academy for its efforts to: (1) promote food and nutrition professionals; and (2) improve health and wellness through research, education, and advocacy.</p>]]></text>
          <actionDesc>Introduced in Senate</actionDesc>
          <name>Introduced in Senate</name>
        </item>
        <item>
          <versionCode>82</versionCode>
          <lastSummaryUpdateDate>2018-02-15T16:55:55Z</lastSummaryUpdateDate>
          <actionDate>2017-10-30</actionDate>
          <updateDate>2017-10-30T13:44:18Z</updateDate>
          <text><![CDATA[<p>(This measure has not been amended since it was introduced. The summary of that version is repeated here.)</p> <p>Commemorates October 20, 2017, as the 100th anniversary of the Academy of Nutrition and Dietetics.</p> <p>Applauds the academy for its efforts to: (1) promote food and nutrition professionals; and (2) improve health and wellness through research, education, and advocacy.</p>]]></text>
          <actionDesc>Passed Senate without amendment</actionDesc>
          <name>Passed Senate without amendment</name>
        </item>
      </billSummaries>
    </summaries>
    <sponsors>
      <item>
        <bioguideId>P000449</bioguideId>
        <party>R</party>
        <fullName>Sen. Portman, Rob [R-OH]</fullName>
        <firstName>ROB</firstName>
        <byRequestType />
        <lastName>PORTMAN</lastName>
        <identifiers>
          <lisID>924</lisID>
          <gpoId>8266</gpoId>
          <bioguideId>P000449</bioguideId>
        </identifiers>
        <middleName />
        <state>OH</state>
      </item>
    </sponsors>
    <committeeReports />
    <cboCostEstimates />
    <updateDate>2018-02-21T05:28:04Z</updateDate>
    <title>A resolution recognizing the 100th anniversary of the Academy of Nutrition and Dietetics, the largest organization of food and nutrition professionals in the world.</title>
    <originChamber>Senate</originChamber>
    <latestAction>
      <actionDate>2017-10-30</actionDate>
      <text>Resolution agreed to in Senate without amendment and with a preamble by Unanimous Consent. (consideration: CR S6878)</text>
      <links />
    </latestAction>
    <version>1.0.0</version>
    <relatedBills>
      <item>
        <latestAction>
          <actionDate>2017-03-03</actionDate>
          <text>Referred to the Subcommittee on Health.</text>
        </latestAction>
        <relationshipDetails>
          <item>
            <identifiedBy>CRS</identifiedBy>
            <type>Related bill</type>
          </item>
        </relationshipDetails>
        <congress>115</congress>
        <type>HRES</type>
        <number>161</number>
        <latestTitle>Recognizing the 100th anniversary of the Academy of Nutrition and Dietetics, the world's largest organization of food and nutrition professionals.</latestTitle>
      </item>
    </relatedBills>
    <actions>
      <item>
        <actionDate>2017-10-30</actionDate>
        <committee />
        <links>
          <link>
            <url>https://www.congress.gov/congressional-record/volume-163/senate-section/page/S6878</url>
            <name>S6878</name>
          </link>
        </links>
        <sourceSystem>
          <code>0</code>
          <name>Senate</name>
        </sourceSystem>
        <text>Resolution agreed to in Senate without amendment and with a preamble by Unanimous Consent. (consideration: CR S6878)</text>
        <type>Floor</type>
      </item>
      <item>
        <committee />
        <type>Floor</type>
        <sourceSystem>
          <code>9</code>
          <name>Library of Congress</name>
        </sourceSystem>
        <text>Passed/agreed to in Senate: Resolution agreed to in Senate without amendment and with a preamble by Unanimous Consent.(consideration: CR S6878)</text>
        <links>
          <link>
            <url>https://www.congress.gov/congressional-record/volume-163/senate-section/page/S6878</url>
            <name>S6878</name>
          </link>
        </links>
        <actionDate>2017-10-30</actionDate>
        <actionCode>17000</actionCode>
      </item>
      <item>
        <actionDate>2017-10-30</actionDate>
        <committee>
          <systemCode>ssaf00</systemCode>
          <name>Agriculture, Nutrition, and Forestry Committee</name>
        </committee>
        <links />
        <sourceSystem>
          <code>0</code>
          <name>Senate</name>
        </sourceSystem>
        <text>Senate Committee on Agriculture, Nutrition, and Forestry discharged by Unanimous Consent.</text>
        <type>Discharge</type>
      </item>
      <item>
        <committee>
          <systemCode>ssaf00</systemCode>
          <name>Agriculture, Nutrition, and Forestry Committee</name>
        </committee>
        <type>Committee</type>
        <sourceSystem>
          <code>9</code>
          <name>Library of Congress</name>
        </sourceSystem>
        <text>Senate Committee on Agriculture, Nutrition, and Forestry discharged by Unanimous Consent.</text>
        <links />
        <actionDate>2017-10-30</actionDate>
        <actionCode>14500</actionCode>
      </item>
      <item>
        <actionDate>2017-03-01</actionDate>
        <committee>
          <systemCode>ssaf00</systemCode>
          <name>Agriculture, Nutrition, and Forestry Committee</name>
        </committee>
        <links>
          <link>
            <url>https://www.congress.gov/congressional-record/volume-163/senate-section/page/S1542</url>
            <name>S1542</name>
          </link>
        </links>
        <sourceSystem>
          <code>0</code>
          <name>Senate</name>
        </sourceSystem>
        <text>Referred to the Committee on Agriculture, Nutrition, and Forestry. (text of measure as introduced: CR S1542)</text>
        <type>IntroReferral</type>
      </item>
      <item>
        <committee />
        <type>IntroReferral</type>
        <sourceSystem>
          <code>9</code>
          <name>Library of Congress</name>
        </sourceSystem>
        <text>Introduced in Senate</text>
        <links />
        <actionDate>2017-03-01</actionDate>
        <actionCode>10000</actionCode>
      </item>
      <actionTypeCounts>
        <committeeDischarged>1</committeeDischarged>
        <referredToCommittee>1</referredToCommittee>
        <agreedToInSenate>1</agreedToInSenate>
        <senateCommitteeDischarged>1</senateCommitteeDischarged>
        <introducedInSenate>1</introducedInSenate>
        <passedAgreedToInSenate>1</passedAgreedToInSenate>
      </actionTypeCounts>
      <actionByCounts>
        <senate>6</senate>
      </actionByCounts>
    </actions>
    <billType>SRES</billType>
    <subjects>
      <billSubjects>
        <policyArea>
          <name>Health</name>
        </policyArea>
        <legislativeSubjects>
          <item>
            <name>Commemorative events and holidays</name>
          </item>
          <item>
            <name>Congressional tributes</name>
          </item>
          <item>
            <name>Health personnel</name>
          </item>
          <item>
            <name>Health promotion and preventive care</name>
          </item>
          <item>
            <name>Medical research</name>
          </item>
          <item>
            <name>Nutrition and diet</name>
          </item>
        </legislativeSubjects>
      </billSubjects>
    </subjects>
    <recordedVotes />
    <createDate>2017-03-02T05:13:48Z</createDate>
    <laws />
    <amendments />
    <billNumber>75</billNumber>
    <committees>
      <billCommittees>
        <item>
          <name>Agriculture, Nutrition, and Forestry Committee</name>
          <subcommittees />
          <activities>
            <item>
              <name>Discharged from</name>
              <date>2017-10-30T22:54:17Z</date>
            </item>
            <item>
              <name>Referred to</name>
              <date>2017-03-01T19:16:18Z</date>
            </item>
          </activities>
          <type>Standing</type>
          <chamber>Senate</chamber>
          <systemCode>ssaf00</systemCode>
        </item>
      </billCommittees>
    </committees>
    <titles>
      <item>
        <title>A resolution recognizing the 100th anniversary of the Academy of Nutrition and Dietetics, the largest organization of food and nutrition professionals in the world.</title>
        <titleType>Official Title as Introduced</titleType>
        <chamberName />
        <parentTitleType />
        <chamberCode />
      </item>
      <item>
        <title>A resolution recognizing the 100th anniversary of the Academy of Nutrition and Dietetics, the largest organization of food and nutrition professionals in the world.</title>
        <titleType>Display Title</titleType>
        <chamberName />
        <parentTitleType />
        <chamberCode />
      </item>
    </titles>
    <introducedDate>2017-03-01</introducedDate>
    <calendarNumbers />
    <congress>115</congress>
    <policyArea>
      <name>Health</name>
    </policyArea>
    <notes />
  </bill>
  <dublinCore xmlns:dc="http://purl.org/dc/elements/1.1/">
    <dc:format>text/xml</dc:format>
    <dc:language>EN</dc:language>
    <dc:rights>Pursuant to Title 17 Section 105 of the United States Code, this file is not subject to copyright protection and is in the public domain.</dc:rights>
    <dc:contributor>Congressional Research Service, Library of Congress</dc:contributor>
    <dc:description>This file contains bill summaries and statuses for federal legislation. A bill summary describes the most significant provisions of a piece of legislation and details the effects the legislative text may have on current law and federal programs. Bill summaries are authored by the Congressional Research Service (CRS) of the Library of Congress. As stated in Public Law 91-510 (2 USC 166 (d)(6)), one of the duties of CRS is "to prepare summaries and digests of bills and resolutions of a public general nature introduced in the Senate or House of Representatives". For more information, refer to the User Guide that accompanies this file.</dc:description>
  </dublinCore>
</billStatus>

