<?xml version="1.0" encoding="UTF-8"?>
<billStatus>
  <bill>
    <amendments />
    <title>A resolution expressing support for the designation of a "Women's Health Research Day".</title>
    <sponsors>
      <item>
        <fullName>Sen. Duckworth, Tammy [D-IL]</fullName>
        <middleName />
        <firstName>Tammy</firstName>
        <bioguideId>D000622</bioguideId>
        <party>D</party>
        <state>IL</state>
        <lastName>Duckworth</lastName>
        <identifiers>
          <gpoId />
          <lisID>2123</lisID>
          <bioguideId>D000622</bioguideId>
        </identifiers>
        <byRequestType />
      </item>
    </sponsors>
    <cboCostEstimates />
    <laws />
    <version>1.0.0</version>
    <committees>
      <billCommittees>
        <item>
          <type>Standing</type>
          <subcommittees />
          <chamber>Senate</chamber>
          <activities>
            <item>
              <date>2018-01-25T20:43:40Z</date>
              <name>Referred to</name>
            </item>
          </activities>
          <name>Health, Education, Labor, and Pensions Committee</name>
          <systemCode>sshr00</systemCode>
        </item>
      </billCommittees>
    </committees>
    <subjects>
      <billSubjects>
        <policyArea>
          <name>Health</name>
        </policyArea>
        <legislativeSubjects />
      </billSubjects>
    </subjects>
    <cosponsors>
      <item>
        <fullName>Sen. Harris, Kamala D. [D-CA]</fullName>
        <lastName>Harris</lastName>
        <sponsorshipDate>2018-01-25</sponsorshipDate>
        <isOriginalCosponsor>True</isOriginalCosponsor>
        <bioguideId>H001075</bioguideId>
        <party>D</party>
        <middleName>D.</middleName>
        <state>CA</state>
        <sponsorshipWithdrawnDate />
        <firstName>Kamala</firstName>
        <identifiers>
          <bioguideId>H001075</bioguideId>
          <lisID>2301</lisID>
          <gpoId />
        </identifiers>
      </item>
      <item>
        <fullName>Sen. Shaheen, Jeanne [D-NH]</fullName>
        <lastName>Shaheen</lastName>
        <sponsorshipDate>2018-01-25</sponsorshipDate>
        <isOriginalCosponsor>True</isOriginalCosponsor>
        <bioguideId>S001181</bioguideId>
        <party>D</party>
        <middleName />
        <state>NH</state>
        <sponsorshipWithdrawnDate />
        <firstName>Jeanne</firstName>
        <identifiers>
          <bioguideId>S001181</bioguideId>
          <lisID>1901</lisID>
          <gpoId>8276</gpoId>
        </identifiers>
      </item>
      <item>
        <fullName>Sen. Van Hollen, Chris [D-MD]</fullName>
        <lastName>Van Hollen</lastName>
        <sponsorshipDate>2018-01-25</sponsorshipDate>
        <isOriginalCosponsor>True</isOriginalCosponsor>
        <bioguideId>V000128</bioguideId>
        <party>D</party>
        <middleName />
        <state>MD</state>
        <sponsorshipWithdrawnDate />
        <firstName>Chris</firstName>
        <identifiers>
          <lisID>1729</lisID>
          <gpoId>7983</gpoId>
          <bioguideId>V000128</bioguideId>
        </identifiers>
      </item>
      <item>
        <fullName>Sen. Warren, Elizabeth [D-MA]</fullName>
        <lastName>Warren</lastName>
        <sponsorshipDate>2018-01-25</sponsorshipDate>
        <isOriginalCosponsor>True</isOriginalCosponsor>
        <bioguideId>W000817</bioguideId>
        <party>D</party>
        <middleName>A.</middleName>
        <state>MA</state>
        <sponsorshipWithdrawnDate />
        <firstName>Elizabeth</firstName>
        <identifiers>
          <lisID>2182</lisID>
          <bioguideId>W000817</bioguideId>
          <gpoId />
        </identifiers>
      </item>
      <item>
        <fullName>Sen. Durbin, Richard J. [D-IL]</fullName>
        <lastName>DURBIN</lastName>
        <sponsorshipDate>2018-01-25</sponsorshipDate>
        <isOriginalCosponsor>True</isOriginalCosponsor>
        <bioguideId>D000563</bioguideId>
        <party>D</party>
        <middleName>J.</middleName>
        <state>IL</state>
        <sponsorshipWithdrawnDate />
        <firstName>RICHARD</firstName>
        <identifiers>
          <lisID>326</lisID>
          <gpoId>8326</gpoId>
          <bioguideId>D000563</bioguideId>
        </identifiers>
      </item>
      <item>
        <fullName>Sen. Heitkamp, Heidi [D-ND]</fullName>
        <lastName>Heitkamp</lastName>
        <sponsorshipDate>2018-01-25</sponsorshipDate>
        <isOriginalCosponsor>True</isOriginalCosponsor>
        <bioguideId>H001069</bioguideId>
        <party>D</party>
        <middleName />
        <state>ND</state>
        <sponsorshipWithdrawnDate />
        <firstName>Heidi</firstName>
        <identifiers>
          <gpoId />
          <lisID>2174</lisID>
          <bioguideId>H001069</bioguideId>
        </identifiers>
      </item>
      <item>
        <fullName>Sen. Baldwin, Tammy [D-WI]</fullName>
        <lastName>BALDWIN</lastName>
        <sponsorshipDate>2018-01-25</sponsorshipDate>
        <isOriginalCosponsor>True</isOriginalCosponsor>
        <bioguideId>B001230</bioguideId>
        <party>D</party>
        <middleName />
        <state>WI</state>
        <sponsorshipWithdrawnDate />
        <firstName>TAMMY</firstName>
        <identifiers>
          <lisID>1558</lisID>
          <bioguideId>B001230</bioguideId>
          <gpoId>8215</gpoId>
        </identifiers>
      </item>
      <item>
        <fullName>Sen. Stabenow, Debbie [D-MI]</fullName>
        <lastName>STABENOW</lastName>
        <sponsorshipDate>2018-01-25</sponsorshipDate>
        <isOriginalCosponsor>True</isOriginalCosponsor>
        <bioguideId>S000770</bioguideId>
        <party>D</party>
        <middleName>ANN</middleName>
        <state>MI</state>
        <sponsorshipWithdrawnDate />
        <firstName>DEBORAH</firstName>
        <identifiers>
          <bioguideId>S000770</bioguideId>
          <lisID>1531</lisID>
          <gpoId>8261</gpoId>
        </identifiers>
      </item>
      <item>
        <fullName>Sen. Hassan, Margaret Wood [D-NH]</fullName>
        <lastName>Hassan</lastName>
        <sponsorshipDate>2018-01-25</sponsorshipDate>
        <isOriginalCosponsor>True</isOriginalCosponsor>
        <bioguideId>H001076</bioguideId>
        <party>D</party>
        <middleName>Wood</middleName>
        <state>NH</state>
        <sponsorshipWithdrawnDate />
        <firstName>Margaret</firstName>
        <identifiers>
          <bioguideId>H001076</bioguideId>
          <gpoId />
          <lisID>2302</lisID>
        </identifiers>
      </item>
      <item>
        <fullName>Sen. King, Angus S., Jr. [I-ME]</fullName>
        <lastName>King</lastName>
        <sponsorshipDate>2018-01-25</sponsorshipDate>
        <isOriginalCosponsor>True</isOriginalCosponsor>
        <bioguideId>K000383</bioguideId>
        <party>I</party>
        <middleName />
        <state>ME</state>
        <sponsorshipWithdrawnDate />
        <firstName>Angus</firstName>
        <identifiers>
          <lisID>2185</lisID>
          <gpoId />
          <bioguideId>K000383</bioguideId>
        </identifiers>
      </item>
      <item>
        <fullName>Sen. Brown, Sherrod [D-OH]</fullName>
        <lastName>BROWN</lastName>
        <sponsorshipDate>2018-01-25</sponsorshipDate>
        <isOriginalCosponsor>True</isOriginalCosponsor>
        <bioguideId>B000944</bioguideId>
        <party>D</party>
        <middleName />
        <state>OH</state>
        <sponsorshipWithdrawnDate />
        <firstName>SHERROD</firstName>
        <identifiers>
          <lisID>136</lisID>
          <gpoId>8309</gpoId>
          <bioguideId>B000944</bioguideId>
        </identifiers>
      </item>
      <item>
        <fullName>Sen. Cantwell, Maria [D-WA]</fullName>
        <lastName>CANTWELL</lastName>
        <sponsorshipDate>2018-01-25</sponsorshipDate>
        <isOriginalCosponsor>True</isOriginalCosponsor>
        <bioguideId>C000127</bioguideId>
        <party>D</party>
        <middleName />
        <state>WA</state>
        <sponsorshipWithdrawnDate />
        <firstName>MARIA</firstName>
        <identifiers>
          <lisID>172</lisID>
          <bioguideId>C000127</bioguideId>
          <gpoId>8288</gpoId>
        </identifiers>
      </item>
      <item>
        <fullName>Sen. Blumenthal, Richard [D-CT]</fullName>
        <lastName>Blumenthal</lastName>
        <sponsorshipDate>2018-01-25</sponsorshipDate>
        <isOriginalCosponsor>True</isOriginalCosponsor>
        <bioguideId>B001277</bioguideId>
        <party>D</party>
        <middleName />
        <state>CT</state>
        <sponsorshipWithdrawnDate />
        <firstName>Richard</firstName>
        <identifiers>
          <bioguideId>B001277</bioguideId>
          <lisID>2076</lisID>
          <gpoId>8332</gpoId>
        </identifiers>
      </item>
      <item>
        <fullName>Sen. Markey, Edward J. [D-MA]</fullName>
        <lastName>MARKEY</lastName>
        <sponsorshipDate>2018-01-25</sponsorshipDate>
        <isOriginalCosponsor>True</isOriginalCosponsor>
        <bioguideId>M000133</bioguideId>
        <party>D</party>
        <middleName>J.</middleName>
        <state>MA</state>
        <sponsorshipWithdrawnDate />
        <firstName>EDWARD</firstName>
        <identifiers>
          <lisID>735</lisID>
          <bioguideId>M000133</bioguideId>
          <gpoId>7972</gpoId>
        </identifiers>
      </item>
      <item>
        <fullName>Sen. Feinstein, Dianne [D-CA]</fullName>
        <lastName>FEINSTEIN</lastName>
        <sponsorshipDate>2018-01-25</sponsorshipDate>
        <isOriginalCosponsor>True</isOriginalCosponsor>
        <bioguideId>F000062</bioguideId>
        <party>D</party>
        <middleName />
        <state>CA</state>
        <sponsorshipWithdrawnDate />
        <firstName>DIANNE</firstName>
        <identifiers>
          <bioguideId>F000062</bioguideId>
          <lisID>1332</lisID>
          <gpoId>8338</gpoId>
        </identifiers>
      </item>
      <item>
        <fullName>Sen. Hirono, Mazie K. [D-HI]</fullName>
        <lastName>Hirono</lastName>
        <sponsorshipDate>2018-01-25</sponsorshipDate>
        <isOriginalCosponsor>True</isOriginalCosponsor>
        <bioguideId>H001042</bioguideId>
        <party>D</party>
        <middleName>K.</middleName>
        <state>HI</state>
        <sponsorshipWithdrawnDate />
        <firstName>Mazie</firstName>
        <identifiers>
          <gpoId>7913</gpoId>
          <bioguideId>H001042</bioguideId>
          <lisID>1844</lisID>
        </identifiers>
      </item>
      <item>
        <fullName>Sen. Murray, Patty [D-WA]</fullName>
        <lastName>MURRAY</lastName>
        <sponsorshipDate>2018-01-25</sponsorshipDate>
        <isOriginalCosponsor>True</isOriginalCosponsor>
        <bioguideId>M001111</bioguideId>
        <party>D</party>
        <middleName />
        <state>WA</state>
        <sponsorshipWithdrawnDate />
        <firstName>PATTY</firstName>
        <identifiers>
          <bioguideId>M001111</bioguideId>
          <lisID>1409</lisID>
          <gpoId>8237</gpoId>
        </identifiers>
      </item>
      <item>
        <fullName>Sen. Nelson, Bill [D-FL]</fullName>
        <lastName>NELSON</lastName>
        <sponsorshipDate>2018-01-25</sponsorshipDate>
        <isOriginalCosponsor>True</isOriginalCosponsor>
        <bioguideId>N000032</bioguideId>
        <party>D</party>
        <middleName>WILLIAM</middleName>
        <state>FL</state>
        <sponsorshipWithdrawnDate />
        <firstName>CLARENCE</firstName>
        <identifiers>
          <bioguideId>N000032</bioguideId>
          <gpoId>8236</gpoId>
          <lisID>859</lisID>
        </identifiers>
      </item>
    </cosponsors>
    <updateDate>2018-02-27T05:28:32Z</updateDate>
    <originChamber>Senate</originChamber>
    <createDate>2018-01-26T00:26:02Z</createDate>
    <recordedVotes />
    <relatedBills>
      <item>
        <number>706</number>
        <congress>115</congress>
        <relationshipDetails>
          <item>
            <type>Related bill</type>
            <identifiedBy>CRS</identifiedBy>
          </item>
        </relationshipDetails>
        <type>HRES</type>
        <latestTitle>Expressing support for the designation of a "Women's Health Research Day".</latestTitle>
        <latestAction>
          <actionDate>2018-01-26</actionDate>
          <text>Referred to the Subcommittee on Health.</text>
        </latestAction>
      </item>
    </relatedBills>
    <notes />
    <introducedDate>2018-01-25</introducedDate>
    <latestAction>
      <actionDate>2018-01-25</actionDate>
      <text>Referred to the Committee on Health, Education, Labor, and Pensions.</text>
      <links />
    </latestAction>
    <calendarNumbers />
    <billNumber>383</billNumber>
    <policyArea>
      <name>Health</name>
    </policyArea>
    <titles>
      <item>
        <titleType>Official Title as Introduced</titleType>
        <chamberName />
        <parentTitleType />
        <title>A resolution expressing support for the designation of a "Women's Health Research Day".</title>
        <chamberCode />
      </item>
      <item>
        <titleType>Display Title</titleType>
        <chamberName />
        <parentTitleType />
        <title>A resolution expressing support for the designation of a "Women's Health Research Day".</title>
        <chamberCode />
      </item>
    </titles>
    <congress>115</congress>
    <actions>
      <actionByCounts>
        <senate>2</senate>
      </actionByCounts>
      <actionTypeCounts>
        <introducedInSenate>1</introducedInSenate>
        <referredToCommittee>1</referredToCommittee>
      </actionTypeCounts>
      <item>
        <actionDate>2018-01-25</actionDate>
        <committee>
          <name>Health, Education, Labor, and Pensions Committee</name>
          <systemCode>sshr00</systemCode>
        </committee>
        <links />
        <sourceSystem>
          <name>Senate</name>
          <code>0</code>
        </sourceSystem>
        <text>Referred to the Committee on Health, Education, Labor, and Pensions.</text>
        <type>IntroReferral</type>
      </item>
      <item>
        <links />
        <committee />
        <actionDate>2018-01-25</actionDate>
        <text>Introduced in Senate</text>
        <sourceSystem>
          <name>Library of Congress</name>
          <code>9</code>
        </sourceSystem>
        <type>IntroReferral</type>
        <actionCode>10000</actionCode>
      </item>
    </actions>
    <summaries>
      <billSummaries>
        <item>
          <updateDate>2018-01-25T05:00:00Z</updateDate>
          <name>Introduced in Senate</name>
          <lastSummaryUpdateDate>2018-02-21T21:26:54Z</lastSummaryUpdateDate>
          <versionCode>00</versionCode>
          <text><![CDATA[<p>Expresses support for the designation of a Women's Health Research Day. <br /></p> <p>Supports efforts to: (1) recognize the importance of biomedical and clinical research to women's health, (2) increase awareness of the value of sex- and gender-based biomedical research, and (3) encourage individuals to advocate on behalf of sex- and gender-inclusive research.<br /></p>]]></text>
          <actionDate>2018-01-25</actionDate>
          <actionDesc>Introduced in Senate</actionDesc>
        </item>
      </billSummaries>
    </summaries>
    <billType>SRES</billType>
    <committeeReports />
  </bill>
  <dublinCore xmlns:dc="http://purl.org/dc/elements/1.1/">
    <dc:format>text/xml</dc:format>
    <dc:language>EN</dc:language>
    <dc:rights>Pursuant to Title 17 Section 105 of the United States Code, this file is not subject to copyright protection and is in the public domain.</dc:rights>
    <dc:contributor>Congressional Research Service, Library of Congress</dc:contributor>
    <dc:description>This file contains bill summaries and statuses for federal legislation. A bill summary describes the most significant provisions of a piece of legislation and details the effects the legislative text may have on current law and federal programs. Bill summaries are authored by the Congressional Research Service (CRS) of the Library of Congress. As stated in Public Law 91-510 (2 USC 166 (d)(6)), one of the duties of CRS is "to prepare summaries and digests of bills and resolutions of a public general nature introduced in the Senate or House of Representatives". For more information, refer to the User Guide that accompanies this file.</dc:description>
  </dublinCore>
</billStatus>

