<?xml version="1.0" encoding="UTF-8"?>
<billStatus>
  <bill>
    <committeeReports />
    <laws />
    <notes />
    <calendarNumbers />
    <updateDate>2018-02-22T15:29:18Z</updateDate>
    <cosponsors>
      <item>
        <state>AZ</state>
        <party>R</party>
        <fullName>Sen. McCain, John [R-AZ]</fullName>
        <identifiers>
          <lisID>754</lisID>
          <gpoId>8253</gpoId>
          <bioguideId>M000303</bioguideId>
        </identifiers>
        <lastName>MCCAIN</lastName>
        <bioguideId>M000303</bioguideId>
        <isOriginalCosponsor>True</isOriginalCosponsor>
        <sponsorshipWithdrawnDate />
        <firstName>JOHN</firstName>
        <middleName>SIDNEY</middleName>
        <sponsorshipDate>2017-03-07</sponsorshipDate>
      </item>
      <item>
        <state>MD</state>
        <party>D</party>
        <fullName>Sen. Van Hollen, Chris [D-MD]</fullName>
        <identifiers>
          <lisID>1729</lisID>
          <gpoId>7983</gpoId>
          <bioguideId>V000128</bioguideId>
        </identifiers>
        <lastName>Van Hollen</lastName>
        <bioguideId>V000128</bioguideId>
        <isOriginalCosponsor>True</isOriginalCosponsor>
        <sponsorshipWithdrawnDate />
        <firstName>Chris</firstName>
        <middleName />
        <sponsorshipDate>2017-03-07</sponsorshipDate>
      </item>
    </cosponsors>
    <billNumber>82</billNumber>
    <policyArea>
      <name>Education</name>
    </policyArea>
    <committees>
      <billCommittees />
    </committees>
    <title>A resolution congratulating the Johns Hopkins University Applied Physics Laboratory on the 75th anniversary of the founding of the Laboratory.</title>
    <sponsors>
      <item>
        <lastName>CARDIN</lastName>
        <firstName>BENJAMIN</firstName>
        <identifiers>
          <bioguideId>C000141</bioguideId>
          <gpoId>8287</gpoId>
          <lisID>174</lisID>
        </identifiers>
        <party>D</party>
        <byRequestType />
        <middleName>L.</middleName>
        <state>MD</state>
        <bioguideId>C000141</bioguideId>
        <fullName>Sen. Cardin, Benjamin L. [D-MD]</fullName>
      </item>
    </sponsors>
    <latestAction>
      <actionDate>2017-03-07</actionDate>
      <links />
      <text>Submitted in the Senate, considered, and agreed to without amendment and with a preamble by Unanimous Consent. (consideration: CR S1647; text: CR S1646-1647)</text>
    </latestAction>
    <createDate>2017-03-08T05:28:19Z</createDate>
    <billType>SRES</billType>
    <actions>
      <actionByCounts>
        <senate>3</senate>
      </actionByCounts>
      <actionTypeCounts>
        <passedAgreedToInSenate>1</passedAgreedToInSenate>
        <introducedInSenate>1</introducedInSenate>
        <passedOrAgreedToInSenateDayOf>1</passedOrAgreedToInSenateDayOf>
      </actionTypeCounts>
      <item>
        <actionDate>2017-03-07</actionDate>
        <committee />
        <links>
          <link>
            <name>S1646-1647</name>
            <url>https://www.congress.gov/congressional-record/volume-163/senate-section/page/S1646-1647</url>
          </link>
          <link>
            <name>S1647</name>
            <url>https://www.congress.gov/congressional-record/volume-163/senate-section/page/S1647</url>
          </link>
        </links>
        <sourceSystem>
          <name>Senate</name>
          <code>0</code>
        </sourceSystem>
        <text>Submitted in the Senate, considered, and agreed to without amendment and with a preamble by Unanimous Consent. (consideration: CR S1647; text: CR S1646-1647)</text>
        <type>Floor</type>
      </item>
      <item>
        <text>Passed/agreed to in Senate: Submitted in the Senate, considered, and agreed to without amendment and with a preamble by Unanimous Consent.(consideration: CR S1647; text: CR S1646-1647)</text>
        <type>Floor</type>
        <links>
          <link>
            <name>S1646-1647</name>
            <url>https://www.congress.gov/congressional-record/volume-163/senate-section/page/S1646-1647</url>
          </link>
          <link>
            <name>S1647</name>
            <url>https://www.congress.gov/congressional-record/volume-163/senate-section/page/S1647</url>
          </link>
        </links>
        <sourceSystem>
          <name>Library of Congress</name>
          <code>9</code>
        </sourceSystem>
        <actionDate>2017-03-07</actionDate>
        <committee />
        <actionCode>17000</actionCode>
      </item>
      <item>
        <text>Introduced in Senate</text>
        <type>IntroReferral</type>
        <links />
        <sourceSystem>
          <name>Library of Congress</name>
          <code>9</code>
        </sourceSystem>
        <actionDate>2017-03-07</actionDate>
        <committee />
        <actionCode>10000</actionCode>
      </item>
    </actions>
    <subjects>
      <billSubjects>
        <legislativeSubjects>
          <item>
            <name>Commemorative events and holidays</name>
          </item>
          <item>
            <name>Congressional tributes</name>
          </item>
          <item>
            <name>Higher education</name>
          </item>
          <item>
            <name>Maryland</name>
          </item>
          <item>
            <name>Military procurement, research, weapons development</name>
          </item>
          <item>
            <name>Research administration and funding</name>
          </item>
          <item>
            <name>Space flight and exploration</name>
          </item>
        </legislativeSubjects>
        <policyArea>
          <name>Education</name>
        </policyArea>
      </billSubjects>
    </subjects>
    <originChamber>Senate</originChamber>
    <introducedDate>2017-03-07</introducedDate>
    <titles>
      <item>
        <titleType>Official Title as Introduced</titleType>
        <chamberName />
        <title>A resolution congratulating the Johns Hopkins University Applied Physics Laboratory on the 75th anniversary of the founding of the Laboratory.</title>
        <chamberCode />
        <parentTitleType />
      </item>
      <item>
        <titleType>Display Title</titleType>
        <chamberName />
        <title>A resolution congratulating the Johns Hopkins University Applied Physics Laboratory on the 75th anniversary of the founding of the Laboratory.</title>
        <chamberCode />
        <parentTitleType />
      </item>
    </titles>
    <version>1.0.0</version>
    <recordedVotes />
    <relatedBills />
    <cboCostEstimates />
    <summaries>
      <billSummaries>
        <item>
          <updateDate>2017-03-07T05:00:00Z</updateDate>
          <actionDesc>Introduced in Senate</actionDesc>
          <text><![CDATA[<p>Congratulates the Johns Hopkins University Applied Physics Laboratory on the 75th anniversary of the founding of the Laboratory. </p> <p>Recognizes the scientific, engineering, and analytical expertise that the Johns Hopkins University Applied Physics Laboratory has applied to solve many of the most critical challenges faced by the United States in the areas of national security and space exploration. </p> <ul> </ul>]]></text>
          <lastSummaryUpdateDate>2017-03-14T17:49:41Z</lastSummaryUpdateDate>
          <name>Introduced in Senate</name>
          <actionDate>2017-03-07</actionDate>
          <versionCode>00</versionCode>
        </item>
        <item>
          <updateDate>2017-03-07T14:47:13Z</updateDate>
          <actionDesc>Passed Senate without amendment</actionDesc>
          <text><![CDATA[<p>(This measure has not been amended since it was introduced. The summary of that version is repeated here.)</p> <p>Congratulates the Johns Hopkins University Applied Physics Laboratory on the 75th anniversary of the founding of the Laboratory. </p> <p>Recognizes the scientific, engineering, and analytical expertise that the Johns Hopkins University Applied Physics Laboratory has applied to solve many of the most critical challenges faced by the United States in the areas of national security and space exploration. </p> <ul> </ul>]]></text>
          <lastSummaryUpdateDate>2017-06-14T15:25:37Z</lastSummaryUpdateDate>
          <name>Passed Senate without amendment</name>
          <actionDate>2017-03-07</actionDate>
          <versionCode>82</versionCode>
        </item>
      </billSummaries>
    </summaries>
    <amendments />
    <congress>115</congress>
  </bill>
  <dublinCore xmlns:dc="http://purl.org/dc/elements/1.1/">
    <dc:format>text/xml</dc:format>
    <dc:language>EN</dc:language>
    <dc:rights>Pursuant to Title 17 Section 105 of the United States Code, this file is not subject to copyright protection and is in the public domain.</dc:rights>
    <dc:contributor>Congressional Research Service, Library of Congress</dc:contributor>
    <dc:description>This file contains bill summaries and statuses for federal legislation. A bill summary describes the most significant provisions of a piece of legislation and details the effects the legislative text may have on current law and federal programs. Bill summaries are authored by the Congressional Research Service (CRS) of the Library of Congress. As stated in Public Law 91-510 (2 USC 166 (d)(6)), one of the duties of CRS is "to prepare summaries and digests of bills and resolutions of a public general nature introduced in the Senate or House of Representatives". For more information, refer to the User Guide that accompanies this file.</dc:description>
  </dublinCore>
</billStatus>

