<?xml version="1.0" encoding="UTF-8"?>
<billStatus>
  <bill>
    <committeeReports />
    <laws />
    <updateDate>2018-03-01T20:00:11Z</updateDate>
    <notes />
    <billNumber>359</billNumber>
    <introducedDate>2017-12-13</introducedDate>
    <calendarNumbers />
    <title>A resolution commending the Government of Bangladesh for its compassion during the Rohingya humanitarian crisis and commending Pope Francis for his message of peace.</title>
    <originChamber>Senate</originChamber>
    <billType>SRES</billType>
    <actions>
      <actionByCounts>
        <senate>2</senate>
      </actionByCounts>
      <actionTypeCounts>
        <introducedInSenate>1</introducedInSenate>
        <referredToCommittee>1</referredToCommittee>
      </actionTypeCounts>
      <item>
        <actionDate>2017-12-13</actionDate>
        <committee>
          <name>Foreign Relations Committee</name>
          <systemCode>ssfr00</systemCode>
        </committee>
        <links />
        <sourceSystem>
          <name>Senate</name>
          <code>0</code>
        </sourceSystem>
        <text>Referred to the Committee on Foreign Relations.</text>
        <type>IntroReferral</type>
      </item>
      <item>
        <text>Introduced in Senate</text>
        <type>IntroReferral</type>
        <actionDate>2017-12-13</actionDate>
        <links />
        <actionCode>10000</actionCode>
        <committee />
        <sourceSystem>
          <name>Library of Congress</name>
          <code>9</code>
        </sourceSystem>
      </item>
    </actions>
    <version>1.0.0</version>
    <summaries>
      <billSummaries>
        <item>
          <versionCode>00</versionCode>
          <actionDate>2017-12-13</actionDate>
          <actionDesc>Introduced in Senate</actionDesc>
          <text><![CDATA[<p>Commends: (1) the government of Bangladesh for its compassion and tolerance in accepting Rohingya refugees; (2) the United Nations (U.N.) agencies, nongovernmental organization (NGO) partners, and aid workers providing relief to such refugees; and (3) Pope Francis for his remarks about the future of Burma that respects the rule of law, the democratic order, and the dignity and rights of all of its people.</p> <p>Urges the government of Bangladesh to continue to help coordinate critical humanitarian work and ensure ease of access for those carrying out such work.</p> <p>Urges the governments of Bangladesh and Burma to: (1) consult and coordinate with the U.N. High Commissioner for Refugees, the International Organization for Migration, and NGO partners on safe and voluntary repatriation efforts; and (2) address the flaws of the November 23, 2017, Memorandum of Understanding on repatriation through consultation and agreement with the Commissioner.</p> <p>Calls on all parties involved in the repatriation process to reject any actions that could continue or worsen the harsh conditions faced by Rohingya refugees. </p> <ul></ul>]]></text>
          <lastSummaryUpdateDate>2018-03-01T19:55:45Z</lastSummaryUpdateDate>
          <name>Introduced in Senate</name>
          <updateDate>2017-12-13T05:00:00Z</updateDate>
        </item>
      </billSummaries>
    </summaries>
    <committees>
      <billCommittees>
        <item>
          <systemCode>ssfr00</systemCode>
          <activities>
            <item>
              <name>Referred to</name>
              <date>2017-12-13T20:39:51Z</date>
            </item>
          </activities>
          <subcommittees />
          <type>Standing</type>
          <name>Foreign Relations Committee</name>
          <chamber>Senate</chamber>
        </item>
      </billCommittees>
    </committees>
    <createDate>2017-12-14T00:26:17Z</createDate>
    <subjects>
      <billSubjects>
        <legislativeSubjects>
          <item>
            <name>Asia</name>
          </item>
          <item>
            <name>Bangladesh</name>
          </item>
          <item>
            <name>Burma</name>
          </item>
          <item>
            <name>Congressional tributes</name>
          </item>
          <item>
            <name>Detention of persons</name>
          </item>
          <item>
            <name>Diplomacy, foreign officials, Americans abroad</name>
          </item>
          <item>
            <name>Human rights</name>
          </item>
          <item>
            <name>Racial and ethnic relations</name>
          </item>
          <item>
            <name>Refugees, asylum, displaced persons</name>
          </item>
          <item>
            <name>Religion</name>
          </item>
          <item>
            <name>Rule of law and government transparency</name>
          </item>
          <item>
            <name>United Nations</name>
          </item>
        </legislativeSubjects>
        <policyArea>
          <name>International Affairs</name>
        </policyArea>
      </billSubjects>
    </subjects>
    <recordedVotes />
    <congress>115</congress>
    <relatedBills />
    <titles>
      <item>
        <parentTitleType />
        <title>A resolution commending the Government of Bangladesh for its compassion during the Rohingya humanitarian crisis and commending Pope Francis for his message of peace.</title>
        <titleType>Official Title as Introduced</titleType>
        <chamberName />
        <chamberCode />
      </item>
      <item>
        <parentTitleType />
        <title>A resolution commending the Government of Bangladesh for its compassion during the Rohingya humanitarian crisis and commending Pope Francis for his message of peace.</title>
        <titleType>Display Title</titleType>
        <chamberName />
        <chamberCode />
      </item>
    </titles>
    <cboCostEstimates />
    <sponsors>
      <item>
        <lastName>DURBIN</lastName>
        <identifiers>
          <lisID>326</lisID>
          <gpoId>8326</gpoId>
          <bioguideId>D000563</bioguideId>
        </identifiers>
        <party>D</party>
        <firstName>RICHARD</firstName>
        <middleName>J.</middleName>
        <fullName>Sen. Durbin, Richard J. [D-IL]</fullName>
        <bioguideId>D000563</bioguideId>
        <state>IL</state>
        <byRequestType />
      </item>
    </sponsors>
    <latestAction>
      <links />
      <actionDate>2017-12-13</actionDate>
      <text>Referred to the Committee on Foreign Relations.</text>
    </latestAction>
    <amendments />
    <policyArea>
      <name>International Affairs</name>
    </policyArea>
    <cosponsors>
      <item>
        <bioguideId>M001176</bioguideId>
        <firstName>Jeff</firstName>
        <sponsorshipDate>2017-12-13</sponsorshipDate>
        <party>D</party>
        <sponsorshipWithdrawnDate />
        <identifiers>
          <gpoId>8238</gpoId>
          <lisID>1900</lisID>
          <bioguideId>M001176</bioguideId>
        </identifiers>
        <lastName>Merkley</lastName>
        <state>OR</state>
        <isOriginalCosponsor>True</isOriginalCosponsor>
        <fullName>Sen. Merkley, Jeff [D-OR]</fullName>
        <middleName />
      </item>
      <item>
        <bioguideId>F000062</bioguideId>
        <firstName>DIANNE</firstName>
        <sponsorshipDate>2017-12-13</sponsorshipDate>
        <party>D</party>
        <sponsorshipWithdrawnDate />
        <identifiers>
          <lisID>1332</lisID>
          <bioguideId>F000062</bioguideId>
          <gpoId>8338</gpoId>
        </identifiers>
        <lastName>FEINSTEIN</lastName>
        <state>CA</state>
        <isOriginalCosponsor>True</isOriginalCosponsor>
        <fullName>Sen. Feinstein, Dianne [D-CA]</fullName>
        <middleName />
      </item>
      <item>
        <bioguideId>M000133</bioguideId>
        <firstName>EDWARD</firstName>
        <sponsorshipDate>2017-12-13</sponsorshipDate>
        <party>D</party>
        <sponsorshipWithdrawnDate />
        <identifiers>
          <gpoId>7972</gpoId>
          <bioguideId>M000133</bioguideId>
          <lisID>735</lisID>
        </identifiers>
        <lastName>MARKEY</lastName>
        <state>MA</state>
        <isOriginalCosponsor>True</isOriginalCosponsor>
        <fullName>Sen. Markey, Edward J. [D-MA]</fullName>
        <middleName>J.</middleName>
      </item>
      <item>
        <bioguideId>V000128</bioguideId>
        <firstName>Chris</firstName>
        <sponsorshipDate>2017-12-13</sponsorshipDate>
        <party>D</party>
        <sponsorshipWithdrawnDate />
        <identifiers>
          <gpoId>7983</gpoId>
          <lisID>1729</lisID>
          <bioguideId>V000128</bioguideId>
        </identifiers>
        <lastName>Van Hollen</lastName>
        <state>MD</state>
        <isOriginalCosponsor>True</isOriginalCosponsor>
        <fullName>Sen. Van Hollen, Chris [D-MD]</fullName>
        <middleName />
      </item>
    </cosponsors>
  </bill>
  <dublinCore xmlns:dc="http://purl.org/dc/elements/1.1/">
    <dc:format>text/xml</dc:format>
    <dc:language>EN</dc:language>
    <dc:rights>Pursuant to Title 17 Section 105 of the United States Code, this file is not subject to copyright protection and is in the public domain.</dc:rights>
    <dc:contributor>Congressional Research Service, Library of Congress</dc:contributor>
    <dc:description>This file contains bill summaries and statuses for federal legislation. A bill summary describes the most significant provisions of a piece of legislation and details the effects the legislative text may have on current law and federal programs. Bill summaries are authored by the Congressional Research Service (CRS) of the Library of Congress. As stated in Public Law 91-510 (2 USC 166 (d)(6)), one of the duties of CRS is "to prepare summaries and digests of bills and resolutions of a public general nature introduced in the Senate or House of Representatives". For more information, refer to the User Guide that accompanies this file.</dc:description>
  </dublinCore>
</billStatus>

