<?xml version="1.0" encoding="UTF-8"?>
<billStatus>
  <bill>
    <createDate>2017-01-25T04:45:56Z</createDate>
    <congress>115</congress>
    <calendarNumbers />
    <amendments />
    <recordedVotes />
    <cboCostEstimates />
    <updateDate>2018-02-22T15:29:16Z</updateDate>
    <laws />
    <billNumber>21</billNumber>
    <summaries>
      <billSummaries>
        <item>
          <lastSummaryUpdateDate>2017-03-16T18:58:04Z</lastSummaryUpdateDate>
          <text><![CDATA[<p>Authorizes expenditures by the Senate Committee on the Judiciary from March 1, 2017, through February 28, 2019.</p> <p>Limits expenses of such committee to specified amounts from: (1) March 1, 2017, through September 30, 2017, (2) October 1, 2017, through September 30, 2018, and (3) October 1, 2018, through February 28, 2019.</p>]]></text>
          <actionDesc>Introduced in Senate</actionDesc>
          <actionDate>2017-01-24</actionDate>
          <name>Introduced in Senate</name>
          <updateDate>2017-01-24T05:00:00Z</updateDate>
          <versionCode>00</versionCode>
        </item>
        <item>
          <lastSummaryUpdateDate>2017-03-16T18:57:03Z</lastSummaryUpdateDate>
          <text><![CDATA[<p>(This measure has not been amended since it was introduced. The summary of that version is repeated here.)</p> <p>Authorizes expenditures by the Senate Committee on the Judiciary from March 1, 2017, through February 28, 2019.</p> <p>Limits expenses of such committee to specified amounts from: (1) March 1, 2017, through September 30, 2017, (2) October 1, 2017, through September 30, 2018, and (3) October 1, 2018, through February 28, 2019.</p>]]></text>
          <actionDesc>Reported to Senate without amendment</actionDesc>
          <actionDate>2017-01-24</actionDate>
          <name>Reported to Senate without amendment</name>
          <updateDate>2017-01-24T13:51:20Z</updateDate>
          <versionCode>80</versionCode>
        </item>
      </billSummaries>
    </summaries>
    <notes />
    <sponsors>
      <item>
        <firstName>CHARLES</firstName>
        <state>IA</state>
        <lastName>GRASSLEY</lastName>
        <party>R</party>
        <fullName>Sen. Grassley, Chuck [R-IA]</fullName>
        <middleName>ERNEST</middleName>
        <bioguideId>G000386</bioguideId>
        <byRequestType />
        <identifiers>
          <lisID>457</lisID>
          <gpoId>8316</gpoId>
          <bioguideId>G000386</bioguideId>
        </identifiers>
      </item>
    </sponsors>
    <titles>
      <item>
        <chamberName />
        <title>An original resolution authorizing expenditures by the Committee on the Judiciary.</title>
        <titleType>Official Title as Introduced</titleType>
        <chamberCode />
        <parentTitleType />
      </item>
      <item>
        <chamberName />
        <title>An original resolution authorizing expenditures by the Committee on the Judiciary.</title>
        <titleType>Display Title</titleType>
        <chamberCode />
        <parentTitleType />
      </item>
    </titles>
    <committees>
      <billCommittees>
        <item>
          <subcommittees />
          <chamber>Senate</chamber>
          <activities>
            <item>
              <date>2017-01-24T18:56:16Z</date>
              <name>Referred to</name>
            </item>
          </activities>
          <type>Standing</type>
          <name>Rules and Administration Committee</name>
          <systemCode>ssra00</systemCode>
        </item>
        <item>
          <subcommittees />
          <chamber>Senate</chamber>
          <activities>
            <item>
              <date>2017-01-24T18:55:00Z</date>
              <name>Reported original measure</name>
            </item>
          </activities>
          <type>Standing</type>
          <name>Judiciary Committee</name>
          <systemCode>ssju00</systemCode>
        </item>
      </billCommittees>
    </committees>
    <billType>SRES</billType>
    <actions>
      <item>
        <actionDate>2017-01-24</actionDate>
        <committee>
          <systemCode>ssra00</systemCode>
          <name>Rules and Administration Committee</name>
        </committee>
        <links>
          <link>
            <name>S452</name>
            <url>https://www.congress.gov/congressional-record/volume-163/senate-section/page/S452</url>
          </link>
        </links>
        <sourceSystem>
          <code>0</code>
          <name>Senate</name>
        </sourceSystem>
        <text>Referred to the Committee on Rules and Administration. (text of measure as introduced: CR S452)</text>
        <type>IntroReferral</type>
      </item>
      <item>
        <actionDate>2017-01-24</actionDate>
        <committee>
          <systemCode>ssju00</systemCode>
          <name>Judiciary Committee</name>
        </committee>
        <links />
        <sourceSystem>
          <code>0</code>
          <name>Senate</name>
        </sourceSystem>
        <text>Committee on the Judiciary. Original measure reported to Senate by Senator Grassley. Without written report.</text>
        <type>Committee</type>
      </item>
      <item>
        <text>Committee on the Judiciary. Original measure reported to Senate by Senator Grassley. Without written report.</text>
        <actionCode>14000</actionCode>
        <committee>
          <systemCode>ssju00</systemCode>
          <name>Judiciary Committee</name>
        </committee>
        <actionDate>2017-01-24</actionDate>
        <type>Committee</type>
        <sourceSystem>
          <code>9</code>
          <name>Library of Congress</name>
        </sourceSystem>
        <links />
      </item>
      <item>
        <text>Introduced in Senate</text>
        <actionCode>10000</actionCode>
        <committee />
        <actionDate>2017-01-24</actionDate>
        <type>IntroReferral</type>
        <sourceSystem>
          <code>9</code>
          <name>Library of Congress</name>
        </sourceSystem>
        <links />
      </item>
      <actionByCounts>
        <senate>4</senate>
      </actionByCounts>
      <actionTypeCounts>
        <originalBillReported>1</originalBillReported>
        <introducedInSenate>1</introducedInSenate>
        <referredToCommittee>1</referredToCommittee>
        <reportedToSenate>1</reportedToSenate>
      </actionTypeCounts>
    </actions>
    <committeeReports />
    <version>1.0.0</version>
    <originChamber>Senate</originChamber>
    <subjects>
      <billSubjects>
        <policyArea>
          <name>Congress</name>
        </policyArea>
        <legislativeSubjects>
          <item>
            <name>Congressional committees</name>
          </item>
          <item>
            <name>Senate Committee on the Judiciary</name>
          </item>
        </legislativeSubjects>
      </billSubjects>
    </subjects>
    <title>An original resolution authorizing expenditures by the Committee on the Judiciary.</title>
    <introducedDate>2017-01-24</introducedDate>
    <cosponsors />
    <latestAction>
      <links />
      <text>Referred to the Committee on Rules and Administration. (text of measure as introduced: CR S452)</text>
      <actionDate>2017-01-24</actionDate>
    </latestAction>
    <policyArea>
      <name>Congress</name>
    </policyArea>
    <relatedBills />
  </bill>
  <dublinCore xmlns:dc="http://purl.org/dc/elements/1.1/">
    <dc:format>text/xml</dc:format>
    <dc:language>EN</dc:language>
    <dc:rights>Pursuant to Title 17 Section 105 of the United States Code, this file is not subject to copyright protection and is in the public domain.</dc:rights>
    <dc:contributor>Congressional Research Service, Library of Congress</dc:contributor>
    <dc:description>This file contains bill summaries and statuses for federal legislation. A bill summary describes the most significant provisions of a piece of legislation and details the effects the legislative text may have on current law and federal programs. Bill summaries are authored by the Congressional Research Service (CRS) of the Library of Congress. As stated in Public Law 91-510 (2 USC 166 (d)(6)), one of the duties of CRS is "to prepare summaries and digests of bills and resolutions of a public general nature introduced in the Senate or House of Representatives". For more information, refer to the User Guide that accompanies this file.</dc:description>
  </dublinCore>
</billStatus>

