<?xml version="1.0" encoding="UTF-8"?>
<billStatus>
  <bill>
    <policyArea>
      <name>Health</name>
    </policyArea>
    <introducedDate>2017-02-06</introducedDate>
    <cosponsors>
      <item>
        <fullName>Sen. Klobuchar, Amy [D-MN]</fullName>
        <lastName>Klobuchar</lastName>
        <bioguideId>K000367</bioguideId>
        <isOriginalCosponsor>True</isOriginalCosponsor>
        <middleName />
        <state>MN</state>
        <firstName>Amy</firstName>
        <sponsorshipDate>2017-02-06</sponsorshipDate>
        <sponsorshipWithdrawnDate />
        <party>D</party>
        <identifiers>
          <gpoId>8249</gpoId>
          <lisID>1826</lisID>
          <bioguideId>K000367</bioguideId>
        </identifiers>
      </item>
      <item>
        <fullName>Sen. Whitehouse, Sheldon [D-RI]</fullName>
        <lastName>Whitehouse</lastName>
        <bioguideId>W000802</bioguideId>
        <isOriginalCosponsor>False</isOriginalCosponsor>
        <middleName />
        <state>RI</state>
        <firstName>Sheldon</firstName>
        <sponsorshipDate>2017-03-28</sponsorshipDate>
        <sponsorshipWithdrawnDate />
        <party>D</party>
        <identifiers>
          <bioguideId>W000802</bioguideId>
          <gpoId>8264</gpoId>
          <lisID>1823</lisID>
        </identifiers>
      </item>
      <item>
        <fullName>Sen. Warren, Elizabeth [D-MA]</fullName>
        <lastName>Warren</lastName>
        <bioguideId>W000817</bioguideId>
        <isOriginalCosponsor>False</isOriginalCosponsor>
        <middleName>A.</middleName>
        <state>MA</state>
        <firstName>Elizabeth</firstName>
        <sponsorshipDate>2017-06-15</sponsorshipDate>
        <sponsorshipWithdrawnDate />
        <party>D</party>
        <identifiers>
          <lisID>2182</lisID>
          <gpoId />
          <bioguideId>W000817</bioguideId>
        </identifiers>
      </item>
      <item>
        <fullName>Sen. Capito, Shelley Moore [R-WV]</fullName>
        <lastName>CAPITO</lastName>
        <bioguideId>C001047</bioguideId>
        <isOriginalCosponsor>False</isOriginalCosponsor>
        <middleName>MOORE</middleName>
        <state>WV</state>
        <firstName>SHELLEY</firstName>
        <sponsorshipDate>2017-11-15</sponsorshipDate>
        <sponsorshipWithdrawnDate />
        <party>R</party>
        <identifiers>
          <bioguideId>C001047</bioguideId>
          <gpoId>8223</gpoId>
          <lisID>1676</lisID>
        </identifiers>
      </item>
    </cosponsors>
    <congress>115</congress>
    <recordedVotes />
    <amendments />
    <laws />
    <cboCostEstimates />
    <actions>
      <actionTypeCounts>
        <introducedInSenate>1</introducedInSenate>
        <referredToCommittee>1</referredToCommittee>
      </actionTypeCounts>
      <item>
        <actionDate>2017-02-06</actionDate>
        <committee>
          <systemCode>sshr00</systemCode>
          <name>Health, Education, Labor, and Pensions Committee</name>
        </committee>
        <links>
          <link>
            <name>S747-748</name>
            <url>https://www.congress.gov/congressional-record/volume-163/senate-section/page/S747-748</url>
          </link>
        </links>
        <sourceSystem>
          <name>Senate</name>
          <code>0</code>
        </sourceSystem>
        <text>Referred to the Committee on Health, Education, Labor, and Pensions. (text of measure as introduced: CR S747-748)</text>
        <type>IntroReferral</type>
      </item>
      <item>
        <type>IntroReferral</type>
        <links />
        <text>Introduced in Senate</text>
        <committee />
        <actionDate>2017-02-06</actionDate>
        <sourceSystem>
          <name>Library of Congress</name>
          <code>9</code>
        </sourceSystem>
        <actionCode>10000</actionCode>
      </item>
      <actionByCounts>
        <senate>2</senate>
      </actionByCounts>
    </actions>
    <latestAction>
      <text>Referred to the Committee on Health, Education, Labor, and Pensions. (text of measure as introduced: CR S747-748)</text>
      <actionDate>2017-02-06</actionDate>
      <links />
    </latestAction>
    <titles>
      <item>
        <parentTitleType />
        <chamberCode />
        <chamberName />
        <titleType>Official Title as Introduced</titleType>
        <title>A resolution declaring that achieving the primary goal of the National Plan to Address Alzheimer's Disease of the Department of Health and Human Services to prevent and effectively treat Alzheimer's disease by 2025 is an urgent national priority.</title>
      </item>
      <item>
        <parentTitleType />
        <chamberCode />
        <chamberName />
        <titleType>Display Title</titleType>
        <title>A resolution declaring that achieving the primary goal of the National Plan to Address Alzheimer's Disease of the Department of Health and Human Services to prevent and effectively treat Alzheimer's disease by 2025 is an urgent national priority.</title>
      </item>
    </titles>
    <summaries>
      <billSummaries>
        <item>
          <text><![CDATA[<p>Expresses the Senate's commitment to strengthening the quality of care and expanding support for individuals with Alzheimer's disease and related dementias and family caregivers. </p> <p>Declares that: (1) achieving the primary goal of the National Plan to Address Alzheimer's Disease to prevent and effectively treat Alzheimer's by 2025 is an urgent national priority, and (2) bold action and considerable increases in funding are necessary to meet that goal.</p> <p>Encourages: (1) greater collaboration between governments to advance a global Alzheimer's and dementia research plan; (2) innovative public-private partnerships, financing tools, incentives, and other mechanisms to accelerate the pursuit of disease-modifying therapies.</p> <p> Calls for: (1) doubling the funding for Alzheimer's research in FY2017; and (2) developing a plan for FY2018-FY2021 to meet the target of the Advisory Council on Alzheimer's Research, Care, and Services for the United States to spend $2 billion each year on Alzheimer's research.</p>]]></text>
          <name>Introduced in Senate</name>
          <lastSummaryUpdateDate>2017-02-13T19:49:01Z</lastSummaryUpdateDate>
          <versionCode>00</versionCode>
          <actionDesc>Introduced in Senate</actionDesc>
          <updateDate>2017-02-06T05:00:00Z</updateDate>
          <actionDate>2017-02-06</actionDate>
        </item>
      </billSummaries>
    </summaries>
    <title>A resolution declaring that achieving the primary goal of the National Plan to Address Alzheimer's Disease of the Department of Health and Human Services to prevent and effectively treat Alzheimer's disease by 2025 is an urgent national priority.</title>
    <calendarNumbers />
    <originChamber>Senate</originChamber>
    <updateDate>2018-02-06T16:43:58Z</updateDate>
    <notes />
    <billType>SRES</billType>
    <committees>
      <billCommittees>
        <item>
          <chamber>Senate</chamber>
          <name>Health, Education, Labor, and Pensions Committee</name>
          <systemCode>sshr00</systemCode>
          <type>Standing</type>
          <subcommittees />
          <activities>
            <item>
              <name>Referred to</name>
              <date>2017-02-06T17:39:54Z</date>
            </item>
          </activities>
        </item>
      </billCommittees>
    </committees>
    <relatedBills />
    <committeeReports />
    <billNumber>49</billNumber>
    <sponsors>
      <item>
        <byRequestType />
        <state>ME</state>
        <bioguideId>C001035</bioguideId>
        <identifiers>
          <lisID>1541</lisID>
          <bioguideId>C001035</bioguideId>
          <gpoId>8291</gpoId>
        </identifiers>
        <fullName>Sen. Collins, Susan M. [R-ME]</fullName>
        <lastName>COLLINS</lastName>
        <firstName>SUSAN</firstName>
        <middleName>MARGARET</middleName>
        <party>R</party>
      </item>
    </sponsors>
    <createDate>2017-02-07T09:43:10Z</createDate>
    <version>1.0.0</version>
    <subjects>
      <billSubjects>
        <legislativeSubjects>
          <item>
            <name>Aging</name>
          </item>
          <item>
            <name>Health programs administration and funding</name>
          </item>
          <item>
            <name>Health promotion and preventive care</name>
          </item>
          <item>
            <name>International organizations and cooperation</name>
          </item>
          <item>
            <name>Medical research</name>
          </item>
          <item>
            <name>Neurological disorders</name>
          </item>
          <item>
            <name>Public-private cooperation</name>
          </item>
          <item>
            <name>Research administration and funding</name>
          </item>
        </legislativeSubjects>
        <policyArea>
          <name>Health</name>
        </policyArea>
      </billSubjects>
    </subjects>
  </bill>
  <dublinCore xmlns:dc="http://purl.org/dc/elements/1.1/">
    <dc:format>text/xml</dc:format>
    <dc:language>EN</dc:language>
    <dc:rights>Pursuant to Title 17 Section 105 of the United States Code, this file is not subject to copyright protection and is in the public domain.</dc:rights>
    <dc:contributor>Congressional Research Service, Library of Congress</dc:contributor>
    <dc:description>This file contains bill summaries and statuses for federal legislation. A bill summary describes the most significant provisions of a piece of legislation and details the effects the legislative text may have on current law and federal programs. Bill summaries are authored by the Congressional Research Service (CRS) of the Library of Congress. As stated in Public Law 91-510 (2 USC 166 (d)(6)), one of the duties of CRS is "to prepare summaries and digests of bills and resolutions of a public general nature introduced in the Senate or House of Representatives". For more information, refer to the User Guide that accompanies this file.</dc:description>
  </dublinCore>
</billStatus>

