<?xml version="1.0" encoding="UTF-8"?>
<billStatus>
  <bill>
    <relatedBills />
    <originChamber>Senate</originChamber>
    <recordedVotes />
    <latestAction>
      <text>Submitted in the Senate, considered, and agreed to without amendment and with a preamble by Unanimous Consent. (consideration: CR S3048; text as passed Senate: CR S3045)</text>
      <links />
      <actionDate>2017-05-18</actionDate>
    </latestAction>
    <createDate>2017-05-19T00:26:37Z</createDate>
    <title>A resolution designating May 2017 as "Older Americans Month".</title>
    <summaries>
      <billSummaries>
        <item>
          <versionCode>00</versionCode>
          <updateDate>2017-05-18T04:00:00Z</updateDate>
          <actionDesc>Introduced in Senate</actionDesc>
          <lastSummaryUpdateDate>2017-08-26T18:21:03Z</lastSummaryUpdateDate>
          <actionDate>2017-05-18</actionDate>
          <name>Introduced in Senate</name>
          <text><![CDATA[<p>Designates May 2017 as Older Americans Month.</p>]]></text>
        </item>
        <item>
          <versionCode>82</versionCode>
          <updateDate>2017-05-18T11:03:12Z</updateDate>
          <actionDesc>Passed Senate without amendment</actionDesc>
          <lastSummaryUpdateDate>2017-09-11T18:03:56Z</lastSummaryUpdateDate>
          <actionDate>2017-05-18</actionDate>
          <name>Passed Senate without amendment</name>
          <text><![CDATA[<p>(This measure has not been amended since it was introduced. The summary of that version is repeated here.)</p> <p>Designates May 2017 as Older Americans Month.</p>]]></text>
        </item>
      </billSummaries>
    </summaries>
    <actions>
      <actionByCounts>
        <senate>3</senate>
      </actionByCounts>
      <actionTypeCounts>
        <introducedInSenate>1</introducedInSenate>
        <passedAgreedToInSenate>1</passedAgreedToInSenate>
        <passedOrAgreedToInSenateDayOf>1</passedOrAgreedToInSenateDayOf>
      </actionTypeCounts>
      <item>
        <actionDate>2017-05-18</actionDate>
        <committee />
        <links>
          <link>
            <name>S3045</name>
            <url>https://www.congress.gov/congressional-record/volume-163/senate-section/page/S3045</url>
          </link>
          <link>
            <name>S3048</name>
            <url>https://www.congress.gov/congressional-record/volume-163/senate-section/page/S3048</url>
          </link>
        </links>
        <sourceSystem>
          <code>0</code>
          <name>Senate</name>
        </sourceSystem>
        <text>Submitted in the Senate, considered, and agreed to without amendment and with a preamble by Unanimous Consent. (consideration: CR S3048; text as passed Senate: CR S3045)</text>
        <type>Floor</type>
      </item>
      <item>
        <text>Passed/agreed to in Senate: Submitted in the Senate, considered, and agreed to without amendment and with a preamble by Unanimous Consent.(consideration: CR S3048; text as passed Senate: CR S3045)</text>
        <links>
          <link>
            <name>S3045</name>
            <url>https://www.congress.gov/congressional-record/volume-163/senate-section/page/S3045</url>
          </link>
          <link>
            <name>S3048</name>
            <url>https://www.congress.gov/congressional-record/volume-163/senate-section/page/S3048</url>
          </link>
        </links>
        <sourceSystem>
          <code>9</code>
          <name>Library of Congress</name>
        </sourceSystem>
        <actionCode>17000</actionCode>
        <type>Floor</type>
        <committee />
        <actionDate>2017-05-18</actionDate>
      </item>
      <item>
        <text>Introduced in Senate</text>
        <links />
        <sourceSystem>
          <code>9</code>
          <name>Library of Congress</name>
        </sourceSystem>
        <actionCode>10000</actionCode>
        <type>IntroReferral</type>
        <committee />
        <actionDate>2017-05-18</actionDate>
      </item>
    </actions>
    <updateDate>2018-02-06T16:44:08Z</updateDate>
    <amendments />
    <notes />
    <sponsors>
      <item>
        <bioguideId>C001035</bioguideId>
        <middleName>MARGARET</middleName>
        <byRequestType />
        <firstName>SUSAN</firstName>
        <lastName>COLLINS</lastName>
        <state>ME</state>
        <party>R</party>
        <identifiers>
          <bioguideId>C001035</bioguideId>
          <lisID>1541</lisID>
          <gpoId>8291</gpoId>
        </identifiers>
        <fullName>Sen. Collins, Susan M. [R-ME]</fullName>
      </item>
    </sponsors>
    <committees>
      <billCommittees />
    </committees>
    <cosponsors>
      <item>
        <isOriginalCosponsor>True</isOriginalCosponsor>
        <fullName>Sen. Casey, Robert P., Jr. [D-PA]</fullName>
        <firstName>Bob</firstName>
        <identifiers>
          <gpoId>8282</gpoId>
          <lisID>1828</lisID>
          <bioguideId>C001070</bioguideId>
        </identifiers>
        <party>D</party>
        <sponsorshipDate>2017-05-18</sponsorshipDate>
        <lastName>Casey</lastName>
        <bioguideId>C001070</bioguideId>
        <state>PA</state>
        <middleName />
        <sponsorshipWithdrawnDate />
      </item>
      <item>
        <isOriginalCosponsor>True</isOriginalCosponsor>
        <fullName>Sen. Flake, Jeff [R-AZ]</fullName>
        <firstName>JEFF</firstName>
        <identifiers>
          <lisID>1633</lisID>
          <gpoId>7803</gpoId>
          <bioguideId>F000444</bioguideId>
        </identifiers>
        <party>R</party>
        <sponsorshipDate>2017-05-18</sponsorshipDate>
        <lastName>FLAKE</lastName>
        <bioguideId>F000444</bioguideId>
        <state>AZ</state>
        <middleName />
        <sponsorshipWithdrawnDate />
      </item>
      <item>
        <isOriginalCosponsor>True</isOriginalCosponsor>
        <fullName>Sen. Nelson, Bill [D-FL]</fullName>
        <firstName>CLARENCE</firstName>
        <identifiers>
          <bioguideId>N000032</bioguideId>
          <gpoId>8236</gpoId>
          <lisID>859</lisID>
        </identifiers>
        <party>D</party>
        <sponsorshipDate>2017-05-18</sponsorshipDate>
        <lastName>NELSON</lastName>
        <bioguideId>N000032</bioguideId>
        <state>FL</state>
        <middleName>WILLIAM</middleName>
        <sponsorshipWithdrawnDate />
      </item>
      <item>
        <isOriginalCosponsor>True</isOriginalCosponsor>
        <fullName>Sen. Rubio, Marco [R-FL]</fullName>
        <firstName>Marco</firstName>
        <identifiers>
          <lisID>2084</lisID>
          <bioguideId>R000595</bioguideId>
          <gpoId>8242</gpoId>
        </identifiers>
        <party>R</party>
        <sponsorshipDate>2017-05-18</sponsorshipDate>
        <lastName>Rubio</lastName>
        <bioguideId>R000595</bioguideId>
        <state>FL</state>
        <middleName />
        <sponsorshipWithdrawnDate />
      </item>
      <item>
        <isOriginalCosponsor>True</isOriginalCosponsor>
        <fullName>Sen. Warren, Elizabeth [D-MA]</fullName>
        <firstName>Elizabeth</firstName>
        <identifiers>
          <bioguideId>W000817</bioguideId>
          <gpoId />
          <lisID>2182</lisID>
        </identifiers>
        <party>D</party>
        <sponsorshipDate>2017-05-18</sponsorshipDate>
        <lastName>Warren</lastName>
        <bioguideId>W000817</bioguideId>
        <state>MA</state>
        <middleName>A.</middleName>
        <sponsorshipWithdrawnDate />
      </item>
      <item>
        <isOriginalCosponsor>True</isOriginalCosponsor>
        <fullName>Sen. Fischer, Deb [R-NE]</fullName>
        <firstName>Deb</firstName>
        <identifiers>
          <bioguideId>F000463</bioguideId>
          <lisID>2179</lisID>
          <gpoId />
        </identifiers>
        <party>R</party>
        <sponsorshipDate>2017-05-18</sponsorshipDate>
        <lastName>Fischer</lastName>
        <bioguideId>F000463</bioguideId>
        <state>NE</state>
        <middleName />
        <sponsorshipWithdrawnDate />
      </item>
      <item>
        <isOriginalCosponsor>True</isOriginalCosponsor>
        <fullName>Sen. Donnelly, Joe [D-IN]</fullName>
        <firstName>Joe</firstName>
        <identifiers>
          <bioguideId>D000607</bioguideId>
          <lisID>1850</lisID>
          <gpoId>7941</gpoId>
        </identifiers>
        <party>D</party>
        <sponsorshipDate>2017-05-18</sponsorshipDate>
        <lastName>Donnelly</lastName>
        <bioguideId>D000607</bioguideId>
        <state>IN</state>
        <middleName />
        <sponsorshipWithdrawnDate />
      </item>
      <item>
        <isOriginalCosponsor>True</isOriginalCosponsor>
        <fullName>Sen. Burr, Richard [R-NC]</fullName>
        <firstName>RICHARD</firstName>
        <identifiers>
          <bioguideId>B001135</bioguideId>
          <lisID>153</lisID>
          <gpoId>8286</gpoId>
        </identifiers>
        <party>R</party>
        <sponsorshipDate>2017-05-18</sponsorshipDate>
        <lastName>BURR</lastName>
        <bioguideId>B001135</bioguideId>
        <state>NC</state>
        <middleName />
        <sponsorshipWithdrawnDate />
      </item>
      <item>
        <isOriginalCosponsor>True</isOriginalCosponsor>
        <fullName>Sen. Blumenthal, Richard [D-CT]</fullName>
        <firstName>Richard</firstName>
        <identifiers>
          <gpoId>8332</gpoId>
          <lisID>2076</lisID>
          <bioguideId>B001277</bioguideId>
        </identifiers>
        <party>D</party>
        <sponsorshipDate>2017-05-18</sponsorshipDate>
        <lastName>Blumenthal</lastName>
        <bioguideId>B001277</bioguideId>
        <state>CT</state>
        <middleName />
        <sponsorshipWithdrawnDate />
      </item>
      <item>
        <isOriginalCosponsor>True</isOriginalCosponsor>
        <fullName>Sen. Cortez Masto, Catherine  [D-NV]</fullName>
        <firstName>Catherine</firstName>
        <identifiers>
          <lisID>2299</lisID>
          <gpoId />
          <bioguideId>C001113</bioguideId>
        </identifiers>
        <party>D</party>
        <sponsorshipDate>2017-05-18</sponsorshipDate>
        <lastName>Cortez Masto</lastName>
        <bioguideId>C001113</bioguideId>
        <state>NV</state>
        <middleName />
        <sponsorshipWithdrawnDate />
      </item>
      <item>
        <isOriginalCosponsor>True</isOriginalCosponsor>
        <fullName>Sen. Gillibrand, Kirsten E. [D-NY]</fullName>
        <firstName>Kirsten</firstName>
        <identifiers>
          <lisID>1866</lisID>
          <gpoId>8336</gpoId>
          <bioguideId>G000555</bioguideId>
        </identifiers>
        <party>D</party>
        <sponsorshipDate>2017-05-18</sponsorshipDate>
        <lastName>Gillibrand</lastName>
        <bioguideId>G000555</bioguideId>
        <state>NY</state>
        <middleName>E.</middleName>
        <sponsorshipWithdrawnDate />
      </item>
      <item>
        <isOriginalCosponsor>True</isOriginalCosponsor>
        <fullName>Sen. Whitehouse, Sheldon [D-RI]</fullName>
        <firstName>Sheldon</firstName>
        <identifiers>
          <gpoId>8264</gpoId>
          <bioguideId>W000802</bioguideId>
          <lisID>1823</lisID>
        </identifiers>
        <party>D</party>
        <sponsorshipDate>2017-05-18</sponsorshipDate>
        <lastName>Whitehouse</lastName>
        <bioguideId>W000802</bioguideId>
        <state>RI</state>
        <middleName />
        <sponsorshipWithdrawnDate />
      </item>
    </cosponsors>
    <laws />
    <policyArea>
      <name>Health</name>
    </policyArea>
    <cboCostEstimates />
    <billNumber>172</billNumber>
    <congress>115</congress>
    <version>1.0.0</version>
    <introducedDate>2017-05-18</introducedDate>
    <committeeReports />
    <titles>
      <item>
        <parentTitleType />
        <chamberCode />
        <chamberName />
        <titleType>Official Title as Introduced</titleType>
        <title>A resolution designating May 2017 as "Older Americans Month".</title>
      </item>
      <item>
        <parentTitleType />
        <chamberCode />
        <chamberName />
        <titleType>Display Title</titleType>
        <title>A resolution designating May 2017 as "Older Americans Month".</title>
      </item>
    </titles>
    <calendarNumbers />
    <subjects>
      <billSubjects>
        <policyArea>
          <name>Health</name>
        </policyArea>
        <legislativeSubjects>
          <item>
            <name>Aging</name>
          </item>
          <item>
            <name>Commemorative events and holidays</name>
          </item>
        </legislativeSubjects>
      </billSubjects>
    </subjects>
    <billType>SRES</billType>
  </bill>
  <dublinCore xmlns:dc="http://purl.org/dc/elements/1.1/">
    <dc:format>text/xml</dc:format>
    <dc:language>EN</dc:language>
    <dc:rights>Pursuant to Title 17 Section 105 of the United States Code, this file is not subject to copyright protection and is in the public domain.</dc:rights>
    <dc:contributor>Congressional Research Service, Library of Congress</dc:contributor>
    <dc:description>This file contains bill summaries and statuses for federal legislation. A bill summary describes the most significant provisions of a piece of legislation and details the effects the legislative text may have on current law and federal programs. Bill summaries are authored by the Congressional Research Service (CRS) of the Library of Congress. As stated in Public Law 91-510 (2 USC 166 (d)(6)), one of the duties of CRS is "to prepare summaries and digests of bills and resolutions of a public general nature introduced in the Senate or House of Representatives". For more information, refer to the User Guide that accompanies this file.</dc:description>
  </dublinCore>
</billStatus>

