<?xml version="1.0" encoding="UTF-8"?>
<billStatus>
  <bill>
    <cboCostEstimates />
    <summaries>
      <billSummaries>
        <item>
          <text><![CDATA[<p>Designates February 2017 as American Heart Month and February 3, 2017, as National Wear Red Day.</p> <p>Recognizes and reaffirms the commitment to fighting heart disease and stroke by promoting awareness of causes, risks, and prevention, supporting research, and expanding access to medical treatment.</p> <p>Encourages individuals to learn about their risk for heart disease.</p>]]></text>
          <lastSummaryUpdateDate>2017-02-14T19:12:23Z</lastSummaryUpdateDate>
          <versionCode>00</versionCode>
          <actionDate>2017-02-03</actionDate>
          <actionDesc>Introduced in Senate</actionDesc>
          <updateDate>2017-02-03T05:00:00Z</updateDate>
          <name>Introduced in Senate</name>
        </item>
        <item>
          <text><![CDATA[<p>(This measure has not been amended since it was introduced. The summary of that version is repeated here.)</p> <p>Designates February 2017 as American Heart Month and February 3, 2017, as National Wear Red Day.</p> <p>Recognizes and reaffirms the commitment to fighting heart disease and stroke by promoting awareness of causes, risks, and prevention, supporting research, and expanding access to medical treatment.</p> <p>Encourages individuals to learn about their risk for heart disease.</p>]]></text>
          <lastSummaryUpdateDate>2017-02-16T14:54:23Z</lastSummaryUpdateDate>
          <versionCode>82</versionCode>
          <actionDate>2017-02-10</actionDate>
          <actionDesc>Passed Senate without amendment</actionDesc>
          <updateDate>2017-02-10T14:36:48Z</updateDate>
          <name>Passed Senate without amendment</name>
        </item>
      </billSummaries>
    </summaries>
    <billNumber>45</billNumber>
    <actions>
      <actionByCounts>
        <senate>6</senate>
      </actionByCounts>
      <item>
        <actionDate>2017-02-10</actionDate>
        <committee />
        <links />
        <sourceSystem>
          <code>0</code>
          <name>Senate</name>
        </sourceSystem>
        <text>Resolution agreed to in Senate without amendment and with a preamble by Unanimous Consent.</text>
        <type>Floor</type>
      </item>
      <item>
        <sourceSystem>
          <code>9</code>
          <name>Library of Congress</name>
        </sourceSystem>
        <type>Floor</type>
        <links />
        <actionDate>2017-02-10</actionDate>
        <committee />
        <actionCode>17000</actionCode>
        <text>Passed/agreed to in Senate: Resolution agreed to in Senate without amendment and with a preamble by Unanimous Consent.</text>
      </item>
      <item>
        <actionDate>2017-02-10</actionDate>
        <committee>
          <systemCode>ssju00</systemCode>
          <name>Judiciary Committee</name>
        </committee>
        <links>
          <link>
            <url>https://www.congress.gov/congressional-record/volume-163/senate-section/page/S1092</url>
            <name>S1092</name>
          </link>
        </links>
        <sourceSystem>
          <code>0</code>
          <name>Senate</name>
        </sourceSystem>
        <text>Senate Committee on the Judiciary discharged by Unanimous Consent. (consideration: CR S1092)</text>
        <type>Discharge</type>
      </item>
      <item>
        <sourceSystem>
          <code>9</code>
          <name>Library of Congress</name>
        </sourceSystem>
        <type>Committee</type>
        <links>
          <link>
            <url>https://www.congress.gov/congressional-record/volume-163/senate-section/page/S1092</url>
            <name>S1092</name>
          </link>
        </links>
        <actionDate>2017-02-10</actionDate>
        <committee>
          <systemCode>ssju00</systemCode>
          <name>Judiciary Committee</name>
        </committee>
        <actionCode>14500</actionCode>
        <text>Senate Committee on the Judiciary discharged by Unanimous Consent.(consideration: CR S1092)</text>
      </item>
      <item>
        <actionDate>2017-02-03</actionDate>
        <committee>
          <systemCode>ssju00</systemCode>
          <name>Judiciary Committee</name>
        </committee>
        <links>
          <link>
            <url>https://www.congress.gov/congressional-record/volume-163/senate-section/page/S681-682</url>
            <name>S681-682</name>
          </link>
        </links>
        <sourceSystem>
          <code>0</code>
          <name>Senate</name>
        </sourceSystem>
        <text>Referred to the Committee on the Judiciary. (text of measure as introduced: CR S681-682)</text>
        <type>IntroReferral</type>
      </item>
      <item>
        <sourceSystem>
          <code>9</code>
          <name>Library of Congress</name>
        </sourceSystem>
        <type>IntroReferral</type>
        <links />
        <actionDate>2017-02-03</actionDate>
        <committee />
        <actionCode>10000</actionCode>
        <text>Introduced in Senate</text>
      </item>
      <actionTypeCounts>
        <senateCommitteeDischarged>1</senateCommitteeDischarged>
        <agreedToInSenate>1</agreedToInSenate>
        <committeeDischarged>1</committeeDischarged>
        <introducedInSenate>1</introducedInSenate>
        <referredToCommittee>1</referredToCommittee>
        <passedAgreedToInSenate>1</passedAgreedToInSenate>
      </actionTypeCounts>
    </actions>
    <recordedVotes />
    <relatedBills>
      <item>
        <relationshipDetails>
          <item>
            <type>Related bill</type>
            <identifiedBy>CRS</identifiedBy>
          </item>
        </relationshipDetails>
        <latestAction>
          <actionDate>2018-02-12</actionDate>
          <text>Submitted in the Senate, considered, and agreed to without amendment and with a preamble by Unanimous Consent. (consideration: CR S887; text: CR S878)</text>
        </latestAction>
        <latestTitle>A resolution designating February 2018 as "American Heart Month" and February 2, 2018, as "National Wear Red Day".</latestTitle>
        <congress>115</congress>
        <type>SRES</type>
        <number>403</number>
      </item>
    </relatedBills>
    <committeeReports />
    <congress>115</congress>
    <updateDate>2018-02-19T04:08:56Z</updateDate>
    <createDate>2017-02-04T05:07:07Z</createDate>
    <sponsors>
      <item>
        <firstName>Mazie</firstName>
        <byRequestType />
        <bioguideId>H001042</bioguideId>
        <identifiers>
          <lisID>1844</lisID>
          <gpoId>7913</gpoId>
          <bioguideId>H001042</bioguideId>
        </identifiers>
        <state>HI</state>
        <fullName>Sen. Hirono, Mazie K. [D-HI]</fullName>
        <lastName>Hirono</lastName>
        <middleName>K.</middleName>
        <party>D</party>
      </item>
    </sponsors>
    <calendarNumbers />
    <latestAction>
      <links />
      <actionDate>2017-02-10</actionDate>
      <text>Resolution agreed to in Senate without amendment and with a preamble by Unanimous Consent.</text>
    </latestAction>
    <laws />
    <subjects>
      <billSubjects>
        <policyArea>
          <name>Health</name>
        </policyArea>
        <legislativeSubjects>
          <item>
            <name>Cardiovascular and respiratory health</name>
          </item>
          <item>
            <name>Commemorative events and holidays</name>
          </item>
          <item>
            <name>Congressional tributes</name>
          </item>
          <item>
            <name>Health care coverage and access</name>
          </item>
          <item>
            <name>Health promotion and preventive care</name>
          </item>
          <item>
            <name>Medical research</name>
          </item>
          <item>
            <name>Neurological disorders</name>
          </item>
          <item>
            <name>Research administration and funding</name>
          </item>
        </legislativeSubjects>
      </billSubjects>
    </subjects>
    <policyArea>
      <name>Health</name>
    </policyArea>
    <committees>
      <billCommittees>
        <item>
          <subcommittees />
          <type>Standing</type>
          <chamber>Senate</chamber>
          <systemCode>ssju00</systemCode>
          <name>Judiciary Committee</name>
          <activities>
            <item>
              <date>2017-02-10T19:21:42Z</date>
              <name>Discharged from</name>
            </item>
            <item>
              <date>2017-02-03T16:28:01Z</date>
              <name>Referred to</name>
            </item>
          </activities>
        </item>
      </billCommittees>
    </committees>
    <billType>SRES</billType>
    <version>1.0.0</version>
    <title>A resolution designating February 2017 as "American Heart Month" and February 3, 2017, as "National Wear Red Day".</title>
    <cosponsors>
      <item>
        <middleName />
        <state>AK</state>
        <bioguideId>M001153</bioguideId>
        <fullName>Sen. Murkowski, Lisa [R-AK]</fullName>
        <party>R</party>
        <lastName>Murkowski</lastName>
        <identifiers>
          <lisID>1694</lisID>
          <gpoId>8234</gpoId>
          <bioguideId>M001153</bioguideId>
        </identifiers>
        <isOriginalCosponsor>True</isOriginalCosponsor>
        <sponsorshipWithdrawnDate />
        <firstName>Lisa</firstName>
        <sponsorshipDate>2017-02-03</sponsorshipDate>
      </item>
      <item>
        <middleName>A.</middleName>
        <state>MA</state>
        <bioguideId>W000817</bioguideId>
        <fullName>Sen. Warren, Elizabeth [D-MA]</fullName>
        <party>D</party>
        <lastName>Warren</lastName>
        <identifiers>
          <lisID>2182</lisID>
          <bioguideId>W000817</bioguideId>
          <gpoId />
        </identifiers>
        <isOriginalCosponsor>True</isOriginalCosponsor>
        <sponsorshipWithdrawnDate />
        <firstName>Elizabeth</firstName>
        <sponsorshipDate>2017-02-03</sponsorshipDate>
      </item>
      <item>
        <middleName>Wood</middleName>
        <state>NH</state>
        <bioguideId>H001076</bioguideId>
        <fullName>Sen. Hassan, Margaret Wood [D-NH]</fullName>
        <party>D</party>
        <lastName>Hassan</lastName>
        <identifiers>
          <lisID>2302</lisID>
          <bioguideId>H001076</bioguideId>
          <gpoId />
        </identifiers>
        <isOriginalCosponsor>True</isOriginalCosponsor>
        <sponsorshipWithdrawnDate />
        <firstName>Margaret</firstName>
        <sponsorshipDate>2017-02-03</sponsorshipDate>
      </item>
      <item>
        <middleName />
        <state>NE</state>
        <bioguideId>F000463</bioguideId>
        <fullName>Sen. Fischer, Deb [R-NE]</fullName>
        <party>R</party>
        <lastName>Fischer</lastName>
        <identifiers>
          <lisID>2179</lisID>
          <gpoId />
          <bioguideId>F000463</bioguideId>
        </identifiers>
        <isOriginalCosponsor>True</isOriginalCosponsor>
        <sponsorshipWithdrawnDate />
        <firstName>Deb</firstName>
        <sponsorshipDate>2017-02-03</sponsorshipDate>
      </item>
      <item>
        <middleName>ANN</middleName>
        <state>MI</state>
        <bioguideId>S000770</bioguideId>
        <fullName>Sen. Stabenow, Debbie [D-MI]</fullName>
        <party>D</party>
        <lastName>STABENOW</lastName>
        <identifiers>
          <gpoId>8261</gpoId>
          <lisID>1531</lisID>
          <bioguideId>S000770</bioguideId>
        </identifiers>
        <isOriginalCosponsor>True</isOriginalCosponsor>
        <sponsorshipWithdrawnDate />
        <firstName>DEBORAH</firstName>
        <sponsorshipDate>2017-02-03</sponsorshipDate>
      </item>
      <item>
        <middleName />
        <state>NH</state>
        <bioguideId>S001181</bioguideId>
        <fullName>Sen. Shaheen, Jeanne [D-NH]</fullName>
        <party>D</party>
        <lastName>Shaheen</lastName>
        <identifiers>
          <lisID>1901</lisID>
          <gpoId>8276</gpoId>
          <bioguideId>S001181</bioguideId>
        </identifiers>
        <isOriginalCosponsor>True</isOriginalCosponsor>
        <sponsorshipWithdrawnDate />
        <firstName>Jeanne</firstName>
        <sponsorshipDate>2017-02-03</sponsorshipDate>
      </item>
      <item>
        <middleName />
        <state>WI</state>
        <bioguideId>B001230</bioguideId>
        <fullName>Sen. Baldwin, Tammy [D-WI]</fullName>
        <party>D</party>
        <lastName>BALDWIN</lastName>
        <identifiers>
          <lisID>1558</lisID>
          <gpoId>8215</gpoId>
          <bioguideId>B001230</bioguideId>
        </identifiers>
        <isOriginalCosponsor>True</isOriginalCosponsor>
        <sponsorshipWithdrawnDate />
        <firstName>TAMMY</firstName>
        <sponsorshipDate>2017-02-03</sponsorshipDate>
      </item>
      <item>
        <middleName>MOORE</middleName>
        <state>WV</state>
        <bioguideId>C001047</bioguideId>
        <fullName>Sen. Capito, Shelley Moore [R-WV]</fullName>
        <party>R</party>
        <lastName>CAPITO</lastName>
        <identifiers>
          <lisID>1676</lisID>
          <gpoId>8223</gpoId>
          <bioguideId>C001047</bioguideId>
        </identifiers>
        <isOriginalCosponsor>True</isOriginalCosponsor>
        <sponsorshipWithdrawnDate />
        <firstName>SHELLEY</firstName>
        <sponsorshipDate>2017-02-03</sponsorshipDate>
      </item>
      <item>
        <middleName />
        <state>ND</state>
        <bioguideId>H001069</bioguideId>
        <fullName>Sen. Heitkamp, Heidi [D-ND]</fullName>
        <party>D</party>
        <lastName>Heitkamp</lastName>
        <identifiers>
          <lisID>2174</lisID>
          <gpoId />
          <bioguideId>H001069</bioguideId>
        </identifiers>
        <isOriginalCosponsor>True</isOriginalCosponsor>
        <sponsorshipWithdrawnDate />
        <firstName>Heidi</firstName>
        <sponsorshipDate>2017-02-03</sponsorshipDate>
      </item>
      <item>
        <middleName />
        <state>CA</state>
        <bioguideId>F000062</bioguideId>
        <fullName>Sen. Feinstein, Dianne [D-CA]</fullName>
        <party>D</party>
        <lastName>FEINSTEIN</lastName>
        <identifiers>
          <gpoId>8338</gpoId>
          <lisID>1332</lisID>
          <bioguideId>F000062</bioguideId>
        </identifiers>
        <isOriginalCosponsor>True</isOriginalCosponsor>
        <sponsorshipWithdrawnDate />
        <firstName>DIANNE</firstName>
        <sponsorshipDate>2017-02-03</sponsorshipDate>
      </item>
      <item>
        <middleName />
        <state>MN</state>
        <bioguideId>K000367</bioguideId>
        <fullName>Sen. Klobuchar, Amy [D-MN]</fullName>
        <party>D</party>
        <lastName>Klobuchar</lastName>
        <identifiers>
          <lisID>1826</lisID>
          <bioguideId>K000367</bioguideId>
          <gpoId>8249</gpoId>
        </identifiers>
        <isOriginalCosponsor>True</isOriginalCosponsor>
        <sponsorshipWithdrawnDate />
        <firstName>Amy</firstName>
        <sponsorshipDate>2017-02-03</sponsorshipDate>
      </item>
      <item>
        <middleName>MARGARET</middleName>
        <state>ME</state>
        <bioguideId>C001035</bioguideId>
        <fullName>Sen. Collins, Susan M. [R-ME]</fullName>
        <party>R</party>
        <lastName>COLLINS</lastName>
        <identifiers>
          <lisID>1541</lisID>
          <gpoId>8291</gpoId>
          <bioguideId>C001035</bioguideId>
        </identifiers>
        <isOriginalCosponsor>True</isOriginalCosponsor>
        <sponsorshipWithdrawnDate />
        <firstName>SUSAN</firstName>
        <sponsorshipDate>2017-02-03</sponsorshipDate>
      </item>
      <item>
        <middleName />
        <state>WA</state>
        <bioguideId>C000127</bioguideId>
        <fullName>Sen. Cantwell, Maria [D-WA]</fullName>
        <party>D</party>
        <lastName>CANTWELL</lastName>
        <identifiers>
          <lisID>172</lisID>
          <gpoId>8288</gpoId>
          <bioguideId>C000127</bioguideId>
        </identifiers>
        <isOriginalCosponsor>True</isOriginalCosponsor>
        <sponsorshipWithdrawnDate />
        <firstName>MARIA</firstName>
        <sponsorshipDate>2017-02-03</sponsorshipDate>
      </item>
      <item>
        <middleName />
        <state>WA</state>
        <bioguideId>M001111</bioguideId>
        <fullName>Sen. Murray, Patty [D-WA]</fullName>
        <party>D</party>
        <lastName>MURRAY</lastName>
        <identifiers>
          <gpoId>8237</gpoId>
          <lisID>1409</lisID>
          <bioguideId>M001111</bioguideId>
        </identifiers>
        <isOriginalCosponsor>True</isOriginalCosponsor>
        <sponsorshipWithdrawnDate />
        <firstName>PATTY</firstName>
        <sponsorshipDate>2017-02-03</sponsorshipDate>
      </item>
      <item>
        <middleName>J.</middleName>
        <state>IL</state>
        <bioguideId>D000563</bioguideId>
        <fullName>Sen. Durbin, Richard J. [D-IL]</fullName>
        <party>D</party>
        <lastName>DURBIN</lastName>
        <identifiers>
          <lisID>326</lisID>
          <gpoId>8326</gpoId>
          <bioguideId>D000563</bioguideId>
        </identifiers>
        <isOriginalCosponsor>True</isOriginalCosponsor>
        <sponsorshipWithdrawnDate />
        <firstName>RICHARD</firstName>
        <sponsorshipDate>2017-02-03</sponsorshipDate>
      </item>
      <item>
        <middleName />
        <state>IL</state>
        <bioguideId>D000622</bioguideId>
        <fullName>Sen. Duckworth, Tammy [D-IL]</fullName>
        <party>D</party>
        <lastName>Duckworth</lastName>
        <identifiers>
          <gpoId />
          <lisID>2123</lisID>
          <bioguideId>D000622</bioguideId>
        </identifiers>
        <isOriginalCosponsor>True</isOriginalCosponsor>
        <sponsorshipWithdrawnDate />
        <firstName>Tammy</firstName>
        <sponsorshipDate>2017-02-03</sponsorshipDate>
      </item>
    </cosponsors>
    <amendments />
    <notes />
    <originChamber>Senate</originChamber>
    <titles>
      <item>
        <chamberCode />
        <parentTitleType />
        <titleType>Official Title as Introduced</titleType>
        <chamberName />
        <title>A resolution designating February 2017 as "American Heart Month" and February 3, 2017, as "National Wear Red Day".</title>
      </item>
      <item>
        <chamberCode />
        <parentTitleType />
        <titleType>Display Title</titleType>
        <chamberName />
        <title>A resolution designating February 2017 as "American Heart Month" and February 3, 2017, as "National Wear Red Day".</title>
      </item>
    </titles>
    <introducedDate>2017-02-03</introducedDate>
  </bill>
  <dublinCore xmlns:dc="http://purl.org/dc/elements/1.1/">
    <dc:format>text/xml</dc:format>
    <dc:language>EN</dc:language>
    <dc:rights>Pursuant to Title 17 Section 105 of the United States Code, this file is not subject to copyright protection and is in the public domain.</dc:rights>
    <dc:contributor>Congressional Research Service, Library of Congress</dc:contributor>
    <dc:description>This file contains bill summaries and statuses for federal legislation. A bill summary describes the most significant provisions of a piece of legislation and details the effects the legislative text may have on current law and federal programs. Bill summaries are authored by the Congressional Research Service (CRS) of the Library of Congress. As stated in Public Law 91-510 (2 USC 166 (d)(6)), one of the duties of CRS is "to prepare summaries and digests of bills and resolutions of a public general nature introduced in the Senate or House of Representatives". For more information, refer to the User Guide that accompanies this file.</dc:description>
  </dublinCore>
</billStatus>

