<?xml version="1.0" encoding="UTF-8"?>
<billStatus>
  <bill>
    <cosponsors>
      <item>
        <identifiers>
          <lisID>1837</lisID>
          <gpoId>7870</gpoId>
          <bioguideId>M001169</bioguideId>
        </identifiers>
        <bioguideId>M001169</bioguideId>
        <lastName>Murphy</lastName>
        <isOriginalCosponsor>True</isOriginalCosponsor>
        <fullName>Sen. Murphy, Christopher [D-CT]</fullName>
        <middleName />
        <sponsorshipWithdrawnDate />
        <state>CT</state>
        <party>D</party>
        <firstName>Christopher</firstName>
        <sponsorshipDate>2017-10-04</sponsorshipDate>
      </item>
      <item>
        <identifiers>
          <gpoId />
          <lisID>2182</lisID>
          <bioguideId>W000817</bioguideId>
        </identifiers>
        <bioguideId>W000817</bioguideId>
        <lastName>Warren</lastName>
        <isOriginalCosponsor>True</isOriginalCosponsor>
        <fullName>Sen. Warren, Elizabeth [D-MA]</fullName>
        <middleName>A.</middleName>
        <sponsorshipWithdrawnDate />
        <state>MA</state>
        <party>D</party>
        <firstName>Elizabeth</firstName>
        <sponsorshipDate>2017-10-04</sponsorshipDate>
      </item>
      <item>
        <identifiers>
          <lisID>452</lisID>
          <bioguideId>G000359</bioguideId>
          <gpoId>8335</gpoId>
        </identifiers>
        <bioguideId>G000359</bioguideId>
        <lastName>GRAHAM</lastName>
        <isOriginalCosponsor>True</isOriginalCosponsor>
        <fullName>Sen. Graham, Lindsey [R-SC]</fullName>
        <middleName>O.</middleName>
        <sponsorshipWithdrawnDate />
        <state>SC</state>
        <party>R</party>
        <firstName>LINDSEY</firstName>
        <sponsorshipDate>2017-10-04</sponsorshipDate>
      </item>
      <item>
        <identifiers>
          <lisID>1676</lisID>
          <gpoId>8223</gpoId>
          <bioguideId>C001047</bioguideId>
        </identifiers>
        <bioguideId>C001047</bioguideId>
        <lastName>CAPITO</lastName>
        <isOriginalCosponsor>True</isOriginalCosponsor>
        <fullName>Sen. Capito, Shelley Moore [R-WV]</fullName>
        <middleName>MOORE</middleName>
        <sponsorshipWithdrawnDate />
        <state>WV</state>
        <party>R</party>
        <firstName>SHELLEY</firstName>
        <sponsorshipDate>2017-10-04</sponsorshipDate>
      </item>
      <item>
        <identifiers>
          <lisID>2185</lisID>
          <gpoId />
          <bioguideId>K000383</bioguideId>
        </identifiers>
        <bioguideId>K000383</bioguideId>
        <lastName>King</lastName>
        <isOriginalCosponsor>True</isOriginalCosponsor>
        <fullName>Sen. King, Angus S., Jr. [I-ME]</fullName>
        <middleName />
        <sponsorshipWithdrawnDate />
        <state>ME</state>
        <party>I</party>
        <firstName>Angus</firstName>
        <sponsorshipDate>2017-10-04</sponsorshipDate>
      </item>
      <item>
        <identifiers>
          <gpoId>8247</gpoId>
          <lisID>1687</lisID>
          <bioguideId>B001236</bioguideId>
        </identifiers>
        <bioguideId>B001236</bioguideId>
        <lastName>Boozman</lastName>
        <isOriginalCosponsor>True</isOriginalCosponsor>
        <fullName>Sen. Boozman, John [R-AR]</fullName>
        <middleName />
        <sponsorshipWithdrawnDate />
        <state>AR</state>
        <party>R</party>
        <firstName>John</firstName>
        <sponsorshipDate>2017-10-04</sponsorshipDate>
      </item>
    </cosponsors>
    <laws />
    <calendarNumbers />
    <subjects>
      <billSubjects>
        <policyArea>
          <name>Education</name>
        </policyArea>
        <legislativeSubjects>
          <item>
            <name>Commemorative events and holidays</name>
          </item>
          <item>
            <name>Elementary and secondary education</name>
          </item>
          <item>
            <name>Neurological disorders</name>
          </item>
          <item>
            <name>Special education</name>
          </item>
        </legislativeSubjects>
      </billSubjects>
    </subjects>
    <relatedBills />
    <title>A resolution calling on Congress, schools, and State and local educational agencies to recognize the significant educational implications of dyslexia that must be addressed, and designating October 2017 as "National Dyslexia Awareness Month".</title>
    <billNumber>284</billNumber>
    <cboCostEstimates />
    <summaries>
      <billSummaries>
        <item>
          <actionDate>2017-10-04</actionDate>
          <lastSummaryUpdateDate>2018-02-08T22:10:03Z</lastSummaryUpdateDate>
          <updateDate>2017-10-04T04:00:00Z</updateDate>
          <name>Introduced in Senate</name>
          <text><![CDATA[<p>Designates October 2017 as National Dyslexia Awareness Month, and calls on Congress, schools, and educational agencies to recognize that dyslexia has significant educational implications that must be addressed.</p>]]></text>
          <versionCode>00</versionCode>
          <actionDesc>Introduced in Senate</actionDesc>
        </item>
        <item>
          <actionDate>2017-10-04</actionDate>
          <lastSummaryUpdateDate>2018-02-15T16:52:45Z</lastSummaryUpdateDate>
          <updateDate>2017-10-04T13:02:46Z</updateDate>
          <name>Passed Senate without amendment</name>
          <text><![CDATA[<p>(This measure has not been amended since it was introduced. The summary of that version is repeated here.)</p> <p>Designates October 2017 as National Dyslexia Awareness Month, and calls on Congress, schools, and educational agencies to recognize that dyslexia has significant educational implications that must be addressed.</p>]]></text>
          <versionCode>82</versionCode>
          <actionDesc>Passed Senate without amendment</actionDesc>
        </item>
      </billSummaries>
    </summaries>
    <policyArea>
      <name>Education</name>
    </policyArea>
    <committees>
      <billCommittees />
    </committees>
    <introducedDate>2017-10-04</introducedDate>
    <latestAction>
      <links />
      <actionDate>2017-10-04</actionDate>
      <text>Submitted in the Senate, considered, and agreed to without amendment and with a preamble by Unanimous Consent. (consideration: CR S6325; text of measure as introduced: CR S6323)</text>
    </latestAction>
    <createDate>2017-10-05T00:26:18Z</createDate>
    <updateDate>2018-02-21T05:28:04Z</updateDate>
    <titles>
      <item>
        <chamberName />
        <parentTitleType />
        <titleType>Official Title as Introduced</titleType>
        <title>A resolution calling on Congress, schools, and State and local educational agencies to recognize the significant educational implications of dyslexia that must be addressed, and designating October 2017 as "National Dyslexia Awareness Month".</title>
        <chamberCode />
      </item>
      <item>
        <chamberName />
        <parentTitleType />
        <titleType>Display Title</titleType>
        <title>A resolution calling on Congress, schools, and State and local educational agencies to recognize the significant educational implications of dyslexia that must be addressed, and designating October 2017 as "National Dyslexia Awareness Month".</title>
        <chamberCode />
      </item>
    </titles>
    <billType>SRES</billType>
    <congress>115</congress>
    <committeeReports />
    <actions>
      <actionByCounts>
        <senate>3</senate>
      </actionByCounts>
      <item>
        <actionDate>2017-10-04</actionDate>
        <committee />
        <links>
          <link>
            <url>https://www.congress.gov/congressional-record/volume-163/senate-section/page/S6323</url>
            <name>S6323</name>
          </link>
          <link>
            <url>https://www.congress.gov/congressional-record/volume-163/senate-section/page/S6325</url>
            <name>S6325</name>
          </link>
        </links>
        <sourceSystem>
          <code>0</code>
          <name>Senate</name>
        </sourceSystem>
        <text>Submitted in the Senate, considered, and agreed to without amendment and with a preamble by Unanimous Consent. (consideration: CR S6325; text of measure as introduced: CR S6323)</text>
        <type>Floor</type>
      </item>
      <item>
        <actionDate>2017-10-04</actionDate>
        <actionCode>17000</actionCode>
        <text>Passed/agreed to in Senate: Submitted in the Senate, considered, and agreed to without amendment and with a preamble by Unanimous Consent.(consideration: CR S6325; text of measure as introduced: CR S6323)</text>
        <sourceSystem>
          <code>9</code>
          <name>Library of Congress</name>
        </sourceSystem>
        <links>
          <link>
            <url>https://www.congress.gov/congressional-record/volume-163/senate-section/page/S6323</url>
            <name>S6323</name>
          </link>
          <link>
            <url>https://www.congress.gov/congressional-record/volume-163/senate-section/page/S6325</url>
            <name>S6325</name>
          </link>
        </links>
        <type>Floor</type>
        <committee />
      </item>
      <item>
        <actionDate>2017-10-04</actionDate>
        <actionCode>10000</actionCode>
        <text>Introduced in Senate</text>
        <sourceSystem>
          <code>9</code>
          <name>Library of Congress</name>
        </sourceSystem>
        <links />
        <type>IntroReferral</type>
        <committee />
      </item>
      <actionTypeCounts>
        <passedOrAgreedToInSenateDayOf>1</passedOrAgreedToInSenateDayOf>
        <passedAgreedToInSenate>1</passedAgreedToInSenate>
        <introducedInSenate>1</introducedInSenate>
      </actionTypeCounts>
    </actions>
    <notes />
    <originChamber>Senate</originChamber>
    <amendments />
    <sponsors>
      <item>
        <byRequestType />
        <fullName>Sen. Cassidy, Bill [R-LA]</fullName>
        <party>R</party>
        <state>LA</state>
        <bioguideId>C001075</bioguideId>
        <firstName>Bill</firstName>
        <middleName />
        <lastName>Cassidy</lastName>
        <identifiers>
          <lisID>1925</lisID>
          <bioguideId>C001075</bioguideId>
          <gpoId>7964</gpoId>
        </identifiers>
      </item>
    </sponsors>
    <recordedVotes />
    <version>1.0.0</version>
  </bill>
  <dublinCore xmlns:dc="http://purl.org/dc/elements/1.1/">
    <dc:format>text/xml</dc:format>
    <dc:language>EN</dc:language>
    <dc:rights>Pursuant to Title 17 Section 105 of the United States Code, this file is not subject to copyright protection and is in the public domain.</dc:rights>
    <dc:contributor>Congressional Research Service, Library of Congress</dc:contributor>
    <dc:description>This file contains bill summaries and statuses for federal legislation. A bill summary describes the most significant provisions of a piece of legislation and details the effects the legislative text may have on current law and federal programs. Bill summaries are authored by the Congressional Research Service (CRS) of the Library of Congress. As stated in Public Law 91-510 (2 USC 166 (d)(6)), one of the duties of CRS is "to prepare summaries and digests of bills and resolutions of a public general nature introduced in the Senate or House of Representatives". For more information, refer to the User Guide that accompanies this file.</dc:description>
  </dublinCore>
</billStatus>

