<?xml version="1.0" encoding="UTF-8"?>
<billStatus>
  <bill>
    <notes />
    <sponsors>
      <item>
        <party>R</party>
        <fullName>Sen. Toomey, Pat [R-PA]</fullName>
        <lastName>Toomey</lastName>
        <middleName />
        <identifiers>
          <gpoId />
          <bioguideId>T000461</bioguideId>
          <lisID>1594</lisID>
        </identifiers>
        <firstName>Pat</firstName>
        <byRequestType />
        <bioguideId>T000461</bioguideId>
        <state>PA</state>
      </item>
    </sponsors>
    <policyArea>
      <name>Sports and Recreation</name>
    </policyArea>
    <committees>
      <billCommittees />
    </committees>
    <relatedBills />
    <titles>
      <item>
        <title>A resolution congratulating the Philadelphia Eagles on their triumph in Super Bowl LII.</title>
        <titleType>Official Title as Introduced</titleType>
        <parentTitleType />
        <chamberName />
        <chamberCode />
      </item>
      <item>
        <title>A resolution congratulating the Philadelphia Eagles on their triumph in Super Bowl LII.</title>
        <titleType>Display Title</titleType>
        <parentTitleType />
        <chamberName />
        <chamberCode />
      </item>
    </titles>
    <originChamber>Senate</originChamber>
    <congress>115</congress>
    <actions>
      <actionByCounts>
        <senate>3</senate>
      </actionByCounts>
      <actionTypeCounts>
        <passedAgreedToInSenate>1</passedAgreedToInSenate>
        <passedOrAgreedToInSenateDayOf>1</passedOrAgreedToInSenateDayOf>
        <introducedInSenate>1</introducedInSenate>
      </actionTypeCounts>
      <item>
        <actionDate>2018-02-07</actionDate>
        <committee />
        <links>
          <link>
            <name>S697-698</name>
            <url>https://www.congress.gov/congressional-record/volume-164/senate-section/page/S697-698</url>
          </link>
          <link>
            <name>S709</name>
            <url>https://www.congress.gov/congressional-record/volume-164/senate-section/page/S709</url>
          </link>
        </links>
        <sourceSystem>
          <name>Senate</name>
          <code>0</code>
        </sourceSystem>
        <text>Submitted in the Senate, considered, and agreed to without amendment and with a preamble by Unanimous Consent. (consideration: CR S697-698; text: CR S709)</text>
        <type>Floor</type>
      </item>
      <item>
        <type>Floor</type>
        <text>Passed/agreed to in Senate: Submitted in the Senate, considered, and agreed to without amendment and with a preamble by Unanimous Consent.(consideration: CR S697-698; text: CR S709)</text>
        <sourceSystem>
          <name>Library of Congress</name>
          <code>9</code>
        </sourceSystem>
        <actionCode>17000</actionCode>
        <links>
          <link>
            <name>S697-698</name>
            <url>https://www.congress.gov/congressional-record/volume-164/senate-section/page/S697-698</url>
          </link>
          <link>
            <name>S709</name>
            <url>https://www.congress.gov/congressional-record/volume-164/senate-section/page/S709</url>
          </link>
        </links>
        <committee />
        <actionDate>2018-02-07</actionDate>
      </item>
      <item>
        <type>IntroReferral</type>
        <text>Introduced in Senate</text>
        <sourceSystem>
          <name>Library of Congress</name>
          <code>9</code>
        </sourceSystem>
        <actionCode>10000</actionCode>
        <links />
        <committee />
        <actionDate>2018-02-07</actionDate>
      </item>
    </actions>
    <subjects>
      <billSubjects>
        <legislativeSubjects />
        <policyArea>
          <name>Sports and Recreation</name>
        </policyArea>
      </billSubjects>
    </subjects>
    <laws />
    <createDate>2018-02-08T02:26:00Z</createDate>
    <title>A resolution congratulating the Philadelphia Eagles on their triumph in Super Bowl LII.</title>
    <committeeReports />
    <billType>SRES</billType>
    <introducedDate>2018-02-07</introducedDate>
    <updateDate>2018-02-28T19:17:54Z</updateDate>
    <summaries>
      <billSummaries>
        <item>
          <actionDesc>Introduced in Senate</actionDesc>
          <actionDate>2018-02-07</actionDate>
          <text><![CDATA[<p>Congratulates the Philadelphia Eagles on their triumph in Super Bowl LII.</p>]]></text>
          <versionCode>00</versionCode>
          <updateDate>2018-02-07T05:00:00Z</updateDate>
          <lastSummaryUpdateDate>2018-02-28T16:47:43Z</lastSummaryUpdateDate>
          <name>Introduced in Senate</name>
        </item>
        <item>
          <actionDesc>Passed Senate without amendment</actionDesc>
          <actionDate>2018-02-07</actionDate>
          <text><![CDATA[<p>(This measure has not been amended since it was introduced. The summary of that version is repeated here.)</p> <p>Congratulates the Philadelphia Eagles on their triumph in Super Bowl LII.</p>]]></text>
          <versionCode>82</versionCode>
          <updateDate>2018-02-07T14:23:56Z</updateDate>
          <lastSummaryUpdateDate>2018-02-28T16:48:02Z</lastSummaryUpdateDate>
          <name>Passed Senate without amendment</name>
        </item>
      </billSummaries>
    </summaries>
    <cosponsors>
      <item>
        <fullName>Sen. Casey, Robert P., Jr. [D-PA]</fullName>
        <lastName>Casey</lastName>
        <sponsorshipDate>2018-02-07</sponsorshipDate>
        <isOriginalCosponsor>True</isOriginalCosponsor>
        <bioguideId>C001070</bioguideId>
        <party>D</party>
        <middleName />
        <state>PA</state>
        <sponsorshipWithdrawnDate />
        <firstName>Bob</firstName>
        <identifiers>
          <bioguideId>C001070</bioguideId>
          <lisID>1828</lisID>
          <gpoId>8282</gpoId>
        </identifiers>
      </item>
    </cosponsors>
    <billNumber>399</billNumber>
    <recordedVotes />
    <version>1.0.0</version>
    <calendarNumbers />
    <cboCostEstimates />
    <amendments />
    <latestAction>
      <actionDate>2018-02-07</actionDate>
      <links />
      <text>Submitted in the Senate, considered, and agreed to without amendment and with a preamble by Unanimous Consent. (consideration: CR S697-698; text: CR S709)</text>
    </latestAction>
  </bill>
  <dublinCore xmlns:dc="http://purl.org/dc/elements/1.1/">
    <dc:format>text/xml</dc:format>
    <dc:language>EN</dc:language>
    <dc:rights>Pursuant to Title 17 Section 105 of the United States Code, this file is not subject to copyright protection and is in the public domain.</dc:rights>
    <dc:contributor>Congressional Research Service, Library of Congress</dc:contributor>
    <dc:description>This file contains bill summaries and statuses for federal legislation. A bill summary describes the most significant provisions of a piece of legislation and details the effects the legislative text may have on current law and federal programs. Bill summaries are authored by the Congressional Research Service (CRS) of the Library of Congress. As stated in Public Law 91-510 (2 USC 166 (d)(6)), one of the duties of CRS is "to prepare summaries and digests of bills and resolutions of a public general nature introduced in the Senate or House of Representatives". For more information, refer to the User Guide that accompanies this file.</dc:description>
  </dublinCore>
</billStatus>

