<?xml version="1.0" encoding="UTF-8"?>
<billStatus>
  <bill>
    <amendments />
    <billNumber>150</billNumber>
    <recordedVotes />
    <subjects>
      <billSubjects>
        <legislativeSubjects>
          <item>
            <name>Commemorative events and holidays</name>
          </item>
          <item>
            <name>Conflicts and wars</name>
          </item>
          <item>
            <name>Congressional oversight</name>
          </item>
          <item>
            <name>Congressional tributes</name>
          </item>
          <item>
            <name>Criminal investigation, prosecution, interrogation</name>
          </item>
          <item>
            <name>Evidence and witnesses</name>
          </item>
          <item>
            <name>First Amendment rights</name>
          </item>
          <item>
            <name>Human rights</name>
          </item>
          <item>
            <name>News media and reporting</name>
          </item>
          <item>
            <name>Rule of law and government transparency</name>
          </item>
          <item>
            <name>Sovereignty, recognition, national governance and status</name>
          </item>
          <item>
            <name>United Nations</name>
          </item>
          <item>
            <name>Violent crime</name>
          </item>
        </legislativeSubjects>
        <policyArea>
          <name>International Affairs</name>
        </policyArea>
      </billSubjects>
    </subjects>
    <cosponsors>
      <item>
        <state>FL</state>
        <middleName />
        <sponsorshipWithdrawnDate />
        <bioguideId>R000595</bioguideId>
        <lastName>Rubio</lastName>
        <party>R</party>
        <isOriginalCosponsor>True</isOriginalCosponsor>
        <sponsorshipDate>2017-05-03</sponsorshipDate>
        <fullName>Sen. Rubio, Marco [R-FL]</fullName>
        <firstName>Marco</firstName>
        <identifiers>
          <gpoId>8242</gpoId>
          <bioguideId>R000595</bioguideId>
          <lisID>2084</lisID>
        </identifiers>
      </item>
      <item>
        <state>OR</state>
        <middleName />
        <sponsorshipWithdrawnDate />
        <bioguideId>W000779</bioguideId>
        <lastName>WYDEN</lastName>
        <party>D</party>
        <isOriginalCosponsor>True</isOriginalCosponsor>
        <sponsorshipDate>2017-05-03</sponsorshipDate>
        <fullName>Sen. Wyden, Ron [D-OR]</fullName>
        <firstName>RON</firstName>
        <identifiers>
          <bioguideId>W000779</bioguideId>
          <lisID>1247</lisID>
          <gpoId>8265</gpoId>
        </identifiers>
      </item>
      <item>
        <state>DE</state>
        <middleName>A.</middleName>
        <sponsorshipWithdrawnDate />
        <bioguideId>C001088</bioguideId>
        <lastName>Coons</lastName>
        <party>D</party>
        <isOriginalCosponsor>False</isOriginalCosponsor>
        <sponsorshipDate>2017-12-05</sponsorshipDate>
        <fullName>Sen. Coons, Christopher A. [D-DE]</fullName>
        <firstName>Christopher</firstName>
        <identifiers>
          <lisID>1984</lisID>
          <gpoId>8297</gpoId>
          <bioguideId>C001088</bioguideId>
        </identifiers>
      </item>
      <item>
        <state>IL</state>
        <middleName>J.</middleName>
        <sponsorshipWithdrawnDate />
        <bioguideId>D000563</bioguideId>
        <lastName>DURBIN</lastName>
        <party>D</party>
        <isOriginalCosponsor>False</isOriginalCosponsor>
        <sponsorshipDate>2017-12-12</sponsorshipDate>
        <fullName>Sen. Durbin, Richard J. [D-IL]</fullName>
        <firstName>RICHARD</firstName>
        <identifiers>
          <gpoId>8326</gpoId>
          <bioguideId>D000563</bioguideId>
          <lisID>326</lisID>
        </identifiers>
      </item>
    </cosponsors>
    <title>A resolution recognizing threats to freedom of the press and expression around the world and reaffirming freedom of the press as a priority in efforts of the United States Government to promote democracy and good governance.</title>
    <sponsors>
      <item>
        <identifiers>
          <gpoId>8282</gpoId>
          <bioguideId>C001070</bioguideId>
          <lisID>1828</lisID>
        </identifiers>
        <state>PA</state>
        <middleName />
        <firstName>Bob</firstName>
        <byRequestType />
        <lastName>Casey</lastName>
        <bioguideId>C001070</bioguideId>
        <fullName>Sen. Casey, Robert P., Jr. [D-PA]</fullName>
        <party>D</party>
      </item>
    </sponsors>
    <congress>115</congress>
    <version>1.0.0</version>
    <summaries>
      <billSummaries>
        <item>
          <text><![CDATA[<p>Welcomes the celebration of World Press Freedom Day 2017 on May 3, 2017. </p> <p>Commends journalists and media workers around the world for their role in promoting government accountability, defending democratic activity, and strengthening civil society, despite threats to their safety. Pays tribute to journalists who have lost their lives or liberty carrying out their work. </p> <p>Calls on governments abroad to implement United Nations General Assembly Resolution 163 (1963) by investigating and seeking to resolve cases of violence against journalists and by reporting on the investigations.</p> <p>Expresses concern about the threats to freedom of the press and expression around the world and condemns actions that suppress it. </p> <p>Calls on the President and the&nbsp;Department of State to:</p> <ul> <li>build upon U.S. leadership in freedom of the press; </li> <li>improve the means by which the U.S. government identifies, publicizes, and responds to threats against freedom of the press around the world; </li> <li>urge foreign governments to conduct transparent investigations and adjudications of the perpetrators of attacks against journalists; and </li> <li>highlight the issue of threats against freedom of the press in the annual Human Rights Reports and year round. </li></ul>]]></text>
          <versionCode>00</versionCode>
          <lastSummaryUpdateDate>2018-02-05T22:05:09Z</lastSummaryUpdateDate>
          <actionDesc>Introduced in Senate</actionDesc>
          <updateDate>2017-05-03T04:00:00Z</updateDate>
          <name>Introduced in Senate</name>
          <actionDate>2017-05-03</actionDate>
        </item>
        <item>
          <text><![CDATA[<p>(This measure has not been amended since it was introduced. The summary of that version is repeated here.)</p> <p>Welcomes the celebration of World Press Freedom Day 2017 on May 3, 2017. </p> <p>Commends journalists and media workers around the world for their role in promoting government accountability, defending democratic activity, and strengthening civil society, despite threats to their safety. Pays tribute to journalists who have lost their lives or liberty carrying out their work. </p> <p>Calls on governments abroad to implement United Nations General Assembly Resolution 163 (1963) by investigating and seeking to resolve cases of violence against journalists and by reporting on the investigations.</p> <p>Expresses concern about the threats to freedom of the press and expression around the world and condemns actions that suppress it. </p> <p>Calls on the President and the&nbsp;Department of State to:</p> <ul> <li>build upon U.S. leadership in freedom of the press; </li> <li>improve the means by which the U.S. government identifies, publicizes, and responds to threats against freedom of the press around the world; </li> <li>urge foreign governments to conduct transparent investigations and adjudications of the perpetrators of attacks against journalists; and </li> <li>highlight the issue of threats against freedom of the press in the annual Human Rights Reports and year round. </li></ul>]]></text>
          <versionCode>80</versionCode>
          <lastSummaryUpdateDate>2018-02-06T14:59:49Z</lastSummaryUpdateDate>
          <actionDesc>Reported to Senate without amendment</actionDesc>
          <updateDate>2017-12-07T13:49:43Z</updateDate>
          <name>Reported to Senate without amendment</name>
          <actionDate>2017-12-07</actionDate>
        </item>
        <item>
          <text><![CDATA[<p>(This measure has not been amended since it was introduced. The summary of that version is repeated here.)</p> <p>Welcomes the celebration of World Press Freedom Day 2017 on May 3, 2017. </p> <p>Commends journalists and media workers around the world for their role in promoting government accountability, defending democratic activity, and strengthening civil society, despite threats to their safety. Pays tribute to journalists who have lost their lives or liberty carrying out their work. </p> <p>Calls on governments abroad to implement United Nations General Assembly Resolution 163 (1963) by investigating and seeking to resolve cases of violence against journalists and by reporting on the investigations.</p> <p>Expresses concern about the threats to freedom of the press and expression around the world and condemns actions that suppress it. </p> <p>Calls on the President and the&nbsp;Department of State to:</p> <ul> <li>build upon U.S. leadership in freedom of the press; </li> <li>improve the means by which the U.S. government identifies, publicizes, and responds to threats against freedom of the press around the world; </li> <li>urge foreign governments to conduct transparent investigations and adjudications of the perpetrators of attacks against journalists; and </li> <li>highlight the issue of threats against freedom of the press in the annual Human Rights Reports and year round. </li></ul>]]></text>
          <versionCode>82</versionCode>
          <lastSummaryUpdateDate>2018-02-06T15:00:07Z</lastSummaryUpdateDate>
          <actionDesc>Passed Senate without amendment</actionDesc>
          <updateDate>2017-12-20T12:43:04Z</updateDate>
          <name>Passed Senate without amendment</name>
          <actionDate>2017-12-20</actionDate>
        </item>
      </billSummaries>
    </summaries>
    <committees>
      <billCommittees>
        <item>
          <type>Standing</type>
          <subcommittees />
          <systemCode>ssfr00</systemCode>
          <name>Foreign Relations Committee</name>
          <activities>
            <item>
              <date>2017-12-07T15:35:07Z</date>
              <name>Reported by</name>
            </item>
            <item>
              <date>2017-12-05T19:30:34Z</date>
              <name>Markup by</name>
            </item>
            <item>
              <date>2017-05-03T18:50:24Z</date>
              <name>Referred to</name>
            </item>
          </activities>
          <chamber>Senate</chamber>
        </item>
      </billCommittees>
    </committees>
    <relatedBills />
    <billType>SRES</billType>
    <committeeReports />
    <updateDate>2018-02-16T05:25:08Z</updateDate>
    <notes />
    <originChamber>Senate</originChamber>
    <titles>
      <item>
        <chamberCode />
        <titleType>Official Title as Introduced</titleType>
        <parentTitleType />
        <chamberName />
        <title>A resolution recognizing threats to freedom of the press and expression around the world and reaffirming freedom of the press as a priority in efforts of the United States Government to promote democracy and good governance.</title>
      </item>
      <item>
        <chamberCode />
        <titleType>Display Title</titleType>
        <parentTitleType />
        <chamberName />
        <title>A resolution recognizing threats to freedom of the press and expression around the world and reaffirming freedom of the press as a priority in efforts of the United States Government to promote democracy and good governance.</title>
      </item>
    </titles>
    <calendarNumbers>
      <item>
        <calendar>Senate Calendar of Business</calendar>
        <number>0277</number>
      </item>
    </calendarNumbers>
    <laws />
    <actions>
      <actionByCounts>
        <senate>8</senate>
      </actionByCounts>
      <actionTypeCounts>
        <passedAgreedToInSenate>1</passedAgreedToInSenate>
        <placedOnCalendarGeneralOrders>1</placedOnCalendarGeneralOrders>
        <orderedReported>1</orderedReported>
        <agreedToInSenate>1</agreedToInSenate>
        <introducedInSenate>1</introducedInSenate>
        <referredToCommittee>1</referredToCommittee>
        <reportedToSenate>2</reportedToSenate>
      </actionTypeCounts>
      <item>
        <actionDate>2017-12-20</actionDate>
        <committee />
        <links>
          <link>
            <url>https://www.congress.gov/congressional-record/volume-163/senate-section/page/S8154</url>
            <name>S8154</name>
          </link>
        </links>
        <sourceSystem>
          <name>Senate</name>
          <code>0</code>
        </sourceSystem>
        <text>Resolution agreed to in Senate without amendment and with a preamble by Unanimous Consent. (consideration: CR S8154)</text>
        <type>Floor</type>
      </item>
      <item>
        <type>Floor</type>
        <text>Passed/agreed to in Senate: Resolution agreed to in Senate without amendment and with a preamble by Unanimous Consent.(consideration: CR S8154)</text>
        <links>
          <link>
            <url>https://www.congress.gov/congressional-record/volume-163/senate-section/page/S8154</url>
            <name>S8154</name>
          </link>
        </links>
        <actionDate>2017-12-20</actionDate>
        <actionCode>17000</actionCode>
        <committee />
        <sourceSystem>
          <name>Library of Congress</name>
          <code>9</code>
        </sourceSystem>
      </item>
      <item>
        <actionDate>2017-12-07</actionDate>
        <committee />
        <links />
        <sourceSystem>
          <name>Senate</name>
          <code>0</code>
        </sourceSystem>
        <text>Placed on Senate Legislative Calendar under General Orders. Calendar No. 277.</text>
        <type>Calendars</type>
      </item>
      <item>
        <actionDate>2017-12-07</actionDate>
        <committee>
          <systemCode>ssfr00</systemCode>
          <name>Foreign Relations Committee</name>
        </committee>
        <links />
        <sourceSystem>
          <name>Senate</name>
          <code>0</code>
        </sourceSystem>
        <text>Committee on Foreign Relations. Reported by Senator Corker without amendment and with a preamble. Without written report.</text>
        <type>Committee</type>
      </item>
      <item>
        <type>Committee</type>
        <text>Committee on Foreign Relations. Reported by Senator Corker without amendment and with a preamble. Without written report.</text>
        <links />
        <actionDate>2017-12-07</actionDate>
        <actionCode>14000</actionCode>
        <committee>
          <systemCode>ssfr00</systemCode>
          <name>Foreign Relations Committee</name>
        </committee>
        <sourceSystem>
          <name>Library of Congress</name>
          <code>9</code>
        </sourceSystem>
      </item>
      <item>
        <actionDate>2017-12-05</actionDate>
        <committee>
          <systemCode>ssfr00</systemCode>
          <name>Foreign Relations Committee</name>
        </committee>
        <links />
        <sourceSystem>
          <name>Senate</name>
          <code>0</code>
        </sourceSystem>
        <text>Committee on Foreign Relations. Ordered to be reported without amendment favorably.</text>
        <type>Committee</type>
      </item>
      <item>
        <actionDate>2017-05-03</actionDate>
        <committee>
          <systemCode>ssfr00</systemCode>
          <name>Foreign Relations Committee</name>
        </committee>
        <links>
          <link>
            <url>https://www.congress.gov/congressional-record/volume-163/senate-section/page/S2725</url>
            <name>S2725</name>
          </link>
        </links>
        <sourceSystem>
          <name>Senate</name>
          <code>0</code>
        </sourceSystem>
        <text>Referred to the Committee on Foreign Relations. (text of measure as introduced: CR S2725)</text>
        <type>IntroReferral</type>
      </item>
      <item>
        <type>IntroReferral</type>
        <text>Introduced in Senate</text>
        <links />
        <actionDate>2017-05-03</actionDate>
        <actionCode>10000</actionCode>
        <committee />
        <sourceSystem>
          <name>Library of Congress</name>
          <code>9</code>
        </sourceSystem>
      </item>
    </actions>
    <policyArea>
      <name>International Affairs</name>
    </policyArea>
    <introducedDate>2017-05-03</introducedDate>
    <latestAction>
      <actionDate>2017-12-20</actionDate>
      <links />
      <text>Resolution agreed to in Senate without amendment and with a preamble by Unanimous Consent. (consideration: CR S8154)</text>
    </latestAction>
    <cboCostEstimates />
    <createDate>2017-05-04T00:26:43Z</createDate>
  </bill>
  <dublinCore xmlns:dc="http://purl.org/dc/elements/1.1/">
    <dc:format>text/xml</dc:format>
    <dc:language>EN</dc:language>
    <dc:rights>Pursuant to Title 17 Section 105 of the United States Code, this file is not subject to copyright protection and is in the public domain.</dc:rights>
    <dc:contributor>Congressional Research Service, Library of Congress</dc:contributor>
    <dc:description>This file contains bill summaries and statuses for federal legislation. A bill summary describes the most significant provisions of a piece of legislation and details the effects the legislative text may have on current law and federal programs. Bill summaries are authored by the Congressional Research Service (CRS) of the Library of Congress. As stated in Public Law 91-510 (2 USC 166 (d)(6)), one of the duties of CRS is "to prepare summaries and digests of bills and resolutions of a public general nature introduced in the Senate or House of Representatives". For more information, refer to the User Guide that accompanies this file.</dc:description>
  </dublinCore>
</billStatus>

