<?xml version="1.0" encoding="UTF-8"?>
<billStatus>
  <bill>
    <createDate>2017-07-14T00:41:31Z</createDate>
    <introducedDate>2017-07-13</introducedDate>
    <congress>115</congress>
    <latestAction>
      <actionDate>2017-07-13</actionDate>
      <links />
      <text>Referred to the Committee on Foreign Relations. (text of measure as introduced: CR S4001-4002)</text>
    </latestAction>
    <originChamber>Senate</originChamber>
    <billNumber>220</billNumber>
    <sponsors>
      <item>
        <state>NJ</state>
        <identifiers>
          <lisID>791</lisID>
          <gpoId>8239</gpoId>
          <bioguideId>M000639</bioguideId>
        </identifiers>
        <bioguideId>M000639</bioguideId>
        <lastName>MENENDEZ</lastName>
        <fullName>Sen. Menendez, Robert [D-NJ]</fullName>
        <firstName>ROBERT</firstName>
        <party>D</party>
        <middleName />
        <byRequestType />
      </item>
    </sponsors>
    <title>A resolution expressing solidarity with Falun Gong practitioners who have lost lives, freedoms, and rights for adhering to their beliefs and practices and condemning the practice of non-consenting organ harvesting, and for other purposes.</title>
    <relatedBills />
    <titles>
      <item>
        <chamberCode />
        <chamberName />
        <parentTitleType />
        <titleType>Official Title as Introduced</titleType>
        <title>A resolution expressing solidarity with Falun Gong practitioners who have lost lives, freedoms, and rights for adhering to their beliefs and practices and condemning the practice of non-consenting organ harvesting, and for other purposes.</title>
      </item>
      <item>
        <chamberCode />
        <chamberName />
        <parentTitleType />
        <titleType>Display Title</titleType>
        <title>A resolution expressing solidarity with Falun Gong practitioners who have lost lives, freedoms, and rights for adhering to their beliefs and practices and condemning the practice of non-consenting organ harvesting, and for other purposes.</title>
      </item>
    </titles>
    <billType>SRES</billType>
    <summaries>
      <billSummaries>
        <item>
          <updateDate>2017-07-13T04:00:00Z</updateDate>
          <lastSummaryUpdateDate>2017-10-31T21:05:01Z</lastSummaryUpdateDate>
          <actionDate>2017-07-13</actionDate>
          <name>Introduced in Senate</name>
          <actionDesc>Introduced in Senate</actionDesc>
          <versionCode>00</versionCode>
          <text><![CDATA[<p>Expresses solidarity with Falun Gong practitioners and their families for the lives, freedoms, and rights they lost for adhering to their beliefs and practices.</p> <p>Emphasizes to the government of China that freedom of religion includes the right of Falun Gong practitioners to practice freely in China.</p> <p>Condemns the practice of non-consenting organ harvesting in China.</p> <p>Calls upon: (1) the Communist Party of China (CPC) to cease its campaign to persecute Falun Gong practitioners and release all such practitioners who have been confined, detained, or imprisoned for pursuing their right to exercise their spiritual beliefs; (2) the government of China and the CPC to end the practice of organ harvesting from all prisoners of conscience; and (3) China to allow an independent and transparent investigation into organ transplant abuses.</p>]]></text>
        </item>
      </billSummaries>
    </summaries>
    <committeeReports />
    <laws />
    <subjects>
      <billSubjects>
        <policyArea>
          <name>International Affairs</name>
        </policyArea>
        <legislativeSubjects>
          <item>
            <name>Asia</name>
          </item>
          <item>
            <name>China</name>
          </item>
          <item>
            <name>Detention of persons</name>
          </item>
          <item>
            <name>Government studies and investigations</name>
          </item>
          <item>
            <name>Human rights</name>
          </item>
          <item>
            <name>Organ and tissue donation and transplantation</name>
          </item>
          <item>
            <name>Protest and dissent</name>
          </item>
          <item>
            <name>Religion</name>
          </item>
        </legislativeSubjects>
      </billSubjects>
    </subjects>
    <committees>
      <billCommittees>
        <item>
          <systemCode>ssfr00</systemCode>
          <chamber>Senate</chamber>
          <type>Standing</type>
          <activities>
            <item>
              <name>Referred to</name>
              <date>2017-07-13T19:46:38Z</date>
            </item>
          </activities>
          <name>Foreign Relations Committee</name>
          <subcommittees />
        </item>
      </billCommittees>
    </committees>
    <version>1.0.0</version>
    <recordedVotes />
    <updateDate>2018-02-06T16:44:11Z</updateDate>
    <calendarNumbers />
    <cboCostEstimates />
    <actions>
      <actionByCounts>
        <senate>2</senate>
      </actionByCounts>
      <item>
        <actionDate>2017-07-13</actionDate>
        <committee>
          <name>Foreign Relations Committee</name>
          <systemCode>ssfr00</systemCode>
        </committee>
        <links>
          <link>
            <name>S4001-4002</name>
            <url>https://www.congress.gov/congressional-record/volume-163/senate-section/page/S4001-4002</url>
          </link>
        </links>
        <sourceSystem>
          <name>Senate</name>
          <code>0</code>
        </sourceSystem>
        <text>Referred to the Committee on Foreign Relations. (text of measure as introduced: CR S4001-4002)</text>
        <type>IntroReferral</type>
      </item>
      <item>
        <text>Introduced in Senate</text>
        <type>IntroReferral</type>
        <sourceSystem>
          <name>Library of Congress</name>
          <code>9</code>
        </sourceSystem>
        <committee />
        <actionCode>10000</actionCode>
        <actionDate>2017-07-13</actionDate>
        <links />
      </item>
      <actionTypeCounts>
        <referredToCommittee>1</referredToCommittee>
        <introducedInSenate>1</introducedInSenate>
      </actionTypeCounts>
    </actions>
    <amendments />
    <notes />
    <policyArea>
      <name>International Affairs</name>
    </policyArea>
    <cosponsors>
      <item>
        <firstName>JERRY</firstName>
        <sponsorshipWithdrawnDate />
        <state>KS</state>
        <bioguideId>M000934</bioguideId>
        <identifiers>
          <bioguideId>M000934</bioguideId>
          <lisID>1507</lisID>
          <gpoId>8307</gpoId>
        </identifiers>
        <fullName>Sen. Moran, Jerry [R-KS]</fullName>
        <lastName>MORAN</lastName>
        <party>R</party>
        <middleName />
        <isOriginalCosponsor>True</isOriginalCosponsor>
        <sponsorshipDate>2017-07-13</sponsorshipDate>
      </item>
      <item>
        <firstName>Bill</firstName>
        <sponsorshipWithdrawnDate />
        <state>LA</state>
        <bioguideId>C001075</bioguideId>
        <identifiers>
          <bioguideId>C001075</bioguideId>
          <lisID>1925</lisID>
          <gpoId>7964</gpoId>
        </identifiers>
        <fullName>Sen. Cassidy, Bill [R-LA]</fullName>
        <lastName>Cassidy</lastName>
        <party>R</party>
        <middleName />
        <isOriginalCosponsor>True</isOriginalCosponsor>
        <sponsorshipDate>2017-07-13</sponsorshipDate>
      </item>
      <item>
        <firstName>John</firstName>
        <sponsorshipWithdrawnDate />
        <state>AR</state>
        <bioguideId>B001236</bioguideId>
        <identifiers>
          <gpoId>8247</gpoId>
          <bioguideId>B001236</bioguideId>
          <lisID>1687</lisID>
        </identifiers>
        <fullName>Sen. Boozman, John [R-AR]</fullName>
        <lastName>Boozman</lastName>
        <party>R</party>
        <middleName />
        <isOriginalCosponsor>True</isOriginalCosponsor>
        <sponsorshipDate>2017-07-13</sponsorshipDate>
      </item>
      <item>
        <firstName>EDWARD</firstName>
        <sponsorshipWithdrawnDate />
        <state>MA</state>
        <bioguideId>M000133</bioguideId>
        <identifiers>
          <gpoId>7972</gpoId>
          <lisID>735</lisID>
          <bioguideId>M000133</bioguideId>
        </identifiers>
        <fullName>Sen. Markey, Edward J. [D-MA]</fullName>
        <lastName>MARKEY</lastName>
        <party>D</party>
        <middleName>J.</middleName>
        <isOriginalCosponsor>True</isOriginalCosponsor>
        <sponsorshipDate>2017-07-13</sponsorshipDate>
      </item>
      <item>
        <firstName>SHERROD</firstName>
        <sponsorshipWithdrawnDate />
        <state>OH</state>
        <bioguideId>B000944</bioguideId>
        <identifiers>
          <gpoId>8309</gpoId>
          <lisID>136</lisID>
          <bioguideId>B000944</bioguideId>
        </identifiers>
        <fullName>Sen. Brown, Sherrod [D-OH]</fullName>
        <lastName>BROWN</lastName>
        <party>D</party>
        <middleName />
        <isOriginalCosponsor>True</isOriginalCosponsor>
        <sponsorshipDate>2017-07-13</sponsorshipDate>
      </item>
      <item>
        <firstName>PATRICK</firstName>
        <sponsorshipWithdrawnDate />
        <state>VT</state>
        <bioguideId>L000174</bioguideId>
        <identifiers>
          <lisID>1383</lisID>
          <bioguideId>L000174</bioguideId>
          <gpoId>8244</gpoId>
        </identifiers>
        <fullName>Sen. Leahy, Patrick J. [D-VT]</fullName>
        <lastName>LEAHY</lastName>
        <party>D</party>
        <middleName>JOSEPH</middleName>
        <isOriginalCosponsor>True</isOriginalCosponsor>
        <sponsorshipDate>2017-07-13</sponsorshipDate>
      </item>
      <item>
        <firstName>Marco</firstName>
        <sponsorshipWithdrawnDate />
        <state>FL</state>
        <bioguideId>R000595</bioguideId>
        <identifiers>
          <lisID>2084</lisID>
          <bioguideId>R000595</bioguideId>
          <gpoId>8242</gpoId>
        </identifiers>
        <fullName>Sen. Rubio, Marco [R-FL]</fullName>
        <lastName>Rubio</lastName>
        <party>R</party>
        <middleName />
        <isOriginalCosponsor>True</isOriginalCosponsor>
        <sponsorshipDate>2017-07-13</sponsorshipDate>
      </item>
      <item>
        <firstName>Thomas</firstName>
        <sponsorshipWithdrawnDate />
        <state>NC</state>
        <bioguideId>T000476</bioguideId>
        <identifiers>
          <lisID>2291</lisID>
          <bioguideId>T000476</bioguideId>
          <gpoId />
        </identifiers>
        <fullName>Sen. Tillis, Thom [R-NC]</fullName>
        <lastName>Tillis</lastName>
        <party>R</party>
        <middleName>Roland</middleName>
        <isOriginalCosponsor>True</isOriginalCosponsor>
        <sponsorshipDate>2017-07-13</sponsorshipDate>
      </item>
      <item>
        <firstName>Christopher</firstName>
        <sponsorshipWithdrawnDate />
        <state>DE</state>
        <bioguideId>C001088</bioguideId>
        <identifiers>
          <lisID>1984</lisID>
          <bioguideId>C001088</bioguideId>
          <gpoId>8297</gpoId>
        </identifiers>
        <fullName>Sen. Coons, Christopher A. [D-DE]</fullName>
        <lastName>Coons</lastName>
        <party>D</party>
        <middleName>A.</middleName>
        <isOriginalCosponsor>True</isOriginalCosponsor>
        <sponsorshipDate>2017-07-13</sponsorshipDate>
      </item>
      <item>
        <firstName>TAMMY</firstName>
        <sponsorshipWithdrawnDate />
        <state>WI</state>
        <bioguideId>B001230</bioguideId>
        <identifiers>
          <lisID>1558</lisID>
          <gpoId>8215</gpoId>
          <bioguideId>B001230</bioguideId>
        </identifiers>
        <fullName>Sen. Baldwin, Tammy [D-WI]</fullName>
        <lastName>BALDWIN</lastName>
        <party>D</party>
        <middleName />
        <isOriginalCosponsor>False</isOriginalCosponsor>
        <sponsorshipDate>2017-08-01</sponsorshipDate>
      </item>
      <item>
        <firstName>Roy</firstName>
        <sponsorshipWithdrawnDate />
        <state>MO</state>
        <bioguideId>B000575</bioguideId>
        <identifiers>
          <bioguideId>B000575</bioguideId>
          <lisID>1464</lisID>
          <gpoId>8313</gpoId>
        </identifiers>
        <fullName>Sen. Blunt, Roy [R-MO]</fullName>
        <lastName>Blunt</lastName>
        <party>R</party>
        <middleName />
        <isOriginalCosponsor>False</isOriginalCosponsor>
        <sponsorshipDate>2017-09-12</sponsorshipDate>
      </item>
      <item>
        <firstName>DEBORAH</firstName>
        <sponsorshipWithdrawnDate />
        <state>MI</state>
        <bioguideId>S000770</bioguideId>
        <identifiers>
          <gpoId>8261</gpoId>
          <bioguideId>S000770</bioguideId>
          <lisID>1531</lisID>
        </identifiers>
        <fullName>Sen. Stabenow, Debbie [D-MI]</fullName>
        <lastName>STABENOW</lastName>
        <party>D</party>
        <middleName>ANN</middleName>
        <isOriginalCosponsor>False</isOriginalCosponsor>
        <sponsorshipDate>2017-11-29</sponsorshipDate>
      </item>
      <item>
        <firstName>Chris</firstName>
        <sponsorshipWithdrawnDate />
        <state>MD</state>
        <bioguideId>V000128</bioguideId>
        <identifiers>
          <lisID>1729</lisID>
          <gpoId>7983</gpoId>
          <bioguideId>V000128</bioguideId>
        </identifiers>
        <fullName>Sen. Van Hollen, Chris [D-MD]</fullName>
        <lastName>Van Hollen</lastName>
        <party>D</party>
        <middleName />
        <isOriginalCosponsor>False</isOriginalCosponsor>
        <sponsorshipDate>2017-12-11</sponsorshipDate>
      </item>
    </cosponsors>
  </bill>
  <dublinCore xmlns:dc="http://purl.org/dc/elements/1.1/">
    <dc:format>text/xml</dc:format>
    <dc:language>EN</dc:language>
    <dc:rights>Pursuant to Title 17 Section 105 of the United States Code, this file is not subject to copyright protection and is in the public domain.</dc:rights>
    <dc:contributor>Congressional Research Service, Library of Congress</dc:contributor>
    <dc:description>This file contains bill summaries and statuses for federal legislation. A bill summary describes the most significant provisions of a piece of legislation and details the effects the legislative text may have on current law and federal programs. Bill summaries are authored by the Congressional Research Service (CRS) of the Library of Congress. As stated in Public Law 91-510 (2 USC 166 (d)(6)), one of the duties of CRS is "to prepare summaries and digests of bills and resolutions of a public general nature introduced in the Senate or House of Representatives". For more information, refer to the User Guide that accompanies this file.</dc:description>
  </dublinCore>
</billStatus>

