<?xml version="1.0" encoding="UTF-8"?>
<billStatus>
  <bill>
    <committeeReports />
    <summaries>
      <billSummaries>
        <item>
          <updateDate>2018-02-09T05:00:00Z</updateDate>
          <name>Introduced in Senate</name>
          <lastSummaryUpdateDate>2018-02-21T20:57:49Z</lastSummaryUpdateDate>
          <versionCode>00</versionCode>
          <text><![CDATA[<p>Designates the week beginning on February 11, 2018, as National Tribal Colleges and Universities Week.</p>]]></text>
          <actionDate>2018-02-09</actionDate>
          <actionDesc>Introduced in Senate</actionDesc>
        </item>
        <item>
          <updateDate>2018-02-09T16:20:07Z</updateDate>
          <name>Passed Senate without amendment</name>
          <lastSummaryUpdateDate>2018-02-21T21:59:10Z</lastSummaryUpdateDate>
          <versionCode>82</versionCode>
          <text><![CDATA[<p>(This measure has not been amended since it was introduced. The summary of that version is repeated here.)</p> <p>Designates the week beginning on February 11, 2018, as National Tribal Colleges and Universities Week.</p>]]></text>
          <actionDate>2018-02-09</actionDate>
          <actionDesc>Passed Senate without amendment</actionDesc>
        </item>
      </billSummaries>
    </summaries>
    <relatedBills>
      <item>
        <number>40</number>
        <congress>115</congress>
        <relationshipDetails>
          <item>
            <type>Related bill</type>
            <identifiedBy>CRS</identifiedBy>
          </item>
        </relationshipDetails>
        <type>SRES</type>
        <latestTitle>A resolution designating the week beginning on February 5, 2017, as "National Tribal Colleges and Universities Week".</latestTitle>
        <latestAction>
          <actionDate>2017-02-01</actionDate>
          <text>Submitted in the Senate, considered, and agreed to without amendment and with a preamble by Unanimous Consent. (consideration: CR S604; text as passed Senate: CR S603)</text>
        </latestAction>
      </item>
    </relatedBills>
    <createDate>2018-02-09T07:26:01Z</createDate>
    <cosponsors>
      <item>
        <identifiers>
          <lisID>1558</lisID>
          <gpoId>8215</gpoId>
          <bioguideId>B001230</bioguideId>
        </identifiers>
        <middleName />
        <state>WI</state>
        <bioguideId>B001230</bioguideId>
        <firstName>TAMMY</firstName>
        <sponsorshipWithdrawnDate />
        <sponsorshipDate>2018-02-09</sponsorshipDate>
        <fullName>Sen. Baldwin, Tammy [D-WI]</fullName>
        <lastName>BALDWIN</lastName>
        <party>D</party>
        <isOriginalCosponsor>True</isOriginalCosponsor>
      </item>
      <item>
        <identifiers>
          <lisID>2138</lisID>
          <bioguideId>D000618</bioguideId>
          <gpoId />
        </identifiers>
        <middleName />
        <state>MT</state>
        <bioguideId>D000618</bioguideId>
        <firstName>Steve</firstName>
        <sponsorshipWithdrawnDate />
        <sponsorshipDate>2018-02-09</sponsorshipDate>
        <fullName>Sen. Daines, Steve [R-MT]</fullName>
        <lastName>Daines</lastName>
        <party>R</party>
        <isOriginalCosponsor>True</isOriginalCosponsor>
      </item>
      <item>
        <identifiers>
          <gpoId>8331</gpoId>
          <lisID>2079</lisID>
          <bioguideId>H001061</bioguideId>
        </identifiers>
        <middleName />
        <state>ND</state>
        <bioguideId>H001061</bioguideId>
        <firstName>John</firstName>
        <sponsorshipWithdrawnDate />
        <sponsorshipDate>2018-02-09</sponsorshipDate>
        <fullName>Sen. Hoeven, John [R-ND]</fullName>
        <lastName>Hoeven</lastName>
        <party>R</party>
        <isOriginalCosponsor>True</isOriginalCosponsor>
      </item>
      <item>
        <identifiers>
          <gpoId>8258</gpoId>
          <lisID>1829</lisID>
          <bioguideId>T000464</bioguideId>
        </identifiers>
        <middleName />
        <state>MT</state>
        <bioguideId>T000464</bioguideId>
        <firstName>Jon</firstName>
        <sponsorshipWithdrawnDate />
        <sponsorshipDate>2018-02-09</sponsorshipDate>
        <fullName>Sen. Tester, Jon [D-MT]</fullName>
        <lastName>Tester</lastName>
        <party>D</party>
        <isOriginalCosponsor>True</isOriginalCosponsor>
      </item>
      <item>
        <identifiers>
          <lisID>2288</lisID>
          <gpoId />
          <bioguideId>R000605</bioguideId>
        </identifiers>
        <middleName />
        <state>SD</state>
        <bioguideId>R000605</bioguideId>
        <firstName>Mike</firstName>
        <sponsorshipWithdrawnDate />
        <sponsorshipDate>2018-02-09</sponsorshipDate>
        <fullName>Sen. Rounds, Mike  [R-SD]</fullName>
        <lastName>Rounds</lastName>
        <party>R</party>
        <isOriginalCosponsor>True</isOriginalCosponsor>
      </item>
      <item>
        <identifiers>
          <lisID>2050</lisID>
          <bioguideId>L000575</bioguideId>
          <gpoId>8113</gpoId>
        </identifiers>
        <middleName />
        <state>OK</state>
        <bioguideId>L000575</bioguideId>
        <firstName>James</firstName>
        <sponsorshipWithdrawnDate />
        <sponsorshipDate>2018-02-09</sponsorshipDate>
        <fullName>Sen. Lankford, James [R-OK]</fullName>
        <lastName>Lankford</lastName>
        <party>R</party>
        <isOriginalCosponsor>True</isOriginalCosponsor>
      </item>
      <item>
        <identifiers>
          <bioguideId>B001261</bioguideId>
          <lisID>1881</lisID>
          <gpoId>8300</gpoId>
        </identifiers>
        <middleName />
        <state>WY</state>
        <bioguideId>B001261</bioguideId>
        <firstName>John</firstName>
        <sponsorshipWithdrawnDate />
        <sponsorshipDate>2018-02-09</sponsorshipDate>
        <fullName>Sen. Barrasso, John [R-WY]</fullName>
        <lastName>Barrasso</lastName>
        <party>R</party>
        <isOriginalCosponsor>True</isOriginalCosponsor>
      </item>
      <item>
        <identifiers>
          <bioguideId>T000250</bioguideId>
          <lisID>1534</lisID>
          <gpoId>8257</gpoId>
        </identifiers>
        <middleName>R.</middleName>
        <state>SD</state>
        <bioguideId>T000250</bioguideId>
        <firstName>JOHN</firstName>
        <sponsorshipWithdrawnDate />
        <sponsorshipDate>2018-02-09</sponsorshipDate>
        <fullName>Sen. Thune, John [R-SD]</fullName>
        <lastName>THUNE</lastName>
        <party>R</party>
        <isOriginalCosponsor>True</isOriginalCosponsor>
      </item>
      <item>
        <identifiers>
          <lisID>1844</lisID>
          <gpoId>7913</gpoId>
          <bioguideId>H001042</bioguideId>
        </identifiers>
        <middleName>K.</middleName>
        <state>HI</state>
        <bioguideId>H001042</bioguideId>
        <firstName>Mazie</firstName>
        <sponsorshipWithdrawnDate />
        <sponsorshipDate>2018-02-09</sponsorshipDate>
        <fullName>Sen. Hirono, Mazie K. [D-HI]</fullName>
        <lastName>Hirono</lastName>
        <party>D</party>
        <isOriginalCosponsor>True</isOriginalCosponsor>
      </item>
      <item>
        <identifiers>
          <gpoId>8261</gpoId>
          <lisID>1531</lisID>
          <bioguideId>S000770</bioguideId>
        </identifiers>
        <middleName>ANN</middleName>
        <state>MI</state>
        <bioguideId>S000770</bioguideId>
        <firstName>DEBORAH</firstName>
        <sponsorshipWithdrawnDate />
        <sponsorshipDate>2018-02-09</sponsorshipDate>
        <fullName>Sen. Stabenow, Debbie [D-MI]</fullName>
        <lastName>STABENOW</lastName>
        <party>D</party>
        <isOriginalCosponsor>True</isOriginalCosponsor>
      </item>
      <item>
        <identifiers>
          <gpoId />
          <bioguideId>H001075</bioguideId>
          <lisID>2301</lisID>
        </identifiers>
        <middleName>D.</middleName>
        <state>CA</state>
        <bioguideId>H001075</bioguideId>
        <firstName>Kamala</firstName>
        <sponsorshipWithdrawnDate />
        <sponsorshipDate>2018-02-09</sponsorshipDate>
        <fullName>Sen. Harris, Kamala D. [D-CA]</fullName>
        <lastName>Harris</lastName>
        <party>D</party>
        <isOriginalCosponsor>True</isOriginalCosponsor>
      </item>
      <item>
        <identifiers>
          <lisID>1507</lisID>
          <gpoId>8307</gpoId>
          <bioguideId>M000934</bioguideId>
        </identifiers>
        <middleName />
        <state>KS</state>
        <bioguideId>M000934</bioguideId>
        <firstName>JERRY</firstName>
        <sponsorshipWithdrawnDate />
        <sponsorshipDate>2018-02-09</sponsorshipDate>
        <fullName>Sen. Moran, Jerry [R-KS]</fullName>
        <lastName>MORAN</lastName>
        <party>R</party>
        <isOriginalCosponsor>True</isOriginalCosponsor>
      </item>
      <item>
        <identifiers>
          <lisID>1929</lisID>
          <bioguideId>P000595</bioguideId>
          <gpoId>7994</gpoId>
        </identifiers>
        <middleName>C.</middleName>
        <state>MI</state>
        <bioguideId>P000595</bioguideId>
        <firstName>Gary</firstName>
        <sponsorshipWithdrawnDate />
        <sponsorshipDate>2018-02-09</sponsorshipDate>
        <fullName>Sen. Peters, Gary C. [D-MI]</fullName>
        <lastName>Peters</lastName>
        <party>D</party>
        <isOriginalCosponsor>True</isOriginalCosponsor>
      </item>
      <item>
        <identifiers>
          <bioguideId>C000127</bioguideId>
          <lisID>172</lisID>
          <gpoId>8288</gpoId>
        </identifiers>
        <middleName />
        <state>WA</state>
        <bioguideId>C000127</bioguideId>
        <firstName>MARIA</firstName>
        <sponsorshipWithdrawnDate />
        <sponsorshipDate>2018-02-09</sponsorshipDate>
        <fullName>Sen. Cantwell, Maria [D-WA]</fullName>
        <lastName>CANTWELL</lastName>
        <party>D</party>
        <isOriginalCosponsor>True</isOriginalCosponsor>
      </item>
      <item>
        <identifiers>
          <bioguideId>K000367</bioguideId>
          <lisID>1826</lisID>
          <gpoId>8249</gpoId>
        </identifiers>
        <middleName />
        <state>MN</state>
        <bioguideId>K000367</bioguideId>
        <firstName>Amy</firstName>
        <sponsorshipWithdrawnDate />
        <sponsorshipDate>2018-02-09</sponsorshipDate>
        <fullName>Sen. Klobuchar, Amy [D-MN]</fullName>
        <lastName>Klobuchar</lastName>
        <party>D</party>
        <isOriginalCosponsor>True</isOriginalCosponsor>
      </item>
      <item>
        <identifiers>
          <lisID>2290</lisID>
          <bioguideId>S001198</bioguideId>
          <gpoId />
        </identifiers>
        <middleName />
        <state>AK</state>
        <bioguideId>S001198</bioguideId>
        <firstName>Dan</firstName>
        <sponsorshipWithdrawnDate />
        <sponsorshipDate>2018-02-09</sponsorshipDate>
        <fullName>Sen. Sullivan, Dan  [R-AK]</fullName>
        <lastName>Sullivan</lastName>
        <party>R</party>
        <isOriginalCosponsor>True</isOriginalCosponsor>
      </item>
      <item>
        <identifiers>
          <lisID>1937</lisID>
          <bioguideId>H001046</bioguideId>
          <gpoId>8056</gpoId>
        </identifiers>
        <middleName />
        <state>NM</state>
        <bioguideId>H001046</bioguideId>
        <firstName>Martin</firstName>
        <sponsorshipWithdrawnDate />
        <sponsorshipDate>2018-02-09</sponsorshipDate>
        <fullName>Sen. Heinrich, Martin [D-NM]</fullName>
        <lastName>Heinrich</lastName>
        <party>D</party>
        <isOriginalCosponsor>True</isOriginalCosponsor>
      </item>
      <item>
        <identifiers>
          <lisID>2173</lisID>
          <gpoId />
          <bioguideId>S001194</bioguideId>
        </identifiers>
        <middleName />
        <state>HI</state>
        <bioguideId>S001194</bioguideId>
        <firstName>Brian</firstName>
        <sponsorshipWithdrawnDate />
        <sponsorshipDate>2018-02-09</sponsorshipDate>
        <fullName>Sen. Schatz, Brian [D-HI]</fullName>
        <lastName>Schatz</lastName>
        <party>D</party>
        <isOriginalCosponsor>True</isOriginalCosponsor>
      </item>
      <item>
        <identifiers>
          <lisID>1567</lisID>
          <bioguideId>U000039</bioguideId>
          <gpoId>8260</gpoId>
        </identifiers>
        <middleName />
        <state>NM</state>
        <bioguideId>U000039</bioguideId>
        <firstName>TOM</firstName>
        <sponsorshipWithdrawnDate />
        <sponsorshipDate>2018-02-09</sponsorshipDate>
        <fullName>Sen. Udall, Tom [D-NM]</fullName>
        <lastName>UDALL</lastName>
        <party>D</party>
        <isOriginalCosponsor>True</isOriginalCosponsor>
      </item>
      <item>
        <identifiers>
          <bioguideId>S001203</bioguideId>
          <lisID>2365</lisID>
          <gpoId />
        </identifiers>
        <middleName />
        <state>MN</state>
        <bioguideId>S001203</bioguideId>
        <firstName>Tina</firstName>
        <sponsorshipWithdrawnDate />
        <sponsorshipDate>2018-02-09</sponsorshipDate>
        <fullName>Sen. Smith, Tina  [D-MN]</fullName>
        <lastName>Smith</lastName>
        <party>D</party>
        <isOriginalCosponsor>True</isOriginalCosponsor>
      </item>
      <item>
        <identifiers>
          <gpoId />
          <lisID>2299</lisID>
          <bioguideId>C001113</bioguideId>
        </identifiers>
        <middleName />
        <state>NV</state>
        <bioguideId>C001113</bioguideId>
        <firstName>Catherine</firstName>
        <sponsorshipWithdrawnDate />
        <sponsorshipDate>2018-02-09</sponsorshipDate>
        <fullName>Sen. Cortez Masto, Catherine  [D-NV]</fullName>
        <lastName>Cortez Masto</lastName>
        <party>D</party>
        <isOriginalCosponsor>True</isOriginalCosponsor>
      </item>
      <item>
        <identifiers>
          <bioguideId>M001111</bioguideId>
          <lisID>1409</lisID>
          <gpoId>8237</gpoId>
        </identifiers>
        <middleName />
        <state>WA</state>
        <bioguideId>M001111</bioguideId>
        <firstName>PATTY</firstName>
        <sponsorshipWithdrawnDate />
        <sponsorshipDate>2018-02-09</sponsorshipDate>
        <fullName>Sen. Murray, Patty [D-WA]</fullName>
        <lastName>MURRAY</lastName>
        <party>D</party>
        <isOriginalCosponsor>True</isOriginalCosponsor>
      </item>
    </cosponsors>
    <billNumber>400</billNumber>
    <version>1.0.0</version>
    <calendarNumbers />
    <amendments />
    <laws />
    <titles>
      <item>
        <parentTitleType />
        <title>A resolution designating the week beginning February 11, 2018, as "National Tribal Colleges and Universities Week".</title>
        <titleType>Official Title as Introduced</titleType>
        <chamberName />
        <chamberCode />
      </item>
      <item>
        <parentTitleType />
        <title>A resolution designating the week beginning February 11, 2018, as "National Tribal Colleges and Universities Week".</title>
        <titleType>Display Title</titleType>
        <chamberName />
        <chamberCode />
      </item>
    </titles>
    <recordedVotes />
    <originChamber>Senate</originChamber>
    <latestAction>
      <text>Submitted in the Senate, considered, and agreed to without amendment and with a preamble by Unanimous Consent. (consideration: CR S852-853; text: CR S851)</text>
      <actionDate>2018-02-09</actionDate>
      <links />
    </latestAction>
    <introducedDate>2018-02-09</introducedDate>
    <sponsors>
      <item>
        <fullName>Sen. Heitkamp, Heidi [D-ND]</fullName>
        <party>D</party>
        <identifiers>
          <bioguideId>H001069</bioguideId>
          <gpoId />
          <lisID>2174</lisID>
        </identifiers>
        <firstName>Heidi</firstName>
        <middleName />
        <lastName>Heitkamp</lastName>
        <bioguideId>H001069</bioguideId>
        <state>ND</state>
        <byRequestType />
      </item>
    </sponsors>
    <subjects>
      <billSubjects>
        <legislativeSubjects>
          <item>
            <name>Commemorative events and holidays</name>
          </item>
          <item>
            <name>Higher education</name>
          </item>
          <item>
            <name>Indian social and development programs</name>
          </item>
          <item>
            <name>Minority education</name>
          </item>
        </legislativeSubjects>
        <policyArea>
          <name>Native Americans</name>
        </policyArea>
      </billSubjects>
    </subjects>
    <policyArea>
      <name>Native Americans</name>
    </policyArea>
    <billType>SRES</billType>
    <notes />
    <title>A resolution designating the week beginning February 11, 2018, as "National Tribal Colleges and Universities Week".</title>
    <committees>
      <billCommittees />
    </committees>
    <congress>115</congress>
    <cboCostEstimates />
    <updateDate>2018-02-28T19:17:54Z</updateDate>
    <actions>
      <actionByCounts>
        <senate>3</senate>
      </actionByCounts>
      <actionTypeCounts>
        <passedAgreedToInSenate>1</passedAgreedToInSenate>
        <introducedInSenate>1</introducedInSenate>
        <passedOrAgreedToInSenateDayOf>1</passedOrAgreedToInSenateDayOf>
      </actionTypeCounts>
      <item>
        <actionDate>2018-02-09</actionDate>
        <committee />
        <links>
          <link>
            <url>https://www.congress.gov/congressional-record/volume-164/senate-section/page/S851</url>
            <name>S851</name>
          </link>
          <link>
            <url>https://www.congress.gov/congressional-record/volume-164/senate-section/page/S852-853</url>
            <name>S852-853</name>
          </link>
        </links>
        <sourceSystem>
          <name>Senate</name>
          <code>0</code>
        </sourceSystem>
        <text>Submitted in the Senate, considered, and agreed to without amendment and with a preamble by Unanimous Consent. (consideration: CR S852-853; text: CR S851)</text>
        <type>Floor</type>
      </item>
      <item>
        <sourceSystem>
          <name>Library of Congress</name>
          <code>9</code>
        </sourceSystem>
        <links>
          <link>
            <url>https://www.congress.gov/congressional-record/volume-164/senate-section/page/S851</url>
            <name>S851</name>
          </link>
          <link>
            <url>https://www.congress.gov/congressional-record/volume-164/senate-section/page/S852-853</url>
            <name>S852-853</name>
          </link>
        </links>
        <committee />
        <text>Passed/agreed to in Senate: Submitted in the Senate, considered, and agreed to without amendment and with a preamble by Unanimous Consent.(consideration: CR S852-853; text: CR S851)</text>
        <type>Floor</type>
        <actionCode>17000</actionCode>
        <actionDate>2018-02-09</actionDate>
      </item>
      <item>
        <sourceSystem>
          <name>Library of Congress</name>
          <code>9</code>
        </sourceSystem>
        <links />
        <committee />
        <text>Introduced in Senate</text>
        <type>IntroReferral</type>
        <actionCode>10000</actionCode>
        <actionDate>2018-02-09</actionDate>
      </item>
    </actions>
  </bill>
  <dublinCore xmlns:dc="http://purl.org/dc/elements/1.1/">
    <dc:format>text/xml</dc:format>
    <dc:language>EN</dc:language>
    <dc:rights>Pursuant to Title 17 Section 105 of the United States Code, this file is not subject to copyright protection and is in the public domain.</dc:rights>
    <dc:contributor>Congressional Research Service, Library of Congress</dc:contributor>
    <dc:description>This file contains bill summaries and statuses for federal legislation. A bill summary describes the most significant provisions of a piece of legislation and details the effects the legislative text may have on current law and federal programs. Bill summaries are authored by the Congressional Research Service (CRS) of the Library of Congress. As stated in Public Law 91-510 (2 USC 166 (d)(6)), one of the duties of CRS is "to prepare summaries and digests of bills and resolutions of a public general nature introduced in the Senate or House of Representatives". For more information, refer to the User Guide that accompanies this file.</dc:description>
  </dublinCore>
</billStatus>

