<?xml version="1.0" encoding="UTF-8"?>
<billStatus>
  <bill>
    <policyArea>
      <name>Congress</name>
    </policyArea>
    <introducedDate>2017-02-01</introducedDate>
    <cosponsors />
    <congress>115</congress>
    <recordedVotes />
    <amendments />
    <laws />
    <cboCostEstimates />
    <actions>
      <actionTypeCounts>
        <reportedToSenate>1</reportedToSenate>
        <referredToCommittee>1</referredToCommittee>
        <introducedInSenate>1</introducedInSenate>
        <originalBillReported>1</originalBillReported>
      </actionTypeCounts>
      <item>
        <actionDate>2017-02-01</actionDate>
        <committee>
          <systemCode>ssra00</systemCode>
          <name>Rules and Administration Committee</name>
        </committee>
        <links>
          <link>
            <name>S597</name>
            <url>https://www.congress.gov/congressional-record/volume-163/senate-section/page/S597</url>
          </link>
        </links>
        <sourceSystem>
          <code>0</code>
          <name>Senate</name>
        </sourceSystem>
        <text>Referred to the Committee on Rules and Administration. (text of measure as introduced: CR S597)</text>
        <type>IntroReferral</type>
      </item>
      <item>
        <actionDate>2017-02-01</actionDate>
        <committee>
          <systemCode>ssaf00</systemCode>
          <name>Agriculture, Nutrition, and Forestry Committee</name>
        </committee>
        <links />
        <sourceSystem>
          <code>0</code>
          <name>Senate</name>
        </sourceSystem>
        <text>Committee on Agriculture, Nutrition, and Forestry. Original measure reported to Senate by Senator Roberts. Without written report.</text>
        <type>Committee</type>
      </item>
      <item>
        <type>Committee</type>
        <text>Committee on Agriculture, Nutrition, and Forestry. Original measure reported to Senate by Senator Roberts. Without written report.</text>
        <links />
        <committee>
          <systemCode>ssaf00</systemCode>
          <name>Agriculture, Nutrition, and Forestry Committee</name>
        </committee>
        <sourceSystem>
          <code>9</code>
          <name>Library of Congress</name>
        </sourceSystem>
        <actionDate>2017-02-01</actionDate>
        <actionCode>14000</actionCode>
      </item>
      <item>
        <type>IntroReferral</type>
        <text>Introduced in Senate</text>
        <links />
        <committee />
        <sourceSystem>
          <code>9</code>
          <name>Library of Congress</name>
        </sourceSystem>
        <actionDate>2017-02-01</actionDate>
        <actionCode>10000</actionCode>
      </item>
      <actionByCounts>
        <senate>4</senate>
      </actionByCounts>
    </actions>
    <latestAction>
      <text>Referred to the Committee on Rules and Administration. (text of measure as introduced: CR S597)</text>
      <actionDate>2017-02-01</actionDate>
      <links />
    </latestAction>
    <titles>
      <item>
        <chamberName />
        <parentTitleType />
        <chamberCode />
        <titleType>Official Title as Introduced</titleType>
        <title>An original resolution authorizing expenditures by the Committee on Agriculture, Nutrition, and Forestry.</title>
      </item>
      <item>
        <chamberName />
        <parentTitleType />
        <chamberCode />
        <titleType>Display Title</titleType>
        <title>An original resolution authorizing expenditures by the Committee on Agriculture, Nutrition, and Forestry.</title>
      </item>
    </titles>
    <summaries>
      <billSummaries>
        <item>
          <text><![CDATA[<p>Authorizes expenditures by the Senate Committee on Agriculture, Nutrition, and Forestry for the 115th Congress.</p> <p>Limits expenses of such committee to specified amounts from: (1) March 1, 2017, through September 30, 2017, (2) October 1, 2017, through September 30, 2018, and (3) October 1, 2018, through February 28, 2019.</p>]]></text>
          <versionCode>00</versionCode>
          <actionDate>2017-02-01</actionDate>
          <name>Introduced in Senate</name>
          <actionDesc>Introduced in Senate</actionDesc>
          <lastSummaryUpdateDate>2017-03-16T19:16:10Z</lastSummaryUpdateDate>
          <updateDate>2017-02-01T05:00:00Z</updateDate>
        </item>
        <item>
          <text><![CDATA[<p>(This measure has not been amended since it was introduced. The summary of that version is repeated here.)</p> <p>Authorizes expenditures by the Senate Committee on Agriculture, Nutrition, and Forestry for the 115th Congress.</p> <p>Limits expenses of such committee to specified amounts from: (1) March 1, 2017, through September 30, 2017, (2) October 1, 2017, through September 30, 2018, and (3) October 1, 2018, through February 28, 2019.</p>]]></text>
          <versionCode>80</versionCode>
          <actionDate>2017-02-01</actionDate>
          <name>Reported to Senate without amendment</name>
          <actionDesc>Reported to Senate without amendment</actionDesc>
          <lastSummaryUpdateDate>2017-03-16T19:15:13Z</lastSummaryUpdateDate>
          <updateDate>2017-02-01T14:38:35Z</updateDate>
        </item>
      </billSummaries>
    </summaries>
    <title>An original resolution authorizing expenditures by the Committee on Agriculture, Nutrition, and Forestry.</title>
    <calendarNumbers />
    <originChamber>Senate</originChamber>
    <updateDate>2018-02-06T16:43:57Z</updateDate>
    <notes />
    <billType>SRES</billType>
    <committees>
      <billCommittees>
        <item>
          <name>Rules and Administration Committee</name>
          <chamber>Senate</chamber>
          <type>Standing</type>
          <subcommittees />
          <systemCode>ssra00</systemCode>
          <activities>
            <item>
              <name>Referred to</name>
              <date>2017-02-01T18:50:57Z</date>
            </item>
          </activities>
        </item>
        <item>
          <name>Agriculture, Nutrition, and Forestry Committee</name>
          <chamber>Senate</chamber>
          <type>Standing</type>
          <subcommittees />
          <systemCode>ssaf00</systemCode>
          <activities>
            <item>
              <name>Reported original measure</name>
              <date>2017-02-01T18:50:22Z</date>
            </item>
          </activities>
        </item>
      </billCommittees>
    </committees>
    <relatedBills />
    <committeeReports />
    <billNumber>30</billNumber>
    <sponsors>
      <item>
        <byRequestType />
        <state>KS</state>
        <bioguideId>R000307</bioguideId>
        <identifiers>
          <lisID>968</lisID>
          <bioguideId>R000307</bioguideId>
          <gpoId>8275</gpoId>
        </identifiers>
        <fullName>Sen. Roberts, Pat [R-KS]</fullName>
        <lastName>ROBERTS</lastName>
        <firstName>PAT</firstName>
        <middleName />
        <party>R</party>
      </item>
    </sponsors>
    <createDate>2017-02-02T05:28:46Z</createDate>
    <version>1.0.0</version>
    <subjects>
      <billSubjects>
        <policyArea>
          <name>Congress</name>
        </policyArea>
        <legislativeSubjects>
          <item>
            <name>Congressional committees</name>
          </item>
          <item>
            <name>Senate Committee on Agriculture, Nutrition, and Forestry</name>
          </item>
        </legislativeSubjects>
      </billSubjects>
    </subjects>
  </bill>
  <dublinCore xmlns:dc="http://purl.org/dc/elements/1.1/">
    <dc:format>text/xml</dc:format>
    <dc:language>EN</dc:language>
    <dc:rights>Pursuant to Title 17 Section 105 of the United States Code, this file is not subject to copyright protection and is in the public domain.</dc:rights>
    <dc:contributor>Congressional Research Service, Library of Congress</dc:contributor>
    <dc:description>This file contains bill summaries and statuses for federal legislation. A bill summary describes the most significant provisions of a piece of legislation and details the effects the legislative text may have on current law and federal programs. Bill summaries are authored by the Congressional Research Service (CRS) of the Library of Congress. As stated in Public Law 91-510 (2 USC 166 (d)(6)), one of the duties of CRS is "to prepare summaries and digests of bills and resolutions of a public general nature introduced in the Senate or House of Representatives". For more information, refer to the User Guide that accompanies this file.</dc:description>
  </dublinCore>
</billStatus>

