<?xml version="1.0" encoding="UTF-8"?>
<billStatus>
  <bill>
    <originChamber>Senate</originChamber>
    <introducedDate>2017-02-17</introducedDate>
    <cosponsors />
    <billType>SRES</billType>
    <recordedVotes />
    <laws />
    <committeeReports />
    <actions>
      <item>
        <actionDate>2017-02-17</actionDate>
        <committee>
          <systemCode>ssju00</systemCode>
          <name>Judiciary Committee</name>
        </committee>
        <links>
          <link>
            <url>https://www.congress.gov/congressional-record/volume-163/senate-section/page/S1398</url>
            <name>S1398</name>
          </link>
        </links>
        <sourceSystem>
          <name>Senate</name>
          <code>0</code>
        </sourceSystem>
        <text>Referred to the Committee on the Judiciary. (text of measure as introduced: CR S1398)</text>
        <type>IntroReferral</type>
      </item>
      <item>
        <links />
        <actionDate>2017-02-17</actionDate>
        <type>IntroReferral</type>
        <text>Introduced in Senate</text>
        <actionCode>10000</actionCode>
        <sourceSystem>
          <name>Library of Congress</name>
          <code>9</code>
        </sourceSystem>
        <committee />
      </item>
      <actionByCounts>
        <senate>2</senate>
      </actionByCounts>
      <actionTypeCounts>
        <introducedInSenate>1</introducedInSenate>
        <referredToCommittee>1</referredToCommittee>
      </actionTypeCounts>
    </actions>
    <createDate>2017-02-18T05:14:00Z</createDate>
    <version>1.0.0</version>
    <notes />
    <latestAction>
      <actionDate>2017-02-17</actionDate>
      <text>Referred to the Committee on the Judiciary. (text of measure as introduced: CR S1398)</text>
      <links />
    </latestAction>
    <title>A resolution congratulating the Plastics Industry Association on its 80th anniversary.</title>
    <summaries>
      <billSummaries>
        <item>
          <versionCode>00</versionCode>
          <text><![CDATA[<p>Congratulates the Plastics Industry Association on its 80th anniversary.<br> <br> Reaffirms the crucial role of plastics in strengthening the U.S. economy and improving people's lives.</p> <p>Recognizes the importance of continued investment in plastics, manufacturing, research, and education in the fields of science, technology, engineering, and mathematics.</p>]]></text>
          <actionDesc>Introduced in Senate</actionDesc>
          <actionDate>2017-02-17</actionDate>
          <lastSummaryUpdateDate>2017-04-24T21:40:47Z</lastSummaryUpdateDate>
          <name>Introduced in Senate</name>
          <updateDate>2017-02-17T05:00:00Z</updateDate>
        </item>
      </billSummaries>
    </summaries>
    <congress>115</congress>
    <policyArea>
      <name>Commerce</name>
    </policyArea>
    <billNumber>64</billNumber>
    <calendarNumbers />
    <cboCostEstimates />
    <subjects>
      <billSubjects>
        <legislativeSubjects>
          <item>
            <name>Commemorative events and holidays</name>
          </item>
          <item>
            <name>Congressional tributes</name>
          </item>
          <item>
            <name>Manufacturing</name>
          </item>
          <item>
            <name>Science and engineering education</name>
          </item>
        </legislativeSubjects>
        <policyArea>
          <name>Commerce</name>
        </policyArea>
      </billSubjects>
    </subjects>
    <relatedBills>
      <item>
        <latestTitle>Congratulating the Plastics Industry Association on its 80th anniversary.</latestTitle>
        <number>216</number>
        <latestAction>
          <actionDate>2017-03-24</actionDate>
          <text>Referred to the Subcommittee on Digital Commerce and Consumer Protection.</text>
        </latestAction>
        <congress>115</congress>
        <relationshipDetails>
          <item>
            <identifiedBy>CRS</identifiedBy>
            <type>Identical bill</type>
          </item>
        </relationshipDetails>
        <type>HRES</type>
      </item>
    </relatedBills>
    <committees>
      <billCommittees>
        <item>
          <chamber>Senate</chamber>
          <subcommittees />
          <type>Standing</type>
          <activities>
            <item>
              <date>2017-02-17T17:34:22Z</date>
              <name>Referred to</name>
            </item>
          </activities>
          <systemCode>ssju00</systemCode>
          <name>Judiciary Committee</name>
        </item>
      </billCommittees>
    </committees>
    <titles>
      <item>
        <titleType>Official Title as Introduced</titleType>
        <title>A resolution congratulating the Plastics Industry Association on its 80th anniversary.</title>
        <chamberCode />
        <parentTitleType />
        <chamberName />
      </item>
      <item>
        <titleType>Display Title</titleType>
        <title>A resolution congratulating the Plastics Industry Association on its 80th anniversary.</title>
        <chamberCode />
        <parentTitleType />
        <chamberName />
      </item>
    </titles>
    <sponsors>
      <item>
        <fullName>Sen. Johnson, Ron [R-WI]</fullName>
        <middleName />
        <state>WI</state>
        <byRequestType />
        <firstName>Ron</firstName>
        <bioguideId>J000293</bioguideId>
        <party>R</party>
        <lastName>Johnson</lastName>
        <identifiers>
          <gpoId>8355</gpoId>
          <bioguideId>J000293</bioguideId>
          <lisID>2086</lisID>
        </identifiers>
      </item>
    </sponsors>
    <updateDate>2018-02-06T16:43:59Z</updateDate>
    <amendments />
  </bill>
  <dublinCore xmlns:dc="http://purl.org/dc/elements/1.1/">
    <dc:format>text/xml</dc:format>
    <dc:language>EN</dc:language>
    <dc:rights>Pursuant to Title 17 Section 105 of the United States Code, this file is not subject to copyright protection and is in the public domain.</dc:rights>
    <dc:contributor>Congressional Research Service, Library of Congress</dc:contributor>
    <dc:description>This file contains bill summaries and statuses for federal legislation. A bill summary describes the most significant provisions of a piece of legislation and details the effects the legislative text may have on current law and federal programs. Bill summaries are authored by the Congressional Research Service (CRS) of the Library of Congress. As stated in Public Law 91-510 (2 USC 166 (d)(6)), one of the duties of CRS is "to prepare summaries and digests of bills and resolutions of a public general nature introduced in the Senate or House of Representatives". For more information, refer to the User Guide that accompanies this file.</dc:description>
  </dublinCore>
</billStatus>

