<?xml version="1.0" encoding="UTF-8"?>
<billStatus>
  <bill>
    <policyArea>
      <name>International Affairs</name>
    </policyArea>
    <committeeReports />
    <congress>115</congress>
    <sponsors>
      <item>
        <identifiers>
          <gpoId>8287</gpoId>
          <lisID>174</lisID>
          <bioguideId>C000141</bioguideId>
        </identifiers>
        <middleName>L.</middleName>
        <byRequestType />
        <fullName>Sen. Cardin, Benjamin L. [D-MD]</fullName>
        <bioguideId>C000141</bioguideId>
        <state>MD</state>
        <party>D</party>
        <firstName>BENJAMIN</firstName>
        <lastName>CARDIN</lastName>
      </item>
    </sponsors>
    <calendarNumbers />
    <amendments />
    <relatedBills>
      <item>
        <congress>115</congress>
        <latestTitle>Reaffirming the 40 years of relations between the United States and the Association of Southeast Asian Nations (ASEAN), and the shared pursuit of economic growth and regional security in Southeast Asia.</latestTitle>
        <number>311</number>
        <type>HRES</type>
        <latestAction>
          <text>Motion to reconsider laid on the table Agreed to without objection.</text>
          <actionDate>2017-09-27</actionDate>
          <actionTime>17:30:43</actionTime>
        </latestAction>
        <relationshipDetails>
          <item>
            <type>Related bill</type>
            <identifiedBy>CRS</identifiedBy>
          </item>
        </relationshipDetails>
      </item>
    </relatedBills>
    <notes />
    <originChamber>Senate</originChamber>
    <version>1.0.0</version>
    <billNumber>157</billNumber>
    <title>A resolution recognizing that for 50 years, the Association of South East Asian Nations (ASEAN) and its ten members-Brunei, Cambodia, Indonesia, Laos, Malaysia, Myanmar, the Philippines, Singapore, Thailand, and Vietnam-have worked toward stability, prosperity, and peace in Southeast Asia.</title>
    <cosponsors>
      <item>
        <lastName>MCCAIN</lastName>
        <sponsorshipDate>2017-05-04</sponsorshipDate>
        <party>R</party>
        <state>AZ</state>
        <bioguideId>M000303</bioguideId>
        <middleName>SIDNEY</middleName>
        <sponsorshipWithdrawnDate />
        <fullName>Sen. McCain, John [R-AZ]</fullName>
        <firstName>JOHN</firstName>
        <isOriginalCosponsor>True</isOriginalCosponsor>
        <identifiers>
          <lisID>754</lisID>
          <gpoId>8253</gpoId>
          <bioguideId>M000303</bioguideId>
        </identifiers>
      </item>
      <item>
        <lastName>MARKEY</lastName>
        <sponsorshipDate>2017-05-04</sponsorshipDate>
        <party>D</party>
        <state>MA</state>
        <bioguideId>M000133</bioguideId>
        <middleName>J.</middleName>
        <sponsorshipWithdrawnDate />
        <fullName>Sen. Markey, Edward J. [D-MA]</fullName>
        <firstName>EDWARD</firstName>
        <isOriginalCosponsor>True</isOriginalCosponsor>
        <identifiers>
          <gpoId>7972</gpoId>
          <lisID>735</lisID>
          <bioguideId>M000133</bioguideId>
        </identifiers>
      </item>
      <item>
        <lastName>Coons</lastName>
        <sponsorshipDate>2017-05-04</sponsorshipDate>
        <party>D</party>
        <state>DE</state>
        <bioguideId>C001088</bioguideId>
        <middleName>A.</middleName>
        <sponsorshipWithdrawnDate />
        <fullName>Sen. Coons, Christopher A. [D-DE]</fullName>
        <firstName>Christopher</firstName>
        <isOriginalCosponsor>True</isOriginalCosponsor>
        <identifiers>
          <lisID>1984</lisID>
          <bioguideId>C001088</bioguideId>
          <gpoId>8297</gpoId>
        </identifiers>
      </item>
      <item>
        <lastName>Schatz</lastName>
        <sponsorshipDate>2017-05-04</sponsorshipDate>
        <party>D</party>
        <state>HI</state>
        <bioguideId>S001194</bioguideId>
        <middleName />
        <sponsorshipWithdrawnDate />
        <fullName>Sen. Schatz, Brian [D-HI]</fullName>
        <firstName>Brian</firstName>
        <isOriginalCosponsor>True</isOriginalCosponsor>
        <identifiers>
          <bioguideId>S001194</bioguideId>
          <lisID>2173</lisID>
          <gpoId />
        </identifiers>
      </item>
      <item>
        <lastName>FEINSTEIN</lastName>
        <sponsorshipDate>2017-05-04</sponsorshipDate>
        <party>D</party>
        <state>CA</state>
        <bioguideId>F000062</bioguideId>
        <middleName />
        <sponsorshipWithdrawnDate />
        <fullName>Sen. Feinstein, Dianne [D-CA]</fullName>
        <firstName>DIANNE</firstName>
        <isOriginalCosponsor>True</isOriginalCosponsor>
        <identifiers>
          <gpoId>8338</gpoId>
          <bioguideId>F000062</bioguideId>
          <lisID>1332</lisID>
        </identifiers>
      </item>
      <item>
        <lastName>Hirono</lastName>
        <sponsorshipDate>2017-05-04</sponsorshipDate>
        <party>D</party>
        <state>HI</state>
        <bioguideId>H001042</bioguideId>
        <middleName>K.</middleName>
        <sponsorshipWithdrawnDate />
        <fullName>Sen. Hirono, Mazie K. [D-HI]</fullName>
        <firstName>Mazie</firstName>
        <isOriginalCosponsor>True</isOriginalCosponsor>
        <identifiers>
          <lisID>1844</lisID>
          <gpoId>7913</gpoId>
          <bioguideId>H001042</bioguideId>
        </identifiers>
      </item>
    </cosponsors>
    <subjects>
      <billSubjects>
        <legislativeSubjects>
          <item>
            <name>Arms control and nonproliferation</name>
          </item>
          <item>
            <name>Asia</name>
          </item>
          <item>
            <name>Brunei</name>
          </item>
          <item>
            <name>Burma</name>
          </item>
          <item>
            <name>Cambodia</name>
          </item>
          <item>
            <name>China</name>
          </item>
          <item>
            <name>Detention of persons</name>
          </item>
          <item>
            <name>Diplomacy, foreign officials, Americans abroad</name>
          </item>
          <item>
            <name>Economic development</name>
          </item>
          <item>
            <name>Foreign aid and international relief</name>
          </item>
          <item>
            <name>Human rights</name>
          </item>
          <item>
            <name>Human trafficking</name>
          </item>
          <item>
            <name>Indonesia</name>
          </item>
          <item>
            <name>International exchange and broadcasting</name>
          </item>
          <item>
            <name>International law and treaties</name>
          </item>
          <item>
            <name>International organizations and cooperation</name>
          </item>
          <item>
            <name>Laos</name>
          </item>
          <item>
            <name>Malaysia</name>
          </item>
          <item>
            <name>Marine and coastal resources, fisheries</name>
          </item>
          <item>
            <name>North Korea</name>
          </item>
          <item>
            <name>Nuclear weapons</name>
          </item>
          <item>
            <name>Pacific Ocean</name>
          </item>
          <item>
            <name>Philippines</name>
          </item>
          <item>
            <name>Refugees, asylum, displaced persons</name>
          </item>
          <item>
            <name>Religion</name>
          </item>
          <item>
            <name>Singapore</name>
          </item>
          <item>
            <name>Smuggling and trafficking</name>
          </item>
          <item>
            <name>Sovereignty, recognition, national governance and status</name>
          </item>
          <item>
            <name>Thailand</name>
          </item>
          <item>
            <name>Transportation safety and security</name>
          </item>
          <item>
            <name>United Nations</name>
          </item>
          <item>
            <name>Vietnam</name>
          </item>
        </legislativeSubjects>
        <policyArea>
          <name>International Affairs</name>
        </policyArea>
      </billSubjects>
    </subjects>
    <laws />
    <actions>
      <actionByCounts>
        <senate>2</senate>
      </actionByCounts>
      <actionTypeCounts>
        <referredToCommittee>1</referredToCommittee>
        <introducedInSenate>1</introducedInSenate>
      </actionTypeCounts>
      <item>
        <actionDate>2017-05-04</actionDate>
        <committee>
          <systemCode>ssfr00</systemCode>
          <name>Foreign Relations Committee</name>
        </committee>
        <links>
          <link>
            <name>S2778-2780</name>
            <url>https://www.congress.gov/congressional-record/volume-163/senate-section/page/S2778-2780</url>
          </link>
        </links>
        <sourceSystem>
          <name>Senate</name>
          <code>0</code>
        </sourceSystem>
        <text>Referred to the Committee on Foreign Relations. (text of measure as introduced: CR S2778-2780)</text>
        <type>IntroReferral</type>
      </item>
      <item>
        <sourceSystem>
          <name>Library of Congress</name>
          <code>9</code>
        </sourceSystem>
        <actionDate>2017-05-04</actionDate>
        <text>Introduced in Senate</text>
        <type>IntroReferral</type>
        <links />
        <committee />
        <actionCode>10000</actionCode>
      </item>
    </actions>
    <titles>
      <item>
        <chamberCode />
        <title>A resolution recognizing that for 50 years, the Association of South East Asian Nations (ASEAN) and its ten members-Brunei, Cambodia, Indonesia, Laos, Malaysia, Myanmar, the Philippines, Singapore, Thailand, and Vietnam-have worked toward stability, prosperity, and peace in Southeast Asia.</title>
        <titleType>Official Title as Introduced</titleType>
        <parentTitleType />
        <chamberName />
      </item>
      <item>
        <chamberCode />
        <title>A resolution recognizing that for 50 years, the Association of South East Asian Nations (ASEAN) and its ten members-Brunei, Cambodia, Indonesia, Laos, Malaysia, Myanmar, the Philippines, Singapore, Thailand, and Vietnam-have worked toward stability, prosperity, and peace in Southeast Asia.</title>
        <titleType>Display Title</titleType>
        <parentTitleType />
        <chamberName />
      </item>
    </titles>
    <summaries>
      <billSummaries>
        <item>
          <updateDate>2017-05-04T04:00:00Z</updateDate>
          <lastSummaryUpdateDate>2017-08-08T20:47:02Z</lastSummaryUpdateDate>
          <actionDate>2017-05-04</actionDate>
          <name>Introduced in Senate</name>
          <actionDesc>Introduced in Senate</actionDesc>
          <versionCode>00</versionCode>
          <text><![CDATA[<p>Welcomes the leaders of the Association of South East Asian Nations (ASEAN) to the United States for the meetings with the Secretary of State and members of Congress and affirms the meeting as the first of regular U.S.-ASEAN meetings.</p> <p>Supports: (1) the elevation of the U.S.-ASEAN relationship to a strategic partnership; and (2) efforts by U.S. partners and allies in ASEAN to enhance maritime capability and maritime domain awareness, protect unhindered access to and use of international waterways in the Asia-Pacific region, counter piracy, disrupt illicit maritime trafficking activities, and enhance the maritime capabilities of countries or regional organizations to respond to emerging threats to maritime security in the Asia-Pacific region.</p> <p>Recommits the United States to ASEAN centrality and to helping to build a politically cohesive, economically integrated, and socially responsible ASEAN community.</p> <p>Reaffirms: (1) the enhancement of U.S.-ASEAN economic engagement, and (2) the U.S. commitment to continue joint efforts with ASEAN to halt human smuggling and trafficking in persons. </p> <p> Encourages the President to communicate to ASEAN leaders the importance of protecting human rights, ending extrajudicial killings, strengthening civil society, safeguarding freedom of the press, the freedom of assembly, and the free flow of information and ideas, and promoting the rule of law and open and transparent government.</p>]]></text>
        </item>
      </billSummaries>
    </summaries>
    <committees>
      <billCommittees>
        <item>
          <type>Standing</type>
          <systemCode>ssfr00</systemCode>
          <subcommittees />
          <activities>
            <item>
              <date>2017-05-04T18:47:37Z</date>
              <name>Referred to</name>
            </item>
          </activities>
          <chamber>Senate</chamber>
          <name>Foreign Relations Committee</name>
        </item>
      </billCommittees>
    </committees>
    <introducedDate>2017-05-04</introducedDate>
    <updateDate>2018-02-06T16:44:06Z</updateDate>
    <cboCostEstimates />
    <recordedVotes />
    <billType>SRES</billType>
    <createDate>2017-05-05T00:41:39Z</createDate>
    <latestAction>
      <text>Referred to the Committee on Foreign Relations. (text of measure as introduced: CR S2778-2780)</text>
      <links />
      <actionDate>2017-05-04</actionDate>
    </latestAction>
  </bill>
  <dublinCore xmlns:dc="http://purl.org/dc/elements/1.1/">
    <dc:format>text/xml</dc:format>
    <dc:language>EN</dc:language>
    <dc:rights>Pursuant to Title 17 Section 105 of the United States Code, this file is not subject to copyright protection and is in the public domain.</dc:rights>
    <dc:contributor>Congressional Research Service, Library of Congress</dc:contributor>
    <dc:description>This file contains bill summaries and statuses for federal legislation. A bill summary describes the most significant provisions of a piece of legislation and details the effects the legislative text may have on current law and federal programs. Bill summaries are authored by the Congressional Research Service (CRS) of the Library of Congress. As stated in Public Law 91-510 (2 USC 166 (d)(6)), one of the duties of CRS is "to prepare summaries and digests of bills and resolutions of a public general nature introduced in the Senate or House of Representatives". For more information, refer to the User Guide that accompanies this file.</dc:description>
  </dublinCore>
</billStatus>

