<?xml version="1.0" encoding="UTF-8"?>
<billStatus>
  <bill>
    <amendments />
    <title>A resolution congratulating the University of Charleston men's soccer team for winning the National Collegiate Athletic Association Division II Men's Soccer Championship at Swope Soccer Village in Kansas City, Missouri.</title>
    <sponsors>
      <item>
        <fullName>Sen. Manchin, Joe, III [D-WV]</fullName>
        <middleName />
        <firstName>Joe</firstName>
        <bioguideId>M001183</bioguideId>
        <party>D</party>
        <state>WV</state>
        <lastName>Manchin</lastName>
        <identifiers>
          <lisID>1983</lisID>
          <bioguideId>M001183</bioguideId>
          <gpoId>8256</gpoId>
        </identifiers>
        <byRequestType />
      </item>
    </sponsors>
    <cboCostEstimates />
    <laws />
    <version>1.0.0</version>
    <committees>
      <billCommittees />
    </committees>
    <subjects>
      <billSubjects>
        <legislativeSubjects />
        <policyArea>
          <name>Sports and Recreation</name>
        </policyArea>
      </billSubjects>
    </subjects>
    <cosponsors>
      <item>
        <bioguideId>C001047</bioguideId>
        <firstName>SHELLEY</firstName>
        <sponsorshipDate>2018-01-23</sponsorshipDate>
        <party>R</party>
        <sponsorshipWithdrawnDate />
        <identifiers>
          <bioguideId>C001047</bioguideId>
          <lisID>1676</lisID>
          <gpoId>8223</gpoId>
        </identifiers>
        <lastName>CAPITO</lastName>
        <state>WV</state>
        <isOriginalCosponsor>True</isOriginalCosponsor>
        <fullName>Sen. Capito, Shelley Moore [R-WV]</fullName>
        <middleName>MOORE</middleName>
      </item>
    </cosponsors>
    <updateDate>2018-02-28T21:00:09Z</updateDate>
    <originChamber>Senate</originChamber>
    <createDate>2018-01-24T00:26:01Z</createDate>
    <recordedVotes />
    <relatedBills />
    <notes />
    <introducedDate>2018-01-23</introducedDate>
    <latestAction>
      <actionDate>2018-01-23</actionDate>
      <text>Submitted in the Senate, considered, and agreed to without amendment and with a preamble by Unanimous Consent. (consideration: CR S475; text: CR S470-471)</text>
      <links />
    </latestAction>
    <calendarNumbers />
    <billNumber>380</billNumber>
    <policyArea>
      <name>Sports and Recreation</name>
    </policyArea>
    <titles>
      <item>
        <parentTitleType />
        <titleType>Official Title as Introduced</titleType>
        <chamberCode />
        <chamberName />
        <title>A resolution congratulating the University of Charleston men's soccer team for winning the National Collegiate Athletic Association Division II Men's Soccer Championship at Swope Soccer Village in Kansas City, Missouri.</title>
      </item>
      <item>
        <parentTitleType />
        <titleType>Display Title</titleType>
        <chamberCode />
        <chamberName />
        <title>A resolution congratulating the University of Charleston men's soccer team for winning the National Collegiate Athletic Association Division II Men's Soccer Championship at Swope Soccer Village in Kansas City, Missouri.</title>
      </item>
    </titles>
    <congress>115</congress>
    <actions>
      <actionByCounts>
        <senate>3</senate>
      </actionByCounts>
      <actionTypeCounts>
        <passedOrAgreedToInSenateDayOf>1</passedOrAgreedToInSenateDayOf>
        <introducedInSenate>1</introducedInSenate>
        <passedAgreedToInSenate>1</passedAgreedToInSenate>
      </actionTypeCounts>
      <item>
        <actionDate>2018-01-23</actionDate>
        <committee />
        <links>
          <link>
            <name>S470-471</name>
            <url>https://www.congress.gov/congressional-record/volume-164/senate-section/page/S470-471</url>
          </link>
          <link>
            <name>S475</name>
            <url>https://www.congress.gov/congressional-record/volume-164/senate-section/page/S475</url>
          </link>
        </links>
        <sourceSystem>
          <name>Senate</name>
          <code>0</code>
        </sourceSystem>
        <text>Submitted in the Senate, considered, and agreed to without amendment and with a preamble by Unanimous Consent. (consideration: CR S475; text: CR S470-471)</text>
        <type>Floor</type>
      </item>
      <item>
        <type>Floor</type>
        <links>
          <link>
            <name>S470-471</name>
            <url>https://www.congress.gov/congressional-record/volume-164/senate-section/page/S470-471</url>
          </link>
          <link>
            <name>S475</name>
            <url>https://www.congress.gov/congressional-record/volume-164/senate-section/page/S475</url>
          </link>
        </links>
        <committee />
        <text>Passed/agreed to in Senate: Submitted in the Senate, considered, and agreed to without amendment and with a preamble by Unanimous Consent.(consideration: CR S475; text: CR S470-471)</text>
        <actionCode>17000</actionCode>
        <actionDate>2018-01-23</actionDate>
        <sourceSystem>
          <name>Library of Congress</name>
          <code>9</code>
        </sourceSystem>
      </item>
      <item>
        <type>IntroReferral</type>
        <links />
        <committee />
        <text>Introduced in Senate</text>
        <actionCode>10000</actionCode>
        <actionDate>2018-01-23</actionDate>
        <sourceSystem>
          <name>Library of Congress</name>
          <code>9</code>
        </sourceSystem>
      </item>
    </actions>
    <summaries>
      <billSummaries>
        <item>
          <updateDate>2018-01-23T05:00:00Z</updateDate>
          <name>Introduced in Senate</name>
          <lastSummaryUpdateDate>2018-02-28T20:58:15Z</lastSummaryUpdateDate>
          <versionCode>00</versionCode>
          <text><![CDATA[<p>Congratulates the University of Charleston men's soccer team for winning the National Collegiate Athletic Association Division II Men's Soccer Championship.</p> <p>Recognizes the athletic program at that university for its achievement in both sports and academics.</p>]]></text>
          <actionDate>2018-01-23</actionDate>
          <actionDesc>Introduced in Senate</actionDesc>
        </item>
        <item>
          <updateDate>2018-01-23T13:29:22Z</updateDate>
          <name>Passed Senate without amendment</name>
          <lastSummaryUpdateDate>2018-02-28T20:58:24Z</lastSummaryUpdateDate>
          <versionCode>82</versionCode>
          <text><![CDATA[<p>(This measure has not been amended since it was introduced. The summary of that version is repeated here.)</p> <p>Congratulates the University of Charleston men's soccer team for winning the National Collegiate Athletic Association Division II Men's Soccer Championship.</p> <p>Recognizes the athletic program at that university for its achievement in both sports and academics.</p>]]></text>
          <actionDate>2018-01-23</actionDate>
          <actionDesc>Passed Senate without amendment</actionDesc>
        </item>
      </billSummaries>
    </summaries>
    <billType>SRES</billType>
    <committeeReports />
  </bill>
  <dublinCore xmlns:dc="http://purl.org/dc/elements/1.1/">
    <dc:format>text/xml</dc:format>
    <dc:language>EN</dc:language>
    <dc:rights>Pursuant to Title 17 Section 105 of the United States Code, this file is not subject to copyright protection and is in the public domain.</dc:rights>
    <dc:contributor>Congressional Research Service, Library of Congress</dc:contributor>
    <dc:description>This file contains bill summaries and statuses for federal legislation. A bill summary describes the most significant provisions of a piece of legislation and details the effects the legislative text may have on current law and federal programs. Bill summaries are authored by the Congressional Research Service (CRS) of the Library of Congress. As stated in Public Law 91-510 (2 USC 166 (d)(6)), one of the duties of CRS is "to prepare summaries and digests of bills and resolutions of a public general nature introduced in the Senate or House of Representatives". For more information, refer to the User Guide that accompanies this file.</dc:description>
  </dublinCore>
</billStatus>

