<?xml version="1.0" encoding="UTF-8"?>
<billStatus>
  <bill>
    <updateDate>2018-02-28T19:17:57Z</updateDate>
    <cboCostEstimates />
    <latestAction>
      <text>Submitted in the Senate, considered, and agreed to without amendment and with a preamble by Unanimous Consent. (consideration: CR S887; text: CR S878)</text>
      <links />
      <actionDate>2018-02-12</actionDate>
    </latestAction>
    <billNumber>403</billNumber>
    <committeeReports />
    <title>A resolution designating February 2018 as "American Heart Month" and February 2, 2018, as "National Wear Red Day".</title>
    <summaries>
      <billSummaries />
    </summaries>
    <billType>SRES</billType>
    <relatedBills>
      <item>
        <type>SRES</type>
        <latestAction>
          <text>Resolution agreed to in Senate without amendment and with a preamble by Unanimous Consent.</text>
          <actionDate>2017-02-10</actionDate>
        </latestAction>
        <relationshipDetails>
          <item>
            <type>Related bill</type>
            <identifiedBy>CRS</identifiedBy>
          </item>
        </relationshipDetails>
        <latestTitle>A resolution designating February 2017 as "American Heart Month" and February 3, 2017, as "National Wear Red Day".</latestTitle>
        <congress>115</congress>
        <number>45</number>
      </item>
    </relatedBills>
    <calendarNumbers />
    <subjects>
      <billSubjects>
        <legislativeSubjects>
          <item>
            <name>Cardiovascular and respiratory health</name>
          </item>
          <item>
            <name>Commemorative events and holidays</name>
          </item>
          <item>
            <name>Congressional tributes</name>
          </item>
          <item>
            <name>Health care coverage and access</name>
          </item>
          <item>
            <name>Health promotion and preventive care</name>
          </item>
          <item>
            <name>Medical research</name>
          </item>
          <item>
            <name>Neurological disorders</name>
          </item>
          <item>
            <name>Research administration and funding</name>
          </item>
        </legislativeSubjects>
        <policyArea>
          <name>Health</name>
        </policyArea>
      </billSubjects>
    </subjects>
    <policyArea>
      <name>Health</name>
    </policyArea>
    <committees>
      <billCommittees />
    </committees>
    <createDate>2018-02-13T00:26:00Z</createDate>
    <laws />
    <recordedVotes />
    <cosponsors>
      <item>
        <bioguideId>M001153</bioguideId>
        <firstName>Lisa</firstName>
        <sponsorshipWithdrawnDate />
        <lastName>Murkowski</lastName>
        <state>AK</state>
        <party>R</party>
        <middleName />
        <isOriginalCosponsor>True</isOriginalCosponsor>
        <identifiers>
          <gpoId>8234</gpoId>
          <bioguideId>M001153</bioguideId>
          <lisID>1694</lisID>
        </identifiers>
        <fullName>Sen. Murkowski, Lisa [R-AK]</fullName>
        <sponsorshipDate>2018-02-12</sponsorshipDate>
      </item>
      <item>
        <bioguideId>F000062</bioguideId>
        <firstName>DIANNE</firstName>
        <sponsorshipWithdrawnDate />
        <lastName>FEINSTEIN</lastName>
        <state>CA</state>
        <party>D</party>
        <middleName />
        <isOriginalCosponsor>True</isOriginalCosponsor>
        <identifiers>
          <bioguideId>F000062</bioguideId>
          <lisID>1332</lisID>
          <gpoId>8338</gpoId>
        </identifiers>
        <fullName>Sen. Feinstein, Dianne [D-CA]</fullName>
        <sponsorshipDate>2018-02-12</sponsorshipDate>
      </item>
      <item>
        <bioguideId>H001069</bioguideId>
        <firstName>Heidi</firstName>
        <sponsorshipWithdrawnDate />
        <lastName>Heitkamp</lastName>
        <state>ND</state>
        <party>D</party>
        <middleName />
        <isOriginalCosponsor>True</isOriginalCosponsor>
        <identifiers>
          <bioguideId>H001069</bioguideId>
          <gpoId />
          <lisID>2174</lisID>
        </identifiers>
        <fullName>Sen. Heitkamp, Heidi [D-ND]</fullName>
        <sponsorshipDate>2018-02-12</sponsorshipDate>
      </item>
      <item>
        <bioguideId>C000127</bioguideId>
        <firstName>MARIA</firstName>
        <sponsorshipWithdrawnDate />
        <lastName>CANTWELL</lastName>
        <state>WA</state>
        <party>D</party>
        <middleName />
        <isOriginalCosponsor>True</isOriginalCosponsor>
        <identifiers>
          <bioguideId>C000127</bioguideId>
          <lisID>172</lisID>
          <gpoId>8288</gpoId>
        </identifiers>
        <fullName>Sen. Cantwell, Maria [D-WA]</fullName>
        <sponsorshipDate>2018-02-12</sponsorshipDate>
      </item>
      <item>
        <bioguideId>S000770</bioguideId>
        <firstName>DEBORAH</firstName>
        <sponsorshipWithdrawnDate />
        <lastName>STABENOW</lastName>
        <state>MI</state>
        <party>D</party>
        <middleName>ANN</middleName>
        <isOriginalCosponsor>True</isOriginalCosponsor>
        <identifiers>
          <gpoId>8261</gpoId>
          <lisID>1531</lisID>
          <bioguideId>S000770</bioguideId>
        </identifiers>
        <fullName>Sen. Stabenow, Debbie [D-MI]</fullName>
        <sponsorshipDate>2018-02-12</sponsorshipDate>
      </item>
      <item>
        <bioguideId>F000463</bioguideId>
        <firstName>Deb</firstName>
        <sponsorshipWithdrawnDate />
        <lastName>Fischer</lastName>
        <state>NE</state>
        <party>R</party>
        <middleName />
        <isOriginalCosponsor>True</isOriginalCosponsor>
        <identifiers>
          <bioguideId>F000463</bioguideId>
          <lisID>2179</lisID>
          <gpoId />
        </identifiers>
        <fullName>Sen. Fischer, Deb [R-NE]</fullName>
        <sponsorshipDate>2018-02-12</sponsorshipDate>
      </item>
      <item>
        <bioguideId>H001061</bioguideId>
        <firstName>John</firstName>
        <sponsorshipWithdrawnDate />
        <lastName>Hoeven</lastName>
        <state>ND</state>
        <party>R</party>
        <middleName />
        <isOriginalCosponsor>True</isOriginalCosponsor>
        <identifiers>
          <gpoId>8331</gpoId>
          <lisID>2079</lisID>
          <bioguideId>H001061</bioguideId>
        </identifiers>
        <fullName>Sen. Hoeven, John [R-ND]</fullName>
        <sponsorshipDate>2018-02-12</sponsorshipDate>
      </item>
      <item>
        <bioguideId>C001047</bioguideId>
        <firstName>SHELLEY</firstName>
        <sponsorshipWithdrawnDate />
        <lastName>CAPITO</lastName>
        <state>WV</state>
        <party>R</party>
        <middleName>MOORE</middleName>
        <isOriginalCosponsor>True</isOriginalCosponsor>
        <identifiers>
          <bioguideId>C001047</bioguideId>
          <lisID>1676</lisID>
          <gpoId>8223</gpoId>
        </identifiers>
        <fullName>Sen. Capito, Shelley Moore [R-WV]</fullName>
        <sponsorshipDate>2018-02-12</sponsorshipDate>
      </item>
      <item>
        <bioguideId>B001230</bioguideId>
        <firstName>TAMMY</firstName>
        <sponsorshipWithdrawnDate />
        <lastName>BALDWIN</lastName>
        <state>WI</state>
        <party>D</party>
        <middleName />
        <isOriginalCosponsor>True</isOriginalCosponsor>
        <identifiers>
          <lisID>1558</lisID>
          <gpoId>8215</gpoId>
          <bioguideId>B001230</bioguideId>
        </identifiers>
        <fullName>Sen. Baldwin, Tammy [D-WI]</fullName>
        <sponsorshipDate>2018-02-12</sponsorshipDate>
      </item>
      <item>
        <bioguideId>S001181</bioguideId>
        <firstName>Jeanne</firstName>
        <sponsorshipWithdrawnDate />
        <lastName>Shaheen</lastName>
        <state>NH</state>
        <party>D</party>
        <middleName />
        <isOriginalCosponsor>True</isOriginalCosponsor>
        <identifiers>
          <bioguideId>S001181</bioguideId>
          <gpoId>8276</gpoId>
          <lisID>1901</lisID>
        </identifiers>
        <fullName>Sen. Shaheen, Jeanne [D-NH]</fullName>
        <sponsorshipDate>2018-02-12</sponsorshipDate>
      </item>
      <item>
        <bioguideId>W000817</bioguideId>
        <firstName>Elizabeth</firstName>
        <sponsorshipWithdrawnDate />
        <lastName>Warren</lastName>
        <state>MA</state>
        <party>D</party>
        <middleName>A.</middleName>
        <isOriginalCosponsor>True</isOriginalCosponsor>
        <identifiers>
          <gpoId />
          <lisID>2182</lisID>
          <bioguideId>W000817</bioguideId>
        </identifiers>
        <fullName>Sen. Warren, Elizabeth [D-MA]</fullName>
        <sponsorshipDate>2018-02-12</sponsorshipDate>
      </item>
      <item>
        <bioguideId>M001111</bioguideId>
        <firstName>PATTY</firstName>
        <sponsorshipWithdrawnDate />
        <lastName>MURRAY</lastName>
        <state>WA</state>
        <party>D</party>
        <middleName />
        <isOriginalCosponsor>True</isOriginalCosponsor>
        <identifiers>
          <bioguideId>M001111</bioguideId>
          <lisID>1409</lisID>
          <gpoId>8237</gpoId>
        </identifiers>
        <fullName>Sen. Murray, Patty [D-WA]</fullName>
        <sponsorshipDate>2018-02-12</sponsorshipDate>
      </item>
      <item>
        <bioguideId>H001076</bioguideId>
        <firstName>Margaret</firstName>
        <sponsorshipWithdrawnDate />
        <lastName>Hassan</lastName>
        <state>NH</state>
        <party>D</party>
        <middleName>Wood</middleName>
        <isOriginalCosponsor>True</isOriginalCosponsor>
        <identifiers>
          <lisID>2302</lisID>
          <bioguideId>H001076</bioguideId>
          <gpoId />
        </identifiers>
        <fullName>Sen. Hassan, Margaret Wood [D-NH]</fullName>
        <sponsorshipDate>2018-02-12</sponsorshipDate>
      </item>
      <item>
        <bioguideId>S001203</bioguideId>
        <firstName>Tina</firstName>
        <sponsorshipWithdrawnDate />
        <lastName>Smith</lastName>
        <state>MN</state>
        <party>D</party>
        <middleName />
        <isOriginalCosponsor>True</isOriginalCosponsor>
        <identifiers>
          <bioguideId>S001203</bioguideId>
          <lisID>2365</lisID>
          <gpoId />
        </identifiers>
        <fullName>Sen. Smith, Tina  [D-MN]</fullName>
        <sponsorshipDate>2018-02-12</sponsorshipDate>
      </item>
      <item>
        <bioguideId>K000367</bioguideId>
        <firstName>Amy</firstName>
        <sponsorshipWithdrawnDate />
        <lastName>Klobuchar</lastName>
        <state>MN</state>
        <party>D</party>
        <middleName />
        <isOriginalCosponsor>True</isOriginalCosponsor>
        <identifiers>
          <bioguideId>K000367</bioguideId>
          <lisID>1826</lisID>
          <gpoId>8249</gpoId>
        </identifiers>
        <fullName>Sen. Klobuchar, Amy [D-MN]</fullName>
        <sponsorshipDate>2018-02-12</sponsorshipDate>
      </item>
      <item>
        <bioguideId>D000622</bioguideId>
        <firstName>Tammy</firstName>
        <sponsorshipWithdrawnDate />
        <lastName>Duckworth</lastName>
        <state>IL</state>
        <party>D</party>
        <middleName />
        <isOriginalCosponsor>True</isOriginalCosponsor>
        <identifiers>
          <bioguideId>D000622</bioguideId>
          <gpoId />
          <lisID>2123</lisID>
        </identifiers>
        <fullName>Sen. Duckworth, Tammy [D-IL]</fullName>
        <sponsorshipDate>2018-02-12</sponsorshipDate>
      </item>
    </cosponsors>
    <originChamber>Senate</originChamber>
    <sponsors>
      <item>
        <bioguideId>H001042</bioguideId>
        <firstName>Mazie</firstName>
        <lastName>Hirono</lastName>
        <state>HI</state>
        <party>D</party>
        <middleName>K.</middleName>
        <byRequestType />
        <identifiers>
          <lisID>1844</lisID>
          <gpoId>7913</gpoId>
          <bioguideId>H001042</bioguideId>
        </identifiers>
        <fullName>Sen. Hirono, Mazie K. [D-HI]</fullName>
      </item>
    </sponsors>
    <introducedDate>2018-02-12</introducedDate>
    <amendments />
    <notes />
    <version>1.0.0</version>
    <congress>115</congress>
    <titles>
      <item>
        <titleType>Official Title as Introduced</titleType>
        <chamberName />
        <parentTitleType />
        <title>A resolution designating February 2018 as "American Heart Month" and February 2, 2018, as "National Wear Red Day".</title>
        <chamberCode />
      </item>
      <item>
        <titleType>Display Title</titleType>
        <chamberName />
        <parentTitleType />
        <title>A resolution designating February 2018 as "American Heart Month" and February 2, 2018, as "National Wear Red Day".</title>
        <chamberCode />
      </item>
    </titles>
    <actions>
      <actionByCounts>
        <senate>3</senate>
      </actionByCounts>
      <actionTypeCounts>
        <passedOrAgreedToInSenateDayOf>1</passedOrAgreedToInSenateDayOf>
        <introducedInSenate>1</introducedInSenate>
        <passedAgreedToInSenate>1</passedAgreedToInSenate>
      </actionTypeCounts>
      <item>
        <actionDate>2018-02-12</actionDate>
        <committee />
        <links>
          <link>
            <name>S878</name>
            <url>https://www.congress.gov/congressional-record/volume-164/senate-section/page/S878</url>
          </link>
          <link>
            <name>S887</name>
            <url>https://www.congress.gov/congressional-record/volume-164/senate-section/page/S887</url>
          </link>
        </links>
        <sourceSystem>
          <code>0</code>
          <name>Senate</name>
        </sourceSystem>
        <text>Submitted in the Senate, considered, and agreed to without amendment and with a preamble by Unanimous Consent. (consideration: CR S887; text: CR S878)</text>
        <type>Floor</type>
      </item>
      <item>
        <actionDate>2018-02-12</actionDate>
        <committee />
        <links>
          <link>
            <name>S878</name>
            <url>https://www.congress.gov/congressional-record/volume-164/senate-section/page/S878</url>
          </link>
          <link>
            <name>S887</name>
            <url>https://www.congress.gov/congressional-record/volume-164/senate-section/page/S887</url>
          </link>
        </links>
        <text>Passed/agreed to in Senate: Submitted in the Senate, considered, and agreed to without amendment and with a preamble by Unanimous Consent.(consideration: CR S887; text: CR S878)</text>
        <type>Floor</type>
        <sourceSystem>
          <code>9</code>
          <name>Library of Congress</name>
        </sourceSystem>
        <actionCode>17000</actionCode>
      </item>
      <item>
        <actionDate>2018-02-12</actionDate>
        <committee />
        <links />
        <text>Introduced in Senate</text>
        <type>IntroReferral</type>
        <sourceSystem>
          <code>9</code>
          <name>Library of Congress</name>
        </sourceSystem>
        <actionCode>10000</actionCode>
      </item>
    </actions>
  </bill>
  <dublinCore xmlns:dc="http://purl.org/dc/elements/1.1/">
    <dc:format>text/xml</dc:format>
    <dc:language>EN</dc:language>
    <dc:rights>Pursuant to Title 17 Section 105 of the United States Code, this file is not subject to copyright protection and is in the public domain.</dc:rights>
    <dc:contributor>Congressional Research Service, Library of Congress</dc:contributor>
    <dc:description>This file contains bill summaries and statuses for federal legislation. A bill summary describes the most significant provisions of a piece of legislation and details the effects the legislative text may have on current law and federal programs. Bill summaries are authored by the Congressional Research Service (CRS) of the Library of Congress. As stated in Public Law 91-510 (2 USC 166 (d)(6)), one of the duties of CRS is "to prepare summaries and digests of bills and resolutions of a public general nature introduced in the Senate or House of Representatives". For more information, refer to the User Guide that accompanies this file.</dc:description>
  </dublinCore>
</billStatus>

