<?xml version="1.0" encoding="UTF-8"?>
<billStatus>
  <bill>
    <calendarNumbers>
      <item>
        <calendar>Senate Calendar of Business</calendar>
        <number>0034</number>
      </item>
    </calendarNumbers>
    <billType>SRES</billType>
    <title>A resolution condemning the Assad regime for its continued use of chemical weapons against the Syrian people.</title>
    <introducedDate>2017-04-05</introducedDate>
    <latestAction>
      <actionDate>2017-04-07</actionDate>
      <text>Placed on Senate Legislative Calendar under General Orders. Calendar No. 34.</text>
      <links />
    </latestAction>
    <titles>
      <item>
        <titleType>Official Title as Introduced</titleType>
        <title>A resolution condemning the Assad regime for its continued use of chemical weapons against the Syrian people.</title>
        <parentTitleType />
        <chamberName />
        <chamberCode />
      </item>
      <item>
        <titleType>Display Title</titleType>
        <title>A resolution condemning the Assad regime for its continued use of chemical weapons against the Syrian people.</title>
        <parentTitleType />
        <chamberName />
        <chamberCode />
      </item>
    </titles>
    <actions>
      <actionByCounts>
        <senate>6</senate>
      </actionByCounts>
      <actionTypeCounts>
        <placedOnCalendarGeneralOrders>1</placedOnCalendarGeneralOrders>
        <introducedInSenate>1</introducedInSenate>
        <orderedReported>1</orderedReported>
        <reportedToSenate>2</reportedToSenate>
        <referredToCommittee>1</referredToCommittee>
      </actionTypeCounts>
      <item>
        <actionDate>2017-04-07</actionDate>
        <committee />
        <links />
        <sourceSystem>
          <name>Senate</name>
          <code>0</code>
        </sourceSystem>
        <text>Placed on Senate Legislative Calendar under General Orders. Calendar No. 34.</text>
        <type>Calendars</type>
      </item>
      <item>
        <actionDate>2017-04-07</actionDate>
        <committee>
          <name>Foreign Relations Committee</name>
          <systemCode>ssfr00</systemCode>
        </committee>
        <links />
        <sourceSystem>
          <name>Senate</name>
          <code>0</code>
        </sourceSystem>
        <text>Committee on Foreign Relations. Reported by Senator Corker with amendments and with an amended preamble. Without written report.</text>
        <type>Committee</type>
      </item>
      <item>
        <text>Committee on Foreign Relations. Reported by Senator Corker with amendments and with an amended preamble. Without written report.</text>
        <type>Committee</type>
        <links />
        <sourceSystem>
          <name>Library of Congress</name>
          <code>9</code>
        </sourceSystem>
        <actionDate>2017-04-07</actionDate>
        <committee>
          <name>Foreign Relations Committee</name>
          <systemCode>ssfr00</systemCode>
        </committee>
        <actionCode>14000</actionCode>
      </item>
      <item>
        <actionDate>2017-04-06</actionDate>
        <committee>
          <name>Foreign Relations Committee</name>
          <systemCode>ssfr00</systemCode>
        </committee>
        <links />
        <sourceSystem>
          <name>Senate</name>
          <code>0</code>
        </sourceSystem>
        <text>Committee on Foreign Relations. Ordered to be reported with amendments favorably.</text>
        <type>Committee</type>
      </item>
      <item>
        <actionDate>2017-04-05</actionDate>
        <committee>
          <name>Foreign Relations Committee</name>
          <systemCode>ssfr00</systemCode>
        </committee>
        <links>
          <link>
            <name>S2370</name>
            <url>https://www.congress.gov/congressional-record/volume-163/senate-section/page/S2370</url>
          </link>
        </links>
        <sourceSystem>
          <name>Senate</name>
          <code>0</code>
        </sourceSystem>
        <text>Referred to the Committee on Foreign Relations. (text as introduced in Senate: CR S2370)</text>
        <type>IntroReferral</type>
      </item>
      <item>
        <text>Introduced in Senate</text>
        <type>IntroReferral</type>
        <links />
        <sourceSystem>
          <name>Library of Congress</name>
          <code>9</code>
        </sourceSystem>
        <actionDate>2017-04-05</actionDate>
        <committee />
        <actionCode>10000</actionCode>
      </item>
    </actions>
    <policyArea>
      <name>International Affairs</name>
    </policyArea>
    <originChamber>Senate</originChamber>
    <subjects>
      <billSubjects>
        <policyArea>
          <name>International Affairs</name>
        </policyArea>
        <legislativeSubjects>
          <item>
            <name>Arms control and nonproliferation</name>
          </item>
          <item>
            <name>Asia</name>
          </item>
          <item>
            <name>Chemical and biological weapons</name>
          </item>
          <item>
            <name>China</name>
          </item>
          <item>
            <name>Conflicts and wars</name>
          </item>
          <item>
            <name>Criminal investigation, prosecution, interrogation</name>
          </item>
          <item>
            <name>Diplomacy, foreign officials, Americans abroad</name>
          </item>
          <item>
            <name>International law and treaties</name>
          </item>
          <item>
            <name>Middle East</name>
          </item>
          <item>
            <name>Russia</name>
          </item>
          <item>
            <name>Syria</name>
          </item>
          <item>
            <name>United Nations</name>
          </item>
          <item>
            <name>War crimes, genocide, crimes against humanity</name>
          </item>
        </legislativeSubjects>
      </billSubjects>
    </subjects>
    <recordedVotes />
    <cboCostEstimates />
    <billNumber>116</billNumber>
    <updateDate>2018-02-22T15:29:18Z</updateDate>
    <committeeReports />
    <notes />
    <laws />
    <createDate>2017-04-06T02:11:45Z</createDate>
    <summaries>
      <billSummaries>
        <item>
          <versionCode>00</versionCode>
          <text><![CDATA[<p>Holds the Assad regime responsible for war crimes and crimes against humanity, including its confirmed use of chemical weapons.</p> <p> Condemns Russia for repeatedly blocking a U.N. Security Council response to Bashar al-Assad's confirmed use of chemical weapons.</p> <p>Calls on the Security Council to act in response to the Assad regime's continued use of chemical weapons. </p> <p>Supports the work of the Organization for the Prohibition of Chemical Weapons-United Nations Joint Investigative Mechanism.</p> <p>Expresses alarm that the Assad regime's continued use of chemical weapons undermines the integrity of the Chemical Weapons Convention. </p> <p>Reiterates that Bashar al-Assad has lost legitimacy as Syria's leader, and insists that he must be held accountable for his war crimes and crimes against humanity. </p>]]></text>
          <actionDesc>Introduced in Senate</actionDesc>
          <lastSummaryUpdateDate>2017-05-05T20:06:41Z</lastSummaryUpdateDate>
          <updateDate>2017-04-05T04:00:00Z</updateDate>
          <actionDate>2017-04-05</actionDate>
          <name>Introduced in Senate</name>
        </item>
        <item>
          <versionCode>01</versionCode>
          <text><![CDATA[<p>Holds the Assad regime responsible for war crimes and crimes against humanity, including its confirmed use of chemical weapons.</p> <p> Condemns Russia and China for repeatedly blocking a U.N. Security Council response to Bashar al-Assad's confirmed use of chemical weapons.</p> <p>Calls on the Security Council to act in response to the Assad regime's continued use of chemical weapons. </p> <p>Supports the work of the Organization for the Prohibition of Chemical Weapons-United Nations Joint Investigative Mechanism.</p> <p>Expresses alarm that the Assad regime's continued use of chemical weapons undermines the integrity of the Chemical Weapons Convention. </p> <p>Reiterates that Bashar al-Assad has lost legitimacy as Syria's leader and insists that he must be held accountable for his war crimes and crimes against humanity. </p>]]></text>
          <actionDesc>Reported to Senate with amendment(s)</actionDesc>
          <lastSummaryUpdateDate>2017-05-05T20:09:14Z</lastSummaryUpdateDate>
          <updateDate>2017-04-07T15:19:24Z</updateDate>
          <actionDate>2017-04-07</actionDate>
          <name>Reported to Senate with amendment(s)</name>
        </item>
      </billSummaries>
    </summaries>
    <amendments>
      <amendment>
        <purpose />
        <latestAction />
        <number>208</number>
        <description />
        <purpose />
        <amendedBill>
          <type>SRES</type>
          <number>116</number>
          <title>A resolution condemning the Assad regime for its continued use of chemical weapons against the Syrian people.</title>
          <congress>115</congress>
          <originChamberCode>S</originChamberCode>
          <originChamber>Senate</originChamber>
        </amendedBill>
        <actions>
          <actionByCounts>
            <senate>1</senate>
          </actionByCounts>
          <actions>
            <item>
              <actionDate>2017-04-07</actionDate>
              <committee />
              <links />
              <text />
            </item>
            <item>
              <actionDate>2017-04-07</actionDate>
              <text>Senate amendment submitted</text>
              <links />
              <actionCode>91000</actionCode>
              <type>Floor</type>
              <committee />
              <sourceSystem>
                <name>Library of Congress</name>
                <code>9</code>
              </sourceSystem>
            </item>
          </actions>
          <actionTypeCounts>
            <senateAmendmentSubmitted>1</senateAmendmentSubmitted>
          </actionTypeCounts>
          <count>2</count>
        </actions>
        <version>1.0.0</version>
        <createDate>2017-04-08T04:46:17Z</createDate>
        <number>208</number>
        <titles />
        <congress>115</congress>
        <updateDate>2018-02-22T15:29:18Z</updateDate>
        <submittedDate>2017-04-07T04:00:00Z</submittedDate>
        <proposedDate />
        <cosponsors>
          <totalCount>2</totalCount>
          <item>
            <isOriginalCosponsor>True</isOriginalCosponsor>
            <party>D</party>
            <middleName />
            <sponsorshipDate>2017-04-07</sponsorshipDate>
            <lastName>UDALL</lastName>
            <bioguideId>U000039</bioguideId>
            <fullName>Sen. Udall, Tom [D-NM]</fullName>
            <sponsorshipWithdrawnDate />
            <firstName>TOM</firstName>
            <identifiers>
              <bioguideId>U000039</bioguideId>
              <lisID>1567</lisID>
              <gpoId>8260</gpoId>
            </identifiers>
            <state>NM</state>
          </item>
          <item>
            <isOriginalCosponsor>True</isOriginalCosponsor>
            <party>D</party>
            <middleName>A.</middleName>
            <sponsorshipDate>2017-04-07</sponsorshipDate>
            <lastName>Booker</lastName>
            <bioguideId>B001288</bioguideId>
            <fullName>Sen. Booker, Cory A. [D-NJ]</fullName>
            <sponsorshipWithdrawnDate />
            <firstName>Cory</firstName>
            <identifiers>
              <bioguideId>B001288</bioguideId>
              <gpoId />
              <lisID>2194</lisID>
            </identifiers>
            <state>NJ</state>
          </item>
          <currentCount>2</currentCount>
        </cosponsors>
        <amendments>
          <count>0</count>
        </amendments>
        <notes />
        <description />
        <links />
        <type>SAMDT</type>
        <chamber>Senate</chamber>
        <sponsors>
          <item>
            <lastName>Paul</lastName>
            <firstName>Rand</firstName>
            <fullName>Sen. Paul, Rand [R-KY]</fullName>
            <bioguideId>P000603</bioguideId>
            <middleName />
            <identifiers>
              <bioguideId>P000603</bioguideId>
              <lisID>2082</lisID>
              <gpoId>8308</gpoId>
            </identifiers>
            <state>KY</state>
            <party>R</party>
          </item>
        </sponsors>
        <amendedAmendment />
        <congress>115</congress>
        <type>SAMDT</type>
      </amendment>
      <amendment>
        <purpose />
        <latestAction />
        <number>207</number>
        <description />
        <purpose />
        <amendedBill>
          <type>SRES</type>
          <number>116</number>
          <title>A resolution condemning the Assad regime for its continued use of chemical weapons against the Syrian people.</title>
          <congress>115</congress>
          <originChamberCode>S</originChamberCode>
          <originChamber>Senate</originChamber>
        </amendedBill>
        <actions>
          <actionTypeCounts>
            <senateAmendmentSubmitted>1</senateAmendmentSubmitted>
          </actionTypeCounts>
          <actions>
            <item>
              <actionDate>2017-04-07</actionDate>
              <committee />
              <links />
              <text />
            </item>
            <item>
              <sourceSystem>
                <code>9</code>
                <name>Library of Congress</name>
              </sourceSystem>
              <committee />
              <type>Floor</type>
              <actionDate>2017-04-07</actionDate>
              <links />
              <text>Senate amendment submitted</text>
              <actionCode>91000</actionCode>
            </item>
          </actions>
          <actionByCounts>
            <senate>1</senate>
          </actionByCounts>
          <count>2</count>
        </actions>
        <version>1.0.0</version>
        <createDate>2017-04-08T04:46:16Z</createDate>
        <number>207</number>
        <titles />
        <congress>115</congress>
        <updateDate>2018-02-22T15:29:18Z</updateDate>
        <submittedDate>2017-04-07T04:00:00Z</submittedDate>
        <proposedDate />
        <cosponsors>
          <totalCount>2</totalCount>
          <item>
            <firstName>TOM</firstName>
            <state>NM</state>
            <lastName>UDALL</lastName>
            <sponsorshipWithdrawnDate />
            <party>D</party>
            <fullName>Sen. Udall, Tom [D-NM]</fullName>
            <middleName />
            <sponsorshipDate>2017-04-07</sponsorshipDate>
            <bioguideId>U000039</bioguideId>
            <isOriginalCosponsor>True</isOriginalCosponsor>
            <identifiers>
              <bioguideId>U000039</bioguideId>
              <lisID>1567</lisID>
              <gpoId>8260</gpoId>
            </identifiers>
          </item>
          <item>
            <firstName>Cory</firstName>
            <state>NJ</state>
            <lastName>Booker</lastName>
            <sponsorshipWithdrawnDate />
            <party>D</party>
            <fullName>Sen. Booker, Cory A. [D-NJ]</fullName>
            <middleName>A.</middleName>
            <sponsorshipDate>2017-04-07</sponsorshipDate>
            <bioguideId>B001288</bioguideId>
            <isOriginalCosponsor>True</isOriginalCosponsor>
            <identifiers>
              <bioguideId>B001288</bioguideId>
              <gpoId />
              <lisID>2194</lisID>
            </identifiers>
          </item>
          <currentCount>2</currentCount>
        </cosponsors>
        <amendments>
          <count>0</count>
        </amendments>
        <notes />
        <description />
        <links />
        <type>SAMDT</type>
        <chamber>Senate</chamber>
        <sponsors>
          <item>
            <lastName>Paul</lastName>
            <firstName>Rand</firstName>
            <fullName>Sen. Paul, Rand [R-KY]</fullName>
            <bioguideId>P000603</bioguideId>
            <middleName />
            <identifiers>
              <bioguideId>P000603</bioguideId>
              <lisID>2082</lisID>
              <gpoId>8308</gpoId>
            </identifiers>
            <state>KY</state>
            <party>R</party>
          </item>
        </sponsors>
        <amendedAmendment />
        <congress>115</congress>
        <type>SAMDT</type>
      </amendment>
      <amendment>
        <purpose />
        <latestAction />
        <number>206</number>
        <description />
        <createDate>2017-04-08T04:46:15Z</createDate>
        <number>206</number>
        <type>SAMDT</type>
        <updateDate>2018-02-22T15:29:18Z</updateDate>
        <submittedDate>2017-04-07T04:00:00Z</submittedDate>
        <proposedDate />
        <sponsors>
          <item>
            <state>KY</state>
            <fullName>Sen. Paul, Rand [R-KY]</fullName>
            <bioguideId>P000603</bioguideId>
            <firstName>Rand</firstName>
            <party>R</party>
            <middleName />
            <identifiers>
              <bioguideId>P000603</bioguideId>
              <lisID>2082</lisID>
              <gpoId>8308</gpoId>
            </identifiers>
            <lastName>Paul</lastName>
          </item>
        </sponsors>
        <amendments>
          <count>0</count>
        </amendments>
        <congress>115</congress>
        <cosponsors>
          <totalCount>2</totalCount>
          <currentCount>2</currentCount>
          <item>
            <lastName>UDALL</lastName>
            <firstName>TOM</firstName>
            <identifiers>
              <bioguideId>U000039</bioguideId>
              <lisID>1567</lisID>
              <gpoId>8260</gpoId>
            </identifiers>
            <party>D</party>
            <sponsorshipDate>2017-04-07</sponsorshipDate>
            <isOriginalCosponsor>True</isOriginalCosponsor>
            <middleName />
            <state>NM</state>
            <bioguideId>U000039</bioguideId>
            <fullName>Sen. Udall, Tom [D-NM]</fullName>
            <sponsorshipWithdrawnDate />
          </item>
          <item>
            <lastName>Booker</lastName>
            <firstName>Cory</firstName>
            <identifiers>
              <bioguideId>B001288</bioguideId>
              <gpoId />
              <lisID>2194</lisID>
            </identifiers>
            <party>D</party>
            <sponsorshipDate>2017-04-07</sponsorshipDate>
            <isOriginalCosponsor>True</isOriginalCosponsor>
            <middleName>A.</middleName>
            <state>NJ</state>
            <bioguideId>B001288</bioguideId>
            <fullName>Sen. Booker, Cory A. [D-NJ]</fullName>
            <sponsorshipWithdrawnDate />
          </item>
        </cosponsors>
        <amendedAmendment />
        <amendedBill>
          <congress>115</congress>
          <number>116</number>
          <type>SRES</type>
          <originChamber>Senate</originChamber>
          <originChamberCode>S</originChamberCode>
          <title>A resolution condemning the Assad regime for its continued use of chemical weapons against the Syrian people.</title>
        </amendedBill>
        <links />
        <notes />
        <titles />
        <actions>
          <count>2</count>
          <actionByCounts>
            <senate>1</senate>
          </actionByCounts>
          <actions>
            <item>
              <actionDate>2017-04-07</actionDate>
              <committee />
              <links />
              <text />
            </item>
            <item>
              <committee />
              <links />
              <text>Senate amendment submitted</text>
              <actionDate>2017-04-07</actionDate>
              <type>Floor</type>
              <actionCode>91000</actionCode>
              <sourceSystem>
                <code>9</code>
                <name>Library of Congress</name>
              </sourceSystem>
            </item>
          </actions>
          <actionTypeCounts>
            <senateAmendmentSubmitted>1</senateAmendmentSubmitted>
          </actionTypeCounts>
        </actions>
        <purpose />
        <description />
        <chamber>Senate</chamber>
        <version>1.0.0</version>
        <congress>115</congress>
        <type>SAMDT</type>
      </amendment>
    </amendments>
    <committees>
      <billCommittees>
        <item>
          <subcommittees />
          <type>Standing</type>
          <name>Foreign Relations Committee</name>
          <activities>
            <item>
              <name>Reported by</name>
              <date>2017-04-07T16:14:22Z</date>
            </item>
            <item>
              <name>Markup by</name>
              <date>2017-04-06T15:00:34Z</date>
            </item>
            <item>
              <name>Referred to</name>
              <date>2017-04-05T21:37:41Z</date>
            </item>
          </activities>
          <chamber>Senate</chamber>
          <systemCode>ssfr00</systemCode>
        </item>
      </billCommittees>
    </committees>
    <cosponsors>
      <item>
        <isOriginalCosponsor>True</isOriginalCosponsor>
        <party>R</party>
        <middleName />
        <sponsorshipDate>2017-04-05</sponsorshipDate>
        <lastName>Corker</lastName>
        <bioguideId>C001071</bioguideId>
        <fullName>Sen. Corker, Bob [R-TN]</fullName>
        <sponsorshipWithdrawnDate />
        <firstName>Bob</firstName>
        <identifiers>
          <bioguideId>C001071</bioguideId>
          <gpoId>8294</gpoId>
          <lisID>1825</lisID>
        </identifiers>
        <state>TN</state>
      </item>
      <item>
        <isOriginalCosponsor>True</isOriginalCosponsor>
        <party>D</party>
        <middleName>J.</middleName>
        <sponsorshipDate>2017-04-05</sponsorshipDate>
        <lastName>DURBIN</lastName>
        <bioguideId>D000563</bioguideId>
        <fullName>Sen. Durbin, Richard J. [D-IL]</fullName>
        <sponsorshipWithdrawnDate />
        <firstName>RICHARD</firstName>
        <identifiers>
          <bioguideId>D000563</bioguideId>
          <gpoId>8326</gpoId>
          <lisID>326</lisID>
        </identifiers>
        <state>IL</state>
      </item>
      <item>
        <isOriginalCosponsor>True</isOriginalCosponsor>
        <party>R</party>
        <middleName />
        <sponsorshipDate>2017-04-05</sponsorshipDate>
        <lastName>Rubio</lastName>
        <bioguideId>R000595</bioguideId>
        <fullName>Sen. Rubio, Marco [R-FL]</fullName>
        <sponsorshipWithdrawnDate />
        <firstName>Marco</firstName>
        <identifiers>
          <bioguideId>R000595</bioguideId>
          <lisID>2084</lisID>
          <gpoId>8242</gpoId>
        </identifiers>
        <state>FL</state>
      </item>
      <item>
        <isOriginalCosponsor>True</isOriginalCosponsor>
        <party>D</party>
        <middleName />
        <sponsorshipDate>2017-04-05</sponsorshipDate>
        <lastName>Kaine</lastName>
        <bioguideId>K000384</bioguideId>
        <fullName>Sen. Kaine, Tim [D-VA]</fullName>
        <sponsorshipWithdrawnDate />
        <firstName>Timothy</firstName>
        <identifiers>
          <bioguideId>K000384</bioguideId>
          <lisID>2176</lisID>
          <gpoId />
        </identifiers>
        <state>VA</state>
      </item>
      <item>
        <isOriginalCosponsor>True</isOriginalCosponsor>
        <party>D</party>
        <middleName />
        <sponsorshipDate>2017-04-05</sponsorshipDate>
        <lastName>Shaheen</lastName>
        <bioguideId>S001181</bioguideId>
        <fullName>Sen. Shaheen, Jeanne [D-NH]</fullName>
        <sponsorshipWithdrawnDate />
        <firstName>Jeanne</firstName>
        <identifiers>
          <bioguideId>S001181</bioguideId>
          <gpoId>8276</gpoId>
          <lisID>1901</lisID>
        </identifiers>
        <state>NH</state>
      </item>
      <item>
        <isOriginalCosponsor>True</isOriginalCosponsor>
        <party>D</party>
        <middleName />
        <sponsorshipDate>2017-04-05</sponsorshipDate>
        <lastName>UDALL</lastName>
        <bioguideId>U000039</bioguideId>
        <fullName>Sen. Udall, Tom [D-NM]</fullName>
        <sponsorshipWithdrawnDate />
        <firstName>TOM</firstName>
        <identifiers>
          <bioguideId>U000039</bioguideId>
          <lisID>1567</lisID>
          <gpoId>8260</gpoId>
        </identifiers>
        <state>NM</state>
      </item>
      <item>
        <isOriginalCosponsor>True</isOriginalCosponsor>
        <party>D</party>
        <middleName>A.</middleName>
        <sponsorshipDate>2017-04-05</sponsorshipDate>
        <lastName>Coons</lastName>
        <bioguideId>C001088</bioguideId>
        <fullName>Sen. Coons, Christopher A. [D-DE]</fullName>
        <sponsorshipWithdrawnDate />
        <firstName>Christopher</firstName>
        <identifiers>
          <bioguideId>C001088</bioguideId>
          <lisID>1984</lisID>
          <gpoId>8297</gpoId>
        </identifiers>
        <state>DE</state>
      </item>
      <item>
        <isOriginalCosponsor>True</isOriginalCosponsor>
        <party>R</party>
        <middleName />
        <sponsorshipDate>2017-04-05</sponsorshipDate>
        <lastName>Gardner</lastName>
        <bioguideId>G000562</bioguideId>
        <fullName>Sen. Gardner, Cory [R-CO]</fullName>
        <sponsorshipWithdrawnDate />
        <firstName>Cory</firstName>
        <identifiers>
          <bioguideId>G000562</bioguideId>
          <gpoId>7862</gpoId>
          <lisID>1998</lisID>
        </identifiers>
        <state>CO</state>
      </item>
      <item>
        <isOriginalCosponsor>False</isOriginalCosponsor>
        <party>D</party>
        <middleName />
        <sponsorshipDate>2017-04-06</sponsorshipDate>
        <lastName>MENENDEZ</lastName>
        <bioguideId>M000639</bioguideId>
        <fullName>Sen. Menendez, Robert [D-NJ]</fullName>
        <sponsorshipWithdrawnDate />
        <firstName>ROBERT</firstName>
        <identifiers>
          <bioguideId>M000639</bioguideId>
          <gpoId>8239</gpoId>
          <lisID>791</lisID>
        </identifiers>
        <state>NJ</state>
      </item>
      <item>
        <isOriginalCosponsor>False</isOriginalCosponsor>
        <party>D</party>
        <middleName>A.</middleName>
        <sponsorshipDate>2017-04-06</sponsorshipDate>
        <lastName>Booker</lastName>
        <bioguideId>B001288</bioguideId>
        <fullName>Sen. Booker, Cory A. [D-NJ]</fullName>
        <sponsorshipWithdrawnDate />
        <firstName>Cory</firstName>
        <identifiers>
          <bioguideId>B001288</bioguideId>
          <gpoId />
          <lisID>2194</lisID>
        </identifiers>
        <state>NJ</state>
      </item>
      <item>
        <isOriginalCosponsor>False</isOriginalCosponsor>
        <party>D</party>
        <middleName />
        <sponsorshipDate>2017-04-06</sponsorshipDate>
        <lastName>Merkley</lastName>
        <bioguideId>M001176</bioguideId>
        <fullName>Sen. Merkley, Jeff [D-OR]</fullName>
        <sponsorshipWithdrawnDate />
        <firstName>Jeff</firstName>
        <identifiers>
          <lisID>1900</lisID>
          <gpoId>8238</gpoId>
          <bioguideId>M001176</bioguideId>
        </identifiers>
        <state>OR</state>
      </item>
      <item>
        <isOriginalCosponsor>False</isOriginalCosponsor>
        <party>D</party>
        <middleName>J.</middleName>
        <sponsorshipDate>2017-04-06</sponsorshipDate>
        <lastName>MARKEY</lastName>
        <bioguideId>M000133</bioguideId>
        <fullName>Sen. Markey, Edward J. [D-MA]</fullName>
        <sponsorshipWithdrawnDate />
        <firstName>EDWARD</firstName>
        <identifiers>
          <bioguideId>M000133</bioguideId>
          <lisID>735</lisID>
          <gpoId>7972</gpoId>
        </identifiers>
        <state>MA</state>
      </item>
    </cosponsors>
    <congress>115</congress>
    <relatedBills />
    <version>1.0.0</version>
    <sponsors>
      <item>
        <lastName>CARDIN</lastName>
        <identifiers>
          <lisID>174</lisID>
          <gpoId>8287</gpoId>
          <bioguideId>C000141</bioguideId>
        </identifiers>
        <middleName>L.</middleName>
        <bioguideId>C000141</bioguideId>
        <firstName>BENJAMIN</firstName>
        <byRequestType />
        <state>MD</state>
        <fullName>Sen. Cardin, Benjamin L. [D-MD]</fullName>
        <party>D</party>
      </item>
    </sponsors>
  </bill>
  <dublinCore xmlns:dc="http://purl.org/dc/elements/1.1/">
    <dc:format>text/xml</dc:format>
    <dc:language>EN</dc:language>
    <dc:rights>Pursuant to Title 17 Section 105 of the United States Code, this file is not subject to copyright protection and is in the public domain.</dc:rights>
    <dc:contributor>Congressional Research Service, Library of Congress</dc:contributor>
    <dc:description>This file contains bill summaries and statuses for federal legislation. A bill summary describes the most significant provisions of a piece of legislation and details the effects the legislative text may have on current law and federal programs. Bill summaries are authored by the Congressional Research Service (CRS) of the Library of Congress. As stated in Public Law 91-510 (2 USC 166 (d)(6)), one of the duties of CRS is "to prepare summaries and digests of bills and resolutions of a public general nature introduced in the Senate or House of Representatives". For more information, refer to the User Guide that accompanies this file.</dc:description>
  </dublinCore>
</billStatus>

