<?xml version="1.0" encoding="UTF-8"?>
<billStatus>
  <bill>
    <committeeReports />
    <laws />
    <notes />
    <calendarNumbers />
    <updateDate>2018-02-22T15:29:17Z</updateDate>
    <cosponsors />
    <billNumber>57</billNumber>
    <policyArea>
      <name>Congress</name>
    </policyArea>
    <committees>
      <billCommittees />
    </committees>
    <title>A resolution to constitute the majority party's membership on certain committees for the One Hundred Fifteenth Congress, or until their successors are chosen.</title>
    <sponsors>
      <item>
        <lastName>MCCONNELL</lastName>
        <firstName>MITCH</firstName>
        <identifiers>
          <bioguideId>M000355</bioguideId>
          <lisID>1395</lisID>
          <gpoId>8254</gpoId>
        </identifiers>
        <party>R</party>
        <byRequestType />
        <middleName />
        <state>KY</state>
        <bioguideId>M000355</bioguideId>
        <fullName>Sen. McConnell, Mitch [R-KY]</fullName>
      </item>
    </sponsors>
    <latestAction>
      <actionDate>2017-02-09</actionDate>
      <links />
      <text>Submitted in the Senate, considered, and agreed to without amendment by Unanimous Consent. (consideration: CR S1070-1071; text as passed Senate: CR S1070-1071)</text>
    </latestAction>
    <createDate>2017-02-10T07:41:47Z</createDate>
    <billType>SRES</billType>
    <actions>
      <actionByCounts>
        <senate>3</senate>
      </actionByCounts>
      <item>
        <actionDate>2017-02-09</actionDate>
        <committee />
        <links>
          <link>
            <url>https://www.congress.gov/congressional-record/volume-163/senate-section/page/S1070-1071</url>
            <name>S1070-1071</name>
          </link>
        </links>
        <sourceSystem>
          <name>Senate</name>
          <code>0</code>
        </sourceSystem>
        <text>Submitted in the Senate, considered, and agreed to without amendment by Unanimous Consent. (consideration: CR S1070-1071; text as passed Senate: CR S1070-1071)</text>
        <type>Floor</type>
      </item>
      <item>
        <actionDate>2017-02-09</actionDate>
        <text>Passed/agreed to in Senate: Submitted in the Senate, considered, and agreed to without amendment by Unanimous Consent.(consideration: CR S1070-1071; text as passed Senate: CR S1070-1071)</text>
        <links>
          <link>
            <url>https://www.congress.gov/congressional-record/volume-163/senate-section/page/S1070-1071</url>
            <name>S1070-1071</name>
          </link>
        </links>
        <actionCode>17000</actionCode>
        <type>Floor</type>
        <committee />
        <sourceSystem>
          <name>Library of Congress</name>
          <code>9</code>
        </sourceSystem>
      </item>
      <item>
        <actionDate>2017-02-09</actionDate>
        <text>Introduced in Senate</text>
        <links />
        <actionCode>10000</actionCode>
        <type>IntroReferral</type>
        <committee />
        <sourceSystem>
          <name>Library of Congress</name>
          <code>9</code>
        </sourceSystem>
      </item>
      <actionTypeCounts>
        <passedAgreedToInSenate>1</passedAgreedToInSenate>
        <passedOrAgreedToInSenateDayOf>1</passedOrAgreedToInSenateDayOf>
        <introducedInSenate>1</introducedInSenate>
      </actionTypeCounts>
    </actions>
    <subjects>
      <billSubjects>
        <legislativeSubjects>
          <item>
            <name>Congressional committees</name>
          </item>
          <item>
            <name>Members of Congress</name>
          </item>
          <item>
            <name>Senate</name>
          </item>
          <item>
            <name>Senate Committee on Agriculture, Nutrition, and Forestry</name>
          </item>
          <item>
            <name>Senate Committee on Armed Services</name>
          </item>
          <item>
            <name>Senate Committee on Energy and Natural Resources</name>
          </item>
          <item>
            <name>Senate Committee on Environment and Public Works</name>
          </item>
          <item>
            <name>Senate Committee on the Budget</name>
          </item>
        </legislativeSubjects>
        <policyArea>
          <name>Congress</name>
        </policyArea>
      </billSubjects>
    </subjects>
    <originChamber>Senate</originChamber>
    <introducedDate>2017-02-09</introducedDate>
    <titles>
      <item>
        <chamberName />
        <parentTitleType />
        <title>A resolution to constitute the majority party's membership on certain committees for the One Hundred Fifteenth Congress, or until their successors are chosen.</title>
        <chamberCode />
        <titleType>Official Title as Introduced</titleType>
      </item>
      <item>
        <chamberName />
        <parentTitleType />
        <title>A resolution to constitute the majority party's membership on certain committees for the One Hundred Fifteenth Congress, or until their successors are chosen.</title>
        <chamberCode />
        <titleType>Display Title</titleType>
      </item>
    </titles>
    <version>1.0.0</version>
    <recordedVotes />
    <relatedBills />
    <cboCostEstimates />
    <summaries>
      <billSummaries>
        <item>
          <text><![CDATA[<p>Designates the majority party membership on specified Senate committees for the 115th Congress.</p>]]></text>
          <versionCode>00</versionCode>
          <updateDate>2017-02-09T05:00:00Z</updateDate>
          <actionDate>2017-02-09</actionDate>
          <actionDesc>Introduced in Senate</actionDesc>
          <name>Introduced in Senate</name>
          <lastSummaryUpdateDate>2017-03-11T17:24:32Z</lastSummaryUpdateDate>
        </item>
        <item>
          <text><![CDATA[<p>(This measure has not been amended since it was introduced. The summary of that version is repeated here.)</p> <p>Designates the majority party membership on specified Senate committees for the 115th Congress.</p>]]></text>
          <versionCode>82</versionCode>
          <updateDate>2017-02-09T19:14:07Z</updateDate>
          <actionDate>2017-02-09</actionDate>
          <actionDesc>Passed Senate without amendment</actionDesc>
          <name>Passed Senate without amendment</name>
          <lastSummaryUpdateDate>2017-03-16T19:17:31Z</lastSummaryUpdateDate>
        </item>
      </billSummaries>
    </summaries>
    <amendments />
    <congress>115</congress>
  </bill>
  <dublinCore xmlns:dc="http://purl.org/dc/elements/1.1/">
    <dc:format>text/xml</dc:format>
    <dc:language>EN</dc:language>
    <dc:rights>Pursuant to Title 17 Section 105 of the United States Code, this file is not subject to copyright protection and is in the public domain.</dc:rights>
    <dc:contributor>Congressional Research Service, Library of Congress</dc:contributor>
    <dc:description>This file contains bill summaries and statuses for federal legislation. A bill summary describes the most significant provisions of a piece of legislation and details the effects the legislative text may have on current law and federal programs. Bill summaries are authored by the Congressional Research Service (CRS) of the Library of Congress. As stated in Public Law 91-510 (2 USC 166 (d)(6)), one of the duties of CRS is "to prepare summaries and digests of bills and resolutions of a public general nature introduced in the Senate or House of Representatives". For more information, refer to the User Guide that accompanies this file.</dc:description>
  </dublinCore>
</billStatus>

