<?xml version="1.0" encoding="UTF-8"?>
<billStatus>
  <bill>
    <relatedBills />
    <originChamber>Senate</originChamber>
    <recordedVotes />
    <latestAction>
      <text>Submitted in the Senate, considered, and agreed to without amendment and with a preamble by Unanimous Consent. (consideration: CR S3225; text as passed Senate: CR S3224)</text>
      <links />
      <actionDate>2017-05-25</actionDate>
    </latestAction>
    <createDate>2017-05-26T00:41:37Z</createDate>
    <title>A resolution designating May 2017 as "Melanoma Awareness Month".</title>
    <summaries>
      <billSummaries>
        <item>
          <text><![CDATA[<p> Designates May 2017 as Melanoma Awareness Month. (Melanoma is the type of skin cancer that causes the most deaths.)</p> <p>Expresses support for melanoma research and efforts to promote awareness of sunsafe behaviors, including the use of sunscreen and sun-protective clothing.</p>]]></text>
          <name>Introduced in Senate</name>
          <lastSummaryUpdateDate>2017-06-02T20:26:09Z</lastSummaryUpdateDate>
          <versionCode>00</versionCode>
          <actionDesc>Introduced in Senate</actionDesc>
          <updateDate>2017-05-25T04:00:00Z</updateDate>
          <actionDate>2017-05-25</actionDate>
        </item>
        <item>
          <text><![CDATA[<p>(This measure has not been amended since it was introduced. The summary of that version is repeated here.)</p> <p> Designates May 2017 as Melanoma Awareness Month. (Melanoma is the type of skin cancer that causes the most deaths.)</p> <p>Expresses support for melanoma research and efforts to promote awareness of sunsafe behaviors, including the use of sunscreen and sun-protective clothing.</p>]]></text>
          <name>Passed Senate without amendment</name>
          <lastSummaryUpdateDate>2017-06-14T15:27:43Z</lastSummaryUpdateDate>
          <versionCode>82</versionCode>
          <actionDesc>Passed Senate without amendment</actionDesc>
          <updateDate>2017-05-25T18:10:14Z</updateDate>
          <actionDate>2017-05-25</actionDate>
        </item>
      </billSummaries>
    </summaries>
    <actions>
      <actionTypeCounts>
        <passedOrAgreedToInSenateDayOf>1</passedOrAgreedToInSenateDayOf>
        <introducedInSenate>1</introducedInSenate>
        <passedAgreedToInSenate>1</passedAgreedToInSenate>
      </actionTypeCounts>
      <item>
        <actionDate>2017-05-25</actionDate>
        <committee />
        <links>
          <link>
            <url>https://www.congress.gov/congressional-record/volume-163/senate-section/page/S3224</url>
            <name>S3224</name>
          </link>
          <link>
            <url>https://www.congress.gov/congressional-record/volume-163/senate-section/page/S3225</url>
            <name>S3225</name>
          </link>
        </links>
        <sourceSystem>
          <name>Senate</name>
          <code>0</code>
        </sourceSystem>
        <text>Submitted in the Senate, considered, and agreed to without amendment and with a preamble by Unanimous Consent. (consideration: CR S3225; text as passed Senate: CR S3224)</text>
        <type>Floor</type>
      </item>
      <item>
        <text>Passed/agreed to in Senate: Submitted in the Senate, considered, and agreed to without amendment and with a preamble by Unanimous Consent.(consideration: CR S3225; text as passed Senate: CR S3224)</text>
        <links>
          <link>
            <url>https://www.congress.gov/congressional-record/volume-163/senate-section/page/S3224</url>
            <name>S3224</name>
          </link>
          <link>
            <url>https://www.congress.gov/congressional-record/volume-163/senate-section/page/S3225</url>
            <name>S3225</name>
          </link>
        </links>
        <actionDate>2017-05-25</actionDate>
        <committee />
        <sourceSystem>
          <name>Library of Congress</name>
          <code>9</code>
        </sourceSystem>
        <type>Floor</type>
        <actionCode>17000</actionCode>
      </item>
      <item>
        <text>Introduced in Senate</text>
        <links />
        <actionDate>2017-05-25</actionDate>
        <committee />
        <sourceSystem>
          <name>Library of Congress</name>
          <code>9</code>
        </sourceSystem>
        <type>IntroReferral</type>
        <actionCode>10000</actionCode>
      </item>
      <actionByCounts>
        <senate>3</senate>
      </actionByCounts>
    </actions>
    <updateDate>2018-02-06T16:44:08Z</updateDate>
    <amendments />
    <notes />
    <sponsors>
      <item>
        <bioguideId>R000122</bioguideId>
        <middleName>F.</middleName>
        <byRequestType />
        <firstName>JOHN</firstName>
        <lastName>REED</lastName>
        <state>RI</state>
        <party>D</party>
        <identifiers>
          <lisID>949</lisID>
          <bioguideId>R000122</bioguideId>
          <gpoId>8272</gpoId>
        </identifiers>
        <fullName>Sen. Reed, Jack [D-RI]</fullName>
      </item>
    </sponsors>
    <committees>
      <billCommittees />
    </committees>
    <cosponsors>
      <item>
        <bioguideId>I000055</bioguideId>
        <sponsorshipDate>2017-05-25</sponsorshipDate>
        <isOriginalCosponsor>True</isOriginalCosponsor>
        <middleName />
        <sponsorshipWithdrawnDate />
        <firstName>Johnny</firstName>
        <lastName>Isakson</lastName>
        <state>GA</state>
        <party>R</party>
        <identifiers>
          <lisID>1608</lisID>
          <bioguideId>I000055</bioguideId>
          <gpoId>8323</gpoId>
        </identifiers>
        <fullName>Sen. Isakson, Johnny [R-GA]</fullName>
      </item>
      <item>
        <bioguideId>D000563</bioguideId>
        <sponsorshipDate>2017-05-25</sponsorshipDate>
        <isOriginalCosponsor>True</isOriginalCosponsor>
        <middleName>J.</middleName>
        <sponsorshipWithdrawnDate />
        <firstName>RICHARD</firstName>
        <lastName>DURBIN</lastName>
        <state>IL</state>
        <party>D</party>
        <identifiers>
          <lisID>326</lisID>
          <gpoId>8326</gpoId>
          <bioguideId>D000563</bioguideId>
        </identifiers>
        <fullName>Sen. Durbin, Richard J. [D-IL]</fullName>
      </item>
    </cosponsors>
    <laws />
    <policyArea>
      <name>Health</name>
    </policyArea>
    <cboCostEstimates />
    <billNumber>182</billNumber>
    <congress>115</congress>
    <version>1.0.0</version>
    <introducedDate>2017-05-25</introducedDate>
    <committeeReports />
    <titles>
      <item>
        <chamberName />
        <titleType>Official Title as Introduced</titleType>
        <title>A resolution designating May 2017 as "Melanoma Awareness Month".</title>
        <parentTitleType />
        <chamberCode />
      </item>
      <item>
        <chamberName />
        <titleType>Display Title</titleType>
        <title>A resolution designating May 2017 as "Melanoma Awareness Month".</title>
        <parentTitleType />
        <chamberCode />
      </item>
    </titles>
    <calendarNumbers />
    <subjects>
      <billSubjects>
        <legislativeSubjects>
          <item>
            <name>Cancer</name>
          </item>
          <item>
            <name>Commemorative events and holidays</name>
          </item>
          <item>
            <name>Health promotion and preventive care</name>
          </item>
          <item>
            <name>Medical research</name>
          </item>
          <item>
            <name>Musculoskeletal and skin diseases</name>
          </item>
        </legislativeSubjects>
        <policyArea>
          <name>Health</name>
        </policyArea>
      </billSubjects>
    </subjects>
    <billType>SRES</billType>
  </bill>
  <dublinCore xmlns:dc="http://purl.org/dc/elements/1.1/">
    <dc:format>text/xml</dc:format>
    <dc:language>EN</dc:language>
    <dc:rights>Pursuant to Title 17 Section 105 of the United States Code, this file is not subject to copyright protection and is in the public domain.</dc:rights>
    <dc:contributor>Congressional Research Service, Library of Congress</dc:contributor>
    <dc:description>This file contains bill summaries and statuses for federal legislation. A bill summary describes the most significant provisions of a piece of legislation and details the effects the legislative text may have on current law and federal programs. Bill summaries are authored by the Congressional Research Service (CRS) of the Library of Congress. As stated in Public Law 91-510 (2 USC 166 (d)(6)), one of the duties of CRS is "to prepare summaries and digests of bills and resolutions of a public general nature introduced in the Senate or House of Representatives". For more information, refer to the User Guide that accompanies this file.</dc:description>
  </dublinCore>
</billStatus>

