<?xml version="1.0" encoding="UTF-8"?>
<billStatus>
  <bill>
    <updateDate>2018-02-17T08:06:48Z</updateDate>
    <actions>
      <actionByCounts>
        <senate>8</senate>
      </actionByCounts>
      <item>
        <actionDate>2017-12-21</actionDate>
        <committee />
        <links>
          <link>
            <name>S8276-8277</name>
            <url>https://www.congress.gov/congressional-record/volume-163/senate-section/page/S8276-8277</url>
          </link>
          <link>
            <name>S8277</name>
            <url>https://www.congress.gov/congressional-record/volume-163/senate-section/page/S8277</url>
          </link>
        </links>
        <sourceSystem>
          <code>0</code>
          <name>Senate</name>
        </sourceSystem>
        <text>Resolution agreed to in Senate with an amendment and an amended preamble by Unanimous Consent. (consideration: CR S8276-8277; text: CR S8277)</text>
        <type>Floor</type>
      </item>
      <item>
        <actionDate>2017-12-21</actionDate>
        <committee />
        <type>Floor</type>
        <sourceSystem>
          <code>9</code>
          <name>Library of Congress</name>
        </sourceSystem>
        <actionCode>17000</actionCode>
        <links>
          <link>
            <name>S8276-8277</name>
            <url>https://www.congress.gov/congressional-record/volume-163/senate-section/page/S8276-8277</url>
          </link>
          <link>
            <name>S8277</name>
            <url>https://www.congress.gov/congressional-record/volume-163/senate-section/page/S8277</url>
          </link>
        </links>
        <text>Passed/agreed to in Senate: Resolution agreed to in Senate with an amendment and an amended preamble by Unanimous Consent.(consideration: CR S8276-8277; text: CR S8277)</text>
      </item>
      <item>
        <actionDate>2017-12-11</actionDate>
        <committee />
        <links />
        <sourceSystem>
          <code>0</code>
          <name>Senate</name>
        </sourceSystem>
        <text>Placed on Senate Legislative Calendar under General Orders. Calendar No. 281.</text>
        <type>Calendars</type>
      </item>
      <item>
        <actionDate>2017-12-11</actionDate>
        <committee>
          <systemCode>ssfr00</systemCode>
          <name>Foreign Relations Committee</name>
        </committee>
        <links />
        <sourceSystem>
          <code>0</code>
          <name>Senate</name>
        </sourceSystem>
        <text>Committee on Foreign Relations. Reported by Senator Corker with an amendment and with an amended preamble. Without written report.</text>
        <type>Committee</type>
      </item>
      <item>
        <actionDate>2017-12-11</actionDate>
        <committee>
          <systemCode>ssfr00</systemCode>
          <name>Foreign Relations Committee</name>
        </committee>
        <type>Committee</type>
        <sourceSystem>
          <code>9</code>
          <name>Library of Congress</name>
        </sourceSystem>
        <actionCode>14000</actionCode>
        <links />
        <text>Committee on Foreign Relations. Reported by Senator Corker with an amendment and with an amended preamble. Without written report.</text>
      </item>
      <item>
        <actionDate>2017-12-05</actionDate>
        <committee>
          <systemCode>ssfr00</systemCode>
          <name>Foreign Relations Committee</name>
        </committee>
        <links />
        <sourceSystem>
          <code>0</code>
          <name>Senate</name>
        </sourceSystem>
        <text>Committee on Foreign Relations. Ordered to be reported with amendments favorably.</text>
        <type>Committee</type>
      </item>
      <item>
        <actionDate>2017-04-25</actionDate>
        <committee>
          <systemCode>ssfr00</systemCode>
          <name>Foreign Relations Committee</name>
        </committee>
        <links>
          <link>
            <name>S2533-2534</name>
            <url>https://www.congress.gov/congressional-record/volume-163/senate-section/page/S2533-2534</url>
          </link>
        </links>
        <sourceSystem>
          <code>0</code>
          <name>Senate</name>
        </sourceSystem>
        <text>Referred to the Committee on Foreign Relations. (text of measure as introduced: CR S2533-2534)</text>
        <type>IntroReferral</type>
      </item>
      <item>
        <actionDate>2017-04-25</actionDate>
        <committee />
        <type>IntroReferral</type>
        <sourceSystem>
          <code>9</code>
          <name>Library of Congress</name>
        </sourceSystem>
        <actionCode>10000</actionCode>
        <links />
        <text>Introduced in Senate</text>
      </item>
      <actionTypeCounts>
        <referredToCommittee>1</referredToCommittee>
        <reportedToSenate>2</reportedToSenate>
        <passedAgreedToInSenate>1</passedAgreedToInSenate>
        <orderedReported>1</orderedReported>
        <placedOnCalendarGeneralOrders>1</placedOnCalendarGeneralOrders>
        <introducedInSenate>1</introducedInSenate>
        <agreedToInSenate>1</agreedToInSenate>
      </actionTypeCounts>
    </actions>
    <createDate>2017-04-26T00:41:44Z</createDate>
    <originChamber>Senate</originChamber>
    <recordedVotes />
    <laws />
    <amendments />
    <title>A resolution condemning the Government of Iran's state-sponsored persecution of its Baha'i minority and its continued violation of the International Covenants on Human Rights.</title>
    <titles>
      <item>
        <title>A resolution condemning the Government of Iran's state-sponsored persecution of its Baha'i minority and its continued violation of the International Covenants on Human Rights.</title>
        <chamberCode />
        <parentTitleType />
        <chamberName />
        <titleType>Official Title as Introduced</titleType>
      </item>
      <item>
        <title>A resolution condemning the Government of Iran's state-sponsored persecution of its Baha'i minority and its continued violation of the International Covenants on Human Rights.</title>
        <chamberCode />
        <parentTitleType />
        <chamberName />
        <titleType>Display Title</titleType>
      </item>
    </titles>
    <committees>
      <billCommittees>
        <item>
          <systemCode>ssfr00</systemCode>
          <chamber>Senate</chamber>
          <activities>
            <item>
              <date>2017-12-11T21:39:16Z</date>
              <name>Reported by</name>
            </item>
            <item>
              <date>2017-12-05T19:30:34Z</date>
              <name>Markup by</name>
            </item>
            <item>
              <date>2017-04-25T19:20:52Z</date>
              <name>Referred to</name>
            </item>
          </activities>
          <subcommittees />
          <name>Foreign Relations Committee</name>
          <type>Standing</type>
        </item>
      </billCommittees>
    </committees>
    <sponsors>
      <item>
        <party>D</party>
        <firstName>RON</firstName>
        <identifiers>
          <gpoId>8265</gpoId>
          <lisID>1247</lisID>
          <bioguideId>W000779</bioguideId>
        </identifiers>
        <middleName />
        <fullName>Sen. Wyden, Ron [D-OR]</fullName>
        <lastName>WYDEN</lastName>
        <state>OR</state>
        <bioguideId>W000779</bioguideId>
        <byRequestType />
      </item>
    </sponsors>
    <billNumber>139</billNumber>
    <subjects>
      <billSubjects>
        <legislativeSubjects>
          <item>
            <name>Detention of persons</name>
          </item>
          <item>
            <name>Human rights</name>
          </item>
          <item>
            <name>Iran</name>
          </item>
          <item>
            <name>Middle East</name>
          </item>
          <item>
            <name>Religion</name>
          </item>
          <item>
            <name>Sanctions</name>
          </item>
        </legislativeSubjects>
        <policyArea>
          <name>International Affairs</name>
        </policyArea>
      </billSubjects>
    </subjects>
    <policyArea>
      <name>International Affairs</name>
    </policyArea>
    <version>1.0.0</version>
    <billType>SRES</billType>
    <summaries>
      <billSummaries>
        <item>
          <lastSummaryUpdateDate>2018-02-05T22:04:49Z</lastSummaryUpdateDate>
          <updateDate>2017-04-25T04:00:00Z</updateDate>
          <name>Introduced in Senate</name>
          <actionDesc>Introduced in Senate</actionDesc>
          <actionDate>2017-04-25</actionDate>
          <text><![CDATA[<p>Condemns the government of Iran's state-sponsored persecution of its Baha'i minority and its continued violation of the International Covenants on Human Rights. </p> <p>Urges the President and the Department of State to: (1) condemn the Iranian government's continued violation of human rights and demand the immediate release of prisoners held solely on account of their religion, and (2) impose sanctions on Iranian officials and other individuals directly responsible for serious human rights abuses.</p>]]></text>
          <versionCode>00</versionCode>
        </item>
        <item>
          <lastSummaryUpdateDate>2018-02-06T20:50:47Z</lastSummaryUpdateDate>
          <updateDate>2017-12-11T14:46:42Z</updateDate>
          <name>Reported to Senate with amendment(s)</name>
          <actionDesc>Reported to Senate with amendment(s)</actionDesc>
          <actionDate>2017-12-11</actionDate>
          <text><![CDATA[<p>Condemns the government of Iran's state-sponsored persecution of its Baha'i minority and its continued violation of the International Covenants on Human Rights. </p> <p>Calls on such government to immediately release the five imprisoned Baha'i leaders, the seven imprisoned Baha'i educators, and all other prisoners held solely on account of their religion</p> <p>Urges the President and the Department of State to: (1) condemn the Iranian government's continued violation of human rights and demand the release of prisoners held solely on account of their religion, and (2) impose sanctions on Iranian officials and other individuals directly responsible for serious human rights abuses.</p>]]></text>
          <versionCode>01</versionCode>
        </item>
        <item>
          <lastSummaryUpdateDate>2018-02-06T20:52:26Z</lastSummaryUpdateDate>
          <updateDate>2017-12-21T16:30:26Z</updateDate>
          <name>Passed Senate amended</name>
          <actionDesc>Passed Senate amended</actionDesc>
          <actionDate>2017-12-21</actionDate>
          <text><![CDATA[<p>(This measure has not been amended since it was reported to the Senate on December 11, 2017. The summary of that version is repeated here.)</p> <p>Condemns the government of Iran's state-sponsored persecution of its Baha'i minority and its continued violation of the International Covenants on Human Rights. </p> <p>Calls on such government to immediately release the five imprisoned Baha'i leaders, the seven imprisoned Baha'i educators, and all other prisoners held solely on account of their religion</p> <p>Urges the President and the Department of State to: (1) condemn the Iranian government's continued violation of human rights and demand the release of prisoners held solely on account of their religion, and (2) impose sanctions on Iranian officials and other individuals directly responsible for serious human rights abuses.</p>]]></text>
          <versionCode>35</versionCode>
        </item>
      </billSummaries>
    </summaries>
    <calendarNumbers>
      <item>
        <number>0281</number>
        <calendar>Senate Calendar of Business</calendar>
      </item>
    </calendarNumbers>
    <congress>115</congress>
    <cboCostEstimates />
    <latestAction>
      <links />
      <actionDate>2017-12-21</actionDate>
      <text>Resolution agreed to in Senate with an amendment and an amended preamble by Unanimous Consent. (consideration: CR S8276-8277; text: CR S8277)</text>
    </latestAction>
    <committeeReports />
    <relatedBills>
      <item>
        <relationshipDetails>
          <item>
            <identifiedBy>CRS</identifiedBy>
            <type>Identical bill</type>
          </item>
        </relationshipDetails>
        <latestTitle>Condemning the Government of Iran's state-sponsored persecution of its Baha'i minority and its continued violation of the International Covenants on Human Rights.</latestTitle>
        <congress>115</congress>
        <number>274</number>
        <latestAction>
          <actionDate>2017-06-29</actionDate>
          <text>Forwarded by Subcommittee to Full Committee (Amended) by Voice Vote .</text>
        </latestAction>
        <type>HRES</type>
      </item>
    </relatedBills>
    <introducedDate>2017-04-25</introducedDate>
    <notes />
    <cosponsors>
      <item>
        <firstName>Marco</firstName>
        <sponsorshipWithdrawnDate />
        <bioguideId>R000595</bioguideId>
        <party>R</party>
        <fullName>Sen. Rubio, Marco [R-FL]</fullName>
        <isOriginalCosponsor>True</isOriginalCosponsor>
        <lastName>Rubio</lastName>
        <sponsorshipDate>2017-04-25</sponsorshipDate>
        <state>FL</state>
        <identifiers>
          <gpoId>8242</gpoId>
          <bioguideId>R000595</bioguideId>
          <lisID>2084</lisID>
        </identifiers>
        <middleName />
      </item>
      <item>
        <firstName>John</firstName>
        <sponsorshipWithdrawnDate />
        <bioguideId>B001236</bioguideId>
        <party>R</party>
        <fullName>Sen. Boozman, John [R-AR]</fullName>
        <isOriginalCosponsor>True</isOriginalCosponsor>
        <lastName>Boozman</lastName>
        <sponsorshipDate>2017-04-25</sponsorshipDate>
        <state>AR</state>
        <identifiers>
          <lisID>1687</lisID>
          <gpoId>8247</gpoId>
          <bioguideId>B001236</bioguideId>
        </identifiers>
        <middleName />
      </item>
      <item>
        <firstName>RICHARD</firstName>
        <sponsorshipWithdrawnDate />
        <bioguideId>D000563</bioguideId>
        <party>D</party>
        <fullName>Sen. Durbin, Richard J. [D-IL]</fullName>
        <isOriginalCosponsor>True</isOriginalCosponsor>
        <lastName>DURBIN</lastName>
        <sponsorshipDate>2017-04-25</sponsorshipDate>
        <state>IL</state>
        <identifiers>
          <lisID>326</lisID>
          <bioguideId>D000563</bioguideId>
          <gpoId>8326</gpoId>
        </identifiers>
        <middleName>J.</middleName>
      </item>
      <item>
        <firstName>Lisa</firstName>
        <sponsorshipWithdrawnDate />
        <bioguideId>M001153</bioguideId>
        <party>R</party>
        <fullName>Sen. Murkowski, Lisa [R-AK]</fullName>
        <isOriginalCosponsor>False</isOriginalCosponsor>
        <lastName>Murkowski</lastName>
        <sponsorshipDate>2017-05-09</sponsorshipDate>
        <state>AK</state>
        <identifiers>
          <gpoId>8234</gpoId>
          <lisID>1694</lisID>
          <bioguideId>M001153</bioguideId>
        </identifiers>
        <middleName />
      </item>
      <item>
        <firstName>Dan</firstName>
        <sponsorshipWithdrawnDate />
        <bioguideId>S001198</bioguideId>
        <party>R</party>
        <fullName>Sen. Sullivan, Dan  [R-AK]</fullName>
        <isOriginalCosponsor>False</isOriginalCosponsor>
        <lastName>Sullivan</lastName>
        <sponsorshipDate>2017-05-15</sponsorshipDate>
        <state>AK</state>
        <identifiers>
          <gpoId />
          <bioguideId>S001198</bioguideId>
          <lisID>2290</lisID>
        </identifiers>
        <middleName />
      </item>
      <item>
        <firstName>Richard</firstName>
        <sponsorshipWithdrawnDate />
        <bioguideId>B001277</bioguideId>
        <party>D</party>
        <fullName>Sen. Blumenthal, Richard [D-CT]</fullName>
        <isOriginalCosponsor>False</isOriginalCosponsor>
        <lastName>Blumenthal</lastName>
        <sponsorshipDate>2017-05-25</sponsorshipDate>
        <state>CT</state>
        <identifiers>
          <gpoId>8332</gpoId>
          <bioguideId>B001277</bioguideId>
          <lisID>2076</lisID>
        </identifiers>
        <middleName />
      </item>
      <item>
        <firstName>Martin</firstName>
        <sponsorshipWithdrawnDate />
        <bioguideId>H001046</bioguideId>
        <party>D</party>
        <fullName>Sen. Heinrich, Martin [D-NM]</fullName>
        <isOriginalCosponsor>False</isOriginalCosponsor>
        <lastName>Heinrich</lastName>
        <sponsorshipDate>2017-07-18</sponsorshipDate>
        <state>NM</state>
        <identifiers>
          <bioguideId>H001046</bioguideId>
          <gpoId>8056</gpoId>
          <lisID>1937</lisID>
        </identifiers>
        <middleName />
      </item>
      <item>
        <firstName>Christopher</firstName>
        <sponsorshipWithdrawnDate />
        <bioguideId>C001088</bioguideId>
        <party>D</party>
        <fullName>Sen. Coons, Christopher A. [D-DE]</fullName>
        <isOriginalCosponsor>False</isOriginalCosponsor>
        <lastName>Coons</lastName>
        <sponsorshipDate>2017-07-18</sponsorshipDate>
        <state>DE</state>
        <identifiers>
          <lisID>1984</lisID>
          <bioguideId>C001088</bioguideId>
          <gpoId>8297</gpoId>
        </identifiers>
        <middleName>A.</middleName>
      </item>
      <item>
        <firstName>TAMMY</firstName>
        <sponsorshipWithdrawnDate />
        <bioguideId>B001230</bioguideId>
        <party>D</party>
        <fullName>Sen. Baldwin, Tammy [D-WI]</fullName>
        <isOriginalCosponsor>False</isOriginalCosponsor>
        <lastName>BALDWIN</lastName>
        <sponsorshipDate>2017-09-19</sponsorshipDate>
        <state>WI</state>
        <identifiers>
          <gpoId>8215</gpoId>
          <bioguideId>B001230</bioguideId>
          <lisID>1558</lisID>
        </identifiers>
        <middleName />
      </item>
      <item>
        <firstName>Roy</firstName>
        <sponsorshipWithdrawnDate />
        <bioguideId>B000575</bioguideId>
        <party>R</party>
        <fullName>Sen. Blunt, Roy [R-MO]</fullName>
        <isOriginalCosponsor>False</isOriginalCosponsor>
        <lastName>Blunt</lastName>
        <sponsorshipDate>2017-09-19</sponsorshipDate>
        <state>MO</state>
        <identifiers>
          <gpoId>8313</gpoId>
          <bioguideId>B000575</bioguideId>
          <lisID>1464</lisID>
        </identifiers>
        <middleName />
      </item>
      <item>
        <firstName>DIANNE</firstName>
        <sponsorshipWithdrawnDate />
        <bioguideId>F000062</bioguideId>
        <party>D</party>
        <fullName>Sen. Feinstein, Dianne [D-CA]</fullName>
        <isOriginalCosponsor>False</isOriginalCosponsor>
        <lastName>FEINSTEIN</lastName>
        <sponsorshipDate>2017-09-19</sponsorshipDate>
        <state>CA</state>
        <identifiers>
          <lisID>1332</lisID>
          <gpoId>8338</gpoId>
          <bioguideId>F000062</bioguideId>
        </identifiers>
        <middleName />
      </item>
      <item>
        <firstName>JOHN</firstName>
        <sponsorshipWithdrawnDate />
        <bioguideId>M000303</bioguideId>
        <party>R</party>
        <fullName>Sen. McCain, John [R-AZ]</fullName>
        <isOriginalCosponsor>False</isOriginalCosponsor>
        <lastName>MCCAIN</lastName>
        <sponsorshipDate>2017-09-19</sponsorshipDate>
        <state>AZ</state>
        <identifiers>
          <gpoId>8253</gpoId>
          <bioguideId>M000303</bioguideId>
          <lisID>754</lisID>
        </identifiers>
        <middleName>SIDNEY</middleName>
      </item>
      <item>
        <firstName>ROB</firstName>
        <sponsorshipWithdrawnDate />
        <bioguideId>P000449</bioguideId>
        <party>R</party>
        <fullName>Sen. Portman, Rob [R-OH]</fullName>
        <isOriginalCosponsor>False</isOriginalCosponsor>
        <lastName>PORTMAN</lastName>
        <sponsorshipDate>2017-09-19</sponsorshipDate>
        <state>OH</state>
        <identifiers>
          <gpoId>8266</gpoId>
          <bioguideId>P000449</bioguideId>
          <lisID>924</lisID>
        </identifiers>
        <middleName />
      </item>
      <item>
        <firstName>Elizabeth</firstName>
        <sponsorshipWithdrawnDate />
        <bioguideId>W000817</bioguideId>
        <party>D</party>
        <fullName>Sen. Warren, Elizabeth [D-MA]</fullName>
        <isOriginalCosponsor>False</isOriginalCosponsor>
        <lastName>Warren</lastName>
        <sponsorshipDate>2017-09-19</sponsorshipDate>
        <state>MA</state>
        <identifiers>
          <lisID>2182</lisID>
          <gpoId />
          <bioguideId>W000817</bioguideId>
        </identifiers>
        <middleName>A.</middleName>
      </item>
      <item>
        <firstName>Sheldon</firstName>
        <sponsorshipWithdrawnDate />
        <bioguideId>W000802</bioguideId>
        <party>D</party>
        <fullName>Sen. Whitehouse, Sheldon [D-RI]</fullName>
        <isOriginalCosponsor>False</isOriginalCosponsor>
        <lastName>Whitehouse</lastName>
        <sponsorshipDate>2017-09-19</sponsorshipDate>
        <state>RI</state>
        <identifiers>
          <gpoId>8264</gpoId>
          <lisID>1823</lisID>
          <bioguideId>W000802</bioguideId>
        </identifiers>
        <middleName />
      </item>
      <item>
        <firstName>John</firstName>
        <sponsorshipWithdrawnDate />
        <bioguideId>H001061</bioguideId>
        <party>R</party>
        <fullName>Sen. Hoeven, John [R-ND]</fullName>
        <isOriginalCosponsor>False</isOriginalCosponsor>
        <lastName>Hoeven</lastName>
        <sponsorshipDate>2017-10-23</sponsorshipDate>
        <state>ND</state>
        <identifiers>
          <lisID>2079</lisID>
          <gpoId>8331</gpoId>
          <bioguideId>H001061</bioguideId>
        </identifiers>
        <middleName />
      </item>
      <item>
        <firstName>ROBERT</firstName>
        <sponsorshipWithdrawnDate />
        <bioguideId>M000639</bioguideId>
        <party>D</party>
        <fullName>Sen. Menendez, Robert [D-NJ]</fullName>
        <isOriginalCosponsor>False</isOriginalCosponsor>
        <lastName>MENENDEZ</lastName>
        <sponsorshipDate>2017-10-23</sponsorshipDate>
        <state>NJ</state>
        <identifiers>
          <bioguideId>M000639</bioguideId>
          <gpoId>8239</gpoId>
          <lisID>791</lisID>
        </identifiers>
        <middleName />
      </item>
      <item>
        <firstName>Timothy</firstName>
        <sponsorshipWithdrawnDate />
        <bioguideId>K000384</bioguideId>
        <party>D</party>
        <fullName>Sen. Kaine, Tim [D-VA]</fullName>
        <isOriginalCosponsor>False</isOriginalCosponsor>
        <lastName>Kaine</lastName>
        <sponsorshipDate>2017-10-23</sponsorshipDate>
        <state>VA</state>
        <identifiers>
          <lisID>2176</lisID>
          <gpoId />
          <bioguideId>K000384</bioguideId>
        </identifiers>
        <middleName />
      </item>
      <item>
        <firstName>ORRIN</firstName>
        <sponsorshipWithdrawnDate />
        <bioguideId>H000338</bioguideId>
        <party>R</party>
        <fullName>Sen. Hatch, Orrin G. [R-UT]</fullName>
        <isOriginalCosponsor>False</isOriginalCosponsor>
        <lastName>HATCH</lastName>
        <sponsorshipDate>2017-10-23</sponsorshipDate>
        <state>UT</state>
        <identifiers>
          <lisID>1351</lisID>
          <bioguideId>H000338</bioguideId>
          <gpoId>8314</gpoId>
        </identifiers>
        <middleName>GRANT</middleName>
      </item>
      <item>
        <firstName>PATRICK</firstName>
        <sponsorshipWithdrawnDate />
        <bioguideId>L000174</bioguideId>
        <party>D</party>
        <fullName>Sen. Leahy, Patrick J. [D-VT]</fullName>
        <isOriginalCosponsor>False</isOriginalCosponsor>
        <lastName>LEAHY</lastName>
        <sponsorshipDate>2017-10-23</sponsorshipDate>
        <state>VT</state>
        <identifiers>
          <gpoId>8244</gpoId>
          <lisID>1383</lisID>
          <bioguideId>L000174</bioguideId>
        </identifiers>
        <middleName>JOSEPH</middleName>
      </item>
      <item>
        <firstName>JIM</firstName>
        <sponsorshipWithdrawnDate />
        <bioguideId>I000024</bioguideId>
        <party>R</party>
        <fullName>Sen. Inhofe, James M. [R-OK]</fullName>
        <isOriginalCosponsor>False</isOriginalCosponsor>
        <lastName>INHOFE</lastName>
        <sponsorshipDate>2017-10-23</sponsorshipDate>
        <state>OK</state>
        <identifiers>
          <bioguideId>I000024</bioguideId>
          <gpoId>8322</gpoId>
          <lisID>583</lisID>
        </identifiers>
        <middleName />
      </item>
      <item>
        <firstName>Tammy</firstName>
        <sponsorshipWithdrawnDate />
        <bioguideId>D000622</bioguideId>
        <party>D</party>
        <fullName>Sen. Duckworth, Tammy [D-IL]</fullName>
        <isOriginalCosponsor>False</isOriginalCosponsor>
        <lastName>Duckworth</lastName>
        <sponsorshipDate>2017-11-07</sponsorshipDate>
        <state>IL</state>
        <identifiers>
          <gpoId />
          <lisID>2123</lisID>
          <bioguideId>D000622</bioguideId>
        </identifiers>
        <middleName />
      </item>
      <item>
        <firstName>JERRY</firstName>
        <sponsorshipWithdrawnDate />
        <bioguideId>M000934</bioguideId>
        <party>R</party>
        <fullName>Sen. Moran, Jerry [R-KS]</fullName>
        <isOriginalCosponsor>False</isOriginalCosponsor>
        <lastName>MORAN</lastName>
        <sponsorshipDate>2017-11-07</sponsorshipDate>
        <state>KS</state>
        <identifiers>
          <lisID>1507</lisID>
          <gpoId>8307</gpoId>
          <bioguideId>M000934</bioguideId>
        </identifiers>
        <middleName />
      </item>
      <item>
        <firstName>Christopher</firstName>
        <sponsorshipWithdrawnDate />
        <bioguideId>M001169</bioguideId>
        <party>D</party>
        <fullName>Sen. Murphy, Christopher [D-CT]</fullName>
        <isOriginalCosponsor>False</isOriginalCosponsor>
        <lastName>Murphy</lastName>
        <sponsorshipDate>2017-11-07</sponsorshipDate>
        <state>CT</state>
        <identifiers>
          <gpoId>7870</gpoId>
          <bioguideId>M001169</bioguideId>
          <lisID>1837</lisID>
        </identifiers>
        <middleName />
      </item>
      <item>
        <firstName>Lamar</firstName>
        <sponsorshipWithdrawnDate />
        <bioguideId>A000360</bioguideId>
        <party>R</party>
        <fullName>Sen. Alexander, Lamar [R-TN]</fullName>
        <isOriginalCosponsor>False</isOriginalCosponsor>
        <lastName>Alexander</lastName>
        <sponsorshipDate>2017-11-07</sponsorshipDate>
        <state>TN</state>
        <identifiers>
          <bioguideId>A000360</bioguideId>
          <gpoId>8304</gpoId>
          <lisID>1695</lisID>
        </identifiers>
        <middleName />
      </item>
      <item>
        <firstName>Jeff</firstName>
        <sponsorshipWithdrawnDate />
        <bioguideId>M001176</bioguideId>
        <party>D</party>
        <fullName>Sen. Merkley, Jeff [D-OR]</fullName>
        <isOriginalCosponsor>False</isOriginalCosponsor>
        <lastName>Merkley</lastName>
        <sponsorshipDate>2017-11-07</sponsorshipDate>
        <state>OR</state>
        <identifiers>
          <gpoId>8238</gpoId>
          <bioguideId>M001176</bioguideId>
          <lisID>1900</lisID>
        </identifiers>
        <middleName />
      </item>
      <item>
        <firstName>Pat</firstName>
        <sponsorshipWithdrawnDate />
        <bioguideId>T000461</bioguideId>
        <party>R</party>
        <fullName>Sen. Toomey, Pat [R-PA]</fullName>
        <isOriginalCosponsor>False</isOriginalCosponsor>
        <lastName>Toomey</lastName>
        <sponsorshipDate>2017-11-07</sponsorshipDate>
        <state>PA</state>
        <identifiers>
          <lisID>1594</lisID>
          <gpoId />
          <bioguideId>T000461</bioguideId>
        </identifiers>
        <middleName />
      </item>
      <item>
        <firstName>Chris</firstName>
        <sponsorshipWithdrawnDate />
        <bioguideId>V000128</bioguideId>
        <party>D</party>
        <fullName>Sen. Van Hollen, Chris [D-MD]</fullName>
        <isOriginalCosponsor>False</isOriginalCosponsor>
        <lastName>Van Hollen</lastName>
        <sponsorshipDate>2017-11-07</sponsorshipDate>
        <state>MD</state>
        <identifiers>
          <gpoId>7983</gpoId>
          <bioguideId>V000128</bioguideId>
          <lisID>1729</lisID>
        </identifiers>
        <middleName />
      </item>
      <item>
        <firstName>Bob</firstName>
        <sponsorshipWithdrawnDate />
        <bioguideId>C001070</bioguideId>
        <party>D</party>
        <fullName>Sen. Casey, Robert P., Jr. [D-PA]</fullName>
        <isOriginalCosponsor>False</isOriginalCosponsor>
        <lastName>Casey</lastName>
        <sponsorshipDate>2017-11-07</sponsorshipDate>
        <state>PA</state>
        <identifiers>
          <gpoId>8282</gpoId>
          <bioguideId>C001070</bioguideId>
          <lisID>1828</lisID>
        </identifiers>
        <middleName />
      </item>
      <item>
        <firstName>Mazie</firstName>
        <sponsorshipWithdrawnDate />
        <bioguideId>H001042</bioguideId>
        <party>D</party>
        <fullName>Sen. Hirono, Mazie K. [D-HI]</fullName>
        <isOriginalCosponsor>False</isOriginalCosponsor>
        <lastName>Hirono</lastName>
        <sponsorshipDate>2017-12-05</sponsorshipDate>
        <state>HI</state>
        <identifiers>
          <lisID>1844</lisID>
          <gpoId>7913</gpoId>
          <bioguideId>H001042</bioguideId>
        </identifiers>
        <middleName>K.</middleName>
      </item>
      <item>
        <firstName>Heidi</firstName>
        <sponsorshipWithdrawnDate />
        <bioguideId>H001069</bioguideId>
        <party>D</party>
        <fullName>Sen. Heitkamp, Heidi [D-ND]</fullName>
        <isOriginalCosponsor>False</isOriginalCosponsor>
        <lastName>Heitkamp</lastName>
        <sponsorshipDate>2017-12-05</sponsorshipDate>
        <state>ND</state>
        <identifiers>
          <gpoId />
          <lisID>2174</lisID>
          <bioguideId>H001069</bioguideId>
        </identifiers>
        <middleName />
      </item>
      <item>
        <firstName>David</firstName>
        <sponsorshipWithdrawnDate />
        <bioguideId>P000612</bioguideId>
        <party>R</party>
        <fullName>Sen. Perdue, David [R-GA]</fullName>
        <isOriginalCosponsor>False</isOriginalCosponsor>
        <lastName>Perdue</lastName>
        <sponsorshipDate>2017-12-13</sponsorshipDate>
        <state>GA</state>
        <identifiers>
          <bioguideId>P000612</bioguideId>
          <gpoId />
          <lisID>2286</lisID>
        </identifiers>
        <middleName>Alfred</middleName>
      </item>
      <item>
        <firstName>Gary</firstName>
        <sponsorshipWithdrawnDate />
        <bioguideId>P000595</bioguideId>
        <party>D</party>
        <fullName>Sen. Peters, Gary C. [D-MI]</fullName>
        <isOriginalCosponsor>False</isOriginalCosponsor>
        <lastName>Peters</lastName>
        <sponsorshipDate>2017-12-21</sponsorshipDate>
        <state>MI</state>
        <identifiers>
          <gpoId>7994</gpoId>
          <lisID>1929</lisID>
          <bioguideId>P000595</bioguideId>
        </identifiers>
        <middleName>C.</middleName>
      </item>
    </cosponsors>
  </bill>
  <dublinCore xmlns:dc="http://purl.org/dc/elements/1.1/">
    <dc:format>text/xml</dc:format>
    <dc:language>EN</dc:language>
    <dc:rights>Pursuant to Title 17 Section 105 of the United States Code, this file is not subject to copyright protection and is in the public domain.</dc:rights>
    <dc:contributor>Congressional Research Service, Library of Congress</dc:contributor>
    <dc:description>This file contains bill summaries and statuses for federal legislation. A bill summary describes the most significant provisions of a piece of legislation and details the effects the legislative text may have on current law and federal programs. Bill summaries are authored by the Congressional Research Service (CRS) of the Library of Congress. As stated in Public Law 91-510 (2 USC 166 (d)(6)), one of the duties of CRS is "to prepare summaries and digests of bills and resolutions of a public general nature introduced in the Senate or House of Representatives". For more information, refer to the User Guide that accompanies this file.</dc:description>
  </dublinCore>
</billStatus>

