<?xml version="1.0" encoding="UTF-8"?>
<billStatus>
  <bill>
    <createDate>2017-03-01T05:20:54Z</createDate>
    <introducedDate>2017-02-28</introducedDate>
    <congress>115</congress>
    <latestAction>
      <actionDate>2017-02-28</actionDate>
      <links />
      <text>Referred to the Committee on the Judiciary. (text of measure as introduced: CR S1505)</text>
    </latestAction>
    <originChamber>Senate</originChamber>
    <billNumber>71</billNumber>
    <sponsors>
      <item>
        <state>AZ</state>
        <identifiers>
          <lisID>754</lisID>
          <gpoId>8253</gpoId>
          <bioguideId>M000303</bioguideId>
        </identifiers>
        <bioguideId>M000303</bioguideId>
        <lastName>MCCAIN</lastName>
        <fullName>Sen. McCain, John [R-AZ]</fullName>
        <firstName>JOHN</firstName>
        <party>R</party>
        <middleName>SIDNEY</middleName>
        <byRequestType />
      </item>
    </sponsors>
    <title>A resolution expressing the sense of the Senate that John Arthur "Jack" Johnson should receive a posthumous pardon for the racially motivated conviction in 1913 that diminished the athletic, cultural, and historic significance of Jack Johnson and unduly tarnished his reputation.</title>
    <relatedBills>
      <item>
        <relationshipDetails>
          <item>
            <identifiedBy>CRS</identifiedBy>
            <type>Related bill</type>
          </item>
        </relationshipDetails>
        <latestAction>
          <actionDate>2017-03-06</actionDate>
          <text>Referred to the Subcommittee on Crime, Terrorism, Homeland Security, and Investigations.</text>
        </latestAction>
        <type>HCONRES</type>
        <number>31</number>
        <latestTitle>Expressing the sense of Congress that John Arthur "Jack" Johnson should receive a posthumous pardon for the racially motivated conviction in 1913 that diminished the athletic, cultural, and historic significance of Jack Johnson and unduly tarnished his reputation.</latestTitle>
        <congress>115</congress>
      </item>
    </relatedBills>
    <titles>
      <item>
        <chamberName />
        <parentTitleType />
        <chamberCode />
        <titleType>Official Title as Introduced</titleType>
        <title>A resolution expressing the sense of the Senate that John Arthur "Jack" Johnson should receive a posthumous pardon for the racially motivated conviction in 1913 that diminished the athletic, cultural, and historic significance of Jack Johnson and unduly tarnished his reputation.</title>
      </item>
      <item>
        <chamberName />
        <parentTitleType />
        <chamberCode />
        <titleType>Display Title</titleType>
        <title>A resolution expressing the sense of the Senate that John Arthur "Jack" Johnson should receive a posthumous pardon for the racially motivated conviction in 1913 that diminished the athletic, cultural, and historic significance of Jack Johnson and unduly tarnished his reputation.</title>
      </item>
    </titles>
    <billType>SRES</billType>
    <summaries>
      <billSummaries>
        <item>
          <versionCode>00</versionCode>
          <text><![CDATA[<p>Expresses the sense of the Senate that Jack Johnson, the first African-American professional boxer to hold the title of Heavyweight Champion of the World, should receive a posthumous pardon to expunge from the annals of American criminal justice a racially motivated abuse of the federal government's prosecutorial authority and to recognize his athletic and cultural contributions to society.</p>]]></text>
          <actionDesc>Introduced in Senate</actionDesc>
          <actionDate>2017-02-28</actionDate>
          <lastSummaryUpdateDate>2017-03-02T22:59:23Z</lastSummaryUpdateDate>
          <name>Introduced in Senate</name>
          <updateDate>2017-02-28T05:00:00Z</updateDate>
        </item>
      </billSummaries>
    </summaries>
    <committeeReports />
    <laws />
    <subjects>
      <billSubjects>
        <legislativeSubjects>
          <item>
            <name>Athletes</name>
          </item>
          <item>
            <name>Congressional tributes</name>
          </item>
          <item>
            <name>Criminal investigation, prosecution, interrogation</name>
          </item>
          <item>
            <name>Criminal procedure and sentencing</name>
          </item>
          <item>
            <name>Presidents and presidential powers, Vice Presidents</name>
          </item>
          <item>
            <name>Professional sports</name>
          </item>
          <item>
            <name>Racial and ethnic relations</name>
          </item>
          <item>
            <name>U.S. history</name>
          </item>
        </legislativeSubjects>
        <policyArea>
          <name>Crime and Law Enforcement</name>
        </policyArea>
      </billSubjects>
    </subjects>
    <committees>
      <billCommittees>
        <item>
          <systemCode>ssju00</systemCode>
          <chamber>Senate</chamber>
          <type>Standing</type>
          <activities>
            <item>
              <name>Referred to</name>
              <date>2017-02-28T20:11:51Z</date>
            </item>
          </activities>
          <name>Judiciary Committee</name>
          <subcommittees />
        </item>
      </billCommittees>
    </committees>
    <version>1.0.0</version>
    <recordedVotes />
    <updateDate>2018-02-06T16:44:00Z</updateDate>
    <calendarNumbers />
    <cboCostEstimates />
    <actions>
      <actionTypeCounts>
        <introducedInSenate>1</introducedInSenate>
        <referredToCommittee>1</referredToCommittee>
      </actionTypeCounts>
      <item>
        <actionDate>2017-02-28</actionDate>
        <committee>
          <systemCode>ssju00</systemCode>
          <name>Judiciary Committee</name>
        </committee>
        <links>
          <link>
            <name>S1505</name>
            <url>https://www.congress.gov/congressional-record/volume-163/senate-section/page/S1505</url>
          </link>
        </links>
        <sourceSystem>
          <name>Senate</name>
          <code>0</code>
        </sourceSystem>
        <text>Referred to the Committee on the Judiciary. (text of measure as introduced: CR S1505)</text>
        <type>IntroReferral</type>
      </item>
      <item>
        <type>IntroReferral</type>
        <links />
        <text>Introduced in Senate</text>
        <committee />
        <actionDate>2017-02-28</actionDate>
        <sourceSystem>
          <name>Library of Congress</name>
          <code>9</code>
        </sourceSystem>
        <actionCode>10000</actionCode>
      </item>
      <actionByCounts>
        <senate>2</senate>
      </actionByCounts>
    </actions>
    <amendments />
    <notes />
    <policyArea>
      <name>Crime and Law Enforcement</name>
    </policyArea>
    <cosponsors>
      <item>
        <state>NJ</state>
        <identifiers>
          <gpoId />
          <bioguideId>B001288</bioguideId>
          <lisID>2194</lisID>
        </identifiers>
        <bioguideId>B001288</bioguideId>
        <sponsorshipDate>2017-02-28</sponsorshipDate>
        <lastName>Booker</lastName>
        <fullName>Sen. Booker, Cory A. [D-NJ]</fullName>
        <firstName>Cory</firstName>
        <party>D</party>
        <middleName>A.</middleName>
        <isOriginalCosponsor>True</isOriginalCosponsor>
        <sponsorshipWithdrawnDate />
      </item>
    </cosponsors>
  </bill>
  <dublinCore xmlns:dc="http://purl.org/dc/elements/1.1/">
    <dc:format>text/xml</dc:format>
    <dc:language>EN</dc:language>
    <dc:rights>Pursuant to Title 17 Section 105 of the United States Code, this file is not subject to copyright protection and is in the public domain.</dc:rights>
    <dc:contributor>Congressional Research Service, Library of Congress</dc:contributor>
    <dc:description>This file contains bill summaries and statuses for federal legislation. A bill summary describes the most significant provisions of a piece of legislation and details the effects the legislative text may have on current law and federal programs. Bill summaries are authored by the Congressional Research Service (CRS) of the Library of Congress. As stated in Public Law 91-510 (2 USC 166 (d)(6)), one of the duties of CRS is "to prepare summaries and digests of bills and resolutions of a public general nature introduced in the Senate or House of Representatives". For more information, refer to the User Guide that accompanies this file.</dc:description>
  </dublinCore>
</billStatus>

