<?xml version="1.0" encoding="UTF-8"?>
<billStatus>
  <bill>
    <cosponsors>
      <item>
        <fullName>Sen. Cassidy, Bill [R-LA]</fullName>
        <lastName>Cassidy</lastName>
        <bioguideId>C001075</bioguideId>
        <isOriginalCosponsor>True</isOriginalCosponsor>
        <middleName />
        <state>LA</state>
        <firstName>Bill</firstName>
        <sponsorshipDate>2017-07-24</sponsorshipDate>
        <sponsorshipWithdrawnDate />
        <party>R</party>
        <identifiers>
          <bioguideId>C001075</bioguideId>
          <lisID>1925</lisID>
          <gpoId>7964</gpoId>
        </identifiers>
      </item>
      <item>
        <fullName>Sen. Wyden, Ron [D-OR]</fullName>
        <lastName>WYDEN</lastName>
        <bioguideId>W000779</bioguideId>
        <isOriginalCosponsor>True</isOriginalCosponsor>
        <middleName />
        <state>OR</state>
        <firstName>RON</firstName>
        <sponsorshipDate>2017-07-24</sponsorshipDate>
        <sponsorshipWithdrawnDate />
        <party>D</party>
        <identifiers>
          <gpoId>8265</gpoId>
          <bioguideId>W000779</bioguideId>
          <lisID>1247</lisID>
        </identifiers>
      </item>
      <item>
        <fullName>Sen. Reed, Jack [D-RI]</fullName>
        <lastName>REED</lastName>
        <bioguideId>R000122</bioguideId>
        <isOriginalCosponsor>True</isOriginalCosponsor>
        <middleName>F.</middleName>
        <state>RI</state>
        <firstName>JOHN</firstName>
        <sponsorshipDate>2017-07-24</sponsorshipDate>
        <sponsorshipWithdrawnDate />
        <party>D</party>
        <identifiers>
          <lisID>949</lisID>
          <bioguideId>R000122</bioguideId>
          <gpoId>8272</gpoId>
        </identifiers>
      </item>
      <item>
        <fullName>Sen. Hirono, Mazie K. [D-HI]</fullName>
        <lastName>Hirono</lastName>
        <bioguideId>H001042</bioguideId>
        <isOriginalCosponsor>True</isOriginalCosponsor>
        <middleName>K.</middleName>
        <state>HI</state>
        <firstName>Mazie</firstName>
        <sponsorshipDate>2017-07-24</sponsorshipDate>
        <sponsorshipWithdrawnDate />
        <party>D</party>
        <identifiers>
          <lisID>1844</lisID>
          <gpoId>7913</gpoId>
          <bioguideId>H001042</bioguideId>
        </identifiers>
      </item>
      <item>
        <fullName>Sen. Markey, Edward J. [D-MA]</fullName>
        <lastName>MARKEY</lastName>
        <bioguideId>M000133</bioguideId>
        <isOriginalCosponsor>True</isOriginalCosponsor>
        <middleName>J.</middleName>
        <state>MA</state>
        <firstName>EDWARD</firstName>
        <sponsorshipDate>2017-07-24</sponsorshipDate>
        <sponsorshipWithdrawnDate />
        <party>D</party>
        <identifiers>
          <gpoId>7972</gpoId>
          <lisID>735</lisID>
          <bioguideId>M000133</bioguideId>
        </identifiers>
      </item>
      <item>
        <fullName>Sen. Carper, Thomas R. [D-DE]</fullName>
        <lastName>CARPER</lastName>
        <bioguideId>C000174</bioguideId>
        <isOriginalCosponsor>True</isOriginalCosponsor>
        <middleName>R.</middleName>
        <state>DE</state>
        <firstName>THOMAS</firstName>
        <sponsorshipDate>2017-07-24</sponsorshipDate>
        <sponsorshipWithdrawnDate />
        <party>D</party>
        <identifiers>
          <lisID>179</lisID>
          <gpoId>8283</gpoId>
          <bioguideId>C000174</bioguideId>
        </identifiers>
      </item>
      <item>
        <fullName>Sen. Warren, Elizabeth [D-MA]</fullName>
        <lastName>Warren</lastName>
        <bioguideId>W000817</bioguideId>
        <isOriginalCosponsor>True</isOriginalCosponsor>
        <middleName>A.</middleName>
        <state>MA</state>
        <firstName>Elizabeth</firstName>
        <sponsorshipDate>2017-07-24</sponsorshipDate>
        <sponsorshipWithdrawnDate />
        <party>D</party>
        <identifiers>
          <bioguideId>W000817</bioguideId>
          <gpoId />
          <lisID>2182</lisID>
        </identifiers>
      </item>
      <item>
        <fullName>Sen. Murphy, Christopher [D-CT]</fullName>
        <lastName>Murphy</lastName>
        <bioguideId>M001169</bioguideId>
        <isOriginalCosponsor>True</isOriginalCosponsor>
        <middleName />
        <state>CT</state>
        <firstName>Christopher</firstName>
        <sponsorshipDate>2017-07-24</sponsorshipDate>
        <sponsorshipWithdrawnDate />
        <party>D</party>
        <identifiers>
          <gpoId>7870</gpoId>
          <bioguideId>M001169</bioguideId>
          <lisID>1837</lisID>
        </identifiers>
      </item>
      <item>
        <fullName>Sen. Blumenthal, Richard [D-CT]</fullName>
        <lastName>Blumenthal</lastName>
        <bioguideId>B001277</bioguideId>
        <isOriginalCosponsor>True</isOriginalCosponsor>
        <middleName />
        <state>CT</state>
        <firstName>Richard</firstName>
        <sponsorshipDate>2017-07-24</sponsorshipDate>
        <sponsorshipWithdrawnDate />
        <party>D</party>
        <identifiers>
          <gpoId>8332</gpoId>
          <lisID>2076</lisID>
          <bioguideId>B001277</bioguideId>
        </identifiers>
      </item>
      <item>
        <fullName>Sen. Van Hollen, Chris [D-MD]</fullName>
        <lastName>Van Hollen</lastName>
        <bioguideId>V000128</bioguideId>
        <isOriginalCosponsor>True</isOriginalCosponsor>
        <middleName />
        <state>MD</state>
        <firstName>Chris</firstName>
        <sponsorshipDate>2017-07-24</sponsorshipDate>
        <sponsorshipWithdrawnDate />
        <party>D</party>
        <identifiers>
          <lisID>1729</lisID>
          <gpoId>7983</gpoId>
          <bioguideId>V000128</bioguideId>
        </identifiers>
      </item>
      <item>
        <fullName>Sen. Hassan, Margaret Wood [D-NH]</fullName>
        <lastName>Hassan</lastName>
        <bioguideId>H001076</bioguideId>
        <isOriginalCosponsor>True</isOriginalCosponsor>
        <middleName>Wood</middleName>
        <state>NH</state>
        <firstName>Margaret</firstName>
        <sponsorshipDate>2017-07-24</sponsorshipDate>
        <sponsorshipWithdrawnDate />
        <party>D</party>
        <identifiers>
          <lisID>2302</lisID>
          <gpoId />
          <bioguideId>H001076</bioguideId>
        </identifiers>
      </item>
      <item>
        <fullName>Sen. Cardin, Benjamin L. [D-MD]</fullName>
        <lastName>CARDIN</lastName>
        <bioguideId>C000141</bioguideId>
        <isOriginalCosponsor>True</isOriginalCosponsor>
        <middleName>L.</middleName>
        <state>MD</state>
        <firstName>BENJAMIN</firstName>
        <sponsorshipDate>2017-07-24</sponsorshipDate>
        <sponsorshipWithdrawnDate />
        <party>D</party>
        <identifiers>
          <gpoId>8287</gpoId>
          <lisID>174</lisID>
          <bioguideId>C000141</bioguideId>
        </identifiers>
      </item>
      <item>
        <fullName>Sen. Shaheen, Jeanne [D-NH]</fullName>
        <lastName>Shaheen</lastName>
        <bioguideId>S001181</bioguideId>
        <isOriginalCosponsor>True</isOriginalCosponsor>
        <middleName />
        <state>NH</state>
        <firstName>Jeanne</firstName>
        <sponsorshipDate>2017-07-24</sponsorshipDate>
        <sponsorshipWithdrawnDate />
        <party>D</party>
        <identifiers>
          <bioguideId>S001181</bioguideId>
          <lisID>1901</lisID>
          <gpoId>8276</gpoId>
        </identifiers>
      </item>
      <item>
        <fullName>Sen. Nelson, Bill [D-FL]</fullName>
        <lastName>NELSON</lastName>
        <bioguideId>N000032</bioguideId>
        <isOriginalCosponsor>True</isOriginalCosponsor>
        <middleName>WILLIAM</middleName>
        <state>FL</state>
        <firstName>CLARENCE</firstName>
        <sponsorshipDate>2017-07-24</sponsorshipDate>
        <sponsorshipWithdrawnDate />
        <party>D</party>
        <identifiers>
          <bioguideId>N000032</bioguideId>
          <gpoId>8236</gpoId>
          <lisID>859</lisID>
        </identifiers>
      </item>
      <item>
        <fullName>Sen. Coons, Christopher A. [D-DE]</fullName>
        <lastName>Coons</lastName>
        <bioguideId>C001088</bioguideId>
        <isOriginalCosponsor>True</isOriginalCosponsor>
        <middleName>A.</middleName>
        <state>DE</state>
        <firstName>Christopher</firstName>
        <sponsorshipDate>2017-07-24</sponsorshipDate>
        <sponsorshipWithdrawnDate />
        <party>D</party>
        <identifiers>
          <lisID>1984</lisID>
          <bioguideId>C001088</bioguideId>
          <gpoId>8297</gpoId>
        </identifiers>
      </item>
      <item>
        <fullName>Sen. Booker, Cory A. [D-NJ]</fullName>
        <lastName>Booker</lastName>
        <bioguideId>B001288</bioguideId>
        <isOriginalCosponsor>True</isOriginalCosponsor>
        <middleName>A.</middleName>
        <state>NJ</state>
        <firstName>Cory</firstName>
        <sponsorshipDate>2017-07-24</sponsorshipDate>
        <sponsorshipWithdrawnDate />
        <party>D</party>
        <identifiers>
          <gpoId />
          <lisID>2194</lisID>
          <bioguideId>B001288</bioguideId>
        </identifiers>
      </item>
      <item>
        <fullName>Sen. Murray, Patty [D-WA]</fullName>
        <lastName>MURRAY</lastName>
        <bioguideId>M001111</bioguideId>
        <isOriginalCosponsor>True</isOriginalCosponsor>
        <middleName />
        <state>WA</state>
        <firstName>PATTY</firstName>
        <sponsorshipDate>2017-07-24</sponsorshipDate>
        <sponsorshipWithdrawnDate />
        <party>D</party>
        <identifiers>
          <bioguideId>M001111</bioguideId>
          <gpoId>8237</gpoId>
          <lisID>1409</lisID>
        </identifiers>
      </item>
      <item>
        <fullName>Sen. Baldwin, Tammy [D-WI]</fullName>
        <lastName>BALDWIN</lastName>
        <bioguideId>B001230</bioguideId>
        <isOriginalCosponsor>True</isOriginalCosponsor>
        <middleName />
        <state>WI</state>
        <firstName>TAMMY</firstName>
        <sponsorshipDate>2017-07-24</sponsorshipDate>
        <sponsorshipWithdrawnDate />
        <party>D</party>
        <identifiers>
          <lisID>1558</lisID>
          <gpoId>8215</gpoId>
          <bioguideId>B001230</bioguideId>
        </identifiers>
      </item>
      <item>
        <fullName>Sen. Feinstein, Dianne [D-CA]</fullName>
        <lastName>FEINSTEIN</lastName>
        <bioguideId>F000062</bioguideId>
        <isOriginalCosponsor>True</isOriginalCosponsor>
        <middleName />
        <state>CA</state>
        <firstName>DIANNE</firstName>
        <sponsorshipDate>2017-07-24</sponsorshipDate>
        <sponsorshipWithdrawnDate />
        <party>D</party>
        <identifiers>
          <gpoId>8338</gpoId>
          <bioguideId>F000062</bioguideId>
          <lisID>1332</lisID>
        </identifiers>
      </item>
      <item>
        <fullName>Sen. Collins, Susan M. [R-ME]</fullName>
        <lastName>COLLINS</lastName>
        <bioguideId>C001035</bioguideId>
        <isOriginalCosponsor>True</isOriginalCosponsor>
        <middleName>MARGARET</middleName>
        <state>ME</state>
        <firstName>SUSAN</firstName>
        <sponsorshipDate>2017-07-24</sponsorshipDate>
        <sponsorshipWithdrawnDate />
        <party>R</party>
        <identifiers>
          <bioguideId>C001035</bioguideId>
          <lisID>1541</lisID>
          <gpoId>8291</gpoId>
        </identifiers>
      </item>
      <item>
        <fullName>Sen. King, Angus S., Jr. [I-ME]</fullName>
        <lastName>King</lastName>
        <bioguideId>K000383</bioguideId>
        <isOriginalCosponsor>True</isOriginalCosponsor>
        <middleName />
        <state>ME</state>
        <firstName>Angus</firstName>
        <sponsorshipDate>2017-07-24</sponsorshipDate>
        <sponsorshipWithdrawnDate />
        <party>I</party>
        <identifiers>
          <gpoId />
          <lisID>2185</lisID>
          <bioguideId>K000383</bioguideId>
        </identifiers>
      </item>
      <item>
        <fullName>Sen. Brown, Sherrod [D-OH]</fullName>
        <lastName>BROWN</lastName>
        <bioguideId>B000944</bioguideId>
        <isOriginalCosponsor>True</isOriginalCosponsor>
        <middleName />
        <state>OH</state>
        <firstName>SHERROD</firstName>
        <sponsorshipDate>2017-07-24</sponsorshipDate>
        <sponsorshipWithdrawnDate />
        <party>D</party>
        <identifiers>
          <gpoId>8309</gpoId>
          <lisID>136</lisID>
          <bioguideId>B000944</bioguideId>
        </identifiers>
      </item>
      <item>
        <fullName>Sen. Cantwell, Maria [D-WA]</fullName>
        <lastName>CANTWELL</lastName>
        <bioguideId>C000127</bioguideId>
        <isOriginalCosponsor>True</isOriginalCosponsor>
        <middleName />
        <state>WA</state>
        <firstName>MARIA</firstName>
        <sponsorshipDate>2017-07-24</sponsorshipDate>
        <sponsorshipWithdrawnDate />
        <party>D</party>
        <identifiers>
          <lisID>172</lisID>
          <gpoId>8288</gpoId>
          <bioguideId>C000127</bioguideId>
        </identifiers>
      </item>
      <item>
        <fullName>Sen. Warner, Mark R. [D-VA]</fullName>
        <lastName>Warner</lastName>
        <bioguideId>W000805</bioguideId>
        <isOriginalCosponsor>True</isOriginalCosponsor>
        <middleName>R.</middleName>
        <state>VA</state>
        <firstName>Mark</firstName>
        <sponsorshipDate>2017-07-24</sponsorshipDate>
        <sponsorshipWithdrawnDate />
        <party>D</party>
        <identifiers>
          <bioguideId>W000805</bioguideId>
          <lisID>1897</lisID>
          <gpoId>8269</gpoId>
        </identifiers>
      </item>
      <item>
        <fullName>Sen. Cochran, Thad [R-MS]</fullName>
        <lastName>Cochran</lastName>
        <bioguideId>C000567</bioguideId>
        <isOriginalCosponsor>True</isOriginalCosponsor>
        <middleName />
        <state>MS</state>
        <firstName>Thad</firstName>
        <sponsorshipDate>2017-07-24</sponsorshipDate>
        <sponsorshipWithdrawnDate />
        <party>R</party>
        <identifiers>
          <lisID>213</lisID>
          <bioguideId>C000567</bioguideId>
          <gpoId>8292</gpoId>
        </identifiers>
      </item>
      <item>
        <fullName>Sen. Harris, Kamala D. [D-CA]</fullName>
        <lastName>Harris</lastName>
        <bioguideId>H001075</bioguideId>
        <isOriginalCosponsor>True</isOriginalCosponsor>
        <middleName>D.</middleName>
        <state>CA</state>
        <firstName>Kamala</firstName>
        <sponsorshipDate>2017-07-24</sponsorshipDate>
        <sponsorshipWithdrawnDate />
        <party>D</party>
        <identifiers>
          <gpoId />
          <lisID>2301</lisID>
          <bioguideId>H001075</bioguideId>
        </identifiers>
      </item>
      <item>
        <fullName>Sen. Menendez, Robert [D-NJ]</fullName>
        <lastName>MENENDEZ</lastName>
        <bioguideId>M000639</bioguideId>
        <isOriginalCosponsor>True</isOriginalCosponsor>
        <middleName />
        <state>NJ</state>
        <firstName>ROBERT</firstName>
        <sponsorshipDate>2017-07-24</sponsorshipDate>
        <sponsorshipWithdrawnDate />
        <party>D</party>
        <identifiers>
          <lisID>791</lisID>
          <gpoId>8239</gpoId>
          <bioguideId>M000639</bioguideId>
        </identifiers>
      </item>
      <item>
        <fullName>Sen. Portman, Rob [R-OH]</fullName>
        <lastName>PORTMAN</lastName>
        <bioguideId>P000449</bioguideId>
        <isOriginalCosponsor>True</isOriginalCosponsor>
        <middleName />
        <state>OH</state>
        <firstName>ROB</firstName>
        <sponsorshipDate>2017-07-24</sponsorshipDate>
        <sponsorshipWithdrawnDate />
        <party>R</party>
        <identifiers>
          <lisID>924</lisID>
          <bioguideId>P000449</bioguideId>
          <gpoId>8266</gpoId>
        </identifiers>
      </item>
    </cosponsors>
    <congress>115</congress>
    <committees>
      <billCommittees>
        <item>
          <type>Standing</type>
          <systemCode>ssju00</systemCode>
          <subcommittees />
          <activities>
            <item>
              <date>2017-08-03T22:40:10Z</date>
              <name>Discharged from</name>
            </item>
            <item>
              <date>2017-07-24T21:05:04Z</date>
              <name>Referred to</name>
            </item>
          </activities>
          <chamber>Senate</chamber>
          <name>Judiciary Committee</name>
        </item>
      </billCommittees>
    </committees>
    <laws />
    <titles>
      <item>
        <chamberCode />
        <title>A resolution designating the week of September 16 through September 23, 2017, as "National Estuaries Week".</title>
        <titleType>Official Title as Introduced</titleType>
        <parentTitleType />
        <chamberName />
      </item>
      <item>
        <chamberCode />
        <title>A resolution designating the week of September 16 through September 23, 2017, as "National Estuaries Week".</title>
        <titleType>Display Title</titleType>
        <parentTitleType />
        <chamberName />
      </item>
    </titles>
    <billType>SRES</billType>
    <amendments />
    <recordedVotes />
    <actions>
      <actionTypeCounts>
        <committeeDischarged>1</committeeDischarged>
        <passedAgreedToInSenate>1</passedAgreedToInSenate>
        <introducedInSenate>1</introducedInSenate>
        <agreedToInSenate>1</agreedToInSenate>
        <referredToCommittee>1</referredToCommittee>
        <senateCommitteeDischarged>1</senateCommitteeDischarged>
      </actionTypeCounts>
      <item>
        <actionDate>2017-08-03</actionDate>
        <committee />
        <links />
        <sourceSystem>
          <name>Senate</name>
          <code>0</code>
        </sourceSystem>
        <text>Resolution agreed to in Senate without amendment and with a preamble by Unanimous Consent.</text>
        <type>Floor</type>
      </item>
      <item>
        <type>Floor</type>
        <links />
        <text>Passed/agreed to in Senate: Resolution agreed to in Senate without amendment and with a preamble by Unanimous Consent.</text>
        <committee />
        <actionDate>2017-08-03</actionDate>
        <sourceSystem>
          <name>Library of Congress</name>
          <code>9</code>
        </sourceSystem>
        <actionCode>17000</actionCode>
      </item>
      <item>
        <actionDate>2017-08-03</actionDate>
        <committee>
          <systemCode>ssju00</systemCode>
          <name>Judiciary Committee</name>
        </committee>
        <links>
          <link>
            <name>S4894</name>
            <url>https://www.congress.gov/congressional-record/volume-163/senate-section/page/S4894</url>
          </link>
        </links>
        <sourceSystem>
          <name>Senate</name>
          <code>0</code>
        </sourceSystem>
        <text>Senate Committee on the Judiciary discharged by Unanimous Consent. (consideration: CR S4894)</text>
        <type>Discharge</type>
      </item>
      <item>
        <type>Committee</type>
        <links />
        <text>Senate Committee on the Judiciary discharged by Unanimous Consent.</text>
        <committee>
          <systemCode>ssju00</systemCode>
          <name>Judiciary Committee</name>
        </committee>
        <actionDate>2017-08-03</actionDate>
        <sourceSystem>
          <name>Library of Congress</name>
          <code>9</code>
        </sourceSystem>
        <actionCode>14500</actionCode>
      </item>
      <item>
        <actionDate>2017-07-24</actionDate>
        <committee>
          <systemCode>ssju00</systemCode>
          <name>Judiciary Committee</name>
        </committee>
        <links>
          <link>
            <name>S4139</name>
            <url>https://www.congress.gov/congressional-record/volume-163/senate-section/page/S4139</url>
          </link>
        </links>
        <sourceSystem>
          <name>Senate</name>
          <code>0</code>
        </sourceSystem>
        <text>Referred to the Committee on the Judiciary. (text of measure as introduced: CR S4139)</text>
        <type>IntroReferral</type>
      </item>
      <item>
        <type>IntroReferral</type>
        <links />
        <text>Introduced in Senate</text>
        <committee />
        <actionDate>2017-07-24</actionDate>
        <sourceSystem>
          <name>Library of Congress</name>
          <code>9</code>
        </sourceSystem>
        <actionCode>10000</actionCode>
      </item>
      <actionByCounts>
        <senate>6</senate>
      </actionByCounts>
    </actions>
    <introducedDate>2017-07-24</introducedDate>
    <relatedBills />
    <committeeReports />
    <calendarNumbers />
    <billNumber>230</billNumber>
    <summaries>
      <billSummaries>
        <item>
          <text><![CDATA[<p>Designates the week of September 16-September 23, 2017, as National Estuaries Week.</p>]]></text>
          <versionCode>00</versionCode>
          <actionDate>2017-07-24</actionDate>
          <name>Introduced in Senate</name>
          <actionDesc>Introduced in Senate</actionDesc>
          <lastSummaryUpdateDate>2017-07-28T19:27:51Z</lastSummaryUpdateDate>
          <updateDate>2017-07-24T04:00:00Z</updateDate>
        </item>
        <item>
          <text><![CDATA[<p>(This measure has not been amended since it was introduced. The summary of that version is repeated here.)</p> <p>Designates the week of September 16-September 23, 2017, as National Estuaries Week.</p>]]></text>
          <versionCode>82</versionCode>
          <actionDate>2017-08-03</actionDate>
          <name>Passed Senate without amendment</name>
          <actionDesc>Passed Senate without amendment</actionDesc>
          <lastSummaryUpdateDate>2017-08-29T14:56:51Z</lastSummaryUpdateDate>
          <updateDate>2017-08-03T15:17:33Z</updateDate>
        </item>
      </billSummaries>
    </summaries>
    <cboCostEstimates />
    <updateDate>2018-02-06T16:44:12Z</updateDate>
    <policyArea>
      <name>Environmental Protection</name>
    </policyArea>
    <latestAction>
      <text>Resolution agreed to in Senate without amendment and with a preamble by Unanimous Consent.</text>
      <actionDate>2017-08-03</actionDate>
      <links />
    </latestAction>
    <subjects>
      <billSubjects>
        <legislativeSubjects>
          <item>
            <name>Commemorative events and holidays</name>
          </item>
          <item>
            <name>Marine and coastal resources, fisheries</name>
          </item>
          <item>
            <name>Wetlands</name>
          </item>
          <item>
            <name>Wildlife conservation and habitat protection</name>
          </item>
        </legislativeSubjects>
        <policyArea>
          <name>Environmental Protection</name>
        </policyArea>
      </billSubjects>
    </subjects>
    <title>A resolution designating the week of September 16 through September 23, 2017, as "National Estuaries Week".</title>
    <version>1.0.0</version>
    <sponsors>
      <item>
        <byRequestType />
        <party>D</party>
        <fullName>Sen. Whitehouse, Sheldon [D-RI]</fullName>
        <bioguideId>W000802</bioguideId>
        <state>RI</state>
        <lastName>Whitehouse</lastName>
        <middleName />
        <firstName>Sheldon</firstName>
        <identifiers>
          <gpoId>8264</gpoId>
          <bioguideId>W000802</bioguideId>
          <lisID>1823</lisID>
        </identifiers>
      </item>
    </sponsors>
    <notes />
    <createDate>2017-07-25T01:41:31Z</createDate>
    <originChamber>Senate</originChamber>
  </bill>
  <dublinCore xmlns:dc="http://purl.org/dc/elements/1.1/">
    <dc:format>text/xml</dc:format>
    <dc:language>EN</dc:language>
    <dc:rights>Pursuant to Title 17 Section 105 of the United States Code, this file is not subject to copyright protection and is in the public domain.</dc:rights>
    <dc:contributor>Congressional Research Service, Library of Congress</dc:contributor>
    <dc:description>This file contains bill summaries and statuses for federal legislation. A bill summary describes the most significant provisions of a piece of legislation and details the effects the legislative text may have on current law and federal programs. Bill summaries are authored by the Congressional Research Service (CRS) of the Library of Congress. As stated in Public Law 91-510 (2 USC 166 (d)(6)), one of the duties of CRS is "to prepare summaries and digests of bills and resolutions of a public general nature introduced in the Senate or House of Representatives". For more information, refer to the User Guide that accompanies this file.</dc:description>
  </dublinCore>
</billStatus>

