<?xml version="1.0" encoding="UTF-8"?>
<billStatus>
  <bill>
    <title>A resolution recognizing January 27, 2018, as the anniversary of the first refugee and Muslim ban, and urging the President to demonstrate true leadership on refugee resettlement.</title>
    <titles>
      <item>
        <parentTitleType />
        <chamberName />
        <titleType>Official Title as Introduced</titleType>
        <title>A resolution recognizing January 27, 2018, as the anniversary of the first refugee and Muslim ban, and urging the President to demonstrate true leadership on refugee resettlement.</title>
        <chamberCode />
      </item>
      <item>
        <parentTitleType />
        <chamberName />
        <titleType>Display Title</titleType>
        <title>A resolution recognizing January 27, 2018, as the anniversary of the first refugee and Muslim ban, and urging the President to demonstrate true leadership on refugee resettlement.</title>
        <chamberCode />
      </item>
    </titles>
    <committees>
      <billCommittees>
        <item>
          <subcommittees />
          <chamber>Senate</chamber>
          <systemCode>ssju00</systemCode>
          <type>Standing</type>
          <name>Judiciary Committee</name>
          <activities>
            <item>
              <name>Referred to</name>
              <date>2018-01-30T21:20:20Z</date>
            </item>
          </activities>
        </item>
      </billCommittees>
    </committees>
    <policyArea>
      <name>Immigration</name>
    </policyArea>
    <actions>
      <actionTypeCounts>
        <referredToCommittee>1</referredToCommittee>
        <introducedInSenate>1</introducedInSenate>
      </actionTypeCounts>
      <item>
        <actionDate>2018-01-30</actionDate>
        <committee>
          <systemCode>ssju00</systemCode>
          <name>Judiciary Committee</name>
        </committee>
        <links>
          <link>
            <url>https://www.congress.gov/congressional-record/volume-164/senate-section/page/S585-586</url>
            <name>S585-586</name>
          </link>
        </links>
        <sourceSystem>
          <code>0</code>
          <name>Senate</name>
        </sourceSystem>
        <text>Referred to the Committee on the Judiciary. (text of measure as introduced: CR S585-586)</text>
        <type>IntroReferral</type>
      </item>
      <item>
        <sourceSystem>
          <code>9</code>
          <name>Library of Congress</name>
        </sourceSystem>
        <links />
        <actionCode>10000</actionCode>
        <text>Introduced in Senate</text>
        <type>IntroReferral</type>
        <committee />
        <actionDate>2018-01-30</actionDate>
      </item>
      <actionByCounts>
        <senate>2</senate>
      </actionByCounts>
    </actions>
    <notes />
    <congress>115</congress>
    <cosponsors>
      <item>
        <middleName>A.</middleName>
        <sponsorshipWithdrawnDate />
        <state>NJ</state>
        <sponsorshipDate>2018-01-30</sponsorshipDate>
        <fullName>Sen. Booker, Cory A. [D-NJ]</fullName>
        <firstName>Cory</firstName>
        <party>D</party>
        <identifiers>
          <gpoId />
          <lisID>2194</lisID>
          <bioguideId>B001288</bioguideId>
        </identifiers>
        <bioguideId>B001288</bioguideId>
        <lastName>Booker</lastName>
        <isOriginalCosponsor>True</isOriginalCosponsor>
      </item>
      <item>
        <middleName />
        <sponsorshipWithdrawnDate />
        <state>WA</state>
        <sponsorshipDate>2018-01-30</sponsorshipDate>
        <fullName>Sen. Cantwell, Maria [D-WA]</fullName>
        <firstName>MARIA</firstName>
        <party>D</party>
        <identifiers>
          <lisID>172</lisID>
          <gpoId>8288</gpoId>
          <bioguideId>C000127</bioguideId>
        </identifiers>
        <bioguideId>C000127</bioguideId>
        <lastName>CANTWELL</lastName>
        <isOriginalCosponsor>True</isOriginalCosponsor>
      </item>
      <item>
        <middleName>K.</middleName>
        <sponsorshipWithdrawnDate />
        <state>HI</state>
        <sponsorshipDate>2018-01-30</sponsorshipDate>
        <fullName>Sen. Hirono, Mazie K. [D-HI]</fullName>
        <firstName>Mazie</firstName>
        <party>D</party>
        <identifiers>
          <gpoId>7913</gpoId>
          <lisID>1844</lisID>
          <bioguideId>H001042</bioguideId>
        </identifiers>
        <bioguideId>H001042</bioguideId>
        <lastName>Hirono</lastName>
        <isOriginalCosponsor>True</isOriginalCosponsor>
      </item>
      <item>
        <middleName>J.</middleName>
        <sponsorshipWithdrawnDate />
        <state>IL</state>
        <sponsorshipDate>2018-01-30</sponsorshipDate>
        <fullName>Sen. Durbin, Richard J. [D-IL]</fullName>
        <firstName>RICHARD</firstName>
        <party>D</party>
        <identifiers>
          <lisID>326</lisID>
          <gpoId>8326</gpoId>
          <bioguideId>D000563</bioguideId>
        </identifiers>
        <bioguideId>D000563</bioguideId>
        <lastName>DURBIN</lastName>
        <isOriginalCosponsor>True</isOriginalCosponsor>
      </item>
      <item>
        <middleName>J.</middleName>
        <sponsorshipWithdrawnDate />
        <state>MA</state>
        <sponsorshipDate>2018-01-30</sponsorshipDate>
        <fullName>Sen. Markey, Edward J. [D-MA]</fullName>
        <firstName>EDWARD</firstName>
        <party>D</party>
        <identifiers>
          <gpoId>7972</gpoId>
          <bioguideId>M000133</bioguideId>
          <lisID>735</lisID>
        </identifiers>
        <bioguideId>M000133</bioguideId>
        <lastName>MARKEY</lastName>
        <isOriginalCosponsor>True</isOriginalCosponsor>
      </item>
      <item>
        <middleName />
        <sponsorshipWithdrawnDate />
        <state>MD</state>
        <sponsorshipDate>2018-01-30</sponsorshipDate>
        <fullName>Sen. Van Hollen, Chris [D-MD]</fullName>
        <firstName>Chris</firstName>
        <party>D</party>
        <identifiers>
          <lisID>1729</lisID>
          <gpoId>7983</gpoId>
          <bioguideId>V000128</bioguideId>
        </identifiers>
        <bioguideId>V000128</bioguideId>
        <lastName>Van Hollen</lastName>
        <isOriginalCosponsor>True</isOriginalCosponsor>
      </item>
      <item>
        <middleName />
        <sponsorshipWithdrawnDate />
        <state>OH</state>
        <sponsorshipDate>2018-01-30</sponsorshipDate>
        <fullName>Sen. Brown, Sherrod [D-OH]</fullName>
        <firstName>SHERROD</firstName>
        <party>D</party>
        <identifiers>
          <gpoId>8309</gpoId>
          <bioguideId>B000944</bioguideId>
          <lisID>136</lisID>
        </identifiers>
        <bioguideId>B000944</bioguideId>
        <lastName>BROWN</lastName>
        <isOriginalCosponsor>True</isOriginalCosponsor>
      </item>
      <item>
        <middleName />
        <sponsorshipWithdrawnDate />
        <state>IL</state>
        <sponsorshipDate>2018-01-30</sponsorshipDate>
        <fullName>Sen. Duckworth, Tammy [D-IL]</fullName>
        <firstName>Tammy</firstName>
        <party>D</party>
        <identifiers>
          <lisID>2123</lisID>
          <gpoId />
          <bioguideId>D000622</bioguideId>
        </identifiers>
        <bioguideId>D000622</bioguideId>
        <lastName>Duckworth</lastName>
        <isOriginalCosponsor>True</isOriginalCosponsor>
      </item>
      <item>
        <middleName />
        <sponsorshipWithdrawnDate />
        <state>HI</state>
        <sponsorshipDate>2018-01-30</sponsorshipDate>
        <fullName>Sen. Schatz, Brian [D-HI]</fullName>
        <firstName>Brian</firstName>
        <party>D</party>
        <identifiers>
          <lisID>2173</lisID>
          <gpoId />
          <bioguideId>S001194</bioguideId>
        </identifiers>
        <bioguideId>S001194</bioguideId>
        <lastName>Schatz</lastName>
        <isOriginalCosponsor>True</isOriginalCosponsor>
      </item>
      <item>
        <middleName />
        <sponsorshipWithdrawnDate />
        <state>WA</state>
        <sponsorshipDate>2018-01-30</sponsorshipDate>
        <fullName>Sen. Murray, Patty [D-WA]</fullName>
        <firstName>PATTY</firstName>
        <party>D</party>
        <identifiers>
          <gpoId>8237</gpoId>
          <bioguideId>M001111</bioguideId>
          <lisID>1409</lisID>
        </identifiers>
        <bioguideId>M001111</bioguideId>
        <lastName>MURRAY</lastName>
        <isOriginalCosponsor>True</isOriginalCosponsor>
      </item>
    </cosponsors>
    <sponsors>
      <item>
        <identifiers>
          <bioguideId>B001277</bioguideId>
          <lisID>2076</lisID>
          <gpoId>8332</gpoId>
        </identifiers>
        <byRequestType />
        <fullName>Sen. Blumenthal, Richard [D-CT]</fullName>
        <firstName>Richard</firstName>
        <bioguideId>B001277</bioguideId>
        <middleName />
        <lastName>Blumenthal</lastName>
        <state>CT</state>
        <party>D</party>
      </item>
    </sponsors>
    <committeeReports />
    <introducedDate>2018-01-30</introducedDate>
    <summaries>
      <billSummaries />
    </summaries>
    <relatedBills />
    <createDate>2018-01-31T01:11:01Z</createDate>
    <cboCostEstimates />
    <updateDate>2018-02-06T05:30:56Z</updateDate>
    <amendments />
    <originChamber>Senate</originChamber>
    <subjects>
      <billSubjects>
        <legislativeSubjects>
          <item>
            <name>Commemorative events and holidays</name>
          </item>
          <item>
            <name>Foreign aid and international relief</name>
          </item>
          <item>
            <name>Immigration status and procedures</name>
          </item>
          <item>
            <name>International organizations and cooperation</name>
          </item>
          <item>
            <name>Presidents and presidential powers, Vice Presidents</name>
          </item>
          <item>
            <name>Refugees, asylum, displaced persons</name>
          </item>
          <item>
            <name>Religion</name>
          </item>
        </legislativeSubjects>
        <policyArea>
          <name>Immigration</name>
        </policyArea>
      </billSubjects>
    </subjects>
    <calendarNumbers />
    <billNumber>388</billNumber>
    <recordedVotes />
    <billType>SRES</billType>
    <version>1.0.0</version>
    <laws />
    <latestAction>
      <links />
      <actionDate>2018-01-30</actionDate>
      <text>Referred to the Committee on the Judiciary. (text of measure as introduced: CR S585-586)</text>
    </latestAction>
  </bill>
  <dublinCore xmlns:dc="http://purl.org/dc/elements/1.1/">
    <dc:format>text/xml</dc:format>
    <dc:language>EN</dc:language>
    <dc:rights>Pursuant to Title 17 Section 105 of the United States Code, this file is not subject to copyright protection and is in the public domain.</dc:rights>
    <dc:contributor>Congressional Research Service, Library of Congress</dc:contributor>
    <dc:description>This file contains bill summaries and statuses for federal legislation. A bill summary describes the most significant provisions of a piece of legislation and details the effects the legislative text may have on current law and federal programs. Bill summaries are authored by the Congressional Research Service (CRS) of the Library of Congress. As stated in Public Law 91-510 (2 USC 166 (d)(6)), one of the duties of CRS is "to prepare summaries and digests of bills and resolutions of a public general nature introduced in the Senate or House of Representatives". For more information, refer to the User Guide that accompanies this file.</dc:description>
  </dublinCore>
</billStatus>

