<?xml version="1.0" encoding="UTF-8"?>
<billStatus>
  <bill>
    <relatedBills />
    <originChamber>Senate</originChamber>
    <recordedVotes />
    <latestAction>
      <text>Submitted in the Senate, considered, and agreed to without amendment and with a preamble by Unanimous Consent. (consideration: CR S8278-8279; text: CR S8263)</text>
      <links />
      <actionDate>2017-12-21</actionDate>
    </latestAction>
    <createDate>2017-12-22T00:41:10Z</createDate>
    <title>A resolution congratulating the University of Central Missouri women's soccer team for winning the National Collegiate Athletic Association Division II Women's Soccer Championship at Swope Soccer Village in Kansas City, Missouri.</title>
    <summaries>
      <billSummaries>
        <item>
          <versionCode>00</versionCode>
          <updateDate>2017-12-21T05:00:00Z</updateDate>
          <actionDesc>Introduced in Senate</actionDesc>
          <lastSummaryUpdateDate>2018-01-03T23:05:57Z</lastSummaryUpdateDate>
          <actionDate>2017-12-21</actionDate>
          <name>Introduced in Senate</name>
          <text><![CDATA[<p> Congratulates the University of Central Missouri women's soccer team for winning a national title for the first time in the history of the university women's soccer program while maintaining an undefeated season.</p> <p>Encourages that university to continue promoting the values of teamwork, commitment, and excellence through its athletic programs.</p>]]></text>
        </item>
        <item>
          <versionCode>82</versionCode>
          <updateDate>2017-12-21T16:31:58Z</updateDate>
          <actionDesc>Passed Senate without amendment</actionDesc>
          <lastSummaryUpdateDate>2018-01-03T23:06:11Z</lastSummaryUpdateDate>
          <actionDate>2017-12-21</actionDate>
          <name>Passed Senate without amendment</name>
          <text><![CDATA[<p>(This measure has not been amended since it was introduced. The summary of that version is repeated here.)</p> <p> Congratulates the University of Central Missouri women's soccer team for winning a national title for the first time in the history of the university women's soccer program while maintaining an undefeated season.</p> <p>Encourages that university to continue promoting the values of teamwork, commitment, and excellence through its athletic programs.</p>]]></text>
        </item>
      </billSummaries>
    </summaries>
    <actions>
      <item>
        <actionDate>2017-12-21</actionDate>
        <committee />
        <links>
          <link>
            <url>https://www.congress.gov/congressional-record/volume-163/senate-section/page/S8263</url>
            <name>S8263</name>
          </link>
          <link>
            <url>https://www.congress.gov/congressional-record/volume-163/senate-section/page/S8278-8279</url>
            <name>S8278-8279</name>
          </link>
        </links>
        <sourceSystem>
          <code>0</code>
          <name>Senate</name>
        </sourceSystem>
        <text>Submitted in the Senate, considered, and agreed to without amendment and with a preamble by Unanimous Consent. (consideration: CR S8278-8279; text: CR S8263)</text>
        <type>Floor</type>
      </item>
      <item>
        <committee />
        <sourceSystem>
          <code>9</code>
          <name>Library of Congress</name>
        </sourceSystem>
        <actionDate>2017-12-21</actionDate>
        <text>Passed/agreed to in Senate: Submitted in the Senate, considered, and agreed to without amendment and with a preamble by Unanimous Consent.(consideration: CR S8278-8279; text: CR S8263)</text>
        <links>
          <link>
            <url>https://www.congress.gov/congressional-record/volume-163/senate-section/page/S8263</url>
            <name>S8263</name>
          </link>
          <link>
            <url>https://www.congress.gov/congressional-record/volume-163/senate-section/page/S8278-8279</url>
            <name>S8278-8279</name>
          </link>
        </links>
        <type>Floor</type>
        <actionCode>17000</actionCode>
      </item>
      <item>
        <committee />
        <sourceSystem>
          <code>9</code>
          <name>Library of Congress</name>
        </sourceSystem>
        <actionDate>2017-12-21</actionDate>
        <text>Introduced in Senate</text>
        <links />
        <type>IntroReferral</type>
        <actionCode>10000</actionCode>
      </item>
      <actionByCounts>
        <senate>3</senate>
      </actionByCounts>
      <actionTypeCounts>
        <passedAgreedToInSenate>1</passedAgreedToInSenate>
        <passedOrAgreedToInSenateDayOf>1</passedOrAgreedToInSenateDayOf>
        <introducedInSenate>1</introducedInSenate>
      </actionTypeCounts>
    </actions>
    <updateDate>2018-02-06T16:44:18Z</updateDate>
    <amendments />
    <notes />
    <sponsors>
      <item>
        <bioguideId>M001170</bioguideId>
        <middleName />
        <byRequestType />
        <firstName>Claire</firstName>
        <lastName>McCaskill</lastName>
        <state>MO</state>
        <party>D</party>
        <identifiers>
          <lisID>1820</lisID>
          <bioguideId>M001170</bioguideId>
          <gpoId>8252</gpoId>
        </identifiers>
        <fullName>Sen. McCaskill, Claire [D-MO]</fullName>
      </item>
    </sponsors>
    <committees>
      <billCommittees />
    </committees>
    <cosponsors>
      <item>
        <bioguideId>B000575</bioguideId>
        <sponsorshipDate>2017-12-21</sponsorshipDate>
        <isOriginalCosponsor>True</isOriginalCosponsor>
        <middleName />
        <sponsorshipWithdrawnDate />
        <firstName>Roy</firstName>
        <lastName>Blunt</lastName>
        <state>MO</state>
        <party>R</party>
        <identifiers>
          <lisID>1464</lisID>
          <gpoId>8313</gpoId>
          <bioguideId>B000575</bioguideId>
        </identifiers>
        <fullName>Sen. Blunt, Roy [R-MO]</fullName>
      </item>
    </cosponsors>
    <laws />
    <policyArea>
      <name>Sports and Recreation</name>
    </policyArea>
    <cboCostEstimates />
    <billNumber>364</billNumber>
    <congress>115</congress>
    <version>1.0.0</version>
    <introducedDate>2017-12-21</introducedDate>
    <committeeReports />
    <titles>
      <item>
        <chamberCode />
        <chamberName />
        <parentTitleType />
        <titleType>Official Title as Introduced</titleType>
        <title>A resolution congratulating the University of Central Missouri women's soccer team for winning the National Collegiate Athletic Association Division II Women's Soccer Championship at Swope Soccer Village in Kansas City, Missouri.</title>
      </item>
      <item>
        <chamberCode />
        <chamberName />
        <parentTitleType />
        <titleType>Display Title</titleType>
        <title>A resolution congratulating the University of Central Missouri women's soccer team for winning the National Collegiate Athletic Association Division II Women's Soccer Championship at Swope Soccer Village in Kansas City, Missouri.</title>
      </item>
    </titles>
    <calendarNumbers />
    <subjects>
      <billSubjects>
        <legislativeSubjects />
        <policyArea>
          <name>Sports and Recreation</name>
        </policyArea>
      </billSubjects>
    </subjects>
    <billType>SRES</billType>
  </bill>
  <dublinCore xmlns:dc="http://purl.org/dc/elements/1.1/">
    <dc:format>text/xml</dc:format>
    <dc:language>EN</dc:language>
    <dc:rights>Pursuant to Title 17 Section 105 of the United States Code, this file is not subject to copyright protection and is in the public domain.</dc:rights>
    <dc:contributor>Congressional Research Service, Library of Congress</dc:contributor>
    <dc:description>This file contains bill summaries and statuses for federal legislation. A bill summary describes the most significant provisions of a piece of legislation and details the effects the legislative text may have on current law and federal programs. Bill summaries are authored by the Congressional Research Service (CRS) of the Library of Congress. As stated in Public Law 91-510 (2 USC 166 (d)(6)), one of the duties of CRS is "to prepare summaries and digests of bills and resolutions of a public general nature introduced in the Senate or House of Representatives". For more information, refer to the User Guide that accompanies this file.</dc:description>
  </dublinCore>
</billStatus>

