<?xml version="1.0" encoding="UTF-8"?>
<billStatus>
  <bill>
    <committeeReports />
    <cosponsors />
    <summaries>
      <billSummaries>
        <item>
          <versionCode>00</versionCode>
          <text><![CDATA[<p>Recognizes September 2017, as Alaska Wild Salmon Month.</p>]]></text>
          <name>Introduced in Senate</name>
          <actionDate>2017-09-18</actionDate>
          <updateDate>2017-09-18T04:00:00Z</updateDate>
          <lastSummaryUpdateDate>2017-12-18T20:22:41Z</lastSummaryUpdateDate>
          <actionDesc>Introduced in Senate</actionDesc>
        </item>
        <item>
          <versionCode>82</versionCode>
          <text><![CDATA[<p>(This measure has not been amended since it was introduced. The summary of that version is repeated here.)</p> <p>Recognizes September 2017, as Alaska Wild Salmon Month.</p>]]></text>
          <name>Passed Senate without amendment</name>
          <actionDate>2017-09-18</actionDate>
          <updateDate>2017-09-18T16:13:36Z</updateDate>
          <lastSummaryUpdateDate>2018-02-05T22:14:06Z</lastSummaryUpdateDate>
          <actionDesc>Passed Senate without amendment</actionDesc>
        </item>
      </billSummaries>
    </summaries>
    <congress>115</congress>
    <notes />
    <title>A resolution recognizing the month of September 2017 as "Alaska Wild Salmon Month".</title>
    <sponsors>
      <item>
        <lastName>Murkowski</lastName>
        <party>R</party>
        <identifiers>
          <lisID>1694</lisID>
          <gpoId>8234</gpoId>
          <bioguideId>M001153</bioguideId>
        </identifiers>
        <fullName>Sen. Murkowski, Lisa [R-AK]</fullName>
        <firstName>Lisa</firstName>
        <state>AK</state>
        <bioguideId>M001153</bioguideId>
        <byRequestType />
        <middleName />
      </item>
    </sponsors>
    <titles>
      <item>
        <chamberCode />
        <title>A resolution recognizing the month of September 2017 as "Alaska Wild Salmon Month".</title>
        <parentTitleType />
        <titleType>Official Title as Introduced</titleType>
        <chamberName />
      </item>
      <item>
        <chamberCode />
        <title>A resolution recognizing the month of September 2017 as "Alaska Wild Salmon Month".</title>
        <parentTitleType />
        <titleType>Display Title</titleType>
        <chamberName />
      </item>
    </titles>
    <calendarNumbers />
    <billType>SRES</billType>
    <latestAction>
      <text>Submitted in the Senate, considered, and agreed to without amendment and with a preamble by Unanimous Consent. (consideration: CR S5810; text: CR S5804)</text>
      <actionDate>2017-09-18</actionDate>
      <links />
    </latestAction>
    <laws />
    <committees>
      <billCommittees />
    </committees>
    <introducedDate>2017-09-18</introducedDate>
    <policyArea>
      <name>Animals</name>
    </policyArea>
    <cboCostEstimates />
    <recordedVotes />
    <billNumber>261</billNumber>
    <updateDate>2018-02-16T05:25:16Z</updateDate>
    <subjects>
      <billSubjects>
        <legislativeSubjects>
          <item>
            <name>Alaska</name>
          </item>
          <item>
            <name>Commemorative events and holidays</name>
          </item>
          <item>
            <name>Fishes</name>
          </item>
          <item>
            <name>Food industry and services</name>
          </item>
          <item>
            <name>Marine and coastal resources, fisheries</name>
          </item>
          <item>
            <name>Seafood</name>
          </item>
        </legislativeSubjects>
        <policyArea>
          <name>Animals</name>
        </policyArea>
      </billSubjects>
    </subjects>
    <amendments />
    <actions>
      <item>
        <actionDate>2017-09-18</actionDate>
        <committee />
        <links>
          <link>
            <name>S5804</name>
            <url>https://www.congress.gov/congressional-record/volume-163/senate-section/page/S5804</url>
          </link>
          <link>
            <name>S5810</name>
            <url>https://www.congress.gov/congressional-record/volume-163/senate-section/page/S5810</url>
          </link>
        </links>
        <sourceSystem>
          <name>Senate</name>
          <code>0</code>
        </sourceSystem>
        <text>Submitted in the Senate, considered, and agreed to without amendment and with a preamble by Unanimous Consent. (consideration: CR S5810; text: CR S5804)</text>
        <type>Floor</type>
      </item>
      <item>
        <sourceSystem>
          <name>Library of Congress</name>
          <code>9</code>
        </sourceSystem>
        <links>
          <link>
            <name>S5804</name>
            <url>https://www.congress.gov/congressional-record/volume-163/senate-section/page/S5804</url>
          </link>
          <link>
            <name>S5810</name>
            <url>https://www.congress.gov/congressional-record/volume-163/senate-section/page/S5810</url>
          </link>
        </links>
        <text>Passed/agreed to in Senate: Submitted in the Senate, considered, and agreed to without amendment and with a preamble by Unanimous Consent.(consideration: CR S5810; text: CR S5804)</text>
        <actionDate>2017-09-18</actionDate>
        <actionCode>17000</actionCode>
        <type>Floor</type>
        <committee />
      </item>
      <item>
        <sourceSystem>
          <name>Library of Congress</name>
          <code>9</code>
        </sourceSystem>
        <links />
        <text>Introduced in Senate</text>
        <actionDate>2017-09-18</actionDate>
        <actionCode>10000</actionCode>
        <type>IntroReferral</type>
        <committee />
      </item>
      <actionByCounts>
        <senate>3</senate>
      </actionByCounts>
      <actionTypeCounts>
        <passedAgreedToInSenate>1</passedAgreedToInSenate>
        <passedOrAgreedToInSenateDayOf>1</passedOrAgreedToInSenateDayOf>
        <introducedInSenate>1</introducedInSenate>
      </actionTypeCounts>
    </actions>
    <relatedBills />
    <createDate>2017-09-19T00:26:17Z</createDate>
    <originChamber>Senate</originChamber>
    <version>1.0.0</version>
  </bill>
  <dublinCore xmlns:dc="http://purl.org/dc/elements/1.1/">
    <dc:format>text/xml</dc:format>
    <dc:language>EN</dc:language>
    <dc:rights>Pursuant to Title 17 Section 105 of the United States Code, this file is not subject to copyright protection and is in the public domain.</dc:rights>
    <dc:contributor>Congressional Research Service, Library of Congress</dc:contributor>
    <dc:description>This file contains bill summaries and statuses for federal legislation. A bill summary describes the most significant provisions of a piece of legislation and details the effects the legislative text may have on current law and federal programs. Bill summaries are authored by the Congressional Research Service (CRS) of the Library of Congress. As stated in Public Law 91-510 (2 USC 166 (d)(6)), one of the duties of CRS is "to prepare summaries and digests of bills and resolutions of a public general nature introduced in the Senate or House of Representatives". For more information, refer to the User Guide that accompanies this file.</dc:description>
  </dublinCore>
</billStatus>

