<?xml version="1.0" encoding="UTF-8"?>
<billStatus>
  <bill>
    <cosponsors>
      <item>
        <isOriginalCosponsor>True</isOriginalCosponsor>
        <fullName>Sen. Grassley, Chuck [R-IA]</fullName>
        <middleName>ERNEST</middleName>
        <state>IA</state>
        <sponsorshipDate>2017-11-16</sponsorshipDate>
        <firstName>CHARLES</firstName>
        <bioguideId>G000386</bioguideId>
        <party>R</party>
        <lastName>GRASSLEY</lastName>
        <sponsorshipWithdrawnDate />
        <identifiers>
          <bioguideId>G000386</bioguideId>
          <lisID>457</lisID>
          <gpoId>8316</gpoId>
        </identifiers>
      </item>
    </cosponsors>
    <congress>115</congress>
    <committees>
      <billCommittees>
        <item>
          <type>Standing</type>
          <systemCode>ssju00</systemCode>
          <subcommittees />
          <activities>
            <item>
              <date>2017-11-16T21:40:42Z</date>
              <name>Referred to</name>
            </item>
          </activities>
          <chamber>Senate</chamber>
          <name>Judiciary Committee</name>
        </item>
      </billCommittees>
    </committees>
    <laws />
    <titles>
      <item>
        <chamberCode />
        <title>A resolution designating the week of November 19 through November 25, 2017, during which the holiday of Thanksgiving is observed, as "National Family Week".</title>
        <titleType>Official Title as Introduced</titleType>
        <parentTitleType />
        <chamberName />
      </item>
      <item>
        <chamberCode />
        <title>A resolution designating the week of November 19 through November 25, 2017, during which the holiday of Thanksgiving is observed, as "National Family Week".</title>
        <titleType>Display Title</titleType>
        <parentTitleType />
        <chamberName />
      </item>
    </titles>
    <billType>SRES</billType>
    <amendments />
    <recordedVotes />
    <actions>
      <actionByCounts>
        <senate>2</senate>
      </actionByCounts>
      <actionTypeCounts>
        <referredToCommittee>1</referredToCommittee>
        <introducedInSenate>1</introducedInSenate>
      </actionTypeCounts>
      <item>
        <actionDate>2017-11-16</actionDate>
        <committee>
          <systemCode>ssju00</systemCode>
          <name>Judiciary Committee</name>
        </committee>
        <links>
          <link>
            <name>S7303</name>
            <url>https://www.congress.gov/congressional-record/volume-163/senate-section/page/S7303</url>
          </link>
        </links>
        <sourceSystem>
          <name>Senate</name>
          <code>0</code>
        </sourceSystem>
        <text>Referred to the Committee on the Judiciary. (text of measure as introduced: CR S7303)</text>
        <type>IntroReferral</type>
      </item>
      <item>
        <sourceSystem>
          <name>Library of Congress</name>
          <code>9</code>
        </sourceSystem>
        <actionDate>2017-11-16</actionDate>
        <text>Introduced in Senate</text>
        <type>IntroReferral</type>
        <links />
        <committee />
        <actionCode>10000</actionCode>
      </item>
    </actions>
    <introducedDate>2017-11-16</introducedDate>
    <relatedBills />
    <committeeReports />
    <calendarNumbers />
    <billNumber>335</billNumber>
    <summaries>
      <billSummaries>
        <item>
          <text><![CDATA[<p>Designates the week during which Thanksgiving is observed in 2017 as National Family Week.</p>]]></text>
          <name>Introduced in Senate</name>
          <lastSummaryUpdateDate>2017-12-15T18:43:53Z</lastSummaryUpdateDate>
          <versionCode>00</versionCode>
          <actionDesc>Introduced in Senate</actionDesc>
          <updateDate>2017-11-16T05:00:00Z</updateDate>
          <actionDate>2017-11-16</actionDate>
        </item>
      </billSummaries>
    </summaries>
    <cboCostEstimates />
    <updateDate>2018-02-06T16:44:17Z</updateDate>
    <policyArea>
      <name>Families</name>
    </policyArea>
    <latestAction>
      <text>Referred to the Committee on the Judiciary. (text of measure as introduced: CR S7303)</text>
      <actionDate>2017-11-16</actionDate>
      <links />
    </latestAction>
    <subjects>
      <billSubjects>
        <policyArea>
          <name>Families</name>
        </policyArea>
        <legislativeSubjects />
      </billSubjects>
    </subjects>
    <title>A resolution designating the week of November 19 through November 25, 2017, during which the holiday of Thanksgiving is observed, as "National Family Week".</title>
    <version>1.0.0</version>
    <sponsors>
      <item>
        <byRequestType />
        <party>D</party>
        <fullName>Sen. Manchin, Joe, III [D-WV]</fullName>
        <bioguideId>M001183</bioguideId>
        <state>WV</state>
        <lastName>Manchin</lastName>
        <middleName />
        <firstName>Joe</firstName>
        <identifiers>
          <lisID>1983</lisID>
          <gpoId>8256</gpoId>
          <bioguideId>M001183</bioguideId>
        </identifiers>
      </item>
    </sponsors>
    <notes />
    <createDate>2017-11-17T00:41:18Z</createDate>
    <originChamber>Senate</originChamber>
  </bill>
  <dublinCore xmlns:dc="http://purl.org/dc/elements/1.1/">
    <dc:format>text/xml</dc:format>
    <dc:language>EN</dc:language>
    <dc:rights>Pursuant to Title 17 Section 105 of the United States Code, this file is not subject to copyright protection and is in the public domain.</dc:rights>
    <dc:contributor>Congressional Research Service, Library of Congress</dc:contributor>
    <dc:description>This file contains bill summaries and statuses for federal legislation. A bill summary describes the most significant provisions of a piece of legislation and details the effects the legislative text may have on current law and federal programs. Bill summaries are authored by the Congressional Research Service (CRS) of the Library of Congress. As stated in Public Law 91-510 (2 USC 166 (d)(6)), one of the duties of CRS is "to prepare summaries and digests of bills and resolutions of a public general nature introduced in the Senate or House of Representatives". For more information, refer to the User Guide that accompanies this file.</dc:description>
  </dublinCore>
</billStatus>

