<?xml version="1.0" encoding="UTF-8"?>
<billStatus>
  <bill>
    <sponsors>
      <item>
        <fullName>Sen. Heller, Dean [R-NV]</fullName>
        <lastName>Heller</lastName>
        <bioguideId>H001041</bioguideId>
        <party>R</party>
        <middleName />
        <state>NV</state>
        <firstName>Dean</firstName>
        <byRequestType />
        <identifiers>
          <bioguideId>H001041</bioguideId>
          <gpoId>8060</gpoId>
          <lisID>1863</lisID>
        </identifiers>
      </item>
    </sponsors>
    <laws />
    <version>1.0.0</version>
    <introducedDate>2017-05-17</introducedDate>
    <cboCostEstimates />
    <titles>
      <item>
        <chamberName />
        <titleType>Official Title as Introduced</titleType>
        <title>A resolution relating to the recognition of Jerusalem as the capital of Israel and the relocation of the United States Embassy to Jerusalem.</title>
        <parentTitleType />
        <chamberCode />
      </item>
      <item>
        <chamberName />
        <titleType>Display Title</titleType>
        <title>A resolution relating to the recognition of Jerusalem as the capital of Israel and the relocation of the United States Embassy to Jerusalem.</title>
        <parentTitleType />
        <chamberCode />
      </item>
    </titles>
    <amendments />
    <recordedVotes />
    <relatedBills />
    <congress>115</congress>
    <billType>SRES</billType>
    <actions>
      <actionByCounts>
        <senate>2</senate>
      </actionByCounts>
      <actionTypeCounts>
        <referredToCommittee>1</referredToCommittee>
        <introducedInSenate>1</introducedInSenate>
      </actionTypeCounts>
      <item>
        <actionDate>2017-05-17</actionDate>
        <committee>
          <name>Foreign Relations Committee</name>
          <systemCode>ssfr00</systemCode>
        </committee>
        <links>
          <link>
            <name>S3018-3019</name>
            <url>https://www.congress.gov/congressional-record/volume-163/senate-section/page/S3018-3019</url>
          </link>
        </links>
        <sourceSystem>
          <code>0</code>
          <name>Senate</name>
        </sourceSystem>
        <text>Referred to the Committee on Foreign Relations. (text of measure as introduced: CR S3018-3019)</text>
        <type>IntroReferral</type>
      </item>
      <item>
        <text>Introduced in Senate</text>
        <links />
        <sourceSystem>
          <code>9</code>
          <name>Library of Congress</name>
        </sourceSystem>
        <actionCode>10000</actionCode>
        <type>IntroReferral</type>
        <committee />
        <actionDate>2017-05-17</actionDate>
      </item>
    </actions>
    <notes />
    <originChamber>Senate</originChamber>
    <title>A resolution relating to the recognition of Jerusalem as the capital of Israel and the relocation of the United States Embassy to Jerusalem.</title>
    <billNumber>167</billNumber>
    <cosponsors>
      <item>
        <bioguideId>G000359</bioguideId>
        <sponsorshipDate>2017-05-17</sponsorshipDate>
        <isOriginalCosponsor>True</isOriginalCosponsor>
        <middleName>O.</middleName>
        <sponsorshipWithdrawnDate />
        <firstName>LINDSEY</firstName>
        <lastName>GRAHAM</lastName>
        <state>SC</state>
        <party>R</party>
        <identifiers>
          <gpoId>8335</gpoId>
          <lisID>452</lisID>
          <bioguideId>G000359</bioguideId>
        </identifiers>
        <fullName>Sen. Graham, Lindsey [R-SC]</fullName>
      </item>
      <item>
        <bioguideId>R000595</bioguideId>
        <sponsorshipDate>2017-05-17</sponsorshipDate>
        <isOriginalCosponsor>True</isOriginalCosponsor>
        <middleName />
        <sponsorshipWithdrawnDate />
        <firstName>Marco</firstName>
        <lastName>Rubio</lastName>
        <state>FL</state>
        <party>R</party>
        <identifiers>
          <lisID>2084</lisID>
          <bioguideId>R000595</bioguideId>
          <gpoId>8242</gpoId>
        </identifiers>
        <fullName>Sen. Rubio, Marco [R-FL]</fullName>
      </item>
      <item>
        <bioguideId>C001098</bioguideId>
        <sponsorshipDate>2017-05-17</sponsorshipDate>
        <isOriginalCosponsor>True</isOriginalCosponsor>
        <middleName />
        <sponsorshipWithdrawnDate />
        <firstName>Ted</firstName>
        <lastName>Cruz</lastName>
        <state>TX</state>
        <party>R</party>
        <identifiers>
          <lisID>2175</lisID>
          <bioguideId>C001098</bioguideId>
          <gpoId />
        </identifiers>
        <fullName>Sen. Cruz, Ted [R-TX]</fullName>
      </item>
    </cosponsors>
    <summaries>
      <billSummaries>
        <item>
          <updateDate>2017-05-17T04:00:00Z</updateDate>
          <lastSummaryUpdateDate>2017-09-28T21:36:26Z</lastSummaryUpdateDate>
          <actionDate>2017-05-17</actionDate>
          <name>Introduced in Senate</name>
          <actionDesc>Introduced in Senate</actionDesc>
          <versionCode>00</versionCode>
          <text><![CDATA[<p>Expresses the sense of the Senate that: (1) it should be U.S. policy to recognize Jerusalem as the undivided capital of Israel, and (2) the U.S. Embassy should be relocated to Jerusalem.</p>]]></text>
        </item>
      </billSummaries>
    </summaries>
    <policyArea>
      <name>International Affairs</name>
    </policyArea>
    <latestAction>
      <links />
      <actionDate>2017-05-17</actionDate>
      <text>Referred to the Committee on Foreign Relations. (text of measure as introduced: CR S3018-3019)</text>
    </latestAction>
    <updateDate>2018-02-06T16:44:07Z</updateDate>
    <committees>
      <billCommittees>
        <item>
          <subcommittees />
          <type>Standing</type>
          <systemCode>ssfr00</systemCode>
          <activities>
            <item>
              <name>Referred to</name>
              <date>2017-05-17T15:04:32Z</date>
            </item>
          </activities>
          <name>Foreign Relations Committee</name>
          <chamber>Senate</chamber>
        </item>
      </billCommittees>
    </committees>
    <createDate>2017-05-18T00:26:37Z</createDate>
    <subjects>
      <billSubjects>
        <legislativeSubjects>
          <item>
            <name>Arab-Israeli relations</name>
          </item>
          <item>
            <name>Diplomacy, foreign officials, Americans abroad</name>
          </item>
          <item>
            <name>Israel</name>
          </item>
          <item>
            <name>Middle East</name>
          </item>
          <item>
            <name>Sovereignty, recognition, national governance and status</name>
          </item>
        </legislativeSubjects>
        <policyArea>
          <name>International Affairs</name>
        </policyArea>
      </billSubjects>
    </subjects>
    <committeeReports />
    <calendarNumbers />
  </bill>
  <dublinCore xmlns:dc="http://purl.org/dc/elements/1.1/">
    <dc:format>text/xml</dc:format>
    <dc:language>EN</dc:language>
    <dc:rights>Pursuant to Title 17 Section 105 of the United States Code, this file is not subject to copyright protection and is in the public domain.</dc:rights>
    <dc:contributor>Congressional Research Service, Library of Congress</dc:contributor>
    <dc:description>This file contains bill summaries and statuses for federal legislation. A bill summary describes the most significant provisions of a piece of legislation and details the effects the legislative text may have on current law and federal programs. Bill summaries are authored by the Congressional Research Service (CRS) of the Library of Congress. As stated in Public Law 91-510 (2 USC 166 (d)(6)), one of the duties of CRS is "to prepare summaries and digests of bills and resolutions of a public general nature introduced in the Senate or House of Representatives". For more information, refer to the User Guide that accompanies this file.</dc:description>
  </dublinCore>
</billStatus>

