<?xml version="1.0" encoding="UTF-8"?>
<billStatus>
  <bill>
    <createDate>2017-04-08T00:41:45Z</createDate>
    <introducedDate>2017-04-07</introducedDate>
    <congress>115</congress>
    <latestAction>
      <actionDate>2017-04-27</actionDate>
      <links />
      <text>Resolution agreed to in Senate without amendment and with a preamble by Unanimous Consent.</text>
    </latestAction>
    <originChamber>Senate</originChamber>
    <billNumber>127</billNumber>
    <sponsors>
      <item>
        <state>NC</state>
        <identifiers>
          <bioguideId>B001135</bioguideId>
          <lisID>153</lisID>
          <gpoId>8286</gpoId>
        </identifiers>
        <bioguideId>B001135</bioguideId>
        <lastName>BURR</lastName>
        <fullName>Sen. Burr, Richard [R-NC]</fullName>
        <firstName>RICHARD</firstName>
        <party>R</party>
        <middleName />
        <byRequestType />
      </item>
    </sponsors>
    <title>A resolution supporting the goals and ideals of Take Our Daughters and Sons To Work Day.</title>
    <relatedBills />
    <titles>
      <item>
        <parentTitleType />
        <chamberCode />
        <chamberName />
        <titleType>Official Title as Introduced</titleType>
        <title>A resolution supporting the goals and ideals of Take Our Daughters and Sons To Work Day.</title>
      </item>
      <item>
        <parentTitleType />
        <chamberCode />
        <chamberName />
        <titleType>Display Title</titleType>
        <title>A resolution supporting the goals and ideals of Take Our Daughters and Sons To Work Day.</title>
      </item>
    </titles>
    <billType>SRES</billType>
    <summaries>
      <billSummaries>
        <item>
          <versionCode>00</versionCode>
          <text><![CDATA[<p>Recognizes the goals of introducing our daughters and sons to the workplace. Commends participants of Take Our Daughters And Sons To Work Day.</p>]]></text>
          <actionDesc>Introduced in Senate</actionDesc>
          <actionDate>2017-04-07</actionDate>
          <lastSummaryUpdateDate>2017-08-14T16:27:14Z</lastSummaryUpdateDate>
          <name>Introduced in Senate</name>
          <updateDate>2017-04-07T04:00:00Z</updateDate>
        </item>
        <item>
          <versionCode>82</versionCode>
          <text><![CDATA[<p>(This measure has not been amended since it was introduced. The summary of that version is repeated here.)</p> <p>Recognizes the goals of introducing our daughters and sons to the workplace. Commends participants of Take Our Daughters And Sons To Work Day.</p>]]></text>
          <actionDesc>Passed Senate without amendment</actionDesc>
          <actionDate>2017-04-27</actionDate>
          <lastSummaryUpdateDate>2017-09-11T17:55:20Z</lastSummaryUpdateDate>
          <name>Passed Senate without amendment</name>
          <updateDate>2017-04-27T12:03:29Z</updateDate>
        </item>
      </billSummaries>
    </summaries>
    <committeeReports />
    <laws />
    <subjects>
      <billSubjects>
        <legislativeSubjects>
          <item>
            <name>Commemorative events and holidays</name>
          </item>
          <item>
            <name>Elementary and secondary education</name>
          </item>
          <item>
            <name>Employment and training programs</name>
          </item>
          <item>
            <name>Families</name>
          </item>
          <item>
            <name>Family relationships</name>
          </item>
        </legislativeSubjects>
        <policyArea>
          <name>Education</name>
        </policyArea>
      </billSubjects>
    </subjects>
    <committees>
      <billCommittees>
        <item>
          <subcommittees />
          <type>Standing</type>
          <systemCode>sshr00</systemCode>
          <activities>
            <item>
              <name>Discharged from</name>
              <date>2017-04-27T23:11:39Z</date>
            </item>
            <item>
              <name>Referred to</name>
              <date>2017-04-07T17:02:49Z</date>
            </item>
          </activities>
          <name>Health, Education, Labor, and Pensions Committee</name>
          <chamber>Senate</chamber>
        </item>
      </billCommittees>
    </committees>
    <version>1.0.0</version>
    <recordedVotes />
    <updateDate>2018-02-06T16:44:04Z</updateDate>
    <calendarNumbers />
    <cboCostEstimates />
    <actions>
      <item>
        <actionDate>2017-04-27</actionDate>
        <committee />
        <links />
        <sourceSystem>
          <name>Senate</name>
          <code>0</code>
        </sourceSystem>
        <text>Resolution agreed to in Senate without amendment and with a preamble by Unanimous Consent.</text>
        <type>Floor</type>
      </item>
      <item>
        <sourceSystem>
          <name>Library of Congress</name>
          <code>9</code>
        </sourceSystem>
        <actionDate>2017-04-27</actionDate>
        <links />
        <text>Passed/agreed to in Senate: Resolution agreed to in Senate without amendment and with a preamble by Unanimous Consent.</text>
        <committee />
        <actionCode>17000</actionCode>
        <type>Floor</type>
      </item>
      <item>
        <actionDate>2017-04-27</actionDate>
        <committee>
          <systemCode>sshr00</systemCode>
          <name>Health, Education, Labor, and Pensions Committee</name>
        </committee>
        <links>
          <link>
            <name>S2630</name>
            <url>https://www.congress.gov/congressional-record/volume-163/senate-section/page/S2630</url>
          </link>
        </links>
        <sourceSystem>
          <name>Senate</name>
          <code>0</code>
        </sourceSystem>
        <text>Senate Committee on Health, Education, Labor, and Pensions discharged by Unanimous Consent. (consideration: CR S2630)</text>
        <type>Discharge</type>
      </item>
      <item>
        <sourceSystem>
          <name>Library of Congress</name>
          <code>9</code>
        </sourceSystem>
        <actionDate>2017-04-27</actionDate>
        <links>
          <link>
            <name>S2630</name>
            <url>https://www.congress.gov/congressional-record/volume-163/senate-section/page/S2630</url>
          </link>
        </links>
        <text>Senate Committee on Health, Education, Labor, and Pensions discharged by Unanimous Consent.(consideration: CR S2630)</text>
        <committee>
          <systemCode>sshr00</systemCode>
          <name>Health, Education, Labor, and Pensions Committee</name>
        </committee>
        <actionCode>14500</actionCode>
        <type>Committee</type>
      </item>
      <item>
        <actionDate>2017-04-07</actionDate>
        <committee>
          <systemCode>sshr00</systemCode>
          <name>Health, Education, Labor, and Pensions Committee</name>
        </committee>
        <links>
          <link>
            <name>S2458-2459</name>
            <url>https://www.congress.gov/congressional-record/volume-163/senate-section/page/S2458-2459</url>
          </link>
        </links>
        <sourceSystem>
          <name>Senate</name>
          <code>0</code>
        </sourceSystem>
        <text>Referred to the Committee on Health, Education, Labor, and Pensions. (text of measure as introduced: CR S2458-2459)</text>
        <type>IntroReferral</type>
      </item>
      <item>
        <sourceSystem>
          <name>Library of Congress</name>
          <code>9</code>
        </sourceSystem>
        <actionDate>2017-04-07</actionDate>
        <links />
        <text>Introduced in Senate</text>
        <committee />
        <actionCode>10000</actionCode>
        <type>IntroReferral</type>
      </item>
      <actionByCounts>
        <senate>6</senate>
      </actionByCounts>
      <actionTypeCounts>
        <referredToCommittee>1</referredToCommittee>
        <passedAgreedToInSenate>1</passedAgreedToInSenate>
        <agreedToInSenate>1</agreedToInSenate>
        <committeeDischarged>1</committeeDischarged>
        <senateCommitteeDischarged>1</senateCommitteeDischarged>
        <introducedInSenate>1</introducedInSenate>
      </actionTypeCounts>
    </actions>
    <amendments />
    <notes />
    <policyArea>
      <name>Education</name>
    </policyArea>
    <cosponsors>
      <item>
        <isOriginalCosponsor>True</isOriginalCosponsor>
        <fullName>Sen. Heitkamp, Heidi [D-ND]</fullName>
        <middleName />
        <state>ND</state>
        <sponsorshipDate>2017-04-07</sponsorshipDate>
        <firstName>Heidi</firstName>
        <bioguideId>H001069</bioguideId>
        <party>D</party>
        <lastName>Heitkamp</lastName>
        <sponsorshipWithdrawnDate />
        <identifiers>
          <lisID>2174</lisID>
          <gpoId />
          <bioguideId>H001069</bioguideId>
        </identifiers>
      </item>
    </cosponsors>
  </bill>
  <dublinCore xmlns:dc="http://purl.org/dc/elements/1.1/">
    <dc:format>text/xml</dc:format>
    <dc:language>EN</dc:language>
    <dc:rights>Pursuant to Title 17 Section 105 of the United States Code, this file is not subject to copyright protection and is in the public domain.</dc:rights>
    <dc:contributor>Congressional Research Service, Library of Congress</dc:contributor>
    <dc:description>This file contains bill summaries and statuses for federal legislation. A bill summary describes the most significant provisions of a piece of legislation and details the effects the legislative text may have on current law and federal programs. Bill summaries are authored by the Congressional Research Service (CRS) of the Library of Congress. As stated in Public Law 91-510 (2 USC 166 (d)(6)), one of the duties of CRS is "to prepare summaries and digests of bills and resolutions of a public general nature introduced in the Senate or House of Representatives". For more information, refer to the User Guide that accompanies this file.</dc:description>
  </dublinCore>
</billStatus>

