<?xml version="1.0" encoding="UTF-8"?>
<billStatus>
  <bill>
    <policyArea>
      <name>Civil Rights and Liberties, Minority Issues</name>
    </policyArea>
    <introducedDate>2017-02-27</introducedDate>
    <cosponsors>
      <item>
        <lastName>SCHUMER</lastName>
        <sponsorshipDate>2017-02-27</sponsorshipDate>
        <party>D</party>
        <state>NY</state>
        <bioguideId>S000148</bioguideId>
        <middleName>E.</middleName>
        <sponsorshipWithdrawnDate />
        <fullName>Sen. Schumer, Charles E. [D-NY]</fullName>
        <firstName>CHARLES</firstName>
        <isOriginalCosponsor>True</isOriginalCosponsor>
        <identifiers>
          <lisID>1036</lisID>
          <bioguideId>S000148</bioguideId>
          <gpoId>8279</gpoId>
        </identifiers>
      </item>
      <item>
        <lastName>DURBIN</lastName>
        <sponsorshipDate>2017-02-27</sponsorshipDate>
        <party>D</party>
        <state>IL</state>
        <bioguideId>D000563</bioguideId>
        <middleName>J.</middleName>
        <sponsorshipWithdrawnDate />
        <fullName>Sen. Durbin, Richard J. [D-IL]</fullName>
        <firstName>RICHARD</firstName>
        <isOriginalCosponsor>True</isOriginalCosponsor>
        <identifiers>
          <lisID>326</lisID>
          <gpoId>8326</gpoId>
          <bioguideId>D000563</bioguideId>
        </identifiers>
      </item>
      <item>
        <lastName>MURRAY</lastName>
        <sponsorshipDate>2017-02-27</sponsorshipDate>
        <party>D</party>
        <state>WA</state>
        <bioguideId>M001111</bioguideId>
        <middleName />
        <sponsorshipWithdrawnDate />
        <fullName>Sen. Murray, Patty [D-WA]</fullName>
        <firstName>PATTY</firstName>
        <isOriginalCosponsor>True</isOriginalCosponsor>
        <identifiers>
          <bioguideId>M001111</bioguideId>
          <gpoId>8237</gpoId>
          <lisID>1409</lisID>
        </identifiers>
      </item>
      <item>
        <lastName>BALDWIN</lastName>
        <sponsorshipDate>2017-02-27</sponsorshipDate>
        <party>D</party>
        <state>WI</state>
        <bioguideId>B001230</bioguideId>
        <middleName />
        <sponsorshipWithdrawnDate />
        <fullName>Sen. Baldwin, Tammy [D-WI]</fullName>
        <firstName>TAMMY</firstName>
        <isOriginalCosponsor>True</isOriginalCosponsor>
        <identifiers>
          <lisID>1558</lisID>
          <gpoId>8215</gpoId>
          <bioguideId>B001230</bioguideId>
        </identifiers>
      </item>
      <item>
        <lastName>Blumenthal</lastName>
        <sponsorshipDate>2017-02-27</sponsorshipDate>
        <party>D</party>
        <state>CT</state>
        <bioguideId>B001277</bioguideId>
        <middleName />
        <sponsorshipWithdrawnDate />
        <fullName>Sen. Blumenthal, Richard [D-CT]</fullName>
        <firstName>Richard</firstName>
        <isOriginalCosponsor>True</isOriginalCosponsor>
        <identifiers>
          <gpoId>8332</gpoId>
          <lisID>2076</lisID>
          <bioguideId>B001277</bioguideId>
        </identifiers>
      </item>
      <item>
        <lastName>Booker</lastName>
        <sponsorshipDate>2017-02-27</sponsorshipDate>
        <party>D</party>
        <state>NJ</state>
        <bioguideId>B001288</bioguideId>
        <middleName>A.</middleName>
        <sponsorshipWithdrawnDate />
        <fullName>Sen. Booker, Cory A. [D-NJ]</fullName>
        <firstName>Cory</firstName>
        <isOriginalCosponsor>True</isOriginalCosponsor>
        <identifiers>
          <gpoId />
          <lisID>2194</lisID>
          <bioguideId>B001288</bioguideId>
        </identifiers>
      </item>
      <item>
        <lastName>BROWN</lastName>
        <sponsorshipDate>2017-02-27</sponsorshipDate>
        <party>D</party>
        <state>OH</state>
        <bioguideId>B000944</bioguideId>
        <middleName />
        <sponsorshipWithdrawnDate />
        <fullName>Sen. Brown, Sherrod [D-OH]</fullName>
        <firstName>SHERROD</firstName>
        <isOriginalCosponsor>True</isOriginalCosponsor>
        <identifiers>
          <gpoId>8309</gpoId>
          <lisID>136</lisID>
          <bioguideId>B000944</bioguideId>
        </identifiers>
      </item>
      <item>
        <lastName>CARPER</lastName>
        <sponsorshipDate>2017-02-27</sponsorshipDate>
        <party>D</party>
        <state>DE</state>
        <bioguideId>C000174</bioguideId>
        <middleName>R.</middleName>
        <sponsorshipWithdrawnDate />
        <fullName>Sen. Carper, Thomas R. [D-DE]</fullName>
        <firstName>THOMAS</firstName>
        <isOriginalCosponsor>True</isOriginalCosponsor>
        <identifiers>
          <lisID>179</lisID>
          <gpoId>8283</gpoId>
          <bioguideId>C000174</bioguideId>
        </identifiers>
      </item>
      <item>
        <lastName>Coons</lastName>
        <sponsorshipDate>2017-02-27</sponsorshipDate>
        <party>D</party>
        <state>DE</state>
        <bioguideId>C001088</bioguideId>
        <middleName>A.</middleName>
        <sponsorshipWithdrawnDate />
        <fullName>Sen. Coons, Christopher A. [D-DE]</fullName>
        <firstName>Christopher</firstName>
        <isOriginalCosponsor>True</isOriginalCosponsor>
        <identifiers>
          <lisID>1984</lisID>
          <bioguideId>C001088</bioguideId>
          <gpoId>8297</gpoId>
        </identifiers>
      </item>
      <item>
        <lastName>Cortez Masto</lastName>
        <sponsorshipDate>2017-02-27</sponsorshipDate>
        <party>D</party>
        <state>NV</state>
        <bioguideId>C001113</bioguideId>
        <middleName />
        <sponsorshipWithdrawnDate />
        <fullName>Sen. Cortez Masto, Catherine  [D-NV]</fullName>
        <firstName>Catherine</firstName>
        <isOriginalCosponsor>True</isOriginalCosponsor>
        <identifiers>
          <gpoId />
          <bioguideId>C001113</bioguideId>
          <lisID>2299</lisID>
        </identifiers>
      </item>
      <item>
        <lastName>FEINSTEIN</lastName>
        <sponsorshipDate>2017-02-27</sponsorshipDate>
        <party>D</party>
        <state>CA</state>
        <bioguideId>F000062</bioguideId>
        <middleName />
        <sponsorshipWithdrawnDate />
        <fullName>Sen. Feinstein, Dianne [D-CA]</fullName>
        <firstName>DIANNE</firstName>
        <isOriginalCosponsor>True</isOriginalCosponsor>
        <identifiers>
          <gpoId>8338</gpoId>
          <bioguideId>F000062</bioguideId>
          <lisID>1332</lisID>
        </identifiers>
      </item>
      <item>
        <lastName>Gillibrand</lastName>
        <sponsorshipDate>2017-02-27</sponsorshipDate>
        <party>D</party>
        <state>NY</state>
        <bioguideId>G000555</bioguideId>
        <middleName>E.</middleName>
        <sponsorshipWithdrawnDate />
        <fullName>Sen. Gillibrand, Kirsten E. [D-NY]</fullName>
        <firstName>Kirsten</firstName>
        <isOriginalCosponsor>True</isOriginalCosponsor>
        <identifiers>
          <lisID>1866</lisID>
          <gpoId>8336</gpoId>
          <bioguideId>G000555</bioguideId>
        </identifiers>
      </item>
      <item>
        <lastName>Kaine</lastName>
        <sponsorshipDate>2017-02-27</sponsorshipDate>
        <party>D</party>
        <state>VA</state>
        <bioguideId>K000384</bioguideId>
        <middleName />
        <sponsorshipWithdrawnDate />
        <fullName>Sen. Kaine, Tim [D-VA]</fullName>
        <firstName>Timothy</firstName>
        <isOriginalCosponsor>True</isOriginalCosponsor>
        <identifiers>
          <bioguideId>K000384</bioguideId>
          <lisID>2176</lisID>
          <gpoId />
        </identifiers>
      </item>
      <item>
        <lastName>Klobuchar</lastName>
        <sponsorshipDate>2017-02-27</sponsorshipDate>
        <party>D</party>
        <state>MN</state>
        <bioguideId>K000367</bioguideId>
        <middleName />
        <sponsorshipWithdrawnDate />
        <fullName>Sen. Klobuchar, Amy [D-MN]</fullName>
        <firstName>Amy</firstName>
        <isOriginalCosponsor>True</isOriginalCosponsor>
        <identifiers>
          <lisID>1826</lisID>
          <gpoId>8249</gpoId>
          <bioguideId>K000367</bioguideId>
        </identifiers>
      </item>
      <item>
        <lastName>LEAHY</lastName>
        <sponsorshipDate>2017-02-27</sponsorshipDate>
        <party>D</party>
        <state>VT</state>
        <bioguideId>L000174</bioguideId>
        <middleName>JOSEPH</middleName>
        <sponsorshipWithdrawnDate />
        <fullName>Sen. Leahy, Patrick J. [D-VT]</fullName>
        <firstName>PATRICK</firstName>
        <isOriginalCosponsor>True</isOriginalCosponsor>
        <identifiers>
          <lisID>1383</lisID>
          <bioguideId>L000174</bioguideId>
          <gpoId>8244</gpoId>
        </identifiers>
      </item>
      <item>
        <lastName>MARKEY</lastName>
        <sponsorshipDate>2017-02-27</sponsorshipDate>
        <party>D</party>
        <state>MA</state>
        <bioguideId>M000133</bioguideId>
        <middleName>J.</middleName>
        <sponsorshipWithdrawnDate />
        <fullName>Sen. Markey, Edward J. [D-MA]</fullName>
        <firstName>EDWARD</firstName>
        <isOriginalCosponsor>True</isOriginalCosponsor>
        <identifiers>
          <gpoId>7972</gpoId>
          <lisID>735</lisID>
          <bioguideId>M000133</bioguideId>
        </identifiers>
      </item>
      <item>
        <lastName>MENENDEZ</lastName>
        <sponsorshipDate>2017-02-27</sponsorshipDate>
        <party>D</party>
        <state>NJ</state>
        <bioguideId>M000639</bioguideId>
        <middleName />
        <sponsorshipWithdrawnDate />
        <fullName>Sen. Menendez, Robert [D-NJ]</fullName>
        <firstName>ROBERT</firstName>
        <isOriginalCosponsor>True</isOriginalCosponsor>
        <identifiers>
          <lisID>791</lisID>
          <gpoId>8239</gpoId>
          <bioguideId>M000639</bioguideId>
        </identifiers>
      </item>
      <item>
        <lastName>Murphy</lastName>
        <sponsorshipDate>2017-02-27</sponsorshipDate>
        <party>D</party>
        <state>CT</state>
        <bioguideId>M001169</bioguideId>
        <middleName />
        <sponsorshipWithdrawnDate />
        <fullName>Sen. Murphy, Christopher [D-CT]</fullName>
        <firstName>Christopher</firstName>
        <isOriginalCosponsor>True</isOriginalCosponsor>
        <identifiers>
          <gpoId>7870</gpoId>
          <bioguideId>M001169</bioguideId>
          <lisID>1837</lisID>
        </identifiers>
      </item>
      <item>
        <lastName>REED</lastName>
        <sponsorshipDate>2017-02-27</sponsorshipDate>
        <party>D</party>
        <state>RI</state>
        <bioguideId>R000122</bioguideId>
        <middleName>F.</middleName>
        <sponsorshipWithdrawnDate />
        <fullName>Sen. Reed, Jack [D-RI]</fullName>
        <firstName>JOHN</firstName>
        <isOriginalCosponsor>True</isOriginalCosponsor>
        <identifiers>
          <lisID>949</lisID>
          <bioguideId>R000122</bioguideId>
          <gpoId>8272</gpoId>
        </identifiers>
      </item>
      <item>
        <lastName>SANDERS</lastName>
        <sponsorshipDate>2017-02-27</sponsorshipDate>
        <party>I</party>
        <state>VT</state>
        <bioguideId>S000033</bioguideId>
        <middleName />
        <sponsorshipWithdrawnDate />
        <fullName>Sen. Sanders, Bernard [I-VT]</fullName>
        <firstName>BERNARD</firstName>
        <isOriginalCosponsor>True</isOriginalCosponsor>
        <identifiers>
          <lisID>1010</lisID>
          <bioguideId>S000033</bioguideId>
          <gpoId>8270</gpoId>
        </identifiers>
      </item>
      <item>
        <lastName>Schatz</lastName>
        <sponsorshipDate>2017-02-27</sponsorshipDate>
        <party>D</party>
        <state>HI</state>
        <bioguideId>S001194</bioguideId>
        <middleName />
        <sponsorshipWithdrawnDate />
        <fullName>Sen. Schatz, Brian [D-HI]</fullName>
        <firstName>Brian</firstName>
        <isOriginalCosponsor>True</isOriginalCosponsor>
        <identifiers>
          <bioguideId>S001194</bioguideId>
          <lisID>2173</lisID>
          <gpoId />
        </identifiers>
      </item>
      <item>
        <lastName>Van Hollen</lastName>
        <sponsorshipDate>2017-02-27</sponsorshipDate>
        <party>D</party>
        <state>MD</state>
        <bioguideId>V000128</bioguideId>
        <middleName />
        <sponsorshipWithdrawnDate />
        <fullName>Sen. Van Hollen, Chris [D-MD]</fullName>
        <firstName>Chris</firstName>
        <isOriginalCosponsor>True</isOriginalCosponsor>
        <identifiers>
          <lisID>1729</lisID>
          <gpoId>7983</gpoId>
          <bioguideId>V000128</bioguideId>
        </identifiers>
      </item>
      <item>
        <lastName>Warren</lastName>
        <sponsorshipDate>2017-02-27</sponsorshipDate>
        <party>D</party>
        <state>MA</state>
        <bioguideId>W000817</bioguideId>
        <middleName>A.</middleName>
        <sponsorshipWithdrawnDate />
        <fullName>Sen. Warren, Elizabeth [D-MA]</fullName>
        <firstName>Elizabeth</firstName>
        <isOriginalCosponsor>True</isOriginalCosponsor>
        <identifiers>
          <bioguideId>W000817</bioguideId>
          <gpoId />
          <lisID>2182</lisID>
        </identifiers>
      </item>
      <item>
        <lastName>WYDEN</lastName>
        <sponsorshipDate>2017-02-27</sponsorshipDate>
        <party>D</party>
        <state>OR</state>
        <bioguideId>W000779</bioguideId>
        <middleName />
        <sponsorshipWithdrawnDate />
        <fullName>Sen. Wyden, Ron [D-OR]</fullName>
        <firstName>RON</firstName>
        <isOriginalCosponsor>True</isOriginalCosponsor>
        <identifiers>
          <gpoId>8265</gpoId>
          <bioguideId>W000779</bioguideId>
          <lisID>1247</lisID>
        </identifiers>
      </item>
      <item>
        <lastName>Franken</lastName>
        <sponsorshipDate>2017-02-27</sponsorshipDate>
        <party>D</party>
        <state>MN</state>
        <bioguideId>F000457</bioguideId>
        <middleName />
        <sponsorshipWithdrawnDate />
        <fullName>Sen. Franken, Al [D-MN]</fullName>
        <firstName>Al</firstName>
        <isOriginalCosponsor>True</isOriginalCosponsor>
        <identifiers>
          <gpoId>8339</gpoId>
          <lisID>1969</lisID>
          <bioguideId>F000457</bioguideId>
        </identifiers>
      </item>
      <item>
        <lastName>Duckworth</lastName>
        <sponsorshipDate>2017-02-28</sponsorshipDate>
        <party>D</party>
        <state>IL</state>
        <bioguideId>D000622</bioguideId>
        <middleName />
        <sponsorshipWithdrawnDate />
        <fullName>Sen. Duckworth, Tammy [D-IL]</fullName>
        <firstName>Tammy</firstName>
        <isOriginalCosponsor>False</isOriginalCosponsor>
        <identifiers>
          <lisID>2123</lisID>
          <bioguideId>D000622</bioguideId>
          <gpoId />
        </identifiers>
      </item>
      <item>
        <lastName>Shaheen</lastName>
        <sponsorshipDate>2017-02-28</sponsorshipDate>
        <party>D</party>
        <state>NH</state>
        <bioguideId>S001181</bioguideId>
        <middleName />
        <sponsorshipWithdrawnDate />
        <fullName>Sen. Shaheen, Jeanne [D-NH]</fullName>
        <firstName>Jeanne</firstName>
        <isOriginalCosponsor>False</isOriginalCosponsor>
        <identifiers>
          <bioguideId>S001181</bioguideId>
          <lisID>1901</lisID>
          <gpoId>8276</gpoId>
        </identifiers>
      </item>
      <item>
        <lastName>Merkley</lastName>
        <sponsorshipDate>2017-03-01</sponsorshipDate>
        <party>D</party>
        <state>OR</state>
        <bioguideId>M001176</bioguideId>
        <middleName />
        <sponsorshipWithdrawnDate />
        <fullName>Sen. Merkley, Jeff [D-OR]</fullName>
        <firstName>Jeff</firstName>
        <isOriginalCosponsor>False</isOriginalCosponsor>
        <identifiers>
          <lisID>1900</lisID>
          <gpoId>8238</gpoId>
          <bioguideId>M001176</bioguideId>
        </identifiers>
      </item>
      <item>
        <lastName>CANTWELL</lastName>
        <sponsorshipDate>2017-05-22</sponsorshipDate>
        <party>D</party>
        <state>WA</state>
        <bioguideId>C000127</bioguideId>
        <middleName />
        <sponsorshipWithdrawnDate />
        <fullName>Sen. Cantwell, Maria [D-WA]</fullName>
        <firstName>MARIA</firstName>
        <isOriginalCosponsor>False</isOriginalCosponsor>
        <identifiers>
          <lisID>172</lisID>
          <gpoId>8288</gpoId>
          <bioguideId>C000127</bioguideId>
        </identifiers>
      </item>
    </cosponsors>
    <congress>115</congress>
    <recordedVotes />
    <amendments />
    <laws />
    <cboCostEstimates />
    <actions>
      <actionTypeCounts>
        <referredToCommittee>1</referredToCommittee>
        <introducedInSenate>1</introducedInSenate>
      </actionTypeCounts>
      <item>
        <actionDate>2017-02-27</actionDate>
        <committee>
          <systemCode>ssju00</systemCode>
          <name>Judiciary Committee</name>
        </committee>
        <links>
          <link>
            <url>https://www.congress.gov/congressional-record/volume-163/senate-section/page/S1453</url>
            <name>S1453</name>
          </link>
        </links>
        <sourceSystem>
          <name>Senate</name>
          <code>0</code>
        </sourceSystem>
        <text>Referred to the Committee on the Judiciary. (text of measure as introduced: CR S1453)</text>
        <type>IntroReferral</type>
      </item>
      <item>
        <text>Introduced in Senate</text>
        <links />
        <actionDate>2017-02-27</actionDate>
        <committee />
        <sourceSystem>
          <name>Library of Congress</name>
          <code>9</code>
        </sourceSystem>
        <type>IntroReferral</type>
        <actionCode>10000</actionCode>
      </item>
      <actionByCounts>
        <senate>2</senate>
      </actionByCounts>
    </actions>
    <latestAction>
      <text>Referred to the Committee on the Judiciary. (text of measure as introduced: CR S1453)</text>
      <actionDate>2017-02-27</actionDate>
      <links />
    </latestAction>
    <titles>
      <item>
        <parentTitleType />
        <chamberCode />
        <titleType>Official Title as Introduced</titleType>
        <chamberName />
        <title>A resolution recognizing the 75th anniversary of Executive Order 9066 and expressing the sense of the Senate that policies that discriminate against any individual based on the actual or perceived race, ethnicity, national origin, or religion of that individual would be a repetition of the mistakes of Executive Order 9066 and contrary to the values of the United States.</title>
      </item>
      <item>
        <parentTitleType />
        <chamberCode />
        <titleType>Display Title</titleType>
        <chamberName />
        <title>A resolution recognizing the 75th anniversary of Executive Order 9066 and expressing the sense of the Senate that policies that discriminate against any individual based on the actual or perceived race, ethnicity, national origin, or religion of that individual would be a repetition of the mistakes of Executive Order 9066 and contrary to the values of the United States.</title>
      </item>
    </titles>
    <summaries>
      <billSummaries>
        <item>
          <text><![CDATA[<p>Recognizes the historical significance of: (1) February 19, 1942, as the date on which President Franklin Delano Roosevelt signed Executive Order 9066, which restricted the freedom of Japanese Americans; and (2) February 19, 1976, as the date on which President Gerald Ford issued Presidential Proclamation 4417, which formally terminated such executive order.</p> <p>Expresses support for the goals of the Japanese American community in recognizing a National Day of Remembrance to increase public awareness about the unjust measures taken to restrict the freedom of Japanese Americans during World War II.</p> <p>Expresses the sense that: (1) such Day is an opportunity to reflect on the importance of upholding justice and civil liberties for all people of the United States and to oppose hate, xenophobia, and bigotry; and (2) policies that discriminate against any individual based on the actual or perceived race, ethnicity, national origin, or religion of that individual would be a repetition of the mistakes of Executive Order 9066 and contrary to U.S. values.</p> <p>Recognizes the positive contributions that people of every race, ethnicity, religion, and national origin have made to the United States. </p> <p>Confirms the dedication of the Senate to the rights and dignity of all people of the United States.</p> <p>]]></text>
          <actionDate>2017-02-27</actionDate>
          <updateDate>2017-02-27T05:00:00Z</updateDate>
          <lastSummaryUpdateDate>2017-05-05T19:39:12Z</lastSummaryUpdateDate>
          <name>Introduced in Senate</name>
          <actionDesc>Introduced in Senate</actionDesc>
          <versionCode>00</versionCode>
        </item>
      </billSummaries>
    </summaries>
    <title>A resolution recognizing the 75th anniversary of Executive Order 9066 and expressing the sense of the Senate that policies that discriminate against any individual based on the actual or perceived race, ethnicity, national origin, or religion of that individual would be a repetition of the mistakes of Executive Order 9066 and contrary to the values of the United States.</title>
    <calendarNumbers />
    <originChamber>Senate</originChamber>
    <updateDate>2018-02-06T16:44:00Z</updateDate>
    <notes />
    <billType>SRES</billType>
    <committees>
      <billCommittees>
        <item>
          <chamber>Senate</chamber>
          <name>Judiciary Committee</name>
          <systemCode>ssju00</systemCode>
          <activities>
            <item>
              <date>2017-02-28T00:41:35Z</date>
              <name>Referred to</name>
            </item>
          </activities>
          <type>Standing</type>
          <subcommittees />
        </item>
      </billCommittees>
    </committees>
    <relatedBills />
    <committeeReports />
    <billNumber>70</billNumber>
    <sponsors>
      <item>
        <byRequestType />
        <state>HI</state>
        <bioguideId>H001042</bioguideId>
        <identifiers>
          <lisID>1844</lisID>
          <gpoId>7913</gpoId>
          <bioguideId>H001042</bioguideId>
        </identifiers>
        <fullName>Sen. Hirono, Mazie K. [D-HI]</fullName>
        <lastName>Hirono</lastName>
        <firstName>Mazie</firstName>
        <middleName>K.</middleName>
        <party>D</party>
      </item>
    </sponsors>
    <createDate>2017-02-28T05:17:29Z</createDate>
    <version>1.0.0</version>
    <subjects>
      <billSubjects>
        <legislativeSubjects>
          <item>
            <name>Asia</name>
          </item>
          <item>
            <name>Commemorative events and holidays</name>
          </item>
          <item>
            <name>Conflicts and wars</name>
          </item>
          <item>
            <name>Detention of persons</name>
          </item>
          <item>
            <name>Japan</name>
          </item>
          <item>
            <name>Presidents and presidential powers, Vice Presidents</name>
          </item>
          <item>
            <name>Racial and ethnic relations</name>
          </item>
          <item>
            <name>U.S. history</name>
          </item>
        </legislativeSubjects>
        <policyArea>
          <name>Civil Rights and Liberties, Minority Issues</name>
        </policyArea>
      </billSubjects>
    </subjects>
  </bill>
  <dublinCore xmlns:dc="http://purl.org/dc/elements/1.1/">
    <dc:format>text/xml</dc:format>
    <dc:language>EN</dc:language>
    <dc:rights>Pursuant to Title 17 Section 105 of the United States Code, this file is not subject to copyright protection and is in the public domain.</dc:rights>
    <dc:contributor>Congressional Research Service, Library of Congress</dc:contributor>
    <dc:description>This file contains bill summaries and statuses for federal legislation. A bill summary describes the most significant provisions of a piece of legislation and details the effects the legislative text may have on current law and federal programs. Bill summaries are authored by the Congressional Research Service (CRS) of the Library of Congress. As stated in Public Law 91-510 (2 USC 166 (d)(6)), one of the duties of CRS is "to prepare summaries and digests of bills and resolutions of a public general nature introduced in the Senate or House of Representatives". For more information, refer to the User Guide that accompanies this file.</dc:description>
  </dublinCore>
</billStatus>

