<?xml version="1.0" encoding="UTF-8"?>
<billStatus>
  <bill>
    <sponsors>
      <item>
        <fullName>Sen. Heitkamp, Heidi [D-ND]</fullName>
        <lastName>Heitkamp</lastName>
        <bioguideId>H001069</bioguideId>
        <party>D</party>
        <middleName />
        <state>ND</state>
        <firstName>Heidi</firstName>
        <byRequestType />
        <identifiers>
          <lisID>2174</lisID>
          <gpoId />
          <bioguideId>H001069</bioguideId>
        </identifiers>
      </item>
    </sponsors>
    <laws />
    <version>1.0.0</version>
    <introducedDate>2017-05-03</introducedDate>
    <cboCostEstimates />
    <titles>
      <item>
        <title>A resolution expressing support for the designation of April 2017 as "National Donate Life Month".</title>
        <titleType>Official Title as Introduced</titleType>
        <parentTitleType />
        <chamberCode />
        <chamberName />
      </item>
      <item>
        <title>A resolution expressing support for the designation of April 2017 as "National Donate Life Month".</title>
        <titleType>Display Title</titleType>
        <parentTitleType />
        <chamberCode />
        <chamberName />
      </item>
    </titles>
    <amendments />
    <recordedVotes />
    <relatedBills />
    <congress>115</congress>
    <billType>SRES</billType>
    <actions>
      <item>
        <actionDate>2017-05-03</actionDate>
        <committee />
        <links>
          <link>
            <name>S2726</name>
            <url>https://www.congress.gov/congressional-record/volume-163/senate-section/page/S2726</url>
          </link>
          <link>
            <name>S2728</name>
            <url>https://www.congress.gov/congressional-record/volume-163/senate-section/page/S2728</url>
          </link>
        </links>
        <sourceSystem>
          <name>Senate</name>
          <code>0</code>
        </sourceSystem>
        <text>Submitted in the Senate, considered, and agreed to without amendment and with a preamble by Unanimous Consent. (consideration: CR S2728; text: CR S2726)</text>
        <type>Floor</type>
      </item>
      <item>
        <sourceSystem>
          <name>Library of Congress</name>
          <code>9</code>
        </sourceSystem>
        <actionDate>2017-05-03</actionDate>
        <links>
          <link>
            <name>S2726</name>
            <url>https://www.congress.gov/congressional-record/volume-163/senate-section/page/S2726</url>
          </link>
          <link>
            <name>S2728</name>
            <url>https://www.congress.gov/congressional-record/volume-163/senate-section/page/S2728</url>
          </link>
        </links>
        <text>Passed/agreed to in Senate: Submitted in the Senate, considered, and agreed to without amendment and with a preamble by Unanimous Consent.(consideration: CR S2728; text: CR S2726)</text>
        <committee />
        <actionCode>17000</actionCode>
        <type>Floor</type>
      </item>
      <item>
        <sourceSystem>
          <name>Library of Congress</name>
          <code>9</code>
        </sourceSystem>
        <actionDate>2017-05-03</actionDate>
        <links />
        <text>Introduced in Senate</text>
        <committee />
        <actionCode>10000</actionCode>
        <type>IntroReferral</type>
      </item>
      <actionByCounts>
        <senate>3</senate>
      </actionByCounts>
      <actionTypeCounts>
        <passedOrAgreedToInSenateDayOf>1</passedOrAgreedToInSenateDayOf>
        <passedAgreedToInSenate>1</passedAgreedToInSenate>
        <introducedInSenate>1</introducedInSenate>
      </actionTypeCounts>
    </actions>
    <notes />
    <originChamber>Senate</originChamber>
    <title>A resolution expressing support for the designation of April 2017 as "National Donate Life Month".</title>
    <billNumber>152</billNumber>
    <cosponsors>
      <item>
        <firstName>Bob</firstName>
        <sponsorshipWithdrawnDate />
        <state>PA</state>
        <bioguideId>C001070</bioguideId>
        <identifiers>
          <gpoId>8282</gpoId>
          <lisID>1828</lisID>
          <bioguideId>C001070</bioguideId>
        </identifiers>
        <fullName>Sen. Casey, Robert P., Jr. [D-PA]</fullName>
        <lastName>Casey</lastName>
        <party>D</party>
        <middleName />
        <isOriginalCosponsor>True</isOriginalCosponsor>
        <sponsorshipDate>2017-05-03</sponsorshipDate>
      </item>
    </cosponsors>
    <summaries>
      <billSummaries>
        <item>
          <text><![CDATA[<p>Expresses support for the goals and ideals of National Donate Life Month and for promoting awareness of organ donation.</p> <p> Encourages states, localities, and the territories and possessions of the United States to issue proclamations designating April 2014 as National Donate Life Month.</p> <p>Salutes individuals who have supported, promoted, and encouraged organ donation.</p>]]></text>
          <versionCode>00</versionCode>
          <actionDate>2017-05-03</actionDate>
          <name>Introduced in Senate</name>
          <actionDesc>Introduced in Senate</actionDesc>
          <lastSummaryUpdateDate>2017-05-16T22:05:23Z</lastSummaryUpdateDate>
          <updateDate>2017-05-03T04:00:00Z</updateDate>
        </item>
        <item>
          <text><![CDATA[<p>(This measure has not been amended since it was introduced. The summary of that version is repeated here.)</p> <p>Expresses support for the goals and ideals of National Donate Life Month and for promoting awareness of organ donation.</p> <p> Encourages states, localities, and the territories and possessions of the United States to issue proclamations designating April 2014 as National Donate Life Month.</p> <p>Salutes individuals who have supported, promoted, and encouraged organ donation.</p>]]></text>
          <versionCode>82</versionCode>
          <actionDate>2017-05-03</actionDate>
          <name>Passed Senate without amendment</name>
          <actionDesc>Passed Senate without amendment</actionDesc>
          <lastSummaryUpdateDate>2017-06-14T16:23:15Z</lastSummaryUpdateDate>
          <updateDate>2017-05-03T18:43:46Z</updateDate>
        </item>
      </billSummaries>
    </summaries>
    <policyArea>
      <name>Health</name>
    </policyArea>
    <latestAction>
      <links />
      <actionDate>2017-05-03</actionDate>
      <text>Submitted in the Senate, considered, and agreed to without amendment and with a preamble by Unanimous Consent. (consideration: CR S2728; text: CR S2726)</text>
    </latestAction>
    <updateDate>2018-02-06T16:44:06Z</updateDate>
    <committees>
      <billCommittees />
    </committees>
    <createDate>2017-05-04T00:26:43Z</createDate>
    <subjects>
      <billSubjects>
        <legislativeSubjects>
          <item>
            <name>Commemorative events and holidays</name>
          </item>
          <item>
            <name>Congressional tributes</name>
          </item>
          <item>
            <name>Health personnel</name>
          </item>
          <item>
            <name>Health promotion and preventive care</name>
          </item>
          <item>
            <name>Health technology, devices, supplies</name>
          </item>
          <item>
            <name>Organ and tissue donation and transplantation</name>
          </item>
        </legislativeSubjects>
        <policyArea>
          <name>Health</name>
        </policyArea>
      </billSubjects>
    </subjects>
    <committeeReports />
    <calendarNumbers />
  </bill>
  <dublinCore xmlns:dc="http://purl.org/dc/elements/1.1/">
    <dc:format>text/xml</dc:format>
    <dc:language>EN</dc:language>
    <dc:rights>Pursuant to Title 17 Section 105 of the United States Code, this file is not subject to copyright protection and is in the public domain.</dc:rights>
    <dc:contributor>Congressional Research Service, Library of Congress</dc:contributor>
    <dc:description>This file contains bill summaries and statuses for federal legislation. A bill summary describes the most significant provisions of a piece of legislation and details the effects the legislative text may have on current law and federal programs. Bill summaries are authored by the Congressional Research Service (CRS) of the Library of Congress. As stated in Public Law 91-510 (2 USC 166 (d)(6)), one of the duties of CRS is "to prepare summaries and digests of bills and resolutions of a public general nature introduced in the Senate or House of Representatives". For more information, refer to the User Guide that accompanies this file.</dc:description>
  </dublinCore>
</billStatus>

