<?xml version="1.0" encoding="UTF-8"?>
<billStatus>
  <bill>
    <sponsors>
      <item>
        <fullName>Sen. Enzi, Michael B. [R-WY]</fullName>
        <lastName>ENZI</lastName>
        <bioguideId>E000285</bioguideId>
        <party>R</party>
        <middleName>B.</middleName>
        <state>WY</state>
        <firstName>MICHAEL</firstName>
        <byRequestType />
        <identifiers>
          <bioguideId>E000285</bioguideId>
          <lisID>1542</lisID>
          <gpoId>8328</gpoId>
        </identifiers>
      </item>
    </sponsors>
    <laws />
    <version>1.0.0</version>
    <introducedDate>2017-02-03</introducedDate>
    <cboCostEstimates />
    <titles>
      <item>
        <titleType>Official Title as Introduced</titleType>
        <title>An original resolution authorizing expenditures by the Committee on the Budget.</title>
        <chamberCode />
        <parentTitleType />
        <chamberName />
      </item>
      <item>
        <titleType>Display Title</titleType>
        <title>An original resolution authorizing expenditures by the Committee on the Budget.</title>
        <chamberCode />
        <parentTitleType />
        <chamberName />
      </item>
    </titles>
    <amendments />
    <recordedVotes />
    <relatedBills />
    <congress>115</congress>
    <billType>SRES</billType>
    <actions>
      <actionTypeCounts>
        <reportedToSenate>1</reportedToSenate>
        <referredToCommittee>1</referredToCommittee>
        <introducedInSenate>1</introducedInSenate>
        <originalBillReported>1</originalBillReported>
      </actionTypeCounts>
      <item>
        <actionDate>2017-02-03</actionDate>
        <committee>
          <systemCode>ssra00</systemCode>
          <name>Rules and Administration Committee</name>
        </committee>
        <links>
          <link>
            <name>S682</name>
            <url>https://www.congress.gov/congressional-record/volume-163/senate-section/page/S682</url>
          </link>
        </links>
        <sourceSystem>
          <code>0</code>
          <name>Senate</name>
        </sourceSystem>
        <text>Referred to the Committee on Rules and Administration. (text of measure as introduced: CR S682)</text>
        <type>IntroReferral</type>
      </item>
      <item>
        <actionDate>2017-02-03</actionDate>
        <committee>
          <systemCode>ssbu00</systemCode>
          <name>Budget Committee</name>
        </committee>
        <links />
        <sourceSystem>
          <code>0</code>
          <name>Senate</name>
        </sourceSystem>
        <text>Committee on the Budget. Original measure reported to Senate by Senator Enzi. Without written report.</text>
        <type>Committee</type>
      </item>
      <item>
        <type>Committee</type>
        <text>Committee on the Budget. Original measure reported to Senate by Senator Enzi. Without written report.</text>
        <links />
        <committee>
          <systemCode>ssbu00</systemCode>
          <name>Budget Committee</name>
        </committee>
        <sourceSystem>
          <code>9</code>
          <name>Library of Congress</name>
        </sourceSystem>
        <actionDate>2017-02-03</actionDate>
        <actionCode>14000</actionCode>
      </item>
      <item>
        <type>IntroReferral</type>
        <text>Introduced in Senate</text>
        <links />
        <committee />
        <sourceSystem>
          <code>9</code>
          <name>Library of Congress</name>
        </sourceSystem>
        <actionDate>2017-02-03</actionDate>
        <actionCode>10000</actionCode>
      </item>
      <actionByCounts>
        <senate>4</senate>
      </actionByCounts>
    </actions>
    <notes />
    <originChamber>Senate</originChamber>
    <title>An original resolution authorizing expenditures by the Committee on the Budget.</title>
    <billNumber>46</billNumber>
    <cosponsors />
    <summaries>
      <billSummaries>
        <item>
          <lastSummaryUpdateDate>2017-03-06T21:07:29Z</lastSummaryUpdateDate>
          <updateDate>2017-02-03T05:00:00Z</updateDate>
          <versionCode>00</versionCode>
          <text><![CDATA[<p>Authorizes expenditures by the Senate Committee on the Budget for the 115th Congress.</p>]]></text>
          <name>Introduced in Senate</name>
          <actionDesc>Introduced in Senate</actionDesc>
          <actionDate>2017-02-03</actionDate>
        </item>
        <item>
          <lastSummaryUpdateDate>2017-03-06T21:07:39Z</lastSummaryUpdateDate>
          <updateDate>2017-02-03T15:12:08Z</updateDate>
          <versionCode>80</versionCode>
          <text><![CDATA[<p>(This measure has not been amended since it was introduced. The summary of that version is repeated here.)</p> <p>Authorizes expenditures by the Senate Committee on the Budget for the 115th Congress.</p>]]></text>
          <name>Reported to Senate without amendment</name>
          <actionDesc>Reported to Senate without amendment</actionDesc>
          <actionDate>2017-02-03</actionDate>
        </item>
      </billSummaries>
    </summaries>
    <policyArea>
      <name>Congress</name>
    </policyArea>
    <latestAction>
      <links />
      <actionDate>2017-02-03</actionDate>
      <text>Referred to the Committee on Rules and Administration. (text of measure as introduced: CR S682)</text>
    </latestAction>
    <updateDate>2018-02-06T16:43:58Z</updateDate>
    <committees>
      <billCommittees>
        <item>
          <chamber>Senate</chamber>
          <name>Rules and Administration Committee</name>
          <systemCode>ssra00</systemCode>
          <activities>
            <item>
              <date>2017-02-03T18:06:22Z</date>
              <name>Referred to</name>
            </item>
          </activities>
          <type>Standing</type>
          <subcommittees />
        </item>
        <item>
          <chamber>Senate</chamber>
          <name>Budget Committee</name>
          <systemCode>ssbu00</systemCode>
          <activities>
            <item>
              <date>2017-02-03T18:06:05Z</date>
              <name>Reported original measure</name>
            </item>
          </activities>
          <type>Standing</type>
          <subcommittees />
        </item>
      </billCommittees>
    </committees>
    <createDate>2017-02-04T05:07:07Z</createDate>
    <subjects>
      <billSubjects>
        <legislativeSubjects>
          <item>
            <name>Congressional committees</name>
          </item>
          <item>
            <name>Senate Committee on the Budget</name>
          </item>
        </legislativeSubjects>
        <policyArea>
          <name>Congress</name>
        </policyArea>
      </billSubjects>
    </subjects>
    <committeeReports />
    <calendarNumbers />
  </bill>
  <dublinCore xmlns:dc="http://purl.org/dc/elements/1.1/">
    <dc:format>text/xml</dc:format>
    <dc:language>EN</dc:language>
    <dc:rights>Pursuant to Title 17 Section 105 of the United States Code, this file is not subject to copyright protection and is in the public domain.</dc:rights>
    <dc:contributor>Congressional Research Service, Library of Congress</dc:contributor>
    <dc:description>This file contains bill summaries and statuses for federal legislation. A bill summary describes the most significant provisions of a piece of legislation and details the effects the legislative text may have on current law and federal programs. Bill summaries are authored by the Congressional Research Service (CRS) of the Library of Congress. As stated in Public Law 91-510 (2 USC 166 (d)(6)), one of the duties of CRS is "to prepare summaries and digests of bills and resolutions of a public general nature introduced in the Senate or House of Representatives". For more information, refer to the User Guide that accompanies this file.</dc:description>
  </dublinCore>
</billStatus>

