<?xml version="1.0" encoding="UTF-8"?>
<billStatus>
  <bill>
    <subjects>
      <billSubjects>
        <legislativeSubjects />
      </billSubjects>
    </subjects>
    <cosponsors>
      <item>
        <party>D</party>
        <fullName>Sen. Smith, Tina  [D-MN]</fullName>
        <sponsorshipWithdrawnDate />
        <lastName>Smith</lastName>
        <sponsorshipDate>2018-02-28</sponsorshipDate>
        <identifiers>
          <bioguideId>S001203</bioguideId>
          <lisID>2365</lisID>
          <gpoId />
        </identifiers>
        <isOriginalCosponsor>True</isOriginalCosponsor>
        <firstName>Tina</firstName>
        <middleName />
        <bioguideId>S001203</bioguideId>
        <state>MN</state>
      </item>
    </cosponsors>
    <introducedDate>2018-02-28</introducedDate>
    <cboCostEstimates />
    <latestAction>
      <text>Referred to the Committee on Commerce, Science, and Transportation. (text of measure as introduced: CR S1290)</text>
      <actionDate>2018-02-28</actionDate>
      <links />
    </latestAction>
    <notes />
    <billType>SRES</billType>
    <originChamber>Senate</originChamber>
    <summaries>
      <billSummaries />
    </summaries>
    <amendments />
    <relatedBills />
    <updateDate>2018-03-01T16:12:25Z</updateDate>
    <policyArea />
    <sponsors>
      <item>
        <firstName>Amy</firstName>
        <middleName />
        <lastName>Klobuchar</lastName>
        <fullName>Sen. Klobuchar, Amy [D-MN]</fullName>
        <bioguideId>K000367</bioguideId>
        <state>MN</state>
        <byRequestType />
        <identifiers>
          <lisID>1826</lisID>
          <gpoId>8249</gpoId>
          <bioguideId>K000367</bioguideId>
        </identifiers>
        <party>D</party>
      </item>
    </sponsors>
    <committeeReports />
    <billNumber>417</billNumber>
    <titles>
      <item>
        <parentTitleType />
        <chamberCode />
        <chamberName />
        <titleType>Official Title as Introduced</titleType>
        <title>A resolution congratulating the Minnesotans who competed on Team USA at the 2018 Olympic Winter Games in PyeongChang, South Korea.</title>
      </item>
      <item>
        <parentTitleType />
        <chamberCode />
        <chamberName />
        <titleType>Display Title</titleType>
        <title>A resolution congratulating the Minnesotans who competed on Team USA at the 2018 Olympic Winter Games in PyeongChang, South Korea.</title>
      </item>
    </titles>
    <calendarNumbers />
    <createDate>2018-03-01T05:41:03Z</createDate>
    <title>A resolution congratulating the Minnesotans who competed on Team USA at the 2018 Olympic Winter Games in PyeongChang, South Korea.</title>
    <congress>115</congress>
    <version>1.0.0</version>
    <committees>
      <billCommittees>
        <item>
          <chamber>Senate</chamber>
          <name>Commerce, Science, and Transportation Committee</name>
          <systemCode>sscm00</systemCode>
          <activities>
            <item>
              <date>2018-02-28T20:40:26Z</date>
              <name>Referred to</name>
            </item>
          </activities>
          <type>Standing</type>
          <subcommittees />
        </item>
      </billCommittees>
    </committees>
    <laws />
    <actions>
      <actionByCounts>
        <senate>2</senate>
      </actionByCounts>
      <actionTypeCounts>
        <referredToCommittee>1</referredToCommittee>
        <introducedInSenate>1</introducedInSenate>
      </actionTypeCounts>
      <item>
        <actionDate>2018-02-28</actionDate>
        <committee>
          <systemCode>sscm00</systemCode>
          <name>Commerce, Science, and Transportation Committee</name>
        </committee>
        <links>
          <link>
            <name>S1290</name>
            <url>https://www.congress.gov/congressional-record/volume-164/senate-section/page/S1290</url>
          </link>
        </links>
        <sourceSystem>
          <name>Senate</name>
          <code>0</code>
        </sourceSystem>
        <text>Referred to the Committee on Commerce, Science, and Transportation. (text of measure as introduced: CR S1290)</text>
        <type>IntroReferral</type>
      </item>
      <item>
        <type>IntroReferral</type>
        <links />
        <committee />
        <text>Introduced in Senate</text>
        <actionCode>10000</actionCode>
        <actionDate>2018-02-28</actionDate>
        <sourceSystem>
          <name>Library of Congress</name>
          <code>9</code>
        </sourceSystem>
      </item>
    </actions>
    <recordedVotes />
  </bill>
  <dublinCore xmlns:dc="http://purl.org/dc/elements/1.1/">
    <dc:format>text/xml</dc:format>
    <dc:language>EN</dc:language>
    <dc:rights>Pursuant to Title 17 Section 105 of the United States Code, this file is not subject to copyright protection and is in the public domain.</dc:rights>
    <dc:contributor>Congressional Research Service, Library of Congress</dc:contributor>
    <dc:description>This file contains bill summaries and statuses for federal legislation. A bill summary describes the most significant provisions of a piece of legislation and details the effects the legislative text may have on current law and federal programs. Bill summaries are authored by the Congressional Research Service (CRS) of the Library of Congress. As stated in Public Law 91-510 (2 USC 166 (d)(6)), one of the duties of CRS is "to prepare summaries and digests of bills and resolutions of a public general nature introduced in the Senate or House of Representatives". For more information, refer to the User Guide that accompanies this file.</dc:description>
  </dublinCore>
</billStatus>

