<?xml version="1.0" encoding="UTF-8"?>
<billStatus>
  <bill>
    <titles>
      <item>
        <chamberName />
        <parentTitleType />
        <chamberCode />
        <titleType>Official Title as Introduced</titleType>
        <title>A resolution congratulating the National Treasury Employees Union on its 80th anniversary and commending the dedication to Federal employees of and continued service by the National Treasury Employees Union and the members of the National Treasury Employees Union.</title>
      </item>
      <item>
        <chamberName />
        <parentTitleType />
        <chamberCode />
        <titleType>Display Title</titleType>
        <title>A resolution congratulating the National Treasury Employees Union on its 80th anniversary and commending the dedication to Federal employees of and continued service by the National Treasury Employees Union and the members of the National Treasury Employees Union.</title>
      </item>
    </titles>
    <committeeReports />
    <sponsors>
      <item>
        <firstName>TAMMY</firstName>
        <identifiers>
          <lisID>1558</lisID>
          <gpoId>8215</gpoId>
          <bioguideId>B001230</bioguideId>
        </identifiers>
        <party>D</party>
        <bioguideId>B001230</bioguideId>
        <lastName>BALDWIN</lastName>
        <fullName>Sen. Baldwin, Tammy [D-WI]</fullName>
        <byRequestType />
        <middleName />
        <state>WI</state>
      </item>
    </sponsors>
    <title>A resolution congratulating the National Treasury Employees Union on its 80th anniversary and commending the dedication to Federal employees of and continued service by the National Treasury Employees Union and the members of the National Treasury Employees Union.</title>
    <actions>
      <item>
        <actionDate>2018-01-23</actionDate>
        <committee>
          <systemCode>sshr00</systemCode>
          <name>Health, Education, Labor, and Pensions Committee</name>
        </committee>
        <links>
          <link>
            <url>https://www.congress.gov/congressional-record/volume-164/senate-section/page/S470</url>
            <name>S470</name>
          </link>
        </links>
        <sourceSystem>
          <code>0</code>
          <name>Senate</name>
        </sourceSystem>
        <text>Referred to the Committee on Health, Education, Labor, and Pensions. (text of measure as introduced: CR S470)</text>
        <type>IntroReferral</type>
      </item>
      <item>
        <committee />
        <sourceSystem>
          <code>9</code>
          <name>Library of Congress</name>
        </sourceSystem>
        <actionDate>2018-01-23</actionDate>
        <text>Introduced in Senate</text>
        <links />
        <type>IntroReferral</type>
        <actionCode>10000</actionCode>
      </item>
      <actionByCounts>
        <senate>2</senate>
      </actionByCounts>
      <actionTypeCounts>
        <referredToCommittee>1</referredToCommittee>
        <introducedInSenate>1</introducedInSenate>
      </actionTypeCounts>
    </actions>
    <summaries>
      <billSummaries>
        <item>
          <lastSummaryUpdateDate>2018-01-25T19:30:00Z</lastSummaryUpdateDate>
          <updateDate>2018-01-23T05:00:00Z</updateDate>
          <versionCode>00</versionCode>
          <text><![CDATA[<p>Congratulates the National Treasury Employees Union on its 80th anniversary.</p>]]></text>
          <name>Introduced in Senate</name>
          <actionDesc>Introduced in Senate</actionDesc>
          <actionDate>2018-01-23</actionDate>
        </item>
      </billSummaries>
    </summaries>
    <recordedVotes />
    <billNumber>378</billNumber>
    <calendarNumbers />
    <cosponsors />
    <version>1.0.0</version>
    <subjects>
      <billSubjects>
        <policyArea>
          <name>Government Operations and Politics</name>
        </policyArea>
        <legislativeSubjects />
      </billSubjects>
    </subjects>
    <latestAction>
      <text>Referred to the Committee on Health, Education, Labor, and Pensions. (text of measure as introduced: CR S470)</text>
      <links />
      <actionDate>2018-01-23</actionDate>
    </latestAction>
    <originChamber>Senate</originChamber>
    <laws />
    <notes />
    <createDate>2018-01-24T00:26:01Z</createDate>
    <billType>SRES</billType>
    <updateDate>2018-02-06T16:44:18Z</updateDate>
    <policyArea>
      <name>Government Operations and Politics</name>
    </policyArea>
    <cboCostEstimates />
    <introducedDate>2018-01-23</introducedDate>
    <amendments />
    <relatedBills />
    <congress>115</congress>
    <committees>
      <billCommittees>
        <item>
          <systemCode>sshr00</systemCode>
          <chamber>Senate</chamber>
          <type>Standing</type>
          <activities>
            <item>
              <date>2018-01-23T22:13:47Z</date>
              <name>Referred to</name>
            </item>
          </activities>
          <name>Health, Education, Labor, and Pensions Committee</name>
          <subcommittees />
        </item>
      </billCommittees>
    </committees>
  </bill>
  <dublinCore xmlns:dc="http://purl.org/dc/elements/1.1/">
    <dc:format>text/xml</dc:format>
    <dc:language>EN</dc:language>
    <dc:rights>Pursuant to Title 17 Section 105 of the United States Code, this file is not subject to copyright protection and is in the public domain.</dc:rights>
    <dc:contributor>Congressional Research Service, Library of Congress</dc:contributor>
    <dc:description>This file contains bill summaries and statuses for federal legislation. A bill summary describes the most significant provisions of a piece of legislation and details the effects the legislative text may have on current law and federal programs. Bill summaries are authored by the Congressional Research Service (CRS) of the Library of Congress. As stated in Public Law 91-510 (2 USC 166 (d)(6)), one of the duties of CRS is "to prepare summaries and digests of bills and resolutions of a public general nature introduced in the Senate or House of Representatives". For more information, refer to the User Guide that accompanies this file.</dc:description>
  </dublinCore>
</billStatus>

