<?xml version="1.0" encoding="UTF-8"?>
<billStatus>
  <bill>
    <amendments />
    <billNumber>244</billNumber>
    <recordedVotes />
    <subjects>
      <billSubjects>
        <legislativeSubjects>
          <item>
            <name>Congressional officers and employees</name>
          </item>
          <item>
            <name>Criminal investigation, prosecution, interrogation</name>
          </item>
          <item>
            <name>Elections, voting, political campaign regulation</name>
          </item>
          <item>
            <name>Evidence and witnesses</name>
          </item>
          <item>
            <name>Government ethics and transparency, public corruption</name>
          </item>
          <item>
            <name>Legislative rules and procedure</name>
          </item>
          <item>
            <name>Members of Congress</name>
          </item>
          <item>
            <name>Senate</name>
          </item>
        </legislativeSubjects>
        <policyArea>
          <name>Congress</name>
        </policyArea>
      </billSubjects>
    </subjects>
    <cosponsors>
      <item>
        <state>NY</state>
        <middleName>E.</middleName>
        <sponsorshipWithdrawnDate />
        <bioguideId>S000148</bioguideId>
        <lastName>SCHUMER</lastName>
        <party>D</party>
        <isOriginalCosponsor>True</isOriginalCosponsor>
        <sponsorshipDate>2017-08-02</sponsorshipDate>
        <fullName>Sen. Schumer, Charles E. [D-NY]</fullName>
        <firstName>CHARLES</firstName>
        <identifiers>
          <lisID>1036</lisID>
          <gpoId>8279</gpoId>
          <bioguideId>S000148</bioguideId>
        </identifiers>
      </item>
    </cosponsors>
    <title>A resolution to authorize testimony, document production, and representation in United States of America v. Robert Menendez, et al.</title>
    <sponsors>
      <item>
        <identifiers>
          <lisID>1395</lisID>
          <gpoId>8254</gpoId>
          <bioguideId>M000355</bioguideId>
        </identifiers>
        <state>KY</state>
        <middleName />
        <firstName>MITCH</firstName>
        <byRequestType />
        <lastName>MCCONNELL</lastName>
        <bioguideId>M000355</bioguideId>
        <fullName>Sen. McConnell, Mitch [R-KY]</fullName>
        <party>R</party>
      </item>
    </sponsors>
    <congress>115</congress>
    <version>1.0.0</version>
    <summaries>
      <billSummaries>
        <item>
          <versionCode>00</versionCode>
          <actionDesc>Introduced in Senate</actionDesc>
          <text><![CDATA[<p> Authorizes: (1) current and former Members and employees of the Senate to testify and produce documents in the case of<i> United States of America v. Robert Menendez, et al.</i>, and related proceedings, except concerning matters for which a privilege should be asserted; and (2) the Senate Legal Counsel to represent such individuals in connection with such case.</p>]]></text>
          <actionDate>2017-08-02</actionDate>
          <updateDate>2017-08-02T04:00:00Z</updateDate>
          <name>Introduced in Senate</name>
          <lastSummaryUpdateDate>2018-02-05T22:41:13Z</lastSummaryUpdateDate>
        </item>
        <item>
          <versionCode>82</versionCode>
          <actionDesc>Passed Senate without amendment</actionDesc>
          <text><![CDATA[<p>(This measure has not been amended since it was introduced. The summary of that version is repeated here.)</p> <p>Authorizes: (1) current and former Members and employees of the Senate to testify and produce documents in the case of<i> United States of America v. Robert Menendez, et al.</i>, and related proceedings, except concerning matters for which a privilege should be asserted; and (2) the Senate Legal Counsel to represent such individuals in connection with such case.</p>]]></text>
          <actionDate>2017-08-02</actionDate>
          <updateDate>2017-08-02T14:54:53Z</updateDate>
          <name>Passed Senate without amendment</name>
          <lastSummaryUpdateDate>2018-02-05T22:41:35Z</lastSummaryUpdateDate>
        </item>
      </billSummaries>
    </summaries>
    <committees>
      <billCommittees />
    </committees>
    <relatedBills />
    <billType>SRES</billType>
    <committeeReports />
    <updateDate>2018-02-16T05:25:11Z</updateDate>
    <notes />
    <originChamber>Senate</originChamber>
    <titles>
      <item>
        <titleType>Official Title as Introduced</titleType>
        <parentTitleType />
        <chamberCode />
        <title>A resolution to authorize testimony, document production, and representation in United States of America v. Robert Menendez, et al.</title>
        <chamberName />
      </item>
      <item>
        <titleType>Display Title</titleType>
        <parentTitleType />
        <chamberCode />
        <title>A resolution to authorize testimony, document production, and representation in United States of America v. Robert Menendez, et al.</title>
        <chamberName />
      </item>
    </titles>
    <calendarNumbers />
    <laws />
    <actions>
      <actionTypeCounts>
        <passedOrAgreedToInSenateDayOf>1</passedOrAgreedToInSenateDayOf>
        <introducedInSenate>1</introducedInSenate>
        <passedAgreedToInSenate>1</passedAgreedToInSenate>
      </actionTypeCounts>
      <actionByCounts>
        <senate>3</senate>
      </actionByCounts>
      <item>
        <actionDate>2017-08-02</actionDate>
        <committee />
        <links>
          <link>
            <url>https://www.congress.gov/congressional-record/volume-163/senate-section/page/S4776</url>
            <name>S4776</name>
          </link>
        </links>
        <sourceSystem>
          <code>0</code>
          <name>Senate</name>
        </sourceSystem>
        <text>Submitted in the Senate, considered, and agreed to without amendment and with a preamble by Unanimous Consent. (Sponsor introductory remarks on measure: CR S4776; text of measure as introduced: CR S4776)</text>
        <type>Floor</type>
      </item>
      <item>
        <actionDate>2017-08-02</actionDate>
        <type>Floor</type>
        <text>Passed/agreed to in Senate: Submitted in the Senate, considered, and agreed to without amendment and with a preamble by Unanimous Consent.(Sponsor introductory remarks on measure: CR S4776; text of measure as introduced: CR S4776)</text>
        <links>
          <link>
            <url>https://www.congress.gov/congressional-record/volume-163/senate-section/page/S4776</url>
            <name>S4776</name>
          </link>
        </links>
        <committee />
        <sourceSystem>
          <code>9</code>
          <name>Library of Congress</name>
        </sourceSystem>
        <actionCode>17000</actionCode>
      </item>
      <item>
        <actionDate>2017-08-02</actionDate>
        <type>IntroReferral</type>
        <text>Introduced in Senate</text>
        <links />
        <committee />
        <sourceSystem>
          <code>9</code>
          <name>Library of Congress</name>
        </sourceSystem>
        <actionCode>10000</actionCode>
      </item>
    </actions>
    <policyArea>
      <name>Congress</name>
    </policyArea>
    <introducedDate>2017-08-02</introducedDate>
    <latestAction>
      <actionDate>2017-08-02</actionDate>
      <links />
      <text>Submitted in the Senate, considered, and agreed to without amendment and with a preamble by Unanimous Consent. (Sponsor introductory remarks on measure: CR S4776; text of measure as introduced: CR S4776)</text>
    </latestAction>
    <cboCostEstimates />
    <createDate>2017-08-03T00:41:41Z</createDate>
  </bill>
  <dublinCore xmlns:dc="http://purl.org/dc/elements/1.1/">
    <dc:format>text/xml</dc:format>
    <dc:language>EN</dc:language>
    <dc:rights>Pursuant to Title 17 Section 105 of the United States Code, this file is not subject to copyright protection and is in the public domain.</dc:rights>
    <dc:contributor>Congressional Research Service, Library of Congress</dc:contributor>
    <dc:description>This file contains bill summaries and statuses for federal legislation. A bill summary describes the most significant provisions of a piece of legislation and details the effects the legislative text may have on current law and federal programs. Bill summaries are authored by the Congressional Research Service (CRS) of the Library of Congress. As stated in Public Law 91-510 (2 USC 166 (d)(6)), one of the duties of CRS is "to prepare summaries and digests of bills and resolutions of a public general nature introduced in the Senate or House of Representatives". For more information, refer to the User Guide that accompanies this file.</dc:description>
  </dublinCore>
</billStatus>

