<?xml version="1.0" encoding="UTF-8"?>
<billStatus>
  <bill>
    <policyArea>
      <name>Science, Technology, Communications</name>
    </policyArea>
    <committeeReports />
    <congress>115</congress>
    <sponsors>
      <item>
        <identifiers>
          <lisID>2123</lisID>
          <bioguideId>D000622</bioguideId>
          <gpoId />
        </identifiers>
        <middleName />
        <byRequestType />
        <fullName>Sen. Duckworth, Tammy [D-IL]</fullName>
        <bioguideId>D000622</bioguideId>
        <state>IL</state>
        <party>D</party>
        <firstName>Tammy</firstName>
        <lastName>Duckworth</lastName>
      </item>
    </sponsors>
    <calendarNumbers />
    <amendments />
    <relatedBills>
      <item>
        <congress>115</congress>
        <latestTitle>Congratulating and honoring Fermi National Accelerator Laboratory on 50 years of groundbreaking discoveries.</latestTitle>
        <number>388</number>
        <type>HRES</type>
        <latestAction>
          <text>Referred to the House Committee on Science, Space, and Technology.</text>
          <actionDate>2017-06-15</actionDate>
        </latestAction>
        <relationshipDetails>
          <item>
            <type>Identical bill</type>
            <identifiedBy>CRS</identifiedBy>
          </item>
        </relationshipDetails>
      </item>
      <item>
        <congress>115</congress>
        <latestTitle>A resolution congratulating Fermi National Accelerator Laboratory on 50 years of groundbreaking discoveries.</latestTitle>
        <number>169</number>
        <type>SRES</type>
        <latestAction>
          <text>Referred to the Committee on Energy and Natural Resources. (text of measure as introduced: CR S3020)</text>
          <actionDate>2017-05-17</actionDate>
        </latestAction>
        <relationshipDetails>
          <item>
            <type>Related bill</type>
            <identifiedBy>CRS</identifiedBy>
          </item>
        </relationshipDetails>
      </item>
    </relatedBills>
    <notes />
    <originChamber>Senate</originChamber>
    <version>1.0.0</version>
    <billNumber>187</billNumber>
    <title>A resolution congratulating and honoring Fermi National Accelerator Laboratory on 50 years of groundbreaking discoveries.</title>
    <cosponsors>
      <item>
        <state>IL</state>
        <party>D</party>
        <fullName>Sen. Durbin, Richard J. [D-IL]</fullName>
        <lastName>DURBIN</lastName>
        <isOriginalCosponsor>True</isOriginalCosponsor>
        <bioguideId>D000563</bioguideId>
        <sponsorshipWithdrawnDate />
        <middleName>J.</middleName>
        <identifiers>
          <lisID>326</lisID>
          <gpoId>8326</gpoId>
          <bioguideId>D000563</bioguideId>
        </identifiers>
        <firstName>RICHARD</firstName>
        <sponsorshipDate>2017-06-07</sponsorshipDate>
      </item>
    </cosponsors>
    <subjects>
      <billSubjects>
        <policyArea>
          <name>Science, Technology, Communications</name>
        </policyArea>
        <legislativeSubjects>
          <item>
            <name>Commemorative events and holidays</name>
          </item>
          <item>
            <name>Congressional tributes</name>
          </item>
          <item>
            <name>Energy research</name>
          </item>
          <item>
            <name>Government buildings, facilities, and property</name>
          </item>
          <item>
            <name>Illinois</name>
          </item>
          <item>
            <name>Science and engineering education</name>
          </item>
        </legislativeSubjects>
      </billSubjects>
    </subjects>
    <laws />
    <actions>
      <item>
        <actionDate>2017-06-07</actionDate>
        <committee />
        <links>
          <link>
            <url>https://www.congress.gov/congressional-record/volume-163/senate-section/page/S3339</url>
            <name>S3339</name>
          </link>
          <link>
            <url>https://www.congress.gov/congressional-record/volume-163/senate-section/page/S3343</url>
            <name>S3343</name>
          </link>
        </links>
        <sourceSystem>
          <code>0</code>
          <name>Senate</name>
        </sourceSystem>
        <text>Submitted in the Senate, considered, and agreed to without amendment and with a preamble by Unanimous Consent. (consideration: CR S3343; text as passed Senate: CR S3339)</text>
        <type>Floor</type>
      </item>
      <item>
        <committee />
        <sourceSystem>
          <code>9</code>
          <name>Library of Congress</name>
        </sourceSystem>
        <actionDate>2017-06-07</actionDate>
        <text>Passed/agreed to in Senate: Submitted in the Senate, considered, and agreed to without amendment and with a preamble by Unanimous Consent.(consideration: CR S3343; text as passed Senate: CR S3339)</text>
        <links>
          <link>
            <url>https://www.congress.gov/congressional-record/volume-163/senate-section/page/S3339</url>
            <name>S3339</name>
          </link>
          <link>
            <url>https://www.congress.gov/congressional-record/volume-163/senate-section/page/S3343</url>
            <name>S3343</name>
          </link>
        </links>
        <type>Floor</type>
        <actionCode>17000</actionCode>
      </item>
      <item>
        <committee />
        <sourceSystem>
          <code>9</code>
          <name>Library of Congress</name>
        </sourceSystem>
        <actionDate>2017-06-07</actionDate>
        <text>Introduced in Senate</text>
        <links />
        <type>IntroReferral</type>
        <actionCode>10000</actionCode>
      </item>
      <actionByCounts>
        <senate>3</senate>
      </actionByCounts>
      <actionTypeCounts>
        <passedAgreedToInSenate>1</passedAgreedToInSenate>
        <passedOrAgreedToInSenateDayOf>1</passedOrAgreedToInSenateDayOf>
        <introducedInSenate>1</introducedInSenate>
      </actionTypeCounts>
    </actions>
    <titles>
      <item>
        <chamberName />
        <parentTitleType />
        <chamberCode />
        <titleType>Official Title as Introduced</titleType>
        <title>A resolution congratulating and honoring Fermi National Accelerator Laboratory on 50 years of groundbreaking discoveries.</title>
      </item>
      <item>
        <chamberName />
        <parentTitleType />
        <chamberCode />
        <titleType>Display Title</titleType>
        <title>A resolution congratulating and honoring Fermi National Accelerator Laboratory on 50 years of groundbreaking discoveries.</title>
      </item>
    </titles>
    <summaries>
      <billSummaries>
        <item>
          <versionCode>00</versionCode>
          <actionDate>2017-06-07</actionDate>
          <updateDate>2017-06-07T04:00:00Z</updateDate>
          <text><![CDATA[<p>Congratulates and honors the Fermi National Accelerator Laboratory (Fermilab) on its semicentennial. </p> <p>Wishes Fermilab success in continuing to help the people of the United States understand the mysteries of matter, energy, space, and time. </p>]]></text>
          <actionDesc>Introduced in Senate</actionDesc>
          <name>Introduced in Senate</name>
          <lastSummaryUpdateDate>2017-06-21T18:13:07Z</lastSummaryUpdateDate>
        </item>
        <item>
          <versionCode>82</versionCode>
          <actionDate>2017-06-07</actionDate>
          <updateDate>2017-06-07T18:37:47Z</updateDate>
          <text><![CDATA[<p>(This measure has not been amended since it was introduced. The summary of that version is repeated here.)</p> <p>Congratulates and honors the Fermi National Accelerator Laboratory (Fermilab) on its semicentennial. </p> <p>Wishes Fermilab success in continuing to help the people of the United States understand the mysteries of matter, energy, space, and time. </p>]]></text>
          <actionDesc>Passed Senate without amendment</actionDesc>
          <name>Passed Senate without amendment</name>
          <lastSummaryUpdateDate>2017-06-21T18:13:23Z</lastSummaryUpdateDate>
        </item>
      </billSummaries>
    </summaries>
    <committees>
      <billCommittees />
    </committees>
    <introducedDate>2017-06-07</introducedDate>
    <updateDate>2018-02-06T16:44:09Z</updateDate>
    <cboCostEstimates />
    <recordedVotes />
    <billType>SRES</billType>
    <createDate>2017-06-08T00:26:35Z</createDate>
    <latestAction>
      <text>Submitted in the Senate, considered, and agreed to without amendment and with a preamble by Unanimous Consent. (consideration: CR S3343; text as passed Senate: CR S3339)</text>
      <links />
      <actionDate>2017-06-07</actionDate>
    </latestAction>
  </bill>
  <dublinCore xmlns:dc="http://purl.org/dc/elements/1.1/">
    <dc:format>text/xml</dc:format>
    <dc:language>EN</dc:language>
    <dc:rights>Pursuant to Title 17 Section 105 of the United States Code, this file is not subject to copyright protection and is in the public domain.</dc:rights>
    <dc:contributor>Congressional Research Service, Library of Congress</dc:contributor>
    <dc:description>This file contains bill summaries and statuses for federal legislation. A bill summary describes the most significant provisions of a piece of legislation and details the effects the legislative text may have on current law and federal programs. Bill summaries are authored by the Congressional Research Service (CRS) of the Library of Congress. As stated in Public Law 91-510 (2 USC 166 (d)(6)), one of the duties of CRS is "to prepare summaries and digests of bills and resolutions of a public general nature introduced in the Senate or House of Representatives". For more information, refer to the User Guide that accompanies this file.</dc:description>
  </dublinCore>
</billStatus>

