<?xml version="1.0" encoding="UTF-8"?>
<billStatus>
  <bill>
    <cboCostEstimates />
    <billType>SRES</billType>
    <policyArea>
      <name>Congress</name>
    </policyArea>
    <version>1.0.0</version>
    <congress>115</congress>
    <titles>
      <item>
        <chamberCode />
        <titleType>Official Title as Introduced</titleType>
        <parentTitleType />
        <title>A resolution to authorize the production of records by the Permanent Subcommittee on Investigations of the Committee on Homeland Security and Governmental Affairs.</title>
        <chamberName />
      </item>
      <item>
        <chamberCode />
        <titleType>Display Title</titleType>
        <parentTitleType />
        <title>A resolution to authorize the production of records by the Permanent Subcommittee on Investigations of the Committee on Homeland Security and Governmental Affairs.</title>
        <chamberName />
      </item>
    </titles>
    <title>A resolution to authorize the production of records by the Permanent Subcommittee on Investigations of the Committee on Homeland Security and Governmental Affairs.</title>
    <latestAction>
      <links />
      <actionDate>2018-01-23</actionDate>
      <text>Submitted in the Senate, considered, and agreed to without amendment and with a preamble by Unanimous Consent. (consideration: CR S475; text: CR S470)</text>
    </latestAction>
    <subjects>
      <billSubjects>
        <policyArea>
          <name>Congress</name>
        </policyArea>
        <legislativeSubjects />
      </billSubjects>
    </subjects>
    <billNumber>379</billNumber>
    <calendarNumbers />
    <updateDate>2018-02-20T13:03:33Z</updateDate>
    <recordedVotes />
    <laws />
    <originChamber>Senate</originChamber>
    <sponsors>
      <item>
        <fullName>Sen. McConnell, Mitch [R-KY]</fullName>
        <state>KY</state>
        <identifiers>
          <lisID>1395</lisID>
          <gpoId>8254</gpoId>
          <bioguideId>M000355</bioguideId>
        </identifiers>
        <lastName>MCCONNELL</lastName>
        <party>R</party>
        <bioguideId>M000355</bioguideId>
        <byRequestType />
        <firstName>MITCH</firstName>
        <middleName />
      </item>
    </sponsors>
    <committeeReports />
    <summaries>
      <billSummaries>
        <item>
          <actionDate>2018-01-23</actionDate>
          <name>Introduced in Senate</name>
          <lastSummaryUpdateDate>2018-02-08T20:20:04Z</lastSummaryUpdateDate>
          <updateDate>2018-01-23T05:00:00Z</updateDate>
          <text><![CDATA[<p>Authorizes the Chairman and Ranking Minority Member of the Permanent Subcommittee on Investigations of the Committee on Homeland Security and Governmental Affairs to provide records of the subcommittee's investigation into purchase and shipment of illicit opioids into and throughout the United States to law enforcement officials, regulatory agencies, and other entities or individuals duly authorized by federal or state governments.</p>]]></text>
          <versionCode>00</versionCode>
          <actionDesc>Introduced in Senate</actionDesc>
        </item>
        <item>
          <actionDate>2018-01-23</actionDate>
          <name>Passed Senate without amendment</name>
          <lastSummaryUpdateDate>2018-02-08T20:20:19Z</lastSummaryUpdateDate>
          <updateDate>2018-01-23T13:28:48Z</updateDate>
          <text><![CDATA[<p>(This measure has not been amended since it was introduced. The summary of that version is repeated here.)</p> <p>Authorizes the Chairman and Ranking Minority Member of the Permanent Subcommittee on Investigations of the Committee on Homeland Security and Governmental Affairs to provide records of the subcommittee's investigation into purchase and shipment of illicit opioids into and throughout the United States to law enforcement officials, regulatory agencies, and other entities or individuals duly authorized by federal or state governments.</p>]]></text>
          <versionCode>82</versionCode>
          <actionDesc>Passed Senate without amendment</actionDesc>
        </item>
      </billSummaries>
    </summaries>
    <createDate>2018-01-24T00:26:01Z</createDate>
    <notes />
    <introducedDate>2018-01-23</introducedDate>
    <actions>
      <actionTypeCounts>
        <passedOrAgreedToInSenateDayOf>1</passedOrAgreedToInSenateDayOf>
        <introducedInSenate>1</introducedInSenate>
        <passedAgreedToInSenate>1</passedAgreedToInSenate>
      </actionTypeCounts>
      <actionByCounts>
        <senate>3</senate>
      </actionByCounts>
      <item>
        <actionDate>2018-01-23</actionDate>
        <committee />
        <links>
          <link>
            <url>https://www.congress.gov/congressional-record/volume-164/senate-section/page/S470</url>
            <name>S470</name>
          </link>
          <link>
            <url>https://www.congress.gov/congressional-record/volume-164/senate-section/page/S475</url>
            <name>S475</name>
          </link>
        </links>
        <sourceSystem>
          <code>0</code>
          <name>Senate</name>
        </sourceSystem>
        <text>Submitted in the Senate, considered, and agreed to without amendment and with a preamble by Unanimous Consent. (consideration: CR S475; text: CR S470)</text>
        <type>Floor</type>
      </item>
      <item>
        <actionCode>17000</actionCode>
        <links>
          <link>
            <url>https://www.congress.gov/congressional-record/volume-164/senate-section/page/S470</url>
            <name>S470</name>
          </link>
          <link>
            <url>https://www.congress.gov/congressional-record/volume-164/senate-section/page/S475</url>
            <name>S475</name>
          </link>
        </links>
        <committee />
        <sourceSystem>
          <code>9</code>
          <name>Library of Congress</name>
        </sourceSystem>
        <actionDate>2018-01-23</actionDate>
        <type>Floor</type>
        <text>Passed/agreed to in Senate: Submitted in the Senate, considered, and agreed to without amendment and with a preamble by Unanimous Consent.(consideration: CR S475; text: CR S470)</text>
      </item>
      <item>
        <actionCode>10000</actionCode>
        <links />
        <committee />
        <sourceSystem>
          <code>9</code>
          <name>Library of Congress</name>
        </sourceSystem>
        <actionDate>2018-01-23</actionDate>
        <type>IntroReferral</type>
        <text>Introduced in Senate</text>
      </item>
    </actions>
    <committees>
      <billCommittees />
    </committees>
    <relatedBills />
    <amendments />
    <cosponsors>
      <item>
        <isOriginalCosponsor>True</isOriginalCosponsor>
        <sponsorshipWithdrawnDate />
        <party>D</party>
        <fullName>Sen. Schumer, Charles E. [D-NY]</fullName>
        <firstName>CHARLES</firstName>
        <bioguideId>S000148</bioguideId>
        <lastName>SCHUMER</lastName>
        <identifiers>
          <gpoId>8279</gpoId>
          <lisID>1036</lisID>
          <bioguideId>S000148</bioguideId>
        </identifiers>
        <sponsorshipDate>2018-01-23</sponsorshipDate>
        <middleName>E.</middleName>
        <state>NY</state>
      </item>
    </cosponsors>
  </bill>
  <dublinCore xmlns:dc="http://purl.org/dc/elements/1.1/">
    <dc:format>text/xml</dc:format>
    <dc:language>EN</dc:language>
    <dc:rights>Pursuant to Title 17 Section 105 of the United States Code, this file is not subject to copyright protection and is in the public domain.</dc:rights>
    <dc:contributor>Congressional Research Service, Library of Congress</dc:contributor>
    <dc:description>This file contains bill summaries and statuses for federal legislation. A bill summary describes the most significant provisions of a piece of legislation and details the effects the legislative text may have on current law and federal programs. Bill summaries are authored by the Congressional Research Service (CRS) of the Library of Congress. As stated in Public Law 91-510 (2 USC 166 (d)(6)), one of the duties of CRS is "to prepare summaries and digests of bills and resolutions of a public general nature introduced in the Senate or House of Representatives". For more information, refer to the User Guide that accompanies this file.</dc:description>
  </dublinCore>
</billStatus>

