<?xml version="1.0" encoding="UTF-8"?>
<billStatus>
  <bill>
    <cboCostEstimates />
    <title>A resolution denouncing the deadly attack at Fort Lauderdale-Hollywood International Airport, honoring the lives of the victims, offering condolences to their families, friends, and all those affected, and commending the efforts of law enforcement and emergency response personnel in responding to the incident.</title>
    <originChamber>Senate</originChamber>
    <summaries>
      <billSummaries>
        <item>
          <actionDate>2017-01-23</actionDate>
          <name>Introduced in Senate</name>
          <versionCode>00</versionCode>
          <actionDesc>Introduced in Senate</actionDesc>
          <lastSummaryUpdateDate>2017-01-26T14:44:44Z</lastSummaryUpdateDate>
          <text><![CDATA[<p>Condemns the deadly attack at Fort Lauderdale-Hollywood International Airport on January 6, 2017.</p> <p>Honors the lives and memories of the victims killed in the attack and offers sincere condolences to their families and friends.</p> <p>Expresses hope for the full recovery of individuals who were injured. </p> <p>Commends the efforts of law enforcement and emergency response personnel who selflessly acted to secure the scene and assist those in need. </p> <UL> </UL> <BR>]]></text>
          <updateDate>2017-01-23T05:00:00Z</updateDate>
        </item>
        <item>
          <actionDate>2017-01-23</actionDate>
          <name>Passed Senate without amendment</name>
          <versionCode>82</versionCode>
          <actionDesc>Passed Senate without amendment</actionDesc>
          <lastSummaryUpdateDate>2017-02-01T15:14:39Z</lastSummaryUpdateDate>
          <text><![CDATA[<p>(This measure has not been amended since it was introduced. The summary of that version is repeated here.)</p> <p>Condemns the deadly attack at Fort Lauderdale-Hollywood International Airport on January 6, 2017.</p> <p>Honors the lives and memories of the victims killed in the attack and offers sincere condolences to their families and friends.</p> <p>Expresses hope for the full recovery of individuals who were injured.</p> <p>Commends the efforts of law enforcement and emergency response personnel who selflessly acted to secure the scene and assist those in need.</p>]]></text>
          <updateDate>2017-01-23T14:14:44Z</updateDate>
        </item>
      </billSummaries>
    </summaries>
    <updateDate>2018-02-22T15:29:18Z</updateDate>
    <latestAction>
      <actionDate>2017-01-23</actionDate>
      <text>Submitted in the Senate, considered, and agreed to without amendment and with a preamble by Unanimous Consent. (consideration: CR S404; text as passed Senate: CR S404)</text>
      <links />
    </latestAction>
    <actions>
      <actionByCounts>
        <senate>3</senate>
      </actionByCounts>
      <actionTypeCounts>
        <introducedInSenate>1</introducedInSenate>
        <passedOrAgreedToInSenateDayOf>1</passedOrAgreedToInSenateDayOf>
        <passedAgreedToInSenate>1</passedAgreedToInSenate>
      </actionTypeCounts>
      <item>
        <actionDate>2017-01-23</actionDate>
        <committee />
        <links>
          <link>
            <url>https://www.congress.gov/congressional-record/volume-163/senate-section/page/S404</url>
            <name>S404</name>
          </link>
        </links>
        <sourceSystem>
          <code>0</code>
          <name>Senate</name>
        </sourceSystem>
        <text>Submitted in the Senate, considered, and agreed to without amendment and with a preamble by Unanimous Consent. (consideration: CR S404; text as passed Senate: CR S404)</text>
        <type>Floor</type>
      </item>
      <item>
        <committee />
        <links>
          <link>
            <url>https://www.congress.gov/congressional-record/volume-163/senate-section/page/S404</url>
            <name>S404</name>
          </link>
        </links>
        <sourceSystem>
          <code>9</code>
          <name>Library of Congress</name>
        </sourceSystem>
        <text>Passed/agreed to in Senate: Submitted in the Senate, considered, and agreed to without amendment and with a preamble by Unanimous Consent.(consideration: CR S404; text as passed Senate: CR S404)</text>
        <actionCode>17000</actionCode>
        <actionDate>2017-01-23</actionDate>
        <type>Floor</type>
      </item>
      <item>
        <committee />
        <links />
        <sourceSystem>
          <code>9</code>
          <name>Library of Congress</name>
        </sourceSystem>
        <text>Introduced in Senate</text>
        <actionCode>10000</actionCode>
        <actionDate>2017-01-23</actionDate>
        <type>IntroReferral</type>
      </item>
    </actions>
    <amendments />
    <introducedDate>2017-01-23</introducedDate>
    <policyArea>
      <name>Crime and Law Enforcement</name>
    </policyArea>
    <billNumber>19</billNumber>
    <congress>115</congress>
    <committeeReports />
    <cosponsors>
      <item>
        <state>FL</state>
        <party>D</party>
        <fullName>Sen. Nelson, Bill [D-FL]</fullName>
        <identifiers>
          <bioguideId>N000032</bioguideId>
          <lisID>859</lisID>
          <gpoId>8236</gpoId>
        </identifiers>
        <lastName>NELSON</lastName>
        <bioguideId>N000032</bioguideId>
        <isOriginalCosponsor>True</isOriginalCosponsor>
        <sponsorshipWithdrawnDate />
        <firstName>CLARENCE</firstName>
        <middleName>WILLIAM</middleName>
        <sponsorshipDate>2017-01-23</sponsorshipDate>
      </item>
      <item>
        <state>IA</state>
        <party>R</party>
        <fullName>Sen. Ernst, Joni  [R-IA]</fullName>
        <identifiers>
          <bioguideId>E000295</bioguideId>
          <gpoId />
          <lisID>2283</lisID>
        </identifiers>
        <lastName>Ernst</lastName>
        <bioguideId>E000295</bioguideId>
        <isOriginalCosponsor>True</isOriginalCosponsor>
        <sponsorshipWithdrawnDate />
        <firstName>Joni</firstName>
        <middleName />
        <sponsorshipDate>2017-01-23</sponsorshipDate>
      </item>
    </cosponsors>
    <version>1.0.0</version>
    <createDate>2017-01-24T05:12:19Z</createDate>
    <billType>SRES</billType>
    <titles>
      <item>
        <chamberName />
        <parentTitleType />
        <title>A resolution denouncing the deadly attack at Fort Lauderdale-Hollywood International Airport, honoring the lives of the victims, offering condolences to their families, friends, and all those affected, and commending the efforts of law enforcement and emergency response personnel in responding to the incident.</title>
        <chamberCode />
        <titleType>Official Title as Introduced</titleType>
      </item>
      <item>
        <chamberName />
        <parentTitleType />
        <title>A resolution denouncing the deadly attack at Fort Lauderdale-Hollywood International Airport, honoring the lives of the victims, offering condolences to their families, friends, and all those affected, and commending the efforts of law enforcement and emergency response personnel in responding to the incident.</title>
        <chamberCode />
        <titleType>Display Title</titleType>
      </item>
    </titles>
    <notes />
    <sponsors>
      <item>
        <byRequestType />
        <party>R</party>
        <fullName>Sen. Rubio, Marco [R-FL]</fullName>
        <identifiers>
          <bioguideId>R000595</bioguideId>
          <lisID>2084</lisID>
          <gpoId>8242</gpoId>
        </identifiers>
        <lastName>Rubio</lastName>
        <bioguideId>R000595</bioguideId>
        <state>FL</state>
        <firstName>Marco</firstName>
        <middleName />
      </item>
    </sponsors>
    <recordedVotes />
    <relatedBills />
    <subjects>
      <billSubjects>
        <policyArea>
          <name>Crime and Law Enforcement</name>
        </policyArea>
        <legislativeSubjects>
          <item>
            <name>Congressional tributes</name>
          </item>
          <item>
            <name>Crime victims</name>
          </item>
          <item>
            <name>Emergency medical services and trauma care</name>
          </item>
          <item>
            <name>First responders and emergency personnel</name>
          </item>
          <item>
            <name>Florida</name>
          </item>
          <item>
            <name>Law enforcement officers</name>
          </item>
          <item>
            <name>Violent crime</name>
          </item>
        </legislativeSubjects>
      </billSubjects>
    </subjects>
    <laws />
    <calendarNumbers />
    <committees>
      <billCommittees />
    </committees>
  </bill>
  <dublinCore xmlns:dc="http://purl.org/dc/elements/1.1/">
    <dc:format>text/xml</dc:format>
    <dc:language>EN</dc:language>
    <dc:rights>Pursuant to Title 17 Section 105 of the United States Code, this file is not subject to copyright protection and is in the public domain.</dc:rights>
    <dc:contributor>Congressional Research Service, Library of Congress</dc:contributor>
    <dc:description>This file contains bill summaries and statuses for federal legislation. A bill summary describes the most significant provisions of a piece of legislation and details the effects the legislative text may have on current law and federal programs. Bill summaries are authored by the Congressional Research Service (CRS) of the Library of Congress. As stated in Public Law 91-510 (2 USC 166 (d)(6)), one of the duties of CRS is "to prepare summaries and digests of bills and resolutions of a public general nature introduced in the Senate or House of Representatives". For more information, refer to the User Guide that accompanies this file.</dc:description>
  </dublinCore>
</billStatus>

