<?xml version="1.0" encoding="UTF-8"?>
<billStatus>
  <bill>
    <policyArea>
      <name>Health</name>
    </policyArea>
    <calendarNumbers />
    <actions>
      <actionTypeCounts>
        <passedOrAgreedToInSenateDayOf>1</passedOrAgreedToInSenateDayOf>
        <introducedInSenate>1</introducedInSenate>
        <passedAgreedToInSenate>1</passedAgreedToInSenate>
      </actionTypeCounts>
      <actionByCounts>
        <senate>3</senate>
      </actionByCounts>
      <item>
        <actionDate>2017-11-09</actionDate>
        <committee />
        <links>
          <link>
            <name>S7159</name>
            <url>https://www.congress.gov/congressional-record/volume-163/senate-section/page/S7159</url>
          </link>
          <link>
            <name>S7167</name>
            <url>https://www.congress.gov/congressional-record/volume-163/senate-section/page/S7167</url>
          </link>
        </links>
        <sourceSystem>
          <name>Senate</name>
          <code>0</code>
        </sourceSystem>
        <text>Submitted in the Senate, considered, and agreed to without amendment and with a preamble by Unanimous Consent. (consideration: CR S7167; text: CR S7159)</text>
        <type>Floor</type>
      </item>
      <item>
        <text>Passed/agreed to in Senate: Submitted in the Senate, considered, and agreed to without amendment and with a preamble by Unanimous Consent.(consideration: CR S7167; text: CR S7159)</text>
        <actionDate>2017-11-09</actionDate>
        <sourceSystem>
          <name>Library of Congress</name>
          <code>9</code>
        </sourceSystem>
        <type>Floor</type>
        <actionCode>17000</actionCode>
        <committee />
        <links>
          <link>
            <name>S7159</name>
            <url>https://www.congress.gov/congressional-record/volume-163/senate-section/page/S7159</url>
          </link>
          <link>
            <name>S7167</name>
            <url>https://www.congress.gov/congressional-record/volume-163/senate-section/page/S7167</url>
          </link>
        </links>
      </item>
      <item>
        <text>Introduced in Senate</text>
        <actionDate>2017-11-09</actionDate>
        <sourceSystem>
          <name>Library of Congress</name>
          <code>9</code>
        </sourceSystem>
        <type>IntroReferral</type>
        <actionCode>10000</actionCode>
        <committee />
        <links />
      </item>
    </actions>
    <latestAction>
      <text>Submitted in the Senate, considered, and agreed to without amendment and with a preamble by Unanimous Consent. (consideration: CR S7167; text: CR S7159)</text>
      <actionDate>2017-11-09</actionDate>
      <links />
    </latestAction>
    <cboCostEstimates />
    <recordedVotes />
    <titles>
      <item>
        <parentTitleType />
        <titleType>Official Title as Introduced</titleType>
        <chamberCode />
        <chamberName />
        <title>A resolution expressing support for the designation of October 2017 as "National Audiology Awareness Month".</title>
      </item>
      <item>
        <parentTitleType />
        <titleType>Display Title</titleType>
        <chamberCode />
        <chamberName />
        <title>A resolution expressing support for the designation of October 2017 as "National Audiology Awareness Month".</title>
      </item>
    </titles>
    <billNumber>329</billNumber>
    <committeeReports />
    <cosponsors>
      <item>
        <firstName>CHARLES</firstName>
        <middleName>ERNEST</middleName>
        <lastName>GRASSLEY</lastName>
        <bioguideId>G000386</bioguideId>
        <fullName>Sen. Grassley, Chuck [R-IA]</fullName>
        <state>IA</state>
        <sponsorshipDate>2017-11-09</sponsorshipDate>
        <sponsorshipWithdrawnDate />
        <party>R</party>
        <identifiers>
          <gpoId>8316</gpoId>
          <lisID>457</lisID>
          <bioguideId>G000386</bioguideId>
        </identifiers>
        <isOriginalCosponsor>True</isOriginalCosponsor>
      </item>
      <item>
        <firstName>Margaret</firstName>
        <middleName>Wood</middleName>
        <lastName>Hassan</lastName>
        <bioguideId>H001076</bioguideId>
        <fullName>Sen. Hassan, Margaret Wood [D-NH]</fullName>
        <state>NH</state>
        <sponsorshipDate>2017-11-09</sponsorshipDate>
        <sponsorshipWithdrawnDate />
        <party>D</party>
        <identifiers>
          <bioguideId>H001076</bioguideId>
          <gpoId />
          <lisID>2302</lisID>
        </identifiers>
        <isOriginalCosponsor>True</isOriginalCosponsor>
      </item>
    </cosponsors>
    <title>A resolution expressing support for the designation of October 2017 as "National Audiology Awareness Month".</title>
    <subjects>
      <billSubjects>
        <policyArea>
          <name>Health</name>
        </policyArea>
        <legislativeSubjects />
      </billSubjects>
    </subjects>
    <relatedBills>
      <item>
        <number>303</number>
        <congress>115</congress>
        <relationshipDetails>
          <item>
            <type>Related bill</type>
            <identifiedBy>CRS</identifiedBy>
          </item>
        </relationshipDetails>
        <type>SRES</type>
        <latestTitle>A resolution expressing support for the designation of October 2017 as "National Audiology Awareness Month".</latestTitle>
        <latestAction>
          <actionDate>2017-10-25</actionDate>
          <text>Referred to the Committee on Health, Education, Labor, and Pensions. (text of measure as introduced: CR S6818)</text>
        </latestAction>
      </item>
    </relatedBills>
    <amendments />
    <committees>
      <billCommittees />
    </committees>
    <congress>115</congress>
    <laws />
    <updateDate>2018-02-27T05:28:29Z</updateDate>
    <sponsors>
      <item>
        <lastName>Warren</lastName>
        <middleName>A.</middleName>
        <firstName>Elizabeth</firstName>
        <party>D</party>
        <bioguideId>W000817</bioguideId>
        <identifiers>
          <lisID>2182</lisID>
          <bioguideId>W000817</bioguideId>
          <gpoId />
        </identifiers>
        <byRequestType />
        <state>MA</state>
        <fullName>Sen. Warren, Elizabeth [D-MA]</fullName>
      </item>
    </sponsors>
    <summaries>
      <billSummaries>
        <item>
          <versionCode>00</versionCode>
          <actionDate>2017-11-09</actionDate>
          <actionDesc>Introduced in Senate</actionDesc>
          <text><![CDATA[<p>Expresses support for the designation of October 2017 as National Audiology Awareness Month, and recognizes the actions of audiologists who work to improve the well-being of individuals with hearing loss and balance disorders.</p>]]></text>
          <lastSummaryUpdateDate>2018-02-07T21:14:17Z</lastSummaryUpdateDate>
          <name>Introduced in Senate</name>
          <updateDate>2017-11-09T05:00:00Z</updateDate>
        </item>
        <item>
          <versionCode>82</versionCode>
          <actionDate>2017-11-09</actionDate>
          <actionDesc>Passed Senate without amendment</actionDesc>
          <text><![CDATA[<p>(This measure has not been amended since it was introduced. The summary of that version is repeated here.)</p> <p>Expresses support for the designation of October 2017 as National Audiology Awareness Month, and recognizes the actions of audiologists who work to improve the well-being of individuals with hearing loss and balance disorders.</p>]]></text>
          <lastSummaryUpdateDate>2018-02-21T22:49:44Z</lastSummaryUpdateDate>
          <name>Passed Senate without amendment</name>
          <updateDate>2017-11-09T17:31:14Z</updateDate>
        </item>
      </billSummaries>
    </summaries>
    <introducedDate>2017-11-09</introducedDate>
    <originChamber>Senate</originChamber>
    <version>1.0.0</version>
    <createDate>2017-11-10T00:26:22Z</createDate>
    <billType>SRES</billType>
    <notes />
  </bill>
  <dublinCore xmlns:dc="http://purl.org/dc/elements/1.1/">
    <dc:format>text/xml</dc:format>
    <dc:language>EN</dc:language>
    <dc:rights>Pursuant to Title 17 Section 105 of the United States Code, this file is not subject to copyright protection and is in the public domain.</dc:rights>
    <dc:contributor>Congressional Research Service, Library of Congress</dc:contributor>
    <dc:description>This file contains bill summaries and statuses for federal legislation. A bill summary describes the most significant provisions of a piece of legislation and details the effects the legislative text may have on current law and federal programs. Bill summaries are authored by the Congressional Research Service (CRS) of the Library of Congress. As stated in Public Law 91-510 (2 USC 166 (d)(6)), one of the duties of CRS is "to prepare summaries and digests of bills and resolutions of a public general nature introduced in the Senate or House of Representatives". For more information, refer to the User Guide that accompanies this file.</dc:description>
  </dublinCore>
</billStatus>

