<?xml version="1.0" encoding="UTF-8"?>
<billStatus>
  <bill>
    <cosponsors>
      <item>
        <state>CO</state>
        <identifiers>
          <lisID>1965</lisID>
          <bioguideId>B001267</bioguideId>
          <gpoId>8302</gpoId>
        </identifiers>
        <bioguideId>B001267</bioguideId>
        <sponsorshipDate>2017-08-03</sponsorshipDate>
        <lastName>Bennet</lastName>
        <fullName>Sen. Bennet, Michael F. [D-CO]</fullName>
        <firstName>Michael</firstName>
        <party>D</party>
        <middleName>F.</middleName>
        <isOriginalCosponsor>True</isOriginalCosponsor>
        <sponsorshipWithdrawnDate />
      </item>
      <item>
        <state>GA</state>
        <identifiers>
          <bioguideId>I000055</bioguideId>
          <gpoId>8323</gpoId>
          <lisID>1608</lisID>
        </identifiers>
        <bioguideId>I000055</bioguideId>
        <sponsorshipDate>2017-08-03</sponsorshipDate>
        <lastName>Isakson</lastName>
        <fullName>Sen. Isakson, Johnny [R-GA]</fullName>
        <firstName>Johnny</firstName>
        <party>R</party>
        <middleName />
        <isOriginalCosponsor>True</isOriginalCosponsor>
        <sponsorshipWithdrawnDate />
      </item>
      <item>
        <state>MN</state>
        <identifiers>
          <lisID>1826</lisID>
          <gpoId>8249</gpoId>
          <bioguideId>K000367</bioguideId>
        </identifiers>
        <bioguideId>K000367</bioguideId>
        <sponsorshipDate>2017-08-03</sponsorshipDate>
        <lastName>Klobuchar</lastName>
        <fullName>Sen. Klobuchar, Amy [D-MN]</fullName>
        <firstName>Amy</firstName>
        <party>D</party>
        <middleName />
        <isOriginalCosponsor>True</isOriginalCosponsor>
        <sponsorshipWithdrawnDate />
      </item>
    </cosponsors>
    <congress>115</congress>
    <committees>
      <billCommittees />
    </committees>
    <laws />
    <titles>
      <item>
        <titleType>Official Title as Introduced</titleType>
        <parentTitleType />
        <chamberName />
        <title>A resolution designating July 29, 2017, as "Paralympic and Adaptive Sport Day".</title>
        <chamberCode />
      </item>
      <item>
        <titleType>Display Title</titleType>
        <parentTitleType />
        <chamberName />
        <title>A resolution designating July 29, 2017, as "Paralympic and Adaptive Sport Day".</title>
        <chamberCode />
      </item>
    </titles>
    <billType>SRES</billType>
    <amendments />
    <recordedVotes />
    <actions>
      <actionByCounts>
        <senate>3</senate>
      </actionByCounts>
      <item>
        <actionDate>2017-08-03</actionDate>
        <committee />
        <links>
          <link>
            <name>S4882</name>
            <url>https://www.congress.gov/congressional-record/volume-163/senate-section/page/S4882</url>
          </link>
          <link>
            <name>S4894</name>
            <url>https://www.congress.gov/congressional-record/volume-163/senate-section/page/S4894</url>
          </link>
        </links>
        <sourceSystem>
          <name>Senate</name>
          <code>0</code>
        </sourceSystem>
        <text>Submitted in the Senate, considered, and agreed to without amendment and with a preamble by Unanimous Consent. (consideration: CR S4882, S4894; text: CR S4882)</text>
        <type>Floor</type>
      </item>
      <item>
        <text>Passed/agreed to in Senate: Submitted in the Senate, considered, and agreed to without amendment and with a preamble by Unanimous Consent.(consideration: CR S4882, S4894; text: CR S4882)</text>
        <type>Floor</type>
        <sourceSystem>
          <name>Library of Congress</name>
          <code>9</code>
        </sourceSystem>
        <committee />
        <actionCode>17000</actionCode>
        <actionDate>2017-08-03</actionDate>
        <links>
          <link>
            <name>S4882</name>
            <url>https://www.congress.gov/congressional-record/volume-163/senate-section/page/S4882</url>
          </link>
          <link>
            <name>S4894</name>
            <url>https://www.congress.gov/congressional-record/volume-163/senate-section/page/S4894</url>
          </link>
        </links>
      </item>
      <item>
        <text>Introduced in Senate</text>
        <type>IntroReferral</type>
        <sourceSystem>
          <name>Library of Congress</name>
          <code>9</code>
        </sourceSystem>
        <committee />
        <actionCode>10000</actionCode>
        <actionDate>2017-08-03</actionDate>
        <links />
      </item>
      <actionTypeCounts>
        <passedOrAgreedToInSenateDayOf>1</passedOrAgreedToInSenateDayOf>
        <passedAgreedToInSenate>1</passedAgreedToInSenate>
        <introducedInSenate>1</introducedInSenate>
      </actionTypeCounts>
    </actions>
    <introducedDate>2017-08-03</introducedDate>
    <relatedBills>
      <item>
        <number>436</number>
        <type>HRES</type>
        <latestAction>
          <text>Referred to the Subcommittee on Military Personnel.</text>
          <actionDate>2017-07-26</actionDate>
        </latestAction>
        <congress>115</congress>
        <latestTitle>Expressing support for the designation of July 29, 2017, as "Paralympic and Adaptive Sport Day".</latestTitle>
        <relationshipDetails>
          <item>
            <identifiedBy>CRS</identifiedBy>
            <type>Related bill</type>
          </item>
        </relationshipDetails>
      </item>
    </relatedBills>
    <committeeReports />
    <calendarNumbers />
    <billNumber>247</billNumber>
    <summaries>
      <billSummaries>
        <item>
          <versionCode>00</versionCode>
          <actionDate>2017-08-03</actionDate>
          <updateDate>2017-08-03T04:00:00Z</updateDate>
          <text><![CDATA[<p>Designates July 29, 2017, as Paralympic and Adaptive Sport Day.</p> <p>Supports the inclusive goals, ideals, and values of the International Paralympic Movement.</p> <p>Acknowledges the contributions and sacrifices of members of the Armed Forces who sustained a traumatic injury and impairment while serving the United States.</p> <p>Promotes a more inclusive society for all individuals with impairments through paralympic and adaptive sports.]]></text>
          <actionDesc>Introduced in Senate</actionDesc>
          <name>Introduced in Senate</name>
          <lastSummaryUpdateDate>2017-09-26T19:37:28Z</lastSummaryUpdateDate>
        </item>
        <item>
          <versionCode>82</versionCode>
          <actionDate>2017-08-03</actionDate>
          <updateDate>2017-08-03T15:31:19Z</updateDate>
          <text><![CDATA[<p>(This measure has not been amended since it was introduced. The summary of that version is repeated here.)</p> <p>Designates July 29, 2017, as Paralympic and Adaptive Sport Day.</p> <p>Supports the inclusive goals, ideals, and values of the International Paralympic Movement.</p> <p>Acknowledges the contributions and sacrifices of members of the Armed Forces who sustained a traumatic injury and impairment while serving the United States.</p> <p>Promotes a more inclusive society for all individuals with impairments through paralympic and adaptive sports.</p>]]></text>
          <actionDesc>Passed Senate without amendment</actionDesc>
          <name>Passed Senate without amendment</name>
          <lastSummaryUpdateDate>2017-09-26T19:47:07Z</lastSummaryUpdateDate>
        </item>
      </billSummaries>
    </summaries>
    <cboCostEstimates />
    <updateDate>2018-02-06T16:44:13Z</updateDate>
    <policyArea>
      <name>Sports and Recreation</name>
    </policyArea>
    <latestAction>
      <text>Submitted in the Senate, considered, and agreed to without amendment and with a preamble by Unanimous Consent. (consideration: CR S4882, S4894; text: CR S4882)</text>
      <actionDate>2017-08-03</actionDate>
      <links />
    </latestAction>
    <subjects>
      <billSubjects>
        <legislativeSubjects>
          <item>
            <name>Athletes</name>
          </item>
          <item>
            <name>Commemorative events and holidays</name>
          </item>
          <item>
            <name>Congressional tributes</name>
          </item>
          <item>
            <name>Disability and paralysis</name>
          </item>
          <item>
            <name>Military personnel and dependents</name>
          </item>
          <item>
            <name>Olympic games</name>
          </item>
          <item>
            <name>Veterans' organizations and recognition</name>
          </item>
        </legislativeSubjects>
        <policyArea>
          <name>Sports and Recreation</name>
        </policyArea>
      </billSubjects>
    </subjects>
    <title>A resolution designating July 29, 2017, as "Paralympic and Adaptive Sport Day".</title>
    <version>1.0.0</version>
    <sponsors>
      <item>
        <byRequestType />
        <party>R</party>
        <fullName>Sen. Hatch, Orrin G. [R-UT]</fullName>
        <bioguideId>H000338</bioguideId>
        <state>UT</state>
        <lastName>HATCH</lastName>
        <middleName>GRANT</middleName>
        <firstName>ORRIN</firstName>
        <identifiers>
          <bioguideId>H000338</bioguideId>
          <lisID>1351</lisID>
          <gpoId>8314</gpoId>
        </identifiers>
      </item>
    </sponsors>
    <notes />
    <createDate>2017-08-04T00:42:11Z</createDate>
    <originChamber>Senate</originChamber>
  </bill>
  <dublinCore xmlns:dc="http://purl.org/dc/elements/1.1/">
    <dc:format>text/xml</dc:format>
    <dc:language>EN</dc:language>
    <dc:rights>Pursuant to Title 17 Section 105 of the United States Code, this file is not subject to copyright protection and is in the public domain.</dc:rights>
    <dc:contributor>Congressional Research Service, Library of Congress</dc:contributor>
    <dc:description>This file contains bill summaries and statuses for federal legislation. A bill summary describes the most significant provisions of a piece of legislation and details the effects the legislative text may have on current law and federal programs. Bill summaries are authored by the Congressional Research Service (CRS) of the Library of Congress. As stated in Public Law 91-510 (2 USC 166 (d)(6)), one of the duties of CRS is "to prepare summaries and digests of bills and resolutions of a public general nature introduced in the Senate or House of Representatives". For more information, refer to the User Guide that accompanies this file.</dc:description>
  </dublinCore>
</billStatus>

