<?xml version="1.0" encoding="UTF-8"?>
<billStatus>
  <bill>
    <calendarNumbers />
    <congress>115</congress>
    <titles>
      <item>
        <chamberCode />
        <chamberName />
        <parentTitleType />
        <titleType>Official Title as Introduced</titleType>
        <title>A resolution celebrating the history of the Detroit River with the 16-year commemoration of the International Underground Railroad Memorial Monument, comprised of the Gateway to Freedom Monument in Detroit, Michigan, and the Tower of Freedom Monument in Windsor, Ontario, Canada.</title>
      </item>
      <item>
        <chamberCode />
        <chamberName />
        <parentTitleType />
        <titleType>Display Title</titleType>
        <title>A resolution celebrating the history of the Detroit River with the 16-year commemoration of the International Underground Railroad Memorial Monument, comprised of the Gateway to Freedom Monument in Detroit, Michigan, and the Tower of Freedom Monument in Windsor, Ontario, Canada.</title>
      </item>
    </titles>
    <introducedDate>2017-02-28</introducedDate>
    <latestAction>
      <actionDate>2017-02-28</actionDate>
      <text>Referred to the Committee on Energy and Natural Resources. (text of measure as introduced: CR S1505)</text>
      <links />
    </latestAction>
    <title>A resolution celebrating the history of the Detroit River with the 16-year commemoration of the International Underground Railroad Memorial Monument, comprised of the Gateway to Freedom Monument in Detroit, Michigan, and the Tower of Freedom Monument in Windsor, Ontario, Canada.</title>
    <subjects>
      <billSubjects>
        <policyArea>
          <name>Civil Rights and Liberties, Minority Issues</name>
        </policyArea>
        <legislativeSubjects>
          <item>
            <name>Canada</name>
          </item>
          <item>
            <name>Commemorative events and holidays</name>
          </item>
          <item>
            <name>Historic sites and heritage areas</name>
          </item>
          <item>
            <name>Lakes and rivers</name>
          </item>
          <item>
            <name>Michigan</name>
          </item>
          <item>
            <name>Monuments and memorials</name>
          </item>
          <item>
            <name>Racial and ethnic relations</name>
          </item>
          <item>
            <name>U.S. history</name>
          </item>
        </legislativeSubjects>
      </billSubjects>
    </subjects>
    <relatedBills>
      <item>
        <latestTitle>Celebrating the history of the Detroit River with the 16-year commemoration of the International Underground Railroad Memorial Monument, comprised of the Gateway to Freedom Monument in Detroit, Michigan, and the Tower of Freedom Monument in Windsor, Ontario, Canada.</latestTitle>
        <number>158</number>
        <latestAction>
          <actionDate>2017-05-18</actionDate>
          <text>Referred to the Subcommittee on the Western Hemisphere.</text>
        </latestAction>
        <congress>115</congress>
        <relationshipDetails>
          <item>
            <identifiedBy>CRS</identifiedBy>
            <type>Identical bill</type>
          </item>
        </relationshipDetails>
        <type>HRES</type>
      </item>
    </relatedBills>
    <updateDate>2018-02-06T16:44:00Z</updateDate>
    <committeeReports />
    <notes />
    <recordedVotes />
    <amendments />
    <createDate>2017-03-01T05:20:54Z</createDate>
    <committees>
      <billCommittees>
        <item>
          <name>Energy and Natural Resources Committee</name>
          <chamber>Senate</chamber>
          <type>Standing</type>
          <subcommittees />
          <systemCode>sseg00</systemCode>
          <activities>
            <item>
              <name>Referred to</name>
              <date>2017-02-28T20:55:20Z</date>
            </item>
          </activities>
        </item>
      </billCommittees>
    </committees>
    <cboCostEstimates />
    <billNumber>72</billNumber>
    <policyArea>
      <name>Civil Rights and Liberties, Minority Issues</name>
    </policyArea>
    <version>1.0.0</version>
    <billType>SRES</billType>
    <originChamber>Senate</originChamber>
    <actions>
      <actionByCounts>
        <senate>2</senate>
      </actionByCounts>
      <item>
        <actionDate>2017-02-28</actionDate>
        <committee>
          <name>Energy and Natural Resources Committee</name>
          <systemCode>sseg00</systemCode>
        </committee>
        <links>
          <link>
            <name>S1505</name>
            <url>https://www.congress.gov/congressional-record/volume-163/senate-section/page/S1505</url>
          </link>
        </links>
        <sourceSystem>
          <name>Senate</name>
          <code>0</code>
        </sourceSystem>
        <text>Referred to the Committee on Energy and Natural Resources. (text of measure as introduced: CR S1505)</text>
        <type>IntroReferral</type>
      </item>
      <item>
        <text>Introduced in Senate</text>
        <type>IntroReferral</type>
        <sourceSystem>
          <name>Library of Congress</name>
          <code>9</code>
        </sourceSystem>
        <committee />
        <actionCode>10000</actionCode>
        <actionDate>2017-02-28</actionDate>
        <links />
      </item>
      <actionTypeCounts>
        <referredToCommittee>1</referredToCommittee>
        <introducedInSenate>1</introducedInSenate>
      </actionTypeCounts>
    </actions>
    <sponsors>
      <item>
        <bioguideId>P000595</bioguideId>
        <party>D</party>
        <firstName>Gary</firstName>
        <middleName>C.</middleName>
        <byRequestType />
        <fullName>Sen. Peters, Gary C. [D-MI]</fullName>
        <identifiers>
          <lisID>1929</lisID>
          <bioguideId>P000595</bioguideId>
          <gpoId>7994</gpoId>
        </identifiers>
        <lastName>Peters</lastName>
        <state>MI</state>
      </item>
    </sponsors>
    <summaries>
      <billSummaries>
        <item>
          <versionCode>00</versionCode>
          <updateDate>2017-02-28T05:00:00Z</updateDate>
          <actionDate>2017-02-28</actionDate>
          <text><![CDATA[<p>Celebrates the history of the Detroit River with a 16-year commemoration of the International Underground Railroad Memorial Monument, comprised of the Gateway to Freedom Monument in Detroit, Michigan, and the Tower of Freedom Monument in Windsor, Ontario, Canada.</p> <p>Expresses support for the official recognition, by national and international entities, of the Detroit River as an area of historic importance to the history of the Underground Railroad and the fight for freedom.</p> <ul> </ul>]]></text>
          <actionDesc>Introduced in Senate</actionDesc>
          <lastSummaryUpdateDate>2017-03-04T17:07:54Z</lastSummaryUpdateDate>
          <name>Introduced in Senate</name>
        </item>
      </billSummaries>
    </summaries>
    <laws />
    <cosponsors>
      <item>
        <bioguideId>S000770</bioguideId>
        <sponsorshipDate>2017-02-28</sponsorshipDate>
        <isOriginalCosponsor>True</isOriginalCosponsor>
        <middleName>ANN</middleName>
        <sponsorshipWithdrawnDate />
        <firstName>DEBORAH</firstName>
        <lastName>STABENOW</lastName>
        <state>MI</state>
        <party>D</party>
        <identifiers>
          <lisID>1531</lisID>
          <bioguideId>S000770</bioguideId>
          <gpoId>8261</gpoId>
        </identifiers>
        <fullName>Sen. Stabenow, Debbie [D-MI]</fullName>
      </item>
    </cosponsors>
  </bill>
  <dublinCore xmlns:dc="http://purl.org/dc/elements/1.1/">
    <dc:format>text/xml</dc:format>
    <dc:language>EN</dc:language>
    <dc:rights>Pursuant to Title 17 Section 105 of the United States Code, this file is not subject to copyright protection and is in the public domain.</dc:rights>
    <dc:contributor>Congressional Research Service, Library of Congress</dc:contributor>
    <dc:description>This file contains bill summaries and statuses for federal legislation. A bill summary describes the most significant provisions of a piece of legislation and details the effects the legislative text may have on current law and federal programs. Bill summaries are authored by the Congressional Research Service (CRS) of the Library of Congress. As stated in Public Law 91-510 (2 USC 166 (d)(6)), one of the duties of CRS is "to prepare summaries and digests of bills and resolutions of a public general nature introduced in the Senate or House of Representatives". For more information, refer to the User Guide that accompanies this file.</dc:description>
  </dublinCore>
</billStatus>

