<?xml version="1.0" encoding="UTF-8"?>
<billStatus>
  <bill>
    <calendarNumbers />
    <congress>115</congress>
    <titles>
      <item>
        <chamberName />
        <titleType>Official Title as Introduced</titleType>
        <title>A resolution designating April 30, 2017, as El Dia de Los Ninos-Celebrating Young Americans.</title>
        <parentTitleType />
        <chamberCode />
      </item>
      <item>
        <chamberName />
        <titleType>Display Title</titleType>
        <title>A resolution designating April 30, 2017, as El Dia de Los Ninos-Celebrating Young Americans.</title>
        <parentTitleType />
        <chamberCode />
      </item>
    </titles>
    <introducedDate>2017-04-27</introducedDate>
    <latestAction>
      <actionDate>2017-04-27</actionDate>
      <text>Submitted in the Senate, considered, and agreed to without amendment and with a preamble by Unanimous Consent. (consideration: CR S2631; text: CR S2628)</text>
      <links />
    </latestAction>
    <title>A resolution designating April 30, 2017, as El Dia de Los Ninos-Celebrating Young Americans.</title>
    <subjects>
      <billSubjects>
        <policyArea>
          <name>Families</name>
        </policyArea>
        <legislativeSubjects>
          <item>
            <name>Child care and development</name>
          </item>
          <item>
            <name>Commemorative events and holidays</name>
          </item>
          <item>
            <name>Community life and organization</name>
          </item>
          <item>
            <name>Cultural exchanges and relations</name>
          </item>
          <item>
            <name>Family relationships</name>
          </item>
        </legislativeSubjects>
      </billSubjects>
    </subjects>
    <relatedBills>
      <item>
        <congress>115</congress>
        <latestAction>
          <actionDate>2017-04-27</actionDate>
          <text>Referred to the House Committee on Oversight and Government Reform.</text>
        </latestAction>
        <type>HRES</type>
        <latestTitle>Designating April 30, 2017, as El Dia de Los Ninos-Celebrating Young Americans.</latestTitle>
        <number>292</number>
        <relationshipDetails>
          <item>
            <type>Related bill</type>
            <identifiedBy>CRS</identifiedBy>
          </item>
        </relationshipDetails>
      </item>
    </relatedBills>
    <updateDate>2018-02-06T16:44:06Z</updateDate>
    <committeeReports />
    <notes />
    <recordedVotes />
    <amendments />
    <createDate>2017-04-28T00:41:40Z</createDate>
    <committees>
      <billCommittees />
    </committees>
    <cboCostEstimates />
    <billNumber>146</billNumber>
    <policyArea>
      <name>Families</name>
    </policyArea>
    <version>1.0.0</version>
    <billType>SRES</billType>
    <originChamber>Senate</originChamber>
    <actions>
      <actionTypeCounts>
        <passedAgreedToInSenate>1</passedAgreedToInSenate>
        <passedOrAgreedToInSenateDayOf>1</passedOrAgreedToInSenateDayOf>
        <introducedInSenate>1</introducedInSenate>
      </actionTypeCounts>
      <item>
        <actionDate>2017-04-27</actionDate>
        <committee />
        <links>
          <link>
            <name>S2628</name>
            <url>https://www.congress.gov/congressional-record/volume-163/senate-section/page/S2628</url>
          </link>
          <link>
            <name>S2631</name>
            <url>https://www.congress.gov/congressional-record/volume-163/senate-section/page/S2631</url>
          </link>
        </links>
        <sourceSystem>
          <name>Senate</name>
          <code>0</code>
        </sourceSystem>
        <text>Submitted in the Senate, considered, and agreed to without amendment and with a preamble by Unanimous Consent. (consideration: CR S2631; text: CR S2628)</text>
        <type>Floor</type>
      </item>
      <item>
        <type>Floor</type>
        <links>
          <link>
            <name>S2628</name>
            <url>https://www.congress.gov/congressional-record/volume-163/senate-section/page/S2628</url>
          </link>
          <link>
            <name>S2631</name>
            <url>https://www.congress.gov/congressional-record/volume-163/senate-section/page/S2631</url>
          </link>
        </links>
        <text>Passed/agreed to in Senate: Submitted in the Senate, considered, and agreed to without amendment and with a preamble by Unanimous Consent.(consideration: CR S2631; text: CR S2628)</text>
        <committee />
        <actionDate>2017-04-27</actionDate>
        <sourceSystem>
          <name>Library of Congress</name>
          <code>9</code>
        </sourceSystem>
        <actionCode>17000</actionCode>
      </item>
      <item>
        <type>IntroReferral</type>
        <links />
        <text>Introduced in Senate</text>
        <committee />
        <actionDate>2017-04-27</actionDate>
        <sourceSystem>
          <name>Library of Congress</name>
          <code>9</code>
        </sourceSystem>
        <actionCode>10000</actionCode>
      </item>
      <actionByCounts>
        <senate>3</senate>
      </actionByCounts>
    </actions>
    <sponsors>
      <item>
        <bioguideId>M000639</bioguideId>
        <party>D</party>
        <firstName>ROBERT</firstName>
        <middleName />
        <byRequestType />
        <fullName>Sen. Menendez, Robert [D-NJ]</fullName>
        <identifiers>
          <lisID>791</lisID>
          <gpoId>8239</gpoId>
          <bioguideId>M000639</bioguideId>
        </identifiers>
        <lastName>MENENDEZ</lastName>
        <state>NJ</state>
      </item>
    </sponsors>
    <summaries>
      <billSummaries>
        <item>
          <text><![CDATA[<p>Designates April 30, 2017, as &quot;El Dia de Los Ninos: Celebrating Young Americans.&quot;</p>]]></text>
          <versionCode>00</versionCode>
          <actionDate>2017-04-27</actionDate>
          <name>Introduced in Senate</name>
          <actionDesc>Introduced in Senate</actionDesc>
          <lastSummaryUpdateDate>2017-08-26T18:21:22Z</lastSummaryUpdateDate>
          <updateDate>2017-04-27T04:00:00Z</updateDate>
        </item>
        <item>
          <text><![CDATA[<p>(This measure has not been amended since it was introduced. The summary of that version is repeated here.)</p> <p>Designates April 30, 2017, as &quot;El Dia de Los Ninos: Celebrating Young Americans.&quot;</p>]]></text>
          <versionCode>82</versionCode>
          <actionDate>2017-04-27</actionDate>
          <name>Passed Senate without amendment</name>
          <actionDesc>Passed Senate without amendment</actionDesc>
          <lastSummaryUpdateDate>2017-08-26T18:21:33Z</lastSummaryUpdateDate>
          <updateDate>2017-04-27T12:04:41Z</updateDate>
        </item>
      </billSummaries>
    </summaries>
    <laws />
    <cosponsors>
      <item>
        <isOriginalCosponsor>True</isOriginalCosponsor>
        <fullName>Sen. Flake, Jeff [R-AZ]</fullName>
        <firstName>JEFF</firstName>
        <identifiers>
          <lisID>1633</lisID>
          <gpoId>7803</gpoId>
          <bioguideId>F000444</bioguideId>
        </identifiers>
        <party>R</party>
        <sponsorshipDate>2017-04-27</sponsorshipDate>
        <lastName>FLAKE</lastName>
        <bioguideId>F000444</bioguideId>
        <state>AZ</state>
        <middleName />
        <sponsorshipWithdrawnDate />
      </item>
      <item>
        <isOriginalCosponsor>True</isOriginalCosponsor>
        <fullName>Sen. Cortez Masto, Catherine  [D-NV]</fullName>
        <firstName>Catherine</firstName>
        <identifiers>
          <gpoId />
          <bioguideId>C001113</bioguideId>
          <lisID>2299</lisID>
        </identifiers>
        <party>D</party>
        <sponsorshipDate>2017-04-27</sponsorshipDate>
        <lastName>Cortez Masto</lastName>
        <bioguideId>C001113</bioguideId>
        <state>NV</state>
        <middleName />
        <sponsorshipWithdrawnDate />
      </item>
      <item>
        <isOriginalCosponsor>True</isOriginalCosponsor>
        <fullName>Sen. Crapo, Mike [R-ID]</fullName>
        <firstName>MICHAEL</firstName>
        <identifiers>
          <bioguideId>C000880</bioguideId>
          <lisID>250</lisID>
          <gpoId>8289</gpoId>
        </identifiers>
        <party>R</party>
        <sponsorshipDate>2017-04-27</sponsorshipDate>
        <lastName>CRAPO</lastName>
        <bioguideId>C000880</bioguideId>
        <state>ID</state>
        <middleName>D.</middleName>
        <sponsorshipWithdrawnDate />
      </item>
      <item>
        <isOriginalCosponsor>True</isOriginalCosponsor>
        <fullName>Sen. Duckworth, Tammy [D-IL]</fullName>
        <firstName>Tammy</firstName>
        <identifiers>
          <lisID>2123</lisID>
          <bioguideId>D000622</bioguideId>
          <gpoId />
        </identifiers>
        <party>D</party>
        <sponsorshipDate>2017-04-27</sponsorshipDate>
        <lastName>Duckworth</lastName>
        <bioguideId>D000622</bioguideId>
        <state>IL</state>
        <middleName />
        <sponsorshipWithdrawnDate />
      </item>
      <item>
        <isOriginalCosponsor>True</isOriginalCosponsor>
        <fullName>Sen. Heinrich, Martin [D-NM]</fullName>
        <firstName>Martin</firstName>
        <identifiers>
          <lisID>1937</lisID>
          <bioguideId>H001046</bioguideId>
          <gpoId>8056</gpoId>
        </identifiers>
        <party>D</party>
        <sponsorshipDate>2017-04-27</sponsorshipDate>
        <lastName>Heinrich</lastName>
        <bioguideId>H001046</bioguideId>
        <state>NM</state>
        <middleName />
        <sponsorshipWithdrawnDate />
      </item>
      <item>
        <isOriginalCosponsor>True</isOriginalCosponsor>
        <fullName>Sen. McCain, John [R-AZ]</fullName>
        <firstName>JOHN</firstName>
        <identifiers>
          <lisID>754</lisID>
          <gpoId>8253</gpoId>
          <bioguideId>M000303</bioguideId>
        </identifiers>
        <party>R</party>
        <sponsorshipDate>2017-04-27</sponsorshipDate>
        <lastName>MCCAIN</lastName>
        <bioguideId>M000303</bioguideId>
        <state>AZ</state>
        <middleName>SIDNEY</middleName>
        <sponsorshipWithdrawnDate />
      </item>
      <item>
        <isOriginalCosponsor>True</isOriginalCosponsor>
        <fullName>Sen. Murray, Patty [D-WA]</fullName>
        <firstName>PATTY</firstName>
        <identifiers>
          <bioguideId>M001111</bioguideId>
          <gpoId>8237</gpoId>
          <lisID>1409</lisID>
        </identifiers>
        <party>D</party>
        <sponsorshipDate>2017-04-27</sponsorshipDate>
        <lastName>MURRAY</lastName>
        <bioguideId>M001111</bioguideId>
        <state>WA</state>
        <middleName />
        <sponsorshipWithdrawnDate />
      </item>
      <item>
        <isOriginalCosponsor>True</isOriginalCosponsor>
        <fullName>Sen. Reed, Jack [D-RI]</fullName>
        <firstName>JOHN</firstName>
        <identifiers>
          <lisID>949</lisID>
          <bioguideId>R000122</bioguideId>
          <gpoId>8272</gpoId>
        </identifiers>
        <party>D</party>
        <sponsorshipDate>2017-04-27</sponsorshipDate>
        <lastName>REED</lastName>
        <bioguideId>R000122</bioguideId>
        <state>RI</state>
        <middleName>F.</middleName>
        <sponsorshipWithdrawnDate />
      </item>
      <item>
        <isOriginalCosponsor>True</isOriginalCosponsor>
        <fullName>Sen. Booker, Cory A. [D-NJ]</fullName>
        <firstName>Cory</firstName>
        <identifiers>
          <gpoId />
          <lisID>2194</lisID>
          <bioguideId>B001288</bioguideId>
        </identifiers>
        <party>D</party>
        <sponsorshipDate>2017-04-27</sponsorshipDate>
        <lastName>Booker</lastName>
        <bioguideId>B001288</bioguideId>
        <state>NJ</state>
        <middleName>A.</middleName>
        <sponsorshipWithdrawnDate />
      </item>
    </cosponsors>
  </bill>
  <dublinCore xmlns:dc="http://purl.org/dc/elements/1.1/">
    <dc:format>text/xml</dc:format>
    <dc:language>EN</dc:language>
    <dc:rights>Pursuant to Title 17 Section 105 of the United States Code, this file is not subject to copyright protection and is in the public domain.</dc:rights>
    <dc:contributor>Congressional Research Service, Library of Congress</dc:contributor>
    <dc:description>This file contains bill summaries and statuses for federal legislation. A bill summary describes the most significant provisions of a piece of legislation and details the effects the legislative text may have on current law and federal programs. Bill summaries are authored by the Congressional Research Service (CRS) of the Library of Congress. As stated in Public Law 91-510 (2 USC 166 (d)(6)), one of the duties of CRS is "to prepare summaries and digests of bills and resolutions of a public general nature introduced in the Senate or House of Representatives". For more information, refer to the User Guide that accompanies this file.</dc:description>
  </dublinCore>
</billStatus>

