<?xml version="1.0" encoding="UTF-8"?>
<billStatus>
  <bill>
    <relatedBills />
    <originChamber>Senate</originChamber>
    <recordedVotes />
    <latestAction>
      <text>Submitted in the Senate, considered, and agreed to without amendment and with a preamble by Voice Vote. (consideration: CR S2685; text: CR S2682-2683)</text>
      <links />
      <actionDate>2017-05-02</actionDate>
    </latestAction>
    <createDate>2017-05-03T00:26:43Z</createDate>
    <title>A resolution supporting the goals and ideals of World Malaria Day.</title>
    <summaries>
      <billSummaries>
        <item>
          <updateDate>2017-05-02T04:00:00Z</updateDate>
          <actionDesc>Introduced in Senate</actionDesc>
          <versionCode>00</versionCode>
          <name>Introduced in Senate</name>
          <text><![CDATA[<p> Supports the ideals of World Malaria Day. </p> <p>Recognizes the importance of reducing malaria to improve child and maternal health, especially in sub-Saharan Africa.</p> <p>Commends the progress made toward reducing global malaria prevalence and deaths, particularly through the efforts of the President's Malaria Initiative and the Global Fund to Fight AIDS, Tuberculosis, and Malaria.</p> <p>Welcomes public-private partnerships to develop more effective and affordable tools for malaria diagnosis, treatment, and vaccination.</p> <p>Recognizes the goals to combat malaria in the Tom Lantos and Henry J. Hyde United States Global Leadership Against HIV/AIDS, Tuberculosis, and Malaria Reauthorization Act of 2008.</p> <p>Supports continued U.S. leadership in bilateral, multilateral, and private sector efforts to combat malaria and to work with developing countries to create long-term strategies to increase ownership over malaria programs.</p> <p>Encourages members of the international community to sustain and increase their support for efforts to combat malaria.</p>]]></text>
          <lastSummaryUpdateDate>2017-06-01T19:47:53Z</lastSummaryUpdateDate>
          <actionDate>2017-05-02</actionDate>
        </item>
        <item>
          <updateDate>2017-05-02T18:13:21Z</updateDate>
          <actionDesc>Passed House without amendment</actionDesc>
          <versionCode>81</versionCode>
          <name>Passed House without amendment</name>
          <text><![CDATA[<p> Supports the ideals of World Malaria Day. </p> <p>Recognizes the importance of reducing malaria to improve child and maternal health, especially in sub-Saharan Africa.</p> <p>Commends the progress made toward reducing global malaria prevalence and deaths, particularly through the efforts of the President's Malaria Initiative and the Global Fund to Fight AIDS, Tuberculosis, and Malaria.</p> <p>Welcomes public-private partnerships to develop more effective and affordable tools for malaria diagnosis, treatment, and vaccination.</p> <p>Recognizes the goals to combat malaria in the Tom Lantos and Henry J. Hyde United States Global Leadership Against HIV/AIDS, Tuberculosis, and Malaria Reauthorization Act of 2008.</p> <p>Supports continued U.S. leadership in bilateral, multilateral, and private sector efforts to combat malaria and to work with developing countries to create long-term strategies to increase ownership over malaria programs.</p> <p>Encourages members of the international community to sustain and increase their support for efforts to combat malaria.</p>]]></text>
          <lastSummaryUpdateDate>2017-06-01T19:48:37Z</lastSummaryUpdateDate>
          <actionDate>2017-05-02</actionDate>
        </item>
      </billSummaries>
    </summaries>
    <actions>
      <actionByCounts>
        <senate>3</senate>
      </actionByCounts>
      <actionTypeCounts>
        <passedAgreedToInSenate>1</passedAgreedToInSenate>
        <introducedInSenate>1</introducedInSenate>
        <passedOrAgreedToInSenateDayOf>1</passedOrAgreedToInSenateDayOf>
      </actionTypeCounts>
      <item>
        <actionDate>2017-05-02</actionDate>
        <committee />
        <links>
          <link>
            <name>S2682-2683</name>
            <url>https://www.congress.gov/congressional-record/volume-163/senate-section/page/S2682-2683</url>
          </link>
          <link>
            <name>S2685</name>
            <url>https://www.congress.gov/congressional-record/volume-163/senate-section/page/S2685</url>
          </link>
        </links>
        <sourceSystem>
          <name>Senate</name>
          <code>0</code>
        </sourceSystem>
        <text>Submitted in the Senate, considered, and agreed to without amendment and with a preamble by Voice Vote. (consideration: CR S2685; text: CR S2682-2683)</text>
        <type>Floor</type>
      </item>
      <item>
        <sourceSystem>
          <name>Library of Congress</name>
          <code>9</code>
        </sourceSystem>
        <actionDate>2017-05-02</actionDate>
        <text>Passed/agreed to in Senate: Submitted in the Senate, considered, and agreed to without amendment and with a preamble by Voice Vote.(consideration: CR S2685; text: CR S2682-2683)</text>
        <type>Floor</type>
        <links>
          <link>
            <name>S2682-2683</name>
            <url>https://www.congress.gov/congressional-record/volume-163/senate-section/page/S2682-2683</url>
          </link>
          <link>
            <name>S2685</name>
            <url>https://www.congress.gov/congressional-record/volume-163/senate-section/page/S2685</url>
          </link>
        </links>
        <committee />
        <actionCode>17000</actionCode>
      </item>
      <item>
        <sourceSystem>
          <name>Library of Congress</name>
          <code>9</code>
        </sourceSystem>
        <actionDate>2017-05-02</actionDate>
        <text>Introduced in Senate</text>
        <type>IntroReferral</type>
        <links />
        <committee />
        <actionCode>10000</actionCode>
      </item>
    </actions>
    <updateDate>2018-02-06T16:44:06Z</updateDate>
    <amendments />
    <notes />
    <sponsors>
      <item>
        <bioguideId>W000437</bioguideId>
        <middleName>F.</middleName>
        <byRequestType />
        <firstName>ROGER</firstName>
        <lastName>WICKER</lastName>
        <state>MS</state>
        <party>R</party>
        <identifiers>
          <lisID>1226</lisID>
          <gpoId>8263</gpoId>
          <bioguideId>W000437</bioguideId>
        </identifiers>
        <fullName>Sen. Wicker, Roger F. [R-MS]</fullName>
      </item>
    </sponsors>
    <committees>
      <billCommittees />
    </committees>
    <cosponsors>
      <item>
        <fullName>Sen. Coons, Christopher A. [D-DE]</fullName>
        <lastName>Coons</lastName>
        <bioguideId>C001088</bioguideId>
        <isOriginalCosponsor>True</isOriginalCosponsor>
        <middleName>A.</middleName>
        <state>DE</state>
        <firstName>Christopher</firstName>
        <sponsorshipDate>2017-05-02</sponsorshipDate>
        <sponsorshipWithdrawnDate />
        <party>D</party>
        <identifiers>
          <lisID>1984</lisID>
          <bioguideId>C001088</bioguideId>
          <gpoId>8297</gpoId>
        </identifiers>
      </item>
    </cosponsors>
    <laws />
    <policyArea>
      <name>International Affairs</name>
    </policyArea>
    <cboCostEstimates />
    <billNumber>149</billNumber>
    <congress>115</congress>
    <version>1.0.0</version>
    <introducedDate>2017-05-02</introducedDate>
    <committeeReports />
    <titles>
      <item>
        <chamberName />
        <parentTitleType />
        <chamberCode />
        <titleType>Official Title as Introduced</titleType>
        <title>A resolution supporting the goals and ideals of World Malaria Day.</title>
      </item>
      <item>
        <chamberName />
        <parentTitleType />
        <chamberCode />
        <titleType>Display Title</titleType>
        <title>A resolution supporting the goals and ideals of World Malaria Day.</title>
      </item>
    </titles>
    <calendarNumbers />
    <subjects>
      <billSubjects>
        <policyArea>
          <name>International Affairs</name>
        </policyArea>
        <legislativeSubjects>
          <item>
            <name>Africa</name>
          </item>
          <item>
            <name>Child health</name>
          </item>
          <item>
            <name>Commemorative events and holidays</name>
          </item>
          <item>
            <name>Congressional tributes</name>
          </item>
          <item>
            <name>Foreign aid and international relief</name>
          </item>
          <item>
            <name>HIV/AIDS</name>
          </item>
          <item>
            <name>Health programs administration and funding</name>
          </item>
          <item>
            <name>Health promotion and preventive care</name>
          </item>
          <item>
            <name>Immunology and vaccination</name>
          </item>
          <item>
            <name>Infectious and parasitic diseases</name>
          </item>
          <item>
            <name>Public-private cooperation</name>
          </item>
          <item>
            <name>Women's health</name>
          </item>
          <item>
            <name>World health</name>
          </item>
        </legislativeSubjects>
      </billSubjects>
    </subjects>
    <billType>SRES</billType>
  </bill>
  <dublinCore xmlns:dc="http://purl.org/dc/elements/1.1/">
    <dc:format>text/xml</dc:format>
    <dc:language>EN</dc:language>
    <dc:rights>Pursuant to Title 17 Section 105 of the United States Code, this file is not subject to copyright protection and is in the public domain.</dc:rights>
    <dc:contributor>Congressional Research Service, Library of Congress</dc:contributor>
    <dc:description>This file contains bill summaries and statuses for federal legislation. A bill summary describes the most significant provisions of a piece of legislation and details the effects the legislative text may have on current law and federal programs. Bill summaries are authored by the Congressional Research Service (CRS) of the Library of Congress. As stated in Public Law 91-510 (2 USC 166 (d)(6)), one of the duties of CRS is "to prepare summaries and digests of bills and resolutions of a public general nature introduced in the Senate or House of Representatives". For more information, refer to the User Guide that accompanies this file.</dc:description>
  </dublinCore>
</billStatus>

