<?xml version="1.0" encoding="UTF-8"?>
<billStatus>
  <bill>
    <originChamber>Senate</originChamber>
    <introducedDate>2017-10-26</introducedDate>
    <cosponsors>
      <item>
        <bioguideId>M001176</bioguideId>
        <sponsorshipDate>2017-10-26</sponsorshipDate>
        <isOriginalCosponsor>True</isOriginalCosponsor>
        <middleName />
        <sponsorshipWithdrawnDate />
        <firstName>Jeff</firstName>
        <lastName>Merkley</lastName>
        <state>OR</state>
        <party>D</party>
        <identifiers>
          <bioguideId>M001176</bioguideId>
          <gpoId>8238</gpoId>
          <lisID>1900</lisID>
        </identifiers>
        <fullName>Sen. Merkley, Jeff [D-OR]</fullName>
      </item>
    </cosponsors>
    <billType>SRES</billType>
    <recordedVotes />
    <laws />
    <committeeReports />
    <actions>
      <item>
        <actionDate>2017-10-26</actionDate>
        <committee>
          <systemCode>sscm00</systemCode>
          <name>Commerce, Science, and Transportation Committee</name>
        </committee>
        <links>
          <link>
            <url>https://www.congress.gov/congressional-record/volume-163/senate-section/page/S6858</url>
            <name>S6858</name>
          </link>
        </links>
        <sourceSystem>
          <code>0</code>
          <name>Senate</name>
        </sourceSystem>
        <text>Referred to the Committee on Commerce, Science, and Transportation. (text of measure as introduced: CR S6858)</text>
        <type>IntroReferral</type>
      </item>
      <item>
        <committee />
        <sourceSystem>
          <code>9</code>
          <name>Library of Congress</name>
        </sourceSystem>
        <actionDate>2017-10-26</actionDate>
        <text>Introduced in Senate</text>
        <links />
        <type>IntroReferral</type>
        <actionCode>10000</actionCode>
      </item>
      <actionByCounts>
        <senate>2</senate>
      </actionByCounts>
      <actionTypeCounts>
        <referredToCommittee>1</referredToCommittee>
        <introducedInSenate>1</introducedInSenate>
      </actionTypeCounts>
    </actions>
    <createDate>2017-10-27T00:41:21Z</createDate>
    <version>1.0.0</version>
    <notes />
    <latestAction>
      <actionDate>2017-10-26</actionDate>
      <text>Referred to the Committee on Commerce, Science, and Transportation. (text of measure as introduced: CR S6858)</text>
      <links />
    </latestAction>
    <title>A resolution honoring the Portland Thorns FC as the champion of the National Women's Soccer League in 2017.</title>
    <summaries>
      <billSummaries>
        <item>
          <text><![CDATA[<p>Honors the Portland Thorns FC as the 2017 champion of the National Women's Soccer League.</p>]]></text>
          <name>Introduced in Senate</name>
          <lastSummaryUpdateDate>2018-01-03T22:58:29Z</lastSummaryUpdateDate>
          <versionCode>00</versionCode>
          <actionDesc>Introduced in Senate</actionDesc>
          <updateDate>2017-10-26T04:00:00Z</updateDate>
          <actionDate>2017-10-26</actionDate>
        </item>
      </billSummaries>
    </summaries>
    <congress>115</congress>
    <policyArea>
      <name>Sports and Recreation</name>
    </policyArea>
    <billNumber>311</billNumber>
    <calendarNumbers />
    <cboCostEstimates />
    <subjects>
      <billSubjects>
        <policyArea>
          <name>Sports and Recreation</name>
        </policyArea>
        <legislativeSubjects />
      </billSubjects>
    </subjects>
    <relatedBills>
      <item>
        <latestTitle>Honoring the Portland Thorns FC, the 2017 champions of the National Women's Soccer League.</latestTitle>
        <number>589</number>
        <latestAction>
          <actionDate>2017-10-26</actionDate>
          <text>Referred to the House Committee on Oversight and Government Reform.</text>
        </latestAction>
        <congress>115</congress>
        <relationshipDetails>
          <item>
            <identifiedBy>CRS</identifiedBy>
            <type>Related bill</type>
          </item>
        </relationshipDetails>
        <type>HRES</type>
      </item>
      <item>
        <latestTitle>A resolution honoring the Portland Thorns FC as the champion of the National Women's Soccer League in 2017.</latestTitle>
        <number>318</number>
        <latestAction>
          <actionDate>2017-11-14</actionDate>
          <text>Resolution agreed to in Senate without amendment and an amended preamble by Unanimous Consent. (text: CR S7221)</text>
        </latestAction>
        <congress>115</congress>
        <relationshipDetails>
          <item>
            <identifiedBy>CRS</identifiedBy>
            <type>Related bill</type>
          </item>
        </relationshipDetails>
        <type>SRES</type>
      </item>
    </relatedBills>
    <committees>
      <billCommittees>
        <item>
          <chamber>Senate</chamber>
          <subcommittees />
          <type>Standing</type>
          <activities>
            <item>
              <date>2017-10-26T18:54:28Z</date>
              <name>Referred to</name>
            </item>
          </activities>
          <systemCode>sscm00</systemCode>
          <name>Commerce, Science, and Transportation Committee</name>
        </item>
      </billCommittees>
    </committees>
    <titles>
      <item>
        <chamberCode />
        <titleType>Official Title as Introduced</titleType>
        <parentTitleType />
        <chamberName />
        <title>A resolution honoring the Portland Thorns FC as the champion of the National Women's Soccer League in 2017.</title>
      </item>
      <item>
        <chamberCode />
        <titleType>Display Title</titleType>
        <parentTitleType />
        <chamberName />
        <title>A resolution honoring the Portland Thorns FC as the champion of the National Women's Soccer League in 2017.</title>
      </item>
    </titles>
    <sponsors>
      <item>
        <fullName>Sen. Wyden, Ron [D-OR]</fullName>
        <middleName />
        <state>OR</state>
        <byRequestType />
        <firstName>RON</firstName>
        <bioguideId>W000779</bioguideId>
        <party>D</party>
        <lastName>WYDEN</lastName>
        <identifiers>
          <bioguideId>W000779</bioguideId>
          <gpoId>8265</gpoId>
          <lisID>1247</lisID>
        </identifiers>
      </item>
    </sponsors>
    <updateDate>2018-02-06T16:44:16Z</updateDate>
    <amendments />
  </bill>
  <dublinCore xmlns:dc="http://purl.org/dc/elements/1.1/">
    <dc:format>text/xml</dc:format>
    <dc:language>EN</dc:language>
    <dc:rights>Pursuant to Title 17 Section 105 of the United States Code, this file is not subject to copyright protection and is in the public domain.</dc:rights>
    <dc:contributor>Congressional Research Service, Library of Congress</dc:contributor>
    <dc:description>This file contains bill summaries and statuses for federal legislation. A bill summary describes the most significant provisions of a piece of legislation and details the effects the legislative text may have on current law and federal programs. Bill summaries are authored by the Congressional Research Service (CRS) of the Library of Congress. As stated in Public Law 91-510 (2 USC 166 (d)(6)), one of the duties of CRS is "to prepare summaries and digests of bills and resolutions of a public general nature introduced in the Senate or House of Representatives". For more information, refer to the User Guide that accompanies this file.</dc:description>
  </dublinCore>
</billStatus>

