<?xml version="1.0" encoding="UTF-8"?>
<billStatus>
  <bill>
    <updateDate>2018-02-28T19:18:00Z</updateDate>
    <cboCostEstimates />
    <latestAction>
      <text>Submitted in the Senate, considered, and agreed to without amendment and with a preamble by Unanimous Consent. (consideration: CR S1189; text: CR S1169-1170)</text>
      <links />
      <actionDate>2018-02-15</actionDate>
    </latestAction>
    <billNumber>413</billNumber>
    <committeeReports />
    <title>A resolution celebrating Black History Month.</title>
    <summaries>
      <billSummaries>
        <item>
          <actionDesc>Introduced in Senate</actionDesc>
          <actionDate>2018-02-15</actionDate>
          <name>Introduced in Senate</name>
          <versionCode>00</versionCode>
          <text><![CDATA[<p>Recognizes Black History Month as an opportunity to reflect on U.S. history and to commemorate the contributions of African Americans. </p> <p>Calls for the United States to: (1) honor the contribution of pioneers who helped to ensure its legacy; and (2) move forward as a nation "indivisible, with liberty and justice for all."</p>]]></text>
          <updateDate>2018-02-15T05:00:00Z</updateDate>
          <lastSummaryUpdateDate>2018-02-21T21:14:52Z</lastSummaryUpdateDate>
        </item>
        <item>
          <actionDesc>Passed Senate without amendment</actionDesc>
          <actionDate>2018-02-15</actionDate>
          <name>Passed Senate without amendment</name>
          <versionCode>82</versionCode>
          <text><![CDATA[<p>(This measure has not been amended since it was introduced. The summary of that version is repeated here.)</p> <p>Recognizes Black History Month as an opportunity to reflect on U.S. history and to commemorate the contributions of African Americans. </p> <p>Calls for the United States to: (1) honor the contribution of pioneers who helped to ensure its legacy; and (2) move forward as a nation "indivisible, with liberty and justice for all."</p>]]></text>
          <updateDate>2018-02-15T13:21:13Z</updateDate>
          <lastSummaryUpdateDate>2018-02-28T15:47:09Z</lastSummaryUpdateDate>
        </item>
      </billSummaries>
    </summaries>
    <billType>SRES</billType>
    <relatedBills>
      <item>
        <congress>115</congress>
        <number>69</number>
        <type>SRES</type>
        <latestTitle>A resolution celebrating Black History Month.</latestTitle>
        <latestAction>
          <text>Submitted in the Senate, considered, and agreed to without amendment and with a preamble by Unanimous Consent. (consideration: CR S1452-1453, S1454; text as passed Senate: CR S1452-1453)</text>
          <actionDate>2017-02-27</actionDate>
        </latestAction>
        <relationshipDetails>
          <item>
            <type>Related bill</type>
            <identifiedBy>CRS</identifiedBy>
          </item>
        </relationshipDetails>
      </item>
    </relatedBills>
    <calendarNumbers />
    <subjects>
      <billSubjects>
        <legislativeSubjects>
          <item>
            <name>Commemorative events and holidays</name>
          </item>
          <item>
            <name>Congressional tributes</name>
          </item>
          <item>
            <name>Ethnic studies</name>
          </item>
          <item>
            <name>Racial and ethnic relations</name>
          </item>
          <item>
            <name>U.S. history</name>
          </item>
        </legislativeSubjects>
        <policyArea>
          <name>Civil Rights and Liberties, Minority Issues</name>
        </policyArea>
      </billSubjects>
    </subjects>
    <policyArea>
      <name>Civil Rights and Liberties, Minority Issues</name>
    </policyArea>
    <committees>
      <billCommittees />
    </committees>
    <createDate>2018-02-18T21:46:27Z</createDate>
    <laws />
    <recordedVotes />
    <cosponsors>
      <item>
        <bioguideId>C000567</bioguideId>
        <firstName>Thad</firstName>
        <sponsorshipDate>2018-02-15</sponsorshipDate>
        <party>R</party>
        <sponsorshipWithdrawnDate />
        <identifiers>
          <gpoId>8292</gpoId>
          <bioguideId>C000567</bioguideId>
          <lisID>213</lisID>
        </identifiers>
        <lastName>Cochran</lastName>
        <state>MS</state>
        <isOriginalCosponsor>True</isOriginalCosponsor>
        <fullName>Sen. Cochran, Thad [R-MS]</fullName>
        <middleName />
      </item>
      <item>
        <bioguideId>G000555</bioguideId>
        <firstName>Kirsten</firstName>
        <sponsorshipDate>2018-02-15</sponsorshipDate>
        <party>D</party>
        <sponsorshipWithdrawnDate />
        <identifiers>
          <gpoId>8336</gpoId>
          <bioguideId>G000555</bioguideId>
          <lisID>1866</lisID>
        </identifiers>
        <lastName>Gillibrand</lastName>
        <state>NY</state>
        <isOriginalCosponsor>True</isOriginalCosponsor>
        <fullName>Sen. Gillibrand, Kirsten E. [D-NY]</fullName>
        <middleName>E.</middleName>
      </item>
      <item>
        <bioguideId>S001184</bioguideId>
        <firstName>Tim</firstName>
        <sponsorshipDate>2018-02-15</sponsorshipDate>
        <party>R</party>
        <sponsorshipWithdrawnDate />
        <identifiers>
          <bioguideId>S001184</bioguideId>
          <lisID>2056</lisID>
          <gpoId>8141</gpoId>
        </identifiers>
        <lastName>Scott</lastName>
        <state>SC</state>
        <isOriginalCosponsor>True</isOriginalCosponsor>
        <fullName>Sen. Scott, Tim [R-SC]</fullName>
        <middleName />
      </item>
      <item>
        <bioguideId>H001075</bioguideId>
        <firstName>Kamala</firstName>
        <sponsorshipDate>2018-02-15</sponsorshipDate>
        <party>D</party>
        <sponsorshipWithdrawnDate />
        <identifiers>
          <gpoId />
          <bioguideId>H001075</bioguideId>
          <lisID>2301</lisID>
        </identifiers>
        <lastName>Harris</lastName>
        <state>CA</state>
        <isOriginalCosponsor>True</isOriginalCosponsor>
        <fullName>Sen. Harris, Kamala D. [D-CA]</fullName>
        <middleName>D.</middleName>
      </item>
      <item>
        <bioguideId>J000300</bioguideId>
        <firstName>Doug</firstName>
        <sponsorshipDate>2018-02-15</sponsorshipDate>
        <party>D</party>
        <sponsorshipWithdrawnDate />
        <identifiers>
          <bioguideId>J000300</bioguideId>
          <gpoId />
          <lisID>2364</lisID>
        </identifiers>
        <lastName>Jones</lastName>
        <state>AL</state>
        <isOriginalCosponsor>True</isOriginalCosponsor>
        <fullName>Sen. Jones, Doug  [D-AL]</fullName>
        <middleName />
      </item>
      <item>
        <bioguideId>C000127</bioguideId>
        <firstName>MARIA</firstName>
        <sponsorshipDate>2018-02-15</sponsorshipDate>
        <party>D</party>
        <sponsorshipWithdrawnDate />
        <identifiers>
          <bioguideId>C000127</bioguideId>
          <lisID>172</lisID>
          <gpoId>8288</gpoId>
        </identifiers>
        <lastName>CANTWELL</lastName>
        <state>WA</state>
        <isOriginalCosponsor>True</isOriginalCosponsor>
        <fullName>Sen. Cantwell, Maria [D-WA]</fullName>
        <middleName />
      </item>
      <item>
        <bioguideId>W000802</bioguideId>
        <firstName>Sheldon</firstName>
        <sponsorshipDate>2018-02-15</sponsorshipDate>
        <party>D</party>
        <sponsorshipWithdrawnDate />
        <identifiers>
          <gpoId>8264</gpoId>
          <lisID>1823</lisID>
          <bioguideId>W000802</bioguideId>
        </identifiers>
        <lastName>Whitehouse</lastName>
        <state>RI</state>
        <isOriginalCosponsor>True</isOriginalCosponsor>
        <fullName>Sen. Whitehouse, Sheldon [D-RI]</fullName>
        <middleName />
      </item>
      <item>
        <bioguideId>C001113</bioguideId>
        <firstName>Catherine</firstName>
        <sponsorshipDate>2018-02-15</sponsorshipDate>
        <party>D</party>
        <sponsorshipWithdrawnDate />
        <identifiers>
          <gpoId />
          <lisID>2299</lisID>
          <bioguideId>C001113</bioguideId>
        </identifiers>
        <lastName>Cortez Masto</lastName>
        <state>NV</state>
        <isOriginalCosponsor>True</isOriginalCosponsor>
        <fullName>Sen. Cortez Masto, Catherine  [D-NV]</fullName>
        <middleName />
      </item>
      <item>
        <bioguideId>M001169</bioguideId>
        <firstName>Christopher</firstName>
        <sponsorshipDate>2018-02-15</sponsorshipDate>
        <party>D</party>
        <sponsorshipWithdrawnDate />
        <identifiers>
          <lisID>1837</lisID>
          <gpoId>7870</gpoId>
          <bioguideId>M001169</bioguideId>
        </identifiers>
        <lastName>Murphy</lastName>
        <state>CT</state>
        <isOriginalCosponsor>True</isOriginalCosponsor>
        <fullName>Sen. Murphy, Christopher [D-CT]</fullName>
        <middleName />
      </item>
      <item>
        <bioguideId>F000062</bioguideId>
        <firstName>DIANNE</firstName>
        <sponsorshipDate>2018-02-15</sponsorshipDate>
        <party>D</party>
        <sponsorshipWithdrawnDate />
        <identifiers>
          <bioguideId>F000062</bioguideId>
          <lisID>1332</lisID>
          <gpoId>8338</gpoId>
        </identifiers>
        <lastName>FEINSTEIN</lastName>
        <state>CA</state>
        <isOriginalCosponsor>True</isOriginalCosponsor>
        <fullName>Sen. Feinstein, Dianne [D-CA]</fullName>
        <middleName />
      </item>
      <item>
        <bioguideId>S001203</bioguideId>
        <firstName>Tina</firstName>
        <sponsorshipDate>2018-02-15</sponsorshipDate>
        <party>D</party>
        <sponsorshipWithdrawnDate />
        <identifiers>
          <bioguideId>S001203</bioguideId>
          <lisID>2365</lisID>
          <gpoId />
        </identifiers>
        <lastName>Smith</lastName>
        <state>MN</state>
        <isOriginalCosponsor>True</isOriginalCosponsor>
        <fullName>Sen. Smith, Tina  [D-MN]</fullName>
        <middleName />
      </item>
      <item>
        <bioguideId>K000384</bioguideId>
        <firstName>Timothy</firstName>
        <sponsorshipDate>2018-02-15</sponsorshipDate>
        <party>D</party>
        <sponsorshipWithdrawnDate />
        <identifiers>
          <bioguideId>K000384</bioguideId>
          <lisID>2176</lisID>
          <gpoId />
        </identifiers>
        <lastName>Kaine</lastName>
        <state>VA</state>
        <isOriginalCosponsor>True</isOriginalCosponsor>
        <fullName>Sen. Kaine, Tim [D-VA]</fullName>
        <middleName />
      </item>
      <item>
        <bioguideId>N000032</bioguideId>
        <firstName>CLARENCE</firstName>
        <sponsorshipDate>2018-02-15</sponsorshipDate>
        <party>D</party>
        <sponsorshipWithdrawnDate />
        <identifiers>
          <lisID>859</lisID>
          <bioguideId>N000032</bioguideId>
          <gpoId>8236</gpoId>
        </identifiers>
        <lastName>NELSON</lastName>
        <state>FL</state>
        <isOriginalCosponsor>True</isOriginalCosponsor>
        <fullName>Sen. Nelson, Bill [D-FL]</fullName>
        <middleName>WILLIAM</middleName>
      </item>
      <item>
        <bioguideId>D000563</bioguideId>
        <firstName>RICHARD</firstName>
        <sponsorshipDate>2018-02-15</sponsorshipDate>
        <party>D</party>
        <sponsorshipWithdrawnDate />
        <identifiers>
          <lisID>326</lisID>
          <bioguideId>D000563</bioguideId>
          <gpoId>8326</gpoId>
        </identifiers>
        <lastName>DURBIN</lastName>
        <state>IL</state>
        <isOriginalCosponsor>True</isOriginalCosponsor>
        <fullName>Sen. Durbin, Richard J. [D-IL]</fullName>
        <middleName>J.</middleName>
      </item>
      <item>
        <bioguideId>U000039</bioguideId>
        <firstName>TOM</firstName>
        <sponsorshipDate>2018-02-15</sponsorshipDate>
        <party>D</party>
        <sponsorshipWithdrawnDate />
        <identifiers>
          <lisID>1567</lisID>
          <bioguideId>U000039</bioguideId>
          <gpoId>8260</gpoId>
        </identifiers>
        <lastName>UDALL</lastName>
        <state>NM</state>
        <isOriginalCosponsor>True</isOriginalCosponsor>
        <fullName>Sen. Udall, Tom [D-NM]</fullName>
        <middleName />
      </item>
      <item>
        <bioguideId>M001153</bioguideId>
        <firstName>Lisa</firstName>
        <sponsorshipDate>2018-02-15</sponsorshipDate>
        <party>R</party>
        <sponsorshipWithdrawnDate />
        <identifiers>
          <gpoId>8234</gpoId>
          <bioguideId>M001153</bioguideId>
          <lisID>1694</lisID>
        </identifiers>
        <lastName>Murkowski</lastName>
        <state>AK</state>
        <isOriginalCosponsor>True</isOriginalCosponsor>
        <fullName>Sen. Murkowski, Lisa [R-AK]</fullName>
        <middleName />
      </item>
      <item>
        <bioguideId>G000386</bioguideId>
        <firstName>CHARLES</firstName>
        <sponsorshipDate>2018-02-15</sponsorshipDate>
        <party>R</party>
        <sponsorshipWithdrawnDate />
        <identifiers>
          <bioguideId>G000386</bioguideId>
          <lisID>457</lisID>
          <gpoId>8316</gpoId>
        </identifiers>
        <lastName>GRASSLEY</lastName>
        <state>IA</state>
        <isOriginalCosponsor>True</isOriginalCosponsor>
        <fullName>Sen. Grassley, Chuck [R-IA]</fullName>
        <middleName>ERNEST</middleName>
      </item>
      <item>
        <bioguideId>R000595</bioguideId>
        <firstName>Marco</firstName>
        <sponsorshipDate>2018-02-15</sponsorshipDate>
        <party>R</party>
        <sponsorshipWithdrawnDate />
        <identifiers>
          <bioguideId>R000595</bioguideId>
          <lisID>2084</lisID>
          <gpoId>8242</gpoId>
        </identifiers>
        <lastName>Rubio</lastName>
        <state>FL</state>
        <isOriginalCosponsor>True</isOriginalCosponsor>
        <fullName>Sen. Rubio, Marco [R-FL]</fullName>
        <middleName />
      </item>
      <item>
        <bioguideId>P000603</bioguideId>
        <firstName>Rand</firstName>
        <sponsorshipDate>2018-02-15</sponsorshipDate>
        <party>R</party>
        <sponsorshipWithdrawnDate />
        <identifiers>
          <gpoId>8308</gpoId>
          <lisID>2082</lisID>
          <bioguideId>P000603</bioguideId>
        </identifiers>
        <lastName>Paul</lastName>
        <state>KY</state>
        <isOriginalCosponsor>True</isOriginalCosponsor>
        <fullName>Sen. Paul, Rand [R-KY]</fullName>
        <middleName />
      </item>
      <item>
        <bioguideId>A000360</bioguideId>
        <firstName>Lamar</firstName>
        <sponsorshipDate>2018-02-15</sponsorshipDate>
        <party>R</party>
        <sponsorshipWithdrawnDate />
        <identifiers>
          <gpoId>8304</gpoId>
          <lisID>1695</lisID>
          <bioguideId>A000360</bioguideId>
        </identifiers>
        <lastName>Alexander</lastName>
        <state>TN</state>
        <isOriginalCosponsor>True</isOriginalCosponsor>
        <fullName>Sen. Alexander, Lamar [R-TN]</fullName>
        <middleName />
      </item>
      <item>
        <bioguideId>I000055</bioguideId>
        <firstName>Johnny</firstName>
        <sponsorshipDate>2018-02-26</sponsorshipDate>
        <party>R</party>
        <sponsorshipWithdrawnDate />
        <identifiers>
          <lisID>1608</lisID>
          <bioguideId>I000055</bioguideId>
          <gpoId>8323</gpoId>
        </identifiers>
        <lastName>Isakson</lastName>
        <state>GA</state>
        <isOriginalCosponsor>False</isOriginalCosponsor>
        <fullName>Sen. Isakson, Johnny [R-GA]</fullName>
        <middleName />
      </item>
      <item>
        <bioguideId>L000575</bioguideId>
        <firstName>James</firstName>
        <sponsorshipDate>2018-02-26</sponsorshipDate>
        <party>R</party>
        <sponsorshipWithdrawnDate />
        <identifiers>
          <lisID>2050</lisID>
          <bioguideId>L000575</bioguideId>
          <gpoId>8113</gpoId>
        </identifiers>
        <lastName>Lankford</lastName>
        <state>OK</state>
        <isOriginalCosponsor>False</isOriginalCosponsor>
        <fullName>Sen. Lankford, James [R-OK]</fullName>
        <middleName />
      </item>
      <item>
        <bioguideId>W000437</bioguideId>
        <firstName>ROGER</firstName>
        <sponsorshipDate>2018-02-26</sponsorshipDate>
        <party>R</party>
        <sponsorshipWithdrawnDate />
        <identifiers>
          <bioguideId>W000437</bioguideId>
          <lisID>1226</lisID>
          <gpoId>8263</gpoId>
        </identifiers>
        <lastName>WICKER</lastName>
        <state>MS</state>
        <isOriginalCosponsor>False</isOriginalCosponsor>
        <fullName>Sen. Wicker, Roger F. [R-MS]</fullName>
        <middleName>F.</middleName>
      </item>
      <item>
        <bioguideId>P000449</bioguideId>
        <firstName>ROB</firstName>
        <sponsorshipDate>2018-02-26</sponsorshipDate>
        <party>R</party>
        <sponsorshipWithdrawnDate />
        <identifiers>
          <lisID>924</lisID>
          <gpoId>8266</gpoId>
          <bioguideId>P000449</bioguideId>
        </identifiers>
        <lastName>PORTMAN</lastName>
        <state>OH</state>
        <isOriginalCosponsor>False</isOriginalCosponsor>
        <fullName>Sen. Portman, Rob [R-OH]</fullName>
        <middleName />
      </item>
      <item>
        <bioguideId>B001135</bioguideId>
        <firstName>RICHARD</firstName>
        <sponsorshipDate>2018-02-26</sponsorshipDate>
        <party>R</party>
        <sponsorshipWithdrawnDate />
        <identifiers>
          <gpoId>8286</gpoId>
          <lisID>153</lisID>
          <bioguideId>B001135</bioguideId>
        </identifiers>
        <lastName>BURR</lastName>
        <state>NC</state>
        <isOriginalCosponsor>False</isOriginalCosponsor>
        <fullName>Sen. Burr, Richard [R-NC]</fullName>
        <middleName />
      </item>
      <item>
        <bioguideId>M000934</bioguideId>
        <firstName>JERRY</firstName>
        <sponsorshipDate>2018-02-26</sponsorshipDate>
        <party>R</party>
        <sponsorshipWithdrawnDate />
        <identifiers>
          <lisID>1507</lisID>
          <gpoId>8307</gpoId>
          <bioguideId>M000934</bioguideId>
        </identifiers>
        <lastName>MORAN</lastName>
        <state>KS</state>
        <isOriginalCosponsor>False</isOriginalCosponsor>
        <fullName>Sen. Moran, Jerry [R-KS]</fullName>
        <middleName />
      </item>
    </cosponsors>
    <originChamber>Senate</originChamber>
    <sponsors>
      <item>
        <bioguideId>B001288</bioguideId>
        <firstName>Cory</firstName>
        <lastName>Booker</lastName>
        <state>NJ</state>
        <party>D</party>
        <middleName>A.</middleName>
        <byRequestType />
        <identifiers>
          <lisID>2194</lisID>
          <gpoId />
          <bioguideId>B001288</bioguideId>
        </identifiers>
        <fullName>Sen. Booker, Cory A. [D-NJ]</fullName>
      </item>
    </sponsors>
    <introducedDate>2018-02-15</introducedDate>
    <amendments />
    <notes />
    <version>1.0.0</version>
    <congress>115</congress>
    <titles>
      <item>
        <parentTitleType />
        <title>A resolution celebrating Black History Month.</title>
        <titleType>Official Title as Introduced</titleType>
        <chamberName />
        <chamberCode />
      </item>
      <item>
        <parentTitleType />
        <title>A resolution celebrating Black History Month.</title>
        <titleType>Display Title</titleType>
        <chamberName />
        <chamberCode />
      </item>
    </titles>
    <actions>
      <actionTypeCounts>
        <passedOrAgreedToInSenateDayOf>1</passedOrAgreedToInSenateDayOf>
        <introducedInSenate>1</introducedInSenate>
        <passedAgreedToInSenate>1</passedAgreedToInSenate>
      </actionTypeCounts>
      <actionByCounts>
        <senate>3</senate>
      </actionByCounts>
      <item>
        <actionDate>2018-02-15</actionDate>
        <committee />
        <links>
          <link>
            <name>S1169-1170</name>
            <url>https://www.congress.gov/congressional-record/volume-164/senate-section/page/S1169-1170</url>
          </link>
          <link>
            <name>S1189</name>
            <url>https://www.congress.gov/congressional-record/volume-164/senate-section/page/S1189</url>
          </link>
        </links>
        <sourceSystem>
          <name>Senate</name>
          <code>0</code>
        </sourceSystem>
        <text>Submitted in the Senate, considered, and agreed to without amendment and with a preamble by Unanimous Consent. (consideration: CR S1189; text: CR S1169-1170)</text>
        <type>Floor</type>
      </item>
      <item>
        <text>Passed/agreed to in Senate: Submitted in the Senate, considered, and agreed to without amendment and with a preamble by Unanimous Consent.(consideration: CR S1189; text: CR S1169-1170)</text>
        <actionDate>2018-02-15</actionDate>
        <sourceSystem>
          <name>Library of Congress</name>
          <code>9</code>
        </sourceSystem>
        <type>Floor</type>
        <actionCode>17000</actionCode>
        <committee />
        <links>
          <link>
            <name>S1169-1170</name>
            <url>https://www.congress.gov/congressional-record/volume-164/senate-section/page/S1169-1170</url>
          </link>
          <link>
            <name>S1189</name>
            <url>https://www.congress.gov/congressional-record/volume-164/senate-section/page/S1189</url>
          </link>
        </links>
      </item>
      <item>
        <text>Introduced in Senate</text>
        <actionDate>2018-02-15</actionDate>
        <sourceSystem>
          <name>Library of Congress</name>
          <code>9</code>
        </sourceSystem>
        <type>IntroReferral</type>
        <actionCode>10000</actionCode>
        <committee />
        <links />
      </item>
    </actions>
  </bill>
  <dublinCore xmlns:dc="http://purl.org/dc/elements/1.1/">
    <dc:format>text/xml</dc:format>
    <dc:language>EN</dc:language>
    <dc:rights>Pursuant to Title 17 Section 105 of the United States Code, this file is not subject to copyright protection and is in the public domain.</dc:rights>
    <dc:contributor>Congressional Research Service, Library of Congress</dc:contributor>
    <dc:description>This file contains bill summaries and statuses for federal legislation. A bill summary describes the most significant provisions of a piece of legislation and details the effects the legislative text may have on current law and federal programs. Bill summaries are authored by the Congressional Research Service (CRS) of the Library of Congress. As stated in Public Law 91-510 (2 USC 166 (d)(6)), one of the duties of CRS is "to prepare summaries and digests of bills and resolutions of a public general nature introduced in the Senate or House of Representatives". For more information, refer to the User Guide that accompanies this file.</dc:description>
  </dublinCore>
</billStatus>

