<?xml version="1.0" encoding="UTF-8"?>
<billStatus>
  <bill>
    <policyArea>
      <name>Education</name>
    </policyArea>
    <calendarNumbers />
    <actions>
      <actionByCounts>
        <senate>3</senate>
      </actionByCounts>
      <actionTypeCounts>
        <passedOrAgreedToInSenateDayOf>1</passedOrAgreedToInSenateDayOf>
        <introducedInSenate>1</introducedInSenate>
        <passedAgreedToInSenate>1</passedAgreedToInSenate>
      </actionTypeCounts>
      <item>
        <actionDate>2017-09-28</actionDate>
        <committee />
        <links>
          <link>
            <name>S6231</name>
            <url>https://www.congress.gov/congressional-record/volume-163/senate-section/page/S6231</url>
          </link>
          <link>
            <name>S6234</name>
            <url>https://www.congress.gov/congressional-record/volume-163/senate-section/page/S6234</url>
          </link>
        </links>
        <sourceSystem>
          <code>0</code>
          <name>Senate</name>
        </sourceSystem>
        <text>Submitted in the Senate, considered, and agreed to without amendment and with a preamble by Unanimous Consent. (consideration: CR S6234; text: CR S6231)</text>
        <type>Floor</type>
      </item>
      <item>
        <actionDate>2017-09-28</actionDate>
        <committee />
        <links>
          <link>
            <name>S6231</name>
            <url>https://www.congress.gov/congressional-record/volume-163/senate-section/page/S6231</url>
          </link>
          <link>
            <name>S6234</name>
            <url>https://www.congress.gov/congressional-record/volume-163/senate-section/page/S6234</url>
          </link>
        </links>
        <text>Passed/agreed to in Senate: Submitted in the Senate, considered, and agreed to without amendment and with a preamble by Unanimous Consent.(consideration: CR S6234; text: CR S6231)</text>
        <type>Floor</type>
        <sourceSystem>
          <code>9</code>
          <name>Library of Congress</name>
        </sourceSystem>
        <actionCode>17000</actionCode>
      </item>
      <item>
        <actionDate>2017-09-28</actionDate>
        <committee />
        <links />
        <text>Introduced in Senate</text>
        <type>IntroReferral</type>
        <sourceSystem>
          <code>9</code>
          <name>Library of Congress</name>
        </sourceSystem>
        <actionCode>10000</actionCode>
      </item>
    </actions>
    <latestAction>
      <text>Submitted in the Senate, considered, and agreed to without amendment and with a preamble by Unanimous Consent. (consideration: CR S6234; text: CR S6231)</text>
      <actionDate>2017-09-28</actionDate>
      <links />
    </latestAction>
    <cboCostEstimates />
    <recordedVotes />
    <titles>
      <item>
        <parentTitleType />
        <titleType>Official Title as Introduced</titleType>
        <title>A resolution congratulating Northeastern Illinois University on the sesquicentennial of the University.</title>
        <chamberCode />
        <chamberName />
      </item>
      <item>
        <parentTitleType />
        <titleType>Display Title</titleType>
        <title>A resolution congratulating Northeastern Illinois University on the sesquicentennial of the University.</title>
        <chamberCode />
        <chamberName />
      </item>
    </titles>
    <billNumber>275</billNumber>
    <committeeReports />
    <cosponsors>
      <item>
        <lastName>DURBIN</lastName>
        <identifiers>
          <lisID>326</lisID>
          <gpoId>8326</gpoId>
          <bioguideId>D000563</bioguideId>
        </identifiers>
        <party>D</party>
        <isOriginalCosponsor>True</isOriginalCosponsor>
        <middleName>J.</middleName>
        <fullName>Sen. Durbin, Richard J. [D-IL]</fullName>
        <firstName>RICHARD</firstName>
        <sponsorshipWithdrawnDate />
        <bioguideId>D000563</bioguideId>
        <state>IL</state>
        <sponsorshipDate>2017-09-28</sponsorshipDate>
      </item>
    </cosponsors>
    <title>A resolution congratulating Northeastern Illinois University on the sesquicentennial of the University.</title>
    <subjects>
      <billSubjects>
        <legislativeSubjects>
          <item>
            <name>Commemorative events and holidays</name>
          </item>
          <item>
            <name>Congressional tributes</name>
          </item>
          <item>
            <name>Educational facilities and institutions</name>
          </item>
          <item>
            <name>Higher education</name>
          </item>
          <item>
            <name>Illinois</name>
          </item>
        </legislativeSubjects>
        <policyArea>
          <name>Education</name>
        </policyArea>
      </billSubjects>
    </subjects>
    <relatedBills>
      <item>
        <type>HRES</type>
        <latestAction>
          <text>Referred to the House Committee on Education and the Workforce.</text>
          <actionDate>2017-09-27</actionDate>
        </latestAction>
        <relationshipDetails>
          <item>
            <type>Identical bill</type>
            <identifiedBy>CRS</identifiedBy>
          </item>
        </relationshipDetails>
        <latestTitle>Congratulating Northeastern Illinois University on the sesquicentennial of the University.</latestTitle>
        <congress>115</congress>
        <number>543</number>
      </item>
    </relatedBills>
    <amendments />
    <committees>
      <billCommittees />
    </committees>
    <congress>115</congress>
    <laws />
    <updateDate>2018-02-27T05:28:27Z</updateDate>
    <sponsors>
      <item>
        <lastName>Duckworth</lastName>
        <middleName />
        <firstName>Tammy</firstName>
        <party>D</party>
        <bioguideId>D000622</bioguideId>
        <identifiers>
          <gpoId />
          <lisID>2123</lisID>
          <bioguideId>D000622</bioguideId>
        </identifiers>
        <byRequestType />
        <state>IL</state>
        <fullName>Sen. Duckworth, Tammy [D-IL]</fullName>
      </item>
    </sponsors>
    <summaries>
      <billSummaries>
        <item>
          <updateDate>2017-09-28T04:00:00Z</updateDate>
          <lastSummaryUpdateDate>2018-02-20T22:06:04Z</lastSummaryUpdateDate>
          <versionCode>00</versionCode>
          <name>Introduced in Senate</name>
          <text><![CDATA[<p>Congratulates&nbsp;the Northeastern Illinois University on the sesquicentennial (150th anniversary) of the university.</p>]]></text>
          <actionDate>2017-09-28</actionDate>
          <actionDesc>Introduced in Senate</actionDesc>
        </item>
        <item>
          <updateDate>2017-09-28T13:35:50Z</updateDate>
          <lastSummaryUpdateDate>2018-02-21T22:43:58Z</lastSummaryUpdateDate>
          <versionCode>82</versionCode>
          <name>Passed Senate without amendment</name>
          <text><![CDATA[<p>(This measure has not been amended since it was introduced. The summary of that version is repeated here.)</p> <p>Congratulates&nbsp;the Northeastern Illinois University on the sesquicentennial (150th anniversary) of the university.</p>]]></text>
          <actionDate>2017-09-28</actionDate>
          <actionDesc>Passed Senate without amendment</actionDesc>
        </item>
      </billSummaries>
    </summaries>
    <introducedDate>2017-09-28</introducedDate>
    <originChamber>Senate</originChamber>
    <version>1.0.0</version>
    <createDate>2017-09-29T00:26:24Z</createDate>
    <billType>SRES</billType>
    <notes />
  </bill>
  <dublinCore xmlns:dc="http://purl.org/dc/elements/1.1/">
    <dc:format>text/xml</dc:format>
    <dc:language>EN</dc:language>
    <dc:rights>Pursuant to Title 17 Section 105 of the United States Code, this file is not subject to copyright protection and is in the public domain.</dc:rights>
    <dc:contributor>Congressional Research Service, Library of Congress</dc:contributor>
    <dc:description>This file contains bill summaries and statuses for federal legislation. A bill summary describes the most significant provisions of a piece of legislation and details the effects the legislative text may have on current law and federal programs. Bill summaries are authored by the Congressional Research Service (CRS) of the Library of Congress. As stated in Public Law 91-510 (2 USC 166 (d)(6)), one of the duties of CRS is "to prepare summaries and digests of bills and resolutions of a public general nature introduced in the Senate or House of Representatives". For more information, refer to the User Guide that accompanies this file.</dc:description>
  </dublinCore>
</billStatus>

