<?xml version="1.0" encoding="UTF-8"?>
<billStatus>
  <bill>
    <calendarNumbers />
    <relatedBills />
    <updateDate>2017-11-30T20:26:34Z</updateDate>
    <cosponsors>
      <item>
        <isOriginalCosponsor>True</isOriginalCosponsor>
        <middleName>E.</middleName>
        <bioguideId>S000148</bioguideId>
        <firstName>CHARLES</firstName>
        <sponsorshipWithdrawnDate />
        <lastName>SCHUMER</lastName>
        <fullName>Sen. Schumer, Charles E. [D-NY]</fullName>
        <identifiers>
          <lisID>1036</lisID>
          <bioguideId>S000148</bioguideId>
          <gpoId>8279</gpoId>
        </identifiers>
        <sponsorshipDate>2017-11-15</sponsorshipDate>
        <party>D</party>
        <state>NY</state>
      </item>
    </cosponsors>
    <amendments />
    <title>A resolution authorizing the taking of a photograph in the Senate Chamber.</title>
    <billType>SRES</billType>
    <laws />
    <policyArea>
      <name>Congress</name>
    </policyArea>
    <titles>
      <item>
        <chamberCode />
        <chamberName />
        <titleType>Official Title as Introduced</titleType>
        <title>A resolution authorizing the taking of a photograph in the Senate Chamber.</title>
        <parentTitleType />
      </item>
      <item>
        <chamberCode />
        <chamberName />
        <titleType>Display Title</titleType>
        <title>A resolution authorizing the taking of a photograph in the Senate Chamber.</title>
        <parentTitleType />
      </item>
    </titles>
    <createDate>2017-11-16T00:26:14Z</createDate>
    <version>1.0.0</version>
    <committees>
      <billCommittees />
    </committees>
    <committeeReports />
    <congress>115</congress>
    <latestAction>
      <actionDate>2017-11-15</actionDate>
      <links />
      <text>Submitted in the Senate, considered, and agreed to without amendment by Unanimous Consent. (consideration: CR S7267; text: CR S7265)</text>
    </latestAction>
    <cboCostEstimates />
    <introducedDate>2017-11-15</introducedDate>
    <recordedVotes />
    <originChamber>Senate</originChamber>
    <billNumber>334</billNumber>
    <subjects>
      <billSubjects>
        <legislativeSubjects />
        <policyArea>
          <name>Congress</name>
        </policyArea>
      </billSubjects>
    </subjects>
    <summaries>
      <billSummaries />
    </summaries>
    <notes />
    <actions>
      <item>
        <actionDate>2017-11-15</actionDate>
        <committee />
        <links>
          <link>
            <name>S7265</name>
            <url>https://www.congress.gov/congressional-record/volume-163/senate-section/page/S7265</url>
          </link>
          <link>
            <name>S7267</name>
            <url>https://www.congress.gov/congressional-record/volume-163/senate-section/page/S7267</url>
          </link>
        </links>
        <sourceSystem>
          <name>Senate</name>
          <code>0</code>
        </sourceSystem>
        <text>Submitted in the Senate, considered, and agreed to without amendment by Unanimous Consent. (consideration: CR S7267; text: CR S7265)</text>
        <type>Floor</type>
      </item>
      <item>
        <type>Floor</type>
        <committee />
        <actionDate>2017-11-15</actionDate>
        <actionCode>17000</actionCode>
        <links>
          <link>
            <name>S7265</name>
            <url>https://www.congress.gov/congressional-record/volume-163/senate-section/page/S7265</url>
          </link>
          <link>
            <name>S7267</name>
            <url>https://www.congress.gov/congressional-record/volume-163/senate-section/page/S7267</url>
          </link>
        </links>
        <text>Passed/agreed to in Senate: Submitted in the Senate, considered, and agreed to without amendment by Unanimous Consent.(consideration: CR S7267; text: CR S7265)</text>
        <sourceSystem>
          <name>Library of Congress</name>
          <code>9</code>
        </sourceSystem>
      </item>
      <item>
        <type>IntroReferral</type>
        <committee />
        <actionDate>2017-11-15</actionDate>
        <actionCode>10000</actionCode>
        <links />
        <text>Introduced in Senate</text>
        <sourceSystem>
          <name>Library of Congress</name>
          <code>9</code>
        </sourceSystem>
      </item>
      <actionTypeCounts>
        <passedAgreedToInSenate>1</passedAgreedToInSenate>
        <passedOrAgreedToInSenateDayOf>1</passedOrAgreedToInSenateDayOf>
        <introducedInSenate>1</introducedInSenate>
      </actionTypeCounts>
      <actionByCounts>
        <senate>3</senate>
      </actionByCounts>
    </actions>
    <sponsors>
      <item>
        <middleName />
        <fullName>Sen. McConnell, Mitch [R-KY]</fullName>
        <byRequestType />
        <lastName>MCCONNELL</lastName>
        <state>KY</state>
        <party>R</party>
        <bioguideId>M000355</bioguideId>
        <firstName>MITCH</firstName>
        <identifiers>
          <lisID>1395</lisID>
          <bioguideId>M000355</bioguideId>
          <gpoId>8254</gpoId>
        </identifiers>
      </item>
    </sponsors>
  </bill>
  <dublinCore xmlns:dc="http://purl.org/dc/elements/1.1/">
    <dc:format>text/xml</dc:format>
    <dc:language>EN</dc:language>
    <dc:rights>Pursuant to Title 17 Section 105 of the United States Code, this file is not subject to copyright protection and is in the public domain.</dc:rights>
    <dc:contributor>Congressional Research Service, Library of Congress</dc:contributor>
    <dc:description>This file contains bill summaries and statuses for federal legislation. A bill summary describes the most significant provisions of a piece of legislation and details the effects the legislative text may have on current law and federal programs. Bill summaries are authored by the Congressional Research Service (CRS) of the Library of Congress. As stated in Public Law 91-510 (2 USC 166 (d)(6)), one of the duties of CRS is "to prepare summaries and digests of bills and resolutions of a public general nature introduced in the Senate or House of Representatives". For more information, refer to the User Guide that accompanies this file.</dc:description>
  </dublinCore>
</billStatus>

