<?xml version="1.0" encoding="UTF-8"?>
<billStatus>
  <bill>
    <createDate>2017-07-14T00:41:31Z</createDate>
    <introducedDate>2017-07-13</introducedDate>
    <congress>115</congress>
    <latestAction>
      <actionDate>2017-07-13</actionDate>
      <links />
      <text>Referred to the Committee on the Judiciary. (text of measure as introduced: CR S4001)</text>
    </latestAction>
    <originChamber>Senate</originChamber>
    <billNumber>219</billNumber>
    <sponsors>
      <item>
        <state>OR</state>
        <identifiers>
          <gpoId>8265</gpoId>
          <bioguideId>W000779</bioguideId>
          <lisID>1247</lisID>
        </identifiers>
        <bioguideId>W000779</bioguideId>
        <lastName>WYDEN</lastName>
        <fullName>Sen. Wyden, Ron [D-OR]</fullName>
        <firstName>RON</firstName>
        <party>D</party>
        <middleName />
        <byRequestType />
      </item>
    </sponsors>
    <title>A resolution designating July 13, 2017, as "Summer Learning Day", a day to reflect on the importance of providing young people with safe, productive, and enriching activities every summer, ensuring the young people return to school in the fall with the skills vital to succeed in the year ahead.</title>
    <relatedBills />
    <titles>
      <item>
        <title>A resolution designating July 13, 2017, as "Summer Learning Day", a day to reflect on the importance of providing young people with safe, productive, and enriching activities every summer, ensuring the young people return to school in the fall with the skills vital to succeed in the year ahead.</title>
        <titleType>Official Title as Introduced</titleType>
        <parentTitleType />
        <chamberCode />
        <chamberName />
      </item>
      <item>
        <title>A resolution designating July 13, 2017, as "Summer Learning Day", a day to reflect on the importance of providing young people with safe, productive, and enriching activities every summer, ensuring the young people return to school in the fall with the skills vital to succeed in the year ahead.</title>
        <titleType>Display Title</titleType>
        <parentTitleType />
        <chamberCode />
        <chamberName />
      </item>
    </titles>
    <billType>SRES</billType>
    <summaries>
      <billSummaries>
        <item>
          <versionCode>00</versionCode>
          <updateDate>2017-07-13T04:00:00Z</updateDate>
          <actionDesc>Introduced in Senate</actionDesc>
          <lastSummaryUpdateDate>2017-10-11T22:15:40Z</lastSummaryUpdateDate>
          <actionDate>2017-07-13</actionDate>
          <name>Introduced in Senate</name>
          <text><![CDATA[<p>Designates July 13, 2017, as Summer Learning Day.</p>]]></text>
        </item>
      </billSummaries>
    </summaries>
    <committeeReports />
    <laws />
    <subjects>
      <billSubjects>
        <policyArea>
          <name>Education</name>
        </policyArea>
        <legislativeSubjects>
          <item>
            <name>Academic performance and assessments</name>
          </item>
          <item>
            <name>Commemorative events and holidays</name>
          </item>
          <item>
            <name>Elementary and secondary education</name>
          </item>
          <item>
            <name>Teaching, teachers, curricula</name>
          </item>
        </legislativeSubjects>
      </billSubjects>
    </subjects>
    <committees>
      <billCommittees>
        <item>
          <systemCode>ssju00</systemCode>
          <name>Judiciary Committee</name>
          <type>Standing</type>
          <activities>
            <item>
              <name>Referred to</name>
              <date>2017-07-13T17:44:59Z</date>
            </item>
          </activities>
          <chamber>Senate</chamber>
          <subcommittees />
        </item>
      </billCommittees>
    </committees>
    <version>1.0.0</version>
    <recordedVotes />
    <updateDate>2018-02-06T16:44:11Z</updateDate>
    <calendarNumbers />
    <cboCostEstimates />
    <actions>
      <item>
        <actionDate>2017-07-13</actionDate>
        <committee>
          <systemCode>ssju00</systemCode>
          <name>Judiciary Committee</name>
        </committee>
        <links>
          <link>
            <name>S4001</name>
            <url>https://www.congress.gov/congressional-record/volume-163/senate-section/page/S4001</url>
          </link>
        </links>
        <sourceSystem>
          <name>Senate</name>
          <code>0</code>
        </sourceSystem>
        <text>Referred to the Committee on the Judiciary. (text of measure as introduced: CR S4001)</text>
        <type>IntroReferral</type>
      </item>
      <item>
        <sourceSystem>
          <name>Library of Congress</name>
          <code>9</code>
        </sourceSystem>
        <actionDate>2017-07-13</actionDate>
        <links />
        <text>Introduced in Senate</text>
        <committee />
        <actionCode>10000</actionCode>
        <type>IntroReferral</type>
      </item>
      <actionByCounts>
        <senate>2</senate>
      </actionByCounts>
      <actionTypeCounts>
        <referredToCommittee>1</referredToCommittee>
        <introducedInSenate>1</introducedInSenate>
      </actionTypeCounts>
    </actions>
    <amendments />
    <notes />
    <policyArea>
      <name>Education</name>
    </policyArea>
    <cosponsors>
      <item>
        <isOriginalCosponsor>True</isOriginalCosponsor>
        <fullName>Sen. Hatch, Orrin G. [R-UT]</fullName>
        <firstName>ORRIN</firstName>
        <identifiers>
          <bioguideId>H000338</bioguideId>
          <lisID>1351</lisID>
          <gpoId>8314</gpoId>
        </identifiers>
        <party>R</party>
        <sponsorshipDate>2017-07-13</sponsorshipDate>
        <lastName>HATCH</lastName>
        <bioguideId>H000338</bioguideId>
        <state>UT</state>
        <middleName>GRANT</middleName>
        <sponsorshipWithdrawnDate />
      </item>
    </cosponsors>
  </bill>
  <dublinCore xmlns:dc="http://purl.org/dc/elements/1.1/">
    <dc:format>text/xml</dc:format>
    <dc:language>EN</dc:language>
    <dc:rights>Pursuant to Title 17 Section 105 of the United States Code, this file is not subject to copyright protection and is in the public domain.</dc:rights>
    <dc:contributor>Congressional Research Service, Library of Congress</dc:contributor>
    <dc:description>This file contains bill summaries and statuses for federal legislation. A bill summary describes the most significant provisions of a piece of legislation and details the effects the legislative text may have on current law and federal programs. Bill summaries are authored by the Congressional Research Service (CRS) of the Library of Congress. As stated in Public Law 91-510 (2 USC 166 (d)(6)), one of the duties of CRS is "to prepare summaries and digests of bills and resolutions of a public general nature introduced in the Senate or House of Representatives". For more information, refer to the User Guide that accompanies this file.</dc:description>
  </dublinCore>
</billStatus>

