<?xml version="1.0" encoding="UTF-8"?>
<billStatus>
  <bill>
    <calendarNumbers />
    <recordedVotes />
    <subjects>
      <billSubjects>
        <policyArea>
          <name>Congress</name>
        </policyArea>
        <legislativeSubjects>
          <item>
            <name>Assault and harassment offenses</name>
          </item>
          <item>
            <name>Congressional officers and employees</name>
          </item>
          <item>
            <name>Congressional operations and organization</name>
          </item>
          <item>
            <name>Employment discrimination and employee rights</name>
          </item>
          <item>
            <name>Legislative rules and procedure</name>
          </item>
          <item>
            <name>Members of Congress</name>
          </item>
          <item>
            <name>Senate</name>
          </item>
          <item>
            <name>Sex offenses</name>
          </item>
          <item>
            <name>Women's employment</name>
          </item>
          <item>
            <name>Worker safety and health</name>
          </item>
        </legislativeSubjects>
      </billSubjects>
    </subjects>
    <summaries>
      <billSummaries>
        <item>
          <updateDate>2017-11-09T05:00:00Z</updateDate>
          <actionDesc>Introduced in Senate</actionDesc>
          <versionCode>00</versionCode>
          <lastSummaryUpdateDate>2018-02-28T22:47:48Z</lastSummaryUpdateDate>
          <name>Introduced in Senate</name>
          <actionDate>2017-11-09</actionDate>
          <text><![CDATA[<p><b>Senate Anti-Harassment Training Resolution of 2017</b></p> <p>Requires each Senator and Senate officer, manager, employee, intern, fellow, and detailee to periodically complete training that addresses workplace harassment, including sexual harassment and related intimidation and reprisal prohibited under the Congressional Accountability Act of 1995.</p> <p>Requires the individual to complete such training within 60 days after: (1) adoption of this resolution; or (2) assuming a Senate position, if after such adoption. Deems individuals to have completed training if they completed training during the 115th Congress.</p> <p>Directs each office, including a joint commission or joint committee, employing Senate employees to certify whether covered individuals have completed such training during that Congress. Requires the Secretary of the Senate to publish the certification on its public website.]]></text>
        </item>
        <item>
          <updateDate>2017-11-09T17:32:43Z</updateDate>
          <actionDesc>Passed Senate without amendment</actionDesc>
          <versionCode>82</versionCode>
          <lastSummaryUpdateDate>2018-02-28T22:48:07Z</lastSummaryUpdateDate>
          <name>Passed Senate without amendment</name>
          <actionDate>2017-11-09</actionDate>
          <text><![CDATA[<p>(This measure has not been amended since it was introduced. The summary has been expanded because action occurred on the measure.)</p> <p><b>Senate Anti-Harassment Training Resolution of 2017</b></p> <p>(Sec. 3) Requires Senators, </s>Senate officers, and Senate managers to periodically complete training that addresses workplace harassment, including sexual harassment and related intimidation and reprisal prohibited under the Congressional Accountability Act of 1995 and their role in recognizing and responding to harassment and harassment complaints.</p> <p>Requires Senate employees, interns, fellows, and detailees to periodically complete similar training. Requires the head of an office, including a joint commission or joint committee, employing Senate employees to ensure that an individual serving in a covered position or as a Senate manager in the office has access to the training.</p> <p>(Sec. 4) Requires individuals to complete such training within 60 days after: (1) adoption of this resolution; or (2) assuming a Senate position, if after such adoption. Deems individuals to have completed training if they completed training during the 115th Congress.</p> <p>(Sec. 5) Directs each office, including a joint commission or joint committee, employing Senate employees to certify whether covered individuals have completed such training during that Congress. Requires the Secretary of the Senate to publish the certification on its public website.<p>]]></text>
        </item>
      </billSummaries>
    </summaries>
    <introducedDate>2017-11-09</introducedDate>
    <updateDate>2018-03-02T05:44:13Z</updateDate>
    <actions>
      <actionByCounts>
        <senate>3</senate>
      </actionByCounts>
      <actionTypeCounts>
        <passedAgreedToInSenate>1</passedAgreedToInSenate>
        <introducedInSenate>1</introducedInSenate>
        <passedOrAgreedToInSenateDayOf>1</passedOrAgreedToInSenateDayOf>
      </actionTypeCounts>
      <item>
        <actionDate>2017-11-09</actionDate>
        <committee />
        <links>
          <link>
            <name>S7159-7160</name>
            <url>https://www.congress.gov/congressional-record/volume-163/senate-section/page/S7159-7160</url>
          </link>
          <link>
            <name>S7167</name>
            <url>https://www.congress.gov/congressional-record/volume-163/senate-section/page/S7167</url>
          </link>
        </links>
        <sourceSystem>
          <name>Senate</name>
          <code>0</code>
        </sourceSystem>
        <text>Submitted in the Senate, considered, and agreed to without amendment by Unanimous Consent. (consideration: CR S7167; text: CR S7159-7160)</text>
        <type>Floor</type>
      </item>
      <item>
        <text>Passed/agreed to in Senate: Submitted in the Senate, considered, and agreed to without amendment by Unanimous Consent.(consideration: CR S7167; text: CR S7159-7160)</text>
        <type>Floor</type>
        <actionDate>2017-11-09</actionDate>
        <links>
          <link>
            <name>S7159-7160</name>
            <url>https://www.congress.gov/congressional-record/volume-163/senate-section/page/S7159-7160</url>
          </link>
          <link>
            <name>S7167</name>
            <url>https://www.congress.gov/congressional-record/volume-163/senate-section/page/S7167</url>
          </link>
        </links>
        <actionCode>17000</actionCode>
        <committee />
        <sourceSystem>
          <name>Library of Congress</name>
          <code>9</code>
        </sourceSystem>
      </item>
      <item>
        <text>Introduced in Senate</text>
        <type>IntroReferral</type>
        <actionDate>2017-11-09</actionDate>
        <links />
        <actionCode>10000</actionCode>
        <committee />
        <sourceSystem>
          <name>Library of Congress</name>
          <code>9</code>
        </sourceSystem>
      </item>
    </actions>
    <notes />
    <committeeReports />
    <version>1.0.0</version>
    <billNumber>330</billNumber>
    <policyArea>
      <name>Congress</name>
    </policyArea>
    <laws />
    <congress>115</congress>
    <relatedBills />
    <sponsors>
      <item>
        <fullName>Sen. Klobuchar, Amy [D-MN]</fullName>
        <lastName>Klobuchar</lastName>
        <byRequestType />
        <bioguideId>K000367</bioguideId>
        <party>D</party>
        <middleName />
        <state>MN</state>
        <firstName>Amy</firstName>
        <identifiers>
          <gpoId>8249</gpoId>
          <bioguideId>K000367</bioguideId>
          <lisID>1826</lisID>
        </identifiers>
      </item>
    </sponsors>
    <titles>
      <item>
        <parentTitleType>Short Titles Senate</parentTitleType>
        <title>Senate Anti-Harassment Training Resolution of 2017</title>
        <titleType>Short Titles as Passed Senate</titleType>
        <chamberName>Senate</chamberName>
        <chamberCode>S</chamberCode>
      </item>
      <item>
        <parentTitleType />
        <title>Senate Anti-Harassment Training Resolution of 2017</title>
        <titleType>Short Titles as Introduced</titleType>
        <chamberName />
        <chamberCode />
      </item>
      <item>
        <parentTitleType />
        <title>A resolution mandating anti-harassment training for Senators and officers, employees, and interns of, and detailees to the Senate.</title>
        <titleType>Official Title as Introduced</titleType>
        <chamberName />
        <chamberCode />
      </item>
      <item>
        <parentTitleType />
        <title>Senate Anti-Harassment Training Resolution of 2017</title>
        <titleType>Display Title</titleType>
        <chamberName />
        <chamberCode />
      </item>
    </titles>
    <originChamber>Senate</originChamber>
    <latestAction>
      <text>Submitted in the Senate, considered, and agreed to without amendment by Unanimous Consent. (consideration: CR S7167; text: CR S7159-7160)</text>
      <actionDate>2017-11-09</actionDate>
      <links />
    </latestAction>
    <createDate>2017-11-10T00:26:22Z</createDate>
    <cosponsors>
      <item>
        <fullName>Sen. Grassley, Chuck [R-IA]</fullName>
        <firstName>CHARLES</firstName>
        <party>R</party>
        <identifiers>
          <gpoId>8316</gpoId>
          <bioguideId>G000386</bioguideId>
          <lisID>457</lisID>
        </identifiers>
        <isOriginalCosponsor>True</isOriginalCosponsor>
        <middleName>ERNEST</middleName>
        <lastName>GRASSLEY</lastName>
        <bioguideId>G000386</bioguideId>
        <state>IA</state>
        <sponsorshipDate>2017-11-09</sponsorshipDate>
        <sponsorshipWithdrawnDate />
      </item>
      <item>
        <fullName>Sen. Capito, Shelley Moore [R-WV]</fullName>
        <firstName>SHELLEY</firstName>
        <party>R</party>
        <identifiers>
          <bioguideId>C001047</bioguideId>
          <lisID>1676</lisID>
          <gpoId>8223</gpoId>
        </identifiers>
        <isOriginalCosponsor>True</isOriginalCosponsor>
        <middleName>MOORE</middleName>
        <lastName>CAPITO</lastName>
        <bioguideId>C001047</bioguideId>
        <state>WV</state>
        <sponsorshipDate>2017-11-09</sponsorshipDate>
        <sponsorshipWithdrawnDate />
      </item>
      <item>
        <fullName>Sen. Cortez Masto, Catherine  [D-NV]</fullName>
        <firstName>Catherine</firstName>
        <party>D</party>
        <identifiers>
          <bioguideId>C001113</bioguideId>
          <lisID>2299</lisID>
          <gpoId />
        </identifiers>
        <isOriginalCosponsor>True</isOriginalCosponsor>
        <middleName />
        <lastName>Cortez Masto</lastName>
        <bioguideId>C001113</bioguideId>
        <state>NV</state>
        <sponsorshipDate>2017-11-09</sponsorshipDate>
        <sponsorshipWithdrawnDate />
      </item>
      <item>
        <fullName>Sen. Shelby, Richard C. [R-AL]</fullName>
        <firstName>RICHARD</firstName>
        <party>R</party>
        <identifiers>
          <gpoId>8277</gpoId>
          <bioguideId>S000320</bioguideId>
          <lisID>1049</lisID>
        </identifiers>
        <isOriginalCosponsor>True</isOriginalCosponsor>
        <middleName>CRAIG</middleName>
        <lastName>SHELBY</lastName>
        <bioguideId>S000320</bioguideId>
        <state>AL</state>
        <sponsorshipDate>2017-11-09</sponsorshipDate>
        <sponsorshipWithdrawnDate />
      </item>
      <item>
        <fullName>Sen. Feinstein, Dianne [D-CA]</fullName>
        <firstName>DIANNE</firstName>
        <party>D</party>
        <identifiers>
          <lisID>1332</lisID>
          <bioguideId>F000062</bioguideId>
          <gpoId>8338</gpoId>
        </identifiers>
        <isOriginalCosponsor>True</isOriginalCosponsor>
        <middleName />
        <lastName>FEINSTEIN</lastName>
        <bioguideId>F000062</bioguideId>
        <state>CA</state>
        <sponsorshipDate>2017-11-09</sponsorshipDate>
        <sponsorshipWithdrawnDate />
      </item>
      <item>
        <fullName>Sen. McConnell, Mitch [R-KY]</fullName>
        <firstName>MITCH</firstName>
        <party>R</party>
        <identifiers>
          <lisID>1395</lisID>
          <bioguideId>M000355</bioguideId>
          <gpoId>8254</gpoId>
        </identifiers>
        <isOriginalCosponsor>True</isOriginalCosponsor>
        <middleName />
        <lastName>MCCONNELL</lastName>
        <bioguideId>M000355</bioguideId>
        <state>KY</state>
        <sponsorshipDate>2017-11-09</sponsorshipDate>
        <sponsorshipWithdrawnDate />
      </item>
      <item>
        <fullName>Sen. Schumer, Charles E. [D-NY]</fullName>
        <firstName>CHARLES</firstName>
        <party>D</party>
        <identifiers>
          <gpoId>8279</gpoId>
          <lisID>1036</lisID>
          <bioguideId>S000148</bioguideId>
        </identifiers>
        <isOriginalCosponsor>True</isOriginalCosponsor>
        <middleName>E.</middleName>
        <lastName>SCHUMER</lastName>
        <bioguideId>S000148</bioguideId>
        <state>NY</state>
        <sponsorshipDate>2017-11-09</sponsorshipDate>
        <sponsorshipWithdrawnDate />
      </item>
      <item>
        <fullName>Sen. Cochran, Thad [R-MS]</fullName>
        <firstName>Thad</firstName>
        <party>R</party>
        <identifiers>
          <lisID>213</lisID>
          <gpoId>8292</gpoId>
          <bioguideId>C000567</bioguideId>
        </identifiers>
        <isOriginalCosponsor>True</isOriginalCosponsor>
        <middleName />
        <lastName>Cochran</lastName>
        <bioguideId>C000567</bioguideId>
        <state>MS</state>
        <sponsorshipDate>2017-11-09</sponsorshipDate>
        <sponsorshipWithdrawnDate />
      </item>
      <item>
        <fullName>Sen. Durbin, Richard J. [D-IL]</fullName>
        <firstName>RICHARD</firstName>
        <party>D</party>
        <identifiers>
          <lisID>326</lisID>
          <gpoId>8326</gpoId>
          <bioguideId>D000563</bioguideId>
        </identifiers>
        <isOriginalCosponsor>True</isOriginalCosponsor>
        <middleName>J.</middleName>
        <lastName>DURBIN</lastName>
        <bioguideId>D000563</bioguideId>
        <state>IL</state>
        <sponsorshipDate>2017-11-09</sponsorshipDate>
        <sponsorshipWithdrawnDate />
      </item>
      <item>
        <fullName>Sen. Alexander, Lamar [R-TN]</fullName>
        <firstName>Lamar</firstName>
        <party>R</party>
        <identifiers>
          <bioguideId>A000360</bioguideId>
          <gpoId>8304</gpoId>
          <lisID>1695</lisID>
        </identifiers>
        <isOriginalCosponsor>True</isOriginalCosponsor>
        <middleName />
        <lastName>Alexander</lastName>
        <bioguideId>A000360</bioguideId>
        <state>TN</state>
        <sponsorshipDate>2017-11-09</sponsorshipDate>
        <sponsorshipWithdrawnDate />
      </item>
      <item>
        <fullName>Sen. Udall, Tom [D-NM]</fullName>
        <firstName>TOM</firstName>
        <party>D</party>
        <identifiers>
          <lisID>1567</lisID>
          <bioguideId>U000039</bioguideId>
          <gpoId>8260</gpoId>
        </identifiers>
        <isOriginalCosponsor>True</isOriginalCosponsor>
        <middleName />
        <lastName>UDALL</lastName>
        <bioguideId>U000039</bioguideId>
        <state>NM</state>
        <sponsorshipDate>2017-11-09</sponsorshipDate>
        <sponsorshipWithdrawnDate />
      </item>
      <item>
        <fullName>Sen. Roberts, Pat [R-KS]</fullName>
        <firstName>PAT</firstName>
        <party>R</party>
        <identifiers>
          <lisID>968</lisID>
          <gpoId>8275</gpoId>
          <bioguideId>R000307</bioguideId>
        </identifiers>
        <isOriginalCosponsor>True</isOriginalCosponsor>
        <middleName />
        <lastName>ROBERTS</lastName>
        <bioguideId>R000307</bioguideId>
        <state>KS</state>
        <sponsorshipDate>2017-11-09</sponsorshipDate>
        <sponsorshipWithdrawnDate />
      </item>
      <item>
        <fullName>Sen. Warner, Mark R. [D-VA]</fullName>
        <firstName>Mark</firstName>
        <party>D</party>
        <identifiers>
          <lisID>1897</lisID>
          <gpoId>8269</gpoId>
          <bioguideId>W000805</bioguideId>
        </identifiers>
        <isOriginalCosponsor>True</isOriginalCosponsor>
        <middleName>R.</middleName>
        <lastName>Warner</lastName>
        <bioguideId>W000805</bioguideId>
        <state>VA</state>
        <sponsorshipDate>2017-11-09</sponsorshipDate>
        <sponsorshipWithdrawnDate />
      </item>
      <item>
        <fullName>Sen. Blunt, Roy [R-MO]</fullName>
        <firstName>Roy</firstName>
        <party>R</party>
        <identifiers>
          <gpoId>8313</gpoId>
          <lisID>1464</lisID>
          <bioguideId>B000575</bioguideId>
        </identifiers>
        <isOriginalCosponsor>True</isOriginalCosponsor>
        <middleName />
        <lastName>Blunt</lastName>
        <bioguideId>B000575</bioguideId>
        <state>MO</state>
        <sponsorshipDate>2017-11-09</sponsorshipDate>
        <sponsorshipWithdrawnDate />
      </item>
      <item>
        <fullName>Sen. Leahy, Patrick J. [D-VT]</fullName>
        <firstName>PATRICK</firstName>
        <party>D</party>
        <identifiers>
          <bioguideId>L000174</bioguideId>
          <lisID>1383</lisID>
          <gpoId>8244</gpoId>
        </identifiers>
        <isOriginalCosponsor>True</isOriginalCosponsor>
        <middleName>JOSEPH</middleName>
        <lastName>LEAHY</lastName>
        <bioguideId>L000174</bioguideId>
        <state>VT</state>
        <sponsorshipDate>2017-11-09</sponsorshipDate>
        <sponsorshipWithdrawnDate />
      </item>
      <item>
        <fullName>Sen. Cruz, Ted [R-TX]</fullName>
        <firstName>Ted</firstName>
        <party>R</party>
        <identifiers>
          <gpoId />
          <lisID>2175</lisID>
          <bioguideId>C001098</bioguideId>
        </identifiers>
        <isOriginalCosponsor>True</isOriginalCosponsor>
        <middleName />
        <lastName>Cruz</lastName>
        <bioguideId>C001098</bioguideId>
        <state>TX</state>
        <sponsorshipDate>2017-11-09</sponsorshipDate>
        <sponsorshipWithdrawnDate />
      </item>
      <item>
        <fullName>Sen. King, Angus S., Jr. [I-ME]</fullName>
        <firstName>Angus</firstName>
        <party>I</party>
        <identifiers>
          <bioguideId>K000383</bioguideId>
          <lisID>2185</lisID>
          <gpoId />
        </identifiers>
        <isOriginalCosponsor>True</isOriginalCosponsor>
        <middleName />
        <lastName>King</lastName>
        <bioguideId>K000383</bioguideId>
        <state>ME</state>
        <sponsorshipDate>2017-11-09</sponsorshipDate>
        <sponsorshipWithdrawnDate />
      </item>
      <item>
        <fullName>Sen. Wicker, Roger F. [R-MS]</fullName>
        <firstName>ROGER</firstName>
        <party>R</party>
        <identifiers>
          <bioguideId>W000437</bioguideId>
          <lisID>1226</lisID>
          <gpoId>8263</gpoId>
        </identifiers>
        <isOriginalCosponsor>True</isOriginalCosponsor>
        <middleName>F.</middleName>
        <lastName>WICKER</lastName>
        <bioguideId>W000437</bioguideId>
        <state>MS</state>
        <sponsorshipDate>2017-11-09</sponsorshipDate>
        <sponsorshipWithdrawnDate />
      </item>
      <item>
        <fullName>Sen. Fischer, Deb [R-NE]</fullName>
        <firstName>Deb</firstName>
        <party>R</party>
        <identifiers>
          <lisID>2179</lisID>
          <gpoId />
          <bioguideId>F000463</bioguideId>
        </identifiers>
        <isOriginalCosponsor>True</isOriginalCosponsor>
        <middleName />
        <lastName>Fischer</lastName>
        <bioguideId>F000463</bioguideId>
        <state>NE</state>
        <sponsorshipDate>2017-11-09</sponsorshipDate>
        <sponsorshipWithdrawnDate />
      </item>
    </cosponsors>
    <committees>
      <billCommittees />
    </committees>
    <title>Senate Anti-Harassment Training Resolution of 2017</title>
    <billType>SRES</billType>
    <amendments />
    <cboCostEstimates />
  </bill>
  <dublinCore xmlns:dc="http://purl.org/dc/elements/1.1/">
    <dc:format>text/xml</dc:format>
    <dc:language>EN</dc:language>
    <dc:rights>Pursuant to Title 17 Section 105 of the United States Code, this file is not subject to copyright protection and is in the public domain.</dc:rights>
    <dc:contributor>Congressional Research Service, Library of Congress</dc:contributor>
    <dc:description>This file contains bill summaries and statuses for federal legislation. A bill summary describes the most significant provisions of a piece of legislation and details the effects the legislative text may have on current law and federal programs. Bill summaries are authored by the Congressional Research Service (CRS) of the Library of Congress. As stated in Public Law 91-510 (2 USC 166 (d)(6)), one of the duties of CRS is "to prepare summaries and digests of bills and resolutions of a public general nature introduced in the Senate or House of Representatives". For more information, refer to the User Guide that accompanies this file.</dc:description>
  </dublinCore>
</billStatus>

