<?xml version="1.0" encoding="UTF-8"?>
<billStatus>
  <bill>
    <notes />
    <cosponsors>
      <item>
        <fullName>Sen. Rubio, Marco [R-FL]</fullName>
        <firstName>Marco</firstName>
        <party>R</party>
        <identifiers>
          <lisID>2084</lisID>
          <gpoId>8242</gpoId>
          <bioguideId>R000595</bioguideId>
        </identifiers>
        <isOriginalCosponsor>True</isOriginalCosponsor>
        <middleName />
        <lastName>Rubio</lastName>
        <bioguideId>R000595</bioguideId>
        <state>FL</state>
        <sponsorshipDate>2017-11-08</sponsorshipDate>
        <sponsorshipWithdrawnDate />
      </item>
    </cosponsors>
    <committees>
      <billCommittees />
    </committees>
    <laws />
    <cboCostEstimates />
    <sponsors>
      <item>
        <firstName>CLARENCE</firstName>
        <party>D</party>
        <bioguideId>N000032</bioguideId>
        <identifiers>
          <bioguideId>N000032</bioguideId>
          <gpoId>8236</gpoId>
          <lisID>859</lisID>
        </identifiers>
        <lastName>NELSON</lastName>
        <state>FL</state>
        <byRequestType />
        <fullName>Sen. Nelson, Bill [D-FL]</fullName>
        <middleName>WILLIAM</middleName>
      </item>
    </sponsors>
    <createDate>2017-11-09T00:26:15Z</createDate>
    <billNumber>324</billNumber>
    <congress>115</congress>
    <subjects>
      <billSubjects>
        <legislativeSubjects />
        <policyArea>
          <name>Health</name>
        </policyArea>
      </billSubjects>
    </subjects>
    <originChamber>Senate</originChamber>
    <committeeReports />
    <policyArea>
      <name>Health</name>
    </policyArea>
    <relatedBills>
      <item>
        <type>HRES</type>
        <latestAction>
          <text>Referred to the Subcommittee on Health.</text>
          <actionDate>2017-11-10</actionDate>
        </latestAction>
        <relationshipDetails>
          <item>
            <type>Related bill</type>
            <identifiedBy>CRS</identifiedBy>
          </item>
        </relationshipDetails>
        <latestTitle>Expressing support for the designation of November 9, 2017, as "National Diabetes Heart Health Awareness Day", coinciding with American Diabetes Month.</latestTitle>
        <congress>115</congress>
        <number>610</number>
      </item>
    </relatedBills>
    <title>A resolution designating November 9, 2017, as "National Diabetes Heart Health Awareness Day", coinciding with American Diabetes Month.</title>
    <titles>
      <item>
        <parentTitleType />
        <title>A resolution designating November 9, 2017, as "National Diabetes Heart Health Awareness Day", coinciding with American Diabetes Month.</title>
        <titleType>Official Title as Introduced</titleType>
        <chamberName />
        <chamberCode />
      </item>
      <item>
        <parentTitleType />
        <title>A resolution designating November 9, 2017, as "National Diabetes Heart Health Awareness Day", coinciding with American Diabetes Month.</title>
        <titleType>Display Title</titleType>
        <chamberName />
        <chamberCode />
      </item>
    </titles>
    <summaries>
      <billSummaries>
        <item>
          <updateDate>2017-11-08T05:00:00Z</updateDate>
          <lastSummaryUpdateDate>2018-02-15T16:49:56Z</lastSummaryUpdateDate>
          <versionCode>00</versionCode>
          <name>Introduced in Senate</name>
          <text><![CDATA[<p>Expresses support for: (1) the designation of November 9, 2017, as National Diabetes Heart Health Awareness Day; and (2) the efforts of the Department of Health and Human Services and the medical community to educate people about the risks, symptoms, and treatment of diabetes to include comorbid cardiovascular diseases and risk factors.</p>]]></text>
          <actionDate>2017-11-08</actionDate>
          <actionDesc>Introduced in Senate</actionDesc>
        </item>
        <item>
          <updateDate>2017-11-08T15:31:37Z</updateDate>
          <lastSummaryUpdateDate>2018-02-21T22:40:43Z</lastSummaryUpdateDate>
          <versionCode>82</versionCode>
          <name>Passed Senate without amendment</name>
          <text><![CDATA[<p>(This measure has not been amended since it was introduced. The summary of that version is repeated here.)</p> <p>Expresses support for: (1) the designation of November 9, 2017, as National Diabetes Heart Health Awareness Day; and (2) the efforts of the Department of Health and Human Services and the medical community to educate people about the risks, symptoms, and treatment of diabetes to include comorbid cardiovascular diseases and risk factors.</p>]]></text>
          <actionDate>2017-11-08</actionDate>
          <actionDesc>Passed Senate without amendment</actionDesc>
        </item>
      </billSummaries>
    </summaries>
    <latestAction>
      <actionDate>2017-11-08</actionDate>
      <links />
      <text>Submitted in the Senate, considered, and agreed to without amendment and with a preamble by Unanimous Consent. (consideration: CR S7120-7121; text: CR S7119-7120)</text>
    </latestAction>
    <calendarNumbers />
    <recordedVotes />
    <updateDate>2018-02-27T05:28:28Z</updateDate>
    <amendments />
    <introducedDate>2017-11-08</introducedDate>
    <version>1.0.0</version>
    <actions>
      <actionByCounts>
        <senate>3</senate>
      </actionByCounts>
      <actionTypeCounts>
        <passedOrAgreedToInSenateDayOf>1</passedOrAgreedToInSenateDayOf>
        <introducedInSenate>1</introducedInSenate>
        <passedAgreedToInSenate>1</passedAgreedToInSenate>
      </actionTypeCounts>
      <item>
        <actionDate>2017-11-08</actionDate>
        <committee />
        <links>
          <link>
            <name>S7119-7120</name>
            <url>https://www.congress.gov/congressional-record/volume-163/senate-section/page/S7119-7120</url>
          </link>
          <link>
            <name>S7120-7121</name>
            <url>https://www.congress.gov/congressional-record/volume-163/senate-section/page/S7120-7121</url>
          </link>
        </links>
        <sourceSystem>
          <code>0</code>
          <name>Senate</name>
        </sourceSystem>
        <text>Submitted in the Senate, considered, and agreed to without amendment and with a preamble by Unanimous Consent. (consideration: CR S7120-7121; text: CR S7119-7120)</text>
        <type>Floor</type>
      </item>
      <item>
        <actionDate>2017-11-08</actionDate>
        <committee />
        <links>
          <link>
            <name>S7119-7120</name>
            <url>https://www.congress.gov/congressional-record/volume-163/senate-section/page/S7119-7120</url>
          </link>
          <link>
            <name>S7120-7121</name>
            <url>https://www.congress.gov/congressional-record/volume-163/senate-section/page/S7120-7121</url>
          </link>
        </links>
        <text>Passed/agreed to in Senate: Submitted in the Senate, considered, and agreed to without amendment and with a preamble by Unanimous Consent.(consideration: CR S7120-7121; text: CR S7119-7120)</text>
        <type>Floor</type>
        <sourceSystem>
          <code>9</code>
          <name>Library of Congress</name>
        </sourceSystem>
        <actionCode>17000</actionCode>
      </item>
      <item>
        <actionDate>2017-11-08</actionDate>
        <committee />
        <links />
        <text>Introduced in Senate</text>
        <type>IntroReferral</type>
        <sourceSystem>
          <code>9</code>
          <name>Library of Congress</name>
        </sourceSystem>
        <actionCode>10000</actionCode>
      </item>
    </actions>
    <billType>SRES</billType>
  </bill>
  <dublinCore xmlns:dc="http://purl.org/dc/elements/1.1/">
    <dc:format>text/xml</dc:format>
    <dc:language>EN</dc:language>
    <dc:rights>Pursuant to Title 17 Section 105 of the United States Code, this file is not subject to copyright protection and is in the public domain.</dc:rights>
    <dc:contributor>Congressional Research Service, Library of Congress</dc:contributor>
    <dc:description>This file contains bill summaries and statuses for federal legislation. A bill summary describes the most significant provisions of a piece of legislation and details the effects the legislative text may have on current law and federal programs. Bill summaries are authored by the Congressional Research Service (CRS) of the Library of Congress. As stated in Public Law 91-510 (2 USC 166 (d)(6)), one of the duties of CRS is "to prepare summaries and digests of bills and resolutions of a public general nature introduced in the Senate or House of Representatives". For more information, refer to the User Guide that accompanies this file.</dc:description>
  </dublinCore>
</billStatus>

