<?xml version="1.0" encoding="UTF-8"?>
<billStatus>
  <bill>
    <policyArea>
      <name>International Affairs</name>
    </policyArea>
    <committeeReports />
    <congress>115</congress>
    <sponsors>
      <item>
        <identifiers>
          <bioguideId>B001288</bioguideId>
          <lisID>2194</lisID>
          <gpoId />
        </identifiers>
        <middleName>A.</middleName>
        <byRequestType />
        <fullName>Sen. Booker, Cory A. [D-NJ]</fullName>
        <bioguideId>B001288</bioguideId>
        <state>NJ</state>
        <party>D</party>
        <firstName>Cory</firstName>
        <lastName>Booker</lastName>
      </item>
    </sponsors>
    <calendarNumbers />
    <amendments />
    <relatedBills>
      <item>
        <type>HRES</type>
        <latestAction>
          <text>Referred to the House Committee on Foreign Affairs.</text>
          <actionDate>2017-07-20</actionDate>
        </latestAction>
        <latestTitle>Supporting the role of the United States in promoting children's access to quality education in the poorest countries through the Global Partnership for Education.</latestTitle>
        <relationshipDetails>
          <item>
            <type>Related bill</type>
            <identifiedBy>CRS</identifiedBy>
          </item>
        </relationshipDetails>
        <congress>115</congress>
        <number>466</number>
      </item>
    </relatedBills>
    <notes />
    <originChamber>Senate</originChamber>
    <version>1.0.0</version>
    <billNumber>286</billNumber>
    <title>A resolution supporting the role of the United States in ensuring children in the poorest countries have access to a quality education through the Global Partnership for Education.</title>
    <cosponsors>
      <item>
        <party>R</party>
        <bioguideId>R000595</bioguideId>
        <isOriginalCosponsor>True</isOriginalCosponsor>
        <firstName>Marco</firstName>
        <middleName />
        <sponsorshipWithdrawnDate />
        <sponsorshipDate>2017-10-05</sponsorshipDate>
        <fullName>Sen. Rubio, Marco [R-FL]</fullName>
        <identifiers>
          <lisID>2084</lisID>
          <bioguideId>R000595</bioguideId>
          <gpoId>8242</gpoId>
        </identifiers>
        <lastName>Rubio</lastName>
        <state>FL</state>
      </item>
    </cosponsors>
    <subjects>
      <billSubjects>
        <legislativeSubjects />
        <policyArea>
          <name>International Affairs</name>
        </policyArea>
      </billSubjects>
    </subjects>
    <laws />
    <actions>
      <item>
        <actionDate>2017-10-05</actionDate>
        <committee>
          <systemCode>ssfr00</systemCode>
          <name>Foreign Relations Committee</name>
        </committee>
        <links>
          <link>
            <url>https://www.congress.gov/congressional-record/volume-163/senate-section/page/S6367</url>
            <name>S6367</name>
          </link>
        </links>
        <sourceSystem>
          <name>Senate</name>
          <code>0</code>
        </sourceSystem>
        <text>Referred to the Committee on Foreign Relations. (text of measure as introduced: CR S6367)</text>
        <type>IntroReferral</type>
      </item>
      <item>
        <links />
        <actionDate>2017-10-05</actionDate>
        <type>IntroReferral</type>
        <text>Introduced in Senate</text>
        <actionCode>10000</actionCode>
        <sourceSystem>
          <name>Library of Congress</name>
          <code>9</code>
        </sourceSystem>
        <committee />
      </item>
      <actionByCounts>
        <senate>2</senate>
      </actionByCounts>
      <actionTypeCounts>
        <introducedInSenate>1</introducedInSenate>
        <referredToCommittee>1</referredToCommittee>
      </actionTypeCounts>
    </actions>
    <titles>
      <item>
        <chamberName />
        <titleType>Official Title as Introduced</titleType>
        <title>A resolution supporting the role of the United States in ensuring children in the poorest countries have access to a quality education through the Global Partnership for Education.</title>
        <parentTitleType />
        <chamberCode />
      </item>
      <item>
        <chamberName />
        <titleType>Display Title</titleType>
        <title>A resolution supporting the role of the United States in ensuring children in the poorest countries have access to a quality education through the Global Partnership for Education.</title>
        <parentTitleType />
        <chamberCode />
      </item>
    </titles>
    <summaries>
      <billSummaries>
        <item>
          <versionCode>00</versionCode>
          <updateDate>2017-10-05T04:00:00Z</updateDate>
          <actionDesc>Introduced in Senate</actionDesc>
          <lastSummaryUpdateDate>2018-01-04T22:10:10Z</lastSummaryUpdateDate>
          <actionDate>2017-10-05</actionDate>
          <name>Introduced in Senate</name>
          <text><![CDATA[<p>Affirms U.S. leadership and commitment to improving access to quality education for the poorest and most marginalized children and youth worldwide.</p> <p>Supports the mission and goals of the Global Partnership for Education (GPE) to mobilize global and national efforts to contribute to the achievement of equitable, quality education and learning.</p> <p>Recognizes that U.S. investments in bilateral basic education are complemented by GPE's education systems approach and convening authority.</p> <p>Encourages increased commitment and investment by the U.S. government, international donors, private foundations, and private sector donors through the GPE to the global effort to ensure that children and youth are in school.</p> <ul> </ul>]]></text>
        </item>
      </billSummaries>
    </summaries>
    <committees>
      <billCommittees>
        <item>
          <chamber>Senate</chamber>
          <subcommittees />
          <type>Standing</type>
          <activities>
            <item>
              <date>2017-10-05T20:25:37Z</date>
              <name>Referred to</name>
            </item>
          </activities>
          <systemCode>ssfr00</systemCode>
          <name>Foreign Relations Committee</name>
        </item>
      </billCommittees>
    </committees>
    <introducedDate>2017-10-05</introducedDate>
    <updateDate>2018-02-06T16:44:15Z</updateDate>
    <cboCostEstimates />
    <recordedVotes />
    <billType>SRES</billType>
    <createDate>2017-10-06T00:41:17Z</createDate>
    <latestAction>
      <text>Referred to the Committee on Foreign Relations. (text of measure as introduced: CR S6367)</text>
      <links />
      <actionDate>2017-10-05</actionDate>
    </latestAction>
  </bill>
  <dublinCore xmlns:dc="http://purl.org/dc/elements/1.1/">
    <dc:format>text/xml</dc:format>
    <dc:language>EN</dc:language>
    <dc:rights>Pursuant to Title 17 Section 105 of the United States Code, this file is not subject to copyright protection and is in the public domain.</dc:rights>
    <dc:contributor>Congressional Research Service, Library of Congress</dc:contributor>
    <dc:description>This file contains bill summaries and statuses for federal legislation. A bill summary describes the most significant provisions of a piece of legislation and details the effects the legislative text may have on current law and federal programs. Bill summaries are authored by the Congressional Research Service (CRS) of the Library of Congress. As stated in Public Law 91-510 (2 USC 166 (d)(6)), one of the duties of CRS is "to prepare summaries and digests of bills and resolutions of a public general nature introduced in the Senate or House of Representatives". For more information, refer to the User Guide that accompanies this file.</dc:description>
  </dublinCore>
</billStatus>

