<?xml version="1.0" encoding="UTF-8"?>
<billStatus>
  <bill>
    <policyArea>
      <name>International Affairs</name>
    </policyArea>
    <calendarNumbers />
    <actions>
      <actionByCounts>
        <senate>2</senate>
      </actionByCounts>
      <actionTypeCounts>
        <introducedInSenate>1</introducedInSenate>
        <referredToCommittee>1</referredToCommittee>
      </actionTypeCounts>
      <item>
        <actionDate>2017-12-20</actionDate>
        <committee>
          <systemCode>ssfr00</systemCode>
          <name>Foreign Relations Committee</name>
        </committee>
        <links>
          <link>
            <name>S8182-8183</name>
            <url>https://www.congress.gov/congressional-record/volume-163/senate-section/page/S8182-8183</url>
          </link>
        </links>
        <sourceSystem>
          <code>0</code>
          <name>Senate</name>
        </sourceSystem>
        <text>Referred to the Committee on Foreign Relations. (text of measure as introduced: CR S8182-8183)</text>
        <type>IntroReferral</type>
      </item>
      <item>
        <actionDate>2017-12-20</actionDate>
        <committee />
        <links />
        <text>Introduced in Senate</text>
        <type>IntroReferral</type>
        <sourceSystem>
          <code>9</code>
          <name>Library of Congress</name>
        </sourceSystem>
        <actionCode>10000</actionCode>
      </item>
    </actions>
    <latestAction>
      <text>Referred to the Committee on Foreign Relations. (text of measure as introduced: CR S8182-8183)</text>
      <actionDate>2017-12-20</actionDate>
      <links />
    </latestAction>
    <cboCostEstimates />
    <recordedVotes />
    <titles>
      <item>
        <title>A resolution expressing profound concern about the growing political, humanitarian, and economic crisis in Venezuela and the widespread human rights abuses perpetrated by the Government of Venezuela.</title>
        <chamberCode />
        <titleType>Official Title as Introduced</titleType>
        <parentTitleType />
        <chamberName />
      </item>
      <item>
        <title>A resolution expressing profound concern about the growing political, humanitarian, and economic crisis in Venezuela and the widespread human rights abuses perpetrated by the Government of Venezuela.</title>
        <chamberCode />
        <titleType>Display Title</titleType>
        <parentTitleType />
        <chamberName />
      </item>
    </titles>
    <billNumber>363</billNumber>
    <committeeReports />
    <cosponsors>
      <item>
        <party>R</party>
        <fullName>Sen. Rubio, Marco [R-FL]</fullName>
        <sponsorshipWithdrawnDate />
        <lastName>Rubio</lastName>
        <sponsorshipDate>2017-12-20</sponsorshipDate>
        <identifiers>
          <bioguideId>R000595</bioguideId>
          <lisID>2084</lisID>
          <gpoId>8242</gpoId>
        </identifiers>
        <isOriginalCosponsor>True</isOriginalCosponsor>
        <firstName>Marco</firstName>
        <middleName />
        <bioguideId>R000595</bioguideId>
        <state>FL</state>
      </item>
      <item>
        <party>D</party>
        <fullName>Sen. Menendez, Robert [D-NJ]</fullName>
        <sponsorshipWithdrawnDate />
        <lastName>MENENDEZ</lastName>
        <sponsorshipDate>2017-12-21</sponsorshipDate>
        <identifiers>
          <gpoId>8239</gpoId>
          <lisID>791</lisID>
          <bioguideId>M000639</bioguideId>
        </identifiers>
        <isOriginalCosponsor>False</isOriginalCosponsor>
        <firstName>ROBERT</firstName>
        <middleName />
        <bioguideId>M000639</bioguideId>
        <state>NJ</state>
      </item>
      <item>
        <party>D</party>
        <fullName>Sen. Kaine, Tim [D-VA]</fullName>
        <sponsorshipWithdrawnDate />
        <lastName>Kaine</lastName>
        <sponsorshipDate>2018-01-04</sponsorshipDate>
        <identifiers>
          <bioguideId>K000384</bioguideId>
          <lisID>2176</lisID>
          <gpoId />
        </identifiers>
        <isOriginalCosponsor>False</isOriginalCosponsor>
        <firstName>Timothy</firstName>
        <middleName />
        <bioguideId>K000384</bioguideId>
        <state>VA</state>
      </item>
      <item>
        <party>D</party>
        <fullName>Sen. Durbin, Richard J. [D-IL]</fullName>
        <sponsorshipWithdrawnDate />
        <lastName>DURBIN</lastName>
        <sponsorshipDate>2018-01-10</sponsorshipDate>
        <identifiers>
          <gpoId>8326</gpoId>
          <lisID>326</lisID>
          <bioguideId>D000563</bioguideId>
        </identifiers>
        <isOriginalCosponsor>False</isOriginalCosponsor>
        <firstName>RICHARD</firstName>
        <middleName>J.</middleName>
        <bioguideId>D000563</bioguideId>
        <state>IL</state>
      </item>
      <item>
        <party>D</party>
        <fullName>Sen. Baldwin, Tammy [D-WI]</fullName>
        <sponsorshipWithdrawnDate />
        <lastName>BALDWIN</lastName>
        <sponsorshipDate>2018-01-16</sponsorshipDate>
        <identifiers>
          <bioguideId>B001230</bioguideId>
          <gpoId>8215</gpoId>
          <lisID>1558</lisID>
        </identifiers>
        <isOriginalCosponsor>False</isOriginalCosponsor>
        <firstName>TAMMY</firstName>
        <middleName />
        <bioguideId>B001230</bioguideId>
        <state>WI</state>
      </item>
    </cosponsors>
    <title>A resolution expressing profound concern about the growing political, humanitarian, and economic crisis in Venezuela and the widespread human rights abuses perpetrated by the Government of Venezuela.</title>
    <subjects>
      <billSubjects>
        <legislativeSubjects>
          <item>
            <name>Detention of persons</name>
          </item>
          <item>
            <name>Diplomacy, foreign officials, Americans abroad</name>
          </item>
          <item>
            <name>Food assistance and relief</name>
          </item>
          <item>
            <name>Foreign aid and international relief</name>
          </item>
          <item>
            <name>Human rights</name>
          </item>
          <item>
            <name>International organizations and cooperation</name>
          </item>
          <item>
            <name>Latin America</name>
          </item>
          <item>
            <name>Protest and dissent</name>
          </item>
          <item>
            <name>Venezuela</name>
          </item>
          <item>
            <name>World health</name>
          </item>
        </legislativeSubjects>
        <policyArea>
          <name>International Affairs</name>
        </policyArea>
      </billSubjects>
    </subjects>
    <relatedBills />
    <amendments />
    <committees>
      <billCommittees>
        <item>
          <type>Standing</type>
          <chamber>Senate</chamber>
          <name>Foreign Relations Committee</name>
          <activities>
            <item>
              <name>Referred to</name>
              <date>2017-12-20T19:20:06Z</date>
            </item>
          </activities>
          <subcommittees />
          <systemCode>ssfr00</systemCode>
        </item>
      </billCommittees>
    </committees>
    <congress>115</congress>
    <laws />
    <updateDate>2018-02-28T20:45:08Z</updateDate>
    <sponsors>
      <item>
        <lastName>NELSON</lastName>
        <middleName>WILLIAM</middleName>
        <firstName>CLARENCE</firstName>
        <party>D</party>
        <bioguideId>N000032</bioguideId>
        <identifiers>
          <bioguideId>N000032</bioguideId>
          <lisID>859</lisID>
          <gpoId>8236</gpoId>
        </identifiers>
        <byRequestType />
        <state>FL</state>
        <fullName>Sen. Nelson, Bill [D-FL]</fullName>
      </item>
    </sponsors>
    <summaries>
      <billSummaries>
        <item>
          <updateDate>2017-12-20T05:00:00Z</updateDate>
          <actionDesc>Introduced in Senate</actionDesc>
          <versionCode>00</versionCode>
          <lastSummaryUpdateDate>2018-02-28T20:39:45Z</lastSummaryUpdateDate>
          <name>Introduced in Senate</name>
          <actionDate>2017-12-20</actionDate>
          <text><![CDATA[<p>Expresses concern about the humanitarian impacts of the crisis suffered by the people of Venezuela.</p> <p>Urges President of Venezuela Nicolas Maduro to permit the delivery of international humanitarian assistance. </p> <p>Calls on the government of Venezuela to release all political prisoners, respect internationally recognized human rights, ensure the neutrality and professionalism of all security forces, and respect the Venezuelan people's rights to freedom of expression and assembly.</p> <p>Supports the review by the Organization of American States (OAS) of whether human rights abuses in Venezuela warrant an investigation by the International Criminal Court.</p> <p>Urges the President of the United States to: (1) provide full support for OAS efforts in examining the human rights situation in Venezuela, and (2) instruct appropriate federal agencies to hold Venezuelan government officials accountable for violations of U.S. law and abuses of internationally recognized human rights.</p> <ul> </ul>]]></text>
        </item>
      </billSummaries>
    </summaries>
    <introducedDate>2017-12-20</introducedDate>
    <originChamber>Senate</originChamber>
    <version>1.0.0</version>
    <createDate>2017-12-21T00:41:08Z</createDate>
    <billType>SRES</billType>
    <notes />
  </bill>
  <dublinCore xmlns:dc="http://purl.org/dc/elements/1.1/">
    <dc:format>text/xml</dc:format>
    <dc:language>EN</dc:language>
    <dc:rights>Pursuant to Title 17 Section 105 of the United States Code, this file is not subject to copyright protection and is in the public domain.</dc:rights>
    <dc:contributor>Congressional Research Service, Library of Congress</dc:contributor>
    <dc:description>This file contains bill summaries and statuses for federal legislation. A bill summary describes the most significant provisions of a piece of legislation and details the effects the legislative text may have on current law and federal programs. Bill summaries are authored by the Congressional Research Service (CRS) of the Library of Congress. As stated in Public Law 91-510 (2 USC 166 (d)(6)), one of the duties of CRS is "to prepare summaries and digests of bills and resolutions of a public general nature introduced in the Senate or House of Representatives". For more information, refer to the User Guide that accompanies this file.</dc:description>
  </dublinCore>
</billStatus>

