<?xml version="1.0" encoding="UTF-8"?>
<billStatus>
  <bill>
    <createDate>2017-10-04T00:41:22Z</createDate>
    <introducedDate>2017-10-03</introducedDate>
    <congress>115</congress>
    <latestAction>
      <actionDate>2017-11-16</actionDate>
      <links />
      <text>Resolution agreed to in Senate with an amendment and an amended preamble by Unanimous Consent. (text: CR S7309-7310)</text>
    </latestAction>
    <originChamber>Senate</originChamber>
    <billNumber>279</billNumber>
    <sponsors>
      <item>
        <state>AZ</state>
        <identifiers>
          <gpoId>8253</gpoId>
          <lisID>754</lisID>
          <bioguideId>M000303</bioguideId>
        </identifiers>
        <bioguideId>M000303</bioguideId>
        <lastName>MCCAIN</lastName>
        <fullName>Sen. McCain, John [R-AZ]</fullName>
        <firstName>JOHN</firstName>
        <party>R</party>
        <middleName>SIDNEY</middleName>
        <byRequestType />
      </item>
    </sponsors>
    <title>A resolution reaffirming the commitment of the United States to promote democracy, human rights, and the rule of law in Cambodia.</title>
    <relatedBills>
      <item>
        <number>661</number>
        <latestTitle>Reaffirming the commitment of the United States to promote democracy, human rights, and the rule of law in Cambodia.</latestTitle>
        <type>HRES</type>
        <relationshipDetails>
          <item>
            <identifiedBy>CRS</identifiedBy>
            <type>Related bill</type>
          </item>
        </relationshipDetails>
        <congress>115</congress>
        <latestAction>
          <text>Referred to the Committee on Foreign Affairs, and in addition to the Committee on the Judiciary, for a period to be subsequently determined by the Speaker, in each case for consideration of such provisions as fall within the jurisdiction of the committee concerned.</text>
          <actionDate>2017-12-12</actionDate>
        </latestAction>
      </item>
    </relatedBills>
    <titles>
      <item>
        <chamberCode />
        <title>A resolution reaffirming the commitment of the United States to promote democracy, human rights, and the rule of law in Cambodia.</title>
        <titleType>Official Title as Introduced</titleType>
        <parentTitleType />
        <chamberName />
      </item>
      <item>
        <chamberCode />
        <title>A resolution reaffirming the commitment of the United States to promote democracy, human rights, and the rule of law in Cambodia.</title>
        <titleType>Display Title</titleType>
        <parentTitleType />
        <chamberName />
      </item>
    </titles>
    <billType>SRES</billType>
    <summaries>
      <billSummaries>
        <item>
          <versionCode>00</versionCode>
          <updateDate>2017-10-03T04:00:00Z</updateDate>
          <actionDate>2017-10-03</actionDate>
          <text><![CDATA[<p>Reaffirms the U.S. commitment to promote democracy, human rights, and the rule of law in Cambodia. </p> <p>Condemns political violence in Cambodia and urges the cessation of human rights violations.</p> <p>Urges:</p> <ul> <li>Prime Minister Hun Sen and the Cambodian People's Party to end all harassment and intimidation of Cambodia's opposition and foster an environment where democracy can thrive and flourish; </li> <li>the Department of State to consider placing all senior Cambodian government officials implicated in such abuses on the Specially Designated Nationals list; </li> <li>the Cambodian government to free Mr. Kem Sokha and to respect freedom of the press and the rights of its citizens to freely assemble, protest, and speak out against the government; and </li> <li>the President to communicate to the Cambodian government that if it ignores the recommendations of the international community and maintains the current restrictive and intimidating political environment, the U.S. government will have to determine that the 2018 elections were not conducted freely or fairly. </li></ul> <p>Supports electoral reform efforts in Cambodia and free and fair elections in 2018.</p> <ul></ul>]]></text>
          <actionDesc>Introduced in Senate</actionDesc>
          <lastSummaryUpdateDate>2018-01-26T21:12:35Z</lastSummaryUpdateDate>
          <name>Introduced in Senate</name>
        </item>
        <item>
          <versionCode>35</versionCode>
          <updateDate>2017-11-16T14:13:10Z</updateDate>
          <actionDate>2017-11-16</actionDate>
          <text><![CDATA[<p>Reaffirms the U.S. commitment to promote democracy, human rights, and the rule of law in Cambodia. </p> <p>Condemns political violence in Cambodia and urges the cessation of human rights violations.</p> <p>Urges:</p> <ul> <li>Prime Minister Hun Sen and the Cambodian People's Party to end all harassment and intimidation of Cambodia's opposition and foster an environment where democracy can thrive and flourish; </li> <li>the Department of the Treasury to consider placing all senior Cambodian government officials implicated in such abuses on the Specially Designated Nationals list; and </li> <li>the Cambodian government to free Mr. Kem Sokha and to respect freedom of the press and the rights of its citizens to freely assemble, protest, and speak out against the government. </li></ul> <p>Supports electoral reform efforts in Cambodia and free and fair elections in 2018.</p> <ul></ul> <ul></ul>]]></text>
          <actionDesc>Passed Senate amended</actionDesc>
          <lastSummaryUpdateDate>2018-01-26T21:12:47Z</lastSummaryUpdateDate>
          <name>Passed Senate amended</name>
        </item>
      </billSummaries>
    </summaries>
    <committeeReports />
    <laws />
    <subjects>
      <billSubjects>
        <policyArea>
          <name>International Affairs</name>
        </policyArea>
        <legislativeSubjects>
          <item>
            <name>Asia</name>
          </item>
          <item>
            <name>Cambodia</name>
          </item>
          <item>
            <name>Detention of persons</name>
          </item>
          <item>
            <name>Diplomacy, foreign officials, Americans abroad</name>
          </item>
          <item>
            <name>Elections, voting, political campaign regulation</name>
          </item>
          <item>
            <name>Foreign property</name>
          </item>
          <item>
            <name>Human rights</name>
          </item>
          <item>
            <name>News media and reporting</name>
          </item>
          <item>
            <name>Political parties and affiliation</name>
          </item>
          <item>
            <name>Protest and dissent</name>
          </item>
          <item>
            <name>Rule of law and government transparency</name>
          </item>
          <item>
            <name>Sanctions</name>
          </item>
          <item>
            <name>Sovereignty, recognition, national governance and status</name>
          </item>
        </legislativeSubjects>
      </billSubjects>
    </subjects>
    <committees>
      <billCommittees>
        <item>
          <subcommittees />
          <type>Standing</type>
          <systemCode>ssfr00</systemCode>
          <activities>
            <item>
              <name>Reported by</name>
              <date>2017-11-01T20:48:19Z</date>
            </item>
            <item>
              <name>Markup by</name>
              <date>2017-10-26T13:30:00Z</date>
            </item>
            <item>
              <name>Referred to</name>
              <date>2017-10-03T14:32:01Z</date>
            </item>
          </activities>
          <name>Foreign Relations Committee</name>
          <chamber>Senate</chamber>
        </item>
      </billCommittees>
    </committees>
    <version>1.0.0</version>
    <recordedVotes />
    <updateDate>2018-02-06T16:44:15Z</updateDate>
    <calendarNumbers>
      <item>
        <calendar>Senate Calendar of Business</calendar>
        <number>0257</number>
      </item>
    </calendarNumbers>
    <cboCostEstimates />
    <actions>
      <actionByCounts>
        <senate>9</senate>
      </actionByCounts>
      <actionTypeCounts>
        <orderedReported>1</orderedReported>
        <reportedToSenate>2</reportedToSenate>
        <referredToCommittee>1</referredToCommittee>
        <agreedToInSenate>1</agreedToInSenate>
        <measureLaidBeforeSenate>1</measureLaidBeforeSenate>
        <placedOnCalendarGeneralOrders>1</placedOnCalendarGeneralOrders>
        <passedAgreedToInSenate>1</passedAgreedToInSenate>
        <introducedInSenate>1</introducedInSenate>
      </actionTypeCounts>
      <item>
        <actionDate>2017-11-16</actionDate>
        <committee />
        <links>
          <link>
            <name>S7309-7310</name>
            <url>https://www.congress.gov/congressional-record/volume-163/senate-section/page/S7309-7310</url>
          </link>
        </links>
        <sourceSystem>
          <name>Senate</name>
          <code>0</code>
        </sourceSystem>
        <text>Resolution agreed to in Senate with an amendment and an amended preamble by Unanimous Consent. (text: CR S7309-7310)</text>
        <type>Floor</type>
      </item>
      <item>
        <sourceSystem>
          <name>Library of Congress</name>
          <code>9</code>
        </sourceSystem>
        <actionDate>2017-11-16</actionDate>
        <text>Passed/agreed to in Senate: Resolution agreed to in Senate with an amendment and an amended preamble by Unanimous Consent.(text: CR S7309-7310)</text>
        <type>Floor</type>
        <links>
          <link>
            <name>S7309-7310</name>
            <url>https://www.congress.gov/congressional-record/volume-163/senate-section/page/S7309-7310</url>
          </link>
        </links>
        <committee />
        <actionCode>17000</actionCode>
      </item>
      <item>
        <actionDate>2017-11-16</actionDate>
        <committee />
        <links>
          <link>
            <name>S7308-7309</name>
            <url>https://www.congress.gov/congressional-record/volume-163/senate-section/page/S7308-7309</url>
          </link>
          <link>
            <name>S7308-7310</name>
            <url>https://www.congress.gov/congressional-record/volume-163/senate-section/page/S7308-7310</url>
          </link>
        </links>
        <sourceSystem>
          <name>Senate</name>
          <code>0</code>
        </sourceSystem>
        <text>Measure laid before Senate by unanimous consent. (consideration: CR S7308-7310; text of measure as reported: CR S7308-7309)</text>
        <type>Floor</type>
      </item>
      <item>
        <actionDate>2017-11-01</actionDate>
        <committee />
        <links />
        <sourceSystem>
          <name>Senate</name>
          <code>0</code>
        </sourceSystem>
        <text>Placed on Senate Legislative Calendar under General Orders. Calendar No. 257.</text>
        <type>Calendars</type>
      </item>
      <item>
        <actionDate>2017-11-01</actionDate>
        <committee>
          <systemCode>ssfr00</systemCode>
          <name>Foreign Relations Committee</name>
        </committee>
        <links />
        <sourceSystem>
          <name>Senate</name>
          <code>0</code>
        </sourceSystem>
        <text>Committee on Foreign Relations. Reported by Senator Corker with an amendment in the nature of a substitute and with an amended preamble. Without written report.</text>
        <type>Committee</type>
      </item>
      <item>
        <sourceSystem>
          <name>Library of Congress</name>
          <code>9</code>
        </sourceSystem>
        <actionDate>2017-11-01</actionDate>
        <text>Committee on Foreign Relations. Reported by Senator Corker with an amendment in the nature of a substitute and with an amended preamble. Without written report.</text>
        <type>Committee</type>
        <links />
        <committee>
          <systemCode>ssfr00</systemCode>
          <name>Foreign Relations Committee</name>
        </committee>
        <actionCode>14000</actionCode>
      </item>
      <item>
        <actionDate>2017-10-26</actionDate>
        <committee>
          <systemCode>ssfr00</systemCode>
          <name>Foreign Relations Committee</name>
        </committee>
        <links />
        <sourceSystem>
          <name>Senate</name>
          <code>0</code>
        </sourceSystem>
        <text>Committee on Foreign Relations. Ordered to be reported with an amendment in the nature of a substitute favorably.</text>
        <type>Committee</type>
      </item>
      <item>
        <actionDate>2017-10-03</actionDate>
        <committee>
          <systemCode>ssfr00</systemCode>
          <name>Foreign Relations Committee</name>
        </committee>
        <links>
          <link>
            <name>S6290-6291</name>
            <url>https://www.congress.gov/congressional-record/volume-163/senate-section/page/S6290-6291</url>
          </link>
        </links>
        <sourceSystem>
          <name>Senate</name>
          <code>0</code>
        </sourceSystem>
        <text>Referred to the Committee on Foreign Relations. (text of measure as introduced: CR S6290-6291)</text>
        <type>IntroReferral</type>
      </item>
      <item>
        <sourceSystem>
          <name>Library of Congress</name>
          <code>9</code>
        </sourceSystem>
        <actionDate>2017-10-03</actionDate>
        <text>Introduced in Senate</text>
        <type>IntroReferral</type>
        <links />
        <committee />
        <actionCode>10000</actionCode>
      </item>
    </actions>
    <amendments>
      <amendment>
        <congress>115</congress>
        <description />
        <submittedDate>2017-11-16T05:00:00Z</submittedDate>
        <cosponsors>
          <currentCount>0</currentCount>
          <totalCount>0</totalCount>
        </cosponsors>
        <amendedBill>
          <originChamber>Senate</originChamber>
          <number>279</number>
          <type>SRES</type>
          <congress>115</congress>
          <title>A resolution reaffirming the commitment of the United States to promote democracy, human rights, and the rule of law in Cambodia.</title>
          <originChamberCode>S</originChamberCode>
        </amendedBill>
        <type>SAMDT</type>
        <createDate>2017-11-17T05:46:19Z</createDate>
        <notes />
        <amendedAmendment />
        <purpose>To acknowledge the contributions of nongovernmental organizations in Cambodia.</purpose>
        <chamber>Senate</chamber>
        <links />
        <version>1.0.0</version>
        <updateDate>2018-02-06T11:43:09Z</updateDate>
        <amendments>
          <count>0</count>
        </amendments>
        <number>1586</number>
        <actions>
          <actionTypeCounts>
            <amendmentAgreedTo>1</amendmentAgreedTo>
            <senateAmendmentProposedOnTheFloor>1</senateAmendmentProposedOnTheFloor>
            <amendmentProposed>1</amendmentProposed>
            <senateAmendmentAgreedTo>1</senateAmendmentAgreedTo>
            <senateAmendmentSubmitted>1</senateAmendmentSubmitted>
          </actionTypeCounts>
          <actions>
            <item>
              <actionDate>2017-11-16</actionDate>
              <committee />
              <links>
                <link>
                  <name>S.Amdt.1586</name>
                  <url>https://www.congress.gov/amendment/115th-congress/senate-amendment/1586</url>
                </link>
                <link>
                  <name>SA 1586</name>
                  <url>https://www.congress.gov/amendment/115th-congress/senate-amendment/1586</url>
                </link>
              </links>
              <sourceSystem>
                <code>0</code>
                <name>Senate</name>
              </sourceSystem>
              <text>Amendment SA 1586 agreed to in Senate by Unanimous Consent.</text>
              <type>Floor</type>
            </item>
            <item>
              <actionDate>2017-11-16</actionDate>
              <committee />
              <links>
                <link>
                  <name>S.Amdt.1586</name>
                  <url>https://www.congress.gov/amendment/115th-congress/senate-amendment/1586</url>
                </link>
                <link>
                  <name>S7309</name>
                  <url>https://www.congress.gov/congressional-record/volume-163/senate-section/page/S7309</url>
                </link>
                <link>
                  <name>SA 1586</name>
                  <url>https://www.congress.gov/amendment/115th-congress/senate-amendment/1586</url>
                </link>
              </links>
              <sourceSystem>
                <code>0</code>
                <name>Senate</name>
              </sourceSystem>
              <text>Amendment SA 1586 proposed by Senator McConnell for Senator McCain. (consideration: CR S7309; text: CR S7309) To acknowledge the contributions of nongovernmental organizations in Cambodia.</text>
              <type>Floor</type>
            </item>
            <item>
              <actionDate>2017-11-16</actionDate>
              <committee />
              <links />
              <text />
            </item>
            <item>
              <type>Floor</type>
              <text>Senate amendment proposed (on the floor): Amendment SA 1586 proposed by Senator McConnell for Senator McCain.(consideration: CR S7309; text: CR S7309)</text>
              <links>
                <link>
                  <name>S.Amdt.1586</name>
                  <url>https://www.congress.gov/amendment/115th-congress/senate-amendment/1586</url>
                </link>
                <link>
                  <name>S7309</name>
                  <url>https://www.congress.gov/congressional-record/volume-163/senate-section/page/S7309</url>
                </link>
                <link>
                  <name>SA 1586</name>
                  <url>https://www.congress.gov/amendment/115th-congress/senate-amendment/1586</url>
                </link>
              </links>
              <committee />
              <sourceSystem>
                <code>9</code>
                <name>Library of Congress</name>
              </sourceSystem>
              <actionDate>2017-11-16</actionDate>
              <actionCode>93000</actionCode>
            </item>
            <item>
              <type>Floor</type>
              <text>Senate amendment agreed to: Amendment SA 1586 agreed to in Senate by Unanimous Consent.</text>
              <links>
                <link>
                  <name>S.Amdt.1586</name>
                  <url>https://www.congress.gov/amendment/115th-congress/senate-amendment/1586</url>
                </link>
                <link>
                  <name>SA 1586</name>
                  <url>https://www.congress.gov/amendment/115th-congress/senate-amendment/1586</url>
                </link>
              </links>
              <committee />
              <sourceSystem>
                <code>9</code>
                <name>Library of Congress</name>
              </sourceSystem>
              <actionDate>2017-11-16</actionDate>
              <actionCode>94000</actionCode>
            </item>
            <item>
              <type>Floor</type>
              <text>Senate amendment submitted</text>
              <links />
              <committee />
              <sourceSystem>
                <code>9</code>
                <name>Library of Congress</name>
              </sourceSystem>
              <actionDate>2017-11-16</actionDate>
              <actionCode>91000</actionCode>
            </item>
          </actions>
          <actionByCounts>
            <senate>5</senate>
          </actionByCounts>
          <count>6</count>
        </actions>
        <proposedDate>2017-11-16T05:00:00Z</proposedDate>
        <titles />
        <sponsors>
          <item>
            <bioguideId>M000303</bioguideId>
            <middleName>SIDNEY</middleName>
            <firstName>JOHN</firstName>
            <lastName>MCCAIN</lastName>
            <state>AZ</state>
            <party>R</party>
            <identifiers>
              <gpoId>8253</gpoId>
              <lisID>754</lisID>
              <bioguideId>M000303</bioguideId>
            </identifiers>
            <fullName>Sen. McCain, John [R-AZ]</fullName>
          </item>
        </sponsors>
        <congress>115</congress>
        <description />
        <type>SAMDT</type>
        <purpose>To acknowledge the contributions of nongovernmental organizations in Cambodia.</purpose>
        <number>1586</number>
        <latestAction>
          <text>Amendment SA 1586 agreed to in Senate by Unanimous Consent.</text>
          <actionDate>2017-11-16</actionDate>
        </latestAction>
      </amendment>
    </amendments>
    <notes />
    <policyArea>
      <name>International Affairs</name>
    </policyArea>
    <cosponsors>
      <item>
        <state>IL</state>
        <identifiers>
          <bioguideId>D000563</bioguideId>
          <lisID>326</lisID>
          <gpoId>8326</gpoId>
        </identifiers>
        <bioguideId>D000563</bioguideId>
        <sponsorshipDate>2017-10-03</sponsorshipDate>
        <lastName>DURBIN</lastName>
        <fullName>Sen. Durbin, Richard J. [D-IL]</fullName>
        <firstName>RICHARD</firstName>
        <party>D</party>
        <middleName>J.</middleName>
        <isOriginalCosponsor>True</isOriginalCosponsor>
        <sponsorshipWithdrawnDate />
      </item>
      <item>
        <state>FL</state>
        <identifiers>
          <lisID>2084</lisID>
          <bioguideId>R000595</bioguideId>
          <gpoId>8242</gpoId>
        </identifiers>
        <bioguideId>R000595</bioguideId>
        <sponsorshipDate>2017-10-26</sponsorshipDate>
        <lastName>Rubio</lastName>
        <fullName>Sen. Rubio, Marco [R-FL]</fullName>
        <firstName>Marco</firstName>
        <party>R</party>
        <middleName />
        <isOriginalCosponsor>False</isOriginalCosponsor>
        <sponsorshipWithdrawnDate />
      </item>
      <item>
        <state>MA</state>
        <identifiers>
          <gpoId />
          <lisID>2182</lisID>
          <bioguideId>W000817</bioguideId>
        </identifiers>
        <bioguideId>W000817</bioguideId>
        <sponsorshipDate>2017-11-07</sponsorshipDate>
        <lastName>Warren</lastName>
        <fullName>Sen. Warren, Elizabeth [D-MA]</fullName>
        <firstName>Elizabeth</firstName>
        <party>D</party>
        <middleName>A.</middleName>
        <isOriginalCosponsor>False</isOriginalCosponsor>
        <sponsorshipWithdrawnDate />
      </item>
      <item>
        <state>TX</state>
        <identifiers>
          <bioguideId>C001098</bioguideId>
          <lisID>2175</lisID>
          <gpoId />
        </identifiers>
        <bioguideId>C001098</bioguideId>
        <sponsorshipDate>2017-11-08</sponsorshipDate>
        <lastName>Cruz</lastName>
        <fullName>Sen. Cruz, Ted [R-TX]</fullName>
        <firstName>Ted</firstName>
        <party>R</party>
        <middleName />
        <isOriginalCosponsor>False</isOriginalCosponsor>
        <sponsorshipWithdrawnDate />
      </item>
      <item>
        <state>MA</state>
        <identifiers>
          <lisID>735</lisID>
          <gpoId>7972</gpoId>
          <bioguideId>M000133</bioguideId>
        </identifiers>
        <bioguideId>M000133</bioguideId>
        <sponsorshipDate>2017-11-13</sponsorshipDate>
        <lastName>MARKEY</lastName>
        <fullName>Sen. Markey, Edward J. [D-MA]</fullName>
        <firstName>EDWARD</firstName>
        <party>D</party>
        <middleName>J.</middleName>
        <isOriginalCosponsor>False</isOriginalCosponsor>
        <sponsorshipWithdrawnDate />
      </item>
    </cosponsors>
  </bill>
  <dublinCore xmlns:dc="http://purl.org/dc/elements/1.1/">
    <dc:format>text/xml</dc:format>
    <dc:language>EN</dc:language>
    <dc:rights>Pursuant to Title 17 Section 105 of the United States Code, this file is not subject to copyright protection and is in the public domain.</dc:rights>
    <dc:contributor>Congressional Research Service, Library of Congress</dc:contributor>
    <dc:description>This file contains bill summaries and statuses for federal legislation. A bill summary describes the most significant provisions of a piece of legislation and details the effects the legislative text may have on current law and federal programs. Bill summaries are authored by the Congressional Research Service (CRS) of the Library of Congress. As stated in Public Law 91-510 (2 USC 166 (d)(6)), one of the duties of CRS is "to prepare summaries and digests of bills and resolutions of a public general nature introduced in the Senate or House of Representatives". For more information, refer to the User Guide that accompanies this file.</dc:description>
  </dublinCore>
</billStatus>

