<?xml version="1.0" encoding="UTF-8"?>
<billStatus>
  <bill>
    <committeeReports />
    <summaries>
      <billSummaries>
        <item>
          <updateDate>2017-12-07T05:00:00Z</updateDate>
          <actionDesc>Introduced in Senate</actionDesc>
          <versionCode>00</versionCode>
          <lastSummaryUpdateDate>2018-02-28T20:03:06Z</lastSummaryUpdateDate>
          <name>Introduced in Senate</name>
          <actionDate>2017-12-07</actionDate>
          <text><![CDATA[<p>Offers condolences to the family of Argentinian prosecutor Alberto Nisman. Recognizes his dedication to the investigation of the bombing of the Argentine Israelite Mutual Association (AMIA) in Buenos Aires, Argentina. </p> <p>Applauds Argentine President Mauricio Macri for calling for an independent investigation into Mr. Nisman's death and encourages the public release of the results. Recognizes the work of the Argentine National Gendarmerie in reviewing evidence to produce credible findings. </p> <p>Commends the government of Argentina for exemplifying the rule of law and the importance of an independent justice system.</p> <p>Urges the President of the United States to: (1) offer technical assistance to the government of Argentina in investigating Mr. Nisman's death and the AMIA bombing, and (2) continue to monitor Iran's activities in Latin America and the Caribbean.</p> <p>Expresses concern about: (1) Iran's terrorist networks in Argentina and the Western Hemisphere, and (2) attempts by former Argentine President Cristina Fernandez de Kirchner and her government to discredit Mr. Nisman and raise unfounded hypotheses on his AMIA findings and the circumstances of his death. </p>]]></text>
        </item>
      </billSummaries>
    </summaries>
    <relatedBills>
      <item>
        <number>704</number>
        <relationshipDetails>
          <item>
            <type>Related bill</type>
            <identifiedBy>CRS</identifiedBy>
          </item>
        </relationshipDetails>
        <latestTitle>Expressing the sense of the House of Representatives regarding the courageous work and life of Argentine prosecutor Alberto Nisman, and calling for a swift and transparent investigation into his tragic death in Buenos Aires on January 18, 2015.</latestTitle>
        <congress>115</congress>
        <latestAction>
          <actionDate>2018-01-18</actionDate>
          <text>Referred to the House Committee on Foreign Affairs.</text>
        </latestAction>
        <type>HRES</type>
      </item>
    </relatedBills>
    <createDate>2017-12-08T00:26:07Z</createDate>
    <cosponsors>
      <item>
        <fullName>Sen. Menendez, Robert [D-NJ]</fullName>
        <lastName>MENENDEZ</lastName>
        <sponsorshipDate>2017-12-07</sponsorshipDate>
        <isOriginalCosponsor>True</isOriginalCosponsor>
        <bioguideId>M000639</bioguideId>
        <party>D</party>
        <middleName />
        <state>NJ</state>
        <sponsorshipWithdrawnDate />
        <firstName>ROBERT</firstName>
        <identifiers>
          <gpoId>8239</gpoId>
          <lisID>791</lisID>
          <bioguideId>M000639</bioguideId>
        </identifiers>
      </item>
    </cosponsors>
    <billNumber>354</billNumber>
    <version>1.0.0</version>
    <calendarNumbers />
    <amendments />
    <laws />
    <titles>
      <item>
        <title>A resolution expressing the sense of the Senate regarding the courageous work and life of Argentinian prosecutor Alberto Nisman, and calling for a swift and transparent investigation into his tragic death in Buenos Aires on January 18, 2015.</title>
        <titleType>Official Title as Introduced</titleType>
        <parentTitleType />
        <chamberName />
        <chamberCode />
      </item>
      <item>
        <title>A resolution expressing the sense of the Senate regarding the courageous work and life of Argentinian prosecutor Alberto Nisman, and calling for a swift and transparent investigation into his tragic death in Buenos Aires on January 18, 2015.</title>
        <titleType>Display Title</titleType>
        <parentTitleType />
        <chamberName />
        <chamberCode />
      </item>
    </titles>
    <recordedVotes />
    <originChamber>Senate</originChamber>
    <latestAction>
      <text>Referred to the Committee on Foreign Relations. (text of measure as introduced: CR S7933-7934)</text>
      <actionDate>2017-12-07</actionDate>
      <links />
    </latestAction>
    <introducedDate>2017-12-07</introducedDate>
    <sponsors>
      <item>
        <fullName>Sen. Rubio, Marco [R-FL]</fullName>
        <party>R</party>
        <identifiers>
          <bioguideId>R000595</bioguideId>
          <lisID>2084</lisID>
          <gpoId>8242</gpoId>
        </identifiers>
        <firstName>Marco</firstName>
        <middleName />
        <lastName>Rubio</lastName>
        <bioguideId>R000595</bioguideId>
        <state>FL</state>
        <byRequestType />
      </item>
    </sponsors>
    <subjects>
      <billSubjects>
        <legislativeSubjects>
          <item>
            <name>Argentina</name>
          </item>
          <item>
            <name>Caribbean area</name>
          </item>
          <item>
            <name>Congressional tributes</name>
          </item>
          <item>
            <name>Criminal investigation, prosecution, interrogation</name>
          </item>
          <item>
            <name>Diplomacy, foreign officials, Americans abroad</name>
          </item>
          <item>
            <name>Evidence and witnesses</name>
          </item>
          <item>
            <name>Foreign aid and international relief</name>
          </item>
          <item>
            <name>Government ethics and transparency, public corruption</name>
          </item>
          <item>
            <name>Iran</name>
          </item>
          <item>
            <name>Latin America</name>
          </item>
          <item>
            <name>Middle East</name>
          </item>
          <item>
            <name>Rule of law and government transparency</name>
          </item>
          <item>
            <name>Terrorism</name>
          </item>
        </legislativeSubjects>
        <policyArea>
          <name>International Affairs</name>
        </policyArea>
      </billSubjects>
    </subjects>
    <policyArea>
      <name>International Affairs</name>
    </policyArea>
    <billType>SRES</billType>
    <notes />
    <title>A resolution expressing the sense of the Senate regarding the courageous work and life of Argentinian prosecutor Alberto Nisman, and calling for a swift and transparent investigation into his tragic death in Buenos Aires on January 18, 2015.</title>
    <committees>
      <billCommittees>
        <item>
          <type>Standing</type>
          <chamber>Senate</chamber>
          <name>Foreign Relations Committee</name>
          <activities>
            <item>
              <name>Referred to</name>
              <date>2017-12-07T22:45:05Z</date>
            </item>
          </activities>
          <subcommittees />
          <systemCode>ssfr00</systemCode>
        </item>
      </billCommittees>
    </committees>
    <congress>115</congress>
    <cboCostEstimates />
    <updateDate>2018-02-28T20:15:08Z</updateDate>
    <actions>
      <actionTypeCounts>
        <referredToCommittee>1</referredToCommittee>
        <introducedInSenate>1</introducedInSenate>
      </actionTypeCounts>
      <actionByCounts>
        <senate>2</senate>
      </actionByCounts>
      <item>
        <actionDate>2017-12-07</actionDate>
        <committee>
          <name>Foreign Relations Committee</name>
          <systemCode>ssfr00</systemCode>
        </committee>
        <links>
          <link>
            <name>S7933-7934</name>
            <url>https://www.congress.gov/congressional-record/volume-163/senate-section/page/S7933-7934</url>
          </link>
        </links>
        <sourceSystem>
          <name>Senate</name>
          <code>0</code>
        </sourceSystem>
        <text>Referred to the Committee on Foreign Relations. (text of measure as introduced: CR S7933-7934)</text>
        <type>IntroReferral</type>
      </item>
      <item>
        <text>Introduced in Senate</text>
        <actionDate>2017-12-07</actionDate>
        <sourceSystem>
          <name>Library of Congress</name>
          <code>9</code>
        </sourceSystem>
        <type>IntroReferral</type>
        <actionCode>10000</actionCode>
        <committee />
        <links />
      </item>
    </actions>
  </bill>
  <dublinCore xmlns:dc="http://purl.org/dc/elements/1.1/">
    <dc:format>text/xml</dc:format>
    <dc:language>EN</dc:language>
    <dc:rights>Pursuant to Title 17 Section 105 of the United States Code, this file is not subject to copyright protection and is in the public domain.</dc:rights>
    <dc:contributor>Congressional Research Service, Library of Congress</dc:contributor>
    <dc:description>This file contains bill summaries and statuses for federal legislation. A bill summary describes the most significant provisions of a piece of legislation and details the effects the legislative text may have on current law and federal programs. Bill summaries are authored by the Congressional Research Service (CRS) of the Library of Congress. As stated in Public Law 91-510 (2 USC 166 (d)(6)), one of the duties of CRS is "to prepare summaries and digests of bills and resolutions of a public general nature introduced in the Senate or House of Representatives". For more information, refer to the User Guide that accompanies this file.</dc:description>
  </dublinCore>
</billStatus>

