<?xml version="1.0" encoding="UTF-8"?>
<billStatus>
  <bill>
    <notes />
    <sponsors>
      <item>
        <party>D</party>
        <fullName>Sen. Cardin, Benjamin L. [D-MD]</fullName>
        <lastName>CARDIN</lastName>
        <middleName>L.</middleName>
        <identifiers>
          <bioguideId>C000141</bioguideId>
          <lisID>174</lisID>
          <gpoId>8287</gpoId>
        </identifiers>
        <firstName>BENJAMIN</firstName>
        <byRequestType />
        <bioguideId>C000141</bioguideId>
        <state>MD</state>
      </item>
    </sponsors>
    <policyArea>
      <name>International Affairs</name>
    </policyArea>
    <committees>
      <billCommittees>
        <item>
          <systemCode>ssfr00</systemCode>
          <chamber>Senate</chamber>
          <activities>
            <item>
              <name>Referred to</name>
              <date>2017-05-04T17:25:47Z</date>
            </item>
          </activities>
          <name>Foreign Relations Committee</name>
          <type>Standing</type>
          <subcommittees />
        </item>
      </billCommittees>
    </committees>
    <relatedBills />
    <titles>
      <item>
        <parentTitleType />
        <titleType>Official Title as Introduced</titleType>
        <chamberCode />
        <chamberName />
        <title>A resolution expressing the sense of the Senate that the United States should work in cooperation with the international community and continue to exercise global leadership to address the causes and effects of climate change, and for other purposes.</title>
      </item>
      <item>
        <parentTitleType />
        <titleType>Display Title</titleType>
        <chamberCode />
        <chamberName />
        <title>A resolution expressing the sense of the Senate that the United States should work in cooperation with the international community and continue to exercise global leadership to address the causes and effects of climate change, and for other purposes.</title>
      </item>
    </titles>
    <originChamber>Senate</originChamber>
    <congress>115</congress>
    <actions>
      <actionByCounts>
        <senate>2</senate>
      </actionByCounts>
      <actionTypeCounts>
        <introducedInSenate>1</introducedInSenate>
        <referredToCommittee>1</referredToCommittee>
      </actionTypeCounts>
      <item>
        <actionDate>2017-05-04</actionDate>
        <committee>
          <systemCode>ssfr00</systemCode>
          <name>Foreign Relations Committee</name>
        </committee>
        <links>
          <link>
            <name>S2776-2777</name>
            <url>https://www.congress.gov/congressional-record/volume-163/senate-section/page/S2776-2777</url>
          </link>
        </links>
        <sourceSystem>
          <code>0</code>
          <name>Senate</name>
        </sourceSystem>
        <text>Referred to the Committee on Foreign Relations. (text of measure as introduced: CR S2776-2777)</text>
        <type>IntroReferral</type>
      </item>
      <item>
        <actionDate>2017-05-04</actionDate>
        <committee />
        <links />
        <text>Introduced in Senate</text>
        <type>IntroReferral</type>
        <sourceSystem>
          <code>9</code>
          <name>Library of Congress</name>
        </sourceSystem>
        <actionCode>10000</actionCode>
      </item>
    </actions>
    <subjects>
      <billSubjects>
        <policyArea>
          <name>International Affairs</name>
        </policyArea>
        <legislativeSubjects>
          <item>
            <name>Air quality</name>
          </item>
          <item>
            <name>Climate change and greenhouse gases</name>
          </item>
          <item>
            <name>International law and treaties</name>
          </item>
          <item>
            <name>International organizations and cooperation</name>
          </item>
        </legislativeSubjects>
      </billSubjects>
    </subjects>
    <laws />
    <createDate>2017-05-05T00:41:39Z</createDate>
    <title>A resolution expressing the sense of the Senate that the United States should work in cooperation with the international community and continue to exercise global leadership to address the causes and effects of climate change, and for other purposes.</title>
    <committeeReports />
    <billType>SRES</billType>
    <introducedDate>2017-05-04</introducedDate>
    <updateDate>2018-03-02T05:44:12Z</updateDate>
    <summaries>
      <billSummaries>
        <item>
          <actionDate>2017-05-04</actionDate>
          <actionDesc>Introduced in Senate</actionDesc>
          <lastSummaryUpdateDate>2017-08-23T20:14:24Z</lastSummaryUpdateDate>
          <name>Introduced in Senate</name>
          <versionCode>00</versionCode>
          <text><![CDATA[<p>Urges the United States to:</p> <ul> <li>work in cooperation with the international community and continue to exercise global leadership in shared responsibilities and address the causes and effects of climate change,</li> <li>remain party to the Paris Agreement and the 1992 United Nations Framework Convention on Climate Change and implement U.S. commitments under them,</li> <li>continue demonstrating strong leadership in implementing the Paris Agreement, and </li> <li>ensure that the development of the policies and procedures prescribed by the Paris Agreement achieve maximum benefits for the United States.</li> </ul>]]></text>
          <updateDate>2017-05-04T04:00:00Z</updateDate>
        </item>
      </billSummaries>
    </summaries>
    <cosponsors>
      <item>
        <identifiers>
          <lisID>791</lisID>
          <gpoId>8239</gpoId>
          <bioguideId>M000639</bioguideId>
        </identifiers>
        <middleName />
        <bioguideId>M000639</bioguideId>
        <sponsorshipDate>2017-05-04</sponsorshipDate>
        <party>D</party>
        <sponsorshipWithdrawnDate />
        <firstName>ROBERT</firstName>
        <lastName>MENENDEZ</lastName>
        <isOriginalCosponsor>True</isOriginalCosponsor>
        <state>NJ</state>
        <fullName>Sen. Menendez, Robert [D-NJ]</fullName>
      </item>
      <item>
        <identifiers>
          <gpoId>8276</gpoId>
          <lisID>1901</lisID>
          <bioguideId>S001181</bioguideId>
        </identifiers>
        <middleName />
        <bioguideId>S001181</bioguideId>
        <sponsorshipDate>2017-05-04</sponsorshipDate>
        <party>D</party>
        <sponsorshipWithdrawnDate />
        <firstName>Jeanne</firstName>
        <lastName>Shaheen</lastName>
        <isOriginalCosponsor>True</isOriginalCosponsor>
        <state>NH</state>
        <fullName>Sen. Shaheen, Jeanne [D-NH]</fullName>
      </item>
      <item>
        <identifiers>
          <lisID>1984</lisID>
          <bioguideId>C001088</bioguideId>
          <gpoId>8297</gpoId>
        </identifiers>
        <middleName>A.</middleName>
        <bioguideId>C001088</bioguideId>
        <sponsorshipDate>2017-05-04</sponsorshipDate>
        <party>D</party>
        <sponsorshipWithdrawnDate />
        <firstName>Christopher</firstName>
        <lastName>Coons</lastName>
        <isOriginalCosponsor>True</isOriginalCosponsor>
        <state>DE</state>
        <fullName>Sen. Coons, Christopher A. [D-DE]</fullName>
      </item>
      <item>
        <identifiers>
          <lisID>1567</lisID>
          <bioguideId>U000039</bioguideId>
          <gpoId>8260</gpoId>
        </identifiers>
        <middleName />
        <bioguideId>U000039</bioguideId>
        <sponsorshipDate>2017-05-04</sponsorshipDate>
        <party>D</party>
        <sponsorshipWithdrawnDate />
        <firstName>TOM</firstName>
        <lastName>UDALL</lastName>
        <isOriginalCosponsor>True</isOriginalCosponsor>
        <state>NM</state>
        <fullName>Sen. Udall, Tom [D-NM]</fullName>
      </item>
      <item>
        <identifiers>
          <gpoId>7870</gpoId>
          <lisID>1837</lisID>
          <bioguideId>M001169</bioguideId>
        </identifiers>
        <middleName />
        <bioguideId>M001169</bioguideId>
        <sponsorshipDate>2017-05-04</sponsorshipDate>
        <party>D</party>
        <sponsorshipWithdrawnDate />
        <firstName>Christopher</firstName>
        <lastName>Murphy</lastName>
        <isOriginalCosponsor>True</isOriginalCosponsor>
        <state>CT</state>
        <fullName>Sen. Murphy, Christopher [D-CT]</fullName>
      </item>
      <item>
        <identifiers>
          <gpoId />
          <lisID>2176</lisID>
          <bioguideId>K000384</bioguideId>
        </identifiers>
        <middleName />
        <bioguideId>K000384</bioguideId>
        <sponsorshipDate>2017-05-04</sponsorshipDate>
        <party>D</party>
        <sponsorshipWithdrawnDate />
        <firstName>Timothy</firstName>
        <lastName>Kaine</lastName>
        <isOriginalCosponsor>True</isOriginalCosponsor>
        <state>VA</state>
        <fullName>Sen. Kaine, Tim [D-VA]</fullName>
      </item>
      <item>
        <identifiers>
          <gpoId>7972</gpoId>
          <lisID>735</lisID>
          <bioguideId>M000133</bioguideId>
        </identifiers>
        <middleName>J.</middleName>
        <bioguideId>M000133</bioguideId>
        <sponsorshipDate>2017-05-04</sponsorshipDate>
        <party>D</party>
        <sponsorshipWithdrawnDate />
        <firstName>EDWARD</firstName>
        <lastName>MARKEY</lastName>
        <isOriginalCosponsor>True</isOriginalCosponsor>
        <state>MA</state>
        <fullName>Sen. Markey, Edward J. [D-MA]</fullName>
      </item>
      <item>
        <identifiers>
          <gpoId>8238</gpoId>
          <bioguideId>M001176</bioguideId>
          <lisID>1900</lisID>
        </identifiers>
        <middleName />
        <bioguideId>M001176</bioguideId>
        <sponsorshipDate>2017-05-04</sponsorshipDate>
        <party>D</party>
        <sponsorshipWithdrawnDate />
        <firstName>Jeff</firstName>
        <lastName>Merkley</lastName>
        <isOriginalCosponsor>True</isOriginalCosponsor>
        <state>OR</state>
        <fullName>Sen. Merkley, Jeff [D-OR]</fullName>
      </item>
      <item>
        <identifiers>
          <bioguideId>B001288</bioguideId>
          <lisID>2194</lisID>
          <gpoId />
        </identifiers>
        <middleName>A.</middleName>
        <bioguideId>B001288</bioguideId>
        <sponsorshipDate>2017-05-04</sponsorshipDate>
        <party>D</party>
        <sponsorshipWithdrawnDate />
        <firstName>Cory</firstName>
        <lastName>Booker</lastName>
        <isOriginalCosponsor>True</isOriginalCosponsor>
        <state>NJ</state>
        <fullName>Sen. Booker, Cory A. [D-NJ]</fullName>
      </item>
      <item>
        <identifiers>
          <gpoId>8279</gpoId>
          <lisID>1036</lisID>
          <bioguideId>S000148</bioguideId>
        </identifiers>
        <middleName>E.</middleName>
        <bioguideId>S000148</bioguideId>
        <sponsorshipDate>2017-05-08</sponsorshipDate>
        <party>D</party>
        <sponsorshipWithdrawnDate />
        <firstName>CHARLES</firstName>
        <lastName>SCHUMER</lastName>
        <isOriginalCosponsor>False</isOriginalCosponsor>
        <state>NY</state>
        <fullName>Sen. Schumer, Charles E. [D-NY]</fullName>
      </item>
      <item>
        <identifiers>
          <lisID>326</lisID>
          <gpoId>8326</gpoId>
          <bioguideId>D000563</bioguideId>
        </identifiers>
        <middleName>J.</middleName>
        <bioguideId>D000563</bioguideId>
        <sponsorshipDate>2017-05-08</sponsorshipDate>
        <party>D</party>
        <sponsorshipWithdrawnDate />
        <firstName>RICHARD</firstName>
        <lastName>DURBIN</lastName>
        <isOriginalCosponsor>False</isOriginalCosponsor>
        <state>IL</state>
        <fullName>Sen. Durbin, Richard J. [D-IL]</fullName>
      </item>
      <item>
        <identifiers>
          <lisID>179</lisID>
          <gpoId>8283</gpoId>
          <bioguideId>C000174</bioguideId>
        </identifiers>
        <middleName>R.</middleName>
        <bioguideId>C000174</bioguideId>
        <sponsorshipDate>2017-05-08</sponsorshipDate>
        <party>D</party>
        <sponsorshipWithdrawnDate />
        <firstName>THOMAS</firstName>
        <lastName>CARPER</lastName>
        <isOriginalCosponsor>False</isOriginalCosponsor>
        <state>DE</state>
        <fullName>Sen. Carper, Thomas R. [D-DE]</fullName>
      </item>
      <item>
        <identifiers>
          <bioguideId>W000817</bioguideId>
          <gpoId />
          <lisID>2182</lisID>
        </identifiers>
        <middleName>A.</middleName>
        <bioguideId>W000817</bioguideId>
        <sponsorshipDate>2017-05-08</sponsorshipDate>
        <party>D</party>
        <sponsorshipWithdrawnDate />
        <firstName>Elizabeth</firstName>
        <lastName>Warren</lastName>
        <isOriginalCosponsor>False</isOriginalCosponsor>
        <state>MA</state>
        <fullName>Sen. Warren, Elizabeth [D-MA]</fullName>
      </item>
      <item>
        <identifiers>
          <gpoId />
          <lisID>2173</lisID>
          <bioguideId>S001194</bioguideId>
        </identifiers>
        <middleName />
        <bioguideId>S001194</bioguideId>
        <sponsorshipDate>2017-05-08</sponsorshipDate>
        <party>D</party>
        <sponsorshipWithdrawnDate />
        <firstName>Brian</firstName>
        <lastName>Schatz</lastName>
        <isOriginalCosponsor>False</isOriginalCosponsor>
        <state>HI</state>
        <fullName>Sen. Schatz, Brian [D-HI]</fullName>
      </item>
      <item>
        <identifiers>
          <gpoId>7983</gpoId>
          <bioguideId>V000128</bioguideId>
          <lisID>1729</lisID>
        </identifiers>
        <middleName />
        <bioguideId>V000128</bioguideId>
        <sponsorshipDate>2017-05-08</sponsorshipDate>
        <party>D</party>
        <sponsorshipWithdrawnDate />
        <firstName>Chris</firstName>
        <lastName>Van Hollen</lastName>
        <isOriginalCosponsor>False</isOriginalCosponsor>
        <state>MD</state>
        <fullName>Sen. Van Hollen, Chris [D-MD]</fullName>
      </item>
      <item>
        <identifiers>
          <gpoId>8272</gpoId>
          <lisID>949</lisID>
          <bioguideId>R000122</bioguideId>
        </identifiers>
        <middleName>F.</middleName>
        <bioguideId>R000122</bioguideId>
        <sponsorshipDate>2017-05-09</sponsorshipDate>
        <party>D</party>
        <sponsorshipWithdrawnDate />
        <firstName>JOHN</firstName>
        <lastName>REED</lastName>
        <isOriginalCosponsor>False</isOriginalCosponsor>
        <state>RI</state>
        <fullName>Sen. Reed, Jack [D-RI]</fullName>
      </item>
      <item>
        <identifiers>
          <lisID>1823</lisID>
          <bioguideId>W000802</bioguideId>
          <gpoId>8264</gpoId>
        </identifiers>
        <middleName />
        <bioguideId>W000802</bioguideId>
        <sponsorshipDate>2017-05-09</sponsorshipDate>
        <party>D</party>
        <sponsorshipWithdrawnDate />
        <firstName>Sheldon</firstName>
        <lastName>Whitehouse</lastName>
        <isOriginalCosponsor>False</isOriginalCosponsor>
        <state>RI</state>
        <fullName>Sen. Whitehouse, Sheldon [D-RI]</fullName>
      </item>
      <item>
        <identifiers>
          <bioguideId>B001267</bioguideId>
          <lisID>1965</lisID>
          <gpoId>8302</gpoId>
        </identifiers>
        <middleName>F.</middleName>
        <bioguideId>B001267</bioguideId>
        <sponsorshipDate>2017-05-09</sponsorshipDate>
        <party>D</party>
        <sponsorshipWithdrawnDate />
        <firstName>Michael</firstName>
        <lastName>Bennet</lastName>
        <isOriginalCosponsor>False</isOriginalCosponsor>
        <state>CO</state>
        <fullName>Sen. Bennet, Michael F. [D-CO]</fullName>
      </item>
      <item>
        <identifiers>
          <lisID>1332</lisID>
          <bioguideId>F000062</bioguideId>
          <gpoId>8338</gpoId>
        </identifiers>
        <middleName />
        <bioguideId>F000062</bioguideId>
        <sponsorshipDate>2017-05-09</sponsorshipDate>
        <party>D</party>
        <sponsorshipWithdrawnDate />
        <firstName>DIANNE</firstName>
        <lastName>FEINSTEIN</lastName>
        <isOriginalCosponsor>False</isOriginalCosponsor>
        <state>CA</state>
        <fullName>Sen. Feinstein, Dianne [D-CA]</fullName>
      </item>
      <item>
        <identifiers>
          <gpoId>8339</gpoId>
          <bioguideId>F000457</bioguideId>
          <lisID>1969</lisID>
        </identifiers>
        <middleName />
        <bioguideId>F000457</bioguideId>
        <sponsorshipDate>2017-05-09</sponsorshipDate>
        <party>D</party>
        <sponsorshipWithdrawnDate />
        <firstName>Al</firstName>
        <lastName>Franken</lastName>
        <isOriginalCosponsor>False</isOriginalCosponsor>
        <state>MN</state>
        <fullName>Sen. Franken, Al [D-MN]</fullName>
      </item>
      <item>
        <identifiers>
          <lisID>1409</lisID>
          <gpoId>8237</gpoId>
          <bioguideId>M001111</bioguideId>
        </identifiers>
        <middleName />
        <bioguideId>M001111</bioguideId>
        <sponsorshipDate>2017-05-09</sponsorshipDate>
        <party>D</party>
        <sponsorshipWithdrawnDate />
        <firstName>PATTY</firstName>
        <lastName>MURRAY</lastName>
        <isOriginalCosponsor>False</isOriginalCosponsor>
        <state>WA</state>
        <fullName>Sen. Murray, Patty [D-WA]</fullName>
      </item>
      <item>
        <identifiers>
          <bioguideId>H001075</bioguideId>
          <lisID>2301</lisID>
          <gpoId />
        </identifiers>
        <middleName>D.</middleName>
        <bioguideId>H001075</bioguideId>
        <sponsorshipDate>2017-05-10</sponsorshipDate>
        <party>D</party>
        <sponsorshipWithdrawnDate />
        <firstName>Kamala</firstName>
        <lastName>Harris</lastName>
        <isOriginalCosponsor>False</isOriginalCosponsor>
        <state>CA</state>
        <fullName>Sen. Harris, Kamala D. [D-CA]</fullName>
      </item>
      <item>
        <identifiers>
          <lisID>1844</lisID>
          <gpoId>7913</gpoId>
          <bioguideId>H001042</bioguideId>
        </identifiers>
        <middleName>K.</middleName>
        <bioguideId>H001042</bioguideId>
        <sponsorshipDate>2017-05-10</sponsorshipDate>
        <party>D</party>
        <sponsorshipWithdrawnDate />
        <firstName>Mazie</firstName>
        <lastName>Hirono</lastName>
        <isOriginalCosponsor>False</isOriginalCosponsor>
        <state>HI</state>
        <fullName>Sen. Hirono, Mazie K. [D-HI]</fullName>
      </item>
      <item>
        <identifiers>
          <gpoId>8332</gpoId>
          <bioguideId>B001277</bioguideId>
          <lisID>2076</lisID>
        </identifiers>
        <middleName />
        <bioguideId>B001277</bioguideId>
        <sponsorshipDate>2017-05-15</sponsorshipDate>
        <party>D</party>
        <sponsorshipWithdrawnDate />
        <firstName>Richard</firstName>
        <lastName>Blumenthal</lastName>
        <isOriginalCosponsor>False</isOriginalCosponsor>
        <state>CT</state>
        <fullName>Sen. Blumenthal, Richard [D-CT]</fullName>
      </item>
    </cosponsors>
    <billNumber>155</billNumber>
    <recordedVotes />
    <version>1.0.0</version>
    <calendarNumbers />
    <cboCostEstimates />
    <amendments />
    <latestAction>
      <actionDate>2017-05-04</actionDate>
      <links />
      <text>Referred to the Committee on Foreign Relations. (text of measure as introduced: CR S2776-2777)</text>
    </latestAction>
  </bill>
  <dublinCore xmlns:dc="http://purl.org/dc/elements/1.1/">
    <dc:format>text/xml</dc:format>
    <dc:language>EN</dc:language>
    <dc:rights>Pursuant to Title 17 Section 105 of the United States Code, this file is not subject to copyright protection and is in the public domain.</dc:rights>
    <dc:contributor>Congressional Research Service, Library of Congress</dc:contributor>
    <dc:description>This file contains bill summaries and statuses for federal legislation. A bill summary describes the most significant provisions of a piece of legislation and details the effects the legislative text may have on current law and federal programs. Bill summaries are authored by the Congressional Research Service (CRS) of the Library of Congress. As stated in Public Law 91-510 (2 USC 166 (d)(6)), one of the duties of CRS is "to prepare summaries and digests of bills and resolutions of a public general nature introduced in the Senate or House of Representatives". For more information, refer to the User Guide that accompanies this file.</dc:description>
  </dublinCore>
</billStatus>

