<?xml version="1.0" encoding="UTF-8"?>
<billStatus>
  <bill>
    <cboCostEstimates />
    <policyArea>
      <name>Congress</name>
    </policyArea>
    <relatedBills />
    <notes />
    <recordedVotes />
    <laws />
    <titles>
      <item>
        <title>A resolution to authorize testimony, document production, and representation in Arizona v. Mark Louis Prichard.</title>
        <titleType>Official Title as Introduced</titleType>
        <parentTitleType />
        <chamberCode />
        <chamberName />
      </item>
      <item>
        <title>A resolution to authorize testimony, document production, and representation in Arizona v. Mark Louis Prichard.</title>
        <titleType>Display Title</titleType>
        <parentTitleType />
        <chamberCode />
        <chamberName />
      </item>
    </titles>
    <updateDate>2017-12-01T05:49:48Z</updateDate>
    <congress>115</congress>
    <title>A resolution to authorize testimony, document production, and representation in Arizona v. Mark Louis Prichard.</title>
    <amendments />
    <subjects>
      <billSubjects>
        <legislativeSubjects />
        <policyArea>
          <name>Congress</name>
        </policyArea>
      </billSubjects>
    </subjects>
    <billNumber>343</billNumber>
    <version>1.0.0</version>
    <actions>
      <actionTypeCounts>
        <passedOrAgreedToInSenateDayOf>1</passedOrAgreedToInSenateDayOf>
        <introducedInSenate>1</introducedInSenate>
        <passedAgreedToInSenate>1</passedAgreedToInSenate>
      </actionTypeCounts>
      <actionByCounts>
        <senate>3</senate>
      </actionByCounts>
      <item>
        <actionDate>2017-11-28</actionDate>
        <committee />
        <links>
          <link>
            <name>S7337</name>
            <url>https://www.congress.gov/congressional-record/volume-163/senate-section/page/S7337</url>
          </link>
          <link>
            <name>S7362</name>
            <url>https://www.congress.gov/congressional-record/volume-163/senate-section/page/S7362</url>
          </link>
        </links>
        <sourceSystem>
          <code>0</code>
          <name>Senate</name>
        </sourceSystem>
        <text>Submitted in the Senate, considered, and agreed to without amendment and with a preamble by Unanimous Consent. (consideration: CR S7337; text of measure as introduced: CR S7362)</text>
        <type>Floor</type>
      </item>
      <item>
        <committee />
        <actionDate>2017-11-28</actionDate>
        <text>Passed/agreed to in Senate: Submitted in the Senate, considered, and agreed to without amendment and with a preamble by Unanimous Consent.(consideration: CR S7337; text of measure as introduced: CR S7362)</text>
        <sourceSystem>
          <code>9</code>
          <name>Library of Congress</name>
        </sourceSystem>
        <type>Floor</type>
        <links>
          <link>
            <name>S7337</name>
            <url>https://www.congress.gov/congressional-record/volume-163/senate-section/page/S7337</url>
          </link>
          <link>
            <name>S7362</name>
            <url>https://www.congress.gov/congressional-record/volume-163/senate-section/page/S7362</url>
          </link>
        </links>
        <actionCode>17000</actionCode>
      </item>
      <item>
        <committee />
        <actionDate>2017-11-28</actionDate>
        <text>Introduced in Senate</text>
        <sourceSystem>
          <code>9</code>
          <name>Library of Congress</name>
        </sourceSystem>
        <type>IntroReferral</type>
        <links />
        <actionCode>10000</actionCode>
      </item>
    </actions>
    <sponsors>
      <item>
        <byRequestType />
        <state>KY</state>
        <firstName>MITCH</firstName>
        <bioguideId>M000355</bioguideId>
        <identifiers>
          <lisID>1395</lisID>
          <gpoId>8254</gpoId>
          <bioguideId>M000355</bioguideId>
        </identifiers>
        <fullName>Sen. McConnell, Mitch [R-KY]</fullName>
        <lastName>MCCONNELL</lastName>
        <middleName />
        <party>R</party>
      </item>
    </sponsors>
    <summaries>
      <billSummaries />
    </summaries>
    <calendarNumbers />
    <cosponsors>
      <item>
        <firstName>CHARLES</firstName>
        <identifiers>
          <lisID>1036</lisID>
          <bioguideId>S000148</bioguideId>
          <gpoId>8279</gpoId>
        </identifiers>
        <fullName>Sen. Schumer, Charles E. [D-NY]</fullName>
        <party>D</party>
        <sponsorshipWithdrawnDate />
        <isOriginalCosponsor>True</isOriginalCosponsor>
        <lastName>SCHUMER</lastName>
        <state>NY</state>
        <middleName>E.</middleName>
        <bioguideId>S000148</bioguideId>
        <sponsorshipDate>2017-11-28</sponsorshipDate>
      </item>
    </cosponsors>
    <originChamber>Senate</originChamber>
    <committeeReports />
    <billType>SRES</billType>
    <introducedDate>2017-11-28</introducedDate>
    <latestAction>
      <text>Submitted in the Senate, considered, and agreed to without amendment and with a preamble by Unanimous Consent. (consideration: CR S7337; text of measure as introduced: CR S7362)</text>
      <links />
      <actionDate>2017-11-28</actionDate>
    </latestAction>
    <createDate>2017-11-29T00:26:11Z</createDate>
    <committees>
      <billCommittees />
    </committees>
  </bill>
  <dublinCore xmlns:dc="http://purl.org/dc/elements/1.1/">
    <dc:format>text/xml</dc:format>
    <dc:language>EN</dc:language>
    <dc:rights>Pursuant to Title 17 Section 105 of the United States Code, this file is not subject to copyright protection and is in the public domain.</dc:rights>
    <dc:contributor>Congressional Research Service, Library of Congress</dc:contributor>
    <dc:description>This file contains bill summaries and statuses for federal legislation. A bill summary describes the most significant provisions of a piece of legislation and details the effects the legislative text may have on current law and federal programs. Bill summaries are authored by the Congressional Research Service (CRS) of the Library of Congress. As stated in Public Law 91-510 (2 USC 166 (d)(6)), one of the duties of CRS is "to prepare summaries and digests of bills and resolutions of a public general nature introduced in the Senate or House of Representatives". For more information, refer to the User Guide that accompanies this file.</dc:description>
  </dublinCore>
</billStatus>

