<?xml version="1.0" encoding="UTF-8"?>
<billStatus>
  <bill>
    <createDate>2017-02-11T05:06:52Z</createDate>
    <introducedDate>2017-02-10</introducedDate>
    <congress>115</congress>
    <latestAction>
      <actionDate>2017-02-10</actionDate>
      <links />
      <text>Referred to the Committee on Commerce, Science, and Transportation. (text of measure as introduced: CR S1091-1092)</text>
    </latestAction>
    <originChamber>Senate</originChamber>
    <billNumber>59</billNumber>
    <sponsors>
      <item>
        <state>CT</state>
        <identifiers>
          <lisID>2076</lisID>
          <bioguideId>B001277</bioguideId>
          <gpoId>8332</gpoId>
        </identifiers>
        <bioguideId>B001277</bioguideId>
        <lastName>Blumenthal</lastName>
        <fullName>Sen. Blumenthal, Richard [D-CT]</fullName>
        <firstName>Richard</firstName>
        <party>D</party>
        <middleName />
        <byRequestType />
      </item>
    </sponsors>
    <title>A resolution expressing the support for the designation of February 12, 2017, as "Darwin Day" and recognizing the importance of science in the betterment of humanity.</title>
    <relatedBills>
      <item>
        <number>44</number>
        <type>HRES</type>
        <latestAction>
          <text>Referred to the House Committee on Science, Space, and Technology.</text>
          <actionDate>2017-01-11</actionDate>
        </latestAction>
        <congress>115</congress>
        <latestTitle>Expressing support for designation of February 12, 2017, as "Darwin Day" and recognizing the importance of science in the betterment of humanity.</latestTitle>
        <relationshipDetails>
          <item>
            <identifiedBy>CRS</identifiedBy>
            <type>Identical bill</type>
          </item>
          <item>
            <identifiedBy>CRS</identifiedBy>
            <type>Related bill</type>
          </item>
        </relationshipDetails>
      </item>
      <item>
        <number>374</number>
        <type>SRES</type>
        <latestAction>
          <text>Referred to the Committee on Commerce, Science, and Transportation. (text of measure as introduced: CR S302)</text>
          <actionDate>2018-01-18</actionDate>
        </latestAction>
        <congress>115</congress>
        <latestTitle>A resolution expressing support for the designation of February 12, 2018, as "Darwin Day" and recognizing the importance of science in the betterment of humanity.</latestTitle>
        <relationshipDetails>
          <item>
            <identifiedBy>CRS</identifiedBy>
            <type>Identical bill</type>
          </item>
        </relationshipDetails>
      </item>
    </relatedBills>
    <titles>
      <item>
        <parentTitleType />
        <chamberCode />
        <chamberName />
        <titleType>Official Title as Introduced</titleType>
        <title>A resolution expressing the support for the designation of February 12, 2017, as "Darwin Day" and recognizing the importance of science in the betterment of humanity.</title>
      </item>
      <item>
        <parentTitleType />
        <chamberCode />
        <chamberName />
        <titleType>Display Title</titleType>
        <title>A resolution expressing the support for the designation of February 12, 2017, as "Darwin Day" and recognizing the importance of science in the betterment of humanity.</title>
      </item>
    </titles>
    <billType>SRES</billType>
    <summaries>
      <billSummaries>
        <item>
          <text><![CDATA[<p>Supports the designation of Darwin Day. </p> <p>Recognizes Charles Darwin as a worthy symbol on which to celebrate the achievements of reason, science, and the advancement of human knowledge. </p>]]></text>
          <actionDate>2017-02-10</actionDate>
          <updateDate>2017-02-10T05:00:00Z</updateDate>
          <lastSummaryUpdateDate>2017-03-01T23:05:04Z</lastSummaryUpdateDate>
          <name>Introduced in Senate</name>
          <actionDesc>Introduced in Senate</actionDesc>
          <versionCode>00</versionCode>
        </item>
      </billSummaries>
    </summaries>
    <committeeReports />
    <laws />
    <subjects>
      <billSubjects>
        <legislativeSubjects>
          <item>
            <name>Biological and life sciences</name>
          </item>
          <item>
            <name>Commemorative events and holidays</name>
          </item>
          <item>
            <name>Congressional tributes</name>
          </item>
          <item>
            <name>Genetics</name>
          </item>
        </legislativeSubjects>
        <policyArea>
          <name>Science, Technology, Communications</name>
        </policyArea>
      </billSubjects>
    </subjects>
    <committees>
      <billCommittees>
        <item>
          <chamber>Senate</chamber>
          <name>Commerce, Science, and Transportation Committee</name>
          <systemCode>sscm00</systemCode>
          <activities>
            <item>
              <date>2017-02-10T19:16:33Z</date>
              <name>Referred to</name>
            </item>
          </activities>
          <type>Standing</type>
          <subcommittees />
        </item>
      </billCommittees>
    </committees>
    <version>1.0.0</version>
    <recordedVotes />
    <updateDate>2018-02-06T16:43:59Z</updateDate>
    <calendarNumbers />
    <cboCostEstimates />
    <actions>
      <actionByCounts>
        <senate>2</senate>
      </actionByCounts>
      <actionTypeCounts>
        <referredToCommittee>1</referredToCommittee>
        <introducedInSenate>1</introducedInSenate>
      </actionTypeCounts>
      <item>
        <actionDate>2017-02-10</actionDate>
        <committee>
          <systemCode>sscm00</systemCode>
          <name>Commerce, Science, and Transportation Committee</name>
        </committee>
        <links>
          <link>
            <name>S1091-1092</name>
            <url>https://www.congress.gov/congressional-record/volume-163/senate-section/page/S1091-1092</url>
          </link>
        </links>
        <sourceSystem>
          <name>Senate</name>
          <code>0</code>
        </sourceSystem>
        <text>Referred to the Committee on Commerce, Science, and Transportation. (text of measure as introduced: CR S1091-1092)</text>
        <type>IntroReferral</type>
      </item>
      <item>
        <actionDate>2017-02-10</actionDate>
        <text>Introduced in Senate</text>
        <sourceSystem>
          <name>Library of Congress</name>
          <code>9</code>
        </sourceSystem>
        <committee />
        <links />
        <actionCode>10000</actionCode>
        <type>IntroReferral</type>
      </item>
    </actions>
    <amendments />
    <notes />
    <policyArea>
      <name>Science, Technology, Communications</name>
    </policyArea>
    <cosponsors>
      <item>
        <identifiers>
          <lisID>1837</lisID>
          <bioguideId>M001169</bioguideId>
          <gpoId>7870</gpoId>
        </identifiers>
        <bioguideId>M001169</bioguideId>
        <sponsorshipDate>2017-02-10</sponsorshipDate>
        <middleName />
        <fullName>Sen. Murphy, Christopher [D-CT]</fullName>
        <sponsorshipWithdrawnDate />
        <state>CT</state>
        <party>D</party>
        <firstName>Christopher</firstName>
        <isOriginalCosponsor>True</isOriginalCosponsor>
        <lastName>Murphy</lastName>
      </item>
      <item>
        <identifiers>
          <bioguideId>W000802</bioguideId>
          <gpoId>8264</gpoId>
          <lisID>1823</lisID>
        </identifiers>
        <bioguideId>W000802</bioguideId>
        <sponsorshipDate>2017-04-06</sponsorshipDate>
        <middleName />
        <fullName>Sen. Whitehouse, Sheldon [D-RI]</fullName>
        <sponsorshipWithdrawnDate />
        <state>RI</state>
        <party>D</party>
        <firstName>Sheldon</firstName>
        <isOriginalCosponsor>False</isOriginalCosponsor>
        <lastName>Whitehouse</lastName>
      </item>
    </cosponsors>
  </bill>
  <dublinCore xmlns:dc="http://purl.org/dc/elements/1.1/">
    <dc:format>text/xml</dc:format>
    <dc:language>EN</dc:language>
    <dc:rights>Pursuant to Title 17 Section 105 of the United States Code, this file is not subject to copyright protection and is in the public domain.</dc:rights>
    <dc:contributor>Congressional Research Service, Library of Congress</dc:contributor>
    <dc:description>This file contains bill summaries and statuses for federal legislation. A bill summary describes the most significant provisions of a piece of legislation and details the effects the legislative text may have on current law and federal programs. Bill summaries are authored by the Congressional Research Service (CRS) of the Library of Congress. As stated in Public Law 91-510 (2 USC 166 (d)(6)), one of the duties of CRS is "to prepare summaries and digests of bills and resolutions of a public general nature introduced in the Senate or House of Representatives". For more information, refer to the User Guide that accompanies this file.</dc:description>
  </dublinCore>
</billStatus>

