<?xml version="1.0" encoding="UTF-8"?>
<billStatus>
  <bill>
    <sponsors>
      <item>
        <fullName>Sen. Enzi, Michael B. [R-WY]</fullName>
        <lastName>ENZI</lastName>
        <bioguideId>E000285</bioguideId>
        <party>R</party>
        <middleName>B.</middleName>
        <state>WY</state>
        <firstName>MICHAEL</firstName>
        <byRequestType />
        <identifiers>
          <bioguideId>E000285</bioguideId>
          <lisID>1542</lisID>
          <gpoId>8328</gpoId>
        </identifiers>
      </item>
    </sponsors>
    <laws />
    <version>1.0.0</version>
    <introducedDate>2017-09-28</introducedDate>
    <cboCostEstimates />
    <titles>
      <item>
        <titleType>Official Title as Introduced</titleType>
        <title>A resolution supporting the goals and ideals of National Retirement Security Week, including raising public awareness of the various tax-preferred retirement vehicles, increasing personal financial literacy, and engaging the people of the United States on the keys to success in achieving and maintaining retirement security throughout their lifetimes.</title>
        <chamberCode />
        <parentTitleType />
        <chamberName />
      </item>
      <item>
        <titleType>Display Title</titleType>
        <title>A resolution supporting the goals and ideals of National Retirement Security Week, including raising public awareness of the various tax-preferred retirement vehicles, increasing personal financial literacy, and engaging the people of the United States on the keys to success in achieving and maintaining retirement security throughout their lifetimes.</title>
        <chamberCode />
        <parentTitleType />
        <chamberName />
      </item>
    </titles>
    <amendments />
    <recordedVotes />
    <relatedBills />
    <congress>115</congress>
    <billType>SRES</billType>
    <actions>
      <actionByCounts>
        <senate>3</senate>
      </actionByCounts>
      <actionTypeCounts>
        <passedAgreedToInSenate>1</passedAgreedToInSenate>
        <passedOrAgreedToInSenateDayOf>1</passedOrAgreedToInSenateDayOf>
        <introducedInSenate>1</introducedInSenate>
      </actionTypeCounts>
      <item>
        <actionDate>2017-09-28</actionDate>
        <committee />
        <links>
          <link>
            <name>S6230</name>
            <url>https://www.congress.gov/congressional-record/volume-163/senate-section/page/S6230</url>
          </link>
          <link>
            <name>S6234</name>
            <url>https://www.congress.gov/congressional-record/volume-163/senate-section/page/S6234</url>
          </link>
        </links>
        <sourceSystem>
          <name>Senate</name>
          <code>0</code>
        </sourceSystem>
        <text>Submitted in the Senate, considered, and agreed to without amendment and with a preamble by Unanimous Consent. (consideration: CR S6234; text: CR S6230)</text>
        <type>Floor</type>
      </item>
      <item>
        <actionDate>2017-09-28</actionDate>
        <text>Passed/agreed to in Senate: Submitted in the Senate, considered, and agreed to without amendment and with a preamble by Unanimous Consent.(consideration: CR S6234; text: CR S6230)</text>
        <sourceSystem>
          <name>Library of Congress</name>
          <code>9</code>
        </sourceSystem>
        <committee />
        <links>
          <link>
            <name>S6230</name>
            <url>https://www.congress.gov/congressional-record/volume-163/senate-section/page/S6230</url>
          </link>
          <link>
            <name>S6234</name>
            <url>https://www.congress.gov/congressional-record/volume-163/senate-section/page/S6234</url>
          </link>
        </links>
        <actionCode>17000</actionCode>
        <type>Floor</type>
      </item>
      <item>
        <actionDate>2017-09-28</actionDate>
        <text>Introduced in Senate</text>
        <sourceSystem>
          <name>Library of Congress</name>
          <code>9</code>
        </sourceSystem>
        <committee />
        <links />
        <actionCode>10000</actionCode>
        <type>IntroReferral</type>
      </item>
    </actions>
    <notes />
    <originChamber>Senate</originChamber>
    <title>A resolution supporting the goals and ideals of National Retirement Security Week, including raising public awareness of the various tax-preferred retirement vehicles, increasing personal financial literacy, and engaging the people of the United States on the keys to success in achieving and maintaining retirement security throughout their lifetimes.</title>
    <billNumber>274</billNumber>
    <cosponsors>
      <item>
        <state>MD</state>
        <identifiers>
          <lisID>174</lisID>
          <bioguideId>C000141</bioguideId>
          <gpoId>8287</gpoId>
        </identifiers>
        <bioguideId>C000141</bioguideId>
        <sponsorshipDate>2017-09-28</sponsorshipDate>
        <lastName>CARDIN</lastName>
        <fullName>Sen. Cardin, Benjamin L. [D-MD]</fullName>
        <firstName>BENJAMIN</firstName>
        <party>D</party>
        <middleName>L.</middleName>
        <isOriginalCosponsor>True</isOriginalCosponsor>
        <sponsorshipWithdrawnDate />
      </item>
      <item>
        <state>OR</state>
        <identifiers>
          <bioguideId>W000779</bioguideId>
          <gpoId>8265</gpoId>
          <lisID>1247</lisID>
        </identifiers>
        <bioguideId>W000779</bioguideId>
        <sponsorshipDate>2017-09-28</sponsorshipDate>
        <lastName>WYDEN</lastName>
        <fullName>Sen. Wyden, Ron [D-OR]</fullName>
        <firstName>RON</firstName>
        <party>D</party>
        <middleName />
        <isOriginalCosponsor>True</isOriginalCosponsor>
        <sponsorshipWithdrawnDate />
      </item>
      <item>
        <state>ME</state>
        <identifiers>
          <gpoId>8291</gpoId>
          <bioguideId>C001035</bioguideId>
          <lisID>1541</lisID>
        </identifiers>
        <bioguideId>C001035</bioguideId>
        <sponsorshipDate>2017-09-28</sponsorshipDate>
        <lastName>COLLINS</lastName>
        <fullName>Sen. Collins, Susan M. [R-ME]</fullName>
        <firstName>SUSAN</firstName>
        <party>R</party>
        <middleName>MARGARET</middleName>
        <isOriginalCosponsor>True</isOriginalCosponsor>
        <sponsorshipWithdrawnDate />
      </item>
      <item>
        <state>TN</state>
        <identifiers>
          <bioguideId>A000360</bioguideId>
          <lisID>1695</lisID>
          <gpoId>8304</gpoId>
        </identifiers>
        <bioguideId>A000360</bioguideId>
        <sponsorshipDate>2017-09-28</sponsorshipDate>
        <lastName>Alexander</lastName>
        <fullName>Sen. Alexander, Lamar [R-TN]</fullName>
        <firstName>Lamar</firstName>
        <party>R</party>
        <middleName />
        <isOriginalCosponsor>True</isOriginalCosponsor>
        <sponsorshipWithdrawnDate />
      </item>
    </cosponsors>
    <summaries>
      <billSummaries>
        <item>
          <lastSummaryUpdateDate>2017-10-02T15:30:39Z</lastSummaryUpdateDate>
          <updateDate>2017-09-28T04:00:00Z</updateDate>
          <versionCode>00</versionCode>
          <text><![CDATA[<p>Expresses support for the goals and ideals of National Retirement Security Week.</p> <p>Acknowledges the need to raise public awareness of a variety of tax-preferred retirement vehicles.</p>]]></text>
          <name>Introduced in Senate</name>
          <actionDesc>Introduced in Senate</actionDesc>
          <actionDate>2017-09-28</actionDate>
        </item>
        <item>
          <lastSummaryUpdateDate>2017-10-02T17:07:41Z</lastSummaryUpdateDate>
          <updateDate>2017-09-28T13:35:12Z</updateDate>
          <versionCode>82</versionCode>
          <text><![CDATA[<p>(This measure has not been amended since it was introduced. The summary of that version is repeated here.)</p> <p>Expresses support for the goals and ideals of National Retirement Security Week.</p> <p>Acknowledges the need to raise public awareness of a variety of tax-preferred retirement vehicles.</p>]]></text>
          <name>Passed Senate without amendment</name>
          <actionDesc>Passed Senate without amendment</actionDesc>
          <actionDate>2017-09-28</actionDate>
        </item>
      </billSummaries>
    </summaries>
    <policyArea>
      <name>Finance and Financial Sector</name>
    </policyArea>
    <latestAction>
      <links />
      <actionDate>2017-09-28</actionDate>
      <text>Submitted in the Senate, considered, and agreed to without amendment and with a preamble by Unanimous Consent. (consideration: CR S6234; text: CR S6230)</text>
    </latestAction>
    <updateDate>2018-02-06T16:44:15Z</updateDate>
    <committees>
      <billCommittees />
    </committees>
    <createDate>2017-09-29T00:26:24Z</createDate>
    <subjects>
      <billSubjects>
        <legislativeSubjects>
          <item>
            <name>Commemorative events and holidays</name>
          </item>
          <item>
            <name>Employee benefits and pensions</name>
          </item>
          <item>
            <name>Financial literacy</name>
          </item>
          <item>
            <name>Financial services and investments</name>
          </item>
          <item>
            <name>Income tax deferral</name>
          </item>
        </legislativeSubjects>
        <policyArea>
          <name>Finance and Financial Sector</name>
        </policyArea>
      </billSubjects>
    </subjects>
    <committeeReports />
    <calendarNumbers />
  </bill>
  <dublinCore xmlns:dc="http://purl.org/dc/elements/1.1/">
    <dc:format>text/xml</dc:format>
    <dc:language>EN</dc:language>
    <dc:rights>Pursuant to Title 17 Section 105 of the United States Code, this file is not subject to copyright protection and is in the public domain.</dc:rights>
    <dc:contributor>Congressional Research Service, Library of Congress</dc:contributor>
    <dc:description>This file contains bill summaries and statuses for federal legislation. A bill summary describes the most significant provisions of a piece of legislation and details the effects the legislative text may have on current law and federal programs. Bill summaries are authored by the Congressional Research Service (CRS) of the Library of Congress. As stated in Public Law 91-510 (2 USC 166 (d)(6)), one of the duties of CRS is "to prepare summaries and digests of bills and resolutions of a public general nature introduced in the Senate or House of Representatives". For more information, refer to the User Guide that accompanies this file.</dc:description>
  </dublinCore>
</billStatus>

