<?xml version="1.0" encoding="UTF-8"?>
<billStatus>
  <bill>
    <cboCostEstimates />
    <billType>SRES</billType>
    <policyArea>
      <name>Health</name>
    </policyArea>
    <version>1.0.0</version>
    <congress>115</congress>
    <titles>
      <item>
        <chamberCode />
        <parentTitleType />
        <title>A resolution recognizing the seriousness of Polycystic Ovary Syndrome and expressing support for the designation of the month of September 2018 as "Polycystic Ovary Syndrome Awareness Month".</title>
        <chamberName />
        <titleType>Official Title as Introduced</titleType>
      </item>
      <item>
        <chamberCode />
        <parentTitleType />
        <title>A resolution recognizing the seriousness of Polycystic Ovary Syndrome and expressing support for the designation of the month of September 2018 as "Polycystic Ovary Syndrome Awareness Month".</title>
        <chamberName />
        <titleType>Display Title</titleType>
      </item>
    </titles>
    <title>A resolution recognizing the seriousness of Polycystic Ovary Syndrome and expressing support for the designation of the month of September 2018 as "Polycystic Ovary Syndrome Awareness Month".</title>
    <latestAction>
      <links />
      <actionDate>2017-12-21</actionDate>
      <text>Resolution agreed to in Senate with amendments and an amended preamble by Unanimous Consent. (text: CR S8278)</text>
    </latestAction>
    <subjects>
      <billSubjects>
        <policyArea>
          <name>Health</name>
        </policyArea>
        <legislativeSubjects />
      </billSubjects>
    </subjects>
    <billNumber>336</billNumber>
    <calendarNumbers />
    <updateDate>2018-02-20T13:03:32Z</updateDate>
    <recordedVotes />
    <laws />
    <originChamber>Senate</originChamber>
    <sponsors>
      <item>
        <fullName>Sen. Warren, Elizabeth [D-MA]</fullName>
        <state>MA</state>
        <identifiers>
          <lisID>2182</lisID>
          <gpoId />
          <bioguideId>W000817</bioguideId>
        </identifiers>
        <lastName>Warren</lastName>
        <party>D</party>
        <bioguideId>W000817</bioguideId>
        <byRequestType />
        <firstName>Elizabeth</firstName>
        <middleName>A.</middleName>
      </item>
    </sponsors>
    <committeeReports />
    <summaries>
      <billSummaries>
        <item>
          <actionDesc>Introduced in Senate</actionDesc>
          <updateDate>2017-11-16T05:00:00Z</updateDate>
          <lastSummaryUpdateDate>2017-12-18T20:28:13Z</lastSummaryUpdateDate>
          <name>Introduced in Senate</name>
          <versionCode>00</versionCode>
          <text><![CDATA[<p>Expresses support for the goals and ideals of Polycystic Ovary Syndrome (PCOS) Awareness Month. (PCOS is caused by a hormone imbalance. Symptoms can include infertility, weight gain, excess hair growth, and acne.)</p> <p>Recognizes the need for further research, improved treatment and care options, and a cure for PCOS.</p> <p>Acknowledges the struggles affecting all women and girls afflicted with PCOS.</p>]]></text>
          <actionDate>2017-11-16</actionDate>
        </item>
        <item>
          <actionDesc>Passed Senate amended</actionDesc>
          <updateDate>2017-12-21T16:31:21Z</updateDate>
          <lastSummaryUpdateDate>2018-02-12T21:03:27Z</lastSummaryUpdateDate>
          <name>Passed Senate amended</name>
          <versionCode>35</versionCode>
          <text><![CDATA[<p>Expresses support for the goals and ideals of Polycystic Ovary Syndrome (PCOS) Awareness Month. (PCOS is caused by a hormone imbalance. Symptoms can include infertility, weight gain, excess hair growth, and acne.)</p> <p>Recognizes the need for further research, improved treatment and care options, and a cure for PCOS.</p> <p>Acknowledges the struggles affecting all women and girls afflicted with PCOS.</p>]]></text>
          <actionDate>2017-12-21</actionDate>
        </item>
      </billSummaries>
    </summaries>
    <createDate>2017-11-17T00:41:18Z</createDate>
    <notes />
    <introducedDate>2017-11-16</introducedDate>
    <actions>
      <actionTypeCounts>
        <agreedToInSenate>1</agreedToInSenate>
        <senateCommitteeDischarged>1</senateCommitteeDischarged>
        <passedAgreedToInSenate>1</passedAgreedToInSenate>
        <committeeDischarged>1</committeeDischarged>
        <referredToCommittee>1</referredToCommittee>
        <introducedInSenate>1</introducedInSenate>
      </actionTypeCounts>
      <item>
        <actionDate>2017-12-21</actionDate>
        <committee />
        <links>
          <link>
            <name>S8278</name>
            <url>https://www.congress.gov/congressional-record/volume-163/senate-section/page/S8278</url>
          </link>
        </links>
        <sourceSystem>
          <code>0</code>
          <name>Senate</name>
        </sourceSystem>
        <text>Resolution agreed to in Senate with amendments and an amended preamble by Unanimous Consent. (text: CR S8278)</text>
        <type>Floor</type>
      </item>
      <item>
        <committee />
        <links>
          <link>
            <name>S8278</name>
            <url>https://www.congress.gov/congressional-record/volume-163/senate-section/page/S8278</url>
          </link>
        </links>
        <actionDate>2017-12-21</actionDate>
        <type>Floor</type>
        <actionCode>17000</actionCode>
        <sourceSystem>
          <code>9</code>
          <name>Library of Congress</name>
        </sourceSystem>
        <text>Passed/agreed to in Senate: Resolution agreed to in Senate with amendments and an amended preamble by Unanimous Consent.(text: CR S8278)</text>
      </item>
      <item>
        <actionDate>2017-12-21</actionDate>
        <committee>
          <name>Health, Education, Labor, and Pensions Committee</name>
          <systemCode>sshr00</systemCode>
        </committee>
        <links>
          <link>
            <name>S8278</name>
            <url>https://www.congress.gov/congressional-record/volume-163/senate-section/page/S8278</url>
          </link>
        </links>
        <sourceSystem>
          <code>0</code>
          <name>Senate</name>
        </sourceSystem>
        <text>Senate Committee on Health, Education, Labor, and Pensions discharged by Unanimous Consent. (consideration: CR S8278)</text>
        <type>Discharge</type>
      </item>
      <item>
        <committee>
          <name>Health, Education, Labor, and Pensions Committee</name>
          <systemCode>sshr00</systemCode>
        </committee>
        <links />
        <actionDate>2017-12-21</actionDate>
        <type>Committee</type>
        <actionCode>14500</actionCode>
        <sourceSystem>
          <code>9</code>
          <name>Library of Congress</name>
        </sourceSystem>
        <text>Senate Committee on Health, Education, Labor, and Pensions discharged by Unanimous Consent.</text>
      </item>
      <item>
        <actionDate>2017-11-16</actionDate>
        <committee>
          <name>Health, Education, Labor, and Pensions Committee</name>
          <systemCode>sshr00</systemCode>
        </committee>
        <links>
          <link>
            <name>S7303</name>
            <url>https://www.congress.gov/congressional-record/volume-163/senate-section/page/S7303</url>
          </link>
        </links>
        <sourceSystem>
          <code>0</code>
          <name>Senate</name>
        </sourceSystem>
        <text>Referred to the Committee on Health, Education, Labor, and Pensions. (text of measure as introduced: CR S7303)</text>
        <type>IntroReferral</type>
      </item>
      <item>
        <committee />
        <links />
        <actionDate>2017-11-16</actionDate>
        <type>IntroReferral</type>
        <actionCode>10000</actionCode>
        <sourceSystem>
          <code>9</code>
          <name>Library of Congress</name>
        </sourceSystem>
        <text>Introduced in Senate</text>
      </item>
      <actionByCounts>
        <senate>6</senate>
      </actionByCounts>
    </actions>
    <committees>
      <billCommittees>
        <item>
          <chamber>Senate</chamber>
          <systemCode>sshr00</systemCode>
          <name>Health, Education, Labor, and Pensions Committee</name>
          <subcommittees />
          <type>Standing</type>
          <activities>
            <item>
              <date>2017-12-22T02:57:57Z</date>
              <name>Discharged from</name>
            </item>
            <item>
              <date>2017-11-16T21:43:25Z</date>
              <name>Referred to</name>
            </item>
          </activities>
        </item>
      </billCommittees>
    </committees>
    <relatedBills>
      <item>
        <latestAction>
          <actionDate>2017-08-04</actionDate>
          <text>Referred to the Subcommittee on Health.</text>
        </latestAction>
        <type>HRES</type>
        <latestTitle>Recognizing the seriousness of Polycystic Ovary Syndrome (PCOS) and expressing support for the designation of the month of September 2017 as "PCOS Awareness Month".</latestTitle>
        <congress>115</congress>
        <number>495</number>
        <relationshipDetails>
          <item>
            <type>Related bill</type>
            <identifiedBy>CRS</identifiedBy>
          </item>
        </relationshipDetails>
      </item>
    </relatedBills>
    <amendments>
      <amendment>
        <number>1867</number>
        <description />
        <purpose>To amend the preamble.</purpose>
        <congress>115</congress>
        <amendedBill>
          <congress>115</congress>
          <type>SRES</type>
          <originChamber>Senate</originChamber>
          <originChamberCode>S</originChamberCode>
          <title>A resolution recognizing the seriousness of Polycystic Ovary Syndrome and expressing support for the designation of the month of September 2018 as "Polycystic Ovary Syndrome Awareness Month".</title>
          <number>336</number>
        </amendedBill>
        <links />
        <updateDate>2018-02-20T13:03:32Z</updateDate>
        <type>SAMDT</type>
        <actions>
          <count>6</count>
          <actionTypeCounts>
            <senateAmendmentProposedOnTheFloor>1</senateAmendmentProposedOnTheFloor>
            <senateAmendmentAgreedTo>1</senateAmendmentAgreedTo>
            <amendmentProposed>1</amendmentProposed>
            <amendmentAgreedTo>1</amendmentAgreedTo>
            <senateAmendmentSubmitted>1</senateAmendmentSubmitted>
          </actionTypeCounts>
          <actions>
            <item>
              <actionDate>2017-12-21</actionDate>
              <committee />
              <links>
                <link>
                  <name>S.Amdt.1867</name>
                  <url>https://www.congress.gov/amendment/115th-congress/senate-amendment/1867</url>
                </link>
                <link>
                  <name>SA 1867</name>
                  <url>https://www.congress.gov/amendment/115th-congress/senate-amendment/1867</url>
                </link>
              </links>
              <sourceSystem>
                <code>0</code>
                <name>Senate</name>
              </sourceSystem>
              <text>Amendment SA 1867 agreed to in Senate by Unanimous Consent.</text>
              <type>Floor</type>
            </item>
            <item>
              <actionDate>2017-12-21</actionDate>
              <committee />
              <links>
                <link>
                  <name>S.Amdt.1867</name>
                  <url>https://www.congress.gov/amendment/115th-congress/senate-amendment/1867</url>
                </link>
                <link>
                  <name>SA 1867</name>
                  <url>https://www.congress.gov/amendment/115th-congress/senate-amendment/1867</url>
                </link>
              </links>
              <sourceSystem>
                <code>0</code>
                <name>Senate</name>
              </sourceSystem>
              <text>Amendment SA 1867 proposed by Senator McConnell for Senator Warren. To amend the preamble.</text>
              <type>Floor</type>
            </item>
            <item>
              <actionDate>2017-12-21</actionDate>
              <committee />
              <links />
              <text />
            </item>
            <item>
              <committee />
              <links>
                <link>
                  <name>S.Amdt.1867</name>
                  <url>https://www.congress.gov/amendment/115th-congress/senate-amendment/1867</url>
                </link>
                <link>
                  <name>SA 1867</name>
                  <url>https://www.congress.gov/amendment/115th-congress/senate-amendment/1867</url>
                </link>
              </links>
              <actionDate>2017-12-21</actionDate>
              <type>Floor</type>
              <actionCode>94000</actionCode>
              <sourceSystem>
                <code>9</code>
                <name>Library of Congress</name>
              </sourceSystem>
              <text>Senate amendment agreed to: Amendment SA 1867 agreed to in Senate by Unanimous Consent.</text>
            </item>
            <item>
              <committee />
              <links>
                <link>
                  <name>S.Amdt.1867</name>
                  <url>https://www.congress.gov/amendment/115th-congress/senate-amendment/1867</url>
                </link>
                <link>
                  <name>SA 1867</name>
                  <url>https://www.congress.gov/amendment/115th-congress/senate-amendment/1867</url>
                </link>
              </links>
              <actionDate>2017-12-21</actionDate>
              <type>Floor</type>
              <actionCode>93000</actionCode>
              <sourceSystem>
                <code>9</code>
                <name>Library of Congress</name>
              </sourceSystem>
              <text>Senate amendment proposed (on the floor): Amendment SA 1867 proposed by Senator McConnell for Senator Warren.</text>
            </item>
            <item>
              <committee />
              <links />
              <actionDate>2017-12-21</actionDate>
              <type>Floor</type>
              <actionCode>91000</actionCode>
              <sourceSystem>
                <code>9</code>
                <name>Library of Congress</name>
              </sourceSystem>
              <text>Senate amendment submitted</text>
            </item>
          </actions>
          <actionByCounts>
            <senate>5</senate>
          </actionByCounts>
        </actions>
        <submittedDate>2017-12-21T05:00:00Z</submittedDate>
        <cosponsors>
          <totalCount>0</totalCount>
          <currentCount>0</currentCount>
        </cosponsors>
        <amendedAmendment />
        <amendments>
          <count>0</count>
        </amendments>
        <chamber>Senate</chamber>
        <purpose>To amend the preamble.</purpose>
        <proposedDate>2017-12-21T05:00:00Z</proposedDate>
        <titles />
        <notes />
        <createDate>2017-12-22T05:46:08Z</createDate>
        <description />
        <version>1.0.0</version>
        <sponsors>
          <item>
            <lastName>Warren</lastName>
            <firstName>Elizabeth</firstName>
            <bioguideId>W000817</bioguideId>
            <fullName>Sen. Warren, Elizabeth [D-MA]</fullName>
            <middleName>A.</middleName>
            <party>D</party>
            <state>MA</state>
            <identifiers>
              <lisID>2182</lisID>
              <gpoId />
              <bioguideId>W000817</bioguideId>
            </identifiers>
          </item>
        </sponsors>
        <number>1867</number>
        <type>SAMDT</type>
        <congress>115</congress>
        <latestAction>
          <actionDate>2017-12-21</actionDate>
          <text>Amendment SA 1867 agreed to in Senate by Unanimous Consent.</text>
        </latestAction>
      </amendment>
      <amendment>
        <number>1866</number>
        <description />
        <purpose>To amend the resolving clause.</purpose>
        <sponsors>
          <item>
            <fullName>Sen. Warren, Elizabeth [D-MA]</fullName>
            <firstName>Elizabeth</firstName>
            <party>D</party>
            <middleName>A.</middleName>
            <identifiers>
              <lisID>2182</lisID>
              <gpoId />
              <bioguideId>W000817</bioguideId>
            </identifiers>
            <state>MA</state>
            <lastName>Warren</lastName>
            <bioguideId>W000817</bioguideId>
          </item>
        </sponsors>
        <updateDate>2018-02-20T13:03:32Z</updateDate>
        <purpose>To amend the resolving clause.</purpose>
        <chamber>Senate</chamber>
        <actions>
          <actionByCounts>
            <senate>5</senate>
          </actionByCounts>
          <actions>
            <item>
              <actionDate>2017-12-21</actionDate>
              <committee />
              <links>
                <link>
                  <name>S.Amdt.1866</name>
                  <url>https://www.congress.gov/amendment/115th-congress/senate-amendment/1866</url>
                </link>
                <link>
                  <name>SA 1866</name>
                  <url>https://www.congress.gov/amendment/115th-congress/senate-amendment/1866</url>
                </link>
              </links>
              <sourceSystem>
                <code>0</code>
                <name>Senate</name>
              </sourceSystem>
              <text>Amendment SA 1866 agreed to in Senate by Unanimous Consent.</text>
              <type>Floor</type>
            </item>
            <item>
              <actionDate>2017-12-21</actionDate>
              <committee />
              <links>
                <link>
                  <name>S.Amdt.1866</name>
                  <url>https://www.congress.gov/amendment/115th-congress/senate-amendment/1866</url>
                </link>
                <link>
                  <name>SA 1866</name>
                  <url>https://www.congress.gov/amendment/115th-congress/senate-amendment/1866</url>
                </link>
              </links>
              <sourceSystem>
                <code>0</code>
                <name>Senate</name>
              </sourceSystem>
              <text>Amendment SA 1866 proposed by Senator McConnell for Senator Warren. To amend the resolving clause.</text>
              <type>Floor</type>
            </item>
            <item>
              <actionDate>2017-12-21</actionDate>
              <committee />
              <links />
              <text />
            </item>
            <item>
              <actionDate>2017-12-21</actionDate>
              <text>Senate amendment proposed (on the floor): Amendment SA 1866 proposed by Senator McConnell for Senator Warren.</text>
              <committee />
              <links>
                <link>
                  <name>S.Amdt.1866</name>
                  <url>https://www.congress.gov/amendment/115th-congress/senate-amendment/1866</url>
                </link>
                <link>
                  <name>SA 1866</name>
                  <url>https://www.congress.gov/amendment/115th-congress/senate-amendment/1866</url>
                </link>
              </links>
              <actionCode>93000</actionCode>
              <type>Floor</type>
              <sourceSystem>
                <code>9</code>
                <name>Library of Congress</name>
              </sourceSystem>
            </item>
            <item>
              <actionDate>2017-12-21</actionDate>
              <text>Senate amendment agreed to: Amendment SA 1866 agreed to in Senate by Unanimous Consent.</text>
              <committee />
              <links>
                <link>
                  <name>S.Amdt.1866</name>
                  <url>https://www.congress.gov/amendment/115th-congress/senate-amendment/1866</url>
                </link>
                <link>
                  <name>SA 1866</name>
                  <url>https://www.congress.gov/amendment/115th-congress/senate-amendment/1866</url>
                </link>
              </links>
              <actionCode>94000</actionCode>
              <type>Floor</type>
              <sourceSystem>
                <code>9</code>
                <name>Library of Congress</name>
              </sourceSystem>
            </item>
            <item>
              <actionDate>2017-12-21</actionDate>
              <text>Senate amendment submitted</text>
              <committee />
              <links />
              <actionCode>91000</actionCode>
              <type>Floor</type>
              <sourceSystem>
                <code>9</code>
                <name>Library of Congress</name>
              </sourceSystem>
            </item>
          </actions>
          <actionTypeCounts>
            <senateAmendmentAgreedTo>1</senateAmendmentAgreedTo>
            <amendmentAgreedTo>1</amendmentAgreedTo>
            <amendmentProposed>1</amendmentProposed>
            <senateAmendmentSubmitted>1</senateAmendmentSubmitted>
            <senateAmendmentProposedOnTheFloor>1</senateAmendmentProposedOnTheFloor>
          </actionTypeCounts>
          <count>6</count>
        </actions>
        <cosponsors>
          <totalCount>0</totalCount>
          <currentCount>0</currentCount>
        </cosponsors>
        <links />
        <notes />
        <createDate>2017-12-22T05:46:08Z</createDate>
        <amendedAmendment />
        <amendedBill>
          <title>A resolution recognizing the seriousness of Polycystic Ovary Syndrome and expressing support for the designation of the month of September 2018 as "Polycystic Ovary Syndrome Awareness Month".</title>
          <number>336</number>
          <congress>115</congress>
          <originChamber>Senate</originChamber>
          <type>SRES</type>
          <originChamberCode>S</originChamberCode>
        </amendedBill>
        <number>1866</number>
        <submittedDate>2017-12-21T05:00:00Z</submittedDate>
        <description />
        <congress>115</congress>
        <type>SAMDT</type>
        <version>1.0.0</version>
        <titles />
        <amendments>
          <count>0</count>
        </amendments>
        <proposedDate>2017-12-21T05:00:00Z</proposedDate>
        <type>SAMDT</type>
        <congress>115</congress>
        <latestAction>
          <actionDate>2017-12-21</actionDate>
          <text>Amendment SA 1866 agreed to in Senate by Unanimous Consent.</text>
        </latestAction>
      </amendment>
    </amendments>
    <cosponsors>
      <item>
        <middleName>Alfred</middleName>
        <state>GA</state>
        <bioguideId>P000612</bioguideId>
        <fullName>Sen. Perdue, David [R-GA]</fullName>
        <party>R</party>
        <lastName>Perdue</lastName>
        <identifiers>
          <gpoId />
          <lisID>2286</lisID>
          <bioguideId>P000612</bioguideId>
        </identifiers>
        <isOriginalCosponsor>True</isOriginalCosponsor>
        <sponsorshipWithdrawnDate />
        <firstName>David</firstName>
        <sponsorshipDate>2017-11-16</sponsorshipDate>
      </item>
      <item>
        <middleName />
        <state>WI</state>
        <bioguideId>B001230</bioguideId>
        <fullName>Sen. Baldwin, Tammy [D-WI]</fullName>
        <party>D</party>
        <lastName>BALDWIN</lastName>
        <identifiers>
          <lisID>1558</lisID>
          <bioguideId>B001230</bioguideId>
          <gpoId>8215</gpoId>
        </identifiers>
        <isOriginalCosponsor>True</isOriginalCosponsor>
        <sponsorshipWithdrawnDate />
        <firstName>TAMMY</firstName>
        <sponsorshipDate>2017-11-16</sponsorshipDate>
      </item>
      <item>
        <middleName />
        <state>CT</state>
        <bioguideId>B001277</bioguideId>
        <fullName>Sen. Blumenthal, Richard [D-CT]</fullName>
        <party>D</party>
        <lastName>Blumenthal</lastName>
        <identifiers>
          <lisID>2076</lisID>
          <gpoId>8332</gpoId>
          <bioguideId>B001277</bioguideId>
        </identifiers>
        <isOriginalCosponsor>True</isOriginalCosponsor>
        <sponsorshipWithdrawnDate />
        <firstName>Richard</firstName>
        <sponsorshipDate>2017-11-16</sponsorshipDate>
      </item>
      <item>
        <middleName>A.</middleName>
        <state>NJ</state>
        <bioguideId>B001288</bioguideId>
        <fullName>Sen. Booker, Cory A. [D-NJ]</fullName>
        <party>D</party>
        <lastName>Booker</lastName>
        <identifiers>
          <lisID>2194</lisID>
          <bioguideId>B001288</bioguideId>
          <gpoId />
        </identifiers>
        <isOriginalCosponsor>True</isOriginalCosponsor>
        <sponsorshipWithdrawnDate />
        <firstName>Cory</firstName>
        <sponsorshipDate>2017-11-16</sponsorshipDate>
      </item>
      <item>
        <middleName />
        <state>CA</state>
        <bioguideId>F000062</bioguideId>
        <fullName>Sen. Feinstein, Dianne [D-CA]</fullName>
        <party>D</party>
        <lastName>FEINSTEIN</lastName>
        <identifiers>
          <gpoId>8338</gpoId>
          <lisID>1332</lisID>
          <bioguideId>F000062</bioguideId>
        </identifiers>
        <isOriginalCosponsor>True</isOriginalCosponsor>
        <sponsorshipWithdrawnDate />
        <firstName>DIANNE</firstName>
        <sponsorshipDate>2017-11-16</sponsorshipDate>
      </item>
      <item>
        <middleName />
        <state>GA</state>
        <bioguideId>I000055</bioguideId>
        <fullName>Sen. Isakson, Johnny [R-GA]</fullName>
        <party>R</party>
        <lastName>Isakson</lastName>
        <identifiers>
          <lisID>1608</lisID>
          <gpoId>8323</gpoId>
          <bioguideId>I000055</bioguideId>
        </identifiers>
        <isOriginalCosponsor>True</isOriginalCosponsor>
        <sponsorshipWithdrawnDate />
        <firstName>Johnny</firstName>
        <sponsorshipDate>2017-11-16</sponsorshipDate>
      </item>
      <item>
        <middleName />
        <state>NE</state>
        <bioguideId>F000463</bioguideId>
        <fullName>Sen. Fischer, Deb [R-NE]</fullName>
        <party>R</party>
        <lastName>Fischer</lastName>
        <identifiers>
          <lisID>2179</lisID>
          <gpoId />
          <bioguideId>F000463</bioguideId>
        </identifiers>
        <isOriginalCosponsor>False</isOriginalCosponsor>
        <sponsorshipWithdrawnDate />
        <firstName>Deb</firstName>
        <sponsorshipDate>2017-11-30</sponsorshipDate>
      </item>
    </cosponsors>
  </bill>
  <dublinCore xmlns:dc="http://purl.org/dc/elements/1.1/">
    <dc:format>text/xml</dc:format>
    <dc:language>EN</dc:language>
    <dc:rights>Pursuant to Title 17 Section 105 of the United States Code, this file is not subject to copyright protection and is in the public domain.</dc:rights>
    <dc:contributor>Congressional Research Service, Library of Congress</dc:contributor>
    <dc:description>This file contains bill summaries and statuses for federal legislation. A bill summary describes the most significant provisions of a piece of legislation and details the effects the legislative text may have on current law and federal programs. Bill summaries are authored by the Congressional Research Service (CRS) of the Library of Congress. As stated in Public Law 91-510 (2 USC 166 (d)(6)), one of the duties of CRS is "to prepare summaries and digests of bills and resolutions of a public general nature introduced in the Senate or House of Representatives". For more information, refer to the User Guide that accompanies this file.</dc:description>
  </dublinCore>
</billStatus>

