<?xml version="1.0" encoding="UTF-8"?>
<billStatus>
  <bill>
    <createDate>2017-09-27T00:41:25Z</createDate>
    <introducedDate>2017-09-26</introducedDate>
    <congress>115</congress>
    <latestAction>
      <actionDate>2017-09-26</actionDate>
      <links />
      <text>Referred to the Committee on Rules and Administration. (Sponsor introductory remarks on measure: CR S6138-6139; text of measure as introduced: CR S6138-6139)</text>
    </latestAction>
    <originChamber>Senate</originChamber>
    <billNumber>268</billNumber>
    <sponsors>
      <item>
        <state>MN</state>
        <identifiers>
          <lisID>1826</lisID>
          <bioguideId>K000367</bioguideId>
          <gpoId>8249</gpoId>
        </identifiers>
        <bioguideId>K000367</bioguideId>
        <lastName>Klobuchar</lastName>
        <fullName>Sen. Klobuchar, Amy [D-MN]</fullName>
        <firstName>Amy</firstName>
        <party>D</party>
        <middleName />
        <byRequestType />
      </item>
    </sponsors>
    <title>A resolution recognizing September 26, 2017, as "National Voter Registration Day".</title>
    <relatedBills />
    <titles>
      <item>
        <chamberName />
        <parentTitleType />
        <chamberCode />
        <titleType>Official Title as Introduced</titleType>
        <title>A resolution recognizing September 26, 2017, as "National Voter Registration Day".</title>
      </item>
      <item>
        <chamberName />
        <parentTitleType />
        <chamberCode />
        <titleType>Display Title</titleType>
        <title>A resolution recognizing September 26, 2017, as "National Voter Registration Day".</title>
      </item>
    </titles>
    <billType>SRES</billType>
    <summaries>
      <billSummaries>
        <item>
          <text><![CDATA[<p>Recognizes September 26, 2017, as National Voter Registration Day. </p>]]></text>
          <versionCode>00</versionCode>
          <actionDate>2017-09-26</actionDate>
          <name>Introduced in Senate</name>
          <actionDesc>Introduced in Senate</actionDesc>
          <lastSummaryUpdateDate>2017-10-25T20:46:13Z</lastSummaryUpdateDate>
          <updateDate>2017-09-26T04:00:00Z</updateDate>
        </item>
      </billSummaries>
    </summaries>
    <committeeReports />
    <laws />
    <subjects>
      <billSubjects>
        <legislativeSubjects>
          <item>
            <name>Commemorative events and holidays</name>
          </item>
          <item>
            <name>Elections, voting, political campaign regulation</name>
          </item>
          <item>
            <name>State and local government operations</name>
          </item>
        </legislativeSubjects>
        <policyArea>
          <name>Government Operations and Politics</name>
        </policyArea>
      </billSubjects>
    </subjects>
    <committees>
      <billCommittees>
        <item>
          <chamber>Senate</chamber>
          <name>Rules and Administration Committee</name>
          <systemCode>ssra00</systemCode>
          <activities>
            <item>
              <date>2017-09-26T20:35:34Z</date>
              <name>Referred to</name>
            </item>
          </activities>
          <type>Standing</type>
          <subcommittees />
        </item>
      </billCommittees>
    </committees>
    <version>1.0.0</version>
    <recordedVotes />
    <updateDate>2018-02-06T16:44:15Z</updateDate>
    <calendarNumbers />
    <cboCostEstimates />
    <actions>
      <actionByCounts>
        <senate>2</senate>
      </actionByCounts>
      <actionTypeCounts>
        <referredToCommittee>1</referredToCommittee>
        <introducedInSenate>1</introducedInSenate>
      </actionTypeCounts>
      <item>
        <actionDate>2017-09-26</actionDate>
        <committee>
          <systemCode>ssra00</systemCode>
          <name>Rules and Administration Committee</name>
        </committee>
        <links>
          <link>
            <name>S6138-6139</name>
            <url>https://www.congress.gov/congressional-record/volume-163/senate-section/page/S6138-6139</url>
          </link>
        </links>
        <sourceSystem>
          <name>Senate</name>
          <code>0</code>
        </sourceSystem>
        <text>Referred to the Committee on Rules and Administration. (Sponsor introductory remarks on measure: CR S6138-6139; text of measure as introduced: CR S6138-6139)</text>
        <type>IntroReferral</type>
      </item>
      <item>
        <actionDate>2017-09-26</actionDate>
        <text>Introduced in Senate</text>
        <sourceSystem>
          <name>Library of Congress</name>
          <code>9</code>
        </sourceSystem>
        <committee />
        <links />
        <actionCode>10000</actionCode>
        <type>IntroReferral</type>
      </item>
    </actions>
    <amendments />
    <notes />
    <policyArea>
      <name>Government Operations and Politics</name>
    </policyArea>
    <cosponsors>
      <item>
        <identifiers>
          <lisID>174</lisID>
          <bioguideId>C000141</bioguideId>
          <gpoId>8287</gpoId>
        </identifiers>
        <bioguideId>C000141</bioguideId>
        <sponsorshipDate>2017-09-26</sponsorshipDate>
        <middleName>L.</middleName>
        <fullName>Sen. Cardin, Benjamin L. [D-MD]</fullName>
        <sponsorshipWithdrawnDate />
        <state>MD</state>
        <party>D</party>
        <firstName>BENJAMIN</firstName>
        <isOriginalCosponsor>True</isOriginalCosponsor>
        <lastName>CARDIN</lastName>
      </item>
    </cosponsors>
  </bill>
  <dublinCore xmlns:dc="http://purl.org/dc/elements/1.1/">
    <dc:format>text/xml</dc:format>
    <dc:language>EN</dc:language>
    <dc:rights>Pursuant to Title 17 Section 105 of the United States Code, this file is not subject to copyright protection and is in the public domain.</dc:rights>
    <dc:contributor>Congressional Research Service, Library of Congress</dc:contributor>
    <dc:description>This file contains bill summaries and statuses for federal legislation. A bill summary describes the most significant provisions of a piece of legislation and details the effects the legislative text may have on current law and federal programs. Bill summaries are authored by the Congressional Research Service (CRS) of the Library of Congress. As stated in Public Law 91-510 (2 USC 166 (d)(6)), one of the duties of CRS is "to prepare summaries and digests of bills and resolutions of a public general nature introduced in the Senate or House of Representatives". For more information, refer to the User Guide that accompanies this file.</dc:description>
  </dublinCore>
</billStatus>

