<?xml version="1.0" encoding="UTF-8"?>
<billStatus>
  <bill>
    <policyArea>
      <name>Health</name>
    </policyArea>
    <committeeReports />
    <congress>115</congress>
    <sponsors>
      <item>
        <identifiers>
          <lisID>1844</lisID>
          <gpoId>7913</gpoId>
          <bioguideId>H001042</bioguideId>
        </identifiers>
        <middleName>K.</middleName>
        <byRequestType />
        <fullName>Sen. Hirono, Mazie K. [D-HI]</fullName>
        <bioguideId>H001042</bioguideId>
        <state>HI</state>
        <party>D</party>
        <firstName>Mazie</firstName>
        <lastName>Hirono</lastName>
      </item>
    </sponsors>
    <calendarNumbers />
    <amendments />
    <relatedBills>
      <item>
        <number>32</number>
        <congress>115</congress>
        <relationshipDetails>
          <item>
            <type>Related bill</type>
            <identifiedBy>CRS</identifiedBy>
          </item>
        </relationshipDetails>
        <latestTitle>Recognizing July 28, 2017, as "World Hepatitis Day".</latestTitle>
        <latestAction>
          <text>Referred to the Subcommittee on Health.</text>
          <actionDate>2017-01-25</actionDate>
        </latestAction>
        <type>HRES</type>
      </item>
    </relatedBills>
    <notes />
    <originChamber>Senate</originChamber>
    <version>1.0.0</version>
    <billNumber>236</billNumber>
    <title>A resolution recognizing July 28, 2017, as "World Hepatitis Day 2017".</title>
    <cosponsors>
      <item>
        <bioguideId>C000141</bioguideId>
        <sponsorshipDate>2017-07-27</sponsorshipDate>
        <isOriginalCosponsor>True</isOriginalCosponsor>
        <middleName>L.</middleName>
        <sponsorshipWithdrawnDate />
        <firstName>BENJAMIN</firstName>
        <lastName>CARDIN</lastName>
        <state>MD</state>
        <party>D</party>
        <identifiers>
          <gpoId>8287</gpoId>
          <lisID>174</lisID>
          <bioguideId>C000141</bioguideId>
        </identifiers>
        <fullName>Sen. Cardin, Benjamin L. [D-MD]</fullName>
      </item>
    </cosponsors>
    <subjects>
      <billSubjects>
        <policyArea>
          <name>Health</name>
        </policyArea>
        <legislativeSubjects>
          <item>
            <name>Commemorative events and holidays</name>
          </item>
          <item>
            <name>Digestive and metabolic diseases</name>
          </item>
          <item>
            <name>Health care coverage and access</name>
          </item>
          <item>
            <name>Health programs administration and funding</name>
          </item>
          <item>
            <name>Health promotion and preventive care</name>
          </item>
          <item>
            <name>Infectious and parasitic diseases</name>
          </item>
          <item>
            <name>World health</name>
          </item>
        </legislativeSubjects>
      </billSubjects>
    </subjects>
    <laws />
    <actions>
      <actionTypeCounts>
        <referredToCommittee>1</referredToCommittee>
        <introducedInSenate>1</introducedInSenate>
      </actionTypeCounts>
      <item>
        <actionDate>2017-07-27</actionDate>
        <committee>
          <systemCode>sshr00</systemCode>
          <name>Health, Education, Labor, and Pensions Committee</name>
        </committee>
        <links>
          <link>
            <url>https://www.congress.gov/congressional-record/volume-163/senate-section/page/S4433-4434</url>
            <name>S4433-4434</name>
          </link>
        </links>
        <sourceSystem>
          <name>Senate</name>
          <code>0</code>
        </sourceSystem>
        <text>Referred to the Committee on Health, Education, Labor, and Pensions. (text of measure as introduced: CR S4433-4434)</text>
        <type>IntroReferral</type>
      </item>
      <item>
        <text>Introduced in Senate</text>
        <links />
        <actionDate>2017-07-27</actionDate>
        <committee />
        <sourceSystem>
          <name>Library of Congress</name>
          <code>9</code>
        </sourceSystem>
        <type>IntroReferral</type>
        <actionCode>10000</actionCode>
      </item>
      <actionByCounts>
        <senate>2</senate>
      </actionByCounts>
    </actions>
    <titles>
      <item>
        <chamberName />
        <titleType>Official Title as Introduced</titleType>
        <title>A resolution recognizing July 28, 2017, as "World Hepatitis Day 2017".</title>
        <parentTitleType />
        <chamberCode />
      </item>
      <item>
        <chamberName />
        <titleType>Display Title</titleType>
        <title>A resolution recognizing July 28, 2017, as "World Hepatitis Day 2017".</title>
        <parentTitleType />
        <chamberCode />
      </item>
    </titles>
    <summaries>
      <billSummaries>
        <item>
          <versionCode>00</versionCode>
          <actionDate>2017-07-27</actionDate>
          <updateDate>2017-07-27T04:00:00Z</updateDate>
          <text><![CDATA[<p>Recognizes July 28, 2017, as World Hepatitis Day 2017.</p> <p>Expresses support for broad access to hepatitis treatments and for raising awareness of the risks and consequences of undiagnosed hepatitis infections.</p> <p>Calls for a robust governmental and public health response to protect the health of the 5 million people in the United States and 400 million people worldwide who suffer from chronic viral hepatitis.</p>]]></text>
          <actionDesc>Introduced in Senate</actionDesc>
          <name>Introduced in Senate</name>
          <lastSummaryUpdateDate>2017-09-22T21:47:28Z</lastSummaryUpdateDate>
        </item>
      </billSummaries>
    </summaries>
    <committees>
      <billCommittees>
        <item>
          <name>Health, Education, Labor, and Pensions Committee</name>
          <chamber>Senate</chamber>
          <type>Standing</type>
          <subcommittees />
          <systemCode>sshr00</systemCode>
          <activities>
            <item>
              <name>Referred to</name>
              <date>2017-07-27T20:21:02Z</date>
            </item>
          </activities>
        </item>
      </billCommittees>
    </committees>
    <introducedDate>2017-07-27</introducedDate>
    <updateDate>2018-02-06T16:44:12Z</updateDate>
    <cboCostEstimates />
    <recordedVotes />
    <billType>SRES</billType>
    <createDate>2017-07-28T06:26:36Z</createDate>
    <latestAction>
      <text>Referred to the Committee on Health, Education, Labor, and Pensions. (text of measure as introduced: CR S4433-4434)</text>
      <links />
      <actionDate>2017-07-27</actionDate>
    </latestAction>
  </bill>
  <dublinCore xmlns:dc="http://purl.org/dc/elements/1.1/">
    <dc:format>text/xml</dc:format>
    <dc:language>EN</dc:language>
    <dc:rights>Pursuant to Title 17 Section 105 of the United States Code, this file is not subject to copyright protection and is in the public domain.</dc:rights>
    <dc:contributor>Congressional Research Service, Library of Congress</dc:contributor>
    <dc:description>This file contains bill summaries and statuses for federal legislation. A bill summary describes the most significant provisions of a piece of legislation and details the effects the legislative text may have on current law and federal programs. Bill summaries are authored by the Congressional Research Service (CRS) of the Library of Congress. As stated in Public Law 91-510 (2 USC 166 (d)(6)), one of the duties of CRS is "to prepare summaries and digests of bills and resolutions of a public general nature introduced in the Senate or House of Representatives". For more information, refer to the User Guide that accompanies this file.</dc:description>
  </dublinCore>
</billStatus>

