<?xml version="1.0" encoding="UTF-8"?>
<billStatus>
  <bill>
    <policyArea>
      <name>Transportation and Public Works</name>
    </policyArea>
    <committeeReports />
    <congress>115</congress>
    <sponsors>
      <item>
        <identifiers>
          <lisID>1983</lisID>
          <bioguideId>M001183</bioguideId>
          <gpoId>8256</gpoId>
        </identifiers>
        <middleName />
        <byRequestType />
        <fullName>Sen. Manchin, Joe, III [D-WV]</fullName>
        <bioguideId>M001183</bioguideId>
        <state>WV</state>
        <party>D</party>
        <firstName>Joe</firstName>
        <lastName>Manchin</lastName>
      </item>
    </sponsors>
    <calendarNumbers />
    <amendments />
    <relatedBills />
    <notes />
    <originChamber>Senate</originChamber>
    <version>1.0.0</version>
    <billNumber>120</billNumber>
    <title>A resolution designating April 20, 2017, as "National Alternative Fuel Vehicle Day."</title>
    <cosponsors>
      <item>
        <firstName>SHELLEY</firstName>
        <sponsorshipWithdrawnDate />
        <state>WV</state>
        <bioguideId>C001047</bioguideId>
        <identifiers>
          <bioguideId>C001047</bioguideId>
          <gpoId>8223</gpoId>
          <lisID>1676</lisID>
        </identifiers>
        <fullName>Sen. Capito, Shelley Moore [R-WV]</fullName>
        <lastName>CAPITO</lastName>
        <party>R</party>
        <middleName>MOORE</middleName>
        <isOriginalCosponsor>True</isOriginalCosponsor>
        <sponsorshipDate>2017-04-06</sponsorshipDate>
      </item>
    </cosponsors>
    <subjects>
      <billSubjects>
        <legislativeSubjects>
          <item>
            <name>Alternative and renewable resources</name>
          </item>
          <item>
            <name>Commemorative events and holidays</name>
          </item>
          <item>
            <name>Energy efficiency and conservation</name>
          </item>
          <item>
            <name>Hybrid, electric, and advanced technology vehicles</name>
          </item>
          <item>
            <name>Motor fuels</name>
          </item>
          <item>
            <name>Motor vehicles</name>
          </item>
        </legislativeSubjects>
        <policyArea>
          <name>Transportation and Public Works</name>
        </policyArea>
      </billSubjects>
    </subjects>
    <laws />
    <actions>
      <actionByCounts>
        <senate>2</senate>
      </actionByCounts>
      <actionTypeCounts>
        <referredToCommittee>1</referredToCommittee>
        <introducedInSenate>1</introducedInSenate>
      </actionTypeCounts>
      <item>
        <actionDate>2017-04-06</actionDate>
        <committee>
          <systemCode>ssju00</systemCode>
          <name>Judiciary Committee</name>
        </committee>
        <links>
          <link>
            <name>S2430</name>
            <url>https://www.congress.gov/congressional-record/volume-163/senate-section/page/S2430</url>
          </link>
        </links>
        <sourceSystem>
          <name>Senate</name>
          <code>0</code>
        </sourceSystem>
        <text>Referred to the Committee on the Judiciary. (text of measure as introduced: CR S2430)</text>
        <type>IntroReferral</type>
      </item>
      <item>
        <actionDate>2017-04-06</actionDate>
        <text>Introduced in Senate</text>
        <sourceSystem>
          <name>Library of Congress</name>
          <code>9</code>
        </sourceSystem>
        <committee />
        <links />
        <actionCode>10000</actionCode>
        <type>IntroReferral</type>
      </item>
    </actions>
    <titles>
      <item>
        <chamberCode />
        <chamberName />
        <parentTitleType />
        <titleType>Official Title as Introduced</titleType>
        <title>A resolution designating April 20, 2017, as "National Alternative Fuel Vehicle Day."</title>
      </item>
      <item>
        <chamberCode />
        <chamberName />
        <parentTitleType />
        <titleType>Display Title</titleType>
        <title>A resolution designating April 20, 2017, as "National Alternative Fuel Vehicle Day."</title>
      </item>
    </titles>
    <summaries>
      <billSummaries>
        <item>
          <lastSummaryUpdateDate>2017-04-11T14:30:38Z</lastSummaryUpdateDate>
          <updateDate>2017-04-06T04:00:00Z</updateDate>
          <versionCode>00</versionCode>
          <text><![CDATA[<p>Designates April 20, 2017, as National Alternative Fuel Vehicle Day for promoting the greater use of cleaner, more efficient transportation that uses new sources of energy.</p> <p>Urges the people of the United States to: (1) increase use of cleaner and energy efficient alternative fuel vehicles and advanced technology vehicles; (2) promote public sector adoption of those vehicles; and (3) encourage the adoption of federal policies to reduce U.S. dependence on foreign oil through the advancement and adoption of alternative, advanced, and emerging vehicle and fuel technologies.</p>]]></text>
          <name>Introduced in Senate</name>
          <actionDesc>Introduced in Senate</actionDesc>
          <actionDate>2017-04-06</actionDate>
        </item>
      </billSummaries>
    </summaries>
    <committees>
      <billCommittees>
        <item>
          <systemCode>ssju00</systemCode>
          <chamber>Senate</chamber>
          <type>Standing</type>
          <activities>
            <item>
              <date>2017-04-06T21:07:20Z</date>
              <name>Referred to</name>
            </item>
          </activities>
          <name>Judiciary Committee</name>
          <subcommittees />
        </item>
      </billCommittees>
    </committees>
    <introducedDate>2017-04-06</introducedDate>
    <updateDate>2018-02-06T16:44:04Z</updateDate>
    <cboCostEstimates />
    <recordedVotes />
    <billType>SRES</billType>
    <createDate>2017-04-07T00:41:45Z</createDate>
    <latestAction>
      <text>Referred to the Committee on the Judiciary. (text of measure as introduced: CR S2430)</text>
      <links />
      <actionDate>2017-04-06</actionDate>
    </latestAction>
  </bill>
  <dublinCore xmlns:dc="http://purl.org/dc/elements/1.1/">
    <dc:format>text/xml</dc:format>
    <dc:language>EN</dc:language>
    <dc:rights>Pursuant to Title 17 Section 105 of the United States Code, this file is not subject to copyright protection and is in the public domain.</dc:rights>
    <dc:contributor>Congressional Research Service, Library of Congress</dc:contributor>
    <dc:description>This file contains bill summaries and statuses for federal legislation. A bill summary describes the most significant provisions of a piece of legislation and details the effects the legislative text may have on current law and federal programs. Bill summaries are authored by the Congressional Research Service (CRS) of the Library of Congress. As stated in Public Law 91-510 (2 USC 166 (d)(6)), one of the duties of CRS is "to prepare summaries and digests of bills and resolutions of a public general nature introduced in the Senate or House of Representatives". For more information, refer to the User Guide that accompanies this file.</dc:description>
  </dublinCore>
</billStatus>

