<?xml version="1.0" encoding="UTF-8"?>
<billStatus>
  <bill>
    <version>1.0.0</version>
    <notes />
    <relatedBills>
      <item>
        <number>482</number>
        <latestAction>
          <text>Referred to the House Committee on Oversight and Government Reform.</text>
          <actionDate>2017-07-27</actionDate>
        </latestAction>
        <congress>115</congress>
        <latestTitle>Expressing support for the designation of September 2017 as National Ovarian Cancer Awareness Month.</latestTitle>
        <type>HRES</type>
        <relationshipDetails>
          <item>
            <type>Related bill</type>
            <identifiedBy>CRS</identifiedBy>
          </item>
        </relationshipDetails>
      </item>
    </relatedBills>
    <sponsors>
      <item>
        <bioguideId>S000770</bioguideId>
        <firstName>DEBORAH</firstName>
        <state>MI</state>
        <party>D</party>
        <fullName>Sen. Stabenow, Debbie [D-MI]</fullName>
        <identifiers>
          <bioguideId>S000770</bioguideId>
          <lisID>1531</lisID>
          <gpoId>8261</gpoId>
        </identifiers>
        <byRequestType />
        <lastName>STABENOW</lastName>
        <middleName>ANN</middleName>
      </item>
    </sponsors>
    <titles>
      <item>
        <title>A resolution designating September 2017 as "National Ovarian Cancer Awareness Month".</title>
        <titleType>Official Title as Introduced</titleType>
        <chamberCode />
        <chamberName />
        <parentTitleType />
      </item>
      <item>
        <title>A resolution designating September 2017 as "National Ovarian Cancer Awareness Month".</title>
        <titleType>Display Title</titleType>
        <chamberCode />
        <chamberName />
        <parentTitleType />
      </item>
    </titles>
    <introducedDate>2017-09-28</introducedDate>
    <title>A resolution designating September 2017 as "National Ovarian Cancer Awareness Month".</title>
    <committeeReports />
    <createDate>2017-09-29T00:26:24Z</createDate>
    <updateDate>2018-02-16T05:25:21Z</updateDate>
    <cosponsors>
      <item>
        <identifiers>
          <gpoId>8309</gpoId>
          <lisID>136</lisID>
          <bioguideId>B000944</bioguideId>
        </identifiers>
        <bioguideId>B000944</bioguideId>
        <middleName />
        <isOriginalCosponsor>True</isOriginalCosponsor>
        <fullName>Sen. Brown, Sherrod [D-OH]</fullName>
        <sponsorshipDate>2017-09-28</sponsorshipDate>
        <sponsorshipWithdrawnDate />
        <lastName>BROWN</lastName>
        <state>OH</state>
        <party>D</party>
        <firstName>SHERROD</firstName>
      </item>
      <item>
        <identifiers>
          <gpoId />
          <bioguideId>K000383</bioguideId>
          <lisID>2185</lisID>
        </identifiers>
        <bioguideId>K000383</bioguideId>
        <middleName />
        <isOriginalCosponsor>True</isOriginalCosponsor>
        <fullName>Sen. King, Angus S., Jr. [I-ME]</fullName>
        <sponsorshipDate>2017-09-28</sponsorshipDate>
        <sponsorshipWithdrawnDate />
        <lastName>King</lastName>
        <state>ME</state>
        <party>I</party>
        <firstName>Angus</firstName>
      </item>
      <item>
        <identifiers>
          <gpoId>8338</gpoId>
          <bioguideId>F000062</bioguideId>
          <lisID>1332</lisID>
        </identifiers>
        <bioguideId>F000062</bioguideId>
        <middleName />
        <isOriginalCosponsor>True</isOriginalCosponsor>
        <fullName>Sen. Feinstein, Dianne [D-CA]</fullName>
        <sponsorshipDate>2017-09-28</sponsorshipDate>
        <sponsorshipWithdrawnDate />
        <lastName>FEINSTEIN</lastName>
        <state>CA</state>
        <party>D</party>
        <firstName>DIANNE</firstName>
      </item>
      <item>
        <identifiers>
          <gpoId>8332</gpoId>
          <lisID>2076</lisID>
          <bioguideId>B001277</bioguideId>
        </identifiers>
        <bioguideId>B001277</bioguideId>
        <middleName />
        <isOriginalCosponsor>True</isOriginalCosponsor>
        <fullName>Sen. Blumenthal, Richard [D-CT]</fullName>
        <sponsorshipDate>2017-09-28</sponsorshipDate>
        <sponsorshipWithdrawnDate />
        <lastName>Blumenthal</lastName>
        <state>CT</state>
        <party>D</party>
        <firstName>Richard</firstName>
      </item>
      <item>
        <identifiers>
          <lisID>791</lisID>
          <gpoId>8239</gpoId>
          <bioguideId>M000639</bioguideId>
        </identifiers>
        <bioguideId>M000639</bioguideId>
        <middleName />
        <isOriginalCosponsor>True</isOriginalCosponsor>
        <fullName>Sen. Menendez, Robert [D-NJ]</fullName>
        <sponsorshipDate>2017-09-28</sponsorshipDate>
        <sponsorshipWithdrawnDate />
        <lastName>MENENDEZ</lastName>
        <state>NJ</state>
        <party>D</party>
        <firstName>ROBERT</firstName>
      </item>
      <item>
        <identifiers>
          <lisID>1844</lisID>
          <gpoId>7913</gpoId>
          <bioguideId>H001042</bioguideId>
        </identifiers>
        <bioguideId>H001042</bioguideId>
        <middleName>K.</middleName>
        <isOriginalCosponsor>True</isOriginalCosponsor>
        <fullName>Sen. Hirono, Mazie K. [D-HI]</fullName>
        <sponsorshipDate>2017-09-28</sponsorshipDate>
        <sponsorshipWithdrawnDate />
        <lastName>Hirono</lastName>
        <state>HI</state>
        <party>D</party>
        <firstName>Mazie</firstName>
      </item>
    </cosponsors>
    <calendarNumbers />
    <billNumber>270</billNumber>
    <laws />
    <latestAction>
      <actionDate>2017-09-28</actionDate>
      <links />
      <text>Referred to the Committee on the Judiciary. (text of measure as introduced: CR S6229)</text>
    </latestAction>
    <committees>
      <billCommittees>
        <item>
          <chamber>Senate</chamber>
          <type>Standing</type>
          <subcommittees />
          <systemCode>ssju00</systemCode>
          <name>Judiciary Committee</name>
          <activities>
            <item>
              <date>2017-09-28T19:04:59Z</date>
              <name>Referred to</name>
            </item>
          </activities>
        </item>
      </billCommittees>
    </committees>
    <recordedVotes />
    <actions>
      <item>
        <actionDate>2017-09-28</actionDate>
        <committee>
          <name>Judiciary Committee</name>
          <systemCode>ssju00</systemCode>
        </committee>
        <links>
          <link>
            <name>S6229</name>
            <url>https://www.congress.gov/congressional-record/volume-163/senate-section/page/S6229</url>
          </link>
        </links>
        <sourceSystem>
          <name>Senate</name>
          <code>0</code>
        </sourceSystem>
        <text>Referred to the Committee on the Judiciary. (text of measure as introduced: CR S6229)</text>
        <type>IntroReferral</type>
      </item>
      <item>
        <sourceSystem>
          <name>Library of Congress</name>
          <code>9</code>
        </sourceSystem>
        <links />
        <text>Introduced in Senate</text>
        <actionDate>2017-09-28</actionDate>
        <actionCode>10000</actionCode>
        <type>IntroReferral</type>
        <committee />
      </item>
      <actionByCounts>
        <senate>2</senate>
      </actionByCounts>
      <actionTypeCounts>
        <referredToCommittee>1</referredToCommittee>
        <introducedInSenate>1</introducedInSenate>
      </actionTypeCounts>
    </actions>
    <cboCostEstimates />
    <congress>115</congress>
    <policyArea>
      <name>Health</name>
    </policyArea>
    <summaries>
      <billSummaries>
        <item>
          <actionDesc>Introduced in Senate</actionDesc>
          <name>Introduced in Senate</name>
          <actionDate>2017-09-28</actionDate>
          <versionCode>00</versionCode>
          <text><![CDATA[<p>Designates September 2017 as National Ovarian Cancer Awareness Month and expresses support for the goals and ideals of National Ovarian Cancer Awareness Month.</p>]]></text>
          <lastSummaryUpdateDate>2018-02-05T22:16:48Z</lastSummaryUpdateDate>
          <updateDate>2017-09-28T04:00:00Z</updateDate>
        </item>
      </billSummaries>
    </summaries>
    <originChamber>Senate</originChamber>
    <billType>SRES</billType>
    <amendments />
    <subjects>
      <billSubjects>
        <legislativeSubjects>
          <item>
            <name>Cancer</name>
          </item>
          <item>
            <name>Commemorative events and holidays</name>
          </item>
          <item>
            <name>Health promotion and preventive care</name>
          </item>
          <item>
            <name>Women's health</name>
          </item>
        </legislativeSubjects>
        <policyArea>
          <name>Health</name>
        </policyArea>
      </billSubjects>
    </subjects>
  </bill>
  <dublinCore xmlns:dc="http://purl.org/dc/elements/1.1/">
    <dc:format>text/xml</dc:format>
    <dc:language>EN</dc:language>
    <dc:rights>Pursuant to Title 17 Section 105 of the United States Code, this file is not subject to copyright protection and is in the public domain.</dc:rights>
    <dc:contributor>Congressional Research Service, Library of Congress</dc:contributor>
    <dc:description>This file contains bill summaries and statuses for federal legislation. A bill summary describes the most significant provisions of a piece of legislation and details the effects the legislative text may have on current law and federal programs. Bill summaries are authored by the Congressional Research Service (CRS) of the Library of Congress. As stated in Public Law 91-510 (2 USC 166 (d)(6)), one of the duties of CRS is "to prepare summaries and digests of bills and resolutions of a public general nature introduced in the Senate or House of Representatives". For more information, refer to the User Guide that accompanies this file.</dc:description>
  </dublinCore>
</billStatus>

