<?xml version="1.0" encoding="UTF-8"?>
<billStatus>
  <bill>
    <notes />
    <laws />
    <billNumber>322</billNumber>
    <subjects>
      <billSubjects>
        <policyArea>
          <name>Health</name>
        </policyArea>
        <legislativeSubjects />
      </billSubjects>
    </subjects>
    <version>1.0.0</version>
    <calendarNumbers />
    <cosponsors>
      <item>
        <lastName>COLLINS</lastName>
        <middleName>MARGARET</middleName>
        <fullName>Sen. Collins, Susan M. [R-ME]</fullName>
        <bioguideId>C001035</bioguideId>
        <isOriginalCosponsor>True</isOriginalCosponsor>
        <firstName>SUSAN</firstName>
        <state>ME</state>
        <identifiers>
          <lisID>1541</lisID>
          <bioguideId>C001035</bioguideId>
          <gpoId>8291</gpoId>
        </identifiers>
        <sponsorshipDate>2017-11-07</sponsorshipDate>
        <sponsorshipWithdrawnDate />
        <party>R</party>
      </item>
      <item>
        <lastName>BROWN</lastName>
        <middleName />
        <fullName>Sen. Brown, Sherrod [D-OH]</fullName>
        <bioguideId>B000944</bioguideId>
        <isOriginalCosponsor>True</isOriginalCosponsor>
        <firstName>SHERROD</firstName>
        <state>OH</state>
        <identifiers>
          <lisID>136</lisID>
          <gpoId>8309</gpoId>
          <bioguideId>B000944</bioguideId>
        </identifiers>
        <sponsorshipDate>2017-11-07</sponsorshipDate>
        <sponsorshipWithdrawnDate />
        <party>D</party>
      </item>
      <item>
        <lastName>CANTWELL</lastName>
        <middleName />
        <fullName>Sen. Cantwell, Maria [D-WA]</fullName>
        <bioguideId>C000127</bioguideId>
        <isOriginalCosponsor>True</isOriginalCosponsor>
        <firstName>MARIA</firstName>
        <state>WA</state>
        <identifiers>
          <lisID>172</lisID>
          <gpoId>8288</gpoId>
          <bioguideId>C000127</bioguideId>
        </identifiers>
        <sponsorshipDate>2017-11-07</sponsorshipDate>
        <sponsorshipWithdrawnDate />
        <party>D</party>
      </item>
      <item>
        <lastName>Coons</lastName>
        <middleName>A.</middleName>
        <fullName>Sen. Coons, Christopher A. [D-DE]</fullName>
        <bioguideId>C001088</bioguideId>
        <isOriginalCosponsor>True</isOriginalCosponsor>
        <firstName>Christopher</firstName>
        <state>DE</state>
        <identifiers>
          <lisID>1984</lisID>
          <bioguideId>C001088</bioguideId>
          <gpoId>8297</gpoId>
        </identifiers>
        <sponsorshipDate>2017-11-07</sponsorshipDate>
        <sponsorshipWithdrawnDate />
        <party>D</party>
      </item>
      <item>
        <lastName>Donnelly</lastName>
        <middleName />
        <fullName>Sen. Donnelly, Joe [D-IN]</fullName>
        <bioguideId>D000607</bioguideId>
        <isOriginalCosponsor>True</isOriginalCosponsor>
        <firstName>Joe</firstName>
        <state>IN</state>
        <identifiers>
          <lisID>1850</lisID>
          <gpoId>7941</gpoId>
          <bioguideId>D000607</bioguideId>
        </identifiers>
        <sponsorshipDate>2017-11-07</sponsorshipDate>
        <sponsorshipWithdrawnDate />
        <party>D</party>
      </item>
      <item>
        <lastName>Hirono</lastName>
        <middleName>K.</middleName>
        <fullName>Sen. Hirono, Mazie K. [D-HI]</fullName>
        <bioguideId>H001042</bioguideId>
        <isOriginalCosponsor>True</isOriginalCosponsor>
        <firstName>Mazie</firstName>
        <state>HI</state>
        <identifiers>
          <lisID>1844</lisID>
          <gpoId>7913</gpoId>
          <bioguideId>H001042</bioguideId>
        </identifiers>
        <sponsorshipDate>2017-11-07</sponsorshipDate>
        <sponsorshipWithdrawnDate />
        <party>D</party>
      </item>
      <item>
        <lastName>INHOFE</lastName>
        <middleName />
        <fullName>Sen. Inhofe, James M. [R-OK]</fullName>
        <bioguideId>I000024</bioguideId>
        <isOriginalCosponsor>True</isOriginalCosponsor>
        <firstName>JIM</firstName>
        <state>OK</state>
        <identifiers>
          <gpoId>8322</gpoId>
          <lisID>583</lisID>
          <bioguideId>I000024</bioguideId>
        </identifiers>
        <sponsorshipDate>2017-11-07</sponsorshipDate>
        <sponsorshipWithdrawnDate />
        <party>R</party>
      </item>
      <item>
        <lastName>King</lastName>
        <middleName />
        <fullName>Sen. King, Angus S., Jr. [I-ME]</fullName>
        <bioguideId>K000383</bioguideId>
        <isOriginalCosponsor>True</isOriginalCosponsor>
        <firstName>Angus</firstName>
        <state>ME</state>
        <identifiers>
          <gpoId />
          <lisID>2185</lisID>
          <bioguideId>K000383</bioguideId>
        </identifiers>
        <sponsorshipDate>2017-11-07</sponsorshipDate>
        <sponsorshipWithdrawnDate />
        <party>I</party>
      </item>
      <item>
        <lastName>Klobuchar</lastName>
        <middleName />
        <fullName>Sen. Klobuchar, Amy [D-MN]</fullName>
        <bioguideId>K000367</bioguideId>
        <isOriginalCosponsor>True</isOriginalCosponsor>
        <firstName>Amy</firstName>
        <state>MN</state>
        <identifiers>
          <gpoId>8249</gpoId>
          <lisID>1826</lisID>
          <bioguideId>K000367</bioguideId>
        </identifiers>
        <sponsorshipDate>2017-11-07</sponsorshipDate>
        <sponsorshipWithdrawnDate />
        <party>D</party>
      </item>
      <item>
        <lastName>MENENDEZ</lastName>
        <middleName />
        <fullName>Sen. Menendez, Robert [D-NJ]</fullName>
        <bioguideId>M000639</bioguideId>
        <isOriginalCosponsor>True</isOriginalCosponsor>
        <firstName>ROBERT</firstName>
        <state>NJ</state>
        <identifiers>
          <lisID>791</lisID>
          <gpoId>8239</gpoId>
          <bioguideId>M000639</bioguideId>
        </identifiers>
        <sponsorshipDate>2017-11-07</sponsorshipDate>
        <sponsorshipWithdrawnDate />
        <party>D</party>
      </item>
      <item>
        <lastName>Peters</lastName>
        <middleName>C.</middleName>
        <fullName>Sen. Peters, Gary C. [D-MI]</fullName>
        <bioguideId>P000595</bioguideId>
        <isOriginalCosponsor>True</isOriginalCosponsor>
        <firstName>Gary</firstName>
        <state>MI</state>
        <identifiers>
          <gpoId>7994</gpoId>
          <lisID>1929</lisID>
          <bioguideId>P000595</bioguideId>
        </identifiers>
        <sponsorshipDate>2017-11-07</sponsorshipDate>
        <sponsorshipWithdrawnDate />
        <party>D</party>
      </item>
      <item>
        <lastName>Rounds</lastName>
        <middleName />
        <fullName>Sen. Rounds, Mike  [R-SD]</fullName>
        <bioguideId>R000605</bioguideId>
        <isOriginalCosponsor>True</isOriginalCosponsor>
        <firstName>Mike</firstName>
        <state>SD</state>
        <identifiers>
          <lisID>2288</lisID>
          <bioguideId>R000605</bioguideId>
          <gpoId />
        </identifiers>
        <sponsorshipDate>2017-11-07</sponsorshipDate>
        <sponsorshipWithdrawnDate />
        <party>R</party>
      </item>
      <item>
        <lastName>STABENOW</lastName>
        <middleName>ANN</middleName>
        <fullName>Sen. Stabenow, Debbie [D-MI]</fullName>
        <bioguideId>S000770</bioguideId>
        <isOriginalCosponsor>True</isOriginalCosponsor>
        <firstName>DEBORAH</firstName>
        <state>MI</state>
        <identifiers>
          <gpoId>8261</gpoId>
          <lisID>1531</lisID>
          <bioguideId>S000770</bioguideId>
        </identifiers>
        <sponsorshipDate>2017-11-07</sponsorshipDate>
        <sponsorshipWithdrawnDate />
        <party>D</party>
      </item>
      <item>
        <lastName>Warner</lastName>
        <middleName>R.</middleName>
        <fullName>Sen. Warner, Mark R. [D-VA]</fullName>
        <bioguideId>W000805</bioguideId>
        <isOriginalCosponsor>True</isOriginalCosponsor>
        <firstName>Mark</firstName>
        <state>VA</state>
        <identifiers>
          <lisID>1897</lisID>
          <gpoId>8269</gpoId>
          <bioguideId>W000805</bioguideId>
        </identifiers>
        <sponsorshipDate>2017-11-07</sponsorshipDate>
        <sponsorshipWithdrawnDate />
        <party>D</party>
      </item>
    </cosponsors>
    <recordedVotes />
    <createDate>2017-11-08T00:26:14Z</createDate>
    <introducedDate>2017-11-07</introducedDate>
    <latestAction>
      <actionDate>2017-11-07</actionDate>
      <text>Referred to the Committee on Health, Education, Labor, and Pensions.</text>
      <links />
    </latestAction>
    <policyArea>
      <name>Health</name>
    </policyArea>
    <congress>115</congress>
    <actions>
      <item>
        <actionDate>2017-11-07</actionDate>
        <committee>
          <systemCode>sshr00</systemCode>
          <name>Health, Education, Labor, and Pensions Committee</name>
        </committee>
        <links />
        <sourceSystem>
          <code>0</code>
          <name>Senate</name>
        </sourceSystem>
        <text>Referred to the Committee on Health, Education, Labor, and Pensions.</text>
        <type>IntroReferral</type>
      </item>
      <item>
        <actionCode>10000</actionCode>
        <actionDate>2017-11-07</actionDate>
        <committee />
        <links />
        <type>IntroReferral</type>
        <text>Introduced in Senate</text>
        <sourceSystem>
          <code>9</code>
          <name>Library of Congress</name>
        </sourceSystem>
      </item>
      <actionTypeCounts>
        <referredToCommittee>1</referredToCommittee>
        <introducedInSenate>1</introducedInSenate>
      </actionTypeCounts>
      <actionByCounts>
        <senate>2</senate>
      </actionByCounts>
    </actions>
    <relatedBills />
    <billType>SRES</billType>
    <amendments />
    <originChamber>Senate</originChamber>
    <cboCostEstimates />
    <committeeReports />
    <summaries>
      <billSummaries>
        <item>
          <actionDate>2017-11-07</actionDate>
          <lastSummaryUpdateDate>2018-02-07T21:41:31Z</lastSummaryUpdateDate>
          <updateDate>2017-11-07T05:00:00Z</updateDate>
          <name>Introduced in Senate</name>
          <text><![CDATA[<p>Expresses support for: (1) the goals and ideals of American Diabetes Month, including encouraging individuals to fight diabetes through public awareness about prevention and treatment options and enhancing education about the disease; and (2) decreasing the prevalence of type 1, type 2, and gestational diabetes in the United States through increased research, treatment, and prevention.</p>]]></text>
          <versionCode>00</versionCode>
          <actionDesc>Introduced in Senate</actionDesc>
        </item>
      </billSummaries>
    </summaries>
    <titles>
      <item>
        <chamberName />
        <parentTitleType />
        <titleType>Official Title as Introduced</titleType>
        <title>A resolution supporting the goals and ideals of American Diabetes Month.</title>
        <chamberCode />
      </item>
      <item>
        <chamberName />
        <parentTitleType />
        <titleType>Display Title</titleType>
        <title>A resolution supporting the goals and ideals of American Diabetes Month.</title>
        <chamberCode />
      </item>
    </titles>
    <committees>
      <billCommittees>
        <item>
          <name>Health, Education, Labor, and Pensions Committee</name>
          <activities>
            <item>
              <date>2017-11-07T15:56:56Z</date>
              <name>Referred to</name>
            </item>
          </activities>
          <type>Standing</type>
          <chamber>Senate</chamber>
          <subcommittees />
          <systemCode>sshr00</systemCode>
        </item>
      </billCommittees>
    </committees>
    <title>A resolution supporting the goals and ideals of American Diabetes Month.</title>
    <updateDate>2018-02-20T13:03:32Z</updateDate>
    <sponsors>
      <item>
        <lastName>Shaheen</lastName>
        <firstName>Jeanne</firstName>
        <byRequestType />
        <bioguideId>S001181</bioguideId>
        <fullName>Sen. Shaheen, Jeanne [D-NH]</fullName>
        <middleName />
        <party>D</party>
        <state>NH</state>
        <identifiers>
          <gpoId>8276</gpoId>
          <lisID>1901</lisID>
          <bioguideId>S001181</bioguideId>
        </identifiers>
      </item>
    </sponsors>
  </bill>
  <dublinCore xmlns:dc="http://purl.org/dc/elements/1.1/">
    <dc:format>text/xml</dc:format>
    <dc:language>EN</dc:language>
    <dc:rights>Pursuant to Title 17 Section 105 of the United States Code, this file is not subject to copyright protection and is in the public domain.</dc:rights>
    <dc:contributor>Congressional Research Service, Library of Congress</dc:contributor>
    <dc:description>This file contains bill summaries and statuses for federal legislation. A bill summary describes the most significant provisions of a piece of legislation and details the effects the legislative text may have on current law and federal programs. Bill summaries are authored by the Congressional Research Service (CRS) of the Library of Congress. As stated in Public Law 91-510 (2 USC 166 (d)(6)), one of the duties of CRS is "to prepare summaries and digests of bills and resolutions of a public general nature introduced in the Senate or House of Representatives". For more information, refer to the User Guide that accompanies this file.</dc:description>
  </dublinCore>
</billStatus>

