<?xml version="1.0" encoding="UTF-8"?>
<billStatus>
  <bill>
    <calendarNumbers />
    <congress>115</congress>
    <titles>
      <item>
        <chamberName />
        <titleType>Official Title as Introduced</titleType>
        <title>A resolution designating September 16, 2017, as "Isaac M. Wise Temple Day".</title>
        <parentTitleType />
        <chamberCode />
      </item>
      <item>
        <chamberName />
        <titleType>Display Title</titleType>
        <title>A resolution designating September 16, 2017, as "Isaac M. Wise Temple Day".</title>
        <parentTitleType />
        <chamberCode />
      </item>
    </titles>
    <introducedDate>2017-09-14</introducedDate>
    <latestAction>
      <actionDate>2017-09-14</actionDate>
      <text>Submitted in the Senate, considered, and agreed to without amendment and with a preamble by Unanimous Consent. (consideration: CR S5747; text: CR S5747)</text>
      <links />
    </latestAction>
    <title>A resolution designating September 16, 2017, as "Isaac M. Wise Temple Day".</title>
    <subjects>
      <billSubjects>
        <policyArea>
          <name>Arts, Culture, Religion</name>
        </policyArea>
        <legislativeSubjects>
          <item>
            <name>Commemorative events and holidays</name>
          </item>
          <item>
            <name>Congressional tributes</name>
          </item>
          <item>
            <name>Ohio</name>
          </item>
          <item>
            <name>Religion</name>
          </item>
        </legislativeSubjects>
      </billSubjects>
    </subjects>
    <relatedBills>
      <item>
        <congress>115</congress>
        <latestTitle>Designating September 16, 2017, as "Isaac M. Wise Temple Day".</latestTitle>
        <number>525</number>
        <type>HRES</type>
        <latestAction>
          <text>Referred to the House Committee on Oversight and Government Reform.</text>
          <actionDate>2017-09-14</actionDate>
        </latestAction>
        <relationshipDetails>
          <item>
            <type>Related bill</type>
            <identifiedBy>CRS</identifiedBy>
          </item>
        </relationshipDetails>
      </item>
    </relatedBills>
    <updateDate>2018-02-06T16:44:14Z</updateDate>
    <committeeReports />
    <notes />
    <recordedVotes />
    <amendments />
    <createDate>2017-09-15T00:41:21Z</createDate>
    <committees>
      <billCommittees />
    </committees>
    <cboCostEstimates />
    <billNumber>257</billNumber>
    <policyArea>
      <name>Arts, Culture, Religion</name>
    </policyArea>
    <version>1.0.0</version>
    <billType>SRES</billType>
    <originChamber>Senate</originChamber>
    <actions>
      <item>
        <actionDate>2017-09-14</actionDate>
        <committee />
        <links>
          <link>
            <name>S5747</name>
            <url>https://www.congress.gov/congressional-record/volume-163/senate-section/page/S5747</url>
          </link>
        </links>
        <sourceSystem>
          <name>Senate</name>
          <code>0</code>
        </sourceSystem>
        <text>Submitted in the Senate, considered, and agreed to without amendment and with a preamble by Unanimous Consent. (consideration: CR S5747; text: CR S5747)</text>
        <type>Floor</type>
      </item>
      <item>
        <sourceSystem>
          <name>Library of Congress</name>
          <code>9</code>
        </sourceSystem>
        <actionDate>2017-09-14</actionDate>
        <links>
          <link>
            <name>S5747</name>
            <url>https://www.congress.gov/congressional-record/volume-163/senate-section/page/S5747</url>
          </link>
        </links>
        <text>Passed/agreed to in Senate: Submitted in the Senate, considered, and agreed to without amendment and with a preamble by Unanimous Consent.(consideration: CR S5747; text: CR S5747)</text>
        <committee />
        <actionCode>17000</actionCode>
        <type>Floor</type>
      </item>
      <item>
        <sourceSystem>
          <name>Library of Congress</name>
          <code>9</code>
        </sourceSystem>
        <actionDate>2017-09-14</actionDate>
        <links />
        <text>Introduced in Senate</text>
        <committee />
        <actionCode>10000</actionCode>
        <type>IntroReferral</type>
      </item>
      <actionByCounts>
        <senate>3</senate>
      </actionByCounts>
      <actionTypeCounts>
        <passedOrAgreedToInSenateDayOf>1</passedOrAgreedToInSenateDayOf>
        <passedAgreedToInSenate>1</passedAgreedToInSenate>
        <introducedInSenate>1</introducedInSenate>
      </actionTypeCounts>
    </actions>
    <sponsors>
      <item>
        <bioguideId>B000944</bioguideId>
        <party>D</party>
        <firstName>SHERROD</firstName>
        <middleName />
        <byRequestType />
        <fullName>Sen. Brown, Sherrod [D-OH]</fullName>
        <identifiers>
          <gpoId>8309</gpoId>
          <lisID>136</lisID>
          <bioguideId>B000944</bioguideId>
        </identifiers>
        <lastName>BROWN</lastName>
        <state>OH</state>
      </item>
    </sponsors>
    <summaries>
      <billSummaries>
        <item>
          <text><![CDATA[<p>Designates September 16, 2017, as Isaac M. Wise Temple Day.</p> <p>Recognizes the importance of the Isaac M. Wise Temple in Cincinnati, Ohio, in: </p> <ul> <li>U.S. Jewish history;</li> <li> establishing Cincinnati as a great center of Jewish life, and </li> <li>contributing to religious life in the United States. </li> </ul>]]></text>
          <versionCode>00</versionCode>
          <actionDate>2017-09-14</actionDate>
          <name>Introduced in Senate</name>
          <actionDesc>Introduced in Senate</actionDesc>
          <lastSummaryUpdateDate>2017-12-26T19:19:35Z</lastSummaryUpdateDate>
          <updateDate>2017-09-14T04:00:00Z</updateDate>
        </item>
        <item>
          <text><![CDATA[<p>(This measure has not been amended since it was introduced. The summary of that version is repeated here.)</p> <p>Designates September 16, 2017, as Isaac M. Wise Temple Day.</p> <p>Recognizes the importance of the Isaac M. Wise Temple in Cincinnati, Ohio, in: </p> <ul> <li>U.S. Jewish history;</li> <li> establishing Cincinnati as a great center of Jewish life, and </li> <li>contributing to religious life in the United States. </li> </ul>]]></text>
          <versionCode>82</versionCode>
          <actionDate>2017-09-14</actionDate>
          <name>Passed Senate without amendment</name>
          <actionDesc>Passed Senate without amendment</actionDesc>
          <lastSummaryUpdateDate>2017-12-26T19:19:50Z</lastSummaryUpdateDate>
          <updateDate>2017-09-14T18:15:47Z</updateDate>
        </item>
      </billSummaries>
    </summaries>
    <laws />
    <cosponsors>
      <item>
        <bioguideId>P000449</bioguideId>
        <sponsorshipDate>2017-09-14</sponsorshipDate>
        <isOriginalCosponsor>True</isOriginalCosponsor>
        <middleName />
        <sponsorshipWithdrawnDate />
        <firstName>ROB</firstName>
        <lastName>PORTMAN</lastName>
        <state>OH</state>
        <party>R</party>
        <identifiers>
          <lisID>924</lisID>
          <bioguideId>P000449</bioguideId>
          <gpoId>8266</gpoId>
        </identifiers>
        <fullName>Sen. Portman, Rob [R-OH]</fullName>
      </item>
    </cosponsors>
  </bill>
  <dublinCore xmlns:dc="http://purl.org/dc/elements/1.1/">
    <dc:format>text/xml</dc:format>
    <dc:language>EN</dc:language>
    <dc:rights>Pursuant to Title 17 Section 105 of the United States Code, this file is not subject to copyright protection and is in the public domain.</dc:rights>
    <dc:contributor>Congressional Research Service, Library of Congress</dc:contributor>
    <dc:description>This file contains bill summaries and statuses for federal legislation. A bill summary describes the most significant provisions of a piece of legislation and details the effects the legislative text may have on current law and federal programs. Bill summaries are authored by the Congressional Research Service (CRS) of the Library of Congress. As stated in Public Law 91-510 (2 USC 166 (d)(6)), one of the duties of CRS is "to prepare summaries and digests of bills and resolutions of a public general nature introduced in the Senate or House of Representatives". For more information, refer to the User Guide that accompanies this file.</dc:description>
  </dublinCore>
</billStatus>

