<?xml version="1.0" encoding="UTF-8"?>
<billStatus>
  <bill>
    <relatedBills>
      <item>
        <latestTitle>Expressing support for the goals of National Adoption Day and National Adoption Month by promoting national awareness of adoption and the children awaiting families, celebrating children and families involved in adoption, and encouraging the people of the United States to secure safety, permanency, and well-being for all children.</latestTitle>
        <number>602</number>
        <congress>115</congress>
        <latestAction>
          <actionDate>2017-11-01</actionDate>
          <text>Referred to the House Committee on Education and the Workforce.</text>
        </latestAction>
        <type>HRES</type>
        <relationshipDetails>
          <item>
            <type>Identical bill</type>
            <identifiedBy>CRS</identifiedBy>
          </item>
        </relationshipDetails>
      </item>
    </relatedBills>
    <originChamber>Senate</originChamber>
    <recordedVotes />
    <latestAction>
      <text>Submitted in the Senate, considered, and agreed to without amendment and with a preamble by Unanimous Consent. (consideration: CR S7194; text: CR S7216-7217)</text>
      <links />
      <actionDate>2017-11-14</actionDate>
    </latestAction>
    <createDate>2017-11-15T00:26:13Z</createDate>
    <title>A resolution expressing support for the goals of National Adoption Day and National Adoption Month by promoting national awareness of adoption and the children awaiting families, celebrating children and families involved in adoption, and encouraging the people of the United States to secure safety, permanency, and well-being for all children.</title>
    <summaries>
      <billSummaries>
        <item>
          <text><![CDATA[<p>Supports the goals and ideals of National Adoption Day and National Adoption Month.</p>]]></text>
          <actionDate>2017-11-14</actionDate>
          <updateDate>2017-11-14T05:00:00Z</updateDate>
          <lastSummaryUpdateDate>2017-11-17T11:39:57Z</lastSummaryUpdateDate>
          <name>Introduced in Senate</name>
          <actionDesc>Introduced in Senate</actionDesc>
          <versionCode>00</versionCode>
        </item>
        <item>
          <text><![CDATA[<p>(This measure has not been amended since it was introduced. The summary of that version is repeated here.)</p> <p>Supports the goals and ideals of National Adoption Day and National Adoption Month.</p>]]></text>
          <actionDate>2017-11-14</actionDate>
          <updateDate>2017-11-14T14:40:48Z</updateDate>
          <lastSummaryUpdateDate>2017-11-17T13:27:59Z</lastSummaryUpdateDate>
          <name>Passed Senate without amendment</name>
          <actionDesc>Passed Senate without amendment</actionDesc>
          <versionCode>82</versionCode>
        </item>
      </billSummaries>
    </summaries>
    <actions>
      <item>
        <actionDate>2017-11-14</actionDate>
        <committee />
        <links>
          <link>
            <url>https://www.congress.gov/congressional-record/volume-163/senate-section/page/S7194</url>
            <name>S7194</name>
          </link>
          <link>
            <url>https://www.congress.gov/congressional-record/volume-163/senate-section/page/S7216-7217</url>
            <name>S7216-7217</name>
          </link>
        </links>
        <sourceSystem>
          <code>0</code>
          <name>Senate</name>
        </sourceSystem>
        <text>Submitted in the Senate, considered, and agreed to without amendment and with a preamble by Unanimous Consent. (consideration: CR S7194; text: CR S7216-7217)</text>
        <type>Floor</type>
      </item>
      <item>
        <committee />
        <sourceSystem>
          <code>9</code>
          <name>Library of Congress</name>
        </sourceSystem>
        <actionDate>2017-11-14</actionDate>
        <text>Passed/agreed to in Senate: Submitted in the Senate, considered, and agreed to without amendment and with a preamble by Unanimous Consent.(consideration: CR S7194; text: CR S7216-7217)</text>
        <links>
          <link>
            <url>https://www.congress.gov/congressional-record/volume-163/senate-section/page/S7194</url>
            <name>S7194</name>
          </link>
          <link>
            <url>https://www.congress.gov/congressional-record/volume-163/senate-section/page/S7216-7217</url>
            <name>S7216-7217</name>
          </link>
        </links>
        <type>Floor</type>
        <actionCode>17000</actionCode>
      </item>
      <item>
        <committee />
        <sourceSystem>
          <code>9</code>
          <name>Library of Congress</name>
        </sourceSystem>
        <actionDate>2017-11-14</actionDate>
        <text>Introduced in Senate</text>
        <links />
        <type>IntroReferral</type>
        <actionCode>10000</actionCode>
      </item>
      <actionByCounts>
        <senate>3</senate>
      </actionByCounts>
      <actionTypeCounts>
        <passedAgreedToInSenate>1</passedAgreedToInSenate>
        <passedOrAgreedToInSenateDayOf>1</passedOrAgreedToInSenateDayOf>
        <introducedInSenate>1</introducedInSenate>
      </actionTypeCounts>
    </actions>
    <updateDate>2018-02-06T16:44:17Z</updateDate>
    <amendments />
    <notes />
    <sponsors>
      <item>
        <bioguideId>B000575</bioguideId>
        <middleName />
        <byRequestType />
        <firstName>Roy</firstName>
        <lastName>Blunt</lastName>
        <state>MO</state>
        <party>R</party>
        <identifiers>
          <lisID>1464</lisID>
          <gpoId>8313</gpoId>
          <bioguideId>B000575</bioguideId>
        </identifiers>
        <fullName>Sen. Blunt, Roy [R-MO]</fullName>
      </item>
    </sponsors>
    <committees>
      <billCommittees />
    </committees>
    <cosponsors>
      <item>
        <state>MN</state>
        <party>D</party>
        <fullName>Sen. Klobuchar, Amy [D-MN]</fullName>
        <lastName>Klobuchar</lastName>
        <isOriginalCosponsor>True</isOriginalCosponsor>
        <bioguideId>K000367</bioguideId>
        <sponsorshipWithdrawnDate />
        <middleName />
        <identifiers>
          <lisID>1826</lisID>
          <bioguideId>K000367</bioguideId>
          <gpoId>8249</gpoId>
        </identifiers>
        <firstName>Amy</firstName>
        <sponsorshipDate>2017-11-14</sponsorshipDate>
      </item>
      <item>
        <state>MS</state>
        <party>R</party>
        <fullName>Sen. Wicker, Roger F. [R-MS]</fullName>
        <lastName>WICKER</lastName>
        <isOriginalCosponsor>True</isOriginalCosponsor>
        <bioguideId>W000437</bioguideId>
        <sponsorshipWithdrawnDate />
        <middleName>F.</middleName>
        <identifiers>
          <bioguideId>W000437</bioguideId>
          <lisID>1226</lisID>
          <gpoId>8263</gpoId>
        </identifiers>
        <firstName>ROGER</firstName>
        <sponsorshipDate>2017-11-14</sponsorshipDate>
      </item>
      <item>
        <state>ME</state>
        <party>R</party>
        <fullName>Sen. Collins, Susan M. [R-ME]</fullName>
        <lastName>COLLINS</lastName>
        <isOriginalCosponsor>True</isOriginalCosponsor>
        <bioguideId>C001035</bioguideId>
        <sponsorshipWithdrawnDate />
        <middleName>MARGARET</middleName>
        <identifiers>
          <gpoId>8291</gpoId>
          <bioguideId>C001035</bioguideId>
          <lisID>1541</lisID>
        </identifiers>
        <firstName>SUSAN</firstName>
        <sponsorshipDate>2017-11-14</sponsorshipDate>
      </item>
      <item>
        <state>WY</state>
        <party>R</party>
        <fullName>Sen. Enzi, Michael B. [R-WY]</fullName>
        <lastName>ENZI</lastName>
        <isOriginalCosponsor>True</isOriginalCosponsor>
        <bioguideId>E000285</bioguideId>
        <sponsorshipWithdrawnDate />
        <middleName>B.</middleName>
        <identifiers>
          <bioguideId>E000285</bioguideId>
          <lisID>1542</lisID>
          <gpoId>8328</gpoId>
        </identifiers>
        <firstName>MICHAEL</firstName>
        <sponsorshipDate>2017-11-14</sponsorshipDate>
      </item>
      <item>
        <state>WV</state>
        <party>R</party>
        <fullName>Sen. Capito, Shelley Moore [R-WV]</fullName>
        <lastName>CAPITO</lastName>
        <isOriginalCosponsor>True</isOriginalCosponsor>
        <bioguideId>C001047</bioguideId>
        <sponsorshipWithdrawnDate />
        <middleName>MOORE</middleName>
        <identifiers>
          <lisID>1676</lisID>
          <gpoId>8223</gpoId>
          <bioguideId>C001047</bioguideId>
        </identifiers>
        <firstName>SHELLEY</firstName>
        <sponsorshipDate>2017-11-14</sponsorshipDate>
      </item>
      <item>
        <state>FL</state>
        <party>R</party>
        <fullName>Sen. Rubio, Marco [R-FL]</fullName>
        <lastName>Rubio</lastName>
        <isOriginalCosponsor>True</isOriginalCosponsor>
        <bioguideId>R000595</bioguideId>
        <sponsorshipWithdrawnDate />
        <middleName />
        <identifiers>
          <lisID>2084</lisID>
          <bioguideId>R000595</bioguideId>
          <gpoId>8242</gpoId>
        </identifiers>
        <firstName>Marco</firstName>
        <sponsorshipDate>2017-11-14</sponsorshipDate>
      </item>
      <item>
        <state>KS</state>
        <party>R</party>
        <fullName>Sen. Moran, Jerry [R-KS]</fullName>
        <lastName>MORAN</lastName>
        <isOriginalCosponsor>True</isOriginalCosponsor>
        <bioguideId>M000934</bioguideId>
        <sponsorshipWithdrawnDate />
        <middleName />
        <identifiers>
          <bioguideId>M000934</bioguideId>
          <lisID>1507</lisID>
          <gpoId>8307</gpoId>
        </identifiers>
        <firstName>JERRY</firstName>
        <sponsorshipDate>2017-11-14</sponsorshipDate>
      </item>
      <item>
        <state>ID</state>
        <party>R</party>
        <fullName>Sen. Risch, James E. [R-ID]</fullName>
        <lastName>Risch</lastName>
        <isOriginalCosponsor>True</isOriginalCosponsor>
        <bioguideId>R000584</bioguideId>
        <sponsorshipWithdrawnDate />
        <middleName>E.</middleName>
        <identifiers>
          <gpoId>8274</gpoId>
          <bioguideId>R000584</bioguideId>
          <lisID>1896</lisID>
        </identifiers>
        <firstName>James</firstName>
        <sponsorshipDate>2017-11-14</sponsorshipDate>
      </item>
      <item>
        <state>IA</state>
        <party>R</party>
        <fullName>Sen. Grassley, Chuck [R-IA]</fullName>
        <lastName>GRASSLEY</lastName>
        <isOriginalCosponsor>True</isOriginalCosponsor>
        <bioguideId>G000386</bioguideId>
        <sponsorshipWithdrawnDate />
        <middleName>ERNEST</middleName>
        <identifiers>
          <bioguideId>G000386</bioguideId>
          <lisID>457</lisID>
          <gpoId>8316</gpoId>
        </identifiers>
        <firstName>CHARLES</firstName>
        <sponsorshipDate>2017-11-14</sponsorshipDate>
      </item>
      <item>
        <state>KS</state>
        <party>R</party>
        <fullName>Sen. Roberts, Pat [R-KS]</fullName>
        <lastName>ROBERTS</lastName>
        <isOriginalCosponsor>True</isOriginalCosponsor>
        <bioguideId>R000307</bioguideId>
        <sponsorshipWithdrawnDate />
        <middleName />
        <identifiers>
          <lisID>968</lisID>
          <bioguideId>R000307</bioguideId>
          <gpoId>8275</gpoId>
        </identifiers>
        <firstName>PAT</firstName>
        <sponsorshipDate>2017-11-14</sponsorshipDate>
      </item>
      <item>
        <state>LA</state>
        <party>R</party>
        <fullName>Sen. Cassidy, Bill [R-LA]</fullName>
        <lastName>Cassidy</lastName>
        <isOriginalCosponsor>True</isOriginalCosponsor>
        <bioguideId>C001075</bioguideId>
        <sponsorshipWithdrawnDate />
        <middleName />
        <identifiers>
          <bioguideId>C001075</bioguideId>
          <lisID>1925</lisID>
          <gpoId>7964</gpoId>
        </identifiers>
        <firstName>Bill</firstName>
        <sponsorshipDate>2017-11-14</sponsorshipDate>
      </item>
      <item>
        <state>MT</state>
        <party>R</party>
        <fullName>Sen. Daines, Steve [R-MT]</fullName>
        <lastName>Daines</lastName>
        <isOriginalCosponsor>True</isOriginalCosponsor>
        <bioguideId>D000618</bioguideId>
        <sponsorshipWithdrawnDate />
        <middleName />
        <identifiers>
          <lisID>2138</lisID>
          <gpoId />
          <bioguideId>D000618</bioguideId>
        </identifiers>
        <firstName>Steve</firstName>
        <sponsorshipDate>2017-11-14</sponsorshipDate>
      </item>
      <item>
        <state>SC</state>
        <party>R</party>
        <fullName>Sen. Graham, Lindsey [R-SC]</fullName>
        <lastName>GRAHAM</lastName>
        <isOriginalCosponsor>True</isOriginalCosponsor>
        <bioguideId>G000359</bioguideId>
        <sponsorshipWithdrawnDate />
        <middleName>O.</middleName>
        <identifiers>
          <lisID>452</lisID>
          <bioguideId>G000359</bioguideId>
          <gpoId>8335</gpoId>
        </identifiers>
        <firstName>LINDSEY</firstName>
        <sponsorshipDate>2017-11-14</sponsorshipDate>
      </item>
      <item>
        <state>IA</state>
        <party>R</party>
        <fullName>Sen. Ernst, Joni  [R-IA]</fullName>
        <lastName>Ernst</lastName>
        <isOriginalCosponsor>True</isOriginalCosponsor>
        <bioguideId>E000295</bioguideId>
        <sponsorshipWithdrawnDate />
        <middleName />
        <identifiers>
          <bioguideId>E000295</bioguideId>
          <lisID>2283</lisID>
          <gpoId />
        </identifiers>
        <firstName>Joni</firstName>
        <sponsorshipDate>2017-11-14</sponsorshipDate>
      </item>
      <item>
        <state>WY</state>
        <party>R</party>
        <fullName>Sen. Barrasso, John [R-WY]</fullName>
        <lastName>Barrasso</lastName>
        <isOriginalCosponsor>True</isOriginalCosponsor>
        <bioguideId>B001261</bioguideId>
        <sponsorshipWithdrawnDate />
        <middleName />
        <identifiers>
          <lisID>1881</lisID>
          <gpoId>8300</gpoId>
          <bioguideId>B001261</bioguideId>
        </identifiers>
        <firstName>John</firstName>
        <sponsorshipDate>2017-11-14</sponsorshipDate>
      </item>
      <item>
        <state>AZ</state>
        <party>R</party>
        <fullName>Sen. McCain, John [R-AZ]</fullName>
        <lastName>MCCAIN</lastName>
        <isOriginalCosponsor>True</isOriginalCosponsor>
        <bioguideId>M000303</bioguideId>
        <sponsorshipWithdrawnDate />
        <middleName>SIDNEY</middleName>
        <identifiers>
          <gpoId>8253</gpoId>
          <lisID>754</lisID>
          <bioguideId>M000303</bioguideId>
        </identifiers>
        <firstName>JOHN</firstName>
        <sponsorshipDate>2017-11-14</sponsorshipDate>
      </item>
      <item>
        <state>MS</state>
        <party>R</party>
        <fullName>Sen. Cochran, Thad [R-MS]</fullName>
        <lastName>Cochran</lastName>
        <isOriginalCosponsor>True</isOriginalCosponsor>
        <bioguideId>C000567</bioguideId>
        <sponsorshipWithdrawnDate />
        <middleName />
        <identifiers>
          <gpoId>8292</gpoId>
          <lisID>213</lisID>
          <bioguideId>C000567</bioguideId>
        </identifiers>
        <firstName>Thad</firstName>
        <sponsorshipDate>2017-11-14</sponsorshipDate>
      </item>
      <item>
        <state>OK</state>
        <party>R</party>
        <fullName>Sen. Lankford, James [R-OK]</fullName>
        <lastName>Lankford</lastName>
        <isOriginalCosponsor>True</isOriginalCosponsor>
        <bioguideId>L000575</bioguideId>
        <sponsorshipWithdrawnDate />
        <middleName />
        <identifiers>
          <gpoId>8113</gpoId>
          <lisID>2050</lisID>
          <bioguideId>L000575</bioguideId>
        </identifiers>
        <firstName>James</firstName>
        <sponsorshipDate>2017-11-14</sponsorshipDate>
      </item>
      <item>
        <state>SC</state>
        <party>R</party>
        <fullName>Sen. Scott, Tim [R-SC]</fullName>
        <lastName>Scott</lastName>
        <isOriginalCosponsor>True</isOriginalCosponsor>
        <bioguideId>S001184</bioguideId>
        <sponsorshipWithdrawnDate />
        <middleName />
        <identifiers>
          <bioguideId>S001184</bioguideId>
          <gpoId>8141</gpoId>
          <lisID>2056</lisID>
        </identifiers>
        <firstName>Tim</firstName>
        <sponsorshipDate>2017-11-14</sponsorshipDate>
      </item>
      <item>
        <state>OH</state>
        <party>R</party>
        <fullName>Sen. Portman, Rob [R-OH]</fullName>
        <lastName>PORTMAN</lastName>
        <isOriginalCosponsor>True</isOriginalCosponsor>
        <bioguideId>P000449</bioguideId>
        <sponsorshipWithdrawnDate />
        <middleName />
        <identifiers>
          <lisID>924</lisID>
          <gpoId>8266</gpoId>
          <bioguideId>P000449</bioguideId>
        </identifiers>
        <firstName>ROB</firstName>
        <sponsorshipDate>2017-11-14</sponsorshipDate>
      </item>
      <item>
        <state>OK</state>
        <party>R</party>
        <fullName>Sen. Inhofe, James M. [R-OK]</fullName>
        <lastName>INHOFE</lastName>
        <isOriginalCosponsor>True</isOriginalCosponsor>
        <bioguideId>I000024</bioguideId>
        <sponsorshipWithdrawnDate />
        <middleName />
        <identifiers>
          <lisID>583</lisID>
          <gpoId>8322</gpoId>
          <bioguideId>I000024</bioguideId>
        </identifiers>
        <firstName>JIM</firstName>
        <sponsorshipDate>2017-11-14</sponsorshipDate>
      </item>
      <item>
        <state>MI</state>
        <party>D</party>
        <fullName>Sen. Peters, Gary C. [D-MI]</fullName>
        <lastName>Peters</lastName>
        <isOriginalCosponsor>True</isOriginalCosponsor>
        <bioguideId>P000595</bioguideId>
        <sponsorshipWithdrawnDate />
        <middleName>C.</middleName>
        <identifiers>
          <lisID>1929</lisID>
          <bioguideId>P000595</bioguideId>
          <gpoId>7994</gpoId>
        </identifiers>
        <firstName>Gary</firstName>
        <sponsorshipDate>2017-11-14</sponsorshipDate>
      </item>
      <item>
        <state>MA</state>
        <party>D</party>
        <fullName>Sen. Markey, Edward J. [D-MA]</fullName>
        <lastName>MARKEY</lastName>
        <isOriginalCosponsor>True</isOriginalCosponsor>
        <bioguideId>M000133</bioguideId>
        <sponsorshipWithdrawnDate />
        <middleName>J.</middleName>
        <identifiers>
          <lisID>735</lisID>
          <gpoId>7972</gpoId>
          <bioguideId>M000133</bioguideId>
        </identifiers>
        <firstName>EDWARD</firstName>
        <sponsorshipDate>2017-11-14</sponsorshipDate>
      </item>
      <item>
        <state>CO</state>
        <party>D</party>
        <fullName>Sen. Bennet, Michael F. [D-CO]</fullName>
        <lastName>Bennet</lastName>
        <isOriginalCosponsor>True</isOriginalCosponsor>
        <bioguideId>B001267</bioguideId>
        <sponsorshipWithdrawnDate />
        <middleName>F.</middleName>
        <identifiers>
          <gpoId>8302</gpoId>
          <lisID>1965</lisID>
          <bioguideId>B001267</bioguideId>
        </identifiers>
        <firstName>Michael</firstName>
        <sponsorshipDate>2017-11-14</sponsorshipDate>
      </item>
      <item>
        <state>PA</state>
        <party>D</party>
        <fullName>Sen. Casey, Robert P., Jr. [D-PA]</fullName>
        <lastName>Casey</lastName>
        <isOriginalCosponsor>True</isOriginalCosponsor>
        <bioguideId>C001070</bioguideId>
        <sponsorshipWithdrawnDate />
        <middleName />
        <identifiers>
          <bioguideId>C001070</bioguideId>
          <lisID>1828</lisID>
          <gpoId>8282</gpoId>
        </identifiers>
        <firstName>Bob</firstName>
        <sponsorshipDate>2017-11-14</sponsorshipDate>
      </item>
      <item>
        <state>NH</state>
        <party>D</party>
        <fullName>Sen. Hassan, Margaret Wood [D-NH]</fullName>
        <lastName>Hassan</lastName>
        <isOriginalCosponsor>True</isOriginalCosponsor>
        <bioguideId>H001076</bioguideId>
        <sponsorshipWithdrawnDate />
        <middleName>Wood</middleName>
        <identifiers>
          <lisID>2302</lisID>
          <gpoId />
          <bioguideId>H001076</bioguideId>
        </identifiers>
        <firstName>Margaret</firstName>
        <sponsorshipDate>2017-11-14</sponsorshipDate>
      </item>
      <item>
        <state>CA</state>
        <party>D</party>
        <fullName>Sen. Feinstein, Dianne [D-CA]</fullName>
        <lastName>FEINSTEIN</lastName>
        <isOriginalCosponsor>True</isOriginalCosponsor>
        <bioguideId>F000062</bioguideId>
        <sponsorshipWithdrawnDate />
        <middleName />
        <identifiers>
          <bioguideId>F000062</bioguideId>
          <lisID>1332</lisID>
          <gpoId>8338</gpoId>
        </identifiers>
        <firstName>DIANNE</firstName>
        <sponsorshipDate>2017-11-14</sponsorshipDate>
      </item>
      <item>
        <state>WA</state>
        <party>D</party>
        <fullName>Sen. Murray, Patty [D-WA]</fullName>
        <lastName>MURRAY</lastName>
        <isOriginalCosponsor>True</isOriginalCosponsor>
        <bioguideId>M001111</bioguideId>
        <sponsorshipWithdrawnDate />
        <middleName />
        <identifiers>
          <gpoId>8237</gpoId>
          <lisID>1409</lisID>
          <bioguideId>M001111</bioguideId>
        </identifiers>
        <firstName>PATTY</firstName>
        <sponsorshipDate>2017-11-14</sponsorshipDate>
      </item>
      <item>
        <state>NJ</state>
        <party>D</party>
        <fullName>Sen. Booker, Cory A. [D-NJ]</fullName>
        <lastName>Booker</lastName>
        <isOriginalCosponsor>True</isOriginalCosponsor>
        <bioguideId>B001288</bioguideId>
        <sponsorshipWithdrawnDate />
        <middleName>A.</middleName>
        <identifiers>
          <bioguideId>B001288</bioguideId>
          <lisID>2194</lisID>
          <gpoId />
        </identifiers>
        <firstName>Cory</firstName>
        <sponsorshipDate>2017-11-14</sponsorshipDate>
      </item>
      <item>
        <state>SD</state>
        <party>R</party>
        <fullName>Sen. Rounds, Mike  [R-SD]</fullName>
        <lastName>Rounds</lastName>
        <isOriginalCosponsor>True</isOriginalCosponsor>
        <bioguideId>R000605</bioguideId>
        <sponsorshipWithdrawnDate />
        <middleName />
        <identifiers>
          <lisID>2288</lisID>
          <gpoId />
          <bioguideId>R000605</bioguideId>
        </identifiers>
        <firstName>Mike</firstName>
        <sponsorshipDate>2017-11-14</sponsorshipDate>
      </item>
    </cosponsors>
    <laws />
    <policyArea>
      <name>Families</name>
    </policyArea>
    <cboCostEstimates />
    <billNumber>331</billNumber>
    <congress>115</congress>
    <version>1.0.0</version>
    <introducedDate>2017-11-14</introducedDate>
    <committeeReports />
    <titles>
      <item>
        <chamberCode />
        <title>A resolution expressing support for the goals of National Adoption Day and National Adoption Month by promoting national awareness of adoption and the children awaiting families, celebrating children and families involved in adoption, and encouraging the people of the United States to secure safety, permanency, and well-being for all children.</title>
        <titleType>Official Title as Introduced</titleType>
        <parentTitleType />
        <chamberName />
      </item>
      <item>
        <chamberCode />
        <title>A resolution expressing support for the goals of National Adoption Day and National Adoption Month by promoting national awareness of adoption and the children awaiting families, celebrating children and families involved in adoption, and encouraging the people of the United States to secure safety, permanency, and well-being for all children.</title>
        <titleType>Display Title</titleType>
        <parentTitleType />
        <chamberName />
      </item>
    </titles>
    <calendarNumbers />
    <subjects>
      <billSubjects>
        <legislativeSubjects />
        <policyArea>
          <name>Families</name>
        </policyArea>
      </billSubjects>
    </subjects>
    <billType>SRES</billType>
  </bill>
  <dublinCore xmlns:dc="http://purl.org/dc/elements/1.1/">
    <dc:format>text/xml</dc:format>
    <dc:language>EN</dc:language>
    <dc:rights>Pursuant to Title 17 Section 105 of the United States Code, this file is not subject to copyright protection and is in the public domain.</dc:rights>
    <dc:contributor>Congressional Research Service, Library of Congress</dc:contributor>
    <dc:description>This file contains bill summaries and statuses for federal legislation. A bill summary describes the most significant provisions of a piece of legislation and details the effects the legislative text may have on current law and federal programs. Bill summaries are authored by the Congressional Research Service (CRS) of the Library of Congress. As stated in Public Law 91-510 (2 USC 166 (d)(6)), one of the duties of CRS is "to prepare summaries and digests of bills and resolutions of a public general nature introduced in the Senate or House of Representatives". For more information, refer to the User Guide that accompanies this file.</dc:description>
  </dublinCore>
</billStatus>

