<?xml version="1.0" encoding="UTF-8"?>
<billStatus>
  <bill>
    <cosponsors>
      <item>
        <isOriginalCosponsor>True</isOriginalCosponsor>
        <fullName>Sen. Gillibrand, Kirsten E. [D-NY]</fullName>
        <firstName>Kirsten</firstName>
        <identifiers>
          <lisID>1866</lisID>
          <gpoId>8336</gpoId>
          <bioguideId>G000555</bioguideId>
        </identifiers>
        <party>D</party>
        <sponsorshipDate>2017-06-29</sponsorshipDate>
        <lastName>Gillibrand</lastName>
        <bioguideId>G000555</bioguideId>
        <state>NY</state>
        <middleName>E.</middleName>
        <sponsorshipWithdrawnDate />
      </item>
      <item>
        <isOriginalCosponsor>True</isOriginalCosponsor>
        <fullName>Sen. Baldwin, Tammy [D-WI]</fullName>
        <firstName>TAMMY</firstName>
        <identifiers>
          <lisID>1558</lisID>
          <gpoId>8215</gpoId>
          <bioguideId>B001230</bioguideId>
        </identifiers>
        <party>D</party>
        <sponsorshipDate>2017-06-29</sponsorshipDate>
        <lastName>BALDWIN</lastName>
        <bioguideId>B001230</bioguideId>
        <state>WI</state>
        <middleName />
        <sponsorshipWithdrawnDate />
      </item>
      <item>
        <isOriginalCosponsor>True</isOriginalCosponsor>
        <fullName>Sen. Bennet, Michael F. [D-CO]</fullName>
        <firstName>Michael</firstName>
        <identifiers>
          <lisID>1965</lisID>
          <bioguideId>B001267</bioguideId>
          <gpoId>8302</gpoId>
        </identifiers>
        <party>D</party>
        <sponsorshipDate>2017-06-29</sponsorshipDate>
        <lastName>Bennet</lastName>
        <bioguideId>B001267</bioguideId>
        <state>CO</state>
        <middleName>F.</middleName>
        <sponsorshipWithdrawnDate />
      </item>
      <item>
        <isOriginalCosponsor>True</isOriginalCosponsor>
        <fullName>Sen. Booker, Cory A. [D-NJ]</fullName>
        <firstName>Cory</firstName>
        <identifiers>
          <gpoId />
          <lisID>2194</lisID>
          <bioguideId>B001288</bioguideId>
        </identifiers>
        <party>D</party>
        <sponsorshipDate>2017-06-29</sponsorshipDate>
        <lastName>Booker</lastName>
        <bioguideId>B001288</bioguideId>
        <state>NJ</state>
        <middleName>A.</middleName>
        <sponsorshipWithdrawnDate />
      </item>
      <item>
        <isOriginalCosponsor>True</isOriginalCosponsor>
        <fullName>Sen. Burr, Richard [R-NC]</fullName>
        <firstName>RICHARD</firstName>
        <identifiers>
          <bioguideId>B001135</bioguideId>
          <lisID>153</lisID>
          <gpoId>8286</gpoId>
        </identifiers>
        <party>R</party>
        <sponsorshipDate>2017-06-29</sponsorshipDate>
        <lastName>BURR</lastName>
        <bioguideId>B001135</bioguideId>
        <state>NC</state>
        <middleName />
        <sponsorshipWithdrawnDate />
      </item>
      <item>
        <isOriginalCosponsor>True</isOriginalCosponsor>
        <fullName>Sen. Cantwell, Maria [D-WA]</fullName>
        <firstName>MARIA</firstName>
        <identifiers>
          <lisID>172</lisID>
          <gpoId>8288</gpoId>
          <bioguideId>C000127</bioguideId>
        </identifiers>
        <party>D</party>
        <sponsorshipDate>2017-06-29</sponsorshipDate>
        <lastName>CANTWELL</lastName>
        <bioguideId>C000127</bioguideId>
        <state>WA</state>
        <middleName />
        <sponsorshipWithdrawnDate />
      </item>
      <item>
        <isOriginalCosponsor>True</isOriginalCosponsor>
        <fullName>Sen. Cardin, Benjamin L. [D-MD]</fullName>
        <firstName>BENJAMIN</firstName>
        <identifiers>
          <gpoId>8287</gpoId>
          <lisID>174</lisID>
          <bioguideId>C000141</bioguideId>
        </identifiers>
        <party>D</party>
        <sponsorshipDate>2017-06-29</sponsorshipDate>
        <lastName>CARDIN</lastName>
        <bioguideId>C000141</bioguideId>
        <state>MD</state>
        <middleName>L.</middleName>
        <sponsorshipWithdrawnDate />
      </item>
      <item>
        <isOriginalCosponsor>True</isOriginalCosponsor>
        <fullName>Sen. Casey, Robert P., Jr. [D-PA]</fullName>
        <firstName>Bob</firstName>
        <identifiers>
          <gpoId>8282</gpoId>
          <lisID>1828</lisID>
          <bioguideId>C001070</bioguideId>
        </identifiers>
        <party>D</party>
        <sponsorshipDate>2017-06-29</sponsorshipDate>
        <lastName>Casey</lastName>
        <bioguideId>C001070</bioguideId>
        <state>PA</state>
        <middleName />
        <sponsorshipWithdrawnDate />
      </item>
      <item>
        <isOriginalCosponsor>True</isOriginalCosponsor>
        <fullName>Sen. Cochran, Thad [R-MS]</fullName>
        <firstName>Thad</firstName>
        <identifiers>
          <lisID>213</lisID>
          <bioguideId>C000567</bioguideId>
          <gpoId>8292</gpoId>
        </identifiers>
        <party>R</party>
        <sponsorshipDate>2017-06-29</sponsorshipDate>
        <lastName>Cochran</lastName>
        <bioguideId>C000567</bioguideId>
        <state>MS</state>
        <middleName />
        <sponsorshipWithdrawnDate />
      </item>
      <item>
        <isOriginalCosponsor>True</isOriginalCosponsor>
        <fullName>Sen. Collins, Susan M. [R-ME]</fullName>
        <firstName>SUSAN</firstName>
        <identifiers>
          <bioguideId>C001035</bioguideId>
          <lisID>1541</lisID>
          <gpoId>8291</gpoId>
        </identifiers>
        <party>R</party>
        <sponsorshipDate>2017-06-29</sponsorshipDate>
        <lastName>COLLINS</lastName>
        <bioguideId>C001035</bioguideId>
        <state>ME</state>
        <middleName>MARGARET</middleName>
        <sponsorshipWithdrawnDate />
      </item>
      <item>
        <isOriginalCosponsor>True</isOriginalCosponsor>
        <fullName>Sen. Coons, Christopher A. [D-DE]</fullName>
        <firstName>Christopher</firstName>
        <identifiers>
          <lisID>1984</lisID>
          <bioguideId>C001088</bioguideId>
          <gpoId>8297</gpoId>
        </identifiers>
        <party>D</party>
        <sponsorshipDate>2017-06-29</sponsorshipDate>
        <lastName>Coons</lastName>
        <bioguideId>C001088</bioguideId>
        <state>DE</state>
        <middleName>A.</middleName>
        <sponsorshipWithdrawnDate />
      </item>
      <item>
        <isOriginalCosponsor>True</isOriginalCosponsor>
        <fullName>Sen. Cornyn, John [R-TX]</fullName>
        <firstName>John</firstName>
        <identifiers>
          <lisID>1692</lisID>
          <bioguideId>C001056</bioguideId>
          <gpoId>8295</gpoId>
        </identifiers>
        <party>R</party>
        <sponsorshipDate>2017-06-29</sponsorshipDate>
        <lastName>Cornyn</lastName>
        <bioguideId>C001056</bioguideId>
        <state>TX</state>
        <middleName />
        <sponsorshipWithdrawnDate />
      </item>
      <item>
        <isOriginalCosponsor>True</isOriginalCosponsor>
        <fullName>Sen. Cruz, Ted [R-TX]</fullName>
        <firstName>Ted</firstName>
        <identifiers>
          <bioguideId>C001098</bioguideId>
          <lisID>2175</lisID>
          <gpoId />
        </identifiers>
        <party>R</party>
        <sponsorshipDate>2017-06-29</sponsorshipDate>
        <lastName>Cruz</lastName>
        <bioguideId>C001098</bioguideId>
        <state>TX</state>
        <middleName />
        <sponsorshipWithdrawnDate />
      </item>
      <item>
        <isOriginalCosponsor>True</isOriginalCosponsor>
        <fullName>Sen. Duckworth, Tammy [D-IL]</fullName>
        <firstName>Tammy</firstName>
        <identifiers>
          <lisID>2123</lisID>
          <bioguideId>D000622</bioguideId>
          <gpoId />
        </identifiers>
        <party>D</party>
        <sponsorshipDate>2017-06-29</sponsorshipDate>
        <lastName>Duckworth</lastName>
        <bioguideId>D000622</bioguideId>
        <state>IL</state>
        <middleName />
        <sponsorshipWithdrawnDate />
      </item>
      <item>
        <isOriginalCosponsor>True</isOriginalCosponsor>
        <fullName>Sen. Durbin, Richard J. [D-IL]</fullName>
        <firstName>RICHARD</firstName>
        <identifiers>
          <lisID>326</lisID>
          <gpoId>8326</gpoId>
          <bioguideId>D000563</bioguideId>
        </identifiers>
        <party>D</party>
        <sponsorshipDate>2017-06-29</sponsorshipDate>
        <lastName>DURBIN</lastName>
        <bioguideId>D000563</bioguideId>
        <state>IL</state>
        <middleName>J.</middleName>
        <sponsorshipWithdrawnDate />
      </item>
      <item>
        <isOriginalCosponsor>True</isOriginalCosponsor>
        <fullName>Sen. Feinstein, Dianne [D-CA]</fullName>
        <firstName>DIANNE</firstName>
        <identifiers>
          <gpoId>8338</gpoId>
          <bioguideId>F000062</bioguideId>
          <lisID>1332</lisID>
        </identifiers>
        <party>D</party>
        <sponsorshipDate>2017-06-29</sponsorshipDate>
        <lastName>FEINSTEIN</lastName>
        <bioguideId>F000062</bioguideId>
        <state>CA</state>
        <middleName />
        <sponsorshipWithdrawnDate />
      </item>
      <item>
        <isOriginalCosponsor>True</isOriginalCosponsor>
        <fullName>Sen. Franken, Al [D-MN]</fullName>
        <firstName>Al</firstName>
        <identifiers>
          <gpoId>8339</gpoId>
          <lisID>1969</lisID>
          <bioguideId>F000457</bioguideId>
        </identifiers>
        <party>D</party>
        <sponsorshipDate>2017-06-29</sponsorshipDate>
        <lastName>Franken</lastName>
        <bioguideId>F000457</bioguideId>
        <state>MN</state>
        <middleName />
        <sponsorshipWithdrawnDate />
      </item>
      <item>
        <isOriginalCosponsor>True</isOriginalCosponsor>
        <fullName>Sen. Harris, Kamala D. [D-CA]</fullName>
        <firstName>Kamala</firstName>
        <identifiers>
          <gpoId />
          <lisID>2301</lisID>
          <bioguideId>H001075</bioguideId>
        </identifiers>
        <party>D</party>
        <sponsorshipDate>2017-06-29</sponsorshipDate>
        <lastName>Harris</lastName>
        <bioguideId>H001075</bioguideId>
        <state>CA</state>
        <middleName>D.</middleName>
        <sponsorshipWithdrawnDate />
      </item>
      <item>
        <isOriginalCosponsor>True</isOriginalCosponsor>
        <fullName>Sen. Kaine, Tim [D-VA]</fullName>
        <firstName>Timothy</firstName>
        <identifiers>
          <bioguideId>K000384</bioguideId>
          <lisID>2176</lisID>
          <gpoId />
        </identifiers>
        <party>D</party>
        <sponsorshipDate>2017-06-29</sponsorshipDate>
        <lastName>Kaine</lastName>
        <bioguideId>K000384</bioguideId>
        <state>VA</state>
        <middleName />
        <sponsorshipWithdrawnDate />
      </item>
      <item>
        <isOriginalCosponsor>True</isOriginalCosponsor>
        <fullName>Sen. King, Angus S., Jr. [I-ME]</fullName>
        <firstName>Angus</firstName>
        <identifiers>
          <gpoId />
          <lisID>2185</lisID>
          <bioguideId>K000383</bioguideId>
        </identifiers>
        <party>I</party>
        <sponsorshipDate>2017-06-29</sponsorshipDate>
        <lastName>King</lastName>
        <bioguideId>K000383</bioguideId>
        <state>ME</state>
        <middleName />
        <sponsorshipWithdrawnDate />
      </item>
      <item>
        <isOriginalCosponsor>True</isOriginalCosponsor>
        <fullName>Sen. Klobuchar, Amy [D-MN]</fullName>
        <firstName>Amy</firstName>
        <identifiers>
          <lisID>1826</lisID>
          <gpoId>8249</gpoId>
          <bioguideId>K000367</bioguideId>
        </identifiers>
        <party>D</party>
        <sponsorshipDate>2017-06-29</sponsorshipDate>
        <lastName>Klobuchar</lastName>
        <bioguideId>K000367</bioguideId>
        <state>MN</state>
        <middleName />
        <sponsorshipWithdrawnDate />
      </item>
      <item>
        <isOriginalCosponsor>True</isOriginalCosponsor>
        <fullName>Sen. Lankford, James [R-OK]</fullName>
        <firstName>James</firstName>
        <identifiers>
          <lisID>2050</lisID>
          <bioguideId>L000575</bioguideId>
          <gpoId>8113</gpoId>
        </identifiers>
        <party>R</party>
        <sponsorshipDate>2017-06-29</sponsorshipDate>
        <lastName>Lankford</lastName>
        <bioguideId>L000575</bioguideId>
        <state>OK</state>
        <middleName />
        <sponsorshipWithdrawnDate />
      </item>
      <item>
        <isOriginalCosponsor>True</isOriginalCosponsor>
        <fullName>Sen. Lee, Mike [R-UT]</fullName>
        <firstName>Mike</firstName>
        <identifiers>
          <lisID>2080</lisID>
          <bioguideId>L000577</bioguideId>
          <gpoId>8303</gpoId>
        </identifiers>
        <party>R</party>
        <sponsorshipDate>2017-06-29</sponsorshipDate>
        <lastName>Lee</lastName>
        <bioguideId>L000577</bioguideId>
        <state>UT</state>
        <middleName />
        <sponsorshipWithdrawnDate />
      </item>
      <item>
        <isOriginalCosponsor>True</isOriginalCosponsor>
        <fullName>Sen. Markey, Edward J. [D-MA]</fullName>
        <firstName>EDWARD</firstName>
        <identifiers>
          <gpoId>7972</gpoId>
          <lisID>735</lisID>
          <bioguideId>M000133</bioguideId>
        </identifiers>
        <party>D</party>
        <sponsorshipDate>2017-06-29</sponsorshipDate>
        <lastName>MARKEY</lastName>
        <bioguideId>M000133</bioguideId>
        <state>MA</state>
        <middleName>J.</middleName>
        <sponsorshipWithdrawnDate />
      </item>
      <item>
        <isOriginalCosponsor>True</isOriginalCosponsor>
        <fullName>Sen. Merkley, Jeff [D-OR]</fullName>
        <firstName>Jeff</firstName>
        <identifiers>
          <lisID>1900</lisID>
          <gpoId>8238</gpoId>
          <bioguideId>M001176</bioguideId>
        </identifiers>
        <party>D</party>
        <sponsorshipDate>2017-06-29</sponsorshipDate>
        <lastName>Merkley</lastName>
        <bioguideId>M001176</bioguideId>
        <state>OR</state>
        <middleName />
        <sponsorshipWithdrawnDate />
      </item>
      <item>
        <isOriginalCosponsor>True</isOriginalCosponsor>
        <fullName>Sen. Moran, Jerry [R-KS]</fullName>
        <firstName>JERRY</firstName>
        <identifiers>
          <bioguideId>M000934</bioguideId>
          <lisID>1507</lisID>
          <gpoId>8307</gpoId>
        </identifiers>
        <party>R</party>
        <sponsorshipDate>2017-06-29</sponsorshipDate>
        <lastName>MORAN</lastName>
        <bioguideId>M000934</bioguideId>
        <state>KS</state>
        <middleName />
        <sponsorshipWithdrawnDate />
      </item>
      <item>
        <isOriginalCosponsor>True</isOriginalCosponsor>
        <fullName>Sen. Murkowski, Lisa [R-AK]</fullName>
        <firstName>Lisa</firstName>
        <identifiers>
          <gpoId>8234</gpoId>
          <lisID>1694</lisID>
          <bioguideId>M001153</bioguideId>
        </identifiers>
        <party>R</party>
        <sponsorshipDate>2017-06-29</sponsorshipDate>
        <lastName>Murkowski</lastName>
        <bioguideId>M001153</bioguideId>
        <state>AK</state>
        <middleName />
        <sponsorshipWithdrawnDate />
      </item>
      <item>
        <isOriginalCosponsor>True</isOriginalCosponsor>
        <fullName>Sen. Murphy, Christopher [D-CT]</fullName>
        <firstName>Christopher</firstName>
        <identifiers>
          <gpoId>7870</gpoId>
          <bioguideId>M001169</bioguideId>
          <lisID>1837</lisID>
        </identifiers>
        <party>D</party>
        <sponsorshipDate>2017-06-29</sponsorshipDate>
        <lastName>Murphy</lastName>
        <bioguideId>M001169</bioguideId>
        <state>CT</state>
        <middleName />
        <sponsorshipWithdrawnDate />
      </item>
      <item>
        <isOriginalCosponsor>True</isOriginalCosponsor>
        <fullName>Sen. Murray, Patty [D-WA]</fullName>
        <firstName>PATTY</firstName>
        <identifiers>
          <bioguideId>M001111</bioguideId>
          <gpoId>8237</gpoId>
          <lisID>1409</lisID>
        </identifiers>
        <party>D</party>
        <sponsorshipDate>2017-06-29</sponsorshipDate>
        <lastName>MURRAY</lastName>
        <bioguideId>M001111</bioguideId>
        <state>WA</state>
        <middleName />
        <sponsorshipWithdrawnDate />
      </item>
      <item>
        <isOriginalCosponsor>True</isOriginalCosponsor>
        <fullName>Sen. Nelson, Bill [D-FL]</fullName>
        <firstName>CLARENCE</firstName>
        <identifiers>
          <bioguideId>N000032</bioguideId>
          <gpoId>8236</gpoId>
          <lisID>859</lisID>
        </identifiers>
        <party>D</party>
        <sponsorshipDate>2017-06-29</sponsorshipDate>
        <lastName>NELSON</lastName>
        <bioguideId>N000032</bioguideId>
        <state>FL</state>
        <middleName>WILLIAM</middleName>
        <sponsorshipWithdrawnDate />
      </item>
      <item>
        <isOriginalCosponsor>True</isOriginalCosponsor>
        <fullName>Sen. Paul, Rand [R-KY]</fullName>
        <firstName>Rand</firstName>
        <identifiers>
          <bioguideId>P000603</bioguideId>
          <lisID>2082</lisID>
          <gpoId>8308</gpoId>
        </identifiers>
        <party>R</party>
        <sponsorshipDate>2017-06-29</sponsorshipDate>
        <lastName>Paul</lastName>
        <bioguideId>P000603</bioguideId>
        <state>KY</state>
        <middleName />
        <sponsorshipWithdrawnDate />
      </item>
      <item>
        <isOriginalCosponsor>True</isOriginalCosponsor>
        <fullName>Sen. Perdue, David [R-GA]</fullName>
        <firstName>David</firstName>
        <identifiers>
          <lisID>2286</lisID>
          <bioguideId>P000612</bioguideId>
          <gpoId />
        </identifiers>
        <party>R</party>
        <sponsorshipDate>2017-06-29</sponsorshipDate>
        <lastName>Perdue</lastName>
        <bioguideId>P000612</bioguideId>
        <state>GA</state>
        <middleName>Alfred</middleName>
        <sponsorshipWithdrawnDate />
      </item>
      <item>
        <isOriginalCosponsor>True</isOriginalCosponsor>
        <fullName>Sen. Peters, Gary C. [D-MI]</fullName>
        <firstName>Gary</firstName>
        <identifiers>
          <lisID>1929</lisID>
          <bioguideId>P000595</bioguideId>
          <gpoId>7994</gpoId>
        </identifiers>
        <party>D</party>
        <sponsorshipDate>2017-06-29</sponsorshipDate>
        <lastName>Peters</lastName>
        <bioguideId>P000595</bioguideId>
        <state>MI</state>
        <middleName>C.</middleName>
        <sponsorshipWithdrawnDate />
      </item>
      <item>
        <isOriginalCosponsor>True</isOriginalCosponsor>
        <fullName>Sen. Rubio, Marco [R-FL]</fullName>
        <firstName>Marco</firstName>
        <identifiers>
          <lisID>2084</lisID>
          <bioguideId>R000595</bioguideId>
          <gpoId>8242</gpoId>
        </identifiers>
        <party>R</party>
        <sponsorshipDate>2017-06-29</sponsorshipDate>
        <lastName>Rubio</lastName>
        <bioguideId>R000595</bioguideId>
        <state>FL</state>
        <middleName />
        <sponsorshipWithdrawnDate />
      </item>
      <item>
        <isOriginalCosponsor>True</isOriginalCosponsor>
        <fullName>Sen. Scott, Tim [R-SC]</fullName>
        <firstName>Tim</firstName>
        <identifiers>
          <bioguideId>S001184</bioguideId>
          <gpoId>8141</gpoId>
          <lisID>2056</lisID>
        </identifiers>
        <party>R</party>
        <sponsorshipDate>2017-06-29</sponsorshipDate>
        <lastName>Scott</lastName>
        <bioguideId>S001184</bioguideId>
        <state>SC</state>
        <middleName />
        <sponsorshipWithdrawnDate />
      </item>
      <item>
        <isOriginalCosponsor>True</isOriginalCosponsor>
        <fullName>Sen. Stabenow, Debbie [D-MI]</fullName>
        <firstName>DEBORAH</firstName>
        <identifiers>
          <gpoId>8261</gpoId>
          <bioguideId>S000770</bioguideId>
          <lisID>1531</lisID>
        </identifiers>
        <party>D</party>
        <sponsorshipDate>2017-06-29</sponsorshipDate>
        <lastName>STABENOW</lastName>
        <bioguideId>S000770</bioguideId>
        <state>MI</state>
        <middleName>ANN</middleName>
        <sponsorshipWithdrawnDate />
      </item>
      <item>
        <isOriginalCosponsor>True</isOriginalCosponsor>
        <fullName>Sen. Tillis, Thom [R-NC]</fullName>
        <firstName>Thomas</firstName>
        <identifiers>
          <lisID>2291</lisID>
          <bioguideId>T000476</bioguideId>
          <gpoId />
        </identifiers>
        <party>R</party>
        <sponsorshipDate>2017-06-29</sponsorshipDate>
        <lastName>Tillis</lastName>
        <bioguideId>T000476</bioguideId>
        <state>NC</state>
        <middleName>Roland</middleName>
        <sponsorshipWithdrawnDate />
      </item>
      <item>
        <isOriginalCosponsor>True</isOriginalCosponsor>
        <fullName>Sen. Van Hollen, Chris [D-MD]</fullName>
        <firstName>Chris</firstName>
        <identifiers>
          <lisID>1729</lisID>
          <gpoId>7983</gpoId>
          <bioguideId>V000128</bioguideId>
        </identifiers>
        <party>D</party>
        <sponsorshipDate>2017-06-29</sponsorshipDate>
        <lastName>Van Hollen</lastName>
        <bioguideId>V000128</bioguideId>
        <state>MD</state>
        <middleName />
        <sponsorshipWithdrawnDate />
      </item>
      <item>
        <isOriginalCosponsor>True</isOriginalCosponsor>
        <fullName>Sen. Warner, Mark R. [D-VA]</fullName>
        <firstName>Mark</firstName>
        <identifiers>
          <bioguideId>W000805</bioguideId>
          <lisID>1897</lisID>
          <gpoId>8269</gpoId>
        </identifiers>
        <party>D</party>
        <sponsorshipDate>2017-06-29</sponsorshipDate>
        <lastName>Warner</lastName>
        <bioguideId>W000805</bioguideId>
        <state>VA</state>
        <middleName>R.</middleName>
        <sponsorshipWithdrawnDate />
      </item>
      <item>
        <isOriginalCosponsor>True</isOriginalCosponsor>
        <fullName>Sen. Warren, Elizabeth [D-MA]</fullName>
        <firstName>Elizabeth</firstName>
        <identifiers>
          <bioguideId>W000817</bioguideId>
          <gpoId />
          <lisID>2182</lisID>
        </identifiers>
        <party>D</party>
        <sponsorshipDate>2017-06-29</sponsorshipDate>
        <lastName>Warren</lastName>
        <bioguideId>W000817</bioguideId>
        <state>MA</state>
        <middleName>A.</middleName>
        <sponsorshipWithdrawnDate />
      </item>
      <item>
        <isOriginalCosponsor>True</isOriginalCosponsor>
        <fullName>Sen. Whitehouse, Sheldon [D-RI]</fullName>
        <firstName>Sheldon</firstName>
        <identifiers>
          <gpoId>8264</gpoId>
          <bioguideId>W000802</bioguideId>
          <lisID>1823</lisID>
        </identifiers>
        <party>D</party>
        <sponsorshipDate>2017-06-29</sponsorshipDate>
        <lastName>Whitehouse</lastName>
        <bioguideId>W000802</bioguideId>
        <state>RI</state>
        <middleName />
        <sponsorshipWithdrawnDate />
      </item>
      <item>
        <isOriginalCosponsor>True</isOriginalCosponsor>
        <fullName>Sen. Wyden, Ron [D-OR]</fullName>
        <firstName>RON</firstName>
        <identifiers>
          <gpoId>8265</gpoId>
          <bioguideId>W000779</bioguideId>
          <lisID>1247</lisID>
        </identifiers>
        <party>D</party>
        <sponsorshipDate>2017-06-29</sponsorshipDate>
        <lastName>WYDEN</lastName>
        <bioguideId>W000779</bioguideId>
        <state>OR</state>
        <middleName />
        <sponsorshipWithdrawnDate />
      </item>
      <item>
        <isOriginalCosponsor>True</isOriginalCosponsor>
        <fullName>Sen. Young, Todd C. [R-IN]</fullName>
        <firstName>Todd</firstName>
        <identifiers>
          <gpoId>7948</gpoId>
          <lisID>2019</lisID>
          <bioguideId>Y000064</bioguideId>
        </identifiers>
        <party>R</party>
        <sponsorshipDate>2017-06-29</sponsorshipDate>
        <lastName>Young</lastName>
        <bioguideId>Y000064</bioguideId>
        <state>IN</state>
        <middleName>C.</middleName>
        <sponsorshipWithdrawnDate />
      </item>
      <item>
        <isOriginalCosponsor>False</isOriginalCosponsor>
        <fullName>Sen. Cortez Masto, Catherine  [D-NV]</fullName>
        <firstName>Catherine</firstName>
        <identifiers>
          <lisID>2299</lisID>
          <gpoId />
          <bioguideId>C001113</bioguideId>
        </identifiers>
        <party>D</party>
        <sponsorshipDate>2017-07-11</sponsorshipDate>
        <lastName>Cortez Masto</lastName>
        <bioguideId>C001113</bioguideId>
        <state>NV</state>
        <middleName />
        <sponsorshipWithdrawnDate />
      </item>
    </cosponsors>
    <congress>115</congress>
    <committees>
      <billCommittees>
        <item>
          <systemCode>ssju00</systemCode>
          <name>Judiciary Committee</name>
          <type>Standing</type>
          <activities>
            <item>
              <name>Discharged from</name>
              <date>2017-08-02T00:00:09Z</date>
            </item>
            <item>
              <name>Referred to</name>
              <date>2017-06-29T19:15:29Z</date>
            </item>
          </activities>
          <chamber>Senate</chamber>
          <subcommittees />
        </item>
      </billCommittees>
    </committees>
    <laws />
    <titles>
      <item>
        <chamberCode />
        <chamberName />
        <parentTitleType />
        <titleType>Official Title as Introduced</titleType>
        <title>A resolution designating June 19, 2017, as "Juneteenth Independence Day" in recognition of June 19, 1865, the date on which slavery legally came to an end in the United States.</title>
      </item>
      <item>
        <chamberCode />
        <chamberName />
        <parentTitleType />
        <titleType>Display Title</titleType>
        <title>A resolution designating June 19, 2017, as "Juneteenth Independence Day" in recognition of June 19, 1865, the date on which slavery legally came to an end in the United States.</title>
      </item>
    </titles>
    <billType>SRES</billType>
    <amendments />
    <recordedVotes />
    <actions>
      <actionTypeCounts>
        <senateCommitteeDischarged>1</senateCommitteeDischarged>
        <agreedToInSenate>1</agreedToInSenate>
        <referredToCommittee>1</referredToCommittee>
        <introducedInSenate>1</introducedInSenate>
        <passedAgreedToInSenate>1</passedAgreedToInSenate>
        <committeeDischarged>1</committeeDischarged>
      </actionTypeCounts>
      <item>
        <actionDate>2017-08-01</actionDate>
        <committee />
        <links>
          <link>
            <url>https://www.congress.gov/congressional-record/volume-163/senate-section/page/S4695</url>
            <name>S4695</name>
          </link>
        </links>
        <sourceSystem>
          <name>Senate</name>
          <code>0</code>
        </sourceSystem>
        <text>Resolution agreed to in Senate without amendment and with a preamble by Unanimous Consent. (consideration: CR S4695)</text>
        <type>Floor</type>
      </item>
      <item>
        <text>Passed/agreed to in Senate: Resolution agreed to in Senate without amendment and with a preamble by Unanimous Consent.(consideration: CR S4695)</text>
        <links>
          <link>
            <url>https://www.congress.gov/congressional-record/volume-163/senate-section/page/S4695</url>
            <name>S4695</name>
          </link>
        </links>
        <actionDate>2017-08-01</actionDate>
        <committee />
        <sourceSystem>
          <name>Library of Congress</name>
          <code>9</code>
        </sourceSystem>
        <type>Floor</type>
        <actionCode>17000</actionCode>
      </item>
      <item>
        <actionDate>2017-08-01</actionDate>
        <committee>
          <systemCode>ssju00</systemCode>
          <name>Judiciary Committee</name>
        </committee>
        <links />
        <sourceSystem>
          <name>Senate</name>
          <code>0</code>
        </sourceSystem>
        <text>Senate Committee on the Judiciary discharged by Unanimous Consent.</text>
        <type>Discharge</type>
      </item>
      <item>
        <text>Senate Committee on the Judiciary discharged by Unanimous Consent.</text>
        <links />
        <actionDate>2017-08-01</actionDate>
        <committee>
          <systemCode>ssju00</systemCode>
          <name>Judiciary Committee</name>
        </committee>
        <sourceSystem>
          <name>Library of Congress</name>
          <code>9</code>
        </sourceSystem>
        <type>Committee</type>
        <actionCode>14500</actionCode>
      </item>
      <item>
        <actionDate>2017-06-29</actionDate>
        <committee>
          <systemCode>ssju00</systemCode>
          <name>Judiciary Committee</name>
        </committee>
        <links>
          <link>
            <url>https://www.congress.gov/congressional-record/volume-163/senate-section/page/S3864-3865</url>
            <name>S3864-3865</name>
          </link>
        </links>
        <sourceSystem>
          <name>Senate</name>
          <code>0</code>
        </sourceSystem>
        <text>Referred to the Committee on the Judiciary. (text of measure as introduced: CR S3864-3865)</text>
        <type>IntroReferral</type>
      </item>
      <item>
        <text>Introduced in Senate</text>
        <links />
        <actionDate>2017-06-29</actionDate>
        <committee />
        <sourceSystem>
          <name>Library of Congress</name>
          <code>9</code>
        </sourceSystem>
        <type>IntroReferral</type>
        <actionCode>10000</actionCode>
      </item>
      <actionByCounts>
        <senate>6</senate>
      </actionByCounts>
    </actions>
    <introducedDate>2017-06-29</introducedDate>
    <relatedBills />
    <committeeReports />
    <calendarNumbers />
    <billNumber>214</billNumber>
    <summaries>
      <billSummaries>
        <item>
          <versionCode>00</versionCode>
          <updateDate>2017-06-29T04:00:00Z</updateDate>
          <actionDate>2017-06-29</actionDate>
          <text><![CDATA[<p>Designates June 19, 2017, as Juneteenth Independence Day.</p> <p>Recognizes the historical significance and supports the continued celebration of Juneteenth Independence Day, which&nbsp;commemorates the end of slavery&nbsp;in the United States.</p>]]></text>
          <actionDesc>Introduced in Senate</actionDesc>
          <lastSummaryUpdateDate>2017-10-11T22:18:43Z</lastSummaryUpdateDate>
          <name>Introduced in Senate</name>
        </item>
        <item>
          <versionCode>82</versionCode>
          <updateDate>2017-08-01T13:09:26Z</updateDate>
          <actionDate>2017-08-01</actionDate>
          <text><![CDATA[<p>(This measure has not been amended since it was introduced. The summary of that version is repeated here.)<br /><br /> Designates June 19, 2017, as Juneteenth Independence Day.</p> <p>Recognizes the historical significance and supports the continued celebration of Juneteenth Independence Day, which&nbsp;commemorates the end of slavery&nbsp;in the United States.</p>]]></text>
          <actionDesc>Passed Senate without amendment</actionDesc>
          <lastSummaryUpdateDate>2017-10-11T22:04:32Z</lastSummaryUpdateDate>
          <name>Passed Senate without amendment</name>
        </item>
      </billSummaries>
    </summaries>
    <cboCostEstimates />
    <updateDate>2018-02-06T16:44:11Z</updateDate>
    <policyArea>
      <name>Civil Rights and Liberties, Minority Issues</name>
    </policyArea>
    <latestAction>
      <text>Resolution agreed to in Senate without amendment and with a preamble by Unanimous Consent. (consideration: CR S4695)</text>
      <actionDate>2017-08-01</actionDate>
      <links />
    </latestAction>
    <subjects>
      <billSubjects>
        <legislativeSubjects>
          <item>
            <name>Commemorative events and holidays</name>
          </item>
          <item>
            <name>Racial and ethnic relations</name>
          </item>
          <item>
            <name>U.S. history</name>
          </item>
        </legislativeSubjects>
        <policyArea>
          <name>Civil Rights and Liberties, Minority Issues</name>
        </policyArea>
      </billSubjects>
    </subjects>
    <title>A resolution designating June 19, 2017, as "Juneteenth Independence Day" in recognition of June 19, 1865, the date on which slavery legally came to an end in the United States.</title>
    <version>1.0.0</version>
    <sponsors>
      <item>
        <byRequestType />
        <party>R</party>
        <fullName>Sen. Wicker, Roger F. [R-MS]</fullName>
        <bioguideId>W000437</bioguideId>
        <state>MS</state>
        <lastName>WICKER</lastName>
        <middleName>F.</middleName>
        <firstName>ROGER</firstName>
        <identifiers>
          <lisID>1226</lisID>
          <gpoId>8263</gpoId>
          <bioguideId>W000437</bioguideId>
        </identifiers>
      </item>
    </sponsors>
    <notes />
    <createDate>2017-06-30T00:41:33Z</createDate>
    <originChamber>Senate</originChamber>
  </bill>
  <dublinCore xmlns:dc="http://purl.org/dc/elements/1.1/">
    <dc:format>text/xml</dc:format>
    <dc:language>EN</dc:language>
    <dc:rights>Pursuant to Title 17 Section 105 of the United States Code, this file is not subject to copyright protection and is in the public domain.</dc:rights>
    <dc:contributor>Congressional Research Service, Library of Congress</dc:contributor>
    <dc:description>This file contains bill summaries and statuses for federal legislation. A bill summary describes the most significant provisions of a piece of legislation and details the effects the legislative text may have on current law and federal programs. Bill summaries are authored by the Congressional Research Service (CRS) of the Library of Congress. As stated in Public Law 91-510 (2 USC 166 (d)(6)), one of the duties of CRS is "to prepare summaries and digests of bills and resolutions of a public general nature introduced in the Senate or House of Representatives". For more information, refer to the User Guide that accompanies this file.</dc:description>
  </dublinCore>
</billStatus>

