<?xml version="1.0" encoding="UTF-8"?>
<billStatus>
  <bill>
    <policyArea>
      <name>Armed Forces and National Security</name>
    </policyArea>
    <introducedDate>2017-06-28</introducedDate>
    <cosponsors>
      <item>
        <isOriginalCosponsor>True</isOriginalCosponsor>
        <fullName>Sen. Stabenow, Debbie [D-MI]</fullName>
        <firstName>DEBORAH</firstName>
        <identifiers>
          <gpoId>8261</gpoId>
          <bioguideId>S000770</bioguideId>
          <lisID>1531</lisID>
        </identifiers>
        <party>D</party>
        <sponsorshipDate>2017-06-28</sponsorshipDate>
        <lastName>STABENOW</lastName>
        <bioguideId>S000770</bioguideId>
        <state>MI</state>
        <middleName>ANN</middleName>
        <sponsorshipWithdrawnDate />
      </item>
    </cosponsors>
    <congress>115</congress>
    <recordedVotes />
    <amendments />
    <laws />
    <cboCostEstimates />
    <actions>
      <actionByCounts>
        <senate>2</senate>
      </actionByCounts>
      <actionTypeCounts>
        <referredToCommittee>1</referredToCommittee>
        <introducedInSenate>1</introducedInSenate>
      </actionTypeCounts>
      <item>
        <actionDate>2017-06-28</actionDate>
        <committee>
          <systemCode>ssva00</systemCode>
          <name>Veterans' Affairs Committee</name>
        </committee>
        <links>
          <link>
            <name>S3833-3834</name>
            <url>https://www.congress.gov/congressional-record/volume-163/senate-section/page/S3833-3834</url>
          </link>
        </links>
        <sourceSystem>
          <name>Senate</name>
          <code>0</code>
        </sourceSystem>
        <text>Referred to the Committee on Veterans' Affairs. (text of measure as introduced: CR S3833-3834)</text>
        <type>IntroReferral</type>
      </item>
      <item>
        <actionDate>2017-06-28</actionDate>
        <text>Introduced in Senate</text>
        <sourceSystem>
          <name>Library of Congress</name>
          <code>9</code>
        </sourceSystem>
        <committee />
        <links />
        <actionCode>10000</actionCode>
        <type>IntroReferral</type>
      </item>
    </actions>
    <latestAction>
      <text>Referred to the Committee on Veterans' Affairs. (text of measure as introduced: CR S3833-3834)</text>
      <actionDate>2017-06-28</actionDate>
      <links />
    </latestAction>
    <titles>
      <item>
        <chamberName />
        <titleType>Official Title as Introduced</titleType>
        <title>A resolution honoring the 100th anniversary of Fort Custer in Augusta, Michigan.</title>
        <parentTitleType />
        <chamberCode />
      </item>
      <item>
        <chamberName />
        <titleType>Display Title</titleType>
        <title>A resolution honoring the 100th anniversary of Fort Custer in Augusta, Michigan.</title>
        <parentTitleType />
        <chamberCode />
      </item>
    </titles>
    <summaries>
      <billSummaries>
        <item>
          <text><![CDATA[<p>Honors Fort Custer in Augusta, Michigan, on its 100th anniversary.</p> <ul> </ul>]]></text>
          <versionCode>00</versionCode>
          <actionDate>2017-06-28</actionDate>
          <name>Introduced in Senate</name>
          <actionDesc>Introduced in Senate</actionDesc>
          <lastSummaryUpdateDate>2017-09-28T22:12:07Z</lastSummaryUpdateDate>
          <updateDate>2017-06-28T04:00:00Z</updateDate>
        </item>
      </billSummaries>
    </summaries>
    <title>A resolution honoring the 100th anniversary of Fort Custer in Augusta, Michigan.</title>
    <calendarNumbers />
    <originChamber>Senate</originChamber>
    <updateDate>2018-02-06T16:44:10Z</updateDate>
    <notes />
    <billType>SRES</billType>
    <committees>
      <billCommittees>
        <item>
          <chamber>Senate</chamber>
          <name>Veterans' Affairs Committee</name>
          <systemCode>ssva00</systemCode>
          <type>Standing</type>
          <subcommittees />
          <activities>
            <item>
              <name>Referred to</name>
              <date>2017-06-28T16:43:24Z</date>
            </item>
          </activities>
        </item>
      </billCommittees>
    </committees>
    <relatedBills />
    <committeeReports />
    <billNumber>205</billNumber>
    <sponsors>
      <item>
        <byRequestType />
        <state>MI</state>
        <bioguideId>P000595</bioguideId>
        <identifiers>
          <lisID>1929</lisID>
          <bioguideId>P000595</bioguideId>
          <gpoId>7994</gpoId>
        </identifiers>
        <fullName>Sen. Peters, Gary C. [D-MI]</fullName>
        <lastName>Peters</lastName>
        <firstName>Gary</firstName>
        <middleName>C.</middleName>
        <party>D</party>
      </item>
    </sponsors>
    <createDate>2017-06-29T00:26:33Z</createDate>
    <version>1.0.0</version>
    <subjects>
      <billSubjects>
        <legislativeSubjects>
          <item>
            <name>Cemeteries and funerals</name>
          </item>
          <item>
            <name>Commemorative events and holidays</name>
          </item>
          <item>
            <name>Congressional tributes</name>
          </item>
          <item>
            <name>Michigan</name>
          </item>
          <item>
            <name>Military education and training</name>
          </item>
          <item>
            <name>Military facilities and property</name>
          </item>
          <item>
            <name>Military personnel and dependents</name>
          </item>
        </legislativeSubjects>
        <policyArea>
          <name>Armed Forces and National Security</name>
        </policyArea>
      </billSubjects>
    </subjects>
  </bill>
  <dublinCore xmlns:dc="http://purl.org/dc/elements/1.1/">
    <dc:format>text/xml</dc:format>
    <dc:language>EN</dc:language>
    <dc:rights>Pursuant to Title 17 Section 105 of the United States Code, this file is not subject to copyright protection and is in the public domain.</dc:rights>
    <dc:contributor>Congressional Research Service, Library of Congress</dc:contributor>
    <dc:description>This file contains bill summaries and statuses for federal legislation. A bill summary describes the most significant provisions of a piece of legislation and details the effects the legislative text may have on current law and federal programs. Bill summaries are authored by the Congressional Research Service (CRS) of the Library of Congress. As stated in Public Law 91-510 (2 USC 166 (d)(6)), one of the duties of CRS is "to prepare summaries and digests of bills and resolutions of a public general nature introduced in the Senate or House of Representatives". For more information, refer to the User Guide that accompanies this file.</dc:description>
  </dublinCore>
</billStatus>

