<?xml version="1.0" encoding="UTF-8"?>
<billStatus>
  <bill>
    <titles>
      <item>
        <chamberName />
        <titleType>Short Titles as Introduced</titleType>
        <title>STOP Sexual Harassment Resolution</title>
        <parentTitleType />
        <chamberCode />
      </item>
      <item>
        <chamberName />
        <titleType>Short Titles as Introduced</titleType>
        <title>Senate Training on Prevention of Sexual Harassment Resolution</title>
        <parentTitleType />
        <chamberCode />
      </item>
      <item>
        <chamberName />
        <titleType>Official Title as Introduced</titleType>
        <title>A resolution requiring sexual harassment training for Members, officers, employees, interns, and fellows of the Senate and a periodic survey of the Senate.</title>
        <parentTitleType />
        <chamberCode />
      </item>
      <item>
        <chamberName />
        <titleType>Display Title</titleType>
        <title>STOP Sexual Harassment Resolution</title>
        <parentTitleType />
        <chamberCode />
      </item>
      <item>
        <chamberName />
        <titleType>(Extracted from GPO) Short Titles as Introduced</titleType>
        <title>STOP Sexual Harassment Resolution</title>
        <parentTitleType />
        <chamberCode />
      </item>
      <item>
        <chamberName />
        <titleType>(Extracted from GPO) Short Titles as Introduced</titleType>
        <title>Senate Training on Prevention of Sexual Harassment Resolution</title>
        <parentTitleType />
        <chamberCode />
      </item>
    </titles>
    <cboCostEstimates />
    <committees>
      <billCommittees>
        <item>
          <systemCode>ssra00</systemCode>
          <name>Rules and Administration Committee</name>
          <subcommittees />
          <chamber>Senate</chamber>
          <type>Standing</type>
          <activities>
            <item>
              <name>Referred to</name>
              <date>2017-11-07T21:15:30Z</date>
            </item>
          </activities>
        </item>
      </billCommittees>
    </committees>
    <originChamber>Senate</originChamber>
    <policyArea>
      <name>Congress</name>
    </policyArea>
    <subjects>
      <billSubjects>
        <legislativeSubjects>
          <item>
            <name>Assault and harassment offenses</name>
          </item>
          <item>
            <name>Congressional officers and employees</name>
          </item>
          <item>
            <name>Congressional operations and organization</name>
          </item>
          <item>
            <name>Crime prevention</name>
          </item>
          <item>
            <name>Crime victims</name>
          </item>
          <item>
            <name>Crimes against women</name>
          </item>
          <item>
            <name>Employment discrimination and employee rights</name>
          </item>
          <item>
            <name>Evidence and witnesses</name>
          </item>
          <item>
            <name>Government ethics and transparency, public corruption</name>
          </item>
          <item>
            <name>Government studies and investigations</name>
          </item>
          <item>
            <name>Legislative rules and procedure</name>
          </item>
          <item>
            <name>Members of Congress</name>
          </item>
          <item>
            <name>Senate</name>
          </item>
          <item>
            <name>Sex offenses</name>
          </item>
          <item>
            <name>Women's employment</name>
          </item>
          <item>
            <name>Worker safety and health</name>
          </item>
        </legislativeSubjects>
        <policyArea>
          <name>Congress</name>
        </policyArea>
      </billSubjects>
    </subjects>
    <sponsors>
      <item>
        <identifiers>
          <bioguideId>G000386</bioguideId>
          <gpoId>8316</gpoId>
          <lisID>457</lisID>
        </identifiers>
        <party>R</party>
        <firstName>CHARLES</firstName>
        <fullName>Sen. Grassley, Chuck [R-IA]</fullName>
        <bioguideId>G000386</bioguideId>
        <state>IA</state>
        <middleName>ERNEST</middleName>
        <lastName>GRASSLEY</lastName>
        <byRequestType />
      </item>
    </sponsors>
    <createDate>2017-11-08T00:26:14Z</createDate>
    <title>STOP Sexual Harassment Resolution</title>
    <introducedDate>2017-11-07</introducedDate>
    <actions>
      <actionByCounts>
        <senate>2</senate>
      </actionByCounts>
      <actionTypeCounts>
        <introducedInSenate>1</introducedInSenate>
        <referredToCommittee>1</referredToCommittee>
      </actionTypeCounts>
      <item>
        <actionDate>2017-11-07</actionDate>
        <committee>
          <name>Rules and Administration Committee</name>
          <systemCode>ssra00</systemCode>
        </committee>
        <links>
          <link>
            <name>S7065</name>
            <url>https://www.congress.gov/congressional-record/volume-163/senate-section/page/S7065</url>
          </link>
          <link>
            <name>S7065-7066</name>
            <url>https://www.congress.gov/congressional-record/volume-163/senate-section/page/S7065-7066</url>
          </link>
        </links>
        <sourceSystem>
          <name>Senate</name>
          <code>0</code>
        </sourceSystem>
        <text>Referred to the Committee on Rules and Administration. (text of measure as introduced: CR S7065; Sponsor introductory remarks on measure: CR S7065-7066)</text>
        <type>IntroReferral</type>
      </item>
      <item>
        <type>IntroReferral</type>
        <actionDate>2017-11-07</actionDate>
        <sourceSystem>
          <name>Library of Congress</name>
          <code>9</code>
        </sourceSystem>
        <text>Introduced in Senate</text>
        <actionCode>10000</actionCode>
        <links />
        <committee />
      </item>
    </actions>
    <version>1.0.0</version>
    <summaries>
      <billSummaries />
    </summaries>
    <committeeReports />
    <updateDate>2017-11-15T06:11:00Z</updateDate>
    <notes />
    <cosponsors>
      <item>
        <state>CA</state>
        <sponsorshipDate>2017-11-07</sponsorshipDate>
        <isOriginalCosponsor>True</isOriginalCosponsor>
        <fullName>Sen. Feinstein, Dianne [D-CA]</fullName>
        <middleName />
        <lastName>FEINSTEIN</lastName>
        <party>D</party>
        <identifiers>
          <lisID>1332</lisID>
          <gpoId>8338</gpoId>
          <bioguideId>F000062</bioguideId>
        </identifiers>
        <firstName>DIANNE</firstName>
        <bioguideId>F000062</bioguideId>
        <sponsorshipWithdrawnDate />
      </item>
      <item>
        <state>MN</state>
        <sponsorshipDate>2017-11-07</sponsorshipDate>
        <isOriginalCosponsor>True</isOriginalCosponsor>
        <fullName>Sen. Klobuchar, Amy [D-MN]</fullName>
        <middleName />
        <lastName>Klobuchar</lastName>
        <party>D</party>
        <identifiers>
          <gpoId>8249</gpoId>
          <lisID>1826</lisID>
          <bioguideId>K000367</bioguideId>
        </identifiers>
        <firstName>Amy</firstName>
        <bioguideId>K000367</bioguideId>
        <sponsorshipWithdrawnDate />
      </item>
      <item>
        <state>IA</state>
        <sponsorshipDate>2017-11-07</sponsorshipDate>
        <isOriginalCosponsor>True</isOriginalCosponsor>
        <fullName>Sen. Ernst, Joni  [R-IA]</fullName>
        <middleName />
        <lastName>Ernst</lastName>
        <party>R</party>
        <identifiers>
          <lisID>2283</lisID>
          <bioguideId>E000295</bioguideId>
          <gpoId />
        </identifiers>
        <firstName>Joni</firstName>
        <bioguideId>E000295</bioguideId>
        <sponsorshipWithdrawnDate />
      </item>
      <item>
        <state>NY</state>
        <sponsorshipDate>2017-11-07</sponsorshipDate>
        <isOriginalCosponsor>True</isOriginalCosponsor>
        <fullName>Sen. Gillibrand, Kirsten E. [D-NY]</fullName>
        <middleName>E.</middleName>
        <lastName>Gillibrand</lastName>
        <party>D</party>
        <identifiers>
          <lisID>1866</lisID>
          <gpoId>8336</gpoId>
          <bioguideId>G000555</bioguideId>
        </identifiers>
        <firstName>Kirsten</firstName>
        <bioguideId>G000555</bioguideId>
        <sponsorshipWithdrawnDate />
      </item>
      <item>
        <state>WV</state>
        <sponsorshipDate>2017-11-07</sponsorshipDate>
        <isOriginalCosponsor>True</isOriginalCosponsor>
        <fullName>Sen. Capito, Shelley Moore [R-WV]</fullName>
        <middleName>MOORE</middleName>
        <lastName>CAPITO</lastName>
        <party>R</party>
        <identifiers>
          <lisID>1676</lisID>
          <gpoId>8223</gpoId>
          <bioguideId>C001047</bioguideId>
        </identifiers>
        <firstName>SHELLEY</firstName>
        <bioguideId>C001047</bioguideId>
        <sponsorshipWithdrawnDate />
      </item>
      <item>
        <state>WI</state>
        <sponsorshipDate>2017-11-07</sponsorshipDate>
        <isOriginalCosponsor>True</isOriginalCosponsor>
        <fullName>Sen. Johnson, Ron [R-WI]</fullName>
        <middleName />
        <lastName>Johnson</lastName>
        <party>R</party>
        <identifiers>
          <gpoId>8355</gpoId>
          <bioguideId>J000293</bioguideId>
          <lisID>2086</lisID>
        </identifiers>
        <firstName>Ron</firstName>
        <bioguideId>J000293</bioguideId>
        <sponsorshipWithdrawnDate />
      </item>
      <item>
        <state>AK</state>
        <sponsorshipDate>2017-11-07</sponsorshipDate>
        <isOriginalCosponsor>True</isOriginalCosponsor>
        <fullName>Sen. Murkowski, Lisa [R-AK]</fullName>
        <middleName />
        <lastName>Murkowski</lastName>
        <party>R</party>
        <identifiers>
          <gpoId>8234</gpoId>
          <bioguideId>M001153</bioguideId>
          <lisID>1694</lisID>
        </identifiers>
        <firstName>Lisa</firstName>
        <bioguideId>M001153</bioguideId>
        <sponsorshipWithdrawnDate />
      </item>
      <item>
        <state>NJ</state>
        <sponsorshipDate>2017-11-07</sponsorshipDate>
        <isOriginalCosponsor>True</isOriginalCosponsor>
        <fullName>Sen. Booker, Cory A. [D-NJ]</fullName>
        <middleName>A.</middleName>
        <lastName>Booker</lastName>
        <party>D</party>
        <identifiers>
          <lisID>2194</lisID>
          <bioguideId>B001288</bioguideId>
          <gpoId />
        </identifiers>
        <firstName>Cory</firstName>
        <bioguideId>B001288</bioguideId>
        <sponsorshipWithdrawnDate />
      </item>
      <item>
        <state>NV</state>
        <sponsorshipDate>2017-11-08</sponsorshipDate>
        <isOriginalCosponsor>False</isOriginalCosponsor>
        <fullName>Sen. Cortez Masto, Catherine  [D-NV]</fullName>
        <middleName />
        <lastName>Cortez Masto</lastName>
        <party>D</party>
        <identifiers>
          <lisID>2299</lisID>
          <bioguideId>C001113</bioguideId>
          <gpoId />
        </identifiers>
        <firstName>Catherine</firstName>
        <bioguideId>C001113</bioguideId>
        <sponsorshipWithdrawnDate />
      </item>
      <item>
        <state>IL</state>
        <sponsorshipDate>2017-11-08</sponsorshipDate>
        <isOriginalCosponsor>False</isOriginalCosponsor>
        <fullName>Sen. Duckworth, Tammy [D-IL]</fullName>
        <middleName />
        <lastName>Duckworth</lastName>
        <party>D</party>
        <identifiers>
          <bioguideId>D000622</bioguideId>
          <lisID>2123</lisID>
          <gpoId />
        </identifiers>
        <firstName>Tammy</firstName>
        <bioguideId>D000622</bioguideId>
        <sponsorshipWithdrawnDate />
      </item>
      <item>
        <state>IL</state>
        <sponsorshipDate>2017-11-08</sponsorshipDate>
        <isOriginalCosponsor>False</isOriginalCosponsor>
        <fullName>Sen. Durbin, Richard J. [D-IL]</fullName>
        <middleName>J.</middleName>
        <lastName>DURBIN</lastName>
        <party>D</party>
        <identifiers>
          <lisID>326</lisID>
          <bioguideId>D000563</bioguideId>
          <gpoId>8326</gpoId>
        </identifiers>
        <firstName>RICHARD</firstName>
        <bioguideId>D000563</bioguideId>
        <sponsorshipWithdrawnDate />
      </item>
      <item>
        <state>MA</state>
        <sponsorshipDate>2017-11-14</sponsorshipDate>
        <isOriginalCosponsor>False</isOriginalCosponsor>
        <fullName>Sen. Warren, Elizabeth [D-MA]</fullName>
        <middleName>A.</middleName>
        <lastName>Warren</lastName>
        <party>D</party>
        <identifiers>
          <bioguideId>W000817</bioguideId>
          <lisID>2182</lisID>
          <gpoId />
        </identifiers>
        <firstName>Elizabeth</firstName>
        <bioguideId>W000817</bioguideId>
        <sponsorshipWithdrawnDate />
      </item>
    </cosponsors>
    <laws />
    <amendments />
    <latestAction>
      <actionDate>2017-11-07</actionDate>
      <text>Referred to the Committee on Rules and Administration. (text of measure as introduced: CR S7065; Sponsor introductory remarks on measure: CR S7065-7066)</text>
      <links />
    </latestAction>
    <relatedBills />
    <billType>SRES</billType>
    <billNumber>323</billNumber>
    <recordedVotes />
    <calendarNumbers />
    <congress>115</congress>
  </bill>
  <dublinCore xmlns:dc="http://purl.org/dc/elements/1.1/">
    <dc:format>text/xml</dc:format>
    <dc:language>EN</dc:language>
    <dc:rights>Pursuant to Title 17 Section 105 of the United States Code, this file is not subject to copyright protection and is in the public domain.</dc:rights>
    <dc:contributor>Congressional Research Service, Library of Congress</dc:contributor>
    <dc:description>This file contains bill summaries and statuses for federal legislation. A bill summary describes the most significant provisions of a piece of legislation and details the effects the legislative text may have on current law and federal programs. Bill summaries are authored by the Congressional Research Service (CRS) of the Library of Congress. As stated in Public Law 91-510 (2 USC 166 (d)(6)), one of the duties of CRS is "to prepare summaries and digests of bills and resolutions of a public general nature introduced in the Senate or House of Representatives". For more information, refer to the User Guide that accompanies this file.</dc:description>
  </dublinCore>
</billStatus>

