<?xml version="1.0" encoding="UTF-8"?>
<billStatus>
  <bill>
    <laws />
    <createDate>2017-01-11T05:09:44Z</createDate>
    <billType>SRES</billType>
    <cboCostEstimates />
    <notes />
    <updateDate>2018-02-22T15:29:17Z</updateDate>
    <committees>
      <billCommittees>
        <item>
          <subcommittees />
          <type>Standing</type>
          <name>Foreign Relations Committee</name>
          <activities>
            <item>
              <name>Discharged from</name>
              <date>2017-03-15T21:31:52Z</date>
            </item>
            <item>
              <name>Referred to</name>
              <date>2017-01-10T17:56:39Z</date>
            </item>
          </activities>
          <chamber>Senate</chamber>
          <systemCode>ssfr00</systemCode>
        </item>
      </billCommittees>
    </committees>
    <summaries>
      <billSummaries>
        <item>
          <text><![CDATA[<p>Honors the life, leadership, and 70-year reign of His Majesty King Bhumibol Adulyadej of Thailand. </p> <p>Celebrates the alliance and friendship between Thailand and the United States that reflects common interests, a 183-year diplomatic history, and a multifaceted partnership that has contributed to peace, stability, and prosperity in the Asia-Pacific region. </p> <p>Congratulates His Majesty King Maha Vajiralongkorn on his accession to the throne.</p> <p>]]></text>
          <versionCode>00</versionCode>
          <updateDate>2017-01-10T05:00:00Z</updateDate>
          <actionDate>2017-01-10</actionDate>
          <actionDesc>Introduced in Senate</actionDesc>
          <name>Introduced in Senate</name>
          <lastSummaryUpdateDate>2017-03-16T18:37:54Z</lastSummaryUpdateDate>
        </item>
        <item>
          <text><![CDATA[<p>(This measure has not been amended since it was introduced. The summary of that version is repeated here.)</p> <p>Honors the life, leadership, and 70-year reign of His Majesty King Bhumibol Adulyadej of Thailand. </p> <p>Celebrates the alliance and friendship between Thailand and the United States that reflects common interests, a 183-year diplomatic history, and a multifaceted partnership that has contributed to peace, stability, and prosperity in the Asia-Pacific region. </p> <p>Congratulates His Majesty King Maha Vajiralongkorn on his accession to the throne.</p> <p>]]></text>
          <versionCode>82</versionCode>
          <updateDate>2017-03-15T13:20:34Z</updateDate>
          <actionDate>2017-03-15</actionDate>
          <actionDesc>Passed Senate without amendment</actionDesc>
          <name>Passed Senate without amendment</name>
          <lastSummaryUpdateDate>2017-03-18T15:13:48Z</lastSummaryUpdateDate>
        </item>
      </billSummaries>
    </summaries>
    <calendarNumbers />
    <originChamber>Senate</originChamber>
    <titles>
      <item>
        <titleType>Official Title as Introduced</titleType>
        <chamberName />
        <title>A resolution honoring in praise and remembrance the extraordinary life, steady leadership, and remarkable, 70-year reign of King Bhumibol Adulyadej of Thailand.</title>
        <chamberCode />
        <parentTitleType />
      </item>
      <item>
        <titleType>Display Title</titleType>
        <chamberName />
        <title>A resolution honoring in praise and remembrance the extraordinary life, steady leadership, and remarkable, 70-year reign of King Bhumibol Adulyadej of Thailand.</title>
        <chamberCode />
        <parentTitleType />
      </item>
    </titles>
    <version>1.0.0</version>
    <committeeReports />
    <actions>
      <item>
        <actionDate>2017-03-15</actionDate>
        <committee />
        <links />
        <sourceSystem>
          <code>0</code>
          <name>Senate</name>
        </sourceSystem>
        <text>Resolution agreed to in Senate without amendment and with a preamble by Unanimous Consent.</text>
        <type>Floor</type>
      </item>
      <item>
        <text>Passed/agreed to in Senate: Resolution agreed to in Senate without amendment and with a preamble by Unanimous Consent.</text>
        <actionCode>17000</actionCode>
        <committee />
        <actionDate>2017-03-15</actionDate>
        <type>Floor</type>
        <sourceSystem>
          <code>9</code>
          <name>Library of Congress</name>
        </sourceSystem>
        <links />
      </item>
      <item>
        <actionDate>2017-03-15</actionDate>
        <committee>
          <systemCode>ssfr00</systemCode>
          <name>Foreign Relations Committee</name>
        </committee>
        <links>
          <link>
            <name>S1849</name>
            <url>https://www.congress.gov/congressional-record/volume-163/senate-section/page/S1849</url>
          </link>
        </links>
        <sourceSystem>
          <code>0</code>
          <name>Senate</name>
        </sourceSystem>
        <text>Senate Committee on Foreign Relations discharged by Unanimous Consent. (consideration: CR S1849)</text>
        <type>Discharge</type>
      </item>
      <item>
        <text>Senate Committee on Foreign Relations discharged by Unanimous Consent.(consideration: CR S1849)</text>
        <actionCode>14500</actionCode>
        <committee>
          <systemCode>ssfr00</systemCode>
          <name>Foreign Relations Committee</name>
        </committee>
        <actionDate>2017-03-15</actionDate>
        <type>Committee</type>
        <sourceSystem>
          <code>9</code>
          <name>Library of Congress</name>
        </sourceSystem>
        <links>
          <link>
            <name>S1849</name>
            <url>https://www.congress.gov/congressional-record/volume-163/senate-section/page/S1849</url>
          </link>
        </links>
      </item>
      <item>
        <actionDate>2017-01-10</actionDate>
        <committee>
          <systemCode>ssfr00</systemCode>
          <name>Foreign Relations Committee</name>
        </committee>
        <links>
          <link>
            <name>S208</name>
            <url>https://www.congress.gov/congressional-record/volume-163/senate-section/page/S208</url>
          </link>
        </links>
        <sourceSystem>
          <code>0</code>
          <name>Senate</name>
        </sourceSystem>
        <text>Referred to the Committee on Foreign Relations. (text of measure as introduced: CR S208)</text>
        <type>IntroReferral</type>
      </item>
      <item>
        <text>Introduced in Senate</text>
        <actionCode>10000</actionCode>
        <committee />
        <actionDate>2017-01-10</actionDate>
        <type>IntroReferral</type>
        <sourceSystem>
          <code>9</code>
          <name>Library of Congress</name>
        </sourceSystem>
        <links />
      </item>
      <actionByCounts>
        <senate>6</senate>
      </actionByCounts>
      <actionTypeCounts>
        <senateCommitteeDischarged>1</senateCommitteeDischarged>
        <referredToCommittee>1</referredToCommittee>
        <agreedToInSenate>1</agreedToInSenate>
        <passedAgreedToInSenate>1</passedAgreedToInSenate>
        <committeeDischarged>1</committeeDischarged>
        <introducedInSenate>1</introducedInSenate>
      </actionTypeCounts>
    </actions>
    <policyArea>
      <name>International Affairs</name>
    </policyArea>
    <latestAction>
      <actionDate>2017-03-15</actionDate>
      <text>Resolution agreed to in Senate without amendment and with a preamble by Unanimous Consent.</text>
      <links />
    </latestAction>
    <congress>115</congress>
    <billNumber>9</billNumber>
    <amendments />
    <recordedVotes />
    <cosponsors>
      <item>
        <fullName>Sen. Roberts, Pat [R-KS]</fullName>
        <isOriginalCosponsor>True</isOriginalCosponsor>
        <bioguideId>R000307</bioguideId>
        <middleName />
        <lastName>ROBERTS</lastName>
        <identifiers>
          <bioguideId>R000307</bioguideId>
          <gpoId>8275</gpoId>
          <lisID>968</lisID>
        </identifiers>
        <firstName>PAT</firstName>
        <sponsorshipDate>2017-01-10</sponsorshipDate>
        <state>KS</state>
        <sponsorshipWithdrawnDate />
        <party>R</party>
      </item>
      <item>
        <fullName>Sen. Whitehouse, Sheldon [D-RI]</fullName>
        <isOriginalCosponsor>True</isOriginalCosponsor>
        <bioguideId>W000802</bioguideId>
        <middleName />
        <lastName>Whitehouse</lastName>
        <identifiers>
          <bioguideId>W000802</bioguideId>
          <gpoId>8264</gpoId>
          <lisID>1823</lisID>
        </identifiers>
        <firstName>Sheldon</firstName>
        <sponsorshipDate>2017-01-10</sponsorshipDate>
        <state>RI</state>
        <sponsorshipWithdrawnDate />
        <party>D</party>
      </item>
      <item>
        <fullName>Sen. Cotton, Tom [R-AR]</fullName>
        <isOriginalCosponsor>True</isOriginalCosponsor>
        <bioguideId>C001095</bioguideId>
        <middleName />
        <lastName>Cotton</lastName>
        <identifiers>
          <bioguideId>C001095</bioguideId>
          <lisID>2098</lisID>
          <gpoId />
        </identifiers>
        <firstName>Tom</firstName>
        <sponsorshipDate>2017-01-10</sponsorshipDate>
        <state>AR</state>
        <sponsorshipWithdrawnDate />
        <party>R</party>
      </item>
      <item>
        <fullName>Sen. Duckworth, Tammy [D-IL]</fullName>
        <isOriginalCosponsor>True</isOriginalCosponsor>
        <bioguideId>D000622</bioguideId>
        <middleName />
        <lastName>Duckworth</lastName>
        <identifiers>
          <gpoId />
          <bioguideId>D000622</bioguideId>
          <lisID>2123</lisID>
        </identifiers>
        <firstName>Tammy</firstName>
        <sponsorshipDate>2017-01-10</sponsorshipDate>
        <state>IL</state>
        <sponsorshipWithdrawnDate />
        <party>D</party>
      </item>
      <item>
        <fullName>Sen. Flake, Jeff [R-AZ]</fullName>
        <isOriginalCosponsor>True</isOriginalCosponsor>
        <bioguideId>F000444</bioguideId>
        <middleName />
        <lastName>FLAKE</lastName>
        <identifiers>
          <bioguideId>F000444</bioguideId>
          <lisID>1633</lisID>
          <gpoId>7803</gpoId>
        </identifiers>
        <firstName>JEFF</firstName>
        <sponsorshipDate>2017-01-10</sponsorshipDate>
        <state>AZ</state>
        <sponsorshipWithdrawnDate />
        <party>R</party>
      </item>
      <item>
        <fullName>Sen. Gardner, Cory [R-CO]</fullName>
        <isOriginalCosponsor>True</isOriginalCosponsor>
        <bioguideId>G000562</bioguideId>
        <middleName />
        <lastName>Gardner</lastName>
        <identifiers>
          <bioguideId>G000562</bioguideId>
          <gpoId>7862</gpoId>
          <lisID>1998</lisID>
        </identifiers>
        <firstName>Cory</firstName>
        <sponsorshipDate>2017-01-10</sponsorshipDate>
        <state>CO</state>
        <sponsorshipWithdrawnDate />
        <party>R</party>
      </item>
      <item>
        <fullName>Sen. McCain, John [R-AZ]</fullName>
        <isOriginalCosponsor>False</isOriginalCosponsor>
        <bioguideId>M000303</bioguideId>
        <middleName>SIDNEY</middleName>
        <lastName>MCCAIN</lastName>
        <identifiers>
          <lisID>754</lisID>
          <gpoId>8253</gpoId>
          <bioguideId>M000303</bioguideId>
        </identifiers>
        <firstName>JOHN</firstName>
        <sponsorshipDate>2017-01-17</sponsorshipDate>
        <state>AZ</state>
        <sponsorshipWithdrawnDate />
        <party>R</party>
      </item>
      <item>
        <fullName>Sen. Reed, Jack [D-RI]</fullName>
        <isOriginalCosponsor>False</isOriginalCosponsor>
        <bioguideId>R000122</bioguideId>
        <middleName>F.</middleName>
        <lastName>REED</lastName>
        <identifiers>
          <bioguideId>R000122</bioguideId>
          <gpoId>8272</gpoId>
          <lisID>949</lisID>
        </identifiers>
        <firstName>JOHN</firstName>
        <sponsorshipDate>2017-01-24</sponsorshipDate>
        <state>RI</state>
        <sponsorshipWithdrawnDate />
        <party>D</party>
      </item>
    </cosponsors>
    <subjects>
      <billSubjects>
        <legislativeSubjects>
          <item>
            <name>Alliances</name>
          </item>
          <item>
            <name>Asia</name>
          </item>
          <item>
            <name>Congressional tributes</name>
          </item>
          <item>
            <name>Diplomacy, foreign officials, Americans abroad</name>
          </item>
          <item>
            <name>Thailand</name>
          </item>
          <item>
            <name>U.S. history</name>
          </item>
        </legislativeSubjects>
        <policyArea>
          <name>International Affairs</name>
        </policyArea>
      </billSubjects>
    </subjects>
    <title>A resolution honoring in praise and remembrance the extraordinary life, steady leadership, and remarkable, 70-year reign of King Bhumibol Adulyadej of Thailand.</title>
    <introducedDate>2017-01-10</introducedDate>
    <sponsors>
      <item>
        <byRequestType />
        <lastName>HATCH</lastName>
        <firstName>ORRIN</firstName>
        <fullName>Sen. Hatch, Orrin G. [R-UT]</fullName>
        <bioguideId>H000338</bioguideId>
        <middleName>GRANT</middleName>
        <identifiers>
          <bioguideId>H000338</bioguideId>
          <lisID>1351</lisID>
          <gpoId>8314</gpoId>
        </identifiers>
        <state>UT</state>
        <party>R</party>
      </item>
    </sponsors>
    <relatedBills />
  </bill>
  <dublinCore xmlns:dc="http://purl.org/dc/elements/1.1/">
    <dc:format>text/xml</dc:format>
    <dc:language>EN</dc:language>
    <dc:rights>Pursuant to Title 17 Section 105 of the United States Code, this file is not subject to copyright protection and is in the public domain.</dc:rights>
    <dc:contributor>Congressional Research Service, Library of Congress</dc:contributor>
    <dc:description>This file contains bill summaries and statuses for federal legislation. A bill summary describes the most significant provisions of a piece of legislation and details the effects the legislative text may have on current law and federal programs. Bill summaries are authored by the Congressional Research Service (CRS) of the Library of Congress. As stated in Public Law 91-510 (2 USC 166 (d)(6)), one of the duties of CRS is "to prepare summaries and digests of bills and resolutions of a public general nature introduced in the Senate or House of Representatives". For more information, refer to the User Guide that accompanies this file.</dc:description>
  </dublinCore>
</billStatus>

