<?xml version="1.0" encoding="UTF-8"?>
<billStatus>
  <bill>
    <calendarNumbers />
    <congress>115</congress>
    <titles>
      <item>
        <chamberCode />
        <titleType>Official Title as Introduced</titleType>
        <parentTitleType />
        <chamberName />
        <title>A resolution designating April 2017 as "Financial Literacy Month".</title>
      </item>
      <item>
        <chamberCode />
        <titleType>Display Title</titleType>
        <parentTitleType />
        <chamberName />
        <title>A resolution designating April 2017 as "Financial Literacy Month".</title>
      </item>
    </titles>
    <introducedDate>2017-04-27</introducedDate>
    <latestAction>
      <actionDate>2017-04-27</actionDate>
      <text>Submitted in the Senate, considered, and agreed to without amendment and with a preamble by Unanimous Consent. (consideration: CR S2631; text of measure as introduced: CR S2627-2628)</text>
      <links />
    </latestAction>
    <title>A resolution designating April 2017 as "Financial Literacy Month".</title>
    <subjects>
      <billSubjects>
        <legislativeSubjects>
          <item>
            <name>Commemorative events and holidays</name>
          </item>
          <item>
            <name>Financial literacy</name>
          </item>
        </legislativeSubjects>
        <policyArea>
          <name>Finance and Financial Sector</name>
        </policyArea>
      </billSubjects>
    </subjects>
    <relatedBills>
      <item>
        <congress>115</congress>
        <number>243</number>
        <type>HRES</type>
        <relationshipDetails>
          <item>
            <type>Related bill</type>
            <identifiedBy>CRS</identifiedBy>
          </item>
        </relationshipDetails>
        <latestTitle>Supporting the goals and ideals of "Financial Literacy Month".</latestTitle>
        <latestAction>
          <text>Referred to the House Committee on Oversight and Government Reform.</text>
          <actionDate>2017-04-03</actionDate>
        </latestAction>
      </item>
    </relatedBills>
    <updateDate>2018-02-06T16:44:05Z</updateDate>
    <committeeReports />
    <notes />
    <recordedVotes />
    <amendments />
    <createDate>2017-04-28T00:41:40Z</createDate>
    <committees>
      <billCommittees />
    </committees>
    <cboCostEstimates />
    <billNumber>145</billNumber>
    <policyArea>
      <name>Finance and Financial Sector</name>
    </policyArea>
    <version>1.0.0</version>
    <billType>SRES</billType>
    <originChamber>Senate</originChamber>
    <actions>
      <actionByCounts>
        <senate>3</senate>
      </actionByCounts>
      <actionTypeCounts>
        <passedAgreedToInSenate>1</passedAgreedToInSenate>
        <introducedInSenate>1</introducedInSenate>
        <passedOrAgreedToInSenateDayOf>1</passedOrAgreedToInSenateDayOf>
      </actionTypeCounts>
      <item>
        <actionDate>2017-04-27</actionDate>
        <committee />
        <links>
          <link>
            <name>S2627-2628</name>
            <url>https://www.congress.gov/congressional-record/volume-163/senate-section/page/S2627-2628</url>
          </link>
          <link>
            <name>S2631</name>
            <url>https://www.congress.gov/congressional-record/volume-163/senate-section/page/S2631</url>
          </link>
        </links>
        <sourceSystem>
          <name>Senate</name>
          <code>0</code>
        </sourceSystem>
        <text>Submitted in the Senate, considered, and agreed to without amendment and with a preamble by Unanimous Consent. (consideration: CR S2631; text of measure as introduced: CR S2627-2628)</text>
        <type>Floor</type>
      </item>
      <item>
        <sourceSystem>
          <name>Library of Congress</name>
          <code>9</code>
        </sourceSystem>
        <actionDate>2017-04-27</actionDate>
        <text>Passed/agreed to in Senate: Submitted in the Senate, considered, and agreed to without amendment and with a preamble by Unanimous Consent.(consideration: CR S2631; text of measure as introduced: CR S2627-2628)</text>
        <type>Floor</type>
        <links>
          <link>
            <name>S2627-2628</name>
            <url>https://www.congress.gov/congressional-record/volume-163/senate-section/page/S2627-2628</url>
          </link>
          <link>
            <name>S2631</name>
            <url>https://www.congress.gov/congressional-record/volume-163/senate-section/page/S2631</url>
          </link>
        </links>
        <committee />
        <actionCode>17000</actionCode>
      </item>
      <item>
        <sourceSystem>
          <name>Library of Congress</name>
          <code>9</code>
        </sourceSystem>
        <actionDate>2017-04-27</actionDate>
        <text>Introduced in Senate</text>
        <type>IntroReferral</type>
        <links />
        <committee />
        <actionCode>10000</actionCode>
      </item>
    </actions>
    <sponsors>
      <item>
        <bioguideId>R000122</bioguideId>
        <party>D</party>
        <firstName>JOHN</firstName>
        <middleName>F.</middleName>
        <byRequestType />
        <fullName>Sen. Reed, Jack [D-RI]</fullName>
        <identifiers>
          <lisID>949</lisID>
          <bioguideId>R000122</bioguideId>
          <gpoId>8272</gpoId>
        </identifiers>
        <lastName>REED</lastName>
        <state>RI</state>
      </item>
    </sponsors>
    <summaries>
      <billSummaries>
        <item>
          <updateDate>2017-04-27T04:00:00Z</updateDate>
          <lastSummaryUpdateDate>2017-08-04T19:41:22Z</lastSummaryUpdateDate>
          <actionDate>2017-04-27</actionDate>
          <name>Introduced in Senate</name>
          <actionDesc>Introduced in Senate</actionDesc>
          <versionCode>00</versionCode>
          <text><![CDATA[<p>Designates April 2017 as Financial Literacy Month.</p>]]></text>
        </item>
        <item>
          <updateDate>2017-04-27T12:04:18Z</updateDate>
          <lastSummaryUpdateDate>2017-07-14T16:01:20Z</lastSummaryUpdateDate>
          <actionDate>2017-04-27</actionDate>
          <name>Passed Senate without amendment</name>
          <actionDesc>Passed Senate without amendment</actionDesc>
          <versionCode>82</versionCode>
          <text><![CDATA[<p>(This measure has not been amended since it was introduced. The summary of that version is repeated here.)</p> <p>Designates April 2017 as Financial Literacy Month.</p>]]></text>
        </item>
      </billSummaries>
    </summaries>
    <laws />
    <cosponsors>
      <item>
        <bioguideId>D000607</bioguideId>
        <sponsorshipDate>2017-04-27</sponsorshipDate>
        <isOriginalCosponsor>True</isOriginalCosponsor>
        <middleName />
        <sponsorshipWithdrawnDate />
        <firstName>Joe</firstName>
        <lastName>Donnelly</lastName>
        <state>IN</state>
        <party>D</party>
        <identifiers>
          <bioguideId>D000607</bioguideId>
          <lisID>1850</lisID>
          <gpoId>7941</gpoId>
        </identifiers>
        <fullName>Sen. Donnelly, Joe [D-IN]</fullName>
      </item>
      <item>
        <bioguideId>S001184</bioguideId>
        <sponsorshipDate>2017-04-27</sponsorshipDate>
        <isOriginalCosponsor>True</isOriginalCosponsor>
        <middleName />
        <sponsorshipWithdrawnDate />
        <firstName>Tim</firstName>
        <lastName>Scott</lastName>
        <state>SC</state>
        <party>R</party>
        <identifiers>
          <gpoId>8141</gpoId>
          <bioguideId>S001184</bioguideId>
          <lisID>2056</lisID>
        </identifiers>
        <fullName>Sen. Scott, Tim [R-SC]</fullName>
      </item>
      <item>
        <bioguideId>C000174</bioguideId>
        <sponsorshipDate>2017-04-27</sponsorshipDate>
        <isOriginalCosponsor>True</isOriginalCosponsor>
        <middleName>R.</middleName>
        <sponsorshipWithdrawnDate />
        <firstName>THOMAS</firstName>
        <lastName>CARPER</lastName>
        <state>DE</state>
        <party>D</party>
        <identifiers>
          <lisID>179</lisID>
          <gpoId>8283</gpoId>
          <bioguideId>C000174</bioguideId>
        </identifiers>
        <fullName>Sen. Carper, Thomas R. [D-DE]</fullName>
      </item>
      <item>
        <bioguideId>W000437</bioguideId>
        <sponsorshipDate>2017-04-27</sponsorshipDate>
        <isOriginalCosponsor>True</isOriginalCosponsor>
        <middleName>F.</middleName>
        <sponsorshipWithdrawnDate />
        <firstName>ROGER</firstName>
        <lastName>WICKER</lastName>
        <state>MS</state>
        <party>R</party>
        <identifiers>
          <lisID>1226</lisID>
          <gpoId>8263</gpoId>
          <bioguideId>W000437</bioguideId>
        </identifiers>
        <fullName>Sen. Wicker, Roger F. [R-MS]</fullName>
      </item>
      <item>
        <bioguideId>W000802</bioguideId>
        <sponsorshipDate>2017-04-27</sponsorshipDate>
        <isOriginalCosponsor>True</isOriginalCosponsor>
        <middleName />
        <sponsorshipWithdrawnDate />
        <firstName>Sheldon</firstName>
        <lastName>Whitehouse</lastName>
        <state>RI</state>
        <party>D</party>
        <identifiers>
          <gpoId>8264</gpoId>
          <bioguideId>W000802</bioguideId>
          <lisID>1823</lisID>
        </identifiers>
        <fullName>Sen. Whitehouse, Sheldon [D-RI]</fullName>
      </item>
      <item>
        <bioguideId>C001088</bioguideId>
        <sponsorshipDate>2017-04-27</sponsorshipDate>
        <isOriginalCosponsor>True</isOriginalCosponsor>
        <middleName>A.</middleName>
        <sponsorshipWithdrawnDate />
        <firstName>Christopher</firstName>
        <lastName>Coons</lastName>
        <state>DE</state>
        <party>D</party>
        <identifiers>
          <lisID>1984</lisID>
          <bioguideId>C001088</bioguideId>
          <gpoId>8297</gpoId>
        </identifiers>
        <fullName>Sen. Coons, Christopher A. [D-DE]</fullName>
      </item>
      <item>
        <bioguideId>M001111</bioguideId>
        <sponsorshipDate>2017-04-27</sponsorshipDate>
        <isOriginalCosponsor>True</isOriginalCosponsor>
        <middleName />
        <sponsorshipWithdrawnDate />
        <firstName>PATTY</firstName>
        <lastName>MURRAY</lastName>
        <state>WA</state>
        <party>D</party>
        <identifiers>
          <bioguideId>M001111</bioguideId>
          <gpoId>8237</gpoId>
          <lisID>1409</lisID>
        </identifiers>
        <fullName>Sen. Murray, Patty [D-WA]</fullName>
      </item>
      <item>
        <bioguideId>S001194</bioguideId>
        <sponsorshipDate>2017-04-27</sponsorshipDate>
        <isOriginalCosponsor>True</isOriginalCosponsor>
        <middleName />
        <sponsorshipWithdrawnDate />
        <firstName>Brian</firstName>
        <lastName>Schatz</lastName>
        <state>HI</state>
        <party>D</party>
        <identifiers>
          <bioguideId>S001194</bioguideId>
          <lisID>2173</lisID>
          <gpoId />
        </identifiers>
        <fullName>Sen. Schatz, Brian [D-HI]</fullName>
      </item>
      <item>
        <bioguideId>Y000064</bioguideId>
        <sponsorshipDate>2017-04-27</sponsorshipDate>
        <isOriginalCosponsor>True</isOriginalCosponsor>
        <middleName>C.</middleName>
        <sponsorshipWithdrawnDate />
        <firstName>Todd</firstName>
        <lastName>Young</lastName>
        <state>IN</state>
        <party>R</party>
        <identifiers>
          <bioguideId>Y000064</bioguideId>
          <lisID>2019</lisID>
          <gpoId>7948</gpoId>
        </identifiers>
        <fullName>Sen. Young, Todd C. [R-IN]</fullName>
      </item>
      <item>
        <bioguideId>R000605</bioguideId>
        <sponsorshipDate>2017-04-27</sponsorshipDate>
        <isOriginalCosponsor>True</isOriginalCosponsor>
        <middleName />
        <sponsorshipWithdrawnDate />
        <firstName>Mike</firstName>
        <lastName>Rounds</lastName>
        <state>SD</state>
        <party>R</party>
        <identifiers>
          <lisID>2288</lisID>
          <bioguideId>R000605</bioguideId>
          <gpoId />
        </identifiers>
        <fullName>Sen. Rounds, Mike  [R-SD]</fullName>
      </item>
      <item>
        <bioguideId>T000476</bioguideId>
        <sponsorshipDate>2017-04-27</sponsorshipDate>
        <isOriginalCosponsor>True</isOriginalCosponsor>
        <middleName>Roland</middleName>
        <sponsorshipWithdrawnDate />
        <firstName>Thomas</firstName>
        <lastName>Tillis</lastName>
        <state>NC</state>
        <party>R</party>
        <identifiers>
          <lisID>2291</lisID>
          <bioguideId>T000476</bioguideId>
          <gpoId />
        </identifiers>
        <fullName>Sen. Tillis, Thom [R-NC]</fullName>
      </item>
      <item>
        <bioguideId>M001183</bioguideId>
        <sponsorshipDate>2017-04-27</sponsorshipDate>
        <isOriginalCosponsor>True</isOriginalCosponsor>
        <middleName />
        <sponsorshipWithdrawnDate />
        <firstName>Joe</firstName>
        <lastName>Manchin</lastName>
        <state>WV</state>
        <party>D</party>
        <identifiers>
          <lisID>1983</lisID>
          <bioguideId>M001183</bioguideId>
          <gpoId>8256</gpoId>
        </identifiers>
        <fullName>Sen. Manchin, Joe, III [D-WV]</fullName>
      </item>
      <item>
        <bioguideId>K000393</bioguideId>
        <sponsorshipDate>2017-04-27</sponsorshipDate>
        <isOriginalCosponsor>True</isOriginalCosponsor>
        <middleName>Neely</middleName>
        <sponsorshipWithdrawnDate />
        <firstName>John</firstName>
        <lastName>Kennedy</lastName>
        <state>LA</state>
        <party>R</party>
        <identifiers>
          <bioguideId>K000393</bioguideId>
          <gpoId />
          <lisID>2303</lisID>
        </identifiers>
        <fullName>Sen. Kennedy, John [R-LA]</fullName>
      </item>
      <item>
        <bioguideId>P000595</bioguideId>
        <sponsorshipDate>2017-04-27</sponsorshipDate>
        <isOriginalCosponsor>True</isOriginalCosponsor>
        <middleName>C.</middleName>
        <sponsorshipWithdrawnDate />
        <firstName>Gary</firstName>
        <lastName>Peters</lastName>
        <state>MI</state>
        <party>D</party>
        <identifiers>
          <lisID>1929</lisID>
          <bioguideId>P000595</bioguideId>
          <gpoId>7994</gpoId>
        </identifiers>
        <fullName>Sen. Peters, Gary C. [D-MI]</fullName>
      </item>
      <item>
        <bioguideId>C000141</bioguideId>
        <sponsorshipDate>2017-04-27</sponsorshipDate>
        <isOriginalCosponsor>True</isOriginalCosponsor>
        <middleName>L.</middleName>
        <sponsorshipWithdrawnDate />
        <firstName>BENJAMIN</firstName>
        <lastName>CARDIN</lastName>
        <state>MD</state>
        <party>D</party>
        <identifiers>
          <gpoId>8287</gpoId>
          <lisID>174</lisID>
          <bioguideId>C000141</bioguideId>
        </identifiers>
        <fullName>Sen. Cardin, Benjamin L. [D-MD]</fullName>
      </item>
      <item>
        <bioguideId>F000062</bioguideId>
        <sponsorshipDate>2017-04-27</sponsorshipDate>
        <isOriginalCosponsor>True</isOriginalCosponsor>
        <middleName />
        <sponsorshipWithdrawnDate />
        <firstName>DIANNE</firstName>
        <lastName>FEINSTEIN</lastName>
        <state>CA</state>
        <party>D</party>
        <identifiers>
          <gpoId>8338</gpoId>
          <bioguideId>F000062</bioguideId>
          <lisID>1332</lisID>
        </identifiers>
        <fullName>Sen. Feinstein, Dianne [D-CA]</fullName>
      </item>
      <item>
        <bioguideId>G000359</bioguideId>
        <sponsorshipDate>2017-04-27</sponsorshipDate>
        <isOriginalCosponsor>True</isOriginalCosponsor>
        <middleName>O.</middleName>
        <sponsorshipWithdrawnDate />
        <firstName>LINDSEY</firstName>
        <lastName>GRAHAM</lastName>
        <state>SC</state>
        <party>R</party>
        <identifiers>
          <gpoId>8335</gpoId>
          <lisID>452</lisID>
          <bioguideId>G000359</bioguideId>
        </identifiers>
        <fullName>Sen. Graham, Lindsey [R-SC]</fullName>
      </item>
      <item>
        <bioguideId>D000563</bioguideId>
        <sponsorshipDate>2017-04-27</sponsorshipDate>
        <isOriginalCosponsor>True</isOriginalCosponsor>
        <middleName>J.</middleName>
        <sponsorshipWithdrawnDate />
        <firstName>RICHARD</firstName>
        <lastName>DURBIN</lastName>
        <state>IL</state>
        <party>D</party>
        <identifiers>
          <lisID>326</lisID>
          <gpoId>8326</gpoId>
          <bioguideId>D000563</bioguideId>
        </identifiers>
        <fullName>Sen. Durbin, Richard J. [D-IL]</fullName>
      </item>
      <item>
        <bioguideId>M000639</bioguideId>
        <sponsorshipDate>2017-04-27</sponsorshipDate>
        <isOriginalCosponsor>True</isOriginalCosponsor>
        <middleName />
        <sponsorshipWithdrawnDate />
        <firstName>ROBERT</firstName>
        <lastName>MENENDEZ</lastName>
        <state>NJ</state>
        <party>D</party>
        <identifiers>
          <lisID>791</lisID>
          <gpoId>8239</gpoId>
          <bioguideId>M000639</bioguideId>
        </identifiers>
        <fullName>Sen. Menendez, Robert [D-NJ]</fullName>
      </item>
      <item>
        <bioguideId>K000367</bioguideId>
        <sponsorshipDate>2017-04-27</sponsorshipDate>
        <isOriginalCosponsor>True</isOriginalCosponsor>
        <middleName />
        <sponsorshipWithdrawnDate />
        <firstName>Amy</firstName>
        <lastName>Klobuchar</lastName>
        <state>MN</state>
        <party>D</party>
        <identifiers>
          <lisID>1826</lisID>
          <gpoId>8249</gpoId>
          <bioguideId>K000367</bioguideId>
        </identifiers>
        <fullName>Sen. Klobuchar, Amy [D-MN]</fullName>
      </item>
      <item>
        <bioguideId>F000457</bioguideId>
        <sponsorshipDate>2017-04-27</sponsorshipDate>
        <isOriginalCosponsor>True</isOriginalCosponsor>
        <middleName />
        <sponsorshipWithdrawnDate />
        <firstName>Al</firstName>
        <lastName>Franken</lastName>
        <state>MN</state>
        <party>D</party>
        <identifiers>
          <gpoId>8339</gpoId>
          <lisID>1969</lisID>
          <bioguideId>F000457</bioguideId>
        </identifiers>
        <fullName>Sen. Franken, Al [D-MN]</fullName>
      </item>
      <item>
        <bioguideId>B001288</bioguideId>
        <sponsorshipDate>2017-04-27</sponsorshipDate>
        <isOriginalCosponsor>True</isOriginalCosponsor>
        <middleName>A.</middleName>
        <sponsorshipWithdrawnDate />
        <firstName>Cory</firstName>
        <lastName>Booker</lastName>
        <state>NJ</state>
        <party>D</party>
        <identifiers>
          <gpoId />
          <lisID>2194</lisID>
          <bioguideId>B001288</bioguideId>
        </identifiers>
        <fullName>Sen. Booker, Cory A. [D-NJ]</fullName>
      </item>
    </cosponsors>
  </bill>
  <dublinCore xmlns:dc="http://purl.org/dc/elements/1.1/">
    <dc:format>text/xml</dc:format>
    <dc:language>EN</dc:language>
    <dc:rights>Pursuant to Title 17 Section 105 of the United States Code, this file is not subject to copyright protection and is in the public domain.</dc:rights>
    <dc:contributor>Congressional Research Service, Library of Congress</dc:contributor>
    <dc:description>This file contains bill summaries and statuses for federal legislation. A bill summary describes the most significant provisions of a piece of legislation and details the effects the legislative text may have on current law and federal programs. Bill summaries are authored by the Congressional Research Service (CRS) of the Library of Congress. As stated in Public Law 91-510 (2 USC 166 (d)(6)), one of the duties of CRS is "to prepare summaries and digests of bills and resolutions of a public general nature introduced in the Senate or House of Representatives". For more information, refer to the User Guide that accompanies this file.</dc:description>
  </dublinCore>
</billStatus>

