<?xml version="1.0" encoding="UTF-8"?>
<billStatus>
  <bill>
    <calendarNumbers />
    <congress>115</congress>
    <titles>
      <item>
        <parentTitleType />
        <chamberCode />
        <chamberName />
        <titleType>Official Title as Introduced</titleType>
        <title>A resolution expressing the sense of the Senate regarding the 102nd anniversary of the Armenian Genocide.</title>
      </item>
      <item>
        <parentTitleType />
        <chamberCode />
        <chamberName />
        <titleType>Display Title</titleType>
        <title>A resolution expressing the sense of the Senate regarding the 102nd anniversary of the Armenian Genocide.</title>
      </item>
    </titles>
    <introducedDate>2017-04-24</introducedDate>
    <latestAction>
      <actionDate>2017-04-24</actionDate>
      <text>Referred to the Committee on Foreign Relations. (text of measure as introduced: CR S2495-2496)</text>
      <links />
    </latestAction>
    <title>A resolution expressing the sense of the Senate regarding the 102nd anniversary of the Armenian Genocide.</title>
    <subjects>
      <billSubjects>
        <legislativeSubjects>
          <item>
            <name>Armenia</name>
          </item>
          <item>
            <name>Commemorative events and holidays</name>
          </item>
          <item>
            <name>Europe</name>
          </item>
          <item>
            <name>Human rights</name>
          </item>
          <item>
            <name>Turkey</name>
          </item>
          <item>
            <name>War crimes, genocide, crimes against humanity</name>
          </item>
        </legislativeSubjects>
        <policyArea>
          <name>International Affairs</name>
        </policyArea>
      </billSubjects>
    </subjects>
    <relatedBills />
    <updateDate>2018-02-06T16:44:05Z</updateDate>
    <committeeReports />
    <notes />
    <recordedVotes />
    <amendments />
    <createDate>2017-04-25T00:26:47Z</createDate>
    <committees>
      <billCommittees>
        <item>
          <subcommittees />
          <type>Standing</type>
          <systemCode>ssfr00</systemCode>
          <activities>
            <item>
              <name>Referred to</name>
              <date>2017-04-24T20:31:30Z</date>
            </item>
          </activities>
          <name>Foreign Relations Committee</name>
          <chamber>Senate</chamber>
        </item>
      </billCommittees>
    </committees>
    <cboCostEstimates />
    <billNumber>136</billNumber>
    <policyArea>
      <name>International Affairs</name>
    </policyArea>
    <version>1.0.0</version>
    <billType>SRES</billType>
    <originChamber>Senate</originChamber>
    <actions>
      <actionByCounts>
        <senate>2</senate>
      </actionByCounts>
      <actionTypeCounts>
        <referredToCommittee>1</referredToCommittee>
        <introducedInSenate>1</introducedInSenate>
      </actionTypeCounts>
      <item>
        <actionDate>2017-04-24</actionDate>
        <committee>
          <systemCode>ssfr00</systemCode>
          <name>Foreign Relations Committee</name>
        </committee>
        <links>
          <link>
            <name>S2495-2496</name>
            <url>https://www.congress.gov/congressional-record/volume-163/senate-section/page/S2495-2496</url>
          </link>
        </links>
        <sourceSystem>
          <name>Senate</name>
          <code>0</code>
        </sourceSystem>
        <text>Referred to the Committee on Foreign Relations. (text of measure as introduced: CR S2495-2496)</text>
        <type>IntroReferral</type>
      </item>
      <item>
        <actionDate>2017-04-24</actionDate>
        <text>Introduced in Senate</text>
        <sourceSystem>
          <name>Library of Congress</name>
          <code>9</code>
        </sourceSystem>
        <committee />
        <links />
        <actionCode>10000</actionCode>
        <type>IntroReferral</type>
      </item>
    </actions>
    <sponsors>
      <item>
        <bioguideId>M000639</bioguideId>
        <party>D</party>
        <firstName>ROBERT</firstName>
        <middleName />
        <byRequestType />
        <fullName>Sen. Menendez, Robert [D-NJ]</fullName>
        <identifiers>
          <lisID>791</lisID>
          <gpoId>8239</gpoId>
          <bioguideId>M000639</bioguideId>
        </identifiers>
        <lastName>MENENDEZ</lastName>
        <state>NJ</state>
      </item>
    </sponsors>
    <summaries>
      <billSummaries>
        <item>
          <text><![CDATA[<p>Expresses the sense of the Senate: (1) in remembrance of the 102nd anniversary of the Armenian Genocide on April 24, 2017; (2) that the President should work toward an Armenian-Turkish relationship that includes Turkey's full acknowledgment of the facts about the Armenian Genocide; and (3) that the President should ensure that U.S. foreign policy reflects appropriate understanding and sensitivity concerning issues related to human rights, crimes against humanity, ethnic cleansing, and genocide documented in the U.S. record relating to the Armenian Genocide.</p>]]></text>
          <versionCode>00</versionCode>
          <actionDate>2017-04-24</actionDate>
          <name>Introduced in Senate</name>
          <actionDesc>Introduced in Senate</actionDesc>
          <lastSummaryUpdateDate>2017-05-02T19:01:07Z</lastSummaryUpdateDate>
          <updateDate>2017-04-24T04:00:00Z</updateDate>
        </item>
      </billSummaries>
    </summaries>
    <laws />
    <cosponsors>
      <item>
        <firstName>Ted</firstName>
        <sponsorshipWithdrawnDate />
        <state>TX</state>
        <bioguideId>C001098</bioguideId>
        <identifiers>
          <lisID>2175</lisID>
          <bioguideId>C001098</bioguideId>
          <gpoId />
        </identifiers>
        <fullName>Sen. Cruz, Ted [R-TX]</fullName>
        <lastName>Cruz</lastName>
        <party>R</party>
        <middleName />
        <isOriginalCosponsor>True</isOriginalCosponsor>
        <sponsorshipDate>2017-04-24</sponsorshipDate>
      </item>
      <item>
        <firstName>EDWARD</firstName>
        <sponsorshipWithdrawnDate />
        <state>MA</state>
        <bioguideId>M000133</bioguideId>
        <identifiers>
          <gpoId>7972</gpoId>
          <lisID>735</lisID>
          <bioguideId>M000133</bioguideId>
        </identifiers>
        <fullName>Sen. Markey, Edward J. [D-MA]</fullName>
        <lastName>MARKEY</lastName>
        <party>D</party>
        <middleName>J.</middleName>
        <isOriginalCosponsor>True</isOriginalCosponsor>
        <sponsorshipDate>2017-04-24</sponsorshipDate>
      </item>
      <item>
        <firstName>TOM</firstName>
        <sponsorshipWithdrawnDate />
        <state>NM</state>
        <bioguideId>U000039</bioguideId>
        <identifiers>
          <bioguideId>U000039</bioguideId>
          <gpoId>8260</gpoId>
          <lisID>1567</lisID>
        </identifiers>
        <fullName>Sen. Udall, Tom [D-NM]</fullName>
        <lastName>UDALL</lastName>
        <party>D</party>
        <middleName />
        <isOriginalCosponsor>True</isOriginalCosponsor>
        <sponsorshipDate>2017-04-24</sponsorshipDate>
      </item>
      <item>
        <firstName>Marco</firstName>
        <sponsorshipWithdrawnDate />
        <state>FL</state>
        <bioguideId>R000595</bioguideId>
        <identifiers>
          <lisID>2084</lisID>
          <bioguideId>R000595</bioguideId>
          <gpoId>8242</gpoId>
        </identifiers>
        <fullName>Sen. Rubio, Marco [R-FL]</fullName>
        <lastName>Rubio</lastName>
        <party>R</party>
        <middleName />
        <isOriginalCosponsor>False</isOriginalCosponsor>
        <sponsorshipDate>2017-04-27</sponsorshipDate>
      </item>
      <item>
        <firstName>Cory</firstName>
        <sponsorshipWithdrawnDate />
        <state>CO</state>
        <bioguideId>G000562</bioguideId>
        <identifiers>
          <lisID>1998</lisID>
          <gpoId>7862</gpoId>
          <bioguideId>G000562</bioguideId>
        </identifiers>
        <fullName>Sen. Gardner, Cory [R-CO]</fullName>
        <lastName>Gardner</lastName>
        <party>R</party>
        <middleName />
        <isOriginalCosponsor>False</isOriginalCosponsor>
        <sponsorshipDate>2017-04-27</sponsorshipDate>
      </item>
      <item>
        <firstName>RON</firstName>
        <sponsorshipWithdrawnDate />
        <state>OR</state>
        <bioguideId>W000779</bioguideId>
        <identifiers>
          <gpoId>8265</gpoId>
          <bioguideId>W000779</bioguideId>
          <lisID>1247</lisID>
        </identifiers>
        <fullName>Sen. Wyden, Ron [D-OR]</fullName>
        <lastName>WYDEN</lastName>
        <party>D</party>
        <middleName />
        <isOriginalCosponsor>False</isOriginalCosponsor>
        <sponsorshipDate>2017-04-27</sponsorshipDate>
      </item>
      <item>
        <firstName>DEBORAH</firstName>
        <sponsorshipWithdrawnDate />
        <state>MI</state>
        <bioguideId>S000770</bioguideId>
        <identifiers>
          <gpoId>8261</gpoId>
          <bioguideId>S000770</bioguideId>
          <lisID>1531</lisID>
        </identifiers>
        <fullName>Sen. Stabenow, Debbie [D-MI]</fullName>
        <lastName>STABENOW</lastName>
        <party>D</party>
        <middleName>ANN</middleName>
        <isOriginalCosponsor>False</isOriginalCosponsor>
        <sponsorshipDate>2017-04-27</sponsorshipDate>
      </item>
      <item>
        <firstName>Elizabeth</firstName>
        <sponsorshipWithdrawnDate />
        <state>MA</state>
        <bioguideId>W000817</bioguideId>
        <identifiers>
          <bioguideId>W000817</bioguideId>
          <gpoId />
          <lisID>2182</lisID>
        </identifiers>
        <fullName>Sen. Warren, Elizabeth [D-MA]</fullName>
        <lastName>Warren</lastName>
        <party>D</party>
        <middleName>A.</middleName>
        <isOriginalCosponsor>False</isOriginalCosponsor>
        <sponsorshipDate>2017-05-03</sponsorshipDate>
      </item>
      <item>
        <firstName>DIANNE</firstName>
        <sponsorshipWithdrawnDate />
        <state>CA</state>
        <bioguideId>F000062</bioguideId>
        <identifiers>
          <gpoId>8338</gpoId>
          <bioguideId>F000062</bioguideId>
          <lisID>1332</lisID>
        </identifiers>
        <fullName>Sen. Feinstein, Dianne [D-CA]</fullName>
        <lastName>FEINSTEIN</lastName>
        <party>D</party>
        <middleName />
        <isOriginalCosponsor>False</isOriginalCosponsor>
        <sponsorshipDate>2017-05-08</sponsorshipDate>
      </item>
      <item>
        <firstName>Sheldon</firstName>
        <sponsorshipWithdrawnDate />
        <state>RI</state>
        <bioguideId>W000802</bioguideId>
        <identifiers>
          <gpoId>8264</gpoId>
          <bioguideId>W000802</bioguideId>
          <lisID>1823</lisID>
        </identifiers>
        <fullName>Sen. Whitehouse, Sheldon [D-RI]</fullName>
        <lastName>Whitehouse</lastName>
        <party>D</party>
        <middleName />
        <isOriginalCosponsor>False</isOriginalCosponsor>
        <sponsorshipDate>2017-05-15</sponsorshipDate>
      </item>
      <item>
        <firstName>Gary</firstName>
        <sponsorshipWithdrawnDate />
        <state>MI</state>
        <bioguideId>P000595</bioguideId>
        <identifiers>
          <lisID>1929</lisID>
          <bioguideId>P000595</bioguideId>
          <gpoId>7994</gpoId>
        </identifiers>
        <fullName>Sen. Peters, Gary C. [D-MI]</fullName>
        <lastName>Peters</lastName>
        <party>D</party>
        <middleName>C.</middleName>
        <isOriginalCosponsor>False</isOriginalCosponsor>
        <sponsorshipDate>2017-05-16</sponsorshipDate>
      </item>
      <item>
        <firstName>JOHN</firstName>
        <sponsorshipWithdrawnDate />
        <state>RI</state>
        <bioguideId>R000122</bioguideId>
        <identifiers>
          <lisID>949</lisID>
          <bioguideId>R000122</bioguideId>
          <gpoId>8272</gpoId>
        </identifiers>
        <fullName>Sen. Reed, Jack [D-RI]</fullName>
        <lastName>REED</lastName>
        <party>D</party>
        <middleName>F.</middleName>
        <isOriginalCosponsor>False</isOriginalCosponsor>
        <sponsorshipDate>2017-06-07</sponsorshipDate>
      </item>
      <item>
        <firstName>Chris</firstName>
        <sponsorshipWithdrawnDate />
        <state>MD</state>
        <bioguideId>V000128</bioguideId>
        <identifiers>
          <lisID>1729</lisID>
          <gpoId>7983</gpoId>
          <bioguideId>V000128</bioguideId>
        </identifiers>
        <fullName>Sen. Van Hollen, Chris [D-MD]</fullName>
        <lastName>Van Hollen</lastName>
        <party>D</party>
        <middleName />
        <isOriginalCosponsor>False</isOriginalCosponsor>
        <sponsorshipDate>2017-06-12</sponsorshipDate>
      </item>
      <item>
        <firstName>CHARLES</firstName>
        <sponsorshipWithdrawnDate />
        <state>NY</state>
        <bioguideId>S000148</bioguideId>
        <identifiers>
          <lisID>1036</lisID>
          <bioguideId>S000148</bioguideId>
          <gpoId>8279</gpoId>
        </identifiers>
        <fullName>Sen. Schumer, Charles E. [D-NY]</fullName>
        <lastName>SCHUMER</lastName>
        <party>D</party>
        <middleName>E.</middleName>
        <isOriginalCosponsor>False</isOriginalCosponsor>
        <sponsorshipDate>2017-06-27</sponsorshipDate>
      </item>
      <item>
        <firstName>Tammy</firstName>
        <sponsorshipWithdrawnDate />
        <state>IL</state>
        <bioguideId>D000622</bioguideId>
        <identifiers>
          <lisID>2123</lisID>
          <bioguideId>D000622</bioguideId>
          <gpoId />
        </identifiers>
        <fullName>Sen. Duckworth, Tammy [D-IL]</fullName>
        <lastName>Duckworth</lastName>
        <party>D</party>
        <middleName />
        <isOriginalCosponsor>False</isOriginalCosponsor>
        <sponsorshipDate>2017-10-24</sponsorshipDate>
      </item>
    </cosponsors>
  </bill>
  <dublinCore xmlns:dc="http://purl.org/dc/elements/1.1/">
    <dc:format>text/xml</dc:format>
    <dc:language>EN</dc:language>
    <dc:rights>Pursuant to Title 17 Section 105 of the United States Code, this file is not subject to copyright protection and is in the public domain.</dc:rights>
    <dc:contributor>Congressional Research Service, Library of Congress</dc:contributor>
    <dc:description>This file contains bill summaries and statuses for federal legislation. A bill summary describes the most significant provisions of a piece of legislation and details the effects the legislative text may have on current law and federal programs. Bill summaries are authored by the Congressional Research Service (CRS) of the Library of Congress. As stated in Public Law 91-510 (2 USC 166 (d)(6)), one of the duties of CRS is "to prepare summaries and digests of bills and resolutions of a public general nature introduced in the Senate or House of Representatives". For more information, refer to the User Guide that accompanies this file.</dc:description>
  </dublinCore>
</billStatus>

