<?xml version="1.0" encoding="UTF-8"?>
<billStatus>
  <bill>
    <calendarNumbers />
    <recordedVotes />
    <subjects>
      <billSubjects>
        <policyArea>
          <name>Education</name>
        </policyArea>
        <legislativeSubjects />
      </billSubjects>
    </subjects>
    <summaries>
      <billSummaries>
        <item>
          <versionCode>00</versionCode>
          <actionDate>2017-10-19</actionDate>
          <actionDesc>Introduced in Senate</actionDesc>
          <text><![CDATA[<p>Expresses support for Lights On Afterschool, a national celebration of after-school programs held on October 26, 2017.</p>]]></text>
          <lastSummaryUpdateDate>2018-02-07T20:44:21Z</lastSummaryUpdateDate>
          <name>Introduced in Senate</name>
          <updateDate>2017-10-19T04:00:00Z</updateDate>
        </item>
        <item>
          <versionCode>82</versionCode>
          <actionDate>2017-10-26</actionDate>
          <actionDesc>Passed Senate without amendment</actionDesc>
          <text><![CDATA[<p>(This measure has not been amended since it was introduced. The summary of that version is repeated here.)</p> <p>Expresses support for Lights On Afterschool, a national celebration of after-school programs held on October 26, 2017.</p>]]></text>
          <lastSummaryUpdateDate>2018-02-21T22:37:05Z</lastSummaryUpdateDate>
          <name>Passed Senate without amendment</name>
          <updateDate>2017-10-26T12:05:36Z</updateDate>
        </item>
      </billSummaries>
    </summaries>
    <introducedDate>2017-10-19</introducedDate>
    <updateDate>2018-02-27T05:28:28Z</updateDate>
    <actions>
      <actionByCounts>
        <senate>6</senate>
      </actionByCounts>
      <actionTypeCounts>
        <agreedToInSenate>1</agreedToInSenate>
        <passedAgreedToInSenate>1</passedAgreedToInSenate>
        <referredToCommittee>1</referredToCommittee>
        <senateCommitteeDischarged>1</senateCommitteeDischarged>
        <committeeDischarged>1</committeeDischarged>
        <introducedInSenate>1</introducedInSenate>
      </actionTypeCounts>
      <item>
        <actionDate>2017-10-26</actionDate>
        <committee />
        <links />
        <sourceSystem>
          <name>Senate</name>
          <code>0</code>
        </sourceSystem>
        <text>Resolution agreed to in Senate without amendment and with a preamble by Unanimous Consent.</text>
        <type>Floor</type>
      </item>
      <item>
        <type>Floor</type>
        <text>Passed/agreed to in Senate: Resolution agreed to in Senate without amendment and with a preamble by Unanimous Consent.</text>
        <sourceSystem>
          <name>Library of Congress</name>
          <code>9</code>
        </sourceSystem>
        <actionCode>17000</actionCode>
        <links />
        <committee />
        <actionDate>2017-10-26</actionDate>
      </item>
      <item>
        <actionDate>2017-10-26</actionDate>
        <committee>
          <name>Health, Education, Labor, and Pensions Committee</name>
          <systemCode>sshr00</systemCode>
        </committee>
        <links>
          <link>
            <name>S6860</name>
            <url>https://www.congress.gov/congressional-record/volume-163/senate-section/page/S6860</url>
          </link>
        </links>
        <sourceSystem>
          <name>Senate</name>
          <code>0</code>
        </sourceSystem>
        <text>Senate Committee on Health, Education, Labor, and Pensions discharged by Unanimous Consent. (consideration: CR S6860)</text>
        <type>Discharge</type>
      </item>
      <item>
        <type>Committee</type>
        <text>Senate Committee on Health, Education, Labor, and Pensions discharged by Unanimous Consent.</text>
        <sourceSystem>
          <name>Library of Congress</name>
          <code>9</code>
        </sourceSystem>
        <actionCode>14500</actionCode>
        <links />
        <committee>
          <name>Health, Education, Labor, and Pensions Committee</name>
          <systemCode>sshr00</systemCode>
        </committee>
        <actionDate>2017-10-26</actionDate>
      </item>
      <item>
        <actionDate>2017-10-19</actionDate>
        <committee>
          <name>Health, Education, Labor, and Pensions Committee</name>
          <systemCode>sshr00</systemCode>
        </committee>
        <links>
          <link>
            <name>S6656</name>
            <url>https://www.congress.gov/congressional-record/volume-163/senate-section/page/S6656</url>
          </link>
        </links>
        <sourceSystem>
          <name>Senate</name>
          <code>0</code>
        </sourceSystem>
        <text>Referred to the Committee on Health, Education, Labor, and Pensions. (text of measure as introduced: CR S6656)</text>
        <type>IntroReferral</type>
      </item>
      <item>
        <type>IntroReferral</type>
        <text>Introduced in Senate</text>
        <sourceSystem>
          <name>Library of Congress</name>
          <code>9</code>
        </sourceSystem>
        <actionCode>10000</actionCode>
        <links />
        <committee />
        <actionDate>2017-10-19</actionDate>
      </item>
    </actions>
    <notes />
    <committeeReports />
    <version>1.0.0</version>
    <billNumber>297</billNumber>
    <policyArea>
      <name>Education</name>
    </policyArea>
    <laws />
    <congress>115</congress>
    <relatedBills />
    <sponsors>
      <item>
        <fullName>Sen. Franken, Al [D-MN]</fullName>
        <lastName>Franken</lastName>
        <byRequestType />
        <bioguideId>F000457</bioguideId>
        <party>D</party>
        <middleName />
        <state>MN</state>
        <firstName>Al</firstName>
        <identifiers>
          <gpoId>8339</gpoId>
          <lisID>1969</lisID>
          <bioguideId>F000457</bioguideId>
        </identifiers>
      </item>
    </sponsors>
    <titles>
      <item>
        <parentTitleType />
        <title>A resolution supporting Lights On Afterschool, a national celebration of afterschool programs held on October 26, 2017.</title>
        <titleType>Official Title as Introduced</titleType>
        <chamberName />
        <chamberCode />
      </item>
      <item>
        <parentTitleType />
        <title>A resolution supporting Lights On Afterschool, a national celebration of afterschool programs held on October 26, 2017.</title>
        <titleType>Display Title</titleType>
        <chamberName />
        <chamberCode />
      </item>
    </titles>
    <originChamber>Senate</originChamber>
    <latestAction>
      <text>Resolution agreed to in Senate without amendment and with a preamble by Unanimous Consent.</text>
      <actionDate>2017-10-26</actionDate>
      <links />
    </latestAction>
    <createDate>2017-10-20T01:41:17Z</createDate>
    <cosponsors>
      <item>
        <fullName>Sen. Collins, Susan M. [R-ME]</fullName>
        <lastName>COLLINS</lastName>
        <sponsorshipDate>2017-10-25</sponsorshipDate>
        <isOriginalCosponsor>False</isOriginalCosponsor>
        <bioguideId>C001035</bioguideId>
        <party>R</party>
        <middleName>MARGARET</middleName>
        <state>ME</state>
        <sponsorshipWithdrawnDate />
        <firstName>SUSAN</firstName>
        <identifiers>
          <bioguideId>C001035</bioguideId>
          <gpoId>8291</gpoId>
          <lisID>1541</lisID>
        </identifiers>
      </item>
    </cosponsors>
    <committees>
      <billCommittees>
        <item>
          <activities>
            <item>
              <name>Discharged from</name>
              <date>2017-10-26T20:33:07Z</date>
            </item>
            <item>
              <name>Referred to</name>
              <date>2017-10-19T20:20:45Z</date>
            </item>
          </activities>
          <chamber>Senate</chamber>
          <subcommittees />
          <systemCode>sshr00</systemCode>
          <name>Health, Education, Labor, and Pensions Committee</name>
          <type>Standing</type>
        </item>
      </billCommittees>
    </committees>
    <title>A resolution supporting Lights On Afterschool, a national celebration of afterschool programs held on October 26, 2017.</title>
    <billType>SRES</billType>
    <amendments />
    <cboCostEstimates />
  </bill>
  <dublinCore xmlns:dc="http://purl.org/dc/elements/1.1/">
    <dc:format>text/xml</dc:format>
    <dc:language>EN</dc:language>
    <dc:rights>Pursuant to Title 17 Section 105 of the United States Code, this file is not subject to copyright protection and is in the public domain.</dc:rights>
    <dc:contributor>Congressional Research Service, Library of Congress</dc:contributor>
    <dc:description>This file contains bill summaries and statuses for federal legislation. A bill summary describes the most significant provisions of a piece of legislation and details the effects the legislative text may have on current law and federal programs. Bill summaries are authored by the Congressional Research Service (CRS) of the Library of Congress. As stated in Public Law 91-510 (2 USC 166 (d)(6)), one of the duties of CRS is "to prepare summaries and digests of bills and resolutions of a public general nature introduced in the Senate or House of Representatives". For more information, refer to the User Guide that accompanies this file.</dc:description>
  </dublinCore>
</billStatus>

