<?xml version="1.0" encoding="UTF-8"?>
<billStatus>
  <bill>
    <calendarNumbers />
    <congress>115</congress>
    <titles>
      <item>
        <titleType>Official Title as Introduced</titleType>
        <parentTitleType />
        <chamberName />
        <title>A resolution expressing the sense of the Senate that the President and the Secretary of State should ensure that the Government of Canada does not permanently store nuclear waste in the Great Lakes Basin.</title>
        <chamberCode />
      </item>
      <item>
        <titleType>Display Title</titleType>
        <parentTitleType />
        <chamberName />
        <title>A resolution expressing the sense of the Senate that the President and the Secretary of State should ensure that the Government of Canada does not permanently store nuclear waste in the Great Lakes Basin.</title>
        <chamberCode />
      </item>
    </titles>
    <introducedDate>2017-03-15</introducedDate>
    <latestAction>
      <actionDate>2017-03-15</actionDate>
      <text>Referred to the Committee on Foreign Relations. (text of measure as introduced: CR S1847)</text>
      <links />
    </latestAction>
    <title>A resolution expressing the sense of the Senate that the President and the Secretary of State should ensure that the Government of Canada does not permanently store nuclear waste in the Great Lakes Basin.</title>
    <subjects>
      <billSubjects>
        <legislativeSubjects>
          <item>
            <name>Canada</name>
          </item>
          <item>
            <name>Diplomacy, foreign officials, Americans abroad</name>
          </item>
          <item>
            <name>Great Lakes</name>
          </item>
          <item>
            <name>Radioactive wastes and releases</name>
          </item>
          <item>
            <name>Water quality</name>
          </item>
          <item>
            <name>Watersheds</name>
          </item>
        </legislativeSubjects>
        <policyArea>
          <name>International Affairs</name>
        </policyArea>
      </billSubjects>
    </subjects>
    <relatedBills>
      <item>
        <congress>115</congress>
        <latestTitle>Expressing the sense of the House of Representatives that the President and the Secretary of State should ensure that the Canadian Government does not permanently store nuclear waste in the Great Lakes Basin.</latestTitle>
        <number>197</number>
        <type>HRES</type>
        <latestAction>
          <text>Referred to the Subcommittee on the Western Hemisphere.</text>
          <actionDate>2017-05-18</actionDate>
        </latestAction>
        <relationshipDetails>
          <item>
            <type>Related bill</type>
            <identifiedBy>CRS</identifiedBy>
          </item>
          <item>
            <type>Identical bill</type>
            <identifiedBy>CRS</identifiedBy>
          </item>
        </relationshipDetails>
      </item>
    </relatedBills>
    <updateDate>2018-02-06T16:44:01Z</updateDate>
    <committeeReports />
    <notes />
    <recordedVotes />
    <amendments />
    <createDate>2017-03-16T05:28:13Z</createDate>
    <committees>
      <billCommittees>
        <item>
          <systemCode>ssfr00</systemCode>
          <name>Foreign Relations Committee</name>
          <type>Standing</type>
          <activities>
            <item>
              <name>Referred to</name>
              <date>2017-03-15T14:55:08Z</date>
            </item>
          </activities>
          <chamber>Senate</chamber>
          <subcommittees />
        </item>
      </billCommittees>
    </committees>
    <cboCostEstimates />
    <billNumber>88</billNumber>
    <policyArea>
      <name>International Affairs</name>
    </policyArea>
    <version>1.0.0</version>
    <billType>SRES</billType>
    <originChamber>Senate</originChamber>
    <actions>
      <actionTypeCounts>
        <referredToCommittee>1</referredToCommittee>
        <introducedInSenate>1</introducedInSenate>
      </actionTypeCounts>
      <item>
        <actionDate>2017-03-15</actionDate>
        <committee>
          <systemCode>ssfr00</systemCode>
          <name>Foreign Relations Committee</name>
        </committee>
        <links>
          <link>
            <name>S1847</name>
            <url>https://www.congress.gov/congressional-record/volume-163/senate-section/page/S1847</url>
          </link>
        </links>
        <sourceSystem>
          <code>0</code>
          <name>Senate</name>
        </sourceSystem>
        <text>Referred to the Committee on Foreign Relations. (text of measure as introduced: CR S1847)</text>
        <type>IntroReferral</type>
      </item>
      <item>
        <type>IntroReferral</type>
        <text>Introduced in Senate</text>
        <links />
        <committee />
        <sourceSystem>
          <code>9</code>
          <name>Library of Congress</name>
        </sourceSystem>
        <actionDate>2017-03-15</actionDate>
        <actionCode>10000</actionCode>
      </item>
      <actionByCounts>
        <senate>2</senate>
      </actionByCounts>
    </actions>
    <sponsors>
      <item>
        <bioguideId>S000770</bioguideId>
        <party>D</party>
        <firstName>DEBORAH</firstName>
        <middleName>ANN</middleName>
        <byRequestType />
        <fullName>Sen. Stabenow, Debbie [D-MI]</fullName>
        <identifiers>
          <gpoId>8261</gpoId>
          <bioguideId>S000770</bioguideId>
          <lisID>1531</lisID>
        </identifiers>
        <lastName>STABENOW</lastName>
        <state>MI</state>
      </item>
    </sponsors>
    <summaries>
      <billSummaries>
        <item>
          <updateDate>2017-03-15T04:00:00Z</updateDate>
          <lastSummaryUpdateDate>2017-06-14T16:36:24Z</lastSummaryUpdateDate>
          <actionDate>2017-03-15</actionDate>
          <name>Introduced in Senate</name>
          <actionDesc>Introduced in Senate</actionDesc>
          <versionCode>00</versionCode>
          <text><![CDATA[<p>Expresses the sense of the Senate that: (1) the Canadian government should not allow a permanent nuclear waste repository to be built within the Great Lakes Basin, (2) the President and the Secretary of State should take appropriate action to work with the Canadian government to prevent a permanent nuclear waste repository from being built there, and (3)the President and the Secretary of State should work together with their Canadian government counterparts on a safe and responsible solution for the long-term storage of nuclear waste.</p>]]></text>
        </item>
      </billSummaries>
    </summaries>
    <laws />
    <cosponsors>
      <item>
        <lastName>Gillibrand</lastName>
        <sponsorshipDate>2017-03-15</sponsorshipDate>
        <party>D</party>
        <state>NY</state>
        <bioguideId>G000555</bioguideId>
        <middleName>E.</middleName>
        <sponsorshipWithdrawnDate />
        <fullName>Sen. Gillibrand, Kirsten E. [D-NY]</fullName>
        <firstName>Kirsten</firstName>
        <isOriginalCosponsor>True</isOriginalCosponsor>
        <identifiers>
          <lisID>1866</lisID>
          <gpoId>8336</gpoId>
          <bioguideId>G000555</bioguideId>
        </identifiers>
      </item>
      <item>
        <lastName>Klobuchar</lastName>
        <sponsorshipDate>2017-03-15</sponsorshipDate>
        <party>D</party>
        <state>MN</state>
        <bioguideId>K000367</bioguideId>
        <middleName />
        <sponsorshipWithdrawnDate />
        <fullName>Sen. Klobuchar, Amy [D-MN]</fullName>
        <firstName>Amy</firstName>
        <isOriginalCosponsor>True</isOriginalCosponsor>
        <identifiers>
          <lisID>1826</lisID>
          <gpoId>8249</gpoId>
          <bioguideId>K000367</bioguideId>
        </identifiers>
      </item>
      <item>
        <lastName>BROWN</lastName>
        <sponsorshipDate>2017-03-15</sponsorshipDate>
        <party>D</party>
        <state>OH</state>
        <bioguideId>B000944</bioguideId>
        <middleName />
        <sponsorshipWithdrawnDate />
        <fullName>Sen. Brown, Sherrod [D-OH]</fullName>
        <firstName>SHERROD</firstName>
        <isOriginalCosponsor>True</isOriginalCosponsor>
        <identifiers>
          <gpoId>8309</gpoId>
          <lisID>136</lisID>
          <bioguideId>B000944</bioguideId>
        </identifiers>
      </item>
      <item>
        <lastName>DURBIN</lastName>
        <sponsorshipDate>2017-03-15</sponsorshipDate>
        <party>D</party>
        <state>IL</state>
        <bioguideId>D000563</bioguideId>
        <middleName>J.</middleName>
        <sponsorshipWithdrawnDate />
        <fullName>Sen. Durbin, Richard J. [D-IL]</fullName>
        <firstName>RICHARD</firstName>
        <isOriginalCosponsor>True</isOriginalCosponsor>
        <identifiers>
          <lisID>326</lisID>
          <gpoId>8326</gpoId>
          <bioguideId>D000563</bioguideId>
        </identifiers>
      </item>
      <item>
        <lastName>Franken</lastName>
        <sponsorshipDate>2017-03-15</sponsorshipDate>
        <party>D</party>
        <state>MN</state>
        <bioguideId>F000457</bioguideId>
        <middleName />
        <sponsorshipWithdrawnDate />
        <fullName>Sen. Franken, Al [D-MN]</fullName>
        <firstName>Al</firstName>
        <isOriginalCosponsor>True</isOriginalCosponsor>
        <identifiers>
          <gpoId>8339</gpoId>
          <lisID>1969</lisID>
          <bioguideId>F000457</bioguideId>
        </identifiers>
      </item>
      <item>
        <lastName>Peters</lastName>
        <sponsorshipDate>2017-03-15</sponsorshipDate>
        <party>D</party>
        <state>MI</state>
        <bioguideId>P000595</bioguideId>
        <middleName>C.</middleName>
        <sponsorshipWithdrawnDate />
        <fullName>Sen. Peters, Gary C. [D-MI]</fullName>
        <firstName>Gary</firstName>
        <isOriginalCosponsor>True</isOriginalCosponsor>
        <identifiers>
          <lisID>1929</lisID>
          <bioguideId>P000595</bioguideId>
          <gpoId>7994</gpoId>
        </identifiers>
      </item>
      <item>
        <lastName>BALDWIN</lastName>
        <sponsorshipDate>2017-03-15</sponsorshipDate>
        <party>D</party>
        <state>WI</state>
        <bioguideId>B001230</bioguideId>
        <middleName />
        <sponsorshipWithdrawnDate />
        <fullName>Sen. Baldwin, Tammy [D-WI]</fullName>
        <firstName>TAMMY</firstName>
        <isOriginalCosponsor>True</isOriginalCosponsor>
        <identifiers>
          <lisID>1558</lisID>
          <gpoId>8215</gpoId>
          <bioguideId>B001230</bioguideId>
        </identifiers>
      </item>
      <item>
        <lastName>Duckworth</lastName>
        <sponsorshipDate>2017-03-22</sponsorshipDate>
        <party>D</party>
        <state>IL</state>
        <bioguideId>D000622</bioguideId>
        <middleName />
        <sponsorshipWithdrawnDate />
        <fullName>Sen. Duckworth, Tammy [D-IL]</fullName>
        <firstName>Tammy</firstName>
        <isOriginalCosponsor>False</isOriginalCosponsor>
        <identifiers>
          <lisID>2123</lisID>
          <bioguideId>D000622</bioguideId>
          <gpoId />
        </identifiers>
      </item>
    </cosponsors>
  </bill>
  <dublinCore xmlns:dc="http://purl.org/dc/elements/1.1/">
    <dc:format>text/xml</dc:format>
    <dc:language>EN</dc:language>
    <dc:rights>Pursuant to Title 17 Section 105 of the United States Code, this file is not subject to copyright protection and is in the public domain.</dc:rights>
    <dc:contributor>Congressional Research Service, Library of Congress</dc:contributor>
    <dc:description>This file contains bill summaries and statuses for federal legislation. A bill summary describes the most significant provisions of a piece of legislation and details the effects the legislative text may have on current law and federal programs. Bill summaries are authored by the Congressional Research Service (CRS) of the Library of Congress. As stated in Public Law 91-510 (2 USC 166 (d)(6)), one of the duties of CRS is "to prepare summaries and digests of bills and resolutions of a public general nature introduced in the Senate or House of Representatives". For more information, refer to the User Guide that accompanies this file.</dc:description>
  </dublinCore>
</billStatus>

