<?xml version="1.0" encoding="UTF-8"?>
<billStatus>
  <bill>
    <cosponsors>
      <item>
        <bioguideId>R000595</bioguideId>
        <sponsorshipDate>2017-04-05</sponsorshipDate>
        <isOriginalCosponsor>True</isOriginalCosponsor>
        <middleName />
        <sponsorshipWithdrawnDate />
        <firstName>Marco</firstName>
        <lastName>Rubio</lastName>
        <state>FL</state>
        <party>R</party>
        <identifiers>
          <lisID>2084</lisID>
          <bioguideId>R000595</bioguideId>
          <gpoId>8242</gpoId>
        </identifiers>
        <fullName>Sen. Rubio, Marco [R-FL]</fullName>
      </item>
      <item>
        <bioguideId>F000062</bioguideId>
        <sponsorshipDate>2017-04-05</sponsorshipDate>
        <isOriginalCosponsor>True</isOriginalCosponsor>
        <middleName />
        <sponsorshipWithdrawnDate />
        <firstName>DIANNE</firstName>
        <lastName>FEINSTEIN</lastName>
        <state>CA</state>
        <party>D</party>
        <identifiers>
          <gpoId>8338</gpoId>
          <bioguideId>F000062</bioguideId>
          <lisID>1332</lisID>
        </identifiers>
        <fullName>Sen. Feinstein, Dianne [D-CA]</fullName>
      </item>
      <item>
        <bioguideId>C001035</bioguideId>
        <sponsorshipDate>2017-04-05</sponsorshipDate>
        <isOriginalCosponsor>True</isOriginalCosponsor>
        <middleName>MARGARET</middleName>
        <sponsorshipWithdrawnDate />
        <firstName>SUSAN</firstName>
        <lastName>COLLINS</lastName>
        <state>ME</state>
        <party>R</party>
        <identifiers>
          <bioguideId>C001035</bioguideId>
          <lisID>1541</lisID>
          <gpoId>8291</gpoId>
        </identifiers>
        <fullName>Sen. Collins, Susan M. [R-ME]</fullName>
      </item>
      <item>
        <bioguideId>D000622</bioguideId>
        <sponsorshipDate>2017-04-06</sponsorshipDate>
        <isOriginalCosponsor>False</isOriginalCosponsor>
        <middleName />
        <sponsorshipWithdrawnDate />
        <firstName>Tammy</firstName>
        <lastName>Duckworth</lastName>
        <state>IL</state>
        <party>D</party>
        <identifiers>
          <lisID>2123</lisID>
          <bioguideId>D000622</bioguideId>
          <gpoId />
        </identifiers>
        <fullName>Sen. Duckworth, Tammy [D-IL]</fullName>
      </item>
    </cosponsors>
    <congress>115</congress>
    <committees>
      <billCommittees />
    </committees>
    <laws />
    <titles>
      <item>
        <chamberCode />
        <title>A resolution condemning hate crime and any other form of racism, religious or ethnic bias, discrimination, incitement to violence, or animus targeting a minority in the United States.</title>
        <titleType>Official Title as Introduced</titleType>
        <parentTitleType />
        <chamberName />
      </item>
      <item>
        <chamberCode />
        <title>A resolution condemning hate crime and any other form of racism, religious or ethnic bias, discrimination, incitement to violence, or animus targeting a minority in the United States.</title>
        <titleType>Display Title</titleType>
        <parentTitleType />
        <chamberName />
      </item>
    </titles>
    <billType>SRES</billType>
    <amendments />
    <recordedVotes />
    <actions>
      <item>
        <actionDate>2017-04-05</actionDate>
        <committee />
        <links>
          <link>
            <name>S2371</name>
            <url>https://www.congress.gov/congressional-record/volume-163/senate-section/page/S2371</url>
          </link>
          <link>
            <name>S2371-2372</name>
            <url>https://www.congress.gov/congressional-record/volume-163/senate-section/page/S2371-2372</url>
          </link>
        </links>
        <sourceSystem>
          <name>Senate</name>
          <code>0</code>
        </sourceSystem>
        <text>Submitted in the Senate, considered, and agreed to without amendment and with a preamble by Unanimous Consent. (consideration: CR S2371-2372; text: CR S2371)</text>
        <type>Floor</type>
      </item>
      <item>
        <sourceSystem>
          <name>Library of Congress</name>
          <code>9</code>
        </sourceSystem>
        <actionDate>2017-04-05</actionDate>
        <links>
          <link>
            <name>S2371</name>
            <url>https://www.congress.gov/congressional-record/volume-163/senate-section/page/S2371</url>
          </link>
          <link>
            <name>S2371-2372</name>
            <url>https://www.congress.gov/congressional-record/volume-163/senate-section/page/S2371-2372</url>
          </link>
        </links>
        <text>Passed/agreed to in Senate: Submitted in the Senate, considered, and agreed to without amendment and with a preamble by Unanimous Consent.(consideration: CR S2371-2372; text: CR S2371)</text>
        <committee />
        <actionCode>17000</actionCode>
        <type>Floor</type>
      </item>
      <item>
        <sourceSystem>
          <name>Library of Congress</name>
          <code>9</code>
        </sourceSystem>
        <actionDate>2017-04-05</actionDate>
        <links />
        <text>Introduced in Senate</text>
        <committee />
        <actionCode>10000</actionCode>
        <type>IntroReferral</type>
      </item>
      <actionByCounts>
        <senate>3</senate>
      </actionByCounts>
      <actionTypeCounts>
        <passedOrAgreedToInSenateDayOf>1</passedOrAgreedToInSenateDayOf>
        <passedAgreedToInSenate>1</passedAgreedToInSenate>
        <introducedInSenate>1</introducedInSenate>
      </actionTypeCounts>
    </actions>
    <introducedDate>2017-04-05</introducedDate>
    <relatedBills>
      <item>
        <number>257</number>
        <latestTitle>Condemning hate crime and any other form of racism, religious or ethnic bias, discrimination, incitement to violence, or animus targeting a minority in the United States.</latestTitle>
        <type>HRES</type>
        <relationshipDetails>
          <item>
            <identifiedBy>CRS</identifiedBy>
            <type>Related bill</type>
          </item>
        </relationshipDetails>
        <congress>115</congress>
        <latestAction>
          <text>Referred to the Subcommittee on Crime, Terrorism, Homeland Security, and Investigations.</text>
          <actionDate>2017-04-21</actionDate>
        </latestAction>
      </item>
    </relatedBills>
    <committeeReports />
    <calendarNumbers />
    <billNumber>118</billNumber>
    <summaries>
      <billSummaries>
        <item>
          <text><![CDATA[<p>Condemns hate crime and any other form of racism, religious or ethnic bias, discrimination, incitement to violence, or animus targeting a minority in the United States. Affirms that the United States stands united in condemning hate and evil in all forms. Rejects hate-motivated crime as an attack on the fabric of society and the ideals of pluralism and respect. </p> <p>Calls on federal law enforcement officials, working with state and local officials, to: (1) expeditiously investigate all credible reports of hate crimes and incidents and threats against minorities in the United States, and (2) bring the perpetrators to justice..</p> <p>Encourages: (1) the Department of Justice (DOJ) and other federal agencies to work to improve the reporting of hate crimes, and to emphasize the importance of the agencies' collection and reporting of data pursuant to federal law; and (2) the development of an interagency task force led by the Attorney General to collaborate on the development of effective strategies and efforts to detect and deter hate crime in order to protect minority communities.</p> <p>Calls on the executive branch to continue to: (1) offer federal assistance that may be available for victims of hate crimes; and (2) carry out safety and preparedness programs for religious institutions, places of worship, and other institutions that have been targeted because of their affiliation with any particular religious, racial, or ethnic minority in the United States.</p>]]></text>
          <name>Introduced in Senate</name>
          <lastSummaryUpdateDate>2017-05-05T20:20:23Z</lastSummaryUpdateDate>
          <versionCode>00</versionCode>
          <actionDesc>Introduced in Senate</actionDesc>
          <updateDate>2017-04-05T04:00:00Z</updateDate>
          <actionDate>2017-04-05</actionDate>
        </item>
        <item>
          <text><![CDATA[<p>(This measure has not been amended since it was introduced. The summary of that version is repeated here.)</p> <p>Condemns hate crime and any other form of racism, religious or ethnic bias, discrimination, incitement to violence, or animus targeting a minority in the United States. Affirms that the United States stands united in condemning hate and evil in all forms. Rejects hate-motivated crime as an attack on the fabric of society and the ideals of pluralism and respect. </p> <p>Calls on federal law enforcement officials, working with state and local officials, to: (1) expeditiously investigate all credible reports of hate crimes and incidents and threats against minorities in the United States, and (2) bring the perpetrators to justice..</p> <p>Encourages: (1) the Department of Justice (DOJ) and other federal agencies to work to improve the reporting of hate crimes, and to emphasize the importance of the agencies' collection and reporting of data pursuant to federal law; and (2) the development of an interagency task force led by the Attorney General to collaborate on the development of effective strategies and efforts to detect and deter hate crime in order to protect minority communities.</p> <p>Calls on the executive branch to continue to: (1) offer federal assistance that may be available for victims of hate crimes; and (2) carry out safety and preparedness programs for religious institutions, places of worship, and other institutions that have been targeted because of their affiliation with any particular religious, racial, or ethnic minority in the United States.</p>]]></text>
          <name>Passed Senate without amendment</name>
          <lastSummaryUpdateDate>2017-05-05T20:21:17Z</lastSummaryUpdateDate>
          <versionCode>82</versionCode>
          <actionDesc>Passed Senate without amendment</actionDesc>
          <updateDate>2017-04-05T18:38:19Z</updateDate>
          <actionDate>2017-04-05</actionDate>
        </item>
      </billSummaries>
    </summaries>
    <cboCostEstimates />
    <updateDate>2018-02-06T16:44:04Z</updateDate>
    <policyArea>
      <name>Civil Rights and Liberties, Minority Issues</name>
    </policyArea>
    <latestAction>
      <text>Submitted in the Senate, considered, and agreed to without amendment and with a preamble by Unanimous Consent. (consideration: CR S2371-2372; text: CR S2371)</text>
      <actionDate>2017-04-05</actionDate>
      <links />
    </latestAction>
    <subjects>
      <billSubjects>
        <legislativeSubjects>
          <item>
            <name>Crime prevention</name>
          </item>
          <item>
            <name>Crime victims</name>
          </item>
          <item>
            <name>Criminal investigation, prosecution, interrogation</name>
          </item>
          <item>
            <name>Criminal justice information and records</name>
          </item>
          <item>
            <name>Hate crimes</name>
          </item>
          <item>
            <name>Law enforcement administration and funding</name>
          </item>
          <item>
            <name>Racial and ethnic relations</name>
          </item>
          <item>
            <name>Religion</name>
          </item>
          <item>
            <name>Violent crime</name>
          </item>
        </legislativeSubjects>
        <policyArea>
          <name>Civil Rights and Liberties, Minority Issues</name>
        </policyArea>
      </billSubjects>
    </subjects>
    <title>A resolution condemning hate crime and any other form of racism, religious or ethnic bias, discrimination, incitement to violence, or animus targeting a minority in the United States.</title>
    <version>1.0.0</version>
    <sponsors>
      <item>
        <byRequestType />
        <party>D</party>
        <fullName>Sen. Harris, Kamala D. [D-CA]</fullName>
        <bioguideId>H001075</bioguideId>
        <state>CA</state>
        <lastName>Harris</lastName>
        <middleName>D.</middleName>
        <firstName>Kamala</firstName>
        <identifiers>
          <lisID>2301</lisID>
          <gpoId />
          <bioguideId>H001075</bioguideId>
        </identifiers>
      </item>
    </sponsors>
    <notes />
    <createDate>2017-04-06T02:11:45Z</createDate>
    <originChamber>Senate</originChamber>
  </bill>
  <dublinCore xmlns:dc="http://purl.org/dc/elements/1.1/">
    <dc:format>text/xml</dc:format>
    <dc:language>EN</dc:language>
    <dc:rights>Pursuant to Title 17 Section 105 of the United States Code, this file is not subject to copyright protection and is in the public domain.</dc:rights>
    <dc:contributor>Congressional Research Service, Library of Congress</dc:contributor>
    <dc:description>This file contains bill summaries and statuses for federal legislation. A bill summary describes the most significant provisions of a piece of legislation and details the effects the legislative text may have on current law and federal programs. Bill summaries are authored by the Congressional Research Service (CRS) of the Library of Congress. As stated in Public Law 91-510 (2 USC 166 (d)(6)), one of the duties of CRS is "to prepare summaries and digests of bills and resolutions of a public general nature introduced in the Senate or House of Representatives". For more information, refer to the User Guide that accompanies this file.</dc:description>
  </dublinCore>
</billStatus>

