<?xml version="1.0" encoding="UTF-8"?>
<billStatus>
  <bill>
    <version>1.0.0</version>
    <notes />
    <relatedBills />
    <sponsors>
      <item>
        <bioguideId>M000355</bioguideId>
        <firstName>MITCH</firstName>
        <state>KY</state>
        <party>R</party>
        <fullName>Sen. McConnell, Mitch [R-KY]</fullName>
        <identifiers>
          <lisID>1395</lisID>
          <gpoId>8254</gpoId>
          <bioguideId>M000355</bioguideId>
        </identifiers>
        <byRequestType />
        <lastName>MCCONNELL</lastName>
        <middleName />
      </item>
    </sponsors>
    <titles>
      <item>
        <titleType>Official Title as Introduced</titleType>
        <chamberCode />
        <title>A resolution to authorize the production of records by the Permanent Subcommittee on Investigations of the Committee on Homeland Security and Governmental Affairs.</title>
        <parentTitleType />
        <chamberName />
      </item>
      <item>
        <titleType>Display Title</titleType>
        <chamberCode />
        <title>A resolution to authorize the production of records by the Permanent Subcommittee on Investigations of the Committee on Homeland Security and Governmental Affairs.</title>
        <parentTitleType />
        <chamberName />
      </item>
    </titles>
    <introducedDate>2017-08-01</introducedDate>
    <title>A resolution to authorize the production of records by the Permanent Subcommittee on Investigations of the Committee on Homeland Security and Governmental Affairs.</title>
    <committeeReports />
    <createDate>2017-08-02T00:26:42Z</createDate>
    <updateDate>2018-02-16T05:25:10Z</updateDate>
    <cosponsors>
      <item>
        <fullName>Sen. Schumer, Charles E. [D-NY]</fullName>
        <state>NY</state>
        <identifiers>
          <lisID>1036</lisID>
          <gpoId>8279</gpoId>
          <bioguideId>S000148</bioguideId>
        </identifiers>
        <party>D</party>
        <sponsorshipDate>2017-08-01</sponsorshipDate>
        <middleName>E.</middleName>
        <isOriginalCosponsor>True</isOriginalCosponsor>
        <lastName>SCHUMER</lastName>
        <bioguideId>S000148</bioguideId>
        <sponsorshipWithdrawnDate />
        <firstName>CHARLES</firstName>
      </item>
    </cosponsors>
    <calendarNumbers />
    <billNumber>237</billNumber>
    <laws />
    <latestAction>
      <actionDate>2017-08-01</actionDate>
      <links />
      <text>Submitted in the Senate, considered, and agreed to without amendment and with a preamble by Unanimous Consent. (Sponsor introductory remarks on measure: CR S4672; consideration: CR S4635; text of measure as introduced: CR S4672)</text>
    </latestAction>
    <committees>
      <billCommittees />
    </committees>
    <recordedVotes />
    <actions>
      <actionByCounts>
        <senate>3</senate>
      </actionByCounts>
      <actionTypeCounts>
        <passedOrAgreedToInSenateDayOf>1</passedOrAgreedToInSenateDayOf>
        <introducedInSenate>1</introducedInSenate>
        <passedAgreedToInSenate>1</passedAgreedToInSenate>
      </actionTypeCounts>
      <item>
        <actionDate>2017-08-01</actionDate>
        <committee />
        <links>
          <link>
            <name>S4635</name>
            <url>https://www.congress.gov/congressional-record/volume-163/senate-section/page/S4635</url>
          </link>
          <link>
            <name>S4672</name>
            <url>https://www.congress.gov/congressional-record/volume-163/senate-section/page/S4672</url>
          </link>
        </links>
        <sourceSystem>
          <name>Senate</name>
          <code>0</code>
        </sourceSystem>
        <text>Submitted in the Senate, considered, and agreed to without amendment and with a preamble by Unanimous Consent. (Sponsor introductory remarks on measure: CR S4672; consideration: CR S4635; text of measure as introduced: CR S4672)</text>
        <type>Floor</type>
      </item>
      <item>
        <actionDate>2017-08-01</actionDate>
        <type>Floor</type>
        <sourceSystem>
          <name>Library of Congress</name>
          <code>9</code>
        </sourceSystem>
        <committee />
        <text>Passed/agreed to in Senate: Submitted in the Senate, considered, and agreed to without amendment and with a preamble by Unanimous Consent.(Sponsor introductory remarks on measure: CR S4672; consideration: CR S4635; text of measure as introduced: CR S4672)</text>
        <actionCode>17000</actionCode>
        <links>
          <link>
            <name>S4635</name>
            <url>https://www.congress.gov/congressional-record/volume-163/senate-section/page/S4635</url>
          </link>
          <link>
            <name>S4672</name>
            <url>https://www.congress.gov/congressional-record/volume-163/senate-section/page/S4672</url>
          </link>
        </links>
      </item>
      <item>
        <actionDate>2017-08-01</actionDate>
        <type>IntroReferral</type>
        <sourceSystem>
          <name>Library of Congress</name>
          <code>9</code>
        </sourceSystem>
        <committee />
        <text>Introduced in Senate</text>
        <actionCode>10000</actionCode>
        <links />
      </item>
    </actions>
    <cboCostEstimates />
    <congress>115</congress>
    <policyArea>
      <name>Congress</name>
    </policyArea>
    <summaries>
      <billSummaries>
        <item>
          <versionCode>00</versionCode>
          <text><![CDATA[<p>Authorizes the Chairman and Ranking Minority Member of the Permanent Subcommittee on Investigations of the Committee on Homeland Security and Governmental Affairs to provide records of the subcommittee's investigation into Internet sex trafficking to law enforcement officials, regulatory agencies, and other entities or individuals duly authorized by federal or state governments.</p>]]></text>
          <name>Introduced in Senate</name>
          <actionDate>2017-08-01</actionDate>
          <updateDate>2017-08-01T04:00:00Z</updateDate>
          <lastSummaryUpdateDate>2018-02-05T22:37:33Z</lastSummaryUpdateDate>
          <actionDesc>Introduced in Senate</actionDesc>
        </item>
        <item>
          <versionCode>82</versionCode>
          <text><![CDATA[<p>(This measure has not been amended since it was introduced. The summary of that version is repeated here.)</p> <p>Authorizes the Chairman and Ranking Minority Member of the Permanent Subcommittee on Investigations of the Committee on Homeland Security and Governmental Affairs to provide records of the subcommittee's investigation into Internet sex trafficking to law enforcement officials, regulatory agencies, and other entities or individuals duly authorized by federal or state governments.</p>]]></text>
          <name>Passed Senate without amendment</name>
          <actionDate>2017-08-01</actionDate>
          <updateDate>2017-08-01T13:14:54Z</updateDate>
          <lastSummaryUpdateDate>2018-02-05T22:37:56Z</lastSummaryUpdateDate>
          <actionDesc>Passed Senate without amendment</actionDesc>
        </item>
      </billSummaries>
    </summaries>
    <originChamber>Senate</originChamber>
    <billType>SRES</billType>
    <amendments />
    <subjects>
      <billSubjects>
        <legislativeSubjects>
          <item>
            <name>Congressional committees</name>
          </item>
          <item>
            <name>Congressional oversight</name>
          </item>
          <item>
            <name>Criminal investigation, prosecution, interrogation</name>
          </item>
          <item>
            <name>Evidence and witnesses</name>
          </item>
          <item>
            <name>Human trafficking</name>
          </item>
          <item>
            <name>Senate Committee on Homeland Security and Governmental Affairs</name>
          </item>
          <item>
            <name>Sex offenses</name>
          </item>
        </legislativeSubjects>
        <policyArea>
          <name>Congress</name>
        </policyArea>
      </billSubjects>
    </subjects>
  </bill>
  <dublinCore xmlns:dc="http://purl.org/dc/elements/1.1/">
    <dc:format>text/xml</dc:format>
    <dc:language>EN</dc:language>
    <dc:rights>Pursuant to Title 17 Section 105 of the United States Code, this file is not subject to copyright protection and is in the public domain.</dc:rights>
    <dc:contributor>Congressional Research Service, Library of Congress</dc:contributor>
    <dc:description>This file contains bill summaries and statuses for federal legislation. A bill summary describes the most significant provisions of a piece of legislation and details the effects the legislative text may have on current law and federal programs. Bill summaries are authored by the Congressional Research Service (CRS) of the Library of Congress. As stated in Public Law 91-510 (2 USC 166 (d)(6)), one of the duties of CRS is "to prepare summaries and digests of bills and resolutions of a public general nature introduced in the Senate or House of Representatives". For more information, refer to the User Guide that accompanies this file.</dc:description>
  </dublinCore>
</billStatus>

