<?xml version="1.0" encoding="UTF-8"?>
<billStatus>
  <bill>
    <subjects>
      <billSubjects>
        <legislativeSubjects />
        <policyArea>
          <name>Sports and Recreation</name>
        </policyArea>
      </billSubjects>
    </subjects>
    <cosponsors>
      <item>
        <fullName>Sen. Thune, John [R-SD]</fullName>
        <lastName>THUNE</lastName>
        <sponsorshipDate>2018-02-07</sponsorshipDate>
        <isOriginalCosponsor>True</isOriginalCosponsor>
        <bioguideId>T000250</bioguideId>
        <party>R</party>
        <middleName>R.</middleName>
        <state>SD</state>
        <sponsorshipWithdrawnDate />
        <firstName>JOHN</firstName>
        <identifiers>
          <bioguideId>T000250</bioguideId>
          <lisID>1534</lisID>
          <gpoId>8257</gpoId>
        </identifiers>
      </item>
      <item>
        <fullName>Sen. Nelson, Bill [D-FL]</fullName>
        <lastName>NELSON</lastName>
        <sponsorshipDate>2018-02-07</sponsorshipDate>
        <isOriginalCosponsor>True</isOriginalCosponsor>
        <bioguideId>N000032</bioguideId>
        <party>D</party>
        <middleName>WILLIAM</middleName>
        <state>FL</state>
        <sponsorshipWithdrawnDate />
        <firstName>CLARENCE</firstName>
        <identifiers>
          <lisID>859</lisID>
          <bioguideId>N000032</bioguideId>
          <gpoId>8236</gpoId>
        </identifiers>
      </item>
      <item>
        <fullName>Sen. Collins, Susan M. [R-ME]</fullName>
        <lastName>COLLINS</lastName>
        <sponsorshipDate>2018-02-07</sponsorshipDate>
        <isOriginalCosponsor>True</isOriginalCosponsor>
        <bioguideId>C001035</bioguideId>
        <party>R</party>
        <middleName>MARGARET</middleName>
        <state>ME</state>
        <sponsorshipWithdrawnDate />
        <firstName>SUSAN</firstName>
        <identifiers>
          <lisID>1541</lisID>
          <bioguideId>C001035</bioguideId>
          <gpoId>8291</gpoId>
        </identifiers>
      </item>
      <item>
        <fullName>Sen. Warren, Elizabeth [D-MA]</fullName>
        <lastName>Warren</lastName>
        <sponsorshipDate>2018-02-07</sponsorshipDate>
        <isOriginalCosponsor>True</isOriginalCosponsor>
        <bioguideId>W000817</bioguideId>
        <party>D</party>
        <middleName>A.</middleName>
        <state>MA</state>
        <sponsorshipWithdrawnDate />
        <firstName>Elizabeth</firstName>
        <identifiers>
          <gpoId />
          <lisID>2182</lisID>
          <bioguideId>W000817</bioguideId>
        </identifiers>
      </item>
      <item>
        <fullName>Sen. Durbin, Richard J. [D-IL]</fullName>
        <lastName>DURBIN</lastName>
        <sponsorshipDate>2018-02-07</sponsorshipDate>
        <isOriginalCosponsor>True</isOriginalCosponsor>
        <bioguideId>D000563</bioguideId>
        <party>D</party>
        <middleName>J.</middleName>
        <state>IL</state>
        <sponsorshipWithdrawnDate />
        <firstName>RICHARD</firstName>
        <identifiers>
          <lisID>326</lisID>
          <bioguideId>D000563</bioguideId>
          <gpoId>8326</gpoId>
        </identifiers>
      </item>
    </cosponsors>
    <introducedDate>2018-02-07</introducedDate>
    <cboCostEstimates />
    <latestAction>
      <text>Submitted in the Senate, considered, and agreed to without amendment and with a preamble by Unanimous Consent. (consideration: CR S697-698; text: CR S708; Sponsor introductory remarks on measure: CR S708-709)</text>
      <actionDate>2018-02-07</actionDate>
      <links />
    </latestAction>
    <notes />
    <billType>SRES</billType>
    <originChamber>Senate</originChamber>
    <summaries>
      <billSummaries>
        <item>
          <versionCode>00</versionCode>
          <name>Introduced in Senate</name>
          <actionDate>2018-02-07</actionDate>
          <lastSummaryUpdateDate>2018-02-28T16:42:42Z</lastSummaryUpdateDate>
          <text><![CDATA[<p>Supports: (1) observing National Girls and Women in Sports Day on February 7, 2018, to recognize: (1) the female athletes who represent schools, universities, and the United States in their athletic pursuits; and (2) the vital role that the people of the United States have in empowering girls and women in sports.</p> <p>Supports: (1) marking the observation of such day with legislative efforts to protect young athletes from sexual abuse, and (2) efforts to promote equality in sports and access to athletic opportunities for girls and women and to support the U.S. commitment to expanding athletic participation for all girls and future generations of women athletes.</p>]]></text>
          <updateDate>2018-02-07T05:00:00Z</updateDate>
          <actionDesc>Introduced in Senate</actionDesc>
        </item>
        <item>
          <versionCode>82</versionCode>
          <name>Passed Senate without amendment</name>
          <actionDate>2018-02-07</actionDate>
          <lastSummaryUpdateDate>2018-02-28T16:43:02Z</lastSummaryUpdateDate>
          <text><![CDATA[<p>(This measure has not been amended since it was introduced. The summary of that version is repeated here.)</p> <p>Supports: (1) observing National Girls and Women in Sports Day on February 7, 2018, to recognize: (1) the female athletes who represent schools, universities, and the United States in their athletic pursuits; and (2) the vital role that the people of the United States have in empowering girls and women in sports.</p> <p>Supports: (1) marking the observation of such day with legislative efforts to protect young athletes from sexual abuse, and (2) efforts to promote equality in sports and access to athletic opportunities for girls and women and to support the U.S. commitment to expanding athletic participation for all girls and future generations of women athletes.</p>]]></text>
          <updateDate>2018-02-07T14:23:36Z</updateDate>
          <actionDesc>Passed Senate without amendment</actionDesc>
        </item>
      </billSummaries>
    </summaries>
    <amendments />
    <relatedBills />
    <updateDate>2018-02-28T19:17:54Z</updateDate>
    <policyArea>
      <name>Sports and Recreation</name>
    </policyArea>
    <sponsors>
      <item>
        <firstName>DIANNE</firstName>
        <middleName />
        <lastName>FEINSTEIN</lastName>
        <fullName>Sen. Feinstein, Dianne [D-CA]</fullName>
        <bioguideId>F000062</bioguideId>
        <state>CA</state>
        <byRequestType />
        <identifiers>
          <bioguideId>F000062</bioguideId>
          <lisID>1332</lisID>
          <gpoId>8338</gpoId>
        </identifiers>
        <party>D</party>
      </item>
    </sponsors>
    <committeeReports />
    <billNumber>398</billNumber>
    <titles>
      <item>
        <title>A resolution supporting the observation of "National Girls &amp; Women in Sports Day" on February 7, 2018, to raise awareness of and celebrate the achievements of girls and women in sports.</title>
        <chamberCode />
        <titleType>Official Title as Introduced</titleType>
        <parentTitleType />
        <chamberName />
      </item>
      <item>
        <title>A resolution supporting the observation of "National Girls &amp; Women in Sports Day" on February 7, 2018, to raise awareness of and celebrate the achievements of girls and women in sports.</title>
        <chamberCode />
        <titleType>Display Title</titleType>
        <parentTitleType />
        <chamberName />
      </item>
    </titles>
    <calendarNumbers />
    <createDate>2018-02-08T02:26:00Z</createDate>
    <title>A resolution supporting the observation of "National Girls &amp; Women in Sports Day" on February 7, 2018, to raise awareness of and celebrate the achievements of girls and women in sports.</title>
    <congress>115</congress>
    <version>1.0.0</version>
    <committees>
      <billCommittees />
    </committees>
    <laws />
    <actions>
      <actionByCounts>
        <senate>3</senate>
      </actionByCounts>
      <item>
        <actionDate>2018-02-07</actionDate>
        <committee />
        <links>
          <link>
            <url>https://www.congress.gov/congressional-record/volume-164/senate-section/page/S697-698</url>
            <name>S697-698</name>
          </link>
          <link>
            <url>https://www.congress.gov/congressional-record/volume-164/senate-section/page/S708</url>
            <name>S708</name>
          </link>
          <link>
            <url>https://www.congress.gov/congressional-record/volume-164/senate-section/page/S708-709</url>
            <name>S708-709</name>
          </link>
        </links>
        <sourceSystem>
          <name>Senate</name>
          <code>0</code>
        </sourceSystem>
        <text>Submitted in the Senate, considered, and agreed to without amendment and with a preamble by Unanimous Consent. (consideration: CR S697-698; text: CR S708; Sponsor introductory remarks on measure: CR S708-709)</text>
        <type>Floor</type>
      </item>
      <item>
        <links>
          <link>
            <url>https://www.congress.gov/congressional-record/volume-164/senate-section/page/S697-698</url>
            <name>S697-698</name>
          </link>
          <link>
            <url>https://www.congress.gov/congressional-record/volume-164/senate-section/page/S708</url>
            <name>S708</name>
          </link>
          <link>
            <url>https://www.congress.gov/congressional-record/volume-164/senate-section/page/S708-709</url>
            <name>S708-709</name>
          </link>
        </links>
        <text>Passed/agreed to in Senate: Submitted in the Senate, considered, and agreed to without amendment and with a preamble by Unanimous Consent.(consideration: CR S697-698; text: CR S708; Sponsor introductory remarks on measure: CR S708-709)</text>
        <committee />
        <actionDate>2018-02-07</actionDate>
        <type>Floor</type>
        <actionCode>17000</actionCode>
        <sourceSystem>
          <name>Library of Congress</name>
          <code>9</code>
        </sourceSystem>
      </item>
      <item>
        <links />
        <text>Introduced in Senate</text>
        <committee />
        <actionDate>2018-02-07</actionDate>
        <type>IntroReferral</type>
        <actionCode>10000</actionCode>
        <sourceSystem>
          <name>Library of Congress</name>
          <code>9</code>
        </sourceSystem>
      </item>
      <actionTypeCounts>
        <passedOrAgreedToInSenateDayOf>1</passedOrAgreedToInSenateDayOf>
        <passedAgreedToInSenate>1</passedAgreedToInSenate>
        <introducedInSenate>1</introducedInSenate>
      </actionTypeCounts>
    </actions>
    <recordedVotes />
  </bill>
  <dublinCore xmlns:dc="http://purl.org/dc/elements/1.1/">
    <dc:format>text/xml</dc:format>
    <dc:language>EN</dc:language>
    <dc:rights>Pursuant to Title 17 Section 105 of the United States Code, this file is not subject to copyright protection and is in the public domain.</dc:rights>
    <dc:contributor>Congressional Research Service, Library of Congress</dc:contributor>
    <dc:description>This file contains bill summaries and statuses for federal legislation. A bill summary describes the most significant provisions of a piece of legislation and details the effects the legislative text may have on current law and federal programs. Bill summaries are authored by the Congressional Research Service (CRS) of the Library of Congress. As stated in Public Law 91-510 (2 USC 166 (d)(6)), one of the duties of CRS is "to prepare summaries and digests of bills and resolutions of a public general nature introduced in the Senate or House of Representatives". For more information, refer to the User Guide that accompanies this file.</dc:description>
  </dublinCore>
</billStatus>

