<?xml version="1.0" encoding="UTF-8"?>
<billStatus>
  <bill>
    <calendarNumbers />
    <congress>115</congress>
    <titles>
      <item>
        <chamberName />
        <titleType>Official Title as Introduced</titleType>
        <title>A resolution designating the month of June 2017, as "National Post-Traumatic Stress Awareness Month" and June 27, 2017, as "National Post-Traumatic Stress Awareness Day".</title>
        <parentTitleType />
        <chamberCode />
      </item>
      <item>
        <chamberName />
        <titleType>Display Title</titleType>
        <title>A resolution designating the month of June 2017, as "National Post-Traumatic Stress Awareness Month" and June 27, 2017, as "National Post-Traumatic Stress Awareness Day".</title>
        <parentTitleType />
        <chamberCode />
      </item>
    </titles>
    <introducedDate>2017-06-26</introducedDate>
    <latestAction>
      <actionDate>2017-08-01</actionDate>
      <text>Resolution agreed to in Senate without amendment and with a preamble by Unanimous Consent. (consideration: CR S4695)</text>
      <links />
    </latestAction>
    <title>A resolution designating the month of June 2017, as "National Post-Traumatic Stress Awareness Month" and June 27, 2017, as "National Post-Traumatic Stress Awareness Day".</title>
    <subjects>
      <billSubjects>
        <legislativeSubjects>
          <item>
            <name>Commemorative events and holidays</name>
          </item>
          <item>
            <name>Department of Veterans Affairs</name>
          </item>
          <item>
            <name>Emergency medical services and trauma care</name>
          </item>
          <item>
            <name>Health promotion and preventive care</name>
          </item>
          <item>
            <name>Mental health</name>
          </item>
          <item>
            <name>Military medicine</name>
          </item>
          <item>
            <name>Military personnel and dependents</name>
          </item>
          <item>
            <name>Veterans' medical care</name>
          </item>
        </legislativeSubjects>
        <policyArea>
          <name>Armed Forces and National Security</name>
        </policyArea>
      </billSubjects>
    </subjects>
    <relatedBills>
      <item>
        <congress>115</congress>
        <latestTitle>Expressing support for designation of the month of June 2017 as "National Post-Traumatic Stress Injury Awareness Month'' and June 27, 2017, as "National Post-Traumatic Stress Injury Awareness Day''.</latestTitle>
        <number>391</number>
        <type>HRES</type>
        <latestAction>
          <text>Referred to the Subcommittee on Military Personnel.</text>
          <actionDate>2017-07-17</actionDate>
        </latestAction>
        <relationshipDetails>
          <item>
            <type>Related bill</type>
            <identifiedBy>CRS</identifiedBy>
          </item>
        </relationshipDetails>
      </item>
    </relatedBills>
    <updateDate>2018-02-06T16:44:10Z</updateDate>
    <committeeReports />
    <notes />
    <recordedVotes />
    <amendments />
    <createDate>2017-06-27T00:26:34Z</createDate>
    <committees>
      <billCommittees>
        <item>
          <chamber>Senate</chamber>
          <name>Judiciary Committee</name>
          <systemCode>ssju00</systemCode>
          <activities>
            <item>
              <date>2017-08-01T23:58:59Z</date>
              <name>Discharged from</name>
            </item>
            <item>
              <date>2017-06-26T23:30:09Z</date>
              <name>Referred to</name>
            </item>
          </activities>
          <type>Standing</type>
          <subcommittees />
        </item>
      </billCommittees>
    </committees>
    <cboCostEstimates />
    <billNumber>203</billNumber>
    <policyArea>
      <name>Armed Forces and National Security</name>
    </policyArea>
    <version>1.0.0</version>
    <billType>SRES</billType>
    <originChamber>Senate</originChamber>
    <actions>
      <actionTypeCounts>
        <referredToCommittee>1</referredToCommittee>
        <passedAgreedToInSenate>1</passedAgreedToInSenate>
        <introducedInSenate>1</introducedInSenate>
        <agreedToInSenate>1</agreedToInSenate>
        <committeeDischarged>1</committeeDischarged>
        <senateCommitteeDischarged>1</senateCommitteeDischarged>
      </actionTypeCounts>
      <item>
        <actionDate>2017-08-01</actionDate>
        <committee />
        <links>
          <link>
            <name>S4695</name>
            <url>https://www.congress.gov/congressional-record/volume-163/senate-section/page/S4695</url>
          </link>
        </links>
        <sourceSystem>
          <code>0</code>
          <name>Senate</name>
        </sourceSystem>
        <text>Resolution agreed to in Senate without amendment and with a preamble by Unanimous Consent. (consideration: CR S4695)</text>
        <type>Floor</type>
      </item>
      <item>
        <type>Floor</type>
        <text>Passed/agreed to in Senate: Resolution agreed to in Senate without amendment and with a preamble by Unanimous Consent.(consideration: CR S4695)</text>
        <links>
          <link>
            <name>S4695</name>
            <url>https://www.congress.gov/congressional-record/volume-163/senate-section/page/S4695</url>
          </link>
        </links>
        <committee />
        <sourceSystem>
          <code>9</code>
          <name>Library of Congress</name>
        </sourceSystem>
        <actionDate>2017-08-01</actionDate>
        <actionCode>17000</actionCode>
      </item>
      <item>
        <actionDate>2017-08-01</actionDate>
        <committee>
          <systemCode>ssju00</systemCode>
          <name>Judiciary Committee</name>
        </committee>
        <links />
        <sourceSystem>
          <code>0</code>
          <name>Senate</name>
        </sourceSystem>
        <text>Senate Committee on the Judiciary discharged by Unanimous Consent.</text>
        <type>Discharge</type>
      </item>
      <item>
        <type>Committee</type>
        <text>Senate Committee on the Judiciary discharged by Unanimous Consent.</text>
        <links />
        <committee>
          <systemCode>ssju00</systemCode>
          <name>Judiciary Committee</name>
        </committee>
        <sourceSystem>
          <code>9</code>
          <name>Library of Congress</name>
        </sourceSystem>
        <actionDate>2017-08-01</actionDate>
        <actionCode>14500</actionCode>
      </item>
      <item>
        <actionDate>2017-06-26</actionDate>
        <committee>
          <systemCode>ssju00</systemCode>
          <name>Judiciary Committee</name>
        </committee>
        <links>
          <link>
            <name>S3767</name>
            <url>https://www.congress.gov/congressional-record/volume-163/senate-section/page/S3767</url>
          </link>
        </links>
        <sourceSystem>
          <code>0</code>
          <name>Senate</name>
        </sourceSystem>
        <text>Referred to the Committee on the Judiciary. (text of measure as introduced: CR S3767)</text>
        <type>IntroReferral</type>
      </item>
      <item>
        <type>IntroReferral</type>
        <text>Introduced in Senate</text>
        <links />
        <committee />
        <sourceSystem>
          <code>9</code>
          <name>Library of Congress</name>
        </sourceSystem>
        <actionDate>2017-06-26</actionDate>
        <actionCode>10000</actionCode>
      </item>
      <actionByCounts>
        <senate>6</senate>
      </actionByCounts>
    </actions>
    <sponsors>
      <item>
        <bioguideId>H001069</bioguideId>
        <party>D</party>
        <firstName>Heidi</firstName>
        <middleName />
        <byRequestType />
        <fullName>Sen. Heitkamp, Heidi [D-ND]</fullName>
        <identifiers>
          <lisID>2174</lisID>
          <gpoId />
          <bioguideId>H001069</bioguideId>
        </identifiers>
        <lastName>Heitkamp</lastName>
        <state>ND</state>
      </item>
    </sponsors>
    <summaries>
      <billSummaries>
        <item>
          <updateDate>2017-06-26T04:00:00Z</updateDate>
          <lastSummaryUpdateDate>2017-08-15T21:16:52Z</lastSummaryUpdateDate>
          <actionDate>2017-06-26</actionDate>
          <name>Introduced in Senate</name>
          <actionDesc>Introduced in Senate</actionDesc>
          <versionCode>00</versionCode>
          <text><![CDATA[<p> Designates June 2017 as National Post-Traumatic Stress Awareness Month and June 27, 2017, as National Post-Traumatic Stress Awareness Day.</p> <p>Supports efforts of the Department of Veterans Affairs (VA) and the Department of Defense, as well as the medical community, to educate members of the Armed Forces, veterans, their families, and the public about the causes, symptoms, and treatment of post-traumatic stress.</p> <p> Welcomes the efforts of the VA's National Center for PTSD (post-traumatic stress disorder) and local Vet Centers to assist veterans suffering from the effects of post-traumatic stress.</p> <p>Encourages Armed Forces commanders to support appropriate treatment of Armed Forces personnel who suffer from post-traumatic stress.</p>]]></text>
        </item>
        <item>
          <updateDate>2017-08-01T13:04:16Z</updateDate>
          <lastSummaryUpdateDate>2017-08-15T21:18:09Z</lastSummaryUpdateDate>
          <actionDate>2017-08-01</actionDate>
          <name>Passed Senate without amendment</name>
          <actionDesc>Passed Senate without amendment</actionDesc>
          <versionCode>82</versionCode>
          <text><![CDATA[<p>(This measure has not been amended since it was introduced. The summary of that version is repeated here.)</p> <p> Designates June 2017 as National Post-Traumatic Stress Awareness Month and June 27, 2017, as National Post-Traumatic Stress Awareness Day.</p> <p>Supports efforts of the Department of Veterans Affairs (VA) and the Department of Defense, as well as the medical community, to educate members of the Armed Forces, veterans, their families, and the public about the causes, symptoms, and treatment of post-traumatic stress.</p> <p> Welcomes the efforts of the VA's National Center for PTSD (post-traumatic stress disorder) and local Vet Centers to assist veterans suffering from the effects of post-traumatic stress.</p> <p>Encourages Armed Forces commanders to support appropriate treatment of Armed Forces personnel who suffer from post-traumatic stress.</p>]]></text>
        </item>
      </billSummaries>
    </summaries>
    <laws />
    <cosponsors>
      <item>
        <isOriginalCosponsor>True</isOriginalCosponsor>
        <fullName>Sen. Heller, Dean [R-NV]</fullName>
        <middleName />
        <state>NV</state>
        <sponsorshipDate>2017-06-26</sponsorshipDate>
        <firstName>Dean</firstName>
        <bioguideId>H001041</bioguideId>
        <party>R</party>
        <lastName>Heller</lastName>
        <sponsorshipWithdrawnDate />
        <identifiers>
          <bioguideId>H001041</bioguideId>
          <gpoId>8060</gpoId>
          <lisID>1863</lisID>
        </identifiers>
      </item>
      <item>
        <isOriginalCosponsor>True</isOriginalCosponsor>
        <fullName>Sen. Tester, Jon [D-MT]</fullName>
        <middleName />
        <state>MT</state>
        <sponsorshipDate>2017-06-26</sponsorshipDate>
        <firstName>Jon</firstName>
        <bioguideId>T000464</bioguideId>
        <party>D</party>
        <lastName>Tester</lastName>
        <sponsorshipWithdrawnDate />
        <identifiers>
          <lisID>1829</lisID>
          <gpoId>8258</gpoId>
          <bioguideId>T000464</bioguideId>
        </identifiers>
      </item>
      <item>
        <isOriginalCosponsor>True</isOriginalCosponsor>
        <fullName>Sen. Tillis, Thom [R-NC]</fullName>
        <middleName>Roland</middleName>
        <state>NC</state>
        <sponsorshipDate>2017-06-26</sponsorshipDate>
        <firstName>Thomas</firstName>
        <bioguideId>T000476</bioguideId>
        <party>R</party>
        <lastName>Tillis</lastName>
        <sponsorshipWithdrawnDate />
        <identifiers>
          <lisID>2291</lisID>
          <bioguideId>T000476</bioguideId>
          <gpoId />
        </identifiers>
      </item>
      <item>
        <isOriginalCosponsor>True</isOriginalCosponsor>
        <fullName>Sen. Baldwin, Tammy [D-WI]</fullName>
        <middleName />
        <state>WI</state>
        <sponsorshipDate>2017-06-26</sponsorshipDate>
        <firstName>TAMMY</firstName>
        <bioguideId>B001230</bioguideId>
        <party>D</party>
        <lastName>BALDWIN</lastName>
        <sponsorshipWithdrawnDate />
        <identifiers>
          <lisID>1558</lisID>
          <gpoId>8215</gpoId>
          <bioguideId>B001230</bioguideId>
        </identifiers>
      </item>
      <item>
        <isOriginalCosponsor>True</isOriginalCosponsor>
        <fullName>Sen. Grassley, Chuck [R-IA]</fullName>
        <middleName>ERNEST</middleName>
        <state>IA</state>
        <sponsorshipDate>2017-06-26</sponsorshipDate>
        <firstName>CHARLES</firstName>
        <bioguideId>G000386</bioguideId>
        <party>R</party>
        <lastName>GRASSLEY</lastName>
        <sponsorshipWithdrawnDate />
        <identifiers>
          <bioguideId>G000386</bioguideId>
          <lisID>457</lisID>
          <gpoId>8316</gpoId>
        </identifiers>
      </item>
      <item>
        <isOriginalCosponsor>True</isOriginalCosponsor>
        <fullName>Sen. Brown, Sherrod [D-OH]</fullName>
        <middleName />
        <state>OH</state>
        <sponsorshipDate>2017-06-26</sponsorshipDate>
        <firstName>SHERROD</firstName>
        <bioguideId>B000944</bioguideId>
        <party>D</party>
        <lastName>BROWN</lastName>
        <sponsorshipWithdrawnDate />
        <identifiers>
          <gpoId>8309</gpoId>
          <lisID>136</lisID>
          <bioguideId>B000944</bioguideId>
        </identifiers>
      </item>
      <item>
        <isOriginalCosponsor>True</isOriginalCosponsor>
        <fullName>Sen. Sullivan, Dan  [R-AK]</fullName>
        <middleName />
        <state>AK</state>
        <sponsorshipDate>2017-06-26</sponsorshipDate>
        <firstName>Dan</firstName>
        <bioguideId>S001198</bioguideId>
        <party>R</party>
        <lastName>Sullivan</lastName>
        <sponsorshipWithdrawnDate />
        <identifiers>
          <lisID>2290</lisID>
          <bioguideId>S001198</bioguideId>
          <gpoId />
        </identifiers>
      </item>
      <item>
        <isOriginalCosponsor>True</isOriginalCosponsor>
        <fullName>Sen. Murphy, Christopher [D-CT]</fullName>
        <middleName />
        <state>CT</state>
        <sponsorshipDate>2017-06-26</sponsorshipDate>
        <firstName>Christopher</firstName>
        <bioguideId>M001169</bioguideId>
        <party>D</party>
        <lastName>Murphy</lastName>
        <sponsorshipWithdrawnDate />
        <identifiers>
          <gpoId>7870</gpoId>
          <bioguideId>M001169</bioguideId>
          <lisID>1837</lisID>
        </identifiers>
      </item>
      <item>
        <isOriginalCosponsor>True</isOriginalCosponsor>
        <fullName>Sen. Kennedy, John [R-LA]</fullName>
        <middleName>Neely</middleName>
        <state>LA</state>
        <sponsorshipDate>2017-06-26</sponsorshipDate>
        <firstName>John</firstName>
        <bioguideId>K000393</bioguideId>
        <party>R</party>
        <lastName>Kennedy</lastName>
        <sponsorshipWithdrawnDate />
        <identifiers>
          <lisID>2303</lisID>
          <bioguideId>K000393</bioguideId>
          <gpoId />
        </identifiers>
      </item>
      <item>
        <isOriginalCosponsor>True</isOriginalCosponsor>
        <fullName>Sen. Hirono, Mazie K. [D-HI]</fullName>
        <middleName>K.</middleName>
        <state>HI</state>
        <sponsorshipDate>2017-06-26</sponsorshipDate>
        <firstName>Mazie</firstName>
        <bioguideId>H001042</bioguideId>
        <party>D</party>
        <lastName>Hirono</lastName>
        <sponsorshipWithdrawnDate />
        <identifiers>
          <lisID>1844</lisID>
          <gpoId>7913</gpoId>
          <bioguideId>H001042</bioguideId>
        </identifiers>
      </item>
      <item>
        <isOriginalCosponsor>True</isOriginalCosponsor>
        <fullName>Sen. Hoeven, John [R-ND]</fullName>
        <middleName />
        <state>ND</state>
        <sponsorshipDate>2017-06-26</sponsorshipDate>
        <firstName>John</firstName>
        <bioguideId>H001061</bioguideId>
        <party>R</party>
        <lastName>Hoeven</lastName>
        <sponsorshipWithdrawnDate />
        <identifiers>
          <bioguideId>H001061</bioguideId>
          <lisID>2079</lisID>
          <gpoId>8331</gpoId>
        </identifiers>
      </item>
      <item>
        <isOriginalCosponsor>True</isOriginalCosponsor>
        <fullName>Sen. Leahy, Patrick J. [D-VT]</fullName>
        <middleName>JOSEPH</middleName>
        <state>VT</state>
        <sponsorshipDate>2017-06-26</sponsorshipDate>
        <firstName>PATRICK</firstName>
        <bioguideId>L000174</bioguideId>
        <party>D</party>
        <lastName>LEAHY</lastName>
        <sponsorshipWithdrawnDate />
        <identifiers>
          <lisID>1383</lisID>
          <bioguideId>L000174</bioguideId>
          <gpoId>8244</gpoId>
        </identifiers>
      </item>
      <item>
        <isOriginalCosponsor>True</isOriginalCosponsor>
        <fullName>Sen. Roberts, Pat [R-KS]</fullName>
        <middleName />
        <state>KS</state>
        <sponsorshipDate>2017-06-26</sponsorshipDate>
        <firstName>PAT</firstName>
        <bioguideId>R000307</bioguideId>
        <party>R</party>
        <lastName>ROBERTS</lastName>
        <sponsorshipWithdrawnDate />
        <identifiers>
          <lisID>968</lisID>
          <gpoId>8275</gpoId>
          <bioguideId>R000307</bioguideId>
        </identifiers>
      </item>
      <item>
        <isOriginalCosponsor>True</isOriginalCosponsor>
        <fullName>Sen. Blumenthal, Richard [D-CT]</fullName>
        <middleName />
        <state>CT</state>
        <sponsorshipDate>2017-06-26</sponsorshipDate>
        <firstName>Richard</firstName>
        <bioguideId>B001277</bioguideId>
        <party>D</party>
        <lastName>Blumenthal</lastName>
        <sponsorshipWithdrawnDate />
        <identifiers>
          <gpoId>8332</gpoId>
          <lisID>2076</lisID>
          <bioguideId>B001277</bioguideId>
        </identifiers>
      </item>
      <item>
        <isOriginalCosponsor>True</isOriginalCosponsor>
        <fullName>Sen. Daines, Steve [R-MT]</fullName>
        <middleName />
        <state>MT</state>
        <sponsorshipDate>2017-06-26</sponsorshipDate>
        <firstName>Steve</firstName>
        <bioguideId>D000618</bioguideId>
        <party>R</party>
        <lastName>Daines</lastName>
        <sponsorshipWithdrawnDate />
        <identifiers>
          <gpoId />
          <bioguideId>D000618</bioguideId>
          <lisID>2138</lisID>
        </identifiers>
      </item>
      <item>
        <isOriginalCosponsor>True</isOriginalCosponsor>
        <fullName>Sen. Stabenow, Debbie [D-MI]</fullName>
        <middleName>ANN</middleName>
        <state>MI</state>
        <sponsorshipDate>2017-06-26</sponsorshipDate>
        <firstName>DEBORAH</firstName>
        <bioguideId>S000770</bioguideId>
        <party>D</party>
        <lastName>STABENOW</lastName>
        <sponsorshipWithdrawnDate />
        <identifiers>
          <gpoId>8261</gpoId>
          <bioguideId>S000770</bioguideId>
          <lisID>1531</lisID>
        </identifiers>
      </item>
      <item>
        <isOriginalCosponsor>True</isOriginalCosponsor>
        <fullName>Sen. Crapo, Mike [R-ID]</fullName>
        <middleName>D.</middleName>
        <state>ID</state>
        <sponsorshipDate>2017-06-26</sponsorshipDate>
        <firstName>MICHAEL</firstName>
        <bioguideId>C000880</bioguideId>
        <party>R</party>
        <lastName>CRAPO</lastName>
        <sponsorshipWithdrawnDate />
        <identifiers>
          <bioguideId>C000880</bioguideId>
          <lisID>250</lisID>
          <gpoId>8289</gpoId>
        </identifiers>
      </item>
      <item>
        <isOriginalCosponsor>True</isOriginalCosponsor>
        <fullName>Sen. Heinrich, Martin [D-NM]</fullName>
        <middleName />
        <state>NM</state>
        <sponsorshipDate>2017-06-26</sponsorshipDate>
        <firstName>Martin</firstName>
        <bioguideId>H001046</bioguideId>
        <party>D</party>
        <lastName>Heinrich</lastName>
        <sponsorshipWithdrawnDate />
        <identifiers>
          <lisID>1937</lisID>
          <bioguideId>H001046</bioguideId>
          <gpoId>8056</gpoId>
        </identifiers>
      </item>
      <item>
        <isOriginalCosponsor>True</isOriginalCosponsor>
        <fullName>Sen. Collins, Susan M. [R-ME]</fullName>
        <middleName>MARGARET</middleName>
        <state>ME</state>
        <sponsorshipDate>2017-06-26</sponsorshipDate>
        <firstName>SUSAN</firstName>
        <bioguideId>C001035</bioguideId>
        <party>R</party>
        <lastName>COLLINS</lastName>
        <sponsorshipWithdrawnDate />
        <identifiers>
          <bioguideId>C001035</bioguideId>
          <lisID>1541</lisID>
          <gpoId>8291</gpoId>
        </identifiers>
      </item>
      <item>
        <isOriginalCosponsor>True</isOriginalCosponsor>
        <fullName>Sen. Donnelly, Joe [D-IN]</fullName>
        <middleName />
        <state>IN</state>
        <sponsorshipDate>2017-06-26</sponsorshipDate>
        <firstName>Joe</firstName>
        <bioguideId>D000607</bioguideId>
        <party>D</party>
        <lastName>Donnelly</lastName>
        <sponsorshipWithdrawnDate />
        <identifiers>
          <bioguideId>D000607</bioguideId>
          <lisID>1850</lisID>
          <gpoId>7941</gpoId>
        </identifiers>
      </item>
      <item>
        <isOriginalCosponsor>True</isOriginalCosponsor>
        <fullName>Sen. Durbin, Richard J. [D-IL]</fullName>
        <middleName>J.</middleName>
        <state>IL</state>
        <sponsorshipDate>2017-06-26</sponsorshipDate>
        <firstName>RICHARD</firstName>
        <bioguideId>D000563</bioguideId>
        <party>D</party>
        <lastName>DURBIN</lastName>
        <sponsorshipWithdrawnDate />
        <identifiers>
          <lisID>326</lisID>
          <gpoId>8326</gpoId>
          <bioguideId>D000563</bioguideId>
        </identifiers>
      </item>
      <item>
        <isOriginalCosponsor>True</isOriginalCosponsor>
        <fullName>Sen. Nelson, Bill [D-FL]</fullName>
        <middleName>WILLIAM</middleName>
        <state>FL</state>
        <sponsorshipDate>2017-06-26</sponsorshipDate>
        <firstName>CLARENCE</firstName>
        <bioguideId>N000032</bioguideId>
        <party>D</party>
        <lastName>NELSON</lastName>
        <sponsorshipWithdrawnDate />
        <identifiers>
          <bioguideId>N000032</bioguideId>
          <gpoId>8236</gpoId>
          <lisID>859</lisID>
        </identifiers>
      </item>
      <item>
        <isOriginalCosponsor>True</isOriginalCosponsor>
        <fullName>Sen. Markey, Edward J. [D-MA]</fullName>
        <middleName>J.</middleName>
        <state>MA</state>
        <sponsorshipDate>2017-06-26</sponsorshipDate>
        <firstName>EDWARD</firstName>
        <bioguideId>M000133</bioguideId>
        <party>D</party>
        <lastName>MARKEY</lastName>
        <sponsorshipWithdrawnDate />
        <identifiers>
          <gpoId>7972</gpoId>
          <lisID>735</lisID>
          <bioguideId>M000133</bioguideId>
        </identifiers>
      </item>
      <item>
        <isOriginalCosponsor>True</isOriginalCosponsor>
        <fullName>Sen. Casey, Robert P., Jr. [D-PA]</fullName>
        <middleName />
        <state>PA</state>
        <sponsorshipDate>2017-06-26</sponsorshipDate>
        <firstName>Bob</firstName>
        <bioguideId>C001070</bioguideId>
        <party>D</party>
        <lastName>Casey</lastName>
        <sponsorshipWithdrawnDate />
        <identifiers>
          <gpoId>8282</gpoId>
          <lisID>1828</lisID>
          <bioguideId>C001070</bioguideId>
        </identifiers>
      </item>
      <item>
        <isOriginalCosponsor>True</isOriginalCosponsor>
        <fullName>Sen. Peters, Gary C. [D-MI]</fullName>
        <middleName>C.</middleName>
        <state>MI</state>
        <sponsorshipDate>2017-06-26</sponsorshipDate>
        <firstName>Gary</firstName>
        <bioguideId>P000595</bioguideId>
        <party>D</party>
        <lastName>Peters</lastName>
        <sponsorshipWithdrawnDate />
        <identifiers>
          <lisID>1929</lisID>
          <bioguideId>P000595</bioguideId>
          <gpoId>7994</gpoId>
        </identifiers>
      </item>
      <item>
        <isOriginalCosponsor>True</isOriginalCosponsor>
        <fullName>Sen. Warner, Mark R. [D-VA]</fullName>
        <middleName>R.</middleName>
        <state>VA</state>
        <sponsorshipDate>2017-06-26</sponsorshipDate>
        <firstName>Mark</firstName>
        <bioguideId>W000805</bioguideId>
        <party>D</party>
        <lastName>Warner</lastName>
        <sponsorshipWithdrawnDate />
        <identifiers>
          <bioguideId>W000805</bioguideId>
          <lisID>1897</lisID>
          <gpoId>8269</gpoId>
        </identifiers>
      </item>
      <item>
        <isOriginalCosponsor>True</isOriginalCosponsor>
        <fullName>Sen. Hassan, Margaret Wood [D-NH]</fullName>
        <middleName>Wood</middleName>
        <state>NH</state>
        <sponsorshipDate>2017-06-26</sponsorshipDate>
        <firstName>Margaret</firstName>
        <bioguideId>H001076</bioguideId>
        <party>D</party>
        <lastName>Hassan</lastName>
        <sponsorshipWithdrawnDate />
        <identifiers>
          <lisID>2302</lisID>
          <gpoId />
          <bioguideId>H001076</bioguideId>
        </identifiers>
      </item>
      <item>
        <isOriginalCosponsor>True</isOriginalCosponsor>
        <fullName>Sen. Coons, Christopher A. [D-DE]</fullName>
        <middleName>A.</middleName>
        <state>DE</state>
        <sponsorshipDate>2017-06-26</sponsorshipDate>
        <firstName>Christopher</firstName>
        <bioguideId>C001088</bioguideId>
        <party>D</party>
        <lastName>Coons</lastName>
        <sponsorshipWithdrawnDate />
        <identifiers>
          <lisID>1984</lisID>
          <bioguideId>C001088</bioguideId>
          <gpoId>8297</gpoId>
        </identifiers>
      </item>
      <item>
        <isOriginalCosponsor>True</isOriginalCosponsor>
        <fullName>Sen. Cortez Masto, Catherine  [D-NV]</fullName>
        <middleName />
        <state>NV</state>
        <sponsorshipDate>2017-06-26</sponsorshipDate>
        <firstName>Catherine</firstName>
        <bioguideId>C001113</bioguideId>
        <party>D</party>
        <lastName>Cortez Masto</lastName>
        <sponsorshipWithdrawnDate />
        <identifiers>
          <lisID>2299</lisID>
          <gpoId />
          <bioguideId>C001113</bioguideId>
        </identifiers>
      </item>
      <item>
        <isOriginalCosponsor>True</isOriginalCosponsor>
        <fullName>Sen. Bennet, Michael F. [D-CO]</fullName>
        <middleName>F.</middleName>
        <state>CO</state>
        <sponsorshipDate>2017-06-26</sponsorshipDate>
        <firstName>Michael</firstName>
        <bioguideId>B001267</bioguideId>
        <party>D</party>
        <lastName>Bennet</lastName>
        <sponsorshipWithdrawnDate />
        <identifiers>
          <lisID>1965</lisID>
          <bioguideId>B001267</bioguideId>
          <gpoId>8302</gpoId>
        </identifiers>
      </item>
      <item>
        <isOriginalCosponsor>True</isOriginalCosponsor>
        <fullName>Sen. Cardin, Benjamin L. [D-MD]</fullName>
        <middleName>L.</middleName>
        <state>MD</state>
        <sponsorshipDate>2017-06-26</sponsorshipDate>
        <firstName>BENJAMIN</firstName>
        <bioguideId>C000141</bioguideId>
        <party>D</party>
        <lastName>CARDIN</lastName>
        <sponsorshipWithdrawnDate />
        <identifiers>
          <gpoId>8287</gpoId>
          <lisID>174</lisID>
          <bioguideId>C000141</bioguideId>
        </identifiers>
      </item>
      <item>
        <isOriginalCosponsor>True</isOriginalCosponsor>
        <fullName>Sen. Franken, Al [D-MN]</fullName>
        <middleName />
        <state>MN</state>
        <sponsorshipDate>2017-06-26</sponsorshipDate>
        <firstName>Al</firstName>
        <bioguideId>F000457</bioguideId>
        <party>D</party>
        <lastName>Franken</lastName>
        <sponsorshipWithdrawnDate />
        <identifiers>
          <gpoId>8339</gpoId>
          <lisID>1969</lisID>
          <bioguideId>F000457</bioguideId>
        </identifiers>
      </item>
      <item>
        <isOriginalCosponsor>True</isOriginalCosponsor>
        <fullName>Sen. Feinstein, Dianne [D-CA]</fullName>
        <middleName />
        <state>CA</state>
        <sponsorshipDate>2017-06-26</sponsorshipDate>
        <firstName>DIANNE</firstName>
        <bioguideId>F000062</bioguideId>
        <party>D</party>
        <lastName>FEINSTEIN</lastName>
        <sponsorshipWithdrawnDate />
        <identifiers>
          <gpoId>8338</gpoId>
          <bioguideId>F000062</bioguideId>
          <lisID>1332</lisID>
        </identifiers>
      </item>
    </cosponsors>
  </bill>
  <dublinCore xmlns:dc="http://purl.org/dc/elements/1.1/">
    <dc:format>text/xml</dc:format>
    <dc:language>EN</dc:language>
    <dc:rights>Pursuant to Title 17 Section 105 of the United States Code, this file is not subject to copyright protection and is in the public domain.</dc:rights>
    <dc:contributor>Congressional Research Service, Library of Congress</dc:contributor>
    <dc:description>This file contains bill summaries and statuses for federal legislation. A bill summary describes the most significant provisions of a piece of legislation and details the effects the legislative text may have on current law and federal programs. Bill summaries are authored by the Congressional Research Service (CRS) of the Library of Congress. As stated in Public Law 91-510 (2 USC 166 (d)(6)), one of the duties of CRS is "to prepare summaries and digests of bills and resolutions of a public general nature introduced in the Senate or House of Representatives". For more information, refer to the User Guide that accompanies this file.</dc:description>
  </dublinCore>
</billStatus>

