<?xml version="1.0" encoding="UTF-8"?>
<billStatus>
  <bill>
    <notes />
    <laws />
    <billNumber>245</billNumber>
    <subjects>
      <billSubjects>
        <policyArea>
          <name>International Affairs</name>
        </policyArea>
        <legislativeSubjects>
          <item>
            <name>Detention of persons</name>
          </item>
          <item>
            <name>Diplomacy, foreign officials, Americans abroad</name>
          </item>
          <item>
            <name>Human rights</name>
          </item>
          <item>
            <name>International organizations and cooperation</name>
          </item>
          <item>
            <name>Iran</name>
          </item>
          <item>
            <name>Middle East</name>
          </item>
        </legislativeSubjects>
      </billSubjects>
    </subjects>
    <version>1.0.0</version>
    <calendarNumbers>
      <item>
        <calendar>Senate Calendar of Business</calendar>
        <number>0244</number>
      </item>
    </calendarNumbers>
    <cosponsors>
      <item>
        <fullName>Sen. Leahy, Patrick J. [D-VT]</fullName>
        <state>VT</state>
        <bioguideId>L000174</bioguideId>
        <lastName>LEAHY</lastName>
        <isOriginalCosponsor>True</isOriginalCosponsor>
        <middleName>JOSEPH</middleName>
        <sponsorshipDate>2017-08-03</sponsorshipDate>
        <sponsorshipWithdrawnDate />
        <identifiers>
          <lisID>1383</lisID>
          <gpoId>8244</gpoId>
          <bioguideId>L000174</bioguideId>
        </identifiers>
        <party>D</party>
        <firstName>PATRICK</firstName>
      </item>
      <item>
        <fullName>Sen. Booker, Cory A. [D-NJ]</fullName>
        <state>NJ</state>
        <bioguideId>B001288</bioguideId>
        <lastName>Booker</lastName>
        <isOriginalCosponsor>False</isOriginalCosponsor>
        <middleName>A.</middleName>
        <sponsorshipDate>2017-10-04</sponsorshipDate>
        <sponsorshipWithdrawnDate />
        <identifiers>
          <lisID>2194</lisID>
          <gpoId />
          <bioguideId>B001288</bioguideId>
        </identifiers>
        <party>D</party>
        <firstName>Cory</firstName>
      </item>
      <item>
        <fullName>Sen. Menendez, Robert [D-NJ]</fullName>
        <state>NJ</state>
        <bioguideId>M000639</bioguideId>
        <lastName>MENENDEZ</lastName>
        <isOriginalCosponsor>False</isOriginalCosponsor>
        <middleName />
        <sponsorshipDate>2017-10-04</sponsorshipDate>
        <sponsorshipWithdrawnDate />
        <identifiers>
          <lisID>791</lisID>
          <gpoId>8239</gpoId>
          <bioguideId>M000639</bioguideId>
        </identifiers>
        <party>D</party>
        <firstName>ROBERT</firstName>
      </item>
      <item>
        <fullName>Sen. Young, Todd C. [R-IN]</fullName>
        <state>IN</state>
        <bioguideId>Y000064</bioguideId>
        <lastName>Young</lastName>
        <isOriginalCosponsor>False</isOriginalCosponsor>
        <middleName>C.</middleName>
        <sponsorshipDate>2017-10-05</sponsorshipDate>
        <sponsorshipWithdrawnDate />
        <identifiers>
          <gpoId>7948</gpoId>
          <lisID>2019</lisID>
          <bioguideId>Y000064</bioguideId>
        </identifiers>
        <party>R</party>
        <firstName>Todd</firstName>
      </item>
      <item>
        <fullName>Sen. Gardner, Cory [R-CO]</fullName>
        <state>CO</state>
        <bioguideId>G000562</bioguideId>
        <lastName>Gardner</lastName>
        <isOriginalCosponsor>False</isOriginalCosponsor>
        <middleName />
        <sponsorshipDate>2017-10-05</sponsorshipDate>
        <sponsorshipWithdrawnDate />
        <identifiers>
          <lisID>1998</lisID>
          <gpoId>7862</gpoId>
          <bioguideId>G000562</bioguideId>
        </identifiers>
        <party>R</party>
        <firstName>Cory</firstName>
      </item>
      <item>
        <fullName>Sen. Cotton, Tom [R-AR]</fullName>
        <state>AR</state>
        <bioguideId>C001095</bioguideId>
        <lastName>Cotton</lastName>
        <isOriginalCosponsor>False</isOriginalCosponsor>
        <middleName />
        <sponsorshipDate>2017-10-05</sponsorshipDate>
        <sponsorshipWithdrawnDate />
        <identifiers>
          <lisID>2098</lisID>
          <gpoId />
          <bioguideId>C001095</bioguideId>
        </identifiers>
        <party>R</party>
        <firstName>Tom</firstName>
      </item>
      <item>
        <fullName>Sen. Rubio, Marco [R-FL]</fullName>
        <state>FL</state>
        <bioguideId>R000595</bioguideId>
        <lastName>Rubio</lastName>
        <isOriginalCosponsor>False</isOriginalCosponsor>
        <middleName />
        <sponsorshipDate>2017-10-05</sponsorshipDate>
        <sponsorshipWithdrawnDate />
        <identifiers>
          <gpoId>8242</gpoId>
          <lisID>2084</lisID>
          <bioguideId>R000595</bioguideId>
        </identifiers>
        <party>R</party>
        <firstName>Marco</firstName>
      </item>
      <item>
        <fullName>Sen. Perdue, David [R-GA]</fullName>
        <state>GA</state>
        <bioguideId>P000612</bioguideId>
        <lastName>Perdue</lastName>
        <isOriginalCosponsor>False</isOriginalCosponsor>
        <middleName>Alfred</middleName>
        <sponsorshipDate>2017-10-24</sponsorshipDate>
        <sponsorshipWithdrawnDate />
        <identifiers>
          <gpoId />
          <lisID>2286</lisID>
          <bioguideId>P000612</bioguideId>
        </identifiers>
        <party>R</party>
        <firstName>David</firstName>
      </item>
      <item>
        <fullName>Sen. Nelson, Bill [D-FL]</fullName>
        <state>FL</state>
        <bioguideId>N000032</bioguideId>
        <lastName>NELSON</lastName>
        <isOriginalCosponsor>False</isOriginalCosponsor>
        <middleName>WILLIAM</middleName>
        <sponsorshipDate>2017-10-24</sponsorshipDate>
        <sponsorshipWithdrawnDate />
        <identifiers>
          <lisID>859</lisID>
          <gpoId>8236</gpoId>
          <bioguideId>N000032</bioguideId>
        </identifiers>
        <party>D</party>
        <firstName>CLARENCE</firstName>
      </item>
    </cosponsors>
    <recordedVotes />
    <createDate>2017-08-04T00:42:11Z</createDate>
    <introducedDate>2017-08-03</introducedDate>
    <latestAction>
      <actionDate>2017-10-31</actionDate>
      <text>Resolution agreed to in Senate without amendment and with a preamble by Unanimous Consent. (consideration: CR S6931)</text>
      <links />
    </latestAction>
    <policyArea>
      <name>International Affairs</name>
    </policyArea>
    <congress>115</congress>
    <actions>
      <item>
        <actionDate>2017-10-31</actionDate>
        <committee />
        <links>
          <link>
            <url>https://www.congress.gov/congressional-record/volume-163/senate-section/page/S6931</url>
            <name>S6931</name>
          </link>
        </links>
        <sourceSystem>
          <code>0</code>
          <name>Senate</name>
        </sourceSystem>
        <text>Resolution agreed to in Senate without amendment and with a preamble by Unanimous Consent. (consideration: CR S6931)</text>
        <type>Floor</type>
      </item>
      <item>
        <committee />
        <type>Floor</type>
        <sourceSystem>
          <code>9</code>
          <name>Library of Congress</name>
        </sourceSystem>
        <text>Passed/agreed to in Senate: Resolution agreed to in Senate without amendment and with a preamble by Unanimous Consent.(consideration: CR S6931)</text>
        <links>
          <link>
            <url>https://www.congress.gov/congressional-record/volume-163/senate-section/page/S6931</url>
            <name>S6931</name>
          </link>
        </links>
        <actionDate>2017-10-31</actionDate>
        <actionCode>17000</actionCode>
      </item>
      <item>
        <actionDate>2017-10-16</actionDate>
        <committee />
        <links />
        <sourceSystem>
          <code>0</code>
          <name>Senate</name>
        </sourceSystem>
        <text>Placed on Senate Legislative Calendar under General Orders. Calendar No. 244.</text>
        <type>Calendars</type>
      </item>
      <item>
        <actionDate>2017-10-16</actionDate>
        <committee>
          <systemCode>ssfr00</systemCode>
          <name>Foreign Relations Committee</name>
        </committee>
        <links />
        <sourceSystem>
          <code>0</code>
          <name>Senate</name>
        </sourceSystem>
        <text>Committee on Foreign Relations. Reported by Senator Corker without amendment and with a preamble. Without written report.</text>
        <type>Committee</type>
      </item>
      <item>
        <committee>
          <systemCode>ssfr00</systemCode>
          <name>Foreign Relations Committee</name>
        </committee>
        <type>Committee</type>
        <sourceSystem>
          <code>9</code>
          <name>Library of Congress</name>
        </sourceSystem>
        <text>Committee on Foreign Relations. Reported by Senator Corker without amendment and with a preamble. Without written report.</text>
        <links />
        <actionDate>2017-10-16</actionDate>
        <actionCode>14000</actionCode>
      </item>
      <item>
        <actionDate>2017-10-05</actionDate>
        <committee>
          <systemCode>ssfr00</systemCode>
          <name>Foreign Relations Committee</name>
        </committee>
        <links />
        <sourceSystem>
          <code>0</code>
          <name>Senate</name>
        </sourceSystem>
        <text>Committee on Foreign Relations. Ordered to be reported without amendment favorably.</text>
        <type>Committee</type>
      </item>
      <item>
        <actionDate>2017-08-03</actionDate>
        <committee>
          <systemCode>ssfr00</systemCode>
          <name>Foreign Relations Committee</name>
        </committee>
        <links>
          <link>
            <url>https://www.congress.gov/congressional-record/volume-163/senate-section/page/S4881</url>
            <name>S4881</name>
          </link>
        </links>
        <sourceSystem>
          <code>0</code>
          <name>Senate</name>
        </sourceSystem>
        <text>Referred to the Committee on Foreign Relations. (text of measure as introduced: CR S4881)</text>
        <type>IntroReferral</type>
      </item>
      <item>
        <committee />
        <type>IntroReferral</type>
        <sourceSystem>
          <code>9</code>
          <name>Library of Congress</name>
        </sourceSystem>
        <text>Introduced in Senate</text>
        <links />
        <actionDate>2017-08-03</actionDate>
        <actionCode>10000</actionCode>
      </item>
      <actionTypeCounts>
        <orderedReported>1</orderedReported>
        <reportedToSenate>2</reportedToSenate>
        <placedOnCalendarGeneralOrders>1</placedOnCalendarGeneralOrders>
        <passedAgreedToInSenate>1</passedAgreedToInSenate>
        <agreedToInSenate>1</agreedToInSenate>
        <introducedInSenate>1</introducedInSenate>
        <referredToCommittee>1</referredToCommittee>
      </actionTypeCounts>
      <actionByCounts>
        <senate>8</senate>
      </actionByCounts>
    </actions>
    <relatedBills>
      <item>
        <latestAction>
          <actionDate>2017-07-10</actionDate>
          <text>Referred to the Committee on Foreign Relations.</text>
        </latestAction>
        <number>216</number>
        <relationshipDetails>
          <item>
            <identifiedBy>CRS</identifiedBy>
            <type>Related bill</type>
          </item>
        </relationshipDetails>
        <type>SRES</type>
        <congress>115</congress>
        <latestTitle>A resolution calling on the Government of Iran to release unjustly detained United States citizens and legal permanent resident aliens, and for other purposes.</latestTitle>
      </item>
      <item>
        <latestAction>
          <actionTime>15:10:29</actionTime>
          <actionDate>2017-07-26</actionDate>
          <text>Motion to reconsider laid on the table Agreed to without objection.</text>
        </latestAction>
        <number>317</number>
        <relationshipDetails>
          <item>
            <identifiedBy>CRS</identifiedBy>
            <type>Related bill</type>
          </item>
        </relationshipDetails>
        <type>HRES</type>
        <congress>115</congress>
        <latestTitle>Calling for the unconditional release of United States citizens and legal permanent resident aliens being held for political purposes by the Government of Iran.</latestTitle>
      </item>
    </relatedBills>
    <billType>SRES</billType>
    <amendments />
    <originChamber>Senate</originChamber>
    <cboCostEstimates />
    <committeeReports />
    <summaries>
      <billSummaries>
        <item>
          <updateDate>2017-08-03T04:00:00Z</updateDate>
          <text><![CDATA[<p>Calls on the government of Iran to: (1) release Siamak Namazi, Baquer Namazi, Xiyue Wang, Nizar Zakka, and any other U.S. citizen, legal permanent resident alien, or foreign national being unjustly detained in Iran; and (2) fulfill its promises to assist in locating and returning Robert Levinson. </p> <p>Urges the President to: (1) take whatever steps are in the national interest to secure the release of such individuals, and (2) make the release of U.S. citizens and legal permanent resident aliens held hostage by the Iranian government the highest of priorities.</p> <p>Requests the United States and its allies whose nationals and residents have been detained to consider establishing a multinational task force to work to secure the release of the detainees.</p>]]></text>
          <name>Introduced in Senate</name>
          <lastSummaryUpdateDate>2017-11-08T16:43:12Z</lastSummaryUpdateDate>
          <versionCode>00</versionCode>
          <actionDesc>Introduced in Senate</actionDesc>
          <actionDate>2017-08-03</actionDate>
        </item>
        <item>
          <updateDate>2017-10-16T13:22:11Z</updateDate>
          <text><![CDATA[<p>(This measure has not been amended since it was introduced. The summary of that version is repeated here.)</p> <p>Calls on the government of Iran to: (1) release Siamak Namazi, Baquer Namazi, Xiyue Wang, Nizar Zakka, and any other U.S. citizen, legal permanent resident alien, or foreign national being unjustly detained in Iran; and (2) fulfill its promises to assist in locating and returning Robert Levinson. </p> <p>Urges the President to: (1) take whatever steps are in the national interest to secure the release of such individuals, and (2) make the release of U.S. citizens and legal permanent resident aliens held hostage by the Iranian government the highest of priorities.</p> <p>Requests the United States and its allies whose nationals and residents have been detained to consider establishing a multinational task force to work to secure the release of the detainees.</p>]]></text>
          <name>Reported to Senate without amendment</name>
          <lastSummaryUpdateDate>2017-11-08T16:43:33Z</lastSummaryUpdateDate>
          <versionCode>80</versionCode>
          <actionDesc>Reported to Senate without amendment</actionDesc>
          <actionDate>2017-10-16</actionDate>
        </item>
        <item>
          <updateDate>2017-10-31T13:29:30Z</updateDate>
          <text><![CDATA[<p>(This measure has not been amended since it was introduced. The summary of that version is repeated here.)</p> <p>Calls on the government of Iran to: (1) release Siamak Namazi, Baquer Namazi, Xiyue Wang, Nizar Zakka, and any other U.S. citizen, legal permanent resident alien, or foreign national being unjustly detained in Iran; and (2) fulfill its promises to assist in locating and returning Robert Levinson. </p> <p>Urges the President to: (1) take whatever steps are in the national interest to secure the release of such individuals, and (2) make the release of U.S. citizens and legal permanent resident aliens held hostage by the Iranian government the highest of priorities.</p> <p>Requests the United States and its allies whose nationals and residents have been detained to consider establishing a multinational task force to work to secure the release of the detainees.</p>]]></text>
          <name>Passed Senate without amendment</name>
          <lastSummaryUpdateDate>2018-01-03T22:56:00Z</lastSummaryUpdateDate>
          <versionCode>82</versionCode>
          <actionDesc>Passed Senate without amendment</actionDesc>
          <actionDate>2017-10-31</actionDate>
        </item>
      </billSummaries>
    </summaries>
    <titles>
      <item>
        <chamberCode />
        <chamberName />
        <titleType>Official Title as Introduced</titleType>
        <title>A resolution calling on the Government of Iran to release unjustly detained United States citizens and legal permanent resident aliens, and for other purposes.</title>
        <parentTitleType />
      </item>
      <item>
        <chamberCode />
        <chamberName />
        <titleType>Display Title</titleType>
        <title>A resolution calling on the Government of Iran to release unjustly detained United States citizens and legal permanent resident aliens, and for other purposes.</title>
        <parentTitleType />
      </item>
    </titles>
    <committees>
      <billCommittees>
        <item>
          <name>Foreign Relations Committee</name>
          <type>Standing</type>
          <chamber>Senate</chamber>
          <systemCode>ssfr00</systemCode>
          <subcommittees />
          <activities>
            <item>
              <date>2017-10-16T20:59:40Z</date>
              <name>Reported by</name>
            </item>
            <item>
              <date>2017-10-05T13:30:34Z</date>
              <name>Markup by</name>
            </item>
            <item>
              <date>2017-08-03T14:54:37Z</date>
              <name>Referred to</name>
            </item>
          </activities>
        </item>
      </billCommittees>
    </committees>
    <title>A resolution calling on the Government of Iran to release unjustly detained United States citizens and legal permanent resident aliens, and for other purposes.</title>
    <updateDate>2018-02-20T20:17:31Z</updateDate>
    <sponsors>
      <item>
        <lastName>Cruz</lastName>
        <firstName>Ted</firstName>
        <byRequestType />
        <bioguideId>C001098</bioguideId>
        <fullName>Sen. Cruz, Ted [R-TX]</fullName>
        <middleName />
        <party>R</party>
        <state>TX</state>
        <identifiers>
          <lisID>2175</lisID>
          <gpoId />
          <bioguideId>C001098</bioguideId>
        </identifiers>
      </item>
    </sponsors>
  </bill>
  <dublinCore xmlns:dc="http://purl.org/dc/elements/1.1/">
    <dc:format>text/xml</dc:format>
    <dc:language>EN</dc:language>
    <dc:rights>Pursuant to Title 17 Section 105 of the United States Code, this file is not subject to copyright protection and is in the public domain.</dc:rights>
    <dc:contributor>Congressional Research Service, Library of Congress</dc:contributor>
    <dc:description>This file contains bill summaries and statuses for federal legislation. A bill summary describes the most significant provisions of a piece of legislation and details the effects the legislative text may have on current law and federal programs. Bill summaries are authored by the Congressional Research Service (CRS) of the Library of Congress. As stated in Public Law 91-510 (2 USC 166 (d)(6)), one of the duties of CRS is "to prepare summaries and digests of bills and resolutions of a public general nature introduced in the Senate or House of Representatives". For more information, refer to the User Guide that accompanies this file.</dc:description>
  </dublinCore>
</billStatus>

