<?xml version="1.0" encoding="UTF-8"?>
<billStatus>
  <bill>
    <originChamber>Senate</originChamber>
    <introducedDate>2017-06-29</introducedDate>
    <cosponsors>
      <item>
        <state>CA</state>
        <party>D</party>
        <fullName>Sen. Feinstein, Dianne [D-CA]</fullName>
        <lastName>FEINSTEIN</lastName>
        <isOriginalCosponsor>True</isOriginalCosponsor>
        <bioguideId>F000062</bioguideId>
        <sponsorshipWithdrawnDate />
        <middleName />
        <identifiers>
          <gpoId>8338</gpoId>
          <bioguideId>F000062</bioguideId>
          <lisID>1332</lisID>
        </identifiers>
        <firstName>DIANNE</firstName>
        <sponsorshipDate>2017-06-29</sponsorshipDate>
      </item>
      <item>
        <state>CT</state>
        <party>D</party>
        <fullName>Sen. Blumenthal, Richard [D-CT]</fullName>
        <lastName>Blumenthal</lastName>
        <isOriginalCosponsor>True</isOriginalCosponsor>
        <bioguideId>B001277</bioguideId>
        <sponsorshipWithdrawnDate />
        <middleName />
        <identifiers>
          <gpoId>8332</gpoId>
          <lisID>2076</lisID>
          <bioguideId>B001277</bioguideId>
        </identifiers>
        <firstName>Richard</firstName>
        <sponsorshipDate>2017-06-29</sponsorshipDate>
      </item>
      <item>
        <state>MN</state>
        <party>D</party>
        <fullName>Sen. Franken, Al [D-MN]</fullName>
        <lastName>Franken</lastName>
        <isOriginalCosponsor>True</isOriginalCosponsor>
        <bioguideId>F000457</bioguideId>
        <sponsorshipWithdrawnDate />
        <middleName />
        <identifiers>
          <gpoId>8339</gpoId>
          <lisID>1969</lisID>
          <bioguideId>F000457</bioguideId>
        </identifiers>
        <firstName>Al</firstName>
        <sponsorshipDate>2017-06-29</sponsorshipDate>
      </item>
      <item>
        <state>WI</state>
        <party>D</party>
        <fullName>Sen. Baldwin, Tammy [D-WI]</fullName>
        <lastName>BALDWIN</lastName>
        <isOriginalCosponsor>True</isOriginalCosponsor>
        <bioguideId>B001230</bioguideId>
        <sponsorshipWithdrawnDate />
        <middleName />
        <identifiers>
          <lisID>1558</lisID>
          <gpoId>8215</gpoId>
          <bioguideId>B001230</bioguideId>
        </identifiers>
        <firstName>TAMMY</firstName>
        <sponsorshipDate>2017-06-29</sponsorshipDate>
      </item>
      <item>
        <state>NJ</state>
        <party>D</party>
        <fullName>Sen. Booker, Cory A. [D-NJ]</fullName>
        <lastName>Booker</lastName>
        <isOriginalCosponsor>True</isOriginalCosponsor>
        <bioguideId>B001288</bioguideId>
        <sponsorshipWithdrawnDate />
        <middleName>A.</middleName>
        <identifiers>
          <gpoId />
          <lisID>2194</lisID>
          <bioguideId>B001288</bioguideId>
        </identifiers>
        <firstName>Cory</firstName>
        <sponsorshipDate>2017-06-29</sponsorshipDate>
      </item>
      <item>
        <state>WA</state>
        <party>D</party>
        <fullName>Sen. Cantwell, Maria [D-WA]</fullName>
        <lastName>CANTWELL</lastName>
        <isOriginalCosponsor>True</isOriginalCosponsor>
        <bioguideId>C000127</bioguideId>
        <sponsorshipWithdrawnDate />
        <middleName />
        <identifiers>
          <lisID>172</lisID>
          <gpoId>8288</gpoId>
          <bioguideId>C000127</bioguideId>
        </identifiers>
        <firstName>MARIA</firstName>
        <sponsorshipDate>2017-06-29</sponsorshipDate>
      </item>
      <item>
        <state>MD</state>
        <party>D</party>
        <fullName>Sen. Cardin, Benjamin L. [D-MD]</fullName>
        <lastName>CARDIN</lastName>
        <isOriginalCosponsor>True</isOriginalCosponsor>
        <bioguideId>C000141</bioguideId>
        <sponsorshipWithdrawnDate />
        <middleName>L.</middleName>
        <identifiers>
          <gpoId>8287</gpoId>
          <lisID>174</lisID>
          <bioguideId>C000141</bioguideId>
        </identifiers>
        <firstName>BENJAMIN</firstName>
        <sponsorshipDate>2017-06-29</sponsorshipDate>
      </item>
      <item>
        <state>DE</state>
        <party>D</party>
        <fullName>Sen. Carper, Thomas R. [D-DE]</fullName>
        <lastName>CARPER</lastName>
        <isOriginalCosponsor>True</isOriginalCosponsor>
        <bioguideId>C000174</bioguideId>
        <sponsorshipWithdrawnDate />
        <middleName>R.</middleName>
        <identifiers>
          <lisID>179</lisID>
          <gpoId>8283</gpoId>
          <bioguideId>C000174</bioguideId>
        </identifiers>
        <firstName>THOMAS</firstName>
        <sponsorshipDate>2017-06-29</sponsorshipDate>
      </item>
      <item>
        <state>DE</state>
        <party>D</party>
        <fullName>Sen. Coons, Christopher A. [D-DE]</fullName>
        <lastName>Coons</lastName>
        <isOriginalCosponsor>True</isOriginalCosponsor>
        <bioguideId>C001088</bioguideId>
        <sponsorshipWithdrawnDate />
        <middleName>A.</middleName>
        <identifiers>
          <lisID>1984</lisID>
          <bioguideId>C001088</bioguideId>
          <gpoId>8297</gpoId>
        </identifiers>
        <firstName>Christopher</firstName>
        <sponsorshipDate>2017-06-29</sponsorshipDate>
      </item>
      <item>
        <state>NV</state>
        <party>D</party>
        <fullName>Sen. Cortez Masto, Catherine  [D-NV]</fullName>
        <lastName>Cortez Masto</lastName>
        <isOriginalCosponsor>True</isOriginalCosponsor>
        <bioguideId>C001113</bioguideId>
        <sponsorshipWithdrawnDate />
        <middleName />
        <identifiers>
          <lisID>2299</lisID>
          <gpoId />
          <bioguideId>C001113</bioguideId>
        </identifiers>
        <firstName>Catherine</firstName>
        <sponsorshipDate>2017-06-29</sponsorshipDate>
      </item>
      <item>
        <state>IL</state>
        <party>D</party>
        <fullName>Sen. Durbin, Richard J. [D-IL]</fullName>
        <lastName>DURBIN</lastName>
        <isOriginalCosponsor>True</isOriginalCosponsor>
        <bioguideId>D000563</bioguideId>
        <sponsorshipWithdrawnDate />
        <middleName>J.</middleName>
        <identifiers>
          <lisID>326</lisID>
          <gpoId>8326</gpoId>
          <bioguideId>D000563</bioguideId>
        </identifiers>
        <firstName>RICHARD</firstName>
        <sponsorshipDate>2017-06-29</sponsorshipDate>
      </item>
      <item>
        <state>CA</state>
        <party>D</party>
        <fullName>Sen. Harris, Kamala D. [D-CA]</fullName>
        <lastName>Harris</lastName>
        <isOriginalCosponsor>True</isOriginalCosponsor>
        <bioguideId>H001075</bioguideId>
        <sponsorshipWithdrawnDate />
        <middleName>D.</middleName>
        <identifiers>
          <gpoId />
          <lisID>2301</lisID>
          <bioguideId>H001075</bioguideId>
        </identifiers>
        <firstName>Kamala</firstName>
        <sponsorshipDate>2017-06-29</sponsorshipDate>
      </item>
      <item>
        <state>NM</state>
        <party>D</party>
        <fullName>Sen. Heinrich, Martin [D-NM]</fullName>
        <lastName>Heinrich</lastName>
        <isOriginalCosponsor>True</isOriginalCosponsor>
        <bioguideId>H001046</bioguideId>
        <sponsorshipWithdrawnDate />
        <middleName />
        <identifiers>
          <lisID>1937</lisID>
          <bioguideId>H001046</bioguideId>
          <gpoId>8056</gpoId>
        </identifiers>
        <firstName>Martin</firstName>
        <sponsorshipDate>2017-06-29</sponsorshipDate>
      </item>
      <item>
        <state>NH</state>
        <party>D</party>
        <fullName>Sen. Hassan, Margaret Wood [D-NH]</fullName>
        <lastName>Hassan</lastName>
        <isOriginalCosponsor>True</isOriginalCosponsor>
        <bioguideId>H001076</bioguideId>
        <sponsorshipWithdrawnDate />
        <middleName>Wood</middleName>
        <identifiers>
          <lisID>2302</lisID>
          <gpoId />
          <bioguideId>H001076</bioguideId>
        </identifiers>
        <firstName>Margaret</firstName>
        <sponsorshipDate>2017-06-29</sponsorshipDate>
      </item>
      <item>
        <state>MN</state>
        <party>D</party>
        <fullName>Sen. Klobuchar, Amy [D-MN]</fullName>
        <lastName>Klobuchar</lastName>
        <isOriginalCosponsor>True</isOriginalCosponsor>
        <bioguideId>K000367</bioguideId>
        <sponsorshipWithdrawnDate />
        <middleName />
        <identifiers>
          <lisID>1826</lisID>
          <gpoId>8249</gpoId>
          <bioguideId>K000367</bioguideId>
        </identifiers>
        <firstName>Amy</firstName>
        <sponsorshipDate>2017-06-29</sponsorshipDate>
      </item>
      <item>
        <state>MA</state>
        <party>D</party>
        <fullName>Sen. Markey, Edward J. [D-MA]</fullName>
        <lastName>MARKEY</lastName>
        <isOriginalCosponsor>True</isOriginalCosponsor>
        <bioguideId>M000133</bioguideId>
        <sponsorshipWithdrawnDate />
        <middleName>J.</middleName>
        <identifiers>
          <gpoId>7972</gpoId>
          <lisID>735</lisID>
          <bioguideId>M000133</bioguideId>
        </identifiers>
        <firstName>EDWARD</firstName>
        <sponsorshipDate>2017-06-29</sponsorshipDate>
      </item>
      <item>
        <state>NJ</state>
        <party>D</party>
        <fullName>Sen. Menendez, Robert [D-NJ]</fullName>
        <lastName>MENENDEZ</lastName>
        <isOriginalCosponsor>True</isOriginalCosponsor>
        <bioguideId>M000639</bioguideId>
        <sponsorshipWithdrawnDate />
        <middleName />
        <identifiers>
          <lisID>791</lisID>
          <gpoId>8239</gpoId>
          <bioguideId>M000639</bioguideId>
        </identifiers>
        <firstName>ROBERT</firstName>
        <sponsorshipDate>2017-06-29</sponsorshipDate>
      </item>
      <item>
        <state>OR</state>
        <party>D</party>
        <fullName>Sen. Merkley, Jeff [D-OR]</fullName>
        <lastName>Merkley</lastName>
        <isOriginalCosponsor>True</isOriginalCosponsor>
        <bioguideId>M001176</bioguideId>
        <sponsorshipWithdrawnDate />
        <middleName />
        <identifiers>
          <lisID>1900</lisID>
          <gpoId>8238</gpoId>
          <bioguideId>M001176</bioguideId>
        </identifiers>
        <firstName>Jeff</firstName>
        <sponsorshipDate>2017-06-29</sponsorshipDate>
      </item>
      <item>
        <state>WA</state>
        <party>D</party>
        <fullName>Sen. Murray, Patty [D-WA]</fullName>
        <lastName>MURRAY</lastName>
        <isOriginalCosponsor>True</isOriginalCosponsor>
        <bioguideId>M001111</bioguideId>
        <sponsorshipWithdrawnDate />
        <middleName />
        <identifiers>
          <bioguideId>M001111</bioguideId>
          <gpoId>8237</gpoId>
          <lisID>1409</lisID>
        </identifiers>
        <firstName>PATTY</firstName>
        <sponsorshipDate>2017-06-29</sponsorshipDate>
      </item>
      <item>
        <state>MI</state>
        <party>D</party>
        <fullName>Sen. Peters, Gary C. [D-MI]</fullName>
        <lastName>Peters</lastName>
        <isOriginalCosponsor>True</isOriginalCosponsor>
        <bioguideId>P000595</bioguideId>
        <sponsorshipWithdrawnDate />
        <middleName>C.</middleName>
        <identifiers>
          <lisID>1929</lisID>
          <bioguideId>P000595</bioguideId>
          <gpoId>7994</gpoId>
        </identifiers>
        <firstName>Gary</firstName>
        <sponsorshipDate>2017-06-29</sponsorshipDate>
      </item>
      <item>
        <state>NH</state>
        <party>D</party>
        <fullName>Sen. Shaheen, Jeanne [D-NH]</fullName>
        <lastName>Shaheen</lastName>
        <isOriginalCosponsor>True</isOriginalCosponsor>
        <bioguideId>S001181</bioguideId>
        <sponsorshipWithdrawnDate />
        <middleName />
        <identifiers>
          <bioguideId>S001181</bioguideId>
          <lisID>1901</lisID>
          <gpoId>8276</gpoId>
        </identifiers>
        <firstName>Jeanne</firstName>
        <sponsorshipDate>2017-06-29</sponsorshipDate>
      </item>
      <item>
        <state>NM</state>
        <party>D</party>
        <fullName>Sen. Udall, Tom [D-NM]</fullName>
        <lastName>UDALL</lastName>
        <isOriginalCosponsor>True</isOriginalCosponsor>
        <bioguideId>U000039</bioguideId>
        <sponsorshipWithdrawnDate />
        <middleName />
        <identifiers>
          <bioguideId>U000039</bioguideId>
          <gpoId>8260</gpoId>
          <lisID>1567</lisID>
        </identifiers>
        <firstName>TOM</firstName>
        <sponsorshipDate>2017-06-29</sponsorshipDate>
      </item>
      <item>
        <state>RI</state>
        <party>D</party>
        <fullName>Sen. Whitehouse, Sheldon [D-RI]</fullName>
        <lastName>Whitehouse</lastName>
        <isOriginalCosponsor>True</isOriginalCosponsor>
        <bioguideId>W000802</bioguideId>
        <sponsorshipWithdrawnDate />
        <middleName />
        <identifiers>
          <gpoId>8264</gpoId>
          <bioguideId>W000802</bioguideId>
          <lisID>1823</lisID>
        </identifiers>
        <firstName>Sheldon</firstName>
        <sponsorshipDate>2017-06-29</sponsorshipDate>
      </item>
      <item>
        <state>OR</state>
        <party>D</party>
        <fullName>Sen. Wyden, Ron [D-OR]</fullName>
        <lastName>WYDEN</lastName>
        <isOriginalCosponsor>True</isOriginalCosponsor>
        <bioguideId>W000779</bioguideId>
        <sponsorshipWithdrawnDate />
        <middleName />
        <identifiers>
          <gpoId>8265</gpoId>
          <bioguideId>W000779</bioguideId>
          <lisID>1247</lisID>
        </identifiers>
        <firstName>RON</firstName>
        <sponsorshipDate>2017-06-29</sponsorshipDate>
      </item>
      <item>
        <state>MA</state>
        <party>D</party>
        <fullName>Sen. Warren, Elizabeth [D-MA]</fullName>
        <lastName>Warren</lastName>
        <isOriginalCosponsor>True</isOriginalCosponsor>
        <bioguideId>W000817</bioguideId>
        <sponsorshipWithdrawnDate />
        <middleName>A.</middleName>
        <identifiers>
          <bioguideId>W000817</bioguideId>
          <gpoId />
          <lisID>2182</lisID>
        </identifiers>
        <firstName>Elizabeth</firstName>
        <sponsorshipDate>2017-06-29</sponsorshipDate>
      </item>
      <item>
        <state>PA</state>
        <party>D</party>
        <fullName>Sen. Casey, Robert P., Jr. [D-PA]</fullName>
        <lastName>Casey</lastName>
        <isOriginalCosponsor>True</isOriginalCosponsor>
        <bioguideId>C001070</bioguideId>
        <sponsorshipWithdrawnDate />
        <middleName />
        <identifiers>
          <gpoId>8282</gpoId>
          <lisID>1828</lisID>
          <bioguideId>C001070</bioguideId>
        </identifiers>
        <firstName>Bob</firstName>
        <sponsorshipDate>2017-06-29</sponsorshipDate>
      </item>
      <item>
        <state>VA</state>
        <party>D</party>
        <fullName>Sen. Kaine, Tim [D-VA]</fullName>
        <lastName>Kaine</lastName>
        <isOriginalCosponsor>True</isOriginalCosponsor>
        <bioguideId>K000384</bioguideId>
        <sponsorshipWithdrawnDate />
        <middleName />
        <identifiers>
          <bioguideId>K000384</bioguideId>
          <lisID>2176</lisID>
          <gpoId />
        </identifiers>
        <firstName>Timothy</firstName>
        <sponsorshipDate>2017-06-29</sponsorshipDate>
      </item>
      <item>
        <state>VT</state>
        <party>I</party>
        <fullName>Sen. Sanders, Bernard [I-VT]</fullName>
        <lastName>SANDERS</lastName>
        <isOriginalCosponsor>True</isOriginalCosponsor>
        <bioguideId>S000033</bioguideId>
        <sponsorshipWithdrawnDate />
        <middleName />
        <identifiers>
          <lisID>1010</lisID>
          <bioguideId>S000033</bioguideId>
          <gpoId>8270</gpoId>
        </identifiers>
        <firstName>BERNARD</firstName>
        <sponsorshipDate>2017-06-29</sponsorshipDate>
      </item>
      <item>
        <state>RI</state>
        <party>D</party>
        <fullName>Sen. Reed, Jack [D-RI]</fullName>
        <lastName>REED</lastName>
        <isOriginalCosponsor>True</isOriginalCosponsor>
        <bioguideId>R000122</bioguideId>
        <sponsorshipWithdrawnDate />
        <middleName>F.</middleName>
        <identifiers>
          <lisID>949</lisID>
          <bioguideId>R000122</bioguideId>
          <gpoId>8272</gpoId>
        </identifiers>
        <firstName>JOHN</firstName>
        <sponsorshipDate>2017-06-29</sponsorshipDate>
      </item>
      <item>
        <state>CT</state>
        <party>D</party>
        <fullName>Sen. Murphy, Christopher [D-CT]</fullName>
        <lastName>Murphy</lastName>
        <isOriginalCosponsor>True</isOriginalCosponsor>
        <bioguideId>M001169</bioguideId>
        <sponsorshipWithdrawnDate />
        <middleName />
        <identifiers>
          <gpoId>7870</gpoId>
          <bioguideId>M001169</bioguideId>
          <lisID>1837</lisID>
        </identifiers>
        <firstName>Christopher</firstName>
        <sponsorshipDate>2017-06-29</sponsorshipDate>
      </item>
      <item>
        <state>MD</state>
        <party>D</party>
        <fullName>Sen. Van Hollen, Chris [D-MD]</fullName>
        <lastName>Van Hollen</lastName>
        <isOriginalCosponsor>True</isOriginalCosponsor>
        <bioguideId>V000128</bioguideId>
        <sponsorshipWithdrawnDate />
        <middleName />
        <identifiers>
          <lisID>1729</lisID>
          <gpoId>7983</gpoId>
          <bioguideId>V000128</bioguideId>
        </identifiers>
        <firstName>Chris</firstName>
        <sponsorshipDate>2017-06-29</sponsorshipDate>
      </item>
      <item>
        <state>MI</state>
        <party>D</party>
        <fullName>Sen. Stabenow, Debbie [D-MI]</fullName>
        <lastName>STABENOW</lastName>
        <isOriginalCosponsor>True</isOriginalCosponsor>
        <bioguideId>S000770</bioguideId>
        <sponsorshipWithdrawnDate />
        <middleName>ANN</middleName>
        <identifiers>
          <gpoId>8261</gpoId>
          <bioguideId>S000770</bioguideId>
          <lisID>1531</lisID>
        </identifiers>
        <firstName>DEBORAH</firstName>
        <sponsorshipDate>2017-06-29</sponsorshipDate>
      </item>
    </cosponsors>
    <billType>SRES</billType>
    <recordedVotes />
    <laws />
    <committeeReports />
    <actions>
      <actionTypeCounts>
        <introducedInSenate>1</introducedInSenate>
        <referredToCommittee>1</referredToCommittee>
      </actionTypeCounts>
      <item>
        <actionDate>2017-06-29</actionDate>
        <committee>
          <systemCode>ssju00</systemCode>
          <name>Judiciary Committee</name>
        </committee>
        <links>
          <link>
            <name>S3863-3864</name>
            <url>https://www.congress.gov/congressional-record/volume-163/senate-section/page/S3863-3864</url>
          </link>
        </links>
        <sourceSystem>
          <name>Senate</name>
          <code>0</code>
        </sourceSystem>
        <text>Referred to the Committee on the Judiciary. (text of measure as introduced: CR S3863-3864)</text>
        <type>IntroReferral</type>
      </item>
      <item>
        <type>IntroReferral</type>
        <links />
        <text>Introduced in Senate</text>
        <committee />
        <actionDate>2017-06-29</actionDate>
        <sourceSystem>
          <name>Library of Congress</name>
          <code>9</code>
        </sourceSystem>
        <actionCode>10000</actionCode>
      </item>
      <actionByCounts>
        <senate>2</senate>
      </actionByCounts>
    </actions>
    <createDate>2017-06-30T00:41:33Z</createDate>
    <version>1.0.0</version>
    <notes />
    <latestAction>
      <actionDate>2017-06-29</actionDate>
      <text>Referred to the Committee on the Judiciary. (text of measure as introduced: CR S3863-3864)</text>
      <links />
    </latestAction>
    <title>A resolution recognizing June 2017 as "LGBTQ Pride Month".</title>
    <summaries>
      <billSummaries>
        <item>
          <lastSummaryUpdateDate>2017-10-11T22:17:15Z</lastSummaryUpdateDate>
          <updateDate>2017-06-29T04:00:00Z</updateDate>
          <versionCode>00</versionCode>
          <text><![CDATA[<p>Expresses support for the rights, freedoms, and equal treatment of lesbian, gay, bisexual, transgender, and queer (LGBTQ) people.</p> <p>Recognizes that LGBTQ&nbsp;rights are human rights and protected by the U.S. Constitution and international treaties.</p> <p>Encourages the celebration of LGBTQ Pride Month in June.</p>]]></text>
          <name>Introduced in Senate</name>
          <actionDesc>Introduced in Senate</actionDesc>
          <actionDate>2017-06-29</actionDate>
        </item>
      </billSummaries>
    </summaries>
    <congress>115</congress>
    <policyArea>
      <name>Civil Rights and Liberties, Minority Issues</name>
    </policyArea>
    <billNumber>212</billNumber>
    <calendarNumbers />
    <cboCostEstimates />
    <subjects>
      <billSubjects>
        <legislativeSubjects>
          <item>
            <name>Commemorative events and holidays</name>
          </item>
          <item>
            <name>Human rights</name>
          </item>
          <item>
            <name>Sex, gender, sexual orientation discrimination</name>
          </item>
        </legislativeSubjects>
        <policyArea>
          <name>Civil Rights and Liberties, Minority Issues</name>
        </policyArea>
      </billSubjects>
    </subjects>
    <relatedBills />
    <committees>
      <billCommittees>
        <item>
          <systemCode>ssju00</systemCode>
          <name>Judiciary Committee</name>
          <type>Standing</type>
          <activities>
            <item>
              <name>Referred to</name>
              <date>2017-06-29T19:08:31Z</date>
            </item>
          </activities>
          <chamber>Senate</chamber>
          <subcommittees />
        </item>
      </billCommittees>
    </committees>
    <titles>
      <item>
        <title>A resolution recognizing June 2017 as "LGBTQ Pride Month".</title>
        <titleType>Official Title as Introduced</titleType>
        <parentTitleType />
        <chamberCode />
        <chamberName />
      </item>
      <item>
        <title>A resolution recognizing June 2017 as "LGBTQ Pride Month".</title>
        <titleType>Display Title</titleType>
        <parentTitleType />
        <chamberCode />
        <chamberName />
      </item>
    </titles>
    <sponsors>
      <item>
        <fullName>Sen. Brown, Sherrod [D-OH]</fullName>
        <middleName />
        <state>OH</state>
        <byRequestType />
        <firstName>SHERROD</firstName>
        <bioguideId>B000944</bioguideId>
        <party>D</party>
        <lastName>BROWN</lastName>
        <identifiers>
          <gpoId>8309</gpoId>
          <lisID>136</lisID>
          <bioguideId>B000944</bioguideId>
        </identifiers>
      </item>
    </sponsors>
    <updateDate>2018-02-06T16:44:11Z</updateDate>
    <amendments />
  </bill>
  <dublinCore xmlns:dc="http://purl.org/dc/elements/1.1/">
    <dc:format>text/xml</dc:format>
    <dc:language>EN</dc:language>
    <dc:rights>Pursuant to Title 17 Section 105 of the United States Code, this file is not subject to copyright protection and is in the public domain.</dc:rights>
    <dc:contributor>Congressional Research Service, Library of Congress</dc:contributor>
    <dc:description>This file contains bill summaries and statuses for federal legislation. A bill summary describes the most significant provisions of a piece of legislation and details the effects the legislative text may have on current law and federal programs. Bill summaries are authored by the Congressional Research Service (CRS) of the Library of Congress. As stated in Public Law 91-510 (2 USC 166 (d)(6)), one of the duties of CRS is "to prepare summaries and digests of bills and resolutions of a public general nature introduced in the Senate or House of Representatives". For more information, refer to the User Guide that accompanies this file.</dc:description>
  </dublinCore>
</billStatus>

