<?xml version="1.0" encoding="UTF-8"?>
<billStatus>
  <bill>
    <policyArea>
      <name>Sports and Recreation</name>
    </policyArea>
    <introducedDate>2017-10-31</introducedDate>
    <cosponsors>
      <item>
        <lastName>Merkley</lastName>
        <sponsorshipDate>2017-10-31</sponsorshipDate>
        <party>D</party>
        <state>OR</state>
        <bioguideId>M001176</bioguideId>
        <middleName />
        <sponsorshipWithdrawnDate />
        <fullName>Sen. Merkley, Jeff [D-OR]</fullName>
        <firstName>Jeff</firstName>
        <isOriginalCosponsor>True</isOriginalCosponsor>
        <identifiers>
          <bioguideId>M001176</bioguideId>
          <gpoId>8238</gpoId>
          <lisID>1900</lisID>
        </identifiers>
      </item>
    </cosponsors>
    <congress>115</congress>
    <recordedVotes />
    <amendments>
      <amendment>
        <type>SAMDT</type>
        <latestAction>
          <text>Amendment SA 1585 agreed to in Senate by Unanimous Consent.</text>
          <actionDate>2017-11-14</actionDate>
        </latestAction>
        <purpose>To amend the preamble.</purpose>
        <number>1585</number>
        <description />
        <amendedBill>
          <number>318</number>
          <type>SRES</type>
          <originChamberCode>S</originChamberCode>
          <congress>115</congress>
          <title>A resolution honoring the Portland Thorns FC as the champion of the National Women's Soccer League in 2017.</title>
          <originChamber>Senate</originChamber>
        </amendedBill>
        <updateDate>2018-02-06T11:43:10Z</updateDate>
        <cosponsors>
          <totalCount>0</totalCount>
          <currentCount>0</currentCount>
        </cosponsors>
        <notes />
        <congress>115</congress>
        <actions>
          <count>6</count>
          <actionByCounts>
            <senate>5</senate>
          </actionByCounts>
          <actionTypeCounts>
            <amendmentAgreedTo>1</amendmentAgreedTo>
            <amendmentProposed>1</amendmentProposed>
            <senateAmendmentAgreedTo>1</senateAmendmentAgreedTo>
            <senateAmendmentProposedOnTheFloor>1</senateAmendmentProposedOnTheFloor>
            <senateAmendmentSubmitted>1</senateAmendmentSubmitted>
          </actionTypeCounts>
          <actions>
            <item>
              <actionDate>2017-11-14</actionDate>
              <committee />
              <links>
                <link>
                  <name>S.Amdt.1585</name>
                  <url>https://www.congress.gov/amendment/115th-congress/senate-amendment/1585</url>
                </link>
                <link>
                  <name>SA 1585</name>
                  <url>https://www.congress.gov/amendment/115th-congress/senate-amendment/1585</url>
                </link>
              </links>
              <sourceSystem>
                <name>Senate</name>
                <code>0</code>
              </sourceSystem>
              <text>Amendment SA 1585 agreed to in Senate by Unanimous Consent.</text>
              <type>Floor</type>
            </item>
            <item>
              <actionDate>2017-11-14</actionDate>
              <committee />
              <links>
                <link>
                  <name>S.Amdt.1585</name>
                  <url>https://www.congress.gov/amendment/115th-congress/senate-amendment/1585</url>
                </link>
                <link>
                  <name>S7221</name>
                  <url>https://www.congress.gov/congressional-record/volume-163/senate-section/page/S7221</url>
                </link>
                <link>
                  <name>SA 1585</name>
                  <url>https://www.congress.gov/amendment/115th-congress/senate-amendment/1585</url>
                </link>
              </links>
              <sourceSystem>
                <name>Senate</name>
                <code>0</code>
              </sourceSystem>
              <text>Amendment SA 1585 proposed by Senator McConnell for Senator Wyden. (consideration: CR S7221; text: CR S7221) To amend the preamble.</text>
              <type>Floor</type>
            </item>
            <item>
              <actionDate>2017-11-14</actionDate>
              <committee />
              <links />
              <text />
            </item>
            <item>
              <actionDate>2017-11-14</actionDate>
              <text>Senate amendment agreed to: Amendment SA 1585 agreed to in Senate by Unanimous Consent.</text>
              <sourceSystem>
                <name>Library of Congress</name>
                <code>9</code>
              </sourceSystem>
              <committee />
              <links>
                <link>
                  <name>S.Amdt.1585</name>
                  <url>https://www.congress.gov/amendment/115th-congress/senate-amendment/1585</url>
                </link>
                <link>
                  <name>SA 1585</name>
                  <url>https://www.congress.gov/amendment/115th-congress/senate-amendment/1585</url>
                </link>
              </links>
              <actionCode>94000</actionCode>
              <type>Floor</type>
            </item>
            <item>
              <actionDate>2017-11-14</actionDate>
              <text>Senate amendment proposed (on the floor): Amendment SA 1585 proposed by Senator McConnell for Senator Wyden.(consideration: CR S7221; text: CR S7221)</text>
              <sourceSystem>
                <name>Library of Congress</name>
                <code>9</code>
              </sourceSystem>
              <committee />
              <links>
                <link>
                  <name>S.Amdt.1585</name>
                  <url>https://www.congress.gov/amendment/115th-congress/senate-amendment/1585</url>
                </link>
                <link>
                  <name>S7221</name>
                  <url>https://www.congress.gov/congressional-record/volume-163/senate-section/page/S7221</url>
                </link>
                <link>
                  <name>SA 1585</name>
                  <url>https://www.congress.gov/amendment/115th-congress/senate-amendment/1585</url>
                </link>
              </links>
              <actionCode>93000</actionCode>
              <type>Floor</type>
            </item>
            <item>
              <actionDate>2017-11-14</actionDate>
              <text>Senate amendment submitted</text>
              <sourceSystem>
                <name>Library of Congress</name>
                <code>9</code>
              </sourceSystem>
              <committee />
              <links />
              <actionCode>91000</actionCode>
              <type>Floor</type>
            </item>
          </actions>
        </actions>
        <titles />
        <amendments>
          <count>0</count>
        </amendments>
        <links />
        <chamber>Senate</chamber>
        <purpose>To amend the preamble.</purpose>
        <amendedAmendment />
        <submittedDate>2017-11-14T05:00:00Z</submittedDate>
        <sponsors>
          <item>
            <firstName>RON</firstName>
            <state>OR</state>
            <bioguideId>W000779</bioguideId>
            <identifiers>
              <bioguideId>W000779</bioguideId>
              <gpoId>8265</gpoId>
              <lisID>1247</lisID>
            </identifiers>
            <fullName>Sen. Wyden, Ron [D-OR]</fullName>
            <lastName>WYDEN</lastName>
            <middleName />
            <party>D</party>
          </item>
        </sponsors>
        <proposedDate>2017-11-14T05:00:00Z</proposedDate>
        <createDate>2017-11-15T05:31:13Z</createDate>
        <version>1.0.0</version>
        <type>SAMDT</type>
        <description />
        <congress>115</congress>
        <number>1585</number>
      </amendment>
    </amendments>
    <laws />
    <cboCostEstimates />
    <actions>
      <actionByCounts>
        <senate>7</senate>
      </actionByCounts>
      <item>
        <actionDate>2017-11-14</actionDate>
        <committee />
        <links>
          <link>
            <name>S7221</name>
            <url>https://www.congress.gov/congressional-record/volume-163/senate-section/page/S7221</url>
          </link>
        </links>
        <sourceSystem>
          <name>Senate</name>
          <code>0</code>
        </sourceSystem>
        <text>Resolution agreed to in Senate without amendment and an amended preamble by Unanimous Consent. (text: CR S7221)</text>
        <type>Floor</type>
      </item>
      <item>
        <text>Passed/agreed to in Senate: Resolution agreed to in Senate without amendment and an amended preamble by Unanimous Consent.(text: CR S7221)</text>
        <type>Floor</type>
        <sourceSystem>
          <name>Library of Congress</name>
          <code>9</code>
        </sourceSystem>
        <committee />
        <actionCode>17000</actionCode>
        <actionDate>2017-11-14</actionDate>
        <links>
          <link>
            <name>S7221</name>
            <url>https://www.congress.gov/congressional-record/volume-163/senate-section/page/S7221</url>
          </link>
        </links>
      </item>
      <item>
        <actionDate>2017-11-14</actionDate>
        <committee />
        <links>
          <link>
            <name>S7221</name>
            <url>https://www.congress.gov/congressional-record/volume-163/senate-section/page/S7221</url>
          </link>
        </links>
        <sourceSystem>
          <name>Senate</name>
          <code>0</code>
        </sourceSystem>
        <text>Measure laid before Senate by unanimous consent. (consideration: CR S7221)</text>
        <type>Floor</type>
      </item>
      <item>
        <actionDate>2017-11-14</actionDate>
        <committee>
          <name>Commerce, Science, and Transportation Committee</name>
          <systemCode>sscm00</systemCode>
        </committee>
        <links />
        <sourceSystem>
          <name>Senate</name>
          <code>0</code>
        </sourceSystem>
        <text>Senate Committee on Commerce, Science, and Transportation discharged by Unanimous Consent.</text>
        <type>Discharge</type>
      </item>
      <item>
        <text>Senate Committee on Commerce, Science, and Transportation discharged by Unanimous Consent.</text>
        <type>Committee</type>
        <sourceSystem>
          <name>Library of Congress</name>
          <code>9</code>
        </sourceSystem>
        <committee>
          <name>Commerce, Science, and Transportation Committee</name>
          <systemCode>sscm00</systemCode>
        </committee>
        <actionCode>14500</actionCode>
        <actionDate>2017-11-14</actionDate>
        <links />
      </item>
      <item>
        <actionDate>2017-10-31</actionDate>
        <committee>
          <name>Commerce, Science, and Transportation Committee</name>
          <systemCode>sscm00</systemCode>
        </committee>
        <links>
          <link>
            <name>S6930</name>
            <url>https://www.congress.gov/congressional-record/volume-163/senate-section/page/S6930</url>
          </link>
        </links>
        <sourceSystem>
          <name>Senate</name>
          <code>0</code>
        </sourceSystem>
        <text>Referred to the Committee on Commerce, Science, and Transportation. (text of measure as introduced: CR S6930)</text>
        <type>IntroReferral</type>
      </item>
      <item>
        <text>Introduced in Senate</text>
        <type>IntroReferral</type>
        <sourceSystem>
          <name>Library of Congress</name>
          <code>9</code>
        </sourceSystem>
        <committee />
        <actionCode>10000</actionCode>
        <actionDate>2017-10-31</actionDate>
        <links />
      </item>
      <actionTypeCounts>
        <committeeDischarged>1</committeeDischarged>
        <measureLaidBeforeSenate>1</measureLaidBeforeSenate>
        <passedAgreedToInSenate>1</passedAgreedToInSenate>
        <agreedToInSenate>1</agreedToInSenate>
        <senateCommitteeDischarged>1</senateCommitteeDischarged>
        <referredToCommittee>1</referredToCommittee>
        <introducedInSenate>1</introducedInSenate>
      </actionTypeCounts>
    </actions>
    <latestAction>
      <text>Resolution agreed to in Senate without amendment and an amended preamble by Unanimous Consent. (text: CR S7221)</text>
      <actionDate>2017-11-14</actionDate>
      <links />
    </latestAction>
    <titles>
      <item>
        <parentTitleType />
        <chamberCode />
        <chamberName />
        <titleType>Official Title as Introduced</titleType>
        <title>A resolution honoring the Portland Thorns FC as the champion of the National Women's Soccer League in 2017.</title>
      </item>
      <item>
        <parentTitleType />
        <chamberCode />
        <chamberName />
        <titleType>Display Title</titleType>
        <title>A resolution honoring the Portland Thorns FC as the champion of the National Women's Soccer League in 2017.</title>
      </item>
    </titles>
    <summaries>
      <billSummaries>
        <item>
          <versionCode>00</versionCode>
          <actionDate>2017-10-31</actionDate>
          <updateDate>2017-10-31T04:00:00Z</updateDate>
          <text><![CDATA[<p>Honors the Portland Thorns FC as the 2017 champion of the National Women's Soccer League.</p>]]></text>
          <actionDesc>Introduced in Senate</actionDesc>
          <name>Introduced in Senate</name>
          <lastSummaryUpdateDate>2018-01-03T22:58:05Z</lastSummaryUpdateDate>
        </item>
        <item>
          <versionCode>82</versionCode>
          <actionDate>2017-11-14</actionDate>
          <updateDate>2017-11-14T14:43:48Z</updateDate>
          <text><![CDATA[<p>(This measure has not been amended since it was introduced. The summary of that version is repeated here.)</p> <p>Honors the Portland Thorns FC as the 2017 champion of the National Women's Soccer League.</p>]]></text>
          <actionDesc>Passed Senate without amendment</actionDesc>
          <name>Passed Senate without amendment</name>
          <lastSummaryUpdateDate>2018-01-03T23:00:58Z</lastSummaryUpdateDate>
        </item>
      </billSummaries>
    </summaries>
    <title>A resolution honoring the Portland Thorns FC as the champion of the National Women's Soccer League in 2017.</title>
    <calendarNumbers />
    <originChamber>Senate</originChamber>
    <updateDate>2018-02-06T16:44:16Z</updateDate>
    <notes />
    <billType>SRES</billType>
    <committees>
      <billCommittees>
        <item>
          <systemCode>sscm00</systemCode>
          <chamber>Senate</chamber>
          <type>Standing</type>
          <activities>
            <item>
              <date>2017-11-14T23:22:19Z</date>
              <name>Discharged from</name>
            </item>
            <item>
              <date>2017-10-31T21:33:26Z</date>
              <name>Referred to</name>
            </item>
          </activities>
          <name>Commerce, Science, and Transportation Committee</name>
          <subcommittees />
        </item>
      </billCommittees>
    </committees>
    <relatedBills>
      <item>
        <congress>115</congress>
        <latestAction>
          <actionDate>2017-10-26</actionDate>
          <text>Referred to the House Committee on Oversight and Government Reform.</text>
        </latestAction>
        <type>HRES</type>
        <latestTitle>Honoring the Portland Thorns FC, the 2017 champions of the National Women's Soccer League.</latestTitle>
        <number>589</number>
        <relationshipDetails>
          <item>
            <type>Related bill</type>
            <identifiedBy>CRS</identifiedBy>
          </item>
        </relationshipDetails>
      </item>
      <item>
        <congress>115</congress>
        <latestAction>
          <actionDate>2017-10-26</actionDate>
          <text>Referred to the Committee on Commerce, Science, and Transportation. (text of measure as introduced: CR S6858)</text>
        </latestAction>
        <type>SRES</type>
        <latestTitle>A resolution honoring the Portland Thorns FC as the champion of the National Women's Soccer League in 2017.</latestTitle>
        <number>311</number>
        <relationshipDetails>
          <item>
            <type>Related bill</type>
            <identifiedBy>CRS</identifiedBy>
          </item>
        </relationshipDetails>
      </item>
    </relatedBills>
    <committeeReports />
    <billNumber>318</billNumber>
    <sponsors>
      <item>
        <byRequestType />
        <state>OR</state>
        <bioguideId>W000779</bioguideId>
        <identifiers>
          <bioguideId>W000779</bioguideId>
          <gpoId>8265</gpoId>
          <lisID>1247</lisID>
        </identifiers>
        <fullName>Sen. Wyden, Ron [D-OR]</fullName>
        <lastName>WYDEN</lastName>
        <firstName>RON</firstName>
        <middleName />
        <party>D</party>
      </item>
    </sponsors>
    <createDate>2017-11-01T00:41:20Z</createDate>
    <version>1.0.0</version>
    <subjects>
      <billSubjects>
        <legislativeSubjects />
        <policyArea>
          <name>Sports and Recreation</name>
        </policyArea>
      </billSubjects>
    </subjects>
  </bill>
  <dublinCore xmlns:dc="http://purl.org/dc/elements/1.1/">
    <dc:format>text/xml</dc:format>
    <dc:language>EN</dc:language>
    <dc:rights>Pursuant to Title 17 Section 105 of the United States Code, this file is not subject to copyright protection and is in the public domain.</dc:rights>
    <dc:contributor>Congressional Research Service, Library of Congress</dc:contributor>
    <dc:description>This file contains bill summaries and statuses for federal legislation. A bill summary describes the most significant provisions of a piece of legislation and details the effects the legislative text may have on current law and federal programs. Bill summaries are authored by the Congressional Research Service (CRS) of the Library of Congress. As stated in Public Law 91-510 (2 USC 166 (d)(6)), one of the duties of CRS is "to prepare summaries and digests of bills and resolutions of a public general nature introduced in the Senate or House of Representatives". For more information, refer to the User Guide that accompanies this file.</dc:description>
  </dublinCore>
</billStatus>

