<?xml version="1.0" encoding="UTF-8"?>
<billStatus>
  <bill>
    <policyArea>
      <name>Sports and Recreation</name>
    </policyArea>
    <committeeReports />
    <congress>115</congress>
    <sponsors>
      <item>
        <identifiers>
          <gpoId>8141</gpoId>
          <bioguideId>S001184</bioguideId>
          <lisID>2056</lisID>
        </identifiers>
        <middleName />
        <byRequestType />
        <fullName>Sen. Scott, Tim [R-SC]</fullName>
        <bioguideId>S001184</bioguideId>
        <state>SC</state>
        <party>R</party>
        <firstName>Tim</firstName>
        <lastName>Scott</lastName>
      </item>
    </sponsors>
    <calendarNumbers />
    <amendments />
    <relatedBills>
      <item>
        <latestTitle>A resolution congratulating the University of South Carolina women's basketball team for winning the 2017 National Collegiate Athletic Association Division I Women's Basketball Tournament Championship.</latestTitle>
        <number>134</number>
        <congress>115</congress>
        <latestAction>
          <actionDate>2017-04-07</actionDate>
          <text>Referred to the Committee on Commerce, Science, and Transportation. (text of measure as introduced: CR S2462)</text>
        </latestAction>
        <type>SRES</type>
        <relationshipDetails>
          <item>
            <type>Identical bill</type>
            <identifiedBy>CRS</identifiedBy>
          </item>
        </relationshipDetails>
      </item>
    </relatedBills>
    <notes />
    <originChamber>Senate</originChamber>
    <version>1.0.0</version>
    <billNumber>141</billNumber>
    <title>A resolution congratulating the University of South Carolina women's basketball team for winning the 2017 National Collegiate Athletic Association Division I Women's Basketball Tournament Championship.</title>
    <cosponsors>
      <item>
        <state>SC</state>
        <party>R</party>
        <fullName>Sen. Graham, Lindsey [R-SC]</fullName>
        <lastName>GRAHAM</lastName>
        <isOriginalCosponsor>True</isOriginalCosponsor>
        <bioguideId>G000359</bioguideId>
        <sponsorshipWithdrawnDate />
        <middleName>O.</middleName>
        <identifiers>
          <gpoId>8335</gpoId>
          <lisID>452</lisID>
          <bioguideId>G000359</bioguideId>
        </identifiers>
        <firstName>LINDSEY</firstName>
        <sponsorshipDate>2017-04-25</sponsorshipDate>
      </item>
    </cosponsors>
    <subjects>
      <billSubjects>
        <policyArea>
          <name>Sports and Recreation</name>
        </policyArea>
        <legislativeSubjects>
          <item>
            <name>Athletes</name>
          </item>
          <item>
            <name>Congressional tributes</name>
          </item>
          <item>
            <name>Higher education</name>
          </item>
          <item>
            <name>School athletics</name>
          </item>
          <item>
            <name>South Carolina</name>
          </item>
        </legislativeSubjects>
      </billSubjects>
    </subjects>
    <laws />
    <actions>
      <item>
        <actionDate>2017-04-25</actionDate>
        <committee />
        <links>
          <link>
            <url>https://www.congress.gov/congressional-record/volume-163/senate-section/page/S2534</url>
            <name>S2534</name>
          </link>
          <link>
            <url>https://www.congress.gov/congressional-record/volume-163/senate-section/page/S2536</url>
            <name>S2536</name>
          </link>
        </links>
        <sourceSystem>
          <code>0</code>
          <name>Senate</name>
        </sourceSystem>
        <text>Submitted in the Senate, considered, and agreed to without amendment and with a preamble by Unanimous Consent. (consideration: CR S2536; text: CR S2534)</text>
        <type>Floor</type>
      </item>
      <item>
        <committee />
        <sourceSystem>
          <code>9</code>
          <name>Library of Congress</name>
        </sourceSystem>
        <actionDate>2017-04-25</actionDate>
        <text>Passed/agreed to in Senate: Submitted in the Senate, considered, and agreed to without amendment and with a preamble by Unanimous Consent.(consideration: CR S2536; text: CR S2534)</text>
        <links>
          <link>
            <url>https://www.congress.gov/congressional-record/volume-163/senate-section/page/S2534</url>
            <name>S2534</name>
          </link>
          <link>
            <url>https://www.congress.gov/congressional-record/volume-163/senate-section/page/S2536</url>
            <name>S2536</name>
          </link>
        </links>
        <type>Floor</type>
        <actionCode>17000</actionCode>
      </item>
      <item>
        <committee />
        <sourceSystem>
          <code>9</code>
          <name>Library of Congress</name>
        </sourceSystem>
        <actionDate>2017-04-25</actionDate>
        <text>Introduced in Senate</text>
        <links />
        <type>IntroReferral</type>
        <actionCode>10000</actionCode>
      </item>
      <actionByCounts>
        <senate>3</senate>
      </actionByCounts>
      <actionTypeCounts>
        <passedAgreedToInSenate>1</passedAgreedToInSenate>
        <passedOrAgreedToInSenateDayOf>1</passedOrAgreedToInSenateDayOf>
        <introducedInSenate>1</introducedInSenate>
      </actionTypeCounts>
    </actions>
    <titles>
      <item>
        <chamberCode />
        <titleType>Official Title as Introduced</titleType>
        <parentTitleType />
        <chamberName />
        <title>A resolution congratulating the University of South Carolina women's basketball team for winning the 2017 National Collegiate Athletic Association Division I Women's Basketball Tournament Championship.</title>
      </item>
      <item>
        <chamberCode />
        <titleType>Display Title</titleType>
        <parentTitleType />
        <chamberName />
        <title>A resolution congratulating the University of South Carolina women's basketball team for winning the 2017 National Collegiate Athletic Association Division I Women's Basketball Tournament Championship.</title>
      </item>
    </titles>
    <summaries>
      <billSummaries>
        <item>
          <versionCode>00</versionCode>
          <text><![CDATA[<p> Congratulates the University of South Carolina women's basketball team for winning the 2017 National Collegiate Athletic Association Division I Women's Basketball Tournament Championship.</p>]]></text>
          <actionDesc>Introduced in Senate</actionDesc>
          <actionDate>2017-04-25</actionDate>
          <lastSummaryUpdateDate>2017-05-01T18:50:18Z</lastSummaryUpdateDate>
          <name>Introduced in Senate</name>
          <updateDate>2017-04-25T04:00:00Z</updateDate>
        </item>
        <item>
          <versionCode>82</versionCode>
          <text><![CDATA[<p>(This measure has not been amended since it was introduced. The summary of that version is repeated here.)</p> <p> Congratulates the University of South Carolina women's basketball team for winning the 2017 National Collegiate Athletic Association Division I Women's Basketball Tournament Championship.</p>]]></text>
          <actionDesc>Passed Senate without amendment</actionDesc>
          <actionDate>2017-04-25</actionDate>
          <lastSummaryUpdateDate>2017-05-01T18:50:31Z</lastSummaryUpdateDate>
          <name>Passed Senate without amendment</name>
          <updateDate>2017-04-25T13:06:49Z</updateDate>
        </item>
      </billSummaries>
    </summaries>
    <committees>
      <billCommittees />
    </committees>
    <introducedDate>2017-04-25</introducedDate>
    <updateDate>2018-02-06T16:44:05Z</updateDate>
    <cboCostEstimates />
    <recordedVotes />
    <billType>SRES</billType>
    <createDate>2017-04-26T00:41:44Z</createDate>
    <latestAction>
      <text>Submitted in the Senate, considered, and agreed to without amendment and with a preamble by Unanimous Consent. (consideration: CR S2536; text: CR S2534)</text>
      <links />
      <actionDate>2017-04-25</actionDate>
    </latestAction>
  </bill>
  <dublinCore xmlns:dc="http://purl.org/dc/elements/1.1/">
    <dc:format>text/xml</dc:format>
    <dc:language>EN</dc:language>
    <dc:rights>Pursuant to Title 17 Section 105 of the United States Code, this file is not subject to copyright protection and is in the public domain.</dc:rights>
    <dc:contributor>Congressional Research Service, Library of Congress</dc:contributor>
    <dc:description>This file contains bill summaries and statuses for federal legislation. A bill summary describes the most significant provisions of a piece of legislation and details the effects the legislative text may have on current law and federal programs. Bill summaries are authored by the Congressional Research Service (CRS) of the Library of Congress. As stated in Public Law 91-510 (2 USC 166 (d)(6)), one of the duties of CRS is "to prepare summaries and digests of bills and resolutions of a public general nature introduced in the Senate or House of Representatives". For more information, refer to the User Guide that accompanies this file.</dc:description>
  </dublinCore>
</billStatus>

