<?xml version="1.0" encoding="UTF-8"?>
<billStatus>
  <bill>
    <createDate>2017-01-04T04:47:42Z</createDate>
    <congress>115</congress>
    <calendarNumbers />
    <amendments />
    <recordedVotes />
    <cboCostEstimates />
    <updateDate>2018-02-22T15:29:17Z</updateDate>
    <laws />
    <billNumber>5</billNumber>
    <summaries>
      <billSummaries>
        <item>
          <versionCode>00</versionCode>
          <text><![CDATA[<p>Urges: (1) the President and the international community to join in supporting bilateral talks between the Israelis and Palestinians, and (2) the President to adopt a policy of opposing and vetoing if necessary one-sided Security Council resolutions targeting Israel.</p> <p>Expresses support for individuals and organizations working to bring about peace and cooperation between the Israelis and Palestinians. Calls on all parties to return to negotiations without preconditions.</p> <p>Opposes the use of the United Nations to impose external remedies to challenges between the Israelis and Palestinians. Objects to the December 2016 abstention and declination by the United States to veto U.N. Security Council Resolution 2334. (Such resolution characterizes Israeli settlements in the West Bank and East Jerusalem as illegal and demands cessation of settlement activities.)</p> <p>Declares that the Senate regrets and seeks to reverse the negative public criticism of Israel by U.S. diplomats. </p> <p>Rejects international efforts to delegitimize Israel's right to exist. Expresses support for Israel's right to self-defense. Condemns acts of terrorism and violence targeted at Israeli civilians. Reiterates that Palestinian political goals will never be achieved through violence.</p>]]></text>
          <actionDesc>Introduced in Senate</actionDesc>
          <lastSummaryUpdateDate>2017-04-26T20:43:33Z</lastSummaryUpdateDate>
          <updateDate>2017-01-03T05:00:00Z</updateDate>
          <actionDate>2017-01-03</actionDate>
          <name>Introduced in Senate</name>
        </item>
      </billSummaries>
    </summaries>
    <notes />
    <sponsors>
      <item>
        <firstName>JERRY</firstName>
        <state>KS</state>
        <lastName>MORAN</lastName>
        <party>R</party>
        <fullName>Sen. Moran, Jerry [R-KS]</fullName>
        <middleName />
        <bioguideId>M000934</bioguideId>
        <byRequestType />
        <identifiers>
          <bioguideId>M000934</bioguideId>
          <lisID>1507</lisID>
          <gpoId>8307</gpoId>
        </identifiers>
      </item>
    </sponsors>
    <titles>
      <item>
        <titleType>Official Title as Introduced</titleType>
        <parentTitleType />
        <title>A resolution expressing the sense of the Senate in support of Israel.</title>
        <chamberCode />
        <chamberName />
      </item>
      <item>
        <titleType>Display Title</titleType>
        <parentTitleType />
        <title>A resolution expressing the sense of the Senate in support of Israel.</title>
        <chamberCode />
        <chamberName />
      </item>
    </titles>
    <committees>
      <billCommittees>
        <item>
          <activities>
            <item>
              <date>2017-01-03T19:17:35Z</date>
              <name>Referred to</name>
            </item>
          </activities>
          <type>Standing</type>
          <systemCode>ssfr00</systemCode>
          <name>Foreign Relations Committee</name>
          <subcommittees />
          <chamber>Senate</chamber>
        </item>
      </billCommittees>
    </committees>
    <billType>SRES</billType>
    <actions>
      <actionByCounts>
        <senate>2</senate>
      </actionByCounts>
      <actionTypeCounts>
        <introducedInSenate>1</introducedInSenate>
        <referredToCommittee>1</referredToCommittee>
      </actionTypeCounts>
      <item>
        <actionDate>2017-01-03</actionDate>
        <committee>
          <name>Foreign Relations Committee</name>
          <systemCode>ssfr00</systemCode>
        </committee>
        <links />
        <sourceSystem>
          <name>Senate</name>
          <code>0</code>
        </sourceSystem>
        <text>Referred to the Committee on Foreign Relations.</text>
        <type>IntroReferral</type>
      </item>
      <item>
        <text>Introduced in Senate</text>
        <type>IntroReferral</type>
        <links />
        <sourceSystem>
          <name>Library of Congress</name>
          <code>9</code>
        </sourceSystem>
        <actionDate>2017-01-03</actionDate>
        <committee />
        <actionCode>10000</actionCode>
      </item>
    </actions>
    <committeeReports />
    <version>1.0.0</version>
    <originChamber>Senate</originChamber>
    <subjects>
      <billSubjects>
        <legislativeSubjects>
          <item>
            <name>Arab-Israeli relations</name>
          </item>
          <item>
            <name>Conflicts and wars</name>
          </item>
          <item>
            <name>Diplomacy, foreign officials, Americans abroad</name>
          </item>
          <item>
            <name>Israel</name>
          </item>
          <item>
            <name>Middle East</name>
          </item>
          <item>
            <name>Palestinians</name>
          </item>
          <item>
            <name>Sanctions</name>
          </item>
          <item>
            <name>Sovereignty, recognition, national governance and status</name>
          </item>
          <item>
            <name>Terrorism</name>
          </item>
          <item>
            <name>Trade restrictions</name>
          </item>
          <item>
            <name>United Nations</name>
          </item>
        </legislativeSubjects>
        <policyArea>
          <name>International Affairs</name>
        </policyArea>
      </billSubjects>
    </subjects>
    <title>A resolution expressing the sense of the Senate in support of Israel.</title>
    <introducedDate>2017-01-03</introducedDate>
    <cosponsors>
      <item>
        <firstName>PAT</firstName>
        <state>KS</state>
        <lastName>ROBERTS</lastName>
        <sponsorshipWithdrawnDate />
        <party>R</party>
        <fullName>Sen. Roberts, Pat [R-KS]</fullName>
        <middleName />
        <sponsorshipDate>2017-01-04</sponsorshipDate>
        <bioguideId>R000307</bioguideId>
        <isOriginalCosponsor>False</isOriginalCosponsor>
        <identifiers>
          <bioguideId>R000307</bioguideId>
          <gpoId>8275</gpoId>
          <lisID>968</lisID>
        </identifiers>
      </item>
      <item>
        <firstName>JIM</firstName>
        <state>OK</state>
        <lastName>INHOFE</lastName>
        <sponsorshipWithdrawnDate />
        <party>R</party>
        <fullName>Sen. Inhofe, James M. [R-OK]</fullName>
        <middleName />
        <sponsorshipDate>2017-01-05</sponsorshipDate>
        <bioguideId>I000024</bioguideId>
        <isOriginalCosponsor>False</isOriginalCosponsor>
        <identifiers>
          <bioguideId>I000024</bioguideId>
          <gpoId>8322</gpoId>
          <lisID>583</lisID>
        </identifiers>
      </item>
    </cosponsors>
    <latestAction>
      <links />
      <text>Referred to the Committee on Foreign Relations.</text>
      <actionDate>2017-01-03</actionDate>
    </latestAction>
    <policyArea>
      <name>International Affairs</name>
    </policyArea>
    <relatedBills />
  </bill>
  <dublinCore xmlns:dc="http://purl.org/dc/elements/1.1/">
    <dc:format>text/xml</dc:format>
    <dc:language>EN</dc:language>
    <dc:rights>Pursuant to Title 17 Section 105 of the United States Code, this file is not subject to copyright protection and is in the public domain.</dc:rights>
    <dc:contributor>Congressional Research Service, Library of Congress</dc:contributor>
    <dc:description>This file contains bill summaries and statuses for federal legislation. A bill summary describes the most significant provisions of a piece of legislation and details the effects the legislative text may have on current law and federal programs. Bill summaries are authored by the Congressional Research Service (CRS) of the Library of Congress. As stated in Public Law 91-510 (2 USC 166 (d)(6)), one of the duties of CRS is "to prepare summaries and digests of bills and resolutions of a public general nature introduced in the Senate or House of Representatives". For more information, refer to the User Guide that accompanies this file.</dc:description>
  </dublinCore>
</billStatus>

