<?xml version="1.0" encoding="UTF-8"?>
<billStatus>
  <bill>
    <titles>
      <item>
        <chamberCode />
        <title>A resolution recognizing the significance of May 2017 as Asian/Pacific American Heritage Month and as an important time to celebrate the significant contributions of Asian Americans and Pacific Islanders to the history of the United States.</title>
        <titleType>Official Title as Introduced</titleType>
        <parentTitleType />
        <chamberName />
      </item>
      <item>
        <chamberCode />
        <title>A resolution recognizing the significance of May 2017 as Asian/Pacific American Heritage Month and as an important time to celebrate the significant contributions of Asian Americans and Pacific Islanders to the history of the United States.</title>
        <titleType>Display Title</titleType>
        <parentTitleType />
        <chamberName />
      </item>
    </titles>
    <committeeReports />
    <sponsors>
      <item>
        <firstName>Mazie</firstName>
        <identifiers>
          <lisID>1844</lisID>
          <gpoId>7913</gpoId>
          <bioguideId>H001042</bioguideId>
        </identifiers>
        <party>D</party>
        <bioguideId>H001042</bioguideId>
        <lastName>Hirono</lastName>
        <fullName>Sen. Hirono, Mazie K. [D-HI]</fullName>
        <byRequestType />
        <middleName>K.</middleName>
        <state>HI</state>
      </item>
    </sponsors>
    <title>A resolution recognizing the significance of May 2017 as Asian/Pacific American Heritage Month and as an important time to celebrate the significant contributions of Asian Americans and Pacific Islanders to the history of the United States.</title>
    <actions>
      <actionByCounts>
        <senate>3</senate>
      </actionByCounts>
      <item>
        <actionDate>2017-05-25</actionDate>
        <committee />
        <links>
          <link>
            <name>S3224-3225</name>
            <url>https://www.congress.gov/congressional-record/volume-163/senate-section/page/S3224-3225</url>
          </link>
          <link>
            <name>S3225</name>
            <url>https://www.congress.gov/congressional-record/volume-163/senate-section/page/S3225</url>
          </link>
        </links>
        <sourceSystem>
          <name>Senate</name>
          <code>0</code>
        </sourceSystem>
        <text>Submitted in the Senate, considered, and agreed to without amendment and with a preamble by Unanimous Consent. (consideration: CR S3225; text as passed Senate: CR S3224-3225)</text>
        <type>Floor</type>
      </item>
      <item>
        <text>Passed/agreed to in Senate: Submitted in the Senate, considered, and agreed to without amendment and with a preamble by Unanimous Consent.(consideration: CR S3225; text as passed Senate: CR S3224-3225)</text>
        <type>Floor</type>
        <sourceSystem>
          <name>Library of Congress</name>
          <code>9</code>
        </sourceSystem>
        <committee />
        <actionCode>17000</actionCode>
        <actionDate>2017-05-25</actionDate>
        <links>
          <link>
            <name>S3224-3225</name>
            <url>https://www.congress.gov/congressional-record/volume-163/senate-section/page/S3224-3225</url>
          </link>
          <link>
            <name>S3225</name>
            <url>https://www.congress.gov/congressional-record/volume-163/senate-section/page/S3225</url>
          </link>
        </links>
      </item>
      <item>
        <text>Introduced in Senate</text>
        <type>IntroReferral</type>
        <sourceSystem>
          <name>Library of Congress</name>
          <code>9</code>
        </sourceSystem>
        <committee />
        <actionCode>10000</actionCode>
        <actionDate>2017-05-25</actionDate>
        <links />
      </item>
      <actionTypeCounts>
        <passedOrAgreedToInSenateDayOf>1</passedOrAgreedToInSenateDayOf>
        <passedAgreedToInSenate>1</passedAgreedToInSenate>
        <introducedInSenate>1</introducedInSenate>
      </actionTypeCounts>
    </actions>
    <summaries>
      <billSummaries>
        <item>
          <updateDate>2017-05-25T04:00:00Z</updateDate>
          <lastSummaryUpdateDate>2017-06-09T19:58:38Z</lastSummaryUpdateDate>
          <actionDate>2017-05-25</actionDate>
          <name>Introduced in Senate</name>
          <actionDesc>Introduced in Senate</actionDesc>
          <versionCode>00</versionCode>
          <text><![CDATA[<p>Recognizes the significance of May 2017 as Asian/Pacific American Heritage Month as an important time to celebrate the contributions of Asian Americans and Pacific Islanders to the history of the United States. </p> <p>Recognizes that the Asian American and Pacific Islander community enhances the rich diversity of the United States. </p>]]></text>
        </item>
        <item>
          <updateDate>2017-05-25T12:48:08Z</updateDate>
          <lastSummaryUpdateDate>2017-06-14T15:42:47Z</lastSummaryUpdateDate>
          <actionDate>2017-05-25</actionDate>
          <name>Passed Senate without amendment</name>
          <actionDesc>Passed Senate without amendment</actionDesc>
          <versionCode>82</versionCode>
          <text><![CDATA[<p>(This measure has not been amended since it was introduced. The summary of that version is repeated here.)</p> <p>Recognizes the significance of May 2017 as Asian/Pacific American Heritage Month as an important time to celebrate the contributions of Asian Americans and Pacific Islanders to the history of the United States. </p> <p>Recognizes that the Asian American and Pacific Islander community enhances the rich diversity of the United States. </p>]]></text>
        </item>
      </billSummaries>
    </summaries>
    <recordedVotes />
    <billNumber>183</billNumber>
    <calendarNumbers />
    <cosponsors>
      <item>
        <firstName>Tammy</firstName>
        <sponsorshipWithdrawnDate />
        <state>IL</state>
        <bioguideId>D000622</bioguideId>
        <identifiers>
          <lisID>2123</lisID>
          <bioguideId>D000622</bioguideId>
          <gpoId />
        </identifiers>
        <fullName>Sen. Duckworth, Tammy [D-IL]</fullName>
        <lastName>Duckworth</lastName>
        <party>D</party>
        <middleName />
        <isOriginalCosponsor>True</isOriginalCosponsor>
        <sponsorshipDate>2017-05-25</sponsorshipDate>
      </item>
      <item>
        <firstName>Kamala</firstName>
        <sponsorshipWithdrawnDate />
        <state>CA</state>
        <bioguideId>H001075</bioguideId>
        <identifiers>
          <gpoId />
          <lisID>2301</lisID>
          <bioguideId>H001075</bioguideId>
        </identifiers>
        <fullName>Sen. Harris, Kamala D. [D-CA]</fullName>
        <lastName>Harris</lastName>
        <party>D</party>
        <middleName>D.</middleName>
        <isOriginalCosponsor>True</isOriginalCosponsor>
        <sponsorshipDate>2017-05-25</sponsorshipDate>
      </item>
      <item>
        <firstName>Lisa</firstName>
        <sponsorshipWithdrawnDate />
        <state>AK</state>
        <bioguideId>M001153</bioguideId>
        <identifiers>
          <gpoId>8234</gpoId>
          <lisID>1694</lisID>
          <bioguideId>M001153</bioguideId>
        </identifiers>
        <fullName>Sen. Murkowski, Lisa [R-AK]</fullName>
        <lastName>Murkowski</lastName>
        <party>R</party>
        <middleName />
        <isOriginalCosponsor>True</isOriginalCosponsor>
        <sponsorshipDate>2017-05-25</sponsorshipDate>
      </item>
      <item>
        <firstName>MARIA</firstName>
        <sponsorshipWithdrawnDate />
        <state>WA</state>
        <bioguideId>C000127</bioguideId>
        <identifiers>
          <lisID>172</lisID>
          <gpoId>8288</gpoId>
          <bioguideId>C000127</bioguideId>
        </identifiers>
        <fullName>Sen. Cantwell, Maria [D-WA]</fullName>
        <lastName>CANTWELL</lastName>
        <party>D</party>
        <middleName />
        <isOriginalCosponsor>True</isOriginalCosponsor>
        <sponsorshipDate>2017-05-25</sponsorshipDate>
      </item>
      <item>
        <firstName>Cory</firstName>
        <sponsorshipWithdrawnDate />
        <state>NJ</state>
        <bioguideId>B001288</bioguideId>
        <identifiers>
          <gpoId />
          <lisID>2194</lisID>
          <bioguideId>B001288</bioguideId>
        </identifiers>
        <fullName>Sen. Booker, Cory A. [D-NJ]</fullName>
        <lastName>Booker</lastName>
        <party>D</party>
        <middleName>A.</middleName>
        <isOriginalCosponsor>True</isOriginalCosponsor>
        <sponsorshipDate>2017-05-25</sponsorshipDate>
      </item>
      <item>
        <firstName>Timothy</firstName>
        <sponsorshipWithdrawnDate />
        <state>VA</state>
        <bioguideId>K000384</bioguideId>
        <identifiers>
          <bioguideId>K000384</bioguideId>
          <lisID>2176</lisID>
          <gpoId />
        </identifiers>
        <fullName>Sen. Kaine, Tim [D-VA]</fullName>
        <lastName>Kaine</lastName>
        <party>D</party>
        <middleName />
        <isOriginalCosponsor>True</isOriginalCosponsor>
        <sponsorshipDate>2017-05-25</sponsorshipDate>
      </item>
      <item>
        <firstName>Catherine</firstName>
        <sponsorshipWithdrawnDate />
        <state>NV</state>
        <bioguideId>C001113</bioguideId>
        <identifiers>
          <lisID>2299</lisID>
          <gpoId />
          <bioguideId>C001113</bioguideId>
        </identifiers>
        <fullName>Sen. Cortez Masto, Catherine  [D-NV]</fullName>
        <lastName>Cortez Masto</lastName>
        <party>D</party>
        <middleName />
        <isOriginalCosponsor>True</isOriginalCosponsor>
        <sponsorshipDate>2017-05-25</sponsorshipDate>
      </item>
      <item>
        <firstName>Al</firstName>
        <sponsorshipWithdrawnDate />
        <state>MN</state>
        <bioguideId>F000457</bioguideId>
        <identifiers>
          <gpoId>8339</gpoId>
          <lisID>1969</lisID>
          <bioguideId>F000457</bioguideId>
        </identifiers>
        <fullName>Sen. Franken, Al [D-MN]</fullName>
        <lastName>Franken</lastName>
        <party>D</party>
        <middleName />
        <isOriginalCosponsor>True</isOriginalCosponsor>
        <sponsorshipDate>2017-05-25</sponsorshipDate>
      </item>
      <item>
        <firstName>Michael</firstName>
        <sponsorshipWithdrawnDate />
        <state>CO</state>
        <bioguideId>B001267</bioguideId>
        <identifiers>
          <lisID>1965</lisID>
          <bioguideId>B001267</bioguideId>
          <gpoId>8302</gpoId>
        </identifiers>
        <fullName>Sen. Bennet, Michael F. [D-CO]</fullName>
        <lastName>Bennet</lastName>
        <party>D</party>
        <middleName>F.</middleName>
        <isOriginalCosponsor>True</isOriginalCosponsor>
        <sponsorshipDate>2017-05-25</sponsorshipDate>
      </item>
      <item>
        <firstName>EDWARD</firstName>
        <sponsorshipWithdrawnDate />
        <state>MA</state>
        <bioguideId>M000133</bioguideId>
        <identifiers>
          <gpoId>7972</gpoId>
          <lisID>735</lisID>
          <bioguideId>M000133</bioguideId>
        </identifiers>
        <fullName>Sen. Markey, Edward J. [D-MA]</fullName>
        <lastName>MARKEY</lastName>
        <party>D</party>
        <middleName>J.</middleName>
        <isOriginalCosponsor>True</isOriginalCosponsor>
        <sponsorshipDate>2017-05-25</sponsorshipDate>
      </item>
      <item>
        <firstName>Richard</firstName>
        <sponsorshipWithdrawnDate />
        <state>CT</state>
        <bioguideId>B001277</bioguideId>
        <identifiers>
          <gpoId>8332</gpoId>
          <lisID>2076</lisID>
          <bioguideId>B001277</bioguideId>
        </identifiers>
        <fullName>Sen. Blumenthal, Richard [D-CT]</fullName>
        <lastName>Blumenthal</lastName>
        <party>D</party>
        <middleName />
        <isOriginalCosponsor>True</isOriginalCosponsor>
        <sponsorshipDate>2017-05-25</sponsorshipDate>
      </item>
      <item>
        <firstName>Brian</firstName>
        <sponsorshipWithdrawnDate />
        <state>HI</state>
        <bioguideId>S001194</bioguideId>
        <identifiers>
          <bioguideId>S001194</bioguideId>
          <lisID>2173</lisID>
          <gpoId />
        </identifiers>
        <fullName>Sen. Schatz, Brian [D-HI]</fullName>
        <lastName>Schatz</lastName>
        <party>D</party>
        <middleName />
        <isOriginalCosponsor>True</isOriginalCosponsor>
        <sponsorshipDate>2017-05-25</sponsorshipDate>
      </item>
      <item>
        <firstName>ROBERT</firstName>
        <sponsorshipWithdrawnDate />
        <state>NJ</state>
        <bioguideId>M000639</bioguideId>
        <identifiers>
          <lisID>791</lisID>
          <gpoId>8239</gpoId>
          <bioguideId>M000639</bioguideId>
        </identifiers>
        <fullName>Sen. Menendez, Robert [D-NJ]</fullName>
        <lastName>MENENDEZ</lastName>
        <party>D</party>
        <middleName />
        <isOriginalCosponsor>True</isOriginalCosponsor>
        <sponsorshipDate>2017-05-25</sponsorshipDate>
      </item>
      <item>
        <firstName>BENJAMIN</firstName>
        <sponsorshipWithdrawnDate />
        <state>MD</state>
        <bioguideId>C000141</bioguideId>
        <identifiers>
          <gpoId>8287</gpoId>
          <lisID>174</lisID>
          <bioguideId>C000141</bioguideId>
        </identifiers>
        <fullName>Sen. Cardin, Benjamin L. [D-MD]</fullName>
        <lastName>CARDIN</lastName>
        <party>D</party>
        <middleName>L.</middleName>
        <isOriginalCosponsor>True</isOriginalCosponsor>
        <sponsorshipDate>2017-05-25</sponsorshipDate>
      </item>
      <item>
        <firstName>PATTY</firstName>
        <sponsorshipWithdrawnDate />
        <state>WA</state>
        <bioguideId>M001111</bioguideId>
        <identifiers>
          <bioguideId>M001111</bioguideId>
          <gpoId>8237</gpoId>
          <lisID>1409</lisID>
        </identifiers>
        <fullName>Sen. Murray, Patty [D-WA]</fullName>
        <lastName>MURRAY</lastName>
        <party>D</party>
        <middleName />
        <isOriginalCosponsor>True</isOriginalCosponsor>
        <sponsorshipDate>2017-05-25</sponsorshipDate>
      </item>
      <item>
        <firstName>Christopher</firstName>
        <sponsorshipWithdrawnDate />
        <state>DE</state>
        <bioguideId>C001088</bioguideId>
        <identifiers>
          <lisID>1984</lisID>
          <bioguideId>C001088</bioguideId>
          <gpoId>8297</gpoId>
        </identifiers>
        <fullName>Sen. Coons, Christopher A. [D-DE]</fullName>
        <lastName>Coons</lastName>
        <party>D</party>
        <middleName>A.</middleName>
        <isOriginalCosponsor>True</isOriginalCosponsor>
        <sponsorshipDate>2017-05-25</sponsorshipDate>
      </item>
      <item>
        <firstName>RICHARD</firstName>
        <sponsorshipWithdrawnDate />
        <state>IL</state>
        <bioguideId>D000563</bioguideId>
        <identifiers>
          <lisID>326</lisID>
          <gpoId>8326</gpoId>
          <bioguideId>D000563</bioguideId>
        </identifiers>
        <fullName>Sen. Durbin, Richard J. [D-IL]</fullName>
        <lastName>DURBIN</lastName>
        <party>D</party>
        <middleName>J.</middleName>
        <isOriginalCosponsor>True</isOriginalCosponsor>
        <sponsorshipDate>2017-05-25</sponsorshipDate>
      </item>
      <item>
        <firstName>Jeff</firstName>
        <sponsorshipWithdrawnDate />
        <state>OR</state>
        <bioguideId>M001176</bioguideId>
        <identifiers>
          <lisID>1900</lisID>
          <gpoId>8238</gpoId>
          <bioguideId>M001176</bioguideId>
        </identifiers>
        <fullName>Sen. Merkley, Jeff [D-OR]</fullName>
        <lastName>Merkley</lastName>
        <party>D</party>
        <middleName />
        <isOriginalCosponsor>True</isOriginalCosponsor>
        <sponsorshipDate>2017-05-25</sponsorshipDate>
      </item>
      <item>
        <firstName>Amy</firstName>
        <sponsorshipWithdrawnDate />
        <state>MN</state>
        <bioguideId>K000367</bioguideId>
        <identifiers>
          <lisID>1826</lisID>
          <gpoId>8249</gpoId>
          <bioguideId>K000367</bioguideId>
        </identifiers>
        <fullName>Sen. Klobuchar, Amy [D-MN]</fullName>
        <lastName>Klobuchar</lastName>
        <party>D</party>
        <middleName />
        <isOriginalCosponsor>True</isOriginalCosponsor>
        <sponsorshipDate>2017-05-25</sponsorshipDate>
      </item>
      <item>
        <firstName>DIANNE</firstName>
        <sponsorshipWithdrawnDate />
        <state>CA</state>
        <bioguideId>F000062</bioguideId>
        <identifiers>
          <gpoId>8338</gpoId>
          <bioguideId>F000062</bioguideId>
          <lisID>1332</lisID>
        </identifiers>
        <fullName>Sen. Feinstein, Dianne [D-CA]</fullName>
        <lastName>FEINSTEIN</lastName>
        <party>D</party>
        <middleName />
        <isOriginalCosponsor>True</isOriginalCosponsor>
        <sponsorshipDate>2017-05-25</sponsorshipDate>
      </item>
      <item>
        <firstName>Cory</firstName>
        <sponsorshipWithdrawnDate />
        <state>CO</state>
        <bioguideId>G000562</bioguideId>
        <identifiers>
          <lisID>1998</lisID>
          <gpoId>7862</gpoId>
          <bioguideId>G000562</bioguideId>
        </identifiers>
        <fullName>Sen. Gardner, Cory [R-CO]</fullName>
        <lastName>Gardner</lastName>
        <party>R</party>
        <middleName />
        <isOriginalCosponsor>True</isOriginalCosponsor>
        <sponsorshipDate>2017-05-25</sponsorshipDate>
      </item>
      <item>
        <firstName>Bob</firstName>
        <sponsorshipWithdrawnDate />
        <state>PA</state>
        <bioguideId>C001070</bioguideId>
        <identifiers>
          <gpoId>8282</gpoId>
          <lisID>1828</lisID>
          <bioguideId>C001070</bioguideId>
        </identifiers>
        <fullName>Sen. Casey, Robert P., Jr. [D-PA]</fullName>
        <lastName>Casey</lastName>
        <party>D</party>
        <middleName />
        <isOriginalCosponsor>True</isOriginalCosponsor>
        <sponsorshipDate>2017-05-25</sponsorshipDate>
      </item>
      <item>
        <firstName>Dean</firstName>
        <sponsorshipWithdrawnDate />
        <state>NV</state>
        <bioguideId>H001041</bioguideId>
        <identifiers>
          <bioguideId>H001041</bioguideId>
          <gpoId>8060</gpoId>
          <lisID>1863</lisID>
        </identifiers>
        <fullName>Sen. Heller, Dean [R-NV]</fullName>
        <lastName>Heller</lastName>
        <party>R</party>
        <middleName />
        <isOriginalCosponsor>True</isOriginalCosponsor>
        <sponsorshipDate>2017-05-25</sponsorshipDate>
      </item>
    </cosponsors>
    <version>1.0.0</version>
    <subjects>
      <billSubjects>
        <legislativeSubjects>
          <item>
            <name>Asia</name>
          </item>
          <item>
            <name>Commemorative events and holidays</name>
          </item>
          <item>
            <name>Congressional tributes</name>
          </item>
          <item>
            <name>Racial and ethnic relations</name>
          </item>
        </legislativeSubjects>
        <policyArea>
          <name>Civil Rights and Liberties, Minority Issues</name>
        </policyArea>
      </billSubjects>
    </subjects>
    <latestAction>
      <text>Submitted in the Senate, considered, and agreed to without amendment and with a preamble by Unanimous Consent. (consideration: CR S3225; text as passed Senate: CR S3224-3225)</text>
      <links />
      <actionDate>2017-05-25</actionDate>
    </latestAction>
    <originChamber>Senate</originChamber>
    <laws />
    <notes />
    <createDate>2017-05-26T00:41:37Z</createDate>
    <billType>SRES</billType>
    <updateDate>2018-02-06T16:44:09Z</updateDate>
    <policyArea>
      <name>Civil Rights and Liberties, Minority Issues</name>
    </policyArea>
    <cboCostEstimates />
    <introducedDate>2017-05-25</introducedDate>
    <amendments />
    <relatedBills>
      <item>
        <type>HRES</type>
        <latestAction>
          <text>Referred to the House Committee on Oversight and Government Reform.</text>
          <actionDate>2017-05-18</actionDate>
        </latestAction>
        <latestTitle>Recognizing the significance of Asian/Pacific American Heritage Month in May as an important time to celebrate the significant contributions of Asian Americans and Pacific Islanders to the history of the United States.</latestTitle>
        <relationshipDetails>
          <item>
            <type>Related bill</type>
            <identifiedBy>CRS</identifiedBy>
          </item>
        </relationshipDetails>
        <congress>115</congress>
        <number>338</number>
      </item>
    </relatedBills>
    <congress>115</congress>
    <committees>
      <billCommittees />
    </committees>
  </bill>
  <dublinCore xmlns:dc="http://purl.org/dc/elements/1.1/">
    <dc:format>text/xml</dc:format>
    <dc:language>EN</dc:language>
    <dc:rights>Pursuant to Title 17 Section 105 of the United States Code, this file is not subject to copyright protection and is in the public domain.</dc:rights>
    <dc:contributor>Congressional Research Service, Library of Congress</dc:contributor>
    <dc:description>This file contains bill summaries and statuses for federal legislation. A bill summary describes the most significant provisions of a piece of legislation and details the effects the legislative text may have on current law and federal programs. Bill summaries are authored by the Congressional Research Service (CRS) of the Library of Congress. As stated in Public Law 91-510 (2 USC 166 (d)(6)), one of the duties of CRS is "to prepare summaries and digests of bills and resolutions of a public general nature introduced in the Senate or House of Representatives". For more information, refer to the User Guide that accompanies this file.</dc:description>
  </dublinCore>
</billStatus>

