<?xml version="1.0" encoding="UTF-8"?>
<billStatus>
  <bill>
    <policyArea>
      <name>Health</name>
    </policyArea>
    <introducedDate>2017-03-23</introducedDate>
    <cosponsors>
      <item>
        <isOriginalCosponsor>True</isOriginalCosponsor>
        <fullName>Sen. Isakson, Johnny [R-GA]</fullName>
        <firstName>Johnny</firstName>
        <identifiers>
          <lisID>1608</lisID>
          <bioguideId>I000055</bioguideId>
          <gpoId>8323</gpoId>
        </identifiers>
        <party>R</party>
        <sponsorshipDate>2017-03-23</sponsorshipDate>
        <lastName>Isakson</lastName>
        <bioguideId>I000055</bioguideId>
        <state>GA</state>
        <middleName />
        <sponsorshipWithdrawnDate />
      </item>
      <item>
        <isOriginalCosponsor>True</isOriginalCosponsor>
        <fullName>Sen. Hassan, Margaret Wood [D-NH]</fullName>
        <firstName>Margaret</firstName>
        <identifiers>
          <lisID>2302</lisID>
          <gpoId />
          <bioguideId>H001076</bioguideId>
        </identifiers>
        <party>D</party>
        <sponsorshipDate>2017-03-23</sponsorshipDate>
        <lastName>Hassan</lastName>
        <bioguideId>H001076</bioguideId>
        <state>NH</state>
        <middleName>Wood</middleName>
        <sponsorshipWithdrawnDate />
      </item>
    </cosponsors>
    <congress>115</congress>
    <recordedVotes />
    <amendments />
    <laws />
    <cboCostEstimates />
    <actions>
      <actionTypeCounts>
        <passedAgreedToInSenate>1</passedAgreedToInSenate>
        <passedOrAgreedToInSenateDayOf>1</passedOrAgreedToInSenateDayOf>
        <introducedInSenate>1</introducedInSenate>
      </actionTypeCounts>
      <item>
        <actionDate>2017-03-23</actionDate>
        <committee />
        <links>
          <link>
            <name>S1979</name>
            <url>https://www.congress.gov/congressional-record/volume-163/senate-section/page/S1979</url>
          </link>
          <link>
            <name>S1979-1980</name>
            <url>https://www.congress.gov/congressional-record/volume-163/senate-section/page/S1979-1980</url>
          </link>
        </links>
        <sourceSystem>
          <name>Senate</name>
          <code>0</code>
        </sourceSystem>
        <text>Submitted in the Senate, considered, and agreed to without amendment and with a preamble by Unanimous Consent. (consideration: CR S1979-1980; text as passed Senate: CR S1979)</text>
        <type>Floor</type>
      </item>
      <item>
        <type>Floor</type>
        <links>
          <link>
            <name>S1979</name>
            <url>https://www.congress.gov/congressional-record/volume-163/senate-section/page/S1979</url>
          </link>
          <link>
            <name>S1979-1980</name>
            <url>https://www.congress.gov/congressional-record/volume-163/senate-section/page/S1979-1980</url>
          </link>
        </links>
        <text>Passed/agreed to in Senate: Submitted in the Senate, considered, and agreed to without amendment and with a preamble by Unanimous Consent.(consideration: CR S1979-1980; text as passed Senate: CR S1979)</text>
        <committee />
        <actionDate>2017-03-23</actionDate>
        <sourceSystem>
          <name>Library of Congress</name>
          <code>9</code>
        </sourceSystem>
        <actionCode>17000</actionCode>
      </item>
      <item>
        <type>IntroReferral</type>
        <links />
        <text>Introduced in Senate</text>
        <committee />
        <actionDate>2017-03-23</actionDate>
        <sourceSystem>
          <name>Library of Congress</name>
          <code>9</code>
        </sourceSystem>
        <actionCode>10000</actionCode>
      </item>
      <actionByCounts>
        <senate>3</senate>
      </actionByCounts>
    </actions>
    <latestAction>
      <text>Submitted in the Senate, considered, and agreed to without amendment and with a preamble by Unanimous Consent. (consideration: CR S1979-1980; text as passed Senate: CR S1979)</text>
      <actionDate>2017-03-23</actionDate>
      <links />
    </latestAction>
    <titles>
      <item>
        <chamberName />
        <titleType>Official Title as Introduced</titleType>
        <title>A resolution designating March 25, 2017, as "National Cerebral Palsy Awareness Day".</title>
        <parentTitleType />
        <chamberCode />
      </item>
      <item>
        <chamberName />
        <titleType>Display Title</titleType>
        <title>A resolution designating March 25, 2017, as "National Cerebral Palsy Awareness Day".</title>
        <parentTitleType />
        <chamberCode />
      </item>
    </titles>
    <summaries>
      <billSummaries>
        <item>
          <text><![CDATA[<p>Designates March 25, 2017, as National Cerebral Palsy Awareness Day.</p>]]></text>
          <actionDate>2017-03-23</actionDate>
          <updateDate>2017-03-23T04:00:00Z</updateDate>
          <lastSummaryUpdateDate>2017-03-31T20:36:31Z</lastSummaryUpdateDate>
          <name>Introduced in Senate</name>
          <actionDesc>Introduced in Senate</actionDesc>
          <versionCode>00</versionCode>
        </item>
        <item>
          <text><![CDATA[<p>(This measure has not been amended since it was introduced. The summary of that version is repeated here.)</p> <p>Designates March 25, 2017, as National Cerebral Palsy Awareness Day.</p>]]></text>
          <actionDate>2017-03-23</actionDate>
          <updateDate>2017-03-23T18:52:06Z</updateDate>
          <lastSummaryUpdateDate>2017-04-03T19:41:23Z</lastSummaryUpdateDate>
          <name>Passed Senate without amendment</name>
          <actionDesc>Passed Senate without amendment</actionDesc>
          <versionCode>82</versionCode>
        </item>
      </billSummaries>
    </summaries>
    <title>A resolution designating March 25, 2017, as "National Cerebral Palsy Awareness Day".</title>
    <calendarNumbers />
    <originChamber>Senate</originChamber>
    <updateDate>2018-02-06T16:44:02Z</updateDate>
    <notes />
    <billType>SRES</billType>
    <committees>
      <billCommittees />
    </committees>
    <relatedBills />
    <committeeReports />
    <billNumber>96</billNumber>
    <sponsors>
      <item>
        <byRequestType />
        <state>PA</state>
        <bioguideId>C001070</bioguideId>
        <identifiers>
          <gpoId>8282</gpoId>
          <lisID>1828</lisID>
          <bioguideId>C001070</bioguideId>
        </identifiers>
        <fullName>Sen. Casey, Robert P., Jr. [D-PA]</fullName>
        <lastName>Casey</lastName>
        <firstName>Bob</firstName>
        <middleName />
        <party>D</party>
      </item>
    </sponsors>
    <createDate>2017-03-24T05:21:00Z</createDate>
    <version>1.0.0</version>
    <subjects>
      <billSubjects>
        <legislativeSubjects>
          <item>
            <name>Child health</name>
          </item>
          <item>
            <name>Commemorative events and holidays</name>
          </item>
          <item>
            <name>Disability and paralysis</name>
          </item>
          <item>
            <name>Neurological disorders</name>
          </item>
        </legislativeSubjects>
        <policyArea>
          <name>Health</name>
        </policyArea>
      </billSubjects>
    </subjects>
  </bill>
  <dublinCore xmlns:dc="http://purl.org/dc/elements/1.1/">
    <dc:format>text/xml</dc:format>
    <dc:language>EN</dc:language>
    <dc:rights>Pursuant to Title 17 Section 105 of the United States Code, this file is not subject to copyright protection and is in the public domain.</dc:rights>
    <dc:contributor>Congressional Research Service, Library of Congress</dc:contributor>
    <dc:description>This file contains bill summaries and statuses for federal legislation. A bill summary describes the most significant provisions of a piece of legislation and details the effects the legislative text may have on current law and federal programs. Bill summaries are authored by the Congressional Research Service (CRS) of the Library of Congress. As stated in Public Law 91-510 (2 USC 166 (d)(6)), one of the duties of CRS is "to prepare summaries and digests of bills and resolutions of a public general nature introduced in the Senate or House of Representatives". For more information, refer to the User Guide that accompanies this file.</dc:description>
  </dublinCore>
</billStatus>

