<?xml version="1.0" encoding="UTF-8"?>
<billStatus>
  <bill>
    <policyArea>
      <name>Health</name>
    </policyArea>
    <introducedDate>2017-04-07</introducedDate>
    <cosponsors>
      <item>
        <isOriginalCosponsor>True</isOriginalCosponsor>
        <fullName>Sen. Strange, Luther [R-AL]</fullName>
        <middleName />
        <state>AL</state>
        <sponsorshipDate>2017-04-07</sponsorshipDate>
        <firstName>Luther</firstName>
        <bioguideId>S001202</bioguideId>
        <party>R</party>
        <lastName>Strange</lastName>
        <sponsorshipWithdrawnDate />
        <identifiers>
          <lisID>2357</lisID>
          <gpoId />
          <bioguideId>S001202</bioguideId>
        </identifiers>
      </item>
    </cosponsors>
    <congress>115</congress>
    <recordedVotes />
    <amendments />
    <laws />
    <cboCostEstimates />
    <actions>
      <actionByCounts>
        <senate>6</senate>
      </actionByCounts>
      <actionTypeCounts>
        <referredToCommittee>1</referredToCommittee>
        <senateCommitteeDischarged>1</senateCommitteeDischarged>
        <agreedToInSenate>1</agreedToInSenate>
        <introducedInSenate>1</introducedInSenate>
        <passedAgreedToInSenate>1</passedAgreedToInSenate>
        <committeeDischarged>1</committeeDischarged>
      </actionTypeCounts>
      <item>
        <actionDate>2017-04-25</actionDate>
        <committee />
        <links />
        <sourceSystem>
          <code>0</code>
          <name>Senate</name>
        </sourceSystem>
        <text>Resolution agreed to in Senate without amendment and with a preamble by Unanimous Consent.</text>
        <type>Floor</type>
      </item>
      <item>
        <text>Passed/agreed to in Senate: Resolution agreed to in Senate without amendment and with a preamble by Unanimous Consent.</text>
        <links />
        <sourceSystem>
          <code>9</code>
          <name>Library of Congress</name>
        </sourceSystem>
        <actionCode>17000</actionCode>
        <type>Floor</type>
        <committee />
        <actionDate>2017-04-25</actionDate>
      </item>
      <item>
        <actionDate>2017-04-25</actionDate>
        <committee>
          <name>Judiciary Committee</name>
          <systemCode>ssju00</systemCode>
        </committee>
        <links>
          <link>
            <name>S2535-2536</name>
            <url>https://www.congress.gov/congressional-record/volume-163/senate-section/page/S2535-2536</url>
          </link>
        </links>
        <sourceSystem>
          <code>0</code>
          <name>Senate</name>
        </sourceSystem>
        <text>Senate Committee on the Judiciary discharged by Unanimous Consent. (consideration: CR S2535-2536)</text>
        <type>Discharge</type>
      </item>
      <item>
        <text>Senate Committee on the Judiciary discharged by Unanimous Consent.</text>
        <links />
        <sourceSystem>
          <code>9</code>
          <name>Library of Congress</name>
        </sourceSystem>
        <actionCode>14500</actionCode>
        <type>Committee</type>
        <committee>
          <name>Judiciary Committee</name>
          <systemCode>ssju00</systemCode>
        </committee>
        <actionDate>2017-04-25</actionDate>
      </item>
      <item>
        <actionDate>2017-04-07</actionDate>
        <committee>
          <name>Judiciary Committee</name>
          <systemCode>ssju00</systemCode>
        </committee>
        <links>
          <link>
            <name>S2459</name>
            <url>https://www.congress.gov/congressional-record/volume-163/senate-section/page/S2459</url>
          </link>
        </links>
        <sourceSystem>
          <code>0</code>
          <name>Senate</name>
        </sourceSystem>
        <text>Referred to the Committee on the Judiciary. (Sponsor introductory remarks on measure: CR S2459; text of measure as introduced: CR S2459)</text>
        <type>IntroReferral</type>
      </item>
      <item>
        <text>Introduced in Senate</text>
        <links />
        <sourceSystem>
          <code>9</code>
          <name>Library of Congress</name>
        </sourceSystem>
        <actionCode>10000</actionCode>
        <type>IntroReferral</type>
        <committee />
        <actionDate>2017-04-07</actionDate>
      </item>
    </actions>
    <latestAction>
      <text>Resolution agreed to in Senate without amendment and with a preamble by Unanimous Consent.</text>
      <actionDate>2017-04-25</actionDate>
      <links />
    </latestAction>
    <titles>
      <item>
        <chamberCode />
        <title>A resolution designating April 2017 as "National Congenital Diaphragmatic Hernia Awareness Month".</title>
        <titleType>Official Title as Introduced</titleType>
        <parentTitleType />
        <chamberName />
      </item>
      <item>
        <chamberCode />
        <title>A resolution designating April 2017 as "National Congenital Diaphragmatic Hernia Awareness Month".</title>
        <titleType>Display Title</titleType>
        <parentTitleType />
        <chamberName />
      </item>
    </titles>
    <summaries>
      <billSummaries>
        <item>
          <text><![CDATA[<p>Designates April 2017 as National Congenital Diaphragmatic Hernia Awareness Month. (Congenital diaphragmatic hernia is a birth defect that occurs when the diaphragm fails to fully form, allowing abdominal organs to migrate into the chest cavity and preventing lung growth.)</p> <p>Encourages that steps should be taken to:</p> <ul> <li>raise awareness of and increase public knowledge about congenital diaphragmatic hernia (CDH);</li> <li>inform all Americans about the dangers of CDH;</li> <li>disseminate information on the importance of quality neonatal care for CDH patients;</li> <li>promote quality prenatal care and the use of ultrasounds to detect CDH in utero; and</li> <li>support research funding of CDH to improve screening and treatment, discover its causes, and develop a cure. </li> </ul>]]></text>
          <versionCode>00</versionCode>
          <actionDate>2017-04-07</actionDate>
          <name>Introduced in Senate</name>
          <actionDesc>Introduced in Senate</actionDesc>
          <lastSummaryUpdateDate>2017-04-20T15:44:32Z</lastSummaryUpdateDate>
          <updateDate>2017-04-07T04:00:00Z</updateDate>
        </item>
        <item>
          <text><![CDATA[<p>(This measure has not been amended since it was introduced. The summary of that version is repeated here.)</p> <p>Designates April 2017 as National Congenital Diaphragmatic Hernia Awareness Month. (Congenital diaphragmatic hernia is a birth defect that occurs when the diaphragm fails to fully form, allowing abdominal organs to migrate into the chest cavity and preventing lung growth.)</p> <p>Encourages that steps should be taken to:</p> <ul> <li>raise awareness of and increase public knowledge about congenital diaphragmatic hernia (CDH);</li> <li>inform all Americans about the dangers of CDH;</li> <li>disseminate information on the importance of quality neonatal care for CDH patients;</li> <li>promote quality prenatal care and the use of ultrasounds to detect CDH in utero; and</li> <li>support research funding of CDH to improve screening and treatment, discover its causes, and develop a cure. </li> </ul>]]></text>
          <versionCode>82</versionCode>
          <actionDate>2017-04-25</actionDate>
          <name>Passed Senate without amendment</name>
          <actionDesc>Passed Senate without amendment</actionDesc>
          <lastSummaryUpdateDate>2017-08-15T16:15:07Z</lastSummaryUpdateDate>
          <updateDate>2017-04-25T13:03:34Z</updateDate>
        </item>
      </billSummaries>
    </summaries>
    <title>A resolution designating April 2017 as "National Congenital Diaphragmatic Hernia Awareness Month".</title>
    <calendarNumbers />
    <originChamber>Senate</originChamber>
    <updateDate>2018-02-06T16:44:04Z</updateDate>
    <notes />
    <billType>SRES</billType>
    <committees>
      <billCommittees>
        <item>
          <chamber>Senate</chamber>
          <name>Judiciary Committee</name>
          <systemCode>ssju00</systemCode>
          <type>Standing</type>
          <subcommittees />
          <activities>
            <item>
              <name>Discharged from</name>
              <date>2017-04-25T21:43:42Z</date>
            </item>
            <item>
              <name>Referred to</name>
              <date>2017-04-07T16:37:15Z</date>
            </item>
          </activities>
        </item>
      </billCommittees>
    </committees>
    <relatedBills />
    <committeeReports />
    <billNumber>128</billNumber>
    <sponsors>
      <item>
        <byRequestType />
        <state>MD</state>
        <bioguideId>C000141</bioguideId>
        <identifiers>
          <gpoId>8287</gpoId>
          <lisID>174</lisID>
          <bioguideId>C000141</bioguideId>
        </identifiers>
        <fullName>Sen. Cardin, Benjamin L. [D-MD]</fullName>
        <lastName>CARDIN</lastName>
        <firstName>BENJAMIN</firstName>
        <middleName>L.</middleName>
        <party>D</party>
      </item>
    </sponsors>
    <createDate>2017-04-08T00:41:45Z</createDate>
    <version>1.0.0</version>
    <subjects>
      <billSubjects>
        <legislativeSubjects>
          <item>
            <name>Birth defects</name>
          </item>
          <item>
            <name>Cardiovascular and respiratory health</name>
          </item>
          <item>
            <name>Child health</name>
          </item>
          <item>
            <name>Commemorative events and holidays</name>
          </item>
          <item>
            <name>Health promotion and preventive care</name>
          </item>
          <item>
            <name>Medical research</name>
          </item>
          <item>
            <name>Medical tests and diagnostic methods</name>
          </item>
          <item>
            <name>Research administration and funding</name>
          </item>
        </legislativeSubjects>
        <policyArea>
          <name>Health</name>
        </policyArea>
      </billSubjects>
    </subjects>
  </bill>
  <dublinCore xmlns:dc="http://purl.org/dc/elements/1.1/">
    <dc:format>text/xml</dc:format>
    <dc:language>EN</dc:language>
    <dc:rights>Pursuant to Title 17 Section 105 of the United States Code, this file is not subject to copyright protection and is in the public domain.</dc:rights>
    <dc:contributor>Congressional Research Service, Library of Congress</dc:contributor>
    <dc:description>This file contains bill summaries and statuses for federal legislation. A bill summary describes the most significant provisions of a piece of legislation and details the effects the legislative text may have on current law and federal programs. Bill summaries are authored by the Congressional Research Service (CRS) of the Library of Congress. As stated in Public Law 91-510 (2 USC 166 (d)(6)), one of the duties of CRS is "to prepare summaries and digests of bills and resolutions of a public general nature introduced in the Senate or House of Representatives". For more information, refer to the User Guide that accompanies this file.</dc:description>
  </dublinCore>
</billStatus>

