<?xml version="1.0" encoding="UTF-8"?>
<billStatus>
  <bill>
    <originChamber>Senate</originChamber>
    <introducedDate>2017-11-01</introducedDate>
    <cosponsors>
      <item>
        <state>CA</state>
        <party>D</party>
        <fullName>Sen. Feinstein, Dianne [D-CA]</fullName>
        <lastName>FEINSTEIN</lastName>
        <isOriginalCosponsor>True</isOriginalCosponsor>
        <bioguideId>F000062</bioguideId>
        <sponsorshipWithdrawnDate />
        <middleName />
        <identifiers>
          <bioguideId>F000062</bioguideId>
          <lisID>1332</lisID>
          <gpoId>8338</gpoId>
        </identifiers>
        <firstName>DIANNE</firstName>
        <sponsorshipDate>2017-11-01</sponsorshipDate>
      </item>
      <item>
        <state>TX</state>
        <party>R</party>
        <fullName>Sen. Cornyn, John [R-TX]</fullName>
        <lastName>Cornyn</lastName>
        <isOriginalCosponsor>True</isOriginalCosponsor>
        <bioguideId>C001056</bioguideId>
        <sponsorshipWithdrawnDate />
        <middleName />
        <identifiers>
          <lisID>1692</lisID>
          <bioguideId>C001056</bioguideId>
          <gpoId>8295</gpoId>
        </identifiers>
        <firstName>John</firstName>
        <sponsorshipDate>2017-11-01</sponsorshipDate>
      </item>
      <item>
        <state>MN</state>
        <party>D</party>
        <fullName>Sen. Klobuchar, Amy [D-MN]</fullName>
        <lastName>Klobuchar</lastName>
        <isOriginalCosponsor>True</isOriginalCosponsor>
        <bioguideId>K000367</bioguideId>
        <sponsorshipWithdrawnDate />
        <middleName />
        <identifiers>
          <lisID>1826</lisID>
          <bioguideId>K000367</bioguideId>
          <gpoId>8249</gpoId>
        </identifiers>
        <firstName>Amy</firstName>
        <sponsorshipDate>2017-11-01</sponsorshipDate>
      </item>
    </cosponsors>
    <billType>SRES</billType>
    <recordedVotes />
    <laws />
    <committeeReports />
    <actions>
      <actionByCounts>
        <senate>3</senate>
      </actionByCounts>
      <actionTypeCounts>
        <passedAgreedToInSenate>1</passedAgreedToInSenate>
        <passedOrAgreedToInSenateDayOf>1</passedOrAgreedToInSenateDayOf>
        <introducedInSenate>1</introducedInSenate>
      </actionTypeCounts>
      <item>
        <actionDate>2017-11-01</actionDate>
        <committee />
        <links>
          <link>
            <name>S6972</name>
            <url>https://www.congress.gov/congressional-record/volume-163/senate-section/page/S6972</url>
          </link>
          <link>
            <name>S6973</name>
            <url>https://www.congress.gov/congressional-record/volume-163/senate-section/page/S6973</url>
          </link>
        </links>
        <sourceSystem>
          <name>Senate</name>
          <code>0</code>
        </sourceSystem>
        <text>Submitted in the Senate, considered, and agreed to without amendment and with a preamble by Unanimous Consent. (consideration: CR S6973; text: CR S6972)</text>
        <type>Floor</type>
      </item>
      <item>
        <actionDate>2017-11-01</actionDate>
        <text>Passed/agreed to in Senate: Submitted in the Senate, considered, and agreed to without amendment and with a preamble by Unanimous Consent.(consideration: CR S6973; text: CR S6972)</text>
        <sourceSystem>
          <name>Library of Congress</name>
          <code>9</code>
        </sourceSystem>
        <committee />
        <links>
          <link>
            <name>S6972</name>
            <url>https://www.congress.gov/congressional-record/volume-163/senate-section/page/S6972</url>
          </link>
          <link>
            <name>S6973</name>
            <url>https://www.congress.gov/congressional-record/volume-163/senate-section/page/S6973</url>
          </link>
        </links>
        <actionCode>17000</actionCode>
        <type>Floor</type>
      </item>
      <item>
        <actionDate>2017-11-01</actionDate>
        <text>Introduced in Senate</text>
        <sourceSystem>
          <name>Library of Congress</name>
          <code>9</code>
        </sourceSystem>
        <committee />
        <links />
        <actionCode>10000</actionCode>
        <type>IntroReferral</type>
      </item>
    </actions>
    <createDate>2017-11-02T00:41:15Z</createDate>
    <version>1.0.0</version>
    <notes />
    <latestAction>
      <actionDate>2017-11-01</actionDate>
      <text>Submitted in the Senate, considered, and agreed to without amendment and with a preamble by Unanimous Consent. (consideration: CR S6973; text: CR S6972)</text>
      <links />
    </latestAction>
    <title>A resolution supporting the goals and ideals of National Domestic Violence Awareness Month, commending domestic violence victim advocates, domestic violence victim service providers, crisis hotline staff, and first responders serving victims of domestic violence for their compassionate support of survivors of domestic violence, and expressing the sense of the Senate that Congress should continue to support efforts to end domestic violence, provide safety for victims of domestic violence and their families, and hold perpetrators of domestic violence accountable.</title>
    <summaries>
      <billSummaries>
        <item>
          <versionCode>00</versionCode>
          <updateDate>2017-11-01T04:00:00Z</updateDate>
          <actionDate>2017-11-01</actionDate>
          <text><![CDATA[<p>Expresses support for the goals and ideals of National Domestic Violence Awareness Month.</p>]]></text>
          <actionDesc>Introduced in Senate</actionDesc>
          <lastSummaryUpdateDate>2017-11-07T15:38:13Z</lastSummaryUpdateDate>
          <name>Introduced in Senate</name>
        </item>
        <item>
          <versionCode>82</versionCode>
          <updateDate>2017-11-01T13:50:58Z</updateDate>
          <actionDate>2017-11-01</actionDate>
          <text><![CDATA[<p>(This measure has not been amended since it was introduced. The summary of that version is repeated here.)</p> <p>Expresses support for the goals and ideals of National Domestic Violence Awareness Month.</p>]]></text>
          <actionDesc>Passed Senate without amendment</actionDesc>
          <lastSummaryUpdateDate>2017-11-13T15:21:36Z</lastSummaryUpdateDate>
          <name>Passed Senate without amendment</name>
        </item>
      </billSummaries>
    </summaries>
    <congress>115</congress>
    <policyArea>
      <name>Families</name>
    </policyArea>
    <billNumber>320</billNumber>
    <calendarNumbers />
    <cboCostEstimates />
    <subjects>
      <billSubjects>
        <policyArea>
          <name>Families</name>
        </policyArea>
        <legislativeSubjects />
      </billSubjects>
    </subjects>
    <relatedBills>
      <item>
        <congress>115</congress>
        <latestTitle>Supporting the goals and ideals of October as "National Domestic Violence Awareness Month" and expressing the sense of the House of Representatives that Congress should continue to raise awareness of domestic violence and its devastating effects on individuals, families, and communities, and support programs designed to end domestic violence in the United States.</latestTitle>
        <number>594</number>
        <type>HRES</type>
        <latestAction>
          <text>Referred to the House Committee on Education and the Workforce.</text>
          <actionDate>2017-10-31</actionDate>
        </latestAction>
        <relationshipDetails>
          <item>
            <type>Related bill</type>
            <identifiedBy>CRS</identifiedBy>
          </item>
        </relationshipDetails>
      </item>
    </relatedBills>
    <committees>
      <billCommittees />
    </committees>
    <titles>
      <item>
        <titleType>Official Title as Introduced</titleType>
        <title>A resolution supporting the goals and ideals of National Domestic Violence Awareness Month, commending domestic violence victim advocates, domestic violence victim service providers, crisis hotline staff, and first responders serving victims of domestic violence for their compassionate support of survivors of domestic violence, and expressing the sense of the Senate that Congress should continue to support efforts to end domestic violence, provide safety for victims of domestic violence and their families, and hold perpetrators of domestic violence accountable.</title>
        <chamberCode />
        <parentTitleType />
        <chamberName />
      </item>
      <item>
        <titleType>Display Title</titleType>
        <title>A resolution supporting the goals and ideals of National Domestic Violence Awareness Month, commending domestic violence victim advocates, domestic violence victim service providers, crisis hotline staff, and first responders serving victims of domestic violence for their compassionate support of survivors of domestic violence, and expressing the sense of the Senate that Congress should continue to support efforts to end domestic violence, provide safety for victims of domestic violence and their families, and hold perpetrators of domestic violence accountable.</title>
        <chamberCode />
        <parentTitleType />
        <chamberName />
      </item>
    </titles>
    <sponsors>
      <item>
        <fullName>Sen. Grassley, Chuck [R-IA]</fullName>
        <middleName>ERNEST</middleName>
        <state>IA</state>
        <byRequestType />
        <firstName>CHARLES</firstName>
        <bioguideId>G000386</bioguideId>
        <party>R</party>
        <lastName>GRASSLEY</lastName>
        <identifiers>
          <bioguideId>G000386</bioguideId>
          <lisID>457</lisID>
          <gpoId>8316</gpoId>
        </identifiers>
      </item>
    </sponsors>
    <updateDate>2018-02-06T16:44:17Z</updateDate>
    <amendments />
  </bill>
  <dublinCore xmlns:dc="http://purl.org/dc/elements/1.1/">
    <dc:format>text/xml</dc:format>
    <dc:language>EN</dc:language>
    <dc:rights>Pursuant to Title 17 Section 105 of the United States Code, this file is not subject to copyright protection and is in the public domain.</dc:rights>
    <dc:contributor>Congressional Research Service, Library of Congress</dc:contributor>
    <dc:description>This file contains bill summaries and statuses for federal legislation. A bill summary describes the most significant provisions of a piece of legislation and details the effects the legislative text may have on current law and federal programs. Bill summaries are authored by the Congressional Research Service (CRS) of the Library of Congress. As stated in Public Law 91-510 (2 USC 166 (d)(6)), one of the duties of CRS is "to prepare summaries and digests of bills and resolutions of a public general nature introduced in the Senate or House of Representatives". For more information, refer to the User Guide that accompanies this file.</dc:description>
  </dublinCore>
</billStatus>

