<?xml version="1.0" encoding="UTF-8"?>
<billStatus>
  <bill>
    <amendments />
    <title>A resolution condemning the continued undemocratic measures by the Government of Venezuela to undermine the independence of democratic institutions and calling for a free and fair electoral process.</title>
    <sponsors>
      <item>
        <fullName>Sen. Durbin, Richard J. [D-IL]</fullName>
        <middleName>J.</middleName>
        <firstName>RICHARD</firstName>
        <bioguideId>D000563</bioguideId>
        <party>D</party>
        <state>IL</state>
        <lastName>DURBIN</lastName>
        <identifiers>
          <lisID>326</lisID>
          <gpoId>8326</gpoId>
          <bioguideId>D000563</bioguideId>
        </identifiers>
        <byRequestType />
      </item>
    </sponsors>
    <cboCostEstimates />
    <laws />
    <version>1.0.0</version>
    <committees>
      <billCommittees>
        <item>
          <type>Standing</type>
          <subcommittees />
          <chamber>Senate</chamber>
          <activities>
            <item>
              <date>2018-02-27T22:35:25Z</date>
              <name>Referred to</name>
            </item>
          </activities>
          <name>Foreign Relations Committee</name>
          <systemCode>ssfr00</systemCode>
        </item>
      </billCommittees>
    </committees>
    <subjects>
      <billSubjects>
        <policyArea>
          <name>International Affairs</name>
        </policyArea>
        <legislativeSubjects />
      </billSubjects>
    </subjects>
    <cosponsors>
      <item>
        <identifiers>
          <lisID>791</lisID>
          <gpoId>8239</gpoId>
          <bioguideId>M000639</bioguideId>
        </identifiers>
        <middleName />
        <state>NJ</state>
        <bioguideId>M000639</bioguideId>
        <firstName>ROBERT</firstName>
        <sponsorshipWithdrawnDate />
        <sponsorshipDate>2018-02-27</sponsorshipDate>
        <fullName>Sen. Menendez, Robert [D-NJ]</fullName>
        <lastName>MENENDEZ</lastName>
        <party>D</party>
        <isOriginalCosponsor>True</isOriginalCosponsor>
      </item>
      <item>
        <identifiers>
          <bioguideId>C000141</bioguideId>
          <lisID>174</lisID>
          <gpoId>8287</gpoId>
        </identifiers>
        <middleName>L.</middleName>
        <state>MD</state>
        <bioguideId>C000141</bioguideId>
        <firstName>BENJAMIN</firstName>
        <sponsorshipWithdrawnDate />
        <sponsorshipDate>2018-02-27</sponsorshipDate>
        <fullName>Sen. Cardin, Benjamin L. [D-MD]</fullName>
        <lastName>CARDIN</lastName>
        <party>D</party>
        <isOriginalCosponsor>True</isOriginalCosponsor>
      </item>
      <item>
        <identifiers>
          <gpoId>7983</gpoId>
          <bioguideId>V000128</bioguideId>
          <lisID>1729</lisID>
        </identifiers>
        <middleName />
        <state>MD</state>
        <bioguideId>V000128</bioguideId>
        <firstName>Chris</firstName>
        <sponsorshipWithdrawnDate />
        <sponsorshipDate>2018-02-27</sponsorshipDate>
        <fullName>Sen. Van Hollen, Chris [D-MD]</fullName>
        <lastName>Van Hollen</lastName>
        <party>D</party>
        <isOriginalCosponsor>True</isOriginalCosponsor>
      </item>
      <item>
        <identifiers>
          <bioguideId>L000174</bioguideId>
          <lisID>1383</lisID>
          <gpoId>8244</gpoId>
        </identifiers>
        <middleName>JOSEPH</middleName>
        <state>VT</state>
        <bioguideId>L000174</bioguideId>
        <firstName>PATRICK</firstName>
        <sponsorshipWithdrawnDate />
        <sponsorshipDate>2018-02-27</sponsorshipDate>
        <fullName>Sen. Leahy, Patrick J. [D-VT]</fullName>
        <lastName>LEAHY</lastName>
        <party>D</party>
        <isOriginalCosponsor>True</isOriginalCosponsor>
      </item>
      <item>
        <identifiers>
          <gpoId>8236</gpoId>
          <bioguideId>N000032</bioguideId>
          <lisID>859</lisID>
        </identifiers>
        <middleName>WILLIAM</middleName>
        <state>FL</state>
        <bioguideId>N000032</bioguideId>
        <firstName>CLARENCE</firstName>
        <sponsorshipWithdrawnDate />
        <sponsorshipDate>2018-02-27</sponsorshipDate>
        <fullName>Sen. Nelson, Bill [D-FL]</fullName>
        <lastName>NELSON</lastName>
        <party>D</party>
        <isOriginalCosponsor>True</isOriginalCosponsor>
      </item>
      <item>
        <identifiers>
          <bioguideId>B001267</bioguideId>
          <lisID>1965</lisID>
          <gpoId>8302</gpoId>
        </identifiers>
        <middleName>F.</middleName>
        <state>CO</state>
        <bioguideId>B001267</bioguideId>
        <firstName>Michael</firstName>
        <sponsorshipWithdrawnDate />
        <sponsorshipDate>2018-02-27</sponsorshipDate>
        <fullName>Sen. Bennet, Michael F. [D-CO]</fullName>
        <lastName>Bennet</lastName>
        <party>D</party>
        <isOriginalCosponsor>True</isOriginalCosponsor>
      </item>
      <item>
        <identifiers>
          <lisID>1984</lisID>
          <bioguideId>C001088</bioguideId>
          <gpoId>8297</gpoId>
        </identifiers>
        <middleName>A.</middleName>
        <state>DE</state>
        <bioguideId>C001088</bioguideId>
        <firstName>Christopher</firstName>
        <sponsorshipWithdrawnDate />
        <sponsorshipDate>2018-02-27</sponsorshipDate>
        <fullName>Sen. Coons, Christopher A. [D-DE]</fullName>
        <lastName>Coons</lastName>
        <party>D</party>
        <isOriginalCosponsor>True</isOriginalCosponsor>
      </item>
      <item>
        <identifiers>
          <gpoId>8272</gpoId>
          <lisID>949</lisID>
          <bioguideId>R000122</bioguideId>
        </identifiers>
        <middleName>F.</middleName>
        <state>RI</state>
        <bioguideId>R000122</bioguideId>
        <firstName>JOHN</firstName>
        <sponsorshipWithdrawnDate />
        <sponsorshipDate>2018-02-27</sponsorshipDate>
        <fullName>Sen. Reed, Jack [D-RI]</fullName>
        <lastName>REED</lastName>
        <party>D</party>
        <isOriginalCosponsor>True</isOriginalCosponsor>
      </item>
      <item>
        <identifiers>
          <gpoId />
          <lisID>2176</lisID>
          <bioguideId>K000384</bioguideId>
        </identifiers>
        <middleName />
        <state>VA</state>
        <bioguideId>K000384</bioguideId>
        <firstName>Timothy</firstName>
        <sponsorshipWithdrawnDate />
        <sponsorshipDate>2018-02-27</sponsorshipDate>
        <fullName>Sen. Kaine, Tim [D-VA]</fullName>
        <lastName>Kaine</lastName>
        <party>D</party>
        <isOriginalCosponsor>True</isOriginalCosponsor>
      </item>
      <item>
        <identifiers>
          <gpoId>8270</gpoId>
          <lisID>1010</lisID>
          <bioguideId>S000033</bioguideId>
        </identifiers>
        <middleName />
        <state>VT</state>
        <bioguideId>S000033</bioguideId>
        <firstName>BERNARD</firstName>
        <sponsorshipWithdrawnDate />
        <sponsorshipDate>2018-02-27</sponsorshipDate>
        <fullName>Sen. Sanders, Bernard [I-VT]</fullName>
        <lastName>SANDERS</lastName>
        <party>I</party>
        <isOriginalCosponsor>True</isOriginalCosponsor>
      </item>
    </cosponsors>
    <updateDate>2018-03-02T05:44:15Z</updateDate>
    <originChamber>Senate</originChamber>
    <createDate>2018-02-28T05:26:07Z</createDate>
    <recordedVotes />
    <relatedBills />
    <notes />
    <introducedDate>2018-02-27</introducedDate>
    <latestAction>
      <actionDate>2018-02-27</actionDate>
      <text>Referred to the Committee on Foreign Relations. (text of measure as introduced: CR S1251-1252)</text>
      <links />
    </latestAction>
    <calendarNumbers />
    <billNumber>414</billNumber>
    <policyArea>
      <name>International Affairs</name>
    </policyArea>
    <titles>
      <item>
        <titleType>Official Title as Introduced</titleType>
        <chamberName />
        <parentTitleType />
        <title>A resolution condemning the continued undemocratic measures by the Government of Venezuela to undermine the independence of democratic institutions and calling for a free and fair electoral process.</title>
        <chamberCode />
      </item>
      <item>
        <titleType>Display Title</titleType>
        <chamberName />
        <parentTitleType />
        <title>A resolution condemning the continued undemocratic measures by the Government of Venezuela to undermine the independence of democratic institutions and calling for a free and fair electoral process.</title>
        <chamberCode />
      </item>
    </titles>
    <congress>115</congress>
    <actions>
      <actionByCounts>
        <senate>2</senate>
      </actionByCounts>
      <actionTypeCounts>
        <introducedInSenate>1</introducedInSenate>
        <referredToCommittee>1</referredToCommittee>
      </actionTypeCounts>
      <item>
        <actionDate>2018-02-27</actionDate>
        <committee>
          <name>Foreign Relations Committee</name>
          <systemCode>ssfr00</systemCode>
        </committee>
        <links>
          <link>
            <name>S1251-1252</name>
            <url>https://www.congress.gov/congressional-record/volume-164/senate-section/page/S1251-1252</url>
          </link>
        </links>
        <sourceSystem>
          <name>Senate</name>
          <code>0</code>
        </sourceSystem>
        <text>Referred to the Committee on Foreign Relations. (text of measure as introduced: CR S1251-1252)</text>
        <type>IntroReferral</type>
      </item>
      <item>
        <text>Introduced in Senate</text>
        <type>IntroReferral</type>
        <actionDate>2018-02-27</actionDate>
        <links />
        <actionCode>10000</actionCode>
        <committee />
        <sourceSystem>
          <name>Library of Congress</name>
          <code>9</code>
        </sourceSystem>
      </item>
    </actions>
    <summaries>
      <billSummaries />
    </summaries>
    <billType>SRES</billType>
    <committeeReports />
  </bill>
  <dublinCore xmlns:dc="http://purl.org/dc/elements/1.1/">
    <dc:format>text/xml</dc:format>
    <dc:language>EN</dc:language>
    <dc:rights>Pursuant to Title 17 Section 105 of the United States Code, this file is not subject to copyright protection and is in the public domain.</dc:rights>
    <dc:contributor>Congressional Research Service, Library of Congress</dc:contributor>
    <dc:description>This file contains bill summaries and statuses for federal legislation. A bill summary describes the most significant provisions of a piece of legislation and details the effects the legislative text may have on current law and federal programs. Bill summaries are authored by the Congressional Research Service (CRS) of the Library of Congress. As stated in Public Law 91-510 (2 USC 166 (d)(6)), one of the duties of CRS is "to prepare summaries and digests of bills and resolutions of a public general nature introduced in the Senate or House of Representatives". For more information, refer to the User Guide that accompanies this file.</dc:description>
  </dublinCore>
</billStatus>

