<?xml version="1.0" encoding="UTF-8"?>
<billStatus>
  <bill>
    <committeeReports />
    <laws />
    <updateDate>2018-03-02T05:44:14Z</updateDate>
    <notes />
    <billNumber>333</billNumber>
    <introducedDate>2017-11-15</introducedDate>
    <calendarNumbers />
    <title>A resolution permitting the collection of clothing, toys, food, and housewares during the holiday season for charitable purposes in Senate buildings.</title>
    <originChamber>Senate</originChamber>
    <billType>SRES</billType>
    <actions>
      <actionByCounts>
        <senate>3</senate>
      </actionByCounts>
      <actionTypeCounts>
        <passedAgreedToInSenate>1</passedAgreedToInSenate>
        <introducedInSenate>1</introducedInSenate>
        <passedOrAgreedToInSenateDayOf>1</passedOrAgreedToInSenateDayOf>
      </actionTypeCounts>
      <item>
        <actionDate>2017-11-15</actionDate>
        <committee />
        <links>
          <link>
            <name>S7265</name>
            <url>https://www.congress.gov/congressional-record/volume-163/senate-section/page/S7265</url>
          </link>
          <link>
            <name>S7267</name>
            <url>https://www.congress.gov/congressional-record/volume-163/senate-section/page/S7267</url>
          </link>
        </links>
        <sourceSystem>
          <name>Senate</name>
          <code>0</code>
        </sourceSystem>
        <text>Submitted in the Senate, considered, and agreed to without amendment by Unanimous Consent. (consideration: CR S7267; text: CR S7265)</text>
        <type>Floor</type>
      </item>
      <item>
        <text>Passed/agreed to in Senate: Submitted in the Senate, considered, and agreed to without amendment by Unanimous Consent.(consideration: CR S7267; text: CR S7265)</text>
        <type>Floor</type>
        <actionDate>2017-11-15</actionDate>
        <links>
          <link>
            <name>S7265</name>
            <url>https://www.congress.gov/congressional-record/volume-163/senate-section/page/S7265</url>
          </link>
          <link>
            <name>S7267</name>
            <url>https://www.congress.gov/congressional-record/volume-163/senate-section/page/S7267</url>
          </link>
        </links>
        <actionCode>17000</actionCode>
        <committee />
        <sourceSystem>
          <name>Library of Congress</name>
          <code>9</code>
        </sourceSystem>
      </item>
      <item>
        <text>Introduced in Senate</text>
        <type>IntroReferral</type>
        <actionDate>2017-11-15</actionDate>
        <links />
        <actionCode>10000</actionCode>
        <committee />
        <sourceSystem>
          <name>Library of Congress</name>
          <code>9</code>
        </sourceSystem>
      </item>
    </actions>
    <version>1.0.0</version>
    <summaries>
      <billSummaries>
        <item>
          <updateDate>2017-11-15T05:00:00Z</updateDate>
          <actionDesc>Introduced in Senate</actionDesc>
          <versionCode>00</versionCode>
          <lastSummaryUpdateDate>2018-02-27T17:40:13Z</lastSummaryUpdateDate>
          <name>Introduced in Senate</name>
          <actionDate>2017-11-15</actionDate>
          <text><![CDATA[<p>Authorizes a Senator, officer, or employee of the Senate to: (1) collect from another such individual, within Senate buildings, nonmonetary donations of clothing, toys, food, and housewares for charitable purposes related to serving persons in need or members of the Armed Forces and the families of those members during the holiday season, if the charitable purposes do not otherwise violate any rule or regulation of the Senate or of federal law; and (2) work with a nonprofit organization with respect to the delivery of such donations.</p>]]></text>
        </item>
        <item>
          <updateDate>2017-11-15T19:13:36Z</updateDate>
          <actionDesc>Passed Senate without amendment</actionDesc>
          <versionCode>82</versionCode>
          <lastSummaryUpdateDate>2018-02-27T17:45:44Z</lastSummaryUpdateDate>
          <name>Passed Senate without amendment</name>
          <actionDate>2017-11-15</actionDate>
          <text><![CDATA[<p>(This measure has not been amended since it was introduced. The summary has been expanded because action occurred on the measure.)</p> <p>(Sec. 1) Authorizes a Senator, officer, or employee of the Senate to: (1) collect from another such individual, within Senate buildings, nonmonetary donations of clothing, toys, food, and housewares for charitable purposes related to serving persons in need or members of the Armed Forces and the families of those members during the holiday season, if the charitable purposes do not otherwise violate any rule or regulation of the Senate or of federal law; and (2) work with a nonprofit organization with respect to the delivery of such donations.</p>]]></text>
        </item>
      </billSummaries>
    </summaries>
    <committees>
      <billCommittees />
    </committees>
    <createDate>2017-11-16T00:26:14Z</createDate>
    <subjects>
      <billSubjects>
        <legislativeSubjects />
        <policyArea>
          <name>Congress</name>
        </policyArea>
      </billSubjects>
    </subjects>
    <recordedVotes />
    <congress>115</congress>
    <relatedBills />
    <titles>
      <item>
        <titleType>Official Title as Introduced</titleType>
        <chamberCode />
        <parentTitleType />
        <title>A resolution permitting the collection of clothing, toys, food, and housewares during the holiday season for charitable purposes in Senate buildings.</title>
        <chamberName />
      </item>
      <item>
        <titleType>Display Title</titleType>
        <chamberCode />
        <parentTitleType />
        <title>A resolution permitting the collection of clothing, toys, food, and housewares during the holiday season for charitable purposes in Senate buildings.</title>
        <chamberName />
      </item>
    </titles>
    <cboCostEstimates />
    <sponsors>
      <item>
        <lastName>Isakson</lastName>
        <identifiers>
          <bioguideId>I000055</bioguideId>
          <lisID>1608</lisID>
          <gpoId>8323</gpoId>
        </identifiers>
        <party>R</party>
        <firstName>Johnny</firstName>
        <middleName />
        <fullName>Sen. Isakson, Johnny [R-GA]</fullName>
        <bioguideId>I000055</bioguideId>
        <state>GA</state>
        <byRequestType />
      </item>
    </sponsors>
    <latestAction>
      <links />
      <actionDate>2017-11-15</actionDate>
      <text>Submitted in the Senate, considered, and agreed to without amendment by Unanimous Consent. (consideration: CR S7267; text: CR S7265)</text>
    </latestAction>
    <amendments />
    <policyArea>
      <name>Congress</name>
    </policyArea>
    <cosponsors>
      <item>
        <bioguideId>T000464</bioguideId>
        <firstName>Jon</firstName>
        <sponsorshipDate>2017-11-15</sponsorshipDate>
        <party>D</party>
        <sponsorshipWithdrawnDate />
        <identifiers>
          <lisID>1829</lisID>
          <bioguideId>T000464</bioguideId>
          <gpoId>8258</gpoId>
        </identifiers>
        <lastName>Tester</lastName>
        <state>MT</state>
        <isOriginalCosponsor>True</isOriginalCosponsor>
        <fullName>Sen. Tester, Jon [D-MT]</fullName>
        <middleName />
      </item>
    </cosponsors>
  </bill>
  <dublinCore xmlns:dc="http://purl.org/dc/elements/1.1/">
    <dc:format>text/xml</dc:format>
    <dc:language>EN</dc:language>
    <dc:rights>Pursuant to Title 17 Section 105 of the United States Code, this file is not subject to copyright protection and is in the public domain.</dc:rights>
    <dc:contributor>Congressional Research Service, Library of Congress</dc:contributor>
    <dc:description>This file contains bill summaries and statuses for federal legislation. A bill summary describes the most significant provisions of a piece of legislation and details the effects the legislative text may have on current law and federal programs. Bill summaries are authored by the Congressional Research Service (CRS) of the Library of Congress. As stated in Public Law 91-510 (2 USC 166 (d)(6)), one of the duties of CRS is "to prepare summaries and digests of bills and resolutions of a public general nature introduced in the Senate or House of Representatives". For more information, refer to the User Guide that accompanies this file.</dc:description>
  </dublinCore>
</billStatus>

