<?xml version="1.0" encoding="UTF-8"?>
<billStatus>
  <bill>
    <committeeReports />
    <titles>
      <item>
        <titleType>Official Title as Introduced</titleType>
        <title>A resolution designating the week beginning November 13, 2017, as "National Apprenticeship Week".</title>
        <parentTitleType />
        <chamberName />
        <chamberCode />
      </item>
      <item>
        <titleType>Display Title</titleType>
        <title>A resolution designating the week beginning November 13, 2017, as "National Apprenticeship Week".</title>
        <parentTitleType />
        <chamberName />
        <chamberCode />
      </item>
    </titles>
    <subjects>
      <billSubjects>
        <legislativeSubjects />
        <policyArea>
          <name>Labor and Employment</name>
        </policyArea>
      </billSubjects>
    </subjects>
    <title>A resolution designating the week beginning November 13, 2017, as "National Apprenticeship Week".</title>
    <cboCostEstimates />
    <relatedBills />
    <laws />
    <notes />
    <policyArea>
      <name>Labor and Employment</name>
    </policyArea>
    <summaries>
      <billSummaries />
    </summaries>
    <calendarNumbers />
    <latestAction>
      <actionDate>2017-11-16</actionDate>
      <text>Referred to the Committee on the Judiciary. (text of measure as introduced: CR S7306)</text>
      <links />
    </latestAction>
    <sponsors>
      <item>
        <lastName>MURRAY</lastName>
        <party>D</party>
        <middleName />
        <bioguideId>M001111</bioguideId>
        <fullName>Sen. Murray, Patty [D-WA]</fullName>
        <identifiers>
          <lisID>1409</lisID>
          <gpoId>8237</gpoId>
          <bioguideId>M001111</bioguideId>
        </identifiers>
        <state>WA</state>
        <byRequestType />
        <firstName>PATTY</firstName>
      </item>
    </sponsors>
    <introducedDate>2017-11-16</introducedDate>
    <committees>
      <billCommittees>
        <item>
          <name>Judiciary Committee</name>
          <subcommittees />
          <type>Standing</type>
          <chamber>Senate</chamber>
          <activities>
            <item>
              <name>Referred to</name>
              <date>2017-11-16T21:55:08Z</date>
            </item>
          </activities>
          <systemCode>ssju00</systemCode>
        </item>
      </billCommittees>
    </committees>
    <billType>SRES</billType>
    <recordedVotes />
    <cosponsors>
      <item>
        <sponsorshipWithdrawnDate />
        <state>ME</state>
        <middleName>MARGARET</middleName>
        <firstName>SUSAN</firstName>
        <bioguideId>C001035</bioguideId>
        <identifiers>
          <lisID>1541</lisID>
          <gpoId>8291</gpoId>
          <bioguideId>C001035</bioguideId>
        </identifiers>
        <fullName>Sen. Collins, Susan M. [R-ME]</fullName>
        <lastName>COLLINS</lastName>
        <isOriginalCosponsor>True</isOriginalCosponsor>
        <party>R</party>
        <sponsorshipDate>2017-11-16</sponsorshipDate>
      </item>
      <item>
        <sponsorshipWithdrawnDate />
        <state>WI</state>
        <middleName />
        <firstName>TAMMY</firstName>
        <bioguideId>B001230</bioguideId>
        <identifiers>
          <lisID>1558</lisID>
          <gpoId>8215</gpoId>
          <bioguideId>B001230</bioguideId>
        </identifiers>
        <fullName>Sen. Baldwin, Tammy [D-WI]</fullName>
        <lastName>BALDWIN</lastName>
        <isOriginalCosponsor>True</isOriginalCosponsor>
        <party>D</party>
        <sponsorshipDate>2017-11-16</sponsorshipDate>
      </item>
      <item>
        <sponsorshipWithdrawnDate />
        <state>ND</state>
        <middleName />
        <firstName>John</firstName>
        <bioguideId>H001061</bioguideId>
        <identifiers>
          <lisID>2079</lisID>
          <bioguideId>H001061</bioguideId>
          <gpoId>8331</gpoId>
        </identifiers>
        <fullName>Sen. Hoeven, John [R-ND]</fullName>
        <lastName>Hoeven</lastName>
        <isOriginalCosponsor>True</isOriginalCosponsor>
        <party>R</party>
        <sponsorshipDate>2017-11-16</sponsorshipDate>
      </item>
    </cosponsors>
    <createDate>2017-11-17T00:41:19Z</createDate>
    <actions>
      <actionByCounts>
        <senate>2</senate>
      </actionByCounts>
      <actionTypeCounts>
        <introducedInSenate>1</introducedInSenate>
        <referredToCommittee>1</referredToCommittee>
      </actionTypeCounts>
      <item>
        <actionDate>2017-11-16</actionDate>
        <committee>
          <systemCode>ssju00</systemCode>
          <name>Judiciary Committee</name>
        </committee>
        <links>
          <link>
            <name>S7306</name>
            <url>https://www.congress.gov/congressional-record/volume-163/senate-section/page/S7306</url>
          </link>
        </links>
        <sourceSystem>
          <code>0</code>
          <name>Senate</name>
        </sourceSystem>
        <text>Referred to the Committee on the Judiciary. (text of measure as introduced: CR S7306)</text>
        <type>IntroReferral</type>
      </item>
      <item>
        <type>IntroReferral</type>
        <actionCode>10000</actionCode>
        <sourceSystem>
          <code>9</code>
          <name>Library of Congress</name>
        </sourceSystem>
        <links />
        <committee />
        <text>Introduced in Senate</text>
        <actionDate>2017-11-16</actionDate>
      </item>
    </actions>
    <amendments />
    <version>1.0.0</version>
    <originChamber>Senate</originChamber>
    <billNumber>341</billNumber>
    <congress>115</congress>
    <updateDate>2017-11-30T20:26:34Z</updateDate>
  </bill>
  <dublinCore xmlns:dc="http://purl.org/dc/elements/1.1/">
    <dc:format>text/xml</dc:format>
    <dc:language>EN</dc:language>
    <dc:rights>Pursuant to Title 17 Section 105 of the United States Code, this file is not subject to copyright protection and is in the public domain.</dc:rights>
    <dc:contributor>Congressional Research Service, Library of Congress</dc:contributor>
    <dc:description>This file contains bill summaries and statuses for federal legislation. A bill summary describes the most significant provisions of a piece of legislation and details the effects the legislative text may have on current law and federal programs. Bill summaries are authored by the Congressional Research Service (CRS) of the Library of Congress. As stated in Public Law 91-510 (2 USC 166 (d)(6)), one of the duties of CRS is "to prepare summaries and digests of bills and resolutions of a public general nature introduced in the Senate or House of Representatives". For more information, refer to the User Guide that accompanies this file.</dc:description>
  </dublinCore>
</billStatus>

