<?xml version="1.0" encoding="UTF-8"?>
<billStatus>
  <bill>
    <policyArea>
      <name>Education</name>
    </policyArea>
    <introducedDate>2017-05-16</introducedDate>
    <cosponsors>
      <item>
        <firstName>SHERROD</firstName>
        <sponsorshipWithdrawnDate />
        <state>OH</state>
        <bioguideId>B000944</bioguideId>
        <identifiers>
          <gpoId>8309</gpoId>
          <lisID>136</lisID>
          <bioguideId>B000944</bioguideId>
        </identifiers>
        <fullName>Sen. Brown, Sherrod [D-OH]</fullName>
        <lastName>BROWN</lastName>
        <party>D</party>
        <middleName />
        <isOriginalCosponsor>True</isOriginalCosponsor>
        <sponsorshipDate>2017-05-16</sponsorshipDate>
      </item>
      <item>
        <firstName>Tom</firstName>
        <sponsorshipWithdrawnDate />
        <state>AR</state>
        <bioguideId>C001095</bioguideId>
        <identifiers>
          <bioguideId>C001095</bioguideId>
          <lisID>2098</lisID>
          <gpoId />
        </identifiers>
        <fullName>Sen. Cotton, Tom [R-AR]</fullName>
        <lastName>Cotton</lastName>
        <party>R</party>
        <middleName />
        <isOriginalCosponsor>True</isOriginalCosponsor>
        <sponsorshipDate>2017-05-16</sponsorshipDate>
      </item>
      <item>
        <firstName>John</firstName>
        <sponsorshipWithdrawnDate />
        <state>LA</state>
        <bioguideId>K000393</bioguideId>
        <identifiers>
          <bioguideId>K000393</bioguideId>
          <gpoId />
          <lisID>2303</lisID>
        </identifiers>
        <fullName>Sen. Kennedy, John [R-LA]</fullName>
        <lastName>Kennedy</lastName>
        <party>R</party>
        <middleName>Neely</middleName>
        <isOriginalCosponsor>True</isOriginalCosponsor>
        <sponsorshipDate>2017-05-16</sponsorshipDate>
      </item>
      <item>
        <firstName>Roy</firstName>
        <sponsorshipWithdrawnDate />
        <state>MO</state>
        <bioguideId>B000575</bioguideId>
        <identifiers>
          <bioguideId>B000575</bioguideId>
          <lisID>1464</lisID>
          <gpoId>8313</gpoId>
        </identifiers>
        <fullName>Sen. Blunt, Roy [R-MO]</fullName>
        <lastName>Blunt</lastName>
        <party>R</party>
        <middleName />
        <isOriginalCosponsor>True</isOriginalCosponsor>
        <sponsorshipDate>2017-05-16</sponsorshipDate>
      </item>
      <item>
        <firstName>John</firstName>
        <sponsorshipWithdrawnDate />
        <state>ND</state>
        <bioguideId>H001061</bioguideId>
        <identifiers>
          <bioguideId>H001061</bioguideId>
          <lisID>2079</lisID>
          <gpoId>8331</gpoId>
        </identifiers>
        <fullName>Sen. Hoeven, John [R-ND]</fullName>
        <lastName>Hoeven</lastName>
        <party>R</party>
        <middleName />
        <isOriginalCosponsor>True</isOriginalCosponsor>
        <sponsorshipDate>2017-05-16</sponsorshipDate>
      </item>
      <item>
        <firstName>Steve</firstName>
        <sponsorshipWithdrawnDate />
        <state>MT</state>
        <bioguideId>D000618</bioguideId>
        <identifiers>
          <gpoId />
          <bioguideId>D000618</bioguideId>
          <lisID>2138</lisID>
        </identifiers>
        <fullName>Sen. Daines, Steve [R-MT]</fullName>
        <lastName>Daines</lastName>
        <party>R</party>
        <middleName />
        <isOriginalCosponsor>True</isOriginalCosponsor>
        <sponsorshipDate>2017-05-16</sponsorshipDate>
      </item>
      <item>
        <firstName>ORRIN</firstName>
        <sponsorshipWithdrawnDate />
        <state>UT</state>
        <bioguideId>H000338</bioguideId>
        <identifiers>
          <bioguideId>H000338</bioguideId>
          <lisID>1351</lisID>
          <gpoId>8314</gpoId>
        </identifiers>
        <fullName>Sen. Hatch, Orrin G. [R-UT]</fullName>
        <lastName>HATCH</lastName>
        <party>R</party>
        <middleName>GRANT</middleName>
        <isOriginalCosponsor>True</isOriginalCosponsor>
        <sponsorshipDate>2017-05-16</sponsorshipDate>
      </item>
      <item>
        <firstName>ROGER</firstName>
        <sponsorshipWithdrawnDate />
        <state>MS</state>
        <bioguideId>W000437</bioguideId>
        <identifiers>
          <lisID>1226</lisID>
          <gpoId>8263</gpoId>
          <bioguideId>W000437</bioguideId>
        </identifiers>
        <fullName>Sen. Wicker, Roger F. [R-MS]</fullName>
        <lastName>WICKER</lastName>
        <party>R</party>
        <middleName>F.</middleName>
        <isOriginalCosponsor>True</isOriginalCosponsor>
        <sponsorshipDate>2017-05-16</sponsorshipDate>
      </item>
      <item>
        <firstName>Johnny</firstName>
        <sponsorshipWithdrawnDate />
        <state>GA</state>
        <bioguideId>I000055</bioguideId>
        <identifiers>
          <lisID>1608</lisID>
          <bioguideId>I000055</bioguideId>
          <gpoId>8323</gpoId>
        </identifiers>
        <fullName>Sen. Isakson, Johnny [R-GA]</fullName>
        <lastName>Isakson</lastName>
        <party>R</party>
        <middleName />
        <isOriginalCosponsor>True</isOriginalCosponsor>
        <sponsorshipDate>2017-05-16</sponsorshipDate>
      </item>
      <item>
        <firstName>RICHARD</firstName>
        <sponsorshipWithdrawnDate />
        <state>IL</state>
        <bioguideId>D000563</bioguideId>
        <identifiers>
          <lisID>326</lisID>
          <gpoId>8326</gpoId>
          <bioguideId>D000563</bioguideId>
        </identifiers>
        <fullName>Sen. Durbin, Richard J. [D-IL]</fullName>
        <lastName>DURBIN</lastName>
        <party>D</party>
        <middleName>J.</middleName>
        <isOriginalCosponsor>True</isOriginalCosponsor>
        <sponsorshipDate>2017-05-16</sponsorshipDate>
      </item>
      <item>
        <firstName>THOMAS</firstName>
        <sponsorshipWithdrawnDate />
        <state>DE</state>
        <bioguideId>C000174</bioguideId>
        <identifiers>
          <lisID>179</lisID>
          <gpoId>8283</gpoId>
          <bioguideId>C000174</bioguideId>
        </identifiers>
        <fullName>Sen. Carper, Thomas R. [D-DE]</fullName>
        <lastName>CARPER</lastName>
        <party>D</party>
        <middleName>R.</middleName>
        <isOriginalCosponsor>True</isOriginalCosponsor>
        <sponsorshipDate>2017-05-16</sponsorshipDate>
      </item>
      <item>
        <firstName>Elizabeth</firstName>
        <sponsorshipWithdrawnDate />
        <state>MA</state>
        <bioguideId>W000817</bioguideId>
        <identifiers>
          <bioguideId>W000817</bioguideId>
          <gpoId />
          <lisID>2182</lisID>
        </identifiers>
        <fullName>Sen. Warren, Elizabeth [D-MA]</fullName>
        <lastName>Warren</lastName>
        <party>D</party>
        <middleName>A.</middleName>
        <isOriginalCosponsor>True</isOriginalCosponsor>
        <sponsorshipDate>2017-05-16</sponsorshipDate>
      </item>
      <item>
        <firstName>RON</firstName>
        <sponsorshipWithdrawnDate />
        <state>OR</state>
        <bioguideId>W000779</bioguideId>
        <identifiers>
          <gpoId>8265</gpoId>
          <bioguideId>W000779</bioguideId>
          <lisID>1247</lisID>
        </identifiers>
        <fullName>Sen. Wyden, Ron [D-OR]</fullName>
        <lastName>WYDEN</lastName>
        <party>D</party>
        <middleName />
        <isOriginalCosponsor>True</isOriginalCosponsor>
        <sponsorshipDate>2017-05-16</sponsorshipDate>
      </item>
      <item>
        <firstName>Martin</firstName>
        <sponsorshipWithdrawnDate />
        <state>NM</state>
        <bioguideId>H001046</bioguideId>
        <identifiers>
          <lisID>1937</lisID>
          <bioguideId>H001046</bioguideId>
          <gpoId>8056</gpoId>
        </identifiers>
        <fullName>Sen. Heinrich, Martin [D-NM]</fullName>
        <lastName>Heinrich</lastName>
        <party>D</party>
        <middleName />
        <isOriginalCosponsor>True</isOriginalCosponsor>
        <sponsorshipDate>2017-05-16</sponsorshipDate>
      </item>
      <item>
        <firstName>Jeanne</firstName>
        <sponsorshipWithdrawnDate />
        <state>NH</state>
        <bioguideId>S001181</bioguideId>
        <identifiers>
          <bioguideId>S001181</bioguideId>
          <lisID>1901</lisID>
          <gpoId>8276</gpoId>
        </identifiers>
        <fullName>Sen. Shaheen, Jeanne [D-NH]</fullName>
        <lastName>Shaheen</lastName>
        <party>D</party>
        <middleName />
        <isOriginalCosponsor>True</isOriginalCosponsor>
        <sponsorshipDate>2017-05-16</sponsorshipDate>
      </item>
      <item>
        <firstName>Christopher</firstName>
        <sponsorshipWithdrawnDate />
        <state>DE</state>
        <bioguideId>C001088</bioguideId>
        <identifiers>
          <lisID>1984</lisID>
          <bioguideId>C001088</bioguideId>
          <gpoId>8297</gpoId>
        </identifiers>
        <fullName>Sen. Coons, Christopher A. [D-DE]</fullName>
        <lastName>Coons</lastName>
        <party>D</party>
        <middleName>A.</middleName>
        <isOriginalCosponsor>True</isOriginalCosponsor>
        <sponsorshipDate>2017-05-16</sponsorshipDate>
      </item>
      <item>
        <firstName>PATTY</firstName>
        <sponsorshipWithdrawnDate />
        <state>WA</state>
        <bioguideId>M001111</bioguideId>
        <identifiers>
          <bioguideId>M001111</bioguideId>
          <gpoId>8237</gpoId>
          <lisID>1409</lisID>
        </identifiers>
        <fullName>Sen. Murray, Patty [D-WA]</fullName>
        <lastName>MURRAY</lastName>
        <party>D</party>
        <middleName />
        <isOriginalCosponsor>True</isOriginalCosponsor>
        <sponsorshipDate>2017-05-16</sponsorshipDate>
      </item>
      <item>
        <firstName>TOM</firstName>
        <sponsorshipWithdrawnDate />
        <state>NM</state>
        <bioguideId>U000039</bioguideId>
        <identifiers>
          <bioguideId>U000039</bioguideId>
          <gpoId>8260</gpoId>
          <lisID>1567</lisID>
        </identifiers>
        <fullName>Sen. Udall, Tom [D-NM]</fullName>
        <lastName>UDALL</lastName>
        <party>D</party>
        <middleName />
        <isOriginalCosponsor>True</isOriginalCosponsor>
        <sponsorshipDate>2017-05-16</sponsorshipDate>
      </item>
      <item>
        <firstName>Cory</firstName>
        <sponsorshipWithdrawnDate />
        <state>NJ</state>
        <bioguideId>B001288</bioguideId>
        <identifiers>
          <gpoId />
          <lisID>2194</lisID>
          <bioguideId>B001288</bioguideId>
        </identifiers>
        <fullName>Sen. Booker, Cory A. [D-NJ]</fullName>
        <lastName>Booker</lastName>
        <party>D</party>
        <middleName>A.</middleName>
        <isOriginalCosponsor>True</isOriginalCosponsor>
        <sponsorshipDate>2017-05-16</sponsorshipDate>
      </item>
      <item>
        <firstName>DIANNE</firstName>
        <sponsorshipWithdrawnDate />
        <state>CA</state>
        <bioguideId>F000062</bioguideId>
        <identifiers>
          <gpoId>8338</gpoId>
          <bioguideId>F000062</bioguideId>
          <lisID>1332</lisID>
        </identifiers>
        <fullName>Sen. Feinstein, Dianne [D-CA]</fullName>
        <lastName>FEINSTEIN</lastName>
        <party>D</party>
        <middleName />
        <isOriginalCosponsor>True</isOriginalCosponsor>
        <sponsorshipDate>2017-05-16</sponsorshipDate>
      </item>
      <item>
        <firstName>Mazie</firstName>
        <sponsorshipWithdrawnDate />
        <state>HI</state>
        <bioguideId>H001042</bioguideId>
        <identifiers>
          <lisID>1844</lisID>
          <gpoId>7913</gpoId>
          <bioguideId>H001042</bioguideId>
        </identifiers>
        <fullName>Sen. Hirono, Mazie K. [D-HI]</fullName>
        <lastName>Hirono</lastName>
        <party>D</party>
        <middleName>K.</middleName>
        <isOriginalCosponsor>True</isOriginalCosponsor>
        <sponsorshipDate>2017-05-16</sponsorshipDate>
      </item>
      <item>
        <firstName>Richard</firstName>
        <sponsorshipWithdrawnDate />
        <state>CT</state>
        <bioguideId>B001277</bioguideId>
        <identifiers>
          <gpoId>8332</gpoId>
          <lisID>2076</lisID>
          <bioguideId>B001277</bioguideId>
        </identifiers>
        <fullName>Sen. Blumenthal, Richard [D-CT]</fullName>
        <lastName>Blumenthal</lastName>
        <party>D</party>
        <middleName />
        <isOriginalCosponsor>True</isOriginalCosponsor>
        <sponsorshipDate>2017-05-16</sponsorshipDate>
      </item>
      <item>
        <firstName>Margaret</firstName>
        <sponsorshipWithdrawnDate />
        <state>NH</state>
        <bioguideId>H001076</bioguideId>
        <identifiers>
          <lisID>2302</lisID>
          <gpoId />
          <bioguideId>H001076</bioguideId>
        </identifiers>
        <fullName>Sen. Hassan, Margaret Wood [D-NH]</fullName>
        <lastName>Hassan</lastName>
        <party>D</party>
        <middleName>Wood</middleName>
        <isOriginalCosponsor>True</isOriginalCosponsor>
        <sponsorshipDate>2017-05-16</sponsorshipDate>
      </item>
      <item>
        <firstName>Chris</firstName>
        <sponsorshipWithdrawnDate />
        <state>MD</state>
        <bioguideId>V000128</bioguideId>
        <identifiers>
          <lisID>1729</lisID>
          <gpoId>7983</gpoId>
          <bioguideId>V000128</bioguideId>
        </identifiers>
        <fullName>Sen. Van Hollen, Chris [D-MD]</fullName>
        <lastName>Van Hollen</lastName>
        <party>D</party>
        <middleName />
        <isOriginalCosponsor>True</isOriginalCosponsor>
        <sponsorshipDate>2017-05-16</sponsorshipDate>
      </item>
      <item>
        <firstName>Amy</firstName>
        <sponsorshipWithdrawnDate />
        <state>MN</state>
        <bioguideId>K000367</bioguideId>
        <identifiers>
          <lisID>1826</lisID>
          <gpoId>8249</gpoId>
          <bioguideId>K000367</bioguideId>
        </identifiers>
        <fullName>Sen. Klobuchar, Amy [D-MN]</fullName>
        <lastName>Klobuchar</lastName>
        <party>D</party>
        <middleName />
        <isOriginalCosponsor>True</isOriginalCosponsor>
        <sponsorshipDate>2017-05-16</sponsorshipDate>
      </item>
      <item>
        <firstName>Joe</firstName>
        <sponsorshipWithdrawnDate />
        <state>IN</state>
        <bioguideId>D000607</bioguideId>
        <identifiers>
          <bioguideId>D000607</bioguideId>
          <lisID>1850</lisID>
          <gpoId>7941</gpoId>
        </identifiers>
        <fullName>Sen. Donnelly, Joe [D-IN]</fullName>
        <lastName>Donnelly</lastName>
        <party>D</party>
        <middleName />
        <isOriginalCosponsor>True</isOriginalCosponsor>
        <sponsorshipDate>2017-05-16</sponsorshipDate>
      </item>
    </cosponsors>
    <congress>115</congress>
    <recordedVotes />
    <amendments />
    <laws />
    <cboCostEstimates />
    <actions>
      <item>
        <actionDate>2017-05-16</actionDate>
        <committee />
        <links>
          <link>
            <url>https://www.congress.gov/congressional-record/volume-163/senate-section/page/S2968</url>
            <name>S2968</name>
          </link>
        </links>
        <sourceSystem>
          <code>0</code>
          <name>Senate</name>
        </sourceSystem>
        <text>Submitted in the Senate, considered, and agreed to without amendment and with a preamble by Unanimous Consent. (consideration: CR S2968; text as passed Senate: CR S2968)</text>
        <type>Floor</type>
      </item>
      <item>
        <committee />
        <sourceSystem>
          <code>9</code>
          <name>Library of Congress</name>
        </sourceSystem>
        <actionDate>2017-05-16</actionDate>
        <text>Passed/agreed to in Senate: Submitted in the Senate, considered, and agreed to without amendment and with a preamble by Unanimous Consent.(consideration: CR S2968; text as passed Senate: CR S2968)</text>
        <links>
          <link>
            <url>https://www.congress.gov/congressional-record/volume-163/senate-section/page/S2968</url>
            <name>S2968</name>
          </link>
        </links>
        <type>Floor</type>
        <actionCode>17000</actionCode>
      </item>
      <item>
        <committee />
        <sourceSystem>
          <code>9</code>
          <name>Library of Congress</name>
        </sourceSystem>
        <actionDate>2017-05-16</actionDate>
        <text>Introduced in Senate</text>
        <links />
        <type>IntroReferral</type>
        <actionCode>10000</actionCode>
      </item>
      <actionByCounts>
        <senate>3</senate>
      </actionByCounts>
      <actionTypeCounts>
        <passedAgreedToInSenate>1</passedAgreedToInSenate>
        <passedOrAgreedToInSenateDayOf>1</passedOrAgreedToInSenateDayOf>
        <introducedInSenate>1</introducedInSenate>
      </actionTypeCounts>
    </actions>
    <latestAction>
      <text>Submitted in the Senate, considered, and agreed to without amendment and with a preamble by Unanimous Consent. (consideration: CR S2968; text as passed Senate: CR S2968)</text>
      <actionDate>2017-05-16</actionDate>
      <links />
    </latestAction>
    <titles>
      <item>
        <chamberCode />
        <titleType>Official Title as Introduced</titleType>
        <parentTitleType />
        <chamberName />
        <title>A resolution recognizing the roles and contributions of the teachers of the United States in building and enhancing the civic, cultural, and economic well-being of the United States.</title>
      </item>
      <item>
        <chamberCode />
        <titleType>Display Title</titleType>
        <parentTitleType />
        <chamberName />
        <title>A resolution recognizing the roles and contributions of the teachers of the United States in building and enhancing the civic, cultural, and economic well-being of the United States.</title>
      </item>
    </titles>
    <summaries>
      <billSummaries>
        <item>
          <text><![CDATA[<p>Thanks the teachers of the United States and promotes the teaching profession by encouraging students, parents, school administrators, and public officials to participate in National Teacher Appreciation Week.</p>]]></text>
          <name>Introduced in Senate</name>
          <lastSummaryUpdateDate>2017-05-24T17:35:04Z</lastSummaryUpdateDate>
          <versionCode>00</versionCode>
          <actionDesc>Introduced in Senate</actionDesc>
          <updateDate>2017-05-16T04:00:00Z</updateDate>
          <actionDate>2017-05-16</actionDate>
        </item>
        <item>
          <text><![CDATA[<p>(This measure has not been amended since it was introduced. The summary of that version is repeated here.)</p> <p>Thanks the teachers of the United States and promotes the teaching profession by encouraging students, parents, school administrators, and public officials to participate in National Teacher Appreciation Week.</p>]]></text>
          <name>Passed Senate without amendment</name>
          <lastSummaryUpdateDate>2017-05-24T17:35:59Z</lastSummaryUpdateDate>
          <versionCode>82</versionCode>
          <actionDesc>Passed Senate without amendment</actionDesc>
          <updateDate>2017-05-16T12:40:58Z</updateDate>
          <actionDate>2017-05-16</actionDate>
        </item>
      </billSummaries>
    </summaries>
    <title>A resolution recognizing the roles and contributions of the teachers of the United States in building and enhancing the civic, cultural, and economic well-being of the United States.</title>
    <calendarNumbers />
    <originChamber>Senate</originChamber>
    <updateDate>2018-02-06T16:44:07Z</updateDate>
    <notes />
    <billType>SRES</billType>
    <committees>
      <billCommittees />
    </committees>
    <relatedBills>
      <item>
        <type>HRES</type>
        <latestAction>
          <text>Referred to the House Committee on Education and the Workforce.</text>
          <actionDate>2017-05-03</actionDate>
        </latestAction>
        <latestTitle>Recognizing the roles and contributions of America's teachers to building and enhancing the Nation's civic, cultural, and economic well-being.</latestTitle>
        <relationshipDetails>
          <item>
            <type>Related bill</type>
            <identifiedBy>CRS</identifiedBy>
          </item>
        </relationshipDetails>
        <congress>115</congress>
        <number>312</number>
      </item>
    </relatedBills>
    <committeeReports />
    <billNumber>163</billNumber>
    <sponsors>
      <item>
        <byRequestType />
        <state>ME</state>
        <bioguideId>C001035</bioguideId>
        <identifiers>
          <bioguideId>C001035</bioguideId>
          <lisID>1541</lisID>
          <gpoId>8291</gpoId>
        </identifiers>
        <fullName>Sen. Collins, Susan M. [R-ME]</fullName>
        <lastName>COLLINS</lastName>
        <firstName>SUSAN</firstName>
        <middleName>MARGARET</middleName>
        <party>R</party>
      </item>
    </sponsors>
    <createDate>2017-05-17T00:26:38Z</createDate>
    <version>1.0.0</version>
    <subjects>
      <billSubjects>
        <policyArea>
          <name>Education</name>
        </policyArea>
        <legislativeSubjects>
          <item>
            <name>Commemorative events and holidays</name>
          </item>
          <item>
            <name>Congressional tributes</name>
          </item>
          <item>
            <name>Elementary and secondary education</name>
          </item>
          <item>
            <name>Teaching, teachers, curricula</name>
          </item>
        </legislativeSubjects>
      </billSubjects>
    </subjects>
  </bill>
  <dublinCore xmlns:dc="http://purl.org/dc/elements/1.1/">
    <dc:format>text/xml</dc:format>
    <dc:language>EN</dc:language>
    <dc:rights>Pursuant to Title 17 Section 105 of the United States Code, this file is not subject to copyright protection and is in the public domain.</dc:rights>
    <dc:contributor>Congressional Research Service, Library of Congress</dc:contributor>
    <dc:description>This file contains bill summaries and statuses for federal legislation. A bill summary describes the most significant provisions of a piece of legislation and details the effects the legislative text may have on current law and federal programs. Bill summaries are authored by the Congressional Research Service (CRS) of the Library of Congress. As stated in Public Law 91-510 (2 USC 166 (d)(6)), one of the duties of CRS is "to prepare summaries and digests of bills and resolutions of a public general nature introduced in the Senate or House of Representatives". For more information, refer to the User Guide that accompanies this file.</dc:description>
  </dublinCore>
</billStatus>

