<?xml version="1.0" encoding="UTF-8"?>
<billStatus>
  <bill>
    <committeeReports />
    <summaries>
      <billSummaries>
        <item>
          <actionDesc>Introduced in Senate</actionDesc>
          <actionDate>2017-05-17</actionDate>
          <text><![CDATA[<p>Condemns: (1) killings of peaceful protesters and excessive use of force by Ethiopian security forces; (2) the detention of journalists, students, activists, and political leaders who exercise their constitutional rights to freedom of assembly and expression through peaceful protests; and (3) abuse of the Anti-Terrorism Proclamation to stifle political and civil dissent and journalistic freedoms. </p> <p>Urges protesters in Ethiopia to refrain from violence and from encouraging or accepting violence in demonstrations.</p> <p>Calls on the government of Ethiopia to take specified steps, including to fully lift the state of emergency, end the practice of excessive force by security forces, grant the United Nations (U.N.) High Commissioner for Human Rights and U.N. Special Rapporteurs full access to conduct a comprehensive independent examination of the state of human rights in Ethiopia, and repeal proclamations that can be used to harass individuals or organizations engaging in peaceful political dissent or that prohibit funding for civil society organizations working for respect for constitutional rights, the rule of law, and protection of human rights.</p> <p>Calls on: (1) the Department of State to share with Congress the results of a review of security assistance and improve oversight of U.S. assistance to Ethiopia; (2) the U.S. Agency for International Development to lead efforts to develop a strategy to support improved democracy and governance in Ethiopia; and (3) the President to apply appropriate sanctions on foreign persons or entities responsible for extrajudicial killings, torture, or other gross violations of internationally recognized human rights committed against any nationals in Ethiopia. </p> <p>Supports the peaceful efforts of the Ethiopian people to exercise their constitutional rights.</p>]]></text>
          <versionCode>00</versionCode>
          <updateDate>2017-05-17T04:00:00Z</updateDate>
          <lastSummaryUpdateDate>2017-10-02T18:45:13Z</lastSummaryUpdateDate>
          <name>Introduced in Senate</name>
        </item>
        <item>
          <actionDesc>Reported to Senate with amendment(s)</actionDesc>
          <actionDate>2017-09-19</actionDate>
          <text><![CDATA[<p>Condemns: (1) killings of peaceful protesters and excessive use of force by Ethiopian security forces; (2) the detention of journalists, students, activists, and political leaders who exercise their constitutional rights to freedom of assembly and expression through peaceful protests; and (3) abuse of the Anti-Terrorism Proclamation to stifle political and civil dissent and journalistic freedoms. </p> <p>Urges protesters in Ethiopia to refrain from violence and to reject violence in demonstrations.</p> <p>Calls on the government of Ethiopia to:</p> <ul> <li>address broad and persistent concerns expressed across large swatches of the citizenry;</li> <li>end the practice of excessive force by security forces, enforce professional discipline, and hold accountable security forces responsible for such abuses;</li> <li>grant the United Nations (U.N.) High Commissioner for Human Rights and U.N. Special Rapporteurs access to conduct a comprehensive examination of the state of human rights in Ethiopia and work with such entities to improve human rights conditions;</li> <li>conduct an investigation into the killings, detentions, and instances of excessive use of force that took place in response to protests in the Oromia and Amhara regions, hold security forces accused of such actions accountable through public proceedings, and publicly release written findings from such investigation;</li> <li>release from incarceration all dissidents, members of the political opposition, activists, and journalists who have been jailed for exercising constitutional rights;</li> <li>respect the right to freedom of peaceful assembly and guarantee freedom of the press and mass media;</li> <li>engage in open consultations relative to its development strategy, especially those strategies that could result in people's displacement from land; and </li> <li>cease proclamations that are used to harass individuals or organizations engaging in peaceful political dissent or that prohibit funding for civil society organizations working for respect for constitutional rights, the rule of law, and protection of human rights.</li> </ul> <p>Calls on the Department of State to: (1) share with Congress the recently concluded interagency review of U.S. security assistance and a description of current objectives and criteria that advance critical regional security objectives while mitigating the threat of assistance being misused; (2) engage with the Ethiopian government in strengthening the bilateral Working Group on Democracy, Governance, and Human Rights and provide support for implementation of Ethiopia's National Human Rights Action Plan; and (3) improve oversight and accountability of U.S. assistance to Ethiopia and ensure that such assistance reinforces long-term goals for improved governance.</p> <p>Calls on: (1) the U.S. Agency for International Development to lead efforts to develop a comprehensive strategy to support improved democracy and governance in Ethiopia; and (2) the President to apply appropriate sanctions on foreign persons or entities responsible for extrajudicial killings, torture, or other gross violations of internationally recognized human rights committed against any nationals in Ethiopia. </p> <p>Supports the peaceful efforts of the Ethiopian people to exercise their constitutional rights.</p>]]></text>
          <versionCode>01</versionCode>
          <updateDate>2017-09-19T15:35:27Z</updateDate>
          <lastSummaryUpdateDate>2018-02-03T15:30:03Z</lastSummaryUpdateDate>
          <name>Reported to Senate with amendment(s)</name>
        </item>
      </billSummaries>
    </summaries>
    <relatedBills>
      <item>
        <type>HRES</type>
        <latestTitle>Supporting respect for human rights and encouraging inclusive governance in Ethiopia.</latestTitle>
        <relationshipDetails>
          <item>
            <type>Related bill</type>
            <identifiedBy>CRS</identifiedBy>
          </item>
        </relationshipDetails>
        <number>128</number>
        <latestAction>
          <text>Ordered to be Reported (Amended) by Voice Vote.</text>
          <actionDate>2017-07-27</actionDate>
        </latestAction>
        <congress>115</congress>
      </item>
    </relatedBills>
    <createDate>2017-05-18T00:26:37Z</createDate>
    <cosponsors>
      <item>
        <identifiers>
          <bioguideId>R000595</bioguideId>
          <lisID>2084</lisID>
          <gpoId>8242</gpoId>
        </identifiers>
        <middleName />
        <state>FL</state>
        <bioguideId>R000595</bioguideId>
        <firstName>Marco</firstName>
        <sponsorshipWithdrawnDate />
        <sponsorshipDate>2017-05-17</sponsorshipDate>
        <fullName>Sen. Rubio, Marco [R-FL]</fullName>
        <lastName>Rubio</lastName>
        <party>R</party>
        <isOriginalCosponsor>True</isOriginalCosponsor>
      </item>
      <item>
        <identifiers>
          <lisID>2291</lisID>
          <gpoId />
          <bioguideId>T000476</bioguideId>
        </identifiers>
        <middleName>Roland</middleName>
        <state>NC</state>
        <bioguideId>T000476</bioguideId>
        <firstName>Thomas</firstName>
        <sponsorshipWithdrawnDate />
        <sponsorshipDate>2017-05-17</sponsorshipDate>
        <fullName>Sen. Tillis, Thom [R-NC]</fullName>
        <lastName>Tillis</lastName>
        <party>R</party>
        <isOriginalCosponsor>True</isOriginalCosponsor>
      </item>
      <item>
        <identifiers>
          <bioguideId>W000779</bioguideId>
          <lisID>1247</lisID>
          <gpoId>8265</gpoId>
        </identifiers>
        <middleName />
        <state>OR</state>
        <bioguideId>W000779</bioguideId>
        <firstName>RON</firstName>
        <sponsorshipWithdrawnDate />
        <sponsorshipDate>2017-05-17</sponsorshipDate>
        <fullName>Sen. Wyden, Ron [D-OR]</fullName>
        <lastName>WYDEN</lastName>
        <party>D</party>
        <isOriginalCosponsor>True</isOriginalCosponsor>
      </item>
      <item>
        <identifiers>
          <bioguideId>D000563</bioguideId>
          <gpoId>8326</gpoId>
          <lisID>326</lisID>
        </identifiers>
        <middleName>J.</middleName>
        <state>IL</state>
        <bioguideId>D000563</bioguideId>
        <firstName>RICHARD</firstName>
        <sponsorshipWithdrawnDate />
        <sponsorshipDate>2017-05-17</sponsorshipDate>
        <fullName>Sen. Durbin, Richard J. [D-IL]</fullName>
        <lastName>DURBIN</lastName>
        <party>D</party>
        <isOriginalCosponsor>True</isOriginalCosponsor>
      </item>
      <item>
        <identifiers>
          <lisID>1692</lisID>
          <gpoId>8295</gpoId>
          <bioguideId>C001056</bioguideId>
        </identifiers>
        <middleName />
        <state>TX</state>
        <bioguideId>C001056</bioguideId>
        <firstName>John</firstName>
        <sponsorshipWithdrawnDate />
        <sponsorshipDate>2017-05-17</sponsorshipDate>
        <fullName>Sen. Cornyn, John [R-TX]</fullName>
        <lastName>Cornyn</lastName>
        <party>R</party>
        <isOriginalCosponsor>True</isOriginalCosponsor>
      </item>
      <item>
        <identifiers>
          <gpoId>8261</gpoId>
          <lisID>1531</lisID>
          <bioguideId>S000770</bioguideId>
        </identifiers>
        <middleName>ANN</middleName>
        <state>MI</state>
        <bioguideId>S000770</bioguideId>
        <firstName>DEBORAH</firstName>
        <sponsorshipWithdrawnDate />
        <sponsorshipDate>2017-05-17</sponsorshipDate>
        <fullName>Sen. Stabenow, Debbie [D-MI]</fullName>
        <lastName>STABENOW</lastName>
        <party>D</party>
        <isOriginalCosponsor>True</isOriginalCosponsor>
      </item>
      <item>
        <identifiers>
          <gpoId>8297</gpoId>
          <lisID>1984</lisID>
          <bioguideId>C001088</bioguideId>
        </identifiers>
        <middleName>A.</middleName>
        <state>DE</state>
        <bioguideId>C001088</bioguideId>
        <firstName>Christopher</firstName>
        <sponsorshipWithdrawnDate />
        <sponsorshipDate>2017-05-17</sponsorshipDate>
        <fullName>Sen. Coons, Christopher A. [D-DE]</fullName>
        <lastName>Coons</lastName>
        <party>D</party>
        <isOriginalCosponsor>True</isOriginalCosponsor>
      </item>
      <item>
        <identifiers>
          <gpoId>7862</gpoId>
          <bioguideId>G000562</bioguideId>
          <lisID>1998</lisID>
        </identifiers>
        <middleName />
        <state>CO</state>
        <bioguideId>G000562</bioguideId>
        <firstName>Cory</firstName>
        <sponsorshipWithdrawnDate />
        <sponsorshipDate>2017-05-17</sponsorshipDate>
        <fullName>Sen. Gardner, Cory [R-CO]</fullName>
        <lastName>Gardner</lastName>
        <party>R</party>
        <isOriginalCosponsor>True</isOriginalCosponsor>
      </item>
      <item>
        <identifiers>
          <bioguideId>B001288</bioguideId>
          <lisID>2194</lisID>
          <gpoId />
        </identifiers>
        <middleName>A.</middleName>
        <state>NJ</state>
        <bioguideId>B001288</bioguideId>
        <firstName>Cory</firstName>
        <sponsorshipWithdrawnDate />
        <sponsorshipDate>2017-05-17</sponsorshipDate>
        <fullName>Sen. Booker, Cory A. [D-NJ]</fullName>
        <lastName>Booker</lastName>
        <party>D</party>
        <isOriginalCosponsor>True</isOriginalCosponsor>
      </item>
      <item>
        <identifiers>
          <gpoId>8309</gpoId>
          <bioguideId>B000944</bioguideId>
          <lisID>136</lisID>
        </identifiers>
        <middleName />
        <state>OH</state>
        <bioguideId>B000944</bioguideId>
        <firstName>SHERROD</firstName>
        <sponsorshipWithdrawnDate />
        <sponsorshipDate>2017-05-17</sponsorshipDate>
        <fullName>Sen. Brown, Sherrod [D-OH]</fullName>
        <lastName>BROWN</lastName>
        <party>D</party>
        <isOriginalCosponsor>True</isOriginalCosponsor>
      </item>
      <item>
        <identifiers>
          <lisID>1969</lisID>
          <gpoId>8339</gpoId>
          <bioguideId>F000457</bioguideId>
        </identifiers>
        <middleName />
        <state>MN</state>
        <bioguideId>F000457</bioguideId>
        <firstName>Al</firstName>
        <sponsorshipWithdrawnDate />
        <sponsorshipDate>2017-05-17</sponsorshipDate>
        <fullName>Sen. Franken, Al [D-MN]</fullName>
        <lastName>Franken</lastName>
        <party>D</party>
        <isOriginalCosponsor>True</isOriginalCosponsor>
      </item>
      <item>
        <identifiers>
          <lisID>1729</lisID>
          <gpoId>7983</gpoId>
          <bioguideId>V000128</bioguideId>
        </identifiers>
        <middleName />
        <state>MD</state>
        <bioguideId>V000128</bioguideId>
        <firstName>Chris</firstName>
        <sponsorshipWithdrawnDate />
        <sponsorshipDate>2017-05-17</sponsorshipDate>
        <fullName>Sen. Van Hollen, Chris [D-MD]</fullName>
        <lastName>Van Hollen</lastName>
        <party>D</party>
        <isOriginalCosponsor>True</isOriginalCosponsor>
      </item>
      <item>
        <identifiers>
          <bioguideId>M001176</bioguideId>
          <gpoId>8238</gpoId>
          <lisID>1900</lisID>
        </identifiers>
        <middleName />
        <state>OR</state>
        <bioguideId>M001176</bioguideId>
        <firstName>Jeff</firstName>
        <sponsorshipWithdrawnDate />
        <sponsorshipDate>2017-05-17</sponsorshipDate>
        <fullName>Sen. Merkley, Jeff [D-OR]</fullName>
        <lastName>Merkley</lastName>
        <party>D</party>
        <isOriginalCosponsor>True</isOriginalCosponsor>
      </item>
      <item>
        <identifiers>
          <bioguideId>W000805</bioguideId>
          <lisID>1897</lisID>
          <gpoId>8269</gpoId>
        </identifiers>
        <middleName>R.</middleName>
        <state>VA</state>
        <bioguideId>W000805</bioguideId>
        <firstName>Mark</firstName>
        <sponsorshipWithdrawnDate />
        <sponsorshipDate>2017-05-17</sponsorshipDate>
        <fullName>Sen. Warner, Mark R. [D-VA]</fullName>
        <lastName>Warner</lastName>
        <party>D</party>
        <isOriginalCosponsor>True</isOriginalCosponsor>
      </item>
      <item>
        <identifiers>
          <lisID>172</lisID>
          <bioguideId>C000127</bioguideId>
          <gpoId>8288</gpoId>
        </identifiers>
        <middleName />
        <state>WA</state>
        <bioguideId>C000127</bioguideId>
        <firstName>MARIA</firstName>
        <sponsorshipWithdrawnDate />
        <sponsorshipDate>2017-05-25</sponsorshipDate>
        <fullName>Sen. Cantwell, Maria [D-WA]</fullName>
        <lastName>CANTWELL</lastName>
        <party>D</party>
        <isOriginalCosponsor>False</isOriginalCosponsor>
      </item>
      <item>
        <identifiers>
          <lisID>1409</lisID>
          <bioguideId>M001111</bioguideId>
          <gpoId>8237</gpoId>
        </identifiers>
        <middleName />
        <state>WA</state>
        <bioguideId>M001111</bioguideId>
        <firstName>PATTY</firstName>
        <sponsorshipWithdrawnDate />
        <sponsorshipDate>2017-06-05</sponsorshipDate>
        <fullName>Sen. Murray, Patty [D-WA]</fullName>
        <lastName>MURRAY</lastName>
        <party>D</party>
        <isOriginalCosponsor>False</isOriginalCosponsor>
      </item>
      <item>
        <identifiers>
          <lisID>2123</lisID>
          <bioguideId>D000622</bioguideId>
          <gpoId />
        </identifiers>
        <middleName />
        <state>IL</state>
        <bioguideId>D000622</bioguideId>
        <firstName>Tammy</firstName>
        <sponsorshipWithdrawnDate />
        <sponsorshipDate>2017-06-28</sponsorshipDate>
        <fullName>Sen. Duckworth, Tammy [D-IL]</fullName>
        <lastName>Duckworth</lastName>
        <party>D</party>
        <isOriginalCosponsor>False</isOriginalCosponsor>
      </item>
      <item>
        <identifiers>
          <gpoId>8338</gpoId>
          <bioguideId>F000062</bioguideId>
          <lisID>1332</lisID>
        </identifiers>
        <middleName />
        <state>CA</state>
        <bioguideId>F000062</bioguideId>
        <firstName>DIANNE</firstName>
        <sponsorshipWithdrawnDate />
        <sponsorshipDate>2017-06-29</sponsorshipDate>
        <fullName>Sen. Feinstein, Dianne [D-CA]</fullName>
        <lastName>FEINSTEIN</lastName>
        <party>D</party>
        <isOriginalCosponsor>False</isOriginalCosponsor>
      </item>
      <item>
        <identifiers>
          <bioguideId>C001070</bioguideId>
          <lisID>1828</lisID>
          <gpoId>8282</gpoId>
        </identifiers>
        <middleName />
        <state>PA</state>
        <bioguideId>C001070</bioguideId>
        <firstName>Bob</firstName>
        <sponsorshipWithdrawnDate />
        <sponsorshipDate>2017-06-29</sponsorshipDate>
        <fullName>Sen. Casey, Robert P., Jr. [D-PA]</fullName>
        <lastName>Casey</lastName>
        <party>D</party>
        <isOriginalCosponsor>False</isOriginalCosponsor>
      </item>
      <item>
        <identifiers>
          <lisID>1826</lisID>
          <gpoId>8249</gpoId>
          <bioguideId>K000367</bioguideId>
        </identifiers>
        <middleName />
        <state>MN</state>
        <bioguideId>K000367</bioguideId>
        <firstName>Amy</firstName>
        <sponsorshipWithdrawnDate />
        <sponsorshipDate>2017-09-12</sponsorshipDate>
        <fullName>Sen. Klobuchar, Amy [D-MN]</fullName>
        <lastName>Klobuchar</lastName>
        <party>D</party>
        <isOriginalCosponsor>False</isOriginalCosponsor>
      </item>
      <item>
        <identifiers>
          <bioguideId>L000174</bioguideId>
          <lisID>1383</lisID>
          <gpoId>8244</gpoId>
        </identifiers>
        <middleName>JOSEPH</middleName>
        <state>VT</state>
        <bioguideId>L000174</bioguideId>
        <firstName>PATRICK</firstName>
        <sponsorshipWithdrawnDate />
        <sponsorshipDate>2017-10-18</sponsorshipDate>
        <fullName>Sen. Leahy, Patrick J. [D-VT]</fullName>
        <lastName>LEAHY</lastName>
        <party>D</party>
        <isOriginalCosponsor>False</isOriginalCosponsor>
      </item>
      <item>
        <identifiers>
          <lisID>1965</lisID>
          <gpoId>8302</gpoId>
          <bioguideId>B001267</bioguideId>
        </identifiers>
        <middleName>F.</middleName>
        <state>CO</state>
        <bioguideId>B001267</bioguideId>
        <firstName>Michael</firstName>
        <sponsorshipWithdrawnDate />
        <sponsorshipDate>2017-11-15</sponsorshipDate>
        <fullName>Sen. Bennet, Michael F. [D-CO]</fullName>
        <lastName>Bennet</lastName>
        <party>D</party>
        <isOriginalCosponsor>False</isOriginalCosponsor>
      </item>
      <item>
        <identifiers>
          <lisID>1534</lisID>
          <bioguideId>T000250</bioguideId>
          <gpoId>8257</gpoId>
        </identifiers>
        <middleName>R.</middleName>
        <state>SD</state>
        <bioguideId>T000250</bioguideId>
        <firstName>JOHN</firstName>
        <sponsorshipWithdrawnDate />
        <sponsorshipDate>2018-02-06</sponsorshipDate>
        <fullName>Sen. Thune, John [R-SD]</fullName>
        <lastName>THUNE</lastName>
        <party>R</party>
        <isOriginalCosponsor>False</isOriginalCosponsor>
      </item>
      <item>
        <identifiers>
          <bioguideId>H001041</bioguideId>
          <lisID>1863</lisID>
          <gpoId>8060</gpoId>
        </identifiers>
        <middleName />
        <state>NV</state>
        <bioguideId>H001041</bioguideId>
        <firstName>Dean</firstName>
        <sponsorshipWithdrawnDate />
        <sponsorshipDate>2018-02-26</sponsorshipDate>
        <fullName>Sen. Heller, Dean [R-NV]</fullName>
        <lastName>Heller</lastName>
        <party>R</party>
        <isOriginalCosponsor>False</isOriginalCosponsor>
      </item>
      <item>
        <identifiers>
          <bioguideId>G000359</bioguideId>
          <lisID>452</lisID>
          <gpoId>8335</gpoId>
        </identifiers>
        <middleName>O.</middleName>
        <state>SC</state>
        <bioguideId>G000359</bioguideId>
        <firstName>LINDSEY</firstName>
        <sponsorshipWithdrawnDate />
        <sponsorshipDate>2018-02-27</sponsorshipDate>
        <fullName>Sen. Graham, Lindsey [R-SC]</fullName>
        <lastName>GRAHAM</lastName>
        <party>R</party>
        <isOriginalCosponsor>False</isOriginalCosponsor>
      </item>
    </cosponsors>
    <billNumber>168</billNumber>
    <version>1.0.0</version>
    <calendarNumbers>
      <item>
        <number>0226</number>
        <calendar>Senate Calendar of Business</calendar>
      </item>
    </calendarNumbers>
    <amendments />
    <laws />
    <titles>
      <item>
        <titleType>Official Title as Introduced</titleType>
        <chamberName />
        <parentTitleType />
        <title>A resolution supporting respect for human rights and encouraging inclusive governance in Ethiopia.</title>
        <chamberCode />
      </item>
      <item>
        <titleType>Display Title</titleType>
        <chamberName />
        <parentTitleType />
        <title>A resolution supporting respect for human rights and encouraging inclusive governance in Ethiopia.</title>
        <chamberCode />
      </item>
    </titles>
    <recordedVotes />
    <originChamber>Senate</originChamber>
    <latestAction>
      <text>Placed on Senate Legislative Calendar under General Orders. Calendar No. 226.</text>
      <actionDate>2017-09-19</actionDate>
      <links />
    </latestAction>
    <introducedDate>2017-05-17</introducedDate>
    <sponsors>
      <item>
        <fullName>Sen. Cardin, Benjamin L. [D-MD]</fullName>
        <party>D</party>
        <identifiers>
          <lisID>174</lisID>
          <gpoId>8287</gpoId>
          <bioguideId>C000141</bioguideId>
        </identifiers>
        <firstName>BENJAMIN</firstName>
        <middleName>L.</middleName>
        <lastName>CARDIN</lastName>
        <bioguideId>C000141</bioguideId>
        <state>MD</state>
        <byRequestType />
      </item>
    </sponsors>
    <subjects>
      <billSubjects>
        <legislativeSubjects>
          <item>
            <name>Africa</name>
          </item>
          <item>
            <name>Congressional oversight</name>
          </item>
          <item>
            <name>Detention of persons</name>
          </item>
          <item>
            <name>Diplomacy, foreign officials, Americans abroad</name>
          </item>
          <item>
            <name>Economic development</name>
          </item>
          <item>
            <name>Ethiopia</name>
          </item>
          <item>
            <name>Foreign aid and international relief</name>
          </item>
          <item>
            <name>Government studies and investigations</name>
          </item>
          <item>
            <name>Human rights</name>
          </item>
          <item>
            <name>Military assistance, sales, and agreements</name>
          </item>
          <item>
            <name>Military personnel and dependents</name>
          </item>
          <item>
            <name>News media and reporting</name>
          </item>
          <item>
            <name>Political parties and affiliation</name>
          </item>
          <item>
            <name>Protest and dissent</name>
          </item>
          <item>
            <name>Rule of law and government transparency</name>
          </item>
          <item>
            <name>Sanctions</name>
          </item>
          <item>
            <name>Sovereignty, recognition, national governance and status</name>
          </item>
          <item>
            <name>United Nations</name>
          </item>
        </legislativeSubjects>
        <policyArea>
          <name>International Affairs</name>
        </policyArea>
      </billSubjects>
    </subjects>
    <policyArea>
      <name>International Affairs</name>
    </policyArea>
    <billType>SRES</billType>
    <notes />
    <title>A resolution supporting respect for human rights and encouraging inclusive governance in Ethiopia.</title>
    <committees>
      <billCommittees>
        <item>
          <systemCode>ssfr00</systemCode>
          <activities>
            <item>
              <name>Reported by</name>
              <date>2017-09-19T23:14:16Z</date>
            </item>
            <item>
              <name>Markup by</name>
              <date>2017-09-19T14:30:36Z</date>
            </item>
            <item>
              <name>Referred to</name>
              <date>2017-05-17T17:26:59Z</date>
            </item>
          </activities>
          <subcommittees />
          <type>Standing</type>
          <name>Foreign Relations Committee</name>
          <chamber>Senate</chamber>
        </item>
      </billCommittees>
    </committees>
    <congress>115</congress>
    <cboCostEstimates />
    <updateDate>2018-02-28T05:56:47Z</updateDate>
    <actions>
      <actionByCounts>
        <senate>6</senate>
      </actionByCounts>
      <actionTypeCounts>
        <reportedToSenate>2</reportedToSenate>
        <introducedInSenate>1</introducedInSenate>
        <referredToCommittee>1</referredToCommittee>
        <orderedReported>1</orderedReported>
        <placedOnCalendarGeneralOrders>1</placedOnCalendarGeneralOrders>
      </actionTypeCounts>
      <item>
        <actionDate>2017-09-19</actionDate>
        <committee />
        <links />
        <sourceSystem>
          <name>Senate</name>
          <code>0</code>
        </sourceSystem>
        <text>Placed on Senate Legislative Calendar under General Orders. Calendar No. 226.</text>
        <type>Calendars</type>
      </item>
      <item>
        <actionDate>2017-09-19</actionDate>
        <committee>
          <name>Foreign Relations Committee</name>
          <systemCode>ssfr00</systemCode>
        </committee>
        <links />
        <sourceSystem>
          <name>Senate</name>
          <code>0</code>
        </sourceSystem>
        <text>Committee on Foreign Relations. Reported by Senator Corker with an amendment in the nature of a substitute and with an amended preamble. Without written report.</text>
        <type>Committee</type>
      </item>
      <item>
        <text>Committee on Foreign Relations. Reported by Senator Corker with an amendment in the nature of a substitute and with an amended preamble. Without written report.</text>
        <type>Committee</type>
        <actionDate>2017-09-19</actionDate>
        <links />
        <actionCode>14000</actionCode>
        <committee>
          <name>Foreign Relations Committee</name>
          <systemCode>ssfr00</systemCode>
        </committee>
        <sourceSystem>
          <name>Library of Congress</name>
          <code>9</code>
        </sourceSystem>
      </item>
      <item>
        <actionDate>2017-09-19</actionDate>
        <committee>
          <name>Foreign Relations Committee</name>
          <systemCode>ssfr00</systemCode>
        </committee>
        <links />
        <sourceSystem>
          <name>Senate</name>
          <code>0</code>
        </sourceSystem>
        <text>Committee on Foreign Relations. Ordered to be reported with an amendment in the nature of a substitute favorably.</text>
        <type>Committee</type>
      </item>
      <item>
        <actionDate>2017-05-17</actionDate>
        <committee>
          <name>Foreign Relations Committee</name>
          <systemCode>ssfr00</systemCode>
        </committee>
        <links>
          <link>
            <name>S3019-3020</name>
            <url>https://www.congress.gov/congressional-record/volume-163/senate-section/page/S3019-3020</url>
          </link>
        </links>
        <sourceSystem>
          <name>Senate</name>
          <code>0</code>
        </sourceSystem>
        <text>Referred to the Committee on Foreign Relations. (text of measure as introduced: CR S3019-3020)</text>
        <type>IntroReferral</type>
      </item>
      <item>
        <text>Introduced in Senate</text>
        <type>IntroReferral</type>
        <actionDate>2017-05-17</actionDate>
        <links />
        <actionCode>10000</actionCode>
        <committee />
        <sourceSystem>
          <name>Library of Congress</name>
          <code>9</code>
        </sourceSystem>
      </item>
    </actions>
  </bill>
  <dublinCore xmlns:dc="http://purl.org/dc/elements/1.1/">
    <dc:format>text/xml</dc:format>
    <dc:language>EN</dc:language>
    <dc:rights>Pursuant to Title 17 Section 105 of the United States Code, this file is not subject to copyright protection and is in the public domain.</dc:rights>
    <dc:contributor>Congressional Research Service, Library of Congress</dc:contributor>
    <dc:description>This file contains bill summaries and statuses for federal legislation. A bill summary describes the most significant provisions of a piece of legislation and details the effects the legislative text may have on current law and federal programs. Bill summaries are authored by the Congressional Research Service (CRS) of the Library of Congress. As stated in Public Law 91-510 (2 USC 166 (d)(6)), one of the duties of CRS is "to prepare summaries and digests of bills and resolutions of a public general nature introduced in the Senate or House of Representatives". For more information, refer to the User Guide that accompanies this file.</dc:description>
  </dublinCore>
</billStatus>

