<?xml version="1.0" encoding="UTF-8"?>
<billStatus>
  <bill>
    <cboCostEstimates />
    <titles>
      <item>
        <title>A resolution designating the week of October 1 through 7, 2017, as "National Community Policing Week".</title>
        <chamberCode />
        <parentTitleType />
        <chamberName />
        <titleType>Official Title as Introduced</titleType>
      </item>
      <item>
        <title>A resolution designating the week of October 1 through 7, 2017, as "National Community Policing Week".</title>
        <chamberCode />
        <parentTitleType />
        <chamberName />
        <titleType>Display Title</titleType>
      </item>
    </titles>
    <laws />
    <notes />
    <relatedBills />
    <cosponsors>
      <item>
        <firstName>John</firstName>
        <sponsorshipWithdrawnDate />
        <bioguideId>C001056</bioguideId>
        <party>R</party>
        <fullName>Sen. Cornyn, John [R-TX]</fullName>
        <isOriginalCosponsor>True</isOriginalCosponsor>
        <lastName>Cornyn</lastName>
        <sponsorshipDate>2017-10-05</sponsorshipDate>
        <state>TX</state>
        <identifiers>
          <lisID>1692</lisID>
          <gpoId>8295</gpoId>
          <bioguideId>C001056</bioguideId>
        </identifiers>
        <middleName />
      </item>
      <item>
        <firstName>Margaret</firstName>
        <sponsorshipWithdrawnDate />
        <bioguideId>H001076</bioguideId>
        <party>D</party>
        <fullName>Sen. Hassan, Margaret Wood [D-NH]</fullName>
        <isOriginalCosponsor>True</isOriginalCosponsor>
        <lastName>Hassan</lastName>
        <sponsorshipDate>2017-10-05</sponsorshipDate>
        <state>NH</state>
        <identifiers>
          <lisID>2302</lisID>
          <gpoId />
          <bioguideId>H001076</bioguideId>
        </identifiers>
        <middleName>Wood</middleName>
      </item>
      <item>
        <firstName>ORRIN</firstName>
        <sponsorshipWithdrawnDate />
        <bioguideId>H000338</bioguideId>
        <party>R</party>
        <fullName>Sen. Hatch, Orrin G. [R-UT]</fullName>
        <isOriginalCosponsor>True</isOriginalCosponsor>
        <lastName>HATCH</lastName>
        <sponsorshipDate>2017-10-05</sponsorshipDate>
        <state>UT</state>
        <identifiers>
          <lisID>1351</lisID>
          <bioguideId>H000338</bioguideId>
          <gpoId>8314</gpoId>
        </identifiers>
        <middleName>GRANT</middleName>
      </item>
    </cosponsors>
    <congress>115</congress>
    <policyArea>
      <name>Crime and Law Enforcement</name>
    </policyArea>
    <actions>
      <actionByCounts>
        <senate>3</senate>
      </actionByCounts>
      <item>
        <actionDate>2017-10-05</actionDate>
        <committee />
        <links>
          <link>
            <name>S6368</name>
            <url>https://www.congress.gov/congressional-record/volume-163/senate-section/page/S6368</url>
          </link>
          <link>
            <name>S6375</name>
            <url>https://www.congress.gov/congressional-record/volume-163/senate-section/page/S6375</url>
          </link>
        </links>
        <sourceSystem>
          <code>0</code>
          <name>Senate</name>
        </sourceSystem>
        <text>Submitted in the Senate, considered, and agreed to without amendment and with a preamble by Unanimous Consent. (consideration: CR S6375; text of measure as introduced: CR S6368)</text>
        <type>Floor</type>
      </item>
      <item>
        <links>
          <link>
            <name>S6368</name>
            <url>https://www.congress.gov/congressional-record/volume-163/senate-section/page/S6368</url>
          </link>
          <link>
            <name>S6375</name>
            <url>https://www.congress.gov/congressional-record/volume-163/senate-section/page/S6375</url>
          </link>
        </links>
        <sourceSystem>
          <code>9</code>
          <name>Library of Congress</name>
        </sourceSystem>
        <committee />
        <actionDate>2017-10-05</actionDate>
        <text>Passed/agreed to in Senate: Submitted in the Senate, considered, and agreed to without amendment and with a preamble by Unanimous Consent.(consideration: CR S6375; text of measure as introduced: CR S6368)</text>
        <type>Floor</type>
        <actionCode>17000</actionCode>
      </item>
      <item>
        <links />
        <sourceSystem>
          <code>9</code>
          <name>Library of Congress</name>
        </sourceSystem>
        <committee />
        <actionDate>2017-10-05</actionDate>
        <text>Introduced in Senate</text>
        <type>IntroReferral</type>
        <actionCode>10000</actionCode>
      </item>
      <actionTypeCounts>
        <passedAgreedToInSenate>1</passedAgreedToInSenate>
        <passedOrAgreedToInSenateDayOf>1</passedOrAgreedToInSenateDayOf>
        <introducedInSenate>1</introducedInSenate>
      </actionTypeCounts>
    </actions>
    <latestAction>
      <links />
      <actionDate>2017-10-05</actionDate>
      <text>Submitted in the Senate, considered, and agreed to without amendment and with a preamble by Unanimous Consent. (consideration: CR S6375; text of measure as introduced: CR S6368)</text>
    </latestAction>
    <version>1.0.0</version>
    <createDate>2017-10-06T00:41:17Z</createDate>
    <billType>SRES</billType>
    <committees>
      <billCommittees />
    </committees>
    <amendments />
    <sponsors>
      <item>
        <byRequestType />
        <identifiers>
          <lisID>1901</lisID>
          <gpoId>8276</gpoId>
          <bioguideId>S001181</bioguideId>
        </identifiers>
        <middleName />
        <state>NH</state>
        <bioguideId>S001181</bioguideId>
        <firstName>Jeanne</firstName>
        <fullName>Sen. Shaheen, Jeanne [D-NH]</fullName>
        <lastName>Shaheen</lastName>
        <party>D</party>
      </item>
    </sponsors>
    <subjects>
      <billSubjects>
        <policyArea>
          <name>Crime and Law Enforcement</name>
        </policyArea>
        <legislativeSubjects />
      </billSubjects>
    </subjects>
    <introducedDate>2017-10-05</introducedDate>
    <title>A resolution designating the week of October 1 through 7, 2017, as "National Community Policing Week".</title>
    <billNumber>288</billNumber>
    <summaries>
      <billSummaries>
        <item>
          <lastSummaryUpdateDate>2018-02-06T16:56:29Z</lastSummaryUpdateDate>
          <updateDate>2017-10-05T04:00:00Z</updateDate>
          <name>Introduced in Senate</name>
          <actionDesc>Introduced in Senate</actionDesc>
          <actionDate>2017-10-05</actionDate>
          <text><![CDATA[<p>Designates the week of October 1-October 7, 2017, as National Community Policing Week, and expresses support for community policing.</p>]]></text>
          <versionCode>00</versionCode>
        </item>
        <item>
          <lastSummaryUpdateDate>2018-02-06T16:57:39Z</lastSummaryUpdateDate>
          <updateDate>2017-10-05T12:18:02Z</updateDate>
          <name>Passed Senate without amendment</name>
          <actionDesc>Passed Senate without amendment</actionDesc>
          <actionDate>2017-10-05</actionDate>
          <text><![CDATA[<p>(This measure has not been amended since it was introduced. The summary of that version is repeated here.)</p> <p>Designates the week of October 1-October 7, 2017, as National Community Policing Week, and expresses support for community policing.</p>]]></text>
          <versionCode>82</versionCode>
        </item>
      </billSummaries>
    </summaries>
    <calendarNumbers />
    <updateDate>2018-02-17T08:09:34Z</updateDate>
    <recordedVotes />
    <committeeReports />
    <originChamber>Senate</originChamber>
  </bill>
  <dublinCore xmlns:dc="http://purl.org/dc/elements/1.1/">
    <dc:format>text/xml</dc:format>
    <dc:language>EN</dc:language>
    <dc:rights>Pursuant to Title 17 Section 105 of the United States Code, this file is not subject to copyright protection and is in the public domain.</dc:rights>
    <dc:contributor>Congressional Research Service, Library of Congress</dc:contributor>
    <dc:description>This file contains bill summaries and statuses for federal legislation. A bill summary describes the most significant provisions of a piece of legislation and details the effects the legislative text may have on current law and federal programs. Bill summaries are authored by the Congressional Research Service (CRS) of the Library of Congress. As stated in Public Law 91-510 (2 USC 166 (d)(6)), one of the duties of CRS is "to prepare summaries and digests of bills and resolutions of a public general nature introduced in the Senate or House of Representatives". For more information, refer to the User Guide that accompanies this file.</dc:description>
  </dublinCore>
</billStatus>

