<?xml version="1.0" encoding="UTF-8"?>
<billStatus>
  <bill>
    <amendments />
    <title>A resolution congratulating the Republic of Korea for hosting the 2018 Winter Olympic Games and supporting the alliance between the United States and the Republic of Korea.</title>
    <sponsors>
      <item>
        <fullName>Sen. Gardner, Cory [R-CO]</fullName>
        <middleName />
        <firstName>Cory</firstName>
        <bioguideId>G000562</bioguideId>
        <party>R</party>
        <state>CO</state>
        <lastName>Gardner</lastName>
        <identifiers>
          <lisID>1998</lisID>
          <bioguideId>G000562</bioguideId>
          <gpoId>7862</gpoId>
        </identifiers>
        <byRequestType />
      </item>
    </sponsors>
    <cboCostEstimates />
    <laws />
    <version>1.0.0</version>
    <committees>
      <billCommittees>
        <item>
          <activities>
            <item>
              <name>Referred to</name>
              <date>2018-01-30T00:17:42Z</date>
            </item>
          </activities>
          <subcommittees />
          <systemCode>ssfr00</systemCode>
          <name>Foreign Relations Committee</name>
          <type>Standing</type>
          <chamber>Senate</chamber>
        </item>
      </billCommittees>
    </committees>
    <subjects>
      <billSubjects>
        <legislativeSubjects>
          <item>
            <name>Arms control and nonproliferation</name>
          </item>
          <item>
            <name>Asia</name>
          </item>
          <item>
            <name>Congressional tributes</name>
          </item>
          <item>
            <name>Diplomacy, foreign officials, Americans abroad</name>
          </item>
          <item>
            <name>North Korea</name>
          </item>
          <item>
            <name>Nuclear weapons</name>
          </item>
          <item>
            <name>Olympic games</name>
          </item>
          <item>
            <name>South Korea</name>
          </item>
          <item>
            <name>United Nations</name>
          </item>
        </legislativeSubjects>
        <policyArea>
          <name>International Affairs</name>
        </policyArea>
      </billSubjects>
    </subjects>
    <cosponsors>
      <item>
        <fullName>Sen. Markey, Edward J. [D-MA]</fullName>
        <lastName>MARKEY</lastName>
        <sponsorshipDate>2018-01-29</sponsorshipDate>
        <isOriginalCosponsor>True</isOriginalCosponsor>
        <bioguideId>M000133</bioguideId>
        <party>D</party>
        <middleName>J.</middleName>
        <state>MA</state>
        <sponsorshipWithdrawnDate />
        <firstName>EDWARD</firstName>
        <identifiers>
          <lisID>735</lisID>
          <gpoId>7972</gpoId>
          <bioguideId>M000133</bioguideId>
        </identifiers>
      </item>
      <item>
        <fullName>Sen. Rubio, Marco [R-FL]</fullName>
        <lastName>Rubio</lastName>
        <sponsorshipDate>2018-01-29</sponsorshipDate>
        <isOriginalCosponsor>True</isOriginalCosponsor>
        <bioguideId>R000595</bioguideId>
        <party>R</party>
        <middleName />
        <state>FL</state>
        <sponsorshipWithdrawnDate />
        <firstName>Marco</firstName>
        <identifiers>
          <bioguideId>R000595</bioguideId>
          <lisID>2084</lisID>
          <gpoId>8242</gpoId>
        </identifiers>
      </item>
      <item>
        <fullName>Sen. Merkley, Jeff [D-OR]</fullName>
        <lastName>Merkley</lastName>
        <sponsorshipDate>2018-01-29</sponsorshipDate>
        <isOriginalCosponsor>True</isOriginalCosponsor>
        <bioguideId>M001176</bioguideId>
        <party>D</party>
        <middleName />
        <state>OR</state>
        <sponsorshipWithdrawnDate />
        <firstName>Jeff</firstName>
        <identifiers>
          <bioguideId>M001176</bioguideId>
          <gpoId>8238</gpoId>
          <lisID>1900</lisID>
        </identifiers>
      </item>
      <item>
        <fullName>Sen. Barrasso, John [R-WY]</fullName>
        <lastName>Barrasso</lastName>
        <sponsorshipDate>2018-01-29</sponsorshipDate>
        <isOriginalCosponsor>True</isOriginalCosponsor>
        <bioguideId>B001261</bioguideId>
        <party>R</party>
        <middleName />
        <state>WY</state>
        <sponsorshipWithdrawnDate />
        <firstName>John</firstName>
        <identifiers>
          <bioguideId>B001261</bioguideId>
          <lisID>1881</lisID>
          <gpoId>8300</gpoId>
        </identifiers>
      </item>
      <item>
        <fullName>Sen. Isakson, Johnny [R-GA]</fullName>
        <lastName>Isakson</lastName>
        <sponsorshipDate>2018-01-29</sponsorshipDate>
        <isOriginalCosponsor>True</isOriginalCosponsor>
        <bioguideId>I000055</bioguideId>
        <party>R</party>
        <middleName />
        <state>GA</state>
        <sponsorshipWithdrawnDate />
        <firstName>Johnny</firstName>
        <identifiers>
          <lisID>1608</lisID>
          <bioguideId>I000055</bioguideId>
          <gpoId>8323</gpoId>
        </identifiers>
      </item>
      <item>
        <fullName>Sen. Cornyn, John [R-TX]</fullName>
        <lastName>Cornyn</lastName>
        <sponsorshipDate>2018-01-29</sponsorshipDate>
        <isOriginalCosponsor>True</isOriginalCosponsor>
        <bioguideId>C001056</bioguideId>
        <party>R</party>
        <middleName />
        <state>TX</state>
        <sponsorshipWithdrawnDate />
        <firstName>John</firstName>
        <identifiers>
          <bioguideId>C001056</bioguideId>
          <lisID>1692</lisID>
          <gpoId>8295</gpoId>
        </identifiers>
      </item>
      <item>
        <fullName>Sen. Cassidy, Bill [R-LA]</fullName>
        <lastName>Cassidy</lastName>
        <sponsorshipDate>2018-01-29</sponsorshipDate>
        <isOriginalCosponsor>True</isOriginalCosponsor>
        <bioguideId>C001075</bioguideId>
        <party>R</party>
        <middleName />
        <state>LA</state>
        <sponsorshipWithdrawnDate />
        <firstName>Bill</firstName>
        <identifiers>
          <bioguideId>C001075</bioguideId>
          <lisID>1925</lisID>
          <gpoId>7964</gpoId>
        </identifiers>
      </item>
      <item>
        <fullName>Sen. Young, Todd C. [R-IN]</fullName>
        <lastName>Young</lastName>
        <sponsorshipDate>2018-01-29</sponsorshipDate>
        <isOriginalCosponsor>True</isOriginalCosponsor>
        <bioguideId>Y000064</bioguideId>
        <party>R</party>
        <middleName>C.</middleName>
        <state>IN</state>
        <sponsorshipWithdrawnDate />
        <firstName>Todd</firstName>
        <identifiers>
          <bioguideId>Y000064</bioguideId>
          <lisID>2019</lisID>
          <gpoId>7948</gpoId>
        </identifiers>
      </item>
      <item>
        <fullName>Sen. Hoeven, John [R-ND]</fullName>
        <lastName>Hoeven</lastName>
        <sponsorshipDate>2018-01-29</sponsorshipDate>
        <isOriginalCosponsor>True</isOriginalCosponsor>
        <bioguideId>H001061</bioguideId>
        <party>R</party>
        <middleName />
        <state>ND</state>
        <sponsorshipWithdrawnDate />
        <firstName>John</firstName>
        <identifiers>
          <gpoId>8331</gpoId>
          <lisID>2079</lisID>
          <bioguideId>H001061</bioguideId>
        </identifiers>
      </item>
      <item>
        <fullName>Sen. Boozman, John [R-AR]</fullName>
        <lastName>Boozman</lastName>
        <sponsorshipDate>2018-01-29</sponsorshipDate>
        <isOriginalCosponsor>True</isOriginalCosponsor>
        <bioguideId>B001236</bioguideId>
        <party>R</party>
        <middleName />
        <state>AR</state>
        <sponsorshipWithdrawnDate />
        <firstName>John</firstName>
        <identifiers>
          <lisID>1687</lisID>
          <bioguideId>B001236</bioguideId>
          <gpoId>8247</gpoId>
        </identifiers>
      </item>
      <item>
        <fullName>Sen. Johnson, Ron [R-WI]</fullName>
        <lastName>Johnson</lastName>
        <sponsorshipDate>2018-01-29</sponsorshipDate>
        <isOriginalCosponsor>True</isOriginalCosponsor>
        <bioguideId>J000293</bioguideId>
        <party>R</party>
        <middleName />
        <state>WI</state>
        <sponsorshipWithdrawnDate />
        <firstName>Ron</firstName>
        <identifiers>
          <gpoId>8355</gpoId>
          <lisID>2086</lisID>
          <bioguideId>J000293</bioguideId>
        </identifiers>
      </item>
      <item>
        <fullName>Sen. Duckworth, Tammy [D-IL]</fullName>
        <lastName>Duckworth</lastName>
        <sponsorshipDate>2018-01-29</sponsorshipDate>
        <isOriginalCosponsor>True</isOriginalCosponsor>
        <bioguideId>D000622</bioguideId>
        <party>D</party>
        <middleName />
        <state>IL</state>
        <sponsorshipWithdrawnDate />
        <firstName>Tammy</firstName>
        <identifiers>
          <bioguideId>D000622</bioguideId>
          <gpoId />
          <lisID>2123</lisID>
        </identifiers>
      </item>
      <item>
        <fullName>Sen. Warren, Elizabeth [D-MA]</fullName>
        <lastName>Warren</lastName>
        <sponsorshipDate>2018-01-29</sponsorshipDate>
        <isOriginalCosponsor>True</isOriginalCosponsor>
        <bioguideId>W000817</bioguideId>
        <party>D</party>
        <middleName>A.</middleName>
        <state>MA</state>
        <sponsorshipWithdrawnDate />
        <firstName>Elizabeth</firstName>
        <identifiers>
          <gpoId />
          <lisID>2182</lisID>
          <bioguideId>W000817</bioguideId>
        </identifiers>
      </item>
      <item>
        <fullName>Sen. Feinstein, Dianne [D-CA]</fullName>
        <lastName>FEINSTEIN</lastName>
        <sponsorshipDate>2018-01-29</sponsorshipDate>
        <isOriginalCosponsor>True</isOriginalCosponsor>
        <bioguideId>F000062</bioguideId>
        <party>D</party>
        <middleName />
        <state>CA</state>
        <sponsorshipWithdrawnDate />
        <firstName>DIANNE</firstName>
        <identifiers>
          <bioguideId>F000062</bioguideId>
          <lisID>1332</lisID>
          <gpoId>8338</gpoId>
        </identifiers>
      </item>
      <item>
        <fullName>Sen. Hirono, Mazie K. [D-HI]</fullName>
        <lastName>Hirono</lastName>
        <sponsorshipDate>2018-01-29</sponsorshipDate>
        <isOriginalCosponsor>True</isOriginalCosponsor>
        <bioguideId>H001042</bioguideId>
        <party>D</party>
        <middleName>K.</middleName>
        <state>HI</state>
        <sponsorshipWithdrawnDate />
        <firstName>Mazie</firstName>
        <identifiers>
          <lisID>1844</lisID>
          <gpoId>7913</gpoId>
          <bioguideId>H001042</bioguideId>
        </identifiers>
      </item>
      <item>
        <fullName>Sen. Hatch, Orrin G. [R-UT]</fullName>
        <lastName>HATCH</lastName>
        <sponsorshipDate>2018-01-29</sponsorshipDate>
        <isOriginalCosponsor>True</isOriginalCosponsor>
        <bioguideId>H000338</bioguideId>
        <party>R</party>
        <middleName>GRANT</middleName>
        <state>UT</state>
        <sponsorshipWithdrawnDate />
        <firstName>ORRIN</firstName>
        <identifiers>
          <gpoId>8314</gpoId>
          <lisID>1351</lisID>
          <bioguideId>H000338</bioguideId>
        </identifiers>
      </item>
      <item>
        <fullName>Sen. Coons, Christopher A. [D-DE]</fullName>
        <lastName>Coons</lastName>
        <sponsorshipDate>2018-01-29</sponsorshipDate>
        <isOriginalCosponsor>True</isOriginalCosponsor>
        <bioguideId>C001088</bioguideId>
        <party>D</party>
        <middleName>A.</middleName>
        <state>DE</state>
        <sponsorshipWithdrawnDate />
        <firstName>Christopher</firstName>
        <identifiers>
          <bioguideId>C001088</bioguideId>
          <lisID>1984</lisID>
          <gpoId>8297</gpoId>
        </identifiers>
      </item>
      <item>
        <fullName>Sen. Baldwin, Tammy [D-WI]</fullName>
        <lastName>BALDWIN</lastName>
        <sponsorshipDate>2018-01-29</sponsorshipDate>
        <isOriginalCosponsor>True</isOriginalCosponsor>
        <bioguideId>B001230</bioguideId>
        <party>D</party>
        <middleName />
        <state>WI</state>
        <sponsorshipWithdrawnDate />
        <firstName>TAMMY</firstName>
        <identifiers>
          <lisID>1558</lisID>
          <gpoId>8215</gpoId>
          <bioguideId>B001230</bioguideId>
        </identifiers>
      </item>
      <item>
        <fullName>Sen. Reed, Jack [D-RI]</fullName>
        <lastName>REED</lastName>
        <sponsorshipDate>2018-01-29</sponsorshipDate>
        <isOriginalCosponsor>True</isOriginalCosponsor>
        <bioguideId>R000122</bioguideId>
        <party>D</party>
        <middleName>F.</middleName>
        <state>RI</state>
        <sponsorshipWithdrawnDate />
        <firstName>JOHN</firstName>
        <identifiers>
          <lisID>949</lisID>
          <bioguideId>R000122</bioguideId>
          <gpoId>8272</gpoId>
        </identifiers>
      </item>
      <item>
        <fullName>Sen. Wicker, Roger F. [R-MS]</fullName>
        <lastName>WICKER</lastName>
        <sponsorshipDate>2018-01-29</sponsorshipDate>
        <isOriginalCosponsor>True</isOriginalCosponsor>
        <bioguideId>W000437</bioguideId>
        <party>R</party>
        <middleName>F.</middleName>
        <state>MS</state>
        <sponsorshipWithdrawnDate />
        <firstName>ROGER</firstName>
        <identifiers>
          <bioguideId>W000437</bioguideId>
          <lisID>1226</lisID>
          <gpoId>8263</gpoId>
        </identifiers>
      </item>
      <item>
        <fullName>Sen. Sullivan, Dan  [R-AK]</fullName>
        <lastName>Sullivan</lastName>
        <sponsorshipDate>2018-02-12</sponsorshipDate>
        <isOriginalCosponsor>False</isOriginalCosponsor>
        <bioguideId>S001198</bioguideId>
        <party>R</party>
        <middleName />
        <state>AK</state>
        <sponsorshipWithdrawnDate />
        <firstName>Dan</firstName>
        <identifiers>
          <lisID>2290</lisID>
          <bioguideId>S001198</bioguideId>
          <gpoId />
        </identifiers>
      </item>
    </cosponsors>
    <updateDate>2018-02-28T19:17:52Z</updateDate>
    <originChamber>Senate</originChamber>
    <createDate>2018-01-30T00:26:00Z</createDate>
    <recordedVotes />
    <relatedBills>
      <item>
        <number>716</number>
        <relationshipDetails>
          <item>
            <type>Related bill</type>
            <identifiedBy>CRS</identifiedBy>
          </item>
        </relationshipDetails>
        <latestTitle>Recognizing the importance of the 2018 Winter Olympic Games in PyeongChang, South Korea, and for other purposes.</latestTitle>
        <congress>115</congress>
        <latestAction>
          <actionDate>2018-01-29</actionDate>
          <text>Referred to the House Committee on Foreign Affairs.</text>
        </latestAction>
        <type>HRES</type>
      </item>
    </relatedBills>
    <notes />
    <introducedDate>2018-01-29</introducedDate>
    <latestAction>
      <actionDate>2018-01-29</actionDate>
      <text>Referred to the Committee on Foreign Relations. (text of measure as introduced: CR S552)</text>
      <links />
    </latestAction>
    <calendarNumbers />
    <billNumber>384</billNumber>
    <policyArea>
      <name>International Affairs</name>
    </policyArea>
    <titles>
      <item>
        <chamberName />
        <chamberCode />
        <parentTitleType />
        <titleType>Official Title as Introduced</titleType>
        <title>A resolution congratulating the Republic of Korea for hosting the 2018 Winter Olympic Games and supporting the alliance between the United States and the Republic of Korea.</title>
      </item>
      <item>
        <chamberName />
        <chamberCode />
        <parentTitleType />
        <titleType>Display Title</titleType>
        <title>A resolution congratulating the Republic of Korea for hosting the 2018 Winter Olympic Games and supporting the alliance between the United States and the Republic of Korea.</title>
      </item>
    </titles>
    <congress>115</congress>
    <actions>
      <actionByCounts>
        <senate>2</senate>
      </actionByCounts>
      <actionTypeCounts>
        <introducedInSenate>1</introducedInSenate>
        <referredToCommittee>1</referredToCommittee>
      </actionTypeCounts>
      <item>
        <actionDate>2018-01-29</actionDate>
        <committee>
          <name>Foreign Relations Committee</name>
          <systemCode>ssfr00</systemCode>
        </committee>
        <links>
          <link>
            <name>S552</name>
            <url>https://www.congress.gov/congressional-record/volume-164/senate-section/page/S552</url>
          </link>
        </links>
        <sourceSystem>
          <name>Senate</name>
          <code>0</code>
        </sourceSystem>
        <text>Referred to the Committee on Foreign Relations. (text of measure as introduced: CR S552)</text>
        <type>IntroReferral</type>
      </item>
      <item>
        <text>Introduced in Senate</text>
        <type>IntroReferral</type>
        <actionDate>2018-01-29</actionDate>
        <links />
        <actionCode>10000</actionCode>
        <committee />
        <sourceSystem>
          <name>Library of Congress</name>
          <code>9</code>
        </sourceSystem>
      </item>
    </actions>
    <summaries>
      <billSummaries />
    </summaries>
    <billType>SRES</billType>
    <committeeReports />
  </bill>
  <dublinCore xmlns:dc="http://purl.org/dc/elements/1.1/">
    <dc:format>text/xml</dc:format>
    <dc:language>EN</dc:language>
    <dc:rights>Pursuant to Title 17 Section 105 of the United States Code, this file is not subject to copyright protection and is in the public domain.</dc:rights>
    <dc:contributor>Congressional Research Service, Library of Congress</dc:contributor>
    <dc:description>This file contains bill summaries and statuses for federal legislation. A bill summary describes the most significant provisions of a piece of legislation and details the effects the legislative text may have on current law and federal programs. Bill summaries are authored by the Congressional Research Service (CRS) of the Library of Congress. As stated in Public Law 91-510 (2 USC 166 (d)(6)), one of the duties of CRS is "to prepare summaries and digests of bills and resolutions of a public general nature introduced in the Senate or House of Representatives". For more information, refer to the User Guide that accompanies this file.</dc:description>
  </dublinCore>
</billStatus>

