<?xml version="1.0" encoding="UTF-8"?>
<billStatus>
  <bill>
    <cosponsors>
      <item>
        <bioguideId>B000575</bioguideId>
        <sponsorshipDate>2017-05-24</sponsorshipDate>
        <isOriginalCosponsor>True</isOriginalCosponsor>
        <middleName />
        <sponsorshipWithdrawnDate />
        <firstName>Roy</firstName>
        <lastName>Blunt</lastName>
        <state>MO</state>
        <party>R</party>
        <identifiers>
          <bioguideId>B000575</bioguideId>
          <lisID>1464</lisID>
          <gpoId>8313</gpoId>
        </identifiers>
        <fullName>Sen. Blunt, Roy [R-MO]</fullName>
      </item>
    </cosponsors>
    <congress>115</congress>
    <committees>
      <billCommittees />
    </committees>
    <laws />
    <titles>
      <item>
        <titleType>Official Title as Introduced</titleType>
        <parentTitleType />
        <chamberName />
        <title>A resolution congratulating the Webster University chess team for winning a record-breaking fifth consecutive national title at the President's Cup collegiate chess championship in New York City.</title>
        <chamberCode />
      </item>
      <item>
        <titleType>Display Title</titleType>
        <parentTitleType />
        <chamberName />
        <title>A resolution congratulating the Webster University chess team for winning a record-breaking fifth consecutive national title at the President's Cup collegiate chess championship in New York City.</title>
        <chamberCode />
      </item>
    </titles>
    <billType>SRES</billType>
    <amendments />
    <recordedVotes />
    <actions>
      <actionByCounts>
        <senate>3</senate>
      </actionByCounts>
      <item>
        <actionDate>2017-05-24</actionDate>
        <committee />
        <links>
          <link>
            <name>S3148</name>
            <url>https://www.congress.gov/congressional-record/volume-163/senate-section/page/S3148</url>
          </link>
          <link>
            <name>S3150</name>
            <url>https://www.congress.gov/congressional-record/volume-163/senate-section/page/S3150</url>
          </link>
        </links>
        <sourceSystem>
          <name>Senate</name>
          <code>0</code>
        </sourceSystem>
        <text>Submitted in the Senate, considered, and agreed to without amendment and with a preamble by Unanimous Consent. (consideration: CR S3150; text as passed Senate: CR S3150; text of measure as introduced: CR S3148)</text>
        <type>Floor</type>
      </item>
      <item>
        <text>Passed/agreed to in Senate: Submitted in the Senate, considered, and agreed to without amendment and with a preamble by Unanimous Consent.(consideration: CR S3150; text as passed Senate: CR S3150; text of measure as introduced: CR S3148)</text>
        <type>Floor</type>
        <sourceSystem>
          <name>Library of Congress</name>
          <code>9</code>
        </sourceSystem>
        <committee />
        <actionCode>17000</actionCode>
        <actionDate>2017-05-24</actionDate>
        <links>
          <link>
            <name>S3148</name>
            <url>https://www.congress.gov/congressional-record/volume-163/senate-section/page/S3148</url>
          </link>
          <link>
            <name>S3150</name>
            <url>https://www.congress.gov/congressional-record/volume-163/senate-section/page/S3150</url>
          </link>
        </links>
      </item>
      <item>
        <text>Introduced in Senate</text>
        <type>IntroReferral</type>
        <sourceSystem>
          <name>Library of Congress</name>
          <code>9</code>
        </sourceSystem>
        <committee />
        <actionCode>10000</actionCode>
        <actionDate>2017-05-24</actionDate>
        <links />
      </item>
      <actionTypeCounts>
        <passedOrAgreedToInSenateDayOf>1</passedOrAgreedToInSenateDayOf>
        <passedAgreedToInSenate>1</passedAgreedToInSenate>
        <introducedInSenate>1</introducedInSenate>
      </actionTypeCounts>
    </actions>
    <introducedDate>2017-05-24</introducedDate>
    <relatedBills>
      <item>
        <number>384</number>
        <type>HRES</type>
        <latestAction>
          <text>Referred to the House Committee on Education and the Workforce.</text>
          <actionDate>2017-06-14</actionDate>
        </latestAction>
        <congress>115</congress>
        <latestTitle>Congratulating the Webster University chess team for winning a record-breaking fifth consecutive national title at the President's Cup collegiate chess championship in New York City.</latestTitle>
        <relationshipDetails>
          <item>
            <identifiedBy>CRS</identifiedBy>
            <type>Identical bill</type>
          </item>
        </relationshipDetails>
      </item>
    </relatedBills>
    <committeeReports />
    <calendarNumbers />
    <billNumber>177</billNumber>
    <summaries>
      <billSummaries>
        <item>
          <updateDate>2017-05-24T04:00:00Z</updateDate>
          <actionDesc>Introduced in Senate</actionDesc>
          <versionCode>00</versionCode>
          <name>Introduced in Senate</name>
          <text><![CDATA[<p>Congratulates Webster University for winning its fifth consecutive national title at the President's Cup collegiate chess championship in New York City. Encourages the university to continue promoting the educational benefits of chess among its students and the larger community. </p><ul> </ul>]]></text>
          <lastSummaryUpdateDate>2017-08-24T20:04:50Z</lastSummaryUpdateDate>
          <actionDate>2017-05-24</actionDate>
        </item>
        <item>
          <updateDate>2017-05-24T12:45:51Z</updateDate>
          <actionDesc>Passed Senate without amendment</actionDesc>
          <versionCode>82</versionCode>
          <name>Passed Senate without amendment</name>
          <text><![CDATA[<p>(This measure has not been amended since it was introduced. The summary of that version is repeated here.)</p> <p>Congratulates Webster University for winning its fifth consecutive national title at the President's Cup collegiate chess championship in New York City. Encourages the university to continue promoting the educational benefits of chess among its students and the larger community. </p><ul> </ul>]]></text>
          <lastSummaryUpdateDate>2017-08-24T21:00:15Z</lastSummaryUpdateDate>
          <actionDate>2017-05-24</actionDate>
        </item>
      </billSummaries>
    </summaries>
    <cboCostEstimates />
    <updateDate>2018-02-06T16:44:08Z</updateDate>
    <policyArea>
      <name>Education</name>
    </policyArea>
    <latestAction>
      <text>Submitted in the Senate, considered, and agreed to without amendment and with a preamble by Unanimous Consent. (consideration: CR S3150; text as passed Senate: CR S3150; text of measure as introduced: CR S3148)</text>
      <actionDate>2017-05-24</actionDate>
      <links />
    </latestAction>
    <subjects>
      <billSubjects>
        <policyArea>
          <name>Education</name>
        </policyArea>
        <legislativeSubjects>
          <item>
            <name>Congressional tributes</name>
          </item>
          <item>
            <name>Games and hobbies</name>
          </item>
          <item>
            <name>Higher education</name>
          </item>
          <item>
            <name>Missouri</name>
          </item>
        </legislativeSubjects>
      </billSubjects>
    </subjects>
    <title>A resolution congratulating the Webster University chess team for winning a record-breaking fifth consecutive national title at the President's Cup collegiate chess championship in New York City.</title>
    <version>1.0.0</version>
    <sponsors>
      <item>
        <byRequestType />
        <party>D</party>
        <fullName>Sen. McCaskill, Claire [D-MO]</fullName>
        <bioguideId>M001170</bioguideId>
        <state>MO</state>
        <lastName>McCaskill</lastName>
        <middleName />
        <firstName>Claire</firstName>
        <identifiers>
          <lisID>1820</lisID>
          <bioguideId>M001170</bioguideId>
          <gpoId>8252</gpoId>
        </identifiers>
      </item>
    </sponsors>
    <notes />
    <createDate>2017-05-25T00:26:37Z</createDate>
    <originChamber>Senate</originChamber>
  </bill>
  <dublinCore xmlns:dc="http://purl.org/dc/elements/1.1/">
    <dc:format>text/xml</dc:format>
    <dc:language>EN</dc:language>
    <dc:rights>Pursuant to Title 17 Section 105 of the United States Code, this file is not subject to copyright protection and is in the public domain.</dc:rights>
    <dc:contributor>Congressional Research Service, Library of Congress</dc:contributor>
    <dc:description>This file contains bill summaries and statuses for federal legislation. A bill summary describes the most significant provisions of a piece of legislation and details the effects the legislative text may have on current law and federal programs. Bill summaries are authored by the Congressional Research Service (CRS) of the Library of Congress. As stated in Public Law 91-510 (2 USC 166 (d)(6)), one of the duties of CRS is "to prepare summaries and digests of bills and resolutions of a public general nature introduced in the Senate or House of Representatives". For more information, refer to the User Guide that accompanies this file.</dc:description>
  </dublinCore>
</billStatus>

