<?xml version="1.0" encoding="UTF-8"?>
<billStatus>
  <bill>
    <notes />
    <latestAction>
      <actionDate>2017-12-21</actionDate>
      <links />
      <text>Referred to the Committee on Health, Education, Labor, and Pensions. (text of measure as introduced: CR S8264-8265)</text>
    </latestAction>
    <introducedDate>2017-12-21</introducedDate>
    <relatedBills>
      <item>
        <type>HRES</type>
        <number>563</number>
        <latestAction>
          <text>Referred to the House Committee on Education and the Workforce.</text>
          <actionDate>2017-10-10</actionDate>
        </latestAction>
        <relationshipDetails>
          <item>
            <type>Related bill</type>
            <identifiedBy>CRS</identifiedBy>
          </item>
        </relationshipDetails>
        <congress>115</congress>
        <latestTitle>Honoring the accomplishments of the 9 historically Black colleges and universities that celebrated their sesquicentennial the week of September 24, 2017.</latestTitle>
      </item>
    </relatedBills>
    <cboCostEstimates />
    <title>A resolution honoring the accomplishments of the 9 historically Black colleges and universities that celebrated their sesquicentennial anniversaries during the week of September 24 through September 30, 2017.</title>
    <committeeReports />
    <actions>
      <actionByCounts>
        <senate>2</senate>
      </actionByCounts>
      <item>
        <actionDate>2017-12-21</actionDate>
        <committee>
          <systemCode>sshr00</systemCode>
          <name>Health, Education, Labor, and Pensions Committee</name>
        </committee>
        <links>
          <link>
            <name>S8264-8265</name>
            <url>https://www.congress.gov/congressional-record/volume-163/senate-section/page/S8264-8265</url>
          </link>
        </links>
        <sourceSystem>
          <name>Senate</name>
          <code>0</code>
        </sourceSystem>
        <text>Referred to the Committee on Health, Education, Labor, and Pensions. (text of measure as introduced: CR S8264-8265)</text>
        <type>IntroReferral</type>
      </item>
      <item>
        <committee />
        <links />
        <actionDate>2017-12-21</actionDate>
        <text>Introduced in Senate</text>
        <actionCode>10000</actionCode>
        <sourceSystem>
          <name>Library of Congress</name>
          <code>9</code>
        </sourceSystem>
        <type>IntroReferral</type>
      </item>
      <actionTypeCounts>
        <referredToCommittee>1</referredToCommittee>
        <introducedInSenate>1</introducedInSenate>
      </actionTypeCounts>
    </actions>
    <billType>SRES</billType>
    <laws />
    <recordedVotes />
    <summaries>
      <billSummaries />
    </summaries>
    <sponsors>
      <item>
        <fullName>Sen. Harris, Kamala D. [D-CA]</fullName>
        <lastName>Harris</lastName>
        <bioguideId>H001075</bioguideId>
        <middleName>D.</middleName>
        <state>CA</state>
        <firstName>Kamala</firstName>
        <party>D</party>
        <identifiers>
          <lisID>2301</lisID>
          <bioguideId>H001075</bioguideId>
          <gpoId />
        </identifiers>
        <byRequestType />
      </item>
    </sponsors>
    <version>1.0.0</version>
    <originChamber>Senate</originChamber>
    <cosponsors>
      <item>
        <party>R</party>
        <isOriginalCosponsor>True</isOriginalCosponsor>
        <bioguideId>P000612</bioguideId>
        <middleName>Alfred</middleName>
        <sponsorshipDate>2017-12-21</sponsorshipDate>
        <lastName>Perdue</lastName>
        <sponsorshipWithdrawnDate />
        <identifiers>
          <bioguideId>P000612</bioguideId>
          <gpoId />
          <lisID>2286</lisID>
        </identifiers>
        <state>GA</state>
        <firstName>David</firstName>
        <fullName>Sen. Perdue, David [R-GA]</fullName>
      </item>
      <item>
        <party>D</party>
        <isOriginalCosponsor>True</isOriginalCosponsor>
        <bioguideId>B001288</bioguideId>
        <middleName>A.</middleName>
        <sponsorshipDate>2017-12-21</sponsorshipDate>
        <lastName>Booker</lastName>
        <sponsorshipWithdrawnDate />
        <identifiers>
          <gpoId />
          <lisID>2194</lisID>
          <bioguideId>B001288</bioguideId>
        </identifiers>
        <state>NJ</state>
        <firstName>Cory</firstName>
        <fullName>Sen. Booker, Cory A. [D-NJ]</fullName>
      </item>
      <item>
        <party>D</party>
        <isOriginalCosponsor>True</isOriginalCosponsor>
        <bioguideId>B000944</bioguideId>
        <middleName />
        <sponsorshipDate>2017-12-21</sponsorshipDate>
        <lastName>BROWN</lastName>
        <sponsorshipWithdrawnDate />
        <identifiers>
          <bioguideId>B000944</bioguideId>
          <gpoId>8309</gpoId>
          <lisID>136</lisID>
        </identifiers>
        <state>OH</state>
        <firstName>SHERROD</firstName>
        <fullName>Sen. Brown, Sherrod [D-OH]</fullName>
      </item>
      <item>
        <party>D</party>
        <isOriginalCosponsor>True</isOriginalCosponsor>
        <bioguideId>G000555</bioguideId>
        <middleName>E.</middleName>
        <sponsorshipDate>2017-12-21</sponsorshipDate>
        <lastName>Gillibrand</lastName>
        <sponsorshipWithdrawnDate />
        <identifiers>
          <bioguideId>G000555</bioguideId>
          <gpoId>8336</gpoId>
          <lisID>1866</lisID>
        </identifiers>
        <state>NY</state>
        <firstName>Kirsten</firstName>
        <fullName>Sen. Gillibrand, Kirsten E. [D-NY]</fullName>
      </item>
      <item>
        <party>D</party>
        <isOriginalCosponsor>True</isOriginalCosponsor>
        <bioguideId>S000148</bioguideId>
        <middleName>E.</middleName>
        <sponsorshipDate>2017-12-21</sponsorshipDate>
        <lastName>SCHUMER</lastName>
        <sponsorshipWithdrawnDate />
        <identifiers>
          <lisID>1036</lisID>
          <bioguideId>S000148</bioguideId>
          <gpoId>8279</gpoId>
        </identifiers>
        <state>NY</state>
        <firstName>CHARLES</firstName>
        <fullName>Sen. Schumer, Charles E. [D-NY]</fullName>
      </item>
      <item>
        <party>R</party>
        <isOriginalCosponsor>True</isOriginalCosponsor>
        <bioguideId>B001135</bioguideId>
        <middleName />
        <sponsorshipDate>2017-12-21</sponsorshipDate>
        <lastName>BURR</lastName>
        <sponsorshipWithdrawnDate />
        <identifiers>
          <bioguideId>B001135</bioguideId>
          <gpoId>8286</gpoId>
          <lisID>153</lisID>
        </identifiers>
        <state>NC</state>
        <firstName>RICHARD</firstName>
        <fullName>Sen. Burr, Richard [R-NC]</fullName>
      </item>
    </cosponsors>
    <congress>115</congress>
    <committees>
      <billCommittees>
        <item>
          <activities>
            <item>
              <date>2017-12-22T00:38:42Z</date>
              <name>Referred to</name>
            </item>
          </activities>
          <type>Standing</type>
          <name>Health, Education, Labor, and Pensions Committee</name>
          <subcommittees />
          <chamber>Senate</chamber>
          <systemCode>sshr00</systemCode>
        </item>
      </billCommittees>
    </committees>
    <updateDate>2018-01-09T05:29:44Z</updateDate>
    <createDate>2017-12-22T00:41:10Z</createDate>
    <billNumber>366</billNumber>
    <amendments />
    <titles>
      <item>
        <chamberName />
        <titleType>Official Title as Introduced</titleType>
        <title>A resolution honoring the accomplishments of the 9 historically Black colleges and universities that celebrated their sesquicentennial anniversaries during the week of September 24 through September 30, 2017.</title>
        <chamberCode />
        <parentTitleType />
      </item>
      <item>
        <chamberName />
        <titleType>Display Title</titleType>
        <title>A resolution honoring the accomplishments of the 9 historically Black colleges and universities that celebrated their sesquicentennial anniversaries during the week of September 24 through September 30, 2017.</title>
        <chamberCode />
        <parentTitleType />
      </item>
    </titles>
    <calendarNumbers />
    <subjects>
      <billSubjects>
        <policyArea>
          <name>Education</name>
        </policyArea>
        <legislativeSubjects />
      </billSubjects>
    </subjects>
    <policyArea>
      <name>Education</name>
    </policyArea>
  </bill>
  <dublinCore xmlns:dc="http://purl.org/dc/elements/1.1/">
    <dc:format>text/xml</dc:format>
    <dc:language>EN</dc:language>
    <dc:rights>Pursuant to Title 17 Section 105 of the United States Code, this file is not subject to copyright protection and is in the public domain.</dc:rights>
    <dc:contributor>Congressional Research Service, Library of Congress</dc:contributor>
    <dc:description>This file contains bill summaries and statuses for federal legislation. A bill summary describes the most significant provisions of a piece of legislation and details the effects the legislative text may have on current law and federal programs. Bill summaries are authored by the Congressional Research Service (CRS) of the Library of Congress. As stated in Public Law 91-510 (2 USC 166 (d)(6)), one of the duties of CRS is "to prepare summaries and digests of bills and resolutions of a public general nature introduced in the Senate or House of Representatives". For more information, refer to the User Guide that accompanies this file.</dc:description>
  </dublinCore>
</billStatus>

