<?xml version="1.0" encoding="UTF-8"?>
<billStatus>
  <bill>
    <sponsors>
      <item>
        <fullName>Sen. Carper, Thomas R. [D-DE]</fullName>
        <lastName>CARPER</lastName>
        <bioguideId>C000174</bioguideId>
        <party>D</party>
        <middleName>R.</middleName>
        <state>DE</state>
        <firstName>THOMAS</firstName>
        <byRequestType />
        <identifiers>
          <lisID>179</lisID>
          <gpoId>8283</gpoId>
          <bioguideId>C000174</bioguideId>
        </identifiers>
      </item>
    </sponsors>
    <laws />
    <version>1.0.0</version>
    <introducedDate>2017-02-16</introducedDate>
    <cboCostEstimates />
    <titles>
      <item>
        <chamberName />
        <titleType>Official Title as Introduced</titleType>
        <title>A resolution expressing support for the designation of the week of October 29 through November 4, 2017, as "National Obesity Care Week".</title>
        <parentTitleType />
        <chamberCode />
      </item>
      <item>
        <chamberName />
        <titleType>Display Title</titleType>
        <title>A resolution expressing support for the designation of the week of October 29 through November 4, 2017, as "National Obesity Care Week".</title>
        <parentTitleType />
        <chamberCode />
      </item>
    </titles>
    <amendments />
    <recordedVotes />
    <relatedBills>
      <item>
        <number>325</number>
        <type>SRES</type>
        <latestAction>
          <text>Submitted in the Senate, considered, and agreed to without amendment and with a preamble by Unanimous Consent. (consideration: CR S7121; text: CR S7120)</text>
          <actionDate>2017-11-08</actionDate>
        </latestAction>
        <congress>115</congress>
        <latestTitle>A resolution expressing support for designation of the week of October 29 through November 4, 2017, as "National Obesity Care Week".</latestTitle>
        <relationshipDetails>
          <item>
            <identifiedBy>CRS</identifiedBy>
            <type>Related bill</type>
          </item>
        </relationshipDetails>
      </item>
      <item>
        <number>142</number>
        <type>HRES</type>
        <latestAction>
          <text>Referred to the Subcommittee on Health.</text>
          <actionDate>2017-02-17</actionDate>
        </latestAction>
        <congress>115</congress>
        <latestTitle>Expressing support for designation of the week of October 29 through November 4, 2017, as "National Obesity Care Week".</latestTitle>
        <relationshipDetails>
          <item>
            <identifiedBy>CRS</identifiedBy>
            <type>Identical bill</type>
          </item>
        </relationshipDetails>
      </item>
    </relatedBills>
    <congress>115</congress>
    <billType>SRES</billType>
    <actions>
      <actionByCounts>
        <senate>2</senate>
      </actionByCounts>
      <item>
        <actionDate>2017-02-16</actionDate>
        <committee>
          <name>Health, Education, Labor, and Pensions Committee</name>
          <systemCode>sshr00</systemCode>
        </committee>
        <links>
          <link>
            <name>S1313</name>
            <url>https://www.congress.gov/congressional-record/volume-163/senate-section/page/S1313</url>
          </link>
        </links>
        <sourceSystem>
          <name>Senate</name>
          <code>0</code>
        </sourceSystem>
        <text>Referred to the Committee on Health, Education, Labor, and Pensions. (text of measure as introduced: CR S1313)</text>
        <type>IntroReferral</type>
      </item>
      <item>
        <text>Introduced in Senate</text>
        <type>IntroReferral</type>
        <sourceSystem>
          <name>Library of Congress</name>
          <code>9</code>
        </sourceSystem>
        <committee />
        <actionCode>10000</actionCode>
        <actionDate>2017-02-16</actionDate>
        <links />
      </item>
      <actionTypeCounts>
        <referredToCommittee>1</referredToCommittee>
        <introducedInSenate>1</introducedInSenate>
      </actionTypeCounts>
    </actions>
    <notes />
    <originChamber>Senate</originChamber>
    <title>A resolution expressing support for the designation of the week of October 29 through November 4, 2017, as "National Obesity Care Week".</title>
    <billNumber>63</billNumber>
    <cosponsors>
      <item>
        <fullName>Sen. Capito, Shelley Moore [R-WV]</fullName>
        <lastName>CAPITO</lastName>
        <bioguideId>C001047</bioguideId>
        <isOriginalCosponsor>True</isOriginalCosponsor>
        <middleName>MOORE</middleName>
        <state>WV</state>
        <firstName>SHELLEY</firstName>
        <sponsorshipDate>2017-02-16</sponsorshipDate>
        <sponsorshipWithdrawnDate />
        <party>R</party>
        <identifiers>
          <bioguideId>C001047</bioguideId>
          <gpoId>8223</gpoId>
          <lisID>1676</lisID>
        </identifiers>
      </item>
    </cosponsors>
    <summaries>
      <billSummaries>
        <item>
          <versionCode>00</versionCode>
          <updateDate>2017-02-16T05:00:00Z</updateDate>
          <actionDesc>Introduced in Senate</actionDesc>
          <lastSummaryUpdateDate>2017-02-27T13:44:50Z</lastSummaryUpdateDate>
          <actionDate>2017-02-16</actionDate>
          <name>Introduced in Senate</name>
          <text><![CDATA[<p> Expresses support for the designation of National Obesity Care Week.</p> <p>Encourages open communication to break barriers of misunderstanding and stigma regarding obesity and to improve the lives of individuals affected by obesity and their families.</p>]]></text>
        </item>
      </billSummaries>
    </summaries>
    <policyArea>
      <name>Health</name>
    </policyArea>
    <latestAction>
      <links />
      <actionDate>2017-02-16</actionDate>
      <text>Referred to the Committee on Health, Education, Labor, and Pensions. (text of measure as introduced: CR S1313)</text>
    </latestAction>
    <updateDate>2018-02-06T16:43:59Z</updateDate>
    <committees>
      <billCommittees>
        <item>
          <name>Health, Education, Labor, and Pensions Committee</name>
          <chamber>Senate</chamber>
          <type>Standing</type>
          <subcommittees />
          <systemCode>sshr00</systemCode>
          <activities>
            <item>
              <name>Referred to</name>
              <date>2017-02-17T04:11:53Z</date>
            </item>
          </activities>
        </item>
      </billCommittees>
    </committees>
    <createDate>2017-02-17T09:06:54Z</createDate>
    <subjects>
      <billSubjects>
        <policyArea>
          <name>Health</name>
        </policyArea>
        <legislativeSubjects>
          <item>
            <name>Commemorative events and holidays</name>
          </item>
          <item>
            <name>Health promotion and preventive care</name>
          </item>
          <item>
            <name>Nutrition and diet</name>
          </item>
        </legislativeSubjects>
      </billSubjects>
    </subjects>
    <committeeReports />
    <calendarNumbers />
  </bill>
  <dublinCore xmlns:dc="http://purl.org/dc/elements/1.1/">
    <dc:format>text/xml</dc:format>
    <dc:language>EN</dc:language>
    <dc:rights>Pursuant to Title 17 Section 105 of the United States Code, this file is not subject to copyright protection and is in the public domain.</dc:rights>
    <dc:contributor>Congressional Research Service, Library of Congress</dc:contributor>
    <dc:description>This file contains bill summaries and statuses for federal legislation. A bill summary describes the most significant provisions of a piece of legislation and details the effects the legislative text may have on current law and federal programs. Bill summaries are authored by the Congressional Research Service (CRS) of the Library of Congress. As stated in Public Law 91-510 (2 USC 166 (d)(6)), one of the duties of CRS is "to prepare summaries and digests of bills and resolutions of a public general nature introduced in the Senate or House of Representatives". For more information, refer to the User Guide that accompanies this file.</dc:description>
  </dublinCore>
</billStatus>

