<?xml version="1.0" encoding="UTF-8"?>
<billStatus>
  <bill>
    <relatedBills />
    <originChamber>Senate</originChamber>
    <recordedVotes />
    <latestAction>
      <text>Submitted in the Senate, considered, and agreed to without amendment and with a preamble by Unanimous Consent. (consideration: CR S2157; text as passed Senate: CR S2157)</text>
      <links />
      <actionDate>2017-03-30</actionDate>
    </latestAction>
    <createDate>2017-03-31T05:07:11Z</createDate>
    <title>A resolution congratulating the rifle team of West Virginia University on winning the 2017 National Collegiate Athletic Association Rifle Championship.</title>
    <summaries>
      <billSummaries>
        <item>
          <text><![CDATA[<p>Congratulates the West Virginia University rifle team on winning the 2017 National Collegiate Athletic Association Rifle Championship.</p>]]></text>
          <actionDate>2017-03-30</actionDate>
          <updateDate>2017-03-30T04:00:00Z</updateDate>
          <lastSummaryUpdateDate>2017-04-12T18:09:11Z</lastSummaryUpdateDate>
          <name>Introduced in Senate</name>
          <actionDesc>Introduced in Senate</actionDesc>
          <versionCode>00</versionCode>
        </item>
        <item>
          <text><![CDATA[<p>(This measure has not been amended since it was introduced. The summary of that version is repeated here.)</p> <p>Congratulates the West Virginia University rifle team on winning the 2017 National Collegiate Athletic Association Rifle Championship.</p>]]></text>
          <actionDate>2017-03-30</actionDate>
          <updateDate>2017-03-30T13:15:48Z</updateDate>
          <lastSummaryUpdateDate>2017-04-12T18:09:34Z</lastSummaryUpdateDate>
          <name>Passed Senate without amendment</name>
          <actionDesc>Passed Senate without amendment</actionDesc>
          <versionCode>82</versionCode>
        </item>
      </billSummaries>
    </summaries>
    <actions>
      <actionByCounts>
        <senate>3</senate>
      </actionByCounts>
      <item>
        <actionDate>2017-03-30</actionDate>
        <committee />
        <links>
          <link>
            <name>S2157</name>
            <url>https://www.congress.gov/congressional-record/volume-163/senate-section/page/S2157</url>
          </link>
        </links>
        <sourceSystem>
          <name>Senate</name>
          <code>0</code>
        </sourceSystem>
        <text>Submitted in the Senate, considered, and agreed to without amendment and with a preamble by Unanimous Consent. (consideration: CR S2157; text as passed Senate: CR S2157)</text>
        <type>Floor</type>
      </item>
      <item>
        <text>Passed/agreed to in Senate: Submitted in the Senate, considered, and agreed to without amendment and with a preamble by Unanimous Consent.(consideration: CR S2157; text as passed Senate: CR S2157)</text>
        <type>Floor</type>
        <sourceSystem>
          <name>Library of Congress</name>
          <code>9</code>
        </sourceSystem>
        <committee />
        <actionCode>17000</actionCode>
        <actionDate>2017-03-30</actionDate>
        <links>
          <link>
            <name>S2157</name>
            <url>https://www.congress.gov/congressional-record/volume-163/senate-section/page/S2157</url>
          </link>
        </links>
      </item>
      <item>
        <text>Introduced in Senate</text>
        <type>IntroReferral</type>
        <sourceSystem>
          <name>Library of Congress</name>
          <code>9</code>
        </sourceSystem>
        <committee />
        <actionCode>10000</actionCode>
        <actionDate>2017-03-30</actionDate>
        <links />
      </item>
      <actionTypeCounts>
        <passedOrAgreedToInSenateDayOf>1</passedOrAgreedToInSenateDayOf>
        <passedAgreedToInSenate>1</passedAgreedToInSenate>
        <introducedInSenate>1</introducedInSenate>
      </actionTypeCounts>
    </actions>
    <updateDate>2018-02-06T16:44:03Z</updateDate>
    <amendments />
    <notes />
    <sponsors>
      <item>
        <bioguideId>C001047</bioguideId>
        <middleName>MOORE</middleName>
        <byRequestType />
        <firstName>SHELLEY</firstName>
        <lastName>CAPITO</lastName>
        <state>WV</state>
        <party>R</party>
        <identifiers>
          <bioguideId>C001047</bioguideId>
          <gpoId>8223</gpoId>
          <lisID>1676</lisID>
        </identifiers>
        <fullName>Sen. Capito, Shelley Moore [R-WV]</fullName>
      </item>
    </sponsors>
    <committees>
      <billCommittees />
    </committees>
    <cosponsors>
      <item>
        <fullName>Sen. Manchin, Joe, III [D-WV]</fullName>
        <lastName>Manchin</lastName>
        <bioguideId>M001183</bioguideId>
        <isOriginalCosponsor>True</isOriginalCosponsor>
        <middleName />
        <state>WV</state>
        <firstName>Joe</firstName>
        <sponsorshipDate>2017-03-30</sponsorshipDate>
        <sponsorshipWithdrawnDate />
        <party>D</party>
        <identifiers>
          <lisID>1983</lisID>
          <bioguideId>M001183</bioguideId>
          <gpoId>8256</gpoId>
        </identifiers>
      </item>
    </cosponsors>
    <laws />
    <policyArea>
      <name>Sports and Recreation</name>
    </policyArea>
    <cboCostEstimates />
    <billNumber>107</billNumber>
    <congress>115</congress>
    <version>1.0.0</version>
    <introducedDate>2017-03-30</introducedDate>
    <committeeReports />
    <titles>
      <item>
        <chamberCode />
        <titleType>Official Title as Introduced</titleType>
        <parentTitleType />
        <chamberName />
        <title>A resolution congratulating the rifle team of West Virginia University on winning the 2017 National Collegiate Athletic Association Rifle Championship.</title>
      </item>
      <item>
        <chamberCode />
        <titleType>Display Title</titleType>
        <parentTitleType />
        <chamberName />
        <title>A resolution congratulating the rifle team of West Virginia University on winning the 2017 National Collegiate Athletic Association Rifle Championship.</title>
      </item>
    </titles>
    <calendarNumbers />
    <subjects>
      <billSubjects>
        <legislativeSubjects>
          <item>
            <name>Athletes</name>
          </item>
          <item>
            <name>Congressional tributes</name>
          </item>
          <item>
            <name>Firearms and explosives</name>
          </item>
          <item>
            <name>Higher education</name>
          </item>
          <item>
            <name>School athletics</name>
          </item>
          <item>
            <name>West Virginia</name>
          </item>
        </legislativeSubjects>
        <policyArea>
          <name>Sports and Recreation</name>
        </policyArea>
      </billSubjects>
    </subjects>
    <billType>SRES</billType>
  </bill>
  <dublinCore xmlns:dc="http://purl.org/dc/elements/1.1/">
    <dc:format>text/xml</dc:format>
    <dc:language>EN</dc:language>
    <dc:rights>Pursuant to Title 17 Section 105 of the United States Code, this file is not subject to copyright protection and is in the public domain.</dc:rights>
    <dc:contributor>Congressional Research Service, Library of Congress</dc:contributor>
    <dc:description>This file contains bill summaries and statuses for federal legislation. A bill summary describes the most significant provisions of a piece of legislation and details the effects the legislative text may have on current law and federal programs. Bill summaries are authored by the Congressional Research Service (CRS) of the Library of Congress. As stated in Public Law 91-510 (2 USC 166 (d)(6)), one of the duties of CRS is "to prepare summaries and digests of bills and resolutions of a public general nature introduced in the Senate or House of Representatives". For more information, refer to the User Guide that accompanies this file.</dc:description>
  </dublinCore>
</billStatus>

