<?xml version="1.0" encoding="UTF-8"?>
<billStatus>
  <bill>
    <committeeReports />
    <summaries>
      <billSummaries>
        <item>
          <actionDate>2018-01-10</actionDate>
          <actionDesc>Introduced in Senate</actionDesc>
          <lastSummaryUpdateDate>2018-02-28T20:50:27Z</lastSummaryUpdateDate>
          <name>Introduced in Senate</name>
          <versionCode>00</versionCode>
          <text><![CDATA[<p>Declares that: (1) the Senate values the U.S.-Mexico relationship and the benefits derived from cooperation on security, combating transnational crime, energy, economic engagement, and cultural engagement; and (2) such relationship is strengthened by interaction between people of such countries and economic interaction.</p> <p>Recognizes that: (1) implementation of the North American Free Trade Agreement (NAFTA) in 1994 and the resulting increase in trade have provided a platform for cooperation with Mexico; and (2) Mexico is an essential U.S. partner in regional security. Encourages the President to strengthen U.S.-Mexico ties to help advance U.S. regional interests.</p> <p>Encourages U.S. drug enforcement agencies to continue developing strong cooperative measures with Mexico.</p> <p>Encourages the President to work toward modernization of NAFTA in a way that strengthens it. Stresses the importance of NAFTA to the U.S. economy and to the bilateral relationship with Mexico.</p> <ul> </ul>]]></text>
          <updateDate>2018-01-10T05:00:00Z</updateDate>
        </item>
      </billSummaries>
    </summaries>
    <relatedBills />
    <createDate>2018-01-11T00:26:03Z</createDate>
    <cosponsors />
    <billNumber>371</billNumber>
    <version>1.0.0</version>
    <calendarNumbers />
    <amendments />
    <laws />
    <titles>
      <item>
        <parentTitleType />
        <titleType>Official Title as Introduced</titleType>
        <chamberCode />
        <chamberName />
        <title>A resolution expressing the sense of the Senate on the value of the bilateral relationship between the United States and Mexico.</title>
      </item>
      <item>
        <parentTitleType />
        <titleType>Display Title</titleType>
        <chamberCode />
        <chamberName />
        <title>A resolution expressing the sense of the Senate on the value of the bilateral relationship between the United States and Mexico.</title>
      </item>
    </titles>
    <recordedVotes />
    <originChamber>Senate</originChamber>
    <latestAction>
      <text>Referred to the Committee on Foreign Relations. (text of measure as introduced: CR S141)</text>
      <actionDate>2018-01-10</actionDate>
      <links />
    </latestAction>
    <introducedDate>2018-01-10</introducedDate>
    <sponsors>
      <item>
        <fullName>Sen. Flake, Jeff [R-AZ]</fullName>
        <party>R</party>
        <identifiers>
          <gpoId>7803</gpoId>
          <lisID>1633</lisID>
          <bioguideId>F000444</bioguideId>
        </identifiers>
        <firstName>JEFF</firstName>
        <middleName />
        <lastName>FLAKE</lastName>
        <bioguideId>F000444</bioguideId>
        <state>AZ</state>
        <byRequestType />
      </item>
    </sponsors>
    <subjects>
      <billSubjects>
        <legislativeSubjects>
          <item>
            <name>Drug trafficking and controlled substances</name>
          </item>
          <item>
            <name>Latin America</name>
          </item>
          <item>
            <name>Mexico</name>
          </item>
          <item>
            <name>Military assistance, sales, and agreements</name>
          </item>
          <item>
            <name>Trade agreements and negotiations</name>
          </item>
        </legislativeSubjects>
        <policyArea>
          <name>International Affairs</name>
        </policyArea>
      </billSubjects>
    </subjects>
    <policyArea>
      <name>International Affairs</name>
    </policyArea>
    <billType>SRES</billType>
    <notes />
    <title>A resolution expressing the sense of the Senate on the value of the bilateral relationship between the United States and Mexico.</title>
    <committees>
      <billCommittees>
        <item>
          <systemCode>ssfr00</systemCode>
          <chamber>Senate</chamber>
          <activities>
            <item>
              <name>Referred to</name>
              <date>2018-01-10T22:41:22Z</date>
            </item>
          </activities>
          <name>Foreign Relations Committee</name>
          <type>Standing</type>
          <subcommittees />
        </item>
      </billCommittees>
    </committees>
    <congress>115</congress>
    <cboCostEstimates />
    <updateDate>2018-02-28T21:00:09Z</updateDate>
    <actions>
      <actionByCounts>
        <senate>2</senate>
      </actionByCounts>
      <actionTypeCounts>
        <introducedInSenate>1</introducedInSenate>
        <referredToCommittee>1</referredToCommittee>
      </actionTypeCounts>
      <item>
        <actionDate>2018-01-10</actionDate>
        <committee>
          <name>Foreign Relations Committee</name>
          <systemCode>ssfr00</systemCode>
        </committee>
        <links>
          <link>
            <name>S141</name>
            <url>https://www.congress.gov/congressional-record/volume-164/senate-section/page/S141</url>
          </link>
        </links>
        <sourceSystem>
          <name>Senate</name>
          <code>0</code>
        </sourceSystem>
        <text>Referred to the Committee on Foreign Relations. (text of measure as introduced: CR S141)</text>
        <type>IntroReferral</type>
      </item>
      <item>
        <text>Introduced in Senate</text>
        <type>IntroReferral</type>
        <actionDate>2018-01-10</actionDate>
        <links />
        <actionCode>10000</actionCode>
        <committee />
        <sourceSystem>
          <name>Library of Congress</name>
          <code>9</code>
        </sourceSystem>
      </item>
    </actions>
  </bill>
  <dublinCore xmlns:dc="http://purl.org/dc/elements/1.1/">
    <dc:format>text/xml</dc:format>
    <dc:language>EN</dc:language>
    <dc:rights>Pursuant to Title 17 Section 105 of the United States Code, this file is not subject to copyright protection and is in the public domain.</dc:rights>
    <dc:contributor>Congressional Research Service, Library of Congress</dc:contributor>
    <dc:description>This file contains bill summaries and statuses for federal legislation. A bill summary describes the most significant provisions of a piece of legislation and details the effects the legislative text may have on current law and federal programs. Bill summaries are authored by the Congressional Research Service (CRS) of the Library of Congress. As stated in Public Law 91-510 (2 USC 166 (d)(6)), one of the duties of CRS is "to prepare summaries and digests of bills and resolutions of a public general nature introduced in the Senate or House of Representatives". For more information, refer to the User Guide that accompanies this file.</dc:description>
  </dublinCore>
</billStatus>

