<?xml version="1.0" encoding="UTF-8"?>
<billStatus>
  <bill>
    <cosponsors>
      <item>
        <state>KY</state>
        <identifiers>
          <bioguideId>P000603</bioguideId>
          <lisID>2082</lisID>
          <gpoId>8308</gpoId>
        </identifiers>
        <bioguideId>P000603</bioguideId>
        <sponsorshipDate>2017-06-08</sponsorshipDate>
        <lastName>Paul</lastName>
        <fullName>Sen. Paul, Rand [R-KY]</fullName>
        <firstName>Rand</firstName>
        <party>R</party>
        <middleName />
        <isOriginalCosponsor>True</isOriginalCosponsor>
        <sponsorshipWithdrawnDate />
      </item>
      <item>
        <state>OR</state>
        <identifiers>
          <lisID>1900</lisID>
          <gpoId>8238</gpoId>
          <bioguideId>M001176</bioguideId>
        </identifiers>
        <bioguideId>M001176</bioguideId>
        <sponsorshipDate>2017-06-08</sponsorshipDate>
        <lastName>Merkley</lastName>
        <fullName>Sen. Merkley, Jeff [D-OR]</fullName>
        <firstName>Jeff</firstName>
        <party>D</party>
        <middleName />
        <isOriginalCosponsor>True</isOriginalCosponsor>
        <sponsorshipWithdrawnDate />
      </item>
      <item>
        <state>KY</state>
        <identifiers>
          <gpoId>8254</gpoId>
          <bioguideId>M000355</bioguideId>
          <lisID>1395</lisID>
        </identifiers>
        <bioguideId>M000355</bioguideId>
        <sponsorshipDate>2017-06-08</sponsorshipDate>
        <lastName>MCCONNELL</lastName>
        <fullName>Sen. McConnell, Mitch [R-KY]</fullName>
        <firstName>MITCH</firstName>
        <party>R</party>
        <middleName />
        <isOriginalCosponsor>True</isOriginalCosponsor>
        <sponsorshipWithdrawnDate />
      </item>
    </cosponsors>
    <congress>115</congress>
    <committees>
      <billCommittees />
    </committees>
    <laws />
    <titles>
      <item>
        <chamberName />
        <parentTitleType />
        <chamberCode />
        <titleType>Official Title as Introduced</titleType>
        <title>A resolution designating the week of June 5 through June 11, 2017, as "Hemp History Week".</title>
      </item>
      <item>
        <chamberName />
        <parentTitleType />
        <chamberCode />
        <titleType>Display Title</titleType>
        <title>A resolution designating the week of June 5 through June 11, 2017, as "Hemp History Week".</title>
      </item>
    </titles>
    <billType>SRES</billType>
    <amendments />
    <recordedVotes />
    <actions>
      <actionByCounts>
        <senate>3</senate>
      </actionByCounts>
      <item>
        <actionDate>2017-06-08</actionDate>
        <committee />
        <links>
          <link>
            <name>S3366</name>
            <url>https://www.congress.gov/congressional-record/volume-163/senate-section/page/S3366</url>
          </link>
          <link>
            <name>S3375</name>
            <url>https://www.congress.gov/congressional-record/volume-163/senate-section/page/S3375</url>
          </link>
        </links>
        <sourceSystem>
          <name>Senate</name>
          <code>0</code>
        </sourceSystem>
        <text>Submitted in the Senate, considered, and agreed to without amendment and with a preamble by Unanimous Consent. (consideration: CR S3375; text as passed Senate: CR S3366)</text>
        <type>Floor</type>
      </item>
      <item>
        <text>Passed/agreed to in Senate: Submitted in the Senate, considered, and agreed to without amendment and with a preamble by Unanimous Consent.(consideration: CR S3375; text as passed Senate: CR S3366)</text>
        <type>Floor</type>
        <sourceSystem>
          <name>Library of Congress</name>
          <code>9</code>
        </sourceSystem>
        <committee />
        <actionCode>17000</actionCode>
        <actionDate>2017-06-08</actionDate>
        <links>
          <link>
            <name>S3366</name>
            <url>https://www.congress.gov/congressional-record/volume-163/senate-section/page/S3366</url>
          </link>
          <link>
            <name>S3375</name>
            <url>https://www.congress.gov/congressional-record/volume-163/senate-section/page/S3375</url>
          </link>
        </links>
      </item>
      <item>
        <text>Introduced in Senate</text>
        <type>IntroReferral</type>
        <sourceSystem>
          <name>Library of Congress</name>
          <code>9</code>
        </sourceSystem>
        <committee />
        <actionCode>10000</actionCode>
        <actionDate>2017-06-08</actionDate>
        <links />
      </item>
      <actionTypeCounts>
        <passedOrAgreedToInSenateDayOf>1</passedOrAgreedToInSenateDayOf>
        <passedAgreedToInSenate>1</passedAgreedToInSenate>
        <introducedInSenate>1</introducedInSenate>
      </actionTypeCounts>
    </actions>
    <introducedDate>2017-06-08</introducedDate>
    <relatedBills />
    <committeeReports />
    <calendarNumbers />
    <billNumber>189</billNumber>
    <summaries>
      <billSummaries>
        <item>
          <updateDate>2017-06-08T04:00:00Z</updateDate>
          <actionDesc>Introduced in Senate</actionDesc>
          <versionCode>00</versionCode>
          <name>Introduced in Senate</name>
          <text><![CDATA[<p>Designates the week of June 5-June 11, 2017, as Hemp History Week. Recognizes the historical relevance and growing economic potential of industrial hemp.</p>]]></text>
          <lastSummaryUpdateDate>2017-06-14T15:25:58Z</lastSummaryUpdateDate>
          <actionDate>2017-06-08</actionDate>
        </item>
        <item>
          <updateDate>2017-06-08T19:48:19Z</updateDate>
          <actionDesc>Passed Senate without amendment</actionDesc>
          <versionCode>82</versionCode>
          <name>Passed Senate without amendment</name>
          <text><![CDATA[<p>(This measure has not been amended since it was introduced. The summary of that version is repeated here.)</p> <p>Designates the week of June 5-June 11, 2017, as Hemp History Week. Recognizes the historical relevance and growing economic potential of industrial hemp.</p>]]></text>
          <lastSummaryUpdateDate>2017-06-14T15:25:48Z</lastSummaryUpdateDate>
          <actionDate>2017-06-08</actionDate>
        </item>
      </billSummaries>
    </summaries>
    <cboCostEstimates />
    <updateDate>2018-02-06T16:44:09Z</updateDate>
    <policyArea>
      <name>Agriculture and Food</name>
    </policyArea>
    <latestAction>
      <text>Submitted in the Senate, considered, and agreed to without amendment and with a preamble by Unanimous Consent. (consideration: CR S3375; text as passed Senate: CR S3366)</text>
      <actionDate>2017-06-08</actionDate>
      <links />
    </latestAction>
    <subjects>
      <billSubjects>
        <legislativeSubjects>
          <item>
            <name>Agricultural practices and innovations</name>
          </item>
          <item>
            <name>Commemorative events and holidays</name>
          </item>
          <item>
            <name>Horticulture and plants</name>
          </item>
          <item>
            <name>Manufacturing</name>
          </item>
        </legislativeSubjects>
        <policyArea>
          <name>Agriculture and Food</name>
        </policyArea>
      </billSubjects>
    </subjects>
    <title>A resolution designating the week of June 5 through June 11, 2017, as "Hemp History Week".</title>
    <version>1.0.0</version>
    <sponsors>
      <item>
        <byRequestType />
        <party>D</party>
        <fullName>Sen. Wyden, Ron [D-OR]</fullName>
        <bioguideId>W000779</bioguideId>
        <state>OR</state>
        <lastName>WYDEN</lastName>
        <middleName />
        <firstName>RON</firstName>
        <identifiers>
          <gpoId>8265</gpoId>
          <bioguideId>W000779</bioguideId>
          <lisID>1247</lisID>
        </identifiers>
      </item>
    </sponsors>
    <notes />
    <createDate>2017-06-09T00:26:35Z</createDate>
    <originChamber>Senate</originChamber>
  </bill>
  <dublinCore xmlns:dc="http://purl.org/dc/elements/1.1/">
    <dc:format>text/xml</dc:format>
    <dc:language>EN</dc:language>
    <dc:rights>Pursuant to Title 17 Section 105 of the United States Code, this file is not subject to copyright protection and is in the public domain.</dc:rights>
    <dc:contributor>Congressional Research Service, Library of Congress</dc:contributor>
    <dc:description>This file contains bill summaries and statuses for federal legislation. A bill summary describes the most significant provisions of a piece of legislation and details the effects the legislative text may have on current law and federal programs. Bill summaries are authored by the Congressional Research Service (CRS) of the Library of Congress. As stated in Public Law 91-510 (2 USC 166 (d)(6)), one of the duties of CRS is "to prepare summaries and digests of bills and resolutions of a public general nature introduced in the Senate or House of Representatives". For more information, refer to the User Guide that accompanies this file.</dc:description>
  </dublinCore>
</billStatus>

