<?xml version="1.0" encoding="UTF-8"?>
<billStatus>
  <bill>
    <sponsors>
      <item>
        <fullName>Sen. Baldwin, Tammy [D-WI]</fullName>
        <lastName>BALDWIN</lastName>
        <bioguideId>B001230</bioguideId>
        <party>D</party>
        <middleName />
        <state>WI</state>
        <firstName>TAMMY</firstName>
        <byRequestType />
        <identifiers>
          <lisID>1558</lisID>
          <gpoId>8215</gpoId>
          <bioguideId>B001230</bioguideId>
        </identifiers>
      </item>
    </sponsors>
    <laws />
    <version>1.0.0</version>
    <introducedDate>2017-07-20</introducedDate>
    <cboCostEstimates />
    <titles>
      <item>
        <title>A resolution designating the week of July 17 through July 21, 2017, as "National Ectodermal Dysplasias Week" and supporting the goals and ideals of National Ectodermal Dysplasias Week to raise awareness and understanding of ectodermal dysplasias.</title>
        <titleType>Official Title as Introduced</titleType>
        <parentTitleType />
        <chamberCode />
        <chamberName />
      </item>
      <item>
        <title>A resolution designating the week of July 17 through July 21, 2017, as "National Ectodermal Dysplasias Week" and supporting the goals and ideals of National Ectodermal Dysplasias Week to raise awareness and understanding of ectodermal dysplasias.</title>
        <titleType>Display Title</titleType>
        <parentTitleType />
        <chamberCode />
        <chamberName />
      </item>
    </titles>
    <amendments />
    <recordedVotes />
    <relatedBills>
      <item>
        <congress>115</congress>
        <number>464</number>
        <type>HRES</type>
        <relationshipDetails>
          <item>
            <type>Related bill</type>
            <identifiedBy>CRS</identifiedBy>
          </item>
        </relationshipDetails>
        <latestTitle>Designating the week of July 17 through July 21, 2017, as "National Ectodermal Dysplasias Week" and supporting the goals and ideals of National Ectodermal Dysplasias Week to raise awareness and understanding of ectodermal dysplasias.</latestTitle>
        <latestAction>
          <text>Referred to the House Committee on Energy and Commerce.</text>
          <actionDate>2017-07-20</actionDate>
        </latestAction>
      </item>
    </relatedBills>
    <congress>115</congress>
    <billType>SRES</billType>
    <actions>
      <actionByCounts>
        <senate>2</senate>
      </actionByCounts>
      <actionTypeCounts>
        <referredToCommittee>1</referredToCommittee>
        <introducedInSenate>1</introducedInSenate>
      </actionTypeCounts>
      <item>
        <actionDate>2017-07-20</actionDate>
        <committee>
          <systemCode>ssju00</systemCode>
          <name>Judiciary Committee</name>
        </committee>
        <links>
          <link>
            <name>S4118-4119</name>
            <url>https://www.congress.gov/congressional-record/volume-163/senate-section/page/S4118-4119</url>
          </link>
        </links>
        <sourceSystem>
          <name>Senate</name>
          <code>0</code>
        </sourceSystem>
        <text>Referred to the Committee on the Judiciary. (text of measure as introduced: CR S4118-4119)</text>
        <type>IntroReferral</type>
      </item>
      <item>
        <sourceSystem>
          <name>Library of Congress</name>
          <code>9</code>
        </sourceSystem>
        <actionDate>2017-07-20</actionDate>
        <text>Introduced in Senate</text>
        <type>IntroReferral</type>
        <links />
        <committee />
        <actionCode>10000</actionCode>
      </item>
    </actions>
    <notes />
    <originChamber>Senate</originChamber>
    <title>A resolution designating the week of July 17 through July 21, 2017, as "National Ectodermal Dysplasias Week" and supporting the goals and ideals of National Ectodermal Dysplasias Week to raise awareness and understanding of ectodermal dysplasias.</title>
    <billNumber>226</billNumber>
    <cosponsors />
    <summaries>
      <billSummaries>
        <item>
          <text><![CDATA[<p>Designates the week of July 17-July 21, 2017, as National Ectodermal Dysplasias Week. (Ectodermal dysplasias are a group of genetic conditions that commonly affect the hair, nails, teeth, and sweat glands.)</p> <p>Encourages Americans to become more informed about ectodermal dysplasias and the role of treatment in improving quality of life.</p>]]></text>
          <actionDate>2017-07-20</actionDate>
          <updateDate>2017-07-20T04:00:00Z</updateDate>
          <lastSummaryUpdateDate>2017-09-20T20:14:33Z</lastSummaryUpdateDate>
          <name>Introduced in Senate</name>
          <actionDesc>Introduced in Senate</actionDesc>
          <versionCode>00</versionCode>
        </item>
      </billSummaries>
    </summaries>
    <policyArea>
      <name>Health</name>
    </policyArea>
    <latestAction>
      <links />
      <actionDate>2017-07-20</actionDate>
      <text>Referred to the Committee on the Judiciary. (text of measure as introduced: CR S4118-4119)</text>
    </latestAction>
    <updateDate>2018-02-06T16:44:11Z</updateDate>
    <committees>
      <billCommittees>
        <item>
          <name>Judiciary Committee</name>
          <chamber>Senate</chamber>
          <type>Standing</type>
          <subcommittees />
          <systemCode>ssju00</systemCode>
          <activities>
            <item>
              <name>Referred to</name>
              <date>2017-07-20T15:34:08Z</date>
            </item>
          </activities>
        </item>
      </billCommittees>
    </committees>
    <createDate>2017-07-21T00:56:42Z</createDate>
    <subjects>
      <billSubjects>
        <policyArea>
          <name>Health</name>
        </policyArea>
        <legislativeSubjects>
          <item>
            <name>Commemorative events and holidays</name>
          </item>
          <item>
            <name>Dental care</name>
          </item>
          <item>
            <name>Health promotion and preventive care</name>
          </item>
          <item>
            <name>Hereditary and development disorders</name>
          </item>
          <item>
            <name>Musculoskeletal and skin diseases</name>
          </item>
        </legislativeSubjects>
      </billSubjects>
    </subjects>
    <committeeReports />
    <calendarNumbers />
  </bill>
  <dublinCore xmlns:dc="http://purl.org/dc/elements/1.1/">
    <dc:format>text/xml</dc:format>
    <dc:language>EN</dc:language>
    <dc:rights>Pursuant to Title 17 Section 105 of the United States Code, this file is not subject to copyright protection and is in the public domain.</dc:rights>
    <dc:contributor>Congressional Research Service, Library of Congress</dc:contributor>
    <dc:description>This file contains bill summaries and statuses for federal legislation. A bill summary describes the most significant provisions of a piece of legislation and details the effects the legislative text may have on current law and federal programs. Bill summaries are authored by the Congressional Research Service (CRS) of the Library of Congress. As stated in Public Law 91-510 (2 USC 166 (d)(6)), one of the duties of CRS is "to prepare summaries and digests of bills and resolutions of a public general nature introduced in the Senate or House of Representatives". For more information, refer to the User Guide that accompanies this file.</dc:description>
  </dublinCore>
</billStatus>

