<?xml version="1.0" encoding="UTF-8"?>
<billStatus>
  <bill>
    <cosponsors>
      <item>
        <bioguideId>N000032</bioguideId>
        <sponsorshipDate>2017-12-20</sponsorshipDate>
        <isOriginalCosponsor>True</isOriginalCosponsor>
        <middleName>WILLIAM</middleName>
        <sponsorshipWithdrawnDate />
        <firstName>CLARENCE</firstName>
        <lastName>NELSON</lastName>
        <state>FL</state>
        <party>D</party>
        <identifiers>
          <bioguideId>N000032</bioguideId>
          <gpoId>8236</gpoId>
          <lisID>859</lisID>
        </identifiers>
        <fullName>Sen. Nelson, Bill [D-FL]</fullName>
      </item>
    </cosponsors>
    <congress>115</congress>
    <committees>
      <billCommittees />
    </committees>
    <laws />
    <titles>
      <item>
        <chamberName />
        <titleType>Official Title as Introduced</titleType>
        <title>A resolution recognizing the service of the Los Angeles-class attack submarine the USS Jacksonville and the crew of the USS Jacksonville, who served the United States with valor and bravery.</title>
        <parentTitleType />
        <chamberCode />
      </item>
      <item>
        <chamberName />
        <titleType>Display Title</titleType>
        <title>A resolution recognizing the service of the Los Angeles-class attack submarine the USS Jacksonville and the crew of the USS Jacksonville, who served the United States with valor and bravery.</title>
        <parentTitleType />
        <chamberCode />
      </item>
    </titles>
    <billType>SRES</billType>
    <amendments />
    <recordedVotes />
    <actions>
      <actionTypeCounts>
        <passedOrAgreedToInSenateDayOf>1</passedOrAgreedToInSenateDayOf>
        <introducedInSenate>1</introducedInSenate>
        <passedAgreedToInSenate>1</passedAgreedToInSenate>
      </actionTypeCounts>
      <item>
        <actionDate>2017-12-20</actionDate>
        <committee />
        <links>
          <link>
            <url>https://www.congress.gov/congressional-record/volume-163/senate-section/page/S8154</url>
            <name>S8154</name>
          </link>
          <link>
            <url>https://www.congress.gov/congressional-record/volume-163/senate-section/page/S8182</url>
            <name>S8182</name>
          </link>
        </links>
        <sourceSystem>
          <name>Senate</name>
          <code>0</code>
        </sourceSystem>
        <text>Submitted in the Senate, considered, and agreed to without amendment and with a preamble by Unanimous Consent. (consideration: CR S8154; text: CR S8182)</text>
        <type>Floor</type>
      </item>
      <item>
        <text>Passed/agreed to in Senate: Submitted in the Senate, considered, and agreed to without amendment and with a preamble by Unanimous Consent.(consideration: CR S8154; text: CR S8182)</text>
        <links>
          <link>
            <url>https://www.congress.gov/congressional-record/volume-163/senate-section/page/S8154</url>
            <name>S8154</name>
          </link>
          <link>
            <url>https://www.congress.gov/congressional-record/volume-163/senate-section/page/S8182</url>
            <name>S8182</name>
          </link>
        </links>
        <actionDate>2017-12-20</actionDate>
        <committee />
        <sourceSystem>
          <name>Library of Congress</name>
          <code>9</code>
        </sourceSystem>
        <type>Floor</type>
        <actionCode>17000</actionCode>
      </item>
      <item>
        <text>Introduced in Senate</text>
        <links />
        <actionDate>2017-12-20</actionDate>
        <committee />
        <sourceSystem>
          <name>Library of Congress</name>
          <code>9</code>
        </sourceSystem>
        <type>IntroReferral</type>
        <actionCode>10000</actionCode>
      </item>
      <actionByCounts>
        <senate>3</senate>
      </actionByCounts>
    </actions>
    <introducedDate>2017-12-20</introducedDate>
    <relatedBills>
      <item>
        <congress>115</congress>
        <latestAction>
          <actionDate>2018-02-07</actionDate>
          <text>Referred to the House Committee on Education and the Workforce.</text>
        </latestAction>
        <type>HRES</type>
        <latestTitle>Supporting the goals and ideals of Career and Technical Education Month.</latestTitle>
        <number>730</number>
        <relationshipDetails>
          <item>
            <type>Related bill</type>
            <identifiedBy>CRS</identifiedBy>
          </item>
        </relationshipDetails>
      </item>
    </relatedBills>
    <committeeReports />
    <calendarNumbers />
    <billNumber>362</billNumber>
    <summaries>
      <billSummaries />
    </summaries>
    <cboCostEstimates />
    <updateDate>2018-02-08T17:15:10Z</updateDate>
    <policyArea>
      <name>Armed Forces and National Security</name>
    </policyArea>
    <latestAction>
      <text>Submitted in the Senate, considered, and agreed to without amendment and with a preamble by Unanimous Consent. (consideration: CR S8154; text: CR S8182)</text>
      <actionDate>2017-12-20</actionDate>
      <links />
    </latestAction>
    <subjects>
      <billSubjects>
        <policyArea>
          <name>Armed Forces and National Security</name>
        </policyArea>
        <legislativeSubjects />
      </billSubjects>
    </subjects>
    <title>A resolution recognizing the service of the Los Angeles-class attack submarine the USS Jacksonville and the crew of the USS Jacksonville, who served the United States with valor and bravery.</title>
    <version>1.0.0</version>
    <sponsors>
      <item>
        <byRequestType />
        <party>R</party>
        <fullName>Sen. Rubio, Marco [R-FL]</fullName>
        <bioguideId>R000595</bioguideId>
        <state>FL</state>
        <lastName>Rubio</lastName>
        <middleName />
        <firstName>Marco</firstName>
        <identifiers>
          <bioguideId>R000595</bioguideId>
          <lisID>2084</lisID>
          <gpoId>8242</gpoId>
        </identifiers>
      </item>
    </sponsors>
    <notes />
    <createDate>2017-12-21T00:41:08Z</createDate>
    <originChamber>Senate</originChamber>
  </bill>
  <dublinCore xmlns:dc="http://purl.org/dc/elements/1.1/">
    <dc:format>text/xml</dc:format>
    <dc:language>EN</dc:language>
    <dc:rights>Pursuant to Title 17 Section 105 of the United States Code, this file is not subject to copyright protection and is in the public domain.</dc:rights>
    <dc:contributor>Congressional Research Service, Library of Congress</dc:contributor>
    <dc:description>This file contains bill summaries and statuses for federal legislation. A bill summary describes the most significant provisions of a piece of legislation and details the effects the legislative text may have on current law and federal programs. Bill summaries are authored by the Congressional Research Service (CRS) of the Library of Congress. As stated in Public Law 91-510 (2 USC 166 (d)(6)), one of the duties of CRS is "to prepare summaries and digests of bills and resolutions of a public general nature introduced in the Senate or House of Representatives". For more information, refer to the User Guide that accompanies this file.</dc:description>
  </dublinCore>
</billStatus>

