<?xml version="1.0" encoding="UTF-8"?>
<billStatus>
  <bill>
    <amendments />
    <updateDate>2018-02-16T05:26:04Z</updateDate>
    <policyArea>
      <name>Crime and Law Enforcement</name>
    </policyArea>
    <createDate>2018-01-31T01:11:01Z</createDate>
    <latestAction>
      <text>Submitted in the Senate, considered, and agreed to without amendment and with a preamble by Unanimous Consent. (consideration: CR S591; text: CR S586-587)</text>
      <links />
      <actionDate>2018-01-30</actionDate>
    </latestAction>
    <subjects>
      <billSubjects>
        <legislativeSubjects>
          <item>
            <name>Assault and harassment offenses</name>
          </item>
          <item>
            <name>Commemorative events and holidays</name>
          </item>
          <item>
            <name>Congressional tributes</name>
          </item>
          <item>
            <name>Crime victims</name>
          </item>
          <item>
            <name>Law enforcement officers</name>
          </item>
        </legislativeSubjects>
        <policyArea>
          <name>Crime and Law Enforcement</name>
        </policyArea>
      </billSubjects>
    </subjects>
    <sponsors>
      <item>
        <lastName>Klobuchar</lastName>
        <party>D</party>
        <bioguideId>K000367</bioguideId>
        <fullName>Sen. Klobuchar, Amy [D-MN]</fullName>
        <byRequestType />
        <identifiers>
          <gpoId>8249</gpoId>
          <bioguideId>K000367</bioguideId>
          <lisID>1826</lisID>
        </identifiers>
        <firstName>Amy</firstName>
        <state>MN</state>
        <middleName />
      </item>
    </sponsors>
    <billNumber>390</billNumber>
    <recordedVotes />
    <cosponsors>
      <item>
        <sponsorshipDate>2018-01-30</sponsorshipDate>
        <sponsorshipWithdrawnDate />
        <bioguideId>G000386</bioguideId>
        <firstName>CHARLES</firstName>
        <party>R</party>
        <state>IA</state>
        <isOriginalCosponsor>True</isOriginalCosponsor>
        <identifiers>
          <gpoId>8316</gpoId>
          <lisID>457</lisID>
          <bioguideId>G000386</bioguideId>
        </identifiers>
        <fullName>Sen. Grassley, Chuck [R-IA]</fullName>
        <lastName>GRASSLEY</lastName>
        <middleName>ERNEST</middleName>
      </item>
      <item>
        <sponsorshipDate>2018-01-30</sponsorshipDate>
        <sponsorshipWithdrawnDate />
        <bioguideId>F000062</bioguideId>
        <firstName>DIANNE</firstName>
        <party>D</party>
        <state>CA</state>
        <isOriginalCosponsor>True</isOriginalCosponsor>
        <identifiers>
          <gpoId>8338</gpoId>
          <bioguideId>F000062</bioguideId>
          <lisID>1332</lisID>
        </identifiers>
        <fullName>Sen. Feinstein, Dianne [D-CA]</fullName>
        <lastName>FEINSTEIN</lastName>
        <middleName />
      </item>
      <item>
        <sponsorshipDate>2018-01-30</sponsorshipDate>
        <sponsorshipWithdrawnDate />
        <bioguideId>C000880</bioguideId>
        <firstName>MICHAEL</firstName>
        <party>R</party>
        <state>ID</state>
        <isOriginalCosponsor>True</isOriginalCosponsor>
        <identifiers>
          <gpoId>8289</gpoId>
          <lisID>250</lisID>
          <bioguideId>C000880</bioguideId>
        </identifiers>
        <fullName>Sen. Crapo, Mike [R-ID]</fullName>
        <lastName>CRAPO</lastName>
        <middleName>D.</middleName>
      </item>
      <item>
        <sponsorshipDate>2018-01-30</sponsorshipDate>
        <sponsorshipWithdrawnDate />
        <bioguideId>H001042</bioguideId>
        <firstName>Mazie</firstName>
        <party>D</party>
        <state>HI</state>
        <isOriginalCosponsor>True</isOriginalCosponsor>
        <identifiers>
          <lisID>1844</lisID>
          <gpoId>7913</gpoId>
          <bioguideId>H001042</bioguideId>
        </identifiers>
        <fullName>Sen. Hirono, Mazie K. [D-HI]</fullName>
        <lastName>Hirono</lastName>
        <middleName>K.</middleName>
      </item>
    </cosponsors>
    <titles>
      <item>
        <chamberCode />
        <titleType>Official Title as Introduced</titleType>
        <parentTitleType />
        <chamberName />
        <title>A resolution raising awareness and encouraging the prevention of stalking by designating January 2018 as "National Stalking Awareness Month".</title>
      </item>
      <item>
        <chamberCode />
        <titleType>Display Title</titleType>
        <parentTitleType />
        <chamberName />
        <title>A resolution raising awareness and encouraging the prevention of stalking by designating January 2018 as "National Stalking Awareness Month".</title>
      </item>
    </titles>
    <committees>
      <billCommittees />
    </committees>
    <calendarNumbers />
    <billType>SRES</billType>
    <originChamber>Senate</originChamber>
    <summaries>
      <billSummaries>
        <item>
          <lastSummaryUpdateDate>2018-02-05T22:17:41Z</lastSummaryUpdateDate>
          <actionDate>2018-01-30</actionDate>
          <versionCode>00</versionCode>
          <name>Introduced in Senate</name>
          <actionDesc>Introduced in Senate</actionDesc>
          <updateDate>2018-01-30T05:00:00Z</updateDate>
          <text><![CDATA[<p>Designates January 2018 as National Stalking Awareness Month.</p> <p>Applauds the efforts of service providers, police, prosecutors, national and community organizations, campuses, and private sector supporters to promote awareness of stalking.</p> <p>Encourages increased awareness of stalking and the availability of services for stalking victims. </p> <p>Urges national and community organizations, private businesses, and the media to promote awareness of the crime of stalking through National Stalking Awareness Month.</p>]]></text>
        </item>
      </billSummaries>
    </summaries>
    <committeeReports />
    <laws />
    <version>1.0.0</version>
    <title>A resolution raising awareness and encouraging the prevention of stalking by designating January 2018 as "National Stalking Awareness Month".</title>
    <cboCostEstimates />
    <introducedDate>2018-01-30</introducedDate>
    <actions>
      <item>
        <actionDate>2018-01-30</actionDate>
        <committee />
        <links>
          <link>
            <name>S586-587</name>
            <url>https://www.congress.gov/congressional-record/volume-164/senate-section/page/S586-587</url>
          </link>
          <link>
            <name>S591</name>
            <url>https://www.congress.gov/congressional-record/volume-164/senate-section/page/S591</url>
          </link>
        </links>
        <sourceSystem>
          <code>0</code>
          <name>Senate</name>
        </sourceSystem>
        <text>Submitted in the Senate, considered, and agreed to without amendment and with a preamble by Unanimous Consent. (consideration: CR S591; text: CR S586-587)</text>
        <type>Floor</type>
      </item>
      <item>
        <text>Passed/agreed to in Senate: Submitted in the Senate, considered, and agreed to without amendment and with a preamble by Unanimous Consent.(consideration: CR S591; text: CR S586-587)</text>
        <links>
          <link>
            <name>S586-587</name>
            <url>https://www.congress.gov/congressional-record/volume-164/senate-section/page/S586-587</url>
          </link>
          <link>
            <name>S591</name>
            <url>https://www.congress.gov/congressional-record/volume-164/senate-section/page/S591</url>
          </link>
        </links>
        <actionDate>2018-01-30</actionDate>
        <actionCode>17000</actionCode>
        <sourceSystem>
          <code>9</code>
          <name>Library of Congress</name>
        </sourceSystem>
        <type>Floor</type>
        <committee />
      </item>
      <item>
        <text>Introduced in Senate</text>
        <links />
        <actionDate>2018-01-30</actionDate>
        <actionCode>10000</actionCode>
        <sourceSystem>
          <code>9</code>
          <name>Library of Congress</name>
        </sourceSystem>
        <type>IntroReferral</type>
        <committee />
      </item>
      <actionByCounts>
        <senate>3</senate>
      </actionByCounts>
      <actionTypeCounts>
        <passedAgreedToInSenate>1</passedAgreedToInSenate>
        <introducedInSenate>1</introducedInSenate>
        <passedOrAgreedToInSenateDayOf>1</passedOrAgreedToInSenateDayOf>
      </actionTypeCounts>
    </actions>
    <congress>115</congress>
    <notes />
    <relatedBills />
  </bill>
  <dublinCore xmlns:dc="http://purl.org/dc/elements/1.1/">
    <dc:format>text/xml</dc:format>
    <dc:language>EN</dc:language>
    <dc:rights>Pursuant to Title 17 Section 105 of the United States Code, this file is not subject to copyright protection and is in the public domain.</dc:rights>
    <dc:contributor>Congressional Research Service, Library of Congress</dc:contributor>
    <dc:description>This file contains bill summaries and statuses for federal legislation. A bill summary describes the most significant provisions of a piece of legislation and details the effects the legislative text may have on current law and federal programs. Bill summaries are authored by the Congressional Research Service (CRS) of the Library of Congress. As stated in Public Law 91-510 (2 USC 166 (d)(6)), one of the duties of CRS is "to prepare summaries and digests of bills and resolutions of a public general nature introduced in the Senate or House of Representatives". For more information, refer to the User Guide that accompanies this file.</dc:description>
  </dublinCore>
</billStatus>

