<?xml version="1.0" encoding="UTF-8"?>
<billStatus>
  <bill>
    <cosponsors>
      <item>
        <lastName>HATCH</lastName>
        <middleName>GRANT</middleName>
        <fullName>Sen. Hatch, Orrin G. [R-UT]</fullName>
        <bioguideId>H000338</bioguideId>
        <isOriginalCosponsor>True</isOriginalCosponsor>
        <firstName>ORRIN</firstName>
        <state>UT</state>
        <identifiers>
          <lisID>1351</lisID>
          <bioguideId>H000338</bioguideId>
          <gpoId>8314</gpoId>
        </identifiers>
        <sponsorshipDate>2017-03-23</sponsorshipDate>
        <sponsorshipWithdrawnDate />
        <party>R</party>
      </item>
      <item>
        <lastName>Fischer</lastName>
        <middleName />
        <fullName>Sen. Fischer, Deb [R-NE]</fullName>
        <bioguideId>F000463</bioguideId>
        <isOriginalCosponsor>True</isOriginalCosponsor>
        <firstName>Deb</firstName>
        <state>NE</state>
        <identifiers>
          <lisID>2179</lisID>
          <gpoId />
          <bioguideId>F000463</bioguideId>
        </identifiers>
        <sponsorshipDate>2017-03-23</sponsorshipDate>
        <sponsorshipWithdrawnDate />
        <party>R</party>
      </item>
      <item>
        <lastName>Sasse</lastName>
        <middleName />
        <fullName>Sen. Sasse, Ben  [R-NE]</fullName>
        <bioguideId>S001197</bioguideId>
        <isOriginalCosponsor>True</isOriginalCosponsor>
        <firstName>Ben</firstName>
        <state>NE</state>
        <identifiers>
          <lisID>2289</lisID>
          <bioguideId>S001197</bioguideId>
          <gpoId />
        </identifiers>
        <sponsorshipDate>2017-03-23</sponsorshipDate>
        <sponsorshipWithdrawnDate />
        <party>R</party>
      </item>
      <item>
        <lastName>Coons</lastName>
        <middleName>A.</middleName>
        <fullName>Sen. Coons, Christopher A. [D-DE]</fullName>
        <bioguideId>C001088</bioguideId>
        <isOriginalCosponsor>True</isOriginalCosponsor>
        <firstName>Christopher</firstName>
        <state>DE</state>
        <identifiers>
          <gpoId>8297</gpoId>
          <lisID>1984</lisID>
          <bioguideId>C001088</bioguideId>
        </identifiers>
        <sponsorshipDate>2017-03-23</sponsorshipDate>
        <sponsorshipWithdrawnDate />
        <party>D</party>
      </item>
      <item>
        <lastName>Rubio</lastName>
        <middleName />
        <fullName>Sen. Rubio, Marco [R-FL]</fullName>
        <bioguideId>R000595</bioguideId>
        <isOriginalCosponsor>True</isOriginalCosponsor>
        <firstName>Marco</firstName>
        <state>FL</state>
        <identifiers>
          <gpoId>8242</gpoId>
          <lisID>2084</lisID>
          <bioguideId>R000595</bioguideId>
        </identifiers>
        <sponsorshipDate>2017-03-23</sponsorshipDate>
        <sponsorshipWithdrawnDate />
        <party>R</party>
      </item>
      <item>
        <lastName>FLAKE</lastName>
        <middleName />
        <fullName>Sen. Flake, Jeff [R-AZ]</fullName>
        <bioguideId>F000444</bioguideId>
        <isOriginalCosponsor>True</isOriginalCosponsor>
        <firstName>JEFF</firstName>
        <state>AZ</state>
        <identifiers>
          <lisID>1633</lisID>
          <gpoId>7803</gpoId>
          <bioguideId>F000444</bioguideId>
        </identifiers>
        <sponsorshipDate>2017-03-23</sponsorshipDate>
        <sponsorshipWithdrawnDate />
        <party>R</party>
      </item>
      <item>
        <lastName>Gardner</lastName>
        <middleName />
        <fullName>Sen. Gardner, Cory [R-CO]</fullName>
        <bioguideId>G000562</bioguideId>
        <isOriginalCosponsor>True</isOriginalCosponsor>
        <firstName>Cory</firstName>
        <state>CO</state>
        <identifiers>
          <gpoId>7862</gpoId>
          <lisID>1998</lisID>
          <bioguideId>G000562</bioguideId>
        </identifiers>
        <sponsorshipDate>2017-03-23</sponsorshipDate>
        <sponsorshipWithdrawnDate />
        <party>R</party>
      </item>
      <item>
        <lastName>Sullivan</lastName>
        <middleName />
        <fullName>Sen. Sullivan, Dan  [R-AK]</fullName>
        <bioguideId>S001198</bioguideId>
        <isOriginalCosponsor>False</isOriginalCosponsor>
        <firstName>Dan</firstName>
        <state>AK</state>
        <identifiers>
          <lisID>2290</lisID>
          <bioguideId>S001198</bioguideId>
          <gpoId />
        </identifiers>
        <sponsorshipDate>2017-03-30</sponsorshipDate>
        <sponsorshipWithdrawnDate />
        <party>R</party>
      </item>
    </cosponsors>
    <summaries>
      <billSummaries>
        <item>
          <actionDate>2017-03-23</actionDate>
          <name>Introduced in Senate</name>
          <lastSummaryUpdateDate>2017-03-25T15:55:21Z</lastSummaryUpdateDate>
          <updateDate>2017-03-23T04:00:00Z</updateDate>
          <text><![CDATA[<p>Expresses concern about the disappearance of David Sneddon in Yunnan Province, China, in August 2004.</p> <p> Directs the Department of State and the intelligence community to continue joint investigations, coordinate investigations with the governments of China, Japan, and South Korea, and solicit information from regional affairs and law enforcement experts on plausible explanations for David Sneddon's disappearance.</p> <p> Encourages the State Department and the intelligence community to work with foreign governments known to have diplomatic influence with North Korea to better investigate the possibility of North Korea's involvement in David Sneddon's disappearance, and to seek his recovery. </p> <p>Requests the State Department and the intelligence community to continue to work with and inform Congress and David Sneddon's family on efforts to resolve David's disappearance.</p>]]></text>
          <versionCode>00</versionCode>
          <actionDesc>Introduced in Senate</actionDesc>
        </item>
      </billSummaries>
    </summaries>
    <sponsors>
      <item>
        <bioguideId>L000577</bioguideId>
        <party>R</party>
        <fullName>Sen. Lee, Mike [R-UT]</fullName>
        <firstName>Mike</firstName>
        <byRequestType />
        <lastName>Lee</lastName>
        <identifiers>
          <gpoId>8303</gpoId>
          <lisID>2080</lisID>
          <bioguideId>L000577</bioguideId>
        </identifiers>
        <middleName />
        <state>UT</state>
      </item>
    </sponsors>
    <committeeReports />
    <cboCostEstimates />
    <updateDate>2018-02-20T13:03:30Z</updateDate>
    <title>A resolution expressing concern over the disappearance of David Sneddon, and for other purposes.</title>
    <originChamber>Senate</originChamber>
    <latestAction>
      <actionDate>2018-02-12</actionDate>
      <text>Placed on Senate Legislative Calendar under General Orders. Calendar No. 309.</text>
      <links />
    </latestAction>
    <version>1.0.0</version>
    <relatedBills />
    <actions>
      <item>
        <actionDate>2018-02-12</actionDate>
        <committee />
        <links />
        <sourceSystem>
          <code>0</code>
          <name>Senate</name>
        </sourceSystem>
        <text>Placed on Senate Legislative Calendar under General Orders. Calendar No. 309.</text>
        <type>Calendars</type>
      </item>
      <item>
        <actionDate>2018-02-12</actionDate>
        <committee>
          <name>Foreign Relations Committee</name>
          <systemCode>ssfr00</systemCode>
        </committee>
        <links />
        <sourceSystem>
          <code>0</code>
          <name>Senate</name>
        </sourceSystem>
        <text>Committee on Foreign Relations. Reported by Senator Corker without amendment and with a preamble. Without written report.</text>
        <type>Committee</type>
      </item>
      <item>
        <links />
        <text>Committee on Foreign Relations. Reported by Senator Corker without amendment and with a preamble. Without written report.</text>
        <committee>
          <name>Foreign Relations Committee</name>
          <systemCode>ssfr00</systemCode>
        </committee>
        <type>Committee</type>
        <actionCode>14000</actionCode>
        <sourceSystem>
          <code>9</code>
          <name>Library of Congress</name>
        </sourceSystem>
        <actionDate>2018-02-12</actionDate>
      </item>
      <item>
        <actionDate>2018-02-07</actionDate>
        <committee>
          <name>Foreign Relations Committee</name>
          <systemCode>ssfr00</systemCode>
        </committee>
        <links />
        <sourceSystem>
          <code>0</code>
          <name>Senate</name>
        </sourceSystem>
        <text>Committee on Foreign Relations. Ordered to be reported without amendment favorably.</text>
        <type>Committee</type>
      </item>
      <item>
        <actionDate>2017-03-23</actionDate>
        <committee>
          <name>Foreign Relations Committee</name>
          <systemCode>ssfr00</systemCode>
        </committee>
        <links>
          <link>
            <url>https://www.congress.gov/congressional-record/volume-163/senate-section/page/S1977</url>
            <name>S1977</name>
          </link>
        </links>
        <sourceSystem>
          <code>0</code>
          <name>Senate</name>
        </sourceSystem>
        <text>Referred to the Committee on Foreign Relations. (text of measure as introduced: CR S1977)</text>
        <type>IntroReferral</type>
      </item>
      <item>
        <links />
        <text>Introduced in Senate</text>
        <committee />
        <type>IntroReferral</type>
        <actionCode>10000</actionCode>
        <sourceSystem>
          <code>9</code>
          <name>Library of Congress</name>
        </sourceSystem>
        <actionDate>2017-03-23</actionDate>
      </item>
      <actionByCounts>
        <senate>6</senate>
      </actionByCounts>
      <actionTypeCounts>
        <orderedReported>1</orderedReported>
        <placedOnCalendarGeneralOrders>1</placedOnCalendarGeneralOrders>
        <reportedToSenate>2</reportedToSenate>
        <referredToCommittee>1</referredToCommittee>
        <introducedInSenate>1</introducedInSenate>
      </actionTypeCounts>
    </actions>
    <billType>SRES</billType>
    <subjects>
      <billSubjects>
        <policyArea>
          <name>International Affairs</name>
        </policyArea>
        <legislativeSubjects>
          <item>
            <name>Asia</name>
          </item>
          <item>
            <name>China</name>
          </item>
          <item>
            <name>Congressional oversight</name>
          </item>
          <item>
            <name>Diplomacy, foreign officials, Americans abroad</name>
          </item>
          <item>
            <name>Government studies and investigations</name>
          </item>
          <item>
            <name>Intelligence activities, surveillance, classified information</name>
          </item>
          <item>
            <name>International organizations and cooperation</name>
          </item>
          <item>
            <name>Japan</name>
          </item>
          <item>
            <name>North Korea</name>
          </item>
          <item>
            <name>South Korea</name>
          </item>
        </legislativeSubjects>
      </billSubjects>
    </subjects>
    <recordedVotes />
    <createDate>2017-03-24T05:20:59Z</createDate>
    <laws />
    <amendments />
    <billNumber>92</billNumber>
    <committees>
      <billCommittees>
        <item>
          <name>Foreign Relations Committee</name>
          <subcommittees />
          <activities>
            <item>
              <name>Reported by</name>
              <date>2018-02-12T21:37:33Z</date>
            </item>
            <item>
              <name>Markup by</name>
              <date>2018-02-07T21:30:36Z</date>
            </item>
            <item>
              <name>Referred to</name>
              <date>2017-03-23T15:07:33Z</date>
            </item>
          </activities>
          <type>Standing</type>
          <chamber>Senate</chamber>
          <systemCode>ssfr00</systemCode>
        </item>
      </billCommittees>
    </committees>
    <titles>
      <item>
        <chamberName />
        <title>A resolution expressing concern over the disappearance of David Sneddon, and for other purposes.</title>
        <parentTitleType />
        <titleType>Official Title as Introduced</titleType>
        <chamberCode />
      </item>
      <item>
        <chamberName />
        <title>A resolution expressing concern over the disappearance of David Sneddon, and for other purposes.</title>
        <parentTitleType />
        <titleType>Display Title</titleType>
        <chamberCode />
      </item>
    </titles>
    <introducedDate>2017-03-23</introducedDate>
    <calendarNumbers>
      <item>
        <number>0309</number>
        <calendar>Senate Calendar of Business</calendar>
      </item>
    </calendarNumbers>
    <congress>115</congress>
    <policyArea>
      <name>International Affairs</name>
    </policyArea>
    <notes />
  </bill>
  <dublinCore xmlns:dc="http://purl.org/dc/elements/1.1/">
    <dc:format>text/xml</dc:format>
    <dc:language>EN</dc:language>
    <dc:rights>Pursuant to Title 17 Section 105 of the United States Code, this file is not subject to copyright protection and is in the public domain.</dc:rights>
    <dc:contributor>Congressional Research Service, Library of Congress</dc:contributor>
    <dc:description>This file contains bill summaries and statuses for federal legislation. A bill summary describes the most significant provisions of a piece of legislation and details the effects the legislative text may have on current law and federal programs. Bill summaries are authored by the Congressional Research Service (CRS) of the Library of Congress. As stated in Public Law 91-510 (2 USC 166 (d)(6)), one of the duties of CRS is "to prepare summaries and digests of bills and resolutions of a public general nature introduced in the Senate or House of Representatives". For more information, refer to the User Guide that accompanies this file.</dc:description>
  </dublinCore>
</billStatus>

