<?xml version="1.0" encoding="UTF-8"?>
<billStatus>
  <bill>
    <policyArea>
      <name>Armed Forces and National Security</name>
    </policyArea>
    <committeeReports />
    <congress>115</congress>
    <sponsors>
      <item>
        <identifiers>
          <lisID>1633</lisID>
          <gpoId>7803</gpoId>
          <bioguideId>F000444</bioguideId>
        </identifiers>
        <middleName />
        <byRequestType />
        <fullName>Sen. Flake, Jeff [R-AZ]</fullName>
        <bioguideId>F000444</bioguideId>
        <state>AZ</state>
        <party>R</party>
        <firstName>JEFF</firstName>
        <lastName>FLAKE</lastName>
      </item>
    </sponsors>
    <calendarNumbers />
    <amendments />
    <relatedBills />
    <notes />
    <originChamber>Senate</originChamber>
    <version>1.0.0</version>
    <billNumber>243</billNumber>
    <title>A resolution expressing the sense of the Senate that Joseph Leon George should be honored for heroism at Pearl Harbor, Hawaii, on December 7, 1941.</title>
    <cosponsors>
      <item>
        <state>CO</state>
        <identifiers>
          <lisID>1998</lisID>
          <gpoId>7862</gpoId>
          <bioguideId>G000562</bioguideId>
        </identifiers>
        <bioguideId>G000562</bioguideId>
        <sponsorshipDate>2017-08-02</sponsorshipDate>
        <lastName>Gardner</lastName>
        <fullName>Sen. Gardner, Cory [R-CO]</fullName>
        <firstName>Cory</firstName>
        <party>R</party>
        <middleName />
        <isOriginalCosponsor>True</isOriginalCosponsor>
        <sponsorshipWithdrawnDate />
      </item>
      <item>
        <state>UT</state>
        <identifiers>
          <lisID>2080</lisID>
          <bioguideId>L000577</bioguideId>
          <gpoId>8303</gpoId>
        </identifiers>
        <bioguideId>L000577</bioguideId>
        <sponsorshipDate>2017-08-02</sponsorshipDate>
        <lastName>Lee</lastName>
        <fullName>Sen. Lee, Mike [R-UT]</fullName>
        <firstName>Mike</firstName>
        <party>R</party>
        <middleName />
        <isOriginalCosponsor>True</isOriginalCosponsor>
        <sponsorshipWithdrawnDate />
      </item>
      <item>
        <state>AR</state>
        <identifiers>
          <bioguideId>C001095</bioguideId>
          <lisID>2098</lisID>
          <gpoId />
        </identifiers>
        <bioguideId>C001095</bioguideId>
        <sponsorshipDate>2017-08-02</sponsorshipDate>
        <lastName>Cotton</lastName>
        <fullName>Sen. Cotton, Tom [R-AR]</fullName>
        <firstName>Tom</firstName>
        <party>R</party>
        <middleName />
        <isOriginalCosponsor>True</isOriginalCosponsor>
        <sponsorshipWithdrawnDate />
      </item>
      <item>
        <state>MO</state>
        <identifiers>
          <lisID>1820</lisID>
          <bioguideId>M001170</bioguideId>
          <gpoId>8252</gpoId>
        </identifiers>
        <bioguideId>M001170</bioguideId>
        <sponsorshipDate>2017-08-02</sponsorshipDate>
        <lastName>McCaskill</lastName>
        <fullName>Sen. McCaskill, Claire [D-MO]</fullName>
        <firstName>Claire</firstName>
        <party>D</party>
        <middleName />
        <isOriginalCosponsor>True</isOriginalCosponsor>
        <sponsorshipWithdrawnDate />
      </item>
      <item>
        <state>CO</state>
        <identifiers>
          <lisID>1965</lisID>
          <bioguideId>B001267</bioguideId>
          <gpoId>8302</gpoId>
        </identifiers>
        <bioguideId>B001267</bioguideId>
        <sponsorshipDate>2017-08-02</sponsorshipDate>
        <lastName>Bennet</lastName>
        <fullName>Sen. Bennet, Michael F. [D-CO]</fullName>
        <firstName>Michael</firstName>
        <party>D</party>
        <middleName>F.</middleName>
        <isOriginalCosponsor>True</isOriginalCosponsor>
        <sponsorshipWithdrawnDate />
      </item>
    </cosponsors>
    <subjects>
      <billSubjects>
        <policyArea>
          <name>Armed Forces and National Security</name>
        </policyArea>
        <legislativeSubjects>
          <item>
            <name>Conflicts and wars</name>
          </item>
          <item>
            <name>Congressional tributes</name>
          </item>
          <item>
            <name>Hawaii</name>
          </item>
          <item>
            <name>Military history</name>
          </item>
          <item>
            <name>Military personnel and dependents</name>
          </item>
          <item>
            <name>Veterans' organizations and recognition</name>
          </item>
        </legislativeSubjects>
      </billSubjects>
    </subjects>
    <laws />
    <actions>
      <actionByCounts>
        <senate>6</senate>
      </actionByCounts>
      <actionTypeCounts>
        <passedAgreedToInSenate>1</passedAgreedToInSenate>
        <committeeDischarged>1</committeeDischarged>
        <referredToCommittee>1</referredToCommittee>
        <senateCommitteeDischarged>1</senateCommitteeDischarged>
        <agreedToInSenate>1</agreedToInSenate>
        <introducedInSenate>1</introducedInSenate>
      </actionTypeCounts>
      <item>
        <actionDate>2017-09-07</actionDate>
        <committee />
        <links />
        <sourceSystem>
          <name>Senate</name>
          <code>0</code>
        </sourceSystem>
        <text>Resolution agreed to in Senate without amendment and with a preamble by Unanimous Consent.</text>
        <type>Floor</type>
      </item>
      <item>
        <actionDate>2017-09-07</actionDate>
        <text>Passed/agreed to in Senate: Resolution agreed to in Senate without amendment and with a preamble by Unanimous Consent.</text>
        <sourceSystem>
          <name>Library of Congress</name>
          <code>9</code>
        </sourceSystem>
        <committee />
        <links />
        <actionCode>17000</actionCode>
        <type>Floor</type>
      </item>
      <item>
        <actionDate>2017-09-07</actionDate>
        <committee>
          <systemCode>ssas00</systemCode>
          <name>Armed Services Committee</name>
        </committee>
        <links>
          <link>
            <name>S5024</name>
            <url>https://www.congress.gov/congressional-record/volume-163/senate-section/page/S5024</url>
          </link>
        </links>
        <sourceSystem>
          <name>Senate</name>
          <code>0</code>
        </sourceSystem>
        <text>Senate Committee on Armed Services discharged by Unanimous Consent. (consideration: CR S5024)</text>
        <type>Discharge</type>
      </item>
      <item>
        <actionDate>2017-09-07</actionDate>
        <text>Senate Committee on Armed Services discharged by Unanimous Consent.</text>
        <sourceSystem>
          <name>Library of Congress</name>
          <code>9</code>
        </sourceSystem>
        <committee>
          <systemCode>ssas00</systemCode>
          <name>Armed Services Committee</name>
        </committee>
        <links />
        <actionCode>14500</actionCode>
        <type>Committee</type>
      </item>
      <item>
        <actionDate>2017-08-02</actionDate>
        <committee>
          <systemCode>ssas00</systemCode>
          <name>Armed Services Committee</name>
        </committee>
        <links>
          <link>
            <name>S4775-4776</name>
            <url>https://www.congress.gov/congressional-record/volume-163/senate-section/page/S4775-4776</url>
          </link>
        </links>
        <sourceSystem>
          <name>Senate</name>
          <code>0</code>
        </sourceSystem>
        <text>Referred to the Committee on Armed Services. (Sponsor introductory remarks on measure: CR S4775-4776; text of measure as introduced: CR S4775-4776)</text>
        <type>IntroReferral</type>
      </item>
      <item>
        <actionDate>2017-08-02</actionDate>
        <text>Introduced in Senate</text>
        <sourceSystem>
          <name>Library of Congress</name>
          <code>9</code>
        </sourceSystem>
        <committee />
        <links />
        <actionCode>10000</actionCode>
        <type>IntroReferral</type>
      </item>
    </actions>
    <titles>
      <item>
        <parentTitleType />
        <chamberCode />
        <chamberName />
        <titleType>Official Title as Introduced</titleType>
        <title>A resolution expressing the sense of the Senate that Joseph Leon George should be honored for heroism at Pearl Harbor, Hawaii, on December 7, 1941.</title>
      </item>
      <item>
        <parentTitleType />
        <chamberCode />
        <chamberName />
        <titleType>Display Title</titleType>
        <title>A resolution expressing the sense of the Senate that Joseph Leon George should be honored for heroism at Pearl Harbor, Hawaii, on December 7, 1941.</title>
      </item>
    </titles>
    <summaries>
      <billSummaries>
        <item>
          <updateDate>2017-08-02T04:00:00Z</updateDate>
          <actionDesc>Introduced in Senate</actionDesc>
          <versionCode>00</versionCode>
          <name>Introduced in Senate</name>
          <text><![CDATA[<p> Honors the heroism of Boatswain's Mate Second Class Joseph Leon George in saving the lives of six sailors on December 7, 1941.</p> <p>Urges the U.S. Navy to consider revisiting decorating and honoring the heroism of Joseph Leon George in saving the lives of six sailors on December 7, 1941.</p>]]></text>
          <lastSummaryUpdateDate>2017-08-29T15:59:26Z</lastSummaryUpdateDate>
          <actionDate>2017-08-02</actionDate>
        </item>
        <item>
          <updateDate>2017-09-07T14:31:25Z</updateDate>
          <actionDesc>Passed Senate without amendment</actionDesc>
          <versionCode>82</versionCode>
          <name>Passed Senate without amendment</name>
          <text><![CDATA[<p>(This measure has not been amended since it was introduced. The summary of that version is repeated here.)</p> <p>Honors the heroism of Boatswain's Mate Second Class Joseph Leon George in saving the lives of six sailors on December 7, 1941.</p> <p>Urges the U.S. Navy to consider revisiting decorating and honoring the heroism of Joseph Leon George in saving the lives of six sailors on December 7, 1941.</p>]]></text>
          <lastSummaryUpdateDate>2017-10-02T16:21:25Z</lastSummaryUpdateDate>
          <actionDate>2017-09-07</actionDate>
        </item>
      </billSummaries>
    </summaries>
    <committees>
      <billCommittees>
        <item>
          <type>Standing</type>
          <systemCode>ssas00</systemCode>
          <subcommittees />
          <activities>
            <item>
              <date>2017-09-07T14:23:31Z</date>
              <name>Discharged from</name>
            </item>
            <item>
              <date>2017-08-02T21:23:47Z</date>
              <name>Referred to</name>
            </item>
          </activities>
          <chamber>Senate</chamber>
          <name>Armed Services Committee</name>
        </item>
      </billCommittees>
    </committees>
    <introducedDate>2017-08-02</introducedDate>
    <updateDate>2018-02-06T16:44:13Z</updateDate>
    <cboCostEstimates />
    <recordedVotes />
    <billType>SRES</billType>
    <createDate>2017-08-03T00:41:41Z</createDate>
    <latestAction>
      <text>Resolution agreed to in Senate without amendment and with a preamble by Unanimous Consent.</text>
      <links />
      <actionDate>2017-09-07</actionDate>
    </latestAction>
  </bill>
  <dublinCore xmlns:dc="http://purl.org/dc/elements/1.1/">
    <dc:format>text/xml</dc:format>
    <dc:language>EN</dc:language>
    <dc:rights>Pursuant to Title 17 Section 105 of the United States Code, this file is not subject to copyright protection and is in the public domain.</dc:rights>
    <dc:contributor>Congressional Research Service, Library of Congress</dc:contributor>
    <dc:description>This file contains bill summaries and statuses for federal legislation. A bill summary describes the most significant provisions of a piece of legislation and details the effects the legislative text may have on current law and federal programs. Bill summaries are authored by the Congressional Research Service (CRS) of the Library of Congress. As stated in Public Law 91-510 (2 USC 166 (d)(6)), one of the duties of CRS is "to prepare summaries and digests of bills and resolutions of a public general nature introduced in the Senate or House of Representatives". For more information, refer to the User Guide that accompanies this file.</dc:description>
  </dublinCore>
</billStatus>

