<?xml version="1.0" encoding="UTF-8"?>
<billStatus>
  <bill>
    <committeeReports />
    <summaries>
      <billSummaries>
        <item>
          <actionDate>2018-02-27</actionDate>
          <actionDesc>Introduced in Senate</actionDesc>
          <lastSummaryUpdateDate>2018-03-01T20:57:51Z</lastSummaryUpdateDate>
          <name>Introduced in Senate</name>
          <versionCode>00</versionCode>
          <text><![CDATA[<p>Designates February 2018 as Career and Technical Education Month to celebrate career and technical education across the United States.</p>]]></text>
          <updateDate>2018-02-27T05:00:00Z</updateDate>
        </item>
        <item>
          <actionDate>2018-02-27</actionDate>
          <actionDesc>Passed Senate without amendment</actionDesc>
          <lastSummaryUpdateDate>2018-03-01T20:59:06Z</lastSummaryUpdateDate>
          <name>Passed Senate without amendment</name>
          <versionCode>82</versionCode>
          <text><![CDATA[<p>(This measure has not been amended since it was introduced. The summary of that version is repeated here.)</p> <p>Designates February 2018 as Career and Technical Education Month to celebrate career and technical education across the United States.</p>]]></text>
          <updateDate>2018-02-27T14:15:04Z</updateDate>
        </item>
      </billSummaries>
    </summaries>
    <relatedBills />
    <createDate>2018-02-28T05:26:07Z</createDate>
    <cosponsors>
      <item>
        <firstName>ROB</firstName>
        <middleName />
        <lastName>PORTMAN</lastName>
        <bioguideId>P000449</bioguideId>
        <fullName>Sen. Portman, Rob [R-OH]</fullName>
        <state>OH</state>
        <sponsorshipDate>2018-02-27</sponsorshipDate>
        <sponsorshipWithdrawnDate />
        <party>R</party>
        <identifiers>
          <bioguideId>P000449</bioguideId>
          <lisID>924</lisID>
          <gpoId>8266</gpoId>
        </identifiers>
        <isOriginalCosponsor>True</isOriginalCosponsor>
      </item>
      <item>
        <firstName>TAMMY</firstName>
        <middleName />
        <lastName>BALDWIN</lastName>
        <bioguideId>B001230</bioguideId>
        <fullName>Sen. Baldwin, Tammy [D-WI]</fullName>
        <state>WI</state>
        <sponsorshipDate>2018-02-27</sponsorshipDate>
        <sponsorshipWithdrawnDate />
        <party>D</party>
        <identifiers>
          <bioguideId>B001230</bioguideId>
          <gpoId>8215</gpoId>
          <lisID>1558</lisID>
        </identifiers>
        <isOriginalCosponsor>True</isOriginalCosponsor>
      </item>
      <item>
        <firstName>Todd</firstName>
        <middleName>C.</middleName>
        <lastName>Young</lastName>
        <bioguideId>Y000064</bioguideId>
        <fullName>Sen. Young, Todd C. [R-IN]</fullName>
        <state>IN</state>
        <sponsorshipDate>2018-02-27</sponsorshipDate>
        <sponsorshipWithdrawnDate />
        <party>R</party>
        <identifiers>
          <bioguideId>Y000064</bioguideId>
          <lisID>2019</lisID>
          <gpoId>7948</gpoId>
        </identifiers>
        <isOriginalCosponsor>True</isOriginalCosponsor>
      </item>
      <item>
        <firstName>John</firstName>
        <middleName />
        <lastName>Barrasso</lastName>
        <bioguideId>B001261</bioguideId>
        <fullName>Sen. Barrasso, John [R-WY]</fullName>
        <state>WY</state>
        <sponsorshipDate>2018-02-27</sponsorshipDate>
        <sponsorshipWithdrawnDate />
        <party>R</party>
        <identifiers>
          <lisID>1881</lisID>
          <gpoId>8300</gpoId>
          <bioguideId>B001261</bioguideId>
        </identifiers>
        <isOriginalCosponsor>True</isOriginalCosponsor>
      </item>
      <item>
        <firstName>Michael</firstName>
        <middleName>F.</middleName>
        <lastName>Bennet</lastName>
        <bioguideId>B001267</bioguideId>
        <fullName>Sen. Bennet, Michael F. [D-CO]</fullName>
        <state>CO</state>
        <sponsorshipDate>2018-02-27</sponsorshipDate>
        <sponsorshipWithdrawnDate />
        <party>D</party>
        <identifiers>
          <bioguideId>B001267</bioguideId>
          <lisID>1965</lisID>
          <gpoId>8302</gpoId>
        </identifiers>
        <isOriginalCosponsor>True</isOriginalCosponsor>
      </item>
      <item>
        <firstName>Richard</firstName>
        <middleName />
        <lastName>Blumenthal</lastName>
        <bioguideId>B001277</bioguideId>
        <fullName>Sen. Blumenthal, Richard [D-CT]</fullName>
        <state>CT</state>
        <sponsorshipDate>2018-02-27</sponsorshipDate>
        <sponsorshipWithdrawnDate />
        <party>D</party>
        <identifiers>
          <gpoId>8332</gpoId>
          <bioguideId>B001277</bioguideId>
          <lisID>2076</lisID>
        </identifiers>
        <isOriginalCosponsor>True</isOriginalCosponsor>
      </item>
      <item>
        <firstName>John</firstName>
        <middleName />
        <lastName>Boozman</lastName>
        <bioguideId>B001236</bioguideId>
        <fullName>Sen. Boozman, John [R-AR]</fullName>
        <state>AR</state>
        <sponsorshipDate>2018-02-27</sponsorshipDate>
        <sponsorshipWithdrawnDate />
        <party>R</party>
        <identifiers>
          <lisID>1687</lisID>
          <bioguideId>B001236</bioguideId>
          <gpoId>8247</gpoId>
        </identifiers>
        <isOriginalCosponsor>True</isOriginalCosponsor>
      </item>
      <item>
        <firstName>SHERROD</firstName>
        <middleName />
        <lastName>BROWN</lastName>
        <bioguideId>B000944</bioguideId>
        <fullName>Sen. Brown, Sherrod [D-OH]</fullName>
        <state>OH</state>
        <sponsorshipDate>2018-02-27</sponsorshipDate>
        <sponsorshipWithdrawnDate />
        <party>D</party>
        <identifiers>
          <gpoId>8309</gpoId>
          <lisID>136</lisID>
          <bioguideId>B000944</bioguideId>
        </identifiers>
        <isOriginalCosponsor>True</isOriginalCosponsor>
      </item>
      <item>
        <firstName>MARIA</firstName>
        <middleName />
        <lastName>CANTWELL</lastName>
        <bioguideId>C000127</bioguideId>
        <fullName>Sen. Cantwell, Maria [D-WA]</fullName>
        <state>WA</state>
        <sponsorshipDate>2018-02-27</sponsorshipDate>
        <sponsorshipWithdrawnDate />
        <party>D</party>
        <identifiers>
          <bioguideId>C000127</bioguideId>
          <lisID>172</lisID>
          <gpoId>8288</gpoId>
        </identifiers>
        <isOriginalCosponsor>True</isOriginalCosponsor>
      </item>
      <item>
        <firstName>SHELLEY</firstName>
        <middleName>MOORE</middleName>
        <lastName>CAPITO</lastName>
        <bioguideId>C001047</bioguideId>
        <fullName>Sen. Capito, Shelley Moore [R-WV]</fullName>
        <state>WV</state>
        <sponsorshipDate>2018-02-27</sponsorshipDate>
        <sponsorshipWithdrawnDate />
        <party>R</party>
        <identifiers>
          <bioguideId>C001047</bioguideId>
          <lisID>1676</lisID>
          <gpoId>8223</gpoId>
        </identifiers>
        <isOriginalCosponsor>True</isOriginalCosponsor>
      </item>
      <item>
        <firstName>Bob</firstName>
        <middleName />
        <lastName>Casey</lastName>
        <bioguideId>C001070</bioguideId>
        <fullName>Sen. Casey, Robert P., Jr. [D-PA]</fullName>
        <state>PA</state>
        <sponsorshipDate>2018-02-27</sponsorshipDate>
        <sponsorshipWithdrawnDate />
        <party>D</party>
        <identifiers>
          <lisID>1828</lisID>
          <gpoId>8282</gpoId>
          <bioguideId>C001070</bioguideId>
        </identifiers>
        <isOriginalCosponsor>True</isOriginalCosponsor>
      </item>
      <item>
        <firstName>Christopher</firstName>
        <middleName>A.</middleName>
        <lastName>Coons</lastName>
        <bioguideId>C001088</bioguideId>
        <fullName>Sen. Coons, Christopher A. [D-DE]</fullName>
        <state>DE</state>
        <sponsorshipDate>2018-02-27</sponsorshipDate>
        <sponsorshipWithdrawnDate />
        <party>D</party>
        <identifiers>
          <lisID>1984</lisID>
          <bioguideId>C001088</bioguideId>
          <gpoId>8297</gpoId>
        </identifiers>
        <isOriginalCosponsor>True</isOriginalCosponsor>
      </item>
      <item>
        <firstName>Catherine</firstName>
        <middleName />
        <lastName>Cortez Masto</lastName>
        <bioguideId>C001113</bioguideId>
        <fullName>Sen. Cortez Masto, Catherine  [D-NV]</fullName>
        <state>NV</state>
        <sponsorshipDate>2018-02-27</sponsorshipDate>
        <sponsorshipWithdrawnDate />
        <party>D</party>
        <identifiers>
          <bioguideId>C001113</bioguideId>
          <lisID>2299</lisID>
          <gpoId />
        </identifiers>
        <isOriginalCosponsor>True</isOriginalCosponsor>
      </item>
      <item>
        <firstName>Steve</firstName>
        <middleName />
        <lastName>Daines</lastName>
        <bioguideId>D000618</bioguideId>
        <fullName>Sen. Daines, Steve [R-MT]</fullName>
        <state>MT</state>
        <sponsorshipDate>2018-02-27</sponsorshipDate>
        <sponsorshipWithdrawnDate />
        <party>R</party>
        <identifiers>
          <gpoId />
          <lisID>2138</lisID>
          <bioguideId>D000618</bioguideId>
        </identifiers>
        <isOriginalCosponsor>True</isOriginalCosponsor>
      </item>
      <item>
        <firstName>Joe</firstName>
        <middleName />
        <lastName>Donnelly</lastName>
        <bioguideId>D000607</bioguideId>
        <fullName>Sen. Donnelly, Joe [D-IN]</fullName>
        <state>IN</state>
        <sponsorshipDate>2018-02-27</sponsorshipDate>
        <sponsorshipWithdrawnDate />
        <party>D</party>
        <identifiers>
          <bioguideId>D000607</bioguideId>
          <lisID>1850</lisID>
          <gpoId>7941</gpoId>
        </identifiers>
        <isOriginalCosponsor>True</isOriginalCosponsor>
      </item>
      <item>
        <firstName>Tammy</firstName>
        <middleName />
        <lastName>Duckworth</lastName>
        <bioguideId>D000622</bioguideId>
        <fullName>Sen. Duckworth, Tammy [D-IL]</fullName>
        <state>IL</state>
        <sponsorshipDate>2018-02-27</sponsorshipDate>
        <sponsorshipWithdrawnDate />
        <party>D</party>
        <identifiers>
          <lisID>2123</lisID>
          <gpoId />
          <bioguideId>D000622</bioguideId>
        </identifiers>
        <isOriginalCosponsor>True</isOriginalCosponsor>
      </item>
      <item>
        <firstName>RICHARD</firstName>
        <middleName>J.</middleName>
        <lastName>DURBIN</lastName>
        <bioguideId>D000563</bioguideId>
        <fullName>Sen. Durbin, Richard J. [D-IL]</fullName>
        <state>IL</state>
        <sponsorshipDate>2018-02-27</sponsorshipDate>
        <sponsorshipWithdrawnDate />
        <party>D</party>
        <identifiers>
          <lisID>326</lisID>
          <gpoId>8326</gpoId>
          <bioguideId>D000563</bioguideId>
        </identifiers>
        <isOriginalCosponsor>True</isOriginalCosponsor>
      </item>
      <item>
        <firstName>MICHAEL</firstName>
        <middleName>B.</middleName>
        <lastName>ENZI</lastName>
        <bioguideId>E000285</bioguideId>
        <fullName>Sen. Enzi, Michael B. [R-WY]</fullName>
        <state>WY</state>
        <sponsorshipDate>2018-02-27</sponsorshipDate>
        <sponsorshipWithdrawnDate />
        <party>R</party>
        <identifiers>
          <bioguideId>E000285</bioguideId>
          <gpoId>8328</gpoId>
          <lisID>1542</lisID>
        </identifiers>
        <isOriginalCosponsor>True</isOriginalCosponsor>
      </item>
      <item>
        <firstName>DIANNE</firstName>
        <middleName />
        <lastName>FEINSTEIN</lastName>
        <bioguideId>F000062</bioguideId>
        <fullName>Sen. Feinstein, Dianne [D-CA]</fullName>
        <state>CA</state>
        <sponsorshipDate>2018-02-27</sponsorshipDate>
        <sponsorshipWithdrawnDate />
        <party>D</party>
        <identifiers>
          <lisID>1332</lisID>
          <bioguideId>F000062</bioguideId>
          <gpoId>8338</gpoId>
        </identifiers>
        <isOriginalCosponsor>True</isOriginalCosponsor>
      </item>
      <item>
        <firstName>Kamala</firstName>
        <middleName>D.</middleName>
        <lastName>Harris</lastName>
        <bioguideId>H001075</bioguideId>
        <fullName>Sen. Harris, Kamala D. [D-CA]</fullName>
        <state>CA</state>
        <sponsorshipDate>2018-02-27</sponsorshipDate>
        <sponsorshipWithdrawnDate />
        <party>D</party>
        <identifiers>
          <bioguideId>H001075</bioguideId>
          <lisID>2301</lisID>
          <gpoId />
        </identifiers>
        <isOriginalCosponsor>True</isOriginalCosponsor>
      </item>
      <item>
        <firstName>Margaret</firstName>
        <middleName>Wood</middleName>
        <lastName>Hassan</lastName>
        <bioguideId>H001076</bioguideId>
        <fullName>Sen. Hassan, Margaret Wood [D-NH]</fullName>
        <state>NH</state>
        <sponsorshipDate>2018-02-27</sponsorshipDate>
        <sponsorshipWithdrawnDate />
        <party>D</party>
        <identifiers>
          <lisID>2302</lisID>
          <bioguideId>H001076</bioguideId>
          <gpoId />
        </identifiers>
        <isOriginalCosponsor>True</isOriginalCosponsor>
      </item>
      <item>
        <firstName>ORRIN</firstName>
        <middleName>GRANT</middleName>
        <lastName>HATCH</lastName>
        <bioguideId>H000338</bioguideId>
        <fullName>Sen. Hatch, Orrin G. [R-UT]</fullName>
        <state>UT</state>
        <sponsorshipDate>2018-02-27</sponsorshipDate>
        <sponsorshipWithdrawnDate />
        <party>R</party>
        <identifiers>
          <bioguideId>H000338</bioguideId>
          <lisID>1351</lisID>
          <gpoId>8314</gpoId>
        </identifiers>
        <isOriginalCosponsor>True</isOriginalCosponsor>
      </item>
      <item>
        <firstName>Martin</firstName>
        <middleName />
        <lastName>Heinrich</lastName>
        <bioguideId>H001046</bioguideId>
        <fullName>Sen. Heinrich, Martin [D-NM]</fullName>
        <state>NM</state>
        <sponsorshipDate>2018-02-27</sponsorshipDate>
        <sponsorshipWithdrawnDate />
        <party>D</party>
        <identifiers>
          <bioguideId>H001046</bioguideId>
          <gpoId>8056</gpoId>
          <lisID>1937</lisID>
        </identifiers>
        <isOriginalCosponsor>True</isOriginalCosponsor>
      </item>
      <item>
        <firstName>Heidi</firstName>
        <middleName />
        <lastName>Heitkamp</lastName>
        <bioguideId>H001069</bioguideId>
        <fullName>Sen. Heitkamp, Heidi [D-ND]</fullName>
        <state>ND</state>
        <sponsorshipDate>2018-02-27</sponsorshipDate>
        <sponsorshipWithdrawnDate />
        <party>D</party>
        <identifiers>
          <bioguideId>H001069</bioguideId>
          <lisID>2174</lisID>
          <gpoId />
        </identifiers>
        <isOriginalCosponsor>True</isOriginalCosponsor>
      </item>
      <item>
        <firstName>Mazie</firstName>
        <middleName>K.</middleName>
        <lastName>Hirono</lastName>
        <bioguideId>H001042</bioguideId>
        <fullName>Sen. Hirono, Mazie K. [D-HI]</fullName>
        <state>HI</state>
        <sponsorshipDate>2018-02-27</sponsorshipDate>
        <sponsorshipWithdrawnDate />
        <party>D</party>
        <identifiers>
          <lisID>1844</lisID>
          <gpoId>7913</gpoId>
          <bioguideId>H001042</bioguideId>
        </identifiers>
        <isOriginalCosponsor>True</isOriginalCosponsor>
      </item>
      <item>
        <firstName>John</firstName>
        <middleName />
        <lastName>Hoeven</lastName>
        <bioguideId>H001061</bioguideId>
        <fullName>Sen. Hoeven, John [R-ND]</fullName>
        <state>ND</state>
        <sponsorshipDate>2018-02-27</sponsorshipDate>
        <sponsorshipWithdrawnDate />
        <party>R</party>
        <identifiers>
          <gpoId>8331</gpoId>
          <bioguideId>H001061</bioguideId>
          <lisID>2079</lisID>
        </identifiers>
        <isOriginalCosponsor>True</isOriginalCosponsor>
      </item>
      <item>
        <firstName>JIM</firstName>
        <middleName />
        <lastName>INHOFE</lastName>
        <bioguideId>I000024</bioguideId>
        <fullName>Sen. Inhofe, James M. [R-OK]</fullName>
        <state>OK</state>
        <sponsorshipDate>2018-02-27</sponsorshipDate>
        <sponsorshipWithdrawnDate />
        <party>R</party>
        <identifiers>
          <gpoId>8322</gpoId>
          <lisID>583</lisID>
          <bioguideId>I000024</bioguideId>
        </identifiers>
        <isOriginalCosponsor>True</isOriginalCosponsor>
      </item>
      <item>
        <firstName>Johnny</firstName>
        <middleName />
        <lastName>Isakson</lastName>
        <bioguideId>I000055</bioguideId>
        <fullName>Sen. Isakson, Johnny [R-GA]</fullName>
        <state>GA</state>
        <sponsorshipDate>2018-02-27</sponsorshipDate>
        <sponsorshipWithdrawnDate />
        <party>R</party>
        <identifiers>
          <bioguideId>I000055</bioguideId>
          <lisID>1608</lisID>
          <gpoId>8323</gpoId>
        </identifiers>
        <isOriginalCosponsor>True</isOriginalCosponsor>
      </item>
      <item>
        <firstName>Angus</firstName>
        <middleName />
        <lastName>King</lastName>
        <bioguideId>K000383</bioguideId>
        <fullName>Sen. King, Angus S., Jr. [I-ME]</fullName>
        <state>ME</state>
        <sponsorshipDate>2018-02-27</sponsorshipDate>
        <sponsorshipWithdrawnDate />
        <party>I</party>
        <identifiers>
          <bioguideId>K000383</bioguideId>
          <lisID>2185</lisID>
          <gpoId />
        </identifiers>
        <isOriginalCosponsor>True</isOriginalCosponsor>
      </item>
      <item>
        <firstName>Amy</firstName>
        <middleName />
        <lastName>Klobuchar</lastName>
        <bioguideId>K000367</bioguideId>
        <fullName>Sen. Klobuchar, Amy [D-MN]</fullName>
        <state>MN</state>
        <sponsorshipDate>2018-02-27</sponsorshipDate>
        <sponsorshipWithdrawnDate />
        <party>D</party>
        <identifiers>
          <gpoId>8249</gpoId>
          <bioguideId>K000367</bioguideId>
          <lisID>1826</lisID>
        </identifiers>
        <isOriginalCosponsor>True</isOriginalCosponsor>
      </item>
      <item>
        <firstName>Joe</firstName>
        <middleName />
        <lastName>Manchin</lastName>
        <bioguideId>M001183</bioguideId>
        <fullName>Sen. Manchin, Joe, III [D-WV]</fullName>
        <state>WV</state>
        <sponsorshipDate>2018-02-27</sponsorshipDate>
        <sponsorshipWithdrawnDate />
        <party>D</party>
        <identifiers>
          <bioguideId>M001183</bioguideId>
          <lisID>1983</lisID>
          <gpoId>8256</gpoId>
        </identifiers>
        <isOriginalCosponsor>True</isOriginalCosponsor>
      </item>
      <item>
        <firstName>EDWARD</firstName>
        <middleName>J.</middleName>
        <lastName>MARKEY</lastName>
        <bioguideId>M000133</bioguideId>
        <fullName>Sen. Markey, Edward J. [D-MA]</fullName>
        <state>MA</state>
        <sponsorshipDate>2018-02-27</sponsorshipDate>
        <sponsorshipWithdrawnDate />
        <party>D</party>
        <identifiers>
          <gpoId>7972</gpoId>
          <lisID>735</lisID>
          <bioguideId>M000133</bioguideId>
        </identifiers>
        <isOriginalCosponsor>True</isOriginalCosponsor>
      </item>
      <item>
        <firstName>PATTY</firstName>
        <middleName />
        <lastName>MURRAY</lastName>
        <bioguideId>M001111</bioguideId>
        <fullName>Sen. Murray, Patty [D-WA]</fullName>
        <state>WA</state>
        <sponsorshipDate>2018-02-27</sponsorshipDate>
        <sponsorshipWithdrawnDate />
        <party>D</party>
        <identifiers>
          <lisID>1409</lisID>
          <gpoId>8237</gpoId>
          <bioguideId>M001111</bioguideId>
        </identifiers>
        <isOriginalCosponsor>True</isOriginalCosponsor>
      </item>
      <item>
        <firstName>David</firstName>
        <middleName>Alfred</middleName>
        <lastName>Perdue</lastName>
        <bioguideId>P000612</bioguideId>
        <fullName>Sen. Perdue, David [R-GA]</fullName>
        <state>GA</state>
        <sponsorshipDate>2018-02-27</sponsorshipDate>
        <sponsorshipWithdrawnDate />
        <party>R</party>
        <identifiers>
          <gpoId />
          <bioguideId>P000612</bioguideId>
          <lisID>2286</lisID>
        </identifiers>
        <isOriginalCosponsor>True</isOriginalCosponsor>
      </item>
      <item>
        <firstName>Gary</firstName>
        <middleName>C.</middleName>
        <lastName>Peters</lastName>
        <bioguideId>P000595</bioguideId>
        <fullName>Sen. Peters, Gary C. [D-MI]</fullName>
        <state>MI</state>
        <sponsorshipDate>2018-02-27</sponsorshipDate>
        <sponsorshipWithdrawnDate />
        <party>D</party>
        <identifiers>
          <gpoId>7994</gpoId>
          <lisID>1929</lisID>
          <bioguideId>P000595</bioguideId>
        </identifiers>
        <isOriginalCosponsor>True</isOriginalCosponsor>
      </item>
      <item>
        <firstName>PAT</firstName>
        <middleName />
        <lastName>ROBERTS</lastName>
        <bioguideId>R000307</bioguideId>
        <fullName>Sen. Roberts, Pat [R-KS]</fullName>
        <state>KS</state>
        <sponsorshipDate>2018-02-27</sponsorshipDate>
        <sponsorshipWithdrawnDate />
        <party>R</party>
        <identifiers>
          <lisID>968</lisID>
          <gpoId>8275</gpoId>
          <bioguideId>R000307</bioguideId>
        </identifiers>
        <isOriginalCosponsor>True</isOriginalCosponsor>
      </item>
      <item>
        <firstName>Mike</firstName>
        <middleName />
        <lastName>Rounds</lastName>
        <bioguideId>R000605</bioguideId>
        <fullName>Sen. Rounds, Mike  [R-SD]</fullName>
        <state>SD</state>
        <sponsorshipDate>2018-02-27</sponsorshipDate>
        <sponsorshipWithdrawnDate />
        <party>R</party>
        <identifiers>
          <lisID>2288</lisID>
          <gpoId />
          <bioguideId>R000605</bioguideId>
        </identifiers>
        <isOriginalCosponsor>True</isOriginalCosponsor>
      </item>
      <item>
        <firstName>Jeanne</firstName>
        <middleName />
        <lastName>Shaheen</lastName>
        <bioguideId>S001181</bioguideId>
        <fullName>Sen. Shaheen, Jeanne [D-NH]</fullName>
        <state>NH</state>
        <sponsorshipDate>2018-02-27</sponsorshipDate>
        <sponsorshipWithdrawnDate />
        <party>D</party>
        <identifiers>
          <gpoId>8276</gpoId>
          <lisID>1901</lisID>
          <bioguideId>S001181</bioguideId>
        </identifiers>
        <isOriginalCosponsor>True</isOriginalCosponsor>
      </item>
      <item>
        <firstName>Tina</firstName>
        <middleName />
        <lastName>Smith</lastName>
        <bioguideId>S001203</bioguideId>
        <fullName>Sen. Smith, Tina  [D-MN]</fullName>
        <state>MN</state>
        <sponsorshipDate>2018-02-27</sponsorshipDate>
        <sponsorshipWithdrawnDate />
        <party>D</party>
        <identifiers>
          <bioguideId>S001203</bioguideId>
          <lisID>2365</lisID>
          <gpoId />
        </identifiers>
        <isOriginalCosponsor>True</isOriginalCosponsor>
      </item>
      <item>
        <firstName>DEBORAH</firstName>
        <middleName>ANN</middleName>
        <lastName>STABENOW</lastName>
        <bioguideId>S000770</bioguideId>
        <fullName>Sen. Stabenow, Debbie [D-MI]</fullName>
        <state>MI</state>
        <sponsorshipDate>2018-02-27</sponsorshipDate>
        <sponsorshipWithdrawnDate />
        <party>D</party>
        <identifiers>
          <bioguideId>S000770</bioguideId>
          <lisID>1531</lisID>
          <gpoId>8261</gpoId>
        </identifiers>
        <isOriginalCosponsor>True</isOriginalCosponsor>
      </item>
      <item>
        <firstName>JOHN</firstName>
        <middleName>R.</middleName>
        <lastName>THUNE</lastName>
        <bioguideId>T000250</bioguideId>
        <fullName>Sen. Thune, John [R-SD]</fullName>
        <state>SD</state>
        <sponsorshipDate>2018-02-27</sponsorshipDate>
        <sponsorshipWithdrawnDate />
        <party>R</party>
        <identifiers>
          <bioguideId>T000250</bioguideId>
          <lisID>1534</lisID>
          <gpoId>8257</gpoId>
        </identifiers>
        <isOriginalCosponsor>True</isOriginalCosponsor>
      </item>
      <item>
        <firstName>Thomas</firstName>
        <middleName>Roland</middleName>
        <lastName>Tillis</lastName>
        <bioguideId>T000476</bioguideId>
        <fullName>Sen. Tillis, Thom [R-NC]</fullName>
        <state>NC</state>
        <sponsorshipDate>2018-02-27</sponsorshipDate>
        <sponsorshipWithdrawnDate />
        <party>R</party>
        <identifiers>
          <bioguideId>T000476</bioguideId>
          <lisID>2291</lisID>
          <gpoId />
        </identifiers>
        <isOriginalCosponsor>True</isOriginalCosponsor>
      </item>
      <item>
        <firstName>Mark</firstName>
        <middleName>R.</middleName>
        <lastName>Warner</lastName>
        <bioguideId>W000805</bioguideId>
        <fullName>Sen. Warner, Mark R. [D-VA]</fullName>
        <state>VA</state>
        <sponsorshipDate>2018-02-27</sponsorshipDate>
        <sponsorshipWithdrawnDate />
        <party>D</party>
        <identifiers>
          <lisID>1897</lisID>
          <gpoId>8269</gpoId>
          <bioguideId>W000805</bioguideId>
        </identifiers>
        <isOriginalCosponsor>True</isOriginalCosponsor>
      </item>
      <item>
        <firstName>RON</firstName>
        <middleName />
        <lastName>WYDEN</lastName>
        <bioguideId>W000779</bioguideId>
        <fullName>Sen. Wyden, Ron [D-OR]</fullName>
        <state>OR</state>
        <sponsorshipDate>2018-02-27</sponsorshipDate>
        <sponsorshipWithdrawnDate />
        <party>D</party>
        <identifiers>
          <bioguideId>W000779</bioguideId>
          <lisID>1247</lisID>
          <gpoId>8265</gpoId>
        </identifiers>
        <isOriginalCosponsor>True</isOriginalCosponsor>
      </item>
    </cosponsors>
    <billNumber>416</billNumber>
    <version>1.0.0</version>
    <calendarNumbers />
    <amendments />
    <laws />
    <titles>
      <item>
        <titleType>Official Title as Introduced</titleType>
        <chamberName />
        <parentTitleType />
        <title>A resolution supporting the goals and ideals of Career and Technical Education Month.</title>
        <chamberCode />
      </item>
      <item>
        <titleType>Display Title</titleType>
        <chamberName />
        <parentTitleType />
        <title>A resolution supporting the goals and ideals of Career and Technical Education Month.</title>
        <chamberCode />
      </item>
    </titles>
    <recordedVotes />
    <originChamber>Senate</originChamber>
    <latestAction>
      <text>Submitted in the Senate, considered, and agreed to without amendment and with a preamble by Unanimous Consent. (consideration: CR S1254; text: CR S1252-1253)</text>
      <actionDate>2018-02-27</actionDate>
      <links />
    </latestAction>
    <introducedDate>2018-02-27</introducedDate>
    <sponsors>
      <item>
        <fullName>Sen. Kaine, Tim [D-VA]</fullName>
        <party>D</party>
        <identifiers>
          <gpoId />
          <lisID>2176</lisID>
          <bioguideId>K000384</bioguideId>
        </identifiers>
        <firstName>Timothy</firstName>
        <middleName />
        <lastName>Kaine</lastName>
        <bioguideId>K000384</bioguideId>
        <state>VA</state>
        <byRequestType />
      </item>
    </sponsors>
    <subjects>
      <billSubjects>
        <legislativeSubjects />
        <policyArea>
          <name>Labor and Employment</name>
        </policyArea>
      </billSubjects>
    </subjects>
    <policyArea>
      <name>Labor and Employment</name>
    </policyArea>
    <billType>SRES</billType>
    <notes />
    <title>A resolution supporting the goals and ideals of Career and Technical Education Month.</title>
    <committees>
      <billCommittees />
    </committees>
    <congress>115</congress>
    <cboCostEstimates />
    <updateDate>2018-03-02T05:44:15Z</updateDate>
    <actions>
      <actionByCounts>
        <senate>3</senate>
      </actionByCounts>
      <actionTypeCounts>
        <introducedInSenate>1</introducedInSenate>
        <passedOrAgreedToInSenateDayOf>1</passedOrAgreedToInSenateDayOf>
        <passedAgreedToInSenate>1</passedAgreedToInSenate>
      </actionTypeCounts>
      <item>
        <actionDate>2018-02-27</actionDate>
        <committee />
        <links>
          <link>
            <name>S1252-1253</name>
            <url>https://www.congress.gov/congressional-record/volume-164/senate-section/page/S1252-1253</url>
          </link>
          <link>
            <name>S1254</name>
            <url>https://www.congress.gov/congressional-record/volume-164/senate-section/page/S1254</url>
          </link>
        </links>
        <sourceSystem>
          <name>Senate</name>
          <code>0</code>
        </sourceSystem>
        <text>Submitted in the Senate, considered, and agreed to without amendment and with a preamble by Unanimous Consent. (consideration: CR S1254; text: CR S1252-1253)</text>
        <type>Floor</type>
      </item>
      <item>
        <links>
          <link>
            <name>S1252-1253</name>
            <url>https://www.congress.gov/congressional-record/volume-164/senate-section/page/S1252-1253</url>
          </link>
          <link>
            <name>S1254</name>
            <url>https://www.congress.gov/congressional-record/volume-164/senate-section/page/S1254</url>
          </link>
        </links>
        <committee />
        <actionDate>2018-02-27</actionDate>
        <text>Passed/agreed to in Senate: Submitted in the Senate, considered, and agreed to without amendment and with a preamble by Unanimous Consent.(consideration: CR S1254; text: CR S1252-1253)</text>
        <sourceSystem>
          <name>Library of Congress</name>
          <code>9</code>
        </sourceSystem>
        <type>Floor</type>
        <actionCode>17000</actionCode>
      </item>
      <item>
        <links />
        <committee />
        <actionDate>2018-02-27</actionDate>
        <text>Introduced in Senate</text>
        <sourceSystem>
          <name>Library of Congress</name>
          <code>9</code>
        </sourceSystem>
        <type>IntroReferral</type>
        <actionCode>10000</actionCode>
      </item>
    </actions>
  </bill>
  <dublinCore xmlns:dc="http://purl.org/dc/elements/1.1/">
    <dc:format>text/xml</dc:format>
    <dc:language>EN</dc:language>
    <dc:rights>Pursuant to Title 17 Section 105 of the United States Code, this file is not subject to copyright protection and is in the public domain.</dc:rights>
    <dc:contributor>Congressional Research Service, Library of Congress</dc:contributor>
    <dc:description>This file contains bill summaries and statuses for federal legislation. A bill summary describes the most significant provisions of a piece of legislation and details the effects the legislative text may have on current law and federal programs. Bill summaries are authored by the Congressional Research Service (CRS) of the Library of Congress. As stated in Public Law 91-510 (2 USC 166 (d)(6)), one of the duties of CRS is "to prepare summaries and digests of bills and resolutions of a public general nature introduced in the Senate or House of Representatives". For more information, refer to the User Guide that accompanies this file.</dc:description>
  </dublinCore>
</billStatus>

