<?xml version="1.0" encoding="UTF-8"?>
<billStatus>
  <bill>
    <policyArea>
      <name>Health</name>
    </policyArea>
    <committeeReports />
    <congress>115</congress>
    <sponsors>
      <item>
        <identifiers>
          <lisID>1828</lisID>
          <bioguideId>C001070</bioguideId>
          <gpoId>8282</gpoId>
        </identifiers>
        <middleName />
        <byRequestType />
        <fullName>Sen. Casey, Robert P., Jr. [D-PA]</fullName>
        <bioguideId>C001070</bioguideId>
        <state>PA</state>
        <party>D</party>
        <firstName>Bob</firstName>
        <lastName>Casey</lastName>
      </item>
    </sponsors>
    <calendarNumbers />
    <amendments />
    <relatedBills />
    <notes />
    <originChamber>Senate</originChamber>
    <version>1.0.0</version>
    <billNumber>77</billNumber>
    <title>A resolution supporting the goals and ideals of Multiple Sclerosis Awareness Week.</title>
    <cosponsors>
      <item>
        <isOriginalCosponsor>True</isOriginalCosponsor>
        <fullName>Sen. Collins, Susan M. [R-ME]</fullName>
        <middleName>MARGARET</middleName>
        <state>ME</state>
        <sponsorshipDate>2017-03-01</sponsorshipDate>
        <firstName>SUSAN</firstName>
        <bioguideId>C001035</bioguideId>
        <party>R</party>
        <lastName>COLLINS</lastName>
        <sponsorshipWithdrawnDate />
        <identifiers>
          <bioguideId>C001035</bioguideId>
          <lisID>1541</lisID>
          <gpoId>8291</gpoId>
        </identifiers>
      </item>
      <item>
        <isOriginalCosponsor>True</isOriginalCosponsor>
        <fullName>Sen. Markey, Edward J. [D-MA]</fullName>
        <middleName>J.</middleName>
        <state>MA</state>
        <sponsorshipDate>2017-03-01</sponsorshipDate>
        <firstName>EDWARD</firstName>
        <bioguideId>M000133</bioguideId>
        <party>D</party>
        <lastName>MARKEY</lastName>
        <sponsorshipWithdrawnDate />
        <identifiers>
          <gpoId>7972</gpoId>
          <lisID>735</lisID>
          <bioguideId>M000133</bioguideId>
        </identifiers>
      </item>
      <item>
        <isOriginalCosponsor>True</isOriginalCosponsor>
        <fullName>Sen. Coons, Christopher A. [D-DE]</fullName>
        <middleName>A.</middleName>
        <state>DE</state>
        <sponsorshipDate>2017-03-01</sponsorshipDate>
        <firstName>Christopher</firstName>
        <bioguideId>C001088</bioguideId>
        <party>D</party>
        <lastName>Coons</lastName>
        <sponsorshipWithdrawnDate />
        <identifiers>
          <bioguideId>C001088</bioguideId>
          <gpoId>8297</gpoId>
          <lisID>1984</lisID>
        </identifiers>
      </item>
      <item>
        <isOriginalCosponsor>True</isOriginalCosponsor>
        <fullName>Sen. Menendez, Robert [D-NJ]</fullName>
        <middleName />
        <state>NJ</state>
        <sponsorshipDate>2017-03-01</sponsorshipDate>
        <firstName>ROBERT</firstName>
        <bioguideId>M000639</bioguideId>
        <party>D</party>
        <lastName>MENENDEZ</lastName>
        <sponsorshipWithdrawnDate />
        <identifiers>
          <lisID>791</lisID>
          <bioguideId>M000639</bioguideId>
          <gpoId>8239</gpoId>
        </identifiers>
      </item>
      <item>
        <isOriginalCosponsor>True</isOriginalCosponsor>
        <fullName>Sen. Brown, Sherrod [D-OH]</fullName>
        <middleName />
        <state>OH</state>
        <sponsorshipDate>2017-03-01</sponsorshipDate>
        <firstName>SHERROD</firstName>
        <bioguideId>B000944</bioguideId>
        <party>D</party>
        <lastName>BROWN</lastName>
        <sponsorshipWithdrawnDate />
        <identifiers>
          <gpoId>8309</gpoId>
          <lisID>136</lisID>
          <bioguideId>B000944</bioguideId>
        </identifiers>
      </item>
      <item>
        <isOriginalCosponsor>True</isOriginalCosponsor>
        <fullName>Sen. Isakson, Johnny [R-GA]</fullName>
        <middleName />
        <state>GA</state>
        <sponsorshipDate>2017-03-01</sponsorshipDate>
        <firstName>Johnny</firstName>
        <bioguideId>I000055</bioguideId>
        <party>R</party>
        <lastName>Isakson</lastName>
        <sponsorshipWithdrawnDate />
        <identifiers>
          <lisID>1608</lisID>
          <bioguideId>I000055</bioguideId>
          <gpoId>8323</gpoId>
        </identifiers>
      </item>
      <item>
        <isOriginalCosponsor>True</isOriginalCosponsor>
        <fullName>Sen. Feinstein, Dianne [D-CA]</fullName>
        <middleName />
        <state>CA</state>
        <sponsorshipDate>2017-03-01</sponsorshipDate>
        <firstName>DIANNE</firstName>
        <bioguideId>F000062</bioguideId>
        <party>D</party>
        <lastName>FEINSTEIN</lastName>
        <sponsorshipWithdrawnDate />
        <identifiers>
          <bioguideId>F000062</bioguideId>
          <lisID>1332</lisID>
          <gpoId>8338</gpoId>
        </identifiers>
      </item>
      <item>
        <isOriginalCosponsor>True</isOriginalCosponsor>
        <fullName>Sen. Van Hollen, Chris [D-MD]</fullName>
        <middleName />
        <state>MD</state>
        <sponsorshipDate>2017-03-01</sponsorshipDate>
        <firstName>Chris</firstName>
        <bioguideId>V000128</bioguideId>
        <party>D</party>
        <lastName>Van Hollen</lastName>
        <sponsorshipWithdrawnDate />
        <identifiers>
          <lisID>1729</lisID>
          <gpoId>7983</gpoId>
          <bioguideId>V000128</bioguideId>
        </identifiers>
      </item>
      <item>
        <isOriginalCosponsor>True</isOriginalCosponsor>
        <fullName>Sen. Capito, Shelley Moore [R-WV]</fullName>
        <middleName>MOORE</middleName>
        <state>WV</state>
        <sponsorshipDate>2017-03-01</sponsorshipDate>
        <firstName>SHELLEY</firstName>
        <bioguideId>C001047</bioguideId>
        <party>R</party>
        <lastName>CAPITO</lastName>
        <sponsorshipWithdrawnDate />
        <identifiers>
          <bioguideId>C001047</bioguideId>
          <gpoId>8223</gpoId>
          <lisID>1676</lisID>
        </identifiers>
      </item>
      <item>
        <isOriginalCosponsor>True</isOriginalCosponsor>
        <fullName>Sen. Moran, Jerry [R-KS]</fullName>
        <middleName />
        <state>KS</state>
        <sponsorshipDate>2017-03-01</sponsorshipDate>
        <firstName>JERRY</firstName>
        <bioguideId>M000934</bioguideId>
        <party>R</party>
        <lastName>MORAN</lastName>
        <sponsorshipWithdrawnDate />
        <identifiers>
          <lisID>1507</lisID>
          <gpoId>8307</gpoId>
          <bioguideId>M000934</bioguideId>
        </identifiers>
      </item>
      <item>
        <isOriginalCosponsor>True</isOriginalCosponsor>
        <fullName>Sen. Thune, John [R-SD]</fullName>
        <middleName>R.</middleName>
        <state>SD</state>
        <sponsorshipDate>2017-03-01</sponsorshipDate>
        <firstName>JOHN</firstName>
        <bioguideId>T000250</bioguideId>
        <party>R</party>
        <lastName>THUNE</lastName>
        <sponsorshipWithdrawnDate />
        <identifiers>
          <gpoId>8257</gpoId>
          <lisID>1534</lisID>
          <bioguideId>T000250</bioguideId>
        </identifiers>
      </item>
    </cosponsors>
    <subjects>
      <billSubjects>
        <legislativeSubjects>
          <item>
            <name>Commemorative events and holidays</name>
          </item>
          <item>
            <name>Congressional tributes</name>
          </item>
          <item>
            <name>Health personnel</name>
          </item>
          <item>
            <name>Health promotion and preventive care</name>
          </item>
          <item>
            <name>Medical research</name>
          </item>
          <item>
            <name>Neurological disorders</name>
          </item>
        </legislativeSubjects>
        <policyArea>
          <name>Health</name>
        </policyArea>
      </billSubjects>
    </subjects>
    <laws />
    <actions>
      <actionTypeCounts>
        <passedOrAgreedToInSenateDayOf>1</passedOrAgreedToInSenateDayOf>
        <introducedInSenate>1</introducedInSenate>
        <passedAgreedToInSenate>1</passedAgreedToInSenate>
      </actionTypeCounts>
      <item>
        <actionDate>2017-03-01</actionDate>
        <committee />
        <links>
          <link>
            <url>https://www.congress.gov/congressional-record/volume-163/senate-section/page/S1542-1543</url>
            <name>S1542-1543</name>
          </link>
          <link>
            <url>https://www.congress.gov/congressional-record/volume-163/senate-section/page/S1543</url>
            <name>S1543</name>
          </link>
        </links>
        <sourceSystem>
          <name>Senate</name>
          <code>0</code>
        </sourceSystem>
        <text>Submitted in the Senate, considered, and agreed to without amendment and with a preamble by Unanimous Consent. (consideration: CR S1543; text as passed Senate: CR S1542-1543)</text>
        <type>Floor</type>
      </item>
      <item>
        <text>Passed/agreed to in Senate: Submitted in the Senate, considered, and agreed to without amendment and with a preamble by Unanimous Consent.(consideration: CR S1543; text as passed Senate: CR S1542-1543)</text>
        <links>
          <link>
            <url>https://www.congress.gov/congressional-record/volume-163/senate-section/page/S1542-1543</url>
            <name>S1542-1543</name>
          </link>
          <link>
            <url>https://www.congress.gov/congressional-record/volume-163/senate-section/page/S1543</url>
            <name>S1543</name>
          </link>
        </links>
        <actionDate>2017-03-01</actionDate>
        <committee />
        <sourceSystem>
          <name>Library of Congress</name>
          <code>9</code>
        </sourceSystem>
        <type>Floor</type>
        <actionCode>17000</actionCode>
      </item>
      <item>
        <text>Introduced in Senate</text>
        <links />
        <actionDate>2017-03-01</actionDate>
        <committee />
        <sourceSystem>
          <name>Library of Congress</name>
          <code>9</code>
        </sourceSystem>
        <type>IntroReferral</type>
        <actionCode>10000</actionCode>
      </item>
      <actionByCounts>
        <senate>3</senate>
      </actionByCounts>
    </actions>
    <titles>
      <item>
        <chamberCode />
        <chamberName />
        <parentTitleType />
        <titleType>Official Title as Introduced</titleType>
        <title>A resolution supporting the goals and ideals of Multiple Sclerosis Awareness Week.</title>
      </item>
      <item>
        <chamberCode />
        <chamberName />
        <parentTitleType />
        <titleType>Display Title</titleType>
        <title>A resolution supporting the goals and ideals of Multiple Sclerosis Awareness Week.</title>
      </item>
    </titles>
    <summaries>
      <billSummaries>
        <item>
          <versionCode>00</versionCode>
          <actionDate>2017-03-01</actionDate>
          <updateDate>2017-03-01T05:00:00Z</updateDate>
          <text><![CDATA[<p>Expresses support for the goals and ideals of Multiple Sclerosis Awareness Week. </p> <p>Reaffirms the U.S. commitment to ending multiple sclerosis by promoting awareness about individuals affected by multiple sclerosis and supporting research and education programs.</p> <p>Recognizes people living with multiple sclerosis and salutes the health care professionals and medical researchers who assist those so affected and continue to work to find ways to stop the disease, restore what has been lost, and end multiple sclerosis forever.</p>]]></text>
          <actionDesc>Introduced in Senate</actionDesc>
          <name>Introduced in Senate</name>
          <lastSummaryUpdateDate>2017-04-26T16:36:11Z</lastSummaryUpdateDate>
        </item>
        <item>
          <versionCode>82</versionCode>
          <actionDate>2017-03-01</actionDate>
          <updateDate>2017-03-01T18:49:06Z</updateDate>
          <text><![CDATA[<p>(This measure has not been amended since it was introduced. The summary of that version is repeated here.)</p> <p>Expresses support for the goals and ideals of Multiple Sclerosis Awareness Week. </p> <p>Reaffirms the U.S. commitment to ending multiple sclerosis by promoting awareness about individuals affected by multiple sclerosis and supporting research and education programs.</p> <p>Recognizes people living with multiple sclerosis and salutes the health care professionals and medical researchers who assist those so affected and continue to work to find ways to stop the disease, restore what has been lost, and end multiple sclerosis forever.</p>]]></text>
          <actionDesc>Passed Senate without amendment</actionDesc>
          <name>Passed Senate without amendment</name>
          <lastSummaryUpdateDate>2017-05-01T13:14:25Z</lastSummaryUpdateDate>
        </item>
      </billSummaries>
    </summaries>
    <committees>
      <billCommittees />
    </committees>
    <introducedDate>2017-03-01</introducedDate>
    <updateDate>2018-02-06T16:44:00Z</updateDate>
    <cboCostEstimates />
    <recordedVotes />
    <billType>SRES</billType>
    <createDate>2017-03-02T05:13:48Z</createDate>
    <latestAction>
      <text>Submitted in the Senate, considered, and agreed to without amendment and with a preamble by Unanimous Consent. (consideration: CR S1543; text as passed Senate: CR S1542-1543)</text>
      <links />
      <actionDate>2017-03-01</actionDate>
    </latestAction>
  </bill>
  <dublinCore xmlns:dc="http://purl.org/dc/elements/1.1/">
    <dc:format>text/xml</dc:format>
    <dc:language>EN</dc:language>
    <dc:rights>Pursuant to Title 17 Section 105 of the United States Code, this file is not subject to copyright protection and is in the public domain.</dc:rights>
    <dc:contributor>Congressional Research Service, Library of Congress</dc:contributor>
    <dc:description>This file contains bill summaries and statuses for federal legislation. A bill summary describes the most significant provisions of a piece of legislation and details the effects the legislative text may have on current law and federal programs. Bill summaries are authored by the Congressional Research Service (CRS) of the Library of Congress. As stated in Public Law 91-510 (2 USC 166 (d)(6)), one of the duties of CRS is "to prepare summaries and digests of bills and resolutions of a public general nature introduced in the Senate or House of Representatives". For more information, refer to the User Guide that accompanies this file.</dc:description>
  </dublinCore>
</billStatus>

