<?xml version="1.0" encoding="UTF-8"?>
<billStatus>
  <bill>
    <policyArea>
      <name>International Affairs</name>
    </policyArea>
    <committeeReports />
    <congress>115</congress>
    <sponsors>
      <item>
        <identifiers>
          <gpoId>8355</gpoId>
          <bioguideId>J000293</bioguideId>
          <lisID>2086</lisID>
        </identifiers>
        <middleName />
        <byRequestType />
        <fullName>Sen. Johnson, Ron [R-WI]</fullName>
        <bioguideId>J000293</bioguideId>
        <state>WI</state>
        <party>R</party>
        <firstName>Ron</firstName>
        <lastName>Johnson</lastName>
      </item>
    </sponsors>
    <calendarNumbers />
    <amendments />
    <relatedBills />
    <notes />
    <originChamber>Senate</originChamber>
    <version>1.0.0</version>
    <billNumber>218</billNumber>
    <title>A resolution celebrating and reaffirming the strategic partnership between the United States and Romania on the twentieth anniversary of its inception.</title>
    <cosponsors>
      <item>
        <identifiers>
          <gpoId>7870</gpoId>
          <bioguideId>M001169</bioguideId>
          <lisID>1837</lisID>
        </identifiers>
        <bioguideId>M001169</bioguideId>
        <sponsorshipDate>2017-07-11</sponsorshipDate>
        <middleName />
        <fullName>Sen. Murphy, Christopher [D-CT]</fullName>
        <sponsorshipWithdrawnDate />
        <state>CT</state>
        <party>D</party>
        <firstName>Christopher</firstName>
        <isOriginalCosponsor>True</isOriginalCosponsor>
        <lastName>Murphy</lastName>
      </item>
    </cosponsors>
    <subjects>
      <billSubjects>
        <legislativeSubjects>
          <item>
            <name>Commemorative events and holidays</name>
          </item>
          <item>
            <name>Congressional tributes</name>
          </item>
          <item>
            <name>Diplomacy, foreign officials, Americans abroad</name>
          </item>
          <item>
            <name>Europe</name>
          </item>
          <item>
            <name>Romania</name>
          </item>
          <item>
            <name>Rule of law and government transparency</name>
          </item>
          <item>
            <name>Sovereignty, recognition, national governance and status</name>
          </item>
        </legislativeSubjects>
        <policyArea>
          <name>International Affairs</name>
        </policyArea>
      </billSubjects>
    </subjects>
    <laws />
    <actions>
      <actionByCounts>
        <senate>2</senate>
      </actionByCounts>
      <actionTypeCounts>
        <referredToCommittee>1</referredToCommittee>
        <introducedInSenate>1</introducedInSenate>
      </actionTypeCounts>
      <item>
        <actionDate>2017-07-11</actionDate>
        <committee>
          <systemCode>ssfr00</systemCode>
          <name>Foreign Relations Committee</name>
        </committee>
        <links>
          <link>
            <name>S3923-3924</name>
            <url>https://www.congress.gov/congressional-record/volume-163/senate-section/page/S3923-3924</url>
          </link>
        </links>
        <sourceSystem>
          <name>Senate</name>
          <code>0</code>
        </sourceSystem>
        <text>Referred to the Committee on Foreign Relations. (text of measure as introduced: CR S3923-3924)</text>
        <type>IntroReferral</type>
      </item>
      <item>
        <actionDate>2017-07-11</actionDate>
        <text>Introduced in Senate</text>
        <sourceSystem>
          <name>Library of Congress</name>
          <code>9</code>
        </sourceSystem>
        <committee />
        <links />
        <actionCode>10000</actionCode>
        <type>IntroReferral</type>
      </item>
    </actions>
    <titles>
      <item>
        <chamberName />
        <titleType>Official Title as Introduced</titleType>
        <title>A resolution celebrating and reaffirming the strategic partnership between the United States and Romania on the twentieth anniversary of its inception.</title>
        <parentTitleType />
        <chamberCode />
      </item>
      <item>
        <chamberName />
        <titleType>Display Title</titleType>
        <title>A resolution celebrating and reaffirming the strategic partnership between the United States and Romania on the twentieth anniversary of its inception.</title>
        <parentTitleType />
        <chamberCode />
      </item>
    </titles>
    <summaries>
      <billSummaries>
        <item>
          <versionCode>00</versionCode>
          <text><![CDATA[<p>Celebrates 20 years of close, strategic partnership between the United States and Romania and affirms the desire to continue strengthening that partnership. </p> <p>Applauds Romania's significant contributions and commitment to transatlantic security and prosperity.</p> <p>Commends the Romanian government for its advancements in democratic governance, the rule of law, and a principled and inclusive society which provides opportunities for development and growth and urges continued progress.</p>  <ul> </ul>]]></text>
          <actionDesc>Introduced in Senate</actionDesc>
          <actionDate>2017-07-11</actionDate>
          <lastSummaryUpdateDate>2017-10-31T20:48:58Z</lastSummaryUpdateDate>
          <name>Introduced in Senate</name>
          <updateDate>2017-07-11T04:00:00Z</updateDate>
        </item>
      </billSummaries>
    </summaries>
    <committees>
      <billCommittees>
        <item>
          <systemCode>ssfr00</systemCode>
          <chamber>Senate</chamber>
          <type>Standing</type>
          <activities>
            <item>
              <date>2017-07-11T22:26:27Z</date>
              <name>Referred to</name>
            </item>
          </activities>
          <name>Foreign Relations Committee</name>
          <subcommittees />
        </item>
      </billCommittees>
    </committees>
    <introducedDate>2017-07-11</introducedDate>
    <updateDate>2018-02-06T16:44:11Z</updateDate>
    <cboCostEstimates />
    <recordedVotes />
    <billType>SRES</billType>
    <createDate>2017-07-12T00:26:34Z</createDate>
    <latestAction>
      <text>Referred to the Committee on Foreign Relations. (text of measure as introduced: CR S3923-3924)</text>
      <links />
      <actionDate>2017-07-11</actionDate>
    </latestAction>
  </bill>
  <dublinCore xmlns:dc="http://purl.org/dc/elements/1.1/">
    <dc:format>text/xml</dc:format>
    <dc:language>EN</dc:language>
    <dc:rights>Pursuant to Title 17 Section 105 of the United States Code, this file is not subject to copyright protection and is in the public domain.</dc:rights>
    <dc:contributor>Congressional Research Service, Library of Congress</dc:contributor>
    <dc:description>This file contains bill summaries and statuses for federal legislation. A bill summary describes the most significant provisions of a piece of legislation and details the effects the legislative text may have on current law and federal programs. Bill summaries are authored by the Congressional Research Service (CRS) of the Library of Congress. As stated in Public Law 91-510 (2 USC 166 (d)(6)), one of the duties of CRS is "to prepare summaries and digests of bills and resolutions of a public general nature introduced in the Senate or House of Representatives". For more information, refer to the User Guide that accompanies this file.</dc:description>
  </dublinCore>
</billStatus>

