<?xml version="1.0" encoding="UTF-8"?>
<billStatus>
  <bill>
    <policyArea>
      <name>Science, Technology, Communications</name>
    </policyArea>
    <introducedDate>2017-11-30</introducedDate>
    <cosponsors>
      <item>
        <isOriginalCosponsor>True</isOriginalCosponsor>
        <fullName>Sen. Donnelly, Joe [D-IN]</fullName>
        <firstName>Joe</firstName>
        <identifiers>
          <lisID>1850</lisID>
          <bioguideId>D000607</bioguideId>
          <gpoId>7941</gpoId>
        </identifiers>
        <party>D</party>
        <sponsorshipDate>2017-11-30</sponsorshipDate>
        <lastName>Donnelly</lastName>
        <bioguideId>D000607</bioguideId>
        <state>IN</state>
        <middleName />
        <sponsorshipWithdrawnDate />
      </item>
    </cosponsors>
    <congress>115</congress>
    <recordedVotes />
    <amendments />
    <laws />
    <cboCostEstimates />
    <actions>
      <item>
        <actionDate>2017-12-20</actionDate>
        <committee />
        <links>
          <link>
            <name>S8154</name>
            <url>https://www.congress.gov/congressional-record/volume-163/senate-section/page/S8154</url>
          </link>
        </links>
        <sourceSystem>
          <name>Senate</name>
          <code>0</code>
        </sourceSystem>
        <text>Resolution agreed to in Senate without amendment and with a preamble by Unanimous Consent. (consideration: CR S8154)</text>
        <type>Floor</type>
      </item>
      <item>
        <sourceSystem>
          <name>Library of Congress</name>
          <code>9</code>
        </sourceSystem>
        <actionDate>2017-12-20</actionDate>
        <links>
          <link>
            <name>S8154</name>
            <url>https://www.congress.gov/congressional-record/volume-163/senate-section/page/S8154</url>
          </link>
        </links>
        <text>Passed/agreed to in Senate: Resolution agreed to in Senate without amendment and with a preamble by Unanimous Consent.(consideration: CR S8154)</text>
        <committee />
        <actionCode>17000</actionCode>
        <type>Floor</type>
      </item>
      <item>
        <actionDate>2017-12-20</actionDate>
        <committee>
          <systemCode>ssju00</systemCode>
          <name>Judiciary Committee</name>
        </committee>
        <links />
        <sourceSystem>
          <name>Senate</name>
          <code>0</code>
        </sourceSystem>
        <text>Senate Committee on the Judiciary discharged by Unanimous Consent.</text>
        <type>Discharge</type>
      </item>
      <item>
        <sourceSystem>
          <name>Library of Congress</name>
          <code>9</code>
        </sourceSystem>
        <actionDate>2017-12-20</actionDate>
        <links />
        <text>Senate Committee on the Judiciary discharged by Unanimous Consent.</text>
        <committee>
          <systemCode>ssju00</systemCode>
          <name>Judiciary Committee</name>
        </committee>
        <actionCode>14500</actionCode>
        <type>Committee</type>
      </item>
      <item>
        <actionDate>2017-11-30</actionDate>
        <committee>
          <systemCode>ssju00</systemCode>
          <name>Judiciary Committee</name>
        </committee>
        <links>
          <link>
            <name>S7565</name>
            <url>https://www.congress.gov/congressional-record/volume-163/senate-section/page/S7565</url>
          </link>
        </links>
        <sourceSystem>
          <name>Senate</name>
          <code>0</code>
        </sourceSystem>
        <text>Referred to the Committee on the Judiciary. (text of measure as introduced: CR S7565)</text>
        <type>IntroReferral</type>
      </item>
      <item>
        <sourceSystem>
          <name>Library of Congress</name>
          <code>9</code>
        </sourceSystem>
        <actionDate>2017-11-30</actionDate>
        <links />
        <text>Introduced in Senate</text>
        <committee />
        <actionCode>10000</actionCode>
        <type>IntroReferral</type>
      </item>
      <actionByCounts>
        <senate>6</senate>
      </actionByCounts>
      <actionTypeCounts>
        <referredToCommittee>1</referredToCommittee>
        <passedAgreedToInSenate>1</passedAgreedToInSenate>
        <agreedToInSenate>1</agreedToInSenate>
        <committeeDischarged>1</committeeDischarged>
        <senateCommitteeDischarged>1</senateCommitteeDischarged>
        <introducedInSenate>1</introducedInSenate>
      </actionTypeCounts>
    </actions>
    <latestAction>
      <text>Resolution agreed to in Senate without amendment and with a preamble by Unanimous Consent. (consideration: CR S8154)</text>
      <actionDate>2017-12-20</actionDate>
      <links />
    </latestAction>
    <titles>
      <item>
        <parentTitleType />
        <chamberCode />
        <chamberName />
        <titleType>Official Title as Introduced</titleType>
        <title>A resolution designating August 3, 2018, as "National Ernie Pyle Day".</title>
      </item>
      <item>
        <parentTitleType />
        <chamberCode />
        <chamberName />
        <titleType>Display Title</titleType>
        <title>A resolution designating August 3, 2018, as "National Ernie Pyle Day".</title>
      </item>
    </titles>
    <summaries>
      <billSummaries>
        <item>
          <text><![CDATA[<p>Designates August 3, 2018, as National Ernie Pyle Day.</p> <p>Recognizes contributions made by Ernie Pyle to journalism in the United States.</p>]]></text>
          <actionDate>2017-11-30</actionDate>
          <updateDate>2017-11-30T05:00:00Z</updateDate>
          <lastSummaryUpdateDate>2017-12-08T21:45:51Z</lastSummaryUpdateDate>
          <name>Introduced in Senate</name>
          <actionDesc>Introduced in Senate</actionDesc>
          <versionCode>00</versionCode>
        </item>
        <item>
          <text><![CDATA[<p>(This measure has not been amended since it was introduced. The summary of that version is repeated here.)</p> <p>Designates August 3, 2018, as National Ernie Pyle Day.</p> <p>Recognizes contributions made by Ernie Pyle to journalism in the United States.</p>]]></text>
          <actionDate>2017-12-20</actionDate>
          <updateDate>2017-12-20T12:45:07Z</updateDate>
          <lastSummaryUpdateDate>2018-01-03T23:01:36Z</lastSummaryUpdateDate>
          <name>Passed Senate without amendment</name>
          <actionDesc>Passed Senate without amendment</actionDesc>
          <versionCode>82</versionCode>
        </item>
      </billSummaries>
    </summaries>
    <title>A resolution designating August 3, 2018, as "National Ernie Pyle Day".</title>
    <calendarNumbers />
    <originChamber>Senate</originChamber>
    <updateDate>2018-02-06T16:44:17Z</updateDate>
    <notes />
    <billType>SRES</billType>
    <committees>
      <billCommittees>
        <item>
          <type>Standing</type>
          <systemCode>ssju00</systemCode>
          <subcommittees />
          <activities>
            <item>
              <date>2017-12-20T16:13:30Z</date>
              <name>Discharged from</name>
            </item>
            <item>
              <date>2017-11-30T23:27:06Z</date>
              <name>Referred to</name>
            </item>
          </activities>
          <chamber>Senate</chamber>
          <name>Judiciary Committee</name>
        </item>
      </billCommittees>
    </committees>
    <relatedBills>
      <item>
        <number>648</number>
        <latestTitle>Expressing support for the designation of August 3, 2018, as "National Ernie Pyle Day".</latestTitle>
        <type>HRES</type>
        <relationshipDetails>
          <item>
            <identifiedBy>CRS</identifiedBy>
            <type>Related bill</type>
          </item>
        </relationshipDetails>
        <congress>115</congress>
        <latestAction>
          <text>Referred to the House Committee on Oversight and Government Reform.</text>
          <actionDate>2017-12-07</actionDate>
        </latestAction>
      </item>
    </relatedBills>
    <committeeReports />
    <billNumber>345</billNumber>
    <sponsors>
      <item>
        <byRequestType />
        <state>IN</state>
        <bioguideId>Y000064</bioguideId>
        <identifiers>
          <gpoId>7948</gpoId>
          <lisID>2019</lisID>
          <bioguideId>Y000064</bioguideId>
        </identifiers>
        <fullName>Sen. Young, Todd C. [R-IN]</fullName>
        <lastName>Young</lastName>
        <firstName>Todd</firstName>
        <middleName>C.</middleName>
        <party>R</party>
      </item>
    </sponsors>
    <createDate>2017-12-01T00:41:14Z</createDate>
    <version>1.0.0</version>
    <subjects>
      <billSubjects>
        <policyArea>
          <name>Science, Technology, Communications</name>
        </policyArea>
        <legislativeSubjects />
      </billSubjects>
    </subjects>
  </bill>
  <dublinCore xmlns:dc="http://purl.org/dc/elements/1.1/">
    <dc:format>text/xml</dc:format>
    <dc:language>EN</dc:language>
    <dc:rights>Pursuant to Title 17 Section 105 of the United States Code, this file is not subject to copyright protection and is in the public domain.</dc:rights>
    <dc:contributor>Congressional Research Service, Library of Congress</dc:contributor>
    <dc:description>This file contains bill summaries and statuses for federal legislation. A bill summary describes the most significant provisions of a piece of legislation and details the effects the legislative text may have on current law and federal programs. Bill summaries are authored by the Congressional Research Service (CRS) of the Library of Congress. As stated in Public Law 91-510 (2 USC 166 (d)(6)), one of the duties of CRS is "to prepare summaries and digests of bills and resolutions of a public general nature introduced in the Senate or House of Representatives". For more information, refer to the User Guide that accompanies this file.</dc:description>
  </dublinCore>
</billStatus>

