<?xml version="1.0" encoding="UTF-8"?>
<billStatus>
  <bill>
    <policyArea>
      <name>International Affairs</name>
    </policyArea>
    <committeeReports />
    <congress>115</congress>
    <sponsors>
      <item>
        <identifiers>
          <bioguideId>C001098</bioguideId>
          <lisID>2175</lisID>
          <gpoId />
        </identifiers>
        <middleName />
        <byRequestType />
        <fullName>Sen. Cruz, Ted [R-TX]</fullName>
        <bioguideId>C001098</bioguideId>
        <state>TX</state>
        <party>R</party>
        <firstName>Ted</firstName>
        <lastName>Cruz</lastName>
      </item>
    </sponsors>
    <calendarNumbers />
    <amendments />
    <relatedBills>
      <item>
        <congress>115</congress>
        <number>570</number>
        <type>HRES</type>
        <relationshipDetails>
          <item>
            <type>Identical bill</type>
            <identifiedBy>CRS</identifiedBy>
          </item>
        </relationshipDetails>
        <latestTitle>Affirming the historical connection of the Jewish people to the ancient and sacred city of Jerusalem and condemning efforts at the United Nations Educational, Scientific, and Cultural Organization (UNESCO) to deny Judaism's millennia-old historical, religious, and cultural ties to Jerusalem.</latestTitle>
        <latestAction>
          <text>Referred to the Subcommittee on Middle East and North Africa.</text>
          <actionDate>2017-11-29</actionDate>
        </latestAction>
      </item>
    </relatedBills>
    <notes />
    <originChamber>Senate</originChamber>
    <version>1.0.0</version>
    <billNumber>291</billNumber>
    <title>A resolution affirming the historical connection of the Jewish people to the ancient and sacred city of Jerusalem and condemning efforts at the United Nations Educational, Scientific, and Cultural Organization (UNESCO) to deny Judaism's millennia-old historical, religious, and cultural ties to Jerusalem.</title>
    <cosponsors>
      <item>
        <isOriginalCosponsor>False</isOriginalCosponsor>
        <fullName>Sen. Inhofe, James M. [R-OK]</fullName>
        <firstName>JIM</firstName>
        <identifiers>
          <lisID>583</lisID>
          <gpoId>8322</gpoId>
          <bioguideId>I000024</bioguideId>
        </identifiers>
        <party>R</party>
        <sponsorshipDate>2017-10-24</sponsorshipDate>
        <lastName>INHOFE</lastName>
        <bioguideId>I000024</bioguideId>
        <state>OK</state>
        <middleName />
        <sponsorshipWithdrawnDate />
      </item>
      <item>
        <isOriginalCosponsor>False</isOriginalCosponsor>
        <fullName>Sen. Rubio, Marco [R-FL]</fullName>
        <firstName>Marco</firstName>
        <identifiers>
          <lisID>2084</lisID>
          <bioguideId>R000595</bioguideId>
          <gpoId>8242</gpoId>
        </identifiers>
        <party>R</party>
        <sponsorshipDate>2017-10-24</sponsorshipDate>
        <lastName>Rubio</lastName>
        <bioguideId>R000595</bioguideId>
        <state>FL</state>
        <middleName />
        <sponsorshipWithdrawnDate />
      </item>
      <item>
        <isOriginalCosponsor>False</isOriginalCosponsor>
        <fullName>Sen. Gardner, Cory [R-CO]</fullName>
        <firstName>Cory</firstName>
        <identifiers>
          <bioguideId>G000562</bioguideId>
          <lisID>1998</lisID>
          <gpoId>7862</gpoId>
        </identifiers>
        <party>R</party>
        <sponsorshipDate>2017-10-26</sponsorshipDate>
        <lastName>Gardner</lastName>
        <bioguideId>G000562</bioguideId>
        <state>CO</state>
        <middleName />
        <sponsorshipWithdrawnDate />
      </item>
      <item>
        <isOriginalCosponsor>False</isOriginalCosponsor>
        <fullName>Sen. Rounds, Mike  [R-SD]</fullName>
        <firstName>Mike</firstName>
        <identifiers>
          <lisID>2288</lisID>
          <gpoId />
          <bioguideId>R000605</bioguideId>
        </identifiers>
        <party>R</party>
        <sponsorshipDate>2017-11-16</sponsorshipDate>
        <lastName>Rounds</lastName>
        <bioguideId>R000605</bioguideId>
        <state>SD</state>
        <middleName />
        <sponsorshipWithdrawnDate />
      </item>
      <item>
        <isOriginalCosponsor>False</isOriginalCosponsor>
        <fullName>Sen. Young, Todd C. [R-IN]</fullName>
        <firstName>Todd</firstName>
        <identifiers>
          <gpoId>7948</gpoId>
          <lisID>2019</lisID>
          <bioguideId>Y000064</bioguideId>
        </identifiers>
        <party>R</party>
        <sponsorshipDate>2017-11-16</sponsorshipDate>
        <lastName>Young</lastName>
        <bioguideId>Y000064</bioguideId>
        <state>IN</state>
        <middleName>C.</middleName>
        <sponsorshipWithdrawnDate />
      </item>
      <item>
        <isOriginalCosponsor>False</isOriginalCosponsor>
        <fullName>Sen. Boozman, John [R-AR]</fullName>
        <firstName>John</firstName>
        <identifiers>
          <lisID>1687</lisID>
          <bioguideId>B001236</bioguideId>
          <gpoId>8247</gpoId>
        </identifiers>
        <party>R</party>
        <sponsorshipDate>2017-11-16</sponsorshipDate>
        <lastName>Boozman</lastName>
        <bioguideId>B001236</bioguideId>
        <state>AR</state>
        <middleName />
        <sponsorshipWithdrawnDate />
      </item>
      <item>
        <isOriginalCosponsor>False</isOriginalCosponsor>
        <fullName>Sen. Perdue, David [R-GA]</fullName>
        <firstName>David</firstName>
        <identifiers>
          <lisID>2286</lisID>
          <bioguideId>P000612</bioguideId>
          <gpoId />
        </identifiers>
        <party>R</party>
        <sponsorshipDate>2017-11-27</sponsorshipDate>
        <lastName>Perdue</lastName>
        <bioguideId>P000612</bioguideId>
        <state>GA</state>
        <middleName>Alfred</middleName>
        <sponsorshipWithdrawnDate />
      </item>
      <item>
        <isOriginalCosponsor>False</isOriginalCosponsor>
        <fullName>Sen. Toomey, Pat [R-PA]</fullName>
        <firstName>Pat</firstName>
        <identifiers>
          <bioguideId>T000461</bioguideId>
          <lisID>1594</lisID>
          <gpoId />
        </identifiers>
        <party>R</party>
        <sponsorshipDate>2017-11-30</sponsorshipDate>
        <lastName>Toomey</lastName>
        <bioguideId>T000461</bioguideId>
        <state>PA</state>
        <middleName />
        <sponsorshipWithdrawnDate />
      </item>
    </cosponsors>
    <subjects>
      <billSubjects>
        <legislativeSubjects>
          <item>
            <name>Alliances</name>
          </item>
          <item>
            <name>Arab-Israeli relations</name>
          </item>
          <item>
            <name>Archaeology and anthropology</name>
          </item>
          <item>
            <name>Historic sites and heritage areas</name>
          </item>
          <item>
            <name>International organizations and cooperation</name>
          </item>
          <item>
            <name>Israel</name>
          </item>
          <item>
            <name>Middle East</name>
          </item>
          <item>
            <name>Religion</name>
          </item>
          <item>
            <name>Sovereignty, recognition, national governance and status</name>
          </item>
          <item>
            <name>United Nations</name>
          </item>
          <item>
            <name>World history</name>
          </item>
        </legislativeSubjects>
        <policyArea>
          <name>International Affairs</name>
        </policyArea>
      </billSubjects>
    </subjects>
    <laws />
    <actions>
      <item>
        <actionDate>2017-10-16</actionDate>
        <committee>
          <systemCode>ssfr00</systemCode>
          <name>Foreign Relations Committee</name>
        </committee>
        <links>
          <link>
            <url>https://www.congress.gov/congressional-record/volume-163/senate-section/page/S6405</url>
            <name>S6405</name>
          </link>
        </links>
        <sourceSystem>
          <name>Senate</name>
          <code>0</code>
        </sourceSystem>
        <text>Referred to the Committee on Foreign Relations. (text of measure as introduced: CR S6405)</text>
        <type>IntroReferral</type>
      </item>
      <item>
        <links />
        <actionDate>2017-10-16</actionDate>
        <type>IntroReferral</type>
        <text>Introduced in Senate</text>
        <actionCode>10000</actionCode>
        <sourceSystem>
          <name>Library of Congress</name>
          <code>9</code>
        </sourceSystem>
        <committee />
      </item>
      <actionByCounts>
        <senate>2</senate>
      </actionByCounts>
      <actionTypeCounts>
        <introducedInSenate>1</introducedInSenate>
        <referredToCommittee>1</referredToCommittee>
      </actionTypeCounts>
    </actions>
    <titles>
      <item>
        <title>A resolution affirming the historical connection of the Jewish people to the ancient and sacred city of Jerusalem and condemning efforts at the United Nations Educational, Scientific, and Cultural Organization (UNESCO) to deny Judaism's millennia-old historical, religious, and cultural ties to Jerusalem.</title>
        <titleType>Official Title as Introduced</titleType>
        <parentTitleType />
        <chamberCode />
        <chamberName />
      </item>
      <item>
        <title>A resolution affirming the historical connection of the Jewish people to the ancient and sacred city of Jerusalem and condemning efforts at the United Nations Educational, Scientific, and Cultural Organization (UNESCO) to deny Judaism's millennia-old historical, religious, and cultural ties to Jerusalem.</title>
        <titleType>Display Title</titleType>
        <parentTitleType />
        <chamberCode />
        <chamberName />
      </item>
    </titles>
    <summaries>
      <billSummaries>
        <item>
          <updateDate>2017-10-16T04:00:00Z</updateDate>
          <actionDesc>Introduced in Senate</actionDesc>
          <versionCode>00</versionCode>
          <name>Introduced in Senate</name>
          <text><![CDATA[<p>Affirms the Jewish people's historical connection to Jerusalem.</p> <p> Recognizes that the archaeological discoveries from the City of David, the site of ancient Jerusalem, present evidence of the millennia-old connection of Jerusalem to the Jewish people and, by extension, to Christianity.</p> <p> Commends the government of Israel for protecting the freedoms of all faiths in Jerusalem and ensuring their access to holy sites.</p> <p> Condemns efforts by the United Nations Educational, Scientific and Cultural Organization (UNESCO) to delegitimize Israel through attempts to rewrite and deny Jerusalem's history. </p> <p> Encourages the United States to continue working with allies to prevent UNESCO from passing biased anti-Israel resolutions. </p>]]></text>
          <lastSummaryUpdateDate>2017-11-08T19:21:29Z</lastSummaryUpdateDate>
          <actionDate>2017-10-16</actionDate>
        </item>
      </billSummaries>
    </summaries>
    <committees>
      <billCommittees>
        <item>
          <type>Standing</type>
          <systemCode>ssfr00</systemCode>
          <subcommittees />
          <activities>
            <item>
              <date>2017-10-16T20:57:17Z</date>
              <name>Referred to</name>
            </item>
          </activities>
          <chamber>Senate</chamber>
          <name>Foreign Relations Committee</name>
        </item>
      </billCommittees>
    </committees>
    <introducedDate>2017-10-16</introducedDate>
    <updateDate>2018-02-06T16:44:16Z</updateDate>
    <cboCostEstimates />
    <recordedVotes />
    <billType>SRES</billType>
    <createDate>2017-10-17T00:26:19Z</createDate>
    <latestAction>
      <text>Referred to the Committee on Foreign Relations. (text of measure as introduced: CR S6405)</text>
      <links />
      <actionDate>2017-10-16</actionDate>
    </latestAction>
  </bill>
  <dublinCore xmlns:dc="http://purl.org/dc/elements/1.1/">
    <dc:format>text/xml</dc:format>
    <dc:language>EN</dc:language>
    <dc:rights>Pursuant to Title 17 Section 105 of the United States Code, this file is not subject to copyright protection and is in the public domain.</dc:rights>
    <dc:contributor>Congressional Research Service, Library of Congress</dc:contributor>
    <dc:description>This file contains bill summaries and statuses for federal legislation. A bill summary describes the most significant provisions of a piece of legislation and details the effects the legislative text may have on current law and federal programs. Bill summaries are authored by the Congressional Research Service (CRS) of the Library of Congress. As stated in Public Law 91-510 (2 USC 166 (d)(6)), one of the duties of CRS is "to prepare summaries and digests of bills and resolutions of a public general nature introduced in the Senate or House of Representatives". For more information, refer to the User Guide that accompanies this file.</dc:description>
  </dublinCore>
</billStatus>

