<?xml version="1.0" encoding="UTF-8"?>
<billStatus>
  <bill>
    <titles>
      <item>
        <chamberName />
        <parentTitleType />
        <chamberCode />
        <titleType>Official Title as Introduced</titleType>
        <title>A resolution celebrating April 30 through May 6, 2017, as "National Small Business Week" and commending the entrepreneurial spirit of small businesses owners in the United States.</title>
      </item>
      <item>
        <chamberName />
        <parentTitleType />
        <chamberCode />
        <titleType>Display Title</titleType>
        <title>A resolution celebrating April 30 through May 6, 2017, as "National Small Business Week" and commending the entrepreneurial spirit of small businesses owners in the United States.</title>
      </item>
    </titles>
    <committeeReports />
    <sponsors>
      <item>
        <firstName>James</firstName>
        <identifiers>
          <gpoId>8274</gpoId>
          <bioguideId>R000584</bioguideId>
          <lisID>1896</lisID>
        </identifiers>
        <party>R</party>
        <bioguideId>R000584</bioguideId>
        <lastName>Risch</lastName>
        <fullName>Sen. Risch, James E. [R-ID]</fullName>
        <byRequestType />
        <middleName>E.</middleName>
        <state>ID</state>
      </item>
    </sponsors>
    <title>A resolution celebrating April 30 through May 6, 2017, as "National Small Business Week" and commending the entrepreneurial spirit of small businesses owners in the United States.</title>
    <actions>
      <actionTypeCounts>
        <passedAgreedToInSenate>1</passedAgreedToInSenate>
        <passedOrAgreedToInSenateDayOf>1</passedOrAgreedToInSenateDayOf>
        <introducedInSenate>1</introducedInSenate>
      </actionTypeCounts>
      <item>
        <actionDate>2017-05-16</actionDate>
        <committee />
        <links>
          <link>
            <name>S2968</name>
            <url>https://www.congress.gov/congressional-record/volume-163/senate-section/page/S2968</url>
          </link>
        </links>
        <sourceSystem>
          <name>Senate</name>
          <code>0</code>
        </sourceSystem>
        <text>Submitted in the Senate, considered, and agreed to without amendment and with a preamble by Unanimous Consent. (consideration: CR S2968; text as passed Senate: CR S2968)</text>
        <type>Floor</type>
      </item>
      <item>
        <type>Floor</type>
        <links>
          <link>
            <name>S2968</name>
            <url>https://www.congress.gov/congressional-record/volume-163/senate-section/page/S2968</url>
          </link>
        </links>
        <text>Passed/agreed to in Senate: Submitted in the Senate, considered, and agreed to without amendment and with a preamble by Unanimous Consent.(consideration: CR S2968; text as passed Senate: CR S2968)</text>
        <committee />
        <actionDate>2017-05-16</actionDate>
        <sourceSystem>
          <name>Library of Congress</name>
          <code>9</code>
        </sourceSystem>
        <actionCode>17000</actionCode>
      </item>
      <item>
        <type>IntroReferral</type>
        <links />
        <text>Introduced in Senate</text>
        <committee />
        <actionDate>2017-05-16</actionDate>
        <sourceSystem>
          <name>Library of Congress</name>
          <code>9</code>
        </sourceSystem>
        <actionCode>10000</actionCode>
      </item>
      <actionByCounts>
        <senate>3</senate>
      </actionByCounts>
    </actions>
    <summaries>
      <billSummaries>
        <item>
          <updateDate>2017-05-16T04:00:00Z</updateDate>
          <actionDesc>Introduced in Senate</actionDesc>
          <versionCode>00</versionCode>
          <name>Introduced in Senate</name>
          <text><![CDATA[<p>Supports: (1) the designation of the week of April 30-May 6, 2017, as National Small Business Week; and (2) increasing consumer awareness of the value and opportunity that small businesses bring to local communities.</p> <p>Celebrates: (1) the entrepreneurial spirit of small business owners in the United States, and (2) the invaluable contribution that small businesses make to the United States as the backbone of the economy.</p> <p>Recognizes the importance of creating a small business climate that allows for sustained entrepreneurial success.</p>]]></text>
          <lastSummaryUpdateDate>2017-06-01T19:50:57Z</lastSummaryUpdateDate>
          <actionDate>2017-05-16</actionDate>
        </item>
        <item>
          <updateDate>2017-05-16T12:42:05Z</updateDate>
          <actionDesc>Passed Senate without amendment</actionDesc>
          <versionCode>82</versionCode>
          <name>Passed Senate without amendment</name>
          <text><![CDATA[<p>(This measure has not been amended since it was introduced. The summary of that version is repeated here.)</p> <p>Supports: (1) the designation of the week of April 30-May 6, 2017, as National Small Business Week; and (2) increasing consumer awareness of the value and opportunity that small businesses bring to local communities.</p> <p>Celebrates: (1) the entrepreneurial spirit of small business owners in the United States, and (2) the invaluable contribution that small businesses make to the United States as the backbone of the economy.</p> <p>Recognizes the importance of creating a small business climate that allows for sustained entrepreneurial success.</p>]]></text>
          <lastSummaryUpdateDate>2017-06-01T19:51:15Z</lastSummaryUpdateDate>
          <actionDate>2017-05-16</actionDate>
        </item>
      </billSummaries>
    </summaries>
    <recordedVotes />
    <billNumber>165</billNumber>
    <calendarNumbers />
    <cosponsors>
      <item>
        <party>D</party>
        <bioguideId>S001181</bioguideId>
        <isOriginalCosponsor>True</isOriginalCosponsor>
        <firstName>Jeanne</firstName>
        <middleName />
        <sponsorshipWithdrawnDate />
        <sponsorshipDate>2017-05-16</sponsorshipDate>
        <fullName>Sen. Shaheen, Jeanne [D-NH]</fullName>
        <identifiers>
          <bioguideId>S001181</bioguideId>
          <lisID>1901</lisID>
          <gpoId>8276</gpoId>
        </identifiers>
        <lastName>Shaheen</lastName>
        <state>NH</state>
      </item>
      <item>
        <party>R</party>
        <bioguideId>G000562</bioguideId>
        <isOriginalCosponsor>True</isOriginalCosponsor>
        <firstName>Cory</firstName>
        <middleName />
        <sponsorshipWithdrawnDate />
        <sponsorshipDate>2017-05-16</sponsorshipDate>
        <fullName>Sen. Gardner, Cory [R-CO]</fullName>
        <identifiers>
          <lisID>1998</lisID>
          <gpoId>7862</gpoId>
          <bioguideId>G000562</bioguideId>
        </identifiers>
        <lastName>Gardner</lastName>
        <state>CO</state>
      </item>
      <item>
        <party>D</party>
        <bioguideId>M000133</bioguideId>
        <isOriginalCosponsor>True</isOriginalCosponsor>
        <firstName>EDWARD</firstName>
        <middleName>J.</middleName>
        <sponsorshipWithdrawnDate />
        <sponsorshipDate>2017-05-16</sponsorshipDate>
        <fullName>Sen. Markey, Edward J. [D-MA]</fullName>
        <identifiers>
          <gpoId>7972</gpoId>
          <lisID>735</lisID>
          <bioguideId>M000133</bioguideId>
        </identifiers>
        <lastName>MARKEY</lastName>
        <state>MA</state>
      </item>
      <item>
        <party>R</party>
        <bioguideId>I000024</bioguideId>
        <isOriginalCosponsor>True</isOriginalCosponsor>
        <firstName>JIM</firstName>
        <middleName />
        <sponsorshipWithdrawnDate />
        <sponsorshipDate>2017-05-16</sponsorshipDate>
        <fullName>Sen. Inhofe, James M. [R-OK]</fullName>
        <identifiers>
          <lisID>583</lisID>
          <bioguideId>I000024</bioguideId>
          <gpoId>8322</gpoId>
        </identifiers>
        <lastName>INHOFE</lastName>
        <state>OK</state>
      </item>
      <item>
        <party>D</party>
        <bioguideId>C001088</bioguideId>
        <isOriginalCosponsor>True</isOriginalCosponsor>
        <firstName>Christopher</firstName>
        <middleName>A.</middleName>
        <sponsorshipWithdrawnDate />
        <sponsorshipDate>2017-05-16</sponsorshipDate>
        <fullName>Sen. Coons, Christopher A. [D-DE]</fullName>
        <identifiers>
          <lisID>1984</lisID>
          <bioguideId>C001088</bioguideId>
          <gpoId>8297</gpoId>
        </identifiers>
        <lastName>Coons</lastName>
        <state>DE</state>
      </item>
      <item>
        <party>R</party>
        <bioguideId>E000285</bioguideId>
        <isOriginalCosponsor>True</isOriginalCosponsor>
        <firstName>MICHAEL</firstName>
        <middleName>B.</middleName>
        <sponsorshipWithdrawnDate />
        <sponsorshipDate>2017-05-16</sponsorshipDate>
        <fullName>Sen. Enzi, Michael B. [R-WY]</fullName>
        <identifiers>
          <bioguideId>E000285</bioguideId>
          <gpoId>8328</gpoId>
          <lisID>1542</lisID>
        </identifiers>
        <lastName>ENZI</lastName>
        <state>WY</state>
      </item>
      <item>
        <party>D</party>
        <bioguideId>H001042</bioguideId>
        <isOriginalCosponsor>True</isOriginalCosponsor>
        <firstName>Mazie</firstName>
        <middleName>K.</middleName>
        <sponsorshipWithdrawnDate />
        <sponsorshipDate>2017-05-16</sponsorshipDate>
        <fullName>Sen. Hirono, Mazie K. [D-HI]</fullName>
        <identifiers>
          <lisID>1844</lisID>
          <gpoId>7913</gpoId>
          <bioguideId>H001042</bioguideId>
        </identifiers>
        <lastName>Hirono</lastName>
        <state>HI</state>
      </item>
      <item>
        <party>R</party>
        <bioguideId>C001047</bioguideId>
        <isOriginalCosponsor>True</isOriginalCosponsor>
        <firstName>SHELLEY</firstName>
        <middleName>MOORE</middleName>
        <sponsorshipWithdrawnDate />
        <sponsorshipDate>2017-05-16</sponsorshipDate>
        <fullName>Sen. Capito, Shelley Moore [R-WV]</fullName>
        <identifiers>
          <bioguideId>C001047</bioguideId>
          <gpoId>8223</gpoId>
          <lisID>1676</lisID>
        </identifiers>
        <lastName>CAPITO</lastName>
        <state>WV</state>
      </item>
      <item>
        <party>D</party>
        <bioguideId>C000127</bioguideId>
        <isOriginalCosponsor>True</isOriginalCosponsor>
        <firstName>MARIA</firstName>
        <middleName />
        <sponsorshipWithdrawnDate />
        <sponsorshipDate>2017-05-16</sponsorshipDate>
        <fullName>Sen. Cantwell, Maria [D-WA]</fullName>
        <identifiers>
          <lisID>172</lisID>
          <gpoId>8288</gpoId>
          <bioguideId>C000127</bioguideId>
        </identifiers>
        <lastName>CANTWELL</lastName>
        <state>WA</state>
      </item>
      <item>
        <party>R</party>
        <bioguideId>E000295</bioguideId>
        <isOriginalCosponsor>True</isOriginalCosponsor>
        <firstName>Joni</firstName>
        <middleName />
        <sponsorshipWithdrawnDate />
        <sponsorshipDate>2017-05-16</sponsorshipDate>
        <fullName>Sen. Ernst, Joni  [R-IA]</fullName>
        <identifiers>
          <bioguideId>E000295</bioguideId>
          <lisID>2283</lisID>
          <gpoId />
        </identifiers>
        <lastName>Ernst</lastName>
        <state>IA</state>
      </item>
      <item>
        <party>D</party>
        <bioguideId>H001069</bioguideId>
        <isOriginalCosponsor>True</isOriginalCosponsor>
        <firstName>Heidi</firstName>
        <middleName />
        <sponsorshipWithdrawnDate />
        <sponsorshipDate>2017-05-16</sponsorshipDate>
        <fullName>Sen. Heitkamp, Heidi [D-ND]</fullName>
        <identifiers>
          <lisID>2174</lisID>
          <gpoId />
          <bioguideId>H001069</bioguideId>
        </identifiers>
        <lastName>Heitkamp</lastName>
        <state>ND</state>
      </item>
      <item>
        <party>R</party>
        <bioguideId>K000393</bioguideId>
        <isOriginalCosponsor>True</isOriginalCosponsor>
        <firstName>John</firstName>
        <middleName>Neely</middleName>
        <sponsorshipWithdrawnDate />
        <sponsorshipDate>2017-05-16</sponsorshipDate>
        <fullName>Sen. Kennedy, John [R-LA]</fullName>
        <identifiers>
          <bioguideId>K000393</bioguideId>
          <gpoId />
          <lisID>2303</lisID>
        </identifiers>
        <lastName>Kennedy</lastName>
        <state>LA</state>
      </item>
      <item>
        <party>D</party>
        <bioguideId>B001288</bioguideId>
        <isOriginalCosponsor>True</isOriginalCosponsor>
        <firstName>Cory</firstName>
        <middleName>A.</middleName>
        <sponsorshipWithdrawnDate />
        <sponsorshipDate>2017-05-16</sponsorshipDate>
        <fullName>Sen. Booker, Cory A. [D-NJ]</fullName>
        <identifiers>
          <gpoId />
          <lisID>2194</lisID>
          <bioguideId>B001288</bioguideId>
        </identifiers>
        <lastName>Booker</lastName>
        <state>NJ</state>
      </item>
      <item>
        <party>R</party>
        <bioguideId>R000595</bioguideId>
        <isOriginalCosponsor>True</isOriginalCosponsor>
        <firstName>Marco</firstName>
        <middleName />
        <sponsorshipWithdrawnDate />
        <sponsorshipDate>2017-05-16</sponsorshipDate>
        <fullName>Sen. Rubio, Marco [R-FL]</fullName>
        <identifiers>
          <lisID>2084</lisID>
          <bioguideId>R000595</bioguideId>
          <gpoId>8242</gpoId>
        </identifiers>
        <lastName>Rubio</lastName>
        <state>FL</state>
      </item>
      <item>
        <party>D</party>
        <bioguideId>C000141</bioguideId>
        <isOriginalCosponsor>True</isOriginalCosponsor>
        <firstName>BENJAMIN</firstName>
        <middleName>L.</middleName>
        <sponsorshipWithdrawnDate />
        <sponsorshipDate>2017-05-16</sponsorshipDate>
        <fullName>Sen. Cardin, Benjamin L. [D-MD]</fullName>
        <identifiers>
          <gpoId>8287</gpoId>
          <lisID>174</lisID>
          <bioguideId>C000141</bioguideId>
        </identifiers>
        <lastName>CARDIN</lastName>
        <state>MD</state>
      </item>
      <item>
        <party>R</party>
        <bioguideId>Y000064</bioguideId>
        <isOriginalCosponsor>True</isOriginalCosponsor>
        <firstName>Todd</firstName>
        <middleName>C.</middleName>
        <sponsorshipWithdrawnDate />
        <sponsorshipDate>2017-05-16</sponsorshipDate>
        <fullName>Sen. Young, Todd C. [R-IN]</fullName>
        <identifiers>
          <bioguideId>Y000064</bioguideId>
          <lisID>2019</lisID>
          <gpoId>7948</gpoId>
        </identifiers>
        <lastName>Young</lastName>
        <state>IN</state>
      </item>
      <item>
        <party>D</party>
        <bioguideId>D000622</bioguideId>
        <isOriginalCosponsor>True</isOriginalCosponsor>
        <firstName>Tammy</firstName>
        <middleName />
        <sponsorshipWithdrawnDate />
        <sponsorshipDate>2017-05-16</sponsorshipDate>
        <fullName>Sen. Duckworth, Tammy [D-IL]</fullName>
        <identifiers>
          <lisID>2123</lisID>
          <bioguideId>D000622</bioguideId>
          <gpoId />
        </identifiers>
        <lastName>Duckworth</lastName>
        <state>IL</state>
      </item>
      <item>
        <party>R</party>
        <bioguideId>R000605</bioguideId>
        <isOriginalCosponsor>True</isOriginalCosponsor>
        <firstName>Mike</firstName>
        <middleName />
        <sponsorshipWithdrawnDate />
        <sponsorshipDate>2017-05-16</sponsorshipDate>
        <fullName>Sen. Rounds, Mike  [R-SD]</fullName>
        <identifiers>
          <lisID>2288</lisID>
          <bioguideId>R000605</bioguideId>
          <gpoId />
        </identifiers>
        <lastName>Rounds</lastName>
        <state>SD</state>
      </item>
      <item>
        <party>R</party>
        <bioguideId>S001184</bioguideId>
        <isOriginalCosponsor>True</isOriginalCosponsor>
        <firstName>Tim</firstName>
        <middleName />
        <sponsorshipWithdrawnDate />
        <sponsorshipDate>2017-05-16</sponsorshipDate>
        <fullName>Sen. Scott, Tim [R-SC]</fullName>
        <identifiers>
          <bioguideId>S001184</bioguideId>
          <gpoId>8141</gpoId>
          <lisID>2056</lisID>
        </identifiers>
        <lastName>Scott</lastName>
        <state>SC</state>
      </item>
      <item>
        <party>R</party>
        <bioguideId>H001061</bioguideId>
        <isOriginalCosponsor>True</isOriginalCosponsor>
        <firstName>John</firstName>
        <middleName />
        <sponsorshipWithdrawnDate />
        <sponsorshipDate>2017-05-16</sponsorshipDate>
        <fullName>Sen. Hoeven, John [R-ND]</fullName>
        <identifiers>
          <bioguideId>H001061</bioguideId>
          <lisID>2079</lisID>
          <gpoId>8331</gpoId>
        </identifiers>
        <lastName>Hoeven</lastName>
        <state>ND</state>
      </item>
    </cosponsors>
    <version>1.0.0</version>
    <subjects>
      <billSubjects>
        <legislativeSubjects>
          <item>
            <name>Commemorative events and holidays</name>
          </item>
          <item>
            <name>Economic performance and conditions</name>
          </item>
          <item>
            <name>Small business</name>
          </item>
        </legislativeSubjects>
        <policyArea>
          <name>Commerce</name>
        </policyArea>
      </billSubjects>
    </subjects>
    <latestAction>
      <text>Submitted in the Senate, considered, and agreed to without amendment and with a preamble by Unanimous Consent. (consideration: CR S2968; text as passed Senate: CR S2968)</text>
      <links />
      <actionDate>2017-05-16</actionDate>
    </latestAction>
    <originChamber>Senate</originChamber>
    <laws />
    <notes />
    <createDate>2017-05-17T00:26:38Z</createDate>
    <billType>SRES</billType>
    <updateDate>2018-02-06T16:44:07Z</updateDate>
    <policyArea>
      <name>Commerce</name>
    </policyArea>
    <cboCostEstimates />
    <introducedDate>2017-05-16</introducedDate>
    <amendments />
    <relatedBills />
    <congress>115</congress>
    <committees>
      <billCommittees />
    </committees>
  </bill>
  <dublinCore xmlns:dc="http://purl.org/dc/elements/1.1/">
    <dc:format>text/xml</dc:format>
    <dc:language>EN</dc:language>
    <dc:rights>Pursuant to Title 17 Section 105 of the United States Code, this file is not subject to copyright protection and is in the public domain.</dc:rights>
    <dc:contributor>Congressional Research Service, Library of Congress</dc:contributor>
    <dc:description>This file contains bill summaries and statuses for federal legislation. A bill summary describes the most significant provisions of a piece of legislation and details the effects the legislative text may have on current law and federal programs. Bill summaries are authored by the Congressional Research Service (CRS) of the Library of Congress. As stated in Public Law 91-510 (2 USC 166 (d)(6)), one of the duties of CRS is "to prepare summaries and digests of bills and resolutions of a public general nature introduced in the Senate or House of Representatives". For more information, refer to the User Guide that accompanies this file.</dc:description>
  </dublinCore>
</billStatus>

