<?xml version="1.0" encoding="UTF-8"?>
<billStatus>
  <bill>
    <actions>
      <actionByCounts>
        <senate>6</senate>
      </actionByCounts>
      <item>
        <actionDate>2017-06-05</actionDate>
        <committee />
        <links />
        <sourceSystem>
          <code>0</code>
          <name>Senate</name>
        </sourceSystem>
        <text>Placed on Senate Legislative Calendar under General Orders. Calendar No. 114.</text>
        <type>Calendars</type>
      </item>
      <item>
        <actionDate>2017-06-05</actionDate>
        <committee>
          <name>Foreign Relations Committee</name>
          <systemCode>ssfr00</systemCode>
        </committee>
        <links />
        <sourceSystem>
          <code>0</code>
          <name>Senate</name>
        </sourceSystem>
        <text>Committee on Foreign Relations. Reported by Senator Corker with an amendment in the nature of a substitute and with an amended preamble. Without written report.</text>
        <type>Committee</type>
      </item>
      <item>
        <committee>
          <name>Foreign Relations Committee</name>
          <systemCode>ssfr00</systemCode>
        </committee>
        <links />
        <text>Committee on Foreign Relations. Reported by Senator Corker with an amendment in the nature of a substitute and with an amended preamble. Without written report.</text>
        <actionDate>2017-06-05</actionDate>
        <type>Committee</type>
        <actionCode>14000</actionCode>
        <sourceSystem>
          <code>9</code>
          <name>Library of Congress</name>
        </sourceSystem>
      </item>
      <item>
        <actionDate>2017-05-25</actionDate>
        <committee>
          <name>Foreign Relations Committee</name>
          <systemCode>ssfr00</systemCode>
        </committee>
        <links />
        <sourceSystem>
          <code>0</code>
          <name>Senate</name>
        </sourceSystem>
        <text>Committee on Foreign Relations. Ordered to be reported with amendments favorably.</text>
        <type>Committee</type>
      </item>
      <item>
        <actionDate>2017-01-23</actionDate>
        <committee>
          <name>Foreign Relations Committee</name>
          <systemCode>ssfr00</systemCode>
        </committee>
        <links>
          <link>
            <name>S404</name>
            <url>https://www.congress.gov/congressional-record/volume-163/senate-section/page/S404</url>
          </link>
        </links>
        <sourceSystem>
          <code>0</code>
          <name>Senate</name>
        </sourceSystem>
        <text>Referred to the Committee on Foreign Relations. (text of measure as introduced: CR S404)</text>
        <type>IntroReferral</type>
      </item>
      <item>
        <committee />
        <links />
        <text>Introduced in Senate</text>
        <actionDate>2017-01-23</actionDate>
        <type>IntroReferral</type>
        <actionCode>10000</actionCode>
        <sourceSystem>
          <code>9</code>
          <name>Library of Congress</name>
        </sourceSystem>
      </item>
      <actionTypeCounts>
        <reportedToSenate>2</reportedToSenate>
        <orderedReported>1</orderedReported>
        <placedOnCalendarGeneralOrders>1</placedOnCalendarGeneralOrders>
        <introducedInSenate>1</introducedInSenate>
        <referredToCommittee>1</referredToCommittee>
      </actionTypeCounts>
    </actions>
    <latestAction>
      <links />
      <text>Placed on Senate Legislative Calendar under General Orders. Calendar No. 114.</text>
      <actionDate>2017-06-05</actionDate>
    </latestAction>
    <laws />
    <cosponsors>
      <item>
        <fullName>Sen. Rubio, Marco [R-FL]</fullName>
        <isOriginalCosponsor>True</isOriginalCosponsor>
        <bioguideId>R000595</bioguideId>
        <middleName />
        <lastName>Rubio</lastName>
        <identifiers>
          <bioguideId>R000595</bioguideId>
          <lisID>2084</lisID>
          <gpoId>8242</gpoId>
        </identifiers>
        <firstName>Marco</firstName>
        <sponsorshipDate>2017-01-23</sponsorshipDate>
        <state>FL</state>
        <sponsorshipWithdrawnDate />
        <party>R</party>
      </item>
      <item>
        <fullName>Sen. Kaine, Tim [D-VA]</fullName>
        <isOriginalCosponsor>True</isOriginalCosponsor>
        <bioguideId>K000384</bioguideId>
        <middleName />
        <lastName>Kaine</lastName>
        <identifiers>
          <bioguideId>K000384</bioguideId>
          <lisID>2176</lisID>
          <gpoId />
        </identifiers>
        <firstName>Timothy</firstName>
        <sponsorshipDate>2017-01-23</sponsorshipDate>
        <state>VA</state>
        <sponsorshipWithdrawnDate />
        <party>D</party>
      </item>
      <item>
        <fullName>Sen. Lankford, James [R-OK]</fullName>
        <isOriginalCosponsor>True</isOriginalCosponsor>
        <bioguideId>L000575</bioguideId>
        <middleName />
        <lastName>Lankford</lastName>
        <identifiers>
          <bioguideId>L000575</bioguideId>
          <lisID>2050</lisID>
          <gpoId>8113</gpoId>
        </identifiers>
        <firstName>James</firstName>
        <sponsorshipDate>2017-01-23</sponsorshipDate>
        <state>OK</state>
        <sponsorshipWithdrawnDate />
        <party>R</party>
      </item>
      <item>
        <fullName>Sen. Markey, Edward J. [D-MA]</fullName>
        <isOriginalCosponsor>False</isOriginalCosponsor>
        <bioguideId>M000133</bioguideId>
        <middleName>J.</middleName>
        <lastName>MARKEY</lastName>
        <identifiers>
          <bioguideId>M000133</bioguideId>
          <lisID>735</lisID>
          <gpoId>7972</gpoId>
        </identifiers>
        <firstName>EDWARD</firstName>
        <sponsorshipDate>2017-01-30</sponsorshipDate>
        <state>MA</state>
        <sponsorshipWithdrawnDate />
        <party>D</party>
      </item>
      <item>
        <fullName>Sen. Merkley, Jeff [D-OR]</fullName>
        <isOriginalCosponsor>False</isOriginalCosponsor>
        <bioguideId>M001176</bioguideId>
        <middleName />
        <lastName>Merkley</lastName>
        <identifiers>
          <lisID>1900</lisID>
          <gpoId>8238</gpoId>
          <bioguideId>M001176</bioguideId>
        </identifiers>
        <firstName>Jeff</firstName>
        <sponsorshipDate>2017-02-01</sponsorshipDate>
        <state>OR</state>
        <sponsorshipWithdrawnDate />
        <party>D</party>
      </item>
      <item>
        <fullName>Sen. Hatch, Orrin G. [R-UT]</fullName>
        <isOriginalCosponsor>False</isOriginalCosponsor>
        <bioguideId>H000338</bioguideId>
        <middleName>GRANT</middleName>
        <lastName>HATCH</lastName>
        <identifiers>
          <bioguideId>H000338</bioguideId>
          <lisID>1351</lisID>
          <gpoId>8314</gpoId>
        </identifiers>
        <firstName>ORRIN</firstName>
        <sponsorshipDate>2017-02-17</sponsorshipDate>
        <state>UT</state>
        <sponsorshipWithdrawnDate />
        <party>R</party>
      </item>
    </cosponsors>
    <title>A resolution reaffirming the United States-Argentina partnership and recognizing Argentina's economic reforms.</title>
    <committees>
      <billCommittees>
        <item>
          <systemCode>ssfr00</systemCode>
          <type>Standing</type>
          <subcommittees />
          <chamber>Senate</chamber>
          <name>Foreign Relations Committee</name>
          <activities>
            <item>
              <name>Reported by</name>
              <date>2017-06-05T22:17:10Z</date>
            </item>
            <item>
              <name>Markup by</name>
              <date>2017-05-26T01:30:06Z</date>
            </item>
            <item>
              <name>Referred to</name>
              <date>2017-01-23T20:53:52Z</date>
            </item>
          </activities>
        </item>
      </billCommittees>
    </committees>
    <notes />
    <committeeReports />
    <calendarNumbers>
      <item>
        <calendar>Senate Calendar of Business</calendar>
        <number>0114</number>
      </item>
    </calendarNumbers>
    <policyArea>
      <name>International Affairs</name>
    </policyArea>
    <summaries>
      <billSummaries>
        <item>
          <lastSummaryUpdateDate>2017-01-30T20:47:02Z</lastSummaryUpdateDate>
          <text><![CDATA[<p>Declares that the Senate: </p> <ul> <li>upholds its commitment to the partnership between the United States and Argentina and reaffirms that Argentina is a major U.S. ally; </li> <li>encourages the Department of State to coordinate an interagency strategy to increase cooperation with the government of Argentina on areas of bilateral, regional, and global concern; </li> <li>commends President Mauricio Macri and his Administration for making far-reaching economic reforms that will benefit the people of Argentina, stimulate economic growth, and deepen Argentina's integration with the global economy; </li> <li>praises such government for resolving its dispute with international creditors; </li> <li>encourages such government to continue to investigate and prosecute those responsible for the 1994 bombing of the Argentine-Israeli Mutual Association (AMIA) in Buenos Aires and the death of AMIA special prosecutor Alberto Nisman; and</li> <li> expresses its desire that the growing partnership between the United States and Argentina will result in greater cooperation at multilateral institutions.</li> </ul> <ul></ul>]]></text>
          <actionDesc>Introduced in Senate</actionDesc>
          <actionDate>2017-01-23</actionDate>
          <name>Introduced in Senate</name>
          <updateDate>2017-01-23T05:00:00Z</updateDate>
          <versionCode>00</versionCode>
        </item>
        <item>
          <lastSummaryUpdateDate>2017-06-17T14:13:18Z</lastSummaryUpdateDate>
          <text><![CDATA[<p>Declares that the Senate: </p> <ul> <li>upholds its commitment to the partnership between the United States and Argentina and reaffirms that Argentina is a major U.S. ally; </li> <li>encourages the Department of State to coordinate an interagency strategy to increase cooperation with the government of Argentina on areas of bilateral, regional, and global concern; </li> <li>commends President Mauricio Macri and his Administration for making far-reaching economic reforms; </li> <li>encourages efforts to promote inclusive economic growth and reduce inequality; </li> <li>encourages such government to continue to investigate and prosecute those responsible for the 1994 bombing of the Argentine-Israeli Mutual Association (AMIA) in Buenos Aires and the death of AMIA special prosecutor Alberto Nisman; </li> <li> expresses its desire that the growing partnership between the United States and Argentina will result in greater cooperation at multilateral institutions; and </li> <li> supports the continuing implementation of the United States Trade and Investment Framework Agreement with Argentina and Argentina's efforts toward greater integration with the global economy.</li> </ul> <ul></ul>]]></text>
          <actionDesc>Reported to Senate with amendment(s)</actionDesc>
          <actionDate>2017-06-05</actionDate>
          <name>Reported to Senate with amendment(s)</name>
          <updateDate>2017-06-05T14:46:34Z</updateDate>
          <versionCode>01</versionCode>
        </item>
      </billSummaries>
    </summaries>
    <subjects>
      <billSubjects>
        <legislativeSubjects>
          <item>
            <name>Alliances</name>
          </item>
          <item>
            <name>Argentina</name>
          </item>
          <item>
            <name>Congressional tributes</name>
          </item>
          <item>
            <name>Criminal investigation, prosecution, interrogation</name>
          </item>
          <item>
            <name>Economic development</name>
          </item>
          <item>
            <name>Foreign loans and debt</name>
          </item>
          <item>
            <name>International organizations and cooperation</name>
          </item>
          <item>
            <name>Israel</name>
          </item>
          <item>
            <name>Latin America</name>
          </item>
          <item>
            <name>Middle East</name>
          </item>
          <item>
            <name>Terrorism</name>
          </item>
          <item>
            <name>United Nations</name>
          </item>
        </legislativeSubjects>
        <policyArea>
          <name>International Affairs</name>
        </policyArea>
      </billSubjects>
    </subjects>
    <billNumber>18</billNumber>
    <cboCostEstimates />
    <introducedDate>2017-01-23</introducedDate>
    <congress>115</congress>
    <billType>SRES</billType>
    <sponsors>
      <item>
        <state>DE</state>
        <middleName>A.</middleName>
        <bioguideId>C001088</bioguideId>
        <firstName>Christopher</firstName>
        <byRequestType />
        <lastName>Coons</lastName>
        <identifiers>
          <bioguideId>C001088</bioguideId>
          <lisID>1984</lisID>
          <gpoId>8297</gpoId>
        </identifiers>
        <fullName>Sen. Coons, Christopher A. [D-DE]</fullName>
        <party>D</party>
      </item>
    </sponsors>
    <amendments />
    <version>1.0.0</version>
    <relatedBills>
      <item>
        <relationshipDetails>
          <item>
            <type>Related bill</type>
            <identifiedBy>CRS</identifiedBy>
          </item>
        </relationshipDetails>
        <congress>115</congress>
        <type>HRES</type>
        <latestAction>
          <actionDate>2017-04-03</actionDate>
          <text>Motion to reconsider laid on the table Agreed to without objection.</text>
          <actionTime>17:49:14</actionTime>
        </latestAction>
        <latestTitle>Reaffirming the United States-Argentina partnership and recognizing Argentina's economic reforms.</latestTitle>
        <number>54</number>
      </item>
    </relatedBills>
    <createDate>2017-01-24T05:12:19Z</createDate>
    <updateDate>2018-02-22T15:29:17Z</updateDate>
    <recordedVotes />
    <titles>
      <item>
        <chamberName />
        <parentTitleType />
        <title>A resolution reaffirming the United States-Argentina partnership and recognizing Argentina's economic reforms.</title>
        <chamberCode />
        <titleType>Official Title as Introduced</titleType>
      </item>
      <item>
        <chamberName />
        <parentTitleType />
        <title>A resolution reaffirming the United States-Argentina partnership and recognizing Argentina's economic reforms.</title>
        <chamberCode />
        <titleType>Display Title</titleType>
      </item>
    </titles>
    <originChamber>Senate</originChamber>
  </bill>
  <dublinCore xmlns:dc="http://purl.org/dc/elements/1.1/">
    <dc:format>text/xml</dc:format>
    <dc:language>EN</dc:language>
    <dc:rights>Pursuant to Title 17 Section 105 of the United States Code, this file is not subject to copyright protection and is in the public domain.</dc:rights>
    <dc:contributor>Congressional Research Service, Library of Congress</dc:contributor>
    <dc:description>This file contains bill summaries and statuses for federal legislation. A bill summary describes the most significant provisions of a piece of legislation and details the effects the legislative text may have on current law and federal programs. Bill summaries are authored by the Congressional Research Service (CRS) of the Library of Congress. As stated in Public Law 91-510 (2 USC 166 (d)(6)), one of the duties of CRS is "to prepare summaries and digests of bills and resolutions of a public general nature introduced in the Senate or House of Representatives". For more information, refer to the User Guide that accompanies this file.</dc:description>
  </dublinCore>
</billStatus>

