<?xml version="1.0" encoding="UTF-8"?>
<billStatus>
  <bill>
    <createDate>2017-09-20T00:41:18Z</createDate>
    <introducedDate>2017-09-19</introducedDate>
    <congress>115</congress>
    <latestAction>
      <actionDate>2017-09-19</actionDate>
      <links />
      <text>Referred to the Committee on the Judiciary. (text of measure as introduced: CR S5866)</text>
    </latestAction>
    <originChamber>Senate</originChamber>
    <billNumber>264</billNumber>
    <sponsors>
      <item>
        <state>OR</state>
        <identifiers>
          <bioguideId>W000779</bioguideId>
          <gpoId>8265</gpoId>
          <lisID>1247</lisID>
        </identifiers>
        <bioguideId>W000779</bioguideId>
        <lastName>WYDEN</lastName>
        <fullName>Sen. Wyden, Ron [D-OR]</fullName>
        <firstName>RON</firstName>
        <party>D</party>
        <middleName />
        <byRequestType />
      </item>
    </sponsors>
    <title>A resolution designating September 2017 as "National Kinship Care Month".</title>
    <relatedBills>
      <item>
        <type>HRES</type>
        <latestAction>
          <text>Referred to the House Committee on Ways and Means.</text>
          <actionDate>2017-09-21</actionDate>
        </latestAction>
        <latestTitle>Expressing support for the designation of September 2017 as "National Kinship Care Month".</latestTitle>
        <relationshipDetails>
          <item>
            <type>Related bill</type>
            <identifiedBy>CRS</identifiedBy>
          </item>
        </relationshipDetails>
        <congress>115</congress>
        <number>531</number>
      </item>
    </relatedBills>
    <titles>
      <item>
        <titleType>Official Title as Introduced</titleType>
        <title>A resolution designating September 2017 as "National Kinship Care Month".</title>
        <chamberCode />
        <parentTitleType />
        <chamberName />
      </item>
      <item>
        <titleType>Display Title</titleType>
        <title>A resolution designating September 2017 as "National Kinship Care Month".</title>
        <chamberCode />
        <parentTitleType />
        <chamberName />
      </item>
    </titles>
    <billType>SRES</billType>
    <summaries>
      <billSummaries>
        <item>
          <updateDate>2017-09-19T04:00:00Z</updateDate>
          <lastSummaryUpdateDate>2017-09-25T16:32:39Z</lastSummaryUpdateDate>
          <actionDate>2017-09-19</actionDate>
          <name>Introduced in Senate</name>
          <actionDesc>Introduced in Senate</actionDesc>
          <versionCode>00</versionCode>
          <text><![CDATA[<p>This bill designates September 2017 as National Kinship Care Month. Honors the commitment and dedication of kinship caregivers and advocates. Encourages Congress to implement policies to improve the lives of vulnerable children and families.</p>]]></text>
        </item>
      </billSummaries>
    </summaries>
    <committeeReports />
    <laws />
    <subjects>
      <billSubjects>
        <legislativeSubjects>
          <item>
            <name>Adoption and foster care</name>
          </item>
          <item>
            <name>Child care and development</name>
          </item>
          <item>
            <name>Child safety and welfare</name>
          </item>
          <item>
            <name>Commemorative events and holidays</name>
          </item>
          <item>
            <name>Congressional tributes</name>
          </item>
          <item>
            <name>Family relationships</name>
          </item>
          <item>
            <name>Family services</name>
          </item>
        </legislativeSubjects>
        <policyArea>
          <name>Families</name>
        </policyArea>
      </billSubjects>
    </subjects>
    <committees>
      <billCommittees>
        <item>
          <subcommittees />
          <type>Standing</type>
          <systemCode>ssju00</systemCode>
          <activities>
            <item>
              <name>Referred to</name>
              <date>2017-09-19T22:12:27Z</date>
            </item>
          </activities>
          <name>Judiciary Committee</name>
          <chamber>Senate</chamber>
        </item>
      </billCommittees>
    </committees>
    <version>1.0.0</version>
    <recordedVotes />
    <updateDate>2018-02-06T16:44:15Z</updateDate>
    <calendarNumbers />
    <cboCostEstimates />
    <actions>
      <actionByCounts>
        <senate>2</senate>
      </actionByCounts>
      <actionTypeCounts>
        <referredToCommittee>1</referredToCommittee>
        <introducedInSenate>1</introducedInSenate>
      </actionTypeCounts>
      <item>
        <actionDate>2017-09-19</actionDate>
        <committee>
          <systemCode>ssju00</systemCode>
          <name>Judiciary Committee</name>
        </committee>
        <links>
          <link>
            <name>S5866</name>
            <url>https://www.congress.gov/congressional-record/volume-163/senate-section/page/S5866</url>
          </link>
        </links>
        <sourceSystem>
          <name>Senate</name>
          <code>0</code>
        </sourceSystem>
        <text>Referred to the Committee on the Judiciary. (text of measure as introduced: CR S5866)</text>
        <type>IntroReferral</type>
      </item>
      <item>
        <sourceSystem>
          <name>Library of Congress</name>
          <code>9</code>
        </sourceSystem>
        <actionDate>2017-09-19</actionDate>
        <text>Introduced in Senate</text>
        <type>IntroReferral</type>
        <links />
        <committee />
        <actionCode>10000</actionCode>
      </item>
    </actions>
    <amendments />
    <notes />
    <policyArea>
      <name>Families</name>
    </policyArea>
    <cosponsors>
      <item>
        <state>UT</state>
        <identifiers>
          <bioguideId>H000338</bioguideId>
          <lisID>1351</lisID>
          <gpoId>8314</gpoId>
        </identifiers>
        <bioguideId>H000338</bioguideId>
        <sponsorshipDate>2017-09-19</sponsorshipDate>
        <lastName>HATCH</lastName>
        <fullName>Sen. Hatch, Orrin G. [R-UT]</fullName>
        <firstName>ORRIN</firstName>
        <party>R</party>
        <middleName>GRANT</middleName>
        <isOriginalCosponsor>True</isOriginalCosponsor>
        <sponsorshipWithdrawnDate />
      </item>
      <item>
        <state>PA</state>
        <identifiers>
          <bioguideId>C001070</bioguideId>
          <lisID>1828</lisID>
          <gpoId>8282</gpoId>
        </identifiers>
        <bioguideId>C001070</bioguideId>
        <sponsorshipDate>2017-09-19</sponsorshipDate>
        <lastName>Casey</lastName>
        <fullName>Sen. Casey, Robert P., Jr. [D-PA]</fullName>
        <firstName>Bob</firstName>
        <party>D</party>
        <middleName />
        <isOriginalCosponsor>True</isOriginalCosponsor>
        <sponsorshipWithdrawnDate />
      </item>
      <item>
        <state>VA</state>
        <identifiers>
          <gpoId />
          <lisID>2176</lisID>
          <bioguideId>K000384</bioguideId>
        </identifiers>
        <bioguideId>K000384</bioguideId>
        <sponsorshipDate>2017-09-19</sponsorshipDate>
        <lastName>Kaine</lastName>
        <fullName>Sen. Kaine, Tim [D-VA]</fullName>
        <firstName>Timothy</firstName>
        <party>D</party>
        <middleName />
        <isOriginalCosponsor>True</isOriginalCosponsor>
        <sponsorshipWithdrawnDate />
      </item>
      <item>
        <state>MN</state>
        <identifiers>
          <lisID>1826</lisID>
          <bioguideId>K000367</bioguideId>
          <gpoId>8249</gpoId>
        </identifiers>
        <bioguideId>K000367</bioguideId>
        <sponsorshipDate>2017-09-19</sponsorshipDate>
        <lastName>Klobuchar</lastName>
        <fullName>Sen. Klobuchar, Amy [D-MN]</fullName>
        <firstName>Amy</firstName>
        <party>D</party>
        <middleName />
        <isOriginalCosponsor>True</isOriginalCosponsor>
        <sponsorshipWithdrawnDate />
      </item>
      <item>
        <state>NY</state>
        <identifiers>
          <lisID>1866</lisID>
          <gpoId>8336</gpoId>
          <bioguideId>G000555</bioguideId>
        </identifiers>
        <bioguideId>G000555</bioguideId>
        <sponsorshipDate>2017-09-27</sponsorshipDate>
        <lastName>Gillibrand</lastName>
        <fullName>Sen. Gillibrand, Kirsten E. [D-NY]</fullName>
        <firstName>Kirsten</firstName>
        <party>D</party>
        <middleName>E.</middleName>
        <isOriginalCosponsor>False</isOriginalCosponsor>
        <sponsorshipWithdrawnDate />
      </item>
      <item>
        <state>NY</state>
        <identifiers>
          <bioguideId>S000148</bioguideId>
          <gpoId>8279</gpoId>
          <lisID>1036</lisID>
        </identifiers>
        <bioguideId>S000148</bioguideId>
        <sponsorshipDate>2017-09-27</sponsorshipDate>
        <lastName>SCHUMER</lastName>
        <fullName>Sen. Schumer, Charles E. [D-NY]</fullName>
        <firstName>CHARLES</firstName>
        <party>D</party>
        <middleName>E.</middleName>
        <isOriginalCosponsor>False</isOriginalCosponsor>
        <sponsorshipWithdrawnDate />
      </item>
      <item>
        <state>MT</state>
        <identifiers>
          <lisID>2138</lisID>
          <gpoId />
          <bioguideId>D000618</bioguideId>
        </identifiers>
        <bioguideId>D000618</bioguideId>
        <sponsorshipDate>2017-09-28</sponsorshipDate>
        <lastName>Daines</lastName>
        <fullName>Sen. Daines, Steve [R-MT]</fullName>
        <firstName>Steve</firstName>
        <party>R</party>
        <middleName />
        <isOriginalCosponsor>False</isOriginalCosponsor>
        <sponsorshipWithdrawnDate />
      </item>
    </cosponsors>
  </bill>
  <dublinCore xmlns:dc="http://purl.org/dc/elements/1.1/">
    <dc:format>text/xml</dc:format>
    <dc:language>EN</dc:language>
    <dc:rights>Pursuant to Title 17 Section 105 of the United States Code, this file is not subject to copyright protection and is in the public domain.</dc:rights>
    <dc:contributor>Congressional Research Service, Library of Congress</dc:contributor>
    <dc:description>This file contains bill summaries and statuses for federal legislation. A bill summary describes the most significant provisions of a piece of legislation and details the effects the legislative text may have on current law and federal programs. Bill summaries are authored by the Congressional Research Service (CRS) of the Library of Congress. As stated in Public Law 91-510 (2 USC 166 (d)(6)), one of the duties of CRS is "to prepare summaries and digests of bills and resolutions of a public general nature introduced in the Senate or House of Representatives". For more information, refer to the User Guide that accompanies this file.</dc:description>
  </dublinCore>
</billStatus>

