<?xml version="1.0" encoding="UTF-8"?>
<billStatus>
  <bill>
    <committeeReports />
    <originChamber>Senate</originChamber>
    <billNumber>265</billNumber>
    <actions>
      <actionTypeCounts>
        <passedOrAgreedToInSenateDayOf>1</passedOrAgreedToInSenateDayOf>
        <introducedInSenate>1</introducedInSenate>
        <passedAgreedToInSenate>1</passedAgreedToInSenate>
      </actionTypeCounts>
      <item>
        <actionDate>2017-09-19</actionDate>
        <committee />
        <links>
          <link>
            <url>https://www.congress.gov/congressional-record/volume-163/senate-section/page/S5866-5867</url>
            <name>S5866-5867</name>
          </link>
          <link>
            <url>https://www.congress.gov/congressional-record/volume-163/senate-section/page/S5867-5868</url>
            <name>S5867-5868</name>
          </link>
        </links>
        <sourceSystem>
          <name>Senate</name>
          <code>0</code>
        </sourceSystem>
        <text>Submitted in the Senate, considered, and agreed to without amendment and with a preamble by Unanimous Consent. (consideration: CR S5867-5868; text: CR S5866-5867)</text>
        <type>Floor</type>
      </item>
      <item>
        <text>Passed/agreed to in Senate: Submitted in the Senate, considered, and agreed to without amendment and with a preamble by Unanimous Consent.(consideration: CR S5867-5868; text: CR S5866-5867)</text>
        <links>
          <link>
            <url>https://www.congress.gov/congressional-record/volume-163/senate-section/page/S5866-5867</url>
            <name>S5866-5867</name>
          </link>
          <link>
            <url>https://www.congress.gov/congressional-record/volume-163/senate-section/page/S5867-5868</url>
            <name>S5867-5868</name>
          </link>
        </links>
        <actionDate>2017-09-19</actionDate>
        <committee />
        <sourceSystem>
          <name>Library of Congress</name>
          <code>9</code>
        </sourceSystem>
        <type>Floor</type>
        <actionCode>17000</actionCode>
      </item>
      <item>
        <text>Introduced in Senate</text>
        <links />
        <actionDate>2017-09-19</actionDate>
        <committee />
        <sourceSystem>
          <name>Library of Congress</name>
          <code>9</code>
        </sourceSystem>
        <type>IntroReferral</type>
        <actionCode>10000</actionCode>
      </item>
      <actionByCounts>
        <senate>3</senate>
      </actionByCounts>
    </actions>
    <calendarNumbers />
    <updateDate>2018-02-06T16:44:15Z</updateDate>
    <cosponsors>
      <item>
        <isOriginalCosponsor>True</isOriginalCosponsor>
        <fullName>Sen. Casey, Robert P., Jr. [D-PA]</fullName>
        <firstName>Bob</firstName>
        <identifiers>
          <bioguideId>C001070</bioguideId>
          <lisID>1828</lisID>
          <gpoId>8282</gpoId>
        </identifiers>
        <party>D</party>
        <sponsorshipDate>2017-09-19</sponsorshipDate>
        <lastName>Casey</lastName>
        <bioguideId>C001070</bioguideId>
        <state>PA</state>
        <middleName />
        <sponsorshipWithdrawnDate />
      </item>
      <item>
        <isOriginalCosponsor>False</isOriginalCosponsor>
        <fullName>Sen. King, Angus S., Jr. [I-ME]</fullName>
        <firstName>Angus</firstName>
        <identifiers>
          <lisID>2185</lisID>
          <bioguideId>K000383</bioguideId>
          <gpoId />
        </identifiers>
        <party>I</party>
        <sponsorshipDate>2017-09-25</sponsorshipDate>
        <lastName>King</lastName>
        <bioguideId>K000383</bioguideId>
        <state>ME</state>
        <middleName />
        <sponsorshipWithdrawnDate />
      </item>
    </cosponsors>
    <notes />
    <subjects>
      <billSubjects>
        <policyArea>
          <name>Health</name>
        </policyArea>
        <legislativeSubjects>
          <item>
            <name>Accidents</name>
          </item>
          <item>
            <name>Aging</name>
          </item>
          <item>
            <name>Commemorative events and holidays</name>
          </item>
          <item>
            <name>Congressional tributes</name>
          </item>
          <item>
            <name>Health care costs and insurance</name>
          </item>
          <item>
            <name>Health promotion and preventive care</name>
          </item>
        </legislativeSubjects>
      </billSubjects>
    </subjects>
    <committees>
      <billCommittees />
    </committees>
    <version>1.0.0</version>
    <recordedVotes />
    <policyArea>
      <name>Health</name>
    </policyArea>
    <cboCostEstimates />
    <introducedDate>2017-09-19</introducedDate>
    <title>A resolution designating September 22, 2017, as "National Falls Prevention Awareness Day" to raise awareness and encourage the prevention of falls among older adults.</title>
    <amendments />
    <congress>115</congress>
    <billType>SRES</billType>
    <createDate>2017-09-20T00:41:18Z</createDate>
    <sponsors>
      <item>
        <lastName>COLLINS</lastName>
        <party>R</party>
        <state>ME</state>
        <bioguideId>C001035</bioguideId>
        <middleName>MARGARET</middleName>
        <byRequestType />
        <fullName>Sen. Collins, Susan M. [R-ME]</fullName>
        <firstName>SUSAN</firstName>
        <identifiers>
          <gpoId>8291</gpoId>
          <bioguideId>C001035</bioguideId>
          <lisID>1541</lisID>
        </identifiers>
      </item>
    </sponsors>
    <latestAction>
      <text>Submitted in the Senate, considered, and agreed to without amendment and with a preamble by Unanimous Consent. (consideration: CR S5867-5868; text: CR S5866-5867)</text>
      <links />
      <actionDate>2017-09-19</actionDate>
    </latestAction>
    <relatedBills />
    <laws />
    <titles>
      <item>
        <chamberCode />
        <title>A resolution designating September 22, 2017, as "National Falls Prevention Awareness Day" to raise awareness and encourage the prevention of falls among older adults.</title>
        <titleType>Official Title as Introduced</titleType>
        <parentTitleType />
        <chamberName />
      </item>
      <item>
        <chamberCode />
        <title>A resolution designating September 22, 2017, as "National Falls Prevention Awareness Day" to raise awareness and encourage the prevention of falls among older adults.</title>
        <titleType>Display Title</titleType>
        <parentTitleType />
        <chamberName />
      </item>
    </titles>
    <summaries>
      <billSummaries>
        <item>
          <versionCode>00</versionCode>
          <updateDate>2017-09-19T04:00:00Z</updateDate>
          <actionDesc>Introduced in Senate</actionDesc>
          <lastSummaryUpdateDate>2017-09-22T22:07:46Z</lastSummaryUpdateDate>
          <actionDate>2017-09-19</actionDate>
          <name>Introduced in Senate</name>
          <text><![CDATA[<p>Designates September 22, 2017, as National Falls Prevention Awareness Day. </p> <p>Recognizes that there are cost-effective falls prevention programs and policies. </p> <p>Commends the Falls Free Coalition and others for their efforts to increase awareness of falls prevention.</p> <p>Recognizes: (1) the Centers for Disease Control and Prevention for its work to make falls prevention a routine part of clinical care, and (2) the Administration for Community Living for its work to promote access to evidence-based programs and services.</p>]]></text>
        </item>
        <item>
          <versionCode>82</versionCode>
          <updateDate>2017-09-19T16:24:26Z</updateDate>
          <actionDesc>Passed Senate without amendment</actionDesc>
          <lastSummaryUpdateDate>2017-10-03T21:16:44Z</lastSummaryUpdateDate>
          <actionDate>2017-09-19</actionDate>
          <name>Passed Senate without amendment</name>
          <text><![CDATA[<p>(This measure has not been amended since it was introduced. The summary of that version is repeated here.)</p> <p>Designates September 22, 2017, as National Falls Prevention Awareness Day. </p> <p>Recognizes that there are cost-effective falls prevention programs and policies. </p> <p>Commends the Falls Free Coalition and others for their efforts to increase awareness of falls prevention.</p> <p>Recognizes: (1) the Centers for Disease Control and Prevention for its work to make falls prevention a routine part of clinical care, and (2) the Administration for Community Living for its work to promote access to evidence-based programs and services.</p>]]></text>
        </item>
      </billSummaries>
    </summaries>
  </bill>
  <dublinCore xmlns:dc="http://purl.org/dc/elements/1.1/">
    <dc:format>text/xml</dc:format>
    <dc:language>EN</dc:language>
    <dc:rights>Pursuant to Title 17 Section 105 of the United States Code, this file is not subject to copyright protection and is in the public domain.</dc:rights>
    <dc:contributor>Congressional Research Service, Library of Congress</dc:contributor>
    <dc:description>This file contains bill summaries and statuses for federal legislation. A bill summary describes the most significant provisions of a piece of legislation and details the effects the legislative text may have on current law and federal programs. Bill summaries are authored by the Congressional Research Service (CRS) of the Library of Congress. As stated in Public Law 91-510 (2 USC 166 (d)(6)), one of the duties of CRS is "to prepare summaries and digests of bills and resolutions of a public general nature introduced in the Senate or House of Representatives". For more information, refer to the User Guide that accompanies this file.</dc:description>
  </dublinCore>
</billStatus>

