<?xml version="1.0" encoding="UTF-8"?>
<billStatus>
  <bill>
    <amendments />
    <title>A resolution designating the week of October 2 through October 6, 2017, as "National Health Information Technology Week" to recognize the value of health information technology in transforming and improving the healthcare system for all people in the United States.</title>
    <sponsors>
      <item>
        <fullName>Sen. Stabenow, Debbie [D-MI]</fullName>
        <middleName>ANN</middleName>
        <firstName>DEBORAH</firstName>
        <bioguideId>S000770</bioguideId>
        <party>D</party>
        <state>MI</state>
        <lastName>STABENOW</lastName>
        <identifiers>
          <bioguideId>S000770</bioguideId>
          <lisID>1531</lisID>
          <gpoId>8261</gpoId>
        </identifiers>
        <byRequestType />
      </item>
    </sponsors>
    <cboCostEstimates />
    <laws />
    <version>1.0.0</version>
    <committees>
      <billCommittees>
        <item>
          <activities>
            <item>
              <name>Discharged from</name>
              <date>2017-10-25T22:39:04Z</date>
            </item>
            <item>
              <name>Referred to</name>
              <date>2017-10-03T15:09:11Z</date>
            </item>
          </activities>
          <subcommittees />
          <systemCode>ssju00</systemCode>
          <name>Judiciary Committee</name>
          <type>Standing</type>
          <chamber>Senate</chamber>
        </item>
      </billCommittees>
    </committees>
    <subjects>
      <billSubjects>
        <legislativeSubjects>
          <item>
            <name>Commemorative events and holidays</name>
          </item>
          <item>
            <name>Health information and medical records</name>
          </item>
          <item>
            <name>Health technology, devices, supplies</name>
          </item>
        </legislativeSubjects>
        <policyArea>
          <name>Health</name>
        </policyArea>
      </billSubjects>
    </subjects>
    <cosponsors>
      <item>
        <identifiers>
          <lisID>1534</lisID>
          <gpoId>8257</gpoId>
          <bioguideId>T000250</bioguideId>
        </identifiers>
        <middleName>R.</middleName>
        <state>SD</state>
        <bioguideId>T000250</bioguideId>
        <firstName>JOHN</firstName>
        <sponsorshipWithdrawnDate />
        <sponsorshipDate>2017-10-03</sponsorshipDate>
        <fullName>Sen. Thune, John [R-SD]</fullName>
        <lastName>THUNE</lastName>
        <party>R</party>
        <isOriginalCosponsor>True</isOriginalCosponsor>
      </item>
      <item>
        <identifiers>
          <lisID>2185</lisID>
          <gpoId />
          <bioguideId>K000383</bioguideId>
        </identifiers>
        <middleName />
        <state>ME</state>
        <bioguideId>K000383</bioguideId>
        <firstName>Angus</firstName>
        <sponsorshipWithdrawnDate />
        <sponsorshipDate>2017-10-04</sponsorshipDate>
        <fullName>Sen. King, Angus S., Jr. [I-ME]</fullName>
        <lastName>King</lastName>
        <party>I</party>
        <isOriginalCosponsor>False</isOriginalCosponsor>
      </item>
      <item>
        <identifiers>
          <bioguideId>K000367</bioguideId>
          <gpoId>8249</gpoId>
          <lisID>1826</lisID>
        </identifiers>
        <middleName />
        <state>MN</state>
        <bioguideId>K000367</bioguideId>
        <firstName>Amy</firstName>
        <sponsorshipWithdrawnDate />
        <sponsorshipDate>2017-10-04</sponsorshipDate>
        <fullName>Sen. Klobuchar, Amy [D-MN]</fullName>
        <lastName>Klobuchar</lastName>
        <party>D</party>
        <isOriginalCosponsor>False</isOriginalCosponsor>
      </item>
    </cosponsors>
    <updateDate>2018-02-27T05:28:27Z</updateDate>
    <originChamber>Senate</originChamber>
    <createDate>2017-10-04T00:41:23Z</createDate>
    <recordedVotes />
    <relatedBills />
    <notes />
    <introducedDate>2017-10-03</introducedDate>
    <latestAction>
      <actionDate>2017-10-25</actionDate>
      <text>Resolution agreed to in Senate without amendment and with a preamble by Unanimous Consent.</text>
      <links />
    </latestAction>
    <calendarNumbers />
    <billNumber>280</billNumber>
    <policyArea>
      <name>Health</name>
    </policyArea>
    <titles>
      <item>
        <titleType>Official Title as Introduced</titleType>
        <chamberCode />
        <chamberName />
        <title>A resolution designating the week of October 2 through October 6, 2017, as "National Health Information Technology Week" to recognize the value of health information technology in transforming and improving the healthcare system for all people in the United States.</title>
        <parentTitleType />
      </item>
      <item>
        <titleType>Display Title</titleType>
        <chamberCode />
        <chamberName />
        <title>A resolution designating the week of October 2 through October 6, 2017, as "National Health Information Technology Week" to recognize the value of health information technology in transforming and improving the healthcare system for all people in the United States.</title>
        <parentTitleType />
      </item>
    </titles>
    <congress>115</congress>
    <actions>
      <actionByCounts>
        <senate>6</senate>
      </actionByCounts>
      <actionTypeCounts>
        <passedAgreedToInSenate>1</passedAgreedToInSenate>
        <introducedInSenate>1</introducedInSenate>
        <agreedToInSenate>1</agreedToInSenate>
        <senateCommitteeDischarged>1</senateCommitteeDischarged>
        <referredToCommittee>1</referredToCommittee>
        <committeeDischarged>1</committeeDischarged>
      </actionTypeCounts>
      <item>
        <actionDate>2017-10-25</actionDate>
        <committee />
        <links />
        <sourceSystem>
          <name>Senate</name>
          <code>0</code>
        </sourceSystem>
        <text>Resolution agreed to in Senate without amendment and with a preamble by Unanimous Consent.</text>
        <type>Floor</type>
      </item>
      <item>
        <sourceSystem>
          <name>Library of Congress</name>
          <code>9</code>
        </sourceSystem>
        <links />
        <committee />
        <text>Passed/agreed to in Senate: Resolution agreed to in Senate without amendment and with a preamble by Unanimous Consent.</text>
        <type>Floor</type>
        <actionCode>17000</actionCode>
        <actionDate>2017-10-25</actionDate>
      </item>
      <item>
        <actionDate>2017-10-25</actionDate>
        <committee>
          <systemCode>ssju00</systemCode>
          <name>Judiciary Committee</name>
        </committee>
        <links>
          <link>
            <url>https://www.congress.gov/congressional-record/volume-163/senate-section/page/S6820</url>
            <name>S6820</name>
          </link>
        </links>
        <sourceSystem>
          <name>Senate</name>
          <code>0</code>
        </sourceSystem>
        <text>Senate Committee on the Judiciary discharged by Unanimous Consent. (consideration: CR S6820)</text>
        <type>Discharge</type>
      </item>
      <item>
        <sourceSystem>
          <name>Library of Congress</name>
          <code>9</code>
        </sourceSystem>
        <links />
        <committee>
          <systemCode>ssju00</systemCode>
          <name>Judiciary Committee</name>
        </committee>
        <text>Senate Committee on the Judiciary discharged by Unanimous Consent.</text>
        <type>Committee</type>
        <actionCode>14500</actionCode>
        <actionDate>2017-10-25</actionDate>
      </item>
      <item>
        <actionDate>2017-10-03</actionDate>
        <committee>
          <systemCode>ssju00</systemCode>
          <name>Judiciary Committee</name>
        </committee>
        <links>
          <link>
            <url>https://www.congress.gov/congressional-record/volume-163/senate-section/page/S6291-6292</url>
            <name>S6291-6292</name>
          </link>
        </links>
        <sourceSystem>
          <name>Senate</name>
          <code>0</code>
        </sourceSystem>
        <text>Referred to the Committee on the Judiciary. (text of measure as introduced: CR S6291-6292)</text>
        <type>IntroReferral</type>
      </item>
      <item>
        <sourceSystem>
          <name>Library of Congress</name>
          <code>9</code>
        </sourceSystem>
        <links />
        <committee />
        <text>Introduced in Senate</text>
        <type>IntroReferral</type>
        <actionCode>10000</actionCode>
        <actionDate>2017-10-03</actionDate>
      </item>
    </actions>
    <summaries>
      <billSummaries>
        <item>
          <actionDesc>Introduced in Senate</actionDesc>
          <actionDate>2017-10-03</actionDate>
          <text><![CDATA[<p>Designates October 2-October 6, 2017, as National Health Information Technology Week, recognizes&nbsp;the value of information technology in transforming health care, and encourages all interested parties to promote the use of information technology.</p>]]></text>
          <versionCode>00</versionCode>
          <updateDate>2017-10-03T04:00:00Z</updateDate>
          <lastSummaryUpdateDate>2018-02-08T22:06:26Z</lastSummaryUpdateDate>
          <name>Introduced in Senate</name>
        </item>
        <item>
          <actionDesc>Passed Senate without amendment</actionDesc>
          <actionDate>2017-10-25</actionDate>
          <text><![CDATA[<p>(This measure has not been amended since it was introduced. The summary of that version is repeated here.)</p> <p>Designates October 2-October 6, 2017, as National Health Information Technology Week, recognizes&nbsp;the value of information technology in transforming health care, and encourages all interested parties to promote the use of information technology.</p>]]></text>
          <versionCode>82</versionCode>
          <updateDate>2017-10-25T12:23:09Z</updateDate>
          <lastSummaryUpdateDate>2018-02-21T22:32:55Z</lastSummaryUpdateDate>
          <name>Passed Senate without amendment</name>
        </item>
      </billSummaries>
    </summaries>
    <billType>SRES</billType>
    <committeeReports />
  </bill>
  <dublinCore xmlns:dc="http://purl.org/dc/elements/1.1/">
    <dc:format>text/xml</dc:format>
    <dc:language>EN</dc:language>
    <dc:rights>Pursuant to Title 17 Section 105 of the United States Code, this file is not subject to copyright protection and is in the public domain.</dc:rights>
    <dc:contributor>Congressional Research Service, Library of Congress</dc:contributor>
    <dc:description>This file contains bill summaries and statuses for federal legislation. A bill summary describes the most significant provisions of a piece of legislation and details the effects the legislative text may have on current law and federal programs. Bill summaries are authored by the Congressional Research Service (CRS) of the Library of Congress. As stated in Public Law 91-510 (2 USC 166 (d)(6)), one of the duties of CRS is "to prepare summaries and digests of bills and resolutions of a public general nature introduced in the Senate or House of Representatives". For more information, refer to the User Guide that accompanies this file.</dc:description>
  </dublinCore>
</billStatus>

