<?xml version="1.0" encoding="UTF-8"?>
<billStatus>
  <bill>
    <cboCostEstimates />
    <summaries>
      <billSummaries>
        <item>
          <versionCode>00</versionCode>
          <actionDesc>Introduced in Senate</actionDesc>
          <name>Introduced in Senate</name>
          <lastSummaryUpdateDate>2017-10-31T20:19:35Z</lastSummaryUpdateDate>
          <actionDate>2017-07-10</actionDate>
          <text><![CDATA[<p>Calls on the government of Iran to: (1) release Siamak Namazi, Baquer Namazi, Nizar Zakka, and any other U.S. citizen, legal permanent resident alien, or foreign national being unjustly detained in Iran; and (2) fulfill its promises to assist in locating and returning Robert Levinson. </p> <p>Encourages the President to: (1) take meaningful action to secure the release of such individuals if Iran does not do so, and (2) make the release of U.S. citizens and legal permanent resident aliens held hostage by the Iranian government the highest of priorities.</p> <p>Requests the United States and its allies whose nationals have been detained to consider establishing a multinational task force to secure the release of the detainees. </p>]]></text>
          <updateDate>2017-07-10T04:00:00Z</updateDate>
        </item>
      </billSummaries>
    </summaries>
    <billNumber>216</billNumber>
    <actions>
      <actionByCounts>
        <senate>2</senate>
      </actionByCounts>
      <item>
        <actionDate>2017-07-10</actionDate>
        <committee>
          <name>Foreign Relations Committee</name>
          <systemCode>ssfr00</systemCode>
        </committee>
        <links />
        <sourceSystem>
          <code>0</code>
          <name>Senate</name>
        </sourceSystem>
        <text>Referred to the Committee on Foreign Relations.</text>
        <type>IntroReferral</type>
      </item>
      <item>
        <links />
        <committee />
        <actionCode>10000</actionCode>
        <actionDate>2017-07-10</actionDate>
        <text>Introduced in Senate</text>
        <sourceSystem>
          <code>9</code>
          <name>Library of Congress</name>
        </sourceSystem>
        <type>IntroReferral</type>
      </item>
      <actionTypeCounts>
        <introducedInSenate>1</introducedInSenate>
        <referredToCommittee>1</referredToCommittee>
      </actionTypeCounts>
    </actions>
    <recordedVotes />
    <relatedBills>
      <item>
        <latestTitle>Calling for the unconditional release of United States citizens and legal permanent resident aliens being held for political purposes by the Government of Iran.</latestTitle>
        <congress>115</congress>
        <type>HRES</type>
        <latestAction>
          <actionDate>2017-07-26</actionDate>
          <text>Motion to reconsider laid on the table Agreed to without objection.</text>
          <actionTime>15:10:29</actionTime>
        </latestAction>
        <relationshipDetails>
          <item>
            <type>Related bill</type>
            <identifiedBy>CRS</identifiedBy>
          </item>
        </relationshipDetails>
        <number>317</number>
      </item>
      <item>
        <latestTitle>A resolution calling on the Government of Iran to release unjustly detained United States citizens and legal permanent resident aliens, and for other purposes.</latestTitle>
        <congress>115</congress>
        <type>SRES</type>
        <latestAction>
          <actionDate>2017-10-31</actionDate>
          <text>Resolution agreed to in Senate without amendment and with a preamble by Unanimous Consent. (consideration: CR S6931)</text>
        </latestAction>
        <relationshipDetails>
          <item>
            <type>Related bill</type>
            <identifiedBy>CRS</identifiedBy>
          </item>
        </relationshipDetails>
        <number>245</number>
      </item>
    </relatedBills>
    <committeeReports />
    <congress>115</congress>
    <updateDate>2018-02-20T20:17:31Z</updateDate>
    <createDate>2017-07-11T00:26:33Z</createDate>
    <sponsors>
      <item>
        <firstName>Ted</firstName>
        <byRequestType />
        <bioguideId>C001098</bioguideId>
        <identifiers>
          <lisID>2175</lisID>
          <gpoId />
          <bioguideId>C001098</bioguideId>
        </identifiers>
        <state>TX</state>
        <fullName>Sen. Cruz, Ted [R-TX]</fullName>
        <lastName>Cruz</lastName>
        <middleName />
        <party>R</party>
      </item>
    </sponsors>
    <calendarNumbers />
    <latestAction>
      <links />
      <actionDate>2017-07-10</actionDate>
      <text>Referred to the Committee on Foreign Relations.</text>
    </latestAction>
    <laws />
    <subjects>
      <billSubjects>
        <legislativeSubjects>
          <item>
            <name>Detention of persons</name>
          </item>
          <item>
            <name>Diplomacy, foreign officials, Americans abroad</name>
          </item>
          <item>
            <name>Human rights</name>
          </item>
          <item>
            <name>International organizations and cooperation</name>
          </item>
          <item>
            <name>Iran</name>
          </item>
          <item>
            <name>Middle East</name>
          </item>
        </legislativeSubjects>
        <policyArea>
          <name>International Affairs</name>
        </policyArea>
      </billSubjects>
    </subjects>
    <policyArea>
      <name>International Affairs</name>
    </policyArea>
    <committees>
      <billCommittees>
        <item>
          <name>Foreign Relations Committee</name>
          <activities>
            <item>
              <date>2017-07-10T21:42:47Z</date>
              <name>Referred to</name>
            </item>
          </activities>
          <type>Standing</type>
          <chamber>Senate</chamber>
          <subcommittees />
          <systemCode>ssfr00</systemCode>
        </item>
      </billCommittees>
    </committees>
    <billType>SRES</billType>
    <version>1.0.0</version>
    <title>A resolution calling on the Government of Iran to release unjustly detained United States citizens and legal permanent resident aliens, and for other purposes.</title>
    <cosponsors />
    <amendments />
    <notes />
    <originChamber>Senate</originChamber>
    <titles>
      <item>
        <title>A resolution calling on the Government of Iran to release unjustly detained United States citizens and legal permanent resident aliens, and for other purposes.</title>
        <titleType>Official Title as Introduced</titleType>
        <chamberName />
        <parentTitleType />
        <chamberCode />
      </item>
      <item>
        <title>A resolution calling on the Government of Iran to release unjustly detained United States citizens and legal permanent resident aliens, and for other purposes.</title>
        <titleType>Display Title</titleType>
        <chamberName />
        <parentTitleType />
        <chamberCode />
      </item>
    </titles>
    <introducedDate>2017-07-10</introducedDate>
  </bill>
  <dublinCore xmlns:dc="http://purl.org/dc/elements/1.1/">
    <dc:format>text/xml</dc:format>
    <dc:language>EN</dc:language>
    <dc:rights>Pursuant to Title 17 Section 105 of the United States Code, this file is not subject to copyright protection and is in the public domain.</dc:rights>
    <dc:contributor>Congressional Research Service, Library of Congress</dc:contributor>
    <dc:description>This file contains bill summaries and statuses for federal legislation. A bill summary describes the most significant provisions of a piece of legislation and details the effects the legislative text may have on current law and federal programs. Bill summaries are authored by the Congressional Research Service (CRS) of the Library of Congress. As stated in Public Law 91-510 (2 USC 166 (d)(6)), one of the duties of CRS is "to prepare summaries and digests of bills and resolutions of a public general nature introduced in the Senate or House of Representatives". For more information, refer to the User Guide that accompanies this file.</dc:description>
  </dublinCore>
</billStatus>

