<?xml version="1.0" encoding="UTF-8"?>
<billStatus>
  <bill>
    <titles>
      <item>
        <chamberCode />
        <titleType>Official Title as Introduced</titleType>
        <parentTitleType />
        <chamberName />
        <title>A resolution expressing the sense of the Senate that clean water is a national priority, and that the June 29, 2015, Waters of the United States Rule should be withdrawn or vacated.</title>
      </item>
      <item>
        <chamberCode />
        <titleType>Display Title</titleType>
        <parentTitleType />
        <chamberName />
        <title>A resolution expressing the sense of the Senate that clean water is a national priority, and that the June 29, 2015, Waters of the United States Rule should be withdrawn or vacated.</title>
      </item>
    </titles>
    <committeeReports />
    <sponsors>
      <item>
        <firstName>Deb</firstName>
        <identifiers>
          <gpoId />
          <bioguideId>F000463</bioguideId>
          <lisID>2179</lisID>
        </identifiers>
        <party>R</party>
        <bioguideId>F000463</bioguideId>
        <lastName>Fischer</lastName>
        <fullName>Sen. Fischer, Deb [R-NE]</fullName>
        <byRequestType />
        <middleName />
        <state>NE</state>
      </item>
    </sponsors>
    <title>A resolution expressing the sense of the Senate that clean water is a national priority, and that the June 29, 2015, Waters of the United States Rule should be withdrawn or vacated.</title>
    <actions>
      <actionByCounts>
        <senate>2</senate>
      </actionByCounts>
      <actionTypeCounts>
        <referredToCommittee>1</referredToCommittee>
        <introducedInSenate>1</introducedInSenate>
      </actionTypeCounts>
      <item>
        <actionDate>2017-01-12</actionDate>
        <committee>
          <systemCode>ssev00</systemCode>
          <name>Environment and Public Works Committee</name>
        </committee>
        <links />
        <sourceSystem>
          <name>Senate</name>
          <code>0</code>
        </sourceSystem>
        <text>Referred to the Committee on Environment and Public Works.</text>
        <type>IntroReferral</type>
      </item>
      <item>
        <sourceSystem>
          <name>Library of Congress</name>
          <code>9</code>
        </sourceSystem>
        <actionDate>2017-01-12</actionDate>
        <text>Introduced in Senate</text>
        <type>IntroReferral</type>
        <links />
        <committee />
        <actionCode>10000</actionCode>
      </item>
    </actions>
    <summaries>
      <billSummaries>
        <item>
          <versionCode>00</versionCode>
          <actionDate>2017-01-12</actionDate>
          <updateDate>2017-01-12T05:00:00Z</updateDate>
          <text><![CDATA[<p>Calls for the nullification of the final rule entitled, &quot;Clean Water Rule: Definition of 'Waters of the United States,'&quot; about the scope of the Federal Water Pollution Control Act (commonly known as the Clean Water Act). The Environmental Protection Agency and the U.S. Army Corps of Engineers issued the rule on June 29, 2015.</p>]]></text>
          <actionDesc>Introduced in Senate</actionDesc>
          <name>Introduced in Senate</name>
          <lastSummaryUpdateDate>2017-01-26T17:25:35Z</lastSummaryUpdateDate>
        </item>
      </billSummaries>
    </summaries>
    <recordedVotes />
    <billNumber>12</billNumber>
    <calendarNumbers />
    <cosponsors>
      <item>
        <lastName>Ernst</lastName>
        <sponsorshipDate>2017-01-12</sponsorshipDate>
        <party>R</party>
        <state>IA</state>
        <bioguideId>E000295</bioguideId>
        <middleName />
        <sponsorshipWithdrawnDate />
        <fullName>Sen. Ernst, Joni  [R-IA]</fullName>
        <firstName>Joni</firstName>
        <isOriginalCosponsor>True</isOriginalCosponsor>
        <identifiers>
          <bioguideId>E000295</bioguideId>
          <gpoId />
          <lisID>2283</lisID>
        </identifiers>
      </item>
    </cosponsors>
    <version>1.0.0</version>
    <subjects>
      <billSubjects>
        <policyArea>
          <name>Environmental Protection</name>
        </policyArea>
        <legislativeSubjects>
          <item>
            <name>Administrative law and regulatory procedures</name>
          </item>
          <item>
            <name>Army Corps of Engineers</name>
          </item>
          <item>
            <name>Congressional oversight</name>
          </item>
          <item>
            <name>Department of Defense</name>
          </item>
          <item>
            <name>Environmental Protection Agency (EPA)</name>
          </item>
          <item>
            <name>Environmental regulatory procedures</name>
          </item>
          <item>
            <name>Lakes and rivers</name>
          </item>
          <item>
            <name>Water quality</name>
          </item>
          <item>
            <name>Wetlands</name>
          </item>
        </legislativeSubjects>
      </billSubjects>
    </subjects>
    <latestAction>
      <text>Referred to the Committee on Environment and Public Works.</text>
      <links />
      <actionDate>2017-01-12</actionDate>
    </latestAction>
    <originChamber>Senate</originChamber>
    <laws />
    <notes />
    <createDate>2017-01-13T04:55:34Z</createDate>
    <billType>SRES</billType>
    <updateDate>2018-02-06T16:43:56Z</updateDate>
    <policyArea>
      <name>Environmental Protection</name>
    </policyArea>
    <cboCostEstimates />
    <introducedDate>2017-01-12</introducedDate>
    <amendments />
    <relatedBills>
      <item>
        <number>152</number>
        <latestTitle>Expressing the sense of the House of Representatives that clean water is a national priority, and that the June 29, 2015, Waters of the United States Rule should be withdrawn or vacated.</latestTitle>
        <type>HRES</type>
        <relationshipDetails>
          <item>
            <identifiedBy>CRS</identifiedBy>
            <type>Identical bill</type>
          </item>
        </relationshipDetails>
        <congress>115</congress>
        <latestAction>
          <text>Referred to the Subcommittee on Water Resources and Environment.</text>
          <actionDate>2017-02-28</actionDate>
        </latestAction>
      </item>
    </relatedBills>
    <congress>115</congress>
    <committees>
      <billCommittees>
        <item>
          <chamber>Senate</chamber>
          <name>Environment and Public Works Committee</name>
          <systemCode>ssev00</systemCode>
          <activities>
            <item>
              <date>2017-01-12T18:14:45Z</date>
              <name>Referred to</name>
            </item>
          </activities>
          <type>Standing</type>
          <subcommittees />
        </item>
      </billCommittees>
    </committees>
  </bill>
  <dublinCore xmlns:dc="http://purl.org/dc/elements/1.1/">
    <dc:format>text/xml</dc:format>
    <dc:language>EN</dc:language>
    <dc:rights>Pursuant to Title 17 Section 105 of the United States Code, this file is not subject to copyright protection and is in the public domain.</dc:rights>
    <dc:contributor>Congressional Research Service, Library of Congress</dc:contributor>
    <dc:description>This file contains bill summaries and statuses for federal legislation. A bill summary describes the most significant provisions of a piece of legislation and details the effects the legislative text may have on current law and federal programs. Bill summaries are authored by the Congressional Research Service (CRS) of the Library of Congress. As stated in Public Law 91-510 (2 USC 166 (d)(6)), one of the duties of CRS is "to prepare summaries and digests of bills and resolutions of a public general nature introduced in the Senate or House of Representatives". For more information, refer to the User Guide that accompanies this file.</dc:description>
  </dublinCore>
</billStatus>

