<?xml version="1.0" encoding="UTF-8"?>
<billStatus>
  <bill>
    <policyArea>
      <name>Armed Forces and National Security</name>
    </policyArea>
    <committeeReports />
    <congress>115</congress>
    <sponsors>
      <item>
        <identifiers>
          <lisID>172</lisID>
          <bioguideId>C000127</bioguideId>
          <gpoId>8288</gpoId>
        </identifiers>
        <middleName />
        <byRequestType />
        <fullName>Sen. Cantwell, Maria [D-WA]</fullName>
        <bioguideId>C000127</bioguideId>
        <state>WA</state>
        <party>D</party>
        <firstName>MARIA</firstName>
        <lastName>CANTWELL</lastName>
      </item>
    </sponsors>
    <calendarNumbers />
    <amendments />
    <relatedBills />
    <notes />
    <originChamber>Senate</originChamber>
    <version>1.0.0</version>
    <billNumber>349</billNumber>
    <title>A resolution commemorating the 100th Anniversary of the 2d Infantry Division.</title>
    <cosponsors>
      <item>
        <bioguideId>C001056</bioguideId>
        <sponsorshipDate>2017-12-06</sponsorshipDate>
        <isOriginalCosponsor>True</isOriginalCosponsor>
        <middleName />
        <sponsorshipWithdrawnDate />
        <firstName>John</firstName>
        <lastName>Cornyn</lastName>
        <state>TX</state>
        <party>R</party>
        <identifiers>
          <lisID>1692</lisID>
          <bioguideId>C001056</bioguideId>
          <gpoId>8295</gpoId>
        </identifiers>
        <fullName>Sen. Cornyn, John [R-TX]</fullName>
      </item>
      <item>
        <bioguideId>C001098</bioguideId>
        <sponsorshipDate>2017-12-06</sponsorshipDate>
        <isOriginalCosponsor>True</isOriginalCosponsor>
        <middleName />
        <sponsorshipWithdrawnDate />
        <firstName>Ted</firstName>
        <lastName>Cruz</lastName>
        <state>TX</state>
        <party>R</party>
        <identifiers>
          <bioguideId>C001098</bioguideId>
          <lisID>2175</lisID>
          <gpoId />
        </identifiers>
        <fullName>Sen. Cruz, Ted [R-TX]</fullName>
      </item>
      <item>
        <bioguideId>M001111</bioguideId>
        <sponsorshipDate>2017-12-06</sponsorshipDate>
        <isOriginalCosponsor>True</isOriginalCosponsor>
        <middleName />
        <sponsorshipWithdrawnDate />
        <firstName>PATTY</firstName>
        <lastName>MURRAY</lastName>
        <state>WA</state>
        <party>D</party>
        <identifiers>
          <gpoId>8237</gpoId>
          <lisID>1409</lisID>
          <bioguideId>M001111</bioguideId>
        </identifiers>
        <fullName>Sen. Murray, Patty [D-WA]</fullName>
      </item>
    </cosponsors>
    <subjects>
      <billSubjects>
        <legislativeSubjects />
        <policyArea>
          <name>Armed Forces and National Security</name>
        </policyArea>
      </billSubjects>
    </subjects>
    <laws />
    <actions>
      <actionTypeCounts>
        <introducedInSenate>1</introducedInSenate>
        <referredToCommittee>1</referredToCommittee>
      </actionTypeCounts>
      <item>
        <actionDate>2017-12-06</actionDate>
        <committee>
          <systemCode>ssas00</systemCode>
          <name>Armed Services Committee</name>
        </committee>
        <links>
          <link>
            <name>S7893-7895</name>
            <url>https://www.congress.gov/congressional-record/volume-163/senate-section/page/S7893-7895</url>
          </link>
        </links>
        <sourceSystem>
          <name>Senate</name>
          <code>0</code>
        </sourceSystem>
        <text>Referred to the Committee on Armed Services. (text of measure as introduced: CR S7893-7895)</text>
        <type>IntroReferral</type>
      </item>
      <item>
        <type>IntroReferral</type>
        <links />
        <text>Introduced in Senate</text>
        <committee />
        <actionDate>2017-12-06</actionDate>
        <sourceSystem>
          <name>Library of Congress</name>
          <code>9</code>
        </sourceSystem>
        <actionCode>10000</actionCode>
      </item>
      <actionByCounts>
        <senate>2</senate>
      </actionByCounts>
    </actions>
    <titles>
      <item>
        <chamberCode />
        <title>A resolution commemorating the 100th Anniversary of the 2d Infantry Division.</title>
        <titleType>Official Title as Introduced</titleType>
        <parentTitleType />
        <chamberName />
      </item>
      <item>
        <chamberCode />
        <title>A resolution commemorating the 100th Anniversary of the 2d Infantry Division.</title>
        <titleType>Display Title</titleType>
        <parentTitleType />
        <chamberName />
      </item>
    </titles>
    <summaries>
      <billSummaries>
        <item>
          <versionCode>00</versionCode>
          <text><![CDATA[<p>Commemorates &quot;A Century of Service,&quot; the 100th anniversary of the 2d Infantry Division on October 26, 2017.</p>]]></text>
          <actionDesc>Introduced in Senate</actionDesc>
          <actionDate>2017-12-06</actionDate>
          <lastSummaryUpdateDate>2017-12-28T23:29:44Z</lastSummaryUpdateDate>
          <name>Introduced in Senate</name>
          <updateDate>2017-12-06T05:00:00Z</updateDate>
        </item>
      </billSummaries>
    </summaries>
    <committees>
      <billCommittees>
        <item>
          <subcommittees />
          <type>Standing</type>
          <systemCode>ssas00</systemCode>
          <activities>
            <item>
              <name>Referred to</name>
              <date>2017-12-06T21:23:15Z</date>
            </item>
          </activities>
          <name>Armed Services Committee</name>
          <chamber>Senate</chamber>
        </item>
      </billCommittees>
    </committees>
    <introducedDate>2017-12-06</introducedDate>
    <updateDate>2018-02-06T16:44:17Z</updateDate>
    <cboCostEstimates />
    <recordedVotes />
    <billType>SRES</billType>
    <createDate>2017-12-07T00:26:06Z</createDate>
    <latestAction>
      <text>Referred to the Committee on Armed Services. (text of measure as introduced: CR S7893-7895)</text>
      <links />
      <actionDate>2017-12-06</actionDate>
    </latestAction>
  </bill>
  <dublinCore xmlns:dc="http://purl.org/dc/elements/1.1/">
    <dc:format>text/xml</dc:format>
    <dc:language>EN</dc:language>
    <dc:rights>Pursuant to Title 17 Section 105 of the United States Code, this file is not subject to copyright protection and is in the public domain.</dc:rights>
    <dc:contributor>Congressional Research Service, Library of Congress</dc:contributor>
    <dc:description>This file contains bill summaries and statuses for federal legislation. A bill summary describes the most significant provisions of a piece of legislation and details the effects the legislative text may have on current law and federal programs. Bill summaries are authored by the Congressional Research Service (CRS) of the Library of Congress. As stated in Public Law 91-510 (2 USC 166 (d)(6)), one of the duties of CRS is "to prepare summaries and digests of bills and resolutions of a public general nature introduced in the Senate or House of Representatives". For more information, refer to the User Guide that accompanies this file.</dc:description>
  </dublinCore>
</billStatus>

