<?xml version="1.0" encoding="UTF-8"?>
<billStatus>
  <bill>
    <policyArea>
      <name>Civil Rights and Liberties, Minority Issues</name>
    </policyArea>
    <committeeReports />
    <congress>115</congress>
    <sponsors>
      <item>
        <identifiers>
          <bioguideId>H001042</bioguideId>
          <lisID>1844</lisID>
          <gpoId>7913</gpoId>
        </identifiers>
        <middleName>K.</middleName>
        <byRequestType />
        <fullName>Sen. Hirono, Mazie K. [D-HI]</fullName>
        <bioguideId>H001042</bioguideId>
        <state>HI</state>
        <party>D</party>
        <firstName>Mazie</firstName>
        <lastName>Hirono</lastName>
      </item>
    </sponsors>
    <calendarNumbers />
    <amendments />
    <relatedBills>
      <item>
        <latestTitle>A resolution recognizing January 30, 2018, as "Fred Korematsu Day of Civil Liberties and the Constitution".</latestTitle>
        <number>387</number>
        <latestAction>
          <actionDate>2018-01-30</actionDate>
          <text>Referred to the Committee on the Judiciary. (text of measure as introduced: CR S584-585)</text>
        </latestAction>
        <congress>115</congress>
        <relationshipDetails>
          <item>
            <identifiedBy>CRS</identifiedBy>
            <type>Related bill</type>
          </item>
        </relationshipDetails>
        <type>SRES</type>
      </item>
    </relatedBills>
    <notes />
    <originChamber>Senate</originChamber>
    <version>1.0.0</version>
    <billNumber>38</billNumber>
    <title>A resolution recognizing January 30, 2017, as "Fred Korematsu Day of Civil Liberties and the Constitution".</title>
    <cosponsors>
      <item>
        <state>VT</state>
        <identifiers>
          <gpoId>8270</gpoId>
          <bioguideId>S000033</bioguideId>
          <lisID>1010</lisID>
        </identifiers>
        <bioguideId>S000033</bioguideId>
        <sponsorshipDate>2017-02-01</sponsorshipDate>
        <lastName>SANDERS</lastName>
        <fullName>Sen. Sanders, Bernard [I-VT]</fullName>
        <firstName>BERNARD</firstName>
        <party>I</party>
        <middleName />
        <isOriginalCosponsor>True</isOriginalCosponsor>
        <sponsorshipWithdrawnDate />
      </item>
      <item>
        <state>OR</state>
        <identifiers>
          <gpoId>8265</gpoId>
          <lisID>1247</lisID>
          <bioguideId>W000779</bioguideId>
        </identifiers>
        <bioguideId>W000779</bioguideId>
        <sponsorshipDate>2017-02-01</sponsorshipDate>
        <lastName>WYDEN</lastName>
        <fullName>Sen. Wyden, Ron [D-OR]</fullName>
        <firstName>RON</firstName>
        <party>D</party>
        <middleName />
        <isOriginalCosponsor>True</isOriginalCosponsor>
        <sponsorshipWithdrawnDate />
      </item>
      <item>
        <state>NJ</state>
        <identifiers>
          <gpoId />
          <bioguideId>B001288</bioguideId>
          <lisID>2194</lisID>
        </identifiers>
        <bioguideId>B001288</bioguideId>
        <sponsorshipDate>2017-02-01</sponsorshipDate>
        <lastName>Booker</lastName>
        <fullName>Sen. Booker, Cory A. [D-NJ]</fullName>
        <firstName>Cory</firstName>
        <party>D</party>
        <middleName>A.</middleName>
        <isOriginalCosponsor>True</isOriginalCosponsor>
        <sponsorshipWithdrawnDate />
      </item>
      <item>
        <state>HI</state>
        <identifiers>
          <gpoId />
          <lisID>2173</lisID>
          <bioguideId>S001194</bioguideId>
        </identifiers>
        <bioguideId>S001194</bioguideId>
        <sponsorshipDate>2017-02-01</sponsorshipDate>
        <lastName>Schatz</lastName>
        <fullName>Sen. Schatz, Brian [D-HI]</fullName>
        <firstName>Brian</firstName>
        <party>D</party>
        <middleName />
        <isOriginalCosponsor>True</isOriginalCosponsor>
        <sponsorshipWithdrawnDate />
      </item>
      <item>
        <state>OH</state>
        <identifiers>
          <bioguideId>B000944</bioguideId>
          <lisID>136</lisID>
          <gpoId>8309</gpoId>
        </identifiers>
        <bioguideId>B000944</bioguideId>
        <sponsorshipDate>2017-02-01</sponsorshipDate>
        <lastName>BROWN</lastName>
        <fullName>Sen. Brown, Sherrod [D-OH]</fullName>
        <firstName>SHERROD</firstName>
        <party>D</party>
        <middleName />
        <isOriginalCosponsor>True</isOriginalCosponsor>
        <sponsorshipWithdrawnDate />
      </item>
      <item>
        <state>RI</state>
        <identifiers>
          <bioguideId>W000802</bioguideId>
          <gpoId>8264</gpoId>
          <lisID>1823</lisID>
        </identifiers>
        <bioguideId>W000802</bioguideId>
        <sponsorshipDate>2017-02-01</sponsorshipDate>
        <lastName>Whitehouse</lastName>
        <fullName>Sen. Whitehouse, Sheldon [D-RI]</fullName>
        <firstName>Sheldon</firstName>
        <party>D</party>
        <middleName />
        <isOriginalCosponsor>True</isOriginalCosponsor>
        <sponsorshipWithdrawnDate />
      </item>
      <item>
        <state>WA</state>
        <identifiers>
          <lisID>172</lisID>
          <bioguideId>C000127</bioguideId>
          <gpoId>8288</gpoId>
        </identifiers>
        <bioguideId>C000127</bioguideId>
        <sponsorshipDate>2017-02-01</sponsorshipDate>
        <lastName>CANTWELL</lastName>
        <fullName>Sen. Cantwell, Maria [D-WA]</fullName>
        <firstName>MARIA</firstName>
        <party>D</party>
        <middleName />
        <isOriginalCosponsor>True</isOriginalCosponsor>
        <sponsorshipWithdrawnDate />
      </item>
      <item>
        <state>MA</state>
        <identifiers>
          <lisID>2182</lisID>
          <gpoId />
          <bioguideId>W000817</bioguideId>
        </identifiers>
        <bioguideId>W000817</bioguideId>
        <sponsorshipDate>2017-02-01</sponsorshipDate>
        <lastName>Warren</lastName>
        <fullName>Sen. Warren, Elizabeth [D-MA]</fullName>
        <firstName>Elizabeth</firstName>
        <party>D</party>
        <middleName>A.</middleName>
        <isOriginalCosponsor>True</isOriginalCosponsor>
        <sponsorshipWithdrawnDate />
      </item>
      <item>
        <state>CT</state>
        <identifiers>
          <lisID>2076</lisID>
          <bioguideId>B001277</bioguideId>
          <gpoId>8332</gpoId>
        </identifiers>
        <bioguideId>B001277</bioguideId>
        <sponsorshipDate>2017-02-01</sponsorshipDate>
        <lastName>Blumenthal</lastName>
        <fullName>Sen. Blumenthal, Richard [D-CT]</fullName>
        <firstName>Richard</firstName>
        <party>D</party>
        <middleName />
        <isOriginalCosponsor>True</isOriginalCosponsor>
        <sponsorshipWithdrawnDate />
      </item>
      <item>
        <state>OR</state>
        <identifiers>
          <lisID>1900</lisID>
          <bioguideId>M001176</bioguideId>
          <gpoId>8238</gpoId>
        </identifiers>
        <bioguideId>M001176</bioguideId>
        <sponsorshipDate>2017-02-01</sponsorshipDate>
        <lastName>Merkley</lastName>
        <fullName>Sen. Merkley, Jeff [D-OR]</fullName>
        <firstName>Jeff</firstName>
        <party>D</party>
        <middleName />
        <isOriginalCosponsor>True</isOriginalCosponsor>
        <sponsorshipWithdrawnDate />
      </item>
      <item>
        <state>VA</state>
        <identifiers>
          <lisID>2176</lisID>
          <bioguideId>K000384</bioguideId>
          <gpoId />
        </identifiers>
        <bioguideId>K000384</bioguideId>
        <sponsorshipDate>2017-02-01</sponsorshipDate>
        <lastName>Kaine</lastName>
        <fullName>Sen. Kaine, Tim [D-VA]</fullName>
        <firstName>Timothy</firstName>
        <party>D</party>
        <middleName />
        <isOriginalCosponsor>True</isOriginalCosponsor>
        <sponsorshipWithdrawnDate />
      </item>
      <item>
        <state>WA</state>
        <identifiers>
          <lisID>1409</lisID>
          <bioguideId>M001111</bioguideId>
          <gpoId>8237</gpoId>
        </identifiers>
        <bioguideId>M001111</bioguideId>
        <sponsorshipDate>2017-02-01</sponsorshipDate>
        <lastName>MURRAY</lastName>
        <fullName>Sen. Murray, Patty [D-WA]</fullName>
        <firstName>PATTY</firstName>
        <party>D</party>
        <middleName />
        <isOriginalCosponsor>True</isOriginalCosponsor>
        <sponsorshipWithdrawnDate />
      </item>
      <item>
        <state>DE</state>
        <identifiers>
          <bioguideId>C001088</bioguideId>
          <gpoId>8297</gpoId>
          <lisID>1984</lisID>
        </identifiers>
        <bioguideId>C001088</bioguideId>
        <sponsorshipDate>2017-02-01</sponsorshipDate>
        <lastName>Coons</lastName>
        <fullName>Sen. Coons, Christopher A. [D-DE]</fullName>
        <firstName>Christopher</firstName>
        <party>D</party>
        <middleName>A.</middleName>
        <isOriginalCosponsor>True</isOriginalCosponsor>
        <sponsorshipWithdrawnDate />
      </item>
      <item>
        <state>IL</state>
        <identifiers>
          <lisID>326</lisID>
          <bioguideId>D000563</bioguideId>
          <gpoId>8326</gpoId>
        </identifiers>
        <bioguideId>D000563</bioguideId>
        <sponsorshipDate>2017-02-01</sponsorshipDate>
        <lastName>DURBIN</lastName>
        <fullName>Sen. Durbin, Richard J. [D-IL]</fullName>
        <firstName>RICHARD</firstName>
        <party>D</party>
        <middleName>J.</middleName>
        <isOriginalCosponsor>True</isOriginalCosponsor>
        <sponsorshipWithdrawnDate />
      </item>
      <item>
        <state>MN</state>
        <identifiers>
          <lisID>1969</lisID>
          <gpoId>8339</gpoId>
          <bioguideId>F000457</bioguideId>
        </identifiers>
        <bioguideId>F000457</bioguideId>
        <sponsorshipDate>2017-02-06</sponsorshipDate>
        <lastName>Franken</lastName>
        <fullName>Sen. Franken, Al [D-MN]</fullName>
        <firstName>Al</firstName>
        <party>D</party>
        <middleName />
        <isOriginalCosponsor>False</isOriginalCosponsor>
        <sponsorshipWithdrawnDate />
      </item>
    </cosponsors>
    <subjects>
      <billSubjects>
        <legislativeSubjects>
          <item>
            <name>Asia</name>
          </item>
          <item>
            <name>Commemorative events and holidays</name>
          </item>
          <item>
            <name>Congressional tributes</name>
          </item>
          <item>
            <name>Constitution and constitutional amendments</name>
          </item>
          <item>
            <name>Detention of persons</name>
          </item>
          <item>
            <name>Japan</name>
          </item>
          <item>
            <name>Racial and ethnic relations</name>
          </item>
          <item>
            <name>U.S. history</name>
          </item>
        </legislativeSubjects>
        <policyArea>
          <name>Civil Rights and Liberties, Minority Issues</name>
        </policyArea>
      </billSubjects>
    </subjects>
    <laws />
    <actions>
      <item>
        <actionDate>2017-02-01</actionDate>
        <committee>
          <systemCode>ssju00</systemCode>
          <name>Judiciary Committee</name>
        </committee>
        <links>
          <link>
            <url>https://www.congress.gov/congressional-record/volume-163/senate-section/page/S602-603</url>
            <name>S602-603</name>
          </link>
        </links>
        <sourceSystem>
          <code>0</code>
          <name>Senate</name>
        </sourceSystem>
        <text>Referred to the Committee on the Judiciary. (text of measure as introduced: CR S602-603)</text>
        <type>IntroReferral</type>
      </item>
      <item>
        <committee />
        <sourceSystem>
          <code>9</code>
          <name>Library of Congress</name>
        </sourceSystem>
        <actionDate>2017-02-01</actionDate>
        <text>Introduced in Senate</text>
        <links />
        <type>IntroReferral</type>
        <actionCode>10000</actionCode>
      </item>
      <actionByCounts>
        <senate>2</senate>
      </actionByCounts>
      <actionTypeCounts>
        <referredToCommittee>1</referredToCommittee>
        <introducedInSenate>1</introducedInSenate>
      </actionTypeCounts>
    </actions>
    <titles>
      <item>
        <chamberCode />
        <title>A resolution recognizing January 30, 2017, as "Fred Korematsu Day of Civil Liberties and the Constitution".</title>
        <titleType>Official Title as Introduced</titleType>
        <parentTitleType />
        <chamberName />
      </item>
      <item>
        <chamberCode />
        <title>A resolution recognizing January 30, 2017, as "Fred Korematsu Day of Civil Liberties and the Constitution".</title>
        <titleType>Display Title</titleType>
        <parentTitleType />
        <chamberName />
      </item>
    </titles>
    <summaries>
      <billSummaries>
        <item>
          <versionCode>00</versionCode>
          <actionDate>2017-02-01</actionDate>
          <updateDate>2017-02-01T05:00:00Z</updateDate>
          <text><![CDATA[<p>Honors Fred Toyosaburo Korematsu for his loyalty and patriotism to the United States, his work to advocate for the civil liberties of all people of the United States, and his dedication to justice and equality.</p> <p>Recognizes January 30, 2017, as Fred Korematsu Day of Civil Liberties and the Constitution.</p> <p>Denounces any governmental effort to discriminate against any individual based on his or her national origin or religion.</p> <ul> </ul>]]></text>
          <actionDesc>Introduced in Senate</actionDesc>
          <name>Introduced in Senate</name>
          <lastSummaryUpdateDate>2017-05-05T19:03:26Z</lastSummaryUpdateDate>
        </item>
      </billSummaries>
    </summaries>
    <committees>
      <billCommittees>
        <item>
          <chamber>Senate</chamber>
          <name>Judiciary Committee</name>
          <systemCode>ssju00</systemCode>
          <activities>
            <item>
              <date>2017-02-01T22:02:19Z</date>
              <name>Referred to</name>
            </item>
          </activities>
          <type>Standing</type>
          <subcommittees />
        </item>
      </billCommittees>
    </committees>
    <introducedDate>2017-02-01</introducedDate>
    <updateDate>2018-02-06T16:43:57Z</updateDate>
    <cboCostEstimates />
    <recordedVotes />
    <billType>SRES</billType>
    <createDate>2017-02-02T05:28:46Z</createDate>
    <latestAction>
      <text>Referred to the Committee on the Judiciary. (text of measure as introduced: CR S602-603)</text>
      <links />
      <actionDate>2017-02-01</actionDate>
    </latestAction>
  </bill>
  <dublinCore xmlns:dc="http://purl.org/dc/elements/1.1/">
    <dc:format>text/xml</dc:format>
    <dc:language>EN</dc:language>
    <dc:rights>Pursuant to Title 17 Section 105 of the United States Code, this file is not subject to copyright protection and is in the public domain.</dc:rights>
    <dc:contributor>Congressional Research Service, Library of Congress</dc:contributor>
    <dc:description>This file contains bill summaries and statuses for federal legislation. A bill summary describes the most significant provisions of a piece of legislation and details the effects the legislative text may have on current law and federal programs. Bill summaries are authored by the Congressional Research Service (CRS) of the Library of Congress. As stated in Public Law 91-510 (2 USC 166 (d)(6)), one of the duties of CRS is "to prepare summaries and digests of bills and resolutions of a public general nature introduced in the Senate or House of Representatives". For more information, refer to the User Guide that accompanies this file.</dc:description>
  </dublinCore>
</billStatus>

