<?xml version="1.0" encoding="UTF-8"?>
<billStatus>
  <bill>
    <createDate>2017-05-26T00:41:37Z</createDate>
    <introducedDate>2017-05-25</introducedDate>
    <congress>115</congress>
    <latestAction>
      <actionDate>2017-05-25</actionDate>
      <links />
      <text>Referred to the Committee on Foreign Relations. (text of measure as introduced: CR S3223)</text>
    </latestAction>
    <originChamber>Senate</originChamber>
    <billNumber>180</billNumber>
    <sponsors>
      <item>
        <state>MA</state>
        <identifiers>
          <gpoId>7972</gpoId>
          <lisID>735</lisID>
          <bioguideId>M000133</bioguideId>
        </identifiers>
        <bioguideId>M000133</bioguideId>
        <lastName>MARKEY</lastName>
        <fullName>Sen. Markey, Edward J. [D-MA]</fullName>
        <firstName>EDWARD</firstName>
        <party>D</party>
        <middleName>J.</middleName>
        <byRequestType />
      </item>
    </sponsors>
    <title>A resolution condemning the violence against peaceful protesters outside the Turkish Ambassador's residence on May 16, 2017, and calling for the perpetrators to be brought to justice and measures to be taken to prevent similar incidents in the future.</title>
    <relatedBills>
      <item>
        <congress>115</congress>
        <latestAction>
          <actionDate>2017-06-06</actionDate>
          <text>On motion to suspend the rules and agree to the resolution, as amended Agreed to by the Yeas and Nays: (2/3 required): 397 - 0 (Roll no. 286). (text: CR H4628-4629)</text>
          <actionTime>18:56:04</actionTime>
        </latestAction>
        <type>HRES</type>
        <latestTitle>Condemning the violence against peaceful protesters outside the Turkish Ambassador's residence on May 16, 2017, and calling for the perpetrators to be brought to justice and measures to be taken to prevent similar incidents in the future.</latestTitle>
        <number>354</number>
        <relationshipDetails>
          <item>
            <type>Identical bill</type>
            <identifiedBy>CRS</identifiedBy>
          </item>
        </relationshipDetails>
      </item>
    </relatedBills>
    <titles>
      <item>
        <titleType>Official Title as Introduced</titleType>
        <title>A resolution condemning the violence against peaceful protesters outside the Turkish Ambassador's residence on May 16, 2017, and calling for the perpetrators to be brought to justice and measures to be taken to prevent similar incidents in the future.</title>
        <chamberCode />
        <parentTitleType />
        <chamberName />
      </item>
      <item>
        <titleType>Display Title</titleType>
        <title>A resolution condemning the violence against peaceful protesters outside the Turkish Ambassador's residence on May 16, 2017, and calling for the perpetrators to be brought to justice and measures to be taken to prevent similar incidents in the future.</title>
        <chamberCode />
        <parentTitleType />
        <chamberName />
      </item>
    </titles>
    <billType>SRES</billType>
    <summaries>
      <billSummaries>
        <item>
          <versionCode>00</versionCode>
          <actionDate>2017-05-25</actionDate>
          <updateDate>2017-05-25T04:00:00Z</updateDate>
          <text><![CDATA[<p>Expresses the sense of the Senate that: (1) the rights to peacefully assemble and freely express one's views are essential to American democracy; and (2) the United States should take steps to strengthen free press and civil society freedoms in countries such as Turkey.</p> <p>Calls for: (1) any Turkish security official who directed or participated in efforts by Turkish security forces to suppress peaceful protests outside of the Turkish Ambassador's residence in Washington, DC on May 16, 2017, to be charged and prosecuted under U.S. law; (2) the Secret Service and the Diplomatic Security Service of the Department of State to review such incident and confirm with the Turkish National Police the standards expected by visiting security details; (3) the State Department to request the waiver of immunity of any Turkish security detail official who engaged in assault in the United States prior to such individual's release from custody; and (4) the State Department to review its security procedures to mitigate the likelihood of such an incident in the future. </p> <p>Declares that U.S. respect for free speech requires U.S. officials to speak out against such incidents. </p>]]></text>
          <actionDesc>Introduced in Senate</actionDesc>
          <name>Introduced in Senate</name>
          <lastSummaryUpdateDate>2017-06-05T20:50:01Z</lastSummaryUpdateDate>
        </item>
      </billSummaries>
    </summaries>
    <committeeReports />
    <laws />
    <subjects>
      <billSubjects>
        <legislativeSubjects>
          <item>
            <name>Asia</name>
          </item>
          <item>
            <name>Detention of persons</name>
          </item>
          <item>
            <name>Diplomacy, foreign officials, Americans abroad</name>
          </item>
          <item>
            <name>District of Columbia</name>
          </item>
          <item>
            <name>Europe</name>
          </item>
          <item>
            <name>First Amendment rights</name>
          </item>
          <item>
            <name>Government liability</name>
          </item>
          <item>
            <name>Government studies and investigations</name>
          </item>
          <item>
            <name>Law enforcement officers</name>
          </item>
          <item>
            <name>News media and reporting</name>
          </item>
          <item>
            <name>Protection of officials</name>
          </item>
          <item>
            <name>Protest and dissent</name>
          </item>
          <item>
            <name>Turkey</name>
          </item>
        </legislativeSubjects>
        <policyArea>
          <name>International Affairs</name>
        </policyArea>
      </billSubjects>
    </subjects>
    <committees>
      <billCommittees>
        <item>
          <systemCode>ssfr00</systemCode>
          <name>Foreign Relations Committee</name>
          <type>Standing</type>
          <activities>
            <item>
              <name>Referred to</name>
              <date>2017-05-25T20:50:48Z</date>
            </item>
          </activities>
          <chamber>Senate</chamber>
          <subcommittees />
        </item>
      </billCommittees>
    </committees>
    <version>1.0.0</version>
    <recordedVotes />
    <updateDate>2018-02-06T16:44:08Z</updateDate>
    <calendarNumbers />
    <cboCostEstimates />
    <actions>
      <item>
        <actionDate>2017-05-25</actionDate>
        <committee>
          <systemCode>ssfr00</systemCode>
          <name>Foreign Relations Committee</name>
        </committee>
        <links>
          <link>
            <url>https://www.congress.gov/congressional-record/volume-163/senate-section/page/S3223</url>
            <name>S3223</name>
          </link>
        </links>
        <sourceSystem>
          <code>0</code>
          <name>Senate</name>
        </sourceSystem>
        <text>Referred to the Committee on Foreign Relations. (text of measure as introduced: CR S3223)</text>
        <type>IntroReferral</type>
      </item>
      <item>
        <committee />
        <sourceSystem>
          <code>9</code>
          <name>Library of Congress</name>
        </sourceSystem>
        <actionDate>2017-05-25</actionDate>
        <text>Introduced in Senate</text>
        <links />
        <type>IntroReferral</type>
        <actionCode>10000</actionCode>
      </item>
      <actionByCounts>
        <senate>2</senate>
      </actionByCounts>
      <actionTypeCounts>
        <referredToCommittee>1</referredToCommittee>
        <introducedInSenate>1</introducedInSenate>
      </actionTypeCounts>
    </actions>
    <amendments />
    <notes />
    <policyArea>
      <name>International Affairs</name>
    </policyArea>
    <cosponsors />
  </bill>
  <dublinCore xmlns:dc="http://purl.org/dc/elements/1.1/">
    <dc:format>text/xml</dc:format>
    <dc:language>EN</dc:language>
    <dc:rights>Pursuant to Title 17 Section 105 of the United States Code, this file is not subject to copyright protection and is in the public domain.</dc:rights>
    <dc:contributor>Congressional Research Service, Library of Congress</dc:contributor>
    <dc:description>This file contains bill summaries and statuses for federal legislation. A bill summary describes the most significant provisions of a piece of legislation and details the effects the legislative text may have on current law and federal programs. Bill summaries are authored by the Congressional Research Service (CRS) of the Library of Congress. As stated in Public Law 91-510 (2 USC 166 (d)(6)), one of the duties of CRS is "to prepare summaries and digests of bills and resolutions of a public general nature introduced in the Senate or House of Representatives". For more information, refer to the User Guide that accompanies this file.</dc:description>
  </dublinCore>
</billStatus>

