<?xml version="1.0" encoding="UTF-8"?>
<billStatus>
  <bill>
    <amendments />
    <title>A resolution supporting the observation of "National Trafficking and Modern Slavery Prevention Month" during the period beginning on January 1, 2018, and ending on February 1, 2018, to raise awareness of, and opposition to, human trafficking and modern slavery.</title>
    <sponsors>
      <item>
        <fullName>Sen. Feinstein, Dianne [D-CA]</fullName>
        <middleName />
        <firstName>DIANNE</firstName>
        <bioguideId>F000062</bioguideId>
        <party>D</party>
        <state>CA</state>
        <lastName>FEINSTEIN</lastName>
        <identifiers>
          <bioguideId>F000062</bioguideId>
          <lisID>1332</lisID>
          <gpoId>8338</gpoId>
        </identifiers>
        <byRequestType />
      </item>
    </sponsors>
    <cboCostEstimates />
    <laws />
    <version>1.0.0</version>
    <committees>
      <billCommittees>
        <item>
          <systemCode>ssju00</systemCode>
          <name>Judiciary Committee</name>
          <activities>
            <item>
              <name>Discharged from</name>
              <date>2018-02-07T23:19:37Z</date>
            </item>
            <item>
              <name>Referred to</name>
              <date>2018-01-30T00:20:22Z</date>
            </item>
          </activities>
          <chamber>Senate</chamber>
          <type>Standing</type>
          <subcommittees />
        </item>
      </billCommittees>
    </committees>
    <subjects>
      <billSubjects>
        <legislativeSubjects />
        <policyArea>
          <name>Crime and Law Enforcement</name>
        </policyArea>
      </billSubjects>
    </subjects>
    <cosponsors>
      <item>
        <bioguideId>G000386</bioguideId>
        <firstName>CHARLES</firstName>
        <sponsorshipDate>2018-01-29</sponsorshipDate>
        <party>R</party>
        <sponsorshipWithdrawnDate />
        <identifiers>
          <gpoId>8316</gpoId>
          <lisID>457</lisID>
          <bioguideId>G000386</bioguideId>
        </identifiers>
        <lastName>GRASSLEY</lastName>
        <state>IA</state>
        <isOriginalCosponsor>True</isOriginalCosponsor>
        <fullName>Sen. Grassley, Chuck [R-IA]</fullName>
        <middleName>ERNEST</middleName>
      </item>
      <item>
        <bioguideId>L000174</bioguideId>
        <firstName>PATRICK</firstName>
        <sponsorshipDate>2018-01-29</sponsorshipDate>
        <party>D</party>
        <sponsorshipWithdrawnDate />
        <identifiers>
          <bioguideId>L000174</bioguideId>
          <lisID>1383</lisID>
          <gpoId>8244</gpoId>
        </identifiers>
        <lastName>LEAHY</lastName>
        <state>VT</state>
        <isOriginalCosponsor>True</isOriginalCosponsor>
        <fullName>Sen. Leahy, Patrick J. [D-VT]</fullName>
        <middleName>JOSEPH</middleName>
      </item>
      <item>
        <bioguideId>C001056</bioguideId>
        <firstName>John</firstName>
        <sponsorshipDate>2018-01-29</sponsorshipDate>
        <party>R</party>
        <sponsorshipWithdrawnDate />
        <identifiers>
          <gpoId>8295</gpoId>
          <lisID>1692</lisID>
          <bioguideId>C001056</bioguideId>
        </identifiers>
        <lastName>Cornyn</lastName>
        <state>TX</state>
        <isOriginalCosponsor>True</isOriginalCosponsor>
        <fullName>Sen. Cornyn, John [R-TX]</fullName>
        <middleName />
      </item>
      <item>
        <bioguideId>K000367</bioguideId>
        <firstName>Amy</firstName>
        <sponsorshipDate>2018-01-29</sponsorshipDate>
        <party>D</party>
        <sponsorshipWithdrawnDate />
        <identifiers>
          <bioguideId>K000367</bioguideId>
          <gpoId>8249</gpoId>
          <lisID>1826</lisID>
        </identifiers>
        <lastName>Klobuchar</lastName>
        <state>MN</state>
        <isOriginalCosponsor>True</isOriginalCosponsor>
        <fullName>Sen. Klobuchar, Amy [D-MN]</fullName>
        <middleName />
      </item>
      <item>
        <bioguideId>I000055</bioguideId>
        <firstName>Johnny</firstName>
        <sponsorshipDate>2018-01-29</sponsorshipDate>
        <party>R</party>
        <sponsorshipWithdrawnDate />
        <identifiers>
          <gpoId>8323</gpoId>
          <bioguideId>I000055</bioguideId>
          <lisID>1608</lisID>
        </identifiers>
        <lastName>Isakson</lastName>
        <state>GA</state>
        <isOriginalCosponsor>True</isOriginalCosponsor>
        <fullName>Sen. Isakson, Johnny [R-GA]</fullName>
        <middleName />
      </item>
      <item>
        <bioguideId>M000133</bioguideId>
        <firstName>EDWARD</firstName>
        <sponsorshipDate>2018-01-29</sponsorshipDate>
        <party>D</party>
        <sponsorshipWithdrawnDate />
        <identifiers>
          <lisID>735</lisID>
          <bioguideId>M000133</bioguideId>
          <gpoId>7972</gpoId>
        </identifiers>
        <lastName>MARKEY</lastName>
        <state>MA</state>
        <isOriginalCosponsor>True</isOriginalCosponsor>
        <fullName>Sen. Markey, Edward J. [D-MA]</fullName>
        <middleName>J.</middleName>
      </item>
      <item>
        <bioguideId>T000461</bioguideId>
        <firstName>Pat</firstName>
        <sponsorshipDate>2018-01-29</sponsorshipDate>
        <party>R</party>
        <sponsorshipWithdrawnDate />
        <identifiers>
          <gpoId />
          <lisID>1594</lisID>
          <bioguideId>T000461</bioguideId>
        </identifiers>
        <lastName>Toomey</lastName>
        <state>PA</state>
        <isOriginalCosponsor>True</isOriginalCosponsor>
        <fullName>Sen. Toomey, Pat [R-PA]</fullName>
        <middleName />
      </item>
      <item>
        <bioguideId>H001069</bioguideId>
        <firstName>Heidi</firstName>
        <sponsorshipDate>2018-01-29</sponsorshipDate>
        <party>D</party>
        <sponsorshipWithdrawnDate />
        <identifiers>
          <gpoId />
          <lisID>2174</lisID>
          <bioguideId>H001069</bioguideId>
        </identifiers>
        <lastName>Heitkamp</lastName>
        <state>ND</state>
        <isOriginalCosponsor>True</isOriginalCosponsor>
        <fullName>Sen. Heitkamp, Heidi [D-ND]</fullName>
        <middleName />
      </item>
      <item>
        <bioguideId>R000595</bioguideId>
        <firstName>Marco</firstName>
        <sponsorshipDate>2018-01-29</sponsorshipDate>
        <party>R</party>
        <sponsorshipWithdrawnDate />
        <identifiers>
          <lisID>2084</lisID>
          <gpoId>8242</gpoId>
          <bioguideId>R000595</bioguideId>
        </identifiers>
        <lastName>Rubio</lastName>
        <state>FL</state>
        <isOriginalCosponsor>True</isOriginalCosponsor>
        <fullName>Sen. Rubio, Marco [R-FL]</fullName>
        <middleName />
      </item>
      <item>
        <bioguideId>S001181</bioguideId>
        <firstName>Jeanne</firstName>
        <sponsorshipDate>2018-01-29</sponsorshipDate>
        <party>D</party>
        <sponsorshipWithdrawnDate />
        <identifiers>
          <bioguideId>S001181</bioguideId>
          <lisID>1901</lisID>
          <gpoId>8276</gpoId>
        </identifiers>
        <lastName>Shaheen</lastName>
        <state>NH</state>
        <isOriginalCosponsor>True</isOriginalCosponsor>
        <fullName>Sen. Shaheen, Jeanne [D-NH]</fullName>
        <middleName />
      </item>
      <item>
        <bioguideId>B001277</bioguideId>
        <firstName>Richard</firstName>
        <sponsorshipDate>2018-02-05</sponsorshipDate>
        <party>D</party>
        <sponsorshipWithdrawnDate />
        <identifiers>
          <bioguideId>B001277</bioguideId>
          <lisID>2076</lisID>
          <gpoId>8332</gpoId>
        </identifiers>
        <lastName>Blumenthal</lastName>
        <state>CT</state>
        <isOriginalCosponsor>False</isOriginalCosponsor>
        <fullName>Sen. Blumenthal, Richard [D-CT]</fullName>
        <middleName />
      </item>
      <item>
        <bioguideId>B000944</bioguideId>
        <firstName>SHERROD</firstName>
        <sponsorshipDate>2018-02-05</sponsorshipDate>
        <party>D</party>
        <sponsorshipWithdrawnDate />
        <identifiers>
          <lisID>136</lisID>
          <gpoId>8309</gpoId>
          <bioguideId>B000944</bioguideId>
        </identifiers>
        <lastName>BROWN</lastName>
        <state>OH</state>
        <isOriginalCosponsor>False</isOriginalCosponsor>
        <fullName>Sen. Brown, Sherrod [D-OH]</fullName>
        <middleName />
      </item>
    </cosponsors>
    <updateDate>2018-02-27T05:28:32Z</updateDate>
    <originChamber>Senate</originChamber>
    <createDate>2018-01-30T00:26:00Z</createDate>
    <recordedVotes />
    <relatedBills />
    <notes />
    <introducedDate>2018-01-29</introducedDate>
    <latestAction>
      <actionDate>2018-02-07</actionDate>
      <text>Resolution agreed to in Senate without amendment and with a preamble by Unanimous Consent. (text: CR S697)</text>
      <links />
    </latestAction>
    <calendarNumbers />
    <billNumber>385</billNumber>
    <policyArea>
      <name>Crime and Law Enforcement</name>
    </policyArea>
    <titles>
      <item>
        <parentTitleType />
        <titleType>Official Title as Introduced</titleType>
        <chamberCode />
        <chamberName />
        <title>A resolution supporting the observation of "National Trafficking and Modern Slavery Prevention Month" during the period beginning on January 1, 2018, and ending on February 1, 2018, to raise awareness of, and opposition to, human trafficking and modern slavery.</title>
      </item>
      <item>
        <parentTitleType />
        <titleType>Display Title</titleType>
        <chamberCode />
        <chamberName />
        <title>A resolution supporting the observation of "National Trafficking and Modern Slavery Prevention Month" during the period beginning on January 1, 2018, and ending on February 1, 2018, to raise awareness of, and opposition to, human trafficking and modern slavery.</title>
      </item>
    </titles>
    <congress>115</congress>
    <actions>
      <actionByCounts>
        <senate>6</senate>
      </actionByCounts>
      <item>
        <actionDate>2018-02-07</actionDate>
        <committee />
        <links>
          <link>
            <url>https://www.congress.gov/congressional-record/volume-164/senate-section/page/S697</url>
            <name>S697</name>
          </link>
        </links>
        <sourceSystem>
          <name>Senate</name>
          <code>0</code>
        </sourceSystem>
        <text>Resolution agreed to in Senate without amendment and with a preamble by Unanimous Consent. (text: CR S697)</text>
        <type>Floor</type>
      </item>
      <item>
        <links>
          <link>
            <url>https://www.congress.gov/congressional-record/volume-164/senate-section/page/S697</url>
            <name>S697</name>
          </link>
        </links>
        <text>Passed/agreed to in Senate: Resolution agreed to in Senate without amendment and with a preamble by Unanimous Consent.(text: CR S697)</text>
        <committee />
        <actionDate>2018-02-07</actionDate>
        <type>Floor</type>
        <actionCode>17000</actionCode>
        <sourceSystem>
          <name>Library of Congress</name>
          <code>9</code>
        </sourceSystem>
      </item>
      <item>
        <actionDate>2018-02-07</actionDate>
        <committee>
          <name>Judiciary Committee</name>
          <systemCode>ssju00</systemCode>
        </committee>
        <links>
          <link>
            <url>https://www.congress.gov/congressional-record/volume-164/senate-section/page/S697</url>
            <name>S697</name>
          </link>
        </links>
        <sourceSystem>
          <name>Senate</name>
          <code>0</code>
        </sourceSystem>
        <text>Senate Committee on the Judiciary discharged by Unanimous Consent. (consideration: CR S697)</text>
        <type>Discharge</type>
      </item>
      <item>
        <links>
          <link>
            <url>https://www.congress.gov/congressional-record/volume-164/senate-section/page/S697</url>
            <name>S697</name>
          </link>
        </links>
        <text>Senate Committee on the Judiciary discharged by Unanimous Consent.(consideration: CR S697)</text>
        <committee>
          <name>Judiciary Committee</name>
          <systemCode>ssju00</systemCode>
        </committee>
        <actionDate>2018-02-07</actionDate>
        <type>Committee</type>
        <actionCode>14500</actionCode>
        <sourceSystem>
          <name>Library of Congress</name>
          <code>9</code>
        </sourceSystem>
      </item>
      <item>
        <actionDate>2018-01-29</actionDate>
        <committee>
          <name>Judiciary Committee</name>
          <systemCode>ssju00</systemCode>
        </committee>
        <links>
          <link>
            <url>https://www.congress.gov/congressional-record/volume-164/senate-section/page/S552-553</url>
            <name>S552-553</name>
          </link>
        </links>
        <sourceSystem>
          <name>Senate</name>
          <code>0</code>
        </sourceSystem>
        <text>Referred to the Committee on the Judiciary. (Sponsor introductory remarks on measure: CR S552-553; text of measure as introduced: CR S552-553)</text>
        <type>IntroReferral</type>
      </item>
      <item>
        <links />
        <text>Introduced in Senate</text>
        <committee />
        <actionDate>2018-01-29</actionDate>
        <type>IntroReferral</type>
        <actionCode>10000</actionCode>
        <sourceSystem>
          <name>Library of Congress</name>
          <code>9</code>
        </sourceSystem>
      </item>
      <actionTypeCounts>
        <passedAgreedToInSenate>1</passedAgreedToInSenate>
        <agreedToInSenate>1</agreedToInSenate>
        <committeeDischarged>1</committeeDischarged>
        <introducedInSenate>1</introducedInSenate>
        <senateCommitteeDischarged>1</senateCommitteeDischarged>
        <referredToCommittee>1</referredToCommittee>
      </actionTypeCounts>
    </actions>
    <summaries>
      <billSummaries>
        <item>
          <updateDate>2018-01-29T05:00:00Z</updateDate>
          <actionDesc>Introduced in Senate</actionDesc>
          <versionCode>00</versionCode>
          <lastSummaryUpdateDate>2018-02-20T15:28:31Z</lastSummaryUpdateDate>
          <name>Introduced in Senate</name>
          <actionDate>2018-01-29</actionDate>
          <text><![CDATA[<p>Expresses support for observing National Trafficking and Modern Slavery Prevention Month during the period of January 1-February 1, 2018. </p>]]></text>
        </item>
        <item>
          <updateDate>2018-02-07T14:22:55Z</updateDate>
          <actionDesc>Passed Senate without amendment</actionDesc>
          <versionCode>82</versionCode>
          <lastSummaryUpdateDate>2018-02-21T18:14:11Z</lastSummaryUpdateDate>
          <name>Passed Senate without amendment</name>
          <actionDate>2018-02-07</actionDate>
          <text><![CDATA[<p>(This measure has not been amended since it was introduced. The summary of that version is repeated here.)</p> <p>Expresses support for observing National Trafficking and Modern Slavery Prevention Month during the period of January 1-February 1, 2018. </p>]]></text>
        </item>
      </billSummaries>
    </summaries>
    <billType>SRES</billType>
    <committeeReports />
  </bill>
  <dublinCore xmlns:dc="http://purl.org/dc/elements/1.1/">
    <dc:format>text/xml</dc:format>
    <dc:language>EN</dc:language>
    <dc:rights>Pursuant to Title 17 Section 105 of the United States Code, this file is not subject to copyright protection and is in the public domain.</dc:rights>
    <dc:contributor>Congressional Research Service, Library of Congress</dc:contributor>
    <dc:description>This file contains bill summaries and statuses for federal legislation. A bill summary describes the most significant provisions of a piece of legislation and details the effects the legislative text may have on current law and federal programs. Bill summaries are authored by the Congressional Research Service (CRS) of the Library of Congress. As stated in Public Law 91-510 (2 USC 166 (d)(6)), one of the duties of CRS is "to prepare summaries and digests of bills and resolutions of a public general nature introduced in the Senate or House of Representatives". For more information, refer to the User Guide that accompanies this file.</dc:description>
  </dublinCore>
</billStatus>

