<?xml version="1.0" encoding="UTF-8"?>
<billStatus>
  <bill>
    <createDate>2017-05-17T00:26:38Z</createDate>
    <introducedDate>2017-05-16</introducedDate>
    <congress>115</congress>
    <latestAction>
      <actionDate>2017-05-16</actionDate>
      <links />
      <text>Submitted in the Senate, considered, and agreed to without amendment and with a preamble by Unanimous Consent. (consideration: CR S2968-2969; text as passed Senate: CR S2968-2969)</text>
    </latestAction>
    <originChamber>Senate</originChamber>
    <billNumber>166</billNumber>
    <sponsors>
      <item>
        <state>MS</state>
        <identifiers>
          <lisID>1226</lisID>
          <gpoId>8263</gpoId>
          <bioguideId>W000437</bioguideId>
        </identifiers>
        <bioguideId>W000437</bioguideId>
        <lastName>WICKER</lastName>
        <fullName>Sen. Wicker, Roger F. [R-MS]</fullName>
        <firstName>ROGER</firstName>
        <party>R</party>
        <middleName>F.</middleName>
        <byRequestType />
      </item>
    </sponsors>
    <title>A resolution supporting the goals and ideals of National Nurses Week, to be observed from May 6 through May 12, 2017.</title>
    <relatedBills>
      <item>
        <latestTitle>Expressing support for the designation of the week of May 6 through May 12, 2017, as National Nurses Week.</latestTitle>
        <number>315</number>
        <latestAction>
          <actionDate>2017-05-05</actionDate>
          <text>Referred to the Subcommittee on Health.</text>
        </latestAction>
        <congress>115</congress>
        <relationshipDetails>
          <item>
            <identifiedBy>CRS</identifiedBy>
            <type>Related bill</type>
          </item>
        </relationshipDetails>
        <type>HRES</type>
      </item>
    </relatedBills>
    <titles>
      <item>
        <chamberCode />
        <title>A resolution supporting the goals and ideals of National Nurses Week, to be observed from May 6 through May 12, 2017.</title>
        <titleType>Official Title as Introduced</titleType>
        <parentTitleType />
        <chamberName />
      </item>
      <item>
        <chamberCode />
        <title>A resolution supporting the goals and ideals of National Nurses Week, to be observed from May 6 through May 12, 2017.</title>
        <titleType>Display Title</titleType>
        <parentTitleType />
        <chamberName />
      </item>
    </titles>
    <billType>SRES</billType>
    <summaries>
      <billSummaries>
        <item>
          <updateDate>2017-05-16T04:00:00Z</updateDate>
          <lastSummaryUpdateDate>2017-06-14T16:21:45Z</lastSummaryUpdateDate>
          <actionDate>2017-05-16</actionDate>
          <name>Introduced in Senate</name>
          <actionDesc>Introduced in Senate</actionDesc>
          <versionCode>00</versionCode>
          <text><![CDATA[<p> Expresses support for the goals and ideals of National Nurses Week. Recognizes the contributions of nurses to the U.S. health care system.</p>]]></text>
        </item>
        <item>
          <updateDate>2017-05-16T12:42:47Z</updateDate>
          <lastSummaryUpdateDate>2017-08-26T18:23:29Z</lastSummaryUpdateDate>
          <actionDate>2017-05-16</actionDate>
          <name>Passed Senate without amendment</name>
          <actionDesc>Passed Senate without amendment</actionDesc>
          <versionCode>82</versionCode>
          <text><![CDATA[<p>(This measure has not been amended since it was introduced. The summary of that version is repeated here.)</p> <p> Expresses support for the goals and ideals of National Nurses Week. Recognizes the contributions of nurses to the U.S. health care system.</p>]]></text>
        </item>
      </billSummaries>
    </summaries>
    <committeeReports />
    <laws />
    <subjects>
      <billSubjects>
        <legislativeSubjects>
          <item>
            <name>Commemorative events and holidays</name>
          </item>
          <item>
            <name>Congressional tributes</name>
          </item>
          <item>
            <name>Health personnel</name>
          </item>
          <item>
            <name>Nursing</name>
          </item>
        </legislativeSubjects>
        <policyArea>
          <name>Health</name>
        </policyArea>
      </billSubjects>
    </subjects>
    <committees>
      <billCommittees />
    </committees>
    <version>1.0.0</version>
    <recordedVotes />
    <updateDate>2018-02-06T16:44:07Z</updateDate>
    <calendarNumbers />
    <cboCostEstimates />
    <actions>
      <actionTypeCounts>
        <passedAgreedToInSenate>1</passedAgreedToInSenate>
        <introducedInSenate>1</introducedInSenate>
        <passedOrAgreedToInSenateDayOf>1</passedOrAgreedToInSenateDayOf>
      </actionTypeCounts>
      <item>
        <actionDate>2017-05-16</actionDate>
        <committee />
        <links>
          <link>
            <name>S2968-2969</name>
            <url>https://www.congress.gov/congressional-record/volume-163/senate-section/page/S2968-2969</url>
          </link>
        </links>
        <sourceSystem>
          <code>0</code>
          <name>Senate</name>
        </sourceSystem>
        <text>Submitted in the Senate, considered, and agreed to without amendment and with a preamble by Unanimous Consent. (consideration: CR S2968-2969; text as passed Senate: CR S2968-2969)</text>
        <type>Floor</type>
      </item>
      <item>
        <type>Floor</type>
        <text>Passed/agreed to in Senate: Submitted in the Senate, considered, and agreed to without amendment and with a preamble by Unanimous Consent.(consideration: CR S2968-2969; text as passed Senate: CR S2968-2969)</text>
        <links>
          <link>
            <name>S2968-2969</name>
            <url>https://www.congress.gov/congressional-record/volume-163/senate-section/page/S2968-2969</url>
          </link>
        </links>
        <committee />
        <sourceSystem>
          <code>9</code>
          <name>Library of Congress</name>
        </sourceSystem>
        <actionDate>2017-05-16</actionDate>
        <actionCode>17000</actionCode>
      </item>
      <item>
        <type>IntroReferral</type>
        <text>Introduced in Senate</text>
        <links />
        <committee />
        <sourceSystem>
          <code>9</code>
          <name>Library of Congress</name>
        </sourceSystem>
        <actionDate>2017-05-16</actionDate>
        <actionCode>10000</actionCode>
      </item>
      <actionByCounts>
        <senate>3</senate>
      </actionByCounts>
    </actions>
    <amendments />
    <notes />
    <policyArea>
      <name>Health</name>
    </policyArea>
    <cosponsors>
      <item>
        <isOriginalCosponsor>True</isOriginalCosponsor>
        <fullName>Sen. Merkley, Jeff [D-OR]</fullName>
        <middleName />
        <state>OR</state>
        <sponsorshipDate>2017-05-16</sponsorshipDate>
        <firstName>Jeff</firstName>
        <bioguideId>M001176</bioguideId>
        <party>D</party>
        <lastName>Merkley</lastName>
        <sponsorshipWithdrawnDate />
        <identifiers>
          <lisID>1900</lisID>
          <gpoId>8238</gpoId>
          <bioguideId>M001176</bioguideId>
        </identifiers>
      </item>
      <item>
        <isOriginalCosponsor>True</isOriginalCosponsor>
        <fullName>Sen. Tillis, Thom [R-NC]</fullName>
        <middleName>Roland</middleName>
        <state>NC</state>
        <sponsorshipDate>2017-05-16</sponsorshipDate>
        <firstName>Thomas</firstName>
        <bioguideId>T000476</bioguideId>
        <party>R</party>
        <lastName>Tillis</lastName>
        <sponsorshipWithdrawnDate />
        <identifiers>
          <lisID>2291</lisID>
          <bioguideId>T000476</bioguideId>
          <gpoId />
        </identifiers>
      </item>
      <item>
        <isOriginalCosponsor>True</isOriginalCosponsor>
        <fullName>Sen. Boozman, John [R-AR]</fullName>
        <middleName />
        <state>AR</state>
        <sponsorshipDate>2017-05-16</sponsorshipDate>
        <firstName>John</firstName>
        <bioguideId>B001236</bioguideId>
        <party>R</party>
        <lastName>Boozman</lastName>
        <sponsorshipWithdrawnDate />
        <identifiers>
          <gpoId>8247</gpoId>
          <bioguideId>B001236</bioguideId>
          <lisID>1687</lisID>
        </identifiers>
      </item>
    </cosponsors>
  </bill>
  <dublinCore xmlns:dc="http://purl.org/dc/elements/1.1/">
    <dc:format>text/xml</dc:format>
    <dc:language>EN</dc:language>
    <dc:rights>Pursuant to Title 17 Section 105 of the United States Code, this file is not subject to copyright protection and is in the public domain.</dc:rights>
    <dc:contributor>Congressional Research Service, Library of Congress</dc:contributor>
    <dc:description>This file contains bill summaries and statuses for federal legislation. A bill summary describes the most significant provisions of a piece of legislation and details the effects the legislative text may have on current law and federal programs. Bill summaries are authored by the Congressional Research Service (CRS) of the Library of Congress. As stated in Public Law 91-510 (2 USC 166 (d)(6)), one of the duties of CRS is "to prepare summaries and digests of bills and resolutions of a public general nature introduced in the Senate or House of Representatives". For more information, refer to the User Guide that accompanies this file.</dc:description>
  </dublinCore>
</billStatus>

