<?xml version="1.0" encoding="UTF-8"?>
<billStatus>
  <bill>
    <billNumber>332</billNumber>
    <cboCostEstimates />
    <congress>115</congress>
    <introducedDate>2017-11-15</introducedDate>
    <titles>
      <item>
        <titleType>Official Title as Introduced</titleType>
        <chamberName />
        <parentTitleType />
        <chamberCode />
        <title>A resolution commemorating the christening of the USNS Hershel "Woody" Williams.</title>
      </item>
      <item>
        <titleType>Display Title</titleType>
        <chamberName />
        <parentTitleType />
        <chamberCode />
        <title>A resolution commemorating the christening of the USNS Hershel "Woody" Williams.</title>
      </item>
    </titles>
    <calendarNumbers />
    <committees>
      <billCommittees />
    </committees>
    <originChamber>Senate</originChamber>
    <version>1.0.0</version>
    <title>A resolution commemorating the christening of the USNS Hershel "Woody" Williams.</title>
    <laws />
    <amendments />
    <relatedBills />
    <latestAction>
      <links />
      <actionDate>2017-11-15</actionDate>
      <text>Submitted in the Senate, considered, and agreed to without amendment and with a preamble by Unanimous Consent. (consideration: CR S7267; text: CR S7265)</text>
    </latestAction>
    <updateDate>2018-01-20T09:15:51Z</updateDate>
    <policyArea>
      <name>Armed Forces and National Security</name>
    </policyArea>
    <subjects>
      <billSubjects>
        <policyArea>
          <name>Armed Forces and National Security</name>
        </policyArea>
        <legislativeSubjects />
      </billSubjects>
    </subjects>
    <committeeReports />
    <cosponsors>
      <item>
        <bioguideId>C001047</bioguideId>
        <middleName>MOORE</middleName>
        <sponsorshipWithdrawnDate />
        <party>R</party>
        <sponsorshipDate>2017-11-15</sponsorshipDate>
        <identifiers>
          <bioguideId>C001047</bioguideId>
          <lisID>1676</lisID>
          <gpoId>8223</gpoId>
        </identifiers>
        <fullName>Sen. Capito, Shelley Moore [R-WV]</fullName>
        <firstName>SHELLEY</firstName>
        <state>WV</state>
        <isOriginalCosponsor>True</isOriginalCosponsor>
        <lastName>CAPITO</lastName>
      </item>
    </cosponsors>
    <summaries>
      <billSummaries />
    </summaries>
    <actions>
      <item>
        <actionDate>2017-11-15</actionDate>
        <committee />
        <links>
          <link>
            <name>S7265</name>
            <url>https://www.congress.gov/congressional-record/volume-163/senate-section/page/S7265</url>
          </link>
          <link>
            <name>S7267</name>
            <url>https://www.congress.gov/congressional-record/volume-163/senate-section/page/S7267</url>
          </link>
        </links>
        <sourceSystem>
          <name>Senate</name>
          <code>0</code>
        </sourceSystem>
        <text>Submitted in the Senate, considered, and agreed to without amendment and with a preamble by Unanimous Consent. (consideration: CR S7267; text: CR S7265)</text>
        <type>Floor</type>
      </item>
      <item>
        <actionCode>17000</actionCode>
        <type>Floor</type>
        <committee />
        <sourceSystem>
          <name>Library of Congress</name>
          <code>9</code>
        </sourceSystem>
        <links>
          <link>
            <name>S7265</name>
            <url>https://www.congress.gov/congressional-record/volume-163/senate-section/page/S7265</url>
          </link>
          <link>
            <name>S7267</name>
            <url>https://www.congress.gov/congressional-record/volume-163/senate-section/page/S7267</url>
          </link>
        </links>
        <actionDate>2017-11-15</actionDate>
        <text>Passed/agreed to in Senate: Submitted in the Senate, considered, and agreed to without amendment and with a preamble by Unanimous Consent.(consideration: CR S7267; text: CR S7265)</text>
      </item>
      <item>
        <actionCode>10000</actionCode>
        <type>IntroReferral</type>
        <committee />
        <sourceSystem>
          <name>Library of Congress</name>
          <code>9</code>
        </sourceSystem>
        <links />
        <actionDate>2017-11-15</actionDate>
        <text>Introduced in Senate</text>
      </item>
      <actionByCounts>
        <senate>3</senate>
      </actionByCounts>
      <actionTypeCounts>
        <introducedInSenate>1</introducedInSenate>
        <passedAgreedToInSenate>1</passedAgreedToInSenate>
        <passedOrAgreedToInSenateDayOf>1</passedOrAgreedToInSenateDayOf>
      </actionTypeCounts>
    </actions>
    <recordedVotes />
    <billType>SRES</billType>
    <notes />
    <createDate>2017-11-16T00:26:14Z</createDate>
    <sponsors>
      <item>
        <middleName />
        <state>WV</state>
        <byRequestType />
        <party>D</party>
        <bioguideId>M001183</bioguideId>
        <identifiers>
          <lisID>1983</lisID>
          <bioguideId>M001183</bioguideId>
          <gpoId>8256</gpoId>
        </identifiers>
        <fullName>Sen. Manchin, Joe, III [D-WV]</fullName>
        <lastName>Manchin</lastName>
        <firstName>Joe</firstName>
      </item>
    </sponsors>
  </bill>
  <dublinCore xmlns:dc="http://purl.org/dc/elements/1.1/">
    <dc:format>text/xml</dc:format>
    <dc:language>EN</dc:language>
    <dc:rights>Pursuant to Title 17 Section 105 of the United States Code, this file is not subject to copyright protection and is in the public domain.</dc:rights>
    <dc:contributor>Congressional Research Service, Library of Congress</dc:contributor>
    <dc:description>This file contains bill summaries and statuses for federal legislation. A bill summary describes the most significant provisions of a piece of legislation and details the effects the legislative text may have on current law and federal programs. Bill summaries are authored by the Congressional Research Service (CRS) of the Library of Congress. As stated in Public Law 91-510 (2 USC 166 (d)(6)), one of the duties of CRS is "to prepare summaries and digests of bills and resolutions of a public general nature introduced in the Senate or House of Representatives". For more information, refer to the User Guide that accompanies this file.</dc:description>
  </dublinCore>
</billStatus>

