<?xml version="1.0" encoding="UTF-8"?>
<billStatus>
  <bill>
    <policyArea>
      <name>Crime and Law Enforcement</name>
    </policyArea>
    <introducedDate>2017-02-01</introducedDate>
    <cosponsors>
      <item>
        <isOriginalCosponsor>True</isOriginalCosponsor>
        <fullName>Sen. Perdue, David [R-GA]</fullName>
        <firstName>David</firstName>
        <identifiers>
          <gpoId />
          <bioguideId>P000612</bioguideId>
          <lisID>2286</lisID>
        </identifiers>
        <party>R</party>
        <sponsorshipDate>2017-02-01</sponsorshipDate>
        <lastName>Perdue</lastName>
        <bioguideId>P000612</bioguideId>
        <state>GA</state>
        <middleName>Alfred</middleName>
        <sponsorshipWithdrawnDate />
      </item>
      <item>
        <isOriginalCosponsor>True</isOriginalCosponsor>
        <fullName>Sen. Hirono, Mazie K. [D-HI]</fullName>
        <firstName>Mazie</firstName>
        <identifiers>
          <bioguideId>H001042</bioguideId>
          <lisID>1844</lisID>
          <gpoId>7913</gpoId>
        </identifiers>
        <party>D</party>
        <sponsorshipDate>2017-02-01</sponsorshipDate>
        <lastName>Hirono</lastName>
        <bioguideId>H001042</bioguideId>
        <state>HI</state>
        <middleName>K.</middleName>
        <sponsorshipWithdrawnDate />
      </item>
      <item>
        <isOriginalCosponsor>True</isOriginalCosponsor>
        <fullName>Sen. Crapo, Mike [R-ID]</fullName>
        <firstName>MICHAEL</firstName>
        <identifiers>
          <bioguideId>C000880</bioguideId>
          <lisID>250</lisID>
          <gpoId>8289</gpoId>
        </identifiers>
        <party>R</party>
        <sponsorshipDate>2017-02-01</sponsorshipDate>
        <lastName>CRAPO</lastName>
        <bioguideId>C000880</bioguideId>
        <state>ID</state>
        <middleName>D.</middleName>
        <sponsorshipWithdrawnDate />
      </item>
      <item>
        <isOriginalCosponsor>True</isOriginalCosponsor>
        <fullName>Sen. Feinstein, Dianne [D-CA]</fullName>
        <firstName>DIANNE</firstName>
        <identifiers>
          <bioguideId>F000062</bioguideId>
          <lisID>1332</lisID>
          <gpoId>8338</gpoId>
        </identifiers>
        <party>D</party>
        <sponsorshipDate>2017-02-01</sponsorshipDate>
        <lastName>FEINSTEIN</lastName>
        <bioguideId>F000062</bioguideId>
        <state>CA</state>
        <middleName />
        <sponsorshipWithdrawnDate />
      </item>
    </cosponsors>
    <congress>115</congress>
    <recordedVotes />
    <amendments />
    <laws />
    <cboCostEstimates />
    <actions>
      <actionByCounts>
        <senate>3</senate>
      </actionByCounts>
      <actionTypeCounts>
        <introducedInSenate>1</introducedInSenate>
        <passedAgreedToInSenate>1</passedAgreedToInSenate>
        <passedOrAgreedToInSenateDayOf>1</passedOrAgreedToInSenateDayOf>
      </actionTypeCounts>
      <item>
        <actionDate>2017-02-01</actionDate>
        <committee />
        <links>
          <link>
            <name>S603-604</name>
            <url>https://www.congress.gov/congressional-record/volume-163/senate-section/page/S603-604</url>
          </link>
          <link>
            <name>S604</name>
            <url>https://www.congress.gov/congressional-record/volume-163/senate-section/page/S604</url>
          </link>
        </links>
        <sourceSystem>
          <code>0</code>
          <name>Senate</name>
        </sourceSystem>
        <text>Submitted in the Senate, considered, and agreed to without amendment and with a preamble by Unanimous Consent. (consideration: CR S604; text as passed Senate: CR S603-604)</text>
        <type>Floor</type>
      </item>
      <item>
        <text>Passed/agreed to in Senate: Submitted in the Senate, considered, and agreed to without amendment and with a preamble by Unanimous Consent.(consideration: CR S604; text as passed Senate: CR S603-604)</text>
        <links>
          <link>
            <name>S603-604</name>
            <url>https://www.congress.gov/congressional-record/volume-163/senate-section/page/S603-604</url>
          </link>
          <link>
            <name>S604</name>
            <url>https://www.congress.gov/congressional-record/volume-163/senate-section/page/S604</url>
          </link>
        </links>
        <sourceSystem>
          <code>9</code>
          <name>Library of Congress</name>
        </sourceSystem>
        <actionCode>17000</actionCode>
        <type>Floor</type>
        <committee />
        <actionDate>2017-02-01</actionDate>
      </item>
      <item>
        <text>Introduced in Senate</text>
        <links />
        <sourceSystem>
          <code>9</code>
          <name>Library of Congress</name>
        </sourceSystem>
        <actionCode>10000</actionCode>
        <type>IntroReferral</type>
        <committee />
        <actionDate>2017-02-01</actionDate>
      </item>
    </actions>
    <latestAction>
      <text>Submitted in the Senate, considered, and agreed to without amendment and with a preamble by Unanimous Consent. (consideration: CR S604; text as passed Senate: CR S603-604)</text>
      <actionDate>2017-02-01</actionDate>
      <links />
    </latestAction>
    <titles>
      <item>
        <titleType>Official Title as Introduced</titleType>
        <parentTitleType />
        <chamberName />
        <title>A resolution raising awareness and encouraging the prevention of stalking by designating January 2017 as "National Stalking Awareness Month".</title>
        <chamberCode />
      </item>
      <item>
        <titleType>Display Title</titleType>
        <parentTitleType />
        <chamberName />
        <title>A resolution raising awareness and encouraging the prevention of stalking by designating January 2017 as "National Stalking Awareness Month".</title>
        <chamberCode />
      </item>
    </titles>
    <summaries>
      <billSummaries>
        <item>
          <versionCode>00</versionCode>
          <actionDate>2017-02-01</actionDate>
          <updateDate>2017-02-01T05:00:00Z</updateDate>
          <text><![CDATA[<p>Designates January 2017 as National Stalking Awareness Month.</p> <p>Applauds the efforts of service providers, police, prosecutors, national and community organizations, campuses, and private sector supporters to promote awareness of stalking.</p> <p>Encourages increased awareness of stalking and the availability of services for stalking victims. </p> <p>Urges national and community organizations, private businesses, and the media to promote awareness of the crime of stalking through National Stalking Awareness Month.</p>]]></text>
          <actionDesc>Introduced in Senate</actionDesc>
          <name>Introduced in Senate</name>
          <lastSummaryUpdateDate>2017-02-03T22:36:40Z</lastSummaryUpdateDate>
        </item>
        <item>
          <versionCode>82</versionCode>
          <actionDate>2017-02-01</actionDate>
          <updateDate>2017-02-01T14:47:20Z</updateDate>
          <text><![CDATA[<p>(This measure has not been amended since it was introduced. The summary of that version is repeated here.)</p> <p>Designates January 2017 as National Stalking Awareness Month.</p> <p>Applauds the efforts of service providers, police, prosecutors, national and community organizations, campuses, and private sector supporters to promote awareness of stalking.</p> <p>Encourages increased awareness of stalking and the availability of services for stalking victims. </p> <p>Urges national and community organizations, private businesses, and the media to promote awareness of the crime of stalking through National Stalking Awareness Month.</p>]]></text>
          <actionDesc>Passed Senate without amendment</actionDesc>
          <name>Passed Senate without amendment</name>
          <lastSummaryUpdateDate>2017-02-07T19:27:56Z</lastSummaryUpdateDate>
        </item>
      </billSummaries>
    </summaries>
    <title>A resolution raising awareness and encouraging the prevention of stalking by designating January 2017 as "National Stalking Awareness Month".</title>
    <calendarNumbers />
    <originChamber>Senate</originChamber>
    <updateDate>2018-02-06T16:43:58Z</updateDate>
    <notes />
    <billType>SRES</billType>
    <committees>
      <billCommittees />
    </committees>
    <relatedBills />
    <committeeReports />
    <billNumber>41</billNumber>
    <sponsors>
      <item>
        <byRequestType />
        <state>MN</state>
        <bioguideId>K000367</bioguideId>
        <identifiers>
          <gpoId>8249</gpoId>
          <lisID>1826</lisID>
          <bioguideId>K000367</bioguideId>
        </identifiers>
        <fullName>Sen. Klobuchar, Amy [D-MN]</fullName>
        <lastName>Klobuchar</lastName>
        <firstName>Amy</firstName>
        <middleName />
        <party>D</party>
      </item>
    </sponsors>
    <createDate>2017-02-02T05:28:47Z</createDate>
    <version>1.0.0</version>
    <subjects>
      <billSubjects>
        <policyArea>
          <name>Crime and Law Enforcement</name>
        </policyArea>
        <legislativeSubjects>
          <item>
            <name>Assault and harassment offenses</name>
          </item>
          <item>
            <name>Commemorative events and holidays</name>
          </item>
          <item>
            <name>Congressional tributes</name>
          </item>
          <item>
            <name>Crime victims</name>
          </item>
          <item>
            <name>Law enforcement officers</name>
          </item>
        </legislativeSubjects>
      </billSubjects>
    </subjects>
  </bill>
  <dublinCore xmlns:dc="http://purl.org/dc/elements/1.1/">
    <dc:format>text/xml</dc:format>
    <dc:language>EN</dc:language>
    <dc:rights>Pursuant to Title 17 Section 105 of the United States Code, this file is not subject to copyright protection and is in the public domain.</dc:rights>
    <dc:contributor>Congressional Research Service, Library of Congress</dc:contributor>
    <dc:description>This file contains bill summaries and statuses for federal legislation. A bill summary describes the most significant provisions of a piece of legislation and details the effects the legislative text may have on current law and federal programs. Bill summaries are authored by the Congressional Research Service (CRS) of the Library of Congress. As stated in Public Law 91-510 (2 USC 166 (d)(6)), one of the duties of CRS is "to prepare summaries and digests of bills and resolutions of a public general nature introduced in the Senate or House of Representatives". For more information, refer to the User Guide that accompanies this file.</dc:description>
  </dublinCore>
</billStatus>

