<?xml version="1.0" encoding="UTF-8"?>
<billStatus>
  <bill>
    <committeeReports />
    <sponsors>
      <item>
        <party>R</party>
        <bioguideId>A000360</bioguideId>
        <fullName>Sen. Alexander, Lamar [R-TN]</fullName>
        <firstName>Lamar</firstName>
        <state>TN</state>
        <middleName />
        <lastName>Alexander</lastName>
        <byRequestType />
        <identifiers>
          <bioguideId>A000360</bioguideId>
          <lisID>1695</lisID>
          <gpoId>8304</gpoId>
        </identifiers>
      </item>
    </sponsors>
    <cosponsors>
      <item>
        <sponsorshipDate>2017-10-30</sponsorshipDate>
        <lastName>UDALL</lastName>
        <identifiers>
          <bioguideId>U000039</bioguideId>
          <lisID>1567</lisID>
          <gpoId>8260</gpoId>
        </identifiers>
        <state>NM</state>
        <fullName>Sen. Udall, Tom [D-NM]</fullName>
        <party>D</party>
        <isOriginalCosponsor>True</isOriginalCosponsor>
        <sponsorshipWithdrawnDate />
        <middleName />
        <firstName>TOM</firstName>
        <bioguideId>U000039</bioguideId>
      </item>
      <item>
        <sponsorshipDate>2017-10-30</sponsorshipDate>
        <lastName>MCCONNELL</lastName>
        <identifiers>
          <bioguideId>M000355</bioguideId>
          <lisID>1395</lisID>
          <gpoId>8254</gpoId>
        </identifiers>
        <state>KY</state>
        <fullName>Sen. McConnell, Mitch [R-KY]</fullName>
        <party>R</party>
        <isOriginalCosponsor>True</isOriginalCosponsor>
        <sponsorshipWithdrawnDate />
        <middleName />
        <firstName>MITCH</firstName>
        <bioguideId>M000355</bioguideId>
      </item>
      <item>
        <sponsorshipDate>2017-10-30</sponsorshipDate>
        <lastName>SCHUMER</lastName>
        <identifiers>
          <bioguideId>S000148</bioguideId>
          <lisID>1036</lisID>
          <gpoId>8279</gpoId>
        </identifiers>
        <state>NY</state>
        <fullName>Sen. Schumer, Charles E. [D-NY]</fullName>
        <party>D</party>
        <isOriginalCosponsor>True</isOriginalCosponsor>
        <sponsorshipWithdrawnDate />
        <middleName>E.</middleName>
        <firstName>CHARLES</firstName>
        <bioguideId>S000148</bioguideId>
      </item>
      <item>
        <sponsorshipDate>2017-10-30</sponsorshipDate>
        <lastName>Corker</lastName>
        <identifiers>
          <lisID>1825</lisID>
          <bioguideId>C001071</bioguideId>
          <gpoId>8294</gpoId>
        </identifiers>
        <state>TN</state>
        <fullName>Sen. Corker, Bob [R-TN]</fullName>
        <party>R</party>
        <isOriginalCosponsor>True</isOriginalCosponsor>
        <sponsorshipWithdrawnDate />
        <middleName />
        <firstName>Bob</firstName>
        <bioguideId>C001071</bioguideId>
      </item>
      <item>
        <sponsorshipDate>2017-10-30</sponsorshipDate>
        <lastName>Heinrich</lastName>
        <identifiers>
          <bioguideId>H001046</bioguideId>
          <lisID>1937</lisID>
          <gpoId>8056</gpoId>
        </identifiers>
        <state>NM</state>
        <fullName>Sen. Heinrich, Martin [D-NM]</fullName>
        <party>D</party>
        <isOriginalCosponsor>True</isOriginalCosponsor>
        <sponsorshipWithdrawnDate />
        <middleName />
        <firstName>Martin</firstName>
        <bioguideId>H001046</bioguideId>
      </item>
      <item>
        <sponsorshipDate>2017-10-30</sponsorshipDate>
        <lastName>PORTMAN</lastName>
        <identifiers>
          <lisID>924</lisID>
          <bioguideId>P000449</bioguideId>
          <gpoId>8266</gpoId>
        </identifiers>
        <state>OH</state>
        <fullName>Sen. Portman, Rob [R-OH]</fullName>
        <party>R</party>
        <isOriginalCosponsor>True</isOriginalCosponsor>
        <sponsorshipWithdrawnDate />
        <middleName />
        <firstName>ROB</firstName>
        <bioguideId>P000449</bioguideId>
      </item>
      <item>
        <sponsorshipDate>2017-10-30</sponsorshipDate>
        <lastName>BROWN</lastName>
        <identifiers>
          <bioguideId>B000944</bioguideId>
          <lisID>136</lisID>
          <gpoId>8309</gpoId>
        </identifiers>
        <state>OH</state>
        <fullName>Sen. Brown, Sherrod [D-OH]</fullName>
        <party>D</party>
        <isOriginalCosponsor>True</isOriginalCosponsor>
        <sponsorshipWithdrawnDate />
        <middleName />
        <firstName>SHERROD</firstName>
        <bioguideId>B000944</bioguideId>
      </item>
      <item>
        <sponsorshipDate>2017-10-30</sponsorshipDate>
        <lastName>Gardner</lastName>
        <identifiers>
          <bioguideId>G000562</bioguideId>
          <lisID>1998</lisID>
          <gpoId>7862</gpoId>
        </identifiers>
        <state>CO</state>
        <fullName>Sen. Gardner, Cory [R-CO]</fullName>
        <party>R</party>
        <isOriginalCosponsor>True</isOriginalCosponsor>
        <sponsorshipWithdrawnDate />
        <middleName />
        <firstName>Cory</firstName>
        <bioguideId>G000562</bioguideId>
      </item>
      <item>
        <sponsorshipDate>2017-10-30</sponsorshipDate>
        <lastName>CANTWELL</lastName>
        <identifiers>
          <bioguideId>C000127</bioguideId>
          <gpoId>8288</gpoId>
          <lisID>172</lisID>
        </identifiers>
        <state>WA</state>
        <fullName>Sen. Cantwell, Maria [D-WA]</fullName>
        <party>D</party>
        <isOriginalCosponsor>True</isOriginalCosponsor>
        <sponsorshipWithdrawnDate />
        <middleName />
        <firstName>MARIA</firstName>
        <bioguideId>C000127</bioguideId>
      </item>
      <item>
        <sponsorshipDate>2017-10-30</sponsorshipDate>
        <lastName>GRAHAM</lastName>
        <identifiers>
          <gpoId>8335</gpoId>
          <lisID>452</lisID>
          <bioguideId>G000359</bioguideId>
        </identifiers>
        <state>SC</state>
        <fullName>Sen. Graham, Lindsey [R-SC]</fullName>
        <party>R</party>
        <isOriginalCosponsor>True</isOriginalCosponsor>
        <sponsorshipWithdrawnDate />
        <middleName>O.</middleName>
        <firstName>LINDSEY</firstName>
        <bioguideId>G000359</bioguideId>
      </item>
      <item>
        <sponsorshipDate>2017-10-30</sponsorshipDate>
        <lastName>MURRAY</lastName>
        <identifiers>
          <bioguideId>M001111</bioguideId>
          <lisID>1409</lisID>
          <gpoId>8237</gpoId>
        </identifiers>
        <state>WA</state>
        <fullName>Sen. Murray, Patty [D-WA]</fullName>
        <party>D</party>
        <isOriginalCosponsor>True</isOriginalCosponsor>
        <sponsorshipWithdrawnDate />
        <middleName />
        <firstName>PATTY</firstName>
        <bioguideId>M001111</bioguideId>
      </item>
      <item>
        <sponsorshipDate>2017-10-30</sponsorshipDate>
        <lastName>HATCH</lastName>
        <identifiers>
          <bioguideId>H000338</bioguideId>
          <gpoId>8314</gpoId>
          <lisID>1351</lisID>
        </identifiers>
        <state>UT</state>
        <fullName>Sen. Hatch, Orrin G. [R-UT]</fullName>
        <party>R</party>
        <isOriginalCosponsor>True</isOriginalCosponsor>
        <sponsorshipWithdrawnDate />
        <middleName>GRANT</middleName>
        <firstName>ORRIN</firstName>
        <bioguideId>H000338</bioguideId>
      </item>
      <item>
        <sponsorshipDate>2017-10-30</sponsorshipDate>
        <lastName>MARKEY</lastName>
        <identifiers>
          <bioguideId>M000133</bioguideId>
          <lisID>735</lisID>
          <gpoId>7972</gpoId>
        </identifiers>
        <state>MA</state>
        <fullName>Sen. Markey, Edward J. [D-MA]</fullName>
        <party>D</party>
        <isOriginalCosponsor>True</isOriginalCosponsor>
        <sponsorshipWithdrawnDate />
        <middleName>J.</middleName>
        <firstName>EDWARD</firstName>
        <bioguideId>M000133</bioguideId>
      </item>
      <item>
        <sponsorshipDate>2017-10-30</sponsorshipDate>
        <lastName>ROBERTS</lastName>
        <identifiers>
          <gpoId>8275</gpoId>
          <lisID>968</lisID>
          <bioguideId>R000307</bioguideId>
        </identifiers>
        <state>KS</state>
        <fullName>Sen. Roberts, Pat [R-KS]</fullName>
        <party>R</party>
        <isOriginalCosponsor>True</isOriginalCosponsor>
        <sponsorshipWithdrawnDate />
        <middleName />
        <firstName>PAT</firstName>
        <bioguideId>R000307</bioguideId>
      </item>
      <item>
        <sponsorshipDate>2017-10-30</sponsorshipDate>
        <lastName>Rubio</lastName>
        <identifiers>
          <bioguideId>R000595</bioguideId>
          <lisID>2084</lisID>
          <gpoId>8242</gpoId>
        </identifiers>
        <state>FL</state>
        <fullName>Sen. Rubio, Marco [R-FL]</fullName>
        <party>R</party>
        <isOriginalCosponsor>True</isOriginalCosponsor>
        <sponsorshipWithdrawnDate />
        <middleName />
        <firstName>Marco</firstName>
        <bioguideId>R000595</bioguideId>
      </item>
      <item>
        <sponsorshipDate>2017-10-30</sponsorshipDate>
        <lastName>GRASSLEY</lastName>
        <identifiers>
          <bioguideId>G000386</bioguideId>
          <lisID>457</lisID>
          <gpoId>8316</gpoId>
        </identifiers>
        <state>IA</state>
        <fullName>Sen. Grassley, Chuck [R-IA]</fullName>
        <party>R</party>
        <isOriginalCosponsor>True</isOriginalCosponsor>
        <sponsorshipWithdrawnDate />
        <middleName>ERNEST</middleName>
        <firstName>CHARLES</firstName>
        <bioguideId>G000386</bioguideId>
      </item>
    </cosponsors>
    <version>1.0.0</version>
    <latestAction>
      <text>Submitted in the Senate, considered, and agreed to without amendment and with a preamble by Unanimous Consent. (consideration: CR S6879; text: CR S6877-6878)</text>
      <actionDate>2017-10-30</actionDate>
      <links />
    </latestAction>
    <summaries>
      <billSummaries />
    </summaries>
    <introducedDate>2017-10-30</introducedDate>
    <titles>
      <item>
        <title>A resolution designating October 30, 2017, as a national day of remembrance for nuclear weapons program workers.</title>
        <chamberCode />
        <parentTitleType />
        <titleType>Official Title as Introduced</titleType>
        <chamberName />
      </item>
      <item>
        <title>A resolution designating October 30, 2017, as a national day of remembrance for nuclear weapons program workers.</title>
        <chamberCode />
        <parentTitleType />
        <titleType>Display Title</titleType>
        <chamberName />
      </item>
    </titles>
    <recordedVotes />
    <billNumber>314</billNumber>
    <title>A resolution designating October 30, 2017, as a national day of remembrance for nuclear weapons program workers.</title>
    <originChamber>Senate</originChamber>
    <createDate>2017-10-31T00:26:16Z</createDate>
    <subjects>
      <billSubjects>
        <policyArea>
          <name>Armed Forces and National Security</name>
        </policyArea>
        <legislativeSubjects />
      </billSubjects>
    </subjects>
    <billType>SRES</billType>
    <amendments />
    <notes />
    <committees>
      <billCommittees />
    </committees>
    <relatedBills />
    <cboCostEstimates />
    <actions>
      <item>
        <actionDate>2017-10-30</actionDate>
        <committee />
        <links>
          <link>
            <name>S6877-6878</name>
            <url>https://www.congress.gov/congressional-record/volume-163/senate-section/page/S6877-6878</url>
          </link>
          <link>
            <name>S6879</name>
            <url>https://www.congress.gov/congressional-record/volume-163/senate-section/page/S6879</url>
          </link>
        </links>
        <sourceSystem>
          <name>Senate</name>
          <code>0</code>
        </sourceSystem>
        <text>Submitted in the Senate, considered, and agreed to without amendment and with a preamble by Unanimous Consent. (consideration: CR S6879; text: CR S6877-6878)</text>
        <type>Floor</type>
      </item>
      <item>
        <links>
          <link>
            <name>S6877-6878</name>
            <url>https://www.congress.gov/congressional-record/volume-163/senate-section/page/S6877-6878</url>
          </link>
          <link>
            <name>S6879</name>
            <url>https://www.congress.gov/congressional-record/volume-163/senate-section/page/S6879</url>
          </link>
        </links>
        <actionCode>17000</actionCode>
        <actionDate>2017-10-30</actionDate>
        <type>Floor</type>
        <text>Passed/agreed to in Senate: Submitted in the Senate, considered, and agreed to without amendment and with a preamble by Unanimous Consent.(consideration: CR S6879; text: CR S6877-6878)</text>
        <committee />
        <sourceSystem>
          <name>Library of Congress</name>
          <code>9</code>
        </sourceSystem>
      </item>
      <item>
        <links />
        <actionCode>10000</actionCode>
        <actionDate>2017-10-30</actionDate>
        <type>IntroReferral</type>
        <text>Introduced in Senate</text>
        <committee />
        <sourceSystem>
          <name>Library of Congress</name>
          <code>9</code>
        </sourceSystem>
      </item>
      <actionByCounts>
        <senate>3</senate>
      </actionByCounts>
      <actionTypeCounts>
        <passedOrAgreedToInSenateDayOf>1</passedOrAgreedToInSenateDayOf>
        <passedAgreedToInSenate>1</passedAgreedToInSenate>
        <introducedInSenate>1</introducedInSenate>
      </actionTypeCounts>
    </actions>
    <calendarNumbers />
    <congress>115</congress>
    <policyArea>
      <name>Armed Forces and National Security</name>
    </policyArea>
    <updateDate>2018-01-25T21:38:12Z</updateDate>
    <laws />
  </bill>
  <dublinCore xmlns:dc="http://purl.org/dc/elements/1.1/">
    <dc:format>text/xml</dc:format>
    <dc:language>EN</dc:language>
    <dc:rights>Pursuant to Title 17 Section 105 of the United States Code, this file is not subject to copyright protection and is in the public domain.</dc:rights>
    <dc:contributor>Congressional Research Service, Library of Congress</dc:contributor>
    <dc:description>This file contains bill summaries and statuses for federal legislation. A bill summary describes the most significant provisions of a piece of legislation and details the effects the legislative text may have on current law and federal programs. Bill summaries are authored by the Congressional Research Service (CRS) of the Library of Congress. As stated in Public Law 91-510 (2 USC 166 (d)(6)), one of the duties of CRS is "to prepare summaries and digests of bills and resolutions of a public general nature introduced in the Senate or House of Representatives". For more information, refer to the User Guide that accompanies this file.</dc:description>
  </dublinCore>
</billStatus>

