<?xml version="1.0" encoding="UTF-8"?>
<billStatus>
  <bill>
    <policyArea>
      <name>Congress</name>
    </policyArea>
    <introducedDate>2017-06-15</introducedDate>
    <cosponsors>
      <item>
        <identifiers>
          <bioguideId>W000805</bioguideId>
          <lisID>1897</lisID>
          <gpoId>8269</gpoId>
        </identifiers>
        <bioguideId>W000805</bioguideId>
        <sponsorshipDate>2017-06-15</sponsorshipDate>
        <middleName>R.</middleName>
        <fullName>Sen. Warner, Mark R. [D-VA]</fullName>
        <sponsorshipWithdrawnDate />
        <state>VA</state>
        <party>D</party>
        <firstName>Mark</firstName>
        <isOriginalCosponsor>True</isOriginalCosponsor>
        <lastName>Warner</lastName>
      </item>
      <item>
        <identifiers>
          <gpoId>8254</gpoId>
          <bioguideId>M000355</bioguideId>
          <lisID>1395</lisID>
        </identifiers>
        <bioguideId>M000355</bioguideId>
        <sponsorshipDate>2017-06-15</sponsorshipDate>
        <middleName />
        <fullName>Sen. McConnell, Mitch [R-KY]</fullName>
        <sponsorshipWithdrawnDate />
        <state>KY</state>
        <party>R</party>
        <firstName>MITCH</firstName>
        <isOriginalCosponsor>True</isOriginalCosponsor>
        <lastName>MCCONNELL</lastName>
      </item>
      <item>
        <identifiers>
          <lisID>1036</lisID>
          <bioguideId>S000148</bioguideId>
          <gpoId>8279</gpoId>
        </identifiers>
        <bioguideId>S000148</bioguideId>
        <sponsorshipDate>2017-06-15</sponsorshipDate>
        <middleName>E.</middleName>
        <fullName>Sen. Schumer, Charles E. [D-NY]</fullName>
        <sponsorshipWithdrawnDate />
        <state>NY</state>
        <party>D</party>
        <firstName>CHARLES</firstName>
        <isOriginalCosponsor>True</isOriginalCosponsor>
        <lastName>SCHUMER</lastName>
      </item>
      <item>
        <identifiers>
          <bioguideId>A000360</bioguideId>
          <lisID>1695</lisID>
          <gpoId>8304</gpoId>
        </identifiers>
        <bioguideId>A000360</bioguideId>
        <sponsorshipDate>2017-06-15</sponsorshipDate>
        <middleName />
        <fullName>Sen. Alexander, Lamar [R-TN]</fullName>
        <sponsorshipWithdrawnDate />
        <state>TN</state>
        <party>R</party>
        <firstName>Lamar</firstName>
        <isOriginalCosponsor>True</isOriginalCosponsor>
        <lastName>Alexander</lastName>
      </item>
      <item>
        <identifiers>
          <lisID>1558</lisID>
          <gpoId>8215</gpoId>
          <bioguideId>B001230</bioguideId>
        </identifiers>
        <bioguideId>B001230</bioguideId>
        <sponsorshipDate>2017-06-15</sponsorshipDate>
        <middleName />
        <fullName>Sen. Baldwin, Tammy [D-WI]</fullName>
        <sponsorshipWithdrawnDate />
        <state>WI</state>
        <party>D</party>
        <firstName>TAMMY</firstName>
        <isOriginalCosponsor>True</isOriginalCosponsor>
        <lastName>BALDWIN</lastName>
      </item>
      <item>
        <identifiers>
          <lisID>1881</lisID>
          <gpoId>8300</gpoId>
          <bioguideId>B001261</bioguideId>
        </identifiers>
        <bioguideId>B001261</bioguideId>
        <sponsorshipDate>2017-06-15</sponsorshipDate>
        <middleName />
        <fullName>Sen. Barrasso, John [R-WY]</fullName>
        <sponsorshipWithdrawnDate />
        <state>WY</state>
        <party>R</party>
        <firstName>John</firstName>
        <isOriginalCosponsor>True</isOriginalCosponsor>
        <lastName>Barrasso</lastName>
      </item>
      <item>
        <identifiers>
          <lisID>1965</lisID>
          <bioguideId>B001267</bioguideId>
          <gpoId>8302</gpoId>
        </identifiers>
        <bioguideId>B001267</bioguideId>
        <sponsorshipDate>2017-06-15</sponsorshipDate>
        <middleName>F.</middleName>
        <fullName>Sen. Bennet, Michael F. [D-CO]</fullName>
        <sponsorshipWithdrawnDate />
        <state>CO</state>
        <party>D</party>
        <firstName>Michael</firstName>
        <isOriginalCosponsor>True</isOriginalCosponsor>
        <lastName>Bennet</lastName>
      </item>
      <item>
        <identifiers>
          <gpoId>8332</gpoId>
          <lisID>2076</lisID>
          <bioguideId>B001277</bioguideId>
        </identifiers>
        <bioguideId>B001277</bioguideId>
        <sponsorshipDate>2017-06-15</sponsorshipDate>
        <middleName />
        <fullName>Sen. Blumenthal, Richard [D-CT]</fullName>
        <sponsorshipWithdrawnDate />
        <state>CT</state>
        <party>D</party>
        <firstName>Richard</firstName>
        <isOriginalCosponsor>True</isOriginalCosponsor>
        <lastName>Blumenthal</lastName>
      </item>
      <item>
        <identifiers>
          <bioguideId>B000575</bioguideId>
          <lisID>1464</lisID>
          <gpoId>8313</gpoId>
        </identifiers>
        <bioguideId>B000575</bioguideId>
        <sponsorshipDate>2017-06-15</sponsorshipDate>
        <middleName />
        <fullName>Sen. Blunt, Roy [R-MO]</fullName>
        <sponsorshipWithdrawnDate />
        <state>MO</state>
        <party>R</party>
        <firstName>Roy</firstName>
        <isOriginalCosponsor>True</isOriginalCosponsor>
        <lastName>Blunt</lastName>
      </item>
      <item>
        <identifiers>
          <gpoId />
          <lisID>2194</lisID>
          <bioguideId>B001288</bioguideId>
        </identifiers>
        <bioguideId>B001288</bioguideId>
        <sponsorshipDate>2017-06-15</sponsorshipDate>
        <middleName>A.</middleName>
        <fullName>Sen. Booker, Cory A. [D-NJ]</fullName>
        <sponsorshipWithdrawnDate />
        <state>NJ</state>
        <party>D</party>
        <firstName>Cory</firstName>
        <isOriginalCosponsor>True</isOriginalCosponsor>
        <lastName>Booker</lastName>
      </item>
      <item>
        <identifiers>
          <gpoId>8247</gpoId>
          <bioguideId>B001236</bioguideId>
          <lisID>1687</lisID>
        </identifiers>
        <bioguideId>B001236</bioguideId>
        <sponsorshipDate>2017-06-15</sponsorshipDate>
        <middleName />
        <fullName>Sen. Boozman, John [R-AR]</fullName>
        <sponsorshipWithdrawnDate />
        <state>AR</state>
        <party>R</party>
        <firstName>John</firstName>
        <isOriginalCosponsor>True</isOriginalCosponsor>
        <lastName>Boozman</lastName>
      </item>
      <item>
        <identifiers>
          <gpoId>8309</gpoId>
          <lisID>136</lisID>
          <bioguideId>B000944</bioguideId>
        </identifiers>
        <bioguideId>B000944</bioguideId>
        <sponsorshipDate>2017-06-15</sponsorshipDate>
        <middleName />
        <fullName>Sen. Brown, Sherrod [D-OH]</fullName>
        <sponsorshipWithdrawnDate />
        <state>OH</state>
        <party>D</party>
        <firstName>SHERROD</firstName>
        <isOriginalCosponsor>True</isOriginalCosponsor>
        <lastName>BROWN</lastName>
      </item>
      <item>
        <identifiers>
          <bioguideId>B001135</bioguideId>
          <lisID>153</lisID>
          <gpoId>8286</gpoId>
        </identifiers>
        <bioguideId>B001135</bioguideId>
        <sponsorshipDate>2017-06-15</sponsorshipDate>
        <middleName />
        <fullName>Sen. Burr, Richard [R-NC]</fullName>
        <sponsorshipWithdrawnDate />
        <state>NC</state>
        <party>R</party>
        <firstName>RICHARD</firstName>
        <isOriginalCosponsor>True</isOriginalCosponsor>
        <lastName>BURR</lastName>
      </item>
      <item>
        <identifiers>
          <lisID>172</lisID>
          <gpoId>8288</gpoId>
          <bioguideId>C000127</bioguideId>
        </identifiers>
        <bioguideId>C000127</bioguideId>
        <sponsorshipDate>2017-06-15</sponsorshipDate>
        <middleName />
        <fullName>Sen. Cantwell, Maria [D-WA]</fullName>
        <sponsorshipWithdrawnDate />
        <state>WA</state>
        <party>D</party>
        <firstName>MARIA</firstName>
        <isOriginalCosponsor>True</isOriginalCosponsor>
        <lastName>CANTWELL</lastName>
      </item>
      <item>
        <identifiers>
          <lisID>1676</lisID>
          <gpoId>8223</gpoId>
          <bioguideId>C001047</bioguideId>
        </identifiers>
        <bioguideId>C001047</bioguideId>
        <sponsorshipDate>2017-06-15</sponsorshipDate>
        <middleName>MOORE</middleName>
        <fullName>Sen. Capito, Shelley Moore [R-WV]</fullName>
        <sponsorshipWithdrawnDate />
        <state>WV</state>
        <party>R</party>
        <firstName>SHELLEY</firstName>
        <isOriginalCosponsor>True</isOriginalCosponsor>
        <lastName>CAPITO</lastName>
      </item>
      <item>
        <identifiers>
          <gpoId>8287</gpoId>
          <lisID>174</lisID>
          <bioguideId>C000141</bioguideId>
        </identifiers>
        <bioguideId>C000141</bioguideId>
        <sponsorshipDate>2017-06-15</sponsorshipDate>
        <middleName>L.</middleName>
        <fullName>Sen. Cardin, Benjamin L. [D-MD]</fullName>
        <sponsorshipWithdrawnDate />
        <state>MD</state>
        <party>D</party>
        <firstName>BENJAMIN</firstName>
        <isOriginalCosponsor>True</isOriginalCosponsor>
        <lastName>CARDIN</lastName>
      </item>
      <item>
        <identifiers>
          <lisID>179</lisID>
          <gpoId>8283</gpoId>
          <bioguideId>C000174</bioguideId>
        </identifiers>
        <bioguideId>C000174</bioguideId>
        <sponsorshipDate>2017-06-15</sponsorshipDate>
        <middleName>R.</middleName>
        <fullName>Sen. Carper, Thomas R. [D-DE]</fullName>
        <sponsorshipWithdrawnDate />
        <state>DE</state>
        <party>D</party>
        <firstName>THOMAS</firstName>
        <isOriginalCosponsor>True</isOriginalCosponsor>
        <lastName>CARPER</lastName>
      </item>
      <item>
        <identifiers>
          <gpoId>8282</gpoId>
          <lisID>1828</lisID>
          <bioguideId>C001070</bioguideId>
        </identifiers>
        <bioguideId>C001070</bioguideId>
        <sponsorshipDate>2017-06-15</sponsorshipDate>
        <middleName />
        <fullName>Sen. Casey, Robert P., Jr. [D-PA]</fullName>
        <sponsorshipWithdrawnDate />
        <state>PA</state>
        <party>D</party>
        <firstName>Bob</firstName>
        <isOriginalCosponsor>True</isOriginalCosponsor>
        <lastName>Casey</lastName>
      </item>
      <item>
        <identifiers>
          <bioguideId>C001075</bioguideId>
          <lisID>1925</lisID>
          <gpoId>7964</gpoId>
        </identifiers>
        <bioguideId>C001075</bioguideId>
        <sponsorshipDate>2017-06-15</sponsorshipDate>
        <middleName />
        <fullName>Sen. Cassidy, Bill [R-LA]</fullName>
        <sponsorshipWithdrawnDate />
        <state>LA</state>
        <party>R</party>
        <firstName>Bill</firstName>
        <isOriginalCosponsor>True</isOriginalCosponsor>
        <lastName>Cassidy</lastName>
      </item>
      <item>
        <identifiers>
          <lisID>213</lisID>
          <bioguideId>C000567</bioguideId>
          <gpoId>8292</gpoId>
        </identifiers>
        <bioguideId>C000567</bioguideId>
        <sponsorshipDate>2017-06-15</sponsorshipDate>
        <middleName />
        <fullName>Sen. Cochran, Thad [R-MS]</fullName>
        <sponsorshipWithdrawnDate />
        <state>MS</state>
        <party>R</party>
        <firstName>Thad</firstName>
        <isOriginalCosponsor>True</isOriginalCosponsor>
        <lastName>Cochran</lastName>
      </item>
      <item>
        <identifiers>
          <bioguideId>C001035</bioguideId>
          <lisID>1541</lisID>
          <gpoId>8291</gpoId>
        </identifiers>
        <bioguideId>C001035</bioguideId>
        <sponsorshipDate>2017-06-15</sponsorshipDate>
        <middleName>MARGARET</middleName>
        <fullName>Sen. Collins, Susan M. [R-ME]</fullName>
        <sponsorshipWithdrawnDate />
        <state>ME</state>
        <party>R</party>
        <firstName>SUSAN</firstName>
        <isOriginalCosponsor>True</isOriginalCosponsor>
        <lastName>COLLINS</lastName>
      </item>
      <item>
        <identifiers>
          <lisID>1984</lisID>
          <bioguideId>C001088</bioguideId>
          <gpoId>8297</gpoId>
        </identifiers>
        <bioguideId>C001088</bioguideId>
        <sponsorshipDate>2017-06-15</sponsorshipDate>
        <middleName>A.</middleName>
        <fullName>Sen. Coons, Christopher A. [D-DE]</fullName>
        <sponsorshipWithdrawnDate />
        <state>DE</state>
        <party>D</party>
        <firstName>Christopher</firstName>
        <isOriginalCosponsor>True</isOriginalCosponsor>
        <lastName>Coons</lastName>
      </item>
      <item>
        <identifiers>
          <bioguideId>C001071</bioguideId>
          <lisID>1825</lisID>
          <gpoId>8294</gpoId>
        </identifiers>
        <bioguideId>C001071</bioguideId>
        <sponsorshipDate>2017-06-15</sponsorshipDate>
        <middleName />
        <fullName>Sen. Corker, Bob [R-TN]</fullName>
        <sponsorshipWithdrawnDate />
        <state>TN</state>
        <party>R</party>
        <firstName>Bob</firstName>
        <isOriginalCosponsor>True</isOriginalCosponsor>
        <lastName>Corker</lastName>
      </item>
      <item>
        <identifiers>
          <lisID>1692</lisID>
          <bioguideId>C001056</bioguideId>
          <gpoId>8295</gpoId>
        </identifiers>
        <bioguideId>C001056</bioguideId>
        <sponsorshipDate>2017-06-15</sponsorshipDate>
        <middleName />
        <fullName>Sen. Cornyn, John [R-TX]</fullName>
        <sponsorshipWithdrawnDate />
        <state>TX</state>
        <party>R</party>
        <firstName>John</firstName>
        <isOriginalCosponsor>True</isOriginalCosponsor>
        <lastName>Cornyn</lastName>
      </item>
      <item>
        <identifiers>
          <lisID>2299</lisID>
          <gpoId />
          <bioguideId>C001113</bioguideId>
        </identifiers>
        <bioguideId>C001113</bioguideId>
        <sponsorshipDate>2017-06-15</sponsorshipDate>
        <middleName />
        <fullName>Sen. Cortez Masto, Catherine  [D-NV]</fullName>
        <sponsorshipWithdrawnDate />
        <state>NV</state>
        <party>D</party>
        <firstName>Catherine</firstName>
        <isOriginalCosponsor>True</isOriginalCosponsor>
        <lastName>Cortez Masto</lastName>
      </item>
      <item>
        <identifiers>
          <bioguideId>C001095</bioguideId>
          <lisID>2098</lisID>
          <gpoId />
        </identifiers>
        <bioguideId>C001095</bioguideId>
        <sponsorshipDate>2017-06-15</sponsorshipDate>
        <middleName />
        <fullName>Sen. Cotton, Tom [R-AR]</fullName>
        <sponsorshipWithdrawnDate />
        <state>AR</state>
        <party>R</party>
        <firstName>Tom</firstName>
        <isOriginalCosponsor>True</isOriginalCosponsor>
        <lastName>Cotton</lastName>
      </item>
      <item>
        <identifiers>
          <bioguideId>C000880</bioguideId>
          <lisID>250</lisID>
          <gpoId>8289</gpoId>
        </identifiers>
        <bioguideId>C000880</bioguideId>
        <sponsorshipDate>2017-06-15</sponsorshipDate>
        <middleName>D.</middleName>
        <fullName>Sen. Crapo, Mike [R-ID]</fullName>
        <sponsorshipWithdrawnDate />
        <state>ID</state>
        <party>R</party>
        <firstName>MICHAEL</firstName>
        <isOriginalCosponsor>True</isOriginalCosponsor>
        <lastName>CRAPO</lastName>
      </item>
      <item>
        <identifiers>
          <bioguideId>C001098</bioguideId>
          <lisID>2175</lisID>
          <gpoId />
        </identifiers>
        <bioguideId>C001098</bioguideId>
        <sponsorshipDate>2017-06-15</sponsorshipDate>
        <middleName />
        <fullName>Sen. Cruz, Ted [R-TX]</fullName>
        <sponsorshipWithdrawnDate />
        <state>TX</state>
        <party>R</party>
        <firstName>Ted</firstName>
        <isOriginalCosponsor>True</isOriginalCosponsor>
        <lastName>Cruz</lastName>
      </item>
      <item>
        <identifiers>
          <gpoId />
          <bioguideId>D000618</bioguideId>
          <lisID>2138</lisID>
        </identifiers>
        <bioguideId>D000618</bioguideId>
        <sponsorshipDate>2017-06-15</sponsorshipDate>
        <middleName />
        <fullName>Sen. Daines, Steve [R-MT]</fullName>
        <sponsorshipWithdrawnDate />
        <state>MT</state>
        <party>R</party>
        <firstName>Steve</firstName>
        <isOriginalCosponsor>True</isOriginalCosponsor>
        <lastName>Daines</lastName>
      </item>
      <item>
        <identifiers>
          <bioguideId>D000607</bioguideId>
          <lisID>1850</lisID>
          <gpoId>7941</gpoId>
        </identifiers>
        <bioguideId>D000607</bioguideId>
        <sponsorshipDate>2017-06-15</sponsorshipDate>
        <middleName />
        <fullName>Sen. Donnelly, Joe [D-IN]</fullName>
        <sponsorshipWithdrawnDate />
        <state>IN</state>
        <party>D</party>
        <firstName>Joe</firstName>
        <isOriginalCosponsor>True</isOriginalCosponsor>
        <lastName>Donnelly</lastName>
      </item>
      <item>
        <identifiers>
          <lisID>2123</lisID>
          <bioguideId>D000622</bioguideId>
          <gpoId />
        </identifiers>
        <bioguideId>D000622</bioguideId>
        <sponsorshipDate>2017-06-15</sponsorshipDate>
        <middleName />
        <fullName>Sen. Duckworth, Tammy [D-IL]</fullName>
        <sponsorshipWithdrawnDate />
        <state>IL</state>
        <party>D</party>
        <firstName>Tammy</firstName>
        <isOriginalCosponsor>True</isOriginalCosponsor>
        <lastName>Duckworth</lastName>
      </item>
      <item>
        <identifiers>
          <lisID>326</lisID>
          <gpoId>8326</gpoId>
          <bioguideId>D000563</bioguideId>
        </identifiers>
        <bioguideId>D000563</bioguideId>
        <sponsorshipDate>2017-06-15</sponsorshipDate>
        <middleName>J.</middleName>
        <fullName>Sen. Durbin, Richard J. [D-IL]</fullName>
        <sponsorshipWithdrawnDate />
        <state>IL</state>
        <party>D</party>
        <firstName>RICHARD</firstName>
        <isOriginalCosponsor>True</isOriginalCosponsor>
        <lastName>DURBIN</lastName>
      </item>
      <item>
        <identifiers>
          <bioguideId>E000285</bioguideId>
          <gpoId>8328</gpoId>
          <lisID>1542</lisID>
        </identifiers>
        <bioguideId>E000285</bioguideId>
        <sponsorshipDate>2017-06-15</sponsorshipDate>
        <middleName>B.</middleName>
        <fullName>Sen. Enzi, Michael B. [R-WY]</fullName>
        <sponsorshipWithdrawnDate />
        <state>WY</state>
        <party>R</party>
        <firstName>MICHAEL</firstName>
        <isOriginalCosponsor>True</isOriginalCosponsor>
        <lastName>ENZI</lastName>
      </item>
      <item>
        <identifiers>
          <bioguideId>E000295</bioguideId>
          <lisID>2283</lisID>
          <gpoId />
        </identifiers>
        <bioguideId>E000295</bioguideId>
        <sponsorshipDate>2017-06-15</sponsorshipDate>
        <middleName />
        <fullName>Sen. Ernst, Joni  [R-IA]</fullName>
        <sponsorshipWithdrawnDate />
        <state>IA</state>
        <party>R</party>
        <firstName>Joni</firstName>
        <isOriginalCosponsor>True</isOriginalCosponsor>
        <lastName>Ernst</lastName>
      </item>
      <item>
        <identifiers>
          <gpoId>8338</gpoId>
          <bioguideId>F000062</bioguideId>
          <lisID>1332</lisID>
        </identifiers>
        <bioguideId>F000062</bioguideId>
        <sponsorshipDate>2017-06-15</sponsorshipDate>
        <middleName />
        <fullName>Sen. Feinstein, Dianne [D-CA]</fullName>
        <sponsorshipWithdrawnDate />
        <state>CA</state>
        <party>D</party>
        <firstName>DIANNE</firstName>
        <isOriginalCosponsor>True</isOriginalCosponsor>
        <lastName>FEINSTEIN</lastName>
      </item>
      <item>
        <identifiers>
          <bioguideId>F000463</bioguideId>
          <lisID>2179</lisID>
          <gpoId />
        </identifiers>
        <bioguideId>F000463</bioguideId>
        <sponsorshipDate>2017-06-15</sponsorshipDate>
        <middleName />
        <fullName>Sen. Fischer, Deb [R-NE]</fullName>
        <sponsorshipWithdrawnDate />
        <state>NE</state>
        <party>R</party>
        <firstName>Deb</firstName>
        <isOriginalCosponsor>True</isOriginalCosponsor>
        <lastName>Fischer</lastName>
      </item>
      <item>
        <identifiers>
          <lisID>1633</lisID>
          <gpoId>7803</gpoId>
          <bioguideId>F000444</bioguideId>
        </identifiers>
        <bioguideId>F000444</bioguideId>
        <sponsorshipDate>2017-06-15</sponsorshipDate>
        <middleName />
        <fullName>Sen. Flake, Jeff [R-AZ]</fullName>
        <sponsorshipWithdrawnDate />
        <state>AZ</state>
        <party>R</party>
        <firstName>JEFF</firstName>
        <isOriginalCosponsor>True</isOriginalCosponsor>
        <lastName>FLAKE</lastName>
      </item>
      <item>
        <identifiers>
          <gpoId>8339</gpoId>
          <lisID>1969</lisID>
          <bioguideId>F000457</bioguideId>
        </identifiers>
        <bioguideId>F000457</bioguideId>
        <sponsorshipDate>2017-06-15</sponsorshipDate>
        <middleName />
        <fullName>Sen. Franken, Al [D-MN]</fullName>
        <sponsorshipWithdrawnDate />
        <state>MN</state>
        <party>D</party>
        <firstName>Al</firstName>
        <isOriginalCosponsor>True</isOriginalCosponsor>
        <lastName>Franken</lastName>
      </item>
      <item>
        <identifiers>
          <lisID>1998</lisID>
          <gpoId>7862</gpoId>
          <bioguideId>G000562</bioguideId>
        </identifiers>
        <bioguideId>G000562</bioguideId>
        <sponsorshipDate>2017-06-15</sponsorshipDate>
        <middleName />
        <fullName>Sen. Gardner, Cory [R-CO]</fullName>
        <sponsorshipWithdrawnDate />
        <state>CO</state>
        <party>R</party>
        <firstName>Cory</firstName>
        <isOriginalCosponsor>True</isOriginalCosponsor>
        <lastName>Gardner</lastName>
      </item>
      <item>
        <identifiers>
          <lisID>1866</lisID>
          <gpoId>8336</gpoId>
          <bioguideId>G000555</bioguideId>
        </identifiers>
        <bioguideId>G000555</bioguideId>
        <sponsorshipDate>2017-06-15</sponsorshipDate>
        <middleName>E.</middleName>
        <fullName>Sen. Gillibrand, Kirsten E. [D-NY]</fullName>
        <sponsorshipWithdrawnDate />
        <state>NY</state>
        <party>D</party>
        <firstName>Kirsten</firstName>
        <isOriginalCosponsor>True</isOriginalCosponsor>
        <lastName>Gillibrand</lastName>
      </item>
      <item>
        <identifiers>
          <lisID>452</lisID>
          <bioguideId>G000359</bioguideId>
          <gpoId>8335</gpoId>
        </identifiers>
        <bioguideId>G000359</bioguideId>
        <sponsorshipDate>2017-06-15</sponsorshipDate>
        <middleName>O.</middleName>
        <fullName>Sen. Graham, Lindsey [R-SC]</fullName>
        <sponsorshipWithdrawnDate />
        <state>SC</state>
        <party>R</party>
        <firstName>LINDSEY</firstName>
        <isOriginalCosponsor>True</isOriginalCosponsor>
        <lastName>GRAHAM</lastName>
      </item>
      <item>
        <identifiers>
          <bioguideId>G000386</bioguideId>
          <lisID>457</lisID>
          <gpoId>8316</gpoId>
        </identifiers>
        <bioguideId>G000386</bioguideId>
        <sponsorshipDate>2017-06-15</sponsorshipDate>
        <middleName>ERNEST</middleName>
        <fullName>Sen. Grassley, Chuck [R-IA]</fullName>
        <sponsorshipWithdrawnDate />
        <state>IA</state>
        <party>R</party>
        <firstName>CHARLES</firstName>
        <isOriginalCosponsor>True</isOriginalCosponsor>
        <lastName>GRASSLEY</lastName>
      </item>
      <item>
        <identifiers>
          <gpoId />
          <lisID>2301</lisID>
          <bioguideId>H001075</bioguideId>
        </identifiers>
        <bioguideId>H001075</bioguideId>
        <sponsorshipDate>2017-06-15</sponsorshipDate>
        <middleName>D.</middleName>
        <fullName>Sen. Harris, Kamala D. [D-CA]</fullName>
        <sponsorshipWithdrawnDate />
        <state>CA</state>
        <party>D</party>
        <firstName>Kamala</firstName>
        <isOriginalCosponsor>True</isOriginalCosponsor>
        <lastName>Harris</lastName>
      </item>
      <item>
        <identifiers>
          <lisID>2302</lisID>
          <gpoId />
          <bioguideId>H001076</bioguideId>
        </identifiers>
        <bioguideId>H001076</bioguideId>
        <sponsorshipDate>2017-06-15</sponsorshipDate>
        <middleName>Wood</middleName>
        <fullName>Sen. Hassan, Margaret Wood [D-NH]</fullName>
        <sponsorshipWithdrawnDate />
        <state>NH</state>
        <party>D</party>
        <firstName>Margaret</firstName>
        <isOriginalCosponsor>True</isOriginalCosponsor>
        <lastName>Hassan</lastName>
      </item>
      <item>
        <identifiers>
          <bioguideId>H000338</bioguideId>
          <lisID>1351</lisID>
          <gpoId>8314</gpoId>
        </identifiers>
        <bioguideId>H000338</bioguideId>
        <sponsorshipDate>2017-06-15</sponsorshipDate>
        <middleName>GRANT</middleName>
        <fullName>Sen. Hatch, Orrin G. [R-UT]</fullName>
        <sponsorshipWithdrawnDate />
        <state>UT</state>
        <party>R</party>
        <firstName>ORRIN</firstName>
        <isOriginalCosponsor>True</isOriginalCosponsor>
        <lastName>HATCH</lastName>
      </item>
      <item>
        <identifiers>
          <lisID>1937</lisID>
          <bioguideId>H001046</bioguideId>
          <gpoId>8056</gpoId>
        </identifiers>
        <bioguideId>H001046</bioguideId>
        <sponsorshipDate>2017-06-15</sponsorshipDate>
        <middleName />
        <fullName>Sen. Heinrich, Martin [D-NM]</fullName>
        <sponsorshipWithdrawnDate />
        <state>NM</state>
        <party>D</party>
        <firstName>Martin</firstName>
        <isOriginalCosponsor>True</isOriginalCosponsor>
        <lastName>Heinrich</lastName>
      </item>
      <item>
        <identifiers>
          <lisID>2174</lisID>
          <gpoId />
          <bioguideId>H001069</bioguideId>
        </identifiers>
        <bioguideId>H001069</bioguideId>
        <sponsorshipDate>2017-06-15</sponsorshipDate>
        <middleName />
        <fullName>Sen. Heitkamp, Heidi [D-ND]</fullName>
        <sponsorshipWithdrawnDate />
        <state>ND</state>
        <party>D</party>
        <firstName>Heidi</firstName>
        <isOriginalCosponsor>True</isOriginalCosponsor>
        <lastName>Heitkamp</lastName>
      </item>
      <item>
        <identifiers>
          <bioguideId>H001041</bioguideId>
          <gpoId>8060</gpoId>
          <lisID>1863</lisID>
        </identifiers>
        <bioguideId>H001041</bioguideId>
        <sponsorshipDate>2017-06-15</sponsorshipDate>
        <middleName />
        <fullName>Sen. Heller, Dean [R-NV]</fullName>
        <sponsorshipWithdrawnDate />
        <state>NV</state>
        <party>R</party>
        <firstName>Dean</firstName>
        <isOriginalCosponsor>True</isOriginalCosponsor>
        <lastName>Heller</lastName>
      </item>
      <item>
        <identifiers>
          <lisID>1844</lisID>
          <gpoId>7913</gpoId>
          <bioguideId>H001042</bioguideId>
        </identifiers>
        <bioguideId>H001042</bioguideId>
        <sponsorshipDate>2017-06-15</sponsorshipDate>
        <middleName>K.</middleName>
        <fullName>Sen. Hirono, Mazie K. [D-HI]</fullName>
        <sponsorshipWithdrawnDate />
        <state>HI</state>
        <party>D</party>
        <firstName>Mazie</firstName>
        <isOriginalCosponsor>True</isOriginalCosponsor>
        <lastName>Hirono</lastName>
      </item>
      <item>
        <identifiers>
          <bioguideId>H001061</bioguideId>
          <lisID>2079</lisID>
          <gpoId>8331</gpoId>
        </identifiers>
        <bioguideId>H001061</bioguideId>
        <sponsorshipDate>2017-06-15</sponsorshipDate>
        <middleName />
        <fullName>Sen. Hoeven, John [R-ND]</fullName>
        <sponsorshipWithdrawnDate />
        <state>ND</state>
        <party>R</party>
        <firstName>John</firstName>
        <isOriginalCosponsor>True</isOriginalCosponsor>
        <lastName>Hoeven</lastName>
      </item>
      <item>
        <identifiers>
          <lisID>583</lisID>
          <bioguideId>I000024</bioguideId>
          <gpoId>8322</gpoId>
        </identifiers>
        <bioguideId>I000024</bioguideId>
        <sponsorshipDate>2017-06-15</sponsorshipDate>
        <middleName />
        <fullName>Sen. Inhofe, James M. [R-OK]</fullName>
        <sponsorshipWithdrawnDate />
        <state>OK</state>
        <party>R</party>
        <firstName>JIM</firstName>
        <isOriginalCosponsor>True</isOriginalCosponsor>
        <lastName>INHOFE</lastName>
      </item>
      <item>
        <identifiers>
          <bioguideId>I000055</bioguideId>
          <gpoId>8323</gpoId>
          <lisID>1608</lisID>
        </identifiers>
        <bioguideId>I000055</bioguideId>
        <sponsorshipDate>2017-06-15</sponsorshipDate>
        <middleName />
        <fullName>Sen. Isakson, Johnny [R-GA]</fullName>
        <sponsorshipWithdrawnDate />
        <state>GA</state>
        <party>R</party>
        <firstName>Johnny</firstName>
        <isOriginalCosponsor>True</isOriginalCosponsor>
        <lastName>Isakson</lastName>
      </item>
      <item>
        <identifiers>
          <gpoId>8355</gpoId>
          <bioguideId>J000293</bioguideId>
          <lisID>2086</lisID>
        </identifiers>
        <bioguideId>J000293</bioguideId>
        <sponsorshipDate>2017-06-15</sponsorshipDate>
        <middleName />
        <fullName>Sen. Johnson, Ron [R-WI]</fullName>
        <sponsorshipWithdrawnDate />
        <state>WI</state>
        <party>R</party>
        <firstName>Ron</firstName>
        <isOriginalCosponsor>True</isOriginalCosponsor>
        <lastName>Johnson</lastName>
      </item>
      <item>
        <identifiers>
          <lisID>2303</lisID>
          <bioguideId>K000393</bioguideId>
          <gpoId />
        </identifiers>
        <bioguideId>K000393</bioguideId>
        <sponsorshipDate>2017-06-15</sponsorshipDate>
        <middleName>Neely</middleName>
        <fullName>Sen. Kennedy, John [R-LA]</fullName>
        <sponsorshipWithdrawnDate />
        <state>LA</state>
        <party>R</party>
        <firstName>John</firstName>
        <isOriginalCosponsor>True</isOriginalCosponsor>
        <lastName>Kennedy</lastName>
      </item>
      <item>
        <identifiers>
          <gpoId />
          <lisID>2185</lisID>
          <bioguideId>K000383</bioguideId>
        </identifiers>
        <bioguideId>K000383</bioguideId>
        <sponsorshipDate>2017-06-15</sponsorshipDate>
        <middleName />
        <fullName>Sen. King, Angus S., Jr. [I-ME]</fullName>
        <sponsorshipWithdrawnDate />
        <state>ME</state>
        <party>I</party>
        <firstName>Angus</firstName>
        <isOriginalCosponsor>True</isOriginalCosponsor>
        <lastName>King</lastName>
      </item>
      <item>
        <identifiers>
          <lisID>1826</lisID>
          <gpoId>8249</gpoId>
          <bioguideId>K000367</bioguideId>
        </identifiers>
        <bioguideId>K000367</bioguideId>
        <sponsorshipDate>2017-06-15</sponsorshipDate>
        <middleName />
        <fullName>Sen. Klobuchar, Amy [D-MN]</fullName>
        <sponsorshipWithdrawnDate />
        <state>MN</state>
        <party>D</party>
        <firstName>Amy</firstName>
        <isOriginalCosponsor>True</isOriginalCosponsor>
        <lastName>Klobuchar</lastName>
      </item>
      <item>
        <identifiers>
          <lisID>2050</lisID>
          <bioguideId>L000575</bioguideId>
          <gpoId>8113</gpoId>
        </identifiers>
        <bioguideId>L000575</bioguideId>
        <sponsorshipDate>2017-06-15</sponsorshipDate>
        <middleName />
        <fullName>Sen. Lankford, James [R-OK]</fullName>
        <sponsorshipWithdrawnDate />
        <state>OK</state>
        <party>R</party>
        <firstName>James</firstName>
        <isOriginalCosponsor>True</isOriginalCosponsor>
        <lastName>Lankford</lastName>
      </item>
      <item>
        <identifiers>
          <lisID>1383</lisID>
          <bioguideId>L000174</bioguideId>
          <gpoId>8244</gpoId>
        </identifiers>
        <bioguideId>L000174</bioguideId>
        <sponsorshipDate>2017-06-15</sponsorshipDate>
        <middleName>JOSEPH</middleName>
        <fullName>Sen. Leahy, Patrick J. [D-VT]</fullName>
        <sponsorshipWithdrawnDate />
        <state>VT</state>
        <party>D</party>
        <firstName>PATRICK</firstName>
        <isOriginalCosponsor>True</isOriginalCosponsor>
        <lastName>LEAHY</lastName>
      </item>
      <item>
        <identifiers>
          <lisID>2080</lisID>
          <bioguideId>L000577</bioguideId>
          <gpoId>8303</gpoId>
        </identifiers>
        <bioguideId>L000577</bioguideId>
        <sponsorshipDate>2017-06-15</sponsorshipDate>
        <middleName />
        <fullName>Sen. Lee, Mike [R-UT]</fullName>
        <sponsorshipWithdrawnDate />
        <state>UT</state>
        <party>R</party>
        <firstName>Mike</firstName>
        <isOriginalCosponsor>True</isOriginalCosponsor>
        <lastName>Lee</lastName>
      </item>
      <item>
        <identifiers>
          <lisID>1983</lisID>
          <bioguideId>M001183</bioguideId>
          <gpoId>8256</gpoId>
        </identifiers>
        <bioguideId>M001183</bioguideId>
        <sponsorshipDate>2017-06-15</sponsorshipDate>
        <middleName />
        <fullName>Sen. Manchin, Joe, III [D-WV]</fullName>
        <sponsorshipWithdrawnDate />
        <state>WV</state>
        <party>D</party>
        <firstName>Joe</firstName>
        <isOriginalCosponsor>True</isOriginalCosponsor>
        <lastName>Manchin</lastName>
      </item>
      <item>
        <identifiers>
          <gpoId>7972</gpoId>
          <lisID>735</lisID>
          <bioguideId>M000133</bioguideId>
        </identifiers>
        <bioguideId>M000133</bioguideId>
        <sponsorshipDate>2017-06-15</sponsorshipDate>
        <middleName>J.</middleName>
        <fullName>Sen. Markey, Edward J. [D-MA]</fullName>
        <sponsorshipWithdrawnDate />
        <state>MA</state>
        <party>D</party>
        <firstName>EDWARD</firstName>
        <isOriginalCosponsor>True</isOriginalCosponsor>
        <lastName>MARKEY</lastName>
      </item>
      <item>
        <identifiers>
          <gpoId>8253</gpoId>
          <lisID>754</lisID>
          <bioguideId>M000303</bioguideId>
        </identifiers>
        <bioguideId>M000303</bioguideId>
        <sponsorshipDate>2017-06-15</sponsorshipDate>
        <middleName>SIDNEY</middleName>
        <fullName>Sen. McCain, John [R-AZ]</fullName>
        <sponsorshipWithdrawnDate />
        <state>AZ</state>
        <party>R</party>
        <firstName>JOHN</firstName>
        <isOriginalCosponsor>True</isOriginalCosponsor>
        <lastName>MCCAIN</lastName>
      </item>
      <item>
        <identifiers>
          <lisID>1820</lisID>
          <bioguideId>M001170</bioguideId>
          <gpoId>8252</gpoId>
        </identifiers>
        <bioguideId>M001170</bioguideId>
        <sponsorshipDate>2017-06-15</sponsorshipDate>
        <middleName />
        <fullName>Sen. McCaskill, Claire [D-MO]</fullName>
        <sponsorshipWithdrawnDate />
        <state>MO</state>
        <party>D</party>
        <firstName>Claire</firstName>
        <isOriginalCosponsor>True</isOriginalCosponsor>
        <lastName>McCaskill</lastName>
      </item>
      <item>
        <identifiers>
          <lisID>791</lisID>
          <gpoId>8239</gpoId>
          <bioguideId>M000639</bioguideId>
        </identifiers>
        <bioguideId>M000639</bioguideId>
        <sponsorshipDate>2017-06-15</sponsorshipDate>
        <middleName />
        <fullName>Sen. Menendez, Robert [D-NJ]</fullName>
        <sponsorshipWithdrawnDate />
        <state>NJ</state>
        <party>D</party>
        <firstName>ROBERT</firstName>
        <isOriginalCosponsor>True</isOriginalCosponsor>
        <lastName>MENENDEZ</lastName>
      </item>
      <item>
        <identifiers>
          <lisID>1900</lisID>
          <gpoId>8238</gpoId>
          <bioguideId>M001176</bioguideId>
        </identifiers>
        <bioguideId>M001176</bioguideId>
        <sponsorshipDate>2017-06-15</sponsorshipDate>
        <middleName />
        <fullName>Sen. Merkley, Jeff [D-OR]</fullName>
        <sponsorshipWithdrawnDate />
        <state>OR</state>
        <party>D</party>
        <firstName>Jeff</firstName>
        <isOriginalCosponsor>True</isOriginalCosponsor>
        <lastName>Merkley</lastName>
      </item>
      <item>
        <identifiers>
          <bioguideId>M000934</bioguideId>
          <lisID>1507</lisID>
          <gpoId>8307</gpoId>
        </identifiers>
        <bioguideId>M000934</bioguideId>
        <sponsorshipDate>2017-06-15</sponsorshipDate>
        <middleName />
        <fullName>Sen. Moran, Jerry [R-KS]</fullName>
        <sponsorshipWithdrawnDate />
        <state>KS</state>
        <party>R</party>
        <firstName>JERRY</firstName>
        <isOriginalCosponsor>True</isOriginalCosponsor>
        <lastName>MORAN</lastName>
      </item>
      <item>
        <identifiers>
          <gpoId>8234</gpoId>
          <lisID>1694</lisID>
          <bioguideId>M001153</bioguideId>
        </identifiers>
        <bioguideId>M001153</bioguideId>
        <sponsorshipDate>2017-06-15</sponsorshipDate>
        <middleName />
        <fullName>Sen. Murkowski, Lisa [R-AK]</fullName>
        <sponsorshipWithdrawnDate />
        <state>AK</state>
        <party>R</party>
        <firstName>Lisa</firstName>
        <isOriginalCosponsor>True</isOriginalCosponsor>
        <lastName>Murkowski</lastName>
      </item>
      <item>
        <identifiers>
          <gpoId>7870</gpoId>
          <bioguideId>M001169</bioguideId>
          <lisID>1837</lisID>
        </identifiers>
        <bioguideId>M001169</bioguideId>
        <sponsorshipDate>2017-06-15</sponsorshipDate>
        <middleName />
        <fullName>Sen. Murphy, Christopher [D-CT]</fullName>
        <sponsorshipWithdrawnDate />
        <state>CT</state>
        <party>D</party>
        <firstName>Christopher</firstName>
        <isOriginalCosponsor>True</isOriginalCosponsor>
        <lastName>Murphy</lastName>
      </item>
      <item>
        <identifiers>
          <bioguideId>M001111</bioguideId>
          <gpoId>8237</gpoId>
          <lisID>1409</lisID>
        </identifiers>
        <bioguideId>M001111</bioguideId>
        <sponsorshipDate>2017-06-15</sponsorshipDate>
        <middleName />
        <fullName>Sen. Murray, Patty [D-WA]</fullName>
        <sponsorshipWithdrawnDate />
        <state>WA</state>
        <party>D</party>
        <firstName>PATTY</firstName>
        <isOriginalCosponsor>True</isOriginalCosponsor>
        <lastName>MURRAY</lastName>
      </item>
      <item>
        <identifiers>
          <bioguideId>N000032</bioguideId>
          <gpoId>8236</gpoId>
          <lisID>859</lisID>
        </identifiers>
        <bioguideId>N000032</bioguideId>
        <sponsorshipDate>2017-06-15</sponsorshipDate>
        <middleName>WILLIAM</middleName>
        <fullName>Sen. Nelson, Bill [D-FL]</fullName>
        <sponsorshipWithdrawnDate />
        <state>FL</state>
        <party>D</party>
        <firstName>CLARENCE</firstName>
        <isOriginalCosponsor>True</isOriginalCosponsor>
        <lastName>NELSON</lastName>
      </item>
      <item>
        <identifiers>
          <bioguideId>P000603</bioguideId>
          <lisID>2082</lisID>
          <gpoId>8308</gpoId>
        </identifiers>
        <bioguideId>P000603</bioguideId>
        <sponsorshipDate>2017-06-15</sponsorshipDate>
        <middleName />
        <fullName>Sen. Paul, Rand [R-KY]</fullName>
        <sponsorshipWithdrawnDate />
        <state>KY</state>
        <party>R</party>
        <firstName>Rand</firstName>
        <isOriginalCosponsor>True</isOriginalCosponsor>
        <lastName>Paul</lastName>
      </item>
      <item>
        <identifiers>
          <lisID>2286</lisID>
          <bioguideId>P000612</bioguideId>
          <gpoId />
        </identifiers>
        <bioguideId>P000612</bioguideId>
        <sponsorshipDate>2017-06-15</sponsorshipDate>
        <middleName>Alfred</middleName>
        <fullName>Sen. Perdue, David [R-GA]</fullName>
        <sponsorshipWithdrawnDate />
        <state>GA</state>
        <party>R</party>
        <firstName>David</firstName>
        <isOriginalCosponsor>True</isOriginalCosponsor>
        <lastName>Perdue</lastName>
      </item>
      <item>
        <identifiers>
          <lisID>1929</lisID>
          <bioguideId>P000595</bioguideId>
          <gpoId>7994</gpoId>
        </identifiers>
        <bioguideId>P000595</bioguideId>
        <sponsorshipDate>2017-06-15</sponsorshipDate>
        <middleName>C.</middleName>
        <fullName>Sen. Peters, Gary C. [D-MI]</fullName>
        <sponsorshipWithdrawnDate />
        <state>MI</state>
        <party>D</party>
        <firstName>Gary</firstName>
        <isOriginalCosponsor>True</isOriginalCosponsor>
        <lastName>Peters</lastName>
      </item>
      <item>
        <identifiers>
          <lisID>924</lisID>
          <bioguideId>P000449</bioguideId>
          <gpoId>8266</gpoId>
        </identifiers>
        <bioguideId>P000449</bioguideId>
        <sponsorshipDate>2017-06-15</sponsorshipDate>
        <middleName />
        <fullName>Sen. Portman, Rob [R-OH]</fullName>
        <sponsorshipWithdrawnDate />
        <state>OH</state>
        <party>R</party>
        <firstName>ROB</firstName>
        <isOriginalCosponsor>True</isOriginalCosponsor>
        <lastName>PORTMAN</lastName>
      </item>
      <item>
        <identifiers>
          <lisID>949</lisID>
          <bioguideId>R000122</bioguideId>
          <gpoId>8272</gpoId>
        </identifiers>
        <bioguideId>R000122</bioguideId>
        <sponsorshipDate>2017-06-15</sponsorshipDate>
        <middleName>F.</middleName>
        <fullName>Sen. Reed, Jack [D-RI]</fullName>
        <sponsorshipWithdrawnDate />
        <state>RI</state>
        <party>D</party>
        <firstName>JOHN</firstName>
        <isOriginalCosponsor>True</isOriginalCosponsor>
        <lastName>REED</lastName>
      </item>
      <item>
        <identifiers>
          <gpoId>8274</gpoId>
          <bioguideId>R000584</bioguideId>
          <lisID>1896</lisID>
        </identifiers>
        <bioguideId>R000584</bioguideId>
        <sponsorshipDate>2017-06-15</sponsorshipDate>
        <middleName>E.</middleName>
        <fullName>Sen. Risch, James E. [R-ID]</fullName>
        <sponsorshipWithdrawnDate />
        <state>ID</state>
        <party>R</party>
        <firstName>James</firstName>
        <isOriginalCosponsor>True</isOriginalCosponsor>
        <lastName>Risch</lastName>
      </item>
      <item>
        <identifiers>
          <lisID>968</lisID>
          <gpoId>8275</gpoId>
          <bioguideId>R000307</bioguideId>
        </identifiers>
        <bioguideId>R000307</bioguideId>
        <sponsorshipDate>2017-06-15</sponsorshipDate>
        <middleName />
        <fullName>Sen. Roberts, Pat [R-KS]</fullName>
        <sponsorshipWithdrawnDate />
        <state>KS</state>
        <party>R</party>
        <firstName>PAT</firstName>
        <isOriginalCosponsor>True</isOriginalCosponsor>
        <lastName>ROBERTS</lastName>
      </item>
      <item>
        <identifiers>
          <lisID>2288</lisID>
          <bioguideId>R000605</bioguideId>
          <gpoId />
        </identifiers>
        <bioguideId>R000605</bioguideId>
        <sponsorshipDate>2017-06-15</sponsorshipDate>
        <middleName />
        <fullName>Sen. Rounds, Mike  [R-SD]</fullName>
        <sponsorshipWithdrawnDate />
        <state>SD</state>
        <party>R</party>
        <firstName>Mike</firstName>
        <isOriginalCosponsor>True</isOriginalCosponsor>
        <lastName>Rounds</lastName>
      </item>
      <item>
        <identifiers>
          <lisID>2084</lisID>
          <bioguideId>R000595</bioguideId>
          <gpoId>8242</gpoId>
        </identifiers>
        <bioguideId>R000595</bioguideId>
        <sponsorshipDate>2017-06-15</sponsorshipDate>
        <middleName />
        <fullName>Sen. Rubio, Marco [R-FL]</fullName>
        <sponsorshipWithdrawnDate />
        <state>FL</state>
        <party>R</party>
        <firstName>Marco</firstName>
        <isOriginalCosponsor>True</isOriginalCosponsor>
        <lastName>Rubio</lastName>
      </item>
      <item>
        <identifiers>
          <lisID>1010</lisID>
          <bioguideId>S000033</bioguideId>
          <gpoId>8270</gpoId>
        </identifiers>
        <bioguideId>S000033</bioguideId>
        <sponsorshipDate>2017-06-15</sponsorshipDate>
        <middleName />
        <fullName>Sen. Sanders, Bernard [I-VT]</fullName>
        <sponsorshipWithdrawnDate />
        <state>VT</state>
        <party>I</party>
        <firstName>BERNARD</firstName>
        <isOriginalCosponsor>True</isOriginalCosponsor>
        <lastName>SANDERS</lastName>
      </item>
      <item>
        <identifiers>
          <bioguideId>S001197</bioguideId>
          <lisID>2289</lisID>
          <gpoId />
        </identifiers>
        <bioguideId>S001197</bioguideId>
        <sponsorshipDate>2017-06-15</sponsorshipDate>
        <middleName />
        <fullName>Sen. Sasse, Ben  [R-NE]</fullName>
        <sponsorshipWithdrawnDate />
        <state>NE</state>
        <party>R</party>
        <firstName>Ben</firstName>
        <isOriginalCosponsor>True</isOriginalCosponsor>
        <lastName>Sasse</lastName>
      </item>
      <item>
        <identifiers>
          <bioguideId>S001194</bioguideId>
          <lisID>2173</lisID>
          <gpoId />
        </identifiers>
        <bioguideId>S001194</bioguideId>
        <sponsorshipDate>2017-06-15</sponsorshipDate>
        <middleName />
        <fullName>Sen. Schatz, Brian [D-HI]</fullName>
        <sponsorshipWithdrawnDate />
        <state>HI</state>
        <party>D</party>
        <firstName>Brian</firstName>
        <isOriginalCosponsor>True</isOriginalCosponsor>
        <lastName>Schatz</lastName>
      </item>
      <item>
        <identifiers>
          <bioguideId>S001184</bioguideId>
          <gpoId>8141</gpoId>
          <lisID>2056</lisID>
        </identifiers>
        <bioguideId>S001184</bioguideId>
        <sponsorshipDate>2017-06-15</sponsorshipDate>
        <middleName />
        <fullName>Sen. Scott, Tim [R-SC]</fullName>
        <sponsorshipWithdrawnDate />
        <state>SC</state>
        <party>R</party>
        <firstName>Tim</firstName>
        <isOriginalCosponsor>True</isOriginalCosponsor>
        <lastName>Scott</lastName>
      </item>
      <item>
        <identifiers>
          <bioguideId>S001181</bioguideId>
          <lisID>1901</lisID>
          <gpoId>8276</gpoId>
        </identifiers>
        <bioguideId>S001181</bioguideId>
        <sponsorshipDate>2017-06-15</sponsorshipDate>
        <middleName />
        <fullName>Sen. Shaheen, Jeanne [D-NH]</fullName>
        <sponsorshipWithdrawnDate />
        <state>NH</state>
        <party>D</party>
        <firstName>Jeanne</firstName>
        <isOriginalCosponsor>True</isOriginalCosponsor>
        <lastName>Shaheen</lastName>
      </item>
      <item>
        <identifiers>
          <bioguideId>S000320</bioguideId>
          <lisID>1049</lisID>
          <gpoId>8277</gpoId>
        </identifiers>
        <bioguideId>S000320</bioguideId>
        <sponsorshipDate>2017-06-15</sponsorshipDate>
        <middleName>CRAIG</middleName>
        <fullName>Sen. Shelby, Richard C. [R-AL]</fullName>
        <sponsorshipWithdrawnDate />
        <state>AL</state>
        <party>R</party>
        <firstName>RICHARD</firstName>
        <isOriginalCosponsor>True</isOriginalCosponsor>
        <lastName>SHELBY</lastName>
      </item>
      <item>
        <identifiers>
          <gpoId>8261</gpoId>
          <bioguideId>S000770</bioguideId>
          <lisID>1531</lisID>
        </identifiers>
        <bioguideId>S000770</bioguideId>
        <sponsorshipDate>2017-06-15</sponsorshipDate>
        <middleName>ANN</middleName>
        <fullName>Sen. Stabenow, Debbie [D-MI]</fullName>
        <sponsorshipWithdrawnDate />
        <state>MI</state>
        <party>D</party>
        <firstName>DEBORAH</firstName>
        <isOriginalCosponsor>True</isOriginalCosponsor>
        <lastName>STABENOW</lastName>
      </item>
      <item>
        <identifiers>
          <lisID>2357</lisID>
          <gpoId />
          <bioguideId>S001202</bioguideId>
        </identifiers>
        <bioguideId>S001202</bioguideId>
        <sponsorshipDate>2017-06-15</sponsorshipDate>
        <middleName />
        <fullName>Sen. Strange, Luther [R-AL]</fullName>
        <sponsorshipWithdrawnDate />
        <state>AL</state>
        <party>R</party>
        <firstName>Luther</firstName>
        <isOriginalCosponsor>True</isOriginalCosponsor>
        <lastName>Strange</lastName>
      </item>
      <item>
        <identifiers>
          <lisID>2290</lisID>
          <bioguideId>S001198</bioguideId>
          <gpoId />
        </identifiers>
        <bioguideId>S001198</bioguideId>
        <sponsorshipDate>2017-06-15</sponsorshipDate>
        <middleName />
        <fullName>Sen. Sullivan, Dan  [R-AK]</fullName>
        <sponsorshipWithdrawnDate />
        <state>AK</state>
        <party>R</party>
        <firstName>Dan</firstName>
        <isOriginalCosponsor>True</isOriginalCosponsor>
        <lastName>Sullivan</lastName>
      </item>
      <item>
        <identifiers>
          <lisID>1829</lisID>
          <gpoId>8258</gpoId>
          <bioguideId>T000464</bioguideId>
        </identifiers>
        <bioguideId>T000464</bioguideId>
        <sponsorshipDate>2017-06-15</sponsorshipDate>
        <middleName />
        <fullName>Sen. Tester, Jon [D-MT]</fullName>
        <sponsorshipWithdrawnDate />
        <state>MT</state>
        <party>D</party>
        <firstName>Jon</firstName>
        <isOriginalCosponsor>True</isOriginalCosponsor>
        <lastName>Tester</lastName>
      </item>
      <item>
        <identifiers>
          <gpoId>8257</gpoId>
          <lisID>1534</lisID>
          <bioguideId>T000250</bioguideId>
        </identifiers>
        <bioguideId>T000250</bioguideId>
        <sponsorshipDate>2017-06-15</sponsorshipDate>
        <middleName>R.</middleName>
        <fullName>Sen. Thune, John [R-SD]</fullName>
        <sponsorshipWithdrawnDate />
        <state>SD</state>
        <party>R</party>
        <firstName>JOHN</firstName>
        <isOriginalCosponsor>True</isOriginalCosponsor>
        <lastName>THUNE</lastName>
      </item>
      <item>
        <identifiers>
          <lisID>2291</lisID>
          <bioguideId>T000476</bioguideId>
          <gpoId />
        </identifiers>
        <bioguideId>T000476</bioguideId>
        <sponsorshipDate>2017-06-15</sponsorshipDate>
        <middleName>Roland</middleName>
        <fullName>Sen. Tillis, Thom [R-NC]</fullName>
        <sponsorshipWithdrawnDate />
        <state>NC</state>
        <party>R</party>
        <firstName>Thomas</firstName>
        <isOriginalCosponsor>True</isOriginalCosponsor>
        <lastName>Tillis</lastName>
      </item>
      <item>
        <identifiers>
          <bioguideId>T000461</bioguideId>
          <lisID>1594</lisID>
          <gpoId />
        </identifiers>
        <bioguideId>T000461</bioguideId>
        <sponsorshipDate>2017-06-15</sponsorshipDate>
        <middleName />
        <fullName>Sen. Toomey, Pat [R-PA]</fullName>
        <sponsorshipWithdrawnDate />
        <state>PA</state>
        <party>R</party>
        <firstName>Pat</firstName>
        <isOriginalCosponsor>True</isOriginalCosponsor>
        <lastName>Toomey</lastName>
      </item>
      <item>
        <identifiers>
          <bioguideId>U000039</bioguideId>
          <gpoId>8260</gpoId>
          <lisID>1567</lisID>
        </identifiers>
        <bioguideId>U000039</bioguideId>
        <sponsorshipDate>2017-06-15</sponsorshipDate>
        <middleName />
        <fullName>Sen. Udall, Tom [D-NM]</fullName>
        <sponsorshipWithdrawnDate />
        <state>NM</state>
        <party>D</party>
        <firstName>TOM</firstName>
        <isOriginalCosponsor>True</isOriginalCosponsor>
        <lastName>UDALL</lastName>
      </item>
      <item>
        <identifiers>
          <lisID>1729</lisID>
          <gpoId>7983</gpoId>
          <bioguideId>V000128</bioguideId>
        </identifiers>
        <bioguideId>V000128</bioguideId>
        <sponsorshipDate>2017-06-15</sponsorshipDate>
        <middleName />
        <fullName>Sen. Van Hollen, Chris [D-MD]</fullName>
        <sponsorshipWithdrawnDate />
        <state>MD</state>
        <party>D</party>
        <firstName>Chris</firstName>
        <isOriginalCosponsor>True</isOriginalCosponsor>
        <lastName>Van Hollen</lastName>
      </item>
      <item>
        <identifiers>
          <bioguideId>W000817</bioguideId>
          <gpoId />
          <lisID>2182</lisID>
        </identifiers>
        <bioguideId>W000817</bioguideId>
        <sponsorshipDate>2017-06-15</sponsorshipDate>
        <middleName>A.</middleName>
        <fullName>Sen. Warren, Elizabeth [D-MA]</fullName>
        <sponsorshipWithdrawnDate />
        <state>MA</state>
        <party>D</party>
        <firstName>Elizabeth</firstName>
        <isOriginalCosponsor>True</isOriginalCosponsor>
        <lastName>Warren</lastName>
      </item>
      <item>
        <identifiers>
          <gpoId>8264</gpoId>
          <bioguideId>W000802</bioguideId>
          <lisID>1823</lisID>
        </identifiers>
        <bioguideId>W000802</bioguideId>
        <sponsorshipDate>2017-06-15</sponsorshipDate>
        <middleName />
        <fullName>Sen. Whitehouse, Sheldon [D-RI]</fullName>
        <sponsorshipWithdrawnDate />
        <state>RI</state>
        <party>D</party>
        <firstName>Sheldon</firstName>
        <isOriginalCosponsor>True</isOriginalCosponsor>
        <lastName>Whitehouse</lastName>
      </item>
      <item>
        <identifiers>
          <lisID>1226</lisID>
          <gpoId>8263</gpoId>
          <bioguideId>W000437</bioguideId>
        </identifiers>
        <bioguideId>W000437</bioguideId>
        <sponsorshipDate>2017-06-15</sponsorshipDate>
        <middleName>F.</middleName>
        <fullName>Sen. Wicker, Roger F. [R-MS]</fullName>
        <sponsorshipWithdrawnDate />
        <state>MS</state>
        <party>R</party>
        <firstName>ROGER</firstName>
        <isOriginalCosponsor>True</isOriginalCosponsor>
        <lastName>WICKER</lastName>
      </item>
      <item>
        <identifiers>
          <gpoId>8265</gpoId>
          <bioguideId>W000779</bioguideId>
          <lisID>1247</lisID>
        </identifiers>
        <bioguideId>W000779</bioguideId>
        <sponsorshipDate>2017-06-15</sponsorshipDate>
        <middleName />
        <fullName>Sen. Wyden, Ron [D-OR]</fullName>
        <sponsorshipWithdrawnDate />
        <state>OR</state>
        <party>D</party>
        <firstName>RON</firstName>
        <isOriginalCosponsor>True</isOriginalCosponsor>
        <lastName>WYDEN</lastName>
      </item>
      <item>
        <identifiers>
          <gpoId>7948</gpoId>
          <lisID>2019</lisID>
          <bioguideId>Y000064</bioguideId>
        </identifiers>
        <bioguideId>Y000064</bioguideId>
        <sponsorshipDate>2017-06-15</sponsorshipDate>
        <middleName>C.</middleName>
        <fullName>Sen. Young, Todd C. [R-IN]</fullName>
        <sponsorshipWithdrawnDate />
        <state>IN</state>
        <party>R</party>
        <firstName>Todd</firstName>
        <isOriginalCosponsor>True</isOriginalCosponsor>
        <lastName>Young</lastName>
      </item>
    </cosponsors>
    <congress>115</congress>
    <recordedVotes />
    <amendments />
    <laws />
    <cboCostEstimates />
    <actions>
      <actionTypeCounts>
        <passedAgreedToInSenate>1</passedAgreedToInSenate>
        <introducedInSenate>1</introducedInSenate>
        <passedOrAgreedToInSenateDayOf>1</passedOrAgreedToInSenateDayOf>
      </actionTypeCounts>
      <item>
        <actionDate>2017-06-15</actionDate>
        <committee />
        <links>
          <link>
            <name>S3559-3560</name>
            <url>https://www.congress.gov/congressional-record/volume-163/senate-section/page/S3559-3560</url>
          </link>
          <link>
            <name>S3560-3561</name>
            <url>https://www.congress.gov/congressional-record/volume-163/senate-section/page/S3560-3561</url>
          </link>
        </links>
        <sourceSystem>
          <code>0</code>
          <name>Senate</name>
        </sourceSystem>
        <text>Submitted in the Senate, considered, and agreed to without amendment by Unanimous Consent. (consideration: CR S3560-3561; text: CR S3559-3560)</text>
        <type>Floor</type>
      </item>
      <item>
        <type>Floor</type>
        <text>Passed/agreed to in Senate: Submitted in the Senate, considered, and agreed to without amendment by Unanimous Consent.(consideration: CR S3560-3561; text: CR S3559-3560)</text>
        <links>
          <link>
            <name>S3559-3560</name>
            <url>https://www.congress.gov/congressional-record/volume-163/senate-section/page/S3559-3560</url>
          </link>
          <link>
            <name>S3560-3561</name>
            <url>https://www.congress.gov/congressional-record/volume-163/senate-section/page/S3560-3561</url>
          </link>
        </links>
        <committee />
        <sourceSystem>
          <code>9</code>
          <name>Library of Congress</name>
        </sourceSystem>
        <actionDate>2017-06-15</actionDate>
        <actionCode>17000</actionCode>
      </item>
      <item>
        <type>IntroReferral</type>
        <text>Introduced in Senate</text>
        <links />
        <committee />
        <sourceSystem>
          <code>9</code>
          <name>Library of Congress</name>
        </sourceSystem>
        <actionDate>2017-06-15</actionDate>
        <actionCode>10000</actionCode>
      </item>
      <actionByCounts>
        <senate>3</senate>
      </actionByCounts>
    </actions>
    <latestAction>
      <text>Submitted in the Senate, considered, and agreed to without amendment by Unanimous Consent. (consideration: CR S3560-3561; text: CR S3559-3560)</text>
      <actionDate>2017-06-15</actionDate>
      <links />
    </latestAction>
    <titles>
      <item>
        <chamberName />
        <parentTitleType />
        <chamberCode />
        <titleType>Official Title as Introduced</titleType>
        <title>A resolution commending the bravery of the United States Capitol Police, the Police Department of Alexandria, Virginia, and all first responders who protected Members of Congress, their staff, and others during the shooting on June 14, 2017, at Eugene Simpson Stadium Park in the Del Ray neighborhood of Alexandria, Virginia.</title>
      </item>
      <item>
        <chamberName />
        <parentTitleType />
        <chamberCode />
        <titleType>Display Title</titleType>
        <title>A resolution commending the bravery of the United States Capitol Police, the Police Department of Alexandria, Virginia, and all first responders who protected Members of Congress, their staff, and others during the shooting on June 14, 2017, at Eugene Simpson Stadium Park in the Del Ray neighborhood of Alexandria, Virginia.</title>
      </item>
    </titles>
    <summaries>
      <billSummaries>
        <item>
          <lastSummaryUpdateDate>2017-09-14T20:50:01Z</lastSummaryUpdateDate>
          <updateDate>2017-06-15T04:00:00Z</updateDate>
          <versionCode>00</versionCode>
          <text><![CDATA[<p>Recognizes:</p> <ul> <li> U.S. Capitol Police Special Agents David Bailey, Crystal Griner, and Henry Cabrera for responding to and ultimately ending the threat to Members of Congress, their staff, and others during the shooting at Eugene Simpson Stadium Park in Alexandria, Virginia, on June 14, 2017;</li> <li>the Police Department, the Office of the Sheriff, and the Fire Department of Alexandria, Virginia, and the first responders who reported to the scene;</li> <li>victims Steve Scalise, Zachary Barth, and Matthew Mika, who survived the shooting; and</li> <li>the U.S. Capitol Police for their professionalism, vigilance, and self-sacrifice in protecting Members of Congress and congressional employees, visitors, and facilities.</li> </ul> <p>Recognizes that threats to Members of Congress also threaten the foundations of our representative democracy. </p>]]></text>
          <name>Introduced in Senate</name>
          <actionDesc>Introduced in Senate</actionDesc>
          <actionDate>2017-06-15</actionDate>
        </item>
        <item>
          <lastSummaryUpdateDate>2017-09-14T20:50:19Z</lastSummaryUpdateDate>
          <updateDate>2017-06-15T12:12:33Z</updateDate>
          <versionCode>82</versionCode>
          <text><![CDATA[<p>(This measure has not been amended since it was introduced. The summary of that version is repeated here.)</p> <p>Recognizes:</p> <ul> <li> U.S. Capitol Police Special Agents David Bailey, Crystal Griner, and Henry Cabrera for responding to and ultimately ending the threat to Members of Congress, their staff, and others during the shooting at Eugene Simpson Stadium Park in Alexandria, Virginia, on June 14, 2017;</li> <li>the Police Department, the Office of the Sheriff, and the Fire Department of Alexandria, Virginia, and the first responders who reported to the scene;</li> <li>victims Steve Scalise, Zachary Barth, and Matthew Mika, who survived the shooting; and</li> <li>the U.S. Capitol Police for their professionalism, vigilance, and self-sacrifice in protecting Members of Congress and congressional employees, visitors, and facilities.</li> </ul> <p>Recognizes that threats to Members of Congress also threaten the foundations of our representative democracy. </p>]]></text>
          <name>Passed Senate without amendment</name>
          <actionDesc>Passed Senate without amendment</actionDesc>
          <actionDate>2017-06-15</actionDate>
        </item>
      </billSummaries>
    </summaries>
    <title>A resolution commending the bravery of the United States Capitol Police, the Police Department of Alexandria, Virginia, and all first responders who protected Members of Congress, their staff, and others during the shooting on June 14, 2017, at Eugene Simpson Stadium Park in the Del Ray neighborhood of Alexandria, Virginia.</title>
    <calendarNumbers />
    <originChamber>Senate</originChamber>
    <updateDate>2018-02-06T16:44:10Z</updateDate>
    <notes />
    <billType>SRES</billType>
    <committees>
      <billCommittees />
    </committees>
    <relatedBills />
    <committeeReports />
    <billNumber>193</billNumber>
    <sponsors>
      <item>
        <byRequestType />
        <state>VA</state>
        <bioguideId>K000384</bioguideId>
        <identifiers>
          <bioguideId>K000384</bioguideId>
          <lisID>2176</lisID>
          <gpoId />
        </identifiers>
        <fullName>Sen. Kaine, Tim [D-VA]</fullName>
        <lastName>Kaine</lastName>
        <firstName>Timothy</firstName>
        <middleName />
        <party>D</party>
      </item>
    </sponsors>
    <createDate>2017-06-16T00:41:34Z</createDate>
    <version>1.0.0</version>
    <subjects>
      <billSubjects>
        <policyArea>
          <name>Congress</name>
        </policyArea>
        <legislativeSubjects>
          <item>
            <name>Congressional agencies</name>
          </item>
          <item>
            <name>Congressional leadership</name>
          </item>
          <item>
            <name>Congressional officers and employees</name>
          </item>
          <item>
            <name>Congressional tributes</name>
          </item>
          <item>
            <name>Crime victims</name>
          </item>
          <item>
            <name>First responders and emergency personnel</name>
          </item>
          <item>
            <name>House of Representatives</name>
          </item>
          <item>
            <name>Law enforcement officers</name>
          </item>
          <item>
            <name>Members of Congress</name>
          </item>
          <item>
            <name>Protection of officials</name>
          </item>
          <item>
            <name>U.S. Capitol</name>
          </item>
          <item>
            <name>Violent crime</name>
          </item>
          <item>
            <name>Virginia</name>
          </item>
        </legislativeSubjects>
      </billSubjects>
    </subjects>
  </bill>
  <dublinCore xmlns:dc="http://purl.org/dc/elements/1.1/">
    <dc:format>text/xml</dc:format>
    <dc:language>EN</dc:language>
    <dc:rights>Pursuant to Title 17 Section 105 of the United States Code, this file is not subject to copyright protection and is in the public domain.</dc:rights>
    <dc:contributor>Congressional Research Service, Library of Congress</dc:contributor>
    <dc:description>This file contains bill summaries and statuses for federal legislation. A bill summary describes the most significant provisions of a piece of legislation and details the effects the legislative text may have on current law and federal programs. Bill summaries are authored by the Congressional Research Service (CRS) of the Library of Congress. As stated in Public Law 91-510 (2 USC 166 (d)(6)), one of the duties of CRS is "to prepare summaries and digests of bills and resolutions of a public general nature introduced in the Senate or House of Representatives". For more information, refer to the User Guide that accompanies this file.</dc:description>
  </dublinCore>
</billStatus>

