<?xml version="1.0" encoding="UTF-8"?>
<billStatus>
  <bill>
    <titles>
      <item>
        <title>A resolution designating the week beginning October 8, 2017, as "National Wildlife Refuge Week".</title>
        <titleType>Official Title as Introduced</titleType>
        <parentTitleType />
        <chamberCode />
        <chamberName />
      </item>
      <item>
        <title>A resolution designating the week beginning October 8, 2017, as "National Wildlife Refuge Week".</title>
        <titleType>Display Title</titleType>
        <parentTitleType />
        <chamberCode />
        <chamberName />
      </item>
    </titles>
    <committeeReports />
    <sponsors>
      <item>
        <firstName>Christopher</firstName>
        <identifiers>
          <lisID>1984</lisID>
          <gpoId>8297</gpoId>
          <bioguideId>C001088</bioguideId>
        </identifiers>
        <party>D</party>
        <bioguideId>C001088</bioguideId>
        <lastName>Coons</lastName>
        <fullName>Sen. Coons, Christopher A. [D-DE]</fullName>
        <byRequestType />
        <middleName>A.</middleName>
        <state>DE</state>
      </item>
    </sponsors>
    <title>A resolution designating the week beginning October 8, 2017, as "National Wildlife Refuge Week".</title>
    <actions>
      <actionByCounts>
        <senate>3</senate>
      </actionByCounts>
      <actionTypeCounts>
        <passedAgreedToInSenate>1</passedAgreedToInSenate>
        <introducedInSenate>1</introducedInSenate>
        <passedOrAgreedToInSenateDayOf>1</passedOrAgreedToInSenateDayOf>
      </actionTypeCounts>
      <item>
        <actionDate>2017-10-05</actionDate>
        <committee />
        <links>
          <link>
            <name>S6368-6389</name>
            <url>https://www.congress.gov/congressional-record/volume-163/senate-section/page/S6368-6389</url>
          </link>
          <link>
            <name>S6375</name>
            <url>https://www.congress.gov/congressional-record/volume-163/senate-section/page/S6375</url>
          </link>
        </links>
        <sourceSystem>
          <name>Senate</name>
          <code>0</code>
        </sourceSystem>
        <text>Submitted in the Senate, considered, and agreed to without amendment and with a preamble by Unanimous Consent. (consideration: CR S6375; text of measure as introduced: CR S6368-6389)</text>
        <type>Floor</type>
      </item>
      <item>
        <sourceSystem>
          <name>Library of Congress</name>
          <code>9</code>
        </sourceSystem>
        <actionDate>2017-10-05</actionDate>
        <text>Passed/agreed to in Senate: Submitted in the Senate, considered, and agreed to without amendment and with a preamble by Unanimous Consent.(consideration: CR S6375; text of measure as introduced: CR S6368-6389)</text>
        <type>Floor</type>
        <links>
          <link>
            <name>S6368-6389</name>
            <url>https://www.congress.gov/congressional-record/volume-163/senate-section/page/S6368-6389</url>
          </link>
          <link>
            <name>S6375</name>
            <url>https://www.congress.gov/congressional-record/volume-163/senate-section/page/S6375</url>
          </link>
        </links>
        <committee />
        <actionCode>17000</actionCode>
      </item>
      <item>
        <sourceSystem>
          <name>Library of Congress</name>
          <code>9</code>
        </sourceSystem>
        <actionDate>2017-10-05</actionDate>
        <text>Introduced in Senate</text>
        <type>IntroReferral</type>
        <links />
        <committee />
        <actionCode>10000</actionCode>
      </item>
    </actions>
    <summaries>
      <billSummaries>
        <item>
          <lastSummaryUpdateDate>2018-01-05T15:49:27Z</lastSummaryUpdateDate>
          <updateDate>2017-10-05T04:00:00Z</updateDate>
          <versionCode>00</versionCode>
          <text><![CDATA[<p>Designates the week beginning on October 8, 2017, as National Wildlife Refuge Week.</p> <p>Acknowledges the importance of national wildlife refuges for their recreational opportunities and contribution to local economies. </p> <p>Reaffirms the support of the Senate for wildlife conservation and the National Wildlife Refuge System. </p>]]></text>
          <name>Introduced in Senate</name>
          <actionDesc>Introduced in Senate</actionDesc>
          <actionDate>2017-10-05</actionDate>
        </item>
        <item>
          <lastSummaryUpdateDate>2018-01-08T21:34:17Z</lastSummaryUpdateDate>
          <updateDate>2017-10-05T12:18:39Z</updateDate>
          <versionCode>82</versionCode>
          <text><![CDATA[<p>(This measure has not been amended since it was introduced. The summary of that version is repeated here.)</p> <p>Designates the week beginning on October 8, 2017, as National Wildlife Refuge Week.</p> <p>Acknowledges the importance of national wildlife refuges for their recreational opportunities and contribution to local economies. </p> <p>Reaffirms the support of the Senate for wildlife conservation and the National Wildlife Refuge System. </p>]]></text>
          <name>Passed Senate without amendment</name>
          <actionDesc>Passed Senate without amendment</actionDesc>
          <actionDate>2017-10-05</actionDate>
        </item>
      </billSummaries>
    </summaries>
    <recordedVotes />
    <billNumber>289</billNumber>
    <calendarNumbers />
    <cosponsors>
      <item>
        <state>LA</state>
        <identifiers>
          <lisID>2303</lisID>
          <bioguideId>K000393</bioguideId>
          <gpoId />
        </identifiers>
        <bioguideId>K000393</bioguideId>
        <sponsorshipDate>2017-10-05</sponsorshipDate>
        <lastName>Kennedy</lastName>
        <fullName>Sen. Kennedy, John [R-LA]</fullName>
        <firstName>John</firstName>
        <party>R</party>
        <middleName>Neely</middleName>
        <isOriginalCosponsor>True</isOriginalCosponsor>
        <sponsorshipWithdrawnDate />
      </item>
    </cosponsors>
    <version>1.0.0</version>
    <subjects>
      <billSubjects>
        <policyArea>
          <name>Public Lands and Natural Resources</name>
        </policyArea>
        <legislativeSubjects />
      </billSubjects>
    </subjects>
    <latestAction>
      <text>Submitted in the Senate, considered, and agreed to without amendment and with a preamble by Unanimous Consent. (consideration: CR S6375; text of measure as introduced: CR S6368-6389)</text>
      <links />
      <actionDate>2017-10-05</actionDate>
    </latestAction>
    <originChamber>Senate</originChamber>
    <laws />
    <notes />
    <createDate>2017-10-06T00:41:17Z</createDate>
    <billType>SRES</billType>
    <updateDate>2018-02-06T16:44:16Z</updateDate>
    <policyArea>
      <name>Public Lands and Natural Resources</name>
    </policyArea>
    <cboCostEstimates />
    <introducedDate>2017-10-05</introducedDate>
    <amendments />
    <relatedBills>
      <item>
        <number>560</number>
        <congress>115</congress>
        <relationshipDetails>
          <item>
            <type>Related bill</type>
            <identifiedBy>CRS</identifiedBy>
          </item>
        </relationshipDetails>
        <latestTitle>Encouraging observance of National Wildlife Refuge Week with appropriate events and activities, and for other purposes.</latestTitle>
        <latestAction>
          <text>Referred to the Subcommittee on Federal Lands.</text>
          <actionDate>2017-10-06</actionDate>
        </latestAction>
        <type>HRES</type>
      </item>
    </relatedBills>
    <congress>115</congress>
    <committees>
      <billCommittees />
    </committees>
  </bill>
  <dublinCore xmlns:dc="http://purl.org/dc/elements/1.1/">
    <dc:format>text/xml</dc:format>
    <dc:language>EN</dc:language>
    <dc:rights>Pursuant to Title 17 Section 105 of the United States Code, this file is not subject to copyright protection and is in the public domain.</dc:rights>
    <dc:contributor>Congressional Research Service, Library of Congress</dc:contributor>
    <dc:description>This file contains bill summaries and statuses for federal legislation. A bill summary describes the most significant provisions of a piece of legislation and details the effects the legislative text may have on current law and federal programs. Bill summaries are authored by the Congressional Research Service (CRS) of the Library of Congress. As stated in Public Law 91-510 (2 USC 166 (d)(6)), one of the duties of CRS is "to prepare summaries and digests of bills and resolutions of a public general nature introduced in the Senate or House of Representatives". For more information, refer to the User Guide that accompanies this file.</dc:description>
  </dublinCore>
</billStatus>

