<?xml version="1.0" encoding="UTF-8"?>
<billStatus>
  <bill>
    <cosponsors>
      <item>
        <party>D</party>
        <bioguideId>B001267</bioguideId>
        <isOriginalCosponsor>True</isOriginalCosponsor>
        <firstName>Michael</firstName>
        <middleName>F.</middleName>
        <sponsorshipWithdrawnDate />
        <sponsorshipDate>2017-06-26</sponsorshipDate>
        <fullName>Sen. Bennet, Michael F. [D-CO]</fullName>
        <identifiers>
          <lisID>1965</lisID>
          <bioguideId>B001267</bioguideId>
          <gpoId>8302</gpoId>
        </identifiers>
        <lastName>Bennet</lastName>
        <state>CO</state>
      </item>
      <item>
        <party>D</party>
        <bioguideId>B001277</bioguideId>
        <isOriginalCosponsor>True</isOriginalCosponsor>
        <firstName>Richard</firstName>
        <middleName />
        <sponsorshipWithdrawnDate />
        <sponsorshipDate>2017-06-26</sponsorshipDate>
        <fullName>Sen. Blumenthal, Richard [D-CT]</fullName>
        <identifiers>
          <gpoId>8332</gpoId>
          <lisID>2076</lisID>
          <bioguideId>B001277</bioguideId>
        </identifiers>
        <lastName>Blumenthal</lastName>
        <state>CT</state>
      </item>
      <item>
        <party>D</party>
        <bioguideId>B001288</bioguideId>
        <isOriginalCosponsor>True</isOriginalCosponsor>
        <firstName>Cory</firstName>
        <middleName>A.</middleName>
        <sponsorshipWithdrawnDate />
        <sponsorshipDate>2017-06-26</sponsorshipDate>
        <fullName>Sen. Booker, Cory A. [D-NJ]</fullName>
        <identifiers>
          <gpoId />
          <lisID>2194</lisID>
          <bioguideId>B001288</bioguideId>
        </identifiers>
        <lastName>Booker</lastName>
        <state>NJ</state>
      </item>
      <item>
        <party>D</party>
        <bioguideId>B000944</bioguideId>
        <isOriginalCosponsor>True</isOriginalCosponsor>
        <firstName>SHERROD</firstName>
        <middleName />
        <sponsorshipWithdrawnDate />
        <sponsorshipDate>2017-06-26</sponsorshipDate>
        <fullName>Sen. Brown, Sherrod [D-OH]</fullName>
        <identifiers>
          <gpoId>8309</gpoId>
          <lisID>136</lisID>
          <bioguideId>B000944</bioguideId>
        </identifiers>
        <lastName>BROWN</lastName>
        <state>OH</state>
      </item>
      <item>
        <party>D</party>
        <bioguideId>C000127</bioguideId>
        <isOriginalCosponsor>True</isOriginalCosponsor>
        <firstName>MARIA</firstName>
        <middleName />
        <sponsorshipWithdrawnDate />
        <sponsorshipDate>2017-06-26</sponsorshipDate>
        <fullName>Sen. Cantwell, Maria [D-WA]</fullName>
        <identifiers>
          <lisID>172</lisID>
          <gpoId>8288</gpoId>
          <bioguideId>C000127</bioguideId>
        </identifiers>
        <lastName>CANTWELL</lastName>
        <state>WA</state>
      </item>
      <item>
        <party>D</party>
        <bioguideId>C000141</bioguideId>
        <isOriginalCosponsor>True</isOriginalCosponsor>
        <firstName>BENJAMIN</firstName>
        <middleName>L.</middleName>
        <sponsorshipWithdrawnDate />
        <sponsorshipDate>2017-06-26</sponsorshipDate>
        <fullName>Sen. Cardin, Benjamin L. [D-MD]</fullName>
        <identifiers>
          <gpoId>8287</gpoId>
          <lisID>174</lisID>
          <bioguideId>C000141</bioguideId>
        </identifiers>
        <lastName>CARDIN</lastName>
        <state>MD</state>
      </item>
      <item>
        <party>D</party>
        <bioguideId>C000174</bioguideId>
        <isOriginalCosponsor>True</isOriginalCosponsor>
        <firstName>THOMAS</firstName>
        <middleName>R.</middleName>
        <sponsorshipWithdrawnDate />
        <sponsorshipDate>2017-06-26</sponsorshipDate>
        <fullName>Sen. Carper, Thomas R. [D-DE]</fullName>
        <identifiers>
          <lisID>179</lisID>
          <gpoId>8283</gpoId>
          <bioguideId>C000174</bioguideId>
        </identifiers>
        <lastName>CARPER</lastName>
        <state>DE</state>
      </item>
      <item>
        <party>D</party>
        <bioguideId>C001070</bioguideId>
        <isOriginalCosponsor>True</isOriginalCosponsor>
        <firstName>Bob</firstName>
        <middleName />
        <sponsorshipWithdrawnDate />
        <sponsorshipDate>2017-06-26</sponsorshipDate>
        <fullName>Sen. Casey, Robert P., Jr. [D-PA]</fullName>
        <identifiers>
          <gpoId>8282</gpoId>
          <lisID>1828</lisID>
          <bioguideId>C001070</bioguideId>
        </identifiers>
        <lastName>Casey</lastName>
        <state>PA</state>
      </item>
      <item>
        <party>D</party>
        <bioguideId>C001088</bioguideId>
        <isOriginalCosponsor>True</isOriginalCosponsor>
        <firstName>Christopher</firstName>
        <middleName>A.</middleName>
        <sponsorshipWithdrawnDate />
        <sponsorshipDate>2017-06-26</sponsorshipDate>
        <fullName>Sen. Coons, Christopher A. [D-DE]</fullName>
        <identifiers>
          <lisID>1984</lisID>
          <bioguideId>C001088</bioguideId>
          <gpoId>8297</gpoId>
        </identifiers>
        <lastName>Coons</lastName>
        <state>DE</state>
      </item>
      <item>
        <party>D</party>
        <bioguideId>C001113</bioguideId>
        <isOriginalCosponsor>True</isOriginalCosponsor>
        <firstName>Catherine</firstName>
        <middleName />
        <sponsorshipWithdrawnDate />
        <sponsorshipDate>2017-06-26</sponsorshipDate>
        <fullName>Sen. Cortez Masto, Catherine  [D-NV]</fullName>
        <identifiers>
          <lisID>2299</lisID>
          <gpoId />
          <bioguideId>C001113</bioguideId>
        </identifiers>
        <lastName>Cortez Masto</lastName>
        <state>NV</state>
      </item>
      <item>
        <party>D</party>
        <bioguideId>D000563</bioguideId>
        <isOriginalCosponsor>True</isOriginalCosponsor>
        <firstName>RICHARD</firstName>
        <middleName>J.</middleName>
        <sponsorshipWithdrawnDate />
        <sponsorshipDate>2017-06-26</sponsorshipDate>
        <fullName>Sen. Durbin, Richard J. [D-IL]</fullName>
        <identifiers>
          <lisID>326</lisID>
          <gpoId>8326</gpoId>
          <bioguideId>D000563</bioguideId>
        </identifiers>
        <lastName>DURBIN</lastName>
        <state>IL</state>
      </item>
      <item>
        <party>D</party>
        <bioguideId>F000457</bioguideId>
        <isOriginalCosponsor>True</isOriginalCosponsor>
        <firstName>Al</firstName>
        <middleName />
        <sponsorshipWithdrawnDate />
        <sponsorshipDate>2017-06-26</sponsorshipDate>
        <fullName>Sen. Franken, Al [D-MN]</fullName>
        <identifiers>
          <gpoId>8339</gpoId>
          <lisID>1969</lisID>
          <bioguideId>F000457</bioguideId>
        </identifiers>
        <lastName>Franken</lastName>
        <state>MN</state>
      </item>
      <item>
        <party>D</party>
        <bioguideId>H001075</bioguideId>
        <isOriginalCosponsor>True</isOriginalCosponsor>
        <firstName>Kamala</firstName>
        <middleName>D.</middleName>
        <sponsorshipWithdrawnDate />
        <sponsorshipDate>2017-06-26</sponsorshipDate>
        <fullName>Sen. Harris, Kamala D. [D-CA]</fullName>
        <identifiers>
          <gpoId />
          <lisID>2301</lisID>
          <bioguideId>H001075</bioguideId>
        </identifiers>
        <lastName>Harris</lastName>
        <state>CA</state>
      </item>
      <item>
        <party>D</party>
        <bioguideId>H001076</bioguideId>
        <isOriginalCosponsor>True</isOriginalCosponsor>
        <firstName>Margaret</firstName>
        <middleName>Wood</middleName>
        <sponsorshipWithdrawnDate />
        <sponsorshipDate>2017-06-26</sponsorshipDate>
        <fullName>Sen. Hassan, Margaret Wood [D-NH]</fullName>
        <identifiers>
          <lisID>2302</lisID>
          <gpoId />
          <bioguideId>H001076</bioguideId>
        </identifiers>
        <lastName>Hassan</lastName>
        <state>NH</state>
      </item>
      <item>
        <party>D</party>
        <bioguideId>H001046</bioguideId>
        <isOriginalCosponsor>True</isOriginalCosponsor>
        <firstName>Martin</firstName>
        <middleName />
        <sponsorshipWithdrawnDate />
        <sponsorshipDate>2017-06-26</sponsorshipDate>
        <fullName>Sen. Heinrich, Martin [D-NM]</fullName>
        <identifiers>
          <lisID>1937</lisID>
          <bioguideId>H001046</bioguideId>
          <gpoId>8056</gpoId>
        </identifiers>
        <lastName>Heinrich</lastName>
        <state>NM</state>
      </item>
      <item>
        <party>D</party>
        <bioguideId>H001069</bioguideId>
        <isOriginalCosponsor>True</isOriginalCosponsor>
        <firstName>Heidi</firstName>
        <middleName />
        <sponsorshipWithdrawnDate />
        <sponsorshipDate>2017-06-26</sponsorshipDate>
        <fullName>Sen. Heitkamp, Heidi [D-ND]</fullName>
        <identifiers>
          <lisID>2174</lisID>
          <gpoId />
          <bioguideId>H001069</bioguideId>
        </identifiers>
        <lastName>Heitkamp</lastName>
        <state>ND</state>
      </item>
      <item>
        <party>D</party>
        <bioguideId>H001042</bioguideId>
        <isOriginalCosponsor>True</isOriginalCosponsor>
        <firstName>Mazie</firstName>
        <middleName>K.</middleName>
        <sponsorshipWithdrawnDate />
        <sponsorshipDate>2017-06-26</sponsorshipDate>
        <fullName>Sen. Hirono, Mazie K. [D-HI]</fullName>
        <identifiers>
          <lisID>1844</lisID>
          <gpoId>7913</gpoId>
          <bioguideId>H001042</bioguideId>
        </identifiers>
        <lastName>Hirono</lastName>
        <state>HI</state>
      </item>
      <item>
        <party>D</party>
        <bioguideId>K000384</bioguideId>
        <isOriginalCosponsor>True</isOriginalCosponsor>
        <firstName>Timothy</firstName>
        <middleName />
        <sponsorshipWithdrawnDate />
        <sponsorshipDate>2017-06-26</sponsorshipDate>
        <fullName>Sen. Kaine, Tim [D-VA]</fullName>
        <identifiers>
          <bioguideId>K000384</bioguideId>
          <lisID>2176</lisID>
          <gpoId />
        </identifiers>
        <lastName>Kaine</lastName>
        <state>VA</state>
      </item>
      <item>
        <party>D</party>
        <bioguideId>K000367</bioguideId>
        <isOriginalCosponsor>True</isOriginalCosponsor>
        <firstName>Amy</firstName>
        <middleName />
        <sponsorshipWithdrawnDate />
        <sponsorshipDate>2017-06-26</sponsorshipDate>
        <fullName>Sen. Klobuchar, Amy [D-MN]</fullName>
        <identifiers>
          <lisID>1826</lisID>
          <gpoId>8249</gpoId>
          <bioguideId>K000367</bioguideId>
        </identifiers>
        <lastName>Klobuchar</lastName>
        <state>MN</state>
      </item>
      <item>
        <party>D</party>
        <bioguideId>L000174</bioguideId>
        <isOriginalCosponsor>True</isOriginalCosponsor>
        <firstName>PATRICK</firstName>
        <middleName>JOSEPH</middleName>
        <sponsorshipWithdrawnDate />
        <sponsorshipDate>2017-06-26</sponsorshipDate>
        <fullName>Sen. Leahy, Patrick J. [D-VT]</fullName>
        <identifiers>
          <lisID>1383</lisID>
          <bioguideId>L000174</bioguideId>
          <gpoId>8244</gpoId>
        </identifiers>
        <lastName>LEAHY</lastName>
        <state>VT</state>
      </item>
      <item>
        <party>D</party>
        <bioguideId>M000133</bioguideId>
        <isOriginalCosponsor>True</isOriginalCosponsor>
        <firstName>EDWARD</firstName>
        <middleName>J.</middleName>
        <sponsorshipWithdrawnDate />
        <sponsorshipDate>2017-06-26</sponsorshipDate>
        <fullName>Sen. Markey, Edward J. [D-MA]</fullName>
        <identifiers>
          <gpoId>7972</gpoId>
          <lisID>735</lisID>
          <bioguideId>M000133</bioguideId>
        </identifiers>
        <lastName>MARKEY</lastName>
        <state>MA</state>
      </item>
      <item>
        <party>D</party>
        <bioguideId>M000639</bioguideId>
        <isOriginalCosponsor>True</isOriginalCosponsor>
        <firstName>ROBERT</firstName>
        <middleName />
        <sponsorshipWithdrawnDate />
        <sponsorshipDate>2017-06-26</sponsorshipDate>
        <fullName>Sen. Menendez, Robert [D-NJ]</fullName>
        <identifiers>
          <lisID>791</lisID>
          <gpoId>8239</gpoId>
          <bioguideId>M000639</bioguideId>
        </identifiers>
        <lastName>MENENDEZ</lastName>
        <state>NJ</state>
      </item>
      <item>
        <party>D</party>
        <bioguideId>M001176</bioguideId>
        <isOriginalCosponsor>True</isOriginalCosponsor>
        <firstName>Jeff</firstName>
        <middleName />
        <sponsorshipWithdrawnDate />
        <sponsorshipDate>2017-06-26</sponsorshipDate>
        <fullName>Sen. Merkley, Jeff [D-OR]</fullName>
        <identifiers>
          <lisID>1900</lisID>
          <gpoId>8238</gpoId>
          <bioguideId>M001176</bioguideId>
        </identifiers>
        <lastName>Merkley</lastName>
        <state>OR</state>
      </item>
      <item>
        <party>D</party>
        <bioguideId>M001169</bioguideId>
        <isOriginalCosponsor>True</isOriginalCosponsor>
        <firstName>Christopher</firstName>
        <middleName />
        <sponsorshipWithdrawnDate />
        <sponsorshipDate>2017-06-26</sponsorshipDate>
        <fullName>Sen. Murphy, Christopher [D-CT]</fullName>
        <identifiers>
          <gpoId>7870</gpoId>
          <bioguideId>M001169</bioguideId>
          <lisID>1837</lisID>
        </identifiers>
        <lastName>Murphy</lastName>
        <state>CT</state>
      </item>
      <item>
        <party>D</party>
        <bioguideId>M001111</bioguideId>
        <isOriginalCosponsor>True</isOriginalCosponsor>
        <firstName>PATTY</firstName>
        <middleName />
        <sponsorshipWithdrawnDate />
        <sponsorshipDate>2017-06-26</sponsorshipDate>
        <fullName>Sen. Murray, Patty [D-WA]</fullName>
        <identifiers>
          <bioguideId>M001111</bioguideId>
          <gpoId>8237</gpoId>
          <lisID>1409</lisID>
        </identifiers>
        <lastName>MURRAY</lastName>
        <state>WA</state>
      </item>
      <item>
        <party>D</party>
        <bioguideId>N000032</bioguideId>
        <isOriginalCosponsor>True</isOriginalCosponsor>
        <firstName>CLARENCE</firstName>
        <middleName>WILLIAM</middleName>
        <sponsorshipWithdrawnDate />
        <sponsorshipDate>2017-06-26</sponsorshipDate>
        <fullName>Sen. Nelson, Bill [D-FL]</fullName>
        <identifiers>
          <bioguideId>N000032</bioguideId>
          <gpoId>8236</gpoId>
          <lisID>859</lisID>
        </identifiers>
        <lastName>NELSON</lastName>
        <state>FL</state>
      </item>
      <item>
        <party>D</party>
        <bioguideId>P000595</bioguideId>
        <isOriginalCosponsor>True</isOriginalCosponsor>
        <firstName>Gary</firstName>
        <middleName>C.</middleName>
        <sponsorshipWithdrawnDate />
        <sponsorshipDate>2017-06-26</sponsorshipDate>
        <fullName>Sen. Peters, Gary C. [D-MI]</fullName>
        <identifiers>
          <lisID>1929</lisID>
          <bioguideId>P000595</bioguideId>
          <gpoId>7994</gpoId>
        </identifiers>
        <lastName>Peters</lastName>
        <state>MI</state>
      </item>
      <item>
        <party>D</party>
        <bioguideId>S001181</bioguideId>
        <isOriginalCosponsor>True</isOriginalCosponsor>
        <firstName>Jeanne</firstName>
        <middleName />
        <sponsorshipWithdrawnDate />
        <sponsorshipDate>2017-06-26</sponsorshipDate>
        <fullName>Sen. Shaheen, Jeanne [D-NH]</fullName>
        <identifiers>
          <bioguideId>S001181</bioguideId>
          <lisID>1901</lisID>
          <gpoId>8276</gpoId>
        </identifiers>
        <lastName>Shaheen</lastName>
        <state>NH</state>
      </item>
      <item>
        <party>D</party>
        <bioguideId>V000128</bioguideId>
        <isOriginalCosponsor>True</isOriginalCosponsor>
        <firstName>Chris</firstName>
        <middleName />
        <sponsorshipWithdrawnDate />
        <sponsorshipDate>2017-06-26</sponsorshipDate>
        <fullName>Sen. Van Hollen, Chris [D-MD]</fullName>
        <identifiers>
          <lisID>1729</lisID>
          <gpoId>7983</gpoId>
          <bioguideId>V000128</bioguideId>
        </identifiers>
        <lastName>Van Hollen</lastName>
        <state>MD</state>
      </item>
      <item>
        <party>D</party>
        <bioguideId>W000817</bioguideId>
        <isOriginalCosponsor>True</isOriginalCosponsor>
        <firstName>Elizabeth</firstName>
        <middleName>A.</middleName>
        <sponsorshipWithdrawnDate />
        <sponsorshipDate>2017-06-26</sponsorshipDate>
        <fullName>Sen. Warren, Elizabeth [D-MA]</fullName>
        <identifiers>
          <bioguideId>W000817</bioguideId>
          <gpoId />
          <lisID>2182</lisID>
        </identifiers>
        <lastName>Warren</lastName>
        <state>MA</state>
      </item>
      <item>
        <party>D</party>
        <bioguideId>W000802</bioguideId>
        <isOriginalCosponsor>True</isOriginalCosponsor>
        <firstName>Sheldon</firstName>
        <middleName />
        <sponsorshipWithdrawnDate />
        <sponsorshipDate>2017-06-26</sponsorshipDate>
        <fullName>Sen. Whitehouse, Sheldon [D-RI]</fullName>
        <identifiers>
          <gpoId>8264</gpoId>
          <bioguideId>W000802</bioguideId>
          <lisID>1823</lisID>
        </identifiers>
        <lastName>Whitehouse</lastName>
        <state>RI</state>
      </item>
      <item>
        <party>D</party>
        <bioguideId>W000779</bioguideId>
        <isOriginalCosponsor>True</isOriginalCosponsor>
        <firstName>RON</firstName>
        <middleName />
        <sponsorshipWithdrawnDate />
        <sponsorshipDate>2017-06-26</sponsorshipDate>
        <fullName>Sen. Wyden, Ron [D-OR]</fullName>
        <identifiers>
          <gpoId>8265</gpoId>
          <bioguideId>W000779</bioguideId>
          <lisID>1247</lisID>
        </identifiers>
        <lastName>WYDEN</lastName>
        <state>OR</state>
      </item>
      <item>
        <party>D</party>
        <bioguideId>S000148</bioguideId>
        <isOriginalCosponsor>True</isOriginalCosponsor>
        <firstName>CHARLES</firstName>
        <middleName>E.</middleName>
        <sponsorshipWithdrawnDate />
        <sponsorshipDate>2017-06-26</sponsorshipDate>
        <fullName>Sen. Schumer, Charles E. [D-NY]</fullName>
        <identifiers>
          <lisID>1036</lisID>
          <bioguideId>S000148</bioguideId>
          <gpoId>8279</gpoId>
        </identifiers>
        <lastName>SCHUMER</lastName>
        <state>NY</state>
      </item>
      <item>
        <party>D</party>
        <bioguideId>F000062</bioguideId>
        <isOriginalCosponsor>True</isOriginalCosponsor>
        <firstName>DIANNE</firstName>
        <middleName />
        <sponsorshipWithdrawnDate />
        <sponsorshipDate>2017-06-26</sponsorshipDate>
        <fullName>Sen. Feinstein, Dianne [D-CA]</fullName>
        <identifiers>
          <gpoId>8338</gpoId>
          <bioguideId>F000062</bioguideId>
          <lisID>1332</lisID>
        </identifiers>
        <lastName>FEINSTEIN</lastName>
        <state>CA</state>
      </item>
      <item>
        <party>I</party>
        <bioguideId>S000033</bioguideId>
        <isOriginalCosponsor>True</isOriginalCosponsor>
        <firstName>BERNARD</firstName>
        <middleName />
        <sponsorshipWithdrawnDate />
        <sponsorshipDate>2017-06-26</sponsorshipDate>
        <fullName>Sen. Sanders, Bernard [I-VT]</fullName>
        <identifiers>
          <lisID>1010</lisID>
          <bioguideId>S000033</bioguideId>
          <gpoId>8270</gpoId>
        </identifiers>
        <lastName>SANDERS</lastName>
        <state>VT</state>
      </item>
      <item>
        <party>D</party>
        <bioguideId>W000805</bioguideId>
        <isOriginalCosponsor>True</isOriginalCosponsor>
        <firstName>Mark</firstName>
        <middleName>R.</middleName>
        <sponsorshipWithdrawnDate />
        <sponsorshipDate>2017-06-26</sponsorshipDate>
        <fullName>Sen. Warner, Mark R. [D-VA]</fullName>
        <identifiers>
          <bioguideId>W000805</bioguideId>
          <lisID>1897</lisID>
          <gpoId>8269</gpoId>
        </identifiers>
        <lastName>Warner</lastName>
        <state>VA</state>
      </item>
    </cosponsors>
    <congress>115</congress>
    <committees>
      <billCommittees>
        <item>
          <systemCode>ssju00</systemCode>
          <name>Judiciary Committee</name>
          <type>Standing</type>
          <activities>
            <item>
              <name>Referred to</name>
              <date>2017-06-26T22:11:06Z</date>
            </item>
          </activities>
          <chamber>Senate</chamber>
          <subcommittees />
        </item>
      </billCommittees>
    </committees>
    <laws />
    <titles>
      <item>
        <chamberCode />
        <chamberName />
        <parentTitleType />
        <titleType>Official Title as Introduced</titleType>
        <title>A resolution expressing support for the designation of June 26, 2017, as "LGBT Equality Day".</title>
      </item>
      <item>
        <chamberCode />
        <chamberName />
        <parentTitleType />
        <titleType>Display Title</titleType>
        <title>A resolution expressing support for the designation of June 26, 2017, as "LGBT Equality Day".</title>
      </item>
    </titles>
    <billType>SRES</billType>
    <amendments />
    <recordedVotes />
    <actions>
      <item>
        <actionDate>2017-06-26</actionDate>
        <committee>
          <systemCode>ssju00</systemCode>
          <name>Judiciary Committee</name>
        </committee>
        <links>
          <link>
            <url>https://www.congress.gov/congressional-record/volume-163/senate-section/page/S3767</url>
            <name>S3767</name>
          </link>
        </links>
        <sourceSystem>
          <code>0</code>
          <name>Senate</name>
        </sourceSystem>
        <text>Referred to the Committee on the Judiciary. (text of measure as introduced: CR S3767)</text>
        <type>IntroReferral</type>
      </item>
      <item>
        <committee />
        <sourceSystem>
          <code>9</code>
          <name>Library of Congress</name>
        </sourceSystem>
        <actionDate>2017-06-26</actionDate>
        <text>Introduced in Senate</text>
        <links />
        <type>IntroReferral</type>
        <actionCode>10000</actionCode>
      </item>
      <actionByCounts>
        <senate>2</senate>
      </actionByCounts>
      <actionTypeCounts>
        <referredToCommittee>1</referredToCommittee>
        <introducedInSenate>1</introducedInSenate>
      </actionTypeCounts>
    </actions>
    <introducedDate>2017-06-26</introducedDate>
    <relatedBills>
      <item>
        <relationshipDetails>
          <item>
            <identifiedBy>CRS</identifiedBy>
            <type>Related bill</type>
          </item>
        </relationshipDetails>
        <latestAction>
          <actionDate>2017-07-10</actionDate>
          <text>Referred to the Subcommittee on the Constitution and Civil Justice.</text>
        </latestAction>
        <type>HRES</type>
        <number>405</number>
        <latestTitle>Expressing support for the designation of June 26 as "LGBT Equality Day".</latestTitle>
        <congress>115</congress>
      </item>
    </relatedBills>
    <committeeReports />
    <calendarNumbers />
    <billNumber>202</billNumber>
    <summaries>
      <billSummaries>
        <item>
          <updateDate>2017-06-26T04:00:00Z</updateDate>
          <actionDesc>Introduced in Senate</actionDesc>
          <versionCode>00</versionCode>
          <name>Introduced in Senate</name>
          <text><![CDATA[<p>Expresses support for: (1) equal rights and protections for all people, regardless of actual or perceived sexual orientation or gender identity; and (2) the designation of LGBT Equality Day on June 26 to commemorate Supreme Court decisions handed down on that day in 2003, 2013, and 2015.</p> <p>Acknowledges the need for further legislation to ensure that people in the United States are free from all forms of discrimination on the basis of actual or perceived sexual orientation or gender identity. </p>]]></text>
          <lastSummaryUpdateDate>2017-07-17T17:48:52Z</lastSummaryUpdateDate>
          <actionDate>2017-06-26</actionDate>
        </item>
      </billSummaries>
    </summaries>
    <cboCostEstimates />
    <updateDate>2018-02-06T16:44:10Z</updateDate>
    <policyArea>
      <name>Civil Rights and Liberties, Minority Issues</name>
    </policyArea>
    <latestAction>
      <text>Referred to the Committee on the Judiciary. (text of measure as introduced: CR S3767)</text>
      <actionDate>2017-06-26</actionDate>
      <links />
    </latestAction>
    <subjects>
      <billSubjects>
        <legislativeSubjects>
          <item>
            <name>Commemorative events and holidays</name>
          </item>
          <item>
            <name>Constitution and constitutional amendments</name>
          </item>
          <item>
            <name>Due process and equal protection</name>
          </item>
          <item>
            <name>Employment discrimination and employee rights</name>
          </item>
          <item>
            <name>Housing discrimination</name>
          </item>
          <item>
            <name>Sex, gender, sexual orientation discrimination</name>
          </item>
          <item>
            <name>Supreme Court</name>
          </item>
        </legislativeSubjects>
        <policyArea>
          <name>Civil Rights and Liberties, Minority Issues</name>
        </policyArea>
      </billSubjects>
    </subjects>
    <title>A resolution expressing support for the designation of June 26, 2017, as "LGBT Equality Day".</title>
    <version>1.0.0</version>
    <sponsors>
      <item>
        <byRequestType />
        <party>D</party>
        <fullName>Sen. Baldwin, Tammy [D-WI]</fullName>
        <bioguideId>B001230</bioguideId>
        <state>WI</state>
        <lastName>BALDWIN</lastName>
        <middleName />
        <firstName>TAMMY</firstName>
        <identifiers>
          <lisID>1558</lisID>
          <gpoId>8215</gpoId>
          <bioguideId>B001230</bioguideId>
        </identifiers>
      </item>
    </sponsors>
    <notes />
    <createDate>2017-06-27T00:26:34Z</createDate>
    <originChamber>Senate</originChamber>
  </bill>
  <dublinCore xmlns:dc="http://purl.org/dc/elements/1.1/">
    <dc:format>text/xml</dc:format>
    <dc:language>EN</dc:language>
    <dc:rights>Pursuant to Title 17 Section 105 of the United States Code, this file is not subject to copyright protection and is in the public domain.</dc:rights>
    <dc:contributor>Congressional Research Service, Library of Congress</dc:contributor>
    <dc:description>This file contains bill summaries and statuses for federal legislation. A bill summary describes the most significant provisions of a piece of legislation and details the effects the legislative text may have on current law and federal programs. Bill summaries are authored by the Congressional Research Service (CRS) of the Library of Congress. As stated in Public Law 91-510 (2 USC 166 (d)(6)), one of the duties of CRS is "to prepare summaries and digests of bills and resolutions of a public general nature introduced in the Senate or House of Representatives". For more information, refer to the User Guide that accompanies this file.</dc:description>
  </dublinCore>
</billStatus>

