<?xml version="1.0" encoding="UTF-8"?>
<billStatus>
  <bill>
    <calendarNumbers />
    <congress>115</congress>
    <titles>
      <item>
        <chamberName />
        <titleType>Official Title as Introduced</titleType>
        <title>A resolution recognizing the Aviation Cadet Museum in Eureka Springs, Arkansas, as the national aviation cadet museum of the United States.</title>
        <parentTitleType />
        <chamberCode />
      </item>
      <item>
        <chamberName />
        <titleType>Display Title</titleType>
        <title>A resolution recognizing the Aviation Cadet Museum in Eureka Springs, Arkansas, as the national aviation cadet museum of the United States.</title>
        <parentTitleType />
        <chamberCode />
      </item>
    </titles>
    <introducedDate>2017-06-07</introducedDate>
    <latestAction>
      <actionDate>2017-06-07</actionDate>
      <text>Referred to the Committee on Energy and Natural Resources. (text of measure as introduced: CR S3339)</text>
      <links />
    </latestAction>
    <title>A resolution recognizing the Aviation Cadet Museum in Eureka Springs, Arkansas, as the national aviation cadet museum of the United States.</title>
    <subjects>
      <billSubjects>
        <policyArea>
          <name>Transportation and Public Works</name>
        </policyArea>
        <legislativeSubjects>
          <item>
            <name>Arkansas</name>
          </item>
          <item>
            <name>Aviation and airports</name>
          </item>
          <item>
            <name>Military education and training</name>
          </item>
          <item>
            <name>Military history</name>
          </item>
          <item>
            <name>Museums, exhibitions, cultural centers</name>
          </item>
        </legislativeSubjects>
      </billSubjects>
    </subjects>
    <relatedBills>
      <item>
        <relationshipDetails>
          <item>
            <identifiedBy>CRS</identifiedBy>
            <type>Related bill</type>
          </item>
          <item>
            <identifiedBy>CRS</identifiedBy>
            <type>Identical bill</type>
          </item>
        </relationshipDetails>
        <latestAction>
          <actionDate>2017-12-07</actionDate>
          <text>Referred to the Subcommittee on Readiness.</text>
        </latestAction>
        <type>HRES</type>
        <number>638</number>
        <latestTitle>Recognizing the Aviation Cadet Museum in Eureka Springs, Arkansas, as the national aviation cadet museum of the United States.</latestTitle>
        <congress>115</congress>
      </item>
    </relatedBills>
    <updateDate>2018-02-06T16:44:09Z</updateDate>
    <committeeReports />
    <notes />
    <recordedVotes />
    <amendments />
    <createDate>2017-06-08T00:26:35Z</createDate>
    <committees>
      <billCommittees>
        <item>
          <chamber>Senate</chamber>
          <subcommittees />
          <systemCode>sseg00</systemCode>
          <name>Energy and Natural Resources Committee</name>
          <activities>
            <item>
              <name>Referred to</name>
              <date>2017-06-07T21:18:49Z</date>
            </item>
          </activities>
          <type>Standing</type>
        </item>
      </billCommittees>
    </committees>
    <cboCostEstimates />
    <billNumber>186</billNumber>
    <policyArea>
      <name>Transportation and Public Works</name>
    </policyArea>
    <version>1.0.0</version>
    <billType>SRES</billType>
    <originChamber>Senate</originChamber>
    <actions>
      <actionByCounts>
        <senate>2</senate>
      </actionByCounts>
      <actionTypeCounts>
        <referredToCommittee>1</referredToCommittee>
        <introducedInSenate>1</introducedInSenate>
      </actionTypeCounts>
      <item>
        <actionDate>2017-06-07</actionDate>
        <committee>
          <name>Energy and Natural Resources Committee</name>
          <systemCode>sseg00</systemCode>
        </committee>
        <links>
          <link>
            <name>S3339</name>
            <url>https://www.congress.gov/congressional-record/volume-163/senate-section/page/S3339</url>
          </link>
        </links>
        <sourceSystem>
          <code>0</code>
          <name>Senate</name>
        </sourceSystem>
        <text>Referred to the Committee on Energy and Natural Resources. (text of measure as introduced: CR S3339)</text>
        <type>IntroReferral</type>
      </item>
      <item>
        <text>Introduced in Senate</text>
        <links />
        <sourceSystem>
          <code>9</code>
          <name>Library of Congress</name>
        </sourceSystem>
        <actionCode>10000</actionCode>
        <type>IntroReferral</type>
        <committee />
        <actionDate>2017-06-07</actionDate>
      </item>
    </actions>
    <sponsors>
      <item>
        <bioguideId>B001236</bioguideId>
        <party>R</party>
        <firstName>John</firstName>
        <middleName />
        <byRequestType />
        <fullName>Sen. Boozman, John [R-AR]</fullName>
        <identifiers>
          <gpoId>8247</gpoId>
          <bioguideId>B001236</bioguideId>
          <lisID>1687</lisID>
        </identifiers>
        <lastName>Boozman</lastName>
        <state>AR</state>
      </item>
    </sponsors>
    <summaries>
      <billSummaries>
        <item>
          <text><![CDATA[<p>Recognizes the Aviation Cadet Museum in Eureka Springs, Arkansas, as the national aviation cadet museum of the United States.</p>]]></text>
          <versionCode>00</versionCode>
          <actionDate>2017-06-07</actionDate>
          <name>Introduced in Senate</name>
          <actionDesc>Introduced in Senate</actionDesc>
          <lastSummaryUpdateDate>2017-07-20T17:06:30Z</lastSummaryUpdateDate>
          <updateDate>2017-06-07T04:00:00Z</updateDate>
        </item>
      </billSummaries>
    </summaries>
    <laws />
    <cosponsors>
      <item>
        <lastName>Cotton</lastName>
        <sponsorshipDate>2017-06-07</sponsorshipDate>
        <party>R</party>
        <state>AR</state>
        <bioguideId>C001095</bioguideId>
        <middleName />
        <sponsorshipWithdrawnDate />
        <fullName>Sen. Cotton, Tom [R-AR]</fullName>
        <firstName>Tom</firstName>
        <isOriginalCosponsor>True</isOriginalCosponsor>
        <identifiers>
          <bioguideId>C001095</bioguideId>
          <lisID>2098</lisID>
          <gpoId />
        </identifiers>
      </item>
    </cosponsors>
  </bill>
  <dublinCore xmlns:dc="http://purl.org/dc/elements/1.1/">
    <dc:format>text/xml</dc:format>
    <dc:language>EN</dc:language>
    <dc:rights>Pursuant to Title 17 Section 105 of the United States Code, this file is not subject to copyright protection and is in the public domain.</dc:rights>
    <dc:contributor>Congressional Research Service, Library of Congress</dc:contributor>
    <dc:description>This file contains bill summaries and statuses for federal legislation. A bill summary describes the most significant provisions of a piece of legislation and details the effects the legislative text may have on current law and federal programs. Bill summaries are authored by the Congressional Research Service (CRS) of the Library of Congress. As stated in Public Law 91-510 (2 USC 166 (d)(6)), one of the duties of CRS is "to prepare summaries and digests of bills and resolutions of a public general nature introduced in the Senate or House of Representatives". For more information, refer to the User Guide that accompanies this file.</dc:description>
  </dublinCore>
</billStatus>

