<?xml version="1.0" encoding="UTF-8"?>
<billStatus>
  <bill>
    <titles>
      <item>
        <chamberCode />
        <title>A resolution providing for members on the part of the Senate of the Joint Committee on Printing and the Joint Committee of Congress on the Library.</title>
        <titleType>Official Title as Introduced</titleType>
        <parentTitleType />
        <chamberName />
      </item>
      <item>
        <chamberCode />
        <title>A resolution providing for members on the part of the Senate of the Joint Committee on Printing and the Joint Committee of Congress on the Library.</title>
        <titleType>Display Title</titleType>
        <parentTitleType />
        <chamberName />
      </item>
    </titles>
    <committeeReports />
    <sponsors>
      <item>
        <firstName>RICHARD</firstName>
        <identifiers>
          <bioguideId>S000320</bioguideId>
          <gpoId>8277</gpoId>
          <lisID>1049</lisID>
        </identifiers>
        <party>R</party>
        <bioguideId>S000320</bioguideId>
        <lastName>SHELBY</lastName>
        <fullName>Sen. Shelby, Richard C. [R-AL]</fullName>
        <byRequestType />
        <middleName>CRAIG</middleName>
        <state>AL</state>
      </item>
    </sponsors>
    <title>A resolution providing for members on the part of the Senate of the Joint Committee on Printing and the Joint Committee of Congress on the Library.</title>
    <actions>
      <actionByCounts>
        <senate>3</senate>
      </actionByCounts>
      <actionTypeCounts>
        <passedAgreedToInSenate>1</passedAgreedToInSenate>
        <passedOrAgreedToInSenateDayOf>1</passedOrAgreedToInSenateDayOf>
        <introducedInSenate>1</introducedInSenate>
      </actionTypeCounts>
      <item>
        <actionDate>2017-03-28</actionDate>
        <committee />
        <links>
          <link>
            <name>S2051</name>
            <url>https://www.congress.gov/congressional-record/volume-163/senate-section/page/S2051</url>
          </link>
        </links>
        <sourceSystem>
          <name>Senate</name>
          <code>0</code>
        </sourceSystem>
        <text>Submitted in the Senate, considered, and agreed to without amendment by Unanimous Consent. (consideration: CR S2051; text as passed Senate: CR S2051)</text>
        <type>Floor</type>
      </item>
      <item>
        <actionDate>2017-03-28</actionDate>
        <text>Passed/agreed to in Senate: Submitted in the Senate, considered, and agreed to without amendment by Unanimous Consent.(consideration: CR S2051; text as passed Senate: CR S2051)</text>
        <sourceSystem>
          <name>Library of Congress</name>
          <code>9</code>
        </sourceSystem>
        <committee />
        <links>
          <link>
            <name>S2051</name>
            <url>https://www.congress.gov/congressional-record/volume-163/senate-section/page/S2051</url>
          </link>
        </links>
        <actionCode>17000</actionCode>
        <type>Floor</type>
      </item>
      <item>
        <actionDate>2017-03-28</actionDate>
        <text>Introduced in Senate</text>
        <sourceSystem>
          <name>Library of Congress</name>
          <code>9</code>
        </sourceSystem>
        <committee />
        <links />
        <actionCode>10000</actionCode>
        <type>IntroReferral</type>
      </item>
    </actions>
    <summaries>
      <billSummaries>
        <item>
          <versionCode>00</versionCode>
          <text><![CDATA[<p>Elects Senate members to the Joint Committee on Printing and the Joint Committee of Congress on the Library. </p>]]></text>
          <actionDesc>Introduced in Senate</actionDesc>
          <actionDate>2017-03-28</actionDate>
          <lastSummaryUpdateDate>2017-04-07T18:35:00Z</lastSummaryUpdateDate>
          <name>Introduced in Senate</name>
          <updateDate>2017-03-28T04:00:00Z</updateDate>
        </item>
        <item>
          <versionCode>82</versionCode>
          <text><![CDATA[<p>(This measure has not been amended since it was introduced. The summary of that version is repeated here.)</p> <p>Elects Senate members to the Joint Committee on Printing and the Joint Committee of Congress on the Library. </p>]]></text>
          <actionDesc>Passed Senate without amendment</actionDesc>
          <actionDate>2017-03-28</actionDate>
          <lastSummaryUpdateDate>2017-04-12T18:08:28Z</lastSummaryUpdateDate>
          <name>Passed Senate without amendment</name>
          <updateDate>2017-03-28T13:05:12Z</updateDate>
        </item>
      </billSummaries>
    </summaries>
    <recordedVotes />
    <billNumber>101</billNumber>
    <calendarNumbers />
    <cosponsors>
      <item>
        <identifiers>
          <lisID>1826</lisID>
          <gpoId>8249</gpoId>
          <bioguideId>K000367</bioguideId>
        </identifiers>
        <bioguideId>K000367</bioguideId>
        <sponsorshipDate>2017-03-28</sponsorshipDate>
        <middleName />
        <fullName>Sen. Klobuchar, Amy [D-MN]</fullName>
        <sponsorshipWithdrawnDate />
        <state>MN</state>
        <party>D</party>
        <firstName>Amy</firstName>
        <isOriginalCosponsor>True</isOriginalCosponsor>
        <lastName>Klobuchar</lastName>
      </item>
    </cosponsors>
    <version>1.0.0</version>
    <subjects>
      <billSubjects>
        <policyArea>
          <name>Congress</name>
        </policyArea>
        <legislativeSubjects>
          <item>
            <name>Congressional committees</name>
          </item>
          <item>
            <name>Joint Committee on Printing</name>
          </item>
          <item>
            <name>Joint Committee on the Library</name>
          </item>
          <item>
            <name>Members of Congress</name>
          </item>
          <item>
            <name>Senate</name>
          </item>
        </legislativeSubjects>
      </billSubjects>
    </subjects>
    <latestAction>
      <text>Submitted in the Senate, considered, and agreed to without amendment by Unanimous Consent. (consideration: CR S2051; text as passed Senate: CR S2051)</text>
      <links />
      <actionDate>2017-03-28</actionDate>
    </latestAction>
    <originChamber>Senate</originChamber>
    <laws />
    <notes />
    <createDate>2017-03-29T05:08:02Z</createDate>
    <billType>SRES</billType>
    <updateDate>2018-02-06T16:44:02Z</updateDate>
    <policyArea>
      <name>Congress</name>
    </policyArea>
    <cboCostEstimates />
    <introducedDate>2017-03-28</introducedDate>
    <amendments />
    <relatedBills />
    <congress>115</congress>
    <committees>
      <billCommittees />
    </committees>
  </bill>
  <dublinCore xmlns:dc="http://purl.org/dc/elements/1.1/">
    <dc:format>text/xml</dc:format>
    <dc:language>EN</dc:language>
    <dc:rights>Pursuant to Title 17 Section 105 of the United States Code, this file is not subject to copyright protection and is in the public domain.</dc:rights>
    <dc:contributor>Congressional Research Service, Library of Congress</dc:contributor>
    <dc:description>This file contains bill summaries and statuses for federal legislation. A bill summary describes the most significant provisions of a piece of legislation and details the effects the legislative text may have on current law and federal programs. Bill summaries are authored by the Congressional Research Service (CRS) of the Library of Congress. As stated in Public Law 91-510 (2 USC 166 (d)(6)), one of the duties of CRS is "to prepare summaries and digests of bills and resolutions of a public general nature introduced in the Senate or House of Representatives". For more information, refer to the User Guide that accompanies this file.</dc:description>
  </dublinCore>
</billStatus>

