<?xml version="1.0" encoding="UTF-8"?>
<billStatus>
  <bill>
    <version>1.0.0</version>
    <notes />
    <relatedBills>
      <item>
        <type>SRES</type>
        <congress>115</congress>
        <number>400</number>
        <relationshipDetails>
          <item>
            <type>Related bill</type>
            <identifiedBy>CRS</identifiedBy>
          </item>
        </relationshipDetails>
        <latestAction>
          <text>Submitted in the Senate, considered, and agreed to without amendment and with a preamble by Unanimous Consent. (consideration: CR S852-853; text: CR S851)</text>
          <actionDate>2018-02-09</actionDate>
        </latestAction>
        <latestTitle>A resolution designating the week beginning February 11, 2018, as "National Tribal Colleges and Universities Week".</latestTitle>
      </item>
    </relatedBills>
    <sponsors>
      <item>
        <bioguideId>H001069</bioguideId>
        <firstName>Heidi</firstName>
        <state>ND</state>
        <party>D</party>
        <fullName>Sen. Heitkamp, Heidi [D-ND]</fullName>
        <identifiers>
          <lisID>2174</lisID>
          <gpoId />
          <bioguideId>H001069</bioguideId>
        </identifiers>
        <byRequestType />
        <lastName>Heitkamp</lastName>
        <middleName />
      </item>
    </sponsors>
    <titles>
      <item>
        <parentTitleType />
        <chamberName />
        <title>A resolution designating the week beginning on February 5, 2017, as "National Tribal Colleges and Universities Week".</title>
        <titleType>Official Title as Introduced</titleType>
        <chamberCode />
      </item>
      <item>
        <parentTitleType />
        <chamberName />
        <title>A resolution designating the week beginning on February 5, 2017, as "National Tribal Colleges and Universities Week".</title>
        <titleType>Display Title</titleType>
        <chamberCode />
      </item>
    </titles>
    <introducedDate>2017-02-01</introducedDate>
    <title>A resolution designating the week beginning on February 5, 2017, as "National Tribal Colleges and Universities Week".</title>
    <committeeReports />
    <createDate>2017-02-02T05:28:47Z</createDate>
    <updateDate>2018-02-16T18:14:02Z</updateDate>
    <cosponsors>
      <item>
        <identifiers>
          <lisID>2050</lisID>
          <gpoId>8113</gpoId>
          <bioguideId>L000575</bioguideId>
        </identifiers>
        <sponsorshipDate>2017-02-01</sponsorshipDate>
        <isOriginalCosponsor>True</isOriginalCosponsor>
        <bioguideId>L000575</bioguideId>
        <middleName />
        <firstName>James</firstName>
        <state>OK</state>
        <lastName>Lankford</lastName>
        <party>R</party>
        <fullName>Sen. Lankford, James [R-OK]</fullName>
        <sponsorshipWithdrawnDate />
      </item>
      <item>
        <identifiers>
          <lisID>1531</lisID>
          <gpoId>8261</gpoId>
          <bioguideId>S000770</bioguideId>
        </identifiers>
        <sponsorshipDate>2017-02-01</sponsorshipDate>
        <isOriginalCosponsor>True</isOriginalCosponsor>
        <bioguideId>S000770</bioguideId>
        <middleName>ANN</middleName>
        <firstName>DEBORAH</firstName>
        <state>MI</state>
        <lastName>STABENOW</lastName>
        <party>D</party>
        <fullName>Sen. Stabenow, Debbie [D-MI]</fullName>
        <sponsorshipWithdrawnDate />
      </item>
      <item>
        <identifiers>
          <lisID>1558</lisID>
          <gpoId>8215</gpoId>
          <bioguideId>B001230</bioguideId>
        </identifiers>
        <sponsorshipDate>2017-02-01</sponsorshipDate>
        <isOriginalCosponsor>True</isOriginalCosponsor>
        <bioguideId>B001230</bioguideId>
        <middleName />
        <firstName>TAMMY</firstName>
        <state>WI</state>
        <lastName>BALDWIN</lastName>
        <party>D</party>
        <fullName>Sen. Baldwin, Tammy [D-WI]</fullName>
        <sponsorshipWithdrawnDate />
      </item>
      <item>
        <identifiers>
          <lisID>2173</lisID>
          <gpoId />
          <bioguideId>S001194</bioguideId>
        </identifiers>
        <sponsorshipDate>2017-02-01</sponsorshipDate>
        <isOriginalCosponsor>True</isOriginalCosponsor>
        <bioguideId>S001194</bioguideId>
        <middleName />
        <firstName>Brian</firstName>
        <state>HI</state>
        <lastName>Schatz</lastName>
        <party>D</party>
        <fullName>Sen. Schatz, Brian [D-HI]</fullName>
        <sponsorshipWithdrawnDate />
      </item>
      <item>
        <identifiers>
          <lisID>1567</lisID>
          <gpoId>8260</gpoId>
          <bioguideId>U000039</bioguideId>
        </identifiers>
        <sponsorshipDate>2017-02-01</sponsorshipDate>
        <isOriginalCosponsor>True</isOriginalCosponsor>
        <bioguideId>U000039</bioguideId>
        <middleName />
        <firstName>TOM</firstName>
        <state>NM</state>
        <lastName>UDALL</lastName>
        <party>D</party>
        <fullName>Sen. Udall, Tom [D-NM]</fullName>
        <sponsorshipWithdrawnDate />
      </item>
      <item>
        <identifiers>
          <lisID>1534</lisID>
          <gpoId>8257</gpoId>
          <bioguideId>T000250</bioguideId>
        </identifiers>
        <sponsorshipDate>2017-02-01</sponsorshipDate>
        <isOriginalCosponsor>True</isOriginalCosponsor>
        <bioguideId>T000250</bioguideId>
        <middleName>R.</middleName>
        <firstName>JOHN</firstName>
        <state>SD</state>
        <lastName>THUNE</lastName>
        <party>R</party>
        <fullName>Sen. Thune, John [R-SD]</fullName>
        <sponsorshipWithdrawnDate />
      </item>
      <item>
        <identifiers>
          <lisID>1507</lisID>
          <gpoId>8307</gpoId>
          <bioguideId>M000934</bioguideId>
        </identifiers>
        <sponsorshipDate>2017-02-01</sponsorshipDate>
        <isOriginalCosponsor>True</isOriginalCosponsor>
        <bioguideId>M000934</bioguideId>
        <middleName />
        <firstName>JERRY</firstName>
        <state>KS</state>
        <lastName>MORAN</lastName>
        <party>R</party>
        <fullName>Sen. Moran, Jerry [R-KS]</fullName>
        <sponsorshipWithdrawnDate />
      </item>
      <item>
        <identifiers>
          <gpoId>8258</gpoId>
          <bioguideId>T000464</bioguideId>
          <lisID>1829</lisID>
        </identifiers>
        <sponsorshipDate>2017-02-01</sponsorshipDate>
        <isOriginalCosponsor>True</isOriginalCosponsor>
        <bioguideId>T000464</bioguideId>
        <middleName />
        <firstName>Jon</firstName>
        <state>MT</state>
        <lastName>Tester</lastName>
        <party>D</party>
        <fullName>Sen. Tester, Jon [D-MT]</fullName>
        <sponsorshipWithdrawnDate />
      </item>
      <item>
        <identifiers>
          <gpoId>8056</gpoId>
          <lisID>1937</lisID>
          <bioguideId>H001046</bioguideId>
        </identifiers>
        <sponsorshipDate>2017-02-01</sponsorshipDate>
        <isOriginalCosponsor>True</isOriginalCosponsor>
        <bioguideId>H001046</bioguideId>
        <middleName />
        <firstName>Martin</firstName>
        <state>NM</state>
        <lastName>Heinrich</lastName>
        <party>D</party>
        <fullName>Sen. Heinrich, Martin [D-NM]</fullName>
        <sponsorshipWithdrawnDate />
      </item>
      <item>
        <identifiers>
          <lisID>2138</lisID>
          <gpoId />
          <bioguideId>D000618</bioguideId>
        </identifiers>
        <sponsorshipDate>2017-02-01</sponsorshipDate>
        <isOriginalCosponsor>True</isOriginalCosponsor>
        <bioguideId>D000618</bioguideId>
        <middleName />
        <firstName>Steve</firstName>
        <state>MT</state>
        <lastName>Daines</lastName>
        <party>R</party>
        <fullName>Sen. Daines, Steve [R-MT]</fullName>
        <sponsorshipWithdrawnDate />
      </item>
      <item>
        <identifiers>
          <bioguideId>H001061</bioguideId>
          <lisID>2079</lisID>
          <gpoId>8331</gpoId>
        </identifiers>
        <sponsorshipDate>2017-02-01</sponsorshipDate>
        <isOriginalCosponsor>True</isOriginalCosponsor>
        <bioguideId>H001061</bioguideId>
        <middleName />
        <firstName>John</firstName>
        <state>ND</state>
        <lastName>Hoeven</lastName>
        <party>R</party>
        <fullName>Sen. Hoeven, John [R-ND]</fullName>
        <sponsorshipWithdrawnDate />
      </item>
      <item>
        <identifiers>
          <gpoId>8249</gpoId>
          <lisID>1826</lisID>
          <bioguideId>K000367</bioguideId>
        </identifiers>
        <sponsorshipDate>2017-02-01</sponsorshipDate>
        <isOriginalCosponsor>True</isOriginalCosponsor>
        <bioguideId>K000367</bioguideId>
        <middleName />
        <firstName>Amy</firstName>
        <state>MN</state>
        <lastName>Klobuchar</lastName>
        <party>D</party>
        <fullName>Sen. Klobuchar, Amy [D-MN]</fullName>
        <sponsorshipWithdrawnDate />
      </item>
      <item>
        <identifiers>
          <lisID>1409</lisID>
          <gpoId>8237</gpoId>
          <bioguideId>M001111</bioguideId>
        </identifiers>
        <sponsorshipDate>2017-02-01</sponsorshipDate>
        <isOriginalCosponsor>True</isOriginalCosponsor>
        <bioguideId>M001111</bioguideId>
        <middleName />
        <firstName>PATTY</firstName>
        <state>WA</state>
        <lastName>MURRAY</lastName>
        <party>D</party>
        <fullName>Sen. Murray, Patty [D-WA]</fullName>
        <sponsorshipWithdrawnDate />
      </item>
      <item>
        <identifiers>
          <lisID>1969</lisID>
          <gpoId>8339</gpoId>
          <bioguideId>F000457</bioguideId>
        </identifiers>
        <sponsorshipDate>2017-02-01</sponsorshipDate>
        <isOriginalCosponsor>True</isOriginalCosponsor>
        <bioguideId>F000457</bioguideId>
        <middleName />
        <firstName>Al</firstName>
        <state>MN</state>
        <lastName>Franken</lastName>
        <party>D</party>
        <fullName>Sen. Franken, Al [D-MN]</fullName>
        <sponsorshipWithdrawnDate />
      </item>
      <item>
        <identifiers>
          <bioguideId>P000595</bioguideId>
          <lisID>1929</lisID>
          <gpoId>7994</gpoId>
        </identifiers>
        <sponsorshipDate>2017-02-01</sponsorshipDate>
        <isOriginalCosponsor>True</isOriginalCosponsor>
        <bioguideId>P000595</bioguideId>
        <middleName>C.</middleName>
        <firstName>Gary</firstName>
        <state>MI</state>
        <lastName>Peters</lastName>
        <party>D</party>
        <fullName>Sen. Peters, Gary C. [D-MI]</fullName>
        <sponsorshipWithdrawnDate />
      </item>
      <item>
        <identifiers>
          <lisID>1844</lisID>
          <gpoId>7913</gpoId>
          <bioguideId>H001042</bioguideId>
        </identifiers>
        <sponsorshipDate>2017-02-01</sponsorshipDate>
        <isOriginalCosponsor>True</isOriginalCosponsor>
        <bioguideId>H001042</bioguideId>
        <middleName>K.</middleName>
        <firstName>Mazie</firstName>
        <state>HI</state>
        <lastName>Hirono</lastName>
        <party>D</party>
        <fullName>Sen. Hirono, Mazie K. [D-HI]</fullName>
        <sponsorshipWithdrawnDate />
      </item>
      <item>
        <identifiers>
          <gpoId>8300</gpoId>
          <bioguideId>B001261</bioguideId>
          <lisID>1881</lisID>
        </identifiers>
        <sponsorshipDate>2017-02-01</sponsorshipDate>
        <isOriginalCosponsor>True</isOriginalCosponsor>
        <bioguideId>B001261</bioguideId>
        <middleName />
        <firstName>John</firstName>
        <state>WY</state>
        <lastName>Barrasso</lastName>
        <party>R</party>
        <fullName>Sen. Barrasso, John [R-WY]</fullName>
        <sponsorshipWithdrawnDate />
      </item>
    </cosponsors>
    <calendarNumbers />
    <billNumber>40</billNumber>
    <laws />
    <latestAction>
      <actionDate>2017-02-01</actionDate>
      <links />
      <text>Submitted in the Senate, considered, and agreed to without amendment and with a preamble by Unanimous Consent. (consideration: CR S604; text as passed Senate: CR S603)</text>
    </latestAction>
    <committees>
      <billCommittees />
    </committees>
    <recordedVotes />
    <actions>
      <item>
        <actionDate>2017-02-01</actionDate>
        <committee />
        <links>
          <link>
            <name>S603</name>
            <url>https://www.congress.gov/congressional-record/volume-163/senate-section/page/S603</url>
          </link>
          <link>
            <name>S604</name>
            <url>https://www.congress.gov/congressional-record/volume-163/senate-section/page/S604</url>
          </link>
        </links>
        <sourceSystem>
          <code>0</code>
          <name>Senate</name>
        </sourceSystem>
        <text>Submitted in the Senate, considered, and agreed to without amendment and with a preamble by Unanimous Consent. (consideration: CR S604; text as passed Senate: CR S603)</text>
        <type>Floor</type>
      </item>
      <item>
        <text>Passed/agreed to in Senate: Submitted in the Senate, considered, and agreed to without amendment and with a preamble by Unanimous Consent.(consideration: CR S604; text as passed Senate: CR S603)</text>
        <links>
          <link>
            <name>S603</name>
            <url>https://www.congress.gov/congressional-record/volume-163/senate-section/page/S603</url>
          </link>
          <link>
            <name>S604</name>
            <url>https://www.congress.gov/congressional-record/volume-163/senate-section/page/S604</url>
          </link>
        </links>
        <actionDate>2017-02-01</actionDate>
        <actionCode>17000</actionCode>
        <sourceSystem>
          <code>9</code>
          <name>Library of Congress</name>
        </sourceSystem>
        <type>Floor</type>
        <committee />
      </item>
      <item>
        <text>Introduced in Senate</text>
        <links />
        <actionDate>2017-02-01</actionDate>
        <actionCode>10000</actionCode>
        <sourceSystem>
          <code>9</code>
          <name>Library of Congress</name>
        </sourceSystem>
        <type>IntroReferral</type>
        <committee />
      </item>
      <actionByCounts>
        <senate>3</senate>
      </actionByCounts>
      <actionTypeCounts>
        <passedAgreedToInSenate>1</passedAgreedToInSenate>
        <introducedInSenate>1</introducedInSenate>
        <passedOrAgreedToInSenateDayOf>1</passedOrAgreedToInSenateDayOf>
      </actionTypeCounts>
    </actions>
    <cboCostEstimates />
    <congress>115</congress>
    <policyArea>
      <name>Native Americans</name>
    </policyArea>
    <summaries>
      <billSummaries>
        <item>
          <actionDate>2017-02-01</actionDate>
          <versionCode>00</versionCode>
          <name>Introduced in Senate</name>
          <actionDesc>Introduced in Senate</actionDesc>
          <text><![CDATA[<p>Designates the week beginning on February 5, 2017, as National Tribal Colleges and Universities Week.</p>]]></text>
          <updateDate>2017-02-01T05:00:00Z</updateDate>
          <lastSummaryUpdateDate>2017-02-07T19:28:07Z</lastSummaryUpdateDate>
        </item>
        <item>
          <actionDate>2017-02-01</actionDate>
          <versionCode>82</versionCode>
          <name>Passed Senate without amendment</name>
          <actionDesc>Passed Senate without amendment</actionDesc>
          <text><![CDATA[<p>(This measure has not been amended since it was introduced. The summary of that version is repeated here.)</p> <p>Designates the week beginning on February 5, 2017, as National Tribal Colleges and Universities Week.</p>]]></text>
          <updateDate>2017-02-01T19:01:21Z</updateDate>
          <lastSummaryUpdateDate>2017-03-06T19:15:17Z</lastSummaryUpdateDate>
        </item>
      </billSummaries>
    </summaries>
    <originChamber>Senate</originChamber>
    <billType>SRES</billType>
    <amendments />
    <subjects>
      <billSubjects>
        <legislativeSubjects>
          <item>
            <name>Commemorative events and holidays</name>
          </item>
          <item>
            <name>Higher education</name>
          </item>
          <item>
            <name>Indian social and development programs</name>
          </item>
          <item>
            <name>Minority education</name>
          </item>
        </legislativeSubjects>
        <policyArea>
          <name>Native Americans</name>
        </policyArea>
      </billSubjects>
    </subjects>
  </bill>
  <dublinCore xmlns:dc="http://purl.org/dc/elements/1.1/">
    <dc:format>text/xml</dc:format>
    <dc:language>EN</dc:language>
    <dc:rights>Pursuant to Title 17 Section 105 of the United States Code, this file is not subject to copyright protection and is in the public domain.</dc:rights>
    <dc:contributor>Congressional Research Service, Library of Congress</dc:contributor>
    <dc:description>This file contains bill summaries and statuses for federal legislation. A bill summary describes the most significant provisions of a piece of legislation and details the effects the legislative text may have on current law and federal programs. Bill summaries are authored by the Congressional Research Service (CRS) of the Library of Congress. As stated in Public Law 91-510 (2 USC 166 (d)(6)), one of the duties of CRS is "to prepare summaries and digests of bills and resolutions of a public general nature introduced in the Senate or House of Representatives". For more information, refer to the User Guide that accompanies this file.</dc:description>
  </dublinCore>
</billStatus>

