<?xml version="1.0" encoding="UTF-8"?>
<billStatus>
  <bill>
    <sponsors>
      <item>
        <fullName>Sen. Johnson, Ron [R-WI]</fullName>
        <lastName>Johnson</lastName>
        <bioguideId>J000293</bioguideId>
        <party>R</party>
        <middleName />
        <state>WI</state>
        <firstName>Ron</firstName>
        <byRequestType />
        <identifiers>
          <lisID>2086</lisID>
          <bioguideId>J000293</bioguideId>
          <gpoId>8355</gpoId>
        </identifiers>
      </item>
    </sponsors>
    <laws />
    <version>1.0.0</version>
    <introducedDate>2017-12-01</introducedDate>
    <cboCostEstimates />
    <titles>
      <item>
        <parentTitleType />
        <chamberCode />
        <chamberName />
        <titleType>Official Title as Introduced</titleType>
        <title>A resolution recognizing the importance and effectiveness of trauma-informed care.</title>
      </item>
      <item>
        <parentTitleType />
        <chamberCode />
        <chamberName />
        <titleType>Display Title</titleType>
        <title>A resolution recognizing the importance and effectiveness of trauma-informed care.</title>
      </item>
    </titles>
    <amendments />
    <recordedVotes />
    <relatedBills>
      <item>
        <type>HRES</type>
        <latestAction>
          <text>Referred to the Subcommittee on Health.</text>
          <actionDate>2017-07-14</actionDate>
        </latestAction>
        <latestTitle>Recognizing the importance and effectiveness of trauma-informed care.</latestTitle>
        <relationshipDetails>
          <item>
            <type>Related bill</type>
            <identifiedBy>CRS</identifiedBy>
          </item>
        </relationshipDetails>
        <congress>115</congress>
        <number>443</number>
      </item>
    </relatedBills>
    <congress>115</congress>
    <billType>SRES</billType>
    <actions>
      <actionByCounts>
        <senate>2</senate>
      </actionByCounts>
      <item>
        <actionDate>2017-12-01</actionDate>
        <committee>
          <name>Health, Education, Labor, and Pensions Committee</name>
          <systemCode>sshr00</systemCode>
        </committee>
        <links>
          <link>
            <name>S7719</name>
            <url>https://www.congress.gov/congressional-record/volume-163/senate-section/page/S7719</url>
          </link>
        </links>
        <sourceSystem>
          <name>Senate</name>
          <code>0</code>
        </sourceSystem>
        <text>Referred to the Committee on Health, Education, Labor, and Pensions. (text of measure as introduced: CR S7719)</text>
        <type>IntroReferral</type>
      </item>
      <item>
        <text>Introduced in Senate</text>
        <type>IntroReferral</type>
        <sourceSystem>
          <name>Library of Congress</name>
          <code>9</code>
        </sourceSystem>
        <committee />
        <actionCode>10000</actionCode>
        <actionDate>2017-12-01</actionDate>
        <links />
      </item>
      <actionTypeCounts>
        <referredToCommittee>1</referredToCommittee>
        <introducedInSenate>1</introducedInSenate>
      </actionTypeCounts>
    </actions>
    <notes />
    <originChamber>Senate</originChamber>
    <title>A resolution recognizing the importance and effectiveness of trauma-informed care.</title>
    <billNumber>346</billNumber>
    <cosponsors>
      <item>
        <lastName>Heitkamp</lastName>
        <sponsorshipDate>2017-12-01</sponsorshipDate>
        <party>D</party>
        <state>ND</state>
        <bioguideId>H001069</bioguideId>
        <middleName />
        <sponsorshipWithdrawnDate />
        <fullName>Sen. Heitkamp, Heidi [D-ND]</fullName>
        <firstName>Heidi</firstName>
        <isOriginalCosponsor>True</isOriginalCosponsor>
        <identifiers>
          <gpoId />
          <lisID>2174</lisID>
          <bioguideId>H001069</bioguideId>
        </identifiers>
      </item>
      <item>
        <lastName>Boozman</lastName>
        <sponsorshipDate>2017-12-01</sponsorshipDate>
        <party>R</party>
        <state>AR</state>
        <bioguideId>B001236</bioguideId>
        <middleName />
        <sponsorshipWithdrawnDate />
        <fullName>Sen. Boozman, John [R-AR]</fullName>
        <firstName>John</firstName>
        <isOriginalCosponsor>True</isOriginalCosponsor>
        <identifiers>
          <lisID>1687</lisID>
          <bioguideId>B001236</bioguideId>
          <gpoId>8247</gpoId>
        </identifiers>
      </item>
      <item>
        <lastName>BALDWIN</lastName>
        <sponsorshipDate>2017-12-01</sponsorshipDate>
        <party>D</party>
        <state>WI</state>
        <bioguideId>B001230</bioguideId>
        <middleName />
        <sponsorshipWithdrawnDate />
        <fullName>Sen. Baldwin, Tammy [D-WI]</fullName>
        <firstName>TAMMY</firstName>
        <isOriginalCosponsor>True</isOriginalCosponsor>
        <identifiers>
          <lisID>1558</lisID>
          <gpoId>8215</gpoId>
          <bioguideId>B001230</bioguideId>
        </identifiers>
      </item>
      <item>
        <lastName>Warren</lastName>
        <sponsorshipDate>2017-12-12</sponsorshipDate>
        <party>D</party>
        <state>MA</state>
        <bioguideId>W000817</bioguideId>
        <middleName>A.</middleName>
        <sponsorshipWithdrawnDate />
        <fullName>Sen. Warren, Elizabeth [D-MA]</fullName>
        <firstName>Elizabeth</firstName>
        <isOriginalCosponsor>False</isOriginalCosponsor>
        <identifiers>
          <gpoId />
          <lisID>2182</lisID>
          <bioguideId>W000817</bioguideId>
        </identifiers>
      </item>
    </cosponsors>
    <summaries>
      <billSummaries>
        <item>
          <versionCode>00</versionCode>
          <actionDate>2017-12-01</actionDate>
          <updateDate>2017-12-01T05:00:00Z</updateDate>
          <text><![CDATA[<p>Recognizes the importance, effectiveness, and need for trauma-informed care among existing federal programs and agencies. (Trauma-informed care takes into account a patient's history of trauma in the design of the patient's treatment.) Encourages the use of trauma-informed care within the federal government.</p> <p>Expresses support for the designation of May 2018 as National Trauma Awareness Month, and May 22, 2018, as&nbsp;National Trauma-Informed Awareness Day.</p>]]></text>
          <actionDesc>Introduced in Senate</actionDesc>
          <name>Introduced in Senate</name>
          <lastSummaryUpdateDate>2017-12-18T20:02:23Z</lastSummaryUpdateDate>
        </item>
      </billSummaries>
    </summaries>
    <policyArea>
      <name>Health</name>
    </policyArea>
    <latestAction>
      <links />
      <actionDate>2017-12-01</actionDate>
      <text>Referred to the Committee on Health, Education, Labor, and Pensions. (text of measure as introduced: CR S7719)</text>
    </latestAction>
    <updateDate>2018-02-06T16:44:17Z</updateDate>
    <committees>
      <billCommittees>
        <item>
          <type>Standing</type>
          <systemCode>sshr00</systemCode>
          <subcommittees />
          <activities>
            <item>
              <date>2017-12-01T22:42:38Z</date>
              <name>Referred to</name>
            </item>
          </activities>
          <chamber>Senate</chamber>
          <name>Health, Education, Labor, and Pensions Committee</name>
        </item>
      </billCommittees>
    </committees>
    <createDate>2017-12-02T00:41:12Z</createDate>
    <subjects>
      <billSubjects>
        <policyArea>
          <name>Health</name>
        </policyArea>
        <legislativeSubjects />
      </billSubjects>
    </subjects>
    <committeeReports />
    <calendarNumbers />
  </bill>
  <dublinCore xmlns:dc="http://purl.org/dc/elements/1.1/">
    <dc:format>text/xml</dc:format>
    <dc:language>EN</dc:language>
    <dc:rights>Pursuant to Title 17 Section 105 of the United States Code, this file is not subject to copyright protection and is in the public domain.</dc:rights>
    <dc:contributor>Congressional Research Service, Library of Congress</dc:contributor>
    <dc:description>This file contains bill summaries and statuses for federal legislation. A bill summary describes the most significant provisions of a piece of legislation and details the effects the legislative text may have on current law and federal programs. Bill summaries are authored by the Congressional Research Service (CRS) of the Library of Congress. As stated in Public Law 91-510 (2 USC 166 (d)(6)), one of the duties of CRS is "to prepare summaries and digests of bills and resolutions of a public general nature introduced in the Senate or House of Representatives". For more information, refer to the User Guide that accompanies this file.</dc:description>
  </dublinCore>
</billStatus>

