<?xml version="1.0" encoding="UTF-8"?>
<billStatus>
  <bill>
    <policyArea>
      <name>Native Americans</name>
    </policyArea>
    <committeeReports />
    <congress>115</congress>
    <sponsors>
      <item>
        <identifiers>
          <bioguideId>H001061</bioguideId>
          <lisID>2079</lisID>
          <gpoId>8331</gpoId>
        </identifiers>
        <middleName />
        <byRequestType />
        <fullName>Sen. Hoeven, John [R-ND]</fullName>
        <bioguideId>H001061</bioguideId>
        <state>ND</state>
        <party>R</party>
        <firstName>John</firstName>
        <lastName>Hoeven</lastName>
      </item>
    </sponsors>
    <calendarNumbers />
    <amendments />
    <relatedBills />
    <notes />
    <originChamber>Senate</originChamber>
    <version>1.0.0</version>
    <billNumber>316</billNumber>
    <title>A resolution recognizing National Native American Heritage Month and celebrating the heritages and cultures of Native Americans and the contributions of Native Americans to the United States.</title>
    <cosponsors>
      <item>
        <isOriginalCosponsor>True</isOriginalCosponsor>
        <fullName>Sen. Udall, Tom [D-NM]</fullName>
        <firstName>TOM</firstName>
        <identifiers>
          <lisID>1567</lisID>
          <gpoId>8260</gpoId>
          <bioguideId>U000039</bioguideId>
        </identifiers>
        <party>D</party>
        <sponsorshipDate>2017-10-31</sponsorshipDate>
        <lastName>UDALL</lastName>
        <bioguideId>U000039</bioguideId>
        <state>NM</state>
        <middleName />
        <sponsorshipWithdrawnDate />
      </item>
      <item>
        <isOriginalCosponsor>True</isOriginalCosponsor>
        <fullName>Sen. Barrasso, John [R-WY]</fullName>
        <firstName>John</firstName>
        <identifiers>
          <lisID>1881</lisID>
          <gpoId>8300</gpoId>
          <bioguideId>B001261</bioguideId>
        </identifiers>
        <party>R</party>
        <sponsorshipDate>2017-10-31</sponsorshipDate>
        <lastName>Barrasso</lastName>
        <bioguideId>B001261</bioguideId>
        <state>WY</state>
        <middleName />
        <sponsorshipWithdrawnDate />
      </item>
      <item>
        <isOriginalCosponsor>True</isOriginalCosponsor>
        <fullName>Sen. Thune, John [R-SD]</fullName>
        <firstName>JOHN</firstName>
        <identifiers>
          <gpoId>8257</gpoId>
          <lisID>1534</lisID>
          <bioguideId>T000250</bioguideId>
        </identifiers>
        <party>R</party>
        <sponsorshipDate>2017-10-31</sponsorshipDate>
        <lastName>THUNE</lastName>
        <bioguideId>T000250</bioguideId>
        <state>SD</state>
        <middleName>R.</middleName>
        <sponsorshipWithdrawnDate />
      </item>
      <item>
        <isOriginalCosponsor>True</isOriginalCosponsor>
        <fullName>Sen. Heitkamp, Heidi [D-ND]</fullName>
        <firstName>Heidi</firstName>
        <identifiers>
          <lisID>2174</lisID>
          <gpoId />
          <bioguideId>H001069</bioguideId>
        </identifiers>
        <party>D</party>
        <sponsorshipDate>2017-10-31</sponsorshipDate>
        <lastName>Heitkamp</lastName>
        <bioguideId>H001069</bioguideId>
        <state>ND</state>
        <middleName />
        <sponsorshipWithdrawnDate />
      </item>
      <item>
        <isOriginalCosponsor>True</isOriginalCosponsor>
        <fullName>Sen. Wyden, Ron [D-OR]</fullName>
        <firstName>RON</firstName>
        <identifiers>
          <bioguideId>W000779</bioguideId>
          <gpoId>8265</gpoId>
          <lisID>1247</lisID>
        </identifiers>
        <party>D</party>
        <sponsorshipDate>2017-10-31</sponsorshipDate>
        <lastName>WYDEN</lastName>
        <bioguideId>W000779</bioguideId>
        <state>OR</state>
        <middleName />
        <sponsorshipWithdrawnDate />
      </item>
      <item>
        <isOriginalCosponsor>True</isOriginalCosponsor>
        <fullName>Sen. Murray, Patty [D-WA]</fullName>
        <firstName>PATTY</firstName>
        <identifiers>
          <gpoId>8237</gpoId>
          <lisID>1409</lisID>
          <bioguideId>M001111</bioguideId>
        </identifiers>
        <party>D</party>
        <sponsorshipDate>2017-10-31</sponsorshipDate>
        <lastName>MURRAY</lastName>
        <bioguideId>M001111</bioguideId>
        <state>WA</state>
        <middleName />
        <sponsorshipWithdrawnDate />
      </item>
      <item>
        <isOriginalCosponsor>True</isOriginalCosponsor>
        <fullName>Sen. Daines, Steve [R-MT]</fullName>
        <firstName>Steve</firstName>
        <identifiers>
          <lisID>2138</lisID>
          <gpoId />
          <bioguideId>D000618</bioguideId>
        </identifiers>
        <party>R</party>
        <sponsorshipDate>2017-10-31</sponsorshipDate>
        <lastName>Daines</lastName>
        <bioguideId>D000618</bioguideId>
        <state>MT</state>
        <middleName />
        <sponsorshipWithdrawnDate />
      </item>
      <item>
        <isOriginalCosponsor>True</isOriginalCosponsor>
        <fullName>Sen. Lankford, James [R-OK]</fullName>
        <firstName>James</firstName>
        <identifiers>
          <gpoId>8113</gpoId>
          <lisID>2050</lisID>
          <bioguideId>L000575</bioguideId>
        </identifiers>
        <party>R</party>
        <sponsorshipDate>2017-10-31</sponsorshipDate>
        <lastName>Lankford</lastName>
        <bioguideId>L000575</bioguideId>
        <state>OK</state>
        <middleName />
        <sponsorshipWithdrawnDate />
      </item>
      <item>
        <isOriginalCosponsor>True</isOriginalCosponsor>
        <fullName>Sen. Hirono, Mazie K. [D-HI]</fullName>
        <firstName>Mazie</firstName>
        <identifiers>
          <lisID>1844</lisID>
          <bioguideId>H001042</bioguideId>
          <gpoId>7913</gpoId>
        </identifiers>
        <party>D</party>
        <sponsorshipDate>2017-10-31</sponsorshipDate>
        <lastName>Hirono</lastName>
        <bioguideId>H001042</bioguideId>
        <state>HI</state>
        <middleName>K.</middleName>
        <sponsorshipWithdrawnDate />
      </item>
      <item>
        <isOriginalCosponsor>True</isOriginalCosponsor>
        <fullName>Sen. Moran, Jerry [R-KS]</fullName>
        <firstName>JERRY</firstName>
        <identifiers>
          <bioguideId>M000934</bioguideId>
          <lisID>1507</lisID>
          <gpoId>8307</gpoId>
        </identifiers>
        <party>R</party>
        <sponsorshipDate>2017-10-31</sponsorshipDate>
        <lastName>MORAN</lastName>
        <bioguideId>M000934</bioguideId>
        <state>KS</state>
        <middleName />
        <sponsorshipWithdrawnDate />
      </item>
      <item>
        <isOriginalCosponsor>True</isOriginalCosponsor>
        <fullName>Sen. Heller, Dean [R-NV]</fullName>
        <firstName>Dean</firstName>
        <identifiers>
          <bioguideId>H001041</bioguideId>
          <gpoId>8060</gpoId>
          <lisID>1863</lisID>
        </identifiers>
        <party>R</party>
        <sponsorshipDate>2017-10-31</sponsorshipDate>
        <lastName>Heller</lastName>
        <bioguideId>H001041</bioguideId>
        <state>NV</state>
        <middleName />
        <sponsorshipWithdrawnDate />
      </item>
      <item>
        <isOriginalCosponsor>True</isOriginalCosponsor>
        <fullName>Sen. Klobuchar, Amy [D-MN]</fullName>
        <firstName>Amy</firstName>
        <identifiers>
          <lisID>1826</lisID>
          <bioguideId>K000367</bioguideId>
          <gpoId>8249</gpoId>
        </identifiers>
        <party>D</party>
        <sponsorshipDate>2017-10-31</sponsorshipDate>
        <lastName>Klobuchar</lastName>
        <bioguideId>K000367</bioguideId>
        <state>MN</state>
        <middleName />
        <sponsorshipWithdrawnDate />
      </item>
      <item>
        <isOriginalCosponsor>True</isOriginalCosponsor>
        <fullName>Sen. Cantwell, Maria [D-WA]</fullName>
        <firstName>MARIA</firstName>
        <identifiers>
          <lisID>172</lisID>
          <bioguideId>C000127</bioguideId>
          <gpoId>8288</gpoId>
        </identifiers>
        <party>D</party>
        <sponsorshipDate>2017-10-31</sponsorshipDate>
        <lastName>CANTWELL</lastName>
        <bioguideId>C000127</bioguideId>
        <state>WA</state>
        <middleName />
        <sponsorshipWithdrawnDate />
      </item>
      <item>
        <isOriginalCosponsor>True</isOriginalCosponsor>
        <fullName>Sen. Merkley, Jeff [D-OR]</fullName>
        <firstName>Jeff</firstName>
        <identifiers>
          <bioguideId>M001176</bioguideId>
          <gpoId>8238</gpoId>
          <lisID>1900</lisID>
        </identifiers>
        <party>D</party>
        <sponsorshipDate>2017-10-31</sponsorshipDate>
        <lastName>Merkley</lastName>
        <bioguideId>M001176</bioguideId>
        <state>OR</state>
        <middleName />
        <sponsorshipWithdrawnDate />
      </item>
      <item>
        <isOriginalCosponsor>True</isOriginalCosponsor>
        <fullName>Sen. Tillis, Thom [R-NC]</fullName>
        <firstName>Thomas</firstName>
        <identifiers>
          <lisID>2291</lisID>
          <bioguideId>T000476</bioguideId>
          <gpoId />
        </identifiers>
        <party>R</party>
        <sponsorshipDate>2017-10-31</sponsorshipDate>
        <lastName>Tillis</lastName>
        <bioguideId>T000476</bioguideId>
        <state>NC</state>
        <middleName>Roland</middleName>
        <sponsorshipWithdrawnDate />
      </item>
      <item>
        <isOriginalCosponsor>True</isOriginalCosponsor>
        <fullName>Sen. King, Angus S., Jr. [I-ME]</fullName>
        <firstName>Angus</firstName>
        <identifiers>
          <lisID>2185</lisID>
          <bioguideId>K000383</bioguideId>
          <gpoId />
        </identifiers>
        <party>I</party>
        <sponsorshipDate>2017-10-31</sponsorshipDate>
        <lastName>King</lastName>
        <bioguideId>K000383</bioguideId>
        <state>ME</state>
        <middleName />
        <sponsorshipWithdrawnDate />
      </item>
      <item>
        <isOriginalCosponsor>True</isOriginalCosponsor>
        <fullName>Sen. Franken, Al [D-MN]</fullName>
        <firstName>Al</firstName>
        <identifiers>
          <lisID>1969</lisID>
          <bioguideId>F000457</bioguideId>
          <gpoId>8339</gpoId>
        </identifiers>
        <party>D</party>
        <sponsorshipDate>2017-10-31</sponsorshipDate>
        <lastName>Franken</lastName>
        <bioguideId>F000457</bioguideId>
        <state>MN</state>
        <middleName />
        <sponsorshipWithdrawnDate />
      </item>
      <item>
        <isOriginalCosponsor>True</isOriginalCosponsor>
        <fullName>Sen. Rounds, Mike  [R-SD]</fullName>
        <firstName>Mike</firstName>
        <identifiers>
          <lisID>2288</lisID>
          <gpoId />
          <bioguideId>R000605</bioguideId>
        </identifiers>
        <party>R</party>
        <sponsorshipDate>2017-10-31</sponsorshipDate>
        <lastName>Rounds</lastName>
        <bioguideId>R000605</bioguideId>
        <state>SD</state>
        <middleName />
        <sponsorshipWithdrawnDate />
      </item>
      <item>
        <isOriginalCosponsor>True</isOriginalCosponsor>
        <fullName>Sen. Tester, Jon [D-MT]</fullName>
        <firstName>Jon</firstName>
        <identifiers>
          <lisID>1829</lisID>
          <bioguideId>T000464</bioguideId>
          <gpoId>8258</gpoId>
        </identifiers>
        <party>D</party>
        <sponsorshipDate>2017-10-31</sponsorshipDate>
        <lastName>Tester</lastName>
        <bioguideId>T000464</bioguideId>
        <state>MT</state>
        <middleName />
        <sponsorshipWithdrawnDate />
      </item>
      <item>
        <isOriginalCosponsor>True</isOriginalCosponsor>
        <fullName>Sen. Stabenow, Debbie [D-MI]</fullName>
        <firstName>DEBORAH</firstName>
        <identifiers>
          <lisID>1531</lisID>
          <gpoId>8261</gpoId>
          <bioguideId>S000770</bioguideId>
        </identifiers>
        <party>D</party>
        <sponsorshipDate>2017-10-31</sponsorshipDate>
        <lastName>STABENOW</lastName>
        <bioguideId>S000770</bioguideId>
        <state>MI</state>
        <middleName>ANN</middleName>
        <sponsorshipWithdrawnDate />
      </item>
      <item>
        <isOriginalCosponsor>True</isOriginalCosponsor>
        <fullName>Sen. Heinrich, Martin [D-NM]</fullName>
        <firstName>Martin</firstName>
        <identifiers>
          <gpoId>8056</gpoId>
          <lisID>1937</lisID>
          <bioguideId>H001046</bioguideId>
        </identifiers>
        <party>D</party>
        <sponsorshipDate>2017-10-31</sponsorshipDate>
        <lastName>Heinrich</lastName>
        <bioguideId>H001046</bioguideId>
        <state>NM</state>
        <middleName />
        <sponsorshipWithdrawnDate />
      </item>
    </cosponsors>
    <subjects>
      <billSubjects>
        <legislativeSubjects>
          <item>
            <name>Commemorative events and holidays</name>
          </item>
        </legislativeSubjects>
        <policyArea>
          <name>Native Americans</name>
        </policyArea>
      </billSubjects>
    </subjects>
    <laws />
    <actions>
      <actionTypeCounts>
        <passedOrAgreedToInSenateDayOf>1</passedOrAgreedToInSenateDayOf>
        <introducedInSenate>1</introducedInSenate>
        <passedAgreedToInSenate>1</passedAgreedToInSenate>
      </actionTypeCounts>
      <item>
        <actionDate>2017-10-31</actionDate>
        <committee />
        <links>
          <link>
            <url>https://www.congress.gov/congressional-record/volume-163/senate-section/page/S6930</url>
            <name>S6930</name>
          </link>
          <link>
            <url>https://www.congress.gov/congressional-record/volume-163/senate-section/page/S6931</url>
            <name>S6931</name>
          </link>
        </links>
        <sourceSystem>
          <name>Senate</name>
          <code>0</code>
        </sourceSystem>
        <text>Submitted in the Senate, considered, and agreed to without amendment and with a preamble by Unanimous Consent. (consideration: CR S6931; text: CR S6930)</text>
        <type>Floor</type>
      </item>
      <item>
        <text>Passed/agreed to in Senate: Submitted in the Senate, considered, and agreed to without amendment and with a preamble by Unanimous Consent.(consideration: CR S6931; text: CR S6930)</text>
        <links>
          <link>
            <url>https://www.congress.gov/congressional-record/volume-163/senate-section/page/S6930</url>
            <name>S6930</name>
          </link>
          <link>
            <url>https://www.congress.gov/congressional-record/volume-163/senate-section/page/S6931</url>
            <name>S6931</name>
          </link>
        </links>
        <actionDate>2017-10-31</actionDate>
        <committee />
        <sourceSystem>
          <name>Library of Congress</name>
          <code>9</code>
        </sourceSystem>
        <type>Floor</type>
        <actionCode>17000</actionCode>
      </item>
      <item>
        <text>Introduced in Senate</text>
        <links />
        <actionDate>2017-10-31</actionDate>
        <committee />
        <sourceSystem>
          <name>Library of Congress</name>
          <code>9</code>
        </sourceSystem>
        <type>IntroReferral</type>
        <actionCode>10000</actionCode>
      </item>
      <actionByCounts>
        <senate>3</senate>
      </actionByCounts>
    </actions>
    <titles>
      <item>
        <chamberCode />
        <chamberName />
        <parentTitleType />
        <titleType>Official Title as Introduced</titleType>
        <title>A resolution recognizing National Native American Heritage Month and celebrating the heritages and cultures of Native Americans and the contributions of Native Americans to the United States.</title>
      </item>
      <item>
        <chamberCode />
        <chamberName />
        <parentTitleType />
        <titleType>Display Title</titleType>
        <title>A resolution recognizing National Native American Heritage Month and celebrating the heritages and cultures of Native Americans and the contributions of Native Americans to the United States.</title>
      </item>
    </titles>
    <summaries>
      <billSummaries>
        <item>
          <versionCode>00</versionCode>
          <updateDate>2017-10-31T04:00:00Z</updateDate>
          <actionDesc>Introduced in Senate</actionDesc>
          <lastSummaryUpdateDate>2017-11-08T16:06:40Z</lastSummaryUpdateDate>
          <actionDate>2017-10-31</actionDate>
          <name>Introduced in Senate</name>
          <text><![CDATA[<p>Recognizes November 2017 as National Native American Heritage Month and the Friday after Thanksgiving as Native American Heritage Day. </p>]]></text>
        </item>
        <item>
          <versionCode>82</versionCode>
          <updateDate>2017-10-31T13:32:54Z</updateDate>
          <actionDesc>Passed Senate without amendment</actionDesc>
          <lastSummaryUpdateDate>2017-11-13T15:58:54Z</lastSummaryUpdateDate>
          <actionDate>2017-10-31</actionDate>
          <name>Passed Senate without amendment</name>
          <text><![CDATA[<p>(This measure has not been amended since it was introduced. The summary of that version is repeated here.)</p> <p>Recognizes November 2017 as National Native American Heritage Month and the Friday after Thanksgiving as Native American Heritage Day. </p>]]></text>
        </item>
      </billSummaries>
    </summaries>
    <committees>
      <billCommittees />
    </committees>
    <introducedDate>2017-10-31</introducedDate>
    <updateDate>2018-02-06T16:44:16Z</updateDate>
    <cboCostEstimates />
    <recordedVotes />
    <billType>SRES</billType>
    <createDate>2017-11-01T00:41:20Z</createDate>
    <latestAction>
      <text>Submitted in the Senate, considered, and agreed to without amendment and with a preamble by Unanimous Consent. (consideration: CR S6931; text: CR S6930)</text>
      <links />
      <actionDate>2017-10-31</actionDate>
    </latestAction>
  </bill>
  <dublinCore xmlns:dc="http://purl.org/dc/elements/1.1/">
    <dc:format>text/xml</dc:format>
    <dc:language>EN</dc:language>
    <dc:rights>Pursuant to Title 17 Section 105 of the United States Code, this file is not subject to copyright protection and is in the public domain.</dc:rights>
    <dc:contributor>Congressional Research Service, Library of Congress</dc:contributor>
    <dc:description>This file contains bill summaries and statuses for federal legislation. A bill summary describes the most significant provisions of a piece of legislation and details the effects the legislative text may have on current law and federal programs. Bill summaries are authored by the Congressional Research Service (CRS) of the Library of Congress. As stated in Public Law 91-510 (2 USC 166 (d)(6)), one of the duties of CRS is "to prepare summaries and digests of bills and resolutions of a public general nature introduced in the Senate or House of Representatives". For more information, refer to the User Guide that accompanies this file.</dc:description>
  </dublinCore>
</billStatus>

