<?xml version="1.0" encoding="UTF-8"?>
<billStatus>
  <bill>
    <cboCostEstimates />
    <summaries>
      <billSummaries>
        <item>
          <updateDate>2017-02-15T05:00:00Z</updateDate>
          <text><![CDATA[<p>Calls upon: (1) the Defense POW/MIA Accounting Agency, other elements of the Department of Defense and the federal government, and all foreign governments to intensify efforts to investigate, recover, identify and account for all missing and unaccounted-for U.S. personnel; and (2) all foreign governments with information on missing U.S. personnel, or with missing U.S. personnel within their territories, to cooperate fully with the U.S. government to provide the fullest possible accounting for all missing U.S. personnel.</p>]]></text>
          <name>Introduced in Senate</name>
          <lastSummaryUpdateDate>2017-02-22T16:44:39Z</lastSummaryUpdateDate>
          <versionCode>00</versionCode>
          <actionDesc>Introduced in Senate</actionDesc>
          <actionDate>2017-02-15</actionDate>
        </item>
      </billSummaries>
    </summaries>
    <billNumber>61</billNumber>
    <actions>
      <item>
        <actionDate>2017-02-15</actionDate>
        <committee>
          <systemCode>ssfr00</systemCode>
          <name>Foreign Relations Committee</name>
        </committee>
        <links>
          <link>
            <url>https://www.congress.gov/congressional-record/volume-163/senate-section/page/S1220-1221</url>
            <name>S1220-1221</name>
          </link>
        </links>
        <sourceSystem>
          <code>0</code>
          <name>Senate</name>
        </sourceSystem>
        <text>Referred to the Committee on Foreign Relations. (text of measure as introduced: CR S1220-1221)</text>
        <type>IntroReferral</type>
      </item>
      <item>
        <actionCode>10000</actionCode>
        <actionDate>2017-02-15</actionDate>
        <committee />
        <links />
        <type>IntroReferral</type>
        <text>Introduced in Senate</text>
        <sourceSystem>
          <code>9</code>
          <name>Library of Congress</name>
        </sourceSystem>
      </item>
      <actionTypeCounts>
        <referredToCommittee>1</referredToCommittee>
        <introducedInSenate>1</introducedInSenate>
      </actionTypeCounts>
      <actionByCounts>
        <senate>2</senate>
      </actionByCounts>
    </actions>
    <recordedVotes />
    <relatedBills>
      <item>
        <latestAction>
          <actionDate>2018-02-14</actionDate>
          <text>Motion to reconsider laid on the table. Agreed to without objection.</text>
          <actionTime>14:06:21</actionTime>
        </latestAction>
        <relationshipDetails>
          <item>
            <identifiedBy>CRS</identifiedBy>
            <type>Identical bill</type>
          </item>
        </relationshipDetails>
        <congress>115</congress>
        <type>HRES</type>
        <number>129</number>
        <latestTitle>Calling on the Department of Defense, other appropriate elements of the Federal Government, and foreign governments to resolutely continue efforts to investigate, recover, and identify all United States personnel designated as unaccounted-for from past wars and conflicts around the world.</latestTitle>
      </item>
    </relatedBills>
    <committeeReports />
    <congress>115</congress>
    <updateDate>2018-02-20T13:03:30Z</updateDate>
    <createDate>2017-02-16T08:49:52Z</createDate>
    <sponsors>
      <item>
        <firstName>JOHN</firstName>
        <byRequestType />
        <bioguideId>M000303</bioguideId>
        <identifiers>
          <gpoId>8253</gpoId>
          <lisID>754</lisID>
          <bioguideId>M000303</bioguideId>
        </identifiers>
        <state>AZ</state>
        <fullName>Sen. McCain, John [R-AZ]</fullName>
        <lastName>MCCAIN</lastName>
        <middleName>SIDNEY</middleName>
        <party>R</party>
      </item>
    </sponsors>
    <calendarNumbers />
    <latestAction>
      <links />
      <actionDate>2017-02-15</actionDate>
      <text>Referred to the Committee on Foreign Relations. (text of measure as introduced: CR S1220-1221)</text>
    </latestAction>
    <laws />
    <subjects>
      <billSubjects>
        <policyArea>
          <name>Armed Forces and National Security</name>
        </policyArea>
        <legislativeSubjects>
          <item>
            <name>Conflicts and wars</name>
          </item>
          <item>
            <name>Government studies and investigations</name>
          </item>
          <item>
            <name>International organizations and cooperation</name>
          </item>
          <item>
            <name>Military personnel and dependents</name>
          </item>
        </legislativeSubjects>
      </billSubjects>
    </subjects>
    <policyArea>
      <name>Armed Forces and National Security</name>
    </policyArea>
    <committees>
      <billCommittees>
        <item>
          <name>Foreign Relations Committee</name>
          <activities>
            <item>
              <date>2017-02-15T20:07:07Z</date>
              <name>Referred to</name>
            </item>
          </activities>
          <type>Standing</type>
          <chamber>Senate</chamber>
          <subcommittees />
          <systemCode>ssfr00</systemCode>
        </item>
      </billCommittees>
    </committees>
    <billType>SRES</billType>
    <version>1.0.0</version>
    <title>A resolution calling on the Department of Defense, other elements of the Federal Government, and foreign governments to intensify efforts to investigate, recover, and identify all missing and unaccounted-for personnel of the United States.</title>
    <cosponsors>
      <item>
        <lastName>King</lastName>
        <middleName />
        <fullName>Sen. King, Angus S., Jr. [I-ME]</fullName>
        <bioguideId>K000383</bioguideId>
        <isOriginalCosponsor>False</isOriginalCosponsor>
        <firstName>Angus</firstName>
        <state>ME</state>
        <identifiers>
          <gpoId />
          <lisID>2185</lisID>
          <bioguideId>K000383</bioguideId>
        </identifiers>
        <sponsorshipDate>2017-05-16</sponsorshipDate>
        <sponsorshipWithdrawnDate />
        <party>I</party>
      </item>
      <item>
        <lastName>CRAPO</lastName>
        <middleName>D.</middleName>
        <fullName>Sen. Crapo, Mike [R-ID]</fullName>
        <bioguideId>C000880</bioguideId>
        <isOriginalCosponsor>False</isOriginalCosponsor>
        <firstName>MICHAEL</firstName>
        <state>ID</state>
        <identifiers>
          <lisID>250</lisID>
          <bioguideId>C000880</bioguideId>
          <gpoId>8289</gpoId>
        </identifiers>
        <sponsorshipDate>2017-06-29</sponsorshipDate>
        <sponsorshipWithdrawnDate />
        <party>R</party>
      </item>
      <item>
        <lastName>Peters</lastName>
        <middleName>C.</middleName>
        <fullName>Sen. Peters, Gary C. [D-MI]</fullName>
        <bioguideId>P000595</bioguideId>
        <isOriginalCosponsor>False</isOriginalCosponsor>
        <firstName>Gary</firstName>
        <state>MI</state>
        <identifiers>
          <gpoId>7994</gpoId>
          <lisID>1929</lisID>
          <bioguideId>P000595</bioguideId>
        </identifiers>
        <sponsorshipDate>2017-09-11</sponsorshipDate>
        <sponsorshipWithdrawnDate />
        <party>D</party>
      </item>
      <item>
        <lastName>Cornyn</lastName>
        <middleName />
        <fullName>Sen. Cornyn, John [R-TX]</fullName>
        <bioguideId>C001056</bioguideId>
        <isOriginalCosponsor>False</isOriginalCosponsor>
        <firstName>John</firstName>
        <state>TX</state>
        <identifiers>
          <lisID>1692</lisID>
          <bioguideId>C001056</bioguideId>
          <gpoId>8295</gpoId>
        </identifiers>
        <sponsorshipDate>2017-09-12</sponsorshipDate>
        <sponsorshipWithdrawnDate />
        <party>R</party>
      </item>
      <item>
        <lastName>Cotton</lastName>
        <middleName />
        <fullName>Sen. Cotton, Tom [R-AR]</fullName>
        <bioguideId>C001095</bioguideId>
        <isOriginalCosponsor>False</isOriginalCosponsor>
        <firstName>Tom</firstName>
        <state>AR</state>
        <identifiers>
          <gpoId />
          <lisID>2098</lisID>
          <bioguideId>C001095</bioguideId>
        </identifiers>
        <sponsorshipDate>2017-09-28</sponsorshipDate>
        <sponsorshipWithdrawnDate />
        <party>R</party>
      </item>
      <item>
        <lastName>Rubio</lastName>
        <middleName />
        <fullName>Sen. Rubio, Marco [R-FL]</fullName>
        <bioguideId>R000595</bioguideId>
        <isOriginalCosponsor>False</isOriginalCosponsor>
        <firstName>Marco</firstName>
        <state>FL</state>
        <identifiers>
          <gpoId>8242</gpoId>
          <lisID>2084</lisID>
          <bioguideId>R000595</bioguideId>
        </identifiers>
        <sponsorshipDate>2017-10-17</sponsorshipDate>
        <sponsorshipWithdrawnDate />
        <party>R</party>
      </item>
      <item>
        <lastName>Donnelly</lastName>
        <middleName />
        <fullName>Sen. Donnelly, Joe [D-IN]</fullName>
        <bioguideId>D000607</bioguideId>
        <isOriginalCosponsor>False</isOriginalCosponsor>
        <firstName>Joe</firstName>
        <state>IN</state>
        <identifiers>
          <lisID>1850</lisID>
          <gpoId>7941</gpoId>
          <bioguideId>D000607</bioguideId>
        </identifiers>
        <sponsorshipDate>2018-02-14</sponsorshipDate>
        <sponsorshipWithdrawnDate />
        <party>D</party>
      </item>
    </cosponsors>
    <amendments />
    <notes />
    <originChamber>Senate</originChamber>
    <titles>
      <item>
        <titleType>Official Title as Introduced</titleType>
        <title>A resolution calling on the Department of Defense, other elements of the Federal Government, and foreign governments to intensify efforts to investigate, recover, and identify all missing and unaccounted-for personnel of the United States.</title>
        <parentTitleType />
        <chamberCode />
        <chamberName />
      </item>
      <item>
        <titleType>Display Title</titleType>
        <title>A resolution calling on the Department of Defense, other elements of the Federal Government, and foreign governments to intensify efforts to investigate, recover, and identify all missing and unaccounted-for personnel of the United States.</title>
        <parentTitleType />
        <chamberCode />
        <chamberName />
      </item>
    </titles>
    <introducedDate>2017-02-15</introducedDate>
  </bill>
  <dublinCore xmlns:dc="http://purl.org/dc/elements/1.1/">
    <dc:format>text/xml</dc:format>
    <dc:language>EN</dc:language>
    <dc:rights>Pursuant to Title 17 Section 105 of the United States Code, this file is not subject to copyright protection and is in the public domain.</dc:rights>
    <dc:contributor>Congressional Research Service, Library of Congress</dc:contributor>
    <dc:description>This file contains bill summaries and statuses for federal legislation. A bill summary describes the most significant provisions of a piece of legislation and details the effects the legislative text may have on current law and federal programs. Bill summaries are authored by the Congressional Research Service (CRS) of the Library of Congress. As stated in Public Law 91-510 (2 USC 166 (d)(6)), one of the duties of CRS is "to prepare summaries and digests of bills and resolutions of a public general nature introduced in the Senate or House of Representatives". For more information, refer to the User Guide that accompanies this file.</dc:description>
  </dublinCore>
</billStatus>

