<?xml version="1.0" encoding="UTF-8"?>
<billStatus>
  <bill>
    <notes />
    <sponsors>
      <item>
        <party>D</party>
        <fullName>Sen. Harris, Kamala D. [D-CA]</fullName>
        <lastName>Harris</lastName>
        <middleName>D.</middleName>
        <identifiers>
          <gpoId />
          <bioguideId>H001075</bioguideId>
          <lisID>2301</lisID>
        </identifiers>
        <firstName>Kamala</firstName>
        <byRequestType />
        <bioguideId>H001075</bioguideId>
        <state>CA</state>
      </item>
    </sponsors>
    <policyArea>
      <name>Congress</name>
    </policyArea>
    <committees>
      <billCommittees />
    </committees>
    <relatedBills />
    <titles>
      <item>
        <parentTitleType />
        <titleType>Official Title as Introduced</titleType>
        <chamberCode />
        <chamberName />
        <title>A resolution celebrating the 40th anniversary of the Senate Black Legislative Staff Caucus and its achievements in the Senate.</title>
      </item>
      <item>
        <parentTitleType />
        <titleType>Display Title</titleType>
        <chamberCode />
        <chamberName />
        <title>A resolution celebrating the 40th anniversary of the Senate Black Legislative Staff Caucus and its achievements in the Senate.</title>
      </item>
    </titles>
    <originChamber>Senate</originChamber>
    <congress>115</congress>
    <actions>
      <actionByCounts>
        <senate>3</senate>
      </actionByCounts>
      <actionTypeCounts>
        <passedOrAgreedToInSenateDayOf>1</passedOrAgreedToInSenateDayOf>
        <introducedInSenate>1</introducedInSenate>
        <passedAgreedToInSenate>1</passedAgreedToInSenate>
      </actionTypeCounts>
      <item>
        <actionDate>2017-10-31</actionDate>
        <committee />
        <links>
          <link>
            <name>S6930</name>
            <url>https://www.congress.gov/congressional-record/volume-163/senate-section/page/S6930</url>
          </link>
          <link>
            <name>S6931</name>
            <url>https://www.congress.gov/congressional-record/volume-163/senate-section/page/S6931</url>
          </link>
        </links>
        <sourceSystem>
          <code>0</code>
          <name>Senate</name>
        </sourceSystem>
        <text>Submitted in the Senate, considered, and agreed to without amendment and with a preamble by Unanimous Consent. (consideration: CR S6931; text: CR S6930)</text>
        <type>Floor</type>
      </item>
      <item>
        <actionDate>2017-10-31</actionDate>
        <committee />
        <links />
        <text>Passed/agreed to in Senate: Submitted in the Senate, considered, and agreed to without amendment and with a preamble by Unanimous Consent.(consideration: CR S6931; text: CR S6930)</text>
        <type>Floor</type>
        <sourceSystem>
          <code>9</code>
          <name>Library of Congress</name>
        </sourceSystem>
        <actionCode>17000</actionCode>
      </item>
      <item>
        <actionDate>2017-10-31</actionDate>
        <committee />
        <links />
        <text>Introduced in Senate</text>
        <type>IntroReferral</type>
        <sourceSystem>
          <code>9</code>
          <name>Library of Congress</name>
        </sourceSystem>
        <actionCode>10000</actionCode>
      </item>
    </actions>
    <subjects>
      <billSubjects>
        <legislativeSubjects />
        <policyArea>
          <name>Congress</name>
        </policyArea>
      </billSubjects>
    </subjects>
    <laws />
    <createDate>2017-11-01T00:41:20Z</createDate>
    <title>A resolution celebrating the 40th anniversary of the Senate Black Legislative Staff Caucus and its achievements in the Senate.</title>
    <committeeReports />
    <billType>SRES</billType>
    <introducedDate>2017-10-31</introducedDate>
    <updateDate>2018-03-01T05:44:09Z</updateDate>
    <summaries>
      <billSummaries>
        <item>
          <updateDate>2017-10-31T04:00:00Z</updateDate>
          <lastSummaryUpdateDate>2018-02-27T14:58:25Z</lastSummaryUpdateDate>
          <versionCode>00</versionCode>
          <name>Introduced in Senate</name>
          <text><![CDATA[<p>Honors the Senate Black Legislative Staff Caucus for its many contributions and commitment to enrich the Senate community.</p>]]></text>
          <actionDate>2017-10-31</actionDate>
          <actionDesc>Introduced in Senate</actionDesc>
        </item>
        <item>
          <updateDate>2017-10-31T18:00:04Z</updateDate>
          <lastSummaryUpdateDate>2018-02-27T14:58:52Z</lastSummaryUpdateDate>
          <versionCode>82</versionCode>
          <name>Passed Senate without amendment</name>
          <text><![CDATA[<p>(This measure has not been amended since it was introduced. The summary of that version is repeated here.)</p> <p>Honors the Senate Black Legislative Staff Caucus for its many contributions and commitment to enrich the Senate community.</p>]]></text>
          <actionDate>2017-10-31</actionDate>
          <actionDesc>Passed Senate without amendment</actionDesc>
        </item>
      </billSummaries>
    </summaries>
    <cosponsors>
      <item>
        <party>D</party>
        <fullName>Sen. Booker, Cory A. [D-NJ]</fullName>
        <sponsorshipWithdrawnDate />
        <lastName>Booker</lastName>
        <sponsorshipDate>2017-10-31</sponsorshipDate>
        <identifiers>
          <lisID>2194</lisID>
          <gpoId />
          <bioguideId>B001288</bioguideId>
        </identifiers>
        <isOriginalCosponsor>True</isOriginalCosponsor>
        <firstName>Cory</firstName>
        <middleName>A.</middleName>
        <bioguideId>B001288</bioguideId>
        <state>NJ</state>
      </item>
      <item>
        <party>R</party>
        <fullName>Sen. Scott, Tim [R-SC]</fullName>
        <sponsorshipWithdrawnDate />
        <lastName>Scott</lastName>
        <sponsorshipDate>2017-10-31</sponsorshipDate>
        <identifiers>
          <gpoId>8141</gpoId>
          <lisID>2056</lisID>
          <bioguideId>S001184</bioguideId>
        </identifiers>
        <isOriginalCosponsor>True</isOriginalCosponsor>
        <firstName>Tim</firstName>
        <middleName />
        <bioguideId>S001184</bioguideId>
        <state>SC</state>
      </item>
    </cosponsors>
    <billNumber>317</billNumber>
    <recordedVotes />
    <version>1.0.0</version>
    <calendarNumbers />
    <cboCostEstimates />
    <amendments />
    <latestAction>
      <actionDate>2017-10-31</actionDate>
      <links />
      <text>Submitted in the Senate, considered, and agreed to without amendment and with a preamble by Unanimous Consent. (consideration: CR S6931; text: CR S6930)</text>
    </latestAction>
  </bill>
  <dublinCore xmlns:dc="http://purl.org/dc/elements/1.1/">
    <dc:format>text/xml</dc:format>
    <dc:language>EN</dc:language>
    <dc:rights>Pursuant to Title 17 Section 105 of the United States Code, this file is not subject to copyright protection and is in the public domain.</dc:rights>
    <dc:contributor>Congressional Research Service, Library of Congress</dc:contributor>
    <dc:description>This file contains bill summaries and statuses for federal legislation. A bill summary describes the most significant provisions of a piece of legislation and details the effects the legislative text may have on current law and federal programs. Bill summaries are authored by the Congressional Research Service (CRS) of the Library of Congress. As stated in Public Law 91-510 (2 USC 166 (d)(6)), one of the duties of CRS is "to prepare summaries and digests of bills and resolutions of a public general nature introduced in the Senate or House of Representatives". For more information, refer to the User Guide that accompanies this file.</dc:description>
  </dublinCore>
</billStatus>

