<?xml version="1.0" encoding="UTF-8"?>
<billStatus>
  <bill>
    <sponsors>
      <item>
        <fullName>Sen. Grassley, Chuck [R-IA]</fullName>
        <lastName>GRASSLEY</lastName>
        <bioguideId>G000386</bioguideId>
        <party>R</party>
        <middleName>ERNEST</middleName>
        <state>IA</state>
        <firstName>CHARLES</firstName>
        <byRequestType />
        <identifiers>
          <lisID>457</lisID>
          <bioguideId>G000386</bioguideId>
          <gpoId>8316</gpoId>
        </identifiers>
      </item>
    </sponsors>
    <laws />
    <version>1.0.0</version>
    <introducedDate>2017-05-04</introducedDate>
    <cboCostEstimates />
    <titles>
      <item>
        <chamberCode />
        <title>A resolution recognizing National Foster Care Month as an opportunity to raise awareness about the challenges of children in the foster-care system, and encouraging Congress to implement policy to improve the lives of children in the foster-care system.</title>
        <titleType>Official Title as Introduced</titleType>
        <parentTitleType />
        <chamberName />
      </item>
      <item>
        <chamberCode />
        <title>A resolution recognizing National Foster Care Month as an opportunity to raise awareness about the challenges of children in the foster-care system, and encouraging Congress to implement policy to improve the lives of children in the foster-care system.</title>
        <titleType>Display Title</titleType>
        <parentTitleType />
        <chamberName />
      </item>
    </titles>
    <amendments />
    <recordedVotes />
    <relatedBills>
      <item>
        <relationshipDetails>
          <item>
            <identifiedBy>CRS</identifiedBy>
            <type>Related bill</type>
          </item>
        </relationshipDetails>
        <latestAction>
          <actionDate>2017-05-05</actionDate>
          <text>Referred to the Subcommittee on Human Resources.</text>
        </latestAction>
        <type>HRES</type>
        <number>314</number>
        <latestTitle>Recognizing National Foster Care Month as an opportunity to raise awareness about the challenges of children in the foster care system, and encouraging Congress to implement policy to improve the lives of children in the foster care system.</latestTitle>
        <congress>115</congress>
      </item>
    </relatedBills>
    <congress>115</congress>
    <billType>SRES</billType>
    <actions>
      <actionByCounts>
        <senate>6</senate>
      </actionByCounts>
      <item>
        <actionDate>2017-05-22</actionDate>
        <committee />
        <links />
        <sourceSystem>
          <name>Senate</name>
          <code>0</code>
        </sourceSystem>
        <text>Resolution agreed to in Senate without amendment and with a preamble by Unanimous Consent.</text>
        <type>Floor</type>
      </item>
      <item>
        <text>Passed/agreed to in Senate: Resolution agreed to in Senate without amendment and with a preamble by Unanimous Consent.</text>
        <type>Floor</type>
        <sourceSystem>
          <name>Library of Congress</name>
          <code>9</code>
        </sourceSystem>
        <committee />
        <actionCode>17000</actionCode>
        <actionDate>2017-05-22</actionDate>
        <links />
      </item>
      <item>
        <actionDate>2017-05-22</actionDate>
        <committee>
          <name>Health, Education, Labor, and Pensions Committee</name>
          <systemCode>sshr00</systemCode>
        </committee>
        <links>
          <link>
            <name>S3072-3073</name>
            <url>https://www.congress.gov/congressional-record/volume-163/senate-section/page/S3072-3073</url>
          </link>
        </links>
        <sourceSystem>
          <name>Senate</name>
          <code>0</code>
        </sourceSystem>
        <text>Senate Committee on Health, Education, Labor, and Pensions discharged by Unanimous Consent. (consideration: CR S3072-3073)</text>
        <type>Discharge</type>
      </item>
      <item>
        <text>Senate Committee on Health, Education, Labor, and Pensions discharged by Unanimous Consent.</text>
        <type>Committee</type>
        <sourceSystem>
          <name>Library of Congress</name>
          <code>9</code>
        </sourceSystem>
        <committee>
          <name>Health, Education, Labor, and Pensions Committee</name>
          <systemCode>sshr00</systemCode>
        </committee>
        <actionCode>14500</actionCode>
        <actionDate>2017-05-22</actionDate>
        <links />
      </item>
      <item>
        <actionDate>2017-05-04</actionDate>
        <committee>
          <name>Health, Education, Labor, and Pensions Committee</name>
          <systemCode>sshr00</systemCode>
        </committee>
        <links>
          <link>
            <name>S2777-2778</name>
            <url>https://www.congress.gov/congressional-record/volume-163/senate-section/page/S2777-2778</url>
          </link>
        </links>
        <sourceSystem>
          <name>Senate</name>
          <code>0</code>
        </sourceSystem>
        <text>Referred to the Committee on Health, Education, Labor, and Pensions. (text of measure as introduced: CR S2777-2778)</text>
        <type>IntroReferral</type>
      </item>
      <item>
        <text>Introduced in Senate</text>
        <type>IntroReferral</type>
        <sourceSystem>
          <name>Library of Congress</name>
          <code>9</code>
        </sourceSystem>
        <committee />
        <actionCode>10000</actionCode>
        <actionDate>2017-05-04</actionDate>
        <links />
      </item>
      <actionTypeCounts>
        <committeeDischarged>1</committeeDischarged>
        <passedAgreedToInSenate>1</passedAgreedToInSenate>
        <agreedToInSenate>1</agreedToInSenate>
        <senateCommitteeDischarged>1</senateCommitteeDischarged>
        <referredToCommittee>1</referredToCommittee>
        <introducedInSenate>1</introducedInSenate>
      </actionTypeCounts>
    </actions>
    <notes />
    <originChamber>Senate</originChamber>
    <title>A resolution recognizing National Foster Care Month as an opportunity to raise awareness about the challenges of children in the foster-care system, and encouraging Congress to implement policy to improve the lives of children in the foster-care system.</title>
    <billNumber>156</billNumber>
    <cosponsors>
      <item>
        <bioguideId>S000770</bioguideId>
        <sponsorshipDate>2017-05-04</sponsorshipDate>
        <isOriginalCosponsor>True</isOriginalCosponsor>
        <middleName>ANN</middleName>
        <sponsorshipWithdrawnDate />
        <firstName>DEBORAH</firstName>
        <lastName>STABENOW</lastName>
        <state>MI</state>
        <party>D</party>
        <identifiers>
          <gpoId>8261</gpoId>
          <bioguideId>S000770</bioguideId>
          <lisID>1531</lisID>
        </identifiers>
        <fullName>Sen. Stabenow, Debbie [D-MI]</fullName>
      </item>
      <item>
        <bioguideId>B000575</bioguideId>
        <sponsorshipDate>2017-05-04</sponsorshipDate>
        <isOriginalCosponsor>True</isOriginalCosponsor>
        <middleName />
        <sponsorshipWithdrawnDate />
        <firstName>Roy</firstName>
        <lastName>Blunt</lastName>
        <state>MO</state>
        <party>R</party>
        <identifiers>
          <bioguideId>B000575</bioguideId>
          <lisID>1464</lisID>
          <gpoId>8313</gpoId>
        </identifiers>
        <fullName>Sen. Blunt, Roy [R-MO]</fullName>
      </item>
      <item>
        <bioguideId>W000805</bioguideId>
        <sponsorshipDate>2017-05-04</sponsorshipDate>
        <isOriginalCosponsor>True</isOriginalCosponsor>
        <middleName>R.</middleName>
        <sponsorshipWithdrawnDate />
        <firstName>Mark</firstName>
        <lastName>Warner</lastName>
        <state>VA</state>
        <party>D</party>
        <identifiers>
          <bioguideId>W000805</bioguideId>
          <lisID>1897</lisID>
          <gpoId>8269</gpoId>
        </identifiers>
        <fullName>Sen. Warner, Mark R. [D-VA]</fullName>
      </item>
      <item>
        <bioguideId>K000384</bioguideId>
        <sponsorshipDate>2017-05-04</sponsorshipDate>
        <isOriginalCosponsor>True</isOriginalCosponsor>
        <middleName />
        <sponsorshipWithdrawnDate />
        <firstName>Timothy</firstName>
        <lastName>Kaine</lastName>
        <state>VA</state>
        <party>D</party>
        <identifiers>
          <bioguideId>K000384</bioguideId>
          <lisID>2176</lisID>
          <gpoId />
        </identifiers>
        <fullName>Sen. Kaine, Tim [D-VA]</fullName>
      </item>
      <item>
        <bioguideId>K000383</bioguideId>
        <sponsorshipDate>2017-05-04</sponsorshipDate>
        <isOriginalCosponsor>True</isOriginalCosponsor>
        <middleName />
        <sponsorshipWithdrawnDate />
        <firstName>Angus</firstName>
        <lastName>King</lastName>
        <state>ME</state>
        <party>I</party>
        <identifiers>
          <gpoId />
          <lisID>2185</lisID>
          <bioguideId>K000383</bioguideId>
        </identifiers>
        <fullName>Sen. King, Angus S., Jr. [I-ME]</fullName>
      </item>
      <item>
        <bioguideId>L000575</bioguideId>
        <sponsorshipDate>2017-05-04</sponsorshipDate>
        <isOriginalCosponsor>True</isOriginalCosponsor>
        <middleName />
        <sponsorshipWithdrawnDate />
        <firstName>James</firstName>
        <lastName>Lankford</lastName>
        <state>OK</state>
        <party>R</party>
        <identifiers>
          <lisID>2050</lisID>
          <bioguideId>L000575</bioguideId>
          <gpoId>8113</gpoId>
        </identifiers>
        <fullName>Sen. Lankford, James [R-OK]</fullName>
      </item>
      <item>
        <bioguideId>C000567</bioguideId>
        <sponsorshipDate>2017-05-04</sponsorshipDate>
        <isOriginalCosponsor>True</isOriginalCosponsor>
        <middleName />
        <sponsorshipWithdrawnDate />
        <firstName>Thad</firstName>
        <lastName>Cochran</lastName>
        <state>MS</state>
        <party>R</party>
        <identifiers>
          <lisID>213</lisID>
          <bioguideId>C000567</bioguideId>
          <gpoId>8292</gpoId>
        </identifiers>
        <fullName>Sen. Cochran, Thad [R-MS]</fullName>
      </item>
      <item>
        <bioguideId>F000457</bioguideId>
        <sponsorshipDate>2017-05-04</sponsorshipDate>
        <isOriginalCosponsor>True</isOriginalCosponsor>
        <middleName />
        <sponsorshipWithdrawnDate />
        <firstName>Al</firstName>
        <lastName>Franken</lastName>
        <state>MN</state>
        <party>D</party>
        <identifiers>
          <gpoId>8339</gpoId>
          <lisID>1969</lisID>
          <bioguideId>F000457</bioguideId>
        </identifiers>
        <fullName>Sen. Franken, Al [D-MN]</fullName>
      </item>
      <item>
        <bioguideId>S001184</bioguideId>
        <sponsorshipDate>2017-05-04</sponsorshipDate>
        <isOriginalCosponsor>True</isOriginalCosponsor>
        <middleName />
        <sponsorshipWithdrawnDate />
        <firstName>Tim</firstName>
        <lastName>Scott</lastName>
        <state>SC</state>
        <party>R</party>
        <identifiers>
          <gpoId>8141</gpoId>
          <bioguideId>S001184</bioguideId>
          <lisID>2056</lisID>
        </identifiers>
        <fullName>Sen. Scott, Tim [R-SC]</fullName>
      </item>
      <item>
        <bioguideId>D000618</bioguideId>
        <sponsorshipDate>2017-05-04</sponsorshipDate>
        <isOriginalCosponsor>True</isOriginalCosponsor>
        <middleName />
        <sponsorshipWithdrawnDate />
        <firstName>Steve</firstName>
        <lastName>Daines</lastName>
        <state>MT</state>
        <party>R</party>
        <identifiers>
          <gpoId />
          <bioguideId>D000618</bioguideId>
          <lisID>2138</lisID>
        </identifiers>
        <fullName>Sen. Daines, Steve [R-MT]</fullName>
      </item>
      <item>
        <bioguideId>V000128</bioguideId>
        <sponsorshipDate>2017-05-04</sponsorshipDate>
        <isOriginalCosponsor>True</isOriginalCosponsor>
        <middleName />
        <sponsorshipWithdrawnDate />
        <firstName>Chris</firstName>
        <lastName>Van Hollen</lastName>
        <state>MD</state>
        <party>D</party>
        <identifiers>
          <lisID>1729</lisID>
          <gpoId>7983</gpoId>
          <bioguideId>V000128</bioguideId>
        </identifiers>
        <fullName>Sen. Van Hollen, Chris [D-MD]</fullName>
      </item>
      <item>
        <bioguideId>P000595</bioguideId>
        <sponsorshipDate>2017-05-04</sponsorshipDate>
        <isOriginalCosponsor>True</isOriginalCosponsor>
        <middleName>C.</middleName>
        <sponsorshipWithdrawnDate />
        <firstName>Gary</firstName>
        <lastName>Peters</lastName>
        <state>MI</state>
        <party>D</party>
        <identifiers>
          <lisID>1929</lisID>
          <bioguideId>P000595</bioguideId>
          <gpoId>7994</gpoId>
        </identifiers>
        <fullName>Sen. Peters, Gary C. [D-MI]</fullName>
      </item>
      <item>
        <bioguideId>H001076</bioguideId>
        <sponsorshipDate>2017-05-04</sponsorshipDate>
        <isOriginalCosponsor>True</isOriginalCosponsor>
        <middleName>Wood</middleName>
        <sponsorshipWithdrawnDate />
        <firstName>Margaret</firstName>
        <lastName>Hassan</lastName>
        <state>NH</state>
        <party>D</party>
        <identifiers>
          <lisID>2302</lisID>
          <gpoId />
          <bioguideId>H001076</bioguideId>
        </identifiers>
        <fullName>Sen. Hassan, Margaret Wood [D-NH]</fullName>
      </item>
      <item>
        <bioguideId>W000779</bioguideId>
        <sponsorshipDate>2017-05-04</sponsorshipDate>
        <isOriginalCosponsor>True</isOriginalCosponsor>
        <middleName />
        <sponsorshipWithdrawnDate />
        <firstName>RON</firstName>
        <lastName>WYDEN</lastName>
        <state>OR</state>
        <party>D</party>
        <identifiers>
          <gpoId>8265</gpoId>
          <bioguideId>W000779</bioguideId>
          <lisID>1247</lisID>
        </identifiers>
        <fullName>Sen. Wyden, Ron [D-OR]</fullName>
      </item>
      <item>
        <bioguideId>M001111</bioguideId>
        <sponsorshipDate>2017-05-04</sponsorshipDate>
        <isOriginalCosponsor>True</isOriginalCosponsor>
        <middleName />
        <sponsorshipWithdrawnDate />
        <firstName>PATTY</firstName>
        <lastName>MURRAY</lastName>
        <state>WA</state>
        <party>D</party>
        <identifiers>
          <bioguideId>M001111</bioguideId>
          <gpoId>8237</gpoId>
          <lisID>1409</lisID>
        </identifiers>
        <fullName>Sen. Murray, Patty [D-WA]</fullName>
      </item>
      <item>
        <bioguideId>B000944</bioguideId>
        <sponsorshipDate>2017-05-04</sponsorshipDate>
        <isOriginalCosponsor>True</isOriginalCosponsor>
        <middleName />
        <sponsorshipWithdrawnDate />
        <firstName>SHERROD</firstName>
        <lastName>BROWN</lastName>
        <state>OH</state>
        <party>D</party>
        <identifiers>
          <gpoId>8309</gpoId>
          <lisID>136</lisID>
          <bioguideId>B000944</bioguideId>
        </identifiers>
        <fullName>Sen. Brown, Sherrod [D-OH]</fullName>
      </item>
      <item>
        <bioguideId>K000367</bioguideId>
        <sponsorshipDate>2017-05-04</sponsorshipDate>
        <isOriginalCosponsor>True</isOriginalCosponsor>
        <middleName />
        <sponsorshipWithdrawnDate />
        <firstName>Amy</firstName>
        <lastName>Klobuchar</lastName>
        <state>MN</state>
        <party>D</party>
        <identifiers>
          <lisID>1826</lisID>
          <gpoId>8249</gpoId>
          <bioguideId>K000367</bioguideId>
        </identifiers>
        <fullName>Sen. Klobuchar, Amy [D-MN]</fullName>
      </item>
      <item>
        <bioguideId>B001230</bioguideId>
        <sponsorshipDate>2017-05-11</sponsorshipDate>
        <isOriginalCosponsor>False</isOriginalCosponsor>
        <middleName />
        <sponsorshipWithdrawnDate />
        <firstName>TAMMY</firstName>
        <lastName>BALDWIN</lastName>
        <state>WI</state>
        <party>D</party>
        <identifiers>
          <lisID>1558</lisID>
          <gpoId>8215</gpoId>
          <bioguideId>B001230</bioguideId>
        </identifiers>
        <fullName>Sen. Baldwin, Tammy [D-WI]</fullName>
      </item>
      <item>
        <bioguideId>F000062</bioguideId>
        <sponsorshipDate>2017-05-11</sponsorshipDate>
        <isOriginalCosponsor>False</isOriginalCosponsor>
        <middleName />
        <sponsorshipWithdrawnDate />
        <firstName>DIANNE</firstName>
        <lastName>FEINSTEIN</lastName>
        <state>CA</state>
        <party>D</party>
        <identifiers>
          <gpoId>8338</gpoId>
          <bioguideId>F000062</bioguideId>
          <lisID>1332</lisID>
        </identifiers>
        <fullName>Sen. Feinstein, Dianne [D-CA]</fullName>
      </item>
      <item>
        <bioguideId>B001277</bioguideId>
        <sponsorshipDate>2017-05-16</sponsorshipDate>
        <isOriginalCosponsor>False</isOriginalCosponsor>
        <middleName />
        <sponsorshipWithdrawnDate />
        <firstName>Richard</firstName>
        <lastName>Blumenthal</lastName>
        <state>CT</state>
        <party>D</party>
        <identifiers>
          <gpoId>8332</gpoId>
          <lisID>2076</lisID>
          <bioguideId>B001277</bioguideId>
        </identifiers>
        <fullName>Sen. Blumenthal, Richard [D-CT]</fullName>
      </item>
    </cosponsors>
    <summaries>
      <billSummaries>
        <item>
          <text><![CDATA[<p>Supports designation of National Foster Care Month, and recognizes it as an opportunity to raise awareness about the challenges that children face in the foster care system.</p>]]></text>
          <actionDate>2017-05-04</actionDate>
          <updateDate>2017-05-04T04:00:00Z</updateDate>
          <lastSummaryUpdateDate>2017-09-11T18:00:01Z</lastSummaryUpdateDate>
          <name>Introduced in Senate</name>
          <actionDesc>Introduced in Senate</actionDesc>
          <versionCode>00</versionCode>
        </item>
        <item>
          <text><![CDATA[<p>(This measure has not been amended since it was introduced. The summary of that version is repeated here.)</p> <p>Supports designation of National Foster Care Month, and recognizes it as an opportunity to raise awareness about the challenges that children face in the foster care system.</p>]]></text>
          <actionDate>2017-05-22</actionDate>
          <updateDate>2017-05-22T13:25:08Z</updateDate>
          <lastSummaryUpdateDate>2017-09-11T18:10:22Z</lastSummaryUpdateDate>
          <name>Passed Senate without amendment</name>
          <actionDesc>Passed Senate without amendment</actionDesc>
          <versionCode>82</versionCode>
        </item>
      </billSummaries>
    </summaries>
    <policyArea>
      <name>Families</name>
    </policyArea>
    <latestAction>
      <links />
      <actionDate>2017-05-22</actionDate>
      <text>Resolution agreed to in Senate without amendment and with a preamble by Unanimous Consent.</text>
    </latestAction>
    <updateDate>2018-02-06T16:44:06Z</updateDate>
    <committees>
      <billCommittees>
        <item>
          <subcommittees />
          <type>Standing</type>
          <systemCode>sshr00</systemCode>
          <activities>
            <item>
              <name>Discharged from</name>
              <date>2017-05-22T22:09:02Z</date>
            </item>
            <item>
              <name>Referred to</name>
              <date>2017-05-04T18:51:27Z</date>
            </item>
          </activities>
          <name>Health, Education, Labor, and Pensions Committee</name>
          <chamber>Senate</chamber>
        </item>
      </billCommittees>
    </committees>
    <createDate>2017-05-05T00:41:39Z</createDate>
    <subjects>
      <billSubjects>
        <legislativeSubjects>
          <item>
            <name>Adoption and foster care</name>
          </item>
          <item>
            <name>Commemorative events and holidays</name>
          </item>
          <item>
            <name>Congressional tributes</name>
          </item>
          <item>
            <name>Social work, volunteer service, charitable organizations</name>
          </item>
        </legislativeSubjects>
        <policyArea>
          <name>Families</name>
        </policyArea>
      </billSubjects>
    </subjects>
    <committeeReports />
    <calendarNumbers />
  </bill>
  <dublinCore xmlns:dc="http://purl.org/dc/elements/1.1/">
    <dc:format>text/xml</dc:format>
    <dc:language>EN</dc:language>
    <dc:rights>Pursuant to Title 17 Section 105 of the United States Code, this file is not subject to copyright protection and is in the public domain.</dc:rights>
    <dc:contributor>Congressional Research Service, Library of Congress</dc:contributor>
    <dc:description>This file contains bill summaries and statuses for federal legislation. A bill summary describes the most significant provisions of a piece of legislation and details the effects the legislative text may have on current law and federal programs. Bill summaries are authored by the Congressional Research Service (CRS) of the Library of Congress. As stated in Public Law 91-510 (2 USC 166 (d)(6)), one of the duties of CRS is "to prepare summaries and digests of bills and resolutions of a public general nature introduced in the Senate or House of Representatives". For more information, refer to the User Guide that accompanies this file.</dc:description>
  </dublinCore>
</billStatus>

