<?xml version="1.0" encoding="UTF-8"?>
<billStatus>
  <bill>
    <congress>115</congress>
    <billNumber>271</billNumber>
    <laws />
    <titles>
      <item>
        <titleType>Official Title as Introduced</titleType>
        <title>A resolution supporting the goals and ideals of National Community Gardening Awareness Week.</title>
        <parentTitleType />
        <chamberCode />
        <chamberName />
      </item>
      <item>
        <titleType>Display Title</titleType>
        <title>A resolution supporting the goals and ideals of National Community Gardening Awareness Week.</title>
        <parentTitleType />
        <chamberCode />
        <chamberName />
      </item>
    </titles>
    <committeeReports />
    <cosponsors />
    <calendarNumbers />
    <subjects>
      <billSubjects>
        <policyArea>
          <name>Agriculture and Food</name>
        </policyArea>
        <legislativeSubjects>
          <item>
            <name>Agricultural practices and innovations</name>
          </item>
          <item>
            <name>Commemorative events and holidays</name>
          </item>
          <item>
            <name>Food supply, safety, and labeling</name>
          </item>
          <item>
            <name>Fruit and vegetables</name>
          </item>
          <item>
            <name>Horticulture and plants</name>
          </item>
          <item>
            <name>Urban and suburban affairs and development</name>
          </item>
        </legislativeSubjects>
      </billSubjects>
    </subjects>
    <amendments />
    <version>1.0.0</version>
    <createDate>2017-09-29T00:26:24Z</createDate>
    <billType>SRES</billType>
    <title>A resolution supporting the goals and ideals of National Community Gardening Awareness Week.</title>
    <originChamber>Senate</originChamber>
    <cboCostEstimates />
    <recordedVotes />
    <introducedDate>2017-09-28</introducedDate>
    <latestAction>
      <links />
      <text>Referred to the Committee on Agriculture, Nutrition, and Forestry. (text of measure as introduced: CR S6229)</text>
      <actionDate>2017-09-28</actionDate>
    </latestAction>
    <actions>
      <item>
        <actionDate>2017-09-28</actionDate>
        <committee>
          <name>Agriculture, Nutrition, and Forestry Committee</name>
          <systemCode>ssaf00</systemCode>
        </committee>
        <links>
          <link>
            <name>S6229</name>
            <url>https://www.congress.gov/congressional-record/volume-163/senate-section/page/S6229</url>
          </link>
        </links>
        <sourceSystem>
          <code>0</code>
          <name>Senate</name>
        </sourceSystem>
        <text>Referred to the Committee on Agriculture, Nutrition, and Forestry. (text of measure as introduced: CR S6229)</text>
        <type>IntroReferral</type>
      </item>
      <item>
        <text>Introduced in Senate</text>
        <links />
        <actionDate>2017-09-28</actionDate>
        <actionCode>10000</actionCode>
        <sourceSystem>
          <code>9</code>
          <name>Library of Congress</name>
        </sourceSystem>
        <type>IntroReferral</type>
        <committee />
      </item>
      <actionByCounts>
        <senate>2</senate>
      </actionByCounts>
      <actionTypeCounts>
        <introducedInSenate>1</introducedInSenate>
        <referredToCommittee>1</referredToCommittee>
      </actionTypeCounts>
    </actions>
    <committees>
      <billCommittees>
        <item>
          <type>Standing</type>
          <subcommittees />
          <systemCode>ssaf00</systemCode>
          <name>Agriculture, Nutrition, and Forestry Committee</name>
          <activities>
            <item>
              <date>2017-09-28T19:11:45Z</date>
              <name>Referred to</name>
            </item>
          </activities>
          <chamber>Senate</chamber>
        </item>
      </billCommittees>
    </committees>
    <notes />
    <summaries>
      <billSummaries>
        <item>
          <actionDesc>Introduced in Senate</actionDesc>
          <name>Introduced in Senate</name>
          <lastSummaryUpdateDate>2018-02-05T22:16:59Z</lastSummaryUpdateDate>
          <text><![CDATA[<p>Supports the goals and ideals of National Community Gardening Awareness Week, including:</p> <ul> <li>raising awareness about the importance of community gardens and urban agriculture; </li> <li>improving access to public land for the creation of sustainable food projects;</li> <li> encouraging growth of community gardens; and </li> <li>supporting cooperative efforts among federal, state, and local governments and nonprofit organizations to promote the development and expansion of community gardens and to increase accessibility to disadvantaged population groups.</li> </ul>]]></text>
          <updateDate>2017-09-28T04:00:00Z</updateDate>
          <actionDate>2017-09-28</actionDate>
          <versionCode>00</versionCode>
        </item>
      </billSummaries>
    </summaries>
    <sponsors>
      <item>
        <identifiers>
          <bioguideId>D000622</bioguideId>
          <lisID>2123</lisID>
          <gpoId />
        </identifiers>
        <bioguideId>D000622</bioguideId>
        <middleName />
        <fullName>Sen. Duckworth, Tammy [D-IL]</fullName>
        <firstName>Tammy</firstName>
        <byRequestType />
        <lastName>Duckworth</lastName>
        <state>IL</state>
        <party>D</party>
      </item>
    </sponsors>
    <updateDate>2018-02-16T05:25:22Z</updateDate>
    <relatedBills>
      <item>
        <congress>115</congress>
        <type>HRES</type>
        <latestTitle>Supporting the goals and ideals of National Community Gardening Awareness Week.</latestTitle>
        <latestAction>
          <actionDate>2017-09-28</actionDate>
          <text>Referred to the House Committee on Oversight and Government Reform.</text>
        </latestAction>
        <relationshipDetails>
          <item>
            <type>Identical bill</type>
            <identifiedBy>CRS</identifiedBy>
          </item>
        </relationshipDetails>
        <number>546</number>
      </item>
    </relatedBills>
    <policyArea>
      <name>Agriculture and Food</name>
    </policyArea>
  </bill>
  <dublinCore xmlns:dc="http://purl.org/dc/elements/1.1/">
    <dc:format>text/xml</dc:format>
    <dc:language>EN</dc:language>
    <dc:rights>Pursuant to Title 17 Section 105 of the United States Code, this file is not subject to copyright protection and is in the public domain.</dc:rights>
    <dc:contributor>Congressional Research Service, Library of Congress</dc:contributor>
    <dc:description>This file contains bill summaries and statuses for federal legislation. A bill summary describes the most significant provisions of a piece of legislation and details the effects the legislative text may have on current law and federal programs. Bill summaries are authored by the Congressional Research Service (CRS) of the Library of Congress. As stated in Public Law 91-510 (2 USC 166 (d)(6)), one of the duties of CRS is "to prepare summaries and digests of bills and resolutions of a public general nature introduced in the Senate or House of Representatives". For more information, refer to the User Guide that accompanies this file.</dc:description>
  </dublinCore>
</billStatus>

