<?xml version="1.0" encoding="UTF-8"?>
<billStatus>
  <bill>
    <policyArea>
      <name>International Affairs</name>
    </policyArea>
    <introducedDate>2017-06-08</introducedDate>
    <cosponsors>
      <item>
        <party>D</party>
        <bioguideId>C000141</bioguideId>
        <isOriginalCosponsor>True</isOriginalCosponsor>
        <firstName>BENJAMIN</firstName>
        <middleName>L.</middleName>
        <sponsorshipWithdrawnDate />
        <sponsorshipDate>2017-06-08</sponsorshipDate>
        <fullName>Sen. Cardin, Benjamin L. [D-MD]</fullName>
        <identifiers>
          <gpoId>8287</gpoId>
          <lisID>174</lisID>
          <bioguideId>C000141</bioguideId>
        </identifiers>
        <lastName>CARDIN</lastName>
        <state>MD</state>
      </item>
    </cosponsors>
    <congress>115</congress>
    <recordedVotes />
    <amendments />
    <laws />
    <cboCostEstimates />
    <actions>
      <item>
        <actionDate>2017-06-08</actionDate>
        <committee />
        <links>
          <link>
            <url>https://www.congress.gov/congressional-record/volume-163/senate-section/page/S3365-3366</url>
            <name>S3365-3366</name>
          </link>
          <link>
            <url>https://www.congress.gov/congressional-record/volume-163/senate-section/page/S3375</url>
            <name>S3375</name>
          </link>
        </links>
        <sourceSystem>
          <name>Senate</name>
          <code>0</code>
        </sourceSystem>
        <text>Submitted in the Senate, considered, and agreed to without amendment and with a preamble by Unanimous Consent. (consideration: CR S3375; text as passed Senate: CR S3365-3366)</text>
        <type>Floor</type>
      </item>
      <item>
        <links>
          <link>
            <url>https://www.congress.gov/congressional-record/volume-163/senate-section/page/S3365-3366</url>
            <name>S3365-3366</name>
          </link>
          <link>
            <url>https://www.congress.gov/congressional-record/volume-163/senate-section/page/S3375</url>
            <name>S3375</name>
          </link>
        </links>
        <actionDate>2017-06-08</actionDate>
        <type>Floor</type>
        <text>Passed/agreed to in Senate: Submitted in the Senate, considered, and agreed to without amendment and with a preamble by Unanimous Consent.(consideration: CR S3375; text as passed Senate: CR S3365-3366)</text>
        <actionCode>17000</actionCode>
        <sourceSystem>
          <name>Library of Congress</name>
          <code>9</code>
        </sourceSystem>
        <committee />
      </item>
      <item>
        <links />
        <actionDate>2017-06-08</actionDate>
        <type>IntroReferral</type>
        <text>Introduced in Senate</text>
        <actionCode>10000</actionCode>
        <sourceSystem>
          <name>Library of Congress</name>
          <code>9</code>
        </sourceSystem>
        <committee />
      </item>
      <actionByCounts>
        <senate>3</senate>
      </actionByCounts>
      <actionTypeCounts>
        <passedOrAgreedToInSenateDayOf>1</passedOrAgreedToInSenateDayOf>
        <introducedInSenate>1</introducedInSenate>
        <passedAgreedToInSenate>1</passedAgreedToInSenate>
      </actionTypeCounts>
    </actions>
    <latestAction>
      <text>Submitted in the Senate, considered, and agreed to without amendment and with a preamble by Unanimous Consent. (consideration: CR S3375; text as passed Senate: CR S3365-3366)</text>
      <actionDate>2017-06-08</actionDate>
      <links />
    </latestAction>
    <titles>
      <item>
        <chamberCode />
        <chamberName />
        <parentTitleType />
        <titleType>Official Title as Introduced</titleType>
        <title>A resolution condemning the recent terrorist attacks in the United Kingdom, the Philippines, Indonesia, Egypt, Iraq, Australia, and Iran and offering thoughts and prayers and sincere condolences to all of the victims, their families, and the people of their countries.</title>
      </item>
      <item>
        <chamberCode />
        <chamberName />
        <parentTitleType />
        <titleType>Display Title</titleType>
        <title>A resolution condemning the recent terrorist attacks in the United Kingdom, the Philippines, Indonesia, Egypt, Iraq, Australia, and Iran and offering thoughts and prayers and sincere condolences to all of the victims, their families, and the people of their countries.</title>
      </item>
    </titles>
    <summaries>
      <billSummaries>
        <item>
          <text><![CDATA[<p>Condemns the terrorist attacks committed by ISIS in the United Kingdom, the Philippines, Indonesia, Egypt, Iraq, Australia, and Iran. </p> <p>Recognizes the threat posed by ISIS and recommits to U.S. leadership in the global coalition working to defeat it.</p>]]></text>
          <versionCode>00</versionCode>
          <actionDate>2017-06-08</actionDate>
          <name>Introduced in Senate</name>
          <actionDesc>Introduced in Senate</actionDesc>
          <lastSummaryUpdateDate>2017-08-03T20:37:48Z</lastSummaryUpdateDate>
          <updateDate>2017-06-08T04:00:00Z</updateDate>
        </item>
        <item>
          <text><![CDATA[<p>(This measure has not been amended since it was introduced. The summary of that version is repeated here.)</p> <p>Condemns the terrorist attacks committed by ISIS in the United Kingdom, the Philippines, Indonesia, Egypt, Iraq, Australia, and Iran. </p> <p>Recognizes the threat posed by ISIS and recommits to U.S. leadership in the global coalition working to defeat it.</p>]]></text>
          <versionCode>82</versionCode>
          <actionDate>2017-06-08</actionDate>
          <name>Passed Senate without amendment</name>
          <actionDesc>Passed Senate without amendment</actionDesc>
          <lastSummaryUpdateDate>2017-08-03T20:38:05Z</lastSummaryUpdateDate>
          <updateDate>2017-06-08T14:16:20Z</updateDate>
        </item>
      </billSummaries>
    </summaries>
    <title>A resolution condemning the recent terrorist attacks in the United Kingdom, the Philippines, Indonesia, Egypt, Iraq, Australia, and Iran and offering thoughts and prayers and sincere condolences to all of the victims, their families, and the people of their countries.</title>
    <calendarNumbers />
    <originChamber>Senate</originChamber>
    <updateDate>2018-02-06T16:44:09Z</updateDate>
    <notes />
    <billType>SRES</billType>
    <committees>
      <billCommittees />
    </committees>
    <relatedBills />
    <committeeReports />
    <billNumber>188</billNumber>
    <sponsors>
      <item>
        <byRequestType />
        <state>TN</state>
        <bioguideId>C001071</bioguideId>
        <identifiers>
          <bioguideId>C001071</bioguideId>
          <lisID>1825</lisID>
          <gpoId>8294</gpoId>
        </identifiers>
        <fullName>Sen. Corker, Bob [R-TN]</fullName>
        <lastName>Corker</lastName>
        <firstName>Bob</firstName>
        <middleName />
        <party>R</party>
      </item>
    </sponsors>
    <createDate>2017-06-09T00:26:35Z</createDate>
    <version>1.0.0</version>
    <subjects>
      <billSubjects>
        <policyArea>
          <name>International Affairs</name>
        </policyArea>
        <legislativeSubjects>
          <item>
            <name>Asia</name>
          </item>
          <item>
            <name>Australia</name>
          </item>
          <item>
            <name>Congressional tributes</name>
          </item>
          <item>
            <name>Crime victims</name>
          </item>
          <item>
            <name>Egypt</name>
          </item>
          <item>
            <name>Europe</name>
          </item>
          <item>
            <name>Indonesia</name>
          </item>
          <item>
            <name>International organizations and cooperation</name>
          </item>
          <item>
            <name>Iran</name>
          </item>
          <item>
            <name>Iraq</name>
          </item>
          <item>
            <name>Middle East</name>
          </item>
          <item>
            <name>Oceania</name>
          </item>
          <item>
            <name>Philippines</name>
          </item>
          <item>
            <name>Terrorism</name>
          </item>
          <item>
            <name>United Kingdom</name>
          </item>
        </legislativeSubjects>
      </billSubjects>
    </subjects>
  </bill>
  <dublinCore xmlns:dc="http://purl.org/dc/elements/1.1/">
    <dc:format>text/xml</dc:format>
    <dc:language>EN</dc:language>
    <dc:rights>Pursuant to Title 17 Section 105 of the United States Code, this file is not subject to copyright protection and is in the public domain.</dc:rights>
    <dc:contributor>Congressional Research Service, Library of Congress</dc:contributor>
    <dc:description>This file contains bill summaries and statuses for federal legislation. A bill summary describes the most significant provisions of a piece of legislation and details the effects the legislative text may have on current law and federal programs. Bill summaries are authored by the Congressional Research Service (CRS) of the Library of Congress. As stated in Public Law 91-510 (2 USC 166 (d)(6)), one of the duties of CRS is "to prepare summaries and digests of bills and resolutions of a public general nature introduced in the Senate or House of Representatives". For more information, refer to the User Guide that accompanies this file.</dc:description>
  </dublinCore>
</billStatus>

