<?xml version="1.0" encoding="UTF-8"?>
<billStatus>
  <bill>
    <originChamber>Senate</originChamber>
    <introducedDate>2017-05-04</introducedDate>
    <cosponsors>
      <item>
        <identifiers>
          <lisID>1692</lisID>
          <bioguideId>C001056</bioguideId>
          <gpoId>8295</gpoId>
        </identifiers>
        <bioguideId>C001056</bioguideId>
        <sponsorshipDate>2017-05-04</sponsorshipDate>
        <middleName />
        <fullName>Sen. Cornyn, John [R-TX]</fullName>
        <sponsorshipWithdrawnDate />
        <state>TX</state>
        <party>R</party>
        <firstName>John</firstName>
        <isOriginalCosponsor>True</isOriginalCosponsor>
        <lastName>Cornyn</lastName>
      </item>
      <item>
        <identifiers>
          <lisID>1965</lisID>
          <bioguideId>B001267</bioguideId>
          <gpoId>8302</gpoId>
        </identifiers>
        <bioguideId>B001267</bioguideId>
        <sponsorshipDate>2017-05-04</sponsorshipDate>
        <middleName>F.</middleName>
        <fullName>Sen. Bennet, Michael F. [D-CO]</fullName>
        <sponsorshipWithdrawnDate />
        <state>CO</state>
        <party>D</party>
        <firstName>Michael</firstName>
        <isOriginalCosponsor>True</isOriginalCosponsor>
        <lastName>Bennet</lastName>
      </item>
      <item>
        <identifiers>
          <gpoId />
          <bioguideId>C001113</bioguideId>
          <lisID>2299</lisID>
        </identifiers>
        <bioguideId>C001113</bioguideId>
        <sponsorshipDate>2017-05-04</sponsorshipDate>
        <middleName />
        <fullName>Sen. Cortez Masto, Catherine  [D-NV]</fullName>
        <sponsorshipWithdrawnDate />
        <state>NV</state>
        <party>D</party>
        <firstName>Catherine</firstName>
        <isOriginalCosponsor>True</isOriginalCosponsor>
        <lastName>Cortez Masto</lastName>
      </item>
      <item>
        <identifiers>
          <lisID>2175</lisID>
          <bioguideId>C001098</bioguideId>
          <gpoId />
        </identifiers>
        <bioguideId>C001098</bioguideId>
        <sponsorshipDate>2017-05-04</sponsorshipDate>
        <middleName />
        <fullName>Sen. Cruz, Ted [R-TX]</fullName>
        <sponsorshipWithdrawnDate />
        <state>TX</state>
        <party>R</party>
        <firstName>Ted</firstName>
        <isOriginalCosponsor>True</isOriginalCosponsor>
        <lastName>Cruz</lastName>
      </item>
      <item>
        <identifiers>
          <lisID>326</lisID>
          <gpoId>8326</gpoId>
          <bioguideId>D000563</bioguideId>
        </identifiers>
        <bioguideId>D000563</bioguideId>
        <sponsorshipDate>2017-05-04</sponsorshipDate>
        <middleName>J.</middleName>
        <fullName>Sen. Durbin, Richard J. [D-IL]</fullName>
        <sponsorshipWithdrawnDate />
        <state>IL</state>
        <party>D</party>
        <firstName>RICHARD</firstName>
        <isOriginalCosponsor>True</isOriginalCosponsor>
        <lastName>DURBIN</lastName>
      </item>
      <item>
        <identifiers>
          <gpoId>8339</gpoId>
          <lisID>1969</lisID>
          <bioguideId>F000457</bioguideId>
        </identifiers>
        <bioguideId>F000457</bioguideId>
        <sponsorshipDate>2017-05-04</sponsorshipDate>
        <middleName />
        <fullName>Sen. Franken, Al [D-MN]</fullName>
        <sponsorshipWithdrawnDate />
        <state>MN</state>
        <party>D</party>
        <firstName>Al</firstName>
        <isOriginalCosponsor>True</isOriginalCosponsor>
        <lastName>Franken</lastName>
      </item>
      <item>
        <identifiers>
          <lisID>1998</lisID>
          <gpoId>7862</gpoId>
          <bioguideId>G000562</bioguideId>
        </identifiers>
        <bioguideId>G000562</bioguideId>
        <sponsorshipDate>2017-05-04</sponsorshipDate>
        <middleName />
        <fullName>Sen. Gardner, Cory [R-CO]</fullName>
        <sponsorshipWithdrawnDate />
        <state>CO</state>
        <party>R</party>
        <firstName>Cory</firstName>
        <isOriginalCosponsor>True</isOriginalCosponsor>
        <lastName>Gardner</lastName>
      </item>
      <item>
        <identifiers>
          <lisID>1937</lisID>
          <bioguideId>H001046</bioguideId>
          <gpoId>8056</gpoId>
        </identifiers>
        <bioguideId>H001046</bioguideId>
        <sponsorshipDate>2017-05-04</sponsorshipDate>
        <middleName />
        <fullName>Sen. Heinrich, Martin [D-NM]</fullName>
        <sponsorshipWithdrawnDate />
        <state>NM</state>
        <party>D</party>
        <firstName>Martin</firstName>
        <isOriginalCosponsor>True</isOriginalCosponsor>
        <lastName>Heinrich</lastName>
      </item>
      <item>
        <identifiers>
          <bioguideId>M001111</bioguideId>
          <gpoId>8237</gpoId>
          <lisID>1409</lisID>
        </identifiers>
        <bioguideId>M001111</bioguideId>
        <sponsorshipDate>2017-05-04</sponsorshipDate>
        <middleName />
        <fullName>Sen. Murray, Patty [D-WA]</fullName>
        <sponsorshipWithdrawnDate />
        <state>WA</state>
        <party>D</party>
        <firstName>PATTY</firstName>
        <isOriginalCosponsor>True</isOriginalCosponsor>
        <lastName>MURRAY</lastName>
      </item>
      <item>
        <identifiers>
          <lisID>1036</lisID>
          <bioguideId>S000148</bioguideId>
          <gpoId>8279</gpoId>
        </identifiers>
        <bioguideId>S000148</bioguideId>
        <sponsorshipDate>2017-05-04</sponsorshipDate>
        <middleName>E.</middleName>
        <fullName>Sen. Schumer, Charles E. [D-NY]</fullName>
        <sponsorshipWithdrawnDate />
        <state>NY</state>
        <party>D</party>
        <firstName>CHARLES</firstName>
        <isOriginalCosponsor>True</isOriginalCosponsor>
        <lastName>SCHUMER</lastName>
      </item>
      <item>
        <identifiers>
          <bioguideId>U000039</bioguideId>
          <gpoId>8260</gpoId>
          <lisID>1567</lisID>
        </identifiers>
        <bioguideId>U000039</bioguideId>
        <sponsorshipDate>2017-05-04</sponsorshipDate>
        <middleName />
        <fullName>Sen. Udall, Tom [D-NM]</fullName>
        <sponsorshipWithdrawnDate />
        <state>NM</state>
        <party>D</party>
        <firstName>TOM</firstName>
        <isOriginalCosponsor>True</isOriginalCosponsor>
        <lastName>UDALL</lastName>
      </item>
      <item>
        <identifiers>
          <lisID>2123</lisID>
          <bioguideId>D000622</bioguideId>
          <gpoId />
        </identifiers>
        <bioguideId>D000622</bioguideId>
        <sponsorshipDate>2017-05-04</sponsorshipDate>
        <middleName />
        <fullName>Sen. Duckworth, Tammy [D-IL]</fullName>
        <sponsorshipWithdrawnDate />
        <state>IL</state>
        <party>D</party>
        <firstName>Tammy</firstName>
        <isOriginalCosponsor>True</isOriginalCosponsor>
        <lastName>Duckworth</lastName>
      </item>
      <item>
        <identifiers>
          <gpoId>8287</gpoId>
          <lisID>174</lisID>
          <bioguideId>C000141</bioguideId>
        </identifiers>
        <bioguideId>C000141</bioguideId>
        <sponsorshipDate>2017-05-04</sponsorshipDate>
        <middleName>L.</middleName>
        <fullName>Sen. Cardin, Benjamin L. [D-MD]</fullName>
        <sponsorshipWithdrawnDate />
        <state>MD</state>
        <party>D</party>
        <firstName>BENJAMIN</firstName>
        <isOriginalCosponsor>True</isOriginalCosponsor>
        <lastName>CARDIN</lastName>
      </item>
    </cosponsors>
    <billType>SRES</billType>
    <recordedVotes />
    <laws />
    <committeeReports />
    <actions>
      <item>
        <actionDate>2017-05-04</actionDate>
        <committee />
        <links>
          <link>
            <name>S2780</name>
            <url>https://www.congress.gov/congressional-record/volume-163/senate-section/page/S2780</url>
          </link>
          <link>
            <name>S2781</name>
            <url>https://www.congress.gov/congressional-record/volume-163/senate-section/page/S2781</url>
          </link>
        </links>
        <sourceSystem>
          <name>Senate</name>
          <code>0</code>
        </sourceSystem>
        <text>Submitted in the Senate, considered, and agreed to without amendment and with a preamble by Unanimous Consent. (consideration: CR S2781; text: CR S2780)</text>
        <type>Floor</type>
      </item>
      <item>
        <sourceSystem>
          <name>Library of Congress</name>
          <code>9</code>
        </sourceSystem>
        <actionDate>2017-05-04</actionDate>
        <links>
          <link>
            <name>S2780</name>
            <url>https://www.congress.gov/congressional-record/volume-163/senate-section/page/S2780</url>
          </link>
          <link>
            <name>S2781</name>
            <url>https://www.congress.gov/congressional-record/volume-163/senate-section/page/S2781</url>
          </link>
        </links>
        <text>Passed/agreed to in Senate: Submitted in the Senate, considered, and agreed to without amendment and with a preamble by Unanimous Consent.(consideration: CR S2781; text: CR S2780)</text>
        <committee />
        <actionCode>17000</actionCode>
        <type>Floor</type>
      </item>
      <item>
        <sourceSystem>
          <name>Library of Congress</name>
          <code>9</code>
        </sourceSystem>
        <actionDate>2017-05-04</actionDate>
        <links />
        <text>Introduced in Senate</text>
        <committee />
        <actionCode>10000</actionCode>
        <type>IntroReferral</type>
      </item>
      <actionByCounts>
        <senate>3</senate>
      </actionByCounts>
      <actionTypeCounts>
        <passedOrAgreedToInSenateDayOf>1</passedOrAgreedToInSenateDayOf>
        <passedAgreedToInSenate>1</passedAgreedToInSenate>
        <introducedInSenate>1</introducedInSenate>
      </actionTypeCounts>
    </actions>
    <createDate>2017-05-05T00:41:39Z</createDate>
    <version>1.0.0</version>
    <notes />
    <latestAction>
      <actionDate>2017-05-04</actionDate>
      <text>Submitted in the Senate, considered, and agreed to without amendment and with a preamble by Unanimous Consent. (consideration: CR S2781; text: CR S2780)</text>
      <links />
    </latestAction>
    <title>A resolution recognizing the cultural and historical significance of the Cinco de Mayo holiday.</title>
    <summaries>
      <billSummaries>
        <item>
          <versionCode>00</versionCode>
          <updateDate>2017-05-04T04:00:00Z</updateDate>
          <actionDate>2017-05-04</actionDate>
          <text><![CDATA[<p>Recognizes the historic struggle of the people of Mexico for independence and freedom, which Cinco de Mayo commemorates.</p> <p> Encourages the people of the United States to observe Cinco de Mayo with appropriate ceremonies and activities.</p>]]></text>
          <actionDesc>Introduced in Senate</actionDesc>
          <lastSummaryUpdateDate>2017-05-20T15:31:00Z</lastSummaryUpdateDate>
          <name>Introduced in Senate</name>
        </item>
        <item>
          <versionCode>82</versionCode>
          <updateDate>2017-05-04T18:06:25Z</updateDate>
          <actionDate>2017-05-04</actionDate>
          <text><![CDATA[<p>(This measure has not been amended since it was introduced. The summary of that version is repeated here.)</p> <p>Recognizes the historic struggle of the people of Mexico for independence and freedom, which Cinco de Mayo commemorates.</p> <p> Encourages the people of the United States to observe Cinco de Mayo with appropriate ceremonies and activities.</p>]]></text>
          <actionDesc>Passed Senate without amendment</actionDesc>
          <lastSummaryUpdateDate>2017-05-20T15:32:19Z</lastSummaryUpdateDate>
          <name>Passed Senate without amendment</name>
        </item>
      </billSummaries>
    </summaries>
    <congress>115</congress>
    <policyArea>
      <name>International Affairs</name>
    </policyArea>
    <billNumber>158</billNumber>
    <calendarNumbers />
    <cboCostEstimates />
    <subjects>
      <billSubjects>
        <policyArea>
          <name>International Affairs</name>
        </policyArea>
        <legislativeSubjects>
          <item>
            <name>Commemorative events and holidays</name>
          </item>
          <item>
            <name>Latin America</name>
          </item>
          <item>
            <name>Mexico</name>
          </item>
        </legislativeSubjects>
      </billSubjects>
    </subjects>
    <relatedBills />
    <committees>
      <billCommittees />
    </committees>
    <titles>
      <item>
        <chamberName />
        <titleType>Official Title as Introduced</titleType>
        <title>A resolution recognizing the cultural and historical significance of the Cinco de Mayo holiday.</title>
        <parentTitleType />
        <chamberCode />
      </item>
      <item>
        <chamberName />
        <titleType>Display Title</titleType>
        <title>A resolution recognizing the cultural and historical significance of the Cinco de Mayo holiday.</title>
        <parentTitleType />
        <chamberCode />
      </item>
    </titles>
    <sponsors>
      <item>
        <fullName>Sen. Menendez, Robert [D-NJ]</fullName>
        <middleName />
        <state>NJ</state>
        <byRequestType />
        <firstName>ROBERT</firstName>
        <bioguideId>M000639</bioguideId>
        <party>D</party>
        <lastName>MENENDEZ</lastName>
        <identifiers>
          <lisID>791</lisID>
          <gpoId>8239</gpoId>
          <bioguideId>M000639</bioguideId>
        </identifiers>
      </item>
    </sponsors>
    <updateDate>2018-02-06T16:44:06Z</updateDate>
    <amendments />
  </bill>
  <dublinCore xmlns:dc="http://purl.org/dc/elements/1.1/">
    <dc:format>text/xml</dc:format>
    <dc:language>EN</dc:language>
    <dc:rights>Pursuant to Title 17 Section 105 of the United States Code, this file is not subject to copyright protection and is in the public domain.</dc:rights>
    <dc:contributor>Congressional Research Service, Library of Congress</dc:contributor>
    <dc:description>This file contains bill summaries and statuses for federal legislation. A bill summary describes the most significant provisions of a piece of legislation and details the effects the legislative text may have on current law and federal programs. Bill summaries are authored by the Congressional Research Service (CRS) of the Library of Congress. As stated in Public Law 91-510 (2 USC 166 (d)(6)), one of the duties of CRS is "to prepare summaries and digests of bills and resolutions of a public general nature introduced in the Senate or House of Representatives". For more information, refer to the User Guide that accompanies this file.</dc:description>
  </dublinCore>
</billStatus>

