<?xml version="1.0" encoding="UTF-8"?>
<billStatus>
  <bill>
    <cboCostEstimates />
    <summaries>
      <billSummaries>
        <item>
          <actionDate>2017-10-25</actionDate>
          <versionCode>00</versionCode>
          <actionDesc>Introduced in Senate</actionDesc>
          <lastSummaryUpdateDate>2018-02-07T21:07:22Z</lastSummaryUpdateDate>
          <text><![CDATA[<p>Expresses support for the designation of October 2017 as National Audiology Awareness Month, and applauds the actions of those advancing the profession of audiology. </p>]]></text>
          <updateDate>2017-10-25T04:00:00Z</updateDate>
          <name>Introduced in Senate</name>
        </item>
      </billSummaries>
    </summaries>
    <billNumber>303</billNumber>
    <actions>
      <item>
        <actionDate>2017-10-25</actionDate>
        <committee>
          <name>Health, Education, Labor, and Pensions Committee</name>
          <systemCode>sshr00</systemCode>
        </committee>
        <links>
          <link>
            <url>https://www.congress.gov/congressional-record/volume-163/senate-section/page/S6818</url>
            <name>S6818</name>
          </link>
        </links>
        <sourceSystem>
          <code>0</code>
          <name>Senate</name>
        </sourceSystem>
        <text>Referred to the Committee on Health, Education, Labor, and Pensions. (text of measure as introduced: CR S6818)</text>
        <type>IntroReferral</type>
      </item>
      <item>
        <links />
        <text>Introduced in Senate</text>
        <committee />
        <type>IntroReferral</type>
        <actionCode>10000</actionCode>
        <sourceSystem>
          <code>9</code>
          <name>Library of Congress</name>
        </sourceSystem>
        <actionDate>2017-10-25</actionDate>
      </item>
      <actionByCounts>
        <senate>2</senate>
      </actionByCounts>
      <actionTypeCounts>
        <referredToCommittee>1</referredToCommittee>
        <introducedInSenate>1</introducedInSenate>
      </actionTypeCounts>
    </actions>
    <recordedVotes />
    <relatedBills>
      <item>
        <relationshipDetails>
          <item>
            <type>Related bill</type>
            <identifiedBy>CRS</identifiedBy>
          </item>
        </relationshipDetails>
        <latestAction>
          <actionDate>2017-11-09</actionDate>
          <text>Submitted in the Senate, considered, and agreed to without amendment and with a preamble by Unanimous Consent. (consideration: CR S7167; text: CR S7159)</text>
        </latestAction>
        <latestTitle>A resolution expressing support for the designation of October 2017 as "National Audiology Awareness Month".</latestTitle>
        <congress>115</congress>
        <type>SRES</type>
        <number>329</number>
      </item>
    </relatedBills>
    <committeeReports />
    <congress>115</congress>
    <updateDate>2018-02-20T13:03:32Z</updateDate>
    <createDate>2017-10-26T00:26:16Z</createDate>
    <sponsors>
      <item>
        <firstName>Elizabeth</firstName>
        <byRequestType />
        <bioguideId>W000817</bioguideId>
        <identifiers>
          <lisID>2182</lisID>
          <gpoId />
          <bioguideId>W000817</bioguideId>
        </identifiers>
        <state>MA</state>
        <fullName>Sen. Warren, Elizabeth [D-MA]</fullName>
        <lastName>Warren</lastName>
        <middleName>A.</middleName>
        <party>D</party>
      </item>
    </sponsors>
    <calendarNumbers />
    <latestAction>
      <links />
      <actionDate>2017-10-25</actionDate>
      <text>Referred to the Committee on Health, Education, Labor, and Pensions. (text of measure as introduced: CR S6818)</text>
    </latestAction>
    <laws />
    <subjects>
      <billSubjects>
        <legislativeSubjects />
        <policyArea>
          <name>Health</name>
        </policyArea>
      </billSubjects>
    </subjects>
    <policyArea>
      <name>Health</name>
    </policyArea>
    <committees>
      <billCommittees>
        <item>
          <name>Health, Education, Labor, and Pensions Committee</name>
          <type>Standing</type>
          <chamber>Senate</chamber>
          <systemCode>sshr00</systemCode>
          <subcommittees />
          <activities>
            <item>
              <date>2017-10-25T16:35:50Z</date>
              <name>Referred to</name>
            </item>
          </activities>
        </item>
      </billCommittees>
    </committees>
    <billType>SRES</billType>
    <version>1.0.0</version>
    <title>A resolution expressing support for the designation of October 2017 as "National Audiology Awareness Month".</title>
    <cosponsors>
      <item>
        <fullName>Sen. Grassley, Chuck [R-IA]</fullName>
        <state>IA</state>
        <bioguideId>G000386</bioguideId>
        <lastName>GRASSLEY</lastName>
        <isOriginalCosponsor>True</isOriginalCosponsor>
        <middleName>ERNEST</middleName>
        <sponsorshipDate>2017-10-25</sponsorshipDate>
        <sponsorshipWithdrawnDate />
        <identifiers>
          <lisID>457</lisID>
          <gpoId>8316</gpoId>
          <bioguideId>G000386</bioguideId>
        </identifiers>
        <party>R</party>
        <firstName>CHARLES</firstName>
      </item>
      <item>
        <fullName>Sen. Hassan, Margaret Wood [D-NH]</fullName>
        <state>NH</state>
        <bioguideId>H001076</bioguideId>
        <lastName>Hassan</lastName>
        <isOriginalCosponsor>True</isOriginalCosponsor>
        <middleName>Wood</middleName>
        <sponsorshipDate>2017-10-25</sponsorshipDate>
        <sponsorshipWithdrawnDate />
        <identifiers>
          <lisID>2302</lisID>
          <bioguideId>H001076</bioguideId>
          <gpoId />
        </identifiers>
        <party>D</party>
        <firstName>Margaret</firstName>
      </item>
    </cosponsors>
    <amendments />
    <notes />
    <originChamber>Senate</originChamber>
    <titles>
      <item>
        <chamberName />
        <title>A resolution expressing support for the designation of October 2017 as "National Audiology Awareness Month".</title>
        <parentTitleType />
        <titleType>Official Title as Introduced</titleType>
        <chamberCode />
      </item>
      <item>
        <chamberName />
        <title>A resolution expressing support for the designation of October 2017 as "National Audiology Awareness Month".</title>
        <parentTitleType />
        <titleType>Display Title</titleType>
        <chamberCode />
      </item>
    </titles>
    <introducedDate>2017-10-25</introducedDate>
  </bill>
  <dublinCore xmlns:dc="http://purl.org/dc/elements/1.1/">
    <dc:format>text/xml</dc:format>
    <dc:language>EN</dc:language>
    <dc:rights>Pursuant to Title 17 Section 105 of the United States Code, this file is not subject to copyright protection and is in the public domain.</dc:rights>
    <dc:contributor>Congressional Research Service, Library of Congress</dc:contributor>
    <dc:description>This file contains bill summaries and statuses for federal legislation. A bill summary describes the most significant provisions of a piece of legislation and details the effects the legislative text may have on current law and federal programs. Bill summaries are authored by the Congressional Research Service (CRS) of the Library of Congress. As stated in Public Law 91-510 (2 USC 166 (d)(6)), one of the duties of CRS is "to prepare summaries and digests of bills and resolutions of a public general nature introduced in the Senate or House of Representatives". For more information, refer to the User Guide that accompanies this file.</dc:description>
  </dublinCore>
</billStatus>

