<?xml version="1.0" encoding="UTF-8"?>
<billStatus>
  <bill>
    <committeeReports />
    <summaries>
      <billSummaries>
        <item>
          <updateDate>2017-10-25T04:00:00Z</updateDate>
          <lastSummaryUpdateDate>2018-02-27T14:51:27Z</lastSummaryUpdateDate>
          <versionCode>00</versionCode>
          <name>Introduced in Senate</name>
          <text><![CDATA[<p> Expresses the sense of the Senate that:</p> <ul> <li>October has been designated National Women's Small Business Month by the Small Business Administration;</li> <li> minority women often work in low-paying jobs in the traditional workforce; </li> <li> minority women entrepreneurs are paving the way for women-owned businesses and are an important segment of the domestic and global economies;</li> <li> in order to sustain the U.S. economy, Congress must fully support and encourage the growth of minority women-owned businesses.</li> </ul>]]></text>
          <actionDate>2017-10-25</actionDate>
          <actionDesc>Introduced in Senate</actionDesc>
        </item>
      </billSummaries>
    </summaries>
    <relatedBills>
      <item>
        <number>586</number>
        <relationshipDetails>
          <item>
            <type>Related bill</type>
            <identifiedBy>CRS</identifiedBy>
          </item>
        </relationshipDetails>
        <latestTitle>Recognizing the growth and importance of minority women-owned businesses.</latestTitle>
        <congress>115</congress>
        <latestAction>
          <actionDate>2017-10-27</actionDate>
          <text>Referred to the Subcommittee on Digital Commerce and Consumer Protection.</text>
        </latestAction>
        <type>HRES</type>
      </item>
    </relatedBills>
    <createDate>2017-10-26T00:26:16Z</createDate>
    <cosponsors>
      <item>
        <firstName>Mazie</firstName>
        <middleName>K.</middleName>
        <lastName>Hirono</lastName>
        <bioguideId>H001042</bioguideId>
        <fullName>Sen. Hirono, Mazie K. [D-HI]</fullName>
        <state>HI</state>
        <sponsorshipDate>2017-10-25</sponsorshipDate>
        <sponsorshipWithdrawnDate />
        <party>D</party>
        <identifiers>
          <bioguideId>H001042</bioguideId>
          <lisID>1844</lisID>
          <gpoId>7913</gpoId>
        </identifiers>
        <isOriginalCosponsor>True</isOriginalCosponsor>
      </item>
    </cosponsors>
    <billNumber>304</billNumber>
    <version>1.0.0</version>
    <calendarNumbers />
    <amendments />
    <laws />
    <titles>
      <item>
        <titleType>Official Title as Introduced</titleType>
        <chamberName />
        <parentTitleType />
        <title>A resolution expressing the sense of the Senate that entrepreneurship on the part of minority women-owned businesses should be fully supported and encouraged.</title>
        <chamberCode />
      </item>
      <item>
        <titleType>Display Title</titleType>
        <chamberName />
        <parentTitleType />
        <title>A resolution expressing the sense of the Senate that entrepreneurship on the part of minority women-owned businesses should be fully supported and encouraged.</title>
        <chamberCode />
      </item>
    </titles>
    <recordedVotes />
    <originChamber>Senate</originChamber>
    <latestAction>
      <text>Referred to the Committee on Health, Education, Labor, and Pensions. (text of measure as introduced: CR S6818)</text>
      <actionDate>2017-10-25</actionDate>
      <links />
    </latestAction>
    <introducedDate>2017-10-25</introducedDate>
    <sponsors>
      <item>
        <fullName>Sen. Duckworth, Tammy [D-IL]</fullName>
        <party>D</party>
        <identifiers>
          <bioguideId>D000622</bioguideId>
          <lisID>2123</lisID>
          <gpoId />
        </identifiers>
        <firstName>Tammy</firstName>
        <middleName />
        <lastName>Duckworth</lastName>
        <bioguideId>D000622</bioguideId>
        <state>IL</state>
        <byRequestType />
      </item>
    </sponsors>
    <subjects>
      <billSubjects>
        <policyArea>
          <name>Commerce</name>
        </policyArea>
        <legislativeSubjects />
      </billSubjects>
    </subjects>
    <policyArea>
      <name>Commerce</name>
    </policyArea>
    <billType>SRES</billType>
    <notes />
    <title>A resolution expressing the sense of the Senate that entrepreneurship on the part of minority women-owned businesses should be fully supported and encouraged.</title>
    <committees>
      <billCommittees>
        <item>
          <type>Standing</type>
          <chamber>Senate</chamber>
          <name>Health, Education, Labor, and Pensions Committee</name>
          <activities>
            <item>
              <name>Referred to</name>
              <date>2017-10-25T20:50:42Z</date>
            </item>
          </activities>
          <subcommittees />
          <systemCode>sshr00</systemCode>
        </item>
      </billCommittees>
    </committees>
    <congress>115</congress>
    <cboCostEstimates />
    <updateDate>2018-03-01T05:44:09Z</updateDate>
    <actions>
      <actionByCounts>
        <senate>2</senate>
      </actionByCounts>
      <actionTypeCounts>
        <introducedInSenate>1</introducedInSenate>
        <referredToCommittee>1</referredToCommittee>
      </actionTypeCounts>
      <item>
        <actionDate>2017-10-25</actionDate>
        <committee>
          <systemCode>sshr00</systemCode>
          <name>Health, Education, Labor, and Pensions Committee</name>
        </committee>
        <links>
          <link>
            <name>S6818</name>
            <url>https://www.congress.gov/congressional-record/volume-163/senate-section/page/S6818</url>
          </link>
        </links>
        <sourceSystem>
          <code>0</code>
          <name>Senate</name>
        </sourceSystem>
        <text>Referred to the Committee on Health, Education, Labor, and Pensions. (text of measure as introduced: CR S6818)</text>
        <type>IntroReferral</type>
      </item>
      <item>
        <actionDate>2017-10-25</actionDate>
        <committee />
        <links />
        <text>Introduced in Senate</text>
        <type>IntroReferral</type>
        <sourceSystem>
          <code>9</code>
          <name>Library of Congress</name>
        </sourceSystem>
        <actionCode>10000</actionCode>
      </item>
    </actions>
  </bill>
  <dublinCore xmlns:dc="http://purl.org/dc/elements/1.1/">
    <dc:format>text/xml</dc:format>
    <dc:language>EN</dc:language>
    <dc:rights>Pursuant to Title 17 Section 105 of the United States Code, this file is not subject to copyright protection and is in the public domain.</dc:rights>
    <dc:contributor>Congressional Research Service, Library of Congress</dc:contributor>
    <dc:description>This file contains bill summaries and statuses for federal legislation. A bill summary describes the most significant provisions of a piece of legislation and details the effects the legislative text may have on current law and federal programs. Bill summaries are authored by the Congressional Research Service (CRS) of the Library of Congress. As stated in Public Law 91-510 (2 USC 166 (d)(6)), one of the duties of CRS is "to prepare summaries and digests of bills and resolutions of a public general nature introduced in the Senate or House of Representatives". For more information, refer to the User Guide that accompanies this file.</dc:description>
  </dublinCore>
</billStatus>

