<?xml version="1.0" encoding="UTF-8"?>
<billStatus>
  <bill>
    <policyArea>
      <name>Sports and Recreation</name>
    </policyArea>
    <calendarNumbers />
    <actions>
      <actionByCounts>
        <senate>3</senate>
      </actionByCounts>
      <actionTypeCounts>
        <passedOrAgreedToInSenateDayOf>1</passedOrAgreedToInSenateDayOf>
        <introducedInSenate>1</introducedInSenate>
        <passedAgreedToInSenate>1</passedAgreedToInSenate>
      </actionTypeCounts>
      <item>
        <actionDate>2018-01-18</actionDate>
        <committee />
        <links>
          <link>
            <name>S277</name>
            <url>https://www.congress.gov/congressional-record/volume-164/senate-section/page/S277</url>
          </link>
          <link>
            <name>S302</name>
            <url>https://www.congress.gov/congressional-record/volume-164/senate-section/page/S302</url>
          </link>
        </links>
        <sourceSystem>
          <code>0</code>
          <name>Senate</name>
        </sourceSystem>
        <text>Submitted in the Senate, considered, and agreed to without amendment and with a preamble by Unanimous Consent. (consideration: CR S277; text: CR S302)</text>
        <type>Floor</type>
      </item>
      <item>
        <actionDate>2018-01-18</actionDate>
        <committee />
        <links>
          <link>
            <name>S277</name>
            <url>https://www.congress.gov/congressional-record/volume-164/senate-section/page/S277</url>
          </link>
          <link>
            <name>S302</name>
            <url>https://www.congress.gov/congressional-record/volume-164/senate-section/page/S302</url>
          </link>
        </links>
        <text>Passed/agreed to in Senate: Submitted in the Senate, considered, and agreed to without amendment and with a preamble by Unanimous Consent.(consideration: CR S277; text: CR S302)</text>
        <type>Floor</type>
        <sourceSystem>
          <code>9</code>
          <name>Library of Congress</name>
        </sourceSystem>
        <actionCode>17000</actionCode>
      </item>
      <item>
        <actionDate>2018-01-18</actionDate>
        <committee />
        <links />
        <text>Introduced in Senate</text>
        <type>IntroReferral</type>
        <sourceSystem>
          <code>9</code>
          <name>Library of Congress</name>
        </sourceSystem>
        <actionCode>10000</actionCode>
      </item>
    </actions>
    <latestAction>
      <text>Submitted in the Senate, considered, and agreed to without amendment and with a preamble by Unanimous Consent. (consideration: CR S277; text: CR S302)</text>
      <actionDate>2018-01-18</actionDate>
      <links />
    </latestAction>
    <cboCostEstimates />
    <recordedVotes />
    <titles>
      <item>
        <parentTitleType />
        <chamberCode />
        <chamberName />
        <titleType>Official Title as Introduced</titleType>
        <title>A resolution congratulating the University of Alabama Crimson Tide football team for winning the 2018 National Collegiate Athletic Association College Football Playoff National Championship.</title>
      </item>
      <item>
        <parentTitleType />
        <chamberCode />
        <chamberName />
        <titleType>Display Title</titleType>
        <title>A resolution congratulating the University of Alabama Crimson Tide football team for winning the 2018 National Collegiate Athletic Association College Football Playoff National Championship.</title>
      </item>
    </titles>
    <billNumber>375</billNumber>
    <committeeReports />
    <cosponsors>
      <item>
        <lastName>Jones</lastName>
        <identifiers>
          <bioguideId>J000300</bioguideId>
          <lisID>2364</lisID>
          <gpoId />
        </identifiers>
        <party>D</party>
        <isOriginalCosponsor>True</isOriginalCosponsor>
        <middleName />
        <fullName>Sen. Jones, Doug  [D-AL]</fullName>
        <firstName>Doug</firstName>
        <sponsorshipWithdrawnDate />
        <bioguideId>J000300</bioguideId>
        <state>AL</state>
        <sponsorshipDate>2018-01-18</sponsorshipDate>
      </item>
    </cosponsors>
    <title>A resolution congratulating the University of Alabama Crimson Tide football team for winning the 2018 National Collegiate Athletic Association College Football Playoff National Championship.</title>
    <subjects>
      <billSubjects>
        <legislativeSubjects />
        <policyArea>
          <name>Sports and Recreation</name>
        </policyArea>
      </billSubjects>
    </subjects>
    <relatedBills />
    <amendments />
    <committees>
      <billCommittees />
    </committees>
    <congress>115</congress>
    <laws />
    <updateDate>2018-02-28T21:00:09Z</updateDate>
    <sponsors>
      <item>
        <lastName>SHELBY</lastName>
        <middleName>CRAIG</middleName>
        <firstName>RICHARD</firstName>
        <party>R</party>
        <bioguideId>S000320</bioguideId>
        <identifiers>
          <bioguideId>S000320</bioguideId>
          <gpoId>8277</gpoId>
          <lisID>1049</lisID>
        </identifiers>
        <byRequestType />
        <state>AL</state>
        <fullName>Sen. Shelby, Richard C. [R-AL]</fullName>
      </item>
    </sponsors>
    <summaries>
      <billSummaries>
        <item>
          <versionCode>00</versionCode>
          <name>Introduced in Senate</name>
          <actionDate>2018-01-18</actionDate>
          <lastSummaryUpdateDate>2018-02-28T20:56:25Z</lastSummaryUpdateDate>
          <text><![CDATA[<p>Congratulates the University of Alabama Crimson Tide for winning the 2018 National Collegiate Athletic Association College Football Playoff National Championship. </p>]]></text>
          <updateDate>2018-01-18T05:00:00Z</updateDate>
          <actionDesc>Introduced in Senate</actionDesc>
        </item>
        <item>
          <versionCode>82</versionCode>
          <name>Passed Senate without amendment</name>
          <actionDate>2018-01-18</actionDate>
          <lastSummaryUpdateDate>2018-02-28T20:56:37Z</lastSummaryUpdateDate>
          <text><![CDATA[<p>(This measure has not been amended since it was introduced. The summary of that version is repeated here.)</p> <p>Congratulates the University of Alabama Crimson Tide for winning the 2018 National Collegiate Athletic Association College Football Playoff National Championship. </p>]]></text>
          <updateDate>2018-01-18T16:01:57Z</updateDate>
          <actionDesc>Passed Senate without amendment</actionDesc>
        </item>
      </billSummaries>
    </summaries>
    <introducedDate>2018-01-18</introducedDate>
    <originChamber>Senate</originChamber>
    <version>1.0.0</version>
    <createDate>2018-01-19T00:56:03Z</createDate>
    <billType>SRES</billType>
    <notes />
  </bill>
  <dublinCore xmlns:dc="http://purl.org/dc/elements/1.1/">
    <dc:format>text/xml</dc:format>
    <dc:language>EN</dc:language>
    <dc:rights>Pursuant to Title 17 Section 105 of the United States Code, this file is not subject to copyright protection and is in the public domain.</dc:rights>
    <dc:contributor>Congressional Research Service, Library of Congress</dc:contributor>
    <dc:description>This file contains bill summaries and statuses for federal legislation. A bill summary describes the most significant provisions of a piece of legislation and details the effects the legislative text may have on current law and federal programs. Bill summaries are authored by the Congressional Research Service (CRS) of the Library of Congress. As stated in Public Law 91-510 (2 USC 166 (d)(6)), one of the duties of CRS is "to prepare summaries and digests of bills and resolutions of a public general nature introduced in the Senate or House of Representatives". For more information, refer to the User Guide that accompanies this file.</dc:description>
  </dublinCore>
</billStatus>

