<?xml version="1.0" encoding="UTF-8"?>
<billStatus>
  <bill>
    <policyArea>
      <name>Health</name>
    </policyArea>
    <introducedDate>2017-11-08</introducedDate>
    <cosponsors>
      <item>
        <state>WV</state>
        <identifiers>
          <lisID>1676</lisID>
          <gpoId>8223</gpoId>
          <bioguideId>C001047</bioguideId>
        </identifiers>
        <bioguideId>C001047</bioguideId>
        <sponsorshipDate>2017-11-08</sponsorshipDate>
        <lastName>CAPITO</lastName>
        <fullName>Sen. Capito, Shelley Moore [R-WV]</fullName>
        <firstName>SHELLEY</firstName>
        <party>R</party>
        <middleName>MOORE</middleName>
        <isOriginalCosponsor>True</isOriginalCosponsor>
        <sponsorshipWithdrawnDate />
      </item>
      <item>
        <state>NM</state>
        <identifiers>
          <gpoId>8056</gpoId>
          <lisID>1937</lisID>
          <bioguideId>H001046</bioguideId>
        </identifiers>
        <bioguideId>H001046</bioguideId>
        <sponsorshipDate>2017-11-08</sponsorshipDate>
        <lastName>Heinrich</lastName>
        <fullName>Sen. Heinrich, Martin [D-NM]</fullName>
        <firstName>Martin</firstName>
        <party>D</party>
        <middleName />
        <isOriginalCosponsor>True</isOriginalCosponsor>
        <sponsorshipWithdrawnDate />
      </item>
    </cosponsors>
    <congress>115</congress>
    <recordedVotes />
    <amendments />
    <laws />
    <cboCostEstimates />
    <actions>
      <item>
        <actionDate>2017-11-08</actionDate>
        <committee />
        <links>
          <link>
            <url>https://www.congress.gov/congressional-record/volume-163/senate-section/page/S7120</url>
            <name>S7120</name>
          </link>
          <link>
            <url>https://www.congress.gov/congressional-record/volume-163/senate-section/page/S7121</url>
            <name>S7121</name>
          </link>
        </links>
        <sourceSystem>
          <code>0</code>
          <name>Senate</name>
        </sourceSystem>
        <text>Submitted in the Senate, considered, and agreed to without amendment and with a preamble by Unanimous Consent. (consideration: CR S7121; text: CR S7120)</text>
        <type>Floor</type>
      </item>
      <item>
        <committee />
        <sourceSystem>
          <code>9</code>
          <name>Library of Congress</name>
        </sourceSystem>
        <actionDate>2017-11-08</actionDate>
        <text>Passed/agreed to in Senate: Submitted in the Senate, considered, and agreed to without amendment and with a preamble by Unanimous Consent.(consideration: CR S7121; text: CR S7120)</text>
        <links>
          <link>
            <url>https://www.congress.gov/congressional-record/volume-163/senate-section/page/S7120</url>
            <name>S7120</name>
          </link>
          <link>
            <url>https://www.congress.gov/congressional-record/volume-163/senate-section/page/S7121</url>
            <name>S7121</name>
          </link>
        </links>
        <type>Floor</type>
        <actionCode>17000</actionCode>
      </item>
      <item>
        <committee />
        <sourceSystem>
          <code>9</code>
          <name>Library of Congress</name>
        </sourceSystem>
        <actionDate>2017-11-08</actionDate>
        <text>Introduced in Senate</text>
        <links />
        <type>IntroReferral</type>
        <actionCode>10000</actionCode>
      </item>
      <actionByCounts>
        <senate>3</senate>
      </actionByCounts>
      <actionTypeCounts>
        <passedAgreedToInSenate>1</passedAgreedToInSenate>
        <passedOrAgreedToInSenateDayOf>1</passedOrAgreedToInSenateDayOf>
        <introducedInSenate>1</introducedInSenate>
      </actionTypeCounts>
    </actions>
    <latestAction>
      <text>Submitted in the Senate, considered, and agreed to without amendment and with a preamble by Unanimous Consent. (consideration: CR S7121; text: CR S7120)</text>
      <actionDate>2017-11-08</actionDate>
      <links />
    </latestAction>
    <titles>
      <item>
        <chamberName />
        <titleType>Official Title as Introduced</titleType>
        <title>A resolution expressing support for designation of the week of October 29 through November 4, 2017, as "National Obesity Care Week".</title>
        <parentTitleType />
        <chamberCode />
      </item>
      <item>
        <chamberName />
        <titleType>Display Title</titleType>
        <title>A resolution expressing support for designation of the week of October 29 through November 4, 2017, as "National Obesity Care Week".</title>
        <parentTitleType />
        <chamberCode />
      </item>
    </titles>
    <summaries>
      <billSummaries>
        <item>
          <text><![CDATA[<p>Expresses support for the designation of October 29-November 4, 2017, as National Obesity Care Week.</p> <p>Encourages open communication to eliminate the misunderstanding and stigma regarding obesity and to improve the lives of individuals affected by obesity and their families.</p>]]></text>
          <actionDate>2017-11-08</actionDate>
          <updateDate>2017-11-08T05:00:00Z</updateDate>
          <lastSummaryUpdateDate>2017-11-14T21:11:58Z</lastSummaryUpdateDate>
          <name>Introduced in Senate</name>
          <actionDesc>Introduced in Senate</actionDesc>
          <versionCode>00</versionCode>
        </item>
        <item>
          <text><![CDATA[<p>(This measure has not been amended since it was introduced. The summary of that version is repeated here.)</p> <p>Expresses support for the designation of October 29-November 4, 2017, as National Obesity Care Week.</p> <p>Encourages open communication to eliminate the misunderstanding and stigma regarding obesity and to improve the lives of individuals affected by obesity and their families.</p>]]></text>
          <actionDate>2017-11-08</actionDate>
          <updateDate>2017-11-08T15:32:00Z</updateDate>
          <lastSummaryUpdateDate>2017-12-18T19:52:43Z</lastSummaryUpdateDate>
          <name>Passed Senate without amendment</name>
          <actionDesc>Passed Senate without amendment</actionDesc>
          <versionCode>82</versionCode>
        </item>
      </billSummaries>
    </summaries>
    <title>A resolution expressing support for designation of the week of October 29 through November 4, 2017, as "National Obesity Care Week".</title>
    <calendarNumbers />
    <originChamber>Senate</originChamber>
    <updateDate>2018-02-06T16:44:17Z</updateDate>
    <notes />
    <billType>SRES</billType>
    <committees>
      <billCommittees />
    </committees>
    <relatedBills>
      <item>
        <number>142</number>
        <congress>115</congress>
        <relationshipDetails>
          <item>
            <type>Related bill</type>
            <identifiedBy>CRS</identifiedBy>
          </item>
        </relationshipDetails>
        <latestTitle>Expressing support for designation of the week of October 29 through November 4, 2017, as "National Obesity Care Week".</latestTitle>
        <latestAction>
          <text>Referred to the Subcommittee on Health.</text>
          <actionDate>2017-02-17</actionDate>
        </latestAction>
        <type>HRES</type>
      </item>
      <item>
        <number>63</number>
        <congress>115</congress>
        <relationshipDetails>
          <item>
            <type>Related bill</type>
            <identifiedBy>CRS</identifiedBy>
          </item>
        </relationshipDetails>
        <latestTitle>A resolution expressing support for the designation of the week of October 29 through November 4, 2017, as "National Obesity Care Week".</latestTitle>
        <latestAction>
          <text>Referred to the Committee on Health, Education, Labor, and Pensions. (text of measure as introduced: CR S1313)</text>
          <actionDate>2017-02-16</actionDate>
        </latestAction>
        <type>SRES</type>
      </item>
    </relatedBills>
    <committeeReports />
    <billNumber>325</billNumber>
    <sponsors>
      <item>
        <byRequestType />
        <state>DE</state>
        <bioguideId>C000174</bioguideId>
        <identifiers>
          <lisID>179</lisID>
          <gpoId>8283</gpoId>
          <bioguideId>C000174</bioguideId>
        </identifiers>
        <fullName>Sen. Carper, Thomas R. [D-DE]</fullName>
        <lastName>CARPER</lastName>
        <firstName>THOMAS</firstName>
        <middleName>R.</middleName>
        <party>D</party>
      </item>
    </sponsors>
    <createDate>2017-11-09T00:26:15Z</createDate>
    <version>1.0.0</version>
    <subjects>
      <billSubjects>
        <legislativeSubjects />
        <policyArea>
          <name>Health</name>
        </policyArea>
      </billSubjects>
    </subjects>
  </bill>
  <dublinCore xmlns:dc="http://purl.org/dc/elements/1.1/">
    <dc:format>text/xml</dc:format>
    <dc:language>EN</dc:language>
    <dc:rights>Pursuant to Title 17 Section 105 of the United States Code, this file is not subject to copyright protection and is in the public domain.</dc:rights>
    <dc:contributor>Congressional Research Service, Library of Congress</dc:contributor>
    <dc:description>This file contains bill summaries and statuses for federal legislation. A bill summary describes the most significant provisions of a piece of legislation and details the effects the legislative text may have on current law and federal programs. Bill summaries are authored by the Congressional Research Service (CRS) of the Library of Congress. As stated in Public Law 91-510 (2 USC 166 (d)(6)), one of the duties of CRS is "to prepare summaries and digests of bills and resolutions of a public general nature introduced in the Senate or House of Representatives". For more information, refer to the User Guide that accompanies this file.</dc:description>
  </dublinCore>
</billStatus>

