<?xml version="1.0" encoding="UTF-8"?>
<billStatus>
  <bill>
    <committeeReports />
    <cosponsors />
    <summaries>
      <billSummaries />
    </summaries>
    <congress>115</congress>
    <notes />
    <title>A resolution supporting the goals and ideals of "Korean American Day".</title>
    <sponsors>
      <item>
        <lastName>Harris</lastName>
        <party>D</party>
        <identifiers>
          <gpoId />
          <lisID>2301</lisID>
          <bioguideId>H001075</bioguideId>
        </identifiers>
        <fullName>Sen. Harris, Kamala D. [D-CA]</fullName>
        <firstName>Kamala</firstName>
        <state>CA</state>
        <bioguideId>H001075</bioguideId>
        <byRequestType />
        <middleName>D.</middleName>
      </item>
    </sponsors>
    <titles>
      <item>
        <chamberCode />
        <title>A resolution supporting the goals and ideals of "Korean American Day".</title>
        <parentTitleType />
        <titleType>Official Title as Introduced</titleType>
        <chamberName />
      </item>
      <item>
        <chamberCode />
        <title>A resolution supporting the goals and ideals of "Korean American Day".</title>
        <parentTitleType />
        <titleType>Display Title</titleType>
        <chamberName />
      </item>
    </titles>
    <calendarNumbers />
    <billType>SRES</billType>
    <latestAction>
      <text>Referred to the Committee on the Judiciary. (text of measure as introduced: CR S169)</text>
      <actionDate>2018-01-11</actionDate>
      <links />
    </latestAction>
    <laws />
    <committees>
      <billCommittees>
        <item>
          <activities>
            <item>
              <date>2018-01-11T20:24:19Z</date>
              <name>Referred to</name>
            </item>
          </activities>
          <type>Standing</type>
          <name>Judiciary Committee</name>
          <chamber>Senate</chamber>
          <subcommittees />
          <systemCode>ssju00</systemCode>
        </item>
      </billCommittees>
    </committees>
    <introducedDate>2018-01-11</introducedDate>
    <policyArea>
      <name>Immigration</name>
    </policyArea>
    <cboCostEstimates />
    <recordedVotes />
    <billNumber>373</billNumber>
    <updateDate>2018-02-16T05:25:55Z</updateDate>
    <subjects>
      <billSubjects>
        <legislativeSubjects />
        <policyArea>
          <name>Immigration</name>
        </policyArea>
      </billSubjects>
    </subjects>
    <amendments />
    <actions>
      <item>
        <actionDate>2018-01-11</actionDate>
        <committee>
          <name>Judiciary Committee</name>
          <systemCode>ssju00</systemCode>
        </committee>
        <links>
          <link>
            <url>https://www.congress.gov/congressional-record/volume-164/senate-section/page/S169</url>
            <name>S169</name>
          </link>
        </links>
        <sourceSystem>
          <code>0</code>
          <name>Senate</name>
        </sourceSystem>
        <text>Referred to the Committee on the Judiciary. (text of measure as introduced: CR S169)</text>
        <type>IntroReferral</type>
      </item>
      <item>
        <sourceSystem>
          <code>9</code>
          <name>Library of Congress</name>
        </sourceSystem>
        <actionCode>10000</actionCode>
        <links />
        <actionDate>2018-01-11</actionDate>
        <type>IntroReferral</type>
        <text>Introduced in Senate</text>
        <committee />
      </item>
      <actionTypeCounts>
        <introducedInSenate>1</introducedInSenate>
        <referredToCommittee>1</referredToCommittee>
      </actionTypeCounts>
      <actionByCounts>
        <senate>2</senate>
      </actionByCounts>
    </actions>
    <relatedBills>
      <item>
        <type>HRES</type>
        <congress>115</congress>
        <number>686</number>
        <relationshipDetails>
          <item>
            <type>Related bill</type>
            <identifiedBy>CRS</identifiedBy>
          </item>
        </relationshipDetails>
        <latestAction>
          <text>Referred to the House Committee on Oversight and Government Reform.</text>
          <actionDate>2018-01-11</actionDate>
        </latestAction>
        <latestTitle>Supporting the goals and ideals of Korean American Day.</latestTitle>
      </item>
    </relatedBills>
    <createDate>2018-01-12T00:26:01Z</createDate>
    <originChamber>Senate</originChamber>
    <version>1.0.0</version>
  </bill>
  <dublinCore xmlns:dc="http://purl.org/dc/elements/1.1/">
    <dc:format>text/xml</dc:format>
    <dc:language>EN</dc:language>
    <dc:rights>Pursuant to Title 17 Section 105 of the United States Code, this file is not subject to copyright protection and is in the public domain.</dc:rights>
    <dc:contributor>Congressional Research Service, Library of Congress</dc:contributor>
    <dc:description>This file contains bill summaries and statuses for federal legislation. A bill summary describes the most significant provisions of a piece of legislation and details the effects the legislative text may have on current law and federal programs. Bill summaries are authored by the Congressional Research Service (CRS) of the Library of Congress. As stated in Public Law 91-510 (2 USC 166 (d)(6)), one of the duties of CRS is "to prepare summaries and digests of bills and resolutions of a public general nature introduced in the Senate or House of Representatives". For more information, refer to the User Guide that accompanies this file.</dc:description>
  </dublinCore>
</billStatus>

