<?xml version="1.0" encoding="UTF-8"?>
<billStatus>
  <bill>
    <relatedBills />
    <originChamber>Senate</originChamber>
    <recordedVotes />
    <latestAction>
      <text>Submitted in the Senate, considered, and agreed to without amendment and with a preamble by Unanimous Consent. (consideration: CR S3150, S3151; text as passed Senate: CR S3150; text of measure as introduced: CR S3149)</text>
      <links />
      <actionDate>2017-05-24</actionDate>
    </latestAction>
    <createDate>2017-05-25T00:26:38Z</createDate>
    <title>A resolution to authorize testimony, document production, and representation in United States v. Kevin Lee Olson.</title>
    <summaries>
      <billSummaries>
        <item>
          <versionCode>00</versionCode>
          <updateDate>2017-05-24T04:00:00Z</updateDate>
          <actionDate>2017-05-24</actionDate>
          <text><![CDATA[<p>Authorizes: (1) Kobye Noel, an employee in the Office of Senator Heidi Heitkamp, and any other current or former employee of the Senator's office from whom relevant evidence may be necessary, to testify and produce documents in the case of <i>United States v. Kevin Lee Olson</i>, except concerning matters for which a privilege should be asserted; and (2) the Senate Legal Counsel to represent these individuals in connection with this case.</p>]]></text>
          <actionDesc>Introduced in Senate</actionDesc>
          <lastSummaryUpdateDate>2017-06-01T19:53:16Z</lastSummaryUpdateDate>
          <name>Introduced in Senate</name>
        </item>
        <item>
          <versionCode>82</versionCode>
          <updateDate>2017-05-24T12:47:01Z</updateDate>
          <actionDate>2017-05-24</actionDate>
          <text><![CDATA[<p>(This measure has not been amended since it was introduced. The summary of that version is repeated here.)</p> <p>Authorizes: (1) Kobye Noel, an employee in the Office of Senator Heidi Heitkamp, and any other current or former employee of the Senator's office from whom relevant evidence may be necessary, to testify and produce documents in the case of <i>United States v. Kevin Lee Olson</i>, except concerning matters for which a privilege should be asserted; and (2) the Senate Legal Counsel to represent these individuals in connection with this case.</p>]]></text>
          <actionDesc>Passed Senate without amendment</actionDesc>
          <lastSummaryUpdateDate>2017-06-01T19:53:26Z</lastSummaryUpdateDate>
          <name>Passed Senate without amendment</name>
        </item>
      </billSummaries>
    </summaries>
    <actions>
      <actionByCounts>
        <senate>3</senate>
      </actionByCounts>
      <item>
        <actionDate>2017-05-24</actionDate>
        <committee />
        <links>
          <link>
            <name>S3149</name>
            <url>https://www.congress.gov/congressional-record/volume-163/senate-section/page/S3149</url>
          </link>
          <link>
            <name>S3150</name>
            <url>https://www.congress.gov/congressional-record/volume-163/senate-section/page/S3150</url>
          </link>
          <link>
            <name>S3151</name>
            <url>https://www.congress.gov/congressional-record/volume-163/senate-section/page/S3151</url>
          </link>
        </links>
        <sourceSystem>
          <name>Senate</name>
          <code>0</code>
        </sourceSystem>
        <text>Submitted in the Senate, considered, and agreed to without amendment and with a preamble by Unanimous Consent. (consideration: CR S3150, S3151; text as passed Senate: CR S3150; text of measure as introduced: CR S3149)</text>
        <type>Floor</type>
      </item>
      <item>
        <text>Passed/agreed to in Senate: Submitted in the Senate, considered, and agreed to without amendment and with a preamble by Unanimous Consent.(consideration: CR S3150, S3151; text as passed Senate: CR S3150; text of measure as introduced: CR S3149)</text>
        <type>Floor</type>
        <sourceSystem>
          <name>Library of Congress</name>
          <code>9</code>
        </sourceSystem>
        <committee />
        <actionCode>17000</actionCode>
        <actionDate>2017-05-24</actionDate>
        <links>
          <link>
            <name>S3149</name>
            <url>https://www.congress.gov/congressional-record/volume-163/senate-section/page/S3149</url>
          </link>
          <link>
            <name>S3150</name>
            <url>https://www.congress.gov/congressional-record/volume-163/senate-section/page/S3150</url>
          </link>
          <link>
            <name>S3151</name>
            <url>https://www.congress.gov/congressional-record/volume-163/senate-section/page/S3151</url>
          </link>
        </links>
      </item>
      <item>
        <text>Introduced in Senate</text>
        <type>IntroReferral</type>
        <sourceSystem>
          <name>Library of Congress</name>
          <code>9</code>
        </sourceSystem>
        <committee />
        <actionCode>10000</actionCode>
        <actionDate>2017-05-24</actionDate>
        <links />
      </item>
      <actionTypeCounts>
        <passedOrAgreedToInSenateDayOf>1</passedOrAgreedToInSenateDayOf>
        <passedAgreedToInSenate>1</passedAgreedToInSenate>
        <introducedInSenate>1</introducedInSenate>
      </actionTypeCounts>
    </actions>
    <updateDate>2018-02-06T16:44:08Z</updateDate>
    <amendments />
    <notes />
    <sponsors>
      <item>
        <bioguideId>M000355</bioguideId>
        <middleName />
        <byRequestType />
        <firstName>MITCH</firstName>
        <lastName>MCCONNELL</lastName>
        <state>KY</state>
        <party>R</party>
        <identifiers>
          <gpoId>8254</gpoId>
          <bioguideId>M000355</bioguideId>
          <lisID>1395</lisID>
        </identifiers>
        <fullName>Sen. McConnell, Mitch [R-KY]</fullName>
      </item>
    </sponsors>
    <committees>
      <billCommittees />
    </committees>
    <cosponsors>
      <item>
        <isOriginalCosponsor>True</isOriginalCosponsor>
        <fullName>Sen. Schumer, Charles E. [D-NY]</fullName>
        <firstName>CHARLES</firstName>
        <identifiers>
          <lisID>1036</lisID>
          <bioguideId>S000148</bioguideId>
          <gpoId>8279</gpoId>
        </identifiers>
        <party>D</party>
        <sponsorshipDate>2017-05-24</sponsorshipDate>
        <lastName>SCHUMER</lastName>
        <bioguideId>S000148</bioguideId>
        <state>NY</state>
        <middleName>E.</middleName>
        <sponsorshipWithdrawnDate />
      </item>
    </cosponsors>
    <laws />
    <policyArea>
      <name>Congress</name>
    </policyArea>
    <cboCostEstimates />
    <billNumber>178</billNumber>
    <congress>115</congress>
    <version>1.0.0</version>
    <introducedDate>2017-05-24</introducedDate>
    <committeeReports />
    <titles>
      <item>
        <chamberName />
        <titleType>Official Title as Introduced</titleType>
        <title>A resolution to authorize testimony, document production, and representation in United States v. Kevin Lee Olson.</title>
        <parentTitleType />
        <chamberCode />
      </item>
      <item>
        <chamberName />
        <titleType>Display Title</titleType>
        <title>A resolution to authorize testimony, document production, and representation in United States v. Kevin Lee Olson.</title>
        <parentTitleType />
        <chamberCode />
      </item>
    </titles>
    <calendarNumbers />
    <subjects>
      <billSubjects>
        <legislativeSubjects>
          <item>
            <name>Assault and harassment offenses</name>
          </item>
          <item>
            <name>Congressional officers and employees</name>
          </item>
          <item>
            <name>Criminal investigation, prosecution, interrogation</name>
          </item>
          <item>
            <name>Evidence and witnesses</name>
          </item>
          <item>
            <name>Legislative rules and procedure</name>
          </item>
          <item>
            <name>Members of Congress</name>
          </item>
          <item>
            <name>Senate</name>
          </item>
        </legislativeSubjects>
        <policyArea>
          <name>Congress</name>
        </policyArea>
      </billSubjects>
    </subjects>
    <billType>SRES</billType>
  </bill>
  <dublinCore xmlns:dc="http://purl.org/dc/elements/1.1/">
    <dc:format>text/xml</dc:format>
    <dc:language>EN</dc:language>
    <dc:rights>Pursuant to Title 17 Section 105 of the United States Code, this file is not subject to copyright protection and is in the public domain.</dc:rights>
    <dc:contributor>Congressional Research Service, Library of Congress</dc:contributor>
    <dc:description>This file contains bill summaries and statuses for federal legislation. A bill summary describes the most significant provisions of a piece of legislation and details the effects the legislative text may have on current law and federal programs. Bill summaries are authored by the Congressional Research Service (CRS) of the Library of Congress. As stated in Public Law 91-510 (2 USC 166 (d)(6)), one of the duties of CRS is "to prepare summaries and digests of bills and resolutions of a public general nature introduced in the Senate or House of Representatives". For more information, refer to the User Guide that accompanies this file.</dc:description>
  </dublinCore>
</billStatus>

