<?xml version="1.0" encoding="UTF-8"?>
<billStatus>
  <bill>
    <policyArea>
      <name>Housing and Community Development</name>
    </policyArea>
    <calendarNumbers />
    <actions>
      <actionByCounts>
        <senate>3</senate>
      </actionByCounts>
      <actionTypeCounts>
        <passedOrAgreedToInSenateDayOf>1</passedOrAgreedToInSenateDayOf>
        <introducedInSenate>1</introducedInSenate>
        <passedAgreedToInSenate>1</passedAgreedToInSenate>
      </actionTypeCounts>
      <item>
        <actionDate>2017-10-30</actionDate>
        <committee />
        <links>
          <link>
            <name>S6877</name>
            <url>https://www.congress.gov/congressional-record/volume-163/senate-section/page/S6877</url>
          </link>
          <link>
            <name>S6879</name>
            <url>https://www.congress.gov/congressional-record/volume-163/senate-section/page/S6879</url>
          </link>
        </links>
        <sourceSystem>
          <code>0</code>
          <name>Senate</name>
        </sourceSystem>
        <text>Submitted in the Senate, considered, and agreed to without amendment and with a preamble by Unanimous Consent. (consideration: CR S6879; text: CR S6877)</text>
        <type>Floor</type>
      </item>
      <item>
        <actionDate>2017-10-30</actionDate>
        <committee />
        <links>
          <link>
            <name>S6877</name>
            <url>https://www.congress.gov/congressional-record/volume-163/senate-section/page/S6877</url>
          </link>
          <link>
            <name>S6879</name>
            <url>https://www.congress.gov/congressional-record/volume-163/senate-section/page/S6879</url>
          </link>
        </links>
        <text>Passed/agreed to in Senate: Submitted in the Senate, considered, and agreed to without amendment and with a preamble by Unanimous Consent.(consideration: CR S6879; text: CR S6877)</text>
        <type>Floor</type>
        <sourceSystem>
          <code>9</code>
          <name>Library of Congress</name>
        </sourceSystem>
        <actionCode>17000</actionCode>
      </item>
      <item>
        <actionDate>2017-10-30</actionDate>
        <committee />
        <links />
        <text>Introduced in Senate</text>
        <type>IntroReferral</type>
        <sourceSystem>
          <code>9</code>
          <name>Library of Congress</name>
        </sourceSystem>
        <actionCode>10000</actionCode>
      </item>
    </actions>
    <latestAction>
      <text>Submitted in the Senate, considered, and agreed to without amendment and with a preamble by Unanimous Consent. (consideration: CR S6879; text: CR S6877)</text>
      <actionDate>2017-10-30</actionDate>
      <links />
    </latestAction>
    <cboCostEstimates />
    <recordedVotes />
    <titles>
      <item>
        <titleType>Official Title as Introduced</titleType>
        <chamberName />
        <parentTitleType />
        <title>A resolution expressing support for the designation of September 2017 and 2018 each as "National Month for Renters".</title>
        <chamberCode />
      </item>
      <item>
        <titleType>Display Title</titleType>
        <chamberName />
        <parentTitleType />
        <title>A resolution expressing support for the designation of September 2017 and 2018 each as "National Month for Renters".</title>
        <chamberCode />
      </item>
    </titles>
    <billNumber>312</billNumber>
    <committeeReports />
    <cosponsors>
      <item>
        <bioguideId>V000128</bioguideId>
        <firstName>Chris</firstName>
        <sponsorshipWithdrawnDate />
        <lastName>Van Hollen</lastName>
        <state>MD</state>
        <party>D</party>
        <middleName />
        <isOriginalCosponsor>True</isOriginalCosponsor>
        <identifiers>
          <gpoId>7983</gpoId>
          <bioguideId>V000128</bioguideId>
          <lisID>1729</lisID>
        </identifiers>
        <fullName>Sen. Van Hollen, Chris [D-MD]</fullName>
        <sponsorshipDate>2017-10-30</sponsorshipDate>
      </item>
    </cosponsors>
    <title>A resolution expressing support for the designation of September 2017 and 2018 each as "National Month for Renters".</title>
    <subjects>
      <billSubjects>
        <policyArea>
          <name>Housing and Community Development</name>
        </policyArea>
        <legislativeSubjects />
      </billSubjects>
    </subjects>
    <relatedBills />
    <amendments />
    <committees>
      <billCommittees />
    </committees>
    <congress>115</congress>
    <laws />
    <updateDate>2018-03-02T05:44:13Z</updateDate>
    <sponsors>
      <item>
        <lastName>Cassidy</lastName>
        <middleName />
        <firstName>Bill</firstName>
        <party>R</party>
        <bioguideId>C001075</bioguideId>
        <identifiers>
          <lisID>1925</lisID>
          <gpoId>7964</gpoId>
          <bioguideId>C001075</bioguideId>
        </identifiers>
        <byRequestType />
        <state>LA</state>
        <fullName>Sen. Cassidy, Bill [R-LA]</fullName>
      </item>
    </sponsors>
    <summaries>
      <billSummaries>
        <item>
          <versionCode>00</versionCode>
          <name>Introduced in Senate</name>
          <actionDate>2017-10-30</actionDate>
          <lastSummaryUpdateDate>2018-02-27T16:54:02Z</lastSummaryUpdateDate>
          <text><![CDATA[<p> Supports the designation of September 2017 and 2018 each as National Month for Renters to draw attention to the rental housing shortage in the United States.</p>]]></text>
          <updateDate>2017-10-30T04:00:00Z</updateDate>
          <actionDesc>Introduced in Senate</actionDesc>
        </item>
        <item>
          <versionCode>82</versionCode>
          <name>Passed Senate without amendment</name>
          <actionDate>2017-10-30</actionDate>
          <lastSummaryUpdateDate>2018-02-27T16:55:01Z</lastSummaryUpdateDate>
          <text><![CDATA[<p>(This measure has not been amended since it was introduced. The summary of that version is repeated here.)</p> <p> Supports the designation of September 2017 and 2018 each as National Month for Renters to draw attention to the rental housing shortage in the United States.</p>]]></text>
          <updateDate>2017-10-30T15:50:39Z</updateDate>
          <actionDesc>Passed Senate without amendment</actionDesc>
        </item>
      </billSummaries>
    </summaries>
    <introducedDate>2017-10-30</introducedDate>
    <originChamber>Senate</originChamber>
    <version>1.0.0</version>
    <createDate>2017-10-31T00:26:16Z</createDate>
    <billType>SRES</billType>
    <notes />
  </bill>
  <dublinCore xmlns:dc="http://purl.org/dc/elements/1.1/">
    <dc:format>text/xml</dc:format>
    <dc:language>EN</dc:language>
    <dc:rights>Pursuant to Title 17 Section 105 of the United States Code, this file is not subject to copyright protection and is in the public domain.</dc:rights>
    <dc:contributor>Congressional Research Service, Library of Congress</dc:contributor>
    <dc:description>This file contains bill summaries and statuses for federal legislation. A bill summary describes the most significant provisions of a piece of legislation and details the effects the legislative text may have on current law and federal programs. Bill summaries are authored by the Congressional Research Service (CRS) of the Library of Congress. As stated in Public Law 91-510 (2 USC 166 (d)(6)), one of the duties of CRS is "to prepare summaries and digests of bills and resolutions of a public general nature introduced in the Senate or House of Representatives". For more information, refer to the User Guide that accompanies this file.</dc:description>
  </dublinCore>
</billStatus>

