<?xml version="1.0" encoding="UTF-8"?>
<billStatus>
  <bill>
    <policyArea>
      <name>Congress</name>
    </policyArea>
    <calendarNumbers />
    <actions>
      <actionByCounts>
        <senate>2</senate>
      </actionByCounts>
      <actionTypeCounts>
        <introducedInSenate>1</introducedInSenate>
        <referredToCommittee>1</referredToCommittee>
      </actionTypeCounts>
      <item>
        <actionDate>2017-09-13</actionDate>
        <committee>
          <name>Rules and Administration Committee</name>
          <systemCode>ssra00</systemCode>
        </committee>
        <links />
        <sourceSystem>
          <name>Senate</name>
          <code>0</code>
        </sourceSystem>
        <text>Referred to the Committee on Rules and Administration.</text>
        <type>IntroReferral</type>
      </item>
      <item>
        <text>Introduced in Senate</text>
        <type>IntroReferral</type>
        <actionDate>2017-09-13</actionDate>
        <links />
        <actionCode>10000</actionCode>
        <committee />
        <sourceSystem>
          <name>Library of Congress</name>
          <code>9</code>
        </sourceSystem>
      </item>
    </actions>
    <latestAction>
      <text>Referred to the Committee on Rules and Administration.</text>
      <actionDate>2017-09-13</actionDate>
      <links />
    </latestAction>
    <cboCostEstimates />
    <recordedVotes />
    <titles>
      <item>
        <titleType>Official Title as Introduced</titleType>
        <chamberCode />
        <parentTitleType />
        <title>A resolution amending rule XXXI of the Standing Rules of the Senate, to provide for timely consideration of nominations.</title>
        <chamberName />
      </item>
      <item>
        <titleType>Display Title</titleType>
        <chamberCode />
        <parentTitleType />
        <title>A resolution amending rule XXXI of the Standing Rules of the Senate, to provide for timely consideration of nominations.</title>
        <chamberName />
      </item>
    </titles>
    <billNumber>251</billNumber>
    <committeeReports />
    <cosponsors />
    <title>A resolution amending rule XXXI of the Standing Rules of the Senate, to provide for timely consideration of nominations.</title>
    <subjects>
      <billSubjects>
        <policyArea>
          <name>Congress</name>
        </policyArea>
        <legislativeSubjects>
          <item>
            <name>Congressional oversight</name>
          </item>
          <item>
            <name>Federal officials</name>
          </item>
          <item>
            <name>Government ethics and transparency, public corruption</name>
          </item>
          <item>
            <name>Legislative rules and procedure</name>
          </item>
          <item>
            <name>Senate</name>
          </item>
          <item>
            <name>Tax administration and collection, taxpayers</name>
          </item>
        </legislativeSubjects>
      </billSubjects>
    </subjects>
    <relatedBills />
    <amendments />
    <committees>
      <billCommittees>
        <item>
          <systemCode>ssra00</systemCode>
          <name>Rules and Administration Committee</name>
          <activities>
            <item>
              <name>Referred to</name>
              <date>2017-09-13T16:28:38Z</date>
            </item>
          </activities>
          <chamber>Senate</chamber>
          <type>Standing</type>
          <subcommittees />
        </item>
      </billCommittees>
    </committees>
    <congress>115</congress>
    <laws />
    <updateDate>2018-02-28T05:28:31Z</updateDate>
    <sponsors>
      <item>
        <lastName>Gardner</lastName>
        <middleName />
        <firstName>Cory</firstName>
        <party>R</party>
        <bioguideId>G000562</bioguideId>
        <identifiers>
          <lisID>1998</lisID>
          <gpoId>7862</gpoId>
          <bioguideId>G000562</bioguideId>
        </identifiers>
        <byRequestType />
        <state>CO</state>
        <fullName>Sen. Gardner, Cory [R-CO]</fullName>
      </item>
    </sponsors>
    <summaries>
      <billSummaries>
        <item>
          <name>Introduced in Senate</name>
          <versionCode>00</versionCode>
          <actionDate>2017-09-13</actionDate>
          <updateDate>2017-09-13T04:00:00Z</updateDate>
          <lastSummaryUpdateDate>2018-02-23T22:18:16Z</lastSummaryUpdateDate>
          <text><![CDATA[<p>Amends Rule XXXI (Executive Session - Proceedings on Nominations) of the Standing Rules of the Senate to discharge the committee considering a presidential nomination and make the nomination eligible for expedited consideration if the nomination has not been confirmed or rejected within 180 days after the nominee completes the following requirements:</p><ul> <li>an agreement with the Office of Government Ethics;</li> <li>a financial disclosure form;</li> <li>a background check conducted by the Federal Bureau of Investigation;</li> <li>a questionnaire of each relevant committee;</li> <li>tax forms, if required by a relevant committee; and</li> <li>any other requirements of a relevant committee.</li> </ul>  <p>Limits expedited consideration to two hours.</p>]]></text>
          <actionDesc>Introduced in Senate</actionDesc>
        </item>
      </billSummaries>
    </summaries>
    <introducedDate>2017-09-13</introducedDate>
    <originChamber>Senate</originChamber>
    <version>1.0.0</version>
    <createDate>2017-09-14T00:41:18Z</createDate>
    <billType>SRES</billType>
    <notes />
  </bill>
  <dublinCore xmlns:dc="http://purl.org/dc/elements/1.1/">
    <dc:format>text/xml</dc:format>
    <dc:language>EN</dc:language>
    <dc:rights>Pursuant to Title 17 Section 105 of the United States Code, this file is not subject to copyright protection and is in the public domain.</dc:rights>
    <dc:contributor>Congressional Research Service, Library of Congress</dc:contributor>
    <dc:description>This file contains bill summaries and statuses for federal legislation. A bill summary describes the most significant provisions of a piece of legislation and details the effects the legislative text may have on current law and federal programs. Bill summaries are authored by the Congressional Research Service (CRS) of the Library of Congress. As stated in Public Law 91-510 (2 USC 166 (d)(6)), one of the duties of CRS is "to prepare summaries and digests of bills and resolutions of a public general nature introduced in the Senate or House of Representatives". For more information, refer to the User Guide that accompanies this file.</dc:description>
  </dublinCore>
</billStatus>

