<?xml version="1.0" encoding="UTF-8"?>
<billStatus>
  <bill>
    <notes />
    <titles>
      <item>
        <parentTitleType />
        <chamberCode />
        <chamberName />
        <titleType>Official Title as Introduced</titleType>
        <title>A resolution designating the week of February 26 through March 4, 2018, as "National Eating Disorders Awareness Week" and supporting the goals and ideals of raising awareness and understanding of eating disorders.</title>
      </item>
      <item>
        <parentTitleType />
        <chamberCode />
        <chamberName />
        <titleType>Display Title</titleType>
        <title>A resolution designating the week of February 26 through March 4, 2018, as "National Eating Disorders Awareness Week" and supporting the goals and ideals of raising awareness and understanding of eating disorders.</title>
      </item>
    </titles>
    <createDate>2018-03-02T05:41:08Z</createDate>
    <title>A resolution designating the week of February 26 through March 4, 2018, as "National Eating Disorders Awareness Week" and supporting the goals and ideals of raising awareness and understanding of eating disorders.</title>
    <subjects>
      <billSubjects>
        <legislativeSubjects />
      </billSubjects>
    </subjects>
    <laws />
    <relatedBills />
    <recordedVotes />
    <updateDate>2018-03-02T15:57:22Z</updateDate>
    <congress>115</congress>
    <sponsors>
      <item>
        <identifiers>
          <bioguideId>C001047</bioguideId>
          <gpoId>8223</gpoId>
          <lisID>1676</lisID>
        </identifiers>
        <middleName>MOORE</middleName>
        <bioguideId>C001047</bioguideId>
        <firstName>SHELLEY</firstName>
        <byRequestType />
        <state>WV</state>
        <fullName>Sen. Capito, Shelley Moore [R-WV]</fullName>
        <lastName>CAPITO</lastName>
        <party>R</party>
      </item>
    </sponsors>
    <committeeReports />
    <actions>
      <actionByCounts>
        <senate>3</senate>
      </actionByCounts>
      <item>
        <actionDate>2018-03-01</actionDate>
        <committee />
        <links>
          <link>
            <url>https://www.congress.gov/congressional-record/volume-164/senate-section/page/S1317-1318</url>
            <name>S1317-1318</name>
          </link>
          <link>
            <url>https://www.congress.gov/congressional-record/volume-164/senate-section/page/S1321</url>
            <name>S1321</name>
          </link>
        </links>
        <sourceSystem>
          <name>Senate</name>
          <code>0</code>
        </sourceSystem>
        <text>Submitted in the Senate, considered, and agreed to without amendment and with a preamble by Voice Vote. (consideration CR S1321; text: CR S1317-1318)</text>
        <type>Floor</type>
      </item>
      <item>
        <links />
        <text>Passed/agreed to in Senate: Submitted in the Senate, considered, and agreed to without amendment and with a preamble by Voice Vote.</text>
        <committee />
        <actionDate>2018-03-01</actionDate>
        <type>Floor</type>
        <actionCode>17000</actionCode>
        <sourceSystem>
          <name>Library of Congress</name>
          <code>9</code>
        </sourceSystem>
      </item>
      <item>
        <links />
        <text>Introduced in Senate</text>
        <committee />
        <actionDate>2018-03-01</actionDate>
        <type>IntroReferral</type>
        <actionCode>10000</actionCode>
        <sourceSystem>
          <name>Library of Congress</name>
          <code>9</code>
        </sourceSystem>
      </item>
      <actionTypeCounts>
        <passedOrAgreedToInSenateDayOf>1</passedOrAgreedToInSenateDayOf>
        <passedAgreedToInSenate>1</passedAgreedToInSenate>
        <introducedInSenate>1</introducedInSenate>
      </actionTypeCounts>
    </actions>
    <introducedDate>2018-03-01</introducedDate>
    <billType>SRES</billType>
    <policyArea />
    <cosponsors>
      <item>
        <firstName>TAMMY</firstName>
        <middleName />
        <lastName>BALDWIN</lastName>
        <bioguideId>B001230</bioguideId>
        <fullName>Sen. Baldwin, Tammy [D-WI]</fullName>
        <state>WI</state>
        <sponsorshipDate>2018-03-01</sponsorshipDate>
        <sponsorshipWithdrawnDate />
        <party>D</party>
        <identifiers>
          <bioguideId>B001230</bioguideId>
          <lisID>1558</lisID>
          <gpoId>8215</gpoId>
        </identifiers>
        <isOriginalCosponsor>True</isOriginalCosponsor>
      </item>
    </cosponsors>
    <version>1.0.0</version>
    <amendments />
    <billNumber>419</billNumber>
    <cboCostEstimates />
    <originChamber>Senate</originChamber>
    <committees>
      <billCommittees />
    </committees>
    <calendarNumbers />
    <latestAction>
      <text>Submitted in the Senate, considered, and agreed to without amendment and with a preamble by Voice Vote. (consideration CR S1321; text: CR S1317-1318)</text>
      <actionDate>2018-03-01</actionDate>
      <links />
    </latestAction>
    <summaries>
      <billSummaries />
    </summaries>
  </bill>
  <dublinCore xmlns:dc="http://purl.org/dc/elements/1.1/">
    <dc:format>text/xml</dc:format>
    <dc:language>EN</dc:language>
    <dc:rights>Pursuant to Title 17 Section 105 of the United States Code, this file is not subject to copyright protection and is in the public domain.</dc:rights>
    <dc:contributor>Congressional Research Service, Library of Congress</dc:contributor>
    <dc:description>This file contains bill summaries and statuses for federal legislation. A bill summary describes the most significant provisions of a piece of legislation and details the effects the legislative text may have on current law and federal programs. Bill summaries are authored by the Congressional Research Service (CRS) of the Library of Congress. As stated in Public Law 91-510 (2 USC 166 (d)(6)), one of the duties of CRS is "to prepare summaries and digests of bills and resolutions of a public general nature introduced in the Senate or House of Representatives". For more information, refer to the User Guide that accompanies this file.</dc:description>
  </dublinCore>
</billStatus>

