<?xml version="1.0" encoding="UTF-8"?>
<billStatus>
  <bill>
    <calendarNumbers />
    <recordedVotes />
    <subjects>
      <billSubjects>
        <legislativeSubjects>
          <item>
            <name>Belgium</name>
          </item>
          <item>
            <name>Conflicts and wars</name>
          </item>
          <item>
            <name>Congressional tributes</name>
          </item>
          <item>
            <name>Europe</name>
          </item>
          <item>
            <name>Germany</name>
          </item>
          <item>
            <name>Military history</name>
          </item>
          <item>
            <name>Military personnel and dependents</name>
          </item>
          <item>
            <name>War crimes, genocide, crimes against humanity</name>
          </item>
        </legislativeSubjects>
        <policyArea>
          <name>Armed Forces and National Security</name>
        </policyArea>
      </billSubjects>
    </subjects>
    <summaries>
      <billSummaries>
        <item>
          <actionDate>2017-03-27</actionDate>
          <actionDesc>Introduced in Senate</actionDesc>
          <lastSummaryUpdateDate>2018-02-20T23:14:41Z</lastSummaryUpdateDate>
          <name>Introduced in Senate</name>
          <versionCode>00</versionCode>
          <text><![CDATA[<p>Recognizes the dedicated service and ultimate sacrifice on behalf of the United States of the 11 African-American soldiers of the 333rd Field Artillery Battalion of the United States Army who were massacred in Wereth, Belgium, during the Battle of the Bulge on December 1944. </p> <UL> </UL>]]></text>
          <updateDate>2017-03-27T04:00:00Z</updateDate>
        </item>
        <item>
          <actionDate>2017-10-16</actionDate>
          <actionDesc>Passed Senate without amendment</actionDesc>
          <lastSummaryUpdateDate>2018-02-20T23:16:43Z</lastSummaryUpdateDate>
          <name>Passed Senate without amendment</name>
          <versionCode>82</versionCode>
          <text><![CDATA[<p>(This measure has not been amended since it was introduced. The summary of that version is repeated here.)</p> <p>Recognizes the dedicated service and ultimate sacrifice on behalf of the United States of the 11 African-American soldiers of the 333rd Field Artillery Battalion of the United States Army who were massacred in Wereth, Belgium, during the Battle of the Bulge on December 1944. </p>]]></text>
          <updateDate>2017-10-16T13:22:33Z</updateDate>
        </item>
      </billSummaries>
    </summaries>
    <introducedDate>2017-03-27</introducedDate>
    <updateDate>2018-02-27T05:28:26Z</updateDate>
    <actions>
      <actionByCounts>
        <senate>6</senate>
      </actionByCounts>
      <actionTypeCounts>
        <passedAgreedToInSenate>1</passedAgreedToInSenate>
        <introducedInSenate>1</introducedInSenate>
        <committeeDischarged>1</committeeDischarged>
        <agreedToInSenate>1</agreedToInSenate>
        <referredToCommittee>1</referredToCommittee>
        <senateCommitteeDischarged>1</senateCommitteeDischarged>
      </actionTypeCounts>
      <item>
        <actionDate>2017-10-16</actionDate>
        <committee />
        <links />
        <sourceSystem>
          <name>Senate</name>
          <code>0</code>
        </sourceSystem>
        <text>Resolution agreed to in Senate without amendment and with a preamble by Unanimous Consent.</text>
        <type>Floor</type>
      </item>
      <item>
        <type>Floor</type>
        <links />
        <committee />
        <text>Passed/agreed to in Senate: Resolution agreed to in Senate without amendment and with a preamble by Unanimous Consent.</text>
        <actionCode>17000</actionCode>
        <actionDate>2017-10-16</actionDate>
        <sourceSystem>
          <name>Library of Congress</name>
          <code>9</code>
        </sourceSystem>
      </item>
      <item>
        <actionDate>2017-10-16</actionDate>
        <committee>
          <systemCode>ssas00</systemCode>
          <name>Armed Services Committee</name>
        </committee>
        <links>
          <link>
            <name>S6409</name>
            <url>https://www.congress.gov/congressional-record/volume-163/senate-section/page/S6409</url>
          </link>
        </links>
        <sourceSystem>
          <name>Senate</name>
          <code>0</code>
        </sourceSystem>
        <text>Senate Committee on Armed Services discharged by Unanimous Consent. (consideration: CR S6409)</text>
        <type>Discharge</type>
      </item>
      <item>
        <type>Committee</type>
        <links>
          <link>
            <name>S6409</name>
            <url>https://www.congress.gov/congressional-record/volume-163/senate-section/page/S6409</url>
          </link>
        </links>
        <committee>
          <systemCode>ssas00</systemCode>
          <name>Armed Services Committee</name>
        </committee>
        <text>Senate Committee on Armed Services discharged by Unanimous Consent.(consideration: CR S6409)</text>
        <actionCode>14500</actionCode>
        <actionDate>2017-10-16</actionDate>
        <sourceSystem>
          <name>Library of Congress</name>
          <code>9</code>
        </sourceSystem>
      </item>
      <item>
        <actionDate>2017-03-27</actionDate>
        <committee>
          <systemCode>ssas00</systemCode>
          <name>Armed Services Committee</name>
        </committee>
        <links>
          <link>
            <name>S2000</name>
            <url>https://www.congress.gov/congressional-record/volume-163/senate-section/page/S2000</url>
          </link>
        </links>
        <sourceSystem>
          <name>Senate</name>
          <code>0</code>
        </sourceSystem>
        <text>Referred to the Committee on Armed Services. (text of measure as introduced: CR S2000)</text>
        <type>IntroReferral</type>
      </item>
      <item>
        <type>IntroReferral</type>
        <links />
        <committee />
        <text>Introduced in Senate</text>
        <actionCode>10000</actionCode>
        <actionDate>2017-03-27</actionDate>
        <sourceSystem>
          <name>Library of Congress</name>
          <code>9</code>
        </sourceSystem>
      </item>
    </actions>
    <notes />
    <committeeReports />
    <version>1.0.0</version>
    <billNumber>99</billNumber>
    <policyArea>
      <name>Armed Forces and National Security</name>
    </policyArea>
    <laws />
    <congress>115</congress>
    <relatedBills>
      <item>
        <type>HCONRES</type>
        <number>43</number>
        <latestTitle>Providing official recognition of the massacre of 11 African-American soldiers of the 333rd Field Artillery Battalion of the United States Army who had been captured in Wereth, Belgium, during the Battle of the Bulge on December 17, 1944.</latestTitle>
        <congress>115</congress>
        <relationshipDetails>
          <item>
            <type>Related bill</type>
            <identifiedBy>CRS</identifiedBy>
          </item>
        </relationshipDetails>
        <latestAction>
          <text>Received in the Senate and referred to the Committee on Armed Services.</text>
          <actionDate>2017-11-02</actionDate>
        </latestAction>
      </item>
    </relatedBills>
    <sponsors>
      <item>
        <fullName>Sen. Manchin, Joe, III [D-WV]</fullName>
        <lastName>Manchin</lastName>
        <byRequestType />
        <bioguideId>M001183</bioguideId>
        <party>D</party>
        <middleName />
        <state>WV</state>
        <firstName>Joe</firstName>
        <identifiers>
          <lisID>1983</lisID>
          <gpoId>8256</gpoId>
          <bioguideId>M001183</bioguideId>
        </identifiers>
      </item>
    </sponsors>
    <titles>
      <item>
        <titleType>Official Title as Introduced</titleType>
        <chamberCode />
        <chamberName />
        <title>A resolution recognizing the 11 African-American soldiers of the 333rd Field Artillery Battalion who were massacred in Wereth, Belgium, during the Battle of the Bulge in December 1944.</title>
        <parentTitleType />
      </item>
      <item>
        <titleType>Display Title</titleType>
        <chamberCode />
        <chamberName />
        <title>A resolution recognizing the 11 African-American soldiers of the 333rd Field Artillery Battalion who were massacred in Wereth, Belgium, during the Battle of the Bulge in December 1944.</title>
        <parentTitleType />
      </item>
    </titles>
    <originChamber>Senate</originChamber>
    <latestAction>
      <text>Resolution agreed to in Senate without amendment and with a preamble by Unanimous Consent.</text>
      <actionDate>2017-10-16</actionDate>
      <links />
    </latestAction>
    <createDate>2017-03-28T05:32:32Z</createDate>
    <cosponsors>
      <item>
        <bioguideId>C001095</bioguideId>
        <firstName>Tom</firstName>
        <sponsorshipDate>2017-03-27</sponsorshipDate>
        <party>R</party>
        <sponsorshipWithdrawnDate />
        <identifiers>
          <lisID>2098</lisID>
          <gpoId />
          <bioguideId>C001095</bioguideId>
        </identifiers>
        <lastName>Cotton</lastName>
        <state>AR</state>
        <isOriginalCosponsor>True</isOriginalCosponsor>
        <fullName>Sen. Cotton, Tom [R-AR]</fullName>
        <middleName />
      </item>
      <item>
        <bioguideId>W000437</bioguideId>
        <firstName>ROGER</firstName>
        <sponsorshipDate>2017-04-05</sponsorshipDate>
        <party>R</party>
        <sponsorshipWithdrawnDate />
        <identifiers>
          <bioguideId>W000437</bioguideId>
          <lisID>1226</lisID>
          <gpoId>8263</gpoId>
        </identifiers>
        <lastName>WICKER</lastName>
        <state>MS</state>
        <isOriginalCosponsor>False</isOriginalCosponsor>
        <fullName>Sen. Wicker, Roger F. [R-MS]</fullName>
        <middleName>F.</middleName>
      </item>
      <item>
        <bioguideId>B001236</bioguideId>
        <firstName>John</firstName>
        <sponsorshipDate>2017-04-25</sponsorshipDate>
        <party>R</party>
        <sponsorshipWithdrawnDate />
        <identifiers>
          <bioguideId>B001236</bioguideId>
          <gpoId>8247</gpoId>
          <lisID>1687</lisID>
        </identifiers>
        <lastName>Boozman</lastName>
        <state>AR</state>
        <isOriginalCosponsor>False</isOriginalCosponsor>
        <fullName>Sen. Boozman, John [R-AR]</fullName>
        <middleName />
      </item>
    </cosponsors>
    <committees>
      <billCommittees>
        <item>
          <systemCode>ssas00</systemCode>
          <name>Armed Services Committee</name>
          <activities>
            <item>
              <name>Discharged from</name>
              <date>2017-10-16T22:45:25Z</date>
            </item>
            <item>
              <name>Referred to</name>
              <date>2017-03-27T20:39:12Z</date>
            </item>
          </activities>
          <chamber>Senate</chamber>
          <type>Standing</type>
          <subcommittees />
        </item>
      </billCommittees>
    </committees>
    <title>A resolution recognizing the 11 African-American soldiers of the 333rd Field Artillery Battalion who were massacred in Wereth, Belgium, during the Battle of the Bulge in December 1944.</title>
    <billType>SRES</billType>
    <amendments />
    <cboCostEstimates />
  </bill>
  <dublinCore xmlns:dc="http://purl.org/dc/elements/1.1/">
    <dc:format>text/xml</dc:format>
    <dc:language>EN</dc:language>
    <dc:rights>Pursuant to Title 17 Section 105 of the United States Code, this file is not subject to copyright protection and is in the public domain.</dc:rights>
    <dc:contributor>Congressional Research Service, Library of Congress</dc:contributor>
    <dc:description>This file contains bill summaries and statuses for federal legislation. A bill summary describes the most significant provisions of a piece of legislation and details the effects the legislative text may have on current law and federal programs. Bill summaries are authored by the Congressional Research Service (CRS) of the Library of Congress. As stated in Public Law 91-510 (2 USC 166 (d)(6)), one of the duties of CRS is "to prepare summaries and digests of bills and resolutions of a public general nature introduced in the Senate or House of Representatives". For more information, refer to the User Guide that accompanies this file.</dc:description>
  </dublinCore>
</billStatus>

