<?xml version="1.0" encoding="UTF-8"?>
<billStatus>
  <bill>
    <policyArea>
      <name>International Affairs</name>
    </policyArea>
    <calendarNumbers />
    <actions>
      <actionByCounts>
        <senate>2</senate>
      </actionByCounts>
      <actionTypeCounts>
        <introducedInSenate>1</introducedInSenate>
        <referredToCommittee>1</referredToCommittee>
      </actionTypeCounts>
      <item>
        <actionDate>2018-01-30</actionDate>
        <committee>
          <systemCode>ssfr00</systemCode>
          <name>Foreign Relations Committee</name>
        </committee>
        <links>
          <link>
            <name>S584</name>
            <url>https://www.congress.gov/congressional-record/volume-164/senate-section/page/S584</url>
          </link>
        </links>
        <sourceSystem>
          <code>0</code>
          <name>Senate</name>
        </sourceSystem>
        <text>Referred to the Committee on Foreign Relations. (text of measure as introduced: CR S584)</text>
        <type>IntroReferral</type>
      </item>
      <item>
        <actionDate>2018-01-30</actionDate>
        <committee />
        <links />
        <text>Introduced in Senate</text>
        <type>IntroReferral</type>
        <sourceSystem>
          <code>9</code>
          <name>Library of Congress</name>
        </sourceSystem>
        <actionCode>10000</actionCode>
      </item>
    </actions>
    <latestAction>
      <text>Referred to the Committee on Foreign Relations. (text of measure as introduced: CR S584)</text>
      <actionDate>2018-01-30</actionDate>
      <links />
    </latestAction>
    <cboCostEstimates />
    <recordedVotes />
    <titles>
      <item>
        <titleType>Official Title as Introduced</titleType>
        <chamberCode />
        <chamberName />
        <title>A resolution urging the Government of the Democratic Republic of the Congo to fulfill its agreement to hold credible elections, comply with constitutional limits on presidential terms, and fulfill its constitutional mandate for a democratic transition of power by taking concrete and measurable steps towards holding elections not later than December 2018 as outlined in the existing election calendar, and allowing for freedom of expression and association.</title>
        <parentTitleType />
      </item>
      <item>
        <titleType>Display Title</titleType>
        <chamberCode />
        <chamberName />
        <title>A resolution urging the Government of the Democratic Republic of the Congo to fulfill its agreement to hold credible elections, comply with constitutional limits on presidential terms, and fulfill its constitutional mandate for a democratic transition of power by taking concrete and measurable steps towards holding elections not later than December 2018 as outlined in the existing election calendar, and allowing for freedom of expression and association.</title>
        <parentTitleType />
      </item>
    </titles>
    <billNumber>386</billNumber>
    <committeeReports />
    <cosponsors>
      <item>
        <identifiers>
          <lisID>2194</lisID>
          <gpoId />
          <bioguideId>B001288</bioguideId>
        </identifiers>
        <middleName>A.</middleName>
        <bioguideId>B001288</bioguideId>
        <sponsorshipDate>2018-01-30</sponsorshipDate>
        <party>D</party>
        <sponsorshipWithdrawnDate />
        <firstName>Cory</firstName>
        <lastName>Booker</lastName>
        <isOriginalCosponsor>True</isOriginalCosponsor>
        <state>NJ</state>
        <fullName>Sen. Booker, Cory A. [D-NJ]</fullName>
      </item>
      <item>
        <identifiers>
          <bioguideId>C001088</bioguideId>
          <lisID>1984</lisID>
          <gpoId>8297</gpoId>
        </identifiers>
        <middleName>A.</middleName>
        <bioguideId>C001088</bioguideId>
        <sponsorshipDate>2018-02-26</sponsorshipDate>
        <party>D</party>
        <sponsorshipWithdrawnDate />
        <firstName>Christopher</firstName>
        <lastName>Coons</lastName>
        <isOriginalCosponsor>False</isOriginalCosponsor>
        <state>DE</state>
        <fullName>Sen. Coons, Christopher A. [D-DE]</fullName>
      </item>
    </cosponsors>
    <title>A resolution urging the Government of the Democratic Republic of the Congo to fulfill its agreement to hold credible elections, comply with constitutional limits on presidential terms, and fulfill its constitutional mandate for a democratic transition of power by taking concrete and measurable steps towards holding elections not later than December 2018 as outlined in the existing election calendar, and allowing for freedom of expression and association.</title>
    <subjects>
      <billSubjects>
        <legislativeSubjects />
        <policyArea>
          <name>International Affairs</name>
        </policyArea>
      </billSubjects>
    </subjects>
    <relatedBills />
    <amendments />
    <committees>
      <billCommittees>
        <item>
          <activities>
            <item>
              <name>Referred to</name>
              <date>2018-01-30T15:47:28Z</date>
            </item>
          </activities>
          <subcommittees />
          <systemCode>ssfr00</systemCode>
          <name>Foreign Relations Committee</name>
          <type>Standing</type>
          <chamber>Senate</chamber>
        </item>
      </billCommittees>
    </committees>
    <congress>115</congress>
    <laws />
    <updateDate>2018-02-28T19:17:52Z</updateDate>
    <sponsors>
      <item>
        <lastName>FLAKE</lastName>
        <middleName />
        <firstName>JEFF</firstName>
        <party>R</party>
        <bioguideId>F000444</bioguideId>
        <identifiers>
          <bioguideId>F000444</bioguideId>
          <lisID>1633</lisID>
          <gpoId>7803</gpoId>
        </identifiers>
        <byRequestType />
        <state>AZ</state>
        <fullName>Sen. Flake, Jeff [R-AZ]</fullName>
      </item>
    </sponsors>
    <summaries>
      <billSummaries />
    </summaries>
    <introducedDate>2018-01-30</introducedDate>
    <originChamber>Senate</originChamber>
    <version>1.0.0</version>
    <createDate>2018-01-31T01:11:01Z</createDate>
    <billType>SRES</billType>
    <notes />
  </bill>
  <dublinCore xmlns:dc="http://purl.org/dc/elements/1.1/">
    <dc:format>text/xml</dc:format>
    <dc:language>EN</dc:language>
    <dc:rights>Pursuant to Title 17 Section 105 of the United States Code, this file is not subject to copyright protection and is in the public domain.</dc:rights>
    <dc:contributor>Congressional Research Service, Library of Congress</dc:contributor>
    <dc:description>This file contains bill summaries and statuses for federal legislation. A bill summary describes the most significant provisions of a piece of legislation and details the effects the legislative text may have on current law and federal programs. Bill summaries are authored by the Congressional Research Service (CRS) of the Library of Congress. As stated in Public Law 91-510 (2 USC 166 (d)(6)), one of the duties of CRS is "to prepare summaries and digests of bills and resolutions of a public general nature introduced in the Senate or House of Representatives". For more information, refer to the User Guide that accompanies this file.</dc:description>
  </dublinCore>
</billStatus>

