<?xml version="1.0" encoding="UTF-8"?>
<billStatus>
  <bill>
    <calendarNumbers />
    <congress>115</congress>
    <titles>
      <item>
        <chamberName />
        <titleType>Official Title as Introduced</titleType>
        <title>A resolution expressing support for health and wellness coaches and for the designation of February 13, 2017, through February 19, 2017, as "National Health and Wellness Coach Recognition Week".</title>
        <parentTitleType />
        <chamberCode />
      </item>
      <item>
        <chamberName />
        <titleType>Display Title</titleType>
        <title>A resolution expressing support for health and wellness coaches and for the designation of February 13, 2017, through February 19, 2017, as "National Health and Wellness Coach Recognition Week".</title>
        <parentTitleType />
        <chamberCode />
      </item>
    </titles>
    <introducedDate>2017-02-17</introducedDate>
    <latestAction>
      <actionDate>2017-02-17</actionDate>
      <text>Submitted in the Senate, considered, and agreed to without amendment and with a preamble by Unanimous Consent. (consideration: CR S1416; text of measure as passed: CR S1399)</text>
      <links />
    </latestAction>
    <title>A resolution expressing support for health and wellness coaches and for the designation of February 13, 2017, through February 19, 2017, as "National Health and Wellness Coach Recognition Week".</title>
    <subjects>
      <billSubjects>
        <policyArea>
          <name>Health</name>
        </policyArea>
        <legislativeSubjects>
          <item>
            <name>Commemorative events and holidays</name>
          </item>
          <item>
            <name>Health personnel</name>
          </item>
          <item>
            <name>Health promotion and preventive care</name>
          </item>
          <item>
            <name>Physical fitness and lifestyle</name>
          </item>
        </legislativeSubjects>
      </billSubjects>
    </subjects>
    <relatedBills />
    <updateDate>2018-02-06T16:44:00Z</updateDate>
    <committeeReports />
    <notes />
    <recordedVotes />
    <amendments />
    <createDate>2017-02-18T05:14:00Z</createDate>
    <committees>
      <billCommittees />
    </committees>
    <cboCostEstimates />
    <billNumber>67</billNumber>
    <policyArea>
      <name>Health</name>
    </policyArea>
    <version>1.0.0</version>
    <billType>SRES</billType>
    <originChamber>Senate</originChamber>
    <actions>
      <item>
        <actionDate>2017-02-17</actionDate>
        <committee />
        <links>
          <link>
            <name>S1399</name>
            <url>https://www.congress.gov/congressional-record/volume-163/senate-section/page/S1399</url>
          </link>
          <link>
            <name>S1416</name>
            <url>https://www.congress.gov/congressional-record/volume-163/senate-section/page/S1416</url>
          </link>
        </links>
        <sourceSystem>
          <name>Senate</name>
          <code>0</code>
        </sourceSystem>
        <text>Submitted in the Senate, considered, and agreed to without amendment and with a preamble by Unanimous Consent. (consideration: CR S1416; text of measure as passed: CR S1399)</text>
        <type>Floor</type>
      </item>
      <item>
        <sourceSystem>
          <name>Library of Congress</name>
          <code>9</code>
        </sourceSystem>
        <actionDate>2017-02-17</actionDate>
        <links>
          <link>
            <name>S1399</name>
            <url>https://www.congress.gov/congressional-record/volume-163/senate-section/page/S1399</url>
          </link>
          <link>
            <name>S1416</name>
            <url>https://www.congress.gov/congressional-record/volume-163/senate-section/page/S1416</url>
          </link>
        </links>
        <text>Passed/agreed to in Senate: Submitted in the Senate, considered, and agreed to without amendment and with a preamble by Unanimous Consent.(consideration: CR S1416; text of measure as passed: CR S1399)</text>
        <committee />
        <actionCode>17000</actionCode>
        <type>Floor</type>
      </item>
      <item>
        <sourceSystem>
          <name>Library of Congress</name>
          <code>9</code>
        </sourceSystem>
        <actionDate>2017-02-17</actionDate>
        <links />
        <text>Introduced in Senate</text>
        <committee />
        <actionCode>10000</actionCode>
        <type>IntroReferral</type>
      </item>
      <actionByCounts>
        <senate>3</senate>
      </actionByCounts>
      <actionTypeCounts>
        <passedOrAgreedToInSenateDayOf>1</passedOrAgreedToInSenateDayOf>
        <passedAgreedToInSenate>1</passedAgreedToInSenate>
        <introducedInSenate>1</introducedInSenate>
      </actionTypeCounts>
    </actions>
    <sponsors>
      <item>
        <bioguideId>H001046</bioguideId>
        <party>D</party>
        <firstName>Martin</firstName>
        <middleName />
        <byRequestType />
        <fullName>Sen. Heinrich, Martin [D-NM]</fullName>
        <identifiers>
          <lisID>1937</lisID>
          <bioguideId>H001046</bioguideId>
          <gpoId>8056</gpoId>
        </identifiers>
        <lastName>Heinrich</lastName>
        <state>NM</state>
      </item>
    </sponsors>
    <summaries>
      <billSummaries>
        <item>
          <lastSummaryUpdateDate>2017-02-27T13:44:20Z</lastSummaryUpdateDate>
          <updateDate>2017-02-17T05:00:00Z</updateDate>
          <versionCode>00</versionCode>
          <text><![CDATA[<p> Expresses support for the designation of February 13-February 19, 2017, as National Health and Wellness Coach Recognition Week and for the efforts of health and wellness coaches.</p>]]></text>
          <name>Introduced in Senate</name>
          <actionDesc>Introduced in Senate</actionDesc>
          <actionDate>2017-02-17</actionDate>
        </item>
        <item>
          <lastSummaryUpdateDate>2017-02-27T20:42:11Z</lastSummaryUpdateDate>
          <updateDate>2017-02-17T16:31:28Z</updateDate>
          <versionCode>82</versionCode>
          <text><![CDATA[<p>(This measure has not been amended since it was introduced. The summary of that version is repeated here.)</p> <p> Expresses support for the designation of February 13-February 19, 2017, as National Health and Wellness Coach Recognition Week and for the efforts of health and wellness coaches.</p>]]></text>
          <name>Passed Senate without amendment</name>
          <actionDesc>Passed Senate without amendment</actionDesc>
          <actionDate>2017-02-17</actionDate>
        </item>
      </billSummaries>
    </summaries>
    <laws />
    <cosponsors />
  </bill>
  <dublinCore xmlns:dc="http://purl.org/dc/elements/1.1/">
    <dc:format>text/xml</dc:format>
    <dc:language>EN</dc:language>
    <dc:rights>Pursuant to Title 17 Section 105 of the United States Code, this file is not subject to copyright protection and is in the public domain.</dc:rights>
    <dc:contributor>Congressional Research Service, Library of Congress</dc:contributor>
    <dc:description>This file contains bill summaries and statuses for federal legislation. A bill summary describes the most significant provisions of a piece of legislation and details the effects the legislative text may have on current law and federal programs. Bill summaries are authored by the Congressional Research Service (CRS) of the Library of Congress. As stated in Public Law 91-510 (2 USC 166 (d)(6)), one of the duties of CRS is "to prepare summaries and digests of bills and resolutions of a public general nature introduced in the Senate or House of Representatives". For more information, refer to the User Guide that accompanies this file.</dc:description>
  </dublinCore>
</billStatus>

