<?xml version="1.0" encoding="UTF-8"?>
<billStatus>
  <bill>
    <cosponsors>
      <item>
        <fullName>Sen. Isakson, Johnny [R-GA]</fullName>
        <state>GA</state>
        <bioguideId>I000055</bioguideId>
        <lastName>Isakson</lastName>
        <isOriginalCosponsor>True</isOriginalCosponsor>
        <middleName />
        <sponsorshipDate>2017-11-01</sponsorshipDate>
        <sponsorshipWithdrawnDate />
        <identifiers>
          <lisID>1608</lisID>
          <gpoId>8323</gpoId>
          <bioguideId>I000055</bioguideId>
        </identifiers>
        <party>R</party>
        <firstName>Johnny</firstName>
      </item>
      <item>
        <fullName>Sen. Casey, Robert P., Jr. [D-PA]</fullName>
        <state>PA</state>
        <bioguideId>C001070</bioguideId>
        <lastName>Casey</lastName>
        <isOriginalCosponsor>False</isOriginalCosponsor>
        <middleName />
        <sponsorshipDate>2017-11-09</sponsorshipDate>
        <sponsorshipWithdrawnDate />
        <identifiers>
          <lisID>1828</lisID>
          <gpoId>8282</gpoId>
          <bioguideId>C001070</bioguideId>
        </identifiers>
        <party>D</party>
        <firstName>Bob</firstName>
      </item>
      <item>
        <fullName>Sen. King, Angus S., Jr. [I-ME]</fullName>
        <state>ME</state>
        <bioguideId>K000383</bioguideId>
        <lastName>King</lastName>
        <isOriginalCosponsor>False</isOriginalCosponsor>
        <middleName />
        <sponsorshipDate>2017-11-16</sponsorshipDate>
        <sponsorshipWithdrawnDate />
        <identifiers>
          <gpoId />
          <lisID>2185</lisID>
          <bioguideId>K000383</bioguideId>
        </identifiers>
        <party>I</party>
        <firstName>Angus</firstName>
      </item>
      <item>
        <fullName>Sen. Klobuchar, Amy [D-MN]</fullName>
        <state>MN</state>
        <bioguideId>K000367</bioguideId>
        <lastName>Klobuchar</lastName>
        <isOriginalCosponsor>False</isOriginalCosponsor>
        <middleName />
        <sponsorshipDate>2017-11-28</sponsorshipDate>
        <sponsorshipWithdrawnDate />
        <identifiers>
          <gpoId>8249</gpoId>
          <lisID>1826</lisID>
          <bioguideId>K000367</bioguideId>
        </identifiers>
        <party>D</party>
        <firstName>Amy</firstName>
      </item>
      <item>
        <fullName>Sen. Capito, Shelley Moore [R-WV]</fullName>
        <state>WV</state>
        <bioguideId>C001047</bioguideId>
        <lastName>CAPITO</lastName>
        <isOriginalCosponsor>False</isOriginalCosponsor>
        <middleName>MOORE</middleName>
        <sponsorshipDate>2017-11-29</sponsorshipDate>
        <sponsorshipWithdrawnDate />
        <identifiers>
          <gpoId>8223</gpoId>
          <lisID>1676</lisID>
          <bioguideId>C001047</bioguideId>
        </identifiers>
        <party>R</party>
        <firstName>SHELLEY</firstName>
      </item>
    </cosponsors>
    <summaries>
      <billSummaries>
        <item>
          <updateDate>2017-11-01T04:00:00Z</updateDate>
          <text><![CDATA[<p>Expresses support for the recognition of Prematurity Awareness Month and for efforts to improve the care and treatment of infants born preterm. <br /></p>]]></text>
          <name>Introduced in Senate</name>
          <lastSummaryUpdateDate>2018-02-07T21:20:51Z</lastSummaryUpdateDate>
          <versionCode>00</versionCode>
          <actionDesc>Introduced in Senate</actionDesc>
          <actionDate>2017-11-01</actionDate>
        </item>
      </billSummaries>
    </summaries>
    <sponsors>
      <item>
        <bioguideId>B000944</bioguideId>
        <party>D</party>
        <fullName>Sen. Brown, Sherrod [D-OH]</fullName>
        <firstName>SHERROD</firstName>
        <byRequestType />
        <lastName>BROWN</lastName>
        <identifiers>
          <lisID>136</lisID>
          <gpoId>8309</gpoId>
          <bioguideId>B000944</bioguideId>
        </identifiers>
        <middleName />
        <state>OH</state>
      </item>
    </sponsors>
    <committeeReports />
    <cboCostEstimates />
    <updateDate>2018-02-20T13:03:32Z</updateDate>
    <title>A resolution supporting the goals, activities, and ideals of Prematurity Awareness Month.</title>
    <originChamber>Senate</originChamber>
    <latestAction>
      <actionDate>2017-11-01</actionDate>
      <text>Referred to the Committee on Health, Education, Labor, and Pensions. (text of measure as introduced: CR S6971-6972)</text>
      <links />
    </latestAction>
    <version>1.0.0</version>
    <relatedBills>
      <item>
        <latestAction>
          <actionDate>2017-11-17</actionDate>
          <text>Referred to the Subcommittee on Health.</text>
        </latestAction>
        <number>625</number>
        <relationshipDetails>
          <item>
            <type>Related bill</type>
            <identifiedBy>CRS</identifiedBy>
          </item>
        </relationshipDetails>
        <latestTitle>Supporting the goals, activities, and ideals of Prematurity Awareness Month.</latestTitle>
        <congress>115</congress>
        <type>HRES</type>
      </item>
    </relatedBills>
    <actions>
      <actionByCounts>
        <senate>2</senate>
      </actionByCounts>
      <item>
        <actionDate>2017-11-01</actionDate>
        <committee>
          <name>Health, Education, Labor, and Pensions Committee</name>
          <systemCode>sshr00</systemCode>
        </committee>
        <links>
          <link>
            <name>S6971-6972</name>
            <url>https://www.congress.gov/congressional-record/volume-163/senate-section/page/S6971-6972</url>
          </link>
        </links>
        <sourceSystem>
          <code>0</code>
          <name>Senate</name>
        </sourceSystem>
        <text>Referred to the Committee on Health, Education, Labor, and Pensions. (text of measure as introduced: CR S6971-6972)</text>
        <type>IntroReferral</type>
      </item>
      <item>
        <links />
        <committee />
        <actionCode>10000</actionCode>
        <actionDate>2017-11-01</actionDate>
        <text>Introduced in Senate</text>
        <sourceSystem>
          <code>9</code>
          <name>Library of Congress</name>
        </sourceSystem>
        <type>IntroReferral</type>
      </item>
      <actionTypeCounts>
        <introducedInSenate>1</introducedInSenate>
        <referredToCommittee>1</referredToCommittee>
      </actionTypeCounts>
    </actions>
    <billType>SRES</billType>
    <subjects>
      <billSubjects>
        <legislativeSubjects />
        <policyArea>
          <name>Health</name>
        </policyArea>
      </billSubjects>
    </subjects>
    <recordedVotes />
    <createDate>2017-11-02T00:41:15Z</createDate>
    <laws />
    <amendments />
    <billNumber>319</billNumber>
    <committees>
      <billCommittees>
        <item>
          <chamber>Senate</chamber>
          <subcommittees />
          <name>Health, Education, Labor, and Pensions Committee</name>
          <systemCode>sshr00</systemCode>
          <activities>
            <item>
              <name>Referred to</name>
              <date>2017-11-01T14:43:11Z</date>
            </item>
          </activities>
          <type>Standing</type>
        </item>
      </billCommittees>
    </committees>
    <titles>
      <item>
        <parentTitleType />
        <chamberCode />
        <titleType>Official Title as Introduced</titleType>
        <chamberName />
        <title>A resolution supporting the goals, activities, and ideals of Prematurity Awareness Month.</title>
      </item>
      <item>
        <parentTitleType />
        <chamberCode />
        <titleType>Display Title</titleType>
        <chamberName />
        <title>A resolution supporting the goals, activities, and ideals of Prematurity Awareness Month.</title>
      </item>
    </titles>
    <introducedDate>2017-11-01</introducedDate>
    <calendarNumbers />
    <congress>115</congress>
    <policyArea>
      <name>Health</name>
    </policyArea>
    <notes />
  </bill>
  <dublinCore xmlns:dc="http://purl.org/dc/elements/1.1/">
    <dc:format>text/xml</dc:format>
    <dc:language>EN</dc:language>
    <dc:rights>Pursuant to Title 17 Section 105 of the United States Code, this file is not subject to copyright protection and is in the public domain.</dc:rights>
    <dc:contributor>Congressional Research Service, Library of Congress</dc:contributor>
    <dc:description>This file contains bill summaries and statuses for federal legislation. A bill summary describes the most significant provisions of a piece of legislation and details the effects the legislative text may have on current law and federal programs. Bill summaries are authored by the Congressional Research Service (CRS) of the Library of Congress. As stated in Public Law 91-510 (2 USC 166 (d)(6)), one of the duties of CRS is "to prepare summaries and digests of bills and resolutions of a public general nature introduced in the Senate or House of Representatives". For more information, refer to the User Guide that accompanies this file.</dc:description>
  </dublinCore>
</billStatus>

