<?xml version="1.0" encoding="UTF-8"?>
<billStatus>
  <bill>
    <titles>
      <item>
        <chamberCode />
        <title>A resolution congratulating the University of Florida baseball team for winning the 2017 National Collegiate Athletic Association College World Series.</title>
        <titleType>Official Title as Introduced</titleType>
        <parentTitleType />
        <chamberName />
      </item>
      <item>
        <chamberCode />
        <title>A resolution congratulating the University of Florida baseball team for winning the 2017 National Collegiate Athletic Association College World Series.</title>
        <titleType>Display Title</titleType>
        <parentTitleType />
        <chamberName />
      </item>
    </titles>
    <committeeReports />
    <sponsors>
      <item>
        <firstName>Marco</firstName>
        <identifiers>
          <lisID>2084</lisID>
          <bioguideId>R000595</bioguideId>
          <gpoId>8242</gpoId>
        </identifiers>
        <party>R</party>
        <bioguideId>R000595</bioguideId>
        <lastName>Rubio</lastName>
        <fullName>Sen. Rubio, Marco [R-FL]</fullName>
        <byRequestType />
        <middleName />
        <state>FL</state>
      </item>
    </sponsors>
    <title>A resolution congratulating the University of Florida baseball team for winning the 2017 National Collegiate Athletic Association College World Series.</title>
    <actions>
      <item>
        <actionDate>2017-08-01</actionDate>
        <committee />
        <links>
          <link>
            <name>S4673</name>
            <url>https://www.congress.gov/congressional-record/volume-163/senate-section/page/S4673</url>
          </link>
          <link>
            <name>S4695</name>
            <url>https://www.congress.gov/congressional-record/volume-163/senate-section/page/S4695</url>
          </link>
        </links>
        <sourceSystem>
          <name>Senate</name>
          <code>0</code>
        </sourceSystem>
        <text>Submitted in the Senate, considered, and agreed to without amendment and with a preamble by Unanimous Consent. (consideration: CR S4695; text of measure as introduced: CR S4673)</text>
        <type>Floor</type>
      </item>
      <item>
        <sourceSystem>
          <name>Library of Congress</name>
          <code>9</code>
        </sourceSystem>
        <actionDate>2017-08-01</actionDate>
        <links>
          <link>
            <name>S4673</name>
            <url>https://www.congress.gov/congressional-record/volume-163/senate-section/page/S4673</url>
          </link>
          <link>
            <name>S4695</name>
            <url>https://www.congress.gov/congressional-record/volume-163/senate-section/page/S4695</url>
          </link>
        </links>
        <text>Passed/agreed to in Senate: Submitted in the Senate, considered, and agreed to without amendment and with a preamble by Unanimous Consent.(consideration: CR S4695; text of measure as introduced: CR S4673)</text>
        <committee />
        <actionCode>17000</actionCode>
        <type>Floor</type>
      </item>
      <item>
        <sourceSystem>
          <name>Library of Congress</name>
          <code>9</code>
        </sourceSystem>
        <actionDate>2017-08-01</actionDate>
        <links />
        <text>Introduced in Senate</text>
        <committee />
        <actionCode>10000</actionCode>
        <type>IntroReferral</type>
      </item>
      <actionByCounts>
        <senate>3</senate>
      </actionByCounts>
      <actionTypeCounts>
        <passedOrAgreedToInSenateDayOf>1</passedOrAgreedToInSenateDayOf>
        <passedAgreedToInSenate>1</passedAgreedToInSenate>
        <introducedInSenate>1</introducedInSenate>
      </actionTypeCounts>
    </actions>
    <summaries>
      <billSummaries>
        <item>
          <versionCode>00</versionCode>
          <actionDate>2017-08-01</actionDate>
          <updateDate>2017-08-01T04:00:00Z</updateDate>
          <text><![CDATA[<p> Commends the University of Florida for winning the 2017 National Collegiate Athletic Association College World Series.</p>]]></text>
          <actionDesc>Introduced in Senate</actionDesc>
          <name>Introduced in Senate</name>
          <lastSummaryUpdateDate>2017-09-26T19:01:20Z</lastSummaryUpdateDate>
        </item>
        <item>
          <versionCode>82</versionCode>
          <actionDate>2017-08-01</actionDate>
          <updateDate>2017-08-01T13:16:35Z</updateDate>
          <text><![CDATA[<p>(This measure has not been amended since it was introduced. The summary of that version is repeated here.)</p> <p> Commends the University of Florida for winning the 2017 National Collegiate Athletic Association College World Series.</p>]]></text>
          <actionDesc>Passed Senate without amendment</actionDesc>
          <name>Passed Senate without amendment</name>
          <lastSummaryUpdateDate>2017-09-26T19:01:30Z</lastSummaryUpdateDate>
        </item>
      </billSummaries>
    </summaries>
    <recordedVotes />
    <billNumber>240</billNumber>
    <calendarNumbers />
    <cosponsors>
      <item>
        <lastName>NELSON</lastName>
        <sponsorshipDate>2017-08-01</sponsorshipDate>
        <party>D</party>
        <state>FL</state>
        <bioguideId>N000032</bioguideId>
        <middleName>WILLIAM</middleName>
        <sponsorshipWithdrawnDate />
        <fullName>Sen. Nelson, Bill [D-FL]</fullName>
        <firstName>CLARENCE</firstName>
        <isOriginalCosponsor>True</isOriginalCosponsor>
        <identifiers>
          <bioguideId>N000032</bioguideId>
          <gpoId>8236</gpoId>
          <lisID>859</lisID>
        </identifiers>
      </item>
    </cosponsors>
    <version>1.0.0</version>
    <subjects>
      <billSubjects>
        <policyArea>
          <name>Sports and Recreation</name>
        </policyArea>
        <legislativeSubjects>
          <item>
            <name>Athletes</name>
          </item>
          <item>
            <name>Congressional tributes</name>
          </item>
          <item>
            <name>Florida</name>
          </item>
          <item>
            <name>Higher education</name>
          </item>
          <item>
            <name>School athletics</name>
          </item>
        </legislativeSubjects>
      </billSubjects>
    </subjects>
    <latestAction>
      <text>Submitted in the Senate, considered, and agreed to without amendment and with a preamble by Unanimous Consent. (consideration: CR S4695; text of measure as introduced: CR S4673)</text>
      <links />
      <actionDate>2017-08-01</actionDate>
    </latestAction>
    <originChamber>Senate</originChamber>
    <laws />
    <notes />
    <createDate>2017-08-02T00:26:43Z</createDate>
    <billType>SRES</billType>
    <updateDate>2018-02-06T16:44:12Z</updateDate>
    <policyArea>
      <name>Sports and Recreation</name>
    </policyArea>
    <cboCostEstimates />
    <introducedDate>2017-08-01</introducedDate>
    <amendments />
    <relatedBills />
    <congress>115</congress>
    <committees>
      <billCommittees />
    </committees>
  </bill>
  <dublinCore xmlns:dc="http://purl.org/dc/elements/1.1/">
    <dc:format>text/xml</dc:format>
    <dc:language>EN</dc:language>
    <dc:rights>Pursuant to Title 17 Section 105 of the United States Code, this file is not subject to copyright protection and is in the public domain.</dc:rights>
    <dc:contributor>Congressional Research Service, Library of Congress</dc:contributor>
    <dc:description>This file contains bill summaries and statuses for federal legislation. A bill summary describes the most significant provisions of a piece of legislation and details the effects the legislative text may have on current law and federal programs. Bill summaries are authored by the Congressional Research Service (CRS) of the Library of Congress. As stated in Public Law 91-510 (2 USC 166 (d)(6)), one of the duties of CRS is "to prepare summaries and digests of bills and resolutions of a public general nature introduced in the Senate or House of Representatives". For more information, refer to the User Guide that accompanies this file.</dc:description>
  </dublinCore>
</billStatus>

