<?xml version="1.0" encoding="UTF-8"?>
<billStatus>
  <bill>
    <introducedDate>2017-01-10</introducedDate>
    <committees>
      <billCommittees>
        <item>
          <systemCode>sshr00</systemCode>
          <type>Standing</type>
          <subcommittees />
          <chamber>Senate</chamber>
          <name>Health, Education, Labor, and Pensions Committee</name>
          <activities>
            <item>
              <name>Referred to</name>
              <date>2017-01-10T23:33:32Z</date>
            </item>
          </activities>
        </item>
      </billCommittees>
    </committees>
    <billType>SRES</billType>
    <actions>
      <actionByCounts>
        <senate>2</senate>
      </actionByCounts>
      <item>
        <actionDate>2017-01-10</actionDate>
        <committee>
          <systemCode>sshr00</systemCode>
          <name>Health, Education, Labor, and Pensions Committee</name>
        </committee>
        <links />
        <sourceSystem>
          <code>0</code>
          <name>Senate</name>
        </sourceSystem>
        <text>Referred to the Committee on Health, Education, Labor, and Pensions.</text>
        <type>IntroReferral</type>
      </item>
      <item>
        <actionDate>2017-01-10</actionDate>
        <text>Introduced in Senate</text>
        <sourceSystem>
          <code>9</code>
          <name>Library of Congress</name>
        </sourceSystem>
        <committee />
        <type>IntroReferral</type>
        <actionCode>10000</actionCode>
        <links />
      </item>
      <actionTypeCounts>
        <referredToCommittee>1</referredToCommittee>
        <introducedInSenate>1</introducedInSenate>
      </actionTypeCounts>
    </actions>
    <summaries>
      <billSummaries>
        <item>
          <lastSummaryUpdateDate>2017-02-23T16:00:03Z</lastSummaryUpdateDate>
          <text><![CDATA[<p>Encourages each corporate, academic, and social entity: (1) to develop an internal rule modeled after a successful business practice, such as the Rooney Rule (requires every National Football League team with a coach or general manager opening to interview at least one minority candidate) or the RLJ Rule (encourages companies to voluntarily establish a best practices policy to identify minority candidates and vendors by implementing a plan to interview at least two qualified minority candidates for managerial openings at the director level and above and to interview two qualified minority businesses before approving a vendor contract); (2) in accordance with title VII of the Civil Rights Act of 1964, to adapt that rule to specifications that will best fit the procedures of the individual entity; and (3) to institute such individualized rule to ensure that the entity will always consider candidates from underrepresented populations before selecting a business vendor or filling a leadership position.</p>]]></text>
          <actionDesc>Introduced in Senate</actionDesc>
          <actionDate>2017-01-10</actionDate>
          <name>Introduced in Senate</name>
          <updateDate>2017-01-10T05:00:00Z</updateDate>
          <versionCode>00</versionCode>
        </item>
      </billSummaries>
    </summaries>
    <updateDate>2018-02-22T15:29:18Z</updateDate>
    <amendments />
    <subjects>
      <billSubjects>
        <legislativeSubjects>
          <item>
            <name>Corporate finance and management</name>
          </item>
          <item>
            <name>Employee hiring</name>
          </item>
          <item>
            <name>Employment discrimination and employee rights</name>
          </item>
          <item>
            <name>Minority employment</name>
          </item>
        </legislativeSubjects>
        <policyArea>
          <name>Labor and Employment</name>
        </policyArea>
      </billSubjects>
    </subjects>
    <calendarNumbers />
    <cosponsors>
      <item>
        <sponsorshipWithdrawnDate />
        <state>OH</state>
        <middleName />
        <bioguideId>P000449</bioguideId>
        <firstName>ROB</firstName>
        <lastName>PORTMAN</lastName>
        <identifiers>
          <bioguideId>P000449</bioguideId>
          <gpoId>8266</gpoId>
          <lisID>924</lisID>
        </identifiers>
        <fullName>Sen. Portman, Rob [R-OH]</fullName>
        <party>R</party>
        <isOriginalCosponsor>True</isOriginalCosponsor>
        <sponsorshipDate>2017-01-10</sponsorshipDate>
      </item>
      <item>
        <sponsorshipWithdrawnDate />
        <state>FL</state>
        <middleName />
        <bioguideId>R000595</bioguideId>
        <firstName>Marco</firstName>
        <lastName>Rubio</lastName>
        <identifiers>
          <bioguideId>R000595</bioguideId>
          <lisID>2084</lisID>
          <gpoId>8242</gpoId>
        </identifiers>
        <fullName>Sen. Rubio, Marco [R-FL]</fullName>
        <party>R</party>
        <isOriginalCosponsor>True</isOriginalCosponsor>
        <sponsorshipDate>2017-01-10</sponsorshipDate>
      </item>
      <item>
        <sponsorshipWithdrawnDate />
        <state>NJ</state>
        <middleName>A.</middleName>
        <bioguideId>B001288</bioguideId>
        <firstName>Cory</firstName>
        <lastName>Booker</lastName>
        <identifiers>
          <bioguideId>B001288</bioguideId>
          <gpoId />
          <lisID>2194</lisID>
        </identifiers>
        <fullName>Sen. Booker, Cory A. [D-NJ]</fullName>
        <party>D</party>
        <isOriginalCosponsor>True</isOriginalCosponsor>
        <sponsorshipDate>2017-01-10</sponsorshipDate>
      </item>
      <item>
        <sponsorshipWithdrawnDate />
        <state>KY</state>
        <middleName />
        <bioguideId>P000603</bioguideId>
        <firstName>Rand</firstName>
        <lastName>Paul</lastName>
        <identifiers>
          <bioguideId>P000603</bioguideId>
          <lisID>2082</lisID>
          <gpoId>8308</gpoId>
        </identifiers>
        <fullName>Sen. Paul, Rand [R-KY]</fullName>
        <party>R</party>
        <isOriginalCosponsor>True</isOriginalCosponsor>
        <sponsorshipDate>2017-01-10</sponsorshipDate>
      </item>
      <item>
        <sponsorshipWithdrawnDate />
        <state>OH</state>
        <middleName />
        <bioguideId>B000944</bioguideId>
        <firstName>SHERROD</firstName>
        <lastName>BROWN</lastName>
        <identifiers>
          <gpoId>8309</gpoId>
          <bioguideId>B000944</bioguideId>
          <lisID>136</lisID>
        </identifiers>
        <fullName>Sen. Brown, Sherrod [D-OH]</fullName>
        <party>D</party>
        <isOriginalCosponsor>True</isOriginalCosponsor>
        <sponsorshipDate>2017-01-10</sponsorshipDate>
      </item>
      <item>
        <sponsorshipWithdrawnDate />
        <state>CA</state>
        <middleName>D.</middleName>
        <bioguideId>H001075</bioguideId>
        <firstName>Kamala</firstName>
        <lastName>Harris</lastName>
        <identifiers>
          <bioguideId>H001075</bioguideId>
          <lisID>2301</lisID>
          <gpoId />
        </identifiers>
        <fullName>Sen. Harris, Kamala D. [D-CA]</fullName>
        <party>D</party>
        <isOriginalCosponsor>False</isOriginalCosponsor>
        <sponsorshipDate>2017-01-11</sponsorshipDate>
      </item>
      <item>
        <sponsorshipWithdrawnDate />
        <state>UT</state>
        <middleName>GRANT</middleName>
        <bioguideId>H000338</bioguideId>
        <firstName>ORRIN</firstName>
        <lastName>HATCH</lastName>
        <identifiers>
          <bioguideId>H000338</bioguideId>
          <lisID>1351</lisID>
          <gpoId>8314</gpoId>
        </identifiers>
        <fullName>Sen. Hatch, Orrin G. [R-UT]</fullName>
        <party>R</party>
        <isOriginalCosponsor>False</isOriginalCosponsor>
        <sponsorshipDate>2017-03-28</sponsorshipDate>
      </item>
    </cosponsors>
    <titles>
      <item>
        <title>A resolution encouraging the development of best business practices to fully utilize the potential of the United States.</title>
        <parentTitleType />
        <titleType>Official Title as Introduced</titleType>
        <chamberCode />
        <chamberName />
      </item>
      <item>
        <title>A resolution encouraging the development of best business practices to fully utilize the potential of the United States.</title>
        <parentTitleType />
        <titleType>Display Title</titleType>
        <chamberCode />
        <chamberName />
      </item>
    </titles>
    <relatedBills>
      <item>
        <latestTitle>Encouraging the development of best business practices to fully utilize the potential of the United States.</latestTitle>
        <type>HRES</type>
        <relationshipDetails>
          <item>
            <type>Related bill</type>
            <identifiedBy>CRS</identifiedBy>
          </item>
          <item>
            <type>Identical bill</type>
            <identifiedBy>CRS</identifiedBy>
          </item>
        </relationshipDetails>
        <latestAction>
          <text>Referred to the House Committee on Education and the Workforce.</text>
          <actionDate>2017-01-31</actionDate>
        </latestAction>
        <congress>115</congress>
        <number>77</number>
      </item>
    </relatedBills>
    <policyArea>
      <name>Labor and Employment</name>
    </policyArea>
    <version>1.0.0</version>
    <latestAction>
      <actionDate>2017-01-10</actionDate>
      <links />
      <text>Referred to the Committee on Health, Education, Labor, and Pensions.</text>
    </latestAction>
    <originChamber>Senate</originChamber>
    <sponsors>
      <item>
        <state>SC</state>
        <fullName>Sen. Scott, Tim [R-SC]</fullName>
        <bioguideId>S001184</bioguideId>
        <firstName>Tim</firstName>
        <byRequestType />
        <party>R</party>
        <middleName />
        <identifiers>
          <bioguideId>S001184</bioguideId>
          <lisID>2056</lisID>
          <gpoId>8141</gpoId>
        </identifiers>
        <lastName>Scott</lastName>
      </item>
    </sponsors>
    <cboCostEstimates />
    <createDate>2017-01-11T05:09:44Z</createDate>
    <congress>115</congress>
    <recordedVotes />
    <laws />
    <title>A resolution encouraging the development of best business practices to fully utilize the potential of the United States.</title>
    <committeeReports />
    <billNumber>11</billNumber>
    <notes />
  </bill>
  <dublinCore xmlns:dc="http://purl.org/dc/elements/1.1/">
    <dc:format>text/xml</dc:format>
    <dc:language>EN</dc:language>
    <dc:rights>Pursuant to Title 17 Section 105 of the United States Code, this file is not subject to copyright protection and is in the public domain.</dc:rights>
    <dc:contributor>Congressional Research Service, Library of Congress</dc:contributor>
    <dc:description>This file contains bill summaries and statuses for federal legislation. A bill summary describes the most significant provisions of a piece of legislation and details the effects the legislative text may have on current law and federal programs. Bill summaries are authored by the Congressional Research Service (CRS) of the Library of Congress. As stated in Public Law 91-510 (2 USC 166 (d)(6)), one of the duties of CRS is "to prepare summaries and digests of bills and resolutions of a public general nature introduced in the Senate or House of Representatives". For more information, refer to the User Guide that accompanies this file.</dc:description>
  </dublinCore>
</billStatus>

