<?xml version="1.0" encoding="UTF-8"?>
<billStatus>
  <bill>
    <billNumber>6</billNumber>
    <committeeReports />
    <originChamber>Senate</originChamber>
    <latestAction>
      <actionDate>2017-01-12</actionDate>
      <text>Placed on Senate Legislative Calendar under General Orders. Calendar No. 3.</text>
      <links />
    </latestAction>
    <cboCostEstimates />
    <createDate>2017-01-05T04:47:33Z</createDate>
    <titles>
      <item>
        <chamberName />
        <title>A resolution objecting to United Nations Security Council Resolution 2334 and to all efforts that undermine direct negotiations between Israel and the Palestinians for a secure and peaceful settlement.</title>
        <titleType>Official Title as Introduced</titleType>
        <chamberCode />
        <parentTitleType />
      </item>
      <item>
        <chamberName />
        <title>A resolution objecting to United Nations Security Council Resolution 2334 and to all efforts that undermine direct negotiations between Israel and the Palestinians for a secure and peaceful settlement.</title>
        <titleType>Display Title</titleType>
        <chamberCode />
        <parentTitleType />
      </item>
    </titles>
    <updateDate>2018-02-22T15:29:17Z</updateDate>
    <notes />
    <title>A resolution objecting to United Nations Security Council Resolution 2334 and to all efforts that undermine direct negotiations between Israel and the Palestinians for a secure and peaceful settlement.</title>
    <relatedBills />
    <laws />
    <congress>115</congress>
    <calendarNumbers>
      <item>
        <calendar>Senate Calendar of Business</calendar>
        <number>0003</number>
      </item>
    </calendarNumbers>
    <introducedDate>2017-01-04</introducedDate>
    <actions>
      <actionTypeCounts>
        <introducedInSenate>1</introducedInSenate>
        <reportedToSenate>2</reportedToSenate>
        <orderedReported>1</orderedReported>
        <placedOnCalendarGeneralOrders>1</placedOnCalendarGeneralOrders>
        <referredToCommittee>1</referredToCommittee>
      </actionTypeCounts>
      <item>
        <actionDate>2017-01-12</actionDate>
        <committee />
        <links />
        <sourceSystem>
          <code>0</code>
          <name>Senate</name>
        </sourceSystem>
        <text>Placed on Senate Legislative Calendar under General Orders. Calendar No. 3.</text>
        <type>Calendars</type>
      </item>
      <item>
        <actionDate>2017-01-12</actionDate>
        <committee>
          <systemCode>ssfr00</systemCode>
          <name>Foreign Relations Committee</name>
        </committee>
        <links />
        <sourceSystem>
          <code>0</code>
          <name>Senate</name>
        </sourceSystem>
        <text>Committee on Foreign Relations. Reported by Senator Corker with amendments and with a preamble. Without written report.</text>
        <type>Committee</type>
      </item>
      <item>
        <committee>
          <systemCode>ssfr00</systemCode>
          <name>Foreign Relations Committee</name>
        </committee>
        <sourceSystem>
          <code>9</code>
          <name>Library of Congress</name>
        </sourceSystem>
        <actionDate>2017-01-12</actionDate>
        <text>Committee on Foreign Relations. Reported by Senator Corker with amendments and with a preamble. Without written report.</text>
        <links />
        <type>Committee</type>
        <actionCode>14000</actionCode>
      </item>
      <item>
        <actionDate>2017-01-12</actionDate>
        <committee>
          <systemCode>ssfr00</systemCode>
          <name>Foreign Relations Committee</name>
        </committee>
        <links />
        <sourceSystem>
          <code>0</code>
          <name>Senate</name>
        </sourceSystem>
        <text>Committee on Foreign Relations. Ordered to be reported with amendments favorably.</text>
        <type>Committee</type>
      </item>
      <item>
        <actionDate>2017-01-04</actionDate>
        <committee>
          <systemCode>ssfr00</systemCode>
          <name>Foreign Relations Committee</name>
        </committee>
        <links />
        <sourceSystem>
          <code>0</code>
          <name>Senate</name>
        </sourceSystem>
        <text>Referred to the Committee on Foreign Relations.</text>
        <type>IntroReferral</type>
      </item>
      <item>
        <committee />
        <sourceSystem>
          <code>9</code>
          <name>Library of Congress</name>
        </sourceSystem>
        <actionDate>2017-01-04</actionDate>
        <text>Introduced in Senate</text>
        <links />
        <type>IntroReferral</type>
        <actionCode>10000</actionCode>
      </item>
      <actionByCounts>
        <senate>6</senate>
      </actionByCounts>
    </actions>
    <version>1.0.0</version>
    <billType>SRES</billType>
    <committees>
      <billCommittees>
        <item>
          <subcommittees />
          <type>Standing</type>
          <name>Foreign Relations Committee</name>
          <activities>
            <item>
              <name>Reported by</name>
              <date>2017-01-12T20:28:36Z</date>
            </item>
            <item>
              <name>Markup by</name>
              <date>2017-01-12T17:00:34Z</date>
            </item>
            <item>
              <name>Referred to</name>
              <date>2017-01-04T18:08:16Z</date>
            </item>
          </activities>
          <chamber>Senate</chamber>
          <systemCode>ssfr00</systemCode>
        </item>
      </billCommittees>
    </committees>
    <cosponsors>
      <item>
        <lastName>CARDIN</lastName>
        <firstName>BENJAMIN</firstName>
        <identifiers>
          <bioguideId>C000141</bioguideId>
          <gpoId>8287</gpoId>
          <lisID>174</lisID>
        </identifiers>
        <party>D</party>
        <sponsorshipDate>2017-01-04</sponsorshipDate>
        <isOriginalCosponsor>True</isOriginalCosponsor>
        <middleName>L.</middleName>
        <state>MD</state>
        <bioguideId>C000141</bioguideId>
        <fullName>Sen. Cardin, Benjamin L. [D-MD]</fullName>
        <sponsorshipWithdrawnDate />
      </item>
      <item>
        <lastName>MCCONNELL</lastName>
        <firstName>MITCH</firstName>
        <identifiers>
          <bioguideId>M000355</bioguideId>
          <lisID>1395</lisID>
          <gpoId>8254</gpoId>
        </identifiers>
        <party>R</party>
        <sponsorshipDate>2017-01-04</sponsorshipDate>
        <isOriginalCosponsor>True</isOriginalCosponsor>
        <middleName />
        <state>KY</state>
        <bioguideId>M000355</bioguideId>
        <fullName>Sen. McConnell, Mitch [R-KY]</fullName>
        <sponsorshipWithdrawnDate />
      </item>
      <item>
        <lastName>SCHUMER</lastName>
        <firstName>CHARLES</firstName>
        <identifiers>
          <bioguideId>S000148</bioguideId>
          <gpoId>8279</gpoId>
          <lisID>1036</lisID>
        </identifiers>
        <party>D</party>
        <sponsorshipDate>2017-01-04</sponsorshipDate>
        <isOriginalCosponsor>True</isOriginalCosponsor>
        <middleName>E.</middleName>
        <state>NY</state>
        <bioguideId>S000148</bioguideId>
        <fullName>Sen. Schumer, Charles E. [D-NY]</fullName>
        <sponsorshipWithdrawnDate />
      </item>
      <item>
        <lastName>MORAN</lastName>
        <firstName>JERRY</firstName>
        <identifiers>
          <bioguideId>M000934</bioguideId>
          <lisID>1507</lisID>
          <gpoId>8307</gpoId>
        </identifiers>
        <party>R</party>
        <sponsorshipDate>2017-01-04</sponsorshipDate>
        <isOriginalCosponsor>True</isOriginalCosponsor>
        <middleName />
        <state>KS</state>
        <bioguideId>M000934</bioguideId>
        <fullName>Sen. Moran, Jerry [R-KS]</fullName>
        <sponsorshipWithdrawnDate />
      </item>
      <item>
        <lastName>NELSON</lastName>
        <firstName>CLARENCE</firstName>
        <identifiers>
          <bioguideId>N000032</bioguideId>
          <lisID>859</lisID>
          <gpoId>8236</gpoId>
        </identifiers>
        <party>D</party>
        <sponsorshipDate>2017-01-04</sponsorshipDate>
        <isOriginalCosponsor>True</isOriginalCosponsor>
        <middleName>WILLIAM</middleName>
        <state>FL</state>
        <bioguideId>N000032</bioguideId>
        <fullName>Sen. Nelson, Bill [D-FL]</fullName>
        <sponsorshipWithdrawnDate />
      </item>
      <item>
        <lastName>Cotton</lastName>
        <firstName>Tom</firstName>
        <identifiers>
          <bioguideId>C001095</bioguideId>
          <lisID>2098</lisID>
          <gpoId />
        </identifiers>
        <party>R</party>
        <sponsorshipDate>2017-01-04</sponsorshipDate>
        <isOriginalCosponsor>True</isOriginalCosponsor>
        <middleName />
        <state>AR</state>
        <bioguideId>C001095</bioguideId>
        <fullName>Sen. Cotton, Tom [R-AR]</fullName>
        <sponsorshipWithdrawnDate />
      </item>
      <item>
        <lastName>MENENDEZ</lastName>
        <firstName>ROBERT</firstName>
        <identifiers>
          <bioguideId>M000639</bioguideId>
          <gpoId>8239</gpoId>
          <lisID>791</lisID>
        </identifiers>
        <party>D</party>
        <sponsorshipDate>2017-01-04</sponsorshipDate>
        <isOriginalCosponsor>True</isOriginalCosponsor>
        <middleName />
        <state>NJ</state>
        <bioguideId>M000639</bioguideId>
        <fullName>Sen. Menendez, Robert [D-NJ]</fullName>
        <sponsorshipWithdrawnDate />
      </item>
      <item>
        <lastName>GRAHAM</lastName>
        <firstName>LINDSEY</firstName>
        <identifiers>
          <bioguideId>G000359</bioguideId>
          <lisID>452</lisID>
          <gpoId>8335</gpoId>
        </identifiers>
        <party>R</party>
        <sponsorshipDate>2017-01-04</sponsorshipDate>
        <isOriginalCosponsor>True</isOriginalCosponsor>
        <middleName>O.</middleName>
        <state>SC</state>
        <bioguideId>G000359</bioguideId>
        <fullName>Sen. Graham, Lindsey [R-SC]</fullName>
        <sponsorshipWithdrawnDate />
      </item>
      <item>
        <lastName>Gillibrand</lastName>
        <firstName>Kirsten</firstName>
        <identifiers>
          <bioguideId>G000555</bioguideId>
          <lisID>1866</lisID>
          <gpoId>8336</gpoId>
        </identifiers>
        <party>D</party>
        <sponsorshipDate>2017-01-04</sponsorshipDate>
        <isOriginalCosponsor>True</isOriginalCosponsor>
        <middleName>E.</middleName>
        <state>NY</state>
        <bioguideId>G000555</bioguideId>
        <fullName>Sen. Gillibrand, Kirsten E. [D-NY]</fullName>
        <sponsorshipWithdrawnDate />
      </item>
      <item>
        <lastName>Cornyn</lastName>
        <firstName>John</firstName>
        <identifiers>
          <bioguideId>C001056</bioguideId>
          <gpoId>8295</gpoId>
          <lisID>1692</lisID>
        </identifiers>
        <party>R</party>
        <sponsorshipDate>2017-01-04</sponsorshipDate>
        <isOriginalCosponsor>True</isOriginalCosponsor>
        <middleName />
        <state>TX</state>
        <bioguideId>C001056</bioguideId>
        <fullName>Sen. Cornyn, John [R-TX]</fullName>
        <sponsorshipWithdrawnDate />
      </item>
      <item>
        <lastName>Blumenthal</lastName>
        <firstName>Richard</firstName>
        <identifiers>
          <bioguideId>B001277</bioguideId>
          <gpoId>8332</gpoId>
          <lisID>2076</lisID>
        </identifiers>
        <party>D</party>
        <sponsorshipDate>2017-01-04</sponsorshipDate>
        <isOriginalCosponsor>True</isOriginalCosponsor>
        <middleName />
        <state>CT</state>
        <bioguideId>B001277</bioguideId>
        <fullName>Sen. Blumenthal, Richard [D-CT]</fullName>
        <sponsorshipWithdrawnDate />
      </item>
      <item>
        <lastName>Ernst</lastName>
        <firstName>Joni</firstName>
        <identifiers>
          <bioguideId>E000295</bioguideId>
          <gpoId />
          <lisID>2283</lisID>
        </identifiers>
        <party>R</party>
        <sponsorshipDate>2017-01-04</sponsorshipDate>
        <isOriginalCosponsor>True</isOriginalCosponsor>
        <middleName />
        <state>IA</state>
        <bioguideId>E000295</bioguideId>
        <fullName>Sen. Ernst, Joni  [R-IA]</fullName>
        <sponsorshipWithdrawnDate />
      </item>
      <item>
        <lastName>Coons</lastName>
        <firstName>Christopher</firstName>
        <identifiers>
          <bioguideId>C001088</bioguideId>
          <lisID>1984</lisID>
          <gpoId>8297</gpoId>
        </identifiers>
        <party>D</party>
        <sponsorshipDate>2017-01-04</sponsorshipDate>
        <isOriginalCosponsor>True</isOriginalCosponsor>
        <middleName>A.</middleName>
        <state>DE</state>
        <bioguideId>C001088</bioguideId>
        <fullName>Sen. Coons, Christopher A. [D-DE]</fullName>
        <sponsorshipWithdrawnDate />
      </item>
      <item>
        <lastName>Young</lastName>
        <firstName>Todd</firstName>
        <identifiers>
          <bioguideId>Y000064</bioguideId>
          <gpoId>7948</gpoId>
          <lisID>2019</lisID>
        </identifiers>
        <party>R</party>
        <sponsorshipDate>2017-01-04</sponsorshipDate>
        <isOriginalCosponsor>True</isOriginalCosponsor>
        <middleName>C.</middleName>
        <state>IN</state>
        <bioguideId>Y000064</bioguideId>
        <fullName>Sen. Young, Todd C. [R-IN]</fullName>
        <sponsorshipWithdrawnDate />
      </item>
      <item>
        <lastName>Bennet</lastName>
        <firstName>Michael</firstName>
        <identifiers>
          <lisID>1965</lisID>
          <gpoId>8302</gpoId>
          <bioguideId>B001267</bioguideId>
        </identifiers>
        <party>D</party>
        <sponsorshipDate>2017-01-04</sponsorshipDate>
        <isOriginalCosponsor>True</isOriginalCosponsor>
        <middleName>F.</middleName>
        <state>CO</state>
        <bioguideId>B001267</bioguideId>
        <fullName>Sen. Bennet, Michael F. [D-CO]</fullName>
        <sponsorshipWithdrawnDate />
      </item>
      <item>
        <lastName>Heller</lastName>
        <firstName>Dean</firstName>
        <identifiers>
          <bioguideId>H001041</bioguideId>
          <lisID>1863</lisID>
          <gpoId>8060</gpoId>
        </identifiers>
        <party>R</party>
        <sponsorshipDate>2017-01-04</sponsorshipDate>
        <isOriginalCosponsor>True</isOriginalCosponsor>
        <middleName />
        <state>NV</state>
        <bioguideId>H001041</bioguideId>
        <fullName>Sen. Heller, Dean [R-NV]</fullName>
        <sponsorshipWithdrawnDate />
      </item>
      <item>
        <lastName>Casey</lastName>
        <firstName>Bob</firstName>
        <identifiers>
          <bioguideId>C001070</bioguideId>
          <lisID>1828</lisID>
          <gpoId>8282</gpoId>
        </identifiers>
        <party>D</party>
        <sponsorshipDate>2017-01-04</sponsorshipDate>
        <isOriginalCosponsor>True</isOriginalCosponsor>
        <middleName />
        <state>PA</state>
        <bioguideId>C001070</bioguideId>
        <fullName>Sen. Casey, Robert P., Jr. [D-PA]</fullName>
        <sponsorshipWithdrawnDate />
      </item>
      <item>
        <lastName>PORTMAN</lastName>
        <firstName>ROB</firstName>
        <identifiers>
          <bioguideId>P000449</bioguideId>
          <gpoId>8266</gpoId>
          <lisID>924</lisID>
        </identifiers>
        <party>R</party>
        <sponsorshipDate>2017-01-04</sponsorshipDate>
        <isOriginalCosponsor>True</isOriginalCosponsor>
        <middleName />
        <state>OH</state>
        <bioguideId>P000449</bioguideId>
        <fullName>Sen. Portman, Rob [R-OH]</fullName>
        <sponsorshipWithdrawnDate />
      </item>
      <item>
        <lastName>Donnelly</lastName>
        <firstName>Joe</firstName>
        <identifiers>
          <bioguideId>D000607</bioguideId>
          <lisID>1850</lisID>
          <gpoId>7941</gpoId>
        </identifiers>
        <party>D</party>
        <sponsorshipDate>2017-01-04</sponsorshipDate>
        <isOriginalCosponsor>True</isOriginalCosponsor>
        <middleName />
        <state>IN</state>
        <bioguideId>D000607</bioguideId>
        <fullName>Sen. Donnelly, Joe [D-IN]</fullName>
        <sponsorshipWithdrawnDate />
      </item>
      <item>
        <lastName>MCCAIN</lastName>
        <firstName>JOHN</firstName>
        <identifiers>
          <lisID>754</lisID>
          <gpoId>8253</gpoId>
          <bioguideId>M000303</bioguideId>
        </identifiers>
        <party>R</party>
        <sponsorshipDate>2017-01-04</sponsorshipDate>
        <isOriginalCosponsor>True</isOriginalCosponsor>
        <middleName>SIDNEY</middleName>
        <state>AZ</state>
        <bioguideId>M000303</bioguideId>
        <fullName>Sen. McCain, John [R-AZ]</fullName>
        <sponsorshipWithdrawnDate />
      </item>
      <item>
        <lastName>STABENOW</lastName>
        <firstName>DEBORAH</firstName>
        <identifiers>
          <bioguideId>S000770</bioguideId>
          <lisID>1531</lisID>
          <gpoId>8261</gpoId>
        </identifiers>
        <party>D</party>
        <sponsorshipDate>2017-01-04</sponsorshipDate>
        <isOriginalCosponsor>True</isOriginalCosponsor>
        <middleName>ANN</middleName>
        <state>MI</state>
        <bioguideId>S000770</bioguideId>
        <fullName>Sen. Stabenow, Debbie [D-MI]</fullName>
        <sponsorshipWithdrawnDate />
      </item>
      <item>
        <lastName>Risch</lastName>
        <firstName>James</firstName>
        <identifiers>
          <bioguideId>R000584</bioguideId>
          <gpoId>8274</gpoId>
          <lisID>1896</lisID>
        </identifiers>
        <party>R</party>
        <sponsorshipDate>2017-01-04</sponsorshipDate>
        <isOriginalCosponsor>True</isOriginalCosponsor>
        <middleName>E.</middleName>
        <state>ID</state>
        <bioguideId>R000584</bioguideId>
        <fullName>Sen. Risch, James E. [R-ID]</fullName>
        <sponsorshipWithdrawnDate />
      </item>
      <item>
        <lastName>Peters</lastName>
        <firstName>Gary</firstName>
        <identifiers>
          <bioguideId>P000595</bioguideId>
          <gpoId>7994</gpoId>
          <lisID>1929</lisID>
        </identifiers>
        <party>D</party>
        <sponsorshipDate>2017-01-04</sponsorshipDate>
        <isOriginalCosponsor>True</isOriginalCosponsor>
        <middleName>C.</middleName>
        <state>MI</state>
        <bioguideId>P000595</bioguideId>
        <fullName>Sen. Peters, Gary C. [D-MI]</fullName>
        <sponsorshipWithdrawnDate />
      </item>
      <item>
        <lastName>WYDEN</lastName>
        <firstName>RON</firstName>
        <identifiers>
          <bioguideId>W000779</bioguideId>
          <lisID>1247</lisID>
          <gpoId>8265</gpoId>
        </identifiers>
        <party>D</party>
        <sponsorshipDate>2017-01-04</sponsorshipDate>
        <isOriginalCosponsor>True</isOriginalCosponsor>
        <middleName />
        <state>OR</state>
        <bioguideId>W000779</bioguideId>
        <fullName>Sen. Wyden, Ron [D-OR]</fullName>
        <sponsorshipWithdrawnDate />
      </item>
      <item>
        <lastName>Warner</lastName>
        <firstName>Mark</firstName>
        <identifiers>
          <bioguideId>W000805</bioguideId>
          <lisID>1897</lisID>
          <gpoId>8269</gpoId>
        </identifiers>
        <party>D</party>
        <sponsorshipDate>2017-01-04</sponsorshipDate>
        <isOriginalCosponsor>True</isOriginalCosponsor>
        <middleName>R.</middleName>
        <state>VA</state>
        <bioguideId>W000805</bioguideId>
        <fullName>Sen. Warner, Mark R. [D-VA]</fullName>
        <sponsorshipWithdrawnDate />
      </item>
      <item>
        <lastName>Sullivan</lastName>
        <firstName>Dan</firstName>
        <identifiers>
          <bioguideId>S001198</bioguideId>
          <gpoId />
          <lisID>2290</lisID>
        </identifiers>
        <party>R</party>
        <sponsorshipDate>2017-01-04</sponsorshipDate>
        <isOriginalCosponsor>True</isOriginalCosponsor>
        <middleName />
        <state>AK</state>
        <bioguideId>S001198</bioguideId>
        <fullName>Sen. Sullivan, Dan  [R-AK]</fullName>
        <sponsorshipWithdrawnDate />
      </item>
      <item>
        <lastName>Blunt</lastName>
        <firstName>Roy</firstName>
        <identifiers>
          <gpoId>8313</gpoId>
          <bioguideId>B000575</bioguideId>
          <lisID>1464</lisID>
        </identifiers>
        <party>R</party>
        <sponsorshipDate>2017-01-04</sponsorshipDate>
        <isOriginalCosponsor>True</isOriginalCosponsor>
        <middleName />
        <state>MO</state>
        <bioguideId>B000575</bioguideId>
        <fullName>Sen. Blunt, Roy [R-MO]</fullName>
        <sponsorshipWithdrawnDate />
      </item>
      <item>
        <lastName>Boozman</lastName>
        <firstName>John</firstName>
        <identifiers>
          <bioguideId>B001236</bioguideId>
          <lisID>1687</lisID>
          <gpoId>8247</gpoId>
        </identifiers>
        <party>R</party>
        <sponsorshipDate>2017-01-04</sponsorshipDate>
        <isOriginalCosponsor>True</isOriginalCosponsor>
        <middleName />
        <state>AR</state>
        <bioguideId>B001236</bioguideId>
        <fullName>Sen. Boozman, John [R-AR]</fullName>
        <sponsorshipWithdrawnDate />
      </item>
      <item>
        <lastName>ROBERTS</lastName>
        <firstName>PAT</firstName>
        <identifiers>
          <bioguideId>R000307</bioguideId>
          <gpoId>8275</gpoId>
          <lisID>968</lisID>
        </identifiers>
        <party>R</party>
        <sponsorshipDate>2017-01-04</sponsorshipDate>
        <isOriginalCosponsor>True</isOriginalCosponsor>
        <middleName />
        <state>KS</state>
        <bioguideId>R000307</bioguideId>
        <fullName>Sen. Roberts, Pat [R-KS]</fullName>
        <sponsorshipWithdrawnDate />
      </item>
      <item>
        <lastName>Kennedy</lastName>
        <firstName>John</firstName>
        <identifiers>
          <bioguideId>K000393</bioguideId>
          <lisID>2303</lisID>
          <gpoId />
        </identifiers>
        <party>R</party>
        <sponsorshipDate>2017-01-04</sponsorshipDate>
        <isOriginalCosponsor>True</isOriginalCosponsor>
        <middleName>Neely</middleName>
        <state>LA</state>
        <bioguideId>K000393</bioguideId>
        <fullName>Sen. Kennedy, John [R-LA]</fullName>
        <sponsorshipWithdrawnDate />
      </item>
      <item>
        <lastName>Cochran</lastName>
        <firstName>Thad</firstName>
        <identifiers>
          <bioguideId>C000567</bioguideId>
          <lisID>213</lisID>
          <gpoId>8292</gpoId>
        </identifiers>
        <party>R</party>
        <sponsorshipDate>2017-01-04</sponsorshipDate>
        <isOriginalCosponsor>True</isOriginalCosponsor>
        <middleName />
        <state>MS</state>
        <bioguideId>C000567</bioguideId>
        <fullName>Sen. Cochran, Thad [R-MS]</fullName>
        <sponsorshipWithdrawnDate />
      </item>
      <item>
        <lastName>Barrasso</lastName>
        <firstName>John</firstName>
        <identifiers>
          <gpoId>8300</gpoId>
          <bioguideId>B001261</bioguideId>
          <lisID>1881</lisID>
        </identifiers>
        <party>R</party>
        <sponsorshipDate>2017-01-04</sponsorshipDate>
        <isOriginalCosponsor>True</isOriginalCosponsor>
        <middleName />
        <state>WY</state>
        <bioguideId>B001261</bioguideId>
        <fullName>Sen. Barrasso, John [R-WY]</fullName>
        <sponsorshipWithdrawnDate />
      </item>
      <item>
        <lastName>COLLINS</lastName>
        <firstName>SUSAN</firstName>
        <identifiers>
          <lisID>1541</lisID>
          <gpoId>8291</gpoId>
          <bioguideId>C001035</bioguideId>
        </identifiers>
        <party>R</party>
        <sponsorshipDate>2017-01-04</sponsorshipDate>
        <isOriginalCosponsor>True</isOriginalCosponsor>
        <middleName>MARGARET</middleName>
        <state>ME</state>
        <bioguideId>C001035</bioguideId>
        <fullName>Sen. Collins, Susan M. [R-ME]</fullName>
        <sponsorshipWithdrawnDate />
      </item>
      <item>
        <lastName>Toomey</lastName>
        <firstName>Pat</firstName>
        <identifiers>
          <bioguideId>T000461</bioguideId>
          <gpoId />
          <lisID>1594</lisID>
        </identifiers>
        <party>R</party>
        <sponsorshipDate>2017-01-04</sponsorshipDate>
        <isOriginalCosponsor>True</isOriginalCosponsor>
        <middleName />
        <state>PA</state>
        <bioguideId>T000461</bioguideId>
        <fullName>Sen. Toomey, Pat [R-PA]</fullName>
        <sponsorshipWithdrawnDate />
      </item>
      <item>
        <lastName>Manchin</lastName>
        <firstName>Joe</firstName>
        <identifiers>
          <bioguideId>M001183</bioguideId>
          <gpoId>8256</gpoId>
          <lisID>1983</lisID>
        </identifiers>
        <party>D</party>
        <sponsorshipDate>2017-01-04</sponsorshipDate>
        <isOriginalCosponsor>True</isOriginalCosponsor>
        <middleName />
        <state>WV</state>
        <bioguideId>M001183</bioguideId>
        <fullName>Sen. Manchin, Joe, III [D-WV]</fullName>
        <sponsorshipWithdrawnDate />
      </item>
      <item>
        <lastName>FLAKE</lastName>
        <firstName>JEFF</firstName>
        <identifiers>
          <bioguideId>F000444</bioguideId>
          <lisID>1633</lisID>
          <gpoId>7803</gpoId>
        </identifiers>
        <party>R</party>
        <sponsorshipDate>2017-01-04</sponsorshipDate>
        <isOriginalCosponsor>True</isOriginalCosponsor>
        <middleName />
        <state>AZ</state>
        <bioguideId>F000444</bioguideId>
        <fullName>Sen. Flake, Jeff [R-AZ]</fullName>
        <sponsorshipWithdrawnDate />
      </item>
      <item>
        <lastName>Booker</lastName>
        <firstName>Cory</firstName>
        <identifiers>
          <bioguideId>B001288</bioguideId>
          <gpoId />
          <lisID>2194</lisID>
        </identifiers>
        <party>D</party>
        <sponsorshipDate>2017-01-04</sponsorshipDate>
        <isOriginalCosponsor>True</isOriginalCosponsor>
        <middleName>A.</middleName>
        <state>NJ</state>
        <bioguideId>B001288</bioguideId>
        <fullName>Sen. Booker, Cory A. [D-NJ]</fullName>
        <sponsorshipWithdrawnDate />
      </item>
      <item>
        <lastName>CAPITO</lastName>
        <firstName>SHELLEY</firstName>
        <identifiers>
          <bioguideId>C001047</bioguideId>
          <lisID>1676</lisID>
          <gpoId>8223</gpoId>
        </identifiers>
        <party>R</party>
        <sponsorshipDate>2017-01-04</sponsorshipDate>
        <isOriginalCosponsor>True</isOriginalCosponsor>
        <middleName>MOORE</middleName>
        <state>WV</state>
        <bioguideId>C001047</bioguideId>
        <fullName>Sen. Capito, Shelley Moore [R-WV]</fullName>
        <sponsorshipWithdrawnDate />
      </item>
      <item>
        <lastName>Perdue</lastName>
        <firstName>David</firstName>
        <identifiers>
          <bioguideId>P000612</bioguideId>
          <lisID>2286</lisID>
          <gpoId />
        </identifiers>
        <party>R</party>
        <sponsorshipDate>2017-01-05</sponsorshipDate>
        <isOriginalCosponsor>False</isOriginalCosponsor>
        <middleName>Alfred</middleName>
        <state>GA</state>
        <bioguideId>P000612</bioguideId>
        <fullName>Sen. Perdue, David [R-GA]</fullName>
        <sponsorshipWithdrawnDate />
      </item>
      <item>
        <lastName>Murkowski</lastName>
        <firstName>Lisa</firstName>
        <identifiers>
          <gpoId>8234</gpoId>
          <bioguideId>M001153</bioguideId>
          <lisID>1694</lisID>
        </identifiers>
        <party>R</party>
        <sponsorshipDate>2017-01-05</sponsorshipDate>
        <isOriginalCosponsor>False</isOriginalCosponsor>
        <middleName />
        <state>AK</state>
        <bioguideId>M001153</bioguideId>
        <fullName>Sen. Murkowski, Lisa [R-AK]</fullName>
        <sponsorshipWithdrawnDate />
      </item>
      <item>
        <lastName>Daines</lastName>
        <firstName>Steve</firstName>
        <identifiers>
          <bioguideId>D000618</bioguideId>
          <lisID>2138</lisID>
          <gpoId />
        </identifiers>
        <party>R</party>
        <sponsorshipDate>2017-01-05</sponsorshipDate>
        <isOriginalCosponsor>False</isOriginalCosponsor>
        <middleName />
        <state>MT</state>
        <bioguideId>D000618</bioguideId>
        <fullName>Sen. Daines, Steve [R-MT]</fullName>
        <sponsorshipWithdrawnDate />
      </item>
      <item>
        <lastName>BURR</lastName>
        <firstName>RICHARD</firstName>
        <identifiers>
          <bioguideId>B001135</bioguideId>
          <gpoId>8286</gpoId>
          <lisID>153</lisID>
        </identifiers>
        <party>R</party>
        <sponsorshipDate>2017-01-05</sponsorshipDate>
        <isOriginalCosponsor>False</isOriginalCosponsor>
        <middleName />
        <state>NC</state>
        <bioguideId>B001135</bioguideId>
        <fullName>Sen. Burr, Richard [R-NC]</fullName>
        <sponsorshipWithdrawnDate />
      </item>
      <item>
        <lastName>Hoeven</lastName>
        <firstName>John</firstName>
        <identifiers>
          <bioguideId>H001061</bioguideId>
          <lisID>2079</lisID>
          <gpoId>8331</gpoId>
        </identifiers>
        <party>R</party>
        <sponsorshipDate>2017-01-05</sponsorshipDate>
        <isOriginalCosponsor>False</isOriginalCosponsor>
        <middleName />
        <state>ND</state>
        <bioguideId>H001061</bioguideId>
        <fullName>Sen. Hoeven, John [R-ND]</fullName>
        <sponsorshipWithdrawnDate />
      </item>
      <item>
        <lastName>GRASSLEY</lastName>
        <firstName>CHARLES</firstName>
        <identifiers>
          <lisID>457</lisID>
          <gpoId>8316</gpoId>
          <bioguideId>G000386</bioguideId>
        </identifiers>
        <party>R</party>
        <sponsorshipDate>2017-01-05</sponsorshipDate>
        <isOriginalCosponsor>False</isOriginalCosponsor>
        <middleName>ERNEST</middleName>
        <state>IA</state>
        <bioguideId>G000386</bioguideId>
        <fullName>Sen. Grassley, Chuck [R-IA]</fullName>
        <sponsorshipWithdrawnDate />
      </item>
      <item>
        <lastName>HATCH</lastName>
        <firstName>ORRIN</firstName>
        <identifiers>
          <bioguideId>H000338</bioguideId>
          <lisID>1351</lisID>
          <gpoId>8314</gpoId>
        </identifiers>
        <party>R</party>
        <sponsorshipDate>2017-01-05</sponsorshipDate>
        <isOriginalCosponsor>False</isOriginalCosponsor>
        <middleName>GRANT</middleName>
        <state>UT</state>
        <bioguideId>H000338</bioguideId>
        <fullName>Sen. Hatch, Orrin G. [R-UT]</fullName>
        <sponsorshipWithdrawnDate />
      </item>
      <item>
        <lastName>CRAPO</lastName>
        <firstName>MICHAEL</firstName>
        <identifiers>
          <bioguideId>C000880</bioguideId>
          <gpoId>8289</gpoId>
          <lisID>250</lisID>
        </identifiers>
        <party>R</party>
        <sponsorshipDate>2017-01-05</sponsorshipDate>
        <isOriginalCosponsor>False</isOriginalCosponsor>
        <middleName>D.</middleName>
        <state>ID</state>
        <bioguideId>C000880</bioguideId>
        <fullName>Sen. Crapo, Mike [R-ID]</fullName>
        <sponsorshipWithdrawnDate />
      </item>
      <item>
        <lastName>Rounds</lastName>
        <firstName>Mike</firstName>
        <identifiers>
          <bioguideId>R000605</bioguideId>
          <lisID>2288</lisID>
          <gpoId />
        </identifiers>
        <party>R</party>
        <sponsorshipDate>2017-01-05</sponsorshipDate>
        <isOriginalCosponsor>False</isOriginalCosponsor>
        <middleName />
        <state>SD</state>
        <bioguideId>R000605</bioguideId>
        <fullName>Sen. Rounds, Mike  [R-SD]</fullName>
        <sponsorshipWithdrawnDate />
      </item>
      <item>
        <lastName>Cassidy</lastName>
        <firstName>Bill</firstName>
        <identifiers>
          <bioguideId>C001075</bioguideId>
          <lisID>1925</lisID>
          <gpoId>7964</gpoId>
        </identifiers>
        <party>R</party>
        <sponsorshipDate>2017-01-09</sponsorshipDate>
        <isOriginalCosponsor>False</isOriginalCosponsor>
        <middleName />
        <state>LA</state>
        <bioguideId>C001075</bioguideId>
        <fullName>Sen. Cassidy, Bill [R-LA]</fullName>
        <sponsorshipWithdrawnDate />
      </item>
      <item>
        <lastName>Lankford</lastName>
        <firstName>James</firstName>
        <identifiers>
          <bioguideId>L000575</bioguideId>
          <lisID>2050</lisID>
          <gpoId>8113</gpoId>
        </identifiers>
        <party>R</party>
        <sponsorshipDate>2017-01-09</sponsorshipDate>
        <isOriginalCosponsor>False</isOriginalCosponsor>
        <middleName />
        <state>OK</state>
        <bioguideId>L000575</bioguideId>
        <fullName>Sen. Lankford, James [R-OK]</fullName>
        <sponsorshipWithdrawnDate />
      </item>
      <item>
        <lastName>Lee</lastName>
        <firstName>Mike</firstName>
        <identifiers>
          <bioguideId>L000577</bioguideId>
          <gpoId>8303</gpoId>
          <lisID>2080</lisID>
        </identifiers>
        <party>R</party>
        <sponsorshipDate>2017-01-09</sponsorshipDate>
        <isOriginalCosponsor>False</isOriginalCosponsor>
        <middleName />
        <state>UT</state>
        <bioguideId>L000577</bioguideId>
        <fullName>Sen. Lee, Mike [R-UT]</fullName>
        <sponsorshipWithdrawnDate />
      </item>
      <item>
        <lastName>Johnson</lastName>
        <firstName>Ron</firstName>
        <identifiers>
          <bioguideId>J000293</bioguideId>
          <gpoId>8355</gpoId>
          <lisID>2086</lisID>
        </identifiers>
        <party>R</party>
        <sponsorshipDate>2017-01-09</sponsorshipDate>
        <isOriginalCosponsor>False</isOriginalCosponsor>
        <middleName />
        <state>WI</state>
        <bioguideId>J000293</bioguideId>
        <fullName>Sen. Johnson, Ron [R-WI]</fullName>
        <sponsorshipWithdrawnDate />
      </item>
      <item>
        <lastName>WICKER</lastName>
        <firstName>ROGER</firstName>
        <identifiers>
          <bioguideId>W000437</bioguideId>
          <gpoId>8263</gpoId>
          <lisID>1226</lisID>
        </identifiers>
        <party>R</party>
        <sponsorshipDate>2017-01-09</sponsorshipDate>
        <isOriginalCosponsor>False</isOriginalCosponsor>
        <middleName>F.</middleName>
        <state>MS</state>
        <bioguideId>W000437</bioguideId>
        <fullName>Sen. Wicker, Roger F. [R-MS]</fullName>
        <sponsorshipWithdrawnDate />
      </item>
      <item>
        <lastName>McCaskill</lastName>
        <firstName>Claire</firstName>
        <identifiers>
          <bioguideId>M001170</bioguideId>
          <gpoId>8252</gpoId>
          <lisID>1820</lisID>
        </identifiers>
        <party>D</party>
        <sponsorshipDate>2017-01-09</sponsorshipDate>
        <isOriginalCosponsor>False</isOriginalCosponsor>
        <middleName />
        <state>MO</state>
        <bioguideId>M001170</bioguideId>
        <fullName>Sen. McCaskill, Claire [D-MO]</fullName>
        <sponsorshipWithdrawnDate />
      </item>
      <item>
        <lastName>Heitkamp</lastName>
        <firstName>Heidi</firstName>
        <identifiers>
          <bioguideId>H001069</bioguideId>
          <lisID>2174</lisID>
          <gpoId />
        </identifiers>
        <party>D</party>
        <sponsorshipDate>2017-01-09</sponsorshipDate>
        <isOriginalCosponsor>False</isOriginalCosponsor>
        <middleName />
        <state>ND</state>
        <bioguideId>H001069</bioguideId>
        <fullName>Sen. Heitkamp, Heidi [D-ND]</fullName>
        <sponsorshipWithdrawnDate />
      </item>
      <item>
        <lastName>Isakson</lastName>
        <firstName>Johnny</firstName>
        <identifiers>
          <bioguideId>I000055</bioguideId>
          <lisID>1608</lisID>
          <gpoId>8323</gpoId>
        </identifiers>
        <party>R</party>
        <sponsorshipDate>2017-01-09</sponsorshipDate>
        <isOriginalCosponsor>False</isOriginalCosponsor>
        <middleName />
        <state>GA</state>
        <bioguideId>I000055</bioguideId>
        <fullName>Sen. Isakson, Johnny [R-GA]</fullName>
        <sponsorshipWithdrawnDate />
      </item>
      <item>
        <lastName>Scott</lastName>
        <firstName>Tim</firstName>
        <identifiers>
          <bioguideId>S001184</bioguideId>
          <lisID>2056</lisID>
          <gpoId>8141</gpoId>
        </identifiers>
        <party>R</party>
        <sponsorshipDate>2017-01-09</sponsorshipDate>
        <isOriginalCosponsor>False</isOriginalCosponsor>
        <middleName />
        <state>SC</state>
        <bioguideId>S001184</bioguideId>
        <fullName>Sen. Scott, Tim [R-SC]</fullName>
        <sponsorshipWithdrawnDate />
      </item>
      <item>
        <lastName>Gardner</lastName>
        <firstName>Cory</firstName>
        <identifiers>
          <bioguideId>G000562</bioguideId>
          <gpoId>7862</gpoId>
          <lisID>1998</lisID>
        </identifiers>
        <party>R</party>
        <sponsorshipDate>2017-01-09</sponsorshipDate>
        <isOriginalCosponsor>False</isOriginalCosponsor>
        <middleName />
        <state>CO</state>
        <bioguideId>G000562</bioguideId>
        <fullName>Sen. Gardner, Cory [R-CO]</fullName>
        <sponsorshipWithdrawnDate />
      </item>
      <item>
        <lastName>Tillis</lastName>
        <firstName>Thomas</firstName>
        <identifiers>
          <bioguideId>T000476</bioguideId>
          <gpoId />
          <lisID>2291</lisID>
        </identifiers>
        <party>R</party>
        <sponsorshipDate>2017-01-09</sponsorshipDate>
        <isOriginalCosponsor>False</isOriginalCosponsor>
        <middleName>Roland</middleName>
        <state>NC</state>
        <bioguideId>T000476</bioguideId>
        <fullName>Sen. Tillis, Thom [R-NC]</fullName>
        <sponsorshipWithdrawnDate />
      </item>
      <item>
        <lastName>Fischer</lastName>
        <firstName>Deb</firstName>
        <identifiers>
          <gpoId />
          <bioguideId>F000463</bioguideId>
          <lisID>2179</lisID>
        </identifiers>
        <party>R</party>
        <sponsorshipDate>2017-01-09</sponsorshipDate>
        <isOriginalCosponsor>False</isOriginalCosponsor>
        <middleName />
        <state>NE</state>
        <bioguideId>F000463</bioguideId>
        <fullName>Sen. Fischer, Deb [R-NE]</fullName>
        <sponsorshipWithdrawnDate />
      </item>
      <item>
        <lastName>Sasse</lastName>
        <firstName>Ben</firstName>
        <identifiers>
          <bioguideId>S001197</bioguideId>
          <lisID>2289</lisID>
          <gpoId />
        </identifiers>
        <party>R</party>
        <sponsorshipDate>2017-01-10</sponsorshipDate>
        <isOriginalCosponsor>False</isOriginalCosponsor>
        <middleName />
        <state>NE</state>
        <bioguideId>S001197</bioguideId>
        <fullName>Sen. Sasse, Ben  [R-NE]</fullName>
        <sponsorshipWithdrawnDate />
      </item>
      <item>
        <lastName>SHELBY</lastName>
        <firstName>RICHARD</firstName>
        <identifiers>
          <bioguideId>S000320</bioguideId>
          <gpoId>8277</gpoId>
          <lisID>1049</lisID>
        </identifiers>
        <party>R</party>
        <sponsorshipDate>2017-01-10</sponsorshipDate>
        <isOriginalCosponsor>False</isOriginalCosponsor>
        <middleName>CRAIG</middleName>
        <state>AL</state>
        <bioguideId>S000320</bioguideId>
        <fullName>Sen. Shelby, Richard C. [R-AL]</fullName>
        <sponsorshipWithdrawnDate />
      </item>
      <item>
        <lastName>Alexander</lastName>
        <firstName>Lamar</firstName>
        <identifiers>
          <bioguideId>A000360</bioguideId>
          <gpoId>8304</gpoId>
          <lisID>1695</lisID>
        </identifiers>
        <party>R</party>
        <sponsorshipDate>2017-01-10</sponsorshipDate>
        <isOriginalCosponsor>False</isOriginalCosponsor>
        <middleName />
        <state>TN</state>
        <bioguideId>A000360</bioguideId>
        <fullName>Sen. Alexander, Lamar [R-TN]</fullName>
        <sponsorshipWithdrawnDate />
      </item>
      <item>
        <lastName>Klobuchar</lastName>
        <firstName>Amy</firstName>
        <identifiers>
          <bioguideId>K000367</bioguideId>
          <gpoId>8249</gpoId>
          <lisID>1826</lisID>
        </identifiers>
        <party>D</party>
        <sponsorshipDate>2017-01-10</sponsorshipDate>
        <isOriginalCosponsor>False</isOriginalCosponsor>
        <middleName />
        <state>MN</state>
        <bioguideId>K000367</bioguideId>
        <fullName>Sen. Klobuchar, Amy [D-MN]</fullName>
        <sponsorshipWithdrawnDate />
      </item>
      <item>
        <lastName>Harris</lastName>
        <firstName>Kamala</firstName>
        <identifiers>
          <bioguideId>H001075</bioguideId>
          <lisID>2301</lisID>
          <gpoId />
        </identifiers>
        <party>D</party>
        <sponsorshipDate>2017-01-10</sponsorshipDate>
        <isOriginalCosponsor>False</isOriginalCosponsor>
        <middleName>D.</middleName>
        <state>CA</state>
        <bioguideId>H001075</bioguideId>
        <fullName>Sen. Harris, Kamala D. [D-CA]</fullName>
        <sponsorshipWithdrawnDate />
      </item>
      <item>
        <lastName>Cruz</lastName>
        <firstName>Ted</firstName>
        <identifiers>
          <bioguideId>C001098</bioguideId>
          <lisID>2175</lisID>
          <gpoId />
        </identifiers>
        <party>R</party>
        <sponsorshipDate>2017-01-10</sponsorshipDate>
        <isOriginalCosponsor>False</isOriginalCosponsor>
        <middleName />
        <state>TX</state>
        <bioguideId>C001098</bioguideId>
        <fullName>Sen. Cruz, Ted [R-TX]</fullName>
        <sponsorshipWithdrawnDate />
      </item>
      <item>
        <lastName>THUNE</lastName>
        <firstName>JOHN</firstName>
        <identifiers>
          <bioguideId>T000250</bioguideId>
          <gpoId>8257</gpoId>
          <lisID>1534</lisID>
        </identifiers>
        <party>R</party>
        <sponsorshipDate>2017-01-11</sponsorshipDate>
        <isOriginalCosponsor>False</isOriginalCosponsor>
        <middleName>R.</middleName>
        <state>SD</state>
        <bioguideId>T000250</bioguideId>
        <fullName>Sen. Thune, John [R-SD]</fullName>
        <sponsorshipWithdrawnDate />
      </item>
      <item>
        <lastName>Tester</lastName>
        <firstName>Jon</firstName>
        <identifiers>
          <bioguideId>T000464</bioguideId>
          <gpoId>8258</gpoId>
          <lisID>1829</lisID>
        </identifiers>
        <party>D</party>
        <sponsorshipDate>2017-01-11</sponsorshipDate>
        <isOriginalCosponsor>False</isOriginalCosponsor>
        <middleName />
        <state>MT</state>
        <bioguideId>T000464</bioguideId>
        <fullName>Sen. Tester, Jon [D-MT]</fullName>
        <sponsorshipWithdrawnDate />
      </item>
      <item>
        <lastName>BROWN</lastName>
        <firstName>SHERROD</firstName>
        <identifiers>
          <gpoId>8309</gpoId>
          <bioguideId>B000944</bioguideId>
          <lisID>136</lisID>
        </identifiers>
        <party>D</party>
        <sponsorshipDate>2017-01-12</sponsorshipDate>
        <isOriginalCosponsor>False</isOriginalCosponsor>
        <middleName />
        <state>OH</state>
        <bioguideId>B000944</bioguideId>
        <fullName>Sen. Brown, Sherrod [D-OH]</fullName>
        <sponsorshipWithdrawnDate />
      </item>
      <item>
        <lastName>Cortez Masto</lastName>
        <firstName>Catherine</firstName>
        <identifiers>
          <bioguideId>C001113</bioguideId>
          <lisID>2299</lisID>
          <gpoId />
        </identifiers>
        <party>D</party>
        <sponsorshipDate>2017-01-12</sponsorshipDate>
        <isOriginalCosponsor>False</isOriginalCosponsor>
        <middleName />
        <state>NV</state>
        <bioguideId>C001113</bioguideId>
        <fullName>Sen. Cortez Masto, Catherine  [D-NV]</fullName>
        <sponsorshipWithdrawnDate />
      </item>
      <item>
        <lastName>ENZI</lastName>
        <firstName>MICHAEL</firstName>
        <identifiers>
          <lisID>1542</lisID>
          <gpoId>8328</gpoId>
          <bioguideId>E000285</bioguideId>
        </identifiers>
        <party>R</party>
        <sponsorshipDate>2017-01-17</sponsorshipDate>
        <isOriginalCosponsor>False</isOriginalCosponsor>
        <middleName>B.</middleName>
        <state>WY</state>
        <bioguideId>E000285</bioguideId>
        <fullName>Sen. Enzi, Michael B. [R-WY]</fullName>
        <sponsorshipWithdrawnDate />
      </item>
      <item>
        <lastName>Hassan</lastName>
        <firstName>Margaret</firstName>
        <identifiers>
          <bioguideId>H001076</bioguideId>
          <gpoId />
          <lisID>2302</lisID>
        </identifiers>
        <party>D</party>
        <sponsorshipDate>2017-01-17</sponsorshipDate>
        <isOriginalCosponsor>False</isOriginalCosponsor>
        <middleName>Wood</middleName>
        <state>NH</state>
        <bioguideId>H001076</bioguideId>
        <fullName>Sen. Hassan, Margaret Wood [D-NH]</fullName>
        <sponsorshipWithdrawnDate />
      </item>
      <item>
        <lastName>Kaine</lastName>
        <firstName>Timothy</firstName>
        <identifiers>
          <bioguideId>K000384</bioguideId>
          <lisID>2176</lisID>
          <gpoId />
        </identifiers>
        <party>D</party>
        <sponsorshipDate>2017-01-20</sponsorshipDate>
        <isOriginalCosponsor>False</isOriginalCosponsor>
        <middleName />
        <state>VA</state>
        <bioguideId>K000384</bioguideId>
        <fullName>Sen. Kaine, Tim [D-VA]</fullName>
        <sponsorshipWithdrawnDate />
      </item>
      <item>
        <lastName>Hirono</lastName>
        <firstName>Mazie</firstName>
        <identifiers>
          <bioguideId>H001042</bioguideId>
          <lisID>1844</lisID>
          <gpoId>7913</gpoId>
        </identifiers>
        <party>D</party>
        <sponsorshipDate>2017-01-23</sponsorshipDate>
        <isOriginalCosponsor>False</isOriginalCosponsor>
        <middleName>K.</middleName>
        <state>HI</state>
        <bioguideId>H001042</bioguideId>
        <fullName>Sen. Hirono, Mazie K. [D-HI]</fullName>
        <sponsorshipWithdrawnDate />
      </item>
      <item>
        <lastName>Whitehouse</lastName>
        <firstName>Sheldon</firstName>
        <identifiers>
          <bioguideId>W000802</bioguideId>
          <gpoId>8264</gpoId>
          <lisID>1823</lisID>
        </identifiers>
        <party>D</party>
        <sponsorshipDate>2017-01-23</sponsorshipDate>
        <isOriginalCosponsor>False</isOriginalCosponsor>
        <middleName />
        <state>RI</state>
        <bioguideId>W000802</bioguideId>
        <fullName>Sen. Whitehouse, Sheldon [D-RI]</fullName>
        <sponsorshipWithdrawnDate />
      </item>
      <item>
        <lastName>CANTWELL</lastName>
        <firstName>MARIA</firstName>
        <identifiers>
          <lisID>172</lisID>
          <gpoId>8288</gpoId>
          <bioguideId>C000127</bioguideId>
        </identifiers>
        <party>D</party>
        <sponsorshipDate>2017-01-23</sponsorshipDate>
        <isOriginalCosponsor>False</isOriginalCosponsor>
        <middleName />
        <state>WA</state>
        <bioguideId>C000127</bioguideId>
        <fullName>Sen. Cantwell, Maria [D-WA]</fullName>
        <sponsorshipWithdrawnDate />
      </item>
      <item>
        <lastName>King</lastName>
        <firstName>Angus</firstName>
        <identifiers>
          <bioguideId>K000383</bioguideId>
          <lisID>2185</lisID>
          <gpoId />
        </identifiers>
        <party>I</party>
        <sponsorshipDate>2017-01-23</sponsorshipDate>
        <isOriginalCosponsor>False</isOriginalCosponsor>
        <middleName />
        <state>ME</state>
        <bioguideId>K000383</bioguideId>
        <fullName>Sen. King, Angus S., Jr. [I-ME]</fullName>
        <sponsorshipWithdrawnDate />
      </item>
      <item>
        <lastName>REED</lastName>
        <firstName>JOHN</firstName>
        <identifiers>
          <bioguideId>R000122</bioguideId>
          <gpoId>8272</gpoId>
          <lisID>949</lisID>
        </identifiers>
        <party>D</party>
        <sponsorshipDate>2017-01-23</sponsorshipDate>
        <isOriginalCosponsor>False</isOriginalCosponsor>
        <middleName>F.</middleName>
        <state>RI</state>
        <bioguideId>R000122</bioguideId>
        <fullName>Sen. Reed, Jack [D-RI]</fullName>
        <sponsorshipWithdrawnDate />
      </item>
      <item>
        <lastName>Shaheen</lastName>
        <firstName>Jeanne</firstName>
        <identifiers>
          <bioguideId>S001181</bioguideId>
          <gpoId>8276</gpoId>
          <lisID>1901</lisID>
        </identifiers>
        <party>D</party>
        <sponsorshipDate>2017-01-24</sponsorshipDate>
        <isOriginalCosponsor>False</isOriginalCosponsor>
        <middleName />
        <state>NH</state>
        <bioguideId>S001181</bioguideId>
        <fullName>Sen. Shaheen, Jeanne [D-NH]</fullName>
        <sponsorshipWithdrawnDate />
      </item>
    </cosponsors>
    <subjects>
      <billSubjects>
        <legislativeSubjects>
          <item>
            <name>Arab-Israeli relations</name>
          </item>
          <item>
            <name>Conflicts and wars</name>
          </item>
          <item>
            <name>Diplomacy, foreign officials, Americans abroad</name>
          </item>
          <item>
            <name>International law and treaties</name>
          </item>
          <item>
            <name>International organizations and cooperation</name>
          </item>
          <item>
            <name>Israel</name>
          </item>
          <item>
            <name>Middle East</name>
          </item>
          <item>
            <name>Palestinians</name>
          </item>
          <item>
            <name>Sovereignty, recognition, national governance and status</name>
          </item>
          <item>
            <name>Trade restrictions</name>
          </item>
          <item>
            <name>United Nations</name>
          </item>
        </legislativeSubjects>
        <policyArea>
          <name>International Affairs</name>
        </policyArea>
      </billSubjects>
    </subjects>
    <amendments />
    <summaries>
      <billSummaries>
        <item>
          <actionDate>2017-01-04</actionDate>
          <versionCode>00</versionCode>
          <text><![CDATA[<p>Objects to U.N. Security Council Resolution 2334. Such resolution characterizes Israeli settlements in the West Bank and East Jerusalem as illegal and demands cessation of settlement activities. </p> <p>Calls for such resolution to be repealed or fundamentally altered and allows all final status issues toward a two-state solution to be resolved through direct bilateral negotiations between the parties. Rejects efforts by outside bodies to impose solutions that set back the cause of peace.</p> <p>Demands that the United States ensure that no action is taken at the Paris Conference on the Israeli-Palestinian conflict scheduled for January 15, 2017, that imposes an agreement or parameters on the parties.</p> <p>Notes that granting membership and statehood standing to the Palestinians at the U.N., its specialized agencies, and other international institutions outside of the context of a bilateral peace agreement with Israel would cause severe harm to the peace process and would likely trigger penalties under provisions of the Department of State, Foreign Operations, and Related Agencies Appropriations Act, 2016 regarding limitations on assistance to the Palestinians.</p> <p>Rejects any efforts by international organizations to use such resolution to further isolate Israel and urges the U.S. government to act where needed to counter any such efforts.</p>  <p>Urges: (1) U.S. presidential Administrations to uphold the practice of vetoing all Security Council resolutions that seek to insert the council into the peace process, recognize unilateral Palestinian actions, or dictate terms and a time line for a solution of the Israeli-Palestinian conflict; and (2) the incoming presidential Administration to work with Congress to create conditions that facilitate the resumption of negotiations without preconditions between Israelis and Palestinians to achieve a sustainable agreement acceptable to both sides.</p> <p>Reaffirms that it is U.S. policy to seek a sustainable, just, and secure two-state solution to the Israeli-Palestinian conflict.</p>]]></text>
          <name>Introduced in Senate</name>
          <actionDesc>Introduced in Senate</actionDesc>
          <lastSummaryUpdateDate>2017-03-08T20:13:06Z</lastSummaryUpdateDate>
          <updateDate>2017-01-04T05:00:00Z</updateDate>
        </item>
        <item>
          <actionDate>2017-01-12</actionDate>
          <versionCode>01</versionCode>
          <text><![CDATA[<p>Objects to U.N. Security Council Resolution 2334. Such resolution characterizes Israeli settlements in the West Bank and East Jerusalem as illegal and demands cessation of settlement activities. </p> <p>Calls for such resolution to be repealed or fundamentally altered and allows all final status issues toward a two-state solution to be resolved through direct bilateral negotiations between the parties. Rejects efforts by outside bodies to impose solutions that set back the cause of peace.</p> <p>Demands that the United States ensure that no action is taken at the Paris Conference on the Israeli-Palestinian conflict scheduled for January 15, 2017, that imposes an agreement or parameters on the parties.</p> <p>Notes that granting membership and statehood standing to the Palestinians at the UN, its specialized agencies, and other international institutions outside of the context of a bilateral peace agreement with Israel would cause severe harm to the peace process, and would likely trigger penalties under the Department of State, Foreign Operations, and Related Agencies Appropriations Act, 2016 regarding limitations on assistance to the Palestinians.</p> <p>Rejects any efforts by international organizations to use such resolution to further isolate Israel and urges the U.S. government to act where needed to counter any such efforts. </p> <p>Urges: (1) the U.S. presidential Administrations to uphold the practice of vetoing all Security Council resolutions that recognize unilateral Palestinian actions or dictate terms and a time line for a solution to the Israeli-Palestinian conflict; and (2) the incoming presidential Administration to work with Congress to create conditions that facilitate the resumption of negotiations without preconditions between Israelis and Palestinians to achieve a sustainable agreement acceptable to both sides.</p> <p>Reaffirms that it is U.S. policy to seek a sustainable, just, and secure two-state solution to the Israeli-Palestinian conflict.</p>]]></text>
          <name>Reported to Senate with amendment(s)</name>
          <actionDesc>Reported to Senate with amendment(s)</actionDesc>
          <lastSummaryUpdateDate>2017-03-08T20:24:03Z</lastSummaryUpdateDate>
          <updateDate>2017-01-12T14:51:05Z</updateDate>
        </item>
      </billSummaries>
    </summaries>
    <recordedVotes />
    <policyArea>
      <name>International Affairs</name>
    </policyArea>
    <sponsors>
      <item>
        <byRequestType />
        <party>R</party>
        <middleName />
        <lastName>Rubio</lastName>
        <bioguideId>R000595</bioguideId>
        <fullName>Sen. Rubio, Marco [R-FL]</fullName>
        <firstName>Marco</firstName>
        <identifiers>
          <bioguideId>R000595</bioguideId>
          <lisID>2084</lisID>
          <gpoId>8242</gpoId>
        </identifiers>
        <state>FL</state>
      </item>
    </sponsors>
  </bill>
  <dublinCore xmlns:dc="http://purl.org/dc/elements/1.1/">
    <dc:format>text/xml</dc:format>
    <dc:language>EN</dc:language>
    <dc:rights>Pursuant to Title 17 Section 105 of the United States Code, this file is not subject to copyright protection and is in the public domain.</dc:rights>
    <dc:contributor>Congressional Research Service, Library of Congress</dc:contributor>
    <dc:description>This file contains bill summaries and statuses for federal legislation. A bill summary describes the most significant provisions of a piece of legislation and details the effects the legislative text may have on current law and federal programs. Bill summaries are authored by the Congressional Research Service (CRS) of the Library of Congress. As stated in Public Law 91-510 (2 USC 166 (d)(6)), one of the duties of CRS is "to prepare summaries and digests of bills and resolutions of a public general nature introduced in the Senate or House of Representatives". For more information, refer to the User Guide that accompanies this file.</dc:description>
  </dublinCore>
</billStatus>

