<?xml version="1.0" encoding="UTF-8"?>
<billStatus>
  <bill>
    <policyArea>
      <name>International Affairs</name>
    </policyArea>
    <committeeReports />
    <congress>115</congress>
    <sponsors>
      <item>
        <identifiers>
          <gpoId>7972</gpoId>
          <lisID>735</lisID>
          <bioguideId>M000133</bioguideId>
        </identifiers>
        <middleName>J.</middleName>
        <byRequestType />
        <fullName>Sen. Markey, Edward J. [D-MA]</fullName>
        <bioguideId>M000133</bioguideId>
        <state>MA</state>
        <party>D</party>
        <firstName>EDWARD</firstName>
        <lastName>MARKEY</lastName>
      </item>
    </sponsors>
    <calendarNumbers />
    <amendments />
    <relatedBills>
      <item>
        <latestTitle>Expressing the sense of the House of Representatives regarding the trafficking of illicit fentanyl into the United States from Mexico and China.</latestTitle>
        <number>268</number>
        <congress>115</congress>
        <latestAction>
          <actionDate>2017-05-18</actionDate>
          <text>Referred to the Subcommittee on the Western Hemisphere.</text>
        </latestAction>
        <type>HRES</type>
        <relationshipDetails>
          <item>
            <type>Identical bill</type>
            <identifiedBy>CRS</identifiedBy>
          </item>
        </relationshipDetails>
      </item>
      <item>
        <latestTitle>A resolution expressing the sense of the Senate regarding the trafficking of illicit fentanyl into the United States from Mexico and China.</latestTitle>
        <number>10</number>
        <congress>115</congress>
        <latestAction>
          <actionDate>2017-01-10</actionDate>
          <text>Referred to the Committee on Foreign Relations.</text>
        </latestAction>
        <type>SRES</type>
        <relationshipDetails>
          <item>
            <type>Identical bill</type>
            <identifiedBy>CRS</identifiedBy>
          </item>
        </relationshipDetails>
      </item>
    </relatedBills>
    <notes />
    <originChamber>Senate</originChamber>
    <version>1.0.0</version>
    <billNumber>83</billNumber>
    <title>A resolution expressing the sense of the Senate regarding the trafficking of illicit fentanyl into the United States from Mexico and China.</title>
    <cosponsors>
      <item>
        <state>FL</state>
        <party>R</party>
        <fullName>Sen. Rubio, Marco [R-FL]</fullName>
        <lastName>Rubio</lastName>
        <isOriginalCosponsor>True</isOriginalCosponsor>
        <bioguideId>R000595</bioguideId>
        <sponsorshipWithdrawnDate />
        <middleName />
        <identifiers>
          <lisID>2084</lisID>
          <bioguideId>R000595</bioguideId>
          <gpoId>8242</gpoId>
        </identifiers>
        <firstName>Marco</firstName>
        <sponsorshipDate>2017-03-08</sponsorshipDate>
      </item>
      <item>
        <state>NH</state>
        <party>D</party>
        <fullName>Sen. Shaheen, Jeanne [D-NH]</fullName>
        <lastName>Shaheen</lastName>
        <isOriginalCosponsor>False</isOriginalCosponsor>
        <bioguideId>S001181</bioguideId>
        <sponsorshipWithdrawnDate />
        <middleName />
        <identifiers>
          <bioguideId>S001181</bioguideId>
          <lisID>1901</lisID>
          <gpoId>8276</gpoId>
        </identifiers>
        <firstName>Jeanne</firstName>
        <sponsorshipDate>2017-03-09</sponsorshipDate>
      </item>
      <item>
        <state>ME</state>
        <party>I</party>
        <fullName>Sen. King, Angus S., Jr. [I-ME]</fullName>
        <lastName>King</lastName>
        <isOriginalCosponsor>False</isOriginalCosponsor>
        <bioguideId>K000383</bioguideId>
        <sponsorshipWithdrawnDate />
        <middleName />
        <identifiers>
          <gpoId />
          <lisID>2185</lisID>
          <bioguideId>K000383</bioguideId>
        </identifiers>
        <firstName>Angus</firstName>
        <sponsorshipDate>2017-03-09</sponsorshipDate>
      </item>
      <item>
        <state>PA</state>
        <party>R</party>
        <fullName>Sen. Toomey, Pat [R-PA]</fullName>
        <lastName>Toomey</lastName>
        <isOriginalCosponsor>False</isOriginalCosponsor>
        <bioguideId>T000461</bioguideId>
        <sponsorshipWithdrawnDate />
        <middleName />
        <identifiers>
          <lisID>1594</lisID>
          <gpoId />
          <bioguideId>T000461</bioguideId>
        </identifiers>
        <firstName>Pat</firstName>
        <sponsorshipDate>2017-03-09</sponsorshipDate>
      </item>
      <item>
        <state>WI</state>
        <party>R</party>
        <fullName>Sen. Johnson, Ron [R-WI]</fullName>
        <lastName>Johnson</lastName>
        <isOriginalCosponsor>False</isOriginalCosponsor>
        <bioguideId>J000293</bioguideId>
        <sponsorshipWithdrawnDate />
        <middleName />
        <identifiers>
          <gpoId>8355</gpoId>
          <bioguideId>J000293</bioguideId>
          <lisID>2086</lisID>
        </identifiers>
        <firstName>Ron</firstName>
        <sponsorshipDate>2017-03-21</sponsorshipDate>
      </item>
      <item>
        <state>FL</state>
        <party>D</party>
        <fullName>Sen. Nelson, Bill [D-FL]</fullName>
        <lastName>NELSON</lastName>
        <isOriginalCosponsor>False</isOriginalCosponsor>
        <bioguideId>N000032</bioguideId>
        <sponsorshipWithdrawnDate />
        <middleName>WILLIAM</middleName>
        <identifiers>
          <bioguideId>N000032</bioguideId>
          <gpoId>8236</gpoId>
          <lisID>859</lisID>
        </identifiers>
        <firstName>CLARENCE</firstName>
        <sponsorshipDate>2017-03-21</sponsorshipDate>
      </item>
    </cosponsors>
    <subjects>
      <billSubjects>
        <legislativeSubjects>
          <item>
            <name>Asia</name>
          </item>
          <item>
            <name>China</name>
          </item>
          <item>
            <name>Diplomacy, foreign officials, Americans abroad</name>
          </item>
          <item>
            <name>Drug trafficking and controlled substances</name>
          </item>
          <item>
            <name>Drug, alcohol, tobacco use</name>
          </item>
          <item>
            <name>Health promotion and preventive care</name>
          </item>
          <item>
            <name>International organizations and cooperation</name>
          </item>
          <item>
            <name>Latin America</name>
          </item>
          <item>
            <name>Law enforcement administration and funding</name>
          </item>
          <item>
            <name>Mexico</name>
          </item>
          <item>
            <name>Organized crime</name>
          </item>
        </legislativeSubjects>
        <policyArea>
          <name>International Affairs</name>
        </policyArea>
      </billSubjects>
    </subjects>
    <laws />
    <actions>
      <actionTypeCounts>
        <senateCommitteeDischarged>1</senateCommitteeDischarged>
        <agreedToInSenate>1</agreedToInSenate>
        <referredToCommittee>1</referredToCommittee>
        <introducedInSenate>1</introducedInSenate>
        <passedAgreedToInSenate>1</passedAgreedToInSenate>
        <committeeDischarged>1</committeeDischarged>
      </actionTypeCounts>
      <item>
        <actionDate>2017-03-15</actionDate>
        <committee />
        <links />
        <sourceSystem>
          <name>Senate</name>
          <code>0</code>
        </sourceSystem>
        <text>Resolution agreed to in Senate without amendment and with a preamble by Unanimous Consent.</text>
        <type>Floor</type>
      </item>
      <item>
        <text>Passed/agreed to in Senate: Resolution agreed to in Senate without amendment and with a preamble by Unanimous Consent.</text>
        <links />
        <actionDate>2017-03-15</actionDate>
        <committee />
        <sourceSystem>
          <name>Library of Congress</name>
          <code>9</code>
        </sourceSystem>
        <type>Floor</type>
        <actionCode>17000</actionCode>
      </item>
      <item>
        <actionDate>2017-03-15</actionDate>
        <committee>
          <systemCode>ssfr00</systemCode>
          <name>Foreign Relations Committee</name>
        </committee>
        <links>
          <link>
            <url>https://www.congress.gov/congressional-record/volume-163/senate-section/page/S1848-1849</url>
            <name>S1848-1849</name>
          </link>
        </links>
        <sourceSystem>
          <name>Senate</name>
          <code>0</code>
        </sourceSystem>
        <text>Senate Committee on Foreign Relations discharged by Unanimous Consent. (consideration: CR S1848-1849)</text>
        <type>Discharge</type>
      </item>
      <item>
        <text>Senate Committee on Foreign Relations discharged by Unanimous Consent.(consideration: CR S1848-1849)</text>
        <links>
          <link>
            <url>https://www.congress.gov/congressional-record/volume-163/senate-section/page/S1848-1849</url>
            <name>S1848-1849</name>
          </link>
        </links>
        <actionDate>2017-03-15</actionDate>
        <committee>
          <systemCode>ssfr00</systemCode>
          <name>Foreign Relations Committee</name>
        </committee>
        <sourceSystem>
          <name>Library of Congress</name>
          <code>9</code>
        </sourceSystem>
        <type>Committee</type>
        <actionCode>14500</actionCode>
      </item>
      <item>
        <actionDate>2017-03-08</actionDate>
        <committee>
          <systemCode>ssfr00</systemCode>
          <name>Foreign Relations Committee</name>
        </committee>
        <links>
          <link>
            <url>https://www.congress.gov/congressional-record/volume-163/senate-section/page/S1692-1693</url>
            <name>S1692-1693</name>
          </link>
        </links>
        <sourceSystem>
          <name>Senate</name>
          <code>0</code>
        </sourceSystem>
        <text>Referred to the Committee on Foreign Relations. (text of measure as introduced: CR S1692-1693)</text>
        <type>IntroReferral</type>
      </item>
      <item>
        <text>Introduced in Senate</text>
        <links />
        <actionDate>2017-03-08</actionDate>
        <committee />
        <sourceSystem>
          <name>Library of Congress</name>
          <code>9</code>
        </sourceSystem>
        <type>IntroReferral</type>
        <actionCode>10000</actionCode>
      </item>
      <actionByCounts>
        <senate>6</senate>
      </actionByCounts>
    </actions>
    <titles>
      <item>
        <parentTitleType />
        <chamberCode />
        <titleType>Official Title as Introduced</titleType>
        <chamberName />
        <title>A resolution expressing the sense of the Senate regarding the trafficking of illicit fentanyl into the United States from Mexico and China.</title>
      </item>
      <item>
        <parentTitleType />
        <chamberCode />
        <titleType>Display Title</titleType>
        <chamberName />
        <title>A resolution expressing the sense of the Senate regarding the trafficking of illicit fentanyl into the United States from Mexico and China.</title>
      </item>
    </titles>
    <summaries>
      <billSummaries>
        <item>
          <text><![CDATA[<p>Expresses the sense of the Senate that:</p> <ul> <li> the use of illicit fentanyl in the United States and the resulting overdose deaths are a public health crisis;</li> <li> the trafficking of illicit fentanyl into the United States, especially by transnational criminal organizations, is a problem that requires close cooperation between the U.S. government and the governments of Mexico and China; and </li> <li>all three such countries have a shared interest in, and responsibility for, stopping the production of illicit fentanyl and its trafficking into the United States.</li> </ul> <p>Calls for the United States to:</p> <ul> <li>support the efforts by the governments of Mexico and China to stop such production and trafficking into the United States;</li> <li> take further measures to reduce and prevent heroin and fentanyl consumption through enhanced enforcement to reduce the illegal supply and increased use of evidence-based prevention, treatment, and recovery services; and</li> <li>use its broad diplomatic and law enforcement resources, in partnership with the governments of China and Mexico, to stop such production and trafficking.</li> </ul>]]></text>
          <actionDate>2017-03-08</actionDate>
          <updateDate>2017-03-08T05:00:00Z</updateDate>
          <lastSummaryUpdateDate>2017-03-10T20:42:55Z</lastSummaryUpdateDate>
          <name>Introduced in Senate</name>
          <actionDesc>Introduced in Senate</actionDesc>
          <versionCode>00</versionCode>
        </item>
        <item>
          <text><![CDATA[<p>(This measure has not been amended since it was introduced. The summary of that version is repeated here.)</p> <p>Expresses the sense of the Senate that:</p> <ul> <li> the use of illicit fentanyl in the United States and the resulting overdose deaths are a public health crisis;</li> <li> the trafficking of illicit fentanyl into the United States, especially by transnational criminal organizations, is a problem that requires close cooperation between the U.S. government and the governments of Mexico and China; and </li> <li>all three such countries have a shared interest in, and responsibility for, stopping the production of illicit fentanyl and its trafficking into the United States.</li> </ul> <p>Calls for the United States to:</p> <ul> <li>support the efforts by the governments of Mexico and China to stop such production and trafficking into the United States;</li> <li> take further measures to reduce and prevent heroin and fentanyl consumption through enhanced enforcement to reduce the illegal supply and increased use of evidence-based prevention, treatment, and recovery services; and</li> <li>use its broad diplomatic and law enforcement resources, in partnership with the governments of China and Mexico, to stop such production and trafficking.</li> </ul>]]></text>
          <actionDate>2017-03-15</actionDate>
          <updateDate>2017-03-15T13:17:52Z</updateDate>
          <lastSummaryUpdateDate>2017-03-18T15:16:15Z</lastSummaryUpdateDate>
          <name>Passed Senate without amendment</name>
          <actionDesc>Passed Senate without amendment</actionDesc>
          <versionCode>82</versionCode>
        </item>
      </billSummaries>
    </summaries>
    <committees>
      <billCommittees>
        <item>
          <chamber>Senate</chamber>
          <name>Foreign Relations Committee</name>
          <systemCode>ssfr00</systemCode>
          <activities>
            <item>
              <date>2017-03-15T21:31:17Z</date>
              <name>Discharged from</name>
            </item>
            <item>
              <date>2017-03-08T17:56:29Z</date>
              <name>Referred to</name>
            </item>
          </activities>
          <type>Standing</type>
          <subcommittees />
        </item>
      </billCommittees>
    </committees>
    <introducedDate>2017-03-08</introducedDate>
    <updateDate>2018-02-06T16:44:01Z</updateDate>
    <cboCostEstimates />
    <recordedVotes />
    <billType>SRES</billType>
    <createDate>2017-03-09T05:25:14Z</createDate>
    <latestAction>
      <text>Resolution agreed to in Senate without amendment and with a preamble by Unanimous Consent.</text>
      <links />
      <actionDate>2017-03-15</actionDate>
    </latestAction>
  </bill>
  <dublinCore xmlns:dc="http://purl.org/dc/elements/1.1/">
    <dc:format>text/xml</dc:format>
    <dc:language>EN</dc:language>
    <dc:rights>Pursuant to Title 17 Section 105 of the United States Code, this file is not subject to copyright protection and is in the public domain.</dc:rights>
    <dc:contributor>Congressional Research Service, Library of Congress</dc:contributor>
    <dc:description>This file contains bill summaries and statuses for federal legislation. A bill summary describes the most significant provisions of a piece of legislation and details the effects the legislative text may have on current law and federal programs. Bill summaries are authored by the Congressional Research Service (CRS) of the Library of Congress. As stated in Public Law 91-510 (2 USC 166 (d)(6)), one of the duties of CRS is "to prepare summaries and digests of bills and resolutions of a public general nature introduced in the Senate or House of Representatives". For more information, refer to the User Guide that accompanies this file.</dc:description>
  </dublinCore>
</billStatus>

