<?xml version="1.0" encoding="UTF-8"?>
<billStatus>
  <bill>
    <cosponsors>
      <item>
        <isOriginalCosponsor>True</isOriginalCosponsor>
        <sponsorshipWithdrawnDate />
        <party>D</party>
        <fullName>Sen. Tester, Jon [D-MT]</fullName>
        <firstName>Jon</firstName>
        <bioguideId>T000464</bioguideId>
        <lastName>Tester</lastName>
        <identifiers>
          <gpoId>8258</gpoId>
          <lisID>1829</lisID>
          <bioguideId>T000464</bioguideId>
        </identifiers>
        <sponsorshipDate>2017-02-13</sponsorshipDate>
        <middleName />
        <state>MT</state>
      </item>
      <item>
        <isOriginalCosponsor>True</isOriginalCosponsor>
        <sponsorshipWithdrawnDate />
        <party>R</party>
        <fullName>Sen. Lankford, James [R-OK]</fullName>
        <firstName>James</firstName>
        <bioguideId>L000575</bioguideId>
        <lastName>Lankford</lastName>
        <identifiers>
          <lisID>2050</lisID>
          <gpoId>8113</gpoId>
          <bioguideId>L000575</bioguideId>
        </identifiers>
        <sponsorshipDate>2017-02-13</sponsorshipDate>
        <middleName />
        <state>OK</state>
      </item>
      <item>
        <isOriginalCosponsor>True</isOriginalCosponsor>
        <sponsorshipWithdrawnDate />
        <party>R</party>
        <fullName>Sen. Gardner, Cory [R-CO]</fullName>
        <firstName>Cory</firstName>
        <bioguideId>G000562</bioguideId>
        <lastName>Gardner</lastName>
        <identifiers>
          <gpoId>7862</gpoId>
          <lisID>1998</lisID>
          <bioguideId>G000562</bioguideId>
        </identifiers>
        <sponsorshipDate>2017-02-13</sponsorshipDate>
        <middleName />
        <state>CO</state>
      </item>
      <item>
        <isOriginalCosponsor>True</isOriginalCosponsor>
        <sponsorshipWithdrawnDate />
        <party>D</party>
        <fullName>Sen. Franken, Al [D-MN]</fullName>
        <firstName>Al</firstName>
        <bioguideId>F000457</bioguideId>
        <lastName>Franken</lastName>
        <identifiers>
          <lisID>1969</lisID>
          <gpoId>8339</gpoId>
          <bioguideId>F000457</bioguideId>
        </identifiers>
        <sponsorshipDate>2017-02-13</sponsorshipDate>
        <middleName />
        <state>MN</state>
      </item>
      <item>
        <isOriginalCosponsor>True</isOriginalCosponsor>
        <sponsorshipWithdrawnDate />
        <party>R</party>
        <fullName>Sen. Hoeven, John [R-ND]</fullName>
        <firstName>John</firstName>
        <bioguideId>H001061</bioguideId>
        <lastName>Hoeven</lastName>
        <identifiers>
          <gpoId>8331</gpoId>
          <lisID>2079</lisID>
          <bioguideId>H001061</bioguideId>
        </identifiers>
        <sponsorshipDate>2017-02-13</sponsorshipDate>
        <middleName />
        <state>ND</state>
      </item>
      <item>
        <isOriginalCosponsor>True</isOriginalCosponsor>
        <sponsorshipWithdrawnDate />
        <party>D</party>
        <fullName>Sen. Udall, Tom [D-NM]</fullName>
        <firstName>TOM</firstName>
        <bioguideId>U000039</bioguideId>
        <lastName>UDALL</lastName>
        <identifiers>
          <gpoId>8260</gpoId>
          <lisID>1567</lisID>
          <bioguideId>U000039</bioguideId>
        </identifiers>
        <sponsorshipDate>2017-02-13</sponsorshipDate>
        <middleName />
        <state>NM</state>
      </item>
      <item>
        <isOriginalCosponsor>False</isOriginalCosponsor>
        <sponsorshipWithdrawnDate />
        <party>R</party>
        <fullName>Sen. Crapo, Mike [R-ID]</fullName>
        <firstName>MICHAEL</firstName>
        <bioguideId>C000880</bioguideId>
        <lastName>CRAPO</lastName>
        <identifiers>
          <lisID>250</lisID>
          <gpoId>8289</gpoId>
          <bioguideId>C000880</bioguideId>
        </identifiers>
        <sponsorshipDate>2017-02-15</sponsorshipDate>
        <middleName>D.</middleName>
        <state>ID</state>
      </item>
      <item>
        <isOriginalCosponsor>False</isOriginalCosponsor>
        <sponsorshipWithdrawnDate />
        <party>R</party>
        <fullName>Sen. Hatch, Orrin G. [R-UT]</fullName>
        <firstName>ORRIN</firstName>
        <bioguideId>H000338</bioguideId>
        <lastName>HATCH</lastName>
        <identifiers>
          <lisID>1351</lisID>
          <bioguideId>H000338</bioguideId>
          <gpoId>8314</gpoId>
        </identifiers>
        <sponsorshipDate>2017-02-17</sponsorshipDate>
        <middleName>GRANT</middleName>
        <state>UT</state>
      </item>
      <item>
        <isOriginalCosponsor>False</isOriginalCosponsor>
        <sponsorshipWithdrawnDate />
        <party>R</party>
        <fullName>Sen. Risch, James E. [R-ID]</fullName>
        <firstName>James</firstName>
        <bioguideId>R000584</bioguideId>
        <lastName>Risch</lastName>
        <identifiers>
          <gpoId>8274</gpoId>
          <lisID>1896</lisID>
          <bioguideId>R000584</bioguideId>
        </identifiers>
        <sponsorshipDate>2017-02-27</sponsorshipDate>
        <middleName>E.</middleName>
        <state>ID</state>
      </item>
      <item>
        <isOriginalCosponsor>False</isOriginalCosponsor>
        <sponsorshipWithdrawnDate />
        <party>D</party>
        <fullName>Sen. Gillibrand, Kirsten E. [D-NY]</fullName>
        <firstName>Kirsten</firstName>
        <bioguideId>G000555</bioguideId>
        <lastName>Gillibrand</lastName>
        <identifiers>
          <gpoId>8336</gpoId>
          <lisID>1866</lisID>
          <bioguideId>G000555</bioguideId>
        </identifiers>
        <sponsorshipDate>2017-02-27</sponsorshipDate>
        <middleName>E.</middleName>
        <state>NY</state>
      </item>
      <item>
        <isOriginalCosponsor>False</isOriginalCosponsor>
        <sponsorshipWithdrawnDate />
        <party>R</party>
        <fullName>Sen. Rounds, Mike  [R-SD]</fullName>
        <firstName>Mike</firstName>
        <bioguideId>R000605</bioguideId>
        <lastName>Rounds</lastName>
        <identifiers>
          <lisID>2288</lisID>
          <gpoId />
          <bioguideId>R000605</bioguideId>
        </identifiers>
        <sponsorshipDate>2017-04-27</sponsorshipDate>
        <middleName />
        <state>SD</state>
      </item>
      <item>
        <isOriginalCosponsor>False</isOriginalCosponsor>
        <sponsorshipWithdrawnDate />
        <party>D</party>
        <fullName>Sen. Heitkamp, Heidi [D-ND]</fullName>
        <firstName>Heidi</firstName>
        <bioguideId>H001069</bioguideId>
        <lastName>Heitkamp</lastName>
        <identifiers>
          <lisID>2174</lisID>
          <gpoId />
          <bioguideId>H001069</bioguideId>
        </identifiers>
        <sponsorshipDate>2017-05-03</sponsorshipDate>
        <middleName />
        <state>ND</state>
      </item>
    </cosponsors>
    <laws />
    <calendarNumbers />
    <subjects>
      <billSubjects>
        <legislativeSubjects>
          <item>
            <name>Alaska Natives and Hawaiians</name>
          </item>
          <item>
            <name>Commemorative events and holidays</name>
          </item>
          <item>
            <name>Crime victims</name>
          </item>
          <item>
            <name>Crimes against women</name>
          </item>
          <item>
            <name>Indian social and development programs</name>
          </item>
          <item>
            <name>Violent crime</name>
          </item>
        </legislativeSubjects>
        <policyArea>
          <name>Crime and Law Enforcement</name>
        </policyArea>
      </billSubjects>
    </subjects>
    <relatedBills>
      <item>
        <latestAction>
          <actionDate>2018-02-12</actionDate>
          <text>Referred to the Committee on the Judiciary.</text>
        </latestAction>
        <relationshipDetails>
          <item>
            <identifiedBy>CRS</identifiedBy>
            <type>Related bill</type>
          </item>
        </relationshipDetails>
        <congress>115</congress>
        <type>SRES</type>
        <number>401</number>
        <latestTitle>A resolution designating May 5, 2018 as the "National Day of Awareness for Missing and Murdered Native Women and Girls".</latestTitle>
      </item>
      <item>
        <latestAction>
          <actionDate>2017-03-27</actionDate>
          <text>Referred to the Subcommittee on Indian, Insular and Alaska Native Affairs.</text>
        </latestAction>
        <relationshipDetails>
          <item>
            <identifiedBy>CRS</identifiedBy>
            <type>Related bill</type>
          </item>
        </relationshipDetails>
        <congress>115</congress>
        <type>HRES</type>
        <number>222</number>
        <latestTitle>Expressing support for designation of May 5, 2017, as "National Day of Awareness for Missing and Murdered Native Women and Girls".</latestTitle>
      </item>
    </relatedBills>
    <title>A resolution designating May 5, 2017, as the "National Day of Awareness for Missing and Murdered Native Women and Girls".</title>
    <billNumber>60</billNumber>
    <cboCostEstimates />
    <summaries>
      <billSummaries>
        <item>
          <actionDate>2017-02-13</actionDate>
          <name>Introduced in Senate</name>
          <lastSummaryUpdateDate>2017-08-29T19:29:40Z</lastSummaryUpdateDate>
          <updateDate>2017-02-13T05:00:00Z</updateDate>
          <text><![CDATA[<p>Designates May 5, 2017, as the National Day of Awareness for Missing and Murdered Native Women and Girls.</p>]]></text>
          <versionCode>00</versionCode>
          <actionDesc>Introduced in Senate</actionDesc>
        </item>
        <item>
          <actionDate>2017-05-03</actionDate>
          <name>Passed Senate without amendment</name>
          <lastSummaryUpdateDate>2017-08-29T19:32:24Z</lastSummaryUpdateDate>
          <updateDate>2017-05-03T14:49:07Z</updateDate>
          <text><![CDATA[<p>(This measure has not been amended since it was introduced. The summary of that version is repeated here.)</p> <p>Designates May 5, 2017, as the National Day of Awareness for Missing and Murdered Native Women and Girls.</p>]]></text>
          <versionCode>82</versionCode>
          <actionDesc>Passed Senate without amendment</actionDesc>
        </item>
      </billSummaries>
    </summaries>
    <policyArea>
      <name>Crime and Law Enforcement</name>
    </policyArea>
    <committees>
      <billCommittees>
        <item>
          <subcommittees />
          <type>Standing</type>
          <chamber>Senate</chamber>
          <systemCode>ssju00</systemCode>
          <name>Judiciary Committee</name>
          <activities>
            <item>
              <date>2017-05-03T22:17:44Z</date>
              <name>Discharged from</name>
            </item>
            <item>
              <date>2017-02-13T22:34:37Z</date>
              <name>Referred to</name>
            </item>
          </activities>
        </item>
      </billCommittees>
    </committees>
    <introducedDate>2017-02-13</introducedDate>
    <latestAction>
      <links />
      <actionDate>2017-05-03</actionDate>
      <text>Resolution agreed to in Senate without amendment and with a preamble by Unanimous Consent. (consideration: CR S2728)</text>
    </latestAction>
    <createDate>2017-02-14T05:20:36Z</createDate>
    <updateDate>2018-02-19T04:08:56Z</updateDate>
    <titles>
      <item>
        <titleType>Official Title as Introduced</titleType>
        <title>A resolution designating May 5, 2017, as the "National Day of Awareness for Missing and Murdered Native Women and Girls".</title>
        <parentTitleType />
        <chamberCode />
        <chamberName />
      </item>
      <item>
        <titleType>Display Title</titleType>
        <title>A resolution designating May 5, 2017, as the "National Day of Awareness for Missing and Murdered Native Women and Girls".</title>
        <parentTitleType />
        <chamberCode />
        <chamberName />
      </item>
    </titles>
    <billType>SRES</billType>
    <congress>115</congress>
    <committeeReports />
    <actions>
      <item>
        <actionDate>2017-05-03</actionDate>
        <committee />
        <links>
          <link>
            <url>https://www.congress.gov/congressional-record/volume-163/senate-section/page/S2728</url>
            <name>S2728</name>
          </link>
        </links>
        <sourceSystem>
          <code>0</code>
          <name>Senate</name>
        </sourceSystem>
        <text>Resolution agreed to in Senate without amendment and with a preamble by Unanimous Consent. (consideration: CR S2728)</text>
        <type>Floor</type>
      </item>
      <item>
        <links>
          <link>
            <url>https://www.congress.gov/congressional-record/volume-163/senate-section/page/S2728</url>
            <name>S2728</name>
          </link>
        </links>
        <text>Passed/agreed to in Senate: Resolution agreed to in Senate without amendment and with a preamble by Unanimous Consent.(consideration: CR S2728)</text>
        <committee />
        <type>Floor</type>
        <actionCode>17000</actionCode>
        <sourceSystem>
          <code>9</code>
          <name>Library of Congress</name>
        </sourceSystem>
        <actionDate>2017-05-03</actionDate>
      </item>
      <item>
        <actionDate>2017-05-03</actionDate>
        <committee>
          <name>Judiciary Committee</name>
          <systemCode>ssju00</systemCode>
        </committee>
        <links>
          <link>
            <url>https://www.congress.gov/congressional-record/volume-163/senate-section/page/S2728</url>
            <name>S2728</name>
          </link>
        </links>
        <sourceSystem>
          <code>0</code>
          <name>Senate</name>
        </sourceSystem>
        <text>Senate Committee on the Judiciary discharged by Unanimous Consent. (consideration: CR S2728)</text>
        <type>Discharge</type>
      </item>
      <item>
        <links>
          <link>
            <url>https://www.congress.gov/congressional-record/volume-163/senate-section/page/S2728</url>
            <name>S2728</name>
          </link>
        </links>
        <text>Senate Committee on the Judiciary discharged by Unanimous Consent.(consideration: CR S2728)</text>
        <committee>
          <name>Judiciary Committee</name>
          <systemCode>ssju00</systemCode>
        </committee>
        <type>Committee</type>
        <actionCode>14500</actionCode>
        <sourceSystem>
          <code>9</code>
          <name>Library of Congress</name>
        </sourceSystem>
        <actionDate>2017-05-03</actionDate>
      </item>
      <item>
        <actionDate>2017-02-13</actionDate>
        <committee>
          <name>Judiciary Committee</name>
          <systemCode>ssju00</systemCode>
        </committee>
        <links>
          <link>
            <url>https://www.congress.gov/congressional-record/volume-163/senate-section/page/S1131</url>
            <name>S1131</name>
          </link>
        </links>
        <sourceSystem>
          <code>0</code>
          <name>Senate</name>
        </sourceSystem>
        <text>Referred to the Committee on the Judiciary. (text of measure as introduced: CR S1131)</text>
        <type>IntroReferral</type>
      </item>
      <item>
        <links />
        <text>Introduced in Senate</text>
        <committee />
        <type>IntroReferral</type>
        <actionCode>10000</actionCode>
        <sourceSystem>
          <code>9</code>
          <name>Library of Congress</name>
        </sourceSystem>
        <actionDate>2017-02-13</actionDate>
      </item>
      <actionByCounts>
        <senate>6</senate>
      </actionByCounts>
      <actionTypeCounts>
        <passedAgreedToInSenate>1</passedAgreedToInSenate>
        <senateCommitteeDischarged>1</senateCommitteeDischarged>
        <agreedToInSenate>1</agreedToInSenate>
        <committeeDischarged>1</committeeDischarged>
        <referredToCommittee>1</referredToCommittee>
        <introducedInSenate>1</introducedInSenate>
      </actionTypeCounts>
    </actions>
    <notes />
    <originChamber>Senate</originChamber>
    <amendments />
    <sponsors>
      <item>
        <byRequestType />
        <fullName>Sen. Daines, Steve [R-MT]</fullName>
        <party>R</party>
        <state>MT</state>
        <bioguideId>D000618</bioguideId>
        <firstName>Steve</firstName>
        <middleName />
        <lastName>Daines</lastName>
        <identifiers>
          <lisID>2138</lisID>
          <gpoId />
          <bioguideId>D000618</bioguideId>
        </identifiers>
      </item>
    </sponsors>
    <recordedVotes />
    <version>1.0.0</version>
  </bill>
  <dublinCore xmlns:dc="http://purl.org/dc/elements/1.1/">
    <dc:format>text/xml</dc:format>
    <dc:language>EN</dc:language>
    <dc:rights>Pursuant to Title 17 Section 105 of the United States Code, this file is not subject to copyright protection and is in the public domain.</dc:rights>
    <dc:contributor>Congressional Research Service, Library of Congress</dc:contributor>
    <dc:description>This file contains bill summaries and statuses for federal legislation. A bill summary describes the most significant provisions of a piece of legislation and details the effects the legislative text may have on current law and federal programs. Bill summaries are authored by the Congressional Research Service (CRS) of the Library of Congress. As stated in Public Law 91-510 (2 USC 166 (d)(6)), one of the duties of CRS is "to prepare summaries and digests of bills and resolutions of a public general nature introduced in the Senate or House of Representatives". For more information, refer to the User Guide that accompanies this file.</dc:description>
  </dublinCore>
</billStatus>

