<?xml version="1.0" encoding="UTF-8"?>
<billStatus>
  <bill>
    <relatedBills>
      <item>
        <number>435</number>
        <congress>115</congress>
        <relationshipDetails>
          <item>
            <type>Related bill</type>
            <identifiedBy>CRS</identifiedBy>
          </item>
        </relationshipDetails>
        <latestTitle>Recognizing the millions of youth in this Nation benefitting from youth sports and the parents, volunteers, and local and national organizations that make youth sports in this country possible, and for other purposes.</latestTitle>
        <latestAction>
          <text>Referred to the Subcommittee on Digital Commerce and Consumer Protection.</text>
          <actionDate>2017-07-14</actionDate>
        </latestAction>
        <type>HRES</type>
      </item>
    </relatedBills>
    <originChamber>Senate</originChamber>
    <recordedVotes />
    <latestAction>
      <text>Resolution agreed to in Senate without amendment and with a preamble by Unanimous Consent.</text>
      <links />
      <actionDate>2017-08-02</actionDate>
    </latestAction>
    <createDate>2017-07-21T00:56:42Z</createDate>
    <title>A resolution recognizing "National Youth Sports Week" and the efforts by parents, volunteers, and national organizations in their efforts to promote healthy living and youth development.</title>
    <summaries>
      <billSummaries>
        <item>
          <updateDate>2017-07-20T04:00:00Z</updateDate>
          <lastSummaryUpdateDate>2017-09-26T18:54:20Z</lastSummaryUpdateDate>
          <actionDate>2017-07-20</actionDate>
          <name>Introduced in Senate</name>
          <actionDesc>Introduced in Senate</actionDesc>
          <versionCode>00</versionCode>
          <text><![CDATA[<p>Recognizes: (1) the millions of youth throughout the United States who benefit from youth sports; and (2) the parents, volunteers, and local and national organizations that make youth sports in the United States possible.</p>]]></text>
        </item>
        <item>
          <updateDate>2017-08-02T14:33:35Z</updateDate>
          <lastSummaryUpdateDate>2017-09-26T18:54:32Z</lastSummaryUpdateDate>
          <actionDate>2017-08-02</actionDate>
          <name>Passed Senate without amendment</name>
          <actionDesc>Passed Senate without amendment</actionDesc>
          <versionCode>82</versionCode>
          <text><![CDATA[<p>(This measure has not been amended since it was introduced. The summary of that version is repeated here.)</p> <p>Recognizes: (1) the millions of youth throughout the United States who benefit from youth sports; and (2) the parents, volunteers, and local and national organizations that make youth sports in the United States possible.</p>]]></text>
        </item>
      </billSummaries>
    </summaries>
    <actions>
      <actionByCounts>
        <senate>6</senate>
      </actionByCounts>
      <actionTypeCounts>
        <passedAgreedToInSenate>1</passedAgreedToInSenate>
        <committeeDischarged>1</committeeDischarged>
        <referredToCommittee>1</referredToCommittee>
        <senateCommitteeDischarged>1</senateCommitteeDischarged>
        <agreedToInSenate>1</agreedToInSenate>
        <introducedInSenate>1</introducedInSenate>
      </actionTypeCounts>
      <item>
        <actionDate>2017-08-02</actionDate>
        <committee />
        <links />
        <sourceSystem>
          <name>Senate</name>
          <code>0</code>
        </sourceSystem>
        <text>Resolution agreed to in Senate without amendment and with a preamble by Unanimous Consent.</text>
        <type>Floor</type>
      </item>
      <item>
        <actionDate>2017-08-02</actionDate>
        <text>Passed/agreed to in Senate: Resolution agreed to in Senate without amendment and with a preamble by Unanimous Consent.</text>
        <sourceSystem>
          <name>Library of Congress</name>
          <code>9</code>
        </sourceSystem>
        <committee />
        <links />
        <actionCode>17000</actionCode>
        <type>Floor</type>
      </item>
      <item>
        <actionDate>2017-08-02</actionDate>
        <committee>
          <systemCode>sscm00</systemCode>
          <name>Commerce, Science, and Transportation Committee</name>
        </committee>
        <links>
          <link>
            <name>S4715-4716</name>
            <url>https://www.congress.gov/congressional-record/volume-163/senate-section/page/S4715-4716</url>
          </link>
        </links>
        <sourceSystem>
          <name>Senate</name>
          <code>0</code>
        </sourceSystem>
        <text>Senate Committee on Commerce, Science, and Transportation discharged by Unanimous Consent. (consideration: CR S4715-4716)</text>
        <type>Discharge</type>
      </item>
      <item>
        <actionDate>2017-08-02</actionDate>
        <text>Senate Committee on Commerce, Science, and Transportation discharged by Unanimous Consent.(consideration: CR S4715-4716)</text>
        <sourceSystem>
          <name>Library of Congress</name>
          <code>9</code>
        </sourceSystem>
        <committee>
          <systemCode>sscm00</systemCode>
          <name>Commerce, Science, and Transportation Committee</name>
        </committee>
        <links>
          <link>
            <name>S4715-4716</name>
            <url>https://www.congress.gov/congressional-record/volume-163/senate-section/page/S4715-4716</url>
          </link>
        </links>
        <actionCode>14500</actionCode>
        <type>Committee</type>
      </item>
      <item>
        <actionDate>2017-07-20</actionDate>
        <committee>
          <systemCode>sscm00</systemCode>
          <name>Commerce, Science, and Transportation Committee</name>
        </committee>
        <links>
          <link>
            <name>S4119</name>
            <url>https://www.congress.gov/congressional-record/volume-163/senate-section/page/S4119</url>
          </link>
        </links>
        <sourceSystem>
          <name>Senate</name>
          <code>0</code>
        </sourceSystem>
        <text>Referred to the Committee on Commerce, Science, and Transportation. (text of measure as introduced: CR S4119)</text>
        <type>IntroReferral</type>
      </item>
      <item>
        <actionDate>2017-07-20</actionDate>
        <text>Introduced in Senate</text>
        <sourceSystem>
          <name>Library of Congress</name>
          <code>9</code>
        </sourceSystem>
        <committee />
        <links />
        <actionCode>10000</actionCode>
        <type>IntroReferral</type>
      </item>
    </actions>
    <updateDate>2018-02-06T16:44:11Z</updateDate>
    <amendments />
    <notes />
    <sponsors>
      <item>
        <bioguideId>C001047</bioguideId>
        <middleName>MOORE</middleName>
        <byRequestType />
        <firstName>SHELLEY</firstName>
        <lastName>CAPITO</lastName>
        <state>WV</state>
        <party>R</party>
        <identifiers>
          <lisID>1676</lisID>
          <gpoId>8223</gpoId>
          <bioguideId>C001047</bioguideId>
        </identifiers>
        <fullName>Sen. Capito, Shelley Moore [R-WV]</fullName>
      </item>
    </sponsors>
    <committees>
      <billCommittees>
        <item>
          <name>Commerce, Science, and Transportation Committee</name>
          <chamber>Senate</chamber>
          <type>Standing</type>
          <subcommittees />
          <systemCode>sscm00</systemCode>
          <activities>
            <item>
              <name>Discharged from</name>
              <date>2017-08-02T20:49:01Z</date>
            </item>
            <item>
              <name>Referred to</name>
              <date>2017-07-20T19:07:27Z</date>
            </item>
          </activities>
        </item>
      </billCommittees>
    </committees>
    <cosponsors>
      <item>
        <firstName>Tammy</firstName>
        <sponsorshipWithdrawnDate />
        <state>IL</state>
        <bioguideId>D000622</bioguideId>
        <identifiers>
          <lisID>2123</lisID>
          <bioguideId>D000622</bioguideId>
          <gpoId />
        </identifiers>
        <fullName>Sen. Duckworth, Tammy [D-IL]</fullName>
        <lastName>Duckworth</lastName>
        <party>D</party>
        <middleName />
        <isOriginalCosponsor>True</isOriginalCosponsor>
        <sponsorshipDate>2017-07-20</sponsorshipDate>
      </item>
      <item>
        <firstName>TOM</firstName>
        <sponsorshipWithdrawnDate />
        <state>NM</state>
        <bioguideId>U000039</bioguideId>
        <identifiers>
          <bioguideId>U000039</bioguideId>
          <gpoId>8260</gpoId>
          <lisID>1567</lisID>
        </identifiers>
        <fullName>Sen. Udall, Tom [D-NM]</fullName>
        <lastName>UDALL</lastName>
        <party>D</party>
        <middleName />
        <isOriginalCosponsor>True</isOriginalCosponsor>
        <sponsorshipDate>2017-07-20</sponsorshipDate>
      </item>
      <item>
        <firstName>RICHARD</firstName>
        <sponsorshipWithdrawnDate />
        <state>IL</state>
        <bioguideId>D000563</bioguideId>
        <identifiers>
          <lisID>326</lisID>
          <gpoId>8326</gpoId>
          <bioguideId>D000563</bioguideId>
        </identifiers>
        <fullName>Sen. Durbin, Richard J. [D-IL]</fullName>
        <lastName>DURBIN</lastName>
        <party>D</party>
        <middleName>J.</middleName>
        <isOriginalCosponsor>True</isOriginalCosponsor>
        <sponsorshipDate>2017-07-20</sponsorshipDate>
      </item>
      <item>
        <firstName>JERRY</firstName>
        <sponsorshipWithdrawnDate />
        <state>KS</state>
        <bioguideId>M000934</bioguideId>
        <identifiers>
          <bioguideId>M000934</bioguideId>
          <lisID>1507</lisID>
          <gpoId>8307</gpoId>
        </identifiers>
        <fullName>Sen. Moran, Jerry [R-KS]</fullName>
        <lastName>MORAN</lastName>
        <party>R</party>
        <middleName />
        <isOriginalCosponsor>True</isOriginalCosponsor>
        <sponsorshipDate>2017-07-20</sponsorshipDate>
      </item>
    </cosponsors>
    <laws />
    <policyArea>
      <name>Sports and Recreation</name>
    </policyArea>
    <cboCostEstimates />
    <billNumber>227</billNumber>
    <congress>115</congress>
    <version>1.0.0</version>
    <introducedDate>2017-07-20</introducedDate>
    <committeeReports />
    <titles>
      <item>
        <chamberCode />
        <chamberName />
        <parentTitleType />
        <titleType>Official Title as Introduced</titleType>
        <title>A resolution recognizing "National Youth Sports Week" and the efforts by parents, volunteers, and national organizations in their efforts to promote healthy living and youth development.</title>
      </item>
      <item>
        <chamberCode />
        <chamberName />
        <parentTitleType />
        <titleType>Display Title</titleType>
        <title>A resolution recognizing "National Youth Sports Week" and the efforts by parents, volunteers, and national organizations in their efforts to promote healthy living and youth development.</title>
      </item>
    </titles>
    <calendarNumbers />
    <subjects>
      <billSubjects>
        <legislativeSubjects>
          <item>
            <name>Athletes</name>
          </item>
          <item>
            <name>Child health</name>
          </item>
          <item>
            <name>Physical fitness and lifestyle</name>
          </item>
          <item>
            <name>Social work, volunteer service, charitable organizations</name>
          </item>
        </legislativeSubjects>
        <policyArea>
          <name>Sports and Recreation</name>
        </policyArea>
      </billSubjects>
    </subjects>
    <billType>SRES</billType>
  </bill>
  <dublinCore xmlns:dc="http://purl.org/dc/elements/1.1/">
    <dc:format>text/xml</dc:format>
    <dc:language>EN</dc:language>
    <dc:rights>Pursuant to Title 17 Section 105 of the United States Code, this file is not subject to copyright protection and is in the public domain.</dc:rights>
    <dc:contributor>Congressional Research Service, Library of Congress</dc:contributor>
    <dc:description>This file contains bill summaries and statuses for federal legislation. A bill summary describes the most significant provisions of a piece of legislation and details the effects the legislative text may have on current law and federal programs. Bill summaries are authored by the Congressional Research Service (CRS) of the Library of Congress. As stated in Public Law 91-510 (2 USC 166 (d)(6)), one of the duties of CRS is "to prepare summaries and digests of bills and resolutions of a public general nature introduced in the Senate or House of Representatives". For more information, refer to the User Guide that accompanies this file.</dc:description>
  </dublinCore>
</billStatus>

