<?xml version="1.0" encoding="UTF-8"?>
<billStatus>
  <bill>
    <cosponsors>
      <item>
        <lastName>LEAHY</lastName>
        <sponsorshipDate>2017-10-04</sponsorshipDate>
        <party>D</party>
        <state>VT</state>
        <bioguideId>L000174</bioguideId>
        <middleName>JOSEPH</middleName>
        <sponsorshipWithdrawnDate />
        <fullName>Sen. Leahy, Patrick J. [D-VT]</fullName>
        <firstName>PATRICK</firstName>
        <isOriginalCosponsor>True</isOriginalCosponsor>
        <identifiers>
          <bioguideId>L000174</bioguideId>
          <gpoId>8244</gpoId>
          <lisID>1383</lisID>
        </identifiers>
      </item>
    </cosponsors>
    <congress>115</congress>
    <committees>
      <billCommittees>
        <item>
          <chamber>Senate</chamber>
          <name>Homeland Security and Governmental Affairs Committee</name>
          <systemCode>ssga00</systemCode>
          <type>Standing</type>
          <subcommittees />
          <activities>
            <item>
              <name>Referred to</name>
              <date>2017-10-04T18:52:15Z</date>
            </item>
          </activities>
        </item>
      </billCommittees>
    </committees>
    <laws />
    <titles>
      <item>
        <chamberName />
        <titleType>Official Title as Introduced</titleType>
        <title>A resolution commending the National Archives and Records Administration and its staff for working to comply with the President John F. Kennedy Assassination Records Collection Act of 1992 and release all records related to the assassination of President John F. Kennedy by October 26, 2017.</title>
        <parentTitleType />
        <chamberCode />
      </item>
      <item>
        <chamberName />
        <titleType>Display Title</titleType>
        <title>A resolution commending the National Archives and Records Administration and its staff for working to comply with the President John F. Kennedy Assassination Records Collection Act of 1992 and release all records related to the assassination of President John F. Kennedy by October 26, 2017.</title>
        <parentTitleType />
        <chamberCode />
      </item>
    </titles>
    <billType>SRES</billType>
    <amendments />
    <recordedVotes />
    <actions>
      <actionByCounts>
        <senate>2</senate>
      </actionByCounts>
      <actionTypeCounts>
        <referredToCommittee>1</referredToCommittee>
        <introducedInSenate>1</introducedInSenate>
      </actionTypeCounts>
      <item>
        <actionDate>2017-10-04</actionDate>
        <committee>
          <name>Homeland Security and Governmental Affairs Committee</name>
          <systemCode>ssga00</systemCode>
        </committee>
        <links>
          <link>
            <name>S6323</name>
            <url>https://www.congress.gov/congressional-record/volume-163/senate-section/page/S6323</url>
          </link>
        </links>
        <sourceSystem>
          <code>0</code>
          <name>Senate</name>
        </sourceSystem>
        <text>Referred to the Committee on Homeland Security and Governmental Affairs. (text of measure as introduced: CR S6323)</text>
        <type>IntroReferral</type>
      </item>
      <item>
        <text>Introduced in Senate</text>
        <links />
        <sourceSystem>
          <code>9</code>
          <name>Library of Congress</name>
        </sourceSystem>
        <actionCode>10000</actionCode>
        <type>IntroReferral</type>
        <committee />
        <actionDate>2017-10-04</actionDate>
      </item>
    </actions>
    <introducedDate>2017-10-04</introducedDate>
    <relatedBills>
      <item>
        <relationshipDetails>
          <item>
            <identifiedBy>CRS</identifiedBy>
            <type>Identical bill</type>
          </item>
        </relationshipDetails>
        <latestAction>
          <actionDate>2017-10-04</actionDate>
          <text>Referred to the House Committee on Oversight and Government Reform.</text>
        </latestAction>
        <type>HRES</type>
        <number>557</number>
        <latestTitle>Commending the National Archives and Records Administration and its staff for working to comply with the President John F. Kennedy Assassination Records Collection Act of 1992 and release all records related to the assassination of President John F. Kennedy by October 26, 2017.</latestTitle>
        <congress>115</congress>
      </item>
    </relatedBills>
    <committeeReports />
    <calendarNumbers />
    <billNumber>282</billNumber>
    <summaries>
      <billSummaries>
        <item>
          <versionCode>00</versionCode>
          <actionDate>2017-10-04</actionDate>
          <updateDate>2017-10-04T04:00:00Z</updateDate>
          <text><![CDATA[<p>Commends the National Archives and Records Administration and its staff for working to comply with the President John F. Kennedy Assassination Records Collection Act of 1992 and release all records related to President Kennedy's assassination by October 26, 2017.</p>]]></text>
          <actionDesc>Introduced in Senate</actionDesc>
          <name>Introduced in Senate</name>
          <lastSummaryUpdateDate>2018-01-04T20:27:51Z</lastSummaryUpdateDate>
        </item>
      </billSummaries>
    </summaries>
    <cboCostEstimates />
    <updateDate>2018-02-06T16:44:15Z</updateDate>
    <policyArea>
      <name>Government Operations and Politics</name>
    </policyArea>
    <latestAction>
      <text>Referred to the Committee on Homeland Security and Governmental Affairs. (text of measure as introduced: CR S6323)</text>
      <actionDate>2017-10-04</actionDate>
      <links />
    </latestAction>
    <subjects>
      <billSubjects>
        <policyArea>
          <name>Government Operations and Politics</name>
        </policyArea>
        <legislativeSubjects>
          <item>
            <name>Congressional tributes</name>
          </item>
          <item>
            <name>Freedom of information</name>
          </item>
          <item>
            <name>Government information and archives</name>
          </item>
          <item>
            <name>National Archives and Records Administration</name>
          </item>
          <item>
            <name>Presidents and presidential powers, Vice Presidents</name>
          </item>
          <item>
            <name>U.S. history</name>
          </item>
        </legislativeSubjects>
      </billSubjects>
    </subjects>
    <title>A resolution commending the National Archives and Records Administration and its staff for working to comply with the President John F. Kennedy Assassination Records Collection Act of 1992 and release all records related to the assassination of President John F. Kennedy by October 26, 2017.</title>
    <version>1.0.0</version>
    <sponsors>
      <item>
        <byRequestType />
        <party>R</party>
        <fullName>Sen. Grassley, Chuck [R-IA]</fullName>
        <bioguideId>G000386</bioguideId>
        <state>IA</state>
        <lastName>GRASSLEY</lastName>
        <middleName>ERNEST</middleName>
        <firstName>CHARLES</firstName>
        <identifiers>
          <bioguideId>G000386</bioguideId>
          <lisID>457</lisID>
          <gpoId>8316</gpoId>
        </identifiers>
      </item>
    </sponsors>
    <notes />
    <createDate>2017-10-05T00:26:18Z</createDate>
    <originChamber>Senate</originChamber>
  </bill>
  <dublinCore xmlns:dc="http://purl.org/dc/elements/1.1/">
    <dc:format>text/xml</dc:format>
    <dc:language>EN</dc:language>
    <dc:rights>Pursuant to Title 17 Section 105 of the United States Code, this file is not subject to copyright protection and is in the public domain.</dc:rights>
    <dc:contributor>Congressional Research Service, Library of Congress</dc:contributor>
    <dc:description>This file contains bill summaries and statuses for federal legislation. A bill summary describes the most significant provisions of a piece of legislation and details the effects the legislative text may have on current law and federal programs. Bill summaries are authored by the Congressional Research Service (CRS) of the Library of Congress. As stated in Public Law 91-510 (2 USC 166 (d)(6)), one of the duties of CRS is "to prepare summaries and digests of bills and resolutions of a public general nature introduced in the Senate or House of Representatives". For more information, refer to the User Guide that accompanies this file.</dc:description>
  </dublinCore>
</billStatus>

