<?xml version="1.0" encoding="UTF-8"?>
<billStatus>
  <bill>
    <cosponsors />
    <congress>115</congress>
    <committees>
      <billCommittees />
    </committees>
    <laws />
    <titles>
      <item>
        <chamberCode />
        <titleType>Official Title as Introduced</titleType>
        <parentTitleType />
        <chamberName />
        <title>A resolution to constitute the majority party's membership on certain committees for the One Hundred Fifteenth Congress, or until their successors are chosen.</title>
      </item>
      <item>
        <chamberCode />
        <titleType>Display Title</titleType>
        <parentTitleType />
        <chamberName />
        <title>A resolution to constitute the majority party's membership on certain committees for the One Hundred Fifteenth Congress, or until their successors are chosen.</title>
      </item>
    </titles>
    <billType>SRES</billType>
    <amendments />
    <recordedVotes />
    <actions>
      <actionByCounts>
        <senate>3</senate>
      </actionByCounts>
      <actionTypeCounts>
        <passedAgreedToInSenate>1</passedAgreedToInSenate>
        <passedOrAgreedToInSenateDayOf>1</passedOrAgreedToInSenateDayOf>
        <introducedInSenate>1</introducedInSenate>
      </actionTypeCounts>
      <item>
        <actionDate>2017-01-20</actionDate>
        <committee />
        <links>
          <link>
            <name>S362</name>
            <url>https://www.congress.gov/congressional-record/volume-163/senate-section/page/S362</url>
          </link>
          <link>
            <name>S365</name>
            <url>https://www.congress.gov/congressional-record/volume-163/senate-section/page/S365</url>
          </link>
        </links>
        <sourceSystem>
          <name>Senate</name>
          <code>0</code>
        </sourceSystem>
        <text>Submitted in the Senate, considered, and agreed to without amendment by Unanimous Consent. (consideration: CR S365; text as passed Senate: CR S362)</text>
        <type>Floor</type>
      </item>
      <item>
        <actionDate>2017-01-20</actionDate>
        <text>Passed/agreed to in Senate: Submitted in the Senate, considered, and agreed to without amendment by Unanimous Consent.(consideration: CR S365; text as passed Senate: CR S362)</text>
        <sourceSystem>
          <name>Library of Congress</name>
          <code>9</code>
        </sourceSystem>
        <committee />
        <links>
          <link>
            <name>S362</name>
            <url>https://www.congress.gov/congressional-record/volume-163/senate-section/page/S362</url>
          </link>
          <link>
            <name>S365</name>
            <url>https://www.congress.gov/congressional-record/volume-163/senate-section/page/S365</url>
          </link>
        </links>
        <actionCode>17000</actionCode>
        <type>Floor</type>
      </item>
      <item>
        <actionDate>2017-01-20</actionDate>
        <text>Introduced in Senate</text>
        <sourceSystem>
          <name>Library of Congress</name>
          <code>9</code>
        </sourceSystem>
        <committee />
        <links />
        <actionCode>10000</actionCode>
        <type>IntroReferral</type>
      </item>
    </actions>
    <introducedDate>2017-01-20</introducedDate>
    <relatedBills>
      <item>
        <latestTitle>A resolution to constitute the majority party's membership on certain committees for the One Hundred Fifteenth Congress, or until their successors are chosen.</latestTitle>
        <number>4</number>
        <congress>115</congress>
        <latestAction>
          <actionDate>2017-01-03</actionDate>
          <text>Submitted in the Senate. Placed on Senate Legislative Calendar under Over, Under the Rule.</text>
        </latestAction>
        <type>SRES</type>
        <relationshipDetails>
          <item>
            <type>Related bill</type>
            <identifiedBy>CRS</identifiedBy>
          </item>
        </relationshipDetails>
      </item>
      <item>
        <latestTitle>A resolution to constitute the majority party's membership on certain committees for the One Hundred Fifteenth Congress, or until their successors are chosen.</latestTitle>
        <number>7</number>
        <congress>115</congress>
        <latestAction>
          <actionDate>2017-01-05</actionDate>
          <text>Submitted in the Senate, considered, and agreed to without amendment by Unanimous Consent. (consideration: CR S106; text as passed Senate: CR S117)</text>
        </latestAction>
        <type>SRES</type>
        <relationshipDetails>
          <item>
            <type>Related bill</type>
            <identifiedBy>CRS</identifiedBy>
          </item>
        </relationshipDetails>
      </item>
    </relatedBills>
    <committeeReports />
    <calendarNumbers />
    <billNumber>16</billNumber>
    <summaries>
      <billSummaries>
        <item>
          <updateDate>2017-01-20T05:00:00Z</updateDate>
          <actionDesc>Introduced in Senate</actionDesc>
          <versionCode>00</versionCode>
          <name>Introduced in Senate</name>
          <text><![CDATA[<p>Designates the majority party's membership on the Senate Committee on Rules and Administration for the 115th Congress.</p>]]></text>
          <lastSummaryUpdateDate>2017-03-16T18:43:30Z</lastSummaryUpdateDate>
          <actionDate>2017-01-20</actionDate>
        </item>
        <item>
          <updateDate>2017-01-20T14:15:18Z</updateDate>
          <actionDesc>Passed Senate without amendment</actionDesc>
          <versionCode>82</versionCode>
          <name>Passed Senate without amendment</name>
          <text><![CDATA[<p>(This measure has not been amended since it was introduced. The summary of that version is repeated here.)</p> <p>Designates the majority party's membership on the Senate Committee on Rules and Administration for the 115th Congress.</p>]]></text>
          <lastSummaryUpdateDate>2017-03-16T19:02:33Z</lastSummaryUpdateDate>
          <actionDate>2017-01-20</actionDate>
        </item>
      </billSummaries>
    </summaries>
    <cboCostEstimates />
    <updateDate>2018-02-06T16:43:56Z</updateDate>
    <policyArea>
      <name>Congress</name>
    </policyArea>
    <latestAction>
      <text>Submitted in the Senate, considered, and agreed to without amendment by Unanimous Consent. (consideration: CR S365; text as passed Senate: CR S362)</text>
      <actionDate>2017-01-20</actionDate>
      <links />
    </latestAction>
    <subjects>
      <billSubjects>
        <policyArea>
          <name>Congress</name>
        </policyArea>
        <legislativeSubjects>
          <item>
            <name>Congressional committees</name>
          </item>
          <item>
            <name>Members of Congress</name>
          </item>
          <item>
            <name>Senate</name>
          </item>
          <item>
            <name>Senate Committee on Rules and Administration</name>
          </item>
        </legislativeSubjects>
      </billSubjects>
    </subjects>
    <title>A resolution to constitute the majority party's membership on certain committees for the One Hundred Fifteenth Congress, or until their successors are chosen.</title>
    <version>1.0.0</version>
    <sponsors>
      <item>
        <byRequestType />
        <party>R</party>
        <fullName>Sen. McConnell, Mitch [R-KY]</fullName>
        <bioguideId>M000355</bioguideId>
        <state>KY</state>
        <lastName>MCCONNELL</lastName>
        <middleName />
        <firstName>MITCH</firstName>
        <identifiers>
          <gpoId>8254</gpoId>
          <bioguideId>M000355</bioguideId>
          <lisID>1395</lisID>
        </identifiers>
      </item>
    </sponsors>
    <notes />
    <createDate>2017-01-21T04:55:45Z</createDate>
    <originChamber>Senate</originChamber>
  </bill>
  <dublinCore xmlns:dc="http://purl.org/dc/elements/1.1/">
    <dc:format>text/xml</dc:format>
    <dc:language>EN</dc:language>
    <dc:rights>Pursuant to Title 17 Section 105 of the United States Code, this file is not subject to copyright protection and is in the public domain.</dc:rights>
    <dc:contributor>Congressional Research Service, Library of Congress</dc:contributor>
    <dc:description>This file contains bill summaries and statuses for federal legislation. A bill summary describes the most significant provisions of a piece of legislation and details the effects the legislative text may have on current law and federal programs. Bill summaries are authored by the Congressional Research Service (CRS) of the Library of Congress. As stated in Public Law 91-510 (2 USC 166 (d)(6)), one of the duties of CRS is "to prepare summaries and digests of bills and resolutions of a public general nature introduced in the Senate or House of Representatives". For more information, refer to the User Guide that accompanies this file.</dc:description>
  </dublinCore>
</billStatus>

