<?xml version="1.0" encoding="UTF-8"?>
<billStatus>
  <bill>
    <calendarNumbers />
    <billType>SRES</billType>
    <title>A resolution designating January 27, 2017, as "Earned Income Tax Credit Awareness Day".</title>
    <introducedDate>2017-01-30</introducedDate>
    <latestAction>
      <actionDate>2017-01-30</actionDate>
      <text>Referred to the Committee on the Judiciary.</text>
      <links />
    </latestAction>
    <titles>
      <item>
        <chamberName />
        <title>A resolution designating January 27, 2017, as "Earned Income Tax Credit Awareness Day".</title>
        <titleType>Official Title as Introduced</titleType>
        <chamberCode />
        <parentTitleType />
      </item>
      <item>
        <chamberName />
        <title>A resolution designating January 27, 2017, as "Earned Income Tax Credit Awareness Day".</title>
        <titleType>Display Title</titleType>
        <chamberCode />
        <parentTitleType />
      </item>
    </titles>
    <actions>
      <item>
        <actionDate>2017-01-30</actionDate>
        <committee>
          <systemCode>ssju00</systemCode>
          <name>Judiciary Committee</name>
        </committee>
        <links />
        <sourceSystem>
          <code>0</code>
          <name>Senate</name>
        </sourceSystem>
        <text>Referred to the Committee on the Judiciary.</text>
        <type>IntroReferral</type>
      </item>
      <item>
        <text>Introduced in Senate</text>
        <actionCode>10000</actionCode>
        <committee />
        <actionDate>2017-01-30</actionDate>
        <type>IntroReferral</type>
        <sourceSystem>
          <code>9</code>
          <name>Library of Congress</name>
        </sourceSystem>
        <links />
      </item>
      <actionByCounts>
        <senate>2</senate>
      </actionByCounts>
      <actionTypeCounts>
        <referredToCommittee>1</referredToCommittee>
        <introducedInSenate>1</introducedInSenate>
      </actionTypeCounts>
    </actions>
    <policyArea>
      <name>Taxation</name>
    </policyArea>
    <originChamber>Senate</originChamber>
    <subjects>
      <billSubjects>
        <legislativeSubjects>
          <item>
            <name>Commemorative events and holidays</name>
          </item>
          <item>
            <name>Income tax credits</name>
          </item>
          <item>
            <name>Poverty and welfare assistance</name>
          </item>
          <item>
            <name>Wages and earnings</name>
          </item>
        </legislativeSubjects>
        <policyArea>
          <name>Taxation</name>
        </policyArea>
      </billSubjects>
    </subjects>
    <recordedVotes />
    <cboCostEstimates />
    <billNumber>28</billNumber>
    <updateDate>2018-02-22T15:29:17Z</updateDate>
    <committeeReports />
    <notes />
    <laws />
    <createDate>2017-01-31T05:23:10Z</createDate>
    <summaries>
      <billSummaries>
        <item>
          <text><![CDATA[<p>Designates January 27, 2017, as Earned Income Tax Credit Awareness Day. Calls on federal, state, and local agencies; community organizations; nonprofit organizations; employers; and other partners to help increase awareness about the earned income tax credit and other refundable tax credits to ensure that all eligible workers have access to the full benefits of the credits.</p>]]></text>
          <versionCode>00</versionCode>
          <updateDate>2017-01-30T05:00:00Z</updateDate>
          <actionDate>2017-01-30</actionDate>
          <actionDesc>Introduced in Senate</actionDesc>
          <name>Introduced in Senate</name>
          <lastSummaryUpdateDate>2017-02-01T16:10:07Z</lastSummaryUpdateDate>
        </item>
      </billSummaries>
    </summaries>
    <amendments />
    <committees>
      <billCommittees>
        <item>
          <type>Standing</type>
          <activities>
            <item>
              <date>2017-01-30T21:53:40Z</date>
              <name>Referred to</name>
            </item>
          </activities>
          <chamber>Senate</chamber>
          <systemCode>ssju00</systemCode>
          <subcommittees />
          <name>Judiciary Committee</name>
        </item>
      </billCommittees>
    </committees>
    <cosponsors>
      <item>
        <lastName>BROWN</lastName>
        <fullName>Sen. Brown, Sherrod [D-OH]</fullName>
        <identifiers>
          <gpoId>8309</gpoId>
          <bioguideId>B000944</bioguideId>
          <lisID>136</lisID>
        </identifiers>
        <middleName />
        <bioguideId>B000944</bioguideId>
        <isOriginalCosponsor>True</isOriginalCosponsor>
        <sponsorshipWithdrawnDate />
        <state>OH</state>
        <firstName>SHERROD</firstName>
        <party>D</party>
        <sponsorshipDate>2017-01-30</sponsorshipDate>
      </item>
      <item>
        <lastName>Coons</lastName>
        <fullName>Sen. Coons, Christopher A. [D-DE]</fullName>
        <identifiers>
          <bioguideId>C001088</bioguideId>
          <lisID>1984</lisID>
          <gpoId>8297</gpoId>
        </identifiers>
        <middleName>A.</middleName>
        <bioguideId>C001088</bioguideId>
        <isOriginalCosponsor>True</isOriginalCosponsor>
        <sponsorshipWithdrawnDate />
        <state>DE</state>
        <firstName>Christopher</firstName>
        <party>D</party>
        <sponsorshipDate>2017-01-30</sponsorshipDate>
      </item>
      <item>
        <lastName>REED</lastName>
        <fullName>Sen. Reed, Jack [D-RI]</fullName>
        <identifiers>
          <bioguideId>R000122</bioguideId>
          <gpoId>8272</gpoId>
          <lisID>949</lisID>
        </identifiers>
        <middleName>F.</middleName>
        <bioguideId>R000122</bioguideId>
        <isOriginalCosponsor>True</isOriginalCosponsor>
        <sponsorshipWithdrawnDate />
        <state>RI</state>
        <firstName>JOHN</firstName>
        <party>D</party>
        <sponsorshipDate>2017-01-30</sponsorshipDate>
      </item>
      <item>
        <lastName>Shaheen</lastName>
        <fullName>Sen. Shaheen, Jeanne [D-NH]</fullName>
        <identifiers>
          <bioguideId>S001181</bioguideId>
          <gpoId>8276</gpoId>
          <lisID>1901</lisID>
        </identifiers>
        <middleName />
        <bioguideId>S001181</bioguideId>
        <isOriginalCosponsor>True</isOriginalCosponsor>
        <sponsorshipWithdrawnDate />
        <state>NH</state>
        <firstName>Jeanne</firstName>
        <party>D</party>
        <sponsorshipDate>2017-01-30</sponsorshipDate>
      </item>
      <item>
        <lastName>DURBIN</lastName>
        <fullName>Sen. Durbin, Richard J. [D-IL]</fullName>
        <identifiers>
          <bioguideId>D000563</bioguideId>
          <gpoId>8326</gpoId>
          <lisID>326</lisID>
        </identifiers>
        <middleName>J.</middleName>
        <bioguideId>D000563</bioguideId>
        <isOriginalCosponsor>True</isOriginalCosponsor>
        <sponsorshipWithdrawnDate />
        <state>IL</state>
        <firstName>RICHARD</firstName>
        <party>D</party>
        <sponsorshipDate>2017-01-30</sponsorshipDate>
      </item>
      <item>
        <lastName>Warren</lastName>
        <fullName>Sen. Warren, Elizabeth [D-MA]</fullName>
        <identifiers>
          <bioguideId>W000817</bioguideId>
          <gpoId />
          <lisID>2182</lisID>
        </identifiers>
        <middleName>A.</middleName>
        <bioguideId>W000817</bioguideId>
        <isOriginalCosponsor>True</isOriginalCosponsor>
        <sponsorshipWithdrawnDate />
        <state>MA</state>
        <firstName>Elizabeth</firstName>
        <party>D</party>
        <sponsorshipDate>2017-01-30</sponsorshipDate>
      </item>
      <item>
        <lastName>Booker</lastName>
        <fullName>Sen. Booker, Cory A. [D-NJ]</fullName>
        <identifiers>
          <bioguideId>B001288</bioguideId>
          <gpoId />
          <lisID>2194</lisID>
        </identifiers>
        <middleName>A.</middleName>
        <bioguideId>B001288</bioguideId>
        <isOriginalCosponsor>True</isOriginalCosponsor>
        <sponsorshipWithdrawnDate />
        <state>NJ</state>
        <firstName>Cory</firstName>
        <party>D</party>
        <sponsorshipDate>2017-01-30</sponsorshipDate>
      </item>
    </cosponsors>
    <congress>115</congress>
    <relatedBills />
    <version>1.0.0</version>
    <sponsors>
      <item>
        <lastName>BALDWIN</lastName>
        <identifiers>
          <gpoId>8215</gpoId>
          <bioguideId>B001230</bioguideId>
          <lisID>1558</lisID>
        </identifiers>
        <middleName />
        <bioguideId>B001230</bioguideId>
        <firstName>TAMMY</firstName>
        <byRequestType />
        <state>WI</state>
        <fullName>Sen. Baldwin, Tammy [D-WI]</fullName>
        <party>D</party>
      </item>
    </sponsors>
  </bill>
  <dublinCore xmlns:dc="http://purl.org/dc/elements/1.1/">
    <dc:format>text/xml</dc:format>
    <dc:language>EN</dc:language>
    <dc:rights>Pursuant to Title 17 Section 105 of the United States Code, this file is not subject to copyright protection and is in the public domain.</dc:rights>
    <dc:contributor>Congressional Research Service, Library of Congress</dc:contributor>
    <dc:description>This file contains bill summaries and statuses for federal legislation. A bill summary describes the most significant provisions of a piece of legislation and details the effects the legislative text may have on current law and federal programs. Bill summaries are authored by the Congressional Research Service (CRS) of the Library of Congress. As stated in Public Law 91-510 (2 USC 166 (d)(6)), one of the duties of CRS is "to prepare summaries and digests of bills and resolutions of a public general nature introduced in the Senate or House of Representatives". For more information, refer to the User Guide that accompanies this file.</dc:description>
  </dublinCore>
</billStatus>

