<?xml version="1.0" encoding="UTF-8"?>
<billStatus>
  <bill>
    <cboCostEstimates />
    <summaries>
      <billSummaries />
    </summaries>
    <billNumber>392</billNumber>
    <actions>
      <item>
        <actionDate>2018-02-06</actionDate>
        <committee>
          <systemCode>sscm00</systemCode>
          <name>Commerce, Science, and Transportation Committee</name>
        </committee>
        <links />
        <sourceSystem>
          <code>0</code>
          <name>Senate</name>
        </sourceSystem>
        <text>Referred to the Committee on Commerce, Science, and Transportation.</text>
        <type>IntroReferral</type>
      </item>
      <item>
        <actionCode>10000</actionCode>
        <actionDate>2018-02-06</actionDate>
        <committee />
        <links />
        <type>IntroReferral</type>
        <text>Introduced in Senate</text>
        <sourceSystem>
          <code>9</code>
          <name>Library of Congress</name>
        </sourceSystem>
      </item>
      <actionTypeCounts>
        <referredToCommittee>1</referredToCommittee>
        <introducedInSenate>1</introducedInSenate>
      </actionTypeCounts>
      <actionByCounts>
        <senate>2</senate>
      </actionByCounts>
    </actions>
    <recordedVotes />
    <relatedBills />
    <committeeReports />
    <congress>115</congress>
    <updateDate>2018-02-20T13:03:34Z</updateDate>
    <createDate>2018-02-07T00:26:00Z</createDate>
    <sponsors>
      <item>
        <firstName>Amy</firstName>
        <byRequestType />
        <bioguideId>K000367</bioguideId>
        <identifiers>
          <gpoId>8249</gpoId>
          <lisID>1826</lisID>
          <bioguideId>K000367</bioguideId>
        </identifiers>
        <state>MN</state>
        <fullName>Sen. Klobuchar, Amy [D-MN]</fullName>
        <lastName>Klobuchar</lastName>
        <middleName />
        <party>D</party>
      </item>
    </sponsors>
    <calendarNumbers />
    <latestAction>
      <links />
      <actionDate>2018-02-06</actionDate>
      <text>Referred to the Committee on Commerce, Science, and Transportation.</text>
    </latestAction>
    <laws />
    <subjects>
      <billSubjects>
        <policyArea>
          <name>Sports and Recreation</name>
        </policyArea>
        <legislativeSubjects />
      </billSubjects>
    </subjects>
    <policyArea>
      <name>Sports and Recreation</name>
    </policyArea>
    <committees>
      <billCommittees>
        <item>
          <name>Commerce, Science, and Transportation Committee</name>
          <subcommittees />
          <activities>
            <item>
              <name>Referred to</name>
              <date>2018-02-06T20:18:08Z</date>
            </item>
          </activities>
          <type>Standing</type>
          <chamber>Senate</chamber>
          <systemCode>sscm00</systemCode>
        </item>
      </billCommittees>
    </committees>
    <billType>SRES</billType>
    <version>1.0.0</version>
    <title>A resolution commemorating the success of the United States Olympic and Paralympic Teams in the past 23 Olympic Winter Games and 11 Paralympic Winter Games and supporting the United States Olympic and Paralympic Teams in the 2018 Olympic Winter Games and Paralympic Winter Games.</title>
    <cosponsors>
      <item>
        <identifiers>
          <lisID>1351</lisID>
          <gpoId>8314</gpoId>
          <bioguideId>H000338</bioguideId>
        </identifiers>
        <bioguideId>H000338</bioguideId>
        <lastName>HATCH</lastName>
        <isOriginalCosponsor>True</isOriginalCosponsor>
        <fullName>Sen. Hatch, Orrin G. [R-UT]</fullName>
        <middleName>GRANT</middleName>
        <sponsorshipWithdrawnDate />
        <state>UT</state>
        <party>R</party>
        <firstName>ORRIN</firstName>
        <sponsorshipDate>2018-02-06</sponsorshipDate>
      </item>
      <item>
        <identifiers>
          <lisID>1965</lisID>
          <gpoId>8302</gpoId>
          <bioguideId>B001267</bioguideId>
        </identifiers>
        <bioguideId>B001267</bioguideId>
        <lastName>Bennet</lastName>
        <isOriginalCosponsor>True</isOriginalCosponsor>
        <fullName>Sen. Bennet, Michael F. [D-CO]</fullName>
        <middleName>F.</middleName>
        <sponsorshipWithdrawnDate />
        <state>CO</state>
        <party>D</party>
        <firstName>Michael</firstName>
        <sponsorshipDate>2018-02-06</sponsorshipDate>
      </item>
      <item>
        <identifiers>
          <lisID>1608</lisID>
          <gpoId>8323</gpoId>
          <bioguideId>I000055</bioguideId>
        </identifiers>
        <bioguideId>I000055</bioguideId>
        <lastName>Isakson</lastName>
        <isOriginalCosponsor>True</isOriginalCosponsor>
        <fullName>Sen. Isakson, Johnny [R-GA]</fullName>
        <middleName />
        <sponsorshipWithdrawnDate />
        <state>GA</state>
        <party>R</party>
        <firstName>Johnny</firstName>
        <sponsorshipDate>2018-02-06</sponsorshipDate>
      </item>
      <item>
        <identifiers>
          <lisID>1534</lisID>
          <gpoId>8257</gpoId>
          <bioguideId>T000250</bioguideId>
        </identifiers>
        <bioguideId>T000250</bioguideId>
        <lastName>THUNE</lastName>
        <isOriginalCosponsor>True</isOriginalCosponsor>
        <fullName>Sen. Thune, John [R-SD]</fullName>
        <middleName>R.</middleName>
        <sponsorshipWithdrawnDate />
        <state>SD</state>
        <party>R</party>
        <firstName>JOHN</firstName>
        <sponsorshipDate>2018-02-06</sponsorshipDate>
      </item>
    </cosponsors>
    <amendments />
    <notes />
    <originChamber>Senate</originChamber>
    <titles>
      <item>
        <titleType>Official Title as Introduced</titleType>
        <parentTitleType />
        <title>A resolution commemorating the success of the United States Olympic and Paralympic Teams in the past 23 Olympic Winter Games and 11 Paralympic Winter Games and supporting the United States Olympic and Paralympic Teams in the 2018 Olympic Winter Games and Paralympic Winter Games.</title>
        <chamberCode />
        <chamberName />
      </item>
      <item>
        <titleType>Display Title</titleType>
        <parentTitleType />
        <title>A resolution commemorating the success of the United States Olympic and Paralympic Teams in the past 23 Olympic Winter Games and 11 Paralympic Winter Games and supporting the United States Olympic and Paralympic Teams in the 2018 Olympic Winter Games and Paralympic Winter Games.</title>
        <chamberCode />
        <chamberName />
      </item>
    </titles>
    <introducedDate>2018-02-06</introducedDate>
  </bill>
  <dublinCore xmlns:dc="http://purl.org/dc/elements/1.1/">
    <dc:format>text/xml</dc:format>
    <dc:language>EN</dc:language>
    <dc:rights>Pursuant to Title 17 Section 105 of the United States Code, this file is not subject to copyright protection and is in the public domain.</dc:rights>
    <dc:contributor>Congressional Research Service, Library of Congress</dc:contributor>
    <dc:description>This file contains bill summaries and statuses for federal legislation. A bill summary describes the most significant provisions of a piece of legislation and details the effects the legislative text may have on current law and federal programs. Bill summaries are authored by the Congressional Research Service (CRS) of the Library of Congress. As stated in Public Law 91-510 (2 USC 166 (d)(6)), one of the duties of CRS is "to prepare summaries and digests of bills and resolutions of a public general nature introduced in the Senate or House of Representatives". For more information, refer to the User Guide that accompanies this file.</dc:description>
  </dublinCore>
</billStatus>

