<?xml version="1.0" encoding="UTF-8"?>
<billStatus>
  <bill>
    <policyArea>
      <name>Congress</name>
    </policyArea>
    <introducedDate>2017-02-01</introducedDate>
    <cosponsors />
    <congress>115</congress>
    <recordedVotes />
    <amendments />
    <laws />
    <cboCostEstimates />
    <actions>
      <actionByCounts>
        <senate>4</senate>
      </actionByCounts>
      <item>
        <actionDate>2017-02-01</actionDate>
        <committee>
          <name>Rules and Administration Committee</name>
          <systemCode>ssra00</systemCode>
        </committee>
        <links>
          <link>
            <name>S601</name>
            <url>https://www.congress.gov/congressional-record/volume-163/senate-section/page/S601</url>
          </link>
        </links>
        <sourceSystem>
          <name>Senate</name>
          <code>0</code>
        </sourceSystem>
        <text>Referred to the Committee on Rules and Administration. (text of measure as introduced: CR S601)</text>
        <type>IntroReferral</type>
      </item>
      <item>
        <actionDate>2017-02-01</actionDate>
        <committee>
          <name>Indian Affairs Committee</name>
          <systemCode>slia00</systemCode>
        </committee>
        <links />
        <sourceSystem>
          <name>Senate</name>
          <code>0</code>
        </sourceSystem>
        <text>Committee on Indian Affairs. Original measure reported to Senate by Senator Hoeven. Without written report.</text>
        <type>Committee</type>
      </item>
      <item>
        <text>Committee on Indian Affairs. Original measure reported to Senate by Senator Hoeven. Without written report.</text>
        <type>Committee</type>
        <sourceSystem>
          <name>Library of Congress</name>
          <code>9</code>
        </sourceSystem>
        <committee>
          <name>Indian Affairs Committee</name>
          <systemCode>slia00</systemCode>
        </committee>
        <actionCode>14000</actionCode>
        <actionDate>2017-02-01</actionDate>
        <links />
      </item>
      <item>
        <text>Introduced in Senate</text>
        <type>IntroReferral</type>
        <sourceSystem>
          <name>Library of Congress</name>
          <code>9</code>
        </sourceSystem>
        <committee />
        <actionCode>10000</actionCode>
        <actionDate>2017-02-01</actionDate>
        <links />
      </item>
      <actionTypeCounts>
        <reportedToSenate>1</reportedToSenate>
        <referredToCommittee>1</referredToCommittee>
        <introducedInSenate>1</introducedInSenate>
        <originalBillReported>1</originalBillReported>
      </actionTypeCounts>
    </actions>
    <latestAction>
      <text>Referred to the Committee on Rules and Administration. (text of measure as introduced: CR S601)</text>
      <actionDate>2017-02-01</actionDate>
      <links />
    </latestAction>
    <titles>
      <item>
        <chamberCode />
        <chamberName />
        <parentTitleType />
        <titleType>Official Title as Introduced</titleType>
        <title>An original resolution authorizing expenditures by the Senate Committee on Indian Affairs.</title>
      </item>
      <item>
        <chamberCode />
        <chamberName />
        <parentTitleType />
        <titleType>Display Title</titleType>
        <title>An original resolution authorizing expenditures by the Senate Committee on Indian Affairs.</title>
      </item>
    </titles>
    <summaries>
      <billSummaries>
        <item>
          <text><![CDATA[<p>Authorizes expenditures by the Senate Committee on Indian Affairs for the 115th Congress.</p>]]></text>
          <actionDate>2017-02-01</actionDate>
          <updateDate>2017-02-01T05:00:00Z</updateDate>
          <lastSummaryUpdateDate>2017-03-03T23:42:37Z</lastSummaryUpdateDate>
          <name>Introduced in Senate</name>
          <actionDesc>Introduced in Senate</actionDesc>
          <versionCode>00</versionCode>
        </item>
        <item>
          <text><![CDATA[<p>(This measure has not been amended since it was introduced. The summary of that version is repeated here.)</p> <p>Authorizes expenditures by the Senate Committee on Indian Affairs for the 115th Congress.</p>]]></text>
          <actionDate>2017-02-01</actionDate>
          <updateDate>2017-02-01T14:43:39Z</updateDate>
          <lastSummaryUpdateDate>2017-03-03T23:42:48Z</lastSummaryUpdateDate>
          <name>Reported to Senate without amendment</name>
          <actionDesc>Reported to Senate without amendment</actionDesc>
          <versionCode>80</versionCode>
        </item>
      </billSummaries>
    </summaries>
    <title>An original resolution authorizing expenditures by the Senate Committee on Indian Affairs.</title>
    <calendarNumbers />
    <originChamber>Senate</originChamber>
    <updateDate>2018-02-06T16:43:57Z</updateDate>
    <notes />
    <billType>SRES</billType>
    <committees>
      <billCommittees>
        <item>
          <systemCode>ssra00</systemCode>
          <chamber>Senate</chamber>
          <type>Standing</type>
          <activities>
            <item>
              <name>Referred to</name>
              <date>2017-02-01T23:06:18Z</date>
            </item>
          </activities>
          <name>Rules and Administration Committee</name>
          <subcommittees />
        </item>
        <item>
          <systemCode>slia00</systemCode>
          <chamber>Senate</chamber>
          <type>Other</type>
          <activities>
            <item>
              <name>Reported original measure</name>
              <date>2017-02-01T23:06:01Z</date>
            </item>
          </activities>
          <name>Indian Affairs Committee</name>
          <subcommittees />
        </item>
      </billCommittees>
    </committees>
    <relatedBills />
    <committeeReports />
    <billNumber>36</billNumber>
    <sponsors>
      <item>
        <byRequestType />
        <state>ND</state>
        <bioguideId>H001061</bioguideId>
        <identifiers>
          <lisID>2079</lisID>
          <bioguideId>H001061</bioguideId>
          <gpoId>8331</gpoId>
        </identifiers>
        <fullName>Sen. Hoeven, John [R-ND]</fullName>
        <lastName>Hoeven</lastName>
        <firstName>John</firstName>
        <middleName />
        <party>R</party>
      </item>
    </sponsors>
    <createDate>2017-02-02T05:28:46Z</createDate>
    <version>1.0.0</version>
    <subjects>
      <billSubjects>
        <legislativeSubjects>
          <item>
            <name>Congressional committees</name>
          </item>
          <item>
            <name>Senate Committee on Indian Affairs</name>
          </item>
        </legislativeSubjects>
        <policyArea>
          <name>Congress</name>
        </policyArea>
      </billSubjects>
    </subjects>
  </bill>
  <dublinCore xmlns:dc="http://purl.org/dc/elements/1.1/">
    <dc:format>text/xml</dc:format>
    <dc:language>EN</dc:language>
    <dc:rights>Pursuant to Title 17 Section 105 of the United States Code, this file is not subject to copyright protection and is in the public domain.</dc:rights>
    <dc:contributor>Congressional Research Service, Library of Congress</dc:contributor>
    <dc:description>This file contains bill summaries and statuses for federal legislation. A bill summary describes the most significant provisions of a piece of legislation and details the effects the legislative text may have on current law and federal programs. Bill summaries are authored by the Congressional Research Service (CRS) of the Library of Congress. As stated in Public Law 91-510 (2 USC 166 (d)(6)), one of the duties of CRS is "to prepare summaries and digests of bills and resolutions of a public general nature introduced in the Senate or House of Representatives". For more information, refer to the User Guide that accompanies this file.</dc:description>
  </dublinCore>
</billStatus>

