<?xml version="1.0" encoding="UTF-8"?>
<billStatus>
  <bill>
    <notes />
    <sponsors>
      <item>
        <party>R</party>
        <fullName>Sen. Cruz, Ted [R-TX]</fullName>
        <lastName>Cruz</lastName>
        <middleName />
        <identifiers>
          <bioguideId>C001098</bioguideId>
          <lisID>2175</lisID>
          <gpoId />
        </identifiers>
        <firstName>Ted</firstName>
        <byRequestType />
        <bioguideId>C001098</bioguideId>
        <state>TX</state>
      </item>
    </sponsors>
    <policyArea>
      <name>International Affairs</name>
    </policyArea>
    <committees>
      <billCommittees>
        <item>
          <type>Standing</type>
          <chamber>Senate</chamber>
          <name>Foreign Relations Committee</name>
          <activities>
            <item>
              <name>Referred to</name>
              <date>2018-01-04T17:11:31Z</date>
            </item>
          </activities>
          <subcommittees />
          <systemCode>ssfr00</systemCode>
        </item>
      </billCommittees>
    </committees>
    <relatedBills>
      <item>
        <number>675</number>
        <latestAction>
          <text>Referred to the House Committee on Foreign Affairs.</text>
          <actionDate>2018-01-08</actionDate>
        </latestAction>
        <congress>115</congress>
        <relationshipDetails>
          <item>
            <type>Identical bill</type>
            <identifiedBy>CRS</identifiedBy>
          </item>
        </relationshipDetails>
        <latestTitle>Condemning the Government of Iran for its violence against demonstrators and calling for peaceful resolution to the concerns of the citizens of Iran.</latestTitle>
        <type>HRES</type>
      </item>
    </relatedBills>
    <titles>
      <item>
        <parentTitleType />
        <titleType>Official Title as Introduced</titleType>
        <chamberCode />
        <chamberName />
        <title>A resolution condemning the Government of Iran for its violence against demonstrators and calling for peaceful resolution to the concerns of the citizens of Iran.</title>
      </item>
      <item>
        <parentTitleType />
        <titleType>Display Title</titleType>
        <chamberCode />
        <chamberName />
        <title>A resolution condemning the Government of Iran for its violence against demonstrators and calling for peaceful resolution to the concerns of the citizens of Iran.</title>
      </item>
    </titles>
    <originChamber>Senate</originChamber>
    <congress>115</congress>
    <actions>
      <actionByCounts>
        <senate>2</senate>
      </actionByCounts>
      <item>
        <actionDate>2018-01-04</actionDate>
        <committee>
          <name>Foreign Relations Committee</name>
          <systemCode>ssfr00</systemCode>
        </committee>
        <links>
          <link>
            <url>https://www.congress.gov/congressional-record/volume-164/senate-section/page/S47</url>
            <name>S47</name>
          </link>
        </links>
        <sourceSystem>
          <name>Senate</name>
          <code>0</code>
        </sourceSystem>
        <text>Referred to the Committee on Foreign Relations. (text of measure as introduced: CR S47)</text>
        <type>IntroReferral</type>
      </item>
      <item>
        <links />
        <text>Introduced in Senate</text>
        <committee />
        <actionDate>2018-01-04</actionDate>
        <type>IntroReferral</type>
        <actionCode>10000</actionCode>
        <sourceSystem>
          <name>Library of Congress</name>
          <code>9</code>
        </sourceSystem>
      </item>
      <actionTypeCounts>
        <introducedInSenate>1</introducedInSenate>
        <referredToCommittee>1</referredToCommittee>
      </actionTypeCounts>
    </actions>
    <subjects>
      <billSubjects>
        <legislativeSubjects>
          <item>
            <name>Elections, voting, political campaign regulation</name>
          </item>
          <item>
            <name>Human rights</name>
          </item>
          <item>
            <name>Internet and video services</name>
          </item>
          <item>
            <name>Iran</name>
          </item>
          <item>
            <name>Middle East</name>
          </item>
          <item>
            <name>Protest and dissent</name>
          </item>
          <item>
            <name>Sovereignty, recognition, national governance and status</name>
          </item>
          <item>
            <name>Terrorism</name>
          </item>
        </legislativeSubjects>
        <policyArea>
          <name>International Affairs</name>
        </policyArea>
      </billSubjects>
    </subjects>
    <laws />
    <createDate>2018-01-05T00:41:04Z</createDate>
    <title>A resolution condemning the Government of Iran for its violence against demonstrators and calling for peaceful resolution to the concerns of the citizens of Iran.</title>
    <committeeReports />
    <billType>SRES</billType>
    <introducedDate>2018-01-04</introducedDate>
    <updateDate>2018-03-01T19:04:40Z</updateDate>
    <summaries>
      <billSummaries>
        <item>
          <versionCode>00</versionCode>
          <name>Introduced in Senate</name>
          <actionDate>2018-01-04</actionDate>
          <lastSummaryUpdateDate>2018-01-24T22:36:09Z</lastSummaryUpdateDate>
          <text><![CDATA[<p>Condemns the government of Iran for: (1) funding terrorist organizations and activities; (2) oppression of its citizens; and (3) suppression of communication through interference with internet applications such as Instagram, Facebook, Telegram, and Twitter. </p> <p>Reaffirms: (1) the U.S. commitment to promoting the freedoms of speech and assembly as universal rights, and (2) U.S. support for the citizens of Iran to establish a freely elected democratic system. </p>]]></text>
          <updateDate>2018-01-04T05:00:00Z</updateDate>
          <actionDesc>Introduced in Senate</actionDesc>
        </item>
      </billSummaries>
    </summaries>
    <cosponsors>
      <item>
        <bioguideId>F000463</bioguideId>
        <firstName>Deb</firstName>
        <sponsorshipWithdrawnDate />
        <lastName>Fischer</lastName>
        <state>NE</state>
        <party>R</party>
        <middleName />
        <isOriginalCosponsor>True</isOriginalCosponsor>
        <identifiers>
          <gpoId />
          <lisID>2179</lisID>
          <bioguideId>F000463</bioguideId>
        </identifiers>
        <fullName>Sen. Fischer, Deb [R-NE]</fullName>
        <sponsorshipDate>2018-01-04</sponsorshipDate>
      </item>
      <item>
        <bioguideId>L000174</bioguideId>
        <firstName>PATRICK</firstName>
        <sponsorshipWithdrawnDate />
        <lastName>LEAHY</lastName>
        <state>VT</state>
        <party>D</party>
        <middleName>JOSEPH</middleName>
        <isOriginalCosponsor>True</isOriginalCosponsor>
        <identifiers>
          <lisID>1383</lisID>
          <bioguideId>L000174</bioguideId>
          <gpoId>8244</gpoId>
        </identifiers>
        <fullName>Sen. Leahy, Patrick J. [D-VT]</fullName>
        <sponsorshipDate>2018-01-04</sponsorshipDate>
      </item>
      <item>
        <bioguideId>C001095</bioguideId>
        <firstName>Tom</firstName>
        <sponsorshipWithdrawnDate />
        <lastName>Cotton</lastName>
        <state>AR</state>
        <party>R</party>
        <middleName />
        <isOriginalCosponsor>True</isOriginalCosponsor>
        <identifiers>
          <bioguideId>C001095</bioguideId>
          <gpoId />
          <lisID>2098</lisID>
        </identifiers>
        <fullName>Sen. Cotton, Tom [R-AR]</fullName>
        <sponsorshipDate>2018-01-04</sponsorshipDate>
      </item>
      <item>
        <bioguideId>E000295</bioguideId>
        <firstName>Joni</firstName>
        <sponsorshipWithdrawnDate />
        <lastName>Ernst</lastName>
        <state>IA</state>
        <party>R</party>
        <middleName />
        <isOriginalCosponsor>True</isOriginalCosponsor>
        <identifiers>
          <gpoId />
          <lisID>2283</lisID>
          <bioguideId>E000295</bioguideId>
        </identifiers>
        <fullName>Sen. Ernst, Joni  [R-IA]</fullName>
        <sponsorshipDate>2018-01-04</sponsorshipDate>
      </item>
      <item>
        <bioguideId>I000055</bioguideId>
        <firstName>Johnny</firstName>
        <sponsorshipWithdrawnDate />
        <lastName>Isakson</lastName>
        <state>GA</state>
        <party>R</party>
        <middleName />
        <isOriginalCosponsor>True</isOriginalCosponsor>
        <identifiers>
          <lisID>1608</lisID>
          <gpoId>8323</gpoId>
          <bioguideId>I000055</bioguideId>
        </identifiers>
        <fullName>Sen. Isakson, Johnny [R-GA]</fullName>
        <sponsorshipDate>2018-01-04</sponsorshipDate>
      </item>
      <item>
        <bioguideId>I000024</bioguideId>
        <firstName>JIM</firstName>
        <sponsorshipWithdrawnDate />
        <lastName>INHOFE</lastName>
        <state>OK</state>
        <party>R</party>
        <middleName />
        <isOriginalCosponsor>True</isOriginalCosponsor>
        <identifiers>
          <gpoId>8322</gpoId>
          <lisID>583</lisID>
          <bioguideId>I000024</bioguideId>
        </identifiers>
        <fullName>Sen. Inhofe, James M. [R-OK]</fullName>
        <sponsorshipDate>2018-01-04</sponsorshipDate>
      </item>
      <item>
        <bioguideId>P000612</bioguideId>
        <firstName>David</firstName>
        <sponsorshipWithdrawnDate />
        <lastName>Perdue</lastName>
        <state>GA</state>
        <party>R</party>
        <middleName>Alfred</middleName>
        <isOriginalCosponsor>True</isOriginalCosponsor>
        <identifiers>
          <lisID>2286</lisID>
          <gpoId />
          <bioguideId>P000612</bioguideId>
        </identifiers>
        <fullName>Sen. Perdue, David [R-GA]</fullName>
        <sponsorshipDate>2018-01-04</sponsorshipDate>
      </item>
      <item>
        <bioguideId>C001056</bioguideId>
        <firstName>John</firstName>
        <sponsorshipWithdrawnDate />
        <lastName>Cornyn</lastName>
        <state>TX</state>
        <party>R</party>
        <middleName />
        <isOriginalCosponsor>False</isOriginalCosponsor>
        <identifiers>
          <bioguideId>C001056</bioguideId>
          <lisID>1692</lisID>
          <gpoId>8295</gpoId>
        </identifiers>
        <fullName>Sen. Cornyn, John [R-TX]</fullName>
        <sponsorshipDate>2018-01-10</sponsorshipDate>
      </item>
      <item>
        <bioguideId>B001261</bioguideId>
        <firstName>John</firstName>
        <sponsorshipWithdrawnDate />
        <lastName>Barrasso</lastName>
        <state>WY</state>
        <party>R</party>
        <middleName />
        <isOriginalCosponsor>False</isOriginalCosponsor>
        <identifiers>
          <gpoId>8300</gpoId>
          <lisID>1881</lisID>
          <bioguideId>B001261</bioguideId>
        </identifiers>
        <fullName>Sen. Barrasso, John [R-WY]</fullName>
        <sponsorshipDate>2018-01-10</sponsorshipDate>
      </item>
      <item>
        <bioguideId>L000577</bioguideId>
        <firstName>Mike</firstName>
        <sponsorshipWithdrawnDate />
        <lastName>Lee</lastName>
        <state>UT</state>
        <party>R</party>
        <middleName />
        <isOriginalCosponsor>False</isOriginalCosponsor>
        <identifiers>
          <lisID>2080</lisID>
          <bioguideId>L000577</bioguideId>
          <gpoId>8303</gpoId>
        </identifiers>
        <fullName>Sen. Lee, Mike [R-UT]</fullName>
        <sponsorshipDate>2018-01-11</sponsorshipDate>
      </item>
      <item>
        <bioguideId>S001184</bioguideId>
        <firstName>Tim</firstName>
        <sponsorshipWithdrawnDate />
        <lastName>Scott</lastName>
        <state>SC</state>
        <party>R</party>
        <middleName />
        <isOriginalCosponsor>False</isOriginalCosponsor>
        <identifiers>
          <bioguideId>S001184</bioguideId>
          <lisID>2056</lisID>
          <gpoId>8141</gpoId>
        </identifiers>
        <fullName>Sen. Scott, Tim [R-SC]</fullName>
        <sponsorshipDate>2018-01-16</sponsorshipDate>
      </item>
      <item>
        <bioguideId>R000605</bioguideId>
        <firstName>Mike</firstName>
        <sponsorshipWithdrawnDate />
        <lastName>Rounds</lastName>
        <state>SD</state>
        <party>R</party>
        <middleName />
        <isOriginalCosponsor>False</isOriginalCosponsor>
        <identifiers>
          <bioguideId>R000605</bioguideId>
          <lisID>2288</lisID>
          <gpoId />
        </identifiers>
        <fullName>Sen. Rounds, Mike  [R-SD]</fullName>
        <sponsorshipDate>2018-01-16</sponsorshipDate>
      </item>
      <item>
        <bioguideId>H000338</bioguideId>
        <firstName>ORRIN</firstName>
        <sponsorshipWithdrawnDate />
        <lastName>HATCH</lastName>
        <state>UT</state>
        <party>R</party>
        <middleName>GRANT</middleName>
        <isOriginalCosponsor>False</isOriginalCosponsor>
        <identifiers>
          <lisID>1351</lisID>
          <gpoId>8314</gpoId>
          <bioguideId>H000338</bioguideId>
        </identifiers>
        <fullName>Sen. Hatch, Orrin G. [R-UT]</fullName>
        <sponsorshipDate>2018-01-17</sponsorshipDate>
      </item>
      <item>
        <bioguideId>H001041</bioguideId>
        <firstName>Dean</firstName>
        <sponsorshipWithdrawnDate />
        <lastName>Heller</lastName>
        <state>NV</state>
        <party>R</party>
        <middleName />
        <isOriginalCosponsor>False</isOriginalCosponsor>
        <identifiers>
          <gpoId>8060</gpoId>
          <lisID>1863</lisID>
          <bioguideId>H001041</bioguideId>
        </identifiers>
        <fullName>Sen. Heller, Dean [R-NV]</fullName>
        <sponsorshipDate>2018-01-19</sponsorshipDate>
      </item>
      <item>
        <bioguideId>L000575</bioguideId>
        <firstName>James</firstName>
        <sponsorshipWithdrawnDate />
        <lastName>Lankford</lastName>
        <state>OK</state>
        <party>R</party>
        <middleName />
        <isOriginalCosponsor>False</isOriginalCosponsor>
        <identifiers>
          <gpoId>8113</gpoId>
          <lisID>2050</lisID>
          <bioguideId>L000575</bioguideId>
        </identifiers>
        <fullName>Sen. Lankford, James [R-OK]</fullName>
        <sponsorshipDate>2018-01-19</sponsorshipDate>
      </item>
    </cosponsors>
    <billNumber>367</billNumber>
    <recordedVotes />
    <version>1.0.0</version>
    <calendarNumbers />
    <cboCostEstimates />
    <amendments />
    <latestAction>
      <actionDate>2018-01-04</actionDate>
      <links />
      <text>Referred to the Committee on Foreign Relations. (text of measure as introduced: CR S47)</text>
    </latestAction>
  </bill>
  <dublinCore xmlns:dc="http://purl.org/dc/elements/1.1/">
    <dc:format>text/xml</dc:format>
    <dc:language>EN</dc:language>
    <dc:rights>Pursuant to Title 17 Section 105 of the United States Code, this file is not subject to copyright protection and is in the public domain.</dc:rights>
    <dc:contributor>Congressional Research Service, Library of Congress</dc:contributor>
    <dc:description>This file contains bill summaries and statuses for federal legislation. A bill summary describes the most significant provisions of a piece of legislation and details the effects the legislative text may have on current law and federal programs. Bill summaries are authored by the Congressional Research Service (CRS) of the Library of Congress. As stated in Public Law 91-510 (2 USC 166 (d)(6)), one of the duties of CRS is "to prepare summaries and digests of bills and resolutions of a public general nature introduced in the Senate or House of Representatives". For more information, refer to the User Guide that accompanies this file.</dc:description>
  </dublinCore>
</billStatus>

