<?xml version="1.0" encoding="UTF-8"?>
<billStatus>
  <bill>
    <billNumber>43</billNumber>
    <committeeReports />
    <originChamber>Senate</originChamber>
    <latestAction>
      <actionDate>2017-02-02</actionDate>
      <text>Submitted in the Senate, considered, and agreed to without amendment and with a preamble by Unanimous Consent. (consideration: CR S661; text as passed Senate: CR S660)</text>
      <links />
    </latestAction>
    <cboCostEstimates />
    <createDate>2017-02-03T05:17:29Z</createDate>
    <titles>
      <item>
        <chamberName />
        <parentTitleType />
        <title>A resolution recognizing January 2017 as National Mentoring Month.</title>
        <chamberCode />
        <titleType>Official Title as Introduced</titleType>
      </item>
      <item>
        <chamberName />
        <parentTitleType />
        <title>A resolution recognizing January 2017 as National Mentoring Month.</title>
        <chamberCode />
        <titleType>Display Title</titleType>
      </item>
    </titles>
    <updateDate>2018-02-22T15:29:18Z</updateDate>
    <notes />
    <title>A resolution recognizing January 2017 as National Mentoring Month.</title>
    <relatedBills>
      <item>
        <latestTitle>A resolution recognizing January 2018 as National Mentoring Month.</latestTitle>
        <latestAction>
          <actionDate>2018-02-06</actionDate>
          <text>Submitted in the Senate, considered, and agreed to without amendment and with a preamble by Unanimous Consent. (consideration: CR S657; text: CR S655)</text>
        </latestAction>
        <congress>115</congress>
        <number>394</number>
        <type>SRES</type>
        <relationshipDetails>
          <item>
            <type>Related bill</type>
            <identifiedBy>CRS</identifiedBy>
          </item>
        </relationshipDetails>
      </item>
      <item>
        <latestTitle>Recognizing January 2017 as "National Mentoring Month", and for other purposes.</latestTitle>
        <latestAction>
          <actionDate>2017-01-27</actionDate>
          <text>Referred to the House Committee on Education and the Workforce.</text>
        </latestAction>
        <congress>115</congress>
        <number>66</number>
        <type>HRES</type>
        <relationshipDetails>
          <item>
            <type>Related bill</type>
            <identifiedBy>CRS</identifiedBy>
          </item>
        </relationshipDetails>
      </item>
    </relatedBills>
    <laws />
    <congress>115</congress>
    <calendarNumbers />
    <introducedDate>2017-02-02</introducedDate>
    <actions>
      <actionByCounts>
        <senate>3</senate>
      </actionByCounts>
      <item>
        <actionDate>2017-02-02</actionDate>
        <committee />
        <links>
          <link>
            <url>https://www.congress.gov/congressional-record/volume-163/senate-section/page/S660</url>
            <name>S660</name>
          </link>
          <link>
            <url>https://www.congress.gov/congressional-record/volume-163/senate-section/page/S661</url>
            <name>S661</name>
          </link>
        </links>
        <sourceSystem>
          <code>0</code>
          <name>Senate</name>
        </sourceSystem>
        <text>Submitted in the Senate, considered, and agreed to without amendment and with a preamble by Unanimous Consent. (consideration: CR S661; text as passed Senate: CR S660)</text>
        <type>Floor</type>
      </item>
      <item>
        <actionDate>2017-02-02</actionDate>
        <text>Passed/agreed to in Senate: Submitted in the Senate, considered, and agreed to without amendment and with a preamble by Unanimous Consent.(consideration: CR S661; text as passed Senate: CR S660)</text>
        <sourceSystem>
          <code>9</code>
          <name>Library of Congress</name>
        </sourceSystem>
        <committee />
        <type>Floor</type>
        <actionCode>17000</actionCode>
        <links>
          <link>
            <url>https://www.congress.gov/congressional-record/volume-163/senate-section/page/S660</url>
            <name>S660</name>
          </link>
          <link>
            <url>https://www.congress.gov/congressional-record/volume-163/senate-section/page/S661</url>
            <name>S661</name>
          </link>
        </links>
      </item>
      <item>
        <actionDate>2017-02-02</actionDate>
        <text>Introduced in Senate</text>
        <sourceSystem>
          <code>9</code>
          <name>Library of Congress</name>
        </sourceSystem>
        <committee />
        <type>IntroReferral</type>
        <actionCode>10000</actionCode>
        <links />
      </item>
      <actionTypeCounts>
        <passedOrAgreedToInSenateDayOf>1</passedOrAgreedToInSenateDayOf>
        <introducedInSenate>1</introducedInSenate>
        <passedAgreedToInSenate>1</passedAgreedToInSenate>
      </actionTypeCounts>
    </actions>
    <version>1.0.0</version>
    <billType>SRES</billType>
    <committees>
      <billCommittees />
    </committees>
    <cosponsors>
      <item>
        <sponsorshipWithdrawnDate />
        <state>RI</state>
        <middleName />
        <bioguideId>W000802</bioguideId>
        <firstName>Sheldon</firstName>
        <lastName>Whitehouse</lastName>
        <identifiers>
          <bioguideId>W000802</bioguideId>
          <gpoId>8264</gpoId>
          <lisID>1823</lisID>
        </identifiers>
        <fullName>Sen. Whitehouse, Sheldon [D-RI]</fullName>
        <party>D</party>
        <isOriginalCosponsor>True</isOriginalCosponsor>
        <sponsorshipDate>2017-02-02</sponsorshipDate>
      </item>
      <item>
        <sponsorshipWithdrawnDate />
        <state>NJ</state>
        <middleName>A.</middleName>
        <bioguideId>B001288</bioguideId>
        <firstName>Cory</firstName>
        <lastName>Booker</lastName>
        <identifiers>
          <bioguideId>B001288</bioguideId>
          <gpoId />
          <lisID>2194</lisID>
        </identifiers>
        <fullName>Sen. Booker, Cory A. [D-NJ]</fullName>
        <party>D</party>
        <isOriginalCosponsor>True</isOriginalCosponsor>
        <sponsorshipDate>2017-02-02</sponsorshipDate>
      </item>
      <item>
        <sponsorshipWithdrawnDate />
        <state>OH</state>
        <middleName />
        <bioguideId>B000944</bioguideId>
        <firstName>SHERROD</firstName>
        <lastName>BROWN</lastName>
        <identifiers>
          <gpoId>8309</gpoId>
          <bioguideId>B000944</bioguideId>
          <lisID>136</lisID>
        </identifiers>
        <fullName>Sen. Brown, Sherrod [D-OH]</fullName>
        <party>D</party>
        <isOriginalCosponsor>True</isOriginalCosponsor>
        <sponsorshipDate>2017-02-02</sponsorshipDate>
      </item>
      <item>
        <sponsorshipWithdrawnDate />
        <state>WV</state>
        <middleName>MOORE</middleName>
        <bioguideId>C001047</bioguideId>
        <firstName>SHELLEY</firstName>
        <lastName>CAPITO</lastName>
        <identifiers>
          <bioguideId>C001047</bioguideId>
          <lisID>1676</lisID>
          <gpoId>8223</gpoId>
        </identifiers>
        <fullName>Sen. Capito, Shelley Moore [R-WV]</fullName>
        <party>R</party>
        <isOriginalCosponsor>True</isOriginalCosponsor>
        <sponsorshipDate>2017-02-02</sponsorshipDate>
      </item>
      <item>
        <sponsorshipWithdrawnDate />
        <state>TX</state>
        <middleName />
        <bioguideId>C001056</bioguideId>
        <firstName>John</firstName>
        <lastName>Cornyn</lastName>
        <identifiers>
          <bioguideId>C001056</bioguideId>
          <gpoId>8295</gpoId>
          <lisID>1692</lisID>
        </identifiers>
        <fullName>Sen. Cornyn, John [R-TX]</fullName>
        <party>R</party>
        <isOriginalCosponsor>True</isOriginalCosponsor>
        <sponsorshipDate>2017-02-02</sponsorshipDate>
      </item>
      <item>
        <sponsorshipWithdrawnDate />
        <state>OR</state>
        <middleName />
        <bioguideId>W000779</bioguideId>
        <firstName>RON</firstName>
        <lastName>WYDEN</lastName>
        <identifiers>
          <bioguideId>W000779</bioguideId>
          <lisID>1247</lisID>
          <gpoId>8265</gpoId>
        </identifiers>
        <fullName>Sen. Wyden, Ron [D-OR]</fullName>
        <party>D</party>
        <isOriginalCosponsor>True</isOriginalCosponsor>
        <sponsorshipDate>2017-02-02</sponsorshipDate>
      </item>
    </cosponsors>
    <subjects>
      <billSubjects>
        <legislativeSubjects>
          <item>
            <name>Child care and development</name>
          </item>
          <item>
            <name>Commemorative events and holidays</name>
          </item>
          <item>
            <name>Congressional tributes</name>
          </item>
          <item>
            <name>Educational guidance</name>
          </item>
          <item>
            <name>Elementary and secondary education</name>
          </item>
        </legislativeSubjects>
        <policyArea>
          <name>Education</name>
        </policyArea>
      </billSubjects>
    </subjects>
    <amendments />
    <summaries>
      <billSummaries>
        <item>
          <actionDesc>Introduced in Senate</actionDesc>
          <updateDate>2017-02-02T05:00:00Z</updateDate>
          <name>Introduced in Senate</name>
          <lastSummaryUpdateDate>2017-02-08T23:01:35Z</lastSummaryUpdateDate>
          <actionDate>2017-02-02</actionDate>
          <text><![CDATA[<p>Recognizes: (1) January 2017 as National Mentoring Month, and (2) the staff and volunteers at quality mentoring programs who help young people reach their full potential.</p> <p>Acknowledges that mentoring is beneficial in that it encourages educational achievement and self-confidence, reduces juvenile delinquency, improves life outcomes, and strengthens communities.</p> <p>Expresses support for: (1) the creation and expansion of quality mentoring programs across the United States, and (2) initiatives to increase the percentage of young people who have a mentor.</p>]]></text>
          <versionCode>00</versionCode>
        </item>
        <item>
          <actionDesc>Passed Senate without amendment</actionDesc>
          <updateDate>2017-02-02T13:06:34Z</updateDate>
          <name>Passed Senate without amendment</name>
          <lastSummaryUpdateDate>2017-02-08T23:04:48Z</lastSummaryUpdateDate>
          <actionDate>2017-02-02</actionDate>
          <text><![CDATA[<p>(This measure has not been amended since it was introduced. The summary of that version is repeated here.)</p> <p>Recognizes: (1) January 2017 as National Mentoring Month, and (2) the staff and volunteers at quality mentoring programs who help young people reach their full potential.</p> <p>Acknowledges that mentoring is beneficial in that it encourages educational achievement and self-confidence, reduces juvenile delinquency, improves life outcomes, and strengthens communities.</p> <p>Expresses support for: (1) the creation and expansion of quality mentoring programs across the United States, and (2) initiatives to increase the percentage of young people who have a mentor.</p>]]></text>
          <versionCode>82</versionCode>
        </item>
      </billSummaries>
    </summaries>
    <recordedVotes />
    <policyArea>
      <name>Education</name>
    </policyArea>
    <sponsors>
      <item>
        <byRequestType />
        <party>R</party>
        <middleName />
        <lastName>Isakson</lastName>
        <bioguideId>I000055</bioguideId>
        <fullName>Sen. Isakson, Johnny [R-GA]</fullName>
        <firstName>Johnny</firstName>
        <identifiers>
          <bioguideId>I000055</bioguideId>
          <lisID>1608</lisID>
          <gpoId>8323</gpoId>
        </identifiers>
        <state>GA</state>
      </item>
    </sponsors>
  </bill>
  <dublinCore xmlns:dc="http://purl.org/dc/elements/1.1/">
    <dc:format>text/xml</dc:format>
    <dc:language>EN</dc:language>
    <dc:rights>Pursuant to Title 17 Section 105 of the United States Code, this file is not subject to copyright protection and is in the public domain.</dc:rights>
    <dc:contributor>Congressional Research Service, Library of Congress</dc:contributor>
    <dc:description>This file contains bill summaries and statuses for federal legislation. A bill summary describes the most significant provisions of a piece of legislation and details the effects the legislative text may have on current law and federal programs. Bill summaries are authored by the Congressional Research Service (CRS) of the Library of Congress. As stated in Public Law 91-510 (2 USC 166 (d)(6)), one of the duties of CRS is "to prepare summaries and digests of bills and resolutions of a public general nature introduced in the Senate or House of Representatives". For more information, refer to the User Guide that accompanies this file.</dc:description>
  </dublinCore>
</billStatus>

