<?xml version="1.0" encoding="UTF-8"?>
<billStatus>
  <bill>
    <committeeReports />
    <originChamber>Senate</originChamber>
    <billNumber>22</billNumber>
    <actions>
      <item>
        <actionDate>2017-01-24</actionDate>
        <committee>
          <systemCode>ssra00</systemCode>
          <name>Rules and Administration Committee</name>
        </committee>
        <links>
          <link>
            <name>S452-453</name>
            <url>https://www.congress.gov/congressional-record/volume-163/senate-section/page/S452-453</url>
          </link>
        </links>
        <sourceSystem>
          <name>Senate</name>
          <code>0</code>
        </sourceSystem>
        <text>Referred to the Committee on Rules and Administration. (text of measure as introduced: CR S452-453)</text>
        <type>IntroReferral</type>
      </item>
      <item>
        <actionDate>2017-01-24</actionDate>
        <committee>
          <systemCode>ssbk00</systemCode>
          <name>Banking, Housing, and Urban Affairs Committee</name>
        </committee>
        <links />
        <sourceSystem>
          <name>Senate</name>
          <code>0</code>
        </sourceSystem>
        <text>Committee on Banking, Housing, and Urban Affairs. Original measure reported to Senate by Senator Crapo. Without written report.</text>
        <type>Committee</type>
      </item>
      <item>
        <sourceSystem>
          <name>Library of Congress</name>
          <code>9</code>
        </sourceSystem>
        <actionDate>2017-01-24</actionDate>
        <links />
        <text>Committee on Banking, Housing, and Urban Affairs. Original measure reported to Senate by Senator Crapo. Without written report.</text>
        <committee>
          <systemCode>ssbk00</systemCode>
          <name>Banking, Housing, and Urban Affairs Committee</name>
        </committee>
        <actionCode>14000</actionCode>
        <type>Committee</type>
      </item>
      <item>
        <sourceSystem>
          <name>Library of Congress</name>
          <code>9</code>
        </sourceSystem>
        <actionDate>2017-01-24</actionDate>
        <links />
        <text>Introduced in Senate</text>
        <committee />
        <actionCode>10000</actionCode>
        <type>IntroReferral</type>
      </item>
      <actionByCounts>
        <senate>4</senate>
      </actionByCounts>
      <actionTypeCounts>
        <originalBillReported>1</originalBillReported>
        <reportedToSenate>1</reportedToSenate>
        <referredToCommittee>1</referredToCommittee>
        <introducedInSenate>1</introducedInSenate>
      </actionTypeCounts>
    </actions>
    <calendarNumbers />
    <updateDate>2018-02-06T16:43:56Z</updateDate>
    <cosponsors />
    <notes />
    <subjects>
      <billSubjects>
        <policyArea>
          <name>Congress</name>
        </policyArea>
        <legislativeSubjects>
          <item>
            <name>Congressional committees</name>
          </item>
          <item>
            <name>Senate Committee on Banking, Housing, and Urban Affairs</name>
          </item>
        </legislativeSubjects>
      </billSubjects>
    </subjects>
    <committees>
      <billCommittees>
        <item>
          <systemCode>ssra00</systemCode>
          <name>Rules and Administration Committee</name>
          <type>Standing</type>
          <activities>
            <item>
              <name>Referred to</name>
              <date>2017-01-24T18:58:10Z</date>
            </item>
          </activities>
          <chamber>Senate</chamber>
          <subcommittees />
        </item>
        <item>
          <systemCode>ssbk00</systemCode>
          <name>Banking, Housing, and Urban Affairs Committee</name>
          <type>Standing</type>
          <activities>
            <item>
              <name>Reported original measure</name>
              <date>2017-01-24T18:57:00Z</date>
            </item>
          </activities>
          <chamber>Senate</chamber>
          <subcommittees />
        </item>
      </billCommittees>
    </committees>
    <version>1.0.0</version>
    <recordedVotes />
    <policyArea>
      <name>Congress</name>
    </policyArea>
    <cboCostEstimates />
    <introducedDate>2017-01-24</introducedDate>
    <title>An original resolution authorizing expenditures by the Committee on Banking, Housing, and Urban Affairs.</title>
    <amendments />
    <congress>115</congress>
    <billType>SRES</billType>
    <createDate>2017-01-25T04:45:56Z</createDate>
    <sponsors>
      <item>
        <lastName>CRAPO</lastName>
        <party>R</party>
        <state>ID</state>
        <bioguideId>C000880</bioguideId>
        <middleName>D.</middleName>
        <byRequestType />
        <fullName>Sen. Crapo, Mike [R-ID]</fullName>
        <firstName>MICHAEL</firstName>
        <identifiers>
          <bioguideId>C000880</bioguideId>
          <lisID>250</lisID>
          <gpoId>8289</gpoId>
        </identifiers>
      </item>
    </sponsors>
    <latestAction>
      <text>Referred to the Committee on Rules and Administration. (text of measure as introduced: CR S452-453)</text>
      <links />
      <actionDate>2017-01-24</actionDate>
    </latestAction>
    <relatedBills />
    <laws />
    <titles>
      <item>
        <chamberCode />
        <title>An original resolution authorizing expenditures by the Committee on Banking, Housing, and Urban Affairs.</title>
        <titleType>Official Title as Introduced</titleType>
        <parentTitleType />
        <chamberName />
      </item>
      <item>
        <chamberCode />
        <title>An original resolution authorizing expenditures by the Committee on Banking, Housing, and Urban Affairs.</title>
        <titleType>Display Title</titleType>
        <parentTitleType />
        <chamberName />
      </item>
    </titles>
    <summaries>
      <billSummaries>
        <item>
          <versionCode>00</versionCode>
          <actionDate>2017-01-24</actionDate>
          <updateDate>2017-01-24T05:00:00Z</updateDate>
          <text><![CDATA[<p>Authorizes expenditures by the Senate Committee on Banking, Housing, and Urban Affairs for the 115th Congress.</p> <p>Limits expenses of such committee to specified amounts from: (1) March 1, 2017, through September 30, 2017, (2) October 1, 2017, through September 30, 2018, and (3) October 1, 2018, through February 28, 2019.</p>]]></text>
          <actionDesc>Introduced in Senate</actionDesc>
          <name>Introduced in Senate</name>
          <lastSummaryUpdateDate>2017-03-16T19:09:46Z</lastSummaryUpdateDate>
        </item>
        <item>
          <versionCode>80</versionCode>
          <actionDate>2017-01-24</actionDate>
          <updateDate>2017-01-24T13:51:35Z</updateDate>
          <text><![CDATA[<p>(This measure has not been amended since it was introduced. The summary of that version is repeated here.)</p> <p>Authorizes expenditures by the Senate Committee on Banking, Housing, and Urban Affairs for the 115th Congress.</p> <p>Limits expenses of such committee to specified amounts from: (1) March 1, 2017, through September 30, 2017, (2) October 1, 2017, through September 30, 2018, and (3) October 1, 2018, through February 28, 2019.</p>]]></text>
          <actionDesc>Reported to Senate without amendment</actionDesc>
          <name>Reported to Senate without amendment</name>
          <lastSummaryUpdateDate>2017-03-16T19:08:37Z</lastSummaryUpdateDate>
        </item>
      </billSummaries>
    </summaries>
  </bill>
  <dublinCore xmlns:dc="http://purl.org/dc/elements/1.1/">
    <dc:format>text/xml</dc:format>
    <dc:language>EN</dc:language>
    <dc:rights>Pursuant to Title 17 Section 105 of the United States Code, this file is not subject to copyright protection and is in the public domain.</dc:rights>
    <dc:contributor>Congressional Research Service, Library of Congress</dc:contributor>
    <dc:description>This file contains bill summaries and statuses for federal legislation. A bill summary describes the most significant provisions of a piece of legislation and details the effects the legislative text may have on current law and federal programs. Bill summaries are authored by the Congressional Research Service (CRS) of the Library of Congress. As stated in Public Law 91-510 (2 USC 166 (d)(6)), one of the duties of CRS is "to prepare summaries and digests of bills and resolutions of a public general nature introduced in the Senate or House of Representatives". For more information, refer to the User Guide that accompanies this file.</dc:description>
  </dublinCore>
</billStatus>

