<?xml version="1.0" encoding="UTF-8"?>
<billStatus>
  <bill>
    <policyArea>
      <name>International Affairs</name>
    </policyArea>
    <introducedDate>2017-03-23</introducedDate>
    <cosponsors>
      <item>
        <isOriginalCosponsor>True</isOriginalCosponsor>
        <fullName>Sen. McCain, John [R-AZ]</fullName>
        <middleName>SIDNEY</middleName>
        <state>AZ</state>
        <sponsorshipDate>2017-03-23</sponsorshipDate>
        <firstName>JOHN</firstName>
        <bioguideId>M000303</bioguideId>
        <party>R</party>
        <lastName>MCCAIN</lastName>
        <sponsorshipWithdrawnDate />
        <identifiers>
          <lisID>754</lisID>
          <gpoId>8253</gpoId>
          <bioguideId>M000303</bioguideId>
        </identifiers>
      </item>
      <item>
        <isOriginalCosponsor>False</isOriginalCosponsor>
        <fullName>Sen. Murphy, Christopher [D-CT]</fullName>
        <middleName />
        <state>CT</state>
        <sponsorshipDate>2017-03-27</sponsorshipDate>
        <firstName>Christopher</firstName>
        <bioguideId>M001169</bioguideId>
        <party>D</party>
        <lastName>Murphy</lastName>
        <sponsorshipWithdrawnDate />
        <identifiers>
          <gpoId>7870</gpoId>
          <bioguideId>M001169</bioguideId>
          <lisID>1837</lisID>
        </identifiers>
      </item>
    </cosponsors>
    <congress>115</congress>
    <recordedVotes />
    <amendments />
    <laws />
    <cboCostEstimates />
    <actions>
      <item>
        <actionDate>2017-03-23</actionDate>
        <committee>
          <systemCode>ssfr00</systemCode>
          <name>Foreign Relations Committee</name>
        </committee>
        <links>
          <link>
            <name>S1977-1978</name>
            <url>https://www.congress.gov/congressional-record/volume-163/senate-section/page/S1977-1978</url>
          </link>
        </links>
        <sourceSystem>
          <name>Senate</name>
          <code>0</code>
        </sourceSystem>
        <text>Referred to the Committee on Foreign Relations. (text of measure as introduced: CR S1977-1978)</text>
        <type>IntroReferral</type>
      </item>
      <item>
        <sourceSystem>
          <name>Library of Congress</name>
          <code>9</code>
        </sourceSystem>
        <actionDate>2017-03-23</actionDate>
        <links />
        <text>Introduced in Senate</text>
        <committee />
        <actionCode>10000</actionCode>
        <type>IntroReferral</type>
      </item>
      <actionByCounts>
        <senate>2</senate>
      </actionByCounts>
      <actionTypeCounts>
        <referredToCommittee>1</referredToCommittee>
        <introducedInSenate>1</introducedInSenate>
      </actionTypeCounts>
    </actions>
    <latestAction>
      <text>Referred to the Committee on Foreign Relations. (text of measure as introduced: CR S1977-1978)</text>
      <actionDate>2017-03-23</actionDate>
      <links />
    </latestAction>
    <titles>
      <item>
        <titleType>Official Title as Introduced</titleType>
        <title>A resolution congratulating the European Union on the 60th anniversary of the signing of the Treaty of Rome, which established the European Economic Community and laid the foundation for decades of European peace and prosperity.</title>
        <chamberCode />
        <parentTitleType />
        <chamberName />
      </item>
      <item>
        <titleType>Display Title</titleType>
        <title>A resolution congratulating the European Union on the 60th anniversary of the signing of the Treaty of Rome, which established the European Economic Community and laid the foundation for decades of European peace and prosperity.</title>
        <chamberCode />
        <parentTitleType />
        <chamberName />
      </item>
    </titles>
    <summaries>
      <billSummaries>
        <item>
          <text><![CDATA[<p>Congratulates the European Union on the 60th anniversary of the signing of the Treaty of Rome, which established the European Economic Community.</p> <p>Commends the European Union for its role in spreading peace, prosperity, and stability and for its partnership with the United States.</p> <p>Recognizes the challenges the European Union, its transatlantic partners, and the broader global community face.</p> <p>Affirms the desire of the U.S. government to strengthen the transatlantic partnership with the European Union.</p>]]></text>
          <versionCode>00</versionCode>
          <actionDate>2017-03-23</actionDate>
          <name>Introduced in Senate</name>
          <actionDesc>Introduced in Senate</actionDesc>
          <lastSummaryUpdateDate>2017-07-08T12:55:27Z</lastSummaryUpdateDate>
          <updateDate>2017-03-23T04:00:00Z</updateDate>
        </item>
      </billSummaries>
    </summaries>
    <title>A resolution congratulating the European Union on the 60th anniversary of the signing of the Treaty of Rome, which established the European Economic Community and laid the foundation for decades of European peace and prosperity.</title>
    <calendarNumbers />
    <originChamber>Senate</originChamber>
    <updateDate>2018-02-06T16:44:01Z</updateDate>
    <notes />
    <billType>SRES</billType>
    <committees>
      <billCommittees>
        <item>
          <chamber>Senate</chamber>
          <name>Foreign Relations Committee</name>
          <systemCode>ssfr00</systemCode>
          <type>Standing</type>
          <subcommittees />
          <activities>
            <item>
              <name>Referred to</name>
              <date>2017-03-23T16:29:28Z</date>
            </item>
          </activities>
        </item>
      </billCommittees>
    </committees>
    <relatedBills />
    <committeeReports />
    <billNumber>93</billNumber>
    <sponsors>
      <item>
        <byRequestType />
        <state>NH</state>
        <bioguideId>S001181</bioguideId>
        <identifiers>
          <bioguideId>S001181</bioguideId>
          <lisID>1901</lisID>
          <gpoId>8276</gpoId>
        </identifiers>
        <fullName>Sen. Shaheen, Jeanne [D-NH]</fullName>
        <lastName>Shaheen</lastName>
        <firstName>Jeanne</firstName>
        <middleName />
        <party>D</party>
      </item>
    </sponsors>
    <createDate>2017-03-24T05:20:59Z</createDate>
    <version>1.0.0</version>
    <subjects>
      <billSubjects>
        <legislativeSubjects>
          <item>
            <name>Commemorative events and holidays</name>
          </item>
          <item>
            <name>Diplomacy, foreign officials, Americans abroad</name>
          </item>
          <item>
            <name>Europe</name>
          </item>
          <item>
            <name>European Union</name>
          </item>
          <item>
            <name>International law and treaties</name>
          </item>
          <item>
            <name>Political movements and philosophies</name>
          </item>
          <item>
            <name>Refugees, asylum, displaced persons</name>
          </item>
          <item>
            <name>Russia</name>
          </item>
          <item>
            <name>Terrorism</name>
          </item>
        </legislativeSubjects>
        <policyArea>
          <name>International Affairs</name>
        </policyArea>
      </billSubjects>
    </subjects>
  </bill>
  <dublinCore xmlns:dc="http://purl.org/dc/elements/1.1/">
    <dc:format>text/xml</dc:format>
    <dc:language>EN</dc:language>
    <dc:rights>Pursuant to Title 17 Section 105 of the United States Code, this file is not subject to copyright protection and is in the public domain.</dc:rights>
    <dc:contributor>Congressional Research Service, Library of Congress</dc:contributor>
    <dc:description>This file contains bill summaries and statuses for federal legislation. A bill summary describes the most significant provisions of a piece of legislation and details the effects the legislative text may have on current law and federal programs. Bill summaries are authored by the Congressional Research Service (CRS) of the Library of Congress. As stated in Public Law 91-510 (2 USC 166 (d)(6)), one of the duties of CRS is "to prepare summaries and digests of bills and resolutions of a public general nature introduced in the Senate or House of Representatives". For more information, refer to the User Guide that accompanies this file.</dc:description>
  </dublinCore>
</billStatus>

