<?xml version="1.0" encoding="UTF-8"?>
<billStatus>
  <bill>
    <committeeReports />
    <laws />
    <updateDate>2018-02-28T19:17:55Z</updateDate>
    <notes />
    <billNumber>401</billNumber>
    <introducedDate>2018-02-12</introducedDate>
    <calendarNumbers />
    <title>A resolution designating May 5, 2018 as the "National Day of Awareness for Missing and Murdered Native Women and Girls".</title>
    <originChamber>Senate</originChamber>
    <billType>SRES</billType>
    <actions>
      <actionByCounts>
        <senate>2</senate>
      </actionByCounts>
      <actionTypeCounts>
        <introducedInSenate>1</introducedInSenate>
        <referredToCommittee>1</referredToCommittee>
      </actionTypeCounts>
      <item>
        <actionDate>2018-02-12</actionDate>
        <committee>
          <name>Judiciary Committee</name>
          <systemCode>ssju00</systemCode>
        </committee>
        <links />
        <sourceSystem>
          <name>Senate</name>
          <code>0</code>
        </sourceSystem>
        <text>Referred to the Committee on the Judiciary.</text>
        <type>IntroReferral</type>
      </item>
      <item>
        <text>Introduced in Senate</text>
        <type>IntroReferral</type>
        <actionDate>2018-02-12</actionDate>
        <links />
        <actionCode>10000</actionCode>
        <committee />
        <sourceSystem>
          <name>Library of Congress</name>
          <code>9</code>
        </sourceSystem>
      </item>
    </actions>
    <version>1.0.0</version>
    <summaries>
      <billSummaries>
        <item>
          <actionDate>2018-02-12</actionDate>
          <actionDesc>Introduced in Senate</actionDesc>
          <lastSummaryUpdateDate>2018-02-21T21:14:10Z</lastSummaryUpdateDate>
          <name>Introduced in Senate</name>
          <versionCode>00</versionCode>
          <text><![CDATA[<p>Designates May 5, 2018, as the National Day of Awareness for Missing and Murdered Native Women and Girls.</p>]]></text>
          <updateDate>2018-02-12T05:00:00Z</updateDate>
        </item>
      </billSummaries>
    </summaries>
    <committees>
      <billCommittees>
        <item>
          <chamber>Senate</chamber>
          <name>Judiciary Committee</name>
          <systemCode>ssju00</systemCode>
          <activities>
            <item>
              <date>2018-02-12T22:23:09Z</date>
              <name>Referred to</name>
            </item>
          </activities>
          <type>Standing</type>
          <subcommittees />
        </item>
      </billCommittees>
    </committees>
    <createDate>2018-02-13T00:26:00Z</createDate>
    <subjects>
      <billSubjects>
        <policyArea>
          <name>Crime and Law Enforcement</name>
        </policyArea>
        <legislativeSubjects>
          <item>
            <name>Alaska Natives and Hawaiians</name>
          </item>
          <item>
            <name>Commemorative events and holidays</name>
          </item>
          <item>
            <name>Crime victims</name>
          </item>
          <item>
            <name>Crimes against women</name>
          </item>
          <item>
            <name>Indian social and development programs</name>
          </item>
          <item>
            <name>Violent crime</name>
          </item>
        </legislativeSubjects>
      </billSubjects>
    </subjects>
    <recordedVotes />
    <congress>115</congress>
    <relatedBills>
      <item>
        <type>HRES</type>
        <number>222</number>
        <latestTitle>Expressing support for designation of May 5, 2017, as "National Day of Awareness for Missing and Murdered Native Women and Girls".</latestTitle>
        <congress>115</congress>
        <relationshipDetails>
          <item>
            <type>Related bill</type>
            <identifiedBy>CRS</identifiedBy>
          </item>
        </relationshipDetails>
        <latestAction>
          <text>Referred to the Subcommittee on Indian, Insular and Alaska Native Affairs.</text>
          <actionDate>2017-03-27</actionDate>
        </latestAction>
      </item>
      <item>
        <type>SRES</type>
        <number>60</number>
        <latestTitle>A resolution designating May 5, 2017, as the "National Day of Awareness for Missing and Murdered Native Women and Girls".</latestTitle>
        <congress>115</congress>
        <relationshipDetails>
          <item>
            <type>Related bill</type>
            <identifiedBy>CRS</identifiedBy>
          </item>
        </relationshipDetails>
        <latestAction>
          <text>Resolution agreed to in Senate without amendment and with a preamble by Unanimous Consent. (consideration: CR S2728)</text>
          <actionDate>2017-05-03</actionDate>
        </latestAction>
      </item>
    </relatedBills>
    <titles>
      <item>
        <chamberName />
        <chamberCode />
        <parentTitleType />
        <titleType>Official Title as Introduced</titleType>
        <title>A resolution designating May 5, 2018 as the "National Day of Awareness for Missing and Murdered Native Women and Girls".</title>
      </item>
      <item>
        <chamberName />
        <chamberCode />
        <parentTitleType />
        <titleType>Display Title</titleType>
        <title>A resolution designating May 5, 2018 as the "National Day of Awareness for Missing and Murdered Native Women and Girls".</title>
      </item>
    </titles>
    <cboCostEstimates />
    <sponsors>
      <item>
        <lastName>Daines</lastName>
        <identifiers>
          <lisID>2138</lisID>
          <bioguideId>D000618</bioguideId>
          <gpoId />
        </identifiers>
        <party>R</party>
        <firstName>Steve</firstName>
        <middleName />
        <fullName>Sen. Daines, Steve [R-MT]</fullName>
        <bioguideId>D000618</bioguideId>
        <state>MT</state>
        <byRequestType />
      </item>
    </sponsors>
    <latestAction>
      <links />
      <actionDate>2018-02-12</actionDate>
      <text>Referred to the Committee on the Judiciary.</text>
    </latestAction>
    <amendments />
    <policyArea>
      <name>Crime and Law Enforcement</name>
    </policyArea>
    <cosponsors>
      <item>
        <lastName>Tester</lastName>
        <identifiers>
          <gpoId>8258</gpoId>
          <lisID>1829</lisID>
          <bioguideId>T000464</bioguideId>
        </identifiers>
        <party>D</party>
        <isOriginalCosponsor>True</isOriginalCosponsor>
        <middleName />
        <fullName>Sen. Tester, Jon [D-MT]</fullName>
        <firstName>Jon</firstName>
        <sponsorshipWithdrawnDate />
        <bioguideId>T000464</bioguideId>
        <state>MT</state>
        <sponsorshipDate>2018-02-12</sponsorshipDate>
      </item>
      <item>
        <lastName>Hoeven</lastName>
        <identifiers>
          <gpoId>8331</gpoId>
          <lisID>2079</lisID>
          <bioguideId>H001061</bioguideId>
        </identifiers>
        <party>R</party>
        <isOriginalCosponsor>True</isOriginalCosponsor>
        <middleName />
        <fullName>Sen. Hoeven, John [R-ND]</fullName>
        <firstName>John</firstName>
        <sponsorshipWithdrawnDate />
        <bioguideId>H001061</bioguideId>
        <state>ND</state>
        <sponsorshipDate>2018-02-12</sponsorshipDate>
      </item>
      <item>
        <lastName>UDALL</lastName>
        <identifiers>
          <lisID>1567</lisID>
          <bioguideId>U000039</bioguideId>
          <gpoId>8260</gpoId>
        </identifiers>
        <party>D</party>
        <isOriginalCosponsor>True</isOriginalCosponsor>
        <middleName />
        <fullName>Sen. Udall, Tom [D-NM]</fullName>
        <firstName>TOM</firstName>
        <sponsorshipWithdrawnDate />
        <bioguideId>U000039</bioguideId>
        <state>NM</state>
        <sponsorshipDate>2018-02-12</sponsorshipDate>
      </item>
      <item>
        <lastName>Gardner</lastName>
        <identifiers>
          <lisID>1998</lisID>
          <bioguideId>G000562</bioguideId>
          <gpoId>7862</gpoId>
        </identifiers>
        <party>R</party>
        <isOriginalCosponsor>True</isOriginalCosponsor>
        <middleName />
        <fullName>Sen. Gardner, Cory [R-CO]</fullName>
        <firstName>Cory</firstName>
        <sponsorshipWithdrawnDate />
        <bioguideId>G000562</bioguideId>
        <state>CO</state>
        <sponsorshipDate>2018-02-12</sponsorshipDate>
      </item>
      <item>
        <lastName>Heitkamp</lastName>
        <identifiers>
          <bioguideId>H001069</bioguideId>
          <gpoId />
          <lisID>2174</lisID>
        </identifiers>
        <party>D</party>
        <isOriginalCosponsor>True</isOriginalCosponsor>
        <middleName />
        <fullName>Sen. Heitkamp, Heidi [D-ND]</fullName>
        <firstName>Heidi</firstName>
        <sponsorshipWithdrawnDate />
        <bioguideId>H001069</bioguideId>
        <state>ND</state>
        <sponsorshipDate>2018-02-12</sponsorshipDate>
      </item>
      <item>
        <lastName>CRAPO</lastName>
        <identifiers>
          <lisID>250</lisID>
          <bioguideId>C000880</bioguideId>
          <gpoId>8289</gpoId>
        </identifiers>
        <party>R</party>
        <isOriginalCosponsor>True</isOriginalCosponsor>
        <middleName>D.</middleName>
        <fullName>Sen. Crapo, Mike [R-ID]</fullName>
        <firstName>MICHAEL</firstName>
        <sponsorshipWithdrawnDate />
        <bioguideId>C000880</bioguideId>
        <state>ID</state>
        <sponsorshipDate>2018-02-12</sponsorshipDate>
      </item>
      <item>
        <lastName>Rounds</lastName>
        <identifiers>
          <lisID>2288</lisID>
          <gpoId />
          <bioguideId>R000605</bioguideId>
        </identifiers>
        <party>R</party>
        <isOriginalCosponsor>True</isOriginalCosponsor>
        <middleName />
        <fullName>Sen. Rounds, Mike  [R-SD]</fullName>
        <firstName>Mike</firstName>
        <sponsorshipWithdrawnDate />
        <bioguideId>R000605</bioguideId>
        <state>SD</state>
        <sponsorshipDate>2018-02-12</sponsorshipDate>
      </item>
      <item>
        <lastName>Lankford</lastName>
        <identifiers>
          <lisID>2050</lisID>
          <bioguideId>L000575</bioguideId>
          <gpoId>8113</gpoId>
        </identifiers>
        <party>R</party>
        <isOriginalCosponsor>False</isOriginalCosponsor>
        <middleName />
        <fullName>Sen. Lankford, James [R-OK]</fullName>
        <firstName>James</firstName>
        <sponsorshipWithdrawnDate />
        <bioguideId>L000575</bioguideId>
        <state>OK</state>
        <sponsorshipDate>2018-02-13</sponsorshipDate>
      </item>
      <item>
        <lastName>Warren</lastName>
        <identifiers>
          <gpoId />
          <lisID>2182</lisID>
          <bioguideId>W000817</bioguideId>
        </identifiers>
        <party>D</party>
        <isOriginalCosponsor>False</isOriginalCosponsor>
        <middleName>A.</middleName>
        <fullName>Sen. Warren, Elizabeth [D-MA]</fullName>
        <firstName>Elizabeth</firstName>
        <sponsorshipWithdrawnDate />
        <bioguideId>W000817</bioguideId>
        <state>MA</state>
        <sponsorshipDate>2018-02-13</sponsorshipDate>
      </item>
    </cosponsors>
  </bill>
  <dublinCore xmlns:dc="http://purl.org/dc/elements/1.1/">
    <dc:format>text/xml</dc:format>
    <dc:language>EN</dc:language>
    <dc:rights>Pursuant to Title 17 Section 105 of the United States Code, this file is not subject to copyright protection and is in the public domain.</dc:rights>
    <dc:contributor>Congressional Research Service, Library of Congress</dc:contributor>
    <dc:description>This file contains bill summaries and statuses for federal legislation. A bill summary describes the most significant provisions of a piece of legislation and details the effects the legislative text may have on current law and federal programs. Bill summaries are authored by the Congressional Research Service (CRS) of the Library of Congress. As stated in Public Law 91-510 (2 USC 166 (d)(6)), one of the duties of CRS is "to prepare summaries and digests of bills and resolutions of a public general nature introduced in the Senate or House of Representatives". For more information, refer to the User Guide that accompanies this file.</dc:description>
  </dublinCore>
</billStatus>

