<?xml version="1.0" encoding="UTF-8"?>
<billStatus>
  <bill>
    <originChamber>Senate</originChamber>
    <introducedDate>2017-04-07</introducedDate>
    <cosponsors>
      <item>
        <identifiers>
          <lisID>2291</lisID>
          <bioguideId>T000476</bioguideId>
          <gpoId />
        </identifiers>
        <bioguideId>T000476</bioguideId>
        <sponsorshipDate>2017-04-07</sponsorshipDate>
        <middleName>Roland</middleName>
        <fullName>Sen. Tillis, Thom [R-NC]</fullName>
        <sponsorshipWithdrawnDate />
        <state>NC</state>
        <party>R</party>
        <firstName>Thomas</firstName>
        <isOriginalCosponsor>True</isOriginalCosponsor>
        <lastName>Tillis</lastName>
      </item>
    </cosponsors>
    <billType>SRES</billType>
    <recordedVotes />
    <laws />
    <committeeReports />
    <actions>
      <actionByCounts>
        <senate>6</senate>
      </actionByCounts>
      <actionTypeCounts>
        <referredToCommittee>1</referredToCommittee>
        <senateCommitteeDischarged>1</senateCommitteeDischarged>
        <agreedToInSenate>1</agreedToInSenate>
        <introducedInSenate>1</introducedInSenate>
        <passedAgreedToInSenate>1</passedAgreedToInSenate>
        <committeeDischarged>1</committeeDischarged>
      </actionTypeCounts>
      <item>
        <actionDate>2017-04-25</actionDate>
        <committee />
        <links />
        <sourceSystem>
          <code>0</code>
          <name>Senate</name>
        </sourceSystem>
        <text>Resolution agreed to in Senate without amendment and with a preamble by Unanimous Consent.</text>
        <type>Floor</type>
      </item>
      <item>
        <text>Passed/agreed to in Senate: Resolution agreed to in Senate without amendment and with a preamble by Unanimous Consent.</text>
        <links />
        <sourceSystem>
          <code>9</code>
          <name>Library of Congress</name>
        </sourceSystem>
        <actionCode>17000</actionCode>
        <type>Floor</type>
        <committee />
        <actionDate>2017-04-25</actionDate>
      </item>
      <item>
        <actionDate>2017-04-25</actionDate>
        <committee>
          <name>Commerce, Science, and Transportation Committee</name>
          <systemCode>sscm00</systemCode>
        </committee>
        <links>
          <link>
            <name>S2535-2536</name>
            <url>https://www.congress.gov/congressional-record/volume-163/senate-section/page/S2535-2536</url>
          </link>
        </links>
        <sourceSystem>
          <code>0</code>
          <name>Senate</name>
        </sourceSystem>
        <text>Senate Committee on Commerce, Science, and Transportation discharged by Unanimous Consent. (consideration: CR S2535-2536)</text>
        <type>Discharge</type>
      </item>
      <item>
        <text>Senate Committee on Commerce, Science, and Transportation discharged by Unanimous Consent.</text>
        <links />
        <sourceSystem>
          <code>9</code>
          <name>Library of Congress</name>
        </sourceSystem>
        <actionCode>14500</actionCode>
        <type>Committee</type>
        <committee>
          <name>Commerce, Science, and Transportation Committee</name>
          <systemCode>sscm00</systemCode>
        </committee>
        <actionDate>2017-04-25</actionDate>
      </item>
      <item>
        <actionDate>2017-04-07</actionDate>
        <committee>
          <name>Commerce, Science, and Transportation Committee</name>
          <systemCode>sscm00</systemCode>
        </committee>
        <links>
          <link>
            <name>S2461-2462</name>
            <url>https://www.congress.gov/congressional-record/volume-163/senate-section/page/S2461-2462</url>
          </link>
        </links>
        <sourceSystem>
          <code>0</code>
          <name>Senate</name>
        </sourceSystem>
        <text>Referred to the Committee on Commerce, Science, and Transportation. (text of measure as introduced: CR S2461-2462)</text>
        <type>IntroReferral</type>
      </item>
      <item>
        <text>Introduced in Senate</text>
        <links />
        <sourceSystem>
          <code>9</code>
          <name>Library of Congress</name>
        </sourceSystem>
        <actionCode>10000</actionCode>
        <type>IntroReferral</type>
        <committee />
        <actionDate>2017-04-07</actionDate>
      </item>
    </actions>
    <createDate>2017-04-08T00:41:45Z</createDate>
    <version>1.0.0</version>
    <notes />
    <latestAction>
      <actionDate>2017-04-25</actionDate>
      <text>Resolution agreed to in Senate without amendment and with a preamble by Unanimous Consent.</text>
      <links />
    </latestAction>
    <title>A resolution congratulating the University of North Carolina Tar Heels basketball team for winning the 2016-2017 National Collegiate Athletic Association men's basketball national championship.</title>
    <summaries>
      <billSummaries>
        <item>
          <lastSummaryUpdateDate>2017-04-28T13:38:19Z</lastSummaryUpdateDate>
          <updateDate>2017-04-07T04:00:00Z</updateDate>
          <versionCode>00</versionCode>
          <text><![CDATA[<p>Congratulates the University of North Carolina for winning the 2016-2017 National Collegiate Athletic Association men's basketball national championship.</p>]]></text>
          <name>Introduced in Senate</name>
          <actionDesc>Introduced in Senate</actionDesc>
          <actionDate>2017-04-07</actionDate>
        </item>
        <item>
          <lastSummaryUpdateDate>2017-04-28T13:38:29Z</lastSummaryUpdateDate>
          <updateDate>2017-04-25T13:05:51Z</updateDate>
          <versionCode>82</versionCode>
          <text><![CDATA[<p>(This measure has not been amended since it was introduced. The summary of that version is repeated here.)</p> <p>Congratulates the University of North Carolina for winning the 2016-2017 National Collegiate Athletic Association men's basketball national championship.</p>]]></text>
          <name>Passed Senate without amendment</name>
          <actionDesc>Passed Senate without amendment</actionDesc>
          <actionDate>2017-04-25</actionDate>
        </item>
      </billSummaries>
    </summaries>
    <congress>115</congress>
    <policyArea>
      <name>Sports and Recreation</name>
    </policyArea>
    <billNumber>133</billNumber>
    <calendarNumbers />
    <cboCostEstimates />
    <subjects>
      <billSubjects>
        <policyArea>
          <name>Sports and Recreation</name>
        </policyArea>
        <legislativeSubjects>
          <item>
            <name>Athletes</name>
          </item>
          <item>
            <name>Congressional tributes</name>
          </item>
          <item>
            <name>Higher education</name>
          </item>
          <item>
            <name>North Carolina</name>
          </item>
          <item>
            <name>School athletics</name>
          </item>
        </legislativeSubjects>
      </billSubjects>
    </subjects>
    <relatedBills />
    <committees>
      <billCommittees>
        <item>
          <subcommittees />
          <type>Standing</type>
          <systemCode>sscm00</systemCode>
          <activities>
            <item>
              <name>Discharged from</name>
              <date>2017-04-25T21:45:53Z</date>
            </item>
            <item>
              <name>Referred to</name>
              <date>2017-04-07T16:43:40Z</date>
            </item>
          </activities>
          <name>Commerce, Science, and Transportation Committee</name>
          <chamber>Senate</chamber>
        </item>
      </billCommittees>
    </committees>
    <titles>
      <item>
        <chamberName />
        <titleType>Official Title as Introduced</titleType>
        <title>A resolution congratulating the University of North Carolina Tar Heels basketball team for winning the 2016-2017 National Collegiate Athletic Association men's basketball national championship.</title>
        <parentTitleType />
        <chamberCode />
      </item>
      <item>
        <chamberName />
        <titleType>Display Title</titleType>
        <title>A resolution congratulating the University of North Carolina Tar Heels basketball team for winning the 2016-2017 National Collegiate Athletic Association men's basketball national championship.</title>
        <parentTitleType />
        <chamberCode />
      </item>
    </titles>
    <sponsors>
      <item>
        <fullName>Sen. Burr, Richard [R-NC]</fullName>
        <middleName />
        <state>NC</state>
        <byRequestType />
        <firstName>RICHARD</firstName>
        <bioguideId>B001135</bioguideId>
        <party>R</party>
        <lastName>BURR</lastName>
        <identifiers>
          <bioguideId>B001135</bioguideId>
          <lisID>153</lisID>
          <gpoId>8286</gpoId>
        </identifiers>
      </item>
    </sponsors>
    <updateDate>2018-02-06T16:44:05Z</updateDate>
    <amendments />
  </bill>
  <dublinCore xmlns:dc="http://purl.org/dc/elements/1.1/">
    <dc:format>text/xml</dc:format>
    <dc:language>EN</dc:language>
    <dc:rights>Pursuant to Title 17 Section 105 of the United States Code, this file is not subject to copyright protection and is in the public domain.</dc:rights>
    <dc:contributor>Congressional Research Service, Library of Congress</dc:contributor>
    <dc:description>This file contains bill summaries and statuses for federal legislation. A bill summary describes the most significant provisions of a piece of legislation and details the effects the legislative text may have on current law and federal programs. Bill summaries are authored by the Congressional Research Service (CRS) of the Library of Congress. As stated in Public Law 91-510 (2 USC 166 (d)(6)), one of the duties of CRS is "to prepare summaries and digests of bills and resolutions of a public general nature introduced in the Senate or House of Representatives". For more information, refer to the User Guide that accompanies this file.</dc:description>
  </dublinCore>
</billStatus>

