<?xml version="1.0" encoding="UTF-8"?>
<billStatus>
  <bill>
    <sponsors>
      <item>
        <fullName>Sen. Graham, Lindsey [R-SC]</fullName>
        <lastName>GRAHAM</lastName>
        <bioguideId>G000359</bioguideId>
        <party>R</party>
        <middleName>O.</middleName>
        <state>SC</state>
        <firstName>LINDSEY</firstName>
        <byRequestType />
        <identifiers>
          <lisID>452</lisID>
          <bioguideId>G000359</bioguideId>
          <gpoId>8335</gpoId>
        </identifiers>
      </item>
    </sponsors>
    <laws />
    <version>1.0.0</version>
    <introducedDate>2017-10-05</introducedDate>
    <cboCostEstimates />
    <titles>
      <item>
        <chamberCode />
        <title>A resolution designating October 8, 2017, as "National Hydrogen and Fuel Cell Day".</title>
        <titleType>Official Title as Introduced</titleType>
        <parentTitleType />
        <chamberName />
      </item>
      <item>
        <chamberCode />
        <title>A resolution designating October 8, 2017, as "National Hydrogen and Fuel Cell Day".</title>
        <titleType>Display Title</titleType>
        <parentTitleType />
        <chamberName />
      </item>
    </titles>
    <amendments />
    <recordedVotes />
    <relatedBills />
    <congress>115</congress>
    <billType>SRES</billType>
    <actions>
      <actionTypeCounts>
        <passedAgreedToInSenate>1</passedAgreedToInSenate>
        <introducedInSenate>1</introducedInSenate>
        <passedOrAgreedToInSenateDayOf>1</passedOrAgreedToInSenateDayOf>
      </actionTypeCounts>
      <item>
        <actionDate>2017-10-05</actionDate>
        <committee />
        <links>
          <link>
            <name>S6368</name>
            <url>https://www.congress.gov/congressional-record/volume-163/senate-section/page/S6368</url>
          </link>
          <link>
            <name>S6375</name>
            <url>https://www.congress.gov/congressional-record/volume-163/senate-section/page/S6375</url>
          </link>
        </links>
        <sourceSystem>
          <code>0</code>
          <name>Senate</name>
        </sourceSystem>
        <text>Submitted in the Senate, considered, and agreed to without amendment and with a preamble by Unanimous Consent. (consideration: CR S6375; text of measure as introduced: CR S6368)</text>
        <type>Floor</type>
      </item>
      <item>
        <type>Floor</type>
        <text>Passed/agreed to in Senate: Submitted in the Senate, considered, and agreed to without amendment and with a preamble by Unanimous Consent.(consideration: CR S6375; text of measure as introduced: CR S6368)</text>
        <links>
          <link>
            <name>S6368</name>
            <url>https://www.congress.gov/congressional-record/volume-163/senate-section/page/S6368</url>
          </link>
          <link>
            <name>S6375</name>
            <url>https://www.congress.gov/congressional-record/volume-163/senate-section/page/S6375</url>
          </link>
        </links>
        <committee />
        <sourceSystem>
          <code>9</code>
          <name>Library of Congress</name>
        </sourceSystem>
        <actionDate>2017-10-05</actionDate>
        <actionCode>17000</actionCode>
      </item>
      <item>
        <type>IntroReferral</type>
        <text>Introduced in Senate</text>
        <links />
        <committee />
        <sourceSystem>
          <code>9</code>
          <name>Library of Congress</name>
        </sourceSystem>
        <actionDate>2017-10-05</actionDate>
        <actionCode>10000</actionCode>
      </item>
      <actionByCounts>
        <senate>3</senate>
      </actionByCounts>
    </actions>
    <notes />
    <originChamber>Senate</originChamber>
    <title>A resolution designating October 8, 2017, as "National Hydrogen and Fuel Cell Day".</title>
    <billNumber>287</billNumber>
    <cosponsors>
      <item>
        <isOriginalCosponsor>True</isOriginalCosponsor>
        <fullName>Sen. Blumenthal, Richard [D-CT]</fullName>
        <middleName />
        <state>CT</state>
        <sponsorshipDate>2017-10-05</sponsorshipDate>
        <firstName>Richard</firstName>
        <bioguideId>B001277</bioguideId>
        <party>D</party>
        <lastName>Blumenthal</lastName>
        <sponsorshipWithdrawnDate />
        <identifiers>
          <lisID>2076</lisID>
          <gpoId>8332</gpoId>
          <bioguideId>B001277</bioguideId>
        </identifiers>
      </item>
      <item>
        <isOriginalCosponsor>True</isOriginalCosponsor>
        <fullName>Sen. Coons, Christopher A. [D-DE]</fullName>
        <middleName>A.</middleName>
        <state>DE</state>
        <sponsorshipDate>2017-10-05</sponsorshipDate>
        <firstName>Christopher</firstName>
        <bioguideId>C001088</bioguideId>
        <party>D</party>
        <lastName>Coons</lastName>
        <sponsorshipWithdrawnDate />
        <identifiers>
          <lisID>1984</lisID>
          <gpoId>8297</gpoId>
          <bioguideId>C001088</bioguideId>
        </identifiers>
      </item>
    </cosponsors>
    <summaries>
      <billSummaries>
        <item>
          <versionCode>00</versionCode>
          <actionDate>2017-10-05</actionDate>
          <updateDate>2017-10-05T04:00:00Z</updateDate>
          <text><![CDATA[<p>Designates October 8, 2017, as National Hydrogen and Fuel Cell Day.</p>]]></text>
          <actionDesc>Introduced in Senate</actionDesc>
          <name>Introduced in Senate</name>
          <lastSummaryUpdateDate>2017-10-12T20:02:23Z</lastSummaryUpdateDate>
        </item>
        <item>
          <versionCode>82</versionCode>
          <actionDate>2017-10-05</actionDate>
          <updateDate>2017-10-05T12:17:28Z</updateDate>
          <text><![CDATA[<p>(This measure has not been amended since it was introduced. The summary of that version is repeated here.)</p> <p>Designates October 8, 2017, as National Hydrogen and Fuel Cell Day.</p>]]></text>
          <actionDesc>Passed Senate without amendment</actionDesc>
          <name>Passed Senate without amendment</name>
          <lastSummaryUpdateDate>2017-12-22T18:39:19Z</lastSummaryUpdateDate>
        </item>
      </billSummaries>
    </summaries>
    <policyArea>
      <name>Energy</name>
    </policyArea>
    <latestAction>
      <links />
      <actionDate>2017-10-05</actionDate>
      <text>Submitted in the Senate, considered, and agreed to without amendment and with a preamble by Unanimous Consent. (consideration: CR S6375; text of measure as introduced: CR S6368)</text>
    </latestAction>
    <updateDate>2018-02-06T16:44:16Z</updateDate>
    <committees>
      <billCommittees />
    </committees>
    <createDate>2017-10-06T00:41:17Z</createDate>
    <subjects>
      <billSubjects>
        <legislativeSubjects>
          <item>
            <name>Alternative and renewable resources</name>
          </item>
          <item>
            <name>Commemorative events and holidays</name>
          </item>
          <item>
            <name>Energy storage, supplies, demand</name>
          </item>
        </legislativeSubjects>
        <policyArea>
          <name>Energy</name>
        </policyArea>
      </billSubjects>
    </subjects>
    <committeeReports />
    <calendarNumbers />
  </bill>
  <dublinCore xmlns:dc="http://purl.org/dc/elements/1.1/">
    <dc:format>text/xml</dc:format>
    <dc:language>EN</dc:language>
    <dc:rights>Pursuant to Title 17 Section 105 of the United States Code, this file is not subject to copyright protection and is in the public domain.</dc:rights>
    <dc:contributor>Congressional Research Service, Library of Congress</dc:contributor>
    <dc:description>This file contains bill summaries and statuses for federal legislation. A bill summary describes the most significant provisions of a piece of legislation and details the effects the legislative text may have on current law and federal programs. Bill summaries are authored by the Congressional Research Service (CRS) of the Library of Congress. As stated in Public Law 91-510 (2 USC 166 (d)(6)), one of the duties of CRS is "to prepare summaries and digests of bills and resolutions of a public general nature introduced in the Senate or House of Representatives". For more information, refer to the User Guide that accompanies this file.</dc:description>
  </dublinCore>
</billStatus>

