<?xml version="1.0" encoding="UTF-8"?>
<billStatus>
  <bill>
    <notes />
    <sponsors>
      <item>
        <party>D</party>
        <fullName>Sen. Cardin, Benjamin L. [D-MD]</fullName>
        <lastName>CARDIN</lastName>
        <middleName>L.</middleName>
        <identifiers>
          <gpoId>8287</gpoId>
          <lisID>174</lisID>
          <bioguideId>C000141</bioguideId>
        </identifiers>
        <firstName>BENJAMIN</firstName>
        <byRequestType />
        <bioguideId>C000141</bioguideId>
        <state>MD</state>
      </item>
    </sponsors>
    <policyArea>
      <name>Education</name>
    </policyArea>
    <committees>
      <billCommittees />
    </committees>
    <relatedBills />
    <titles>
      <item>
        <titleType>Official Title as Introduced</titleType>
        <chamberCode />
        <parentTitleType />
        <title>A resolution commemorating the 150th anniversary of Morgan State University.</title>
        <chamberName />
      </item>
      <item>
        <titleType>Display Title</titleType>
        <chamberCode />
        <parentTitleType />
        <title>A resolution commemorating the 150th anniversary of Morgan State University.</title>
        <chamberName />
      </item>
    </titles>
    <originChamber>Senate</originChamber>
    <congress>115</congress>
    <actions>
      <actionByCounts>
        <senate>3</senate>
      </actionByCounts>
      <actionTypeCounts>
        <passedOrAgreedToInSenateDayOf>1</passedOrAgreedToInSenateDayOf>
        <introducedInSenate>1</introducedInSenate>
        <passedAgreedToInSenate>1</passedAgreedToInSenate>
      </actionTypeCounts>
      <item>
        <actionDate>2017-10-18</actionDate>
        <committee />
        <links>
          <link>
            <name>S6537-6538</name>
            <url>https://www.congress.gov/congressional-record/volume-163/senate-section/page/S6537-6538</url>
          </link>
          <link>
            <name>S6590</name>
            <url>https://www.congress.gov/congressional-record/volume-163/senate-section/page/S6590</url>
          </link>
        </links>
        <sourceSystem>
          <code>0</code>
          <name>Senate</name>
        </sourceSystem>
        <text>Submitted in the Senate, considered, and agreed to without amendment and with a preamble by Unanimous Consent. (consideration: CR S6590; text: CR S6537-6538)</text>
        <type>Floor</type>
      </item>
      <item>
        <actionDate>2017-10-18</actionDate>
        <committee />
        <links>
          <link>
            <name>S6537-6538</name>
            <url>https://www.congress.gov/congressional-record/volume-163/senate-section/page/S6537-6538</url>
          </link>
          <link>
            <name>S6590</name>
            <url>https://www.congress.gov/congressional-record/volume-163/senate-section/page/S6590</url>
          </link>
        </links>
        <text>Passed/agreed to in Senate: Submitted in the Senate, considered, and agreed to without amendment and with a preamble by Unanimous Consent.(consideration: CR S6590; text: CR S6537-6538)</text>
        <type>Floor</type>
        <sourceSystem>
          <code>9</code>
          <name>Library of Congress</name>
        </sourceSystem>
        <actionCode>17000</actionCode>
      </item>
      <item>
        <actionDate>2017-10-18</actionDate>
        <committee />
        <links />
        <text>Introduced in Senate</text>
        <type>IntroReferral</type>
        <sourceSystem>
          <code>9</code>
          <name>Library of Congress</name>
        </sourceSystem>
        <actionCode>10000</actionCode>
      </item>
    </actions>
    <subjects>
      <billSubjects>
        <legislativeSubjects />
        <policyArea>
          <name>Education</name>
        </policyArea>
      </billSubjects>
    </subjects>
    <laws />
    <createDate>2017-10-19T00:41:17Z</createDate>
    <title>A resolution commemorating the 150th anniversary of Morgan State University.</title>
    <committeeReports />
    <billType>SRES</billType>
    <introducedDate>2017-10-18</introducedDate>
    <updateDate>2018-02-27T05:28:27Z</updateDate>
    <summaries>
      <billSummaries>
        <item>
          <versionCode>00</versionCode>
          <actionDate>2017-10-18</actionDate>
          <actionDesc>Introduced in Senate</actionDesc>
          <text><![CDATA[<p>Celebrates the history, legacy, and achievements of Morgan State University on its 150th anniversary.</p>]]></text>
          <lastSummaryUpdateDate>2018-02-21T22:54:39Z</lastSummaryUpdateDate>
          <name>Introduced in Senate</name>
          <updateDate>2017-10-18T04:00:00Z</updateDate>
        </item>
      </billSummaries>
    </summaries>
    <cosponsors>
      <item>
        <bioguideId>V000128</bioguideId>
        <firstName>Chris</firstName>
        <sponsorshipWithdrawnDate />
        <lastName>Van Hollen</lastName>
        <state>MD</state>
        <party>D</party>
        <middleName />
        <isOriginalCosponsor>True</isOriginalCosponsor>
        <identifiers>
          <lisID>1729</lisID>
          <gpoId>7983</gpoId>
          <bioguideId>V000128</bioguideId>
        </identifiers>
        <fullName>Sen. Van Hollen, Chris [D-MD]</fullName>
        <sponsorshipDate>2017-10-18</sponsorshipDate>
      </item>
    </cosponsors>
    <billNumber>293</billNumber>
    <recordedVotes />
    <version>1.0.0</version>
    <calendarNumbers />
    <cboCostEstimates />
    <amendments />
    <latestAction>
      <actionDate>2017-10-18</actionDate>
      <links />
      <text>Submitted in the Senate, considered, and agreed to without amendment and with a preamble by Unanimous Consent. (consideration: CR S6590; text: CR S6537-6538)</text>
    </latestAction>
  </bill>
  <dublinCore xmlns:dc="http://purl.org/dc/elements/1.1/">
    <dc:format>text/xml</dc:format>
    <dc:language>EN</dc:language>
    <dc:rights>Pursuant to Title 17 Section 105 of the United States Code, this file is not subject to copyright protection and is in the public domain.</dc:rights>
    <dc:contributor>Congressional Research Service, Library of Congress</dc:contributor>
    <dc:description>This file contains bill summaries and statuses for federal legislation. A bill summary describes the most significant provisions of a piece of legislation and details the effects the legislative text may have on current law and federal programs. Bill summaries are authored by the Congressional Research Service (CRS) of the Library of Congress. As stated in Public Law 91-510 (2 USC 166 (d)(6)), one of the duties of CRS is "to prepare summaries and digests of bills and resolutions of a public general nature introduced in the Senate or House of Representatives". For more information, refer to the User Guide that accompanies this file.</dc:description>
  </dublinCore>
</billStatus>

