<?xml version="1.0" encoding="UTF-8"?>
<billStatus>
  <bill>
    <calendarNumbers />
    <congress>115</congress>
    <titles>
      <item>
        <chamberName />
        <titleType>Official Title as Introduced</titleType>
        <title>A resolution recognizing the contributions of senior volunteers and designating the week of May 15 through 19, 2017, as "National Senior Corps Week".</title>
        <parentTitleType />
        <chamberCode />
      </item>
      <item>
        <chamberName />
        <titleType>Display Title</titleType>
        <title>A resolution recognizing the contributions of senior volunteers and designating the week of May 15 through 19, 2017, as "National Senior Corps Week".</title>
        <parentTitleType />
        <chamberCode />
      </item>
    </titles>
    <introducedDate>2017-05-16</introducedDate>
    <latestAction>
      <actionDate>2017-05-16</actionDate>
      <text>Submitted in the Senate, considered, and agreed to without amendment and with a preamble by Unanimous Consent. (consideration: CR S2968; text as passed Senate: CR S2968)</text>
      <links />
    </latestAction>
    <title>A resolution recognizing the contributions of senior volunteers and designating the week of May 15 through 19, 2017, as "National Senior Corps Week".</title>
    <subjects>
      <billSubjects>
        <policyArea>
          <name>Labor and Employment</name>
        </policyArea>
        <legislativeSubjects>
          <item>
            <name>Aging</name>
          </item>
          <item>
            <name>Commemorative events and holidays</name>
          </item>
          <item>
            <name>Corporation for National and Community Service</name>
          </item>
          <item>
            <name>National and community service</name>
          </item>
          <item>
            <name>Social work, volunteer service, charitable organizations</name>
          </item>
        </legislativeSubjects>
      </billSubjects>
    </subjects>
    <relatedBills>
      <item>
        <congress>115</congress>
        <latestTitle>Recognizing the contributions of senior volunteers.</latestTitle>
        <number>344</number>
        <type>HRES</type>
        <latestAction>
          <text>Referred to the House Committee on Education and the Workforce.</text>
          <actionDate>2017-05-19</actionDate>
        </latestAction>
        <relationshipDetails>
          <item>
            <type>Related bill</type>
            <identifiedBy>CRS</identifiedBy>
          </item>
        </relationshipDetails>
      </item>
    </relatedBills>
    <updateDate>2018-02-06T16:44:07Z</updateDate>
    <committeeReports />
    <notes />
    <recordedVotes />
    <amendments />
    <createDate>2017-05-17T00:26:38Z</createDate>
    <committees>
      <billCommittees />
    </committees>
    <cboCostEstimates />
    <billNumber>164</billNumber>
    <policyArea>
      <name>Labor and Employment</name>
    </policyArea>
    <version>1.0.0</version>
    <billType>SRES</billType>
    <originChamber>Senate</originChamber>
    <actions>
      <actionTypeCounts>
        <passedAgreedToInSenate>1</passedAgreedToInSenate>
        <passedOrAgreedToInSenateDayOf>1</passedOrAgreedToInSenateDayOf>
        <introducedInSenate>1</introducedInSenate>
      </actionTypeCounts>
      <item>
        <actionDate>2017-05-16</actionDate>
        <committee />
        <links>
          <link>
            <name>S2968</name>
            <url>https://www.congress.gov/congressional-record/volume-163/senate-section/page/S2968</url>
          </link>
        </links>
        <sourceSystem>
          <name>Senate</name>
          <code>0</code>
        </sourceSystem>
        <text>Submitted in the Senate, considered, and agreed to without amendment and with a preamble by Unanimous Consent. (consideration: CR S2968; text as passed Senate: CR S2968)</text>
        <type>Floor</type>
      </item>
      <item>
        <type>Floor</type>
        <links>
          <link>
            <name>S2968</name>
            <url>https://www.congress.gov/congressional-record/volume-163/senate-section/page/S2968</url>
          </link>
        </links>
        <text>Passed/agreed to in Senate: Submitted in the Senate, considered, and agreed to without amendment and with a preamble by Unanimous Consent.(consideration: CR S2968; text as passed Senate: CR S2968)</text>
        <committee />
        <actionDate>2017-05-16</actionDate>
        <sourceSystem>
          <name>Library of Congress</name>
          <code>9</code>
        </sourceSystem>
        <actionCode>17000</actionCode>
      </item>
      <item>
        <type>IntroReferral</type>
        <links />
        <text>Introduced in Senate</text>
        <committee />
        <actionDate>2017-05-16</actionDate>
        <sourceSystem>
          <name>Library of Congress</name>
          <code>9</code>
        </sourceSystem>
        <actionCode>10000</actionCode>
      </item>
      <actionByCounts>
        <senate>3</senate>
      </actionByCounts>
    </actions>
    <sponsors>
      <item>
        <bioguideId>W000802</bioguideId>
        <party>D</party>
        <firstName>Sheldon</firstName>
        <middleName />
        <byRequestType />
        <fullName>Sen. Whitehouse, Sheldon [D-RI]</fullName>
        <identifiers>
          <gpoId>8264</gpoId>
          <bioguideId>W000802</bioguideId>
          <lisID>1823</lisID>
        </identifiers>
        <lastName>Whitehouse</lastName>
        <state>RI</state>
      </item>
    </sponsors>
    <summaries>
      <billSummaries>
        <item>
          <text><![CDATA[<p>Designates the week of May 15-May 19, 2017, as National Senior Corps Week.</p> <p>Encourages the people of the United States to recognize the contributions of senior volunteers and join in the celebration of National Senior Corps Week.</p>]]></text>
          <name>Introduced in Senate</name>
          <lastSummaryUpdateDate>2017-05-31T22:02:10Z</lastSummaryUpdateDate>
          <versionCode>00</versionCode>
          <actionDesc>Introduced in Senate</actionDesc>
          <updateDate>2017-05-16T04:00:00Z</updateDate>
          <actionDate>2017-05-16</actionDate>
        </item>
        <item>
          <text><![CDATA[<p>(This measure has not been amended since it was introduced. The summary of that version is repeated here.)</p> <p>Designates the week of May 15-May 19, 2017, as National Senior Corps Week.</p> <p>Encourages the people of the United States to recognize the contributions of senior volunteers and join in the celebration of National Senior Corps Week.</p>]]></text>
          <name>Passed Senate without amendment</name>
          <lastSummaryUpdateDate>2017-05-31T22:02:21Z</lastSummaryUpdateDate>
          <versionCode>82</versionCode>
          <actionDesc>Passed Senate without amendment</actionDesc>
          <updateDate>2017-05-16T17:10:42Z</updateDate>
          <actionDate>2017-05-16</actionDate>
        </item>
      </billSummaries>
    </summaries>
    <laws />
    <cosponsors>
      <item>
        <fullName>Sen. Cassidy, Bill [R-LA]</fullName>
        <lastName>Cassidy</lastName>
        <bioguideId>C001075</bioguideId>
        <isOriginalCosponsor>True</isOriginalCosponsor>
        <middleName />
        <state>LA</state>
        <firstName>Bill</firstName>
        <sponsorshipDate>2017-05-16</sponsorshipDate>
        <sponsorshipWithdrawnDate />
        <party>R</party>
        <identifiers>
          <bioguideId>C001075</bioguideId>
          <lisID>1925</lisID>
          <gpoId>7964</gpoId>
        </identifiers>
      </item>
      <item>
        <fullName>Sen. Durbin, Richard J. [D-IL]</fullName>
        <lastName>DURBIN</lastName>
        <bioguideId>D000563</bioguideId>
        <isOriginalCosponsor>True</isOriginalCosponsor>
        <middleName>J.</middleName>
        <state>IL</state>
        <firstName>RICHARD</firstName>
        <sponsorshipDate>2017-05-16</sponsorshipDate>
        <sponsorshipWithdrawnDate />
        <party>D</party>
        <identifiers>
          <lisID>326</lisID>
          <gpoId>8326</gpoId>
          <bioguideId>D000563</bioguideId>
        </identifiers>
      </item>
      <item>
        <fullName>Sen. Feinstein, Dianne [D-CA]</fullName>
        <lastName>FEINSTEIN</lastName>
        <bioguideId>F000062</bioguideId>
        <isOriginalCosponsor>True</isOriginalCosponsor>
        <middleName />
        <state>CA</state>
        <firstName>DIANNE</firstName>
        <sponsorshipDate>2017-05-16</sponsorshipDate>
        <sponsorshipWithdrawnDate />
        <party>D</party>
        <identifiers>
          <gpoId>8338</gpoId>
          <bioguideId>F000062</bioguideId>
          <lisID>1332</lisID>
        </identifiers>
      </item>
      <item>
        <fullName>Sen. Baldwin, Tammy [D-WI]</fullName>
        <lastName>BALDWIN</lastName>
        <bioguideId>B001230</bioguideId>
        <isOriginalCosponsor>True</isOriginalCosponsor>
        <middleName />
        <state>WI</state>
        <firstName>TAMMY</firstName>
        <sponsorshipDate>2017-05-16</sponsorshipDate>
        <sponsorshipWithdrawnDate />
        <party>D</party>
        <identifiers>
          <lisID>1558</lisID>
          <gpoId>8215</gpoId>
          <bioguideId>B001230</bioguideId>
        </identifiers>
      </item>
      <item>
        <fullName>Sen. Collins, Susan M. [R-ME]</fullName>
        <lastName>COLLINS</lastName>
        <bioguideId>C001035</bioguideId>
        <isOriginalCosponsor>True</isOriginalCosponsor>
        <middleName>MARGARET</middleName>
        <state>ME</state>
        <firstName>SUSAN</firstName>
        <sponsorshipDate>2017-05-16</sponsorshipDate>
        <sponsorshipWithdrawnDate />
        <party>R</party>
        <identifiers>
          <bioguideId>C001035</bioguideId>
          <lisID>1541</lisID>
          <gpoId>8291</gpoId>
        </identifiers>
      </item>
      <item>
        <fullName>Sen. Hirono, Mazie K. [D-HI]</fullName>
        <lastName>Hirono</lastName>
        <bioguideId>H001042</bioguideId>
        <isOriginalCosponsor>True</isOriginalCosponsor>
        <middleName>K.</middleName>
        <state>HI</state>
        <firstName>Mazie</firstName>
        <sponsorshipDate>2017-05-16</sponsorshipDate>
        <sponsorshipWithdrawnDate />
        <party>D</party>
        <identifiers>
          <lisID>1844</lisID>
          <gpoId>7913</gpoId>
          <bioguideId>H001042</bioguideId>
        </identifiers>
      </item>
      <item>
        <fullName>Sen. Warren, Elizabeth [D-MA]</fullName>
        <lastName>Warren</lastName>
        <bioguideId>W000817</bioguideId>
        <isOriginalCosponsor>True</isOriginalCosponsor>
        <middleName>A.</middleName>
        <state>MA</state>
        <firstName>Elizabeth</firstName>
        <sponsorshipDate>2017-05-16</sponsorshipDate>
        <sponsorshipWithdrawnDate />
        <party>D</party>
        <identifiers>
          <bioguideId>W000817</bioguideId>
          <gpoId />
          <lisID>2182</lisID>
        </identifiers>
      </item>
      <item>
        <fullName>Sen. Hassan, Margaret Wood [D-NH]</fullName>
        <lastName>Hassan</lastName>
        <bioguideId>H001076</bioguideId>
        <isOriginalCosponsor>True</isOriginalCosponsor>
        <middleName>Wood</middleName>
        <state>NH</state>
        <firstName>Margaret</firstName>
        <sponsorshipDate>2017-05-16</sponsorshipDate>
        <sponsorshipWithdrawnDate />
        <party>D</party>
        <identifiers>
          <lisID>2302</lisID>
          <gpoId />
          <bioguideId>H001076</bioguideId>
        </identifiers>
      </item>
      <item>
        <fullName>Sen. Blunt, Roy [R-MO]</fullName>
        <lastName>Blunt</lastName>
        <bioguideId>B000575</bioguideId>
        <isOriginalCosponsor>True</isOriginalCosponsor>
        <middleName />
        <state>MO</state>
        <firstName>Roy</firstName>
        <sponsorshipDate>2017-05-16</sponsorshipDate>
        <sponsorshipWithdrawnDate />
        <party>R</party>
        <identifiers>
          <bioguideId>B000575</bioguideId>
          <lisID>1464</lisID>
          <gpoId>8313</gpoId>
        </identifiers>
      </item>
      <item>
        <fullName>Sen. King, Angus S., Jr. [I-ME]</fullName>
        <lastName>King</lastName>
        <bioguideId>K000383</bioguideId>
        <isOriginalCosponsor>True</isOriginalCosponsor>
        <middleName />
        <state>ME</state>
        <firstName>Angus</firstName>
        <sponsorshipDate>2017-05-16</sponsorshipDate>
        <sponsorshipWithdrawnDate />
        <party>I</party>
        <identifiers>
          <gpoId />
          <lisID>2185</lisID>
          <bioguideId>K000383</bioguideId>
        </identifiers>
      </item>
      <item>
        <fullName>Sen. Coons, Christopher A. [D-DE]</fullName>
        <lastName>Coons</lastName>
        <bioguideId>C001088</bioguideId>
        <isOriginalCosponsor>True</isOriginalCosponsor>
        <middleName>A.</middleName>
        <state>DE</state>
        <firstName>Christopher</firstName>
        <sponsorshipDate>2017-05-16</sponsorshipDate>
        <sponsorshipWithdrawnDate />
        <party>D</party>
        <identifiers>
          <lisID>1984</lisID>
          <bioguideId>C001088</bioguideId>
          <gpoId>8297</gpoId>
        </identifiers>
      </item>
      <item>
        <fullName>Sen. Shaheen, Jeanne [D-NH]</fullName>
        <lastName>Shaheen</lastName>
        <bioguideId>S001181</bioguideId>
        <isOriginalCosponsor>True</isOriginalCosponsor>
        <middleName />
        <state>NH</state>
        <firstName>Jeanne</firstName>
        <sponsorshipDate>2017-05-16</sponsorshipDate>
        <sponsorshipWithdrawnDate />
        <party>D</party>
        <identifiers>
          <bioguideId>S001181</bioguideId>
          <lisID>1901</lisID>
          <gpoId>8276</gpoId>
        </identifiers>
      </item>
    </cosponsors>
  </bill>
  <dublinCore xmlns:dc="http://purl.org/dc/elements/1.1/">
    <dc:format>text/xml</dc:format>
    <dc:language>EN</dc:language>
    <dc:rights>Pursuant to Title 17 Section 105 of the United States Code, this file is not subject to copyright protection and is in the public domain.</dc:rights>
    <dc:contributor>Congressional Research Service, Library of Congress</dc:contributor>
    <dc:description>This file contains bill summaries and statuses for federal legislation. A bill summary describes the most significant provisions of a piece of legislation and details the effects the legislative text may have on current law and federal programs. Bill summaries are authored by the Congressional Research Service (CRS) of the Library of Congress. As stated in Public Law 91-510 (2 USC 166 (d)(6)), one of the duties of CRS is "to prepare summaries and digests of bills and resolutions of a public general nature introduced in the Senate or House of Representatives". For more information, refer to the User Guide that accompanies this file.</dc:description>
  </dublinCore>
</billStatus>

