<?xml version="1.0" encoding="UTF-8"?>
<billStatus>
  <bill>
    <cosponsors>
      <item>
        <lastName>Schatz</lastName>
        <sponsorshipDate>2017-08-02</sponsorshipDate>
        <party>D</party>
        <state>HI</state>
        <bioguideId>S001194</bioguideId>
        <middleName />
        <sponsorshipWithdrawnDate />
        <fullName>Sen. Schatz, Brian [D-HI]</fullName>
        <firstName>Brian</firstName>
        <isOriginalCosponsor>True</isOriginalCosponsor>
        <identifiers>
          <bioguideId>S001194</bioguideId>
          <lisID>2173</lisID>
          <gpoId />
        </identifiers>
      </item>
      <item>
        <lastName>Gardner</lastName>
        <sponsorshipDate>2017-08-02</sponsorshipDate>
        <party>R</party>
        <state>CO</state>
        <bioguideId>G000562</bioguideId>
        <middleName />
        <sponsorshipWithdrawnDate />
        <fullName>Sen. Gardner, Cory [R-CO]</fullName>
        <firstName>Cory</firstName>
        <isOriginalCosponsor>True</isOriginalCosponsor>
        <identifiers>
          <lisID>1998</lisID>
          <gpoId>7862</gpoId>
          <bioguideId>G000562</bioguideId>
        </identifiers>
      </item>
      <item>
        <lastName>Hassan</lastName>
        <sponsorshipDate>2017-08-02</sponsorshipDate>
        <party>D</party>
        <state>NH</state>
        <bioguideId>H001076</bioguideId>
        <middleName>Wood</middleName>
        <sponsorshipWithdrawnDate />
        <fullName>Sen. Hassan, Margaret Wood [D-NH]</fullName>
        <firstName>Margaret</firstName>
        <isOriginalCosponsor>True</isOriginalCosponsor>
        <identifiers>
          <lisID>2302</lisID>
          <gpoId />
          <bioguideId>H001076</bioguideId>
        </identifiers>
      </item>
      <item>
        <lastName>MORAN</lastName>
        <sponsorshipDate>2017-08-02</sponsorshipDate>
        <party>R</party>
        <state>KS</state>
        <bioguideId>M000934</bioguideId>
        <middleName />
        <sponsorshipWithdrawnDate />
        <fullName>Sen. Moran, Jerry [R-KS]</fullName>
        <firstName>JERRY</firstName>
        <isOriginalCosponsor>True</isOriginalCosponsor>
        <identifiers>
          <bioguideId>M000934</bioguideId>
          <lisID>1507</lisID>
          <gpoId>8307</gpoId>
        </identifiers>
      </item>
      <item>
        <lastName>Peters</lastName>
        <sponsorshipDate>2017-08-02</sponsorshipDate>
        <party>D</party>
        <state>MI</state>
        <bioguideId>P000595</bioguideId>
        <middleName>C.</middleName>
        <sponsorshipWithdrawnDate />
        <fullName>Sen. Peters, Gary C. [D-MI]</fullName>
        <firstName>Gary</firstName>
        <isOriginalCosponsor>True</isOriginalCosponsor>
        <identifiers>
          <lisID>1929</lisID>
          <bioguideId>P000595</bioguideId>
          <gpoId>7994</gpoId>
        </identifiers>
      </item>
    </cosponsors>
    <congress>115</congress>
    <committees>
      <billCommittees>
        <item>
          <chamber>Senate</chamber>
          <subcommittees />
          <systemCode>sscm00</systemCode>
          <name>Commerce, Science, and Transportation Committee</name>
          <activities>
            <item>
              <name>Referred to</name>
              <date>2017-08-02T16:09:50Z</date>
            </item>
          </activities>
          <type>Standing</type>
        </item>
      </billCommittees>
    </committees>
    <laws />
    <titles>
      <item>
        <titleType>Official Title as Introduced</titleType>
        <parentTitleType />
        <chamberName />
        <title>A resolution expressing the sense of the Senate about a strategy to deploy fifth generation mobile networks (5G networks) and next-generation wireless and wired technologies to promote economic development and digital innovation throughout the United States.</title>
        <chamberCode />
      </item>
      <item>
        <titleType>Display Title</titleType>
        <parentTitleType />
        <chamberName />
        <title>A resolution expressing the sense of the Senate about a strategy to deploy fifth generation mobile networks (5G networks) and next-generation wireless and wired technologies to promote economic development and digital innovation throughout the United States.</title>
        <chamberCode />
      </item>
    </titles>
    <billType>SRES</billType>
    <amendments />
    <recordedVotes />
    <actions>
      <actionTypeCounts>
        <referredToCommittee>1</referredToCommittee>
        <introducedInSenate>1</introducedInSenate>
      </actionTypeCounts>
      <item>
        <actionDate>2017-08-02</actionDate>
        <committee>
          <systemCode>sscm00</systemCode>
          <name>Commerce, Science, and Transportation Committee</name>
        </committee>
        <links>
          <link>
            <name>S4775</name>
            <url>https://www.congress.gov/congressional-record/volume-163/senate-section/page/S4775</url>
          </link>
        </links>
        <sourceSystem>
          <code>0</code>
          <name>Senate</name>
        </sourceSystem>
        <text>Referred to the Committee on Commerce, Science, and Transportation. (text of measure as introduced: CR S4775)</text>
        <type>IntroReferral</type>
      </item>
      <item>
        <type>IntroReferral</type>
        <text>Introduced in Senate</text>
        <links />
        <committee />
        <sourceSystem>
          <code>9</code>
          <name>Library of Congress</name>
        </sourceSystem>
        <actionDate>2017-08-02</actionDate>
        <actionCode>10000</actionCode>
      </item>
      <actionByCounts>
        <senate>2</senate>
      </actionByCounts>
    </actions>
    <introducedDate>2017-08-02</introducedDate>
    <relatedBills>
      <item>
        <latestTitle>Expressing the sense of the House of Representatives about a strategy to deploy fifth generation mobile networks (5G networks) and next-generation wireless and wired technologies to promote economic development and digital innovation throughout the United States.</latestTitle>
        <number>521</number>
        <latestAction>
          <actionDate>2017-09-15</actionDate>
          <text>Referred to the Subcommittee on Communications and Technology.</text>
        </latestAction>
        <congress>115</congress>
        <relationshipDetails>
          <item>
            <identifiedBy>CRS</identifiedBy>
            <type>Identical bill</type>
          </item>
        </relationshipDetails>
        <type>HRES</type>
      </item>
    </relatedBills>
    <committeeReports />
    <calendarNumbers />
    <billNumber>242</billNumber>
    <summaries>
      <billSummaries>
        <item>
          <text><![CDATA[<p>Supports&nbsp;the deployment and advancement&nbsp;of fifth generation (5G) mobile networks to encourage economic growth and&nbsp;reduce the digital divide between urban and rural areas.</p> <p>Expresses the sense of the Senate that the United States should commit to modernizing infrastructure policies to&nbsp;meet demand&nbsp;for wireless broadband services; increase&nbsp;access, quality, and affordability of broadband services;&nbsp;and&nbsp;continue participation in global efforts to create standards for 5G networks.</p>]]></text>
          <versionCode>00</versionCode>
          <actionDate>2017-08-02</actionDate>
          <name>Introduced in Senate</name>
          <actionDesc>Introduced in Senate</actionDesc>
          <lastSummaryUpdateDate>2017-10-06T20:10:01Z</lastSummaryUpdateDate>
          <updateDate>2017-08-02T04:00:00Z</updateDate>
        </item>
      </billSummaries>
    </summaries>
    <cboCostEstimates />
    <updateDate>2018-02-06T16:44:13Z</updateDate>
    <policyArea>
      <name>Science, Technology, Communications</name>
    </policyArea>
    <latestAction>
      <text>Referred to the Committee on Commerce, Science, and Transportation. (text of measure as introduced: CR S4775)</text>
      <actionDate>2017-08-02</actionDate>
      <links />
    </latestAction>
    <subjects>
      <billSubjects>
        <policyArea>
          <name>Science, Technology, Communications</name>
        </policyArea>
        <legislativeSubjects>
          <item>
            <name>Advanced technology and technological innovations</name>
          </item>
          <item>
            <name>Consumer affairs</name>
          </item>
          <item>
            <name>Economic development</name>
          </item>
          <item>
            <name>Internet and video services</name>
          </item>
          <item>
            <name>Rural conditions and development</name>
          </item>
          <item>
            <name>Telecommunication rates and fees</name>
          </item>
          <item>
            <name>Telephone and wireless communication</name>
          </item>
        </legislativeSubjects>
      </billSubjects>
    </subjects>
    <title>A resolution expressing the sense of the Senate about a strategy to deploy fifth generation mobile networks (5G networks) and next-generation wireless and wired technologies to promote economic development and digital innovation throughout the United States.</title>
    <version>1.0.0</version>
    <sponsors>
      <item>
        <byRequestType />
        <party>R</party>
        <fullName>Sen. Wicker, Roger F. [R-MS]</fullName>
        <bioguideId>W000437</bioguideId>
        <state>MS</state>
        <lastName>WICKER</lastName>
        <middleName>F.</middleName>
        <firstName>ROGER</firstName>
        <identifiers>
          <lisID>1226</lisID>
          <gpoId>8263</gpoId>
          <bioguideId>W000437</bioguideId>
        </identifiers>
      </item>
    </sponsors>
    <notes />
    <createDate>2017-08-03T00:41:40Z</createDate>
    <originChamber>Senate</originChamber>
  </bill>
  <dublinCore xmlns:dc="http://purl.org/dc/elements/1.1/">
    <dc:format>text/xml</dc:format>
    <dc:language>EN</dc:language>
    <dc:rights>Pursuant to Title 17 Section 105 of the United States Code, this file is not subject to copyright protection and is in the public domain.</dc:rights>
    <dc:contributor>Congressional Research Service, Library of Congress</dc:contributor>
    <dc:description>This file contains bill summaries and statuses for federal legislation. A bill summary describes the most significant provisions of a piece of legislation and details the effects the legislative text may have on current law and federal programs. Bill summaries are authored by the Congressional Research Service (CRS) of the Library of Congress. As stated in Public Law 91-510 (2 USC 166 (d)(6)), one of the duties of CRS is "to prepare summaries and digests of bills and resolutions of a public general nature introduced in the Senate or House of Representatives". For more information, refer to the User Guide that accompanies this file.</dc:description>
  </dublinCore>
</billStatus>

