<?xml version="1.0" encoding="UTF-8"?>
<billStatus>
  <bill>
    <introducedDate>2018-01-18</introducedDate>
    <laws />
    <titles>
      <item>
        <chamberCode />
        <parentTitleType />
        <chamberName />
        <titleType>Official Title as Introduced</titleType>
        <title>A resolution expressing support for the designation of February 12, 2018, as "Darwin Day" and recognizing the importance of science in the betterment of humanity.</title>
      </item>
      <item>
        <chamberCode />
        <parentTitleType />
        <chamberName />
        <titleType>Display Title</titleType>
        <title>A resolution expressing support for the designation of February 12, 2018, as "Darwin Day" and recognizing the importance of science in the betterment of humanity.</title>
      </item>
    </titles>
    <recordedVotes />
    <relatedBills>
      <item>
        <congress>115</congress>
        <latestTitle>A resolution expressing the support for the designation of February 12, 2017, as "Darwin Day" and recognizing the importance of science in the betterment of humanity.</latestTitle>
        <latestAction>
          <actionDate>2017-02-10</actionDate>
          <text>Referred to the Committee on Commerce, Science, and Transportation. (text of measure as introduced: CR S1091-1092)</text>
        </latestAction>
        <type>SRES</type>
        <relationshipDetails>
          <item>
            <identifiedBy>CRS</identifiedBy>
            <type>Identical bill</type>
          </item>
        </relationshipDetails>
        <number>59</number>
      </item>
    </relatedBills>
    <title>A resolution expressing support for the designation of February 12, 2018, as "Darwin Day" and recognizing the importance of science in the betterment of humanity.</title>
    <version>1.0.0</version>
    <latestAction>
      <text>Referred to the Committee on Commerce, Science, and Transportation. (text of measure as introduced: CR S302)</text>
      <actionDate>2018-01-18</actionDate>
      <links />
    </latestAction>
    <summaries>
      <billSummaries />
    </summaries>
    <committeeReports />
    <sponsors>
      <item>
        <firstName>Richard</firstName>
        <fullName>Sen. Blumenthal, Richard [D-CT]</fullName>
        <lastName>Blumenthal</lastName>
        <identifiers>
          <lisID>2076</lisID>
          <bioguideId>B001277</bioguideId>
          <gpoId>8332</gpoId>
        </identifiers>
        <state>CT</state>
        <bioguideId>B001277</bioguideId>
        <middleName />
        <party>D</party>
        <byRequestType />
      </item>
    </sponsors>
    <committees>
      <billCommittees>
        <item>
          <chamber>Senate</chamber>
          <name>Commerce, Science, and Transportation Committee</name>
          <systemCode>sscm00</systemCode>
          <type>Standing</type>
          <activities>
            <item>
              <name>Referred to</name>
              <date>2018-01-18T18:23:29Z</date>
            </item>
          </activities>
          <subcommittees />
        </item>
      </billCommittees>
    </committees>
    <cboCostEstimates />
    <policyArea>
      <name>Science, Technology, Communications</name>
    </policyArea>
    <notes />
    <actions>
      <item>
        <actionDate>2018-01-18</actionDate>
        <committee>
          <systemCode>sscm00</systemCode>
          <name>Commerce, Science, and Transportation Committee</name>
        </committee>
        <links>
          <link>
            <name>S302</name>
            <url>https://www.congress.gov/congressional-record/volume-164/senate-section/page/S302</url>
          </link>
        </links>
        <sourceSystem>
          <name>Senate</name>
          <code>0</code>
        </sourceSystem>
        <text>Referred to the Committee on Commerce, Science, and Transportation. (text of measure as introduced: CR S302)</text>
        <type>IntroReferral</type>
      </item>
      <item>
        <committee />
        <links />
        <text>Introduced in Senate</text>
        <sourceSystem>
          <name>Library of Congress</name>
          <code>9</code>
        </sourceSystem>
        <actionDate>2018-01-18</actionDate>
        <type>IntroReferral</type>
        <actionCode>10000</actionCode>
      </item>
      <actionTypeCounts>
        <referredToCommittee>1</referredToCommittee>
        <introducedInSenate>1</introducedInSenate>
      </actionTypeCounts>
      <actionByCounts>
        <senate>2</senate>
      </actionByCounts>
    </actions>
    <createDate>2018-01-19T00:56:03Z</createDate>
    <billType>SRES</billType>
    <calendarNumbers />
    <amendments />
    <subjects>
      <billSubjects>
        <legislativeSubjects />
        <policyArea>
          <name>Science, Technology, Communications</name>
        </policyArea>
      </billSubjects>
    </subjects>
    <cosponsors>
      <item>
        <lastName>Murphy</lastName>
        <state>CT</state>
        <bioguideId>M001169</bioguideId>
        <firstName>Christopher</firstName>
        <fullName>Sen. Murphy, Christopher [D-CT]</fullName>
        <middleName />
        <isOriginalCosponsor>True</isOriginalCosponsor>
        <sponsorshipWithdrawnDate />
        <party>D</party>
        <identifiers>
          <lisID>1837</lisID>
          <bioguideId>M001169</bioguideId>
          <gpoId>7870</gpoId>
        </identifiers>
        <sponsorshipDate>2018-01-18</sponsorshipDate>
      </item>
      <item>
        <lastName>Whitehouse</lastName>
        <state>RI</state>
        <bioguideId>W000802</bioguideId>
        <firstName>Sheldon</firstName>
        <fullName>Sen. Whitehouse, Sheldon [D-RI]</fullName>
        <middleName />
        <isOriginalCosponsor>True</isOriginalCosponsor>
        <sponsorshipWithdrawnDate />
        <party>D</party>
        <identifiers>
          <lisID>1823</lisID>
          <bioguideId>W000802</bioguideId>
          <gpoId>8264</gpoId>
        </identifiers>
        <sponsorshipDate>2018-01-18</sponsorshipDate>
      </item>
    </cosponsors>
    <originChamber>Senate</originChamber>
    <congress>115</congress>
    <billNumber>374</billNumber>
    <updateDate>2018-01-30T15:36:58Z</updateDate>
  </bill>
  <dublinCore xmlns:dc="http://purl.org/dc/elements/1.1/">
    <dc:format>text/xml</dc:format>
    <dc:language>EN</dc:language>
    <dc:rights>Pursuant to Title 17 Section 105 of the United States Code, this file is not subject to copyright protection and is in the public domain.</dc:rights>
    <dc:contributor>Congressional Research Service, Library of Congress</dc:contributor>
    <dc:description>This file contains bill summaries and statuses for federal legislation. A bill summary describes the most significant provisions of a piece of legislation and details the effects the legislative text may have on current law and federal programs. Bill summaries are authored by the Congressional Research Service (CRS) of the Library of Congress. As stated in Public Law 91-510 (2 USC 166 (d)(6)), one of the duties of CRS is "to prepare summaries and digests of bills and resolutions of a public general nature introduced in the Senate or House of Representatives". For more information, refer to the User Guide that accompanies this file.</dc:description>
  </dublinCore>
</billStatus>

