<?xml version="1.0" encoding="UTF-8"?>
<billStatus>
  <bill>
    <originChamber>Senate</originChamber>
    <introducedDate>2017-03-15</introducedDate>
    <cosponsors>
      <item>
        <party>D</party>
        <bioguideId>M000639</bioguideId>
        <isOriginalCosponsor>True</isOriginalCosponsor>
        <firstName>ROBERT</firstName>
        <middleName />
        <sponsorshipWithdrawnDate />
        <sponsorshipDate>2017-03-15</sponsorshipDate>
        <fullName>Sen. Menendez, Robert [D-NJ]</fullName>
        <identifiers>
          <lisID>791</lisID>
          <gpoId>8239</gpoId>
          <bioguideId>M000639</bioguideId>
        </identifiers>
        <lastName>MENENDEZ</lastName>
        <state>NJ</state>
      </item>
    </cosponsors>
    <billType>SRES</billType>
    <recordedVotes />
    <laws />
    <committeeReports />
    <actions>
      <actionTypeCounts>
        <passedAgreedToInSenate>1</passedAgreedToInSenate>
        <introducedInSenate>1</introducedInSenate>
        <passedOrAgreedToInSenateDayOf>1</passedOrAgreedToInSenateDayOf>
      </actionTypeCounts>
      <item>
        <actionDate>2017-03-15</actionDate>
        <committee />
        <links>
          <link>
            <name>CR 3/21/2017 S1897</name>
            <url>https://www.congress.gov/congressional-record/volume-163/senate-section/page/S1897</url>
          </link>
          <link>
            <name>S1849</name>
            <url>https://www.congress.gov/congressional-record/volume-163/senate-section/page/S1849</url>
          </link>
        </links>
        <sourceSystem>
          <code>0</code>
          <name>Senate</name>
        </sourceSystem>
        <text>Submitted in the Senate, considered, and agreed to without amendment and with a preamble by Unanimous Consent. (consideration: CR S1849; text as passed Senate: CR 3/21/2017 S1897)</text>
        <type>Floor</type>
      </item>
      <item>
        <type>Floor</type>
        <text>Passed/agreed to in Senate: Submitted in the Senate, considered, and agreed to without amendment and with a preamble by Unanimous Consent.(consideration: CR S1849; text as passed Senate: CR 3/21/2017 S1897)</text>
        <links>
          <link>
            <name>CR 3/21/2017 S1897</name>
            <url>https://www.congress.gov/congressional-record/volume-163/senate-section/page/S1897</url>
          </link>
          <link>
            <name>S1849</name>
            <url>https://www.congress.gov/congressional-record/volume-163/senate-section/page/S1849</url>
          </link>
        </links>
        <committee />
        <sourceSystem>
          <code>9</code>
          <name>Library of Congress</name>
        </sourceSystem>
        <actionDate>2017-03-15</actionDate>
        <actionCode>17000</actionCode>
      </item>
      <item>
        <type>IntroReferral</type>
        <text>Introduced in Senate</text>
        <links />
        <committee />
        <sourceSystem>
          <code>9</code>
          <name>Library of Congress</name>
        </sourceSystem>
        <actionDate>2017-03-15</actionDate>
        <actionCode>10000</actionCode>
      </item>
      <actionByCounts>
        <senate>3</senate>
      </actionByCounts>
    </actions>
    <createDate>2017-03-16T05:28:13Z</createDate>
    <version>1.0.0</version>
    <notes />
    <latestAction>
      <actionDate>2017-03-15</actionDate>
      <text>Submitted in the Senate, considered, and agreed to without amendment and with a preamble by Unanimous Consent. (consideration: CR S1849; text as passed Senate: CR 3/21/2017 S1897)</text>
      <links />
    </latestAction>
    <title>A resolution supporting the designation of March 2017 as "National Colorectal Cancer Awareness Month".</title>
    <summaries>
      <billSummaries>
        <item>
          <versionCode>00</versionCode>
          <actionDate>2017-03-15</actionDate>
          <updateDate>2017-03-15T04:00:00Z</updateDate>
          <text><![CDATA[<p>Expresses support for the designation of March 2017 as National Colorectal Cancer Awareness Month.</p>]]></text>
          <actionDesc>Introduced in Senate</actionDesc>
          <name>Introduced in Senate</name>
          <lastSummaryUpdateDate>2017-03-31T20:37:47Z</lastSummaryUpdateDate>
        </item>
        <item>
          <versionCode>82</versionCode>
          <actionDate>2017-03-15</actionDate>
          <updateDate>2017-03-15T13:24:33Z</updateDate>
          <text><![CDATA[<p>(This measure has not been amended since it was introduced. The summary of that version is repeated here.)</p> <p>Expresses support for the designation of March 2017 as National Colorectal Cancer Awareness Month.</p>]]></text>
          <actionDesc>Passed Senate without amendment</actionDesc>
          <name>Passed Senate without amendment</name>
          <lastSummaryUpdateDate>2017-04-03T19:42:05Z</lastSummaryUpdateDate>
        </item>
      </billSummaries>
    </summaries>
    <congress>115</congress>
    <policyArea>
      <name>Health</name>
    </policyArea>
    <billNumber>89</billNumber>
    <calendarNumbers />
    <cboCostEstimates />
    <subjects>
      <billSubjects>
        <legislativeSubjects>
          <item>
            <name>Cancer</name>
          </item>
          <item>
            <name>Commemorative events and holidays</name>
          </item>
          <item>
            <name>Digestive and metabolic diseases</name>
          </item>
          <item>
            <name>Health promotion and preventive care</name>
          </item>
        </legislativeSubjects>
        <policyArea>
          <name>Health</name>
        </policyArea>
      </billSubjects>
    </subjects>
    <relatedBills />
    <committees>
      <billCommittees />
    </committees>
    <titles>
      <item>
        <parentTitleType />
        <chamberCode />
        <chamberName />
        <titleType>Official Title as Introduced</titleType>
        <title>A resolution supporting the designation of March 2017 as "National Colorectal Cancer Awareness Month".</title>
      </item>
      <item>
        <parentTitleType />
        <chamberCode />
        <chamberName />
        <titleType>Display Title</titleType>
        <title>A resolution supporting the designation of March 2017 as "National Colorectal Cancer Awareness Month".</title>
      </item>
    </titles>
    <sponsors>
      <item>
        <fullName>Sen. Enzi, Michael B. [R-WY]</fullName>
        <middleName>B.</middleName>
        <state>WY</state>
        <byRequestType />
        <firstName>MICHAEL</firstName>
        <bioguideId>E000285</bioguideId>
        <party>R</party>
        <lastName>ENZI</lastName>
        <identifiers>
          <bioguideId>E000285</bioguideId>
          <gpoId>8328</gpoId>
          <lisID>1542</lisID>
        </identifiers>
      </item>
    </sponsors>
    <updateDate>2018-02-06T16:44:01Z</updateDate>
    <amendments />
  </bill>
  <dublinCore xmlns:dc="http://purl.org/dc/elements/1.1/">
    <dc:format>text/xml</dc:format>
    <dc:language>EN</dc:language>
    <dc:rights>Pursuant to Title 17 Section 105 of the United States Code, this file is not subject to copyright protection and is in the public domain.</dc:rights>
    <dc:contributor>Congressional Research Service, Library of Congress</dc:contributor>
    <dc:description>This file contains bill summaries and statuses for federal legislation. A bill summary describes the most significant provisions of a piece of legislation and details the effects the legislative text may have on current law and federal programs. Bill summaries are authored by the Congressional Research Service (CRS) of the Library of Congress. As stated in Public Law 91-510 (2 USC 166 (d)(6)), one of the duties of CRS is "to prepare summaries and digests of bills and resolutions of a public general nature introduced in the Senate or House of Representatives". For more information, refer to the User Guide that accompanies this file.</dc:description>
  </dublinCore>
</billStatus>

