<?xml version="1.0" encoding="UTF-8"?>
<billStatus>
  <bill>
    <cosponsors>
      <item>
        <lastName>Murkowski</lastName>
        <sponsorshipDate>2017-06-28</sponsorshipDate>
        <party>R</party>
        <state>AK</state>
        <bioguideId>M001153</bioguideId>
        <middleName />
        <sponsorshipWithdrawnDate />
        <fullName>Sen. Murkowski, Lisa [R-AK]</fullName>
        <firstName>Lisa</firstName>
        <isOriginalCosponsor>True</isOriginalCosponsor>
        <identifiers>
          <gpoId>8234</gpoId>
          <lisID>1694</lisID>
          <bioguideId>M001153</bioguideId>
        </identifiers>
      </item>
    </cosponsors>
    <congress>115</congress>
    <committees>
      <billCommittees>
        <item>
          <chamber>Senate</chamber>
          <subcommittees />
          <systemCode>ssju00</systemCode>
          <name>Judiciary Committee</name>
          <activities>
            <item>
              <name>Referred to</name>
              <date>2017-06-28T18:56:57Z</date>
            </item>
          </activities>
          <type>Standing</type>
        </item>
      </billCommittees>
    </committees>
    <laws />
    <titles>
      <item>
        <chamberCode />
        <chamberName />
        <parentTitleType />
        <titleType>Official Title as Introduced</titleType>
        <title>A resolution expressing the sense of the Senate that flowers grown in the United States support the farmers, small businesses, jobs, and economy of the United States, that flower farming is an honorable vocation, and designating July as "American Grown Flower Month".</title>
      </item>
      <item>
        <chamberCode />
        <chamberName />
        <parentTitleType />
        <titleType>Display Title</titleType>
        <title>A resolution expressing the sense of the Senate that flowers grown in the United States support the farmers, small businesses, jobs, and economy of the United States, that flower farming is an honorable vocation, and designating July as "American Grown Flower Month".</title>
      </item>
    </titles>
    <billType>SRES</billType>
    <amendments />
    <recordedVotes />
    <actions>
      <actionTypeCounts>
        <referredToCommittee>1</referredToCommittee>
        <introducedInSenate>1</introducedInSenate>
      </actionTypeCounts>
      <item>
        <actionDate>2017-06-28</actionDate>
        <committee>
          <systemCode>ssju00</systemCode>
          <name>Judiciary Committee</name>
        </committee>
        <links>
          <link>
            <url>https://www.congress.gov/congressional-record/volume-163/senate-section/page/S3834-3835</url>
            <name>S3834-3835</name>
          </link>
        </links>
        <sourceSystem>
          <name>Senate</name>
          <code>0</code>
        </sourceSystem>
        <text>Referred to the Committee on the Judiciary. (text of measure as introduced: CR S3834-3835)</text>
        <type>IntroReferral</type>
      </item>
      <item>
        <text>Introduced in Senate</text>
        <links />
        <actionDate>2017-06-28</actionDate>
        <committee />
        <sourceSystem>
          <name>Library of Congress</name>
          <code>9</code>
        </sourceSystem>
        <type>IntroReferral</type>
        <actionCode>10000</actionCode>
      </item>
      <actionByCounts>
        <senate>2</senate>
      </actionByCounts>
    </actions>
    <introducedDate>2017-06-28</introducedDate>
    <relatedBills>
      <item>
        <relationshipDetails>
          <item>
            <identifiedBy>CRS</identifiedBy>
            <type>Identical bill</type>
          </item>
        </relationshipDetails>
        <latestAction>
          <actionDate>2017-08-03</actionDate>
          <text>Submitted in the Senate, considered, and agreed to without amendment and with a preamble by Unanimous Consent. (consideration: CR S4882, S4894; text: CR S4882)</text>
        </latestAction>
        <type>SRES</type>
        <number>248</number>
        <latestTitle>A resolution expressing the sense of the Senate that flowers grown in the United States support the farmers, small businesses, jobs, and economy of the United States, that flower farming is an honorable vocation, and designating July as "American Grown Flower Month".</latestTitle>
        <congress>115</congress>
      </item>
      <item>
        <relationshipDetails>
          <item>
            <identifiedBy>CRS</identifiedBy>
            <type>Related bill</type>
          </item>
        </relationshipDetails>
        <latestAction>
          <actionDate>2017-07-11</actionDate>
          <text>Referred to the Subcommittee on Biotechnology, Horticulture, and Research.</text>
        </latestAction>
        <type>HRES</type>
        <number>413</number>
        <latestTitle>Expressing support for the designation of July as "American Grown Flower Month".</latestTitle>
        <congress>115</congress>
      </item>
    </relatedBills>
    <committeeReports />
    <calendarNumbers />
    <billNumber>208</billNumber>
    <summaries>
      <billSummaries>
        <item>
          <versionCode>00</versionCode>
          <updateDate>2017-06-28T04:00:00Z</updateDate>
          <actionDesc>Introduced in Senate</actionDesc>
          <lastSummaryUpdateDate>2017-09-19T14:27:40Z</lastSummaryUpdateDate>
          <actionDate>2017-06-28</actionDate>
          <name>Introduced in Senate</name>
          <text><![CDATA[<p>Designates July 2017 as American Grown Flower Month. Recognizes that flowers grown in the United States support farmers, small businesses, jobs, and the economy; are a vital part of the U.S. agricultural industry; and enhance the ability of the people of the United States to celebrate holidays and special occasions. Urges all people of the United States to proactively showcase flowers and greens grown in the United States.</p>]]></text>
        </item>
      </billSummaries>
    </summaries>
    <cboCostEstimates />
    <updateDate>2018-02-06T16:44:10Z</updateDate>
    <policyArea>
      <name>Agriculture and Food</name>
    </policyArea>
    <latestAction>
      <text>Referred to the Committee on the Judiciary. (text of measure as introduced: CR S3834-3835)</text>
      <actionDate>2017-06-28</actionDate>
      <links />
    </latestAction>
    <subjects>
      <billSubjects>
        <legislativeSubjects>
          <item>
            <name>Commemorative events and holidays</name>
          </item>
          <item>
            <name>Horticulture and plants</name>
          </item>
          <item>
            <name>Small business</name>
          </item>
        </legislativeSubjects>
        <policyArea>
          <name>Agriculture and Food</name>
        </policyArea>
      </billSubjects>
    </subjects>
    <title>A resolution expressing the sense of the Senate that flowers grown in the United States support the farmers, small businesses, jobs, and economy of the United States, that flower farming is an honorable vocation, and designating July as "American Grown Flower Month".</title>
    <version>1.0.0</version>
    <sponsors>
      <item>
        <byRequestType />
        <party>D</party>
        <fullName>Sen. Feinstein, Dianne [D-CA]</fullName>
        <bioguideId>F000062</bioguideId>
        <state>CA</state>
        <lastName>FEINSTEIN</lastName>
        <middleName />
        <firstName>DIANNE</firstName>
        <identifiers>
          <gpoId>8338</gpoId>
          <bioguideId>F000062</bioguideId>
          <lisID>1332</lisID>
        </identifiers>
      </item>
    </sponsors>
    <notes />
    <createDate>2017-06-29T00:26:33Z</createDate>
    <originChamber>Senate</originChamber>
  </bill>
  <dublinCore xmlns:dc="http://purl.org/dc/elements/1.1/">
    <dc:format>text/xml</dc:format>
    <dc:language>EN</dc:language>
    <dc:rights>Pursuant to Title 17 Section 105 of the United States Code, this file is not subject to copyright protection and is in the public domain.</dc:rights>
    <dc:contributor>Congressional Research Service, Library of Congress</dc:contributor>
    <dc:description>This file contains bill summaries and statuses for federal legislation. A bill summary describes the most significant provisions of a piece of legislation and details the effects the legislative text may have on current law and federal programs. Bill summaries are authored by the Congressional Research Service (CRS) of the Library of Congress. As stated in Public Law 91-510 (2 USC 166 (d)(6)), one of the duties of CRS is "to prepare summaries and digests of bills and resolutions of a public general nature introduced in the Senate or House of Representatives". For more information, refer to the User Guide that accompanies this file.</dc:description>
  </dublinCore>
</billStatus>

