<?xml version="1.0" encoding="UTF-8"?>
<billStatus>
  <bill>
    <committeeReports />
    <cosponsors>
      <item>
        <middleName />
        <lastName>PORTMAN</lastName>
        <party>R</party>
        <bioguideId>P000449</bioguideId>
        <fullName>Sen. Portman, Rob [R-OH]</fullName>
        <identifiers>
          <lisID>924</lisID>
          <gpoId>8266</gpoId>
          <bioguideId>P000449</bioguideId>
        </identifiers>
        <sponsorshipDate>2017-02-17</sponsorshipDate>
        <sponsorshipWithdrawnDate />
        <isOriginalCosponsor>True</isOriginalCosponsor>
        <state>OH</state>
        <firstName>ROB</firstName>
      </item>
      <item>
        <middleName />
        <lastName>BALDWIN</lastName>
        <party>D</party>
        <bioguideId>B001230</bioguideId>
        <fullName>Sen. Baldwin, Tammy [D-WI]</fullName>
        <identifiers>
          <gpoId>8215</gpoId>
          <lisID>1558</lisID>
          <bioguideId>B001230</bioguideId>
        </identifiers>
        <sponsorshipDate>2017-02-17</sponsorshipDate>
        <sponsorshipWithdrawnDate />
        <isOriginalCosponsor>True</isOriginalCosponsor>
        <state>WI</state>
        <firstName>TAMMY</firstName>
      </item>
      <item>
        <middleName>C.</middleName>
        <lastName>Young</lastName>
        <party>R</party>
        <bioguideId>Y000064</bioguideId>
        <fullName>Sen. Young, Todd C. [R-IN]</fullName>
        <identifiers>
          <gpoId>7948</gpoId>
          <lisID>2019</lisID>
          <bioguideId>Y000064</bioguideId>
        </identifiers>
        <sponsorshipDate>2017-02-17</sponsorshipDate>
        <sponsorshipWithdrawnDate />
        <isOriginalCosponsor>True</isOriginalCosponsor>
        <state>IN</state>
        <firstName>Todd</firstName>
      </item>
      <item>
        <middleName>F.</middleName>
        <lastName>Bennet</lastName>
        <party>D</party>
        <bioguideId>B001267</bioguideId>
        <fullName>Sen. Bennet, Michael F. [D-CO]</fullName>
        <identifiers>
          <gpoId>8302</gpoId>
          <bioguideId>B001267</bioguideId>
          <lisID>1965</lisID>
        </identifiers>
        <sponsorshipDate>2017-02-17</sponsorshipDate>
        <sponsorshipWithdrawnDate />
        <isOriginalCosponsor>True</isOriginalCosponsor>
        <state>CO</state>
        <firstName>Michael</firstName>
      </item>
      <item>
        <middleName />
        <lastName>BROWN</lastName>
        <party>D</party>
        <bioguideId>B000944</bioguideId>
        <fullName>Sen. Brown, Sherrod [D-OH]</fullName>
        <identifiers>
          <gpoId>8309</gpoId>
          <lisID>136</lisID>
          <bioguideId>B000944</bioguideId>
        </identifiers>
        <sponsorshipDate>2017-02-17</sponsorshipDate>
        <sponsorshipWithdrawnDate />
        <isOriginalCosponsor>True</isOriginalCosponsor>
        <state>OH</state>
        <firstName>SHERROD</firstName>
      </item>
      <item>
        <middleName />
        <lastName>Blumenthal</lastName>
        <party>D</party>
        <bioguideId>B001277</bioguideId>
        <fullName>Sen. Blumenthal, Richard [D-CT]</fullName>
        <identifiers>
          <gpoId>8332</gpoId>
          <lisID>2076</lisID>
          <bioguideId>B001277</bioguideId>
        </identifiers>
        <sponsorshipDate>2017-02-17</sponsorshipDate>
        <sponsorshipWithdrawnDate />
        <isOriginalCosponsor>True</isOriginalCosponsor>
        <state>CT</state>
        <firstName>Richard</firstName>
      </item>
      <item>
        <middleName />
        <lastName>Boozman</lastName>
        <party>R</party>
        <bioguideId>B001236</bioguideId>
        <fullName>Sen. Boozman, John [R-AR]</fullName>
        <identifiers>
          <gpoId>8247</gpoId>
          <bioguideId>B001236</bioguideId>
          <lisID>1687</lisID>
        </identifiers>
        <sponsorshipDate>2017-02-17</sponsorshipDate>
        <sponsorshipWithdrawnDate />
        <isOriginalCosponsor>True</isOriginalCosponsor>
        <state>AR</state>
        <firstName>John</firstName>
      </item>
      <item>
        <middleName>MOORE</middleName>
        <lastName>CAPITO</lastName>
        <party>R</party>
        <bioguideId>C001047</bioguideId>
        <fullName>Sen. Capito, Shelley Moore [R-WV]</fullName>
        <identifiers>
          <gpoId>8223</gpoId>
          <lisID>1676</lisID>
          <bioguideId>C001047</bioguideId>
        </identifiers>
        <sponsorshipDate>2017-02-17</sponsorshipDate>
        <sponsorshipWithdrawnDate />
        <isOriginalCosponsor>True</isOriginalCosponsor>
        <state>WV</state>
        <firstName>SHELLEY</firstName>
      </item>
      <item>
        <middleName />
        <lastName>Casey</lastName>
        <party>D</party>
        <bioguideId>C001070</bioguideId>
        <fullName>Sen. Casey, Robert P., Jr. [D-PA]</fullName>
        <identifiers>
          <gpoId>8282</gpoId>
          <bioguideId>C001070</bioguideId>
          <lisID>1828</lisID>
        </identifiers>
        <sponsorshipDate>2017-02-17</sponsorshipDate>
        <sponsorshipWithdrawnDate />
        <isOriginalCosponsor>True</isOriginalCosponsor>
        <state>PA</state>
        <firstName>Bob</firstName>
      </item>
      <item>
        <middleName>A.</middleName>
        <lastName>Coons</lastName>
        <party>D</party>
        <bioguideId>C001088</bioguideId>
        <fullName>Sen. Coons, Christopher A. [D-DE]</fullName>
        <identifiers>
          <lisID>1984</lisID>
          <gpoId>8297</gpoId>
          <bioguideId>C001088</bioguideId>
        </identifiers>
        <sponsorshipDate>2017-02-17</sponsorshipDate>
        <sponsorshipWithdrawnDate />
        <isOriginalCosponsor>True</isOriginalCosponsor>
        <state>DE</state>
        <firstName>Christopher</firstName>
      </item>
      <item>
        <middleName />
        <lastName>Daines</lastName>
        <party>R</party>
        <bioguideId>D000618</bioguideId>
        <fullName>Sen. Daines, Steve [R-MT]</fullName>
        <identifiers>
          <gpoId />
          <lisID>2138</lisID>
          <bioguideId>D000618</bioguideId>
        </identifiers>
        <sponsorshipDate>2017-02-17</sponsorshipDate>
        <sponsorshipWithdrawnDate />
        <isOriginalCosponsor>True</isOriginalCosponsor>
        <state>MT</state>
        <firstName>Steve</firstName>
      </item>
      <item>
        <middleName />
        <lastName>Donnelly</lastName>
        <party>D</party>
        <bioguideId>D000607</bioguideId>
        <fullName>Sen. Donnelly, Joe [D-IN]</fullName>
        <identifiers>
          <gpoId>7941</gpoId>
          <bioguideId>D000607</bioguideId>
          <lisID>1850</lisID>
        </identifiers>
        <sponsorshipDate>2017-02-17</sponsorshipDate>
        <sponsorshipWithdrawnDate />
        <isOriginalCosponsor>True</isOriginalCosponsor>
        <state>IN</state>
        <firstName>Joe</firstName>
      </item>
      <item>
        <middleName />
        <lastName>Duckworth</lastName>
        <party>D</party>
        <bioguideId>D000622</bioguideId>
        <fullName>Sen. Duckworth, Tammy [D-IL]</fullName>
        <identifiers>
          <bioguideId>D000622</bioguideId>
          <lisID>2123</lisID>
          <gpoId />
        </identifiers>
        <sponsorshipDate>2017-02-17</sponsorshipDate>
        <sponsorshipWithdrawnDate />
        <isOriginalCosponsor>True</isOriginalCosponsor>
        <state>IL</state>
        <firstName>Tammy</firstName>
      </item>
      <item>
        <middleName>J.</middleName>
        <lastName>DURBIN</lastName>
        <party>D</party>
        <bioguideId>D000563</bioguideId>
        <fullName>Sen. Durbin, Richard J. [D-IL]</fullName>
        <identifiers>
          <gpoId>8326</gpoId>
          <bioguideId>D000563</bioguideId>
          <lisID>326</lisID>
        </identifiers>
        <sponsorshipDate>2017-02-17</sponsorshipDate>
        <sponsorshipWithdrawnDate />
        <isOriginalCosponsor>True</isOriginalCosponsor>
        <state>IL</state>
        <firstName>RICHARD</firstName>
      </item>
      <item>
        <middleName>B.</middleName>
        <lastName>ENZI</lastName>
        <party>R</party>
        <bioguideId>E000285</bioguideId>
        <fullName>Sen. Enzi, Michael B. [R-WY]</fullName>
        <identifiers>
          <gpoId>8328</gpoId>
          <lisID>1542</lisID>
          <bioguideId>E000285</bioguideId>
        </identifiers>
        <sponsorshipDate>2017-02-17</sponsorshipDate>
        <sponsorshipWithdrawnDate />
        <isOriginalCosponsor>True</isOriginalCosponsor>
        <state>WY</state>
        <firstName>MICHAEL</firstName>
      </item>
      <item>
        <middleName />
        <lastName>Franken</lastName>
        <party>D</party>
        <bioguideId>F000457</bioguideId>
        <fullName>Sen. Franken, Al [D-MN]</fullName>
        <identifiers>
          <bioguideId>F000457</bioguideId>
          <lisID>1969</lisID>
          <gpoId>8339</gpoId>
        </identifiers>
        <sponsorshipDate>2017-02-17</sponsorshipDate>
        <sponsorshipWithdrawnDate />
        <isOriginalCosponsor>True</isOriginalCosponsor>
        <state>MN</state>
        <firstName>Al</firstName>
      </item>
      <item>
        <middleName>Wood</middleName>
        <lastName>Hassan</lastName>
        <party>D</party>
        <bioguideId>H001076</bioguideId>
        <fullName>Sen. Hassan, Margaret Wood [D-NH]</fullName>
        <identifiers>
          <gpoId />
          <lisID>2302</lisID>
          <bioguideId>H001076</bioguideId>
        </identifiers>
        <sponsorshipDate>2017-02-17</sponsorshipDate>
        <sponsorshipWithdrawnDate />
        <isOriginalCosponsor>True</isOriginalCosponsor>
        <state>NH</state>
        <firstName>Margaret</firstName>
      </item>
      <item>
        <middleName>GRANT</middleName>
        <lastName>HATCH</lastName>
        <party>R</party>
        <bioguideId>H000338</bioguideId>
        <fullName>Sen. Hatch, Orrin G. [R-UT]</fullName>
        <identifiers>
          <gpoId>8314</gpoId>
          <bioguideId>H000338</bioguideId>
          <lisID>1351</lisID>
        </identifiers>
        <sponsorshipDate>2017-02-17</sponsorshipDate>
        <sponsorshipWithdrawnDate />
        <isOriginalCosponsor>True</isOriginalCosponsor>
        <state>UT</state>
        <firstName>ORRIN</firstName>
      </item>
      <item>
        <middleName>K.</middleName>
        <lastName>Hirono</lastName>
        <party>D</party>
        <bioguideId>H001042</bioguideId>
        <fullName>Sen. Hirono, Mazie K. [D-HI]</fullName>
        <identifiers>
          <lisID>1844</lisID>
          <gpoId>7913</gpoId>
          <bioguideId>H001042</bioguideId>
        </identifiers>
        <sponsorshipDate>2017-02-17</sponsorshipDate>
        <sponsorshipWithdrawnDate />
        <isOriginalCosponsor>True</isOriginalCosponsor>
        <state>HI</state>
        <firstName>Mazie</firstName>
      </item>
      <item>
        <middleName />
        <lastName>Isakson</lastName>
        <party>R</party>
        <bioguideId>I000055</bioguideId>
        <fullName>Sen. Isakson, Johnny [R-GA]</fullName>
        <identifiers>
          <gpoId>8323</gpoId>
          <lisID>1608</lisID>
          <bioguideId>I000055</bioguideId>
        </identifiers>
        <sponsorshipDate>2017-02-17</sponsorshipDate>
        <sponsorshipWithdrawnDate />
        <isOriginalCosponsor>True</isOriginalCosponsor>
        <state>GA</state>
        <firstName>Johnny</firstName>
      </item>
      <item>
        <middleName />
        <lastName>King</lastName>
        <party>I</party>
        <bioguideId>K000383</bioguideId>
        <fullName>Sen. King, Angus S., Jr. [I-ME]</fullName>
        <identifiers>
          <gpoId />
          <bioguideId>K000383</bioguideId>
          <lisID>2185</lisID>
        </identifiers>
        <sponsorshipDate>2017-02-17</sponsorshipDate>
        <sponsorshipWithdrawnDate />
        <isOriginalCosponsor>True</isOriginalCosponsor>
        <state>ME</state>
        <firstName>Angus</firstName>
      </item>
      <item>
        <middleName />
        <lastName>Klobuchar</lastName>
        <party>D</party>
        <bioguideId>K000367</bioguideId>
        <fullName>Sen. Klobuchar, Amy [D-MN]</fullName>
        <identifiers>
          <gpoId>8249</gpoId>
          <bioguideId>K000367</bioguideId>
          <lisID>1826</lisID>
        </identifiers>
        <sponsorshipDate>2017-02-17</sponsorshipDate>
        <sponsorshipWithdrawnDate />
        <isOriginalCosponsor>True</isOriginalCosponsor>
        <state>MN</state>
        <firstName>Amy</firstName>
      </item>
      <item>
        <middleName />
        <lastName>Manchin</lastName>
        <party>D</party>
        <bioguideId>M001183</bioguideId>
        <fullName>Sen. Manchin, Joe, III [D-WV]</fullName>
        <identifiers>
          <gpoId>8256</gpoId>
          <bioguideId>M001183</bioguideId>
          <lisID>1983</lisID>
        </identifiers>
        <sponsorshipDate>2017-02-17</sponsorshipDate>
        <sponsorshipWithdrawnDate />
        <isOriginalCosponsor>True</isOriginalCosponsor>
        <state>WV</state>
        <firstName>Joe</firstName>
      </item>
      <item>
        <middleName>J.</middleName>
        <lastName>MARKEY</lastName>
        <party>D</party>
        <bioguideId>M000133</bioguideId>
        <fullName>Sen. Markey, Edward J. [D-MA]</fullName>
        <identifiers>
          <gpoId>7972</gpoId>
          <lisID>735</lisID>
          <bioguideId>M000133</bioguideId>
        </identifiers>
        <sponsorshipDate>2017-02-17</sponsorshipDate>
        <sponsorshipWithdrawnDate />
        <isOriginalCosponsor>True</isOriginalCosponsor>
        <state>MA</state>
        <firstName>EDWARD</firstName>
      </item>
      <item>
        <middleName />
        <lastName>MURRAY</lastName>
        <party>D</party>
        <bioguideId>M001111</bioguideId>
        <fullName>Sen. Murray, Patty [D-WA]</fullName>
        <identifiers>
          <lisID>1409</lisID>
          <gpoId>8237</gpoId>
          <bioguideId>M001111</bioguideId>
        </identifiers>
        <sponsorshipDate>2017-02-17</sponsorshipDate>
        <sponsorshipWithdrawnDate />
        <isOriginalCosponsor>True</isOriginalCosponsor>
        <state>WA</state>
        <firstName>PATTY</firstName>
      </item>
      <item>
        <middleName>C.</middleName>
        <lastName>Peters</lastName>
        <party>D</party>
        <bioguideId>P000595</bioguideId>
        <fullName>Sen. Peters, Gary C. [D-MI]</fullName>
        <identifiers>
          <gpoId>7994</gpoId>
          <bioguideId>P000595</bioguideId>
          <lisID>1929</lisID>
        </identifiers>
        <sponsorshipDate>2017-02-17</sponsorshipDate>
        <sponsorshipWithdrawnDate />
        <isOriginalCosponsor>True</isOriginalCosponsor>
        <state>MI</state>
        <firstName>Gary</firstName>
      </item>
      <item>
        <middleName>R.</middleName>
        <lastName>THUNE</lastName>
        <party>R</party>
        <bioguideId>T000250</bioguideId>
        <fullName>Sen. Thune, John [R-SD]</fullName>
        <identifiers>
          <gpoId>8257</gpoId>
          <lisID>1534</lisID>
          <bioguideId>T000250</bioguideId>
        </identifiers>
        <sponsorshipDate>2017-02-17</sponsorshipDate>
        <sponsorshipWithdrawnDate />
        <isOriginalCosponsor>True</isOriginalCosponsor>
        <state>SD</state>
        <firstName>JOHN</firstName>
      </item>
      <item>
        <middleName>R.</middleName>
        <lastName>Warner</lastName>
        <party>D</party>
        <bioguideId>W000805</bioguideId>
        <fullName>Sen. Warner, Mark R. [D-VA]</fullName>
        <identifiers>
          <lisID>1897</lisID>
          <gpoId>8269</gpoId>
          <bioguideId>W000805</bioguideId>
        </identifiers>
        <sponsorshipDate>2017-02-17</sponsorshipDate>
        <sponsorshipWithdrawnDate />
        <isOriginalCosponsor>True</isOriginalCosponsor>
        <state>VA</state>
        <firstName>Mark</firstName>
      </item>
      <item>
        <middleName />
        <lastName>WYDEN</lastName>
        <party>D</party>
        <bioguideId>W000779</bioguideId>
        <fullName>Sen. Wyden, Ron [D-OR]</fullName>
        <identifiers>
          <bioguideId>W000779</bioguideId>
          <lisID>1247</lisID>
          <gpoId>8265</gpoId>
        </identifiers>
        <sponsorshipDate>2017-02-17</sponsorshipDate>
        <sponsorshipWithdrawnDate />
        <isOriginalCosponsor>True</isOriginalCosponsor>
        <state>OR</state>
        <firstName>RON</firstName>
      </item>
      <item>
        <middleName />
        <lastName>Rounds</lastName>
        <party>R</party>
        <bioguideId>R000605</bioguideId>
        <fullName>Sen. Rounds, Mike  [R-SD]</fullName>
        <identifiers>
          <gpoId />
          <lisID>2288</lisID>
          <bioguideId>R000605</bioguideId>
        </identifiers>
        <sponsorshipDate>2017-02-17</sponsorshipDate>
        <sponsorshipWithdrawnDate />
        <isOriginalCosponsor>True</isOriginalCosponsor>
        <state>SD</state>
        <firstName>Mike</firstName>
      </item>
    </cosponsors>
    <summaries>
      <billSummaries>
        <item>
          <lastSummaryUpdateDate>2017-04-22T12:52:53Z</lastSummaryUpdateDate>
          <actionDate>2017-02-17</actionDate>
          <versionCode>00</versionCode>
          <name>Introduced in Senate</name>
          <actionDesc>Introduced in Senate</actionDesc>
          <updateDate>2017-02-17T05:00:00Z</updateDate>
          <text><![CDATA[<p>Designates February 2017 as Career and Technical Education Month. Expresses support for the goals and ideals of such month.</p> <p>Honors the 100th anniversary of the Smith-Hughes Vocational Education Act of 1917.</p> <p>Recognizes the importance of career and technical education in preparing a well-educated and skilled workforce.</p> <p>Encourages educators, counselors, and administrators to promote career and technical education as an option for students.</p>]]></text>
        </item>
        <item>
          <lastSummaryUpdateDate>2017-04-22T12:54:26Z</lastSummaryUpdateDate>
          <actionDate>2017-02-17</actionDate>
          <versionCode>82</versionCode>
          <name>Passed Senate without amendment</name>
          <actionDesc>Passed Senate without amendment</actionDesc>
          <updateDate>2017-02-17T14:55:36Z</updateDate>
          <text><![CDATA[<p>(This measure has not been amended since it was introduced. The summary of that version is repeated here.)</p> <p>Designates February 2017 as Career and Technical Education Month. Expresses support for the goals and ideals of such month.</p> <p>Honors the 100th anniversary of the Smith-Hughes Vocational Education Act of 1917.</p> <p>Recognizes the importance of career and technical education in preparing a well-educated and skilled workforce.</p> <p>Encourages educators, counselors, and administrators to promote career and technical education as an option for students.</p>]]></text>
        </item>
      </billSummaries>
    </summaries>
    <congress>115</congress>
    <notes />
    <title>A resolution supporting the goals and ideals of Career and Technical Education Month.</title>
    <sponsors>
      <item>
        <lastName>Kaine</lastName>
        <party>D</party>
        <identifiers>
          <gpoId />
          <lisID>2176</lisID>
          <bioguideId>K000384</bioguideId>
        </identifiers>
        <fullName>Sen. Kaine, Tim [D-VA]</fullName>
        <firstName>Timothy</firstName>
        <state>VA</state>
        <bioguideId>K000384</bioguideId>
        <byRequestType />
        <middleName />
      </item>
    </sponsors>
    <titles>
      <item>
        <chamberCode />
        <titleType>Official Title as Introduced</titleType>
        <parentTitleType />
        <chamberName />
        <title>A resolution supporting the goals and ideals of Career and Technical Education Month.</title>
      </item>
      <item>
        <chamberCode />
        <titleType>Display Title</titleType>
        <parentTitleType />
        <chamberName />
        <title>A resolution supporting the goals and ideals of Career and Technical Education Month.</title>
      </item>
    </titles>
    <calendarNumbers />
    <billType>SRES</billType>
    <latestAction>
      <text>Submitted in the Senate, considered, and agreed to without amendment and with a preamble by Unanimous Consent. (consideration: CR S1416; text of measure as passed: CR S1398-1399)</text>
      <actionDate>2017-02-17</actionDate>
      <links />
    </latestAction>
    <laws />
    <committees>
      <billCommittees />
    </committees>
    <introducedDate>2017-02-17</introducedDate>
    <policyArea>
      <name>Labor and Employment</name>
    </policyArea>
    <cboCostEstimates />
    <recordedVotes />
    <billNumber>66</billNumber>
    <updateDate>2018-02-16T05:26:06Z</updateDate>
    <subjects>
      <billSubjects>
        <legislativeSubjects>
          <item>
            <name>Commemorative events and holidays</name>
          </item>
          <item>
            <name>Employment and training programs</name>
          </item>
          <item>
            <name>Vocational and technical education</name>
          </item>
        </legislativeSubjects>
        <policyArea>
          <name>Labor and Employment</name>
        </policyArea>
      </billSubjects>
    </subjects>
    <amendments />
    <actions>
      <actionTypeCounts>
        <passedAgreedToInSenate>1</passedAgreedToInSenate>
        <introducedInSenate>1</introducedInSenate>
        <passedOrAgreedToInSenateDayOf>1</passedOrAgreedToInSenateDayOf>
      </actionTypeCounts>
      <item>
        <actionDate>2017-02-17</actionDate>
        <committee />
        <links>
          <link>
            <name>S1398-1399</name>
            <url>https://www.congress.gov/congressional-record/volume-163/senate-section/page/S1398-1399</url>
          </link>
          <link>
            <name>S1416</name>
            <url>https://www.congress.gov/congressional-record/volume-163/senate-section/page/S1416</url>
          </link>
        </links>
        <sourceSystem>
          <name>Senate</name>
          <code>0</code>
        </sourceSystem>
        <text>Submitted in the Senate, considered, and agreed to without amendment and with a preamble by Unanimous Consent. (consideration: CR S1416; text of measure as passed: CR S1398-1399)</text>
        <type>Floor</type>
      </item>
      <item>
        <sourceSystem>
          <name>Library of Congress</name>
          <code>9</code>
        </sourceSystem>
        <type>Floor</type>
        <links>
          <link>
            <name>S1398-1399</name>
            <url>https://www.congress.gov/congressional-record/volume-163/senate-section/page/S1398-1399</url>
          </link>
          <link>
            <name>S1416</name>
            <url>https://www.congress.gov/congressional-record/volume-163/senate-section/page/S1416</url>
          </link>
        </links>
        <text>Passed/agreed to in Senate: Submitted in the Senate, considered, and agreed to without amendment and with a preamble by Unanimous Consent.(consideration: CR S1416; text of measure as passed: CR S1398-1399)</text>
        <committee />
        <actionCode>17000</actionCode>
        <actionDate>2017-02-17</actionDate>
      </item>
      <item>
        <sourceSystem>
          <name>Library of Congress</name>
          <code>9</code>
        </sourceSystem>
        <type>IntroReferral</type>
        <links />
        <text>Introduced in Senate</text>
        <committee />
        <actionCode>10000</actionCode>
        <actionDate>2017-02-17</actionDate>
      </item>
      <actionByCounts>
        <senate>3</senate>
      </actionByCounts>
    </actions>
    <relatedBills>
      <item>
        <relationshipDetails>
          <item>
            <type>Related bill</type>
            <identifiedBy>CRS</identifiedBy>
          </item>
        </relationshipDetails>
        <latestTitle>Supporting the goals and ideals of Career and Technical Education Month.</latestTitle>
        <type>HRES</type>
        <latestAction>
          <text>Sponsor introductory remarks on measure. (CR H1105)</text>
          <actionDate>2018-02-13</actionDate>
        </latestAction>
        <number>730</number>
        <congress>115</congress>
      </item>
    </relatedBills>
    <createDate>2017-02-18T05:14:00Z</createDate>
    <originChamber>Senate</originChamber>
    <version>1.0.0</version>
  </bill>
  <dublinCore xmlns:dc="http://purl.org/dc/elements/1.1/">
    <dc:format>text/xml</dc:format>
    <dc:language>EN</dc:language>
    <dc:rights>Pursuant to Title 17 Section 105 of the United States Code, this file is not subject to copyright protection and is in the public domain.</dc:rights>
    <dc:contributor>Congressional Research Service, Library of Congress</dc:contributor>
    <dc:description>This file contains bill summaries and statuses for federal legislation. A bill summary describes the most significant provisions of a piece of legislation and details the effects the legislative text may have on current law and federal programs. Bill summaries are authored by the Congressional Research Service (CRS) of the Library of Congress. As stated in Public Law 91-510 (2 USC 166 (d)(6)), one of the duties of CRS is "to prepare summaries and digests of bills and resolutions of a public general nature introduced in the Senate or House of Representatives". For more information, refer to the User Guide that accompanies this file.</dc:description>
  </dublinCore>
</billStatus>

