<?xml version="1.0" encoding="UTF-8"?>
<billStatus>
  <bill>
    <sponsors>
      <item>
        <fullName>Sen. Thune, John [R-SD]</fullName>
        <lastName>THUNE</lastName>
        <bioguideId>T000250</bioguideId>
        <party>R</party>
        <middleName>R.</middleName>
        <state>SD</state>
        <firstName>JOHN</firstName>
        <byRequestType />
        <identifiers>
          <gpoId>8257</gpoId>
          <lisID>1534</lisID>
          <bioguideId>T000250</bioguideId>
        </identifiers>
      </item>
    </sponsors>
    <laws />
    <version>1.0.0</version>
    <introducedDate>2017-04-24</introducedDate>
    <cboCostEstimates />
    <titles>
      <item>
        <title>A resolution supporting the goals and ideals of National Safe Digging Month.</title>
        <titleType>Official Title as Introduced</titleType>
        <parentTitleType />
        <chamberCode />
        <chamberName />
      </item>
      <item>
        <title>A resolution supporting the goals and ideals of National Safe Digging Month.</title>
        <titleType>Display Title</titleType>
        <parentTitleType />
        <chamberCode />
        <chamberName />
      </item>
    </titles>
    <amendments />
    <recordedVotes />
    <relatedBills />
    <congress>115</congress>
    <billType>SRES</billType>
    <actions>
      <actionByCounts>
        <senate>6</senate>
      </actionByCounts>
      <actionTypeCounts>
        <referredToCommittee>1</referredToCommittee>
        <senateCommitteeDischarged>1</senateCommitteeDischarged>
        <agreedToInSenate>1</agreedToInSenate>
        <introducedInSenate>1</introducedInSenate>
        <passedAgreedToInSenate>1</passedAgreedToInSenate>
        <committeeDischarged>1</committeeDischarged>
      </actionTypeCounts>
      <item>
        <actionDate>2017-05-02</actionDate>
        <committee />
        <links>
          <link>
            <name>S2684</name>
            <url>https://www.congress.gov/congressional-record/volume-163/senate-section/page/S2684</url>
          </link>
        </links>
        <sourceSystem>
          <code>0</code>
          <name>Senate</name>
        </sourceSystem>
        <text>Resolution agreed to in Senate without amendment and with a preamble by Unanimous Consent. (consideration: CR S2684)</text>
        <type>Floor</type>
      </item>
      <item>
        <text>Passed/agreed to in Senate: Resolution agreed to in Senate without amendment and with a preamble by Unanimous Consent.(consideration: CR S2684)</text>
        <links>
          <link>
            <name>S2684</name>
            <url>https://www.congress.gov/congressional-record/volume-163/senate-section/page/S2684</url>
          </link>
        </links>
        <sourceSystem>
          <code>9</code>
          <name>Library of Congress</name>
        </sourceSystem>
        <actionCode>17000</actionCode>
        <type>Floor</type>
        <committee />
        <actionDate>2017-05-02</actionDate>
      </item>
      <item>
        <actionDate>2017-05-02</actionDate>
        <committee>
          <name>Commerce, Science, and Transportation Committee</name>
          <systemCode>sscm00</systemCode>
        </committee>
        <links>
          <link>
            <name>S2684</name>
            <url>https://www.congress.gov/congressional-record/volume-163/senate-section/page/S2684</url>
          </link>
        </links>
        <sourceSystem>
          <code>0</code>
          <name>Senate</name>
        </sourceSystem>
        <text>Senate Committee on Commerce, Science, and Transportation discharged by Unanimous Consent. (consideration: CR S2684)</text>
        <type>Discharge</type>
      </item>
      <item>
        <text>Senate Committee on Commerce, Science, and Transportation discharged by Unanimous Consent.(consideration: CR S2684)</text>
        <links>
          <link>
            <name>S2684</name>
            <url>https://www.congress.gov/congressional-record/volume-163/senate-section/page/S2684</url>
          </link>
        </links>
        <sourceSystem>
          <code>9</code>
          <name>Library of Congress</name>
        </sourceSystem>
        <actionCode>14500</actionCode>
        <type>Committee</type>
        <committee>
          <name>Commerce, Science, and Transportation Committee</name>
          <systemCode>sscm00</systemCode>
        </committee>
        <actionDate>2017-05-02</actionDate>
      </item>
      <item>
        <actionDate>2017-04-24</actionDate>
        <committee>
          <name>Commerce, Science, and Transportation Committee</name>
          <systemCode>sscm00</systemCode>
        </committee>
        <links>
          <link>
            <name>S2496</name>
            <url>https://www.congress.gov/congressional-record/volume-163/senate-section/page/S2496</url>
          </link>
        </links>
        <sourceSystem>
          <code>0</code>
          <name>Senate</name>
        </sourceSystem>
        <text>Referred to the Committee on Commerce, Science, and Transportation. (text of measure as introduced: CR S2496)</text>
        <type>IntroReferral</type>
      </item>
      <item>
        <text>Introduced in Senate</text>
        <links />
        <sourceSystem>
          <code>9</code>
          <name>Library of Congress</name>
        </sourceSystem>
        <actionCode>10000</actionCode>
        <type>IntroReferral</type>
        <committee />
        <actionDate>2017-04-24</actionDate>
      </item>
    </actions>
    <notes />
    <originChamber>Senate</originChamber>
    <title>A resolution supporting the goals and ideals of National Safe Digging Month.</title>
    <billNumber>137</billNumber>
    <cosponsors>
      <item>
        <identifiers>
          <bioguideId>N000032</bioguideId>
          <gpoId>8236</gpoId>
          <lisID>859</lisID>
        </identifiers>
        <bioguideId>N000032</bioguideId>
        <sponsorshipDate>2017-04-24</sponsorshipDate>
        <middleName>WILLIAM</middleName>
        <fullName>Sen. Nelson, Bill [D-FL]</fullName>
        <sponsorshipWithdrawnDate />
        <state>FL</state>
        <party>D</party>
        <firstName>CLARENCE</firstName>
        <isOriginalCosponsor>True</isOriginalCosponsor>
        <lastName>NELSON</lastName>
      </item>
      <item>
        <identifiers>
          <bioguideId>F000463</bioguideId>
          <lisID>2179</lisID>
          <gpoId />
        </identifiers>
        <bioguideId>F000463</bioguideId>
        <sponsorshipDate>2017-04-24</sponsorshipDate>
        <middleName />
        <fullName>Sen. Fischer, Deb [R-NE]</fullName>
        <sponsorshipWithdrawnDate />
        <state>NE</state>
        <party>R</party>
        <firstName>Deb</firstName>
        <isOriginalCosponsor>True</isOriginalCosponsor>
        <lastName>Fischer</lastName>
      </item>
      <item>
        <identifiers>
          <gpoId />
          <lisID>2194</lisID>
          <bioguideId>B001288</bioguideId>
        </identifiers>
        <bioguideId>B001288</bioguideId>
        <sponsorshipDate>2017-04-24</sponsorshipDate>
        <middleName>A.</middleName>
        <fullName>Sen. Booker, Cory A. [D-NJ]</fullName>
        <sponsorshipWithdrawnDate />
        <state>NJ</state>
        <party>D</party>
        <firstName>Cory</firstName>
        <isOriginalCosponsor>True</isOriginalCosponsor>
        <lastName>Booker</lastName>
      </item>
    </cosponsors>
    <summaries>
      <billSummaries>
        <item>
          <lastSummaryUpdateDate>2017-05-02T15:35:21Z</lastSummaryUpdateDate>
          <updateDate>2017-04-24T04:00:00Z</updateDate>
          <versionCode>00</versionCode>
          <text><![CDATA[<p>Expresses support for the goals of National Safe Digging Month. </p> <p>Encourages homeowners and excavators to call 811 before digging.</p>]]></text>
          <name>Introduced in Senate</name>
          <actionDesc>Introduced in Senate</actionDesc>
          <actionDate>2017-04-24</actionDate>
        </item>
        <item>
          <lastSummaryUpdateDate>2017-06-01T19:45:41Z</lastSummaryUpdateDate>
          <updateDate>2017-05-02T12:30:17Z</updateDate>
          <versionCode>82</versionCode>
          <text><![CDATA[<p>(This measure has not been amended since it was introduced. The summary of that version is repeated here.)</p> <p>Expresses support for the goals of National Safe Digging Month. </p> <p>Encourages homeowners and excavators to call 811 before digging.</p>]]></text>
          <name>Passed Senate without amendment</name>
          <actionDesc>Passed Senate without amendment</actionDesc>
          <actionDate>2017-05-02</actionDate>
        </item>
      </billSummaries>
    </summaries>
    <policyArea>
      <name>Science, Technology, Communications</name>
    </policyArea>
    <latestAction>
      <links />
      <actionDate>2017-05-02</actionDate>
      <text>Resolution agreed to in Senate without amendment and with a preamble by Unanimous Consent. (consideration: CR S2684)</text>
    </latestAction>
    <updateDate>2018-02-06T16:44:05Z</updateDate>
    <committees>
      <billCommittees>
        <item>
          <type>Standing</type>
          <systemCode>sscm00</systemCode>
          <subcommittees />
          <activities>
            <item>
              <date>2017-05-02T21:57:54Z</date>
              <name>Discharged from</name>
            </item>
            <item>
              <date>2017-04-24T21:48:24Z</date>
              <name>Referred to</name>
            </item>
          </activities>
          <chamber>Senate</chamber>
          <name>Commerce, Science, and Transportation Committee</name>
        </item>
      </billCommittees>
    </committees>
    <createDate>2017-04-25T00:26:48Z</createDate>
    <subjects>
      <billSubjects>
        <policyArea>
          <name>Science, Technology, Communications</name>
        </policyArea>
        <legislativeSubjects>
          <item>
            <name>Broadcasting, cable, digital technologies</name>
          </item>
          <item>
            <name>Commemorative events and holidays</name>
          </item>
          <item>
            <name>Electric power generation and transmission</name>
          </item>
          <item>
            <name>Emergency communications systems</name>
          </item>
          <item>
            <name>Pipelines</name>
          </item>
          <item>
            <name>Public utilities and utility rates</name>
          </item>
          <item>
            <name>Water use and supply</name>
          </item>
        </legislativeSubjects>
      </billSubjects>
    </subjects>
    <committeeReports />
    <calendarNumbers />
  </bill>
  <dublinCore xmlns:dc="http://purl.org/dc/elements/1.1/">
    <dc:format>text/xml</dc:format>
    <dc:language>EN</dc:language>
    <dc:rights>Pursuant to Title 17 Section 105 of the United States Code, this file is not subject to copyright protection and is in the public domain.</dc:rights>
    <dc:contributor>Congressional Research Service, Library of Congress</dc:contributor>
    <dc:description>This file contains bill summaries and statuses for federal legislation. A bill summary describes the most significant provisions of a piece of legislation and details the effects the legislative text may have on current law and federal programs. Bill summaries are authored by the Congressional Research Service (CRS) of the Library of Congress. As stated in Public Law 91-510 (2 USC 166 (d)(6)), one of the duties of CRS is "to prepare summaries and digests of bills and resolutions of a public general nature introduced in the Senate or House of Representatives". For more information, refer to the User Guide that accompanies this file.</dc:description>
  </dublinCore>
</billStatus>

