<?xml version="1.0" encoding="UTF-8"?>
<billStatus>
  <bill>
    <cboCostEstimates />
    <summaries>
      <billSummaries>
        <item>
          <text><![CDATA[<p>Expresses support for the goals and ideals of Sickle Cell Disease Awareness Month. (Sickle cell disease is an inherited blood disorder than can lead to pain, anemia, infections, and stroke.)</p> <p>Encourages people to hold events and activities to raise awareness of preventive care programs, treatments, and other patient services for those suffering from sickle cell disease.</p>]]></text>
          <lastSummaryUpdateDate>2018-02-12T19:48:03Z</lastSummaryUpdateDate>
          <versionCode>00</versionCode>
          <actionDate>2017-09-28</actionDate>
          <actionDesc>Introduced in Senate</actionDesc>
          <updateDate>2017-09-28T04:00:00Z</updateDate>
          <name>Introduced in Senate</name>
        </item>
        <item>
          <text><![CDATA[<p>(This measure has not been amended since it was introduced. The summary of that version is repeated here.)</p> <p>Expresses support for the goals and ideals of Sickle Cell Disease Awareness Month. (Sickle cell disease is an inherited blood disorder than can lead to pain, anemia, infections, and stroke.)</p> <p>Encourages people to hold events and activities to raise awareness of preventive care programs, treatments, and other patient services for those suffering from sickle cell disease.</p>]]></text>
          <lastSummaryUpdateDate>2018-02-05T21:20:42Z</lastSummaryUpdateDate>
          <versionCode>82</versionCode>
          <actionDate>2017-09-28</actionDate>
          <actionDesc>Passed Senate without amendment</actionDesc>
          <updateDate>2017-09-28T13:34:13Z</updateDate>
          <name>Passed Senate without amendment</name>
        </item>
      </billSummaries>
    </summaries>
    <billNumber>273</billNumber>
    <actions>
      <actionByCounts>
        <senate>3</senate>
      </actionByCounts>
      <item>
        <actionDate>2017-09-28</actionDate>
        <committee />
        <links>
          <link>
            <name>S6230</name>
            <url>https://www.congress.gov/congressional-record/volume-163/senate-section/page/S6230</url>
          </link>
          <link>
            <name>S6234</name>
            <url>https://www.congress.gov/congressional-record/volume-163/senate-section/page/S6234</url>
          </link>
        </links>
        <sourceSystem>
          <name>Senate</name>
          <code>0</code>
        </sourceSystem>
        <text>Submitted in the Senate, considered, and agreed to without amendment and with a preamble by Unanimous Consent. (consideration: CR S6234; text: CR S6230)</text>
        <type>Floor</type>
      </item>
      <item>
        <text>Passed/agreed to in Senate: Submitted in the Senate, considered, and agreed to without amendment and with a preamble by Unanimous Consent.(consideration: CR S6234; text: CR S6230)</text>
        <sourceSystem>
          <name>Library of Congress</name>
          <code>9</code>
        </sourceSystem>
        <type>Floor</type>
        <actionCode>17000</actionCode>
        <committee />
        <links>
          <link>
            <name>S6230</name>
            <url>https://www.congress.gov/congressional-record/volume-163/senate-section/page/S6230</url>
          </link>
          <link>
            <name>S6234</name>
            <url>https://www.congress.gov/congressional-record/volume-163/senate-section/page/S6234</url>
          </link>
        </links>
        <actionDate>2017-09-28</actionDate>
      </item>
      <item>
        <text>Introduced in Senate</text>
        <sourceSystem>
          <name>Library of Congress</name>
          <code>9</code>
        </sourceSystem>
        <type>IntroReferral</type>
        <actionCode>10000</actionCode>
        <committee />
        <links />
        <actionDate>2017-09-28</actionDate>
      </item>
      <actionTypeCounts>
        <passedOrAgreedToInSenateDayOf>1</passedOrAgreedToInSenateDayOf>
        <passedAgreedToInSenate>1</passedAgreedToInSenate>
        <introducedInSenate>1</introducedInSenate>
      </actionTypeCounts>
    </actions>
    <recordedVotes />
    <relatedBills />
    <committeeReports />
    <congress>115</congress>
    <updateDate>2018-02-20T13:03:30Z</updateDate>
    <createDate>2017-09-29T00:26:24Z</createDate>
    <sponsors>
      <item>
        <firstName>Tim</firstName>
        <byRequestType />
        <bioguideId>S001184</bioguideId>
        <identifiers>
          <lisID>2056</lisID>
          <bioguideId>S001184</bioguideId>
          <gpoId>8141</gpoId>
        </identifiers>
        <state>SC</state>
        <fullName>Sen. Scott, Tim [R-SC]</fullName>
        <lastName>Scott</lastName>
        <middleName />
        <party>R</party>
      </item>
    </sponsors>
    <calendarNumbers />
    <latestAction>
      <links />
      <actionDate>2017-09-28</actionDate>
      <text>Submitted in the Senate, considered, and agreed to without amendment and with a preamble by Unanimous Consent. (consideration: CR S6234; text: CR S6230)</text>
    </latestAction>
    <laws />
    <subjects>
      <billSubjects>
        <policyArea>
          <name>Health</name>
        </policyArea>
        <legislativeSubjects>
          <item>
            <name>Blood and blood diseases</name>
          </item>
          <item>
            <name>Commemorative events and holidays</name>
          </item>
          <item>
            <name>Health promotion and preventive care</name>
          </item>
          <item>
            <name>Hereditary and development disorders</name>
          </item>
          <item>
            <name>Minority health</name>
          </item>
        </legislativeSubjects>
      </billSubjects>
    </subjects>
    <policyArea>
      <name>Health</name>
    </policyArea>
    <committees>
      <billCommittees />
    </committees>
    <billType>SRES</billType>
    <version>1.0.0</version>
    <title>A resolution expressing support for the designation of September 2017 as "Sickle Cell Disease Awareness Month" in order to educate communities across the United States about sickle cell disease and the need for research, early detection methods, effective treatments, and preventative care programs with respect to sickle cell disease, complications from sickle cell disease, and conditions related to sickle cell disease.</title>
    <cosponsors>
      <item>
        <state>NJ</state>
        <party>D</party>
        <fullName>Sen. Booker, Cory A. [D-NJ]</fullName>
        <identifiers>
          <gpoId />
          <lisID>2194</lisID>
          <bioguideId>B001288</bioguideId>
        </identifiers>
        <middleName>A.</middleName>
        <sponsorshipWithdrawnDate />
        <sponsorshipDate>2017-09-28</sponsorshipDate>
        <bioguideId>B001288</bioguideId>
        <lastName>Booker</lastName>
        <firstName>Cory</firstName>
        <isOriginalCosponsor>True</isOriginalCosponsor>
      </item>
      <item>
        <state>GA</state>
        <party>R</party>
        <fullName>Sen. Isakson, Johnny [R-GA]</fullName>
        <identifiers>
          <lisID>1608</lisID>
          <gpoId>8323</gpoId>
          <bioguideId>I000055</bioguideId>
        </identifiers>
        <middleName />
        <sponsorshipWithdrawnDate />
        <sponsorshipDate>2017-09-28</sponsorshipDate>
        <bioguideId>I000055</bioguideId>
        <lastName>Isakson</lastName>
        <firstName>Johnny</firstName>
        <isOriginalCosponsor>True</isOriginalCosponsor>
      </item>
      <item>
        <state>OH</state>
        <party>D</party>
        <fullName>Sen. Brown, Sherrod [D-OH]</fullName>
        <identifiers>
          <lisID>136</lisID>
          <gpoId>8309</gpoId>
          <bioguideId>B000944</bioguideId>
        </identifiers>
        <middleName />
        <sponsorshipWithdrawnDate />
        <sponsorshipDate>2017-09-28</sponsorshipDate>
        <bioguideId>B000944</bioguideId>
        <lastName>BROWN</lastName>
        <firstName>SHERROD</firstName>
        <isOriginalCosponsor>True</isOriginalCosponsor>
      </item>
      <item>
        <state>FL</state>
        <party>R</party>
        <fullName>Sen. Rubio, Marco [R-FL]</fullName>
        <identifiers>
          <gpoId>8242</gpoId>
          <lisID>2084</lisID>
          <bioguideId>R000595</bioguideId>
        </identifiers>
        <middleName />
        <sponsorshipWithdrawnDate />
        <sponsorshipDate>2017-09-28</sponsorshipDate>
        <bioguideId>R000595</bioguideId>
        <lastName>Rubio</lastName>
        <firstName>Marco</firstName>
        <isOriginalCosponsor>True</isOriginalCosponsor>
      </item>
      <item>
        <state>DE</state>
        <party>D</party>
        <fullName>Sen. Coons, Christopher A. [D-DE]</fullName>
        <identifiers>
          <gpoId>8297</gpoId>
          <lisID>1984</lisID>
          <bioguideId>C001088</bioguideId>
        </identifiers>
        <middleName>A.</middleName>
        <sponsorshipWithdrawnDate />
        <sponsorshipDate>2017-09-28</sponsorshipDate>
        <bioguideId>C001088</bioguideId>
        <lastName>Coons</lastName>
        <firstName>Christopher</firstName>
        <isOriginalCosponsor>True</isOriginalCosponsor>
      </item>
      <item>
        <state>MA</state>
        <party>D</party>
        <fullName>Sen. Warren, Elizabeth [D-MA]</fullName>
        <identifiers>
          <lisID>2182</lisID>
          <gpoId />
          <bioguideId>W000817</bioguideId>
        </identifiers>
        <middleName>A.</middleName>
        <sponsorshipWithdrawnDate />
        <sponsorshipDate>2017-09-28</sponsorshipDate>
        <bioguideId>W000817</bioguideId>
        <lastName>Warren</lastName>
        <firstName>Elizabeth</firstName>
        <isOriginalCosponsor>True</isOriginalCosponsor>
      </item>
    </cosponsors>
    <amendments />
    <notes />
    <originChamber>Senate</originChamber>
    <titles>
      <item>
        <title>A resolution expressing support for the designation of September 2017 as "Sickle Cell Disease Awareness Month" in order to educate communities across the United States about sickle cell disease and the need for research, early detection methods, effective treatments, and preventative care programs with respect to sickle cell disease, complications from sickle cell disease, and conditions related to sickle cell disease.</title>
        <titleType>Official Title as Introduced</titleType>
        <chamberName />
        <parentTitleType />
        <chamberCode />
      </item>
      <item>
        <title>A resolution expressing support for the designation of September 2017 as "Sickle Cell Disease Awareness Month" in order to educate communities across the United States about sickle cell disease and the need for research, early detection methods, effective treatments, and preventative care programs with respect to sickle cell disease, complications from sickle cell disease, and conditions related to sickle cell disease.</title>
        <titleType>Display Title</titleType>
        <chamberName />
        <parentTitleType />
        <chamberCode />
      </item>
    </titles>
    <introducedDate>2017-09-28</introducedDate>
  </bill>
  <dublinCore xmlns:dc="http://purl.org/dc/elements/1.1/">
    <dc:format>text/xml</dc:format>
    <dc:language>EN</dc:language>
    <dc:rights>Pursuant to Title 17 Section 105 of the United States Code, this file is not subject to copyright protection and is in the public domain.</dc:rights>
    <dc:contributor>Congressional Research Service, Library of Congress</dc:contributor>
    <dc:description>This file contains bill summaries and statuses for federal legislation. A bill summary describes the most significant provisions of a piece of legislation and details the effects the legislative text may have on current law and federal programs. Bill summaries are authored by the Congressional Research Service (CRS) of the Library of Congress. As stated in Public Law 91-510 (2 USC 166 (d)(6)), one of the duties of CRS is "to prepare summaries and digests of bills and resolutions of a public general nature introduced in the Senate or House of Representatives". For more information, refer to the User Guide that accompanies this file.</dc:description>
  </dublinCore>
</billStatus>

