<?xml version="1.0" encoding="UTF-8"?>
<billStatus>
  <bill>
    <policyArea>
      <name>Sports and Recreation</name>
    </policyArea>
    <committeeReports />
    <congress>115</congress>
    <sponsors>
      <item>
        <identifiers>
          <lisID>1692</lisID>
          <bioguideId>C001056</bioguideId>
          <gpoId>8295</gpoId>
        </identifiers>
        <middleName />
        <byRequestType />
        <fullName>Sen. Cornyn, John [R-TX]</fullName>
        <bioguideId>C001056</bioguideId>
        <state>TX</state>
        <party>R</party>
        <firstName>John</firstName>
        <lastName>Cornyn</lastName>
      </item>
    </sponsors>
    <calendarNumbers />
    <amendments />
    <relatedBills />
    <notes />
    <originChamber>Senate</originChamber>
    <version>1.0.0</version>
    <billNumber>338</billNumber>
    <title>A resolution commending and congratulating the Houston Astros on winning the 2017 Major League Baseball World Series.</title>
    <cosponsors>
      <item>
        <isOriginalCosponsor>True</isOriginalCosponsor>
        <fullName>Sen. Cruz, Ted [R-TX]</fullName>
        <firstName>Ted</firstName>
        <identifiers>
          <bioguideId>C001098</bioguideId>
          <lisID>2175</lisID>
          <gpoId />
        </identifiers>
        <party>R</party>
        <sponsorshipDate>2017-11-16</sponsorshipDate>
        <lastName>Cruz</lastName>
        <bioguideId>C001098</bioguideId>
        <state>TX</state>
        <middleName />
        <sponsorshipWithdrawnDate />
      </item>
    </cosponsors>
    <subjects>
      <billSubjects>
        <policyArea>
          <name>Sports and Recreation</name>
        </policyArea>
        <legislativeSubjects />
      </billSubjects>
    </subjects>
    <laws />
    <actions>
      <actionTypeCounts>
        <passedOrAgreedToInSenateDayOf>1</passedOrAgreedToInSenateDayOf>
        <introducedInSenate>1</introducedInSenate>
        <passedAgreedToInSenate>1</passedAgreedToInSenate>
      </actionTypeCounts>
      <item>
        <actionDate>2017-11-16</actionDate>
        <committee />
        <links>
          <link>
            <url>https://www.congress.gov/congressional-record/volume-163/senate-section/page/S7303-7304</url>
            <name>S7303-7304</name>
          </link>
          <link>
            <url>https://www.congress.gov/congressional-record/volume-163/senate-section/page/S7310</url>
            <name>S7310</name>
          </link>
        </links>
        <sourceSystem>
          <name>Senate</name>
          <code>0</code>
        </sourceSystem>
        <text>Submitted in the Senate, considered, and agreed to without amendment and with a preamble by Unanimous Consent. (consideration: CR S7310; text: CR S7303-7304)</text>
        <type>Floor</type>
      </item>
      <item>
        <text>Passed/agreed to in Senate: Submitted in the Senate, considered, and agreed to without amendment and with a preamble by Unanimous Consent.(consideration: CR S7310; text: CR S7303-7304)</text>
        <links>
          <link>
            <url>https://www.congress.gov/congressional-record/volume-163/senate-section/page/S7303-7304</url>
            <name>S7303-7304</name>
          </link>
          <link>
            <url>https://www.congress.gov/congressional-record/volume-163/senate-section/page/S7310</url>
            <name>S7310</name>
          </link>
        </links>
        <actionDate>2017-11-16</actionDate>
        <committee />
        <sourceSystem>
          <name>Library of Congress</name>
          <code>9</code>
        </sourceSystem>
        <type>Floor</type>
        <actionCode>17000</actionCode>
      </item>
      <item>
        <text>Introduced in Senate</text>
        <links />
        <actionDate>2017-11-16</actionDate>
        <committee />
        <sourceSystem>
          <name>Library of Congress</name>
          <code>9</code>
        </sourceSystem>
        <type>IntroReferral</type>
        <actionCode>10000</actionCode>
      </item>
      <actionByCounts>
        <senate>3</senate>
      </actionByCounts>
    </actions>
    <titles>
      <item>
        <parentTitleType />
        <chamberCode />
        <titleType>Official Title as Introduced</titleType>
        <chamberName />
        <title>A resolution commending and congratulating the Houston Astros on winning the 2017 Major League Baseball World Series.</title>
      </item>
      <item>
        <parentTitleType />
        <chamberCode />
        <titleType>Display Title</titleType>
        <chamberName />
        <title>A resolution commending and congratulating the Houston Astros on winning the 2017 Major League Baseball World Series.</title>
      </item>
    </titles>
    <summaries>
      <billSummaries>
        <item>
          <versionCode>00</versionCode>
          <text><![CDATA[<p>Commends the Houston Astros for winning the 2017 Major League Baseball World Series championship title and for an outstanding performance during the 2017 Major League Baseball season.</p>]]></text>
          <actionDesc>Introduced in Senate</actionDesc>
          <actionDate>2017-11-16</actionDate>
          <lastSummaryUpdateDate>2018-01-17T21:51:45Z</lastSummaryUpdateDate>
          <name>Introduced in Senate</name>
          <updateDate>2017-11-16T05:00:00Z</updateDate>
        </item>
        <item>
          <versionCode>82</versionCode>
          <text><![CDATA[<p>(This measure has not been amended since it was introduced. The summary of that version is repeated here.)</p> <p>Commends the Houston Astros for winning the 2017 Major League Baseball World Series championship title and for an outstanding performance during the 2017 Major League Baseball season.</p>]]></text>
          <actionDesc>Passed Senate without amendment</actionDesc>
          <actionDate>2017-11-16</actionDate>
          <lastSummaryUpdateDate>2018-01-17T21:51:55Z</lastSummaryUpdateDate>
          <name>Passed Senate without amendment</name>
          <updateDate>2017-11-16T14:17:43Z</updateDate>
        </item>
      </billSummaries>
    </summaries>
    <committees>
      <billCommittees />
    </committees>
    <introducedDate>2017-11-16</introducedDate>
    <updateDate>2018-02-06T16:44:17Z</updateDate>
    <cboCostEstimates />
    <recordedVotes />
    <billType>SRES</billType>
    <createDate>2017-11-17T00:41:18Z</createDate>
    <latestAction>
      <text>Submitted in the Senate, considered, and agreed to without amendment and with a preamble by Unanimous Consent. (consideration: CR S7310; text: CR S7303-7304)</text>
      <links />
      <actionDate>2017-11-16</actionDate>
    </latestAction>
  </bill>
  <dublinCore xmlns:dc="http://purl.org/dc/elements/1.1/">
    <dc:format>text/xml</dc:format>
    <dc:language>EN</dc:language>
    <dc:rights>Pursuant to Title 17 Section 105 of the United States Code, this file is not subject to copyright protection and is in the public domain.</dc:rights>
    <dc:contributor>Congressional Research Service, Library of Congress</dc:contributor>
    <dc:description>This file contains bill summaries and statuses for federal legislation. A bill summary describes the most significant provisions of a piece of legislation and details the effects the legislative text may have on current law and federal programs. Bill summaries are authored by the Congressional Research Service (CRS) of the Library of Congress. As stated in Public Law 91-510 (2 USC 166 (d)(6)), one of the duties of CRS is "to prepare summaries and digests of bills and resolutions of a public general nature introduced in the Senate or House of Representatives". For more information, refer to the User Guide that accompanies this file.</dc:description>
  </dublinCore>
</billStatus>

