<?xml version="1.0" encoding="UTF-8"?>
<billStatus>
  <bill>
    <subjects>
      <billSubjects>
        <legislativeSubjects />
      </billSubjects>
    </subjects>
    <cosponsors>
      <item>
        <fullName>Sen. Capito, Shelley Moore [R-WV]</fullName>
        <middleName>MOORE</middleName>
        <party>R</party>
        <isOriginalCosponsor>True</isOriginalCosponsor>
        <firstName>SHELLEY</firstName>
        <bioguideId>C001047</bioguideId>
        <sponsorshipDate>2018-02-28</sponsorshipDate>
        <sponsorshipWithdrawnDate />
        <state>WV</state>
        <lastName>CAPITO</lastName>
        <identifiers>
          <bioguideId>C001047</bioguideId>
          <lisID>1676</lisID>
          <gpoId>8223</gpoId>
        </identifiers>
      </item>
      <item>
        <fullName>Sen. Shaheen, Jeanne [D-NH]</fullName>
        <middleName />
        <party>D</party>
        <isOriginalCosponsor>True</isOriginalCosponsor>
        <firstName>Jeanne</firstName>
        <bioguideId>S001181</bioguideId>
        <sponsorshipDate>2018-02-28</sponsorshipDate>
        <sponsorshipWithdrawnDate />
        <state>NH</state>
        <lastName>Shaheen</lastName>
        <identifiers>
          <bioguideId>S001181</bioguideId>
          <lisID>1901</lisID>
          <gpoId>8276</gpoId>
        </identifiers>
      </item>
      <item>
        <fullName>Sen. Coons, Christopher A. [D-DE]</fullName>
        <middleName>A.</middleName>
        <party>D</party>
        <isOriginalCosponsor>True</isOriginalCosponsor>
        <firstName>Christopher</firstName>
        <bioguideId>C001088</bioguideId>
        <sponsorshipDate>2018-02-28</sponsorshipDate>
        <sponsorshipWithdrawnDate />
        <state>DE</state>
        <lastName>Coons</lastName>
        <identifiers>
          <gpoId>8297</gpoId>
          <bioguideId>C001088</bioguideId>
          <lisID>1984</lisID>
        </identifiers>
      </item>
      <item>
        <fullName>Sen. Isakson, Johnny [R-GA]</fullName>
        <middleName />
        <party>R</party>
        <isOriginalCosponsor>True</isOriginalCosponsor>
        <firstName>Johnny</firstName>
        <bioguideId>I000055</bioguideId>
        <sponsorshipDate>2018-02-28</sponsorshipDate>
        <sponsorshipWithdrawnDate />
        <state>GA</state>
        <lastName>Isakson</lastName>
        <identifiers>
          <lisID>1608</lisID>
          <gpoId>8323</gpoId>
          <bioguideId>I000055</bioguideId>
        </identifiers>
      </item>
      <item>
        <fullName>Sen. Manchin, Joe, III [D-WV]</fullName>
        <middleName />
        <party>D</party>
        <isOriginalCosponsor>True</isOriginalCosponsor>
        <firstName>Joe</firstName>
        <bioguideId>M001183</bioguideId>
        <sponsorshipDate>2018-02-28</sponsorshipDate>
        <sponsorshipWithdrawnDate />
        <state>WV</state>
        <lastName>Manchin</lastName>
        <identifiers>
          <gpoId>8256</gpoId>
          <lisID>1983</lisID>
          <bioguideId>M001183</bioguideId>
        </identifiers>
      </item>
    </cosponsors>
    <introducedDate>2018-02-28</introducedDate>
    <cboCostEstimates />
    <latestAction>
      <text>Submitted in the Senate, considered, and agreed to without amendment and with a preamble by Unanimous Consent. (consideration: CR S1293; text: CR S1290)</text>
      <actionDate>2018-02-28</actionDate>
      <links />
    </latestAction>
    <notes />
    <billType>SRES</billType>
    <originChamber>Senate</originChamber>
    <summaries>
      <billSummaries />
    </summaries>
    <amendments />
    <relatedBills />
    <updateDate>2018-03-01T14:12:21Z</updateDate>
    <policyArea />
    <sponsors>
      <item>
        <firstName>Bob</firstName>
        <middleName />
        <lastName>Casey</lastName>
        <fullName>Sen. Casey, Robert P., Jr. [D-PA]</fullName>
        <bioguideId>C001070</bioguideId>
        <state>PA</state>
        <byRequestType />
        <identifiers>
          <bioguideId>C001070</bioguideId>
          <lisID>1828</lisID>
          <gpoId>8282</gpoId>
        </identifiers>
        <party>D</party>
      </item>
    </sponsors>
    <committeeReports />
    <billNumber>418</billNumber>
    <titles>
      <item>
        <parentTitleType />
        <titleType>Official Title as Introduced</titleType>
        <chamberCode />
        <chamberName />
        <title>A resolution expressing support for the designation of March 21, 2018 as "National Rosie the Riveter Day".</title>
      </item>
      <item>
        <parentTitleType />
        <titleType>Display Title</titleType>
        <chamberCode />
        <chamberName />
        <title>A resolution expressing support for the designation of March 21, 2018 as "National Rosie the Riveter Day".</title>
      </item>
    </titles>
    <calendarNumbers />
    <createDate>2018-03-01T05:41:03Z</createDate>
    <title>A resolution expressing support for the designation of March 21, 2018 as "National Rosie the Riveter Day".</title>
    <congress>115</congress>
    <version>1.0.0</version>
    <committees>
      <billCommittees />
    </committees>
    <laws />
    <actions>
      <item>
        <actionDate>2018-02-28</actionDate>
        <committee />
        <links>
          <link>
            <url>https://www.congress.gov/congressional-record/volume-164/senate-section/page/S1290</url>
            <name>S1290</name>
          </link>
          <link>
            <url>https://www.congress.gov/congressional-record/volume-164/senate-section/page/S1293</url>
            <name>S1293</name>
          </link>
        </links>
        <sourceSystem>
          <code>0</code>
          <name>Senate</name>
        </sourceSystem>
        <text>Submitted in the Senate, considered, and agreed to without amendment and with a preamble by Unanimous Consent. (consideration: CR S1293; text: CR S1290)</text>
        <type>Floor</type>
      </item>
      <item>
        <type>Floor</type>
        <actionCode>17000</actionCode>
        <committee />
        <sourceSystem>
          <code>9</code>
          <name>Library of Congress</name>
        </sourceSystem>
        <text>Passed/agreed to in Senate: Submitted in the Senate, considered, and agreed to without amendment and with a preamble by Unanimous Consent.</text>
        <actionDate>2018-02-28</actionDate>
        <links />
      </item>
      <item>
        <type>IntroReferral</type>
        <actionCode>10000</actionCode>
        <committee />
        <sourceSystem>
          <code>9</code>
          <name>Library of Congress</name>
        </sourceSystem>
        <text>Introduced in Senate</text>
        <actionDate>2018-02-28</actionDate>
        <links />
      </item>
      <actionTypeCounts>
        <passedOrAgreedToInSenateDayOf>1</passedOrAgreedToInSenateDayOf>
        <passedAgreedToInSenate>1</passedAgreedToInSenate>
        <introducedInSenate>1</introducedInSenate>
      </actionTypeCounts>
      <actionByCounts>
        <senate>3</senate>
      </actionByCounts>
    </actions>
    <recordedVotes />
  </bill>
  <dublinCore xmlns:dc="http://purl.org/dc/elements/1.1/">
    <dc:format>text/xml</dc:format>
    <dc:language>EN</dc:language>
    <dc:rights>Pursuant to Title 17 Section 105 of the United States Code, this file is not subject to copyright protection and is in the public domain.</dc:rights>
    <dc:contributor>Congressional Research Service, Library of Congress</dc:contributor>
    <dc:description>This file contains bill summaries and statuses for federal legislation. A bill summary describes the most significant provisions of a piece of legislation and details the effects the legislative text may have on current law and federal programs. Bill summaries are authored by the Congressional Research Service (CRS) of the Library of Congress. As stated in Public Law 91-510 (2 USC 166 (d)(6)), one of the duties of CRS is "to prepare summaries and digests of bills and resolutions of a public general nature introduced in the Senate or House of Representatives". For more information, refer to the User Guide that accompanies this file.</dc:description>
  </dublinCore>
</billStatus>

