<?xml version="1.0" encoding="UTF-8"?>
<billStatus>
  <bill>
    <policyArea>
      <name>International Affairs</name>
    </policyArea>
    <introducedDate>2017-06-29</introducedDate>
    <cosponsors />
    <congress>115</congress>
    <recordedVotes />
    <amendments />
    <laws />
    <cboCostEstimates />
    <actions>
      <actionByCounts>
        <senate>3</senate>
      </actionByCounts>
      <item>
        <actionDate>2017-06-29</actionDate>
        <committee />
        <links>
          <link>
            <name>S3842</name>
            <url>https://www.congress.gov/congressional-record/volume-163/senate-section/page/S3842</url>
          </link>
          <link>
            <name>S3863</name>
            <url>https://www.congress.gov/congressional-record/volume-163/senate-section/page/S3863</url>
          </link>
        </links>
        <sourceSystem>
          <name>Senate</name>
          <code>0</code>
        </sourceSystem>
        <text>Submitted in the Senate, considered, and agreed to without amendment by Voice Vote. (consideration: CR S3842; text: CR S3863)</text>
        <type>Floor</type>
      </item>
      <item>
        <text>Passed/agreed to in Senate: Submitted in the Senate, considered, and agreed to without amendment by Voice Vote.(consideration: CR S3842; text: CR S3863)</text>
        <type>Floor</type>
        <sourceSystem>
          <name>Library of Congress</name>
          <code>9</code>
        </sourceSystem>
        <committee />
        <actionCode>17000</actionCode>
        <actionDate>2017-06-29</actionDate>
        <links>
          <link>
            <name>S3842</name>
            <url>https://www.congress.gov/congressional-record/volume-163/senate-section/page/S3842</url>
          </link>
          <link>
            <name>S3863</name>
            <url>https://www.congress.gov/congressional-record/volume-163/senate-section/page/S3863</url>
          </link>
        </links>
      </item>
      <item>
        <text>Introduced in Senate</text>
        <type>IntroReferral</type>
        <sourceSystem>
          <name>Library of Congress</name>
          <code>9</code>
        </sourceSystem>
        <committee />
        <actionCode>10000</actionCode>
        <actionDate>2017-06-29</actionDate>
        <links />
      </item>
      <actionTypeCounts>
        <passedOrAgreedToInSenateDayOf>1</passedOrAgreedToInSenateDayOf>
        <passedAgreedToInSenate>1</passedAgreedToInSenate>
        <introducedInSenate>1</introducedInSenate>
      </actionTypeCounts>
    </actions>
    <latestAction>
      <text>Submitted in the Senate, considered, and agreed to without amendment by Voice Vote. (consideration: CR S3842; text: CR S3863)</text>
      <actionDate>2017-06-29</actionDate>
      <links />
    </latestAction>
    <titles>
      <item>
        <parentTitleType />
        <chamberCode />
        <chamberName />
        <titleType>Official Title as Introduced</titleType>
        <title>A resolution to correct the engrossment of S. 722.</title>
      </item>
      <item>
        <parentTitleType />
        <chamberCode />
        <chamberName />
        <titleType>Display Title</titleType>
        <title>A resolution to correct the engrossment of S. 722.</title>
      </item>
    </titles>
    <summaries>
      <billSummaries>
        <item>
          <versionCode>00</versionCode>
          <actionDate>2017-06-29</actionDate>
          <updateDate>2017-06-29T04:00:00Z</updateDate>
          <text><![CDATA[<p>Directs the Secretary of the Senate to correct the engrossment of S. 722 (Countering Iran's Destabilizing Activities Act of 2017) to: (1) limit provisions governing the House of Representatives' consideration of a joint resolution approving or disapproving action relating to the application of sanctions imposed with respect to the Russian Federation proposed by the President to those providing that if a House committee to which such a joint resolution has been referred has not reported the resolution within 10 calendar days after the date of referral, that committee shall be discharged from further consideration of the resolution; and (2) provide that no provision of the bill affecting sanctions or licensing actions shall apply to any portion of a sanction or licensing action that affects the importation of goods.</p>]]></text>
          <actionDesc>Introduced in Senate</actionDesc>
          <name>Introduced in Senate</name>
          <lastSummaryUpdateDate>2017-09-29T19:53:49Z</lastSummaryUpdateDate>
        </item>
        <item>
          <versionCode>82</versionCode>
          <actionDate>2017-06-29</actionDate>
          <updateDate>2017-06-29T19:06:04Z</updateDate>
          <text><![CDATA[<p>(This measure has not been amended since it was introduced. The summary of that version is repeated here.)</p> <p>Directs the Secretary of the Senate to correct the engrossment of S. 722 (Countering Iran's Destabilizing Activities Act of 2017) to: (1) limit provisions governing the House of Representatives' consideration of a joint resolution approving or disapproving action relating to the application of sanctions imposed with respect to the Russian Federation proposed by the President to those providing that if a House committee to which such a joint resolution has been referred has not reported the resolution within 10 calendar days after the date of referral, that committee shall be discharged from further consideration of the resolution; and (2) provide that no provision of the bill affecting sanctions or licensing actions shall apply to any portion of a sanction or licensing action that affects the importation of goods.</p>]]></text>
          <actionDesc>Passed Senate without amendment</actionDesc>
          <name>Passed Senate without amendment</name>
          <lastSummaryUpdateDate>2017-09-29T19:46:53Z</lastSummaryUpdateDate>
        </item>
      </billSummaries>
    </summaries>
    <title>A resolution to correct the engrossment of S. 722.</title>
    <calendarNumbers />
    <originChamber>Senate</originChamber>
    <updateDate>2018-02-06T16:44:10Z</updateDate>
    <notes />
    <billType>SRES</billType>
    <committees>
      <billCommittees />
    </committees>
    <relatedBills>
      <item>
        <congress>115</congress>
        <number>722</number>
        <type>S</type>
        <relationshipDetails>
          <item>
            <type>Related bill</type>
            <identifiedBy>CRS</identifiedBy>
          </item>
        </relationshipDetails>
        <latestTitle>Countering Iran's Destabilizing Activities Act of 2017</latestTitle>
        <latestAction>
          <text>Message on Senate action sent to the House.</text>
          <actionDate>2017-06-29</actionDate>
        </latestAction>
      </item>
    </relatedBills>
    <committeeReports />
    <billNumber>210</billNumber>
    <sponsors>
      <item>
        <byRequestType />
        <state>TN</state>
        <bioguideId>C001071</bioguideId>
        <identifiers>
          <bioguideId>C001071</bioguideId>
          <lisID>1825</lisID>
          <gpoId>8294</gpoId>
        </identifiers>
        <fullName>Sen. Corker, Bob [R-TN]</fullName>
        <lastName>Corker</lastName>
        <firstName>Bob</firstName>
        <middleName />
        <party>R</party>
      </item>
    </sponsors>
    <createDate>2017-06-30T00:41:33Z</createDate>
    <version>1.0.0</version>
    <subjects>
      <billSubjects>
        <legislativeSubjects>
          <item>
            <name>House of Representatives</name>
          </item>
          <item>
            <name>Legislative rules and procedure</name>
          </item>
          <item>
            <name>Russia</name>
          </item>
          <item>
            <name>Sanctions</name>
          </item>
          <item>
            <name>Trade restrictions</name>
          </item>
        </legislativeSubjects>
        <policyArea>
          <name>International Affairs</name>
        </policyArea>
      </billSubjects>
    </subjects>
  </bill>
  <dublinCore xmlns:dc="http://purl.org/dc/elements/1.1/">
    <dc:format>text/xml</dc:format>
    <dc:language>EN</dc:language>
    <dc:rights>Pursuant to Title 17 Section 105 of the United States Code, this file is not subject to copyright protection and is in the public domain.</dc:rights>
    <dc:contributor>Congressional Research Service, Library of Congress</dc:contributor>
    <dc:description>This file contains bill summaries and statuses for federal legislation. A bill summary describes the most significant provisions of a piece of legislation and details the effects the legislative text may have on current law and federal programs. Bill summaries are authored by the Congressional Research Service (CRS) of the Library of Congress. As stated in Public Law 91-510 (2 USC 166 (d)(6)), one of the duties of CRS is "to prepare summaries and digests of bills and resolutions of a public general nature introduced in the Senate or House of Representatives". For more information, refer to the User Guide that accompanies this file.</dc:description>
  </dublinCore>
</billStatus>

