<?xml version="1.0" encoding="UTF-8"?>
<billStatus>
  <bill>
    <cosponsors>
      <item>
        <lastName>CARDIN</lastName>
        <sponsorshipDate>2017-03-30</sponsorshipDate>
        <party>D</party>
        <state>MD</state>
        <bioguideId>C000141</bioguideId>
        <middleName>L.</middleName>
        <sponsorshipWithdrawnDate />
        <fullName>Sen. Cardin, Benjamin L. [D-MD]</fullName>
        <firstName>BENJAMIN</firstName>
        <isOriginalCosponsor>True</isOriginalCosponsor>
        <identifiers>
          <gpoId>8287</gpoId>
          <lisID>174</lisID>
          <bioguideId>C000141</bioguideId>
        </identifiers>
      </item>
      <item>
        <lastName>Johnson</lastName>
        <sponsorshipDate>2017-04-05</sponsorshipDate>
        <party>R</party>
        <state>WI</state>
        <bioguideId>J000293</bioguideId>
        <middleName />
        <sponsorshipWithdrawnDate />
        <fullName>Sen. Johnson, Ron [R-WI]</fullName>
        <firstName>Ron</firstName>
        <isOriginalCosponsor>False</isOriginalCosponsor>
        <identifiers>
          <gpoId>8355</gpoId>
          <bioguideId>J000293</bioguideId>
          <lisID>2086</lisID>
        </identifiers>
      </item>
      <item>
        <lastName>Shaheen</lastName>
        <sponsorshipDate>2017-04-06</sponsorshipDate>
        <party>D</party>
        <state>NH</state>
        <bioguideId>S001181</bioguideId>
        <middleName />
        <sponsorshipWithdrawnDate />
        <fullName>Sen. Shaheen, Jeanne [D-NH]</fullName>
        <firstName>Jeanne</firstName>
        <isOriginalCosponsor>False</isOriginalCosponsor>
        <identifiers>
          <bioguideId>S001181</bioguideId>
          <lisID>1901</lisID>
          <gpoId>8276</gpoId>
        </identifiers>
      </item>
      <item>
        <lastName>INHOFE</lastName>
        <sponsorshipDate>2017-04-27</sponsorshipDate>
        <party>R</party>
        <state>OK</state>
        <bioguideId>I000024</bioguideId>
        <middleName />
        <sponsorshipWithdrawnDate />
        <fullName>Sen. Inhofe, James M. [R-OK]</fullName>
        <firstName>JIM</firstName>
        <isOriginalCosponsor>False</isOriginalCosponsor>
        <identifiers>
          <lisID>583</lisID>
          <bioguideId>I000024</bioguideId>
          <gpoId>8322</gpoId>
        </identifiers>
      </item>
      <item>
        <lastName>Boozman</lastName>
        <sponsorshipDate>2017-05-01</sponsorshipDate>
        <party>R</party>
        <state>AR</state>
        <bioguideId>B001236</bioguideId>
        <middleName />
        <sponsorshipWithdrawnDate />
        <fullName>Sen. Boozman, John [R-AR]</fullName>
        <firstName>John</firstName>
        <isOriginalCosponsor>False</isOriginalCosponsor>
        <identifiers>
          <gpoId>8247</gpoId>
          <bioguideId>B001236</bioguideId>
          <lisID>1687</lisID>
        </identifiers>
      </item>
      <item>
        <lastName>Cotton</lastName>
        <sponsorshipDate>2017-05-08</sponsorshipDate>
        <party>R</party>
        <state>AR</state>
        <bioguideId>C001095</bioguideId>
        <middleName />
        <sponsorshipWithdrawnDate />
        <fullName>Sen. Cotton, Tom [R-AR]</fullName>
        <firstName>Tom</firstName>
        <isOriginalCosponsor>False</isOriginalCosponsor>
        <identifiers>
          <bioguideId>C001095</bioguideId>
          <lisID>2098</lisID>
          <gpoId />
        </identifiers>
      </item>
      <item>
        <lastName>CAPITO</lastName>
        <sponsorshipDate>2017-05-17</sponsorshipDate>
        <party>R</party>
        <state>WV</state>
        <bioguideId>C001047</bioguideId>
        <middleName>MOORE</middleName>
        <sponsorshipWithdrawnDate />
        <fullName>Sen. Capito, Shelley Moore [R-WV]</fullName>
        <firstName>SHELLEY</firstName>
        <isOriginalCosponsor>False</isOriginalCosponsor>
        <identifiers>
          <bioguideId>C001047</bioguideId>
          <gpoId>8223</gpoId>
          <lisID>1676</lisID>
        </identifiers>
      </item>
      <item>
        <lastName>Perdue</lastName>
        <sponsorshipDate>2017-05-17</sponsorshipDate>
        <party>R</party>
        <state>GA</state>
        <bioguideId>P000612</bioguideId>
        <middleName>Alfred</middleName>
        <sponsorshipWithdrawnDate />
        <fullName>Sen. Perdue, David [R-GA]</fullName>
        <firstName>David</firstName>
        <isOriginalCosponsor>False</isOriginalCosponsor>
        <identifiers>
          <gpoId />
          <bioguideId>P000612</bioguideId>
          <lisID>2286</lisID>
        </identifiers>
      </item>
      <item>
        <lastName>COLLINS</lastName>
        <sponsorshipDate>2017-05-23</sponsorshipDate>
        <party>R</party>
        <state>ME</state>
        <bioguideId>C001035</bioguideId>
        <middleName>MARGARET</middleName>
        <sponsorshipWithdrawnDate />
        <fullName>Sen. Collins, Susan M. [R-ME]</fullName>
        <firstName>SUSAN</firstName>
        <isOriginalCosponsor>False</isOriginalCosponsor>
        <identifiers>
          <bioguideId>C001035</bioguideId>
          <lisID>1541</lisID>
          <gpoId>8291</gpoId>
        </identifiers>
      </item>
      <item>
        <lastName>Gardner</lastName>
        <sponsorshipDate>2017-05-25</sponsorshipDate>
        <party>R</party>
        <state>CO</state>
        <bioguideId>G000562</bioguideId>
        <middleName />
        <sponsorshipWithdrawnDate />
        <fullName>Sen. Gardner, Cory [R-CO]</fullName>
        <firstName>Cory</firstName>
        <isOriginalCosponsor>False</isOriginalCosponsor>
        <identifiers>
          <lisID>1998</lisID>
          <gpoId>7862</gpoId>
          <bioguideId>G000562</bioguideId>
        </identifiers>
      </item>
    </cosponsors>
    <congress>115</congress>
    <committees>
      <billCommittees>
        <item>
          <chamber>Senate</chamber>
          <subcommittees />
          <systemCode>ssfr00</systemCode>
          <name>Foreign Relations Committee</name>
          <activities>
            <item>
              <name>Referred to</name>
              <date>2017-03-30T20:14:50Z</date>
            </item>
          </activities>
          <type>Standing</type>
        </item>
      </billCommittees>
    </committees>
    <laws />
    <titles>
      <item>
        <parentTitleType />
        <chamberCode />
        <titleType>Official Title as Introduced</titleType>
        <chamberName />
        <title>A resolution expressing the sense of the Senate to support the territorial integrity of Georgia.</title>
      </item>
      <item>
        <parentTitleType />
        <chamberCode />
        <titleType>Display Title</titleType>
        <chamberName />
        <title>A resolution expressing the sense of the Senate to support the territorial integrity of Georgia.</title>
      </item>
    </titles>
    <billType>SRES</billType>
    <amendments />
    <recordedVotes />
    <actions>
      <actionByCounts>
        <senate>2</senate>
      </actionByCounts>
      <actionTypeCounts>
        <referredToCommittee>1</referredToCommittee>
        <introducedInSenate>1</introducedInSenate>
      </actionTypeCounts>
      <item>
        <actionDate>2017-03-30</actionDate>
        <committee>
          <name>Foreign Relations Committee</name>
          <systemCode>ssfr00</systemCode>
        </committee>
        <links>
          <link>
            <name>S2155-2156</name>
            <url>https://www.congress.gov/congressional-record/volume-163/senate-section/page/S2155-2156</url>
          </link>
        </links>
        <sourceSystem>
          <code>0</code>
          <name>Senate</name>
        </sourceSystem>
        <text>Referred to the Committee on Foreign Relations. (text of measure as introduced: CR S2155-2156)</text>
        <type>IntroReferral</type>
      </item>
      <item>
        <text>Introduced in Senate</text>
        <links />
        <sourceSystem>
          <code>9</code>
          <name>Library of Congress</name>
        </sourceSystem>
        <actionCode>10000</actionCode>
        <type>IntroReferral</type>
        <committee />
        <actionDate>2017-03-30</actionDate>
      </item>
    </actions>
    <introducedDate>2017-03-30</introducedDate>
    <relatedBills />
    <committeeReports />
    <calendarNumbers />
    <billNumber>106</billNumber>
    <summaries>
      <billSummaries>
        <item>
          <text><![CDATA[<p>Supports the U.S. Stimson Doctrine to not recognize territorial changes effected by force, and affirms that this policy should continue to guide U.S. foreign policy.</p> <p> Condemns Russia's military intervention and occupation of Georgia and its continuous illegal activities along the occupation line in Abkhazia and Tskhinvali region/South Ossetia.</p> <p> Calls upon the governement of Russia to: (1) withdraw its recognition of Georgia's territories of Abkhazia and the Tskhinvali region/South Ossetia as independent countries, (2) refrain from acts and policies that undermine Georgia's sovereignty and territorial integrity, and (3) take steps to fulfill the August 12, 2008, Ceasefire Agreement between Georgia and the Russian Federation. </p> <p>Urges the United States to declare that it will not recognize Russian de jure or de facto sovereignty over any part of Georgia, including Abkhazia and the Tskhinvali region/South Ossetia.</p> <p>Urges the President to: (1) deepen cooperation with Georgia, including Georgia's advancement towards Euro-Atlantic integration; and (2) place emphasis on enhancing Georgia's security through joint military training and the provision of self-defensive capabilities. </p> <p>Affirms that a free, united, democratic, and sovereign Georgia is in the long-term U.S. interest.</p>]]></text>
          <actionDate>2017-03-30</actionDate>
          <updateDate>2017-03-30T04:00:00Z</updateDate>
          <lastSummaryUpdateDate>2017-04-08T14:30:18Z</lastSummaryUpdateDate>
          <name>Introduced in Senate</name>
          <actionDesc>Introduced in Senate</actionDesc>
          <versionCode>00</versionCode>
        </item>
      </billSummaries>
    </summaries>
    <cboCostEstimates />
    <updateDate>2018-02-06T16:44:03Z</updateDate>
    <policyArea>
      <name>International Affairs</name>
    </policyArea>
    <latestAction>
      <text>Referred to the Committee on Foreign Relations. (text of measure as introduced: CR S2155-2156)</text>
      <actionDate>2017-03-30</actionDate>
      <links />
    </latestAction>
    <subjects>
      <billSubjects>
        <legislativeSubjects>
          <item>
            <name>Asia</name>
          </item>
          <item>
            <name>Europe</name>
          </item>
          <item>
            <name>Georgia (Republic)</name>
          </item>
          <item>
            <name>International organizations and cooperation</name>
          </item>
          <item>
            <name>Military education and training</name>
          </item>
          <item>
            <name>Military operations and strategy</name>
          </item>
          <item>
            <name>Russia</name>
          </item>
          <item>
            <name>Sovereignty, recognition, national governance and status</name>
          </item>
        </legislativeSubjects>
        <policyArea>
          <name>International Affairs</name>
        </policyArea>
      </billSubjects>
    </subjects>
    <title>A resolution expressing the sense of the Senate to support the territorial integrity of Georgia.</title>
    <version>1.0.0</version>
    <sponsors>
      <item>
        <byRequestType />
        <party>R</party>
        <fullName>Sen. Wicker, Roger F. [R-MS]</fullName>
        <bioguideId>W000437</bioguideId>
        <state>MS</state>
        <lastName>WICKER</lastName>
        <middleName>F.</middleName>
        <firstName>ROGER</firstName>
        <identifiers>
          <lisID>1226</lisID>
          <gpoId>8263</gpoId>
          <bioguideId>W000437</bioguideId>
        </identifiers>
      </item>
    </sponsors>
    <notes />
    <createDate>2017-03-31T05:07:11Z</createDate>
    <originChamber>Senate</originChamber>
  </bill>
  <dublinCore xmlns:dc="http://purl.org/dc/elements/1.1/">
    <dc:format>text/xml</dc:format>
    <dc:language>EN</dc:language>
    <dc:rights>Pursuant to Title 17 Section 105 of the United States Code, this file is not subject to copyright protection and is in the public domain.</dc:rights>
    <dc:contributor>Congressional Research Service, Library of Congress</dc:contributor>
    <dc:description>This file contains bill summaries and statuses for federal legislation. A bill summary describes the most significant provisions of a piece of legislation and details the effects the legislative text may have on current law and federal programs. Bill summaries are authored by the Congressional Research Service (CRS) of the Library of Congress. As stated in Public Law 91-510 (2 USC 166 (d)(6)), one of the duties of CRS is "to prepare summaries and digests of bills and resolutions of a public general nature introduced in the Senate or House of Representatives". For more information, refer to the User Guide that accompanies this file.</dc:description>
  </dublinCore>
</billStatus>

