<?xml version="1.0" encoding="UTF-8"?>
<billStatus>
  <bill>
    <committeeReports />
    <laws />
    <updateDate>2018-02-28T19:17:53Z</updateDate>
    <notes />
    <billNumber>395</billNumber>
    <introducedDate>2018-02-07</introducedDate>
    <calendarNumbers />
    <title>A resolution expressing the sense of the Senate that ambush marketing adversely affects the United States Olympic and Paralympic teams.</title>
    <originChamber>Senate</originChamber>
    <billType>SRES</billType>
    <actions>
      <actionTypeCounts>
        <referredToCommittee>1</referredToCommittee>
        <introducedInSenate>1</introducedInSenate>
      </actionTypeCounts>
      <actionByCounts>
        <senate>2</senate>
      </actionByCounts>
      <item>
        <actionDate>2018-02-07</actionDate>
        <committee>
          <name>Commerce, Science, and Transportation Committee</name>
          <systemCode>sscm00</systemCode>
        </committee>
        <links>
          <link>
            <name>S706</name>
            <url>https://www.congress.gov/congressional-record/volume-164/senate-section/page/S706</url>
          </link>
        </links>
        <sourceSystem>
          <name>Senate</name>
          <code>0</code>
        </sourceSystem>
        <text>Referred to the Committee on Commerce, Science, and Transportation. (text of measure as introduced: CR S706)</text>
        <type>IntroReferral</type>
      </item>
      <item>
        <text>Introduced in Senate</text>
        <actionDate>2018-02-07</actionDate>
        <sourceSystem>
          <name>Library of Congress</name>
          <code>9</code>
        </sourceSystem>
        <type>IntroReferral</type>
        <actionCode>10000</actionCode>
        <committee />
        <links />
      </item>
    </actions>
    <version>1.0.0</version>
    <summaries>
      <billSummaries />
    </summaries>
    <committees>
      <billCommittees>
        <item>
          <systemCode>sscm00</systemCode>
          <activities>
            <item>
              <name>Referred to</name>
              <date>2018-02-07T17:15:54Z</date>
            </item>
          </activities>
          <subcommittees />
          <type>Standing</type>
          <name>Commerce, Science, and Transportation Committee</name>
          <chamber>Senate</chamber>
        </item>
      </billCommittees>
    </committees>
    <createDate>2018-02-08T02:26:00Z</createDate>
    <subjects>
      <billSubjects>
        <legislativeSubjects>
          <item>
            <name>Disability and paralysis</name>
          </item>
          <item>
            <name>Marketing and advertising</name>
          </item>
          <item>
            <name>Olympic games</name>
          </item>
        </legislativeSubjects>
        <policyArea>
          <name>Sports and Recreation</name>
        </policyArea>
      </billSubjects>
    </subjects>
    <recordedVotes />
    <congress>115</congress>
    <relatedBills />
    <titles>
      <item>
        <titleType>Official Title as Introduced</titleType>
        <chamberName />
        <parentTitleType />
        <title>A resolution expressing the sense of the Senate that ambush marketing adversely affects the United States Olympic and Paralympic teams.</title>
        <chamberCode />
      </item>
      <item>
        <titleType>Display Title</titleType>
        <chamberName />
        <parentTitleType />
        <title>A resolution expressing the sense of the Senate that ambush marketing adversely affects the United States Olympic and Paralympic teams.</title>
        <chamberCode />
      </item>
    </titles>
    <cboCostEstimates />
    <sponsors>
      <item>
        <lastName>THUNE</lastName>
        <identifiers>
          <bioguideId>T000250</bioguideId>
          <lisID>1534</lisID>
          <gpoId>8257</gpoId>
        </identifiers>
        <party>R</party>
        <firstName>JOHN</firstName>
        <middleName>R.</middleName>
        <fullName>Sen. Thune, John [R-SD]</fullName>
        <bioguideId>T000250</bioguideId>
        <state>SD</state>
        <byRequestType />
      </item>
    </sponsors>
    <latestAction>
      <links />
      <actionDate>2018-02-07</actionDate>
      <text>Referred to the Committee on Commerce, Science, and Transportation. (text of measure as introduced: CR S706)</text>
    </latestAction>
    <amendments />
    <policyArea>
      <name>Sports and Recreation</name>
    </policyArea>
    <cosponsors>
      <item>
        <identifiers>
          <gpoId>8314</gpoId>
          <lisID>1351</lisID>
          <bioguideId>H000338</bioguideId>
        </identifiers>
        <middleName>GRANT</middleName>
        <state>UT</state>
        <bioguideId>H000338</bioguideId>
        <firstName>ORRIN</firstName>
        <sponsorshipWithdrawnDate />
        <sponsorshipDate>2018-02-07</sponsorshipDate>
        <fullName>Sen. Hatch, Orrin G. [R-UT]</fullName>
        <lastName>HATCH</lastName>
        <party>R</party>
        <isOriginalCosponsor>True</isOriginalCosponsor>
      </item>
      <item>
        <identifiers>
          <gpoId>8302</gpoId>
          <lisID>1965</lisID>
          <bioguideId>B001267</bioguideId>
        </identifiers>
        <middleName>F.</middleName>
        <state>CO</state>
        <bioguideId>B001267</bioguideId>
        <firstName>Michael</firstName>
        <sponsorshipWithdrawnDate />
        <sponsorshipDate>2018-02-07</sponsorshipDate>
        <fullName>Sen. Bennet, Michael F. [D-CO]</fullName>
        <lastName>Bennet</lastName>
        <party>D</party>
        <isOriginalCosponsor>True</isOriginalCosponsor>
      </item>
      <item>
        <identifiers>
          <bioguideId>K000367</bioguideId>
          <lisID>1826</lisID>
          <gpoId>8249</gpoId>
        </identifiers>
        <middleName />
        <state>MN</state>
        <bioguideId>K000367</bioguideId>
        <firstName>Amy</firstName>
        <sponsorshipWithdrawnDate />
        <sponsorshipDate>2018-02-07</sponsorshipDate>
        <fullName>Sen. Klobuchar, Amy [D-MN]</fullName>
        <lastName>Klobuchar</lastName>
        <party>D</party>
        <isOriginalCosponsor>True</isOriginalCosponsor>
      </item>
      <item>
        <identifiers>
          <lisID>1998</lisID>
          <bioguideId>G000562</bioguideId>
          <gpoId>7862</gpoId>
        </identifiers>
        <middleName />
        <state>CO</state>
        <bioguideId>G000562</bioguideId>
        <firstName>Cory</firstName>
        <sponsorshipWithdrawnDate />
        <sponsorshipDate>2018-02-07</sponsorshipDate>
        <fullName>Sen. Gardner, Cory [R-CO]</fullName>
        <lastName>Gardner</lastName>
        <party>R</party>
        <isOriginalCosponsor>True</isOriginalCosponsor>
      </item>
    </cosponsors>
  </bill>
  <dublinCore xmlns:dc="http://purl.org/dc/elements/1.1/">
    <dc:format>text/xml</dc:format>
    <dc:language>EN</dc:language>
    <dc:rights>Pursuant to Title 17 Section 105 of the United States Code, this file is not subject to copyright protection and is in the public domain.</dc:rights>
    <dc:contributor>Congressional Research Service, Library of Congress</dc:contributor>
    <dc:description>This file contains bill summaries and statuses for federal legislation. A bill summary describes the most significant provisions of a piece of legislation and details the effects the legislative text may have on current law and federal programs. Bill summaries are authored by the Congressional Research Service (CRS) of the Library of Congress. As stated in Public Law 91-510 (2 USC 166 (d)(6)), one of the duties of CRS is "to prepare summaries and digests of bills and resolutions of a public general nature introduced in the Senate or House of Representatives". For more information, refer to the User Guide that accompanies this file.</dc:description>
  </dublinCore>
</billStatus>

