<?xml version="1.0" encoding="UTF-8"?>
<billStatus>
  <bill>
    <originChamber>Senate</originChamber>
    <introducedDate>2017-05-17</introducedDate>
    <cosponsors>
      <item>
        <identifiers>
          <bioguideId>B000575</bioguideId>
          <lisID>1464</lisID>
          <gpoId>8313</gpoId>
        </identifiers>
        <bioguideId>B000575</bioguideId>
        <sponsorshipDate>2017-05-17</sponsorshipDate>
        <middleName />
        <fullName>Sen. Blunt, Roy [R-MO]</fullName>
        <sponsorshipWithdrawnDate />
        <state>MO</state>
        <party>R</party>
        <firstName>Roy</firstName>
        <isOriginalCosponsor>True</isOriginalCosponsor>
        <lastName>Blunt</lastName>
      </item>
      <item>
        <identifiers>
          <bioguideId>S001194</bioguideId>
          <lisID>2173</lisID>
          <gpoId />
        </identifiers>
        <bioguideId>S001194</bioguideId>
        <sponsorshipDate>2017-05-17</sponsorshipDate>
        <middleName />
        <fullName>Sen. Schatz, Brian [D-HI]</fullName>
        <sponsorshipWithdrawnDate />
        <state>HI</state>
        <party>D</party>
        <firstName>Brian</firstName>
        <isOriginalCosponsor>True</isOriginalCosponsor>
        <lastName>Schatz</lastName>
      </item>
      <item>
        <identifiers>
          <bioguideId>H001041</bioguideId>
          <gpoId>8060</gpoId>
          <lisID>1863</lisID>
        </identifiers>
        <bioguideId>H001041</bioguideId>
        <sponsorshipDate>2017-05-17</sponsorshipDate>
        <middleName />
        <fullName>Sen. Heller, Dean [R-NV]</fullName>
        <sponsorshipWithdrawnDate />
        <state>NV</state>
        <party>R</party>
        <firstName>Dean</firstName>
        <isOriginalCosponsor>True</isOriginalCosponsor>
        <lastName>Heller</lastName>
      </item>
    </cosponsors>
    <billType>SRES</billType>
    <recordedVotes />
    <laws />
    <committeeReports />
    <actions>
      <item>
        <actionDate>2017-05-17</actionDate>
        <committee />
        <links>
          <link>
            <name>S3020</name>
            <url>https://www.congress.gov/congressional-record/volume-163/senate-section/page/S3020</url>
          </link>
          <link>
            <name>S3021</name>
            <url>https://www.congress.gov/congressional-record/volume-163/senate-section/page/S3021</url>
          </link>
        </links>
        <sourceSystem>
          <name>Senate</name>
          <code>0</code>
        </sourceSystem>
        <text>Submitted in the Senate, considered, and agreed to without amendment and with a preamble by Unanimous Consent. (consideration: CR S3021; text as passed Senate: CR S3020)</text>
        <type>Floor</type>
      </item>
      <item>
        <sourceSystem>
          <name>Library of Congress</name>
          <code>9</code>
        </sourceSystem>
        <actionDate>2017-05-17</actionDate>
        <links>
          <link>
            <name>S3020</name>
            <url>https://www.congress.gov/congressional-record/volume-163/senate-section/page/S3020</url>
          </link>
          <link>
            <name>S3021</name>
            <url>https://www.congress.gov/congressional-record/volume-163/senate-section/page/S3021</url>
          </link>
        </links>
        <text>Passed/agreed to in Senate: Submitted in the Senate, considered, and agreed to without amendment and with a preamble by Unanimous Consent.(consideration: CR S3021; text as passed Senate: CR S3020)</text>
        <committee />
        <actionCode>17000</actionCode>
        <type>Floor</type>
      </item>
      <item>
        <sourceSystem>
          <name>Library of Congress</name>
          <code>9</code>
        </sourceSystem>
        <actionDate>2017-05-17</actionDate>
        <links />
        <text>Introduced in Senate</text>
        <committee />
        <actionCode>10000</actionCode>
        <type>IntroReferral</type>
      </item>
      <actionByCounts>
        <senate>3</senate>
      </actionByCounts>
      <actionTypeCounts>
        <passedOrAgreedToInSenateDayOf>1</passedOrAgreedToInSenateDayOf>
        <passedAgreedToInSenate>1</passedAgreedToInSenate>
        <introducedInSenate>1</introducedInSenate>
      </actionTypeCounts>
    </actions>
    <createDate>2017-05-18T00:26:37Z</createDate>
    <version>1.0.0</version>
    <notes />
    <latestAction>
      <actionDate>2017-05-17</actionDate>
      <text>Submitted in the Senate, considered, and agreed to without amendment and with a preamble by Unanimous Consent. (consideration: CR S3021; text as passed Senate: CR S3020)</text>
      <links />
    </latestAction>
    <title>A resolution supporting the goals and ideals of National Travel and Tourism Week and honoring the valuable contributions of travel and tourism to the United States.</title>
    <summaries>
      <billSummaries>
        <item>
          <lastSummaryUpdateDate>2017-06-27T12:12:31Z</lastSummaryUpdateDate>
          <updateDate>2017-05-17T04:00:00Z</updateDate>
          <versionCode>00</versionCode>
          <text><![CDATA[<p>Supports the goals and ideals of National Travel and Tourism Week.</p>]]></text>
          <name>Introduced in Senate</name>
          <actionDesc>Introduced in Senate</actionDesc>
          <actionDate>2017-05-17</actionDate>
        </item>
        <item>
          <lastSummaryUpdateDate>2017-07-22T14:02:41Z</lastSummaryUpdateDate>
          <updateDate>2017-05-17T19:30:48Z</updateDate>
          <versionCode>82</versionCode>
          <text><![CDATA[<p>(This measure has not been amended since it was introduced. The summary has been expanded because action occurred on the measure.)</p> <p>Supports the goals and ideals of National Travel and Tourism Week.</p> <p>Commends travel and tourism industry employees for their important contributions to the United States.</p>]]></text>
          <name>Passed Senate without amendment</name>
          <actionDesc>Passed Senate without amendment</actionDesc>
          <actionDate>2017-05-17</actionDate>
        </item>
      </billSummaries>
    </summaries>
    <congress>115</congress>
    <policyArea>
      <name>Transportation and Public Works</name>
    </policyArea>
    <billNumber>171</billNumber>
    <calendarNumbers />
    <cboCostEstimates />
    <subjects>
      <billSubjects>
        <legislativeSubjects>
          <item>
            <name>Commemorative events and holidays</name>
          </item>
          <item>
            <name>Congressional tributes</name>
          </item>
          <item>
            <name>Travel and tourism</name>
          </item>
        </legislativeSubjects>
        <policyArea>
          <name>Transportation and Public Works</name>
        </policyArea>
      </billSubjects>
    </subjects>
    <relatedBills />
    <committees>
      <billCommittees />
    </committees>
    <titles>
      <item>
        <parentTitleType />
        <chamberCode />
        <titleType>Official Title as Introduced</titleType>
        <chamberName />
        <title>A resolution supporting the goals and ideals of National Travel and Tourism Week and honoring the valuable contributions of travel and tourism to the United States.</title>
      </item>
      <item>
        <parentTitleType />
        <chamberCode />
        <titleType>Display Title</titleType>
        <chamberName />
        <title>A resolution supporting the goals and ideals of National Travel and Tourism Week and honoring the valuable contributions of travel and tourism to the United States.</title>
      </item>
    </titles>
    <sponsors>
      <item>
        <fullName>Sen. Klobuchar, Amy [D-MN]</fullName>
        <middleName />
        <state>MN</state>
        <byRequestType />
        <firstName>Amy</firstName>
        <bioguideId>K000367</bioguideId>
        <party>D</party>
        <lastName>Klobuchar</lastName>
        <identifiers>
          <lisID>1826</lisID>
          <gpoId>8249</gpoId>
          <bioguideId>K000367</bioguideId>
        </identifiers>
      </item>
    </sponsors>
    <updateDate>2018-02-06T16:44:08Z</updateDate>
    <amendments />
  </bill>
  <dublinCore xmlns:dc="http://purl.org/dc/elements/1.1/">
    <dc:format>text/xml</dc:format>
    <dc:language>EN</dc:language>
    <dc:rights>Pursuant to Title 17 Section 105 of the United States Code, this file is not subject to copyright protection and is in the public domain.</dc:rights>
    <dc:contributor>Congressional Research Service, Library of Congress</dc:contributor>
    <dc:description>This file contains bill summaries and statuses for federal legislation. A bill summary describes the most significant provisions of a piece of legislation and details the effects the legislative text may have on current law and federal programs. Bill summaries are authored by the Congressional Research Service (CRS) of the Library of Congress. As stated in Public Law 91-510 (2 USC 166 (d)(6)), one of the duties of CRS is "to prepare summaries and digests of bills and resolutions of a public general nature introduced in the Senate or House of Representatives". For more information, refer to the User Guide that accompanies this file.</dc:description>
  </dublinCore>
</billStatus>

