<?xml version="1.0" encoding="UTF-8"?>
<billStatus>
  <bill>
    <calendarNumbers />
    <recordedVotes />
    <subjects>
      <billSubjects>
        <legislativeSubjects />
        <policyArea>
          <name>Congress</name>
        </policyArea>
      </billSubjects>
    </subjects>
    <summaries>
      <billSummaries>
        <item>
          <updateDate>2017-10-24T04:00:00Z</updateDate>
          <actionDesc>Introduced in Senate</actionDesc>
          <versionCode>00</versionCode>
          <lastSummaryUpdateDate>2018-02-23T20:34:38Z</lastSummaryUpdateDate>
          <name>Introduced in Senate</name>
          <actionDate>2017-10-24</actionDate>
          <text><![CDATA[<p>Suspends specified provisions of Rule IV of the Rules for the Regulation of the Senate Wing of the U.S. Capitol and Senate Office Buildings (prohibiting the taking of pictures in the Senate Chamber) to release a limited number of preexisting photographs of the Senate Chamber and to permit taking a limited number of pictures in such wing and office buildings until January 31, 2018.</p> <p>Authorizes the Majority and the Minority Leaders of the Senate and the Chairman and Ranking Member of the Senate Committee on Rules and Administration to enter into a memorandum of understanding with an individual or entity seeking to take such photographs and make use of preexisting photographs for a book on the history of the Senate to formalize an agreement on conditions, locations, and times for taking photographs and the use of the photographs taken.</p>]]></text>
        </item>
        <item>
          <updateDate>2017-10-24T13:51:14Z</updateDate>
          <actionDesc>Passed Senate without amendment</actionDesc>
          <versionCode>82</versionCode>
          <lastSummaryUpdateDate>2018-02-23T20:35:10Z</lastSummaryUpdateDate>
          <name>Passed Senate without amendment</name>
          <actionDate>2017-10-24</actionDate>
          <text><![CDATA[<p>(This measure has not been amended since it was introduced. The summary of that version is repeated here.)</p> <p>(Sec. 1) Suspends specified provisions of Rule IV of the Rules for the Regulation of the Senate Wing of the U.S. Capitol and Senate Office Buildings (prohibiting the taking of pictures in the Senate Chamber) to release a limited number of preexisting photographs of the Senate Chamber and to permit taking a limited number of pictures in such wing and office buildings until January 31, 2018.</p> <p>Authorizes the Majority and the Minority Leaders of the Senate and the Chairman and Ranking Member of the Senate Committee on Rules and Administration to enter into a memorandum of understanding with an individual or entity seeking to take such photographs and make use of preexisting photographs for a book on the history of the Senate to formalize an agreement on conditions, locations, and times for taking photographs and the use of the photographs taken.</p>]]></text>
        </item>
      </billSummaries>
    </summaries>
    <introducedDate>2017-10-24</introducedDate>
    <updateDate>2018-02-28T05:28:07Z</updateDate>
    <actions>
      <actionTypeCounts>
        <passedOrAgreedToInSenateDayOf>1</passedOrAgreedToInSenateDayOf>
        <introducedInSenate>1</introducedInSenate>
        <passedAgreedToInSenate>1</passedAgreedToInSenate>
      </actionTypeCounts>
      <actionByCounts>
        <senate>3</senate>
      </actionByCounts>
      <item>
        <actionDate>2017-10-24</actionDate>
        <committee />
        <links>
          <link>
            <name>S6770-6771</name>
            <url>https://www.congress.gov/congressional-record/volume-163/senate-section/page/S6770-6771</url>
          </link>
          <link>
            <name>S6774</name>
            <url>https://www.congress.gov/congressional-record/volume-163/senate-section/page/S6774</url>
          </link>
        </links>
        <sourceSystem>
          <name>Senate</name>
          <code>0</code>
        </sourceSystem>
        <text>Submitted in the Senate, considered, and agreed to without amendment by Unanimous Consent. (consideration: CR S6774; text as passed Senate: CR S6770-6771)</text>
        <type>Floor</type>
      </item>
      <item>
        <text>Passed/agreed to in Senate: Submitted in the Senate, considered, and agreed to without amendment by Unanimous Consent.(consideration: CR S6774; text as passed Senate: CR S6770-6771)</text>
        <actionDate>2017-10-24</actionDate>
        <sourceSystem>
          <name>Library of Congress</name>
          <code>9</code>
        </sourceSystem>
        <type>Floor</type>
        <actionCode>17000</actionCode>
        <committee />
        <links>
          <link>
            <name>S6770-6771</name>
            <url>https://www.congress.gov/congressional-record/volume-163/senate-section/page/S6770-6771</url>
          </link>
          <link>
            <name>S6774</name>
            <url>https://www.congress.gov/congressional-record/volume-163/senate-section/page/S6774</url>
          </link>
        </links>
      </item>
      <item>
        <text>Introduced in Senate</text>
        <actionDate>2017-10-24</actionDate>
        <sourceSystem>
          <name>Library of Congress</name>
          <code>9</code>
        </sourceSystem>
        <type>IntroReferral</type>
        <actionCode>10000</actionCode>
        <committee />
        <links />
      </item>
    </actions>
    <notes />
    <committeeReports />
    <version>1.0.0</version>
    <billNumber>302</billNumber>
    <policyArea>
      <name>Congress</name>
    </policyArea>
    <laws />
    <congress>115</congress>
    <relatedBills />
    <sponsors>
      <item>
        <fullName>Sen. McConnell, Mitch [R-KY]</fullName>
        <lastName>MCCONNELL</lastName>
        <byRequestType />
        <bioguideId>M000355</bioguideId>
        <party>R</party>
        <middleName />
        <state>KY</state>
        <firstName>MITCH</firstName>
        <identifiers>
          <lisID>1395</lisID>
          <bioguideId>M000355</bioguideId>
          <gpoId>8254</gpoId>
        </identifiers>
      </item>
    </sponsors>
    <titles>
      <item>
        <parentTitleType />
        <titleType>Official Title as Introduced</titleType>
        <title>A resolution authorizing limited still photography of the Senate Wing of the United States Capitol and authorizing the release of preexisting photographs of the Senate Chamber and Senate Wing of the United States Capitol for a book on the history of the Senate.</title>
        <chamberCode />
        <chamberName />
      </item>
      <item>
        <parentTitleType />
        <titleType>Display Title</titleType>
        <title>A resolution authorizing limited still photography of the Senate Wing of the United States Capitol and authorizing the release of preexisting photographs of the Senate Chamber and Senate Wing of the United States Capitol for a book on the history of the Senate.</title>
        <chamberCode />
        <chamberName />
      </item>
    </titles>
    <originChamber>Senate</originChamber>
    <latestAction>
      <text>Submitted in the Senate, considered, and agreed to without amendment by Unanimous Consent. (consideration: CR S6774; text as passed Senate: CR S6770-6771)</text>
      <actionDate>2017-10-24</actionDate>
      <links />
    </latestAction>
    <createDate>2017-10-25T00:56:23Z</createDate>
    <cosponsors>
      <item>
        <lastName>SCHUMER</lastName>
        <identifiers>
          <bioguideId>S000148</bioguideId>
          <lisID>1036</lisID>
          <gpoId>8279</gpoId>
        </identifiers>
        <party>D</party>
        <isOriginalCosponsor>True</isOriginalCosponsor>
        <middleName>E.</middleName>
        <fullName>Sen. Schumer, Charles E. [D-NY]</fullName>
        <firstName>CHARLES</firstName>
        <sponsorshipWithdrawnDate />
        <bioguideId>S000148</bioguideId>
        <state>NY</state>
        <sponsorshipDate>2017-10-24</sponsorshipDate>
      </item>
      <item>
        <lastName>SHELBY</lastName>
        <identifiers>
          <bioguideId>S000320</bioguideId>
          <lisID>1049</lisID>
          <gpoId>8277</gpoId>
        </identifiers>
        <party>R</party>
        <isOriginalCosponsor>True</isOriginalCosponsor>
        <middleName>CRAIG</middleName>
        <fullName>Sen. Shelby, Richard C. [R-AL]</fullName>
        <firstName>RICHARD</firstName>
        <sponsorshipWithdrawnDate />
        <bioguideId>S000320</bioguideId>
        <state>AL</state>
        <sponsorshipDate>2017-10-24</sponsorshipDate>
      </item>
      <item>
        <lastName>Klobuchar</lastName>
        <identifiers>
          <gpoId>8249</gpoId>
          <bioguideId>K000367</bioguideId>
          <lisID>1826</lisID>
        </identifiers>
        <party>D</party>
        <isOriginalCosponsor>True</isOriginalCosponsor>
        <middleName />
        <fullName>Sen. Klobuchar, Amy [D-MN]</fullName>
        <firstName>Amy</firstName>
        <sponsorshipWithdrawnDate />
        <bioguideId>K000367</bioguideId>
        <state>MN</state>
        <sponsorshipDate>2017-10-24</sponsorshipDate>
      </item>
    </cosponsors>
    <committees>
      <billCommittees />
    </committees>
    <title>A resolution authorizing limited still photography of the Senate Wing of the United States Capitol and authorizing the release of preexisting photographs of the Senate Chamber and Senate Wing of the United States Capitol for a book on the history of the Senate.</title>
    <billType>SRES</billType>
    <amendments />
    <cboCostEstimates />
  </bill>
  <dublinCore xmlns:dc="http://purl.org/dc/elements/1.1/">
    <dc:format>text/xml</dc:format>
    <dc:language>EN</dc:language>
    <dc:rights>Pursuant to Title 17 Section 105 of the United States Code, this file is not subject to copyright protection and is in the public domain.</dc:rights>
    <dc:contributor>Congressional Research Service, Library of Congress</dc:contributor>
    <dc:description>This file contains bill summaries and statuses for federal legislation. A bill summary describes the most significant provisions of a piece of legislation and details the effects the legislative text may have on current law and federal programs. Bill summaries are authored by the Congressional Research Service (CRS) of the Library of Congress. As stated in Public Law 91-510 (2 USC 166 (d)(6)), one of the duties of CRS is "to prepare summaries and digests of bills and resolutions of a public general nature introduced in the Senate or House of Representatives". For more information, refer to the User Guide that accompanies this file.</dc:description>
  </dublinCore>
</billStatus>

