<?xml version="1.0" encoding="UTF-8"?>
<billStatus>
  <bill>
    <createDate>2017-01-13T04:55:34Z</createDate>
    <billNumber>14</billNumber>
    <originChamber>Senate</originChamber>
    <cosponsors>
      <item>
        <sponsorshipWithdrawnDate />
        <isOriginalCosponsor>True</isOriginalCosponsor>
        <identifiers>
          <bioguideId>S001184</bioguideId>
          <lisID>2056</lisID>
          <gpoId>8141</gpoId>
        </identifiers>
        <state>SC</state>
        <fullName>Sen. Scott, Tim [R-SC]</fullName>
        <bioguideId>S001184</bioguideId>
        <firstName>Tim</firstName>
        <party>R</party>
        <middleName />
        <sponsorshipDate>2017-01-12</sponsorshipDate>
        <lastName>Scott</lastName>
      </item>
    </cosponsors>
    <version>1.0.0</version>
    <laws />
    <sponsors>
      <item>
        <fullName>Sen. Graham, Lindsey [R-SC]</fullName>
        <bioguideId>G000359</bioguideId>
        <lastName>GRAHAM</lastName>
        <middleName>O.</middleName>
        <identifiers>
          <bioguideId>G000359</bioguideId>
          <lisID>452</lisID>
          <gpoId>8335</gpoId>
        </identifiers>
        <firstName>LINDSEY</firstName>
        <state>SC</state>
        <byRequestType />
        <party>R</party>
      </item>
    </sponsors>
    <committeeReports />
    <notes />
    <summaries>
      <billSummaries>
        <item>
          <actionDesc>Introduced in Senate</actionDesc>
          <updateDate>2017-01-12T05:00:00Z</updateDate>
          <name>Introduced in Senate</name>
          <lastSummaryUpdateDate>2017-03-16T18:38:43Z</lastSummaryUpdateDate>
          <actionDate>2017-01-12</actionDate>
          <text><![CDATA[<p>Commends the Clemson University Tigers for winning the 2017 College Football Playoff National Championship.</p>]]></text>
          <versionCode>00</versionCode>
        </item>
        <item>
          <actionDesc>Passed Senate without amendment</actionDesc>
          <updateDate>2017-01-12T14:58:15Z</updateDate>
          <name>Passed Senate without amendment</name>
          <lastSummaryUpdateDate>2017-03-16T18:39:04Z</lastSummaryUpdateDate>
          <actionDate>2017-01-12</actionDate>
          <text><![CDATA[<p>(This measure has not been amended since it was introduced. The summary of that version is repeated here.)</p> <p>Commends the Clemson University Tigers for winning the 2017 College Football Playoff National Championship.</p>]]></text>
          <versionCode>82</versionCode>
        </item>
      </billSummaries>
    </summaries>
    <introducedDate>2017-01-12</introducedDate>
    <cboCostEstimates />
    <relatedBills />
    <committees>
      <billCommittees />
    </committees>
    <subjects>
      <billSubjects>
        <legislativeSubjects>
          <item>
            <name>Athletes</name>
          </item>
          <item>
            <name>Congressional tributes</name>
          </item>
          <item>
            <name>Higher education</name>
          </item>
          <item>
            <name>School athletics</name>
          </item>
          <item>
            <name>South Carolina</name>
          </item>
        </legislativeSubjects>
        <policyArea>
          <name>Sports and Recreation</name>
        </policyArea>
      </billSubjects>
    </subjects>
    <policyArea>
      <name>Sports and Recreation</name>
    </policyArea>
    <recordedVotes />
    <latestAction>
      <actionDate>2017-01-12</actionDate>
      <text>Submitted in the Senate, considered, and agreed to without amendment and with a preamble by Unanimous Consent. (consideration: CR S320)</text>
      <links />
    </latestAction>
    <titles>
      <item>
        <title>A resolution commending the Clemson University Tigers football team for winning the 2017 College Football Playoff National Championship.</title>
        <parentTitleType />
        <titleType>Official Title as Introduced</titleType>
        <chamberCode />
        <chamberName />
      </item>
      <item>
        <title>A resolution commending the Clemson University Tigers football team for winning the 2017 College Football Playoff National Championship.</title>
        <parentTitleType />
        <titleType>Display Title</titleType>
        <chamberCode />
        <chamberName />
      </item>
    </titles>
    <amendments />
    <billType>SRES</billType>
    <calendarNumbers />
    <title>A resolution commending the Clemson University Tigers football team for winning the 2017 College Football Playoff National Championship.</title>
    <congress>115</congress>
    <updateDate>2018-02-22T15:29:18Z</updateDate>
    <actions>
      <actionByCounts>
        <senate>3</senate>
      </actionByCounts>
      <actionTypeCounts>
        <passedAgreedToInSenate>1</passedAgreedToInSenate>
        <introducedInSenate>1</introducedInSenate>
        <passedOrAgreedToInSenateDayOf>1</passedOrAgreedToInSenateDayOf>
      </actionTypeCounts>
      <item>
        <actionDate>2017-01-12</actionDate>
        <committee />
        <links>
          <link>
            <name>S320</name>
            <url>https://www.congress.gov/congressional-record/volume-163/senate-section/page/S320</url>
          </link>
        </links>
        <sourceSystem>
          <name>Senate</name>
          <code>0</code>
        </sourceSystem>
        <text>Submitted in the Senate, considered, and agreed to without amendment and with a preamble by Unanimous Consent. (consideration: CR S320)</text>
        <type>Floor</type>
      </item>
      <item>
        <text>Passed/agreed to in Senate: Submitted in the Senate, considered, and agreed to without amendment and with a preamble by Unanimous Consent.(consideration: CR S320)</text>
        <type>Floor</type>
        <links>
          <link>
            <name>S320</name>
            <url>https://www.congress.gov/congressional-record/volume-163/senate-section/page/S320</url>
          </link>
        </links>
        <sourceSystem>
          <name>Library of Congress</name>
          <code>9</code>
        </sourceSystem>
        <actionDate>2017-01-12</actionDate>
        <committee />
        <actionCode>17000</actionCode>
      </item>
      <item>
        <text>Introduced in Senate</text>
        <type>IntroReferral</type>
        <links />
        <sourceSystem>
          <name>Library of Congress</name>
          <code>9</code>
        </sourceSystem>
        <actionDate>2017-01-12</actionDate>
        <committee />
        <actionCode>10000</actionCode>
      </item>
    </actions>
  </bill>
  <dublinCore xmlns:dc="http://purl.org/dc/elements/1.1/">
    <dc:format>text/xml</dc:format>
    <dc:language>EN</dc:language>
    <dc:rights>Pursuant to Title 17 Section 105 of the United States Code, this file is not subject to copyright protection and is in the public domain.</dc:rights>
    <dc:contributor>Congressional Research Service, Library of Congress</dc:contributor>
    <dc:description>This file contains bill summaries and statuses for federal legislation. A bill summary describes the most significant provisions of a piece of legislation and details the effects the legislative text may have on current law and federal programs. Bill summaries are authored by the Congressional Research Service (CRS) of the Library of Congress. As stated in Public Law 91-510 (2 USC 166 (d)(6)), one of the duties of CRS is "to prepare summaries and digests of bills and resolutions of a public general nature introduced in the Senate or House of Representatives". For more information, refer to the User Guide that accompanies this file.</dc:description>
  </dublinCore>
</billStatus>

