<?xml version="1.0" encoding="UTF-8"?>
<billStatus>
  <bill>
    <titles>
      <item>
        <chamberName />
        <parentTitleType />
        <chamberCode />
        <titleType>Official Title as Introduced</titleType>
        <title>A resolution expressing the sense of the Senate on humanitarian crises in Nigeria, Somalia, South Sudan, and Yemen.</title>
      </item>
      <item>
        <chamberName />
        <parentTitleType />
        <chamberCode />
        <titleType>Display Title</titleType>
        <title>A resolution expressing the sense of the Senate on humanitarian crises in Nigeria, Somalia, South Sudan, and Yemen.</title>
      </item>
    </titles>
    <committeeReports />
    <sponsors>
      <item>
        <firstName>Todd</firstName>
        <identifiers>
          <bioguideId>Y000064</bioguideId>
          <lisID>2019</lisID>
          <gpoId>7948</gpoId>
        </identifiers>
        <party>R</party>
        <bioguideId>Y000064</bioguideId>
        <lastName>Young</lastName>
        <fullName>Sen. Young, Todd C. [R-IN]</fullName>
        <byRequestType />
        <middleName>C.</middleName>
        <state>IN</state>
      </item>
    </sponsors>
    <title>A resolution expressing the sense of the Senate on humanitarian crises in Nigeria, Somalia, South Sudan, and Yemen.</title>
    <actions>
      <actionTypeCounts>
        <placedOnCalendarGeneralOrders>1</placedOnCalendarGeneralOrders>
        <measureLaidBeforeSenate>1</measureLaidBeforeSenate>
        <reportedToSenate>2</reportedToSenate>
        <agreedToInSenate>1</agreedToInSenate>
        <amendmentAgreedTo>1</amendmentAgreedTo>
        <referredToCommittee>1</referredToCommittee>
        <introducedInSenate>1</introducedInSenate>
        <passedAgreedToInSenate>1</passedAgreedToInSenate>
        <orderedReported>1</orderedReported>
      </actionTypeCounts>
      <item>
        <actionDate>2017-09-26</actionDate>
        <committee />
        <links>
          <link>
            <url>https://www.congress.gov/congressional-record/volume-163/senate-section/page/S6191</url>
            <name>CR 9/27/2017 S6191</name>
          </link>
        </links>
        <sourceSystem>
          <name>Senate</name>
          <code>0</code>
        </sourceSystem>
        <text>Resolution agreed to in Senate with an amendment and an amended preamble by Unanimous Consent. (text: CR 9/27/2017 S6191)</text>
        <type>Floor</type>
      </item>
      <item>
        <text>Passed/agreed to in Senate: Resolution agreed to in Senate with an amendment and an amended preamble by Unanimous Consent.(text: CR 9/27/2017 S6191)</text>
        <links>
          <link>
            <url>https://www.congress.gov/congressional-record/volume-163/senate-section/page/S6191</url>
            <name>CR 9/27/2017 S6191</name>
          </link>
        </links>
        <actionDate>2017-09-26</actionDate>
        <committee />
        <sourceSystem>
          <name>Library of Congress</name>
          <code>9</code>
        </sourceSystem>
        <type>Floor</type>
        <actionCode>17000</actionCode>
      </item>
      <item>
        <actionDate>2017-09-26</actionDate>
        <committee />
        <links>
          <link>
            <url>https://www.congress.gov/congressional-record/volume-163/senate-section/page/S6143</url>
            <name>S6143</name>
          </link>
        </links>
        <sourceSystem>
          <name>Senate</name>
          <code>0</code>
        </sourceSystem>
        <text>The committee substitute withdrawn by Unanimous Consent. (consideration: CR S6143)</text>
        <type>Floor</type>
      </item>
      <item>
        <actionDate>2017-09-26</actionDate>
        <committee />
        <links>
          <link>
            <url>https://www.congress.gov/congressional-record/volume-163/senate-section/page/S6143-6144</url>
            <name>S6143-6144</name>
          </link>
        </links>
        <sourceSystem>
          <name>Senate</name>
          <code>0</code>
        </sourceSystem>
        <text>Measure laid before Senate by unanimous consent. (consideration: CR S6143-6144)</text>
        <type>Floor</type>
      </item>
      <item>
        <actionDate>2017-06-05</actionDate>
        <committee />
        <links />
        <sourceSystem>
          <name>Senate</name>
          <code>0</code>
        </sourceSystem>
        <text>Placed on Senate Legislative Calendar under General Orders. Calendar No. 115.</text>
        <type>Calendars</type>
      </item>
      <item>
        <actionDate>2017-06-05</actionDate>
        <committee>
          <systemCode>ssfr00</systemCode>
          <name>Foreign Relations Committee</name>
        </committee>
        <links />
        <sourceSystem>
          <name>Senate</name>
          <code>0</code>
        </sourceSystem>
        <text>Committee on Foreign Relations. Reported by Senator Corker with an amendment in the nature of a substitute and with an amended preamble. Without written report.</text>
        <type>Committee</type>
      </item>
      <item>
        <text>Committee on Foreign Relations. Reported by Senator Corker with an amendment in the nature of a substitute and with an amended preamble. Without written report.</text>
        <links />
        <actionDate>2017-06-05</actionDate>
        <committee>
          <systemCode>ssfr00</systemCode>
          <name>Foreign Relations Committee</name>
        </committee>
        <sourceSystem>
          <name>Library of Congress</name>
          <code>9</code>
        </sourceSystem>
        <type>Committee</type>
        <actionCode>14000</actionCode>
      </item>
      <item>
        <actionDate>2017-05-25</actionDate>
        <committee>
          <systemCode>ssfr00</systemCode>
          <name>Foreign Relations Committee</name>
        </committee>
        <links />
        <sourceSystem>
          <name>Senate</name>
          <code>0</code>
        </sourceSystem>
        <text>Committee on Foreign Relations. Ordered to be reported with amendments favorably.</text>
        <type>Committee</type>
      </item>
      <item>
        <actionDate>2017-04-05</actionDate>
        <committee>
          <systemCode>ssfr00</systemCode>
          <name>Foreign Relations Committee</name>
        </committee>
        <links>
          <link>
            <url>https://www.congress.gov/congressional-record/volume-163/senate-section/page/S2368-2369</url>
            <name>S2368-2369</name>
          </link>
        </links>
        <sourceSystem>
          <name>Senate</name>
          <code>0</code>
        </sourceSystem>
        <text>Referred to the Committee on Foreign Relations. (text as introduced in Senate: CR S2368-2369)</text>
        <type>IntroReferral</type>
      </item>
      <item>
        <text>Introduced in Senate</text>
        <links />
        <actionDate>2017-04-05</actionDate>
        <committee />
        <sourceSystem>
          <name>Library of Congress</name>
          <code>9</code>
        </sourceSystem>
        <type>IntroReferral</type>
        <actionCode>10000</actionCode>
      </item>
      <actionByCounts>
        <senate>10</senate>
      </actionByCounts>
    </actions>
    <summaries>
      <billSummaries>
        <item>
          <text><![CDATA[<p>Expresses the sense of the Senate that:</p> <ul> <li>the United States should lead an international diplomatic effort to address obstacles in Nigeria, Somalia, South Sudan, and Yemen that are preventing delivery of humanitarian aid; </li> <li> the President should encourage other governments to join the United States in providing the resources necessary to meet the United Nations Office for the Coordination of Humanitarian Affairs appeal to address the humanitarian crises in those countries; and </li> <li> the President should work with international partners to document violations of international humanitarian law in those countries and bring perpetrators to justice.</li> </ul> <p>Urges the President to:</p> <ul> <li>persuade the government of South Sudan to stop blocking aid; </li> <li> notify Congress if that government does not immediately respect international humanitarian law;</li> <li> press the government of Nigeria to ensure accountability for security forces that violate human rights and fail to cooperate with international aid efforts; </li> <li> send a high level representative to the United Kingdom's Ministerial Conference on Somalia and publicly announce a contribution to the humanitarian assistance efforts; and </li> <li> work with stakeholders to persuade parties to conflict in Yemen to permit humanitarian groups increased access to Red Sea ports to deliver much-needed assistance. </li> </ul> <ul> </ul>]]></text>
          <versionCode>00</versionCode>
          <actionDate>2017-04-05</actionDate>
          <name>Introduced in Senate</name>
          <actionDesc>Introduced in Senate</actionDesc>
          <lastSummaryUpdateDate>2017-07-08T13:31:56Z</lastSummaryUpdateDate>
          <updateDate>2017-04-05T04:00:00Z</updateDate>
        </item>
        <item>
          <text><![CDATA[<p>Calls for the United States to:</p> <ul> <li> lead a comprehensive international diplomatic effort to address obstacles in Nigeria, Somalia, South Sudan, and Yemen that are preventing humanitarian aid from being delivered;</li> <li> encourage other governments to join in providing the resources necessary to address the humanitarian crises in those countries; and </li> <li> work with international partners to support efforts to hold accountable those responsible for deliberate restrictions on humanitarian access in those countries.</li> </ul> <p>Calls for parties to the conflicts in those countries to: (1) allow and facilitate passage of humanitarian relief for civilians in need, and (2) respect and protect humanitarian and medical relief personnel and objects.</p> <ul> </ul>]]></text>
          <versionCode>01</versionCode>
          <actionDate>2017-06-05</actionDate>
          <name>Reported to Senate with amendment(s)</name>
          <actionDesc>Reported to Senate with amendment(s)</actionDesc>
          <lastSummaryUpdateDate>2017-09-28T21:12:11Z</lastSummaryUpdateDate>
          <updateDate>2017-06-05T14:47:56Z</updateDate>
        </item>
        <item>
          <text><![CDATA[<p>Expresses the sense of the Senate that: (1) an urgent and comprehensive international diplomatic effort is necessary to address obstacles in Nigeria, Somalia, South Sudan, and Yemen that are preventing humanitarian aid from being delivered; and (2) the contributions of U.S. charities, non-profit organizations, religious organizations, and businesses have an important role in addressing humanitarian crises.</p> <p>Calls for the United States to: (1) encourage other governments to join in providing the resources necessary to address the humanitarian crises in those countries, and (2) work with international partners to support efforts to hold accountable those responsible for deliberate restrictions on humanitarian access in those countries.</p> <p>Calls for parties to the conflicts in those countries to: (1) allow and facilitate passage of humanitarian relief for civilians in need, and (2) respect and protect humanitarian and medical relief personnel and objects.</p> <ul> </ul>]]></text>
          <versionCode>35</versionCode>
          <actionDate>2017-09-26</actionDate>
          <name>Passed Senate amended</name>
          <actionDesc>Passed Senate amended</actionDesc>
          <lastSummaryUpdateDate>2017-12-13T19:34:52Z</lastSummaryUpdateDate>
          <updateDate>2017-09-26T12:38:37Z</updateDate>
        </item>
      </billSummaries>
    </summaries>
    <recordedVotes />
    <billNumber>114</billNumber>
    <calendarNumbers>
      <item>
        <calendar>Senate Calendar of Business</calendar>
        <number>0115</number>
      </item>
    </calendarNumbers>
    <cosponsors>
      <item>
        <state>MD</state>
        <party>D</party>
        <fullName>Sen. Cardin, Benjamin L. [D-MD]</fullName>
        <lastName>CARDIN</lastName>
        <isOriginalCosponsor>True</isOriginalCosponsor>
        <bioguideId>C000141</bioguideId>
        <sponsorshipWithdrawnDate />
        <middleName>L.</middleName>
        <identifiers>
          <gpoId>8287</gpoId>
          <lisID>174</lisID>
          <bioguideId>C000141</bioguideId>
        </identifiers>
        <firstName>BENJAMIN</firstName>
        <sponsorshipDate>2017-04-05</sponsorshipDate>
      </item>
      <item>
        <state>CO</state>
        <party>R</party>
        <fullName>Sen. Gardner, Cory [R-CO]</fullName>
        <lastName>Gardner</lastName>
        <isOriginalCosponsor>False</isOriginalCosponsor>
        <bioguideId>G000562</bioguideId>
        <sponsorshipWithdrawnDate />
        <middleName />
        <identifiers>
          <lisID>1998</lisID>
          <gpoId>7862</gpoId>
          <bioguideId>G000562</bioguideId>
        </identifiers>
        <firstName>Cory</firstName>
        <sponsorshipDate>2017-04-06</sponsorshipDate>
      </item>
      <item>
        <state>DE</state>
        <party>D</party>
        <fullName>Sen. Coons, Christopher A. [D-DE]</fullName>
        <lastName>Coons</lastName>
        <isOriginalCosponsor>False</isOriginalCosponsor>
        <bioguideId>C001088</bioguideId>
        <sponsorshipWithdrawnDate />
        <middleName>A.</middleName>
        <identifiers>
          <lisID>1984</lisID>
          <bioguideId>C001088</bioguideId>
          <gpoId>8297</gpoId>
        </identifiers>
        <firstName>Christopher</firstName>
        <sponsorshipDate>2017-04-06</sponsorshipDate>
      </item>
      <item>
        <state>FL</state>
        <party>R</party>
        <fullName>Sen. Rubio, Marco [R-FL]</fullName>
        <lastName>Rubio</lastName>
        <isOriginalCosponsor>False</isOriginalCosponsor>
        <bioguideId>R000595</bioguideId>
        <sponsorshipWithdrawnDate />
        <middleName />
        <identifiers>
          <lisID>2084</lisID>
          <bioguideId>R000595</bioguideId>
          <gpoId>8242</gpoId>
        </identifiers>
        <firstName>Marco</firstName>
        <sponsorshipDate>2017-05-01</sponsorshipDate>
      </item>
      <item>
        <state>AR</state>
        <party>R</party>
        <fullName>Sen. Boozman, John [R-AR]</fullName>
        <lastName>Boozman</lastName>
        <isOriginalCosponsor>False</isOriginalCosponsor>
        <bioguideId>B001236</bioguideId>
        <sponsorshipWithdrawnDate />
        <middleName />
        <identifiers>
          <gpoId>8247</gpoId>
          <bioguideId>B001236</bioguideId>
          <lisID>1687</lisID>
        </identifiers>
        <firstName>John</firstName>
        <sponsorshipDate>2017-05-01</sponsorshipDate>
      </item>
      <item>
        <state>NJ</state>
        <party>D</party>
        <fullName>Sen. Booker, Cory A. [D-NJ]</fullName>
        <lastName>Booker</lastName>
        <isOriginalCosponsor>False</isOriginalCosponsor>
        <bioguideId>B001288</bioguideId>
        <sponsorshipWithdrawnDate />
        <middleName>A.</middleName>
        <identifiers>
          <gpoId />
          <lisID>2194</lisID>
          <bioguideId>B001288</bioguideId>
        </identifiers>
        <firstName>Cory</firstName>
        <sponsorshipDate>2017-06-05</sponsorshipDate>
      </item>
      <item>
        <state>OR</state>
        <party>D</party>
        <fullName>Sen. Merkley, Jeff [D-OR]</fullName>
        <lastName>Merkley</lastName>
        <isOriginalCosponsor>False</isOriginalCosponsor>
        <bioguideId>M001176</bioguideId>
        <sponsorshipWithdrawnDate />
        <middleName />
        <identifiers>
          <lisID>1900</lisID>
          <gpoId>8238</gpoId>
          <bioguideId>M001176</bioguideId>
        </identifiers>
        <firstName>Jeff</firstName>
        <sponsorshipDate>2017-07-18</sponsorshipDate>
      </item>
    </cosponsors>
    <version>1.0.0</version>
    <subjects>
      <billSubjects>
        <legislativeSubjects>
          <item>
            <name>Africa</name>
          </item>
          <item>
            <name>Conflicts and wars</name>
          </item>
          <item>
            <name>Congressional oversight</name>
          </item>
          <item>
            <name>Diplomacy, foreign officials, Americans abroad</name>
          </item>
          <item>
            <name>Europe</name>
          </item>
          <item>
            <name>Foreign aid and international relief</name>
          </item>
          <item>
            <name>Human rights</name>
          </item>
          <item>
            <name>International organizations and cooperation</name>
          </item>
          <item>
            <name>Military personnel and dependents</name>
          </item>
          <item>
            <name>Nigeria</name>
          </item>
          <item>
            <name>Somalia</name>
          </item>
          <item>
            <name>South Sudan</name>
          </item>
          <item>
            <name>United Kingdom</name>
          </item>
          <item>
            <name>War crimes, genocide, crimes against humanity</name>
          </item>
          <item>
            <name>Yemen</name>
          </item>
        </legislativeSubjects>
        <policyArea>
          <name>International Affairs</name>
        </policyArea>
      </billSubjects>
    </subjects>
    <latestAction>
      <text>Resolution agreed to in Senate with an amendment and an amended preamble by Unanimous Consent. (text: CR 9/27/2017 S6191)</text>
      <links />
      <actionDate>2017-09-26</actionDate>
    </latestAction>
    <originChamber>Senate</originChamber>
    <laws />
    <notes />
    <createDate>2017-04-06T02:11:45Z</createDate>
    <billType>SRES</billType>
    <updateDate>2018-02-06T16:44:03Z</updateDate>
    <policyArea>
      <name>International Affairs</name>
    </policyArea>
    <cboCostEstimates />
    <introducedDate>2017-04-05</introducedDate>
    <amendments>
      <amendment>
        <submittedDate>2017-09-26T04:00:00Z</submittedDate>
        <congress>115</congress>
        <sponsors>
          <item>
            <bioguideId>L000577</bioguideId>
            <party>R</party>
            <firstName>Mike</firstName>
            <middleName />
            <fullName>Sen. Lee, Mike [R-UT]</fullName>
            <identifiers>
              <lisID>2080</lisID>
              <bioguideId>L000577</bioguideId>
              <gpoId>8303</gpoId>
            </identifiers>
            <lastName>Lee</lastName>
            <state>UT</state>
          </item>
        </sponsors>
        <titles />
        <proposedDate>2017-09-26T04:00:00Z</proposedDate>
        <description />
        <purpose>To recognize that charities, non-profit organizations, religious organizations, and businesses of the United States have an important role in addressing humanitarian crises.</purpose>
        <version>1.0.0</version>
        <createDate>2017-09-27T04:31:21Z</createDate>
        <amendedAmendment />
        <chamber>Senate</chamber>
        <type>SAMDT</type>
        <actions>
          <actions>
            <item>
              <actionDate>2017-09-26</actionDate>
              <committee />
              <links>
                <link>
                  <name>S.Amdt.1103</name>
                  <url>https://www.congress.gov/amendment/115th-congress/senate-amendment/1103</url>
                </link>
                <link>
                  <name>SA 1103</name>
                  <url>https://www.congress.gov/amendment/115th-congress/senate-amendment/1103</url>
                </link>
              </links>
              <sourceSystem>
                <name>Senate</name>
                <code>0</code>
              </sourceSystem>
              <text>Amendment SA 1103 agreed to in Senate by Unanimous Consent.</text>
              <type>Floor</type>
            </item>
            <item>
              <actionDate>2017-09-26</actionDate>
              <committee />
              <links>
                <link>
                  <name>S.Amdt.1103</name>
                  <url>https://www.congress.gov/amendment/115th-congress/senate-amendment/1103</url>
                </link>
                <link>
                  <name>S6140</name>
                  <url>https://www.congress.gov/congressional-record/volume-163/senate-section/page/S6140</url>
                </link>
                <link>
                  <name>SA 1103</name>
                  <url>https://www.congress.gov/amendment/115th-congress/senate-amendment/1103</url>
                </link>
              </links>
              <sourceSystem>
                <name>Senate</name>
                <code>0</code>
              </sourceSystem>
              <text>Amendment SA 1103 proposed by Senator Cornyn for Senator Lee. (consideration: CR S6140; text: CR S6140) To recognize that charities, non-profit organizations, religious organizations, and businesses of the United States have an important role in addressing humanitarian crises.</text>
              <type>Floor</type>
            </item>
            <item>
              <actionDate>2017-09-26</actionDate>
              <committee />
              <links />
              <text />
            </item>
            <item>
              <sourceSystem>
                <name>Library of Congress</name>
                <code>9</code>
              </sourceSystem>
              <actionDate>2017-09-26</actionDate>
              <links>
                <link>
                  <name>S.Amdt.1103</name>
                  <url>https://www.congress.gov/amendment/115th-congress/senate-amendment/1103</url>
                </link>
                <link>
                  <name>SA 1103</name>
                  <url>https://www.congress.gov/amendment/115th-congress/senate-amendment/1103</url>
                </link>
              </links>
              <text>Senate amendment agreed to: Amendment SA 1103 agreed to in Senate by Unanimous Consent.</text>
              <committee />
              <actionCode>94000</actionCode>
              <type>Floor</type>
            </item>
            <item>
              <sourceSystem>
                <name>Library of Congress</name>
                <code>9</code>
              </sourceSystem>
              <actionDate>2017-09-26</actionDate>
              <links>
                <link>
                  <name>S.Amdt.1103</name>
                  <url>https://www.congress.gov/amendment/115th-congress/senate-amendment/1103</url>
                </link>
                <link>
                  <name>S6140</name>
                  <url>https://www.congress.gov/congressional-record/volume-163/senate-section/page/S6140</url>
                </link>
                <link>
                  <name>SA 1103</name>
                  <url>https://www.congress.gov/amendment/115th-congress/senate-amendment/1103</url>
                </link>
              </links>
              <text>Senate amendment proposed (on the floor): Amendment SA 1103 proposed by Senator Cornyn for Senator Lee.(consideration: CR S6140; text: CR S6140)</text>
              <committee />
              <actionCode>93000</actionCode>
              <type>Floor</type>
            </item>
            <item>
              <sourceSystem>
                <name>Library of Congress</name>
                <code>9</code>
              </sourceSystem>
              <actionDate>2017-09-26</actionDate>
              <links />
              <text>Senate amendment submitted</text>
              <committee />
              <actionCode>91000</actionCode>
              <type>Floor</type>
            </item>
          </actions>
          <actionByCounts>
            <senate>5</senate>
          </actionByCounts>
          <actionTypeCounts>
            <senateAmendmentAgreedTo>1</senateAmendmentAgreedTo>
            <senateAmendmentSubmitted>1</senateAmendmentSubmitted>
            <amendmentAgreedTo>1</amendmentAgreedTo>
            <senateAmendmentProposedOnTheFloor>1</senateAmendmentProposedOnTheFloor>
            <amendmentProposed>1</amendmentProposed>
          </actionTypeCounts>
          <count>6</count>
        </actions>
        <number>1103</number>
        <updateDate>2018-02-06T16:44:03Z</updateDate>
        <links />
        <cosponsors>
          <currentCount>0</currentCount>
          <totalCount>0</totalCount>
        </cosponsors>
        <amendedBill>
          <originChamber>Senate</originChamber>
          <originChamberCode>S</originChamberCode>
          <type>SRES</type>
          <title>A resolution expressing the sense of the Senate on humanitarian crises in Nigeria, Somalia, South Sudan, and Yemen.</title>
          <number>114</number>
          <congress>115</congress>
        </amendedBill>
        <amendments>
          <count>0</count>
        </amendments>
        <notes />
        <congress>115</congress>
        <type>SAMDT</type>
        <number>1103</number>
        <latestAction>
          <actionDate>2017-09-26</actionDate>
          <text>Amendment SA 1103 agreed to in Senate by Unanimous Consent.</text>
        </latestAction>
        <description />
        <purpose>To recognize that charities, non-profit organizations, religious organizations, and businesses of the United States have an important role in addressing humanitarian crises.</purpose>
      </amendment>
    </amendments>
    <relatedBills />
    <congress>115</congress>
    <committees>
      <billCommittees>
        <item>
          <subcommittees />
          <type>Standing</type>
          <systemCode>ssfr00</systemCode>
          <activities>
            <item>
              <name>Reported by</name>
              <date>2017-06-05T22:18:45Z</date>
            </item>
            <item>
              <name>Markup by</name>
              <date>2017-05-26T01:30:04Z</date>
            </item>
            <item>
              <name>Referred to</name>
              <date>2017-04-05T16:01:37Z</date>
            </item>
          </activities>
          <name>Foreign Relations Committee</name>
          <chamber>Senate</chamber>
        </item>
      </billCommittees>
    </committees>
  </bill>
  <dublinCore xmlns:dc="http://purl.org/dc/elements/1.1/">
    <dc:format>text/xml</dc:format>
    <dc:language>EN</dc:language>
    <dc:rights>Pursuant to Title 17 Section 105 of the United States Code, this file is not subject to copyright protection and is in the public domain.</dc:rights>
    <dc:contributor>Congressional Research Service, Library of Congress</dc:contributor>
    <dc:description>This file contains bill summaries and statuses for federal legislation. A bill summary describes the most significant provisions of a piece of legislation and details the effects the legislative text may have on current law and federal programs. Bill summaries are authored by the Congressional Research Service (CRS) of the Library of Congress. As stated in Public Law 91-510 (2 USC 166 (d)(6)), one of the duties of CRS is "to prepare summaries and digests of bills and resolutions of a public general nature introduced in the Senate or House of Representatives". For more information, refer to the User Guide that accompanies this file.</dc:description>
  </dublinCore>
</billStatus>

