<?xml version="1.0" encoding="UTF-8"?>
<billStatus>
  <bill>
    <notes />
    <cosponsors>
      <item>
        <sponsorshipDate>2017-01-31</sponsorshipDate>
        <sponsorshipWithdrawnDate />
        <identifiers>
          <gpoId>7804</gpoId>
          <lisID>1708</lisID>
          <bioguideId>G000551</bioguideId>
        </identifiers>
        <isOriginalCosponsor>False</isOriginalCosponsor>
        <fullName>Rep. Grijalva, Raul M. [D-AZ-3]</fullName>
        <middleName>M.</middleName>
        <bioguideId>G000551</bioguideId>
        <firstName>Raul</firstName>
        <party>D</party>
        <lastName>Grijalva</lastName>
        <district>3</district>
        <state>AZ</state>
      </item>
      <item>
        <sponsorshipDate>2017-01-31</sponsorshipDate>
        <sponsorshipWithdrawnDate />
        <identifiers>
          <lisID>1042</lisID>
          <gpoId>8077</gpoId>
          <bioguideId>S000248</bioguideId>
        </identifiers>
        <isOriginalCosponsor>False</isOriginalCosponsor>
        <fullName>Rep. Serrano, Jose E. [D-NY-15]</fullName>
        <middleName>E.</middleName>
        <bioguideId>S000248</bioguideId>
        <firstName>JOSE</firstName>
        <party>D</party>
        <lastName>SERRANO</lastName>
        <district>15</district>
        <state>NY</state>
      </item>
      <item>
        <sponsorshipDate>2017-01-31</sponsorshipDate>
        <sponsorshipWithdrawnDate />
        <identifiers>
          <lisID>2349</lisID>
          <bioguideId>G000581</bioguideId>
          <gpoId />
        </identifiers>
        <isOriginalCosponsor>False</isOriginalCosponsor>
        <fullName>Rep. Gonzalez, Vicente [D-TX-15]</fullName>
        <middleName />
        <bioguideId>G000581</bioguideId>
        <firstName>Vicente</firstName>
        <party>D</party>
        <lastName>Gonzalez</lastName>
        <district>15</district>
        <state>TX</state>
      </item>
      <item>
        <sponsorshipDate>2017-02-01</sponsorshipDate>
        <sponsorshipWithdrawnDate />
        <identifiers>
          <lisID>635</lisID>
          <gpoId>8064</gpoId>
          <bioguideId>K000210</bioguideId>
        </identifiers>
        <isOriginalCosponsor>False</isOriginalCosponsor>
        <fullName>Rep. King, Peter T. [R-NY-2]</fullName>
        <middleName>T.</middleName>
        <bioguideId>K000210</bioguideId>
        <firstName>PETER</firstName>
        <party>R</party>
        <lastName>KING</lastName>
        <district>2</district>
        <state>NY</state>
      </item>
      <item>
        <sponsorshipDate>2017-02-13</sponsorshipDate>
        <sponsorshipWithdrawnDate />
        <identifiers>
          <lisID>2167</lisID>
          <bioguideId>V000132</bioguideId>
          <gpoId />
        </identifiers>
        <isOriginalCosponsor>False</isOriginalCosponsor>
        <fullName>Rep. Vela, Filemon [D-TX-34]</fullName>
        <middleName />
        <bioguideId>V000132</bioguideId>
        <firstName>Filemon</firstName>
        <party>D</party>
        <lastName>Vela</lastName>
        <district>34</district>
        <state>TX</state>
      </item>
    </cosponsors>
    <introducedDate>2017-01-30</introducedDate>
    <committees>
      <billCommittees>
        <item>
          <type>Standing</type>
          <name>Oversight and Government Reform Committee</name>
          <systemCode>hsgo00</systemCode>
          <chamber>House</chamber>
          <activities>
            <item>
              <name>Referred to</name>
              <date>2017-01-30T17:04:40Z</date>
            </item>
          </activities>
          <subcommittees />
        </item>
      </billCommittees>
    </committees>
    <laws />
    <cboCostEstimates />
    <sponsors>
      <item>
        <firstName>Adriano</firstName>
        <party>D</party>
        <byRequestType />
        <bioguideId>E000297</bioguideId>
        <identifiers>
          <lisID>2342</lisID>
          <gpoId />
          <bioguideId>E000297</bioguideId>
        </identifiers>
        <lastName>Espaillat</lastName>
        <state>NY</state>
        <district>13</district>
        <fullName>Rep. Espaillat, Adriano [D-NY-13]</fullName>
        <middleName />
      </item>
    </sponsors>
    <createDate>2017-01-31T05:23:06Z</createDate>
    <billNumber>72</billNumber>
    <congress>115</congress>
    <subjects>
      <billSubjects>
        <legislativeSubjects>
          <item>
            <name>Caribbean area</name>
          </item>
          <item>
            <name>Commemorative events and holidays</name>
          </item>
          <item>
            <name>Congressional tributes</name>
          </item>
          <item>
            <name>Dominican Republic</name>
          </item>
          <item>
            <name>Latin America</name>
          </item>
        </legislativeSubjects>
        <policyArea>
          <name>Immigration</name>
        </policyArea>
      </billSubjects>
    </subjects>
    <billType>HRES</billType>
    <committeeReports />
    <policyArea>
      <name>Immigration</name>
    </policyArea>
    <relatedBills>
      <item>
        <type>HRES</type>
        <latestTitle>Supporting the goals and ideals of Dominican Heritage Month.</latestTitle>
        <congress>115</congress>
        <latestAction>
          <text>Referred to the House Committee on Oversight and Government Reform.</text>
          <actionDate>2018-02-27</actionDate>
        </latestAction>
        <number>754</number>
        <relationshipDetails>
          <item>
            <type>Identical bill</type>
            <identifiedBy>CRS</identifiedBy>
          </item>
        </relationshipDetails>
      </item>
    </relatedBills>
    <title>Supporting the goals and ideals of Dominican Heritage Month.</title>
    <titles>
      <item>
        <chamberName />
        <chamberCode />
        <parentTitleType />
        <titleType>Official Title as Introduced</titleType>
        <title>Supporting the goals and ideals of Dominican Heritage Month.</title>
      </item>
      <item>
        <chamberName />
        <chamberCode />
        <parentTitleType />
        <titleType>Display Title</titleType>
        <title>Supporting the goals and ideals of Dominican Heritage Month.</title>
      </item>
    </titles>
    <summaries>
      <billSummaries>
        <item>
          <actionDesc>Introduced in House</actionDesc>
          <actionDate>2017-01-30</actionDate>
          <text><![CDATA[<p>Supports the goals and ideals of a Dominican Heritage Month.</p> <p>Supports the establishment of a national month of Recognition for Dominican-Americans to honor the Dominican people and their contributions. </p>]]></text>
          <versionCode>00</versionCode>
          <updateDate>2017-01-30T05:00:00Z</updateDate>
          <lastSummaryUpdateDate>2017-02-01T22:30:05Z</lastSummaryUpdateDate>
          <name>Introduced in House</name>
        </item>
      </billSummaries>
    </summaries>
    <latestAction>
      <actionDate>2017-01-30</actionDate>
      <links />
      <text>Referred to the House Committee on Oversight and Government Reform.</text>
    </latestAction>
    <calendarNumbers />
    <recordedVotes />
    <updateDate>2018-02-28T17:30:10Z</updateDate>
    <amendments />
    <constitutionalAuthorityStatementText />
    <version>1.0.0</version>
    <actions>
      <actionTypeCounts>
        <billReferrals>1</billReferrals>
        <introducedInHouse>1</introducedInHouse>
        <introducedInTheHouse>1</introducedInTheHouse>
      </actionTypeCounts>
      <item>
        <sourceSystem>
          <code>2</code>
          <name>House floor actions</name>
        </sourceSystem>
        <committee>
          <systemCode>hsgo00</systemCode>
          <name>Oversight and Government Reform Committee</name>
        </committee>
        <actionDate>2017-01-30</actionDate>
        <text>Referred to the House Committee on Oversight and Government Reform.</text>
        <links />
        <actionCode>H11100</actionCode>
        <type>IntroReferral</type>
      </item>
      <item>
        <sourceSystem>
          <code>9</code>
          <name>Library of Congress</name>
        </sourceSystem>
        <committee />
        <actionDate>2017-01-30</actionDate>
        <text>Introduced in House</text>
        <links />
        <actionCode>Intro-H</actionCode>
        <type>IntroReferral</type>
      </item>
      <item>
        <sourceSystem>
          <code>9</code>
          <name>Library of Congress</name>
        </sourceSystem>
        <committee />
        <actionDate>2017-01-30</actionDate>
        <text>Introduced in House</text>
        <links />
        <actionCode>1000</actionCode>
        <type>IntroReferral</type>
      </item>
      <actionByCounts>
        <houseOfRepresentatives>3</houseOfRepresentatives>
      </actionByCounts>
    </actions>
    <originChamber>House</originChamber>
  </bill>
  <dublinCore xmlns:dc="http://purl.org/dc/elements/1.1/">
    <dc:format>text/xml</dc:format>
    <dc:language>EN</dc:language>
    <dc:rights>Pursuant to Title 17 Section 105 of the United States Code, this file is not subject to copyright protection and is in the public domain.</dc:rights>
    <dc:contributor>Congressional Research Service, Library of Congress</dc:contributor>
    <dc:description>This file contains bill summaries and statuses for federal legislation. A bill summary describes the most significant provisions of a piece of legislation and details the effects the legislative text may have on current law and federal programs. Bill summaries are authored by the Congressional Research Service (CRS) of the Library of Congress. As stated in Public Law 91-510 (2 USC 166 (d)(6)), one of the duties of CRS is "to prepare summaries and digests of bills and resolutions of a public general nature introduced in the Senate or House of Representatives". For more information, refer to the User Guide that accompanies this file.</dc:description>
  </dublinCore>
</billStatus>

