<?xml version="1.0" encoding="UTF-8"?>
<billStatus>
  <bill>
    <titles>
      <item>
        <chamberCode />
        <titleType>Short Titles as Introduced</titleType>
        <parentTitleType />
        <chamberName />
        <title>MOBILE Resolution</title>
      </item>
      <item>
        <chamberCode />
        <titleType>Short Titles as Introduced</titleType>
        <parentTitleType />
        <chamberName />
        <title>Members Operating to Be Innovative and Link Everyone Resolution</title>
      </item>
      <item>
        <chamberCode />
        <titleType>Official Title as Introduced</titleType>
        <parentTitleType />
        <chamberName />
        <title>Amending the Rules of the House of Representatives to permit absent Members to participate in committee hearings using video conferencing and related technologies and to establish a remote voting system under which absent Members may cast votes in the House on motions to suspend the rules.</title>
      </item>
      <item>
        <chamberCode />
        <titleType>Display Title</titleType>
        <parentTitleType />
        <chamberName />
        <title>MOBILE Resolution</title>
      </item>
    </titles>
    <committeeReports />
    <sponsors>
      <item>
        <firstName>Eric</firstName>
        <middleName />
        <identifiers>
          <lisID>2104</lisID>
          <bioguideId>S001193</bioguideId>
          <gpoId />
        </identifiers>
        <party>D</party>
        <bioguideId>S001193</bioguideId>
        <lastName>Swalwell</lastName>
        <fullName>Rep. Swalwell, Eric [D-CA-15]</fullName>
        <byRequestType />
        <district>15</district>
        <state>CA</state>
      </item>
    </sponsors>
    <title>MOBILE Resolution</title>
    <actions>
      <item>
        <committee>
          <systemCode>hsru00</systemCode>
          <name>Rules Committee</name>
        </committee>
        <sourceSystem>
          <code>2</code>
          <name>House floor actions</name>
        </sourceSystem>
        <actionDate>2017-04-25</actionDate>
        <text>Referred to the House Committee on Rules.</text>
        <links />
        <type>IntroReferral</type>
        <actionCode>H11100</actionCode>
      </item>
      <item>
        <committee />
        <sourceSystem>
          <code>9</code>
          <name>Library of Congress</name>
        </sourceSystem>
        <actionDate>2017-04-25</actionDate>
        <text>Introduced in House</text>
        <links />
        <type>IntroReferral</type>
        <actionCode>Intro-H</actionCode>
      </item>
      <item>
        <committee />
        <sourceSystem>
          <code>9</code>
          <name>Library of Congress</name>
        </sourceSystem>
        <actionDate>2017-04-25</actionDate>
        <text>Introduced in House</text>
        <links />
        <type>IntroReferral</type>
        <actionCode>1000</actionCode>
      </item>
      <actionByCounts>
        <houseOfRepresentatives>3</houseOfRepresentatives>
      </actionByCounts>
      <actionTypeCounts>
        <billReferrals>1</billReferrals>
        <introducedInTheHouse>1</introducedInTheHouse>
        <introducedInHouse>1</introducedInHouse>
      </actionTypeCounts>
    </actions>
    <summaries>
      <billSummaries>
        <item>
          <versionCode>00</versionCode>
          <text><![CDATA[<p><b>Members Operating to Be Innovative and Link Everyone Resolution or the MOBILE Resolution</b></p> <p>Amends Rule XI (Procedures of Committees and Unfinished Business) of the Rules of the House of Representatives to require each committee to permit any member absent from the site of a hearing, and any other absent individual invited to participate in the hearing, to use video conferencing and related technologies in order to participate in it to the same extent as members of the committee and other individuals present at the site of the meeting.</p> <p>Requires a committee to adopt a rule to count any member who participates remotely in a hearing as one of the number of members constituting a quorum at the hearing.</p> <p>Amends Rule XV (Business in Order on Special Days) to require the Clerk, Chief Administrative Officer, and Sergeant at Arms to work together to develop and implement a secure remote voting system under which any member absent from the floor shall be permitted to cast a vote remotely on a motion to suspend the rules if the vote is taken by electronic device.</p> <p>Requires the member to be treated as present for purposes of determining the existence of a quorum for considering the motion.</p>]]></text>
          <actionDesc>Introduced in House</actionDesc>
          <actionDate>2017-04-25</actionDate>
          <lastSummaryUpdateDate>2017-04-28T13:11:10Z</lastSummaryUpdateDate>
          <name>Introduced in House</name>
          <updateDate>2017-04-25T04:00:00Z</updateDate>
        </item>
      </billSummaries>
    </summaries>
    <constitutionalAuthorityStatementText />
    <billNumber>278</billNumber>
    <calendarNumbers />
    <originChamber>House</originChamber>
    <version>1.0.0</version>
    <subjects>
      <billSubjects>
        <legislativeSubjects>
          <item>
            <name>Congressional committees</name>
          </item>
          <item>
            <name>Congressional operations and organization</name>
          </item>
          <item>
            <name>House of Representatives</name>
          </item>
          <item>
            <name>Internet and video services</name>
          </item>
          <item>
            <name>Legislative rules and procedure</name>
          </item>
          <item>
            <name>Telephone and wireless communication</name>
          </item>
        </legislativeSubjects>
        <policyArea>
          <name>Congress</name>
        </policyArea>
      </billSubjects>
    </subjects>
    <cosponsors>
      <item>
        <isOriginalCosponsor>True</isOriginalCosponsor>
        <fullName>Rep. Pearce, Stevan [R-NM-2]</fullName>
        <middleName />
        <sponsorshipDate>2017-04-25</sponsorshipDate>
        <bioguideId>P000588</bioguideId>
        <lastName>Pearce</lastName>
        <party>R</party>
        <district>2</district>
        <firstName>Stevan</firstName>
        <state>NM</state>
        <identifiers>
          <lisID>1738</lisID>
          <bioguideId>P000588</bioguideId>
          <gpoId>8057</gpoId>
        </identifiers>
        <sponsorshipWithdrawnDate />
      </item>
      <item>
        <isOriginalCosponsor>True</isOriginalCosponsor>
        <fullName>Rep. Crawford, Eric A. "Rick" [R-AR-1]</fullName>
        <middleName>A. "Rick"</middleName>
        <sponsorshipDate>2017-04-25</sponsorshipDate>
        <bioguideId>C001087</bioguideId>
        <lastName>Crawford</lastName>
        <party>R</party>
        <district>1</district>
        <firstName>Eric</firstName>
        <state>AR</state>
        <identifiers>
          <gpoId>7793</gpoId>
          <lisID>1989</lisID>
          <bioguideId>C001087</bioguideId>
        </identifiers>
        <sponsorshipWithdrawnDate />
      </item>
    </cosponsors>
    <latestAction>
      <text>Referred to the House Committee on Rules.</text>
      <links />
      <actionDate>2017-04-25</actionDate>
    </latestAction>
    <laws />
    <notes />
    <createDate>2017-04-26T03:11:44Z</createDate>
    <billType>HRES</billType>
    <updateDate>2018-02-06T16:39:43Z</updateDate>
    <relatedBills />
    <cboCostEstimates />
    <introducedDate>2017-04-25</introducedDate>
    <amendments />
    <policyArea>
      <name>Congress</name>
    </policyArea>
    <recordedVotes />
    <congress>115</congress>
    <committees>
      <billCommittees>
        <item>
          <name>Rules Committee</name>
          <chamber>House</chamber>
          <type>Standing</type>
          <subcommittees />
          <systemCode>hsru00</systemCode>
          <activities>
            <item>
              <name>Referred to</name>
              <date>2017-04-25T16:01:30Z</date>
            </item>
          </activities>
        </item>
      </billCommittees>
    </committees>
  </bill>
  <dublinCore xmlns:dc="http://purl.org/dc/elements/1.1/">
    <dc:format>text/xml</dc:format>
    <dc:language>EN</dc:language>
    <dc:rights>Pursuant to Title 17 Section 105 of the United States Code, this file is not subject to copyright protection and is in the public domain.</dc:rights>
    <dc:contributor>Congressional Research Service, Library of Congress</dc:contributor>
    <dc:description>This file contains bill summaries and statuses for federal legislation. A bill summary describes the most significant provisions of a piece of legislation and details the effects the legislative text may have on current law and federal programs. Bill summaries are authored by the Congressional Research Service (CRS) of the Library of Congress. As stated in Public Law 91-510 (2 USC 166 (d)(6)), one of the duties of CRS is "to prepare summaries and digests of bills and resolutions of a public general nature introduced in the Senate or House of Representatives". For more information, refer to the User Guide that accompanies this file.</dc:description>
  </dublinCore>
</billStatus>

