<?xml version="1.0" encoding="UTF-8"?>
<billStatus>
  <bill>
    <constitutionalAuthorityStatementText />
    <laws />
    <recordedVotes>
      <recordedVote>
        <fullActionName>Passage of a Measure</fullActionName>
        <rollNumber>394</rollNumber>
        <date>2017-07-19T18:23:29Z</date>
        <chamber>House</chamber>
        <url>http://clerk.house.gov/evs/2017/roll394.xml</url>
        <congress>115</congress>
        <sessionNumber>1</sessionNumber>
      </recordedVote>
      <recordedVote>
        <fullActionName>Motion for Previous Question</fullActionName>
        <rollNumber>393</rollNumber>
        <date>2017-07-19T18:11:48Z</date>
        <chamber>House</chamber>
        <url>http://clerk.house.gov/evs/2017/roll393.xml</url>
        <congress>115</congress>
        <sessionNumber>1</sessionNumber>
      </recordedVote>
    </recordedVotes>
    <billType>HRES</billType>
    <cboCostEstimates />
    <updateDate>2018-02-22T15:26:52Z</updateDate>
    <committees>
      <billCommittees>
        <item>
          <chamber>House</chamber>
          <name>Rules Committee</name>
          <activities>
            <item>
              <date>2017-07-18T21:59:54Z</date>
              <name>Reported original measure</name>
            </item>
          </activities>
          <type>Standing</type>
          <subcommittees />
          <systemCode>hsru00</systemCode>
        </item>
      </billCommittees>
    </committees>
    <summaries>
      <billSummaries>
        <item>
          <text><![CDATA[Sets forth the rule for consideration of the bill (H.R. 2910) to provide for Federal and State agency coordination in the approval of certain authorizations under the Natural Gas Act, and for other purposes; providing for consideration of the bill (H.R. 2883) to establish a more uniform, transparent, and modern process to authorize the construction, connection, operation, and maintenance of international border-crossing facilities for the import and export of oil and natural gas and the transmission of electricity; providing for consideration of the bill (H.R. 218) to provide for the exchange of Federal land and non-Federal land in the State of Alaska for the construction of a road between King Cove and Cold Bay.]]></text>
          <versionCode>00</versionCode>
          <updateDate>2017-07-18T04:00:00Z</updateDate>
          <actionDate>2017-07-18</actionDate>
          <actionDesc>Introduced in House</actionDesc>
          <name>Introduced in House</name>
          <lastSummaryUpdateDate>2017-07-19T08:05:39Z</lastSummaryUpdateDate>
        </item>
      </billSummaries>
    </summaries>
    <calendarNumbers>
      <item>
        <calendar>H00066</calendar>
        <number />
      </item>
    </calendarNumbers>
    <notes />
    <originChamber>House</originChamber>
    <titles>
      <item>
        <parentTitleType />
        <titleType>Official Title as Introduced</titleType>
        <title>Providing for consideration of the bill (H.R. 2910) to provide for Federal and State agency coordination in the approval of certain authorizations under the Natural Gas Act, and for other purposes; providing for consideration of the bill (H.R. 2883) to establish a more uniform, transparent, and modern process to authorize the construction, connection, operation, and maintenance of international border-crossing facilities for the import and export of oil and natural gas and the transmission of electricity; providing for consideration of the bill (H.R. 218) to provide for the exchange of Federal land and non-Federal land in the State of Alaska for the construction of a road between King Cove and Cold Bay; and for other purposes.</title>
        <chamberCode />
        <chamberName />
      </item>
      <item>
        <parentTitleType />
        <titleType>Display Title</titleType>
        <title>Providing for consideration of the bill (H.R. 2910) to provide for Federal and State agency coordination in the approval of certain authorizations under the Natural Gas Act, and for other purposes; providing for consideration of the bill (H.R. 2883) to establish a more uniform, transparent, and modern process to authorize the construction, connection, operation, and maintenance of international border-crossing facilities for the import and export of oil and natural gas and the transmission of electricity; providing for consideration of the bill (H.R. 218) to provide for the exchange of Federal land and non-Federal land in the State of Alaska for the construction of a road between King Cove and Cold Bay; and for other purposes.</title>
        <chamberCode />
        <chamberName />
      </item>
    </titles>
    <createDate>2017-07-19T03:11:31Z</createDate>
    <version>1.0.0</version>
    <committeeReports>
      <committeeReport>
        <citation>H. Rept. 115-235</citation>
      </committeeReport>
    </committeeReports>
    <actions>
      <actionByCounts>
        <houseOfRepresentatives>13</houseOfRepresentatives>
      </actionByCounts>
      <actionTypeCounts>
        <introducedInHouse>1</introducedInHouse>
        <generalDebate>2</generalDebate>
        <considerationByHouse>2</considerationByHouse>
        <motionForPreviousQuestion>1</motionForPreviousQuestion>
        <passedAgreedToInHouse>1</passedAgreedToInHouse>
        <passageOfAMeasure>1</passageOfAMeasure>
        <provisionsOfARule>1</provisionsOfARule>
        <committeeReportOfAnOriginalMeasure>1</committeeReportOfAnOriginalMeasure>
        <houseCalendarAssignment>1</houseCalendarAssignment>
        <reportedToHouse>1</reportedToHouse>
        <motionToReconsiderResults>1</motionToReconsiderResults>
      </actionTypeCounts>
      <item>
        <actionTime>14:23:30</actionTime>
        <type>Floor</type>
        <links />
        <sourceSystem>
          <name>House floor actions</name>
          <code>2</code>
        </sourceSystem>
        <actionDate>2017-07-19</actionDate>
        <committee />
        <text>Motion to reconsider laid on the table Agreed to without objection.</text>
        <actionCode>H38310</actionCode>
      </item>
      <item>
        <actionTime>14:23:29</actionTime>
        <type>Floor</type>
        <links>
          <link>
            <name>H5991-5992</name>
            <url>https://www.congress.gov/congressional-record/volume-163/house-section/page/H5991-5992</url>
          </link>
          <link>
            <name>Roll no. 394</name>
            <url>http://clerk.house.gov/evs/2017/roll394.xml</url>
          </link>
        </links>
        <sourceSystem>
          <name>House floor actions</name>
          <code>2</code>
        </sourceSystem>
        <actionDate>2017-07-19</actionDate>
        <committee />
        <text>On agreeing to the resolution Agreed to by the Yeas and Nays: 234 - 194 (Roll no. 394). (text: CR H5991-5992)</text>
        <actionCode>H37100</actionCode>
      </item>
      <item>
        <actionTime>14:23:29</actionTime>
        <type>Floor</type>
        <links>
          <link>
            <name>Roll no. 394</name>
            <url>http://clerk.house.gov/evs/2017/roll394.xml</url>
          </link>
        </links>
        <sourceSystem>
          <name>Library of Congress</name>
          <code>9</code>
        </sourceSystem>
        <actionDate>2017-07-19</actionDate>
        <committee />
        <text>Passed/agreed to in House: On agreeing to the resolution Agreed to by the Yeas and Nays: 234 - 194 (Roll no. 394).</text>
        <actionCode>8000</actionCode>
      </item>
      <item>
        <actionTime>14:11:48</actionTime>
        <type>Floor</type>
        <links>
          <link>
            <name>H5999-6000</name>
            <url>https://www.congress.gov/congressional-record/volume-163/house-section/page/H5999-6000</url>
          </link>
          <link>
            <name>Roll no. 393</name>
            <url>http://clerk.house.gov/evs/2017/roll393.xml</url>
          </link>
        </links>
        <sourceSystem>
          <name>House floor actions</name>
          <code>2</code>
        </sourceSystem>
        <actionDate>2017-07-19</actionDate>
        <committee />
        <text>On ordering the previous question Agreed to by the Yeas and Nays: 236 - 192 (Roll no. 393). (consideration: CR H5999-6000)</text>
        <actionCode>H35000</actionCode>
      </item>
      <item>
        <actionTime>14:02:41</actionTime>
        <type>Floor</type>
        <links>
          <link>
            <name>H5999-6001</name>
            <url>https://www.congress.gov/congressional-record/volume-163/house-section/page/H5999-6001</url>
          </link>
        </links>
        <sourceSystem>
          <name>House floor actions</name>
          <code>2</code>
        </sourceSystem>
        <actionDate>2017-07-19</actionDate>
        <committee />
        <text>Considered as unfinished business. (consideration: CR H5999-6001)</text>
        <actionCode>H30000</actionCode>
      </item>
      <item>
        <actionTime>13:23:38</actionTime>
        <type>Floor</type>
        <links>
          <link>
            <name>H. Res. 454</name>
            <url>https://www.congress.gov/bill/115th-congress/house-resolution/454</url>
          </link>
        </links>
        <sourceSystem>
          <name>House floor actions</name>
          <code>2</code>
        </sourceSystem>
        <actionDate>2017-07-19</actionDate>
        <committee />
        <text>POSTPONED PROCEEDINGS - At the conclusion of debate on H. Res. 454, the Chair put the question on ordering the previous question, and by voice vote announced that the ayes prevailed. Ms. Slaughter demanded the yeas and nays and the Chair postponed further proceedings on the question of ordering the previous question until later in the legislative day.</text>
        <actionCode>H8D000</actionCode>
      </item>
      <item>
        <actionTime>12:43:13</actionTime>
        <type>Floor</type>
        <links>
          <link>
            <name>H. Res. 454</name>
            <url>https://www.congress.gov/bill/115th-congress/house-resolution/454</url>
          </link>
        </links>
        <sourceSystem>
          <name>House floor actions</name>
          <code>2</code>
        </sourceSystem>
        <actionDate>2017-07-19</actionDate>
        <committee />
        <text>DEBATE - The House proceeded with one hour of debate on H. Res. 454.</text>
        <actionCode>H8D000</actionCode>
      </item>
      <item>
        <actionTime>12:35:31</actionTime>
        <type>Floor</type>
        <links>
          <link>
            <name>H5991-5997</name>
            <url>https://www.congress.gov/congressional-record/volume-163/house-section/page/H5991-5997</url>
          </link>
        </links>
        <sourceSystem>
          <name>House floor actions</name>
          <code>2</code>
        </sourceSystem>
        <actionDate>2017-07-19</actionDate>
        <committee />
        <text>Considered as privileged matter. (consideration: CR H5991-5997)</text>
        <actionCode>H30000</actionCode>
      </item>
      <item>
        <text>Placed on the House Calendar, Calendar No. 66.</text>
        <type>Calendars</type>
        <links />
        <sourceSystem>
          <name>House floor actions</name>
          <code>2</code>
        </sourceSystem>
        <actionDate>2017-07-18</actionDate>
        <committee />
        <actionCode>H12420</actionCode>
      </item>
      <item>
        <actionTime>17:59:55</actionTime>
        <type>Floor</type>
        <links>
          <link>
            <name>H.R. 2825</name>
            <url>https://www.congress.gov/bill/115th-congress/house-bill/2825</url>
          </link>
        </links>
        <sourceSystem>
          <name>House floor actions</name>
          <code>2</code>
        </sourceSystem>
        <actionDate>2017-07-18</actionDate>
        <committee />
        <text>The resolution makes in order at anytime on the legislative day of July 20, 2017, for the Speaker to entertain motions that the House suspend the rules, relating to the bill H.R. 2825. Also the rule provides that the Committee on Appropriations may at any time before 5 p.m. on Friday, July 21, 2017, file privileged reports to accompany measures making appropriations for the fiscal year ending September 30, 2018.</text>
        <actionCode>H12700</actionCode>
      </item>
      <item>
        <text>The House Committee on Rules reported an original measure, H. Rept. 115-235, by Ms. Cheney.</text>
        <type>Committee</type>
        <links>
          <link>
            <name>H. Rept. 115-235</name>
            <url>https://www.congress.gov/congressional-report/115th-congress/house-report/235</url>
          </link>
        </links>
        <sourceSystem>
          <name>House floor actions</name>
          <code>2</code>
        </sourceSystem>
        <actionDate>2017-07-18</actionDate>
        <committee>
          <name>Rules Committee</name>
          <systemCode>hsru00</systemCode>
        </committee>
        <actionCode>H12100</actionCode>
      </item>
      <item>
        <text>The House Committee on Rules reported an original measure, H. Rept. 115-235, by Ms. Cheney.</text>
        <type>Committee</type>
        <links>
          <link>
            <name>H. Rept. 115-235</name>
            <url>https://www.congress.gov/congressional-report/115th-congress/house-report/235</url>
          </link>
        </links>
        <sourceSystem>
          <name>Library of Congress</name>
          <code>9</code>
        </sourceSystem>
        <actionDate>2017-07-18</actionDate>
        <committee>
          <name>Rules Committee</name>
          <systemCode>hsru00</systemCode>
        </committee>
        <actionCode>5000</actionCode>
      </item>
      <item>
        <text>Introduced in House</text>
        <type>IntroReferral</type>
        <links />
        <sourceSystem>
          <name>Library of Congress</name>
          <code>9</code>
        </sourceSystem>
        <actionDate>2017-07-18</actionDate>
        <committee />
        <actionCode>1000</actionCode>
      </item>
    </actions>
    <policyArea>
      <name>Congress</name>
    </policyArea>
    <latestAction>
      <actionDate>2017-07-19</actionDate>
      <links />
      <text>Motion to reconsider laid on the table Agreed to without objection.</text>
      <actionTime>14:23:30</actionTime>
    </latestAction>
    <billNumber>454</billNumber>
    <amendments />
    <cosponsors />
    <subjects>
      <billSubjects>
        <policyArea>
          <name>Congress</name>
        </policyArea>
        <legislativeSubjects>
          <item>
            <name>House of Representatives</name>
          </item>
          <item>
            <name>Legislative rules and procedure</name>
          </item>
        </legislativeSubjects>
      </billSubjects>
    </subjects>
    <congress>115</congress>
    <title>Providing for consideration of the bill (H.R. 2910) to provide for Federal and State agency coordination in the approval of certain authorizations under the Natural Gas Act, and for other purposes; providing for consideration of the bill (H.R. 2883) to establish a more uniform, transparent, and modern process to authorize the construction, connection, operation, and maintenance of international border-crossing facilities for the import and export of oil and natural gas and the transmission of electricity; providing for consideration of the bill (H.R. 218) to provide for the exchange of Federal land and non-Federal land in the State of Alaska for the construction of a road between King Cove and Cold Bay; and for other purposes.</title>
    <introducedDate>2017-07-18</introducedDate>
    <sponsors>
      <item>
        <byRequestType />
        <lastName>Cheney</lastName>
        <middleName />
        <firstName>Liz</firstName>
        <fullName>Rep. Cheney, Liz [R-WY-At Large]</fullName>
        <bioguideId>C001109</bioguideId>
        <party>R</party>
        <identifiers>
          <gpoId />
          <bioguideId>C001109</bioguideId>
          <lisID>2356</lisID>
        </identifiers>
        <state>WY</state>
        <district>0</district>
      </item>
    </sponsors>
    <relatedBills>
      <item>
        <relationshipDetails>
          <item>
            <identifiedBy>House</identifiedBy>
            <type>Related bill</type>
          </item>
          <item>
            <identifiedBy>House</identifiedBy>
            <type>Procedurally-related</type>
          </item>
        </relationshipDetails>
        <type>HR</type>
        <latestTitle>Promoting Cross-Border Energy Infrastructure Act</latestTitle>
        <number>2883</number>
        <congress>115</congress>
        <latestAction>
          <actionDate>2017-07-20</actionDate>
          <text>Received in the Senate and Read twice and referred to the Committee on Energy and Natural Resources.</text>
        </latestAction>
      </item>
      <item>
        <relationshipDetails>
          <item>
            <identifiedBy>House</identifiedBy>
            <type>Related bill</type>
          </item>
          <item>
            <identifiedBy>House</identifiedBy>
            <type>Procedurally-related</type>
          </item>
        </relationshipDetails>
        <type>HR</type>
        <latestTitle>Promoting Interagency Coordination for Review of Natural Gas Pipelines Act</latestTitle>
        <number>2910</number>
        <congress>115</congress>
        <latestAction>
          <actionDate>2017-07-20</actionDate>
          <text>Received in the Senate and Read twice and referred to the Committee on Commerce, Science, and Transportation.</text>
        </latestAction>
      </item>
      <item>
        <relationshipDetails>
          <item>
            <identifiedBy>House</identifiedBy>
            <type>Procedurally-related</type>
          </item>
        </relationshipDetails>
        <type>HR</type>
        <latestTitle>King Cove Road Land Exchange Act</latestTitle>
        <number>218</number>
        <congress>115</congress>
        <latestAction>
          <actionDate>2017-07-20</actionDate>
          <text>Received in the Senate and Read twice and referred to the Committee on Energy and Natural Resources.</text>
        </latestAction>
      </item>
    </relatedBills>
  </bill>
  <dublinCore xmlns:dc="http://purl.org/dc/elements/1.1/">
    <dc:format>text/xml</dc:format>
    <dc:language>EN</dc:language>
    <dc:rights>Pursuant to Title 17 Section 105 of the United States Code, this file is not subject to copyright protection and is in the public domain.</dc:rights>
    <dc:contributor>Congressional Research Service, Library of Congress</dc:contributor>
    <dc:description>This file contains bill summaries and statuses for federal legislation. A bill summary describes the most significant provisions of a piece of legislation and details the effects the legislative text may have on current law and federal programs. Bill summaries are authored by the Congressional Research Service (CRS) of the Library of Congress. As stated in Public Law 91-510 (2 USC 166 (d)(6)), one of the duties of CRS is "to prepare summaries and digests of bills and resolutions of a public general nature introduced in the Senate or House of Representatives". For more information, refer to the User Guide that accompanies this file.</dc:description>
  </dublinCore>
</billStatus>

