<?xml version="1.0" encoding="UTF-8"?>
<billStatus>
  <bill>
    <policyArea>
      <name>International Affairs</name>
    </policyArea>
    <committeeReports />
    <congress>115</congress>
    <sponsors>
      <item>
        <identifiers>
          <lisID>229</lisID>
          <gpoId>7999</gpoId>
          <bioguideId>C000714</bioguideId>
        </identifiers>
        <district>13</district>
        <middleName />
        <byRequestType />
        <fullName>Rep. Conyers, John, Jr. [D-MI-13]</fullName>
        <bioguideId>C000714</bioguideId>
        <state>MI</state>
        <party>D</party>
        <firstName>JOHN</firstName>
        <lastName>CONYERS</lastName>
      </item>
    </sponsors>
    <calendarNumbers />
    <amendments />
    <relatedBills />
    <notes />
    <originChamber>House</originChamber>
    <version>1.0.0</version>
    <billNumber>246</billNumber>
    <title>Commemorating the 50th anniversary of Dr. Martin Luther King, Jr.'s "Beyond Vietnam: A Time To Break Silence" sermon condemning the Vietnam War and calling for a true revolution of values in the United States.</title>
    <cosponsors>
      <item>
        <bioguideId>L000287</bioguideId>
        <district>5</district>
        <isOriginalCosponsor>True</isOriginalCosponsor>
        <sponsorshipWithdrawnDate />
        <lastName>LEWIS</lastName>
        <state>GA</state>
        <fullName>Rep. Lewis, John [D-GA-5]</fullName>
        <sponsorshipDate>2017-04-04</sponsorshipDate>
        <middleName />
        <firstName>JOHN</firstName>
        <party>D</party>
        <identifiers>
          <bioguideId>L000287</bioguideId>
          <lisID>688</lisID>
          <gpoId>7902</gpoId>
        </identifiers>
      </item>
      <item>
        <bioguideId>N000147</bioguideId>
        <district>0</district>
        <isOriginalCosponsor>True</isOriginalCosponsor>
        <sponsorshipWithdrawnDate />
        <lastName>NORTON</lastName>
        <state>DC</state>
        <fullName>Rep. Norton, Eleanor Holmes [D-DC-At Large]</fullName>
        <sponsorshipDate>2017-04-04</sponsorshipDate>
        <middleName>HOLMES</middleName>
        <firstName>ELEANOR</firstName>
        <party>D</party>
        <identifiers>
          <lisID>868</lisID>
          <gpoId>7871</gpoId>
          <bioguideId>N000147</bioguideId>
        </identifiers>
      </item>
      <item>
        <bioguideId>J000126</bioguideId>
        <district>30</district>
        <isOriginalCosponsor>True</isOriginalCosponsor>
        <sponsorshipWithdrawnDate />
        <lastName>JOHNSON</lastName>
        <state>TX</state>
        <fullName>Rep. Johnson, Eddie Bernice [D-TX-30]</fullName>
        <sponsorshipDate>2017-04-04</sponsorshipDate>
        <middleName>BERNICE</middleName>
        <firstName>EDDIE</firstName>
        <party>D</party>
        <identifiers>
          <gpoId>8186</gpoId>
          <bioguideId>J000126</bioguideId>
          <lisID>599</lisID>
        </identifiers>
      </item>
      <item>
        <bioguideId>E000296</bioguideId>
        <district>2</district>
        <isOriginalCosponsor>True</isOriginalCosponsor>
        <sponsorshipWithdrawnDate />
        <lastName>Evans</lastName>
        <state>PA</state>
        <fullName>Rep. Evans, Dwight [D-PA-2]</fullName>
        <sponsorshipDate>2017-04-04</sponsorshipDate>
        <middleName />
        <firstName>Dwight</firstName>
        <party>D</party>
        <identifiers>
          <gpoId />
          <lisID>2298</lisID>
          <bioguideId>E000296</bioguideId>
        </identifiers>
      </item>
      <item>
        <bioguideId>R000588</bioguideId>
        <district>2</district>
        <isOriginalCosponsor>True</isOriginalCosponsor>
        <sponsorshipWithdrawnDate />
        <lastName>Richmond</lastName>
        <state>LA</state>
        <fullName>Rep. Richmond, Cedric L. [D-LA-2]</fullName>
        <sponsorshipDate>2017-04-04</sponsorshipDate>
        <middleName>L.</middleName>
        <firstName>Cedric</firstName>
        <party>D</party>
        <identifiers>
          <lisID>2023</lisID>
          <bioguideId>R000588</bioguideId>
          <gpoId>7960</gpoId>
        </identifiers>
      </item>
      <item>
        <bioguideId>P000610</bioguideId>
        <district>0</district>
        <isOriginalCosponsor>True</isOriginalCosponsor>
        <sponsorshipWithdrawnDate />
        <lastName>Plaskett</lastName>
        <state>VI</state>
        <fullName>Rep. Plaskett, Stacey E. [D-VI-At Large]</fullName>
        <sponsorshipDate>2017-04-04</sponsorshipDate>
        <middleName>E.</middleName>
        <firstName>Stacey</firstName>
        <party>D</party>
        <identifiers>
          <bioguideId>P000610</bioguideId>
          <lisID>2274</lisID>
          <gpoId />
        </identifiers>
      </item>
      <item>
        <bioguideId>E000297</bioguideId>
        <district>13</district>
        <isOriginalCosponsor>True</isOriginalCosponsor>
        <sponsorshipWithdrawnDate />
        <lastName>Espaillat</lastName>
        <state>NY</state>
        <fullName>Rep. Espaillat, Adriano [D-NY-13]</fullName>
        <sponsorshipDate>2017-04-04</sponsorshipDate>
        <middleName />
        <firstName>Adriano</firstName>
        <party>D</party>
        <identifiers>
          <gpoId />
          <lisID>2342</lisID>
          <bioguideId>E000297</bioguideId>
        </identifiers>
      </item>
      <item>
        <bioguideId>M000312</bioguideId>
        <district>2</district>
        <isOriginalCosponsor>True</isOriginalCosponsor>
        <sponsorshipWithdrawnDate />
        <lastName>MCGOVERN</lastName>
        <state>MA</state>
        <fullName>Rep. McGovern, James P. [D-MA-2]</fullName>
        <sponsorshipDate>2017-04-04</sponsorshipDate>
        <middleName>P.</middleName>
        <firstName>JAMES</firstName>
        <party>D</party>
        <identifiers>
          <gpoId>7968</gpoId>
          <lisID>1504</lisID>
          <bioguideId>M000312</bioguideId>
        </identifiers>
      </item>
      <item>
        <bioguideId>V000081</bioguideId>
        <district>7</district>
        <isOriginalCosponsor>True</isOriginalCosponsor>
        <sponsorshipWithdrawnDate />
        <lastName>VELAZQUEZ</lastName>
        <state>NY</state>
        <fullName>Rep. Velazquez, Nydia M. [D-NY-7]</fullName>
        <sponsorshipDate>2017-04-04</sponsorshipDate>
        <middleName>M.</middleName>
        <firstName>NYDIA</firstName>
        <party>D</party>
        <identifiers>
          <gpoId>8073</gpoId>
          <bioguideId>V000081</bioguideId>
          <lisID>1184</lisID>
        </identifiers>
      </item>
      <item>
        <bioguideId>B001300</bioguideId>
        <district>44</district>
        <isOriginalCosponsor>True</isOriginalCosponsor>
        <sponsorshipWithdrawnDate />
        <lastName>Barragan</lastName>
        <state>CA</state>
        <fullName>Rep. Barragan, Nanette Diaz [D-CA-44]</fullName>
        <sponsorshipDate>2017-04-04</sponsorshipDate>
        <middleName>Diaz</middleName>
        <firstName>Nanette</firstName>
        <party>D</party>
        <identifiers>
          <bioguideId>B001300</bioguideId>
          <lisID>2311</lisID>
          <gpoId />
        </identifiers>
      </item>
      <item>
        <bioguideId>L000551</bioguideId>
        <district>13</district>
        <isOriginalCosponsor>True</isOriginalCosponsor>
        <sponsorshipWithdrawnDate />
        <lastName>LEE</lastName>
        <state>CA</state>
        <fullName>Rep. Lee, Barbara [D-CA-13]</fullName>
        <sponsorshipDate>2017-04-04</sponsorshipDate>
        <middleName />
        <firstName>BARBARA</firstName>
        <party>D</party>
        <identifiers>
          <bioguideId>L000551</bioguideId>
          <lisID>1501</lisID>
          <gpoId>7814</gpoId>
        </identifiers>
      </item>
      <item>
        <bioguideId>R000515</bioguideId>
        <district>1</district>
        <isOriginalCosponsor>True</isOriginalCosponsor>
        <sponsorshipWithdrawnDate />
        <lastName>RUSH</lastName>
        <state>IL</state>
        <fullName>Rep. Rush, Bobby L. [D-IL-1]</fullName>
        <sponsorshipDate>2017-04-04</sponsorshipDate>
        <middleName>L.</middleName>
        <firstName>BOBBY</firstName>
        <party>D</party>
        <identifiers>
          <lisID>1003</lisID>
          <bioguideId>R000515</bioguideId>
          <gpoId>7921</gpoId>
        </identifiers>
      </item>
      <item>
        <bioguideId>B001270</bioguideId>
        <district>37</district>
        <isOriginalCosponsor>True</isOriginalCosponsor>
        <sponsorshipWithdrawnDate />
        <lastName>Bass</lastName>
        <state>CA</state>
        <fullName>Rep. Bass, Karen [D-CA-37]</fullName>
        <sponsorshipDate>2017-04-04</sponsorshipDate>
        <middleName />
        <firstName>Karen</firstName>
        <party>D</party>
        <identifiers>
          <lisID>1996</lisID>
          <bioguideId>B001270</bioguideId>
          <gpoId>7838</gpoId>
        </identifiers>
      </item>
      <item>
        <bioguideId>M001160</bioguideId>
        <district>4</district>
        <isOriginalCosponsor>True</isOriginalCosponsor>
        <sponsorshipWithdrawnDate />
        <lastName>Moore</lastName>
        <state>WI</state>
        <fullName>Rep. Moore, Gwen [D-WI-4]</fullName>
        <sponsorshipDate>2017-04-04</sponsorshipDate>
        <middleName />
        <firstName>Gwen</firstName>
        <party>D</party>
        <identifiers>
          <bioguideId>M001160</bioguideId>
          <gpoId>8217</gpoId>
          <lisID>1811</lisID>
        </identifiers>
      </item>
      <item>
        <bioguideId>S001185</bioguideId>
        <district>7</district>
        <isOriginalCosponsor>True</isOriginalCosponsor>
        <sponsorshipWithdrawnDate />
        <lastName>Sewell</lastName>
        <state>AL</state>
        <fullName>Rep. Sewell, Terri A. [D-AL-7]</fullName>
        <sponsorshipDate>2017-04-04</sponsorshipDate>
        <middleName>A.</middleName>
        <firstName>Terri</firstName>
        <party>D</party>
        <identifiers>
          <lisID>1988</lisID>
          <bioguideId>S001185</bioguideId>
          <gpoId>7792</gpoId>
        </identifiers>
      </item>
      <item>
        <bioguideId>C000984</bioguideId>
        <district>7</district>
        <isOriginalCosponsor>True</isOriginalCosponsor>
        <sponsorshipWithdrawnDate />
        <lastName>CUMMINGS</lastName>
        <state>MD</state>
        <fullName>Rep. Cummings, Elijah E. [D-MD-7]</fullName>
        <sponsorshipDate>2017-04-04</sponsorshipDate>
        <middleName>E.</middleName>
        <firstName>ELIJAH</firstName>
        <party>D</party>
        <identifiers>
          <lisID>256</lisID>
          <bioguideId>C000984</bioguideId>
          <gpoId>7982</gpoId>
        </identifiers>
      </item>
      <item>
        <bioguideId>J000298</bioguideId>
        <district>7</district>
        <isOriginalCosponsor>True</isOriginalCosponsor>
        <sponsorshipWithdrawnDate />
        <lastName>Jayapal</lastName>
        <state>WA</state>
        <fullName>Rep. Jayapal, Pramila [D-WA-7]</fullName>
        <sponsorshipDate>2017-04-04</sponsorshipDate>
        <middleName />
        <firstName>Pramila</firstName>
        <party>D</party>
        <identifiers>
          <gpoId />
          <bioguideId>J000298</bioguideId>
          <lisID>2354</lisID>
        </identifiers>
      </item>
      <item>
        <bioguideId>D000096</bioguideId>
        <district>7</district>
        <isOriginalCosponsor>True</isOriginalCosponsor>
        <sponsorshipWithdrawnDate />
        <lastName>DAVIS</lastName>
        <state>IL</state>
        <fullName>Rep. Davis, Danny K. [D-IL-7]</fullName>
        <sponsorshipDate>2017-04-04</sponsorshipDate>
        <middleName>K.</middleName>
        <firstName>DANNY</firstName>
        <party>D</party>
        <identifiers>
          <lisID>1477</lisID>
          <bioguideId>D000096</bioguideId>
          <gpoId>7927</gpoId>
        </identifiers>
      </item>
      <item>
        <bioguideId>C001067</bioguideId>
        <district>9</district>
        <isOriginalCosponsor>True</isOriginalCosponsor>
        <sponsorshipWithdrawnDate />
        <lastName>Clarke</lastName>
        <state>NY</state>
        <fullName>Rep. Clarke, Yvette D. [D-NY-9]</fullName>
        <sponsorshipDate>2017-04-04</sponsorshipDate>
        <middleName>D.</middleName>
        <firstName>Yvette</firstName>
        <party>D</party>
        <identifiers>
          <gpoId>8072</gpoId>
          <lisID>1864</lisID>
          <bioguideId>C001067</bioguideId>
        </identifiers>
      </item>
      <item>
        <bioguideId>J000288</bioguideId>
        <district>4</district>
        <isOriginalCosponsor>True</isOriginalCosponsor>
        <sponsorshipWithdrawnDate />
        <lastName>Johnson</lastName>
        <state>GA</state>
        <fullName>Rep. Johnson, Henry C. "Hank," Jr. [D-GA-4]</fullName>
        <sponsorshipDate>2017-04-04</sponsorshipDate>
        <middleName>C. "Hank"</middleName>
        <firstName>Henry</firstName>
        <party>D</party>
        <identifiers>
          <lisID>1843</lisID>
          <bioguideId>J000288</bioguideId>
          <gpoId>7901</gpoId>
        </identifiers>
      </item>
      <item>
        <bioguideId>C001068</bioguideId>
        <district>9</district>
        <isOriginalCosponsor>True</isOriginalCosponsor>
        <sponsorshipWithdrawnDate />
        <lastName>Cohen</lastName>
        <state>TN</state>
        <fullName>Rep. Cohen, Steve [D-TN-9]</fullName>
        <sponsorshipDate>2017-04-04</sponsorshipDate>
        <middleName />
        <firstName>Steve</firstName>
        <party>D</party>
        <identifiers>
          <bioguideId>C001068</bioguideId>
          <lisID>1878</lisID>
          <gpoId>8156</gpoId>
        </identifiers>
      </item>
      <item>
        <bioguideId>G000535</bioguideId>
        <district>4</district>
        <isOriginalCosponsor>True</isOriginalCosponsor>
        <sponsorshipWithdrawnDate />
        <lastName>GUTIERREZ</lastName>
        <state>IL</state>
        <fullName>Rep. Gutierrez, Luis V. [D-IL-4]</fullName>
        <sponsorshipDate>2017-04-04</sponsorshipDate>
        <middleName>V.</middleName>
        <firstName>LUIS</firstName>
        <party>D</party>
        <identifiers>
          <gpoId>7924</gpoId>
          <bioguideId>G000535</bioguideId>
          <lisID>478</lisID>
        </identifiers>
      </item>
      <item>
        <bioguideId>C001049</bioguideId>
        <district>1</district>
        <isOriginalCosponsor>True</isOriginalCosponsor>
        <sponsorshipWithdrawnDate />
        <lastName>CLAY</lastName>
        <state>MO</state>
        <fullName>Rep. Clay, Wm. Lacy [D-MO-1]</fullName>
        <sponsorshipDate>2017-04-04</sponsorshipDate>
        <middleName>LACY</middleName>
        <firstName>WM.</firstName>
        <party>D</party>
        <identifiers>
          <bioguideId>C001049</bioguideId>
          <lisID>1654</lisID>
          <gpoId>8009</gpoId>
        </identifiers>
      </item>
      <item>
        <bioguideId>L000581</bioguideId>
        <district>14</district>
        <isOriginalCosponsor>True</isOriginalCosponsor>
        <sponsorshipWithdrawnDate />
        <lastName>Lawrence</lastName>
        <state>MI</state>
        <fullName>Rep. Lawrence, Brenda L. [D-MI-14]</fullName>
        <sponsorshipDate>2017-04-04</sponsorshipDate>
        <middleName>L.</middleName>
        <firstName>Brenda</firstName>
        <party>D</party>
        <identifiers>
          <lisID>2252</lisID>
          <gpoId />
          <bioguideId>L000581</bioguideId>
        </identifiers>
      </item>
      <item>
        <bioguideId>S001157</bioguideId>
        <district>13</district>
        <isOriginalCosponsor>True</isOriginalCosponsor>
        <sponsorshipWithdrawnDate />
        <lastName>Scott</lastName>
        <state>GA</state>
        <fullName>Rep. Scott, David [D-GA-13]</fullName>
        <sponsorshipDate>2017-04-04</sponsorshipDate>
        <middleName />
        <firstName>David</firstName>
        <party>D</party>
        <identifiers>
          <lisID>1722</lisID>
          <bioguideId>S001157</bioguideId>
          <gpoId>7910</gpoId>
        </identifiers>
      </item>
      <item>
        <bioguideId>J000294</bioguideId>
        <district>8</district>
        <isOriginalCosponsor>True</isOriginalCosponsor>
        <sponsorshipWithdrawnDate />
        <lastName>Jeffries</lastName>
        <state>NY</state>
        <fullName>Rep. Jeffries, Hakeem S. [D-NY-8]</fullName>
        <sponsorshipDate>2017-04-04</sponsorshipDate>
        <middleName>S.</middleName>
        <firstName>Hakeem</firstName>
        <party>D</party>
        <identifiers>
          <lisID>2149</lisID>
          <gpoId />
          <bioguideId>J000294</bioguideId>
        </identifiers>
      </item>
      <item>
        <bioguideId>C001069</bioguideId>
        <district>2</district>
        <isOriginalCosponsor>True</isOriginalCosponsor>
        <sponsorshipWithdrawnDate>2017-04-06</sponsorshipWithdrawnDate>
        <lastName>Courtney</lastName>
        <state>CT</state>
        <fullName>Rep. Courtney, Joe [D-CT-2]</fullName>
        <sponsorshipDate>2017-04-04</sponsorshipDate>
        <middleName />
        <firstName>Joe</firstName>
        <party>D</party>
        <identifiers>
          <lisID>1836</lisID>
          <bioguideId>C001069</bioguideId>
          <gpoId>7867</gpoId>
        </identifiers>
      </item>
      <item>
        <bioguideId>D000216</bioguideId>
        <district>3</district>
        <isOriginalCosponsor>True</isOriginalCosponsor>
        <sponsorshipWithdrawnDate />
        <lastName>DELAURO</lastName>
        <state>CT</state>
        <fullName>Rep. DeLauro, Rosa L. [D-CT-3]</fullName>
        <sponsorshipDate>2017-04-04</sponsorshipDate>
        <middleName />
        <firstName>ROSA</firstName>
        <party>D</party>
        <identifiers>
          <lisID>281</lisID>
          <gpoId>7868</gpoId>
          <bioguideId>D000216</bioguideId>
        </identifiers>
      </item>
      <item>
        <bioguideId>B001281</bioguideId>
        <district>3</district>
        <isOriginalCosponsor>True</isOriginalCosponsor>
        <sponsorshipWithdrawnDate />
        <lastName>Beatty</lastName>
        <state>OH</state>
        <fullName>Rep. Beatty, Joyce [D-OH-3]</fullName>
        <sponsorshipDate>2017-04-04</sponsorshipDate>
        <middleName />
        <firstName>Joyce</firstName>
        <party>D</party>
        <identifiers>
          <lisID>2153</lisID>
          <gpoId />
          <bioguideId>B001281</bioguideId>
        </identifiers>
      </item>
      <item>
        <bioguideId>C001072</bioguideId>
        <district>7</district>
        <isOriginalCosponsor>True</isOriginalCosponsor>
        <sponsorshipWithdrawnDate />
        <lastName>Carson</lastName>
        <state>IN</state>
        <fullName>Rep. Carson, Andre [D-IN-7]</fullName>
        <sponsorshipDate>2017-04-04</sponsorshipDate>
        <middleName />
        <firstName>Andre</firstName>
        <party>D</party>
        <identifiers>
          <lisID>1889</lisID>
          <bioguideId>C001072</bioguideId>
          <gpoId>7946</gpoId>
        </identifiers>
      </item>
      <item>
        <bioguideId>N000179</bioguideId>
        <district>32</district>
        <isOriginalCosponsor>True</isOriginalCosponsor>
        <sponsorshipWithdrawnDate />
        <lastName>NAPOLITANO</lastName>
        <state>CA</state>
        <fullName>Rep. Napolitano, Grace F. [D-CA-32]</fullName>
        <sponsorshipDate>2017-04-04</sponsorshipDate>
        <middleName>F.</middleName>
        <firstName>GRACE</firstName>
        <party>D</party>
        <identifiers>
          <lisID>1602</lisID>
          <gpoId>7843</gpoId>
          <bioguideId>N000179</bioguideId>
        </identifiers>
      </item>
      <item>
        <bioguideId>G000551</bioguideId>
        <district>3</district>
        <isOriginalCosponsor>True</isOriginalCosponsor>
        <sponsorshipWithdrawnDate />
        <lastName>Grijalva</lastName>
        <state>AZ</state>
        <fullName>Rep. Grijalva, Raul M. [D-AZ-3]</fullName>
        <sponsorshipDate>2017-04-04</sponsorshipDate>
        <middleName>M.</middleName>
        <firstName>Raul</firstName>
        <party>D</party>
        <identifiers>
          <bioguideId>G000551</bioguideId>
          <gpoId>7804</gpoId>
          <lisID>1708</lisID>
        </identifiers>
      </item>
      <item>
        <bioguideId>N000002</bioguideId>
        <district>10</district>
        <isOriginalCosponsor>True</isOriginalCosponsor>
        <sponsorshipWithdrawnDate />
        <lastName>NADLER</lastName>
        <state>NY</state>
        <fullName>Rep. Nadler, Jerrold [D-NY-10]</fullName>
        <sponsorshipDate>2017-04-04</sponsorshipDate>
        <middleName />
        <firstName>JERROLD</firstName>
        <party>D</party>
        <identifiers>
          <bioguideId>N000002</bioguideId>
          <lisID>850</lisID>
          <gpoId>8069</gpoId>
        </identifiers>
      </item>
      <item>
        <bioguideId>W000808</bioguideId>
        <district>24</district>
        <isOriginalCosponsor>True</isOriginalCosponsor>
        <sponsorshipWithdrawnDate />
        <lastName>Wilson</lastName>
        <state>FL</state>
        <fullName>Rep. Wilson, Frederica S. [D-FL-24]</fullName>
        <sponsorshipDate>2017-04-04</sponsorshipDate>
        <middleName>S.</middleName>
        <firstName>Frederica</firstName>
        <party>D</party>
        <identifiers>
          <bioguideId>W000808</bioguideId>
          <gpoId>7889</gpoId>
          <lisID>2004</lisID>
        </identifiers>
      </item>
      <item>
        <bioguideId>M001200</bioguideId>
        <district>4</district>
        <isOriginalCosponsor>True</isOriginalCosponsor>
        <sponsorshipWithdrawnDate />
        <lastName>McEachin</lastName>
        <state>VA</state>
        <fullName>Rep. McEachin, A. Donald [D-VA-4]</fullName>
        <sponsorshipDate>2017-04-04</sponsorshipDate>
        <middleName>Donald</middleName>
        <firstName>A.</firstName>
        <party>D</party>
        <identifiers>
          <gpoId />
          <lisID>2352</lisID>
          <bioguideId>M001200</bioguideId>
        </identifiers>
      </item>
      <item>
        <bioguideId>D000624</bioguideId>
        <district>12</district>
        <isOriginalCosponsor>True</isOriginalCosponsor>
        <sponsorshipWithdrawnDate />
        <lastName>Dingell</lastName>
        <state>MI</state>
        <fullName>Rep. Dingell, Debbie [D-MI-12]</fullName>
        <sponsorshipDate>2017-04-04</sponsorshipDate>
        <middleName />
        <firstName>Debbie</firstName>
        <party>D</party>
        <identifiers>
          <lisID>2251</lisID>
          <bioguideId>D000624</bioguideId>
          <gpoId />
        </identifiers>
      </item>
      <item>
        <bioguideId>D000627</bioguideId>
        <district>10</district>
        <isOriginalCosponsor>True</isOriginalCosponsor>
        <sponsorshipWithdrawnDate />
        <lastName>Demings</lastName>
        <state>FL</state>
        <fullName>Rep. Demings, Val Butler [D-FL-10]</fullName>
        <sponsorshipDate>2017-04-04</sponsorshipDate>
        <middleName>Butler</middleName>
        <firstName>Val</firstName>
        <party>D</party>
        <identifiers>
          <lisID>2320</lisID>
          <bioguideId>D000627</bioguideId>
          <gpoId />
        </identifiers>
      </item>
      <item>
        <bioguideId>C001061</bioguideId>
        <district>5</district>
        <isOriginalCosponsor>True</isOriginalCosponsor>
        <sponsorshipWithdrawnDate />
        <lastName>Cleaver</lastName>
        <state>MO</state>
        <fullName>Rep. Cleaver, Emanuel [D-MO-5]</fullName>
        <sponsorshipDate>2017-04-04</sponsorshipDate>
        <middleName />
        <firstName>Emanuel</firstName>
        <party>D</party>
        <identifiers>
          <lisID>1790</lisID>
          <bioguideId>C001061</bioguideId>
          <gpoId>8013</gpoId>
        </identifiers>
      </item>
      <item>
        <bioguideId>J000032</bioguideId>
        <district>18</district>
        <isOriginalCosponsor>True</isOriginalCosponsor>
        <sponsorshipWithdrawnDate />
        <lastName>JACKSON LEE</lastName>
        <state>TX</state>
        <fullName>Rep. Jackson Lee, Sheila [D-TX-18]</fullName>
        <sponsorshipDate>2017-04-04</sponsorshipDate>
        <middleName />
        <firstName>SHEILA</firstName>
        <party>D</party>
        <identifiers>
          <lisID>588</lisID>
          <bioguideId>J000032</bioguideId>
          <gpoId>8174</gpoId>
        </identifiers>
      </item>
      <item>
        <bioguideId>W000187</bioguideId>
        <district>43</district>
        <isOriginalCosponsor>True</isOriginalCosponsor>
        <sponsorshipWithdrawnDate />
        <lastName>WATERS</lastName>
        <state>CA</state>
        <fullName>Rep. Waters, Maxine [D-CA-43]</fullName>
        <sponsorshipDate>2017-04-04</sponsorshipDate>
        <middleName />
        <firstName>MAXINE</firstName>
        <party>D</party>
        <identifiers>
          <bioguideId>W000187</bioguideId>
          <gpoId>7840</gpoId>
          <lisID>1205</lisID>
        </identifiers>
      </item>
      <item>
        <bioguideId>S000248</bioguideId>
        <district>15</district>
        <isOriginalCosponsor>True</isOriginalCosponsor>
        <sponsorshipWithdrawnDate />
        <lastName>SERRANO</lastName>
        <state>NY</state>
        <fullName>Rep. Serrano, Jose E. [D-NY-15]</fullName>
        <sponsorshipDate>2017-04-04</sponsorshipDate>
        <middleName>E.</middleName>
        <firstName>JOSE</firstName>
        <party>D</party>
        <identifiers>
          <bioguideId>S000248</bioguideId>
          <gpoId>8077</gpoId>
          <lisID>1042</lisID>
        </identifiers>
      </item>
      <item>
        <bioguideId>W000822</bioguideId>
        <district>12</district>
        <isOriginalCosponsor>True</isOriginalCosponsor>
        <sponsorshipWithdrawnDate />
        <lastName>Watson Coleman</lastName>
        <state>NJ</state>
        <fullName>Rep. Watson Coleman, Bonnie [D-NJ-12]</fullName>
        <sponsorshipDate>2017-04-04</sponsorshipDate>
        <middleName />
        <firstName>Bonnie</firstName>
        <party>D</party>
        <identifiers>
          <lisID>2259</lisID>
          <gpoId />
          <bioguideId>W000822</bioguideId>
        </identifiers>
      </item>
      <item>
        <bioguideId>R000606</bioguideId>
        <district>8</district>
        <isOriginalCosponsor>True</isOriginalCosponsor>
        <sponsorshipWithdrawnDate />
        <lastName>Raskin</lastName>
        <state>MD</state>
        <fullName>Rep. Raskin, Jamie [D-MD-8]</fullName>
        <sponsorshipDate>2017-04-04</sponsorshipDate>
        <middleName />
        <firstName>Jamie</firstName>
        <party>D</party>
        <identifiers>
          <gpoId />
          <bioguideId>R000606</bioguideId>
          <lisID>2332</lisID>
        </identifiers>
      </item>
      <item>
        <bioguideId>F000455</bioguideId>
        <district>11</district>
        <isOriginalCosponsor>True</isOriginalCosponsor>
        <sponsorshipWithdrawnDate />
        <lastName>Fudge</lastName>
        <state>OH</state>
        <fullName>Rep. Fudge, Marcia L. [D-OH-11]</fullName>
        <sponsorshipDate>2017-04-04</sponsorshipDate>
        <middleName>L.</middleName>
        <firstName>Marcia</firstName>
        <party>D</party>
        <identifiers>
          <bioguideId>F000455</bioguideId>
          <lisID>1895</lisID>
          <gpoId>8101</gpoId>
        </identifiers>
      </item>
      <item>
        <bioguideId>E000288</bioguideId>
        <district>5</district>
        <isOriginalCosponsor>True</isOriginalCosponsor>
        <sponsorshipWithdrawnDate />
        <lastName>Ellison</lastName>
        <state>MN</state>
        <fullName>Rep. Ellison, Keith [D-MN-5]</fullName>
        <sponsorshipDate>2017-04-04</sponsorshipDate>
        <middleName />
        <firstName>Keith</firstName>
        <party>D</party>
        <identifiers>
          <gpoId>8005</gpoId>
          <bioguideId>E000288</bioguideId>
          <lisID>1857</lisID>
        </identifiers>
      </item>
      <item>
        <bioguideId>A000370</bioguideId>
        <district>12</district>
        <isOriginalCosponsor>True</isOriginalCosponsor>
        <sponsorshipWithdrawnDate />
        <lastName>Adams</lastName>
        <state>NC</state>
        <fullName>Rep. Adams, Alma S. [D-NC-12]</fullName>
        <sponsorshipDate>2017-04-04</sponsorshipDate>
        <middleName>S.</middleName>
        <firstName>Alma</firstName>
        <party>D</party>
        <identifiers>
          <bioguideId>A000370</bioguideId>
          <gpoId />
          <lisID>2201</lisID>
        </identifiers>
      </item>
      <item>
        <bioguideId>P000604</bioguideId>
        <district>10</district>
        <isOriginalCosponsor>True</isOriginalCosponsor>
        <sponsorshipWithdrawnDate />
        <lastName>Payne</lastName>
        <state>NJ</state>
        <fullName>Rep. Payne, Donald M., Jr. [D-NJ-10]</fullName>
        <sponsorshipDate>2017-04-04</sponsorshipDate>
        <middleName>M.</middleName>
        <firstName>Donald</firstName>
        <party>D</party>
        <identifiers>
          <lisID>2097</lisID>
          <bioguideId>P000604</bioguideId>
          <gpoId>8373</gpoId>
        </identifiers>
      </item>
      <item>
        <bioguideId>M001137</bioguideId>
        <district>5</district>
        <isOriginalCosponsor>True</isOriginalCosponsor>
        <sponsorshipWithdrawnDate />
        <lastName>MEEKS</lastName>
        <state>NY</state>
        <fullName>Rep. Meeks, Gregory W. [D-NY-5]</fullName>
        <sponsorshipDate>2017-04-04</sponsorshipDate>
        <middleName>W.</middleName>
        <firstName>GREGORY</firstName>
        <party>D</party>
        <identifiers>
          <gpoId>8067</gpoId>
          <bioguideId>M001137</bioguideId>
          <lisID>1506</lisID>
        </identifiers>
      </item>
      <item>
        <bioguideId>P000034</bioguideId>
        <district>6</district>
        <isOriginalCosponsor>True</isOriginalCosponsor>
        <sponsorshipWithdrawnDate />
        <lastName>PALLONE</lastName>
        <state>NJ</state>
        <fullName>Rep. Pallone, Frank, Jr. [D-NJ-6]</fullName>
        <sponsorshipDate>2017-04-04</sponsorshipDate>
        <middleName />
        <firstName>FRANK</firstName>
        <party>D</party>
        <identifiers>
          <gpoId>8048</gpoId>
          <bioguideId>P000034</bioguideId>
          <lisID>887</lisID>
        </identifiers>
      </item>
      <item>
        <bioguideId>L000586</bioguideId>
        <district>5</district>
        <isOriginalCosponsor>True</isOriginalCosponsor>
        <sponsorshipWithdrawnDate />
        <lastName>Lawson</lastName>
        <state>FL</state>
        <fullName>Rep. Lawson, Al, Jr. [D-FL-5]</fullName>
        <sponsorshipDate>2017-04-04</sponsorshipDate>
        <middleName />
        <firstName>Al</firstName>
        <party>D</party>
        <identifiers>
          <gpoId />
          <bioguideId>L000586</bioguideId>
          <lisID>2317</lisID>
        </identifiers>
      </item>
      <item>
        <bioguideId>K000385</bioguideId>
        <district>2</district>
        <isOriginalCosponsor>True</isOriginalCosponsor>
        <sponsorshipWithdrawnDate />
        <lastName>Kelly</lastName>
        <state>IL</state>
        <fullName>Rep. Kelly, Robin L. [D-IL-2]</fullName>
        <sponsorshipDate>2017-04-04</sponsorshipDate>
        <middleName>L.</middleName>
        <firstName>Robin</firstName>
        <party>D</party>
        <identifiers>
          <bioguideId>K000385</bioguideId>
          <lisID>2190</lisID>
          <gpoId />
        </identifiers>
      </item>
      <item>
        <bioguideId>H000324</bioguideId>
        <district>20</district>
        <isOriginalCosponsor>False</isOriginalCosponsor>
        <sponsorshipWithdrawnDate />
        <lastName>HASTINGS</lastName>
        <state>FL</state>
        <fullName>Rep. Hastings, Alcee L. [D-FL-20]</fullName>
        <sponsorshipDate>2017-04-05</sponsorshipDate>
        <middleName>L.</middleName>
        <firstName>ALCEE</firstName>
        <party>D</party>
        <identifiers>
          <gpoId>7895</gpoId>
          <lisID>511</lisID>
          <bioguideId>H000324</bioguideId>
        </identifiers>
      </item>
      <item>
        <bioguideId>V000131</bioguideId>
        <district>33</district>
        <isOriginalCosponsor>False</isOriginalCosponsor>
        <sponsorshipWithdrawnDate />
        <lastName>Veasey</lastName>
        <state>TX</state>
        <fullName>Rep. Veasey, Marc A. [D-TX-33]</fullName>
        <sponsorshipDate>2017-04-05</sponsorshipDate>
        <middleName>A.</middleName>
        <firstName>Marc</firstName>
        <party>D</party>
        <identifiers>
          <lisID>2166</lisID>
          <gpoId />
          <bioguideId>V000131</bioguideId>
        </identifiers>
      </item>
      <item>
        <bioguideId>B001304</bioguideId>
        <district>4</district>
        <isOriginalCosponsor>False</isOriginalCosponsor>
        <sponsorshipWithdrawnDate />
        <lastName>Brown</lastName>
        <state>MD</state>
        <fullName>Rep. Brown, Anthony G. [D-MD-4]</fullName>
        <sponsorshipDate>2017-04-05</sponsorshipDate>
        <middleName>G.</middleName>
        <firstName>Anthony</firstName>
        <party>D</party>
        <identifiers>
          <lisID>2331</lisID>
          <bioguideId>B001304</bioguideId>
          <gpoId />
        </identifiers>
      </item>
      <item>
        <bioguideId>P000598</bioguideId>
        <district>2</district>
        <isOriginalCosponsor>False</isOriginalCosponsor>
        <sponsorshipWithdrawnDate />
        <lastName>Polis</lastName>
        <state>CO</state>
        <fullName>Rep. Polis, Jared [D-CO-2]</fullName>
        <sponsorshipDate>2017-04-25</sponsorshipDate>
        <middleName />
        <firstName>Jared</firstName>
        <party>D</party>
        <identifiers>
          <bioguideId>P000598</bioguideId>
          <lisID>1910</lisID>
          <gpoId>7860</gpoId>
        </identifiers>
      </item>
    </cosponsors>
    <subjects>
      <billSubjects>
        <policyArea>
          <name>International Affairs</name>
        </policyArea>
        <legislativeSubjects>
          <item>
            <name>Asia</name>
          </item>
          <item>
            <name>Commemorative events and holidays</name>
          </item>
          <item>
            <name>Conflicts and wars</name>
          </item>
          <item>
            <name>Protest and dissent</name>
          </item>
          <item>
            <name>U.S. history</name>
          </item>
          <item>
            <name>Vietnam</name>
          </item>
        </legislativeSubjects>
      </billSubjects>
    </subjects>
    <constitutionalAuthorityStatementText />
    <laws />
    <actions>
      <actionTypeCounts>
        <introducedInTheHouse>1</introducedInTheHouse>
        <introducedInHouse>1</introducedInHouse>
        <billReferrals>1</billReferrals>
      </actionTypeCounts>
      <item>
        <text>Referred to the House Committee on Foreign Affairs.</text>
        <links />
        <actionDate>2017-04-04</actionDate>
        <committee>
          <systemCode>hsfa00</systemCode>
          <name>Foreign Affairs Committee</name>
        </committee>
        <sourceSystem>
          <name>House floor actions</name>
          <code>2</code>
        </sourceSystem>
        <type>IntroReferral</type>
        <actionCode>H11100</actionCode>
      </item>
      <item>
        <text>Introduced in House</text>
        <links />
        <actionDate>2017-04-04</actionDate>
        <committee />
        <sourceSystem>
          <name>Library of Congress</name>
          <code>9</code>
        </sourceSystem>
        <type>IntroReferral</type>
        <actionCode>Intro-H</actionCode>
      </item>
      <item>
        <text>Introduced in House</text>
        <links />
        <actionDate>2017-04-04</actionDate>
        <committee />
        <sourceSystem>
          <name>Library of Congress</name>
          <code>9</code>
        </sourceSystem>
        <type>IntroReferral</type>
        <actionCode>1000</actionCode>
      </item>
      <actionByCounts>
        <houseOfRepresentatives>3</houseOfRepresentatives>
      </actionByCounts>
    </actions>
    <titles>
      <item>
        <titleType>Official Title as Introduced</titleType>
        <title>Commemorating the 50th anniversary of Dr. Martin Luther King, Jr.'s "Beyond Vietnam: A Time To Break Silence" sermon condemning the Vietnam War and calling for a true revolution of values in the United States.</title>
        <chamberCode />
        <parentTitleType />
        <chamberName />
      </item>
      <item>
        <titleType>Display Title</titleType>
        <title>Commemorating the 50th anniversary of Dr. Martin Luther King, Jr.'s "Beyond Vietnam: A Time To Break Silence" sermon condemning the Vietnam War and calling for a true revolution of values in the United States.</title>
        <chamberCode />
        <parentTitleType />
        <chamberName />
      </item>
    </titles>
    <summaries>
      <billSummaries>
        <item>
          <versionCode>00</versionCode>
          <text><![CDATA[<p>Commemorates the 50th anniversary of Martin Luther King, Jr.'s sermon titled &quot;Beyond Vietnam: A Time To Break Silence.&quot;</p> <p>Encourages the U.S. government to conduct foreign policy in a manner consistent with the vision delineated in that speech.</p>]]></text>
          <actionDesc>Introduced in House</actionDesc>
          <actionDate>2017-04-04</actionDate>
          <lastSummaryUpdateDate>2017-07-07T18:41:50Z</lastSummaryUpdateDate>
          <name>Introduced in House</name>
          <updateDate>2017-04-04T04:00:00Z</updateDate>
        </item>
      </billSummaries>
    </summaries>
    <committees>
      <billCommittees>
        <item>
          <name>Foreign Affairs Committee</name>
          <chamber>House</chamber>
          <type>Standing</type>
          <subcommittees />
          <systemCode>hsfa00</systemCode>
          <activities>
            <item>
              <name>Referred to</name>
              <date>2017-04-04T14:03:50Z</date>
            </item>
          </activities>
        </item>
      </billCommittees>
    </committees>
    <introducedDate>2017-04-04</introducedDate>
    <updateDate>2018-02-06T16:39:41Z</updateDate>
    <cboCostEstimates />
    <recordedVotes />
    <billType>HRES</billType>
    <createDate>2017-04-05T03:11:45Z</createDate>
    <latestAction>
      <text>Referred to the House Committee on Foreign Affairs.</text>
      <links />
      <actionDate>2017-04-04</actionDate>
    </latestAction>
  </bill>
  <dublinCore xmlns:dc="http://purl.org/dc/elements/1.1/">
    <dc:format>text/xml</dc:format>
    <dc:language>EN</dc:language>
    <dc:rights>Pursuant to Title 17 Section 105 of the United States Code, this file is not subject to copyright protection and is in the public domain.</dc:rights>
    <dc:contributor>Congressional Research Service, Library of Congress</dc:contributor>
    <dc:description>This file contains bill summaries and statuses for federal legislation. A bill summary describes the most significant provisions of a piece of legislation and details the effects the legislative text may have on current law and federal programs. Bill summaries are authored by the Congressional Research Service (CRS) of the Library of Congress. As stated in Public Law 91-510 (2 USC 166 (d)(6)), one of the duties of CRS is "to prepare summaries and digests of bills and resolutions of a public general nature introduced in the Senate or House of Representatives". For more information, refer to the User Guide that accompanies this file.</dc:description>
  </dublinCore>
</billStatus>

