<?xml version="1.0" encoding="UTF-8"?>
<billStatus>
  <bill>
    <cosponsors>
      <item>
        <lastName>Heck</lastName>
        <sponsorshipDate>2017-07-25</sponsorshipDate>
        <bioguideId>H001064</bioguideId>
        <middleName />
        <identifiers>
          <lisID>2170</lisID>
          <bioguideId>H001064</bioguideId>
          <gpoId />
        </identifiers>
        <district>10</district>
        <party>D</party>
        <state>WA</state>
        <firstName>Denny</firstName>
        <sponsorshipWithdrawnDate />
        <isOriginalCosponsor>True</isOriginalCosponsor>
        <fullName>Rep. Heck, Denny [D-WA-10]</fullName>
      </item>
    </cosponsors>
    <congress>115</congress>
    <committees>
      <billCommittees>
        <item>
          <type>Standing</type>
          <systemCode>hsba00</systemCode>
          <subcommittees />
          <activities>
            <item>
              <date>2017-07-25T14:01:05Z</date>
              <name>Referred to</name>
            </item>
          </activities>
          <chamber>House</chamber>
          <name>Financial Services Committee</name>
        </item>
      </billCommittees>
    </committees>
    <constitutionalAuthorityStatementText />
    <laws />
    <titles>
      <item>
        <parentTitleType />
        <chamberCode />
        <titleType>Official Title as Introduced</titleType>
        <chamberName />
        <title>Expressing support for the designation of the month of September 2017 as "National Month for Renters".</title>
      </item>
      <item>
        <parentTitleType />
        <chamberCode />
        <titleType>Display Title</titleType>
        <chamberName />
        <title>Expressing support for the designation of the month of September 2017 as "National Month for Renters".</title>
      </item>
    </titles>
    <billType>HRES</billType>
    <amendments />
    <recordedVotes />
    <actions>
      <actionByCounts>
        <houseOfRepresentatives>3</houseOfRepresentatives>
      </actionByCounts>
      <actionTypeCounts>
        <introducedInTheHouse>1</introducedInTheHouse>
        <billReferrals>1</billReferrals>
        <introducedInHouse>1</introducedInHouse>
      </actionTypeCounts>
      <item>
        <sourceSystem>
          <name>House floor actions</name>
          <code>2</code>
        </sourceSystem>
        <actionDate>2017-07-25</actionDate>
        <text>Referred to the House Committee on Financial Services.</text>
        <type>IntroReferral</type>
        <links />
        <committee>
          <systemCode>hsba00</systemCode>
          <name>Financial Services Committee</name>
        </committee>
        <actionCode>H11100</actionCode>
      </item>
      <item>
        <sourceSystem>
          <name>Library of Congress</name>
          <code>9</code>
        </sourceSystem>
        <actionDate>2017-07-25</actionDate>
        <text>Introduced in House</text>
        <type>IntroReferral</type>
        <links />
        <committee />
        <actionCode>Intro-H</actionCode>
      </item>
      <item>
        <sourceSystem>
          <name>Library of Congress</name>
          <code>9</code>
        </sourceSystem>
        <actionDate>2017-07-25</actionDate>
        <text>Introduced in House</text>
        <type>IntroReferral</type>
        <links />
        <committee />
        <actionCode>1000</actionCode>
      </item>
    </actions>
    <introducedDate>2017-07-25</introducedDate>
    <relatedBills />
    <committeeReports />
    <calendarNumbers />
    <billNumber>475</billNumber>
    <summaries>
      <billSummaries>
        <item>
          <text><![CDATA[<p>Declares that the House of Representatives:</p> <ul> <li> supports the designation of National Month for Renters to draw attention to the U.S. rental affordability crisis;</li> <li>urges a national effort involving all levels of government, the private sector, and the philanthropic community to expand the supply of affordable rental homes to meet demand; and</li> <li>recognizes the adverse economic and social impact that unaffordable rents have on families and communities and that expanding access to affordable rental homes will help stabilize families and communities, promote equality of opportunity, and support greater economic growth and prosperity.</li> </ul>]]></text>
          <versionCode>00</versionCode>
          <actionDate>2017-07-25</actionDate>
          <name>Introduced in House</name>
          <actionDesc>Introduced in House</actionDesc>
          <lastSummaryUpdateDate>2017-11-14T21:56:08Z</lastSummaryUpdateDate>
          <updateDate>2017-07-25T04:00:00Z</updateDate>
        </item>
      </billSummaries>
    </summaries>
    <cboCostEstimates />
    <updateDate>2018-02-06T16:39:55Z</updateDate>
    <policyArea>
      <name>Housing and Community Development</name>
    </policyArea>
    <latestAction>
      <text>Referred to the House Committee on Financial Services.</text>
      <actionDate>2017-07-25</actionDate>
      <links />
    </latestAction>
    <version>1.0.0</version>
    <subjects>
      <billSubjects>
        <legislativeSubjects>
          <item>
            <name>Commemorative events and holidays</name>
          </item>
          <item>
            <name>Community life and organization</name>
          </item>
          <item>
            <name>Housing supply and affordability</name>
          </item>
          <item>
            <name>Social work, volunteer service, charitable organizations</name>
          </item>
        </legislativeSubjects>
        <policyArea>
          <name>Housing and Community Development</name>
        </policyArea>
      </billSubjects>
    </subjects>
    <title>Expressing support for the designation of the month of September 2017 as "National Month for Renters".</title>
    <originChamber>House</originChamber>
    <sponsors>
      <item>
        <byRequestType />
        <district>2</district>
        <party>R</party>
        <fullName>Rep. Poliquin, Bruce [R-ME-2]</fullName>
        <lastName>Poliquin</lastName>
        <state>ME</state>
        <bioguideId>P000611</bioguideId>
        <middleName />
        <firstName>Bruce</firstName>
        <identifiers>
          <lisID>2247</lisID>
          <gpoId />
          <bioguideId>P000611</bioguideId>
        </identifiers>
      </item>
    </sponsors>
    <notes />
    <createDate>2017-07-26T03:11:31Z</createDate>
  </bill>
  <dublinCore xmlns:dc="http://purl.org/dc/elements/1.1/">
    <dc:format>text/xml</dc:format>
    <dc:language>EN</dc:language>
    <dc:rights>Pursuant to Title 17 Section 105 of the United States Code, this file is not subject to copyright protection and is in the public domain.</dc:rights>
    <dc:contributor>Congressional Research Service, Library of Congress</dc:contributor>
    <dc:description>This file contains bill summaries and statuses for federal legislation. A bill summary describes the most significant provisions of a piece of legislation and details the effects the legislative text may have on current law and federal programs. Bill summaries are authored by the Congressional Research Service (CRS) of the Library of Congress. As stated in Public Law 91-510 (2 USC 166 (d)(6)), one of the duties of CRS is "to prepare summaries and digests of bills and resolutions of a public general nature introduced in the Senate or House of Representatives". For more information, refer to the User Guide that accompanies this file.</dc:description>
  </dublinCore>
</billStatus>

