<?xml version="1.0" encoding="UTF-8"?>
<billStatus>
  <bill>
    <billNumber>228</billNumber>
    <committeeReports>
      <committeeReport>
        <citation>H. Rept. 115-58</citation>
      </committeeReport>
    </committeeReports>
    <originChamber>House</originChamber>
    <cboCostEstimates />
    <createDate>2017-03-25T04:50:05Z</createDate>
    <titles>
      <item>
        <chamberName />
        <parentTitleType />
        <title>Providing for consideration of the bill (H.R. 1628) to provide for reconciliation pursuant to title II of the concurrent resolution on the budget for fiscal year 2017.</title>
        <chamberCode />
        <titleType>Official Title as Introduced</titleType>
      </item>
      <item>
        <chamberName />
        <parentTitleType />
        <title>Providing for consideration of the bill (H.R. 1628) to provide for reconciliation pursuant to title II of the concurrent resolution on the budget for fiscal year 2017.</title>
        <chamberCode />
        <titleType>Display Title</titleType>
      </item>
    </titles>
    <updateDate>2018-02-22T15:26:49Z</updateDate>
    <notes />
    <subjects>
      <billSubjects>
        <legislativeSubjects>
          <item>
            <name>House of Representatives</name>
          </item>
          <item>
            <name>Legislative rules and procedure</name>
          </item>
        </legislativeSubjects>
        <policyArea>
          <name>Congress</name>
        </policyArea>
      </billSubjects>
    </subjects>
    <constitutionalAuthorityStatementText />
    <relatedBills>
      <item>
        <relationshipDetails>
          <item>
            <identifiedBy>House</identifiedBy>
            <type>Related bill</type>
          </item>
        </relationshipDetails>
        <type>HR</type>
        <latestTitle>American Health Care Act of 2017</latestTitle>
        <number>1628</number>
        <congress>115</congress>
        <latestAction>
          <actionDate>2017-07-28</actionDate>
          <text>Returned to the Calendar. Calendar No. 120.</text>
        </latestAction>
      </item>
    </relatedBills>
    <laws />
    <congress>115</congress>
    <calendarNumbers>
      <item>
        <calendar>H00026</calendar>
        <number />
      </item>
    </calendarNumbers>
    <introducedDate>2017-03-24</introducedDate>
    <policyArea>
      <name>Congress</name>
    </policyArea>
    <version>1.0.0</version>
    <billType>HRES</billType>
    <committees>
      <billCommittees>
        <item>
          <subcommittees />
          <chamber>House</chamber>
          <activities>
            <item>
              <date>2017-03-24T13:13:18Z</date>
              <name>Reported original measure</name>
            </item>
          </activities>
          <type>Standing</type>
          <name>Rules Committee</name>
          <systemCode>hsru00</systemCode>
        </item>
      </billCommittees>
    </committees>
    <actions>
      <actionTypeCounts>
        <reportedToHouse>1</reportedToHouse>
        <motionForPreviousQuestion>1</motionForPreviousQuestion>
        <introducedInHouse>1</introducedInHouse>
        <motionToReconsiderResults>1</motionToReconsiderResults>
        <passageOfAMeasure>1</passageOfAMeasure>
        <generalDebate>1</generalDebate>
        <considerationByHouse>1</considerationByHouse>
        <committeeReportOfAnOriginalMeasure>1</committeeReportOfAnOriginalMeasure>
        <passedAgreedToInHouse>1</passedAgreedToInHouse>
        <houseCalendarAssignment>1</houseCalendarAssignment>
      </actionTypeCounts>
      <item>
        <committee />
        <actionCode>H38310</actionCode>
        <sourceSystem>
          <code>2</code>
          <name>House floor actions</name>
        </sourceSystem>
        <actionDate>2017-03-24</actionDate>
        <text>Motion to reconsider laid on the table Agreed to without objection.</text>
        <links />
        <type>Floor</type>
        <actionTime>11:03:20</actionTime>
      </item>
      <item>
        <committee />
        <actionCode>H37100</actionCode>
        <sourceSystem>
          <code>2</code>
          <name>House floor actions</name>
        </sourceSystem>
        <actionDate>2017-03-24</actionDate>
        <text>On agreeing to the resolution Agreed to by recorded vote: 230 - 194 (Roll no. 192). (text: CR H2375)</text>
        <links>
          <link>
            <name>H2375</name>
            <url>https://www.congress.gov/congressional-record/volume-163/house-section/page/H2375</url>
          </link>
          <link>
            <name>Roll no. 192</name>
            <url>http://clerk.house.gov/evs/2017/roll192.xml</url>
          </link>
        </links>
        <type>Floor</type>
        <actionTime>11:03:18</actionTime>
      </item>
      <item>
        <committee />
        <actionCode>8000</actionCode>
        <sourceSystem>
          <code>9</code>
          <name>Library of Congress</name>
        </sourceSystem>
        <actionDate>2017-03-24</actionDate>
        <text>Passed/agreed to in House: On agreeing to the resolution Agreed to by recorded vote: 230 - 194 (Roll no. 192).(text: CR H2375)</text>
        <links>
          <link>
            <name>H2375</name>
            <url>https://www.congress.gov/congressional-record/volume-163/house-section/page/H2375</url>
          </link>
          <link>
            <name>Roll no. 192</name>
            <url>http://clerk.house.gov/evs/2017/roll192.xml</url>
          </link>
        </links>
        <type>Floor</type>
        <actionTime>11:03:18</actionTime>
      </item>
      <item>
        <committee />
        <actionCode>H35000</actionCode>
        <sourceSystem>
          <code>2</code>
          <name>House floor actions</name>
        </sourceSystem>
        <actionDate>2017-03-24</actionDate>
        <text>On ordering the previous question Agreed to by the Yeas and Nays: 236 - 186 (Roll no. 191). (consideration: CR H2390-2391)</text>
        <links>
          <link>
            <name>H2390-2391</name>
            <url>https://www.congress.gov/congressional-record/volume-163/house-section/page/H2390-2391</url>
          </link>
          <link>
            <name>Roll no. 191</name>
            <url>http://clerk.house.gov/evs/2017/roll191.xml</url>
          </link>
        </links>
        <type>Floor</type>
        <actionTime>10:55:18</actionTime>
      </item>
      <item>
        <committee />
        <actionCode>H8D000</actionCode>
        <sourceSystem>
          <code>2</code>
          <name>House floor actions</name>
        </sourceSystem>
        <actionDate>2017-03-24</actionDate>
        <text>DEBATE - The House proceeded with one hour of debate on H. Res. 228.</text>
        <links>
          <link>
            <name>H. Res. 228</name>
            <url>https://www.congress.gov/bill/115th-congress/house-resolution/228</url>
          </link>
        </links>
        <type>Floor</type>
        <actionTime>09:14:34</actionTime>
      </item>
      <item>
        <committee />
        <actionCode>H30000</actionCode>
        <sourceSystem>
          <code>2</code>
          <name>House floor actions</name>
        </sourceSystem>
        <actionDate>2017-03-24</actionDate>
        <text>Considered as privileged matter. (consideration: CR H2374-2392)</text>
        <links>
          <link>
            <name>H2374-2392</name>
            <url>https://www.congress.gov/congressional-record/volume-163/house-section/page/H2374-2392</url>
          </link>
        </links>
        <type>Floor</type>
        <actionTime>09:14:23</actionTime>
      </item>
      <item>
        <committee />
        <sourceSystem>
          <code>2</code>
          <name>House floor actions</name>
        </sourceSystem>
        <actionDate>2017-03-24</actionDate>
        <text>Placed on the House Calendar, Calendar No. 26.</text>
        <links />
        <type>Calendars</type>
        <actionCode>H12420</actionCode>
      </item>
      <item>
        <committee>
          <systemCode>hsru00</systemCode>
          <name>Rules Committee</name>
        </committee>
        <sourceSystem>
          <code>2</code>
          <name>House floor actions</name>
        </sourceSystem>
        <actionDate>2017-03-24</actionDate>
        <text>The House Committee on Rules reported an original measure, H. Rept. 115-58, by Mr. Sessions.</text>
        <links>
          <link>
            <name>H. Rept. 115-58</name>
            <url>https://www.congress.gov/congressional-report/115th-congress/house-report/58</url>
          </link>
        </links>
        <type>Committee</type>
        <actionCode>H12100</actionCode>
      </item>
      <item>
        <committee>
          <systemCode>hsru00</systemCode>
          <name>Rules Committee</name>
        </committee>
        <sourceSystem>
          <code>9</code>
          <name>Library of Congress</name>
        </sourceSystem>
        <actionDate>2017-03-24</actionDate>
        <text>The House Committee on Rules reported an original measure, H. Rept. 115-58, by Mr. Sessions.</text>
        <links>
          <link>
            <name>H. Rept. 115-58</name>
            <url>https://www.congress.gov/congressional-report/115th-congress/house-report/58</url>
          </link>
        </links>
        <type>Committee</type>
        <actionCode>5000</actionCode>
      </item>
      <item>
        <committee />
        <sourceSystem>
          <code>9</code>
          <name>Library of Congress</name>
        </sourceSystem>
        <actionDate>2017-03-24</actionDate>
        <text>Introduced in House</text>
        <links />
        <type>IntroReferral</type>
        <actionCode>1000</actionCode>
      </item>
      <actionByCounts>
        <houseOfRepresentatives>10</houseOfRepresentatives>
      </actionByCounts>
    </actions>
    <cosponsors />
    <recordedVotes>
      <recordedVote>
        <rollNumber>192</rollNumber>
        <url>http://clerk.house.gov/evs/2017/roll192.xml</url>
        <chamber>House</chamber>
        <congress>115</congress>
        <sessionNumber>1</sessionNumber>
        <fullActionName>Passage of a Measure</fullActionName>
        <date>2017-03-24T15:03:18Z</date>
      </recordedVote>
      <recordedVote>
        <rollNumber>191</rollNumber>
        <url>http://clerk.house.gov/evs/2017/roll191.xml</url>
        <chamber>House</chamber>
        <congress>115</congress>
        <sessionNumber>1</sessionNumber>
        <fullActionName>Motion for Previous Question</fullActionName>
        <date>2017-03-24T14:55:18Z</date>
      </recordedVote>
    </recordedVotes>
    <amendments />
    <summaries>
      <billSummaries>
        <item>
          <versionCode>00</versionCode>
          <actionDate>2017-03-24</actionDate>
          <lastSummaryUpdateDate>2017-03-25T08:04:51Z</lastSummaryUpdateDate>
          <updateDate>2017-03-24T04:00:00Z</updateDate>
          <actionDesc>Introduced in House</actionDesc>
          <text><![CDATA[Sets forth the rule for consideration of the bill (H.R. 1628) to provide for reconciliation pursuant to title II of the concurrent resolution on the budget for fiscal year 2017.]]></text>
          <name>Introduced in House</name>
        </item>
      </billSummaries>
    </summaries>
    <title>Providing for consideration of the bill (H.R. 1628) to provide for reconciliation pursuant to title II of the concurrent resolution on the budget for fiscal year 2017.</title>
    <latestAction>
      <actionDate>2017-03-24</actionDate>
      <text>Motion to reconsider laid on the table Agreed to without objection.</text>
      <actionTime>11:03:20</actionTime>
      <links />
    </latestAction>
    <sponsors>
      <item>
        <byRequestType />
        <party>R</party>
        <middleName />
        <lastName>SESSIONS</lastName>
        <district>32</district>
        <bioguideId>S000250</bioguideId>
        <fullName>Rep. Sessions, Pete [R-TX-32]</fullName>
        <firstName>PETE</firstName>
        <identifiers>
          <bioguideId>S000250</bioguideId>
          <lisID>1525</lisID>
          <gpoId>8188</gpoId>
        </identifiers>
        <state>TX</state>
      </item>
    </sponsors>
  </bill>
  <dublinCore xmlns:dc="http://purl.org/dc/elements/1.1/">
    <dc:format>text/xml</dc:format>
    <dc:language>EN</dc:language>
    <dc:rights>Pursuant to Title 17 Section 105 of the United States Code, this file is not subject to copyright protection and is in the public domain.</dc:rights>
    <dc:contributor>Congressional Research Service, Library of Congress</dc:contributor>
    <dc:description>This file contains bill summaries and statuses for federal legislation. A bill summary describes the most significant provisions of a piece of legislation and details the effects the legislative text may have on current law and federal programs. Bill summaries are authored by the Congressional Research Service (CRS) of the Library of Congress. As stated in Public Law 91-510 (2 USC 166 (d)(6)), one of the duties of CRS is "to prepare summaries and digests of bills and resolutions of a public general nature introduced in the Senate or House of Representatives". For more information, refer to the User Guide that accompanies this file.</dc:description>
  </dublinCore>
</billStatus>

