<?xml version="1.0" encoding="UTF-8"?>
<billStatus>
  <bill>
    <createDate>2017-03-17T04:49:39Z</createDate>
    <congress>115</congress>
    <calendarNumbers>
      <item>
        <calendar>H00035</calendar>
        <number />
      </item>
    </calendarNumbers>
    <amendments />
    <recordedVotes />
    <cboCostEstimates />
    <updateDate>2018-02-22T15:26:49Z</updateDate>
    <laws />
    <billNumber>203</billNumber>
    <summaries>
      <billSummaries>
        <item>
          <text><![CDATA[<p>Requests the President, and directs the Department of Justice, to transmit to the House of Representatives copies of any document, correspondence, or other communication in their possession that refers or relates to specified statements of President Donald J. Trump communicated via Twitter on March 4, 2017, regarding alleged wiretapping in Trump Tower by former President Barack Obama.</p>]]></text>
          <lastSummaryUpdateDate>2017-05-16T14:05:01Z</lastSummaryUpdateDate>
          <versionCode>00</versionCode>
          <actionDesc>Introduced in House</actionDesc>
          <actionDate>2017-03-16</actionDate>
          <name>Introduced in House</name>
          <updateDate>2017-03-16T04:00:00Z</updateDate>
        </item>
        <item>
          <text><![CDATA[<p>Requests the President, and directs the Department of Justice, to transmit to the House of Representatives copies of any document, correspondence, or other communication in their possession that refers or relates to specified statements of President Donald J. Trump communicated via Twitter on March 4, 2017, regarding alleged wiretapping in Trump Tower by former President Barack Obama.</p>]]></text>
          <lastSummaryUpdateDate>2017-05-16T14:05:12Z</lastSummaryUpdateDate>
          <versionCode>17</versionCode>
          <actionDesc>Reported to House with amendment(s)</actionDesc>
          <actionDate>2017-04-06</actionDate>
          <name>Reported to House with amendment(s)</name>
          <updateDate>2017-04-06T14:22:24Z</updateDate>
        </item>
      </billSummaries>
    </summaries>
    <constitutionalAuthorityStatementText />
    <notes />
    <sponsors>
      <item>
        <firstName>Mike</firstName>
        <state>IL</state>
        <lastName>Quigley</lastName>
        <party>D</party>
        <district>5</district>
        <fullName>Rep. Quigley, Mike [D-IL-5]</fullName>
        <middleName />
        <bioguideId>Q000023</bioguideId>
        <byRequestType />
        <identifiers>
          <lisID>1967</lisID>
          <gpoId>7925</gpoId>
          <bioguideId>Q000023</bioguideId>
        </identifiers>
      </item>
    </sponsors>
    <titles>
      <item>
        <title>Of inquiry requesting the President, and directing the Attorney General, to transmit, respectively, certain documents to the House of Representatives relating to certain communications by the President of the United States.</title>
        <parentTitleType />
        <titleType>Official Title as Introduced</titleType>
        <chamberCode />
        <chamberName />
      </item>
      <item>
        <title>Of inquiry requesting the President, and directing the Attorney General, to transmit, respectively, certain documents to the House of Representatives relating to certain communications by the President of the United States.</title>
        <parentTitleType />
        <titleType>Display Title</titleType>
        <chamberCode />
        <chamberName />
      </item>
    </titles>
    <committees>
      <billCommittees>
        <item>
          <subcommittees />
          <type>Standing</type>
          <name>Judiciary Committee</name>
          <activities>
            <item>
              <name>Reported by</name>
              <date>2017-04-06T15:06:04Z</date>
            </item>
            <item>
              <name>Markup by</name>
              <date>2017-03-29T16:47:45Z</date>
            </item>
            <item>
              <name>Referred to</name>
              <date>2017-03-16T14:03:10Z</date>
            </item>
          </activities>
          <chamber>House</chamber>
          <systemCode>hsju00</systemCode>
        </item>
      </billCommittees>
    </committees>
    <billType>HRES</billType>
    <actions>
      <actionTypeCounts>
        <reportedToHouse>1</reportedToHouse>
        <actionStageOverride>1</actionStageOverride>
        <introducedInHouse>1</introducedInHouse>
        <introducedInTheHouse>1</introducedInTheHouse>
        <houseCalendarAssignment>1</houseCalendarAssignment>
        <placeholderTextForH>1</placeholderTextForH>
        <placeholderTextForB>1</placeholderTextForB>
        <billReferrals>1</billReferrals>
        <committeeReportOfABill>1</committeeReportOfABill>
      </actionTypeCounts>
      <item>
        <committee />
        <sourceSystem>
          <code>2</code>
          <name>House floor actions</name>
        </sourceSystem>
        <actionDate>2017-04-06</actionDate>
        <text>Placed on the House Calendar, Calendar No. 35.</text>
        <links />
        <type>Calendars</type>
        <actionCode>H12420</actionCode>
      </item>
      <item>
        <committee>
          <systemCode>hsju00</systemCode>
          <name>Judiciary Committee</name>
        </committee>
        <sourceSystem>
          <code>2</code>
          <name>House floor actions</name>
        </sourceSystem>
        <actionDate>2017-04-06</actionDate>
        <text>Reported adversely (Amended) by the Committee on Judiciary. H. Rept. 115-83.</text>
        <links>
          <link>
            <name>H. Rept. 115-83</name>
            <url>https://www.congress.gov/congressional-report/115th-congress/house-report/83</url>
          </link>
        </links>
        <type>Committee</type>
        <actionCode>H12200</actionCode>
      </item>
      <item>
        <committee>
          <systemCode>hsju00</systemCode>
          <name>Judiciary Committee</name>
        </committee>
        <sourceSystem>
          <code>9</code>
          <name>Library of Congress</name>
        </sourceSystem>
        <actionDate>2017-04-06</actionDate>
        <text>Reported adversely (Amended) by the Committee on Judiciary. H. Rept. 115-83.</text>
        <links>
          <link>
            <name>H. Rept. 115-83</name>
            <url>https://www.congress.gov/congressional-report/115th-congress/house-report/83</url>
          </link>
        </links>
        <type>Committee</type>
        <actionCode>5000</actionCode>
      </item>
      <item>
        <actionDate>2017-03-29</actionDate>
        <committee>
          <systemCode>hsju00</systemCode>
          <name>Judiciary Committee</name>
        </committee>
        <links />
        <sourceSystem>
          <code>1</code>
          <name>House committee actions</name>
        </sourceSystem>
        <text>Ordered to be Reported Unfavorably (Amended) by the Yeas and Nays: 19 - 15.</text>
        <type>Committee</type>
      </item>
      <item>
        <actionDate>2017-03-29</actionDate>
        <committee>
          <systemCode>hsju00</systemCode>
          <name>Judiciary Committee</name>
        </committee>
        <links />
        <sourceSystem>
          <code>1</code>
          <name>House committee actions</name>
        </sourceSystem>
        <text>Committee Consideration and Mark-up Session Held.</text>
        <type>Committee</type>
      </item>
      <item>
        <committee>
          <systemCode>hsju00</systemCode>
          <name>Judiciary Committee</name>
        </committee>
        <sourceSystem>
          <code>2</code>
          <name>House floor actions</name>
        </sourceSystem>
        <actionDate>2017-03-16</actionDate>
        <text>Referred to the House Committee on the Judiciary.</text>
        <links />
        <type>IntroReferral</type>
        <actionCode>H11100</actionCode>
      </item>
      <item>
        <committee />
        <sourceSystem>
          <code>9</code>
          <name>Library of Congress</name>
        </sourceSystem>
        <actionDate>2017-03-16</actionDate>
        <text>Sponsor introductory remarks on measure. (CR H2090-2091)</text>
        <links>
          <link>
            <name>H2090-2091</name>
            <url>https://www.congress.gov/congressional-record/volume-163/house-section/page/H2090-2091</url>
          </link>
        </links>
        <type>IntroReferral</type>
        <actionCode>B00100</actionCode>
      </item>
      <item>
        <committee />
        <sourceSystem>
          <code>9</code>
          <name>Library of Congress</name>
        </sourceSystem>
        <actionDate>2017-03-16</actionDate>
        <text>Introduced in House</text>
        <links />
        <type>IntroReferral</type>
        <actionCode>Intro-H</actionCode>
      </item>
      <item>
        <committee />
        <sourceSystem>
          <code>9</code>
          <name>Library of Congress</name>
        </sourceSystem>
        <actionDate>2017-03-16</actionDate>
        <text>Introduced in House</text>
        <links />
        <type>IntroReferral</type>
        <actionCode>1000</actionCode>
      </item>
      <actionByCounts>
        <houseOfRepresentatives>8</houseOfRepresentatives>
      </actionByCounts>
    </actions>
    <committeeReports>
      <committeeReport>
        <citation>H. Rept. 115-83</citation>
      </committeeReport>
    </committeeReports>
    <version>1.0.0</version>
    <originChamber>House</originChamber>
    <subjects>
      <billSubjects>
        <policyArea>
          <name>Congress</name>
        </policyArea>
        <legislativeSubjects>
          <item>
            <name>Congressional oversight</name>
          </item>
          <item>
            <name>Congressional-executive branch relations</name>
          </item>
          <item>
            <name>Department of Justice</name>
          </item>
          <item>
            <name>Elections, voting, political campaign regulation</name>
          </item>
          <item>
            <name>Government ethics and transparency, public corruption</name>
          </item>
          <item>
            <name>Intelligence activities, surveillance, classified information</name>
          </item>
          <item>
            <name>Internet and video services</name>
          </item>
          <item>
            <name>Presidents and presidential powers, Vice Presidents</name>
          </item>
        </legislativeSubjects>
      </billSubjects>
    </subjects>
    <title>Of inquiry requesting the President, and directing the Attorney General, to transmit, respectively, certain documents to the House of Representatives relating to certain communications by the President of the United States.</title>
    <introducedDate>2017-03-16</introducedDate>
    <cosponsors>
      <item>
        <district>9</district>
        <fullName>Rep. Kaptur, Marcy [D-OH-9]</fullName>
        <middleName />
        <bioguideId>K000009</bioguideId>
        <isOriginalCosponsor>True</isOriginalCosponsor>
        <sponsorshipWithdrawnDate />
        <state>OH</state>
        <party>D</party>
        <lastName>KAPTUR</lastName>
        <identifiers>
          <bioguideId>K000009</bioguideId>
          <lisID>616</lisID>
          <gpoId>8099</gpoId>
        </identifiers>
        <firstName>MARCY</firstName>
        <sponsorshipDate>2017-03-16</sponsorshipDate>
      </item>
      <item>
        <district>10</district>
        <fullName>Rep. Nadler, Jerrold [D-NY-10]</fullName>
        <middleName />
        <bioguideId>N000002</bioguideId>
        <isOriginalCosponsor>True</isOriginalCosponsor>
        <sponsorshipWithdrawnDate />
        <state>NY</state>
        <party>D</party>
        <lastName>NADLER</lastName>
        <identifiers>
          <bioguideId>N000002</bioguideId>
          <lisID>850</lisID>
          <gpoId>8069</gpoId>
        </identifiers>
        <firstName>JERROLD</firstName>
        <sponsorshipDate>2017-03-16</sponsorshipDate>
      </item>
      <item>
        <district>32</district>
        <fullName>Rep. Napolitano, Grace F. [D-CA-32]</fullName>
        <middleName>F.</middleName>
        <bioguideId>N000179</bioguideId>
        <isOriginalCosponsor>True</isOriginalCosponsor>
        <sponsorshipWithdrawnDate />
        <state>CA</state>
        <party>D</party>
        <lastName>NAPOLITANO</lastName>
        <identifiers>
          <bioguideId>N000179</bioguideId>
          <gpoId>7843</gpoId>
          <lisID>1602</lisID>
        </identifiers>
        <firstName>GRACE</firstName>
        <sponsorshipDate>2017-03-16</sponsorshipDate>
      </item>
      <item>
        <district>14</district>
        <fullName>Rep. Speier, Jackie [D-CA-14]</fullName>
        <middleName />
        <bioguideId>S001175</bioguideId>
        <isOriginalCosponsor>True</isOriginalCosponsor>
        <sponsorshipWithdrawnDate />
        <state>CA</state>
        <party>D</party>
        <lastName>Speier</lastName>
        <identifiers>
          <bioguideId>S001175</bioguideId>
          <gpoId>7817</gpoId>
          <lisID>1890</lisID>
        </identifiers>
        <firstName>Jackie</firstName>
        <sponsorshipDate>2017-03-16</sponsorshipDate>
      </item>
      <item>
        <district>4</district>
        <fullName>Rep. Moore, Gwen [D-WI-4]</fullName>
        <middleName />
        <bioguideId>M001160</bioguideId>
        <isOriginalCosponsor>True</isOriginalCosponsor>
        <sponsorshipWithdrawnDate />
        <state>WI</state>
        <party>D</party>
        <lastName>Moore</lastName>
        <identifiers>
          <gpoId>8217</gpoId>
          <bioguideId>M001160</bioguideId>
          <lisID>1811</lisID>
        </identifiers>
        <firstName>Gwen</firstName>
        <sponsorshipDate>2017-03-16</sponsorshipDate>
      </item>
      <item>
        <district>15</district>
        <fullName>Rep. Swalwell, Eric [D-CA-15]</fullName>
        <middleName />
        <bioguideId>S001193</bioguideId>
        <isOriginalCosponsor>True</isOriginalCosponsor>
        <sponsorshipWithdrawnDate />
        <state>CA</state>
        <party>D</party>
        <lastName>Swalwell</lastName>
        <identifiers>
          <bioguideId>S001193</bioguideId>
          <gpoId />
          <lisID>2104</lisID>
        </identifiers>
        <firstName>Eric</firstName>
        <sponsorshipDate>2017-03-16</sponsorshipDate>
      </item>
      <item>
        <district>33</district>
        <fullName>Rep. Lieu, Ted [D-CA-33]</fullName>
        <middleName />
        <bioguideId>L000582</bioguideId>
        <isOriginalCosponsor>False</isOriginalCosponsor>
        <sponsorshipWithdrawnDate />
        <state>CA</state>
        <party>D</party>
        <lastName>Lieu</lastName>
        <identifiers>
          <lisID>2230</lisID>
          <gpoId />
          <bioguideId>L000582</bioguideId>
        </identifiers>
        <firstName>Ted</firstName>
        <sponsorshipDate>2017-03-28</sponsorshipDate>
      </item>
      <item>
        <district>1</district>
        <fullName>Rep. Cicilline, David N. [D-RI-1]</fullName>
        <middleName>N.</middleName>
        <bioguideId>C001084</bioguideId>
        <isOriginalCosponsor>False</isOriginalCosponsor>
        <sponsorshipWithdrawnDate />
        <state>RI</state>
        <party>D</party>
        <lastName>Cicilline</lastName>
        <identifiers>
          <lisID>2055</lisID>
          <gpoId>8139</gpoId>
          <bioguideId>C001084</bioguideId>
        </identifiers>
        <firstName>David</firstName>
        <sponsorshipDate>2017-03-28</sponsorshipDate>
      </item>
      <item>
        <district>9</district>
        <fullName>Rep. Cohen, Steve [D-TN-9]</fullName>
        <middleName />
        <bioguideId>C001068</bioguideId>
        <isOriginalCosponsor>False</isOriginalCosponsor>
        <sponsorshipWithdrawnDate />
        <state>TN</state>
        <party>D</party>
        <lastName>Cohen</lastName>
        <identifiers>
          <bioguideId>C001068</bioguideId>
          <lisID>1878</lisID>
          <gpoId>8156</gpoId>
        </identifiers>
        <firstName>Steve</firstName>
        <sponsorshipDate>2017-03-28</sponsorshipDate>
      </item>
    </cosponsors>
    <latestAction>
      <links />
      <text>Placed on the House Calendar, Calendar No. 35.</text>
      <actionDate>2017-04-06</actionDate>
    </latestAction>
    <policyArea>
      <name>Congress</name>
    </policyArea>
    <relatedBills />
  </bill>
  <dublinCore xmlns:dc="http://purl.org/dc/elements/1.1/">
    <dc:format>text/xml</dc:format>
    <dc:language>EN</dc:language>
    <dc:rights>Pursuant to Title 17 Section 105 of the United States Code, this file is not subject to copyright protection and is in the public domain.</dc:rights>
    <dc:contributor>Congressional Research Service, Library of Congress</dc:contributor>
    <dc:description>This file contains bill summaries and statuses for federal legislation. A bill summary describes the most significant provisions of a piece of legislation and details the effects the legislative text may have on current law and federal programs. Bill summaries are authored by the Congressional Research Service (CRS) of the Library of Congress. As stated in Public Law 91-510 (2 USC 166 (d)(6)), one of the duties of CRS is "to prepare summaries and digests of bills and resolutions of a public general nature introduced in the Senate or House of Representatives". For more information, refer to the User Guide that accompanies this file.</dc:description>
  </dublinCore>
</billStatus>

