<?xml version="1.0" encoding="UTF-8"?>
<billStatus>
  <bill>
    <billNumber>446</billNumber>
    <committeeReports>
      <committeeReport>
        <citation>H. Rept. 115-300</citation>
      </committeeReport>
    </committeeReports>
    <originChamber>House</originChamber>
    <cboCostEstimates />
    <createDate>2017-07-15T03:11:31Z</createDate>
    <titles>
      <item>
        <titleType>Official Title as Introduced</titleType>
        <chamberName />
        <title>Of inquiry requesting the President and directing the Attorney General to transmit, respectively, certain documents to the House of Representatives relating to the removal of former Federal Bureau of Investigation Director James Comey.</title>
        <chamberCode />
        <parentTitleType />
      </item>
      <item>
        <titleType>Display Title</titleType>
        <chamberName />
        <title>Of inquiry requesting the President and directing the Attorney General to transmit, respectively, certain documents to the House of Representatives relating to the removal of former Federal Bureau of Investigation Director James Comey.</title>
        <chamberCode />
        <parentTitleType />
      </item>
    </titles>
    <updateDate>2018-02-22T15:26:52Z</updateDate>
    <notes />
    <subjects>
      <billSubjects>
        <legislativeSubjects>
          <item>
            <name>Congressional oversight</name>
          </item>
          <item>
            <name>Congressional-executive branch relations</name>
          </item>
          <item>
            <name>Department of Justice</name>
          </item>
          <item>
            <name>Elections, voting, political campaign regulation</name>
          </item>
          <item>
            <name>Federal Bureau of Investigation (FBI)</name>
          </item>
          <item>
            <name>Federal officials</name>
          </item>
          <item>
            <name>Government ethics and transparency, public corruption</name>
          </item>
          <item>
            <name>Government information and archives</name>
          </item>
          <item>
            <name>Government studies and investigations</name>
          </item>
          <item>
            <name>Presidents and presidential powers, Vice Presidents</name>
          </item>
          <item>
            <name>Senate Select Committee on Intelligence</name>
          </item>
          <item>
            <name>Sound recording</name>
          </item>
        </legislativeSubjects>
        <policyArea>
          <name>Congress</name>
        </policyArea>
      </billSubjects>
    </subjects>
    <constitutionalAuthorityStatementText />
    <relatedBills>
      <item>
        <relationshipDetails>
          <item>
            <type>Related bill</type>
            <identifiedBy>CRS</identifiedBy>
          </item>
        </relationshipDetails>
        <congress>115</congress>
        <type>HRES</type>
        <latestAction>
          <actionDate>2017-09-28</actionDate>
          <text>Placed on the House Calendar, Calendar No. 88.</text>
        </latestAction>
        <latestTitle>Of inquiry requesting the President and directing the Attorney General to transmit, respectively, certain documents to the House of Representatives relating to the removal of former Federal Bureau of Investigation Director James Comey.</latestTitle>
        <number>488</number>
      </item>
    </relatedBills>
    <laws />
    <congress>115</congress>
    <calendarNumbers>
      <item>
        <calendar>H00082</calendar>
        <number />
      </item>
    </calendarNumbers>
    <introducedDate>2017-07-14</introducedDate>
    <policyArea>
      <name>Congress</name>
    </policyArea>
    <version>1.0.0</version>
    <billType>HRES</billType>
    <committees>
      <billCommittees>
        <item>
          <subcommittees />
          <type>Standing</type>
          <name>Judiciary Committee</name>
          <activities>
            <item>
              <name>Reported by</name>
              <date>2017-09-08T15:27:31Z</date>
            </item>
            <item>
              <name>Markup by</name>
              <date>2017-07-26T13:26:37Z</date>
            </item>
            <item>
              <name>Referred to</name>
              <date>2017-07-14T13:00:16Z</date>
            </item>
          </activities>
          <chamber>House</chamber>
          <systemCode>hsju00</systemCode>
        </item>
      </billCommittees>
    </committees>
    <actions>
      <actionByCounts>
        <houseOfRepresentatives>8</houseOfRepresentatives>
      </actionByCounts>
      <item>
        <actionDate>2017-09-08</actionDate>
        <text>Placed on the House Calendar, Calendar No. 82.</text>
        <links />
        <actionCode>H12420</actionCode>
        <type>Calendars</type>
        <committee />
        <sourceSystem>
          <name>House floor actions</name>
          <code>2</code>
        </sourceSystem>
      </item>
      <item>
        <actionDate>2017-09-08</actionDate>
        <text>Reported (Amended) by the Committee on Judiciary. H. Rept. 115-300.</text>
        <links>
          <link>
            <url>https://www.congress.gov/congressional-report/115th-congress/house-report/300</url>
            <name>H. Rept. 115-300</name>
          </link>
        </links>
        <actionCode>H12200</actionCode>
        <type>Committee</type>
        <committee>
          <name>Judiciary Committee</name>
          <systemCode>hsju00</systemCode>
        </committee>
        <sourceSystem>
          <name>House floor actions</name>
          <code>2</code>
        </sourceSystem>
      </item>
      <item>
        <actionDate>2017-09-08</actionDate>
        <text>Reported (Amended) by the Committee on Judiciary. H. Rept. 115-300.</text>
        <links>
          <link>
            <url>https://www.congress.gov/congressional-report/115th-congress/house-report/300</url>
            <name>H. Rept. 115-300</name>
          </link>
        </links>
        <actionCode>5000</actionCode>
        <type>Committee</type>
        <committee>
          <name>Judiciary Committee</name>
          <systemCode>hsju00</systemCode>
        </committee>
        <sourceSystem>
          <name>Library of Congress</name>
          <code>9</code>
        </sourceSystem>
      </item>
      <item>
        <actionDate>2017-07-26</actionDate>
        <committee>
          <name>Judiciary Committee</name>
          <systemCode>hsju00</systemCode>
        </committee>
        <links />
        <sourceSystem>
          <name>House committee actions</name>
          <code>1</code>
        </sourceSystem>
        <text>Ordered to be Reported (Amended) by the Yeas and Nays: 15 - 13.</text>
        <type>Committee</type>
      </item>
      <item>
        <actionDate>2017-07-26</actionDate>
        <committee>
          <name>Judiciary Committee</name>
          <systemCode>hsju00</systemCode>
        </committee>
        <links />
        <sourceSystem>
          <name>House committee actions</name>
          <code>1</code>
        </sourceSystem>
        <text>Committee Consideration and Mark-up Session Held.</text>
        <type>Committee</type>
      </item>
      <item>
        <actionDate>2017-07-14</actionDate>
        <text>Referred to the House Committee on the Judiciary.</text>
        <links />
        <actionCode>H11100</actionCode>
        <type>IntroReferral</type>
        <committee>
          <name>Judiciary Committee</name>
          <systemCode>hsju00</systemCode>
        </committee>
        <sourceSystem>
          <name>House floor actions</name>
          <code>2</code>
        </sourceSystem>
      </item>
      <item>
        <actionDate>2017-07-14</actionDate>
        <text>Introduced in House</text>
        <links />
        <actionCode>Intro-H</actionCode>
        <type>IntroReferral</type>
        <committee />
        <sourceSystem>
          <name>Library of Congress</name>
          <code>9</code>
        </sourceSystem>
      </item>
      <item>
        <actionDate>2017-07-14</actionDate>
        <text>Introduced in House</text>
        <links />
        <actionCode>1000</actionCode>
        <type>IntroReferral</type>
        <committee />
        <sourceSystem>
          <name>Library of Congress</name>
          <code>9</code>
        </sourceSystem>
      </item>
      <actionTypeCounts>
        <committeeReportOfABill>1</committeeReportOfABill>
        <billReferrals>1</billReferrals>
        <houseCalendarAssignment>1</houseCalendarAssignment>
        <reportedToHouse>1</reportedToHouse>
        <introducedInTheHouse>1</introducedInTheHouse>
        <introducedInHouse>1</introducedInHouse>
        <actionStageOverride>1</actionStageOverride>
        <placeholderTextForH>1</placeholderTextForH>
      </actionTypeCounts>
    </actions>
    <cosponsors>
      <item>
        <sponsorshipWithdrawnDate />
        <party>D</party>
        <middleName>N.</middleName>
        <sponsorshipDate>2017-07-14</sponsorshipDate>
        <lastName>Cicilline</lastName>
        <district>1</district>
        <fullName>Rep. Cicilline, David N. [D-RI-1]</fullName>
        <firstName>David</firstName>
        <identifiers>
          <lisID>2055</lisID>
          <gpoId>8139</gpoId>
          <bioguideId>C001084</bioguideId>
        </identifiers>
        <isOriginalCosponsor>True</isOriginalCosponsor>
        <bioguideId>C001084</bioguideId>
        <state>RI</state>
      </item>
      <item>
        <sponsorshipWithdrawnDate />
        <party>D</party>
        <middleName />
        <sponsorshipDate>2017-07-19</sponsorshipDate>
        <lastName>CONYERS</lastName>
        <district>13</district>
        <fullName>Rep. Conyers, John, Jr. [D-MI-13]</fullName>
        <firstName>JOHN</firstName>
        <identifiers>
          <bioguideId>C000714</bioguideId>
          <gpoId>7999</gpoId>
          <lisID>229</lisID>
        </identifiers>
        <isOriginalCosponsor>False</isOriginalCosponsor>
        <bioguideId>C000714</bioguideId>
        <state>MI</state>
      </item>
      <item>
        <sponsorshipWithdrawnDate />
        <party>D</party>
        <middleName />
        <sponsorshipDate>2017-07-19</sponsorshipDate>
        <lastName>LOFGREN</lastName>
        <district>19</district>
        <fullName>Rep. Lofgren, Zoe [D-CA-19]</fullName>
        <firstName>ZOE</firstName>
        <identifiers>
          <bioguideId>L000397</bioguideId>
          <gpoId>7821</gpoId>
          <lisID>701</lisID>
        </identifiers>
        <isOriginalCosponsor>False</isOriginalCosponsor>
        <bioguideId>L000397</bioguideId>
        <state>CA</state>
      </item>
      <item>
        <sponsorshipWithdrawnDate />
        <party>D</party>
        <middleName />
        <sponsorshipDate>2017-07-19</sponsorshipDate>
        <lastName>SHERMAN</lastName>
        <district>30</district>
        <fullName>Rep. Sherman, Brad [D-CA-30]</fullName>
        <firstName>BRAD</firstName>
        <identifiers>
          <bioguideId>S000344</bioguideId>
          <gpoId>7832</gpoId>
          <lisID>1526</lisID>
        </identifiers>
        <isOriginalCosponsor>False</isOriginalCosponsor>
        <bioguideId>S000344</bioguideId>
        <state>CA</state>
      </item>
      <item>
        <sponsorshipWithdrawnDate />
        <party>D</party>
        <middleName />
        <sponsorshipDate>2017-07-20</sponsorshipDate>
        <lastName>Cohen</lastName>
        <district>9</district>
        <fullName>Rep. Cohen, Steve [D-TN-9]</fullName>
        <firstName>Steve</firstName>
        <identifiers>
          <bioguideId>C001068</bioguideId>
          <lisID>1878</lisID>
          <gpoId>8156</gpoId>
        </identifiers>
        <isOriginalCosponsor>False</isOriginalCosponsor>
        <bioguideId>C001068</bioguideId>
        <state>TN</state>
      </item>
      <item>
        <sponsorshipWithdrawnDate />
        <party>D</party>
        <middleName>E.</middleName>
        <sponsorshipDate>2017-07-24</sponsorshipDate>
        <lastName>Connolly</lastName>
        <district>11</district>
        <fullName>Rep. Connolly, Gerald E. [D-VA-11]</fullName>
        <firstName>Gerald</firstName>
        <identifiers>
          <bioguideId>C001078</bioguideId>
          <gpoId>8202</gpoId>
          <lisID>1959</lisID>
        </identifiers>
        <isOriginalCosponsor>False</isOriginalCosponsor>
        <bioguideId>C001078</bioguideId>
        <state>VA</state>
      </item>
      <item>
        <sponsorshipWithdrawnDate />
        <party>D</party>
        <middleName />
        <sponsorshipDate>2017-07-24</sponsorshipDate>
        <lastName>Gallego</lastName>
        <district>7</district>
        <fullName>Rep. Gallego, Ruben [D-AZ-7]</fullName>
        <firstName>Ruben</firstName>
        <identifiers>
          <bioguideId>G000574</bioguideId>
          <gpoId />
          <lisID>2226</lisID>
        </identifiers>
        <isOriginalCosponsor>False</isOriginalCosponsor>
        <bioguideId>G000574</bioguideId>
        <state>AZ</state>
      </item>
      <item>
        <sponsorshipWithdrawnDate />
        <party>D</party>
        <middleName>M.</middleName>
        <sponsorshipDate>2017-07-24</sponsorshipDate>
        <lastName>Grijalva</lastName>
        <district>3</district>
        <fullName>Rep. Grijalva, Raul M. [D-AZ-3]</fullName>
        <firstName>Raul</firstName>
        <identifiers>
          <bioguideId>G000551</bioguideId>
          <gpoId>7804</gpoId>
          <lisID>1708</lisID>
        </identifiers>
        <isOriginalCosponsor>False</isOriginalCosponsor>
        <bioguideId>G000551</bioguideId>
        <state>AZ</state>
      </item>
      <item>
        <sponsorshipWithdrawnDate />
        <party>D</party>
        <middleName>V.</middleName>
        <sponsorshipDate>2017-07-24</sponsorshipDate>
        <lastName>GUTIERREZ</lastName>
        <district>4</district>
        <fullName>Rep. Gutierrez, Luis V. [D-IL-4]</fullName>
        <firstName>LUIS</firstName>
        <identifiers>
          <bioguideId>G000535</bioguideId>
          <gpoId>7924</gpoId>
          <lisID>478</lisID>
        </identifiers>
        <isOriginalCosponsor>False</isOriginalCosponsor>
        <bioguideId>G000535</bioguideId>
        <state>IL</state>
      </item>
      <item>
        <sponsorshipWithdrawnDate />
        <party>D</party>
        <middleName />
        <sponsorshipDate>2017-07-24</sponsorshipDate>
        <lastName>JACKSON LEE</lastName>
        <district>18</district>
        <fullName>Rep. Jackson Lee, Sheila [D-TX-18]</fullName>
        <firstName>SHEILA</firstName>
        <identifiers>
          <bioguideId>J000032</bioguideId>
          <lisID>588</lisID>
          <gpoId>8174</gpoId>
        </identifiers>
        <isOriginalCosponsor>False</isOriginalCosponsor>
        <bioguideId>J000032</bioguideId>
        <state>TX</state>
      </item>
      <item>
        <sponsorshipWithdrawnDate />
        <party>D</party>
        <middleName>S.</middleName>
        <sponsorshipDate>2017-07-24</sponsorshipDate>
        <lastName>Jeffries</lastName>
        <district>8</district>
        <fullName>Rep. Jeffries, Hakeem S. [D-NY-8]</fullName>
        <firstName>Hakeem</firstName>
        <identifiers>
          <bioguideId>J000294</bioguideId>
          <gpoId />
          <lisID>2149</lisID>
        </identifiers>
        <isOriginalCosponsor>False</isOriginalCosponsor>
        <bioguideId>J000294</bioguideId>
        <state>NY</state>
      </item>
      <item>
        <sponsorshipWithdrawnDate />
        <party>D</party>
        <middleName>C. "Hank"</middleName>
        <sponsorshipDate>2017-07-24</sponsorshipDate>
        <lastName>Johnson</lastName>
        <district>4</district>
        <fullName>Rep. Johnson, Henry C. "Hank," Jr. [D-GA-4]</fullName>
        <firstName>Henry</firstName>
        <identifiers>
          <bioguideId>J000288</bioguideId>
          <gpoId>7901</gpoId>
          <lisID>1843</lisID>
        </identifiers>
        <isOriginalCosponsor>False</isOriginalCosponsor>
        <bioguideId>J000288</bioguideId>
        <state>GA</state>
      </item>
      <item>
        <sponsorshipWithdrawnDate />
        <party>D</party>
        <middleName />
        <sponsorshipDate>2017-07-24</sponsorshipDate>
        <lastName>Lieu</lastName>
        <district>33</district>
        <fullName>Rep. Lieu, Ted [D-CA-33]</fullName>
        <firstName>Ted</firstName>
        <identifiers>
          <lisID>2230</lisID>
          <gpoId />
          <bioguideId>L000582</bioguideId>
        </identifiers>
        <isOriginalCosponsor>False</isOriginalCosponsor>
        <bioguideId>L000582</bioguideId>
        <state>CA</state>
      </item>
      <item>
        <sponsorshipWithdrawnDate />
        <party>D</party>
        <middleName />
        <sponsorshipDate>2017-07-24</sponsorshipDate>
        <lastName>NADLER</lastName>
        <district>10</district>
        <fullName>Rep. Nadler, Jerrold [D-NY-10]</fullName>
        <firstName>JERROLD</firstName>
        <identifiers>
          <bioguideId>N000002</bioguideId>
          <lisID>850</lisID>
          <gpoId>8069</gpoId>
        </identifiers>
        <isOriginalCosponsor>False</isOriginalCosponsor>
        <bioguideId>N000002</bioguideId>
        <state>NY</state>
      </item>
      <item>
        <sponsorshipWithdrawnDate />
        <party>D</party>
        <middleName />
        <sponsorshipDate>2017-07-24</sponsorshipDate>
        <lastName>Raskin</lastName>
        <district>8</district>
        <fullName>Rep. Raskin, Jamie [D-MD-8]</fullName>
        <firstName>Jamie</firstName>
        <identifiers>
          <bioguideId>R000606</bioguideId>
          <gpoId />
          <lisID>2332</lisID>
        </identifiers>
        <isOriginalCosponsor>False</isOriginalCosponsor>
        <bioguideId>R000606</bioguideId>
        <state>MD</state>
      </item>
      <item>
        <sponsorshipWithdrawnDate />
        <party>D</party>
        <middleName />
        <sponsorshipDate>2017-07-24</sponsorshipDate>
        <lastName>Shea-Porter</lastName>
        <district>1</district>
        <fullName>Rep. Shea-Porter, Carol [D-NH-1]</fullName>
        <firstName>Carol</firstName>
        <identifiers>
          <bioguideId>S001170</bioguideId>
          <gpoId>7528</gpoId>
          <lisID>1861</lisID>
        </identifiers>
        <isOriginalCosponsor>False</isOriginalCosponsor>
        <bioguideId>S001170</bioguideId>
        <state>NH</state>
      </item>
      <item>
        <sponsorshipWithdrawnDate />
        <party>D</party>
        <middleName />
        <sponsorshipDate>2017-07-24</sponsorshipDate>
        <lastName>SMITH</lastName>
        <district>9</district>
        <fullName>Rep. Smith, Adam [D-WA-9]</fullName>
        <firstName>ADAM</firstName>
        <identifiers>
          <bioguideId>S000510</bioguideId>
          <gpoId>8213</gpoId>
          <lisID>1528</lisID>
        </identifiers>
        <isOriginalCosponsor>False</isOriginalCosponsor>
        <bioguideId>S000510</bioguideId>
        <state>WA</state>
      </item>
      <item>
        <sponsorshipWithdrawnDate />
        <party>D</party>
        <middleName />
        <sponsorshipDate>2017-07-25</sponsorshipDate>
        <lastName>Chu</lastName>
        <district>27</district>
        <fullName>Rep. Chu, Judy [D-CA-27]</fullName>
        <firstName>Judy</firstName>
        <identifiers>
          <lisID>1970</lisID>
          <gpoId>7837</gpoId>
          <bioguideId>C001080</bioguideId>
        </identifiers>
        <isOriginalCosponsor>False</isOriginalCosponsor>
        <bioguideId>C001080</bioguideId>
        <state>CA</state>
      </item>
      <item>
        <sponsorshipWithdrawnDate />
        <party>D</party>
        <middleName />
        <sponsorshipDate>2017-07-25</sponsorshipDate>
        <lastName>Evans</lastName>
        <district>2</district>
        <fullName>Rep. Evans, Dwight [D-PA-2]</fullName>
        <firstName>Dwight</firstName>
        <identifiers>
          <bioguideId>E000296</bioguideId>
          <lisID>2298</lisID>
          <gpoId />
        </identifiers>
        <isOriginalCosponsor>False</isOriginalCosponsor>
        <bioguideId>E000296</bioguideId>
        <state>PA</state>
      </item>
      <item>
        <sponsorshipWithdrawnDate />
        <party>D</party>
        <middleName />
        <sponsorshipDate>2017-07-25</sponsorshipDate>
        <lastName>Krishnamoorthi</lastName>
        <district>8</district>
        <fullName>Rep. Krishnamoorthi, Raja [D-IL-8]</fullName>
        <firstName>Raja</firstName>
        <identifiers>
          <bioguideId>K000391</bioguideId>
          <gpoId />
          <lisID>2325</lisID>
        </identifiers>
        <isOriginalCosponsor>False</isOriginalCosponsor>
        <bioguideId>K000391</bioguideId>
        <state>IL</state>
      </item>
      <item>
        <sponsorshipWithdrawnDate />
        <party>D</party>
        <middleName />
        <sponsorshipDate>2017-07-25</sponsorshipDate>
        <lastName>LEE</lastName>
        <district>13</district>
        <fullName>Rep. Lee, Barbara [D-CA-13]</fullName>
        <firstName>BARBARA</firstName>
        <identifiers>
          <bioguideId>L000551</bioguideId>
          <gpoId>7814</gpoId>
          <lisID>1501</lisID>
        </identifiers>
        <isOriginalCosponsor>False</isOriginalCosponsor>
        <bioguideId>L000551</bioguideId>
        <state>CA</state>
      </item>
      <item>
        <sponsorshipWithdrawnDate />
        <party>D</party>
        <middleName>Donald</middleName>
        <sponsorshipDate>2017-07-25</sponsorshipDate>
        <lastName>McEachin</lastName>
        <district>4</district>
        <fullName>Rep. McEachin, A. Donald [D-VA-4]</fullName>
        <firstName>A.</firstName>
        <identifiers>
          <bioguideId>M001200</bioguideId>
          <lisID>2352</lisID>
          <gpoId />
        </identifiers>
        <isOriginalCosponsor>False</isOriginalCosponsor>
        <bioguideId>M001200</bioguideId>
        <state>VA</state>
      </item>
      <item>
        <sponsorshipWithdrawnDate />
        <party>D</party>
        <middleName>J.</middleName>
        <sponsorshipDate>2017-07-25</sponsorshipDate>
        <lastName>PASCRELL</lastName>
        <district>9</district>
        <fullName>Rep. Pascrell, Bill, Jr. [D-NJ-9]</fullName>
        <firstName>WILLIAM</firstName>
        <identifiers>
          <lisID>1510</lisID>
          <gpoId>8050</gpoId>
          <bioguideId>P000096</bioguideId>
        </identifiers>
        <isOriginalCosponsor>False</isOriginalCosponsor>
        <bioguideId>P000096</bioguideId>
        <state>NJ</state>
      </item>
      <item>
        <sponsorshipWithdrawnDate />
        <party>D</party>
        <middleName>D.</middleName>
        <sponsorshipDate>2017-07-25</sponsorshipDate>
        <lastName>SCHAKOWSKY</lastName>
        <district>9</district>
        <fullName>Rep. Schakowsky, Janice D. [D-IL-9]</fullName>
        <firstName>JANICE</firstName>
        <identifiers>
          <bioguideId>S001145</bioguideId>
          <lisID>1588</lisID>
          <gpoId>7929</gpoId>
        </identifiers>
        <isOriginalCosponsor>False</isOriginalCosponsor>
        <bioguideId>S001145</bioguideId>
        <state>IL</state>
      </item>
      <item>
        <sponsorshipWithdrawnDate />
        <party>D</party>
        <middleName>Scott</middleName>
        <sponsorshipDate>2017-07-25</sponsorshipDate>
        <lastName>Schneider</lastName>
        <district>10</district>
        <fullName>Rep. Schneider, Bradley Scott [D-IL-10]</fullName>
        <firstName>Bradley</firstName>
        <identifiers>
          <bioguideId>S001190</bioguideId>
          <lisID>2124</lisID>
          <gpoId />
        </identifiers>
        <isOriginalCosponsor>False</isOriginalCosponsor>
        <bioguideId>S001190</bioguideId>
        <state>IL</state>
      </item>
      <item>
        <sponsorshipWithdrawnDate />
        <party>D</party>
        <middleName>M.</middleName>
        <sponsorshipDate>2017-07-25</sponsorshipDate>
        <lastName>VELAZQUEZ</lastName>
        <district>7</district>
        <fullName>Rep. Velazquez, Nydia M. [D-NY-7]</fullName>
        <firstName>NYDIA</firstName>
        <identifiers>
          <bioguideId>V000081</bioguideId>
          <gpoId>8073</gpoId>
          <lisID>1184</lisID>
        </identifiers>
        <isOriginalCosponsor>False</isOriginalCosponsor>
        <bioguideId>V000081</bioguideId>
        <state>NY</state>
      </item>
      <item>
        <sponsorshipWithdrawnDate />
        <party>D</party>
        <middleName />
        <sponsorshipDate>2017-07-25</sponsorshipDate>
        <lastName>Watson Coleman</lastName>
        <district>12</district>
        <fullName>Rep. Watson Coleman, Bonnie [D-NJ-12]</fullName>
        <firstName>Bonnie</firstName>
        <identifiers>
          <gpoId />
          <bioguideId>W000822</bioguideId>
          <lisID>2259</lisID>
        </identifiers>
        <isOriginalCosponsor>False</isOriginalCosponsor>
        <bioguideId>W000822</bioguideId>
        <state>NJ</state>
      </item>
      <item>
        <sponsorshipWithdrawnDate />
        <party>D</party>
        <middleName />
        <sponsorshipDate>2017-07-25</sponsorshipDate>
        <lastName>Welch</lastName>
        <district>0</district>
        <fullName>Rep. Welch, Peter [D-VT-At Large]</fullName>
        <firstName>Peter</firstName>
        <identifiers>
          <bioguideId>W000800</bioguideId>
          <lisID>1879</lisID>
          <gpoId>8204</gpoId>
        </identifiers>
        <isOriginalCosponsor>False</isOriginalCosponsor>
        <bioguideId>W000800</bioguideId>
        <state>VT</state>
      </item>
      <item>
        <sponsorshipWithdrawnDate />
        <party>D</party>
        <middleName>P.</middleName>
        <sponsorshipDate>2017-07-25</sponsorshipDate>
        <lastName>MCGOVERN</lastName>
        <district>2</district>
        <fullName>Rep. McGovern, James P. [D-MA-2]</fullName>
        <firstName>JAMES</firstName>
        <identifiers>
          <bioguideId>M000312</bioguideId>
          <lisID>1504</lisID>
          <gpoId>7968</gpoId>
        </identifiers>
        <isOriginalCosponsor>False</isOriginalCosponsor>
        <bioguideId>M000312</bioguideId>
        <state>MA</state>
      </item>
      <item>
        <sponsorshipWithdrawnDate />
        <party>D</party>
        <middleName />
        <sponsorshipDate>2017-07-25</sponsorshipDate>
        <lastName>Moore</lastName>
        <district>4</district>
        <fullName>Rep. Moore, Gwen [D-WI-4]</fullName>
        <firstName>Gwen</firstName>
        <identifiers>
          <gpoId>8217</gpoId>
          <bioguideId>M001160</bioguideId>
          <lisID>1811</lisID>
        </identifiers>
        <isOriginalCosponsor>False</isOriginalCosponsor>
        <bioguideId>M001160</bioguideId>
        <state>WI</state>
      </item>
      <item>
        <sponsorshipWithdrawnDate />
        <party>D</party>
        <middleName>E.</middleName>
        <sponsorshipDate>2017-07-25</sponsorshipDate>
        <lastName>SERRANO</lastName>
        <district>15</district>
        <fullName>Rep. Serrano, Jose E. [D-NY-15]</fullName>
        <firstName>JOSE</firstName>
        <identifiers>
          <bioguideId>S000248</bioguideId>
          <lisID>1042</lisID>
          <gpoId>8077</gpoId>
        </identifiers>
        <isOriginalCosponsor>False</isOriginalCosponsor>
        <bioguideId>S000248</bioguideId>
        <state>NY</state>
      </item>
      <item>
        <sponsorshipWithdrawnDate />
        <party>D</party>
        <middleName />
        <sponsorshipDate>2017-07-25</sponsorshipDate>
        <lastName>Swalwell</lastName>
        <district>15</district>
        <fullName>Rep. Swalwell, Eric [D-CA-15]</fullName>
        <firstName>Eric</firstName>
        <identifiers>
          <bioguideId>S001193</bioguideId>
          <gpoId />
          <lisID>2104</lisID>
        </identifiers>
        <isOriginalCosponsor>False</isOriginalCosponsor>
        <bioguideId>S001193</bioguideId>
        <state>CA</state>
      </item>
      <item>
        <sponsorshipWithdrawnDate />
        <party>D</party>
        <middleName>J.</middleName>
        <sponsorshipDate>2017-07-25</sponsorshipDate>
        <lastName>Torres</lastName>
        <district>35</district>
        <fullName>Rep. Torres, Norma J. [D-CA-35]</fullName>
        <firstName>Norma</firstName>
        <identifiers>
          <bioguideId>T000474</bioguideId>
          <lisID>2231</lisID>
          <gpoId />
        </identifiers>
        <isOriginalCosponsor>False</isOriginalCosponsor>
        <bioguideId>T000474</bioguideId>
        <state>CA</state>
      </item>
      <item>
        <sponsorshipWithdrawnDate />
        <party>D</party>
        <middleName>G.</middleName>
        <sponsorshipDate>2017-07-25</sponsorshipDate>
        <lastName>Brown</lastName>
        <district>4</district>
        <fullName>Rep. Brown, Anthony G. [D-MD-4]</fullName>
        <firstName>Anthony</firstName>
        <identifiers>
          <bioguideId>B001304</bioguideId>
          <lisID>2331</lisID>
          <gpoId />
        </identifiers>
        <isOriginalCosponsor>False</isOriginalCosponsor>
        <bioguideId>B001304</bioguideId>
        <state>MD</state>
      </item>
      <item>
        <sponsorshipWithdrawnDate />
        <party>D</party>
        <middleName />
        <sponsorshipDate>2017-07-25</sponsorshipDate>
        <lastName>KAPTUR</lastName>
        <district>9</district>
        <fullName>Rep. Kaptur, Marcy [D-OH-9]</fullName>
        <firstName>MARCY</firstName>
        <identifiers>
          <bioguideId>K000009</bioguideId>
          <lisID>616</lisID>
          <gpoId>8099</gpoId>
        </identifiers>
        <isOriginalCosponsor>False</isOriginalCosponsor>
        <bioguideId>K000009</bioguideId>
        <state>OH</state>
      </item>
      <item>
        <sponsorshipWithdrawnDate />
        <party>D</party>
        <middleName />
        <sponsorshipDate>2017-07-25</sponsorshipDate>
        <lastName>Khanna</lastName>
        <district>17</district>
        <fullName>Rep. Khanna, Ro [D-CA-17]</fullName>
        <firstName>Ro</firstName>
        <identifiers>
          <bioguideId>K000389</bioguideId>
          <gpoId />
          <lisID>2308</lisID>
        </identifiers>
        <isOriginalCosponsor>False</isOriginalCosponsor>
        <bioguideId>K000389</bioguideId>
        <state>CA</state>
      </item>
      <item>
        <sponsorshipWithdrawnDate />
        <party>D</party>
        <middleName>L.</middleName>
        <sponsorshipDate>2017-07-25</sponsorshipDate>
        <lastName>Richmond</lastName>
        <district>2</district>
        <fullName>Rep. Richmond, Cedric L. [D-LA-2]</fullName>
        <firstName>Cedric</firstName>
        <identifiers>
          <bioguideId>R000588</bioguideId>
          <lisID>2023</lisID>
          <gpoId>7960</gpoId>
        </identifiers>
        <isOriginalCosponsor>False</isOriginalCosponsor>
        <bioguideId>R000588</bioguideId>
        <state>LA</state>
      </item>
      <item>
        <sponsorshipWithdrawnDate />
        <party>D</party>
        <middleName />
        <sponsorshipDate>2017-07-25</sponsorshipDate>
        <lastName>ROYBAL-ALLARD</lastName>
        <district>40</district>
        <fullName>Rep. Roybal-Allard, Lucille [D-CA-40]</fullName>
        <firstName>LUCILLE</firstName>
        <identifiers>
          <bioguideId>R000486</bioguideId>
          <lisID>997</lisID>
          <gpoId>7839</gpoId>
        </identifiers>
        <isOriginalCosponsor>False</isOriginalCosponsor>
        <bioguideId>R000486</bioguideId>
        <state>CA</state>
      </item>
      <item>
        <sponsorshipWithdrawnDate />
        <party>D</party>
        <middleName />
        <sponsorshipDate>2017-07-25</sponsorshipDate>
        <lastName>WATERS</lastName>
        <district>43</district>
        <fullName>Rep. Waters, Maxine [D-CA-43]</fullName>
        <firstName>MAXINE</firstName>
        <identifiers>
          <bioguideId>W000187</bioguideId>
          <gpoId>7840</gpoId>
          <lisID>1205</lisID>
        </identifiers>
        <isOriginalCosponsor>False</isOriginalCosponsor>
        <bioguideId>W000187</bioguideId>
        <state>CA</state>
      </item>
      <item>
        <sponsorshipWithdrawnDate />
        <party>D</party>
        <middleName>E.</middleName>
        <sponsorshipDate>2017-07-25</sponsorshipDate>
        <lastName>Deutch</lastName>
        <district>22</district>
        <fullName>Rep. Deutch, Theodore E. [D-FL-22]</fullName>
        <firstName>Theodore</firstName>
        <identifiers>
          <lisID>1976</lisID>
          <gpoId>7891</gpoId>
          <bioguideId>D000610</bioguideId>
        </identifiers>
        <isOriginalCosponsor>False</isOriginalCosponsor>
        <bioguideId>D000610</bioguideId>
        <state>FL</state>
      </item>
      <item>
        <sponsorshipWithdrawnDate />
        <party>D</party>
        <middleName />
        <sponsorshipDate>2017-07-26</sponsorshipDate>
        <lastName>Bass</lastName>
        <district>37</district>
        <fullName>Rep. Bass, Karen [D-CA-37]</fullName>
        <firstName>Karen</firstName>
        <identifiers>
          <gpoId>7838</gpoId>
          <bioguideId>B001270</bioguideId>
          <lisID>1996</lisID>
        </identifiers>
        <isOriginalCosponsor>False</isOriginalCosponsor>
        <bioguideId>B001270</bioguideId>
        <state>CA</state>
      </item>
      <item>
        <sponsorshipWithdrawnDate />
        <party>D</party>
        <middleName>M.</middleName>
        <sponsorshipDate>2017-07-26</sponsorshipDate>
        <lastName>LOWEY</lastName>
        <district>17</district>
        <fullName>Rep. Lowey, Nita M. [D-NY-17]</fullName>
        <firstName>NITA</firstName>
        <identifiers>
          <bioguideId>L000480</bioguideId>
          <gpoId>8079</gpoId>
          <lisID>709</lisID>
        </identifiers>
        <isOriginalCosponsor>False</isOriginalCosponsor>
        <bioguideId>L000480</bioguideId>
        <state>NY</state>
      </item>
    </cosponsors>
    <recordedVotes />
    <amendments />
    <summaries>
      <billSummaries>
        <item>
          <text><![CDATA[<p>Requests the President and directs the U.S. Attorney General to transmit to the House of Representatives copies of any document or communication in their possession that refers or relates to:</p> <ul> <li>the firing of James B. Comey as Director of the Federal Bureau of Investigation,</li> <li>the participation of Attorney General Jeff Sessions in Comey's removal,</li> <li>the scope or application of Sessions's recusal from investigations of matters related to the presidential campaign and the application of such recusal to Comey's removal,</li> <li>the scope or application of executive privilege as applied to Sessions's testimony before the Senate Select Committee on Intelligence on June 13, 2017,</li> <li>President Trump's Twitter statement on May 12, 2017, that &quot;James Comey better hope that there are no tapes of our conversations before he starts leaking to the press!&quot;,</li> <li> any system used by the White House to secretly record conversations between the President and Comey, and</li> <li> any contemporaneous account of meetings between such individuals.</li></ul>]]></text>
          <versionCode>00</versionCode>
          <updateDate>2017-07-14T04:00:00Z</updateDate>
          <actionDate>2017-07-14</actionDate>
          <actionDesc>Introduced in House</actionDesc>
          <name>Introduced in House</name>
          <lastSummaryUpdateDate>2017-11-01T18:36:27Z</lastSummaryUpdateDate>
        </item>
        <item>
          <text><![CDATA[<p>Requests the President and directs the Department of Justice (DOJ) to transmit to the House of Representatives copies of any document or communication in their possession that refers or relates to the firing of the former Federal Bureau of Investigation (FBI) Director James B. Comey in the following respects:</p> <ul> <li>then-Attorney General Loretta Lynch directing Comey to refer to the investigation into the handling of classified data and use of an unauthorized email server by former Secretary of State Hillary Clinton as a matter, rather than a criminal investigation;</li> <li> Comey's leaks to Columbia University law professor Daniel Richman regarding conversations between Lynch and President Trump and how the leaked information was released to lead to the appointment of special counsel Robert Mueller;</li> <li>the propriety and consequence of immunity deals given to Cheryl Mills, Heather Samuelson, John Bentel, and potentially others by the FBI during the criminal investigation into Clinton's conduct;</li> <li> Comey's decision to usurp Lynch's authority in announcing that criminal charges would not be brought against Clinton regarding her use of a private email server and handling of classified information;</li> <li> Comey's knowledge and impressions of any ex-parte conversation between Lynch and former President Bill Clinton on June 27, 2016, at a Phoenix airport on a private jet;</li> <li> Comey's knowledge of the company Fusion GPS and its creation of a dossier on Donald Trump;</li> <li>any potential leaks by Comey to author Michael Schmidt dating back to 1993;</li> <li> Comey's knowledge of the purchase of a majority stake in Uranium One by Rosatom;</li> <li> Comey's refusal to investigate Hillary Clinton regarding selling access to the Department of State through Clinton Foundation donations, Huma Abedin's dual employment at such entities simultaneously, or utilization of the State Department to further paid speaking opportunities for her husband;</li> <li>any collusion between Comey and Robert Mueller; </li> <li>whether Comey had any knowledge of efforts made by any federal agency to monitor communications of then-candidate Donald Trump, to assess Comey's knowledge about the unmasking of individuals on Donald Trump's campaign team, transition team, or both, to assess the role that former National Security Adviser Susan Rice played in the unmasking of such individuals, or to reveal the purpose served by unmasking any individuals serving on the staff of Donald Trump; and</li> <li>whether Comey had any knowledge of the dissemination of unredacted information to various intelligence agencies and of any attempts to use surveillance of Donald Trump to damage the credibility of his campaign, presidency, or both.</li> </ul>]]></text>
          <versionCode>17</versionCode>
          <updateDate>2017-09-08T11:40:32Z</updateDate>
          <actionDate>2017-09-08</actionDate>
          <actionDesc>Reported to House with amendment(s)</actionDesc>
          <name>Reported to House with amendment(s)</name>
          <lastSummaryUpdateDate>2017-10-31T19:22:57Z</lastSummaryUpdateDate>
        </item>
      </billSummaries>
    </summaries>
    <title>Of inquiry requesting the President and directing the Attorney General to transmit, respectively, certain documents to the House of Representatives relating to the removal of former Federal Bureau of Investigation Director James Comey.</title>
    <latestAction>
      <actionDate>2017-09-08</actionDate>
      <text>Placed on the House Calendar, Calendar No. 82.</text>
      <links />
    </latestAction>
    <sponsors>
      <item>
        <byRequestType />
        <party>D</party>
        <middleName />
        <lastName>Jayapal</lastName>
        <district>7</district>
        <bioguideId>J000298</bioguideId>
        <fullName>Rep. Jayapal, Pramila [D-WA-7]</fullName>
        <firstName>Pramila</firstName>
        <identifiers>
          <bioguideId>J000298</bioguideId>
          <gpoId />
          <lisID>2354</lisID>
        </identifiers>
        <state>WA</state>
      </item>
    </sponsors>
  </bill>
  <dublinCore xmlns:dc="http://purl.org/dc/elements/1.1/">
    <dc:format>text/xml</dc:format>
    <dc:language>EN</dc:language>
    <dc:rights>Pursuant to Title 17 Section 105 of the United States Code, this file is not subject to copyright protection and is in the public domain.</dc:rights>
    <dc:contributor>Congressional Research Service, Library of Congress</dc:contributor>
    <dc:description>This file contains bill summaries and statuses for federal legislation. A bill summary describes the most significant provisions of a piece of legislation and details the effects the legislative text may have on current law and federal programs. Bill summaries are authored by the Congressional Research Service (CRS) of the Library of Congress. As stated in Public Law 91-510 (2 USC 166 (d)(6)), one of the duties of CRS is "to prepare summaries and digests of bills and resolutions of a public general nature introduced in the Senate or House of Representatives". For more information, refer to the User Guide that accompanies this file.</dc:description>
  </dublinCore>
</billStatus>

