<?xml version="1.0" encoding="UTF-8"?>
<billStatus>
  <bill>
    <titles>
      <item>
        <parentTitleType />
        <chamberCode />
        <chamberName />
        <titleType>Official Title as Introduced</titleType>
        <title>Expressing the sense of the House of Representatives with respect to polio.</title>
      </item>
      <item>
        <parentTitleType />
        <chamberCode />
        <chamberName />
        <titleType>Display Title</titleType>
        <title>Expressing the sense of the House of Representatives with respect to polio.</title>
      </item>
    </titles>
    <committeeReports />
    <sponsors>
      <item>
        <firstName>Joe</firstName>
        <middleName />
        <identifiers>
          <lisID>1688</lisID>
          <gpoId>8142</gpoId>
          <bioguideId>W000795</bioguideId>
        </identifiers>
        <party>R</party>
        <bioguideId>W000795</bioguideId>
        <lastName>Wilson</lastName>
        <fullName>Rep. Wilson, Joe [R-SC-2]</fullName>
        <byRequestType />
        <district>2</district>
        <state>SC</state>
      </item>
    </sponsors>
    <title>Expressing the sense of the House of Representatives with respect to polio.</title>
    <actions>
      <item>
        <actionDate>2017-03-03</actionDate>
        <committee>
          <systemCode>hsif14</systemCode>
          <name>Health Subcommittee</name>
        </committee>
        <links />
        <sourceSystem>
          <code>1</code>
          <name>House committee actions</name>
        </sourceSystem>
        <text>Referred to the Subcommittee on Health.</text>
        <type>Committee</type>
      </item>
      <item>
        <committee>
          <systemCode>hsba00</systemCode>
          <name>Financial Services Committee</name>
        </committee>
        <sourceSystem>
          <code>2</code>
          <name>House floor actions</name>
        </sourceSystem>
        <actionDate>2017-03-02</actionDate>
        <text>Referred to House Financial Services</text>
        <links />
        <type>IntroReferral</type>
        <actionCode>H11100</actionCode>
      </item>
      <item>
        <committee>
          <systemCode>hsfa00</systemCode>
          <name>Foreign Affairs Committee</name>
        </committee>
        <sourceSystem>
          <code>2</code>
          <name>House floor actions</name>
        </sourceSystem>
        <actionDate>2017-03-02</actionDate>
        <text>Referred to House Foreign Affairs</text>
        <links />
        <type>IntroReferral</type>
        <actionCode>H11100</actionCode>
      </item>
      <item>
        <committee>
          <systemCode>hsif00</systemCode>
          <name>Energy and Commerce Committee</name>
        </committee>
        <sourceSystem>
          <code>2</code>
          <name>House floor actions</name>
        </sourceSystem>
        <actionDate>2017-03-02</actionDate>
        <text>Referred to House Energy and Commerce</text>
        <links />
        <type>IntroReferral</type>
        <actionCode>H11100</actionCode>
      </item>
      <item>
        <committee />
        <sourceSystem>
          <code>9</code>
          <name>Library of Congress</name>
        </sourceSystem>
        <actionDate>2017-03-02</actionDate>
        <text>Referred to the Committee on Energy and Commerce, and in addition to the Committees on Foreign Affairs, and Financial Services, for a period to be subsequently determined by the Speaker, in each case for consideration of such provisions as fall within the jurisdiction of the committee concerned.</text>
        <links />
        <type>IntroReferral</type>
        <actionCode>H11100-A</actionCode>
      </item>
      <item>
        <committee />
        <sourceSystem>
          <code>9</code>
          <name>Library of Congress</name>
        </sourceSystem>
        <actionDate>2017-03-02</actionDate>
        <text>Introduced in House</text>
        <links />
        <type>IntroReferral</type>
        <actionCode>Intro-H</actionCode>
      </item>
      <item>
        <committee />
        <sourceSystem>
          <code>9</code>
          <name>Library of Congress</name>
        </sourceSystem>
        <actionDate>2017-03-02</actionDate>
        <text>Introduced in House</text>
        <links />
        <type>IntroReferral</type>
        <actionCode>1000</actionCode>
      </item>
      <actionByCounts>
        <houseOfRepresentatives>7</houseOfRepresentatives>
      </actionByCounts>
      <actionTypeCounts>
        <billReferrals>3</billReferrals>
        <placeholderTextForH>1</placeholderTextForH>
        <introducedInTheHouse>1</introducedInTheHouse>
        <introducedInHouse>1</introducedInHouse>
        <billReferralsAggregate>1</billReferralsAggregate>
      </actionTypeCounts>
    </actions>
    <summaries>
      <billSummaries>
        <item>
          <text><![CDATA[<p> Expresses serious concern about the public health threat posed by polio.</p> <p>Implores various entities to act with haste and dedication to eradicate polio by 2018.</p> <p>Calls upon the executive branch to provide the necessary resources to end the scourge of polio, including closely monitoring laboratory stocks of the polio virus.</p>]]></text>
          <name>Introduced in House</name>
          <lastSummaryUpdateDate>2017-06-14T15:25:06Z</lastSummaryUpdateDate>
          <versionCode>00</versionCode>
          <actionDesc>Introduced in House</actionDesc>
          <updateDate>2017-03-02T05:00:00Z</updateDate>
          <actionDate>2017-03-02</actionDate>
        </item>
      </billSummaries>
    </summaries>
    <constitutionalAuthorityStatementText />
    <billNumber>165</billNumber>
    <calendarNumbers />
    <originChamber>House</originChamber>
    <version>1.0.0</version>
    <subjects>
      <billSubjects>
        <policyArea>
          <name>Health</name>
        </policyArea>
        <legislativeSubjects>
          <item>
            <name>Health promotion and preventive care</name>
          </item>
          <item>
            <name>Infectious and parasitic diseases</name>
          </item>
          <item>
            <name>Neurological disorders</name>
          </item>
          <item>
            <name>World health</name>
          </item>
        </legislativeSubjects>
      </billSubjects>
    </subjects>
    <cosponsors>
      <item>
        <isOriginalCosponsor>False</isOriginalCosponsor>
        <firstName>Raul</firstName>
        <party>D</party>
        <sponsorshipDate>2017-03-07</sponsorshipDate>
        <lastName>Grijalva</lastName>
        <bioguideId>G000551</bioguideId>
        <middleName>M.</middleName>
        <identifiers>
          <bioguideId>G000551</bioguideId>
          <gpoId>7804</gpoId>
          <lisID>1708</lisID>
        </identifiers>
        <fullName>Rep. Grijalva, Raul M. [D-AZ-3]</fullName>
        <state>AZ</state>
        <district>3</district>
        <sponsorshipWithdrawnDate />
      </item>
      <item>
        <isOriginalCosponsor>False</isOriginalCosponsor>
        <firstName>LUCILLE</firstName>
        <party>D</party>
        <sponsorshipDate>2017-04-27</sponsorshipDate>
        <lastName>ROYBAL-ALLARD</lastName>
        <bioguideId>R000486</bioguideId>
        <middleName />
        <identifiers>
          <lisID>997</lisID>
          <bioguideId>R000486</bioguideId>
          <gpoId>7839</gpoId>
        </identifiers>
        <fullName>Rep. Roybal-Allard, Lucille [D-CA-40]</fullName>
        <state>CA</state>
        <district>40</district>
        <sponsorshipWithdrawnDate />
      </item>
      <item>
        <isOriginalCosponsor>False</isOriginalCosponsor>
        <firstName>Pramila</firstName>
        <party>D</party>
        <sponsorshipDate>2017-04-27</sponsorshipDate>
        <lastName>Jayapal</lastName>
        <bioguideId>J000298</bioguideId>
        <middleName />
        <identifiers>
          <lisID>2354</lisID>
          <bioguideId>J000298</bioguideId>
          <gpoId />
        </identifiers>
        <fullName>Rep. Jayapal, Pramila [D-WA-7]</fullName>
        <state>WA</state>
        <district>7</district>
        <sponsorshipWithdrawnDate />
      </item>
      <item>
        <isOriginalCosponsor>False</isOriginalCosponsor>
        <firstName>Roger</firstName>
        <party>R</party>
        <sponsorshipDate>2017-05-01</sponsorshipDate>
        <lastName>Marshall</lastName>
        <bioguideId>M001198</bioguideId>
        <middleName>W.</middleName>
        <identifiers>
          <lisID>2328</lisID>
          <bioguideId>M001198</bioguideId>
          <gpoId />
        </identifiers>
        <fullName>Rep. Marshall, Roger W. [R-KS-1]</fullName>
        <state>KS</state>
        <district>1</district>
        <sponsorshipWithdrawnDate />
      </item>
      <item>
        <isOriginalCosponsor>False</isOriginalCosponsor>
        <firstName>Chellie</firstName>
        <party>D</party>
        <sponsorshipDate>2017-05-17</sponsorshipDate>
        <lastName>Pingree</lastName>
        <bioguideId>P000597</bioguideId>
        <middleName />
        <identifiers>
          <lisID>1927</lisID>
          <gpoId>7984</gpoId>
          <bioguideId>P000597</bioguideId>
        </identifiers>
        <fullName>Rep. Pingree, Chellie [D-ME-1]</fullName>
        <state>ME</state>
        <district>1</district>
        <sponsorshipWithdrawnDate />
      </item>
    </cosponsors>
    <latestAction>
      <text>Referred to the Subcommittee on Health.</text>
      <links />
      <actionDate>2017-03-03</actionDate>
    </latestAction>
    <laws />
    <notes />
    <createDate>2017-03-03T05:11:22Z</createDate>
    <billType>HRES</billType>
    <updateDate>2018-02-06T16:39:37Z</updateDate>
    <relatedBills />
    <cboCostEstimates />
    <introducedDate>2017-03-02</introducedDate>
    <amendments />
    <policyArea>
      <name>Health</name>
    </policyArea>
    <recordedVotes />
    <congress>115</congress>
    <committees>
      <billCommittees>
        <item>
          <chamber>House</chamber>
          <name>Energy and Commerce Committee</name>
          <systemCode>hsif00</systemCode>
          <type>Standing</type>
          <subcommittees>
            <item>
              <systemCode>hsif14</systemCode>
              <name>Health Subcommittee</name>
              <activities>
                <item>
                  <name>Referred to</name>
                  <date>2017-03-03T18:49:37Z</date>
                </item>
              </activities>
            </item>
          </subcommittees>
          <activities>
            <item>
              <name>Referred to</name>
              <date>2017-03-02T14:02:10Z</date>
            </item>
          </activities>
        </item>
        <item>
          <chamber>House</chamber>
          <name>Financial Services Committee</name>
          <systemCode>hsba00</systemCode>
          <type>Standing</type>
          <subcommittees />
          <activities>
            <item>
              <name>Referred to</name>
              <date>2017-03-02T14:02:20Z</date>
            </item>
          </activities>
        </item>
        <item>
          <chamber>House</chamber>
          <name>Foreign Affairs Committee</name>
          <systemCode>hsfa00</systemCode>
          <type>Standing</type>
          <subcommittees />
          <activities>
            <item>
              <name>Referred to</name>
              <date>2017-03-02T14:02:15Z</date>
            </item>
          </activities>
        </item>
      </billCommittees>
    </committees>
  </bill>
  <dublinCore xmlns:dc="http://purl.org/dc/elements/1.1/">
    <dc:format>text/xml</dc:format>
    <dc:language>EN</dc:language>
    <dc:rights>Pursuant to Title 17 Section 105 of the United States Code, this file is not subject to copyright protection and is in the public domain.</dc:rights>
    <dc:contributor>Congressional Research Service, Library of Congress</dc:contributor>
    <dc:description>This file contains bill summaries and statuses for federal legislation. A bill summary describes the most significant provisions of a piece of legislation and details the effects the legislative text may have on current law and federal programs. Bill summaries are authored by the Congressional Research Service (CRS) of the Library of Congress. As stated in Public Law 91-510 (2 USC 166 (d)(6)), one of the duties of CRS is "to prepare summaries and digests of bills and resolutions of a public general nature introduced in the Senate or House of Representatives". For more information, refer to the User Guide that accompanies this file.</dc:description>
  </dublinCore>
</billStatus>

