<?xml version="1.0" encoding="UTF-8"?>
<billStatus>
  <bill>
    <calendarNumbers />
    <constitutionalAuthorityStatementText />
    <congress>115</congress>
    <titles>
      <item>
        <title>Expressing support for the designation of May 25 as "National Moonshot Day" and recognizing the importance of conquering scientific challenges from medicine to space and beyond.</title>
        <titleType>Official Title as Introduced</titleType>
        <parentTitleType />
        <chamberCode />
        <chamberName />
      </item>
      <item>
        <title>Expressing support for the designation of May 25 as "National Moonshot Day" and recognizing the importance of conquering scientific challenges from medicine to space and beyond.</title>
        <titleType>Display Title</titleType>
        <parentTitleType />
        <chamberCode />
        <chamberName />
      </item>
    </titles>
    <introducedDate>2017-05-25</introducedDate>
    <latestAction>
      <actionDate>2017-05-25</actionDate>
      <text>Referred to the House Committee on Education and the Workforce.</text>
      <links />
    </latestAction>
    <title>Expressing support for the designation of May 25 as "National Moonshot Day" and recognizing the importance of conquering scientific challenges from medicine to space and beyond.</title>
    <subjects>
      <billSubjects>
        <policyArea>
          <name>Education</name>
        </policyArea>
        <legislativeSubjects>
          <item>
            <name>Commemorative events and holidays</name>
          </item>
          <item>
            <name>Elementary and secondary education</name>
          </item>
          <item>
            <name>Science and engineering education</name>
          </item>
          <item>
            <name>Teaching, teachers, curricula</name>
          </item>
        </legislativeSubjects>
      </billSubjects>
    </subjects>
    <relatedBills />
    <updateDate>2018-02-06T16:39:48Z</updateDate>
    <committeeReports />
    <notes />
    <recordedVotes />
    <amendments />
    <billType>HRES</billType>
    <committees>
      <billCommittees>
        <item>
          <chamber>House</chamber>
          <name>Education and the Workforce Committee</name>
          <systemCode>hsed00</systemCode>
          <activities>
            <item>
              <date>2017-05-25T13:05:40Z</date>
              <name>Referred to</name>
            </item>
          </activities>
          <type>Standing</type>
          <subcommittees />
        </item>
      </billCommittees>
    </committees>
    <cboCostEstimates />
    <billNumber>358</billNumber>
    <policyArea>
      <name>Education</name>
    </policyArea>
    <version>1.0.0</version>
    <createDate>2017-05-26T03:11:37Z</createDate>
    <originChamber>House</originChamber>
    <actions>
      <actionByCounts>
        <houseOfRepresentatives>3</houseOfRepresentatives>
      </actionByCounts>
      <item>
        <text>Referred to the House Committee on Education and the Workforce.</text>
        <type>IntroReferral</type>
        <sourceSystem>
          <name>House floor actions</name>
          <code>2</code>
        </sourceSystem>
        <committee>
          <name>Education and the Workforce Committee</name>
          <systemCode>hsed00</systemCode>
        </committee>
        <actionCode>H11100</actionCode>
        <actionDate>2017-05-25</actionDate>
        <links />
      </item>
      <item>
        <text>Introduced in House</text>
        <type>IntroReferral</type>
        <sourceSystem>
          <name>Library of Congress</name>
          <code>9</code>
        </sourceSystem>
        <committee />
        <actionCode>Intro-H</actionCode>
        <actionDate>2017-05-25</actionDate>
        <links />
      </item>
      <item>
        <text>Introduced in House</text>
        <type>IntroReferral</type>
        <sourceSystem>
          <name>Library of Congress</name>
          <code>9</code>
        </sourceSystem>
        <committee />
        <actionCode>1000</actionCode>
        <actionDate>2017-05-25</actionDate>
        <links />
      </item>
      <actionTypeCounts>
        <introducedInHouse>1</introducedInHouse>
        <billReferrals>1</billReferrals>
        <introducedInTheHouse>1</introducedInTheHouse>
      </actionTypeCounts>
    </actions>
    <sponsors>
      <item>
        <party>D</party>
        <bioguideId>D000610</bioguideId>
        <district>22</district>
        <firstName>Theodore</firstName>
        <middleName>E.</middleName>
        <state>FL</state>
        <fullName>Rep. Deutch, Theodore E. [D-FL-22]</fullName>
        <identifiers>
          <lisID>1976</lisID>
          <bioguideId>D000610</bioguideId>
          <gpoId>7891</gpoId>
        </identifiers>
        <lastName>Deutch</lastName>
        <byRequestType />
      </item>
    </sponsors>
    <summaries>
      <billSummaries>
        <item>
          <text><![CDATA[<p>Expresses support for the designation of National Moonshot Day.</p> <p>Recognizes the importance of science, technology, engineering, and mathematics education&nbsp;in inspiring future Moonshot projects.</p>Encourages parents and educators to inspire children to make direct connections between their classwork and potential solutions to the most pressing problems.]]></text>
          <actionDate>2017-05-25</actionDate>
          <updateDate>2017-05-25T04:00:00Z</updateDate>
          <lastSummaryUpdateDate>2017-06-14T15:28:26Z</lastSummaryUpdateDate>
          <name>Introduced in House</name>
          <actionDesc>Introduced in House</actionDesc>
          <versionCode>00</versionCode>
        </item>
      </billSummaries>
    </summaries>
    <laws />
    <cosponsors>
      <item>
        <isOriginalCosponsor>True</isOriginalCosponsor>
        <firstName>Judy</firstName>
        <party>D</party>
        <sponsorshipDate>2017-05-25</sponsorshipDate>
        <lastName>Chu</lastName>
        <bioguideId>C001080</bioguideId>
        <middleName />
        <identifiers>
          <gpoId>7837</gpoId>
          <lisID>1970</lisID>
          <bioguideId>C001080</bioguideId>
        </identifiers>
        <fullName>Rep. Chu, Judy [D-CA-27]</fullName>
        <state>CA</state>
        <district>27</district>
        <sponsorshipWithdrawnDate />
      </item>
      <item>
        <isOriginalCosponsor>True</isOriginalCosponsor>
        <firstName>Charlie</firstName>
        <party>D</party>
        <sponsorshipDate>2017-05-25</sponsorshipDate>
        <lastName>Crist</lastName>
        <bioguideId>C001111</bioguideId>
        <middleName />
        <identifiers>
          <lisID>2321</lisID>
          <bioguideId>C001111</bioguideId>
          <gpoId />
        </identifiers>
        <fullName>Rep. Crist, Charlie [D-FL-13]</fullName>
        <state>FL</state>
        <district>13</district>
        <sponsorshipWithdrawnDate />
      </item>
      <item>
        <isOriginalCosponsor>True</isOriginalCosponsor>
        <firstName>Bill</firstName>
        <party>R</party>
        <sponsorshipDate>2017-05-25</sponsorshipDate>
        <lastName>Posey</lastName>
        <bioguideId>P000599</bioguideId>
        <middleName />
        <identifiers>
          <lisID>1915</lisID>
          <gpoId>7887</gpoId>
          <bioguideId>P000599</bioguideId>
        </identifiers>
        <fullName>Rep. Posey, Bill [R-FL-8]</fullName>
        <state>FL</state>
        <district>8</district>
        <sponsorshipWithdrawnDate />
      </item>
      <item>
        <isOriginalCosponsor>True</isOriginalCosponsor>
        <firstName>Derek</firstName>
        <party>D</party>
        <sponsorshipDate>2017-05-25</sponsorshipDate>
        <lastName>Kilmer</lastName>
        <bioguideId>K000381</bioguideId>
        <middleName />
        <identifiers>
          <lisID>2169</lisID>
          <bioguideId>K000381</bioguideId>
          <gpoId />
        </identifiers>
        <fullName>Rep. Kilmer, Derek [D-WA-6]</fullName>
        <state>WA</state>
        <district>6</district>
        <sponsorshipWithdrawnDate />
      </item>
      <item>
        <isOriginalCosponsor>True</isOriginalCosponsor>
        <firstName>Ed</firstName>
        <party>D</party>
        <sponsorshipDate>2017-05-25</sponsorshipDate>
        <lastName>Perlmutter</lastName>
        <bioguideId>P000593</bioguideId>
        <middleName />
        <identifiers>
          <gpoId>7865</gpoId>
          <lisID>1835</lisID>
          <bioguideId>P000593</bioguideId>
        </identifiers>
        <fullName>Rep. Perlmutter, Ed [D-CO-7]</fullName>
        <state>CO</state>
        <district>7</district>
        <sponsorshipWithdrawnDate />
      </item>
      <item>
        <isOriginalCosponsor>True</isOriginalCosponsor>
        <firstName>Joseph</firstName>
        <party>D</party>
        <sponsorshipDate>2017-05-25</sponsorshipDate>
        <lastName>Kennedy</lastName>
        <bioguideId>K000379</bioguideId>
        <middleName>P.</middleName>
        <identifiers>
          <bioguideId>K000379</bioguideId>
          <gpoId />
          <lisID>2172</lisID>
        </identifiers>
        <fullName>Rep. Kennedy, Joseph P., III [D-MA-4]</fullName>
        <state>MA</state>
        <district>4</district>
        <sponsorshipWithdrawnDate />
      </item>
    </cosponsors>
  </bill>
  <dublinCore xmlns:dc="http://purl.org/dc/elements/1.1/">
    <dc:format>text/xml</dc:format>
    <dc:language>EN</dc:language>
    <dc:rights>Pursuant to Title 17 Section 105 of the United States Code, this file is not subject to copyright protection and is in the public domain.</dc:rights>
    <dc:contributor>Congressional Research Service, Library of Congress</dc:contributor>
    <dc:description>This file contains bill summaries and statuses for federal legislation. A bill summary describes the most significant provisions of a piece of legislation and details the effects the legislative text may have on current law and federal programs. Bill summaries are authored by the Congressional Research Service (CRS) of the Library of Congress. As stated in Public Law 91-510 (2 USC 166 (d)(6)), one of the duties of CRS is "to prepare summaries and digests of bills and resolutions of a public general nature introduced in the Senate or House of Representatives". For more information, refer to the User Guide that accompanies this file.</dc:description>
  </dublinCore>
</billStatus>

