<?xml version="1.0" encoding="UTF-8"?>
<billStatus>
  <bill>
    <createDate>2017-04-04T03:11:44Z</createDate>
    <billNumber>240</billNumber>
    <originChamber>House</originChamber>
    <cosponsors />
    <constitutionalAuthorityStatementText />
    <version>1.0.0</version>
    <laws />
    <sponsors>
      <item>
        <fullName>Rep. Buck, Ken [R-CO-4]</fullName>
        <party>R</party>
        <bioguideId>B001297</bioguideId>
        <lastName>Buck</lastName>
        <middleName />
        <identifiers>
          <bioguideId>B001297</bioguideId>
          <gpoId />
          <lisID>2233</lisID>
        </identifiers>
        <firstName>Ken</firstName>
        <state>CO</state>
        <byRequestType />
        <district>4</district>
      </item>
    </sponsors>
    <committeeReports>
      <committeeReport>
        <citation>H. Rept. 115-75</citation>
      </committeeReport>
    </committeeReports>
    <notes />
    <summaries>
      <billSummaries>
        <item>
          <actionDate>2017-04-03</actionDate>
          <versionCode>00</versionCode>
          <text><![CDATA[Sets forth the rule for consideration of the bill (H.R. 1343) to direct the Securities and Exchange Commission to revise its rules so as to increase the threshold amount for requiring issuers to provide certain disclosures relating to compensatory benefit plans.]]></text>
          <name>Introduced in House</name>
          <actionDesc>Introduced in House</actionDesc>
          <lastSummaryUpdateDate>2017-04-04T08:04:06Z</lastSummaryUpdateDate>
          <updateDate>2017-04-03T04:00:00Z</updateDate>
        </item>
      </billSummaries>
    </summaries>
    <introducedDate>2017-04-03</introducedDate>
    <cboCostEstimates />
    <relatedBills>
      <item>
        <latestTitle>Encouraging Employee Ownership Act of 2017</latestTitle>
        <type>HR</type>
        <relationshipDetails>
          <item>
            <type>Procedurally-related</type>
            <identifiedBy>House</identifiedBy>
          </item>
        </relationshipDetails>
        <latestAction>
          <text>Received in the Senate and Read twice and referred to the Committee on Banking, Housing, and Urban Affairs.</text>
          <actionDate>2017-04-05</actionDate>
        </latestAction>
        <congress>115</congress>
        <number>1343</number>
      </item>
    </relatedBills>
    <committees>
      <billCommittees>
        <item>
          <systemCode>hsru00</systemCode>
          <chamber>House</chamber>
          <type>Standing</type>
          <name>Rules Committee</name>
          <subcommittees />
          <activities>
            <item>
              <date>2017-04-03T22:41:19Z</date>
              <name>Reported original measure</name>
            </item>
          </activities>
        </item>
      </billCommittees>
    </committees>
    <subjects>
      <billSubjects>
        <policyArea>
          <name>Congress</name>
        </policyArea>
        <legislativeSubjects>
          <item>
            <name>House of Representatives</name>
          </item>
          <item>
            <name>Legislative rules and procedure</name>
          </item>
        </legislativeSubjects>
      </billSubjects>
    </subjects>
    <policyArea>
      <name>Congress</name>
    </policyArea>
    <recordedVotes>
      <recordedVote>
        <date>2017-04-04T18:31:30Z</date>
        <fullActionName>Passage of a Measure</fullActionName>
        <rollNumber>214</rollNumber>
        <url>http://clerk.house.gov/evs/2017/roll214.xml</url>
        <congress>115</congress>
        <chamber>House</chamber>
        <sessionNumber>1</sessionNumber>
      </recordedVote>
      <recordedVote>
        <date>2017-04-04T18:22:38Z</date>
        <fullActionName>Motion for Previous Question</fullActionName>
        <rollNumber>213</rollNumber>
        <url>http://clerk.house.gov/evs/2017/roll213.xml</url>
        <congress>115</congress>
        <chamber>House</chamber>
        <sessionNumber>1</sessionNumber>
      </recordedVote>
    </recordedVotes>
    <latestAction>
      <actionDate>2017-04-04</actionDate>
      <text>Motion to reconsider laid on the table Agreed to without objection.</text>
      <links />
      <actionTime>14:31:32</actionTime>
    </latestAction>
    <titles>
      <item>
        <chamberName />
        <title>Providing for consideration of the bill (H.R. 1343) to direct the Securities and Exchange Commission to revise its rules so as to increase the threshold amount for requiring issuers to provide certain disclosures relating to compensatory benefit plans.</title>
        <titleType>Official Title as Introduced</titleType>
        <chamberCode />
        <parentTitleType />
      </item>
      <item>
        <chamberName />
        <title>Providing for consideration of the bill (H.R. 1343) to direct the Securities and Exchange Commission to revise its rules so as to increase the threshold amount for requiring issuers to provide certain disclosures relating to compensatory benefit plans.</title>
        <titleType>Display Title</titleType>
        <chamberCode />
        <parentTitleType />
      </item>
    </titles>
    <amendments />
    <billType>HRES</billType>
    <calendarNumbers>
      <item>
        <calendar>H00032</calendar>
        <number />
      </item>
    </calendarNumbers>
    <title>Providing for consideration of the bill (H.R. 1343) to direct the Securities and Exchange Commission to revise its rules so as to increase the threshold amount for requiring issuers to provide certain disclosures relating to compensatory benefit plans.</title>
    <congress>115</congress>
    <updateDate>2018-02-22T15:26:50Z</updateDate>
    <actions>
      <actionByCounts>
        <houseOfRepresentatives>13</houseOfRepresentatives>
      </actionByCounts>
      <item>
        <committee />
        <links />
        <text>Motion to reconsider laid on the table Agreed to without objection.</text>
        <actionDate>2017-04-04</actionDate>
        <actionTime>14:31:32</actionTime>
        <actionCode>H38310</actionCode>
        <sourceSystem>
          <code>2</code>
          <name>House floor actions</name>
        </sourceSystem>
        <type>Floor</type>
      </item>
      <item>
        <committee />
        <links>
          <link>
            <name>H2641</name>
            <url>https://www.congress.gov/congressional-record/volume-163/house-section/page/H2641</url>
          </link>
          <link>
            <name>Roll no. 214</name>
            <url>http://clerk.house.gov/evs/2017/roll214.xml</url>
          </link>
        </links>
        <text>On agreeing to the resolution Agreed to by recorded vote: 238 - 177 (Roll no. 214). (text: CR H2641)</text>
        <actionDate>2017-04-04</actionDate>
        <actionTime>14:31:30</actionTime>
        <actionCode>H37100</actionCode>
        <sourceSystem>
          <code>2</code>
          <name>House floor actions</name>
        </sourceSystem>
        <type>Floor</type>
      </item>
      <item>
        <committee />
        <links>
          <link>
            <name>H2641</name>
            <url>https://www.congress.gov/congressional-record/volume-163/house-section/page/H2641</url>
          </link>
          <link>
            <name>Roll no. 214</name>
            <url>http://clerk.house.gov/evs/2017/roll214.xml</url>
          </link>
        </links>
        <text>Passed/agreed to in House: On agreeing to the resolution Agreed to by recorded vote: 238 - 177 (Roll no. 214).(text: CR H2641)</text>
        <actionDate>2017-04-04</actionDate>
        <actionTime>14:31:30</actionTime>
        <actionCode>8000</actionCode>
        <sourceSystem>
          <code>9</code>
          <name>Library of Congress</name>
        </sourceSystem>
        <type>Floor</type>
      </item>
      <item>
        <committee />
        <links>
          <link>
            <name>H2652</name>
            <url>https://www.congress.gov/congressional-record/volume-163/house-section/page/H2652</url>
          </link>
          <link>
            <name>Roll no. 213</name>
            <url>http://clerk.house.gov/evs/2017/roll213.xml</url>
          </link>
        </links>
        <text>On ordering the previous question Agreed to by the Yeas and Nays: 229 - 187 (Roll no. 213). (consideration: CR H2652)</text>
        <actionDate>2017-04-04</actionDate>
        <actionTime>14:22:38</actionTime>
        <actionCode>H35000</actionCode>
        <sourceSystem>
          <code>2</code>
          <name>House floor actions</name>
        </sourceSystem>
        <type>Floor</type>
      </item>
      <item>
        <committee />
        <links>
          <link>
            <name>H2652-2653</name>
            <url>https://www.congress.gov/congressional-record/volume-163/house-section/page/H2652-2653</url>
          </link>
        </links>
        <text>Considered as unfinished business. (consideration: CR H2652-2653)</text>
        <actionDate>2017-04-04</actionDate>
        <actionTime>14:15:01</actionTime>
        <actionCode>H30000</actionCode>
        <sourceSystem>
          <code>2</code>
          <name>House floor actions</name>
        </sourceSystem>
        <type>Floor</type>
      </item>
      <item>
        <committee />
        <links>
          <link>
            <name>H. Res. 240</name>
            <url>https://www.congress.gov/bill/115th-congress/house-resolution/240</url>
          </link>
        </links>
        <text>POSTPONED PROCEEDINGS - At the conclusion of debate on H. Res. 240, the Chair put the question on ordering the previous question and by voice vote announced that the ayes had prevailed. Mr. Polis (CO) demanded the yeas and nays, and the Chair postponed further proceedings on the question of ordering the previous question until later in the legislative day.</text>
        <actionDate>2017-04-04</actionDate>
        <actionTime>13:11:01</actionTime>
        <actionCode>H8D000</actionCode>
        <sourceSystem>
          <code>2</code>
          <name>House floor actions</name>
        </sourceSystem>
        <type>Floor</type>
      </item>
      <item>
        <committee />
        <links>
          <link>
            <name>H. Res. 240</name>
            <url>https://www.congress.gov/bill/115th-congress/house-resolution/240</url>
          </link>
        </links>
        <text>DEBATE - The House proceeded with one hour of debate on H. Res. 240.</text>
        <actionDate>2017-04-04</actionDate>
        <actionTime>12:28:41</actionTime>
        <actionCode>H8D000</actionCode>
        <sourceSystem>
          <code>2</code>
          <name>House floor actions</name>
        </sourceSystem>
        <type>Floor</type>
      </item>
      <item>
        <committee />
        <links>
          <link>
            <name>H2641-2647</name>
            <url>https://www.congress.gov/congressional-record/volume-163/house-section/page/H2641-2647</url>
          </link>
        </links>
        <text>Considered as privileged matter. (consideration: CR H2641-2647)</text>
        <actionDate>2017-04-04</actionDate>
        <actionTime>12:27:22</actionTime>
        <actionCode>H30000</actionCode>
        <sourceSystem>
          <code>2</code>
          <name>House floor actions</name>
        </sourceSystem>
        <type>Floor</type>
      </item>
      <item>
        <committee />
        <links />
        <text>Placed on the House Calendar, Calendar No. 32.</text>
        <actionDate>2017-04-03</actionDate>
        <type>Calendars</type>
        <actionCode>H12420</actionCode>
        <sourceSystem>
          <code>2</code>
          <name>House floor actions</name>
        </sourceSystem>
      </item>
      <item>
        <committee />
        <links>
          <link>
            <name>H.R. 1343</name>
            <url>https://www.congress.gov/bill/115th-congress/house-bill/1343</url>
          </link>
        </links>
        <text>Rule provides for consideration of H.R. 1343 with 1 hour of general debate. Motion to recommit with or without instructions allowed.</text>
        <actionDate>2017-04-03</actionDate>
        <actionTime>18:41:20</actionTime>
        <actionCode>H12700</actionCode>
        <sourceSystem>
          <code>2</code>
          <name>House floor actions</name>
        </sourceSystem>
        <type>Floor</type>
      </item>
      <item>
        <committee>
          <name>Rules Committee</name>
          <systemCode>hsru00</systemCode>
        </committee>
        <links>
          <link>
            <name>H. Rept. 115-75</name>
            <url>https://www.congress.gov/congressional-report/115th-congress/house-report/75</url>
          </link>
        </links>
        <text>The House Committee on Rules reported an original measure, H. Rept. 115-75, by Mr. Buck.</text>
        <actionDate>2017-04-03</actionDate>
        <type>Committee</type>
        <actionCode>H12100</actionCode>
        <sourceSystem>
          <code>2</code>
          <name>House floor actions</name>
        </sourceSystem>
      </item>
      <item>
        <committee>
          <name>Rules Committee</name>
          <systemCode>hsru00</systemCode>
        </committee>
        <links>
          <link>
            <name>H. Rept. 115-75</name>
            <url>https://www.congress.gov/congressional-report/115th-congress/house-report/75</url>
          </link>
        </links>
        <text>The House Committee on Rules reported an original measure, H. Rept. 115-75, by Mr. Buck.</text>
        <actionDate>2017-04-03</actionDate>
        <type>Committee</type>
        <actionCode>5000</actionCode>
        <sourceSystem>
          <code>9</code>
          <name>Library of Congress</name>
        </sourceSystem>
      </item>
      <item>
        <committee />
        <links />
        <text>Introduced in House</text>
        <actionDate>2017-04-03</actionDate>
        <type>IntroReferral</type>
        <actionCode>1000</actionCode>
        <sourceSystem>
          <code>9</code>
          <name>Library of Congress</name>
        </sourceSystem>
      </item>
      <actionTypeCounts>
        <motionToReconsiderResults>1</motionToReconsiderResults>
        <passedAgreedToInHouse>1</passedAgreedToInHouse>
        <motionForPreviousQuestion>1</motionForPreviousQuestion>
        <passageOfAMeasure>1</passageOfAMeasure>
        <generalDebate>2</generalDebate>
        <considerationByHouse>2</considerationByHouse>
        <introducedInHouse>1</introducedInHouse>
        <houseCalendarAssignment>1</houseCalendarAssignment>
        <provisionsOfARule>1</provisionsOfARule>
        <reportedToHouse>1</reportedToHouse>
        <committeeReportOfAnOriginalMeasure>1</committeeReportOfAnOriginalMeasure>
      </actionTypeCounts>
    </actions>
  </bill>
  <dublinCore xmlns:dc="http://purl.org/dc/elements/1.1/">
    <dc:format>text/xml</dc:format>
    <dc:language>EN</dc:language>
    <dc:rights>Pursuant to Title 17 Section 105 of the United States Code, this file is not subject to copyright protection and is in the public domain.</dc:rights>
    <dc:contributor>Congressional Research Service, Library of Congress</dc:contributor>
    <dc:description>This file contains bill summaries and statuses for federal legislation. A bill summary describes the most significant provisions of a piece of legislation and details the effects the legislative text may have on current law and federal programs. Bill summaries are authored by the Congressional Research Service (CRS) of the Library of Congress. As stated in Public Law 91-510 (2 USC 166 (d)(6)), one of the duties of CRS is "to prepare summaries and digests of bills and resolutions of a public general nature introduced in the Senate or House of Representatives". For more information, refer to the User Guide that accompanies this file.</dc:description>
  </dublinCore>
</billStatus>

