<?xml version="1.0" encoding="UTF-8"?>
<billStatus>
  <bill>
    <titles>
      <item>
        <chamberCode />
        <title>Recognizing the significance of the hundredth anniversary of the soda Cheerwine.</title>
        <titleType>Official Title as Introduced</titleType>
        <parentTitleType />
        <chamberName />
      </item>
      <item>
        <chamberCode />
        <title>Recognizing the significance of the hundredth anniversary of the soda Cheerwine.</title>
        <titleType>Display Title</titleType>
        <parentTitleType />
        <chamberName />
      </item>
    </titles>
    <committeeReports />
    <sponsors>
      <item>
        <firstName>Ted</firstName>
        <middleName />
        <identifiers>
          <lisID>2336</lisID>
          <gpoId />
          <bioguideId>B001305</bioguideId>
        </identifiers>
        <party>R</party>
        <bioguideId>B001305</bioguideId>
        <lastName>Budd</lastName>
        <fullName>Rep. Budd, Ted [R-NC-13]</fullName>
        <byRequestType />
        <district>13</district>
        <state>NC</state>
      </item>
    </sponsors>
    <title>Recognizing the significance of the hundredth anniversary of the soda Cheerwine.</title>
    <actions>
      <item>
        <actionDate>2017-05-19</actionDate>
        <committee>
          <systemCode>hsif17</systemCode>
          <name>Commerce, Manufacturing, and Trade Subcommittee</name>
        </committee>
        <links />
        <sourceSystem>
          <name>House committee actions</name>
          <code>1</code>
        </sourceSystem>
        <text>Referred to the Subcommittee on Digital Commerce and Consumer Protection.</text>
        <type>Committee</type>
      </item>
      <item>
        <links />
        <actionDate>2017-05-17</actionDate>
        <type>IntroReferral</type>
        <text>Referred to the House Committee on Energy and Commerce.</text>
        <actionCode>H11100</actionCode>
        <sourceSystem>
          <name>House floor actions</name>
          <code>2</code>
        </sourceSystem>
        <committee>
          <systemCode>hsif00</systemCode>
          <name>Energy and Commerce Committee</name>
        </committee>
      </item>
      <item>
        <links />
        <actionDate>2017-05-17</actionDate>
        <type>IntroReferral</type>
        <text>Introduced in House</text>
        <actionCode>Intro-H</actionCode>
        <sourceSystem>
          <name>Library of Congress</name>
          <code>9</code>
        </sourceSystem>
        <committee />
      </item>
      <item>
        <links />
        <actionDate>2017-05-17</actionDate>
        <type>IntroReferral</type>
        <text>Introduced in House</text>
        <actionCode>1000</actionCode>
        <sourceSystem>
          <name>Library of Congress</name>
          <code>9</code>
        </sourceSystem>
        <committee />
      </item>
      <actionByCounts>
        <houseOfRepresentatives>4</houseOfRepresentatives>
      </actionByCounts>
      <actionTypeCounts>
        <billReferrals>1</billReferrals>
        <placeholderTextForH>1</placeholderTextForH>
        <introducedInTheHouse>1</introducedInTheHouse>
        <introducedInHouse>1</introducedInHouse>
      </actionTypeCounts>
    </actions>
    <summaries>
      <billSummaries>
        <item>
          <text><![CDATA[<p>Recognizes the significance of the 100th anniversary of the soda Cheerwine and acknowledges its contribution to North Carolina's vibrant food culture and unique local character.</p>]]></text>
          <actionDate>2017-05-17</actionDate>
          <updateDate>2017-05-17T04:00:00Z</updateDate>
          <lastSummaryUpdateDate>2017-07-07T20:35:15Z</lastSummaryUpdateDate>
          <name>Introduced in House</name>
          <actionDesc>Introduced in House</actionDesc>
          <versionCode>00</versionCode>
        </item>
      </billSummaries>
    </summaries>
    <constitutionalAuthorityStatementText />
    <billNumber>329</billNumber>
    <calendarNumbers />
    <originChamber>House</originChamber>
    <version>1.0.0</version>
    <subjects>
      <billSubjects>
        <legislativeSubjects>
          <item>
            <name>Commemorative events and holidays</name>
          </item>
          <item>
            <name>Congressional tributes</name>
          </item>
          <item>
            <name>Food industry and services</name>
          </item>
          <item>
            <name>North Carolina</name>
          </item>
          <item>
            <name>Small business</name>
          </item>
        </legislativeSubjects>
        <policyArea>
          <name>Commerce</name>
        </policyArea>
      </billSubjects>
    </subjects>
    <cosponsors />
    <latestAction>
      <text>Referred to the Subcommittee on Digital Commerce and Consumer Protection.</text>
      <links />
      <actionDate>2017-05-19</actionDate>
    </latestAction>
    <laws />
    <notes />
    <createDate>2017-05-18T03:11:37Z</createDate>
    <billType>HRES</billType>
    <updateDate>2018-02-06T16:39:46Z</updateDate>
    <relatedBills />
    <cboCostEstimates />
    <introducedDate>2017-05-17</introducedDate>
    <amendments />
    <policyArea>
      <name>Commerce</name>
    </policyArea>
    <recordedVotes />
    <congress>115</congress>
    <committees>
      <billCommittees>
        <item>
          <systemCode>hsif00</systemCode>
          <chamber>House</chamber>
          <type>Standing</type>
          <activities>
            <item>
              <date>2017-05-17T14:04:00Z</date>
              <name>Referred to</name>
            </item>
          </activities>
          <name>Energy and Commerce Committee</name>
          <subcommittees>
            <item>
              <activities>
                <item>
                  <date>2017-05-19T13:12:35Z</date>
                  <name>Referred to</name>
                </item>
              </activities>
              <systemCode>hsif17</systemCode>
              <name>Commerce, Manufacturing, and Trade Subcommittee</name>
            </item>
          </subcommittees>
        </item>
      </billCommittees>
    </committees>
  </bill>
  <dublinCore xmlns:dc="http://purl.org/dc/elements/1.1/">
    <dc:format>text/xml</dc:format>
    <dc:language>EN</dc:language>
    <dc:rights>Pursuant to Title 17 Section 105 of the United States Code, this file is not subject to copyright protection and is in the public domain.</dc:rights>
    <dc:contributor>Congressional Research Service, Library of Congress</dc:contributor>
    <dc:description>This file contains bill summaries and statuses for federal legislation. A bill summary describes the most significant provisions of a piece of legislation and details the effects the legislative text may have on current law and federal programs. Bill summaries are authored by the Congressional Research Service (CRS) of the Library of Congress. As stated in Public Law 91-510 (2 USC 166 (d)(6)), one of the duties of CRS is "to prepare summaries and digests of bills and resolutions of a public general nature introduced in the Senate or House of Representatives". For more information, refer to the User Guide that accompanies this file.</dc:description>
  </dublinCore>
</billStatus>

