<?xml version="1.0" encoding="UTF-8"?>
<billStatus>
  <bill>
    <titles>
      <item>
        <chamberCode />
        <title>Expressing support for designation of the month of June 2017 as "National Post-Traumatic Stress Injury Awareness Month'' and June 27, 2017, as "National Post-Traumatic Stress Injury Awareness Day''.</title>
        <titleType>Official Title as Introduced</titleType>
        <parentTitleType />
        <chamberName />
      </item>
      <item>
        <chamberCode />
        <title>Expressing support for designation of the month of June 2017 as "National Post-Traumatic Stress Injury Awareness Month'' and June 27, 2017, as "National Post-Traumatic Stress Injury Awareness Day''.</title>
        <titleType>Display Title</titleType>
        <parentTitleType />
        <chamberName />
      </item>
    </titles>
    <committeeReports />
    <sponsors>
      <item>
        <firstName>Scott</firstName>
        <middleName>H.</middleName>
        <identifiers>
          <gpoId />
          <lisID>2113</lisID>
          <bioguideId>P000608</bioguideId>
        </identifiers>
        <party>D</party>
        <bioguideId>P000608</bioguideId>
        <lastName>Peters</lastName>
        <fullName>Rep. Peters, Scott H. [D-CA-52]</fullName>
        <byRequestType />
        <district>52</district>
        <state>CA</state>
      </item>
    </sponsors>
    <title>Expressing support for designation of the month of June 2017 as "National Post-Traumatic Stress Injury Awareness Month'' and June 27, 2017, as "National Post-Traumatic Stress Injury Awareness Day''.</title>
    <actions>
      <actionByCounts>
        <houseOfRepresentatives>7</houseOfRepresentatives>
      </actionByCounts>
      <actionTypeCounts>
        <introducedInTheHouse>1</introducedInTheHouse>
        <billReferrals>2</billReferrals>
        <placeholderTextForH>2</placeholderTextForH>
        <introducedInHouse>1</introducedInHouse>
        <billReferralsAggregate>1</billReferralsAggregate>
      </actionTypeCounts>
      <item>
        <actionDate>2017-07-17</actionDate>
        <committee>
          <systemCode>hsas02</systemCode>
          <name>Military Personnel Subcommittee</name>
        </committee>
        <links />
        <sourceSystem>
          <name>House committee actions</name>
          <code>1</code>
        </sourceSystem>
        <text>Referred to the Subcommittee on Military Personnel.</text>
        <type>Committee</type>
      </item>
      <item>
        <actionDate>2017-06-16</actionDate>
        <committee>
          <systemCode>hsvr03</systemCode>
          <name>Health Subcommittee</name>
        </committee>
        <links />
        <sourceSystem>
          <name>House committee actions</name>
          <code>1</code>
        </sourceSystem>
        <text>Referred to the Subcommittee on Health.</text>
        <type>Committee</type>
      </item>
      <item>
        <actionDate>2017-06-16</actionDate>
        <text>Referred to House Veterans' Affairs</text>
        <sourceSystem>
          <name>House floor actions</name>
          <code>2</code>
        </sourceSystem>
        <committee>
          <systemCode>hsvr00</systemCode>
          <name>Veterans' Affairs Committee</name>
        </committee>
        <links />
        <actionCode>H11100</actionCode>
        <type>IntroReferral</type>
      </item>
      <item>
        <actionDate>2017-06-16</actionDate>
        <text>Referred to House Armed Services</text>
        <sourceSystem>
          <name>House floor actions</name>
          <code>2</code>
        </sourceSystem>
        <committee>
          <systemCode>hsas00</systemCode>
          <name>Armed Services Committee</name>
        </committee>
        <links />
        <actionCode>H11100</actionCode>
        <type>IntroReferral</type>
      </item>
      <item>
        <actionDate>2017-06-16</actionDate>
        <text>Referred to the Committee on Armed Services, and in addition to the Committee on Veterans' Affairs, for a period to be subsequently determined by the Speaker, in each case for consideration of such provisions as fall within the jurisdiction of the committee concerned.</text>
        <sourceSystem>
          <name>Library of Congress</name>
          <code>9</code>
        </sourceSystem>
        <committee />
        <links />
        <actionCode>H11100-A</actionCode>
        <type>IntroReferral</type>
      </item>
      <item>
        <actionDate>2017-06-16</actionDate>
        <text>Introduced in House</text>
        <sourceSystem>
          <name>Library of Congress</name>
          <code>9</code>
        </sourceSystem>
        <committee />
        <links />
        <actionCode>Intro-H</actionCode>
        <type>IntroReferral</type>
      </item>
      <item>
        <actionDate>2017-06-16</actionDate>
        <text>Introduced in House</text>
        <sourceSystem>
          <name>Library of Congress</name>
          <code>9</code>
        </sourceSystem>
        <committee />
        <links />
        <actionCode>1000</actionCode>
        <type>IntroReferral</type>
      </item>
    </actions>
    <summaries>
      <billSummaries>
        <item>
          <lastSummaryUpdateDate>2017-06-26T19:08:23Z</lastSummaryUpdateDate>
          <updateDate>2017-06-16T04:00:00Z</updateDate>
          <versionCode>00</versionCode>
          <text><![CDATA[<p>Expresses support for: </p> <ul> <li>the designation of National Post-Traumatic Stress Injury Awareness Month and National Post-Traumatic Stress Injury Awareness Day; and</li> <li> efforts of the Department of Veterans Affairs and the Department of Defense, as well as the medical community, to educate members of the Armed Forces, veterans, their families, and the public about the causes, symptoms, and treatment of post-traumatic stress injury/injuries (PTSI). </li> </ul> <p>Encourages Armed Forces commanders to support appropriate treatment of personnel diagnosed with PTSI.</p>]]></text>
          <name>Introduced in House</name>
          <actionDesc>Introduced in House</actionDesc>
          <actionDate>2017-06-16</actionDate>
        </item>
      </billSummaries>
    </summaries>
    <constitutionalAuthorityStatementText />
    <billNumber>391</billNumber>
    <calendarNumbers />
    <originChamber>House</originChamber>
    <version>1.0.0</version>
    <subjects>
      <billSubjects>
        <legislativeSubjects>
          <item>
            <name>Commemorative events and holidays</name>
          </item>
          <item>
            <name>Emergency medical services and trauma care</name>
          </item>
          <item>
            <name>Health promotion and preventive care</name>
          </item>
          <item>
            <name>Mental health</name>
          </item>
          <item>
            <name>Military medicine</name>
          </item>
          <item>
            <name>Military personnel and dependents</name>
          </item>
          <item>
            <name>Veterans' medical care</name>
          </item>
        </legislativeSubjects>
        <policyArea>
          <name>Armed Forces and National Security</name>
        </policyArea>
      </billSubjects>
    </subjects>
    <cosponsors>
      <item>
        <sponsorshipWithdrawnDate />
        <state>NC</state>
        <bioguideId>J000255</bioguideId>
        <fullName>Rep. Jones, Walter B., Jr. [R-NC-3]</fullName>
        <district>3</district>
        <firstName>WALTER</firstName>
        <middleName>B.</middleName>
        <isOriginalCosponsor>True</isOriginalCosponsor>
        <sponsorshipDate>2017-06-16</sponsorshipDate>
        <identifiers>
          <bioguideId>J000255</bioguideId>
          <lisID>612</lisID>
          <gpoId>8026</gpoId>
        </identifiers>
        <lastName>JONES</lastName>
        <party>R</party>
      </item>
      <item>
        <sponsorshipWithdrawnDate />
        <state>CA</state>
        <bioguideId>T000460</bioguideId>
        <fullName>Rep. Thompson, Mike [D-CA-5]</fullName>
        <district>5</district>
        <firstName>MIKE</firstName>
        <middleName />
        <isOriginalCosponsor>True</isOriginalCosponsor>
        <sponsorshipDate>2017-06-16</sponsorshipDate>
        <identifiers>
          <gpoId>7806</gpoId>
          <lisID>1593</lisID>
          <bioguideId>T000460</bioguideId>
        </identifiers>
        <lastName>THOMPSON</lastName>
        <party>D</party>
      </item>
    </cosponsors>
    <latestAction>
      <text>Referred to the Subcommittee on Military Personnel.</text>
      <links />
      <actionDate>2017-07-17</actionDate>
    </latestAction>
    <laws />
    <notes />
    <createDate>2017-06-17T03:11:34Z</createDate>
    <billType>HRES</billType>
    <updateDate>2018-02-06T16:39:50Z</updateDate>
    <relatedBills>
      <item>
        <congress>115</congress>
        <number>203</number>
        <type>SRES</type>
        <relationshipDetails>
          <item>
            <type>Related bill</type>
            <identifiedBy>CRS</identifiedBy>
          </item>
        </relationshipDetails>
        <latestTitle>A resolution designating the month of June 2017, as "National Post-Traumatic Stress Awareness Month" and June 27, 2017, as "National Post-Traumatic Stress Awareness Day".</latestTitle>
        <latestAction>
          <text>Resolution agreed to in Senate without amendment and with a preamble by Unanimous Consent. (consideration: CR S4695)</text>
          <actionDate>2017-08-01</actionDate>
        </latestAction>
      </item>
    </relatedBills>
    <cboCostEstimates />
    <introducedDate>2017-06-16</introducedDate>
    <amendments />
    <policyArea>
      <name>Armed Forces and National Security</name>
    </policyArea>
    <recordedVotes />
    <congress>115</congress>
    <committees>
      <billCommittees>
        <item>
          <type>Standing</type>
          <systemCode>hsas00</systemCode>
          <subcommittees>
            <item>
              <activities>
                <item>
                  <date>2017-07-17T19:20:10Z</date>
                  <name>Referred to</name>
                </item>
              </activities>
              <systemCode>hsas02</systemCode>
              <name>Military Personnel Subcommittee</name>
            </item>
          </subcommittees>
          <activities>
            <item>
              <date>2017-06-16T13:30:51Z</date>
              <name>Referred to</name>
            </item>
          </activities>
          <chamber>House</chamber>
          <name>Armed Services Committee</name>
        </item>
        <item>
          <type>Standing</type>
          <systemCode>hsvr00</systemCode>
          <subcommittees>
            <item>
              <activities>
                <item>
                  <date>2017-06-16T16:41:55Z</date>
                  <name>Referred to</name>
                </item>
              </activities>
              <systemCode>hsvr03</systemCode>
              <name>Health Subcommittee</name>
            </item>
          </subcommittees>
          <activities>
            <item>
              <date>2017-06-16T13:31:00Z</date>
              <name>Referred to</name>
            </item>
          </activities>
          <chamber>House</chamber>
          <name>Veterans' Affairs Committee</name>
        </item>
      </billCommittees>
    </committees>
  </bill>
  <dublinCore xmlns:dc="http://purl.org/dc/elements/1.1/">
    <dc:format>text/xml</dc:format>
    <dc:language>EN</dc:language>
    <dc:rights>Pursuant to Title 17 Section 105 of the United States Code, this file is not subject to copyright protection and is in the public domain.</dc:rights>
    <dc:contributor>Congressional Research Service, Library of Congress</dc:contributor>
    <dc:description>This file contains bill summaries and statuses for federal legislation. A bill summary describes the most significant provisions of a piece of legislation and details the effects the legislative text may have on current law and federal programs. Bill summaries are authored by the Congressional Research Service (CRS) of the Library of Congress. As stated in Public Law 91-510 (2 USC 166 (d)(6)), one of the duties of CRS is "to prepare summaries and digests of bills and resolutions of a public general nature introduced in the Senate or House of Representatives". For more information, refer to the User Guide that accompanies this file.</dc:description>
  </dublinCore>
</billStatus>

