<?xml version="1.0" encoding="UTF-8"?>
<billStatus>
  <bill>
    <calendarNumbers />
    <constitutionalAuthorityStatementText />
    <congress>115</congress>
    <titles>
      <item>
        <chamberCode />
        <chamberName />
        <parentTitleType />
        <titleType>Official Title as Introduced</titleType>
        <title>Calling on the Government of Iraq to compensate the former residents of Camp Ashraf for their assets seized by groups affiliated with the Government of Iraq.</title>
      </item>
      <item>
        <chamberCode />
        <chamberName />
        <parentTitleType />
        <titleType>Display Title</titleType>
        <title>Calling on the Government of Iraq to compensate the former residents of Camp Ashraf for their assets seized by groups affiliated with the Government of Iraq.</title>
      </item>
    </titles>
    <introducedDate>2017-07-28</introducedDate>
    <latestAction>
      <actionDate>2017-09-05</actionDate>
      <text>Referred to the Subcommittee on Middle East and North Africa.</text>
      <links />
    </latestAction>
    <title>Calling on the Government of Iraq to compensate the former residents of Camp Ashraf for their assets seized by groups affiliated with the Government of Iraq.</title>
    <subjects>
      <billSubjects>
        <legislativeSubjects>
          <item>
            <name>Albania</name>
          </item>
          <item>
            <name>Europe</name>
          </item>
          <item>
            <name>Government liability</name>
          </item>
          <item>
            <name>Iran</name>
          </item>
          <item>
            <name>Iraq</name>
          </item>
          <item>
            <name>Middle East</name>
          </item>
          <item>
            <name>Refugees, asylum, displaced persons</name>
          </item>
        </legislativeSubjects>
        <policyArea>
          <name>International Affairs</name>
        </policyArea>
      </billSubjects>
    </subjects>
    <relatedBills />
    <updateDate>2018-02-06T16:39:57Z</updateDate>
    <committeeReports />
    <notes />
    <recordedVotes />
    <amendments />
    <billType>HRES</billType>
    <committees>
      <billCommittees>
        <item>
          <systemCode>hsfa00</systemCode>
          <name>Foreign Affairs Committee</name>
          <type>Standing</type>
          <activities>
            <item>
              <name>Referred to</name>
              <date>2017-07-28T13:08:45Z</date>
            </item>
          </activities>
          <chamber>House</chamber>
          <subcommittees>
            <item>
              <activities>
                <item>
                  <name>Referred to</name>
                  <date>2017-09-05T20:00:32Z</date>
                </item>
              </activities>
              <systemCode>hsfa13</systemCode>
              <name>Middle East and North Africa Subcommittee</name>
            </item>
          </subcommittees>
        </item>
      </billCommittees>
    </committees>
    <cboCostEstimates />
    <billNumber>486</billNumber>
    <policyArea>
      <name>International Affairs</name>
    </policyArea>
    <version>1.0.0</version>
    <createDate>2017-07-29T03:11:32Z</createDate>
    <originChamber>House</originChamber>
    <actions>
      <item>
        <actionDate>2017-09-05</actionDate>
        <committee>
          <systemCode>hsfa13</systemCode>
          <name>Middle East and North Africa Subcommittee</name>
        </committee>
        <links />
        <sourceSystem>
          <name>House committee actions</name>
          <code>1</code>
        </sourceSystem>
        <text>Referred to the Subcommittee on Middle East and North Africa.</text>
        <type>Committee</type>
      </item>
      <item>
        <links />
        <actionDate>2017-07-28</actionDate>
        <type>IntroReferral</type>
        <text>Referred to the House Committee on Foreign Affairs.</text>
        <actionCode>H11100</actionCode>
        <sourceSystem>
          <name>House floor actions</name>
          <code>2</code>
        </sourceSystem>
        <committee>
          <systemCode>hsfa00</systemCode>
          <name>Foreign Affairs Committee</name>
        </committee>
      </item>
      <item>
        <links />
        <actionDate>2017-07-28</actionDate>
        <type>IntroReferral</type>
        <text>Introduced in House</text>
        <actionCode>Intro-H</actionCode>
        <sourceSystem>
          <name>Library of Congress</name>
          <code>9</code>
        </sourceSystem>
        <committee />
      </item>
      <item>
        <links />
        <actionDate>2017-07-28</actionDate>
        <type>IntroReferral</type>
        <text>Introduced in House</text>
        <actionCode>1000</actionCode>
        <sourceSystem>
          <name>Library of Congress</name>
          <code>9</code>
        </sourceSystem>
        <committee />
      </item>
      <actionByCounts>
        <houseOfRepresentatives>4</houseOfRepresentatives>
      </actionByCounts>
      <actionTypeCounts>
        <billReferrals>1</billReferrals>
        <placeholderTextForH>1</placeholderTextForH>
        <introducedInTheHouse>1</introducedInTheHouse>
        <introducedInHouse>1</introducedInHouse>
      </actionTypeCounts>
    </actions>
    <sponsors>
      <item>
        <party>R</party>
        <bioguideId>P000592</bioguideId>
        <district>2</district>
        <firstName>Ted</firstName>
        <middleName />
        <state>TX</state>
        <fullName>Rep. Poe, Ted [R-TX-2]</fullName>
        <identifiers>
          <bioguideId>P000592</bioguideId>
          <lisID>1802</lisID>
          <gpoId>8158</gpoId>
        </identifiers>
        <lastName>Poe</lastName>
        <byRequestType />
      </item>
    </sponsors>
    <summaries>
      <billSummaries>
        <item>
          <versionCode>00</versionCode>
          <updateDate>2017-07-28T04:00:00Z</updateDate>
          <actionDate>2017-07-28</actionDate>
          <text><![CDATA[<p>Calls on: (1) the Iraqi government to compensate Iranian dissidents for their seized assets in Camps Ashraf and Liberty in order to finance their living costs and long-term accommodation in their new countries of refuge, particularly in Albania; and (2) the U.S. government to urge the Iraqi government to compensate such dissidents.</p>]]></text>
          <actionDesc>Introduced in House</actionDesc>
          <lastSummaryUpdateDate>2017-10-31T19:32:10Z</lastSummaryUpdateDate>
          <name>Introduced in House</name>
        </item>
      </billSummaries>
    </summaries>
    <laws />
    <cosponsors>
      <item>
        <isOriginalCosponsor>True</isOriginalCosponsor>
        <fullName>Rep. Weber, Randy K., Sr. [R-TX-14]</fullName>
        <middleName>K.</middleName>
        <sponsorshipDate>2017-07-28</sponsorshipDate>
        <bioguideId>W000814</bioguideId>
        <lastName>Weber</lastName>
        <party>R</party>
        <district>14</district>
        <firstName>Randy</firstName>
        <state>TX</state>
        <identifiers>
          <lisID>2161</lisID>
          <bioguideId>W000814</bioguideId>
          <gpoId />
        </identifiers>
        <sponsorshipWithdrawnDate />
      </item>
      <item>
        <isOriginalCosponsor>True</isOriginalCosponsor>
        <fullName>Rep. Rohrabacher, Dana [R-CA-48]</fullName>
        <middleName />
        <sponsorshipDate>2017-07-28</sponsorshipDate>
        <bioguideId>R000409</bioguideId>
        <lastName>ROHRABACHER</lastName>
        <party>R</party>
        <district>48</district>
        <firstName>DANA</firstName>
        <state>CA</state>
        <identifiers>
          <bioguideId>R000409</bioguideId>
          <gpoId>7851</gpoId>
          <lisID>979</lisID>
        </identifiers>
        <sponsorshipWithdrawnDate />
      </item>
      <item>
        <isOriginalCosponsor>True</isOriginalCosponsor>
        <fullName>Rep. Chu, Judy [D-CA-27]</fullName>
        <middleName />
        <sponsorshipDate>2017-07-28</sponsorshipDate>
        <bioguideId>C001080</bioguideId>
        <lastName>Chu</lastName>
        <party>D</party>
        <district>27</district>
        <firstName>Judy</firstName>
        <state>CA</state>
        <identifiers>
          <gpoId>7837</gpoId>
          <bioguideId>C001080</bioguideId>
          <lisID>1970</lisID>
        </identifiers>
        <sponsorshipWithdrawnDate />
      </item>
      <item>
        <isOriginalCosponsor>True</isOriginalCosponsor>
        <fullName>Rep. Sessions, Pete [R-TX-32]</fullName>
        <middleName />
        <sponsorshipDate>2017-07-28</sponsorshipDate>
        <bioguideId>S000250</bioguideId>
        <lastName>SESSIONS</lastName>
        <party>R</party>
        <district>32</district>
        <firstName>PETE</firstName>
        <state>TX</state>
        <identifiers>
          <bioguideId>S000250</bioguideId>
          <lisID>1525</lisID>
          <gpoId>8188</gpoId>
        </identifiers>
        <sponsorshipWithdrawnDate />
      </item>
      <item>
        <isOriginalCosponsor>False</isOriginalCosponsor>
        <fullName>Rep. McClintock, Tom [R-CA-4]</fullName>
        <middleName />
        <sponsorshipDate>2017-08-08</sponsorshipDate>
        <bioguideId>M001177</bioguideId>
        <lastName>McClintock</lastName>
        <party>R</party>
        <district>4</district>
        <firstName>Tom</firstName>
        <state>CA</state>
        <identifiers>
          <gpoId>7809</gpoId>
          <lisID>1908</lisID>
          <bioguideId>M001177</bioguideId>
        </identifiers>
        <sponsorshipWithdrawnDate />
      </item>
      <item>
        <isOriginalCosponsor>False</isOriginalCosponsor>
        <fullName>Rep. Gosar, Paul A. [R-AZ-4]</fullName>
        <middleName>A.</middleName>
        <sponsorshipDate>2017-09-05</sponsorshipDate>
        <bioguideId>G000565</bioguideId>
        <lastName>Gosar</lastName>
        <party>R</party>
        <district>4</district>
        <firstName>Paul</firstName>
        <state>AZ</state>
        <identifiers>
          <lisID>1992</lisID>
          <bioguideId>G000565</bioguideId>
          <gpoId>7798</gpoId>
        </identifiers>
        <sponsorshipWithdrawnDate />
      </item>
      <item>
        <isOriginalCosponsor>False</isOriginalCosponsor>
        <fullName>Rep. McGovern, James P. [D-MA-2]</fullName>
        <middleName>P.</middleName>
        <sponsorshipDate>2017-09-05</sponsorshipDate>
        <bioguideId>M000312</bioguideId>
        <lastName>MCGOVERN</lastName>
        <party>D</party>
        <district>2</district>
        <firstName>JAMES</firstName>
        <state>MA</state>
        <identifiers>
          <lisID>1504</lisID>
          <gpoId>7968</gpoId>
          <bioguideId>M000312</bioguideId>
        </identifiers>
        <sponsorshipWithdrawnDate />
      </item>
      <item>
        <isOriginalCosponsor>False</isOriginalCosponsor>
        <fullName>Rep. Jackson Lee, Sheila [D-TX-18]</fullName>
        <middleName />
        <sponsorshipDate>2017-09-06</sponsorshipDate>
        <bioguideId>J000032</bioguideId>
        <lastName>JACKSON LEE</lastName>
        <party>D</party>
        <district>18</district>
        <firstName>SHEILA</firstName>
        <state>TX</state>
        <identifiers>
          <lisID>588</lisID>
          <bioguideId>J000032</bioguideId>
          <gpoId>8174</gpoId>
        </identifiers>
        <sponsorshipWithdrawnDate />
      </item>
      <item>
        <isOriginalCosponsor>False</isOriginalCosponsor>
        <fullName>Rep. Brady, Robert A. [D-PA-1]</fullName>
        <middleName>A.</middleName>
        <sponsorshipDate>2017-09-06</sponsorshipDate>
        <bioguideId>B001227</bioguideId>
        <lastName>BRADY</lastName>
        <party>D</party>
        <district>1</district>
        <firstName>ROBERT</firstName>
        <state>PA</state>
        <identifiers>
          <gpoId>8119</gpoId>
          <bioguideId>B001227</bioguideId>
          <lisID>1469</lisID>
        </identifiers>
        <sponsorshipWithdrawnDate />
      </item>
      <item>
        <isOriginalCosponsor>False</isOriginalCosponsor>
        <fullName>Rep. Cohen, Steve [D-TN-9]</fullName>
        <middleName />
        <sponsorshipDate>2017-09-07</sponsorshipDate>
        <bioguideId>C001068</bioguideId>
        <lastName>Cohen</lastName>
        <party>D</party>
        <district>9</district>
        <firstName>Steve</firstName>
        <state>TN</state>
        <identifiers>
          <lisID>1878</lisID>
          <gpoId>8156</gpoId>
          <bioguideId>C001068</bioguideId>
        </identifiers>
        <sponsorshipWithdrawnDate />
      </item>
      <item>
        <isOriginalCosponsor>False</isOriginalCosponsor>
        <fullName>Rep. Garrett, Thomas A., Jr. [R-VA-5]</fullName>
        <middleName>A.</middleName>
        <sponsorshipDate>2017-09-07</sponsorshipDate>
        <bioguideId>G000580</bioguideId>
        <lastName>Garrett</lastName>
        <party>R</party>
        <district>5</district>
        <firstName>Thomas</firstName>
        <state>VA</state>
        <identifiers>
          <gpoId />
          <bioguideId>G000580</bioguideId>
          <lisID>2353</lisID>
        </identifiers>
        <sponsorshipWithdrawnDate />
      </item>
      <item>
        <isOriginalCosponsor>False</isOriginalCosponsor>
        <fullName>Rep. Sherman, Brad [D-CA-30]</fullName>
        <middleName />
        <sponsorshipDate>2017-09-28</sponsorshipDate>
        <bioguideId>S000344</bioguideId>
        <lastName>SHERMAN</lastName>
        <party>D</party>
        <district>30</district>
        <firstName>BRAD</firstName>
        <state>CA</state>
        <identifiers>
          <bioguideId>S000344</bioguideId>
          <gpoId>7832</gpoId>
          <lisID>1526</lisID>
        </identifiers>
        <sponsorshipWithdrawnDate />
      </item>
    </cosponsors>
  </bill>
  <dublinCore xmlns:dc="http://purl.org/dc/elements/1.1/">
    <dc:format>text/xml</dc:format>
    <dc:language>EN</dc:language>
    <dc:rights>Pursuant to Title 17 Section 105 of the United States Code, this file is not subject to copyright protection and is in the public domain.</dc:rights>
    <dc:contributor>Congressional Research Service, Library of Congress</dc:contributor>
    <dc:description>This file contains bill summaries and statuses for federal legislation. A bill summary describes the most significant provisions of a piece of legislation and details the effects the legislative text may have on current law and federal programs. Bill summaries are authored by the Congressional Research Service (CRS) of the Library of Congress. As stated in Public Law 91-510 (2 USC 166 (d)(6)), one of the duties of CRS is "to prepare summaries and digests of bills and resolutions of a public general nature introduced in the Senate or House of Representatives". For more information, refer to the User Guide that accompanies this file.</dc:description>
  </dublinCore>
</billStatus>

