<?xml version="1.0" encoding="UTF-8"?>
<billStatus>
  <bill>
    <policyArea>
      <name>Health</name>
    </policyArea>
    <introducedDate>2017-04-06</introducedDate>
    <cosponsors>
      <item>
        <identifiers>
          <lisID>1886</lisID>
          <bioguideId>W000804</bioguideId>
          <gpoId>8192</gpoId>
        </identifiers>
        <sponsorshipDate>2017-04-06</sponsorshipDate>
        <district>1</district>
        <middleName>J.</middleName>
        <sponsorshipWithdrawnDate />
        <fullName>Rep. Wittman, Robert J. [R-VA-1]</fullName>
        <party>R</party>
        <firstName>Robert</firstName>
        <isOriginalCosponsor>True</isOriginalCosponsor>
        <lastName>Wittman</lastName>
        <state>VA</state>
        <bioguideId>W000804</bioguideId>
      </item>
      <item>
        <identifiers>
          <lisID>462</lisID>
          <bioguideId>G000410</bioguideId>
          <gpoId>8185</gpoId>
        </identifiers>
        <sponsorshipDate>2017-04-06</sponsorshipDate>
        <district>29</district>
        <middleName />
        <sponsorshipWithdrawnDate />
        <fullName>Rep. Green, Gene [D-TX-29]</fullName>
        <party>D</party>
        <firstName>GENE</firstName>
        <isOriginalCosponsor>True</isOriginalCosponsor>
        <lastName>GREEN</lastName>
        <state>TX</state>
        <bioguideId>G000410</bioguideId>
      </item>
      <item>
        <identifiers>
          <gpoId>7968</gpoId>
          <lisID>1504</lisID>
          <bioguideId>M000312</bioguideId>
        </identifiers>
        <sponsorshipDate>2017-04-06</sponsorshipDate>
        <district>2</district>
        <middleName>P.</middleName>
        <sponsorshipWithdrawnDate />
        <fullName>Rep. McGovern, James P. [D-MA-2]</fullName>
        <party>D</party>
        <firstName>JAMES</firstName>
        <isOriginalCosponsor>True</isOriginalCosponsor>
        <lastName>MCGOVERN</lastName>
        <state>MA</state>
        <bioguideId>M000312</bioguideId>
      </item>
      <item>
        <identifiers>
          <lisID>1487</lisID>
          <bioguideId>G000377</bioguideId>
          <gpoId>8168</gpoId>
        </identifiers>
        <sponsorshipDate>2017-04-06</sponsorshipDate>
        <district>12</district>
        <middleName />
        <sponsorshipWithdrawnDate />
        <fullName>Rep. Granger, Kay [R-TX-12]</fullName>
        <party>R</party>
        <firstName>KAY</firstName>
        <isOriginalCosponsor>True</isOriginalCosponsor>
        <lastName>GRANGER</lastName>
        <state>TX</state>
        <bioguideId>G000377</bioguideId>
      </item>
      <item>
        <identifiers>
          <bioguideId>S000480</bioguideId>
          <lisID>1069</lisID>
          <gpoId>8089</gpoId>
        </identifiers>
        <sponsorshipDate>2017-04-06</sponsorshipDate>
        <district>25</district>
        <middleName>M.</middleName>
        <sponsorshipWithdrawnDate />
        <fullName>Rep. Slaughter, Louise McIntosh [D-NY-25]</fullName>
        <party>D</party>
        <firstName>LOUISE</firstName>
        <isOriginalCosponsor>True</isOriginalCosponsor>
        <lastName>SLAUGHTER</lastName>
        <state>NY</state>
        <bioguideId>S000480</bioguideId>
      </item>
      <item>
        <identifiers>
          <lisID>2146</lisID>
          <bioguideId>L000580</bioguideId>
          <gpoId />
        </identifiers>
        <sponsorshipDate>2017-04-06</sponsorshipDate>
        <district>1</district>
        <middleName />
        <sponsorshipWithdrawnDate />
        <fullName>Rep. Lujan Grisham, Michelle [D-NM-1]</fullName>
        <party>D</party>
        <firstName>Michelle</firstName>
        <isOriginalCosponsor>True</isOriginalCosponsor>
        <lastName>Lujan Grisham</lastName>
        <state>NM</state>
        <bioguideId>L000580</bioguideId>
      </item>
      <item>
        <identifiers>
          <gpoId>7895</gpoId>
          <lisID>511</lisID>
          <bioguideId>H000324</bioguideId>
        </identifiers>
        <sponsorshipDate>2017-04-06</sponsorshipDate>
        <district>20</district>
        <middleName>L.</middleName>
        <sponsorshipWithdrawnDate />
        <fullName>Rep. Hastings, Alcee L. [D-FL-20]</fullName>
        <party>D</party>
        <firstName>ALCEE</firstName>
        <isOriginalCosponsor>True</isOriginalCosponsor>
        <lastName>HASTINGS</lastName>
        <state>FL</state>
        <bioguideId>H000324</bioguideId>
      </item>
      <item>
        <identifiers>
          <lisID>2251</lisID>
          <bioguideId>D000624</bioguideId>
          <gpoId />
        </identifiers>
        <sponsorshipDate>2017-04-06</sponsorshipDate>
        <district>12</district>
        <middleName />
        <sponsorshipWithdrawnDate />
        <fullName>Rep. Dingell, Debbie [D-MI-12]</fullName>
        <party>D</party>
        <firstName>Debbie</firstName>
        <isOriginalCosponsor>True</isOriginalCosponsor>
        <lastName>Dingell</lastName>
        <state>MI</state>
        <bioguideId>D000624</bioguideId>
      </item>
      <item>
        <identifiers>
          <lisID>2190</lisID>
          <bioguideId>K000385</bioguideId>
          <gpoId />
        </identifiers>
        <sponsorshipDate>2017-04-06</sponsorshipDate>
        <district>2</district>
        <middleName>L.</middleName>
        <sponsorshipWithdrawnDate />
        <fullName>Rep. Kelly, Robin L. [D-IL-2]</fullName>
        <party>D</party>
        <firstName>Robin</firstName>
        <isOriginalCosponsor>True</isOriginalCosponsor>
        <lastName>Kelly</lastName>
        <state>IL</state>
        <bioguideId>K000385</bioguideId>
      </item>
      <item>
        <identifiers>
          <lisID>1814</lisID>
          <gpoId>7810</gpoId>
          <bioguideId>M001163</bioguideId>
        </identifiers>
        <sponsorshipDate>2017-04-06</sponsorshipDate>
        <district>6</district>
        <middleName>O.</middleName>
        <sponsorshipWithdrawnDate />
        <fullName>Rep. Matsui, Doris O. [D-CA-6]</fullName>
        <party>D</party>
        <firstName>Doris</firstName>
        <isOriginalCosponsor>True</isOriginalCosponsor>
        <lastName>Matsui</lastName>
        <state>CA</state>
        <bioguideId>M001163</bioguideId>
      </item>
      <item>
        <identifiers>
          <bioguideId>A000370</bioguideId>
          <gpoId />
          <lisID>2201</lisID>
        </identifiers>
        <sponsorshipDate>2017-04-06</sponsorshipDate>
        <district>12</district>
        <middleName>S.</middleName>
        <sponsorshipWithdrawnDate />
        <fullName>Rep. Adams, Alma S. [D-NC-12]</fullName>
        <party>D</party>
        <firstName>Alma</firstName>
        <isOriginalCosponsor>True</isOriginalCosponsor>
        <lastName>Adams</lastName>
        <state>NC</state>
        <bioguideId>A000370</bioguideId>
      </item>
      <item>
        <identifiers>
          <lisID>1602</lisID>
          <gpoId>7843</gpoId>
          <bioguideId>N000179</bioguideId>
        </identifiers>
        <sponsorshipDate>2017-04-06</sponsorshipDate>
        <district>32</district>
        <middleName>F.</middleName>
        <sponsorshipWithdrawnDate />
        <fullName>Rep. Napolitano, Grace F. [D-CA-32]</fullName>
        <party>D</party>
        <firstName>GRACE</firstName>
        <isOriginalCosponsor>True</isOriginalCosponsor>
        <lastName>NAPOLITANO</lastName>
        <state>CA</state>
        <bioguideId>N000179</bioguideId>
      </item>
      <item>
        <identifiers>
          <lisID>868</lisID>
          <gpoId>7871</gpoId>
          <bioguideId>N000147</bioguideId>
        </identifiers>
        <sponsorshipDate>2017-04-06</sponsorshipDate>
        <district>0</district>
        <middleName>HOLMES</middleName>
        <sponsorshipWithdrawnDate />
        <fullName>Rep. Norton, Eleanor Holmes [D-DC-At Large]</fullName>
        <party>D</party>
        <firstName>ELEANOR</firstName>
        <isOriginalCosponsor>True</isOriginalCosponsor>
        <lastName>NORTON</lastName>
        <state>DC</state>
        <bioguideId>N000147</bioguideId>
      </item>
      <item>
        <identifiers>
          <bioguideId>G000551</bioguideId>
          <lisID>1708</lisID>
          <gpoId>7804</gpoId>
        </identifiers>
        <sponsorshipDate>2017-04-06</sponsorshipDate>
        <district>3</district>
        <middleName>M.</middleName>
        <sponsorshipWithdrawnDate />
        <fullName>Rep. Grijalva, Raul M. [D-AZ-3]</fullName>
        <party>D</party>
        <firstName>Raul</firstName>
        <isOriginalCosponsor>True</isOriginalCosponsor>
        <lastName>Grijalva</lastName>
        <state>AZ</state>
        <bioguideId>G000551</bioguideId>
      </item>
      <item>
        <identifiers>
          <bioguideId>M001143</bioguideId>
          <gpoId>8004</gpoId>
          <lisID>1653</lisID>
        </identifiers>
        <sponsorshipDate>2017-04-06</sponsorshipDate>
        <district>4</district>
        <middleName />
        <sponsorshipWithdrawnDate />
        <fullName>Rep. McCollum, Betty [D-MN-4]</fullName>
        <party>D</party>
        <firstName>BETTY</firstName>
        <isOriginalCosponsor>True</isOriginalCosponsor>
        <lastName>MCCOLLUM</lastName>
        <state>MN</state>
        <bioguideId>M001143</bioguideId>
      </item>
      <item>
        <identifiers>
          <gpoId />
          <bioguideId>R000606</bioguideId>
          <lisID>2332</lisID>
        </identifiers>
        <sponsorshipDate>2017-04-06</sponsorshipDate>
        <district>8</district>
        <middleName />
        <sponsorshipWithdrawnDate />
        <fullName>Rep. Raskin, Jamie [D-MD-8]</fullName>
        <party>D</party>
        <firstName>Jamie</firstName>
        <isOriginalCosponsor>True</isOriginalCosponsor>
        <lastName>Raskin</lastName>
        <state>MD</state>
        <bioguideId>R000606</bioguideId>
      </item>
      <item>
        <identifiers>
          <bioguideId>M001160</bioguideId>
          <gpoId>8217</gpoId>
          <lisID>1811</lisID>
        </identifiers>
        <sponsorshipDate>2017-04-06</sponsorshipDate>
        <district>4</district>
        <middleName />
        <sponsorshipWithdrawnDate />
        <fullName>Rep. Moore, Gwen [D-WI-4]</fullName>
        <party>D</party>
        <firstName>Gwen</firstName>
        <isOriginalCosponsor>True</isOriginalCosponsor>
        <lastName>Moore</lastName>
        <state>WI</state>
        <bioguideId>M001160</bioguideId>
      </item>
      <item>
        <identifiers>
          <bioguideId>R000609</bioguideId>
          <gpoId />
          <lisID>2316</lisID>
        </identifiers>
        <sponsorshipDate>2017-04-06</sponsorshipDate>
        <district>4</district>
        <middleName>H.</middleName>
        <sponsorshipWithdrawnDate />
        <fullName>Rep. Rutherford, John H. [R-FL-4]</fullName>
        <party>R</party>
        <firstName>John</firstName>
        <isOriginalCosponsor>True</isOriginalCosponsor>
        <lastName>Rutherford</lastName>
        <state>FL</state>
        <bioguideId>R000609</bioguideId>
      </item>
      <item>
        <identifiers>
          <bioguideId>B001300</bioguideId>
          <lisID>2311</lisID>
          <gpoId />
        </identifiers>
        <sponsorshipDate>2017-04-06</sponsorshipDate>
        <district>44</district>
        <middleName>Diaz</middleName>
        <sponsorshipWithdrawnDate />
        <fullName>Rep. Barragan, Nanette Diaz [D-CA-44]</fullName>
        <party>D</party>
        <firstName>Nanette</firstName>
        <isOriginalCosponsor>True</isOriginalCosponsor>
        <lastName>Barragan</lastName>
        <state>CA</state>
        <bioguideId>B001300</bioguideId>
      </item>
      <item>
        <identifiers>
          <lisID>1884</lisID>
          <bioguideId>T000465</bioguideId>
          <gpoId>7970</gpoId>
        </identifiers>
        <sponsorshipDate>2017-04-08</sponsorshipDate>
        <district>3</district>
        <middleName />
        <sponsorshipWithdrawnDate />
        <fullName>Rep. Tsongas, Niki [D-MA-3]</fullName>
        <party>D</party>
        <firstName>Niki</firstName>
        <isOriginalCosponsor>False</isOriginalCosponsor>
        <lastName>Tsongas</lastName>
        <state>MA</state>
        <bioguideId>T000465</bioguideId>
      </item>
      <item>
        <identifiers>
          <lisID>2167</lisID>
          <bioguideId>V000132</bioguideId>
          <gpoId />
        </identifiers>
        <sponsorshipDate>2017-04-08</sponsorshipDate>
        <district>34</district>
        <middleName />
        <sponsorshipWithdrawnDate />
        <fullName>Rep. Vela, Filemon [D-TX-34]</fullName>
        <party>D</party>
        <firstName>Filemon</firstName>
        <isOriginalCosponsor>False</isOriginalCosponsor>
        <lastName>Vela</lastName>
        <state>TX</state>
        <bioguideId>V000132</bioguideId>
      </item>
      <item>
        <identifiers>
          <bioguideId>P000607</bioguideId>
          <lisID>2171</lisID>
          <gpoId />
        </identifiers>
        <sponsorshipDate>2017-04-28</sponsorshipDate>
        <district>2</district>
        <middleName />
        <sponsorshipWithdrawnDate />
        <fullName>Rep. Pocan, Mark [D-WI-2]</fullName>
        <party>D</party>
        <firstName>Mark</firstName>
        <isOriginalCosponsor>False</isOriginalCosponsor>
        <lastName>Pocan</lastName>
        <state>WI</state>
        <bioguideId>P000607</bioguideId>
      </item>
    </cosponsors>
    <titles>
      <item>
        <chamberCode />
        <titleType>Official Title as Introduced</titleType>
        <parentTitleType />
        <chamberName />
        <title>Supporting the goals and ideals of National Public Health Week.</title>
      </item>
      <item>
        <chamberCode />
        <titleType>Display Title</titleType>
        <parentTitleType />
        <chamberName />
        <title>Supporting the goals and ideals of National Public Health Week.</title>
      </item>
    </titles>
    <congress>115</congress>
    <recordedVotes />
    <amendments />
    <laws />
    <cboCostEstimates />
    <actions>
      <item>
        <actionDate>2017-04-07</actionDate>
        <committee>
          <systemCode>hsif14</systemCode>
          <name>Health Subcommittee</name>
        </committee>
        <links />
        <sourceSystem>
          <code>1</code>
          <name>House committee actions</name>
        </sourceSystem>
        <text>Referred to the Subcommittee on Health.</text>
        <type>Committee</type>
      </item>
      <item>
        <committee>
          <systemCode>hsif00</systemCode>
          <name>Energy and Commerce Committee</name>
        </committee>
        <sourceSystem>
          <code>2</code>
          <name>House floor actions</name>
        </sourceSystem>
        <actionDate>2017-04-06</actionDate>
        <text>Referred to the House Committee on Energy and Commerce.</text>
        <links />
        <type>IntroReferral</type>
        <actionCode>H11100</actionCode>
      </item>
      <item>
        <committee />
        <sourceSystem>
          <code>9</code>
          <name>Library of Congress</name>
        </sourceSystem>
        <actionDate>2017-04-06</actionDate>
        <text>Introduced in House</text>
        <links />
        <type>IntroReferral</type>
        <actionCode>Intro-H</actionCode>
      </item>
      <item>
        <committee />
        <sourceSystem>
          <code>9</code>
          <name>Library of Congress</name>
        </sourceSystem>
        <actionDate>2017-04-06</actionDate>
        <text>Introduced in House</text>
        <links />
        <type>IntroReferral</type>
        <actionCode>1000</actionCode>
      </item>
      <actionByCounts>
        <houseOfRepresentatives>4</houseOfRepresentatives>
      </actionByCounts>
      <actionTypeCounts>
        <billReferrals>1</billReferrals>
        <placeholderTextForH>1</placeholderTextForH>
        <introducedInTheHouse>1</introducedInTheHouse>
        <introducedInHouse>1</introducedInHouse>
      </actionTypeCounts>
    </actions>
    <updateDate>2018-02-06T16:39:43Z</updateDate>
    <summaries>
      <billSummaries>
        <item>
          <versionCode>00</versionCode>
          <text><![CDATA[<p>Expresses support for the goals and ideals of National Public Health Week.</p> <p>Recognizes the efforts of public health professionals, governments, tribes, and individuals in preventing disease and injury.</p> <p>Encourages increased efforts and resources to improve the health of individuals in the United States to create the healthiest nation in one generation through greater opportunities to improve community health and by strengthening the public health system.</p>]]></text>
          <actionDesc>Introduced in House</actionDesc>
          <actionDate>2017-04-06</actionDate>
          <lastSummaryUpdateDate>2017-04-10T13:51:40Z</lastSummaryUpdateDate>
          <name>Introduced in House</name>
          <updateDate>2017-04-06T04:00:00Z</updateDate>
        </item>
      </billSummaries>
    </summaries>
    <title>Supporting the goals and ideals of National Public Health Week.</title>
    <calendarNumbers />
    <originChamber>House</originChamber>
    <constitutionalAuthorityStatementText />
    <notes />
    <billType>HRES</billType>
    <committees>
      <billCommittees>
        <item>
          <systemCode>hsif00</systemCode>
          <chamber>House</chamber>
          <type>Standing</type>
          <activities>
            <item>
              <name>Referred to</name>
              <date>2017-04-06T13:11:50Z</date>
            </item>
          </activities>
          <name>Energy and Commerce Committee</name>
          <subcommittees>
            <item>
              <systemCode>hsif14</systemCode>
              <name>Health Subcommittee</name>
              <activities>
                <item>
                  <name>Referred to</name>
                  <date>2017-04-07T14:32:01Z</date>
                </item>
              </activities>
            </item>
          </subcommittees>
        </item>
      </billCommittees>
    </committees>
    <latestAction>
      <text>Referred to the Subcommittee on Health.</text>
      <actionDate>2017-04-07</actionDate>
      <links />
    </latestAction>
    <committeeReports />
    <billNumber>270</billNumber>
    <sponsors>
      <item>
        <byRequestType />
        <state>CA</state>
        <bioguideId>R000486</bioguideId>
        <identifiers>
          <lisID>997</lisID>
          <gpoId>7839</gpoId>
          <bioguideId>R000486</bioguideId>
        </identifiers>
        <fullName>Rep. Roybal-Allard, Lucille [D-CA-40]</fullName>
        <district>40</district>
        <lastName>ROYBAL-ALLARD</lastName>
        <firstName>LUCILLE</firstName>
        <middleName />
        <party>D</party>
      </item>
    </sponsors>
    <subjects>
      <billSubjects>
        <legislativeSubjects>
          <item>
            <name>Commemorative events and holidays</name>
          </item>
          <item>
            <name>Health care quality</name>
          </item>
          <item>
            <name>Health personnel</name>
          </item>
          <item>
            <name>Health programs administration and funding</name>
          </item>
          <item>
            <name>Health promotion and preventive care</name>
          </item>
        </legislativeSubjects>
        <policyArea>
          <name>Health</name>
        </policyArea>
      </billSubjects>
    </subjects>
    <createDate>2017-04-07T03:11:46Z</createDate>
    <version>1.0.0</version>
    <relatedBills>
      <item>
        <congress>115</congress>
        <latestAction>
          <actionDate>2017-04-07</actionDate>
          <text>Referred to the Committee on Health, Education, Labor, and Pensions. (text of measure as introduced: CR S2458)</text>
        </latestAction>
        <type>SRES</type>
        <latestTitle>A resolution supporting the goals and ideals of National Public Health Week.</latestTitle>
        <number>125</number>
        <relationshipDetails>
          <item>
            <type>Related bill</type>
            <identifiedBy>CRS</identifiedBy>
          </item>
        </relationshipDetails>
      </item>
    </relatedBills>
  </bill>
  <dublinCore xmlns:dc="http://purl.org/dc/elements/1.1/">
    <dc:format>text/xml</dc:format>
    <dc:language>EN</dc:language>
    <dc:rights>Pursuant to Title 17 Section 105 of the United States Code, this file is not subject to copyright protection and is in the public domain.</dc:rights>
    <dc:contributor>Congressional Research Service, Library of Congress</dc:contributor>
    <dc:description>This file contains bill summaries and statuses for federal legislation. A bill summary describes the most significant provisions of a piece of legislation and details the effects the legislative text may have on current law and federal programs. Bill summaries are authored by the Congressional Research Service (CRS) of the Library of Congress. As stated in Public Law 91-510 (2 USC 166 (d)(6)), one of the duties of CRS is "to prepare summaries and digests of bills and resolutions of a public general nature introduced in the Senate or House of Representatives". For more information, refer to the User Guide that accompanies this file.</dc:description>
  </dublinCore>
</billStatus>

