<?xml version="1.0" encoding="UTF-8"?>
<billStatus>
  <bill>
    <billNumber>109</billNumber>
    <relatedBills />
    <originChamber>House</originChamber>
    <recordedVotes />
    <latestAction>
      <text>Referred to the House Committee on Foreign Affairs.</text>
      <links />
      <actionDate>2017-02-07</actionDate>
    </latestAction>
    <createDate>2017-02-08T04:45:55Z</createDate>
    <title>Deploring the actions of the Palestinian Authority to join the International Criminal Court and undertake legal action through the Court against Israel.</title>
    <summaries>
      <billSummaries>
        <item>
          <text><![CDATA[<p>Declares that the House of Representatives views lawfare (the abuse of law to achieve political and military means) as a threat to U.S. military activities abroad and to those of U.S. democratic allies and believes it is vital to take a stand against its use in order to protect the Nation's best interests.</p>]]></text>
          <versionCode>00</versionCode>
          <actionDate>2017-02-07</actionDate>
          <name>Introduced in House</name>
          <actionDesc>Introduced in House</actionDesc>
          <lastSummaryUpdateDate>2017-02-11T14:17:48Z</lastSummaryUpdateDate>
          <updateDate>2017-02-07T05:00:00Z</updateDate>
        </item>
      </billSummaries>
    </summaries>
    <actions>
      <item>
        <links />
        <actionDate>2017-02-07</actionDate>
        <type>IntroReferral</type>
        <text>Referred to the House Committee on Foreign Affairs.</text>
        <actionCode>H11100</actionCode>
        <sourceSystem>
          <name>House floor actions</name>
          <code>2</code>
        </sourceSystem>
        <committee>
          <systemCode>hsfa00</systemCode>
          <name>Foreign Affairs Committee</name>
        </committee>
      </item>
      <item>
        <links />
        <actionDate>2017-02-07</actionDate>
        <type>IntroReferral</type>
        <text>Introduced in House</text>
        <actionCode>Intro-H</actionCode>
        <sourceSystem>
          <name>Library of Congress</name>
          <code>9</code>
        </sourceSystem>
        <committee />
      </item>
      <item>
        <links />
        <actionDate>2017-02-07</actionDate>
        <type>IntroReferral</type>
        <text>Introduced in House</text>
        <actionCode>1000</actionCode>
        <sourceSystem>
          <name>Library of Congress</name>
          <code>9</code>
        </sourceSystem>
        <committee />
      </item>
      <actionByCounts>
        <houseOfRepresentatives>3</houseOfRepresentatives>
      </actionByCounts>
      <actionTypeCounts>
        <billReferrals>1</billReferrals>
        <introducedInTheHouse>1</introducedInTheHouse>
        <introducedInHouse>1</introducedInHouse>
      </actionTypeCounts>
    </actions>
    <updateDate>2018-02-06T16:39:35Z</updateDate>
    <amendments />
    <notes />
    <sponsors>
      <item>
        <bioguideId>W000813</bioguideId>
        <district>2</district>
        <middleName />
        <byRequestType />
        <firstName>Jackie</firstName>
        <lastName>Walorski</lastName>
        <state>IN</state>
        <party>R</party>
        <identifiers>
          <bioguideId>W000813</bioguideId>
          <gpoId />
          <lisID>2128</lisID>
        </identifiers>
        <fullName>Rep. Walorski, Jackie [R-IN-2]</fullName>
      </item>
    </sponsors>
    <committees>
      <billCommittees>
        <item>
          <systemCode>hsfa00</systemCode>
          <name>Foreign Affairs Committee</name>
          <type>Standing</type>
          <activities>
            <item>
              <name>Referred to</name>
              <date>2017-02-07T15:07:30Z</date>
            </item>
          </activities>
          <chamber>House</chamber>
          <subcommittees />
        </item>
      </billCommittees>
    </committees>
    <cosponsors />
    <constitutionalAuthorityStatementText />
    <policyArea>
      <name>International Affairs</name>
    </policyArea>
    <cboCostEstimates />
    <laws />
    <congress>115</congress>
    <version>1.0.0</version>
    <introducedDate>2017-02-07</introducedDate>
    <committeeReports />
    <titles>
      <item>
        <parentTitleType />
        <chamberCode />
        <titleType>Official Title as Introduced</titleType>
        <chamberName />
        <title>Deploring the actions of the Palestinian Authority to join the International Criminal Court and undertake legal action through the Court against Israel.</title>
      </item>
      <item>
        <parentTitleType />
        <chamberCode />
        <titleType>Display Title</titleType>
        <chamberName />
        <title>Deploring the actions of the Palestinian Authority to join the International Criminal Court and undertake legal action through the Court against Israel.</title>
      </item>
    </titles>
    <calendarNumbers />
    <subjects>
      <billSubjects>
        <policyArea>
          <name>International Affairs</name>
        </policyArea>
        <legislativeSubjects>
          <item>
            <name>Alliances</name>
          </item>
          <item>
            <name>International law and treaties</name>
          </item>
          <item>
            <name>International organizations and cooperation</name>
          </item>
          <item>
            <name>Military operations and strategy</name>
          </item>
        </legislativeSubjects>
      </billSubjects>
    </subjects>
    <billType>HRES</billType>
  </bill>
  <dublinCore xmlns:dc="http://purl.org/dc/elements/1.1/">
    <dc:format>text/xml</dc:format>
    <dc:language>EN</dc:language>
    <dc:rights>Pursuant to Title 17 Section 105 of the United States Code, this file is not subject to copyright protection and is in the public domain.</dc:rights>
    <dc:contributor>Congressional Research Service, Library of Congress</dc:contributor>
    <dc:description>This file contains bill summaries and statuses for federal legislation. A bill summary describes the most significant provisions of a piece of legislation and details the effects the legislative text may have on current law and federal programs. Bill summaries are authored by the Congressional Research Service (CRS) of the Library of Congress. As stated in Public Law 91-510 (2 USC 166 (d)(6)), one of the duties of CRS is "to prepare summaries and digests of bills and resolutions of a public general nature introduced in the Senate or House of Representatives". For more information, refer to the User Guide that accompanies this file.</dc:description>
  </dublinCore>
</billStatus>

