<?xml version="1.0" encoding="UTF-8"?>
<billStatus>
  <bill>
    <billNumber>407</billNumber>
    <relatedBills />
    <originChamber>House</originChamber>
    <recordedVotes />
    <latestAction>
      <text>Motion to reconsider laid on the table Agreed to without objection.</text>
      <links />
      <actionDate>2017-12-12</actionDate>
      <actionTime>15:41:54</actionTime>
    </latestAction>
    <createDate>2017-06-27T03:11:34Z</createDate>
    <title>Condemning the persecution of Christians around the world.</title>
    <summaries>
      <billSummaries>
        <item>
          <lastSummaryUpdateDate>2017-09-28T19:26:39Z</lastSummaryUpdateDate>
          <updateDate>2017-06-26T04:00:00Z</updateDate>
          <versionCode>00</versionCode>
          <text><![CDATA[<p>Condemns the persecution of Christians around the world.</p> <p>Calls on: (1) discriminatory regimes to cease their persecution of Christians and religious minorities, and (2) the President and the heads of the governments of all democratic countries to uphold the right to religious freedom and condemn the persecution of Christians.</p>]]></text>
          <name>Introduced in House</name>
          <actionDesc>Introduced in House</actionDesc>
          <actionDate>2017-06-26</actionDate>
        </item>
        <item>
          <lastSummaryUpdateDate>2018-01-30T16:08:39Z</lastSummaryUpdateDate>
          <updateDate>2017-12-12T14:45:53Z</updateDate>
          <versionCode>36</versionCode>
          <text><![CDATA[<p>Condemns all violations of religious freedom and affirms that religious freedom is a fundamental right of every individual that should never be arbitrarily abridged by any government. </p> <p>Condemns the persecution of Christians around the world.</p> <p>Calls on discriminatory countries to cease their persecution of Christians and religious minorities and combat religious persecution carried out by extremist non-state actors.</p> <p>Urges the President and the heads of the governments of all countries to uphold the right to religious freedom and condemn the persecution of Christians and other religious minorities.</p>]]></text>
          <name>Passed House amended</name>
          <actionDesc>Passed House amended</actionDesc>
          <actionDate>2017-12-12</actionDate>
        </item>
      </billSummaries>
    </summaries>
    <actions>
      <actionTypeCounts>
        <introducedInHouse>1</introducedInHouse>
        <introducedInTheHouse>1</introducedInTheHouse>
        <motionToReconsiderResults>1</motionToReconsiderResults>
        <generalDebate>1</generalDebate>
        <placeholderTextForH>2</placeholderTextForH>
        <finalPassageUnderSuspensionOfTheRulesResults>1</finalPassageUnderSuspensionOfTheRulesResults>
        <considerationByHouse>1</considerationByHouse>
        <actionStageOverride>1</actionStageOverride>
        <billReferrals>1</billReferrals>
        <passedAgreedToInHouse>1</passedAgreedToInHouse>
        <motionMadeToSuspendTheRules>1</motionMadeToSuspendTheRules>
      </actionTypeCounts>
      <item>
        <type>Floor</type>
        <text>Motion to reconsider laid on the table Agreed to without objection.</text>
        <links />
        <committee />
        <actionTime>15:41:54</actionTime>
        <sourceSystem>
          <code>2</code>
          <name>House floor actions</name>
        </sourceSystem>
        <actionDate>2017-12-12</actionDate>
        <actionCode>H38310</actionCode>
      </item>
      <item>
        <type>Floor</type>
        <text>On motion to suspend the rules and agree to the resolution, as amended Agreed to by voice vote. (text: CR H9821)</text>
        <links>
          <link>
            <name>H9821</name>
            <url>https://www.congress.gov/congressional-record/volume-163/house-section/page/H9821</url>
          </link>
        </links>
        <committee />
        <actionTime>15:41:53</actionTime>
        <sourceSystem>
          <code>2</code>
          <name>House floor actions</name>
        </sourceSystem>
        <actionDate>2017-12-12</actionDate>
        <actionCode>H37300</actionCode>
      </item>
      <item>
        <type>Floor</type>
        <text>Passed/agreed to in House: On motion to suspend the rules and agree to the resolution, as amended Agreed to by voice vote.</text>
        <links />
        <committee />
        <actionTime>15:41:53</actionTime>
        <sourceSystem>
          <code>9</code>
          <name>Library of Congress</name>
        </sourceSystem>
        <actionDate>2017-12-12</actionDate>
        <actionCode>8000</actionCode>
      </item>
      <item>
        <type>Floor</type>
        <text>DEBATE - The House proceeded with forty minutes of debate on H. Res. 407.</text>
        <links>
          <link>
            <name>H. Res. 407</name>
            <url>https://www.congress.gov/bill/115th-congress/house-resolution/407</url>
          </link>
        </links>
        <committee />
        <actionTime>15:24:58</actionTime>
        <sourceSystem>
          <code>2</code>
          <name>House floor actions</name>
        </sourceSystem>
        <actionDate>2017-12-12</actionDate>
        <actionCode>H8D000</actionCode>
      </item>
      <item>
        <type>Floor</type>
        <text>Considered under suspension of the rules. (consideration: CR H9821-9824)</text>
        <links>
          <link>
            <name>H9821-9824</name>
            <url>https://www.congress.gov/congressional-record/volume-163/house-section/page/H9821-9824</url>
          </link>
        </links>
        <committee />
        <actionTime>15:24:56</actionTime>
        <sourceSystem>
          <code>2</code>
          <name>House floor actions</name>
        </sourceSystem>
        <actionDate>2017-12-12</actionDate>
        <actionCode>H30000</actionCode>
      </item>
      <item>
        <type>Floor</type>
        <text>Mr. Royce (CA) moved to suspend the rules and agree to the resolution, as amended.</text>
        <links />
        <committee />
        <actionTime>15:24:40</actionTime>
        <sourceSystem>
          <code>2</code>
          <name>House floor actions</name>
        </sourceSystem>
        <actionDate>2017-12-12</actionDate>
        <actionCode>H30300</actionCode>
      </item>
      <item>
        <actionDate>2017-11-15</actionDate>
        <committee>
          <systemCode>hsfa00</systemCode>
          <name>Foreign Affairs Committee</name>
        </committee>
        <links />
        <sourceSystem>
          <code>1</code>
          <name>House committee actions</name>
        </sourceSystem>
        <text>Ordered to be Reported in the Nature of a Substitute (Amended) by Voice Vote.</text>
        <type>Committee</type>
      </item>
      <item>
        <actionDate>2017-11-15</actionDate>
        <committee>
          <systemCode>hsfa00</systemCode>
          <name>Foreign Affairs Committee</name>
        </committee>
        <links />
        <sourceSystem>
          <code>1</code>
          <name>House committee actions</name>
        </sourceSystem>
        <text>Committee Consideration and Mark-up Session Held.</text>
        <type>Committee</type>
      </item>
      <item>
        <actionDate>2017-07-06</actionDate>
        <committee>
          <systemCode>hsfa16</systemCode>
          <name>Africa, Global Health, Global Human Rights and International Organizations Subcommittee</name>
        </committee>
        <links />
        <sourceSystem>
          <code>1</code>
          <name>House committee actions</name>
        </sourceSystem>
        <text>Referred to the Subcommittee on Africa, Global Health, Global Human Rights and International Organizations.</text>
        <type>Committee</type>
      </item>
      <item>
        <type>IntroReferral</type>
        <text>Referred to the House Committee on Foreign Affairs.</text>
        <links />
        <committee>
          <systemCode>hsfa00</systemCode>
          <name>Foreign Affairs Committee</name>
        </committee>
        <sourceSystem>
          <code>2</code>
          <name>House floor actions</name>
        </sourceSystem>
        <actionDate>2017-06-26</actionDate>
        <actionCode>H11100</actionCode>
      </item>
      <item>
        <type>IntroReferral</type>
        <text>Introduced in House</text>
        <links />
        <committee />
        <sourceSystem>
          <code>9</code>
          <name>Library of Congress</name>
        </sourceSystem>
        <actionDate>2017-06-26</actionDate>
        <actionCode>Intro-H</actionCode>
      </item>
      <item>
        <type>IntroReferral</type>
        <text>Introduced in House</text>
        <links />
        <committee />
        <sourceSystem>
          <code>9</code>
          <name>Library of Congress</name>
        </sourceSystem>
        <actionDate>2017-06-26</actionDate>
        <actionCode>1000</actionCode>
      </item>
      <actionByCounts>
        <houseOfRepresentatives>12</houseOfRepresentatives>
      </actionByCounts>
    </actions>
    <updateDate>2018-02-06T16:39:51Z</updateDate>
    <amendments />
    <notes />
    <sponsors>
      <item>
        <bioguideId>G000576</bioguideId>
        <district>6</district>
        <middleName />
        <byRequestType />
        <firstName>Glenn</firstName>
        <lastName>Grothman</lastName>
        <state>WI</state>
        <party>R</party>
        <identifiers>
          <lisID>2276</lisID>
          <gpoId />
          <bioguideId>G000576</bioguideId>
        </identifiers>
        <fullName>Rep. Grothman, Glenn [R-WI-6]</fullName>
      </item>
    </sponsors>
    <committees>
      <billCommittees>
        <item>
          <chamber>House</chamber>
          <subcommittees>
            <item>
              <activities>
                <item>
                  <date>2017-07-06T13:45:22Z</date>
                  <name>Referred to</name>
                </item>
              </activities>
              <systemCode>hsfa16</systemCode>
              <name>Africa, Global Health, Global Human Rights and International Organizations Subcommittee</name>
            </item>
          </subcommittees>
          <type>Standing</type>
          <activities>
            <item>
              <date>2017-11-15T17:56:26Z</date>
              <name>Markup by</name>
            </item>
            <item>
              <date>2017-06-26T16:01:05Z</date>
              <name>Referred to</name>
            </item>
          </activities>
          <systemCode>hsfa00</systemCode>
          <name>Foreign Affairs Committee</name>
        </item>
      </billCommittees>
    </committees>
    <cosponsors>
      <item>
        <isOriginalCosponsor>True</isOriginalCosponsor>
        <fullName>Rep. Babin, Brian [R-TX-36]</fullName>
        <middleName />
        <sponsorshipDate>2017-06-26</sponsorshipDate>
        <bioguideId>B001291</bioguideId>
        <lastName>Babin</lastName>
        <party>R</party>
        <district>36</district>
        <firstName>Brian</firstName>
        <state>TX</state>
        <identifiers>
          <lisID>2270</lisID>
          <bioguideId>B001291</bioguideId>
          <gpoId />
        </identifiers>
        <sponsorshipWithdrawnDate />
      </item>
      <item>
        <isOriginalCosponsor>True</isOriginalCosponsor>
        <fullName>Rep. Harris, Andy [R-MD-1]</fullName>
        <middleName />
        <sponsorshipDate>2017-06-26</sponsorshipDate>
        <bioguideId>H001052</bioguideId>
        <lastName>Harris</lastName>
        <party>R</party>
        <district>1</district>
        <firstName>Andy</firstName>
        <state>MD</state>
        <identifiers>
          <lisID>2026</lisID>
          <bioguideId>H001052</bioguideId>
          <gpoId>7976</gpoId>
        </identifiers>
        <sponsorshipWithdrawnDate />
      </item>
      <item>
        <isOriginalCosponsor>True</isOriginalCosponsor>
        <fullName>Rep. Graves, Tom [R-GA-14]</fullName>
        <middleName />
        <sponsorshipDate>2017-06-26</sponsorshipDate>
        <bioguideId>G000560</bioguideId>
        <lastName>Graves</lastName>
        <party>R</party>
        <district>14</district>
        <firstName>Tom</firstName>
        <state>GA</state>
        <identifiers>
          <bioguideId>G000560</bioguideId>
          <gpoId>7906</gpoId>
          <lisID>1979</lisID>
        </identifiers>
        <sponsorshipWithdrawnDate />
      </item>
      <item>
        <isOriginalCosponsor>True</isOriginalCosponsor>
        <fullName>Rep. Garrett, Thomas A., Jr. [R-VA-5]</fullName>
        <middleName>A.</middleName>
        <sponsorshipDate>2017-06-26</sponsorshipDate>
        <bioguideId>G000580</bioguideId>
        <lastName>Garrett</lastName>
        <party>R</party>
        <district>5</district>
        <firstName>Thomas</firstName>
        <state>VA</state>
        <identifiers>
          <gpoId />
          <bioguideId>G000580</bioguideId>
          <lisID>2353</lisID>
        </identifiers>
        <sponsorshipWithdrawnDate />
      </item>
      <item>
        <isOriginalCosponsor>True</isOriginalCosponsor>
        <fullName>Rep. Yoho, Ted S. [R-FL-3]</fullName>
        <middleName>S.</middleName>
        <sponsorshipDate>2017-06-26</sponsorshipDate>
        <bioguideId>Y000065</bioguideId>
        <lastName>Yoho</lastName>
        <party>R</party>
        <district>3</district>
        <firstName>Ted</firstName>
        <state>FL</state>
        <identifiers>
          <lisID>2115</lisID>
          <gpoId />
          <bioguideId>Y000065</bioguideId>
        </identifiers>
        <sponsorshipWithdrawnDate />
      </item>
      <item>
        <isOriginalCosponsor>True</isOriginalCosponsor>
        <fullName>Rep. DeSantis, Ron [R-FL-6]</fullName>
        <middleName />
        <sponsorshipDate>2017-06-26</sponsorshipDate>
        <bioguideId>D000621</bioguideId>
        <lastName>DeSantis</lastName>
        <party>R</party>
        <district>6</district>
        <firstName>Ron</firstName>
        <state>FL</state>
        <identifiers>
          <lisID>2116</lisID>
          <gpoId />
          <bioguideId>D000621</bioguideId>
        </identifiers>
        <sponsorshipWithdrawnDate />
      </item>
      <item>
        <isOriginalCosponsor>True</isOriginalCosponsor>
        <fullName>Rep. Biggs, Andy [R-AZ-5]</fullName>
        <middleName />
        <sponsorshipDate>2017-06-26</sponsorshipDate>
        <bioguideId>B001302</bioguideId>
        <lastName>Biggs</lastName>
        <party>R</party>
        <district>5</district>
        <firstName>Andy</firstName>
        <state>AZ</state>
        <identifiers>
          <lisID>2307</lisID>
          <gpoId />
          <bioguideId>B001302</bioguideId>
        </identifiers>
        <sponsorshipWithdrawnDate />
      </item>
      <item>
        <isOriginalCosponsor>True</isOriginalCosponsor>
        <fullName>Rep. Johnson, Mike [R-LA-4]</fullName>
        <middleName />
        <sponsorshipDate>2017-06-26</sponsorshipDate>
        <bioguideId>J000299</bioguideId>
        <lastName>Johnson</lastName>
        <party>R</party>
        <district>4</district>
        <firstName>Mike</firstName>
        <state>LA</state>
        <identifiers>
          <lisID>2330</lisID>
          <bioguideId>J000299</bioguideId>
          <gpoId />
        </identifiers>
        <sponsorshipWithdrawnDate />
      </item>
      <item>
        <isOriginalCosponsor>True</isOriginalCosponsor>
        <fullName>Rep. Gosar, Paul A. [R-AZ-4]</fullName>
        <middleName>A.</middleName>
        <sponsorshipDate>2017-06-26</sponsorshipDate>
        <bioguideId>G000565</bioguideId>
        <lastName>Gosar</lastName>
        <party>R</party>
        <district>4</district>
        <firstName>Paul</firstName>
        <state>AZ</state>
        <identifiers>
          <lisID>1992</lisID>
          <bioguideId>G000565</bioguideId>
          <gpoId>7798</gpoId>
        </identifiers>
        <sponsorshipWithdrawnDate />
      </item>
      <item>
        <isOriginalCosponsor>True</isOriginalCosponsor>
        <fullName>Rep. Allen, Rick W. [R-GA-12]</fullName>
        <middleName>W.</middleName>
        <sponsorshipDate>2017-06-26</sponsorshipDate>
        <bioguideId>A000372</bioguideId>
        <lastName>Allen</lastName>
        <party>R</party>
        <district>12</district>
        <firstName>Rick</firstName>
        <state>GA</state>
        <identifiers>
          <lisID>2239</lisID>
          <bioguideId>A000372</bioguideId>
          <gpoId />
        </identifiers>
        <sponsorshipWithdrawnDate />
      </item>
      <item>
        <isOriginalCosponsor>True</isOriginalCosponsor>
        <fullName>Rep. Hice, Jody B. [R-GA-10]</fullName>
        <middleName>B.</middleName>
        <sponsorshipDate>2017-06-26</sponsorshipDate>
        <bioguideId>H001071</bioguideId>
        <lastName>Hice</lastName>
        <party>R</party>
        <district>10</district>
        <firstName>Jody</firstName>
        <state>GA</state>
        <identifiers>
          <gpoId />
          <bioguideId>H001071</bioguideId>
          <lisID>2237</lisID>
        </identifiers>
        <sponsorshipWithdrawnDate />
      </item>
      <item>
        <isOriginalCosponsor>True</isOriginalCosponsor>
        <fullName>Rep. Rice, Tom [R-SC-7]</fullName>
        <middleName />
        <sponsorshipDate>2017-06-26</sponsorshipDate>
        <bioguideId>R000597</bioguideId>
        <lastName>Rice</lastName>
        <party>R</party>
        <district>7</district>
        <firstName>Tom</firstName>
        <state>SC</state>
        <identifiers>
          <lisID>2160</lisID>
          <bioguideId>R000597</bioguideId>
          <gpoId />
        </identifiers>
        <sponsorshipWithdrawnDate />
      </item>
      <item>
        <isOriginalCosponsor>True</isOriginalCosponsor>
        <fullName>Rep. Vargas, Juan [D-CA-51]</fullName>
        <middleName />
        <sponsorshipDate>2017-06-26</sponsorshipDate>
        <bioguideId>V000130</bioguideId>
        <lastName>Vargas</lastName>
        <party>D</party>
        <district>51</district>
        <firstName>Juan</firstName>
        <state>CA</state>
        <identifiers>
          <lisID>2112</lisID>
          <bioguideId>V000130</bioguideId>
          <gpoId />
        </identifiers>
        <sponsorshipWithdrawnDate />
      </item>
      <item>
        <isOriginalCosponsor>True</isOriginalCosponsor>
        <fullName>Rep. Gaetz, Matt [R-FL-1]</fullName>
        <middleName />
        <sponsorshipDate>2017-06-26</sponsorshipDate>
        <bioguideId>G000578</bioguideId>
        <lastName>Gaetz</lastName>
        <party>R</party>
        <district>1</district>
        <firstName>Matt</firstName>
        <state>FL</state>
        <identifiers>
          <gpoId />
          <lisID>2314</lisID>
          <bioguideId>G000578</bioguideId>
        </identifiers>
        <sponsorshipWithdrawnDate />
      </item>
      <item>
        <isOriginalCosponsor>True</isOriginalCosponsor>
        <fullName>Rep. Granger, Kay [R-TX-12]</fullName>
        <middleName />
        <sponsorshipDate>2017-06-26</sponsorshipDate>
        <bioguideId>G000377</bioguideId>
        <lastName>GRANGER</lastName>
        <party>R</party>
        <district>12</district>
        <firstName>KAY</firstName>
        <state>TX</state>
        <identifiers>
          <lisID>1487</lisID>
          <gpoId>8168</gpoId>
          <bioguideId>G000377</bioguideId>
        </identifiers>
        <sponsorshipWithdrawnDate />
      </item>
      <item>
        <isOriginalCosponsor>True</isOriginalCosponsor>
        <fullName>Rep. King, Steve [R-IA-4]</fullName>
        <middleName />
        <sponsorshipDate>2017-06-26</sponsorshipDate>
        <bioguideId>K000362</bioguideId>
        <lastName>King</lastName>
        <party>R</party>
        <district>4</district>
        <firstName>Steve</firstName>
        <state>IA</state>
        <identifiers>
          <bioguideId>K000362</bioguideId>
          <lisID>1724</lisID>
          <gpoId>7918</gpoId>
        </identifiers>
        <sponsorshipWithdrawnDate />
      </item>
      <item>
        <isOriginalCosponsor>True</isOriginalCosponsor>
        <fullName>Rep. Jordan, Jim [R-OH-4]</fullName>
        <middleName />
        <sponsorshipDate>2017-06-26</sponsorshipDate>
        <bioguideId>J000289</bioguideId>
        <lastName>Jordan</lastName>
        <party>R</party>
        <district>4</district>
        <firstName>Jim</firstName>
        <state>OH</state>
        <identifiers>
          <bioguideId>J000289</bioguideId>
          <lisID>1868</lisID>
          <gpoId>8094</gpoId>
        </identifiers>
        <sponsorshipWithdrawnDate />
      </item>
      <item>
        <isOriginalCosponsor>True</isOriginalCosponsor>
        <fullName>Rep. Perry, Scott [R-PA-4]</fullName>
        <middleName />
        <sponsorshipDate>2017-06-26</sponsorshipDate>
        <bioguideId>P000605</bioguideId>
        <lastName>Perry</lastName>
        <party>R</party>
        <district>4</district>
        <firstName>Scott</firstName>
        <state>PA</state>
        <identifiers>
          <lisID>2157</lisID>
          <bioguideId>P000605</bioguideId>
          <gpoId />
        </identifiers>
        <sponsorshipWithdrawnDate />
      </item>
      <item>
        <isOriginalCosponsor>True</isOriginalCosponsor>
        <fullName>Rep. Faso, John J. [R-NY-19]</fullName>
        <middleName>J.</middleName>
        <sponsorshipDate>2017-06-26</sponsorshipDate>
        <bioguideId>F000464</bioguideId>
        <lastName>Faso</lastName>
        <party>R</party>
        <district>19</district>
        <firstName>John</firstName>
        <state>NY</state>
        <identifiers>
          <bioguideId>F000464</bioguideId>
          <lisID>2343</lisID>
          <gpoId />
        </identifiers>
        <sponsorshipWithdrawnDate />
      </item>
      <item>
        <isOriginalCosponsor>True</isOriginalCosponsor>
        <fullName>Rep. Dunn, Neal P. [R-FL-2]</fullName>
        <middleName>P.</middleName>
        <sponsorshipDate>2017-06-26</sponsorshipDate>
        <bioguideId>D000628</bioguideId>
        <lastName>Dunn</lastName>
        <party>R</party>
        <district>2</district>
        <firstName>Neal</firstName>
        <state>FL</state>
        <identifiers>
          <lisID>2315</lisID>
          <bioguideId>D000628</bioguideId>
          <gpoId />
        </identifiers>
        <sponsorshipWithdrawnDate />
      </item>
      <item>
        <isOriginalCosponsor>True</isOriginalCosponsor>
        <fullName>Rep. Jenkins, Lynn [R-KS-2]</fullName>
        <middleName />
        <sponsorshipDate>2017-06-26</sponsorshipDate>
        <bioguideId>J000290</bioguideId>
        <lastName>Jenkins</lastName>
        <party>R</party>
        <district>2</district>
        <firstName>Lynn</firstName>
        <state>KS</state>
        <identifiers>
          <gpoId>7950</gpoId>
          <lisID>1921</lisID>
          <bioguideId>J000290</bioguideId>
        </identifiers>
        <sponsorshipWithdrawnDate />
      </item>
      <item>
        <isOriginalCosponsor>True</isOriginalCosponsor>
        <fullName>Rep. Tipton, Scott  R. [R-CO-3]</fullName>
        <middleName>R.</middleName>
        <sponsorshipDate>2017-06-26</sponsorshipDate>
        <bioguideId>T000470</bioguideId>
        <lastName>Tipton</lastName>
        <party>R</party>
        <district>3</district>
        <firstName>Scott</firstName>
        <state>CO</state>
        <identifiers>
          <lisID>1997</lisID>
          <bioguideId>T000470</bioguideId>
          <gpoId>7861</gpoId>
        </identifiers>
        <sponsorshipWithdrawnDate />
      </item>
      <item>
        <isOriginalCosponsor>True</isOriginalCosponsor>
        <fullName>Rep. Ross, Dennis A. [R-FL-15]</fullName>
        <middleName>A.</middleName>
        <sponsorshipDate>2017-06-26</sponsorshipDate>
        <bioguideId>R000593</bioguideId>
        <lastName>Ross</lastName>
        <party>R</party>
        <district>15</district>
        <firstName>Dennis</firstName>
        <state>FL</state>
        <identifiers>
          <bioguideId>R000593</bioguideId>
          <gpoId>7884</gpoId>
          <lisID>2003</lisID>
        </identifiers>
        <sponsorshipWithdrawnDate />
      </item>
      <item>
        <isOriginalCosponsor>True</isOriginalCosponsor>
        <fullName>Rep. Simpson, Michael K. [R-ID-2]</fullName>
        <middleName>K.</middleName>
        <sponsorshipDate>2017-06-26</sponsorshipDate>
        <bioguideId>S001148</bioguideId>
        <lastName>SIMPSON</lastName>
        <party>R</party>
        <district>2</district>
        <firstName>MICHAEL</firstName>
        <state>ID</state>
        <identifiers>
          <gpoId>7920</gpoId>
          <lisID>1590</lisID>
          <bioguideId>S001148</bioguideId>
        </identifiers>
        <sponsorshipWithdrawnDate />
      </item>
      <item>
        <isOriginalCosponsor>False</isOriginalCosponsor>
        <fullName>Rep. Bilirakis, Gus M. [R-FL-12]</fullName>
        <middleName>M.</middleName>
        <sponsorshipDate>2017-06-27</sponsorshipDate>
        <bioguideId>B001257</bioguideId>
        <lastName>Bilirakis</lastName>
        <party>R</party>
        <district>12</district>
        <firstName>Gus</firstName>
        <state>FL</state>
        <identifiers>
          <gpoId>7881</gpoId>
          <lisID>1838</lisID>
          <bioguideId>B001257</bioguideId>
        </identifiers>
        <sponsorshipWithdrawnDate />
      </item>
      <item>
        <isOriginalCosponsor>False</isOriginalCosponsor>
        <fullName>Rep. Hartzler, Vicky [R-MO-4]</fullName>
        <middleName />
        <sponsorshipDate>2017-06-29</sponsorshipDate>
        <bioguideId>H001053</bioguideId>
        <lastName>Hartzler</lastName>
        <party>R</party>
        <district>4</district>
        <firstName>Vicky</firstName>
        <state>MO</state>
        <identifiers>
          <lisID>2032</lisID>
          <gpoId>8012</gpoId>
          <bioguideId>H001053</bioguideId>
        </identifiers>
        <sponsorshipWithdrawnDate />
      </item>
      <item>
        <isOriginalCosponsor>False</isOriginalCosponsor>
        <fullName>Rep. Rooney, Francis [R-FL-19]</fullName>
        <middleName />
        <sponsorshipDate>2017-07-11</sponsorshipDate>
        <bioguideId>R000607</bioguideId>
        <lastName>Rooney</lastName>
        <party>R</party>
        <district>19</district>
        <firstName>Francis</firstName>
        <state>FL</state>
        <identifiers>
          <bioguideId>R000607</bioguideId>
          <lisID>2323</lisID>
          <gpoId />
        </identifiers>
        <sponsorshipWithdrawnDate />
      </item>
      <item>
        <isOriginalCosponsor>False</isOriginalCosponsor>
        <fullName>Rep. Evans, Dwight [D-PA-2]</fullName>
        <middleName />
        <sponsorshipDate>2017-07-12</sponsorshipDate>
        <bioguideId>E000296</bioguideId>
        <lastName>Evans</lastName>
        <party>D</party>
        <district>2</district>
        <firstName>Dwight</firstName>
        <state>PA</state>
        <identifiers>
          <bioguideId>E000296</bioguideId>
          <lisID>2298</lisID>
          <gpoId />
        </identifiers>
        <sponsorshipWithdrawnDate />
      </item>
      <item>
        <isOriginalCosponsor>False</isOriginalCosponsor>
        <fullName>Rep. Poe, Ted [R-TX-2]</fullName>
        <middleName />
        <sponsorshipDate>2017-07-13</sponsorshipDate>
        <bioguideId>P000592</bioguideId>
        <lastName>Poe</lastName>
        <party>R</party>
        <district>2</district>
        <firstName>Ted</firstName>
        <state>TX</state>
        <identifiers>
          <bioguideId>P000592</bioguideId>
          <lisID>1802</lisID>
          <gpoId>8158</gpoId>
        </identifiers>
        <sponsorshipWithdrawnDate />
      </item>
      <item>
        <isOriginalCosponsor>False</isOriginalCosponsor>
        <fullName>Rep. Comstock, Barbara [R-VA-10]</fullName>
        <middleName />
        <sponsorshipDate>2017-07-14</sponsorshipDate>
        <bioguideId>C001105</bioguideId>
        <lastName>Comstock</lastName>
        <party>R</party>
        <district>10</district>
        <firstName>Barbara</firstName>
        <state>VA</state>
        <identifiers>
          <bioguideId>C001105</bioguideId>
          <lisID>2273</lisID>
          <gpoId />
        </identifiers>
        <sponsorshipWithdrawnDate />
      </item>
      <item>
        <isOriginalCosponsor>False</isOriginalCosponsor>
        <fullName>Rep. Franks, Trent [R-AZ-8]</fullName>
        <middleName />
        <sponsorshipDate>2017-07-18</sponsorshipDate>
        <bioguideId>F000448</bioguideId>
        <lastName>Franks</lastName>
        <party>R</party>
        <district>8</district>
        <firstName>Trent</firstName>
        <state>AZ</state>
        <identifiers>
          <gpoId>7799</gpoId>
          <lisID>1707</lisID>
          <bioguideId>F000448</bioguideId>
        </identifiers>
        <sponsorshipWithdrawnDate />
      </item>
      <item>
        <isOriginalCosponsor>False</isOriginalCosponsor>
        <fullName>Rep. Aderholt, Robert B. [R-AL-4]</fullName>
        <middleName>B.</middleName>
        <sponsorshipDate>2017-11-13</sponsorshipDate>
        <bioguideId>A000055</bioguideId>
        <lastName>ADERHOLT</lastName>
        <party>R</party>
        <district>4</district>
        <firstName>ROBERT</firstName>
        <state>AL</state>
        <identifiers>
          <bioguideId>A000055</bioguideId>
          <lisID>1460</lisID>
          <gpoId>7789</gpoId>
        </identifiers>
        <sponsorshipWithdrawnDate />
      </item>
      <item>
        <isOriginalCosponsor>False</isOriginalCosponsor>
        <fullName>Rep. Wilson, Joe [R-SC-2]</fullName>
        <middleName />
        <sponsorshipDate>2017-11-15</sponsorshipDate>
        <bioguideId>W000795</bioguideId>
        <lastName>Wilson</lastName>
        <party>R</party>
        <district>2</district>
        <firstName>Joe</firstName>
        <state>SC</state>
        <identifiers>
          <lisID>1688</lisID>
          <bioguideId>W000795</bioguideId>
          <gpoId>8142</gpoId>
        </identifiers>
        <sponsorshipWithdrawnDate />
      </item>
      <item>
        <isOriginalCosponsor>False</isOriginalCosponsor>
        <fullName>Rep. Lamborn, Doug [R-CO-5]</fullName>
        <middleName />
        <sponsorshipDate>2017-12-11</sponsorshipDate>
        <bioguideId>L000564</bioguideId>
        <lastName>Lamborn</lastName>
        <party>R</party>
        <district>5</district>
        <firstName>Doug</firstName>
        <state>CO</state>
        <identifiers>
          <bioguideId>L000564</bioguideId>
          <gpoId>7863</gpoId>
          <lisID>1834</lisID>
        </identifiers>
        <sponsorshipWithdrawnDate />
      </item>
      <item>
        <isOriginalCosponsor>False</isOriginalCosponsor>
        <fullName>Rep. Maloney, Carolyn B. [D-NY-12]</fullName>
        <middleName>B.</middleName>
        <sponsorshipDate>2017-12-12</sponsorshipDate>
        <bioguideId>M000087</bioguideId>
        <lastName>MALONEY</lastName>
        <party>D</party>
        <district>12</district>
        <firstName>CAROLYN</firstName>
        <state>NY</state>
        <identifiers>
          <bioguideId>M000087</bioguideId>
          <lisID>729</lisID>
          <gpoId>8075</gpoId>
        </identifiers>
        <sponsorshipWithdrawnDate />
      </item>
    </cosponsors>
    <constitutionalAuthorityStatementText />
    <policyArea>
      <name>International Affairs</name>
    </policyArea>
    <cboCostEstimates />
    <laws />
    <congress>115</congress>
    <version>1.0.0</version>
    <introducedDate>2017-06-26</introducedDate>
    <committeeReports />
    <titles>
      <item>
        <chamberCode />
        <chamberName />
        <parentTitleType />
        <titleType>Official Title as Introduced</titleType>
        <title>Condemning the persecution of Christians around the world.</title>
      </item>
      <item>
        <chamberCode />
        <chamberName />
        <parentTitleType />
        <titleType>Display Title</titleType>
        <title>Condemning the persecution of Christians around the world.</title>
      </item>
    </titles>
    <calendarNumbers />
    <subjects>
      <billSubjects>
        <legislativeSubjects>
          <item>
            <name>Human rights</name>
          </item>
          <item>
            <name>Racial and ethnic relations</name>
          </item>
          <item>
            <name>Religion</name>
          </item>
        </legislativeSubjects>
        <policyArea>
          <name>International Affairs</name>
        </policyArea>
      </billSubjects>
    </subjects>
    <billType>HRES</billType>
  </bill>
  <dublinCore xmlns:dc="http://purl.org/dc/elements/1.1/">
    <dc:format>text/xml</dc:format>
    <dc:language>EN</dc:language>
    <dc:rights>Pursuant to Title 17 Section 105 of the United States Code, this file is not subject to copyright protection and is in the public domain.</dc:rights>
    <dc:contributor>Congressional Research Service, Library of Congress</dc:contributor>
    <dc:description>This file contains bill summaries and statuses for federal legislation. A bill summary describes the most significant provisions of a piece of legislation and details the effects the legislative text may have on current law and federal programs. Bill summaries are authored by the Congressional Research Service (CRS) of the Library of Congress. As stated in Public Law 91-510 (2 USC 166 (d)(6)), one of the duties of CRS is "to prepare summaries and digests of bills and resolutions of a public general nature introduced in the Senate or House of Representatives". For more information, refer to the User Guide that accompanies this file.</dc:description>
  </dublinCore>
</billStatus>

