<?xml version="1.0" encoding="UTF-8"?>
<billStatus>
  <bill>
    <calendarNumbers />
    <constitutionalAuthorityStatementText />
    <congress>115</congress>
    <titles>
      <item>
        <chamberName />
        <titleType>Official Title as Introduced</titleType>
        <title>Expressing support for the designation of July 29, 2017, as "Paralympic and Adaptive Sport Day".</title>
        <parentTitleType />
        <chamberCode />
      </item>
      <item>
        <chamberName />
        <titleType>Display Title</titleType>
        <title>Expressing support for the designation of July 29, 2017, as "Paralympic and Adaptive Sport Day".</title>
        <parentTitleType />
        <chamberCode />
      </item>
    </titles>
    <introducedDate>2017-07-11</introducedDate>
    <latestAction>
      <actionDate>2017-07-26</actionDate>
      <text>Referred to the Subcommittee on Military Personnel.</text>
      <links />
    </latestAction>
    <title>Expressing support for the designation of July 29, 2017, as "Paralympic and Adaptive Sport Day".</title>
    <subjects>
      <billSubjects>
        <policyArea>
          <name>Sports and Recreation</name>
        </policyArea>
        <legislativeSubjects>
          <item>
            <name>Athletes</name>
          </item>
          <item>
            <name>Commemorative events and holidays</name>
          </item>
          <item>
            <name>Congressional tributes</name>
          </item>
          <item>
            <name>Disability and paralysis</name>
          </item>
          <item>
            <name>Military personnel and dependents</name>
          </item>
          <item>
            <name>Olympic games</name>
          </item>
          <item>
            <name>Veterans' organizations and recognition</name>
          </item>
        </legislativeSubjects>
      </billSubjects>
    </subjects>
    <relatedBills>
      <item>
        <latestTitle>A resolution designating July 29, 2017, as "Paralympic and Adaptive Sport Day".</latestTitle>
        <number>247</number>
        <latestAction>
          <actionDate>2017-08-03</actionDate>
          <text>Submitted in the Senate, considered, and agreed to without amendment and with a preamble by Unanimous Consent. (consideration: CR S4882, S4894; text: CR S4882)</text>
        </latestAction>
        <congress>115</congress>
        <relationshipDetails>
          <item>
            <identifiedBy>CRS</identifiedBy>
            <type>Related bill</type>
          </item>
        </relationshipDetails>
        <type>SRES</type>
      </item>
    </relatedBills>
    <updateDate>2018-02-06T16:39:53Z</updateDate>
    <committeeReports />
    <notes />
    <recordedVotes />
    <amendments />
    <billType>HRES</billType>
    <committees>
      <billCommittees>
        <item>
          <systemCode>hsas00</systemCode>
          <name>Armed Services Committee</name>
          <type>Standing</type>
          <activities>
            <item>
              <name>Referred to</name>
              <date>2017-07-11T16:00:47Z</date>
            </item>
          </activities>
          <chamber>House</chamber>
          <subcommittees>
            <item>
              <activities>
                <item>
                  <name>Referred to</name>
                  <date>2017-07-26T15:37:13Z</date>
                </item>
              </activities>
              <systemCode>hsas02</systemCode>
              <name>Military Personnel Subcommittee</name>
            </item>
          </subcommittees>
        </item>
        <item>
          <systemCode>hsvr00</systemCode>
          <name>Veterans' Affairs Committee</name>
          <type>Standing</type>
          <activities>
            <item>
              <name>Referred to</name>
              <date>2017-07-11T16:00:52Z</date>
            </item>
          </activities>
          <chamber>House</chamber>
          <subcommittees />
        </item>
        <item>
          <systemCode>hsfa00</systemCode>
          <name>Foreign Affairs Committee</name>
          <type>Standing</type>
          <activities>
            <item>
              <name>Referred to</name>
              <date>2017-07-11T16:00:42Z</date>
            </item>
          </activities>
          <chamber>House</chamber>
          <subcommittees />
        </item>
      </billCommittees>
    </committees>
    <cboCostEstimates />
    <billNumber>436</billNumber>
    <policyArea>
      <name>Sports and Recreation</name>
    </policyArea>
    <version>1.0.0</version>
    <createDate>2017-07-12T03:11:32Z</createDate>
    <originChamber>House</originChamber>
    <actions>
      <actionTypeCounts>
        <introducedInHouse>1</introducedInHouse>
        <introducedInTheHouse>1</introducedInTheHouse>
        <billReferrals>3</billReferrals>
        <placeholderTextForH>1</placeholderTextForH>
      </actionTypeCounts>
      <item>
        <actionDate>2017-07-26</actionDate>
        <committee>
          <systemCode>hsas02</systemCode>
          <name>Military Personnel Subcommittee</name>
        </committee>
        <links />
        <sourceSystem>
          <code>1</code>
          <name>House committee actions</name>
        </sourceSystem>
        <text>Referred to the Subcommittee on Military Personnel.</text>
        <type>Committee</type>
      </item>
      <item>
        <type>IntroReferral</type>
        <text>Referred to the Committee on Foreign Affairs, and in addition to the Committees on Armed Services, and Veterans' Affairs, for a period to be subsequently determined by the Speaker, in each case for consideration of such provisions as fall within the jurisdiction of the committee concerned.</text>
        <links />
        <committee>
          <systemCode>hsvr00</systemCode>
          <name>Veterans' Affairs Committee</name>
        </committee>
        <sourceSystem>
          <code>2</code>
          <name>House floor actions</name>
        </sourceSystem>
        <actionDate>2017-07-11</actionDate>
        <actionCode>H11100</actionCode>
      </item>
      <item>
        <type>IntroReferral</type>
        <text>Referred to the Committee on Foreign Affairs, and in addition to the Committees on Armed Services, and Veterans' Affairs, for a period to be subsequently determined by the Speaker, in each case for consideration of such provisions as fall within the jurisdiction of the committee concerned.</text>
        <links />
        <committee>
          <systemCode>hsas00</systemCode>
          <name>Armed Services Committee</name>
        </committee>
        <sourceSystem>
          <code>2</code>
          <name>House floor actions</name>
        </sourceSystem>
        <actionDate>2017-07-11</actionDate>
        <actionCode>H11100</actionCode>
      </item>
      <item>
        <type>IntroReferral</type>
        <text>Referred to the Committee on Foreign Affairs, and in addition to the Committees on Armed Services, and Veterans' Affairs, for a period to be subsequently determined by the Speaker, in each case for consideration of such provisions as fall within the jurisdiction of the committee concerned.</text>
        <links />
        <committee>
          <systemCode>hsfa00</systemCode>
          <name>Foreign Affairs Committee</name>
        </committee>
        <sourceSystem>
          <code>2</code>
          <name>House floor actions</name>
        </sourceSystem>
        <actionDate>2017-07-11</actionDate>
        <actionCode>H11100</actionCode>
      </item>
      <item>
        <type>IntroReferral</type>
        <text>Introduced in House</text>
        <links />
        <committee />
        <sourceSystem>
          <code>9</code>
          <name>Library of Congress</name>
        </sourceSystem>
        <actionDate>2017-07-11</actionDate>
        <actionCode>Intro-H</actionCode>
      </item>
      <item>
        <type>IntroReferral</type>
        <text>Introduced in House</text>
        <links />
        <committee />
        <sourceSystem>
          <code>9</code>
          <name>Library of Congress</name>
        </sourceSystem>
        <actionDate>2017-07-11</actionDate>
        <actionCode>1000</actionCode>
      </item>
      <actionByCounts>
        <houseOfRepresentatives>6</houseOfRepresentatives>
      </actionByCounts>
    </actions>
    <sponsors>
      <item>
        <party>D</party>
        <bioguideId>L000559</bioguideId>
        <district>2</district>
        <firstName>JAMES</firstName>
        <middleName>R.</middleName>
        <state>RI</state>
        <fullName>Rep. Langevin, James R. [D-RI-2]</fullName>
        <identifiers>
          <gpoId>8140</gpoId>
          <lisID>1668</lisID>
          <bioguideId>L000559</bioguideId>
        </identifiers>
        <lastName>LANGEVIN</lastName>
        <byRequestType />
      </item>
    </sponsors>
    <summaries>
      <billSummaries>
        <item>
          <text><![CDATA[<p> Express support for: (1) the designation of Paralympic and Adaptive Sport Day, and (2) the inclusive goals of the Paralympic Movement.</p> <p>Recognizes: (1) the value of sport for athletes with a disability, and (2) the contribution and sacrifice of members of the Armed Forces who have sustained a traumatic injury and acquired a disability in the service of the United States.</p> <p> Promotes a more inclusive society for all people with a disability through paralympic and adaptive sport.<br> </p>]]></text>
          <actionDate>2017-07-11</actionDate>
          <updateDate>2017-07-11T04:00:00Z</updateDate>
          <lastSummaryUpdateDate>2017-09-26T19:48:56Z</lastSummaryUpdateDate>
          <name>Introduced in House</name>
          <actionDesc>Introduced in House</actionDesc>
          <versionCode>00</versionCode>
        </item>
      </billSummaries>
    </summaries>
    <laws />
    <cosponsors>
      <item>
        <isOriginalCosponsor>True</isOriginalCosponsor>
        <firstName>Ed</firstName>
        <party>D</party>
        <sponsorshipDate>2017-07-11</sponsorshipDate>
        <lastName>Perlmutter</lastName>
        <bioguideId>P000593</bioguideId>
        <middleName />
        <identifiers>
          <bioguideId>P000593</bioguideId>
          <lisID>1835</lisID>
          <gpoId>7865</gpoId>
        </identifiers>
        <fullName>Rep. Perlmutter, Ed [D-CO-7]</fullName>
        <state>CO</state>
        <district>7</district>
        <sponsorshipWithdrawnDate />
      </item>
      <item>
        <isOriginalCosponsor>True</isOriginalCosponsor>
        <firstName>David</firstName>
        <party>R</party>
        <sponsorshipDate>2017-07-11</sponsorshipDate>
        <lastName>Reichert</lastName>
        <bioguideId>R000578</bioguideId>
        <middleName>G.</middleName>
        <identifiers>
          <lisID>1810</lisID>
          <gpoId>8212</gpoId>
          <bioguideId>R000578</bioguideId>
        </identifiers>
        <fullName>Rep. Reichert, David G. [R-WA-8]</fullName>
        <state>WA</state>
        <district>8</district>
        <sponsorshipWithdrawnDate />
      </item>
      <item>
        <isOriginalCosponsor>True</isOriginalCosponsor>
        <firstName>Thomas</firstName>
        <party>R</party>
        <sponsorshipDate>2017-07-11</sponsorshipDate>
        <lastName>Rooney</lastName>
        <bioguideId>R000583</bioguideId>
        <middleName>J.</middleName>
        <identifiers>
          <lisID>1916</lisID>
          <bioguideId>R000583</bioguideId>
          <gpoId>7888</gpoId>
        </identifiers>
        <fullName>Rep. Rooney, Thomas J. [R-FL-17]</fullName>
        <state>FL</state>
        <district>17</district>
        <sponsorshipWithdrawnDate />
      </item>
      <item>
        <isOriginalCosponsor>False</isOriginalCosponsor>
        <firstName>Dwight</firstName>
        <party>D</party>
        <sponsorshipDate>2017-07-28</sponsorshipDate>
        <lastName>Evans</lastName>
        <bioguideId>E000296</bioguideId>
        <middleName />
        <identifiers>
          <bioguideId>E000296</bioguideId>
          <lisID>2298</lisID>
          <gpoId />
        </identifiers>
        <fullName>Rep. Evans, Dwight [D-PA-2]</fullName>
        <state>PA</state>
        <district>2</district>
        <sponsorshipWithdrawnDate />
      </item>
      <item>
        <isOriginalCosponsor>False</isOriginalCosponsor>
        <firstName>Steve</firstName>
        <party>D</party>
        <sponsorshipDate>2017-07-28</sponsorshipDate>
        <lastName>Cohen</lastName>
        <bioguideId>C001068</bioguideId>
        <middleName />
        <identifiers>
          <lisID>1878</lisID>
          <gpoId>8156</gpoId>
          <bioguideId>C001068</bioguideId>
        </identifiers>
        <fullName>Rep. Cohen, Steve [D-TN-9]</fullName>
        <state>TN</state>
        <district>9</district>
        <sponsorshipWithdrawnDate />
      </item>
      <item>
        <isOriginalCosponsor>False</isOriginalCosponsor>
        <firstName>Elizabeth</firstName>
        <party>D</party>
        <sponsorshipDate>2017-07-28</sponsorshipDate>
        <lastName>Esty</lastName>
        <bioguideId>E000293</bioguideId>
        <middleName>H.</middleName>
        <identifiers>
          <lisID>2114</lisID>
          <gpoId />
          <bioguideId>E000293</bioguideId>
        </identifiers>
        <fullName>Rep. Esty, Elizabeth H. [D-CT-5]</fullName>
        <state>CT</state>
        <district>5</district>
        <sponsorshipWithdrawnDate />
      </item>
      <item>
        <isOriginalCosponsor>False</isOriginalCosponsor>
        <firstName>Elise</firstName>
        <party>R</party>
        <sponsorshipDate>2017-09-07</sponsorshipDate>
        <lastName>Stefanik</lastName>
        <bioguideId>S001196</bioguideId>
        <middleName>M.</middleName>
        <identifiers>
          <lisID>2263</lisID>
          <bioguideId>S001196</bioguideId>
          <gpoId />
        </identifiers>
        <fullName>Rep. Stefanik, Elise M. [R-NY-21]</fullName>
        <state>NY</state>
        <district>21</district>
        <sponsorshipWithdrawnDate />
      </item>
    </cosponsors>
  </bill>
  <dublinCore xmlns:dc="http://purl.org/dc/elements/1.1/">
    <dc:format>text/xml</dc:format>
    <dc:language>EN</dc:language>
    <dc:rights>Pursuant to Title 17 Section 105 of the United States Code, this file is not subject to copyright protection and is in the public domain.</dc:rights>
    <dc:contributor>Congressional Research Service, Library of Congress</dc:contributor>
    <dc:description>This file contains bill summaries and statuses for federal legislation. A bill summary describes the most significant provisions of a piece of legislation and details the effects the legislative text may have on current law and federal programs. Bill summaries are authored by the Congressional Research Service (CRS) of the Library of Congress. As stated in Public Law 91-510 (2 USC 166 (d)(6)), one of the duties of CRS is "to prepare summaries and digests of bills and resolutions of a public general nature introduced in the Senate or House of Representatives". For more information, refer to the User Guide that accompanies this file.</dc:description>
  </dublinCore>
</billStatus>

