<?xml version="1.0" encoding="UTF-8"?>
<billStatus>
  <bill>
    <constitutionalAuthorityStatementText />
    <laws />
    <recordedVotes>
      <recordedVote>
        <fullActionName>Passage of a Measure</fullActionName>
        <rollNumber>63</rollNumber>
        <date>2017-01-24T19:12:00Z</date>
        <chamber>House</chamber>
        <url>http://clerk.house.gov/evs/2017/roll063.xml</url>
        <congress>115</congress>
        <sessionNumber>1</sessionNumber>
      </recordedVote>
      <recordedVote>
        <fullActionName>Motion for Previous Question</fullActionName>
        <rollNumber>62</rollNumber>
        <date>2017-01-24T19:05:29Z</date>
        <chamber>House</chamber>
        <url>http://clerk.house.gov/evs/2017/roll062.xml</url>
        <congress>115</congress>
        <sessionNumber>1</sessionNumber>
      </recordedVote>
    </recordedVotes>
    <billType>HRES</billType>
    <cboCostEstimates />
    <updateDate>2018-02-22T15:26:47Z</updateDate>
    <committees>
      <billCommittees>
        <item>
          <systemCode>hsru00</systemCode>
          <chamber>House</chamber>
          <type>Standing</type>
          <name>Rules Committee</name>
          <subcommittees />
          <activities>
            <item>
              <date>2017-01-24T00:16:35Z</date>
              <name>Reported original measure</name>
            </item>
          </activities>
        </item>
      </billCommittees>
    </committees>
    <summaries>
      <billSummaries>
        <item>
          <actionDesc>Introduced in House</actionDesc>
          <updateDate>2017-01-23T05:00:00Z</updateDate>
          <name>Introduced in House</name>
          <lastSummaryUpdateDate>2017-01-24T09:02:41Z</lastSummaryUpdateDate>
          <actionDate>2017-01-23</actionDate>
          <text><![CDATA[Sets forth the rule for consideration of the bill (H.R. 7) to prohibit taxpayer funded abortions.]]></text>
          <versionCode>00</versionCode>
        </item>
      </billSummaries>
    </summaries>
    <calendarNumbers>
      <item>
        <calendar>H00005</calendar>
        <number />
      </item>
    </calendarNumbers>
    <notes />
    <originChamber>House</originChamber>
    <titles>
      <item>
        <chamberName />
        <parentTitleType />
        <title>Providing for consideration of the bill (H.R. 7) to prohibit taxpayer funded abortions.</title>
        <chamberCode />
        <titleType>Official Title as Introduced</titleType>
      </item>
      <item>
        <chamberName />
        <parentTitleType />
        <title>Providing for consideration of the bill (H.R. 7) to prohibit taxpayer funded abortions.</title>
        <chamberCode />
        <titleType>Display Title</titleType>
      </item>
    </titles>
    <createDate>2017-01-24T05:12:16Z</createDate>
    <version>1.0.0</version>
    <committeeReports>
      <committeeReport>
        <citation>H. Rept. 115-5</citation>
      </committeeReport>
    </committeeReports>
    <actions>
      <actionByCounts>
        <houseOfRepresentatives>11</houseOfRepresentatives>
      </actionByCounts>
      <item>
        <actionDate>2017-01-24</actionDate>
        <text>Motion to reconsider laid on the table Agreed to without objection.</text>
        <links />
        <actionCode>H38310</actionCode>
        <committee />
        <type>Floor</type>
        <actionTime>14:12:02</actionTime>
        <sourceSystem>
          <name>House floor actions</name>
          <code>2</code>
        </sourceSystem>
      </item>
      <item>
        <actionDate>2017-01-24</actionDate>
        <text>On agreeing to the resolution Agreed to by recorded vote: 236 - 183 (Roll no. 63). (text of measure as passed: CR H620)</text>
        <links>
          <link>
            <url>https://www.congress.gov/congressional-record/volume-163/house-section/page/H620</url>
            <name>H620</name>
          </link>
          <link>
            <url>http://clerk.house.gov/evs/2017/roll063.xml</url>
            <name>Roll no. 63</name>
          </link>
        </links>
        <actionCode>H37100</actionCode>
        <committee />
        <type>Floor</type>
        <actionTime>14:12:00</actionTime>
        <sourceSystem>
          <name>House floor actions</name>
          <code>2</code>
        </sourceSystem>
      </item>
      <item>
        <actionDate>2017-01-24</actionDate>
        <text>Passed/agreed to in House: On agreeing to the resolution Agreed to by recorded vote: 236 - 183 (Roll no. 63).(text of measure as passed: CR H620)</text>
        <links>
          <link>
            <url>https://www.congress.gov/congressional-record/volume-163/house-section/page/H620</url>
            <name>H620</name>
          </link>
          <link>
            <url>http://clerk.house.gov/evs/2017/roll063.xml</url>
            <name>Roll no. 63</name>
          </link>
        </links>
        <actionCode>8000</actionCode>
        <committee />
        <type>Floor</type>
        <actionTime>14:12:00</actionTime>
        <sourceSystem>
          <name>Library of Congress</name>
          <code>9</code>
        </sourceSystem>
      </item>
      <item>
        <actionDate>2017-01-24</actionDate>
        <text>On ordering the previous question Agreed to by the Yeas and Nays: 233 - 187 (Roll no. 62). (consideration: CR H632-633)</text>
        <links>
          <link>
            <url>https://www.congress.gov/congressional-record/volume-163/house-section/page/H632-633</url>
            <name>H632-633</name>
          </link>
          <link>
            <url>http://clerk.house.gov/evs/2017/roll062.xml</url>
            <name>Roll no. 62</name>
          </link>
        </links>
        <actionCode>H35000</actionCode>
        <committee />
        <type>Floor</type>
        <actionTime>14:05:29</actionTime>
        <sourceSystem>
          <name>House floor actions</name>
          <code>2</code>
        </sourceSystem>
      </item>
      <item>
        <actionDate>2017-01-24</actionDate>
        <text>DEBATE - The House proceeded with one hour of debate on H. Res. 55.</text>
        <links>
          <link>
            <url>https://www.congress.gov/bill/115th-congress/house-resolution/55</url>
            <name>H. Res. 55</name>
          </link>
        </links>
        <actionCode>H8D000</actionCode>
        <committee />
        <type>Floor</type>
        <actionTime>12:37:06</actionTime>
        <sourceSystem>
          <name>House floor actions</name>
          <code>2</code>
        </sourceSystem>
      </item>
      <item>
        <actionDate>2017-01-24</actionDate>
        <text>Considered as privileged matter. (consideration: CR H620-633)</text>
        <links>
          <link>
            <url>https://www.congress.gov/congressional-record/volume-163/house-section/page/H620-633</url>
            <name>H620-633</name>
          </link>
        </links>
        <actionCode>H30000</actionCode>
        <committee />
        <type>Floor</type>
        <actionTime>12:36:18</actionTime>
        <sourceSystem>
          <name>House floor actions</name>
          <code>2</code>
        </sourceSystem>
      </item>
      <item>
        <actionDate>2017-01-23</actionDate>
        <text>Placed on the House Calendar, Calendar No. 5.</text>
        <links />
        <actionCode>H12420</actionCode>
        <type>Calendars</type>
        <committee />
        <sourceSystem>
          <name>House floor actions</name>
          <code>2</code>
        </sourceSystem>
      </item>
      <item>
        <actionDate>2017-01-23</actionDate>
        <text>Rule provides for consideration of H.R. 7 with 1 hour of general debate. Previous question shall be considered as ordered without intervening motions except motion to recommit. Measure will be considered read. Bill is closed to amendments.</text>
        <links>
          <link>
            <url>https://www.congress.gov/bill/115th-congress/house-bill/7</url>
            <name>H.R. 7</name>
          </link>
        </links>
        <actionCode>H12700</actionCode>
        <committee />
        <type>Floor</type>
        <actionTime>19:16:36</actionTime>
        <sourceSystem>
          <name>House floor actions</name>
          <code>2</code>
        </sourceSystem>
      </item>
      <item>
        <actionDate>2017-01-23</actionDate>
        <text>The House Committee on Rules reported an original measure, H. Rept. 115-5, by Ms. Cheney.</text>
        <links>
          <link>
            <url>https://www.congress.gov/congressional-report/115th-congress/house-report/5</url>
            <name>H. Rept. 115-5</name>
          </link>
        </links>
        <actionCode>H12100</actionCode>
        <type>Committee</type>
        <committee>
          <name>Rules Committee</name>
          <systemCode>hsru00</systemCode>
        </committee>
        <sourceSystem>
          <name>House floor actions</name>
          <code>2</code>
        </sourceSystem>
      </item>
      <item>
        <actionDate>2017-01-23</actionDate>
        <text>The House Committee on Rules reported an original measure, H. Rept. 115-5, by Ms. Cheney.</text>
        <links>
          <link>
            <url>https://www.congress.gov/congressional-report/115th-congress/house-report/5</url>
            <name>H. Rept. 115-5</name>
          </link>
        </links>
        <actionCode>5000</actionCode>
        <type>Committee</type>
        <committee>
          <name>Rules Committee</name>
          <systemCode>hsru00</systemCode>
        </committee>
        <sourceSystem>
          <name>Library of Congress</name>
          <code>9</code>
        </sourceSystem>
      </item>
      <item>
        <actionDate>2017-01-23</actionDate>
        <text>Introduced in House</text>
        <links />
        <actionCode>1000</actionCode>
        <type>IntroReferral</type>
        <committee />
        <sourceSystem>
          <name>Library of Congress</name>
          <code>9</code>
        </sourceSystem>
      </item>
      <actionTypeCounts>
        <considerationByHouse>1</considerationByHouse>
        <motionForPreviousQuestion>1</motionForPreviousQuestion>
        <houseCalendarAssignment>1</houseCalendarAssignment>
        <passageOfAMeasure>1</passageOfAMeasure>
        <generalDebate>1</generalDebate>
        <motionToReconsiderResults>1</motionToReconsiderResults>
        <passedAgreedToInHouse>1</passedAgreedToInHouse>
        <introducedInHouse>1</introducedInHouse>
        <committeeReportOfAnOriginalMeasure>1</committeeReportOfAnOriginalMeasure>
        <provisionsOfARule>1</provisionsOfARule>
        <reportedToHouse>1</reportedToHouse>
      </actionTypeCounts>
    </actions>
    <policyArea>
      <name>Congress</name>
    </policyArea>
    <latestAction>
      <actionDate>2017-01-24</actionDate>
      <links />
      <text>Motion to reconsider laid on the table Agreed to without objection.</text>
      <actionTime>14:12:02</actionTime>
    </latestAction>
    <billNumber>55</billNumber>
    <amendments />
    <cosponsors />
    <subjects>
      <billSubjects>
        <legislativeSubjects>
          <item>
            <name>House of Representatives</name>
          </item>
          <item>
            <name>Legislative rules and procedure</name>
          </item>
        </legislativeSubjects>
        <policyArea>
          <name>Congress</name>
        </policyArea>
      </billSubjects>
    </subjects>
    <congress>115</congress>
    <title>Providing for consideration of the bill (H.R. 7) to prohibit taxpayer funded abortions.</title>
    <introducedDate>2017-01-23</introducedDate>
    <sponsors>
      <item>
        <byRequestType />
        <lastName>Cheney</lastName>
        <middleName />
        <firstName>Liz</firstName>
        <fullName>Rep. Cheney, Liz [R-WY-At Large]</fullName>
        <bioguideId>C001109</bioguideId>
        <party>R</party>
        <identifiers>
          <gpoId />
          <bioguideId>C001109</bioguideId>
          <lisID>2356</lisID>
        </identifiers>
        <state>WY</state>
        <district>0</district>
      </item>
    </sponsors>
    <relatedBills>
      <item>
        <relationshipDetails>
          <item>
            <identifiedBy>House</identifiedBy>
            <type>Procedurally-related</type>
          </item>
        </relationshipDetails>
        <type>HR</type>
        <latestAction>
          <actionDate>2017-01-30</actionDate>
          <text>Received in the Senate and Read twice and referred to the Committee on Finance.</text>
        </latestAction>
        <congress>115</congress>
        <latestTitle>No Taxpayer Funding for Abortion and Abortion Insurance Full Disclosure Act of 2017</latestTitle>
        <number>7</number>
      </item>
    </relatedBills>
  </bill>
  <dublinCore xmlns:dc="http://purl.org/dc/elements/1.1/">
    <dc:format>text/xml</dc:format>
    <dc:language>EN</dc:language>
    <dc:rights>Pursuant to Title 17 Section 105 of the United States Code, this file is not subject to copyright protection and is in the public domain.</dc:rights>
    <dc:contributor>Congressional Research Service, Library of Congress</dc:contributor>
    <dc:description>This file contains bill summaries and statuses for federal legislation. A bill summary describes the most significant provisions of a piece of legislation and details the effects the legislative text may have on current law and federal programs. Bill summaries are authored by the Congressional Research Service (CRS) of the Library of Congress. As stated in Public Law 91-510 (2 USC 166 (d)(6)), one of the duties of CRS is "to prepare summaries and digests of bills and resolutions of a public general nature introduced in the Senate or House of Representatives". For more information, refer to the User Guide that accompanies this file.</dc:description>
  </dublinCore>
</billStatus>

